Wavelength	500	495	490	485	480	475	470	465	460	455	450	445	440	435	430	425	420	415	410	405	400	395	390	385	380	375	370	365	360	355	350	345	340	335	330	325	320	315	310	305	300	295	290	285	280	275	270	265	260	255	250	245	240
248.336	10.6909654829073	7.53137446125567	16.3271970957867	3.84484614177843	5.52379664900119	13.2267741944911	3.57782119027949	6.47392215891428	8.06821145859529	5.89987853399427	10.8280741781285	14.4056644323108	8.97951826972486	6.76901221458922	7.74218412661088	11.1371519224118	1.21949107489894	12.8141161005619	18.7340570321028	18.8217185151006	3.90610124577144	-2.29351007127639	-4.57557230296115	19.1050041068163	10.1134461734324	25.7765740524794	14.1365576810749	12.4918649992322	13.2871153687933	22.3067763972865	24.4634752124879	18.1600360938205	19.9693562085697	30.1946713676937	33.9241049979501	52.8196620680527	63.9011453106627	77.8648396661242	87.9712872717083	110.014075448107	109.974336061704	177.361082405523	529.572137951431	885.052766892345	1127.97695088665	1105.66916123579	1051.85566352687	1011.23131464665	1251.83729003296	2623.0226152655	53878.6461247967	178450.842740886	62230.3405265295
252.814	-13.4785429938205	-24.655650500807	8.69117997942323	-0.511665437970527	5.29270021156708	-14.6231676589948	-11.9372648467707	-5.08010516066545	-17.81676827405	-12.3660428033659	-21.2217243129105	-15.3884591517015	-25.9093103634128	3.33828985480514	0.92728475921344	-2.75979626540308	-6.32922230572723	-8.18534537095393	-14.5846100170323	-5.33909702463429	-17.5438291729864	-8.24084095424932	-14.2484753898355	-17.0285741313189	0	1.96017236961582	-27.5740213226228	-5.79157200979358	-6.26916563817088	-4.77087912193598	8.03387388278207	-3.30983650732477	5.26182464709182	18.0821445930771	39.6152718594899	36.4562631084053	52.1569668292093	67.9888609324511	93.30390488559	82.8621085300532	154.275961224161	485.658274501185	1013.43552150189	1320.51368260463	1333.31529314467	1186.88114494218	1109.99660858336	1297.81467396313	2551.49304633194	49457.323111945	194637.026690595	83057.3733281532	2970.34071535441
257.296	17.3364598057265	19.6345370053021	-0.53744357736805	14.6810864668525	21.3828823207611	7.23411785990834	13.0221530239768	-1.05816455324006	6.27437297047906	19.9256121777656	14.7755828566868	4.15238699358695	6.77145717045417	-2.83107496542707	-0.458730105150684	16.3833379351132	7.70727928788189	-4.55547483508147	8.88005328904248	-1.17389544051301	2.89299215489326	5.43568635907051	-7.04875665093478	2.63252453069681	17.4775161714374	18.4243419268652	0	15.2805613630859	28.628049471212	3.30423227959945	31.327447263724	32.2798649475101	39.7554879490125	44.9681766827593	67.8384510035781	75.8531099009805	73.4801293182618	110.129880133173	116.807181783538	147.168336486401	416.88385888186	921.959408229877	1331.16831107164	1471.70399870759	1293.55091908034	1280.80650355139	1291.94354538994	2361.94353025029	37679.5184262031	172611.756994116	88550.5861231548	4213.09949728377	4843.69324957709
261.781	-13.5322754004873	-27.772713853184	-20.7238402986405	-1.54111559892695	-30.1115312793985	-4.48600262258222	-4.30225489644224	-11.0060336846897	-7.88275715326656	2.12834403633026	-4.73473889420941	-7.95899069500086	-19.1413458482706	-5.26679685024939	-8.37883253990688	-9.23599411048925	-5.86564970033255	-37.4945171822372	-34.9173311578937	2.97798967343041	0.587125596727577	-17.6505454633615	-11.0040593408763	-24.0418951713013	11.6544898315566	-5.90395987538744	16.0275474280817	-1.93822006513642	-13.0724814967541	-6.22686779076145	19.4530554427997	-11.3932498918336	30.2560420174919	45.1402458870237	59.6597980709305	70.5118991951399	56.3491765421903	86.3819967254157	94.3131130160586	350.499294390719	845.324854500997	1278.84504039077	1438.4999817843	1308.61248792154	1291.32914014758	1336.6538233551	2022.02574187853	28787.9653811764	157439.378769468	96778.2890931518	5116.68832254494	2594.06094531968	19964.0518667835
266.271	-2.75269891446847	-33.1598178260329	20.5232555345964	0	0.450382821226401	-1.65914643244699	-3.75065602137394	-10.3750086100261	10.484352269577	6.49412993569152	-0.802606498701651	-9.52350818712869	-7.98703769471632	7.30471084701828	-5.20788731835903	-16.9088487993371	-3.97724873432995	-4.17919639524548	-10.8833060332164	-5.45197154866469	20.3033555436492	-7.29305339786119	-5.59604007935098	-9.78107476846396	3.09224979847112	1.00080631053489	-0.987963760962981	-5.91401236459085	25.6068114405657	15.1023967266739	27.5065873173435	14.9677307911705	70.3383126026566	69.3663402072515	60.6791749824072	96.3522082931909	109.99270142425	121.035095029695	333.143521227232	819.090360323598	1217.20034037684	1474.87478172471	1419.36496328954	1339.18796728952	1419.23465939634	2010.31345720563	21836.5507539772	132624.218962437	102640.688549293	6761.23608709883	2026.80293621655	14392.2168183842	30331.3706329617
270.764	11.7058806477946	17.8185690414338	6.10511239603425	-1.56837371322367	4.05583965018237	20.7515805598857	-0.312739285927769	-4.91738061002185	-7.71363609502536	14.0789259873862	0.401540288186159	10.0055901356354	7.99175541907062	4.38541532375796	-15.1591664719223	-3.28977374310083	10.4464447137673	14.6358272622218	1.7194317637788	-5.4551918788969	-0.597510240574719	7.29736120470365	12.87849466591	4.89342609068425	10.3135876857072	0.500698729702273	28.1735987365775	4.93125467472917	10.3473205833425	19.0110120854321	34.2828291938285	57.9738263988177	66.4698673215456	75.3993112490145	62.2718118038047	100.791353671293	130.910703518512	229.303335050181	770.444117459941	1265.10052516715	1527.23214721361	1401.51487965789	1363.96650442802	1376.97227390411	1971.25382411679	16314.8640879359	109471.636315657	106751.065995568	8138.05730020775	1835.84758857294	8135.85927760066	26320.1162053227	9751.11336138522
275.26	-0.674030033955022	-1.80434740430732	21.187985343974	16.8875371747095	4.85238253057355	-5.28139447586082	4.28582618681809	-1.60448864485456	-0.906075673687427	-4.947172260066	-3.14443912614748	6.52943387175572	-3.42250680068152	2.38485677910187	-0.463713161003502	-11.5009066096846	-0.973875161339843	2.04664874417328	3.92722522733733	14.8330891981974	15.7918567321876	-8.24209903215387	-13.154446722372	1.59667254166502	22.2104073765699	17.6442445523974	-2.90297167124852	-0.482704681087544	33.2798820903516	17.177786864502	45.8473373728379	64.788118075278	64.1083766884992	71.3620578894161	87.3700895430803	78.8218943074346	219.43290915748	646.293665097632	1138.2274910116	1507.36958419981	1449.83316529037	1353.73229693327	1400.67685253717	1859.86484962893	11737.7930588474	89086.3370893449	107083.349415514	10421.247466498	1652.14665155807	4817.86397457506	21568.0075642085	13087.1378842382	1320.35296834959
279.76	26.2129004113409	35.6701205493962	17.430700240907	20.8966902941593	17.5841767178779	18.9593013487837	3.86924035181523	-1.29996374233978	11.1584186128603	14.0860326711876	16.8144133165586	18.5911898771608	14.7361424540395	5.56479771790821	23.8946750780126	6.70902121002323	14.6761055010436	18.9035232686718	17.4547480660981	18.4593929816881	16.4908585538775	19.232020256653	43.6969409302448	10.866501250331	30.4278575865593	30.4969480083172	12.700802103355	40.8297387117017	20.1640135854599	59.8453287451743	81.3376252259182	81.3811648462618	87.4467490414741	95.5182604612302	107.169179409665	190.803552405605	596.477263926128	1084.70385862829	1478.80677792898	1449.02175691898	1360.05952702523	1384.50183929596	1766.17916067011	9582.03489607237	72116.5051698145	86718.4387914775	13174.0747868957	1817.74251950616	3028.42268552853	16660.6942904161	16876.5582555784	2102.67968966273	641.853462079472
284.264	-3.11843669942861	26.1567897957941	-6.03245349774047	-1.42056566232244	19.1843850768438	5.26284973373846	5.38205088171642	12.12464851079	0.838401700501945	23.5423153802974	24.3677644058949	5.6102023314702	19.0012971653452	-0.88269359265123	-3.43263075277826	18.7297691489199	13.9676282382975	-5.20791259770841	-6.22955027041395	11.529184104191	24.3539620417265	10.1686721391839	18.2579294778698	26.5935332258941	13.5453279899417	15.8729004321642	29.5476647480957	28.1390699967412	61.5884755486338	73.2926588628412	69.1014485197047	89.2673505568744	87.2095183181281	101.309508375412	145.708104188341	483.254792813637	955.407005719355	1397.6132813139	1435.02652282489	1294.21512832834	1297.09760877275	1485.75442105605	6558.73450384753	58622.2379215167	68654.7591525065	15832.4516011141	1786.65659400358	2203.54447009989	11575.1639733783	18376.1641940655	3295.57083615194	1036.50577095215	1552.62410217955
288.772	-1.76888267691131	4.20908229383088	5.22776753578675	-3.58130154974071	2.31532585349868	-11.3724427272019	-11.7830499954128	0.935715695545704	9.51139553086078	-6.18240594751476	2.75069043348473	0.407986711201646	-8.12640394279612	9.59662799499068	-5.67905380436633	8.04860454116537	0.425962943189168	10.742196421271	-10.3063666647081	-9.34248975481917	6.13972900483673	-2.40333936091131	1.91787307186879	-29.7970384555659	5.29887432531332	10.7186256146877	10.1578387552553	27.024645761206	35.8632909375824	42.5758577665527	62.0200581300338	75.7049737281116	72.4026747240143	122.286655757923	365.706512735344	811.004104083748	1283.67059611088	1390.77525957084	1235.04303129562	1189.66598448484	1298.84518570986	4265.66871083801	48172.8152168701	55455.174138559	18446.088421182	1755.89233769469	1869.31548427078	7594.50318032275	17660.7552170697	5494.04776297488	658.872485580574	717.947877658101	216.565784856208
293.283	-10.1733404664263	-5.0432527014169	-9.56656831008155	-14.1604854929799	0.739782692135807	-13.6262725463296	0.770086656838928	-3.58770896258171	-4.55855864596081	-6.51873765375114	-5.93249710597928	4.30181770514337	-14.3491491385893	2.79963983282498	-3.11065061594779	-3.47173368303353	-13.4740780552566	-12.0130470689032	6.58608952673781	-0.497511844940206	5.39478252040723	-11.9793083179072	-9.65144776864648	1.33883692627168	11.8515104706418	-0.410972150701672	7.30257250870331	39.2613356602704	39.6342449635692	50.8136340358131	57.8638152645043	59.0844084345978	103.099113362777	315.585514123996	707.056708713945	1188.78361173009	1363.58359665183	1210.50807541921	1150.31126637193	1188.76694354087	2875.71473803248	41675.8655747375	46107.0233307467	19555.2512859544	1564.65910699851	1567.88882425132	4708.7195937648	15971.3584650192	8391.53256768875	918.29016271555	337.811206091792	502.190226106525	138.392286427704
297.797	8.20733601242125	28.8059778536821	3.08712918301461	27.8329274292798	9.31037984513399	15.1703217738573	8.20072341363884	6.07820208539198	6.3745314808719	12.9084238527738	9.25300738574535	4.54318523819538	18.2572691414091	24.0057729651364	17.3156564311809	25.0206493912747	31.6224115864859	31.566659133478	26.4148086383374	14.9308660706093	14.2436860357218	22.7482740638804	12.45807905162	6.48063508108007	24.5859392729068	33.81825541533	50.2728172460128	43.4946855708165	62.2531768508469	77.856069134589	72.9000274302423	82.5362939269397	267.1961070462	624.129828063194	1118.7056565574	1375.0258583763	1233.09124942411	1161.14513197537	1139.38167440453	2292.8658023322	37035.4055208522	40346.3739576023	23383.8256206275	1373.4162236804	1347.39654407768	2858.65890601738	13031.4167023436	11089.6547749207	1761.87302220527	829.33185043238	720.424428019277	828.289592587427	1540.74088052319
302.315	30.6171112714456	4.79301747870621	-17.7508445940586	24.8766743744733	-0.351538142522094	1.61877081991706	6.3429308191035	8.09802479918721	1.92549906105539	14.3618134558848	13.7821188054018	5.57505119080837	3.8963358823958	-2.66072779756649	1.10861508844757	0.733216403044266	10.0892004339206	19.979725183272	5.36511608455326	0.472826389998628	14.4491145225462	5.69246055570532	30.1384243616584	12.7240675188745	18.1019962208286	30.0747067420657	56.2930152303571	51.9308447493574	60.7295248818482	72.6286856108659	86.6323965635459	202.75295000508	581.038696707956	1011.96097466986	1336.661721311	1227.65197679766	1140.93863476847	1090.02174461919	1827.28643850122	30040.7490688159	36478.8480450499	29820.7094335113	1311.18767280762	1090.16815605049	1759.26970639231	9140.36956378505	13016.8201652855	2953.55302014578	1065.03228090262	945.941922525357	977.107932564272	441.919111179339	1578.30674853095
306.837	-22.4974065985851	-14.3391721136046	-12.0889061666514	-7.32029868663542	-7.36182617059281	0.322856231346176	-6.32533869139732	-0.425029732411315	-10.0808331049301	-12.0753956993217	11.8697267047351	-12.601734564261	-4.66263526709841	-7.20194529128788	-4.42216137165147	-8.40860250246014	-23.9921352834101	-18.2978369879481	-5.35023592741302	6.60121007460815	0.929615476305497	-8.73334232031656	15.6807836862003	3.80663318981922	20.0575447871095	27.2648131816973	41.910415242822	51.7868144771102	49.4454480888481	65.2224448887239	140.105483977829	481.424120923176	928.452221715461	1266.29831263792	1199.73977549173	1110.04651909033	1069.73308727154	1536.527231932	22824.1438065505	33846.4500374041	36264.3063774364	1439.85680982011	922.160302745649	1108.72759036945	5747.17314695783	12993.1513211852	4492.44071160946	1226.68723819	957.543135541221	595.780011315279	654.238604982696	828.503682036794	-306.041810764799
311.362	-20.3290747746344	-28.6421043681085	-4.31201065089217	-6.49870957455878	-14.0048062446689	-15.7999641904553	0.728924489264353	-3.39594109306325	-6.95177939428418	-3.64608775726955	-14.0384928911406	-15.9173481639024	-19.7911588198243	-6.81427367548709	-1.84023884793774	-10.2236239721581	-5.41073292266542	-4.87325723379529	0.890579169034775	13.1857366948925	0	-6.10561440253999	-0.435026900200729	-3.37939811153821	14.4231830944774	24.1183184623264	44.1615345226459	51.72137322133	69.2892772291799	121.190745076567	417.159309322648	866.669471658192	1268.64825210801	1182.4539609135	1129.28149287593	1068.21340287847	1364.50383584141	17427.313547899	31610.7077114774	33825.7849538475	1982.58010286139	892.661347489376	844.707763356855	3430.55666431288	11201.193913946	6076.87039948945	1309.54038814572	1051.5214273936	860.28219571974	670.863937034149	690.48487931519	378.517440226619	807.802700913217
315.89	-4.27548503555695	-24.7980997845509	-11.6306764959985	-5.68063086262493	-1.748833664939	-17.0725062066047	1.45637737645585	-1.90828862732875	-0.239474552862388	-5.88388867169328	-10.2845027717984	-8.50533616389453	-2.71369150357886	-2.64732032333068	-4.77979124634907	-12.766629875364	-14.6714502529594	0	-1.77936037659275	-14.1133141781201	24.5788441542642	-3.92107576424819	9.12634315597683	32.9158716195194	28.4170081398862	34.5865090775657	52.1730962358099	61.6202621536389	105.549924109089	347.315004168211	780.634623221002	1227.26107036712	1237.39994836429	1134.36648621177	1075.78225678356	1242.72347919227	12444.3734826264	29953.6153509204	31598.9325556968	2525.56664624564	807.928422849229	728.312632101924	1849.13729604365	8879.17958019451	7587.2664863469	1585.91665416095	1024.70364992734	927.742698000236	926.164384005691	696.411442972469	597.19890327014	378.135351918535	1919.3210925318
320.422	11.7764041554727	24.3601440988421	16.8267575142398	22.352486439708	5.60522564653391	8.06595947398649	5.59171627197801	3.39794349461322	5.0370154510788	-1.68380199539384	19.3533284180273	15.1859554431005	23.2974453982714	19.6972870802617	-5.89223659706689	9.49896283748959	9.28101143528528	16.2537690941067	7.12883436062216	14.6071021350417	26.0116696965922	20.0731335243724	43.5283411876099	61.7103813443179	59.7311517046776	54.1035971174567	71.0843584552921	111.554031964155	345.501548483229	746.520447437959	1207.17212051755	1259.64633831553	1123.11747300011	1067.86381977285	1162.62346181387	9156.28206968576	28272.9614460532	30005.8630520325	3679.28485329101	757.96568107408	708.068961227623	1063.16934948664	6249.52693663071	8250.33298491682	1992.70543576049	1021.47120591255	957.380069543004	904.644987043968	739.610358931298	887.229959680186	797.539782227868	783.905027678824	830.124397049964
324.958	4.9711878940387	5.91450728112756	9.79458767049878	-6.29045496535555	10.4833180890333	13.6498390829252	9.78384459266634	3.50625744237683	6.68259898403646	6.08116394672042	-1.6105033375108	15.6700278790348	6.41068861763441	-7.03563375639041	9.88009658985712	13.5716605678373	9.1778202977142	30.6086800947101	23.44749031976	32.0903131759715	35.4682344993132	45.478524227364	57.9414654558183	71.5281298525884	60.394184848241	65.0659840806066	91.9851990660739	309.333306476215	681.014542342687	1183.23784844105	1329.31554635772	1173.46215798622	1083.25146965246	1133.94711204611	6235.27446338097	27560.5481896762	29143.997047782	5194.169552401	753.278831695052	655.761863593735	738.393323183057	3952.00233894555	8641.99750922522	2798.48300825516	868.827701351318	856.691168870433	862.317594605557	796.503444399471	834.330914992681	789.026435546432	722.484448999605	645.296693495492	1149.62819146758
329.496	7.3055693500772	18.5537668718546	14.4946089163379	17.4931371755547	2.57449381162847	6.09690217084985	16.3349556341225	9.14114759238056	10.3242506447195	9.13318296045474	11.7974235632843	10.8877211728424	13.4521495405651	-1.9883542859928	21.6505491302457	27.2321470654263	23.1408664617318	26.875424847071	39.7592479830746	31.6594262829119	45.3506845108789	49.9349402081409	57.121923660265	67.0043527175782	70.7040996678814	101.749288666661	268.656432490938	624.201452810678	1159.33459997978	1359.38087245938	1211.37251156058	1136.31892875334	1096.1201891492	4647.32650045108	26557.1719007656	28033.4806952543	7486.78186018131	715.947303372717	612.369577655474	598.644366193561	2169.98970287347	7863.10613813679	4027.93530092876	860.445372073908	752.337944348951	761.764429448455	779.370859211301	791.439331704129	765.501144949496	689.391346124487	910.303493547739	859.957693509382	1467.7775798511
334.038	40.721199638814	31.7942271468042	23.2489879099749	15.4583699866013	20.3579411027407	10.2266955699649	15.9260115604807	15.9313494897074	15.712443322658	14.5289388465716	20.448135425904	19.1757514067655	22.1538320159925	14.4079972878874	14.7856982053741	20.072627747658	22.4721591467344	23.6131991667444	27.7746502755448	35.8453573919194	40.7339327680594	73.7692504561709	44.610993745185	76.8124942295086	110.125023608789	202.33661923959	570.802263719432	1105.73988746803	1379.64867485102	1225.16605152473	1148.54961522874	1087.65873524284	3306.64724371029	25679.1654201658	26687.0598246545	10086.8273861402	690.822113279211	577.644258264435	534.799894175851	1229.47983282198	6148.66343939511	5425.69756286801	934.810179051882	601.787030854816	714.660609869301	719.107306309129	774.369889137858	656.260642683949	668.867967785606	687.646955039945	813.261180995027	716.575927848212	2815.90149358386
338.584	-15.7990941564851	-14.6013096027941	-10.0055886695578	-22.7050862060404	-9.60131240144448	-10.2028479996674	-3.07526589469878	-9.40220238567288	-8.84924395077942	-7.98707327191472	-3.61943512825563	-26.1587629449849	-9.41388791540747	-0.798577742505344	3.88189987475529	-5.39156705956144	-30.9800270988098	0	-2.34829514699274	9.43713370175711	22.5227891020026	32.1987874170315	52.3071554890396	44.108745277221	166.492615951298	479.634027400509	973.285437862428	1322.58143778132	1201.19790379551	1102.47486921463	1041.80911034794	2374.12594481167	25002.5503666343	25543.9960712443	13621.5602292805	630.667955437038	519.756372111727	456.403244127018	644.621059128472	4240.54324061117	6258.62043995961	1392.43601268567	475.458584711691	506.91585388276	557.180725920662	596.475212251003	618.621470533403	500.980977835253	528.560981043847	372.247783232718	498.549419848333	92.8447985355112	-92.1093478595189
343.133	-0.563735740230382	-9.05456791263246	-6.36135179261464	5.99206802069933	14.3887568368449	-2.03869766649007	9.72940845109318	6.0387281982958	3.28384680871411	2.06882310548614	-0.328737709947953	17.5532010359658	0	-4.78707096354753	-20.5551955430922	6.15613835521276	-1.62903196389772	9.84254658298254	24.3998655572569	46.1499111372512	35.2207215151127	56.5259671409213	49.5086883974602	138.436723489777	424.715537728107	861.237518770258	1272.64864095429	1205.09744816548	1121.43422195872	1047.18849147376	1783.64243536831	24735.1818105505	25023.6288955703	16684.7610259499	633.444104132423	483.890726055647	452.88766089096	461.520795191853	2478.42595988073	6296.1767643688	2285.17405820913	450.508166797138	414.365709969586	494.672904131876	563.566382961336	549.722875301753	477.069310954406	455.647066476477	387.255807579615	451.820048763421	444.376259781948	278.278879769049	1104.2982070256
347.685	-11.8872177608308	-17.6786307159836	-18.2501619799112	-9.45489552309505	1.1113869048955	-12.6237578090177	2.82800959632576	-2.47035722008535	-7.60932521607899	-6.23203619521185	-16.1745035592139	-16.0587975883777	-9.4439959251772	-10.81527926485	-4.28374669652128	-13.9083702772896	1.22680693859783	-0.859399294659061	7.06741677782752	24.415709832419	24.0683981089388	49.375558640778	113.234333186843	379.028729280056	816.049037572966	1222.05975083579	1173.46573159694	1088.04209300671	1010.61307660886	1489.49464247772	24593.1659550228	24838.2671706798	20959.8185766538	679.350943667223	460.296268110318	426.89350355905	366.183533321552	1420.08262188564	5464.01583775413	3231.22622901187	474.931953624599	342.92108649577	354.432252870201	393.651642048804	459.041960198519	509.160790642861	401.817037392578	407.265731009487	375.594779634347	212.952434060332	446.206819698617	549.536265020567	623.726574746883
352.24	1.14772187394796	-1.02413289210736	-6.9381507268923	2.61415324596067	18.778450954261	-7.95537223116651	5.47335008985483	-2.27673671972158	13.8855916796036	3.00854430548439	3.01177919205701	-4.36784875607101	19.1483574454952	-0.406087585674401	-1.18439916170735	-0.78333851141408	10.7788904018675	21.7811467371919	33.4359158366234	54.5560312723356	43.3227581506664	103.854891974129	374.251136104091	766.241419175429	1206.78072745899	1169.63695109575	1105.60876590438	1018.79182567761	1296.79769038703	20264.5041560583	25224.3261082434	25237.8285627241	865.150989099106	429.458913892819	422.096320231159	364.757077167353	756.462157075034	4267.74078788872	4284.35110019987	734.503011939854	263.357105655069	287.129134755346	343.695478893138	383.662987227041	478.408098910875	452.260012250947	466.792251420192	381.254939571287	461.406369696734	444.291087483922	631.312330012827	972.584423910197	187.355397975246
356.799	0.580256124432896	9.83768675232449	0.935396061340053	-15.8597144371608	-1.89877206680592	-18.1864981427151	-8.43328895619942	-0.460421799157801	8.3201983274136	1.8252431692846	-8.12091436110361	6.02253365519488	5.05089116075427	-4.51674391490888	-1.19759827350827	6.33654517275884	15.9293250572367	38.3215493165383	43.4681105303415	20.4311153341581	67.9741341142537	317.874966084252	711.074461925778	1154.61083104274	1192.85232401084	1049.76340286288	1007.96951559657	1177.24964834722	15687.6581224312	25767.5755321743	25524.1467588011	1159.05154286386	390.032184245158	385.013615575009	324.035823778251	448.217952648044	2745.21644767279	4758.22815810109	1224.70395987489	267.835665489835	258.773161708758	270.61105174478	302.392466041623	355.033077120231	395.510320988547	393.887786566587	364.9893426245	403.268845948062	366.897244190043	272.076340832265	366.924305246924	907.040670091928	1326.10319123254
361.361	11.6859463290318	-3.12827409217053	11.3029274924664	23.5116382395434	21.4143558619896	5.63481783196012	2.91913275897261	-7.4180544861052	3.66543814150049	11.3340562637735	8.85892848158583	4.04298504838008	15.6820432371823	11.5772383088854	26.9326363948236	7.57705277659498	8.4422446280443	28.3868981190062	41.3391304957195	64.2918992966728	275.311215499732	617.314124548472	1127.01753298072	1176.03184139008	1053.25755065618	993.344102487123	1109.35837621091	12650.7827470402	26240.3888347737	25959.856480005	1677.0220472013	384.121867695172	369.523726429297	345.323998920592	331.576660497282	1651.96788341012	4625.2484083177	1996.35937226019	324.12961921355	203.74792169159	242.278325563462	268.387745891472	326.464785529268	320.883168386632	352.311214717239	389.26325803432	358.675133654576	300.533061591316	401.380492669477	465.11392429868	298.620618616687	874.90058357877	1120.73080617202
365.926	10.5494647981098	12.0283322021361	-2.36196650589276	13.7940801655705	-2.30140085098687	13.7768057557464	-2.12948791130487	3.95287419380536	2.36354784961678	0.307261163418026	-2.39237865072001	-5.67746154652385	18.280724722081	23.2251752204636	8.4673476338671	14.4003564604733	36.8358944492793	32.9225689074132	56.5880113143513	211.005405576814	595.531859073202	1053.49829430948	1172.39815229618	1033.38463201696	974.396007662329	1007.88361835949	10442.1396145718	26314.7966200135	26293.6692463848	2275.31132693108	348.100356726745	347.053092053039	328.22046659804	290.277842776378	848.919267833634	3773.26882286956	2834.40416882606	442.141214871661	187.674977194266	203.188704687238	204.413649495395	271.954238754647	281.115522485555	341.979368827199	355.435562317541	353.500537331969	275.379730091181	344.515077345158	402.606045742792	351.498277583048	335.070153955785	376.102267199369	1435.08866022632
370.495	9.88245759208156	15.5616967704992	-0.468556369727231	-5.7376297516767	14.4571514748201	2.10229324240073	1.320119700324	2.3063339228476	11.2007849968317	-0.914296466081127	11.5257424556797	10.4582165337014	21.0840032009181	26.7388327400343	29.5949718511628	39.6760891652014	29.3973459374825	35.302876903325	180.965655574648	467.707769909658	979.615044274043	1136.40343432726	1030.51573541003	968.990735227198	977.80080200719	8258.80976168046	26207.7339685529	26146.8535692807	3310.34617861382	323.462578726543	323.260292165087	314.05254156566	282.642419811516	511.764298786591	2732.85439733492	3551.62858419331	765.317998605536	240.813254804259	210.78820230944	224.387163645145	232.256142950304	271.107688505663	290.889820258157	304.50076025049	365.756472120842	291.987458717637	343.631524555775	331.038163815696	408.411766014281	488.100612558033	533.772002933316	621.745737875134	1186.19367095661
375.067	6.95181904307747	-4.13548886340312	-15.8760309930347	-5.27802676743155	-6.06624983080161	11.5227770408218	8.68277250798326	2.52822689419949	1.03834379371453	3.34087053616217	3.37824520294431	-4.40938622979685	20.1709095215842	-9.42883636598747	11.5580716984715	21.746667880657	30.133095935459	117.417423814248	352.48700447675	858.759690941699	1082.81208531011	970.974096233662	927.095350201478	943.237866119523	6939.89991882571	26426.6134113283	26087.5017478824	4325.09387649503	550.099911709028	277.235837270832	310.365691354844	263.789472152604	312.508286912199	1792.56584270319	3796.5736496784	1289.02091413635	259.750246910023	190.331820035671	190.419829637777	193.837809558822	220.821505072352	255.918267550091	323.682830788852	276.651110557778	280.459698536392	308.026437705093	357.082151345553	321.029446404473	361.781951960559	341.125010577936	391.422424751864	438.488761321093	283.70567230444
379.641	43.5292685593477	13.4452904024731	7.19701748474173	19.066562888568	8.4003561584805	8.40916320828058	10.1385075297502	6.42082618793886	7.25184865910215	10.8252575924857	9.43753816159485	23.9412432893297	21.4550567523119	28.0387188306271	23.8039281060813	53.3246019390503	110.063535428631	295.696553698897	719.526353187772	1008.03700285116	964.158000800899	906.240405726534	917.592835925794	5628.53061214453	26219.3106071908	25457.6310683484	5284.97123804538	306.538051650987	259.170104173183	279.313316274598	255.151131402908	270.557989798423	1053.26059709862	3434.19582078475	2030.10803924249	347.615244167563	205.153887593025	208.261704129657	204.984445028021	200.788197015864	274.187474266711	277.919116865765	281.424270415062	283.992174262132	301.382983183436	364.751776073516	297.461200067303	367.345148918216	481.380776090658	511.173866328602	589.767022792827	459.134781161395	2004.19049999214
384.219	-13.2916149985638	-2.47090570209903	0	-4.20474478874419	-9.06128138194909	5.34087606177211	-9.55822782341054	0.878886212723818	13.8969183456542	6.38761806824236	21.6379080073337	1.14962449755813	15.2657146146997	1.5676155135372	0.762020544997065	71.4399488942926	209.248447914114	524.668716626635	879.99653087989	887.746172013275	857.817524796729	837.48636708323	4542.66413628332	27450.3465025752	26034.96970933	6906.80631682748	310.477293629144	227.260205602838	245.307372095965	235.627754189515	221.362730364274	546.320354301474	2796.0829627722	2692.77802600094	533.399311211561	199.138499691015	174.706605825008	194.314599077619	200.815288475085	200.933435227983	246.384381949181	235.567764498236	265.639966091047	276.870410929183	272.953772303578	243.255717569003	275.609282885954	249.248715221122	319.917449656667	311.011415598274	335.813722477941	856.599442116665	655.441701832317
388.801	23.0205202754077	8.12110744396111	12.5138367547998	21.5424790006617	6.65707388083243	5.80824851626338	11.4280414484018	7.00917281506316	8.87589938383212	14.8755248278431	20.6046181557225	18.8923115458195	37.6691173884369	30.3074722415992	46.407417121168	176.849917012034	441.679078513876	744.113351019084	787.83897165987	775.219935481695	779.058237943433	3364.43425085038	27348.0715322427	26555.8351815798	8227.13520880812	319.992512082716	220.582406414855	230.805116589985	224.490379807778	222.848371977142	312.719394352272	1887.08672307974	3051.35654815153	888.643836070143	229.165955535378	198.464521036504	202.66126077757	201.699814655831	223.871692056963	232.545075040799	241.063901715108	255.319398397655	297.040473670101	291.611582960667	319.06160029203	299.280606345194	324.57795849042	286.836100699284	342.68905139175	370.700348167992	593.595412910663	1215.65177263715	1573.0724883576
393.385	-23.5645712665966	-7.31377085423191	11.1483676736954	-11.2790582204207	10.7283957646778	4.01394178184339	4.42061386726427	7.31661765411902	2.52498244723292	8.0569879497669	6.27328418134859	11.6972532961925	23.7820186899519	41.6881479316409	122.997790914358	329.006254417303	605.451075950394	670.413955082857	680.949879471979	699.851308508186	2768.47430713191	26229.5542797064	26164.0931043414	9996.77935549211	280.826049909796	180.661149298589	191.212972720086	197.372321107934	193.548171627285	211.787351124889	1087.36980182541	2914.14394602216	1350.80065380595	251.492848956796	168.322931240175	178.087498032851	173.667400748919	201.233720405899	190.0935868	245.232777818802	243.943779301319	232.903578097014	255.010531221953	292.796385889913	286.500358861391	231.467718089393	291.169132519842	258.782400642493	249.931747720992	248.578928383334	341.68532251229	868.205150387927	919.864688472117
397.972	-22.314379436254	-1.76991311349456	-11.191186657768	-0.37648305104148	-7.78872980673531	-0.597761997456124	0.225216170522163	1.77060203150308	4.22172429823393	1.55981574066503	4.626645648173	17.1557831346199	10.0715743316781	103.165070716679	264.048335431306	501.233602186879	544.515106383035	543.931512569536	629.434674476053	1855.99972164733	26993.0286819003	25358.8032632633	11793.3101726272	335.167127914806	176.396721331901	144.229338062634	164.803180818271	149.860443198274	157.901316299958	618.885165115466	2442.41769964529	1887.76373376043	335.073422266259	148.510654657294	147.986660889983	182.248750714204	176.033894822826	190.807718665016	202.689644915696	213.394573719919	198.117788419782	226.610292292886	250.704475831424	245.683284992558	236.596561082134	285.544054580839	214.204955492184	256.571307064424	261.285777481072	310.915758214	343.634037048626	742.50112214705	728.524834238643
402.562	-5.72104516414073	18.2928865797411	-3.07418447817099	3.98162124421438	-4.05621138124966	-2.87355911685469	-4.98022811918049	5.10697866200894	6.62246682454659	6.74850606955387	9.45250690361804	18.473551718655	80.9239398840868	220.977715868974	425.078662367631	454.24731415434	480.465692965661	525.852348573735	1323.42242310991	25116.7463415961	25923.6109855528	13919.9774710256	369.073764520872	162.250765230152	138.532111908926	148.027813550844	155.368252793163	133.156079292631	321.706075359984	1765.14862852057	2257.63648906474	554.927267764645	170.213047892605	148.315548925581	153.41827331058	163.463835513607	161.224756818051	200.901184777604	222.712882678375	216.697484082301	217.762926841985	267.591533105535	239.182981866846	243.324289043046	249.137326420709	251.488488709938	239.66703888262	253.975872354185	219.576490629287	259.936175090126	384.070513653086	407.925539003429	642.062980196584
407.156	-9.45575814288925	-2.53126297069701	-7.62153000322671	-1.43581828799833	10.5203060336691	-8.26400104794398	11.165983279788	9.00354928087327	15.8888180013123	14.8719308887809	13.5094104150461	70.0081137745298	182.107533388432	382.741393882449	431.625859449352	420.136258541776	440.264149120652	950.360579972536	20607.0577353942	26049.3889038769	15816.6578733916	429.357319893997	174.159294904138	126.555612868092	140.212310168149	128.575813598336	129.640895249682	188.5922390918	1159.063308524	2352.58521623114	927.966704561777	173.48566608022	125.507215682301	140.224832137872	148.222718984738	163.608514444825	170.622067098722	182.768195989531	205.275357734779	232.524853117802	228.204040862411	227.13964389581	224.935293925164	230.0113074481	234.670328248395	259.332607303983	177.956449226743	209.885987106272	197.451228242942	332.528339682745	458.688941488531	583.459943105375	424.481337172135
411.752	-25.1097613716259	-15.3521853666787	-13.8674419933959	-2.11823044398769	-5.4777780005571	-2.24215080026883	-11.4043320888628	0.553447244163376	-3.54210731069442	7.55718872426884	29.556246472693	124.195074934628	328.529833566414	398.808582065685	389.002662730012	378.301358304822	654.382720945983	15306.370432557	24171.8923217077	19456.9460616113	551.175249712635	147.836187264382	107.764515735606	120.063757724453	106.211921108359	104.478907873136	123.165050876596	654.355326884432	2158.80346483417	1378.60852310959	231.510295958528	113.859638825144	124.098749043931	124.763000479262	144.728467204225	151.294248412688	167.809933408994	181.0012957791	191.381429922783	207.604015211288	203.85637940304	217.402455711079	224.844794833342	226.22034091199	232.427943583375	191.538091750951	128.037276341011	158.023212563789	196.011829982902	271.272142336127	209.45274515217	374.911125104054	18.9765992319797
416.352	6.86490317476831	-0.408378446729928	-5.53324912980019	7.64432191277416	11.9808117744021	9.10296982122453	2.70217691373836	9.26018114080581	10.8688349560165	33.5908459498696	117.961254459682	275.189067824832	390.406922722088	381.506109783094	368.067813938419	530.387967031016	11350.726412666	21755.7552474839	21134.6936787702	815.39119299833	158.852235510677	129.461296710494	115.740576742228	126.842743521381	114.818683604367	120.468373514273	363.994830919578	1745.93517921133	1747.15333065405	388.461337119402	135.110278365881	111.421289712563	144.555260680874	138.393111315705	148.653627871205	166.747341940128	186.722409497796	203.88725168483	217.241716717059	246.301814395684	220.408055569454	227.379725479036	251.555718472122	208.992071382062	232.760685264426	225.065679410451	233.536964012541	221.385578303273	160.766430316893	321.888500148828	527.264686574867	737.993700984189	1251.37513136325
420.954	-26.0075986004647	-11.2034027149851	-4.3370987880681	-8.85153798992817	0.293464354124811	16.2162158473552	-1.22194252864669	2.49061411303263	17.4805655800203	70.7601107775664	225.138292261342	328.8867437061	311.280008059173	340.474845944452	454.407175300943	8641.17641838968	20315.3300187922	21346.8554908126	1049.15976215311	133.019255274688	103.111787722778	101.621213528481	106.107808546914	100.555528642545	83.9531252759097	204.763820013775	1215.07060591406	1898.49276910053	627.29591795125	135.545653464548	95.5892335831836	96.8988283599018	115.852224422864	138.846646910128	127.061854690497	159.808751535862	149.752580267789	168.939451626704	182.864620480195	199.745832257183	215.467473116197	197.561733926848	207.522722765542	171.977095633602	177.898218218037	144.182964366206	216.354897675352	207.299516713596	208.27105822311	310.490684605685	128.179946933151	937.042746605916	-146.396875313421
425.56	8.79829212100315	-3.53289351018642	-10.9919788412839	4.67594664421036	12.0920732360049	1.32575841363018	15.7842060912895	23.5617909848294	72.1461955126303	173.895953398145	285.264103280751	291.305418557121	314.31973041742	411.540789877268	6614.98871237641	18827.6980740623	19928.6761924655	1418.25628251429	149.029179763299	112.686975259983	107.648423136194	113.324232144771	101.594177283773	95.5248641814723	122.885831572523	748.203822538759	1816.35008190594	953.951981329404	175.967972101246	84.7076719834242	89.46012803139	105.557728726146	112.096889901528	135.898055234747	142.558107894625	146.633327248644	163.199385206245	163.383457146851	187.687831325991	206.603414773104	217.562132538764	226.295347927337	238.950302843557	213.361948813715	207.589616627479	198.772866595897	233.372017080443	195.292455534595	281.593050078685	347.783503190417	605.897824926525	781.76380546024	466.778979085677
430.168	27.1882661601417	15.0184539153317	23.6535148176237	7.86367098968434	15.5341233582275	19.2485796737437	27.2447629413497	58.2138106992565	149.673836683431	254.984997002337	271.038273739523	287.863260936061	390.994306016359	4915.24301110476	18697.6148385806	18549.3568150631	1763.68567353261	163.800431348058	129.675128052753	119.284211059762	106.727418741998	90.0633816236645	84.925561184473	98.4813876734813	456.352316395422	1528.55268448102	1275.05414740338	258.99253342191	115.804562631252	94.4028059920433	98.6555902401856	105.975276159308	109.967954041767	135.820696712279	154.811422557011	151.40138129499	157.195607687753	173.380338375517	224.76859309219	217.032466450697	219.022266441227	228.065833906329	224.341963502022	233.782939623672	217.22356261283	219.485881163196	206.045849660351	281.429519377448	245.925476375269	578.826844435764	598.1289641796	802.42200334258	1320.90561682283
434.779	18.9421469762937	34.1889834574357	23.9426063158821	27.1286228264363	30.146951346078	41.2571910189111	68.6295121720259	135.613578772742	231.09859809983	244.88151995362	273.387316004666	334.52187735135	3759.53360528927	19189.3906400708	18655.9903081252	2197.52021288563	167.632929942761	107.516841306563	103.557817402388	117.476384084148	98.2477145677152	98.2656831448887	89.9687620940245	259.028082313013	1194.50875482435	1542.96708945568	432.012184434219	121.163368234026	104.431054509697	106.971750463349	109.885666085311	121.422208532427	124.671568045219	143.605018848502	139.50830638824	155.482911005585	175.642581470584	191.788887639054	203.134544208063	224.31084203426	211.978012395779	222.463025416955	228.257477880566	220.361577383607	203.900972665809	198.139425655464	222.941793287814	264.924220533253	388.148764096299	453.008580857887	980.767715633575	1034.21969413862	1721.75820566092
439.393	-7.26986010552464	7.25020671551262	-14.1321031066353	0.324676056174278	13.7137525617967	47.9419928241293	119.253950124263	199.352252847165	205.225144695093	226.213254059044	286.530671148804	2635.28789264302	19561.6289535804	19083.1926982014	2961.74302622943	130.757908703206	88.6651747135099	80.506859701341	70.4775572333785	93.7322043262997	89.0591522253037	69.3741267716313	147.095570774233	831.681225217842	1545.89157549872	657.049287419665	125.241884646856	67.9880161204137	75.2775852025792	72.050923216021	77.3677512893373	95.411297450659	106.23702730371	120.011636655536	132.456733140068	145.94348385131	162.242721066508	163.023936786869	171.173131146297	182.736871732488	201.332121150947	174.882069312154	184.051938838437	173.584628080544	180.869767120284	148.289819296718	198.772389681441	204.244708104607	255.374932824416	445.331169806629	555.651228559064	457.376567867099	541.013853957768
444.01	16.9123224818129	10.5638188920983	10.9053358828822	26.0016799438766	43.7203312249143	103.975119653874	187.613935395668	193.409906947879	199.875556863965	249.592423931459	1718.74836671939	18450.7352031651	19342.4936834306	4076.84964008367	129.732352076466	87.1491232564454	80.0273795017009	67.7220020346263	80.9430595301642	73.6920776615628	78.5140202574056	96.853852588225	503.001965316795	1444.92686311013	913.194138149648	179.546699465654	88.0143642844307	56.0166651140995	76.8476189764583	91.5904402956987	90.1322015548535	98.486542842168	108.338095016432	112.217246011099	136.377308187124	135.886060934554	150.095356949665	178.54626498021	164.859179267382	185.785983579885	168.925195916813	186.283259676157	198.416146566027	168.46890301919	134.489422522589	180.380487796609	198.663145498245	257.599738844124	282.194842628051	394.19577395993	406.537044954365	626.136745287134	707.451508008956
448.63	0	5.18465867846068	3.34517072520325	24.8927398326524	79.3119134157181	166.348975490863	172.095901083792	184.5798296064	219.44134366726	1282.86129565065	15258.2235265697	18104.9887972988	5243.39846061045	134.802583246212	74.5217697632484	71.098267862319	59.9648180071464	49.7775640191126	44.9080659546718	57.7220726725322	61.9428393393657	276.076829469941	1135.29980268395	1134.52715742485	268.851946991699	69.1081521534163	56.0070408628892	48.446493131468	62.3656156017571	63.1678942586517	77.9956549077466	102.205706572661	89.8468905926504	88.7829878157766	116.35110291743	103.339677381768	121.845488492681	144.875719458066	166.123449993143	143.884535389465	155.955670650971	146.866297452947	160.329679329726	152.36064873226	136.36528030131	158.742832961661	162.504458523077	200.760675549696	291.57795556058	312.265611259134	463.762978910228	457.54172386896	203.24659821735
453.253	12.7182808804775	-3.66088742387104	26.785363551634	89.7082398517245	149.019395763025	169.140973508012	175.527388256279	204.601185048986	939.034555437636	13560.2318703865	15083.1247569164	6859.96280960238	166.061114500024	87.6772078987924	61.2486647888324	54.3226900210912	56.6101271722818	58.5502347793026	62.492273991139	62.1165771065499	147.386342581911	800.344081347636	1262.7422102663	456.773798856801	77.73414724125	68.6144953350696	54.4817119110547	62.5818768341225	63.1187831633569	67.9622950195402	75.0879696571691	90.0962271678792	99.5917944098935	113.351417353468	115.017717110468	118.147782098688	116.652745789509	126.366565600727	147.604505331019	150.091652860005	157.712517271705	137.972120510313	143.600404425517	155.512628399575	109.706315650256	165.54581500343	176.188169343114	218.557165046911	270.622016011669	366.845469652483	270.093540592722	560.309818458986	1054.81628918115
457.878	16.6589714869258	28.2799467061563	75.3247974283165	142.829675246769	162.475781715804	158.205964262112	194.690184912007	707.35445963775	11478.3362911991	13429.6509679638	6920.06804633981	207.76721104712	79.5783854274799	71.881542295927	46.6821632266194	40.4883430062129	51.074911345942	37.6294813301145	56.1411024209793	81.9053294551817	532.391922864146	1216.28211730512	671.052266537189	104.270880886721	49.2951215619916	41.0677063116544	45.7905942186072	45.9752052714069	55.2422512393392	53.5011026518191	76.3593561770716	76.4002309551143	79.5983643021434	93.1079300870612	100.743100196746	102.4646061261	117.238430400768	124.061435856378	126.283846174889	130.219086709944	143.90888864212	143.785136888484	104.819621030128	118.239930652582	132.084164496878	115.278510396601	183.729317871917	172.913224889531	252.157073019746	358.882214893694	429.396051214668	561.599918899589	414.547114927258
462.506	22.1615407597922	55.7299451404941	118.867780913628	156.32602725911	157.960020225877	184.576692634042	620.755212354959	10078.137562051	11382.5115688215	8137.80184600609	226.040515734394	83.921260946071	69.5634719486011	43.3404982199875	42.6901967005338	43.1767285773978	36.9687722350965	42.822238956249	49.9726120212131	283.397746089436	1043.69061808652	907.581149986718	194.628216304998	56.6333976292731	38.0217766075379	35.7452559700111	40.4927801911412	70.6977525106599	66.0277021391079	60.4725918679965	73.7464135840637	79.1572762712415	77.7923513536001	94.0867342124767	98.0832548194364	99.6891596744776	105.077686561529	121.950427980814	132.823475028607	126.699544197337	125.743212545517	129.841247492378	111.260765996758	120.263124819497	132.394087848309	96.5366829590789	150.646858793002	193.680543944121	323.977003360677	358.094342586502	432.805562874548	676.271141956778	575.539143341716
467.137	53.703135695751	127.787399656645	144.927272580937	139.534301054094	166.360352178694	511.905459635833	11366.8582450178	9929.31578865547	9022.66483524721	287.802598659732	78.1753317616134	51.7478092928484	56.5573404038051	52.6405638702872	42.6933907276765	41.2688420879567	38.7966020099075	36.8408617446455	141.384653377697	728.352411036946	1003.46236875936	320.722544312061	72.783090118249	29.8404133584527	35.4517303036096	45.9922143451138	44.2598434144931	56.4070423213282	40.7057117795467	61.9546656384865	63.3220358296009	75.9154777465686	78.4948936172466	80.4832194469691	76.7469149342015	106.013449948961	96.041585311186	116.844464671854	119.516011594034	113.458100567927	114.690272591886	104.413491537341	107.264099654317	93.7968362468671	100.115621857113	111.190523887409	136.667700743894	166.853578552337	249.977807344869	455.467889651467	389.384094096555	523.647802496664	730.546644123372
471.771	91.5886603242348	136.327773718704	141.280590053969	177.738513901094	363.780548368209	10494.8781545242	11288.0290452932	9860.45595064561	341.055233819992	69.3343226573773	48.3444888096579	37.1501758326224	36.0820578090718	38.2725446899857	28.7892108522999	33.9497895455249	28.5198847874427	58.4376047195663	450.833680352326	983.798015445843	491.581811152685	82.3874398945383	33.3863665361376	24.6261299216486	31.0432812801549	27.8449713359805	49.5911373999238	37.6017125024688	46.3287955213187	60.6455467889339	55.366472308165	63.4285456081091	72.0141067539263	65.5578142020957	67.8334106749156	83.5383018836918	94.6477139838531	86.3507621602023	107.453631378918	93.8963956697502	91.6519330228044	92.5180438019651	87.5134918303817	96.0299168773536	102.1148533854	76.329392943037	93.743826920544	188.550375771729	201.852772785365	335.776976300782	427.462107076868	370.264435684243	563.886018233693
476.407	115.938432548417	132.210642156155	153.952762448355	364.031000104355	7472.21899562565	14911.9365791079	10220.9580689403	405.712930832844	66.2151276778312	46.1533442572181	32.0853957381801	38.8874700452836	42.4774764850613	23.3613397009566	30.0122503760413	21.4589375151375	40.6008841437058	233.897481015066	822.392615830168	693.29086339274	126.86403812068	45.815113502507	24.9276941398261	20.1713106855817	25.6064433398897	25.148344436709	32.4425922125246	37.7148572969329	45.8401945941447	48.1323395982789	53.465086563844	58.1812989622773	71.6917637611781	65.8343647789196	69.8992469312631	71.5963983165989	81.9914631698822	86.3151212113544	84.7638010421203	106.943001673225	92.0904488762544	80.5909325827095	85.5933197616996	107.916650773356	78.9908395909098	76.8136878921059	139.986328997061	145.59278751176	150.328452376478	284.990014481935	534.489217545544	355.673509539142	6832.57752151894
481.047	106.799913548631	130.905886981062	308.700088606433	8144.50459094103	16069.9972834876	11591.6733479852	501.942507709702	70.7748969473576	52.4135299686496	38.7632164904914	36.500783996134	43.8522127260931	41.7150357401044	46.2314777192551	18.5706676777308	25.6325791300509	128.874544056994	580.872983654691	808.525076091435	235.890894192797	55.672700075364	38.2698553704848	32.130073860218	32.7438296894374	33.6923026880412	24.4640313457078	43.2455349505098	45.6665413195866	50.3888212283513	56.4968041793894	59.2550189118224	69.1678607951773	61.9218396305069	68.0855197097031	81.9611673529289	70.3342689605277	79.6407181054258	89.4117486313049	79.2166087780305	103.692465196148	86.1763050303593	82.5132101105197	82.1577334045821	115.011086733864	89.5680317608508	83.8607390044378	136.379295926967	173.67021364502	282.481287950737	392.46295634661	484.594163374273	946.256794768223	21856.5324684729
485.688	152.440555950778	291.283295815282	6508.95849120647	18694.7111764376	14307.3513342533	753.000459681556	76.8885975238991	58.4581296988319	46.8841612895906	42.3221665040031	41.1336628159592	53.6888815068012	52.3041052092873	42.1509687657965	49.606538016696	73.2848671798539	392.381206266982	781.474963431594	406.422258815771	83.134313776871	53.3876442181245	26.1958259253393	40.7889934453495	53.2224328789146	36.0977915987912	53.2860893130154	59.3534101970331	58.9348902681486	61.130909305278	57.4257569655614	75.0199387965052	64.6121710583443	72.3194315402691	83.831685810329	80.9201298078847	89.1594211777408	96.259881196856	91.3140907559624	90.0555082293558	107.029478785765	91.8248238575487	94.5934068404906	100.078855344734	88.8913982041049	104.104137794992	117.770689982107	118.793662511708	227.957353224848	341.087251806732	551.243171217164	716.254338201258	5648.56916615016	34112.3263794107
490.333	222.506973202825	6584.96636082677	19850.3674309528	14011.6798676564	938.709137079925	67.8841633425154	46.6970158681123	35.9648866521241	30.9483288001175	29.0087775823396	17.8496262014917	29.3259821666366	23.0575212277149	4.16547829782153	30.2377006530059	209.182052788656	629.088743650152	523.403234322889	102.891533771421	22.108174925024	18.3884240140149	16.3154127077227	21.0613690740436	19.5216476541478	16.1639633044196	37.0958424666793	24.5071110384513	35.1295706543479	39.8751519563745	35.8373375997895	45.680599091589	52.863674238966	54.8728511519726	63.1755166981462	42.587107552905	74.2998280629459	74.937287952652	63.7644068527458	71.7020924309956	90.9644294978704	73.7325514978011	77.252505378879	94.1147030191976	56.2208007529615	85.046360554418	47.8342335913184	56.5062551660311	136.966544963999	284.893941362504	335.917642236501	717.260492156892	17518.3735642869	25976.5204605663
494.979	4857.11987551168	22013.5365810576	15954.7620715503	1069.27811138526	74.9702651392444	60.7690193204249	33.3190012600142	36.8873616358514	36.5637222153184	39.9001544614153	37.7468746333605	22.8018785506831	34.1484798751528	31.6476159621907	126.580298297693	480.886129358109	631.723760677095	198.33593190859	60.0827001449537	34.187759819206	40.5098133815264	21.7469988773692	30.9440339467336	39.3407081269434	42.013003983276	31.6641180883094	34.6370190757623	48.8848862206639	57.5480217676623	51.9338077114739	70.424893627414	58.0765892672405	51.7924882160716	55.1899613004137	70.0690984864527	58.9841312574499	64.3530680972165	72.1500585728734	88.3060648774356	83.8189384841379	70.743903099925	79.5265103351884	107.307662458896	113.576911654324	90.5045703057113	109.654131345993	183.339452659722	245.020458487159	407.300025589408	539.009268591601	4251.22700381812	28292.9343211104	8885.57714611612
499.629	23888.277018475	16214.8707803536	1182.84981136521	71.1370485148997	55.443967671588	44.2379838990766	35.1078255015075	29.7384855894113	35.5117010696445	24.5607975602615	29.8233704154148	33.7667861635936	26.61989608258	59.6730549639729	320.690408849532	607.25152733424	319.547501285058	55.4188042496102	16.5725816496559	30.2417204297345	33.8767433213887	24.50583567307	27.6193096843241	31.4432186814225	27.1906142601175	34.0654426230169	33.067836154502	41.0989822701695	44.9770313111488	58.0385062335405	58.8590254070988	47.3863353298852	46.8305123002252	52.6574320824212	50.6051834091118	61.4931790871158	75.8638708373891	68.3146600363107	70.9640368174162	79.8712913093988	88.1063488938722	77.3109303839481	80.4699582443223	90.3042928256213	55.9498342679272	126.352096159978	150.891232296063	245.027266028597	364.18250105503	547.037612744513	13692.8274439231	23369.9394913127	1338.32107573282
504.281	18165.382038636	1451.38109337889	90.4039558687142	49.5506470888337	24.042004827334	32.2705452023759	27.5117804867388	30.389387708652	15.2350172249263	11.8833112297266	16.4083980136565	16.4952084543091	25.5134547675654	176.715090632776	540.413215110717	415.299264366287	88.3686279991476	32.0396348995535	11.3850854431274	6.53620525331291	22.0426227955286	16.56648585723	8.26257041500085	6.17170385679718	24.2919523893487	26.1438098523862	19.3562453861776	25.4685009647478	42.5066380731066	29.0492209084371	32.063337556068	30.7095393219915	36.3380617375241	44.4933025826293	44.7670423861584	38.5506494990139	56.8744722821573	55.824659318537	58.1549048014428	46.8694533229902	62.8775260040265	53.5782242353922	51.1689239438668	64.7363091778806	51.2264752206093	72.275759009783	95.7618588034519	257.245195183792	277.613652342352	2914.86483488986	22894.5970653473	8456.07652734792	223.283856979033
508.936	1900.8529339999	77.019573706438	55.7820268983087	43.3929268789941	26.4633558217499	41.2446055002212	26.8410399205353	24.5262840349991	30.8365450834654	28.5368652380095	19.9519389991642	21.2531748441509	116.196414574234	406.920626239003	508.22058843159	137.723692390007	52.5247666674057	27.743446231424	20.3881373161054	15.4011568926455	25.9782198556657	31.6953681813329	31.3001032986382	26.7093356751922	38.7261854115846	28.8369929437766	21.4897569774288	30.0714588589427	50.9135066026665	49.8187143391898	46.0763767456484	31.9161054445014	44.9828344615366	46.5208547341843	43.0725813854485	49.4878683670361	53.6393955829743	56.2328200646247	53.8288804720822	63.0866626268148	69.6924954979836	74.2606606827959	79.1322133573269	62.0836847157792	97.8508163729412	122.565995964217	196.435320328769	279.734108993299	402.146280617598	10334.1722032302	19985.2649258603	1253.91464227577	1031.36264362209
513.593	67.2578205630505	50.357719404324	28.3518069132769	17.3148479903592	22.5147249276251	15.3767121123721	22.9981079111925	21.6231421575176	10.3922302321649	14.9959854415402	14.2006442372299	46.8058174192229	269.733970422449	507.126519204892	230.82531699258	37.4623231655008	12.566088116512	17.0186696755297	17.3738401749439	14.9712674758856	9.39164689808931	18.2763243258777	7.5437429171504	9.15651371084206	14.4739859101884	16.8642142691118	13.5957108883292	21.3150585032521	30.9788294862688	21.0702518951432	29.0028352402717	34.4423528932358	32.1003772854679	27.7500645446666	33.7914335526886	38.1298864289936	41.9464101932713	43.8271905470029	46.2345670789908	60.7716932838362	53.0086458977219	52.0875711168877	54.6191856299723	40.9559606914376	53.369620454665	97.482138377797	197.245005407212	213.017424375072	1961.31159776898	18263.5341287515	8548.27025933347	311.654243165758	567.891806664845
518.252	50.0009715417138	28.4860897903705	27.5912200914958	14.0168187512149	13.8446148024835	21.5597661117626	11.5293890941802	17.2432721633135	17.2345146671972	3.8312318993854	16.5974269680084	147.705381034289	445.281865870829	352.738726116576	68.2692245939474	16.5382083805512	10.5587554732374	3.21167690846585	14.0862790456335	0.677138391249297	7.34256760750575	12.541873115746	1.87658584894693	-0.911111857557602	24.4837882944192	9.22933371893761	14.6326592406898	17.3531332637964	21.19235671081	30.7679807123065	24.8133872727708	25.0965248597857	28.3922076802675	40.1636194784039	35.0732124794958	40.6946217577364	43.0326685886579	43.9532941345658	61.5819652832588	37.2125576667188	27.4112268403486	38.7593304330576	36.8970794191087	49.9366690586478	77.9770068755549	136.606717102972	184.607693028951	267.306814258638	7902.43028946455	17086.7200842582	1432.64119083776	284.794125393941	517.98667841091
522.914	43.2089984380156	31.3908618368	28.9713957111501	46.1600223171937	23.5237581966745	38.4891423024923	23.6190232906023	22.3007382289068	18.8474417039506	26.4618032406499	89.4157625870153	329.407400013424	436.861070361063	137.1882024094	34.4617418942647	25.3151386359916	27.0717217106176	26.1241602457773	38.8297064363548	30.9667718659067	33.1807301676628	30.5484481197561	15.5470450348965	22.9469358682656	28.9228928886749	35.5899227264128	29.3691807910728	39.7069034933372	32.0136400489716	40.0629506554655	42.3658553429358	42.3885335715174	37.1832251651227	39.9294666628077	49.2773054416558	50.7998595985409	54.3618224867722	51.5488608620849	46.8175454811539	60.5032363071429	59.8705442228626	61.384545908067	78.3209639204092	66.7646912241944	101.581079837458	237.065322914734	244.38659525282	1369.71654021199	14611.2761939991	8093.26724182864	457.097377994328	471.889638905488	2730.88470497682
527.579	32.1169413669878	27.6350062753994	35.1322166593913	13.6435026729652	14.2630644696663	18.8970821536079	15.1078065512303	16.3826742985727	16.9611015628276	45.902899982059	211.367001330121	420.913946657074	209.673584341127	34.090901659223	31.5650377003057	19.3107629260307	7.45783382147907	15.382780243185	16.2305631654917	15.8184928234328	8.62617815528426	11.2208230672851	16.4783171943094	11.1704834703468	16.8939616382702	22.5196289697407	30.1897750313827	29.0243845805628	25.1707502056845	32.2097470855926	36.1952680413372	20.3875028304534	33.3803385736071	27.448925498342	38.3231870651285	35.5869722071216	44.3859507001407	54.9575214278344	54.7353643410834	31.9827778976646	52.4334049628077	43.9059817568664	42.6263871134648	63.334901348178	132.978506260704	186.420271885335	203.797312032168	6076.52101059787	14392.0214194187	1536.3670150524	354.382736962277	339.728572933878	2012.86275174958
532.245	12.6249538965119	9.55858371653502	13.5679534744979	6.39015910228882	4.75721258028236	9.22362968261544	3.99641855607178	2.12495650746922	16.6284420992414	120.141329003226	348.92056387824	280.072051273423	48.842238495702	11.3704643620823	5.00080172203236	-1.82779178303954	-8.56784497493981	-2.61374035845593	-17.5140695795834	-10.1029793837772	-3.31975507523825	-9.04442953768067	-8.39966027128664	6.64590142241268	0.573020891334155	6.39830614323871	9.06237646843456	6.57550881858495	4.92767215245356	16.7916359885533	26.022602691957	19.8629216704122	15.4782354874437	15.8134262578541	22.4887620340578	28.9127732909812	1.28732261726764	3.75711869221256	28.1047674543455	16.1937842303302	33.0487695988828	27.7939501715289	2.97572156281917	43.9614302062088	106.313022724133	140.703262960548	865.934362984868	12004.5652437689	7307.84837907938	260.734480596303	182.268843480137	698.750709635873	1842.33001845938
536.915	-10.4163130215125	-2.75397441422701	-8.08480248690278	0.878708125884688	10.856799328546	13.2541267635789	1.75217519594397	13.3160574385857	62.4052931298193	255.853010949807	346.903425219206	107.578020309374	15.6713105343701	-4.36800665031384	-8.49318159836897	1.05322963198359	-1.39352353441885	3.80712980101225	1.60556829238441	-6.45232464153295	5.69101017666479	-6.28995552627264	-0.941138649879146	-7.31100116942119	3.75593622841839	1.1221000165967	0.553850500793209	-6.90704887004412	5.52120272347256	7.37393802055126	15.6906663534722	20.0298421743373	15.0606487861776	16.5058362004951	2.61666335887646	21.176278191019	20.121182262471	12.0549294122403	19.9840027273702	6.60970956368269	27.4943616723247	3.16439742481846	23.5057058373307	67.9356120479946	136.873627469697	178.370569302406	4599.9526412633	12596.7990189458	1471.14176201226	153.548547395331	197.167875720024	1510.81273706568	1590.16134567118
541.586	14.0462281725577	27.1563549650208	9.1201299048454	4.44346339526504	15.5765097043249	12.4640474530207	15.5943457947156	35.4485805374243	178.853242992045	335.672333537364	192.942111250131	29.6973807387074	5.37746819375451	22.0881963978683	14.7635255926366	-5.8585847752316	4.22807344092533	6.51604346280601	12.9904958894067	6.86909566788055	5.41710661922809	7.63371216872218	6.02827304698312	10.4749386642284	11.103641057091	16.4553275289289	10.6427316944806	5.02958306674639	22.6149523331869	16.8489372842813	19.4257905911709	26.8274159668625	14.4009550557508	18.9568983780013	23.8175629867389	22.9688484657905	17.3958091782593	27.5188751943719	36.3799372259085	34.2105193936089	29.913347377745	41.6045984425688	35.912095523647	122.276145427941	198.437473163108	669.930166320851	10032.8295990507	7045.48782325889	268.027643599879	221.239746101116	500.210519866634	2015.90605122449	461.769002424514
546.26	19.6343112529629	20.673658332101	3.79815532620443	11.3292821605987	14.3918555309966	14.6745016860099	21.4019912862647	109.990839550912	294.730068958613	251.162759608303	55.1869846723235	24.4543666850101	13.9575366922339	6.94702282328109	5.67329197834403	4.82426317692038	12.4822359738392	8.04847324299028	11.7667543802667	11.0613464868288	16.0152494497663	12.4846851629527	12.4535270976607	-2.79063816799022	8.82249703314428	9.13728065287526	12.6844160824807	9.56151797771357	19.3886779670555	26.4091688217739	18.4494577185507	11.0204976836831	29.5448823842029	24.7742308842315	26.6344210971778	33.1132506793605	26.7572966247096	31.2019719971273	27.7380842515793	35.2223939864787	38.1625708780463	35.430649712767	78.9046405686134	165.257052386785	180.499040055916	3539.58195693977	11333.4720855813	1663.91386012989	196.184792216899	237.651872042037	1261.98288227495	1718.74214300252	592.948467934374
550.936	11.47346004265	13.7683111641574	-2.23223677095696	10.2128853426565	16.0535540976738	16.2155367295515	71.6962721535828	226.814286156122	292.689707193737	98.3160676478342	24.2247701266215	8.21269903586068	-5.45276827190826	-3.07965555021887	-4.08279751899185	5.67059360737461	-7.43128303582897	6.60728688151603	-3.29310008306416	5.22396212747802	6.86620218720619	1.29010102929207	9.65160990283769	3.1240053070955	1.77775643453654	19.2749176608525	12.4957228708377	5.6666797209582	12.7397927498399	10.6430344215005	14.981431236572	15.5446155626375	16.5683459599292	15.7795407814679	34.288566997119	17.3104908883529	18.9706762505762	28.963872769184	28.3191056959486	26.3162220446993	23.0695762261054	22.2525800033983	106.680471187805	152.918982815979	407.96405728712	8155.8908217065	6671.27407636184	239.833962071152	197.658766793321	383.962672458664	1555.91601117129	677.038196683556	-274.48264569114
555.615	2.77347519591571	15.909569048103	-8.94190570420737	1.2032596880362	5.70468966480102	26.0302746273124	170.233352645978	295.522290613798	164.399767940281	32.8195847304959	13.1696750059878	5.48307877485434	-1.14961724181245	-4.48600009881413	8.17744580216415	-1.62252096141368	-2.86233388067467	-4.21073931484143	-0.659575874754842	1.74384789560329	-8.2514005641569	0.968980018964768	1.9331234653923	5.31851662267629	-10.3852962518073	-1.44051428612479	7.39455243604197	12.4847883562398	8.22200399898023	7.01215835816548	7.50158692698086	17.7910577507767	6.18699350543741	13.2165876026066	16.7212738102256	17.3356136803125	18.6649065737887	14.8566846702824	20.8969934078684	6.78825838181425	32.9432482354443	64.99755287416	136.112277462662	150.184526494997	2638.99565992169	9937.16586912428	1778.58562333587	143.138788035142	150.005672609684	697.752437618197	1558.17411895734	280.335516962543	-452.745182347915
560.296	-11.9376084667159	1.77535716061721	-3.84878038211111	-1.51056427667868	13.02114505798	104.090671784	269.102692756804	221.492944116752	45.2891072530161	16.2719809478335	6.49722734177972	-4.95606307118955	-6.63882075595987	-5.35011019128376	-7.39145630054099	-5.43173897115854	-4.02455768542081	-11.478463193399	-5.96179586277575	3.5027442355142	-1.72645897483198	-1.29754786691916	-4.53008350518849	-0.942611391766021	17.2841755536036	8.10168636206132	1.4281649784617	-3.70460313678751	7.1185169620303	12.1129518826574	8.09202488493302	11.167388282787	12.1449369538152	5.48257950099057	5.39788547879871	12.0290119732798	8.36850021957724	14.920787162369	14.6160565787036	12.4319990066211	30.9369873555179	89.0578419942625	127.414310928274	340.263938624177	6595.00770899208	6338.92394247385	189.984855834255	96.2436864250145	191.03409687677	1149.85886923316	820.364616713669	-104.760962720476	292.30627679781
564.979	13.2504898373003	0.358292443886311	19.0948307522347	22.8640092122535	54.1337746361062	204.987514570494	252.395352311989	86.3422633463481	16.3728149409448	12.2094397325687	2.80978568434958	2.22267632704755	4.07767924150213	2.27311302467837	4.97233833759778	-5.48101270465579	-4.06106624812765	-6.09609971929052	-4.0105853195996	3.18106727553707	-6.96848182533541	3.92795551180511	9.79538125435223	-8.87751425189127	-8.11907132906867	10.5109462060048	-3.45868920411252	10.6395186308792	3.16056057375388	5.40078706616292	14.0783297616205	19.4384948322912	7.98007104747508	8.73523331316605	16.6431592314965	21.7208687213285	-4.72887219156544	22.5842104438332	10.210600637177	8.9027437113964	39.02203825509	119.507299891821	157.199122366363	2232.0786703168	8725.74139261096	1906.27030959146	115.633573815112	142.601818861211	376.130834356276	1357.32008876443	239.994324632603	-19.8208680499849	180.252060856783
569.664	-12.9428936947045	-21.2937952267621	0.97802165026171	28.2515553796676	142.676769611354	247.442020936173	117.567869881912	12.0350754733688	1.81236377540088	-5.93730262616328	-6.36823565439933	3.07852251749765	-8.80176343208793	-14.3108180524483	-8.6260758611477	1.10421646026982	-11.9800686740664	-9.21099897438055	1.00997629540627	-10.3250402848617	-10.5291386135042	-13.8483495457005	-15.4582867719823	-16.2879690456351	-4.84647512164879	-4.99978865080135	-6.67761753062017	4.34485139190022	-6.36733245711029	-4.29495012928693	-1.70175012833116	11.0672969328195	-1.14834432972312	7.3325777312572	6.09630219303995	0.965279193580633	-3.40245941098965	-6.86090452568994	5.33309075195555	2.4457713492196	58.9609702755492	116.11550473174	233.327859778618	5652.07658274097	6049.60709004679	219.306432972447	86.8483226435397	158.504084364791	738.817138125703	990.148515545609	77.0793376591791	-106.484111298329	-907.849075165194
574.351	-2.85551021760667	25.1162284764376	41.4287692688887	117.690770112072	245.348996851002	196.698782335554	44.8361500881106	12.4618509499385	9.87059665602273	6.62974952338369	4.2818568063562	20.0406715677554	15.6829796615654	12.9900625480299	11.7870504509822	5.0115377167468	2.35759776168316	6.1932662031037	14.939871953174	13.2861684267929	10.9733076381276	14.6320668201097	16.9175687712445	16.7495975108657	12.2199736390871	6.22911419165384	19.9116335034387	26.5845511823475	17.8061059458816	12.4176551404431	23.7425251477745	13.7379668828983	26.9277061979947	21.5945321623314	22.4421067535552	17.1993420153378	14.4127388025541	32.0490174596344	24.2044802010359	45.6343484527212	102.193461729706	163.954191020364	1664.73681087999	7788.56146718681	2061.13885892183	127.738615944661	166.940533300507	324.719304908499	1210.06576174319	640.546643954738	226.151535039584	349.037785297836	682.557267849514
579.04	17.2872875459965	6.61103911012591	67.3471794071798	197.500306206378	240.014990039896	74.6741120286457	20.1896407257877	16.3299071108367	5.717461206831	10.1420365614783	7.2006678123439	7.68970312066064	9.5542054273348	6.99039725988644	10.1941316931186	3.09017496810678	10.4073378904193	18.7470479079027	6.50938092095698	15.2173562154214	16.7867107005632	12.4149967528298	16.06574608749	9.75021457787016	5.2402388920647	18.5562653469517	21.2726875194849	22.4023418240341	13.5484257850713	16.6087857042996	15.2973629444484	21.658799357038	21.0349166269254	15.5208738872502	21.0931559439044	13.424920011617	23.5449637095572	20.578416906429	27.5236132493619	78.8159951379308	135.558530479419	186.651401215955	4713.14690439601	5448.98197800944	286.30841883702	116.778150647411	164.284184360317	563.292761940986	1147.05826734235	253.587944111397	224.621851324869	304.770902724447	1007.85574562078
583.732	4.55665829388206	40.2902470587914	142.569773597261	228.330289316208	129.045785695937	24.9677715880204	9.21885802193369	6.90254451298717	9.6520838844554	4.34343694179966	0	-1.4331512426072	-5.40870522438534	2.6382098415639	-4.27479417821637	-1.13090620676848	5.98518828751216	5.031272417062	-8.27510548708824	12.7624534812395	7.54854509678254	9.1176908283614	-5.3895915737376	-5.88764525971783	14.5806281355193	1.20485584040613	-1.78409232881884	7.41644955704001	0.296419804342318	6.15826724852365	-15.9764248897913	6.68462674102842	21.7578625833633	6.60863427625508	12.487308850224	-2.63629525686311	12.8933878791622	17.7517585871721	11.3141337151024	88.9235059460217	121.666811899956	1144.07918252292	6962.27989158181	1927.50322944529	102.805323042543	100.115628104835	155.919756765281	828.16341308313	706.553278367923	133.253425528564	53.8243660316234	54.5289563787519	67.6212708026118
588.426	-9.57657372091073	78.0227531190216	188.609882283943	150.790447070297	32.4274186405649	0.501924415394361	-1.70197077912253	-1.4867261440846	-5.59715768597113	-13.9705029910548	-3.88486792750077	-17.5743956251626	-7.55073728585227	-4.71427977639589	-18.3329548015096	-6.82034559668686	-2.4063918733349	-7.90180671548721	-12.4765163842043	-16.8598032799068	17.3425813418192	-12.2194635929987	-7.11023100780698	-6.90425730836882	-5.9246202742084	-9.68843472791921	0.896635384534693	-10.1382617373971	-4.46917148216426	-8.84278438037224	-11.9709691817513	-5.55049186443411	-1.18215124698672	1.20775146398436	10.3550296173437	-0.331232242468835	3.85288949016034	4.83250199060792	46.2736609385674	100.291336338426	116.447865351938	3697.74493956261	5075.44279191778	192.002121086874	80.7753372662659	70.8790027389444	294.510955737319	912.734412167814	206.393370509499	-36.3224301060532	-82.955281940234	-267.196244312224	-1121.49105995869
593.121	43.9378896601581	153.465716922896	199.334827171833	62.2700329820151	9.31133407387237	-0.25221789732644	3.23091911714277	-2.32425663503892	0.187505435647582	-8.55587144050458	0.488038233453595	-2.89546379168732	-2.1247848738404	-1.18446691986174	7.77291346004879	3.71283856771835	-6.6506887073326	-7.62368967591456	-4.52795151070217	-3.6835133305657	-3.99422717901544	10.9160921688413	-12.9305080042384	2.31293425531584	2.50705857558568	-10.3454677459218	-7.50934750398426	0.599352267000629	1.49717766188244	-2.9623430866262	0.293435754553454	-2.93592829232152	7.42541338626048	5.76552363516213	-5.04574109926655	-0.665779126576831	11.264487057887	11.2077263506451	66.2107807516067	87.7195563967267	743.753758021778	5957.56647411238	1974.04537500584	63.0719844365958	100.19451399203	94.978194522858	561.313541327142	753.314458674382	104.52966799233	-13.6890635315141	-43.4975732698172	-413.127939935561	-239.082336070228
597.819	133.874222014568	190.081571014292	114.013145002775	29.0860242542683	0.27551987758027	16.2396184014575	6.88334616121063	3.67450353711762	4.33872019578928	4.63488414885191	-1.96396517669352	2.62168550571787	-2.13764169184937	4.17071895413949	4.63404232627597	5.74662231976452	-2.43306590026005	10.226426275021	1.05123452338259	5.18812255809021	9.13271765415035	1.02957601229456	4.45036148452169	2.65934804871845	1.26111424291958	5.51015307973682	14.5051884740923	11.4565986357276	11.1461530899694	7.4506696719001	0.29521129905213	12.7008809393461	9.86085364519607	9.15854230426255	5.71080630654482	0.669807676087868	20.8945681197685	43.5987660978642	94.3661701615075	124.738456956264	2876.64160886598	4992.70595435996	272.33005032203	62.1971180028206	89.0284252121859	195.529537528223	841.215811424334	474.314870780076	85.4442586201752	61.9735248467877	58.347695813412	20.7813863734336	566.961201470993
602.519	201.963094274728	167.721387015016	52.3241644844882	28.0257630188963	22.4922643355499	16.8785449508148	15.2236722086961	14.6450367120435	11.5973527085291	8.45275747073678	10.8865856975001	20.2573390712122	23.0830587928114	26.421701713161	22.1844583202714	12.1626209804503	16.552091103517	16.7483674384814	21.8960246309349	35.4814222186583	22.458724139748	17.2942761069164	17.596137026061	27.8072799350445	24.7847341633833	10.7982760751482	19.4920418858433	13.3696488726303	20.3419838636113	33.9413386680084	19.636864100078	25.6011258005045	26.5019889435612	29.2296711622302	32.9349776592492	21.9395999551405	39.6186423619846	104.549151931694	143.059802894585	593.523236454228	5108.45271723403	2203.96918752988	111.107049094368	101.942708013856	150.533993146937	444.063078395509	866.039154732084	231.224659027539	139.108622920784	189.693089306422	169.066196470511	258.315347148597	398.256120949352
607.221	182.379864472118	75.6401071981036	30.711646792525	14.301878874756	14.2896161351362	3.09652464973339	11.0833083264388	-2.8875024396167	5.94693169989373	6.28456278473599	8.98760022139977	6.51715745806265	3.7266239158232	1.51478272566448	6.18524287673746	15.1943964158109	13.2993308495437	10.0747216667942	-1.42539687109901	15.8281053062403	9.28747121548742	4.53709593813896	16.7105453336506	10.8176424103995	5.45055605187191	12.4522720421143	15.9802265500227	16.2497027505192	15.0112483177851	10.0015357103269	13.5096139595895	13.8172199341657	9.72406830918652	5.89869786011299	18.0680133113907	14.9854659300164	33.4935966003963	90.2039720207992	131.44813302222	2406.73900496288	4807.84077404065	364.205612719573	76.5899095413373	81.1402305432346	104.005323894104	610.024451003741	564.545429903269	117.966550755077	143.706179290055	161.060474469333	48.2108212228082	387.447980212884	139.774142537048
611.924	115.407102552694	16.970459772449	15.677600673434	19.361830662026	5.37474635666621	21.1024218742375	2.94469151632156	7.37387685864458	8.71560937474001	4.75872183531984	5.29315396754685	14.0568295189836	10.9737825891651	29.3633471269083	18.1393317965645	9.44026257715156	10.3045554645592	17.718180003697	7.55525437931679	14.0778181660508	18.0033239494395	21.4940587727181	11.9503957962258	28.3279222662387	12.6243923247754	22.9438056679431	9.61823245337531	14.8581512679925	27.836666431536	19.5833375961241	17.8828372345939	33.3587301861681	29.7593707276628	23.8215562107637	14.0069899532519	29.9151244219852	76.357573387363	98.016990069552	397.727273009337	4524.31455159454	2316.40769461732	90.1537928693065	66.119333057616	99.9811669186635	250.047634889135	728.527422836263	301.364062610832	142.920364109723	131.590816341956	219.167835563056	250.85916157468	213.366362410532	846.70490137474
616.63	12.6745933811001	3.50992796019543	-2.11365010806661	6.30467592988001	-2.28827977085909	-13.1714033017071	-1.38950894653475	6.76249245371808	-9.00861105071257	-4.12437638071659	-5.35216246823886	-6.04831326405729	-21.2411424470493	-9.89689735068256	-4.20953618208255	-11.6335822369314	-14.208315636861	-13.6026639060604	4.72920249595469	-8.07918742742759	-25.4097868977962	-14.6078807558343	-9.95121627079216	18.2905708701149	-1.63655513496844	4.76703802093235	-10.666630556855	-15.3367867663164	-1.87646611993794	-10.210227946106	0.306477907185305	-2.75977766936246	-3.41239624854446	9.19113820410845	-0.329375371845746	14.9504676549591	58.8257628023357	98.3292999873844	1810.75432858941	4492.38352939103	443.150330209747	20.4851313506013	18.6971390581673	66.5275356153646	364.357654426398	569.479357507788	85.0134940918061	62.8902002665382	5.11760773886474	-145.357841889347	-155.22218114094	-151.021491291569	-802.635032663714
621.338	12.3335252878762	14.1498342918625	11.361220370443	3.67870541832858	4.32417790224314	20.4430611813829	1.60046600577379	2.27184500425743	10.6582750704984	7.85159451122998	4.10982316650163	-0.304787702918123	1.91711196986984	4.98726252731743	-0.909118772179328	-5.71209757897343	21.6387492838504	17.7218534255112	-3.29974384135804	-12.0199660818939	9.93785664707915	-3.23175945063831	16.4766579110631	13.9124796459153	18.4731868714565	15.3741726495025	-3.47803686718043	13.8798296386626	2.2063818529859	19.3333159018113	16.6796177228065	10.5076031868927	10.9427877288555	16.6099299906655	22.573203419831	53.2626867340899	95.6005631284253	279.998406652321	3781.83908816705	2374.57008444548	57.5524763445397	63.4858637653392	72.5200506691461	132.78401415419	546.589175767827	331.407614956086	65.6511461399648	33.7146214800428	96.2779703891893	141.694764186008	137.361677367354	188.445585173009	395.477188693674
626.047	0	7.14301700245662	12.5459448898328	-11.4799915799453	7.858440763683	12.0622421482066	-3.43372661014837	-0.3528788809087	1.19565185122914	2.09836860941932	-2.85270040666867	0.615442894715987	-1.61297099715492	9.12642251238309	-2.14169556056912	8.80238460566757	5.14047854207708	-1.35037250797595	8.88401503561618	10.1782994054896	-0.385904377904361	16.3143343078124	-0.361635968354307	27.3904696527504	5.32885747496032	-0.323378276525282	-11.492230352025	1.27394821933691	16.2297988998164	5.98175449172877	7.48451909006153	-0.936065689420327	10.1011363709492	11.2873717376892	16.7577077647032	80.3092674960843	83.052755248064	1426.17303205316	4233.74102189962	534.703668293914	38.8977059777271	45.3368664467819	42.0859915524921	237.595262253511	509.101414779581	179.448986959418	44.9376769413294	28.5928798848957	1.73579816571596	38.7955666375946	3.85232935784368	160.988786188671	-18.1492667215914
630.758	-14.8333409223466	-14.8404277356527	3.26071886605665	-13.6508017504307	-5.58935554314383	-11.9207538672804	-8.57435773163938	-8.91663915845449	-2.01413699210235	0	-6.29086312829895	5.90944755962898	-0.32605590490759	-13.35941308861	4.3293554891543	4.60181459588424	0.649455021839897	-2.38851048452624	-3.36725547928309	-8.30915163188734	-10.5312272722771	0.366431127891839	4.38619949584515	1.06478431895889	-11.7819637491792	0.980545187413999	0.967962632683576	-13.519996863046	-4.50304735218471	0.636415128283183	-1.89120855940114	5.04592243679923	-7.65714750722622	1.95574194405527	29.4713056450514	69.7284376694097	166.753583384096	3219.64656490422	2407.98711564588	43.0359942521084	17.4733826154319	18.4346886497207	41.9549024509023	360.217287101586	347.232837232029	45.3436561560997	12.4904713413432	53.670881442632	-22.8075215070536	61.268555475113	-70.0860253092225	-369.809841966033	-752.104964642839
635.471	0.905896432752765	18.1878231829405	-1.82542656487923	1.03167507474559	6.52160260427169	6.00616474738676	7.81734754393784	8.26632611073683	8.52436056961505	7.3613928683785	8.98051880963737	6.89508267942575	11.1710630250805	5.12839639773985	8.413612216606	14.8389308434852	21.5966571779531	6.87674028991496	8.67131394441224	25.1189484328403	7.86083593353708	4.06170670397435	16.2062795626739	19.6710071707239	6.44505687260155	18.1147590825708	0.650265702537387	18.4895214742526	19.4470281927435	15.7119502161516	9.52868443212196	14.3006776332233	16.3964361839661	27.5907242615862	67.9292337212992	96.2077592654952	1053.55020686125	3831.9512464322	625.391618685655	38.8016931179139	36.6825285865745	57.8519198555001	134.464987805982	440.042647798153	191.574367706454	61.8745665823751	69.7974397274631	55.4699312185325	63.6444820951394	175.339392056311	-54.9301110443055	245.949484087361	314.244029749316
640.186	21.3283773022983	18.6267653880118	0.36576804847303	7.92430025049823	5.048844268336	1.09407212774079	-1.85493944362539	9.90213391438926	3.25344827811959	8.8026093635946	-1.58776112090001	7.84997383449874	-4.60845152654897	-1.28449671592344	12.4879203996433	-0.619445029141145	7.21234815421861	11.7123204815681	3.77718692092267	3.99459089724865	-16.1448493242506	18.8667656001523	29.8900796157087	5.01652921712125	13.2540670475619	8.90932989447688	4.23463134667807	13.9743196903878	12.9889303455864	9.95880230798464	7.00076941638297	21.331937810271	25.4458979639877	35.2110515945761	80.3679525701012	132.12692475567	2596.23666580958	2369.67041991673	72.657158753423	28.3553389727656	26.4608118169896	34.031622493705	230.018038148648	347.410186921432	100.724972832461	27.6572002497725	12.6099610645086	59.7416887295712	26.568125751058	64.3288664632766	216.200420299853	-7.46695233674384	259.273155178837
644.903	7.80266829581978	14.7440359107791	-2.58963211100763	8.01484612667392	0.600768724779918	8.29930039069425	4.3776474984083	4.73449563232824	2.67363146095736	8.90319111242584	7.49421607574763	13.3386463233755	4.32817295352845	6.49586916377701	13.2621424157862	10.9641530005473	12.2684583387769	-4.87782631644838	5.34848496501225	13.7367973515038	6.77069619656955	11.5990718319345	9.33074515679354	14.4967139032381	-5.49969753307443	1.33498238075448	19.4383113370038	7.88874153088955	3.28433662213314	17.2208884464757	20.9204352512325	15.4572065388224	14.0085573384434	60.2432036908289	80.2485684065923	775.530746412468	3450.62312531855	727.752245058515	65.7063501680501	30.5296169895744	31.2236895534717	55.3954598866395	341.531917471786	205.48527451199	48.9325151684796	69.4507562501071	71.8864465554422	47.7773681451586	130.775619396374	75.0737434572898	210.719137708273	241.672716570061	449.546918685068
649.621	2.32738724257626	-4.56889298720749	-3.37665711989158	-9.54191489698425	0.913909089196764	3.92783003488354	-2.74833245980823	-8.8643323644944	-3.96292828635794	-6.34485558393426	-4.88590598691888	-9.01830501836875	2.02589497227102	-0.658781948986396	-9.60705049418863	2.22387055544875	-10.4244796044178	-3.8868287249761	-1.54976966813805	-12.7020170104255	-4.0391392671909	-8.34811929853031	-1.89256474381134	13.5992739515191	-16.3840438738231	-2.03081898468666	-17.040452380268	-6.33365652623998	-0.666165412666103	-6.91995707240811	-6.20176608711378	8.81775359223914	17.1803782762608	71.2223602019597	108.395738814266	2139.56983942356	2320.05642355333	75.2183130383598	24.5502661470392	3.28382407169246	31.6656671185509	123.813279299682	305.936845986333	91.693342239383	25.2193459945256	27.3909399490286	-22.3415525461198	4.27532350046782	-3.63361025813439	60.9091418383695	-52.4174494290332	91.9101158125214	-18.996264381346
654.341	2.83623767521699	2.53082594220516	-11.8113318986893	-2.87114078120312	-1.85620406084912	5.41341071471166	-1.93224036575288	-2.25049869924046	6.56624423396759	-5.94774528600557	-2.20523722181816	-11.1208640566341	10.2867848641498	0	1.30083297130926	-3.22629586045184	6.48842094116457	-2.51184874845837	6.6888092797636	-1.2483172649422	-0.820373360843193	-8.86311793351788	6.15025963419634	8.21163062059024	-14.8684350800969	7.21825109179238	-2.37520834323108	-2.70821799926985	-8.11813095288186	-5.35422742779431	7.95546828666779	22.2209040076134	44.2890164354093	78.1558479561674	493.752931217522	3080.94971942029	803.654224665886	32.9179167881408	38.7329126512855	25.2493636870528	30.6261262952005	224.330910292261	242.667568104237	31.7445453850466	42.9603880880559	54.6391985082086	1.19413238005493	20.2613551529173	-25.8302797154257	-59.2777623360095	-49.1367586892578	-443.352997606541	-57.8738249281592
659.063	25.2641922218229	17.8648137842063	23.8213870245385	22.4385281700905	11.5428849828514	-5.45895047501967	-0.649498379632966	3.97150387873949	5.98069349844862	8.49685511458422	3.33568282936477	7.91605918629092	5.53243807080486	5.39712628465488	12.7898169238623	21.1473388244267	11.0197964030763	7.23708404986054	0.793538611669809	7.55291163248949	20.2682293483842	18.2639506969696	12.4039961203567	17.3142120644281	3.56988434748834	14.5579477719159	14.0289672991691	11.6067525685649	16.7139487830384	12.8232646226363	14.7077202150747	24.7489521722312	60.5638271783104	89.8748454165668	1701.00118449192	2288.15340641542	90.6253159716802	41.2807568113892	30.9776287482534	41.7957378921081	83.3861666598996	309.443978574352	147.690523194315	78.2505609230563	59.9840140568191	55.0988451403629	71.0464958499608	70.0518916017053	46.5135255075256	25.989752351656	119.746115147916	78.4355542200298	-97.2678042034255
663.787	-8.21857476330823	-8.62774380161992	-6.62433547852739	-7.70796995521661	-16.7689764656172	-2.33111437124199	-1.97613844881864	-7.28848617566604	-6.93204757247409	-7.6035882697206	-15.5054449812626	-2.00709108902288	-15.0793657652181	-13.3421323942932	1.66298283566134	-0.989877979485087	0.349254197116231	4.40385395767833	-16.0959309555069	0.425559157010852	-10.4876402121245	-3.54696921449404	-14.9387163617532	-21.3772073253242	-4.70668940809488	0.703070545098519	-0.694048601258908	-4.50083615002972	-1.03782059111753	-8.89828675867096	5.42413771367275	21.3689748321787	59.7073189306919	370.909978837143	2669.49348751245	870.71153105319	30.0947580295204	6.04257422164118	2.27660206641281	9.74452740847738	117.457175844307	208.467391224266	43.8703207325176	-4.32876556405831	-32.107365097487	-1.01600968584967	-17.0976620271616	4.4403573828273	-11.3216191482997	-144.971580013913	-41.8775702966311	-397.741599027521	-789.181944080901
668.512	1.46148533153419	-13.4757999689851	5.49726977267494	9.61655862820105	19.1296733060825	6.16621277685123	-5.7527277837713	-0.57982990394574	6.54875025169624	2.55401212409962	3.69309529709288	-1.34834627907203	6.71419326761468	4.48156405733673	12.400668665641	-1.66247847154739	-7.39071654036306	6.28675015100777	6.89335504793786	6.86128627467474	-0.845460621111033	-8.33988038199119	5.54604434541261	3.07736171499584	4.37803320772576	14.1694997092071	-1.74845922686458	5.58207221505433	7.32058757588252	15.8641387024165	26.6459338024786	35.888727048979	89.5578591422233	1378.81823528598	2207.59547532702	103.86238347881	13.9336106378899	27.8355334808148	7.79994714939224	26.0214967043455	182.011467958737	138.714609568862	30.3137471739422	46.5284309073557	39.1655760743472	57.3339010373523	29.5355832429963	59.6598668354404	-72.2547670029101	66.4027107162997	-8.43989588636895	-120.239700931511	238.574494518162
673.238	16.6632501155825	9.18374352560939	11.8508051908113	8.18609172287605	10.5846824356127	-3.54476989028431	10.0166057327528	4.4721337223692	5.70976338628811	14.3886010627117	3.14374590871495	5.42586547900552	-4.266080765855	18.0342127894554	11.8010055323593	8.36245173844265	4.9568169003131	21.578083187553	17.9490717178482	5.60836795880895	6.37914153036889	-3.19623059150542	19.9265859341616	0.386986798082129	9.1758309544778	11.0474948837708	15.830900112544	27.3764833893212	18.2363357458113	15.6127271639056	44.3336657068098	72.2097165256851	297.425118953076	2305.1171478803	948.855295396191	37.0386105156471	32.1578456244023	23.1901220725176	38.3114351493047	87.9192541933021	227.032240838427	65.467894146749	47.0151359721937	8.77661947028259	24.8400390943968	73.1289611760514	71.8075142649939	81.0258579171908	130.076670195239	72.1468134503991	241.985609101348	637.07609532125	740.034693494482
677.967	-18.2665474336764	-9.25110681619256	1.98962192219268	2.99859533807745	-11.9547243238313	-8.92692745676044	0.448447916260253	-0.195866829660881	-8.40625013816215	-14.4941422847384	-15.2582445228521	-12.2977451621279	-4.29737271531767	-6.98711337869694	-16.3029484681035	-15.1628234511719	-3.92320927375298	-0.749529644044906	-7.3966619447649	-11.733588683784	-20.5629852892955	-7.64672842896466	-19.2698386520836	-8.18633274177893	-9.24313620589351	2.15390881906342	-12.4032383079295	-7.07110037957202	-5.65233856140234	-1.74747193575252	30.1187631546683	50.2248092943365	1081.73805318434	2037.41074180531	141.009716734718	5.49835865432795	13.7050376202769	3.52607139031545	2.78981578877405	111.949062236974	157.26287404267	28.3461152818753	-13.4399985008147	21.3657414989973	-14.6682109563289	-15.5631055650241	-13.7185602059455	0	-32.7576975259377	13.4585212046331	-171.060061443711	-178.714935167156	120.885874188008
682.696	-0.998384604370826	0	-6.84010249277571	13.2650549567874	0.653402771254208	6.61936861467063	11.3361387750173	1.78244664207815	1.56577691943366	2.09366703508471	5.5308952903417	-8.2898632206986	2.53473727135347	-3.17924091619814	8.58574650734553	8.5176679947336	-6.13071102827797	7.19988490538891	14.5426798783122	4.8336245743318	6.06437568671738	8.54583483940991	8.11857807085297	11.0367515042459	2.61692043737487	4.35582521783268	10.3914984307515	13.9423104411843	2.14324870332053	43.466878342947	57.4083233965635	176.520018940997	2004.40183445596	952.41009231499	27.8390675442474	7.9423342447524	20.1567571897514	7.57640479253141	47.9554073020775	157.469124969207	107.807089835324	13.4535977891452	53.0648465501022	26.0736091377694	17.4490326933778	63.9952844856491	27.742887706545	73.3598102367701	27.2775661431478	106.146353829933	73.5107220399702	-65.7114860636505	-305.582654316371
687.428	-15.0803311472356	-21.5303215907241	-14.1808896040376	-17.5557983904496	-3.28982442233755	-1.51490581913052	-7.99070205589478	0.797729704331464	-1.80195349238666	-2.1082851947639	-5.27638023224114	-5.9129851522264	-10.9390072311117	-20.6314934848454	-8.99152062952934	-2.40159893973574	-19.9731405478409	3.05269688781321	-5.43928100663336	-20.3544703662675	-4.79813531122119	-10.6544317637882	-6.94897326705455	-7.93843645239425	-16.1876079779173	-1.46207931886111	-7.21658810242817	-9.71976241914168	9.35225653433823	25.6216786832983	51.8167409318935	876.41855957159	1932.05202947778	165.857945430724	7.95543631700754	7.99778829177595	-1.69145778059389	1.79513032688976	53.4980065459408	154.009107513534	40.1671289680707	18.2597169662317	-8.47145789205659	3.00064654560895	-50.0769604338717	-3.16928385024696	13.9682954432483	3.07800060892151	-54.9360408174594	-38.3698634012173	-21.7717588518365	-206.782153740845	-164.115337686008
692.16	37.4000631370826	20.7452227870811	32.1820359131891	13.8138980336141	23.8153083438893	18.8867969406409	21.1181423409456	14.036046701388	15.3997437980789	27.2915114799809	19.157018922985	23.4306135915028	16.4975768676339	38.9834403407731	17.3852441259521	30.7003581430105	28.1141777201662	26.8560866229975	37.8609620595099	35.5912264445029	15.3496629114994	20.1884983387424	30.8236436393354	31.5270300202019	16.2754749297102	23.1527447709619	13.4231560316868	24.2503315247802	46.6534500410971	61.5395793098409	150.269073259454	1735.0475470427	1016.64936720717	28.5871249143185	44.9446195187766	39.80394292454	35.2882608635371	46.9267334271094	141.373040184009	161.976097988679	67.1266809951004	55.6687145811594	51.7598355175795	44.4997789955056	105.997431746869	72.2270351199784	141.717896629396	142.35657321167	171.620661038365	135.023477676992	315.215089732279	548.868078359625	1794.44201154364
696.895	-8.14141553931851	-0.908091458326176	-14.7648231050311	4.24957749929724	5.66124509310956	-6.44058386659043	4.15986957217068	4.23940963749652	4.56009512308168	9.33679303146472	-2.07707383574521	3.87294088220038	-7.75115220580191	6.8414253108929	11.55218280081	9.02954998982739	-8.82236915174792	1.15879141019833	-1.69413670022971	11.1977894910801	3.9738606255583	-16.5923252072417	9.93054941560319	-12.0535936707813	-17.5292110545666	-6.65999285741816	14.9753194226006	2.55082251112188	30.5852943720621	52.5918266708496	645.478292967372	1831.79767322701	191.058491425915	5.53485769343308	16.1058746541228	6.88143710878865	6.84875245339987	44.0654330482232	142.333104135133	48.7176960344607	-1.64835458811073	14.3098112369989	28.3643983083836	3.03742216134558	12.4503470037766	14.9712559148189	5.14163252251354	-7.78931067027428	-31.7767607364905	83.2288296523549	-26.4463095494453	75.3539236450355	103.829199000809
701.63	12.8281606318297	4.1208475300002	7.44462273233608	-4.67496922613123	10.0746213476085	-0.309278967420482	9.32205459188329	-0.407155705854189	8.27734103309556	9.68448721113968	8.97675953040434	1.42021016143421	10.4219609906823	11.2563898159626	16.5917582890165	0.35021698136508	3.33626804091795	7.79037654839557	18.3654408021469	11.2921526528554	8.90521807217613	-2.92812586981275	7.92793494467436	4.05172288257954	3.84281060017446	8.95482167235471	-5.15661509086177	26.4581295778939	27.5384240900659	97.7151991057239	1464.47487711066	1007.32042534069	32.4149324233319	19.7212987194231	11.214436701914	17.9608688581219	26.3309035963519	78.795097410034	123.718281435537	14.997040891713	7.75714418449322	6.01266634851065	22.6166604791046	41.3507477569057	33.1817728413995	36.6651576903515	-2.59248038978399	4.71297046007078	-30.0417579069578	170.658062076728	106.676684634906	261.739637626636	0
706.367	1.55781419973113	16.6807878941816	-4.60397436553693	1.97123107729466	20.0506987434471	5.00772408405251	14.8580639327645	10.0947747420572	5.11895193367585	8.43928873510956	5.14774802681509	1.43721796885096	2.2600220949009	-1.10237335657296	2.1434621913648	15.9484961118607	-7.1275791618597	9.85458830628489	12.9665422193861	8.2277153769818	-4.05533835754584	8.88957542220876	10.1341596375042	4.92029342398225	19.4441519834088	11.7051616699163	6.70933083553059	36.0718486089148	46.0754439246079	535.966182242902	1681.92064542052	247.741558553211	24.3259086846195	6.77800944402778	26.2194931136387	13.2188801911352	43.6823456184165	117.290083028067	89.4983493873803	19.3632977873829	2.24286865858999	24.9471526404508	29.619127457338	4.64954955380473	39.0244094857348	44.7433522965068	61.6528794680093	127.184290810165	32.4282929965975	36.805298951491	-31.4866408873404	230.69681028863	699.323147414553
711.106	15.2179462548919	24.8172453075528	8.03632435905458	-4.38251955693973	14.0807245092936	20.87507235983	10.2483458593102	-0.624576229696776	4.93788885243336	18.7075411513978	-3.36608198231915	17.0657016782644	3.04519470678907	15.2249177380308	-10.1084892352412	16.8332791552572	5.30737933099029	13.1454682737109	22.2759761604422	18.938878411682	11.8391787754715	-10.266835664656	9.38777830177587	-2.90049046065072	13.3616953144178	18.3155769887184	30.1342463163697	52.2366250861415	81.4837901265304	1251.16789373582	1006.05029818986	27.6130806100355	23.0930061226204	26.6373703632924	16.6097242996476	20.4552321480417	47.6752908060238	109.159198491175	66.7208159971961	6.87518830130117	23.2322542680076	20.9064208817383	34.0136495724893	50.9022092051346	65.1163243590849	19.8509279248666	35.7917485551482	98.0024573052403	81.927130054043	-22.8886737540674	190.915516142358	233.133795621652	278.401108750687
715.845	16.4557232807693	-0.473668972838475	12.8357823619675	14.105758876273	10.7696123794126	3.51944330030601	10.6080419409463	8.42405943029597	6.4221879785527	1.39147380374191	8.04827089446776	9.18255491036005	9.62636493319386	4.8832806443891	1.09558659560729	16.3034912681375	21.858692596461	14.5064737337645	8.8367750108	-2.33634856827216	22.5705189369526	9.52018271115869	30.2158918832587	-0.838302248186189	2.3852347696314	10.0357526547661	34.2933640654589	53.9816168160632	409.475085502511	1540.72311801512	300.394483097965	31.6570000417098	34.6636141895802	7.31381791322669	34.8040368448309	27.8708043087248	59.8372501953246	102.365921908604	38.9959421132855	14.4444910108002	51.5878274681593	21.770382035843	14.4510617634922	16.635651102676	51.953736797671	70.2823202622213	76.4348189157259	4.8755724994167	76.6596281088598	121.556214292562	147.142844579335	314.442474136541	888.195766277663
720.586	-6.91811094939065	-11.8714518388763	-22.3045426372638	-15.3532703255627	-2.08967389600536	-5.77354667984559	2.90036520465648	-2.95582252942227	-1.19227967927685	-6.41684804280738	-10.8614090709716	-4.05046700847548	3.47419116106289	4.89553965404873	-5.12557248521261	5.44813987527773	-0.384448539588047	-9.2912913767542	-1.77179177809431	-14.5217252389025	-13.8533755524809	-5.63968494853061	-12.5494376260595	7.9838638961897	-1.59414844913917	18.5740549907066	31.3235027890042	59.8337310138481	1036.92000044713	947.474696333659	15.2999905638804	18.6685128922239	11.3317284398837	8.1039868234623	3.20840543036552	-4.65679521683739	87.2951929097167	57.4878292371257	18.5445127558353	21.989290872665	-19.5376594287205	-2.49428965721974	-15.1772130964043	-7.14746284967654	14.8811890548123	30.1966102776999	30.9195461097002	3.25854143900972	41.5416620451509	-37.7189953396317	-23.0487863495563	297.718971272624	999.013972151968
725.329	1.61600035755788	7.20993107040546	17.3670477103089	2.04485883251493	2.82028684431095	7.1428064904615	9.78605064410602	0.854842957258604	9.65481944517285	0	0.31411896207583	13.7908223943277	3.1259153704628	22.1085999524454	14.4528993532467	2.57354079789888	-0.389147498296529	0	10.3123241083132	16.5958917439992	15.4249697228285	13.6128548077325	9.63662534372423	10.6334834595718	3.63067442917384	21.934591161063	44.8528956506742	311.697859903666	1377.61602354776	313.837975458685	12.4651432414715	23.0539624834735	19.1170526077064	12.1092474134618	25.1690586408871	51.8508467145869	90.1747239430209	15.8701308212659	24.859123410823	8.1431916088662	14.5415149431105	45.445974280805	0	57.8785871336519	35.7748050209464	22.6412527470277	115.664537884237	18.1410309880416	54.664231630206	161.530851031503	-51.3271051149954	159.542401559926	197.848274693677
730.072	-16.2606402842174	-11.1240742673344	-10.9220008173042	-2.46911187255767	13.4797885954082	-6.5338985858715	4.67732188775771	-0.215041626730905	-3.88597800174436	-1.70497253179756	-7.90187858696663	-12.0014745817736	-4.71807309574014	-4.98623554233913	2.98316000822341	-0.36993822411765	2.34942552742956	-7.40615788777326	-3.15807869678686	-1.90848490902069	-0.470334211973442	-3.97673102969456	-5.28907505390349	-4.70786961315108	6.90064853498366	35.8656824763604	51.7464221937296	881.139168241447	937.0586140518	27.6270392526021	19.0041971847011	6.46488581208922	-10.387496371461	3.53748134505985	2.45088381286399	43.5499886522027	69.306109911675	16.4528702919536	19.9090495439453	14.7490262620489	5.26754609463929	12.067372332344	31.6194333146812	12.9420060134876	-8.52574577049007	44.4253905219848	47.9231697591311	-4.97836488545377	35.9645815278312	32.5073574537586	51.6467455716676	89.1866414960525	-287.56054647725
734.817	44.7605021496838	10.7157712553619	7.91953004937034	7.04535933916485	15.004222122983	22.3725772500252	15.1230087175505	9.74540204015725	1.22296793189912	14.5948965902583	7.00289693141336	18.5074004170567	3.16765675639261	5.0215466306307	19.5278582900326	15.6474368564421	15.7737565624469	15.7459463614728	4.08914138990756	10.5710013811414	16.5782744331441	23.1393823377092	33.2908172790892	9.48241878773226	24.1189117550041	45.6457405294192	271.143683034394	1254.84010943331	359.744503784785	27.8226860113643	12.2488188492961	8.04259022451741	7.36148500448252	15.8334789872994	32.4984968652222	84.2428618837235	49.1333552579961	27.7780862737153	13.3666931438968	20.9048902211112	21.8088250787622	35.8188673625353	21.9365321092108	49.6908195379388	0.954013628203512	72.2723050765427	118.587974805645	8.35603372668896	40.4803632335102	95.236553380703	113.481802894294	476.036649108211	289.596967693138
739.563	42.518803313748	26.1147476255734	21.3637434137578	19.2850721916943	23.4902025226265	10.9832344320793	14.0444780768576	12.0492258845704	13.3612790653932	21.4225801251704	11.270217774359	16.0475168967795	12.0165166781715	17.9746809059093	5.31849208046092	23.3665619406385	19.5470143936302	16.3477876618653	44.1235108103455	39.8580925403495	36.8953143930664	18.0060155060891	35.922155681008	41.4218285136606	55.8275636550186	73.8804360250398	776.492101579839	917.446090685948	56.5040769578102	23.0636362456491	37.5599649021911	31.3812960362015	23.1245373417337	26.0278877672497	59.09268688664	106.74483392769	32.9807254055845	27.1143605202269	32.7642619660175	45.6338759030815	45.3161856576855	26.5287561969621	46.5295492075383	34.6102570587573	84.9271325306755	62.6663394506849	86.4854602019285	158.915860364792	73.2788975470245	313.109497252114	282.212474530899	363.440834683142	1645.06373278594
744.31	-1.11619477313213	8.46600588560829	-12.5954540651784	11.8642735020197	8.40080534150613	2.35469160142606	1.01390496550365	8.63536590853463	-3.50107965549843	7.31475435108408	-0.650899503773479	14.6744498706446	-4.45317441405974	8.68851828892786	5.75932280985594	11.4273114229215	26.6101896283068	12.7097005081458	-0.464535072711936	-4.91272370617698	5.81140867602329	15.4687858334617	16.7916668399295	18.067963265934	44.7217063614641	214.271904894787	1135.73066199327	374.899696699775	21.1660246718977	5.13616304378675	16.436994696951	31.3253206424173	10.6955835868966	18.6167163414294	63.930582584051	39.95791170299	21.5963007959688	14.9478115032918	21.5507990856093	14.6240119666998	12.0528411249498	5.23169840432359	23.151820561951	38.3118432661102	35.1144581015457	34.0140421906848	7.04922051856864	61.5122441685561	-8.7132401164994	136.928892794934	183.707747809738	440.79295869279	1275.46215228166
749.058	0.563801126993344	16.6019665840921	23.1761836708644	10.7013625546761	8.48666134836345	10.8743153686023	3.84100142718174	0.671047624472314	6.82108829293327	3.25138481612706	12.4934819079746	-10.1430258235581	14.3140000753689	-8.37834586378876	2.32727317423543	9.62008186777337	8.96071501920571	11.5556339779653	8.44708695810136	30.2738828308632	4.89233426493416	13.3288063520175	25.2156823656971	20.0333605273026	34.6229757268574	664.144030399875	883.470340550565	53.2969225301272	31.8717911235321	8.7807999117492	27.6749672416643	20.9651202876401	4.40199310479156	36.7962626477594	67.9831067741481	38.1237093577328	8.53709259715207	1.00670518258404	24.4260534927455	14.2052586341617	7.91441354616361	9.90968666753165	13.8868812337076	20.1930726698905	18.7220336565312	74.6477545568297	92.5764237389077	-31.0704488328727	70.4183135874902	236.6950952735	68.373508036765	398.912658179702	322.124335377369
753.808	-4.02261209446741	-1.02555691325708	3.24230572589055	-6.54447033771118	-13.1631932158153	-2.42456683895721	-2.60998123461837	0.68397073287202	1.02999252678941	-20.185274797074	2.34575208483986	-3.18103425292965	-18.3412876758604	-4.06652236331649	-4.34883543426994	0.784427716356368	2.07574578344196	-10.0332590253532	11.0013624032123	8.59946409354043	-20.4448606261296	8.90084087010821	11.2151078090581	17.2428505888963	179.891646182512	1040.89078017331	377.436162416418	8.64234644028501	0.411209893112996	3.25450964178554	5.23861645944765	5.64460686935781	0.815775848818065	32.9209582014802	66.2607933021958	-2.74291058215795	-5.80100057216461	16.9305249444585	-13.5306810310398	-2.8957650111002	-20.4773381647827	-6.73368566337212	1.4899280324544	14.5788834228299	10.0434655917242	-1.20770363749517	15.9684919497858	-3.51875632532932	-49.3449255454428	46.9974146599721	-24.8893758992099	236.392419589471	-703.559659262715
758.558	40.372392269704	40.2018255444175	32.5409548695974	13.7711502601067	21.4440354926044	18.6912036403514	15.6788669618442	8.82114861846278	11.0115549739883	16.5645217648255	13.6480102779857	36.8421553482037	15.7037780609409	7.45282542908078	26.1648906325531	20.7659381823986	32.1249922019369	31.9795216606577	22.8897880759482	24.7223062532153	23.8629116922438	11.9245698824972	56.1435017771538	55.9031290602291	642.382887384817	881.123555638742	82.3196970993764	42.3213028859234	43.1246971204022	36.4505030417806	36.1061516210108	20.93635718353	34.0549289949685	93.7697867467435	63.056014350687	26.0659588436817	36.9154531771924	24.5515898661214	44.63648060246	28.3047828858122	51.8082226406882	30.1669076783536	29.5818398302057	79.4588019692877	39.8816834105924	17.2152640602382	100.509105939389	84.1942308320812	171.279883609815	232.879278859587	593.000613683059	837.602699605359	1098.40571898666
763.31	17.9046445967989	20.7696277557197	32.7114029610547	34.4374647708889	1.17178733993426	-2.15834917875473	-3.25276707958991	2.60461348146205	12.8365895467984	10.0125379880296	24.3621967380484	21.4741527123749	10.3901716641426	17.3157519854605	11.4966856016507	1.62936079018397	15.0906011069315	17.6690471836447	9.93534531172225	11.0325548649866	26.4122140798447	35.0303331230329	25.2365445353357	163.52692800806	991.358172411994	413.145205923291	11.13858688434	17.0964800274965	26.9053371849429	13.0975964245945	11.2998154356629	31.4051782495704	31.3477881360683	61.8893253593235	28.7858799164059	26.1130394086259	25.6050821419851	7.45965693188771	21.3598195402105	3.00744470668972	23.200449446831	1.39867615135848	45.6479882319972	67.6898059643865	-8.34464600956695	31.3570153129829	31.6610160790085	80.3981783645779	104.825433244991	211.50975421816	139.586076969426	716.88704523693	535.841925818601
768.062	21.6865831189143	52.1410797574854	17.4798193239079	16.4650957521311	13.4045007748444	11.9819796088879	8.481596232984	-0.716994846238112	6.20841062753817	19.2649645322893	1.05386223283069	20.0077435080915	-0.873948129445843	13.6411711740561	20.3074262124419	7.81187078190568	20.8893012377268	31.095791556698	-7.5212220337894	25.4531899649993	16.2046817706119	52.54600814611	49.4757173916127	584.596036557853	855.816313007739	83.6649039426271	16.4317767495463	31.0615689537436	29.7434375976617	22.6021608064446	32.1044591863591	18.1740883589265	52.1649978892424	55.9157122185837	21.7913909880761	28.7534635121181	7.60136237080159	25.8152441503348	30.070041845467	33.9985076521639	23.4175026766901	38.8234426801236	17.9614604773694	2.69696376717829	20.0039477874392	51.9066195851283	130.872435653907	108.815239981296	141.074845365985	174.075276552619	166.983091065384	664.12045265084	467.102069523256
772.815	47.559689789626	3.76036167548478	24.2620634705748	21.4824054721469	18.1239497922205	2.90287219077212	6.0153634491114	13.8530711388109	11.5996355645146	10.7310097001772	-2.80850929086205	22.0778122159834	8.29721901701869	14.4845127028698	25.2645711340917	23.8315744424689	17.8315798923837	17.8229915987581	24.052580653313	39.7452777624888	29.7767270652725	36.3170833265342	151.759438775368	940.74749278753	403.965736594782	28.0164571409526	22.0391274733622	24.5747460993345	25.4165952613012	18.7521064177688	15.1976891931678	36.325025049925	62.3872023527618	42.3466361382771	22.2312092922	24.4248768483968	26.3346052543718	26.3362763739757	13.6079497282284	28.5162869921113	29.9033057308636	24.6900909895759	64.7761594009452	43.1239353376967	-5.26084379994152	64.5256454374971	95.8106033199093	31.3335733453148	133.935739474131	295.411246569224	276.389588333267	733.03897094775	1302.13901558488
777.57	-14.1287469230261	-48.7849059994593	-18.8150429853805	-17.7228081477385	-18.4933989435312	-12.9589513754723	-11.4389704094058	-14.1354602114995	-8.8082524975914	-9.6615501649709	-16.4781175875479	-25.503236832908	-16.0415135304615	-12.6062773529351	-19.8629542119709	-13.835745648523	-26.1831483686394	-8.85999515424279	-27.6107427787828	-1.6222187463765	-1.06609520060538	-5.50853122999268	457.565613854099	814.407678209077	69.9268551854132	-11.6136966258986	-20.7245909158854	-29.0350118366095	-18.4619912161108	-3.91384642084557	-11.6306158077233	-2.15497066993994	23.9811073200424	-12.0274853121221	-19.9067036367642	-23.9454043257793	-19.1200525390597	-14.807643267697	-17.9352335500695	-11.143753889104	-33.1661653653334	-17.275466186325	-22.2976462941046	-5.50037484487369	21.4723356193984	-69.7139722437725	-90.004641644413	-75.2289297855617	28.7717818140125	56.9373598429556	-266.060070492786	-272.912228898781	-1228.40464563005
782.325	-15.5938564101506	-29.4991191238167	-0.502758394197495	-34.5708065483773	-6.12333300112557	-3.38362353913874	-10.7652566629925	-14.600632933949	-10.9003915033861	-8.82931547889296	-21.8242198804788	-12.9480098308235	-23.980399998921	-17.2143718190249	-11.1572468989044	-10.2173338358477	-17.5740628111539	1.89398958686657	-21.2865803871773	-3.84347369693042	5.41257222699691	76.2732236553278	858.721974086311	399.438323074042	-3.73704311508785	-11.3390024741352	-32.2372745121006	-16.527893591038	-6.2487765854706	-11.9223741516728	-6.99836582649238	20.1310720471634	26.5641244208967	-18.9975708847793	-13.6322206019513	-3.96966441131023	-21.5133937585153	-16.7063334707616	-3.52479858214749	-20.1162348629619	-34.3505065474569	3.65448556389984	5.66026472074625	-30.7179825189938	-9.81136681045788	-83.8964830487952	-25.2112633164973	-26.7356434073589	73.0372611560898	88.4218228974331	10.8063095861934	-174.48008565736	-992.767815621314
787.081	7.68592587584937	51.4371752932624	30.9750491606078	32.5808850773234	37.7259818882566	19.6884318976008	9.30876772596416	15.5006863871283	27.2648126826634	32.2356125483552	23.5304076492921	29.6932675813314	33.4514134654597	34.8994610998696	22.913343346045	22.2945105013082	23.135505607184	28.1998639233551	29.3214980910487	43.4128224386153	60.5803288084187	456.867557431467	852.079939923249	131.999050252169	36.4546671469735	31.6697895613619	25.7463264454753	28.8973326295616	41.2487597342632	29.9257016442457	45.8118946441724	70.5521328497239	41.3701476749445	25.0809490863525	15.4461415104096	43.3095983387151	46.3366832651357	42.8866948918503	40.416553909639	52.9312310903998	66.3950383639986	63.0430122408608	47.3276545127678	53.526420251657	61.5674428928281	65.9570594096065	105.169402330299	170.601670950245	352.487532467185	296.829093171543	626.941872462185	221.318471738144	1751.29500330932
791.838	17.2764359774574	7.99352030485257	26.8188124275633	5.82968067429066	7.95659199787222	5.01371622306095	9.88090167865421	6.3465330867258	2.86717603671462	16.7729767014713	9.3283397566982	14.1680021083618	5.56978803832724	6.79195343826936	-2.6412640170657	-6.11408181967174	3.23580600026556	20.8863677251426	-9.58675031296567	38.3011359578581	113.824154907085	791.303875098411	419.379819812627	17.1784771424875	19.6471177005533	6.04860274794442	3.6744528311601	10.9977513018319	8.2416911489002	4.52976687378044	39.4853688140518	36.3639422244445	16.3502209097943	8.81615572836958	3.8577622876155	-10.1805366381681	17.7629820960504	29.7057214012209	20.4898528984995	0	-3.45469604432711	7.49778728316412	1.65899687229712	-21.0076899259103	14.5380856880182	28.2396913046074	19.3969184767981	90.115045191179	109.888632686196	90.7060662413844	193.995797847614	526.433862832478	52.2263826961945
796.596	24.7689579103907	19.7752831879101	10.5075131559228	1.48463099380338	6.82538601019277	22.3936558788467	-1.18416276160091	2.06880841682974	12.5590434059605	4.44239569181398	26.2269135813843	22.5508224909172	26.0048204292204	-8.76376633208392	17.0403263783293	28.9168055626957	12.2431037997862	6.92717640899026	17.9038569276196	28.6884109892833	403.842975281989	829.457927773711	121.378486231876	13.381747776227	12.2036219798958	6.16153344275256	3.27517475161779	20.0721944692563	30.7837493111659	1.84573603152603	46.1645544229914	42.5307103472281	18.9687506829545	3.30870036691985	6.87713040428526	40.4453898434605	15.3530165163911	12.8024529497651	24.5557759627339	17.7366297253883	16.8921460498827	35.1337651815172	8.44985621973149	62.254297873381	2.27838763616221	42.465485310478	37.8715498137197	235.480651151598	139.9253913444	-10.6614920432546	169.386689691895	268.131334326928	399.011081963462
801.355	16.8804718151168	3.01254978450227	6.80299878991113	13.6705640596566	10.3110870781356	12.5484780819531	-2.55558656448535	6.2506834637793	4.03410572929764	1.17997570679885	2.62498767954629	-0.389342281954345	6.12239882026695	10.3526069164306	0.387109206330544	6.91271498632456	10.1624256241578	15.8040765240264	20.607462735313	68.3525567127338	610.816582307509	380.722671831881	1.83022892118446	12.8847702115738	6.32090385839525	13.0928630107832	8.48193460864493	24.1778032243204	11.2739160704913	22.7051116900952	27.6200526592605	22.5026534206037	-0.798774248342789	10.2009024890857	17.8101551239238	0.447624254814006	2.84005090269612	11.0517836945467	9.00910773264482	15.3112373046334	12.1518603383098	20.4393812437592	16.7770787505274	29.3897977620798	30.485863537477	4.73013544913708	-24.1642517296713	170.54838185693	85.6520251075185	42.9500779107801	77.9860989684048	-138.879456320084	688.896758596267
806.114	18.5685189966285	17.0711154455128	7.71006529523262	7.68969228355685	0.368253109933413	-2.03488833761401	-2.30002790803681	9.15278650053398	-6.55542181010867	6.4898663873937	2.29686421960301	18.2990872518542	2.44895952810678	22.6960997783285	4.64531047596653	1.15211916438743	7.31694644939364	13.241253303914	43.5566825996389	244.682340696308	624.97619932343	129.812670034244	0.457557230296115	13.3290726326625	23.5980410713423	10.2287992271744	4.84681977636853	13.2977917733762	8.05279719320806	26.2901293253734	31.1712022868797	4.7374007201271	15.5760978426844	-3.26428879650743	7.20887231206439	30.4384493273524	9.94017815943642	12.0564913031418	14.3085828694947	6.80499435761484	22.4809416258732	24.3953905167449	15.3182023374381	45.3442594043516	17.7014691507931	28.3808126948225	83.8641677676827	192.943623918952	166.911638671062	122.714508316515	58.4895742263036	46.2931521066945	1056.30836318094
810.875	40.5131323562804	16.0669321840121	11.3383313165186	30.3315640073631	-2.9460248794673	5.08722084403503	11.2445808837355	10.2689799762089	13.8672384444607	0	0.656246919886574	18.2990872518542	6.53055874161808	3.98177189093483	7.74218412661088	16.129668301424	8.53643752429258	13.668390507266	53.8604139672955	522.055034603054	351.060849463708	24.769908769785	5.49068676355338	1.33290726326625	-5.0567230867162	4.90982362904369	9.69363955273706	4.02963387072006	2.01319929830201	44.6135527945731	28.8037692018002	21.3183032405719	13.9785493459988	13.4651912855932	11.8734367492825	13.8763518992342	9.94017815943642	29.1365206492594	7.94921270527484	7.37207722074941	15.1898254228873	5.27467903064754	22.6125844028848	27.7103807471038	25.5687887733678	31.9284142816753	156.356922956697	141.262296083518	65.8861731596296	67.4929795740831	282.699608760467	175.913978005439	321.485154011591
815.635	5.62682393837228	10.0418326150076	26.7584619069838	4.69925639550696	19.5174148264709	12.8876261382221	-6.13340775476483	3.79505781729458	9.0767378909197	13.8647145548865	-6.23434573892245	10.9015838947217	3.26527937080904	-1.19453156728045	3.09687365064435	13.8254299726491	5.28446132456208	23.0654089810114	202.32781594671	605.762151157054	125.971765176129	22.9351007127639	18.3022892118446	13.7733750537513	8.84926540175336	9.00134331991343	-16.1560659212284	18.9392791923843	25.7689510182658	23.5017822757126	2.76200526592605	11.8435018003177	4.39325836588534	15.5053717834103	23.7468734985651	8.95248509628012	-14.2002545134806	21.6012135847958	4.23958010947992	9.07332581015312	17.6201974905493	28.3513997897305	35.0130339141442	39.4662998519357	20.6517140092586	35.4760158685281	157.77834952903	62.0175934025202	68.0823789316173	98.1716066532117	-68.2378365973542	222.207130112134	803.712885028979
820.397	22.5072957534891	-10.5439242457579	-0.453533252660742	4.27205126864269	1.10475932980024	-5.08722084403503	-1.27779328224267	-6.47392215891428	-6.55542181010867	0.589987853399427	-8.85933341846874	-12.8482953044934	7.34687858432034	-2.3890631345609	16.6456958722134	5.37655610047465	12.6014077739557	13.241253303914	413.085957557866	344.239325473551	15.6244049830858	0.917404028510557	6.40580122414561	-5.33162905306501	-4.21393590559684	13.5020149798701	0.807803296061422	2.01481693536003	14.0923950881141	17.1284175907736	8.28601579777815	2.36870036006355	2.39632274502837	-15.9134078829737	1.6962052498975	0	9.4668363423204	24.1129826062836	-6.88931767790486	2.83541431567285	1.82277905074648	-3.29667439415471	-0.729438206544671	10.0765020898559	-28.5190336318333	68.5869640124877	115.135552359022	32.7315076291079	10.9810288599383	-46.017940618693	38.9930494842024	92.586304213389	-321.485154011591
825.159	-1.68804718151168	18.0752987070136	13.6059975798223	-15.3793845671137	6.26030286886802	-1.69574028134501	-9.96678760149285	2.00914825621478	-9.83313271516301	3.83492104709627	4.26560497926273	-8.17618792104125	-7.34687858432034	5.17630345821528	-5.41952888862761	11.1371519224118	0.812994049932627	149.925158376574	461.326154415531	120.855245202225	22.4600821631858	2.29351007127639	10.9813735271068	-0.44430242108875	5.89951026783557	-2.86406378360882	8.88583625667564	6.85037758022411	24.5610314392846	10.3567176130259	-4.73486617015894	-2.36870036006355	5.19203261422813	11.0169746882126	2.12025656237188	-0.447624254814006	13.7269126963646	10.5494298902491	3.17968508210994	12.4758229889605	20.0505695582113	-0.659334878830942	16.7770787505274	26.0309637321278	10.8175644810402	113.52325077929	61.121342610345	-58.5721715468246	-21.9620577198765	15.3393135395643	-34.1189182986771	129.620825898745	390.374829871218
