Wavelength	500	495	490	485	480	475	470	465	460	455	450	445	440	435	430	425	420	415	410	405	400	395	390	385	380	375	370	365	360	355	350	345	340	335	330	325	320	315	310	305	300	295	290	285	280	275	270	265	260	255	250	245	240
248.336	23.0593095139319	-18.0683072852788	-9.07111840717051	-14.9477642779999	9.20451010313872	-5.42596470255151	1.5336504980526	-1.34044359182242	4.03655122663615	9.43848576537754	-6.56258987256224	-3.11517785228641	-16.3256676705484	1.19371418737636	-1.54774596553808	4.22349088639662	-1.6257412747852	-7.68991970038781	-0.468433485088742	24.7728636853264	0.976349903391938	-11.9205592903051	5.49089397712085	-10.2145526042291	4.21189151170855	-3.27390066810145	-12.9252254625111	-6.04102914009529	10.4652176042866	0.796658970820678	14.9981845525013	11.8493449810176	5.99027973613403	18.7807287500637	30.1345286671162	51.9336449363998	71.9013222780203	106.904835893789	99.0793983356414	104.861300517495	103.837727311081	203.02377846382	647.712013303942	1079.66873802525	1425.50467500996	1337.51457049439	1309.93031613144	1267.61630445186	1414.59909134824	3458.76272623243	69984.6398683728	229745.181510598	77837.1803094939
252.814	-8.75700142666963	-27.0506127476951	14.667099243682	0.511514350569847	-4.85068397991884	-2.43701306880533	7.95972610317678	4.81636535487447	17.5254067133949	12.717579870622	-3.14401697003262	3.26467930140513	6.84366310405549	9.0548722597631	0.926871036329776	12.8761650149856	2.92073609051286	33.2592370557661	11.2208964376096	2.37364532403918	-12.2784745077451	0.54912714206273	8.76862345504542	-2.12765462049596	3.02676046634722	13.2339320956948	0.483768710514325	16.4001649008324	6.26711831416695	28.1477764421933	24.1087614065601	12.2997437383178	8.60950090347245	34.7186303125691	76.7595867301013	98.6638968347599	89.5158628910966	105.197500876862	105.97608007563	162.931246152511	199.277952712867	646.59109275123	1285.95692805606	1692.32316829788	1813.30554973549	1730.72544296632	1640.37798573798	1730.69918540908	3354.34183260542	64900.3441139708	252829.653369224	104321.907413003	4884.83998994021
257.296	13.9960498072532	-0.594755832701457	-13.436760973086	-16.1950359773083	1.74519678413144	4.4205205043322	-3.63479681046562	0.26474089644022	-5.08233338165832	1.74761632861338	4.6660593337541	5.07585593551615	-3.86923127876791	-4.24370662650252	-18.3410174159377	-17.7446413482533	0	-5.56885265991868	3.33060343215979	2.93562079573738	-4.62795600334453	-4.34647327680793	18.9781379433016	7.89417073412552	7.98584545943159	8.72914603846841	10.530150362622	-8.59045009729269	17.1712202383847	0.472026300947432	14.4990829049134	25.7430215997597	15.616853172857	56.6062275592363	59.8517369291966	84.3551655596528	79.0380368250135	114.788610642967	158.84956062718	175.310432516563	547.605073536263	1191.2139644672	1638.81927008955	1746.02485362653	1632.15921604079	1670.3838455915	1609.52937449571	2875.70768472006	49641.4794544462	226692.1474588	113507.408744407	5286.11525495193	5652.25228207905
261.781	33.1387427414285	7.84577456196756	16.3617442744846	8.21685615887243	17.7091683701442	15.9037336683252	1.84418253841312	6.17877860534163	6.97743544860661	10.6402322389897	17.3610285154605	15.9202279644313	9.32485456105592	9.56944172530755	22.3335845070494	27.2400809269397	-2.44364970599834	16.439052546717	-3.37968861108419	12.5113164512064	13.5014630929833	31.4250259855154	11.5546983553611	10.1466485955222	15.1941334537035	34.4469724082735	24.770560335402	26.6354394633162	30.0084877587965	36.8816792023628	38.4430309402318	56.0444487566989	71.5516443169965	99.1707239464868	113.301728246221	120.05304609139	139.359596187102	155.105920941187	200.691885655397	536.408621155053	1104.04903013847	1666.12049599622	1833.12794508748	1780.84304418474	1781.5228688632	1731.94184879702	2873.56330597327	37877.1651696248	166412.614061002	125329.445320942	6650.76582813769	3680.09690248019	22775.9642748395
266.271	-24.0749769589207	-39.2853236135492	-19.9695709865154	-7.31259676016869	-4.05264510174245	-13.6869384831388	5.31446394284932	3.00555978720676	-12.3420093438315	-5.05028371233448	-29.2956758950427	-18.0972193349436	-14.9750268202672	-23.8457273890976	-6.15202987026318	-2.81751035242125	-8.94745122246115	-6.26997688318485	-5.72905941267763	-27.8740088831676	-8.35870352463032	7.28957200759956	-13.990628172144	-13.5789727209578	-13.3932482292496	9.50964941342987	-19.2658489092581	-5.41810915955945	4.92277865646334	20.9481803706042	7.72343459581365	35.2639813319016	53.2375102168489	63.4152521089314	80.4587250352343	90.3462546218673	118.599414268578	160.825323223605	422.498083899194	1054.40660835743	1572.96990461397	1902.5828885082	1779.70196603903	1775.33348720341	1754.24937084562	2637.24427111584	28404.7341351014	132563.460025137	132064.454276054	8190.2978999452	2517.26502265597	13826.3296889919	28463.2323093577
270.764	23.4009346057334	-12.8981108740153	-8.88060731778357	8.8848267058984	6.3078382704995	1.66000278578606	12.1992069995959	4.37430558404813	12.3492994306306	12.9941145683135	4.81857206271994	-3.81219134034009	1.49838721583558	10.7125688357921	-7.57620148402121	19.2643596204212	23.37658906269	18.8210411602745	-1.14648868222401	-7.27577564258653	21.5065048675069	13.4656204764557	10.6391579602189	11.4130744964343	26.8023185081175	0	15.3229253915518	22.1780842699341	17.2399024243314	46.3082004477032	36.7079839309356	57.5190751390518	98.2299099750891	127.405047157984	133.484556119792	144.091515004066	152.823119371077	386.331603944257	931.730615753956	1524.6250227253	1935.79175338428	1848.854126393	1767.36406552533	1808.23166303132	2487.95787094998	21224.6437467067	109450.72646513	132681.807288489	10623.222734197	2637.90310724706	8702.22813583709	27748.4364225702	10574.2740448914
275.26	1.34743666208944	-6.01216497697853	0.54330882883141	23.5332522529959	3.96934732117273	0	-1.53095024327431	-6.69041755472259	-12.0883325573619	16.6060418074078	13.7571741454777	-6.9968093564518	1.46672311789553	0.476644979513749	-19.0037569872382	-3.6794659254195	18.9876828772516	17.3997952960208	17.3950446661612	-7.7155250045226	7.60212080088033	-12.6318523993829	3.8368584214712	17.0238354902893	16.1451868961688	4.41198414591707	27.5790261749494	-6.27160858692099	40.9835678053921	40.5580721183844	69.0277749687301	82.7993752361141	82.2811236184623	89.0106389766702	100.158590147607	137.29246502663	290.121004462385	878.382926964172	1493.41188574485	1900.47574777298	1780.68212621192	1674.76077391648	1725.64718955008	2331.19665737228	15176.3870630224	89012.2157369342	107032.283021776	13579.5007174985	3023.31541415225	6034.83160428688	22955.0925199003	14519.756015901	938.474094656056
279.76	-11.7903502548772	-8.1834185200436	-15.846883119429	-3.97914662930745	-10.2911443888633	3.9495602320801	3.57230190704044	-2.60189072055404	-17.3354155681622	-2.40459614570675	-4.96798619545986	-19.5008290372712	-9.5067640618352	2.31707912669831	4.95705952762633	-8.49619041072292	5.68021070997983	-11.4437640679324	1.63666933981596	12.1176181552747	9.09677042130402	3.73777438936008	6.92782524602583	5.17229483765044	15.6970815435503	26.2137987445382	24.4615094489712	1.87616669682796	28.1266445794051	46.8549618700712	83.6600740071864	57.9609364883969	90.2296627977989	67.0448588774607	117.151043175876	236.200480610922	728.310387636208	1342.67376362104	1896.86916602888	1810.1006380855	1673.26822456798	1619.83360551457	2116.09165077428	12423.6774840544	72052.6793675185	86596.7486712453	16566.4659776844	3203.36685869708	4556.2042692815	17851.9872085008	18256.5507495832	2386.99683093325	375.705233922393
284.264	18.7019675335225	5.56312180845054	9.55186208519175	8.99425920229557	21.2210865078251	-12.7802544535144	5.6664198129122	4.45731574618504	9.22800938705339	8.82713387077028	5.81927462484399	-7.33745385432587	9.50022425658171	3.08731357739255	6.43331105592056	-9.78836857989663	9.46050538655954	13.2590049617857	16.0958245011309	-19.2210830403299	11.9042427626123	15.2457270781792	-1.52155154297208	2.95356386308462	-2.33426835599966	16.3298281498751	9.40180081288912	18.3023615534902	44.6147554889952	67.5518874605126	76.1216068109982	88.8735910881427	85.4312489865153	103.179414140637	193.823696724271	607.897707990456	1202.26705357974	1858.65089617531	1824.09228944722	1664.91853132075	1536.62741557521	1820.00893145781	8491.53010948296	58598.5477828972	68617.981589812	19577.978123482	3028.30879954298	3758.88743553995	13537.1082275392	20341.3338300766	5033.08632850006	1768.07163931839	817.29911782502
288.772	17.6806466309798	4.73338602559357	-5.70330416817588	-14.3209761728399	3.85811454779755	13.8591321619613	2.67848733549836	-11.4711727522704	-0.793096782646011	-4.63615613507848	5.15763940208116	1.63217716861223	-18.818200197545	-7.0883061990444	1.21639714370184	-4.82808124852365	-2.98128797394213	-5.37211119603644	0.490865353844337	2.59591615153892	6.65017833778096	14.4131526599264	25.8922635840337	10.2383186437095	-3.08951041747149	20.1552327250197	9.31162071210141	31.2295580996954	42.6001115745556	69.2891112706838	76.5140645038728	90.228560813403	94.9939943563965	145.033642516394	474.108461925152	1014.75636077645	1612.9662696872	1866.01790478421	1614.54667272837	1445.70117101967	1545.61394086456	5573.5301241735	48173.7073246505	55448.6071576104	22513.6562153874	2444.07028516924	3011.81021998185	9013.07506155345	19772.2056510712	7470.48976960279	2233.4538403263	1311.94619748289	1955.81114380428
293.283	1.69477263992062	7.05782280032902	-13.2116355729778	2.57387347390876	-3.3283648513438	-4.08757726697804	-13.8642588110788	-5.61002825607439	-10.3896780473662	-3.55517792357835	-1.64794616540548	-5.0846839012471	-15.5783804015882	-6.39479800790761	-23.708128465447	-1.15698539964234	-17.5544668378217	-19.3103240163054	3.76413912429056	-8.46024378368686	7.35520020586275	3.6841815110603	-14.2479129606218	21.8582475886244	3.38450305777905	11.0985699419354	4.05710172195139	31.1485722146448	55.7932614252879	87.2221316606569	74.1351978193248	76.5699115668844	120.739698705616	399.020488847717	860.309985650236	1450.26805767846	1696.72276567958	1626.33443784672	1431.0681096508	1420.50186662077	3704.16302646433	41659.3655070149	46098.3570994249	23881.1490359059	2022.35942592152	2336.82160171504	5796.75491376985	17481.3137561723	10235.2776340308	2691.84996857204	2013.49551215056	1574.28102587846	393.463199086728
297.797	9.29734596531554	18.0577784249918	2.64624298152981	5.39882408941379	-7.87645832471457	3.95718046211518	4.47399282472524	-6.3000343719463	5.88774992983655	1.72088253012136	-6.70057683517789	2.65056542206508	32.9409925810951	6.96464900689696	8.65396538745698	8.96061352606952	7.1139625431131	14.9554480658771	17.7647936733435	-0.963571248397478	19.9375785253572	6.68747500455452	6.22927460414495	20.7290967835878	26.6218456699476	15.121913055072	29.0648106140976	66.9673957867411	54.4048157605632	85.9890316457557	93.6467158695787	102.165050528946	312.60747139269	769.009770711418	1351.23958010516	1672.17894540681	1527.14052337544	1455.85670059767	1373.56598600069	2820.92423109579	37146.6346212099	40323.3494852382	28319.3508915579	1731.56123657834	1845.99510901118	3454.88146511439	13959.1263516072	12674.7310947321	3150.55565780577	2096.1126744953	1949.26348319023	2038.0924334871	1344.39326679985
302.315	23.6233317480984	0	1.7318762717476	17.5308382304258	6.67790599963139	16.8339625105365	10.4922742950821	3.19900251833653	8.91083168051023	12.6704164973982	9.3970719799976	6.69100562663999	13.6365665131882	9.8759408290485	16.6218069321849	18.3263050370106	1.55194906042431	36.7043755327307	25.4887664752168	21.2835835597441	5.12618419851631	2.62603533215932	12.6673520434771	30.5246041220968	14.4745712199796	48.8327919295411	55.137899452979	76.5065782209366	73.3895648825129	90.1190970603497	97.5845112270667	244.328498055172	680.106186136337	1202.36356480877	1604.85916675554	1529.17497395015	1417.45942312738	1306.07955052961	2265.42060875961	34030.2349427693	36456.9640506376	35844.5141248392	1596.61083260228	1435.39415757408	2174.46643326249	9810.64427169103	14007.4645468108	3954.13154677262	2317.05218902602	2054.82486808849	1988.08524454207	1814.87910460838	2265.63896377493
306.837	-25.1640268857493	-17.2003509650158	-17.7024973318959	-38.2169382324878	-5.60790300444844	-14.2046160311991	-8.51653694199311	-4.04083143501222	-8.88611747608919	-12.9160589697528	-19.6791192935608	-5.18968186563312	-9.71338962603157	-14.3940344590329	-13.9972631204644	-13.5238529827808	-20.5062926391594	-16.2678115087339	-11.1482777828564	-21.2245535102754	-12.5475546746553	-15.7125121164397	-9.58306278406717	-2.9594390086402	15.236338530203	34.2829372943019	36.1439691925353	52.9076654377308	70.5038087054651	73.5637781157679	203.269492281901	575.28673534352	1112.75206193321	1544.16254559278	1498.58964825991	1385.56730015672	1316.26079282134	1954.6412867117	28911.3104020536	33819.8403318526	36231.5659956568	1677.94388674568	1118.62460410297	1446.59837665011	6148.73610144886	13734.8261548712	5208.47556996577	2018.31011068459	1842.2274808407	1815.60719773444	1518.2688780737	1350.76276500744	263.22584980961
311.362	-41.1740755797578	-22.4276368505255	8.19322971576204	-8.12098824956191	-4.55066339489498	-8.3830299892446	-8.99181915958071	-3.82331858421553	-4.31751326997853	-5.04772332277331	-4.36761143385561	-26.6560654587271	-0.388044605689528	-2.64818201085453	-11.0365067761656	-9.12619144905106	-11.5926676566856	-8.12362721122159	0.89073520633255	-0.942121455814249	-0.928273981615372	-6.97451410814018	13.486342849434	14.7784963254786	22.8256273224376	27.2360574654587	62.5959801032154	62.4134179090355	89.5491489498552	160.575396136161	524.230389210201	1019.56193565436	1495.21018503625	1480.49173590574	1413.97210621424	1286.34056505476	1701.37607270103	22767.0602714689	31608.107194658	33814.287952295	2275.86435561134	1021.53790072752	1074.90819708782	3762.78865856912	11986.5677188899	6887.38089108405	2082.9187824481	1847.09737937172	1760.53949523406	1696.70111546726	1511.71313589575	1349.05585152964	394.339830233876
315.89	-22.9701047042726	-17.1612747844393	0.430787325923089	-10.1409883116478	-10.8406279877897	-9.01876540406683	-0.971107298719922	-8.27549492706549	3.35467613136247	4.48233598231511	-1.86994397962855	0.369849415619051	-8.14071090710545	15.1171934077374	15.0680004089624	-2.18807499904687	10.0368368757051	5.6807988629845	-7.56360657872102	-8.47053401893272	-0.927336950458072	23.9506911795114	21.2956043438559	22.356275880094	57.6065339674291	45.8658658170688	70.2055290149684	90.6567393829673	158.655484312201	461.188254461343	951.434273022468	1481.84323522128	1489.14921606474	1401.4410489691	1277.09529405579	1509.13778133535	15793.8409695526	29933.2684877821	31599.3498715841	2914.69985916072	935.4961208268	887.152165938976	2147.64629678661	9480.40656292836	8432.73714581793	2452.08552451525	1986.35633376867	1931.93262754987	1881.85484827692	1721.19956891581	1658.4263920991	1277.22640518493	1247.48227252199
320.422	3.21026132650558	0.954930264117768	6.90363016184871	5.68804372789535	-4.55334667331048	10.3236590837715	-7.78129396387026	3.82557298700087	4.560062354264	-4.77010526312045	4.37018677649706	-3.70441431792735	11.6482024339218	2.64974349959	15.0921196844579	6.93999522708547	-0.386650107385654	6.09631295388592	6.23882297067571	16.4968470369014	35.2952107009993	27.0421780724426	43.094684068877	35.0668132344205	52.0891443115561	72.8020842141582	70.3179066662601	109.575232117095	408.186666609413	871.180450330062	1412.91491479101	1463.54892673521	1380.59870666022	1265.02486419246	1342.12746594081	11238.052791014	28241.5857653238	29964.948607684	4402.82433309169	903.741488554326	853.230268453385	1283.00548670164	6784.93535004572	9317.47475184717	3110.63878846771	2155.89394303798	2209.84454591273	2069.37904681512	2018.60492463555	1776.46091880803	1661.08102721687	1411.60921966825	1468.68597301607
324.958	11.5940742983443	4.43416468775834	7.56892329575854	39.4085442394538	9.39698125429478	1.66449052899657	7.77841635478583	3.94751819101524	3.71480556262331	10.1338561141087	16.7495427027298	15.6722394586994	15.6253556013206	-5.85901624692089	3.79834170276759	0.37690614544703	6.38360146372507	10.4844016680026	24.8311043218013	4.86363025085913	1.43764311603581	39.6059375903765	39.0782770074389	56.2387379418571	59.5379683411721	65.0795990385709	88.0228581166037	334.85549055033	786.289242515908	1426.04280245476	1544.74100418837	1422.5749047527	1256.03775651633	1304.54764125892	7694.08085700081	27561.4926646461	29120.9278484396	6338.43266034531	895.631260882611	807.356351297239	915.001457926159	4175.5356618097	9409.89530859265	3856.17687186308	2001.53753187622	2288.40834410358	2238.44615166073	2148.86877502294	1938.48096861856	1890.27789906365	1757.1203285248	1993.72964387849	2216.70483176927
329.496	7.30219091423144	-12.0302207879231	-15.8542708627989	5.1184307430001	9.92822985574016	12.1928960532291	-0.765850135202482	-1.3387390508229	-3.52749096782073	0	10.8145037914146	-1.55560825780235	-11.0058125965851	-4.76878492436781	15.0713336840404	20.7071354862077	5.68285879785276	-11.9468860149224	0.467837813561977	16.3292988561884	23.8901546453304	27.4740018791112	43.8712929716404	60.7658349289376	68.9871832987445	75.2039623985266	283.993367422671	717.16387277014	1323.37257631705	1560.65947149813	1473.47164466603	1282.83563361392	1251.5729634672	5668.64528301095	26566.8985085136	28023.7091862126	8682.38271674336	876.707953023519	766.227447423591	737.624470671943	2411.30878591832	8347.6231007043	4744.57650106632	1827.90424130948	1927.38436804819	2129.98571216356	2142.60250608449	2141.54272236802	1827.42641342252	1638.37322344227	1485.69042670194	1426.38222708944	1472.83743069617
334.038	-0.565310670246107	-0.504475068608502	-7.75004996660499	12.4488987570726	0.740142608951909	7.15815366483509	1.79844818756157	-1.79643711993248	2.28222120385493	3.55760997224331	4.2875911074658	-4.30536806959188	4.51261607756739	-9.99870719045619	1.55569487687552	6.94666126532072	2.04261344288913	-1.7176474617997	15.0668564818367	-7.96802947851192	25.5154702326321	41.0145576286591	22.9962254246716	75.8866140395595	90.5973908651535	237.342802215898	650.392316199104	1239.50875552235	1540.62377534672	1478.18533205055	1333.75956407989	1179.50688873117	3993.15678239652	25675.0204590325	26690.8401392074	11782.882540498	835.866463519981	746.123403510857	728.538642855851	1439.70493743853	6511.89695815734	5915.27734860581	1700.91147911351	1729.0846573688	1941.72597044333	2144.83842669537	2177.76922743165	2105.07860868426	1905.38632536032	1778.32946569498	1529.53856467861	1621.96619399387	2246.59053547717
338.584	1.12798485134352	-8.55607766557229	-12.2801998310353	-13.2764119509534	-20.3064585576675	-12.5825752159846	-2.05057645368949	-3.36046503552338	-11.384496529327	3.25353783590451	-17.1103715975186	-8.98114121571102	-15.9619665698927	-24.3399546863528	-5.43223506450465	-12.7058477102715	9.78168136706784	-8.56821044973035	-6.57637844903709	5.46524610374744	37.204880487759	44.5970208381729	37.1670130756814	65.0212326862475	198.933953187741	523.645065657952	1118.72322172965	1477.31872413546	1426.03236439745	1317.35837295521	1158.87607945842	2867.62583727089	24998.7485438936	25557.4212928586	16101.4395252504	773.098430966594	680.2260663835	658.31889643529	903.236553735834	4556.29724888963	6773.16773027311	1864.70487129031	1220.04503585126	1564.24976037957	1736.08437836065	1972.77321326346	2023.09578920803	1860.10103796462	1592.56304668283	1506.67152343349	1291.20694394007	1060.18947840077	207.960469277042
343.133	18.0312013613858	1.50851094296059	12.7233394689228	15.4036250992555	3.31982676974021	-4.41684925193357	-1.02434767018791	1.56677839969338	5.30789133794864	11.2291836988801	10.1910564027646	-5.07164042554168	26.1699671425629	8.37164181588291	13.1804685566554	-0.769344963364512	8.55111955298445	2.56810509924738	29.5665549918027	40.2071667007378	41.0834608381454	27.5604800358542	66.9309379107854	197.999351295038	505.951167541261	1033.61927695357	1468.95001256005	1413.82615675554	1343.66854619327	1137.36421088071	2130.96110710843	24751.342483091	25025.4280816526	19364.410433378	779.011316769066	658.459569650761	613.727100203883	669.783146946551	2818.1669831087	6777.63501309237	2765.0640414457	955.601810341694	1171.42571062674	1496.3657151575	1673.4250494408	1851.40352696323	1819.11589695882	1784.1969148134	1584.50001238111	1514.50542315952	1206.95281743232	1226.46167923216	1523.64443011801
347.685	18.6712751612641	13.1276174514826	17.3385204209017	1.28892322217011	13.3340097475324	6.14083013236267	3.34284391860779	-0.8989900421551	8.62912976887759	13.6492181809826	7.59225352282563	11.7519980757177	15.1918366428766	-8.80641969266883	26.4695281412589	8.49765616360163	15.9460692201108	38.6802619546753	27.8033765353611	33.8932112663775	61.8790495642031	67.8013305051226	160.651519046412	459.731736753065	947.428779492127	1399.75499525645	1376.26144388747	1236.92701075104	1149.98149675191	1783.2000335267	24847.0236307153	24865.2233906627	23849.3528213572	861.703168419181	624.239181410589	635.499811910042	639.573050031452	1666.7131790697	5935.65395355229	3770.85325033568	943.811239691901	911.130363517012	1188.72555257285	1461.14480551744	1581.418098894	1723.52542583657	1676.53599363427	1597.4913701206	1524.73438919477	1539.25230815254	1280.6168188612	1399.44767659726	2039.89455796782
352.24	21.7966311631084	18.9391301226449	10.1764629960171	14.3735972838185	5.63242303298546	26.285358855923	-6.51716167535471	0.911382364176721	6.17511520112796	1.20324945836629	2.00788971602368	-4.76559841057727	14.1525016446993	16.6381982278318	11.8387072313255	10.9642831922099	21.9690181070672	13.9425629736797	32.0085552128222	58.1095330507816	67.2128942801963	138.874679663391	431.665044269533	860.121522011366	1372.86326255502	1354.35822440787	1242.81588637695	1110.22001868648	1497.521552253	23468.6527714541	25232.6035118141	25251.0856983966	1014.95600937847	628.329116182948	608.603872913751	617.777303091833	1045.91382551234	4564.87145442943	4840.02566978027	1208.76222865359	793.325712071253	876.631592056541	1144.85620638331	1346.00116652839	1509.97220221165	1511.09917373982	1537.36147137469	1480.74717764226	1494.22733841798	1335.31240053972	1387.80560279081	1484.9464691145	1410.00949378642
356.799	1.1599755739	8.79873616089254	-19.6442990657222	12.7721085415491	7.59358873602253	-7.69371454595244	-4.74464868981852	-5.52923362899314	7.54475063312634	-5.17079922229374	11.5048402306241	4.01558909449769	-2.94622158456167	-2.4619926823157	12.3696607747055	5.9391807402271	19.2799400342869	35.2448521693671	25.1193086590915	59.2680453324433	88.0987907357483	356.493024676211	779.049928158354	1348.29748859806	1358.62726953098	1244.95580367782	1101.30093152184	1302.42322547907	18027.3192915837	25770.8967935085	25535.3710637667	1375.49987790429	559.669587511027	591.123361066434	572.93071756769	757.165940299504	3078.56179887941	5279.79307301133	1745.69763353956	758.123386492982	817.821732797636	896.597227879256	1119.25314690961	1320.30968240756	1392.9764782513	1389.0355242629	1390.40042298269	1356.93725849507	1297.951713087	1217.38741139696	1186.99668501699	1214.58506479777	879.195750742836
361.361	16.3527590837271	3.12706409371712	-0.941957701284964	-11.5306053852232	6.49950312248171	10.5644964512355	1.85799163714431	-0.463978496652674	-7.85927175106294	-12.863886587492	-4.42954569181497	-2.42613339154022	-4.66202084205229	15.2880252077875	8.03600596106695	17.9416324394366	35.0299968436718	35.490314835403	36.9685221656273	77.1734708462082	306.184354948347	705.097066753243	1275.78257847917	1418.56228684919	1241.252489844	1041.99717774604	1180.69334036743	14300.9716354065	26225.1319745016	25952.8599117241	1948.83999221086	521.71192722179	558.591092031877	603.719443590104	628.046043416958	1965.14059985429	5055.49438161873	2545.44646945146	829.13561749495	760.460376405798	808.383897865139	896.681171558003	1072.51359260222	1206.58025289029	1279.15237042402	1366.80906681226	1285.00847655162	1276.96436879085	1263.65301360608	1283.17911334939	1438.36796454073	1223.04403879771	1196.37690119227
365.926	-19.3317414285998	-9.4098362965968	1.41725073451788	-16.0142016463903	-23.7764469128835	-2.11935070048267	-0.266237818057389	-3.25776628114784	2.62775627274865	-7.37323683987186	-2.05064797960885	-9.32857465181161	-1.70045658164854	2.4867088899442	8.06054265874567	11.1977689793095	24.130198359045	36.9336294693389	55.134186564963	235.839749248691	626.441896328229	1207.24370518586	1381.67093922106	1341.94228518126	1059.03188962009	1100.59198373166	11599.8137138048	26291.5105805164	26276.6975807326	2580.22517224023	475.64512661669	520.425071136995	564.872211388294	579.197010880111	1196.70996083117	4291.55648440107	3396.71543027402	961.377763502553	806.833129438589	805.880706299759	830.459362526508	961.897776215938	1103.89863520666	1225.13032247253	1181.68316487535	1278.68107731334	1283.01273005387	1205.51847662279	1217.17699505515	1165.73310702479	1209.07335184903	763.114131577467	1992.04955511901
370.495	-16.8505139415554	-31.111355191116	21.086090472776	-7.50083874728184	-9.12902977056816	-1.05106832370352	-3.69705487530369	-12.6944150452053	-7.29795579768546	-13.407806538998	0.677997317430793	5.22984627380233	-12.2281756869003	-4.52193689681584	-10.7933476314493	-3.17337630614122	46.1888168009798	28.6889971886765	198.419568349438	508.286024320828	1104.01243502281	1312.06625135157	1199.79249594273	1168.61961041865	1032.15417242819	9237.1907129245	26191.3807408066	26114.9931528375	3706.39356525132	457.614686458332	477.082701693246	551.699375208035	577.612511612737	828.83842122499	3127.30400059575	4055.0343111401	1335.13965730895	816.159776625517	823.270022632605	842.083405163059	840.025272855403	945.231894340688	1094.17884612124	1113.69762418368	1242.16649920574	1256.08833161153	1213.87926580978	1218.85848585767	1216.36806272883	1416.02820911016	1163.9807232085	1418.01960707823	-190.445251392057
375.067	-8.68575524733143	5.68409776008326	11.2071702217185	16.7088161012294	13.267301566751	11.5219187356332	16.5794296173812	15.8708530163475	-0.779229932624645	15.790997939119	5.74312245023574	-6.41455788478146	28.574178894165	14.338411216322	12.7480440060193	37.9493197633873	37.6606521623663	165.383062980495	415.727816638642	942.16505112475	1221.83999555515	1175.37518549313	1088.24750033064	1042.05280000273	7854.1189102138	26444.3619072445	26100.3138544813	4789.53269008205	455.849504061627	451.526933044039	520.138442253217	545.732089183473	700.61482288818	2258.94760070889	4396.4393843048	1925.80866828709	906.34501152843	883.10775153113	915.350866452026	951.812400561982	976.54886524254	1036.98728242105	1085.90333183811	1185.92590466466	1271.28864947087	1329.61572655212	1309.16442060486	1289.13470260042	1370.4841524485	1370.10952746305	1737.44506439135	1900.09262256225	2087.6803730463
379.641	31.2373302742489	8.96005989424045	-1.34950822375402	12.7072885389441	0.365160766945598	11.0992686143234	5.07024080061594	12.6297742716574	18.5159349306202	7.60587415325482	22.455245087351	11.1999039424785	-2.42876586885524	35.1230763623622	30.3172790437193	35.7956431818364	106.822012312074	336.005145040377	790.270346881547	1038.31504308092	1050.65145498072	982.655957677736	961.194347665768	6622.88586685904	26204.0838821356	25460.5227515433	5927.68699933473	445.766375955779	424.357243912685	484.346723180572	546.075566209673	583.690732437592	1433.4015449315	3992.99721982127	2652.82067542368	975.094240918633	902.185855588549	927.372136533845	940.628699938444	977.049853220359	971.441989987511	1034.90514248436	1111.17802098692	1200.71036253648	1198.32871726202	1204.67153913511	1225.91388869854	1224.76452426265	1365.96159409463	1371.55002629138	1838.18041095098	2005.15404654246	2719.55503303019
384.219	-8.30341771009171	2.46994996996368	-3.12487079584195	11.7698089276472	13.7704284083058	8.34449723778862	1.76106900945632	-0.659662402543172	7.94591013421514	2.32244543311722	5.81327621062931	8.04850724368937	18.4787239209948	29.372678328223	29.324701459061	66.1332871638208	254.020256850391	604.239695545871	938.704480731865	975.790267620074	903.789876681962	870.931058259786	5295.84648508458	27447.6982596226	26031.0444449509	7638.50985358611	416.234443989636	363.489769663496	415.182828014278	477.129444493311	546.189821181202	955.171664401808	3244.71164346182	3351.38131628366	1212.70809115994	892.757363982086	933.026956776921	976.6244709406	986.135215380083	1019.81850380467	1039.94769598762	1071.78930144955	1151.53338984449	1199.82901267231	1202.74886941597	1218.75542701159	1261.32497396064	1322.23238481097	1375.01617831348	1563.30823348844	1636.96223589939	1524.35972259499	2653.48414209454
388.801	-0.535113360782299	-16.7134599187308	-3.88379861356979	3.2507347650272	-8.40727521584571	-4.83984656097968	8.26870350175969	-3.40095298134969	-8.40121081404907	0.28063103599462	-8.74151389698824	5.55734644132079	14.3679906617516	24.2293870429416	44.5459691836631	159.275405038956	438.90512773477	786.120500821636	823.18638785318	847.577166960963	793.316908854739	3715.29483761315	27325.159009041	26521.1528899306	8949.2810688171	389.756118610721	313.973907814909	390.077411708755	439.260028792031	485.863006339827	673.691221061771	2331.08560656593	3646.10722785892	1499.42678945664	906.983025069543	932.863890622229	956.391210834302	978.937491437401	1006.70719292937	1023.58301800775	999.513166929536	1022.90076489451	1090.25609703049	1139.07530389968	1123.38081764422	1099.44700969729	1161.16460411977	1266.69731165397	1389.80063381667	1444.10982282722	1842.27710947386	1500.03047719092	1797.73078224052
393.385	5.1203638935405	5.48320644725094	-5.36800086415803	2.33290917470109	8.37990438358951	2.16119227290719	4.65418379595701	8.74589245242547	3.90461116326369	2.41675842257371	0	9.21731844546358	31.9556603198498	42.7463948092205	138.795151617246	334.525476911368	647.171873844778	702.433847337942	719.877764016476	695.550979936569	3047.97469632337	26216.1986000193	26164.2473502063	11302.4829011094	411.064853907911	307.001931446909	351.915561466879	404.787534152823	459.89323953424	557.384268679168	1532.54246333596	3477.98545409509	1985.48406416412	928.507523513187	890.667014314046	945.213570775984	1008.16841549494	997.94996275263	1016.83560575166	1027.94819869706	1032.1475030371	1044.80043627303	1079.09762369148	1131.22672792273	1147.43225343749	1173.58683768198	1177.05579289181	1263.81477574382	1343.86352026372	1524.2025984617	1891.59901915711	1967.2615985846	2454.43590837605
397.972	-0.49564578282064	3.09614991221679	-12.7905668524437	-13.173015836531	20.1169127804511	-12.2532081665345	-7.43358073993497	-0.984410574420696	3.33496068236275	-1.81953058546665	7.51843742821812	20.5898452865171	24.8181282479469	105.899770067036	256.42862479802	511.610725806085	578.817656263715	611.803051019635	599.822178667199	2047.80229176934	26987.7498537141	25346.2940130749	12950.6699263727	412.516284665558	258.713402552124	285.633845306807	377.314059176157	408.156282144149	499.443704642966	992.027213891793	2952.36087218355	2490.87764086538	982.607855935535	863.524817590118	897.315719044409	937.8404714632	971.727595533654	986.351215698437	1010.90100476012	1030.00929905876	1004.45922064646	1013.67933812377	1059.9823050654	1104.63382856654	1122.83157956129	1073.5437147603	1230.77810985301	1230.94834808486	1517.65320540937	1634.84287355185	1719.29365828229	1986.0174311867	1969.73661252362
402.562	10.9602656817826	-1.70100567407132	-5.76438398742836	1.44743473784363	8.11082109170612	5.17202112966832	6.93036218534167	9.27521907727543	13.6804777306476	10.9960277491538	16.9592212929393	10.887736537023	81.2661389471084	233.637816709175	421.610542185055	503.594103483118	504.842855621101	527.761405324885	1380.41068955371	26308.5375539903	25921.8498368804	14992.1054224658	467.950467951221	260.016174551883	255.160839217586	330.791765551425	383.640603554964	440.872478739145	682.762707720378	2231.54733764834	2804.07075138987	1169.63693171882	835.425521365577	858.246767959499	907.666294870363	947.955335038237	975.138272292312	984.038082732706	980.000491755415	998.935966273939	990.422736105189	1013.12790195041	1038.26705050539	1077.68786972449	1113.68624239516	1161.2905392669	1184.5221178452	1303.14356838768	1356.7687733338	1605.57630169775	1669.52630217576	2003.72812067194	2206.1584300618
407.156	14.6496473072344	24.459410962929	14.4816307652415	12.9185488046912	14.8492644198262	21.3708245211003	9.02043483223991	14.6418154463908	14.414594568011	8.17841830913971	25.6407810490347	87.3588994631144	212.620768298599	417.919029870444	463.945210547561	467.788899353143	469.225068702226	988.949092415034	21077.867036324	26078.4508953735	16904.0854046861	565.525735297583	285.278308386345	283.974408376527	311.431746822046	353.829402968297	416.423993971662	542.445645518437	1572.30753107352	2958.34365623632	1520.20703840547	847.943717396885	840.891465332605	908.739906546816	948.259986226907	973.549684756643	993.656622240243	1028.14527108502	1030.61339509737	1040.63393921213	1063.30978815728	1005.80795726833	1071.91865487909	1106.81627060013	1171.33172970106	1223.11089885404	1251.06993695128	1361.76654020782	1507.90019463487	1721.04080061284	1799.07243766625	2135.11565608607	2826.72356145795
411.752	-6.50692763450486	24.0562794409088	3.74814461929248	7.05868320395233	6.08521833233377	4.7642155486648	2.32355701709574	11.8157900522204	11.8836770402168	20.7184266320963	61.5540488293636	162.50612585594	352.799648735549	428.787574119177	419.845898210141	397.254389155326	696.603563533733	16256.8403119168	24198.1926709714	20390.1795727001	664.438195877196	250.443775864597	260.913410677782	291.405346055286	356.420464714366	384.860440695808	441.270712102276	1055.36190319842	2657.374942183	1943.45416812886	853.254005165168	802.30678819776	852.443787481853	925.47760783272	941.048975516757	973.783024274288	977.670430482286	1021.56888993398	1030.26555559231	1024.88781104248	1019.69024976132	1036.07740221949	1062.08772519181	1126.73317590428	1151.21381632533	1195.14063285605	1231.62433021393	1401.94744005146	1584.70070208887	1778.82933060629	1922.58245520472	2015.62184561511	2570.67229761547
416.352	-2.28724284116847	0	-1.10670513657654	17.7156953368621	20.6628199551247	11.5847349697116	8.9397101060574	9.08546432616	8.41306362026115	23.2704033902467	113.960139979546	298.665035437073	381.094498271552	378.979594314568	374.827357728332	534.016673702604	11728.1740008874	21757.0785322173	21818.8670300072	897.844705008086	246.176737678399	235.305714385412	247.865379941143	298.72863440989	353.195915217695	401.756222858209	718.154915606183	2165.54224071472	2320.81072171028	967.089396096993	778.799607336382	807.961950661673	879.923021544552	916.52332351505	962.796270469041	989.373523932517	1001.10680195601	1012.39329279027	1020.47714572666	991.662184292093	1022.37269000133	1021.87768775159	1056.60518243049	1078.91312303155	1119.45981922493	1182.05323819661	1308.10778332986	1367.22392847954	1522.18322962001	1705.87656448809	1947.79128946914	1795.24859990905	2736.27748059353
420.954	2.68919704907832	5.59953465157763	12.6505037087258	21.1012809249031	10.5626309106677	9.99925489552728	15.6846491519605	20.8301351568429	40.4106165703814	93.3150702407487	232.202647851764	337.311647107366	367.209438874152	355.145288195877	458.521380715129	8825.27485295072	20326.8212957485	21366.2019156416	1150.13432330525	230.583373834898	226.416154667394	241.143829470481	291.716324288468	327.018572360828	369.885838745695	546.25981917083	1576.90134032043	2437.56599941081	1232.691023007	760.250836497622	767.142124046075	843.246866930913	892.047285670555	922.719648720097	977.491142618516	972.223815869609	992.551573183409	993.123825587095	1012.08903989756	1000.52092393119	1011.37981920186	1026.4308172945	1042.79840620025	1105.93943748863	1146.96629048232	1225.006308402	1273.73396094706	1397.22617823298	1554.42369153966	1803.33730119265	2005.57880730594	2224.55546357893	2754.40401348701
425.56	-11.8722015637545	-23.9359052714683	-10.992528222951	-13.3559025852039	-3.74204561886598	-7.68882603340456	-2.39806776276923	17.8156847601548	63.70860025382	165.80067430824	282.447439821674	308.395022653751	293.883799322621	387.305360136515	6615.06246455678	18811.7745901283	19913.2584562895	1502.69329343877	194.83394300797	175.860019380517	192.740031365919	246.971910513768	280.825489136571	336.449855126151	425.775587027945	1092.94530504125	2287.87132030785	1511.35318021488	743.60738117229	734.952909401701	765.573542438499	815.54240094708	880.772986049197	913.224431352545	932.764384563735	930.359607989199	951.934106058845	949.594452822665	979.665816415471	935.484938785728	956.144619015293	997.715221130775	1003.66021568806	1027.88936071538	1089.11953839867	1137.14331639526	1314.03542073142	1369.41793174396	1624.58971352438	1850.69148179726	1902.7717608209	2276.68272529829	810.671712022487
430.168	9.48992455308496	23.0963767132416	1.39145276622429	14.4124730959339	7.90671961617377	8.84328324733873	34.3076392867658	58.771807768558	149.958064072222	233.684714246426	254.936694583139	280.138845707287	370.316737694629	4871.595844811	18685.1178450783	18541.0800167888	1922.70848340843	220.844624746493	181.074004239766	205.960118036253	234.383730394003	281.313716362168	321.114963106179	383.537241870009	773.67814846502	1965.15518817448	1787.17189061807	811.13292481132	708.183763721693	768.042699705382	806.430517153857	836.405986403094	890.386390759506	897.446217633614	919.606735327393	939.473523391425	944.376332145515	976.21310592955	961.46644343044	949.88841172369	970.586877656196	972.194390316467	1018.72407339615	1095.29601717048	1163.44057753191	1231.54188991585	1325.03845994514	1533.62739930523	1688.07938354995	1841.41242584637	2038.70897932859	2269.00853206302	2244.44417392811
434.779	8.60608511112184	-3.07197836898688	-10.0633374813772	9.14912216657483	-2.53522424042136	14.7892120650045	47.1308629209094	117.426800705624	201.899558562752	221.603713526619	248.538493796497	319.672870392613	3673.1803850809	19152.5141459575	18624.575387976	2227.8728434898	186.576048150365	161.469108634401	183.139503111247	207.351286412406	262.195843843338	291.148512587962	341.334060304012	550.112560656112	1546.79091573702	1980.07012833453	932.035996102293	668.332256920654	725.851363225361	763.114980123596	806.872194631326	848.5616329406	880.262705088448	901.184316907594	926.772678733204	909.428457278164	928.311772138542	952.703391344825	955.869829551339	967.511822751803	962.171218895205	952.163169932252	1002.27873881729	1047.65120804077	1090.64106328304	1250.22297117449	1341.36086404454	1535.14402556852	1757.89281524303	1874.44045547834	2141.93451010814	2277.64503065076	2062.65460487343
439.393	5.98417497448094	12.2061513721136	2.06821601450426	-0.649160368065084	4.19725867229988	40.2064182295466	124.133732392602	192.201833059367	191.352805054176	217.439222811243	261.099329144152	2615.53576353723	19558.2737726742	19067.7154153193	2983.94734759645	176.250200950727	150.738805169382	164.940314377272	201.50144709492	225.928627978762	267.129465009565	302.103799711015	421.481229074388	1182.01084453263	2002.24997204668	1165.08360403873	644.952911397708	690.208055637794	749.77685910446	783.163953212197	826.70033931325	871.132673393517	875.012572168069	902.324639554383	915.44498835521	897.592907697446	898.766970715147	918.900216220599	937.832002798911	931.350188576884	951.154050186553	956.347934035203	992.283622149841	1070.03116413745	1142.40983974451	1289.49701405298	1373.46687452679	1575.97852441092	1731.17140442439	1920.2275137129	1994.23887585242	2262.48989061356	1768.73442879228
444.01	23.2436894737601	7.54266633401289	16.6996301803621	16.687507472198	43.9883556552697	104.477018780139	181.696356810525	191.541493865498	192.793049120172	234.264924037383	1675.63171549506	18453.631835203	19341.9364762791	3965.52601920285	182.881707575804	151.755539759137	148.425200121528	181.69612457926	211.544791829697	252.787687049017	282.81979515045	359.669586993561	830.345584278971	1831.07615406944	1397.29407511467	692.813970582606	655.877676408184	693.910820431178	765.200719406496	814.424688427333	822.699980030507	850.310708825502	872.930160980133	892.131643940267	891.709009854045	886.107717753987	887.547826858303	893.434547459108	926.043521614266	929.347619523565	956.379537495718	984.17876456616	993.132314175974	1055.42027342074	1143.54045544341	1287.36005823706	1411.3302843274	1599.5889904987	1853.56234002848	1981.48165118427	2272.23224925747	2348.4301273901	2475.9588391108
448.63	11.2004470926956	14.4373912862928	14.0504192539896	54.4958526638875	80.1109420672839	163.585152312421	180.990398165723	177.468855510386	208.223491769663	1274.41497797942	15266.9748635116	18117.596440495	5115.82555533384	182.548655351173	146.693868326507	144.430264015616	169.374895848447	195.996735219291	250.492710198709	254.71125723075	308.938428185742	546.141229465774	1504.9027547187	1589.02943012807	738.751166003745	593.126351114684	644.099543861723	697.769273397518	740.7209326109	782.68286945484	811.045766236796	829.410843494698	866.872567071756	879.01817800758	867.464544198597	849.649398302184	869.810649383248	879.575931369169	887.108548145544	890.496603821037	913.688973919858	902.367228065739	987.758591855604	1050.23033566694	1150.76520857743	1285.44431548872	1394.77604709341	1573.94829485256	1770.82980157716	1999.27754528978	2295.14922764833	2387.27466290853	2617.32301101144
453.253	4.92092878238128	3.29352427227572	24.1411020641459	70.0638674269228	146.037019773768	157.506980425376	172.76599891497	188.140662287608	898.951407060281	13552.3142307774	15076.7031630308	6562.24696395618	200.871408552255	132.00606621198	140.216612197976	143.614943972902	190.844961969979	200.603524412662	234.984795368919	261.907302111073	405.77355054725	1091.13082772599	1623.77761507159	901.496689166348	566.907581127262	579.466226800079	627.588519876413	694.47114942648	745.438850736398	765.871620245635	780.455550590647	805.794299900249	815.008493870136	829.947784143347	814.198493055281	818.694248008679	840.872950841987	821.556592360346	841.014676956278	857.147682168667	867.797764345383	896.832257836927	924.319574436667	1022.89109926693	1116.78992880227	1194.90106390852	1429.55131848385	1560.93393612888	1697.68364373802	1855.63756054516	2012.80137069649	1886.58077298797	1646.4817348933
457.878	-0.406128478094775	22.8326604572608	54.0400554764301	103.621166096411	141.972074672919	164.806010910225	179.039099807303	670.784130064854	11482.9262327494	13425.0043796676	6564.06800922945	238.727006072928	126.73028677304	128.148923186163	139.425187318977	175.225358110448	186.365778385164	214.713593803748	255.04703543377	312.693348322441	827.350594461027	1595.7737770972	1089.3859276184	545.823300001284	555.973855358387	572.113065859776	642.545147353705	687.783603795595	730.703504405664	749.867425531167	762.394728487654	783.773939480575	787.26237020232	775.079403514834	788.275484844473	784.300719510156	794.518476892994	815.094954633764	784.70860709106	819.014520621791	859.879626584277	868.204485713991	920.159031285468	1000.30975449956	1126.62289382506	1199.60541461497	1329.60694670547	1524.75994320975	1724.16193682043	1870.98101684249	1926.50182422519	2015.74367747512	1747.09994711762
462.506	25.7760491405919	47.8013919526642	103.933308811411	145.575766003656	146.328051067368	166.106649546238	607.514065078111	10083.8278979911	11387.2437786111	7656.99305660731	258.940986323112	127.154471545706	125.384019346421	136.77107904476	154.613646636081	178.167225569527	207.226536897129	233.731148667468	265.672773076142	538.227302682144	1361.97261468125	1269.28476984989	578.008636880048	522.838140790445	539.888581481824	579.370150013184	629.102405148878	674.276639219294	709.926294557233	745.627596864666	738.530510000528	734.545958684181	763.842234442236	755.769029463337	758.92442770082	755.335743158984	763.182522445577	775.968917190317	791.461863544486	800.837740416527	796.198478245027	826.053495762329	864.974399430325	999.204801845122	1057.41267393174	1212.47340246171	1334.82718336043	1545.37900698604	1716.11423242691	1872.98645520341	1931.43529278682	2224.7773329758	1815.07288932025
467.137	50.0997474714045	109.286931791928	136.276923305153	134.058302544766	159.559877543112	491.728286522782	10978.380505122	9939.65650244967	8310.95617756023	317.998257527314	126.892263499024	117.55017615796	133.596321751365	140.091244477715	173.159350853877	196.254545009824	218.090006865903	236.792483328072	385.812600401693	1010.89275750127	1357.38169467084	703.696931675519	475.534134324748	505.184604741552	533.00680892086	578.928793269373	631.077901310195	688.459691389981	705.714670463312	712.186659483584	717.676309909158	728.53382066741	741.118581458917	723.621550378273	725.845974250809	721.336137608111	725.697409578919	739.820492483885	746.162876401575	752.961622065568	777.46359796217	821.116243364594	900.874804977594	974.003883965881	1059.22484861841	1218.73683264077	1344.93222319643	1524.46297440522	1709.76875413189	1922.81649909044	2051.63742183709	2058.73290880569	2182.90481022386
471.771	96.6760553327275	130.288800723352	137.150850689965	150.119226264899	360.092303610088	9712.0237965469	11297.7590188726	9750.34457351246	363.387371328261	116.713702434999	101.525293359658	116.657087594471	124.563445495146	164.152243298765	194.376208661428	206.616326332087	237.534577043565	306.930220695371	701.346675350863	1331.35961119474	832.970187156478	470.284918998748	464.21642240244	491.687205622766	536.640463138789	551.847767783106	619.76540074835	638.867255264767	694.9873890142	683.020992906555	707.793127521794	697.503995628674	699.624133894268	716.40514400538	687.575482972847	691.669340312878	699.939115372457	735.256101813541	727.111477140257	742.866507519777	740.881995764724	800.541135352609	855.13726317137	960.713545909633	1021.51817368537	1211.96439920058	1324.74609634812	1505.63062496149	1729.14239778706	1850.12263715814	2255.05379419562	2329.38476599499	3491.9787822966
476.407	120.991605767391	141.273952379669	151.42612853234	363.32691110395	6882.61970339657	14921.247839323	9914.62260573793	442.37689684152	104.140593577332	95.1779627316272	104.279453652295	120.214598704035	147.666779111386	154.246090780478	187.560439574225	216.418555056246	250.09754641245	475.044665200674	1104.56798738326	1022.59997069832	467.81235291718	429.431743454374	452.231004708508	491.347524954322	527.177982513029	546.805109055653	609.938322424698	635.163731284594	646.894734191777	671.617189681894	663.825087525252	666.794212255067	667.762571388249	675.556615761124	668.193194726272	660.742731500054	661.123295060282	681.134111501429	719.045937385335	687.678445102205	738.41399138742	775.318878631228	833.478435432729	915.951903634663	989.479285206498	1124.8381382748	1267.21484423209	1442.35202127748	1609.40400510896	1910.37491580184	2061.00266491514	2500.32921712917	11008.4362978191
481.047	109.878744781708	123.527359148958	292.002624324033	7445.80031679297	16062.2168788968	10921.4382807437	521.588710631803	99.8741722795497	87.5257738051111	84.6929628410492	99.6945994857973	120.745970335166	143.867881103038	168.200625981339	183.202640510746	215.425613600289	328.354139910605	818.306179139076	1091.68381060139	553.562947398519	365.541023019894	398.772794331537	430.431985411644	458.216097211167	507.18919351643	528.931983797115	572.317804153231	601.729100000488	613.143629527702	626.440724987154	608.367096836707	614.030319011902	624.994603305656	623.63372516586	617.32329022199	628.763195279638	635.397261932004	638.57772475852	657.912497722276	669.154071561984	696.60716272206	719.974810785016	773.870777973461	854.546229537873	961.016605756985	1097.49735123749	1240.65731151517	1384.24436419819	1516.49744727631	1752.38051553625	1929.4711559755	2301.87084753786	29557.5714409363
485.688	122.209405715417	236.991220331441	5982.71632796191	18670.4523331844	13256.2903723493	744.441861833067	82.2440941149305	79.5070772712165	74.3221816268801	88.7408715838332	93.4665414058891	126.918902745321	133.596910350812	156.572376995033	178.126586318301	253.765562191623	589.048584865147	1032.14614728498	691.626124593328	359.896906128568	359.366901813395	385.725023974761	418.10296104812	448.174863658943	475.203671084562	497.630908545702	535.321311998873	567.979021721762	585.880168056987	592.558592157813	590.991388649177	589.498706149522	596.026558359424	611.336976426895	603.895811188397	596.476559652312	599.257646824508	628.485165685528	619.924259686952	635.56062508103	660.583451089815	700.08960548475	746.239749039157	849.577042801252	933.904805791974	1059.05432482821	1211.1175188372	1337.4343273317	1545.09959052499	1748.97325528134	1854.64731641704	8357.75587513285	43906.7345779842
490.333	236.524969294595	5964.6065113261	19853.5738042339	12924.5402897431	920.549339573613	85.3810367852992	71.1287679172175	72.6073271834479	87.6227883233889	96.6824050925809	108.472799989264	124.381439356389	142.893317152084	179.825529327766	204.553132968183	395.509220103818	890.341501485581	808.046262072465	378.315149058754	340.015368770514	363.95730274251	389.144684948567	405.606217136896	454.999112778053	467.646276067731	493.477942711579	527.340630678392	559.227052672997	570.140745425494	571.444408559197	551.63276594739	573.247817389555	560.935016172596	554.962564436524	554.422787973838	561.094656730277	541.046233441819	598.564696990406	579.039234020546	603.247159376757	659.393887613056	687.741171138411	737.622624906989	809.198076236026	920.8182053017	1000.38696063986	1107.7871328939	1297.27186236355	1582.50492259175	1860.4935286467	2085.15724669121	23666.1416248406	35354.7174912424
494.979	4557.64455301793	22002.2224730253	14726.7249580467	1020.12954771504	97.5447811822783	77.0786951163719	75.7397472989977	84.1106180898403	91.2888246787373	105.494418869223	114.844118227824	130.043348923347	164.759056459078	182.265403972281	303.225536175454	690.382843784291	873.62436416461	451.552522971068	321.69472149271	334.380804266318	370.649265512429	384.865997424103	425.25725699293	444.637129157643	479.244461790836	490.753867221585	533.650764111807	538.833288946829	537.126550928561	546.546756691517	543.753179029557	529.280927306751	538.483110872541	542.546888278538	529.686442869621	546.870742287865	573.525382732657	547.635838721506	585.135845007857	589.619864339765	639.710236517792	660.86818943721	715.013232404874	806.600612779215	893.109752059539	988.537418687298	1135.17197817347	1341.29080538737	1617.22779830568	1780.80531830359	6593.54049409827	37508.5647668828	12980.7140399118
499.629	21894.1270763737	14798.6256620336	1132.55898929999	73.486577532861	76.635513081155	55.2933608916136	70.0519759364638	74.7123634825843	85.5948212667183	92.4994022511656	101.310258591242	120.767069301216	141.588867883079	219.203633050658	481.089456662461	814.637694908355	538.608189283818	283.37095681815	282.108259813428	310.07081495247	337.351755891713	353.097308840642	387.637354101793	411.358924299433	432.500920625839	444.647048482558	468.567936277959	482.849242384211	509.945581242578	512.665997375396	483.06082868007	489.443638410665	481.009562282186	497.991148913421	490.012908519044	515.951158819467	503.133910000007	511.549527803216	556.197236505154	552.938686476924	575.51667015565	608.726753943825	685.735173142213	749.680560187796	811.018279578792	909.142134336172	1082.35008830793	1301.32575929063	1557.5663205338	1699.83432339439	18655.944178101	30776.2948764088	2286.18637326997
504.281	16635.1106874413	1377.96499369912	67.0975784722577	71.1894833528387	52.9331109445804	51.346385654786	70.1243176680812	75.4101778334872	80.4265749966054	86.6541002945745	103.465967797511	121.432686662291	158.459824805358	339.370330067813	719.960725842837	629.076150195494	294.705568807451	254.585105000382	276.218031383628	281.485426940407	303.455442149943	333.082159699615	362.931212100228	375.077913563299	400.183959477206	420.093874328274	442.401148476926	461.8098035033	454.560673248196	461.737550971918	458.888266890324	458.675734712356	460.981256481782	461.358540692294	460.156287622219	471.707519272727	460.286065846432	499.1799910756	491.637062898852	507.055826503822	535.201213069788	572.729960708561	632.743697377603	713.719198232692	770.204668253169	892.847719176391	1039.06339794417	1259.60616232616	1394.40877263472	4551.06036338902	30372.1988291562	11922.5905893326	800.19135913702
508.936	1784.16447811884	81.8449945167767	71.4547067220355	69.6442639715953	45.5385140130562	64.4398957567427	77.5362555152634	80.4266852016076	84.0238694559175	96.1965505630198	112.91191284682	126.729849890676	228.716221850735	552.362506072743	695.684192486268	349.670858885933	245.452820513356	255.64208181122	268.976358602704	297.845206508562	306.62285915902	318.069591274207	360.439034054516	367.632150923368	373.686452865268	410.588973165946	419.201893487342	424.379766063779	440.271916156707	437.902867102776	433.900779276464	430.670616108207	440.682611666828	438.96445517568	442.548066786575	429.692936608785	441.257613234423	454.658791500215	487.653260998869	513.85726387004	505.185299593711	548.84332960212	601.276989255721	678.735513588562	784.599056832853	885.823070509207	1060.24487415242	1219.82918943397	1396.36993192177	14519.6970855152	26216.2169175803	2332.56817761745	1003.07441463834
513.593	96.5901112231757	55.1651959755167	52.655987323088	53.1027468660196	52.102445259142	59.1726356219576	65.6715047228651	67.6808956786389	78.3355931183128	95.8393154714752	107.521140622196	158.627240195622	401.779122803012	688.826516653032	425.294618610508	232.636404430805	225.038434454132	233.904101202004	257.757115995896	272.286689095732	285.387710622624	296.691020593807	315.277487251645	331.628062001214	356.755328442835	373.901638278545	399.558944130424	395.627001581813	420.842685317219	415.652545609936	412.124943054754	405.37214404265	401.630917065088	406.680010690612	412.565311559399	405.355846198864	426.341235912203	452.702287890648	430.218861039159	470.371133132054	483.473545232906	537.951156884143	571.220852712363	648.255312699165	709.796045228506	788.948355761297	1047.24238169607	1145.29028044724	3479.6617234795	24889.2819954856	11589.4245929818	1235.94673455545	1139.69898562766
518.252	82.655672951675	57.979362521918	61.3857822832409	72.3988455684571	73.7394772772531	66.7607540882095	76.0039512619981	82.005568254904	87.4319589922103	100.606179417784	132.10897631904	273.093890545048	594.240610152407	525.210184231719	233.016868732369	224.39684949357	219.477647272105	238.292965896404	260.962019879659	276.694183235804	271.626201941301	293.653133404055	312.463335489189	339.091146474884	350.380169773885	377.083186154301	368.31189324197	388.435084424052	392.893538771556	378.195594189106	380.134996464654	387.973105685484	382.44214394484	390.709893443835	394.853456191212	400.285928538397	415.820620436897	408.259663584174	437.864583824267	454.090992475543	479.001239074841	523.118613897861	586.836628625743	631.842218252235	692.837001101309	872.263329126078	1061.47360277078	1245.5679769477	11160.4936436035	23070.2553331044	2767.13885853666	1635.53287904953	2409.85351725313
522.914	58.8593677322813	47.0680800475753	57.3292439333797	58.0457760131832	70.3071380590675	72.3634158987951	79.729724779443	83.9566021212917	84.0076808428068	108.438135528258	183.517520699763	446.15201586998	567.200627268061	291.224047764907	203.259855743343	195.169928891721	208.807294282625	224.419827109363	233.337390500264	261.613202496545	274.687096340867	281.659331689352	268.041171652	305.123107481017	332.022561146346	339.565535963354	341.735369456061	347.033463721907	364.343956193927	362.18544913383	357.534270176112	356.722497297506	365.0148713837	354.305533875329	356.497882751848	363.572603605333	374.82130594226	372.113073256771	389.944357556957	421.013578595734	465.479536548714	490.504209253114	540.291224956112	601.914003578643	686.125431795667	885.645738356149	957.770318796259	2488.31691744336	20129.4026888487	11333.4767772478	1411.96237937749	1499.95142809187	3178.74666464366
527.579	53.503481660067	53.8844706143345	46.5371040258095	51.3656784700707	66.5478261047507	57.3783288267075	63.0482941980979	73.6258967475839	78.6855052113832	119.050262740939	306.79993876368	536.072917238164	330.304346146527	163.308054777768	171.163927920199	178.975901367384	184.484324082767	212.496581188913	221.219956812801	237.012054058863	259.402293398097	258.267275499926	271.436109605787	290.005655552669	289.920008016887	302.54917519174	317.825160474241	314.982598597289	332.856513404658	320.198111559809	322.903795579008	327.434537147021	329.160877848105	329.303914944041	343.197868671655	338.896881403599	351.964591688168	357.413207341831	363.265778254252	386.69520816369	407.256273319875	450.594344746853	474.816783604198	554.50745483511	665.352125365441	851.039125262132	951.887784386292	8546.78677367351	19894.6655115259	2796.11965713356	1179.83876379433	1405.28444266549	3021.87381295113
532.245	48.1820774753852	34.4658406298577	43.48129673093	38.6200090927972	46.5614127279747	62.2548627905113	59.4365770142013	65.4677020405177	87.8239530404217	198.135285941596	448.875373234909	407.459092804021	185.92521722421	139.057607918061	152.587942634891	158.982273556958	161.382642430975	195.196087003045	190.45906623103	207.847070231752	206.451675200442	236.913283032611	247.954884507864	254.851089473009	261.170757774607	271.845788892427	280.117895892388	282.0391718797	309.520953506613	293.036858987344	283.113181921179	291.108512894234	303.563941241159	292.026916582739	315.700966092645	305.312287230038	319.049079502619	322.820732554167	340.428645766968	365.731408228038	363.324153600302	411.873865399771	445.346309294954	534.861925355075	667.757333824027	763.182203845081	1778.37602678426	16256.0331730657	10342.3640234781	1040.31473680845	1004.79221044643	1765.54330705787	3180.35809324408
536.915	27.7639894207289	33.0349103128735	33.273734718933	36.8948435557343	40.6418508743741	46.7347550582376	52.5754908731892	71.3789476839633	126.097055621658	331.247932392025	446.123308563717	212.249619347145	138.23717215707	131.223346484849	148.564364024117	157.159319342518	163.017503704247	177.504290828555	183.066854634918	179.700304276448	196.137231024939	206.212057475866	206.430867427627	233.546739811882	259.322646306264	245.79132433484	254.778577430516	262.043152690542	267.414913625144	272.831729041972	270.608870471469	278.389682362546	273.805883843698	272.366933132816	281.105998206661	266.438801973859	290.919387250476	304.886645126017	302.240049886764	343.544269056118	335.568384757216	389.122436809161	428.084677035364	490.428934051009	678.761258324466	755.013886059879	6490.43817446408	17141.305438894	2549.71358195863	834.620618003207	916.259712385233	2168.24882549637	1406.06173145413
541.586	33.9293536427551	35.8464443258506	30.1922837993906	35.8333538588468	44.6778854776356	48.9118633817058	65.7571453013638	90.9346261162292	239.665181630113	426.02541542335	255.516480229621	137.437274350904	118.865040456956	129.955271149949	133.617371416397	149.892934802333	155.569483584797	168.560363024826	169.880493095376	183.459986583513	179.070916262635	215.549425593555	216.391440743486	232.197078424438	238.904522856619	246.314017896841	248.991087444938	255.525741634113	257.893726790315	262.673864759788	255.89429244614	261.559411982686	258.640548533431	272.913823712873	284.594445920623	258.290262270555	277.16851182246	281.204975314448	315.226655166297	306.964700782556	354.118773528724	344.636623958882	423.844836544213	567.02526024318	653.752168858969	1305.15401147725	13318.5127887046	9673.61753926246	991.56773760147	854.735250674807	1275.01806633499	2810.23823116488	990.633547344442
546.26	48.6705739516272	52.1895528828479	45.8966706699666	59.9082445864977	49.8476559358341	51.1202622754221	79.0244016985455	168.073171011644	356.531456914442	334.082100288758	139.916463401643	129.626435595481	115.927830952646	129.681588596876	126.917026279314	142.819801740289	161.109858736829	171.136849519043	173.263124724946	189.136729699773	190.785717462916	206.058954588678	210.759950627666	226.254233458659	234.270626125299	232.47821214204	229.735493946062	251.831482343978	246.352429218718	246.852631711698	245.422932630141	252.218259056963	263.929639311987	268.403300487381	245.55168888177	250.893090434625	284.235802705522	290.722189481857	299.878236992827	304.59065654312	316.988131768739	359.737144742781	436.246694094549	587.083155765963	665.510203774142	4900.49743044909	15191.0126504865	2717.64612653521	881.450021548941	868.800464905497	1742.74320511536	2362.34332014153	1254.30858011015
550.936	44.2908023497467	45.1708247317974	47.8360358286767	47.4458647297182	42.4558559723069	64.3804234602688	132.81669564305	295.788098619358	360.984024501375	174.206644694941	103.5916361589	114.994013820627	113.355119505532	111.910845091525	134.400140093369	133.094122942853	147.745773760299	162.209446639619	155.132189673988	183.938743011224	186.727152660295	181.172669265927	196.578540104677	211.716297481628	200.789016890791	208.327768020615	214.70542989092	236.166778441993	231.505493999314	229.382055519687	223.122942460851	234.39514868545	216.492724468559	235.971476116449	243.517006422124	234.520154224468	252.113196092696	265.733193718527	271.955406730173	300.103852525694	312.111322527885	360.122529223869	471.834721681682	546.039894193172	962.908107319821	10930.5509471053	9147.52425257853	817.423009182526	807.759881387283	914.135574420488	2386.84061525604	1395.4512386251	486.050940350847
555.615	24.9497335051965	27.2125106555228	42.7955446945449	47.2139970272537	57.0356336319078	88.8306502514561	226.782017465245	363.861281705348	225.964657028903	98.6526773750964	90.5720619824402	90.2093756940167	98.8626671096788	103.947950315593	108.711504147264	131.124406228154	131.647371399009	138.078132637686	136.88597343587	155.59799162594	171.52955358576	179.175731866225	170.765683742708	196.387606359837	185.95490434361	208.053788746787	193.401563921685	212.121255626024	199.814477575959	194.093713587324	218.166303473095	203.307493282187	210.058067734897	212.740045616341	216.076368084465	233.914767323461	240.821083655969	234.311819197262	251.084404323351	286.170977303232	289.047141947253	375.498002450389	482.791660488457	556.291086282954	3739.53965812741	13174.4678628239	2762.14579689971	713.099690696497	702.208819963645	1368.87517690816	1885.45582116226	835.873772367735	-243.378174114756
560.296	13.1252967560458	23.0707160146219	31.4332774179294	46.2096178044542	50.7724395237727	150.128817653079	310.368898058676	277.588713084074	103.121939757207	73.4222619496526	74.951536482022	70.2208026794223	86.87807819254	87.2315409052235	92.2151633057074	112.683342910038	118.993854110209	106.346870113384	124.888379945677	145.05720303636	143.960814939297	158.225273746463	154.352241464222	152.951318131548	154.886394215224	161.199413091505	172.527304578757	179.713946085566	186.444237343388	184.508553772993	180.031110683574	191.056553954713	189.783244603094	194.601979939398	197.198757140553	204.212950129625	205.397148441756	223.254973588152	235.681313046813	250.127159074576	271.3994052501	348.216656325934	431.744877833204	758.181537481422	8683.52045397462	8389.99711607535	730.439806246118	600.467727630548	692.8115442252	1626.31880361107	1531.42882118705	406.623288182017	-146.656970240316
564.979	45.35190690356	43.3366168696261	42.7227734806044	52.7240746613112	100.101437181983	265.229729742086	310.265959659311	150.176805618172	73.4522858773978	76.1930896059843	82.8902018833727	79.4718933255478	91.7436852158642	95.9733088466223	103.820281301702	119.733307683596	125.293878865702	127.432513284999	130.366860305399	139.655476597055	147.008555405115	159.33343259637	160.650315140615	151.803468183345	158.695921629565	178.431443470661	178.12763068933	188.816397883344	190.433395262476	187.887800223994	183.072503432064	188.561868811545	197.204402498674	183.839417310736	200.199127713834	199.356349225774	200.171687161843	223.131282392999	232.904099720844	246.328958670561	281.227915383854	396.532174232371	472.617177146809	3095.58466443302	11473.0610399787	2763.85790386764	614.390601321405	658.763394872923	968.703010794133	2030.55292570285	995.409535416283	800.77009574767	657.72160536978
569.664	24.6609814416813	32.4694966409345	37.4927037271257	71.8359985474567	183.140689091306	310.315497039673	183.551829361544	71.9438021158759	68.0048415152008	60.6368258703596	67.6932311517908	75.5743991611964	81.8527439778903	92.0986049636485	90.1161810563248	110.948902025336	114.52375704414	109.631560332618	108.086397977908	109.335869604486	135.099673943892	149.29304141115	118.737279266316	136.632294546247	138.965802973468	151.790046003529	141.395370358023	160.089512563846	175.623118925446	166.355309649848	174.481060347416	156.438184497717	165.921155086898	169.042213685506	167.798016664114	174.424778891003	179.193389301969	199.147521102076	195.759547519827	210.645474765574	281.101401284879	394.692860349194	590.371598375755	7475.99210366406	7900.60822688465	643.782815655447	566.798033432663	622.724663593656	1297.88855978618	1551.68088095893	676.638157085592	553.30421769798	745.346202259227
574.351	40.7741385223006	55.3071025630801	59.5157303159374	150.166233156026	282.135678190929	233.31655003714	102.105491573796	74.9895306715497	67.6728647899046	59.2317368986038	69.9382805373815	81.3032112493763	81.3703166811756	92.3105696851828	99.8647086542362	109.950782350515	114.031479108772	99.1109479810935	112.408273660586	136.493558792602	123.1621007516	131.625738902214	149.278299044429	147.139767501757	142.904327793011	146.266470894306	158.419181952016	174.015640109512	164.871547773277	161.138384849758	171.683555630047	161.500750556263	165.026258113317	164.866400351538	170.158456608519	176.243454545185	168.725507883713	203.036584346523	207.423455991867	239.571095093633	346.462430898007	397.117993504922	2322.48902202264	9995.95754344574	2830.23751210731	506.246376677407	571.653158502316	772.89945902302	1622.72169867787	1131.49282628757	640.003020230057	437.022218816081	935.487155398204
579.04	29.2102335709684	59.4763379834833	99.532825765891	228.37039977912	294.101708531119	123.041862670759	69.5556363931349	59.9760135190334	62.9301987998862	75.5152440401753	80.6489624811305	71.2110037235247	78.8186743512492	82.0809639559142	97.9332184129429	104.199833464301	110.598342766351	111.878482075953	114.448113413143	104.378952789155	113.557768828901	128.450647311778	141.919446149303	138.068524092388	144.806905628982	138.901754399565	131.480818550669	155.843819163732	154.872710175306	148.311380228844	169.475700213761	141.573969133754	138.759808971676	167.246437072446	164.549346925683	163.747643414825	165.399969410087	176.961595388072	189.911853823587	276.14169064072	362.462817150118	462.411936062123	6112.46281780434	7061.93752069634	586.820181638704	469.316867806475	513.403068656624	948.678847822196	1614.83371511519	719.997422774661	638.62860394298	678.394077786366	842.775094849565
583.732	36.0223585628575	84.9832339009263	184.314867437542	274.795792676391	174.285835723103	73.8990989163886	51.7485629134603	54.4397016565946	52.0042655537434	54.9367948873893	59.4252237570992	65.0742493321554	63.0987426552898	79.6780056465705	80.6151330470179	85.6469604923406	82.8822743382224	87.120331456274	108.284932604426	95.2000477419184	99.9104093003295	99.9091917275449	103.416691026474	119.990821823655	111.93730030856	126.235058249977	137.08171363146	120.671449938438	126.529922026831	127.269000965909	141.505887054099	140.737198210581	137.885671230717	140.967144163415	139.670287705737	152.602713630435	157.754567217013	174.031997572329	188.009261107739	258.71740767919	327.682681344199	1610.62298406488	8844.6245853885	2622.48516375283	402.407332396708	444.491484601711	483.225337465069	1286.96428480798	1114.18467219637	580.14325063748	545.776880546258	498.403541175464	1204.41525818914
588.426	64.5079341456371	121.074186873234	245.674971929717	205.418969688608	74.9225167861418	45.1698325378028	47.4753160828928	48.4377438926595	47.231311022264	48.2351478808537	60.4593688559196	62.5275751954026	56.174976359851	60.0659377974865	69.8632056839003	77.8481744638867	74.5868240705362	73.3425960742404	97.4032046846788	84.3243570294574	99.7019305701796	88.8880889753418	116.476751118132	106.148296645105	102.228035185578	107.503563013456	120.750380536885	122.484317688412	119.734681144214	104.343334426898	123.834013009338	110.772330485902	122.046376540642	135.952161277801	140.074766395336	132.847743357869	153.665652106325	158.214520965027	197.601976534545	279.761751926175	345.994171407206	4794.78017817734	6635.07538877127	503.214991135478	349.189257756135	431.040430719555	643.409824663353	1342.01499119763	716.811708740683	474.216816123019	433.093171528312	597.043611110877	886.645036507095
593.121	82.3977279441228	189.238499107836	217.896335571167	96.2359622413266	40.523687150871	46.9090344962195	39.9191249502497	37.8807621116006	47.6552520314274	37.7283108941945	51.9770276226798	52.1257039411232	49.171396561543	55.3359379564206	57.5514477833047	70.8136736961802	68.6125983210136	67.9907201950034	71.7631875850988	62.2700883051783	73.3353602616544	83.8773999597425	83.3708951983682	96.1105518106421	89.5838613098751	99.5198774647836	98.8258629999739	98.5376357629972	105.666224193757	112.863626118363	111.83214133474	114.263956719357	104.243630819954	124.790923540993	116.155677277497	136.841934620175	126.995127832095	148.92829304473	213.957814012834	253.340458171587	1077.94859600918	7592.873034478	2553.8301444336	294.074273937651	315.111666310653	344.448843050546	842.097081136337	1083.59485344863	463.929956010282	399.058244340635	398.988474130557	400.020612899801	514.085403308814
597.819	149.802462863613	228.310066247001	151.346440950113	64.5455163249791	38.0142363085124	37.2975950967207	40.1606707796093	51.1475967544077	47.7548538732344	44.5769376448896	49.3455324360448	63.2206718779537	57.1030204129949	59.5409294857434	66.0056405350343	74.1148264191252	64.1623717891736	67.762851689041	83.4125509068962	77.1038487737215	71.9528882778739	99.1351437265638	97.2269507808414	84.7301952900353	111.239337901503	93.6922032047483	89.1490416268016	118.116957636381	109.015938843021	103.711809778595	120.48189046788	105.203357565972	107.563483596572	97.137795279662	119.08137363409	125.611267086636	137.673199104008	167.103009807462	264.804115329066	296.009362416668	3697.74216810186	6349.1590722588	476.41973549802	265.702988329287	357.473149432941	455.266649831377	1111.87373254844	756.405393868258	450.302734086019	429.002467973299	405.051820958873	430.195647473174	1172.31109726818
602.519	214.168481193136	165.007313360583	43.7766522632676	30.27176801331	33.0376667561178	29.6631117270664	26.0202014668543	28.6383472391571	37.6666860897869	30.0253343414544	41.5677279246831	52.559064579669	49.2416593866699	52.5072032073044	54.5610893324166	45.4548538145565	59.7623667882474	55.0867495172081	58.988335292768	50.4361251658006	64.4191926186802	65.6868781384571	80.0481931864737	75.6835838816032	83.8460948181769	87.3300449777346	74.6201246694072	96.5714001964059	83.7694634851323	93.1120494490503	93.4515440725813	92.9243259964091	92.1465347565255	91.127206321164	98.253078467954	101.277694547424	114.14187551044	172.577561099374	239.714740956543	789.427304237124	6476.39081549287	2809.80972860069	215.603988213554	226.005761570072	269.838406867753	575.55436200455	1028.46671768184	428.573860270694	260.045232783242	337.571880466534	330.997979491507	-6.99309689389688	-695.006998560751
607.221	225.087899933665	108.07005333862	30.3680898378219	41.2682336041025	42.8603846228324	24.5123274740838	40.6467099878892	43.1752610581667	47.6042941038272	45.3322921970925	48.6837297348941	59.847800232439	57.1390146037757	63.8800899815298	61.8248323198572	66.8987990791095	59.9925239539577	69.561195322466	72.7079772710953	78.787343562218	88.772276263194	73.6054043126301	73.1113948887151	80.4215489477874	91.6531029005762	87.8068875104266	94.9621615827631	83.9603417246153	86.3630529976306	84.8602779073853	90.391075831582	85.3484016083034	106.043788465513	104.996608694161	120.45334066957	116.498647750554	122.730253533661	231.034632091264	258.00355566459	2983.94493813747	6057.11359659963	554.194779960648	214.220117964642	240.821286002867	308.178135167705	810.891215380214	803.174754288614	364.299656108448	349.299333254084	338.285696972477	322.852617877346	486.878797980753	525.959940554081
611.924	119.674097457461	37.0121360641508	24.7370062509714	32.8069718535131	41.2925283573824	32.0420314865139	31.6125096903752	35.3526898080616	36.0463570126282	33.7595434761121	31.5074482172151	47.2615429894029	50.1636227140732	41.263951955246	47.5573472639929	55.1541800591021	56.1981339954086	59.0717388005632	76.6452924237751	54.8058162781173	67.5003379052106	81.3566793110995	57.2937655094747	74.0302467666528	74.7389695845686	86.1358659596911	73.2247844585085	67.1332009780803	90.2850237063975	82.0040306155544	93.3821272609038	90.4164190726456	80.3739080683431	86.5608755174942	88.355440226418	103.517854102552	159.156855320229	217.447691581007	577.94704603292	5588.09133729297	2964.83754845798	188.363642197811	197.788775403515	216.049027010282	388.924966149499	901.279085612856	471.475325345813	336.048273664653	327.346112125729	325.048904504311	374.661481742279	434.565849161558	424.811868166408
616.63	60.2856904840573	26.8990392750022	5.2843893719804	20.5670780799218	31.7436133038669	23.9701683933274	30.9722288167858	29.8468463930243	33.5088333188291	42.8416969216515	45.1119131841876	39.9245014673872	55.795135839237	46.0508955512232	51.3935373710848	41.4539947059421	50.8264793115651	67.3624770704081	53.4857362144768	60.4197010520718	60.2900060445077	74.0728969981103	70.0165567386452	72.0958905235001	73.2820999287903	68.9775804701533	60.5505607318348	73.1995211634527	78.1605550676865	86.94037042832	72.9633498503705	81.6070044922175	73.8253496981501	86.8916176461788	91.9777896653061	108.844844649184	173.790943557804	237.414779731033	2384.06446063376	5623.53153075698	651.83821487037	166.911592532061	178.46466917369	204.763204290047	523.074954947408	755.308968088914	284.714568019223	314.376862707407	305.402965313201	354.871114126498	359.896325803437	172.882789672658	53.6934630752019
621.338	54.594638916429	15.715956908022	23.0786322952409	27.0806501034024	29.9750475166458	41.1485513744416	28.8139973927928	31.4800684779555	34.5616450152938	33.4800594067849	33.6497959322505	28.9589182994439	40.57705766072	47.6580646918993	53.6140761060889	60.1138776025918	60.4520332192063	60.1987780351289	57.5722835244969	73.3050481913662	80.2528856988508	74.2949851940308	78.8043812947964	79.9622894526617	86.3861936278126	66.6353552439847	80.3133491159235	83.5471070496359	74.3622957276473	78.8912518006042	83.113820784913	74.2079102165888	90.3482111641649	83.4182330987644	83.0638264988935	123.016623479857	194.780243425535	438.085103641474	4846.17589691665	2960.94613552575	168.753693775588	173.380933885273	182.14847528433	251.717959580192	671.093449122637	516.121754236563	289.172168001389	311.449654165798	338.750234420912	187.228580213543	255.812504759478	435.597050268024	216.458461166833
626.047	34.6723470582239	41.254801608233	26.8855112980405	16.2022612299285	27.0626184852624	34.3078219648042	25.4549290698545	23.8373107138631	32.7009620955921	33.8023228616119	32.9363285141861	47.0880262473389	29.3547610222232	44.6574213132685	53.2126802221981	51.2851673872598	46.8997462315936	57.4016554600501	62.9394654513561	69.7031503782772	59.0327641726948	69.2122308941758	58.9488874356551	64.2345667980187	60.9192380142545	54.9858102992216	67.0399436218251	75.1203964116115	65.8523771889272	73.9837795492726	67.0686790945777	82.4144210888149	70.3861003218384	77.4447615166433	89.2306152492379	159.939394112256	194.411893156606	1906.85674063555	5465.69024839671	703.346547746805	132.462925486449	163.067241157341	166.0304215539	337.748583841845	693.093290331653	321.245264193551	256.02260709043	325.337480966741	253.469997003133	181.760341638808	381.629982671474	-168.586130076209	564.566806142903
630.758	21.5657909730744	25.2590625739518	24.6377738836835	32.4110808071861	23.2353636307098	21.4015774431652	36.3460202377109	35.8719563152891	22.7735450966339	32.0444607342901	38.2701210794349	31.4178126405428	34.2343409435956	45.4544963925716	31.2192722638558	46.3145592718206	50.9744801108431	42.3187369339474	56.8791676344213	66.0974023470324	67.8557183362543	50.5433568998691	73.1060837843176	59.6022297492442	70.3210221078104	56.556604381635	62.9193855346557	64.3444924341275	48.8742622931296	58.5493381887944	73.7789833050185	75.7261788479065	73.3745402073973	70.448227702425	110.531322555855	172.027391358378	297.392309640761	4120.86202079428	3117.28290170711	162.554752796399	147.951923352748	146.387063067538	177.717640180083	511.053352264384	530.895509323242	204.820556102876	221.316399235579	265.539432889265	208.8123499813	340.477316106758	257.150127640855	459.326191855727	460.181516128709
635.471	14.9403788161696	1.21205254915897	-2.55572492017477	9.28233392420749	19.8573230032682	11.1924732654963	15.8434990514306	22.8394815237705	17.0590561688423	19.4693488415211	22.7158476320136	36.0475644751778	7.55655806325773	24.9838250972263	37.3771482192677	36.1617937942241	24.8651028654939	35.7657936395178	44.4954052917266	44.669332074164	44.012774026833	43.5502366118867	47.5156582119003	30.3875486015581	46.4497061417029	55.3439332267759	41.6182051091549	53.8161948401424	36.2892644216458	48.7384002987607	58.4599106280578	58.1847812767907	60.4364465327048	58.8291897499623	126.071711278237	160.374772591283	1320.55837990088	4943.18596162742	797.99610030002	107.225134806794	110.960945419085	105.59284552924	210.202191914589	531.199100982897	307.847387545567	146.473157332991	195.568367273719	159.438452324422	155.602083183196	155.502525701891	200.233389954013	104.515588919917	278.229987500125
640.186	-1.81434162266606	4.04773057872431	6.9499402632632	-11.0218578355323	-0.593864406250054	1.64098594923237	18.3468616804851	16.5760768032356	15.8701751157675	19.5057579083577	13.2315859781704	20.412812512785	18.432982799785	12.515273313403	13.4185248684096	19.5081486493138	22.9448969253163	27.2190536456044	25.3115864057034	34.7633876825433	50.0006722553593	32.9086389827543	38.0098072463854	35.1005740809329	34.3079825542111	41.9156169662233	37.4612806477334	42.8736277927326	43.1740894129727	33.0884413884191	35.6508385849482	38.5438497574024	42.5134555429917	74.0855922715456	126.649771021967	203.280556301103	3194.64699687256	3030.15051170585	102.125991411734	83.6548705463746	115.576009980304	97.8161675643688	325.893262202763	457.712617312464	199.00821104634	174.381261540482	151.247370828449	131.95633294768	224.982044412238	163.212056315564	184.87389234733	127.149120611396	-111.500118944889
644.903	42.2066775293381	27.4296753099528	40.326286859328	27.1727564247408	18.9204785407973	31.5349923405267	18.1394994668563	25.5126884156266	34.1609131064095	25.5028730512336	35.8658364392745	35.8923752795096	20.6411336913812	39.2731166968317	37.2436806031962	44.7863645295293	50.0609728083354	48.7874627111186	59.9899474610037	65.0673293219301	66.8983907107939	57.2197046719402	66.8106566014275	61.9467491963082	59.0930655238165	49.0708683489971	74.7902359425349	71.2869940687975	61.3970378279398	67.9077964615364	61.1701569149635	65.7255385434098	68.0821132535552	113.563791706773	156.485962737757	993.688477468831	4269.10024973445	919.514107260949	103.725107299501	116.975505155538	111.943375900868	165.606661828007	464.676722138185	341.043516443556	192.461019656698	222.635785282065	225.986648048361	227.591434786525	275.930129773219	327.652784474394	294.404004633447	355.546627740736	676.644954027026
649.621	-1.39578657012891	4.98231901706055	11.2560862866742	5.65279840448867	2.13203352171485	10.379920429599	15.4359487653395	18.1116779328566	8.34806449586212	10.2479490118135	23.3442023046285	22.5489445281337	17.2193381651483	15.7999479715626	15.3644226486358	32.3977139570037	32.2773589714353	32.5141530538731	44.9511948407431	38.1175058664367	52.4993785949698	37.1693253629446	47.6944314209556	39.3106848285048	31.706907618703	51.796720226803	34.7501598875724	37.3141035949248	38.2920021082963	37.5649335766406	47.9962989912403	39.5360955771159	73.3405458185857	116.522292978909	174.500936387316	2626.60556927961	2880.09240745998	114.178875168739	103.440134305433	69.3969758392613	78.8667664193117	206.121506587529	395.829487812846	168.768406633436	156.148275079638	136.840751098293	103.427318002706	158.149673517589	190.797256295081	76.0971240718383	88.7644560445866	76.7190343203226	-114.370499760945
654.341	0	16.022364544012	3.04823799530668	9.32845216833467	10.2071067033913	11.6807003562931	10.9514940257838	12.3870894252726	12.928506722359	10.9026750480358	7.44281248297265	16.356519989536	11.6578354838972	20.7252050083939	21.1291044889181	12.2571786972922	23.5596359946272	15.4328380999787	40.5334156145644	44.1204688361149	40.6011870760876	35.0503792449994	41.1314135075665	41.4135573293922	58.3833707625261	44.3499634989424	42.4156578435112	49.7353354196554	47.3402989004968	41.4946575988772	46.420645714007	40.8137260683694	84.5443190059286	122.104776038932	660.351367554228	3731.42150110494	1001.83033963944	65.7764439971453	77.0044639778778	72.8556080146643	88.7638962137829	274.112874213271	329.669907980022	104.385293864697	142.055199861092	143.928945011069	130.098357929583	163.499523237147	202.987005794437	54.0952347851483	127.019627633785	186.985140732062	19.3577775411079
659.063	5.24108674900059	9.35414007357804	19.5959912705486	21.3464877652478	14.3477804585792	17.8120904590058	17.7564123926678	20.2510381175038	17.0980543660669	17.2412067018005	28.0758467425533	23.0917645419821	21.4372400332595	35.057315819785	30.1573889733952	39.6830393695261	38.9077489533051	38.0018570342136	60.3195011422869	60.8611888866716	53.3496314072804	50.1047864482117	50.7807754660657	35.7422048521782	53.522286234813	61.3641890012266	50.6426106347634	46.4007286935293	49.4434923015466	28.3457506390991	57.8452124908944	71.9412152638691	116.718893206249	144.922178052043	2073.58683419026	2727.38422911018	152.680820762208	62.0778724859752	79.8965409616881	77.7901746878988	112.659909908714	336.16995953358	235.429121998941	116.643254067639	169.068579039439	128.123350018638	142.025229749056	183.84286030164	180.503431536354	80.5266412730023	161.143178057789	314.263556629497	429.45370273788
663.787	28.5100983859155	18.5424742757117	9.74215671229434	9.90732073270297	18.6636655837759	13.6942767998427	25.0359608279409	21.4980751924722	15.3898042843128	19.0063128090376	34.6764509565079	27.0995538408129	28.0533809817491	29.0591086624388	24.6011648663496	42.5552208719933	27.9360944248424	52.1221001708864	58.7604415298866	63.8530622757118	61.2368172186749	66.9663252723001	58.9708426398881	45.4069924469686	51.3865881184681	35.5124919076754	54.4843863684534	38.75448380998	53.2573923738136	48.5976268508381	43.4059562906577	86.1967850713903	124.550860430104	497.059892102082	3258.61818568129	1058.96422601347	76.0009740273388	77.1889336272708	89.6793068196698	94.4777416576757	172.691642430776	328.479632115847	129.724974566732	103.1501485604	180.758479496988	167.502117495294	169.674404992244	156.855636695966	162.304372934476	210.75889837566	226.286746755203	103.584654946802	0
668.512	17.529713671007	13.0360525228525	22.7755416139317	14.7903369193502	14.9819522205414	17.9100457933102	15.4911289586283	10.2513967459611	13.105440281071	15.3219301077686	18.1817265596294	19.5537803677723	20.1416801777212	26.870984794776	15.0751652953985	31.5800171272941	41.5224841069282	35.8782220758724	31.6338764880951	54.0488718429782	52.8317972196096	45.6489722559231	43.5777072352702	34.9899067733655	38.2892055167917	35.076850022158	41.6145296401494	41.4931601875368	36.9394700090403	39.659768541064	49.2070657412598	96.0924548995313	125.508271748076	1676.20077792751	2707.48183311166	152.720352112245	70.851536371128	45.6264759525049	53.6707291584232	91.2780461347498	242.364980719861	228.279052173808	107.356362329934	108.304301564252	126.822640696948	157.537045197079	159.908115141626	131.220761609	100.793669565085	146.010550926965	173.130998181559	240.879002121938	-299.246161645464
673.238	0.97973789717089	5.68297557060085	13.0365372465017	13.391467344708	10.9032772818106	7.6797626717915	4.00742242748134	11.6752452606026	4.39478821278576	21.579883837587	17.43382061444	0.339164453447765	16.3525792169472	18.3684470242118	16.514036455754	20.3998127430008	24.4263176722738	38.6990326052665	16.7282017879937	9.92547990121686	25.5119827163378	38.3364581806092	29.0939134004983	29.0115041691963	31.9163999424623	26.733402956205	39.4024876432009	16.8375298487376	44.1736137993333	27.7555547436205	65.3169906523865	94.2629704845749	333.921626664603	2794.72684741977	1152.65578660327	53.4230712931298	56.0337473110025	31.0379883748664	46.610160409122	103.182790063331	272.385360519567	119.994114564122	74.3314008764255	92.8689955893161	79.634464118584	79.2428870523197	110.134845915111	39.0032520793067	89.921353444756	130.865515466611	0	129.242473541265	-702.446032335342
677.967	0	-3.52286801569694	0.39794427279211	8.99312968878002	-5.81466359227356	0.892626251044344	6.95229612192523	8.03660397147332	12.1743166567688	12.6806012288717	5.18214059947614	4.09982693225438	-6.80386957210615	11.520848327275	15.956181425819	20.2125703778426	16.4036574179382	42.7312472745366	27.5368433128597	10.4329918654627	37.2637161510623	26.5496400959597	9.23381281674224	38.1864255035505	22.9118566922541	33.7516324987968	16.6562574738923	29.3284548069519	22.9551264916629	36.6963756402674	70.9905230792688	96.3405903767575	1312.19713483775	2443.39722631484	173.161135775981	44.7803088911056	59.3500029942101	38.7517962802002	43.6979462542428	154.168846694444	222.1705740865	80.3900702856741	84.4761934430307	73.6615709054557	110.408378528287	76.7141068586044	82.2721082201023	119.379158160167	30.8360618823975	80.7094417964512	162.613318100814	-317.339281761967	-424.559108796347
682.696	-14.4698821193982	9.35058570397629	-5.63330712221874	-7.95668278679234	-5.22619013690073	-2.10600585780781	0.226766920751908	2.1801909415456	5.37163235010535	1.57003072136043	-0.58221020999827	-2.76367773513402	-1.44835660728573	5.64811637849276	-1.02982990075389	-1.36252167825915	16.5864645739304	23.8778050693516	16.6231175813068	6.59328761140207	4.7640107233308	15.4565098168989	31.6636493888083	19.6999929582106	22.793528719238	22.5098061160278	10.3917980996779	17.1500528300415	15.3549329355808	50.8873107885597	67.9299632826887	234.775322023959	2352.13945318749	1136.97385341349	41.7958908542316	35.7468582242303	36.0907821231764	32.0593562443935	62.5169739371137	193.601533948614	141.144808348738	30.9939274769182	58.2392869433723	50.6480843573444	47.9697976444616	16.7716824438288	50.4175591860472	48.8950093831335	52.6157572076742	-24.4826674264963	30.2889131408174	41.1379235298749	-1287.87155903829
687.428	0.502445243302775	23.763868138686	15.3971639426265	19.0767548012991	21.7085543270675	25.7514806137002	15.2994651757006	17.5633057474508	21.8619308902633	17.3909208898549	8.79412876123878	17.0457155416579	43.3894573664738	17.4181280092879	35.6043622568453	20.9235325214745	31.5890809143956	36.2576124139314	43.5218721317755	35.4097200060958	57.1311656041889	42.1877929608997	44.1480844484876	32.1368147501496	42.1426164992762	26.6885309353113	29.2280246651943	38.4972534589287	39.9139024004561	62.2740055497375	96.9647958918962	1024.34540095735	2306.84195829806	217.748532495288	48.5335792852796	51.5949056478958	39.300903529149	65.014772484149	98.9268856991708	220.778255615325	130.738170550319	84.7978768950046	94.4850910017779	111.753754691774	97.4877213886345	98.166055512329	114.231552374561	140.016008118322	100.079235844025	117.789457929915	117.644372556094	439.106610975163	1235.1081779016
692.16	10.1034507038742	16.2291119901224	16.2955161411912	22.6327588992854	17.5272519217941	11.5749165169045	11.0203065704475	20.4679691361841	17.9017243745252	11.6568796466009	1.1789151502181	27.9808005452156	31.5272942962759	19.6570833649742	40.6633205675392	22.4165886289872	28.8400375186094	37.6056123272567	20.1960510041735	12.4606738595789	33.7631926129137	28.8269445960974	58.7726318147587	30.715637091668	41.614736649073	47.4179212496527	39.9078309187995	56.7932357789166	70.8611629714921	97.6747687038657	189.66455128446	2028.59116261144	1168.29062692523	60.1417063469176	56.4215559932806	39.8110194655514	49.7114510581818	53.1957632190086	151.337363358705	172.591935326101	75.2688775068209	54.4704930252489	104.825334807653	100.294816489433	124.507939380192	109.311690035715	105.91870292894	80.4434401919071	128.244324181818	101.903871459124	144.568050837078	499.800111351814	103.484366005672
696.895	-8.13765056922853	-6.80805160323897	0.820308947463041	-6.17937841534213	-7.99076805028156	-23.6137151150824	-3.92953067805965	3.23246542145524	-2.96585866077621	-4.26765144952881	2.96730289990357	4.92989316566652	0	-7.91622982695488	-10.8472086944483	12.8468665555006	13.9666306997655	13.5217828369794	4.23608381967368	20.1620800665139	8.38775440220562	6.21915177910097	15.7239632938409	6.82742671904418	11.0456629484567	-2.22046215025641	-14.6104890529455	15.6604681232603	52.0508187517087	67.3597822334936	792.006984618318	2111.66064981096	234.017029979052	25.4753589502959	28.786172956649	23.4820182602962	27.3772534121321	37.2175870491656	153.802501559428	103.028216370001	29.6530545364292	44.1107581327194	64.6415370738423	58.4597421907255	68.4554424155736	73.7255121884332	43.6830347383887	23.3624225153922	11.918329020595	27.7286217262902	17.6424014663397	226.437413678296	-1062.70870629574
701.63	-8.20622610708327	15.1039299027515	14.0627679863769	7.78931462559943	3.02178968143277	13.2980049874525	9.79006317617747	6.31567888583048	10.8130795487322	15.8695792641885	4.7876931195626	9.94287421340072	8.56051417397944	14.1515745048629	16.2314969814195	26.6105299023433	31.1337748890174	31.1673832320589	31.6111798969885	43.8267228265168	17.3620560266205	32.1940091919968	22.9501514514988	14.5799175640638	14.2115011545336	22.3917386378411	16.9436524751317	43.3373880951091	85.8918242693821	143.483051773811	1722.61746197751	1168.82325682218	52.0778368200565	29.040912987245	25.9323522041597	50.6259929932038	44.0001863051578	106.185884017614	166.694742884786	78.5684442250475	56.483329620687	54.7014245265457	69.1772637706457	94.9362990554607	76.2045010303376	124.988811524007	72.5548341271045	72.2485088885635	104.162622457547	123.034072965765	182.358498475571	50.7434643161771	567.351579519184
706.367	-10.8996565567501	-8.33716793061033	-6.69702468836347	-8.27672580537078	-5.43640408056266	5.63326995396435	9.19964001686551	1.44319963219936	4.65641370074494	6.80492640322802	7.57035689113113	6.10903844129932	-3.01322820781544	6.2425078797169	-4.64209601163573	7.44096476437481	0.375078799734935	29.1750827494414	15.994870688241	24.6905659858638	8.55973205053199	13.5395534033459	5.4895436329234	18.0333024600504	22.5442736221309	-1.51065947834183	18.6375675513876	44.5997058779004	57.2040414949884	637.047909646355	1938.11450847834	273.01466995443	47.9104526467908	32.4029191242555	19.5842586270283	34.7057295604945	41.907871091053	120.426530025947	94.8581304838144	44.985550511091	26.8987053841148	35.2821677297377	51.8311432842446	59.6583668167735	46.2702554152353	34.8925854158084	74.7348564955484	27.0202896770422	20.2711592031406	-5.65943065870387	139.532015459411	25.6755727769575	-21.2646640951677
711.106	11.0147960037609	2.80841277051978	10.1516539154792	13.9402628346676	5.49383199641523	-2.21385790856889	5.00598064340193	14.1677513701674	1.17640053050707	15.4040562385303	5.81424851892915	-2.17890768963637	8.3739114241727	9.2771340315587	22.0122403380386	18.9779574017869	24.6376634702971	16.3353287120205	24.4641809805104	33.2685158332824	20.487205673169	15.8204826910875	25.1772646679897	15.7387353108123	13.7480132575804	15.6478289438833	36.5388273310283	60.8456321853164	108.859825715089	1451.00669347462	1147.69351893681	40.1508097613174	32.4018508752653	20.5609458831623	34.4365811727115	47.1806565741865	51.6147552908026	153.99561953711	66.2126963966089	35.9457165700288	54.9320137018764	21.5158721826567	39.4540600774231	54.8077936703713	23.8379395060426	93.6624992890191	46.3745852158201	53.0052227295253	69.6500040663993	71.4901816842656	263.817628298538	112.436128431828	150.425066252386
715.845	-8.48934884499353	-2.36742880200013	8.55761593157646	12.0870802712308	5.90475043543957	14.0767245802414	-1.92911044283589	3.16140770130715	11.9001502678477	5.28686113330507	10.8344100439184	20.2044719460131	18.4817951851235	7.88297866081875	5.11045631681777	15.2131841412037	8.05198005896496	17.7334784545836	15.908981924608	5.14151194530582	23.0270048108273	46.7131329085613	12.5184847701343	18.8536735274924	27.0195458086407	27.0249878249825	34.6754013806644	75.2275325459562	466.299808749368	1768.04794740477	332.877599440853	30.9273804450841	27.5024041745014	27.7318639146655	8.00807266789877	34.211159162486	77.2024971103437	109.3759109293	53.4832127062947	22.4587074002288	26.9245762631749	41.6641904497148	26.8364798551053	51.4819359500634	30.6059975380724	54.6185454676063	83.0999795895532	134.859035717448	20.7223718616106	49.1759260733437	46.0122056228146	209.976651660465	-65.2139730850767
720.586	-2.12766513611455	-6.64544161650986	3.43163960361674	26.2544180856202	0.348210220438229	12.1876906456378	13.0541847098955	3.59192332851755	-2.38600489170433	4.46327014167284	11.4822721552937	17.6772596449057	0	15.0528916682856	9.51467331156769	31.2290067447921	13.8380464900543	20.6063143087552	33.6699420201383	16.4004247908548	41.5526614328064	28.6185788577306	26.3980891400585	17.6409369492387	19.917188086602	35.9947618178258	50.8066586627861	89.128453914492	1186.94848372655	1105.68496676865	30.9823269793008	24.2810402914432	31.7260478357501	28.5737455023308	23.683119699987	49.1167529527127	123.476188573403	94.9354880582552	35.0768542453826	35.9169258402305	27.566469283751	57.9775664344619	53.1178582345683	90.5180632829638	77.171968807705	82.6922213897523	114.213395207705	122.166493776814	85.1750129276695	139.198242463055	207.574716916993	157.877833492321	501.228930109135
725.329	3.76892376853122	6.24619000241038	-17.3679157194055	-3.27080802446114	-5.2869937928501	5.84367908663155	-6.85156926203002	-0.427744229623441	2.17365125634879	1.69418358148275	-6.28249476479038	-4.47333040653792	0.781443939539399	6.85659467845422	15.928138239829	27.9350427230463	8.94903379076848	-5.31679019993597	14.3500951904454	6.1660413423493	12.1508234683408	13.1674418863367	-6.5706743326877	11.9043699819298	10.0803139027499	27.8157472642543	61.8678470533901	373.208821250119	1576.76659878986	330.230527784176	22.2927671446882	10.9654878556394	3.82307410262289	15.6340490889761	21.9410135465358	56.1460207997247	101.437416339561	32.6725876596794	19.2744601140157	27.6739121996154	34.2979329365049	29.0275841483053	30.7240550232607	69.9239062578856	73.4094749369954	3.39336222576704	54.4044137667719	24.7319370648918	-2.10283103890322	0	4.66915152368718	-213.076680365234	-1301.47650627215
730.072	-25.4632222828827	-15.9544548172457	-5.67972428475569	-4.11397129924439	-7.44788609654038	3.59337653992746	4.1857870724087	-4.0888761367381	1.94416685161512	-0.568244713253031	-13.2754001357677	-2.62569308803468	0	-11.4988237388669	-20.1273459107195	0.369855377587387	1.95755740375793	-9.87673957869231	-3.15863201993111	-15.7497335111193	-0.940499456678064	3.09153655160567	-0.88154577647114	13.6897196079426	25.560584875256	22.0758075789138	55.6387350870031	991.205349911291	1062.37670517803	34.1495923072397	25.0929715137411	17.1213759707276	7.30907649225691	14.158269366056	11.038825798607	43.1264665184882	83.3868254262155	51.7314422835353	7.65572058787059	8.7360790519995	1.75482325025396	37.4628887529618	21.0786747411679	46.9062390821529	43.5623737459049	0	-2.7371609108803	8.2953185470795	-8.46370582584917	-144.730749737561	-234.911437377153	-134.00226198009	-332.944442613165
734.817	46.92223221201	21.910145024823	5.71994646118273	32.7305315748627	12.8582226637425	18.0941190036474	18.3495171454205	19.2887937959257	22.2715092939234	14.0205870488894	23.5556319131088	21.1542999400394	22.1726069585855	33.5827398092797	19.1437774395372	30.9153907347677	26.4170315264807	33.9845030251526	25.9024330083192	15.3806240981725	35.5184926410652	31.1342992571594	39.9504883734178	41.7908321344035	51.4831951950184	62.7264009504586	329.927116896017	1420.56567741294	402.96969226278	27.8222803796672	38.6717870602572	42.5318074425572	34.8671239254089	49.1127287874475	61.7611088503651	102.064908060485	98.6619103851563	59.8881131668598	62.1934853684494	79.1815090971832	53.0175121382134	76.0958411973548	76.4206123062652	65.1564353075885	80.112023419183	95.1366727413992	119.909694383161	130.323392331491	68.1891468809424	163.603327022296	416.372022388633	557.798407083078	1207.08813437749
739.563	9.38292715360393	-12.3135125430032	-1.33530069866488	20.5367283012267	-0.361316380770967	13.6448202716176	-2.0067446686996	2.19242261763502	11.8838922196477	-10.7097923925495	13.84652216288	19.4890207002202	13.2175779848513	18.3528679565495	19.745585415771	13.5646426862617	12.3646012618361	18.8663894345666	28.0417264569988	32.0905474031759	11.4977725975671	27.4460658173884	17.5127117835014	39.2248240397057	38.4403298911895	61.4460434523155	871.250055007796	1037.47098732121	58.4606462302337	32.4449813516449	29.4371438562325	13.5665092282295	13.7167388492997	32.4538787057752	49.9820749793078	90.5075933304479	28.7814029644953	40.8811233832751	21.8382596734044	33.3750360051518	22.64486008557	27.168925399944	33.6429310518183	57.6732704165459	32.8024696251071	22.0309222176749	89.2327397399698	57.466652611189	137.9604056509	78.2369658849978	76.5822391737874	691.685039675622	-22.6128046563636
744.31	1.67351788894973	-4.48026950284484	5.39832153810484	16.0967594943283	8.0339664413037	-3.02723512181804	7.85929346985855	1.32952101154907	20.0182973112302	-0.292549263608312	5.53274751890529	-1.54489694105522	6.07223934896755	1.57864963865517	6.14053674254358	-4.56990092463565	2.82186441516272	11.0171512090078	5.11078109673456	-7.37130073659501	5.3261677366092	3.63797687056479	27.6846035967564	34.7988800484274	10.0261703764528	244.353556932657	1261.55872695477	399.054141326208	21.9575695490147	21.3345200608094	3.52325655425237	20.7632637617795	28.5190466421722	4.85939851898919	94.7185922767779	62.1678020714009	33.3118153405979	27.8774109466637	33.1076965475472	23.612363701533	6.62519112413387	27.4594694850996	24.5977037010749	45.7993073330211	60.45594242397	51.5645739585852	19.7284047920125	51.248117772046	82.7899778581718	-48.6606958999801	120.939388286495	441.525416354681	502.801764385378
749.058	-10.1437271832309	-3.01737182522932	8.63469604738627	-17.1171241554383	6.27151123610464	6.79594085364611	5.12233241278022	8.05865208527326	-4.55014884973891	4.43308663936688	3.94538262437551	-19.1184003964457	4.49848481382389	-9.56870037551483	-3.8770580403223	7.69434198396399	-8.95935478218913	5.9929402620509	8.91793179319946	14.3968281186959	7.33718322140343	12.8630491405298	33.9278348132386	20.914716617217	51.0652144188453	743.422889978993	957.963628559364	51.6526080029248	4.83970370727812	9.57891479450811	1.97736896800242	28.8907331095271	25.609342701624	19.636245769745	81.6525770814049	36.7847052781261	37.9180407957275	15.5898542440546	19.1120321854449	23.2857366337653	49.2840847708406	7.26526547264783	25.5799472124475	1.68245000124448	35.4622067683324	11.8389914843541	51.2486448777612	105.269473414001	28.6123463144978	-24.5790034580655	87.9662776419988	483.207610546898	1038.96896937264
753.808	-10.3390761885552	7.17612163612907	2.77925809464617	-15.7020908407456	-0.752033962829516	6.23413604196956	-7.57041933178844	8.89833369399714	8.24493531191949	2.71107570345451	7.03738565881843	3.97685400778219	0	15.0358371548732	3.16137827780777	13.7244108080806	-7.05646432941347	5.67204203407367	9.08967429710196	3.03601733918875	0	-2.34120841873804	18.6925517618568	34.9244059038817	203.892995577327	1150.61097328605	403.435204206506	27.557591804047	14.7987217486396	22.374427581914	16.1235948434096	4.03385123305386	24.0632700453985	43.364539257338	56.7837589759668	-3.2006312686954	18.3579285180341	19.4781691494766	16.774525205842	53.836057510198	29.1476610318664	34.3331107414403	60.3393731105644	51.4455242104441	13.05241232285	34.9942654164403	30.470764843644	12.3127434584466	53.8400603131904	172.234896553229	263.999895355093	-359.913547447823	329.459681348798
758.558	-8.77254830291265	3.65329779174299	-9.90426386603469	7.99379061601125	-7.65707203704201	-11.6370523658988	-5.31590501633075	9.7570526845217	-1.57403289141155	0.920122538132918	15.3542938993477	-4.45407588431211	-8.06374208168011	12.8266387021489	-3.62121462682886	-6.78734406042977	1.26789930104257	-4.88668170471014	8.76783774944643	16.4864919198847	7.10682456467353	29.0820613569627	22.8388965080485	38.3302518568512	701.197849286996	951.948738805554	70.5617751651812	22.1956367369453	5.02259579071526	15.3255562508586	19.2896799405672	-0.821438685082531	19.9328385531221	73.446783097332	46.3412154713508	27.4672318877699	17.216045460654	19.832314988285	25.3437953469973	26.5233326522266	33.4662461135064	26.0466487499679	36.4067817984802	35.7936083511574	50.0920483270046	72.4896785244586	44.3211064856125	1.79094426002133	38.8300988355436	95.6544089074141	162.294253269236	163.941459653343	-479.21401693407
763.31	27.4410924701426	15.4381084950381	27.9022970192234	22.6495367669794	10.1534852369605	19.4236956745481	5.15121734231932	11.3741683888927	9.63327836910247	11.5753783340616	27.1469469751705	10.7385917267988	21.2123197025479	18.9920890623362	18.0581596988891	30.5436731218902	21.123634494033	19.0317933655239	28.8175496074755	52.5517680771822	45.0480367077957	31.6095100637008	47.0776385222642	209.148910742171	1154.8321005444	443.616336510638	37.7009197153727	24.3486928304166	23.4811156886424	39.2922164174897	21.3504187038309	22.203941896931	51.2533596499571	87.0425868701218	52.2209979783643	52.710230770642	56.1943219840006	47.3793259678083	51.7024002144045	43.286964435425	61.1876526651245	63.623668349373	63.4401151157463	89.0493351938081	50.0521808059997	71.4345106900334	82.8821646974782	27.4020077573791	146.780776379367	282.951530054656	620.788218585973	737.751661061396	1295.34198734869
768.062	19.8701747125506	3.2239739311718	15.5383937505386	20.1180635914923	7.48927150167104	-2.54144271791773	-0.547306302376066	-3.10932378247276	3.24113436553233	9.15747303824361	-6.67458354097732	11.6728309183271	-11.797772801767	9.79788281148598	-6.62803778950998	4.52164919534385	9.13768198030087	-2.28688648539997	6.51953450892835	0.530434193713566	28.222439823457	19.1431408660064	38.2104118388595	655.188151251704	950.094963300688	85.8730497196764	0.864855295125066	12.5038274935374	3.8783118614345	16.6315362290832	7.18338795247933	12.2629904705044	54.2981295681888	62.5051713270846	28.1723482191279	18.6930740389086	11.1414386708015	8.05998643181754	39.1395788965254	28.5211263837824	32.5053144779	35.9908140419529	49.1965717023772	51.2329917798075	87.358273037661	39.2138147354337	34.9840763499191	103.257910649929	91.7143765872375	193.681877332966	193.200445942968	39.7148662422374	-296.028823896482
772.815	10.2296307787595	6.98082763705632	-2.42632760941677	5.48324987965129	13.7872391864916	14.5132798124593	2.46130965086687	1.91221127669468	11.066822336127	-0.315573802144399	12.6385242075913	-8.74904700454019	22.2704879166281	-1.27717071283923	-8.27977014516744	-4.51876916861046	17.3940224952268	3.65668779541009	11.5272142118207	-11.6621194377379	28.7267686605935	15.6971879402111	161.066902022826	1109.02404064869	420.893915944987	13.1354622852625	6.48228324569879	3.44713469929042	10.3355776081305	19.1780110509573	18.1581729293146	19.8618428989066	75.199873146826	33.6351934044287	16.8018217878608	30.6562751037463	26.3175361667328	20.4056268164393	30.0445856698281	27.8965141309006	38.33184037704	24.6838460737647	42.1416311626721	40.4213363313959	59.9548188207536	65.7361150583999	38.0019494938484	121.619309489657	110.457182419718	252.610263090294	213.950619723194	406.818094442409	862.867456519553
777.57	17.8062687313759	4.93139692698742	8.41767676882943	7.92628348951647	1.60780414883559	8.88547617802766	5.30201844372717	-0.243898863173117	14.3220871775536	4.50809299326339	1.07467960400474	10.2027344865675	7.57482083892622	18.679276034185	15.2073896462615	4.61088239191174	4.43714809581767	6.99605221830779	35.7979746231727	17.8497703118035	0	33.035410163528	559.489986685491	986.662018738845	92.4242036505083	15.637093734514	19.4023041926613	25.9408478717234	5.27313202172493	23.9176016457237	0	44.8455042697999	58.4215569145801	39.2238088938887	29.1916798496144	30.3036532730003	23.2390455197575	35.6158725025369	12.7255604560076	33.4156377839199	27.8433083999955	42.4581126394875	50.1674491772828	40.3287459911599	46.1510496383291	24.5085816955424	17.061705483551	58.2886745270495	143.883582098156	220.936815308694	292.857445341611	253.11640944253	125.779521349587
782.325	21.1978373142083	-12.7965529769975	-1.50835056653801	-19.4107469844573	-11.4279648839004	-2.25558100053004	-4.53362221851101	0.742965663248819	7.55099957171371	-0.653931922193414	2.18246211942536	-20.2880783429163	-17.6451665974688	-2.64655270349068	-2.57360051890722	-2.55376142382088	-1.35164577442187	13.7340142419298	7.78913779871354	21.4200761963342	4.32927999633487	102.157330889065	967.810608306261	461.297711424577	9.80497897591597	22.2290952805047	-0.447752835655469	11.1611739306743	20.971184874044	7.5065705802519	9.18807617641264	45.0983351172781	37.1865018899464	9.95697656905034	17.8788609506474	12.9037030128508	23.5969568741573	-6.67650516896061	25.8431010881747	-1.88501565665815	19.5212335561031	28.4977775729638	22.6400412322609	-1.86135731062303	31.6044937002727	-18.3370861938892	18.8994303411067	26.7293399011213	197.234426704698	91.7752614489122	102.727068107232	-30.8417675382354	-1226.08021094429
787.081	4.48138340149165	2.85651553829215	13.9394687853563	5.83365929791599	6.70551706384197	-11.1945489253867	10.7653584008689	18.0554060787013	-2.584548072361	7.05055428710179	1.49402160871307	-14.6271063378162	-2.78749328581897	16.7583958295923	4.8448908099496	4.37049366942832	17.5803151635136	18.9655536815157	7.99817331142443	29.3265632541928	18.8932220268172	499.444047255894	933.885690279203	112.732203428145	19.6567924572457	-7.91910410413535	1.83907635109275	7.79327878374876	4.58169878997907	4.5341311139885	34.5937339545767	65.6413590264055	11.3644251505009	37.6436083843405	7.24684433644827	1.01923054429204	23.1533247963572	11.9974420741893	7.2372674059703	28.3888504512178	23.5011762806494	42.7683666494567	9.96326889901134	34.4035832324801	31.3335999522125	-2.68988498003457	21.0238497336669	152.917160200664	355.048327414904	132.631562616145	88.8285756777957	52.7824363397902	367.203747491043
791.838	-4.47700466060591	-20.5468160325553	-10.315443399256	-4.37096944045175	-0.837370641412886	8.48411852176021	-2.61604206837332	-6.85943146292113	-13.7707878469478	0.670825259061172	8.20908993563327	15.4984393599776	-1.3923848189228	11.7646635961646	-14.5204706625088	-2.61973396706022	17.1009496822108	2.42910545111902	13.3172638831654	12.3952689352888	106.586888690742	912.4065564357	474.031556155211	32.3220242557143	16.2848273217196	7.44599188781202	-12.8609557812399	7.78566400380537	2.74633321880933	4.07673075018113	20.6461934789151	47.610859176866	42.6884870293818	39.4639542307259	14.962177848967	16.8008718637844	20.9790085911766	35.3864097278981	22.293104032422	41.8970970138561	7.59589256414488	7.4958908523096	4.97676691542354	16.2302624947337	-6.70778229072827	13.4362835236327	35.5440587081601	115.555089534406	222.312856307034	59.2771966014286	-149.751756534138	200.377278803758	104.812844072222
796.596	37.7877686366801	45.9306795156863	13.6604498210464	14.3471951695992	21.3251201395152	16.1065175596776	10.3634416396464	12.4222235906326	7.59844362713294	10.591923924079	15.2042874515433	21.2007648760256	17.9661643859704	38.2576249458625	21.9632488074438	6.22684025014394	23.070039211651	42.0657888515145	33.6434429734581	51.080722020964	422.432093880807	892.795124104242	111.842039850268	31.3821114534989	16.1009658273302	28.9178605221614	42.1106040097571	42.9208496981358	14.9205799997466	41.528455250058	64.9238481289473	45.2969641039539	41.1724455054315	27.9040622624925	17.208178836628	62.234739113945	41.6454628923143	41.8611404850352	55.2389068683762	26.9208135439137	18.2891374527993	13.7445177621831	64.2160208140818	36.9567665547192	26.1932441966767	76.6480188684397	55.9573322409886	185.546925669421	201.018214354828	81.6959107345638	129.948043357928	752.015273240877	400.386587753973
801.355	-7.87391056573283	-15.0569227377323	-11.3388980089631	6.40618469057137	-1.4727216165022	-4.06947352691363	-5.62338515952621	3.12770171425232	-2.77512896831235	5.01419556285682	-7.21884885981846	-16.7440809560394	-7.34655045174678	-21.088950643649	1.54774596553808	3.83953716945147	-21.1346365722076	7.68991970038781	7.96336924650862	80.7595356141642	654.642610224295	381.91638033939	20.5908524142032	-5.7734427763034	-5.89664811639197	7.77551408674094	6.86652602695903	-6.846499692108	2.01254184697819	7.1699307373861	33.5485707095424	31.5982532827135	6.38963171854297	13.064854782653	2.54657988736194	23.2805994542482	29.8012059441795	5.52090701798911	0.52983635473605	39.1104310038225	7.28685805691798	17.1383709092835	16.0469192485211	23.5075619476726	10.8141733966273	-11.8154997393497	32.6772204674872	196.34274280912	46.1282312396166	-58.2593012397306	-121.932956771156	-18.5480306390504	69.1271583565665
806.114	-13.4981323983991	6.52466651968401	15.4209012921899	2.13539489685712	16.1999377815241	-11.1910521990125	6.13460199221041	2.90429444894859	7.31624909827802	5.89905360336096	10.5001437960996	14.7970947983604	-0.81628338352742	7.5601898533836	9.28647579322848	5.75930575417721	8.94157701131859	12.8165328339797	22.9532407693484	278.446987823069	684.909457229445	104.99261836461	25.1665973951372	9.32633063864396	19.3747009538593	21.6895919261721	24.6387110379118	-12.0820582801906	18.1128766228037	13.5432025039515	33.5485707095424	22.5137554639334	7.98703964817871	29.3959232609693	11.4596094931287	35.8163068526895	23.6517507493488	17.5665223299653	12.7160725136652	11.9031746533373	35.2198139417702	27.6850606996118	5.10583794271125	33.582231353818	56.0370803279777	27.1756494005043	164.806851053413	158.452038056483	65.8974731994523	79.7232543280524	165.828821208772	389.508643420058	645.186811327954
810.875	-34.8701753625311	-20.5777944082342	-13.6066776107558	-5.1249477524571	0.368180404125549	-8.47806984773674	-8.43507773928931	-12.0639923264018	-11.3528003249142	0.884858040504145	2.6250359490249	-1.946986157679	-22.8559347387678	-15.1203797067672	-20.8945705347641	-21.1174544319831	-13.0059301982816	2.99052432792859	17.8004724333722	521.716509212975	351.485965221098	6.87724574440677	-21.0484269122966	-27.5348809331393	-10.5297287792714	-15.5510281734819	1.61565318281389	4.43008803606988	-19.3204017309906	13.1448730185412	15.3928736196724	-9.08449781878013	3.99351982408935	2.85793698370535	-17.4016292303066	-24.623710961224	5.20338516485673	-7.02660893198613	-8.47738167577681	-18.1381709003235	2.42895268563933	-27.6850606996118	-43.7643252232393	14.2724483253726	-39.3242668968265	-69.7114484621633	112.239148562239	111.949809496428	-70.2906380794158	-171.711624706574	-273.12982316739	-241.124398307655	-1843.39088950844
815.635	-12.3732880318659	-5.52087167050185	-1.36066776107558	2.98955285559997	-11.7817729320176	-2.37385955736629	-12.5248124007629	-11.1703632651869	2.01827561331807	-2.06466876117634	5.25007189804979	-8.17734186225182	-8.97911721880162	-12.335046602889	4.25630140522972	-10.366750357519	-7.31583573653339	20.0792347732348	211.263501775023	588.603241163356	111.303888986681	-3.66786439701695	14.1848094408955	5.32933179351083	-8.00259387224624	10.230939587817	-6.05869943555208	-8.86017607213977	17.710368253408	18.7214858142859	-9.47253761210608	-1.57991266413568	20.7663030852646	-10.2069177989477	2.97100986858892	-2.68622301395171	12.7719454046483	6.52470829398712	3.1790181284163	-5.66817840635109	3.64342902845899	5.27334489516415	-26.2585951339436	-27.7053408668998	11.7972800690479	5.90774986967486	194.642574088945	-29.2791809452197	94.4530449192149	-15.331395063087	53.6505009793087	-46.370076597626	-1013.86498922964
820.397	-2.24968873306652	-7.02656394427509	0	4.69786877308567	-8.46814929488762	-3.3912279390947	-2.556084163421	1.7872581224299	0	12.6829652472261	-1.31251797451245	-7.00915016764442	3.67327522587339	3.97904729125452	6.96485684492136	3.45558345250632	-4.064353186963	35.0318564128778	465.154450693121	370.106583458777	22.4560477780146	13.7544914888135	-2.74544698856042	-18.2085502944954	1.26356745351256	6.13856375269022	19.7917514894701	-4.83282331207624	18.1128766228037	24.2980986100307	6.70971414190848	7.10960698861054	4.39287180649829	-5.7158739674107	11.0351795119017	10.7448920558069	-17.0292605395311	14.5551185019713	6.88787261156866	17.5713530596884	2.42895268563933	27.0258925877162	9.48227046503518	26.8657850830544	29.4932001726199	109.884147575952	85.2449229586622	-3.44460952296702	65.8974731994523	18.3976740757044	53.6505009793087	74.1921225562016	-207.381475069699
825.159	33.1829088127312	13.5512304639591	11.7924539293217	2.13539489685712	18.777200610403	25.4342095432102	14.3140713151576	11.3937705304906	13.3710759382322	17.1072554497468	19.3596401240586	17.9122726506468	-6.53026706821936	8.3559993116345	22.8292529916867	9.21488920668353	27.2311663526521	172.16875773646	534.482606486255	149.132639385665	35.6367714738057	24.2996016302373	31.5726403684449	31.0877687954799	19.7958901050302	31.9205315139891	16.9643584195458	18.1230874202859	37.8357867231899	39.8329485410339	30.7857472393448	20.5388646337638	35.1429744519863	33.8869670925063	38.623128291656	28.205341646493	34.5315560940492	19.0722242439624	56.1626536020213	51.0136056571598	17.0026687994753	42.1867591613132	25.5291897135563	43.6569007599634	16.7128134311513	272.938043978978	218.795302260566	89.5598475971426	92.2564624792332	128.783718529931	199.970049104696	287.494474905281	760.398741922231
