Wavelength	500	495	490	485	480	475	470	465	460	455	450	445	440	435	430	425	420	415	410	405	400	395	390	385	380	375	370	365	360	355	350	345	340	335	330	325	320	315	310	305	300	295	290	285	280	275	270	265	260	255	250	245	240
248.336	22.4982723201852	-5.52124882890726	4.53464781379715	13.235556343282	6.26278309707015	1.69711351593981	8.95201057829386	0.89342480658354	-1.51248634776907	4.42348082847875	-0.328180143210037	3.1148790971937	11.4306122863632	6.76751315293384	-0.774236583370183	-1.53604183843517	15.4472516681112	17.5143014587859	17.7960817570669	10.8938541336231	18.0588550525208	1.83505121357945	-8.23250502848842	14.648936165295	8.41946238362521	-3.68143714481649	4.03828959637276	14.5024011135465	2.41583769658494	12.3502474847115	15.3804458996893	39.8590741874996	36.7282379094219	19.5621641699684	51.7004293739673	68.0151858787732	88.0251504126169	113.959401159245	129.253398455231	124.068122530842	152.958527708962	288.375350994175	913.469725154047	1469.93846585109	1814.61769544011	1707.70954115318	1619.40575254669	1598.56217907841	1759.69996930313	3928.59168470302	85413.0394636879	280122.334346737	94674.7383248633
252.814	9.43119750381839	19.8384711877626	-9.77610132653304	18.9204672620332	3.08863163678944	-17.0741779928064	0.306338914107033	6.68786734708857	1.81151147514571	6.00442518487651	1.57225113791431	2.79802817885638	-5.86735458714746	10.9662375510094	2.31826630587683	12.8780679211648	18.5012404888958	-4.60469744141704	16.2662865916141	7.11688170723783	4.67657712819086	2.74731102183375	14.2423768763918	3.19001718909586	9.07562403488292	15.1874968380291	4.35300930757027	17.369588871401	9.16262115933121	24.8122950272403	28.8126882744705	42.0673801524175	55.465110304752	46.859378168738	69.5351686976055	115.225973885127	109.395829786637	117.248835697804	151.635075422292	167.595624037041	292.973153836369	879.242189771973	1677.33603914993	2085.12828815016	2211.05048559497	2001.48241143412	1931.06242819917	2032.07793794849	3813.12723431621	77143.2699280897	309503.502299906	129497.145631773	4272.19581686586
257.296	6.66519593074127	-7.137557561428	-5.91098681681855	-13.6605446175481	-0.436558242126792	-18.5021612758691	-9.39589119177857	1.32340192627175	4.77951620200693	-5.94080851445077	-8.55576256287819	-9.2279439007144	6.77272187061178	18.8696533143348	-10.092299171449	10.4663350279311	-6.26231227856151	-4.04969852129005	3.32978190331405	4.69431906645443	-8.67567930095711	-13.5910167982966	-2.70989988499192	-4.20829209451678	-1.99543736051306	0.484728575850014	-1.91417303528679	19.5724418499847	11.4512128614695	17.939953203893	28.9747536066466	22.915305734057	48.7273993318009	73.8908794139325	104.955293636949	114.535415358929	127.865217366928	129.689416854028	175.137880804934	246.3802561104	745.172212971331	1535.44004262768	2078.55946134632	2244.98132786164	2028.03739498451	1907.50335456996	2052.00433814689	3262.55277039846	57599.7433483223	228745.228977257	141653.452698085	5387.46577434139	4690.5310542912
261.781	15.5558776792816	50.0956750253432	36.5338861681552	43.6392158966338	30.5664530419198	26.1215153530241	23.9896908124035	26.3209522179769	19.0966974644487	13.8297714469072	20.9153759526761	28.560022679875	32.3990968460734	33.987251204918	50.2741751338443	32.3235163131653	37.1499919036008	30.8203608959527	50.6828246228362	36.3217040672866	32.2796400477243	45.7871694017569	42.3474954798853	27.7570300693985	37.965850589224	31.9717009969349	48.0739890637475	51.8320869388099	46.4799060942691	48.8642957545859	70.6590986967577	83.9956132568147	113.292660117279	117.615459394547	135.038529111224	173.797021482818	169.585064651768	204.041499788177	264.986031260685	700.985405114637	1538.58419212435	2122.55203163834	2347.63818883848	2179.19608368191	2100.47916645779	2151.47275285563	3332.61850381561	44695.642244964	166311.975001625	153087.216515618	8191.49464955655	3885.81590895874	23853.6365358481
266.271	-0.687898831466561	-9.82200184770978	2.21839535966486	-2.6108739524756	22.077501516213	8.30245016411281	2.81533737377118	1.91219179052455	1.23320591191173	6.13136549551181	14.4494126788537	6.19056023238671	14.9784926774422	-8.27683890315617	-9.46910826572529	-8.9234346724084	4.47451047214619	-15.1510368893324	6.87317553491181	-6.05611716801035	-21.4895035596409	-7.85509835845513	-1.11872898180203	-9.22946361109894	7.20805007067731	14.0077475326679	5.92671576896376	13.7952900881435	11.3260828243127	19.977135584692	50.1617931013056	41.9914121264286	82.0270213267481	125.606350266063	126.980138805446	145.025232076588	155.118651101698	167.618651383318	581.786815468343	1417.61114425059	2055.56636847519	2374.62038678427	2167.52162940273	2092.26973329439	2119.53772617736	3093.85939216704	34305.6263342971	132465.734442513	161242.7414029	9680.79807839354	2791.06844727492	14246.0782138272	30002.8440501148
270.764	7.57135669906782	15.3559428673731	0	19.8543625438602	4.0574465066068	9.13808961336896	1.565000175794	1.91332126982902	-4.01028658179217	4.69146074275092	4.01609654196351	19.0591286976003	11.9898720501741	6.82024642776642	14.685787183273	0	23.8781516954609	3.13654886725796	-0.57310294428363	21.8148996618317	-8.95924867527899	15.1580664318692	26.8653548247122	11.4078364264999	15.9701098371341	9.01029955203049	17.2964648430025	29.5787969744237	19.7091701411286	45.3407562053494	56.4653500855468	97.0719457004497	121.159030746302	125.680542496068	143.131507463423	139.635011696455	189.958844567491	497.0094733885	1337.34425506287	1998.02959106988	2457.14337684766	2217.29919413285	2153.63547801974	2208.49951051897	2953.22669430343	25134.0289500353	109409.644874763	132531.343856164	12939.3669250937	2765.96764202458	8801.83259837785	26945.2975445653	10448.0581162479
275.26	3.36879903787485	-25.2528179319833	-10.3207934377003	-5.11442046811495	13.2390135384018	-9.35157251976253	3.06385680962659	-9.09688814536057	-0.905894013664662	-0.706510805070951	3.14498232742238	3.73127378187455	-17.6047509589767	3.33806008207664	-12.0568251500676	0	-3.89559262276744	3.58197809815979	12.3418254143425	4.74531213151913	37.418328576944	14.2881982708948	0.547867352747582	36.1590474772394	-5.54706139406553	10.7798690067891	12.5772800238565	21.2327384847606	22.1865746392332	50.1093982965524	74.6409792568663	104.948136117944	132.467078065337	107.890661974419	143.152636088624	161.87700718457	369.054701550453	1165.45093899599	1991.22807034478	2398.27269431895	2243.80441283614	2102.61661967326	2108.12459539708	2845.25270253041	18223.3446205327	88951.5349074663	106993.787351493	16689.9056317517	3253.87469922338	6204.87926067707	22786.6831078799	14230.5559770502	2039.94034809478
279.76	18.3416739510065	5.26112843809154	15.8436987959972	27.3485910127677	30.4627115287259	9.8826327399138	10.1279889578486	1.82090720888312	8.22034422653257	0.686901786267321	-12.2307767296985	4.08117743331645	19.0179286615565	11.1271306818422	11.2713376792241	10.2863820261835	0.946867872346279	18.4078237615961	22.3622970509441	-6.92041088998449	39.7903984356825	22.9746240423385	20.241134743408	25.3326128758999	3.92225758964909	33.8240018191215	41.8580725651425	10.7908836000964	32.3561882736784	83.9816303181578	103.342412850578	138.804816402993	138.554389612625	140.019795058904	166.817949771355	292.359306052769	1000.92476692542	1782.09570561932	2535.62909319745	2239.99801685531	2055.69801187384	2058.82804467784	2587.91381922916	14787.0603323563	72071.1805129967	86587.2412344755	21146.6413337089	3519.08770700131	4801.56484142927	18608.7519295268	18655.9072469707	3181.21531947114	1206.07440096952
284.264	16.2093697082141	-3.89445129722219	3.01577138003421	10.4113438563226	-12.2502035822159	-7.90066749644303	9.07206436330057	-2.22814847415714	8.10292488218698	-6.2105504398398	-6.54769448937384	7.76832370945271	12.2174010153464	-9.70747923004621	16.7344676642733	-6.81030619517792	-3.60463433048503	7.57587060865267	-6.22910488815958	11.5260837748282	22.7217292529203	-5.08500986740714	-1.01389527063173	13.2849374163971	10.2655127835991	20.8562543329983	22.3805660496505	27.6842462518605	58.9106801061926	79.4858959286664	100.10214963364	130.354401327295	123.900739648958	126.484496213171	218.419231242243	818.37027714706	1550.08287714295	2323.74459849889	2369.18669792999	1978.01805430865	1896.58290558316	2205.37317469786	10261.6267179085	58541.5732458534	68588.7331544048	24836.2098493824	3164.83072227153	3847.01004151233	13415.0445029029	20083.1509263805	4702.31907617856	1816.58681556316	1198.86777317618
288.772	7.66208521665267	-4.20774167725243	-7.60287750396769	4.02659049867777	25.0926340948207	4.26811960989331	16.6172318565509	10.5323425843605	10.3019459634089	4.32628746904792	5.50233122949226	20.4002579728136	6.84456564663773	14.1831779503626	1.21696866221008	4.02399563942544	17.8908660286184	11.6384932619774	5.88893132005746	-4.66998872627836	3.58014796255695	7.69170515729046	21.0875741983853	8.37296159893249	12.3517031107801	30.861840654345	26.6595280715799	55.7218838880218	88.1814502571481	102.698363077296	104.140415919697	138.123237002333	148.509783958919	190.896353550545	631.019593971148	1401.53085742423	2104.66827404577	2248.3983955752	2006.66508285966	1763.73443822608	1941.84430572561	6659.79374923871	48149.4201328718	55413.17403208	29598.1100100152	2622.35278132299	3072.3802659347	9179.76079040501	19793.9019053353	7500.72188333485	2243.20109406514	1775.59873446632	1253.9713594348
293.283	-2.82479496039434	11.0916220730335	0.455482096021564	6.86164487759174	-24.4225007985086	-2.38652877673274	0.513819149073538	-7.62789454027388	1.5192148986516	-1.48105314326463	7.9113625916697	-12.1238526307187	6.97088842912876	6.39775960263999	2.72188316936029	4.62862553968495	16.3326014476136	-22.3120798260158	31.5168892711703	14.4239636912644	5.39273302974547	-5.99044793336796	3.67516831869493	8.47175709670356	21.1422944589004	6.57389269248004	44.6188007040285	73.2392240642902	80.8861652820769	100.442019390452	99.031207756864	123.280381551637	198.894003475286	517.428663682801	1222.91900082976	1950.20245589105	2126.2801133526	1997.86675405051	1825.04682701772	1784.51374335492	4448.82423296459	41618.8626855859	46083.904688358	31355.7688910982	2272.93235997572	2527.8826501513	5944.2605806323	17567.3487700296	10338.4977761329	2917.19519721825	1968.98787073815	2008.91142243048	1363.79654304671
297.797	-16.408091194349	-16.1066864161162	-14.9923636762907	-13.2855064377305	-20.4193039386952	-24.7542504067916	-8.95370273624157	-4.34385819885498	-2.69637645735044	-3.44113542810496	-14.3605952705984	-6.0578542279469	-9.52731080262273	-21.2907276823427	-22.5861689024742	-21.2846022080806	-17.7880265039654	-2.90773371706982	-20.492782843367	-3.85209057808792	-27.0527221687317	-14.2753184387754	7.56059630097511	-12.5180814520625	5.32163821356064	19.0925416379635	47.1222842525746	54.4502453350613	79.4804229947892	62.3716841821354	90.1197151238103	131.627787638187	449.151912319707	1047.02271497434	1774.83023936277	2058.99203137248	1828.35290114317	1794.51640328212	1677.19735651114	3367.03064827323	37093.552092404	40235.490053707	37299.9753358262	1865.04325049586	1979.61698955354	3602.53209930458	13987.3801370222	12464.0568860769	3283.60196242841	2352.94835585844	1659.60568212614	1278.54277488176	872.734333755085
302.315	12.8862469557814	-0.958298175092027	6.49323098619194	2.03787031022485	10.550322483172	8.1004086177371	-0.244162280596361	-0.426436177343253	0.962556507906396	3.37815962332362	1.25313633307865	0.743373770968536	2.7279445187611	-7.6003958693659	7.76048775153077	10.9974080358213	-3.49249799490737	5.70903926544466	0.447061042091534	8.98128558999771	-1.86369358318758	5.69321494476082	15.2810632865722	13.9840225936005	15.6727426617616	58.181803516808	82.4968305960593	114.598704109121	98.7815091989277	119.417959235848	130.258612752526	359.77852363797	1088.41996415447	1704.41342197604	2069.2167617731	1890.60038233163	1710.86273633745	1677.32946462044	2686.18698956279	34002.6853496982	36430.9314387043	39516.7433924302	1808.7368937343	1618.66656830268	2353.46100919124	9964.94431746514	14032.4426784935	4045.79862012657	2280.96262101053	2163.50663880262	2001.62965305762	1891.55552094257	2043.04910495781
306.837	6.96069125451047	5.25602183552425	5.18017760060576	-6.09665482200719	1.75351019144382	12.2784720267179	-7.54803798101047	5.52829492793477	-1.19985857006737	-9.54490582952284	-2.18690632591391	1.85328005687669	-0.777251017352424	-6.06345292843429	18.4261048277223	-2.55894489874148	4.64374872895902	6.91317778762776	-6.68731676477041	8.48498777200218	18.5852462636689	16.1588244448923	23.0757172997339	29.5808076389216	40.4758128985397	68.534206519859	76.8860051573024	118.115792776122	103.107112325818	118.328239002391	272.559159134147	871.968536352641	1873.22922332348	2119.85518255347	1919.86134587615	1731.15454880834	1608.35490684939	2382.37050968929	31628.9634270283	33825.8649052407	36241.4836517798	2038.23569589196	1256.1500001772	1596.60574533535	6353.00349487747	14019.4832481959	5340.20342162185	2211.40062891362	2140.95709560518	1996.93397378812	1986.79404602248	1498.46999593269	2344.08547818774
311.362	-7.4866564371539	24.8152508027236	13.7963508917057	15.4253417336841	-1.05077660375297	10.3266999027896	0	-1.48650627126612	12.9420973707721	7.85057762014789	13.7288976373312	5.55281438759287	21.7355272786962	7.1912515119347	11.0416922272508	8.76243855817511	4.63788057986703	2.8430054624419	24.9344339159256	10.3574357068338	17.6336726773665	29.2235983915282	33.0478934751142	35.4521128405906	73.6449342119667	83.6149685330636	84.8516758227166	91.5389661794505	124.414372803272	234.842311485663	745.403434930047	1516.98143149269	2560.52660496882	1938.16184426298	1737.73867825293	1586.8717304156	2105.76728843571	29967.0486457567	31620.7244810561	33817.0536941474	2911.4210301429	1145.52825466353	1251.09700300075	3979.69003096808	12100.2204650377	7057.02545889431	2267.63009814097	1966.47748139766	1940.07221982284	1819.4622246535	1784.92782585086	2130.42056476673	2450.52162294287
315.89	-20.3004119864398	-11.4416314380694	-33.5946594468064	-9.73248686649655	-18.5449811527226	-15.1520300556815	-4.85863881457315	-2.54572412837588	-11.4924739376891	-7.2824634828591	-20.2608533985821	-17.381255458609	-16.2851900266682	-7.94020214776198	-18.7519288283452	-12.0361910024013	-13.8995968389794	1.6229346494624	-6.6721243539874	-15.990788139535	17.1522970555838	3.92159540186595	13.9008563425457	30.7784740278904	36.3854570744798	65.2703947856342	59.4512835700925	99.8642389656594	180.123131096467	642.515678716002	1285.15974811109	2185.27685161484	2402.09933011247	1740.33975810079	1610.40439803942	1821.14784768044	19136.8461217828	29920.5869416831	31571.6988742705	3813.92265647109	1011.19478281445	990.538317374532	2249.00895719211	9627.99734138206	8678.30513912272	2528.31802537286	2081.84709926878	2059.28493357838	1869.34206369094	1683.63396732068	1477.44730629834	1407.12069169189	1180.30884919912
320.422	-13.3769123407116	-6.68496850132062	-7.33363310706904	-0.406169400467848	4.5560501545013	-0.645799312213904	-2.18988720641819	-0.849933018898532	4.07676641768464	5.61086191307013	5.30747449891255	-16.2978598343164	-3.10690621937283	-4.1658110429042	10.3116560511303	-0.730633774255729	5.02733322596639	-7.72127924731573	-1.33656087824461	7.06605199274778	13.9295291794517	22.2579451905735	36.9832539679513	81.5034795842569	72.4869179899586	79.3837741038373	108.720287016737	172.072095538963	561.535436456486	1210.53004509453	1959.1508705131	2251.84756992923	1970.70959406312	1597.34811111603	1687.16079949527	13715.5911918178	28248.3267583428	29965.6151686256	6123.37504460661	1012.67379097513	922.734212701259	1356.65422760107	6893.76010271009	9312.17106624385	3263.66494311844	2379.56932763564	2344.64448200963	2275.38722002279	2197.9576688546	1846.79277970268	1725.67447226664	1576.73611421838	1160.30560528439
324.958	-24.8459744386557	-9.85437246169988	-1.33542394801371	-12.9926142241413	1.4465477801171	-3.33192510164091	-8.5366170953379	0.877025759186147	1.97963235053263	6.94765867838784	2.57725048266108	-8.02647476346577	-14.0260004878664	-3.51703782443883	-5.3201768701897	7.16227508509893	-1.19713526047541	26.4182384482172	-8.73471499700908	19.9295307982584	11.0197227129562	50.8886563317758	54.7739010209785	75.386328429149	71.9048121457713	96.7712309744426	147.070548519964	557.980174400854	1126.45982101114	1928.42748024176	2047.15208633968	2102.03510726824	1759.98782328281	1664.66834111723	9470.13819001295	27530.7419457647	29117.1890318149	8494.05617962856	956.286921258966	897.025533560915	976.576906006137	4281.13272175897	9479.4290503089	3891.53739677181	2165.36264272166	2324.41907802362	2281.33187281754	2334.40500199583	2112.94215624811	1740.08292012738	1775.89584959517	1445.20932853326	2371.99335251086
329.496	-8.42612361166126	-7.01810820233887	-12.6808680438802	7.24897860128865	4.78309702629955	-10.8477147181001	-1.53267891115461	-6.46909311597988	1.51056303297483	4.4178558215939	1.63881410639073	11.6659430265612	12.6392279288767	20.2767222508913	12.3720327217848	12.6562307016779	9.74375277690088	10.6658718553719	23.3861208188706	13.8472743068519	29.2473907602455	38.9452514942825	66.2330707813857	83.3484225764931	87.8715000791254	142.167888571116	424.287843734321	1123.31152597978	1850.1891320952	2121.14343986824	1868.51414028479	1869.02354295462	1766.29557470425	7133.95946903167	26524.1455857721	28007.1801607705	12041.2746090771	955.640587390262	845.427379428238	844.740452997783	2464.83536902903	8392.36152174081	4825.84063544184	1918.0425382181	2075.41913698094	2335.38395019785	2350.82729071296	2184.27220425108	2044.52907488536	1871.44195980278	1573.03777373152	1544.34081552767	1310.06266730895
334.038	-18.091055129913	18.1623431458096	0.455793685102998	3.43316941757199	-5.18407440255732	4.43515682717048	-7.19838904030768	1.57152319856737	9.12152503689641	-3.26054588528549	-2.30905927197584	-3.91359561055793	3.28266217350714	-10.4034713617426	-2.72374517246407	-1.15794797980104	-8.17188717860592	4.72309183396596	24.4776026317067	15.9269858514092	20.1139370104815	64.0955294201075	46.430740945775	78.5289074613844	110.015139591772	376.201666841463	920.181973558275	1926.98288682937	2118.23901320901	1880.47167321951	1709.2587526179	1696.95901913103	6921.10997258859	25624.0955911317	26644.4771961232	16298.1863158892	926.632493205366	833.60264718961	772.04904055689	1464.00619002968	6521.92199280952	6022.79222223941	1739.59657029146	1806.38059985626	2072.92538385595	2263.71185821904	2258.82219480529	2082.40427877841	1887.82948034261	2012.91615557577	1622.34036869915	1572.86241587757	1572.9085735473
338.584	33.2776016776932	20.133322762604	14.5513863210229	20.5509817819172	30.2930590439567	12.934073187357	10.0029472584506	11.6469493995037	5.81405155457563	9.16738379748312	20.0748803168274	19.1319006496488	35.615704966027	30.7384342621347	25.2329413827228	37.3530111596883	19.5667948889262	33.8412880602435	51.6587996192607	59.5869217809836	76.8420548836103	64.8661527104979	91.2690238247218	114.402653962589	314.922740673171	854.837222749743	1584.9994323206	2291.71720502223	1906.16869695222	1717.88169378374	1564.88057348319	4262.97717737826	25017.7080000174	25539.4132573852	22311.1007047586	936.024971245891	799.183940750304	762.689493249499	947.140302933412	4606.17745175968	6794.61585512467	1987.95070343071	1318.83495697513	1715.50942465626	1925.15861802901	2103.29167529215	2179.48099687895	1980.91817767411	1940.63416487622	1808.32263716775	1608.77744081467	1810.60923162401	1846.16554993225
343.133	-32.683564461749	-27.6579232765238	-20.444115214853	-14.5435914942591	-18.085343942649	-9.1815688478364	-11.5312741982726	-0.895097305684056	-13.3853066637842	-9.45442479683955	-14.7957524696825	0.39008877228452	-22.4950206115612	-0.398834235124334	-8.92038855228115	-11.9266092476287	-8.55261974322971	1.28393329648182	-2.34597318141193	20.8362907284625	52.8110116193371	54.2353501452191	77.8969877533241	237.934912725825	719.524580868137	1455.66044393977	1977.20655781467	1917.09336795231	1688.20121579444	1513.94135498806	2744.02973091659	24707.0930665786	24993.5578961688	25514.7595408099	920.03738231114	690.839534901823	673.752132236792	706.160875604433	2837.22215167818	6699.16609627767	2726.78565677204	971.625749074251	1186.88514871717	1552.5449806168	1730.36391401263	1826.85993344114	1774.7186895401	1730.85136744024	1580.5396370472	1198.29739011323	1348.37460752265	1168.85887196488	991.403675627686
347.685	-22.0674109290839	-10.098857126773	-11.8608143536964	-3.00660340352081	-8.89461774368528	-12.2925217695691	-16.7248987165649	-9.88663018394979	-4.05749312790196	-5.04335349076624	-11.8853615767585	-19.5847850385419	-17.6594639243039	-0.800954379196965	-10.904338416277	1.93157090707388	5.72523422319445	7.30559315099352	32.507792864268	18.9295403759737	16.6941765692651	65.0736111779326	198.30532082947	647.526797730003	1321.31558247503	1956.28288449549	1818.78830059075	1698.04436328423	1519.76672132556	2228.76592391395	24800.7783341398	24818.0025346656	25105.7532970764	1014.31524898627	681.253413958707	651.371015973291	635.107525245254	1716.61563283056	5948.28488198351	3759.76046602648	953.787839174265	905.420112856489	1172.70600335719	1489.72930197021	1640.58005871303	1697.75703266087	1623.40453608368	1564.8757029967	1423.71011389355	1206.31886102358	1128.27424234342	1276.13745052497	231.508757160617
352.24	3.44178521721051	-1.53571004996072	-8.78699745428379	6.09609715247507	8.26579189268195	-11.0773072761488	2.08682420776965	13.4398172628085	10.2835612913833	5.4136320184596	2.34289959271896	16.28089969826	4.16346386312269	-2.43598592247017	5.132516823435	11.7491823756614	38.1415896613791	43.1307981636775	52.0607751611161	72.721814042736	67.6972041790668	148.784830515602	598.452234098971	1260.84204531958	1931.58442602662	1885.63075052671	1682.41393817397	1566.15103103819	1926.30598028472	25467.9049167144	25210.6226839927	25228.1315224105	1399.37829781972	656.29807221891	674.220967240537	649.397388912398	1073.90826204819	4634.59920900752	4871.44216443019	1226.04048627955	817.747656473397	901.785763806549	1139.79980612855	1460.63569852421	1548.90672497256	1600.71505483622	1586.38385819268	1498.70110321742	1391.86777344823	1282.37474576097	1447.19004311927	1841.43857844887	1290.85021740141
356.799	20.880845751237	10.8697695399727	21.9784887818208	24.6561316859383	13.6765751674863	9.45063648737635	4.22016014387844	14.280588715737	6.49885172069219	5.77807131611292	9.13760690349475	35.3337950874513	28.6270622349093	21.757673898591	31.5374946953203	34.0563351880752	45.2738875288722	57.7080854366612	77.7540605177313	108.766432750245	158.042737200069	571.020729636544	1161.66343080475	1923.09719649874	1848.05299964302	1747.19501381742	1520.42744244384	1883.54211161505	23451.75169195	25791.9849541307	25531.4287954273	1942.46711087629	699.870347626077	670.336327729677	661.63215111875	816.755324343089	3176.61446923428	5326.64648775752	1801.0571682307	830.753344607181	851.898170718016	954.609501894394	1155.5090768231	1423.27021810733	1468.85266986402	1513.81654383212	1523.49338272862	1469.26645407598	1459.42028842475	1527.53545993269	1780.11848014259	1441.82530460759	2752.86061163165
361.361	29.7872163123647	33.8788419572752	26.3695157960795	14.1873424230188	27.9262019795673	32.7789019902662	7.96790894325137	11.1329387090591	22.5117485610373	20.2109808754611	-3.06708191301992	28.3021750424082	26.7068444904435	19.4289177767157	36.1790173839561	47.4526619920088	55.7201301326404	62.9894583024211	103.583591347507	162.486215268702	481.991711850705	1081.87204112156	1796.662098004	1839.68911900837	1675.13738432645	1565.24720861593	1644.23870695576	19578.1832719887	26255.8429073861	25979.0597381586	2833.05784743049	634.376892057886	655.827026704323	652.575253708258	705.84484696862	2009.64329488348	5136.45866994466	2595.07407323408	881.221777954751	823.596886960921	868.546224421065	981.084675188928	1135.5464700234	1312.95206497958	1370.88183839844	1443.42007130924	1374.79297396479	1452.69663489999	1487.81182021377	1515.88159954645	1650.73517465224	1788.39233124328	2007.33416969829
365.926	0	-9.41047912966095	1.4169659476176	-3.1129571533387	11.8952819105443	4.94952496732118	12.5211724236904	-8.37519855787205	1.57538265302144	0.307161999552907	-0.341827419098213	10.9498852325869	-0.850425069758791	17.8296672643744	12.0964948005157	16.7991357651789	48.2688634195483	36.4852571907937	90.729462001649	365.162968163305	935.40762749819	1720.70299685824	1864.07740905533	1627.06914443569	1512.31463667086	1518.89939965482	15488.1458458346	26298.2197768053	26284.8462923303	3830.5162877948	569.327478469844	601.374148768176	629.137814542852	661.784167444748	1258.42150809665	4322.39038707963	3435.74723370519	996.125085267381	792.321024354562	797.197705870606	885.107020193852	988.880656598315	1158.75658890053	1228.69748532881	1268.58434330437	1274.38327485055	1263.58159888667	1333.46417065167	1186.11339853651	1252.18479554102	1427.21747915518	1157.32445794592	1198.49003167455
370.495	-1.16217595310108	-22.2979944039624	-1.8739425214439	-16.3205557355024	-1.14180624935825	-1.05199785468247	-17.1758647080839	-3.46132186731448	-0.781293442338607	-10.3586824291675	-7.79817267904702	8.04514571620653	4.21758820898897	8.63678668669566	14.7978332188099	5.95095990765781	8.81941201314581	63.1099320949302	284.008676804528	776.063337946403	1579.79812690898	1809.57602457074	1571.57262754309	1449.67067587713	1421.7459422395	12886.285403735	26180.9055796037	26117.0798215289	5544.5561100416	524.367910083002	509.699656201394	581.404073639659	605.880217909387	869.036598021698	3231.48568313473	4094.9696643606	1299.08658360826	831.400985837097	858.125710920307	853.933593477259	893.594999447663	997.17345161959	1107.92017672221	1198.78125849023	1176.02002235201	1251.83123680264	1193.14735681568	1159.08190776653	1237.68353190197	1210.33011060488	1209.0748666418	1090.52807903043	1331.40616819514
375.067	34.7451598949999	15.5031438253109	45.2865444605833	20.6600920239953	24.2746127136297	6.63969874670131	11.5866824649689	20.6963810268136	19.4650427835637	9.4121419956364	20.9487385238884	26.0566422554874	38.2478248193044	42.6252964852662	58.1902783678273	59.6999390061863	53.5712131799632	220.783476408827	690.940853971669	1502.42533113185	1768.82569311293	1675.81354163659	1475.74859374167	1384.34809155856	10430.2355807983	26438.4653571189	26101.1006996109	8329.51830074654	534.761459562508	502.873005588706	583.465221034402	597.685049290049	770.257150197701	2264.9698666123	4413.20491048248	1963.49424675002	916.995780045547	909.684626761911	963.156212120724	953.647201810799	991.129090506103	1034.40936938983	1130.37344255929	1251.66274186872	1297.46411927629	1276.7001145618	1329.43955397345	1218.86650960331	1434.47132065827	1452.44428268153	1892.71174356514	2068.67806573991	2606.2519520296
379.641	-12.8304076287511	-4.97815111156945	-11.2436420770896	10.1628423691215	-1.46151030266336	10.0991676818791	-3.04408818085218	8.19640066745223	2.50013611333574	-6.43456232208095	19.203825557896	13.901995660225	17.8150719151066	22.8997964044485	22.2687134376854	41.5138481267153	148.770708809319	470.702454835467	1162.12151471142	1690.41439165855	1450.28627715533	1384.56577076346	1291.42862111654	8291.97822952708	26174.7777749867	25433.347105013	8980.39105934672	501.822918603189	442.066458811701	508.924396259458	557.759897201638	630.166264450492	1468.56285560924	3989.8838611508	2678.14154669328	985.676268290152	879.603317452567	937.05991608975	940.434636437525	964.738990347688	1049.28624913371	995.811895341931	1078.0630750015	1154.15717168705	1234.27118761342	1229.8678576542	1239.81515005013	1208.28815428103	1240.40227563467	1396.12366717836	1571.79550210054	1891.7770400773	2008.51897368232
384.219	23.8045961755066	-4.94023740924297	19.6380980670234	3.78204073140907	10.8778455736782	11.6926275794104	4.02787245600216	12.3108836686191	12.9016941286289	17.7054068301867	16.4734916947468	26.0593335699982	31.3407402876768	29.3862815678101	33.5296908947137	103.939095358398	360.491975249909	937.178285350683	1516.49114448801	1421.66898554224	1292.24230023242	1249.39723959207	6764.03847151289	27430.7319100974	26013.5494639001	11910.2335850279	487.294057570861	414.340024636062	487.047783415961	544.652369472464	585.340866226386	996.314354993613	3310.43724978431	3385.48811507931	1221.67834537442	917.39159373743	971.187481877361	996.134574155445	1005.74424718826	1055.52833072358	1073.55528930905	1061.45382905526	1174.61340183979	1144.54129930743	1183.26791076288	1170.51873009469	1191.22447007893	1263.44351936908	1284.94461569104	1463.97171841408	1809.39662287236	1786.23479833676	2197.07430669624
388.801	34.7845097788953	24.8331225241074	14.669179831312	9.34311503455254	3.50511121217427	19.3765070617014	4.38034583571861	9.35048299283743	23.9841076914622	19.9211585373098	38.0939040478956	30.7477012271384	50.1053991141178	67.7979513183978	106.076585808998	291.195545949795	702.371405308495	1183.94847145637	1346.09240422626	1255.56569452965	1159.0880325551	5086.82227502026	27339.4123161601	26535.1667962022	13992.2009565056	503.607871377704	388.831396663315	455.724754220647	505.677682753278	550.002586330311	740.31194586788	2368.16532021208	3712.89257804409	1539.78080592155	923.72513497769	936.630584099882	1003.66147146219	1044.13778338009	1062.44413562658	1092.57987535691	1071.8511505295	1047.37849204514	1148.64750180392	1184.62885416722	1266.35497818769	1273.08961201738	1308.30661216672	1272.09103254118	1475.93429658007	1625.27296454221	1902.20119247525	2396.24680117803	3328.10306190785
393.385	11.7775619796997	24.2191495604567	7.84396321666694	5.05315062734378	13.7512029145441	4.01719232898023	15.3686196436389	2.84684902207931	15.1468572657811	15.03485700174	17.0304271300693	9.57091272549972	25.2731142179037	65.9614144085961	221.683169731573	543.290927504219	980.365384328916	1019.7178831142	1095.32571677927	1068.42884785385	4088.92459396254	26231.7773409976	26151.6454046368	16759.2312628217	478.690918326138	341.86602807228	363.606916916046	449.274619770405	497.799731202531	577.062071971371	1555.71984957312	3493.72862328499	1990.64304574519	917.19676195071	926.713963362687	954.900879182996	979.766704025395	1017.39089285613	1033.98755107816	1020.18930703537	1054.91499790628	1066.94593335127	1105.08506513921	1132.01359126951	1152.67717239411	1105.29246941281	1218.26036101923	1215.66503425261	1364.34230687668	1471.42036676028	1811.28915914008	2082.16253204284	2074.16549477393
397.972	14.3746126003153	-10.1737589702562	7.19324812968083	11.664098394431	9.0904515010741	8.97369110433576	7.21292628984758	2.55888248220425	8.66390722836386	29.6269343435174	28.0538847083673	17.156558881101	50.0075106976421	189.795724817316	446.572846440958	822.691454126561	881.633761200099	888.820216755503	963.27573557584	2737.86709857191	26979.7630721027	25359.3338624141	19909.4954824668	523.819542654184	328.697999236375	329.120270600298	388.623511738955	432.762968472279	532.606140214368	1026.94884412945	2941.28855929132	2513.46511193255	1012.18780575974	897.893120277124	926.926012095898	987.822706788111	982.603012188523	1015.79286584399	1069.98017543512	1067.91295103859	1063.4045332517	1032.79232366731	1089.62713153837	1108.34676810784	1189.41375220225	1136.520630753	1164.24062179932	1263.1874273799	1398.01402679661	1591.88625001969	1766.20063053646	1884.95177114283	1460.1964757071
402.562	23.8281313810145	30.6201938092484	23.8213327844357	24.599156971866	16.5434134155563	9.20283573085485	18.2038241783339	19.4924327240603	9.61133092187642	26.2357203574166	38.3726851616263	50.4746646234225	144.237544930546	386.203742162679	727.17709285723	758.431096222471	785.984658919864	794.464127462295	2047.88449808579	26309.0824987737	25931.9583784126	23481.6082041203	639.789895241414	325.341195274798	317.449886198661	363.910832479059	412.301875960847	480.927054551435	721.5354589577	2266.00788944416	2863.28953535514	1162.62947167546	867.960020549081	901.253518126976	942.169310519563	994.46933445377	1015.68683945708	1066.79909152941	1081.23413541551	1083.85413004315	1058.91305914627	1066.04494824544	1133.46981641724	1156.60059055815	1152.71073810419	1200.76428444108	1242.11362999489	1294.66554191019	1435.19979051163	1639.63781678522	1896.41215184634	2549.72565736745	2807.78029585274
407.156	21.7395246080138	5.48265628968884	12.1926069726223	19.7308697707975	13.9294508883024	0.570392645069946	8.59637924627154	15.7645048637743	15.2502071387683	23.5396243990217	20.6812410661006	117.775984014228	311.801628704276	654.931543551921	739.018062070539	679.523458329101	689.615442128854	1338.81579983988	24638.9510017558	26051.9534364688	25678.5150991997	787.516383991466	321.653284784858	290.930854568278	324.359583634126	367.757629602626	419.730175660403	569.333104222775	1606.98989640937	2946.44517250514	1547.1457428234	840.59505388361	865.100655404264	910.878249488181	942.521561052686	1004.24394684509	1031.89195635342	1059.61224790377	1056.66152050441	1038.66111987523	1053.67458391955	1035.60205447847	1106.88951373192	1100.45170937354	1184.41972005666	1193.75271567058	1212.68377664761	1393.77890409959	1522.81567591934	1736.80353017682	2220.70852643234	2279.55430703009	1740.26493198956
411.752	1.39442747666519	26.546673485118	-4.49686974613446	-4.58679530010115	7.6110391741396	15.9882614968402	10.1456360486405	17.1658954554549	15.8321284354665	31.6812086567115	88.9552619933947	240.035531884459	536.743929997585	674.403083653276	673.41268360359	606.124613538771	941.957121894201	22061.7386480612	24186.4187238502	25573.4691928962	1021.66655607759	311.255370967147	261.169853915356	330.890412239825	356.585541543745	385.696789728515	477.887837135251	1093.93236215656	2688.52056785556	1983.94027153459	851.913306639297	809.455744798109	862.389277417999	940.995535378174	969.011603593227	1001.74412846485	1043.04332112105	1055.42385841223	1068.13825638587	1074.44523583927	1033.80027864259	1036.48854045593	1098.88797365206	1096.18138342052	1153.52573637368	1181.8853632313	1296.00118589828	1328.14715122325	1526.72862683753	1728.45324863008	2099.48348487229	2486.84174861778	1692.56490618312
416.352	-2.74486038250417	8.98146426933598	12.908965436535	10.7651982427948	-0.299638959334695	-2.48463860062862	7.69722349999664	8.17504891521406	14.1471557323293	55.8867226328848	190.585713625692	450.646433290297	596.345059845406	590.912104853852	606.428782990023	767.411036897527	16803.8096544397	21747.761507588	23842.20366853	1509.92072469391	271.931106778669	255.59867616134	289.413594521937	335.780078163207	368.08037287849	423.528962944859	743.296083999007	2180.54624983484	2330.40966826256	978.265888706797	764.378023833596	824.291237856402	868.267407808702	921.841979495372	970.959235384962	991.764682404399	1011.57717903632	1014.27500547956	1031.03800427188	1039.98598136614	1008.60554446307	1011.56970460452	1042.41772803796	1105.5029306285	1138.52681811792	1165.16208354045	1294.04291614574	1417.76122899422	1611.50567473609	1731.11956379987	2002.90545326717	2312.0514573717	1403.81836666454
420.954	5.8269523124526	19.9997042280193	2.89096266880156	11.5682684462333	11.7432247934535	0	17.7329393483791	22.4273259142923	51.6276396224153	152.989918247727	387.587210176293	554.478477760309	531.259343538788	539.943946568329	680.547016502686	12954.809587806	20330.3873900869	21364.2175835292	1952.24558509786	283.72440838696	242.317884295563	253.721109631521	317.822703928597	347.386204880121	391.837630673729	543.073749988582	1619.05167818235	2485.4184205068	1241.43551837328	762.598423895116	787.26507097215	842.219591471643	901.61482729382	937.95452837703	949.63905963767	998.813362427412	1002.81564924519	1033.3742634295	1044.80749989541	1029.79389871256	1024.97446090687	1026.27041589052	1091.63839197636	1100.53489531645	1141.35811345954	1263.95222360604	1370.89408681726	1500.16861488544	1638.37300173952	1813.42919079709	2059.55807911449	2250.54687230135	2475.78272481178
425.56	5.71659711003348	4.70902435142657	-12.7629515022207	-5.0069911251665	5.18437024925869	4.51122890759988	13.5977330323803	32.4799995787427	113.124627069758	273.440370974178	472.101280563799	517.189431213449	492.473021587475	596.010650752286	10269.4079635219	18821.4598863138	19924.0617122594	2456.38646763818	260.324744988009	243.121616134591	249.939469310625	278.326766690722	328.609463363598	354.689308555737	447.937627806359	1129.53743969982	2329.70013964439	1517.7470367739	769.03308729259	745.663985716712	794.863011233292	842.621601747923	890.157472709066	904.896809962925	968.761214065922	972.200641616763	980.86359210281	995.356382649861	981.948596401491	1025.79294007081	974.717241860084	1000.14249749727	1032.20650766605	1077.0683421042	1101.29759440424	1196.6186538713	1307.17081966165	1436.7795156618	1585.04386178188	1846.22039282374	1959.55480530141	2483.0099776249	2177.00913617689
430.168	31.0598469394895	26.9476136328656	18.4330444130672	33.728371205555	12.9973231842923	19.7848206215471	50.4154099085597	106.38177996048	239.932805007707	400.56139274561	437.713074431868	516.027186178471	560.456784479362	7402.22188962251	18700.1320201142	18550.0051173782	3091.27741570268	250.638646119626	228.800971902156	222.933129806011	276.262849418044	307.522762647257	324.82400976421	407.534081444423	810.411739817428	1970.52210386477	1803.21411466647	825.56543751103	745.163308250449	771.530298910438	802.754733062668	859.005335454054	906.013914684361	944.287028946399	961.413300175498	967.121252541587	964.775897466058	982.613232220335	990.114248948035	996.31756533102	1022.77675181047	1026.59475529827	1054.53843350218	1054.03877438239	1170.85344364403	1220.08740685192	1382.57941150615	1453.04403367071	1696.29908262787	1928.76471601774	2273.89526015233	2464.25928244695	3053.46935789303
434.779	24.9591833050024	12.288752924884	12.1429667680799	16.0062570284081	16.065953447637	32.720854160648	90.0168006285533	213.609826684914	345.614072385579	365.285924742861	436.641571480733	534.72299342996	5466.22528634796	19172.9579926726	18644.5809277442	3806.21810081196	220.198361173871	219.629885963542	211.400498203828	243.982086813557	287.162699359921	314.842853715755	369.868789562361	572.954887409593	1575.95125427946	1976.02601181969	942.964164567522	707.348278861993	729.168603234588	771.77528557309	811.953608646298	886.492536744643	922.122412402315	930.438515842694	947.063448230116	946.609015003954	959.155428472163	949.096224527964	962.967832466198	987.377017798748	996.124563642073	1016.52575538217	1034.66605318623	1089.33158086552	1127.37468076516	1273.12165181516	1343.32932719854	1616.68491352545	1907.02237537444	2006.16697655777	2066.86544285038	2224.4473791214	2500.18053465873
439.393	-3.41973907535688	0	21.7119044158421	11.0324820708237	26.3184379179574	77.1304530246098	186.222373398028	330.33505052815	327.60470412526	360.838253666214	496.838726878923	4461.78616304107	19560.9388300641	19074.7308758904	5316.08132925533	207.503994056918	168.993016402452	185.053637200999	224.942584092726	232.95033001552	276.720364824999	316.234531239912	436.926698535871	1160.88881067295	2005.06227540528	1162.36935507884	680.72673563417	703.560165543224	751.85737788393	783.292920409096	805.052371557962	856.899480696362	899.602739445607	922.698832502595	927.234943849375	916.505080684431	919.323765180348	929.42722794386	978.300384108553	965.737676635301	990.419093818705	1006.25928838615	1017.80844389672	1099.93737269349	1136.30904840835	1191.05122675308	1326.83376612418	1535.30874109287	1692.56012998489	1967.17961763099	2056.81878128855	2237.7945683676	2763.38069323384
444.01	-0.422638553438425	1.50863632226834	23.5110804228813	6.41638531719466	65.6064787429075	159.149548517304	295.781560272335	328.281794896952	312.728325539748	371.830302697708	2824.05774618083	18442.7923772444	19336.9036223683	7020.28438690538	236.490757059648	182.075850118451	176.858575481425	194.518772978872	223.457252333852	263.062063338075	283.863388170993	356.097113091129	830.646201331228	1822.89748720214	1393.41413377291	680.199373793225	663.326810539761	698.639521872297	744.876864058326	792.705516940769	808.996978904089	843.364582572088	869.041856213533	904.00732274792	887.783403747977	891.357580825092	891.158249298386	946.84296353655	931.027051085261	945.888800587116	948.216649220914	963.724525914315	995.90267637323	1062.29439876676	1136.76841467043	1213.09317639437	1364.14838599679	1577.44266750135	1785.55259878798	1956.47988388994	2158.16412164636	1906.38137157613	2386.32090500962
448.63	-2.4891414739141	-11.8468739091923	5.35146511152714	38.7342161348014	156.78460470015	255.108086187563	297.315744659352	303.950973561148	339.879958904416	1981.96396533579	15254.3237855656	18098.0534946141	8676.39348552113	229.906421665076	140.195585119452	169.943069018944	182.29735089759	200.074546862065	235.577779072771	273.193036769339	305.996575824097	556.287324105247	1484.97345564626	1566.69061387764	725.020694556036	590.438759275344	626.391542998718	682.804837389433	732.64705057019	755.777717758484	790.320251494633	837.733293522709	837.729268664146	851.591639755643	846.432113536456	873.295644184891	872.306764969707	843.133770423133	899.428441434688	911.341010068835	926.281088593585	908.587935720172	963.047761039416	1015.50668539181	1086.83653850636	1209.05019336718	1330.64957654601	1533.16856685921	1683.08771589511	1972.48360032448	1931.4020085178	1823.47453863926	1799.22237843238
453.253	15.1737978418893	46.8444340539808	65.7960816943405	136.350900225881	334.150581734204	301.186053530833	309.387184415864	336.458670464229	1359.93024292942	13561.4459987343	15091.9517770253	11621.7254657277	292.000679483132	177.927900180282	166.532536151381	188.154980475933	203.623432638143	232.666018195848	256.097565985305	308.694137371922	458.716959801263	1152.00597743972	1699.38707441908	908.203570863003	584.726446728135	587.847799134668	666.618365541943	708.758247787139	742.746161879499	778.19793136803	793.915201777557	832.449043676176	840.063246078816	836.186490550862	850.636320812931	849.910942504486	840.57120277615	875.931998245616	887.962259308318	921.550326929643	909.02742300059	961.062187655372	989.219917657146	1061.98446941832	1148.20477464185	1252.88755975367	1399.29591778024	1583.3486873095	1870.17462952004	2003.54529330389	2218.59087121843	2423.69032823188	2584.00850466462
457.878	17.46459967563	40.2317214293226	91.0310098516087	206.564797568594	371.900380349483	303.677905926526	317.67423370755	1065.13849758005	11476.5810758099	13425.9555969436	12101.4284720234	357.915587562405	155.059439134558	142.006471936831	169.960607052852	185.788512751171	205.478632757383	236.594873151085	259.718578619381	325.745371634913	816.964003696817	1587.80303837871	1106.05226338001	567.370060369756	558.424576230413	583.368509731781	638.911697400699	685.933817276712	728.325029712035	771.854856369056	768.044294985808	794.225457897576	792.479446221687	800.17664476467	792.259346573317	816.200110582967	804.11240225345	830.158053240032	836.56931196522	860.312770959065	870.030878837515	919.953755600459	960.742400260355	1036.00574827729	1080.36149980415	1228.88344732857	1373.51183232205	1510.94409702086	1755.51692265928	1951.03326192869	2193.70532057712	2086.09885719783	2775.15534679818
462.506	24.5693093193047	79.0753733169565	188.990721367468	238.478397714945	315.781392047137	319.624878402539	966.526067628328	10080.8832799683	11377.3412319655	13309.8591978416	392.936623002268	155.303176124427	139.152928535877	158.784942973924	184.902788865365	186.718247766718	198.529905246165	243.498318606468	295.454520517355	538.275461157377	1364.49589109101	1284.84266341911	582.652189417261	523.551828739348	544.736470951501	580.860079289871	654.708256361743	684.267686961596	712.464424852189	743.753346557621	748.948187730135	759.359507395468	778.45559074836	773.676355936026	768.979681812996	763.590081850784	778.446484903145	780.832816237964	798.126654779414	844.638271141154	856.709757395612	874.113224056997	907.333183545818	972.11468861974	1088.27053209391	1210.20594151236	1344.79540522744	1483.5911762079	1695.35104363149	1846.96086880643	2021.81651177426	2254.40605158402	2570.80040420317
467.137	67.2014172455571	171.393487349014	230.18157477085	236.645973679919	317.225643780071	896.260060758161	11377.7820554525	9935.805552195	11213.6056972713	514.333236441299	138.280553635754	133.229107551106	148.057829261156	166.892734382068	196.229997358367	207.957397187439	233.647275330866	270.594847798203	393.663545871969	1033.77225406656	1375.74287896394	701.207313852458	484.042894877538	493.654862291748	529.16202731334	577.504662799679	623.237742173035	686.652763409524	684.026337314582	722.161841983496	739.401604852315	734.056064666446	744.26045671629	716.562368822149	730.716088174165	748.478950822636	731.720402151624	759.167548732752	755.745998034506	783.00657142019	810.601982476753	861.574812320661	890.613707529539	973.366026104544	1051.46524633564	1187.26552719212	1321.62810440655	1518.20687842725	1689.25295638617	1903.64003151519	2044.30873020931	2120.93251131358	2261.4509685067
471.771	139.301014252873	204.250450849708	228.114616614697	222.266907947298	623.944714962232	14987.3041088668	11293.6720969836	9862.35536759161	602.209669264367	127.658121548854	122.493862121501	125.387512924105	134.616940552279	165.066165725084	176.813359712888	211.22703930836	237.291044023298	301.506958610571	698.216528360577	1285.43758579691	845.13101274346	457.05339329633	449.23949514703	480.560939492682	512.146080894628	555.323746703485	604.619668037493	643.280023686359	654.817579612801	666.642112852434	671.251874066787	683.34714442193	678.665972941153	692.532558502081	686.512813309005	684.398722517241	700.594433263289	711.133299630699	737.367866259297	759.568905653907	765.690460846408	792.206762398478	848.043263687732	915.347166783155	989.682158972658	1163.33076919691	1276.70438893696	1424.57796410462	1565.58123190242	1747.16607306457	1775.60759221605	2020.36610427979	2793.22759880833
476.407	187.784246836583	204.387942548446	246.413922540602	533.199954798276	14677.0930768	14926.6202856627	11247.9438462001	703.741114932868	124.304541518777	101.545782772533	115.756599532774	132.984844141818	142.853626820683	165.161460361628	180.348115515298	214.573024543491	257.239647256643	486.338499371654	1125.23004640407	1023.05534063286	469.423157717358	429.373343044845	458.728815481665	487.401397953349	522.49708904463	545.695446515821	614.605967225796	625.206592567148	646.543212404866	655.866775570282	659.432803929496	658.512563599754	665.589966846905	660.11331468259	664.792564476875	671.959105655394	672.667317426839	676.742875506183	702.247876623242	714.621245588116	747.424876490304	770.266338539443	838.136974969468	930.002384095716	985.252233734776	1143.27583572238	1232.29448350218	1388.15475804644	1523.32554425987	1831.45376846816	2026.50783918985	2108.33186000104	11251.4876606503
481.047	165.414841422129	224.388469106507	471.965540742469	12320.4296489558	16074.058764435	14809.7589636857	824.405531952438	115.690904338882	92.0119943205642	91.8535259311439	112.943808139971	137.247390014509	151.280725842678	179.349479525206	195.131160242995	215.724435998388	336.042655416168	820.309168772404	1093.0425401254	553.247779445158	399.401672038336	411.774423559136	436.909170028617	471.585484065671	507.807103902506	518.165126524081	559.002368282277	597.410972912056	599.906547620371	650.087752166407	619.117649252852	617.352596503161	623.400211375704	623.932925322155	631.100774924004	640.876651182716	649.839130703985	667.355304530184	681.34770992328	690.860897028028	720.363339436694	763.070304801054	801.852512019791	875.56959710697	954.077800751902	1095.33374897458	1171.33317312987	1402.12379293335	1549.89720042709	1889.14987074721	2068.06413441204	2755.29425147296	33135.6010451715
485.688	213.487905465117	389.768823870005	10343.2190949151	18657.530004155	16098.747574502	1286.1961640942	113.469612285448	97.8444636986515	80.05577234177	88.1084941256983	116.794070996772	127.177899062281	147.843556982474	172.448002436184	190.342596751519	264.500770561125	570.466665780409	1038.59543384209	679.061513461325	379.004323040654	372.211856863196	401.935564200056	404.530076616313	451.988219352417	486.980525460763	511.075327285081	536.334518911419	575.42757348378	589.155792465571	579.61551603753	587.493005217241	586.526777845291	588.878661499719	602.294139942102	600.896520396294	586.502025975366	606.785531014846	622.345995991935	631.602006516895	662.846509099826	681.859848289655	713.020498051793	757.021696879489	829.738025613213	919.426578055488	1005.08898631838	1143.65822222495	1323.03242870134	1468.50436604089	1678.79592205219	1850.85901537482	9537.51117114154	52553.1604682692
490.333	358.535872290238	9926.63741370846	19853.3794532862	18692.6720910668	1690.60279905416	116.70381356571	87.2285477717025	83.6506927399206	94.4086395170886	102.423467301481	117.873660338046	144.464147911021	167.981213850899	187.127374545617	229.217949689272	400.38840040394	896.451362909842	807.971216813954	398.798669100235	355.362413247984	376.13868925963	391.621797492617	421.68504139309	449.836821270904	485.022235459223	501.523158456368	553.423065322269	561.064405694188	576.504489055352	574.317016086157	567.414968083954	567.533804522629	583.858943037859	565.33735895196	559.476918128535	585.453458727431	573.311813415035	594.510087216408	620.66701673076	638.885977277719	674.351255462961	700.246763130073	758.593559259369	801.646426252019	919.347000521858	1024.62118942541	1191.82830220931	1333.29152719384	1599.10797546344	1785.95897888598	2319.37437964673	28433.1656721851	43751.4970837041
494.979	7610.00561206873	21994.2769396899	19870.4918442136	1764.31126346017	123.030767973388	92.5289038760949	84.1694158538985	89.6974860047586	83.833647855933	103.213470110489	117.1499299652	131.659656625296	153.412236114486	185.957955177615	300.399101309064	700.123280578756	885.397768128551	454.786718390962	328.145633421531	346.273757968762	345.393613122282	391.497855876825	398.911522827022	430.196347746056	442.604147198342	490.812396202327	486.23875397697	522.12750753968	521.01982336747	530.248766782124	536.715212358031	557.999174020572	541.366830902056	531.629683246827	547.777035336127	550.014812616046	544.754312542403	576.121263178498	586.492435062095	605.505402546896	619.546635370431	676.614469932886	713.116574204315	761.615561990934	881.361723452784	988.06776299455	1063.68951866032	1324.47164513857	1612.36974820342	1674.20755553373	7387.69127978638	45305.6562412823	15418.8855879411
499.629	24509.3358177151	21871.9245726978	2023.97553649269	123.231570282579	93.2952340235045	80.0696535753427	76.485296942172	84.1484245966217	90.9476959229412	96.1654111682445	122.501870607994	132.641933553587	152.384882014765	215.714513360431	502.265610674438	839.80297185704	556.189365464176	292.828978851254	295.035848757526	329.820960932772	365.391194701746	369.546048055746	382.062251848859	409.014181455623	426.145396976274	449.834014312635	482.759559294416	493.042250952715	512.346742400554	496.994747138027	501.550801703106	499.161000488111	493.868985057187	501.622977819108	498.958362966434	502.019360135723	515.515382334582	532.225648783078	566.373503624759	577.412306468356	595.484837755039	633.59046268789	657.558784713053	750.935970412803	830.708927570402	938.208456620099	1072.32854345303	1315.65965980434	1461.44890362608	1776.73387815258	22025.1245684896	37909.9357730026	3001.75898958293
504.281	24555.7412693865	2470.60588160909	100.468669102033	75.320054773156	75.2249976817483	62.0001927425817	69.8138351163293	85.4763596150908	85.2639753433323	94.421352915888	113.738959001684	134.942314937749	161.898928457996	343.121847669804	743.959433368247	627.302147641028	314.520689901778	276.813337016863	276.475164160304	297.833242924127	306.106563416368	344.756022815676	352.279562997062	382.305226252199	408.750164000394	431.832049711978	463.06391222628	462.774393738606	480.716227942013	470.944712865361	449.204988647421	467.333183676885	465.81980639234	465.34374252948	474.455799904414	461.20351176642	493.696635465905	482.566083192369	528.327221227171	546.137458283833	562.795767710173	610.46630038454	650.136448048859	705.093687413678	800.843878544704	857.153110728765	1003.38633582375	1300.28669355885	1383.71455726283	5214.29478620343	37186.7294015327	15595.0738464936	799.164591926475
508.936	3196.61430260007	111.677494128021	73.0070226911639	76.114143917295	77.8941835611373	72.7055786941491	78.8229264572496	79.3279603957575	94.5812819774681	99.0317180278844	111.795513029654	139.362561751667	242.309131234961	586.452093946422	705.105743582733	354.764058698143	253.079851136643	258.865223920147	270.528003165721	298.702097703677	325.447511623334	318.26366860517	345.101853402856	371.450924480945	392.402231774005	403.33323285247	428.043566057391	434.79405314204	451.265889369436	458.621190638059	438.455494997099	445.031899034541	432.53721314293	452.539708183218	440.399999005748	462.241195575833	477.759356794014	502.294030561638	491.945018247905	536.684069259883	552.362367843444	592.325137138887	639.752456273953	665.536831591432	819.154660630827	907.435265066622	1071.86136830934	1288.86744941989	1481.23503505855	16876.569354611	33077.5386058655	3179.80751906363	2385.20789907668
513.593	104.710126502116	68.2715936757339	73.8281735568978	64.8190999827306	72.6324278983934	68.5517322939148	69.7546661752606	72.7288252461386	92.2991363715585	98.0501963008693	110.243089310908	162.356662067635	410.2853448744	672.737302952897	420.441694807325	217.63423733367	242.112347470599	236.816912176276	250.294097553202	270.090676717912	306.118432754347	307.587180497419	336.809630126366	341.844010337205	354.837199952115	388.902904030538	395.314313937131	408.740924533695	405.213908427928	409.700017478516	402.581064933743	410.993780767556	414.113537935778	410.430708903605	424.154507445998	403.298263364744	434.990888948111	434.535299214743	458.150421131341	481.800177499338	512.871399206906	535.960262925692	572.927049804523	649.55986751376	719.172824443366	911.07826002222	1063.67154135539	1202.16751449827	3854.11972684252	29751.8644033651	14883.1811905264	1437.53340038478	1075.00121302631
518.252	59.5926420354207	59.3557097349222	41.8455322006411	54.2831717917971	45.579419372514	61.4834920644542	69.7585110478038	74.5057175550224	76.1612821149479	83.0504271666233	119.118327087843	261.357194351674	595.494345750994	518.106326502431	221.747879475654	206.0556250702	211.1800955605	215.494946394867	226.964950218386	241.67339945609	271.571791500952	282.229542406162	293.247354024399	307.985275035021	317.683897995816	336.086534364628	362.714226180198	365.960453633816	369.902729737909	378.257873390622	367.427738274169	380.901159083193	383.680167047554	368.280633286459	375.414536513752	388.146511858003	388.515726688785	387.083950836333	428.359746935005	445.333842565725	469.668404114708	514.851300754301	566.598363946912	616.51731943162	682.010799099268	854.896297637204	1043.83307734628	1190.32648371363	12904.3586277888	28168.3783045994	2936.54670679133	1088.62800046327	1352.82008200815
522.914	53.8940375138993	65.149401748223	62.5564407222827	67.6034497405403	65.8425477964759	69.1981641148734	71.9590321233767	79.2320601338014	83.0834230571463	94.7908594284241	182.87678677701	440.817304106778	561.50599941361	267.822963666727	183.098742664068	190.240514531599	205.528944022562	224.398984683959	245.691722901055	249.013575704605	254.067835429154	289.001676359139	285.01076577762	310.413035818797	314.115332234861	341.076559101236	340.017442411317	347.127559863576	354.612413724244	362.786564355508	345.721556418329	366.61208559419	356.75531187258	350.347172804435	364.874374887517	365.509945691796	367.919059067509	393.015075951438	411.103030432724	427.722980240467	447.543570025929	485.899308136872	517.716262789167	586.695635621173	676.03065114879	872.383987999428	1077.32676794564	2769.03182687324	23900.2870438003	13984.3637934798	1342.07471186225	1346.55932751312	2564.75629199244
527.579	64.9725131403662	40.2455816736415	57.620461966759	73.1092981139461	54.0709209827265	70.8061253755751	73.5164413103073	77.5551213981273	80.6775472509123	127.043869953721	313.760280085499	530.994651012838	346.747263433874	180.15486008106	184.659804363684	179.785160467301	199.156486850975	204.059047557029	229.439203723645	230.147649152267	248.737530281666	274.634866575375	286.848621374309	292.285647456722	295.206305042662	316.028981537526	311.447527900664	323.280028769462	334.606618260342	326.206476974105	328.00261307472	325.54879067219	323.355377186883	325.667597281656	336.332417102505	338.414553866088	341.193525906773	371.145981736684	373.269467541957	406.895277267214	412.031299995415	433.957627578052	495.375648206951	558.705176324099	694.001739295844	861.869594408523	1001.93545772264	9991.195409923	24351.2795641612	3200.88849446574	1192.84305774903	1478.55920053	4081.33176942553
532.245	51.6268325762627	52.2141966347524	46.2474036807964	66.4765579379745	70.1340656068032	72.9256829618965	62.6047921014279	72.438413325988	103.349899715864	208.725809651601	456.75433449756	428.068983913797	191.519539206969	174.579174790233	162.135061009411	166.577472053755	198.723418985142	204.181703775495	209.198564329349	235.336118047888	237.272313307989	236.122086377119	253.747745813982	264.09047286742	271.054660445315	282.288676323462	299.004603236387	307.862121547517	295.660150297829	314.213246823717	308.357626608646	309.108428302904	309.435154295215	311.177331874981	317.229942712156	327.969604962233	329.171328226031	356.350468770047	348.642266574135	392.502849507547	417.231264464273	417.655499061016	470.394065698608	555.047853915366	730.509959699915	863.993584730899	1978.99783585228	19693.7253811259	12971.3858770851	1161.43656082515	1041.04960285479	1907.54350876029	3645.67778305218
536.915	64.0153608272253	56.7826309412896	55.6523523110079	62.9369799162622	59.3571777656416	70.7459207675614	71.3729887811517	81.4697867682334	135.155554233102	346.149399479541	462.167786309921	237.856948663346	135.190298038187	135.378218734202	164.028419233403	162.711579410363	172.522286921469	185.688562258034	194.259873758405	218.980539569246	221.865077788167	240.622682994672	237.37900816715	245.613714540705	267.271274007722	263.907319610368	280.751669171303	278.96243017569	290.139027608911	278.066503831707	279.313272267262	283.836506829414	279.463400697916	296.468105177288	293.746301171993	291.149095754145	305.330639207843	328.022877263723	341.039488750655	363.562328305414	374.543785178397	405.365976326342	455.853042158729	556.260803680973	762.259738817597	843.72392192429	7757.53133183386	21535.6903297177	3234.36962651739	1017.70066157198	986.275370679891	2418.75119515427	1972.27182642185
541.586	40.9517408953328	49.4227459320526	33.0161746963297	36.4149326082276	53.6452947612302	50.3672863660797	59.7690475289872	89.6748112022593	248.736205454396	431.059666570346	279.677851620005	126.354569448953	123.138713406615	126.702961050518	147.907154926226	171.749966175257	163.20748825184	154.030313481994	182.503418214996	185.415709217969	200.018359420292	199.457159815481	223.267778138506	221.932703273114	237.9062578595	244.782050233468	256.499678792532	270.958661420963	243.459586487282	269.899712616169	260.883484137757	240.540716434174	264.645217233784	274.685553121183	269.16815937858	266.221717544832	277.624689902119	277.096640693506	312.22305006983	324.874404769022	346.391224401855	368.427002026169	419.074764464274	592.252254742898	702.076701966382	1423.27681834657	16281.3831921578	12360.2013204907	1008.72243105188	829.366066351127	1278.12971511727	2670.95463542044	765.957997814017
546.26	49.0660990803347	26.9722825662916	33.2288416884918	42.3107956538908	45.7636644197649	51.1654713892025	72.6489417032837	164.605474220849	360.64209276005	328.052648225533	132.838093626269	101.897801905247	117.379166017989	118.628872518591	127.246820751838	143.108902587945	146.386041778508	159.196150346398	163.415459932065	165.875579465217	199.944254963645	186.014445072765	193.425827868074	217.47613163654	207.709384923221	225.519610294717	231.378476870628	231.657819609366	236.87892230579	245.503117189228	238.894628693978	241.814695296264	247.683095725965	255.407907597835	251.087070747603	261.066363282037	245.394591134103	274.67725874081	290.943874096065	291.779514876812	329.560453265667	376.77338644069	440.090035419808	595.48159987664	696.994728559114	5776.75717605494	18851.7788173137	3429.68602134229	865.157240222462	794.042985447951	1735.56849071975	2248.74843431473	1156.33764133003
550.936	34.8020585402882	52.585255281222	58.0293938496736	57.6387852265923	53.8784219988015	67.3012420750903	136.49834994186	293.050683111326	383.203075237825	187.652585565128	106.838153737023	110.055143305121	115.964727332823	121.19959446427	119.764871342174	142.294053816395	160.919658998552	148.377823392811	166.948237378748	175.826097260178	192.180623620347	198.056751840524	207.742379009503	216.61309131556	206.309975062743	224.050244071269	214.092714759602	224.051047540383	236.110682803373	231.380682152456	231.816145319749	238.914257689455	238.035209285218	227.23850971753	244.332509081774	261.14004637461	254.891694490126	273.917075142239	284.190637088373	306.718452100598	356.36308717454	362.938609904636	511.059338806716	639.480665678892	1110.02323382964	13100.96301632	11675.1177176198	980.013191822938	860.858040752076	994.080997169483	2293.76246217087	1556.00243956768	954.673617377923
555.615	15.4460239766692	34.6364704998713	35.7622228710941	33.3707836885269	39.4298347625489	80.5440954474999	224.945806060833	366.609072904878	225.60498059879	88.4596892025214	91.2793030813147	92.6682213571089	102.622501983137	117.45111116879	129.751851899142	126.546992024895	134.532868797913	136.561329578736	132.565272382042	150.279265918863	161.872217061564	176.37773468102	179.381484796511	190.671112882037	192.677339838019	191.828013497546	199.6169851208	190.620500233279	193.07521849222	201.980472022763	211.047801014872	207.859726208981	218.421911839904	197.149336007969	215.742415220928	218.352644306481	224.603566364261	243.206769583316	264.087789810281	286.420078510871	296.616662608346	371.810211912861	508.207654031878	583.102798051587	4462.45690351702	16376.4782437271	3450.90370802946	682.15824750186	750.867742305862	1256.82169194306	2077.33976519122	847.589487290349	875.037178451872
560.296	62.0506772205321	33.7210422865912	44.2542921816759	40.4592711744694	62.2657322584724	162.263310925866	330.282881661421	291.267267626811	106.42589068913	86.7558902057693	81.6935395457788	87.8364226836952	96.7139273496933	103.600238529811	109.505626313172	125.19204356781	117.002403784131	128.087742069338	134.793190934679	136.920470225572	158.428723568072	158.970678375653	158.80849908208	169.205182754263	171.478469337774	176.745693283985	185.342452938828	174.349852284206	187.643993610373	194.118058069243	193.551499101091	202.616684017144	189.155867686547	202.323124644451	215.474538477368	206.004183209449	205.826693281949	240.705905051417	242.001140090334	243.586056342706	295.750253351314	391.107425264525	503.698201866273	881.691414657936	10821.5911009894	10760.4188745488	773.524904807568	700.920968846894	819.277315763593	1700.34314762453	1431.10034505989	694.093383079081	683.521006201754
564.979	40.9396397425864	38.3250808510998	48.5388507155835	49.0524891510791	104.892880555806	262.315535105099	312.654419772407	144.245163973092	72.3137582440022	76.3895905822218	79.8585363614886	77.5193420000852	88.8517465817763	103.97189022208	103.040318269064	108.789812331006	111.68195870526	126.50617583582	137.352726448675	114.134269734703	149.765441375449	155.174804415672	154.048035815257	161.236958049983	152.005586416524	176.889547797671	172.615165725659	175.643988068231	170.95749125641	184.791499803124	188.834571284254	183.896592295041	188.877602330331	193.107174019254	187.491108092497	195.419721727544	192.834442639858	236.082819297691	229.453931088907	234.880463301119	298.866275700751	440.228630348476	490.05932452875	3620.42611274679	14494.4415636851	3633.10878349094	661.940074735251	704.823505405772	980.15161181705	1906.16541428244	862.969780942341	687.174912421233	443.392412751521
569.664	41.2389338587744	31.0285274707148	43.3524137955229	67.2113628270537	172.656973747335	303.514432843793	176.131133831879	67.2713460756194	69.5808158501929	66.7730975859494	77.3756344897631	86.482406539228	72.7748339369066	87.5628105745699	94.0542603154197	105.996703166277	90.8753494692805	118.833259130739	127.921184361009	112.477081009532	122.793283302637	135.20418483341	119.339497268048	153.162153289406	144.341370228541	154.954279535615	149.20337894401	158.395492218278	155.42070277763	161.80073638495	158.465310774411	155.171242983578	179.353709045683	168.446342686333	162.664827025092	191.701998520143	189.821809902617	208.939689202353	218.184977831044	226.009741193362	343.809165953035	461.90421221221	658.713318231264	9223.07671339609	10301.4713802779	687.620491122108	554.458103733424	612.261707001557	1294.86798925175	1529.9079915538	529.278517268893	126.459357153995	66.1679830867608
574.351	0.407766487253215	37.116512161666	46.0250162698046	153.526919475678	280.166554797007	231.55430696266	78.9922516668531	61.5324155259103	57.9324408849191	55.1588176494239	55.9116764797865	66.6170753795643	78.4295438016629	69.8421990623165	86.4403986604132	97.7175393347539	98.7267372712516	104.366523414688	127.319350787139	95.491092866349	120.660527378116	120.065366783614	123.345920822823	141.923099790228	129.097277821326	135.819682392477	156.922277217927	161.796651333697	147.119212590964	150.189531412026	146.670926906065	157.644848754254	149.632234265933	159.252690822975	157.299242895057	165.121047761479	179.782522921575	174.697982942369	202.388164513931	228.767139962527	386.358100183313	418.606503275823	2736.70184768813	12676.0843276858	3734.99441467277	451.209961562034	522.132994283002	698.592950260779	1635.2333088496	967.162328890381	530.277074096582	255.085186169201	784.133550105689
579.04	29.2120318582949	47.364023106214	102.166500663101	252.039309459981	284.574909629097	125.633553482954	64.7355556657048	65.0272407869938	56.4255600525595	55.2239026301399	61.2162496741521	80.8879420846213	74.9547954594448	81.245371606166	96.2801700530632	98.8780644048222	90.6946572605004	107.805842506198	116.475330575946	111.201716118802	122.103702535591	131.884873569993	129.474637448213	133.78382285053	135.802321382977	145.121199071748	137.361382126573	144.098848457533	136.073237528568	146.004395825272	146.837283272724	157.043140655881	167.624847985095	152.33889499064	158.09521822428	179.045688178412	173.092430025097	192.795922061564	212.734892390849	288.843841681315	412.480200630832	482.094683474806	7495.81871633602	9163.64354854609	695.335108393192	506.241293272632	483.190089679712	1039.70014845293	1580.93759684698	744.800717001225	581.421495183762	541.855536788137	151.504863521359
583.732	42.6497856506226	74.2730301992073	167.919834784109	281.315714529045	178.45749530423	68.7169748224211	61.5730611334267	57.2226161933705	52.1479190902964	64.2621204215417	57.9847771185303	58.7618579077001	64.0149656181147	75.9050029486839	79.5130378217879	93.2926530958801	83.1960815085736	111.6420409141	99.6389377029027	114.102106661302	115.341068623971	116.181529828088	120.540496633926	117.974949142979	129.85504841804	135.512027930548	119.215378783079	132.863557376357	144.059937766289	141.074816239561	129.778363311338	135.969699147407	148.126667482487	134.413882634986	150.061694394131	161.41683650446	157.827429710055	184.792676531503	207.07950386909	311.966631478477	390.101704459325	1916.99492754376	11294.9020120252	3416.94253216212	421.179165579179	420.805612721944	500.929709618131	1265.52217115201	1124.25272279111	577.987144349456	552.841213123643	647.579877021846	592.963990963323
588.426	48.2798776545727	125.53948105355	237.236752577168	210.41356290682	72.2409281448778	40.4376359143634	42.7740108541852	49.2530663250725	50.7373885895414	56.9550701939082	60.4687012744174	63.6740501046284	63.1359533641203	69.2256501462152	72.4741628599544	90.0785340450722	84.5265102753086	71.1230669278612	92.1810023230515	101.864454720516	119.546117389568	117.79766083261	106.946253703375	113.654657935658	108.094310057386	111.086155931702	124.908713596805	116.257508901525	120.965501610015	119.985114318134	121.691254486193	133.456898311785	127.028074467529	117.915640155953	146.443531579279	146.684769032446	139.378535682732	163.825644240297	221.472386813202	344.593361623511	379.083249133528	5888.24143906082	8642.2055746212	581.732915504816	385.521238370219	437.826890480649	662.232315526082	1390.45024130792	615.350364146404	483.377421346299	458.260004406557	541.284230182147	374.637719110859
593.121	75.7101873950358	185.145380199568	223.248279595831	93.6675350900458	38.3559773472748	38.3681663389023	32.906766829218	35.0483065845273	39.7431826087863	36.6248563397954	42.9547836931631	50.6729075674692	53.4331403476974	55.9536677507179	54.4116712184456	62.827865159147	62.5784121712855	75.9265092012921	68.262695826391	71.0726898804927	87.4766411634329	78.1286371502051	89.4544225209879	95.0760658551549	99.5561408955551	107.991556790547	100.907467314156	108.750335519441	91.9266528317317	97.7719945494026	100.59699500637	107.710605159176	120.835138226203	112.14087859724	123.539817285907	114.806893249685	143.947361233034	144.484691384996	267.490576747212	314.719219594342	1290.99855280972	9647.72671203289	3416.70949428542	285.770305690899	267.559945448735	375.903222959229	886.337972109553	1089.00518648123	376.931824341721	394.566704796832	311.87047363895	123.947668779252	-530.539945336966
597.819	147.286769200066	240.342803422677	150.637481696844	63.8876651471562	46.0300486759469	38.0924284579246	35.4022434599659	32.9208284189181	44.8873207172528	46.7751581823782	45.9156165494403	54.7665735416227	51.9238513427318	59.8663469371454	77.6220306916714	77.5734901650226	65.3901899732717	81.4996339066109	74.9827013897031	87.4334049559938	85.4497623383794	88.8985087083735	75.2815745501797	87.3482902885459	96.3789754780555	118.744395160821	96.6838535964559	100.366356624546	101.520305921766	103.728888477554	110.64762609824	109.248144860236	112.904325099543	121.357116144427	120.799686877055	130.566998920716	121.80322513786	181.792589749554	302.400981237319	326.372331717494	4639.38647176493	8337.67333599853	604.896604982497	276.828089865538	307.422917889846	440.029272347114	1129.77147293191	711.943393887189	341.455495470939	500.208158119453	262.680751597515	284.033561696222	792.016394362309
602.519	198.913270172531	209.301096256442	60.1808015085748	35.092050204523	34.4462438187971	30.7131153391713	24.4939033632099	38.9055654880886	41.8181321245488	37.3580250335866	43.0589351238482	49.324447110344	53.2548667977049	61.5369241757709	68.5982902790465	60.2293429584222	69.2752021016536	71.5094890718829	72.0398334069266	63.1026091065948	69.1907557252465	94.4392613774911	90.3571507196768	83.0128958522447	90.7866801239039	102.711920747722	90.4389780439287	97.5088829515288	91.994289286672	89.5224516961207	92.1865898622058	92.5481962965364	111.984249100442	110.939090355699	96.8230333668236	109.659787272719	128.11206070631	233.566849110015	297.584395291196	988.51027249485	8324.98986783918	3787.50641661484	256.721182523405	261.286421764916	276.480186341012	629.603106900372	1060.44404511792	456.728612853481	380.534319561146	386.194399305608	360.343798807676	502.705367838206	225.587439636567
607.221	206.699902484078	85.1634920863318	39.6775974012631	24.0389885259868	30.2723522346285	29.6990591528722	29.9693432791996	34.6682680670248	32.7974656871578	45.0996229315254	47.1930523452591	34.0684998722566	45.3490592052285	45.7363073344494	57.141203824087	56.3902897193782	54.745049783173	55.5787835762844	55.2301797861055	55.0067130091493	70.5579659120705	74.3484235728616	76.9052053886577	78.0203851061819	64.7008070412295	88.7000171124721	75.8924156317667	82.1440609510544	73.5244370804328	90.6335764972281	88.2176760730376	98.788341493634	94.7699873661151	105.738709088719	93.8277433783956	113.373224285931	149.072706315799	244.842211679237	293.015448775067	3741.44860411987	7996.49394823871	720.856439938539	216.327463153434	255.345969671814	249.058656797319	805.114567486928	750.091527323275	311.598056206886	333.886005918677	261.342324214319	341.335163610997	528.37774362132	-157.585516187985
611.924	155.542698229399	46.6539001081434	25.77705110299	39.6847663317115	35.6571759736647	35.1991848592781	42.6353886333032	32.42782118079	38.9219168147612	48.4779909750057	49.159206189892	47.5561054656745	59.8966840436818	51.0686771270239	65.1247032349548	53.9823881190306	59.6429261990895	54.4722107881179	63.6754483897112	73.4131964490125	79.1095462018139	87.0448539738407	79.0496529327649	91.7280954774227	109.302228192746	87.6671793590775	78.4830606503746	90.3604142789635	90.6237592296242	87.8322105551427	97.8508925788786	93.977843903166	91.0807639704227	91.1017250770934	119.469854110548	117.900153688545	173.408411733953	258.378905230009	689.731081042531	7182.73053610993	4086.33034411122	216.464032418756	206.086173592813	239.109544670578	437.964982982176	952.561360339296	481.224096335535	313.270943800202	421.368646023662	280.344909484566	415.786293711297	704.161755385063	795.500193622899
616.63	67.7163571937019	32.7488935968772	35.5744052330619	27.5252524494543	19.744232263274	23.2004426568819	27.4160156851008	23.2474608476351	31.3280170616556	36.1911754198661	29.5694332468607	29.9405044391049	28.221115790261	42.670917854012	33.3763916178296	59.6548503473596	49.8881527936272	51.0978227898478	65.4765837396756	59.6160619260819	63.3107809126059	70.5547243302764	56.1292575507439	71.7180037706415	73.5714972631955	64.1798889143049	66.4976093315049	67.2742063719801	67.2399952899328	76.7429268675521	64.6337696061007	86.4425665030305	84.0338512471876	77.5558313184265	110.597754076282	128.598746840351	204.013790931325	252.290729784648	3007.7534426107	7432.658316434	837.786374462914	171.828822557567	181.76942390381	217.011124620254	510.801629270713	733.851878106742	262.603490573933	328.792299730023	221.554370515421	338.258578023224	227.254871527499	294.873576446932	554.120517359992
621.338	21.1347096616639	26.7189519244279	22.7190102655758	20.0538438301792	29.4160592748715	27.6337674202186	31.4353330246292	28.1507365441085	19.7335892263221	36.9367554285817	40.5915147346904	32.9185603521762	29.0816287502001	41.7590736767086	42.1234917154028	38.1779535791374	35.9593588625678	36.7847255266664	42.1603790528682	72.8756758007073	56.1657669643649	63.5663588302203	60.1498643305113	61.5079544158812	58.0006557831341	39.3863615087178	56.9030881134478	61.1793717429675	73.4409515381093	67.0530129829135	72.2413823449945	72.9094306910053	85.0055027891312	82.6306743061312	81.2767397523598	156.579786047952	211.912088285167	507.360221550121	6303.62217054001	3918.66080892795	180.560447055726	160.806829906421	172.351830798474	243.014757606493	667.942443435377	446.53829881617	223.518129590699	212.831927117788	233.597955481691	316.903886485161	198.499060084206	-130.472103839605	126.105415357344
626.047	36.8972047932737	45.6214066538437	33.3313349582762	32.0575485819556	39.5989394102455	24.9488213350975	32.9508288409226	30.8931548041067	39.847071126247	41.0215205718757	45.6510913621437	48.3144518088271	53.5606387192998	43.7341997177536	49.8720813679815	65.5575932546185	47.5505492127835	62.4607059930865	77.3594330534433	60.2706385018035	87.9527719970404	75.0558832224261	78.441416916552	64.5559335870166	76.1931702516621	67.8922765688962	64.7917476574586	71.9568341628899	79.8760207769381	70.8471984229179	77.3004810717689	72.987398982319	77.304459223478	88.2576625446014	109.523740709798	187.440902831802	216.196105556309	2335.45097672301	7373.30769907188	974.319025217723	183.737635996365	140.499243638325	176.315588160102	368.030856678513	663.494782579334	315.492187035611	293.033673956466	284.240725016144	237.580625728502	317.530359787363	292.906513208618	468.36610677128	272.826958581635
630.758	18.8712288108266	18.4443849962758	12.3164115452576	17.735586840197	27.0749702994132	34.1643486448647	17.3673349487818	20.6974916880179	17.519478629041	21.2020137537743	20.7110016677134	23.0167838478572	24.7848769621154	38.7973202737368	48.2425219494297	20.5532056936053	36.0456047716629	40.6085644828313	44.1453043302256	38.3700461422554	46.7876730403733	71.097059646906	53.3425861749675	42.1988698626226	53.8066631773322	45.0936800453453	62.9062481273955	51.4895512606073	55.3231197181753	69.6979161471571	40.6401911387124	63.6823255941562	56.4478290801584	80.4144928486344	118.823720882731	190.882129118564	348.189101999879	5179.41158535438	4285.43257594168	147.082556050724	133.342182699944	138.325257155277	156.659623836375	455.759445268343	504.138871811975	204.723245532384	181.565161857207	199.316629275551	282.196645119495	58.797751333884	268.78191453092	-36.9837552102809	-91.9182066514001
635.471	10.4136323574173	6.86876698640146	8.39569448377283	15.809697722366	21.0553286914484	17.7598573011728	18.5302073575113	19.5979091835059	28.002997825124	31.335169548107	24.5686037620938	18.1787672121446	37.1342907740543	33.9681019118841	32.7203709853352	38.9492255071325	38.2858871331322	45.3908298228547	26.3890686592685	61.3853622813287	55.3978395625517	62.4108546712439	58.170368355128	52.1711283665994	51.5090073649407	41.1595028935819	56.5629349072259	47.6694316790346	61.2581017511716	66.0642356088263	53.6508060777584	47.0167684642773	50.775543403314	81.688371151127	149.073683826073	189.466866631982	1629.36472307334	6353.96682602213	1165.83175934721	119.482035918713	115.310905964076	144.157803707689	205.984921874986	557.1911745503	306.231341853245	190.134503511734	176.098953286421	191.151686221834	219.013643800785	239.466477024299	333.651739439859	74.5357312945335	-203.773515815225
640.186	13.6083999005988	35.6224624754306	22.6741952968901	18.5939174129067	25.2542226836316	23.8153391732605	23.7217657638188	23.59749711394	20.1266751943334	31.1559369635915	33.8780886685587	36.7395387508334	37.532971127329	26.6474042289973	35.2792031034778	39.3317622438915	44.5864776683162	33.0732464745112	41.9237772637216	47.1234971320461	70.0656444555503	50.3180424108781	50.1643325756711	65.5148674784528	56.0189468672168	49.8136607018368	45.595515094783	47.4336886278665	36.6937060296929	43.3754871732764	62.9747047708079	60.7905161788437	65.0369648772496	106.82075750849	166.782612268383	275.709855367863	4049.54142572384	4010.69147960874	168.7508117478	108.283197595143	122.379815209968	131.683795900318	325.135843204454	428.993726664917	204.536010826141	200.967022324609	200.486671422503	270.610760335548	198.18871022248	234.967609842262	153.373552762941	224.025355237301	686.701791898135
644.903	22.0222309171966	24.5655664195576	4.06880751584815	18.109845610313	12.0201347877611	19.6575837011457	13.7697918346156	18.4013754375809	22.2072542742274	23.0927163060787	22.4865321005476	23.8200883346289	33.9658534594262	16.8855195397948	42.3135426770406	26.9384375029737	28.5165494325642	40.4201434073887	41.6387986165346	60.9911355537111	51.7562422997342	46.7766491540674	56.3335789946166	42.7272607344411	52.1949937795202	35.0344316502428	52.7045779256241	62.7627083771817	48.9365860672881	42.2462549734082	62.729211379733	60.5193952313877	70.0134731925844	118.679245040001	175.94745872598	1234.06594855681	5575.86446097852	1222.3611366301	111.481485571789	81.3316644473288	104.963888628873	132.651411590041	401.400359409526	336.71390595022	169.186925022321	182.07000872835	220.158432387861	145.974856126064	186.135193207073	150.096273735478	361.960791702413	332.32488477811	112.62945260729
649.621	19.5422149969777	25.7437401518852	13.1294618614326	32.1408396642008	28.3424061095899	19.9358407266229	26.659893252989	28.4547028707426	15.222934952966	25.6151856625257	34.7502224090345	34.464366794851	26.0038412891894	35.2370289695066	41.9517717322545	35.5792177270092	33.6281475444911	53.3606645757759	47.6520101669184	47.9269790731686	54.9114251251377	47.8182922260129	53.7258335951615	54.7159235051236	45.6205986145283	48.7273385570809	49.1077587403011	41.656496764511	47.630798193022	48.1173987429179	56.4398357489818	54.8466913470155	86.5264479482474	151.038962784993	212.442919998718	3315.21504715298	3830.41292635041	149.922502145773	90.2723365316262	90.4500316429368	120.006943178926	183.547826094511	434.221079156329	240.146615583021	169.142248099462	203.209667649173	210.34838210366	209.250484899637	223.256796246917	238.479435824992	294.474314174798	68.9377520313077	190.372908359603
654.341	-1.89006706331091	2.10834988315947	8.00001686558602	13.2712025095222	4.95183855499348	11.691030391546	8.16515030816096	18.9516677569835	20.9654144627387	15.112307093531	11.5794954247275	14.3923571872923	20.9203691096865	13.7117248168772	15.9355778937182	24.1953752496234	39.2729487451791	23.6854120401934	47.2117486782016	59.4871218924699	52.8939795893466	49.7171188691768	51.1021515275124	39.5299310453768	45.6217689232502	32.9893803709799	42.7460559748084	43.3187011672817	36.53156718946	45.1830745679734	23.5228919122086	54.3723027221686	117.719233852213	148.591318478148	821.315385932112	4869.23473853263	1349.7758549065	75.4927728112713	64.9730187322413	81.3842284756342	92.8052589276219	273.236692384971	300.713291460993	133.215543823749	136.259074260863	110.127742204807	186.167329740023	154.67696508757	114.283621077	115.93867212719	188.440876994698	-70.0083502719016	-657.319911329105
659.063	27.1600305749612	11.0556480293458	11.5247374054831	11.2126540314548	9.36280385067811	16.3901136322367	4.98363927035386	14.0021896693348	18.5791433863598	8.99376658293873	12.5109715048271	28.6970121069017	15.5628882007354	33.3873233105538	21.3168618293506	24.3989163529126	36.1595606977143	41.9791048960053	39.2773529390079	49.9197104233361	64.9163901184692	62.9606834118164	55.4066328240699	32.7173123517737	42.4392350816297	33.9599605564995	49.2636031655326	42.6592922666408	54.9172270668486	49.6132323115566	52.4529831482965	70.5430949361656	148.471469434939	177.116592356761	2632.58392583161	3697.90539329996	164.378082233262	68.4725336672549	80.7775860367325	72.4701672675627	122.895866448794	330.196110554579	211.220182860584	132.203885143048	157.391570923061	155.075657452261	109.51117522035	120.992411569556	87.3631605298455	109.119727985491	136.323083555836	-62.753145165298	506.884948019248
663.787	41.076399211586	31.4812347294765	17.1427504021534	35.5825037675951	19.9408313874001	25.3713982813129	17.3605666343499	18.8065162507806	18.8427257830615	38.2590427807682	29.3244517922959	30.1077276784868	48.0525337549131	41.727683940538	47.2298209786447	29.6940766760633	50.2937918530032	54.6864201400159	60.7577951624445	53.1805899112722	74.2242840039318	69.7663057204768	78.5911706164893	72.8466821466509	55.7005326888678	52.7169653272495	55.5138957121126	50.1868198277166	60.1935578728054	58.5321314735983	53.1971338728411	111.893287933856	164.98391476215	650.58737901695	4333.13317492632	1491.68900751472	96.366578599961	90.1477413100762	90.5710668318618	89.0741009534376	198.692919899296	342.234401420599	159.723026245856	139.125463567572	168.914799891812	193.804270073014	140.356629021113	199.586816287384	196.056777432755	187.08129801259	347.737554039382	357.994261901164	1225.87384182757
668.512	23.3743904845362	22.5973680069206	25.519184940329	24.7665315506524	1.27581681103203	26.1541598792662	17.4940157564575	18.7577018882089	15.4956015772792	12.2553017066359	28.1291995833323	12.8098688588657	9.54300401900702	31.7086603604312	49.2686777515736	37.2366803027345	30.9713529462006	34.0256688436815	45.8172605517569	48.8735185242337	63.8080268606485	41.7049280918441	73.2556468684453	27.6716160275958	49.5682005653178	48.5182722754609	44.7525008483756	39.411751451818	56.4730699953771	57.6023653563449	60.4348523567357	122.662033888782	169.017239564115	2203.52501099669	3629.71234092977	200.291594587043	56.9532499634498	71.7163412606327	71.0875787446482	107.416275549498	262.230727144606	238.270451131359	107.300535236579	106.780578019008	130.213123124331	177.911835343907	215.227992407481	153.447891075181	144.37358147602	138.070528321616	257.530668329838	128.265291290742	378.558765525169
673.238	-3.91919285347721	13.9898185923345	3.9496720130205	-2.23125510637743	-1.92525016569124	14.7818353972972	14.2577168627321	13.4234631797625	11.8563617701793	19.0073722265862	6.8602668877891	11.8696174288431	23.4678264627058	29.8192082515333	18.5448724983589	24.4164985227458	28.6794034906845	20.0918623137687	17.5398841644641	21.5648454021983	54.4146609441018	41.5565042043009	66.9246719341602	30.5447593319779	50.9667141379147	28.5024594938844	28.8422264406147	38.9473452628305	42.7852233683466	35.0471582897319	69.729704856632	118.588451454776	546.615920936879	3774.05391007549	1582.72902078165	56.1231790244407	61.0060655000292	38.0417969796275	49.8302848318544	104.115651347525	270.154075552175	111.250821149959	99.0569964161476	79.6542624344902	102.742980621904	78.1765991684745	68.0504475037082	110.908034550875	74.5326108838163	53.4238557001315	76.4503036956874	-306.464628014361	561.235749795713
677.967	38.9859110551443	34.350309634504	23.0761298985574	19.8539898441697	20.6866345295594	24.1222228458227	21.3190361554593	18.4211732695012	22.5596211995603	18.8880519646965	32.2494075991887	32.4538504915459	37.9672154371824	34.2292734807514	42.796244122156	27.2910026194694	53.1429076276198	34.1068628360779	62.4562352335025	63.4312323927142	65.9478478712344	47.0939890152841	58.1860559545269	60.7586566840236	46.5389230225324	52.7574302833666	47.8324523005005	39.2330262957412	68.8878345457775	59.4229634485894	116.607272937308	145.427501268674	2125.79226047818	3398.39227622355	261.013427640419	74.2019851028279	53.9794682974771	58.5824270866403	68.3220513883212	191.367526476645	244.975359719653	119.576486802401	108.7385223564	121.461996561983	131.95817307652	137.812550838403	148.316410468184	206.835845172226	223.312825140751	196.427388130291	325.15785575753	398.07672701552	807.646352173075
682.696	22.9536398319404	12.02300291486	14.0804378686229	26.5144791692621	6.20978556668953	0.602248097591657	2.26911807681557	3.96307749196264	4.69638898573466	6.01735009073257	20.3805027685945	11.3990773461618	9.41649682034338	21.8965871426283	10.303137615157	20.7815263409531	33.5393875114578	28.4233184267037	34.0689854898627	37.3406913075247	19.4852308372239	35.408864817524	36.1122093506598	49.227378946111	33.6125474231121	31.5717522650977	41.2002502294581	16.4399236785454	38.9356612242076	58.317978852845	104.261780387682	377.423682218439	3875.37317938994	1627.38095082509	62.0330045685711	48.0343839206794	45.344241371118	34.7394914998632	86.4718042541801	208.07552055937	168.547395025396	64.8353049183055	80.1990687965121	80.3883957229719	68.0225018109712	130.966517116762	103.340184352293	93.1211236779928	144.045777196597	193.174886301517	73.5432325008865	32.8582049379997	163.329399868271
687.428	23.1139040796259	18.8330310535573	21.470676561103	22.5039532048541	12.5062856256705	17.5871382923118	13.2527752526329	11.9722440989794	16.6647280065038	12.3821780695607	17.5909724198203	20.8703030269646	16.7762771290886	21.3381977026023	32.1627324698228	33.276763881832	33.4104057572199	46.9397067873085	49.7867817573339	50.4301225454177	47.9631248824788	43.4430552246481	21.6551734325952	45.6054015621089	36.1037152659845	39.8315929897407	44.7347940628826	36.7082669202998	67.9836698367806	88.9775149937029	123.310103099636	1531.51744113331	3721.61133773075	288.718854739487	56.7873856674497	52.7670153133413	36.3595567311896	67.2731645329361	130.140099791605	211.552749605011	120.921719465036	71.7579715198005	106.159041523538	97.4394227402373	88.6954039200088	103.394654118981	149.747344865056	109.143647999848	125.449960607305	202.742958776757	169.894822609976	24.8157177704596	822.348897512292
692.16	48.4995490019427	9.01678926782015	2.44383625020053	8.82034621918475	17.5376584643434	-1.82923468426363	7.12182873178972	9.228542919736	12.4531778799695	17.217240110633	12.6752941024791	10.1420674490342	15.7672955255484	15.7329496509689	14.6039478086938	15.1765486862001	7.30255624139579	30.6956080007035	29.8659568694584	32.0234900012731	24.111735274299	35.4375703504162	34.096898841953	37.0810808323688	13.9905045980062	23.1468938042422	25.027867093792	21.3484679075516	65.4594523206963	95.1859595823864	228.830614368379	2954.53219415593	1839.53019053571	45.0254500563812	34.257377854042	39.3881575347306	43.3582048183809	55.4634271795561	164.62869381917	178.098978688194	79.5982095291242	61.5027668682243	78.5781179180186	83.6498797481241	90.0597850147505	89.1050436292374	125.0415047166	122.100713041147	47.2990904118438	44.0742605985381	131.397706283831	108.118479864949	475.417267198265
696.895	10.6813239124546	16.3404400688516	5.33093672771863	5.01926900777463	9.66124420894367	6.13885670761577	22.2044688072211	17.3705303925386	1.13979521625646	7.73370319954198	15.7291329204025	8.09833347127533	19.566085418729	20.5197306380213	10.5022308432729	31.6010169457834	8.08736267018823	30.9040617954365	38.1153504999292	25.0763033416356	23.3927333515586	26.5512385482649	24.8157475619371	18.8671636856067	25.5062011694173	35.5109856005241	18.9896699461129	50.6370999394245	70.2733124168751	101.596720101898	1055.27560176272	3114.13657040811	371.126523099827	38.3288345385386	43.3041357434274	37.2277459367829	30.8136354885396	81.2632046463946	197.842143557093	101.9496606577	47.2050234641147	83.3544276914178	81.7487997711904	93.3225886619508	121.784109482265	86.506221616667	91.206499478854	163.387840002262	85.3197013229174	58.2403090349638	158.748033321812	234.451995470534	-478.645824633152
701.63	17.9522247449092	18.7667706316077	18.1952192772087	24.1397768521431	20.1572254911026	18.2622361296651	15.6274601243204	10.5916205475017	15.8617228762841	18.0180898124176	20.3508365982768	29.4706933889275	31.6440048888506	20.6926492898073	35.3024419007673	16.4589439416297	46.708855398498	27.2689275599585	39.2906919587148	49.2205460388595	50.2953675168286	29.2851391749226	37.9543839132233	32.3849468012726	21.88216433712	33.9451183481199	43.8233401600063	68.3299984165272	108.317735897857	184.923797495661	2318.58511784937	1772.08656044051	73.9042404426657	52.402961200991	31.3025986208888	49.7832432499656	57.3992908605682	103.465079245608	169.075719083636	58.8954848124619	53.1380289758845	69.0466989624901	42.5484864266586	74.9811648536778	81.57477631939	127.083384816617	91.975091679318	84.7361316474107	88.0395854658225	251.704701193606	111.170690518776	185.764629017796	524.651464034473
706.367	4.15250574434964	2.77924582810798	23.0163964483076	5.12218118651552	3.39976991489032	4.07207077081201	16.2866855008493	4.94698204646685	4.42002668033035	0.544294521489351	10.9029966338762	12.2169051316217	16.576590782347	19.4709496520297	3.21526874681534	20.9086572041192	-0.375144602762607	27.9897094093572	5.61843324262527	19.1928399840085	4.504219694328	21.5918299443774	33.3439977429665	32.3631148881285	21.7557204307465	24.9143690400274	39.8760668000873	73.2377030848746	88.8066486825635	837.894556227879	2661.52757369877	435.580159879333	41.2630537212663	33.849265428438	34.0239435320724	40.8816647973385	48.9150983805932	137.134614283685	108.037741100995	48.0988839927232	57.1352856123151	52.2532796506358	34.9846479461647	49.5537019103548	68.9442599561893	99.1786474463805	94.3874818594016	80.9869554469124	42.5220927026183	19.811478176979	-22.5004042868983	-102.539598479384	276.085917862378
711.106	-25.1782265470358	14.979224678759	17.3389239331322	2.38905682253586	-5.84066224392945	7.59708265101437	12.1651492108506	10.6233848111483	0.7052712643047	12.6510171257195	5.81514599770632	0	11.8023333904567	0	22.0225826861986	6.08816896339992	19.334481205092	21.114439397734	14.8495890250214	12.4685904715293	0	8.12898871322257	17.4879167797991	8.69373029584854	21.5929399220899	29.3738131069607	45.1932347839827	94.6744246481829	137.433406202248	1939.4526951373	1630.04199287037	51.1582117499287	37.603507933796	38.7677463518395	16.9940736657264	26.2904229208414	71.9409482077168	138.583247419275	66.1990358867085	31.7002047623336	46.4174980602311	44.2090562270869	50.311762154401	14.8666588479547	74.2562794507795	91.4152236146705	95.3845520339933	67.3996795487992	90.0350595831637	183.046934015594	-136.428535302159	224.516032497685	-343.387538320115
715.845	18.5715938623373	12.7849888777857	13.6894341389309	7.25011621025434	1.73772243891604	9.92646320561353	8.20395774430738	7.37493191400313	13.5552341516595	5.84230385232824	-8.35926358683774	12.1215205651802	9.62816284240922	7.51107568583311	14.6081641166112	14.128615822417	10.3543620187345	6.04494255767046	18.5559007720367	18.2186183200477	11.5111960935359	30.7282977273307	36.6750218001743	35.5961499635725	33.7571090278106	37.4316154182209	65.907603246513	82.4686910272798	640.421685101117	2450.11744796019	482.171210936016	32.0181503709003	28.2465547609012	26.5287451722066	38.3793405034315	25.3282688328081	87.0603479174523	114.612404167316	51.4732185065675	44.8939002129653	50.3903971740138	41.6150847792805	79.0920592443497	83.1086652474851	73.2609408268353	98.0438460754223	48.2442192518649	40.5831528461218	99.3567668922901	34.7185009117728	-59.8032171713872	218.379191356756	369.071663957555
720.586	10.1070315835557	9.96884339988418	1.28660626461282	2.42277231151586	-3.484169650261	5.45720983671579	6.7731612913763	7.81592860341098	6.43701944479641	9.48271397796669	5.58683247979075	11.0472277134933	8.88014675159543	12.8008835907418	7.32241825870615	18.522264167035	3.46011855188199	24.6444790883637	34.1045532458879	13.5811866209629	19.3873576711986	22.5617293741538	7.35341818792052	31.4872153220269	18.3144145787284	34.4306903950128	45.8310228830168	110.488290469494	1616.87831751793	1579.86389083336	71.2391174695027	25.7534708450834	31.7155608434821	23.5118250180666	32.8646503137424	37.2413844478585	131.142148971848	90.685637947667	33.0656393102971	24.6464725575815	51.0909531062531	25.529877230968	44.8164330419935	65.8603431805501	43.695040567334	78.185208012313	72.5479976347967	63.4686514414345	47.7279672712516	63.8103737193568	96.8477150894724	-35.0283858335106	914.11315829694
725.329	38.2300087988649	18.7398501328354	24.3101960567383	17.9841557550916	31.3881216715877	13.9722457263451	18.3641434744772	18.1749745993115	15.9272581721807	20.0441715212807	20.1070864683633	19.0098309519442	13.6784339799425	25.5335888658034	19.6415806059782	31.6153778326931	26.4626546841942	24.5367526913369	36.3147188282605	39.3453885794589	42.0521174734999	29.8644129417274	39.4056849101829	30.5971879634654	27.0013848808225	60.3048820986345	86.2103075790274	553.794608569771	2233.324681606	509.157451106795	50.5901525693699	18.1344313621488	48.5369919764458	47.9885518833506	54.3620704468266	63.3987781612127	133.651155846882	71.6089723088136	45.133500948623	45.5566995205488	56.3639939423635	77.5257557245061	78.1660167369963	113.250737021435	88.4582146831076	82.5325841606895	73.4347224111067	79.0700345211888	218.451217170757	176.155369252676	196.062890930409	469.798937685768	1211.68403845601
730.072	-3.79262828159072	-3.86801084751321	0.873628151195822	-3.70148571894968	-13.8400008816354	11.1166227107693	2.71018095383139	-1.72123854830191	4.3708487603714	10.5106040467803	1.26451898160394	-7.50126078865529	-3.14596952455961	18.0231669838579	16.0348613694838	-8.13802080796353	-5.48212233371459	1.23447778767692	8.57131504052651	9.53985847809103	3.76124424713532	7.95451608596906	23.7906507067619	5.98650354044579	23.1143817846061	40.9789929177859	81.6901730825746	1466.45035620585	1518.45292004587	46.8195094045503	17.8548102322927	21.2885911639533	23.0736647027263	21.9845079729607	25.7174515361551	65.0867085914262	76.5871969235368	-7.73744090768865	5.10276074444855	22.3744832337987	11.6938147862818	-6.97637427775019	42.8376840756772	45.2591237419619	50.1859761540283	-2.27524814496196	23.2623083997485	56.3567315650128	4.22714665378587	20.6794443259074	9.39447028848151	-107.031989183892	221.678149505049
734.817	2.18256376343497	18.9900895743932	32.5531525911689	14.4966055807748	-5.3607737667933	23.378519655413	7.44374639210767	14.0841014066986	-0.733633642697346	10.2989550419746	1.91021091287928	10.1984164607801	13.4650556037531	20.0817382469009	15.3973265530723	13.7835964352238	27.2103725243426	23.6211800927878	43.1600731617652	27.8615093476207	20.3598566062427	38.2740500491983	30.6144429477776	7.32080500506906	57.5825971764965	76.5861011059452	405.85881852457	2089.61062303008	577.700107758207	21.2566306960245	26.0154296860944	31.0104896273328	28.2717633540446	25.3030810805462	40.288228000309	87.6862388231204	57.8471740948513	31.168940969428	39.0556174337816	32.4254400255773	49.4618335036071	60.6771819021316	56.5784239387192	60.2302331006452	55.3094334322584	112.276679149881	93.7081815518488	111.842378281665	151.126414285326	83.3035608497234	108.801491138117	62.8774760813439	2031.55689558637
739.563	-13.7992717653521	5.41831564592571	-12.4603022046271	10.0558486988386	-1.80765453472333	-9.6597495616335	3.01204024039376	7.45253310307454	0.49476297218964	2.02580627288986	0.644123697279196	2.6747070883197	20.0312683238323	5.07867615566974	-12.1568386379804	-6.40647235463523	1.19678424011706	-9.2227115523807	-7.35339269933156	-14.092364061818	22.5119609799786	19.3590318702388	9.8743646594803	32.6723513927677	47.509360747634	81.488795725051	1158.38588437534	1552.08209410819	66.7775051008511	14.8567749419894	4.64421745832253	21.6880667666968	15.279313924591	7.19904930986998	48.6572054484683	88.2643525837981	23.6859598616788	37.4425031302193	11.4367283729151	42.2529143181807	33.952752748352	40.7053559067181	30.0482621078538	38.6981222444094	-1.9293473455227	55.6306238946902	57.155978516339	43.9050169221962	51.6776172667513	-24.0771307724343	-47.8537770031796	-45.4335084481611	-1309.85976135797
744.31	5.57873638915527	-9.45899287528278	-19.340098469159	3.38779526521265	12.7888989584982	-7.74310923941817	0	4.6522599415239	4.5004856406665	11.4073340556562	1.30202389308368	-0.386187195177272	15.3865666316824	6.3175230069323	7.67927730626193	19.0440678675026	10.4830494862225	-5.93176124093382	2.78701116441191	-6.87596366608067	-1.93640030269929	34.1268437264884	16.7844798109201	27.2979792013103	31.7332548795134	338.366682619644	1765.17258200654	634.104742412911	25.558957727699	3.55633888566497	17.6020599409552	22.7028557249032	10.6911073945526	34.7632823294018	73.9764777707142	59.9159889811754	27.2250375602422	8.96279511391726	33.1008660144156	3.93333374341209	41.5402309788501	29.38618455635	18.0771415339563	-2.49650804614311	28.2747064824798	18.741845653766	73.265721769203	56.3215271238208	97.9317317608605	12.1673056258562	29.0193147507029	330.619490736951	-22.8252996933306
749.058	-3.38145055588667	9.55566353055331	10.9047927965259	8.98384841182052	8.4900236228826	-4.42126812718111	8.96980909333098	7.83300985704305	-5.05164498228419	0.590970087482121	-7.56315061992175	13.6546906309424	7.36286065241606	0.797760990476612	7.36987135002426	0	9.77555628256973	0	14.5467207788195	-0.496159702258942	-7.33571348333272	1.8386996885598	11.4567680726879	37.3623380810662	65.3805661103167	1034.90116581407	1401.2401247082	82.7473103834295	16.5410461467853	24.7496048456113	3.55639050495363	-4.34971829937248	20.000685606289	35.526917522807	78.5540644864929	43.0423671415905	33.6678042595172	31.6903812444854	31.316034968703	36.3294382584319	35.8829201587731	19.7910070532625	56.2466194721115	-21.8575265296865	98.4954249300341	27.2167435497376	28.467113651711	55.1729761270824	0	110.62489648778	156.351420664553	204.110141355463	-322.820031076282
753.808	-5.74428483298537	-2.05046053512944	6.02051584685664	20.0578845655875	14.2971289622722	9.70612115065176	10.9710607871304	19.389371409983	-2.05957204510437	4.51763290450257	5.6978106174721	9.94118153827066	8.7554313309714	15.8559249948473	15.4189602284453	-9.02023139043743	19.9276300250036	14.8331937503217	25.8274389752349	6.57429239951802	15.9509023025454	9.37054783931874	39.2360766429585	62.1097101315906	288.485290573147	1681.04616849367	594.303420078713	45.6674939034607	33.7191908380071	24.4124859070158	14.0967550169162	20.9582957960835	16.7164060141389	58.6869531925322	64.9190815417898	30.6184987187407	36.7328150799779	37.4277698220764	45.4441745326441	28.9289644890007	35.3341621874864	31.6030262695375	46.9062188259186	71.9765668292498	55.2157433159854	101.314542247757	50.7768387590076	77.3238170700817	44.8168204872791	109.623230518964	363.545596796196	198.584511430917	493.555401707832
758.558	7.01847069809978	0.521935338117072	7.07305262253033	-0.887937852373608	14.5570747862375	10.588494363886	-3.45754596070554	12.5419146924953	5.50467362813042	-6.13302808054683	6.82518398461295	4.04877156799935	5.09406844677083	-3.72558746526688	30.9960594326541	8.38560527724185	-0.845414492401304	4.4420253331565	12.174548706649	-12.3578290712668	3.04517184453852	7.15569010629355	36.6203332308318	52.1606094730933	952.982359352973	1460.22826652079	75.166193609019	25.5528481581489	7.1176641511806	25.6848907780234	6.1513104453956	21.749724993658	8.7177342816109	67.3821483324472	42.3036284860366	20.0079606268361	25.5899385162577	20.8812435927459	37.457011501685	20.0293603319185	27.1402395539875	22.5927986928771	21.2262456388695	44.4945989112152	23.5100389224862	13.5086037999597	93.0600845885508	67.9938266102861	38.7869157402749	98.8602090166317	167.330553353395	173.310095549353	-526.459023716205
763.31	-13.1248087074081	-11.1800836600406	8.17661610550878	-12.2271543653012	2.73525369285082	0.720032346871125	-14.9209458924144	0	-6.41700796302727	-0.625581662109227	-3.82900654761573	-10.7375618629775	-6.92807481932574	2.53345130469075	-2.87423885648392	-8.96080152694637	4.31170211828282	-16.3114507163294	-17.8823429699753	-1.05043696046683	5.69458784683311	22.8700534459016	21.3448594617926	242.011714999151	1596.28905190093	644.72544939839	4.71163098243381	13.6731479800222	9.39550888903151	13.5221288075071	-3.34638134119425	18.8364679375942	35.1456420561606	77.8089026873034	18.8783804180692	14.7131315770938	13.5531023933903	10.6496520985217	29.7789333490627	12.0178620556514	9.65707349478048	27.2351490443938	12.3721219904603	37.3762277129807	34.4071347623281	35.0739652130756	3.01343581526508	-51.1037740913917	37.2362008736121	52.0461812282169	149.992091755376	-333.917615241577	-585.817298072771
768.062	4.81730860416206	22.5693592388903	24.2738615874192	32.4536957181212	14.5930300701435	19.2593693235637	21.9062395901262	12.6735764514382	22.3997725850053	19.5744642230151	9.48639858602073	40.8509901033757	34.9644542442324	15.3429189839156	33.1557597103128	25.9005452695634	20.889794458999	21.4947365079055	21.5592950029271	31.8079316391686	68.9743669586073	77.601584477392	93.0332953422315	883.955484558804	1415.17229343578	127.874231250996	33.7223139062455	26.7395691643735	28.8812915009039	28.1503115729261	34.6213083281366	37.1803787332098	80.7791676129866	79.8457961333066	34.480473052132	50.3010330402079	36.4797314008384	30.0979996040397	41.9671201357867	80.6664677502653	68.8817739291796	49.3409343792695	60.097875037607	84.4341645445484	81.0344099250311	80.9190899405761	79.0823331774168	127.112486522623	143.291159545155	285.648744700041	563.817172901739	436.171484943055	813.034678208505
772.815	16.8498409087216	16.1107027670047	-1.94067204430275	8.67926010619935	-8.67141009595676	1.08945861673264	-2.46288224177671	3.58457663848473	-7.55173670636541	14.1982232162857	14.7472209166817	0.833162661347475	14.413650869801	0	-9.11202639208543	23.0080427851802	9.13346388442696	3.65634818975411	-12.5264901103675	24.9003429432657	28.7210142962448	19.6334574165938	222.159018456016	1444.29917213858	633.269076820622	15.3176280784809	18.578665316261	13.3612688094338	-3.87710540640306	8.95121228489471	7.59495876028314	46.8681064446334	52.9642157857819	46.6560572409497	46.7003504375618	36.3851767664792	25.8233512910123	31.6901947700478	23.8040048676544	39.3983512374297	22.7294953681803	31.6989688389046	46.0196905928626	61.0411295077909	58.8965787153847	93.5031037640044	50.1548991805055	90.2107918978738	143.19989143648	380.622404153482	297.380639746787	326.920251865841	-98.4868875821712
777.57	32.5444945628757	20.2749056856139	19.3072603801423	22.3735154541806	-1.20656906879843	6.29944506331234	14.5200586164515	7.31529347401026	22.2914190092999	22.5363414422255	13.6147095394218	1.27521950163701	24.5124452105194	18.6879268853048	9.297771246594	7.96542840242391	28.8465225077361	24.2507285890261	12.7818373825257	36.2198094618383	46.8903682945586	60.6018736834783	775.431499449064	1342.89221455626	140.633334850942	30.3666075499394	29.5382489488262	27.7070599969737	26.8138281652057	50.8876402038886	27.1242258852733	49.9777046378738	61.8889470060273	24.4709503000788	41.1753035467545	40.0579423603513	39.782955169774	30.1439023548551	37.5904898118581	62.4668998211874	25.1807832130887	51.0334416707087	49.3454666462824	47.6300327584367	66.5361424119334	78.6480629160037	91.4987838190745	129.621007862091	261.097816360882	314.722723280746	308.766174693051	505.430885967872	653.214260891761
782.325	-19.3286297710368	-7.233328402496	13.0697447724637	18.931747105202	6.53414289507951	-13.5454545823958	1.98472700150552	5.19957091769911	3.91217653900216	5.55740448808949	-9.82259550468401	-6.9059174992661	-3.16781418124865	-16.7692631355748	-6.00788933050353	-2.12844902656319	1.80251053904613	1.89417085931	-5.19147768322111	9.33164034711457	2.70525798899173	152.058107869187	1357.75142730529	653.000126304863	17.7332426895093	9.9758005396727	0.895318692010237	-4.0191120789266	6.69511372016953	23.406691543896	10.0550063961864	56.8721152572884	29.2083078207532	10.3909126430598	2.34884586912639	1.48810560280876	19.4109035419487	11.6867510202824	12.3316626358324	12.5601922499817	7.40143679552208	22.6253817293024	12.9304388767995	21.3915909185947	46.8567428583064	19.6375438020061	23.6206737505224	38.1499533370279	172.692231998441	101.990380923721	232.438407634603	-195.02176659477	-586.742920041921
787.081	-5.12189633327558	-10.2841584522508	9.80728470864774	-6.80393509807531	-5.87081106838985	1.5454412446854	-12.2279443071556	-5.08486737978554	-6.5996312174528	8.39198150909156	14.5689591808071	-12.4096878636093	-1.85875895343087	-16.3130176915729	-3.96586403937372	-5.24536747627086	0.462721037280312	-9.72502169412978	-21.3232012712126	43.4011482345334	41.1123050518308	661.631893811585	1291.62928478139	137.945142754416	-6.708632784773	-16.7621221264201	3.21771162412025	-33.0157774028375	4.12487347822674	-7.25580443221755	14.8139160284615	42.2265214219031	37.7174199468722	12.9892869948361	9.64752547898125	-0.509347197107059	-3.2321886530064	18.286302459744	18.692416856193	25.7945351683868	4.14549144816773	17.2370714135815	57.2590050428042	31.5159651915738	25.735517180014	10.7544280456869	-51.7430975689917	15.6695103616064	272.234006891907	27.9273269624559	-55.5061186230013	-200.255526225605	-812.050689024745
791.838	32.6201849055893	10.844893724489	20.1110726330121	47.5810090118219	32.2579109796391	20.4570884071672	6.98056939095358	9.39781310789612	6.01986250678769	25.4866964872643	18.6599024513165	31.879446196519	32.9607341296941	44.8169653540187	43.5818791131891	37.5550694565903	33.2833618439759	22.3456946575085	28.758194722181	89.5329849824322	164.288537565461	1320.40575222637	690.172239607553	44.4223861827858	43.5635057511959	37.2127642829863	43.6262747290852	47.6428590812879	40.7505593633647	32.6192166729178	60.9916373399698	76.7412746081623	28.1469291288092	48.6622320641596	55.4190688037172	49.8672525779589	61.889751155295	41.1039787285584	52.4081056116037	65.7117951630539	79.3776173630409	71.1270334190235	77.928802984153	102.088281968674	96.1344311232117	89.9803294911833	109.846646662411	189.807171955329	563.896971105414	118.575166976819	377.072810029003	589.650105999334	2145.90624168361
796.596	44.3056286066213	33.1421213217774	33.6189657760542	35.1155656197266	17.0702252874163	12.1888685609632	17.1846759874493	10.0907497218577	17.5207331591463	21.1799725018827	18.6281270944324	50.9671633474064	26.0096773307215	11.0675690694296	23.3188886353559	23.1316818005428	48.5026717702474	38.1031167235946	40.1451724194741	56.7877787684714	655.288786449661	1341.33840876392	180.665276749427	28.2823601456058	3.90126242090194	26.0614384118807	10.7593518081047	34.5326529419931	17.7239661546253	41.9967971969824	60.3030200543799	55.7733172652348	26.3601534074431	44.8497554479074	44.6721159345987	49.7616012124444	54.273751062693	36.0559383791408	71.182124501276	46.5945644318714	35.8594927627095	53.3879048470406	52.3595118390267	73.8651284480924	95.6518872211705	71.1393458966545	102.024230519019	396.668494755204	302.462844179014	358.814470502148	468.84376483693	-107.260570245872	2052.68053179551
801.355	55.1207671844538	33.6294246851624	9.97622519035373	29.0328332691348	30.5771174739307	21.0442075976537	25.5771730808396	12.5079472921696	9.57908020253744	17.693923313915	23.9571504543327	21.4147937932067	-4.08236153084399	35.8280108096498	14.3233767923484	14.9764079247429	31.7075165819125	32.8927124957687	49.6417017433972	133.697300730829	1031.30704664801	622.999887010223	50.3097529518737	36.4003868349753	33.6778495345009	18.4071857240825	12.1148687891183	29.8104911778457	24.9636561980444	39.4411129350462	43.7751152529617	37.8858526930689	22.7555387047506	25.6753404730836	43.6487231599887	39.3772128771845	8.51856294315648	33.1335703811021	37.6106200423008	62.3173218191442	44.3094147728342	46.0873848620827	44.4705931639241	51.1793643932171	83.5549859763863	83.8501918546859	156.258449807137	369.957877827618	147.007354044027	309.748446647155	375.47408305001	601.856071547877	1219.67941935288
806.114	3.93719765603242	3.51352198203189	14.5108730041509	3.84258087385608	7.73637911991019	4.41249514144351	6.6500650010183	7.81746705760598	-1.76456740573058	-0.294898721898584	-7.21996315062082	17.1318350345653	4.49059768392839	-10.7484032428949	12.3877853339229	1.15203137882638	4.87807947414039	44.8536988578664	41.6802967468147	433.278289405466	988.844333416412	166.530897632335	10.9766733713179	11.9854932261504	15.5760054097066	18.4071857240825	6.86509231383369	16.9194679658043	12.0791884829247	45.417039137326	40.2257815838027	13.0232618632424	17.9648989774347	22.0074346912145	28.3928587545558	8.05442990669683	3.31277447789419	39.1578559049388	34.9619848280543	18.1286754382965	23.0651748132562	25.6772572803032	21.1417574058	62.9254480244473	61.9289896060275	41.3346016185072	127.847822569476	227.136929643003	-4.38827922519485	184.00897820623	385.226656635724	101.852565954256	874.487130856783
810.875	35.9972357122964	51.6989663070407	38.9979711986555	11.9546960519967	26.1563294054106	24.0990119263453	15.0905321176954	9.60431667077306	14.3686203038062	8.55206293505892	13.7835660148216	20.246714131759	17.9623907357136	17.5159163958288	19.3559145842546	26.1127112533979	29.6749834676874	33.74706866449	106.308172601426	901.71401715126	579.835670334994	39.4536010919581	35.6741884567831	27.5222437044935	4.63070431099387	39.2686628780426	42.8058697215513	31.8247135547271	29.3926919751167	53.7833358205176	44.9582264760148	32.7554768075492	40.3212177049089	53.7959514674132	53.8192994302774	49.2215160964806	60.1031940989374	55.7246410954899	58.2699747134238	47.0212519180815	50.379197618428	30.2859957665115	68.5284550394895	57.8914121824915	72.7419877912069	89.7551349430441	272.742021481548	289.083365000185	212.83154242195	254.545753185285	307.206067950008	601.856071547877	1702.94862324742
815.635	-15.186333816125	20.5792001804725	2.26732390689858	6.40430145642679	-0.736798011420018	6.10960865738333	3.06926076970075	3.12698682304239	10.335323376422	-1.47449360949292	9.18904400988105	-4.67231864579054	-1.2247084592532	1.99044504498054	5.03253779190619	12.2883347074813	34.1465563189827	25.2035069772773	314.7096563355	933.900404364238	152.280075037473	13.7628841018459	2.74416834282947	11.9854932261504	23.9954677933319	-5.3176314314016	12.1148687891183	7.65404503214956	26.1715750463368	9.16308684349559	15.7748163073736	16.5750605532177	20.3602188410926	10.1886271718586	24.5788926531975	-3.57974662519859	0.946506993684053	11.5465472540204	22.2485357996709	31.1586609095721	27.3140228051718	14.4846066709403	34.2642275197448	58.7304181561508	31.4559947205219	54.3254764128951	231.546611986939	86.0367157738646	87.765584503897	36.8017956412461	-121.907169821432	250.001752796811	-368.205107729172
820.397	40.4968901763334	31.1197661265682	1.81385912551886	5.55039459556989	29.1035214510907	6.10960865738333	-0.255771730808396	10.9444538806484	13.1082150139986	8.25716421316034	-0.656360286420075	25.3083926646988	4.08236153084399	7.96178017992217	17.033204834144	12.2883347074813	12.195198685351	51.6885482076366	688.895691174881	591.239174343001	47.3434848674195	17.8917493323996	18.7518170093347	37.7321083045476	21.8906021974256	13.9076514359734	16.9608163047656	20.9479127195672	33.4190881360916	29.0828408510947	26.4228173148508	26.441168025371	16.7672390456057	34.6413323843191	31.35927683339	23.2683530637908	38.8067867410462	30.1214276191837	40.2592552565474	50.9868996702089	20.6372616750187	39.503472738928	19.6837051709172	39.433280761987	47.1839920807828	126.365782090865	225.864486539407	3.44146863095459	100.930422179482	116.539019530613	-48.7628679285727	212.964456086172	943.525588556002
825.159	31.4975812482593	5.52124882890726	-3.17425346965801	8.96602203899751	18.7883492912105	16.2922897530222	11.2539561555694	2.90363062139651	2.01664846369209	2.65408849708725	20.3471688790223	10.1233570658795	13.0635568987008	3.58280108096498	21.29150604268	7.29619873256705	32.5205298276026	228.113097048578	835.479206700195	202.526651847812	6.83308029014302	15.1391725120304	11.4340347617895	43.0589941828367	25.6793602700569	17.1800400091436	10.0957239909319	12.8910232120414	41.8745200741389	39.0427178548943	20.1128907919013	25.6518794275988	5.98829965914488	23.6376150387119	31.35927683339	20.1360747667421	11.8313374210507	36.6477369366735	39.7295282136981	41.3560408436139	-5.46280456103436	21.068518794095	18.9546790534758	29.3652090780754	72.7419877912069	178.329281268417	198.874390663629	5.16220294643188	74.6007468283124	190.142610813105	146.288603785718	509.262829771281	621.346119292977
