Wavelength	500	495	490	485	480	475	470	465	460	455	450	445	440	435	430	425	420	415	410	405	400	395	390	385	380	375	370	365	360	355	350	345	340	335	330	325	320	315	310	305	300	295	290	285	280	275	270	265	260	255	250	245	240
248.336	1.12435950253203	-30.5983696740244	-9.96556140021186	-31.1417769206758	-10.2990482052234	-21.6779210086132	1.78751936390504	-5.13430075241763	-10.3319826636438	-8.84653108788187	-18.3687901460077	-23.749726490414	-20.8089212845094	-29.4511508581625	-20.1140275395645	-20.3477316456567	-21.9385933134636	-9.82350458035288	-12.1731822529499	-23.7730129930678	-20.0077560151853	-21.5518108478575	-33.3939903988433	-4.43829417740456	-20.6259789094924	-8.17937704232177	-18.1688017595159	-11.6779202736998	-8.45530583479148	-11.5468396323625	-1.97235219134874	6.3165996880367	6.78754324205698	13.8621253715411	23.3200527403113	57.7444274751432	66.24518031941	75.3143414706092	92.730820295245	119.567372136555	125.066550372041	167.983188527144	671.480177405433	1294.85283442803	1611.94412513103	1575.69830453702	1542.77397981938	1367.13573080374	1349.45603479789	3420.17743255316	77276.3094757775	254040.33994449	88867.7646368315
252.814	14.139827782457	6.00783613163311	4.34028953460539	-2.55470148116839	-9.69195449872324	1.62273376559433	5.19937644935265	3.74309742164434	6.0364197856629	2.82547433318552	-0.392863925481727	13.0567904776507	3.90948007866094	5.72007104416161	-3.24297322484212	14.2544823893815	-4.37932476707576	-6.13860216487527	0	23.1343458360085	2.92236297254359	-4.9428569798874	7.12259804806639	-2.65788211718402	21.1747068201053	22.5318935309389	18.3758313098339	22.1857934781948	8.68024848234666	32.9051483575853	7.55934334572136	21.7505793705295	37.2999214235117	57.1329163603959	75.1585132286371	104.009192726896	119.013210762578	132.90102299895	185.318395128234	185.964659006005	247.957903653777	729.033084162302	1501.06351537514	2023.24225610131	2029.51854178325	1898.53837604878	1864.80171796061	1851.89813535243	3553.12054520568	71638.6067171847	279268.851800782	115235.99740623	5073.69551614022
257.296	14.656208088774	-9.51069331575724	1.07357608049269	17.1879146693569	15.6915304149155	-0.401385239823244	8.77555223555601	-1.85171971906089	3.8821016868298	3.8438654835878	5.83052319329648	-3.22961356219405	3.38455186722499	-0.471622257975244	11.459335854736	2.27475107378546	7.22154329591165	16.1961703843671	10.541638518008	1.7607106359973	27.1791660273007	8.69420015410965	4.33669807758969	22.0896643889124	15.4633621019346	30.5319487431297	28.2286121569294	7.15784862668839	29.104731952091	16.0423429349948	3.27217291314594	46.3150683286694	36.9047300879477	71.5049921576791	96.9723433290518	116.168458611468	115.509369662516	140.417801682373	178.959457892258	239.058378649707	610.808938247511	1330.20621640102	1940.47057191033	2085.33896806933	1977.73256339085	1856.02791940842	1865.24542432969	3217.70753490153	54687.4835573424	228676.316144704	125937.489868389	5195.48468293125	4610.70566288624
261.781	-17.576243174907	-15.0794661432491	-15.2515725657226	-5.64274883829185	3.98069657000423	-3.66570633876819	-6.75542849726814	5.10016909570156	5.15141145140782	2.12755359562255	19.3270740770466	24.3449914719317	8.83139687451235	8.61431128521484	11.6282192304491	-0.461655099666961	-10.7476917988597	0.513589482602114	23.082993992463	-0.595553108728616	5.28122342667148	2.2055830003361	-11.5516030886991	4.80326004486223	-13.1604076779945	17.2121761688704	10.6810502683973	22.2742374649033	13.5564370954703	19.6302801958319	29.8835726857987	17.0900517677483	56.6530376384032	94.620604860841	109.108382554234	81.2783394776865	114.366758992894	146.109782958016	192.428990468227	524.684772093423	1211.87979403086	1890.84341151025	2190.87362970832	2072.68082963405	1882.77930984731	1918.89005815646	3136.33657532466	43119.577933343	166145.248666209	136853.866256398	6785.23657006831	3622.44709996198	22285.9082106803
266.271	27.5023993641034	6.7483334088767	-10.5261143406519	-1.04348429904142	9.44699636234016	13.6705815257012	8.43241307781273	10.3746262308834	21.2659259187602	12.983436191964	19.2561365430049	21.9039279899285	11.9763926712256	22.3904991874119	-7.56921904245748	-0.939086335522196	-5.96254483290523	-4.17891941865255	8.01667367643842	-1.21145804928457	7.16194804072667	7.85144040041425	0.559475214794144	14.1131782400301	3.0889091384843	38.0136190938713	13.8263389001078	24.6248110197007	24.6215519750611	21.9135653816611	16.4032073020536	49.2491724703558	78.130223117632	106.210120755354	134.826599317644	102.375814457978	145.256430009432	199.574559263588	513.270883181035	1230.8597902404	1901.59892453029	2176.93959497783	2186.39902992676	2001.35666079056	1969.04402746041	2863.2303054052	33577.6153184438	132617.732418278	146264.666630531	9081.82753686206	3036.03871804656	14181.882700379	30635.236733053
270.764	13.7593221389776	6.75231946454476	-10.5323318280207	-5.22050328314843	3.60098150258384	6.63207581269854	-10.312370289472	2.73177743115155	-5.55090968311346	-1.08259209600249	-9.63375530766096	-27.6343093549272	3.49517781616285	-9.74074984429322	-9.46711246597551	2.81892308428046	-11.4349612608453	-13.0668368495873	-9.16732446394882	-19.394777989845	-3.58308920361321	-12.3452654775397	12.8755306739527	-1.62940552012771	-2.57561139374083	12.5118660188333	11.3640582861914	36.4662472070083	8.86899429046208	11.2068824413552	35.7221859063166	69.5693119162014	81.5965887968552	101.782453790838	129.717536246314	132.564604178344	158.081388517436	396.312693553551	1147.76020589329	1840.44562759364	2228.88185894458	2133.08088457175	2165.38531202905	2044.64346944422	2724.37060678922	24075.7482956788	109392.500216859	132588.604516977	11551.6992664474	2794.03961331804	9370.13020828974	27427.6959167188	10142.646660037
275.26	2.02028377456719	-12.0175066211754	-8.13928526174698	3.06610978985429	12.7777085983619	-2.84021762195468	-0.305892365046983	6.68512295898904	13.5840179886887	-10.9503845129784	2.35754340943429	-5.13023648366374	21.5054230306041	-7.15118036476387	8.34034708127022	-4.59892210725813	-4.37999333133478	14.3255917164882	31.9684480991456	15.4252517417459	29.8126529374257	28.0137989255803	16.9872498257191	-2.65828787950647	2.01694661245927	14.2070579720054	17.4113399687159	28.9424092763735	13.5046701095663	39.1106389291094	62.8466345014001	76.1386496364374	80.3505570439226	98.6547946530977	112.2470754977	156.573818451654	324.785621940661	944.884078826922	1821.09467009268	2265.17811955221	2070.51003689572	1953.85442383052	1958.92929984744	2623.68030515333	17345.3779765283	88988.8247903296	107026.349734979	15172.2075228533	3438.01122428559	6266.62757990651	22836.8249095236	14167.9750043372	1020.40974548604
279.76	26.1894845024623	25.7047206521047	-7.91338157195178	28.319601945289	2.14190805293235	7.49519638001465	5.65064567805007	-4.67969699213485	11.446064236045	10.3030253359749	12.9886257213335	-15.4169851584222	-2.37597110851123	8.80675493266028	6.75738581195351	10.2839445790841	14.667917928139	16.4151295892236	18.539646668247	-0.576812615275535	21.5968236686075	-4.2723581826213	6.92596942375646	8.78732655058562	30.885227062519	24.2913789098841	38.5584337720793	14.0695602162973	60.9600252649078	69.0944500518026	65.6965040597173	109.888699228504	108.345622417049	110.161705255057	143.698285850673	268.484586528629	789.703751381694	1525.05592840948	2351.88867801388	2133.67217406816	1936.67944335513	1869.70430917428	2425.91492522289	14153.8565158976	72065.6194066933	86604.2542176415	19377.391050785	3782.02660595394	5052.21766645115	18652.8676015998	18369.0165269448	3055.0574444499	1260.22058467343
284.264	-14.9551248425013	8.33994743450862	-16.0669213900223	-2.36425401725175	2.44621098439342	-2.25264371543039	-5.66091081514731	-9.15500940713424	-6.14505953693611	2.94169650686465	-7.63511217999608	0.431551250658422	-14.0198926143461	-12.3518549771454	-2.57247136516975	-10.6385819285645	7.65539388828457	3.3139065545489	3.63272412664516	-7.13657681500219	9.7362257058537	-4.06611350616545	-7.09867176912174	3.44363986436644	22.3956323139187	-2.26654235378641	19.6911033272128	30.3514904693783	61.1412333954127	57.8149339723364	76.516679170092	87.9555059879547	88.511007805449	125.631719316927	197.387538493757	638.56118800114	1356.30815650202	2041.358836506	2173.15838048563	1851.66027878915	1793.39009254638	2093.42272838134	9748.38103641928	58550.8392662713	68577.9935815813	22433.9087450009	3382.28624431612	4206.35888492403	13726.9556708131	20544.7010902542	5097.64308000485	1633.58565766172	1199.38444321735
288.772	25.9204372398562	22.6022334088146	10.4427821210214	25.4806106977629	30.449530349023	-4.61418980655566	15.7877112384291	5.84800755627599	18.4846954551478	19.7763516103911	26.4665722506599	23.2550930101457	13.6818182599187	3.33637597521015	24.3198781595328	28.9659032560067	40.8696292831612	34.4622627108337	22.0778987666588	10.3797629103607	32.7272073219942	32.6745239744629	47.4564338925616	19.0684059443815	38.8164316883585	35.998463650498	30.4621615268954	62.4516146253445	77.6322720761839	103.056772492203	111.193958219535	98.0451613461973	117.148347563803	188.837230466586	533.16610537848	1182.98680176352	1899.5592770063	2026.16304631697	1896.78611818661	1755.88472698092	1808.69466734933	6325.94145324518	48184.1230221485	55460.6401934371	25947.7957117184	2867.85850084575	3566.75880183563	9696.2374267344	20093.6952407388	8124.92594517595	2769.92406705994	2505.96695032854	2895.02717813681
293.283	-20.3285053010367	-5.54228538630169	13.1948614362358	6.42746226846753	4.43351368287015	-5.78381408288342	3.59094289119151	-2.9149060969699	-4.04993023724865	9.77447501255822	4.94210003847687	-9.38572373451234	3.68849881485367	-4.79710853111597	-1.55411601439056	-10.7975670760305	0.408077608331053	-2.57405376497087	-13.167901071761	-4.47726961033963	-5.88197967684271	1.3817673010959	-4.59486975387561	16.9405469779331	27.4827124253512	23.8257167080334	30.0105005974935	57.8404007151844	64.7079671647288	73.9885663493559	95.0940735877951	80.4983831306444	121.115124105691	420.98998797798	1006.797337887	1691.92978283922	1943.43987399097	1752.03987319971	1681.37051148135	1668.86782828402	4158.36291225414	41640.0382046781	46084.942036758	28181.0766767627	2466.18877838991	2776.26452090508	6245.63750672917	18035.1559317998	10638.7026456211	3142.95332918627	2273.00220827574	1936.56584478281	1572.51070897883
297.797	-11.4800061917275	-23.413013641007	-23.7859486416523	-11.2003584537545	-10.7302031120653	-21.7384822780093	-7.20109170372941	-9.76817903858025	-23.7694523066313	-8.60241988231114	-17.5429588077989	-17.0368350977749	-19.0444422096056	-23.6073921412939	-7.14655805873689	-16.0530003757939	-3.95059624134809	6.64517201062871	-29.5931885626952	-17.3377653005264	-25.6245303537366	-23.6324858734576	-2.22414496759386	8.20006536147778	0.409322971125265	-0.397683764375009	27.090092742923	54.8205227204547	54.813267333578	77.8231530012351	75.9499131212227	89.8311289759363	317.200142027473	859.920071283125	1529.63698889274	1889.11209030276	1712.57755645324	1618.51819242924	1565.90128859467	3181.66636747391	37105.1140918551	40261.0837001503	33716.6779240287	1913.57267724434	2106.5188728617	3972.9713080584	14555.8338244492	12965.9428901835	3601.66814606903	2592.69436392983	1987.08196225002	1306.94350915027	694.010871864817
302.315	-21.4664990130645	-11.9711119270031	-9.51322568451305	-6.10854557968795	-12.2894694509993	-20.0472762708882	-9.50699690682853	-12.9989817564484	-9.38189243867825	-14.6379792567069	0.939376758149726	-7.43335379188689	-21.0329011887275	-3.79923870534812	-8.1235228810766	-12.8272691224596	-22.8819514481479	4.07722469904151	-7.15116484555328	-14.1837241226011	-3.72675243136652	-0.437735671649414	9.17045286600161	14.4052577062283	23.3062560439569	30.4516525347626	48.9489662024701	78.0350254637597	76.4872652170572	85.9012741969325	113.722771717089	267.576365897934	759.621095721344	1413.1985549935	1861.06626205403	1730.19151027096	1617.99756196898	1485.84719357806	2624.79719959047	33994.3121462542	36420.8418114207	39518.6107491693	1687.76252536771	1621.40319458639	2510.83558603897	10131.2107585367	14505.0725372458	4482.31423731881	2741.8854128156	2372.63715517268	2085.73041383004	2097.08272108039	747.243075036743
306.837	-4.28139232946483	-14.803008438363	-21.1297816469783	6.90381732241596	-3.15138460882771	-2.57957098341353	-2.91711668839967	-0.425014067604586	2.63883562082748	-3.93006406161529	-8.11868542650841	-24.462033335866	-10.4872832035868	-6.06192241817686	-18.0431191662796	3.65476933519637	11.2158671418395	-4.0659165105025	6.23991469466559	-24.0454554238551	5.57462441724537	12.2226051118503	-3.91929368650757	7.18265235168006	22.4401810712007	36.5963630037132	71.874563422503	90.0855658822647	100.039237808168	112.574862771354	209.540753931775	677.232823831425	1316.24283531016	1811.37573982774	1728.7601931311	1599.25889345941	1457.20407326828	2129.86191020054	31631.1507261705	33826.663863361	36241.2267168443	1829.9143725432	1255.54410642481	1690.40196825554	6532.89714782891	14183.7120351899	5831.37637555323	2675.04521188872	2379.17938843883	2088.89834293541	1977.80544998387	1808.90136762064	2147.84465703688
311.362	-23.5179014288254	-33.3839085874646	-15.0736290375284	-15.0069675543607	-14.3381660792702	-17.0680621393497	-18.9372977699614	-7.00387036175088	-17.9693250886483	-15.4200269607806	-8.10842611677948	-18.5084253689676	-27.9307487373514	6.43265355635736	-23.5367427701662	-17.1557093526855	-7.72530622602769	-15.0248806296407	-15.1349288447878	3.76706980243508	-1.85585998395098	-13.9510397906702	-12.6128765777506	18.1449272144178	40.0211145876441	37.7166105194287	55.661187183555	78.4859752995255	85.7489350025837	183.980627514564	580.196983540801	1179.71864450388	1764.41401045871	1728.84657658082	1586.6919515702	1413.38323413751	1834.61171589744	25557.552268515	31595.713689979	33788.767148128	2467.0568587039	1097.31276686306	1212.36688679854	4023.59392856996	12083.950502716	7406.32436358685	2523.01621934009	2195.28343144778	1975.62399981552	1856.0709138108	1539.44048442763	1410.04138130627	809.896208420749
315.89	-17.6206212476962	0.952863135453592	14.1979324518333	-4.05184297666976	-3.14422521572631	-5.79084896379855	-2.9104895109246	-3.18036382640515	-10.7707117464387	1.68048670515936	6.85405024376562	-10.7240505562285	1.93767739547059	7.1821790674709	-5.8782459964621	-8.751519216688	1.92937701015077	1.62267178452909	-5.78104308127803	-5.17449239278087	9.2699330805297	7.40400848019507	15.6415589546693	36.6747713178235	54.7735808115032	69.9189366747517	80.9148633762762	106.32720094888	163.676327724815	519.6177120404	1068.17831518416	1737.23171544393	1765.66674292712	1615.57558873661	1424.00387935079	1670.45382608762	17990.0789369847	29942.9890117427	31600.5600633253	3304.15140603302	995.283534728486	1011.73724333262	2292.7928797391	9759.89965365007	8868.73785987531	2852.95995366006	2426.01926325452	2328.80539287464	2129.93621157375	1868.7514722379	1737.07061874485	1267.7562340553	1749.35929036112
320.422	-14.4399489472165	16.7017966302846	-9.04951028147802	5.27582736480452	-3.14925816184656	1.2889151883939	-3.64393539678852	-8.91927293439001	-6.23303914868413	3.36635330422744	-3.12046431313389	-11.1116032677625	-5.04602546843467	0.757229004928789	-4.04776300255543	4.74799418775476	3.09194456738321	1.62526918741916	18.7071126383827	7.53858207675322	11.1417257011798	28.3547589795962	44.388689580585	67.9780426206433	61.268410675378	59.5262272422081	94.4877645412913	160.512265912735	465.385661713068	987.111569823403	1657.18205532529	1783.2029615493	1594.53044887961	1434.31488926695	1495.66130811538	13040.9425036972	28248.4328233663	29974.6783848997	4908.88115285329	972.508614237149	911.397103984038	1346.12878663614	6855.4031171869	9526.44404590898	3418.52702368383	2626.04790976195	2579.91325156674	2476.67840438053	2310.77648564805	2052.50297925526	2013.58771854576	1631.32168185723	1686.45350078016
324.958	6.07046873415598	8.86329694853086	0	-4.18769334403562	-6.49928987073835	3.99000319963802	0.501345421616924	1.3147980811828	0.49474811723725	5.78943378807856	-1.93195994676346	-1.91096672227849	10.8142772078193	1.56273336406225	7.59416510453617	4.89934278882764	-9.17270013332265	-12.1588067610129	14.2477672685631	23.3366530845681	32.5745017186836	43.6628405074203	43.5583614672432	57.5101311840142	59.089303274825	96.3509090952185	133.566644574849	432.057961692276	1002.73191038842	1667.79290356185	1847.86074677782	1672.62718226013	1476.04074543632	1444.81569150086	8878.35276534748	27556.5829382932	29129.3802507184	7004.31075608441	976.348060640218	854.984888907464	966.672008512905	4306.7951134667	9499.41810755636	4082.63097155733	2400.55054199633	2641.34603340493	2692.83098887817	2518.44077604655	2362.89592910183	2256.31665045844	1800.09869444999	1619.6289471324	1785.41173609616
329.496	13.475156872423	-5.00974754680232	22.6202021534775	7.24297255652618	5.14297584126411	-4.05944153095083	15.0470760445578	-1.11473301075133	4.27854518125852	12.9584130450638	13.1038799580189	-9.72111711262042	-1.22249765582531	0	8.4989596357099	1.5337250543586	-4.46328985652039	4.69222349898877	10.7548907043581	16.8178043740792	31.1919042515408	67.3210114948252	42.4889301037011	60.7273095689682	80.7173893539187	106.196687292115	347.590923545028	990.154454671579	1670.01105625494	1891.67130810466	1686.18654947258	1501.04474258083	1420.38145116812	6546.81876701727	26545.9726212943	28025.4227739248	10131.1304288228	896.103896121664	817.639616154856	806.477921534436	2476.32175612569	8387.16300908483	4897.53804449244	2081.03121376346	2260.723572558	2552.8299335993	2519.78119644392	2414.38001937548	2237.46760008932	1946.65480966	1943.45466493632	1601.52852225086	2736.22182028713
334.038	-26.5581486786891	-9.57958717934915	-2.27653238978344	-11.1485559598858	-17.0067619246255	-18.0442263346333	-2.05337108924707	-9.42383123582612	-9.37187045943383	-11.2631557788538	-12.858250240211	-4.6960721899698	-21.3259052732244	-5.60045519547344	1.94397395491458	-3.47302078206633	2.04178384324927	-4.29302439999666	21.1771752638336	-11.9475531982257	31.3920184469881	37.3332388293713	67.1309904062321	56.2097133584348	88.0048415155005	265.96179421337	715.469007354794	1744.89891182222	1987.89355314171	1726.11344484131	1484.08587150073	1336.07620410572	4623.58243896002	25627.0608675208	26651.0751479935	13547.3972521645	852.768758356272	757.516081762855	753.113102158158	1440.46861179942	6466.68380223891	6044.02166366284	1813.73364989145	1924.84102633458	2191.25246891767	2576.33131813712	2531.66336303809	2435.06169972061	2203.30110966913	1891.37460892306	1553.95390681047	1490.68509463832	995.062014844257
338.584	-3.3824959009103	6.03615700878406	0.454244751501091	-5.13348863485523	-6.63930154882364	-16.3038331571806	2.04858284547247	-6.04405019576089	3.53784398675295	-0.295707665610206	-2.63143921298481	8.19896253275391	7.36482998843136	-10.7756913743959	-6.20621060372449	15.0146622845055	7.33328143093575	15.4188486793733	27.2313767878032	22.8460778097543	45.0207974059266	54.259869597416	41.7443477576878	82.3376831649478	221.609626752278	644.69396353224	1312.21087647855	2206.02047063129	1842.34654640496	1539.21876114626	1303.01341514459	3262.92289782418	25003.053578705	25531.7315130894	18444.0888012142	826.838755962526	710.327912660168	671.665564605857	946.369645307465	4544.31214093525	6788.88725312917	1954.04535230645	1399.34992644446	1853.03076568919	2195.9990696309	2436.47724308333	2330.59392008681	2229.09307854621	2030.9356107233	1757.88840195142	1785.0805728946	1710.29032121852	2562.65864093392
343.133	14.0808039176963	12.5637910210391	0.907656092623186	3.84658453986592	7.7387460855753	9.50184474203911	10.7451936953121	2.68378028275336	7.82661100023471	8.27221908047019	15.7741514424134	7.41130389444033	8.58441943399891	1.59493425252725	1.93766165155117	0.769276331259158	25.64293964542	25.2465983380595	27.6754716491614	41.6806534945595	67.9581533844597	73.9646195833293	84.3287230228318	201.431102453325	580.717177585731	1178.80599943416	1743.82957318196	1961.12543432795	1559.49547516712	1329.17563627646	2429.74425818983	24737.8110509079	25018.5182295816	22573.4326588478	854.262126499379	694.230306618683	667.958509706159	711.292249606895	2806.77504357123	6742.37123461139	2760.87266317274	1029.5856512693	1364.46588358143	1760.52990332459	2003.93113225217	2207.03041064472	2183.28325016938	2158.04593346983	1787.25455555377	1777.76867397203	1387.6652495829	1309.40061674804	668.909235843284
347.685	19.2287792414415	15.6432772863077	5.46837050208124	11.5872903859287	8.88071430019771	10.903984643736	11.3032410417284	0	7.85885187734057	16.3159377696932	6.59963806348983	8.61686037342129	6.97791877886104	10.8101547782617	-3.50215855029422	23.5595810968268	-4.08707507309412	28.358297150649	44.2747611767668	59.2908326182465	48.6012364368403	70.5789083913056	205.247517979352	526.41406821661	1081.10257443387	1644.04351926068	1635.25370030001	1582.33102859676	1337.47198080205	2009.98765785518	24830.8791738543	24850.836150615	25132.8258581589	931.873216880548	669.248458901762	654.310035235633	652.145370287909	1766.36175862101	5924.53190704634	3749.34727945296	1018.1391747497	1007.31853543777	1377.4211641325	1735.70211824008	2004.27579576334	2080.65934629228	2025.06947771329	1924.43296615666	1697.49131631298	1664.85264216428	1452.25686472018	1566.56372022107	1598.09885238022
352.24	13.1870110987705	19.9515387467866	14.3213552878966	0.870149473185192	22.5078310519702	9.32705969386892	10.6777539359044	15.0259085380157	10.7942491752849	3.60891236311184	12.0431019545791	16.2800588659071	22.0545701431997	21.1065490268735	9.46782615934158	14.095677966456	30.2469239552532	40.9458419969333	60.1651020949022	60.1081398811546	97.5470037248616	158.068723372346	448.811386461506	1023.43433658228	1610.73707704837	1637.92673027522	1484.02730441188	1342.12477275658	1774.34321128857	25464.2812646643	25227.8795588149	25248.155611167	1132.01405907428	641.593814086927	647.771727279858	632.285874362022	1084.35793036137	4600.95347985358	4799.9880745311	1210.18075736617	811.745667093965	982.908979866508	1307.92470293233	1678.32249689674	1834.42754146195	1888.88985099741	1941.42498882461	1903.54764022795	1774.59865508333	1712.80663876271	1596.62343181979	1871.75806185061	3028.93531266587
356.799	51.5966627135633	27.4157877024369	17.2837198836315	28.1550893441298	16.6896851037608	24.1014489587963	3.16002390328415	8.97789418399531	19.2303831979069	20.6784066936454	11.50079465378	12.8479891862282	31.5570981971788	27.4980412973024	41.8833491709586	32.0687149402395	30.5839999544828	38.3190095526311	68.560744853138	97.5512332563168	154.493178414734	430.312248115369	944.89339614615	1552.48829596583	1625.214677951	1483.26588270707	1322.77931186113	1590.45977115393	22525.4865600883	25780.0858087824	25540.7522812111	1580.02304466068	629.546161134636	618.89236054955	638.812581887333	788.432725747351	3140.98720018608	5339.83513218321	1776.47634506541	805.259492864577	847.713348292314	1010.16662360379	1309.71898707243	1636.44879692277	1670.39718585617	1802.74940172807	1806.30865735293	1708.13664641658	1712.91538509444	1564.39366263969	1634.53376788091	2131.5840164555	3347.59160986301
361.361	4.67020292265521	16.6682112439175	10.3483792044181	12.4036392280818	-1.52781094227691	-4.22074842208176	0.795507970043554	-2.54986224894635	7.3270374055968	1.53106039664306	0	14.9589484941896	8.47383400316276	28.5161050933372	23.6983589726135	23.1227077737559	35.4376462858901	43.9080728237407	52.5079541048878	98.2306285244574	330.394407127267	836.143822799646	1474.95111875372	1620.9104351746	1431.09257896262	1268.9408863645	1377.27197901928	18911.0938044512	26241.6540175552	25950.5349721021	2196.81165921773	587.052517918018	582.519646839466	602.03406676894	648.985341492105	2006.1914294084	5113.05704118901	2554.25603846151	847.928547139441	789.68394808062	858.030333014367	987.103146740839	1240.86085757477	1494.47679266187	1607.52323582247	1659.53188105818	1621.21546527321	1510.83976120452	1553.95545012587	1489.36402969151	1625.66002752393	1222.40599647028	2127.7349307193
365.926	-45.673510962791	-22.4662973994124	-21.231769858172	-22.6613250942408	-14.5585208219931	-8.82007463057827	-9.57524316279658	-6.51037636529841	-4.72462031427729	-3.68576460496868	-12.6412158038499	-25.548412685151	-4.67483914746933	-18.2397055400515	-20.5475700003607	12.3964239764062	4.23164876688485	25.8024654562223	30.2354934987692	253.806470008394	708.043985848113	1358.82264336901	1558.54949134676	1398.87723962163	1216.24072624023	1223.8281946828	14090.6475657345	26276.6087608448	26273.1311040676	3014.21794244234	502.499362844028	559.238260292253	576.396737642708	624.256158985034	1209.19092285542	4275.94055253668	3487.94832641759	983.193206483673	806.915431965159	807.441230785932	884.047739431424	946.203394969495	1196.80770149462	1402.01753524749	1459.89041438804	1513.27182203174	1574.37688199438	1423.98767288764	1401.00180349722	1203.4287661159	1376.6324933201	984.772592153926	503.58274634739
370.495	-15.6816470451372	-17.1015353985662	-18.2514094049069	-9.69607400639819	-12.1602288832013	-8.39849772158889	-1.84673026521165	-11.0699948212222	-2.34312270863528	-24.676836506755	-15.9273342811396	-20.5140620662096	2.52920104867031	-0.822343488265776	2.39772658579333	15.0721927665991	15.1102006002457	39.2718476374321	172.683842509359	574.101337727199	1255.35508092336	1507.43569795024	1371.02665481352	1182.09317310288	1144.17393213737	11019.2118112393	26179.1980666703	26110.1925412132	4444.23092587535	502.265689386562	515.126922207235	533.486983305504	579.552420273019	879.49649131776	3160.06261723166	4106.17199804226	1336.03733398423	808.695917668409	845.251714650061	862.93964986803	905.092556864495	1010.65936639669	1199.13848462957	1349.01503487387	1456.1563171006	1452.16816276232	1430.96762291082	1520.93256171231	1439.49466916825	1405.78894621792	1168.94701422637	1417.27984914494	332.994989411188
375.067	3.47280450151617	7.74664398939931	17.7221566655512	19.7645499379721	18.5561991972025	23.3650300830999	10.2534781083278	8.27389215621491	12.7130506849775	11.2333001626228	32.758057901876	18.8399836604853	12.6024369213291	47.9413543437397	39.8244313396128	33.5979627161173	47.6841181478164	168.858810915379	482.52380078875	1055.52183602818	1443.45762295815	1350.22401580308	1186.86107034445	1156.08693210051	9231.06861503128	26427.8389794378	26090.6676152505	6365.23796366534	505.321315686833	496.025944758773	551.528702657547	583.675814656752	694.300093856341	2256.22943240314	4405.52801204149	1951.76565045358	919.28894486415	880.349168469376	888.711957432477	980.151924949465	1021.98752400356	1083.81785494255	1283.58183689648	1426.44636078984	1428.87658267634	1493.37711337703	1510.86857455457	1519.23808798276	1459.38550502119	1552.39927618231	1636.91306860153	1870.47170595182	2322.93422934139
379.641	1.11513805098428	-28.8549207778156	-8.08676893385499	-10.5775230013616	-9.12016107575521	-8.73442749156465	-1.26632785476835	-0.44279927884929	7.74791676280381	-7.01918090297377	11.386336396538	8.88137185567523	-7.68876226287387	5.52614182642313	0.383635808404052	39.9809280869646	95.8992951567156	354.98179004377	869.280747386205	1280.09099417577	1220.14322328019	1103.77137159655	1026.26968132691	7321.22916983457	26169.6932299341	25425.5510938194	6881.95804218435	452.102985953987	431.677249344768	471.117265365399	527.776261833565	592.806132221342	1459.62891939205	3997.96400729863	2636.68239896181	955.40184785996	853.185704925919	894.865864058062	951.235540483206	966.678626772193	982.090143317504	1030.3405063252	1194.55747362872	1320.02181701555	1314.07292848832	1358.93494864807	1417.40480750521	1357.63085810136	1397.14696796408	1489.37466821408	1383.38672273065	1700.73384476902	1758.21150316633
384.219	12.7264190687392	0	3.56674663715008	10.0770857916968	8.6886736698799	5.33409594477634	8.54544763345699	10.9856727584723	11.6573773542754	7.54619956494873	15.1737725036944	24.9083706216379	20.4810752091532	2.35030912089576	32.7414065898174	86.1545391596463	252.317609777822	670.085342144433	1123.94681642824	1168.9484356696	1037.46024125677	1000.13551601733	5945.93196769518	27426.3649682737	26011.8149454816	8843.88815526241	434.347293321969	390.397406195817	450.978121527521	532.191692842762	550.546338265337	965.201856050733	3287.64361466572	3332.27957251502	1196.87603382232	935.348703544331	940.764249850522	975.521302090053	1017.00678239387	1030.70736884705	1037.9512451501	1082.14426378329	1214.88091437512	1319.05403528804	1366.94639053358	1341.60983077524	1462.5386430347	1391.35346414471	1570.07796971832	1565.50689699924	1718.46361472168	1769.88928632123	1586.20084347033
388.801	-15.5115983071241	-9.06787251727777	-16.8084260650382	-14.2060037926947	-19.5979406998009	-8.37904178350721	-2.91552865264825	-1.91152213267065	2.87716262970314	-8.97811335336528	-3.4329585791981	6.66783178961676	20.9631481593341	10.6025891931451	55.2039696598011	199.076495399977	506.758523412281	907.018528548351	980.0242219702	959.409725747928	912.812108104841	4263.80328907454	27320.8858395399	26507.2945099656	10348.9038334476	436.582619320101	343.811311141368	396.543842453072	449.356875421674	536.428375020833	708.973125794898	2304.41817369494	3635.83659831674	1515.57582504525	929.060785491989	922.065181657036	946.329362016958	966.897160589921	1022.43888068146	1030.32507368803	1032.82042498693	1079.29990741474	1231.27560895723	1279.88621274363	1283.05005542839	1351.96739552259	1334.05269832757	1341.70916373957	1432.15852481228	1554.15741260941	1712.23688501489	1516.88614651688	2037.15114656078
393.385	-9.21268217056683	6.39344410127919	-3.71158988435265	1.55352735588634	-8.03690224230289	-7.09257400514127	1.39489767381049	0	-3.21193118669505	6.98012959269535	2.09039785036028	29.4201751817068	23.7737531929358	38.0450565674923	136.636209934796	397.060648563748	741.596683855166	813.075796581883	846.541795317367	813.876635554347	3588.41772678512	26214.9695811739	26152.2408436871	12507.1171232454	421.167224008476	332.118808678806	351.406709517087	421.603039221061	475.431975170939	551.719295824565	1509.78655820735	3514.04542811799	1998.87571773753	928.331274390243	883.590455463605	914.088041940588	961.090325750664	1019.82200546663	1001.98433982799	1024.06877613855	1013.70518211123	1092.7288192628	1147.64334888097	1210.17463925697	1263.51155206267	1300.11546264163	1249.36113316524	1396.71314375413	1404.35638644031	1573.62747982497	1633.95590704156	1822.77608134795	1257.61174999475
397.972	-17.3401247172217	3.09439296931237	4.79037274690547	-4.88734339973779	-0.648302995998069	6.56703467869947	-0.450082040954604	1.77053677456573	-1.99871694730727	5.97707303667392	13.2971733545712	3.43113456500905	27.3276292443402	112.936778569896	306.794224500448	589.720862778605	685.992702567995	698.971540242438	712.164860496083	2292.76405570581	26974.3085919239	25346.7163300349	14704.885197692	444.327700792019	284.897529163568	293.37534331009	368.267247444255	445.369228357018	504.921541852713	1009.51777830556	2906.57584098878	2508.11456843507	976.065849910009	848.671800962125	890.803804661674	928.615228323251	983.284119280557	997.353943376873	1035.75387814028	1018.75410077624	1028.33900160818	1047.30010389439	1148.81488538614	1167.73847346488	1205.74187589522	1212.69653560542	1234.40697944931	1333.79467741702	1479.29242242106	1623.1845034948	1671.90926431963	1609.22357003312	2292.68488788311
402.562	-3.33429516634517	0	11.1303261392472	10.8435775004482	5.92138725089374	2.58292008080852	4.97635500839776	11.3484232006085	7.2595471937446	11.9928884581114	28.3480703034754	24.7412048249873	101.638331134949	252.233608044835	523.724963972019	591.702813885437	618.577186002141	606.879520704962	1555.45847775378	26301.5894944575	25915.1382995433	17027.7967021044	483.716438937835	293.319874892207	283.898018185061	333.346660261493	379.381476584647	458.902682326143	692.868398002877	2224.90124969367	2840.28547696543	1147.99885485216	839.307794021085	868.799772480322	915.730075533554	922.769607713133	996.284669913532	996.75750980842	1054.18042907021	1033.24497031338	1059.15885440235	1041.52112529355	1095.24960620078	1168.92622645375	1166.74265299094	1293.03581882612	1257.82312373263	1329.04691687749	1504.05233929138	1622.91309152624	1921.48892765953	1963.41451770992	3101.59351241628
407.156	-8.50258020709452	-6.32212014112494	7.61223377930348	0.358445854930823	9.88990389068618	5.69207592571197	4.2912690472687	8.44051635745139	7.19915894961294	28.9894948925277	38.0342314780736	91.2716736123421	216.327526131602	456.463688475691	543.419230557537	512.263795691547	523.652776508712	1078.41551065294	24635.0704251113	26059.4966142074	19306.3481752419	597.97173894526	292.50490148877	271.114988939285	332.467636643525	371.809538098781	406.418645333161	574.862421896756	1594.44851113991	2944.42292593633	1541.90352742307	823.982516273882	832.326046728275	884.182557430733	955.139236756529	987.684241199986	1005.09324412291	999.434916677715	1025.82094212663	1030.83976458473	1038.10527451629	1062.19352102012	1072.6616296832	1189.52233685118	1204.11146900853	1259.45279210025	1304.65497750526	1393.22241159738	1471.26040992949	1696.96502066103	1819.45003212141	2243.03838908054	2243.97479254876
411.752	28.8039725075732	7.04697730476791	8.23544874266149	6.34568534569228	17.0220783729282	3.3589566635598	9.07416495656445	7.01007338808483	11.6620080879128	16.3272128774912	57.7374538650163	174.708528683778	393.829036776424	512.745862946115	482.998364674018	461.306992254577	771.525955755255	18922.4786246353	24185.3222784721	23373.1817169657	712.988107408289	273.216342207074	252.904801582568	286.452500526796	343.3374214731	364.667597990688	450.43594514271	1107.81388056491	2696.79878988645	1955.82249211705	849.195510435099	815.948151369559	837.085182578927	900.607093480444	943.95204002926	966.966552213368	1024.50254463913	1012.00748246471	1027.74327029015	1003.07913042986	1008.95435813442	1038.69851228507	1107.40013611987	1102.64854633636	1182.64121454135	1235.76657151226	1269.06443518497	1401.56376565322	1550.36957839716	1795.62720578995	2071.58495254894	2052.87014436932	2397.2481701473
416.352	-8.68777631679801	-2.85592187491	-7.73710006839413	-1.04093021429386	7.1800940327964	6.33643993122525	7.47713198105429	-2.7234823086796	19.0617421848153	35.4971347656376	123.524569015551	318.887928057234	438.059550466208	422.759677766628	392.635996508332	585.804625399974	13848.8116650263	21743.544264854	23835.4028846369	957.931978112048	242.116391025645	214.080757060479	269.007002863053	299.622213192408	354.012713353223	395.172308357584	736.913403468323	2182.64109122322	2337.57955701751	943.377364643531	770.026258134848	821.37927904102	864.473271316232	927.851440135594	956.994973994384	977.926485604634	1004.87710958796	997.676451839747	1033.94189110934	1011.68330757499	1009.33346538715	1007.31040486611	1047.23487396717	1111.19100448606	1132.80671996501	1224.91866843895	1304.50651638485	1386.45620838163	1524.12759213009	1665.10159031142	1860.40202239031	1907.39894146372	1516.77723229568
420.954	-2.68803787107992	8.79427550039423	9.02460143740023	2.03976771376657	-3.22433886690825	4.31883459769806	8.13994818026636	6.22630579870231	16.6681284312614	102.223311081029	273.944598662722	386.284304821681	403.190239522284	387.253318635561	503.374040974088	10453.054193172	20313.709226501	21355.651738586	1273.05958879676	237.995768874744	219.721172319053	244.10198158836	298.929133956051	332.470312703685	371.678280590394	550.137954707059	1616.16569606012	2493.43160814749	1219.91921641039	757.084769252876	792.808830034695	837.491401211234	861.630932515959	908.441584429198	942.038260612281	939.247747571695	980.788887967075	986.307376824064	993.612196368235	1015.16227343847	983.603947679517	981.169128412918	1038.84323132824	1085.38031126514	1137.31740583442	1241.56930575243	1300.77278701578	1376.26161817465	1578.99337578244	1746.22184919201	2013.22735583216	2031.34090016865	2164.95010858153
425.56	6.15330284229134	-2.74518455947515	-8.85368675250606	7.0039797090125	11.2152438770509	1.85370555215093	9.38330057529984	23.2118718912677	75.0636784585591	202.880114213206	344.921181576526	347.920535533435	367.482722845211	436.8604347393	7727.56464749103	18820.6018354909	19916.2877756019	1634.20914406124	236.831852541136	200.188252582876	222.808845535494	276.404648183438	303.281811417757	349.769287189331	422.889276153865	1080.71701232059	2316.62487603209	1538.24681995791	747.616186172455	741.501354470566	783.345286346697	830.88990534875	903.685494654509	918.968453174331	948.727574598381	937.557987889564	974.421991239135	955.851541387722	1012.49365357862	972.898693333201	969.722277182201	984.733206606335	1025.43889178974	1113.37478970037	1111.93582313633	1245.75960130677	1344.99812419312	1456.5434600568	1609.13143000091	1931.18793483666	2005.60280778691	1768.21905754786	2429.94125927246
430.168	0	2.69304821692844	8.33811665965821	4.9078290309313	0.282108840848022	-5.97507180023896	13.3180077954173	49.6511261857142	156.166835408884	279.090176239755	289.0614595403	329.069786132578	387.729044200913	5717.5392068624	18667.353605342	18527.9422807626	2043.13864458909	211.94371064612	180.983486207678	197.905721790444	229.805561131192	278.892434323593	308.39829605726	375.46480521411	776.445910605908	1957.27775000183	1755.48800559272	825.860220709463	719.521182883801	741.160984530609	794.184500991053	832.368714957726	866.61811019482	901.202771659668	916.726005681801	916.318764455221	939.221790329138	954.257018850657	954.249151337097	957.029182096716	969.465397922265	957.44203645125	1028.33101007193	1093.51690554803	1125.49502690627	1197.64010375359	1310.73755983452	1476.42221781331	1588.66839324453	1744.07832435796	1960.03151098238	1912.36639012219	1783.42956604371
434.779	14.1939195079795	14.9673963195874	-2.772568435147	1.63193829154413	10.1310570154418	19.6953837397208	53.7277443674035	132.021955698683	234.640831754859	279.535042544175	289.608652929198	354.775595870395	4355.72231239363	19160.5060006847	18622.2486064308	2519.35136355455	201.731126466931	173.518720345323	184.122598060082	207.273373491201	264.712201792199	290.138003023716	354.892328867666	563.346589950921	1568.73583751022	1975.95380231343	941.855755682051	718.162924552144	720.532288539699	771.333221260699	798.578294149746	841.506903429084	865.718569410653	915.217285605493	910.913506125763	934.624377282345	913.752968048186	930.40869848893	957.994407226949	941.679788533518	928.538560857084	958.122316964252	1015.21529812222	1088.91387793704	1121.9878604609	1257.9682283636	1389.0456963698	1516.28086495506	1823.1678275301	1845.32291149171	2119.41334433436	2099.16267515286	1919.97975154207
439.393	20.0810705961488	13.3429021937439	7.91809540864496	15.2381482048969	12.5795579261739	48.1385570264145	118.967133003144	212.238703709328	227.33397040951	241.144760736586	313.857175207305	3060.18101784188	19549.2485731621	19068.7062300729	3391.582575569	192.574098406644	169.512281077516	181.45303215025	209.940677233329	229.231390579372	262.579967170037	317.82975500289	429.364586452547	1158.99895859823	1991.14037723065	1152.50750986469	664.025618418775	711.548113002225	736.852081718678	779.212975155668	834.636742793165	849.709408135729	866.937390833572	890.226129397724	885.195717507637	902.210121955038	914.505700696429	902.84868597358	945.17657237316	934.983309967459	930.665586073087	951.246445447597	1032.84055003474	1072.10175057033	1107.79931616334	1212.7921943326	1397.07770650785	1580.78159865298	1695.97084819002	1826.0569212856	2172.028660302	2099.28428871709	1854.71260151184
444.01	11.828050326797	26.0074322813039	12.9342907263735	30.7731317112908	39.5234666772956	107.151852719757	215.098935479939	214.537861164461	214.919393811147	264.567207542106	1941.48171377404	18451.7867904034	19336.9975176444	4535.76108591162	192.4126493937	166.166146541037	155.691580401116	193.203522651424	225.511523565842	277.999186797436	305.816215813315	365.234427042386	829.091942846112	1820.910753467	1411.01180073169	684.6763903725	642.872224942173	722.573057211467	746.983569958466	801.825499843322	825.504785956549	843.670565210846	866.444621750341	885.990626685293	906.100487792621	864.437156611721	919.463946938473	893.027052771758	896.27540968636	906.537604309431	951.630139318288	961.785829221974	999.807449783235	1065.66603395817	1163.97132725453	1283.41013466101	1433.60143252999	1637.96557722322	1686.7052283311	2012.68499308463	2173.14525673818	2409.88998902557	2906.33830964659
448.63	14.9274921887986	19.978890419661	21.7170883375734	46.8830600723561	94.9546542382793	183.126326217255	208.12494973086	204.331067103187	233.824280138759	1444.85797213534	15262.8160480905	18116.3591543526	5832.03211457158	204.016131335882	166.901682861425	159.14228890281	174.999584515309	226.504408480614	250.36749008622	251.693132019043	320.701789199554	571.586241214739	1487.29184444942	1577.5464791963	745.452202385035	612.94723311693	646.223369172381	729.465947682549	742.733257411	773.846653164595	798.085504798218	823.186677508611	848.430161358196	853.438929487552	844.070799448443	861.397488839796	873.567067630105	865.474525332676	871.95641265008	889.0104619101	901.867153168567	932.416107923938	983.549958923153	1043.5690943138	1155.58954926287	1263.2647947044	1405.11027923541	1574.78753850846	1759.22877888684	1815.13587544932	2053.99504037951	2187.76321857877	3362.26000469571
453.253	21.724733640613	9.87496598163044	44.9181011336736	85.5375121872251	172.446118802097	189.424614116378	189.355123173347	216.14984856362	984.294028255257	13557.3458502286	15080.489805984	7645.69378733503	230.560277174605	157.57008597104	146.938909314687	161.517408064602	201.135247269371	222.662996625839	248.522404774592	298.642691986671	454.013317575622	1116.02939336363	1669.70479712751	899.307102080784	575.470616091099	607.115607915367	648.532375586478	729.327335408193	737.744374601013	761.20426933683	782.899427117734	810.01088828342	831.429219069859	834.740337458253	832.851978875251	829.658386333585	816.979841589507	850.796979782152	856.168412116827	861.05587742752	878.251722822097	903.958829016676	977.062769783904	1042.01153232962	1122.99681357682	1216.06090507058	1381.75708983735	1578.08285329275	1817.4620332784	1930.64123064738	1938.00111966567	2041.04001944984	2064.74039603989
457.878	17.4559969083446	25.3552264704485	64.1115329881057	163.574669716087	173.175981203875	177.327733724619	203.389828112029	745.854252132074	11474.8731461074	13427.6444904858	7618.63351801744	263.713654765205	147.021530213502	144.557136688507	156.696595130438	181.308799278798	198.02489524389	239.023895578937	266.414584144569	344.405659296999	827.044003908366	1590.374842516	1104.61955778652	576.564965982909	556.250713123939	597.4301239098	641.995655194181	711.545176786179	727.732679206177	768.25004047445	755.705728478725	778.834298081078	791.420031707713	786.95675177916	808.604663477785	798.395948509308	805.354027981674	811.060796565337	822.669723765531	815.527348375803	832.53004810882	895.729673711677	908.162714254377	1027.73544605394	1122.11923605514	1174.49772560388	1375.63196830782	1540.50616131544	1685.87842857635	1847.87214811243	1975.68631910777	2175.331997931	2443.85417494315
462.506	24.959784054021	83.6947677135265	141.753718613695	177.794142556498	176.476871966324	199.138278148009	663.611064411981	10081.4427993069	11380.7015283406	8849.57926659167	285.862402196807	141.354836281539	140.831681468346	150.479870297213	170.07403013025	200.970097770864	213.542839201576	252.328612498032	292.026905428195	555.403590720892	1378.24164168326	1330.21575442111	600.78450658128	525.04927445111	557.050272849886	584.554091418524	641.860547325658	694.957883285199	728.60006098605	719.946879775315	737.556457164354	747.195882663241	767.682981802225	764.353894354611	762.104446215601	760.342014718618	767.482342349235	783.820923995048	798.75223825149	817.266373871136	828.214569090199	852.428041154965	920.449176895624	974.718638518531	1104.34053777681	1259.46432671755	1367.24292292885	1512.89793242141	1819.55890030165	1902.73135527187	2077.99754615449	2309.90630594609	2819.20720698655
467.137	15.8978260261953	101.42313607259	143.78976674292	139.034956192829	153.684153787574	531.131118393868	11351.6996325892	9923.42621244748	9539.76125517013	337.104323791341	109.223473171346	109.550508889357	129.228991465077	138.151177996146	173.10194851881	195.694196393385	224.033090574332	247.904450107603	399.19090114337	993.706043708329	1330.31381449601	701.529139347189	450.18108427971	479.448526866082	529.415908234483	575.079074831251	603.707670671924	662.7550319163	681.454277644592	688.250522031184	702.498141842109	711.156764300153	730.517307517311	701.286637773527	714.620778299776	706.661843865628	704.175483759421	742.237695159553	718.517260591612	733.134856928257	750.699816995192	808.030341596112	855.111017518511	901.780050390406	1006.87850813605	1135.68710906808	1263.44305096946	1427.87994348409	1586.94475214667	1637.98072800851	1951.52046732522	1756.21842513245	1106.79812287821
471.771	105.706182365984	160.832957311592	166.215366910949	164.915897794764	395.355896226766	11069.0127397735	11287.3126119007	9867.14038129252	399.575311319819	127.858799871071	113.916889961368	127.29316635359	144.850601639407	169.212939543391	190.51238072848	227.607849763628	253.115288974291	313.444530376738	708.87981766887	1335.02914278799	856.627922869881	473.891643973828	467.622505933279	507.879216486864	536.911570903349	585.343493516072	615.550791628839	638.790524911973	675.146969305888	676.875735230663	690.24188116455	681.102220098226	703.117334059534	684.516623144168	684.798110508555	675.226105629515	696.501618645089	715.110009932077	719.378439638127	729.552740117142	775.665172285973	816.219064740686	877.259512119091	916.713218292108	1062.67183380269	1204.12964250579	1353.51366733531	1465.35323585638	1648.78295912288	1862.05596487938	2141.99699905755	2081.04541995393	3165.94538089916
476.407	123.295415710785	153.105915729466	161.674702602076	386.756217244827	7857.85165844325	14892.7696441538	10808.192921546	462.140202413404	104.375023813423	94.9499544726323	105.617414818627	106.056054555371	131.662909811067	174.849050466176	185.066729603768	223.371219520299	253.684900571739	463.587494961072	1115.46148074025	1033.97726000222	470.365754116544	412.198624176994	458.500106688581	476.466130402532	501.579292233356	547.302988305852	583.467063589821	622.993220687201	628.254021420748	645.201254767578	641.415603615608	638.34645274206	654.792750878988	644.71742765778	646.787406103131	652.81924060161	644.800851698803	651.9404020172	669.154743853137	704.51835688312	680.174579627444	734.345789603923	818.844983714774	882.130966301558	956.997915093615	1089.01346977123	1185.72088008738	1320.49132911226	1508.06758321132	1684.61730243959	1819.01997738425	1676.806819841	11159.8537723088
481.047	141.490961303976	170.538421578342	335.093222571444	8668.31803434108	16059.6736386787	12232.341922119	553.571539249747	107.710456594118	99.6912418774397	96.1544800292398	118.131906507216	136.698919967218	158.575513656338	179.027504888229	202.773860871836	229.553284253997	345.168496834323	843.041465470518	1119.7837129309	598.463530320383	420.369075959976	424.335036399303	459.576943669958	473.354349314152	511.862397432806	543.085899997428	571.807344437204	604.176565524116	622.292284802501	631.444739065458	614.886557273735	625.810933712971	641.239985468573	642.609812929496	640.872012913877	631.150960979117	636.249784621108	630.796833063107	643.980043164754	668.979550966339	715.465309290053	730.060555849525	822.691506787447	919.508242381109	956.023962493657	1088.94435997052	1234.60326441203	1353.93764678423	1580.47746227097	1941.09927371729	1963.25910818961	2900.00420002101	34622.497979303
485.688	148.389101515292	305.328596286862	7066.03728943861	18658.1151581402	14958.2231010915	809.131989752013	102.082713046405	87.9948988055674	78.8013666106759	106.587605872551	111.023877529245	135.848266076987	159.131081545239	181.828512630336	211.202646411493	270.855197220211	587.394618112404	1071.14763577331	696.823670086551	386.321260342463	380.645013562337	405.261294319976	421.814047888948	458.400235266751	486.353977038342	522.938366108972	548.60358107391	577.726547625641	598.400623762912	599.526552151565	599.455301082522	594.163179584398	594.231686832048	599.413796675604	590.587744715127	593.262303880183	602.736584255106	609.496768498874	632.165822042399	646.839866608421	668.91051998198	716.170024108369	756.059300736026	843.351094804891	901.528596092039	1050.49921357489	1186.25828763598	1292.69922551593	1509.8303977546	1745.92402967133	1827.35952561139	9373.36217647203	52816.3205184598
490.333	249.361588214227	7325.58598428973	19822.996108632	14644.8810682412	983.788334511267	92.602127203167	76.4024434301619	75.3522233363429	83.3058297461616	99.1279288420919	111.179837650655	123.005412061975	149.110394401377	168.205586420688	211.22956249725	404.309847905393	886.296435635513	797.71255860189	390.534311931911	342.996335000063	374.713280627789	363.616526794378	406.135639969596	447.281743749424	455.037750914857	494.865243287776	522.060389492808	554.947231299106	554.031365425259	575.931893240122	560.681056425135	556.450998521928	544.943848344165	551.348192410072	554.749492387031	567.871808701019	564.312411132783	587.591657582706	607.923869499622	602.299408645879	638.093680890223	691.907204224332	741.358601846016	819.36944007376	876.060764267613	988.543363508665	1157.21102794283	1257.28882039138	1508.89069267866	1686.39259420631	2040.81022067098	25761.2392983838	40334.2352706113
494.979	5180.06251645979	21986.2398175103	16803.4891814248	1116.83815555627	100.527503796206	90.9197341350015	71.7492777024205	73.4607299664466	85.0364156083903	98.068583965994	116.861968574273	146.582562454776	172.958831549122	180.083954773532	289.37112377703	714.946907391822	884.882925230122	464.83764382112	326.430363283228	342.542477596413	368.81075772174	374.051622332058	413.023724223561	418.981185332875	462.817694689604	487.295125846395	514.294751245573	539.610837623322	536.73224419549	539.105961066744	533.82605881352	543.338265898326	543.379529612443	538.382149571846	534.472096983169	525.559908987407	551.597508865116	555.900025877556	593.323248621683	587.095579833246	627.309589556617	650.81156588863	719.266408722549	773.473988169388	854.539931114565	1009.64216737591	1105.34142644437	1308.51107147073	1514.53247766607	1651.67162741502	6980.76231349398	41211.4005952014	14189.5619559472
499.629	24490.6320354638	17357.6448352626	1217.55012449094	83.763556631141	73.4987058000467	64.3926595711534	68.0349522125928	73.7239449360072	75.1824392836568	94.3193552353428	107.646970225176	118.858323046543	162.777877211303	223.667927725908	480.393223274299	843.066806932807	527.396143486039	305.524066502499	303.40714022186	301.707183640943	325.037825311085	366.828745589367	376.42485471878	412.021939964612	419.100843548321	449.178842826297	454.373262016084	496.48151153057	507.310691388561	491.737448185862	490.456633173959	492.220382497048	497.251710266196	499.84528455749	504.815018474719	485.74155945287	507.227602655323	520.109008910324	518.753704641959	553.187643949653	572.455262458962	616.117687642728	629.277337049744	741.774771258824	780.153937509091	940.002049752555	1033.94184710111	1269.90882321225	1472.17094686337	1677.68178855986	20383.8979932718	33326.2723120813	1661.26316400482
504.281	20222.8643900414	1542.31959912914	100.675888247668	68.7392702669703	77.4066177003978	61.6361282291633	68.9919975924346	87.5988328638663	84.3612980526955	97.0792691641128	117.782148433447	124.11888521305	178.532112540829	346.628677595775	742.826238386002	645.552138906186	318.57035744923	287.744315981033	299.16790954203	304.426646966852	331.813171100125	356.060760906915	375.542711473973	394.568542392945	407.546967818116	437.712827859398	449.514492552043	475.738418923558	499.445246457252	469.568791843102	463.839600487463	470.518884374304	462.547286517527	471.761293586444	456.157331926591	477.538057378447	490.333400239877	500.07135558865	517.081238495218	532.505906039127	566.299745800544	594.792379302485	635.497278948424	723.307003892246	823.284325099117	906.516930086636	1054.74284678133	1270.02436112955	1377.68033000891	5189.36892617159	33611.9357057641	12650.2801490187	1646.98854801141
508.936	2022.29503958542	80.065530569703	66.0429855096176	74.5772224058425	59.9813472537528	77.7035557847632	79.5782548423521	84.5277251225138	90.8940529281935	103.713356444377	113.325510397877	135.858028928735	243.589344958172	574.203980396808	699.997274420139	356.802238084435	256.862831432207	247.313479914624	280.164962923836	296.706623684206	297.742193404308	333.64101505509	356.549401096099	379.359477111188	385.680043249933	414.558190666435	423.218367026675	450.762393619351	444.860293239751	446.803241273585	422.757590732603	435.645710111855	442.796193255483	431.87514842596	427.45193212878	444.469834498291	460.683224329786	459.692540135677	469.029691730438	501.584967978249	553.749103071184	575.812806026039	611.585819113103	690.027820455212	772.203479515824	859.43050194279	1046.39303141047	1231.39287145074	1393.36304923111	16057.9703700975	29247.5149554692	2683.61593615208	2354.41936231251
513.593	86.893628462754	70.6402990014365	65.3474430173968	56.8528806611301	64.1804845625315	60.4980280536751	72.6245194592593	73.76133369213	82.5749665876817	105.338059204919	116.49660904533	156.73161512946	420.717230598138	692.252395796603	432.062379962305	237.362909477117	255.92609425583	251.155443932244	259.879697464142	278.648755427006	288.969500591073	318.469084877346	334.990798522788	360.382568861465	364.639566402741	380.679721812063	393.019264291493	411.623967915895	399.122832331551	413.841728980621	401.32825491142	416.02453803115	418.825331214772	408.635800811183	401.953801811782	406.520115349471	417.695305370818	418.386285785784	443.731207923211	467.523507009423	496.724896327546	530.375515906791	566.957113511715	655.458448942729	745.427524231033	860.108657116337	1058.84510681705	1265.62523271398	3750.28450563622	27440.5223759886	12747.9105132803	1369.02021462109	1723.9063323511
518.252	53.7990985721646	40.1167810533395	43.0393449606587	35.5755910507462	50.285273830369	63.2080026112484	65.2823953992246	73.7008274461358	74.414115344334	92.3185544437355	114.125336784923	265.069574020964	575.653100913812	496.755961830093	226.593935809283	204.169795111521	219.943921207284	229.181752966551	242.909397242619	236.642056220556	259.850614343418	298.083673690221	299.559247634171	327.651080379683	336.648059364203	337.977895680844	352.70887737237	360.036902156964	374.025530164787	370.964846111895	379.92442945495	371.324470132784	378.540118140552	359.789853711142	377.934200492414	374.212758815419	368.401796378583	392.287453780363	409.657039408003	438.091269308426	451.517523841681	485.418322493903	489.391946556588	570.754482153703	667.15561945845	832.42989314752	1029.31928523352	1156.95485691208	12291.4847367518	25014.7925168128	2406.92795684997	1222.84175215186	1070.13268380393
522.914	50.429139780298	47.7231297660624	47.0980524584043	45.8047003119601	56.9910077296754	65.371496237658	80.6934154321398	77.215356500984	83.5703197573917	90.1771897278746	180.555189032153	445.557023958235	565.365166229477	276.13961974383	197.935231231706	190.717233574605	199.61158574453	213.333169063004	225.26642339053	244.013259782034	258.667317053213	273.909574770264	273.875886332983	304.024824544237	316.377832282306	327.669838757221	339.403176031687	355.475021315869	350.229259337283	332.544254665338	343.396624747461	349.574880117064	353.270279604899	350.765636992791	356.137527563168	350.737422859988	362.395333536252	367.821926471695	398.626442253619	393.562358667425	430.319165448647	454.832801806598	531.625394589242	584.535350682365	655.250819689219	817.141835758398	987.598777744684	2721.65624724981	22126.9058885158	12008.5759810613	1116.90557889776	1014.14368635178	2002.6236973028
527.579	46.986368114443	57.9440624151414	49.2482312575593	68.4107101316031	62.4842605394848	69.047900307334	76.1743578395055	73.8710030977148	80.3090005572405	135.653807629706	326.751855362433	558.481224468979	357.374758593404	178.757213610634	194.236883630134	195.655905827412	200.69705275584	219.697978987433	243.379378500519	241.634532860035	246.042424373776	260.485619632488	277.580199214248	287.409124412522	290.605455929866	306.241041732206	326.751131696965	346.685509177946	337.063945764649	342.252972075935	335.054952733004	326.471681801573	329.904948068174	321.366394939657	335.936316245454	344.316918330356	333.423782234867	353.457943107696	373.74463978988	404.691899549291	424.915664729522	456.580519757283	478.566461080591	571.935409284657	715.966145996681	913.379093141087	982.679338114264	9726.1391449094	21698.4004410544	2750.92548328902	1189.70734958784	1606.1012948779	3676.34601504733
532.245	41.6633542632367	36.1515441413887	40.0382397044724	53.0791737104525	49.0171058632923	57.1139071055256	68.4071459690402	69.2103182054298	89.2668212269627	202.500295653333	471.019594241518	420.10537566689	175.327081705787	158.028687185773	172.262018307721	174.891003221391	190.597255593463	199.79268746938	211.373914408649	213.830302425499	229.268879226906	240.376950580381	241.667923899031	262.535400156499	274.752882175502	276.672406641178	291.53508240509	307.741703747028	297.57202806855	303.204535552922	305.485584507985	300.09427475741	304.856864715376	305.758790886768	314.516999565132	317.436756107069	314.642685559981	325.677183298579	352.352568940952	349.068742360577	397.927102158488	396.836761183533	440.188879358452	532.339465275982	677.636241938171	843.255284980322	2033.1860205059	18486.4405982443	11014.6075286658	1089.77957976777	938.411020985008	1625.97336042268	3021.11178503192
536.915	60.9002699669945	44.7093891627407	37.2689593602149	45.6280658314718	50.1855938797934	57.5938708446661	60.7531949206423	75.6079302573949	141.850183206254	742.203622441395	450.239434817748	236.776899415878	135.677571564453	146.258889669207	157.001692924564	156.618849482136	189.970569285574	179.21607843819	200.309846317755	201.704862180137	208.444050848027	222.904623052783	253.108030468271	248.309408402208	263.78592379243	258.247897588109	257.444520692831	295.694952190172	277.712187169137	287.461997680813	276.138611363522	270.405668811102	289.62516057906	283.449563269507	286.054555933946	289.720546417409	279.653622011759	310.168826456894	332.062000878855	342.677623269205	365.473084478041	386.170137328385	415.39524600859	523.579712029772	686.700322862804	812.278770932245	7638.11600651611	19623.9969759648	2744.07128943694	956.05476630013	926.234237877399	2503.94242793765	2052.04667879662
541.586	32.3554305423217	33.7391454336537	40.5193705861672	50.5836928175817	43.6143155863129	60.3621458807049	61.6205898046666	95.6612024633956	239.04507544756	654.123700824179	264.069739562755	126.348043826174	124.204635116086	129.982638831546	148.5933429647	142.425517313458	166.493157760166	173.256036032455	188.95032909384	199.532210806356	215.888295044782	201.272068832633	215.381860393837	204.043847832229	232.048897717577	259.197208562452	257.570126765565	254.378133774188	252.669311677849	259.805685928148	251.102499421989	257.053106046397	260.523679478533	255.854686476524	266.96023694381	283.390337741362	278.565823517046	295.588821551947	309.37985827619	322.602165274532	336.367960450564	383.706201063048	418.093068639456	571.425826759724	693.140029419578	1416.13978235606	15641.9005652439	10842.2320753638	920.519282984778	894.66496363252	1295.22970286869	2603.09549422905	1213.28948992023
546.26	51.3959425848285	37.4571362328161	51.2125550280077	39.2985748460878	56.2167215752083	57.4415657783033	85.1849655973952	166.07069916599	365.625638635515	353.143630454357	144.445569477205	116.021638151449	114.184223930912	114.710439270845	138.482661768937	147.361882833948	161.327953500229	168.410592733626	179.057977736312	176.276941660629	189.012205511919	197.76832009311	208.788006066135	206.597118115982	212.392475709445	219.482001996531	224.571393864037	241.122166143314	231.255570080114	240.360768750434	239.505811499397	244.933096764796	251.61340732462	245.552319947733	254.476469335341	246.791274811675	245.026184196334	276.118167286353	283.267769669868	305.302155152428	331.331742470713	358.133905093374	427.909474740376	617.273222025626	705.836074807096	5651.58661190743	17724.4902471677	2916.37420621716	865.195819820755	930.370732625519	1609.89521998321	2050.60866530548	192.805997062206
550.936	43.8764276736159	28.5684418575274	43.3162727842976	53.0917302078954	44.742293860575	58.1112965074693	122.453209640455	294.298347841262	373.865465467878	177.898433685299	99.6344105010853	99.0992644992109	101.558373414377	119.489985601821	131.091887982958	130.652756412258	153.970268118735	160.666554814391	158.675873458051	182.824913637243	181.168017428147	181.843631555029	188.806369882288	196.914876332728	205.109042443923	219.693230130485	222.284212152838	237.270972266568	221.102749537684	238.247185880323	235.480655483149	231.783720947754	232.448692681609	235.070342934192	244.463358751519	242.035902740309	238.882193550237	263.012130940205	289.494391830141	292.455216463953	314.611448190397	357.582308285947	494.690947139808	610.109949888214	1062.21660550141	12428.7382686169	10488.0527387688	898.313900505511	873.239029765375	1012.78062286825	2273.53027172173	1238.30569302148	242.818232615214
555.615	62.5453757196354	66.4032324980057	51.0342798617646	47.4613990416204	61.1243117784679	100.172812087645	238.249234084489	367.345818746694	238.308067293437	103.197947994069	97.0073711848407	104.72613121925	103.429592065143	123.58679217396	116.301814787879	138.682102316116	145.325441060468	150.373580276387	152.971905499999	165.30433841342	169.747893943513	175.32694205259	190.046724679684	177.824366727968	195.92184800401	199.853897760941	200.147122868125	205.290566905268	212.9182475527	219.808315838347	206.101564102326	223.780465027327	218.728918085348	233.688978380026	228.994537402754	216.540944271164	246.559017280049	243.595109890435	283.944610219074	271.332653199697	302.670523724142	359.956716060915	505.676436149272	576.132030973902	4266.10642588767	15107.4668903658	3131.97630426873	794.13685441216	818.884052434498	1430.74056488891	2153.20108578135	1024.71656680593	1005.10529459767
560.296	29.0222319457876	42.5679217728542	33.3154111469743	47.062812482521	57.7463825420766	146.595901020097	316.929441599986	284.946564061803	115.836631065544	88.0028938992547	90.0030031137272	97.468613684838	87.428850681349	112.580530664028	107.503102171003	120.003842035292	127.852074200592	127.160861434652	132.772428341226	148.855425992623	141.836856468511	145.925493974441	170.162536829794	169.803289464101	178.608650541338	167.456321084019	189.589639799635	175.990300430878	193.620656564002	197.948953830475	186.068581185858	178.400874767246	194.543022721016	182.510294073952	202.696516122996	203.863270120937	202.113786785003	228.312740209273	249.195644701392	268.095235786824	300.541701160874	390.393347235808	502.186776440288	892.555173264804	10064.1581643729	9624.4929461699	780.595868947307	719.633483015231	726.210002928175	1749.00369381736	1524.43583226835	766.937187858528	586.127639851913
564.979	33.2972186864138	25.4144940373505	41.0522983458293	56.6223826688578	98.4294354807375	255.0027019475	296.115231766852	145.279044269736	78.404496171344	81.4361784494739	83.0951250407307	92.5183072281972	92.880542069722	101.673610112317	105.165996054113	115.6131541516	136.549650166879	126.180900985206	137.986149205455	126.526263832101	138.248268236895	157.720307128655	155.057841672618	166.592902865057	161.605237577196	173.936673213057	177.768007072617	171.839641940551	184.458945409392	172.18385521582	185.786034560759	195.51384170551	178.642955803575	177.474273636956	187.894083918916	203.79602795457	204.960234374708	219.993303969458	232.927857540344	251.925971955598	301.101848993843	417.909330931333	490.093718403111	3566.67749812987	13303.3019017922	3124.60045164941	639.670770928794	700.358903735005	981.761126531051	1931.07798635431	870.059203332149	410.097896767989	410.725462369875
569.664	44.0473490964459	23.4368849598017	44.2829022440819	70.8354388013379	193.803275828547	308.97074280248	182.088478353711	74.9356413667592	69.1960421236217	66.1339445212937	69.0841192791287	76.4028403066022	84.7608519852053	92.1180002930867	95.0911024001304	113.698681168289	104.256061188626	120.65608954189	114.426805217579	117.839004116517	132.594162723509	132.833933846749	149.943754086214	146.116628257646	144.632024502183	153.454212539396	152.367083745116	167.885651760607	168.44227185151	155.125252789878	163.325886991773	156.930219638679	170.477949245249	158.843069662299	172.809644623001	177.292370866557	191.83305109984	198.863968686502	199.207562345562	216.700513673788	307.230755864147	415.755722233408	667.144714061396	8833.48925995819	9001.76623894829	645.281047727462	538.14731141417	651.020935922712	1309.12101892037	1694.06028708257	609.988232892723	459.735833490086	645.415866918339
574.351	35.0506440387861	38.5475401596176	48.6030088613974	135.152573058432	273.595388113154	239.422313618792	88.8620452122701	60.5267594844922	63.5772015830951	57.2939677661439	64.4442492242462	62.0974562804884	81.6414717984653	79.9231646058139	80.7626455259871	102.426021166874	100.731076629355	97.2278351786756	93.3438741919201	109.871933929893	117.455933756604	132.642028997472	130.666431816518	126.775303373	150.753634155391	148.245865149155	146.939934450752	141.005804540761	136.900558857195	151.546807444451	155.001571455678	141.101828993025	145.886994265358	150.154022014087	166.912560888997	161.611426722797	165.689784738944	172.538936886299	195.535757105096	228.416447470801	319.105514547711	421.704946920718	2755.39358706314	11683.3808826576	3153.84174552175	473.548779364508	576.743700107703	674.073483641942	1597.12787261034	986.483361472243	512.677766761926	483.833610144891	751.089718929657
579.04	41.5346745479715	57.2410101934188	104.70813158557	234.667317477299	283.322894328553	130.823516001765	55.6651287909895	57.3158614598027	61.7531133802904	67.9479793466986	62.3849903981242	62.6564373666466	73.1239620606304	91.4143630736781	78.9430931766506	95.2037530092803	93.0194129285839	101.539779497673	112.335974974981	113.03470972916	118.870201407332	131.152600201924	116.784477984647	127.916493383383	139.79401590945	143.597113120411	145.604544767928	144.926181577434	137.543840272128	142.425657958089	148.028748262209	147.570147384457	143.695454317047	155.084533488681	153.527534890384	156.517356794461	152.297637487825	194.659916457045	176.364709985669	273.997075610567	369.497510011579	485.736133126999	7241.95119414842	8285.87063614177	603.948157671952	490.772040556778	551.799420900957	991.242930378283	1625.95045703182	632.190244417696	638.588950321287	528.871333028626	1279.92576864959
583.732	44.284263574192	72.7486818521735	187.082170538313	275.115516764322	157.057074417923	61.0933851884312	57.5260549604665	46.5082881508026	52.8731423774607	58.3975306873393	56.9895173381397	72.5169865976248	58.5739420072408	72.9558879986521	73.7540564082683	89.5962523358162	107.374193916842	93.7012382987235	90.3072292624538	116.311892905898	117.117711161121	101.611498165491	115.849549865919	111.746168433005	119.308028442676	118.926264665641	122.462025653494	130.439953345775	126.865707426812	129.855190222755	136.781014323899	117.127498538949	124.041379997878	138.970412495133	142.650562700202	143.680327415858	163.376483412002	157.465883194174	188.418539841593	289.521053099082	358.011450462457	1878.29406943155	10513.6644445502	2955.53500175196	400.872579560999	452.179669435256	551.154738705257	1281.54168570603	1158.22578713072	593.376907988151	531.381334567412	648.26898012414	966.100389944771
588.426	44.0960875423016	109.498825781117	236.983165384101	198.243595947213	75.6663612061074	49.8780797941172	40.6265710626559	50.2164544759675	44.7538134836409	47.5693525791978	51.9427923411517	59.3492167300982	71.8580358475383	60.3730901474605	64.6879114840959	86.6480842057593	89.5880895697696	96.0796015545959	92.5041104894816	85.0256516331201	107.609294445175	107.223995222441	101.212846704566	105.424150647732	114.626571234636	102.893548104281	115.622866302409	110.848403291699	127.816320805608	134.353496336108	108.586640334172	119.19074346865	124.679523201857	136.668397179967	128.951872969495	147.069404312936	152.312133548491	175.366815821138	232.127585139878	326.653022128446	383.663792326483	5652.17222749783	7859.45610716313	524.723105814432	397.843673072295	414.299656859264	679.084772347705	1382.4195391699	790.73612308803	449.02304068739	508.852878974981	246.923645420272	868.85263261321
593.121	99.9216664430853	207.037017984894	246.927597825143	107.231849823305	52.2467156875017	50.127644810697	47.0967527649986	40.3409675979874	49.4755131521002	53.5091618074028	50.4951235831808	51.5389241009629	53.1011599954165	66.5946954413461	69.0388433699458	82.2278978884023	80.6701468323259	78.4552729401728	85.3067563583891	92.4492261496344	94.7199808909197	90.7097800433658	102.059463484622	104.631370815903	102.678354800284	99.7586686731866	103.890644326055	117.691914292479	115.280890918269	117.555299270286	107.076433051723	116.851155771794	114.020116601638	118.856665142772	123.290656345932	133.823686972222	134.071909554462	162.428505869454	278.607007184006	315.644782644958	1249.75995541473	8900.60093625875	3037.9509471636	350.109516247515	331.855146337884	418.129451997539	978.295453812038	1107.62769790489	523.811736358194	335.033585843283	438.860070224604	379.132001263261	924.564639740502
597.819	140.905037440419	226.679321732137	131.158538022084	54.2595220914649	27.2446208086669	26.8627230338509	33.6257435572729	34.5724635840812	39.9707398111436	39.7128240864116	56.4451816774585	46.6074426418248	42.7379749881605	56.5757949741374	58.7486982949173	62.9058101923024	79.942417934279	62.3131550300922	81.9696625571303	95.9730436472012	56.5916996857673	63.812442288102	69.478112155156	86.336799666854	102.03989737045	95.1605920065355	92.7381998818044	98.2181210690963	101.518791860604	103.073672149111	111.856232165457	112.5368775816	101.56618003636	117.135529023296	110.713040870222	123.246530331418	117.890008232523	170.924506359711	279.499917147437	303.563649257723	4308.87191720378	7468.45514263268	493.660818696663	286.302962589239	269.884978941803	468.381379479027	1121.32486737462	752.333658847291	385.796248248905	348.52548803333	266.368891441591	242.725689471742	310.053023100766
602.519	235.27182369246	195.551311101818	70.0220282393978	40.2098338913693	39.3848450044457	43.1644386010656	31.0013301314377	40.0619571944638	43.1347619891614	46.9176169636045	59.3615871361007	50.7898134157898	60.9180956233494	67.5234782501999	62.4181951775779	65.4259907092115	71.6857134377744	75.6847211186455	76.2581498076308	83.6551621671125	81.6900641734167	82.6390938666651	89.3402078821358	99.0625566858353	84.1135765925563	88.8146189906276	94.3793980625695	103.240039456321	100.493912952987	94.2749956651762	113.626482423636	92.581773876032	103.868657845437	98.3790490778761	108.384773344683	113.750157610834	135.584980901076	209.369440312237	276.09963785703	963.132144241284	7559.19184548529	3242.70560702405	258.938250971187	265.76972858249	317.213485175298	620.800063940647	1108.7013256541	497.269293484984	428.533842346629	480.672763374465	452.33581720024	643.0292811507	781.216130512569
607.221	216.008350366235	101.138914769028	36.5333011499795	43.8185760967375	25.7472500043975	45.6157568428101	38.6642646362203	38.8949228365254	42.5654030080482	44.4243320565936	39.6820055053548	47.6934365509215	43.7726124463725	53.5979007372806	55.6239036458523	66.0165058392589	65.8413283546587	80.267462227438	69.4655295364169	68.5832942150745	80.1996070311114	74.3138010383719	90.1465654764817	83.747476289671	83.9119364992162	91.1720701538365	87.2441017792951	91.609952825024	85.7772306371887	94.8229444516253	90.3410057808926	94.0181437732499	105.413716672609	99.5771978479236	115.169907497642	107.283982434199	153.009763567111	234.944619117058	271.737710846853	3659.21893341241	7099.43070415586	608.482776663364	227.991865064651	254.76006119651	338.024775986443	798.057469966851	823.628592227909	400.881967417559	395.672560289388	396.403359943742	367.361201899211	239.786133911395	385.375051181573
611.924	136.896520901673	64.3491586869243	41.4079756908891	48.8275290987399	39.839705741855	43.4522306787996	32.7587360007656	30.3518162948718	44.135963206764	47.3430234045251	49.6382773824958	45.4600925226702	56.4169814999588	62.0618244238569	57.0498984006688	66.6509771301454	66.4741160501568	61.6814273556891	72.6507489063856	91.6891576264597	94.8403170266186	74.6757717495647	89.2559392146488	79.7792394619524	90.8620977133378	82.93772325161	96.1464860315758	82.9010921278908	94.9524885911499	94.2049671848024	82.4216522891941	99.7739623155127	101.82624330971	94.5835908963374	98.6886974927191	118.286930419753	174.108395850122	241.059577593502	723.321593715199	6730.60103348949	3464.20668706227	225.693186654554	221.782207589487	253.985344370482	418.286502053241	932.756539703045	516.168587156511	431.188015440005	335.424399009099	426.109255067383	442.073097621726	712.031382253556	1096.49483631557
616.63	86.8962403248966	32.3384541438339	29.2031629630278	33.1354780334923	27.9986986565498	24.9938967763918	31.1404639492987	28.0893179771182	43.2578367051732	40.3122586849213	47.6438494064006	49.8982635867144	46.5875033660761	52.8614865590257	61.2912636474965	62.3245467728097	59.0105055525368	59.0515537836328	58.913998842579	68.4755775233487	76.5664667628454	84.0563684479745	77.1041764489623	84.8054773094036	69.3149734721824	76.5561326427357	87.8101087537223	84.7636227725694	91.0071944743401	84.7399903538129	65.5693603616714	72.3682525444595	86.8349243956556	88.9876906421473	91.8848166762568	114.390241937088	198.101483232052	230.097100885356	3114.04655480893	6696.91669895827	739.89417031865	188.298200575149	180.649581783586	233.351299364422	543.574206408869	796.360433679029	344.270480277229	312.953418647474	391.998288811233	273.75054591491	253.805859000826	359.984582318122	447.063970890916
621.338	34.326985972647	40.8383006787901	40.4249797133811	41.7442260098285	25.0509490113875	29.9627706357923	28.7859838935331	33.901668237011	29.9853602461337	34.1648359364034	42.1116486797108	40.2317180985317	48.8693646629423	53.8992254842571	51.4766752329727	56.2014614634	51.5223784149614	54.4994464534699	60.4756564544514	56.9936138961438	79.0771015110039	76.4594875765553	72.6954729871512	76.4371764842691	68.5405673648985	72.3543326990819	73.0115592283973	76.9171537578559	72.4942787006617	80.1058310733531	72.2597061026241	75.0992355588766	90.3290414489109	94.7923359151707	97.5843199723461	146.124250054545	207.06368069942	469.6996106182	6155.4039450531	3424.62797696207	167.294816579612	168.116024259636	208.891381705887	262.77276317863	672.486296816833	566.817934923681	336.962040642442	301.929133550752	307.469842846431	259.103970868355	343.60740119784	282.990374108109	594.753165490431
626.047	24.4379113479824	34.0951888241577	33.6537247645397	28.9964730999127	36.3391922073769	37.2116264136186	35.1178694401377	39.6974109688458	31.4690110925738	41.4856550684785	34.4802465872251	42.773006155826	49.0172763198507	55.047144542616	38.2148277410574	63.418010614069	51.3761074838175	57.3870280067828	74.0094144851984	67.3282976466871	72.5101113045488	72.1215715771104	74.4798639571763	77.5237111594245	71.5291634194643	86.9498243532593	67.9703603686957	64.9267810624957	66.8275466069627	76.7858434489433	67.6550770445832	79.2543822095326	72.8956922235237	90.5489506443909	99.864078606725	175.126458359708	224.390102927155	2156.4145555394	6607.91124528994	770.792172883473	145.872602382392	154.635173450348	192.462547338524	344.892718796146	693.719322204297	346.351716434015	263.85573552178	314.36146781901	308.695161833538	319.730870538127	350.769414924013	271.062291840213	1055.38554480613
630.758	24.2510569222499	10.4184596090247	19.9023101625337	11.5867372441226	15.2793231229502	15.4231905165421	17.3393715572937	27.2839102177321	26.5726859860707	29.2102417038644	20.4384915789721	42.6099531619649	28.0310621727701	27.0240968363319	29.0459284048076	38.9498298523721	42.1910255584982	33.4369306010991	29.1734029785548	51.8293781455083	67.0509113449815	45.7886283542825	54.4494426222802	53.8916381009025	49.4307882729661	49.0053171000888	53.8631757769119	53.0778306459441	47.6029046868578	58.8435108750927	53.2553053786443	59.9209492869803	57.7303213620087	69.6989749131577	108.72604320983	184.872632197864	339.44100119057	4664.34329247023	3575.61095505872	122.223778433379	127.068222336976	128.403593631549	165.989317201343	502.109011184129	559.046382424651	196.264740877985	253.069062050864	187.064661348447	234.882215438954	271.749737585539	241.550272189301	436.872702565688	367.831280722651
635.471	28.0577031399642	23.8235068908846	4.01104007416398	16.1400031295942	19.8380549847061	9.27047100490258	8.63350675073634	30.0092517813473	29.2110744471036	25.1618660457884	27.1966227862122	23.819223373265	39.7420247050144	31.7169175036843	30.203179134705	34.9223775010491	39.8988222089807	50.8845055469625	49.7496391277854	55.0183173655964	60.4951383484787	66.442144492027	60.7595612976236	58.5929224660372	56.2486112956831	59.5873449406785	65.3273524026785	59.6445214557703	63.2018607953504	56.4109003675361	58.7450690231622	74.6820896982739	68.1372774214882	84.0187271841034	146.764331850204	191.697844311454	1592.92565463709	5523.48358674788	917.085316935354	126.355812743669	132.931554135402	135.753436649317	230.061984001441	551.901748114717	333.099099760227	209.182402361614	222.993559034456	239.785248567152	194.294960648378	254.101304456417	345.479298517671	119.384074085388	611.584005200968
640.186	-3.17372921420182	0.809086730268	6.21047246124571	0	10.3825429035633	17.7561024682348	19.1528009065337	15.8428303414676	18.2910632709847	13.3179202771487	10.8460852291058	7.84992336013285	27.9701597931761	12.196936919242	18.7173162231917	22.9122891809527	27.850344645266	38.2347473931229	30.2076815095437	34.7503252263985	29.9105740941093	26.6265584108224	53.4946179982245	46.8904079091419	37.6823603738651	50.7934350111361	33.8644278433405	26.3056572670581	31.8223854943872	52.3418864791018	41.9937853801178	50.6240780092371	52.4865374199492	88.4504029689944	136.096369887927	225.99109850209	3747.81886093063	3390.09816678136	122.649160556325	86.375120006112	94.4991474256188	118.475113539795	318.102778068817	456.830286965214	168.050042703061	166.706263443836	201.642363185303	159.692898056993	210.5848947176	54.3755613906644	23.5994570027453	0	334.215114971788
644.903	13.2985439789784	4.90998985998091	22.5392686696234	17.3988855179894	19.8022204956478	10.7753940103475	27.4952417962937	13.110427768845	13.3611569524371	20.4456807852921	12.8429461004172	16.5144083093116	22.2989847701746	12.3363034633028	31.8674980204055	36.0137934169375	36.122051921752	49.8202096034357	37.8091459772851	35.1473948155797	37.4173715602657	48.999099807864	47.016132313004	56.8390268830885	47.040285985266	61.381705680781	52.0357425660337	40.7305327048679	48.6074276678327	52.6151784585659	53.0920266551377	47.3381851082111	60.9026501978775	121.720264567502	158.057073238978	1182.66627988473	4949.3343128879	1005.46930604059	94.658815275915	111.398198754152	91.1218798599086	122.515597940017	400.239113054954	325.830950550502	169.970242326612	202.333330280528	128.625286756873	164.326607813146	191.51301730632	129.992615801427	179.018346009323	226.826262641998	56.3389959792579
649.621	22.7880203033245	26.1423316749806	25.1066755238107	22.5858178807385	34.3837168465987	36.4264062193929	25.3494931257382	22.3446809409327	23.139720533792	31.2246113618543	31.7478051366517	35.1067473737037	45.5667945225114	38.5204836202022	32.6385748509371	49.8626209558951	48.3963744682531	52.2920478646471	44.9287239525884	65.1441517335929	75.490352140998	68.6593681385267	74.1714634284685	43.3244851635804	53.6258919529605	68.3403062505916	69.8064218365939	62.6268655523272	58.6216465639963	63.2414303096552	69.8334590848299	59.7653930869448	78.2793755799445	148.738984980953	198.877300499447	3091.64876727742	3330.34365924623	144.544305456996	106.957488822548	107.349748202027	114.510185040464	234.330821078194	443.9015886667	252.691822703833	192.703587745593	205.197399003048	237.38822239303	259.237508108806	274.091703484162	212.960494795898	391.346255280716	260.70863821207	76.1819809674691
654.341	7.08426018055773	5.05682288979747	11.0358332884536	-4.30060762095391	11.1242209225178	8.25208510439692	9.01010911415501	10.1268708989945	14.1841285841492	7.67965114046499	8.54244643580758	25.5124064401773	30.16408169182	7.35565372664603	23.3967879022466	18.3841278792645	32.4240057559728	45.5690927121184	42.4798110732568	33.7020294766634	53.7048943495615	58.9393557676288	48.4221476724332	51.8273412128374	44.2034887401432	40.885116425909	33.2405264337495	34.5060879318207	39.2370240186913	36.7947508334228	45.4007549527138	43.7789506828378	95.5953115476398	140.773455795639	797.177377816727	4361.45623338403	1144.44772628357	66.2238036375533	78.7929506149619	62.363369139089	91.2966888125905	267.85456139396	331.971574081976	147.342765425563	164.318800885611	190.522605332609	188.563491921656	202.510344327111	138.252480579624	126.156190815986	208.954799301785	202.46155973686	-464.190489317592
659.063	26.6703949492489	8.07399124525555	16.1173857307668	27.1049127487665	18.38473152387	19.5124942969468	17.3064871037252	20.8023488400356	25.8316057279478	22.9829515543043	25.2871647972468	15.8320165740087	32.4917771456157	25.2870422943111	24.576678095514	21.4659586406027	37.1710641216094	50.656230880541	35.3009996465877	68.8102379025023	62.8382866344581	63.7082943328232	56.9677430052484	67.6791367575345	52.7772097093074	46.425998375204	43.0973472087583	56.2882404829817	56.9629822507867	55.6564243299916	58.4815308224659	80.9366004301463	123.12076141809	166.135408120955	2418.47539994713	3196.0319879555	160.343907600701	83.3697916895913	74.0689551016962	83.5306187304694	117.781113033588	354.935122232272	207.529129629446	154.980550894332	172.362467273063	153.099893966955	170.894090693375	207.131283774611	208.193836239462	329.726903702892	214.844229842959	259.132178585106	370.575559848333
663.787	26.0827405433116	20.6868303105784	19.0703836863778	16.1271441621979	-4.42436917253544	18.9162599939454	14.480411813683	13.617459111712	17.3210438630203	7.09404676481984	27.6186765357044	26.0920163877637	14.7235638517821	12.3099790488604	23.5959956768982	28.6974723944258	40.8399443695997	35.5954602427495	46.6630399037771	63.4035421510639	65.4068730177245	51.6109040956512	32.2287582399281	64.4446770468681	42.3144415392112	51.6525574846916	49.9528794070524	46.3614028540716	45.3174625294358	42.7621380984917	44.737597330346	84.7983970767034	124.181391218934	603.209697522649	3764.9705389633	1214.93839710962	77.2438860102821	69.0224974088247	77.3961284433714	88.1237696077312	201.347164458765	335.632954391241	120.896892421012	122.57098312737	131.739192321333	140.049185360795	185.524098796658	167.168265924966	177.213066254522	218.547980256059	67.0437618358325	215.025126586939	-474.736316337646
668.512	12.6548915208941	10.8572125645287	-1.96091592032157	15.1430817073141	10.5090359842862	19.6481804406629	7.07477403317885	9.47020605298681	25.0903969421122	14.0418497753466	10.5076144564576	4.04501282811406	17.6627887731994	9.99259827581112	15.4050604967035	34.2363325465049	28.8428884111791	27.3640399242533	31.6180628639416	42.0222155137151	54.5022104093052	47.243574558102	38.4173205923553	59.1761470820526	43.004150820678	45.6761849200181	36.7039624005338	27.8912112291896	53.334881776228	34.8174042364079	45.7645441349584	109.034499561872	139.308820086845	1989.79722034288	3093.1300006338	148.43250715405	74.9699498497115	61.7283471129569	77.9910655564754	95.669767856331	245.996927926524	214.448673715382	77.6405418119637	116.974242495395	136.155753541809	164.646686068144	174.65085028737	122.240428503179	112.084488796991	161.854268438044	-25.3346704624746	160.502226290552	-817.242018691215
673.238	-2.93794674387677	-1.31071170143277	-7.10181023079986	-3.34410964447343	6.72784262316133	5.90044981330181	13.1226696619601	6.41630320197484	7.46270370152529	13.0990379108339	23.1416869381438	8.8169747109569	9.23996250528861	14.5591932503879	20.2145657775803	13.7101263797338	18.4007629691416	29.7609008252043	25.6914606023314	44.0008059878842	46.7546360677904	30.7534684509162	28.2892397450971	39.8172057200377	20.1650196001215	28.4969046457867	13.3633344816319	27.7084395888199	33.6665589048152	44.0439566897989	79.3677214037393	100.750790396411	395.752274683806	3253.20370422347	1330.2339172622	59.65258523413	62.6451290914954	59.0388191123494	44.3072459082307	115.495099186255	268.101583933974	137.706471827847	98.4289232304077	86.9799025566961	117.285459197368	147.119671079302	82.9019512575468	94.4820158347365	34.4012005318372	42.7092450577447	21.2393686773178	-193.762574744404	-260.68603913697
677.967	21.209726732536	14.0834757084265	-0.397439023339034	10.4802098562629	12.9089366445827	3.26905147490484	10.97842940659	16.4522073100611	21.6679241294945	17.0760377926005	20.145682452303	15.0304807756152	-5.36984894154422	13.967605500943	23.0778862265895	10.4422297431903	32.0810774384299	24.7328389738533	31.6309998322025	42.5853758420566	56.0889409822168	33.3929986311898	36.9253570708263	39.7198568683207	39.5178843085301	33.7294690326244	38.2585887869137	53.7034905678732	42.7451470077298	37.7294357446301	86.8719564819251	115.345066524554	1578.85651880234	2864.2581156278	208.699360606268	66.3740766523645	53.9710691864739	48.8990949770841	60.90441373002	156.117394880688	218.398286147619	79.1840344913511	90.1953394619072	78.0462012517773	88.824910567487	132.65347346461	90.9885530831135	145.028642883441	103.960605989648	-26.8890749021872	179.719349682766	162.653195375651	484.796651686427
682.696	-6.48370287670657	-6.23018641036893	16.074728002309	-8.70468216940335	11.0948779686222	2.40398744776026	4.30438262167964	12.4766666401882	2.90634868953374	1.04644473649364	7.56607125104709	5.1811311986863	3.98177421305934	-8.12087713457979	3.08846553624233	17.3706016543449	25.59044980822	27.2819661438719	20.3531395109244	26.3632406484319	17.3172557390426	40.2740826204126	20.2917739401729	26.7750043803257	16.4314435463031	18.5039719695223	15.7605366885967	22.1494910156735	24.6469775911994	45.5679404250132	86.0902805235246	295.253802672256	2782.72132415004	1324.20489045688	48.5245037155383	39.3151663241724	47.0163409191726	46.3259481308198	55.4718453353247	201.091990815683	131.960693240775	43.8320170792316	48.5109056942132	112.41803408261	70.6310573725498	98.5030425132734	28.9871067261803	67.2122387280566	-93.4392652347549	59.815216158256	34.6137513675775	16.4465850157574	-857.848892889976
687.428	1.50668599306033	23.3022626457195	20.2337038848643	15.2442765110998	22.3446866832022	19.6687748620388	18.9346422769876	22.7344586461216	18.0100988369948	26.0803397703219	17.5820727649377	27.4778131449584	25.8799860025658	32.7103111324261	32.4825299457562	45.616091365558	30.8503602993897	49.2214749423782	49.7741709122385	46.4577942786238	29.6448826725912	48.3386161595674	42.0929128007084	59.0783898217901	50.014557111214	34.3434865990822	35.708800688885	39.9316066091882	51.0769161006797	84.3023690788948	109.597626449046	1255.56634755885	2723.67889035885	245.856092707753	56.439012229304	53.5860154468819	62.5625242866648	61.0030612830817	124.499640815323	217.683234445411	107.932770328274	78.8599932372074	95.0939131625046	134.194221075523	94.8322791565827	125.571330721447	142.140160025928	167.665584238472	258.752081662412	145.106413864992	222.203350291085	140.772039895936	164.540660219788
692.16	10.6040503935577	-2.70331710157524	-15.0542145673574	2.68222902916703	11.2329872461946	-6.69325892064362	2.9817646151891	6.81725713315648	5.88505396000873	-7.94603177168177	12.6688813959866	6.99416804045979	17.9577847041574	12.5116873705233	15.2871195698455	25.8629871679392	17.5159438466683	18.4143817601798	35.3254214153573	21.3531286642151	29.3674756905734	9.06120339106477	27.118563614921	19.1352707335616	13.9893489254989	18.3669703992457	22.4844749885453	17.7231485364286	32.5484135137793	85.4752395155006	203.023529594632	2370.86613504818	1346.63816484431	46.508455309793	30.4673102466139	36.5880320618899	36.9762438930997	38.3338676374698	156.112322848344	163.894126505845	41.9896220117139	59.1701852835113	45.8404524506883	82.9133495266452	71.5102742810624	83.8149747711909	123.771742101933	136.09779621834	59.1264995007274	60.5597972446651	74.4698261759583	66.6052498271507	-1095.99887982873
696.895	2.03353570903241	11.7939263911604	6.5541395457911	7.32977667886951	18.2944080543538	14.7026461629905	11.777130947759	11.708414126705	9.11541437887188	13.59998853	8.89877842106434	10.2104148554858	11.8071745134689	17.635315890044	23.7859894645289	14.5816286823569	27.9219164122168	12.7458607232007	19.8996412412981	30.4556950833288	19.8583724835773	22.3921750906982	17.7881394780266	32.9114146090576	28.1687011159142	22.5598745463613	41.2580624358097	35.6870127848217	71.3645793596702	101.538526628936	971.356647548913	2478.36115741682	288.848613826305	42.3999513592697	30.6742136718879	49.7899962534717	44.5016591365193	80.8207802870174	188.319466839617	105.051123834456	58.7454643718274	53.0190887746013	80.4359155870086	66.0222546057589	105.771754863388	100.406471298341	146.451540493652	91.8670468645102	57.5437598260712	88.6851762494534	83.7962035820069	368.816612487808	-41.6393134110862
701.63	1.02533610181359	0.45743512177323	17.7626843543552	4.66834377314422	14.7588592272037	4.32440883027111	11.8763761884163	13.2320727437872	11.2604811118528	12.9078540161499	4.7860095689845	4.26060308897284	21.580844684931	11.9769309242085	11.6404746933452	20.3062243288036	17.7835028716495	9.73732530066746	33.7302004308305	25.2925182308213	-0.890031906943957	49.7615528676124	22.1096761739236	21.4512699662901	25.3351499574839	16.7827760997621	23.9325063908292	45.9027363477809	94.7307087418768	161.216378365409	2010.88541809674	1384.98991976402	37.1385474825225	31.9749895280175	23.9728452890647	33.4730492256033	41.8561269490314	101.64837795913	169.127859168503	62.0115418125944	35.4335755953835	33.0407109667704	62.4974753968523	80.3535075569514	77.0842482372957	65.7064687314504	71.251862986121	125.6151938465	66.0326335339303	11.179065174559	-120.082286306085	236.679297260752	524.877570448863
706.367	0.518807536255736	6.94369743065453	3.34426090963124	6.69268720112836	5.43112901228088	0.93775629294093	13.6682145006103	9.47637803659466	11.6278894313167	10.88536062894	2.11895455550201	25.1511527350344	15.4381168955443	15.425914433298	10.7089780535373	23.3838030395079	21.7457348490435	28.3793333547319	19.4434965347631	32.9083845670377	19.3648464933551	21.158603012207	24.9074086700649	17.6122814586252	22.9193120691489	21.8901785086431	35.3971629320363	75.4387742088128	85.0896202885653	788.176550634141	2303.2621675711	343.198476827878	30.5824910598629	33.8629267992575	37.9550571855665	23.5464967650709	43.6673993542011	131.130566252667	115.406197799048	66.4148241509772	43.1415508461064	46.8109486274468	63.2459174615882	75.1202971258008	52.60962501909	129.716516280123	137.655274367746	81.038684904063	168.071003639629	67.8776442253044	0	-102.648712980818	254.958370364276
711.106	6.81574404800048	10.759473243843	4.64693390363525	7.55907843743492	9.6048771078785	6.63363652785314	5.95370682948625	11.4501421915131	8.46051957223037	7.97525306828547	30.2846418378774	23.6013505662479	14.0791305824174	0	17.3153652031967	16.4699653341974	18.5654644907165	26.2891941133887	32.3115072771586	24.480122211743	18.2041011094321	13.6845527748487	20.9043303316561	8.69220781528363	19.6283238704953	14.8747460933123	42.548762914967	85.9998536225663	119.783067583313	1715.91522018316	1351.60047655735	41.2359606189048	50.640422225661	33.8404113590852	47.8461426497585	44.668242867714	73.694901667126	147.499891031693	84.0097506938101	52.847561245695	34.5381051565462	55.9064291568226	59.1544663167877	86.0878561189017	54.0820155895973	55.078482230224	132.485150038398	118.827667661981	65.4829632576475	162.91235426584	63.6761631602016	423.576626433342	944.722697402209
715.845	-6.8946227288281	9.93755859419904	7.69207568859716	-8.85391127248357	18.3910652208218	2.55634578146562	2.64994802340543	10.1084987459128	8.79616751546397	11.1276562203548	15.4722860257273	16.1611927270848	20.7857216172033	17.6465724664874	4.37893902878226	19.9202496375684	18.780322815452	-1.61172359066628	21.6430673865655	17.2876782001387	6.90554151441815	33.3095364876694	20.7147001239104	30.5654574633671	26.2092371356496	43.211586401685	54.8489376205635	92.3136104911476	626.358012368938	2095.24880490363	386.653517616582	25.3258622271173	35.4065406806504	22.3085248886692	33.9999062786206	39.6953996239867	109.812888020102	124.575927107337	44.4905746186216	49.1824333209562	40.0925746215788	44.7455748471966	47.4585661013559	67.2922991371654	88.0890033614804	21.1720443221162	45.5662567265375	77.9694237189465	24.8402993668557	219.730320977976	-101.22056700921	148.655869747407	499.547445956722
720.586	-6.38024401909763	13.283341181229	8.99661689494118	10.4899814749404	3.47872344029117	3.84414486509327	7.48678312813992	7.60040637492002	11.6782222497553	8.64558313233962	10.2373442965528	11.414879081691	15.8213701783323	14.6796601606158	7.31655322830862	10.1666765565104	12.2954899736732	27.0641419525048	13.7269266825299	11.2417798476508	19.8455813549629	14.311352956138	4.3263963333599	13.851948508583	14.3318361394124	34.8107664875171	62.2418110715344	107.017468120043	1504.90056820866	1337.95401698125	53.349621685404	25.7628145087008	19.6357672532739	23.9069095724737	17.6441344826509	36.4082382710451	116.353765547593	64.5812098026261	31.5723890931174	35.907558426121	17.7998559889955	56.6954068732031	55.8520900029684	34.1274457784241	46.4790223111113	40.216158411655	75.2387118198534	22.7981712321993	62.2566464148493	139.125431344756	106.087156646794	245.459621828908	457.253554533786
725.329	19.3746814687894	24.0101751386615	5.63740598418508	3.26713731311721	22.5359517901524	14.2674777300303	0.488922002866454	7.26589733643887	15.9221099641413	7.62206045065961	15.0726853925652	10.4362309240276	17.1865592313793	11.0490622370405	24.0694366039261	29.402684926276	34.2258751040078	24.9416581422708	45.2698464458918	22.284234485763	26.1613062282011	9.21853852430048	23.6480910617577	10.6221630772339	38.6853556395302	49.3307421317937	59.1373793153349	554.348996243579	1982.36408990279	413.191415377355	44.9384713746974	29.1012047418849	39.3693082648994	48.3982280806598	40.5904354283227	70.2782743236929	116.869941931492	61.5252327149759	38.5528524829372	60.215747130854	65.0951818888914	48.5593915709805	67.0041451449041	65.0723327723142	66.8069055237575	128.907730026963	116.957426304542	125.274187649074	136.538099047099	173.098508369275	322.151450917687	523.540240849477	749.363852421837
730.072	22.7445605811379	12.5630434435076	11.7813732158468	-1.23280630073687	15.5899526951338	12.0723673162692	4.919667733035	8.38631434686955	-10.9235898996129	13.3506580539918	9.16312444647025	13.5015720904898	21.2239499320915	1.53349937488583	13.4137824629051	14.4230729505037	20.3503284327527	8.22851893781748	9.47115910449591	19.0834127241893	14.1022640498262	10.1593706731151	20.2701214541482	32.9200033809813	32.8440397871131	55.1532780029005	84.7858400632226	1423.2076883068	1369.108267515	62.1345578438044	29.2589171480545	19.3948582274807	36.1530217961129	18.8514692530444	36.7588917758308	69.8535440892456	88.8820215323847	37.7254203982489	59.2102784523233	31.6600272276158	61.9916045401042	36.8049892268262	66.7191082436113	29.9095081417119	59.6485301808868	73.957744193029	61.5797689968097	36.4894127262918	78.2057003339203	115.133607008601	75.1669924144066	455.370007556418	1485.88368968185
734.817	4.90834950599439	8.27246893322732	-4.39437241403287	0.82769112063532	1.42730511485435	8.21477051011497	5.44995814793795	-3.89801714626493	8.80075810122042	-6.57956770967022	10.8190521423223	5.28779469049977	3.95819478721496	-1.54435917710774	-6.00390000821389	11.5456821373389	3.54711524106252	22.78867510172	24.981081540353	14.4139169799126	8.99468374839026	-0.444839844300629	19.9698932285537	-3.01392121743662	24.5012087745009	27.3751869995334	363.870843735669	1957.14501137646	461.29388239685	14.2917243628955	33.2928892802599	13.4044558145988	35.6343865380608	8.30592435094312	31.6719888030796	87.2839110665242	46.3623451645524	16.5608686377522	34.4412279224381	30.7847780888122	31.8042736721139	21.0890662505168	32.5348770024994	48.0312919646979	62.9314650834491	45.8347641231479	77.1752914961105	46.769953069796	59.6018069757882	157.571650206997	-37.8496517350779	305.729871458966	178.675378064979
739.563	7.72378570699956	20.674962185662	21.7822204845154	-1.25593963240076	-4.69255523297811	17.6173469117638	0.501198418637925	3.5051001602405	1.4838091460993	-2.02570767977189	0	3.05665023108959	14.8152197147935	10.1547884369128	15.5634736514321	10.1725744536896	11.9608833157837	11.736095330875	21.1356490565658	-2.91622629777012	14.8457861763926	22.5000194959726	13.0187844648871	13.5022069347626	34.6996230229793	62.6097272936437	1057.12557317537	1382.33815173843	65.9862546428598	25.3983482765643	10.4521397552716	18.5965161031399	15.6729468429139	30.8083622221867	62.4144401230505	100.596491257255	33.8981574282578	40.8970043481815	34.8407774010633	29.4735928565498	45.2808451636804	67.8800135512605	50.0839516458904	45.2943630187593	68.4843701168963	45.2073267306289	12.5470598894489	74.3482566216383	94.7465231264254	123.309143288521	119.652318815709	200.12016279853	-384.089870793599
744.31	9.4791802760682	-5.97030283558482	-9.43506824023763	12.2705827779029	20.7950791457118	-2.68765985785232	10.6377227689148	5.31387547402998	7.74833105865368	11.4067788768875	20.1711601493625	13.5158537644951	15.3783467912402	13.8160932993504	8.05678276495264	6.09265766754345	16.1183904326854	14.4033725945645	-6.03699464917771	5.89482475706813	-20.3287408170197	15.4636313720474	10.8893852299126	18.4889410350683	55.111100434959	308.689282782165	1522.95391049003	515.632654189194	20.7663434424842	22.9055008384824	0.782512206129562	18.4038164085691	17.8206222419236	18.1974310075669	62.2408072301644	62.6017025265034	30.5060705254508	27.8882403991906	38.8923723532819	26.4164679622803	27.6999155408412	54.2313473995954	10.8470461460911	35.7906514798356	38.9953470168503	-18.7449325997955	84.541586411744	76.8511388607319	63.1143747757728	-21.2779186844451	-43.5354764176772	294.196719782639	525.208141764287
749.058	-7.32286730579309	27.6435462029903	33.1332900097804	20.517497060026	14.7421784566736	27.1512767002097	5.88495524483423	15.8808751220674	10.1000242525382	23.93312369515	19.7199763247268	21.4562628185868	17.9884888362887	19.5402107668814	20.9291730949021	26.1584289832378	19.1326659455239	2.1397903939538	17.3578173251837	34.2416508272822	32.7606071536541	30.3244168237432	40.3358063421604	36.021659502941	72.1235695813428	891.275784352982	1170.77896924624	96.4335205868487	27.8369551815256	38.3000183950762	35.5729257016243	25.7122061689011	42.0064132288071	58.418386273309	103.661927134293	73.5574780318565	29.8696004690422	49.806294461801	57.3419452323968	23.8474602037356	65.6992360329396	69.3070720987936	75.2442649925792	58.8593062542795	68.9392872434459	104.150779214595	118.144412189779	158.723624482026	215.462806775853	178.104564272822	302.976142809706	529.393560567178	1568.6587538705
753.808	-11.4829105902912	11.7826527011458	4.62621568841426	0.87135938574906	12.0208679508495	-2.42148890817543	-6.2590835011893	3.8756913060103	-4.63253922992384	12.3475956364258	-6.36491949741331	3.1810137992708	0	-10.1614889177167	-11.0611559825248	-13.3310954319487	-6.63868082202971	3.48959793748403	-6.69430661953331	0	-0.498380813465293	10.3028025843234	18.6875444106897	42.1546824133483	250.200551446379	1357.85685969092	476.258286796197	7.40264293449242	14.80332641892	1.21992513531043	15.308930372592	27.8201361583196	24.4659298971091	44.5534635720715	48.4988733701775	12.3432897028549	12.0812827362164	-4.61504268337354	21.1055876318417	27.7791053661575	9.92066356915627	39.6939611452103	43.1865337974723	5.14224215990234	2.0076265017768	10.8569174613951	55.1318880322389	54.512941113009	-4.48188189851831	-31.2990554159374	114.558878711254	132.530552869983	-987.536213615896
758.558	-1.16916891963168	5.21603527057343	-11.3047873482104	3.99240973476566	3.05985688136702	-0.352216520667218	0.265536839775526	6.49955416383239	15.9845978404559	3.37300127712296	7.16281752463901	0	0.42427892366541	13.6570392521944	-6.03335698994255	2.39531949589044	-3.80215304576785	-7.55021996747006	3.40801018021535	14.9352692168327	17.2530352740528	8.58282941798027	28.0652901611379	36.4598806823543	798.828268915504	1151.19940237915	70.1136071425248	11.7245884305097	9.21095741076368	17.8035110739838	23.7911000492209	10.6735474966963	31.5536313673926	55.1145574836923	71.4256038165795	18.1533609784211	32.4744835882654	12.5305384338964	25.8973888620338	14.1420880855529	15.7828717183358	31.5105177303053	36.3904034781152	78.5360514214159	53.1473416351114	30.7064290573831	5.90887140833877	14.3236330232658	27.3802202464485	60.5494371701018	289.068688716054	-154.217349685539	981.551012461235
763.31	-31.0069940770188	-31.3907424372643	-24.0231645710097	-13.5744707991677	-8.58307414125026	-10.4187778244262	-13.8135089962329	-0.710322950829141	-11.4934230176165	-5.62996094343331	-1.39166158911559	-22.7129000959968	-16.0126141586354	-21.5289004869795	-28.309090132583	10.9947414120543	-15.5131017874161	-5.4362695895554	-3.97284742782244	-14.708966042167	-4.65841482393698	-13.13199765854	-4.8520646792404	215.606915349479	1298.35667529102	481.064049015018	-1.71299023611681	-2.98983121452254	1.28118664985257	-12.6697345146565	1.25521130188525	-11.7247212636094	22.0215637676923	72.2185060456376	18.4387645683076	-2.37394961631334	-19.0717687060878	-7.45582289633977	-2.81019968558181	6.61156143661222	-2.57581735944907	10.4808866152877	9.27974272809579	-1.78018691722034	10.4252687504582	-12.5284793579122	-21.095102482737	-12.784104005229	-137.314613662071	149.528300674064	-46.5562254529903	-186.799586276046	-1001.20251490149
768.062	-9.02800439846341	-2.14809630212028	-3.39470806678463	-10.0477429026514	-15.3577986874891	-9.06573391407188	2.18709680441177	1.91191578887025	5.66558044872497	-2.20991259566509	4.21404409378102	10.4206327399805	-7.42597728695084	5.96518463000405	12.4234511148564	-3.69920113022445	-8.69901975781202	7.31617192482228	-3.00751173447055	12.1954022707665	0	21.1095836806596	50.9335680711436	736.975730628153	1077.96576545829	89.7572209389016	14.6966378826577	-4.31114680585249	6.89692197466981	-7.24668463000776	8.44636338879906	10.9890974268843	34.6237426283397	60.2358850218778	19.5191363707468	14.3769554865943	14.6909389073856	27.414599398284	10.7786645891428	17.5935520787679	25.9991557697184	40.1999765364122	-1.56109332186423	52.108405392836	41.0389316711888	-6.32284515804587	24.3342388682916	53.4582125413485	2.34914015194185	242.795965625987	135.754045786306	-198.47073818883	147.888194125945
772.815	9.02225408637739	16.1004606757576	11.146936317634	7.75921965012491	11.0190888882211	7.24796765638852	12.8410095391691	-10.9865135578368	16.1770622986369	3.15500715753334	9.82650665161875	-12.4967944858683	10.9135990774539	6.38719838080517	20.2787122321408	13.555098168058	11.3015226866728	0.913938993768686	15.5289133122999	9.53814874776222	3.6547793428643	47.5889627074801	215.840353122145	1189.99667190991	492.70209263695	35.8800203303275	17.7111281250685	18.0952835988119	16.3697564646686	25.9862472821147	24.0568031120902	32.9462940388625	62.7956584033938	48.4197429622786	38.1061190895931	23.4674037344022	33.9195161944572	25.2483427686547	20.4097248163953	32.1332530574088	15.5895574946083	18.325151910786	23.4014849474429	51.1773668377196	9.464490522929	21.4839807735394	69.9163757113226	81.057350423071	77.4722482617478	249.199192241225	313.079027029297	-138.841026735509	221.690996961668
777.57	0	5.47622061535444	-1.9781151237519	10.7117603758378	4.41717116330185	7.76550017423827	0.836346903740324	5.11782282753029	-4.40181998961344	8.37023371988227	16.1145255342589	21.6776119226982	10.2451827800187	-0.868986500491621	5.06744946523093	-7.12527345951437	24.8379374044707	-5.59541555199034	9.71173583339688	21.6279553969367	15.449876333155	37.5456524597457	636.748786842708	1076.64523536305	93.7478119775	21.8775555954596	16.7498087561576	14.0679225917986	22.8573486867266	7.38969546656732	0	37.0658792588403	57.5373827403471	24.0357206974623	14.8125319699729	31.7648061765859	7.23213909298587	1.09629871050908	35.8666013700658	16.7034613626123	25.8494341898405	55.3769265851546	19.1028115599775	36.6460323498382	59.0175679599066	83.8191164118856	49.6289334581373	-5.63929572797132	112.588482488235	344.614979168837	133.108755129788	-202.387490158889	301.613433863523
782.325	-13.087138228812	13.3453475876049	10.0429032740625	6.6206215103178	-2.03872786892193	11.2644270278393	18.6830100082023	-1.2372961708544	-0.838052570627337	22.5554263046817	7.99954714398881	23.7378653906413	22.162853059368	15.0002902787538	-1.28637368509136	11.9164901641841	23.869376952969	21.3059707036565	13.494423012781	18.6668957979468	17.3107027960339	152.495616250931	1112.582633975	526.441427470494	24.7311638456989	38.9887112042951	18.7980698378408	8.92786674546904	20.9777101262499	15.0070126666342	19.2405434647463	52.5163838149913	49.1288798911506	27.1176687554242	13.1605811035113	20.34484670931	35.1440047845964	30.61253603143	31.1323653385224	30.1523844782017	36.3427600231225	29.210287204979	47.6843397573235	7.44208572794369	86.0762667553714	-9.16569652943508	44.0941228130749	91.6183708012788	231.077374861972	125.700313922484	-10.8127041679056	441.834716367294	459.388006200156
787.081	-5.75929504520445	-22.2681777118259	-4.12496905365265	-19.4237079662443	-8.79245134156945	-15.0367466253662	-15.9870018015515	6.3525061873278	-18.0714075704829	-7.0489213899337	-9.33435155643346	2.65908149169621	-3.25109043654788	-6.34235001206531	-3.08209028168304	-14.8583528665219	-20.3478868255804	-25.2809610120685	-34.6414252716528	4.51008364654377	25.5519457649923	520.916446606987	1003.93155904907	109.124296024631	5.74978167810466	2.32761879919772	1.83833807893643	2.75023862885149	22.4573095620629	14.5032967760406	16.6137551622639	42.6912229976865	19.9971444518301	-8.35362604100434	14.4790381625595	11.2097175422138	21.5445715339756	-0.571528699228584	8.44433993317299	6.45032873132398	0	1.49970988817589	-4.14949446784933	26.7463261609532	-1.11881364662994	43.024797576485	-25.8728387724362	66.6379560708034	194.818343374245	-45.3502216507718	-144.337472741411	-654.160767377893	-366.890618136022
791.838	19.1788922074096	10.8379992771953	15.4535196139805	0	5.85590684954632	5.00735142781335	12.7771047754294	7.10785508186053	-2.86567461493688	7.04203391847117	16.4124065613397	9.29769160021502	22.7353966682297	21.7239528978044	7.03789436393886	11.3511678130023	25.8720063520393	3.88557832174199	14.9078794439605	37.1718341178461	137.068778898856	1029.34301470765	538.929898405141	26.7497063429788	3.35076209451322	28.3692028103583	16.5288766187366	16.0273830631067	16.4831264957982	24.4503995609027	31.849298842342	44.4452784076854	31.782553927786	25.5000281192284	24.1081512587137	30.5420852026888	26.9044005296056	16.5581375672247	8.436089004117	31.5757280969378	41.4240221855632	30.7140128229266	58.8652482022887	56.3032626373825	-2.23544091703668	83.2790940659984	43.6177550200816	121.397539795557	222.075523844751	163.798290505467	155.288475142193	42.1626832026848	-759.245128199917
796.596	-27.3517615418677	-13.9457060255504	-11.0194316463406	-8.89516168354476	-6.39132836506015	-7.45507588583632	15.0863334755961	-0.775774563472636	8.46561711260435	-11.9558541869866	-1.51989409963112	-17.5895284436845	2.83590353369306	-24.8957447446609	-4.03272881433604	-14.676242655889	-29.6494320901292	-11.3796070089416	10.3049333992782	9.1796005884578	526.289880063611	968.352302628086	115.521485148484	-16.4523096590031	0	9.47503974352884	12.1604020145822	-7.4635990857661	7.46261129330859	4.61238921955563	25.1326315378621	27.8967762419775	-0.925027184353524	7.08439840324291	16.2084539244752	3.11123225031962	-0.548134405674803	12.7958728804458	7.3659388822228	40.6989055592947	5.62632415376509	31.2874601053784	-3.37827010264542	5.83265848440182	43.2663784229669	64.3096147879237	27.9757806255095	135.631591052629	200.803615214819	-10.6504144757545	0	225.486887704521	-1653.52000318509
801.355	-6.7461570151922	-8.52741449931828	10.8715215275038	3.83939715460386	-1.10346945055965	-9.14537292550867	3.57503872781007	0.446460934992838	-4.03199323459272	12.6800278926307	-15.4166631582564	3.5040580067824	4.08018064402146	-1.98994262555152	4.64169866297642	-8.83014769528497	-8.53167517745807	3.41687115838361	19.6643713316883	73.3001233952925	795.430300115902	457.173519474764	19.2129807774167	7.1012706838473	0	-5.72556392962524	9.69002760507516	1.61074762395859	-12.8842755577775	21.1028448453522	28.0074011171522	22.1080989081284	31.9413799626211	11.0081583832826	1.27200287674425	12.9813054013888	0	-2.51047804902031	10.5978080337423	17.0001003037756	32.1773163578552	-17.7864552558153	-11.6652365238729	15.9443965354067	53.0762089982167	40.1602266523677	49.7210766976781	196.289009208598	57.050173828854	15.3233755938762	-29.2620925752392	74.1534177237903	736.727582481505
806.114	18.5519317917785	15.5499911458157	-14.4953620366718	8.53199367689747	12.5059871063427	16.2584407564599	3.83039863693937	11.1615233748209	4.53599238891681	-10.0260685662661	9.18439507300384	8.5654751276903	-0.816036128804291	-11.1436787030885	11.6042466574411	25.7226041558301	18.282161094553	8.96928679075698	1.40459795226345	322.421488718483	819.342008524294	128.393766753194	25.1598557799504	12.4272236967328	12.6281503527504	17.5856606409918	18.9763040599388	20.9397191114616	13.6895427801386	34.6405188970875	45.7585708392909	4.34266228552523	23.1575004729003	8.15419139502415	19.9280450689933	15.2194615050765	33.122590159705	16.569155123534	9.00813682868095	35.7002106379287	6.67831094219636	36.2316681136978	38.641095985329	70.491016261798	33.418353813692	72.0521713468951	163.369252006657	232.447510904919	54.855936373898	116.457654513459	170.695540022229	231.729430386845	161.159158667829
810.875	2.81089875633008	-3.00967570564175	7.2476810183359	8.1053939930526	15.0807491576485	16.5971582722194	-4.59647836432724	5.58076168741047	-1.76399704013432	13.2697966318228	4.26418342675178	26.0857651616023	-7.75234322364076	-1.98994262555152	11.2174384355264	10.7497450203469	12.5943776429143	18.3656824763119	56.6521174079591	665.6443638059	454.810453808602	16.0492208441492	-7.31923077234921	14.2025413676946	19.784102219309	15.5408163804114	1.61500460084586	9.26179883776187	7.24740500124984	39.4185215035823	44.9696299627514	30.3986359986766	12.3772847355157	34.2476038591014	25.0160565759703	21.0386673746646	1.89271943769743	24.602684880399	10.5978080337423	29.4668405265443	26.1061245922222	7.24633362273956	21.8723184822617	67.1343012017124	-14.7433913883935	23.6236627366869	244.343576914304	151.521340441725	120.683060022576	101.134278919583	-4.87701542920653	324.421202541582	-207.204632572923
815.635	0	-4.51451355846262	-9.05960127291987	-6.82559494151798	5.88517040298479	2.37102261031706	2.29823918216362	1.78584373997135	0	4.12838117434487	1.64007054875069	2.33603867118826	2.44810838641287	1.59195410044122	3.09446577531761	-8.83014769528497	5.28151320509309	15.8030291075242	240.18624983705	677.530870302434	145.910220696107	7.79533583858675	-8.69158654216468	-7.98892951932821	10.9443969723837	-0.408968852116088	3.63376035190318	4.02686905989647	32.2106888944437	29.0661825228435	7.10046788885548	0.789574961004587	-1.59706899813105	8.96961053452657	19.0800431511638	7.16209953180071	-3.78543887539485	11.5481990254934	11.1276984354294	15.300090273398	7.28543011875967	9.22260642894126	-1.45815456548411	8.39178765021405	4.91446379613118	33.0731278313617	146.32202571031	70.5951699785308	-37.3020367342507	21.4527258314266	82.909262296511	-148.306835447581	-782.773056386599
820.397	27.5468078120348	22.0709551747061	23.1019832459457	32.4215759722104	-2.20693890111929	8.80665540974909	13.7894350929817	3.34845701244628	7.8119868920234	8.84653108788187	13.1205643900055	2.33603867118826	17.9527948336944	24.2773000317286	16.6327535423322	5.75879197518585	22.3448635600092	57.2325919029255	544.047606843376	426.428420563154	20.983744113487	27.0544008515658	18.298076930873	14.6463707854351	25.2563007055009	6.54350163385742	9.69002760507516	16.5101631455755	25.768551115555	38.6221877358332	27.6129306788824	22.897673869133	22.3589659738348	41.5863761146232	40.2800910969013	35.8104976590036	41.166647769919	54.7284214686427	36.5624377164109	43.6335907796906	10.3210260015762	69.8283058191267	29.8921685924243	41.1197594860488	86.4945628119088	163.00327288314	326.738504013313	63.7078363220888	144.819672027091	104.198954038358	234.096740601914	324.421202541582	736.727582481505
825.159	4.49743801012813	-13.5435406753879	-19.9311228004237	-14.5043892507257	-20.2302732602602	-4.74204522063413	-9.19295672865448	-1.11615233748209	-4.28399281175477	-10.3209529358622	-12.4645361705052	12.8482126915355	-9.79243354565149	-12.3376442784194	-17.4063699861616	-6.91055037022302	2.03135123272811	168.708013445191	546.856802747903	138.675909126229	-8.29589883556462	-14.2150241762464	-9.60649038870833	-12.8710531144732	-15.1537804233005	-13.0870032677148	-27.8588293645911	-11.2752333677101	10.8711075018748	7.16700390974224	1.97235219134874	-13.0279868565757	9.58241398878633	-5.70793397651691	14.4160326031015	-17.0099863880267	-13.249036063882	-7.02933853725686	2.11956160674846	6.23337011138438	13.3566218843927	-19.762728062017	0	20.9794691255351	-20.640747943751	140.560793283287	75.2919161421983	-49.9331690092047	-70.2155985585895	-33.7114263065275	53.6471697212719	-342.95955697253	-851.84126724424
