Wavelength	500	495	490	485	480	475	470	465	460	455	450	445	440	435	430	425	420	415	410	405	400	395	390	385	380	375	370	365	360	355	350	345	340	335	330	325	320	315	310	305	300	295	290	285	280	275	270	265	260	255	250	245	240
248.336	15.7490525240335	7.02475267038635	12.6823320353678	-7.25303881972985	-5.88946506297008	-15.5894877282113	4.34138499000883	7.36574426170342	6.80359379492965	-7.95923797453193	-13.1209234733454	-10.5084160743525	1.22354744841032	-1.98854205300327	11.6031080599252	-0.383818848243217	-15.4378624544818	12.3818461396312	11.7020665621351	-0.49510344516803	19.5110461831104	-5.04027618298384	13.2520941103151	1.77422716080771	-5.46882413217262	-3.27155874788831	-0.807175070644872	18.5182214459622	15.2888132714594	0.796304042965093	4.33997922964568	10.6570279712232	3.59243113744439	4.89409141438491	9.32560185469574	26.8489237044668	30.7620649066962	58.7242592591254	48.1780318056729	52.1508756278703	71.6504334063247	133.723673816407	362.527756699654	729.380584597721	944.794086780012	1004.02678450411	980.809062658913	1055.72216339982	1141.53352252917	2503.67610055503	53081.8435565726	178445.019918193	62212.3292208648
252.814	3.36834083683757	-12.6203652263395	13.5622180559348	17.373992262473	-3.96778382652801	-12.5830329202718	4.89383122753371	-4.00999269506425	8.75230082420021	6.00214210379611	0.785749354747333	12.119828378438	3.90786159747245	-0.476337092647298	9.26472864979952	9.65373157179406	-5.83894578533896	7.67058153040568	13.4549913629533	-2.96493774515378	-15.1895021520084	2.19518570906206	0.54731347369609	5.84374885873349	-3.02309281939752	8.32651529190892	10.6343280095695	-7.23239815587149	-1.92752401392862	9.06049973925857	23.6273272452511	-1.89095833167736	8.12726629887374	-5.86167456694558	32.4925494978914	36.9806335616501	49.3140880593198	76.3457793411397	51.9961442904103	73.3241705823322	132.360326145961	366.083258450561	815.983500701035	1096.75291906009	1244.62463368706	1220.91883856159	1242.81894733727	1355.20239435205	2508.32222866012	48037.4173578602	191272.701955161	82859.8087986931	4018.74720096804
257.296	15.3302055753659	33.2977410864498	-14.4920089871097	-1.01117149616755	3.48955137650569	-8.43367867263919	6.96034806186604	14.5475255407174	4.77769407420574	9.08248765799148	5.8306827629369	17.0647119805097	-4.34976518631427	16.9664514537565	-4.12495613126231	-3.18381687683652	-12.9984353172952	-1.51786239859894	1.10936968415985	9.38727787397398	1.15604383993075	1.08596389743049	8.66423531177492	2.10248529027118	5.98212651785123	-1.45381696936185	-2.39128583728233	10.4951310283115	30.5136314532755	4.24634403223728	18.7015972454242	36.015281141767	25.5425025260593	26.0980665039874	22.6042678801519	58.8602838075872	79.6368758865545	61.8569877768575	79.6773947413456	133.675124250426	297.173862299687	690.062249028359	1045.90921137549	1236.31544113659	1160.37098260745	1191.18626100982	1322.29628780937	2149.02406280796	35605.5202509196	167218.598921787	87755.0260019411	4347.7751687384	4820.42371961746
261.781	17.5851976368659	17.497600873936	29.4111735144064	10.7737744886549	17.2622729680378	12.2256729320063	0.921251354349642	5.09957287935435	-1.51503310311612	19.4961079504473	8.28325843715045	-2.3400277403137	22.0693519365405	2.86941610415573	1.39524939369208	13.3844891932942	6.35074139612931	25.6705347155426	10.1314724105271	20.837302586623	-6.45194648243338	7.7137789702873	8.79192554844948	2.13347092658633	8.59957586421288	5.40922351303335	28.633026945948	22.7518546760665	15.4816649303969	18.6720085552672	29.8891125882463	34.6475641257924	39.8383681397738	36.2910936740878	60.656682819931	46.8136375817453	87.0705051251636	94.7564635002852	80.2150230081329	269.245453587684	660.789143756323	1025.00042053123	1220.08337810464	1214.16456824053	1231.85333434751	1359.30156322416	2051.13445981357	27069.2039846013	149153.805593111	93421.394086526	5722.14580897026	3732.24772458818	21306.891260381
266.271	-6.87910271115618	-10.4324741583954	-21.6043442464281	10.4360576621278	12.6051869849659	4.55934117678704	-1.56165385348495	2.72984563781376	6.47186278383077	14.4212568177086	11.2330537343261	0	7.98095638540995	13.1329996714837	6.14938704084939	8.44956199656343	-3.97492511673596	-11.4880278518467	4.5798150111582	38.14801033958	5.96562512847265	2.80199300898204	12.2954545322051	7.59473564293728	3.08700440622855	13.5040455570095	11.3527473928828	-6.89294591819461	17.2223978707772	22.3996973555974	23.6442988414327	24.1366915052493	40.03088474331	45.8895767604246	56.5087994695416	60.2010005555072	65.9845672383961	114.791223805097	206.554061307153	589.981958646129	934.227935232685	1193.97672016157	1212.38268573399	1227.72470676841	1334.66463024105	2060.06674892953	20329.8354131011	132620.289334542	97546.1257902518	6765.79921794582	2536.88699832084	13903.6269248177	28669.7411205027
270.764	-21.3378146268725	-36.2282084570212	-19.3999663314014	-40.2025545286125	-5.40541393868043	-12.8566419905548	-21.8760679148664	3.82404131598367	-20.3521545413207	-23.44838447092	-8.02834913673391	-23.8141642241346	-14.4740278133339	-26.2815139491989	-16.5658212335175	-12.2121319975078	-23.8636379766349	-8.8823558980891	-5.15533520521936	-25.4470288827927	11.9382977196049	15.1396995752426	12.3027171203524	-14.6556417443472	-19.0477715268206	-17.5155841087691	10.3716746149884	-15.7646111828803	10.339542401626	15.5916022561153	16.4159388970217	14.9735880003588	38.1006503834051	10.4809818695746	24.899307597481	48.1892477098205	61.9694653426116	168.910335053223	489.154955125358	893.473105682629	1151.01259560092	1179.3655339937	1227.38105929854	1267.48090669376	1673.52711286727	14786.0236168552	109423.950514348	100056.65547118	8532.13392379484	2342.95754202874	8487.16647055544	26859.9409758023	8409.13332332721
275.26	-10.1065651814144	13.2233534179584	7.05343002799021	1.53323335074272	-13.6688973850193	-10.5551226204402	4.58866719214894	-3.74323121731462	1.81109730693108	2.11872649887491	-5.10815051637469	3.72974727298865	1.46567181989376	-2.85845887240151	21.7754361399268	15.6322372283411	-13.6262867553293	23.0152576510584	-6.72852272637618	-4.15154653724734	8.76451213775509	-10.9776041720165	9.30574948684784	11.1579509761464	2.01570289077674	10.777135404823	9.18559446539579	2.4111674270299	16.8684099239649	0.953882415723049	20.7952221683935	13.238729087627	59.7684341032532	41.0379860262657	60.9328311247827	91.1256153336641	130.390480492858	448.524773179654	790.842567391098	1110.89496635569	1177.60484923023	1157.59941235721	1211.92922443258	1621.75300659975	10407.2157032032	88972.3021750338	100046.874037566	10762.8161919525	2882.11829542056	5891.6566510919	22456.239326318	13329.2919039179	853.425905896664
279.76	3.93042406503236	14.0251012075566	-6.85766396035723	4.47203660509073	0.428694218928361	-21.3137335584444	-6.54325460667702	3.63933883407034	-5.86943594873004	0.343320301742808	7.25854831417042	3.17295049139235	2.84998497953784	-3.70549747922036	-22.0719610936157	-5.8111409570232	-6.62404640187099	5.46980507785242	-14.7189923418847	4.6129388243328	7.38508805052202	9.07198514373182	15.4339209365725	-3.61608834174328	0	-8.5729245450842	8.46061649331904	-1.40654767122784	9.37156097672121	14.3748187904103	34.922097293892	63.4370805000131	68.8017393679662	63.1733971576301	74.5457512995618	117.781160554245	342.283124283246	741.796991221708	1087.05554015323	1155.32344310724	1130.77718642958	1193.75063073258	1440.79596187596	8374.42406304478	72058.2936127204	86575.8108368971	12745.6344545187	2990.60164430354	4548.34117275027	17874.0690815232	17950.6708756295	2935.0047814503	615.613027315507
284.264	0.623447664133673	-21.1344135398445	-20.0818945041976	1.41871753746304	-3.67199413340655	-14.6501550769529	-3.67981794843699	-5.44288275253819	-9.21705447238539	-6.8616825602893	18.179336041884	-2.58838186499662	-11.7537516745414	-18.9555693320068	-28.2944085243022	-8.93406678562134	-23.8661871702334	-24.6090217909525	-8.30130059328921	-18.6585747808748	-9.7318783767265	-4.06307873504654	0	-5.4081100343482	-27.0447020220908	6.34594602820646	-11.1835930479238	3.12351131545752	-14.2706501777131	30.8923230063396	23.6152380502145	48.1247657660485	52.2073382853762	37.9728959387839	76.5852960422209	282.718408965073	647.847350801218	973.5837944479	1080.35143277403	1039.23289404807	1048.59521075293	1214.98015845953	5677.39749885324	58550.4531686809	68581.9165356557	14519.8296503685	2773.01136301595	3548.72345012056	13290.4787020459	19980.1828293904	4495.53542861431	1509.62502357679	-152.842121861477
288.772	2.94700485996969	-17.8770710874484	27.5285622045224	1.78832117737317	0.385718362920431	-3.55130898750419	-11.2393997263958	-2.57282252332509	-1.58431053565628	4.01573943776527	1.71865562255013	1.63135295859508	10.6844954215767	6.25130202827117	-6.88995604300535	3.61978899197197	-1.27714225192907	12.52736940884	-13.243438747885	-0.518812457986249	-2.04453714207287	-0.960298150708474	15.8021034646776	13.0143268909904	11.0205954781836	-5.99939172511521	-0.845828253698307	20.6705469904367	27.8258579064909	61.7483117481083	29.3540319289708	52.9415629915681	50.1928245973275	84.1921315222326	237.641573162433	523.304263007307	918.950237852711	1045.06667778737	984.737477405822	1015.74416332495	1096.95427145204	3648.14171862697	48178.5272325586	55437.427243177	16219.7183125849	2213.13718424612	2901.6082643831	8989.18159521226	19525.6340065171	7263.04380545865	2020.17197521159	1456.31008157913	2432.33857394884
293.283	-6.21465225983567	-7.56000371644561	-10.0090190598208	3.85692627573778	-12.2010597692477	-10.5526966541368	1.79558168346351	-7.3985120186658	-1.2655297649312	-0.888293998719983	-5.60119999960648	-15.6372807962584	-7.37394363489191	2.79634378529327	2.33094528903401	-10.7947372733945	1.22420055727116	-23.1584192802071	-8.9331351375486	-13.9245679002055	-3.91956887325064	-10.1253974051434	-2.29500832558894	15.1480209340542	-4.64805263971861	-6.16146155501295	-1.21614888784214	9.3003014403178	15.3568281386232	31.9938614378498	36.0631871600017	32.5097733287294	59.3383417485214	141.33107868251	440.678930089779	794.218369119108	959.292473308961	942.25561583922	927.963385172141	961.1119281965	2374.98302106833	40314.7582136809	46098.5782757801	16679.2405849611	1833.80617201282	2184.27798701693	5705.43295660392	17440.6876869021	10116.6443517471	2671.99000930307	1867.79634838543	1358.71619713176	946.454651687631
297.797	-1.09389093722115	1.95168903542083	6.16618786343072	12.861167751957	13.6015089722872	-8.8978566659079	-3.22827378783466	7.16249389228878	1.96025345398336	-2.29321799638878	-1.91382970070613	3.40614893648111	-6.74211429972278	-8.89488300088589	2.6326841009136	-13.0629712424751	3.16039369079241	-5.39732271441091	5.9171630450708	-10.591714302532	1.42294937368326	-14.2580211978481	4.44359165013481	8.19502837306305	3.27256454310413	6.76022711006587	15.3055866464756	19.964537151276	41.470920354103	40.2652029934601	58.3157925554213	63.3291872227836	150.211968016645	390.24159497084	710.6227043295	925.965663522821	935.593368160591	916.101484214916	905.053309831707	1819.56230120978	30218.73212155	40289.3092470487	19292.3636927361	1500.9415492559	1703.60578851614	3478.0023597582	13932.9648019643	12570.2916225507	3093.15255460125	2121.31525057723	1893.63958247744	1252.30633657378	2190.08973697632
302.315	-21.4774354200594	-14.8487784242453	-7.78286726025984	-18.7350537179869	-10.1901340125018	-21.9993047521119	-11.7016376798035	-10.2275112068542	-1.68383170528173	-7.31656279311974	-26.6164032314904	-19.6913456676822	-14.0161292013393	-7.59312940782759	-31.7524736163289	-20.8846491616727	-27.9230013604231	-10.1895133881566	-20.1076399289611	-7.56209208398559	-7.9158128424857	-20.1208123758101	-12.6505830430339	-17.7837994814799	-4.41742638394042	-12.4922522510946	3.08214993840455	14.9875994891851	7.68150302609984	20.5243170745517	38.0401630829522	101.356277517431	303.689862126199	620.979908290155	860.691887214457	879.972056228491	874.196628736307	850.464271655789	1379.73709015511	23749.5559269038	36417.4193802616	23744.8963253192	1295.16127187199	1319.63568737891	2104.14380370213	9493.20617239286	13872.0220539575	3883.2476515067	2085.1362434372	1933.11615813993	1509.55117119837	1140.9428472641	65.8166072028318
306.837	3.21268015832679	-23.4055538866293	0	0.812308348681839	-17.8708777490628	-7.09768194522964	0.243107982728097	-1.9123397231029	-6.23688592665118	-3.08688358665921	-1.56132838817815	-2.96403497242057	1.1647712872447	-2.27162095576381	-11.7821053340662	0.730762300257127	14.6962661290952	-3.65805099294806	-12.9223170992052	-18.8527965269153	5.57213528769615	-5.67054553392386	13.4855308833975	5.48924259871679	10.8127014026924	12.4576049715945	15.752208154585	37.1734626146971	36.7689521590152	54.2006884778262	99.1559394054873	284.062547572155	576.056371435468	847.548202910815	880.095286830998	857.084117656075	888.892114266501	1226.52779632325	17741.1800532893	33842.1635291864	29119.2600799897	1391.51984543497	1018.67307995601	1407.06324546405	6046.90799093355	13483.4682417218	5331.52489923513	2036.24767297403	1880.82191313889	1828.44608443235	1793.42799241234	1173.05839229192	1400.19338130226
311.362	-13.9040217439862	-25.2842201019086	-22.3931465229561	-11.357946067172	-10.848963579965	-8.05535550370682	-0.971203101385754	-7.21526528512629	-10.5413923723515	-16.2557274681712	-2.18309754600562	-9.25090444097258	6.97979642965293	-17.7718780139557	-11.3994911624379	-13.8669383497852	-5.7938269546765	-14.6137137477378	-4.45034055230531	0.941448644099718	-16.6952819031991	-15.6832057557478	-28.674848978161	-10.5428962066479	-1.19989308395317	6.22093135758066	6.13943516835603	22.1993431968174	33.2797551766365	78.7377409318601	222.443822545924	510.366241675411	822.385688841302	869.354946501249	866.489569479381	835.154105238578	1053.80367435499	13440.3980648212	31577.7608632507	32405.147544494	1650.52330198832	854.900563337685	986.17766314743	3714.70899790506	11770.0737496275	6787.68248872109	2036.66369522979	1791.33650691431	1703.12363144639	1627.76937786558	1378.17363792473	739.942760749537	284.05487581597
315.89	-0.534230252081287	12.3910590797432	-20.6497311908068	1.21569438987988	2.44729309303273	-7.08155725673169	-2.18300115627634	-0.423998938369431	-1.43601157286079	-10.3595651779077	-21.4973822701762	-20.7011084338333	-12.0086263554488	-6.79938069413414	7.71444086256538	6.19736816009118	5.402113238446	4.86632072358336	-14.6712991524409	2.35124578498113	-19.9214570055231	0	11.7187787518497	29.069020627622	21.5762736831489	25.6354384235235	21.0830049884489	40.9126204118782	53.4995701752104	204.587109963813	459.802793994044	772.649291293146	838.995118081513	829.740664510258	839.847764221711	969.891934434706	9513.76626951451	29928.9852298401	31569.5192231727	2072.30543398283	801.071235335056	787.091060821081	2057.65898783705	9468.32716492166	8376.03144633311	2345.91613916554	1884.7461937171	1833.69395984533	1834.84792639834	1582.41318109292	1274.79857669983	1548.79127856549	1702.60884729444
320.422	12.3069640129214	10.9788672280047	8.61782713158845	21.5116461130115	11.2055335463747	18.3770401027523	9.96070161145888	14.6513782840834	11.506481517211	3.08480066277056	4.9928795423006	9.62661356342381	16.295794749617	-2.27008814332632	-0.735884698171738	23.733749219393	17.0052468929248	3.65558266475064	27.60838098998	16.9560677718407	-14.3849697849363	20.4873695707248	22.1709031172211	39.6646640470437	33.616816675941	41.2379717011865	39.1619772759721	60.5097311143826	181.806951231832	437.858166075124	717.269472845005	846.355747528125	820.971964835547	820.593168909912	891.599109784679	6756.68978288979	28264.1739859413	29975.4599614408	2854.72447084416	761.978353317981	730.725115431633	1199.4465225329	6710.23984661887	9219.1879710307	3063.96899665912	2129.42467328756	2125.76188382364	2051.25752848386	1875.37601458582	1742.5650956019	1638.99715142163	1313.2914362027	1464.83835562407
324.958	-6.62570336621102	-32.0162676173359	2.22313294534997	-18.0091775002451	0.722670297767337	6.65362546919472	0	5.47768491496182	-6.18399263028066	-5.49813841774557	1.93201282060407	-4.96673730819096	10.0090742755193	-12.1026594105246	-10.2511169626908	4.14451127525171	3.19042030046577	-7.54421840435263	-11.9467629334663	8.2622667497767	16.2799784272719	16.642467430608	17.0460772611084	8.70830377223561	26.0162979120815	27.6992601766477	60.2192961481549	141.869890178083	384.288477314998	698.828779427545	847.028632795569	816.377862496603	805.215472102655	862.76485956245	4553.49569880556	27538.175938897	29124.7138694318	3869.69668093792	736.430648250961	706.694710671767	830.313832987688	4113.31528743771	9266.31489339043	3702.72819169744	1896.40318466365	2047.72397290127	2062.35847562373	2070.99760034473	1989.03016450626	1641.4922236551	1418.15223023621	1291.48937055673	970.087712822516
329.496	15.7290256419665	-11.0248597207992	11.3091114914362	-6.81770887284224	2.57336444510275	-2.36929665801323	0.765152537330978	-5.79593402452591	7.04660670303737	-13.2485280200064	-12.4490266555026	-1.16611703492575	0.814661036945548	-10.7244722200314	-13.5197454731317	3.4499769729051	-1.6229717146686	14.9246047516257	-0.93497487414656	-3.46131701625413	11.6917412744956	-0.91524851708628	26.4704848438101	15.0617535847103	16.3856095231914	42.4761811944372	121.728445696499	348.584384398262	649.751945878597	842.611284052124	804.239426137592	807.32738238872	839.161270385328	3360.81654999953	26531.0441814752	28007.5928374369	5285.29222424686	725.349983915851	697.428749992417	643.131079969803	2346.2967184347	8249.40362227021	4652.23000681422	1728.50433142744	1844.96421909252	2051.50860998044	2079.79434518851	1988.35711488468	1721.08520684828	1581.19370109508	1311.22272612289	1128.89972956259	1285.35657026499
334.038	-40.7055509579389	-13.1129707136864	8.65006617128584	-15.4382589853181	0.73996402106713	-21.1198312196024	-3.08024574235057	-5.60876760583131	-2.27951189380841	-9.48161779747415	-13.8477253864305	-8.60638792557225	-6.55910048802456	-5.59651345177503	-17.8828055693585	-13.888442321667	-15.517148204613	15.4495077590436	3.763893125599	-19.9058478670574	9.80562549196956	9.21120368293377	14.698101180428	15.1583834883007	39.3240549765275	108.515906870211	278.688612059447	594.007923369377	835.093256574481	807.997440188456	825.658453869778	785.529090060374	2363.12110144369	25635.7289372884	26644.5892049311	6864.09623382104	642.661402461535	611.951815219801	609.841563506876	1345.22368549766	6368.13684984162	5862.41447754589	1591.73013775282	1613.89075247099	1793.55685869384	1964.93917816872	2071.70599344051	1952.64370233373	1676.9636895357	1529.65821114649	1324.54068828599	968.514728342108	762.301696996227
338.584	-34.9702646592459	-42.266191656638	-22.2560453447102	-38.9334870202819	-28.7913016321131	-18.0119491387496	-11.0118088529527	-7.16248134932781	-20.4677668227851	-18.3277961098164	-19.0784564186584	-26.5395306539684	-11.0426715463258	-25.9232209576539	-24.0467064182088	-30.4063449926052	-32.9988966477238	-12.4164153661672	-31.4490975528028	-33.2645444784096	-24.4568995311779	5.5138344792602	11.456114661018	13.343855068599	73.8243247671393	232.519095489077	500.631617279265	766.211170422333	758.505717329806	782.955985049493	761.616824577117	1665.95051396131	24974.6609291983	25517.8740289749	9094.89328848955	604.441195219642	555.263106948156	531.000554742174	777.778826087777	4414.50479798383	6672.35185643318	1740.61896359213	1138.1651854309	1519.22625778025	1668.11108005376	1820.58546032849	1863.03835721267	1654.49516817067	1459.51876788942	1332.2530122204	969.064799830454	891.928850431141	-1129.26304305925
343.133	1.69055730953123	-37.2003447943782	-18.1515335322128	-8.97640870687334	-12.9073222980586	-7.46979935872924	-15.6070728327004	-12.7464660905353	-18.9342505066357	-11.2228605202404	6.9013801277181	-9.35830037486494	-13.0756046933502	-20.3210991365121	-4.26243736611974	-19.2268680252464	-22.7931233435796	-12.4050250645711	3.75167133879154	-19.3451810438073	-2.44344637915904	-0.91812938624643	25.180331658321	55.104004419672	214.104877237757	457.646507676306	724.987097149419	745.342097947754	755.794443969712	729.583281628813	1262.53120421914	20768.6994697218	24989.7413101227	11022.1045814858	619.614716234349	509.739558136293	558.546919641902	604.936175058819	2709.38544448992	6618.52226563045	2629.26172955604	829.582882651523	1094.00402120802	1395.90143365002	1611.42212111	1736.07598621425	1703.2515861501	1630.54660347254	1346.01218422616	1149.66637694741	1007.29403515821	686.897778913581	990.076846580218
347.685	-36.2137893852663	-9.08600779200339	-24.6055141940937	-5.57971517456059	-5.92479662426391	-17.7286209191902	-14.3868264082446	-9.20627938440071	-11.4073488616451	-22.8347388089454	-11.8796736280507	-17.6190954011382	-17.2324270544824	-10.402452006715	-25.6799760936928	-9.65303551377832	-15.9391726571811	-1.28856478168856	-1.41267222859018	-2.98844175750691	8.34194043319148	-2.30477880225807	45.971016926999	178.487094848809	421.086466173052	698.965455927059	755.582194795665	725.328303698575	724.908785386473	1102.28767644591	16769.4676712361	24822.9946934009	13374.546253526	654.408777499409	507.882849927285	514.540374428469	522.759657873392	1596.07677782968	5791.54703535426	3613.72484807946	854.578822662879	793.901599811303	1064.0216739939	1365.34385335329	1498.38704355371	1622.02155692864	1631.61850104028	1425.89188431663	1373.64119942482	993.897170120137	1085.09227058374	633.803538364877	786.076331964952
352.24	8.60460613388939	0	13.8581634491367	3.0458776713847	-2.62782986395791	7.6039636182304	5.72987828210333	3.41457999770956	1.0279640818655	9.9212182235547	2.67631812221089	11.5110470882205	9.56688896847411	-4.05609494182514	17.7504322225297	17.6149797527127	7.87227955773496	26.9974304674628	11.457164107517	29.2864869119594	37.8074594061681	55.6098786348804	184.088621561246	405.322374648306	668.009370183603	729.03688456319	716.193425014791	746.001508213625	936.373591064287	13631.4985896275	25220.4849222486	16267.2924982425	759.220830812235	498.300113100483	529.582486502821	547.646369694139	971.121212330339	4511.26970854416	4741.8130888937	1118.65993345737	736.93148599059	858.59123793375	1103.23838186621	1366.18856468738	1500.99386037736	1495.00102742685	1497.54208993116	1424.47015804374	1374.66550147989	1248.54505031743	1119.9603653849	1540.20699113889	1875.08746025617
356.799	11.6006627757822	20.1801326196271	23.3543346382722	13.6392088933684	11.76722256034	-1.74743256009868	-6.32043584314558	-15.1915832649857	9.61463369582082	1.21597353731814	2.36787546620772	0	-5.0470454256275	3.28103731009946	4.38734891226133	15.436445768344	15.0821229878982	12.3282616491085	21.2388813359063	36.7607913081728	58.349207440889	156.875867162184	363.79792730881	647.235125565223	706.688617104901	710.171484582529	711.68901368461	833.192247925189	10446.4280078547	25763.5212035131	19306.6042402596	896.691896955875	467.195026270146	537.920111872505	517.124769378273	682.034700214818	3040.02296921971	5239.07270209357	1696.3103874195	732.455517732895	735.751383857639	864.083633946109	1084.69226173241	1345.06057480251	1412.28160291329	1459.28325009435	1405.75744770296	1399.49640953194	1222.46234995832	1199.17785944239	1288.46661646133	1480.93587568742	971.691646331782
361.361	-18.690328890399	-12.5050320566462	-15.9915503650982	-16.8354698918989	-18.3471102134268	-17.5960254886352	-19.3585491023577	-7.41691393966478	-9.94325950689996	-6.12221090665371	-5.44998063476653	-4.84981650564402	6.35274444773323	-20.2363145175273	-20.8846398821459	-7.17413208372872	-24.0463404471969	9.75395283497807	2.91638174462081	17.994283478764	109.913456286663	310.227155085622	584.137559257976	646.676240889298	640.405629175328	656.939862690545	767.355577807527	8279.1710157838	26199.356256092	21433.9018692648	1153.30435072956	431.999772047206	464.231419530602	519.644050127739	567.38476680481	1873.09150328599	5011.23895554315	2456.92460192524	764.725121123647	704.593273943842	777.446398976479	885.834509923882	1021.80350922084	1183.59945742637	1278.17015591125	1298.95138803971	1291.55824925531	1173.17707856425	1098.76022464495	1038.66656143114	937.603224946072	885.128942692776	453.432214811094
365.926	-29.2928076726137	-8.88477674786825	-17.4557055615345	-22.6639629940741	-26.8378983082432	-21.5326977120809	2.65995307249263	-7.90453285688102	-11.2859380899899	-9.82544660479435	3.41663831578038	1.21615616701341	6.37214156748394	-16.1556329720668	-12.4884739346958	-7.99559687023836	-5.50099840053936	2.2235761402166	13.6513368315184	76.8381345311191	261.142934689596	551.236833354763	629.234555166547	635.252709337796	632.28303898961	681.947064240679	6667.91854759218	26269.8209437975	23946.3988866197	1476.77895409675	402.731534967579	464.974934801831	493.920417190955	539.497141270472	1146.62322552446	4195.28034965998	3359.40669561848	952.521207856649	763.199975177527	743.351296596447	781.717583736441	871.386000465985	1018.84530511129	1160.11205807336	1241.11205627943	1218.02489071497	1171.13364711188	1101.41790301109	1115.83439388891	981.117350855925	1037.0544561882	772.027431843907	909.633399487693
370.495	18.0140268385098	18.1436123490268	12.634485566481	9.25642074137273	23.957920982244	1.40051161734425	9.2342182512724	2.07538138585233	16.9215709968805	9.13653857245141	9.48888436261333	13.2690596783883	18.1184369112732	4.93058821123552	23.9749132316794	16.6543734878261	37.3547891011955	46.3158262213413	91.8816674150043	241.429679896457	504.94142189884	661.792029304309	638.286878616027	641.090967583229	681.908745448272	5279.86985705875	26187.3523178844	25570.2559884678	2014.30996491012	412.574678229263	443.482587571627	477.101645923274	534.858165219166	811.099766593641	3127.71192852792	4033.60881638515	1286.39898036496	797.518438423941	774.503931400297	802.318961416943	836.845635759226	911.947362351126	1085.17574596433	1159.36061039477	1292.98919010063	1177.62332169326	1230.64306738989	1282.85372863675	1340.37252912489	1217.22796342518	1396.71976664265	1598.51726760272	1329.62430232015
375.067	3.47457377015282	20.1475153714895	14.9226156234985	7.46747690755068	14.0220489094267	1.39568654096902	-3.15511004571985	4.82587287440264	0.77830487966245	11.2295754178137	5.06581769439275	6.81202610610879	20.9953660881249	12.6934698439268	3.58384714242575	5.13716525490674	-5.85578998586418	49.2333416753825	186.98560220158	430.221669618648	616.698395855647	614.223629261894	632.794483092544	622.898792126942	4319.46849317472	26412.3933572715	26066.382561911	2539.05623866566	352.511773326483	376.719692381565	453.328524624521	501.059504349183	638.221285885856	2167.93792315538	4314.48219917719	1848.37651185083	857.568226442473	837.661561034371	867.22487749957	881.261121986676	942.740234356455	986.800001128606	1100.96301947185	1164.00783685001	1168.08238309562	1228.29202787574	1166.40020442794	1164.95304383667	1191.10439613919	1279.3721557972	1356.73318986125	1268.68462462753	2555.44093664544
379.641	-31.2397728608148	-4.97652789614265	5.39070758418719	4.65465188398937	-8.03159847290554	-2.01673438795867	2.27953008795916	1.77099006016928	-8.49722209550817	1.1694755797513	-9.75998401505265	-2.70205992524076	13.3486375595871	-20.5112231493956	6.9047669956983	2.28402571275699	34.248845532367	139.31784355421	354.682168017233	538.182960024874	559.24465259402	558.063291763397	560.18106475197	3427.40855850693	26152.3043719607	25422.8417071524	3005.68379268815	325.004434623237	324.417419829685	420.554198783118	440.22117518548	538.267898786564	1384.80680228227	3926.03853938506	2592.27546768957	914.696595501516	825.641297092484	878.61747299488	919.426989601999	927.643620191011	914.180654024629	990.455352724762	1050.44890273667	1139.62327593715	1140.83564219635	1119.97339394692	1182.82577757555	1127.34421491221	1210.55230231816	1247.65721423541	1747.46079584228	1203.76825281275	592.631858252337
384.219	4.4288357287788	11.8527037350206	3.5664345621274	16.7970980309215	4.7097993398273	0.333562482824374	4.77569040547148	7.24969642264147	1.24007456991636	-5.512701939796	5.16568094610803	4.97989324985898	12.0427036895536	3.91442485530878	27.7893972618498	19.6441312206516	122.756679096364	277.354058769281	466.697189752055	509.718994705687	555.94561610834	550.656155240208	2825.4500275935	26356.5147233309	25995.3610756992	3924.39340405223	329.700056896854	313.415961337617	356.002507215371	443.999028560603	524.242129879396	915.661826464791	3193.64214697457	3273.14106732219	1127.30833663467	853.997549422468	876.647364708915	929.230949312957	966.61773841983	976.371313591383	1001.04778913045	1018.57176119858	1110.65294780295	1180.51045032586	1145.69407252542	1202.12629447126	1217.18843400201	1166.22081288486	1324.49092038781	1316.67217926666	1316.22624620614	1787.34094993254	972.6572905092
388.801	-2.67577601844661	-3.34183032066927	7.32610876405782	-15.4254566575684	-7.00437219765963	-3.22446275943886	4.61653712751626	3.18549778877868	-7.43223886024145	0.841419036078009	-3.7451482170969	-1.11090802314003	0.388045734251711	-4.16237125052572	3.67990353996119	79.9749109898913	197.131986976639	361.137443044464	456.043074325915	479.071410160155	504.46781364527	2096.95967152669	23911.177835087	26491.0120866596	4508.84342195368	296.485228242003	259.193955990083	321.356253096741	393.519852886137	456.477446216285	633.651928357324	2253.61290517202	3615.48233222886	1457.08244237067	870.34007674431	869.390160811229	901.466419246596	933.602057195473	991.325113580332	984.822366262169	974.619844010885	1007.81695102392	1100.01218049029	1125.99610317073	1129.02719145131	1155.32145971729	1153.63324572126	1186.34521633508	1309.59262139347	1372.04765396567	1369.87887185047	1163.60460998404	1290.10057892457
393.385	5.12076427769463	8.22268951896222	2.0618139645375	0.776854097403111	16.4206495220356	6.17081310224047	-2.55746941515762	13.4117366237666	-3.21174482052102	-6.70943761239198	-2.68772793470515	-0.708666455573055	-5.56966666969437	18.828100315389	65.846557270859	146.412685106245	316.973369872954	349.061641224106	500.724459614609	465.172497774716	1797.1823902258	20847.4449881874	26126.6989909092	5340.92076336584	300.648226556952	244.979088566312	292.842732536093	356.609301126825	404.021127987412	505.300913452452	1521.20157042747	3450.78303994352	1945.640930328	891.500057650538	834.735902108467	896.672927085259	903.953302809045	970.564902920675	1014.12568346152	978.47671454133	967.968768524113	988.343370511011	1065.19133120458	1095.77643870405	1107.18925638555	1067.85923037874	1138.82354095474	1249.6427400473	1257.11311118273	1396.67826194135	1604.06656013088	1425.51974920445	983.386967095177
397.972	11.4007444103681	-0.884386229020108	3.19330240656657	15.4157234478509	11.029193536116	2.38931259909733	2.70065804981646	8.06483573975939	3.10893485089115	2.5978657195638	2.8907689720308	7.20280676932087	23.0032133981894	49.4188757740408	139.407251064286	239.817850724292	295.012050170243	338.640493203987	525.946674638916	1186.78985667245	19199.3777647044	25341.1241702832	6344.33822909675	295.124427129183	232.077967189177	272.455453557229	302.674809820738	368.96379637758	448.528122993979	988.427330695946	2905.37617336564	2457.49974299698	944.494005695389	820.19184052932	855.831469225974	897.151948677213	938.829215381926	971.786174075672	995.659977504942	969.13545182722	1026.88252327838	999.084233293014	1020.16583501478	1063.65866315611	1090.80842174779	1136.7317350932	1220.12214512482	1233.92477316819	1255.56440825949	1462.83122973636	1612.93564582397	2033.08937059047	2572.17729398812
402.562	-5.71884663337936	-1.27542539775189	1.91885384197933	0.722989316736793	-13.4108136112586	5.74294705197936	5.84216672707941	2.26941931105906	1.06751852535008	6.99353191164391	4.72480768881469	-9.56317928194716	25.5718462445038	95.7004366305	202.194365927037	245.854916291974	272.276937976828	351.267070537067	980.793266427541	14442.3726418733	25899.4340461147	7381.08588306108	303.93938056015	195.050646301599	235.960549230131	291.05484042069	334.77362913178	405.217960117513	640.201329324014	2189.73388033601	2782.31094604146	1128.69583502029	765.69034144574	812.753694306527	853.717481530144	884.926673656126	929.894502014994	961.955739036056	982.835518635256	991.320926614345	975.966586155288	976.186674292456	996.278403595186	1022.64314618229	1057.07598063647	1108.91162712231	1097.19687022064	1209.69113741839	1303.86956383884	1416.82199732051	1480.43938110136	1742.73730396559	1557.79030476825
407.156	-8.03430574475957	-5.48086857130308	5.70867580613899	6.81126401908087	-1.85571018292395	-5.41041585443983	4.7206857735831	3.18826675674214	1.90554914968979	2.4769130373831	-1.10247166371446	35.9723834695049	69.5662562537425	189.474542715953	230.410544705111	246.067280287909	272.401500335104	609.872933892734	14118.7367906728	26041.1068457465	8427.7195362275	331.488017229468	196.589133191147	214.671676899083	262.982333108808	299.28567117222	373.021155612827	498.588156880576	1535.12843118297	2876.40078857715	1482.51738226483	788.323651432489	789.505999104258	855.33933637315	886.150727471624	940.732112201491	955.959787784503	973.77507004603	955.976266636965	977.359113969134	967.848048332451	1018.98803244633	1000.86175198557	1033.8830749048	1057.3695068581	1119.53714075972	1165.70384860333	1208.3108446842	1337.29236732188	1533.9386276112	1640.36246606192	1611.46741447956	2278.62703822462
411.752	-7.9018871060536	-2.48793913746128	-2.24583495715695	-7.05158224168347	3.65025002355271	15.9637297745875	-0.21104004859716	-1.84454050038468	3.74828509998054	4.38496094951621	24.9389254932786	73.9753163639819	150.658133721608	203.113481204751	199.445008182452	237.888287791834	421.675830740731	9107.05029773765	24171.9467811974	10072.4290041089	394.628781569376	206.368615559941	206.943872252537	247.055557512345	271.858463124856	336.934431425238	416.901307267841	1016.33798018233	2640.28540540308	1885.6662702348	821.638925363965	773.047511930657	825.972838857627	844.612290603364	920.937747674543	924.857496960519	958.976782181451	971.41336770514	983.534203926032	969.214197541942	972.469717480202	971.164079771921	1001.84698046922	993.953601758462	1078.1276913243	1104.98987604505	1195.82783050251	1276.63605820427	1454.94036703249	1551.76126308669	1879.52546714448	1745.6955124351	1500.37837595081
416.352	5.48981205819871	4.89738311011407	4.78921430330875	-6.94034256104032	1.7963334134534	2.20517891083383	4.36192811831652	6.53559343220172	0.81981230811281	17.7426823015631	47.49022685692	134.220602257613	194.391382147352	192.792824423217	212.971545005086	347.457181876464	6340.67866068314	21741.8785967698	11818.2202833296	512.227499532435	191.226217424176	166.217344070839	219.289761797595	268.051274489693	316.498873477643	357.895994942285	709.369223372032	2099.82214783194	2338.47656722455	932.331635146203	737.436824979961	777.546392909599	837.292334792767	872.089881962736	908.133695984632	944.116163279528	951.547394940602	959.763313926169	945.19630877406	965.912164212069	970.463486601525	951.021750599125	991.975574699306	1020.59972159644	1088.30778216506	1119.26295278429	1179.27578731386	1250.89384072438	1446.27265683158	1644.57328143165	1643.4517969477	1876.40822115964	1962.71542473563
420.954	27.3423078491365	11.1961824608853	5.41428709410422	-25.5000644209137	-1.4666780929882	-8.91244548384675	5.49480236934966	9.60517738623338	15.0606879171112	43.9297028886759	109.528557454829	174.308572068115	187.210834028569	199.353724765531	274.008336928003	4715.57985767024	20313.497559855	11798.1199852659	624.061556637329	175.181343282178	189.303420163485	215.438141791639	258.919671829191	285.960921131273	322.838875519023	526.315544318482	1558.26192737384	2414.7506477589	1173.81280377066	703.434317519308	735.732188545699	791.70701074313	836.586062014289	869.407837759925	917.809949012032	930.73291195193	949.279881448138	951.157571921368	972.073424471475	966.710608391041	946.970769715355	933.3680960308	989.35775966203	1045.4477538877	1075.7051546772	1113.57648435302	1227.92995847688	1401.27650495509	1520.24658355892	1645.55341006254	1719.12716057756	1727.71832807831	1575.05451774566
425.56	-10.1141476962507	4.31519814880485	0.708232967433139	-5.33698667415726	16.9790322827476	6.3590217401434	3.79348206561959	11.8663366222391	45.3114023552443	82.0470137979118	141.30615046558	162.791728018444	187.81051820808	236.621654887207	3513.39427335301	18613.1180310733	11590.2923544498	779.433998004284	191.028477186791	168.766985403145	178.091216869954	216.731521127798	263.662235840596	320.078120583094	405.526030880047	1080.97328851891	2268.67189207218	1466.98475178828	725.990670240214	698.205481194915	754.803648065397	786.896433943991	816.685265953166	881.320607147807	885.183137781226	911.006898292661	924.27161721486	920.194404089697	944.971321293782	948.40231631154	931.884674005807	932.686664276487	990.01015869243	1013.18038522659	1044.57178472228	1111.87999159785	1243.57081483128	1398.97439992417	1513.76676620255	1664.7633667978	1728.54247592314	1941.27918784116	2587.3534071305
430.168	6.47090905413431	-0.769680768007925	12.1586895357619	-0.32722668857094	3.67009120020177	4.67868875143404	11.7519048448586	30.4719562037625	71.5078916173122	116.88960897217	129.062303830826	170.744672399686	239.923374907761	2671.45186398504	16834.3590183364	11831.0132570627	933.830276541491	161.112836899197	162.629150836026	165.94150411449	204.637644813335	252.327003552628	296.156220716571	345.637278514424	742.411790999344	1915.1340299101	1742.0855177808	785.481906264644	673.321625244784	706.015753585471	761.650652334344	786.785337689106	838.830363263549	881.1610970163	889.504027842631	901.942036088235	907.806851524846	900.408413297751	924.994218664528	919.956045447122	921.172021166306	935.182383721807	974.564668360813	1048.01249279256	1062.43509673552	1141.49642322466	1277.73451953974	1397.50209999123	1565.83469403225	1764.92756174625	1845.44605634373	1925.72858540141	2344.32319048614
434.779	-9.467433865349	2.68728817801914	-1.7327036545678	-10.4456208506729	12.1098153734242	9.85305276607737	28.5262992611336	56.5254318700316	107.7704308934	129.008092466829	129.248299957072	184.619846093685	2041.37738831532	15697.0574270772	12940.638039743	1113.54513719001	155.412796100069	137.851994890859	152.919767694781	195.460429689999	226.155101557044	269.58839190767	318.855968679477	523.634626208937	1551.03190210273	1946.42707441499	900.097391235256	639.721780358671	670.442064046198	737.491320789331	783.331384813744	806.602249183977	841.663230998809	867.45873806565	880.191624104001	878.507516365419	895.083998157969	882.843768732337	887.894591725183	893.850666578126	912.413068508162	923.317209018581	975.527468041271	994.715852244924	1080.89559289706	1135.08716136502	1292.00745367913	1382.22216167988	1570.39945548695	1859.20109157581	1878.26983159019	1892.66002657087	1564.91737190546
439.393	14.9616072597174	9.15225369680042	14.1136307382822	7.45783417369226	8.67224157241539	29.8776068343538	59.9724325126998	103.647232980552	114.713687526696	127.029500578622	176.253451743275	1503.80956827537	14430.7541027533	14556.7713241262	1486.77658593764	153.143795803722	137.397043451349	154.132712269099	184.986359237101	204.319390287664	251.712130663711	284.161746880409	429.258387888583	1135.70110672838	1968.81131064162	1153.68304452714	630.016596140527	668.814076514285	706.649297114901	754.371043252171	795.210840097228	810.834451591964	835.456196411781	869.435767572901	867.247487937908	893.407325510039	880.136238430778	900.619775153315	905.323900276139	896.950153557791	894.343578669351	938.200487240664	992.87429399688	1093.34958829575	1080.4281170665	1233.4652298118	1303.93653922499	1484.2806476423	1640.03323777185	1699.92327119478	1999.3064632138	2126.51719233912	2323.02376500773
444.01	7.18497489146532	0	10.2103887090375	19.5560369375552	24.8930613802726	46.0927395043789	89.997854263079	100.631484634108	110.956349942634	149.29578809783	972.369553913084	11957.4528079756	15325.3462566458	1971.47463055705	163.040641990749	123.726726697042	141.339807332744	167.14949229895	187.469101448429	233.633720774779	246.669562284953	320.890969158237	809.330727489179	1764.46522047973	1380.11180237952	653.292887449638	603.490939885588	671.846305684493	717.410702729136	738.669127798792	792.15716198027	820.063364191711	829.917715251789	868.501574857356	856.495182596017	864.821599753429	882.284856657514	873.474385750365	877.990725215585	858.705488091091	892.909766958887	900.873025028914	940.550441861734	1035.589189821	1062.31324961637	1239.94583013579	1344.748420345	1477.86648999623	1677.59148170495	1867.46700445034	1848.36300951679	2053.76192726796	2745.77700407893
448.63	5.80809335853639	10.7327287400859	1.336319272957	6.29376073987997	32.8511358596777	77.9897915589541	99.8307655283921	105.363896490096	134.561968332529	732.299877372981	10203.4739464041	15278.2579926052	2507.04546488512	145.790866420085	115.535981512317	121.165567208966	155.218142939785	176.983538357428	201.279832785231	239.557041275482	279.904135687661	553.247527120826	1485.72096639428	1551.05907899372	722.962346701038	575.810814970334	608.454053899526	668.977923370678	709.543308633224	725.362385716249	753.418307709595	789.243496445726	820.231053552208	824.23404035081	822.278794115089	832.725825472996	826.246320111161	822.592779390033	842.690804373766	831.188087389295	855.41987100039	885.257851080455	918.390851427248	990.520703992221	1065.9584247465	1184.00894247215	1348.29679050676	1459.5478785873	1617.5583914236	1828.55698212393	1947.52578638892	2043.28285278093	2508.75975386895
453.253	18.4549258942953	5.85364494829372	9.90753771895761	37.9519681597745	81.8576171518537	91.6750835005484	99.8039110552429	120.268121153278	528.40496019759	7934.82803573168	14713.0581372952	3328.13431520124	144.226376100233	116.861972738636	135.36229571774	141.045821976572	167.657657362238	189.275488712029	236.515268218212	273.633046562102	415.755945491672	1122.54644380918	1662.27705124028	853.477377462153	561.006253600338	565.037592098401	617.665828260872	656.321501932775	707.279030136105	738.532180487902	758.592400189657	770.701680527622	793.951000504819	798.730431230701	794.929373739579	794.797159172469	799.524088812845	813.165850813976	814.890559959358	796.863984700402	819.938329147182	872.711262657095	914.248261981115	1047.09918972697	1056.60984792963	1187.66519894876	1343.2095554309	1436.54283639556	1581.4143027213	1825.49873143081	2010.61370443026	1823.95998050267	2513.52295981765
457.878	11.3724865827139	12.3192117772706	26.8198251394824	76.4053488699817	78.4113416513662	103.028436755182	120.234188478773	402.781907274379	6723.59909553057	13421.9149404486	3309.03849165274	173.40421973288	105.140195156246	117.746941167373	131.265906415888	159.920122122742	189.218801321773	228.14981796568	234.913708901662	310.68245376254	793.213237838622	1541.21112455952	1073.09470550551	525.924480399648	520.669843261787	560.777658430272	624.540947053667	638.082696825546	690.299593891484	720.495036720068	752.71189798593	748.744104792652	747.393748711999	775.430165654271	768.908790191767	747.398573974982	738.512577525094	756.406298296869	778.752927720273	806.382334902679	803.71168246765	835.766626049928	893.856327808501	956.40628802502	1043.59530183372	1187.31679190023	1335.40708980084	1446.33828075957	1653.37221920194	1816.78208634046	1726.92660598047	2187.74602623007	2422.93667269248
462.506	-8.86120973552374	26.2300910194507	59.0318523351276	73.0201829225635	77.7592061609913	106.782632771935	366.114885881703	5789.12712772515	11371.9210907844	3903.391027226	171.710053383016	97.2686432067823	106.31018642041	129.014021396055	142.083740666488	160.239207258899	191.71801346203	228.392554533892	266.81458028126	528.270247781365	1349.3332081436	1235.05187416623	574.625586658819	491.375479737058	500.37335192846	563.43489334461	611.832493286609	645.748483528115	690.896979020931	708.800449755088	695.313264813924	700.402324311212	726.314212806564	722.83632527395	725.177421572919	723.55825561784	735.759513098187	724.236937928408	743.083585765408	732.697852660625	760.502347590964	800.04063272687	860.304925125412	962.276077445516	1039.84404543459	1119.92333332178	1248.97537877443	1430.60944792956	1557.8761031108	1612.71631666701	1740.52424251157	1652.04332092917	1612.82860181365
467.137	18.2918142044271	66.6904121505843	76.8519478425617	82.34481862454	104.09225290888	314.587374313804	6292.66418258473	9928.10472755461	4285.49089813713	190.899921222775	97.6312965375735	100.431259715585	106.685116245478	123.995497260021	143.55388003025	183.703536183717	204.783824804997	246.912603362129	385.523654830589	994.069704067662	1345.23781088772	656.625807085249	452.936246593641	467.551468334833	513.921625625006	552.494518001326	589.767411235552	619.58717598802	652.224013133967	694.135965198587	702.628372963279	691.195493307697	710.283470182618	706.990937064072	700.350513055387	673.20883011807	666.825157104841	688.037397409577	711.528545884881	725.762922650606	732.349502722028	768.885878459901	820.976050460116	898.979119956815	1011.29840402734	1110.65854857839	1251.1439508643	1430.63742175778	1573.71408084209	1655.0650684605	1794.24891445332	2023.99380292741	1592.27043481735
471.771	36.305683949639	65.8316899971486	83.8948708945444	82.9165540554813	220.548512577289	5620.02683632772	11276.5386289484	4913.02688860583	206.494196466909	91.0019707481047	80.7796417786094	86.5611770760373	120.468097586884	136.726044787932	161.458325160992	188.501466460593	212.349009040302	276.78960229057	676.190861793985	1289.76709505175	818.600746177653	435.282000466656	429.617246331253	455.285640895744	500.867488915554	528.786631371335	576.791921425877	616.292074940069	629.485075992598	646.960663340123	628.363888219661	650.774607724889	658.678753919518	650.11405211123	647.445196834242	631.361501305771	630.214992924905	658.159845369057	674.549618724259	679.682730469038	707.18867588814	706.659403250727	775.332346739066	869.182902769014	980.162881833119	1085.64556835946	1156.86788165988	1289.2703029568	1458.56470551817	1526.24626938982	1595.70685510524	1469.0852005866	1306.06147722708
476.407	66.7863030167943	93.5742480585033	89.8465716628076	258.364154948993	4133.35741848567	13550.6847318689	5012.72805674445	234.628777776455	94.1608730080985	94.0948833063124	93.706518199006	106.289982479343	129.04460277835	162.781285399881	185.588858832979	206.691567128726	246.30054788984	467.30290814646	1097.85587266699	1035.70210099388	473.562656351374	409.650699701969	442.057098723675	458.824259860862	495.099619423252	528.133516594631	565.471544740221	608.191075532199	614.0216768089	630.71630368032	624.44896997792	650.618527802464	644.299760890876	642.646295593041	641.882520091336	627.285263550282	639.294075034771	641.892220237075	657.108631035523	666.742204595568	712.50542977507	738.464088652314	797.845343675895	882.293346703682	974.402201292702	1112.96217518522	1215.23111089533	1318.38362682666	1550.16727244404	1697.28685861886	1966.95622214278	2064.33851065238	8395.21797677823
481.047	71.954697335821	83.3769167500478	194.92909414971	4542.00835361895	14309.3977928992	5813.77875928955	267.747637955496	82.247649141893	76.5598329003229	67.2243322761729	86.434783562198	105.531723430806	137.526448305814	140.466711561385	191.459977461215	212.681417880146	324.822675050979	800.00205456252	1104.20915290469	534.579538554165	384.911914860035	386.108352582844	410.481846077062	437.907621734208	470.014666026369	516.896442253245	535.659239999799	552.221682024201	589.385765950322	602.078493114836	607.594206493387	592.200417907364	606.376429601725	589.225185669112	589.42576029543	578.984491766449	598.192459294049	604.749023809588	633.480804639979	619.54270383193	649.289048285453	703.932565018058	724.706291083394	805.301366924332	909.780788934954	1001.91558296244	1152.33527720217	1342.26944701362	1395.00720082976	1518.84307796083	1533.76972596536	1990.4513006694	24095.4185716661
485.688	88.1386743861369	199.189047238767	3827.3385673073	14207.3720640677	7243.33839425273	402.189936373864	84.8370100881452	71.1960288630285	72.8299991969186	74.3196905242586	103.031150470866	130.649613828735	156.792843007125	156.77210972776	196.905594404951	252.874496182714	593.603770243895	1040.44456008054	684.914253169791	363.088016718087	368.924915992675	384.216253031779	420.095511075333	446.688859502532	486.933014176508	500.123019073182	535.732800712057	556.53124135921	570.499869944282	581.480227583972	578.683272783691	587.166387190388	575.723076757874	573.475338204954	575.968927493631	569.69107806034	596.909064562868	596.695555411872	632.72142612795	626.524848834161	657.166512989486	695.961857629759	733.058784197433	829.477125286556	916.130808967305	1024.19657838043	1193.90640851273	1319.37863119145	1458.54991704956	1609.05377050855	1675.75804982495	7013.99237795672	35804.8440212645
490.333	136.512646028953	3831.20183296842	14705.3942626666	7157.40558473133	464.142710375052	64.7622332222182	63.2273489513951	62.8899576114565	60.4547313355577	79.7694673379393	94.7113425784626	121.061373061756	133.973131514122	153.386503399878	196.912453262781	406.345364817956	865.306256801171	795.350454975387	361.05629645753	329.758926503214	336.785202053243	370.055999247942	376.067464011044	402.460969721337	443.608273132082	477.153284933865	490.323982832802	516.883264232871	532.578498138709	538.423460314591	520.06066952724	535.413340329366	523.917376027686	540.14832842936	536.276433463691	518.997326035314	531.40452017423	546.776644960381	570.839992733315	562.173816756432	586.097872929514	614.703400673551	706.108731259014	764.49533524925	850.908380486829	944.902572892992	1039.93958113964	1183.10321822696	1353.42698607226	1405.8875829375	1752.99738605387	18286.5520083957	26911.3907767357
494.979	2922.32839820312	14839.6343707531	8601.22148053257	552.981041876781	101.627402424035	79.3913272229077	64.9878269849886	76.2532833327248	83.8016873783495	103.585277623857	115.95037102364	136.490131791861	162.081776737663	185.225599888493	311.1850060846	689.605137942116	866.448630693757	469.141001289276	326.022681982737	336.558323921075	349.941712249846	391.023482379331	424.375702408231	433.877046550798	448.747258192052	461.320788662387	499.173052636252	524.578533941543	523.994615055709	514.102457091664	530.349016242409	526.437821983889	520.13372752779	520.926046047675	521.920866507882	528.504644841793	519.027802712537	566.20014338264	572.874050886017	584.127944966359	624.860315925597	659.058453337826	707.410948497555	787.075653542875	868.46069100264	952.015412049535	1087.18081261762	1233.15986139799	1478.50304914452	1681.39713515723	5216.49416308834	28835.8068176001	10222.7715736467
499.629	13588.1658401	8867.06908085205	614.378478685505	83.4772884053667	68.9553196332503	54.3167951356698	59.8886086942295	70.772908016514	81.4720555028788	87.7431380641502	103.098122803993	112.60500533024	149.976624628732	197.572248434655	485.713082945146	830.329663424512	539.784604305402	301.270426761781	294.887625546477	309.50586557852	330.307570645747	346.844286120239	372.22261423159	392.072881615326	423.220554592139	452.273558439781	452.509025408711	470.920022824711	500.51674781165	479.564239095166	476.312916546555	487.187833509219	473.576558891211	479.632582647707	482.03801253701	473.471256147982	504.032629149102	496.591584727168	523.444535812258	537.638593844986	555.686382956722	589.590010371778	635.65674386223	711.629220753005	800.810982097992	915.435374749834	990.18703754994	1166.23783532641	1384.51400685045	1581.70301797885	14347.7370030057	23096.8902697266	1817.77950151111
504.281	9862.85352368394	729.404828570732	63.231509335771	41.4854226903459	38.8593792115831	39.5439180786194	50.3725715336635	66.1952725221111	70.8803802396924	78.4156782085233	88.8516345033439	111.099401922757	139.933891911767	314.895192237503	710.249499206611	613.393712186153	290.063503658177	244.94233618391	267.233423968723	273.031562223775	312.015808926348	319.515378011954	338.964463158743	370.913057359887	387.135401104693	398.491269256453	411.771176971459	424.433462289856	439.836545062978	444.110324117707	430.220421614557	445.19960427877	454.104957547636	430.557166362468	433.36955915699	424.233231360213	452.289978052402	442.37411918775	480.227738561426	500.791895539038	509.026611816212	548.107169529487	596.290295004135	678.553048124828	741.549262458275	822.855751766931	983.311505975757	1154.28454575241	1181.63523240072	3705.81700776143	22738.7326736312	8609.95072436899	255.390413741503
508.936	992.618686615922	53.046848418768	41.9383210533926	32.1338477937573	44.5101512094604	49.6449442713979	60.3490779204273	71.5625538087428	75.7406491452763	80.8655205111494	91.1162039580691	123.976558108463	224.606870187414	550.715939292858	666.789551525791	326.739890755829	216.713529204894	231.886307473972	243.870380045067	265.132400958419	295.249945109509	300.464394920356	314.808772234079	338.669950171327	356.083498028748	371.865406781956	387.351412739813	395.554374414237	409.50393609819	408.820710133795	416.838289517301	417.826769018859	393.581856070925	405.524202376486	395.707873695131	401.03359946252	398.630924598129	414.096124694166	436.062831901367	464.540539776705	460.265683340192	492.953406439221	561.985222798781	607.220265913386	657.588621616956	763.138102096369	884.963429409729	990.096772074087	1184.68124653381	10765.7882935154	19297.0004089848	1811.75612666797	619.324080629251
513.593	75.7325686042086	67.5599453015704	45.7392077776177	48.9460632635512	51.5841466117771	64.0231329162206	66.3134150971757	72.9860507006239	79.6274227529203	94.5703120084237	112.443711535317	151.863025246948	388.322903982	673.460168297678	409.967305683853	225.435666831362	221.871191060784	233.763091460906	254.348543148058	250.664973157679	288.170309102442	289.587420247645	325.219430085021	325.729545108964	334.070905899829	364.644480683718	372.343668169751	389.933699119219	383.627614721258	387.568962905205	405.468177464587	387.738204152896	384.710313380668	389.155607082865	384.377834516994	386.710965513763	391.434256107211	405.135003559275	408.429999137301	468.456878562516	470.517877889863	508.18545811216	540.675306525543	618.100967055216	667.944358210145	757.073826825151	962.81425095971	1084.8975182489	2732.58534485175	18307.8786651541	8589.86106980629	1272.94125099419	1594.55606999225
518.252	44.9835810777028	58.3074015957248	41.4875367853315	51.9114126130864	52.5864577518682	68.5705271298137	66.8574667779863	71.5562055873862	75.443267018596	92.8924495782331	113.680018278125	249.544555241905	591.026816047794	504.561967521624	229.744235222597	193.884236376974	207.441639714289	224.432377001193	240.289202836176	251.114400060042	270.070624505636	286.898902624502	282.687663916872	305.31663471718	328.101347323496	339.076195387311	353.117693094319	361.583472285053	369.624893842948	368.229421695358	361.65586125967	375.293666890264	357.428355049743	372.45092172992	358.422820344637	374.699819014066	368.466166356286	388.716843701919	415.814332362843	413.825067273218	444.941960460389	464.24014279395	528.022706990103	597.82476991938	649.848344827171	759.779830925974	951.239411068605	1038.31592238945	8397.20577958763	16358.9095763621	1941.6526849461	1291.96301394641	2073.64257611915
522.914	40.8989922884176	40.9182148383281	55.096821914972	55.6678872605743	57.2827394671406	62.4130970327594	64.5586958596207	71.4423995977126	76.030879124238	96.7580898906297	178.776820532404	440.901448428561	553.213191886147	266.215559870773	187.13951757278	188.058943696626	200.434566491589	210.647571024981	213.758925758491	236.528622854315	250.927855420702	284.603524954664	279.797438490819	292.082433898033	310.179272562538	317.09019321824	334.877399489006	330.476669790945	331.92601839063	350.660103284341	330.590578384559	352.720355982714	333.372871030277	340.069610158015	346.539102398431	341.497726279339	361.172199168746	383.721945622354	386.766237599446	409.101172262234	416.764403423573	433.331289024019	471.904646023404	573.235283122259	606.641416613592	734.479868836652	854.891659095598	1986.1106337596	14598.9952476514	7879.47544860823	1147.5862271359	1271.8384446597	2451.99899596254
527.579	40.8951442215422	30.6857737221443	34.1629710600302	50.1543665950082	43.0205422839362	55.2683909371472	62.6438076371296	68.2506475707741	72.941682670861	107.966259967018	304.248628331712	525.223689910471	318.427931753344	151.60698220367	164.257294734452	165.611919014979	175.846840379766	189.158807410199	210.240112983527	208.919565973826	222.399933026916	253.130082787854	253.377611923966	259.503936312333	281.850679684637	270.932384004198	288.225251708272	307.741120224156	313.030916609241	301.928900878967	315.278135863549	304.678801986783	309.473276767455	301.793774773001	314.822611651621	329.302974356277	316.438117586502	343.441460658024	348.59648614674	372.855626488048	377.115668145381	403.300368647279	439.642897170273	481.928596993287	595.895628664315	724.779147194378	838.391122209336	6396.61715212939	14078.5155659908	1913.91317709065	981.657697145272	780.659053738783	2373.68650171046
532.245	43.2142896061108	38.8920099582478	49.5814813952647	60.9176175209065	58.8133969297869	54.3799182420519	65.9804860018009	64.4976900388701	90.8035894352397	201.831863890994	463.22654902691	402.754760951746	180.245923830667	153.590956727997	162.515239335545	164.928576544185	186.725143161767	189.562802619352	188.725151778756	197.263211344207	221.538679432259	236.147520195769	264.404357425759	253.929909617906	260.282237827062	270.539143787854	276.324727123947	286.029130909641	292.702540633669	292.364888616453	295.88504353053	293.32227046459	302.60308025627	296.983852326646	292.531586039765	306.378041394879	308.583904068719	331.703829210536	329.727879705157	361.131941593876	372.801026324254	407.573734255709	418.085382974172	508.469211306389	617.644082034144	724.411681723007	1479.66398963727	11781.0187741756	7268.8686599583	986.737560815708	876.058807539362	1833.13172182629	3297.03225318813
536.915	27.7661604112386	37.1546940739905	56.5196427041081	51.1912885067477	58.5505236996334	63.6665779665163	61.8074770465786	68.7125346663332	139.07767583348	352.081177740406	459.472697039095	229.754263496241	146.527041118215	141.247726754263	155.660390366238	166.84088605456	177.709719417052	187.057529893425	187.101832915883	214.196435563777	222.062679969941	223.680731683633	229.342491591223	229.301824209349	249.201859988325	260.195418028512	258.447034204607	272.976125302434	283.852345032369	280.353705412395	267.533511167049	279.279443649067	271.210518436783	281.303893737166	268.542539835342	288.703590902499	308.905760950179	303.86404935178	313.260321455647	342.790907986281	341.795942943294	396.54612411482	407.095415557755	511.015790131255	643.730493670879	714.302039187685	4858.33518053442	11999.2827455102	1952.14572447292	799.38963606212	1017.27252320958	2693.40050826867	2379.31578019807
541.586	22.6213378204457	45.5793565458331	43.6565869674823	64.7901651798466	48.2404736360645	51.7000050379484	71.1867759019929	95.0309255677712	244.622578537213	406.571002587203	267.033900783432	122.79446304817	122.173551748226	146.713574906605	153.942617393451	136.532975426626	162.826579902657	173.195722977608	179.490545937389	179.552530029808	206.997871391259	210.971417251444	203.430203412027	226.98621636907	225.488288821374	251.24206257554	261.663560968739	246.767293776702	257.505063138829	257.587308123598	251.969798051661	255.630759017326	265.711938246533	268.9460930775	268.654597176091	275.848916958702	278.942664507516	295.831559614715	284.146632953276	325.46028918387	322.943144871747	364.509662165811	403.122545894786	511.584277740974	595.143800940653	1088.5421386195	9557.99208930889	6762.84786786314	870.713436885899	791.45242958328	1336.80415336045	2518.41970120474	1147.39933550548
546.26	33.758037548774	46.223121891352	55.0012648269629	43.7694163895913	52.9182444524175	53.4521025006198	74.1404214152198	173.995577547451	371.407668729887	333.688251486495	128.196089841437	111.362684958748	116.983260987812	124.899192270125	133.88043020619	140.894611098758	147.147629127697	148.686073024961	168.560029125295	171.725455777625	186.885346730591	191.864771242148	211.118768326086	218.542684606359	217.546025728385	218.327535360407	234.620030404864	233.4666253936	250.45942248589	244.519747027329	246.15849347804	233.037088204226	247.64527382598	245.346822315423	241.689946823367	251.39338824672	246.390123712769	248.347768124863	265.286070286394	311.337081777838	297.902727895007	332.378481612928	396.556135087036	511.365007956904	559.182701827582	3671.6301399184	10464.7537262897	2039.63918751116	772.143825661946	790.126616238833	1781.39745801786	2250.14100413335	930.247560885238
550.936	35.5936063224191	53.9793333163254	62.1024569506311	42.8983117679842	57.1980501329565	60.049256805267	134.850449736056	289.398780110833	374.198126924989	184.472152620645	106.556382938999	102.074065105916	109.545869556375	121.642998100607	128.903439889682	133.317244878568	123.972792344116	145.600285624766	157.319854186316	184.851744138322	187.260548647351	177.519608418608	203.065747882207	189.308888810118	199.066762108411	202.140411104464	209.708129377506	208.89636674891	219.242611015512	230.679616077201	208.615171721036	221.189112512949	226.491840259489	236.86667381051	231.881910115835	233.77471022705	240.920511699201	253.389849185964	278.074616329894	266.644713858047	311.241447150334	323.29632466336	405.177247114944	495.141657568098	788.046261965082	7705.73064887958	6301.63948126498	814.961911788204	808.815929711435	923.346776033153	2309.53711663399	1622.11103807249	840.281172224746
555.615	44.7546085923613	56.1775825363791	45.2889604409127	39.6559110253991	45.0991166216464	98.3182519902758	229.272772912382	368.560223858226	221.97028603389	97.5592613477833	100.012717364054	100.577880624069	99.9405475876785	112.017967008331	115.473374770648	128.645965388442	139.314221228117	146.112238428926	151.944995478781	154.789621486978	163.146249701507	157.450625743457	187.271814262888	180.838424837014	180.990064639836	191.779368988552	194.666506905673	216.002776009208	210.778366834749	200.735815698435	202.528158549045	204.834331630049	214.172562872235	214.236062758161	219.085264725159	226.236667215687	225.607595021996	221.596117077264	246.044984718876	273.817255315353	292.880397761966	291.296203952131	405.765282645057	480.493909941437	2679.78449430277	8981.99551543987	1999.83324137241	675.471888521461	771.345217853511	1324.37623553202	2130.74465675875	900.306022767618	145.644347770106
560.296	45.7432471029053	34.0648895354726	38.4374956055596	34.3960586954576	65.5977823446003	150.270697811964	326.701174204543	281.124933173486	103.712319295593	78.3841620977499	73.5353938700166	76.2405489231012	88.8347791495451	96.4698592665323	109.680697664364	119.158099440948	119.516991022518	126.210775844068	127.443014162366	129.197783806913	142.118472540824	162.018423891263	148.331008175328	161.857073292946	156.78119482828	181.328064857325	181.235896128885	179.355517135176	185.795893398386	175.979342977906	178.011637064908	186.179099302815	186.868750424106	191.51008979866	172.667031222461	192.719505463925	188.427059982325	206.224646349761	210.040610755965	244.933245498202	241.326980793832	305.130985108871	383.271422170195	626.209470423681	6049.44729003135	5719.5182534282	649.382598782776	666.207074819488	734.309617305286	1672.91976605695	1446.18406297246	596.241624015632	341.30311346844
564.979	33.7155581101603	32.2255381721469	42.3415790898817	45.9729841210769	104.542674476756	268.926417889897	304.880737986794	150.996089684216	68.3302289496845	78.6745006339289	66.7119965299479	86.3750977743658	81.4914901469634	106.710532565357	107.363670491245	95.8625570583775	119.441556340254	116.691936270916	139.955910973131	128.249960626279	140.62307737276	132.098437704179	152.611420091783	158.260999218713	155.801857113512	152.915211743741	152.927973239755	161.160634966708	170.54197647684	186.951728863025	163.015235859181	180.263161071587	174.606772245097	186.844589383148	180.283140915633	190.955196507904	192.16268618068	213.467917039255	217.990788296034	225.311645651704	266.481213429005	310.249338518168	386.748248654937	2217.90429165294	7743.88394250035	1924.36279361872	526.450332383275	616.946562429703	922.688882458754	1821.65436288374	759.255522427037	476.031084487963	327.999263481
569.664	22.6413598109942	15.5092050315	31.255784244842	64.4033494786284	178.598463964161	304.753991088252	175.307634631896	75.4082102954922	60.6788719818342	55.7290389477528	57.5323769049295	75.8159997531324	69.4809881628599	80.9038688701764	83.4050632918104	97.1151624036816	108.925730660007	111.099999013197	111.70657043846	113.172562054022	124.120040039944	119.88948986294	120.55095554134	133.911107498795	134.866331140222	141.392994460224	144.472492966942	157.998208864723	151.25507251206	159.126238205188	147.474315456474	150.655482948373	148.62565503853	159.480581354517	166.366128824286	176.911636251188	148.322383619925	173.538101260962	194.467325414362	211.067621698476	250.097595198711	309.202874237926	455.640931211969	5143.96292670623	5264.16911082557	523.028271377181	488.406410246944	550.893001187961	1216.62793316817	1537.22996828583	620.966461582886	186.476564739194	-743.393567684129
574.351	31.3985416626094	38.5594845459119	50.5689761569932	125.579707209393	281.533888569273	229.970544551156	84.9795479650935	61.4905878468551	57.1796248721189	58.1298204973208	66.8240945912008	45.7099622397884	64.1625546055742	76.9836305924388	84.3998995591993	92.381866730212	99.255783866736	107.099108560985	111.30604494692	95.4772577807452	111.745488981241	129.553338306004	118.270676691932	125.411161797548	137.546485825757	116.81088391956	144.539665628283	150.887873054198	139.716611834235	134.222162004635	149.881698140345	151.659829415741	138.612950518267	152.863474341543	156.11342552662	162.855226011588	161.944602636014	187.760286506383	189.608133327717	198.492115414753	256.641994211606	309.463632897717	1635.10901216103	6636.85130135009	1879.51701063348	422.178044847788	481.254287820125	601.8088289277	1616.96785378432	1069.93011925388	435.215407926341	389.581652045891	-516.502290379874
579.04	32.0926250236984	34.1350222263942	97.7411271255326	218.465749745391	272.220772320491	113.045451949697	57.723425736784	50.4516546978651	49.5839511750828	49.8119960158418	54.22843727437	76.8690473989939	53.7014862037994	71.8581393516913	73.5598219091067	78.3329965165545	85.8846702167483	93.696398732152	82.51897731905	83.660829687521	93.1269354882004	109.93848095553	100.281773799612	111.939294682297	116.320602763494	118.460663649902	131.670002088091	123.387084800124	133.027936265734	142.129093487171	128.719416869993	142.630869402528	119.129781342883	136.936037180973	144.805583710216	141.407881593042	153.016631041004	136.947704299835	174.662005531224	204.010781357386	253.177967548369	339.233833240197	4123.50216903656	4615.84251075871	469.614176913037	360.310291459186	453.352596705427	939.814694200722	1467.72861281617	623.946021544584	385.580261281135	399.865927860547	437.094953942998
583.732	40.5800825355668	66.1220764882431	186.732351024497	287.397261008308	181.831381177214	67.3640558438788	57.3415817435076	62.7706331656247	55.4672009817046	59.6802824504545	70.7558710535822	61.3165511875447	71.760905838257	83.7377444834241	78.8720813341651	91.8332827217094	99.2960801725677	115.67131532607	95.4537016357829	105.702290071856	114.551742252967	111.655492938353	129.520255734604	101.554710234169	125.738156583942	130.660680634809	119.14410729436	139.589515192737	139.212581862796	124.867372835148	134.482696086425	128.435494186542	130.178756587776	146.521414717437	145.734212941866	154.833146154333	157.830444561557	142.629526528277	183.187556559271	237.452362043522	282.069821653684	1126.06880428217	5744.30274889146	1725.8212341086	363.335594679682	422.62296490359	564.04609228316	1255.20543015894	1139.37029663431	420.137434742753	635.9756903348	525.205571722271	355.302244327604
588.426	54.5238719906313	127.355034031415	250.03390814594	199.845228875718	83.6205917298768	44.1372910308761	49.3217957223986	49.3847521321982	43.0730461017293	47.9898508746167	53.8860536827911	50.976000229485	61.5671035040786	58.5648244208638	66.9711772664656	81.7970760390783	75.7570587896986	82.7766202445244	82.0899318666242	75.1049918315191	85.1827315271311	89.5126820209882	97.0481819623001	94.1998307668298	95.2557115301451	109.847544996224	98.2545421981953	111.114124100857	124.745014149966	122.268902953425	101.015974653879	119.165763090053	123.168879716639	119.208416872906	127.663748461841	125.497141595019	133.777933873708	133.335295568216	179.428792086224	218.959238596453	295.203279437957	3181.59479962547	4208.53945399191	403.086369676626	340.469823564962	360.990205297732	619.540451485572	1329.20653177362	690.388025022596	445.00311403189	458.669132027404	438.780296286497	1088.39659284079
593.121	75.2931511592913	185.831320753864	221.979603277706	98.6774772480572	38.8714534715248	35.7889474137517	39.1230917182108	35.8544459438487	39.3532382965283	44.2838798340734	43.6660603398694	50.073294653703	57.3255108434462	57.0832449214948	74.4971081682177	71.9305543090209	67.978669018467	70.8074308002273	81.8044607371909	78.05817220331	80.8931965178293	85.8714424957162	92.7760181086112	98.9594003872403	88.5367567633571	100.056936740618	90.0420901708899	88.6175463297236	97.2433942248659	105.410892733531	95.0662897341033	103.91115494711	107.75542297272	111.312378732691	104.344305111997	124.793931386405	111.218178627169	141.094489918663	178.751659716008	210.780461054956	748.700130889358	4868.03979529229	1682.7253478171	279.015617982191	311.46549857325	372.459278757793	854.148354379705	1088.66599727823	465.282538597708	342.267617991162	337.556376060277	551.219667361174	358.917032958881
597.819	152.339134620575	237.261129900562	144.702314121238	43.0934597398903	45.4408372851681	25.3559873486056	39.1687537546294	38.7433522139542	43.3619657293228	41.2435315972923	40.7398112769369	48.9203202323813	54.3157870414999	48.2043580422885	46.5892234610668	63.1764898387972	67.4781331143218	76.3469724472706	79.8479767316397	66.3064066783325	77.3682796625119	81.9343596287637	94.7049755224395	81.9695779403799	89.7019695476997	79.5508085214261	80.9243188101737	105.418297836993	99.0358860417845	94.4310243765299	101.545322236894	94.4993526438415	98.5522164471353	112.901332775498	124.004504129904	104.122007549617	129.949527697999	142.323760159807	184.98267519296	217.569320878395	2419.15079339274	4019.2289011402	358.010057956887	254.329044131037	277.307517277908	358.805358381601	1102.86067015626	766.677369108034	385.975467457185	362.703365601263	310.386081471336	55.4555031347184	17.1947046098355
602.519	191.706382275297	173.667048997315	55.6711803064875	37.6407856017511	32.7521346843113	20.4439936098188	28.8850001950417	31.4735723499861	33.821771513212	38.6775281436974	45.7591423850848	40.2064565507512	40.5952508070554	53.6808696718109	55.1209410021408	60.7781293892976	70.4584594687711	77.5900772879011	72.7095593298996	75.4134925967935	63.9987586984561	77.394732635087	70.6386045546335	70.5721622777316	73.5936472487124	66.9154198177579	90.3849101823055	79.5324698658921	94.959026605706	87.6664687397028	82.1118401158205	84.5264088828188	84.2763485539191	90.4148774921691	93.973035628759	93.4667488005022	123.11839898452	137.006759001783	209.9883217245	547.55108503434	4090.11844816448	1790.18857317683	204.611270261164	217.718133029129	277.259935430963	607.452724642375	1072.9295179329	422.060065755636	339.344585258633	298.455393769241	309.141864271588	188.631253263449	17.3296560262684
607.221	181.453863571927	66.4287704147246	20.3327940937039	26.2942060884657	25.2059075916429	24.7542178676773	25.8425272615711	29.2102387197246	27.9918389722753	39.9237834438515	36.1889828342329	25.7630164998851	40.3410201378454	32.6807860655694	49.7328960531726	47.3091642005716	46.6750165923742	51.9770169431509	65.8867744744916	50.855002498645	56.7826895749726	63.4507851219723	55.977867863037	69.184221156235	54.7331796533655	64.719035212984	66.9419257018737	65.2416608175419	68.265143269376	59.0727922471563	67.8433630598021	80.1839720535317	79.2666333464964	73.2329952239699	77.7275886411483	74.9035281086507	94.3425003149623	143.589767945767	185.29745585786	1919.27740929943	3737.56968993208	380.415321940656	143.188633342393	197.331703366415	238.620870108275	743.251587755441	701.914217454922	292.211962298063	295.639565583336	268.466306806345	185.673860052903	-155.086785081167	-664.470593143011
611.924	152.952863465269	45.8678003664056	34.7935736728861	38.6732826875427	40.4342930635454	29.1574799261395	35.7033294066921	27.0905444309912	43.9398347478199	40.0810363221382	46.6159017164711	43.9489780172921	50.1276671095848	56.8245060717654	54.964560589134	60.4419001091473	70.2172858715014	67.2355893540933	62.9243233248941	87.4745534712471	75.3138021009037	82.0116444231589	72.663248357836	79.730234108069	98.5617473633055	82.3045751697622	76.2659705959973	81.3308179125765	96.1188395128115	86.5552291368325	86.0738553156233	88.8378238628957	88.0006315864743	88.3482373363149	97.360619176654	101.404118992215	132.3309593602	189.308941665431	387.577459931642	3515.33468875934	1855.96039076658	177.108031411836	185.468781416248	210.18899424595	374.587607197299	876.519231355718	500.10224849873	351.907684914147	369.306873398094	358.252741696389	427.405001482808	398.560381719231	653.20256236864
616.63	59.8535175027583	31.5689932603363	21.8125022207171	28.8312216074075	26.3036735322726	19.2162917624884	31.7374531495943	22.8849168367173	31.31607366646	30.4531399172411	29.0457084424742	25.9982824855404	44.9842637112371	36.7607571563564	39.3547437490524	50.0850706505429	41.3378207163496	45.765604448144	44.3562780493438	48.0705036622731	50.7689375642882	62.9952243097145	70.6337560383491	58.2248861193032	66.0046732878206	61.9401223517541	68.025256760396	66.2903044469921	61.8768335482945	81.6442423241093	77.2268316871636	65.3017253585589	73.7896772412158	73.1771551974196	97.1289997035881	98.0161071378611	129.395002146854	152.823613297083	1451.2159105131	3429.03905375903	443.340471849037	158.615880572714	165.43996803087	168.200328353666	543.708951982845	767.935141980998	274.920697794456	263.528810549005	248.949290496454	238.32011296388	102.35599256229	57.5719377856042	53.5527986267355
621.338	47.11357376573	40.4581572397386	33.3299615255143	33.7332608914699	22.4758611622541	32.8973994956285	36.9842638069185	33.3735137724585	38.4658288063025	43.6149521942885	32.611742385293	23.1554357965583	60.0237716249678	39.8511277354353	48.7466560410133	57.3885875444975	48.0226795213641	43.4506850797889	77.3162677787381	77.9036626626615	71.7867489598053	75.3263310805759	69.0414165401861	75.3485391594477	79.6951407468679	77.7923481577261	70.4544580556939	75.3191158492213	62.047212709493	77.6093673110784	77.8325711846004	71.3756690560811	74.6809294432901	85.5640821254308	78.6445090918897	118.051470743298	145.970205754315	308.437527578485	2883.75232002314	1834.4679159404	158.287608940599	167.595168107547	179.871062292433	239.824284513865	724.217930516666	495.629369548487	250.370852609711	266.94403798759	333.390274567242	307.442445096255	404.993949374119	522.211602267559	107.94569504378
626.047	42.6769947619885	37.2783818414361	37.9466244899409	34.0579615458321	27.9288656383948	31.0712123093572	34.7163471423955	35.6352871050589	35.0520543591125	24.2307725830011	44.8514730214368	38.7587924148321	31.9125091292937	47.1500579601183	49.5215572680551	49.4470172071382	54.9067676298183	65.1284752196815	64.7421027342065	74.7404162298714	85.9709300642816	82.5700775879161	77.2905652288233	67.6601159236663	63.8378174240638	71.7536350431488	83.2538734532382	83.6803304433776	69.3222850744675	78.9857675917799	80.7645776795071	83.2932483322773	75.7152535021743	74.4610245130887	83.0868063956535	137.932444777539	157.474565906863	1162.71613853134	3152.95022598517	469.975763502444	154.532162688445	172.332207786682	152.200121202016	365.520902643763	683.789846057189	323.953028427506	266.262448775104	274.958234452604	294.958179310783	392.852205791486	462.896866936174	622.433948183941	1053.51905682794
630.758	16.6249304177677	11.624190333511	-1.80914261780118	10.2247817669188	24.6999950029413	23.8242038863652	21.6245439113344	22.8230865931944	26.571144156706	18.8390684860329	21.7492465122202	26.7382918494537	19.5484588084088	24.1457155351398	20.3919486963115	24.8355069235877	35.6991575839961	37.1771090419194	47.4884493289848	32.431834333035	56.8898951720223	44.2903111855144	47.8210955495774	41.8112307429809	45.0315727999079	48.6757572944755	46.4260728953631	472.737972695722	43.0681969471065	55.6607028305689	45.3857137987804	51.3950932132696	48.148704012466	54.734584408716	84.9942650052768	112.959932753282	196.592607657823	2383.66520332988	1796.61028648639	114.566068718284	85.3711623334218	117.348849700241	142.762015757488	433.140359180473	483.003865829512	201.930471091998	135.127596746011	184.355320150615	185.888662833243	132.355946139374	66.2807527898759	59.2106526923938	73.4361515269618
635.471	16.2998695322307	22.2152353880809	14.5843240922634	1.71722148005955	17.4820801185008	22.9159848393137	19.7349413221417	24.4358151970618	21.70419173431	27.0519019418908	24.8208981326822	26.9436962963091	22.3251148146734	19.2088450457076	31.7569277735957	41.4015235949873	41.2058942010308	42.274428385546	38.4333246605581	38.6592042190799	47.9033210892368	49.4255686859919	41.9349946768418	42.8465349228712	43.0070400639733	38.1863327872327	51.0061594883316	38.5632502180688	55.3823675656014	54.4857676229119	60.0263584737489	52.7431005928044	44.6628024507683	64.3475668566495	78.4814923033574	118.870693844652	817.17420924657	2783.78784941727	485.418823311312	103.125826913361	85.5381967447981	106.054105349503	217.256023567804	527.680060149225	313.396536200066	198.727462177123	224.27283765978	199.635091896985	187.316665720673	177.830278556746	251.444418771561	59.6655108947316	555.002178631865
640.186	8.61879659722364	13.7587363922335	13.5157279792776	23.0537996049854	18.1084939651172	17.2191295204223	18.1241931436535	13.1408115394746	27.6382251945242	23.5363736956251	23.5445854571856	21.6580432765546	31.9056741705147	27.9049120802856	40.5502060126248	29.7162608154642	44.2317344500899	21.0045736499466	44.1677267858501	56.6997211811774	56.6473617515463	68.7339375420738	57.123504345085	45.0729940395804	50.5514368251476	52.439493855713	52.7289823609097	41.8820356700722	53.2145824042839	60.688633634579	63.63874289173	56.6616183228953	54.4038052977853	73.0197658516648	107.686527637411	160.595093243616	1905.3437280086	1742.21030721978	106.744203474533	97.3755696579392	99.8995685035506	125.909134370839	324.728632149504	479.25241542295	180.777866368813	196.241214893001	194.886129839262	137.505791304247	162.880758782583	200.433188051439	244.042305286756	425.911763706619	722.852093825136
644.903	10.0936903574022	20.0553377072077	8.86713308079377	12.8766740227986	14.4121243788933	13.2692429907337	13.5401548955221	28.0384701668109	26.7207633936353	19.4770707396499	26.2217325712236	30.4772393607795	27.6126793855792	12.6520319323933	26.816550030039	31.9342974792819	46.725459419085	30.2996460114311	35.8906485306758	44.0203349988357	47.3476494897624	61.2966011917135	48.0847232387705	49.5679201125306	43.9229470424263	48.7021898293605	41.1508352530566	34.4795538435601	37.0851056234612	67.8775421501455	48.9180853886101	46.6843418627023	51.4439048674062	58.2183344447182	94.7404948415836	584.383384373828	2467.57175676743	533.056896867864	77.3021529374303	77.2184616771633	84.2008804527921	142.930461241895	424.828832147962	340.268469645784	141.944294994837	145.490359563312	163.487814759411	202.293791179315	179.067274269013	220.242715976724	218.962823803465	392.99080569729	149.971622405482
649.621	23.7302271197014	-15.3581903213183	19.1093793831392	7.41183416896355	10.9620981595954	21.3070303133757	10.9854547950448	19.7570360629969	19.8031162170342	23.1668320242974	15.4673027227905	28.3329298763661	26.3165819957955	26.3202543028921	33.2752816478375	29.8462292265285	28.9026284861935	27.5497287049494	46.8536300824907	28.2605336052987	46.0003075798093	40.9374440103432	51.03352894711	34.491525614086	33.0605084986049	42.9639078112347	51.41546693269	53.9500404624999	39.6070466532026	44.1356007240254	50.2633008029157	46.0390944493312	56.794948245507	78.6107737051628	114.666685807829	1545.49437552899	1677.99094501796	107.123982589205	58.2498245129976	77.3736421042813	74.3419328808502	173.290478246187	412.136327922758	179.138711790863	152.899810354791	169.047127211991	118.765984128849	123.949202215015	116.225284684428	210.669369744401	193.799813524262	160.95436636066	-779.484316033979
654.341	17.4834110771593	10.9598445729653	14.078969135	22.9392439187011	14.5338866899485	22.4920556285397	7.50888526198769	12.0008142870772	17.5703636254522	28.4795820141499	24.8013296863788	19.6179124107735	43.5142323916102	27.7313436469075	30.8677328060202	36.7586196149111	41.9794483182352	38.0208056572658	66.8497090867969	59.4785031888924	77.0382590325574	66.9790436677137	61.807394238618	38.7534718513058	42.0557721806892	48.4408654771843	50.179635809068	44.6419768177867	40.222141187222	48.8348463595887	38.1171877344325	59.022878880833	74.4435305722444	86.3414656760605	412.017433806146	2153.31063116818	607.510133660616	62.8269531740009	70.7184658908798	101.433503383547	97.4312392700483	288.322164596884	312.523799716025	169.228579410494	132.974295995756	142.89495958024	154.046960794766	189.534600879716	189.954941389823	193.320225568178	319.815454458399	85.6187492721649	231.684775720613
659.063	11.4359925229412	21.2539291097714	28.7785277298024	2.16864543248363	29.0004700198605	18.3746979085604	18.8219602799536	15.8835729960358	23.4819153621364	21.9764034242427	24.454191245227	27.3664087428887	24.5315014866776	45.4846403281965	24.574266655508	38.6936305126423	21.6825492246566	31.1065665307693	74.1532829202869	61.2371577351305	57.4383012142994	57.4499408078889	52.2620574423236	50.7281730275552	41.696796285894	58.202312322721	37.6094212919309	38.5377278957899	41.5830395688394	40.475888611127	53.8129825127315	54.5037227638625	77.7749963741503	109.180262618818	1203.71707168679	1604.30711801777	105.043610294545	71.4343649629955	81.1806375126404	91.7219682487103	138.374261288646	330.369685053144	219.371118180453	140.788062864993	123.265549245072	158.106484008025	154.138656737022	185.293039938464	208.290551369972	145.560062340208	215.003912695277	219.772020836247	-233.633800043607
663.787	21.7466906323899	9.91551100403004	-8.95062137800048	6.59823604703619	5.6926257731036	0.582355619883871	2.63296379601298	4.98609221890857	6.7115150514781	10.3842669702727	12.6823924299872	8.69422962654964	7.35873423020746	11.6179085833046	13.2922143439479	18.4670951694486	10.122454444334	23.8443245360119	30.966886547968	35.7321786664035	21.3734684329717	37.7935027425834	56.9296846513253	36.5851405245226	33.9752547004116	24.5950120033136	28.7806169603024	26.6327755547153	30.0741730867049	22.5775661307843	32.5424661196378	51.2074973528999	70.3046525111661	279.976688673426	1840.66048488234	628.220269842233	39.0353091296596	42.6924563073418	52.310607596248	63.3142391257581	143.467579330829	285.816898462629	117.822161720091	94.4691440232793	83.6244425702801	149.185965786972	58.6220334759377	103.5789411275	113.167269870755	-5.27232584448797	79.6736405877539	-119.40531833266	-454.151030789231
668.512	12.1743641650848	3.04096150210427	9.41157287325396	9.97343414557266	8.92326474353051	16.724715859426	10.1706120868333	13.1407904124557	8.94475292095041	20.1625146876337	17.0398411275191	5.7283862945309	22.2459004850885	17.2164917748364	15.738408727143	11.9629607640308	17.9383967977532	24.7669249164074	32.4207025803753	21.4326480512568	46.4540015868555	28.9597220329965	31.2552865197384	30.3379480294837	32.0511160741307	39.6545146552898	38.7856079468393	27.1860382691854	27.1703142986341	26.8876847449925	46.7977973832236	61.1695452956225	87.4331939273192	938.546268434033	1518.27202366859	115.83950643093	54.0861338292534	59.5335982583849	33.9194858879018	61.8378244769269	229.209800630967	221.856288182255	75.7837341275969	95.1953198792684	118.314632409711	145.219386283262	110.761229627129	137.178759606142	70.322925537208	130.164916665034	29.5790838489615	-96.2585410632059	-557.129451103309
673.238	49.4806326165814	19.6667676016156	33.5333918052895	34.9314331308061	31.7401175945495	25.9761123863703	21.3534514398345	24.3013376055023	20.411505129192	29.2704936408009	26.5708121726011	33.899318359706	33.747424617636	32.9083305040194	44.1308047840453	43.7940452940187	43.8775859307312	38.6757027853089	61.1549033479612	80.2096021627859	45.8840549012916	60.6628355814433	60.8969320883328	61.81397673673	47.6333830231596	47.729513142867	47.4557654531149	43.1284671185523	53.9670116622297	41.6147836149684	60.4818551006919	92.8225671503049	211.381507827857	1604.92420599885	690.41984379241	77.1717396225551	57.2973316769128	83.4992399824479	88.9984494526382	146.638394287381	294.055343492514	165.242675836601	99.7474947970784	151.329026167212	105.326186442009	194.448969899892	240.189810175742	183.006478786907	173.997972593264	366.122164948824	391.094848799772	726.286762051777	1301.1250316596
677.967	-0.987001503410011	6.6036748269531	8.34548923173536	5.98938846224175	13.5642746888511	13.380672617887	16.356623517891	11.5543661609792	13.4863946965698	24.0537112265067	-8.05849351957259	25.6109788672165	18.9656114565161	21.285606482648	22.0575797063084	23.9098067008792	18.8916920960943	35.587905518914	19.7131129937431	38.6613819210607	30.3857760572042	45.0268007319544	45.7070069655734	45.1438547308746	40.2317127262979	19.0165629100337	35.4102638821013	39.2062981982634	33.1825266551161	27.5973533879186	58.8484875667753	67.8765611366787	753.317005551202	1413.80423804275	115.29415782447	46.7212023100746	67.683241585733	36.1107872404887	58.5288007118289	167.608136195957	234.945332916003	89.0070487037176	73.5993762515059	67.7506814833266	105.23616857323	124.365247209196	132.200367692332	164.705112850942	117.491535447219	110.373104974106	342.57700188147	276.387555503807	564.59581623367
682.696	-12.4750117105163	4.89666328115171	16.4751545709147	12.1122719180716	0.653116139678582	9.3205225146741	10.195216344459	4.75246022924242	5.14170317281645	15.4299418963195	14.8415459336811	2.07171160851107	14.8350143562815	27.5209823202795	13.0389083290088	15.6634953616073	9.01048426331978	24.2421945578002	25.3312688151611	32.9428952265459	33.7535706275717	15.8537063408896	24.7298169508071	31.8741640963959	36.2015272466592	27.5729276929774	38.6692771171301	26.0716702668983	41.4049936460985	40.9742928914401	59.504312324171	132.013469462732	1342.82316444412	672.98956211647	41.7428138389804	55.1816883231037	46.604693866715	45.8641620824402	49.3175523211762	185.568687822326	136.289340142679	60.1941158219395	78.3023504037775	77.4412429230122	93.3258834428285	91.1696271762879	49.1818136129601	119.175867105556	109.063117163858	73.4947475297456	30.3095432663663	-65.7571057082166	-407.777026530174
687.428	0.502484531743581	13.4477787186509	21.445849533972	24.3936816426894	22.3609925546063	19.0739596408255	8.89754684360578	4.58624054427396	8.55430057181473	7.63716231318949	13.1869154630612	3.82465686817804	16.7603733933849	25.581356435191	27.2964689415186	18.858853398761	33.7530339524969	32.802893466763	32.6169580617163	33.6152107011871	35.7322788972036	24.5606126993935	36.7413677953095	19.0202738940787	31.5686629515492	30.3227877423247	23.4356713191547	20.4994681829219	34.8648829284817	59.756410759061	50.7555753437164	575.817451898188	1302.98909997772	142.095961538787	48.4719460128388	46.372436665273	58.7683131134098	45.7359973958917	123.918243870862	212.184715860215	96.0144012363479	50.0215891064662	78.1974188559609	60.735937315324	96.612375596726	119.242511209114	132.067213814185	121.546526681915	125.513834330291	142.533721875312	-13.0805001650302	49.6621705213796	41.0624160094122
692.16	11.6198768485544	22.9853154141277	26.4442791954755	11.496605378648	14.87803822457	13.0894005432811	18.3504473154611	12.2295315119749	22.1808393891162	16.6811337449726	14.4370273899093	5.24375079699232	21.2473535126738	34.2936173478629	28.4868365503507	38.9566883067211	38.6800231256427	33.36444822503	33.634876051946	39.578856652155	53.0131029634204	41.979678686773	45.5603216491451	39.0438465227493	37.7857367318462	29.7527453010584	34.0755510344221	28.9273544925015	49.5094425253104	57.2197817423531	118.363751606998	1106.83409682634	663.2770340959	55.6816002590564	37.312775396733	46.2222157047716	46.334652971163	53.1974704633145	169.291420400726	169.039870101819	50.1766810019635	43.7845883106677	66.173413494928	101.776023821895	76.8263712582597	85.9386804576897	123.846689695838	143.863096002651	116.336133806518	93.7009925292551	100.828179067019	233.014780468629	1176.63117441113
696.895	26.9580753182322	19.0576306379522	15.5647194559374	18.5194860737781	14.9790749437652	18.0818406299364	11.0850390934999	8.2756700227157	9.57062974807603	12.7957449761483	16.908141729038	21.1174443804998	12.1711079271271	36.3247606947259	20.2860591934643	30.8910675558253	42.6165385971227	16.9885649275974	47.4086065718036	35.8181002836492	31.3181086894977	39.3642396545091	33.4724996013406	43.3201149371891	42.2269969254735	23.6679870559059	22.6279935834226	41.5014151171673	37.8390419435237	57.6083611325288	432.428389703534	1197.51642456776	179.03759349981	55.6909198241771	32.1995711641534	56.2479946145937	39.8017061250856	82.6075394180593	177.143817022334	107.136308010595	60.9503783604716	78.0369289612935	90.3695364911585	80.4557152661442	87.1277436417295	108.953994581778	152.96742409563	155.742010662811	75.4371956484608	246.94179705207	278.057082050753	293.246479051968	956.010473496665
701.63	22.0559571818778	18.7606513895603	21.8916255900607	30.7368406899362	17.1193431642381	21.3247602842128	23.7542107418665	10.7879672701976	19.5323542496881	18.8177121149932	34.6995190048801	24.4897099234318	40.5403144771118	29.739912206163	19.0461805219134	23.1010270034504	49.2738237709395	19.467871179984	54.2109890365213	38.8289327723984	32.4716591827834	46.381595317915	46.2562633206295	30.336924433938	39.1301787007107	31.6989382953232	33.8599744773865	50.6619127080736	70.0784683862473	90.7715994565724	948.061782067416	677.772144349834	52.7806821849201	45.3744857536065	49.0929313075062	54.6816339249513	47.4740045449487	111.681841487784	160.290136865765	71.3368483150109	67.5550312884465	76.2916551328926	99.1133596486909	94.9111338495292	78.896457818731	85.0970526720035	154.256472241943	146.060629291991	170.163067545292	195.860599418492	320.457433059907	363.310257126356	482.033360827701
706.367	30.1061672990223	12.0394716224234	26.3337503715944	6.69346626582906	16.3052770166632	20.9546249685592	11.0766469621147	13.1829846758627	14.6502905789968	16.0505830998605	-3.93530901587065	7.18347473476963	18.8191776672919	12.1118307199419	28.5544727971077	28.6907825419695	21.7451616857428	42.9482013128449	13.3910714190205	39.2939308612193	23.8576417148384	48.2056094146373	17.7119705295501	29.0628806084025	38.0458908722583	16.6053674369637	18.2500854312857	47.1819884030952	49.011183310498	339.876967626931	1089.40065521379	191.597202067597	48.9923938761382	38.0139747447517	27.7743315042369	38.8181256121139	46.7322813039022	158.875482566742	114.328523846265	65.9136557665713	46.5099619120815	60.1836514003007	87.510326515614	114.637634138279	104.338045287201	85.0260595706234	60.3426374084619	108.075973034602	202.589252966138	141.575813675908	279.25410462557	410.41239040354	869.567179433149
711.106	25.7032003664919	-1.87179255424739	-9.71546620798585	-8.35574344469524	6.52235134767939	-6.00512891978961	10.0028415875805	7.70192245889799	4.70001592596515	9.34719632342436	3.05913845124652	6.17045428277809	3.04287610362004	8.90165459752277	3.2463124192921	17.5394955907187	7.95641792203099	9.15819660998659	15.2786619304029	16.6223786376801	14.5567782265451	9.82843131221494	18.7514092158626	19.8556994799291	-1.56929762731272	14.1111101560725	12.7970946888701	35.2910042370742	58.9093938289754	799.072001330651	657.895933520843	29.8161855229231	13.0289287332821	36.5137792566499	35.97413026901	35.0549730936485	41.0468465445333	134.809002438236	80.9741189626582	11.1016567104779	32.2779832406837	40.5462710061404	31.9725631998273	41.4863296033266	40.3423485187104	46.2668982280791	25.1874210350361	48.1842541532488	22.5202253905312	100.149953258718	27.3100673281955	95.0463746187639	-21.4329981982158
715.845	13.2656447892955	13.7275475179627	-0.854600296109771	4.82996831741591	6.2505801393721	10.5506668059561	14.2142302479488	17.8983739415892	13.0746254704106	0.278099162625782	4.33235865186243	9.17921326184682	5.77142126668693	10.5054524680945	9.85164608587134	16.6562060579629	21.0793985656257	26.181391034999	22.5208452771695	9.80860393827316	20.7073743483622	25.9361109283959	11.2086115114689	11.7165356632246	21.8275629826771	25.0766806024798	28.9363195908835	39.4972388446095	252.787947935273	965.70161364939	202.1095108079	24.9481932582142	14.6859655452406	32.3193094223725	38.3899350585597	24.0625938918991	80.8114050466278	124.531548809384	41.4550754058156	29.4122617529851	45.2538841923193	29.8294643246732	80.5123850418929	35.6318926574399	56.5764338334127	85.8043001752196	88.5057059029158	55.2408098640319	70.4135431842067	81.047191815391	115.108862657263	131.108655487574	737.155445750911
720.586	1.06391575388386	-2.37276020946549	5.14047413118591	-6.45612465542733	7.65877642911851	-9.93611365654236	5.55505110939201	-0.633293156467434	-0.238317237616498	-0.278797304012532	9.30693133816699	-3.31281244801498	2.31436394742131	-2.25681972924613	18.6553801046227	4.71900561612743	3.07379147381072	14.5368647538255	20.8066066723461	31.8409271481952	15.223529371541	14.7340252660556	5.6183748300716	21.8139051129451	16.7101650505841	18.1778886317189	24.4285991221326	51.3991638480897	617.574767715464	620.188013429503	22.3886063460188	18.6647935183639	28.3131408828797	25.0717721133648	20.4458518283395	34.2800536769994	99.3655740778465	56.4884282543081	16.0228026653617	24.1249896220706	35.6048653706105	30.5273556030785	31.7339074355896	50.8036879940036	39.9818677603323	22.3427801755095	55.118841393994	115.645398574253	47.7522682988918	26.1162813374014	101.55009256745	-26.2875582490193	347.767531337581
725.329	15.6153336926555	2.88211379518451	25.1493029731294	2.45063821907303	17.2666791337107	10.7064335052262	12.4682765499504	10.4702161541072	14.956265743561	15.8034761069836	18.5273495039433	3.72589290234333	5.46618678689064	24.3669751707821	25.1778630078426	11.3905544149153	24.1130491558192	19.2106533100726	34.9521607818581	29.8602451699841	24.7487521607653	23.2484707108131	31.9349503282898	17.4096467894856	33.4260892857054	31.7107582437059	49.454359979898	226.222821218795	855.837093895698	249.658925154455	26.4392954102706	26.4500960163505	35.919531832889	37.4816702385506	43.0147027084634	56.5465916590894	120.967933120367	63.4252938797923	64.8745715575433	29.8464950593333	52.8974915850609	48.5578957284918	76.1146481694944	83.5650414382342	93.1763823924391	55.4088739627763	73.4828531572451	159.92551951445	79.8593542215262	152.738387019296	186.893269450074	541.046828558984	902.04651692551
730.072	-27.6324655674915	5.80012441983602	-11.3440334186157	-13.973431134724	-1.06372700106116	7.50852982487892	9.5939410894415	1.07504281742345	0.485464714629655	1.70377420012431	-4.10771992740565	4.49891515970314	-1.17862019185123	0.766210029389553	4.47082210515906	20.3349003610082	9.39221171486895	12.3384816982937	17.1340177863534	11.9230953872754	2.81919344755693	12.8000807217054	21.5692803297475	9.39993767840107	21.0720607729153	17.7267986403419	41.2094360594044	525.452905847461	617.389184275801	40.654427689644	32.3047922890342	12.166772323664	9.99706122554928	16.5003510018264	17.5580267346162	72.4165738045394	79.779854070491	22.2403992195751	14.2796891784665	30.5784076296115	33.9248447887434	34.2656585424722	56.2118557723295	36.383124900569	25.5699927177186	-3.41350614534374	98.587291903297	26.5437457354671	69.7834324276127	11.8222744639337	117.535719123446	-26.7745675707411	686.282557449761
734.817	10.3673502808489	-9.73533205907714	-20.2123444564113	-5.38061854409851	0.714173340152554	-3.28769698999636	-7.67995798420878	-5.41327980976604	-4.64457504518585	-6.86335935905358	2.54572899715806	-7.92885657371684	-25.3219592875518	-15.0469041215442	3.75206931957644	-4.84046875853498	-9.85283818876991	-12.4258592826322	-7.71950135956694	-7.20451879502358	6.15150935968582	6.66761752643665	-21.2787210899558	-1.29088709151906	1.63240669664423	21.4228016855824	146.037485902229	747.092166641202	221.304889848301	3.4762356231322	4.59297396022068	-1.91452092367476	-15.8762368938617	-1.58259064280701	9.04679274506768	64.6814385157009	17.4463063962265	19.9633450642879	25.1664242143185	1.64972973919936	-5.89053289618451	8.30755806032552	24.0592210972076	4.88543729913892	0.953743409763355	-3.4376796156619	-2.75792941096626	-60.1463720713801	-104.351615582272	-2.9764991042174	-203.59308613686	-332.5581875614	-1181.63091977379
739.563	27.5990024901296	18.219300868867	0	12.9795535819665	6.86335478652534	1.66291862834518	3.50860433757535	10.0759849273404	11.1279228818016	1.44645428166548	9.01341616785714	8.40278319115327	10.4063850230251	10.9282290243759	21.6349013406653	0	24.3198217153913	28.9110241944213	4.13420536384315	-6.80222456369754	2.39341247963754	17.5369166351623	8.96898898010677	29.5995511896658	23.5316533502412	28.0924591285575	455.868988767195	584.696020753348	40.6681471058097	14.8477109044814	11.6156415588101	6.58488574906793	27.0285043697197	25.6152020722222	51.1665673040527	95.29329532927	50.6239008315458	32.0163650772074	42.6038155062565	40.6091237742779	34.5614368354218	51.7165124181154	30.0649957356316	46.9500716228809	67.5365388786078	33.6164115627166	48.8236681327094	-8.45057285195971	0	48.1764670913796	105.372300293916	-318.231506613144	67.6606930224564
744.31	-15.0628387391858	-14.9303820016716	1.79699861185921	-9.73297435207881	1.82546089494458	6.38666705084702	3.79941996461636	-2.87801273236286	1.49958996320113	2.92384528458874	0	2.31617520816487	-1.6181031923192	-7.88935381673862	8.43961091933179	-6.85244353187178	6.85013537665934	-1.27044340253216	10.678175486379	21.6070405642633	11.1274349470589	16.8155096916656	-2.26622580379959	14.5181016997289	13.3520283520331	129.390407869087	663.295293236442	232.38660356154	23.5444664892174	18.5606612872894	21.9144035736514	1.9574424763461	7.12631655507687	27.1026836629975	63.4859757249746	50.5972769004524	24.4091206234103	39.3283240187406	15.2283314907244	17.4293878271924	14.4542219289082	17.6409792116982	31.8334870375151	9.98992736679503	34.1293868117102	46.8633171989567	26.7877133312089	37.5801498717391	-10.8868438206193	42.6052073262557	-33.8860932168123	55.1373719354847	296.331773702646
749.058	-10.1445203666281	-2.51382835134968	17.6997979256883	-12.3974307665921	5.16352775868907	-2.03745430042578	-9.97944983221523	-0.670944449039877	11.8668399060521	-3.54447228663417	-12.8183354134151	7.40951378083951	14.7117614746579	-1.99249570065849	9.300942019812	-2.30749177409036	4.47773996208896	0.427809100090396	-7.50421297771498	18.3552492251189	4.39871362273115	21.1194252062814	18.7729698835086	2.22219338067417	32.8781839576014	374.108974982691	549.56594723194	24.6055960414394	1.20941137167933	11.968308990212	11.0691840972714	12.6556639124681	-12.7984841252968	27.7883241946176	69.2316060602331	28.2474203731553	18.0197324052344	14.0816105873243	-4.77433385161881	30.6711563921444	25.5534014611266	19.8014106104685	9.50147085350246	13.4560322112384	-1.97018218491322	-27.2217989552746	-29.9100602109861	51.769388185339	6.59886424471451	-273.615442537891	-117.368256641222	46.4173953401914	-345.415703697561
753.808	8.04213250335044	-4.09958389141554	-9.25162182879344	10.4575297998835	-11.2777875854706	-4.4994989384365	1.56486694867418	4.10319342285506	2.05878686030253	3.91379313089262	0.670009862357993	6.35975326821889	-2.49918036383105	4.87408176084216	-1.18500757205822	7.05578910764414	3.73415953667127	-5.2325747332448	2.39022810323614	-2.52820765111452	-1.49447484327182	5.14755650921609	19.6011969522009	18.1199089868862	97.9562702535202	607.26175661619	250.604065728126	-0.4111385786198	4.10900782629126	0	4.43235400648221	14.9149174553736	14.6755785707878	34.9878217810897	65.3699156986819	5.94108507324307	10.6333864298447	4.61339864391887	35.1453446794055	28.3672114559547	27.9059053454188	37.6744635631665	47.6772982957488	36.0023211144027	26.1056141902893	2.41269907225452	94.3616496188966	-40.4542160139552	31.3877474989517	25.0682929075542	109.659501727278	217.632010388994	-211.240654213751
758.558	8.18835198318712	-8.34824242787077	1.41297477847954	-20.4080250825896	6.12417957901779	15.5059634683481	6.63882857835586	9.74819153634796	3.66838336238746	14.4071358359197	16.0315065311777	3.64240365026277	26.7185064458865	-1.2406751889496	6.43494933627761	3.99115289304022	-12.6735094350082	3.55180782180926	14.6021187946724	21.6230675946234	12.6803908888903	-1.42940392760188	20.9079405785399	46.5846324194444	339.01926252908	549.413488216057	55.8163525198901	8.79088914268402	18.8267242130079	25.6692205659949	9.84641814273531	31.6034964818112	30.2998773012214	65.7346865475138	49.3678573902984	17.2166805613171	17.716449697229	23.4863899092858	46.7949141183223	24.7568357294093	27.781875329527	45.2093501410347	21.2380663588955	45.3847380341369	29.6472109734921	61.4141498691375	22.1716852934352	69.8434749291646	57.0686240722449	41.4766244551618	208.081141983744	86.7087101596373	525.754445811018
763.31	28.6364224819781	13.8374949059997	1.44126375883287	8.1456305642426	7.02763983550064	12.2217685070784	5.41739494678562	9.23311887107707	14.1654901182718	21.5743609367179	12.177372165715	19.4022670340329	23.792680576062	25.3102916421529	10.2559103159056	11.3989658578982	6.0327139058544	33.5119923733862	4.964821958483	29.4079735449672	9.31266958358159	28.1884221195047	19.3877597087671	99.7392772013331	579.170484326777	270.230214963232	26.5405890719747	46.1154361706158	11.0954431222308	26.605449340981	11.717477301207	54.0061446677557	21.16884049309	79.1631458805022	36.4183555459682	29.4271662980437	25.0988171990647	45.7837393548244	22.4620182955662	39.0812330521427	36.0666632648126	50.306706038196	48.7423594448932	43.6226079316438	40.6686268967871	77.6782058634092	39.2003415433271	135.176752253545	72.1818723937602	178.991248801556	533.206146571817	442.223468640768	901.926305098432
768.062	-17.4630340927604	-1.61157143533201	-7.27373795228249	-13.2462937682407	-2.36446245054862	-7.61936206688607	1.64042331539015	-1.19480767715493	3.50706058500427	-7.57433085065744	1.75589975985594	-3.33341040596261	-15.7190887378654	-8.51569454342162	-9.52371130563701	1.64365851187848	-9.13372999702907	4.57101565898225	-11.0247954416022	-10.6011077313629	-13.055270605403	19.1316118056766	11.2522572742154	291.570047166179	510.276794787092	38.0898526796078	6.04910446073632	10.7747388810867	-9.04554583306086	-0.852519309730089	0.422396459993936	-0.845138022813278	35.8963699593968	50.2127463319289	9.98394485902586	1.91628864257244	18.240214122025	10.2096438008233	7.93525708060134	3.64124860878269	-4.55051089354217	4.23144612638037	25.7705755908961	32.3491018184917	14.7355760582659	-3.79378689143484	57.8288132448391	44.2512670256174	32.903240022088	147.817482892395	177.656466412996	-119.029524657246	-442.879945319434
772.815	16.2483310789566	-9.66326975010426	6.78449800520287	8.21660068050914	9.05799963267851	18.4923789460411	2.7322974357409	15.7614158377181	7.81845976681851	13.8774284803193	4.5624315207962	3.74769812026497	12.218170685334	2.55308116284715	11.1728879105931	4.92783479190437	10.8665623141727	4.56810418869168	0	9.0052021275976	10.9594423341511	21.0803928631045	70.8929602264477	509.210733620856	266.453179803925	28.4398098651825	24.6128098174655	15.9364564815451	24.9670234376217	23.8553365306997	14.7744596332396	35.0508883468066	79.8612575517226	46.6899280034722	14.9663785029575	33.0349243542643	34.4317927651926	34.3684744534829	28.3221528028688	21.2270878508396	7.14624818849998	41.5827175970291	20.2911573388436	21.5523315519726	54.6972784652403	22.7482228231427	82.125444786645	36.8525679585408	98.6468477335477	229.791849435284	140.990275277579	337.035511084452	639.3080151365
777.57	-2.45622911491975	32.8675049012298	5.93382614150527	7.45252680502321	-18.083432297442	5.1798183765903	9.75797962463542	8.52870757906508	6.32724908721965	-2.25277723797118	9.66897993375999	18.6955676458327	19.5913661345443	1.30256232832905	14.3563647139023	12.9897405052317	23.5067140202978	3.72897846862732	12.7754159087017	18.3775388281292	34.6135709260715	33.0155144087268	284.862384497245	520.559264225701	65.674855542808	8.48263579759511	3.52484655043439	21.535254330964	17.5696315784787	3.04270220103863	21.1058831561004	37.0581108728905	62.7510385937829	44.079687728777	20.8247207475728	12.7016886224204	22.7335514924769	47.124051335947	42.1932525758801	45.7949912867799	66.9530971783816	43.149522648819	28.66816261574	79.7197922746955	46.1524454841938	61.8984955998639	90.0069108610832	122.212324564105	160.573033588393	170.832558267763	37.298152678291	617.007535204515	426.530027571693
782.325	-19.9524657580397	0	-1.0042024563129	2.36478292363765	3.26434498503685	10.8948738621482	5.09567920979244	-0.742290917601448	0	-4.24816399575587	-2.18175438420892	-16.3948439881438	1.35634762562242	-7.93574083617608	-6.43123733671595	1.70190958809222	10.808489576949	2.36650597466584	10.896626021591	0	11.8957941999223	56.381266045787	476.172776872175	256.6669387447	12.5911258585353	9.51994034400788	6.71087577326818	33.0235195352493	2.67603399395028	14.1237199992858	14.4330827489246	41.5667569996402	22.5666095327599	15.3716307620895	20.6755495253583	16.8657144544345	0	38.947530079163	18.1936380844247	30.1623524600973	24.2320139859496	24.0977446048914	13.7462422140726	0.930431955995765	-9.80858780169224	15.7129531202498	66.1812347394736	34.3646452830048	209.283010042412	64.6236943376805	81.1555552812213	400.55573308126	25.4764200939457
787.081	20.4879260384147	23.4173894354337	-1.03115203414109	25.7394089118454	3.77094324365151	4.62920995210188	6.9765745602076	8.63839845677609	10.8995816260236	11.7443068401636	8.58783845727522	18.6069163670499	27.3907038226779	-5.43247380326378	9.68561901984389	19.2234172991563	24.0468687798952	10.2060647470256	12.7874932183279	25.3606325396681	47.1944697070621	244.095133799363	495.193666161726	88.8614752814098	1.91541205210834	16.2923750898275	23.8887105132053	2.29120034034602	12.8233008212102	24.4733997558462	44.9103650482829	70.9873636862532	47.2531648280032	23.6762341529099	14.4752829942756	32.5992211116703	34.4773375459002	43.9920327567143	12.052836814795	45.8124739889213	20.0440940392315	29.9932738105197	28.2302946616583	25.7958477861071	16.7863648081852	80.6731922953025	58.2491375358787	78.4152940106732	177.417025580654	178.118808088951	100.000212567501	147.648080146083	680.163266053897
791.838	-37.7377042171177	-26.8180949981515	-9.78637274831472	-6.79244578509764	3.34867437409593	-5.39546789893403	-2.61365916694812	6.59937958125767	-10.8889316906292	-19.107754201624	-18.650972426988	-8.85177887013099	-6.0293428178694	-3.61811050396269	-8.35667952736281	1.74587583444654	-14.3216260240377	0	-2.66145804426081	-2.25207580197402	40.4921176682653	415.806816916954	254.630051587	-0.504401415383007	0.478385127760742	0.465041596531609	1.37684820891752	-11.9026004142432	-4.57527543852709	10.4136703462153	21.9845768264857	16.1585321540275	14.5252289105419	-10.6670844057406	-8.19464557845865	-14.2482237405117	-4.84363826497927	-13.1276378117855	-9.63284803088234	19.9830850029215	17.2625077924085	20.9747772561217	-2.48847449641766	11.4536190096261	-62.6078615742963	-20.1485917145478	38.794815032281	45.0447379849792	109.841148938441	-48.8475836333951	-94.3523637367763	-94.8238803177151	-627.229552048112
796.596	-11.7281555476508	-29.6438079242712	-16.2653567759208	-11.3673629970076	-26.4367685457881	-14.9182685748062	-10.3540017838614	-6.20547099540248	-10.800333059291	-10.9274421552044	-2.27990354409299	4.9593755111598	-20.7880163423616	-29.0245928960814	-25.9861468175761	-31.567883031288	-17.412699561722	-7.91349258788608	-1.62668934590907	-23.51476360974	205.110551680923	443.209373522304	43.407140589799	-13.3592904498925	-27.289742907325	-2.84234505260673	-19.1682477299745	-4.19705599202567	-16.7785139273579	-14.2978728633986	14.1682911202446	-0.457228353214247	2.77432927773141	-2.36222709972407	-8.83868194290637	-15.0326117294359	-8.22345269861654	-39.5367904069793	-21.4652780336251	-0.656650969071045	-31.6526547207497	-19.0771318989154	10.1397426612783	-26.2517946533631	-53.5269439795602	-27.3663691372345	-39.5191352759997	33.9155526337453	-17.8009908968872	-184.821351077077	-163.959131360298	-75.128895027939	-1464.23811432959
801.355	20.8112479781871	6.02121657461687	9.51174902652585	8.95963618907805	15.8279373567321	-1.01670572140508	5.8736385158943	4.01767868820186	11.843292902285	1.76871954989598	9.84069260500906	32.6928500090966	17.9453625766846	19.8854205300327	13.9237296719102	20.7262178051337	1.21877861482751	10.6740052927855	18.2552238369308	45.5495169554587	368.270996706209	233.227325194434	43.4120324303425	19.0729419786829	28.1854782196589	-0.408944843486038	25.8296022606359	8.85654069154712	22.5308827158349	31.0558576756386	46.5561408271082	33.5499028723694	22.3529048552095	22.4312523159308	33.4873884782256	29.0863340131724	26.9759646104874	30.1150047482694	41.8248847543753	56.6857343781199	57.0774638999536	0.65873730944043	38.6599016198826	69.6646588280907	13.763909692945	81.5033507420987	86.7092069886865	168.777768373871	129.520149671579	141.138603707759	73.2096040224888	-92.6505814736203	45.9640407985702
806.114	29.2482404017765	15.5548094844269	12.6823320353678	12.7994802701115	23.5578602518803	4.40572479275536	9.19352115531282	16.2939191243742	12.0952778576527	0.589573183298661	-12.1368542128445	8.95161369296693	10.1962287367526	14.3175027816236	14.6972702092385	8.82783350959399	-3.25007630620669	5.97744296395987	19.1913891619016	142.589792208393	379.977624416076	87.0593158879026	9.13937524849315	35.0409864259523	5.46882413217262	35.1692565397993	5.6502254945141	10.8693908487169	9.25375540114646	31.4540096971212	44.583422995451	22.4981701614712	27.9411310690119	28.9567075351107	21.6184406631583	10.7395694817867	5.67915044431314	29.613088002465	18.0005833120096	13.6045762507488	65.57836277867	24.3732804492959	26.9889879233143	34.412662794599	45.2242747053908	85.0469746874073	1012.08123567123	192.888878141567	43.9051354818912	128.865681646215	224.509452335632	120.445755915706	413.676367187132
810.875	-14.0616540393156	5.01768047884739	1.81176171933826	-2.98654539635935	1.84045783217815	-4.40572479275536	8.93814556766524	-3.79447431663509	-1.25992477683882	2.65307932484398	-7.54453099717361	0	-10.6040778862227	9.14729344381506	7.73540537328344	-3.07055078594574	-3.65633584448253	-1.28088063513426	16.3828931869892	274.287308623089	231.205897269859	14.2044146974999	21.4775318339589	0	-3.36543023518315	29.8529735744808	-8.47533824177115	18.1156514145282	6.03505787031291	31.4540096971212	12.2308505562742	7.49939005382375	11.1764524276048	19.9842066087384	20.3467676829725	10.7395694817867	5.67915044431314	-3.01150047482694	3.70600244659022	39.1131567209027	10.3225200670129	33.595602781462	37.2010374078116	52.0386608113449	-5.89881843983358	55.5167751431687	100.923831085192	137.777770101119	65.8577032228368	79.7739934000379	117.135366435982	101.915639620982	827.352734374264
815.635	12.3742555545978	7.02475267038635	8.60586816685672	10.6662335584262	4.41709879722756	-2.71121525708022	6.89514086648461	2.90165683036801	1.25992477683882	-4.12701228309063	0.328023086833635	-6.22720952554221	14.2747202314537	19.4877121194321	16.2443512838952	-5.75728272364825	19.0941982989643	8.9661644459398	108.127095034129	328.748687591572	90.7263647514635	20.1611047319353	12.7951253478904	20.8471691394906	-0.841357558795788	1.22683453045812	7.26457563580384	25.7644820117734	37.0150216045858	37.4262900193594	32.3525724391769	7.89409479349868	31.9327212217279	22.0234113647321	14.8361847688341	12.5294977287512	23.6631268513048	21.0805033237886	32.2951641774291	58.3863064094635	21.2522471967912	18.4446446643321	42.3070621500602	34.412662794599	74.7183669045587	79.1409347785596	204.690586989686	86.1111063131994	72.4434735451205	174.889139377006	361.167379844278	287.216802568223	551.568489582843
820.397	-0.562466161572625	-1.00353609576948	4.07646386851108	14.0794282971226	9.93847229376201	2.71121525708022	9.70427233060797	0	1.25992477683882	8.25402456618126	4.92034630250453	10.1192154790061	-11.4197761851629	10.340418675617	-1.54708107465669	-4.22200733067539	10.1564884568959	20.4940901621481	249.956141767206	224.776964106286	4.87776154577761	9.62234544024187	5.02665638667123	7.09690864323084	-3.78610901458105	14.3130695220113	10.4932759183833	13.2848110373207	33.7963240737523	33.8429218260165	7.10178419396565	11.841142190248	20.3571097788515	18.3528428039434	35.6068434452019	17.0043183461623	25.5561769994091	11.5440851535033	41.2954558334339	23.8080084388103	27.9315248872113	35.5718147097832	23.3418273931367	34.412662794599	45.2242747053908	98.0402624868724	123.667229639602	29.2777761464878	98.7865548342552	-110.456298553899	68.3289637543229	92.6505814736203	390.694346787847
825.159	-34.3104358559301	-26.0919384900064	-9.51174902652585	-33.2786487022899	-19.5088530210884	-8.81144958551071	-11.7472770317886	-14.9546928949736	-3.52778937514871	-14.1497563991679	-20.9934775573527	-21.7952333393977	-17.9453625766846	-12.7266691392209	-15.4708107465669	-16.5042104744583	-3.65633584448253	62.3361909098672	263.062456316798	69.3144823235242	-18.0477177193772	-18.7864839547579	-24.2193444085069	-7.54046543343276	-14.3030784995284	-13.4951798350393	-4.84305042386923	6.44112050294336	2.01168595677097	-23.8891212889528	-29.5907674748569	-5.13116161577414	-12.3739294734196	-5.70977331678239	-20.7706586763678	-6.2647488643756	-4.25936283323486	-27.605421019247	-13.2357230235365	-8.50286015671798	-2.42882825106185	-27.6669669964981	-18.235802650888	-28.5373301223504	-26.5446829792511	50.7919432160905	21.321936144759	-82.6666620606714	13.1715406445674	-220.912597107797	-48.8064026816592	-287.216802568223	-896.29879557212
