#,Date-Time (HST),Temperature   (°C),Light   (lux),Started,Button Down,Button Up,Host Connected,End of File
1,02/26/2026 13:23:57,22.91,39.43,Logged,,,,
2,02/26/2026 13:33:57,22.09,130.64,,,,,
3,02/26/2026 13:43:57,21.88,131.44,,,,,
4,02/26/2026 13:53:57,21.75,129.88,,,,,
5,02/26/2026 14:03:57,21.83,75.66,,,,,
6,02/26/2026 14:13:57,21.96,3.52,,,,,
7,02/26/2026 14:23:57,22.01,0.98,,,,,
8,02/26/2026 14:33:57,22.22,10.41,,,,,
9,02/26/2026 14:43:57,22.56,17.32,,,,,
10,02/26/2026 14:53:57,22.91,13.38,,,,,
11,02/26/2026 15:03:57,23.12,200.16,,,,,
12,02/26/2026 15:13:57,23.29,240.40,,,,,
13,02/26/2026 15:23:57,23.55,259.36,,,,,
14,02/26/2026 15:33:57,23.94,182.88,,,,,
15,02/26/2026 15:43:57,23.81,167.12,,,,,
16,02/26/2026 15:53:57,23.59,194.64,,,,,
17,02/26/2026 16:03:57,23.59,144.16,,,,,
18,02/26/2026 16:13:57,23.46,134.68,,,,,
19,02/26/2026 16:23:57,23.42,142.60,,,,,
20,02/26/2026 16:33:57,23.16,0.19,,,,,
21,02/26/2026 16:43:57,22.43,0.19,,,,,
22,02/26/2026 16:53:57,21.92,0.00,,,,,
23,02/26/2026 17:03:57,21.53,0.00,,,,,
24,02/26/2026 17:13:57,21.32,0.00,,,,,
25,02/26/2026 17:23:57,21.23,0.00,,,,,
26,02/26/2026 17:33:57,21.06,0.00,,,,,
27,02/26/2026 17:43:57,20.93,0.00,,,,,
28,02/26/2026 17:53:57,20.85,0.00,,,,,
29,02/26/2026 18:03:57,20.76,0.00,,,,,
30,02/26/2026 18:13:57,20.76,0.00,,,,,
31,02/26/2026 18:23:57,20.63,0.00,,,,,
32,02/26/2026 18:33:57,20.59,0.00,,,,,
33,02/26/2026 18:43:57,20.50,0.00,,,,,
34,02/26/2026 18:53:57,20.46,0.00,,,,,
35,02/26/2026 19:03:57,20.37,0.00,,,,,
36,02/26/2026 19:13:57,20.37,0.00,,,,,
37,02/26/2026 19:23:57,20.37,0.00,,,,,
38,02/26/2026 19:33:57,20.33,0.00,,,,,
39,02/26/2026 19:43:57,20.33,0.00,,,,,
40,02/26/2026 19:53:57,20.29,0.00,,,,,
41,02/26/2026 20:03:57,20.25,0.00,,,,,
42,02/26/2026 20:13:57,20.25,0.00,,,,,
43,02/26/2026 20:23:57,20.25,0.00,,,,,
44,02/26/2026 20:33:57,20.16,0.00,,,,,
45,02/26/2026 20:43:57,20.16,0.00,,,,,
46,02/26/2026 20:53:57,20.16,0.00,,,,,
47,02/26/2026 21:03:57,20.12,0.00,,,,,
48,02/26/2026 21:13:57,20.12,0.00,,,,,
49,02/26/2026 21:23:57,20.03,0.00,,,,,
50,02/26/2026 21:33:57,20.07,0.00,,,,,
51,02/26/2026 21:43:57,20.03,0.00,,,,,
52,02/26/2026 21:53:57,19.99,0.00,,,,,
53,02/26/2026 22:03:57,19.99,0.00,,,,,
54,02/26/2026 22:13:57,19.95,0.00,,,,,
55,02/26/2026 22:23:57,19.95,0.00,,,,,
56,02/26/2026 22:33:57,19.95,0.00,,,,,
57,02/26/2026 22:43:57,19.86,0.19,,,,,
58,02/26/2026 22:53:57,19.90,0.00,,,,,
59,02/26/2026 23:03:57,19.90,0.00,,,,,
60,02/26/2026 23:13:57,19.86,0.00,,,,,
61,02/26/2026 23:23:57,19.90,0.00,,,,,
62,02/26/2026 23:33:57,19.86,0.00,,,,,
63,02/26/2026 23:43:57,19.86,0.00,,,,,
64,02/26/2026 23:53:57,19.90,0.00,,,,,
65,02/27/2026 00:03:57,19.90,0.00,,,,,
66,02/27/2026 00:13:57,19.86,0.00,,,,,
67,02/27/2026 00:23:57,19.86,0.00,,,,,
68,02/27/2026 00:33:57,19.86,0.00,,,,,
69,02/27/2026 00:43:57,19.90,0.00,,,,,
70,02/27/2026 00:53:57,19.95,0.00,,,,,
71,02/27/2026 01:03:57,19.90,0.00,,,,,
72,02/27/2026 01:13:57,19.90,0.00,,,,,
73,02/27/2026 01:23:57,19.90,0.00,,,,,
74,02/27/2026 01:33:57,19.90,0.00,,,,,
75,02/27/2026 01:43:57,19.95,0.00,,,,,
76,02/27/2026 01:53:57,19.86,0.00,,,,,
77,02/27/2026 02:03:57,19.90,0.00,,,,,
78,02/27/2026 02:13:57,19.95,0.00,,,,,
79,02/27/2026 02:23:57,19.95,0.19,,,,,
80,02/27/2026 02:33:57,19.95,0.00,,,,,
81,02/27/2026 02:43:57,19.95,0.00,,,,,
82,02/27/2026 02:53:57,19.95,0.00,,,,,
83,02/27/2026 03:03:57,19.90,0.00,,,,,
84,02/27/2026 03:13:57,19.95,0.00,,,,,
85,02/27/2026 03:23:57,19.90,0.00,,,,,
86,02/27/2026 03:33:57,19.95,0.00,,,,,
87,02/27/2026 03:43:57,19.90,0.00,,,,,
88,02/27/2026 03:53:57,19.95,0.00,,,,,
89,02/27/2026 04:03:57,19.90,0.00,,,,,
90,02/27/2026 04:13:57,19.86,0.00,,,,,
91,02/27/2026 04:23:57,19.90,0.00,,,,,
92,02/27/2026 04:33:57,19.90,0.00,,,,,
93,02/27/2026 04:43:57,19.95,0.00,,,,,
94,02/27/2026 04:53:57,19.95,0.00,,,,,
95,02/27/2026 05:03:57,19.95,0.00,,,,,
96,02/27/2026 05:13:57,19.95,0.00,,,,,
97,02/27/2026 05:23:57,19.90,0.00,,,,,
98,02/27/2026 05:33:57,19.90,0.00,,,,,
99,02/27/2026 05:43:57,19.95,0.00,,,,,
100,02/27/2026 05:53:57,19.90,0.00,,,,,
101,02/27/2026 06:03:57,19.90,0.19,,,,,
102,02/27/2026 06:13:57,19.90,0.00,,,,,
103,02/27/2026 06:23:57,19.90,0.00,,,,,
104,02/27/2026 06:33:57,19.90,0.00,,,,,
105,02/27/2026 06:43:57,19.90,0.00,,,,,
106,02/27/2026 06:53:57,19.95,0.00,,,,,
107,02/27/2026 07:03:57,19.99,0.00,,,,,
108,02/27/2026 07:13:57,19.95,0.00,,,,,
109,02/27/2026 07:23:57,19.86,0.00,,,,,
110,02/27/2026 07:33:57,19.86,0.00,,,,,
111,02/27/2026 07:43:57,19.90,0.00,,,,,
112,02/27/2026 07:53:57,19.90,0.00,,,,,
113,02/27/2026 08:03:57,19.86,0.00,,,,,
114,02/27/2026 08:13:57,19.86,0.19,,,,,
115,02/27/2026 08:23:57,19.82,0.19,,,,,
116,02/27/2026 08:33:57,19.82,0.00,,,,,
117,02/27/2026 08:43:57,19.86,0.00,,,,,
118,02/27/2026 08:53:57,19.86,0.00,,,,,
119,02/27/2026 09:03:57,19.86,0.00,,,,,
120,02/27/2026 09:13:57,19.86,0.00,,,,,
121,02/27/2026 09:23:57,19.90,0.00,,,,,
122,02/27/2026 09:33:57,19.95,0.00,,,,,
123,02/27/2026 09:43:57,19.99,0.00,,,,,
124,02/27/2026 09:53:57,20.07,0.00,,,,,
125,02/27/2026 10:03:57,20.07,0.00,,,,,
126,02/27/2026 10:13:57,20.07,0.00,,,,,
127,02/27/2026 10:23:57,20.07,0.00,,,,,
128,02/27/2026 10:33:57,20.12,0.00,,,,,
129,02/27/2026 10:43:57,20.12,0.00,,,,,
130,02/27/2026 10:53:57,20.12,0.00,,,,,
131,02/27/2026 11:03:57,20.16,0.00,,,,,
132,02/27/2026 11:13:57,20.12,0.00,,,,,
133,02/27/2026 11:23:57,20.20,0.00,,,,,
134,02/27/2026 11:33:57,20.20,0.00,,,,,
135,02/27/2026 11:43:57,20.20,0.00,,,,,
136,02/27/2026 11:53:57,20.29,0.00,,,,,
137,02/27/2026 12:03:57,20.29,0.00,,,,,
138,02/27/2026 12:13:57,20.29,0.00,,,,,
139,02/27/2026 12:23:57,20.37,0.00,,,,,
140,02/27/2026 12:33:57,20.33,0.00,,,,,
141,02/27/2026 12:43:57,20.37,0.00,,,,,
142,02/27/2026 12:53:57,20.42,0.00,,,,,
143,02/27/2026 13:03:57,20.46,0.00,,,,,
144,02/27/2026 13:13:57,20.46,0.00,,,,,
145,02/27/2026 13:23:57,20.42,0.00,,,,,
146,02/27/2026 13:33:57,20.46,0.00,,,,,
147,02/27/2026 13:43:57,20.46,0.00,,,,,
148,02/27/2026 13:53:57,20.50,0.00,,,,,
149,02/27/2026 14:03:57,20.50,0.00,,,,,
150,02/27/2026 14:13:57,20.46,0.00,,,,,
151,02/27/2026 14:23:57,20.46,0.00,,,,,
152,02/27/2026 14:33:57,20.50,0.00,,,,,
153,02/27/2026 14:43:57,20.50,0.00,,,,,
154,02/27/2026 14:53:57,20.50,0.00,,,,,
155,02/27/2026 15:03:57,20.42,0.00,,,,,
156,02/27/2026 15:13:57,20.50,0.00,,,,,
157,02/27/2026 15:23:57,20.46,0.00,,,,,
158,02/27/2026 15:33:57,20.46,0.00,,,,,
159,02/27/2026 15:43:57,20.55,0.00,,,,,
160,02/27/2026 15:53:57,20.55,0.00,,,,,
161,02/27/2026 16:03:57,20.59,0.00,,,,,
162,02/27/2026 16:13:57,20.59,0.00,,,,,
163,02/27/2026 16:23:57,20.59,0.00,,,,,
164,02/27/2026 16:33:57,20.59,0.00,,,,,
165,02/27/2026 16:43:57,20.59,0.00,,,,,
166,02/27/2026 16:53:57,20.59,0.00,,,,,
167,02/27/2026 17:03:57,20.68,0.00,,,,,
168,02/27/2026 17:13:57,20.63,0.00,,,,,
169,02/27/2026 17:23:57,20.63,0.00,,,,,
170,02/27/2026 17:33:57,20.68,0.39,,,,,
171,02/27/2026 17:43:57,20.68,0.00,,,,,
172,02/27/2026 17:53:57,20.63,0.00,,,,,
173,02/27/2026 18:03:57,20.68,0.00,,,,,
174,02/27/2026 18:13:57,20.68,0.00,,,,,
175,02/27/2026 18:23:57,20.68,0.00,,,,,
176,02/27/2026 18:33:57,20.76,0.00,,,,,
177,02/27/2026 18:43:57,20.76,0.00,,,,,
178,02/27/2026 18:53:57,20.76,0.00,,,,,
179,02/27/2026 19:03:57,20.76,0.00,,,,,
180,02/27/2026 19:13:57,20.76,0.00,,,,,
181,02/27/2026 19:23:57,20.76,0.00,,,,,
182,02/27/2026 19:33:57,20.76,0.00,,,,,
183,02/27/2026 19:43:57,20.76,0.00,,,,,
184,02/27/2026 19:53:57,20.68,0.00,,,,,
185,02/27/2026 20:03:57,20.68,0.00,,,,,
186,02/27/2026 20:13:57,20.68,0.00,,,,,
187,02/27/2026 20:23:57,20.63,0.00,,,,,
188,02/27/2026 20:33:57,20.63,0.00,,,,,
189,02/27/2026 20:43:57,20.55,0.00,,,,,
190,02/27/2026 20:53:57,20.59,0.00,,,,,
191,02/27/2026 21:03:57,20.55,0.00,,,,,
192,02/27/2026 21:13:57,20.59,0.19,,,,,
193,02/27/2026 21:23:57,20.55,0.00,,,,,
194,02/27/2026 21:33:57,20.59,0.00,,,,,
195,02/27/2026 21:43:57,20.59,0.00,,,,,
196,02/27/2026 21:53:57,20.63,0.00,,,,,
197,02/27/2026 22:03:57,20.63,0.00,,,,,
198,02/27/2026 22:13:57,20.68,0.00,,,,,
199,02/27/2026 22:23:57,20.68,0.00,,,,,
200,02/27/2026 22:33:57,20.68,0.00,,,,,
201,02/27/2026 22:43:57,20.59,0.00,,,,,
202,02/27/2026 22:53:57,20.63,0.00,,,,,
203,02/27/2026 23:03:57,20.63,0.00,,,,,
204,02/27/2026 23:13:57,20.68,0.00,,,,,
205,02/27/2026 23:23:57,20.68,0.00,,,,,
206,02/27/2026 23:33:57,20.68,0.00,,,,,
207,02/27/2026 23:43:57,20.72,0.00,,,,,
208,02/27/2026 23:53:57,20.72,0.00,,,,,
209,02/28/2026 00:03:57,20.72,0.00,,,,,
210,02/28/2026 00:13:57,20.76,0.00,,,,,
211,02/28/2026 00:23:57,20.80,0.00,,,,,
212,02/28/2026 00:33:57,20.72,0.00,,,,,
213,02/28/2026 00:43:57,20.76,0.00,,,,,
214,02/28/2026 00:53:57,20.68,0.00,,,,,
215,02/28/2026 01:03:57,20.72,0.00,,,,,
216,02/28/2026 01:13:57,20.63,0.00,,,,,
217,02/28/2026 01:23:57,20.63,0.00,,,,,
218,02/28/2026 01:33:57,20.68,0.00,,,,,
219,02/28/2026 01:43:57,20.63,0.00,,,,,
220,02/28/2026 01:53:57,20.68,0.00,,,,,
221,02/28/2026 02:03:57,20.68,0.00,,,,,
222,02/28/2026 02:13:57,20.59,0.00,,,,,
223,02/28/2026 02:23:57,20.59,0.00,,,,,
224,02/28/2026 02:33:57,20.63,0.00,,,,,
225,02/28/2026 02:43:57,20.63,0.00,,,,,
226,02/28/2026 02:53:57,20.63,0.00,,,,,
227,02/28/2026 03:03:57,20.59,0.00,,,,,
228,02/28/2026 03:13:57,20.59,0.00,,,,,
229,02/28/2026 03:23:57,20.55,0.00,,,,,
230,02/28/2026 03:33:57,20.55,0.00,,,,,
231,02/28/2026 03:43:57,20.55,0.00,,,,,
232,02/28/2026 03:53:57,20.46,0.00,,,,,
233,02/28/2026 04:03:57,20.46,0.00,,,,,
234,02/28/2026 04:13:57,20.46,0.00,,,,,
235,02/28/2026 04:23:57,20.46,0.00,,,,,
236,02/28/2026 04:33:57,20.46,0.00,,,,,
237,02/28/2026 04:43:57,20.42,0.00,,,,,
238,02/28/2026 04:53:57,20.42,0.00,,,,,
239,02/28/2026 05:03:57,20.37,0.00,,,,,
240,02/28/2026 05:13:57,20.37,0.00,,,,,
241,02/28/2026 05:23:57,20.42,0.00,,,,,
242,02/28/2026 05:33:57,20.37,0.00,,,,,
243,02/28/2026 05:43:57,20.37,0.00,,,,,
244,02/28/2026 05:53:57,20.33,0.00,,,,,
245,02/28/2026 06:03:57,20.37,0.00,,,,,
246,02/28/2026 06:13:57,20.37,0.00,,,,,
247,02/28/2026 06:23:57,20.37,0.00,,,,,
248,02/28/2026 06:33:57,20.37,0.00,,,,,
249,02/28/2026 06:43:57,20.42,0.00,,,,,
250,02/28/2026 06:53:57,20.33,0.00,,,,,
251,02/28/2026 07:03:57,20.37,0.00,,,,,
252,02/28/2026 07:13:57,20.33,0.00,,,,,
253,02/28/2026 07:23:57,20.37,0.00,,,,,
254,02/28/2026 07:33:57,20.37,0.00,,,,,
255,02/28/2026 07:43:57,20.37,0.00,,,,,
256,02/28/2026 07:53:57,20.37,0.00,,,,,
257,02/28/2026 08:03:57,20.33,0.00,,,,,
258,02/28/2026 08:13:57,20.37,0.00,,,,,
259,02/28/2026 08:23:57,20.42,0.00,,,,,
260,02/28/2026 08:33:57,20.42,0.00,,,,,
261,02/28/2026 08:43:57,20.46,0.19,,,,,
262,02/28/2026 08:53:57,20.50,0.00,,,,,
263,02/28/2026 09:03:57,20.50,0.00,,,,,
264,02/28/2026 09:13:57,20.55,0.00,,,,,
265,02/28/2026 09:23:57,20.55,0.00,,,,,
266,02/28/2026 09:33:57,20.55,0.00,,,,,
267,02/28/2026 09:43:57,20.55,0.00,,,,,
268,02/28/2026 09:53:57,20.59,0.00,,,,,
269,02/28/2026 10:03:57,20.59,0.00,,,,,
270,02/28/2026 10:13:57,20.55,0.00,,,,,
271,02/28/2026 10:23:57,20.55,0.00,,,,,
272,02/28/2026 10:33:57,20.59,0.00,,,,,
273,02/28/2026 10:43:57,20.59,0.00,,,,,
274,02/28/2026 10:53:57,20.63,0.00,,,,,
275,02/28/2026 11:03:57,20.63,0.00,,,,,
276,02/28/2026 11:13:57,20.68,0.00,,,,,
277,02/28/2026 11:23:57,20.68,0.00,,,,,
278,02/28/2026 11:33:57,20.68,0.00,,,,,
279,02/28/2026 11:43:57,20.68,0.00,,,,,
280,02/28/2026 11:53:57,20.72,0.00,,,,,
281,02/28/2026 12:03:57,20.72,0.00,,,,,
282,02/28/2026 12:13:57,20.72,0.00,,,,,
283,02/28/2026 12:23:57,20.72,0.19,,,,,
284,02/28/2026 12:33:57,20.72,0.00,,,,,
285,02/28/2026 12:43:57,20.76,0.00,,,,,
286,02/28/2026 12:53:57,20.72,0.00,,,,,
287,02/28/2026 13:03:57,20.76,0.00,,,,,
288,02/28/2026 13:13:57,20.76,0.00,,,,,
289,02/28/2026 13:23:57,20.76,0.00,,,,,
290,02/28/2026 13:33:57,20.80,0.00,,,,,
291,02/28/2026 13:43:57,20.76,0.00,,,,,
292,02/28/2026 13:53:57,20.80,0.00,,,,,
293,02/28/2026 14:03:57,20.76,0.00,,,,,
294,02/28/2026 14:13:57,20.85,0.00,,,,,
295,02/28/2026 14:23:57,20.80,0.00,,,,,
296,02/28/2026 14:33:57,20.85,0.00,,,,,
297,02/28/2026 14:43:57,20.85,0.00,,,,,
298,02/28/2026 14:53:57,20.80,0.00,,,,,
299,02/28/2026 15:03:57,20.85,0.00,,,,,
300,02/28/2026 15:13:57,20.85,0.00,,,,,
301,02/28/2026 15:23:57,20.85,0.00,,,,,
302,02/28/2026 15:33:57,20.85,0.00,,,,,
303,02/28/2026 15:43:57,20.85,0.00,,,,,
304,02/28/2026 15:53:57,20.89,0.00,,,,,
305,02/28/2026 16:03:57,20.93,0.19,,,,,
306,02/28/2026 16:13:57,20.89,0.00,,,,,
307,02/28/2026 16:23:57,20.93,0.00,,,,,
308,02/28/2026 16:33:57,20.89,0.00,,,,,
309,02/28/2026 16:43:57,20.93,0.00,,,,,
310,02/28/2026 16:53:57,20.89,0.00,,,,,
311,02/28/2026 17:03:57,20.98,0.00,,,,,
312,02/28/2026 17:13:57,20.93,0.00,,,,,
313,02/28/2026 17:23:57,20.93,0.00,,,,,
314,02/28/2026 17:33:57,21.06,25.75,,,,,
315,02/28/2026 17:43:57,23.72,1645.44,,,,,
316,02/28/2026 17:53:57,23.98,264.08,,,,,
317,02/28/2026 18:03:57,23.94,223.04,,,,,
318,02/28/2026 18:13:57,23.94,150.44,,,,,
319,02/28/2026 18:23:57,23.94,77.62,,,,,
320,02/28/2026 18:33:57,23.85,21.83,,,,,
321,02/28/2026 18:43:57,23.85,4.70,,,,,
322,02/28/2026 18:53:57,23.85,0.19,,,,,
323,02/28/2026 19:03:57,23.85,0.00,,,,,
324,02/28/2026 19:13:57,23.81,0.00,,,,,
325,02/28/2026 19:23:57,23.81,0.00,,,,,
326,02/28/2026 19:33:57,23.81,0.00,,,,,
327,02/28/2026 19:43:57,23.85,0.00,,,,,
328,02/28/2026 19:53:57,23.76,0.00,,,,,
329,02/28/2026 20:03:57,23.76,0.00,,,,,
330,02/28/2026 20:13:57,23.81,0.00,,,,,
331,02/28/2026 20:23:57,23.85,0.00,,,,,
332,02/28/2026 20:33:57,23.81,0.00,,,,,
333,02/28/2026 20:43:57,23.81,0.00,,,,,
334,02/28/2026 20:53:57,23.85,0.00,,,,,
335,02/28/2026 21:03:57,23.85,0.00,,,,,
336,02/28/2026 21:13:57,23.85,0.00,,,,,
337,02/28/2026 21:23:57,23.76,0.00,,,,,
338,02/28/2026 21:33:57,23.85,0.00,,,,,
339,02/28/2026 21:43:57,23.85,0.00,,,,,
340,02/28/2026 21:53:57,23.81,0.00,,,,,
341,02/28/2026 22:03:57,23.85,0.00,,,,,
342,02/28/2026 22:13:57,23.81,0.00,,,,,
343,02/28/2026 22:23:57,23.85,0.00,,,,,
344,02/28/2026 22:33:57,23.81,0.00,,,,,
345,02/28/2026 22:43:57,23.81,0.00,,,,,
346,02/28/2026 22:53:57,23.81,0.00,,,,,
347,02/28/2026 23:03:57,23.76,0.00,,,,,
348,02/28/2026 23:13:57,23.76,0.00,,,,,
349,02/28/2026 23:23:57,23.76,0.00,,,,,
350,02/28/2026 23:33:57,23.76,0.00,,,,,
351,02/28/2026 23:43:57,23.76,0.00,,,,,
352,02/28/2026 23:53:57,23.76,0.00,,,,,
353,03/01/2026 00:03:57,23.76,0.00,,,,,
354,03/01/2026 00:13:57,23.76,0.00,,,,,
355,03/01/2026 00:23:57,23.72,0.00,,,,,
356,03/01/2026 00:33:57,23.76,0.00,,,,,
357,03/01/2026 00:43:57,23.72,0.00,,,,,
358,03/01/2026 00:53:57,23.72,0.00,,,,,
359,03/01/2026 01:03:57,23.76,0.00,,,,,
360,03/01/2026 01:13:57,23.72,0.00,,,,,
361,03/01/2026 01:23:57,23.72,0.00,,,,,
362,03/01/2026 01:33:57,23.72,0.00,,,,,
363,03/01/2026 01:43:57,23.76,0.00,,,,,
364,03/01/2026 01:53:57,23.72,0.00,,,,,
365,03/01/2026 02:03:57,23.72,0.00,,,,,
366,03/01/2026 02:13:57,23.72,0.00,,,,,
367,03/01/2026 02:23:57,23.72,0.00,,,,,
368,03/01/2026 02:33:57,23.72,0.00,,,,,
369,03/01/2026 02:43:57,23.68,0.00,,,,,
370,03/01/2026 02:53:57,23.72,0.00,,,,,
371,03/01/2026 03:03:57,23.72,0.00,,,,,
372,03/01/2026 03:13:57,23.72,0.00,,,,,
373,03/01/2026 03:23:57,23.72,0.00,,,,,
374,03/01/2026 03:33:57,23.72,0.00,,,,,
375,03/01/2026 03:43:57,23.72,0.00,,,,,
376,03/01/2026 03:53:57,23.72,0.00,,,,,
377,03/01/2026 04:03:57,23.72,0.00,,,,,
378,03/01/2026 04:13:57,23.76,0.00,,,,,
379,03/01/2026 04:23:57,23.72,0.00,,,,,
380,03/01/2026 04:33:57,23.68,0.00,,,,,
381,03/01/2026 04:43:57,23.68,0.00,,,,,
382,03/01/2026 04:53:57,23.59,0.00,,,,,
383,03/01/2026 05:03:57,23.59,0.00,,,,,
384,03/01/2026 05:13:57,23.59,0.00,,,,,
385,03/01/2026 05:23:57,23.51,0.00,,,,,
386,03/01/2026 05:33:57,23.59,0.00,,,,,
387,03/01/2026 05:43:57,23.64,0.00,,,,,
388,03/01/2026 05:53:57,23.59,0.00,,,,,
389,03/01/2026 06:03:57,23.59,0.00,,,,,
390,03/01/2026 06:13:57,23.59,0.00,,,,,
391,03/01/2026 06:23:57,23.59,0.00,,,,,
392,03/01/2026 06:33:57,23.59,0.00,,,,,
393,03/01/2026 06:43:57,23.59,3.72,,,,,
394,03/01/2026 06:53:57,23.59,14.53,,,,,
395,03/01/2026 07:03:57,23.59,30.14,,,,,
396,03/01/2026 07:13:57,23.59,93.80,,,,,
397,03/01/2026 07:23:57,23.59,224.64,,,,,
398,03/01/2026 07:33:57,23.64,188.40,,,,,
399,03/01/2026 07:43:57,23.59,405.92,,,,,
400,03/01/2026 07:53:57,23.64,570.08,,,,,
401,03/01/2026 08:03:57,23.64,452.48,,,,,
402,03/01/2026 08:13:57,23.68,541.44,,,,,
403,03/01/2026 08:23:57,23.76,577.12,,,,,
404,03/01/2026 08:33:57,23.72,730.56,,,,,
405,03/01/2026 08:43:57,23.81,1067.84,,,,,
406,03/01/2026 08:53:57,23.85,1391.36,,,,,
407,03/01/2026 09:03:57,23.89,1781.12,,,,,
408,03/01/2026 09:13:57,23.94,1032.00,,,,,
409,03/01/2026 09:23:57,23.94,833.60,,,,,
410,03/01/2026 09:33:57,23.98,923.52,,,,,
411,03/01/2026 09:43:57,24.06,1690.24,,,,,
412,03/01/2026 09:53:57,24.15,2512.00,,,,,
413,03/01/2026 10:03:57,24.11,1256.96,,,,,
414,03/01/2026 10:13:57,24.15,1679.36,,,,,
415,03/01/2026 10:23:57,24.32,2113.92,,,,,
416,03/01/2026 10:33:57,24.36,1690.24,,,,,
417,03/01/2026 10:43:57,24.36,2483.84,,,,,
418,03/01/2026 10:53:57,24.54,3901.44,,,,,
419,03/01/2026 11:03:57,24.66,4296.96,,,,,
420,03/01/2026 11:13:57,24.66,3271.68,,,,,
421,03/01/2026 11:23:57,24.71,1521.92,,,,,
422,03/01/2026 11:33:57,24.71,3791.36,,,,,
423,03/01/2026 11:43:57,24.79,3600.64,,,,,
424,03/01/2026 11:53:57,24.92,2757.12,,,,,
425,03/01/2026 12:03:57,24.88,3566.08,,,,,
426,03/01/2026 12:13:57,24.88,1933.44,,,,,
427,03/01/2026 12:23:57,24.79,1302.40,,,,,
428,03/01/2026 12:33:57,24.71,1712.64,,,,,
429,03/01/2026 12:43:57,24.71,2589.44,,,,,
430,03/01/2026 12:53:57,24.79,3105.28,,,,,
431,03/01/2026 13:03:57,24.79,3066.88,,,,,
432,03/01/2026 13:13:57,24.84,2759.68,,,,,
433,03/01/2026 13:23:57,24.79,2469.76,,,,,
434,03/01/2026 13:33:57,24.79,2426.24,,,,,
435,03/01/2026 13:43:57,24.84,2451.20,,,,,
436,03/01/2026 13:53:57,24.79,2474.88,,,,,
437,03/01/2026 14:03:57,24.88,2386.56,,,,,
438,03/01/2026 14:13:57,24.97,2562.56,,,,,
439,03/01/2026 14:23:57,25.01,2700.80,,,,,
440,03/01/2026 14:33:57,25.14,1845.76,,,,,
441,03/01/2026 14:43:57,25.31,1709.44,,,,,
442,03/01/2026 14:53:57,25.27,2123.52,,,,,
443,03/01/2026 15:03:57,25.18,1855.36,,,,,
444,03/01/2026 15:13:57,25.09,1407.36,,,,,
445,03/01/2026 15:23:57,25.01,1396.48,,,,,
446,03/01/2026 15:33:57,25.01,1695.36,,,,,
447,03/01/2026 15:43:57,24.97,1304.64,,,,,
448,03/01/2026 15:53:57,25.01,1414.40,,,,,
449,03/01/2026 16:03:57,24.92,1575.68,,,,,
450,03/01/2026 16:13:57,24.97,1668.48,,,,,
451,03/01/2026 16:23:57,25.01,1413.12,,,,,
452,03/01/2026 16:33:57,24.97,1128.96,,,,,
453,03/01/2026 16:43:57,24.97,1130.56,,,,,
454,03/01/2026 16:53:57,24.88,644.16,,,,,
455,03/01/2026 17:03:57,24.84,836.48,,,,,
456,03/01/2026 17:13:57,24.79,575.52,,,,,
457,03/01/2026 17:23:57,24.75,652.00,,,,,
458,03/01/2026 17:33:57,24.71,454.88,,,,,
459,03/01/2026 17:43:57,24.66,405.12,,,,,
460,03/01/2026 17:53:57,24.62,250.64,,,,,
461,03/01/2026 18:03:57,24.58,205.60,,,,,
462,03/01/2026 18:13:57,24.49,99.68,,,,,
463,03/01/2026 18:23:57,24.41,47.86,,,,,
464,03/01/2026 18:33:57,24.41,13.35,,,,,
465,03/01/2026 18:43:57,24.32,3.13,,,,,
466,03/01/2026 18:53:57,24.28,0.00,,,,,
467,03/01/2026 19:03:57,24.28,0.00,,,,,
468,03/01/2026 19:13:57,24.24,0.00,,,,,
469,03/01/2026 19:23:57,24.19,0.00,,,,,
470,03/01/2026 19:33:57,24.15,0.00,,,,,
471,03/01/2026 19:43:57,24.11,0.00,,,,,
472,03/01/2026 19:53:57,24.11,0.00,,,,,
473,03/01/2026 20:03:57,24.11,0.00,,,,,
474,03/01/2026 20:13:57,24.11,0.00,,,,,
475,03/01/2026 20:23:57,24.02,0.00,,,,,
476,03/01/2026 20:33:57,24.02,0.00,,,,,
477,03/01/2026 20:43:57,23.94,0.00,,,,,
478,03/01/2026 20:53:57,23.98,0.00,,,,,
479,03/01/2026 21:03:57,24.02,0.00,,,,,
480,03/01/2026 21:13:57,23.94,0.00,,,,,
481,03/01/2026 21:23:57,23.94,0.00,,,,,
482,03/01/2026 21:33:57,23.94,0.00,,,,,
483,03/01/2026 21:43:57,23.94,0.00,,,,,
484,03/01/2026 21:53:57,23.98,0.00,,,,,
485,03/01/2026 22:03:57,23.98,0.00,,,,,
486,03/01/2026 22:13:57,23.98,0.00,,,,,
487,03/01/2026 22:23:57,23.98,0.00,,,,,
488,03/01/2026 22:33:57,23.94,0.00,,,,,
489,03/01/2026 22:43:57,23.98,0.00,,,,,
490,03/01/2026 22:53:57,23.98,0.00,,,,,
491,03/01/2026 23:03:57,23.94,0.00,,,,,
492,03/01/2026 23:13:57,23.94,0.00,,,,,
493,03/01/2026 23:23:57,23.98,0.00,,,,,
494,03/01/2026 23:33:57,23.94,0.00,,,,,
495,03/01/2026 23:43:57,23.94,0.00,,,,,
496,03/01/2026 23:53:57,23.94,0.00,,,,,
497,03/02/2026 00:03:57,23.94,0.00,,,,,
498,03/02/2026 00:13:57,23.98,0.00,,,,,
499,03/02/2026 00:23:57,23.98,0.00,,,,,
500,03/02/2026 00:33:57,23.94,0.00,,,,,
501,03/02/2026 00:43:57,23.94,0.00,,,,,
502,03/02/2026 00:53:57,23.98,0.00,,,,,
503,03/02/2026 01:03:57,23.98,0.00,,,,,
504,03/02/2026 01:13:57,23.94,0.00,,,,,
505,03/02/2026 01:23:57,23.94,0.00,,,,,
506,03/02/2026 01:33:57,23.89,0.00,,,,,
507,03/02/2026 01:43:57,23.89,0.00,,,,,
508,03/02/2026 01:53:57,23.89,0.00,,,,,
509,03/02/2026 02:03:57,23.94,0.00,,,,,
510,03/02/2026 02:13:57,23.85,0.00,,,,,
511,03/02/2026 02:23:57,23.85,0.00,,,,,
512,03/02/2026 02:33:57,23.76,0.00,,,,,
513,03/02/2026 02:43:57,23.76,0.00,,,,,
514,03/02/2026 02:53:57,23.76,0.00,,,,,
515,03/02/2026 03:03:57,23.81,0.00,,,,,
516,03/02/2026 03:13:57,23.76,0.00,,,,,
517,03/02/2026 03:23:57,23.72,0.00,,,,,
518,03/02/2026 03:33:57,23.72,0.00,,,,,
519,03/02/2026 03:43:57,23.76,0.00,,,,,
520,03/02/2026 03:53:57,23.81,0.00,,,,,
521,03/02/2026 04:03:57,23.72,0.00,,,,,
522,03/02/2026 04:13:57,23.76,0.00,,,,,
523,03/02/2026 04:23:57,23.76,0.00,,,,,
524,03/02/2026 04:33:57,23.76,0.00,,,,,
525,03/02/2026 04:43:57,23.76,0.00,,,,,
526,03/02/2026 04:53:57,23.76,0.00,,,,,
527,03/02/2026 05:03:57,23.76,0.00,,,,,
528,03/02/2026 05:13:57,23.76,0.00,,,,,
529,03/02/2026 05:23:57,23.76,0.00,,,,,
530,03/02/2026 05:33:57,23.81,0.00,,,,,
531,03/02/2026 05:43:57,23.76,0.00,,,,,
532,03/02/2026 05:53:57,23.76,0.00,,,,,
533,03/02/2026 06:03:57,23.72,0.00,,,,,
534,03/02/2026 06:13:57,23.72,0.00,,,,,
535,03/02/2026 06:23:57,23.76,0.00,,,,,
536,03/02/2026 06:33:57,23.76,0.00,,,,,
537,03/02/2026 06:43:57,23.72,2.94,,,,,
538,03/02/2026 06:53:57,23.72,10.19,,,,,
539,03/02/2026 07:03:57,23.72,24.40,,,,,
540,03/02/2026 07:13:57,23.72,51.20,,,,,
541,03/02/2026 07:23:57,23.76,100.84,,,,,
542,03/02/2026 07:33:57,23.81,147.32,,,,,
543,03/02/2026 07:43:57,23.81,178.96,,,,,
544,03/02/2026 07:53:57,23.76,234.08,,,,,
545,03/02/2026 08:03:57,23.76,210.32,,,,,
546,03/02/2026 08:13:57,23.72,219.12,,,,,
547,03/02/2026 08:23:57,23.76,332.80,,,,,
548,03/02/2026 08:33:57,23.81,307.36,,,,,
549,03/02/2026 08:43:57,23.81,398.08,,,,,
550,03/02/2026 08:53:57,23.81,521.76,,,,,
551,03/02/2026 09:03:57,23.81,722.24,,,,,
552,03/02/2026 09:13:57,23.85,879.68,,,,,
553,03/02/2026 09:23:57,23.89,1284.48,,,,,
554,03/02/2026 09:33:57,23.98,1518.72,,,,,
555,03/02/2026 09:43:57,24.02,1347.84,,,,,
556,03/02/2026 09:53:57,24.02,1095.36,,,,,
557,03/02/2026 10:03:57,24.02,1322.88,,,,,
558,03/02/2026 10:13:57,24.02,1563.52,,,,,
559,03/02/2026 10:23:57,24.11,1424.64,,,,,
560,03/02/2026 10:33:57,24.11,1288.96,,,,,
561,03/02/2026 10:43:57,24.11,1847.04,,,,,
562,03/02/2026 10:53:57,24.15,2284.80,,,,,
563,03/02/2026 11:03:57,24.28,2032.64,,,,,
564,03/02/2026 11:13:57,24.32,2554.88,,,,,
565,03/02/2026 11:23:57,24.32,2309.76,,,,,
566,03/02/2026 11:33:57,24.32,2193.92,,,,,
567,03/02/2026 11:43:57,24.41,1888.00,,,,,
568,03/02/2026 11:53:57,24.32,1662.08,,,,,
569,03/02/2026 12:03:57,24.36,2225.28,,,,,
570,03/02/2026 12:13:57,24.45,2195.20,,,,,
571,03/02/2026 12:23:57,24.45,2531.20,,,,,
572,03/02/2026 12:33:57,24.45,2809.60,,,,,
573,03/02/2026 12:43:57,24.54,2894.08,,,,,
574,03/02/2026 12:53:57,24.54,2297.60,,,,,
575,03/02/2026 13:03:57,24.54,2052.48,,,,,
576,03/02/2026 13:13:57,24.54,1977.60,,,,,
577,03/02/2026 13:23:57,24.58,2255.36,,,,,
578,03/02/2026 13:33:57,24.58,2452.48,,,,,
579,03/02/2026 13:43:57,24.66,2198.40,,,,,
580,03/02/2026 13:53:57,24.71,2472.96,,,,,
581,03/02/2026 14:03:57,24.71,1839.36,,,,,
582,03/02/2026 14:13:57,24.71,1392.64,,,,,
583,03/02/2026 14:23:57,24.79,2062.08,,,,,
584,03/02/2026 14:33:57,24.71,1363.20,,,,,
585,03/02/2026 14:43:57,24.75,1501.44,,,,,
586,03/02/2026 14:53:57,24.75,1421.44,,,,,
587,03/02/2026 15:03:57,24.71,1651.20,,,,,
588,03/02/2026 15:13:57,24.75,1850.24,,,,,
589,03/02/2026 15:23:57,24.88,2152.96,,,,,
590,03/02/2026 15:33:57,25.01,1798.40,,,,,
591,03/02/2026 15:43:57,25.14,857.92,,,,,
592,03/02/2026 15:53:57,25.22,2277.12,,,,,
593,03/02/2026 16:03:57,26.12,2172.16,,,,,
594,03/02/2026 16:13:57,26.12,3143.68,,,,,
595,03/02/2026 16:23:57,25.99,2193.92,,,,,
596,03/02/2026 16:33:57,25.82,1243.52,,,,,
597,03/02/2026 16:43:57,25.61,2371.20,,,,,
598,03/02/2026 16:53:57,25.48,1732.48,,,,,
599,03/02/2026 17:03:57,25.35,1333.76,,,,,
600,03/02/2026 17:13:57,25.05,2118.40,,,,,
601,03/02/2026 17:23:57,24.32,494.72,,,,,
602,03/02/2026 17:33:57,24.28,506.88,,,,,
603,03/02/2026 17:43:57,24.28,488.48,,,,,
604,03/02/2026 17:53:57,24.24,281.20,,,,,
605,03/02/2026 18:03:57,24.19,244.24,,,,,
606,03/02/2026 18:13:57,24.19,166.08,,,,,
607,03/02/2026 18:23:57,24.19,104.76,,,,,
608,03/02/2026 18:33:57,24.15,44.50,,,,,
609,03/02/2026 18:43:57,24.15,9.80,,,,,
610,03/02/2026 18:53:57,24.15,0.78,,,,,
611,03/02/2026 19:03:57,24.15,0.00,,,,,
612,03/02/2026 19:13:57,24.11,0.00,,,,,
613,03/02/2026 19:23:57,24.11,0.00,,,,,
614,03/02/2026 19:33:57,24.06,0.00,,,,,
615,03/02/2026 19:43:57,24.06,0.00,,,,,
616,03/02/2026 19:53:57,24.11,0.00,,,,,
617,03/02/2026 20:03:57,24.06,0.00,,,,,
618,03/02/2026 20:13:57,24.06,0.00,,,,,
619,03/02/2026 20:23:57,24.02,0.00,,,,,
620,03/02/2026 20:33:57,24.11,0.00,,,,,
621,03/02/2026 20:43:57,24.02,0.00,,,,,
622,03/02/2026 20:53:57,23.94,0.00,,,,,
623,03/02/2026 21:03:57,24.02,0.00,,,,,
624,03/02/2026 21:13:57,23.98,0.00,,,,,
625,03/02/2026 21:23:57,23.94,0.00,,,,,
626,03/02/2026 21:33:57,23.94,0.00,,,,,
627,03/02/2026 21:43:57,23.94,0.00,,,,,
628,03/02/2026 21:53:57,23.94,0.00,,,,,
629,03/02/2026 22:03:57,23.94,0.00,,,,,
630,03/02/2026 22:13:57,23.94,0.00,,,,,
631,03/02/2026 22:23:57,23.85,0.00,,,,,
632,03/02/2026 22:33:57,23.76,0.00,,,,,
633,03/02/2026 22:43:57,23.81,0.00,,,,,
634,03/02/2026 22:53:57,23.81,0.00,,,,,
635,03/02/2026 23:03:57,23.81,0.00,,,,,
636,03/02/2026 23:13:57,23.81,0.00,,,,,
637,03/02/2026 23:23:57,23.81,0.00,,,,,
638,03/02/2026 23:33:57,23.81,0.00,,,,,
639,03/02/2026 23:43:57,23.81,0.00,,,,,
640,03/02/2026 23:53:57,23.81,0.00,,,,,
641,03/03/2026 00:03:57,23.85,0.00,,,,,
642,03/03/2026 00:13:57,23.81,0.00,,,,,
643,03/03/2026 00:23:57,23.85,0.00,,,,,
644,03/03/2026 00:33:57,23.89,0.00,,,,,
645,03/03/2026 00:43:57,23.85,0.00,,,,,
646,03/03/2026 00:53:57,23.85,0.00,,,,,
647,03/03/2026 01:03:57,23.85,0.00,,,,,
648,03/03/2026 01:13:57,23.85,0.00,,,,,
649,03/03/2026 01:23:57,23.81,0.00,,,,,
650,03/03/2026 01:33:57,23.85,0.00,,,,,
651,03/03/2026 01:43:57,23.85,0.00,,,,,
652,03/03/2026 01:53:57,23.85,0.00,,,,,
653,03/03/2026 02:03:57,23.85,0.00,,,,,
654,03/03/2026 02:13:57,23.85,0.00,,,,,
655,03/03/2026 02:23:57,23.85,0.00,,,,,
656,03/03/2026 02:33:57,23.81,0.00,,,,,
657,03/03/2026 02:43:57,23.85,0.00,,,,,
658,03/03/2026 02:53:57,23.76,0.00,,,,,
659,03/03/2026 03:03:57,23.85,0.00,,,,,
660,03/03/2026 03:13:57,23.76,0.00,,,,,
661,03/03/2026 03:23:57,23.85,0.00,,,,,
662,03/03/2026 03:33:57,23.81,0.00,,,,,
663,03/03/2026 03:43:57,23.81,0.00,,,,,
664,03/03/2026 03:53:57,23.81,0.00,,,,,
665,03/03/2026 04:03:57,23.81,0.00,,,,,
666,03/03/2026 04:13:57,23.85,0.00,,,,,
667,03/03/2026 04:23:57,23.76,0.00,,,,,
668,03/03/2026 04:33:57,23.85,0.00,,,,,
669,03/03/2026 04:43:57,23.81,0.00,,,,,
670,03/03/2026 04:53:57,23.81,0.00,,,,,
671,03/03/2026 05:03:57,23.76,0.00,,,,,
672,03/03/2026 05:13:57,23.76,0.00,,,,,
673,03/03/2026 05:23:57,23.76,0.00,,,,,
674,03/03/2026 05:33:57,23.76,0.00,,,,,
675,03/03/2026 05:43:57,23.76,0.00,,,,,
676,03/03/2026 05:53:57,23.76,0.00,,,,,
677,03/03/2026 06:03:57,23.72,0.00,,,,,
678,03/03/2026 06:13:57,23.76,0.00,,,,,
679,03/03/2026 06:23:57,23.72,0.00,,,,,
680,03/03/2026 06:33:57,23.68,1.17,,,,,
681,03/03/2026 06:43:57,23.68,12.96,,,,,
682,03/03/2026 06:53:57,23.68,50.60,,,,,
683,03/03/2026 07:03:57,23.68,113.40,,,,,
684,03/03/2026 07:13:57,23.64,198.56,,,,,
685,03/03/2026 07:23:57,23.64,236.40,,,,,
686,03/03/2026 07:33:57,23.68,443.84,,,,,
687,03/03/2026 07:43:57,23.68,399.68,,,,,
688,03/03/2026 07:53:57,23.76,661.44,,,,,
689,03/03/2026 08:03:57,23.85,517.12,,,,,
690,03/03/2026 08:13:57,23.94,517.92,,,,,
691,03/03/2026 08:23:57,24.06,1599.36,,,,,
692,03/03/2026 08:33:57,24.11,832.96,,,,,
693,03/03/2026 08:43:57,24.15,691.84,,,,,
694,03/03/2026 08:53:57,24.28,1231.68,,,,,
695,03/03/2026 09:03:57,24.28,2124.80,,,,,
696,03/03/2026 09:13:57,24.41,1518.72,,,,,
697,03/03/2026 09:23:57,24.54,1911.68,,,,,
698,03/03/2026 09:33:57,24.54,1377.28,,,,,
699,03/03/2026 09:43:57,24.58,2255.36,,,,,
700,03/03/2026 09:53:57,24.66,1427.84,,,,,
701,03/03/2026 10:03:57,24.75,2101.12,,,,,
702,03/03/2026 10:13:57,24.75,2828.80,,,,,
703,03/03/2026 10:23:57,24.71,2110.72,,,,,
704,03/03/2026 10:33:57,24.84,1565.44,,,,,
705,03/03/2026 10:43:57,24.88,1424.64,,,,,
706,03/03/2026 10:53:57,25.01,825.28,,,,,
707,03/03/2026 11:03:57,25.01,1365.12,,,,,
708,03/03/2026 11:13:57,25.05,1025.60,,,,,
709,03/03/2026 11:23:57,25.05,1206.72,,,,,
710,03/03/2026 11:33:57,25.18,2218.88,,,,,
711,03/03/2026 11:43:57,25.18,2942.72,,,,,
712,03/03/2026 11:53:57,25.18,3205.12,,,,,
713,03/03/2026 12:03:57,25.09,2396.16,,,,,
714,03/03/2026 12:13:57,25.09,2087.04,,,,,
715,03/03/2026 12:23:57,25.09,3390.72,,,,,
716,03/03/2026 12:33:57,25.27,3088.64,,,,,
717,03/03/2026 12:43:57,25.44,21278.72,,,,,
718,03/03/2026 12:53:57,25.65,36259.84,,,,,
719,03/03/2026 13:03:57,26.08,35440.64,,,,,
720,03/03/2026 13:13:57,26.12,35737.60,,,,,
721,03/03/2026 13:23:57,26.38,50503.68,,,,,
722,03/03/2026 13:33:57,26.34,41922.56,,,,,
723,03/03/2026 13:43:57,26.42,28774.40,,,,,
724,03/03/2026 13:53:57,26.47,57405.44,,,,,
725,03/03/2026 14:03:57,26.47,34826.24,,,,,
726,03/03/2026 14:13:57,26.38,27740.16,,,,,
727,03/03/2026 14:23:57,25.87,8048.64,,,,,
728,03/03/2026 14:33:57,26.08,23889.92,,,,,
729,03/03/2026 14:43:57,25.74,6085.12,,,,,
730,03/03/2026 14:53:57,25.39,1654.40,,,,,
731,03/03/2026 15:03:57,25.31,1012.16,,,,,
732,03/03/2026 15:13:57,25.18,1397.76,,,,,
733,03/03/2026 15:23:57,25.05,1531.52,,,,,
734,03/03/2026 15:33:57,25.05,1758.08,,,,,
735,03/03/2026 15:43:57,24.88,1585.28,,,,,
736,03/03/2026 15:53:57,24.79,1124.48,,,,,
737,03/03/2026 16:03:57,24.75,1270.40,,,,,
738,03/03/2026 16:13:57,24.66,1226.24,,,,,
739,03/03/2026 16:23:57,24.66,1408.64,,,,,
740,03/03/2026 16:33:57,24.62,1279.68,,,,,
741,03/03/2026 16:43:57,24.54,832.64,,,,,
742,03/03/2026 16:53:57,24.45,714.88,,,,,
743,03/03/2026 17:03:57,24.41,677.76,,,,,
744,03/03/2026 17:13:57,24.32,527.36,,,,,
745,03/03/2026 17:23:57,24.28,319.12,,,,,
746,03/03/2026 17:33:57,24.19,393.44,,,,,
747,03/03/2026 17:43:57,24.15,352.96,,,,,
748,03/03/2026 17:53:57,24.11,187.60,,,,,
749,03/03/2026 18:03:57,24.11,129.96,,,,,
750,03/03/2026 18:13:57,24.02,72.08,,,,,
751,03/03/2026 18:23:57,23.94,36.63,,,,,
752,03/03/2026 18:33:57,23.89,19.06,,,,,
753,03/03/2026 18:43:57,23.89,7.05,,,,,
754,03/03/2026 18:53:57,23.89,0.58,,,,,
755,03/03/2026 19:03:57,23.85,0.00,,,,,
756,03/03/2026 19:13:57,23.89,0.00,,,,,
757,03/03/2026 19:23:57,23.85,0.00,,,,,
758,03/03/2026 19:33:57,23.81,0.00,,,,,
759,03/03/2026 19:43:57,23.85,0.00,,,,,
760,03/03/2026 19:53:57,23.85,0.00,,,,,
761,03/03/2026 20:03:57,23.81,0.00,,,,,
762,03/03/2026 20:13:57,23.81,0.00,,,,,
763,03/03/2026 20:23:57,23.81,0.00,,,,,
764,03/03/2026 20:33:57,23.85,0.00,,,,,
765,03/03/2026 20:43:57,23.81,0.00,,,,,
766,03/03/2026 20:53:57,23.81,0.00,,,,,
767,03/03/2026 21:03:57,23.81,0.00,,,,,
768,03/03/2026 21:13:57,23.81,0.00,,,,,
769,03/03/2026 21:23:57,23.76,0.00,,,,,
770,03/03/2026 21:33:57,23.76,0.00,,,,,
771,03/03/2026 21:43:57,23.72,0.00,,,,,
772,03/03/2026 21:53:57,23.81,0.00,,,,,
773,03/03/2026 22:03:57,23.72,0.00,,,,,
774,03/03/2026 22:13:57,23.72,0.00,,,,,
775,03/03/2026 22:23:57,23.72,0.00,,,,,
776,03/03/2026 22:33:57,23.68,0.00,,,,,
777,03/03/2026 22:43:57,23.68,0.00,,,,,
778,03/03/2026 22:53:57,23.68,0.00,,,,,
779,03/03/2026 23:03:57,23.64,0.00,,,,,
780,03/03/2026 23:13:57,23.68,0.00,,,,,
781,03/03/2026 23:23:57,23.64,0.00,,,,,
782,03/03/2026 23:33:57,23.68,0.00,,,,,
783,03/03/2026 23:43:57,23.68,0.00,,,,,
784,03/03/2026 23:53:57,23.64,0.00,,,,,
785,03/04/2026 00:03:57,23.59,0.00,,,,,
786,03/04/2026 00:13:57,23.59,0.00,,,,,
787,03/04/2026 00:23:57,23.59,0.00,,,,,
788,03/04/2026 00:33:57,23.55,0.00,,,,,
789,03/04/2026 00:43:57,23.59,0.00,,,,,
790,03/04/2026 00:53:57,23.59,0.00,,,,,
791,03/04/2026 01:03:57,23.68,0.00,,,,,
792,03/04/2026 01:13:57,23.64,0.00,,,,,
793,03/04/2026 01:23:57,23.64,0.00,,,,,
794,03/04/2026 01:33:57,23.64,0.00,,,,,
795,03/04/2026 01:43:57,23.64,0.00,,,,,
796,03/04/2026 01:53:57,23.59,0.00,,,,,
797,03/04/2026 02:03:57,23.51,0.00,,,,,
798,03/04/2026 02:13:57,23.46,0.00,,,,,
799,03/04/2026 02:23:57,23.51,0.00,,,,,
800,03/04/2026 02:33:57,23.51,0.00,,,,,
801,03/04/2026 02:43:57,23.51,0.00,,,,,
802,03/04/2026 02:53:57,23.46,0.00,,,,,
803,03/04/2026 03:03:57,23.55,0.00,,,,,
804,03/04/2026 03:13:57,23.51,0.00,,,,,
805,03/04/2026 03:23:57,23.51,0.00,,,,,
806,03/04/2026 03:33:57,23.42,0.00,,,,,
807,03/04/2026 03:43:57,23.51,0.00,,,,,
808,03/04/2026 03:53:57,23.51,0.00,,,,,
809,03/04/2026 04:03:57,23.46,0.00,,,,,
810,03/04/2026 04:13:57,23.46,0.00,,,,,
811,03/04/2026 04:23:57,23.51,0.00,,,,,
812,03/04/2026 04:33:57,23.46,0.00,,,,,
813,03/04/2026 04:43:57,23.46,0.00,,,,,
814,03/04/2026 04:53:57,23.46,0.00,,,,,
815,03/04/2026 05:03:57,23.46,0.00,,,,,
816,03/04/2026 05:13:57,23.42,0.00,,,,,
817,03/04/2026 05:23:57,23.38,0.00,,,,,
818,03/04/2026 05:33:57,23.42,0.00,,,,,
819,03/04/2026 05:43:57,23.42,0.00,,,,,
820,03/04/2026 05:53:57,23.42,0.00,,,,,
821,03/04/2026 06:03:57,23.46,0.00,,,,,
822,03/04/2026 06:13:57,23.38,0.00,,,,,
823,03/04/2026 06:23:57,23.34,0.00,,,,,
824,03/04/2026 06:33:57,23.34,0.78,,,,,
825,03/04/2026 06:43:57,23.25,20.46,,,,,
826,03/04/2026 06:53:57,23.21,65.38,,,,,
827,03/04/2026 07:03:57,23.16,148.08,,,,,
828,03/04/2026 07:13:57,23.12,211.28,,,,,
829,03/04/2026 07:23:57,23.12,409.12,,,,,
830,03/04/2026 07:33:57,23.16,800.00,,,,,
831,03/04/2026 07:43:57,23.21,643.36,,,,,
832,03/04/2026 07:53:57,23.25,2325.76,,,,,
833,03/04/2026 08:03:57,23.29,1151.68,,,,,
834,03/04/2026 08:13:57,23.34,1476.48,,,,,
835,03/04/2026 08:23:57,23.38,1992.96,,,,,
836,03/04/2026 08:33:57,23.42,2041.60,,,,,
837,03/04/2026 08:43:57,23.46,1939.84,,,,,
838,03/04/2026 08:53:57,23.51,3408.64,,,,,
839,03/04/2026 09:03:57,23.59,3214.08,,,,,
840,03/04/2026 09:13:57,23.68,3299.84,,,,,
841,03/04/2026 09:23:57,23.81,3851.52,,,,,
842,03/04/2026 09:33:57,23.81,4042.24,,,,,
843,03/04/2026 09:43:57,23.94,5134.08,,,,,
844,03/04/2026 09:53:57,24.02,4773.12,,,,,
845,03/04/2026 10:03:57,24.15,6067.20,,,,,
846,03/04/2026 10:13:57,24.28,5667.84,,,,,
847,03/04/2026 10:23:57,24.36,6254.08,,,,,
848,03/04/2026 10:33:57,24.45,6512.64,,,,,
849,03/04/2026 10:43:57,24.58,5440.00,,,,,
850,03/04/2026 10:53:57,24.66,3123.20,,,,,
851,03/04/2026 11:03:57,24.97,7582.72,,,,,
852,03/04/2026 11:13:57,25.09,8325.12,,,,,
853,03/04/2026 11:23:57,25.14,5844.48,,,,,
854,03/04/2026 11:33:57,25.22,7106.56,,,,,
855,03/04/2026 11:43:57,25.22,9579.52,,,,,
856,03/04/2026 11:53:57,25.18,6804.48,,,,,
857,03/04/2026 12:03:57,25.18,6942.72,,,,,
858,03/04/2026 12:13:57,25.18,6781.44,,,,,
859,03/04/2026 12:23:57,25.22,8744.96,,,,,
860,03/04/2026 12:33:57,25.31,9377.28,,,,,
861,03/04/2026 12:43:57,25.61,19409.92,,,,,
862,03/04/2026 12:53:57,25.44,7395.84,,,,,
863,03/04/2026 13:03:57,25.61,12001.28,,,,,
864,03/04/2026 13:13:57,25.52,10229.76,,,,,
865,03/04/2026 13:23:57,25.52,7984.64,,,,,
866,03/04/2026 13:33:57,25.44,10664.96,,,,,
867,03/04/2026 13:43:57,25.39,6108.16,,,,,
868,03/04/2026 13:53:57,25.99,25180.16,,,,,
869,03/04/2026 14:03:57,25.48,12958.72,,,,,
870,03/04/2026 14:13:57,25.52,7621.12,,,,,
871,03/04/2026 14:23:57,25.35,5283.84,,,,,
872,03/04/2026 14:33:57,25.57,8148.48,,,,,
873,03/04/2026 14:43:57,25.39,6197.76,,,,,
874,03/04/2026 14:53:57,25.35,3471.36,,,,,
875,03/04/2026 15:03:57,25.22,4403.20,,,,,
876,03/04/2026 15:13:57,25.27,2636.80,,,,,
877,03/04/2026 15:23:57,25.22,2896.64,,,,,
878,03/04/2026 15:33:57,25.31,1841.28,,,,,
879,03/04/2026 15:43:57,25.22,2368.00,,,,,
880,03/04/2026 15:53:57,25.01,829.44,,,,,
881,03/04/2026 16:03:57,24.92,1156.48,,,,,
882,03/04/2026 16:13:57,24.84,1096.96,,,,,
883,03/04/2026 16:23:57,24.84,1141.76,,,,,
884,03/04/2026 16:33:57,24.66,1133.76,,,,,
885,03/04/2026 16:43:57,24.66,960.64,,,,,
886,03/04/2026 16:53:57,24.58,927.68,,,,,
887,03/04/2026 17:03:57,24.49,755.52,,,,,
888,03/04/2026 17:13:57,24.45,640.16,,,,,
889,03/04/2026 17:23:57,24.36,439.84,,,,,
890,03/04/2026 17:33:57,24.36,395.68,,,,,
891,03/04/2026 17:43:57,24.32,368.16,,,,,
892,03/04/2026 17:53:57,24.28,172.56,,,,,
893,03/04/2026 18:03:57,24.19,81.50,,,,,
894,03/04/2026 18:13:57,24.19,97.32,,,,,
895,03/04/2026 18:23:57,24.06,69.34,,,,,
896,03/04/2026 18:33:57,24.06,23.59,,,,,
897,03/04/2026 18:43:57,23.98,5.09,,,,,
898,03/04/2026 18:53:57,23.98,0.39,,,,,
899,03/04/2026 19:03:57,23.94,0.00,,,,,
900,03/04/2026 19:13:57,23.85,0.00,,,,,
901,03/04/2026 19:23:57,23.85,0.00,,,,,
902,03/04/2026 19:33:57,23.85,0.00,,,,,
903,03/04/2026 19:43:57,23.81,0.00,,,,,
904,03/04/2026 19:53:57,23.85,0.00,,,,,
905,03/04/2026 20:03:57,23.81,0.00,,,,,
906,03/04/2026 20:13:57,23.76,0.00,,,,,
907,03/04/2026 20:23:57,23.76,0.00,,,,,
908,03/04/2026 20:33:57,23.72,0.00,,,,,
909,03/04/2026 20:43:57,23.76,0.00,,,,,
910,03/04/2026 20:53:57,23.81,0.00,,,,,
911,03/04/2026 21:03:57,23.72,0.00,,,,,
912,03/04/2026 21:13:57,23.76,0.00,,,,,
913,03/04/2026 21:23:57,23.76,0.00,,,,,
914,03/04/2026 21:33:57,23.76,0.00,,,,,
915,03/04/2026 21:43:57,23.72,0.00,,,,,
916,03/04/2026 21:53:57,23.72,0.00,,,,,
917,03/04/2026 22:03:57,23.72,0.00,,,,,
918,03/04/2026 22:13:57,23.68,0.00,,,,,
919,03/04/2026 22:23:57,23.72,0.00,,,,,
920,03/04/2026 22:33:57,23.72,0.00,,,,,
921,03/04/2026 22:43:57,23.72,0.00,,,,,
922,03/04/2026 22:53:57,23.68,0.00,,,,,
923,03/04/2026 23:03:57,23.64,0.00,,,,,
924,03/04/2026 23:13:57,23.68,0.00,,,,,
925,03/04/2026 23:23:57,23.68,0.00,,,,,
926,03/04/2026 23:33:57,23.68,0.00,,,,,
927,03/04/2026 23:43:57,23.68,0.00,,,,,
928,03/04/2026 23:53:57,23.64,0.00,,,,,
929,03/05/2026 00:03:57,23.68,0.00,,,,,
930,03/05/2026 00:13:57,23.68,0.00,,,,,
931,03/05/2026 00:23:57,23.68,0.00,,,,,
932,03/05/2026 00:33:57,23.72,0.00,,,,,
933,03/05/2026 00:43:57,23.72,0.00,,,,,
934,03/05/2026 00:53:57,23.72,0.00,,,,,
935,03/05/2026 01:03:57,23.68,0.00,,,,,
936,03/05/2026 01:13:57,23.72,0.00,,,,,
937,03/05/2026 01:23:57,23.72,0.00,,,,,
938,03/05/2026 01:33:57,23.68,0.00,,,,,
939,03/05/2026 01:43:57,23.68,0.00,,,,,
940,03/05/2026 01:53:57,23.68,0.00,,,,,
941,03/05/2026 02:03:57,23.68,0.00,,,,,
942,03/05/2026 02:13:57,23.68,0.00,,,,,
943,03/05/2026 02:23:57,23.68,0.00,,,,,
944,03/05/2026 02:33:57,23.64,0.00,,,,,
945,03/05/2026 02:43:57,23.68,0.00,,,,,
946,03/05/2026 02:53:57,23.64,0.00,,,,,
947,03/05/2026 03:03:57,23.64,0.00,,,,,
948,03/05/2026 03:13:57,23.59,0.00,,,,,
949,03/05/2026 03:23:57,23.64,0.00,,,,,
950,03/05/2026 03:33:57,23.55,0.00,,,,,
951,03/05/2026 03:43:57,23.59,0.00,,,,,
952,03/05/2026 03:53:57,23.55,0.00,,,,,
953,03/05/2026 04:03:57,23.59,0.00,,,,,
954,03/05/2026 04:13:57,23.55,0.00,,,,,
955,03/05/2026 04:23:57,23.51,0.00,,,,,
956,03/05/2026 04:33:57,23.64,0.00,,,,,
957,03/05/2026 04:43:57,23.55,0.00,,,,,
958,03/05/2026 04:53:57,23.64,0.00,,,,,
959,03/05/2026 05:03:57,23.59,0.00,,,,,
960,03/05/2026 05:13:57,23.59,0.00,,,,,
961,03/05/2026 05:23:57,23.59,0.00,,,,,
962,03/05/2026 05:33:57,23.59,0.00,,,,,
963,03/05/2026 05:43:57,23.64,0.00,,,,,
964,03/05/2026 05:53:57,23.64,0.00,,,,,
965,03/05/2026 06:03:57,23.59,0.00,,,,,
966,03/05/2026 06:13:57,23.55,0.00,,,,,
967,03/05/2026 06:23:57,23.64,0.00,,,,,
968,03/05/2026 06:33:57,23.59,9.01,,,,,
969,03/05/2026 06:43:57,23.38,9.21,,,,,
970,03/05/2026 06:53:57,23.34,14.92,,,,,
971,03/05/2026 07:03:57,23.38,55.12,,,,,
972,03/05/2026 07:13:57,23.34,81.92,,,,,
973,03/05/2026 07:23:57,23.38,84.72,,,,,
974,03/05/2026 07:33:57,23.38,111.04,,,,,
975,03/05/2026 07:43:57,23.38,289.36,,,,,
976,03/05/2026 07:53:57,23.29,201.68,,,,,
977,03/05/2026 08:03:57,23.34,271.92,,,,,
978,03/05/2026 08:13:57,23.38,398.08,,,,,
979,03/05/2026 08:23:57,23.38,302.64,,,,,
980,03/05/2026 08:33:57,23.38,745.28,,,,,
981,03/05/2026 08:43:57,23.59,5811.20,,,,,
982,03/05/2026 08:53:57,23.55,1017.60,,,,,
983,03/05/2026 09:03:57,23.64,809.60,,,,,
984,03/05/2026 09:13:57,23.81,588.80,,,,,
985,03/05/2026 09:23:57,23.98,450.88,,,,,
986,03/05/2026 09:33:57,24.11,401.28,,,,,
987,03/05/2026 09:43:57,24.28,520.32,,,,,
988,03/05/2026 09:53:57,24.45,744.96,,,,,
989,03/05/2026 10:03:57,24.66,798.40,,,,,
990,03/05/2026 10:13:57,24.84,1416.96,,,,,
991,03/05/2026 10:23:57,25.05,1671.68,,,,,
992,03/05/2026 10:33:57,25.09,1267.84,,,,,
993,03/05/2026 10:43:57,25.05,1638.40,,,,,
994,03/05/2026 10:53:57,25.09,1693.44,,,,,
995,03/05/2026 11:03:57,25.14,1418.24,,,,,
996,03/05/2026 11:13:57,25.18,1991.68,,,,,
997,03/05/2026 11:23:57,25.18,1787.52,,,,,
998,03/05/2026 11:33:57,25.65,13460.48,,,,,
999,03/05/2026 11:43:57,25.69,2629.12,,,,,
1000,03/05/2026 11:53:57,25.82,3051.52,,,,,
1001,03/05/2026 12:03:57,25.82,2904.32,,,,,
1002,03/05/2026 12:13:57,25.82,3557.12,,,,,
1003,03/05/2026 12:23:57,25.95,3600.64,,,,,
1004,03/05/2026 12:33:57,25.95,3845.12,,,,,
1005,03/05/2026 12:43:57,26.04,1980.80,,,,,
1006,03/05/2026 12:53:57,25.99,1919.36,,,,,
1007,03/05/2026 13:03:57,25.91,1980.80,,,,,
1008,03/05/2026 13:13:57,25.87,1416.96,,,,,
1009,03/05/2026 13:23:57,25.82,1712.64,,,,,
1010,03/05/2026 13:33:57,25.95,1664.00,,,,,
1011,03/05/2026 13:43:57,26.12,1066.24,,,,,
1012,03/05/2026 13:53:57,26.34,506.08,,,,,
1013,03/05/2026 14:03:57,26.55,494.40,,,,,
1014,03/05/2026 14:13:57,26.72,673.92,,,,,
1015,03/05/2026 14:23:57,26.90,4835.84,,,,,
1016,03/05/2026 14:33:57,27.28,3205.12,,,,,
1017,03/05/2026 14:43:57,27.63,2504.32,,,,,
1018,03/05/2026 14:53:57,27.93,2855.68,,,,,
1019,03/05/2026 15:03:57,27.97,1055.36,,,,,
1020,03/05/2026 15:13:57,27.97,1763.84,,,,,
1021,03/05/2026 15:23:57,27.84,1759.36,,,,,
1022,03/05/2026 15:33:57,27.67,1580.80,,,,,
1023,03/05/2026 15:43:57,27.45,1248.96,,,,,
1024,03/05/2026 15:53:57,27.20,444.64,,,,,
1025,03/05/2026 16:03:57,27.11,1004.48,,,,,
1026,03/05/2026 16:13:57,26.90,1072.64,,,,,
1027,03/05/2026 16:23:57,26.77,623.68,,,,,
1028,03/05/2026 16:33:57,26.64,675.52,,,,,
1029,03/05/2026 16:43:57,26.55,947.84,,,,,
1030,03/05/2026 16:53:57,26.30,771.52,,,,,
1031,03/05/2026 17:03:57,26.12,573.12,,,,,
1032,03/05/2026 17:13:57,26.04,395.68,,,,,
1033,03/05/2026 17:23:57,25.87,218.40,,,,,
1034,03/05/2026 17:33:57,25.74,283.76,,,,,
1035,03/05/2026 17:43:57,25.57,485.60,,,,,
1036,03/05/2026 17:53:57,25.44,357.12,,,,,
1037,03/05/2026 18:03:57,25.31,303.44,,,,,
1038,03/05/2026 18:13:57,25.22,152.00,,,,,
1039,03/05/2026 18:23:57,25.09,75.22,,,,,
1040,03/05/2026 18:33:57,25.01,38.98,,,,,
1041,03/05/2026 18:43:57,24.84,6.07,,,,,
1042,03/05/2026 18:53:57,24.79,0.19,,,,,
1043,03/05/2026 19:03:57,24.71,0.00,,,,,
1044,03/05/2026 19:13:57,24.66,0.00,,,,,
1045,03/05/2026 19:23:57,24.58,0.00,,,,,
1046,03/05/2026 19:33:57,24.54,0.00,,,,,
1047,03/05/2026 19:43:57,24.45,0.00,,,,,
1048,03/05/2026 19:53:57,24.36,0.00,,,,,
1049,03/05/2026 20:03:57,24.36,0.00,,,,,
1050,03/05/2026 20:13:57,24.28,0.00,,,,,
1051,03/05/2026 20:23:57,24.24,0.00,,,,,
1052,03/05/2026 20:33:57,24.19,0.00,,,,,
1053,03/05/2026 20:43:57,24.19,0.00,,,,,
1054,03/05/2026 20:53:57,24.15,0.00,,,,,
1055,03/05/2026 21:03:57,24.11,0.00,,,,,
1056,03/05/2026 21:13:57,24.06,0.00,,,,,
1057,03/05/2026 21:23:57,24.11,0.00,,,,,
1058,03/05/2026 21:33:57,24.02,0.00,,,,,
1059,03/05/2026 21:43:57,23.98,0.00,,,,,
1060,03/05/2026 21:53:57,23.98,0.00,,,,,
1061,03/05/2026 22:03:57,23.94,0.00,,,,,
1062,03/05/2026 22:13:57,23.89,0.00,,,,,
1063,03/05/2026 22:23:57,23.89,0.00,,,,,
1064,03/05/2026 22:33:57,23.85,0.00,,,,,
1065,03/05/2026 22:43:57,23.81,0.00,,,,,
1066,03/05/2026 22:53:57,23.85,0.00,,,,,
1067,03/05/2026 23:03:57,23.81,0.00,,,,,
1068,03/05/2026 23:13:57,23.76,0.00,,,,,
1069,03/05/2026 23:23:57,23.76,0.00,,,,,
1070,03/05/2026 23:33:57,23.76,0.00,,,,,
1071,03/05/2026 23:43:57,23.76,0.00,,,,,
1072,03/05/2026 23:53:57,23.76,0.00,,,,,
1073,03/06/2026 00:03:57,23.72,0.00,,,,,
1074,03/06/2026 00:13:57,23.68,0.00,,,,,
1075,03/06/2026 00:23:57,23.72,0.00,,,,,
1076,03/06/2026 00:33:57,23.68,0.00,,,,,
1077,03/06/2026 00:43:57,23.64,0.00,,,,,
1078,03/06/2026 00:53:57,23.68,0.00,,,,,
1079,03/06/2026 01:03:57,23.59,0.00,,,,,
1080,03/06/2026 01:13:57,23.64,0.00,,,,,
1081,03/06/2026 01:23:57,23.59,0.00,,,,,
1082,03/06/2026 01:33:57,23.59,0.00,,,,,
1083,03/06/2026 01:43:57,23.59,0.00,,,,,
1084,03/06/2026 01:53:57,23.55,0.00,,,,,
1085,03/06/2026 02:03:57,23.55,0.00,,,,,
1086,03/06/2026 02:13:57,23.55,0.00,,,,,
1087,03/06/2026 02:23:57,23.51,0.00,,,,,
1088,03/06/2026 02:33:57,23.55,0.00,,,,,
1089,03/06/2026 02:43:57,23.51,0.00,,,,,
1090,03/06/2026 02:53:57,23.51,0.00,,,,,
1091,03/06/2026 03:03:57,23.46,0.00,,,,,
1092,03/06/2026 03:13:57,23.46,0.00,,,,,
1093,03/06/2026 03:23:57,23.51,0.00,,,,,
1094,03/06/2026 03:33:57,23.46,0.00,,,,,
1095,03/06/2026 03:43:57,23.51,0.00,,,,,
1096,03/06/2026 03:53:57,23.42,0.00,,,,,
1097,03/06/2026 04:03:57,23.42,0.00,,,,,
1098,03/06/2026 04:13:57,23.42,0.00,,,,,
1099,03/06/2026 04:23:57,23.38,0.00,,,,,
1100,03/06/2026 04:33:57,23.42,0.00,,,,,
1101,03/06/2026 04:43:57,23.42,0.00,,,,,
1102,03/06/2026 04:53:57,23.38,0.00,,,,,
1103,03/06/2026 05:03:57,23.38,0.00,,,,,
1104,03/06/2026 05:13:57,23.38,0.00,,,,,
1105,03/06/2026 05:23:57,23.38,0.00,,,,,
1106,03/06/2026 05:33:57,23.42,0.00,,,,,
1107,03/06/2026 05:43:57,23.38,0.00,,,,,
1108,03/06/2026 05:53:57,23.38,0.00,,,,,
1109,03/06/2026 06:03:57,23.38,0.00,,,,,
1110,03/06/2026 06:13:57,23.38,0.00,,,,,
1111,03/06/2026 06:23:57,23.34,0.58,,,,,
1112,03/06/2026 06:33:57,23.34,1.17,,,,,
1113,03/06/2026 06:43:57,23.34,10.61,,,,,
1114,03/06/2026 06:53:57,23.29,27.37,,,,,
1115,03/06/2026 07:03:57,23.25,84.76,,,,,
1116,03/06/2026 07:13:57,23.34,99.28,,,,,
1117,03/06/2026 07:23:57,23.29,120.44,,,,,
1118,03/06/2026 07:33:57,23.25,166.24,,,,,
1119,03/06/2026 07:43:57,23.29,348.32,,,,,
1120,03/06/2026 07:53:57,23.29,448.64,,,,,
1121,03/06/2026 08:03:57,23.29,383.04,,,,,
1122,03/06/2026 08:13:57,23.42,335.68,,,,,
1123,03/06/2026 08:23:57,23.46,2593.92,,,,,
1124,03/06/2026 08:33:57,23.51,850.56,,,,,
1125,03/06/2026 08:43:57,23.59,886.08,,,,,
1126,03/06/2026 08:53:57,23.64,1048.96,,,,,
1127,03/06/2026 09:03:57,23.76,988.80,,,,,
1128,03/06/2026 09:13:57,23.89,1147.84,,,,,
1129,03/06/2026 09:23:57,24.02,1209.92,,,,,
1130,03/06/2026 09:33:57,24.15,1501.44,,,,,
1131,03/06/2026 09:43:57,24.28,1359.36,,,,,
1132,03/06/2026 09:53:57,24.36,1662.08,,,,,
1133,03/06/2026 10:03:57,24.49,772.80,,,,,
1134,03/06/2026 10:13:57,24.71,1198.08,,,,,
1135,03/06/2026 10:23:57,25.01,1199.68,,,,,
1136,03/06/2026 10:33:57,22.31,505.76,,,,,
1137,03/06/2026 10:43:57,25.05,2349.44,,,,,
1138,03/06/2026 10:53:57,25.05,1665.28,,,,,
1139,03/06/2026 11:03:57,25.14,1536.64,,,,,
1140,03/06/2026 11:13:57,25.09,2065.28,,,,,
1141,03/06/2026 11:23:57,25.05,2026.24,,,,,
1142,03/06/2026 11:33:57,25.05,1916.16,,,,,
1143,03/06/2026 11:43:57,32.77,68628.48,,,,,
1144,03/06/2026 11:53:57,27.75,14443.52,,,,,
1145,03/06/2026 12:03:57,27.11,13301.76,,,,,
1146,03/06/2026 12:13:57,27.02,13911.04,,,,,
1147,03/06/2026 12:23:57,27.24,14673.92,,,,,
1148,03/06/2026 12:33:57,28.27,17172.48,,,,,
1149,03/06/2026 12:43:57,28.57,14638.08,,,,,
1150,03/06/2026 12:53:57,27.93,13025.28,,,,,
1151,03/06/2026 13:03:57,28.27,12482.56,,,,,
1152,03/06/2026 13:13:57,27.71,11151.36,,,,,
1153,03/06/2026 13:23:57,27.15,7477.76,,,,,
1154,03/06/2026 13:33:57,30.54,87449.60,,,,,
1155,03/06/2026 13:43:57,39.34,86466.56,,,,,
1156,03/06/2026 13:53:57,31.92,13880.32,,,,,
1157,03/06/2026 14:03:57,36.59,68608.00,,,,,
1158,03/06/2026 14:13:57,38.95,90767.36,,,,,
1159,03/06/2026 14:23:57,32.99,6712.32,,,,,
1160,03/06/2026 14:33:57,29.86,16588.80,,,,,
1161,03/06/2026 14:43:57,30.03,16680.96,,,,,
1162,03/06/2026 14:53:57,30.33,21032.96,,,,,
1163,03/06/2026 15:03:57,27.67,402.40,,,,,
1164,03/06/2026 15:13:57,24.79,392.96,,,,,
1165,03/06/2026 15:23:57,23.68,392.16,,,,,
1166,03/06/2026 15:33:57,23.25,400.80,,,,,
1167,03/06/2026 15:43:57,23.08,398.56,,,,,
1168,03/06/2026 15:53:57,23.29,307.92,,,,,
1169,03/06/2026 16:03:57,23.46,379.68,,,,,
1170,03/06/2026 16:13:57,23.38,252.96,,,,,
1171,03/06/2026 16:23:57,23.46,459.68,,,,,
1172,03/06/2026 16:33:57,23.42,406.72,,,,,
1173,03/06/2026 16:43:57,23.38,346.56,,,,,
1174,03/06/2026 16:53:57,23.29,412.96,,,,,
1175,03/06/2026 17:03:57,23.25,356.16,,,,,
1176,03/06/2026 17:13:57,23.21,364.80,,,,,
1177,03/06/2026 17:23:57,23.12,365.60,,,,,
1178,03/06/2026 17:33:57,23.12,315.20,,,,,
1179,03/06/2026 17:43:57,23.08,292.24,,,,,
1180,03/06/2026 17:53:57,23.08,285.84,,,,,
1181,03/06/2026 18:03:57,22.99,274.72,,,,,
1182,03/06/2026 18:13:57,22.99,273.92,,,,,
1183,03/06/2026 18:23:57,22.95,267.76,,,,,
1184,03/06/2026 18:33:57,22.99,265.44,,,,,
1185,03/06/2026 18:43:57,22.91,266.16,,,,,
1186,03/06/2026 18:53:57,22.99,262.24,,,,,
1187,03/06/2026 19:03:57,22.95,266.16,,,,,
1188,03/06/2026 19:13:57,23.03,266.16,,,,,
1189,03/06/2026 19:23:57,22.99,265.44,,,,,
1190,03/06/2026 19:33:57,23.03,265.44,,,,,
1191,03/06/2026 19:43:57,23.08,266.16,,,,,
1192,03/06/2026 19:53:57,22.99,266.96,,,,,
1193,03/06/2026 20:03:57,23.03,266.16,,,,,
1194,03/06/2026 20:13:57,23.08,263.04,,,,,
1195,03/06/2026 20:23:57,22.95,265.44,,,,,
1196,03/06/2026 20:33:57,22.99,218.96,,,,,
1197,03/06/2026 20:43:57,23.03,259.12,,,,,
1198,03/06/2026 20:53:57,23.03,260.72,,,,,
1199,03/06/2026 21:03:57,22.99,263.84,,,,,
1200,03/06/2026 21:13:57,22.91,263.84,,,,,
1201,03/06/2026 21:23:57,22.86,240.88,,,,,
1202,03/06/2026 21:33:57,22.82,253.44,,,,,
1203,03/06/2026 21:43:57,22.73,164.48,,,,,
1204,03/06/2026 21:53:57,22.86,0.00,,,,,
1205,03/06/2026 22:03:57,22.73,0.00,,,,,
1206,03/06/2026 22:13:57,22.56,0.00,,,,,
1207,03/06/2026 22:23:57,22.48,0.00,,,,,
1208,03/06/2026 22:33:57,22.39,0.00,,,,,
1209,03/06/2026 22:43:57,22.48,0.00,,,,,
1210,03/06/2026 22:53:57,22.43,0.00,,,,,
1211,03/06/2026 23:03:57,22.39,0.00,,,,,
1212,03/06/2026 23:13:57,22.35,0.00,,,,,
1213,03/06/2026 23:23:57,22.39,0.00,,,,,
1214,03/06/2026 23:33:57,22.39,0.00,,,,,
1215,03/06/2026 23:43:57,22.35,0.00,,,,,
1216,03/06/2026 23:53:57,22.35,0.00,,,,,
1217,03/07/2026 00:03:57,22.39,0.00,,,,,
1218,03/07/2026 00:13:57,22.35,0.00,,,,,
1219,03/07/2026 00:23:57,22.35,0.00,,,,,
1220,03/07/2026 00:33:57,22.35,0.00,,,,,
1221,03/07/2026 00:43:57,22.31,0.00,,,,,
1222,03/07/2026 00:53:57,22.39,0.00,,,,,
1223,03/07/2026 01:03:57,22.39,0.00,,,,,
1224,03/07/2026 01:13:57,22.31,0.00,,,,,
1225,03/07/2026 01:23:57,22.39,0.19,,,,,
1226,03/07/2026 01:33:57,22.31,0.00,,,,,
1227,03/07/2026 01:43:57,22.39,0.00,,,,,
1228,03/07/2026 01:53:57,22.35,0.00,,,,,
1229,03/07/2026 02:03:57,22.35,0.00,,,,,
1230,03/07/2026 02:13:57,22.39,0.00,,,,,
1231,03/07/2026 02:23:57,22.35,0.00,,,,,
1232,03/07/2026 02:33:57,22.31,0.00,,,,,
1233,03/07/2026 02:43:57,22.43,0.00,,,,,
1234,03/07/2026 02:53:57,22.31,0.00,,,,,
1235,03/07/2026 03:03:57,22.39,0.00,,,,,
1236,03/07/2026 03:13:57,22.39,0.00,,,,,
1237,03/07/2026 03:23:57,22.31,0.00,,,,,
1238,03/07/2026 03:33:57,22.31,0.00,,,,,
1239,03/07/2026 03:43:57,22.35,0.00,,,,,
1240,03/07/2026 03:53:57,22.31,0.00,,,,,
1241,03/07/2026 04:03:57,22.31,0.00,,,,,
1242,03/07/2026 04:13:57,22.35,0.00,,,,,
1243,03/07/2026 04:23:57,22.31,0.00,,,,,
1244,03/07/2026 04:33:57,22.26,0.00,,,,,
1245,03/07/2026 04:43:57,22.35,0.00,,,,,
1246,03/07/2026 04:53:57,22.35,0.00,,,,,
1247,03/07/2026 05:03:57,22.31,0.00,,,,,
1248,03/07/2026 05:13:57,22.31,0.00,,,,,
1249,03/07/2026 05:23:57,22.26,0.00,,,,,
1250,03/07/2026 05:33:57,22.22,0.00,,,,,
1251,03/07/2026 05:43:57,22.26,0.00,,,,,
1252,03/07/2026 05:53:57,22.31,0.00,,,,,
1253,03/07/2026 06:03:57,22.26,0.00,,,,,
1254,03/07/2026 06:13:57,22.26,0.00,,,,,
1255,03/07/2026 06:23:57,22.26,0.00,,,,,
1256,03/07/2026 06:33:57,22.26,0.00,,,,,
1257,03/07/2026 06:43:57,22.22,1.56,,,,,
1258,03/07/2026 06:53:57,22.22,5.29,,,,,
1259,03/07/2026 07:03:57,22.18,9.43,,,,,
1260,03/07/2026 07:13:57,22.22,16.37,,,,,
1261,03/07/2026 07:23:57,22.13,24.87,,,,,
1262,03/07/2026 07:33:57,22.18,31.36,,,,,
1263,03/07/2026 07:43:57,22.18,43.22,,,,,
1264,03/07/2026 07:53:57,22.18,51.12,,,,,
1265,03/07/2026 08:03:57,22.18,51.30,,,,,
1266,03/07/2026 08:13:57,22.13,58.42,,,,,
1267,03/07/2026 08:23:57,22.22,60.76,,,,,
1268,03/07/2026 08:33:57,22.18,77.78,,,,,
1269,03/07/2026 08:43:57,22.09,55.06,,,,,
1270,03/07/2026 08:53:57,22.18,179.12,,,,,
1271,03/07/2026 09:03:57,22.18,130.24,,,,,
1272,03/07/2026 09:13:57,22.22,390.72,,,,,
1273,03/07/2026 09:23:57,22.39,344.32,,,,,
1274,03/07/2026 09:33:57,22.39,384.80,,,,,
1275,03/07/2026 09:43:57,22.43,371.20,,,,,
1276,03/07/2026 09:53:57,22.52,348.32,,,,,
1277,03/07/2026 10:03:57,22.52,372.80,,,,,
1278,03/07/2026 10:13:57,22.56,383.84,,,,,
1279,03/07/2026 10:23:57,22.56,480.32,,,,,
1280,03/07/2026 10:33:57,22.65,398.88,,,,,
1281,03/07/2026 10:43:57,22.78,432.16,,,,,
1282,03/07/2026 10:53:57,22.82,436.96,,,,,
1283,03/07/2026 11:03:57,22.86,454.40,,,,,
1284,03/07/2026 11:13:57,22.95,520.64,,,,,
1285,03/07/2026 11:23:57,22.95,453.60,,,,,
1286,03/07/2026 11:33:57,22.91,490.40,,,,,
1287,03/07/2026 11:43:57,22.95,477.12,,,,,
1288,03/07/2026 11:53:57,22.95,524.48,,,,,
1289,03/07/2026 12:03:57,22.91,527.68,,,,,
1290,03/07/2026 12:13:57,22.82,440.00,,,,,
1291,03/07/2026 12:23:57,22.82,473.92,,,,,
1292,03/07/2026 12:33:57,22.82,516.00,,,,,
1293,03/07/2026 12:43:57,22.91,477.92,,,,,
1294,03/07/2026 12:53:57,22.95,470.08,,,,,
1295,03/07/2026 13:03:57,22.91,489.60,,,,,
1296,03/07/2026 13:13:57,22.95,496.64,,,,,
1297,03/07/2026 13:23:57,22.99,451.04,,,,,
1298,03/07/2026 13:33:57,22.95,460.48,,,,,
1299,03/07/2026 13:43:57,23.03,483.36,,,,,
1300,03/07/2026 13:53:57,23.08,417.12,,,,,
1301,03/07/2026 14:03:57,23.08,471.68,,,,,
1302,03/07/2026 14:13:57,22.99,456.48,,,,,
1303,03/07/2026 14:23:57,23.03,452.64,,,,,
1304,03/07/2026 14:33:57,23.03,478.72,,,,,
1305,03/07/2026 14:43:57,23.03,409.92,,,,,
1306,03/07/2026 14:53:57,22.99,394.72,,,,,
1307,03/07/2026 15:03:57,22.86,271.28,,,,,
1308,03/07/2026 15:13:57,22.73,294.40,,,,,
1309,03/07/2026 15:23:57,22.69,217.68,,,,,
1310,03/07/2026 15:33:57,22.69,382.56,,,,,
1311,03/07/2026 15:43:57,22.61,220.00,,,,,
1312,03/07/2026 15:53:57,22.61,204.24,,,,,
1313,03/07/2026 16:03:57,22.56,167.28,,,,,
1314,03/07/2026 16:13:57,22.52,99.36,,,,,
1315,03/07/2026 16:23:57,22.43,50.50,,,,,
1316,03/07/2026 16:33:57,22.39,58.02,,,,,
1317,03/07/2026 16:43:57,22.43,48.32,,,,,
1318,03/07/2026 16:53:57,22.43,42.00,,,,,
1319,03/07/2026 17:03:57,22.52,34.11,,,,,
1320,03/07/2026 17:13:57,22.48,29.97,,,,,
1321,03/07/2026 17:23:57,22.48,28.99,,,,,
1322,03/07/2026 17:33:57,22.48,35.68,,,,,
1323,03/07/2026 17:43:57,22.48,15.92,,,,,
1324,03/07/2026 17:53:57,22.43,10.21,,,,,
1325,03/07/2026 18:03:57,22.39,12.40,,,,,
1326,03/07/2026 18:13:57,22.39,11.00,,,,,
1327,03/07/2026 18:23:57,22.35,7.44,,,,,
1328,03/07/2026 18:33:57,22.26,2.54,,,,,
1329,03/07/2026 18:43:57,22.22,0.39,,,,,
1330,03/07/2026 18:53:57,22.18,0.00,,,,,
1331,03/07/2026 19:03:57,22.18,0.00,,,,,
1332,03/07/2026 19:13:57,22.13,0.00,,,,,
1333,03/07/2026 19:23:57,22.13,0.00,,,,,
1334,03/07/2026 19:33:57,22.05,0.00,,,,,
1335,03/07/2026 19:43:57,22.05,0.00,,,,,
1336,03/07/2026 19:53:57,22.01,0.00,,,,,
1337,03/07/2026 20:03:57,22.01,0.00,,,,,
1338,03/07/2026 20:13:57,22.05,0.19,,,,,
1339,03/07/2026 20:23:57,22.13,0.00,,,,,
1340,03/07/2026 20:33:57,22.09,0.00,,,,,
1341,03/07/2026 20:43:57,22.01,0.00,,,,,
1342,03/07/2026 20:53:57,22.05,0.00,,,,,
1343,03/07/2026 21:03:57,22.01,0.00,,,,,
1344,03/07/2026 21:13:57,22.05,0.00,,,,,
1345,03/07/2026 21:23:57,22.01,0.00,,,,,
1346,03/07/2026 21:33:57,22.13,0.00,,,,,
1347,03/07/2026 21:43:57,22.09,0.00,,,,,
1348,03/07/2026 21:53:57,22.05,0.00,,,,,
1349,03/07/2026 22:03:57,22.01,0.00,,,,,
1350,03/07/2026 22:13:57,22.13,0.00,,,,,
1351,03/07/2026 22:23:57,22.22,0.00,,,,,
1352,03/07/2026 22:33:57,22.13,0.00,,,,,
1353,03/07/2026 22:43:57,22.13,0.00,,,,,
1354,03/07/2026 22:53:57,22.22,0.00,,,,,
1355,03/07/2026 23:03:57,22.13,0.00,,,,,
1356,03/07/2026 23:13:57,22.26,0.00,,,,,
1357,03/07/2026 23:23:57,22.18,0.00,,,,,
1358,03/07/2026 23:33:57,22.22,0.00,,,,,
1359,03/07/2026 23:43:57,22.26,0.00,,,,,
1360,03/07/2026 23:53:57,22.18,0.00,,,,,
1361,03/08/2026 00:03:57,22.22,0.00,,,,,
1362,03/08/2026 00:13:57,22.31,0.00,,,,,
1363,03/08/2026 00:23:57,22.18,0.00,,,,,
1364,03/08/2026 00:33:57,22.18,0.00,,,,,
1365,03/08/2026 00:43:57,22.22,0.00,,,,,
1366,03/08/2026 00:53:57,22.31,0.00,,,,,
1367,03/08/2026 01:03:57,22.22,0.00,,,,,
1368,03/08/2026 01:13:57,22.22,0.00,,,,,
1369,03/08/2026 01:23:57,22.26,0.00,,,,,
1370,03/08/2026 01:33:57,22.22,0.00,,,,,
1371,03/08/2026 01:43:57,22.18,0.00,,,,,
1372,03/08/2026 01:53:57,22.26,0.00,,,,,
1373,03/08/2026 02:03:57,22.18,0.00,,,,,
1374,03/08/2026 02:13:57,22.22,0.00,,,,,
1375,03/08/2026 02:23:57,22.22,0.00,,,,,
1376,03/08/2026 02:33:57,22.22,0.00,,,,,
1377,03/08/2026 02:43:57,22.22,0.00,,,,,
1378,03/08/2026 02:53:57,22.26,0.00,,,,,
1379,03/08/2026 03:03:57,22.18,0.00,,,,,
1380,03/08/2026 03:13:57,22.26,0.00,,,,,
1381,03/08/2026 03:23:57,22.26,0.00,,,,,
1382,03/08/2026 03:33:57,22.13,0.00,,,,,
1383,03/08/2026 03:43:57,22.18,0.00,,,,,
1384,03/08/2026 03:53:57,22.22,0.00,,,,,
1385,03/08/2026 04:03:57,22.18,0.00,,,,,
1386,03/08/2026 04:13:57,22.18,0.00,,,,,
1387,03/08/2026 04:23:57,22.22,0.00,,,,,
1388,03/08/2026 04:33:57,22.22,0.00,,,,,
1389,03/08/2026 04:43:57,22.22,0.00,,,,,
1390,03/08/2026 04:53:57,22.22,0.00,,,,,
1391,03/08/2026 05:03:57,22.26,0.00,,,,,
1392,03/08/2026 05:13:57,22.22,0.00,,,,,
1393,03/08/2026 05:23:57,22.18,0.00,,,,,
1394,03/08/2026 05:33:57,22.26,0.00,,,,,
1395,03/08/2026 05:43:57,22.22,0.00,,,,,
1396,03/08/2026 05:53:57,22.26,0.00,,,,,
1397,03/08/2026 06:03:57,22.18,0.00,,,,,
1398,03/08/2026 06:13:57,22.09,0.00,,,,,
1399,03/08/2026 06:23:57,22.09,0.00,,,,,
1400,03/08/2026 06:33:57,22.18,0.19,,,,,
1401,03/08/2026 06:43:57,22.09,1.56,,,,,
1402,03/08/2026 06:53:57,22.05,6.86,,,,,
1403,03/08/2026 07:03:57,22.18,14.58,,,,,
1404,03/08/2026 07:13:57,22.18,19.89,,,,,
1405,03/08/2026 07:23:57,22.18,67.98,,,,,
1406,03/08/2026 07:33:57,22.26,152.60,,,,,
1407,03/08/2026 07:43:57,22.31,90.84,,,,,
1408,03/08/2026 07:53:57,22.26,107.32,,,,,
1409,03/08/2026 08:03:57,22.31,206.32,,,,,
1410,03/08/2026 08:13:57,22.31,113.68,,,,,
1411,03/08/2026 08:23:57,22.26,208.64,,,,,
1412,03/08/2026 08:33:57,22.18,120.76,,,,,
1413,03/08/2026 08:43:57,22.18,146.04,,,,,
1414,03/08/2026 08:53:57,22.18,187.20,,,,,
1415,03/08/2026 09:03:57,22.22,157.20,,,,,
1416,03/08/2026 09:13:57,22.22,159.56,,,,,
1417,03/08/2026 09:23:57,22.22,191.12,,,,,
1418,03/08/2026 09:33:57,22.26,135.84,,,,,
1419,03/08/2026 09:43:57,22.31,255.28,,,,,
1420,03/08/2026 09:53:57,22.43,179.76,,,,,
1421,03/08/2026 10:03:57,22.39,206.24,,,,,
1422,03/08/2026 10:13:57,22.43,193.60,,,,,
1423,03/08/2026 10:23:57,22.48,199.04,,,,,
1424,03/08/2026 10:33:57,22.52,250.48,,,,,
1425,03/08/2026 10:43:57,22.52,205.36,,,,,
1426,03/08/2026 10:53:57,22.56,212.56,,,,,
1427,03/08/2026 11:03:57,22.65,208.56,,,,,
1428,03/08/2026 11:13:57,22.78,236.24,,,,,
1429,03/08/2026 11:23:57,22.78,290.08,,,,,
1430,03/08/2026 11:33:57,22.78,298.96,,,,,
1431,03/08/2026 11:43:57,22.73,295.04,,,,,
1432,03/08/2026 11:53:57,22.86,226.72,,,,,
1433,03/08/2026 12:03:57,22.82,322.48,,,,,
1434,03/08/2026 12:13:57,22.86,184.48,,,,,
1435,03/08/2026 12:23:57,22.82,179.04,,,,,
1436,03/08/2026 12:33:57,22.82,288.32,,,,,
1437,03/08/2026 12:43:57,22.86,401.28,,,,,
1438,03/08/2026 12:53:57,23.03,391.84,,,,,
1439,03/08/2026 13:03:57,23.12,424.16,,,,,
1440,03/08/2026 13:13:57,23.21,397.28,,,,,
1441,03/08/2026 13:23:57,23.29,251.04,,,,,
1442,03/08/2026 13:33:57,23.25,285.04,,,,,
1443,03/08/2026 13:43:57,23.34,343.36,,,,,
1444,03/08/2026 13:53:57,23.34,424.00,,,,,
1445,03/08/2026 14:03:57,23.34,232.00,,,,,
1446,03/08/2026 14:13:57,23.29,231.20,,,,,
1447,03/08/2026 14:23:57,23.25,251.04,,,,,
1448,03/08/2026 14:33:57,23.16,219.44,,,,,
1449,03/08/2026 14:43:57,23.12,218.56,,,,,
1450,03/08/2026 14:53:57,23.03,149.88,,,,,
1451,03/08/2026 15:03:57,22.95,161.84,,,,,
1452,03/08/2026 15:13:57,29.38,87613.44,,,,,
1453,03/08/2026 15:23:57,37.41,70983.68,,,,,
1454,03/08/2026 15:33:57,40.50,64122.88,,,,,
1455,03/08/2026 15:43:57,28.91,120.56,,,,,
1456,03/08/2026 15:53:57,24.84,102.40,,,,,
1457,03/08/2026 16:03:57,23.34,92.24,,,,,
1458,03/08/2026 16:13:57,24.19,3635.20,,,,,
1459,03/08/2026 16:23:57,26.51,4177.92,,,,,
1460,03/08/2026 16:33:57,26.47,2917.12,,,,,
1461,03/08/2026 16:43:57,26.30,3851.52,,,,,
1462,03/08/2026 16:53:57,26.17,3248.64,,,,,
1463,03/08/2026 17:03:57,25.95,3024.64,,,,,
1464,03/08/2026 17:13:57,25.78,1667.20,,,,,
1465,03/08/2026 17:23:57,25.52,1275.84,,,,,
1466,03/08/2026 17:33:57,25.35,842.56,,,,,
1467,03/08/2026 17:43:57,25.22,792.32,,,,,
1468,03/08/2026 17:53:57,25.01,497.12,,,,,
1469,03/08/2026 18:03:57,24.92,338.88,,,,,
1470,03/08/2026 18:13:57,24.84,231.68,,,,,
1471,03/08/2026 18:23:57,24.66,185.20,,,,,
1472,03/08/2026 18:33:57,24.58,74.44,,,,,
1473,03/08/2026 18:43:57,24.41,16.12,,,,,
1474,03/08/2026 18:53:57,24.32,1.56,,,,,
1475,03/08/2026 19:03:57,24.24,0.00,,,,,
1476,03/08/2026 19:13:57,24.15,0.00,,,,,
1477,03/08/2026 19:23:57,24.02,0.00,,,,,
1478,03/08/2026 19:33:57,23.94,0.00,,,,,
1479,03/08/2026 19:43:57,23.85,0.00,,,,,
1480,03/08/2026 19:53:57,23.72,0.00,,,,,
1481,03/08/2026 20:03:57,23.68,0.00,,,,,
1482,03/08/2026 20:13:57,23.64,0.00,,,,,
1483,03/08/2026 20:23:57,23.55,0.00,,,,,
1484,03/08/2026 20:33:57,23.55,0.00,,,,,
1485,03/08/2026 20:43:57,23.46,0.00,,,,,
1486,03/08/2026 20:53:57,23.46,0.00,,,,,
1487,03/08/2026 21:03:57,23.46,0.00,,,,,
1488,03/08/2026 21:13:57,23.38,0.00,,,,,
1489,03/08/2026 21:23:57,23.38,0.00,,,,,
1490,03/08/2026 21:33:57,23.29,0.00,,,,,
1491,03/08/2026 21:43:57,23.29,0.00,,,,,
1492,03/08/2026 21:53:57,23.25,0.00,,,,,
1493,03/08/2026 22:03:57,23.25,0.00,,,,,
1494,03/08/2026 22:13:57,23.21,0.00,,,,,
1495,03/08/2026 22:23:57,23.16,0.00,,,,,
1496,03/08/2026 22:33:57,23.16,0.00,,,,,
1497,03/08/2026 22:43:57,23.08,0.00,,,,,
1498,03/08/2026 22:53:57,23.03,0.00,,,,,
1499,03/08/2026 23:03:57,23.03,0.00,,,,,
1500,03/08/2026 23:13:57,23.03,0.00,,,,,
1501,03/08/2026 23:23:57,23.03,0.00,,,,,
1502,03/08/2026 23:33:57,22.95,0.00,,,,,
1503,03/08/2026 23:43:57,22.95,0.00,,,,,
1504,03/08/2026 23:53:57,22.95,0.00,,,,,
1505,03/09/2026 00:03:57,22.95,0.00,,,,,
1506,03/09/2026 00:13:57,22.91,0.00,,,,,
1507,03/09/2026 00:23:57,22.91,0.00,,,,,
1508,03/09/2026 00:33:57,22.95,0.00,,,,,
1509,03/09/2026 00:43:57,22.91,0.00,,,,,
1510,03/09/2026 00:53:57,22.91,0.00,,,,,
1511,03/09/2026 01:03:57,22.91,0.00,,,,,
1512,03/09/2026 01:13:57,22.95,0.00,,,,,
1513,03/09/2026 01:23:57,22.86,0.00,,,,,
1514,03/09/2026 01:33:57,22.86,0.00,,,,,
1515,03/09/2026 01:43:57,22.86,0.00,,,,,
1516,03/09/2026 01:53:57,22.82,0.00,,,,,
1517,03/09/2026 02:03:57,22.82,0.00,,,,,
1518,03/09/2026 02:13:57,22.78,0.00,,,,,
1519,03/09/2026 02:23:57,22.78,0.00,,,,,
1520,03/09/2026 02:33:57,22.78,0.00,,,,,
1521,03/09/2026 02:43:57,22.78,0.00,,,,,
1522,03/09/2026 02:53:57,22.73,0.00,,,,,
1523,03/09/2026 03:03:57,22.78,0.00,,,,,
1524,03/09/2026 03:13:57,22.73,0.00,,,,,
1525,03/09/2026 03:23:57,22.78,0.00,,,,,
1526,03/09/2026 03:33:57,22.73,0.00,,,,,
1527,03/09/2026 03:43:57,22.69,0.00,,,,,
1528,03/09/2026 03:53:57,22.69,0.00,,,,,
1529,03/09/2026 04:03:57,22.65,0.00,,,,,
1530,03/09/2026 04:13:57,22.69,0.00,,,,,
1531,03/09/2026 04:23:57,22.69,0.00,,,,,
1532,03/09/2026 04:33:57,22.69,0.00,,,,,
1533,03/09/2026 04:43:57,22.61,0.00,,,,,
1534,03/09/2026 04:53:57,22.61,0.00,,,,,
1535,03/09/2026 05:03:57,22.61,0.00,,,,,
1536,03/09/2026 05:13:57,22.65,0.00,,,,,
1537,03/09/2026 05:23:57,22.56,0.00,,,,,
1538,03/09/2026 05:33:57,22.56,0.00,,,,,
1539,03/09/2026 05:43:57,22.56,0.00,,,,,
1540,03/09/2026 05:53:57,22.56,0.00,,,,,
1541,03/09/2026 06:03:57,22.56,0.00,,,,,
1542,03/09/2026 06:13:57,22.52,0.19,,,,,
1543,03/09/2026 06:23:57,22.56,0.39,,,,,
1544,03/09/2026 06:33:57,22.52,8.82,,,,,
1545,03/09/2026 06:43:57,22.48,62.68,,,,,
1546,03/09/2026 06:53:57,22.48,178.96,,,,,
1547,03/09/2026 07:03:57,22.43,454.24,,,,,
1548,03/09/2026 07:13:57,22.52,726.72,,,,,
1549,03/09/2026 07:23:57,22.52,940.80,,,,,
1550,03/09/2026 07:33:57,22.56,1191.04,,,,,
1551,03/09/2026 07:43:57,22.61,1026.24,,,,,
1552,03/09/2026 07:53:57,22.61,988.80,,,,,
1553,03/09/2026 08:03:57,22.69,1550.08,,,,,
1554,03/09/2026 08:13:57,22.78,2673.92,,,,,
1555,03/09/2026 08:23:57,22.86,2831.36,,,,,
1556,03/09/2026 08:33:57,23.03,2851.84,,,,,
1557,03/09/2026 08:43:57,23.21,2840.32,,,,,
1558,03/09/2026 08:53:57,23.29,3459.84,,,,,
1559,03/09/2026 09:03:57,23.38,5975.04,,,,,
1560,03/09/2026 09:13:57,23.46,2918.40,,,,,
1561,03/09/2026 09:23:57,23.55,2598.40,,,,,
1562,03/09/2026 09:33:57,23.59,2408.96,,,,,
1563,03/09/2026 09:43:57,23.68,2200.32,,,,,
1564,03/09/2026 09:53:57,23.85,1806.72,,,,,
1565,03/09/2026 10:03:57,24.02,1671.68,,,,,
1566,03/09/2026 10:13:57,24.24,1665.28,,,,,
1567,03/09/2026 10:23:57,24.45,1724.80,,,,,
1568,03/09/2026 10:33:57,24.66,1969.92,,,,,
1569,03/09/2026 10:43:57,24.84,2392.96,,,,,
1570,03/09/2026 10:53:57,25.14,4143.36,,,,,
1571,03/09/2026 11:03:57,25.35,6768.64,,,,,
1572,03/09/2026 11:13:57,25.48,5075.20,,,,,
1573,03/09/2026 11:23:57,25.35,3779.84,,,,,
1574,03/09/2026 11:33:57,25.27,3317.76,,,,,
1575,03/09/2026 11:43:57,25.18,5265.92,,,,,
1576,03/09/2026 11:53:57,25.18,4647.68,,,,,
1577,03/09/2026 12:03:57,25.35,4707.84,,,,,
1578,03/09/2026 12:13:57,25.65,5002.24,,,,,
1579,03/09/2026 12:23:57,25.91,5516.80,,,,,
1580,03/09/2026 12:33:57,26.08,5557.76,,,,,
1581,03/09/2026 12:43:57,26.25,6336.00,,,,,
1582,03/09/2026 12:53:57,26.47,4893.44,,,,,
1583,03/09/2026 13:03:57,26.64,8248.32,,,,,
1584,03/09/2026 13:13:57,26.90,19921.92,,,,,
1585,03/09/2026 13:23:57,27.32,57425.92,,,,,
1586,03/09/2026 13:33:57,27.67,55398.40,,,,,
1587,03/09/2026 13:43:57,28.05,56401.92,,,,,
1588,03/09/2026 13:53:57,28.14,44728.32,,,,,
1589,03/09/2026 14:03:57,28.35,47697.92,,,,,
1590,03/09/2026 14:13:57,28.23,39495.68,,,,,
1591,03/09/2026 14:23:57,28.44,26357.76,,,,,
1592,03/09/2026 14:33:57,27.84,4893.44,,,,,
1593,03/09/2026 14:43:57,28.01,32911.36,,,,,
1594,03/09/2026 14:53:57,27.71,15334.40,,,,,
1595,03/09/2026 15:03:57,28.14,23193.60,,,,,
1596,03/09/2026 15:13:57,27.80,18979.84,,,,,
1597,03/09/2026 15:23:57,27.71,14044.16,,,,,
1598,03/09/2026 15:33:57,27.67,12318.72,,,,,
1599,03/09/2026 15:43:57,27.41,6254.08,,,,,
1600,03/09/2026 15:53:57,27.20,5726.72,,,,,
1601,03/09/2026 16:03:57,27.11,6955.52,,,,,
1602,03/09/2026 16:13:57,26.94,4424.96,,,,,
1603,03/09/2026 16:23:57,26.90,4961.28,,,,,
1604,03/09/2026 16:33:57,26.68,2986.24,,,,,
1605,03/09/2026 16:43:57,26.47,2463.36,,,,,
1606,03/09/2026 16:53:57,26.21,3362.56,,,,,
1607,03/09/2026 17:03:57,25.95,2385.28,,,,,
1608,03/09/2026 17:13:57,25.78,1679.36,,,,,
1609,03/09/2026 17:23:57,25.61,1488.00,,,,,
1610,03/09/2026 17:33:57,25.52,933.12,,,,,
1611,03/09/2026 17:43:57,25.35,900.16,,,,,
1612,03/09/2026 17:53:57,25.22,623.04,,,,,
1613,03/09/2026 18:03:57,25.18,436.80,,,,,
1614,03/09/2026 18:13:57,25.05,245.12,,,,,
1615,03/09/2026 18:23:57,24.92,130.76,,,,,
1616,03/09/2026 18:33:57,24.84,56.72,,,,,
1617,03/09/2026 18:43:57,24.79,17.88,,,,,
1618,03/09/2026 18:53:57,24.71,5.68,,,,,
1619,03/09/2026 19:03:57,24.54,0.19,,,,,
1620,03/09/2026 19:13:57,24.41,0.00,,,,,
1621,03/09/2026 19:23:57,24.28,0.00,,,,,
1622,03/09/2026 19:33:57,24.28,0.00,,,,,
1623,03/09/2026 19:43:57,24.19,0.00,,,,,
1624,03/09/2026 19:53:57,24.15,0.00,,,,,
1625,03/09/2026 20:03:57,24.15,0.00,,,,,
1626,03/09/2026 20:13:57,24.19,0.00,,,,,
1627,03/09/2026 20:23:57,24.11,0.00,,,,,
1628,03/09/2026 20:33:57,24.11,0.00,,,,,
1629,03/09/2026 20:43:57,24.11,0.00,,,,,
1630,03/09/2026 20:53:57,24.11,0.00,,,,,
1631,03/09/2026 21:03:57,24.11,0.00,,,,,
1632,03/09/2026 21:13:57,24.06,0.00,,,,,
1633,03/09/2026 21:23:57,24.02,0.00,,,,,
1634,03/09/2026 21:33:57,24.06,0.00,,,,,
1635,03/09/2026 21:43:57,24.06,0.00,,,,,
1636,03/09/2026 21:53:57,24.06,0.00,,,,,
1637,03/09/2026 22:03:57,24.11,0.00,,,,,
1638,03/09/2026 22:13:57,24.06,0.00,,,,,
1639,03/09/2026 22:23:57,24.11,0.00,,,,,
1640,03/09/2026 22:33:57,24.06,0.00,,,,,
1641,03/09/2026 22:43:57,24.06,0.00,,,,,
1642,03/09/2026 22:53:57,24.02,0.00,,,,,
1643,03/09/2026 23:03:57,23.98,0.00,,,,,
1644,03/09/2026 23:13:57,24.02,0.00,,,,,
1645,03/09/2026 23:23:57,23.98,0.00,,,,,
1646,03/09/2026 23:33:57,24.06,0.00,,,,,
1647,03/09/2026 23:43:57,23.98,0.00,,,,,
1648,03/09/2026 23:53:57,23.98,0.00,,,,,
1649,03/10/2026 00:03:57,23.94,0.00,,,,,
1650,03/10/2026 00:13:57,23.94,0.00,,,,,
1651,03/10/2026 00:23:57,23.94,0.00,,,,,
1652,03/10/2026 00:33:57,23.98,0.00,,,,,
1653,03/10/2026 00:43:57,23.94,0.00,,,,,
1654,03/10/2026 00:53:57,23.94,0.00,,,,,
1655,03/10/2026 01:03:57,23.89,0.00,,,,,
1656,03/10/2026 01:13:57,23.89,0.00,,,,,
1657,03/10/2026 01:23:57,23.89,0.00,,,,,
1658,03/10/2026 01:33:57,23.89,0.00,,,,,
1659,03/10/2026 01:43:57,23.85,0.00,,,,,
1660,03/10/2026 01:53:57,23.85,0.00,,,,,
1661,03/10/2026 02:03:57,23.85,0.00,,,,,
1662,03/10/2026 02:13:57,23.85,0.00,,,,,
1663,03/10/2026 02:23:57,23.81,0.00,,,,,
1664,03/10/2026 02:33:57,23.81,0.00,,,,,
1665,03/10/2026 02:43:57,23.81,0.00,,,,,
1666,03/10/2026 02:53:57,23.76,0.00,,,,,
1667,03/10/2026 03:03:57,23.81,0.00,,,,,
1668,03/10/2026 03:13:57,23.81,0.00,,,,,
1669,03/10/2026 03:23:57,23.76,0.00,,,,,
1670,03/10/2026 03:33:57,23.72,0.00,,,,,
1671,03/10/2026 03:43:57,23.72,0.00,,,,,
1672,03/10/2026 03:53:57,23.72,0.00,,,,,
1673,03/10/2026 04:03:57,23.72,0.00,,,,,
1674,03/10/2026 04:13:57,23.68,0.00,,,,,
1675,03/10/2026 04:23:57,23.72,0.00,,,,,
1676,03/10/2026 04:33:57,23.64,0.00,,,,,
1677,03/10/2026 04:43:57,23.59,0.00,,,,,
1678,03/10/2026 04:53:57,23.64,0.00,,,,,
1679,03/10/2026 05:03:57,23.64,0.00,,,,,
1680,03/10/2026 05:13:57,23.59,0.00,,,,,
1681,03/10/2026 05:23:57,23.55,0.00,,,,,
1682,03/10/2026 05:33:57,23.59,0.00,,,,,
1683,03/10/2026 05:43:57,23.55,0.00,,,,,
1684,03/10/2026 05:53:57,23.59,0.00,,,,,
1685,03/10/2026 06:03:57,23.55,0.00,,,,,
1686,03/10/2026 06:13:57,23.51,0.00,,,,,
1687,03/10/2026 06:23:57,23.51,0.58,,,,,
1688,03/10/2026 06:33:57,23.46,7.05,,,,,
1689,03/10/2026 06:43:57,23.46,40.80,,,,,
1690,03/10/2026 06:53:57,23.51,131.64,,,,,
1691,03/10/2026 07:03:57,23.51,291.92,,,,,
1692,03/10/2026 07:13:57,23.55,397.28,,,,,
1693,03/10/2026 07:23:57,23.55,516.32,,,,,
1694,03/10/2026 07:33:57,23.59,816.96,,,,,
1695,03/10/2026 07:43:57,23.55,1108.80,,,,,
1696,03/10/2026 07:53:57,23.68,922.88,,,,,
1697,03/10/2026 08:03:57,23.72,1120.32,,,,,
1698,03/10/2026 08:13:57,23.76,1471.36,,,,,
1699,03/10/2026 08:23:57,23.81,1870.72,,,,,
1700,03/10/2026 08:33:57,23.94,2222.08,,,,,
1701,03/10/2026 08:43:57,24.11,2716.16,,,,,
1702,03/10/2026 08:53:57,24.19,2515.20,,,,,
1703,03/10/2026 09:03:57,24.28,2175.36,,,,,
1704,03/10/2026 09:13:57,24.28,1978.88,,,,,
1705,03/10/2026 09:23:57,24.45,2812.16,,,,,
1706,03/10/2026 09:33:57,24.49,3336.96,,,,,
1707,03/10/2026 09:43:57,24.58,3339.52,,,,,
1708,03/10/2026 09:53:57,24.75,3559.68,,,,,
1709,03/10/2026 10:03:57,24.88,3575.04,,,,,
1710,03/10/2026 10:13:57,24.92,2556.16,,,,,
1711,03/10/2026 10:23:57,25.18,4682.24,,,,,
1712,03/10/2026 10:33:57,25.44,4779.52,,,,,
1713,03/10/2026 10:43:57,25.44,4500.48,,,,,
1714,03/10/2026 10:53:57,25.39,4227.84,,,,,
1715,03/10/2026 11:03:57,25.61,5708.80,,,,,
1716,03/10/2026 11:13:57,25.69,6085.12,,,,,
1717,03/10/2026 11:23:57,25.82,4660.48,,,,,
1718,03/10/2026 11:33:57,25.87,5972.48,,,,,
1719,03/10/2026 11:43:57,25.99,6200.32,,,,,
1720,03/10/2026 11:53:57,26.12,6118.40,,,,,
1721,03/10/2026 12:03:57,26.21,6894.08,,,,,
1722,03/10/2026 12:13:57,26.42,6955.52,,,,,
1723,03/10/2026 12:23:57,26.77,17402.88,,,,,
1724,03/10/2026 12:33:57,26.55,6955.52,,,,,
1725,03/10/2026 12:43:57,26.64,9169.92,,,,,
1726,03/10/2026 12:53:57,26.77,9044.48,,,,,
1727,03/10/2026 13:03:57,26.85,6059.52,,,,,
1728,03/10/2026 13:13:57,26.98,7997.44,,,,,
1729,03/10/2026 13:23:57,27.24,15078.40,,,,,
1730,03/10/2026 13:33:57,27.41,11304.96,,,,,
1731,03/10/2026 13:43:57,27.28,6492.16,,,,,
1732,03/10/2026 13:53:57,27.41,5493.76,,,,,
1733,03/10/2026 14:03:57,27.28,3562.24,,,,,
1734,03/10/2026 14:13:57,27.24,3816.96,,,,,
1735,03/10/2026 14:23:57,27.20,3475.20,,,,,
1736,03/10/2026 14:33:57,27.15,3791.36,,,,,
1737,03/10/2026 14:43:57,27.11,3804.16,,,,,
1738,03/10/2026 14:53:57,27.02,3713.28,,,,,
1739,03/10/2026 15:03:57,27.02,3650.56,,,,,
1740,03/10/2026 15:13:57,26.94,2667.52,,,,,
1741,03/10/2026 15:23:57,26.81,1941.12,,,,,
1742,03/10/2026 15:33:57,26.68,1792.64,,,,,
1743,03/10/2026 15:43:57,26.60,1683.84,,,,,
1744,03/10/2026 15:53:57,26.55,1552.64,,,,,
1745,03/10/2026 16:03:57,26.47,1354.88,,,,,
1746,03/10/2026 16:13:57,26.34,1326.72,,,,,
1747,03/10/2026 16:23:57,26.25,1078.08,,,,,
1748,03/10/2026 16:33:57,26.17,1157.44,,,,,
1749,03/10/2026 16:43:57,26.08,1313.92,,,,,
1750,03/10/2026 16:53:57,25.99,753.60,,,,,
1751,03/10/2026 17:03:57,25.91,754.24,,,,,
1752,03/10/2026 17:13:57,25.82,536.00,,,,,
1753,03/10/2026 17:23:57,25.74,469.60,,,,,
1754,03/10/2026 17:33:57,25.65,375.20,,,,,
1755,03/10/2026 17:43:57,25.52,308.16,,,,,
1756,03/10/2026 17:53:57,25.44,226.96,,,,,
1757,03/10/2026 18:03:57,25.39,156.04,,,,,
1758,03/10/2026 18:13:57,25.31,90.20,,,,,
1759,03/10/2026 18:23:57,25.22,124.48,,,,,
1760,03/10/2026 18:33:57,25.09,56.90,,,,,
1761,03/10/2026 18:43:57,25.09,6.27,,,,,
1762,03/10/2026 18:53:57,25.01,0.39,,,,,
1763,03/10/2026 19:03:57,25.01,0.00,,,,,
1764,03/10/2026 19:13:57,24.92,0.00,,,,,
1765,03/10/2026 19:23:57,24.79,0.00,,,,,
1766,03/10/2026 19:33:57,24.79,0.00,,,,,
1767,03/10/2026 19:43:57,24.66,0.00,,,,,
1768,03/10/2026 19:53:57,24.66,0.00,,,,,
1769,03/10/2026 20:03:57,24.58,0.00,,,,,
1770,03/10/2026 20:13:57,24.54,0.00,,,,,
1771,03/10/2026 20:23:57,24.45,0.00,,,,,
1772,03/10/2026 20:33:57,24.41,0.00,,,,,
1773,03/10/2026 20:43:57,24.36,0.00,,,,,
1774,03/10/2026 20:53:57,24.28,0.00,,,,,
1775,03/10/2026 21:03:57,24.24,0.00,,,,,
1776,03/10/2026 21:13:57,24.24,0.00,,,,,
1777,03/10/2026 21:23:57,24.11,0.00,,,,,
1778,03/10/2026 21:33:57,24.15,0.00,,,,,
1779,03/10/2026 21:43:57,24.06,0.00,,,,,
1780,03/10/2026 21:53:57,23.98,0.00,,,,,
1781,03/10/2026 22:03:57,24.02,0.00,,,,,
1782,03/10/2026 22:13:57,23.98,0.00,,,,,
1783,03/10/2026 22:23:57,23.89,0.00,,,,,
1784,03/10/2026 22:33:57,23.89,0.00,,,,,
1785,03/10/2026 22:43:57,23.85,0.00,,,,,
1786,03/10/2026 22:53:57,23.89,0.00,,,,,
1787,03/10/2026 23:03:57,23.81,0.00,,,,,
1788,03/10/2026 23:13:57,23.85,0.00,,,,,
1789,03/10/2026 23:23:57,23.81,0.00,,,,,
1790,03/10/2026 23:33:57,23.76,0.00,,,,,
1791,03/10/2026 23:43:57,23.76,0.00,,,,,
1792,03/10/2026 23:53:57,23.76,0.00,,,,,
1793,03/11/2026 00:03:57,23.76,0.00,,,,,
1794,03/11/2026 00:13:57,23.76,0.00,,,,,
1795,03/11/2026 00:23:57,23.81,0.00,,,,,
1796,03/11/2026 00:33:57,23.85,0.00,,,,,
1797,03/11/2026 00:43:57,23.76,0.00,,,,,
1798,03/11/2026 00:53:57,23.72,0.00,,,,,
1799,03/11/2026 01:03:57,23.76,0.00,,,,,
1800,03/11/2026 01:13:57,23.72,0.00,,,,,
1801,03/11/2026 01:23:57,23.76,0.00,,,,,
1802,03/11/2026 01:33:57,23.72,0.00,,,,,
1803,03/11/2026 01:43:57,23.72,0.00,,,,,
1804,03/11/2026 01:53:57,23.72,0.00,,,,,
1805,03/11/2026 02:03:57,23.68,0.00,,,,,
1806,03/11/2026 02:13:57,23.64,0.00,,,,,
1807,03/11/2026 02:23:57,23.59,0.00,,,,,
1808,03/11/2026 02:33:57,23.55,0.00,,,,,
1809,03/11/2026 02:43:57,23.42,0.00,,,,,
1810,03/11/2026 02:53:57,23.38,0.00,,,,,
1811,03/11/2026 03:03:57,23.25,0.00,,,,,
1812,03/11/2026 03:13:57,23.08,0.00,,,,,
1813,03/11/2026 03:23:57,23.03,0.00,,,,,
1814,03/11/2026 03:33:57,22.99,0.00,,,,,
1815,03/11/2026 03:43:57,22.95,0.00,,,,,
1816,03/11/2026 03:53:57,22.95,0.00,,,,,
1817,03/11/2026 04:03:57,22.95,0.00,,,,,
1818,03/11/2026 04:13:57,22.95,0.00,,,,,
1819,03/11/2026 04:23:57,22.86,0.00,,,,,
1820,03/11/2026 04:33:57,22.82,0.00,,,,,
1821,03/11/2026 04:43:57,22.69,0.00,,,,,
1822,03/11/2026 04:53:57,22.69,0.00,,,,,
1823,03/11/2026 05:03:57,22.69,0.00,,,,,
1824,03/11/2026 05:13:57,22.69,0.00,,,,,
1825,03/11/2026 05:23:57,22.73,0.00,,,,,
1826,03/11/2026 05:33:57,22.69,0.00,,,,,
1827,03/11/2026 05:43:57,22.73,0.00,,,,,
1828,03/11/2026 05:53:57,22.69,0.00,,,,,
1829,03/11/2026 06:03:57,22.69,0.00,,,,,
1830,03/11/2026 06:13:57,22.61,0.00,,,,,
1831,03/11/2026 06:23:57,22.56,0.00,,,,,
1832,03/11/2026 06:33:57,22.56,1.76,,,,,
1833,03/11/2026 06:43:57,22.56,10.58,,,,,
1834,03/11/2026 06:53:57,22.56,23.23,,,,,
1835,03/11/2026 07:03:57,22.61,123.68,,,,,
1836,03/11/2026 07:13:57,22.61,131.52,,,,,
1837,03/11/2026 07:23:57,22.65,238.72,,,,,
1838,03/11/2026 07:33:57,22.65,221.52,,,,,
1839,03/11/2026 07:43:57,22.69,179.68,,,,,
1840,03/11/2026 07:53:57,22.69,351.52,,,,,
1841,03/11/2026 08:03:57,22.65,800.00,,,,,
1842,03/11/2026 08:13:57,22.73,762.88,,,,,
1843,03/11/2026 08:23:57,22.73,791.36,,,,,
1844,03/11/2026 08:33:57,22.73,485.28,,,,,
1845,03/11/2026 08:43:57,22.78,1407.36,,,,,
1846,03/11/2026 08:53:57,22.91,3440.64,,,,,
1847,03/11/2026 09:03:57,22.95,2786.56,,,,,
1848,03/11/2026 09:13:57,23.03,4318.72,,,,,
1849,03/11/2026 09:23:57,23.25,6115.84,,,,,
1850,03/11/2026 09:33:57,23.38,5532.16,,,,,
1851,03/11/2026 09:43:57,23.46,4541.44,,,,,
1852,03/11/2026 09:53:57,23.55,5683.20,,,,,
1853,03/11/2026 10:03:57,23.72,7157.76,,,,,
1854,03/11/2026 10:13:57,23.89,7068.16,,,,,
1855,03/11/2026 10:23:57,24.19,7244.80,,,,,
1856,03/11/2026 10:33:57,24.36,5826.56,,,,,
1857,03/11/2026 10:43:57,24.45,5253.12,,,,,
1858,03/11/2026 10:53:57,24.41,5075.20,,,,,
1859,03/11/2026 11:03:57,24.49,4416.00,,,,,
1860,03/11/2026 11:13:57,24.45,2835.20,,,,,
1861,03/11/2026 11:23:57,24.45,3619.84,,,,,
1862,03/11/2026 11:33:57,24.45,3043.84,,,,,
1863,03/11/2026 11:43:57,24.58,8424.96,,,,,
1864,03/11/2026 11:53:57,24.84,9891.84,,,,,
1865,03/11/2026 12:03:57,25.01,9246.72,,,,,
1866,03/11/2026 12:13:57,25.18,7124.48,,,,,
1867,03/11/2026 12:23:57,25.35,8706.56,,,,,
1868,03/11/2026 12:33:57,25.52,15713.28,,,,,
1869,03/11/2026 12:43:57,25.74,18396.16,,,,,
1870,03/11/2026 12:53:57,26.17,11709.44,,,,,
1871,03/11/2026 13:03:57,26.17,9671.68,,,,,
1872,03/11/2026 13:13:57,27.15,46407.68,,,,,
1873,03/11/2026 13:23:57,27.24,16107.52,,,,,
1874,03/11/2026 13:33:57,27.32,9497.60,,,,,
1875,03/11/2026 13:43:57,26.98,6461.44,,,,,
1876,03/11/2026 13:53:57,26.81,6691.84,,,,,
1877,03/11/2026 14:03:57,26.94,6748.16,,,,,
1878,03/11/2026 14:13:57,27.71,59822.08,,,,,
1879,03/11/2026 14:23:57,27.75,51200.00,,,,,
1880,03/11/2026 14:33:57,28.01,67133.44,,,,,
1881,03/11/2026 14:43:57,27.07,5306.88,,,,,
1882,03/11/2026 14:53:57,26.98,5319.68,,,,,
1883,03/11/2026 15:03:57,26.94,6755.84,,,,,
1884,03/11/2026 15:13:57,26.94,8148.48,,,,,
1885,03/11/2026 15:23:57,26.85,3559.68,,,,,
1886,03/11/2026 15:33:57,26.81,6453.76,,,,,
1887,03/11/2026 15:43:57,27.07,8061.44,,,,,
1888,03/11/2026 15:53:57,26.68,5099.52,,,,,
1889,03/11/2026 16:03:57,26.55,2531.20,,,,,
1890,03/11/2026 16:13:57,26.47,2922.24,,,,,
1891,03/11/2026 16:23:57,26.47,2758.40,,,,,
1892,03/11/2026 16:33:57,26.34,3093.76,,,,,
1893,03/11/2026 16:43:57,26.25,3816.96,,,,,
1894,03/11/2026 16:53:57,26.17,1870.72,,,,,
1895,03/11/2026 17:03:57,26.17,3773.44,,,,,
1896,03/11/2026 17:13:57,25.95,1633.28,,,,,
1897,03/11/2026 17:23:57,25.95,1241.28,,,,,
1898,03/11/2026 17:33:57,25.82,1206.72,,,,,
1899,03/11/2026 17:43:57,25.69,436.80,,,,,
1900,03/11/2026 17:53:57,25.61,364.80,,,,,
1901,03/11/2026 18:03:57,25.52,227.60,,,,,
1902,03/11/2026 18:13:57,25.44,189.12,,,,,
1903,03/11/2026 18:23:57,25.31,187.68,,,,,
1904,03/11/2026 18:33:57,25.22,54.36,,,,,
1905,03/11/2026 18:43:57,25.18,19.85,,,,,
1906,03/11/2026 18:53:57,25.09,2.15,,,,,
1907,03/11/2026 19:03:57,25.05,0.00,,,,,
1908,03/11/2026 19:13:57,24.92,0.00,,,,,
1909,03/11/2026 19:23:57,24.88,0.00,,,,,
1910,03/11/2026 19:33:57,24.84,0.00,,,,,
1911,03/11/2026 19:43:57,24.79,0.00,,,,,
1912,03/11/2026 19:53:57,24.75,0.00,,,,,
1913,03/11/2026 20:03:57,24.62,0.00,,,,,
1914,03/11/2026 20:13:57,24.62,0.00,,,,,
1915,03/11/2026 20:23:57,24.54,0.00,,,,,
1916,03/11/2026 20:33:57,24.54,0.00,,,,,
1917,03/11/2026 20:43:57,24.49,0.00,,,,,
1918,03/11/2026 20:53:57,24.45,0.00,,,,,
1919,03/11/2026 21:03:57,24.49,0.00,,,,,
1920,03/11/2026 21:13:57,24.41,0.00,,,,,
1921,03/11/2026 21:23:57,24.36,0.00,,,,,
1922,03/11/2026 21:33:57,24.41,0.00,,,,,
1923,03/11/2026 21:43:57,24.32,0.00,,,,,
1924,03/11/2026 21:53:57,24.41,0.00,,,,,
1925,03/11/2026 22:03:57,24.36,0.00,,,,,
1926,03/11/2026 22:13:57,24.28,0.00,,,,,
1927,03/11/2026 22:23:57,24.28,0.00,,,,,
1928,03/11/2026 22:33:57,24.24,0.00,,,,,
1929,03/11/2026 22:43:57,24.19,0.00,,,,,
1930,03/11/2026 22:53:57,24.15,0.00,,,,,
1931,03/11/2026 23:03:57,24.15,0.00,,,,,
1932,03/11/2026 23:13:57,24.15,0.00,,,,,
1933,03/11/2026 23:23:57,24.15,0.00,,,,,
1934,03/11/2026 23:33:57,24.11,0.00,,,,,
1935,03/11/2026 23:43:57,24.11,0.00,,,,,
1936,03/11/2026 23:53:57,24.11,0.00,,,,,
1937,03/12/2026 00:03:57,24.06,0.00,,,,,
1938,03/12/2026 00:13:57,24.06,0.00,,,,,
1939,03/12/2026 00:23:57,24.11,0.00,,,,,
1940,03/12/2026 00:33:57,24.06,0.00,,,,,
1941,03/12/2026 00:43:57,24.11,0.00,,,,,
1942,03/12/2026 00:53:57,24.06,0.00,,,,,
1943,03/12/2026 01:03:57,24.06,0.00,,,,,
1944,03/12/2026 01:13:57,24.06,0.00,,,,,
1945,03/12/2026 01:23:57,24.06,0.00,,,,,
1946,03/12/2026 01:33:57,24.02,0.00,,,,,
1947,03/12/2026 01:43:57,24.06,0.00,,,,,
1948,03/12/2026 01:53:57,24.06,0.00,,,,,
1949,03/12/2026 02:03:57,24.02,0.00,,,,,
1950,03/12/2026 02:13:57,24.06,0.00,,,,,
1951,03/12/2026 02:23:57,24.02,0.00,,,,,
1952,03/12/2026 02:33:57,24.02,0.00,,,,,
1953,03/12/2026 02:43:57,24.02,0.00,,,,,
1954,03/12/2026 02:53:57,24.06,0.00,,,,,
1955,03/12/2026 03:03:57,24.02,0.00,,,,,
1956,03/12/2026 03:13:57,24.02,0.00,,,,,
1957,03/12/2026 03:23:57,24.02,0.00,,,,,
1958,03/12/2026 03:33:57,24.02,0.00,,,,,
1959,03/12/2026 03:43:57,23.98,0.00,,,,,
1960,03/12/2026 03:53:57,24.06,0.00,,,,,
1961,03/12/2026 04:03:57,24.02,0.00,,,,,
1962,03/12/2026 04:13:57,24.02,0.00,,,,,
1963,03/12/2026 04:23:57,23.98,0.00,,,,,
1964,03/12/2026 04:33:57,24.02,0.00,,,,,
1965,03/12/2026 04:43:57,24.02,0.00,,,,,
1966,03/12/2026 04:53:57,23.98,0.00,,,,,
1967,03/12/2026 05:03:57,23.98,0.00,,,,,
1968,03/12/2026 05:13:57,23.94,0.00,,,,,
1969,03/12/2026 05:23:57,23.94,0.00,,,,,
1970,03/12/2026 05:33:57,23.89,0.00,,,,,
1971,03/12/2026 05:43:57,23.94,0.00,,,,,
1972,03/12/2026 05:53:57,23.94,0.00,,,,,
1973,03/12/2026 06:03:57,23.94,0.00,,,,,
1974,03/12/2026 06:13:57,23.85,0.00,,,,,
1975,03/12/2026 06:23:57,23.81,0.00,,,,,
1976,03/12/2026 06:33:57,23.72,0.78,,,,,
1977,03/12/2026 06:43:57,23.76,5.09,,,,,
1978,03/12/2026 06:53:57,23.72,30.73,,,,,
1979,03/12/2026 07:03:57,23.72,44.68,,,,,
1980,03/12/2026 07:13:57,23.72,122.80,,,,,
1981,03/12/2026 07:23:57,23.68,82.32,,,,,
1982,03/12/2026 07:33:57,23.68,105.44,,,,,
1983,03/12/2026 07:43:57,23.59,98.88,,,,,
1984,03/12/2026 07:53:57,23.46,182.88,,,,,
1985,03/12/2026 08:03:57,23.38,252.96,,,,,
1986,03/12/2026 08:13:57,23.25,756.48,,,,,
1987,03/12/2026 08:23:57,23.29,1276.48,,,,,
1988,03/12/2026 08:33:57,23.34,1527.04,,,,,
1989,03/12/2026 08:43:57,23.38,1342.72,,,,,
1990,03/12/2026 08:53:57,23.42,1696.64,,,,,
1991,03/12/2026 09:03:57,23.46,1839.36,,,,,
1992,03/12/2026 09:13:57,23.51,1721.60,,,,,
1993,03/12/2026 09:23:57,23.64,2005.76,,,,,
1994,03/12/2026 09:33:57,23.64,2305.28,,,,,
1995,03/12/2026 09:43:57,23.68,2110.72,,,,,
1996,03/12/2026 09:53:57,23.68,2186.24,,,,,
1997,03/12/2026 10:03:57,23.76,3613.44,,,,,
1998,03/12/2026 10:13:57,23.81,3412.48,,,,,
1999,03/12/2026 10:23:57,23.94,4494.08,,,,,
2000,03/12/2026 10:33:57,23.98,2281.60,,,,,
2001,03/12/2026 10:43:57,23.94,1331.84,,,,,
2002,03/12/2026 10:53:57,23.89,2394.88,,,,,
2003,03/12/2026 11:03:57,23.89,1762.56,,,,,
2004,03/12/2026 11:13:57,23.89,1516.80,,,,,
2005,03/12/2026 11:23:57,23.98,2740.48,,,,,
2006,03/12/2026 11:33:57,23.98,1354.24,,,,,
2007,03/12/2026 11:43:57,24.02,1173.12,,,,,
2008,03/12/2026 11:53:57,24.06,1992.96,,,,,
2009,03/12/2026 12:03:57,24.11,2068.48,,,,,
2010,03/12/2026 12:13:57,24.15,1790.72,,,,,
2011,03/12/2026 12:23:57,24.19,2614.40,,,,,
2012,03/12/2026 12:33:57,24.24,2906.88,,,,,
2013,03/12/2026 12:43:57,24.41,3810.56,,,,,
2014,03/12/2026 12:53:57,24.45,2928.64,,,,,
2015,03/12/2026 13:03:57,24.41,2154.88,,,,,
2016,03/12/2026 13:13:57,24.45,2085.76,,,,,
2017,03/12/2026 13:23:57,24.49,1553.92,,,,,
2018,03/12/2026 13:33:57,24.45,1007.68,,,,,
2019,03/12/2026 13:43:57,24.41,1466.88,,,,,
2020,03/12/2026 13:53:57,24.24,1591.68,,,,,
2021,03/12/2026 14:03:57,24.19,3042.56,,,,,
2022,03/12/2026 14:13:57,24.28,4578.56,,,,,
2023,03/12/2026 14:23:57,24.36,3829.76,,,,,
2024,03/12/2026 14:33:57,24.32,2339.84,,,,,
2025,03/12/2026 14:43:57,24.28,1704.32,,,,,
2026,03/12/2026 14:53:57,24.36,1921.28,,,,,
2027,03/12/2026 15:03:57,24.28,2204.80,,,,,
2028,03/12/2026 15:13:57,24.36,2019.84,,,,,
2029,03/12/2026 15:23:57,24.36,3114.24,,,,,
2030,03/12/2026 15:33:57,24.45,3440.64,,,,,
2031,03/12/2026 15:43:57,24.49,4435.20,,,,,
2032,03/12/2026 15:53:57,24.54,3624.96,,,,,
2033,03/12/2026 16:03:57,24.58,2910.72,,,,,
2034,03/12/2026 16:13:57,24.54,2200.32,,,,,
2035,03/12/2026 16:23:57,24.62,2446.72,,,,,
2036,03/12/2026 16:33:57,24.58,2124.80,,,,,
2037,03/12/2026 16:43:57,24.62,1925.76,,,,,
2038,03/12/2026 16:53:57,24.62,1560.32,,,,,
2039,03/12/2026 17:03:57,24.58,1195.84,,,,,
2040,03/12/2026 17:13:57,24.54,933.12,,,,,
2041,03/12/2026 17:23:57,24.54,890.56,,,,,
2042,03/12/2026 17:33:57,24.49,1109.44,,,,,
2043,03/12/2026 17:43:57,24.41,733.76,,,,,
2044,03/12/2026 17:53:57,24.45,387.20,,,,,
2045,03/12/2026 18:03:57,24.36,161.52,,,,,
2046,03/12/2026 18:13:57,24.36,95.36,,,,,
2047,03/12/2026 18:23:57,24.32,40.16,,,,,
2048,03/12/2026 18:33:57,24.32,13.74,,,,,
2049,03/12/2026 18:43:57,24.32,3.92,,,,,
2050,03/12/2026 18:53:57,24.24,0.39,,,,,
2051,03/12/2026 19:03:57,24.24,0.00,,,,,
2052,03/12/2026 19:13:57,24.19,0.00,,,,,
2053,03/12/2026 19:23:57,24.19,0.00,,,,,
2054,03/12/2026 19:33:57,24.11,0.00,,,,,
2055,03/12/2026 19:43:57,24.06,0.00,,,,,
2056,03/12/2026 19:53:57,24.06,0.00,,,,,
2057,03/12/2026 20:03:57,24.06,0.00,,,,,
2058,03/12/2026 20:13:57,24.06,0.00,,,,,
2059,03/12/2026 20:23:57,24.02,0.00,,,,,
2060,03/12/2026 20:33:57,24.02,0.00,,,,,
2061,03/12/2026 20:43:57,23.98,0.00,,,,,
2062,03/12/2026 20:53:57,23.98,0.00,,,,,
2063,03/12/2026 21:03:57,24.02,0.00,,,,,
2064,03/12/2026 21:13:57,24.02,0.00,,,,,
2065,03/12/2026 21:23:57,23.98,0.00,,,,,
2066,03/12/2026 21:33:57,23.98,0.00,,,,,
2067,03/12/2026 21:43:57,23.94,0.00,,,,,
2068,03/12/2026 21:53:57,23.94,0.00,,,,,
2069,03/12/2026 22:03:57,23.98,0.00,,,,,
2070,03/12/2026 22:13:57,23.98,0.00,,,,,
2071,03/12/2026 22:23:57,23.98,0.00,,,,,
2072,03/12/2026 22:33:57,24.02,0.00,,,,,
2073,03/12/2026 22:43:57,24.02,0.00,,,,,
2074,03/12/2026 22:53:57,24.06,0.00,,,,,
2075,03/12/2026 23:03:57,24.02,0.00,,,,,
2076,03/12/2026 23:13:57,24.06,0.00,,,,,
2077,03/12/2026 23:23:57,24.02,0.00,,,,,
2078,03/12/2026 23:33:57,24.02,0.00,,,,,
2079,03/12/2026 23:43:57,24.02,0.00,,,,,
2080,03/12/2026 23:53:57,24.06,0.00,,,,,
2081,03/13/2026 00:03:57,24.02,0.00,,,,,
2082,03/13/2026 00:13:57,24.06,0.00,,,,,
2083,03/13/2026 00:23:57,24.06,0.00,,,,,
2084,03/13/2026 00:33:57,24.06,0.00,,,,,
2085,03/13/2026 00:43:57,24.06,0.00,,,,,
2086,03/13/2026 00:53:57,24.11,0.00,,,,,
2087,03/13/2026 01:03:57,24.06,0.00,,,,,
2088,03/13/2026 01:13:57,24.06,0.00,,,,,
2089,03/13/2026 01:23:57,24.02,0.00,,,,,
2090,03/13/2026 01:33:57,23.98,0.00,,,,,
2091,03/13/2026 01:43:57,24.02,0.00,,,,,
2092,03/13/2026 01:53:57,24.02,0.00,,,,,
2093,03/13/2026 02:03:57,23.98,0.00,,,,,
2094,03/13/2026 02:13:57,23.94,0.00,,,,,
2095,03/13/2026 02:23:57,23.89,0.00,,,,,
2096,03/13/2026 02:33:57,23.89,0.00,,,,,
2097,03/13/2026 02:43:57,23.85,0.00,,,,,
2098,03/13/2026 02:53:57,23.85,0.00,,,,,
2099,03/13/2026 03:03:57,23.85,0.00,,,,,
2100,03/13/2026 03:13:57,23.89,0.00,,,,,
2101,03/13/2026 03:23:57,23.85,0.00,,,,,
2102,03/13/2026 03:33:57,23.81,0.00,,,,,
2103,03/13/2026 03:43:57,23.85,0.00,,,,,
2104,03/13/2026 03:53:57,23.85,0.00,,,,,
2105,03/13/2026 04:03:57,23.89,0.00,,,,,
2106,03/13/2026 04:13:57,23.89,0.00,,,,,
2107,03/13/2026 04:23:57,23.94,0.00,,,,,
2108,03/13/2026 04:33:57,23.94,0.00,,,,,
2109,03/13/2026 04:43:57,23.98,0.00,,,,,
2110,03/13/2026 04:53:57,23.94,0.00,,,,,
2111,03/13/2026 05:03:57,23.94,0.00,,,,,
2112,03/13/2026 05:13:57,23.81,0.00,,,,,
2113,03/13/2026 05:23:57,23.81,0.00,,,,,
2114,03/13/2026 05:33:57,23.76,0.00,,,,,
2115,03/13/2026 05:43:57,23.81,0.00,,,,,
2116,03/13/2026 05:53:57,23.76,0.00,,,,,
2117,03/13/2026 06:03:57,23.85,0.00,,,,,
2118,03/13/2026 06:13:57,23.85,0.00,,,,,
2119,03/13/2026 06:23:57,23.85,0.58,,,,,
2120,03/13/2026 06:33:57,23.76,10.39,,,,,
2121,03/13/2026 06:43:57,23.68,47.82,,,,,
2122,03/13/2026 06:53:57,23.64,109.36,,,,,
2123,03/13/2026 07:03:57,23.64,172.48,,,,,
2124,03/13/2026 07:13:57,23.59,163.76,,,,,
2125,03/13/2026 07:23:57,23.55,200.16,,,,,
2126,03/13/2026 07:33:57,23.51,402.08,,,,,
2127,03/13/2026 07:43:57,23.51,461.76,,,,,
2128,03/13/2026 07:53:57,23.51,672.32,,,,,
2129,03/13/2026 08:03:57,23.51,1081.28,,,,,
2130,03/13/2026 08:13:57,23.51,1644.80,,,,,
2131,03/13/2026 08:23:57,23.46,1371.52,,,,,
2132,03/13/2026 08:33:57,23.51,1613.44,,,,,
2133,03/13/2026 08:43:57,23.46,2027.52,,,,,
2134,03/13/2026 08:53:57,23.51,1671.68,,,,,
2135,03/13/2026 09:03:57,23.64,2919.68,,,,,
2136,03/13/2026 09:13:57,23.76,2892.80,,,,,
2137,03/13/2026 09:23:57,23.94,2817.28,,,,,
2138,03/13/2026 09:33:57,24.06,3074.56,,,,,
2139,03/13/2026 09:43:57,24.19,3072.00,,,,,
2140,03/13/2026 09:53:57,24.19,4811.52,,,,,
2141,03/13/2026 10:03:57,24.24,2024.32,,,,,
2142,03/13/2026 10:13:57,24.19,2858.24,,,,,
2143,03/13/2026 10:23:57,24.24,1994.88,,,,,
2144,03/13/2026 10:33:57,24.19,2708.48,,,,,
2145,03/13/2026 10:43:57,24.15,1196.48,,,,,
2146,03/13/2026 10:53:57,24.15,4459.52,,,,,
2147,03/13/2026 11:03:57,24.19,1216.96,,,,,
2148,03/13/2026 11:13:57,24.11,1786.24,,,,,
2149,03/13/2026 11:23:57,24.15,3304.96,,,,,
2150,03/13/2026 11:33:57,24.15,3663.36,,,,,
2151,03/13/2026 11:43:57,24.19,5049.60,,,,,
2152,03/13/2026 11:53:57,24.24,2504.32,,,,,
2153,03/13/2026 12:03:57,24.19,2649.60,,,,,
2154,03/13/2026 12:13:57,24.15,676.16,,,,,
2155,03/13/2026 12:23:57,24.06,599.52,,,,,
2156,03/13/2026 12:33:57,23.94,520.64,,,,,
2157,03/13/2026 12:43:57,23.89,832.64,,,,,
2158,03/13/2026 12:53:57,23.89,2060.80,,,,,
2159,03/13/2026 13:03:57,23.85,1356.16,,,,,
2160,03/13/2026 13:13:57,23.81,1254.72,,,,,
2161,03/13/2026 13:23:57,23.72,607.68,,,,,
2162,03/13/2026 13:33:57,23.72,2311.68,,,,,
2163,03/13/2026 13:43:57,23.76,1626.24,,,,,
2164,03/13/2026 13:53:57,23.68,775.36,,,,,
2165,03/13/2026 14:03:57,23.72,2681.60,,,,,
2166,03/13/2026 14:13:57,23.81,4917.76,,,,,
2167,03/13/2026 14:23:57,23.72,968.96,,,,,
2168,03/13/2026 14:33:57,23.59,652.32,,,,,
2169,03/13/2026 14:43:57,23.59,1271.68,,,,,
2170,03/13/2026 14:53:57,23.46,2142.08,,,,,
2171,03/13/2026 15:03:57,23.64,4403.20,,,,,
2172,03/13/2026 15:13:57,23.85,7375.36,,,,,
2173,03/13/2026 15:23:57,23.94,4368.64,,,,,
2174,03/13/2026 15:33:57,24.02,3150.08,,,,,
2175,03/13/2026 15:43:57,24.06,3546.88,,,,,
2176,03/13/2026 15:53:57,24.11,2433.92,,,,,
2177,03/13/2026 16:03:57,24.15,2151.68,,,,,
2178,03/13/2026 16:13:57,24.19,3534.08,,,,,
2179,03/13/2026 16:23:57,24.19,1815.68,,,,,
2180,03/13/2026 16:33:57,24.24,1778.56,,,,,
2181,03/13/2026 16:43:57,24.15,1275.84,,,,,
2182,03/13/2026 16:53:57,24.15,907.20,,,,,
2183,03/13/2026 17:03:57,24.15,1031.04,,,,,
2184,03/13/2026 17:13:57,24.15,1441.28,,,,,
2185,03/13/2026 17:23:57,24.15,1251.52,,,,,
2186,03/13/2026 17:33:57,24.15,793.92,,,,,
2187,03/13/2026 17:43:57,24.15,799.36,,,,,
2188,03/13/2026 17:53:57,24.19,872.00,,,,,
2189,03/13/2026 18:03:57,24.11,528.16,,,,,
2190,03/13/2026 18:13:57,24.06,222.32,,,,,
2191,03/13/2026 18:23:57,24.02,123.68,,,,,
2192,03/13/2026 18:33:57,23.94,173.44,,,,,
2193,03/13/2026 18:43:57,23.89,16.12,,,,,
2194,03/13/2026 18:53:57,23.81,1.76,,,,,
2195,03/13/2026 19:03:57,23.76,0.00,,,,,
2196,03/13/2026 19:13:57,23.72,0.00,,,,,
2197,03/13/2026 19:23:57,23.68,0.00,,,,,
2198,03/13/2026 19:33:57,23.64,0.00,,,,,
2199,03/13/2026 19:43:57,23.55,0.00,,,,,
2200,03/13/2026 19:53:57,23.51,0.00,,,,,
2201,03/13/2026 20:03:57,23.46,0.00,,,,,
2202,03/13/2026 20:13:57,23.42,0.00,,,,,
2203,03/13/2026 20:23:57,23.38,0.00,,,,,
2204,03/13/2026 20:33:57,23.29,0.00,,,,,
2205,03/13/2026 20:43:57,23.25,0.00,,,,,
2206,03/13/2026 20:53:57,23.21,0.00,,,,,
2207,03/13/2026 21:03:57,23.16,0.00,,,,,
2208,03/13/2026 21:13:57,23.12,0.00,,,,,
2209,03/13/2026 21:23:57,23.12,0.00,,,,,
2210,03/13/2026 21:33:57,23.03,0.00,,,,,
2211,03/13/2026 21:43:57,22.99,0.00,,,,,
2212,03/13/2026 21:53:57,22.91,0.00,,,,,
2213,03/13/2026 22:03:57,22.86,0.00,,,,,
2214,03/13/2026 22:13:57,22.86,0.00,,,,,
2215,03/13/2026 22:23:57,22.78,0.00,,,,,
2216,03/13/2026 22:33:57,22.78,0.00,,,,,
2217,03/13/2026 22:43:57,22.73,0.00,,,,,
2218,03/13/2026 22:53:57,22.73,0.00,,,,,
2219,03/13/2026 23:03:57,22.69,0.00,,,,,
2220,03/13/2026 23:13:57,22.69,0.00,,,,,
2221,03/13/2026 23:23:57,22.61,0.00,,,,,
2222,03/13/2026 23:33:57,22.61,0.00,,,,,
2223,03/13/2026 23:43:57,22.61,0.00,,,,,
2224,03/13/2026 23:53:57,22.56,0.00,,,,,
2225,03/14/2026 00:03:57,22.61,0.00,,,,,
2226,03/14/2026 00:13:57,22.73,0.00,,,,,
2227,03/14/2026 00:23:57,22.86,0.00,,,,,
2228,03/14/2026 00:33:57,22.99,0.00,,,,,
2229,03/14/2026 00:43:57,23.08,0.00,,,,,
2230,03/14/2026 00:53:57,23.12,0.00,,,,,
2231,03/14/2026 01:03:57,23.25,0.00,,,,,
2232,03/14/2026 01:13:57,23.21,0.00,,,,,
2233,03/14/2026 01:23:57,23.25,0.00,,,,,
2234,03/14/2026 01:33:57,23.29,0.00,,,,,
2235,03/14/2026 01:43:57,23.38,0.00,,,,,
2236,03/14/2026 01:53:57,23.38,0.00,,,,,
2237,03/14/2026 02:03:57,23.42,0.00,,,,,
2238,03/14/2026 02:13:57,23.46,0.00,,,,,
2239,03/14/2026 02:23:57,23.38,0.00,,,,,
2240,03/14/2026 02:33:57,23.38,0.00,,,,,
2241,03/14/2026 02:43:57,23.38,0.00,,,,,
2242,03/14/2026 02:53:57,23.34,0.00,,,,,
2243,03/14/2026 03:03:57,23.38,0.00,,,,,
2244,03/14/2026 03:13:57,23.34,0.00,,,,,
2245,03/14/2026 03:23:57,23.29,0.00,,,,,
2246,03/14/2026 03:33:57,23.25,0.00,,,,,
2247,03/14/2026 03:43:57,23.16,0.00,,,,,
2248,03/14/2026 03:53:57,23.21,0.00,,,,,
2249,03/14/2026 04:03:57,23.21,0.00,,,,,
2250,03/14/2026 04:13:57,23.16,0.00,,,,,
2251,03/14/2026 04:23:57,23.16,0.00,,,,,
2252,03/14/2026 04:33:57,23.16,0.00,,,,,
2253,03/14/2026 04:43:57,23.16,0.00,,,,,
2254,03/14/2026 04:53:57,23.21,0.00,,,,,
2255,03/14/2026 05:03:57,23.25,0.00,,,,,
2256,03/14/2026 05:13:57,23.25,0.00,,,,,
2257,03/14/2026 05:23:57,23.29,0.00,,,,,
2258,03/14/2026 05:33:57,23.34,0.00,,,,,
2259,03/14/2026 05:43:57,23.34,0.00,,,,,
2260,03/14/2026 05:53:57,23.34,0.00,,,,,
2261,03/14/2026 06:03:57,23.34,0.00,,,,,
2262,03/14/2026 06:13:57,23.34,0.00,,,,,
2263,03/14/2026 06:23:57,23.34,0.19,,,,,
2264,03/14/2026 06:33:57,23.34,1.76,,,,,
2265,03/14/2026 06:43:57,23.29,12.57,,,,,
2266,03/14/2026 06:53:57,23.21,28.54,,,,,
2267,03/14/2026 07:03:57,23.16,70.48,,,,,
2268,03/14/2026 07:13:57,23.12,147.20,,,,,
2269,03/14/2026 07:23:57,23.16,279.84,,,,,
2270,03/14/2026 07:33:57,23.16,500.64,,,,,
2271,03/14/2026 07:43:57,23.12,683.20,,,,,
2272,03/14/2026 07:53:57,23.29,1731.20,,,,,
2273,03/14/2026 08:03:57,23.25,1806.72,,,,,
2274,03/14/2026 08:13:57,23.38,2396.16,,,,,
2275,03/14/2026 08:23:57,23.34,1197.44,,,,,
2276,03/14/2026 08:33:57,23.34,2269.44,,,,,
2277,03/14/2026 08:43:57,23.42,2372.48,,,,,
2278,03/14/2026 08:53:57,23.51,3311.36,,,,,
2279,03/14/2026 09:03:57,23.64,2714.88,,,,,
2280,03/14/2026 09:13:57,23.68,2581.12,,,,,
2281,03/14/2026 09:23:57,23.72,2528.00,,,,,
2282,03/14/2026 09:33:57,23.72,872.00,,,,,
2283,03/14/2026 09:43:57,23.89,2952.96,,,,,
2284,03/14/2026 09:53:57,24.06,2796.80,,,,,
2285,03/14/2026 10:03:57,24.36,3813.12,,,,,
2286,03/14/2026 10:13:57,25.18,22343.68,,,,,
2287,03/14/2026 10:23:57,24.54,3782.40,,,,,
2288,03/14/2026 10:33:57,24.45,3920.64,,,,,
2289,03/14/2026 10:43:57,24.41,3193.60,,,,,
2290,03/14/2026 10:53:57,24.36,2717.44,,,,,
2291,03/14/2026 11:03:57,24.36,2723.84,,,,,
2292,03/14/2026 11:13:57,24.45,3559.68,,,,,
2293,03/14/2026 11:23:57,24.49,3879.68,,,,,
2294,03/14/2026 11:33:57,24.49,2460.80,,,,,
2295,03/14/2026 11:43:57,24.41,2444.80,,,,,
2296,03/14/2026 11:53:57,24.41,1331.20,,,,,
2297,03/14/2026 12:03:57,24.28,1091.52,,,,,
2298,03/14/2026 12:13:57,24.24,1578.24,,,,,
2299,03/14/2026 12:23:57,24.19,1051.52,,,,,
2300,03/14/2026 12:33:57,24.15,464.16,,,,,
2301,03/14/2026 12:43:57,24.06,518.72,,,,,
2302,03/14/2026 12:53:57,24.06,1747.20,,,,,
2303,03/14/2026 13:03:57,24.06,2159.36,,,,,
2304,03/14/2026 13:13:57,23.98,1161.92,,,,,
2305,03/14/2026 13:23:57,23.98,1125.12,,,,,
2306,03/14/2026 13:33:57,24.02,2931.20,,,,,
2307,03/14/2026 13:43:57,24.06,2243.84,,,,,
2308,03/14/2026 13:53:57,23.98,1508.48,,,,,
2309,03/14/2026 14:03:57,24.02,2163.84,,,,,
2310,03/14/2026 14:13:57,24.11,2598.40,,,,,
2311,03/14/2026 14:23:57,24.15,2509.44,,,,,
2312,03/14/2026 14:33:57,24.15,1693.44,,,,,
2313,03/14/2026 14:43:57,24.11,1518.08,,,,,
2314,03/14/2026 14:53:57,24.19,1464.32,,,,,
2315,03/14/2026 15:03:57,24.19,1362.56,,,,,
2316,03/14/2026 15:13:57,24.11,1509.76,,,,,
2317,03/14/2026 15:23:57,24.06,1411.84,,,,,
2318,03/14/2026 15:33:57,24.02,1140.80,,,,,
2319,03/14/2026 15:43:57,24.06,1524.48,,,,,
2320,03/14/2026 15:53:57,24.02,994.24,,,,,
2321,03/14/2026 16:03:57,24.02,1574.40,,,,,
2322,03/14/2026 16:13:57,24.02,1033.28,,,,,
2323,03/14/2026 16:23:57,24.02,1183.36,,,,,
2324,03/14/2026 16:33:57,24.02,1166.08,,,,,
2325,03/14/2026 16:43:57,23.98,905.60,,,,,
2326,03/14/2026 16:53:57,24.06,824.00,,,,,
2327,03/14/2026 17:03:57,24.02,807.68,,,,,
2328,03/14/2026 17:13:57,24.02,616.64,,,,,
2329,03/14/2026 17:23:57,24.06,552.80,,,,,
2330,03/14/2026 17:33:57,23.98,446.40,,,,,
2331,03/14/2026 17:43:57,23.98,335.20,,,,,
2332,03/14/2026 17:53:57,23.98,323.44,,,,,
2333,03/14/2026 18:03:57,23.98,233.28,,,,,
2334,03/14/2026 18:13:57,23.94,148.88,,,,,
2335,03/14/2026 18:23:57,23.89,79.58,,,,,
2336,03/14/2026 18:33:57,23.89,34.28,,,,,
2337,03/14/2026 18:43:57,23.89,9.41,,,,,
2338,03/14/2026 18:53:57,23.89,0.98,,,,,
2339,03/14/2026 19:03:57,23.85,0.00,,,,,
2340,03/14/2026 19:13:57,23.85,0.00,,,,,
2341,03/14/2026 19:23:57,23.94,0.00,,,,,
2342,03/14/2026 19:33:57,23.89,0.00,,,,,
2343,03/14/2026 19:43:57,23.85,0.00,,,,,
2344,03/14/2026 19:53:57,23.89,0.00,,,,,
2345,03/14/2026 20:03:57,23.85,0.00,,,,,
2346,03/14/2026 20:13:57,23.89,0.00,,,,,
2347,03/14/2026 20:23:57,23.85,0.00,,,,,
2348,03/14/2026 20:33:57,23.85,0.00,,,,,
2349,03/14/2026 20:43:57,23.85,0.00,,,,,
2350,03/14/2026 20:53:57,23.89,0.00,,,,,
2351,03/14/2026 21:03:57,23.85,0.00,,,,,
2352,03/14/2026 21:13:57,23.85,0.00,,,,,
2353,03/14/2026 21:23:57,23.89,0.00,,,,,
2354,03/14/2026 21:33:57,23.89,0.00,,,,,
2355,03/14/2026 21:43:57,23.85,0.00,,,,,
2356,03/14/2026 21:53:57,23.85,0.00,,,,,
2357,03/14/2026 22:03:57,23.85,0.00,,,,,
2358,03/14/2026 22:13:57,23.81,0.00,,,,,
2359,03/14/2026 22:23:57,23.81,0.00,,,,,
2360,03/14/2026 22:33:57,23.85,0.00,,,,,
2361,03/14/2026 22:43:57,23.81,0.00,,,,,
2362,03/14/2026 22:53:57,23.81,0.00,,,,,
2363,03/14/2026 23:03:57,23.85,0.00,,,,,
2364,03/14/2026 23:13:57,23.85,0.00,,,,,
2365,03/14/2026 23:23:57,23.89,0.00,,,,,
2366,03/14/2026 23:33:57,23.85,0.00,,,,,
2367,03/14/2026 23:43:57,23.89,0.00,,,,,
2368,03/14/2026 23:53:57,23.85,0.00,,,,,
2369,03/15/2026 00:03:57,23.89,0.00,,,,,
2370,03/15/2026 00:13:57,23.85,0.00,,,,,
2371,03/15/2026 00:23:57,23.98,0.00,,,,,
2372,03/15/2026 00:33:57,23.89,0.00,,,,,
2373,03/15/2026 00:43:57,23.89,0.00,,,,,
2374,03/15/2026 00:53:57,23.94,0.00,,,,,
2375,03/15/2026 01:03:57,23.89,0.00,,,,,
2376,03/15/2026 01:13:57,23.94,0.00,,,,,
2377,03/15/2026 01:23:57,23.89,0.00,,,,,
2378,03/15/2026 01:33:57,23.94,0.00,,,,,
2379,03/15/2026 01:43:57,23.94,0.00,,,,,
2380,03/15/2026 01:53:57,23.89,0.00,,,,,
2381,03/15/2026 02:03:57,23.89,0.00,,,,,
2382,03/15/2026 02:13:57,23.89,0.00,,,,,
2383,03/15/2026 02:23:57,23.94,0.00,,,,,
2384,03/15/2026 02:33:57,23.89,0.00,,,,,
2385,03/15/2026 02:43:57,23.94,0.00,,,,,
2386,03/15/2026 02:53:57,23.89,0.00,,,,,
2387,03/15/2026 03:03:57,23.89,0.00,,,,,
2388,03/15/2026 03:13:57,23.94,0.00,,,,,
2389,03/15/2026 03:23:57,23.94,0.00,,,,,
2390,03/15/2026 03:33:57,23.94,0.00,,,,,
2391,03/15/2026 03:43:57,23.98,0.00,,,,,
2392,03/15/2026 03:53:57,23.98,0.00,,,,,
2393,03/15/2026 04:03:57,23.94,0.00,,,,,
2394,03/15/2026 04:13:57,23.98,0.00,,,,,
2395,03/15/2026 04:23:57,23.94,0.00,,,,,
2396,03/15/2026 04:33:57,23.98,0.00,,,,,
2397,03/15/2026 04:43:57,23.98,0.00,,,,,
2398,03/15/2026 04:53:57,23.94,0.00,,,,,
2399,03/15/2026 05:03:57,23.98,0.00,,,,,
2400,03/15/2026 05:13:57,23.94,0.00,,,,,
2401,03/15/2026 05:23:57,23.98,0.00,,,,,
2402,03/15/2026 05:33:57,23.94,0.00,,,,,
2403,03/15/2026 05:43:57,23.98,0.00,,,,,
2404,03/15/2026 05:53:57,23.98,0.00,,,,,
2405,03/15/2026 06:03:57,23.98,0.00,,,,,
2406,03/15/2026 06:13:57,23.94,0.00,,,,,
2407,03/15/2026 06:23:57,23.94,0.19,,,,,
2408,03/15/2026 06:33:57,23.89,6.66,,,,,
2409,03/15/2026 06:43:57,23.89,26.02,,,,,
2410,03/15/2026 06:53:57,23.89,71.36,,,,,
2411,03/15/2026 07:03:57,23.94,218.40,,,,,
2412,03/15/2026 07:13:57,23.98,212.08,,,,,
2413,03/15/2026 07:23:57,23.98,225.44,,,,,
2414,03/15/2026 07:33:57,23.98,215.20,,,,,
2415,03/15/2026 07:43:57,23.98,289.36,,,,,
2416,03/15/2026 07:53:57,24.06,339.04,,,,,
2417,03/15/2026 08:03:57,24.06,398.88,,,,,
2418,03/15/2026 08:13:57,24.11,531.68,,,,,
2419,03/15/2026 08:23:57,24.11,550.40,,,,,
2420,03/15/2026 08:33:57,24.11,672.64,,,,,
2421,03/15/2026 08:43:57,24.11,731.84,,,,,
2422,03/15/2026 08:53:57,24.15,816.32,,,,,
2423,03/15/2026 09:03:57,24.15,778.56,,,,,
2424,03/15/2026 09:13:57,24.19,623.68,,,,,
2425,03/15/2026 09:23:57,24.19,679.68,,,,,
2426,03/15/2026 09:33:57,24.19,1240.32,,,,,
2427,03/15/2026 09:43:57,24.19,1452.16,,,,,
2428,03/15/2026 09:53:57,24.19,1184.64,,,,,
2429,03/15/2026 10:03:57,24.15,762.56,,,,,
2430,03/15/2026 10:13:57,24.11,899.20,,,,,
2431,03/15/2026 10:23:57,24.02,460.48,,,,,
2432,03/15/2026 10:33:57,23.98,494.40,,,,,
2433,03/15/2026 10:43:57,23.98,640.16,,,,,
2434,03/15/2026 10:53:57,23.98,760.00,,,,,
2435,03/15/2026 11:03:57,23.89,576.32,,,,,
2436,03/15/2026 11:13:57,23.89,1001.28,,,,,
2437,03/15/2026 11:23:57,23.89,802.24,,,,,
2438,03/15/2026 11:33:57,23.94,1046.08,,,,,
2439,03/15/2026 11:43:57,23.94,913.28,,,,,
2440,03/15/2026 11:53:57,23.89,1068.80,,,,,
2441,03/15/2026 12:03:57,23.89,2280.32,,,,,
2442,03/15/2026 12:13:57,23.98,2319.36,,,,,
2443,03/15/2026 12:23:57,23.89,1779.84,,,,,
2444,03/15/2026 12:33:57,23.94,1742.08,,,,,
2445,03/15/2026 12:43:57,24.02,2471.68,,,,,
2446,03/15/2026 12:53:57,24.15,2645.76,,,,,
2447,03/15/2026 13:03:57,24.28,3208.96,,,,,
2448,03/15/2026 13:13:57,24.28,2600.32,,,,,
2449,03/15/2026 13:23:57,24.32,1877.12,,,,,
2450,03/15/2026 13:33:57,24.36,1599.36,,,,,
2451,03/15/2026 13:43:57,24.32,2662.40,,,,,
2452,03/15/2026 13:53:57,24.36,2535.68,,,,,
2453,03/15/2026 14:03:57,24.41,1996.16,,,,,
2454,03/15/2026 14:13:57,24.49,2283.52,,,,,
2455,03/15/2026 14:23:57,24.49,1923.84,,,,,
2456,03/15/2026 14:33:57,24.49,1873.92,,,,,
2457,03/15/2026 14:43:57,24.41,1029.44,,,,,
2458,03/15/2026 14:53:57,24.32,1266.24,,,,,
2459,03/15/2026 15:03:57,24.32,1375.36,,,,,
2460,03/15/2026 15:13:57,24.28,1131.52,,,,,
2461,03/15/2026 15:23:57,24.28,1150.40,,,,,
2462,03/15/2026 15:33:57,24.28,1555.84,,,,,
2463,03/15/2026 15:43:57,24.32,1364.48,,,,,
2464,03/15/2026 15:53:57,24.36,1191.04,,,,,
2465,03/15/2026 16:03:57,24.36,1313.28,,,,,
2466,03/15/2026 16:13:57,24.36,1320.32,,,,,
2467,03/15/2026 16:23:57,24.36,1324.16,,,,,
2468,03/15/2026 16:33:57,24.32,1054.72,,,,,
2469,03/15/2026 16:43:57,24.32,888.32,,,,,
2470,03/15/2026 16:53:57,24.32,811.52,,,,,
2471,03/15/2026 17:03:57,24.28,696.32,,,,,
2472,03/15/2026 17:13:57,24.24,640.16,,,,,
2473,03/15/2026 17:23:57,24.28,523.84,,,,,
2474,03/15/2026 17:33:57,24.24,521.44,,,,,
2475,03/15/2026 17:43:57,24.19,258.56,,,,,
2476,03/15/2026 17:53:57,24.24,169.52,,,,,
2477,03/15/2026 18:03:57,24.19,194.08,,,,,
2478,03/15/2026 18:13:57,24.15,118.28,,,,,
2479,03/15/2026 18:23:57,24.11,66.26,,,,,
2480,03/15/2026 18:33:57,24.06,30.33,,,,,
2481,03/15/2026 18:43:57,24.02,10.02,,,,,
2482,03/15/2026 18:53:57,24.06,0.98,,,,,
2483,03/15/2026 19:03:57,24.11,0.00,,,,,
2484,03/15/2026 19:13:57,24.11,0.00,,,,,
2485,03/15/2026 19:23:57,24.15,0.00,,,,,
2486,03/15/2026 19:33:57,24.11,0.00,,,,,
2487,03/15/2026 19:43:57,24.15,0.00,,,,,
2488,03/15/2026 19:53:57,24.15,0.00,,,,,
2489,03/15/2026 20:03:57,24.11,0.00,,,,,
2490,03/15/2026 20:13:57,24.11,0.00,,,,,
2491,03/15/2026 20:23:57,24.06,0.00,,,,,
2492,03/15/2026 20:33:57,24.06,0.00,,,,,
2493,03/15/2026 20:43:57,24.02,0.00,,,,,
2494,03/15/2026 20:53:57,24.06,0.00,,,,,
2495,03/15/2026 21:03:57,23.98,0.00,,,,,
2496,03/15/2026 21:13:57,23.94,0.00,,,,,
2497,03/15/2026 21:23:57,23.94,0.00,,,,,
2498,03/15/2026 21:33:57,23.98,0.00,,,,,
2499,03/15/2026 21:43:57,23.89,0.00,,,,,
2500,03/15/2026 21:53:57,23.89,0.00,,,,,
2501,03/15/2026 22:03:57,23.98,0.00,,,,,
2502,03/15/2026 22:13:57,23.98,0.00,,,,,
2503,03/15/2026 22:23:57,24.02,0.00,,,,,
2504,03/15/2026 22:33:57,24.02,0.00,,,,,
2505,03/15/2026 22:43:57,24.02,0.00,,,,,
2506,03/15/2026 22:53:57,24.02,0.00,,,,,
2507,03/15/2026 23:03:57,23.98,0.00,,,,,
2508,03/15/2026 23:13:57,23.98,0.00,,,,,
2509,03/15/2026 23:23:57,24.02,0.00,,,,,
2510,03/15/2026 23:33:57,24.02,0.00,,,,,
2511,03/15/2026 23:43:57,23.98,0.00,,,,,
2512,03/15/2026 23:53:57,23.98,0.00,,,,,
2513,03/16/2026 00:03:57,23.98,0.00,,,,,
2514,03/16/2026 00:13:57,24.02,0.00,,,,,
2515,03/16/2026 00:23:57,24.06,0.00,,,,,
2516,03/16/2026 00:33:57,23.98,0.00,,,,,
2517,03/16/2026 00:43:57,23.98,0.00,,,,,
2518,03/16/2026 00:53:57,24.06,0.00,,,,,
2519,03/16/2026 01:03:57,24.02,0.00,,,,,
2520,03/16/2026 01:13:57,24.02,0.00,,,,,
2521,03/16/2026 01:23:57,23.98,0.00,,,,,
2522,03/16/2026 01:33:57,23.98,0.00,,,,,
2523,03/16/2026 01:43:57,23.98,0.00,,,,,
2524,03/16/2026 01:53:57,24.02,0.00,,,,,
2525,03/16/2026 02:03:57,23.98,0.00,,,,,
2526,03/16/2026 02:13:57,23.98,0.00,,,,,
2527,03/16/2026 02:23:57,24.02,0.00,,,,,
2528,03/16/2026 02:33:57,23.98,0.00,,,,,
2529,03/16/2026 02:43:57,23.98,0.00,,,,,
2530,03/16/2026 02:53:57,23.98,0.00,,,,,
2531,03/16/2026 03:03:57,23.98,0.00,,,,,
2532,03/16/2026 03:13:57,23.98,0.00,,,,,
2533,03/16/2026 03:23:57,23.98,0.00,,,,,
2534,03/16/2026 03:33:57,23.98,0.00,,,,,
2535,03/16/2026 03:43:57,23.98,0.00,,,,,
2536,03/16/2026 03:53:57,23.98,0.00,,,,,
2537,03/16/2026 04:03:57,23.98,0.00,,,,,
2538,03/16/2026 04:13:57,23.98,0.00,,,,,
2539,03/16/2026 04:23:57,24.02,0.00,,,,,
2540,03/16/2026 04:33:57,24.06,0.00,,,,,
2541,03/16/2026 04:43:57,24.02,0.00,,,,,
2542,03/16/2026 04:53:57,24.06,0.00,,,,,
2543,03/16/2026 05:03:57,24.02,0.00,,,,,
2544,03/16/2026 05:13:57,24.02,0.00,,,,,
2545,03/16/2026 05:23:57,24.06,0.00,,,,,
2546,03/16/2026 05:33:57,24.06,0.00,,,,,
2547,03/16/2026 05:43:57,24.02,0.00,,,,,
2548,03/16/2026 05:53:57,24.06,0.00,,,,,
2549,03/16/2026 06:03:57,24.02,0.00,,,,,
2550,03/16/2026 06:13:57,24.02,0.19,,,,,
2551,03/16/2026 06:23:57,24.02,0.39,,,,,
2552,03/16/2026 06:33:57,24.02,5.88,,,,,
2553,03/16/2026 06:43:57,24.02,13.35,,,,,
2554,03/16/2026 06:53:57,24.02,33.08,,,,,
2555,03/16/2026 07:03:57,24.02,75.28,,,,,
2556,03/16/2026 07:13:57,23.98,134.00,,,,,
2557,03/16/2026 07:23:57,24.06,573.60,,,,,
2558,03/16/2026 07:33:57,24.02,405.28,,,,,
2559,03/16/2026 07:43:57,24.02,371.36,,,,,
2560,03/16/2026 07:53:57,24.06,508.80,,,,,
2561,03/16/2026 08:03:57,24.06,575.20,,,,,
2562,03/16/2026 08:13:57,24.15,664.00,,,,,
2563,03/16/2026 08:23:57,24.19,721.60,,,,,
2564,03/16/2026 08:33:57,24.24,848.00,,,,,
2565,03/16/2026 08:43:57,24.36,1131.52,,,,,
2566,03/16/2026 08:53:57,24.32,1176.00,,,,,
2567,03/16/2026 09:03:57,24.36,936.96,,,,,
2568,03/16/2026 09:13:57,24.32,1463.68,,,,,
2569,03/16/2026 09:23:57,24.54,3005.44,,,,,
2570,03/16/2026 09:33:57,24.62,1969.92,,,,,
2571,03/16/2026 09:43:57,24.62,1338.24,,,,,
2572,03/16/2026 09:53:57,24.58,1260.80,,,,,
2573,03/16/2026 10:03:57,24.62,1254.72,,,,,
2574,03/16/2026 10:13:57,24.54,1035.84,,,,,
2575,03/16/2026 10:23:57,24.49,1151.04,,,,,
2576,03/16/2026 10:33:57,24.54,1535.36,,,,,
2577,03/16/2026 10:43:57,24.54,1266.24,,,,,
2578,03/16/2026 10:53:57,24.58,1276.48,,,,,
2579,03/16/2026 11:03:57,24.49,1213.12,,,,,
2580,03/16/2026 11:13:57,24.49,1184.00,,,,,
2581,03/16/2026 11:23:57,24.49,857.28,,,,,
2582,03/16/2026 11:33:57,24.49,903.36,,,,,
2583,03/16/2026 11:43:57,24.45,1005.12,,,,,
2584,03/16/2026 11:53:57,24.49,1079.68,,,,,
2585,03/16/2026 12:03:57,24.49,1228.80,,,,,
2586,03/16/2026 12:13:57,24.58,1330.56,,,,,
2587,03/16/2026 12:23:57,24.58,1514.88,,,,,
2588,03/16/2026 12:33:57,24.62,1664.00,,,,,
2589,03/16/2026 12:43:57,24.62,1468.80,,,,,
2590,03/16/2026 12:53:57,24.66,1418.88,,,,,
2591,03/16/2026 13:03:57,24.71,1444.48,,,,,
2592,03/16/2026 13:13:57,24.71,1268.80,,,,,
2593,03/16/2026 13:23:57,24.62,1161.28,,,,,
2594,03/16/2026 13:33:57,24.62,1263.04,,,,,
2595,03/16/2026 13:43:57,24.66,1283.52,,,,,
2596,03/16/2026 13:53:57,24.66,1345.28,,,,,
2597,03/16/2026 14:03:57,24.71,1620.48,,,,,
2598,03/16/2026 14:13:57,24.75,1532.16,,,,,
2599,03/16/2026 14:23:57,24.92,17556.48,,,,,
2600,03/16/2026 14:33:57,24.88,1930.24,,,,,
2601,03/16/2026 14:43:57,26.25,13091.84,,,,,
2602,03/16/2026 14:53:57,26.64,11038.72,,,,,
2603,03/16/2026 15:03:57,26.47,8832.00,,,,,
2604,03/16/2026 15:13:57,26.30,6942.72,,,,,
2605,03/16/2026 15:23:57,26.12,5578.24,,,,,
2606,03/16/2026 15:33:57,25.95,4288.00,,,,,
2607,03/16/2026 15:43:57,25.78,2981.12,,,,,
2608,03/16/2026 15:53:57,25.69,3147.52,,,,,
2609,03/16/2026 16:03:57,25.61,3196.16,,,,,
2610,03/16/2026 16:13:57,25.52,3522.56,,,,,
2611,03/16/2026 16:23:57,25.48,4206.08,,,,,
2612,03/16/2026 16:33:57,25.39,3968.00,,,,,
2613,03/16/2026 16:43:57,25.48,3854.08,,,,,
2614,03/16/2026 16:53:57,25.39,4538.88,,,,,
2615,03/16/2026 17:03:57,25.39,3402.24,,,,,
2616,03/16/2026 17:13:57,25.31,2064.00,,,,,
2617,03/16/2026 17:23:57,25.27,2162.56,,,,,
2618,03/16/2026 17:33:57,25.22,1408.00,,,,,
2619,03/16/2026 17:43:57,25.22,2635.52,,,,,
2620,03/16/2026 17:53:57,25.22,1137.60,,,,,
2621,03/16/2026 18:03:57,25.18,398.72,,,,,
2622,03/16/2026 18:13:57,25.18,191.52,,,,,
2623,03/16/2026 18:23:57,25.14,144.16,,,,,
2624,03/16/2026 18:33:57,25.14,62.62,,,,,
2625,03/16/2026 18:43:57,25.09,25.36,,,,,
2626,03/16/2026 18:53:57,25.09,2.74,,,,,
2627,03/16/2026 19:03:57,25.09,0.00,,,,,
2628,03/16/2026 19:13:57,25.05,0.00,,,,,
2629,03/16/2026 19:23:57,25.01,0.00,,,,,
2630,03/16/2026 19:33:57,25.01,0.00,,,,,
2631,03/16/2026 19:43:57,25.01,0.00,,,,,
2632,03/16/2026 19:53:57,24.97,0.00,,,,,
2633,03/16/2026 20:03:57,24.88,0.00,,,,,
2634,03/16/2026 20:13:57,24.84,0.00,,,,,
2635,03/16/2026 20:23:57,24.84,0.00,,,,,
2636,03/16/2026 20:33:57,24.75,0.00,,,,,
2637,03/16/2026 20:43:57,24.75,0.00,,,,,
2638,03/16/2026 20:53:57,24.66,0.00,,,,,
2639,03/16/2026 21:03:57,24.62,0.00,,,,,
2640,03/16/2026 21:13:57,24.62,0.00,,,,,
2641,03/16/2026 21:23:57,24.58,0.00,,,,,
2642,03/16/2026 21:33:57,24.54,0.00,,,,,
2643,03/16/2026 21:43:57,24.49,0.00,,,,,
2644,03/16/2026 21:53:57,24.49,0.00,,,,,
2645,03/16/2026 22:03:57,24.45,0.00,,,,,
2646,03/16/2026 22:13:57,24.41,0.00,,,,,
2647,03/16/2026 22:23:57,24.36,0.00,,,,,
2648,03/16/2026 22:33:57,24.32,0.00,,,,,
2649,03/16/2026 22:43:57,24.36,0.00,,,,,
2650,03/16/2026 22:53:57,24.28,0.00,,,,,
2651,03/16/2026 23:03:57,24.28,0.00,,,,,
2652,03/16/2026 23:13:57,24.24,0.00,,,,,
2653,03/16/2026 23:23:57,24.19,0.00,,,,,
2654,03/16/2026 23:33:57,24.19,0.00,,,,,
2655,03/16/2026 23:43:57,24.19,0.00,,,,,
2656,03/16/2026 23:53:57,24.15,0.00,,,,,
2657,03/17/2026 00:03:57,24.19,0.00,,,,,
2658,03/17/2026 00:13:57,24.15,0.00,,,,,
2659,03/17/2026 00:23:57,24.11,0.00,,,,,
2660,03/17/2026 00:33:57,24.06,0.00,,,,,
2661,03/17/2026 00:43:57,24.06,0.00,,,,,
2662,03/17/2026 00:53:57,24.11,0.00,,,,,
2663,03/17/2026 01:03:57,24.06,0.00,,,,,
2664,03/17/2026 01:13:57,24.06,0.00,,,,,
2665,03/17/2026 01:23:57,24.06,0.00,,,,,
2666,03/17/2026 01:33:57,24.06,0.00,,,,,
2667,03/17/2026 01:43:57,24.02,0.00,,,,,
2668,03/17/2026 01:53:57,24.02,0.00,,,,,
2669,03/17/2026 02:03:57,24.02,0.00,,,,,
2670,03/17/2026 02:13:57,24.02,0.00,,,,,
2671,03/17/2026 02:23:57,24.02,0.00,,,,,
2672,03/17/2026 02:33:57,24.02,0.00,,,,,
2673,03/17/2026 02:43:57,24.06,0.00,,,,,
2674,03/17/2026 02:53:57,24.06,0.00,,,,,
2675,03/17/2026 03:03:57,24.02,0.00,,,,,
2676,03/17/2026 03:13:57,23.98,0.00,,,,,
2677,03/17/2026 03:23:57,23.98,0.00,,,,,
2678,03/17/2026 03:33:57,23.98,0.00,,,,,
2679,03/17/2026 03:43:57,24.02,0.00,,,,,
2680,03/17/2026 03:53:57,24.02,0.00,,,,,
2681,03/17/2026 04:03:57,24.02,0.00,,,,,
2682,03/17/2026 04:13:57,24.02,0.00,,,,,
2683,03/17/2026 04:23:57,24.02,0.00,,,,,
2684,03/17/2026 04:33:57,24.02,0.00,,,,,
2685,03/17/2026 04:43:57,23.98,0.00,,,,,
2686,03/17/2026 04:53:57,23.98,0.00,,,,,
2687,03/17/2026 05:03:57,23.98,0.00,,,,,
2688,03/17/2026 05:13:57,24.02,0.00,,,,,
2689,03/17/2026 05:23:57,23.98,0.00,,,,,
2690,03/17/2026 05:33:57,23.94,0.00,,,,,
2691,03/17/2026 05:43:57,23.94,0.00,,,,,
2692,03/17/2026 05:53:57,23.89,0.00,,,,,
2693,03/17/2026 06:03:57,23.81,0.00,,,,,
2694,03/17/2026 06:13:57,23.81,0.00,,,,,
2695,03/17/2026 06:23:57,23.81,1.96,,,,,
2696,03/17/2026 06:33:57,23.76,18.86,,,,,
2697,03/17/2026 06:43:57,23.81,81.16,,,,,
2698,03/17/2026 06:53:57,23.81,181.28,,,,,
2699,03/17/2026 07:03:57,23.72,77.62,,,,,
2700,03/17/2026 07:13:57,23.76,135.44,,,,,
2701,03/17/2026 07:23:57,23.81,204.08,,,,,
2702,03/17/2026 07:33:57,23.76,337.28,,,,,
2703,03/17/2026 07:43:57,23.81,571.68,,,,,
2704,03/17/2026 07:53:57,23.85,935.36,,,,,
2705,03/17/2026 08:03:57,23.85,1338.24,,,,,
2706,03/17/2026 08:13:57,23.81,917.44,,,,,
2707,03/17/2026 08:23:57,23.89,994.24,,,,,
2708,03/17/2026 08:33:57,23.94,1380.48,,,,,
2709,03/17/2026 08:43:57,23.89,1989.76,,,,,
2710,03/17/2026 08:53:57,24.06,2263.04,,,,,
2711,03/17/2026 09:03:57,24.06,900.80,,,,,
2712,03/17/2026 09:13:57,24.11,3208.96,,,,,
2713,03/17/2026 09:23:57,24.24,3518.72,,,,,
2714,03/17/2026 09:33:57,24.24,3393.28,,,,,
2715,03/17/2026 09:43:57,24.32,2922.24,,,,,
2716,03/17/2026 09:53:57,24.41,3779.84,,,,,
2717,03/17/2026 10:03:57,24.54,5852.16,,,,,
2718,03/17/2026 10:13:57,24.66,6968.32,,,,,
2719,03/17/2026 10:23:57,24.88,8537.60,,,,,
2720,03/17/2026 10:33:57,24.84,5207.04,,,,,
2721,03/17/2026 10:43:57,24.92,4567.04,,,,,
2722,03/17/2026 10:53:57,25.05,5550.08,,,,,
2723,03/17/2026 11:03:57,25.05,4268.80,,,,,
2724,03/17/2026 11:13:57,25.09,5015.04,,,,,
2725,03/17/2026 11:23:57,25.22,5363.20,,,,,
2726,03/17/2026 11:33:57,25.31,5422.08,,,,,
2727,03/17/2026 11:43:57,25.22,4384.00,,,,,
2728,03/17/2026 11:53:57,25.31,5168.64,,,,,
2729,03/17/2026 12:03:57,25.48,7037.44,,,,,
2730,03/17/2026 12:13:57,25.44,5181.44,,,,,
2731,03/17/2026 12:23:57,25.35,3343.36,,,,,
2732,03/17/2026 12:33:57,25.35,2400.64,,,,,
2733,03/17/2026 12:43:57,25.35,3015.68,,,,,
2734,03/17/2026 12:53:57,25.44,4165.12,,,,,
2735,03/17/2026 13:03:57,25.39,4805.12,,,,,
2736,03/17/2026 13:13:57,25.48,7889.92,,,,,
2737,03/17/2026 13:23:57,25.35,2758.40,,,,,
2738,03/17/2026 13:33:57,25.39,2318.08,,,,,
2739,03/17/2026 13:43:57,25.39,2926.08,,,,,
2740,03/17/2026 13:53:57,25.39,2298.88,,,,,
2741,03/17/2026 14:03:57,25.31,1732.48,,,,,
2742,03/17/2026 14:13:57,25.22,1632.64,,,,,
2743,03/17/2026 14:23:57,25.27,1975.68,,,,,
2744,03/17/2026 14:33:57,25.14,2058.88,,,,,
2745,03/17/2026 14:43:57,25.01,2225.28,,,,,
2746,03/17/2026 14:53:57,25.01,4591.36,,,,,
2747,03/17/2026 15:03:57,25.05,4055.04,,,,,
2748,03/17/2026 15:13:57,24.92,2468.48,,,,,
2749,03/17/2026 15:23:57,24.79,3738.88,,,,,
2750,03/17/2026 15:33:57,24.75,4227.84,,,,,
2751,03/17/2026 15:43:57,24.75,3929.60,,,,,
2752,03/17/2026 15:53:57,24.75,5429.76,,,,,
2753,03/17/2026 16:03:57,24.79,4456.96,,,,,
2754,03/17/2026 16:13:57,24.84,5424.64,,,,,
2755,03/17/2026 16:23:57,24.79,2506.24,,,,,
2756,03/17/2026 16:33:57,24.79,3717.12,,,,,
2757,03/17/2026 16:43:57,24.84,3910.40,,,,,
2758,03/17/2026 16:53:57,24.75,2996.48,,,,,
2759,03/17/2026 17:03:57,24.71,2069.76,,,,,
2760,03/17/2026 17:13:57,24.62,2752.00,,,,,
2761,03/17/2026 17:23:57,24.58,1429.12,,,,,
2762,03/17/2026 17:33:57,24.62,1723.52,,,,,
2763,03/17/2026 17:43:57,24.54,2339.84,,,,,
2764,03/17/2026 17:53:57,24.49,1096.96,,,,,
2765,03/17/2026 18:03:57,24.45,550.88,,,,,
2766,03/17/2026 18:13:57,24.41,604.16,,,,,
2767,03/17/2026 18:23:57,24.32,229.36,,,,,
2768,03/17/2026 18:33:57,24.28,110.24,,,,,
2769,03/17/2026 18:43:57,24.24,35.26,,,,,
2770,03/17/2026 18:53:57,24.19,5.29,,,,,
2771,03/17/2026 19:03:57,24.11,0.19,,,,,
2772,03/17/2026 19:13:57,24.11,0.00,,,,,
2773,03/17/2026 19:23:57,24.02,0.00,,,,,
2774,03/17/2026 19:33:57,24.02,0.00,,,,,
2775,03/17/2026 19:43:57,24.02,0.00,,,,,
2776,03/17/2026 19:53:57,23.98,0.00,,,,,
2777,03/17/2026 20:03:57,23.94,0.00,,,,,
2778,03/17/2026 20:13:57,23.98,0.00,,,,,
2779,03/17/2026 20:23:57,23.89,0.00,,,,,
2780,03/17/2026 20:33:57,23.89,0.00,,,,,
2781,03/17/2026 20:43:57,23.85,0.00,,,,,
2782,03/17/2026 20:53:57,23.89,0.00,,,,,
2783,03/17/2026 21:03:57,23.89,0.00,,,,,
2784,03/17/2026 21:13:57,23.81,0.00,,,,,
2785,03/17/2026 21:23:57,23.85,0.00,,,,,
2786,03/17/2026 21:33:57,23.81,0.00,,,,,
2787,03/17/2026 21:43:57,23.76,0.00,,,,,
2788,03/17/2026 21:53:57,23.76,0.00,,,,,
2789,03/17/2026 22:03:57,23.76,0.00,,,,,
2790,03/17/2026 22:13:57,23.72,0.00,,,,,
2791,03/17/2026 22:23:57,23.72,0.00,,,,,
2792,03/17/2026 22:33:57,23.76,0.00,,,,,
2793,03/17/2026 22:43:57,23.76,0.00,,,,,
2794,03/17/2026 22:53:57,23.72,0.00,,,,,
2795,03/17/2026 23:03:57,23.68,0.00,,,,,
2796,03/17/2026 23:13:57,23.68,0.00,,,,,
2797,03/17/2026 23:23:57,23.72,0.00,,,,,
2798,03/17/2026 23:33:57,23.72,0.00,,,,,
2799,03/17/2026 23:43:57,23.72,0.00,,,,,
2800,03/17/2026 23:53:57,23.72,0.00,,,,,
2801,03/18/2026 00:03:57,23.68,0.00,,,,,
2802,03/18/2026 00:13:57,23.72,0.00,,,,,
2803,03/18/2026 00:23:57,23.68,0.00,,,,,
2804,03/18/2026 00:33:57,23.68,0.00,,,,,
2805,03/18/2026 00:43:57,23.68,0.00,,,,,
2806,03/18/2026 00:53:57,23.72,0.00,,,,,
2807,03/18/2026 01:03:57,23.64,0.00,,,,,
2808,03/18/2026 01:13:57,23.64,0.00,,,,,
2809,03/18/2026 01:23:57,23.64,0.00,,,,,
2810,03/18/2026 01:33:57,23.59,0.00,,,,,
2811,03/18/2026 01:43:57,23.59,0.00,,,,,
2812,03/18/2026 01:53:57,23.55,0.00,,,,,
2813,03/18/2026 02:03:57,23.55,0.00,,,,,
2814,03/18/2026 02:13:57,23.55,0.00,,,,,
2815,03/18/2026 02:23:57,23.55,0.00,,,,,
2816,03/18/2026 02:33:57,23.55,0.00,,,,,
2817,03/18/2026 02:43:57,23.51,0.00,,,,,
2818,03/18/2026 02:53:57,23.51,0.00,,,,,
2819,03/18/2026 03:03:57,23.51,0.00,,,,,
2820,03/18/2026 03:13:57,23.51,0.00,,,,,
2821,03/18/2026 03:23:57,23.46,0.00,,,,,
2822,03/18/2026 03:33:57,23.42,0.00,,,,,
2823,03/18/2026 03:43:57,23.42,0.00,,,,,
2824,03/18/2026 03:53:57,23.42,0.00,,,,,
2825,03/18/2026 04:03:57,23.42,0.00,,,,,
2826,03/18/2026 04:13:57,23.38,0.00,,,,,
2827,03/18/2026 04:23:57,23.34,0.00,,,,,
2828,03/18/2026 04:33:57,23.38,0.00,,,,,
2829,03/18/2026 04:43:57,23.38,0.00,,,,,
2830,03/18/2026 04:53:57,23.38,0.00,,,,,
2831,03/18/2026 05:03:57,23.42,0.00,,,,,
2832,03/18/2026 05:13:57,23.42,0.00,,,,,
2833,03/18/2026 05:23:57,23.42,0.00,,,,,
2834,03/18/2026 05:33:57,23.42,0.00,,,,,
2835,03/18/2026 05:43:57,23.42,0.00,,,,,
2836,03/18/2026 05:53:57,23.46,0.00,,,,,
2837,03/18/2026 06:03:57,23.46,0.00,,,,,
2838,03/18/2026 06:13:57,23.46,0.19,,,,,
2839,03/18/2026 06:23:57,23.46,3.92,,,,,
2840,03/18/2026 06:33:57,23.51,35.63,,,,,
2841,03/18/2026 06:43:57,23.51,134.68,,,,,
2842,03/18/2026 06:53:57,23.51,593.12,,,,,
2843,03/18/2026 07:03:57,23.51,512.32,,,,,
2844,03/18/2026 07:13:57,23.55,605.76,,,,,
2845,03/18/2026 07:23:57,23.55,1083.52,,,,,
2846,03/18/2026 07:33:57,23.59,916.48,,,,,
2847,03/18/2026 07:43:57,23.68,1052.16,,,,,
2848,03/18/2026 07:53:57,23.68,1260.80,,,,,
2849,03/18/2026 08:03:57,23.72,2120.32,,,,,
2850,03/18/2026 08:13:57,23.81,2579.84,,,,,
2851,03/18/2026 08:23:57,23.81,1545.60,,,,,
2852,03/18/2026 08:33:57,23.85,2043.52,,,,,
2853,03/18/2026 08:43:57,23.94,2181.12,,,,,
2854,03/18/2026 08:53:57,24.02,1607.04,,,,,
2855,03/18/2026 09:03:57,24.32,6085.12,,,,,
2856,03/18/2026 09:13:57,24.45,3875.84,,,,,
2857,03/18/2026 09:23:57,24.62,5882.88,,,,,
2858,03/18/2026 09:33:57,24.84,6046.72,,,,,
2859,03/18/2026 09:43:57,25.05,7011.84,,,,,
2860,03/18/2026 09:53:57,25.09,5396.48,,,,,
2861,03/18/2026 10:03:57,25.09,2803.20,,,,,
2862,03/18/2026 10:13:57,25.09,3754.24,,,,,
2863,03/18/2026 10:23:57,25.09,3408.64,,,,,
2864,03/18/2026 10:33:57,25.14,3321.60,,,,,
2865,03/18/2026 10:43:57,25.44,25221.12,,,,,
2866,03/18/2026 10:53:57,26.12,14796.80,,,,,
2867,03/18/2026 11:03:57,26.04,6561.28,,,,,
2868,03/18/2026 11:13:57,26.42,14320.64,,,,,
2869,03/18/2026 11:23:57,26.68,20700.16,,,,,
2870,03/18/2026 11:33:57,26.98,22077.44,,,,,
2871,03/18/2026 11:43:57,26.98,20674.56,,,,,
2872,03/18/2026 11:53:57,27.11,17269.76,,,,,
2873,03/18/2026 12:03:57,27.41,16271.36,,,,,
2874,03/18/2026 12:13:57,27.50,7162.88,,,,,
2875,03/18/2026 12:23:57,27.71,15237.12,,,,,
2876,03/18/2026 12:33:57,27.67,15083.52,,,,,
2877,03/18/2026 12:43:57,27.54,11965.44,,,,,
2878,03/18/2026 12:53:57,27.88,18544.64,,,,,
2879,03/18/2026 13:03:57,27.58,7395.84,,,,,
2880,03/18/2026 13:13:57,27.41,6279.68,,,,,
2881,03/18/2026 13:23:57,27.28,7470.08,,,,,
2882,03/18/2026 13:33:57,27.28,11740.16,,,,,
2883,03/18/2026 13:43:57,27.67,25896.96,,,,,
2884,03/18/2026 13:53:57,27.58,15580.16,,,,,
2885,03/18/2026 14:03:57,27.24,5862.40,,,,,
2886,03/18/2026 14:13:57,27.15,7569.92,,,,,
2887,03/18/2026 14:23:57,27.24,8806.40,,,,,
2888,03/18/2026 14:33:57,27.07,7068.16,,,,,
2889,03/18/2026 14:43:57,26.94,6773.76,,,,,
2890,03/18/2026 14:53:57,26.81,6405.12,,,,,
2891,03/18/2026 15:03:57,26.64,5519.36,,,,,
2892,03/18/2026 15:13:57,26.60,5166.08,,,,,
2893,03/18/2026 15:23:57,26.42,3665.92,,,,,
2894,03/18/2026 15:33:57,26.34,4296.96,,,,,
2895,03/18/2026 15:43:57,26.25,2919.68,,,,,
2896,03/18/2026 15:53:57,26.12,2949.12,,,,,
2897,03/18/2026 16:03:57,26.21,6786.56,,,,,
2898,03/18/2026 16:13:57,26.12,2696.96,,,,,
2899,03/18/2026 16:23:57,25.99,2332.16,,,,,
2900,03/18/2026 16:33:57,25.87,2124.80,,,,,
2901,03/18/2026 16:43:57,25.82,2982.40,,,,,
2902,03/18/2026 16:53:57,25.65,1313.28,,,,,
2903,03/18/2026 17:03:57,25.48,797.12,,,,,
2904,03/18/2026 17:13:57,25.52,1811.20,,,,,
2905,03/18/2026 17:23:57,25.48,1564.80,,,,,
2906,03/18/2026 17:33:57,25.48,1729.92,,,,,
2907,03/18/2026 17:43:57,25.44,2069.76,,,,,
2908,03/18/2026 17:53:57,25.39,1394.56,,,,,
2909,03/18/2026 18:03:57,25.31,576.32,,,,,
2910,03/18/2026 18:13:57,25.31,458.08,,,,,
2911,03/18/2026 18:23:57,25.27,161.52,,,,,
2912,03/18/2026 18:33:57,25.18,116.52,,,,,
2913,03/18/2026 18:43:57,25.14,42.32,,,,,
2914,03/18/2026 18:53:57,25.09,6.66,,,,,
2915,03/18/2026 19:03:57,25.05,0.19,,,,,
2916,03/18/2026 19:13:57,25.01,0.00,,,,,
2917,03/18/2026 19:23:57,24.92,0.00,,,,,
2918,03/18/2026 19:33:57,24.92,0.00,,,,,
2919,03/18/2026 19:43:57,24.84,0.00,,,,,
2920,03/18/2026 19:53:57,24.79,0.00,,,,,
2921,03/18/2026 20:03:57,24.79,0.00,,,,,
2922,03/18/2026 20:13:57,24.66,0.00,,,,,
2923,03/18/2026 20:23:57,24.58,0.00,,,,,
2924,03/18/2026 20:33:57,24.62,0.00,,,,,
2925,03/18/2026 20:43:57,24.58,0.00,,,,,
2926,03/18/2026 20:53:57,24.58,0.00,,,,,
2927,03/18/2026 21:03:57,24.54,0.00,,,,,
2928,03/18/2026 21:13:57,24.49,0.00,,,,,
2929,03/18/2026 21:23:57,24.45,0.00,,,,,
2930,03/18/2026 21:33:57,24.41,0.00,,,,,
2931,03/18/2026 21:43:57,24.41,0.00,,,,,
2932,03/18/2026 21:53:57,24.41,0.00,,,,,
2933,03/18/2026 22:03:57,24.36,0.00,,,,,
2934,03/18/2026 22:13:57,24.32,0.00,,,,,
2935,03/18/2026 22:23:57,24.32,0.00,,,,,
2936,03/18/2026 22:33:57,24.36,0.00,,,,,
2937,03/18/2026 22:43:57,24.28,0.00,,,,,
2938,03/18/2026 22:53:57,24.28,0.00,,,,,
2939,03/18/2026 23:03:57,24.19,0.00,,,,,
2940,03/18/2026 23:13:57,24.19,0.00,,,,,
2941,03/18/2026 23:23:57,24.19,0.00,,,,,
2942,03/18/2026 23:33:57,24.11,0.00,,,,,
2943,03/18/2026 23:43:57,24.15,0.00,,,,,
2944,03/18/2026 23:53:57,24.06,0.00,,,,,
2945,03/19/2026 00:03:57,24.06,0.00,,,,,
2946,03/19/2026 00:13:57,23.98,0.00,,,,,
2947,03/19/2026 00:23:57,24.02,0.00,,,,,
2948,03/19/2026 00:33:57,23.98,0.00,,,,,
2949,03/19/2026 00:43:57,23.98,0.00,,,,,
2950,03/19/2026 00:53:57,23.98,0.00,,,,,
2951,03/19/2026 01:03:57,23.94,0.00,,,,,
2952,03/19/2026 01:13:57,23.89,0.00,,,,,
2953,03/19/2026 01:23:57,23.89,0.00,,,,,
2954,03/19/2026 01:33:57,23.85,0.00,,,,,
2955,03/19/2026 01:43:57,23.85,0.00,,,,,
2956,03/19/2026 01:53:57,23.81,0.00,,,,,
2957,03/19/2026 02:03:57,23.81,0.00,,,,,
2958,03/19/2026 02:13:57,23.81,0.00,,,,,
2959,03/19/2026 02:23:57,23.85,0.00,,,,,
2960,03/19/2026 02:33:57,23.81,0.00,,,,,
2961,03/19/2026 02:43:57,23.81,0.00,,,,,
2962,03/19/2026 02:53:57,23.81,0.00,,,,,
2963,03/19/2026 03:03:57,23.76,0.00,,,,,
2964,03/19/2026 03:13:57,23.72,0.00,,,,,
2965,03/19/2026 03:23:57,23.76,0.00,,,,,
2966,03/19/2026 03:33:57,23.76,0.00,,,,,
2967,03/19/2026 03:43:57,23.76,0.00,,,,,
2968,03/19/2026 03:53:57,23.81,0.00,,,,,
2969,03/19/2026 04:03:57,23.76,0.00,,,,,
2970,03/19/2026 04:13:57,23.76,0.00,,,,,
2971,03/19/2026 04:23:57,23.76,0.00,,,,,
2972,03/19/2026 04:33:57,23.76,0.00,,,,,
2973,03/19/2026 04:43:57,23.76,0.00,,,,,
2974,03/19/2026 04:53:57,23.76,0.00,,,,,
2975,03/19/2026 05:03:57,23.81,0.00,,,,,
2976,03/19/2026 05:13:57,23.81,0.00,,,,,
2977,03/19/2026 05:23:57,23.76,0.00,,,,,
2978,03/19/2026 05:33:57,23.81,0.00,,,,,
2979,03/19/2026 05:43:57,23.89,0.00,,,,,
2980,03/19/2026 05:53:57,23.81,0.00,,,,,
2981,03/19/2026 06:03:57,23.81,0.00,,,,,
2982,03/19/2026 06:13:57,23.81,0.19,,,,,
2983,03/19/2026 06:23:57,23.89,3.13,,,,,
2984,03/19/2026 06:33:57,23.89,19.65,,,,,
2985,03/19/2026 06:43:57,23.89,68.50,,,,,
2986,03/19/2026 06:53:57,23.85,175.04,,,,,
2987,03/19/2026 07:03:57,23.94,161.52,,,,,
2988,03/19/2026 07:13:57,23.98,537.44,,,,,
2989,03/19/2026 07:23:57,23.94,602.56,,,,,
2990,03/19/2026 07:33:57,23.94,792.32,,,,,
2991,03/19/2026 07:43:57,23.98,754.24,,,,,
2992,03/19/2026 07:53:57,23.98,661.44,,,,,
2993,03/19/2026 08:03:57,24.02,991.04,,,,,
2994,03/19/2026 08:13:57,24.06,1745.28,,,,,
2995,03/19/2026 08:23:57,24.06,1452.80,,,,,
2996,03/19/2026 08:33:57,24.11,1518.72,,,,,
2997,03/19/2026 08:43:57,24.15,2864.64,,,,,
2998,03/19/2026 08:53:57,24.19,1257.60,,,,,
2999,03/19/2026 09:03:57,24.24,2065.28,,,,,
3000,03/19/2026 09:13:57,24.28,5437.44,,,,,
3001,03/19/2026 09:23:57,24.41,4560.64,,,,,
3002,03/19/2026 09:33:57,24.49,4936.96,,,,,
3003,03/19/2026 09:43:57,24.58,5015.04,,,,,
3004,03/19/2026 09:53:57,24.66,4437.76,,,,,
3005,03/19/2026 10:03:57,24.62,3750.40,,,,,
3006,03/19/2026 10:13:57,24.66,3537.92,,,,,
3007,03/19/2026 10:23:57,24.75,4904.96,,,,,
3008,03/19/2026 10:33:57,24.88,6929.92,,,,,
3009,03/19/2026 10:43:57,24.92,5913.60,,,,,
3010,03/19/2026 10:53:57,25.05,6543.36,,,,,
3011,03/19/2026 11:03:57,24.97,3509.76,,,,,
3012,03/19/2026 11:13:57,25.01,4716.80,,,,,
3013,03/19/2026 11:23:57,25.09,5836.80,,,,,
3014,03/19/2026 11:33:57,25.09,5114.88,,,,,
3015,03/19/2026 11:43:57,25.05,3754.24,,,,,
3016,03/19/2026 11:53:57,25.18,8148.48,,,,,
3017,03/19/2026 12:03:57,25.31,8015.36,,,,,
3018,03/19/2026 12:13:57,25.14,3208.96,,,,,
3019,03/19/2026 12:23:57,25.18,5404.16,,,,,
3020,03/19/2026 12:33:57,25.22,5058.56,,,,,
3021,03/19/2026 12:43:57,25.35,6440.96,,,,,
3022,03/19/2026 12:53:57,25.22,2382.08,,,,,
3023,03/19/2026 13:03:57,25.35,8430.08,,,,,
3024,03/19/2026 13:13:57,25.44,8110.08,,,,,
3025,03/19/2026 13:23:57,25.44,5304.32,,,,,
3026,03/19/2026 13:33:57,25.44,6154.24,,,,,
3027,03/19/2026 13:43:57,25.31,2214.40,,,,,
3028,03/19/2026 13:53:57,25.22,3566.08,,,,,
3029,03/19/2026 14:03:57,25.18,3453.44,,,,,
3030,03/19/2026 14:13:57,25.18,5644.80,,,,,
3031,03/19/2026 14:23:57,25.22,5934.08,,,,,
3032,03/19/2026 14:33:57,25.22,6824.96,,,,,
3033,03/19/2026 14:43:57,25.27,4303.36,,,,,
3034,03/19/2026 14:53:57,25.22,3198.72,,,,,
3035,03/19/2026 15:03:57,25.31,3628.80,,,,,
3036,03/19/2026 15:13:57,25.31,3098.88,,,,,
3037,03/19/2026 15:23:57,25.22,2567.04,,,,,
3038,03/19/2026 15:33:57,25.22,2775.04,,,,,
3039,03/19/2026 15:43:57,25.22,3481.60,,,,,
3040,03/19/2026 15:53:57,25.18,2145.28,,,,,
3041,03/19/2026 16:03:57,25.14,2206.72,,,,,
3042,03/19/2026 16:13:57,25.05,1895.68,,,,,
3043,03/19/2026 16:23:57,24.92,675.52,,,,,
3044,03/19/2026 16:33:57,24.88,762.24,,,,,
3045,03/19/2026 16:43:57,24.84,803.20,,,,,
3046,03/19/2026 16:53:57,24.71,644.16,,,,,
3047,03/19/2026 17:03:57,24.71,891.52,,,,,
3048,03/19/2026 17:13:57,24.66,488.16,,,,,
3049,03/19/2026 17:23:57,24.62,750.40,,,,,
3050,03/19/2026 17:33:57,24.58,448.48,,,,,
3051,03/19/2026 17:43:57,24.49,282.08,,,,,
3052,03/19/2026 17:53:57,24.54,227.76,,,,,
3053,03/19/2026 18:03:57,24.49,182.88,,,,,
3054,03/19/2026 18:13:57,24.41,40.19,,,,,
3055,03/19/2026 18:23:57,24.36,31.51,,,,,
3056,03/19/2026 18:33:57,24.36,18.08,,,,,
3057,03/19/2026 18:43:57,24.28,3.52,,,,,
3058,03/19/2026 18:53:57,24.28,0.78,,,,,
3059,03/19/2026 19:03:57,24.24,0.00,,,,,
3060,03/19/2026 19:13:57,24.19,0.00,,,,,
3061,03/19/2026 19:23:57,24.19,0.00,,,,,
3062,03/19/2026 19:33:57,24.19,0.00,,,,,
3063,03/19/2026 19:43:57,24.19,0.00,,,,,
3064,03/19/2026 19:53:57,24.19,0.00,,,,,
3065,03/19/2026 20:03:57,24.11,0.00,,,,,
3066,03/19/2026 20:13:57,24.15,0.00,,,,,
3067,03/19/2026 20:23:57,24.15,0.00,,,,,
3068,03/19/2026 20:33:57,24.11,0.00,,,,,
3069,03/19/2026 20:43:57,24.11,0.00,,,,,
3070,03/19/2026 20:53:57,24.06,0.00,,,,,
3071,03/19/2026 21:03:57,24.06,0.00,,,,,
3072,03/19/2026 21:13:57,24.02,0.00,,,,,
3073,03/19/2026 21:23:57,24.02,0.00,,,,,
3074,03/19/2026 21:33:57,24.02,0.00,,,,,
3075,03/19/2026 21:43:57,23.98,0.00,,,,,
3076,03/19/2026 21:53:57,24.02,0.00,,,,,
3077,03/19/2026 22:03:57,23.98,0.00,,,,,
3078,03/19/2026 22:13:57,23.98,0.00,,,,,
3079,03/19/2026 22:23:57,23.98,0.00,,,,,
3080,03/19/2026 22:33:57,23.94,0.00,,,,,
3081,03/19/2026 22:43:57,24.02,0.00,,,,,
3082,03/19/2026 22:53:57,24.02,0.00,,,,,
3083,03/19/2026 23:03:57,23.98,0.00,,,,,
3084,03/19/2026 23:13:57,23.98,0.00,,,,,
3085,03/19/2026 23:23:57,24.02,0.00,,,,,
3086,03/19/2026 23:33:57,23.98,0.00,,,,,
3087,03/19/2026 23:43:57,23.98,0.00,,,,,
3088,03/19/2026 23:53:57,23.98,0.00,,,,,
3089,03/20/2026 00:03:57,23.94,0.00,,,,,
3090,03/20/2026 00:13:57,23.98,0.00,,,,,
3091,03/20/2026 00:23:57,23.94,0.00,,,,,
3092,03/20/2026 00:33:57,23.94,0.00,,,,,
3093,03/20/2026 00:43:57,23.89,0.00,,,,,
3094,03/20/2026 00:53:57,23.94,0.00,,,,,
3095,03/20/2026 01:03:57,23.89,0.00,,,,,
3096,03/20/2026 01:13:57,23.85,0.00,,,,,
3097,03/20/2026 01:23:57,23.89,0.00,,,,,
3098,03/20/2026 01:33:57,23.81,0.00,,,,,
3099,03/20/2026 01:43:57,23.89,0.00,,,,,
3100,03/20/2026 01:53:57,23.85,0.00,,,,,
3101,03/20/2026 02:03:57,23.85,0.00,,,,,
3102,03/20/2026 02:13:57,23.81,0.00,,,,,
3103,03/20/2026 02:23:57,23.89,0.00,,,,,
3104,03/20/2026 02:33:57,23.89,0.00,,,,,
3105,03/20/2026 02:43:57,23.89,0.00,,,,,
3106,03/20/2026 02:53:57,23.89,0.00,,,,,
3107,03/20/2026 03:03:57,23.81,0.00,,,,,
3108,03/20/2026 03:13:57,23.85,0.00,,,,,
3109,03/20/2026 03:23:57,23.81,0.00,,,,,
3110,03/20/2026 03:33:57,23.76,0.00,,,,,
3111,03/20/2026 03:43:57,23.76,0.00,,,,,
3112,03/20/2026 03:53:57,23.76,0.00,,,,,
3113,03/20/2026 04:03:57,23.72,0.00,,,,,
3114,03/20/2026 04:13:57,23.72,0.00,,,,,
3115,03/20/2026 04:23:57,23.76,0.00,,,,,
3116,03/20/2026 04:33:57,23.76,0.00,,,,,
3117,03/20/2026 04:43:57,23.68,0.00,,,,,
3118,03/20/2026 04:53:57,23.68,0.00,,,,,
3119,03/20/2026 05:03:57,23.72,0.00,,,,,
3120,03/20/2026 05:13:57,23.68,0.00,,,,,
3121,03/20/2026 05:23:57,23.72,0.00,,,,,
3122,03/20/2026 05:33:57,23.76,0.00,,,,,
3123,03/20/2026 05:43:57,23.76,0.00,,,,,
3124,03/20/2026 05:53:57,23.72,0.00,,,,,
3125,03/20/2026 06:03:57,23.81,0.00,,,,,
3126,03/20/2026 06:13:57,23.81,0.00,,,,,
3127,03/20/2026 06:23:57,23.72,3.33,,,,,
3128,03/20/2026 06:33:57,23.81,9.01,,,,,
3129,03/20/2026 06:43:57,23.81,42.90,,,,,
3130,03/20/2026 06:53:57,23.89,89.00,,,,,
3131,03/20/2026 07:03:57,23.81,125.96,,,,,
3132,03/20/2026 07:13:57,23.89,298.72,,,,,
3133,03/20/2026 07:23:57,23.89,597.44,,,,,
3134,03/20/2026 07:33:57,23.94,256.00,,,,,
3135,03/20/2026 07:43:57,23.94,564.48,,,,,
3136,03/20/2026 07:53:57,23.98,1275.84,,,,,
3137,03/20/2026 08:03:57,24.06,1679.36,,,,,
3138,03/20/2026 08:13:57,24.11,1524.48,,,,,
3139,03/20/2026 08:23:57,24.19,2507.52,,,,,
3140,03/20/2026 08:33:57,24.19,319.12,,,,,
3141,03/20/2026 08:43:57,24.24,591.20,,,,,
3142,03/20/2026 08:53:57,24.24,769.92,,,,,
3143,03/20/2026 09:03:57,24.24,1013.76,,,,,
3144,03/20/2026 09:13:57,24.45,9341.44,,,,,
3145,03/20/2026 09:23:57,24.45,1626.24,,,,,
3146,03/20/2026 09:33:57,24.45,3412.48,,,,,
3147,03/20/2026 09:43:57,24.49,1539.84,,,,,
3148,03/20/2026 09:53:57,24.45,1873.92,,,,,
3149,03/20/2026 10:03:57,24.49,481.44,,,,,
3150,03/20/2026 10:13:57,24.41,599.84,,,,,
3151,03/20/2026 10:23:57,24.41,1344.00,,,,,
3152,03/20/2026 10:33:57,24.41,2176.64,,,,,
3153,03/20/2026 10:43:57,24.49,3665.92,,,,,
3154,03/20/2026 10:53:57,24.58,3494.40,,,,,
3155,03/20/2026 11:03:57,24.66,2579.84,,,,,
3156,03/20/2026 11:13:57,24.66,2961.92,,,,,
3157,03/20/2026 11:23:57,24.71,2085.76,,,,,
3158,03/20/2026 11:33:57,24.79,3832.32,,,,,
3159,03/20/2026 11:43:57,24.84,3866.88,,,,,
3160,03/20/2026 11:53:57,24.84,2876.16,,,,,
3161,03/20/2026 12:03:57,24.84,2228.48,,,,,
3162,03/20/2026 12:13:57,24.97,6794.24,,,,,
3163,03/20/2026 12:23:57,25.01,4108.80,,,,,
3164,03/20/2026 12:33:57,25.09,3609.60,,,,,
3165,03/20/2026 12:43:57,25.14,3033.60,,,,,
3166,03/20/2026 12:53:57,25.14,2400.64,,,,,
3167,03/20/2026 13:03:57,25.35,16358.40,,,,,
3168,03/20/2026 13:13:57,25.48,7534.08,,,,,
3169,03/20/2026 13:23:57,25.44,2629.12,,,,,
3170,03/20/2026 13:33:57,25.52,5701.12,,,,,
3171,03/20/2026 13:43:57,25.87,5642.24,,,,,
3172,03/20/2026 13:53:57,25.91,10480.64,,,,,
3173,03/20/2026 14:03:57,26.04,6561.28,,,,,
3174,03/20/2026 14:13:57,26.17,6353.92,,,,,
3175,03/20/2026 14:23:57,26.25,6635.52,,,,,
3176,03/20/2026 14:33:57,26.34,5480.96,,,,,
3177,03/20/2026 14:43:57,26.47,7006.72,,,,,
3178,03/20/2026 14:53:57,26.47,4184.32,,,,,
3179,03/20/2026 15:03:57,26.60,5265.92,,,,,
3180,03/20/2026 15:13:57,26.64,5565.44,,,,,
3181,03/20/2026 15:23:57,26.77,6417.92,,,,,
3182,03/20/2026 15:33:57,26.81,5376.00,,,,,
3183,03/20/2026 15:43:57,26.72,4227.84,,,,,
3184,03/20/2026 15:53:57,26.68,3001.60,,,,,
3185,03/20/2026 16:03:57,26.60,3838.72,,,,,
3186,03/20/2026 16:13:57,26.55,3616.00,,,,,
3187,03/20/2026 16:23:57,26.51,2982.40,,,,,
3188,03/20/2026 16:33:57,26.38,1867.52,,,,,
3189,03/20/2026 16:43:57,26.25,1974.40,,,,,
3190,03/20/2026 16:53:57,26.12,1902.08,,,,,
3191,03/20/2026 17:03:57,26.08,1107.84,,,,,
3192,03/20/2026 17:13:57,25.91,940.16,,,,,
3193,03/20/2026 17:23:57,25.78,761.28,,,,,
3194,03/20/2026 17:33:57,25.69,878.08,,,,,
3195,03/20/2026 17:43:57,25.61,1030.40,,,,,
3196,03/20/2026 17:53:57,25.57,1313.92,,,,,
3197,03/20/2026 18:03:57,25.48,1227.84,,,,,
3198,03/20/2026 18:13:57,25.39,304.24,,,,,
3199,03/20/2026 18:23:57,25.31,145.76,,,,,
3200,03/20/2026 18:33:57,25.27,90.20,,,,,
3201,03/20/2026 18:43:57,25.18,13.94,,,,,
3202,03/20/2026 18:53:57,25.09,1.96,,,,,
3203,03/20/2026 19:03:57,25.01,0.00,,,,,
3204,03/20/2026 19:13:57,24.88,0.00,,,,,
3205,03/20/2026 19:23:57,24.88,0.00,,,,,
3206,03/20/2026 19:33:57,24.84,0.00,,,,,
3207,03/20/2026 19:43:57,24.79,0.00,,,,,
3208,03/20/2026 19:53:57,24.79,0.00,,,,,
3209,03/20/2026 20:03:57,24.79,0.00,,,,,
3210,03/20/2026 20:13:57,24.71,0.00,,,,,
3211,03/20/2026 20:23:57,24.66,0.00,,,,,
3212,03/20/2026 20:33:57,24.62,0.00,,,,,
3213,03/20/2026 20:43:57,24.58,0.00,,,,,
3214,03/20/2026 20:53:57,24.54,0.00,,,,,
3215,03/20/2026 21:03:57,24.41,0.00,,,,,
3216,03/20/2026 21:13:57,24.36,0.00,,,,,
3217,03/20/2026 21:23:57,24.32,0.00,,,,,
3218,03/20/2026 21:33:57,24.28,0.00,,,,,
3219,03/20/2026 21:43:57,24.24,0.00,,,,,
3220,03/20/2026 21:53:57,24.24,0.00,,,,,
3221,03/20/2026 22:03:57,24.24,0.00,,,,,
3222,03/20/2026 22:13:57,24.24,0.00,,,,,
3223,03/20/2026 22:23:57,24.24,0.00,,,,,
3224,03/20/2026 22:33:57,24.32,0.00,,,,,
3225,03/20/2026 22:43:57,24.28,0.00,,,,,
3226,03/20/2026 22:53:57,24.28,0.00,,,,,
3227,03/20/2026 23:03:57,24.28,0.00,,,,,
3228,03/20/2026 23:13:57,24.36,0.00,,,,,
3229,03/20/2026 23:23:57,24.32,0.00,,,,,
3230,03/20/2026 23:33:57,24.32,0.00,,,,,
3231,03/20/2026 23:43:57,24.32,0.00,,,,,
3232,03/20/2026 23:53:57,24.36,0.00,,,,,
3233,03/21/2026 00:03:57,24.32,0.00,,,,,
3234,03/21/2026 00:13:57,24.36,0.00,,,,,
3235,03/21/2026 00:23:57,24.32,0.00,,,,,
3236,03/21/2026 00:33:57,24.36,0.00,,,,,
3237,03/21/2026 00:43:57,24.32,0.00,,,,,
3238,03/21/2026 00:53:57,24.36,0.00,,,,,
3239,03/21/2026 01:03:57,24.36,0.00,,,,,
3240,03/21/2026 01:13:57,24.32,0.00,,,,,
3241,03/21/2026 01:23:57,24.32,0.00,,,,,
3242,03/21/2026 01:33:57,24.32,0.00,,,,,
3243,03/21/2026 01:43:57,24.28,0.00,,,,,
3244,03/21/2026 01:53:57,24.28,0.00,,,,,
3245,03/21/2026 02:03:57,24.28,0.00,,,,,
3246,03/21/2026 02:13:57,24.24,0.00,,,,,
3247,03/21/2026 02:23:57,24.19,0.00,,,,,
3248,03/21/2026 02:33:57,24.24,0.00,,,,,
3249,03/21/2026 02:43:57,24.24,0.00,,,,,
3250,03/21/2026 02:53:57,24.24,0.00,,,,,
3251,03/21/2026 03:03:57,24.28,0.00,,,,,
3252,03/21/2026 03:13:57,24.24,0.00,,,,,
3253,03/21/2026 03:23:57,24.28,0.00,,,,,
3254,03/21/2026 03:33:57,24.28,0.00,,,,,
3255,03/21/2026 03:43:57,24.28,0.00,,,,,
3256,03/21/2026 03:53:57,24.28,0.00,,,,,
3257,03/21/2026 04:03:57,24.28,0.00,,,,,
3258,03/21/2026 04:13:57,24.28,0.00,,,,,
3259,03/21/2026 04:23:57,24.28,0.00,,,,,
3260,03/21/2026 04:33:57,24.19,0.00,,,,,
3261,03/21/2026 04:43:57,24.15,0.00,,,,,
3262,03/21/2026 04:53:57,24.19,0.00,,,,,
3263,03/21/2026 05:03:57,24.15,0.00,,,,,
3264,03/21/2026 05:13:57,24.11,0.00,,,,,
3265,03/21/2026 05:23:57,24.15,0.00,,,,,
3266,03/21/2026 05:33:57,24.11,0.00,,,,,
3267,03/21/2026 05:43:57,24.11,0.00,,,,,
3268,03/21/2026 05:53:57,24.15,0.00,,,,,
3269,03/21/2026 06:03:57,24.11,0.00,,,,,
3270,03/21/2026 06:13:57,24.15,0.00,,,,,
3271,03/21/2026 06:23:57,24.06,5.88,,,,,
3272,03/21/2026 06:33:57,24.11,21.44,,,,,
3273,03/21/2026 06:43:57,24.06,57.88,,,,,
3274,03/21/2026 06:53:57,24.11,68.50,,,,,
3275,03/21/2026 07:03:57,24.11,59.84,,,,,
3276,03/21/2026 07:13:57,24.02,98.84,,,,,
3277,03/21/2026 07:23:57,23.98,185.20,,,,,
3278,03/21/2026 07:33:57,24.06,139.36,,,,,
3279,03/21/2026 07:43:57,23.98,186.72,,,,,
3280,03/21/2026 07:53:57,23.98,280.40,,,,,
3281,03/21/2026 08:03:57,23.98,1001.92,,,,,
3282,03/21/2026 08:13:57,24.02,1352.96,,,,,
3283,03/21/2026 08:23:57,24.06,1585.28,,,,,
3284,03/21/2026 08:33:57,24.06,2305.28,,,,,
3285,03/21/2026 08:43:57,24.15,1961.60,,,,,
3286,03/21/2026 08:53:57,24.24,2064.00,,,,,
3287,03/21/2026 09:03:57,24.36,3374.08,,,,,
3288,03/21/2026 09:13:57,24.49,2069.76,,,,,
3289,03/21/2026 09:23:57,24.71,2322.56,,,,,
3290,03/21/2026 09:33:57,24.92,2426.24,,,,,
3291,03/21/2026 09:43:57,25.22,1775.36,,,,,
3292,03/21/2026 09:53:57,25.48,4610.56,,,,,
3293,03/21/2026 10:03:57,25.57,4303.36,,,,,
3294,03/21/2026 10:13:57,25.57,3929.60,,,,,
3295,03/21/2026 10:23:57,25.61,4898.56,,,,,
3296,03/21/2026 10:33:57,25.61,3125.76,,,,,
3297,03/21/2026 10:43:57,25.57,2559.36,,,,,
3298,03/21/2026 10:53:57,25.52,2728.96,,,,,
3299,03/21/2026 11:03:57,25.52,3735.04,,,,,
3300,03/21/2026 11:13:57,25.57,4898.56,,,,,
3301,03/21/2026 11:23:57,25.65,4052.48,,,,,
3302,03/21/2026 11:33:57,25.65,2117.12,,,,,
3303,03/21/2026 11:43:57,25.69,2168.96,,,,,
3304,03/21/2026 11:53:57,25.87,2636.80,,,,,
3305,03/21/2026 12:03:57,25.99,4510.72,,,,,
3306,03/21/2026 12:13:57,26.12,5350.40,,,,,
3307,03/21/2026 12:23:57,26.38,9792.00,,,,,
3308,03/21/2026 12:33:57,26.81,5352.96,,,,,
3309,03/21/2026 12:43:57,26.90,6080.00,,,,,
3310,03/21/2026 12:53:57,26.98,12948.48,,,,,
3311,03/21/2026 13:03:57,27.07,5980.16,,,,,
3312,03/21/2026 13:13:57,27.07,3321.60,,,,,
3313,03/21/2026 13:23:57,27.28,7946.24,,,,,
3314,03/21/2026 13:33:57,27.32,10542.08,,,,,
3315,03/21/2026 13:43:57,27.41,15237.12,,,,,
3316,03/21/2026 13:53:57,27.41,5849.60,,,,,
3317,03/21/2026 14:03:57,27.41,3156.48,,,,,
3318,03/21/2026 14:13:57,27.32,2634.24,,,,,
3319,03/21/2026 14:23:57,27.41,3153.92,,,,,
3320,03/21/2026 14:33:57,27.37,2983.68,,,,,
3321,03/21/2026 14:43:57,27.24,1324.16,,,,,
3322,03/21/2026 14:53:57,27.24,2497.92,,,,,
3323,03/21/2026 15:03:57,27.20,3371.52,,,,,
3324,03/21/2026 15:13:57,27.24,3494.40,,,,,
3325,03/21/2026 15:23:57,27.15,2543.36,,,,,
3326,03/21/2026 15:33:57,27.07,1955.20,,,,,
3327,03/21/2026 15:43:57,27.02,1300.80,,,,,
3328,03/21/2026 15:53:57,26.90,1242.88,,,,,
3329,03/21/2026 16:03:57,26.85,1500.80,,,,,
3330,03/21/2026 16:13:57,26.81,2928.64,,,,,
3331,03/21/2026 16:23:57,26.81,4111.36,,,,,
3332,03/21/2026 16:33:57,26.81,2148.48,,,,,
3333,03/21/2026 16:43:57,26.81,2234.88,,,,,
3334,03/21/2026 16:53:57,26.64,886.72,,,,,
3335,03/21/2026 17:03:57,26.60,1088.32,,,,,
3336,03/21/2026 17:13:57,26.51,1485.44,,,,,
3337,03/21/2026 17:23:57,26.42,2032.64,,,,,
3338,03/21/2026 17:33:57,26.47,2181.12,,,,,
3339,03/21/2026 17:43:57,26.38,945.60,,,,,
3340,03/21/2026 17:53:57,26.34,792.32,,,,,
3341,03/21/2026 18:03:57,26.25,1312.64,,,,,
3342,03/21/2026 18:13:57,26.17,262.48,,,,,
3343,03/21/2026 18:23:57,26.04,229.36,,,,,
3344,03/21/2026 18:33:57,25.95,77.24,,,,,
3345,03/21/2026 18:43:57,25.82,27.20,,,,,
3346,03/21/2026 18:53:57,25.78,4.90,,,,,
3347,03/21/2026 19:03:57,25.69,0.19,,,,,
3348,03/21/2026 19:13:57,25.61,0.00,,,,,
3349,03/21/2026 19:23:57,25.57,0.00,,,,,
3350,03/21/2026 19:33:57,25.48,0.00,,,,,
3351,03/21/2026 19:43:57,25.44,0.00,,,,,
3352,03/21/2026 19:53:57,25.39,0.00,,,,,
3353,03/21/2026 20:03:57,25.27,0.00,,,,,
3354,03/21/2026 20:13:57,25.22,0.00,,,,,
3355,03/21/2026 20:23:57,25.22,0.00,,,,,
3356,03/21/2026 20:33:57,25.18,0.00,,,,,
3357,03/21/2026 20:43:57,25.09,0.00,,,,,
3358,03/21/2026 20:53:57,25.05,0.00,,,,,
3359,03/21/2026 21:03:57,25.01,0.00,,,,,
3360,03/21/2026 21:13:57,25.01,0.00,,,,,
3361,03/21/2026 21:23:57,25.01,0.00,,,,,
3362,03/21/2026 21:33:57,24.92,0.00,,,,,
3363,03/21/2026 21:43:57,24.92,0.00,,,,,
3364,03/21/2026 21:53:57,24.88,0.00,,,,,
3365,03/21/2026 22:03:57,24.88,0.00,,,,,
3366,03/21/2026 22:13:57,24.88,0.00,,,,,
3367,03/21/2026 22:23:57,24.84,0.00,,,,,
3368,03/21/2026 22:33:57,24.79,0.00,,,,,
3369,03/21/2026 22:43:57,24.79,0.00,,,,,
3370,03/21/2026 22:53:57,24.75,0.00,,,,,
3371,03/21/2026 23:03:57,24.75,0.00,,,,,
3372,03/21/2026 23:13:57,24.75,0.00,,,,,
3373,03/21/2026 23:23:57,24.71,0.00,,,,,
3374,03/21/2026 23:33:57,24.71,0.00,,,,,
3375,03/21/2026 23:43:57,24.75,0.00,,,,,
3376,03/21/2026 23:53:57,24.71,0.00,,,,,
3377,03/22/2026 00:03:57,24.66,0.00,,,,,
3378,03/22/2026 00:13:57,24.62,0.00,,,,,
3379,03/22/2026 00:23:57,24.62,0.00,,,,,
3380,03/22/2026 00:33:57,24.58,0.00,,,,,
3381,03/22/2026 00:43:57,24.58,0.00,,,,,
3382,03/22/2026 00:53:57,24.58,0.00,,,,,
3383,03/22/2026 01:03:57,24.54,0.00,,,,,
3384,03/22/2026 01:13:57,24.54,0.00,,,,,
3385,03/22/2026 01:23:57,24.49,0.00,,,,,
3386,03/22/2026 01:33:57,24.54,0.00,,,,,
3387,03/22/2026 01:43:57,24.45,0.00,,,,,
3388,03/22/2026 01:53:57,24.41,0.00,,,,,
3389,03/22/2026 02:03:57,24.45,0.00,,,,,
3390,03/22/2026 02:13:57,24.36,0.00,,,,,
3391,03/22/2026 02:23:57,24.36,0.00,,,,,
3392,03/22/2026 02:33:57,24.41,0.00,,,,,
3393,03/22/2026 02:43:57,24.36,0.00,,,,,
3394,03/22/2026 02:53:57,24.36,0.00,,,,,
3395,03/22/2026 03:03:57,24.32,0.00,,,,,
3396,03/22/2026 03:13:57,24.28,0.00,,,,,
3397,03/22/2026 03:23:57,24.36,0.00,,,,,
3398,03/22/2026 03:33:57,24.32,0.00,,,,,
3399,03/22/2026 03:43:57,24.32,0.00,,,,,
3400,03/22/2026 03:53:57,24.32,0.00,,,,,
3401,03/22/2026 04:03:57,24.32,0.00,,,,,
3402,03/22/2026 04:13:57,24.32,0.00,,,,,
3403,03/22/2026 04:23:57,24.28,0.00,,,,,
3404,03/22/2026 04:33:57,24.32,0.00,,,,,
3405,03/22/2026 04:43:57,24.36,0.00,,,,,
3406,03/22/2026 04:53:57,24.32,0.00,,,,,
3407,03/22/2026 05:03:57,24.28,0.00,,,,,
3408,03/22/2026 05:13:57,24.32,0.00,,,,,
3409,03/22/2026 05:23:57,24.32,0.00,,,,,
3410,03/22/2026 05:33:57,24.28,0.00,,,,,
3411,03/22/2026 05:43:57,24.28,0.00,,,,,
3412,03/22/2026 05:53:57,24.32,0.00,,,,,
3413,03/22/2026 06:03:57,24.36,0.00,,,,,
3414,03/22/2026 06:13:57,24.28,0.19,,,,,
3415,03/22/2026 06:23:57,24.32,7.25,,,,,
3416,03/22/2026 06:33:57,24.32,33.27,,,,,
3417,03/22/2026 06:43:57,24.32,94.56,,,,,
3418,03/22/2026 06:53:57,24.28,150.44,,,,,
3419,03/22/2026 07:03:57,24.28,208.72,,,,,
3420,03/22/2026 07:13:57,24.28,361.12,,,,,
3421,03/22/2026 07:23:57,24.32,466.88,,,,,
3422,03/22/2026 07:33:57,24.32,619.04,,,,,
3423,03/22/2026 07:43:57,24.32,808.00,,,,,
3424,03/22/2026 07:53:57,24.41,1103.36,,,,,
3425,03/22/2026 08:03:57,24.45,1546.88,,,,,
3426,03/22/2026 08:13:57,24.49,1128.32,,,,,
3427,03/22/2026 08:23:57,24.49,1249.92,,,,,
3428,03/22/2026 08:33:57,24.54,1832.96,,,,,
3429,03/22/2026 08:43:57,24.62,1261.76,,,,,
3430,03/22/2026 08:53:57,24.58,888.32,,,,,
3431,03/22/2026 09:03:57,24.58,711.04,,,,,
3432,03/22/2026 09:13:57,24.58,1320.32,,,,,
3433,03/22/2026 09:23:57,24.66,1912.96,,,,,
3434,03/22/2026 09:33:57,24.71,2545.28,,,,,
3435,03/22/2026 09:43:57,24.84,3825.92,,,,,
3436,03/22/2026 09:53:57,24.88,3784.96,,,,,
3437,03/22/2026 10:03:57,24.97,1953.92,,,,,
3438,03/22/2026 10:13:57,25.14,5813.76,,,,,
3439,03/22/2026 10:23:57,25.18,3923.20,,,,,
3440,03/22/2026 10:33:57,25.27,6699.52,,,,,
3441,03/22/2026 10:43:57,25.44,6231.04,,,,,
3442,03/22/2026 10:53:57,25.52,3816.96,,,,,
3443,03/22/2026 11:03:57,25.74,5675.52,,,,,
3444,03/22/2026 11:13:57,25.99,6586.88,,,,,
3445,03/22/2026 11:23:57,26.25,14720.00,,,,,
3446,03/22/2026 11:33:57,25.22,354.40,,,,,
3447,03/22/2026 11:43:57,24.32,2988.80,,,,,
3448,03/22/2026 11:53:57,25.65,2938.88,,,,,
3449,03/22/2026 12:03:57,25.95,2101.12,,,,,
3450,03/22/2026 12:13:57,25.82,2156.16,,,,,
3451,03/22/2026 12:23:57,25.87,7063.04,,,,,
3452,03/22/2026 12:33:57,25.87,5049.60,,,,,
3453,03/22/2026 12:43:57,25.99,8849.92,,,,,
3454,03/22/2026 12:53:57,26.08,8084.48,,,,,
3455,03/22/2026 13:03:57,26.12,5591.04,,,,,
3456,03/22/2026 13:13:57,25.91,1841.28,,,,,
3457,03/22/2026 13:23:57,25.82,1376.00,,,,,
3458,03/22/2026 13:33:57,25.74,1528.32,,,,,
3459,03/22/2026 13:43:57,25.69,3898.88,,,,,
3460,03/22/2026 13:53:57,25.65,2940.16,,,,,
3461,03/22/2026 14:03:57,25.65,3246.08,,,,,
3462,03/22/2026 14:13:57,25.61,3128.32,,,,,
3463,03/22/2026 14:23:57,25.65,4234.24,,,,,
3464,03/22/2026 14:33:57,25.69,1992.96,,,,,
3465,03/22/2026 14:43:57,25.61,1842.56,,,,,
3466,03/22/2026 14:53:57,25.69,2288.00,,,,,
3467,03/22/2026 15:03:57,25.74,3961.60,,,,,
3468,03/22/2026 15:13:57,25.91,9899.52,,,,,
3469,03/22/2026 15:23:57,26.04,1881.60,,,,,
3470,03/22/2026 15:33:57,26.04,3212.80,,,,,
3471,03/22/2026 15:43:57,26.17,5575.68,,,,,
3472,03/22/2026 15:53:57,26.25,4805.12,,,,,
3473,03/22/2026 16:03:57,26.25,2385.28,,,,,
3474,03/22/2026 16:13:57,26.25,2636.80,,,,,
3475,03/22/2026 16:23:57,26.21,3271.68,,,,,
3476,03/22/2026 16:33:57,26.21,662.08,,,,,
3477,03/22/2026 16:43:57,26.08,811.84,,,,,
3478,03/22/2026 16:53:57,26.08,2245.76,,,,,
3479,03/22/2026 17:03:57,26.08,2910.72,,,,,
3480,03/22/2026 17:13:57,26.04,1163.52,,,,,
3481,03/22/2026 17:23:57,25.99,1413.76,,,,,
3482,03/22/2026 17:33:57,25.99,1692.16,,,,,
3483,03/22/2026 17:43:57,25.99,1715.84,,,,,
3484,03/22/2026 17:53:57,25.95,992.00,,,,,
3485,03/22/2026 18:03:57,25.82,717.44,,,,,
3486,03/22/2026 18:13:57,25.78,608.00,,,,,
3487,03/22/2026 18:23:57,25.69,287.76,,,,,
3488,03/22/2026 18:33:57,25.61,133.88,,,,,
3489,03/22/2026 18:43:57,25.57,59.54,,,,,
3490,03/22/2026 18:53:57,25.44,9.43,,,,,
3491,03/22/2026 19:03:57,25.35,0.58,,,,,
3492,03/22/2026 19:13:57,25.31,0.00,,,,,
3493,03/22/2026 19:23:57,25.27,0.00,,,,,
3494,03/22/2026 19:33:57,25.18,0.00,,,,,
3495,03/22/2026 19:43:57,25.14,0.00,,,,,
3496,03/22/2026 19:53:57,25.14,0.00,,,,,
3497,03/22/2026 20:03:57,25.05,0.00,,,,,
3498,03/22/2026 20:13:57,24.97,0.00,,,,,
3499,03/22/2026 20:23:57,24.92,0.00,,,,,
3500,03/22/2026 20:33:57,24.92,0.00,,,,,
3501,03/22/2026 20:43:57,24.79,0.00,,,,,
3502,03/22/2026 20:53:57,24.84,0.00,,,,,
3503,03/22/2026 21:03:57,24.84,0.00,,,,,
3504,03/22/2026 21:13:57,24.75,0.00,,,,,
3505,03/22/2026 21:23:57,24.71,0.00,,,,,
3506,03/22/2026 21:33:57,24.71,0.00,,,,,
3507,03/22/2026 21:43:57,24.62,0.00,,,,,
3508,03/22/2026 21:53:57,24.62,0.00,,,,,
3509,03/22/2026 22:03:57,24.54,0.00,,,,,
3510,03/22/2026 22:13:57,24.54,0.00,,,,,
3511,03/22/2026 22:23:57,24.54,0.00,,,,,
3512,03/22/2026 22:33:57,24.58,0.00,,,,,
3513,03/22/2026 22:43:57,24.45,0.00,,,,,
3514,03/22/2026 22:53:57,24.41,0.00,,,,,
3515,03/22/2026 23:03:57,24.36,0.00,,,,,
3516,03/22/2026 23:13:57,24.32,0.00,,,,,
3517,03/22/2026 23:23:57,24.32,0.00,,,,,
3518,03/22/2026 23:33:57,24.28,0.00,,,,,
3519,03/22/2026 23:43:57,24.28,0.00,,,,,
3520,03/22/2026 23:53:57,24.24,0.00,,,,,
3521,03/23/2026 00:03:57,24.24,0.00,,,,,
3522,03/23/2026 00:13:57,24.19,0.00,,,,,
3523,03/23/2026 00:23:57,24.19,0.00,,,,,
3524,03/23/2026 00:33:57,24.19,0.00,,,,,
3525,03/23/2026 00:43:57,24.15,0.00,,,,,
3526,03/23/2026 00:53:57,24.11,0.00,,,,,
3527,03/23/2026 01:03:57,24.06,0.00,,,,,
3528,03/23/2026 01:13:57,24.02,0.00,,,,,
3529,03/23/2026 01:23:57,24.06,0.00,,,,,
3530,03/23/2026 01:33:57,24.06,0.00,,,,,
3531,03/23/2026 01:43:57,24.02,0.00,,,,,
3532,03/23/2026 01:53:57,24.02,0.00,,,,,
3533,03/23/2026 02:03:57,23.98,0.00,,,,,
3534,03/23/2026 02:13:57,23.89,0.00,,,,,
3535,03/23/2026 02:23:57,23.94,0.00,,,,,
3536,03/23/2026 02:33:57,23.85,0.00,,,,,
3537,03/23/2026 02:43:57,23.85,0.00,,,,,
3538,03/23/2026 02:53:57,23.89,0.00,,,,,
3539,03/23/2026 03:03:57,23.81,0.00,,,,,
3540,03/23/2026 03:13:57,23.81,0.00,,,,,
3541,03/23/2026 03:23:57,23.81,0.00,,,,,
3542,03/23/2026 03:33:57,23.72,0.00,,,,,
3543,03/23/2026 03:43:57,23.81,0.00,,,,,
3544,03/23/2026 03:53:57,23.81,0.00,,,,,
3545,03/23/2026 04:03:57,23.81,0.00,,,,,
3546,03/23/2026 04:13:57,23.85,0.00,,,,,
3547,03/23/2026 04:23:57,23.72,0.00,,,,,
3548,03/23/2026 04:33:57,23.76,0.00,,,,,
3549,03/23/2026 04:43:57,23.76,0.00,,,,,
3550,03/23/2026 04:53:57,23.76,0.00,,,,,
3551,03/23/2026 05:03:57,23.76,0.00,,,,,
3552,03/23/2026 05:13:57,23.76,0.00,,,,,
3553,03/23/2026 05:23:57,23.76,0.00,,,,,
3554,03/23/2026 05:33:57,23.81,0.00,,,,,
3555,03/23/2026 05:43:57,23.81,0.00,,,,,
3556,03/23/2026 05:53:57,23.81,0.00,,,,,
3557,03/23/2026 06:03:57,23.81,0.00,,,,,
3558,03/23/2026 06:13:57,23.76,0.58,,,,,
3559,03/23/2026 06:23:57,23.81,7.25,,,,,
3560,03/23/2026 06:33:57,23.81,32.10,,,,,
3561,03/23/2026 06:43:57,23.76,72.88,,,,,
3562,03/23/2026 06:53:57,23.85,238.72,,,,,
3563,03/23/2026 07:03:57,23.81,406.72,,,,,
3564,03/23/2026 07:13:57,23.81,514.72,,,,,
3565,03/23/2026 07:23:57,23.85,315.44,,,,,
3566,03/23/2026 07:33:57,23.85,619.84,,,,,
3567,03/23/2026 07:43:57,23.89,689.92,,,,,
3568,03/23/2026 07:53:57,23.85,951.04,,,,,
3569,03/23/2026 08:03:57,23.89,1402.88,,,,,
3570,03/23/2026 08:13:57,23.94,872.64,,,,,
3571,03/23/2026 08:23:57,23.89,1038.08,,,,,
3572,03/23/2026 08:33:57,23.94,1595.52,,,,,
3573,03/23/2026 08:43:57,23.94,1866.24,,,,,
3574,03/23/2026 08:53:57,24.02,2427.52,,,,,
3575,03/23/2026 09:03:57,24.06,2676.48,,,,,
3576,03/23/2026 09:13:57,24.11,2280.32,,,,,
3577,03/23/2026 09:23:57,24.24,4478.72,,,,,
3578,03/23/2026 09:33:57,24.36,4396.80,,,,,
3579,03/23/2026 09:43:57,24.41,4268.80,,,,,
3580,03/23/2026 09:53:57,24.58,5212.16,,,,,
3581,03/23/2026 10:03:57,24.62,4472.32,,,,,
3582,03/23/2026 10:13:57,24.66,1834.88,,,,,
3583,03/23/2026 10:23:57,24.71,2137.60,,,,,
3584,03/23/2026 10:33:57,24.71,2266.24,,,,,
3585,03/23/2026 10:43:57,24.75,2833.92,,,,,
3586,03/23/2026 10:53:57,24.84,4005.12,,,,,
3587,03/23/2026 11:03:57,24.92,5647.36,,,,,
3588,03/23/2026 11:13:57,25.05,3393.28,,,,,
3589,03/23/2026 11:23:57,24.97,1260.80,,,,,
3590,03/23/2026 11:33:57,24.88,1330.56,,,,,
3591,03/23/2026 11:43:57,24.92,1390.72,,,,,
3592,03/23/2026 11:53:57,24.75,1040.64,,,,,
3593,03/23/2026 12:03:57,24.71,844.48,,,,,
3594,03/23/2026 12:13:57,24.71,1115.84,,,,,
3595,03/23/2026 12:23:57,24.62,1016.96,,,,,
3596,03/23/2026 12:33:57,24.54,2601.60,,,,,
3597,03/23/2026 12:43:57,24.58,2807.04,,,,,
3598,03/23/2026 12:53:57,24.54,2312.96,,,,,
3599,03/23/2026 13:03:57,24.49,2152.96,,,,,
3600,03/23/2026 13:13:57,24.45,1818.88,,,,,
3601,03/23/2026 13:23:57,24.28,800.00,,,,,
3602,03/23/2026 13:33:57,24.28,1041.28,,,,,
3603,03/23/2026 13:43:57,24.19,1527.04,,,,,
3604,03/23/2026 13:53:57,24.19,2796.80,,,,,
3605,03/23/2026 14:03:57,24.19,1839.36,,,,,
3606,03/23/2026 14:13:57,24.15,2494.72,,,,,
3607,03/23/2026 14:23:57,24.15,1696.64,,,,,
3608,03/23/2026 14:33:57,24.11,1184.64,,,,,
3609,03/23/2026 14:43:57,24.02,1562.88,,,,,
3610,03/23/2026 14:53:57,23.94,1748.48,,,,,
3611,03/23/2026 15:03:57,23.98,2076.16,,,,,
3612,03/23/2026 15:13:57,23.85,1707.52,,,,,
3613,03/23/2026 15:23:57,23.94,3546.88,,,,,
3614,03/23/2026 15:33:57,24.06,4842.24,,,,,
3615,03/23/2026 15:43:57,24.15,4842.24,,,,,
3616,03/23/2026 15:53:57,24.28,5224.96,,,,,
3617,03/23/2026 16:03:57,24.28,2896.64,,,,,
3618,03/23/2026 16:13:57,24.24,2653.44,,,,,
3619,03/23/2026 16:23:57,24.19,2427.52,,,,,
3620,03/23/2026 16:33:57,24.19,2088.96,,,,,
3621,03/23/2026 16:43:57,24.19,1800.32,,,,,
3622,03/23/2026 16:53:57,24.15,1836.16,,,,,
3623,03/23/2026 17:03:57,24.11,1074.88,,,,,
3624,03/23/2026 17:13:57,24.15,1406.72,,,,,
3625,03/23/2026 17:23:57,24.15,1033.28,,,,,
3626,03/23/2026 17:33:57,24.19,3004.16,,,,,
3627,03/23/2026 17:43:57,24.11,1966.72,,,,,
3628,03/23/2026 17:53:57,24.02,1487.36,,,,,
3629,03/23/2026 18:03:57,23.89,1011.52,,,,,
3630,03/23/2026 18:13:57,23.89,682.56,,,,,
3631,03/23/2026 18:23:57,23.81,151.24,,,,,
3632,03/23/2026 18:33:57,23.81,80.38,,,,,
3633,03/23/2026 18:43:57,23.76,34.08,,,,,
3634,03/23/2026 18:53:57,22.39,7.05,,,,,
3635,03/23/2026 19:03:57,21.83,0.19,,,,,
3636,03/23/2026 19:13:57,21.66,0.00,,,,,
3637,03/23/2026 19:23:57,21.40,0.00,,,,,
3638,03/23/2026 19:33:57,21.45,0.00,,,,,
3639,03/23/2026 19:43:57,21.32,0.00,,,,,
3640,03/23/2026 19:53:57,21.36,0.00,,,,,
3641,03/23/2026 20:03:57,24.02,0.00,,,,,
3642,03/23/2026 20:13:57,24.28,0.00,,,,,
3643,03/23/2026 20:23:57,24.19,0.00,,,,,
3644,03/23/2026 20:33:57,24.15,0.00,,,,,
3645,03/23/2026 20:43:57,24.06,0.00,,,,,
3646,03/23/2026 20:53:57,23.89,0.00,,,,,
3647,03/23/2026 21:03:57,23.85,0.00,,,,,
3648,03/23/2026 21:13:57,23.81,0.00,,,,,
3649,03/23/2026 21:23:57,23.76,0.00,,,,,
3650,03/23/2026 21:33:57,23.76,0.00,,,,,
3651,03/23/2026 21:43:57,23.72,0.00,,,,,
3652,03/23/2026 21:53:57,23.68,0.00,,,,,
3653,03/23/2026 22:03:57,23.68,0.00,,,,,
3654,03/23/2026 22:13:57,23.64,0.00,,,,,
3655,03/23/2026 22:23:57,23.64,0.00,,,,,
3656,03/23/2026 22:33:57,23.55,0.00,,,,,
3657,03/23/2026 22:43:57,23.59,0.00,,,,,
3658,03/23/2026 22:53:57,23.55,0.00,,,,,
3659,03/23/2026 23:03:57,23.51,0.00,,,,,
3660,03/23/2026 23:13:57,23.55,0.00,,,,,
3661,03/23/2026 23:23:57,23.51,0.00,,,,,
3662,03/23/2026 23:33:57,23.51,0.00,,,,,
3663,03/23/2026 23:43:57,23.51,0.00,,,,,
3664,03/23/2026 23:53:57,23.46,0.00,,,,,
3665,03/24/2026 00:03:57,23.46,0.00,,,,,
3666,03/24/2026 00:13:57,23.42,0.00,,,,,
3667,03/24/2026 00:23:57,23.38,0.00,,,,,
3668,03/24/2026 00:33:57,23.38,0.00,,,,,
3669,03/24/2026 00:43:57,23.38,0.00,,,,,
3670,03/24/2026 00:53:57,23.34,0.00,,,,,
3671,03/24/2026 01:03:57,23.38,0.00,,,,,
3672,03/24/2026 01:13:57,23.34,0.00,,,,,
3673,03/24/2026 01:23:57,23.38,0.00,,,,,
3674,03/24/2026 01:33:57,23.34,0.00,,,,,
3675,03/24/2026 01:43:57,23.34,0.00,,,,,
3676,03/24/2026 01:53:57,23.25,0.00,,,,,
3677,03/24/2026 02:03:57,23.25,0.00,,,,,
3678,03/24/2026 02:13:57,23.25,0.00,,,,,
3679,03/24/2026 02:23:57,23.16,0.00,,,,,
3680,03/24/2026 02:33:57,23.16,0.00,,,,,
3681,03/24/2026 02:43:57,23.21,0.00,,,,,
3682,03/24/2026 02:53:57,23.16,0.00,,,,,
3683,03/24/2026 03:03:57,23.16,0.00,,,,,
3684,03/24/2026 03:13:57,23.12,0.00,,,,,
3685,03/24/2026 03:23:57,23.12,0.00,,,,,
3686,03/24/2026 03:33:57,23.03,0.00,,,,,
3687,03/24/2026 03:43:57,23.03,0.00,,,,,
3688,03/24/2026 03:53:57,22.99,0.00,,,,,
3689,03/24/2026 04:03:57,22.99,0.00,,,,,
3690,03/24/2026 04:13:57,22.95,0.00,,,,,
3691,03/24/2026 04:23:57,22.91,0.00,,,,,
3692,03/24/2026 04:33:57,22.95,0.00,,,,,
3693,03/24/2026 04:43:57,22.91,0.00,,,,,
3694,03/24/2026 04:53:57,22.86,0.00,,,,,
3695,03/24/2026 05:03:57,22.91,0.00,,,,,
3696,03/24/2026 05:13:57,22.86,0.00,,,,,
3697,03/24/2026 05:23:57,22.86,0.00,,,,,
3698,03/24/2026 05:33:57,22.82,0.00,,,,,
3699,03/24/2026 05:43:57,22.86,0.00,,,,,
3700,03/24/2026 05:53:57,22.82,0.00,,,,,
3701,03/24/2026 06:03:57,22.86,0.00,,,,,
3702,03/24/2026 06:13:57,22.82,0.98,,,,,
3703,03/24/2026 06:23:57,22.78,12.57,,,,,
3704,03/24/2026 06:33:57,22.78,57.12,,,,,
3705,03/24/2026 06:43:57,22.78,143.28,,,,,
3706,03/24/2026 06:53:57,22.82,260.00,,,,,
3707,03/24/2026 07:03:57,22.82,368.16,,,,,
3708,03/24/2026 07:13:57,22.86,1063.36,,,,,
3709,03/24/2026 07:23:57,22.95,1231.68,,,,,
3710,03/24/2026 07:33:57,23.08,1118.08,,,,,
3711,03/24/2026 07:43:57,23.21,1034.24,,,,,
3712,03/24/2026 07:53:57,23.34,1409.92,,,,,
3713,03/24/2026 08:03:57,23.34,877.44,,,,,
3714,03/24/2026 08:13:57,23.34,897.60,,,,,
3715,03/24/2026 08:23:57,23.42,1944.32,,,,,
3716,03/24/2026 08:33:57,23.55,2332.16,,,,,
3717,03/24/2026 08:43:57,23.68,2156.16,,,,,
3718,03/24/2026 08:53:57,23.94,2647.04,,,,,
3719,03/24/2026 09:03:57,23.98,1726.72,,,,,
3720,03/24/2026 09:13:57,24.15,3176.96,,,,,
3721,03/24/2026 09:23:57,24.15,1452.16,,,,,
3722,03/24/2026 09:33:57,24.19,1779.84,,,,,
3723,03/24/2026 09:43:57,24.28,1445.76,,,,,
3724,03/24/2026 09:53:57,24.41,3324.16,,,,,
3725,03/24/2026 10:03:57,24.45,3985.92,,,,,
3726,03/24/2026 10:13:57,24.54,3685.12,,,,,
3727,03/24/2026 10:23:57,24.62,5052.16,,,,,
3728,03/24/2026 10:33:57,24.75,3386.88,,,,,
3729,03/24/2026 10:43:57,24.97,4026.88,,,,,
3730,03/24/2026 10:53:57,25.18,4839.68,,,,,
3731,03/24/2026 11:03:57,25.27,2717.44,,,,,
3732,03/24/2026 11:13:57,25.39,4327.68,,,,,
3733,03/24/2026 11:23:57,25.44,4117.76,,,,,
3734,03/24/2026 11:33:57,25.52,4698.88,,,,,
3735,03/24/2026 11:43:57,25.57,3453.44,,,,,
3736,03/24/2026 11:53:57,25.69,1968.00,,,,,
3737,03/24/2026 12:03:57,25.87,1916.16,,,,,
3738,03/24/2026 12:13:57,26.04,1988.48,,,,,
3739,03/24/2026 12:23:57,26.30,5519.36,,,,,
3740,03/24/2026 12:33:57,27.15,40407.04,,,,,
3741,03/24/2026 12:43:57,27.67,56381.44,,,,,
3742,03/24/2026 12:53:57,27.75,58204.16,,,,,
3743,03/24/2026 13:03:57,27.63,50974.72,,,,,
3744,03/24/2026 13:13:57,26.98,8719.36,,,,,
3745,03/24/2026 13:23:57,27.67,29102.08,,,,,
3746,03/24/2026 13:33:57,27.63,19589.12,,,,,
3747,03/24/2026 13:43:57,27.24,9384.96,,,,,
3748,03/24/2026 13:53:57,27.11,8442.88,,,,,
3749,03/24/2026 14:03:57,27.32,11863.04,,,,,
3750,03/24/2026 14:13:57,26.90,6033.92,,,,,
3751,03/24/2026 14:23:57,27.24,19645.44,,,,,
3752,03/24/2026 14:33:57,27.02,5027.84,,,,,
3753,03/24/2026 14:43:57,26.72,4104.96,,,,,
3754,03/24/2026 14:53:57,26.64,4519.68,,,,,
3755,03/24/2026 15:03:57,26.55,4556.80,,,,,
3756,03/24/2026 15:13:57,26.55,3998.72,,,,,
3757,03/24/2026 15:23:57,26.90,21544.96,,,,,
3758,03/24/2026 15:33:57,26.51,2092.16,,,,,
3759,03/24/2026 15:43:57,26.30,3024.64,,,,,
3760,03/24/2026 15:53:57,26.34,2574.72,,,,,
3761,03/24/2026 16:03:57,26.25,3600.64,,,,,
3762,03/24/2026 16:13:57,26.08,2460.80,,,,,
3763,03/24/2026 16:23:57,25.91,1149.44,,,,,
3764,03/24/2026 16:33:57,25.78,2437.12,,,,,
3765,03/24/2026 16:43:57,25.57,1460.48,,,,,
3766,03/24/2026 16:53:57,25.35,1169.92,,,,,
3767,03/24/2026 17:03:57,25.31,1204.48,,,,,
3768,03/24/2026 17:13:57,25.22,1220.16,,,,,
3769,03/24/2026 17:23:57,25.05,1176.96,,,,,
3770,03/24/2026 17:33:57,24.92,815.68,,,,,
3771,03/24/2026 17:43:57,24.75,711.04,,,,,
3772,03/24/2026 17:53:57,24.71,682.88,,,,,
3773,03/24/2026 18:03:57,24.58,308.96,,,,,
3774,03/24/2026 18:13:57,24.45,291.52,,,,,
3775,03/24/2026 18:23:57,24.36,171.76,,,,,
3776,03/24/2026 18:33:57,24.28,95.36,,,,,
3777,03/24/2026 18:43:57,24.19,40.38,,,,,
3778,03/24/2026 18:53:57,24.06,9.60,,,,,
3779,03/24/2026 19:03:57,24.02,0.39,,,,,
3780,03/24/2026 19:13:57,23.94,0.00,,,,,
3781,03/24/2026 19:23:57,23.89,0.00,,,,,
3782,03/24/2026 19:33:57,23.81,0.00,,,,,
3783,03/24/2026 19:43:57,23.76,0.00,,,,,
3784,03/24/2026 19:53:57,23.72,0.00,,,,,
3785,03/24/2026 20:03:57,23.59,0.00,,,,,
3786,03/24/2026 20:13:57,23.59,0.00,,,,,
3787,03/24/2026 20:23:57,23.55,0.00,,,,,
3788,03/24/2026 20:33:57,23.51,0.00,,,,,
3789,03/24/2026 20:43:57,23.46,0.00,,,,,
3790,03/24/2026 20:53:57,23.42,0.00,,,,,
3791,03/24/2026 21:03:57,23.38,0.00,,,,,
3792,03/24/2026 21:13:57,23.38,0.00,,,,,
3793,03/24/2026 21:23:57,23.34,0.00,,,,,
3794,03/24/2026 21:33:57,23.34,0.00,,,,,
3795,03/24/2026 21:43:57,23.25,0.00,,,,,
3796,03/24/2026 21:53:57,23.29,0.00,,,,,
3797,03/24/2026 22:03:57,23.21,0.00,,,,,
3798,03/24/2026 22:13:57,23.16,0.00,,,,,
3799,03/24/2026 22:23:57,23.21,0.00,,,,,
3800,03/24/2026 22:33:57,23.12,0.00,,,,,
3801,03/24/2026 22:43:57,23.08,0.00,,,,,
3802,03/24/2026 22:53:57,23.08,0.00,,,,,
3803,03/24/2026 23:03:57,23.08,0.00,,,,,
3804,03/24/2026 23:13:57,23.08,0.00,,,,,
3805,03/24/2026 23:23:57,23.03,0.00,,,,,
3806,03/24/2026 23:33:57,22.99,0.00,,,,,
3807,03/24/2026 23:43:57,22.91,0.00,,,,,
3808,03/24/2026 23:53:57,22.91,0.00,,,,,
3809,03/25/2026 00:03:57,22.86,0.00,,,,,
3810,03/25/2026 00:13:57,22.86,0.00,,,,,
3811,03/25/2026 00:23:57,22.86,0.00,,,,,
3812,03/25/2026 00:33:57,22.82,0.00,,,,,
3813,03/25/2026 00:43:57,22.78,0.00,,,,,
3814,03/25/2026 00:53:57,22.78,0.00,,,,,
3815,03/25/2026 01:03:57,22.78,0.00,,,,,
3816,03/25/2026 01:13:57,22.73,0.00,,,,,
3817,03/25/2026 01:23:57,22.73,0.00,,,,,
3818,03/25/2026 01:33:57,22.73,0.00,,,,,
3819,03/25/2026 01:43:57,22.73,0.00,,,,,
3820,03/25/2026 01:53:57,22.69,0.00,,,,,
3821,03/25/2026 02:03:57,22.69,0.00,,,,,
3822,03/25/2026 02:13:57,22.73,0.00,,,,,
3823,03/25/2026 02:23:57,22.65,0.00,,,,,
3824,03/25/2026 02:33:57,22.69,0.00,,,,,
3825,03/25/2026 02:43:57,22.65,0.00,,,,,
3826,03/25/2026 02:53:57,22.61,0.00,,,,,
3827,03/25/2026 03:03:57,22.61,0.00,,,,,
3828,03/25/2026 03:13:57,22.56,0.00,,,,,
3829,03/25/2026 03:23:57,22.56,0.00,,,,,
3830,03/25/2026 03:33:57,22.52,0.00,,,,,
3831,03/25/2026 03:43:57,22.56,0.00,,,,,
3832,03/25/2026 03:53:57,22.56,0.00,,,,,
3833,03/25/2026 04:03:57,22.56,0.00,,,,,
3834,03/25/2026 04:13:57,22.52,0.00,,,,,
3835,03/25/2026 04:23:57,22.56,0.00,,,,,
3836,03/25/2026 04:33:57,22.56,0.00,,,,,
3837,03/25/2026 04:43:57,22.52,0.00,,,,,
3838,03/25/2026 04:53:57,22.52,0.00,,,,,
3839,03/25/2026 05:03:57,22.52,0.00,,,,,
3840,03/25/2026 05:13:57,22.52,0.00,,,,,
3841,03/25/2026 05:23:57,22.52,0.00,,,,,
3842,03/25/2026 05:33:57,22.48,0.00,,,,,
3843,03/25/2026 05:43:57,22.48,0.00,,,,,
3844,03/25/2026 05:53:57,22.48,0.00,,,,,
3845,03/25/2026 06:03:57,22.52,0.00,,,,,
3846,03/25/2026 06:13:57,22.43,1.37,,,,,
3847,03/25/2026 06:23:57,22.52,15.53,,,,,
3848,03/25/2026 06:33:57,22.48,71.74,,,,,
3849,03/25/2026 06:43:57,22.52,167.12,,,,,
3850,03/25/2026 06:53:57,22.56,274.24,,,,,
3851,03/25/2026 07:03:57,22.56,376.80,,,,,
3852,03/25/2026 07:13:57,22.61,461.76,,,,,
3853,03/25/2026 07:23:57,22.65,525.76,,,,,
3854,03/25/2026 07:33:57,22.69,606.88,,,,,
3855,03/25/2026 07:43:57,22.82,641.44,,,,,
3856,03/25/2026 07:53:57,22.86,627.36,,,,,
3857,03/25/2026 08:03:57,22.95,710.08,,,,,
3858,03/25/2026 08:13:57,23.03,800.96,,,,,
3859,03/25/2026 08:23:57,23.12,841.28,,,,,
3860,03/25/2026 08:33:57,23.25,892.16,,,,,
3861,03/25/2026 08:43:57,23.38,976.96,,,,,
3862,03/25/2026 08:53:57,23.46,1024.00,,,,,
3863,03/25/2026 09:03:57,23.64,2156.16,,,,,
3864,03/25/2026 09:13:57,23.81,1528.32,,,,,
3865,03/25/2026 09:23:57,23.89,1186.24,,,,,
3866,03/25/2026 09:33:57,24.11,4111.36,,,,,
3867,03/25/2026 09:43:57,24.36,5212.16,,,,,
3868,03/25/2026 09:53:57,24.54,5194.24,,,,,
3869,03/25/2026 10:03:57,24.66,5729.28,,,,,
3870,03/25/2026 10:13:57,24.84,5187.84,,,,,
3871,03/25/2026 10:23:57,24.92,2634.24,,,,,
3872,03/25/2026 10:33:57,25.18,5187.84,,,,,
3873,03/25/2026 10:43:57,25.35,5949.44,,,,,
3874,03/25/2026 10:53:57,25.44,4692.48,,,,,
3875,03/25/2026 11:03:57,25.52,4902.40,,,,,
3876,03/25/2026 11:13:57,25.65,4087.04,,,,,
3877,03/25/2026 11:23:57,25.78,3224.32,,,,,
3878,03/25/2026 11:33:57,26.04,6108.16,,,,,
3879,03/25/2026 11:43:57,26.21,2763.52,,,,,
3880,03/25/2026 11:53:57,26.42,3490.56,,,,,
3881,03/25/2026 12:03:57,26.68,5015.04,,,,,
3882,03/25/2026 12:13:57,26.90,2888.96,,,,,
3883,03/25/2026 12:23:57,27.28,3274.24,,,,,
3884,03/25/2026 12:33:57,27.63,7144.96,,,,,
3885,03/25/2026 12:43:57,27.80,24156.16,,,,,
3886,03/25/2026 12:53:57,28.31,49623.04,,,,,
3887,03/25/2026 13:03:57,28.57,49008.64,,,,,
3888,03/25/2026 13:13:57,28.78,52285.44,,,,,
3889,03/25/2026 13:23:57,28.87,52060.16,,,,,
3890,03/25/2026 13:33:57,28.65,53698.56,,,,,
3891,03/25/2026 13:43:57,27.84,3882.24,,,,,
3892,03/25/2026 13:53:57,28.05,5644.80,,,,,
3893,03/25/2026 14:03:57,27.88,4403.20,,,,,
3894,03/25/2026 14:13:57,27.75,5959.68,,,,,
3895,03/25/2026 14:23:57,27.71,5024.00,,,,,
3896,03/25/2026 14:33:57,27.71,4428.80,,,,,
3897,03/25/2026 14:43:57,27.63,14464.00,,,,,
3898,03/25/2026 14:53:57,27.84,12979.20,,,,,
3899,03/25/2026 15:03:57,27.71,4096.00,,,,,
3900,03/25/2026 15:13:57,27.58,3324.16,,,,,
3901,03/25/2026 15:23:57,27.58,2016.64,,,,,
3902,03/25/2026 15:33:57,27.54,2064.00,,,,,
3903,03/25/2026 15:43:57,27.45,1861.12,,,,,
3904,03/25/2026 15:53:57,27.37,2496.64,,,,,
3905,03/25/2026 16:03:57,27.15,1859.84,,,,,
3906,03/25/2026 16:13:57,26.94,2466.56,,,,,
3907,03/25/2026 16:23:57,26.77,2344.32,,,,,
3908,03/25/2026 16:33:57,26.55,2517.12,,,,,
3909,03/25/2026 16:43:57,26.38,1434.88,,,,,
3910,03/25/2026 16:53:57,26.21,1721.60,,,,,
3911,03/25/2026 17:03:57,26.04,2175.36,,,,,
3912,03/25/2026 17:13:57,25.91,1338.88,,,,,
3913,03/25/2026 17:23:57,25.69,1169.92,,,,,
3914,03/25/2026 17:33:57,25.52,1054.72,,,,,
3915,03/25/2026 17:43:57,25.39,1158.08,,,,,
3916,03/25/2026 17:53:57,25.22,712.64,,,,,
3917,03/25/2026 18:03:57,25.14,509.28,,,,,
3918,03/25/2026 18:13:57,25.01,277.44,,,,,
3919,03/25/2026 18:23:57,24.84,178.08,,,,,
3920,03/25/2026 18:33:57,24.75,91.40,,,,,
3921,03/25/2026 18:43:57,24.62,30.53,,,,,
3922,03/25/2026 18:53:57,24.54,4.70,,,,,
3923,03/25/2026 19:03:57,24.45,0.19,,,,,
3924,03/25/2026 19:13:57,24.32,0.00,,,,,
3925,03/25/2026 19:23:57,24.28,0.00,,,,,
3926,03/25/2026 19:33:57,24.19,0.00,,,,,
3927,03/25/2026 19:43:57,24.06,0.00,,,,,
3928,03/25/2026 19:53:57,24.06,0.00,,,,,
3929,03/25/2026 20:03:57,23.89,0.00,,,,,
3930,03/25/2026 20:13:57,23.85,0.00,,,,,
3931,03/25/2026 20:23:57,23.81,0.00,,,,,
3932,03/25/2026 20:33:57,23.72,0.00,,,,,
3933,03/25/2026 20:43:57,23.68,0.00,,,,,
3934,03/25/2026 20:53:57,23.59,0.00,,,,,
3935,03/25/2026 21:03:57,23.55,0.00,,,,,
3936,03/25/2026 21:13:57,23.51,0.00,,,,,
3937,03/25/2026 21:23:57,23.55,0.00,,,,,
3938,03/25/2026 21:33:57,23.46,0.00,,,,,
3939,03/25/2026 21:43:57,23.42,0.00,,,,,
3940,03/25/2026 21:53:57,23.46,0.00,,,,,
3941,03/25/2026 22:03:57,23.42,0.00,,,,,
3942,03/25/2026 22:13:57,23.38,0.00,,,,,
3943,03/25/2026 22:23:57,23.38,0.00,,,,,
3944,03/25/2026 22:33:57,23.38,0.00,,,,,
3945,03/25/2026 22:43:57,23.29,0.00,,,,,
3946,03/25/2026 22:53:57,23.29,0.00,,,,,
3947,03/25/2026 23:03:57,23.29,0.00,,,,,
3948,03/25/2026 23:13:57,23.21,0.00,,,,,
3949,03/25/2026 23:23:57,23.16,0.00,,,,,
3950,03/25/2026 23:33:57,23.21,0.00,,,,,
3951,03/25/2026 23:43:57,23.16,0.00,,,,,
3952,03/25/2026 23:53:57,23.16,0.00,,,,,
3953,03/26/2026 00:03:57,23.16,0.00,,,,,
3954,03/26/2026 00:13:57,23.12,0.00,,,,,
3955,03/26/2026 00:23:57,23.08,0.00,,,,,
3956,03/26/2026 00:33:57,23.08,0.00,,,,,
3957,03/26/2026 00:43:57,23.03,0.00,,,,,
3958,03/26/2026 00:53:57,22.99,0.00,,,,,
3959,03/26/2026 01:03:57,22.99,0.00,,,,,
3960,03/26/2026 01:13:57,22.95,0.00,,,,,
3961,03/26/2026 01:23:57,22.99,0.00,,,,,
3962,03/26/2026 01:33:57,22.91,0.00,,,,,
3963,03/26/2026 01:43:57,22.86,0.00,,,,,
3964,03/26/2026 01:53:57,22.86,0.00,,,,,
3965,03/26/2026 02:03:57,22.86,0.00,,,,,
3966,03/26/2026 02:13:57,22.82,0.00,,,,,
3967,03/26/2026 02:23:57,22.86,0.00,,,,,
3968,03/26/2026 02:33:57,22.86,0.00,,,,,
3969,03/26/2026 02:43:57,22.82,0.00,,,,,
3970,03/26/2026 02:53:57,22.82,0.00,,,,,
3971,03/26/2026 03:03:57,22.78,0.00,,,,,
3972,03/26/2026 03:13:57,22.78,0.00,,,,,
3973,03/26/2026 03:23:57,22.73,0.00,,,,,
3974,03/26/2026 03:33:57,22.78,0.00,,,,,
3975,03/26/2026 03:43:57,22.78,0.00,,,,,
3976,03/26/2026 03:53:57,22.82,0.00,,,,,
3977,03/26/2026 04:03:57,22.78,0.00,,,,,
3978,03/26/2026 04:13:57,22.78,0.00,,,,,
3979,03/26/2026 04:23:57,22.78,0.00,,,,,
3980,03/26/2026 04:33:57,22.78,0.00,,,,,
3981,03/26/2026 04:43:57,22.73,0.00,,,,,
3982,03/26/2026 04:53:57,22.78,0.00,,,,,
3983,03/26/2026 05:03:57,22.73,0.00,,,,,
3984,03/26/2026 05:13:57,22.73,0.00,,,,,
3985,03/26/2026 05:23:57,22.73,0.19,,,,,
3986,03/26/2026 05:33:57,22.73,0.00,,,,,
3987,03/26/2026 05:43:57,22.69,0.00,,,,,
3988,03/26/2026 05:53:57,22.65,0.00,,,,,
3989,03/26/2026 06:03:57,22.65,0.00,,,,,
3990,03/26/2026 06:13:57,22.65,1.96,,,,,
3991,03/26/2026 06:23:57,22.65,17.91,,,,,
3992,03/26/2026 06:33:57,22.65,72.08,,,,,
3993,03/26/2026 06:43:57,22.69,220.80,,,,,
3994,03/26/2026 06:53:57,22.65,338.88,,,,,
3995,03/26/2026 07:03:57,22.69,506.08,,,,,
3996,03/26/2026 07:13:57,22.73,703.36,,,,,
3997,03/26/2026 07:23:57,22.86,1032.64,,,,,
3998,03/26/2026 07:33:57,22.91,834.24,,,,,
3999,03/26/2026 07:43:57,23.03,1580.16,,,,,
4000,03/26/2026 07:53:57,23.12,1104.64,,,,,
4001,03/26/2026 08:03:57,23.21,1176.96,,,,,
4002,03/26/2026 08:13:57,23.34,1442.56,,,,,
4003,03/26/2026 08:23:57,23.42,1761.28,,,,,
4004,03/26/2026 08:33:57,23.59,1925.76,,,,,
4005,03/26/2026 08:43:57,23.68,1449.60,,,,,
4006,03/26/2026 08:53:57,23.81,1157.44,,,,,
4007,03/26/2026 09:03:57,23.94,1667.20,,,,,
4008,03/26/2026 09:13:57,24.15,1107.84,,,,,
4009,03/26/2026 09:23:57,24.32,1925.76,,,,,
4010,03/26/2026 09:33:57,24.49,1765.76,,,,,
4011,03/26/2026 09:43:57,24.58,1998.08,,,,,
4012,03/26/2026 09:53:57,24.75,1374.08,,,,,
4013,03/26/2026 10:03:57,24.92,1154.24,,,,,
4014,03/26/2026 10:13:57,25.18,1790.72,,,,,
4015,03/26/2026 10:23:57,25.35,1629.44,,,,,
4016,03/26/2026 10:33:57,25.52,1489.92,,,,,
4017,03/26/2026 10:43:57,25.74,1839.36,,,,,
4018,03/26/2026 10:53:57,25.99,2032.64,,,,,
4019,03/26/2026 11:03:57,26.30,1787.52,,,,,
4020,03/26/2026 11:13:57,26.47,2997.76,,,,,
4021,03/26/2026 11:23:57,26.60,3471.36,,,,,
4022,03/26/2026 11:33:57,26.55,4281.60,,,,,
4023,03/26/2026 11:43:57,26.42,4281.60,,,,,
4024,03/26/2026 11:53:57,26.38,5532.16,,,,,
4025,03/26/2026 12:03:57,26.55,3336.96,,,,,
4026,03/26/2026 12:13:57,26.94,3923.20,,,,,
4027,03/26/2026 12:23:57,27.28,6246.40,,,,,
4028,03/26/2026 12:33:57,27.71,29030.40,,,,,
4029,03/26/2026 12:43:57,27.71,48312.32,,,,,
4030,03/26/2026 12:53:57,28.44,50114.56,,,,,
4031,03/26/2026 13:03:57,27.80,2407.04,,,,,
4032,03/26/2026 13:13:57,27.67,2570.24,,,,,
4033,03/26/2026 13:23:57,27.80,2625.28,,,,,
4034,03/26/2026 13:33:57,27.93,2399.36,,,,,
4035,03/26/2026 13:43:57,28.18,5760.00,,,,,
4036,03/26/2026 13:53:57,28.44,16993.28,,,,,
4037,03/26/2026 14:03:57,28.61,20224.00,,,,,
4038,03/26/2026 14:13:57,28.74,20372.48,,,,,
4039,03/26/2026 14:23:57,28.87,17300.48,,,,,
4040,03/26/2026 14:33:57,29.13,17858.56,,,,,
4041,03/26/2026 14:43:57,28.61,3023.36,,,,,
4042,03/26/2026 14:53:57,29.38,13189.12,,,,,
4043,03/26/2026 15:03:57,28.57,10654.72,,,,,
4044,03/26/2026 15:13:57,28.35,1584.64,,,,,
4045,03/26/2026 15:23:57,28.18,2144.00,,,,,
4046,03/26/2026 15:33:57,28.23,1786.24,,,,,
4047,03/26/2026 15:43:57,28.23,3512.32,,,,,
4048,03/26/2026 15:53:57,28.05,1721.60,,,,,
4049,03/26/2026 16:03:57,27.80,2284.80,,,,,
4050,03/26/2026 16:13:57,27.58,2347.52,,,,,
4051,03/26/2026 16:23:57,27.37,1351.04,,,,,
4052,03/26/2026 16:33:57,27.11,998.08,,,,,
4053,03/26/2026 16:43:57,26.94,1289.92,,,,,
4054,03/26/2026 16:53:57,26.68,934.72,,,,,
4055,03/26/2026 17:03:57,26.47,787.84,,,,,
4056,03/26/2026 17:13:57,26.25,599.04,,,,,
4057,03/26/2026 17:23:57,25.99,627.36,,,,,
4058,03/26/2026 17:33:57,25.82,574.40,,,,,
4059,03/26/2026 17:43:57,25.69,569.28,,,,,
4060,03/26/2026 17:53:57,25.52,435.68,,,,,
4061,03/26/2026 18:03:57,25.35,412.16,,,,,
4062,03/26/2026 18:13:57,25.18,319.92,,,,,
4063,03/26/2026 18:23:57,25.05,241.20,,,,,
4064,03/26/2026 18:33:57,24.92,110.24,,,,,
4065,03/26/2026 18:43:57,24.84,32.32,,,,,
4066,03/26/2026 18:53:57,24.71,8.03,,,,,
4067,03/26/2026 19:03:57,24.62,0.39,,,,,
4068,03/26/2026 19:13:57,24.49,0.00,,,,,
4069,03/26/2026 19:23:57,24.36,0.00,,,,,
4070,03/26/2026 19:33:57,24.32,0.00,,,,,
4071,03/26/2026 19:43:57,24.24,0.00,,,,,
4072,03/26/2026 19:53:57,24.15,0.00,,,,,
4073,03/26/2026 20:03:57,24.06,0.00,,,,,
4074,03/26/2026 20:13:57,24.02,0.00,,,,,
4075,03/26/2026 20:23:57,23.89,0.00,,,,,
4076,03/26/2026 20:33:57,23.89,0.00,,,,,
4077,03/26/2026 20:43:57,23.81,0.00,,,,,
4078,03/26/2026 20:53:57,23.72,0.00,,,,,
4079,03/26/2026 21:03:57,23.64,0.00,,,,,
4080,03/26/2026 21:13:57,23.68,0.00,,,,,
4081,03/26/2026 21:23:57,23.59,0.00,,,,,
4082,03/26/2026 21:33:57,23.51,0.00,,,,,
4083,03/26/2026 21:43:57,23.42,0.00,,,,,
4084,03/26/2026 21:53:57,23.38,0.00,,,,,
4085,03/26/2026 22:03:57,23.38,0.00,,,,,
4086,03/26/2026 22:13:57,23.38,0.00,,,,,
4087,03/26/2026 22:23:57,23.34,0.00,,,,,
4088,03/26/2026 22:33:57,23.29,0.00,,,,,
4089,03/26/2026 22:43:57,23.25,0.00,,,,,
4090,03/26/2026 22:53:57,23.25,0.00,,,,,
4091,03/26/2026 23:03:57,23.21,0.00,,,,,
4092,03/26/2026 23:13:57,23.16,0.00,,,,,
4093,03/26/2026 23:23:57,23.16,0.00,,,,,
4094,03/26/2026 23:33:57,23.08,0.00,,,,,
4095,03/26/2026 23:43:57,23.03,0.00,,,,,
4096,03/26/2026 23:53:57,22.99,0.00,,,,,
4097,03/27/2026 00:03:57,22.99,0.00,,,,,
4098,03/27/2026 00:13:57,22.99,0.00,,,,,
4099,03/27/2026 00:23:57,22.95,0.00,,,,,
4100,03/27/2026 00:33:57,22.95,0.00,,,,,
4101,03/27/2026 00:43:57,22.95,0.00,,,,,
4102,03/27/2026 00:53:57,22.91,0.00,,,,,
4103,03/27/2026 01:03:57,22.82,0.00,,,,,
4104,03/27/2026 01:13:57,22.82,0.00,,,,,
4105,03/27/2026 01:23:57,22.73,0.00,,,,,
4106,03/27/2026 01:33:57,22.73,0.00,,,,,
4107,03/27/2026 01:43:57,22.73,0.00,,,,,
4108,03/27/2026 01:53:57,22.73,0.00,,,,,
4109,03/27/2026 02:03:57,22.82,0.00,,,,,
4110,03/27/2026 02:13:57,22.78,0.00,,,,,
4111,03/27/2026 02:23:57,22.78,0.00,,,,,
4112,03/27/2026 02:33:57,22.82,0.00,,,,,
4113,03/27/2026 02:43:57,22.86,0.00,,,,,
4114,03/27/2026 02:53:57,22.86,0.00,,,,,
4115,03/27/2026 03:03:57,22.91,0.00,,,,,
4116,03/27/2026 03:13:57,22.91,0.00,,,,,
4117,03/27/2026 03:23:57,22.91,0.00,,,,,
4118,03/27/2026 03:33:57,22.95,0.00,,,,,
4119,03/27/2026 03:43:57,22.91,0.00,,,,,
4120,03/27/2026 03:53:57,22.91,0.00,,,,,
4121,03/27/2026 04:03:57,22.82,0.00,,,,,
4122,03/27/2026 04:13:57,22.82,0.00,,,,,
4123,03/27/2026 04:23:57,22.69,0.00,,,,,
4124,03/27/2026 04:33:57,22.73,0.00,,,,,
4125,03/27/2026 04:43:57,22.65,0.00,,,,,
4126,03/27/2026 04:53:57,22.61,0.00,,,,,
4127,03/27/2026 05:03:57,22.65,0.00,,,,,
4128,03/27/2026 05:13:57,22.65,0.00,,,,,
4129,03/27/2026 05:23:57,22.69,0.00,,,,,
4130,03/27/2026 05:33:57,22.65,0.00,,,,,
4131,03/27/2026 05:43:57,22.69,0.00,,,,,
4132,03/27/2026 05:53:57,22.69,0.00,,,,,
4133,03/27/2026 06:03:57,22.69,0.00,,,,,
4134,03/27/2026 06:13:57,22.69,1.76,,,,,
4135,03/27/2026 06:23:57,22.69,15.34,,,,,
4136,03/27/2026 06:33:57,22.69,48.24,,,,,
4137,03/27/2026 06:43:57,22.69,76.80,,,,,
4138,03/27/2026 06:53:57,22.73,86.28,,,,,
4139,03/27/2026 07:03:57,22.73,107.12,,,,,
4140,03/27/2026 07:13:57,22.78,200.16,,,,,
4141,03/27/2026 07:23:57,22.78,240.32,,,,,
4142,03/27/2026 07:33:57,22.78,336.48,,,,,
4143,03/27/2026 07:43:57,22.69,370.40,,,,,
4144,03/27/2026 07:53:57,22.65,521.76,,,,,
4145,03/27/2026 08:03:57,22.61,704.96,,,,,
4146,03/27/2026 08:13:57,22.61,791.36,,,,,
4147,03/27/2026 08:23:57,22.65,1109.44,,,,,
4148,03/27/2026 08:33:57,22.69,699.20,,,,,
4149,03/27/2026 08:43:57,22.65,809.60,,,,,
4150,03/27/2026 08:53:57,22.65,1041.92,,,,,
4151,03/27/2026 09:03:57,22.65,1278.72,,,,,
4152,03/27/2026 09:13:57,22.61,1486.72,,,,,
4153,03/27/2026 09:23:57,22.65,1589.12,,,,,
4154,03/27/2026 09:33:57,22.69,1744.00,,,,,
4155,03/27/2026 09:43:57,22.82,2478.08,,,,,
4156,03/27/2026 09:53:57,23.08,4174.08,,,,,
4157,03/27/2026 10:03:57,23.21,4654.08,,,,,
4158,03/27/2026 10:13:57,23.46,2069.76,,,,,
4159,03/27/2026 10:23:57,23.51,1731.20,,,,,
4160,03/27/2026 10:33:57,23.85,2201.60,,,,,
4161,03/27/2026 10:43:57,24.02,1654.40,,,,,
4162,03/27/2026 10:53:57,24.36,3276.80,,,,,
4163,03/27/2026 11:03:57,24.58,2064.00,,,,,
4164,03/27/2026 11:13:57,24.71,3120.64,,,,,
4165,03/27/2026 11:23:57,24.75,3421.44,,,,,
4166,03/27/2026 11:33:57,24.88,3819.52,,,,,
4167,03/27/2026 11:43:57,25.09,4061.44,,,,,
4168,03/27/2026 11:53:57,25.18,4042.24,,,,,
4169,03/27/2026 12:03:57,25.31,4744.96,,,,,
4170,03/27/2026 12:13:57,25.61,8473.60,,,,,
4171,03/27/2026 12:23:57,25.74,4337.92,,,,,
4172,03/27/2026 12:33:57,25.99,4435.20,,,,,
4173,03/27/2026 12:43:57,26.12,4366.08,,,,,
4174,03/27/2026 12:53:57,26.21,2072.96,,,,,
4175,03/27/2026 13:03:57,26.42,3087.36,,,,,
4176,03/27/2026 13:13:57,26.72,4563.20,,,,,
4177,03/27/2026 13:23:57,26.77,9070.08,,,,,
4178,03/27/2026 13:33:57,26.77,5040.64,,,,,
4179,03/27/2026 13:43:57,26.72,6497.28,,,,,
4180,03/27/2026 13:53:57,26.81,6225.92,,,,,
4181,03/27/2026 14:03:57,26.68,13480.96,,,,,
4182,03/27/2026 14:13:57,26.85,6366.72,,,,,
4183,03/27/2026 14:23:57,26.68,6343.68,,,,,
4184,03/27/2026 14:33:57,26.68,18119.68,,,,,
4185,03/27/2026 14:43:57,26.72,8750.08,,,,,
4186,03/27/2026 14:53:57,26.90,8266.24,,,,,
4187,03/27/2026 15:03:57,27.37,44175.36,,,,,
4188,03/27/2026 15:13:57,26.81,5250.56,,,,,
4189,03/27/2026 15:23:57,26.38,4190.72,,,,,
4190,03/27/2026 15:33:57,26.21,3590.40,,,,,
4191,03/27/2026 15:43:57,26.08,3641.60,,,,,
4192,03/27/2026 15:53:57,25.95,3436.80,,,,,
4193,03/27/2026 16:03:57,25.78,3390.72,,,,,
4194,03/27/2026 16:13:57,25.65,2319.36,,,,,
4195,03/27/2026 16:23:57,25.44,1649.92,,,,,
4196,03/27/2026 16:33:57,25.31,1580.80,,,,,
4197,03/27/2026 16:43:57,25.18,1960.32,,,,,
4198,03/27/2026 16:53:57,25.09,2099.84,,,,,
4199,03/27/2026 17:03:57,25.05,1838.08,,,,,
4200,03/27/2026 17:13:57,24.92,994.24,,,,,
4201,03/27/2026 17:23:57,24.75,1010.56,,,,,
4202,03/27/2026 17:33:57,24.66,1139.20,,,,,
4203,03/27/2026 17:43:57,24.54,824.96,,,,,
4204,03/27/2026 17:53:57,24.41,803.52,,,,,
4205,03/27/2026 18:03:57,24.32,425.76,,,,,
4206,03/27/2026 18:13:57,24.19,361.12,,,,,
4207,03/27/2026 18:23:57,24.11,218.40,,,,,
4208,03/27/2026 18:33:57,24.02,109.48,,,,,
4209,03/27/2026 18:43:57,23.89,40.16,,,,,
4210,03/27/2026 18:53:57,23.85,9.04,,,,,
4211,03/27/2026 19:03:57,23.76,0.58,,,,,
4212,03/27/2026 19:13:57,23.72,0.00,,,,,
4213,03/27/2026 19:23:57,23.64,0.00,,,,,
4214,03/27/2026 19:33:57,23.55,0.00,,,,,
4215,03/27/2026 19:43:57,23.51,0.00,,,,,
4216,03/27/2026 19:53:57,23.42,0.00,,,,,
4217,03/27/2026 20:03:57,23.46,0.00,,,,,
4218,03/27/2026 20:13:57,23.38,0.00,,,,,
4219,03/27/2026 20:23:57,23.38,0.00,,,,,
4220,03/27/2026 20:33:57,23.29,0.19,,,,,
4221,03/27/2026 20:43:57,23.29,0.00,,,,,
4222,03/27/2026 20:53:57,23.25,0.00,,,,,
4223,03/27/2026 21:03:57,23.25,0.00,,,,,
4224,03/27/2026 21:13:57,23.16,0.00,,,,,
4225,03/27/2026 21:23:57,23.16,0.00,,,,,
4226,03/27/2026 21:33:57,23.16,0.00,,,,,
4227,03/27/2026 21:43:57,23.08,0.00,,,,,
4228,03/27/2026 21:53:57,23.03,0.00,,,,,
4229,03/27/2026 22:03:57,23.03,0.00,,,,,
4230,03/27/2026 22:13:57,22.99,0.00,,,,,
4231,03/27/2026 22:23:57,22.91,0.00,,,,,
4232,03/27/2026 22:33:57,22.91,0.00,,,,,
4233,03/27/2026 22:43:57,22.82,0.00,,,,,
4234,03/27/2026 22:53:57,22.82,0.00,,,,,
4235,03/27/2026 23:03:57,22.86,0.00,,,,,
4236,03/27/2026 23:13:57,22.82,0.00,,,,,
4237,03/27/2026 23:23:57,22.82,0.00,,,,,
4238,03/27/2026 23:33:57,22.78,0.00,,,,,
4239,03/27/2026 23:43:57,22.82,0.00,,,,,
4240,03/27/2026 23:53:57,22.82,0.00,,,,,
4241,03/28/2026 00:03:57,22.78,0.00,,,,,
4242,03/28/2026 00:13:57,22.78,0.00,,,,,
4243,03/28/2026 00:23:57,22.78,0.00,,,,,
4244,03/28/2026 00:33:57,22.78,0.00,,,,,
4245,03/28/2026 00:43:57,22.73,0.00,,,,,
4246,03/28/2026 00:53:57,22.73,0.00,,,,,
4247,03/28/2026 01:03:57,22.73,0.00,,,,,
4248,03/28/2026 01:13:57,22.73,0.00,,,,,
4249,03/28/2026 01:23:57,22.69,0.00,,,,,
4250,03/28/2026 01:33:57,22.78,0.00,,,,,
4251,03/28/2026 01:43:57,22.78,0.00,,,,,
4252,03/28/2026 01:53:57,22.78,0.00,,,,,
4253,03/28/2026 02:03:57,22.78,0.00,,,,,
4254,03/28/2026 02:13:57,22.73,0.00,,,,,
4255,03/28/2026 02:23:57,22.78,0.00,,,,,
4256,03/28/2026 02:33:57,22.73,0.00,,,,,
4257,03/28/2026 02:43:57,22.73,0.00,,,,,
4258,03/28/2026 02:53:57,22.73,0.00,,,,,
4259,03/28/2026 03:03:57,22.78,0.00,,,,,
4260,03/28/2026 03:13:57,22.78,0.00,,,,,
4261,03/28/2026 03:23:57,22.78,0.00,,,,,
4262,03/28/2026 03:33:57,22.78,0.00,,,,,
4263,03/28/2026 03:43:57,22.73,0.00,,,,,
4264,03/28/2026 03:53:57,22.69,0.00,,,,,
4265,03/28/2026 04:03:57,22.69,0.00,,,,,
4266,03/28/2026 04:13:57,22.73,0.00,,,,,
4267,03/28/2026 04:23:57,22.73,0.00,,,,,
4268,03/28/2026 04:33:57,22.73,0.00,,,,,
4269,03/28/2026 04:43:57,22.73,0.00,,,,,
4270,03/28/2026 04:53:57,22.73,0.00,,,,,
4271,03/28/2026 05:03:57,22.78,0.00,,,,,
4272,03/28/2026 05:13:57,22.73,0.00,,,,,
4273,03/28/2026 05:23:57,22.78,0.00,,,,,
4274,03/28/2026 05:33:57,22.78,0.00,,,,,
4275,03/28/2026 05:43:57,22.78,0.00,,,,,
4276,03/28/2026 05:53:57,22.78,0.00,,,,,
4277,03/28/2026 06:03:57,22.78,0.00,,,,,
4278,03/28/2026 06:13:57,22.73,2.15,,,,,
4279,03/28/2026 06:23:57,22.73,16.12,,,,,
4280,03/28/2026 06:33:57,22.69,81.20,,,,,
4281,03/28/2026 06:43:57,22.65,171.12,,,,,
4282,03/28/2026 06:53:57,22.73,315.44,,,,,
4283,03/28/2026 07:03:57,22.65,483.36,,,,,
4284,03/28/2026 07:13:57,22.69,901.76,,,,,
4285,03/28/2026 07:23:57,22.82,1638.40,,,,,
4286,03/28/2026 07:33:57,22.82,1587.20,,,,,
4287,03/28/2026 07:43:57,22.86,1245.12,,,,,
4288,03/28/2026 07:53:57,22.99,1109.44,,,,,
4289,03/28/2026 08:03:57,22.99,1811.20,,,,,
4290,03/28/2026 08:13:57,23.03,1798.40,,,,,
4291,03/28/2026 08:23:57,23.16,1793.92,,,,,
4292,03/28/2026 08:33:57,23.29,1998.08,,,,,
4293,03/28/2026 08:43:57,23.38,1651.20,,,,,
4294,03/28/2026 08:53:57,23.51,2801.92,,,,,
4295,03/28/2026 09:03:57,23.68,2932.48,,,,,
4296,03/28/2026 09:13:57,23.85,3386.88,,,,,
4297,03/28/2026 09:23:57,23.98,2851.84,,,,,
4298,03/28/2026 09:33:57,24.15,3754.24,,,,,
4299,03/28/2026 09:43:57,24.24,3164.16,,,,,
4300,03/28/2026 09:53:57,24.36,4002.56,,,,,
4301,03/28/2026 10:03:57,24.41,4491.52,,,,,
4302,03/28/2026 10:13:57,24.45,3531.52,,,,,
4303,03/28/2026 10:23:57,24.62,4547.84,,,,,
4304,03/28/2026 10:33:57,24.75,4437.76,,,,,
4305,03/28/2026 10:43:57,25.01,5987.84,,,,,
4306,03/28/2026 10:53:57,25.09,5736.96,,,,,
4307,03/28/2026 11:03:57,25.22,6246.40,,,,,
4308,03/28/2026 11:13:57,25.35,6062.08,,,,,
4309,03/28/2026 11:23:57,25.39,5701.12,,,,,
4310,03/28/2026 11:33:57,25.31,3609.60,,,,,
4311,03/28/2026 11:43:57,25.14,3697.92,,,,,
4312,03/28/2026 11:53:57,25.14,4268.80,,,,,
4313,03/28/2026 12:03:57,25.18,5578.24,,,,,
4314,03/28/2026 12:13:57,25.22,6630.40,,,,,
4315,03/28/2026 12:23:57,25.27,5493.76,,,,,
4316,03/28/2026 12:33:57,25.27,5350.40,,,,,
4317,03/28/2026 12:43:57,25.14,2629.12,,,,,
4318,03/28/2026 12:53:57,25.01,2894.08,,,,,
4319,03/28/2026 13:03:57,24.97,3384.32,,,,,
4320,03/28/2026 13:13:57,24.88,2677.76,,,,,
4321,03/28/2026 13:23:57,24.75,1235.84,,,,,
4322,03/28/2026 13:33:57,24.62,2928.64,,,,,
4323,03/28/2026 13:43:57,24.62,4042.24,,,,,
4324,03/28/2026 13:53:57,24.62,3936.00,,,,,
4325,03/28/2026 14:03:57,24.54,3568.64,,,,,
4326,03/28/2026 14:13:57,24.54,3280.64,,,,,
4327,03/28/2026 14:23:57,24.54,4076.80,,,,,
4328,03/28/2026 14:33:57,24.54,3879.68,,,,,
4329,03/28/2026 14:43:57,24.45,2748.16,,,,,
4330,03/28/2026 14:53:57,24.36,3143.68,,,,,
4331,03/28/2026 15:03:57,24.41,2859.52,,,,,
4332,03/28/2026 15:13:57,24.28,2350.72,,,,,
4333,03/28/2026 15:23:57,24.19,2062.08,,,,,
4334,03/28/2026 15:33:57,24.15,2115.20,,,,,
4335,03/28/2026 15:43:57,24.11,1619.84,,,,,
4336,03/28/2026 15:53:57,24.06,2309.76,,,,,
4337,03/28/2026 16:03:57,23.98,1571.84,,,,,
4338,03/28/2026 16:13:57,24.02,2383.36,,,,,
4339,03/28/2026 16:23:57,23.94,2192.00,,,,,
4340,03/28/2026 16:33:57,23.94,2457.60,,,,,
4341,03/28/2026 16:43:57,23.94,2179.84,,,,,
4342,03/28/2026 16:53:57,23.81,1781.12,,,,,
4343,03/28/2026 17:03:57,23.85,1768.96,,,,,
4344,03/28/2026 17:13:57,23.81,1188.80,,,,,
4345,03/28/2026 17:23:57,23.76,1166.72,,,,,
4346,03/28/2026 17:33:57,23.64,484.96,,,,,
4347,03/28/2026 17:43:57,23.55,581.76,,,,,
4348,03/28/2026 17:53:57,23.51,502.24,,,,,
4349,03/28/2026 18:03:57,23.42,379.20,,,,,
4350,03/28/2026 18:13:57,23.38,259.36,,,,,
4351,03/28/2026 18:23:57,23.29,142.60,,,,,
4352,03/28/2026 18:33:57,23.25,41.92,,,,,
4353,03/28/2026 18:43:57,23.21,18.47,,,,,
4354,03/28/2026 18:53:57,23.12,4.31,,,,,
4355,03/28/2026 19:03:57,23.08,0.19,,,,,
4356,03/28/2026 19:13:57,22.99,0.00,,,,,
4357,03/28/2026 19:23:57,22.99,0.00,,,,,
4358,03/28/2026 19:33:57,22.95,0.00,,,,,
4359,03/28/2026 19:43:57,22.86,0.00,,,,,
4360,03/28/2026 19:53:57,22.86,0.00,,,,,
4361,03/28/2026 20:03:57,22.78,0.00,,,,,
4362,03/28/2026 20:13:57,22.78,0.00,,,,,
4363,03/28/2026 20:23:57,22.73,0.00,,,,,
4364,03/28/2026 20:33:57,22.73,0.00,,,,,
4365,03/28/2026 20:43:57,22.73,0.19,,,,,
4366,03/28/2026 20:53:57,22.69,0.00,,,,,
4367,03/28/2026 21:03:57,22.69,0.00,,,,,
4368,03/28/2026 21:13:57,22.65,0.00,,,,,
4369,03/28/2026 21:23:57,22.61,0.00,,,,,
4370,03/28/2026 21:33:57,22.56,0.00,,,,,
4371,03/28/2026 21:43:57,22.56,0.00,,,,,
4372,03/28/2026 21:53:57,22.56,0.00,,,,,
4373,03/28/2026 22:03:57,22.56,0.00,,,,,
4374,03/28/2026 22:13:57,22.56,0.00,,,,,
4375,03/28/2026 22:23:57,22.56,0.00,,,,,
4376,03/28/2026 22:33:57,22.52,0.00,,,,,
4377,03/28/2026 22:43:57,22.52,0.00,,,,,
4378,03/28/2026 22:53:57,22.52,0.00,,,,,
4379,03/28/2026 23:03:57,22.52,0.00,,,,,
4380,03/28/2026 23:13:57,22.52,0.00,,,,,
4381,03/28/2026 23:23:57,22.48,0.00,,,,,
4382,03/28/2026 23:33:57,22.48,0.00,,,,,
4383,03/28/2026 23:43:57,22.48,0.00,,,,,
4384,03/28/2026 23:53:57,22.48,0.00,,,,,
4385,03/29/2026 00:03:57,22.48,0.00,,,,,
4386,03/29/2026 00:13:57,22.43,0.00,,,,,
4387,03/29/2026 00:23:57,22.43,0.00,,,,,
4388,03/29/2026 00:33:57,22.48,0.00,,,,,
4389,03/29/2026 00:43:57,22.43,0.00,,,,,
4390,03/29/2026 00:53:57,22.43,0.00,,,,,
4391,03/29/2026 01:03:57,22.39,0.00,,,,,
4392,03/29/2026 01:13:57,22.35,0.00,,,,,
4393,03/29/2026 01:23:57,22.35,0.00,,,,,
4394,03/29/2026 01:33:57,22.35,0.00,,,,,
4395,03/29/2026 01:43:57,22.35,0.00,,,,,
4396,03/29/2026 01:53:57,22.35,0.00,,,,,
4397,03/29/2026 02:03:57,22.35,0.00,,,,,
4398,03/29/2026 02:13:57,22.35,0.00,,,,,
4399,03/29/2026 02:23:57,22.35,0.00,,,,,
4400,03/29/2026 02:33:57,22.31,0.00,,,,,
4401,03/29/2026 02:43:57,22.31,0.00,,,,,
4402,03/29/2026 02:53:57,22.22,0.00,,,,,
4403,03/29/2026 03:03:57,22.22,0.00,,,,,
4404,03/29/2026 03:13:57,22.22,0.00,,,,,
4405,03/29/2026 03:23:57,22.22,0.00,,,,,
4406,03/29/2026 03:33:57,22.18,0.00,,,,,
4407,03/29/2026 03:43:57,22.22,0.00,,,,,
4408,03/29/2026 03:53:57,22.13,0.00,,,,,
4409,03/29/2026 04:03:57,22.13,0.00,,,,,
4410,03/29/2026 04:13:57,22.13,0.00,,,,,
4411,03/29/2026 04:23:57,22.05,0.00,,,,,
4412,03/29/2026 04:33:57,22.09,0.00,,,,,
4413,03/29/2026 04:43:57,22.09,0.00,,,,,
4414,03/29/2026 04:53:57,22.13,0.00,,,,,
4415,03/29/2026 05:03:57,22.01,0.00,,,,,
4416,03/29/2026 05:13:57,22.09,0.00,,,,,
4417,03/29/2026 05:23:57,22.09,0.00,,,,,
4418,03/29/2026 05:33:57,22.05,0.00,,,,,
4419,03/29/2026 05:43:57,22.01,0.00,,,,,
4420,03/29/2026 05:53:57,22.01,0.00,,,,,
4421,03/29/2026 06:03:57,21.96,0.00,,,,,
4422,03/29/2026 06:13:57,22.01,2.74,,,,,
4423,03/29/2026 06:23:57,21.96,22.44,,,,,
4424,03/29/2026 06:33:57,21.96,62.24,,,,,
4425,03/29/2026 06:43:57,21.96,106.24,,,,,
4426,03/29/2026 06:53:57,21.92,176.48,,,,,
4427,03/29/2026 07:03:57,21.96,230.88,,,,,
4428,03/29/2026 07:13:57,21.96,644.96,,,,,
4429,03/29/2026 07:23:57,22.01,830.40,,,,,
4430,03/29/2026 07:33:57,22.13,841.28,,,,,
4431,03/29/2026 07:43:57,22.18,1098.56,,,,,
4432,03/29/2026 07:53:57,22.26,864.96,,,,,
4433,03/29/2026 08:03:57,22.31,1439.36,,,,,
4434,03/29/2026 08:13:57,22.39,1184.00,,,,,
4435,03/29/2026 08:23:57,22.39,797.76,,,,,
4436,03/29/2026 08:33:57,22.52,811.20,,,,,
4437,03/29/2026 08:43:57,22.69,914.24,,,,,
4438,03/29/2026 08:53:57,22.78,938.56,,,,,
4439,03/29/2026 09:03:57,22.95,959.04,,,,,
4440,03/29/2026 09:13:57,23.12,979.20,,,,,
4441,03/29/2026 09:23:57,23.29,1132.16,,,,,
4442,03/29/2026 09:33:57,23.55,1770.24,,,,,
4443,03/29/2026 09:43:57,23.68,1272.64,,,,,
4444,03/29/2026 09:53:57,23.85,1201.28,,,,,
4445,03/29/2026 10:03:57,24.06,1230.40,,,,,
4446,03/29/2026 10:13:57,24.24,1159.68,,,,,
4447,03/29/2026 10:23:57,24.41,1729.92,,,,,
4448,03/29/2026 10:33:57,24.62,1411.20,,,,,
4449,03/29/2026 10:43:57,24.84,1906.56,,,,,
4450,03/29/2026 10:53:57,25.09,2076.16,,,,,
4451,03/29/2026 11:03:57,25.22,2203.52,,,,,
4452,03/29/2026 11:13:57,25.31,2704.64,,,,,
4453,03/29/2026 11:23:57,25.48,2294.40,,,,,
4454,03/29/2026 11:33:57,25.69,1939.84,,,,,
4455,03/29/2026 11:43:57,25.82,2252.16,,,,,
4456,03/29/2026 11:53:57,26.08,4024.32,,,,,
4457,03/29/2026 12:03:57,26.12,3663.36,,,,,
4458,03/29/2026 12:13:57,26.04,2369.28,,,,,
4459,03/29/2026 12:23:57,26.12,3641.60,,,,,
4460,03/29/2026 12:33:57,26.12,3402.24,,,,,
4461,03/29/2026 12:43:57,26.38,2885.12,,,,,
4462,03/29/2026 12:53:57,26.85,2472.96,,,,,
4463,03/29/2026 13:03:57,27.15,37888.00,,,,,
4464,03/29/2026 13:13:57,27.80,45015.04,,,,,
4465,03/29/2026 13:23:57,27.84,37396.48,,,,,
4466,03/29/2026 13:33:57,28.18,42496.00,,,,,
4467,03/29/2026 13:43:57,27.45,4861.44,,,,,
4468,03/29/2026 13:53:57,27.88,34150.40,,,,,
4469,03/29/2026 14:03:57,28.05,43520.00,,,,,
4470,03/29/2026 14:13:57,28.14,43274.24,,,,,
4471,03/29/2026 14:23:57,28.27,43847.68,,,,,
4472,03/29/2026 14:33:57,27.20,6141.44,,,,,
4473,03/29/2026 14:43:57,27.15,15503.36,,,,,
4474,03/29/2026 14:53:57,27.24,14479.36,,,,,
4475,03/29/2026 15:03:57,27.32,10844.16,,,,,
4476,03/29/2026 15:13:57,27.11,10152.96,,,,,
4477,03/29/2026 15:23:57,26.98,3728.64,,,,,
4478,03/29/2026 15:33:57,26.90,2568.96,,,,,
4479,03/29/2026 15:43:57,26.72,2312.96,,,,,
4480,03/29/2026 15:53:57,26.51,2263.04,,,,,
4481,03/29/2026 16:03:57,26.34,2273.92,,,,,
4482,03/29/2026 16:13:57,26.12,2231.68,,,,,
4483,03/29/2026 16:23:57,25.99,2463.36,,,,,
4484,03/29/2026 16:33:57,25.74,1233.28,,,,,
4485,03/29/2026 16:43:57,25.52,1772.16,,,,,
4486,03/29/2026 16:53:57,25.39,1417.60,,,,,
4487,03/29/2026 17:03:57,25.18,866.24,,,,,
4488,03/29/2026 17:13:57,25.01,1224.00,,,,,
4489,03/29/2026 17:23:57,24.84,1179.20,,,,,
4490,03/29/2026 17:33:57,24.62,690.24,,,,,
4491,03/29/2026 17:43:57,24.45,609.28,,,,,
4492,03/29/2026 17:53:57,24.24,511.68,,,,,
4493,03/29/2026 18:03:57,24.11,416.16,,,,,
4494,03/29/2026 18:13:57,23.98,308.96,,,,,
4495,03/29/2026 18:23:57,23.72,215.04,,,,,
4496,03/29/2026 18:33:57,23.68,127.60,,,,,
4497,03/29/2026 18:43:57,23.55,36.80,,,,,
4498,03/29/2026 18:53:57,23.38,8.43,,,,,
4499,03/29/2026 19:03:57,23.34,0.58,,,,,
4500,03/29/2026 19:13:57,23.21,0.19,,,,,
4501,03/29/2026 19:23:57,23.16,0.00,,,,,
4502,03/29/2026 19:33:57,23.03,0.00,,,,,
4503,03/29/2026 19:43:57,22.99,0.00,,,,,
4504,03/29/2026 19:53:57,22.91,0.00,,,,,
4505,03/29/2026 20:03:57,22.86,0.00,,,,,
4506,03/29/2026 20:13:57,22.82,0.00,,,,,
4507,03/29/2026 20:23:57,22.73,0.00,,,,,
4508,03/29/2026 20:33:57,22.65,0.00,,,,,
4509,03/29/2026 20:43:57,22.65,0.00,,,,,
4510,03/29/2026 20:53:57,22.56,0.00,,,,,
4511,03/29/2026 21:03:57,22.52,0.00,,,,,
4512,03/29/2026 21:13:57,22.48,0.00,,,,,
4513,03/29/2026 21:23:57,22.52,0.00,,,,,
4514,03/29/2026 21:33:57,22.48,0.00,,,,,
4515,03/29/2026 21:43:57,22.43,0.00,,,,,
4516,03/29/2026 21:53:57,22.39,0.00,,,,,
4517,03/29/2026 22:03:57,22.35,0.00,,,,,
4518,03/29/2026 22:13:57,22.39,0.00,,,,,
4519,03/29/2026 22:23:57,22.35,0.00,,,,,
4520,03/29/2026 22:33:57,22.31,0.00,,,,,
4521,03/29/2026 22:43:57,22.31,0.00,,,,,
4522,03/29/2026 22:53:57,22.31,0.00,,,,,
4523,03/29/2026 23:03:57,22.31,0.00,,,,,
4524,03/29/2026 23:13:57,22.26,0.00,,,,,
4525,03/29/2026 23:23:57,22.26,0.00,,,,,
4526,03/29/2026 23:33:57,22.22,0.00,,,,,
4527,03/29/2026 23:43:57,22.18,0.00,,,,,
4528,03/29/2026 23:53:57,22.18,0.00,,,,,
4529,03/30/2026 00:03:57,22.18,0.00,,,,,
4530,03/30/2026 00:13:57,22.13,0.00,,,,,
4531,03/30/2026 00:23:57,22.09,0.00,,,,,
4532,03/30/2026 00:33:57,22.13,0.00,,,,,
4533,03/30/2026 00:43:57,22.09,0.00,,,,,
4534,03/30/2026 00:53:57,22.09,0.00,,,,,
4535,03/30/2026 01:03:57,22.09,0.00,,,,,
4536,03/30/2026 01:13:57,22.09,0.00,,,,,
4537,03/30/2026 01:23:57,22.05,0.00,,,,,
4538,03/30/2026 01:33:57,22.05,0.00,,,,,
4539,03/30/2026 01:43:57,22.01,0.00,,,,,
4540,03/30/2026 01:53:57,22.01,0.00,,,,,
4541,03/30/2026 02:03:57,22.05,0.00,,,,,
4542,03/30/2026 02:13:57,22.05,0.00,,,,,
4543,03/30/2026 02:23:57,22.05,0.00,,,,,
4544,03/30/2026 02:33:57,22.05,0.00,,,,,
4545,03/30/2026 02:43:57,22.01,0.00,,,,,
4546,03/30/2026 02:53:57,22.01,0.00,,,,,
4547,03/30/2026 03:03:57,22.01,0.00,,,,,
4548,03/30/2026 03:13:57,21.96,0.00,,,,,
4549,03/30/2026 03:23:57,21.96,0.00,,,,,
4550,03/30/2026 03:33:57,21.92,0.00,,,,,
4551,03/30/2026 03:43:57,21.96,0.00,,,,,
4552,03/30/2026 03:53:57,21.92,0.00,,,,,
4553,03/30/2026 04:03:57,21.96,0.00,,,,,
4554,03/30/2026 04:13:57,21.96,0.00,,,,,
4555,03/30/2026 04:23:57,21.96,0.00,,,,,
4556,03/30/2026 04:33:57,21.92,0.00,,,,,
4557,03/30/2026 04:43:57,21.88,0.00,,,,,
4558,03/30/2026 04:53:57,21.92,0.00,,,,,
4559,03/30/2026 05:03:57,21.88,0.00,,,,,
4560,03/30/2026 05:13:57,21.88,0.00,,,,,
4561,03/30/2026 05:23:57,21.88,0.00,,,,,
4562,03/30/2026 05:33:57,21.88,0.00,,,,,
4563,03/30/2026 05:43:57,21.88,0.00,,,,,
4564,03/30/2026 05:53:57,21.96,0.00,,,,,
4565,03/30/2026 06:03:57,21.96,0.19,,,,,
4566,03/30/2026 06:13:57,21.92,4.11,,,,,
4567,03/30/2026 06:23:57,21.92,27.56,,,,,
4568,03/30/2026 06:33:57,21.92,98.48,,,,,
4569,03/30/2026 06:43:57,21.88,229.36,,,,,
4570,03/30/2026 06:53:57,21.92,543.36,,,,,
4571,03/30/2026 07:03:57,21.96,496.64,,,,,
4572,03/30/2026 07:13:57,21.96,914.24,,,,,
4573,03/30/2026 07:23:57,22.05,670.72,,,,,
4574,03/30/2026 07:33:57,22.09,1155.84,,,,,
4575,03/30/2026 07:43:57,22.18,1164.48,,,,,
4576,03/30/2026 07:53:57,22.22,1365.76,,,,,
4577,03/30/2026 08:03:57,22.22,1284.48,,,,,
4578,03/30/2026 08:13:57,22.26,1286.72,,,,,
4579,03/30/2026 08:23:57,22.39,1166.08,,,,,
4580,03/30/2026 08:33:57,22.56,1344.00,,,,,
4581,03/30/2026 08:43:57,22.69,998.08,,,,,
4582,03/30/2026 08:53:57,22.86,1201.92,,,,,
4583,03/30/2026 09:03:57,23.03,1308.80,,,,,
4584,03/30/2026 09:13:57,23.21,2708.48,,,,,
4585,03/30/2026 09:23:57,23.34,1274.88,,,,,
4586,03/30/2026 09:33:57,23.51,1483.52,,,,,
4587,03/30/2026 09:43:57,23.72,2483.84,,,,,
4588,03/30/2026 09:53:57,23.85,1977.60,,,,,
4589,03/30/2026 10:03:57,24.11,2620.16,,,,,
4590,03/30/2026 10:13:57,24.28,1539.20,,,,,
4591,03/30/2026 10:23:57,24.45,1402.88,,,,,
4592,03/30/2026 10:33:57,24.66,1717.12,,,,,
4593,03/30/2026 10:43:57,24.88,2264.32,,,,,
4594,03/30/2026 10:53:57,25.14,2212.48,,,,,
4595,03/30/2026 11:03:57,25.22,1541.12,,,,,
4596,03/30/2026 11:13:57,25.39,1888.00,,,,,
4597,03/30/2026 11:23:57,25.48,2872.32,,,,,
4598,03/30/2026 11:33:57,25.65,3345.92,,,,,
4599,03/30/2026 11:43:57,25.99,6284.80,,,,,
4600,03/30/2026 11:53:57,26.21,8931.84,,,,,
4601,03/30/2026 12:03:57,26.47,21524.48,,,,,
4602,03/30/2026 12:13:57,26.60,16609.28,,,,,
4603,03/30/2026 12:23:57,26.72,5194.24,,,,,
4604,03/30/2026 12:33:57,26.85,4268.80,,,,,
4605,03/30/2026 12:43:57,26.94,6410.24,,,,,
4606,03/30/2026 12:53:57,27.20,10874.88,,,,,
4607,03/30/2026 13:03:57,27.37,23552.00,,,,,
4608,03/30/2026 13:13:57,27.58,28887.04,,,,,
4609,03/30/2026 13:23:57,27.71,20915.20,,,,,
4610,03/30/2026 13:33:57,27.93,18662.40,,,,,
4611,03/30/2026 13:43:57,28.01,25825.28,,,,,
4612,03/30/2026 13:53:57,28.18,14499.84,,,,,
4613,03/30/2026 14:03:57,28.23,30750.72,,,,,
4614,03/30/2026 14:13:57,28.23,7170.56,,,,,
4615,03/30/2026 14:23:57,28.27,18170.88,,,,,
4616,03/30/2026 14:33:57,28.23,20541.44,,,,,
4617,03/30/2026 14:43:57,28.23,22814.72,,,,,
4618,03/30/2026 14:53:57,28.23,11878.40,,,,,
4619,03/30/2026 15:03:57,28.05,12206.08,,,,,
4620,03/30/2026 15:13:57,27.80,2479.36,,,,,
4621,03/30/2026 15:23:57,27.88,17116.16,,,,,
4622,03/30/2026 15:33:57,27.71,1864.32,,,,,
4623,03/30/2026 15:43:57,27.58,1557.12,,,,,
4624,03/30/2026 15:53:57,27.45,1745.28,,,,,
4625,03/30/2026 16:03:57,27.32,1584.00,,,,,
4626,03/30/2026 16:13:57,27.24,2283.52,,,,,
4627,03/30/2026 16:23:57,26.90,1732.48,,,,,
4628,03/30/2026 16:33:57,26.55,1041.92,,,,,
4629,03/30/2026 16:43:57,26.25,1328.00,,,,,
4630,03/30/2026 16:53:57,25.99,773.76,,,,,
4631,03/30/2026 17:03:57,25.74,722.56,,,,,
4632,03/30/2026 17:13:57,25.44,705.92,,,,,
4633,03/30/2026 17:23:57,25.22,672.96,,,,,
4634,03/30/2026 17:33:57,25.01,641.44,,,,,
4635,03/30/2026 17:43:57,24.79,640.64,,,,,
4636,03/30/2026 17:53:57,24.71,705.60,,,,,
4637,03/30/2026 18:03:57,24.49,420.64,,,,,
4638,03/30/2026 18:13:57,24.36,358.56,,,,,
4639,03/30/2026 18:23:57,24.19,353.28,,,,,
4640,03/30/2026 18:33:57,24.02,154.36,,,,,
4641,03/30/2026 18:43:57,23.94,67.38,,,,,
4642,03/30/2026 18:53:57,23.76,14.94,,,,,
4643,03/30/2026 19:03:57,23.68,0.98,,,,,
4644,03/30/2026 19:13:57,23.59,0.00,,,,,
4645,03/30/2026 19:23:57,23.46,0.00,,,,,
4646,03/30/2026 19:33:57,23.38,0.00,,,,,
4647,03/30/2026 19:43:57,23.34,0.00,,,,,
4648,03/30/2026 19:53:57,23.21,0.00,,,,,
4649,03/30/2026 20:03:57,23.16,0.00,,,,,
4650,03/30/2026 20:13:57,23.03,0.00,,,,,
4651,03/30/2026 20:23:57,22.99,0.00,,,,,
4652,03/30/2026 20:33:57,22.95,0.00,,,,,
4653,03/30/2026 20:43:57,22.82,0.00,,,,,
4654,03/30/2026 20:53:57,22.82,0.00,,,,,
4655,03/30/2026 21:03:57,22.73,0.00,,,,,
4656,03/30/2026 21:13:57,22.69,0.00,,,,,
4657,03/30/2026 21:23:57,22.69,0.19,,,,,
4658,03/30/2026 21:33:57,22.65,0.00,,,,,
4659,03/30/2026 21:43:57,22.61,0.00,,,,,
4660,03/30/2026 21:53:57,22.61,0.00,,,,,
4661,03/30/2026 22:03:57,22.52,0.00,,,,,
4662,03/30/2026 22:13:57,22.48,0.00,,,,,
4663,03/30/2026 22:23:57,22.48,0.00,,,,,
4664,03/30/2026 22:33:57,22.43,0.00,,,,,
4665,03/30/2026 22:43:57,22.48,0.00,,,,,
4666,03/30/2026 22:53:57,22.39,0.00,,,,,
4667,03/30/2026 23:03:57,22.39,0.00,,,,,
4668,03/30/2026 23:13:57,22.35,0.00,,,,,
4669,03/30/2026 23:23:57,22.26,0.00,,,,,
4670,03/30/2026 23:33:57,22.26,0.00,,,,,
4671,03/30/2026 23:43:57,22.22,0.00,,,,,
4672,03/30/2026 23:53:57,22.18,0.00,,,,,
4673,03/31/2026 00:03:57,22.13,0.00,,,,,
4674,03/31/2026 00:13:57,22.05,0.00,,,,,
4675,03/31/2026 00:23:57,22.05,0.00,,,,,
4676,03/31/2026 00:33:57,21.96,0.00,,,,,
4677,03/31/2026 00:43:57,21.88,0.00,,,,,
4678,03/31/2026 00:53:57,21.88,0.00,,,,,
4679,03/31/2026 01:03:57,21.92,0.00,,,,,
4680,03/31/2026 01:13:57,21.92,0.00,,,,,
4681,03/31/2026 01:23:57,21.88,0.00,,,,,
4682,03/31/2026 01:33:57,21.92,0.00,,,,,
4683,03/31/2026 01:43:57,21.88,0.00,,,,,
4684,03/31/2026 01:53:57,21.83,0.00,,,,,
4685,03/31/2026 02:03:57,21.83,0.00,,,,,
4686,03/31/2026 02:13:57,21.79,0.00,,,,,
4687,03/31/2026 02:23:57,21.75,0.00,,,,,
4688,03/31/2026 02:33:57,21.79,0.00,,,,,
4689,03/31/2026 02:43:57,21.75,0.00,,,,,
4690,03/31/2026 02:53:57,21.70,0.00,,,,,
4691,03/31/2026 03:03:57,21.70,0.00,,,,,
4692,03/31/2026 03:13:57,21.70,0.00,,,,,
4693,03/31/2026 03:23:57,21.66,0.00,,,,,
4694,03/31/2026 03:33:57,21.66,0.00,,,,,
4695,03/31/2026 03:43:57,21.66,0.00,,,,,
4696,03/31/2026 03:53:57,21.66,0.00,,,,,
4697,03/31/2026 04:03:57,21.62,0.00,,,,,
4698,03/31/2026 04:13:57,21.66,0.00,,,,,
4699,03/31/2026 04:23:57,21.66,0.00,,,,,
4700,03/31/2026 04:33:57,21.66,0.00,,,,,
4701,03/31/2026 04:43:57,21.62,0.00,,,,,
4702,03/31/2026 04:53:57,21.66,0.00,,,,,
4703,03/31/2026 05:03:57,21.62,0.00,,,,,
4704,03/31/2026 05:13:57,21.62,0.00,,,,,
4705,03/31/2026 05:23:57,21.62,0.00,,,,,
4706,03/31/2026 05:33:57,21.62,0.00,,,,,
4707,03/31/2026 05:43:57,21.58,0.00,,,,,
4708,03/31/2026 05:53:57,21.53,0.00,,,,,
4709,03/31/2026 06:03:57,21.58,0.39,,,,,
4710,03/31/2026 06:13:57,21.53,8.03,,,,,
4711,03/31/2026 06:23:57,21.53,41.36,,,,,
4712,03/31/2026 06:33:57,21.58,124.48,,,,,
4713,03/31/2026 06:43:57,21.45,212.64,,,,,
4714,03/31/2026 06:53:57,21.53,317.60,,,,,
4715,03/31/2026 07:03:57,21.53,367.20,,,,,
4716,03/31/2026 07:13:57,21.49,408.16,,,,,
4717,03/31/2026 07:23:57,21.53,500.96,,,,,
4718,03/31/2026 07:33:57,21.53,1007.68,,,,,
4719,03/31/2026 07:43:57,21.66,2019.84,,,,,
4720,03/31/2026 07:53:57,21.70,1374.08,,,,,
4721,03/31/2026 08:03:57,21.66,710.08,,,,,
4722,03/31/2026 08:13:57,21.75,1952.64,,,,,
4723,03/31/2026 08:23:57,21.83,1107.84,,,,,
4724,03/31/2026 08:33:57,21.88,1040.64,,,,,
4725,03/31/2026 08:43:57,22.01,1701.12,,,,,
4726,03/31/2026 08:53:57,22.05,1456.64,,,,,
4727,03/31/2026 09:03:57,22.13,1408.00,,,,,
4728,03/31/2026 09:13:57,22.31,1690.24,,,,,
4729,03/31/2026 09:23:57,22.52,3860.48,,,,,
4730,03/31/2026 09:33:57,22.65,2746.88,,,,,
4731,03/31/2026 09:43:57,22.69,2278.40,,,,,
4732,03/31/2026 09:53:57,22.95,2400.64,,,,,
4733,03/31/2026 10:03:57,23.03,1814.40,,,,,
4734,03/31/2026 10:13:57,23.12,1831.68,,,,,
4735,03/31/2026 10:23:57,23.29,2040.32,,,,,
4736,03/31/2026 10:33:57,23.51,1902.08,,,,,
4737,03/31/2026 10:43:57,23.72,2552.96,,,,,
4738,03/31/2026 10:53:57,23.85,3641.60,,,,,
4739,03/31/2026 11:03:57,24.11,3857.92,,,,,
4740,03/31/2026 11:13:57,24.19,3653.12,,,,,
4741,03/31/2026 11:23:57,24.28,3795.20,,,,,
4742,03/31/2026 11:33:57,24.24,2215.68,,,,,
4743,03/31/2026 11:43:57,24.45,5440.00,,,,,
4744,03/31/2026 11:53:57,24.62,14100.48,,,,,
4745,03/31/2026 12:03:57,24.66,3129.60,,,,,
4746,03/31/2026 12:13:57,24.84,2961.92,,,,,
4747,03/31/2026 12:23:57,25.52,62730.24,,,,,
4748,03/31/2026 12:33:57,27.20,66088.96,,,,,
4749,03/31/2026 12:43:57,28.01,50339.84,,,,,
4750,03/31/2026 12:53:57,28.53,59105.28,,,,,
4751,03/31/2026 13:03:57,27.37,4453.12,,,,,
4752,03/31/2026 13:13:57,27.37,4958.72,,,,,
4753,03/31/2026 13:23:57,27.75,12067.84,,,,,
4754,03/31/2026 13:33:57,28.23,21032.96,,,,,
4755,03/31/2026 13:43:57,27.63,6663.68,,,,,
4756,03/31/2026 13:53:57,27.80,21227.52,,,,,
4757,03/31/2026 14:03:57,27.24,2928.64,,,,,
4758,03/31/2026 14:13:57,27.07,4883.20,,,,,
4759,03/31/2026 14:23:57,27.07,3402.24,,,,,
4760,03/31/2026 14:33:57,27.41,21760.00,,,,,
4761,03/31/2026 14:43:57,27.11,9295.36,,,,,
4762,03/31/2026 14:53:57,27.45,5475.84,,,,,
4763,03/31/2026 15:03:57,27.32,16302.08,,,,,
4764,03/31/2026 15:13:57,26.94,8555.52,,,,,
4765,03/31/2026 15:23:57,27.02,14080.00,,,,,
4766,03/31/2026 15:33:57,26.81,2772.48,,,,,
4767,03/31/2026 15:43:57,26.81,2695.68,,,,,
4768,03/31/2026 15:53:57,26.64,999.04,,,,,
4769,03/31/2026 16:03:57,26.55,2666.24,,,,,
4770,03/31/2026 16:13:57,26.34,1891.20,,,,,
4771,03/31/2026 16:23:57,26.08,1566.72,,,,,
4772,03/31/2026 16:33:57,25.87,2452.48,,,,,
4773,03/31/2026 16:43:57,25.74,1516.80,,,,,
4774,03/31/2026 16:53:57,25.44,1166.08,,,,,
4775,03/31/2026 17:03:57,25.22,1480.32,,,,,
4776,03/31/2026 17:13:57,25.01,865.60,,,,,
4777,03/31/2026 17:23:57,24.88,1381.76,,,,,
4778,03/31/2026 17:33:57,24.71,629.60,,,,,
4779,03/31/2026 17:43:57,24.54,719.68,,,,,
4780,03/31/2026 17:53:57,24.45,595.20,,,,,
4781,03/31/2026 18:03:57,24.28,613.92,,,,,
4782,03/31/2026 18:13:57,24.24,393.12,,,,,
4783,03/31/2026 18:23:57,24.11,376.16,,,,,
4784,03/31/2026 18:33:57,23.98,119.68,,,,,
4785,03/31/2026 18:43:57,23.81,40.55,,,,,
4786,03/31/2026 18:53:57,23.68,14.36,,,,,
4787,03/31/2026 19:03:57,23.59,1.37,,,,,
4788,03/31/2026 19:13:57,23.51,0.00,,,,,
4789,03/31/2026 19:23:57,23.42,0.00,,,,,
4790,03/31/2026 19:33:57,23.34,0.00,,,,,
4791,03/31/2026 19:43:57,23.21,0.00,,,,,
4792,03/31/2026 19:53:57,23.21,0.00,,,,,
4793,03/31/2026 20:03:57,23.16,0.00,,,,,
4794,03/31/2026 20:13:57,23.08,0.00,,,,,
4795,03/31/2026 20:23:57,23.03,0.00,,,,,
4796,03/31/2026 20:33:57,22.99,0.00,,,,,
4797,03/31/2026 20:43:57,22.91,0.00,,,,,
4798,03/31/2026 20:53:57,22.86,0.00,,,,,
4799,03/31/2026 21:03:57,22.73,0.00,,,,,
4800,03/31/2026 21:13:57,22.73,0.00,,,,,
4801,03/31/2026 21:23:57,22.69,0.00,,,,,
4802,03/31/2026 21:33:57,22.69,0.00,,,,,
4803,03/31/2026 21:43:57,22.61,0.00,,,,,
4804,03/31/2026 21:53:57,22.61,0.00,,,,,
4805,03/31/2026 22:03:57,22.56,0.00,,,,,
4806,03/31/2026 22:13:57,22.56,0.00,,,,,
4807,03/31/2026 22:23:57,22.52,0.00,,,,,
4808,03/31/2026 22:33:57,22.48,0.00,,,,,
4809,03/31/2026 22:43:57,22.48,0.00,,,,,
4810,03/31/2026 22:53:57,22.39,0.00,,,,,
4811,03/31/2026 23:03:57,22.35,0.00,,,,,
4812,03/31/2026 23:13:57,22.35,0.00,,,,,
4813,03/31/2026 23:23:57,22.35,0.00,,,,,
4814,03/31/2026 23:33:57,22.26,0.00,,,,,
4815,03/31/2026 23:43:57,22.26,0.00,,,,,
4816,03/31/2026 23:53:57,22.26,0.00,,,,,
4817,04/01/2026 00:03:57,22.22,0.00,,,,,
4818,04/01/2026 00:13:57,22.18,0.00,,,,,
4819,04/01/2026 00:23:57,22.13,0.00,,,,,
4820,04/01/2026 00:33:57,22.13,0.00,,,,,
4821,04/01/2026 00:43:57,22.09,0.00,,,,,
4822,04/01/2026 00:53:57,22.01,0.00,,,,,
4823,04/01/2026 01:03:57,22.05,0.00,,,,,
4824,04/01/2026 01:13:57,22.01,0.00,,,,,
4825,04/01/2026 01:23:57,22.01,0.00,,,,,
4826,04/01/2026 01:33:57,22.01,0.00,,,,,
4827,04/01/2026 01:43:57,21.96,0.00,,,,,
4828,04/01/2026 01:53:57,21.92,0.00,,,,,
4829,04/01/2026 02:03:57,21.92,0.00,,,,,
4830,04/01/2026 02:13:57,21.88,0.00,,,,,
4831,04/01/2026 02:23:57,21.92,0.00,,,,,
4832,04/01/2026 02:33:57,21.88,0.00,,,,,
4833,04/01/2026 02:43:57,21.83,0.00,,,,,
4834,04/01/2026 02:53:57,21.88,0.00,,,,,
4835,04/01/2026 03:03:57,21.83,0.00,,,,,
4836,04/01/2026 03:13:57,21.83,0.00,,,,,
4837,04/01/2026 03:23:57,21.75,0.00,,,,,
4838,04/01/2026 03:33:57,21.79,0.00,,,,,
4839,04/01/2026 03:43:57,21.75,0.00,,,,,
4840,04/01/2026 03:53:57,21.70,0.00,,,,,
4841,04/01/2026 04:03:57,21.70,0.00,,,,,
4842,04/01/2026 04:13:57,21.75,0.00,,,,,
4843,04/01/2026 04:23:57,21.66,0.00,,,,,
4844,04/01/2026 04:33:57,21.66,0.00,,,,,
4845,04/01/2026 04:43:57,21.66,0.00,,,,,
4846,04/01/2026 04:53:57,21.66,0.00,,,,,
4847,04/01/2026 05:03:57,21.66,0.00,,,,,
4848,04/01/2026 05:13:57,21.66,0.00,,,,,
4849,04/01/2026 05:23:57,21.62,0.00,,,,,
4850,04/01/2026 05:33:57,21.62,0.00,,,,,
4851,04/01/2026 05:43:57,21.62,0.00,,,,,
4852,04/01/2026 05:53:57,21.58,0.00,,,,,
4853,04/01/2026 06:03:57,21.66,0.58,,,,,
4854,04/01/2026 06:13:57,21.66,9.41,,,,,
4855,04/01/2026 06:23:57,21.58,50.62,,,,,
4856,04/01/2026 06:33:57,21.58,137.00,,,,,
4857,04/01/2026 06:43:57,21.53,236.40,,,,,
4858,04/01/2026 06:53:57,21.58,343.52,,,,,
4859,04/01/2026 07:03:57,21.66,409.60,,,,,
4860,04/01/2026 07:13:57,21.62,651.20,,,,,
4861,04/01/2026 07:23:57,21.75,1205.12,,,,,
4862,04/01/2026 07:33:57,21.83,715.52,,,,,
4863,04/01/2026 07:43:57,21.96,749.44,,,,,
4864,04/01/2026 07:53:57,22.09,1299.20,,,,,
4865,04/01/2026 08:03:57,22.26,931.52,,,,,
4866,04/01/2026 08:13:57,22.39,1008.96,,,,,
4867,04/01/2026 08:23:57,22.52,869.44,,,,,
4868,04/01/2026 08:33:57,22.69,1082.88,,,,,
4869,04/01/2026 08:43:57,22.78,1848.96,,,,,
4870,04/01/2026 08:53:57,22.91,1406.08,,,,,
4871,04/01/2026 09:03:57,23.03,1984.00,,,,,
4872,04/01/2026 09:13:57,23.12,1159.04,,,,,
4873,04/01/2026 09:23:57,23.25,1944.32,,,,,
4874,04/01/2026 09:33:57,23.34,1318.40,,,,,
4875,04/01/2026 09:43:57,23.46,1390.72,,,,,
4876,04/01/2026 09:53:57,23.51,1994.88,,,,,
4877,04/01/2026 10:03:57,23.81,2890.24,,,,,
4878,04/01/2026 10:13:57,23.98,4171.52,,,,,
4879,04/01/2026 10:23:57,24.19,3091.20,,,,,
4880,04/01/2026 10:33:57,24.19,3384.32,,,,,
4881,04/01/2026 10:43:57,24.28,3121.92,,,,,
4882,04/01/2026 10:53:57,24.32,2694.40,,,,,
4883,04/01/2026 11:03:57,24.45,3198.72,,,,,
4884,04/01/2026 11:13:57,24.58,2791.68,,,,,
4885,04/01/2026 11:23:57,24.66,3324.16,,,,,
4886,04/01/2026 11:33:57,24.75,3726.08,,,,,
4887,04/01/2026 11:43:57,24.84,3572.48,,,,,
4888,04/01/2026 11:53:57,24.92,3819.52,,,,,
4889,04/01/2026 12:03:57,25.05,2008.96,,,,,
4890,04/01/2026 12:13:57,25.18,2446.72,,,,,
4891,04/01/2026 12:23:57,25.27,2771.20,,,,,
4892,04/01/2026 12:33:57,25.65,5105.92,,,,,
4893,04/01/2026 12:43:57,25.48,2918.40,,,,,
4894,04/01/2026 12:53:57,25.61,3141.12,,,,,
4895,04/01/2026 13:03:57,25.78,15119.36,,,,,
4896,04/01/2026 13:13:57,25.78,27084.80,,,,,
4897,04/01/2026 13:23:57,25.82,5105.92,,,,,
4898,04/01/2026 13:33:57,25.82,6067.20,,,,,
4899,04/01/2026 13:43:57,25.78,5137.92,,,,,
4900,04/01/2026 13:53:57,26.08,2583.04,,,,,
4901,04/01/2026 14:03:57,26.04,3434.24,,,,,
4902,04/01/2026 14:13:57,26.25,3453.44,,,,,
4903,04/01/2026 14:23:57,26.38,5752.32,,,,,
4904,04/01/2026 14:33:57,26.51,17776.64,,,,,
4905,04/01/2026 14:43:57,26.64,16890.88,,,,,
4906,04/01/2026 14:53:57,26.77,10869.76,,,,,
4907,04/01/2026 15:03:57,26.81,13516.80,,,,,
4908,04/01/2026 15:13:57,27.02,6440.96,,,,,
4909,04/01/2026 15:23:57,26.72,3607.04,,,,,
4910,04/01/2026 15:33:57,26.68,4779.52,,,,,
4911,04/01/2026 15:43:57,26.64,2454.40,,,,,
4912,04/01/2026 15:53:57,26.68,3321.60,,,,,
4913,04/01/2026 16:03:57,26.60,4024.32,,,,,
4914,04/01/2026 16:13:57,26.38,1436.16,,,,,
4915,04/01/2026 16:23:57,26.17,1293.76,,,,,
4916,04/01/2026 16:33:57,26.12,2457.60,,,,,
4917,04/01/2026 16:43:57,25.91,2281.60,,,,,
4918,04/01/2026 16:53:57,25.82,2407.04,,,,,
4919,04/01/2026 17:03:57,25.57,421.60,,,,,
4920,04/01/2026 17:13:57,25.44,710.08,,,,,
4921,04/01/2026 17:23:57,25.22,1310.08,,,,,
4922,04/01/2026 17:33:57,25.05,1032.00,,,,,
4923,04/01/2026 17:43:57,24.92,846.72,,,,,
4924,04/01/2026 17:53:57,24.79,631.20,,,,,
4925,04/01/2026 18:03:57,24.66,1342.72,,,,,
4926,04/01/2026 18:13:57,24.54,298.72,,,,,
4927,04/01/2026 18:23:57,24.36,245.04,,,,,
4928,04/01/2026 18:33:57,24.28,148.08,,,,,
4929,04/01/2026 18:43:57,24.15,70.52,,,,,
4930,04/01/2026 18:53:57,24.02,15.34,,,,,
4931,04/01/2026 19:03:57,23.98,1.37,,,,,
4932,04/01/2026 19:13:57,23.85,0.00,,,,,
4933,04/01/2026 19:23:57,23.81,0.00,,,,,
4934,04/01/2026 19:33:57,23.68,0.00,,,,,
4935,04/01/2026 19:43:57,23.64,0.00,,,,,
4936,04/01/2026 19:53:57,23.55,0.00,,,,,
4937,04/01/2026 20:03:57,23.46,0.00,,,,,
4938,04/01/2026 20:13:57,23.42,0.00,,,,,
4939,04/01/2026 20:23:57,23.38,0.00,,,,,
4940,04/01/2026 20:33:57,23.29,0.58,,,,,
4941,04/01/2026 20:43:57,23.16,0.00,,,,,
4942,04/01/2026 20:53:57,23.12,0.00,,,,,
4943,04/01/2026 21:03:57,23.08,0.00,,,,,
4944,04/01/2026 21:13:57,23.08,0.00,,,,,
4945,04/01/2026 21:23:57,22.99,0.00,,,,,
4946,04/01/2026 21:33:57,22.99,0.00,,,,,
4947,04/01/2026 21:43:57,22.91,0.00,,,,,
4948,04/01/2026 21:53:57,22.82,0.00,,,,,
4949,04/01/2026 22:03:57,22.82,0.00,,,,,
4950,04/01/2026 22:13:57,22.82,0.00,,,,,
4951,04/01/2026 22:23:57,22.78,0.00,,,,,
4952,04/01/2026 22:33:57,22.73,0.00,,,,,
4953,04/01/2026 22:43:57,22.73,0.00,,,,,
4954,04/01/2026 22:53:57,22.69,0.00,,,,,
4955,04/01/2026 23:03:57,22.69,0.00,,,,,
4956,04/01/2026 23:13:57,22.69,0.00,,,,,
4957,04/01/2026 23:23:57,22.65,0.00,,,,,
4958,04/01/2026 23:33:57,22.69,0.00,,,,,
4959,04/01/2026 23:43:57,22.65,0.00,,,,,
4960,04/01/2026 23:53:57,22.56,0.00,,,,,
4961,04/02/2026 00:03:57,22.61,0.00,,,,,
4962,04/02/2026 00:13:57,22.56,0.00,,,,,
4963,04/02/2026 00:23:57,22.52,0.00,,,,,
4964,04/02/2026 00:33:57,22.52,0.00,,,,,
4965,04/02/2026 00:43:57,22.48,0.00,,,,,
4966,04/02/2026 00:53:57,22.52,0.00,,,,,
4967,04/02/2026 01:03:57,22.43,0.00,,,,,
4968,04/02/2026 01:13:57,22.43,0.00,,,,,
4969,04/02/2026 01:23:57,22.39,0.00,,,,,
4970,04/02/2026 01:33:57,22.39,0.00,,,,,
4971,04/02/2026 01:43:57,22.39,0.00,,,,,
4972,04/02/2026 01:53:57,22.39,0.00,,,,,
4973,04/02/2026 02:03:57,22.31,0.00,,,,,
4974,04/02/2026 02:13:57,22.26,0.00,,,,,
4975,04/02/2026 02:23:57,22.31,0.00,,,,,
4976,04/02/2026 02:33:57,22.26,0.00,,,,,
4977,04/02/2026 02:43:57,22.31,0.00,,,,,
4978,04/02/2026 02:53:57,22.22,0.00,,,,,
4979,04/02/2026 03:03:57,22.26,0.00,,,,,
4980,04/02/2026 03:13:57,22.22,0.00,,,,,
4981,04/02/2026 03:23:57,22.13,0.00,,,,,
4982,04/02/2026 03:33:57,22.13,0.00,,,,,
4983,04/02/2026 03:43:57,22.13,0.00,,,,,
4984,04/02/2026 03:53:57,22.13,0.00,,,,,
4985,04/02/2026 04:03:57,22.05,0.00,,,,,
4986,04/02/2026 04:13:57,22.13,0.00,,,,,
4987,04/02/2026 04:23:57,22.09,0.00,,,,,
4988,04/02/2026 04:33:57,22.09,0.00,,,,,
4989,04/02/2026 04:43:57,22.05,0.00,,,,,
4990,04/02/2026 04:53:57,22.01,0.00,,,,,
4991,04/02/2026 05:03:57,22.05,0.00,,,,,
4992,04/02/2026 05:13:57,22.09,0.00,,,,,
4993,04/02/2026 05:23:57,22.05,0.00,,,,,
4994,04/02/2026 05:33:57,21.96,0.00,,,,,
4995,04/02/2026 05:43:57,22.05,0.00,,,,,
4996,04/02/2026 05:53:57,22.01,0.19,,,,,
4997,04/02/2026 06:03:57,22.01,0.78,,,,,
4998,04/02/2026 06:13:57,22.05,10.80,,,,,
4999,04/02/2026 06:23:57,22.05,57.14,,,,,
5000,04/02/2026 06:33:57,21.96,144.16,,,,,
5001,04/02/2026 06:43:57,22.05,283.04,,,,,
5002,04/02/2026 06:53:57,22.05,552.80,,,,,
5003,04/02/2026 07:03:57,22.13,1018.56,,,,,
5004,04/02/2026 07:13:57,22.22,916.48,,,,,
5005,04/02/2026 07:23:57,22.22,897.60,,,,,
5006,04/02/2026 07:33:57,22.39,1239.04,,,,,
5007,04/02/2026 07:43:57,22.48,1456.64,,,,,
5008,04/02/2026 07:53:57,22.48,553.92,,,,,
5009,04/02/2026 08:03:57,22.52,932.16,,,,,
5010,04/02/2026 08:13:57,22.61,938.56,,,,,
5011,04/02/2026 08:23:57,22.73,1171.52,,,,,
5012,04/02/2026 08:33:57,22.86,1695.36,,,,,
5013,04/02/2026 08:43:57,22.95,1985.28,,,,,
5014,04/02/2026 08:53:57,23.21,3823.36,,,,,
5015,04/02/2026 09:03:57,23.34,4277.76,,,,,
5016,04/02/2026 09:13:57,23.42,4629.76,,,,,
5017,04/02/2026 09:23:57,23.51,5447.68,,,,,
5018,04/02/2026 09:33:57,23.68,3637.76,,,,,
5019,04/02/2026 09:43:57,23.76,2095.36,,,,,
5020,04/02/2026 09:53:57,23.94,4171.52,,,,,
5021,04/02/2026 10:03:57,23.98,4476.16,,,,,
5022,04/02/2026 10:13:57,24.19,6863.36,,,,,
5023,04/02/2026 10:23:57,24.19,4999.68,,,,,
5024,04/02/2026 10:33:57,24.41,4249.60,,,,,
5025,04/02/2026 10:43:57,24.54,6894.08,,,,,
5026,04/02/2026 10:53:57,24.75,4268.80,,,,,
5027,04/02/2026 11:03:57,25.01,5237.76,,,,,
5028,04/02/2026 11:13:57,25.22,6497.28,,,,,
5029,04/02/2026 11:23:57,25.35,6955.52,,,,,
5030,04/02/2026 11:33:57,25.27,2109.44,,,,,
5031,04/02/2026 11:43:57,25.09,5034.24,,,,,
5032,04/02/2026 11:53:57,25.18,7577.60,,,,,
5033,04/02/2026 12:03:57,25.74,24811.52,,,,,
5034,04/02/2026 12:13:57,26.25,29614.08,,,,,
5035,04/02/2026 12:23:57,26.08,8529.92,,,,,
5036,04/02/2026 12:33:57,25.99,6755.84,,,,,
5037,04/02/2026 12:43:57,26.34,23193.60,,,,,
5038,04/02/2026 12:53:57,27.07,56954.88,,,,,
5039,04/02/2026 13:03:57,26.55,16542.72,,,,,
5040,04/02/2026 13:13:57,27.45,27136.00,,,,,
5041,04/02/2026 13:23:57,26.68,11013.12,,,,,
5042,04/02/2026 13:33:57,26.42,13793.28,,,,,
5043,04/02/2026 13:43:57,26.51,16936.96,,,,,
5044,04/02/2026 13:53:57,26.72,21309.44,,,,,
5045,04/02/2026 14:03:57,26.68,20730.88,,,,,
5046,04/02/2026 14:13:57,27.45,39485.44,,,,,
5047,04/02/2026 14:23:57,27.07,19394.56,,,,,
5048,04/02/2026 14:33:57,26.55,4980.48,,,,,
5049,04/02/2026 14:43:57,26.25,6453.76,,,,,
5050,04/02/2026 14:53:57,26.04,4218.88,,,,,
5051,04/02/2026 15:03:57,25.87,3512.32,,,,,
5052,04/02/2026 15:13:57,25.69,3078.40,,,,,
5053,04/02/2026 15:23:57,25.61,2497.92,,,,,
5054,04/02/2026 15:33:57,25.61,5081.60,,,,,
5055,04/02/2026 15:43:57,25.52,4889.60,,,,,
5056,04/02/2026 15:53:57,25.35,3098.88,,,,,
5057,04/02/2026 16:03:57,25.31,3252.48,,,,,
5058,04/02/2026 16:13:57,25.22,3386.88,,,,,
5059,04/02/2026 16:23:57,25.18,3178.24,,,,,
5060,04/02/2026 16:33:57,25.09,2813.44,,,,,
5061,04/02/2026 16:43:57,25.01,2250.24,,,,,
5062,04/02/2026 16:53:57,24.92,2905.60,,,,,
5063,04/02/2026 17:03:57,24.84,2076.16,,,,,
5064,04/02/2026 17:13:57,24.71,1693.44,,,,,
5065,04/02/2026 17:23:57,24.58,1237.44,,,,,
5066,04/02/2026 17:33:57,24.45,1259.20,,,,,
5067,04/02/2026 17:43:57,24.36,767.04,,,,,
5068,04/02/2026 17:53:57,24.32,747.84,,,,,
5069,04/02/2026 18:03:57,24.24,683.52,,,,,
5070,04/02/2026 18:13:57,24.06,361.12,,,,,
5071,04/02/2026 18:23:57,24.02,303.44,,,,,
5072,04/02/2026 18:33:57,23.94,178.96,,,,,
5073,04/02/2026 18:43:57,23.85,43.90,,,,,
5074,04/02/2026 18:53:57,23.76,17.12,,,,,
5075,04/02/2026 19:03:57,23.68,0.98,,,,,
5076,04/02/2026 19:13:57,23.59,0.00,,,,,
5077,04/02/2026 19:23:57,23.51,0.00,,,,,
5078,04/02/2026 19:33:57,23.42,0.00,,,,,
5079,04/02/2026 19:43:57,23.38,0.00,,,,,
5080,04/02/2026 19:53:57,23.29,0.00,,,,,
5081,04/02/2026 20:03:57,23.25,0.00,,,,,
5082,04/02/2026 20:13:57,23.21,0.00,,,,,
5083,04/02/2026 20:23:57,23.12,0.00,,,,,
5084,04/02/2026 20:33:57,23.03,0.00,,,,,
5085,04/02/2026 20:43:57,22.99,0.00,,,,,
5086,04/02/2026 20:53:57,22.95,0.00,,,,,
5087,04/02/2026 21:03:57,22.91,0.00,,,,,
5088,04/02/2026 21:13:57,22.82,0.00,,,,,
5089,04/02/2026 21:23:57,22.78,0.00,,,,,
5090,04/02/2026 21:33:57,22.69,0.00,,,,,
5091,04/02/2026 21:43:57,22.73,0.00,,,,,
5092,04/02/2026 21:53:57,22.65,0.00,,,,,
5093,04/02/2026 22:03:57,22.61,0.00,,,,,
5094,04/02/2026 22:13:57,22.56,0.00,,,,,
5095,04/02/2026 22:23:57,22.56,0.00,,,,,
5096,04/02/2026 22:33:57,22.52,0.00,,,,,
5097,04/02/2026 22:43:57,22.52,0.00,,,,,
5098,04/02/2026 22:53:57,22.48,0.00,,,,,
5099,04/02/2026 23:03:57,22.48,0.00,,,,,
5100,04/02/2026 23:13:57,22.43,0.00,,,,,
5101,04/02/2026 23:23:57,22.43,0.00,,,,,
5102,04/02/2026 23:33:57,22.43,0.00,,,,,
5103,04/02/2026 23:43:57,22.35,0.00,,,,,
5104,04/02/2026 23:53:57,22.39,0.00,,,,,
5105,04/03/2026 00:03:57,22.35,0.00,,,,,
5106,04/03/2026 00:13:57,22.26,0.00,,,,,
5107,04/03/2026 00:23:57,22.26,0.00,,,,,
5108,04/03/2026 00:33:57,22.31,0.00,,,,,
5109,04/03/2026 00:43:57,22.26,0.00,,,,,
5110,04/03/2026 00:53:57,22.22,0.00,,,,,
5111,04/03/2026 01:03:57,22.22,0.00,,,,,
5112,04/03/2026 01:13:57,22.22,0.00,,,,,
5113,04/03/2026 01:23:57,22.18,0.00,,,,,
5114,04/03/2026 01:33:57,22.13,0.00,,,,,
5115,04/03/2026 01:43:57,22.13,0.00,,,,,
5116,04/03/2026 01:53:57,22.13,0.00,,,,,
5117,04/03/2026 02:03:57,22.05,0.00,,,,,
5118,04/03/2026 02:13:57,22.05,0.00,,,,,
5119,04/03/2026 02:23:57,22.13,0.00,,,,,
5120,04/03/2026 02:33:57,22.05,0.00,,,,,
5121,04/03/2026 02:43:57,22.05,0.00,,,,,
5122,04/03/2026 02:53:57,22.05,0.00,,,,,
5123,04/03/2026 03:03:57,22.05,0.00,,,,,
5124,04/03/2026 03:13:57,22.01,0.00,,,,,
5125,04/03/2026 03:23:57,22.01,0.00,,,,,
5126,04/03/2026 03:33:57,21.96,0.00,,,,,
5127,04/03/2026 03:43:57,21.96,0.00,,,,,
5128,04/03/2026 03:53:57,22.05,0.00,,,,,
5129,04/03/2026 04:03:57,22.01,0.00,,,,,
5130,04/03/2026 04:13:57,22.05,0.00,,,,,
5131,04/03/2026 04:23:57,22.01,0.19,,,,,
5132,04/03/2026 04:33:57,22.01,0.00,,,,,
5133,04/03/2026 04:43:57,22.05,0.00,,,,,
5134,04/03/2026 04:53:57,21.96,0.00,,,,,
5135,04/03/2026 05:03:57,22.01,0.00,,,,,
5136,04/03/2026 05:13:57,21.96,0.00,,,,,
5137,04/03/2026 05:23:57,21.96,0.00,,,,,
5138,04/03/2026 05:33:57,22.01,0.00,,,,,
5139,04/03/2026 05:43:57,21.96,0.00,,,,,
5140,04/03/2026 05:53:57,21.96,0.00,,,,,
5141,04/03/2026 06:03:57,21.92,0.58,,,,,
5142,04/03/2026 06:13:57,21.96,9.01,,,,,
5143,04/03/2026 06:23:57,21.96,36.22,,,,,
5144,04/03/2026 06:33:57,21.92,128.40,,,,,
5145,04/03/2026 06:43:57,21.92,237.28,,,,,
5146,04/03/2026 06:53:57,21.92,231.68,,,,,
5147,04/03/2026 07:03:57,21.83,456.32,,,,,
5148,04/03/2026 07:13:57,21.96,1064.64,,,,,
5149,04/03/2026 07:23:57,22.01,640.96,,,,,
5150,04/03/2026 07:33:57,22.09,1123.52,,,,,
5151,04/03/2026 07:43:57,22.22,1024.64,,,,,
5152,04/03/2026 07:53:57,22.26,842.56,,,,,
5153,04/03/2026 08:03:57,22.43,2165.76,,,,,
5154,04/03/2026 08:13:57,22.56,2506.24,,,,,
5155,04/03/2026 08:23:57,22.65,1946.24,,,,,
5156,04/03/2026 08:33:57,22.69,1964.80,,,,,
5157,04/03/2026 08:43:57,22.78,1877.12,,,,,
5158,04/03/2026 08:53:57,22.99,3185.92,,,,,
5159,04/03/2026 09:03:57,23.16,1260.80,,,,,
5160,04/03/2026 09:13:57,23.34,1235.84,,,,,
5161,04/03/2026 09:23:57,23.46,1365.12,,,,,
5162,04/03/2026 09:33:57,23.68,1968.00,,,,,
5163,04/03/2026 09:43:57,23.85,1349.12,,,,,
5164,04/03/2026 09:53:57,24.06,1328.64,,,,,
5165,04/03/2026 10:03:57,24.28,1480.96,,,,,
5166,04/03/2026 10:13:57,24.49,1445.76,,,,,
5167,04/03/2026 10:23:57,24.71,1565.44,,,,,
5168,04/03/2026 10:33:57,24.97,1729.92,,,,,
5169,04/03/2026 10:43:57,25.22,1792.64,,,,,
5170,04/03/2026 10:53:57,25.44,1773.44,,,,,
5171,04/03/2026 11:03:57,25.78,2487.04,,,,,
5172,04/03/2026 11:13:57,26.08,14008.32,,,,,
5173,04/03/2026 11:23:57,26.42,55480.32,,,,,
5174,04/03/2026 11:33:57,26.72,55910.40,,,,,
5175,04/03/2026 11:43:57,26.98,39342.08,,,,,
5176,04/03/2026 11:53:57,27.11,21145.60,,,,,
5177,04/03/2026 12:03:57,27.24,11432.96,,,,,
5178,04/03/2026 12:13:57,27.37,4005.12,,,,,
5179,04/03/2026 12:23:57,27.54,3311.36,,,,,
5180,04/03/2026 12:33:57,27.71,5788.16,,,,,
5181,04/03/2026 12:43:57,27.67,2319.36,,,,,
5182,04/03/2026 12:53:57,27.84,2295.68,,,,,
5183,04/03/2026 13:03:57,28.23,24586.24,,,,,
5184,04/03/2026 13:13:57,28.40,23674.88,,,,,
5185,04/03/2026 13:23:57,28.40,29050.88,,,,,
5186,04/03/2026 13:33:57,28.31,5071.36,,,,,
5187,04/03/2026 13:43:57,28.27,9077.76,,,,,
5188,04/03/2026 13:53:57,28.40,6103.04,,,,,
5189,04/03/2026 14:03:57,28.57,13562.88,,,,,
5190,04/03/2026 14:13:57,28.10,3496.96,,,,,
5191,04/03/2026 14:23:57,28.31,19215.36,,,,,
5192,04/03/2026 14:33:57,28.40,20341.76,,,,,
5193,04/03/2026 14:43:57,28.35,23930.88,,,,,
5194,04/03/2026 14:53:57,27.97,1908.48,,,,,
5195,04/03/2026 15:03:57,27.97,5429.76,,,,,
5196,04/03/2026 15:13:57,27.88,14996.48,,,,,
5197,04/03/2026 15:23:57,27.71,2612.48,,,,,
5198,04/03/2026 15:33:57,27.58,1189.44,,,,,
5199,04/03/2026 15:43:57,27.45,2906.88,,,,,
5200,04/03/2026 15:53:57,27.32,2402.56,,,,,
5201,04/03/2026 16:03:57,27.20,1923.84,,,,,
5202,04/03/2026 16:13:57,27.02,2289.28,,,,,
5203,04/03/2026 16:23:57,26.77,1036.48,,,,,
5204,04/03/2026 16:33:57,26.55,1095.36,,,,,
5205,04/03/2026 16:43:57,26.34,1202.88,,,,,
5206,04/03/2026 16:53:57,26.17,896.96,,,,,
5207,04/03/2026 17:03:57,25.91,1404.80,,,,,
5208,04/03/2026 17:13:57,25.74,936.96,,,,,
5209,04/03/2026 17:23:57,25.57,940.16,,,,,
5210,04/03/2026 17:33:57,25.39,648.48,,,,,
5211,04/03/2026 17:43:57,25.22,630.40,,,,,
5212,04/03/2026 17:53:57,25.05,527.36,,,,,
5213,04/03/2026 18:03:57,24.88,427.04,,,,,
5214,04/03/2026 18:13:57,24.79,311.28,,,,,
5215,04/03/2026 18:23:57,24.62,245.84,,,,,
5216,04/03/2026 18:33:57,24.49,148.88,,,,,
5217,04/03/2026 18:43:57,24.36,67.38,,,,,
5218,04/03/2026 18:53:57,24.19,15.53,,,,,
5219,04/03/2026 19:03:57,24.19,1.37,,,,,
5220,04/03/2026 19:13:57,24.06,0.00,,,,,
5221,04/03/2026 19:23:57,23.94,0.00,,,,,
5222,04/03/2026 19:33:57,23.89,0.00,,,,,
5223,04/03/2026 19:43:57,23.85,0.00,,,,,
5224,04/03/2026 19:53:57,23.72,0.00,,,,,
5225,04/03/2026 20:03:57,23.59,0.00,,,,,
5226,04/03/2026 20:13:57,23.59,0.00,,,,,
5227,04/03/2026 20:23:57,23.51,0.00,,,,,
5228,04/03/2026 20:33:57,23.51,0.39,,,,,
5229,04/03/2026 20:43:57,23.38,0.00,,,,,
5230,04/03/2026 20:53:57,23.29,0.00,,,,,
5231,04/03/2026 21:03:57,23.21,0.00,,,,,
5232,04/03/2026 21:13:57,23.16,0.00,,,,,
5233,04/03/2026 21:23:57,23.16,0.00,,,,,
5234,04/03/2026 21:33:57,23.16,0.00,,,,,
5235,04/03/2026 21:43:57,23.08,0.00,,,,,
5236,04/03/2026 21:53:57,23.08,0.00,,,,,
5237,04/03/2026 22:03:57,23.03,0.00,,,,,
5238,04/03/2026 22:13:57,22.95,0.00,,,,,
5239,04/03/2026 22:23:57,22.95,0.00,,,,,
5240,04/03/2026 22:33:57,22.91,0.00,,,,,
5241,04/03/2026 22:43:57,22.82,0.00,,,,,
5242,04/03/2026 22:53:57,22.82,0.00,,,,,
5243,04/03/2026 23:03:57,22.78,0.00,,,,,
5244,04/03/2026 23:13:57,22.82,0.00,,,,,
5245,04/03/2026 23:23:57,22.78,0.00,,,,,
5246,04/03/2026 23:33:57,22.73,0.00,,,,,
5247,04/03/2026 23:43:57,22.73,0.00,,,,,
5248,04/03/2026 23:53:57,22.69,0.00,,,,,
5249,04/04/2026 00:03:57,22.65,0.00,,,,,
5250,04/04/2026 00:13:57,22.61,0.00,,,,,
5251,04/04/2026 00:23:57,22.69,0.00,,,,,
5252,04/04/2026 00:33:57,22.61,0.00,,,,,
5253,04/04/2026 00:43:57,22.65,0.00,,,,,
5254,04/04/2026 00:53:57,22.61,0.00,,,,,
5255,04/04/2026 01:03:57,22.61,0.00,,,,,
5256,04/04/2026 01:13:57,22.61,0.00,,,,,
5257,04/04/2026 01:23:57,22.61,0.00,,,,,
5258,04/04/2026 01:33:57,22.52,0.00,,,,,
5259,04/04/2026 01:43:57,22.56,0.00,,,,,
5260,04/04/2026 01:53:57,22.56,0.00,,,,,
5261,04/04/2026 02:03:57,22.56,0.00,,,,,
5262,04/04/2026 02:13:57,22.52,0.00,,,,,
5263,04/04/2026 02:23:57,22.48,0.00,,,,,
5264,04/04/2026 02:33:57,22.52,0.00,,,,,
5265,04/04/2026 02:43:57,22.48,0.00,,,,,
5266,04/04/2026 02:53:57,22.48,0.19,,,,,
5267,04/04/2026 03:03:57,22.48,0.00,,,,,
5268,04/04/2026 03:13:57,22.43,0.00,,,,,
5269,04/04/2026 03:23:57,22.43,0.00,,,,,
5270,04/04/2026 03:33:57,22.43,0.00,,,,,
5271,04/04/2026 03:43:57,22.39,0.00,,,,,
5272,04/04/2026 03:53:57,22.39,0.00,,,,,
5273,04/04/2026 04:03:57,22.39,0.00,,,,,
5274,04/04/2026 04:13:57,22.39,0.00,,,,,
5275,04/04/2026 04:23:57,22.35,0.00,,,,,
5276,04/04/2026 04:33:57,22.31,0.00,,,,,
5277,04/04/2026 04:43:57,22.35,0.00,,,,,
5278,04/04/2026 04:53:57,22.31,0.00,,,,,
5279,04/04/2026 05:03:57,22.35,0.00,,,,,
5280,04/04/2026 05:13:57,22.31,0.00,,,,,
5281,04/04/2026 05:23:57,22.31,0.00,,,,,
5282,04/04/2026 05:33:57,22.26,0.00,,,,,
5283,04/04/2026 05:43:57,22.26,0.00,,,,,
5284,04/04/2026 05:53:57,22.31,0.00,,,,,
5285,04/04/2026 06:03:57,22.26,1.17,,,,,
5286,04/04/2026 06:13:57,22.26,13.35,,,,,
5287,04/04/2026 06:23:57,22.26,59.88,,,,,
5288,04/04/2026 06:33:57,22.26,155.92,,,,,
5289,04/04/2026 06:43:57,22.26,248.96,,,,,
5290,04/04/2026 06:53:57,22.31,355.36,,,,,
5291,04/04/2026 07:03:57,22.35,380.48,,,,,
5292,04/04/2026 07:13:57,22.35,424.80,,,,,
5293,04/04/2026 07:23:57,22.43,814.08,,,,,
5294,04/04/2026 07:33:57,22.48,915.84,,,,,
5295,04/04/2026 07:43:57,22.56,835.84,,,,,
5296,04/04/2026 07:53:57,22.65,1667.20,,,,,
5297,04/04/2026 08:03:57,22.78,1616.00,,,,,
5298,04/04/2026 08:13:57,22.86,1522.56,,,,,
5299,04/04/2026 08:23:57,22.99,2711.04,,,,,
5300,04/04/2026 08:33:57,23.03,1418.88,,,,,
5301,04/04/2026 08:43:57,23.12,1946.24,,,,,
5302,04/04/2026 08:53:57,23.21,2959.36,,,,,
5303,04/04/2026 09:03:57,23.34,3334.40,,,,,
5304,04/04/2026 09:13:57,23.38,1768.96,,,,,
5305,04/04/2026 09:23:57,23.46,1838.08,,,,,
5306,04/04/2026 09:33:57,23.59,1980.80,,,,,
5307,04/04/2026 09:43:57,23.64,2057.60,,,,,
5308,04/04/2026 09:53:57,23.72,1961.60,,,,,
5309,04/04/2026 10:03:57,23.98,3788.80,,,,,
5310,04/04/2026 10:13:57,24.06,3992.32,,,,,
5311,04/04/2026 10:23:57,24.15,2563.84,,,,,
5312,04/04/2026 10:33:57,24.24,2758.40,,,,,
5313,04/04/2026 10:43:57,24.32,3356.16,,,,,
5314,04/04/2026 10:53:57,24.49,3776.00,,,,,
5315,04/04/2026 11:03:57,24.66,2312.96,,,,,
5316,04/04/2026 11:13:57,24.84,2656.00,,,,,
5317,04/04/2026 11:23:57,25.05,1737.60,,,,,
5318,04/04/2026 11:33:57,25.05,2339.84,,,,,
5319,04/04/2026 11:43:57,25.27,2392.96,,,,,
5320,04/04/2026 11:53:57,25.57,1930.24,,,,,
5321,04/04/2026 12:03:57,25.78,1869.44,,,,,
5322,04/04/2026 12:13:57,25.95,1535.36,,,,,
5323,04/04/2026 12:23:57,26.12,3463.68,,,,,
5324,04/04/2026 12:33:57,26.72,87040.00,,,,,
5325,04/04/2026 12:43:57,27.02,13578.24,,,,,
5326,04/04/2026 12:53:57,27.20,20218.88,,,,,
5327,04/04/2026 13:03:57,27.45,12958.72,,,,,
5328,04/04/2026 13:13:57,27.50,6356.48,,,,,
5329,04/04/2026 13:23:57,27.71,28375.04,,,,,
5330,04/04/2026 13:33:57,27.58,2577.92,,,,,
5331,04/04/2026 13:43:57,27.50,2521.60,,,,,
5332,04/04/2026 13:53:57,27.63,3882.24,,,,,
5333,04/04/2026 14:03:57,27.71,9415.68,,,,,
5334,04/04/2026 14:13:57,27.67,6773.76,,,,,
5335,04/04/2026 14:23:57,27.67,10951.68,,,,,
5336,04/04/2026 14:33:57,27.88,9100.80,,,,,
5337,04/04/2026 14:43:57,27.88,10654.72,,,,,
5338,04/04/2026 14:53:57,28.14,24586.24,,,,,
5339,04/04/2026 15:03:57,28.10,16875.52,,,,,
5340,04/04/2026 15:13:57,27.93,12994.56,,,,,
5341,04/04/2026 15:23:57,27.75,1902.08,,,,,
5342,04/04/2026 15:33:57,27.71,2737.92,,,,,
5343,04/04/2026 15:43:57,27.67,1728.00,,,,,
5344,04/04/2026 15:53:57,27.67,2131.20,,,,,
5345,04/04/2026 16:03:57,27.58,1706.24,,,,,
5346,04/04/2026 16:13:57,27.41,1093.12,,,,,
5347,04/04/2026 16:23:57,27.15,1114.88,,,,,
5348,04/04/2026 16:33:57,26.90,994.88,,,,,
5349,04/04/2026 16:43:57,26.72,906.24,,,,,
5350,04/04/2026 16:53:57,26.47,657.92,,,,,
5351,04/04/2026 17:03:57,26.25,589.60,,,,,
5352,04/04/2026 17:13:57,26.04,592.80,,,,,
5353,04/04/2026 17:23:57,25.78,552.32,,,,,
5354,04/04/2026 17:33:57,25.61,506.56,,,,,
5355,04/04/2026 17:43:57,25.35,473.60,,,,,
5356,04/04/2026 17:53:57,25.18,426.40,,,,,
5357,04/04/2026 18:03:57,24.97,388.48,,,,,
5358,04/04/2026 18:13:57,24.84,304.00,,,,,
5359,04/04/2026 18:23:57,24.71,260.00,,,,,
5360,04/04/2026 18:33:57,24.58,148.88,,,,,
5361,04/04/2026 18:43:57,24.41,67.78,,,,,
5362,04/04/2026 18:53:57,24.32,18.11,,,,,
5363,04/04/2026 19:03:57,24.24,1.56,,,,,
5364,04/04/2026 19:13:57,24.11,0.00,,,,,
5365,04/04/2026 19:23:57,24.02,0.00,,,,,
5366,04/04/2026 19:33:57,23.98,0.00,,,,,
5367,04/04/2026 19:43:57,23.85,0.00,,,,,
5368,04/04/2026 19:53:57,23.81,0.00,,,,,
5369,04/04/2026 20:03:57,23.68,0.00,,,,,
5370,04/04/2026 20:13:57,23.59,0.00,,,,,
5371,04/04/2026 20:23:57,23.59,0.00,,,,,
5372,04/04/2026 20:33:57,23.55,0.00,,,,,
5373,04/04/2026 20:43:57,23.46,0.00,,,,,
5374,04/04/2026 20:53:57,23.42,0.00,,,,,
5375,04/04/2026 21:03:57,23.38,0.00,,,,,
5376,04/04/2026 21:13:57,23.29,0.00,,,,,
5377,04/04/2026 21:23:57,23.29,0.00,,,,,
5378,04/04/2026 21:33:57,23.25,0.00,,,,,
5379,04/04/2026 21:43:57,23.21,0.00,,,,,
5380,04/04/2026 21:53:57,23.16,0.00,,,,,
5381,04/04/2026 22:03:57,23.08,0.00,,,,,
5382,04/04/2026 22:13:57,23.03,0.00,,,,,
5383,04/04/2026 22:23:57,23.03,0.00,,,,,
5384,04/04/2026 22:33:57,22.91,0.00,,,,,
5385,04/04/2026 22:43:57,22.91,0.00,,,,,
5386,04/04/2026 22:53:57,22.91,0.00,,,,,
5387,04/04/2026 23:03:57,22.86,0.00,,,,,
5388,04/04/2026 23:13:57,22.82,0.00,,,,,
5389,04/04/2026 23:23:57,22.82,0.00,,,,,
5390,04/04/2026 23:33:57,22.73,0.00,,,,,
5391,04/04/2026 23:43:57,22.69,0.00,,,,,
5392,04/04/2026 23:53:57,22.65,0.00,,,,,
5393,04/05/2026 00:03:57,22.73,0.00,,,,,
5394,04/05/2026 00:13:57,22.61,0.00,,,,,
5395,04/05/2026 00:23:57,22.61,0.00,,,,,
5396,04/05/2026 00:33:57,22.56,0.00,,,,,
5397,04/05/2026 00:43:57,22.61,0.00,,,,,
5398,04/05/2026 00:53:57,22.61,0.00,,,,,
5399,04/05/2026 01:03:57,22.61,0.00,,,,,
5400,04/05/2026 01:13:57,22.61,0.00,,,,,
5401,04/05/2026 01:23:57,22.61,0.19,,,,,
5402,04/05/2026 01:33:57,22.56,0.00,,,,,
5403,04/05/2026 01:43:57,22.56,0.00,,,,,
5404,04/05/2026 01:53:57,22.65,0.00,,,,,
5405,04/05/2026 02:03:57,22.65,0.00,,,,,
5406,04/05/2026 02:13:57,22.61,0.00,,,,,
5407,04/05/2026 02:23:57,22.61,0.00,,,,,
5408,04/05/2026 02:33:57,22.61,0.00,,,,,
5409,04/05/2026 02:43:57,22.61,0.00,,,,,
5410,04/05/2026 02:53:57,22.61,0.00,,,,,
5411,04/05/2026 03:03:57,22.56,0.00,,,,,
5412,04/05/2026 03:13:57,22.56,0.00,,,,,
5413,04/05/2026 03:23:57,22.56,0.00,,,,,
5414,04/05/2026 03:33:57,22.56,0.00,,,,,
5415,04/05/2026 03:43:57,22.56,0.00,,,,,
5416,04/05/2026 03:53:57,22.61,0.00,,,,,
5417,04/05/2026 04:03:57,22.61,0.00,,,,,
5418,04/05/2026 04:13:57,22.61,0.00,,,,,
5419,04/05/2026 04:23:57,22.65,0.00,,,,,
5420,04/05/2026 04:33:57,22.61,0.00,,,,,
5421,04/05/2026 04:43:57,22.65,0.00,,,,,
5422,04/05/2026 04:53:57,22.61,0.00,,,,,
5423,04/05/2026 05:03:57,22.61,0.19,,,,,
5424,04/05/2026 05:13:57,22.61,0.00,,,,,
5425,04/05/2026 05:23:57,22.65,0.00,,,,,
5426,04/05/2026 05:33:57,22.56,0.00,,,,,
5427,04/05/2026 05:43:57,22.56,0.00,,,,,
5428,04/05/2026 05:53:57,22.61,0.00,,,,,
5429,04/05/2026 06:03:57,22.61,1.76,,,,,
5430,04/05/2026 06:13:57,22.61,16.90,,,,,
5431,04/05/2026 06:23:57,22.61,70.52,,,,,
5432,04/05/2026 06:33:57,22.56,154.36,,,,,
5433,04/05/2026 06:43:57,22.61,244.96,,,,,
5434,04/05/2026 06:53:57,22.65,422.40,,,,,
5435,04/05/2026 07:03:57,22.65,666.88,,,,,
5436,04/05/2026 07:13:57,22.78,883.52,,,,,
5437,04/05/2026 07:23:57,22.86,836.16,,,,,
5438,04/05/2026 07:33:57,22.95,613.12,,,,,
5439,04/05/2026 07:43:57,22.95,1137.60,,,,,
5440,04/05/2026 07:53:57,23.08,1232.64,,,,,
5441,04/05/2026 08:03:57,23.16,773.12,,,,,
5442,04/05/2026 08:13:57,23.25,788.80,,,,,
5443,04/05/2026 08:23:57,23.42,821.44,,,,,
5444,04/05/2026 08:33:57,23.55,859.84,,,,,
5445,04/05/2026 08:43:57,23.68,918.08,,,,,
5446,04/05/2026 08:53:57,23.85,952.64,,,,,
5447,04/05/2026 09:03:57,23.98,834.88,,,,,
5448,04/05/2026 09:13:57,24.06,2689.28,,,,,
5449,04/05/2026 09:23:57,24.15,1923.84,,,,,
5450,04/05/2026 09:33:57,24.19,2444.80,,,,,
5451,04/05/2026 09:43:57,24.32,2840.32,,,,,
5452,04/05/2026 09:53:57,24.41,1365.12,,,,,
5453,04/05/2026 10:03:57,24.58,3349.76,,,,,
5454,04/05/2026 10:13:57,24.66,3801.60,,,,,
5455,04/05/2026 10:23:57,24.75,2245.76,,,,,
5456,04/05/2026 10:33:57,24.92,2281.60,,,,,
5457,04/05/2026 10:43:57,25.01,2976.00,,,,,
5458,04/05/2026 10:53:57,25.09,2446.72,,,,,
5459,04/05/2026 11:03:57,25.22,3747.84,,,,,
5460,04/05/2026 11:13:57,25.31,3829.76,,,,,
5461,04/05/2026 11:23:57,25.39,5808.64,,,,,
5462,04/05/2026 11:33:57,25.52,4275.20,,,,,
5463,04/05/2026 11:43:57,25.57,3819.52,,,,,
5464,04/05/2026 11:53:57,25.57,6522.88,,,,,
5465,04/05/2026 12:03:57,25.52,2891.52,,,,,
5466,04/05/2026 12:13:57,25.57,3136.00,,,,,
5467,04/05/2026 12:23:57,25.69,2563.84,,,,,
5468,04/05/2026 12:33:57,26.08,15431.68,,,,,
5469,04/05/2026 12:43:57,26.08,7421.44,,,,,
5470,04/05/2026 12:53:57,25.91,6912.00,,,,,
5471,04/05/2026 13:03:57,26.17,6379.52,,,,,
5472,04/05/2026 13:13:57,26.04,7101.44,,,,,
5473,04/05/2026 13:23:57,25.87,3115.52,,,,,
5474,04/05/2026 13:33:57,25.95,7802.88,,,,,
5475,04/05/2026 13:43:57,26.38,32839.68,,,,,
5476,04/05/2026 13:53:57,26.04,4736.00,,,,,
5477,04/05/2026 14:03:57,26.12,3546.88,,,,,
5478,04/05/2026 14:13:57,26.04,3449.60,,,,,
5479,04/05/2026 14:23:57,25.95,2457.60,,,,,
5480,04/05/2026 14:33:57,25.91,3208.96,,,,,
5481,04/05/2026 14:43:57,25.82,3587.84,,,,,
5482,04/05/2026 14:53:57,25.78,3553.28,,,,,
5483,04/05/2026 15:03:57,25.82,5383.68,,,,,
5484,04/05/2026 15:13:57,25.87,7846.40,,,,,
5485,04/05/2026 15:23:57,25.82,3274.24,,,,,
5486,04/05/2026 15:33:57,25.74,4613.12,,,,,
5487,04/05/2026 15:43:57,25.69,3864.32,,,,,
5488,04/05/2026 15:53:57,25.65,4904.96,,,,,
5489,04/05/2026 16:03:57,25.39,2117.12,,,,,
5490,04/05/2026 16:13:57,25.31,3230.72,,,,,
5491,04/05/2026 16:23:57,25.31,3184.64,,,,,
5492,04/05/2026 16:33:57,25.14,2844.16,,,,,
5493,04/05/2026 16:43:57,25.09,3192.32,,,,,
5494,04/05/2026 16:53:57,25.01,1318.40,,,,,
5495,04/05/2026 17:03:57,24.88,891.52,,,,,
5496,04/05/2026 17:13:57,24.84,910.40,,,,,
5497,04/05/2026 17:23:57,24.71,1359.36,,,,,
5498,04/05/2026 17:33:57,24.62,1179.20,,,,,
5499,04/05/2026 17:43:57,24.54,778.24,,,,,
5500,04/05/2026 17:53:57,24.49,606.08,,,,,
5501,04/05/2026 18:03:57,24.41,487.36,,,,,
5502,04/05/2026 18:13:57,24.32,427.36,,,,,
5503,04/05/2026 18:23:57,24.24,109.48,,,,,
5504,04/05/2026 18:33:57,24.24,44.08,,,,,
5505,04/05/2026 18:43:57,24.19,48.24,,,,,
5506,04/05/2026 18:53:57,24.11,12.00,,,,,
5507,04/05/2026 19:03:57,24.02,1.37,,,,,
5508,04/05/2026 19:13:57,23.89,0.00,,,,,
5509,04/05/2026 19:23:57,23.81,0.00,,,,,
5510,04/05/2026 19:33:57,23.72,0.00,,,,,
5511,04/05/2026 19:43:57,23.72,0.00,,,,,
5512,04/05/2026 19:53:57,23.59,0.00,,,,,
5513,04/05/2026 20:03:57,23.64,0.00,,,,,
5514,04/05/2026 20:13:57,23.55,0.00,,,,,
5515,04/05/2026 20:23:57,23.46,0.00,,,,,
5516,04/05/2026 20:33:57,23.46,0.00,,,,,
5517,04/05/2026 20:43:57,23.46,0.00,,,,,
5518,04/05/2026 20:53:57,23.42,0.00,,,,,
5519,04/05/2026 21:03:57,23.38,0.00,,,,,
5520,04/05/2026 21:13:57,23.34,0.00,,,,,
5521,04/05/2026 21:23:57,23.34,0.00,,,,,
5522,04/05/2026 21:33:57,23.25,0.00,,,,,
5523,04/05/2026 21:43:57,23.25,0.00,,,,,
5524,04/05/2026 21:53:57,23.21,0.00,,,,,
5525,04/05/2026 22:03:57,23.25,0.00,,,,,
5526,04/05/2026 22:13:57,23.16,0.00,,,,,
5527,04/05/2026 22:23:57,23.16,0.00,,,,,
5528,04/05/2026 22:33:57,23.16,0.00,,,,,
5529,04/05/2026 22:43:57,23.16,0.00,,,,,
5530,04/05/2026 22:53:57,23.16,0.00,,,,,
5531,04/05/2026 23:03:57,23.16,0.00,,,,,
5532,04/05/2026 23:13:57,23.16,0.00,,,,,
5533,04/05/2026 23:23:57,23.16,0.00,,,,,
5534,04/05/2026 23:33:57,23.16,0.00,,,,,
5535,04/05/2026 23:43:57,23.21,0.00,,,,,
5536,04/05/2026 23:53:57,23.16,0.00,,,,,
5537,04/06/2026 00:03:57,23.12,0.00,,,,,
5538,04/06/2026 00:13:57,23.21,0.00,,,,,
5539,04/06/2026 00:23:57,23.16,0.00,,,,,
5540,04/06/2026 00:33:57,23.21,0.00,,,,,
5541,04/06/2026 00:43:57,23.16,0.00,,,,,
5542,04/06/2026 00:53:57,23.16,0.00,,,,,
5543,04/06/2026 01:03:57,23.21,0.00,,,,,
5544,04/06/2026 01:13:57,23.16,0.00,,,,,
5545,04/06/2026 01:23:57,23.16,0.00,,,,,
5546,04/06/2026 01:33:57,23.16,0.00,,,,,
5547,04/06/2026 01:43:57,23.16,0.00,,,,,
5548,04/06/2026 01:53:57,23.25,0.00,,,,,
5549,04/06/2026 02:03:57,23.21,0.00,,,,,
5550,04/06/2026 02:13:57,23.21,0.00,,,,,
5551,04/06/2026 02:23:57,23.16,0.00,,,,,
5552,04/06/2026 02:33:57,23.16,0.00,,,,,
5553,04/06/2026 02:43:57,23.21,0.00,,,,,
5554,04/06/2026 02:53:57,23.16,0.00,,,,,
5555,04/06/2026 03:03:57,23.16,0.00,,,,,
5556,04/06/2026 03:13:57,23.16,0.00,,,,,
5557,04/06/2026 03:23:57,23.16,0.00,,,,,
5558,04/06/2026 03:33:57,23.16,0.00,,,,,
5559,04/06/2026 03:43:57,23.16,0.00,,,,,
5560,04/06/2026 03:53:57,23.21,0.00,,,,,
5561,04/06/2026 04:03:57,23.16,0.00,,,,,
5562,04/06/2026 04:13:57,23.16,0.00,,,,,
5563,04/06/2026 04:23:57,23.08,0.00,,,,,
5564,04/06/2026 04:33:57,23.16,0.00,,,,,
5565,04/06/2026 04:43:57,23.12,0.00,,,,,
5566,04/06/2026 04:53:57,23.08,0.00,,,,,
5567,04/06/2026 05:03:57,23.12,0.00,,,,,
5568,04/06/2026 05:13:57,23.12,0.00,,,,,
5569,04/06/2026 05:23:57,23.21,0.00,,,,,
5570,04/06/2026 05:33:57,23.16,0.00,,,,,
5571,04/06/2026 05:43:57,23.21,0.00,,,,,
5572,04/06/2026 05:53:57,23.16,0.00,,,,,
5573,04/06/2026 06:03:57,23.12,0.19,,,,,
5574,04/06/2026 06:13:57,23.12,9.63,,,,,
5575,04/06/2026 06:23:57,23.08,30.33,,,,,
5576,04/06/2026 06:33:57,23.12,129.96,,,,,
5577,04/06/2026 06:43:57,23.16,1313.92,,,,,
5578,04/06/2026 06:53:57,23.12,582.56,,,,,
5579,04/06/2026 07:03:57,23.16,770.24,,,,,
5580,04/06/2026 07:13:57,23.21,1058.56,,,,,
5581,04/06/2026 07:23:57,23.16,660.48,,,,,
5582,04/06/2026 07:33:57,23.25,1632.64,,,,,
5583,04/06/2026 07:43:57,23.25,1847.04,,,,,
5584,04/06/2026 07:53:57,23.38,2058.88,,,,,
5585,04/06/2026 08:03:57,23.38,3211.52,,,,,
5586,04/06/2026 08:13:57,23.46,2682.88,,,,,
5587,04/06/2026 08:23:57,23.51,2897.92,,,,,
5588,04/06/2026 08:33:57,23.55,699.84,,,,,
5589,04/06/2026 08:43:57,23.64,3756.80,,,,,
5590,04/06/2026 08:53:57,23.72,3964.16,,,,,
5591,04/06/2026 09:03:57,23.89,4258.56,,,,,
5592,04/06/2026 09:13:57,24.02,3367.68,,,,,
5593,04/06/2026 09:23:57,24.19,3976.96,,,,,
5594,04/06/2026 09:33:57,24.36,3838.72,,,,,
5595,04/06/2026 09:43:57,24.41,3397.12,,,,,
5596,04/06/2026 09:53:57,24.54,3854.08,,,,,
5597,04/06/2026 10:03:57,24.66,5144.32,,,,,
5598,04/06/2026 10:13:57,24.75,5404.16,,,,,
5599,04/06/2026 10:23:57,24.92,5852.16,,,,,
5600,04/06/2026 10:33:57,24.97,4346.88,,,,,
5601,04/06/2026 10:43:57,25.09,7262.72,,,,,
5602,04/06/2026 10:53:57,25.18,4111.36,,,,,
5603,04/06/2026 11:03:57,25.35,18083.84,,,,,
5604,04/06/2026 11:13:57,25.99,47042.56,,,,,
5605,04/06/2026 11:23:57,26.38,42065.92,,,,,
5606,04/06/2026 11:33:57,26.30,22804.48,,,,,
5607,04/06/2026 11:43:57,26.38,9021.44,,,,,
5608,04/06/2026 11:53:57,26.60,6855.68,,,,,
5609,04/06/2026 12:03:57,26.51,6894.08,,,,,
5610,04/06/2026 12:13:57,26.64,6781.44,,,,,
5611,04/06/2026 12:23:57,26.68,7032.32,,,,,
5612,04/06/2026 12:33:57,26.85,7452.16,,,,,
5613,04/06/2026 12:43:57,27.15,26019.84,,,,,
5614,04/06/2026 12:53:57,27.20,18580.48,,,,,
5615,04/06/2026 13:03:57,27.24,19394.56,,,,,
5616,04/06/2026 13:13:57,27.37,17187.84,,,,,
5617,04/06/2026 13:23:57,27.32,15503.36,,,,,
5618,04/06/2026 13:33:57,27.54,18682.88,,,,,
5619,04/06/2026 13:43:57,27.63,21309.44,,,,,
5620,04/06/2026 13:53:57,27.37,8995.84,,,,,
5621,04/06/2026 14:03:57,27.32,11264.00,,,,,
5622,04/06/2026 14:13:57,27.58,20623.36,,,,,
5623,04/06/2026 14:23:57,27.71,18995.20,,,,,
5624,04/06/2026 14:33:57,27.75,15180.80,,,,,
5625,04/06/2026 14:43:57,27.80,14638.08,,,,,
5626,04/06/2026 14:53:57,27.67,11904.00,,,,,
5627,04/06/2026 15:03:57,27.63,13598.72,,,,,
5628,04/06/2026 15:13:57,27.63,16696.32,,,,,
5629,04/06/2026 15:23:57,27.41,11796.48,,,,,
5630,04/06/2026 15:33:57,27.54,12605.44,,,,,
5631,04/06/2026 15:43:57,27.37,6453.76,,,,,
5632,04/06/2026 15:53:57,27.15,3408.64,,,,,
5633,04/06/2026 16:03:57,27.07,2854.40,,,,,
5634,04/06/2026 16:13:57,26.98,3252.48,,,,,
5635,04/06/2026 16:23:57,26.81,3760.64,,,,,
5636,04/06/2026 16:33:57,26.68,1971.20,,,,,
5637,04/06/2026 16:43:57,26.42,2204.80,,,,,
5638,04/06/2026 16:53:57,26.25,974.72,,,,,
5639,04/06/2026 17:03:57,26.04,1692.16,,,,,
5640,04/06/2026 17:13:57,25.87,1201.92,,,,,
5641,04/06/2026 17:23:57,25.69,1477.12,,,,,
5642,04/06/2026 17:33:57,25.52,1307.20,,,,,
5643,04/06/2026 17:43:57,25.35,853.76,,,,,
5644,04/06/2026 17:53:57,25.22,489.60,,,,,
5645,04/06/2026 18:03:57,25.09,586.56,,,,,
5646,04/06/2026 18:13:57,24.97,570.88,,,,,
5647,04/06/2026 18:23:57,24.84,522.56,,,,,
5648,04/06/2026 18:33:57,24.75,155.16,,,,,
5649,04/06/2026 18:43:57,24.62,92.24,,,,,
5650,04/06/2026 18:53:57,24.54,28.62,,,,,
5651,04/06/2026 19:03:57,24.41,2.35,,,,,
5652,04/06/2026 19:13:57,24.36,0.00,,,,,
5653,04/06/2026 19:23:57,24.28,0.00,,,,,
5654,04/06/2026 19:33:57,24.19,0.00,,,,,
5655,04/06/2026 19:43:57,24.19,0.00,,,,,
5656,04/06/2026 19:53:57,24.15,0.00,,,,,
5657,04/06/2026 20:03:57,24.11,0.00,,,,,
5658,04/06/2026 20:13:57,24.02,0.00,,,,,
5659,04/06/2026 20:23:57,23.98,0.00,,,,,
5660,04/06/2026 20:33:57,23.94,0.00,,,,,
5661,04/06/2026 20:43:57,23.85,0.00,,,,,
5662,04/06/2026 20:53:57,23.76,0.00,,,,,
5663,04/06/2026 21:03:57,23.76,0.00,,,,,
5664,04/06/2026 21:13:57,23.68,0.00,,,,,
5665,04/06/2026 21:23:57,23.68,0.00,,,,,
5666,04/06/2026 21:33:57,23.59,0.00,,,,,
5667,04/06/2026 21:43:57,23.51,0.00,,,,,
5668,04/06/2026 21:53:57,23.51,0.00,,,,,
5669,04/06/2026 22:03:57,23.46,0.00,,,,,
5670,04/06/2026 22:13:57,23.46,0.00,,,,,
5671,04/06/2026 22:23:57,23.42,0.00,,,,,
5672,04/06/2026 22:33:57,23.42,0.00,,,,,
5673,04/06/2026 22:43:57,23.38,0.00,,,,,
5674,04/06/2026 22:53:57,23.34,0.00,,,,,
5675,04/06/2026 23:03:57,23.34,0.00,,,,,
5676,04/06/2026 23:13:57,23.34,0.00,,,,,
5677,04/06/2026 23:23:57,23.29,0.00,,,,,
5678,04/06/2026 23:33:57,23.38,0.00,,,,,
5679,04/06/2026 23:43:57,23.29,0.00,,,,,
5680,04/06/2026 23:53:57,23.34,0.00,,,,,
5681,04/07/2026 00:03:57,23.38,0.00,,,,,
5682,04/07/2026 00:13:57,23.34,0.00,,,,,
5683,04/07/2026 00:23:57,23.38,0.00,,,,,
5684,04/07/2026 00:33:57,23.34,0.00,,,,,
5685,04/07/2026 00:43:57,23.38,0.00,,,,,
5686,04/07/2026 00:53:57,23.38,0.00,,,,,
5687,04/07/2026 01:03:57,23.29,0.00,,,,,
5688,04/07/2026 01:13:57,23.34,0.00,,,,,
5689,04/07/2026 01:23:57,23.34,0.00,,,,,
5690,04/07/2026 01:33:57,23.29,0.00,,,,,
5691,04/07/2026 01:43:57,23.25,0.00,,,,,
5692,04/07/2026 01:53:57,23.21,0.00,,,,,
5693,04/07/2026 02:03:57,23.25,0.00,,,,,
5694,04/07/2026 02:13:57,23.21,0.00,,,,,
5695,04/07/2026 02:23:57,23.12,0.00,,,,,
5696,04/07/2026 02:33:57,23.12,0.00,,,,,
5697,04/07/2026 02:43:57,23.08,0.00,,,,,
5698,04/07/2026 02:53:57,23.03,0.00,,,,,
5699,04/07/2026 03:03:57,22.99,0.00,,,,,
5700,04/07/2026 03:13:57,22.95,0.00,,,,,
5701,04/07/2026 03:23:57,22.95,0.00,,,,,
5702,04/07/2026 03:33:57,22.91,0.00,,,,,
5703,04/07/2026 03:43:57,22.86,0.00,,,,,
5704,04/07/2026 03:53:57,22.86,0.00,,,,,
5705,04/07/2026 04:03:57,22.82,0.00,,,,,
5706,04/07/2026 04:13:57,22.86,0.00,,,,,
5707,04/07/2026 04:23:57,22.82,0.00,,,,,
5708,04/07/2026 04:33:57,22.78,0.00,,,,,
5709,04/07/2026 04:43:57,22.78,0.00,,,,,
5710,04/07/2026 04:53:57,22.78,0.00,,,,,
5711,04/07/2026 05:03:57,22.73,0.00,,,,,
5712,04/07/2026 05:13:57,22.73,0.00,,,,,
5713,04/07/2026 05:23:57,22.73,0.00,,,,,
5714,04/07/2026 05:33:57,22.78,0.00,,,,,
5715,04/07/2026 05:43:57,22.78,0.19,,,,,
5716,04/07/2026 05:53:57,22.73,0.19,,,,,
5717,04/07/2026 06:03:57,22.73,5.68,,,,,
5718,04/07/2026 06:13:57,22.73,51.60,,,,,
5719,04/07/2026 06:23:57,22.78,129.16,,,,,
5720,04/07/2026 06:33:57,22.82,490.40,,,,,
5721,04/07/2026 06:43:57,22.82,316.96,,,,,
5722,04/07/2026 06:53:57,22.91,520.96,,,,,
5723,04/07/2026 07:03:57,22.95,573.12,,,,,
5724,04/07/2026 07:13:57,22.99,753.60,,,,,
5725,04/07/2026 07:23:57,23.03,790.08,,,,,
5726,04/07/2026 07:33:57,23.12,1571.20,,,,,
5727,04/07/2026 07:43:57,23.16,1129.92,,,,,
5728,04/07/2026 07:53:57,23.16,1383.68,,,,,
5729,04/07/2026 08:03:57,23.25,2204.80,,,,,
5730,04/07/2026 08:13:57,23.38,1562.88,,,,,
5731,04/07/2026 08:23:57,23.51,1201.92,,,,,
5732,04/07/2026 08:33:57,23.64,1371.52,,,,,
5733,04/07/2026 08:43:57,23.85,1237.44,,,,,
5734,04/07/2026 08:53:57,24.02,1264.64,,,,,
5735,04/07/2026 09:03:57,24.24,2805.76,,,,,
5736,04/07/2026 09:13:57,24.45,3434.24,,,,,
5737,04/07/2026 09:23:57,24.62,3315.20,,,,,
5738,04/07/2026 09:33:57,24.62,2897.92,,,,,
5739,04/07/2026 09:43:57,24.71,4625.92,,,,,
5740,04/07/2026 09:53:57,24.79,5434.88,,,,,
5741,04/07/2026 10:03:57,24.88,4174.08,,,,,
5742,04/07/2026 10:13:57,24.92,3386.88,,,,,
5743,04/07/2026 10:23:57,24.88,2982.40,,,,,
5744,04/07/2026 10:33:57,25.05,6018.56,,,,,
5745,04/07/2026 10:43:57,25.27,4965.12,,,,,
5746,04/07/2026 10:53:57,25.57,6988.80,,,,,
5747,04/07/2026 11:03:57,25.82,8581.12,,,,,
5748,04/07/2026 11:13:57,26.08,6343.68,,,,,
5749,04/07/2026 11:23:57,25.99,6146.56,,,,,
5750,04/07/2026 11:33:57,26.12,4636.16,,,,,
5751,04/07/2026 11:43:57,25.99,1842.56,,,,,
5752,04/07/2026 11:53:57,25.95,4980.48,,,,,
5753,04/07/2026 12:03:57,25.99,5416.96,,,,,
5754,04/07/2026 12:13:57,25.99,4174.08,,,,,
5755,04/07/2026 12:23:57,25.99,4623.36,,,,,
5756,04/07/2026 12:33:57,25.99,3961.60,,,,,
5757,04/07/2026 12:43:57,25.95,2896.64,,,,,
5758,04/07/2026 12:53:57,25.87,1859.84,,,,,
5759,04/07/2026 13:03:57,25.91,5006.08,,,,,
5760,04/07/2026 13:13:57,25.91,5162.24,,,,,
5761,04/07/2026 13:23:57,25.82,2955.52,,,,,
5762,04/07/2026 13:33:57,25.87,4792.32,,,,,
5763,04/07/2026 13:43:57,25.91,5196.80,,,,,
5764,04/07/2026 13:53:57,25.99,4221.44,,,,,
5765,04/07/2026 14:03:57,25.99,5114.88,,,,,
5766,04/07/2026 14:13:57,25.95,3516.16,,,,,
5767,04/07/2026 14:23:57,25.91,2483.84,,,,,
5768,04/07/2026 14:33:57,25.91,1086.08,,,,,
5769,04/07/2026 14:43:57,25.78,2394.88,,,,,
5770,04/07/2026 14:53:57,25.69,2412.16,,,,,
5771,04/07/2026 15:03:57,25.61,1351.68,,,,,
5772,04/07/2026 15:13:57,25.57,1413.12,,,,,
5773,04/07/2026 15:23:57,25.39,2435.20,,,,,
5774,04/07/2026 15:33:57,25.39,2440.32,,,,,
5775,04/07/2026 15:43:57,25.35,2236.16,,,,,
5776,04/07/2026 15:53:57,25.27,1007.68,,,,,
5777,04/07/2026 16:03:57,25.18,1365.12,,,,,
5778,04/07/2026 16:13:57,25.05,1977.60,,,,,
5779,04/07/2026 16:23:57,25.01,2044.80,,,,,
5780,04/07/2026 16:33:57,24.97,959.04,,,,,
5781,04/07/2026 16:43:57,24.92,1408.00,,,,,
5782,04/07/2026 16:53:57,24.92,1400.96,,,,,
5783,04/07/2026 17:03:57,24.84,1060.16,,,,,
5784,04/07/2026 17:13:57,24.88,1422.72,,,,,
5785,04/07/2026 17:23:57,24.88,1365.76,,,,,
5786,04/07/2026 17:33:57,24.79,1281.28,,,,,
5787,04/07/2026 17:43:57,24.66,999.04,,,,,
5788,04/07/2026 17:53:57,24.58,603.36,,,,,
5789,04/07/2026 18:03:57,24.58,709.44,,,,,
5790,04/07/2026 18:13:57,24.49,601.44,,,,,
5791,04/07/2026 18:23:57,24.45,284.56,,,,,
5792,04/07/2026 18:33:57,24.45,200.32,,,,,
5793,04/07/2026 18:43:57,24.41,81.16,,,,,
5794,04/07/2026 18:53:57,24.36,22.42,,,,,
5795,04/07/2026 19:03:57,24.28,2.74,,,,,
5796,04/07/2026 19:13:57,24.24,0.00,,,,,
5797,04/07/2026 19:23:57,24.19,0.00,,,,,
5798,04/07/2026 19:33:57,24.15,0.00,,,,,
5799,04/07/2026 19:43:57,24.11,0.00,,,,,
5800,04/07/2026 19:53:57,24.02,0.00,,,,,
5801,04/07/2026 20:03:57,23.98,0.00,,,,,
5802,04/07/2026 20:13:57,23.98,0.00,,,,,
5803,04/07/2026 20:23:57,23.98,0.00,,,,,
5804,04/07/2026 20:33:57,23.94,0.00,,,,,
5805,04/07/2026 20:43:57,23.89,0.00,,,,,
5806,04/07/2026 20:53:57,23.94,0.00,,,,,
5807,04/07/2026 21:03:57,23.89,0.00,,,,,
5808,04/07/2026 21:13:57,23.81,0.00,,,,,
5809,04/07/2026 21:23:57,23.76,0.00,,,,,
5810,04/07/2026 21:33:57,23.68,0.00,,,,,
5811,04/07/2026 21:43:57,23.68,0.00,,,,,
5812,04/07/2026 21:53:57,23.68,0.00,,,,,
5813,04/07/2026 22:03:57,23.68,0.00,,,,,
5814,04/07/2026 22:13:57,23.59,0.00,,,,,
5815,04/07/2026 22:23:57,23.55,0.00,,,,,
5816,04/07/2026 22:33:57,23.55,0.00,,,,,
5817,04/07/2026 22:43:57,23.51,0.00,,,,,
5818,04/07/2026 22:53:57,23.46,0.00,,,,,
5819,04/07/2026 23:03:57,23.46,0.00,,,,,
5820,04/07/2026 23:13:57,23.38,0.00,,,,,
5821,04/07/2026 23:23:57,23.38,0.00,,,,,
5822,04/07/2026 23:33:57,23.42,0.00,,,,,
5823,04/07/2026 23:43:57,23.38,0.00,,,,,
5824,04/07/2026 23:53:57,23.34,0.00,,,,,
5825,04/08/2026 00:03:57,23.38,0.00,,,,,
5826,04/08/2026 00:13:57,23.29,0.00,,,,,
5827,04/08/2026 00:23:57,23.25,0.00,,,,,
5828,04/08/2026 00:33:57,23.25,0.00,,,,,
5829,04/08/2026 00:43:57,23.21,0.00,,,,,
5830,04/08/2026 00:53:57,23.21,0.00,,,,,
5831,04/08/2026 01:03:57,23.21,0.00,,,,,
5832,04/08/2026 01:13:57,23.21,0.00,,,,,
5833,04/08/2026 01:23:57,23.12,0.00,,,,,
5834,04/08/2026 01:33:57,23.12,0.00,,,,,
5835,04/08/2026 01:43:57,23.12,0.00,,,,,
5836,04/08/2026 01:53:57,23.12,0.00,,,,,
5837,04/08/2026 02:03:57,23.08,0.00,,,,,
5838,04/08/2026 02:13:57,23.12,0.00,,,,,
5839,04/08/2026 02:23:57,23.12,0.00,,,,,
5840,04/08/2026 02:33:57,23.03,0.00,,,,,
5841,04/08/2026 02:43:57,23.03,0.00,,,,,
5842,04/08/2026 02:53:57,22.95,0.00,,,,,
5843,04/08/2026 03:03:57,22.95,0.00,,,,,
5844,04/08/2026 03:13:57,22.95,0.00,,,,,
5845,04/08/2026 03:23:57,22.95,0.00,,,,,
5846,04/08/2026 03:33:57,22.95,0.00,,,,,
5847,04/08/2026 03:43:57,22.91,0.00,,,,,
5848,04/08/2026 03:53:57,22.86,0.00,,,,,
5849,04/08/2026 04:03:57,22.95,0.00,,,,,
5850,04/08/2026 04:13:57,22.91,0.00,,,,,
5851,04/08/2026 04:23:57,22.86,0.00,,,,,
5852,04/08/2026 04:33:57,22.86,0.00,,,,,
5853,04/08/2026 04:43:57,22.78,0.00,,,,,
5854,04/08/2026 04:53:57,22.82,0.00,,,,,
5855,04/08/2026 05:03:57,22.78,0.00,,,,,
5856,04/08/2026 05:13:57,22.82,0.00,,,,,
5857,04/08/2026 05:23:57,22.78,0.00,,,,,
5858,04/08/2026 05:33:57,22.78,0.00,,,,,
5859,04/08/2026 05:43:57,22.82,0.00,,,,,
5860,04/08/2026 05:53:57,22.78,0.00,,,,,
5861,04/08/2026 06:03:57,22.78,3.13,,,,,
5862,04/08/2026 06:13:57,22.82,24.40,,,,,
5863,04/08/2026 06:23:57,22.82,84.68,,,,,
5864,04/08/2026 06:33:57,22.82,194.56,,,,,
5865,04/08/2026 06:43:57,22.91,441.44,,,,,
5866,04/08/2026 06:53:57,22.99,580.96,,,,,
5867,04/08/2026 07:03:57,23.08,799.36,,,,,
5868,04/08/2026 07:13:57,23.12,593.60,,,,,
5869,04/08/2026 07:23:57,23.21,726.72,,,,,
5870,04/08/2026 07:33:57,23.38,890.56,,,,,
5871,04/08/2026 07:43:57,23.51,1337.60,,,,,
5872,04/08/2026 07:53:57,23.55,1255.36,,,,,
5873,04/08/2026 08:03:57,23.68,1467.52,,,,,
5874,04/08/2026 08:13:57,23.72,1797.12,,,,,
5875,04/08/2026 08:23:57,23.94,3220.48,,,,,
5876,04/08/2026 08:33:57,24.02,2967.04,,,,,
5877,04/08/2026 08:43:57,24.19,3769.60,,,,,
5878,04/08/2026 08:53:57,24.32,4042.24,,,,,
5879,04/08/2026 09:03:57,24.54,3832.32,,,,,
5880,04/08/2026 09:13:57,24.58,3242.24,,,,,
5881,04/08/2026 09:23:57,24.75,3955.20,,,,,
5882,04/08/2026 09:33:57,24.92,4387.84,,,,,
5883,04/08/2026 09:43:57,25.01,4576.00,,,,,
5884,04/08/2026 09:53:57,25.18,4904.96,,,,,
5885,04/08/2026 10:03:57,25.39,5882.88,,,,,
5886,04/08/2026 10:13:57,25.44,4424.96,,,,,
5887,04/08/2026 10:23:57,25.48,4284.16,,,,,
5888,04/08/2026 10:33:57,25.65,5049.60,,,,,
5889,04/08/2026 10:43:57,25.69,5696.00,,,,,
5890,04/08/2026 10:53:57,25.87,6133.76,,,,,
5891,04/08/2026 11:03:57,25.99,5844.48,,,,,
5892,04/08/2026 11:13:57,26.08,5332.48,,,,,
5893,04/08/2026 11:23:57,26.12,4858.88,,,,,
5894,04/08/2026 11:33:57,26.17,4686.08,,,,,
5895,04/08/2026 11:43:57,26.17,3393.28,,,,,
5896,04/08/2026 11:53:57,26.12,2955.52,,,,,
5897,04/08/2026 12:03:57,26.21,4595.20,,,,,
5898,04/08/2026 12:13:57,26.21,3239.68,,,,,
5899,04/08/2026 12:23:57,26.17,3648.00,,,,,
5900,04/08/2026 12:33:57,26.25,5062.40,,,,,
5901,04/08/2026 12:43:57,26.21,3895.04,,,,,
5902,04/08/2026 12:53:57,26.30,2247.04,,,,,
5903,04/08/2026 13:03:57,26.21,2212.48,,,,,
5904,04/08/2026 13:13:57,26.21,2319.36,,,,,
5905,04/08/2026 13:23:57,26.12,1749.76,,,,,
5906,04/08/2026 13:33:57,26.04,776.96,,,,,
5907,04/08/2026 13:43:57,25.95,623.36,,,,,
5908,04/08/2026 13:53:57,25.95,649.60,,,,,
5909,04/08/2026 14:03:57,25.87,785.92,,,,,
5910,04/08/2026 14:13:57,25.74,897.60,,,,,
5911,04/08/2026 14:23:57,25.69,1270.40,,,,,
5912,04/08/2026 14:33:57,25.61,1368.96,,,,,
5913,04/08/2026 14:43:57,25.57,1460.48,,,,,
5914,04/08/2026 14:53:57,25.52,1338.88,,,,,
5915,04/08/2026 15:03:57,25.52,1751.68,,,,,
5916,04/08/2026 15:13:57,25.57,3882.24,,,,,
5917,04/08/2026 15:23:57,25.61,3619.84,,,,,
5918,04/08/2026 15:33:57,25.74,4083.20,,,,,
5919,04/08/2026 15:43:57,25.78,4390.40,,,,,
5920,04/08/2026 15:53:57,25.82,3648.00,,,,,
5921,04/08/2026 16:03:57,25.82,3866.88,,,,,
5922,04/08/2026 16:13:57,25.91,2691.84,,,,,
5923,04/08/2026 16:23:57,25.87,1735.68,,,,,
5924,04/08/2026 16:33:57,25.78,1784.32,,,,,
5925,04/08/2026 16:43:57,25.74,1808.00,,,,,
5926,04/08/2026 16:53:57,25.74,1526.40,,,,,
5927,04/08/2026 17:03:57,25.69,1043.52,,,,,
5928,04/08/2026 17:13:57,25.61,680.00,,,,,
5929,04/08/2026 17:23:57,25.52,650.40,,,,,
5930,04/08/2026 17:33:57,25.52,696.32,,,,,
5931,04/08/2026 17:43:57,25.39,383.04,,,,,
5932,04/08/2026 17:53:57,25.27,389.44,,,,,
5933,04/08/2026 18:03:57,25.27,241.12,,,,,
5934,04/08/2026 18:13:57,25.22,226.96,,,,,
5935,04/08/2026 18:23:57,25.09,144.96,,,,,
5936,04/08/2026 18:33:57,25.05,58.70,,,,,
5937,04/08/2026 18:43:57,24.97,24.80,,,,,
5938,04/08/2026 18:53:57,24.97,5.48,,,,,
5939,04/08/2026 19:03:57,24.88,0.39,,,,,
5940,04/08/2026 19:13:57,24.79,0.00,,,,,
5941,04/08/2026 19:23:57,24.79,0.00,,,,,
5942,04/08/2026 19:33:57,24.71,0.00,,,,,
5943,04/08/2026 19:43:57,24.66,0.00,,,,,
5944,04/08/2026 19:53:57,24.58,0.00,,,,,
5945,04/08/2026 20:03:57,24.49,0.00,,,,,
5946,04/08/2026 20:13:57,24.45,0.00,,,,,
5947,04/08/2026 20:23:57,24.45,0.00,,,,,
5948,04/08/2026 20:33:57,24.41,0.00,,,,,
5949,04/08/2026 20:43:57,24.36,0.00,,,,,
5950,04/08/2026 20:53:57,24.28,0.00,,,,,
5951,04/08/2026 21:03:57,24.19,0.00,,,,,
5952,04/08/2026 21:13:57,24.15,0.00,,,,,
5953,04/08/2026 21:23:57,24.15,0.00,,,,,
5954,04/08/2026 21:33:57,24.11,0.00,,,,,
5955,04/08/2026 21:43:57,24.06,0.00,,,,,
5956,04/08/2026 21:53:57,24.11,0.00,,,,,
5957,04/08/2026 22:03:57,23.98,0.00,,,,,
5958,04/08/2026 22:13:57,24.02,0.00,,,,,
5959,04/08/2026 22:23:57,23.94,0.00,,,,,
5960,04/08/2026 22:33:57,23.89,0.00,,,,,
5961,04/08/2026 22:43:57,23.89,0.00,,,,,
5962,04/08/2026 22:53:57,23.85,0.00,,,,,
5963,04/08/2026 23:03:57,23.76,0.00,,,,,
5964,04/08/2026 23:13:57,23.76,0.00,,,,,
5965,04/08/2026 23:23:57,23.76,0.00,,,,,
5966,04/08/2026 23:33:57,23.76,0.00,,,,,
5967,04/08/2026 23:43:57,23.76,0.00,,,,,
5968,04/08/2026 23:53:57,23.76,0.00,,,,,
5969,04/09/2026 00:03:57,23.72,0.00,,,,,
5970,04/09/2026 00:13:57,23.76,0.00,,,,,
5971,04/09/2026 00:23:57,23.76,0.00,,,,,
5972,04/09/2026 00:33:57,23.72,0.00,,,,,
5973,04/09/2026 00:43:57,23.72,0.00,,,,,
5974,04/09/2026 00:53:57,23.72,0.00,,,,,
5975,04/09/2026 01:03:57,23.72,0.00,,,,,
5976,04/09/2026 01:13:57,23.72,0.00,,,,,
5977,04/09/2026 01:23:57,23.68,0.00,,,,,
5978,04/09/2026 01:33:57,23.64,0.00,,,,,
5979,04/09/2026 01:43:57,23.64,0.00,,,,,
5980,04/09/2026 01:53:57,23.64,0.00,,,,,
5981,04/09/2026 02:03:57,23.59,0.00,,,,,
5982,04/09/2026 02:13:57,23.59,0.00,,,,,
5983,04/09/2026 02:23:57,23.55,0.00,,,,,
5984,04/09/2026 02:33:57,23.51,0.00,,,,,
5985,04/09/2026 02:43:57,23.55,0.00,,,,,
5986,04/09/2026 02:53:57,23.55,0.00,,,,,
5987,04/09/2026 03:03:57,23.55,0.00,,,,,
5988,04/09/2026 03:13:57,23.55,0.00,,,,,
5989,04/09/2026 03:23:57,23.46,0.00,,,,,
5990,04/09/2026 03:33:57,23.46,0.00,,,,,
5991,04/09/2026 03:43:57,23.55,0.00,,,,,
5992,04/09/2026 03:53:57,23.51,0.00,,,,,
5993,04/09/2026 04:03:57,23.51,0.00,,,,,
5994,04/09/2026 04:13:57,23.59,0.00,,,,,
5995,04/09/2026 04:23:57,23.55,0.00,,,,,
5996,04/09/2026 04:33:57,23.55,0.00,,,,,
5997,04/09/2026 04:43:57,23.51,0.00,,,,,
5998,04/09/2026 04:53:57,23.51,0.00,,,,,
5999,04/09/2026 05:03:57,23.46,0.00,,,,,
6000,04/09/2026 05:13:57,23.51,0.00,,,,,
6001,04/09/2026 05:23:57,23.46,0.00,,,,,
6002,04/09/2026 05:33:57,23.46,0.00,,,,,
6003,04/09/2026 05:43:57,23.46,0.00,,,,,
6004,04/09/2026 05:53:57,23.42,0.00,,,,,
6005,04/09/2026 06:03:57,23.46,0.78,,,,,
6006,04/09/2026 06:13:57,23.51,6.07,,,,,
6007,04/09/2026 06:23:57,23.46,14.92,,,,,
6008,04/09/2026 06:33:57,23.46,41.14,,,,,
6009,04/09/2026 06:43:57,23.51,83.48,,,,,
6010,04/09/2026 06:53:57,23.51,129.96,,,,,
6011,04/09/2026 07:03:57,23.51,196.24,,,,,
6012,04/09/2026 07:13:57,23.55,387.20,,,,,
6013,04/09/2026 07:23:57,23.55,527.36,,,,,
6014,04/09/2026 07:33:57,23.51,458.08,,,,,
6015,04/09/2026 07:43:57,23.59,670.08,,,,,
6016,04/09/2026 07:53:57,23.55,806.40,,,,,
6017,04/09/2026 08:03:57,23.59,1081.28,,,,,
6018,04/09/2026 08:13:57,23.64,1074.24,,,,,
6019,04/09/2026 08:23:57,23.68,1480.32,,,,,
6020,04/09/2026 08:33:57,23.68,1228.80,,,,,
6021,04/09/2026 08:43:57,23.68,949.44,,,,,
6022,04/09/2026 08:53:57,23.68,1276.48,,,,,
6023,04/09/2026 09:03:57,23.72,957.44,,,,,
6024,04/09/2026 09:13:57,23.72,1241.92,,,,,
6025,04/09/2026 09:23:57,23.68,1176.96,,,,,
6026,04/09/2026 09:33:57,23.59,1248.96,,,,,
6027,04/09/2026 09:43:57,23.64,2308.48,,,,,
6028,04/09/2026 09:53:57,23.64,1712.64,,,,,
6029,04/09/2026 10:03:57,23.64,1246.72,,,,,
6030,04/09/2026 10:13:57,23.59,1795.20,,,,,
6031,04/09/2026 10:23:57,23.64,1734.40,,,,,
6032,04/09/2026 10:33:57,23.68,1657.60,,,,,
6033,04/09/2026 10:43:57,23.68,1468.80,,,,,
6034,04/09/2026 10:53:57,23.72,1635.84,,,,,
6035,04/09/2026 11:03:57,23.72,1282.88,,,,,
6036,04/09/2026 11:13:57,23.76,744.00,,,,,
6037,04/09/2026 11:23:57,23.81,1036.48,,,,,
6038,04/09/2026 11:33:57,23.81,1187.84,,,,,
6039,04/09/2026 11:43:57,23.89,1829.76,,,,,
6040,04/09/2026 11:53:57,23.89,1397.12,,,,,
6041,04/09/2026 12:03:57,24.02,2659.84,,,,,
6042,04/09/2026 12:13:57,24.11,2551.68,,,,,
6043,04/09/2026 12:23:57,24.45,10362.88,,,,,
6044,04/09/2026 12:33:57,24.45,6599.68,,,,,
6045,04/09/2026 12:43:57,24.54,4636.16,,,,,
6046,04/09/2026 12:53:57,24.66,6786.56,,,,,
6047,04/09/2026 13:03:57,24.66,6699.52,,,,,
6048,04/09/2026 13:13:57,24.84,7946.24,,,,,
6049,04/09/2026 13:23:57,24.97,8768.00,,,,,
6050,04/09/2026 13:33:57,24.79,2360.32,,,,,
6051,04/09/2026 13:43:57,24.75,2635.52,,,,,
6052,04/09/2026 13:53:57,24.88,2694.40,,,,,
6053,04/09/2026 14:03:57,24.97,3672.32,,,,,
6054,04/09/2026 14:13:57,25.01,3415.04,,,,,
6055,04/09/2026 14:23:57,25.01,3121.92,,,,,
6056,04/09/2026 14:33:57,25.01,2144.00,,,,,
6057,04/09/2026 14:43:57,25.01,1391.36,,,,,
6058,04/09/2026 14:53:57,25.01,1845.76,,,,,
6059,04/09/2026 15:03:57,25.09,4288.00,,,,,
6060,04/09/2026 15:13:57,25.01,1655.68,,,,,
6061,04/09/2026 15:23:57,25.05,1438.08,,,,,
6062,04/09/2026 15:33:57,25.09,1875.20,,,,,
6063,04/09/2026 15:43:57,25.18,2347.52,,,,,
6064,04/09/2026 15:53:57,25.09,1773.44,,,,,
6065,04/09/2026 16:03:57,25.05,1749.76,,,,,
6066,04/09/2026 16:13:57,25.05,1231.68,,,,,
6067,04/09/2026 16:23:57,25.05,883.52,,,,,
6068,04/09/2026 16:33:57,25.05,813.44,,,,,
6069,04/09/2026 16:43:57,24.97,881.28,,,,,
6070,04/09/2026 16:53:57,25.01,791.36,,,,,
6071,04/09/2026 17:03:57,24.97,630.88,,,,,
6072,04/09/2026 17:13:57,24.97,674.56,,,,,
6073,04/09/2026 17:23:57,24.92,366.56,,,,,
6074,04/09/2026 17:33:57,24.84,188.40,,,,,
6075,04/09/2026 17:43:57,24.75,327.84,,,,,
6076,04/09/2026 17:53:57,24.66,224.64,,,,,
6077,04/09/2026 18:03:57,24.62,284.56,,,,,
6078,04/09/2026 18:13:57,24.58,238.72,,,,,
6079,04/09/2026 18:23:57,24.49,84.28,,,,,
6080,04/09/2026 18:33:57,24.45,50.20,,,,,
6081,04/09/2026 18:43:57,24.41,13.74,,,,,
6082,04/09/2026 18:53:57,24.36,5.09,,,,,
6083,04/09/2026 19:03:57,24.32,0.19,,,,,
6084,04/09/2026 19:13:57,24.32,0.00,,,,,
6085,04/09/2026 19:23:57,24.28,0.00,,,,,
6086,04/09/2026 19:33:57,24.24,0.00,,,,,
6087,04/09/2026 19:43:57,24.24,0.00,,,,,
6088,04/09/2026 19:53:57,24.24,0.00,,,,,
6089,04/09/2026 20:03:57,24.19,0.00,,,,,
6090,04/09/2026 20:13:57,24.19,0.00,,,,,
6091,04/09/2026 20:23:57,24.15,0.00,,,,,
6092,04/09/2026 20:33:57,24.11,0.00,,,,,
6093,04/09/2026 20:43:57,24.11,0.00,,,,,
6094,04/09/2026 20:53:57,24.11,0.00,,,,,
6095,04/09/2026 21:03:57,24.06,0.00,,,,,
6096,04/09/2026 21:13:57,24.06,0.00,,,,,
6097,04/09/2026 21:23:57,24.06,0.00,,,,,
6098,04/09/2026 21:33:57,24.06,0.00,,,,,
6099,04/09/2026 21:43:57,24.11,0.00,,,,,
6100,04/09/2026 21:53:57,24.02,0.00,,,,,
6101,04/09/2026 22:03:57,24.02,0.00,,,,,
6102,04/09/2026 22:13:57,24.02,0.00,,,,,
6103,04/09/2026 22:23:57,23.98,0.00,,,,,
6104,04/09/2026 22:33:57,23.98,0.00,,,,,
6105,04/09/2026 22:43:57,23.98,0.00,,,,,
6106,04/09/2026 22:53:57,23.94,0.00,,,,,
6107,04/09/2026 23:03:57,23.94,0.00,,,,,
6108,04/09/2026 23:13:57,23.94,0.00,,,,,
6109,04/09/2026 23:23:57,23.94,0.00,,,,,
6110,04/09/2026 23:33:57,23.98,0.00,,,,,
6111,04/09/2026 23:43:57,23.89,0.00,,,,,
6112,04/09/2026 23:53:57,23.89,0.00,,,,,
6113,04/10/2026 00:03:57,23.89,0.00,,,,,
6114,04/10/2026 00:13:57,23.89,0.00,,,,,
6115,04/10/2026 00:23:57,23.89,0.00,,,,,
6116,04/10/2026 00:33:57,23.85,0.00,,,,,
6117,04/10/2026 00:43:57,23.89,0.00,,,,,
6118,04/10/2026 00:53:57,23.85,0.00,,,,,
6119,04/10/2026 01:03:57,23.85,0.00,,,,,
6120,04/10/2026 01:13:57,23.81,0.00,,,,,
6121,04/10/2026 01:23:57,23.81,0.00,,,,,
6122,04/10/2026 01:33:57,23.85,0.00,,,,,
6123,04/10/2026 01:43:57,23.81,0.00,,,,,
6124,04/10/2026 01:53:57,23.81,0.00,,,,,
6125,04/10/2026 02:03:57,23.81,0.00,,,,,
6126,04/10/2026 02:13:57,23.85,0.00,,,,,
6127,04/10/2026 02:23:57,23.81,0.00,,,,,
6128,04/10/2026 02:33:57,23.85,0.00,,,,,
6129,04/10/2026 02:43:57,23.85,0.00,,,,,
6130,04/10/2026 02:53:57,23.81,0.00,,,,,
6131,04/10/2026 03:03:57,23.81,0.00,,,,,
6132,04/10/2026 03:13:57,23.81,0.00,,,,,
6133,04/10/2026 03:23:57,23.81,0.00,,,,,
6134,04/10/2026 03:33:57,23.76,0.00,,,,,
6135,04/10/2026 03:43:57,23.76,0.00,,,,,
6136,04/10/2026 03:53:57,23.81,0.00,,,,,
6137,04/10/2026 04:03:57,23.81,0.00,,,,,
6138,04/10/2026 04:13:57,23.76,0.00,,,,,
6139,04/10/2026 04:23:57,23.76,0.00,,,,,
6140,04/10/2026 04:33:57,23.81,0.00,,,,,
6141,04/10/2026 04:43:57,23.72,0.00,,,,,
6142,04/10/2026 04:53:57,23.72,0.00,,,,,
6143,04/10/2026 05:03:57,23.68,0.00,,,,,
6144,04/10/2026 05:13:57,23.64,0.00,,,,,
6145,04/10/2026 05:23:57,23.68,0.00,,,,,
6146,04/10/2026 05:33:57,23.68,0.00,,,,,
6147,04/10/2026 05:43:57,23.64,0.00,,,,,
6148,04/10/2026 05:53:57,23.68,0.00,,,,,
6149,04/10/2026 06:03:57,23.64,1.17,,,,,
6150,04/10/2026 06:13:57,23.64,15.73,,,,,
6151,04/10/2026 06:23:57,23.68,31.90,,,,,
6152,04/10/2026 06:33:57,23.68,109.48,,,,,
6153,04/10/2026 06:43:57,23.68,190.80,,,,,
6154,04/10/2026 06:53:57,23.72,456.48,,,,,
6155,04/10/2026 07:03:57,23.68,478.72,,,,,
6156,04/10/2026 07:13:57,23.72,624.48,,,,,
6157,04/10/2026 07:23:57,23.72,640.16,,,,,
6158,04/10/2026 07:33:57,23.76,409.12,,,,,
6159,04/10/2026 07:43:57,23.72,715.84,,,,,
6160,04/10/2026 07:53:57,23.72,688.00,,,,,
6161,04/10/2026 08:03:57,23.76,638.72,,,,,
6162,04/10/2026 08:13:57,23.81,1127.68,,,,,
6163,04/10/2026 08:23:57,23.81,796.16,,,,,
6164,04/10/2026 08:33:57,23.85,695.68,,,,,
6165,04/10/2026 08:43:57,23.81,736.96,,,,,
6166,04/10/2026 08:53:57,23.81,718.08,,,,,
6167,04/10/2026 09:03:57,23.76,673.92,,,,,
6168,04/10/2026 09:13:57,23.81,386.08,,,,,
6169,04/10/2026 09:23:57,23.76,465.76,,,,,
6170,04/10/2026 09:33:57,23.76,300.32,,,,,
6171,04/10/2026 09:43:57,23.68,691.20,,,,,
6172,04/10/2026 09:53:57,23.72,1055.36,,,,,
6173,04/10/2026 10:03:57,23.59,602.24,,,,,
6174,04/10/2026 10:13:57,23.55,703.68,,,,,
6175,04/10/2026 10:23:57,23.55,868.80,,,,,
6176,04/10/2026 10:33:57,23.51,1012.16,,,,,
6177,04/10/2026 10:43:57,23.55,2622.72,,,,,
6178,04/10/2026 10:53:57,23.55,1669.76,,,,,
6179,04/10/2026 11:03:57,23.64,2142.08,,,,,
6180,04/10/2026 11:13:57,23.68,1957.12,,,,,
6181,04/10/2026 11:23:57,23.64,1635.84,,,,,
6182,04/10/2026 11:33:57,23.68,2040.32,,,,,
6183,04/10/2026 11:43:57,23.72,1144.00,,,,,
6184,04/10/2026 11:53:57,23.76,2198.40,,,,,
6185,04/10/2026 12:03:57,23.76,2572.16,,,,,
6186,04/10/2026 12:13:57,23.85,1415.04,,,,,
6187,04/10/2026 12:23:57,23.89,2654.72,,,,,
6188,04/10/2026 12:33:57,23.89,1121.28,,,,,
6189,04/10/2026 12:43:57,23.89,954.24,,,,,
6190,04/10/2026 12:53:57,23.94,1094.72,,,,,
6191,04/10/2026 13:03:57,23.94,1069.44,,,,,
6192,04/10/2026 13:13:57,23.94,1235.84,,,,,
6193,04/10/2026 13:23:57,23.98,1560.96,,,,,
6194,04/10/2026 13:33:57,24.02,3123.20,,,,,
6195,04/10/2026 13:43:57,24.06,2977.28,,,,,
6196,04/10/2026 13:53:57,24.19,5406.72,,,,,
6197,04/10/2026 14:03:57,24.58,23603.20,,,,,
6198,04/10/2026 14:13:57,24.88,6479.36,,,,,
6199,04/10/2026 14:23:57,24.84,3857.92,,,,,
6200,04/10/2026 14:33:57,24.97,4896.00,,,,,
6201,04/10/2026 14:43:57,25.09,4506.88,,,,,
6202,04/10/2026 14:53:57,25.01,3970.56,,,,,
6203,04/10/2026 15:03:57,25.05,4522.24,,,,,
6204,04/10/2026 15:13:57,25.05,2970.88,,,,,
6205,04/10/2026 15:23:57,25.09,886.08,,,,,
6206,04/10/2026 15:33:57,24.97,760.64,,,,,
6207,04/10/2026 15:43:57,24.92,1206.72,,,,,
6208,04/10/2026 15:53:57,24.79,1311.36,,,,,
6209,04/10/2026 16:03:57,24.66,1115.84,,,,,
6210,04/10/2026 16:13:57,24.58,980.80,,,,,
6211,04/10/2026 16:23:57,24.41,1429.12,,,,,
6212,04/10/2026 16:33:57,24.36,1557.76,,,,,
6213,04/10/2026 16:43:57,24.32,3797.76,,,,,
6214,04/10/2026 16:53:57,24.41,2949.12,,,,,
6215,04/10/2026 17:03:57,24.45,3174.40,,,,,
6216,04/10/2026 17:13:57,24.41,1520.00,,,,,
6217,04/10/2026 17:23:57,24.41,1242.88,,,,,
6218,04/10/2026 17:33:57,24.41,920.64,,,,,
6219,04/10/2026 17:43:57,24.32,792.32,,,,,
6220,04/10/2026 17:53:57,24.32,640.16,,,,,
6221,04/10/2026 18:03:57,24.32,677.76,,,,,
6222,04/10/2026 18:13:57,24.28,408.32,,,,,
6223,04/10/2026 18:23:57,24.24,243.44,,,,,
6224,04/10/2026 18:33:57,24.19,103.20,,,,,
6225,04/10/2026 18:43:57,24.15,33.47,,,,,
6226,04/10/2026 18:53:57,24.15,14.53,,,,,
6227,04/10/2026 19:03:57,24.11,1.37,,,,,
6228,04/10/2026 19:13:57,24.11,0.00,,,,,
6229,04/10/2026 19:23:57,24.02,0.00,,,,,
6230,04/10/2026 19:33:57,23.98,0.00,,,,,
6231,04/10/2026 19:43:57,23.94,0.00,,,,,
6232,04/10/2026 19:53:57,23.94,0.00,,,,,
6233,04/10/2026 20:03:57,23.94,0.00,,,,,
6234,04/10/2026 20:13:57,23.89,0.00,,,,,
6235,04/10/2026 20:23:57,23.89,0.00,,,,,
6236,04/10/2026 20:33:57,23.89,0.00,,,,,
6237,04/10/2026 20:43:57,23.76,0.00,,,,,
6238,04/10/2026 20:53:57,23.85,0.00,,,,,
6239,04/10/2026 21:03:57,23.76,0.00,,,,,
6240,04/10/2026 21:13:57,23.81,0.00,,,,,
6241,04/10/2026 21:23:57,23.76,0.00,,,,,
6242,04/10/2026 21:33:57,23.72,0.00,,,,,
6243,04/10/2026 21:43:57,23.72,0.00,,,,,
6244,04/10/2026 21:53:57,23.72,0.00,,,,,
6245,04/10/2026 22:03:57,23.68,0.00,,,,,
6246,04/10/2026 22:13:57,23.68,0.00,,,,,
6247,04/10/2026 22:23:57,23.68,0.00,,,,,
6248,04/10/2026 22:33:57,23.64,0.00,,,,,
6249,04/10/2026 22:43:57,23.64,0.00,,,,,
6250,04/10/2026 22:53:57,23.64,0.00,,,,,
6251,04/10/2026 23:03:57,23.55,0.00,,,,,
6252,04/10/2026 23:13:57,23.59,0.00,,,,,
6253,04/10/2026 23:23:57,23.59,0.00,,,,,
6254,04/10/2026 23:33:57,23.64,0.00,,,,,
6255,04/10/2026 23:43:57,23.55,0.00,,,,,
6256,04/10/2026 23:53:57,23.59,0.00,,,,,
6257,04/11/2026 00:03:57,23.55,0.00,,,,,
6258,04/11/2026 00:13:57,23.55,0.00,,,,,
6259,04/11/2026 00:23:57,23.59,0.00,,,,,
6260,04/11/2026 00:33:57,23.59,0.00,,,,,
6261,04/11/2026 00:43:57,23.55,0.00,,,,,
6262,04/11/2026 00:53:57,23.55,0.00,,,,,
6263,04/11/2026 01:03:57,23.51,0.00,,,,,
6264,04/11/2026 01:13:57,23.51,0.00,,,,,
6265,04/11/2026 01:23:57,23.55,0.00,,,,,
6266,04/11/2026 01:33:57,23.51,0.00,,,,,
6267,04/11/2026 01:43:57,23.51,0.00,,,,,
6268,04/11/2026 01:53:57,23.51,0.00,,,,,
6269,04/11/2026 02:03:57,23.46,0.00,,,,,
6270,04/11/2026 02:13:57,23.46,0.00,,,,,
6271,04/11/2026 02:23:57,23.46,0.00,,,,,
6272,04/11/2026 02:33:57,23.42,0.00,,,,,
6273,04/11/2026 02:43:57,23.42,0.00,,,,,
6274,04/11/2026 02:53:57,23.42,0.00,,,,,
6275,04/11/2026 03:03:57,23.38,0.00,,,,,
6276,04/11/2026 03:13:57,23.42,0.00,,,,,
6277,04/11/2026 03:23:57,23.42,0.00,,,,,
6278,04/11/2026 03:33:57,23.42,0.00,,,,,
6279,04/11/2026 03:43:57,23.38,0.00,,,,,
6280,04/11/2026 03:53:57,23.42,0.00,,,,,
6281,04/11/2026 04:03:57,23.42,0.00,,,,,
6282,04/11/2026 04:13:57,23.38,0.00,,,,,
6283,04/11/2026 04:23:57,23.42,0.00,,,,,
6284,04/11/2026 04:33:57,23.42,0.00,,,,,
6285,04/11/2026 04:43:57,23.42,0.00,,,,,
6286,04/11/2026 04:53:57,23.42,0.00,,,,,
6287,04/11/2026 05:03:57,23.46,0.00,,,,,
6288,04/11/2026 05:13:57,23.51,0.00,,,,,
6289,04/11/2026 05:23:57,23.51,0.00,,,,,
6290,04/11/2026 05:33:57,23.51,0.00,,,,,
6291,04/11/2026 05:43:57,23.46,0.00,,,,,
6292,04/11/2026 05:53:57,23.51,0.00,,,,,
6293,04/11/2026 06:03:57,23.51,2.15,,,,,
6294,04/11/2026 06:13:57,23.55,18.08,,,,,
6295,04/11/2026 06:23:57,23.51,62.62,,,,,
6296,04/11/2026 06:33:57,23.55,178.16,,,,,
6297,04/11/2026 06:43:57,23.55,328.96,,,,,
6298,04/11/2026 06:53:57,23.59,522.56,,,,,
6299,04/11/2026 07:03:57,23.64,660.48,,,,,
6300,04/11/2026 07:13:57,23.68,604.48,,,,,
6301,04/11/2026 07:23:57,23.68,894.72,,,,,
6302,04/11/2026 07:33:57,23.72,1461.12,,,,,
6303,04/11/2026 07:43:57,23.89,2117.12,,,,,
6304,04/11/2026 07:53:57,23.98,2110.72,,,,,
6305,04/11/2026 08:03:57,24.06,1395.84,,,,,
6306,04/11/2026 08:13:57,24.11,2049.28,,,,,
6307,04/11/2026 08:23:57,24.15,1781.12,,,,,
6308,04/11/2026 08:33:57,24.15,2149.76,,,,,
6309,04/11/2026 08:43:57,24.32,2835.20,,,,,
6310,04/11/2026 08:53:57,24.41,2997.76,,,,,
6311,04/11/2026 09:03:57,24.49,3077.12,,,,,
6312,04/11/2026 09:13:57,24.58,2684.16,,,,,
6313,04/11/2026 09:23:57,24.75,5056.00,,,,,
6314,04/11/2026 09:33:57,24.97,4870.40,,,,,
6315,04/11/2026 09:43:57,25.14,3886.08,,,,,
6316,04/11/2026 09:53:57,25.18,4375.04,,,,,
6317,04/11/2026 10:03:57,25.39,5798.40,,,,,
6318,04/11/2026 10:13:57,25.57,6712.32,,,,,
6319,04/11/2026 10:23:57,25.74,5493.76,,,,,
6320,04/11/2026 10:33:57,25.99,6300.16,,,,,
6321,04/11/2026 10:43:57,26.08,5105.92,,,,,
6322,04/11/2026 10:53:57,26.34,5172.48,,,,,
6323,04/11/2026 11:03:57,26.64,7728.64,,,,,
6324,04/11/2026 11:13:57,26.94,20561.92,,,,,
6325,04/11/2026 11:23:57,27.37,17433.60,,,,,
6326,04/11/2026 11:33:57,27.50,7352.32,,,,,
6327,04/11/2026 11:43:57,27.67,6919.68,,,,,
6328,04/11/2026 11:53:57,27.71,5808.64,,,,,
6329,04/11/2026 12:03:57,27.80,6064.64,,,,,
6330,04/11/2026 12:13:57,27.84,6144.00,,,,,
6331,04/11/2026 12:23:57,27.71,5286.40,,,,,
6332,04/11/2026 12:33:57,27.67,4811.52,,,,,
6333,04/11/2026 12:43:57,27.58,4158.72,,,,,
6334,04/11/2026 12:53:57,27.45,3644.16,,,,,
6335,04/11/2026 13:03:57,27.37,3509.76,,,,,
6336,04/11/2026 13:13:57,27.45,12134.40,,,,,
6337,04/11/2026 13:23:57,27.28,4104.96,,,,,
6338,04/11/2026 13:33:57,27.15,3795.20,,,,,
6339,04/11/2026 13:43:57,27.11,2880.00,,,,,
6340,04/11/2026 13:53:57,27.02,5378.56,,,,,
6341,04/11/2026 14:03:57,27.07,6725.12,,,,,
6342,04/11/2026 14:13:57,27.02,4896.00,,,,,
6343,04/11/2026 14:23:57,27.02,6712.32,,,,,
6344,04/11/2026 14:33:57,27.02,6812.16,,,,,
6345,04/11/2026 14:43:57,26.94,5240.32,,,,,
6346,04/11/2026 14:53:57,27.02,5952.00,,,,,
6347,04/11/2026 15:03:57,27.02,5237.76,,,,,
6348,04/11/2026 15:13:57,26.94,3882.24,,,,,
6349,04/11/2026 15:23:57,26.85,3864.32,,,,,
6350,04/11/2026 15:33:57,26.72,2695.68,,,,,
6351,04/11/2026 15:43:57,26.68,5509.12,,,,,
6352,04/11/2026 15:53:57,26.55,3111.68,,,,,
6353,04/11/2026 16:03:57,26.47,2987.52,,,,,
6354,04/11/2026 16:13:57,26.38,1773.44,,,,,
6355,04/11/2026 16:23:57,26.30,1616.00,,,,,
6356,04/11/2026 16:33:57,26.17,1822.08,,,,,
6357,04/11/2026 16:43:57,25.99,912.00,,,,,
6358,04/11/2026 16:53:57,25.91,1495.04,,,,,
6359,04/11/2026 17:03:57,25.78,1262.40,,,,,
6360,04/11/2026 17:13:57,25.65,619.04,,,,,
6361,04/11/2026 17:23:57,25.52,1027.84,,,,,
6362,04/11/2026 17:33:57,25.48,1605.76,,,,,
6363,04/11/2026 17:43:57,25.44,1113.28,,,,,
6364,04/11/2026 17:53:57,25.35,814.08,,,,,
6365,04/11/2026 18:03:57,25.27,503.04,,,,,
6366,04/11/2026 18:13:57,25.22,243.44,,,,,
6367,04/11/2026 18:23:57,25.14,240.32,,,,,
6368,04/11/2026 18:33:57,25.05,174.16,,,,,
6369,04/11/2026 18:43:57,25.01,65.04,,,,,
6370,04/11/2026 18:53:57,24.92,12.96,,,,,
6371,04/11/2026 19:03:57,24.88,1.17,,,,,
6372,04/11/2026 19:13:57,24.79,0.00,,,,,
6373,04/11/2026 19:23:57,24.75,0.00,,,,,
6374,04/11/2026 19:33:57,24.71,0.00,,,,,
6375,04/11/2026 19:43:57,24.62,0.00,,,,,
6376,04/11/2026 19:53:57,24.58,0.00,,,,,
6377,04/11/2026 20:03:57,24.49,0.00,,,,,
6378,04/11/2026 20:13:57,24.45,0.00,,,,,
6379,04/11/2026 20:23:57,24.45,0.00,,,,,
6380,04/11/2026 20:33:57,24.49,0.00,,,,,
6381,04/11/2026 20:43:57,24.41,0.00,,,,,
6382,04/11/2026 20:53:57,24.36,0.00,,,,,
6383,04/11/2026 21:03:57,24.36,0.00,,,,,
6384,04/11/2026 21:13:57,24.32,0.00,,,,,
6385,04/11/2026 21:23:57,24.36,0.00,,,,,
6386,04/11/2026 21:33:57,24.24,0.00,,,,,
6387,04/11/2026 21:43:57,24.24,0.00,,,,,
6388,04/11/2026 21:53:57,24.24,0.00,,,,,
6389,04/11/2026 22:03:57,24.28,0.00,,,,,
6390,04/11/2026 22:13:57,24.24,0.00,,,,,
6391,04/11/2026 22:23:57,24.19,0.00,,,,,
6392,04/11/2026 22:33:57,24.19,0.00,,,,,
6393,04/11/2026 22:43:57,24.15,0.00,,,,,
6394,04/11/2026 22:53:57,24.19,0.00,,,,,
6395,04/11/2026 23:03:57,24.15,0.00,,,,,
6396,04/11/2026 23:13:57,24.06,0.00,,,,,
6397,04/11/2026 23:23:57,24.15,0.00,,,,,
6398,04/11/2026 23:33:57,24.06,0.00,,,,,
6399,04/11/2026 23:43:57,24.06,0.00,,,,,
6400,04/11/2026 23:53:57,24.06,0.00,,,,,
6401,04/12/2026 00:03:57,24.02,0.00,,,,,
6402,04/12/2026 00:13:57,23.98,0.00,,,,,
6403,04/12/2026 00:23:57,23.98,0.00,,,,,
6404,04/12/2026 00:33:57,24.02,0.00,,,,,
6405,04/12/2026 00:43:57,23.98,0.00,,,,,
6406,04/12/2026 00:53:57,23.98,0.00,,,,,
6407,04/12/2026 01:03:57,23.94,0.00,,,,,
6408,04/12/2026 01:13:57,23.98,0.00,,,,,
6409,04/12/2026 01:23:57,23.98,0.00,,,,,
6410,04/12/2026 01:33:57,23.98,0.00,,,,,
6411,04/12/2026 01:43:57,23.94,0.00,,,,,
6412,04/12/2026 01:53:57,23.98,0.00,,,,,
6413,04/12/2026 02:03:57,23.94,0.00,,,,,
6414,04/12/2026 02:13:57,23.94,0.00,,,,,
6415,04/12/2026 02:23:57,23.89,0.00,,,,,
6416,04/12/2026 02:33:57,23.89,0.00,,,,,
6417,04/12/2026 02:43:57,23.89,0.00,,,,,
6418,04/12/2026 02:53:57,23.89,0.00,,,,,
6419,04/12/2026 03:03:57,23.89,0.00,,,,,
6420,04/12/2026 03:13:57,23.85,0.00,,,,,
6421,04/12/2026 03:23:57,23.81,0.00,,,,,
6422,04/12/2026 03:33:57,23.81,0.00,,,,,
6423,04/12/2026 03:43:57,23.76,0.00,,,,,
6424,04/12/2026 03:53:57,23.76,0.00,,,,,
6425,04/12/2026 04:03:57,23.85,0.00,,,,,
6426,04/12/2026 04:13:57,23.81,0.00,,,,,
6427,04/12/2026 04:23:57,23.85,0.00,,,,,
6428,04/12/2026 04:33:57,23.76,0.00,,,,,
6429,04/12/2026 04:43:57,23.76,0.00,,,,,
6430,04/12/2026 04:53:57,23.76,0.00,,,,,
6431,04/12/2026 05:03:57,23.76,0.00,,,,,
6432,04/12/2026 05:13:57,23.72,0.00,,,,,
6433,04/12/2026 05:23:57,23.76,0.00,,,,,
6434,04/12/2026 05:33:57,23.76,0.00,,,,,
6435,04/12/2026 05:43:57,23.72,0.00,,,,,
6436,04/12/2026 05:53:57,23.68,0.19,,,,,
6437,04/12/2026 06:03:57,23.68,4.31,,,,,
6438,04/12/2026 06:13:57,23.68,21.05,,,,,
6439,04/12/2026 06:23:57,23.68,63.42,,,,,
6440,04/12/2026 06:33:57,23.68,166.24,,,,,
6441,04/12/2026 06:43:57,23.68,205.60,,,,,
6442,04/12/2026 06:53:57,23.68,587.36,,,,,
6443,04/12/2026 07:03:57,23.72,681.28,,,,,
6444,04/12/2026 07:13:57,23.72,395.04,,,,,
6445,04/12/2026 07:23:57,23.72,547.36,,,,,
6446,04/12/2026 07:33:57,23.76,905.60,,,,,
6447,04/12/2026 07:43:57,23.76,820.48,,,,,
6448,04/12/2026 07:53:57,23.85,658.88,,,,,
6449,04/12/2026 08:03:57,23.89,1012.16,,,,,
6450,04/12/2026 08:13:57,23.89,1294.72,,,,,
6451,04/12/2026 08:23:57,24.02,1792.64,,,,,
6452,04/12/2026 08:33:57,24.02,2284.80,,,,,
6453,04/12/2026 08:43:57,24.11,2118.40,,,,,
6454,04/12/2026 08:53:57,24.24,2277.12,,,,,
6455,04/12/2026 09:03:57,24.28,2863.36,,,,,
6456,04/12/2026 09:13:57,24.36,2789.12,,,,,
6457,04/12/2026 09:23:57,24.45,3339.52,,,,,
6458,04/12/2026 09:33:57,24.58,4896.00,,,,,
6459,04/12/2026 09:43:57,24.58,3873.28,,,,,
6460,04/12/2026 09:53:57,24.71,5162.24,,,,,
6461,04/12/2026 10:03:57,24.84,4613.12,,,,,
6462,04/12/2026 10:13:57,24.97,5056.00,,,,,
6463,04/12/2026 10:23:57,25.14,6269.44,,,,,
6464,04/12/2026 10:33:57,25.39,6435.84,,,,,
6465,04/12/2026 10:43:57,25.69,5711.36,,,,,
6466,04/12/2026 10:53:57,26.12,9359.36,,,,,
6467,04/12/2026 11:03:57,26.47,8209.92,,,,,
6468,04/12/2026 11:13:57,26.64,7157.76,,,,,
6469,04/12/2026 11:23:57,26.77,6120.96,,,,,
6470,04/12/2026 11:33:57,26.77,6072.32,,,,,
6471,04/12/2026 11:43:57,26.85,5806.08,,,,,
6472,04/12/2026 11:53:57,26.90,6254.08,,,,,
6473,04/12/2026 12:03:57,26.72,3168.00,,,,,
6474,04/12/2026 12:13:57,26.60,1883.52,,,,,
6475,04/12/2026 12:23:57,26.51,840.64,,,,,
6476,04/12/2026 12:33:57,26.42,3097.60,,,,,
6477,04/12/2026 12:43:57,26.34,2231.68,,,,,
6478,04/12/2026 12:53:57,26.30,2383.36,,,,,
6479,04/12/2026 13:03:57,26.17,2327.04,,,,,
6480,04/12/2026 13:13:57,26.21,2410.24,,,,,
6481,04/12/2026 13:23:57,26.21,3252.48,,,,,
6482,04/12/2026 13:33:57,26.21,3704.32,,,,,
6483,04/12/2026 13:43:57,26.25,4472.32,,,,,
6484,04/12/2026 13:53:57,26.21,3098.88,,,,,
6485,04/12/2026 14:03:57,26.21,3031.04,,,,,
6486,04/12/2026 14:13:57,26.25,3763.20,,,,,
6487,04/12/2026 14:23:57,26.30,4751.36,,,,,
6488,04/12/2026 14:33:57,26.34,3261.44,,,,,
6489,04/12/2026 14:43:57,26.38,3961.60,,,,,
6490,04/12/2026 14:53:57,26.38,3415.04,,,,,
6491,04/12/2026 15:03:57,26.30,1989.76,,,,,
6492,04/12/2026 15:13:57,26.17,1497.60,,,,,
6493,04/12/2026 15:23:57,26.08,988.80,,,,,
6494,04/12/2026 15:33:57,26.04,1594.24,,,,,
6495,04/12/2026 15:43:57,25.95,1211.52,,,,,
6496,04/12/2026 15:53:57,25.82,1079.04,,,,,
6497,04/12/2026 16:03:57,25.74,970.56,,,,,
6498,04/12/2026 16:13:57,25.69,1017.60,,,,,
6499,04/12/2026 16:23:57,25.61,466.56,,,,,
6500,04/12/2026 16:33:57,25.52,752.64,,,,,
6501,04/12/2026 16:43:57,25.39,673.92,,,,,
6502,04/12/2026 16:53:57,25.31,368.16,,,,,
6503,04/12/2026 17:03:57,25.22,520.96,,,,,
6504,04/12/2026 17:13:57,25.18,592.80,,,,,
6505,04/12/2026 17:23:57,25.09,463.52,,,,,
6506,04/12/2026 17:33:57,25.01,379.04,,,,,
6507,04/12/2026 17:43:57,24.92,406.72,,,,,
6508,04/12/2026 17:53:57,24.84,310.48,,,,,
6509,04/12/2026 18:03:57,24.84,208.00,,,,,
6510,04/12/2026 18:13:57,24.75,176.48,,,,,
6511,04/12/2026 18:23:57,24.62,115.76,,,,,
6512,04/12/2026 18:33:57,24.58,71.30,,,,,
6513,04/12/2026 18:43:57,24.58,38.62,,,,,
6514,04/12/2026 18:53:57,24.49,6.66,,,,,
6515,04/12/2026 19:03:57,24.45,0.19,,,,,
6516,04/12/2026 19:13:57,24.36,0.00,,,,,
6517,04/12/2026 19:23:57,24.32,0.00,,,,,
6518,04/12/2026 19:33:57,24.32,0.00,,,,,
6519,04/12/2026 19:43:57,24.28,0.00,,,,,
6520,04/12/2026 19:53:57,24.24,0.00,,,,,
6521,04/12/2026 20:03:57,24.19,0.00,,,,,
6522,04/12/2026 20:13:57,24.19,0.00,,,,,
6523,04/12/2026 20:23:57,24.24,0.00,,,,,
6524,04/12/2026 20:33:57,24.19,0.00,,,,,
6525,04/12/2026 20:43:57,24.15,0.00,,,,,
6526,04/12/2026 20:53:57,24.11,0.00,,,,,
6527,04/12/2026 21:03:57,24.06,0.00,,,,,
6528,04/12/2026 21:13:57,24.06,0.00,,,,,
6529,04/12/2026 21:23:57,24.06,0.00,,,,,
6530,04/12/2026 21:33:57,24.06,0.00,,,,,
6531,04/12/2026 21:43:57,24.02,0.00,,,,,
6532,04/12/2026 21:53:57,24.02,0.00,,,,,
6533,04/12/2026 22:03:57,24.02,0.00,,,,,
6534,04/12/2026 22:13:57,23.98,0.00,,,,,
6535,04/12/2026 22:23:57,23.98,0.00,,,,,
6536,04/12/2026 22:33:57,23.89,0.00,,,,,
6537,04/12/2026 22:43:57,23.89,0.00,,,,,
6538,04/12/2026 22:53:57,23.85,0.00,,,,,
6539,04/12/2026 23:03:57,23.85,0.00,,,,,
6540,04/12/2026 23:13:57,23.85,0.00,,,,,
6541,04/12/2026 23:23:57,23.85,0.00,,,,,
6542,04/12/2026 23:33:57,23.76,0.00,,,,,
6543,04/12/2026 23:43:57,23.81,0.00,,,,,
6544,04/12/2026 23:53:57,23.72,0.00,,,,,
6545,04/13/2026 00:03:57,23.68,0.00,,,,,
6546,04/13/2026 00:13:57,23.72,0.00,,,,,
6547,04/13/2026 00:23:57,23.72,0.00,,,,,
6548,04/13/2026 00:33:57,23.68,0.00,,,,,
6549,04/13/2026 00:43:57,23.68,0.00,,,,,
6550,04/13/2026 00:53:57,23.68,0.00,,,,,
6551,04/13/2026 01:03:57,23.64,0.00,,,,,
6552,04/13/2026 01:13:57,23.59,0.00,,,,,
6553,04/13/2026 01:23:57,23.64,0.00,,,,,
6554,04/13/2026 01:33:57,23.59,0.00,,,,,
6555,04/13/2026 01:43:57,23.59,0.00,,,,,
6556,04/13/2026 01:53:57,23.55,0.00,,,,,
6557,04/13/2026 02:03:57,23.46,0.00,,,,,
6558,04/13/2026 02:13:57,23.51,0.00,,,,,
6559,04/13/2026 02:23:57,23.46,0.00,,,,,
6560,04/13/2026 02:33:57,23.42,0.00,,,,,
6561,04/13/2026 02:43:57,23.42,0.00,,,,,
6562,04/13/2026 02:53:57,23.34,0.00,,,,,
6563,04/13/2026 03:03:57,23.34,0.00,,,,,
6564,04/13/2026 03:13:57,23.34,0.00,,,,,
6565,04/13/2026 03:23:57,23.34,0.00,,,,,
6566,04/13/2026 03:33:57,23.29,0.00,,,,,
6567,04/13/2026 03:43:57,23.25,0.00,,,,,
6568,04/13/2026 03:53:57,23.25,0.00,,,,,
6569,04/13/2026 04:03:57,23.21,0.00,,,,,
6570,04/13/2026 04:13:57,23.16,0.00,,,,,
6571,04/13/2026 04:23:57,23.16,0.00,,,,,
6572,04/13/2026 04:33:57,23.12,0.00,,,,,
6573,04/13/2026 04:43:57,23.12,0.00,,,,,
6574,04/13/2026 04:53:57,23.16,0.00,,,,,
6575,04/13/2026 05:03:57,23.08,0.00,,,,,
6576,04/13/2026 05:13:57,22.99,0.00,,,,,
6577,04/13/2026 05:23:57,23.08,0.00,,,,,
6578,04/13/2026 05:33:57,23.03,0.00,,,,,
6579,04/13/2026 05:43:57,23.03,0.00,,,,,
6580,04/13/2026 05:53:57,23.03,0.19,,,,,
6581,04/13/2026 06:03:57,23.03,4.90,,,,,
6582,04/13/2026 06:13:57,23.08,30.33,,,,,
6583,04/13/2026 06:23:57,23.03,81.20,,,,,
6584,04/13/2026 06:33:57,23.08,118.20,,,,,
6585,04/13/2026 06:43:57,23.12,171.04,,,,,
6586,04/13/2026 06:53:57,23.12,364.16,,,,,
6587,04/13/2026 07:03:57,23.16,411.36,,,,,
6588,04/13/2026 07:13:57,23.16,458.08,,,,,
6589,04/13/2026 07:23:57,23.21,442.24,,,,,
6590,04/13/2026 07:33:57,23.29,533.60,,,,,
6591,04/13/2026 07:43:57,23.25,752.00,,,,,
6592,04/13/2026 07:53:57,23.29,1521.28,,,,,
6593,04/13/2026 08:03:57,23.38,1853.44,,,,,
6594,04/13/2026 08:13:57,23.51,2414.72,,,,,
6595,04/13/2026 08:23:57,23.55,2956.80,,,,,
6596,04/13/2026 08:33:57,23.68,3192.32,,,,,
6597,04/13/2026 08:43:57,23.76,2880.00,,,,,
6598,04/13/2026 08:53:57,23.85,2579.84,,,,,
6599,04/13/2026 09:03:57,23.85,2593.92,,,,,
6600,04/13/2026 09:13:57,23.94,3810.56,,,,,
6601,04/13/2026 09:23:57,24.06,4089.60,,,,,
6602,04/13/2026 09:33:57,24.15,3717.12,,,,,
6603,04/13/2026 09:43:57,24.24,4256.00,,,,,
6604,04/13/2026 09:53:57,24.54,5959.68,,,,,
6605,04/13/2026 10:03:57,24.62,3779.84,,,,,
6606,04/13/2026 10:13:57,24.66,2423.04,,,,,
6607,04/13/2026 10:23:57,24.71,2017.92,,,,,
6608,04/13/2026 10:33:57,24.71,2192.00,,,,,
6609,04/13/2026 10:43:57,24.79,3178.24,,,,,
6610,04/13/2026 10:53:57,24.79,2759.68,,,,,
6611,04/13/2026 11:03:57,24.84,3447.04,,,,,
6612,04/13/2026 11:13:57,24.92,3996.16,,,,,
6613,04/13/2026 11:23:57,24.97,4058.88,,,,,
6614,04/13/2026 11:33:57,25.01,4444.16,,,,,
6615,04/13/2026 11:43:57,25.14,4394.24,,,,,
6616,04/13/2026 11:53:57,25.09,3011.84,,,,,
6617,04/13/2026 12:03:57,25.14,3040.00,,,,,
6618,04/13/2026 12:13:57,25.14,2083.84,,,,,
6619,04/13/2026 12:23:57,25.14,2612.48,,,,,
6620,04/13/2026 12:33:57,25.18,2753.28,,,,,
6621,04/13/2026 12:43:57,25.18,3211.52,,,,,
6622,04/13/2026 12:53:57,25.22,4124.16,,,,,
6623,04/13/2026 13:03:57,25.35,3276.80,,,,,
6624,04/13/2026 13:13:57,25.35,3531.52,,,,,
6625,04/13/2026 13:23:57,25.35,2661.12,,,,,
6626,04/13/2026 13:33:57,25.44,4965.12,,,,,
6627,04/13/2026 13:43:57,25.52,3619.84,,,,,
6628,04/13/2026 13:53:57,25.61,2620.16,,,,,
6629,04/13/2026 14:03:57,25.69,3120.64,,,,,
6630,04/13/2026 14:13:57,25.69,2488.96,,,,,
6631,04/13/2026 14:23:57,25.74,2096.64,,,,,
6632,04/13/2026 14:33:57,25.78,3261.44,,,,,
6633,04/13/2026 14:43:57,25.78,2813.44,,,,,
6634,04/13/2026 14:53:57,25.91,3957.76,,,,,
6635,04/13/2026 15:03:57,25.95,5465.60,,,,,
6636,04/13/2026 15:13:57,26.12,5486.08,,,,,
6637,04/13/2026 15:23:57,26.21,4441.60,,,,,
6638,04/13/2026 15:33:57,26.30,4017.92,,,,,
6639,04/13/2026 15:43:57,26.21,2922.24,,,,,
6640,04/13/2026 15:53:57,26.25,2620.16,,,,,
6641,04/13/2026 16:03:57,26.21,3613.44,,,,,
6642,04/13/2026 16:13:57,26.25,3431.68,,,,,
6643,04/13/2026 16:23:57,26.30,3079.68,,,,,
6644,04/13/2026 16:33:57,26.25,2753.28,,,,,
6645,04/13/2026 16:43:57,26.21,2730.24,,,,,
6646,04/13/2026 16:53:57,26.25,2625.28,,,,,
6647,04/13/2026 17:03:57,26.17,1067.20,,,,,
6648,04/13/2026 17:13:57,26.12,1682.56,,,,,
6649,04/13/2026 17:23:57,26.12,1543.68,,,,,
6650,04/13/2026 17:33:57,25.99,1462.40,,,,,
6651,04/13/2026 17:43:57,25.99,1159.04,,,,,
6652,04/13/2026 17:53:57,25.95,904.96,,,,,
6653,04/13/2026 18:03:57,25.87,635.52,,,,,
6654,04/13/2026 18:13:57,25.78,308.96,,,,,
6655,04/13/2026 18:23:57,25.74,264.80,,,,,
6656,04/13/2026 18:33:57,25.69,133.88,,,,,
6657,04/13/2026 18:43:57,25.57,51.78,,,,,
6658,04/13/2026 18:53:57,25.52,20.43,,,,,
6659,04/13/2026 19:03:57,25.39,2.35,,,,,
6660,04/13/2026 19:13:57,25.31,0.00,,,,,
6661,04/13/2026 19:23:57,25.22,0.00,,,,,
6662,04/13/2026 19:33:57,25.22,0.00,,,,,
6663,04/13/2026 19:43:57,25.14,0.00,,,,,
6664,04/13/2026 19:53:57,25.05,0.00,,,,,
6665,04/13/2026 20:03:57,25.01,0.00,,,,,
6666,04/13/2026 20:13:57,24.97,0.00,,,,,
6667,04/13/2026 20:23:57,24.92,0.00,,,,,
6668,04/13/2026 20:33:57,24.84,0.00,,,,,
6669,04/13/2026 20:43:57,24.84,0.00,,,,,
6670,04/13/2026 20:53:57,24.75,0.00,,,,,
6671,04/13/2026 21:03:57,24.75,0.00,,,,,
6672,04/13/2026 21:13:57,24.71,0.00,,,,,
6673,04/13/2026 21:23:57,24.62,0.00,,,,,
6674,04/13/2026 21:33:57,24.66,0.00,,,,,
6675,04/13/2026 21:43:57,24.58,0.00,,,,,
6676,04/13/2026 21:53:57,24.54,0.00,,,,,
6677,04/13/2026 22:03:57,24.54,0.00,,,,,
6678,04/13/2026 22:13:57,24.49,0.00,,,,,
6679,04/13/2026 22:23:57,24.45,0.00,,,,,
6680,04/13/2026 22:33:57,24.41,0.00,,,,,
6681,04/13/2026 22:43:57,24.41,0.00,,,,,
6682,04/13/2026 22:53:57,24.32,0.00,,,,,
6683,04/13/2026 23:03:57,24.32,0.00,,,,,
6684,04/13/2026 23:13:57,24.32,0.00,,,,,
6685,04/13/2026 23:23:57,24.28,0.00,,,,,
6686,04/13/2026 23:33:57,24.24,0.00,,,,,
6687,04/13/2026 23:43:57,24.19,0.00,,,,,
6688,04/13/2026 23:53:57,24.24,0.00,,,,,
6689,04/14/2026 00:03:57,24.19,0.00,,,,,
6690,04/14/2026 00:13:57,24.19,0.00,,,,,
6691,04/14/2026 00:23:57,24.11,0.00,,,,,
6692,04/14/2026 00:33:57,24.06,0.00,,,,,
6693,04/14/2026 00:43:57,24.11,0.00,,,,,
6694,04/14/2026 00:53:57,24.11,0.00,,,,,
6695,04/14/2026 01:03:57,24.11,0.00,,,,,
6696,04/14/2026 01:13:57,24.15,0.00,,,,,
6697,04/14/2026 01:23:57,24.11,0.00,,,,,
6698,04/14/2026 01:33:57,24.06,0.00,,,,,
6699,04/14/2026 01:43:57,24.11,0.00,,,,,
6700,04/14/2026 01:53:57,24.11,0.00,,,,,
6701,04/14/2026 02:03:57,24.06,0.00,,,,,
6702,04/14/2026 02:13:57,24.06,0.00,,,,,
6703,04/14/2026 02:23:57,24.02,0.00,,,,,
6704,04/14/2026 02:33:57,24.02,0.00,,,,,
6705,04/14/2026 02:43:57,24.06,0.00,,,,,
6706,04/14/2026 02:53:57,23.98,0.00,,,,,
6707,04/14/2026 03:03:57,23.98,0.00,,,,,
6708,04/14/2026 03:13:57,24.06,0.00,,,,,
6709,04/14/2026 03:23:57,24.06,0.00,,,,,
6710,04/14/2026 03:33:57,23.98,0.00,,,,,
6711,04/14/2026 03:43:57,23.98,0.00,,,,,
6712,04/14/2026 03:53:57,24.02,0.00,,,,,
6713,04/14/2026 04:03:57,24.02,0.00,,,,,
6714,04/14/2026 04:13:57,24.06,0.00,,,,,
6715,04/14/2026 04:23:57,24.02,0.00,,,,,
6716,04/14/2026 04:33:57,24.02,0.00,,,,,
6717,04/14/2026 04:43:57,24.06,0.00,,,,,
6718,04/14/2026 04:53:57,24.06,0.00,,,,,
6719,04/14/2026 05:03:57,24.06,0.00,,,,,
6720,04/14/2026 05:13:57,24.02,0.00,,,,,
6721,04/14/2026 05:23:57,24.02,0.00,,,,,
6722,04/14/2026 05:33:57,24.02,0.00,,,,,
6723,04/14/2026 05:43:57,23.98,0.19,,,,,
6724,04/14/2026 05:53:57,24.02,0.58,,,,,
6725,04/14/2026 06:03:57,23.98,8.43,,,,,
6726,04/14/2026 06:13:57,23.98,35.63,,,,,
6727,04/14/2026 06:23:57,23.89,90.56,,,,,
6728,04/14/2026 06:33:57,23.98,246.72,,,,,
6729,04/14/2026 06:43:57,23.98,323.28,,,,,
6730,04/14/2026 06:53:57,23.98,447.68,,,,,
6731,04/14/2026 07:03:57,23.98,763.20,,,,,
6732,04/14/2026 07:13:57,24.06,794.56,,,,,
6733,04/14/2026 07:23:57,24.15,1133.12,,,,,
6734,04/14/2026 07:33:57,24.19,1401.60,,,,,
6735,04/14/2026 07:43:57,24.28,1856.64,,,,,
6736,04/14/2026 07:53:57,24.41,2440.32,,,,,
6737,04/14/2026 08:03:57,24.54,1949.44,,,,,
6738,04/14/2026 08:13:57,24.66,1351.04,,,,,
6739,04/14/2026 08:23:57,24.75,2443.52,,,,,
6740,04/14/2026 08:33:57,24.88,3088.64,,,,,
6741,04/14/2026 08:43:57,25.09,4007.68,,,,,
6742,04/14/2026 08:53:57,25.27,4111.36,,,,,
6743,04/14/2026 09:03:57,25.44,4218.88,,,,,
6744,04/14/2026 09:13:57,25.69,4115.20,,,,,
6745,04/14/2026 09:23:57,25.78,4070.40,,,,,
6746,04/14/2026 09:33:57,25.91,5501.44,,,,,
6747,04/14/2026 09:43:57,26.04,3851.52,,,,,
6748,04/14/2026 09:53:57,26.34,12590.08,,,,,
6749,04/14/2026 10:03:57,26.90,17771.52,,,,,
6750,04/14/2026 10:13:57,26.85,6661.12,,,,,
6751,04/14/2026 10:23:57,26.98,6743.04,,,,,
6752,04/14/2026 10:33:57,27.20,4510.72,,,,,
6753,04/14/2026 10:43:57,27.37,4048.64,,,,,
6754,04/14/2026 10:53:57,27.67,5982.72,,,,,
6755,04/14/2026 11:03:57,27.97,4500.48,,,,,
6756,04/14/2026 11:13:57,28.35,8174.08,,,,,
6757,04/14/2026 11:23:57,28.65,16798.72,,,,,
6758,04/14/2026 11:33:57,29.13,14284.80,,,,,
6759,04/14/2026 11:43:57,29.26,16793.60,,,,,
6760,04/14/2026 11:53:57,29.56,28200.96,,,,,
6761,04/14/2026 12:03:57,29.86,25098.24,,,,,
6762,04/14/2026 12:13:57,30.11,24176.64,,,,,
6763,04/14/2026 12:23:57,30.33,23726.08,,,,,
6764,04/14/2026 12:33:57,30.41,25538.56,,,,,
6765,04/14/2026 12:43:57,30.20,5352.96,,,,,
6766,04/14/2026 12:53:57,30.03,6289.92,,,,,
6767,04/14/2026 13:03:57,30.24,8962.56,,,,,
6768,04/14/2026 13:13:57,30.50,19886.08,,,,,
6769,04/14/2026 13:23:57,30.28,11059.20,,,,,
6770,04/14/2026 13:33:57,29.98,4407.04,,,,,
6771,04/14/2026 13:43:57,29.81,4647.68,,,,,
6772,04/14/2026 13:53:57,29.68,4424.96,,,,,
6773,04/14/2026 14:03:57,29.56,5864.96,,,,,
6774,04/14/2026 14:13:57,29.43,3302.40,,,,,
6775,04/14/2026 14:23:57,29.34,3544.32,,,,,
6776,04/14/2026 14:33:57,29.34,6036.48,,,,,
6777,04/14/2026 14:43:57,29.26,4629.76,,,,,
6778,04/14/2026 14:53:57,29.26,4638.72,,,,,
6779,04/14/2026 15:03:57,29.17,4368.64,,,,,
6780,04/14/2026 15:13:57,29.04,4413.44,,,,,
6781,04/14/2026 15:23:57,28.91,2609.28,,,,,
6782,04/14/2026 15:33:57,28.74,2977.28,,,,,
6783,04/14/2026 15:43:57,28.70,4723.20,,,,,
6784,04/14/2026 15:53:57,28.57,2961.92,,,,,
6785,04/14/2026 16:03:57,28.40,1866.24,,,,,
6786,04/14/2026 16:13:57,28.23,2159.36,,,,,
6787,04/14/2026 16:23:57,28.18,1950.72,,,,,
6788,04/14/2026 16:33:57,27.97,1804.80,,,,,
6789,04/14/2026 16:43:57,27.84,2079.36,,,,,
6790,04/14/2026 16:53:57,27.75,1488.00,,,,,
6791,04/14/2026 17:03:57,27.67,1761.28,,,,,
6792,04/14/2026 17:13:57,27.67,2305.28,,,,,
6793,04/14/2026 17:23:57,27.54,1052.16,,,,,
6794,04/14/2026 17:33:57,27.37,1004.48,,,,,
6795,04/14/2026 17:43:57,27.28,915.84,,,,,
6796,04/14/2026 17:53:57,27.20,745.60,,,,,
6797,04/14/2026 18:03:57,27.11,626.88,,,,,
6798,04/14/2026 18:13:57,26.98,430.40,,,,,
6799,04/14/2026 18:23:57,26.90,282.96,,,,,
6800,04/14/2026 18:33:57,26.77,173.28,,,,,
6801,04/14/2026 18:43:57,26.68,72.48,,,,,
6802,04/14/2026 18:53:57,26.55,24.18,,,,,
6803,04/14/2026 19:03:57,26.42,2.54,,,,,
6804,04/14/2026 19:13:57,26.38,0.00,,,,,
6805,04/14/2026 19:23:57,26.21,0.00,,,,,
6806,04/14/2026 19:33:57,26.17,0.00,,,,,
6807,04/14/2026 19:43:57,26.12,0.00,,,,,
6808,04/14/2026 19:53:57,26.04,0.00,,,,,
6809,04/14/2026 20:03:57,25.95,0.00,,,,,
6810,04/14/2026 20:13:57,25.87,0.00,,,,,
6811,04/14/2026 20:23:57,25.78,0.00,,,,,
6812,04/14/2026 20:33:57,25.69,0.00,,,,,
6813,04/14/2026 20:43:57,25.65,0.00,,,,,
6814,04/14/2026 20:53:57,25.65,0.00,,,,,
6815,04/14/2026 21:03:57,25.52,0.00,,,,,
6816,04/14/2026 21:13:57,25.52,0.00,,,,,
6817,04/14/2026 21:23:57,25.44,0.00,,,,,
6818,04/14/2026 21:33:57,25.31,0.00,,,,,
6819,04/14/2026 21:43:57,25.35,0.00,,,,,
6820,04/14/2026 21:53:57,25.27,0.00,,,,,
6821,04/14/2026 22:03:57,25.22,0.00,,,,,
6822,04/14/2026 22:13:57,25.14,0.00,,,,,
6823,04/14/2026 22:23:57,25.14,0.00,,,,,
6824,04/14/2026 22:33:57,25.05,0.00,,,,,
6825,04/14/2026 22:43:57,25.01,0.00,,,,,
6826,04/14/2026 22:53:57,24.97,0.00,,,,,
6827,04/14/2026 23:03:57,24.97,0.00,,,,,
6828,04/14/2026 23:13:57,24.88,0.00,,,,,
6829,04/14/2026 23:23:57,24.84,0.00,,,,,
6830,04/14/2026 23:33:57,24.84,0.00,,,,,
6831,04/14/2026 23:43:57,24.75,0.00,,,,,
6832,04/14/2026 23:53:57,24.75,0.00,,,,,
6833,04/15/2026 00:03:57,24.75,0.00,,,,,
6834,04/15/2026 00:13:57,24.71,0.00,,,,,
6835,04/15/2026 00:23:57,24.66,0.00,,,,,
6836,04/15/2026 00:33:57,24.58,0.00,,,,,
6837,04/15/2026 00:43:57,24.62,0.00,,,,,
6838,04/15/2026 00:53:57,24.58,0.00,,,,,
6839,04/15/2026 01:03:57,24.54,0.00,,,,,
6840,04/15/2026 01:13:57,24.54,0.00,,,,,
6841,04/15/2026 01:23:57,24.49,0.00,,,,,
6842,04/15/2026 01:33:57,24.45,0.00,,,,,
6843,04/15/2026 01:43:57,24.49,0.00,,,,,
6844,04/15/2026 01:53:57,24.45,0.00,,,,,
6845,04/15/2026 02:03:57,24.41,0.00,,,,,
6846,04/15/2026 02:13:57,24.41,0.00,,,,,
6847,04/15/2026 02:23:57,24.41,0.00,,,,,
6848,04/15/2026 02:33:57,24.41,0.00,,,,,
6849,04/15/2026 02:43:57,24.41,0.00,,,,,
6850,04/15/2026 02:53:57,24.36,0.00,,,,,
6851,04/15/2026 03:03:57,24.36,0.00,,,,,
6852,04/15/2026 03:13:57,24.28,0.00,,,,,
6853,04/15/2026 03:23:57,24.32,0.00,,,,,
6854,04/15/2026 03:33:57,24.32,0.00,,,,,
6855,04/15/2026 03:43:57,24.32,0.00,,,,,
6856,04/15/2026 03:53:57,24.32,0.00,,,,,
6857,04/15/2026 04:03:57,24.32,0.00,,,,,
6858,04/15/2026 04:13:57,24.32,0.00,,,,,
6859,04/15/2026 04:23:57,24.28,0.00,,,,,
6860,04/15/2026 04:33:57,24.32,0.00,,,,,
6861,04/15/2026 04:43:57,24.28,0.00,,,,,
6862,04/15/2026 04:53:57,24.28,0.00,,,,,
6863,04/15/2026 05:03:57,24.32,0.00,,,,,
6864,04/15/2026 05:13:57,24.28,0.00,,,,,
6865,04/15/2026 05:23:57,24.32,0.00,,,,,
6866,04/15/2026 05:33:57,24.32,0.00,,,,,
6867,04/15/2026 05:43:57,24.32,0.00,,,,,
6868,04/15/2026 05:53:57,24.32,0.19,,,,,
6869,04/15/2026 06:03:57,24.28,8.43,,,,,
6870,04/15/2026 06:13:57,24.32,41.34,,,,,
6871,04/15/2026 06:23:57,24.32,205.04,,,,,
6872,04/15/2026 06:33:57,24.28,123.68,,,,,
6873,04/15/2026 06:43:57,24.32,177.28,,,,,
6874,04/15/2026 06:53:57,24.41,432.80,,,,,
6875,04/15/2026 07:03:57,24.41,722.88,,,,,
6876,04/15/2026 07:13:57,24.45,1059.20,,,,,
6877,04/15/2026 07:23:57,24.45,742.40,,,,,
6878,04/15/2026 07:33:57,24.54,864.96,,,,,
6879,04/15/2026 07:43:57,24.49,1549.44,,,,,
6880,04/15/2026 07:53:57,24.66,1798.40,,,,,
6881,04/15/2026 08:03:57,24.66,1151.04,,,,,
6882,04/15/2026 08:13:57,24.75,2068.48,,,,,
6883,04/15/2026 08:23:57,24.84,2192.00,,,,,
6884,04/15/2026 08:33:57,24.92,2288.00,,,,,
6885,04/15/2026 08:43:57,25.01,1950.72,,,,,
6886,04/15/2026 08:53:57,25.05,1685.76,,,,,
6887,04/15/2026 09:03:57,25.14,2666.24,,,,,
6888,04/15/2026 09:13:57,25.18,4139.52,,,,,
6889,04/15/2026 09:23:57,25.39,3760.64,,,,,
6890,04/15/2026 09:33:57,25.57,4785.92,,,,,
6891,04/15/2026 09:43:57,25.69,3436.80,,,,,
6892,04/15/2026 09:53:57,25.78,3390.72,,,,,
6893,04/15/2026 10:03:57,25.87,3745.28,,,,,
6894,04/15/2026 10:13:57,25.95,3129.60,,,,,
6895,04/15/2026 10:23:57,25.99,2548.48,,,,,
6896,04/15/2026 10:33:57,26.12,7214.08,,,,,
6897,04/15/2026 10:43:57,26.25,9351.68,,,,,
6898,04/15/2026 10:53:57,26.60,13987.84,,,,,
6899,04/15/2026 11:03:57,26.68,6046.72,,,,,
6900,04/15/2026 11:13:57,26.77,6353.92,,,,,
6901,04/15/2026 11:23:57,26.85,6328.32,,,,,
6902,04/15/2026 11:33:57,26.98,6287.36,,,,,
6903,04/15/2026 11:43:57,27.07,6912.00,,,,,
6904,04/15/2026 11:53:57,27.32,3804.16,,,,,
6905,04/15/2026 12:03:57,27.54,8701.44,,,,,
6906,04/15/2026 12:13:57,27.71,23459.84,,,,,
6907,04/15/2026 12:23:57,27.93,12881.92,,,,,
6908,04/15/2026 12:33:57,28.05,5882.88,,,,,
6909,04/15/2026 12:43:57,28.14,6284.80,,,,,
6910,04/15/2026 12:53:57,28.23,7797.76,,,,,
6911,04/15/2026 13:03:57,28.31,7910.40,,,,,
6912,04/15/2026 13:13:57,28.70,11904.00,,,,,
6913,04/15/2026 13:23:57,28.53,6074.88,,,,,
6914,04/15/2026 13:33:57,28.44,5105.92,,,,,
6915,04/15/2026 13:43:57,28.48,3857.92,,,,,
6916,04/15/2026 13:53:57,28.31,5457.92,,,,,
6917,04/15/2026 14:03:57,28.35,9021.44,,,,,
6918,04/15/2026 14:13:57,28.31,6233.60,,,,,
6919,04/15/2026 14:23:57,28.57,7093.76,,,,,
6920,04/15/2026 14:33:57,28.65,10280.96,,,,,
6921,04/15/2026 14:43:57,28.61,14218.24,,,,,
6922,04/15/2026 14:53:57,28.83,20193.28,,,,,
6923,04/15/2026 15:03:57,28.78,9064.96,,,,,
6924,04/15/2026 15:13:57,28.74,6323.20,,,,,
6925,04/15/2026 15:23:57,28.78,4506.88,,,,,
6926,04/15/2026 15:33:57,28.70,5299.20,,,,,
6927,04/15/2026 15:43:57,28.61,3224.32,,,,,
6928,04/15/2026 15:53:57,28.44,3769.60,,,,,
6929,04/15/2026 16:03:57,28.27,2601.60,,,,,
6930,04/15/2026 16:13:57,28.05,1772.16,,,,,
6931,04/15/2026 16:23:57,27.93,1831.68,,,,,
6932,04/15/2026 16:33:57,27.80,1567.36,,,,,
6933,04/15/2026 16:43:57,27.67,1881.60,,,,,
6934,04/15/2026 16:53:57,27.50,2270.72,,,,,
6935,04/15/2026 17:03:57,27.41,1906.56,,,,,
6936,04/15/2026 17:13:57,27.37,1317.12,,,,,
6937,04/15/2026 17:23:57,27.24,1715.84,,,,,
6938,04/15/2026 17:33:57,27.11,604.48,,,,,
6939,04/15/2026 17:43:57,27.02,839.68,,,,,
6940,04/15/2026 17:53:57,26.90,874.88,,,,,
6941,04/15/2026 18:03:57,26.81,412.16,,,,,
6942,04/15/2026 18:13:57,26.68,250.64,,,,,
6943,04/15/2026 18:23:57,26.55,98.12,,,,,
6944,04/15/2026 18:33:57,26.47,70.12,,,,,
6945,04/15/2026 18:43:57,26.38,53.54,,,,,
6946,04/15/2026 18:53:57,26.30,23.59,,,,,
6947,04/15/2026 19:03:57,26.17,3.33,,,,,
6948,04/15/2026 19:13:57,26.12,0.00,,,,,
6949,04/15/2026 19:23:57,25.99,0.00,,,,,
6950,04/15/2026 19:33:57,25.95,0.00,,,,,
6951,04/15/2026 19:43:57,25.82,0.00,,,,,
6952,04/15/2026 19:53:57,25.78,0.00,,,,,
6953,04/15/2026 20:03:57,25.69,0.00,,,,,
6954,04/15/2026 20:13:57,25.65,0.00,,,,,
6955,04/15/2026 20:23:57,25.57,0.00,,,,,
6956,04/15/2026 20:33:57,25.48,0.00,,,,,
6957,04/15/2026 20:43:57,25.44,0.00,,,,,
6958,04/15/2026 20:53:57,25.35,0.00,,,,,
6959,04/15/2026 21:03:57,25.31,0.00,,,,,
6960,04/15/2026 21:13:57,25.27,0.00,,,,,
6961,04/15/2026 21:23:57,25.18,0.00,,,,,
6962,04/15/2026 21:33:57,25.18,0.00,,,,,
6963,04/15/2026 21:43:57,25.14,0.00,,,,,
6964,04/15/2026 21:53:57,25.09,0.00,,,,,
6965,04/15/2026 22:03:57,25.05,0.00,,,,,
6966,04/15/2026 22:13:57,25.01,0.00,,,,,
6967,04/15/2026 22:23:57,24.97,0.00,,,,,
6968,04/15/2026 22:33:57,24.97,0.00,,,,,
6969,04/15/2026 22:43:57,24.92,0.00,,,,,
6970,04/15/2026 22:53:57,24.92,0.00,,,,,
6971,04/15/2026 23:03:57,24.84,0.00,,,,,
6972,04/15/2026 23:13:57,24.75,0.00,,,,,
6973,04/15/2026 23:23:57,24.84,0.00,,,,,
6974,04/15/2026 23:33:57,24.79,0.00,,,,,
6975,04/15/2026 23:43:57,24.75,0.00,,,,,
6976,04/15/2026 23:53:57,24.75,0.00,,,,,
6977,04/16/2026 00:03:57,24.75,0.00,,,,,
6978,04/16/2026 00:13:57,24.71,0.00,,,,,
6979,04/16/2026 00:23:57,24.71,0.00,,,,,
6980,04/16/2026 00:33:57,24.66,0.00,,,,,
6981,04/16/2026 00:43:57,24.62,0.00,,,,,
6982,04/16/2026 00:53:57,24.58,0.00,,,,,
6983,04/16/2026 01:03:57,24.58,0.00,,,,,
6984,04/16/2026 01:13:57,24.54,0.00,,,,,
6985,04/16/2026 01:23:57,24.54,0.00,,,,,
6986,04/16/2026 01:33:57,24.54,0.00,,,,,
6987,04/16/2026 01:43:57,24.54,0.00,,,,,
6988,04/16/2026 01:53:57,24.49,0.00,,,,,
6989,04/16/2026 02:03:57,24.45,0.00,,,,,
6990,04/16/2026 02:13:57,24.41,0.00,,,,,
6991,04/16/2026 02:23:57,24.45,0.00,,,,,
6992,04/16/2026 02:33:57,24.45,0.00,,,,,
6993,04/16/2026 02:43:57,24.36,0.00,,,,,
6994,04/16/2026 02:53:57,24.36,0.00,,,,,
6995,04/16/2026 03:03:57,24.36,0.00,,,,,
6996,04/16/2026 03:13:57,24.36,0.00,,,,,
6997,04/16/2026 03:23:57,24.36,0.00,,,,,
6998,04/16/2026 03:33:57,24.32,0.00,,,,,
6999,04/16/2026 03:43:57,24.28,0.00,,,,,
7000,04/16/2026 03:53:57,24.32,0.00,,,,,
7001,04/16/2026 04:03:57,24.28,0.00,,,,,
7002,04/16/2026 04:13:57,24.28,0.00,,,,,
7003,04/16/2026 04:23:57,24.24,0.00,,,,,
7004,04/16/2026 04:33:57,24.24,0.00,,,,,
7005,04/16/2026 04:43:57,24.24,0.00,,,,,
7006,04/16/2026 04:53:57,24.19,0.00,,,,,
7007,04/16/2026 05:03:57,24.24,0.00,,,,,
7008,04/16/2026 05:13:57,24.24,0.00,,,,,
7009,04/16/2026 05:23:57,24.19,0.00,,,,,
7010,04/16/2026 05:33:57,24.15,0.00,,,,,
7011,04/16/2026 05:43:57,24.15,0.00,,,,,
7012,04/16/2026 05:53:57,24.15,0.78,,,,,
7013,04/16/2026 06:03:57,24.19,11.78,,,,,
7014,04/16/2026 06:13:57,24.15,51.78,,,,,
7015,04/16/2026 06:23:57,24.15,186.80,,,,,
7016,04/16/2026 06:33:57,24.19,509.28,,,,,
7017,04/16/2026 06:43:57,24.19,536.64,,,,,
7018,04/16/2026 06:53:57,24.24,647.36,,,,,
7019,04/16/2026 07:03:57,24.28,760.64,,,,,
7020,04/16/2026 07:13:57,24.32,1361.28,,,,,
7021,04/16/2026 07:23:57,24.41,816.64,,,,,
7022,04/16/2026 07:33:57,24.49,1131.52,,,,,
7023,04/16/2026 07:43:57,24.54,958.08,,,,,
7024,04/16/2026 07:53:57,24.62,2099.84,,,,,
7025,04/16/2026 08:03:57,24.79,2542.08,,,,,
7026,04/16/2026 08:13:57,24.84,1775.36,,,,,
7027,04/16/2026 08:23:57,24.92,1982.08,,,,,
7028,04/16/2026 08:33:57,24.97,2057.60,,,,,
7029,04/16/2026 08:43:57,25.14,3086.08,,,,,
7030,04/16/2026 08:53:57,25.22,2634.24,,,,,
7031,04/16/2026 09:03:57,25.27,1933.44,,,,,
7032,04/16/2026 09:13:57,25.52,3685.12,,,,,
7033,04/16/2026 09:23:57,25.69,1864.32,,,,,
7034,04/16/2026 09:33:57,25.87,4087.04,,,,,
7035,04/16/2026 09:43:57,25.99,4384.00,,,,,
7036,04/16/2026 09:53:57,26.17,3086.08,,,,,
7037,04/16/2026 10:03:57,26.81,5052.16,,,,,
7038,04/16/2026 10:13:57,27.50,16916.48,,,,,
7039,04/16/2026 10:23:57,27.37,3910.40,,,,,
7040,04/16/2026 10:33:57,27.71,16245.76,,,,,
7041,04/16/2026 10:43:57,27.63,15416.32,,,,,
7042,04/16/2026 10:53:57,28.48,57610.24,,,,,
7043,04/16/2026 11:03:57,28.10,5352.96,,,,,
7044,04/16/2026 11:13:57,28.87,25907.20,,,,,
7045,04/16/2026 11:23:57,29.00,22804.48,,,,,
7046,04/16/2026 11:33:57,29.00,7193.60,,,,,
7047,04/16/2026 11:43:57,29.08,8424.96,,,,,
7048,04/16/2026 11:53:57,29.13,3070.72,,,,,
7049,04/16/2026 12:03:57,29.26,4448.00,,,,,
7050,04/16/2026 12:13:57,29.43,5137.92,,,,,
7051,04/16/2026 12:23:57,29.60,7413.76,,,,,
7052,04/16/2026 12:33:57,29.86,19773.44,,,,,
7053,04/16/2026 12:43:57,30.11,6259.20,,,,,
7054,04/16/2026 12:53:57,29.98,4312.32,,,,,
7055,04/16/2026 13:03:57,30.07,3224.32,,,,,
7056,04/16/2026 13:13:57,30.16,2266.24,,,,,
7057,04/16/2026 13:23:57,30.20,2437.12,,,,,
7058,04/16/2026 13:33:57,30.33,2618.88,,,,,
7059,04/16/2026 13:43:57,30.46,3383.04,,,,,
7060,04/16/2026 13:53:57,30.97,24657.92,,,,,
7061,04/16/2026 14:03:57,31.01,19087.36,,,,,
7062,04/16/2026 14:13:57,30.97,18155.52,,,,,
7063,04/16/2026 14:23:57,31.01,14909.44,,,,,
7064,04/16/2026 14:33:57,31.06,21790.72,,,,,
7065,04/16/2026 14:43:57,31.01,20843.52,,,,,
7066,04/16/2026 14:53:57,31.10,18990.08,,,,,
7067,04/16/2026 15:03:57,31.14,17464.32,,,,,
7068,04/16/2026 15:13:57,31.19,17925.12,,,,,
7069,04/16/2026 15:23:57,30.93,10432.00,,,,,
7070,04/16/2026 15:33:57,31.06,3393.28,,,,,
7071,04/16/2026 15:43:57,30.89,4121.60,,,,,
7072,04/16/2026 15:53:57,30.54,1985.28,,,,,
7073,04/16/2026 16:03:57,30.46,1354.88,,,,,
7074,04/16/2026 16:13:57,30.28,1236.48,,,,,
7075,04/16/2026 16:23:57,29.98,1213.76,,,,,
7076,04/16/2026 16:33:57,29.81,1366.40,,,,,
7077,04/16/2026 16:43:57,29.56,1434.24,,,,,
7078,04/16/2026 16:53:57,29.38,2104.32,,,,,
7079,04/16/2026 17:03:57,29.21,2634.24,,,,,
7080,04/16/2026 17:13:57,29.00,2024.32,,,,,
7081,04/16/2026 17:23:57,28.74,1451.52,,,,,
7082,04/16/2026 17:33:57,28.48,1320.96,,,,,
7083,04/16/2026 17:43:57,28.23,914.88,,,,,
7084,04/16/2026 17:53:57,28.01,1025.60,,,,,
7085,04/16/2026 18:03:57,27.75,864.96,,,,,
7086,04/16/2026 18:13:57,27.63,709.44,,,,,
7087,04/16/2026 18:23:57,27.41,360.32,,,,,
7088,04/16/2026 18:33:57,27.24,248.16,,,,,
7089,04/16/2026 18:43:57,27.07,123.60,,,,,
7090,04/16/2026 18:53:57,26.90,36.44,,,,,
7091,04/16/2026 19:03:57,26.77,5.29,,,,,
7092,04/16/2026 19:13:57,26.64,0.19,,,,,
7093,04/16/2026 19:23:57,26.51,0.00,,,,,
7094,04/16/2026 19:33:57,26.38,0.00,,,,,
7095,04/16/2026 19:43:57,26.25,0.00,,,,,
7096,04/16/2026 19:53:57,26.12,0.00,,,,,
7097,04/16/2026 20:03:57,26.04,0.00,,,,,
7098,04/16/2026 20:13:57,25.99,0.00,,,,,
7099,04/16/2026 20:23:57,25.82,0.00,,,,,
7100,04/16/2026 20:33:57,25.78,0.00,,,,,
7101,04/16/2026 20:43:57,25.69,0.00,,,,,
7102,04/16/2026 20:53:57,25.65,0.00,,,,,
7103,04/16/2026 21:03:57,25.52,0.00,,,,,
7104,04/16/2026 21:13:57,25.48,0.00,,,,,
7105,04/16/2026 21:23:57,25.48,0.00,,,,,
7106,04/16/2026 21:33:57,25.35,0.00,,,,,
7107,04/16/2026 21:43:57,25.31,0.00,,,,,
7108,04/16/2026 21:53:57,25.22,0.00,,,,,
7109,04/16/2026 22:03:57,25.18,0.00,,,,,
7110,04/16/2026 22:13:57,25.14,0.00,,,,,
7111,04/16/2026 22:23:57,25.09,0.00,,,,,
7112,04/16/2026 22:33:57,25.05,0.00,,,,,
7113,04/16/2026 22:43:57,25.05,0.00,,,,,
7114,04/16/2026 22:53:57,24.97,0.00,,,,,
7115,04/16/2026 23:03:57,24.97,0.00,,,,,
7116,04/16/2026 23:13:57,24.97,0.00,,,,,
7117,04/16/2026 23:23:57,24.88,0.00,,,,,
7118,04/16/2026 23:33:57,24.88,0.00,,,,,
7119,04/16/2026 23:43:57,24.79,0.00,,,,,
7120,04/16/2026 23:53:57,24.75,0.00,,,,,
7121,04/17/2026 00:03:57,24.75,0.00,,,,,
7122,04/17/2026 00:13:57,24.71,0.00,,,,,
7123,04/17/2026 00:23:57,24.66,0.00,,,,,
7124,04/17/2026 00:33:57,24.66,0.00,,,,,
7125,04/17/2026 00:43:57,24.62,0.00,,,,,
7126,04/17/2026 00:53:57,24.58,0.00,,,,,
7127,04/17/2026 01:03:57,24.58,0.00,,,,,
7128,04/17/2026 01:13:57,24.62,0.00,,,,,
7129,04/17/2026 01:23:57,24.58,0.00,,,,,
7130,04/17/2026 01:33:57,24.54,0.00,,,,,
7131,04/17/2026 01:43:57,24.49,0.00,,,,,
7132,04/17/2026 01:53:57,24.45,0.00,,,,,
7133,04/17/2026 02:03:57,24.45,0.00,,,,,
7134,04/17/2026 02:13:57,24.41,0.00,,,,,
7135,04/17/2026 02:23:57,24.36,0.00,,,,,
7136,04/17/2026 02:33:57,24.41,0.00,,,,,
7137,04/17/2026 02:43:57,24.36,0.00,,,,,
7138,04/17/2026 02:53:57,24.36,0.00,,,,,
7139,04/17/2026 03:03:57,24.32,0.00,,,,,
7140,04/17/2026 03:13:57,24.32,0.00,,,,,
7141,04/17/2026 03:23:57,24.32,0.00,,,,,
7142,04/17/2026 03:33:57,24.28,0.00,,,,,
7143,04/17/2026 03:43:57,24.28,0.00,,,,,
7144,04/17/2026 03:53:57,24.28,0.00,,,,,
7145,04/17/2026 04:03:57,24.24,0.00,,,,,
7146,04/17/2026 04:13:57,24.28,0.00,,,,,
7147,04/17/2026 04:23:57,24.24,0.00,,,,,
7148,04/17/2026 04:33:57,24.24,0.00,,,,,
7149,04/17/2026 04:43:57,24.19,0.00,,,,,
7150,04/17/2026 04:53:57,24.19,0.00,,,,,
7151,04/17/2026 05:03:57,24.19,0.00,,,,,
7152,04/17/2026 05:13:57,24.19,0.00,,,,,
7153,04/17/2026 05:23:57,24.19,0.00,,,,,
7154,04/17/2026 05:33:57,24.19,0.00,,,,,
7155,04/17/2026 05:43:57,24.19,0.00,,,,,
7156,04/17/2026 05:53:57,24.19,1.56,,,,,
7157,04/17/2026 06:03:57,24.19,17.30,,,,,
7158,04/17/2026 06:13:57,24.15,83.92,,,,,
7159,04/17/2026 06:23:57,24.19,257.12,,,,,
7160,04/17/2026 06:33:57,24.19,297.20,,,,,
7161,04/17/2026 06:43:57,24.19,500.64,,,,,
7162,04/17/2026 06:53:57,24.19,645.76,,,,,
7163,04/17/2026 07:03:57,24.24,881.28,,,,,
7164,04/17/2026 07:13:57,24.36,610.88,,,,,
7165,04/17/2026 07:23:57,24.36,1178.56,,,,,
7166,04/17/2026 07:33:57,24.45,2876.16,,,,,
7167,04/17/2026 07:43:57,24.54,1111.04,,,,,
7168,04/17/2026 07:53:57,24.62,2142.08,,,,,
7169,04/17/2026 08:03:57,24.75,2026.24,,,,,
7170,04/17/2026 08:13:57,24.79,1751.68,,,,,
7171,04/17/2026 08:23:57,24.92,2702.08,,,,,
7172,04/17/2026 08:33:57,25.01,1667.20,,,,,
7173,04/17/2026 08:43:57,25.05,2320.64,,,,,
7174,04/17/2026 08:53:57,25.09,1961.60,,,,,
7175,04/17/2026 09:03:57,25.14,1732.48,,,,,
7176,04/17/2026 09:13:57,25.22,2286.72,,,,,
7177,04/17/2026 09:23:57,25.22,1428.48,,,,,
7178,04/17/2026 09:33:57,25.27,2794.24,,,,,
7179,04/17/2026 09:43:57,25.31,1998.08,,,,,
7180,04/17/2026 09:53:57,25.44,3274.24,,,,,
7181,04/17/2026 10:03:57,25.48,2305.28,,,,,
7182,04/17/2026 10:13:57,25.48,2311.68,,,,,
7183,04/17/2026 10:23:57,25.74,8875.52,,,,,
7184,04/17/2026 10:33:57,25.99,28979.20,,,,,
7185,04/17/2026 10:43:57,26.17,40130.56,,,,,
7186,04/17/2026 10:53:57,25.99,3557.12,,,,,
7187,04/17/2026 11:03:57,26.04,4098.56,,,,,
7188,04/17/2026 11:13:57,26.25,3436.80,,,,,
7189,04/17/2026 11:23:57,26.34,3293.44,,,,,
7190,04/17/2026 11:33:57,26.34,3741.44,,,,,
7191,04/17/2026 11:43:57,26.38,3968.00,,,,,
7192,04/17/2026 11:53:57,26.85,7685.12,,,,,
7193,04/17/2026 12:03:57,27.11,5880.32,,,,,
7194,04/17/2026 12:13:57,27.24,19261.44,,,,,
7195,04/17/2026 12:23:57,27.41,6668.80,,,,,
7196,04/17/2026 12:33:57,27.24,4465.92,,,,,
7197,04/17/2026 12:43:57,27.37,7582.72,,,,,
7198,04/17/2026 12:53:57,27.54,6323.20,,,,,
7199,04/17/2026 13:03:57,27.45,8148.48,,,,,
7200,04/17/2026 13:13:57,27.93,25927.68,,,,,
7201,04/17/2026 13:23:57,27.80,4303.36,,,,,
7202,04/17/2026 13:33:57,27.88,5882.88,,,,,
7203,04/17/2026 13:43:57,27.88,5401.60,,,,,
7204,04/17/2026 13:53:57,27.93,10298.88,,,,,
7205,04/17/2026 14:03:57,27.88,6172.16,,,,,
7206,04/17/2026 14:13:57,28.01,2851.84,,,,,
7207,04/17/2026 14:23:57,27.97,5388.80,,,,,
7208,04/17/2026 14:33:57,28.40,16916.48,,,,,
7209,04/17/2026 14:43:57,28.53,19901.44,,,,,
7210,04/17/2026 14:53:57,28.31,6479.36,,,,,
7211,04/17/2026 15:03:57,28.23,4654.08,,,,,
7212,04/17/2026 15:13:57,28.18,4262.40,,,,,
7213,04/17/2026 15:23:57,28.40,4908.80,,,,,
7214,04/17/2026 15:33:57,28.35,6755.84,,,,,
7215,04/17/2026 15:43:57,28.23,5062.40,,,,,
7216,04/17/2026 15:53:57,28.14,4513.28,,,,,
7217,04/17/2026 16:03:57,28.05,4225.28,,,,,
7218,04/17/2026 16:13:57,28.01,3916.80,,,,,
7219,04/17/2026 16:23:57,27.93,3810.56,,,,,
7220,04/17/2026 16:33:57,27.88,3070.72,,,,,
7221,04/17/2026 16:43:57,27.75,2963.20,,,,,
7222,04/17/2026 16:53:57,27.67,2518.40,,,,,
7223,04/17/2026 17:03:57,27.54,1889.92,,,,,
7224,04/17/2026 17:13:57,27.41,1804.80,,,,,
7225,04/17/2026 17:23:57,27.28,1608.32,,,,,
7226,04/17/2026 17:33:57,27.15,1269.44,,,,,
7227,04/17/2026 17:43:57,27.02,856.32,,,,,
7228,04/17/2026 17:53:57,26.85,472.80,,,,,
7229,04/17/2026 18:03:57,26.77,355.52,,,,,
7230,04/17/2026 18:13:57,26.64,356.32,,,,,
7231,04/17/2026 18:23:57,26.47,343.84,,,,,
7232,04/17/2026 18:33:57,26.38,229.36,,,,,
7233,04/17/2026 18:43:57,26.21,78.80,,,,,
7234,04/17/2026 18:53:57,26.12,24.97,,,,,
7235,04/17/2026 19:03:57,26.04,4.11,,,,,
7236,04/17/2026 19:13:57,25.95,0.00,,,,,
7237,04/17/2026 19:23:57,25.87,0.00,,,,,
7238,04/17/2026 19:33:57,25.74,0.00,,,,,
7239,04/17/2026 19:43:57,25.65,0.00,,,,,
7240,04/17/2026 19:53:57,25.61,0.00,,,,,
7241,04/17/2026 20:03:57,25.52,0.00,,,,,
7242,04/17/2026 20:13:57,25.48,0.00,,,,,
7243,04/17/2026 20:23:57,25.39,0.00,,,,,
7244,04/17/2026 20:33:57,25.35,0.00,,,,,
7245,04/17/2026 20:43:57,25.31,0.00,,,,,
7246,04/17/2026 20:53:57,25.27,0.00,,,,,
7247,04/17/2026 21:03:57,25.27,0.00,,,,,
7248,04/17/2026 21:13:57,25.22,0.00,,,,,
7249,04/17/2026 21:23:57,25.18,0.00,,,,,
7250,04/17/2026 21:33:57,25.18,0.00,,,,,
7251,04/17/2026 21:43:57,25.14,0.00,,,,,
7252,04/17/2026 21:53:57,25.14,0.00,,,,,
7253,04/17/2026 22:03:57,25.09,0.00,,,,,
7254,04/17/2026 22:13:57,25.09,0.00,,,,,
7255,04/17/2026 22:23:57,25.05,0.00,,,,,
7256,04/17/2026 22:33:57,25.05,0.00,,,,,
7257,04/17/2026 22:43:57,25.01,0.00,,,,,
7258,04/17/2026 22:53:57,24.97,0.00,,,,,
7259,04/17/2026 23:03:57,24.97,0.00,,,,,
7260,04/17/2026 23:13:57,25.01,0.00,,,,,
7261,04/17/2026 23:23:57,24.97,0.00,,,,,
7262,04/17/2026 23:33:57,24.97,0.00,,,,,
7263,04/17/2026 23:43:57,24.92,0.00,,,,,
7264,04/17/2026 23:53:57,24.92,0.00,,,,,
7265,04/18/2026 00:03:57,24.92,0.00,,,,,
7266,04/18/2026 00:13:57,24.92,0.00,,,,,
7267,04/18/2026 00:23:57,24.92,0.00,,,,,
7268,04/18/2026 00:33:57,24.88,0.00,,,,,
7269,04/18/2026 00:43:57,24.88,0.00,,,,,
7270,04/18/2026 00:53:57,24.92,0.00,,,,,
7271,04/18/2026 01:03:57,24.84,0.00,,,,,
7272,04/18/2026 01:13:57,24.88,0.00,,,,,
7273,04/18/2026 01:23:57,24.88,0.00,,,,,
7274,04/18/2026 01:33:57,24.88,0.00,,,,,
7275,04/18/2026 01:43:57,24.84,0.00,,,,,
7276,04/18/2026 01:53:57,24.88,0.00,,,,,
7277,04/18/2026 02:03:57,24.79,0.00,,,,,
7278,04/18/2026 02:13:57,24.84,0.00,,,,,
7279,04/18/2026 02:23:57,24.84,0.00,,,,,
7280,04/18/2026 02:33:57,24.84,0.00,,,,,
7281,04/18/2026 02:43:57,24.84,0.00,,,,,
7282,04/18/2026 02:53:57,24.88,0.00,,,,,
7283,04/18/2026 03:03:57,24.84,0.00,,,,,
7284,04/18/2026 03:13:57,24.79,0.00,,,,,
7285,04/18/2026 03:23:57,24.79,0.00,,,,,
7286,04/18/2026 03:33:57,24.75,0.00,,,,,
7287,04/18/2026 03:43:57,24.79,0.00,,,,,
7288,04/18/2026 03:53:57,24.79,0.00,,,,,
7289,04/18/2026 04:03:57,24.84,0.00,,,,,
7290,04/18/2026 04:13:57,24.79,0.00,,,,,
7291,04/18/2026 04:23:57,24.79,0.00,,,,,
7292,04/18/2026 04:33:57,24.79,0.00,,,,,
7293,04/18/2026 04:43:57,24.75,0.00,,,,,
7294,04/18/2026 04:53:57,24.75,0.00,,,,,
7295,04/18/2026 05:03:57,24.75,0.00,,,,,
7296,04/18/2026 05:13:57,24.79,0.00,,,,,
7297,04/18/2026 05:23:57,24.75,0.00,,,,,
7298,04/18/2026 05:33:57,24.75,0.00,,,,,
7299,04/18/2026 05:43:57,24.75,0.00,,,,,
7300,04/18/2026 05:53:57,24.79,0.19,,,,,
7301,04/18/2026 06:03:57,24.75,5.29,,,,,
7302,04/18/2026 06:13:57,24.71,13.15,,,,,
7303,04/18/2026 06:23:57,24.71,36.24,,,,,
7304,04/18/2026 06:33:57,24.71,75.66,,,,,
7305,04/18/2026 06:43:57,24.71,91.40,,,,,
7306,04/18/2026 06:53:57,24.71,146.52,,,,,
7307,04/18/2026 07:03:57,24.71,240.32,,,,,
7308,04/18/2026 07:13:57,24.71,319.36,,,,,
7309,04/18/2026 07:23:57,24.75,414.56,,,,,
7310,04/18/2026 07:33:57,24.75,528.80,,,,,
7311,04/18/2026 07:43:57,24.71,556.64,,,,,
7312,04/18/2026 07:53:57,24.79,947.20,,,,,
7313,04/18/2026 08:03:57,24.79,1174.72,,,,,
7314,04/18/2026 08:13:57,24.88,1211.52,,,,,
7315,04/18/2026 08:23:57,24.88,1466.24,,,,,
7316,04/18/2026 08:33:57,25.01,1734.40,,,,,
7317,04/18/2026 08:43:57,25.05,2095.36,,,,,
7318,04/18/2026 08:53:57,25.14,1975.68,,,,,
7319,04/18/2026 09:03:57,25.14,2040.32,,,,,
7320,04/18/2026 09:13:57,25.18,1354.88,,,,,
7321,04/18/2026 09:23:57,25.27,2750.72,,,,,
7322,04/18/2026 09:33:57,25.39,2732.80,,,,,
7323,04/18/2026 09:43:57,25.44,2773.76,,,,,
7324,04/18/2026 09:53:57,25.52,2730.24,,,,,
7325,04/18/2026 10:03:57,25.61,3086.08,,,,,
7326,04/18/2026 10:13:57,25.65,3171.84,,,,,
7327,04/18/2026 10:23:57,25.69,3059.20,,,,,
7328,04/18/2026 10:33:57,25.78,4121.60,,,,,
7329,04/18/2026 10:43:57,25.78,2688.00,,,,,
7330,04/18/2026 10:53:57,25.91,4744.96,,,,,
7331,04/18/2026 11:03:57,25.99,5090.56,,,,,
7332,04/18/2026 11:13:57,26.12,4052.48,,,,,
7333,04/18/2026 11:23:57,26.17,4208.64,,,,,
7334,04/18/2026 11:33:57,26.17,3339.52,,,,,
7335,04/18/2026 11:43:57,26.30,3613.44,,,,,
7336,04/18/2026 11:53:57,26.25,3851.52,,,,,
7337,04/18/2026 12:03:57,26.25,2932.48,,,,,
7338,04/18/2026 12:13:57,26.30,3663.36,,,,,
7339,04/18/2026 12:23:57,26.42,5299.20,,,,,
7340,04/18/2026 12:33:57,26.51,4723.20,,,,,
7341,04/18/2026 12:43:57,26.68,5685.76,,,,,
7342,04/18/2026 12:53:57,26.85,7088.64,,,,,
7343,04/18/2026 13:03:57,26.81,3130.88,,,,,
7344,04/18/2026 13:13:57,26.81,2590.72,,,,,
7345,04/18/2026 13:23:57,26.90,4538.88,,,,,
7346,04/18/2026 13:33:57,26.94,4247.04,,,,,
7347,04/18/2026 13:43:57,26.90,2837.76,,,,,
7348,04/18/2026 13:53:57,26.90,4052.48,,,,,
7349,04/18/2026 14:03:57,26.90,4331.52,,,,,
7350,04/18/2026 14:13:57,26.81,3590.40,,,,,
7351,04/18/2026 14:23:57,26.85,3137.28,,,,,
7352,04/18/2026 14:33:57,26.77,2981.12,,,,,
7353,04/18/2026 14:43:57,26.77,2535.68,,,,,
7354,04/18/2026 14:53:57,26.68,2328.96,,,,,
7355,04/18/2026 15:03:57,26.68,1909.76,,,,,
7356,04/18/2026 15:13:57,26.64,2863.36,,,,,
7357,04/18/2026 15:23:57,26.64,3339.52,,,,,
7358,04/18/2026 15:33:57,26.55,2828.80,,,,,
7359,04/18/2026 15:43:57,26.68,4660.48,,,,,
7360,04/18/2026 15:53:57,26.60,3289.60,,,,,
7361,04/18/2026 16:03:57,26.64,2725.12,,,,,
7362,04/18/2026 16:13:57,26.68,4017.92,,,,,
7363,04/18/2026 16:23:57,26.60,2177.92,,,,,
7364,04/18/2026 16:33:57,26.55,2563.84,,,,,
7365,04/18/2026 16:43:57,26.47,1847.04,,,,,
7366,04/18/2026 16:53:57,26.42,1829.76,,,,,
7367,04/18/2026 17:03:57,26.38,1414.40,,,,,
7368,04/18/2026 17:13:57,26.34,1362.56,,,,,
7369,04/18/2026 17:23:57,26.30,1328.64,,,,,
7370,04/18/2026 17:33:57,26.21,764.48,,,,,
7371,04/18/2026 17:43:57,26.12,631.52,,,,,
7372,04/18/2026 17:53:57,26.04,577.12,,,,,
7373,04/18/2026 18:03:57,25.95,529.60,,,,,
7374,04/18/2026 18:13:57,25.87,331.68,,,,,
7375,04/18/2026 18:23:57,25.78,278.96,,,,,
7376,04/18/2026 18:33:57,25.74,167.76,,,,,
7377,04/18/2026 18:43:57,25.65,94.12,,,,,
7378,04/18/2026 18:53:57,25.57,28.54,,,,,
7379,04/18/2026 19:03:57,25.52,3.72,,,,,
7380,04/18/2026 19:13:57,25.48,0.00,,,,,
7381,04/18/2026 19:23:57,25.35,0.00,,,,,
7382,04/18/2026 19:33:57,25.31,0.00,,,,,
7383,04/18/2026 19:43:57,25.27,0.00,,,,,
7384,04/18/2026 19:53:57,25.18,0.00,,,,,
7385,04/18/2026 20:03:57,25.18,0.00,,,,,
7386,04/18/2026 20:13:57,25.14,0.00,,,,,
7387,04/18/2026 20:23:57,25.05,0.00,,,,,
7388,04/18/2026 20:33:57,25.09,0.00,,,,,
7389,04/18/2026 20:43:57,25.01,0.00,,,,,
7390,04/18/2026 20:53:57,25.01,0.00,,,,,
7391,04/18/2026 21:03:57,25.01,0.00,,,,,
7392,04/18/2026 21:13:57,24.97,0.00,,,,,
7393,04/18/2026 21:23:57,24.97,0.00,,,,,
7394,04/18/2026 21:33:57,24.97,0.00,,,,,
7395,04/18/2026 21:43:57,24.92,0.00,,,,,
7396,04/18/2026 21:53:57,24.92,0.00,,,,,
7397,04/18/2026 22:03:57,24.88,0.00,,,,,
7398,04/18/2026 22:13:57,24.88,0.00,,,,,
7399,04/18/2026 22:23:57,24.84,0.00,,,,,
7400,04/18/2026 22:33:57,24.84,0.00,,,,,
7401,04/18/2026 22:43:57,24.88,0.00,,,,,
7402,04/18/2026 22:53:57,24.79,0.00,,,,,
7403,04/18/2026 23:03:57,24.79,0.00,,,,,
7404,04/18/2026 23:13:57,24.79,0.00,,,,,
7405,04/18/2026 23:23:57,24.75,0.00,,,,,
7406,04/18/2026 23:33:57,24.75,0.00,,,,,
7407,04/18/2026 23:43:57,24.75,0.00,,,,,
7408,04/18/2026 23:53:57,24.75,0.00,,,,,
7409,04/19/2026 00:03:57,24.71,0.00,,,,,
7410,04/19/2026 00:13:57,24.66,0.00,,,,,
7411,04/19/2026 00:23:57,24.66,0.00,,,,,
7412,04/19/2026 00:33:57,24.66,0.00,,,,,
7413,04/19/2026 00:43:57,24.66,0.00,,,,,
7414,04/19/2026 00:53:57,24.66,0.00,,,,,
7415,04/19/2026 01:03:57,24.66,0.00,,,,,
7416,04/19/2026 01:13:57,24.62,0.00,,,,,
7417,04/19/2026 01:23:57,24.58,0.00,,,,,
7418,04/19/2026 01:33:57,24.62,0.00,,,,,
7419,04/19/2026 01:43:57,24.58,0.00,,,,,
7420,04/19/2026 01:53:57,24.58,0.00,,,,,
7421,04/19/2026 02:03:57,24.58,0.00,,,,,
7422,04/19/2026 02:13:57,24.54,0.00,,,,,
7423,04/19/2026 02:23:57,24.54,0.00,,,,,
7424,04/19/2026 02:33:57,24.54,0.00,,,,,
7425,04/19/2026 02:43:57,24.49,0.00,,,,,
7426,04/19/2026 02:53:57,24.49,0.00,,,,,
7427,04/19/2026 03:03:57,24.49,0.00,,,,,
7428,04/19/2026 03:13:57,24.49,0.00,,,,,
7429,04/19/2026 03:23:57,24.45,0.00,,,,,
7430,04/19/2026 03:33:57,24.45,0.00,,,,,
7431,04/19/2026 03:43:57,24.45,0.00,,,,,
7432,04/19/2026 03:53:57,24.45,0.00,,,,,
7433,04/19/2026 04:03:57,24.45,0.00,,,,,
7434,04/19/2026 04:13:57,24.45,0.00,,,,,
7435,04/19/2026 04:23:57,24.36,0.00,,,,,
7436,04/19/2026 04:33:57,24.41,0.00,,,,,
7437,04/19/2026 04:43:57,24.41,0.00,,,,,
7438,04/19/2026 04:53:57,24.41,0.00,,,,,
7439,04/19/2026 05:03:57,24.36,0.00,,,,,
7440,04/19/2026 05:13:57,24.41,0.00,,,,,
7441,04/19/2026 05:23:57,24.36,0.00,,,,,
7442,04/19/2026 05:33:57,24.36,0.00,,,,,
7443,04/19/2026 05:43:57,24.36,0.00,,,,,
7444,04/19/2026 05:53:57,24.32,2.15,,,,,
7445,04/19/2026 06:03:57,24.28,20.68,,,,,
7446,04/19/2026 06:13:57,24.24,83.12,,,,,
7447,04/19/2026 06:23:57,24.24,185.20,,,,,
7448,04/19/2026 06:33:57,24.24,317.76,,,,,
7449,04/19/2026 06:43:57,24.28,411.36,,,,,
7450,04/19/2026 06:53:57,24.28,582.56,,,,,
7451,04/19/2026 07:03:57,24.36,896.96,,,,,
7452,04/19/2026 07:13:57,24.45,652.80,,,,,
7453,04/19/2026 07:23:57,24.49,1143.36,,,,,
7454,04/19/2026 07:33:57,24.58,993.28,,,,,
7455,04/19/2026 07:43:57,24.66,1093.76,,,,,
7456,04/19/2026 07:53:57,24.79,1215.36,,,,,
7457,04/19/2026 08:03:57,24.84,1551.36,,,,,
7458,04/19/2026 08:13:57,24.97,1986.56,,,,,
7459,04/19/2026 08:23:57,25.09,2670.08,,,,,
7460,04/19/2026 08:33:57,25.09,2240.64,,,,,
7461,04/19/2026 08:43:57,25.27,2574.72,,,,,
7462,04/19/2026 08:53:57,25.35,2416.64,,,,,
7463,04/19/2026 09:03:57,25.57,2458.88,,,,,
7464,04/19/2026 09:13:57,25.69,2981.12,,,,,
7465,04/19/2026 09:23:57,25.91,5409.28,,,,,
7466,04/19/2026 09:33:57,26.17,14407.68,,,,,
7467,04/19/2026 09:43:57,26.38,14771.20,,,,,
7468,04/19/2026 09:53:57,26.60,17351.68,,,,,
7469,04/19/2026 10:03:57,26.85,22804.48,,,,,
7470,04/19/2026 10:13:57,26.64,3842.56,,,,,
7471,04/19/2026 10:23:57,26.81,7659.52,,,,,
7472,04/19/2026 10:33:57,27.15,17295.36,,,,,
7473,04/19/2026 10:43:57,27.24,20613.12,,,,,
7474,04/19/2026 10:53:57,27.54,23152.64,,,,,
7475,04/19/2026 11:03:57,27.71,31784.96,,,,,
7476,04/19/2026 11:13:57,27.97,28200.96,,,,,
7477,04/19/2026 11:23:57,28.05,25374.72,,,,,
7478,04/19/2026 11:33:57,28.18,22118.40,,,,,
7479,04/19/2026 11:43:57,28.65,40130.56,,,,,
7480,04/19/2026 11:53:57,28.95,41523.20,,,,,
7481,04/19/2026 12:03:57,29.17,41308.16,,,,,
7482,04/19/2026 12:13:57,29.38,43888.64,,,,,
7483,04/19/2026 12:23:57,29.51,44707.84,,,,,
7484,04/19/2026 12:33:57,29.90,61440.00,,,,,
7485,04/19/2026 12:43:57,29.04,4701.44,,,,,
7486,04/19/2026 12:53:57,29.04,5465.60,,,,,
7487,04/19/2026 13:03:57,29.81,69550.08,,,,,
7488,04/19/2026 13:13:57,29.34,5478.40,,,,,
7489,04/19/2026 13:23:57,29.60,8875.52,,,,,
7490,04/19/2026 13:33:57,29.90,10890.24,,,,,
7491,04/19/2026 13:43:57,29.73,3179.52,,,,,
7492,04/19/2026 13:53:57,29.77,3052.80,,,,,
7493,04/19/2026 14:03:57,29.90,4707.84,,,,,
7494,04/19/2026 14:13:57,30.28,8512.00,,,,,
7495,04/19/2026 14:23:57,29.98,5075.20,,,,,
7496,04/19/2026 14:33:57,30.11,15022.08,,,,,
7497,04/19/2026 14:43:57,30.07,15687.68,,,,,
7498,04/19/2026 14:53:57,30.16,18682.88,,,,,
7499,04/19/2026 15:03:57,29.81,10117.12,,,,,
7500,04/19/2026 15:13:57,29.68,5555.20,,,,,
7501,04/19/2026 15:23:57,29.86,16501.76,,,,,
7502,04/19/2026 15:33:57,29.56,4896.00,,,,,
7503,04/19/2026 15:43:57,29.34,4738.56,,,,,
7504,04/19/2026 15:53:57,29.17,4413.44,,,,,
7505,04/19/2026 16:03:57,29.00,3456.00,,,,,
7506,04/19/2026 16:13:57,28.83,2766.08,,,,,
7507,04/19/2026 16:23:57,28.65,2488.96,,,,,
7508,04/19/2026 16:33:57,28.53,3064.32,,,,,
7509,04/19/2026 16:43:57,28.40,2841.60,,,,,
7510,04/19/2026 16:53:57,28.27,2156.16,,,,,
7511,04/19/2026 17:03:57,28.05,1018.56,,,,,
7512,04/19/2026 17:13:57,27.84,606.88,,,,,
7513,04/19/2026 17:23:57,27.67,1008.32,,,,,
7514,04/19/2026 17:33:57,27.54,787.52,,,,,
7515,04/19/2026 17:43:57,27.41,774.40,,,,,
7516,04/19/2026 17:53:57,27.24,670.72,,,,,
7517,04/19/2026 18:03:57,27.11,462.08,,,,,
7518,04/19/2026 18:13:57,27.02,366.56,,,,,
7519,04/19/2026 18:23:57,26.90,282.96,,,,,
7520,04/19/2026 18:33:57,26.81,210.48,,,,,
7521,04/19/2026 18:43:57,26.68,84.72,,,,,
7522,04/19/2026 18:53:57,26.60,29.33,,,,,
7523,04/19/2026 19:03:57,26.47,4.50,,,,,
7524,04/19/2026 19:13:57,26.38,0.00,,,,,
7525,04/19/2026 19:23:57,26.25,0.00,,,,,
7526,04/19/2026 19:33:57,26.17,0.00,,,,,
7527,04/19/2026 19:43:57,26.08,0.00,,,,,
7528,04/19/2026 19:53:57,25.99,0.00,,,,,
7529,04/19/2026 20:03:57,25.95,0.00,,,,,
7530,04/19/2026 20:13:57,25.87,0.00,,,,,
7531,04/19/2026 20:23:57,25.82,0.00,,,,,
7532,04/19/2026 20:33:57,25.74,0.00,,,,,
7533,04/19/2026 20:43:57,25.69,0.00,,,,,
7534,04/19/2026 20:53:57,25.65,0.00,,,,,
7535,04/19/2026 21:03:57,25.61,0.00,,,,,
7536,04/19/2026 21:13:57,25.48,0.00,,,,,
7537,04/19/2026 21:23:57,25.44,0.00,,,,,
7538,04/19/2026 21:33:57,25.44,0.00,,,,,
7539,04/19/2026 21:43:57,25.39,0.00,,,,,
7540,04/19/2026 21:53:57,25.39,0.00,,,,,
7541,04/19/2026 22:03:57,25.35,0.00,,,,,
7542,04/19/2026 22:13:57,25.31,0.00,,,,,
7543,04/19/2026 22:23:57,25.31,0.00,,,,,
7544,04/19/2026 22:33:57,25.27,0.00,,,,,
7545,04/19/2026 22:43:57,25.22,0.00,,,,,
7546,04/19/2026 22:53:57,25.22,0.00,,,,,
7547,04/19/2026 23:03:57,25.18,0.00,,,,,
7548,04/19/2026 23:13:57,25.18,0.00,,,,,
7549,04/19/2026 23:23:57,25.18,0.00,,,,,
7550,04/19/2026 23:33:57,25.18,0.00,,,,,
7551,04/19/2026 23:43:57,25.18,0.00,,,,,
7552,04/19/2026 23:53:57,25.14,0.00,,,,,
7553,04/20/2026 00:03:57,25.09,0.00,,,,,
7554,04/20/2026 00:13:57,25.05,0.00,,,,,
7555,04/20/2026 00:23:57,25.05,0.00,,,,,
7556,04/20/2026 00:33:57,25.05,0.00,,,,,
7557,04/20/2026 00:43:57,25.05,0.00,,,,,
7558,04/20/2026 00:53:57,25.05,0.00,,,,,
7559,04/20/2026 01:03:57,25.01,0.00,,,,,
7560,04/20/2026 01:13:57,24.97,0.00,,,,,
7561,04/20/2026 01:23:57,24.97,0.00,,,,,
7562,04/20/2026 01:33:57,24.97,0.00,,,,,
7563,04/20/2026 01:43:57,24.97,0.00,,,,,
7564,04/20/2026 01:53:57,24.97,0.00,,,,,
7565,04/20/2026 02:03:57,24.92,0.00,,,,,
7566,04/20/2026 02:13:57,24.97,0.00,,,,,
7567,04/20/2026 02:23:57,24.92,0.00,,,,,
7568,04/20/2026 02:33:57,24.92,0.00,,,,,
7569,04/20/2026 02:43:57,24.88,0.00,,,,,
7570,04/20/2026 02:53:57,24.88,0.00,,,,,
7571,04/20/2026 03:03:57,24.88,0.00,,,,,
7572,04/20/2026 03:13:57,24.88,0.00,,,,,
7573,04/20/2026 03:23:57,24.92,0.00,,,,,
7574,04/20/2026 03:33:57,24.84,0.00,,,,,
7575,04/20/2026 03:43:57,24.88,0.00,,,,,
7576,04/20/2026 03:53:57,24.88,0.00,,,,,
7577,04/20/2026 04:03:57,24.84,0.00,,,,,
7578,04/20/2026 04:13:57,24.84,0.00,,,,,
7579,04/20/2026 04:23:57,24.84,0.00,,,,,
7580,04/20/2026 04:33:57,24.84,0.00,,,,,
7581,04/20/2026 04:43:57,24.75,0.00,,,,,
7582,04/20/2026 04:53:57,24.84,0.00,,,,,
7583,04/20/2026 05:03:57,24.75,0.00,,,,,
7584,04/20/2026 05:13:57,24.79,0.00,,,,,
7585,04/20/2026 05:23:57,24.84,0.00,,,,,
7586,04/20/2026 05:33:57,24.84,0.00,,,,,
7587,04/20/2026 05:43:57,24.84,0.00,,,,,
7588,04/20/2026 05:53:57,24.79,2.15,,,,,
7589,04/20/2026 06:03:57,24.75,16.90,,,,,
7590,04/20/2026 06:13:57,24.75,60.32,,,,,
7591,04/20/2026 06:23:57,24.75,126.04,,,,,
7592,04/20/2026 06:33:57,24.75,245.12,,,,,
7593,04/20/2026 06:43:57,24.66,398.88,,,,,
7594,04/20/2026 06:53:57,24.79,471.68,,,,,
7595,04/20/2026 07:03:57,24.75,521.76,,,,,
7596,04/20/2026 07:13:57,24.79,700.80,,,,,
7597,04/20/2026 07:23:57,24.79,974.72,,,,,
7598,04/20/2026 07:33:57,24.84,1148.80,,,,,
7599,04/20/2026 07:43:57,24.92,826.88,,,,,
7600,04/20/2026 07:53:57,24.97,658.24,,,,,
7601,04/20/2026 08:03:57,24.97,588.80,,,,,
7602,04/20/2026 08:13:57,25.01,784.32,,,,,
7603,04/20/2026 08:23:57,25.01,884.48,,,,,
7604,04/20/2026 08:33:57,25.05,1074.88,,,,,
7605,04/20/2026 08:43:57,25.05,627.36,,,,,
7606,04/20/2026 08:53:57,24.92,475.52,,,,,
7607,04/20/2026 09:03:57,24.88,557.44,,,,,
7608,04/20/2026 09:13:57,24.92,603.68,,,,,
7609,04/20/2026 09:23:57,24.92,939.20,,,,,
7610,04/20/2026 09:33:57,24.92,1591.04,,,,,
7611,04/20/2026 09:43:57,25.01,2117.12,,,,,
7612,04/20/2026 09:53:57,25.01,2427.52,,,,,
7613,04/20/2026 10:03:57,25.09,3399.68,,,,,
7614,04/20/2026 10:13:57,25.18,4061.44,,,,,
7615,04/20/2026 10:23:57,25.27,4560.64,,,,,
7616,04/20/2026 10:33:57,25.39,2880.00,,,,,
7617,04/20/2026 10:43:57,25.57,5140.48,,,,,
7618,04/20/2026 10:53:57,25.69,4441.60,,,,,
7619,04/20/2026 11:03:57,26.04,6046.72,,,,,
7620,04/20/2026 11:13:57,26.17,4898.56,,,,,
7621,04/20/2026 11:23:57,26.42,4584.96,,,,,
7622,04/20/2026 11:33:57,26.51,4880.64,,,,,
7623,04/20/2026 11:43:57,26.64,5378.56,,,,,
7624,04/20/2026 11:53:57,26.81,4576.00,,,,,
7625,04/20/2026 12:03:57,27.02,2640.64,,,,,
7626,04/20/2026 12:13:57,27.32,3607.04,,,,,
7627,04/20/2026 12:23:57,27.63,2819.84,,,,,
7628,04/20/2026 12:33:57,27.93,2877.44,,,,,
7629,04/20/2026 12:43:57,28.31,4020.48,,,,,
7630,04/20/2026 12:53:57,28.91,10613.76,,,,,
7631,04/20/2026 13:03:57,28.70,6274.56,,,,,
7632,04/20/2026 13:13:57,28.61,6397.44,,,,,
7633,04/20/2026 13:23:57,28.61,3402.24,,,,,
7634,04/20/2026 13:33:57,28.57,4887.04,,,,,
7635,04/20/2026 13:43:57,28.35,3374.08,,,,,
7636,04/20/2026 13:53:57,28.23,4145.92,,,,,
7637,04/20/2026 14:03:57,28.18,4309.76,,,,,
7638,04/20/2026 14:13:57,28.10,3509.76,,,,,
7639,04/20/2026 14:23:57,28.01,4465.92,,,,,
7640,04/20/2026 14:33:57,27.88,3170.56,,,,,
7641,04/20/2026 14:43:57,27.88,5662.72,,,,,
7642,04/20/2026 14:53:57,27.97,5071.36,,,,,
7643,04/20/2026 15:03:57,27.80,2144.00,,,,,
7644,04/20/2026 15:13:57,27.80,2567.04,,,,,
7645,04/20/2026 15:23:57,27.71,3060.48,,,,,
7646,04/20/2026 15:33:57,27.71,4303.36,,,,,
7647,04/20/2026 15:43:57,27.71,2391.68,,,,,
7648,04/20/2026 15:53:57,27.63,1505.92,,,,,
7649,04/20/2026 16:03:57,27.58,2595.20,,,,,
7650,04/20/2026 16:13:57,27.54,1980.80,,,,,
7651,04/20/2026 16:23:57,27.50,2079.36,,,,,
7652,04/20/2026 16:33:57,27.32,1881.60,,,,,
7653,04/20/2026 16:43:57,27.32,1595.52,,,,,
7654,04/20/2026 16:53:57,27.20,2083.84,,,,,
7655,04/20/2026 17:03:57,27.11,1219.20,,,,,
7656,04/20/2026 17:13:57,27.02,1365.76,,,,,
7657,04/20/2026 17:23:57,26.94,676.16,,,,,
7658,04/20/2026 17:33:57,26.90,804.80,,,,,
7659,04/20/2026 17:43:57,26.77,1502.72,,,,,
7660,04/20/2026 17:53:57,26.64,619.52,,,,,
7661,04/20/2026 18:03:57,26.60,588.80,,,,,
7662,04/20/2026 18:13:57,26.47,438.24,,,,,
7663,04/20/2026 18:23:57,26.30,268.72,,,,,
7664,04/20/2026 18:33:57,26.25,205.84,,,,,
7665,04/20/2026 18:43:57,26.17,93.76,,,,,
7666,04/20/2026 18:53:57,26.04,32.29,,,,,
7667,04/20/2026 19:03:57,25.95,4.90,,,,,
7668,04/20/2026 19:13:57,25.91,0.19,,,,,
7669,04/20/2026 19:23:57,25.82,0.00,,,,,
7670,04/20/2026 19:33:57,25.78,0.00,,,,,
7671,04/20/2026 19:43:57,25.69,0.00,,,,,
7672,04/20/2026 19:53:57,25.61,0.00,,,,,
7673,04/20/2026 20:03:57,25.52,0.00,,,,,
7674,04/20/2026 20:13:57,25.48,0.00,,,,,
7675,04/20/2026 20:23:57,25.48,0.00,,,,,
7676,04/20/2026 20:33:57,25.39,0.00,,,,,
7677,04/20/2026 20:43:57,25.35,0.00,,,,,
7678,04/20/2026 20:53:57,25.35,0.00,,,,,
7679,04/20/2026 21:03:57,25.31,0.00,,,,,
7680,04/20/2026 21:13:57,25.27,0.00,,,,,
7681,04/20/2026 21:23:57,25.27,0.00,,,,,
7682,04/20/2026 21:33:57,25.22,0.00,,,,,
7683,04/20/2026 21:43:57,25.22,0.00,,,,,
7684,04/20/2026 21:53:57,25.18,0.00,,,,,
7685,04/20/2026 22:03:57,25.18,0.00,,,,,
7686,04/20/2026 22:13:57,25.14,0.00,,,,,
7687,04/20/2026 22:23:57,25.14,0.00,,,,,
7688,04/20/2026 22:33:57,25.14,0.00,,,,,
7689,04/20/2026 22:43:57,25.14,0.00,,,,,
7690,04/20/2026 22:53:57,25.09,0.00,,,,,
7691,04/20/2026 23:03:57,25.09,0.00,,,,,
7692,04/20/2026 23:13:57,25.09,0.00,,,,,
7693,04/20/2026 23:23:57,25.05,0.00,,,,,
7694,04/20/2026 23:33:57,25.05,0.00,,,,,
7695,04/20/2026 23:43:57,25.01,0.00,,,,,
7696,04/20/2026 23:53:57,25.01,0.00,,,,,
7697,04/21/2026 00:03:57,25.01,0.00,,,,,
7698,04/21/2026 00:13:57,24.97,0.00,,,,,
7699,04/21/2026 00:23:57,25.01,0.00,,,,,
7700,04/21/2026 00:33:57,25.01,0.00,,,,,
7701,04/21/2026 00:43:57,25.01,0.00,,,,,
7702,04/21/2026 00:53:57,25.01,0.00,,,,,
7703,04/21/2026 01:03:57,24.92,0.00,,,,,
7704,04/21/2026 01:13:57,24.97,0.00,,,,,
7705,04/21/2026 01:23:57,24.97,0.00,,,,,
7706,04/21/2026 01:33:57,24.97,0.00,,,,,
7707,04/21/2026 01:43:57,24.97,0.00,,,,,
7708,04/21/2026 01:53:57,25.01,0.00,,,,,
7709,04/21/2026 02:03:57,24.97,0.00,,,,,
7710,04/21/2026 02:13:57,24.97,0.00,,,,,
7711,04/21/2026 02:23:57,24.97,0.00,,,,,
7712,04/21/2026 02:33:57,24.92,0.00,,,,,
7713,04/21/2026 02:43:57,24.92,0.00,,,,,
7714,04/21/2026 02:53:57,24.88,0.00,,,,,
7715,04/21/2026 03:03:57,24.88,0.00,,,,,
7716,04/21/2026 03:13:57,24.84,0.00,,,,,
7717,04/21/2026 03:23:57,24.79,0.00,,,,,
7718,04/21/2026 03:33:57,24.84,0.00,,,,,
7719,04/21/2026 03:43:57,24.75,0.00,,,,,
7720,04/21/2026 03:53:57,24.71,0.00,,,,,
7721,04/21/2026 04:03:57,24.71,0.00,,,,,
7722,04/21/2026 04:13:57,24.71,0.00,,,,,
7723,04/21/2026 04:23:57,24.62,0.00,,,,,
7724,04/21/2026 04:33:57,24.62,0.00,,,,,
7725,04/21/2026 04:43:57,24.62,0.00,,,,,
7726,04/21/2026 04:53:57,24.58,0.00,,,,,
7727,04/21/2026 05:03:57,24.62,0.00,,,,,
7728,04/21/2026 05:13:57,24.54,0.00,,,,,
7729,04/21/2026 05:23:57,24.58,0.00,,,,,
7730,04/21/2026 05:33:57,24.54,0.00,,,,,
7731,04/21/2026 05:43:57,24.54,0.00,,,,,
7732,04/21/2026 05:53:57,24.49,2.35,,,,,
7733,04/21/2026 06:03:57,24.45,19.48,,,,,
7734,04/21/2026 06:13:57,24.49,66.54,,,,,
7735,04/21/2026 06:23:57,24.49,129.08,,,,,
7736,04/21/2026 06:33:57,24.49,197.76,,,,,
7737,04/21/2026 06:43:57,24.49,333.44,,,,,
7738,04/21/2026 06:53:57,24.54,929.28,,,,,
7739,04/21/2026 07:03:57,24.54,483.04,,,,,
7740,04/21/2026 07:13:57,24.58,508.48,,,,,
7741,04/21/2026 07:23:57,24.66,733.76,,,,,
7742,04/21/2026 07:33:57,24.71,595.20,,,,,
7743,04/21/2026 07:43:57,24.88,611.68,,,,,
7744,04/21/2026 07:53:57,24.97,677.76,,,,,
7745,04/21/2026 08:03:57,25.01,717.76,,,,,
7746,04/21/2026 08:13:57,25.14,794.88,,,,,
7747,04/21/2026 08:23:57,25.27,843.52,,,,,
7748,04/21/2026 08:33:57,25.39,876.48,,,,,
7749,04/21/2026 08:43:57,25.52,913.28,,,,,
7750,04/21/2026 08:53:57,25.78,1376.00,,,,,
7751,04/21/2026 09:03:57,25.99,1644.80,,,,,
7752,04/21/2026 09:13:57,26.30,1717.12,,,,,
7753,04/21/2026 09:23:57,26.55,3000.32,,,,,
7754,04/21/2026 09:33:57,26.90,4674.56,,,,,
7755,04/21/2026 09:43:57,27.28,3143.68,,,,,
7756,04/21/2026 09:53:57,27.58,4011.52,,,,,
7757,04/21/2026 10:03:57,27.84,3750.40,,,,,
7758,04/21/2026 10:13:57,28.14,4024.32,,,,,
7759,04/21/2026 10:23:57,28.40,3252.48,,,,,
7760,04/21/2026 10:33:57,28.65,3585.28,,,,,
7761,04/21/2026 10:43:57,28.91,5506.56,,,,,
7762,04/21/2026 10:53:57,29.00,3418.88,,,,,
7763,04/21/2026 11:03:57,29.08,3769.60,,,,,
7764,04/21/2026 11:13:57,29.30,3230.72,,,,,
7765,04/21/2026 11:23:57,29.38,3233.28,,,,,
7766,04/21/2026 11:33:57,29.56,4974.08,,,,,
7767,04/21/2026 11:43:57,29.51,8832.00,,,,,
7768,04/21/2026 11:53:57,29.60,7331.84,,,,,
7769,04/21/2026 12:03:57,29.64,5703.68,,,,,
7770,04/21/2026 12:13:57,29.64,8430.08,,,,,
7771,04/21/2026 12:23:57,29.81,4675.84,,,,,
7772,04/21/2026 12:33:57,29.94,4636.16,,,,,
7773,04/21/2026 12:43:57,30.33,25661.44,,,,,
7774,04/21/2026 12:53:57,30.33,10311.68,,,,,
7775,04/21/2026 13:03:57,30.24,6394.88,,,,,
7776,04/21/2026 13:13:57,30.03,6743.04,,,,,
7777,04/21/2026 13:23:57,29.60,2389.76,,,,,
7778,04/21/2026 13:33:57,29.47,7457.28,,,,,
7779,04/21/2026 13:43:57,29.26,8711.68,,,,,
7780,04/21/2026 13:53:57,29.04,6548.48,,,,,
7781,04/21/2026 14:03:57,29.08,8883.20,,,,,
7782,04/21/2026 14:13:57,28.70,1978.88,,,,,
7783,04/21/2026 14:23:57,28.48,2513.92,,,,,
7784,04/21/2026 14:33:57,28.48,4318.72,,,,,
7785,04/21/2026 14:43:57,28.70,9026.56,,,,,
7786,04/21/2026 14:53:57,28.83,10268.16,,,,,
7787,04/21/2026 15:03:57,28.95,11084.80,,,,,
7788,04/21/2026 15:13:57,29.08,8680.96,,,,,
7789,04/21/2026 15:23:57,29.00,5166.08,,,,,
7790,04/21/2026 15:33:57,29.00,3769.60,,,,,
7791,04/21/2026 15:43:57,29.00,5242.88,,,,,
7792,04/21/2026 15:53:57,28.95,3374.08,,,,,
7793,04/21/2026 16:03:57,28.95,2160.64,,,,,
7794,04/21/2026 16:13:57,28.78,1695.36,,,,,
7795,04/21/2026 16:23:57,28.70,2493.44,,,,,
7796,04/21/2026 16:33:57,28.61,2568.96,,,,,
7797,04/21/2026 16:43:57,28.53,2615.68,,,,,
7798,04/21/2026 16:53:57,28.40,1176.96,,,,,
7799,04/21/2026 17:03:57,28.27,1013.76,,,,,
7800,04/21/2026 17:13:57,28.14,394.72,,,,,
7801,04/21/2026 17:23:57,27.97,596.64,,,,,
7802,04/21/2026 17:33:57,27.80,267.84,,,,,
7803,04/21/2026 17:43:57,27.71,167.76,,,,,
7804,04/21/2026 17:53:57,27.58,134.68,,,,,
7805,04/21/2026 18:03:57,27.41,137.00,,,,,
7806,04/21/2026 18:13:57,27.28,83.48,,,,,
7807,04/21/2026 18:23:57,27.24,51.18,,,,,
7808,04/21/2026 18:33:57,27.07,32.86,,,,,
7809,04/21/2026 18:43:57,26.94,28.54,,,,,
7810,04/21/2026 18:53:57,26.85,9.43,,,,,
7811,04/21/2026 19:03:57,26.72,1.76,,,,,
7812,04/21/2026 19:13:57,26.64,0.00,,,,,
7813,04/21/2026 19:23:57,26.51,0.00,,,,,
7814,04/21/2026 19:33:57,26.42,0.00,,,,,
7815,04/21/2026 19:43:57,26.34,0.00,,,,,
7816,04/21/2026 19:53:57,26.30,0.00,,,,,
7817,04/21/2026 20:03:57,26.25,0.00,,,,,
7818,04/21/2026 20:13:57,26.12,0.00,,,,,
7819,04/21/2026 20:23:57,26.08,0.00,,,,,
7820,04/21/2026 20:33:57,25.95,0.00,,,,,
7821,04/21/2026 20:43:57,25.95,0.00,,,,,
7822,04/21/2026 20:53:57,25.91,0.00,,,,,
7823,04/21/2026 21:03:57,25.87,0.00,,,,,
7824,04/21/2026 21:13:57,25.82,0.00,,,,,
7825,04/21/2026 21:23:57,25.74,0.00,,,,,
7826,04/21/2026 21:33:57,25.69,0.00,,,,,
7827,04/21/2026 21:43:57,25.69,0.00,,,,,
7828,04/21/2026 21:53:57,25.61,0.00,,,,,
7829,04/21/2026 22:03:57,25.57,0.00,,,,,
7830,04/21/2026 22:13:57,25.52,0.00,,,,,
7831,04/21/2026 22:23:57,25.52,0.00,,,,,
7832,04/21/2026 22:33:57,25.48,0.00,,,,,
7833,04/21/2026 22:43:57,25.48,0.00,,,,,
7834,04/21/2026 22:53:57,25.39,0.00,,,,,
7835,04/21/2026 23:03:57,25.39,0.00,,,,,
7836,04/21/2026 23:13:57,25.35,0.00,,,,,
7837,04/21/2026 23:23:57,25.31,0.00,,,,,
7838,04/21/2026 23:33:57,25.27,0.00,,,,,
7839,04/21/2026 23:43:57,25.22,0.00,,,,,
7840,04/21/2026 23:53:57,25.22,0.00,,,,,
7841,04/22/2026 00:03:57,25.22,0.00,,,,,
7842,04/22/2026 00:13:57,25.22,0.00,,,,,
7843,04/22/2026 00:23:57,25.18,0.00,,,,,
7844,04/22/2026 00:33:57,25.05,0.00,,,,,
7845,04/22/2026 00:43:57,25.14,0.00,,,,,
7846,04/22/2026 00:53:57,25.09,0.00,,,,,
7847,04/22/2026 01:03:57,25.09,0.00,,,,,
7848,04/22/2026 01:13:57,25.09,0.00,,,,,
7849,04/22/2026 01:23:57,25.05,0.00,,,,,
7850,04/22/2026 01:33:57,24.97,0.00,,,,,
7851,04/22/2026 01:43:57,25.05,0.00,,,,,
7852,04/22/2026 01:53:57,25.01,0.00,,,,,
7853,04/22/2026 02:03:57,24.97,0.00,,,,,
7854,04/22/2026 02:13:57,25.01,0.00,,,,,
7855,04/22/2026 02:23:57,24.97,0.00,,,,,
7856,04/22/2026 02:33:57,24.97,0.00,,,,,
7857,04/22/2026 02:43:57,24.97,0.00,,,,,
7858,04/22/2026 02:53:57,24.92,0.00,,,,,
7859,04/22/2026 03:03:57,25.01,0.00,,,,,
7860,04/22/2026 03:13:57,24.97,0.00,,,,,
7861,04/22/2026 03:23:57,24.92,0.00,,,,,
7862,04/22/2026 03:33:57,24.92,0.00,,,,,
7863,04/22/2026 03:43:57,24.88,0.00,,,,,
7864,04/22/2026 03:53:57,24.88,0.00,,,,,
7865,04/22/2026 04:03:57,24.84,0.00,,,,,
7866,04/22/2026 04:13:57,24.92,0.00,,,,,
7867,04/22/2026 04:23:57,24.88,0.00,,,,,
7868,04/22/2026 04:33:57,24.92,0.00,,,,,
7869,04/22/2026 04:43:57,24.88,0.00,,,,,
7870,04/22/2026 04:53:57,24.84,0.00,,,,,
7871,04/22/2026 05:03:57,24.88,0.00,,,,,
7872,04/22/2026 05:13:57,24.84,0.00,,,,,
7873,04/22/2026 05:23:57,24.79,0.00,,,,,
7874,04/22/2026 05:33:57,24.79,0.00,,,,,
7875,04/22/2026 05:43:57,24.84,0.19,,,,,
7876,04/22/2026 05:53:57,24.84,4.31,,,,,
7877,04/22/2026 06:03:57,24.79,26.98,,,,,
7878,04/22/2026 06:13:57,24.79,72.48,,,,,
7879,04/22/2026 06:23:57,24.75,134.68,,,,,
7880,04/22/2026 06:33:57,24.79,196.96,,,,,
7881,04/22/2026 06:43:57,24.75,268.64,,,,,
7882,04/22/2026 06:53:57,24.79,316.00,,,,,
7883,04/22/2026 07:03:57,24.79,426.40,,,,,
7884,04/22/2026 07:13:57,24.84,475.20,,,,,
7885,04/22/2026 07:23:57,24.88,555.52,,,,,
7886,04/22/2026 07:33:57,25.01,644.96,,,,,
7887,04/22/2026 07:43:57,25.05,884.48,,,,,
7888,04/22/2026 07:53:57,25.22,975.36,,,,,
7889,04/22/2026 08:03:57,25.27,757.44,,,,,
7890,04/22/2026 08:13:57,25.39,851.52,,,,,
7891,04/22/2026 08:23:57,25.48,754.24,,,,,
7892,04/22/2026 08:33:57,25.57,1178.56,,,,,
7893,04/22/2026 08:43:57,25.65,1035.84,,,,,
7894,04/22/2026 08:53:57,25.74,1839.36,,,,,
7895,04/22/2026 09:03:57,25.82,1466.88,,,,,
7896,04/22/2026 09:13:57,25.87,3258.88,,,,,
7897,04/22/2026 09:23:57,26.08,12928.00,,,,,
7898,04/22/2026 09:33:57,26.34,19450.88,,,,,
7899,04/22/2026 09:43:57,26.94,33546.24,,,,,
7900,04/22/2026 09:53:57,27.28,35840.00,,,,,
7901,04/22/2026 10:03:57,27.71,32952.32,,,,,
7902,04/22/2026 10:13:57,27.97,36546.56,,,,,
7903,04/22/2026 10:23:57,28.27,39239.68,,,,,
7904,04/22/2026 10:33:57,28.53,37427.20,,,,,
7905,04/22/2026 10:43:57,28.78,39434.24,,,,,
7906,04/22/2026 10:53:57,28.05,3795.20,,,,,
7907,04/22/2026 11:03:57,28.70,37560.32,,,,,
7908,04/22/2026 11:13:57,28.91,12001.28,,,,,
7909,04/22/2026 11:23:57,28.23,4547.84,,,,,
7910,04/22/2026 11:33:57,28.48,20520.96,,,,,
7911,04/22/2026 11:43:57,29.21,44113.92,,,,,
7912,04/22/2026 11:53:57,29.30,35983.36,,,,,
7913,04/22/2026 12:03:57,28.95,25579.52,,,,,
7914,04/22/2026 12:13:57,29.38,16476.16,,,,,
7915,04/22/2026 12:23:57,29.38,22251.52,,,,,
7916,04/22/2026 12:33:57,29.13,6338.56,,,,,
7917,04/22/2026 12:43:57,30.03,33218.56,,,,,
7918,04/22/2026 12:53:57,29.98,20904.96,,,,,
7919,04/22/2026 13:03:57,29.90,19645.44,,,,,
7920,04/22/2026 13:13:57,29.86,21934.08,,,,,
7921,04/22/2026 13:23:57,30.16,19834.88,,,,,
7922,04/22/2026 13:33:57,30.20,15523.84,,,,,
7923,04/22/2026 13:43:57,30.41,18022.40,,,,,
7924,04/22/2026 13:53:57,30.54,16532.48,,,,,
7925,04/22/2026 14:03:57,30.54,16880.64,,,,,
7926,04/22/2026 14:13:57,30.67,16455.68,,,,,
7927,04/22/2026 14:23:57,30.76,14970.88,,,,,
7928,04/22/2026 14:33:57,30.89,15825.92,,,,,
7929,04/22/2026 14:43:57,30.84,14228.48,,,,,
7930,04/22/2026 14:53:57,30.80,13378.56,,,,,
7931,04/22/2026 15:03:57,30.84,12236.80,,,,,
7932,04/22/2026 15:13:57,30.76,10920.96,,,,,
7933,04/22/2026 15:23:57,30.67,1886.72,,,,,
7934,04/22/2026 15:33:57,30.67,3575.04,,,,,
7935,04/22/2026 15:43:57,30.80,3873.28,,,,,
7936,04/22/2026 15:53:57,30.41,3176.96,,,,,
7937,04/22/2026 16:03:57,30.16,1136.00,,,,,
7938,04/22/2026 16:13:57,29.94,1859.84,,,,,
7939,04/22/2026 16:23:57,29.77,1652.48,,,,,
7940,04/22/2026 16:33:57,29.56,2095.36,,,,,
7941,04/22/2026 16:43:57,29.38,2327.04,,,,,
7942,04/22/2026 16:53:57,29.21,1894.40,,,,,
7943,04/22/2026 17:03:57,29.00,2910.72,,,,,
7944,04/22/2026 17:13:57,28.83,1726.72,,,,,
7945,04/22/2026 17:23:57,28.61,1850.24,,,,,
7946,04/22/2026 17:33:57,28.44,1250.56,,,,,
7947,04/22/2026 17:43:57,28.31,1398.40,,,,,
7948,04/22/2026 17:53:57,28.18,1414.40,,,,,
7949,04/22/2026 18:03:57,27.97,1418.24,,,,,
7950,04/22/2026 18:13:57,27.88,1081.92,,,,,
7951,04/22/2026 18:23:57,27.75,795.52,,,,,
7952,04/22/2026 18:33:57,27.54,312.88,,,,,
7953,04/22/2026 18:43:57,27.41,196.24,,,,,
7954,04/22/2026 18:53:57,27.32,75.28,,,,,
7955,04/22/2026 19:03:57,27.15,14.53,,,,,
7956,04/22/2026 19:13:57,27.02,0.98,,,,,
7957,04/22/2026 19:23:57,26.90,0.00,,,,,
7958,04/22/2026 19:33:57,26.77,0.00,,,,,
7959,04/22/2026 19:43:57,26.64,0.00,,,,,
7960,04/22/2026 19:53:57,26.55,0.00,,,,,
7961,04/22/2026 20:03:57,26.42,0.00,,,,,
7962,04/22/2026 20:13:57,26.34,0.00,,,,,
7963,04/22/2026 20:23:57,26.34,0.00,,,,,
7964,04/22/2026 20:33:57,26.17,0.00,,,,,
7965,04/22/2026 20:43:57,26.08,0.00,,,,,
7966,04/22/2026 20:53:57,26.04,0.00,,,,,
7967,04/22/2026 21:03:57,25.95,0.00,,,,,
7968,04/22/2026 21:13:57,25.95,0.00,,,,,
7969,04/22/2026 21:23:57,25.87,0.00,,,,,
7970,04/22/2026 21:33:57,25.78,0.00,,,,,
7971,04/22/2026 21:43:57,25.78,0.00,,,,,
7972,04/22/2026 21:53:57,25.69,0.00,,,,,
7973,04/22/2026 22:03:57,25.69,0.00,,,,,
7974,04/22/2026 22:13:57,25.69,0.00,,,,,
7975,04/22/2026 22:23:57,25.65,0.00,,,,,
7976,04/22/2026 22:33:57,25.61,0.00,,,,,
7977,04/22/2026 22:43:57,25.57,0.00,,,,,
7978,04/22/2026 22:53:57,25.57,0.00,,,,,
7979,04/22/2026 23:03:57,25.48,0.00,,,,,
7980,04/22/2026 23:13:57,25.44,0.00,,,,,
7981,04/22/2026 23:23:57,25.44,0.00,,,,,
7982,04/22/2026 23:33:57,25.48,0.00,,,,,
7983,04/22/2026 23:43:57,25.48,0.00,,,,,
7984,04/22/2026 23:53:57,25.44,0.00,,,,,
7985,04/23/2026 00:03:57,25.35,0.00,,,,,
7986,04/23/2026 00:13:57,25.35,0.00,,,,,
7987,04/23/2026 00:23:57,25.35,0.00,,,,,
7988,04/23/2026 00:33:57,25.35,0.00,,,,,
7989,04/23/2026 00:43:57,25.22,0.00,,,,,
7990,04/23/2026 00:53:57,25.31,0.00,,,,,
7991,04/23/2026 01:03:57,25.31,0.00,,,,,
7992,04/23/2026 01:13:57,25.27,0.00,,,,,
7993,04/23/2026 01:23:57,25.27,0.00,,,,,
7994,04/23/2026 01:33:57,25.27,0.00,,,,,
7995,04/23/2026 01:43:57,25.22,0.00,,,,,
7996,04/23/2026 01:53:57,25.22,0.00,,,,,
7997,04/23/2026 02:03:57,25.18,0.00,,,,,
7998,04/23/2026 02:13:57,25.14,0.00,,,,,
7999,04/23/2026 02:23:57,25.14,0.00,,,,,
8000,04/23/2026 02:33:57,25.14,0.00,,,,,
8001,04/23/2026 02:43:57,25.14,0.00,,,,,
8002,04/23/2026 02:53:57,25.14,0.00,,,,,
8003,04/23/2026 03:03:57,25.05,0.00,,,,,
8004,04/23/2026 03:13:57,25.05,0.00,,,,,
8005,04/23/2026 03:23:57,25.05,0.00,,,,,
8006,04/23/2026 03:33:57,25.05,0.00,,,,,
8007,04/23/2026 03:43:57,25.05,0.00,,,,,
8008,04/23/2026 03:53:57,24.97,0.00,,,,,
8009,04/23/2026 04:03:57,25.01,0.00,,,,,
8010,04/23/2026 04:13:57,24.97,0.00,,,,,
8011,04/23/2026 04:23:57,24.97,0.00,,,,,
8012,04/23/2026 04:33:57,24.92,0.00,,,,,
8013,04/23/2026 04:43:57,24.92,0.00,,,,,
8014,04/23/2026 04:53:57,24.92,0.00,,,,,
8015,04/23/2026 05:03:57,24.92,0.00,,,,,
8016,04/23/2026 05:13:57,24.88,0.00,,,,,
8017,04/23/2026 05:23:57,24.88,0.00,,,,,
8018,04/23/2026 05:33:57,24.88,0.00,,,,,
8019,04/23/2026 05:43:57,24.92,0.19,,,,,
8020,04/23/2026 05:53:57,24.84,6.66,,,,,
8021,04/23/2026 06:03:57,24.79,34.08,,,,,
8022,04/23/2026 06:13:57,24.79,100.52,,,,,
8023,04/23/2026 06:23:57,24.84,202.64,,,,,
8024,04/23/2026 06:33:57,24.84,314.64,,,,,
8025,04/23/2026 06:43:57,24.88,559.84,,,,,
8026,04/23/2026 06:53:57,24.97,790.08,,,,,
8027,04/23/2026 07:03:57,24.92,513.12,,,,,
8028,04/23/2026 07:13:57,24.92,941.76,,,,,
8029,04/23/2026 07:23:57,24.97,1331.20,,,,,
8030,04/23/2026 07:33:57,25.05,2104.32,,,,,
8031,04/23/2026 07:43:57,25.14,2023.04,,,,,
8032,04/23/2026 07:53:57,25.22,2501.12,,,,,
8033,04/23/2026 08:03:57,25.31,1811.20,,,,,
8034,04/23/2026 08:13:57,25.39,2746.88,,,,,
8035,04/23/2026 08:23:57,25.52,2385.28,,,,,
8036,04/23/2026 08:33:57,25.61,2736.64,,,,,
8037,04/23/2026 08:43:57,25.69,3271.68,,,,,
8038,04/23/2026 08:53:57,25.78,3644.16,,,,,
8039,04/23/2026 09:03:57,25.78,2997.76,,,,,
8040,04/23/2026 09:13:57,25.87,2773.76,,,,,
8041,04/23/2026 09:23:57,26.17,11678.72,,,,,
8042,04/23/2026 09:33:57,26.42,9571.84,,,,,
8043,04/23/2026 09:43:57,26.60,10485.76,,,,,
8044,04/23/2026 09:53:57,26.64,6878.72,,,,,
8045,04/23/2026 10:03:57,27.11,13373.44,,,,,
8046,04/23/2026 10:13:57,27.15,7093.76,,,,,
8047,04/23/2026 10:23:57,27.32,8586.24,,,,,
8048,04/23/2026 10:33:57,27.37,10444.80,,,,,
8049,04/23/2026 10:43:57,27.88,17832.96,,,,,
8050,04/23/2026 10:53:57,27.58,6599.68,,,,,
8051,04/23/2026 11:03:57,27.71,4378.88,,,,,
8052,04/23/2026 11:13:57,27.63,9955.84,,,,,
8053,04/23/2026 11:23:57,27.63,6097.92,,,,,
8054,04/23/2026 11:33:57,27.63,6942.72,,,,,
8055,04/23/2026 11:43:57,27.88,5514.24,,,,,
8056,04/23/2026 11:53:57,27.93,4519.68,,,,,
8057,04/23/2026 12:03:57,27.84,13342.72,,,,,
8058,04/23/2026 12:13:57,28.44,32952.32,,,,,
8059,04/23/2026 12:23:57,28.35,8788.48,,,,,
8060,04/23/2026 12:33:57,28.61,11863.04,,,,,
8061,04/23/2026 12:43:57,28.95,44032.00,,,,,
8062,04/23/2026 12:53:57,29.51,25200.64,,,,,
8063,04/23/2026 13:03:57,29.00,8015.36,,,,,
8064,04/23/2026 13:13:57,28.74,5977.60,,,,,
8065,04/23/2026 13:23:57,28.65,5696.00,,,,,
8066,04/23/2026 13:33:57,28.70,8637.44,,,,,
8067,04/23/2026 13:43:57,28.87,12615.68,,,,,
8068,04/23/2026 13:53:57,28.83,7971.84,,,,,
8069,04/23/2026 14:03:57,28.83,8161.28,,,,,
8070,04/23/2026 14:13:57,29.08,14771.20,,,,,
8071,04/23/2026 14:23:57,29.30,13854.72,,,,,
8072,04/23/2026 14:33:57,29.30,14305.28,,,,,
8073,04/23/2026 14:43:57,29.08,4384.00,,,,,
8074,04/23/2026 14:53:57,29.30,4359.68,,,,,
8075,04/23/2026 15:03:57,29.47,11729.92,,,,,
8076,04/23/2026 15:13:57,29.51,11361.28,,,,,
8077,04/23/2026 15:23:57,29.38,4299.52,,,,,
8078,04/23/2026 15:33:57,29.21,5140.48,,,,,
8079,04/23/2026 15:43:57,29.26,3025.92,,,,,
8080,04/23/2026 15:53:57,29.17,1935.36,,,,,
8081,04/23/2026 16:03:57,29.04,1260.80,,,,,
8082,04/23/2026 16:13:57,28.95,1331.20,,,,,
8083,04/23/2026 16:23:57,28.91,2382.08,,,,,
8084,04/23/2026 16:33:57,28.74,1379.84,,,,,
8085,04/23/2026 16:43:57,28.61,1150.40,,,,,
8086,04/23/2026 16:53:57,28.48,966.08,,,,,
8087,04/23/2026 17:03:57,28.31,903.36,,,,,
8088,04/23/2026 17:13:57,28.14,634.40,,,,,
8089,04/23/2026 17:23:57,28.05,604.48,,,,,
8090,04/23/2026 17:33:57,27.88,683.20,,,,,
8091,04/23/2026 17:43:57,27.75,595.20,,,,,
8092,04/23/2026 17:53:57,27.58,535.20,,,,,
8093,04/23/2026 18:03:57,27.50,734.72,,,,,
8094,04/23/2026 18:13:57,27.37,508.48,,,,,
8095,04/23/2026 18:23:57,27.24,261.52,,,,,
8096,04/23/2026 18:33:57,27.15,192.96,,,,,
8097,04/23/2026 18:43:57,27.02,136.32,,,,,
8098,04/23/2026 18:53:57,26.90,45.10,,,,,
8099,04/23/2026 19:03:57,26.81,7.86,,,,,
8100,04/23/2026 19:13:57,26.72,0.39,,,,,
8101,04/23/2026 19:23:57,26.64,0.00,,,,,
8102,04/23/2026 19:33:57,26.55,0.00,,,,,
8103,04/23/2026 19:43:57,26.47,0.00,,,,,
8104,04/23/2026 19:53:57,26.42,0.00,,,,,
8105,04/23/2026 20:03:57,26.38,0.00,,,,,
8106,04/23/2026 20:13:57,26.38,0.00,,,,,
8107,04/23/2026 20:23:57,26.30,0.00,,,,,
8108,04/23/2026 20:33:57,26.21,0.00,,,,,
8109,04/23/2026 20:43:57,26.17,0.00,,,,,
8110,04/23/2026 20:53:57,26.08,0.00,,,,,
8111,04/23/2026 21:03:57,26.04,0.00,,,,,
8112,04/23/2026 21:13:57,25.91,0.00,,,,,
8113,04/23/2026 21:23:57,25.87,0.00,,,,,
8114,04/23/2026 21:33:57,25.87,0.00,,,,,
8115,04/23/2026 21:43:57,25.82,0.00,,,,,
8116,04/23/2026 21:53:57,25.78,0.00,,,,,
8117,04/23/2026 22:03:57,25.74,0.00,,,,,
8118,04/23/2026 22:13:57,25.74,0.00,,,,,
8119,04/23/2026 22:23:57,25.65,0.00,,,,,
8120,04/23/2026 22:33:57,25.61,0.00,,,,,
8121,04/23/2026 22:43:57,25.57,0.00,,,,,
8122,04/23/2026 22:53:57,25.57,0.00,,,,,
8123,04/23/2026 23:03:57,25.52,0.00,,,,,
8124,04/23/2026 23:13:57,25.44,0.00,,,,,
8125,04/23/2026 23:23:57,25.44,0.00,,,,,
8126,04/23/2026 23:33:57,25.39,0.00,,,,,
8127,04/23/2026 23:43:57,25.35,0.00,,,,,
8128,04/23/2026 23:53:57,25.39,0.00,,,,,
8129,04/24/2026 00:03:57,25.39,0.00,,,,,
8130,04/24/2026 00:13:57,25.31,0.00,,,,,
8131,04/24/2026 00:23:57,25.35,0.00,,,,,
8132,04/24/2026 00:33:57,25.27,0.00,,,,,
8133,04/24/2026 00:43:57,25.31,0.00,,,,,
8134,04/24/2026 00:53:57,25.27,0.00,,,,,
8135,04/24/2026 01:03:57,25.22,0.00,,,,,
8136,04/24/2026 01:13:57,25.22,0.00,,,,,
8137,04/24/2026 01:23:57,25.22,0.00,,,,,
8138,04/24/2026 01:33:57,25.18,0.00,,,,,
8139,04/24/2026 01:43:57,25.14,0.00,,,,,
8140,04/24/2026 01:53:57,25.09,0.00,,,,,
8141,04/24/2026 02:03:57,25.09,0.00,,,,,
8142,04/24/2026 02:13:57,25.14,0.00,,,,,
8143,04/24/2026 02:23:57,25.05,0.00,,,,,
8144,04/24/2026 02:33:57,25.05,0.00,,,,,
8145,04/24/2026 02:43:57,25.05,0.00,,,,,
8146,04/24/2026 02:53:57,24.97,0.00,,,,,
8147,04/24/2026 03:03:57,24.97,0.00,,,,,
8148,04/24/2026 03:13:57,24.97,0.00,,,,,
8149,04/24/2026 03:23:57,24.92,0.00,,,,,
8150,04/24/2026 03:33:57,24.97,0.00,,,,,
8151,04/24/2026 03:43:57,24.97,0.00,,,,,
8152,04/24/2026 03:53:57,24.88,0.00,,,,,
8153,04/24/2026 04:03:57,24.88,0.00,,,,,
8154,04/24/2026 04:13:57,24.84,0.00,,,,,
8155,04/24/2026 04:23:57,24.84,0.00,,,,,
8156,04/24/2026 04:33:57,24.79,0.00,,,,,
8157,04/24/2026 04:43:57,24.75,0.00,,,,,
8158,04/24/2026 04:53:57,24.75,0.00,,,,,
8159,04/24/2026 05:03:57,24.71,0.00,,,,,
8160,04/24/2026 05:13:57,24.71,0.00,,,,,
8161,04/24/2026 05:23:57,24.71,0.00,,,,,
8162,04/24/2026 05:33:57,24.66,0.00,,,,,
8163,04/24/2026 05:43:57,24.66,0.39,,,,,
8164,04/24/2026 05:53:57,24.58,6.46,,,,,
8165,04/24/2026 06:03:57,24.58,37.42,,,,,
8166,04/24/2026 06:13:57,24.62,108.68,,,,,
8167,04/24/2026 06:23:57,24.58,195.44,,,,,
8168,04/24/2026 06:33:57,24.58,276.48,,,,,
8169,04/24/2026 06:43:57,24.54,358.56,,,,,
8170,04/24/2026 06:53:57,24.58,411.20,,,,,
8171,04/24/2026 07:03:57,24.62,531.20,,,,,
8172,04/24/2026 07:13:57,24.62,586.56,,,,,
8173,04/24/2026 07:23:57,24.71,643.68,,,,,
8174,04/24/2026 07:33:57,24.75,705.92,,,,,
8175,04/24/2026 07:43:57,24.79,750.40,,,,,
8176,04/24/2026 07:53:57,24.84,804.16,,,,,
8177,04/24/2026 08:03:57,24.97,859.20,,,,,
8178,04/24/2026 08:13:57,25.05,1005.12,,,,,
8179,04/24/2026 08:23:57,25.14,1079.04,,,,,
8180,04/24/2026 08:33:57,25.22,1126.72,,,,,
8181,04/24/2026 08:43:57,25.39,1502.72,,,,,
8182,04/24/2026 08:53:57,25.61,1390.72,,,,,
8183,04/24/2026 09:03:57,25.74,2158.08,,,,,
8184,04/24/2026 09:13:57,26.08,8343.04,,,,,
8185,04/24/2026 09:23:57,26.25,8524.80,,,,,
8186,04/24/2026 09:33:57,26.08,2517.12,,,,,
8187,04/24/2026 09:43:57,26.42,14453.76,,,,,
8188,04/24/2026 09:53:57,26.38,8266.24,,,,,
8189,04/24/2026 10:03:57,26.60,14187.52,,,,,
8190,04/24/2026 10:13:57,26.55,2775.04,,,,,
8191,04/24/2026 10:23:57,27.07,14551.04,,,,,
8192,04/24/2026 10:33:57,26.72,3123.20,,,,,
8193,04/24/2026 10:43:57,27.20,19609.60,,,,,
8194,04/24/2026 10:53:57,27.28,16824.32,,,,,
8195,04/24/2026 11:03:57,27.28,8750.08,,,,,
8196,04/24/2026 11:13:57,27.20,6080.00,,,,,
8197,04/24/2026 11:23:57,27.15,4874.24,,,,,
8198,04/24/2026 11:33:57,27.37,9290.24,,,,,
8199,04/24/2026 11:43:57,27.50,18718.72,,,,,
8200,04/24/2026 11:53:57,27.50,9717.76,,,,,
8201,04/24/2026 12:03:57,27.63,8780.80,,,,,
8202,04/24/2026 12:13:57,28.14,29992.96,,,,,
8203,04/24/2026 12:23:57,28.48,29972.48,,,,,
8204,04/24/2026 12:33:57,28.87,31221.76,,,,,
8205,04/24/2026 12:43:57,28.78,5555.20,,,,,
8206,04/24/2026 12:53:57,29.34,7201.28,,,,,
8207,04/24/2026 13:03:57,29.60,25446.40,,,,,
8208,04/24/2026 13:13:57,29.68,30894.08,,,,,
8209,04/24/2026 13:23:57,29.77,26644.48,,,,,
8210,04/24/2026 13:33:57,29.94,26941.44,,,,,
8211,04/24/2026 13:43:57,29.90,19102.72,,,,,
8212,04/24/2026 13:53:57,29.81,5294.08,,,,,
8213,04/24/2026 14:03:57,29.77,10437.12,,,,,
8214,04/24/2026 14:13:57,29.90,15687.68,,,,,
8215,04/24/2026 14:23:57,29.90,15800.32,,,,,
8216,04/24/2026 14:33:57,29.94,14551.04,,,,,
8217,04/24/2026 14:43:57,29.90,4673.28,,,,,
8218,04/24/2026 14:53:57,29.73,4355.84,,,,,
8219,04/24/2026 15:03:57,29.43,2709.76,,,,,
8220,04/24/2026 15:13:57,29.47,12431.36,,,,,
8221,04/24/2026 15:23:57,29.38,2350.72,,,,,
8222,04/24/2026 15:33:57,29.30,1996.16,,,,,
8223,04/24/2026 15:43:57,29.21,1841.28,,,,,
8224,04/24/2026 15:53:57,29.21,2446.72,,,,,
8225,04/24/2026 16:03:57,29.04,1528.96,,,,,
8226,04/24/2026 16:13:57,28.87,1547.52,,,,,
8227,04/24/2026 16:23:57,28.74,1334.40,,,,,
8228,04/24/2026 16:33:57,28.57,1038.08,,,,,
8229,04/24/2026 16:43:57,28.35,1085.12,,,,,
8230,04/24/2026 16:53:57,28.23,1742.08,,,,,
8231,04/24/2026 17:03:57,28.01,1100.16,,,,,
8232,04/24/2026 17:13:57,27.88,1064.00,,,,,
8233,04/24/2026 17:23:57,27.75,1234.24,,,,,
8234,04/24/2026 17:33:57,27.58,674.56,,,,,
8235,04/24/2026 17:43:57,27.45,661.44,,,,,
8236,04/24/2026 17:53:57,27.28,871.04,,,,,
8237,04/24/2026 18:03:57,27.11,757.76,,,,,
8238,04/24/2026 18:13:57,26.94,438.24,,,,,
8239,04/24/2026 18:23:57,26.90,585.76,,,,,
8240,04/24/2026 18:33:57,26.77,277.36,,,,,
8241,04/24/2026 18:43:57,26.64,174.08,,,,,
8242,04/24/2026 18:53:57,26.47,68.96,,,,,
8243,04/24/2026 19:03:57,26.34,13.55,,,,,
8244,04/24/2026 19:13:57,26.25,1.17,,,,,
8245,04/24/2026 19:23:57,26.17,0.00,,,,,
8246,04/24/2026 19:33:57,26.08,0.00,,,,,
8247,04/24/2026 19:43:57,25.95,0.00,,,,,
8248,04/24/2026 19:53:57,25.91,0.00,,,,,
8249,04/24/2026 20:03:57,25.78,0.00,,,,,
8250,04/24/2026 20:13:57,25.78,0.00,,,,,
8251,04/24/2026 20:23:57,25.69,0.00,,,,,
8252,04/24/2026 20:33:57,25.61,0.00,,,,,
8253,04/24/2026 20:43:57,25.48,0.00,,,,,
8254,04/24/2026 20:53:57,25.39,0.00,,,,,
8255,04/24/2026 21:03:57,25.39,0.00,,,,,
8256,04/24/2026 21:13:57,25.31,0.00,,,,,
8257,04/24/2026 21:23:57,25.27,0.00,,,,,
8258,04/24/2026 21:33:57,25.31,0.00,,,,,
8259,04/24/2026 21:43:57,25.27,0.00,,,,,
8260,04/24/2026 21:53:57,25.22,0.00,,,,,
8261,04/24/2026 22:03:57,25.18,0.00,,,,,
8262,04/24/2026 22:13:57,25.22,0.00,,,,,
8263,04/24/2026 22:23:57,25.22,0.00,,,,,
8264,04/24/2026 22:33:57,25.18,0.00,,,,,
8265,04/24/2026 22:43:57,25.22,0.00,,,,,
8266,04/24/2026 22:53:57,25.09,0.00,,,,,
8267,04/24/2026 23:03:57,25.14,0.00,,,,,
8268,04/24/2026 23:13:57,25.09,0.00,,,,,
8269,04/24/2026 23:23:57,25.09,0.00,,,,,
8270,04/24/2026 23:33:57,25.05,0.00,,,,,
8271,04/24/2026 23:43:57,25.05,0.00,,,,,
8272,04/24/2026 23:53:57,25.05,0.00,,,,,
8273,04/25/2026 00:03:57,25.01,0.00,,,,,
8274,04/25/2026 00:13:57,25.01,0.00,,,,,
8275,04/25/2026 00:23:57,25.01,0.00,,,,,
8276,04/25/2026 00:33:57,25.01,0.00,,,,,
8277,04/25/2026 00:43:57,25.01,0.00,,,,,
8278,04/25/2026 00:53:57,25.01,0.00,,,,,
8279,04/25/2026 01:03:57,24.97,0.00,,,,,
8280,04/25/2026 01:13:57,24.97,0.00,,,,,
8281,04/25/2026 01:23:57,24.97,0.00,,,,,
8282,04/25/2026 01:33:57,24.88,0.00,,,,,
8283,04/25/2026 01:43:57,24.92,0.00,,,,,
8284,04/25/2026 01:53:57,24.88,0.00,,,,,
8285,04/25/2026 02:03:57,24.88,0.00,,,,,
8286,04/25/2026 02:13:57,24.88,0.00,,,,,
8287,04/25/2026 02:23:57,24.84,0.00,,,,,
8288,04/25/2026 02:33:57,24.79,0.00,,,,,
8289,04/25/2026 02:43:57,24.79,0.00,,,,,
8290,04/25/2026 02:53:57,24.75,0.00,,,,,
8291,04/25/2026 03:03:57,24.75,0.00,,,,,
8292,04/25/2026 03:13:57,24.75,0.00,,,,,
8293,04/25/2026 03:23:57,24.71,0.00,,,,,
8294,04/25/2026 03:33:57,24.75,0.00,,,,,
8295,04/25/2026 03:43:57,24.66,0.00,,,,,
8296,04/25/2026 03:53:57,24.66,0.00,,,,,
8297,04/25/2026 04:03:57,24.62,0.00,,,,,
8298,04/25/2026 04:13:57,24.62,0.00,,,,,
8299,04/25/2026 04:23:57,24.58,0.00,,,,,
8300,04/25/2026 04:33:57,24.62,0.00,,,,,
8301,04/25/2026 04:43:57,24.54,0.00,,,,,
8302,04/25/2026 04:53:57,24.54,0.00,,,,,
8303,04/25/2026 05:03:57,24.54,0.00,,,,,
8304,04/25/2026 05:13:57,24.49,0.00,,,,,
8305,04/25/2026 05:23:57,24.54,0.00,,,,,
8306,04/25/2026 05:33:57,24.49,0.00,,,,,
8307,04/25/2026 05:43:57,24.45,0.39,,,,,
8308,04/25/2026 05:53:57,24.41,5.29,,,,,
8309,04/25/2026 06:03:57,24.41,29.33,,,,,
8310,04/25/2026 06:13:57,24.41,119.00,,,,,
8311,04/25/2026 06:23:57,24.41,234.08,,,,,
8312,04/25/2026 06:33:57,24.45,432.80,,,,,
8313,04/25/2026 06:43:57,24.45,656.64,,,,,
8314,04/25/2026 06:53:57,24.49,866.24,,,,,
8315,04/25/2026 07:03:57,24.54,644.16,,,,,
8316,04/25/2026 07:13:57,24.58,733.12,,,,,
8317,04/25/2026 07:23:57,24.62,851.52,,,,,
8318,04/25/2026 07:33:57,24.71,920.64,,,,,
8319,04/25/2026 07:43:57,24.71,789.44,,,,,
8320,04/25/2026 07:53:57,24.75,1263.04,,,,,
8321,04/25/2026 08:03:57,24.88,1173.76,,,,,
8322,04/25/2026 08:13:57,24.92,2385.28,,,,,
8323,04/25/2026 08:23:57,24.97,1251.52,,,,,
8324,04/25/2026 08:33:57,25.09,1291.52,,,,,
8325,04/25/2026 08:43:57,25.22,1836.16,,,,,
8326,04/25/2026 08:53:57,25.31,1745.28,,,,,
8327,04/25/2026 09:03:57,25.48,2677.76,,,,,
8328,04/25/2026 09:13:57,25.82,7646.72,,,,,
8329,04/25/2026 09:23:57,25.95,9021.44,,,,,
8330,04/25/2026 09:33:57,26.04,7562.24,,,,,
8331,04/25/2026 09:43:57,26.30,13132.80,,,,,
8332,04/25/2026 09:53:57,26.51,12160.00,,,,,
8333,04/25/2026 10:03:57,26.64,12907.52,,,,,
8334,04/25/2026 10:13:57,26.85,13465.60,,,,,
8335,04/25/2026 10:23:57,27.02,18104.32,,,,,
8336,04/25/2026 10:33:57,27.20,15022.08,,,,,
8337,04/25/2026 10:43:57,27.41,21524.48,,,,,
8338,04/25/2026 10:53:57,27.67,17075.20,,,,,
8339,04/25/2026 11:03:57,27.80,17392.64,,,,,
8340,04/25/2026 11:13:57,27.97,16194.56,,,,,
8341,04/25/2026 11:23:57,28.14,19389.44,,,,,
8342,04/25/2026 11:33:57,28.35,21176.32,,,,,
8343,04/25/2026 11:43:57,28.48,21585.92,,,,,
8344,04/25/2026 11:53:57,28.57,20311.04,,,,,
8345,04/25/2026 12:03:57,28.83,20316.16,,,,,
8346,04/25/2026 12:13:57,29.04,21483.52,,,,,
8347,04/25/2026 12:23:57,29.13,18990.08,,,,,
8348,04/25/2026 12:33:57,29.30,20869.12,,,,,
8349,04/25/2026 12:43:57,29.43,19025.92,,,,,
8350,04/25/2026 12:53:57,29.56,18841.60,,,,,
8351,04/25/2026 13:03:57,29.60,18964.48,,,,,
8352,04/25/2026 13:13:57,29.60,6446.08,,,,,
8353,04/25/2026 13:23:57,29.56,10224.64,,,,,
8354,04/25/2026 13:33:57,29.77,18191.36,,,,,
8355,04/25/2026 13:43:57,29.68,18600.96,,,,,
8356,04/25/2026 13:53:57,29.81,12641.28,,,,,
8357,04/25/2026 14:03:57,29.68,15831.04,,,,,
8358,04/25/2026 14:13:57,29.81,17853.44,,,,,
8359,04/25/2026 14:23:57,29.68,3127.04,,,,,
8360,04/25/2026 14:33:57,29.73,13911.04,,,,,
8361,04/25/2026 14:43:57,29.90,15037.44,,,,,
8362,04/25/2026 14:53:57,29.68,2325.76,,,,,
8363,04/25/2026 15:03:57,29.64,3308.80,,,,,
8364,04/25/2026 15:13:57,29.51,4268.80,,,,,
8365,04/25/2026 15:23:57,29.38,4177.92,,,,,
8366,04/25/2026 15:33:57,29.56,4340.48,,,,,
8367,04/25/2026 15:43:57,29.43,4171.52,,,,,
8368,04/25/2026 15:53:57,29.43,4453.12,,,,,
8369,04/25/2026 16:03:57,29.21,3205.12,,,,,
8370,04/25/2026 16:13:57,29.26,5780.48,,,,,
8371,04/25/2026 16:23:57,28.87,1266.24,,,,,
8372,04/25/2026 16:33:57,28.61,1225.60,,,,,
8373,04/25/2026 16:43:57,28.40,1925.76,,,,,
8374,04/25/2026 16:53:57,28.27,3832.32,,,,,
8375,04/25/2026 17:03:57,28.05,1060.16,,,,,
8376,04/25/2026 17:13:57,27.84,1178.56,,,,,
8377,04/25/2026 17:23:57,27.63,815.04,,,,,
8378,04/25/2026 17:33:57,27.50,800.96,,,,,
8379,04/25/2026 17:43:57,27.32,450.88,,,,,
8380,04/25/2026 17:53:57,27.15,376.00,,,,,
8381,04/25/2026 18:03:57,27.07,356.32,,,,,
8382,04/25/2026 18:13:57,26.94,289.12,,,,,
8383,04/25/2026 18:23:57,26.85,267.04,,,,,
8384,04/25/2026 18:33:57,26.72,171.68,,,,,
8385,04/25/2026 18:43:57,26.60,97.68,,,,,
8386,04/25/2026 18:53:57,26.51,36.83,,,,,
8387,04/25/2026 19:03:57,26.38,7.47,,,,,
8388,04/25/2026 19:13:57,26.30,0.58,,,,,
8389,04/25/2026 19:23:57,26.21,0.00,,,,,
8390,04/25/2026 19:33:57,26.17,0.00,,,,,
8391,04/25/2026 19:43:57,26.04,0.00,,,,,
8392,04/25/2026 19:53:57,25.99,0.00,,,,,
8393,04/25/2026 20:03:57,25.95,0.00,,,,,
8394,04/25/2026 20:13:57,25.91,0.00,,,,,
8395,04/25/2026 20:23:57,25.82,0.00,,,,,
8396,04/25/2026 20:33:57,25.82,0.00,,,,,
8397,04/25/2026 20:43:57,25.69,0.00,,,,,
8398,04/25/2026 20:53:57,25.69,0.00,,,,,
8399,04/25/2026 21:03:57,25.65,0.00,,,,,
8400,04/25/2026 21:13:57,25.57,0.00,,,,,
8401,04/25/2026 21:23:57,25.52,0.00,,,,,
8402,04/25/2026 21:33:57,25.48,0.00,,,,,
8403,04/25/2026 21:43:57,25.44,0.00,,,,,
8404,04/25/2026 21:53:57,25.44,0.00,,,,,
8405,04/25/2026 22:03:57,25.35,0.00,,,,,
8406,04/25/2026 22:13:57,25.31,0.00,,,,,
8407,04/25/2026 22:23:57,25.31,0.00,,,,,
8408,04/25/2026 22:33:57,25.27,0.00,,,,,
8409,04/25/2026 22:43:57,25.22,0.00,,,,,
8410,04/25/2026 22:53:57,25.22,0.00,,,,,
8411,04/25/2026 23:03:57,25.18,0.00,,,,,
8412,04/25/2026 23:13:57,25.14,0.00,,,,,
8413,04/25/2026 23:23:57,25.09,0.00,,,,,
8414,04/25/2026 23:33:57,25.09,0.00,,,,,
8415,04/25/2026 23:43:57,25.09,0.00,,,,,
8416,04/25/2026 23:53:57,25.05,0.00,,,,,
8417,04/26/2026 00:03:57,25.05,0.00,,,,,
8418,04/26/2026 00:13:57,25.05,0.00,,,,,
8419,04/26/2026 00:23:57,25.01,0.00,,,,,
8420,04/26/2026 00:33:57,24.97,0.00,,,,,
8421,04/26/2026 00:43:57,24.88,0.00,,,,,
8422,04/26/2026 00:53:57,24.88,0.00,,,,,
8423,04/26/2026 01:03:57,24.79,0.00,,,,,
8424,04/26/2026 01:13:57,24.75,0.00,,,,,
8425,04/26/2026 01:23:57,24.71,0.00,,,,,
8426,04/26/2026 01:33:57,24.75,0.00,,,,,
8427,04/26/2026 01:43:57,24.75,0.00,,,,,
8428,04/26/2026 01:53:57,24.66,0.00,,,,,
8429,04/26/2026 02:03:57,24.71,0.00,,,,,
8430,04/26/2026 02:13:57,24.66,0.00,,,,,
8431,04/26/2026 02:23:57,24.66,0.00,,,,,
8432,04/26/2026 02:33:57,24.71,0.00,,,,,
8433,04/26/2026 02:43:57,24.66,0.00,,,,,
8434,04/26/2026 02:53:57,24.66,0.00,,,,,
8435,04/26/2026 03:03:57,24.62,0.00,,,,,
8436,04/26/2026 03:13:57,24.66,0.00,,,,,
8437,04/26/2026 03:23:57,24.58,0.00,,,,,
8438,04/26/2026 03:33:57,24.58,0.00,,,,,
8439,04/26/2026 03:43:57,24.58,0.00,,,,,
8440,04/26/2026 03:53:57,24.54,0.00,,,,,
8441,04/26/2026 04:03:57,24.54,0.00,,,,,
8442,04/26/2026 04:13:57,24.54,0.00,,,,,
8443,04/26/2026 04:23:57,24.54,0.00,,,,,
8444,04/26/2026 04:33:57,24.54,0.00,,,,,
8445,04/26/2026 04:43:57,24.62,0.00,,,,,
8446,04/26/2026 04:53:57,24.58,0.00,,,,,
8447,04/26/2026 05:03:57,24.58,0.00,,,,,
8448,04/26/2026 05:13:57,24.62,0.00,,,,,
8449,04/26/2026 05:23:57,24.62,0.00,,,,,
8450,04/26/2026 05:33:57,24.58,0.00,,,,,
8451,04/26/2026 05:43:57,24.58,0.39,,,,,
8452,04/26/2026 05:53:57,24.62,6.66,,,,,
8453,04/26/2026 06:03:57,24.58,31.90,,,,,
8454,04/26/2026 06:13:57,24.58,88.24,,,,,
8455,04/26/2026 06:23:57,24.62,172.48,,,,,
8456,04/26/2026 06:33:57,24.62,196.40,,,,,
8457,04/26/2026 06:43:57,24.66,537.92,,,,,
8458,04/26/2026 06:53:57,24.66,780.48,,,,,
8459,04/26/2026 07:03:57,24.75,998.08,,,,,
8460,04/26/2026 07:13:57,24.79,1266.24,,,,,
8461,04/26/2026 07:23:57,24.84,1606.40,,,,,
8462,04/26/2026 07:33:57,24.92,1179.20,,,,,
8463,04/26/2026 07:43:57,25.01,953.28,,,,,
8464,04/26/2026 07:53:57,25.01,810.24,,,,,
8465,04/26/2026 08:03:57,25.09,886.08,,,,,
8466,04/26/2026 08:13:57,25.14,638.24,,,,,
8467,04/26/2026 08:23:57,25.22,1573.76,,,,,
8468,04/26/2026 08:33:57,25.22,838.08,,,,,
8469,04/26/2026 08:43:57,25.39,815.04,,,,,
8470,04/26/2026 08:53:57,25.44,897.60,,,,,
8471,04/26/2026 09:03:57,25.57,975.36,,,,,
8472,04/26/2026 09:13:57,25.69,1238.08,,,,,
8473,04/26/2026 09:23:57,25.78,2360.32,,,,,
8474,04/26/2026 09:33:57,25.95,1305.60,,,,,
8475,04/26/2026 09:43:57,26.17,1345.28,,,,,
8476,04/26/2026 09:53:57,26.34,1601.28,,,,,
8477,04/26/2026 10:03:57,26.64,2708.48,,,,,
8478,04/26/2026 10:13:57,26.77,2270.72,,,,,
8479,04/26/2026 10:23:57,27.02,5729.28,,,,,
8480,04/26/2026 10:33:57,27.20,3769.60,,,,,
8481,04/26/2026 10:43:57,27.37,17576.96,,,,,
8482,04/26/2026 10:53:57,27.45,22773.76,,,,,
8483,04/26/2026 11:03:57,27.58,3910.40,,,,,
8484,04/26/2026 11:13:57,27.71,3386.88,,,,,
8485,04/26/2026 11:23:57,27.84,5212.16,,,,,
8486,04/26/2026 11:33:57,28.01,5752.32,,,,,
8487,04/26/2026 11:43:57,28.01,5724.16,,,,,
8488,04/26/2026 11:53:57,27.97,6215.68,,,,,
8489,04/26/2026 12:03:57,28.14,5662.72,,,,,
8490,04/26/2026 12:13:57,28.27,6144.00,,,,,
8491,04/26/2026 12:23:57,28.61,8330.24,,,,,
8492,04/26/2026 12:33:57,28.78,8460.80,,,,,
8493,04/26/2026 12:43:57,29.56,27596.80,,,,,
8494,04/26/2026 12:53:57,29.08,4476.16,,,,,
8495,04/26/2026 13:03:57,29.34,6699.52,,,,,
8496,04/26/2026 13:13:57,29.26,5218.56,,,,,
8497,04/26/2026 13:23:57,29.30,28088.32,,,,,
8498,04/26/2026 13:33:57,29.38,26705.92,,,,,
8499,04/26/2026 13:43:57,28.95,3788.80,,,,,
8500,04/26/2026 13:53:57,28.70,3339.52,,,,,
8501,04/26/2026 14:03:57,28.57,2483.84,,,,,
8502,04/26/2026 14:13:57,28.40,2795.52,,,,,
8503,04/26/2026 14:23:57,28.23,2204.80,,,,,
8504,04/26/2026 14:33:57,28.10,2121.60,,,,,
8505,04/26/2026 14:43:57,27.93,1814.40,,,,,
8506,04/26/2026 14:53:57,27.84,1922.56,,,,,
8507,04/26/2026 15:03:57,27.71,2228.48,,,,,
8508,04/26/2026 15:13:57,26.04,1464.32,,,,,
8509,04/26/2026 15:23:57,25.91,14423.04,,,,,
8510,04/26/2026 15:33:57,27.54,2767.36,,,,,
8511,04/26/2026 15:43:57,26.30,3046.40,,,,,
8512,04/26/2026 15:53:57,25.48,1324.16,,,,,
8513,04/26/2026 16:03:57,25.05,1360.00,,,,,
8514,04/26/2026 16:13:57,24.97,1473.92,,,,,
8515,04/26/2026 16:23:57,25.18,1762.56,,,,,
8516,04/26/2026 16:33:57,25.52,2914.56,,,,,
8517,04/26/2026 16:43:57,25.74,2001.28,,,,,
8518,04/26/2026 16:53:57,25.74,2186.24,,,,,
8519,04/26/2026 17:03:57,25.82,1039.68,,,,,
8520,04/26/2026 17:13:57,25.61,1268.80,,,,,
8521,04/26/2026 17:23:57,25.57,634.72,,,,,
8522,04/26/2026 17:33:57,25.35,1795.20,,,,,
8523,04/26/2026 17:43:57,25.57,966.08,,,,,
8524,04/26/2026 17:53:57,25.09,455.52,,,,,
8525,04/26/2026 18:03:57,24.97,446.08,,,,,
8526,04/26/2026 18:13:57,24.71,303.44,,,,,
8527,04/26/2026 18:23:57,24.58,278.96,,,,,
8528,04/26/2026 18:33:57,24.49,178.16,,,,,
8529,04/26/2026 18:43:57,24.41,123.80,,,,,
8530,04/26/2026 18:53:57,24.32,44.12,,,,,
8531,04/26/2026 19:03:57,24.49,6.46,,,,,
8532,04/26/2026 19:13:57,24.36,0.58,,,,,
8533,04/26/2026 19:23:57,24.28,0.00,,,,,
8534,04/26/2026 19:33:57,24.06,0.00,,,,,
8535,04/26/2026 19:43:57,23.94,0.19,,,,,
8536,04/26/2026 19:53:57,24.02,0.00,,,,,
8537,04/26/2026 20:03:57,24.11,0.00,,,,,
8538,04/26/2026 20:13:57,24.15,0.00,,,,,
8539,04/26/2026 20:23:57,24.11,0.00,,,,,
8540,04/26/2026 20:33:57,24.15,0.00,,,,,
8541,04/26/2026 20:43:57,24.19,0.00,,,,,
8542,04/26/2026 20:53:57,24.15,0.00,,,,,
8543,04/26/2026 21:03:57,24.06,0.00,,,,,
8544,04/26/2026 21:13:57,23.94,0.00,,,,,
8545,04/26/2026 21:23:57,23.89,0.00,,,,,
8546,04/26/2026 21:33:57,23.85,0.00,,,,,
8547,04/26/2026 21:43:57,23.94,0.00,,,,,
8548,04/26/2026 21:53:57,23.94,0.00,,,,,
8549,04/26/2026 22:03:57,23.89,0.00,,,,,
8550,04/26/2026 22:13:57,23.72,0.00,,,,,
8551,04/26/2026 22:23:57,23.59,0.00,,,,,
8552,04/26/2026 22:33:57,23.64,0.00,,,,,
8553,04/26/2026 22:43:57,23.68,0.00,,,,,
8554,04/26/2026 22:53:57,23.72,0.00,,,,,
8555,04/26/2026 23:03:57,23.76,0.00,,,,,
8556,04/26/2026 23:13:57,23.72,0.00,,,,,
8557,04/26/2026 23:23:57,23.76,0.19,,,,,
8558,04/26/2026 23:33:57,23.81,0.00,,,,,
8559,04/26/2026 23:43:57,23.85,0.00,,,,,
8560,04/26/2026 23:53:57,23.72,0.00,,,,,
8561,04/27/2026 00:03:57,23.68,0.00,,,,,
8562,04/27/2026 00:13:57,23.68,0.00,,,,,
8563,04/27/2026 00:23:57,23.68,0.00,,,,,
8564,04/27/2026 00:33:57,23.55,0.00,,,,,
8565,04/27/2026 00:43:57,23.55,0.00,,,,,
8566,04/27/2026 00:53:57,23.64,0.00,,,,,
8567,04/27/2026 01:03:57,23.46,0.00,,,,,
8568,04/27/2026 01:13:57,23.51,0.00,,,,,
8569,04/27/2026 01:23:57,23.55,0.00,,,,,
8570,04/27/2026 01:33:57,23.38,0.00,,,,,
8571,04/27/2026 01:43:57,23.08,0.00,,,,,
8572,04/27/2026 01:53:57,23.12,0.00,,,,,
8573,04/27/2026 02:03:57,23.12,0.00,,,,,
8574,04/27/2026 02:13:57,22.99,0.00,,,,,
8575,04/27/2026 02:23:57,22.95,0.00,,,,,
8576,04/27/2026 02:33:57,23.12,0.00,,,,,
8577,04/27/2026 02:43:57,22.86,0.00,,,,,
8578,04/27/2026 02:53:57,22.69,0.00,,,,,
8579,04/27/2026 03:03:57,22.61,0.19,,,,,
8580,04/27/2026 03:13:57,22.56,0.00,,,,,
8581,04/27/2026 03:23:57,22.61,0.00,,,,,
8582,04/27/2026 03:33:57,22.86,0.00,,,,,
8583,04/27/2026 03:43:57,22.99,0.00,,,,,
8584,04/27/2026 03:53:57,23.08,0.00,,,,,
8585,04/27/2026 04:03:57,22.99,0.00,,,,,
8586,04/27/2026 04:13:57,22.73,0.00,,,,,
8587,04/27/2026 04:23:57,22.39,0.00,,,,,
8588,04/27/2026 04:33:57,22.31,0.00,,,,,
8589,04/27/2026 04:43:57,22.61,0.00,,,,,
8590,04/27/2026 04:53:57,22.52,0.00,,,,,
8591,04/27/2026 05:03:57,22.35,0.00,,,,,
8592,04/27/2026 05:13:57,22.31,0.00,,,,,
8593,04/27/2026 05:23:57,22.39,0.00,,,,,
8594,04/27/2026 05:33:57,22.31,0.00,,,,,
8595,04/27/2026 05:43:57,22.18,0.58,,,,,
8596,04/27/2026 05:53:57,22.05,8.62,,,,,
8597,04/27/2026 06:03:57,22.05,36.24,,,,,
8598,04/27/2026 06:13:57,22.09,92.16,,,,,
8599,04/27/2026 06:23:57,22.22,163.08,,,,,
8600,04/27/2026 06:33:57,22.65,279.04,,,,,
8601,04/27/2026 06:43:57,23.38,420.32,,,,,
8602,04/27/2026 06:53:57,23.68,1085.12,,,,,
8603,04/27/2026 07:03:57,23.98,439.04,,,,,
8604,04/27/2026 07:13:57,24.24,510.88,,,,,
8605,04/27/2026 07:23:57,24.71,939.20,,,,,
8606,04/27/2026 07:33:57,25.18,655.68,,,,,
8607,04/27/2026 07:43:57,25.27,1259.20,,,,,
8608,04/27/2026 07:53:57,25.74,874.88,,,,,
8609,04/27/2026 08:03:57,25.48,644.96,,,,,
8610,04/27/2026 08:13:57,25.78,2842.88,,,,,
8611,04/27/2026 08:23:57,25.87,1848.96,,,,,
8612,04/27/2026 08:33:57,26.68,2177.92,,,,,
8613,04/27/2026 08:43:57,27.45,1889.92,,,,,
8614,04/27/2026 08:53:57,27.71,2509.44,,,,,
8615,04/27/2026 09:03:57,27.28,4629.76,,,,,
8616,04/27/2026 09:13:57,26.68,3447.04,,,,,
8617,04/27/2026 09:23:57,26.77,4413.44,,,,,
8618,04/27/2026 09:33:57,26.90,5880.32,,,,,
8619,04/27/2026 09:43:57,26.94,6927.36,,,,,
8620,04/27/2026 09:53:57,27.20,23859.20,,,,,
8621,04/27/2026 10:03:57,27.41,40519.68,,,,,
8622,04/27/2026 10:13:57,27.11,5829.12,,,,,
8623,04/27/2026 10:23:57,27.50,8266.24,,,,,
8624,04/27/2026 10:33:57,27.24,4061.44,,,,,
8625,04/27/2026 10:43:57,27.88,32890.88,,,,,
8626,04/27/2026 10:53:57,28.14,47247.36,,,,,
8627,04/27/2026 11:03:57,27.71,5383.68,,,,,
8628,04/27/2026 11:13:57,27.67,7347.20,,,,,
8629,04/27/2026 11:23:57,27.71,5488.64,,,,,
8630,04/27/2026 11:33:57,27.63,6950.40,,,,,
8631,04/27/2026 11:43:57,27.71,4428.80,,,,,
8632,04/27/2026 11:53:57,27.97,7421.44,,,,,
8633,04/27/2026 12:03:57,27.88,7552.00,,,,,
8634,04/27/2026 12:13:57,27.97,6297.60,,,,,
8635,04/27/2026 12:23:57,28.05,7616.00,,,,,
8636,04/27/2026 12:33:57,28.44,15206.40,,,,,
8637,04/27/2026 12:43:57,28.61,26716.16,,,,,
8638,04/27/2026 12:53:57,28.57,17730.56,,,,,
8639,04/27/2026 13:03:57,28.53,15938.56,,,,,
8640,04/27/2026 13:13:57,28.48,12784.64,,,,,
8641,04/27/2026 13:23:57,28.40,9146.88,,,,,
8642,04/27/2026 13:33:57,28.48,19778.56,,,,,
8643,04/27/2026 13:43:57,28.48,16030.72,,,,,
8644,04/27/2026 13:53:57,28.44,9669.12,,,,,
8645,04/27/2026 14:03:57,28.31,17500.16,,,,,
8646,04/27/2026 14:13:57,28.35,11863.04,,,,,
8647,04/27/2026 14:23:57,28.35,15047.68,,,,,
8648,04/27/2026 14:33:57,28.31,17070.08,,,,,
8649,04/27/2026 14:43:57,28.27,11315.20,,,,,
8650,04/27/2026 14:53:57,28.18,10293.76,,,,,
8651,04/27/2026 15:03:57,28.27,13035.52,,,,,
8652,04/27/2026 15:13:57,28.23,14904.32,,,,,
8653,04/27/2026 15:23:57,28.01,8888.32,,,,,
8654,04/27/2026 15:33:57,28.05,9100.80,,,,,
8655,04/27/2026 15:43:57,27.93,5708.80,,,,,
8656,04/27/2026 15:53:57,27.93,10685.44,,,,,
8657,04/27/2026 16:03:57,27.84,7347.20,,,,,
8658,04/27/2026 16:13:57,27.58,3088.64,,,,,
8659,04/27/2026 16:23:57,27.45,3851.52,,,,,
8660,04/27/2026 16:33:57,27.37,1770.24,,,,,
8661,04/27/2026 16:43:57,27.20,1522.56,,,,,
8662,04/27/2026 16:53:57,27.11,2037.12,,,,,
8663,04/27/2026 17:03:57,27.02,1591.68,,,,,
8664,04/27/2026 17:13:57,26.90,1451.52,,,,,
8665,04/27/2026 17:23:57,26.85,1334.40,,,,,
8666,04/27/2026 17:33:57,26.72,1912.96,,,,,
8667,04/27/2026 17:43:57,26.64,1504.64,,,,,
8668,04/27/2026 17:53:57,26.60,1330.56,,,,,
8669,04/27/2026 18:03:57,26.51,1130.56,,,,,
8670,04/27/2026 18:13:57,26.42,757.12,,,,,
8671,04/27/2026 18:23:57,26.38,694.72,,,,,
8672,04/27/2026 18:33:57,26.30,228.56,,,,,
8673,04/27/2026 18:43:57,26.25,178.08,,,,,
8674,04/27/2026 18:53:57,26.17,67.00,,,,,
8675,04/27/2026 19:03:57,26.17,11.59,,,,,
8676,04/27/2026 19:13:57,26.12,1.37,,,,,
8677,04/27/2026 19:23:57,26.04,0.00,,,,,
8678,04/27/2026 19:33:57,25.99,0.00,,,,,
8679,04/27/2026 19:43:57,25.95,0.00,,,,,
8680,04/27/2026 19:53:57,25.91,0.00,,,,,
8681,04/27/2026 20:03:57,25.82,0.00,,,,,
8682,04/27/2026 20:13:57,25.82,0.00,,,,,
8683,04/27/2026 20:23:57,25.91,0.00,,,,,
8684,04/27/2026 20:33:57,25.87,0.00,,,,,
8685,04/27/2026 20:43:57,25.74,0.00,,,,,
8686,04/27/2026 20:53:57,25.69,0.00,,,,,
8687,04/27/2026 21:03:57,25.69,0.00,,,,,
8688,04/27/2026 21:13:57,25.65,0.00,,,,,
8689,04/27/2026 21:23:57,25.65,0.00,,,,,
8690,04/27/2026 21:33:57,25.65,0.00,,,,,
8691,04/27/2026 21:43:57,25.61,0.00,,,,,
8692,04/27/2026 21:53:57,25.57,0.00,,,,,
8693,04/27/2026 22:03:57,25.57,0.00,,,,,
8694,04/27/2026 22:13:57,25.57,0.00,,,,,
8695,04/27/2026 22:23:57,25.57,0.00,,,,,
8696,04/27/2026 22:33:57,25.52,0.00,,,,,
8697,04/27/2026 22:43:57,25.52,0.00,,,,,
8698,04/27/2026 22:53:57,25.57,0.00,,,,,
8699,04/27/2026 23:03:57,25.57,0.00,,,,,
8700,04/27/2026 23:13:57,25.52,0.00,,,,,
8701,04/27/2026 23:23:57,25.57,0.00,,,,,
8702,04/27/2026 23:33:57,25.52,0.00,,,,,
8703,04/27/2026 23:43:57,25.52,0.00,,,,,
8704,04/27/2026 23:53:57,25.52,0.00,,,,,
8705,04/28/2026 00:03:57,25.48,0.00,,,,,
8706,04/28/2026 00:13:57,25.52,0.00,,,,,
8707,04/28/2026 00:23:57,25.48,0.00,,,,,
8708,04/28/2026 00:33:57,25.52,0.00,,,,,
8709,04/28/2026 00:43:57,25.48,0.00,,,,,
8710,04/28/2026 00:53:57,25.44,0.00,,,,,
8711,04/28/2026 01:03:57,25.44,0.00,,,,,
8712,04/28/2026 01:13:57,25.44,0.00,,,,,
8713,04/28/2026 01:23:57,25.44,0.00,,,,,
8714,04/28/2026 01:33:57,25.39,0.00,,,,,
8715,04/28/2026 01:43:57,25.39,0.00,,,,,
8716,04/28/2026 01:53:57,25.39,0.00,,,,,
8717,04/28/2026 02:03:57,25.35,0.00,,,,,
8718,04/28/2026 02:13:57,25.39,0.00,,,,,
8719,04/28/2026 02:23:57,25.35,0.00,,,,,
8720,04/28/2026 02:33:57,25.39,0.00,,,,,
8721,04/28/2026 02:43:57,25.35,0.00,,,,,
8722,04/28/2026 02:53:57,25.27,0.00,,,,,
8723,04/28/2026 03:03:57,25.27,0.00,,,,,
8724,04/28/2026 03:13:57,25.22,0.00,,,,,
8725,04/28/2026 03:23:57,25.22,0.00,,,,,
8726,04/28/2026 03:33:57,25.27,0.00,,,,,
8727,04/28/2026 03:43:57,25.22,0.00,,,,,
8728,04/28/2026 03:53:57,25.27,0.00,,,,,
8729,04/28/2026 04:03:57,25.22,0.00,,,,,
8730,04/28/2026 04:13:57,25.18,0.00,,,,,
8731,04/28/2026 04:23:57,25.22,0.00,,,,,
8732,04/28/2026 04:33:57,25.14,0.00,,,,,
8733,04/28/2026 04:43:57,25.22,0.00,,,,,
8734,04/28/2026 04:53:57,25.22,0.00,,,,,
8735,04/28/2026 05:03:57,25.18,0.00,,,,,
8736,04/28/2026 05:13:57,25.22,0.00,,,,,
8737,04/28/2026 05:23:57,25.14,0.00,,,,,
8738,04/28/2026 05:33:57,25.09,0.00,,,,,
8739,04/28/2026 05:43:57,25.14,1.37,,,,,
8740,04/28/2026 05:53:57,25.09,15.73,,,,,
8741,04/28/2026 06:03:57,25.01,69.74,,,,,
8742,04/28/2026 06:13:57,25.05,174.80,,,,,
8743,04/28/2026 06:23:57,25.09,337.28,,,,,
8744,04/28/2026 06:33:57,25.05,488.16,,,,,
8745,04/28/2026 06:43:57,25.14,473.60,,,,,
8746,04/28/2026 06:53:57,25.22,1272.64,,,,,
8747,04/28/2026 07:03:57,25.27,1187.20,,,,,
8748,04/28/2026 07:13:57,25.35,837.76,,,,,
8749,04/28/2026 07:23:57,25.44,970.56,,,,,
8750,04/28/2026 07:33:57,25.52,1505.28,,,,,
8751,04/28/2026 07:43:57,25.69,2328.96,,,,,
8752,04/28/2026 07:53:57,25.74,1618.56,,,,,
8753,04/28/2026 08:03:57,25.91,3496.96,,,,,
8754,04/28/2026 08:13:57,25.99,4532.48,,,,,
8755,04/28/2026 08:23:57,26.12,3546.88,,,,,
8756,04/28/2026 08:33:57,25.82,9146.88,,,,,
8757,04/28/2026 08:43:57,26.47,2780.16,,,,,
8758,04/28/2026 08:53:57,26.68,3726.08,,,,,
8759,04/28/2026 09:03:57,26.72,2796.80,,,,,
8760,04/28/2026 09:13:57,26.98,8624.64,,,,,
8761,04/28/2026 09:23:57,27.11,6950.40,,,,,
8762,04/28/2026 09:33:57,27.45,22568.96,,,,,
8763,04/28/2026 09:43:57,28.40,51937.28,,,,,
8764,04/28/2026 09:53:57,27.28,3562.24,,,,,
8765,04/28/2026 10:03:57,27.20,5006.08,,,,,
8766,04/28/2026 10:13:57,26.98,6077.44,,,,,
8767,04/28/2026 10:23:57,27.32,6328.32,,,,,
8768,04/28/2026 10:33:57,26.81,4102.40,,,,,
8769,04/28/2026 10:43:57,27.84,64307.20,,,,,
8770,04/28/2026 10:53:57,26.85,4625.92,,,,,
8771,04/28/2026 11:03:57,26.72,3998.72,,,,,
8772,04/28/2026 11:13:57,26.72,4256.00,,,,,
8773,04/28/2026 11:23:57,26.68,4861.44,,,,,
8774,04/28/2026 11:33:57,26.85,6993.92,,,,,
8775,04/28/2026 11:43:57,27.71,61378.56,,,,,
8776,04/28/2026 11:53:57,27.20,26992.64,,,,,
8777,04/28/2026 12:03:57,27.41,28139.52,,,,,
8778,04/28/2026 12:13:57,27.71,24709.12,,,,,
8779,04/28/2026 12:23:57,27.93,26511.36,,,,,
8780,04/28/2026 12:33:57,27.75,12016.64,,,,,
8781,04/28/2026 12:43:57,28.10,23910.40,,,,,
8782,04/28/2026 12:53:57,28.18,32194.56,,,,,
8783,04/28/2026 13:03:57,28.31,21196.80,,,,,
8784,04/28/2026 13:13:57,28.31,24309.76,,,,,
8785,04/28/2026 13:23:57,28.18,26869.76,,,,,
8786,04/28/2026 13:33:57,28.18,26286.08,,,,,
8787,04/28/2026 13:43:57,28.10,17730.56,,,,,
8788,04/28/2026 13:53:57,27.97,5166.08,,,,,
8789,04/28/2026 14:03:57,28.44,26542.08,,,,,
8790,04/28/2026 14:13:57,28.61,25118.72,,,,,
8791,04/28/2026 14:23:57,28.61,21729.28,,,,,
8792,04/28/2026 14:33:57,28.27,20613.12,,,,,
8793,04/28/2026 14:43:57,28.44,15124.48,,,,,
8794,04/28/2026 14:53:57,28.35,20802.56,,,,,
8795,04/28/2026 15:03:57,28.14,3459.84,,,,,
8796,04/28/2026 15:13:57,27.97,4039.68,,,,,
8797,04/28/2026 15:23:57,28.18,19225.60,,,,,
8798,04/28/2026 15:33:57,27.63,2652.16,,,,,
8799,04/28/2026 15:43:57,27.58,6748.16,,,,,
8800,04/28/2026 15:53:57,27.58,5381.12,,,,,
8801,04/28/2026 16:03:57,27.41,4253.44,,,,,
8802,04/28/2026 16:13:57,27.41,3107.84,,,,,
8803,04/28/2026 16:23:57,27.28,2413.44,,,,,
8804,04/28/2026 16:33:57,27.32,3656.96,,,,,
8805,04/28/2026 16:43:57,27.24,1781.12,,,,,
8806,04/28/2026 16:53:57,27.07,1740.80,,,,,
8807,04/28/2026 17:03:57,27.02,1826.56,,,,,
8808,04/28/2026 17:13:57,26.90,1841.28,,,,,
8809,04/28/2026 17:23:57,26.94,2388.48,,,,,
8810,04/28/2026 17:33:57,26.72,1315.84,,,,,
8811,04/28/2026 17:43:57,26.68,1238.08,,,,,
8812,04/28/2026 17:53:57,26.68,854.72,,,,,
8813,04/28/2026 18:03:57,26.55,975.36,,,,,
8814,04/28/2026 18:13:57,26.47,896.32,,,,,
8815,04/28/2026 18:23:57,26.34,250.48,,,,,
8816,04/28/2026 18:33:57,26.25,276.48,,,,,
8817,04/28/2026 18:43:57,26.17,174.80,,,,,
8818,04/28/2026 18:53:57,26.08,78.02,,,,,
8819,04/28/2026 19:03:57,25.99,15.92,,,,,
8820,04/28/2026 19:13:57,25.95,1.37,,,,,
8821,04/28/2026 19:23:57,25.87,0.00,,,,,
8822,04/28/2026 19:33:57,25.78,0.00,,,,,
8823,04/28/2026 19:43:57,25.78,0.00,,,,,
8824,04/28/2026 19:53:57,25.74,0.00,,,,,
8825,04/28/2026 20:03:57,25.74,0.00,,,,,
8826,04/28/2026 20:13:57,25.69,0.00,,,,,
8827,04/28/2026 20:23:57,25.65,0.00,,,,,
8828,04/28/2026 20:33:57,25.61,0.00,,,,,
8829,04/28/2026 20:43:57,25.61,0.00,,,,,
8830,04/28/2026 20:53:57,25.52,0.00,,,,,
8831,04/28/2026 21:03:57,25.52,0.00,,,,,
8832,04/28/2026 21:13:57,25.48,0.00,,,,,
8833,04/28/2026 21:23:57,25.48,0.00,,,,,
8834,04/28/2026 21:33:57,25.39,0.00,,,,,
8835,04/28/2026 21:43:57,25.39,0.00,,,,,
8836,04/28/2026 21:53:57,25.31,0.00,,,,,
8837,04/28/2026 22:03:57,25.35,0.00,,,,,
8838,04/28/2026 22:13:57,25.27,0.00,,,,,
8839,04/28/2026 22:23:57,25.22,0.00,,,,,
8840,04/28/2026 22:33:57,25.18,0.00,,,,,
8841,04/28/2026 22:43:57,25.14,0.00,,,,,
8842,04/28/2026 22:53:57,25.14,0.00,,,,,
8843,04/28/2026 23:03:57,25.05,0.00,,,,,
8844,04/28/2026 23:13:57,25.01,0.00,,,,,
8845,04/28/2026 23:23:57,24.97,0.00,,,,,
8846,04/28/2026 23:33:57,25.01,0.00,,,,,
8847,04/28/2026 23:43:57,24.97,0.00,,,,,
8848,04/28/2026 23:53:57,25.01,0.00,,,,,
8849,04/29/2026 00:03:57,24.97,0.00,,,,,
8850,04/29/2026 00:13:57,24.97,0.00,,,,,
8851,04/29/2026 00:23:57,24.92,0.00,,,,,
8852,04/29/2026 00:33:57,24.88,0.00,,,,,
8853,04/29/2026 00:43:57,24.88,0.00,,,,,
8854,04/29/2026 00:53:57,24.88,0.00,,,,,
8855,04/29/2026 01:03:57,24.92,0.00,,,,,
8856,04/29/2026 01:13:57,24.84,0.00,,,,,
8857,04/29/2026 01:23:57,24.75,0.00,,,,,
8858,04/29/2026 01:33:57,24.79,0.00,,,,,
8859,04/29/2026 01:43:57,24.75,0.00,,,,,
8860,04/29/2026 01:53:57,24.75,0.00,,,,,
8861,04/29/2026 02:03:57,24.75,0.00,,,,,
8862,04/29/2026 02:13:57,24.71,0.00,,,,,
8863,04/29/2026 02:23:57,24.71,0.00,,,,,
8864,04/29/2026 02:33:57,24.66,0.00,,,,,
8865,04/29/2026 02:43:57,24.66,0.00,,,,,
8866,04/29/2026 02:53:57,24.62,0.00,,,,,
8867,04/29/2026 03:03:57,24.54,0.00,,,,,
8868,04/29/2026 03:13:57,24.58,0.00,,,,,
8869,04/29/2026 03:23:57,24.58,0.00,,,,,
8870,04/29/2026 03:33:57,24.58,0.00,,,,,
8871,04/29/2026 03:43:57,24.58,0.00,,,,,
8872,04/29/2026 03:53:57,24.54,0.00,,,,,
8873,04/29/2026 04:03:57,24.62,0.00,,,,,
8874,04/29/2026 04:13:57,24.58,0.00,,,,,
8875,04/29/2026 04:23:57,24.58,0.00,,,,,
8876,04/29/2026 04:33:57,24.58,0.00,,,,,
8877,04/29/2026 04:43:57,24.49,0.00,,,,,
8878,04/29/2026 04:53:57,24.49,0.00,,,,,
8879,04/29/2026 05:03:57,24.49,0.00,,,,,
8880,04/29/2026 05:13:57,24.49,0.00,,,,,
8881,04/29/2026 05:23:57,24.45,0.00,,,,,
8882,04/29/2026 05:33:57,24.49,0.00,,,,,
8883,04/29/2026 05:43:57,24.54,2.15,,,,,
8884,04/29/2026 05:53:57,24.49,19.28,,,,,
8885,04/29/2026 06:03:57,24.45,95.80,,,,,
8886,04/29/2026 06:13:57,24.45,211.28,,,,,
8887,04/29/2026 06:23:57,24.49,386.08,,,,,
8888,04/29/2026 06:33:57,24.49,582.56,,,,,
8889,04/29/2026 06:43:57,24.45,672.96,,,,,
8890,04/29/2026 06:53:57,24.54,943.36,,,,,
8891,04/29/2026 07:03:57,24.58,1029.44,,,,,
8892,04/29/2026 07:13:57,24.58,1268.80,,,,,
8893,04/29/2026 07:23:57,24.62,1021.76,,,,,
8894,04/29/2026 07:33:57,24.62,1338.24,,,,,
8895,04/29/2026 07:43:57,24.75,1763.84,,,,,
8896,04/29/2026 07:53:57,24.79,2023.04,,,,,
8897,04/29/2026 08:03:57,25.01,4595.20,,,,,
8898,04/29/2026 08:13:57,25.22,4058.88,,,,,
8899,04/29/2026 08:23:57,25.61,3330.56,,,,,
8900,04/29/2026 08:33:57,25.91,1950.72,,,,,
8901,04/29/2026 08:43:57,25.99,2492.16,,,,,
8902,04/29/2026 08:53:57,26.08,1795.20,,,,,
8903,04/29/2026 09:03:57,26.17,2903.04,,,,,
8904,04/29/2026 09:13:57,26.25,1552.64,,,,,
8905,04/29/2026 09:23:57,26.34,3823.36,,,,,
8906,04/29/2026 09:33:57,26.72,30699.52,,,,,
8907,04/29/2026 09:43:57,26.51,1538.56,,,,,
8908,04/29/2026 09:53:57,26.47,5583.36,,,,,
8909,04/29/2026 10:03:57,27.20,21790.72,,,,,
8910,04/29/2026 10:13:57,26.81,3797.76,,,,,
8911,04/29/2026 10:23:57,26.94,7283.20,,,,,
8912,04/29/2026 10:33:57,27.28,14182.40,,,,,
8913,04/29/2026 10:43:57,27.11,2891.52,,,,,
8914,04/29/2026 10:53:57,27.58,18800.64,,,,,
8915,04/29/2026 11:03:57,27.50,3317.76,,,,,
8916,04/29/2026 11:13:57,27.71,26019.84,,,,,
8917,04/29/2026 11:23:57,27.20,4014.08,,,,,
8918,04/29/2026 11:33:57,27.50,20254.72,,,,,
8919,04/29/2026 11:43:57,27.71,23613.44,,,,,
8920,04/29/2026 11:53:57,27.37,5683.20,,,,,
8921,04/29/2026 12:03:57,27.41,2734.08,,,,,
8922,04/29/2026 12:13:57,27.41,4303.36,,,,,
8923,04/29/2026 12:23:57,27.84,20331.52,,,,,
8924,04/29/2026 12:33:57,28.01,29204.48,,,,,
8925,04/29/2026 12:43:57,28.10,20116.48,,,,,
8926,04/29/2026 12:53:57,28.27,26030.08,,,,,
8927,04/29/2026 13:03:57,28.18,13301.76,,,,,
8928,04/29/2026 13:13:57,28.27,27125.76,,,,,
8929,04/29/2026 13:23:57,28.44,15119.36,,,,,
8930,04/29/2026 13:33:57,28.27,6881.28,,,,,
8931,04/29/2026 13:43:57,27.93,28323.84,,,,,
8932,04/29/2026 13:53:57,28.23,27422.72,,,,,
8933,04/29/2026 14:03:57,28.14,20372.48,,,,,
8934,04/29/2026 14:13:57,27.97,4801.28,,,,,
8935,04/29/2026 14:23:57,27.97,20147.20,,,,,
8936,04/29/2026 14:33:57,27.84,11504.64,,,,,
8937,04/29/2026 14:43:57,27.88,21565.44,,,,,
8938,04/29/2026 14:53:57,27.84,23808.00,,,,,
8939,04/29/2026 15:03:57,28.01,18186.24,,,,,
8940,04/29/2026 15:13:57,27.67,4584.96,,,,,
8941,04/29/2026 15:23:57,27.63,16865.28,,,,,
8942,04/29/2026 15:33:57,27.67,13593.60,,,,,
8943,04/29/2026 15:43:57,28.27,39208.96,,,,,
8944,04/29/2026 15:53:57,27.80,10288.64,,,,,
8945,04/29/2026 16:03:57,27.71,10055.68,,,,,
8946,04/29/2026 16:13:57,27.45,2657.28,,,,,
8947,04/29/2026 16:23:57,27.20,3397.12,,,,,
8948,04/29/2026 16:33:57,27.02,1526.40,,,,,
8949,04/29/2026 16:43:57,26.94,1497.60,,,,,
8950,04/29/2026 16:53:57,26.81,1100.80,,,,,
8951,04/29/2026 17:03:57,26.68,2821.12,,,,,
8952,04/29/2026 17:13:57,26.55,3239.68,,,,,
8953,04/29/2026 17:23:57,26.47,2272.00,,,,,
8954,04/29/2026 17:33:57,26.25,1166.08,,,,,
8955,04/29/2026 17:43:57,26.17,1523.20,,,,,
8956,04/29/2026 17:53:57,26.12,869.44,,,,,
8957,04/29/2026 18:03:57,26.08,443.04,,,,,
8958,04/29/2026 18:13:57,25.99,464.96,,,,,
8959,04/29/2026 18:23:57,25.78,420.00,,,,,
8960,04/29/2026 18:33:57,25.65,336.80,,,,,
8961,04/29/2026 18:43:57,25.57,74.04,,,,,
8962,04/29/2026 18:53:57,25.48,45.30,,,,,
8963,04/29/2026 19:03:57,25.35,9.41,,,,,
8964,04/29/2026 19:13:57,25.31,0.98,,,,,
8965,04/29/2026 19:23:57,25.22,0.00,,,,,
8966,04/29/2026 19:33:57,25.22,0.00,,,,,
8967,04/29/2026 19:43:57,25.18,0.00,,,,,
8968,04/29/2026 19:53:57,25.22,0.00,,,,,
8969,04/29/2026 20:03:57,25.09,0.00,,,,,
8970,04/29/2026 20:13:57,25.09,0.00,,,,,
8971,04/29/2026 20:23:57,25.05,0.00,,,,,
8972,04/29/2026 20:33:57,25.05,0.00,,,,,
8973,04/29/2026 20:43:57,24.97,0.00,,,,,
8974,04/29/2026 20:53:57,24.97,0.00,,,,,
8975,04/29/2026 21:03:57,24.88,0.00,,,,,
8976,04/29/2026 21:13:57,24.92,0.00,,,,,
8977,04/29/2026 21:23:57,24.88,0.00,,,,,
8978,04/29/2026 21:33:57,24.92,0.00,,,,,
8979,04/29/2026 21:43:57,24.88,0.00,,,,,
8980,04/29/2026 21:53:57,24.88,0.00,,,,,
8981,04/29/2026 22:03:57,24.88,0.00,,,,,
8982,04/29/2026 22:13:57,24.84,0.00,,,,,
8983,04/29/2026 22:23:57,24.84,0.00,,,,,
8984,04/29/2026 22:33:57,24.79,0.00,,,,,
8985,04/29/2026 22:43:57,24.79,0.00,,,,,
8986,04/29/2026 22:53:57,24.79,0.00,,,,,
8987,04/29/2026 23:03:57,24.79,0.00,,,,,
8988,04/29/2026 23:13:57,24.79,0.00,,,,,
8989,04/29/2026 23:23:57,24.75,0.00,,,,,
8990,04/29/2026 23:33:57,24.75,0.00,,,,,
8991,04/29/2026 23:43:57,24.79,0.00,,,,,
8992,04/29/2026 23:53:57,24.79,0.00,,,,,
8993,04/30/2026 00:03:57,24.84,0.00,,,,,
8994,04/30/2026 00:13:57,24.84,0.00,,,,,
8995,04/30/2026 00:23:57,24.79,0.00,,,,,
8996,04/30/2026 00:33:57,24.79,0.00,,,,,
8997,04/30/2026 00:43:57,24.79,0.00,,,,,
8998,04/30/2026 00:53:57,24.79,0.00,,,,,
8999,04/30/2026 01:03:57,24.71,0.00,,,,,
9000,04/30/2026 01:13:57,24.79,0.00,,,,,
9001,04/30/2026 01:23:57,24.71,0.00,,,,,
9002,04/30/2026 01:33:57,24.71,0.00,,,,,
9003,04/30/2026 01:43:57,24.71,0.00,,,,,
9004,04/30/2026 01:53:57,24.66,0.00,,,,,
9005,04/30/2026 02:03:57,24.66,0.00,,,,,
9006,04/30/2026 02:13:57,24.62,0.00,,,,,
9007,04/30/2026 02:23:57,24.62,0.00,,,,,
9008,04/30/2026 02:33:57,24.62,0.00,,,,,
9009,04/30/2026 02:43:57,24.62,0.00,,,,,
9010,04/30/2026 02:53:57,24.66,0.00,,,,,
9011,04/30/2026 03:03:57,24.62,0.00,,,,,
9012,04/30/2026 03:13:57,24.66,0.00,,,,,
9013,04/30/2026 03:23:57,24.66,0.00,,,,,
9014,04/30/2026 03:33:57,24.62,0.00,,,,,
9015,04/30/2026 03:43:57,24.62,0.00,,,,,
9016,04/30/2026 03:53:57,24.58,0.00,,,,,
9017,04/30/2026 04:03:57,24.58,0.00,,,,,
9018,04/30/2026 04:13:57,24.58,0.00,,,,,
9019,04/30/2026 04:23:57,24.58,0.00,,,,,
9020,04/30/2026 04:33:57,24.58,0.00,,,,,
9021,04/30/2026 04:43:57,24.58,0.00,,,,,
9022,04/30/2026 04:53:57,24.54,0.00,,,,,
9023,04/30/2026 05:03:57,24.54,0.00,,,,,
9024,04/30/2026 05:13:57,24.49,0.00,,,,,
9025,04/30/2026 05:23:57,24.49,0.00,,,,,
9026,04/30/2026 05:33:57,24.49,0.00,,,,,
9027,04/30/2026 05:43:57,24.49,0.98,,,,,
9028,04/30/2026 05:53:57,24.45,13.57,,,,,
9029,04/30/2026 06:03:57,24.45,70.56,,,,,
9030,04/30/2026 06:13:57,24.49,152.80,,,,,
9031,04/30/2026 06:23:57,24.45,302.64,,,,,
9032,04/30/2026 06:33:57,24.41,752.96,,,,,
9033,04/30/2026 06:43:57,24.45,378.24,,,,,
9034,04/30/2026 06:53:57,24.54,1335.68,,,,,
9035,04/30/2026 07:03:57,24.54,776.96,,,,,
9036,04/30/2026 07:13:57,24.45,599.04,,,,,
9037,04/30/2026 07:23:57,24.54,1358.72,,,,,
9038,04/30/2026 07:33:57,24.58,835.84,,,,,
9039,04/30/2026 07:43:57,24.62,1737.60,,,,,
9040,04/30/2026 07:53:57,24.66,2226.56,,,,,
9041,04/30/2026 08:03:57,24.71,1089.92,,,,,
9042,04/30/2026 08:13:57,24.75,3534.08,,,,,
9043,04/30/2026 08:23:57,24.79,1630.72,,,,,
9044,04/30/2026 08:33:57,24.84,2198.40,,,,,
9045,04/30/2026 08:43:57,24.97,1740.80,,,,,
9046,04/30/2026 08:53:57,25.05,3220.48,,,,,
9047,04/30/2026 09:03:57,25.05,1800.32,,,,,
9048,04/30/2026 09:13:57,25.35,2252.16,,,,,
9049,04/30/2026 09:23:57,25.48,2017.92,,,,,
9050,04/30/2026 09:33:57,25.78,4247.04,,,,,
9051,04/30/2026 09:43:57,26.04,2968.32,,,,,
9052,04/30/2026 09:53:57,25.95,2937.60,,,,,
9053,04/30/2026 10:03:57,26.04,5683.20,,,,,
9054,04/30/2026 10:13:57,26.12,3676.16,,,,,
9055,04/30/2026 10:23:57,26.21,2617.60,,,,,
9056,04/30/2026 10:33:57,26.30,4945.92,,,,,
9057,04/30/2026 10:43:57,26.34,2812.16,,,,,
9058,04/30/2026 10:53:57,26.51,4893.44,,,,,
9059,04/30/2026 11:03:57,26.55,4002.56,,,,,
9060,04/30/2026 11:13:57,26.64,6023.68,,,,,
9061,04/30/2026 11:23:57,26.72,5437.44,,,,,
9062,04/30/2026 11:33:57,26.85,5231.36,,,,,
9063,04/30/2026 11:43:57,26.77,4632.32,,,,,
9064,04/30/2026 11:53:57,26.85,3847.68,,,,,
9065,04/30/2026 12:03:57,26.98,4500.48,,,,,
9066,04/30/2026 12:13:57,27.07,6338.56,,,,,
9067,04/30/2026 12:23:57,27.15,5294.08,,,,,
9068,04/30/2026 12:33:57,27.20,4403.20,,,,,
9069,04/30/2026 12:43:57,27.28,4174.08,,,,,
9070,04/30/2026 12:53:57,27.45,16993.28,,,,,
9071,04/30/2026 13:03:57,27.50,2452.48,,,,,
9072,04/30/2026 13:13:57,27.71,27207.68,,,,,
9073,04/30/2026 13:23:57,27.88,25344.00,,,,,
9074,04/30/2026 13:33:57,27.88,29163.52,,,,,
9075,04/30/2026 13:43:57,28.10,16373.76,,,,,
9076,04/30/2026 13:53:57,28.14,8542.72,,,,,
9077,04/30/2026 14:03:57,27.75,5401.60,,,,,
9078,04/30/2026 14:13:57,28.31,22804.48,,,,,
9079,04/30/2026 14:23:57,28.40,21995.52,,,,,
9080,04/30/2026 14:33:57,29.08,57815.04,,,,,
9081,04/30/2026 14:43:57,29.56,20736.00,,,,,
9082,04/30/2026 14:53:57,29.04,21063.68,,,,,
9083,04/30/2026 15:03:57,28.74,18519.04,,,,,
9084,04/30/2026 15:13:57,29.04,18329.60,,,,,
9085,04/30/2026 15:23:57,28.95,15974.40,,,,,
9086,04/30/2026 15:33:57,28.95,15907.84,,,,,
9087,04/30/2026 15:43:57,28.87,14295.04,,,,,
9088,04/30/2026 15:53:57,28.61,13665.28,,,,,
9089,04/30/2026 16:03:57,28.18,1898.88,,,,,
9090,04/30/2026 16:13:57,27.97,3825.92,,,,,
9091,04/30/2026 16:23:57,27.71,3847.68,,,,,
9092,04/30/2026 16:33:57,27.58,2615.68,,,,,
9093,04/30/2026 16:43:57,27.58,9684.48,,,,,
9094,04/30/2026 16:53:57,27.24,1549.44,,,,,
9095,04/30/2026 17:03:57,27.07,1442.56,,,,,
9096,04/30/2026 17:13:57,26.98,2912.00,,,,,
9097,04/30/2026 17:23:57,26.81,1225.60,,,,,
9098,04/30/2026 17:33:57,26.68,1064.64,,,,,
9099,04/30/2026 17:43:57,26.51,578.24,,,,,
9100,04/30/2026 17:53:57,26.30,1177.60,,,,,
9101,04/30/2026 18:03:57,26.17,491.68,,,,,
9102,04/30/2026 18:13:57,26.04,1266.24,,,,,
9103,04/30/2026 18:23:57,25.99,394.72,,,,,
9104,04/30/2026 18:33:57,25.82,241.12,,,,,
9105,04/30/2026 18:43:57,25.74,192.40,,,,,
9106,04/30/2026 18:53:57,25.65,59.88,,,,,
9107,04/30/2026 19:03:57,25.61,16.32,,,,,
9108,04/30/2026 19:13:57,25.48,1.56,,,,,
9109,04/30/2026 19:23:57,25.44,0.00,,,,,
9110,04/30/2026 19:33:57,25.31,0.00,,,,,
9111,04/30/2026 19:43:57,25.27,0.00,,,,,
9112,04/30/2026 19:53:57,25.22,0.00,,,,,
9113,04/30/2026 20:03:57,25.18,0.00,,,,,
9114,04/30/2026 20:13:57,25.14,0.00,,,,,
9115,04/30/2026 20:23:57,25.14,0.00,,,,,
9116,04/30/2026 20:33:57,25.09,0.00,,,,,
9117,04/30/2026 20:43:57,25.09,0.00,,,,,
9118,04/30/2026 20:53:57,25.05,0.00,,,,,
9119,04/30/2026 21:03:57,25.01,0.00,,,,,
9120,04/30/2026 21:13:57,24.97,0.00,,,,,
9121,04/30/2026 21:23:57,24.97,0.00,,,,,
9122,04/30/2026 21:33:57,24.92,0.00,,,,,
9123,04/30/2026 21:43:57,24.84,0.00,,,,,
9124,04/30/2026 21:53:57,24.79,0.00,,,,,
9125,04/30/2026 22:03:57,24.79,0.00,,,,,
9126,04/30/2026 22:13:57,24.71,0.00,,,,,
9127,04/30/2026 22:23:57,24.71,0.00,,,,,
9128,04/30/2026 22:33:57,24.75,0.00,,,,,
9129,04/30/2026 22:43:57,24.71,0.00,,,,,
9130,04/30/2026 22:53:57,24.58,0.00,,,,,
9131,04/30/2026 23:03:57,24.66,0.00,,,,,
9132,04/30/2026 23:13:57,24.58,0.00,,,,,
9133,04/30/2026 23:23:57,24.58,0.00,,,,,
9134,04/30/2026 23:33:57,24.54,0.00,,,,,
9135,04/30/2026 23:43:57,24.54,0.00,,,,,
9136,04/30/2026 23:53:57,24.45,0.00,,,,,
9137,05/01/2026 00:03:57,24.45,0.00,,,,,
9138,05/01/2026 00:13:57,24.41,0.00,,,,,
9139,05/01/2026 00:23:57,24.36,0.00,,,,,
9140,05/01/2026 00:33:57,24.41,0.00,,,,,
9141,05/01/2026 00:43:57,24.32,0.00,,,,,
9142,05/01/2026 00:53:57,24.36,0.00,,,,,
9143,05/01/2026 01:03:57,24.32,0.00,,,,,
9144,05/01/2026 01:13:57,24.36,0.00,,,,,
9145,05/01/2026 01:23:57,24.28,0.00,,,,,
9146,05/01/2026 01:33:57,24.32,0.00,,,,,
9147,05/01/2026 01:43:57,24.32,0.00,,,,,
9148,05/01/2026 01:53:57,24.32,0.00,,,,,
9149,05/01/2026 02:03:57,24.32,0.00,,,,,
9150,05/01/2026 02:13:57,24.32,0.00,,,,,
9151,05/01/2026 02:23:57,24.32,0.00,,,,,
9152,05/01/2026 02:33:57,24.28,0.00,,,,,
9153,05/01/2026 02:43:57,24.32,0.00,,,,,
9154,05/01/2026 02:53:57,24.32,0.00,,,,,
9155,05/01/2026 03:03:57,24.28,0.00,,,,,
9156,05/01/2026 03:13:57,24.32,0.00,,,,,
9157,05/01/2026 03:23:57,24.28,0.00,,,,,
9158,05/01/2026 03:33:57,24.28,0.00,,,,,
9159,05/01/2026 03:43:57,24.24,0.00,,,,,
9160,05/01/2026 03:53:57,24.19,0.00,,,,,
9161,05/01/2026 04:03:57,24.28,0.00,,,,,
9162,05/01/2026 04:13:57,24.19,0.00,,,,,
9163,05/01/2026 04:23:57,24.24,0.00,,,,,
9164,05/01/2026 04:33:57,24.19,0.00,,,,,
9165,05/01/2026 04:43:57,24.24,0.00,,,,,
9166,05/01/2026 04:53:57,24.24,0.00,,,,,
9167,05/01/2026 05:03:57,24.19,0.00,,,,,
9168,05/01/2026 05:13:57,24.19,0.00,,,,,
9169,05/01/2026 05:23:57,24.24,0.00,,,,,
9170,05/01/2026 05:33:57,24.24,0.00,,,,,
9171,05/01/2026 05:43:57,24.24,0.98,,,,,
9172,05/01/2026 05:53:57,24.19,20.26,,,,,
9173,05/01/2026 06:03:57,24.24,58.32,,,,,
9174,05/01/2026 06:13:57,24.19,105.44,,,,,
9175,05/01/2026 06:23:57,24.24,193.28,,,,,
9176,05/01/2026 06:33:57,24.19,346.08,,,,,
9177,05/01/2026 06:43:57,24.19,827.84,,,,,
9178,05/01/2026 06:53:57,24.19,524.96,,,,,
9179,05/01/2026 07:03:57,24.24,827.84,,,,,
9180,05/01/2026 07:13:57,24.28,1347.84,,,,,
9181,05/01/2026 07:23:57,24.32,2104.32,,,,,
9182,05/01/2026 07:33:57,24.32,1291.52,,,,,
9183,05/01/2026 07:43:57,24.41,2560.64,,,,,
9184,05/01/2026 07:53:57,24.45,2524.80,,,,,
9185,05/01/2026 08:03:57,24.45,1688.96,,,,,
9186,05/01/2026 08:13:57,24.45,4162.56,,,,,
9187,05/01/2026 08:23:57,24.54,3722.24,,,,,
9188,05/01/2026 08:33:57,24.58,2238.08,,,,,
9189,05/01/2026 08:43:57,24.66,4394.24,,,,,
9190,05/01/2026 08:53:57,24.79,2739.20,,,,,
9191,05/01/2026 09:03:57,24.92,3005.44,,,,,
9192,05/01/2026 09:13:57,25.05,3779.84,,,,,
9193,05/01/2026 09:23:57,25.22,3531.52,,,,,
9194,05/01/2026 09:33:57,25.35,3619.84,,,,,
9195,05/01/2026 09:43:57,25.69,6428.16,,,,,
9196,05/01/2026 09:53:57,26.17,6686.72,,,,,
9197,05/01/2026 10:03:57,26.17,17617.92,,,,,
9198,05/01/2026 10:13:57,26.72,21975.04,,,,,
9199,05/01/2026 10:23:57,26.98,22343.68,,,,,
9200,05/01/2026 10:33:57,26.94,4513.28,,,,,
9201,05/01/2026 10:43:57,26.85,6599.68,,,,,
9202,05/01/2026 10:53:57,27.54,24084.48,,,,,
9203,05/01/2026 11:03:57,27.80,24309.76,,,,,
9204,05/01/2026 11:13:57,27.41,6218.24,,,,,
9205,05/01/2026 11:23:57,27.84,14156.80,,,,,
9206,05/01/2026 11:33:57,28.05,26081.28,,,,,
9207,05/01/2026 11:43:57,27.93,22507.52,,,,,
9208,05/01/2026 11:53:57,28.01,24207.36,,,,,
9209,05/01/2026 12:03:57,28.10,26705.92,,,,,
9210,05/01/2026 12:13:57,27.84,5795.84,,,,,
9211,05/01/2026 12:23:57,27.97,4472.32,,,,,
9212,05/01/2026 12:33:57,28.10,7708.16,,,,,
9213,05/01/2026 12:43:57,28.05,7301.12,,,,,
9214,05/01/2026 12:53:57,28.10,29429.76,,,,,
9215,05/01/2026 13:03:57,28.18,24104.96,,,,,
9216,05/01/2026 13:13:57,28.01,10736.64,,,,,
9217,05/01/2026 13:23:57,28.18,7075.84,,,,,
9218,05/01/2026 13:33:57,27.88,6679.04,,,,,
9219,05/01/2026 13:43:57,28.35,21145.60,,,,,
9220,05/01/2026 13:53:57,28.10,3923.20,,,,,
9221,05/01/2026 14:03:57,29.98,54476.80,,,,,
9222,05/01/2026 14:13:57,26.17,22466.56,,,,,
9223,05/01/2026 14:23:57,27.67,3390.72,,,,,
9224,05/01/2026 14:33:57,24.58,89.88,,,,,
9225,05/01/2026 14:43:57,23.76,108.00,,,,,
9226,05/01/2026 14:53:57,23.29,171.12,,,,,
9227,05/01/2026 15:03:57,24.11,189.28,,,,,
9228,05/01/2026 15:13:57,23.85,190.16,,,,,
9229,05/01/2026 15:23:57,24.06,162.40,,,,,
9230,05/01/2026 15:33:57,23.59,104.00,,,,,
9231,05/01/2026 15:43:57,23.21,119.76,,,,,
9232,05/01/2026 15:53:57,23.46,134.00,,,,,
9233,05/01/2026 16:03:57,23.59,84.40,,,,,
9234,05/01/2026 16:13:57,23.59,105.56,,,,,
9235,05/01/2026 16:23:57,23.68,80.42,,,,,
9236,05/01/2026 16:33:57,23.59,108.00,,,,,
9237,05/01/2026 16:43:57,23.64,90.72,,,,,
9238,05/01/2026 16:53:57,23.46,63.46,,,,,
9239,05/01/2026 17:03:57,23.59,67.82,,,,,
9240,05/01/2026 17:13:57,23.64,59.54,,,,,
9241,05/01/2026 17:23:57,22.91,9.60,,,,,
9242,05/01/2026 17:33:57,22.39,9.21,,,,,
9243,05/01/2026 17:43:57,21.92,9.01,,,,,
9244,05/01/2026 17:53:57,21.62,8.82,,,,,
9245,05/01/2026 18:03:57,21.40,8.62,,,,,
9246,05/01/2026 18:13:57,21.28,9.21,,,,,
9247,05/01/2026 18:23:57,21.15,0.00,,,,,
9248,05/01/2026 18:33:57,21.28,0.00,,,,,
9249,05/01/2026 18:43:57,21.36,0.00,,,,,
9250,05/01/2026 18:53:57,21.40,0.00,,,,,
9251,05/01/2026 19:03:57,21.45,0.19,,,,,
9252,05/01/2026 19:13:57,21.15,55.10,,,,,
9253,05/01/2026 19:23:57,20.89,73.56,,,,,
9254,05/01/2026 19:33:57,20.68,0.00,,,,,
9255,05/01/2026 19:43:57,20.50,0.00,,,,,
9256,05/01/2026 19:53:57,20.16,0.00,,,,,
9257,05/01/2026 20:03:57,19.99,0.00,,,,,
9258,05/01/2026 20:13:57,19.82,0.00,,,,,
9259,05/01/2026 20:23:57,19.69,0.00,,,,,
9260,05/01/2026 20:33:57,19.65,0.00,,,,,
9261,05/01/2026 20:43:57,19.65,0.00,,,,,
9262,05/01/2026 20:53:57,19.60,0.00,,,,,
9263,05/01/2026 21:03:57,19.56,0.00,,,,,
9264,05/01/2026 21:13:57,19.56,0.00,,,,,
9265,05/01/2026 21:23:57,19.56,0.00,,,,,
9266,05/01/2026 21:33:57,19.56,0.00,,,,,
9267,05/01/2026 21:43:57,19.47,0.00,,,,,
9268,05/01/2026 21:53:57,19.43,0.00,,,,,
9269,05/01/2026 22:03:57,19.35,0.00,,,,,
9270,05/01/2026 22:13:57,19.30,0.00,,,,,
9271,05/01/2026 22:23:57,19.35,0.00,,,,,
9272,05/01/2026 22:33:57,19.35,0.00,,,,,
9273,05/01/2026 22:43:57,19.35,0.00,,,,,
9274,05/01/2026 22:53:57,19.35,0.00,,,,,
9275,05/01/2026 23:03:57,19.26,0.00,,,,,
9276,05/01/2026 23:13:57,19.26,0.00,,,,,
9277,05/01/2026 23:23:57,19.22,0.00,,,,,
9278,05/01/2026 23:33:57,19.26,0.00,,,,,
9279,05/01/2026 23:43:57,19.22,0.00,,,,,
9280,05/01/2026 23:53:57,19.22,0.00,,,,,
9281,05/02/2026 00:03:57,19.22,0.00,,,,,
9282,05/02/2026 00:13:57,19.17,0.00,,,,,
9283,05/02/2026 00:23:57,19.22,0.00,,,,,
9284,05/02/2026 00:33:57,19.17,0.00,,,,,
9285,05/02/2026 00:43:57,19.17,0.00,,,,,
9286,05/02/2026 00:53:57,19.22,0.00,,,,,
9287,05/02/2026 01:03:57,19.22,0.00,,,,,
9288,05/02/2026 01:13:57,19.17,0.00,,,,,
9289,05/02/2026 01:23:57,19.26,0.00,,,,,
9290,05/02/2026 01:33:57,19.26,0.00,,,,,
9291,05/02/2026 01:43:57,19.26,0.00,,,,,
9292,05/02/2026 01:53:57,19.30,0.00,,,,,
9293,05/02/2026 02:03:57,19.26,0.00,,,,,
9294,05/02/2026 02:13:57,19.22,0.00,,,,,
9295,05/02/2026 02:23:57,19.13,0.00,,,,,
9296,05/02/2026 02:33:57,19.17,0.00,,,,,
9297,05/02/2026 02:43:57,19.22,0.00,,,,,
9298,05/02/2026 02:53:57,19.17,0.00,,,,,
9299,05/02/2026 03:03:57,19.22,0.00,,,,,
9300,05/02/2026 03:13:57,19.26,0.00,,,,,
9301,05/02/2026 03:23:57,19.22,0.00,,,,,
9302,05/02/2026 03:33:57,19.17,0.00,,,,,
9303,05/02/2026 03:43:57,19.17,0.00,,,,,
9304,05/02/2026 03:53:57,19.17,0.00,,,,,
9305,05/02/2026 04:03:57,19.17,0.00,,,,,
9306,05/02/2026 04:13:57,19.22,0.00,,,,,
9307,05/02/2026 04:23:57,19.22,0.00,,,,,
9308,05/02/2026 04:33:57,19.17,0.00,,,,,
9309,05/02/2026 04:43:57,19.17,0.00,,,,,
9310,05/02/2026 04:53:57,19.22,0.00,,,,,
9311,05/02/2026 05:03:57,19.17,0.00,,,,,
9312,05/02/2026 05:13:57,19.17,0.00,,,,,
9313,05/02/2026 05:23:57,19.22,0.00,,,,,
9314,05/02/2026 05:33:57,19.17,0.00,,,,,
9315,05/02/2026 05:43:57,19.22,0.00,,,,,
9316,05/02/2026 05:53:57,19.26,0.00,,,,,
9317,05/02/2026 06:03:57,19.17,0.00,,,,,
9318,05/02/2026 06:13:57,19.22,0.00,,,,,
9319,05/02/2026 06:23:57,19.17,0.00,,,,,
9320,05/02/2026 06:33:57,19.22,0.19,,,,,
9321,05/02/2026 06:43:57,19.17,0.00,,,,,
9322,05/02/2026 06:53:57,19.26,0.00,,,,,
9323,05/02/2026 07:03:57,19.22,0.00,,,,,
9324,05/02/2026 07:13:57,19.22,0.00,,,,,
9325,05/02/2026 07:23:57,19.22,0.00,,,,,
9326,05/02/2026 07:33:57,19.22,0.00,,,,,
9327,05/02/2026 07:43:57,19.17,0.00,,,,,
9328,05/02/2026 07:53:57,19.13,0.00,,,,,
9329,05/02/2026 08:03:57,19.17,0.00,,,,,
9330,05/02/2026 08:13:57,19.17,0.00,,,,,
9331,05/02/2026 08:23:57,19.13,0.00,,,,,
9332,05/02/2026 08:33:57,19.17,0.00,,,,,
9333,05/02/2026 08:43:57,19.17,0.00,,,,,
9334,05/02/2026 08:53:57,19.22,0.00,,,,,
9335,05/02/2026 09:03:57,19.13,0.00,,,,,
9336,05/02/2026 09:13:57,19.13,0.00,,,,,
9337,05/02/2026 09:23:57,19.17,0.00,,,,,
9338,05/02/2026 09:33:57,19.09,0.00,,,,,
9339,05/02/2026 09:43:57,19.13,0.00,,,,,
9340,05/02/2026 09:53:57,19.13,0.00,,,,,
9341,05/02/2026 10:03:57,19.13,0.00,,,,,
9342,05/02/2026 10:13:57,19.13,0.19,,,,,
9343,05/02/2026 10:23:57,19.13,0.00,,,,,
9344,05/02/2026 10:33:57,19.09,0.00,,,,,
9345,05/02/2026 10:43:57,19.17,0.00,,,,,
9346,05/02/2026 10:53:57,19.17,0.00,,,,,
9347,05/02/2026 11:03:57,19.13,0.00,,,,,
9348,05/02/2026 11:13:57,19.13,0.00,,,,,
9349,05/02/2026 11:23:57,19.17,0.00,,,,,
9350,05/02/2026 11:33:57,19.22,0.00,,,,,
9351,05/02/2026 11:43:57,19.13,66.90,,,,,
9352,05/02/2026 11:53:57,19.30,0.00,,,,,
9353,05/02/2026 12:03:57,19.35,0.00,,,,,
9354,05/02/2026 12:13:57,19.30,0.00,,,,,
9355,05/02/2026 12:23:57,19.35,0.00,,,,,
9356,05/02/2026 12:33:57,19.52,0.00,,,,,
9357,05/02/2026 12:43:57,19.52,0.00,,,,,
9358,05/02/2026 12:53:57,19.52,0.00,,,,,
9359,05/02/2026 13:03:57,19.52,0.00,,,,,
9360,05/02/2026 13:13:57,19.52,0.00,,,,,
9361,05/02/2026 13:23:57,19.52,0.00,,,,,
9362,05/02/2026 13:33:57,19.52,0.00,,,,,
9363,05/02/2026 13:43:57,19.47,39.94,,,,,
9364,05/02/2026 13:53:57,19.52,73.56,,,,,
9365,05/02/2026 14:03:57,19.52,73.96,,,,,
9366,05/02/2026 14:13:57,19.52,73.96,,,,,
9367,05/02/2026 14:23:57,19.60,73.96,,,,,
9368,05/02/2026 14:33:57,19.69,73.56,,,,,
9369,05/02/2026 14:43:57,19.69,144.08,,,,,
9370,05/02/2026 14:53:57,19.77,0.00,,,,,
9371,05/02/2026 15:03:57,19.77,0.00,,,,,
9372,05/02/2026 15:13:57,19.82,0.00,,,,,
9373,05/02/2026 15:23:57,19.82,0.00,,,,,
9374,05/02/2026 15:33:57,19.82,0.00,,,,,
9375,05/02/2026 15:43:57,19.82,0.00,,,,,
9376,05/02/2026 15:53:57,19.73,0.00,,,,,
9377,05/02/2026 16:03:57,19.69,0.00,,,,,
9378,05/02/2026 16:13:57,19.69,0.00,,,,,
9379,05/02/2026 16:23:57,19.69,0.00,,,,,
9380,05/02/2026 16:33:57,19.73,0.00,,,,,
9381,05/02/2026 16:43:57,19.65,0.00,,,,,
9382,05/02/2026 16:53:57,19.60,0.00,,,,,
9383,05/02/2026 17:03:57,19.60,0.00,,,,,
9384,05/02/2026 17:13:57,19.60,0.00,,,,,
9385,05/02/2026 17:23:57,19.56,0.00,,,,,
9386,05/02/2026 17:33:57,19.60,0.00,,,,,
9387,05/02/2026 17:43:57,19.60,0.00,,,,,
9388,05/02/2026 17:53:57,19.60,0.00,,,,,
9389,05/02/2026 18:03:57,19.56,0.00,,,,,
9390,05/02/2026 18:13:57,19.56,0.00,,,,,
9391,05/02/2026 18:23:57,19.56,0.00,,,,,
9392,05/02/2026 18:33:57,19.56,0.00,,,,,
9393,05/02/2026 18:43:57,19.52,0.00,,,,,
9394,05/02/2026 18:53:57,19.56,0.00,,,,,
9395,05/02/2026 19:03:57,19.56,0.00,,,,,
9396,05/02/2026 19:13:57,19.52,0.00,,,,,
9397,05/02/2026 19:23:57,19.43,0.00,,,,,
9398,05/02/2026 19:33:57,19.47,0.00,,,,,
9399,05/02/2026 19:43:57,19.52,0.00,,,,,
9400,05/02/2026 19:53:57,19.47,0.00,,,,,
9401,05/02/2026 20:03:57,19.47,0.00,,,,,
9402,05/02/2026 20:13:57,19.47,0.00,,,,,
9403,05/02/2026 20:23:57,19.43,0.00,,,,,
9404,05/02/2026 20:33:57,19.47,0.00,,,,,
9405,05/02/2026 20:43:57,19.43,0.00,,,,,
9406,05/02/2026 20:53:57,19.47,0.00,,,,,
9407,05/02/2026 21:03:57,19.43,0.00,,,,,
9408,05/02/2026 21:13:57,19.47,0.00,,,,,
9409,05/02/2026 21:23:57,19.47,0.00,,,,,
9410,05/02/2026 21:33:57,19.43,0.00,,,,,
9411,05/02/2026 21:43:57,19.43,0.19,,,,,
9412,05/02/2026 21:53:57,19.43,0.00,,,,,
9413,05/02/2026 22:03:57,19.43,0.00,,,,,
9414,05/02/2026 22:13:57,19.39,0.00,,,,,
9415,05/02/2026 22:23:57,19.39,0.00,,,,,
9416,05/02/2026 22:33:57,19.43,0.00,,,,,
9417,05/02/2026 22:43:57,19.43,0.00,,,,,
9418,05/02/2026 22:53:57,19.43,0.00,,,,,
9419,05/02/2026 23:03:57,19.35,0.00,,,,,
9420,05/02/2026 23:13:57,19.43,0.00,,,,,
9421,05/02/2026 23:23:57,19.39,0.00,,,,,
9422,05/02/2026 23:33:57,19.43,0.00,,,,,
9423,05/02/2026 23:43:57,19.43,0.00,,,,,
9424,05/02/2026 23:53:57,19.43,0.00,,,,,
9425,05/03/2026 00:03:57,19.39,0.00,,,,,
9426,05/03/2026 00:13:57,19.39,0.00,,,,,
9427,05/03/2026 00:23:57,19.43,0.00,,,,,
9428,05/03/2026 00:33:57,19.43,0.00,,,,,
9429,05/03/2026 00:43:57,19.43,0.00,,,,,
9430,05/03/2026 00:53:57,19.43,0.00,,,,,
9431,05/03/2026 01:03:57,19.35,0.00,,,,,
9432,05/03/2026 01:13:57,19.39,0.00,,,,,
9433,05/03/2026 01:23:57,19.39,0.19,,,,,
9434,05/03/2026 01:33:57,19.39,0.00,,,,,
9435,05/03/2026 01:43:57,19.39,0.00,,,,,
9436,05/03/2026 01:53:57,19.39,0.00,,,,,
9437,05/03/2026 02:03:57,19.39,0.00,,,,,
9438,05/03/2026 02:13:57,19.39,0.00,,,,,
9439,05/03/2026 02:23:57,19.43,0.00,,,,,
9440,05/03/2026 02:33:57,19.43,0.00,,,,,
9441,05/03/2026 02:43:57,19.39,0.00,,,,,
9442,05/03/2026 02:53:57,19.43,0.00,,,,,
9443,05/03/2026 03:03:57,19.43,0.00,,,,,
9444,05/03/2026 03:13:57,19.39,0.00,,,,,
9445,05/03/2026 03:23:57,19.47,0.00,,,,,
9446,05/03/2026 03:33:57,19.39,0.00,,,,,
9447,05/03/2026 03:43:57,19.39,0.00,,,,,
9448,05/03/2026 03:53:57,19.39,0.00,,,,,
9449,05/03/2026 04:03:57,19.39,0.00,,,,,
9450,05/03/2026 04:13:57,19.43,0.00,,,,,
9451,05/03/2026 04:23:57,19.39,0.00,,,,,
9452,05/03/2026 04:33:57,19.43,0.00,,,,,
9453,05/03/2026 04:43:57,19.39,0.00,,,,,
9454,05/03/2026 04:53:57,19.47,0.00,,,,,
9455,05/03/2026 05:03:57,19.43,0.00,,,,,
9456,05/03/2026 05:13:57,19.43,0.00,,,,,
9457,05/03/2026 05:23:57,19.47,0.00,,,,,
9458,05/03/2026 05:33:57,19.47,0.00,,,,,
9459,05/03/2026 05:43:57,19.43,0.00,,,,,
9460,05/03/2026 05:53:57,19.43,0.00,,,,,
9461,05/03/2026 06:03:57,19.47,0.00,,,,,
9462,05/03/2026 06:13:57,19.43,0.00,,,,,
9463,05/03/2026 06:23:57,19.39,0.00,,,,,
9464,05/03/2026 06:33:57,19.47,0.00,,,,,
9465,05/03/2026 06:43:57,19.47,0.00,,,,,
9466,05/03/2026 06:53:57,19.43,0.00,,,,,
9467,05/03/2026 07:03:57,19.47,0.00,,,,,
9468,05/03/2026 07:13:57,19.47,0.00,,,,,
9469,05/03/2026 07:23:57,19.47,0.00,,,,,
9470,05/03/2026 07:33:57,19.47,0.00,,,,,
9471,05/03/2026 07:43:57,19.47,0.00,,,,,
9472,05/03/2026 07:53:57,19.52,0.00,,,,,
9473,05/03/2026 08:03:57,19.52,0.00,,,,,
9474,05/03/2026 08:13:57,19.47,0.00,,,,,
9475,05/03/2026 08:23:57,19.43,0.00,,,,,
9476,05/03/2026 08:33:57,19.47,0.00,,,,,
9477,05/03/2026 08:43:57,19.52,0.00,,,,,
9478,05/03/2026 08:53:57,19.47,0.00,,,,,
9479,05/03/2026 09:03:57,19.47,0.00,,,,,
9480,05/03/2026 09:13:57,19.52,0.00,,,,,
9481,05/03/2026 09:23:57,19.47,0.00,,,,,
9482,05/03/2026 09:33:57,19.47,0.00,,,,,
9483,05/03/2026 09:43:57,19.52,0.00,,,,,
9484,05/03/2026 09:53:57,19.47,0.00,,,,,
9485,05/03/2026 10:03:57,19.52,0.00,,,,,
9486,05/03/2026 10:13:57,19.47,0.00,,,,,
9487,05/03/2026 10:23:57,19.43,0.00,,,,,
9488,05/03/2026 10:33:57,19.47,0.00,,,,,
9489,05/03/2026 10:43:57,19.52,0.00,,,,,
9490,05/03/2026 10:53:57,19.47,0.00,,,,,
9491,05/03/2026 11:03:57,19.47,0.00,,,,,
9492,05/03/2026 11:13:57,19.52,0.00,,,,,
9493,05/03/2026 11:23:57,19.52,0.00,,,,,
9494,05/03/2026 11:33:57,19.56,0.00,,,,,
9495,05/03/2026 11:43:57,19.52,0.00,,,,,
9496,05/03/2026 11:53:57,19.47,0.00,,,,,
9497,05/03/2026 12:03:57,19.52,0.00,,,,,
9498,05/03/2026 12:13:57,19.52,0.00,,,,,
9499,05/03/2026 12:23:57,19.52,0.00,,,,,
9500,05/03/2026 12:33:57,19.52,0.00,,,,,
9501,05/03/2026 12:43:57,19.52,0.00,,,,,
9502,05/03/2026 12:53:57,19.47,0.19,,,,,
9503,05/03/2026 13:03:57,19.47,0.00,,,,,
9504,05/03/2026 13:13:57,19.52,0.00,,,,,
9505,05/03/2026 13:23:57,19.52,0.00,,,,,
9506,05/03/2026 13:33:57,19.47,0.00,,,,,
9507,05/03/2026 13:43:57,19.47,0.00,,,,,
9508,05/03/2026 13:53:57,19.52,0.00,,,,,
9509,05/03/2026 14:03:57,19.52,0.00,,,,,
9510,05/03/2026 14:13:57,19.47,0.00,,,,,
9511,05/03/2026 14:23:57,19.52,0.00,,,,,
9512,05/03/2026 14:33:57,19.52,0.00,,,,,
9513,05/03/2026 14:43:57,19.47,0.00,,,,,
9514,05/03/2026 14:53:57,19.56,0.00,,,,,
9515,05/03/2026 15:03:57,19.47,0.00,,,,,
9516,05/03/2026 15:13:57,19.52,0.00,,,,,
9517,05/03/2026 15:23:57,19.52,0.00,,,,,
9518,05/03/2026 15:33:57,19.52,0.00,,,,,
9519,05/03/2026 15:43:57,19.52,0.00,,,,,
9520,05/03/2026 15:53:57,19.52,0.00,,,,,
9521,05/03/2026 16:03:57,19.47,0.00,,,,,
9522,05/03/2026 16:13:57,19.47,0.00,,,,,
9523,05/03/2026 16:23:57,19.52,0.00,,,,,
9524,05/03/2026 16:33:57,19.52,0.19,,,,,
9525,05/03/2026 16:43:57,19.56,0.00,,,,,
9526,05/03/2026 16:53:57,19.56,0.00,,,,,
9527,05/03/2026 17:03:57,19.52,0.00,,,,,
9528,05/03/2026 17:13:57,19.52,0.00,,,,,
9529,05/03/2026 17:23:57,19.56,0.00,,,,,
9530,05/03/2026 17:33:57,19.52,0.00,,,,,
9531,05/03/2026 17:43:57,19.56,0.00,,,,,
9532,05/03/2026 17:53:57,19.56,0.00,,,,,
9533,05/03/2026 18:03:57,19.52,0.00,,,,,
9534,05/03/2026 18:13:57,19.56,0.00,,,,,
9535,05/03/2026 18:23:57,19.52,0.00,,,,,
9536,05/03/2026 18:33:57,19.56,0.00,,,,,
9537,05/03/2026 18:43:57,19.52,0.00,,,,,
9538,05/03/2026 18:53:57,19.52,0.00,,,,,
9539,05/03/2026 19:03:57,19.52,0.00,,,,,
9540,05/03/2026 19:13:57,19.47,0.00,,,,,
9541,05/03/2026 19:23:57,19.52,0.00,,,,,
9542,05/03/2026 19:33:57,19.52,0.00,,,,,
9543,05/03/2026 19:43:57,19.56,0.00,,,,,
9544,05/03/2026 19:53:57,19.52,0.00,,,,,
9545,05/03/2026 20:03:57,19.56,0.00,,,,,
9546,05/03/2026 20:13:57,19.52,0.00,,,,,
9547,05/03/2026 20:23:57,19.56,0.00,,,,,
9548,05/03/2026 20:33:57,19.52,0.00,,,,,
9549,05/03/2026 20:43:57,19.56,0.00,,,,,
9550,05/03/2026 20:53:57,19.52,0.00,,,,,
9551,05/03/2026 21:03:57,19.52,0.00,,,,,
9552,05/03/2026 21:13:57,19.52,0.00,,,,,
9553,05/03/2026 21:23:57,19.52,0.00,,,,,
9554,05/03/2026 21:33:57,19.56,0.00,,,,,
9555,05/03/2026 21:43:57,19.56,0.00,,,,,
9556,05/03/2026 21:53:57,19.52,0.00,,,,,
9557,05/03/2026 22:03:57,19.47,0.00,,,,,
9558,05/03/2026 22:13:57,19.52,0.00,,,,,
9559,05/03/2026 22:23:57,19.56,0.00,,,,,
9560,05/03/2026 22:33:57,19.52,0.00,,,,,
9561,05/03/2026 22:43:57,19.56,0.00,,,,,
9562,05/03/2026 22:53:57,19.56,0.00,,,,,
9563,05/03/2026 23:03:57,19.60,0.00,,,,,
9564,05/03/2026 23:13:57,19.60,0.00,,,,,
9565,05/03/2026 23:23:57,19.56,0.00,,,,,
9566,05/03/2026 23:33:57,19.56,0.00,,,,,
9567,05/03/2026 23:43:57,19.52,0.00,,,,,
9568,05/03/2026 23:53:57,19.52,0.00,,,,,
9569,05/04/2026 00:03:57,19.52,0.00,,,,,
9570,05/04/2026 00:13:57,19.52,0.00,,,,,
9571,05/04/2026 00:23:57,19.56,0.19,,,,,
9572,05/04/2026 00:33:57,19.56,0.00,,,,,
9573,05/04/2026 00:43:57,19.52,0.00,,,,,
9574,05/04/2026 00:53:57,19.52,0.00,,,,,
9575,05/04/2026 01:03:57,19.52,0.00,,,,,
9576,05/04/2026 01:13:57,19.52,0.00,,,,,
9577,05/04/2026 01:23:57,19.47,0.00,,,,,
9578,05/04/2026 01:33:57,19.47,0.00,,,,,
9579,05/04/2026 01:43:57,19.52,0.00,,,,,
9580,05/04/2026 01:53:57,19.52,0.00,,,,,
9581,05/04/2026 02:03:57,19.52,0.00,,,,,
9582,05/04/2026 02:13:57,19.52,0.00,,,,,
9583,05/04/2026 02:23:57,19.47,0.00,,,,,
9584,05/04/2026 02:33:57,19.56,0.00,,,,,
9585,05/04/2026 02:43:57,19.52,0.00,,,,,
9586,05/04/2026 02:53:57,19.52,0.00,,,,,
9587,05/04/2026 03:03:57,19.47,0.00,,,,,
9588,05/04/2026 03:13:57,19.47,0.00,,,,,
9589,05/04/2026 03:23:57,19.52,0.00,,,,,
9590,05/04/2026 03:33:57,19.47,0.00,,,,,
9591,05/04/2026 03:43:57,19.52,0.00,,,,,
9592,05/04/2026 03:53:57,19.47,0.00,,,,,
9593,05/04/2026 04:03:57,19.47,0.19,,,,,
9594,05/04/2026 04:13:57,19.52,0.00,,,,,
9595,05/04/2026 04:23:57,19.52,0.00,,,,,
9596,05/04/2026 04:33:57,19.47,0.00,,,,,
9597,05/04/2026 04:43:57,19.52,0.00,,,,,
9598,05/04/2026 04:53:57,19.47,0.00,,,,,
9599,05/04/2026 05:03:57,19.47,0.00,,,,,
9600,05/04/2026 05:13:57,19.47,0.00,,,,,
9601,05/04/2026 05:23:57,19.47,0.00,,,,,
9602,05/04/2026 05:33:57,19.47,0.00,,,,,
9603,05/04/2026 05:43:57,19.47,0.00,,,,,
9604,05/04/2026 05:53:57,19.47,0.00,,,,,
9605,05/04/2026 06:03:57,19.52,0.00,,,,,
9606,05/04/2026 06:13:57,19.47,0.00,,,,,
9607,05/04/2026 06:23:57,19.43,0.00,,,,,
9608,05/04/2026 06:33:57,19.47,0.00,,,,,
9609,05/04/2026 06:43:57,19.47,0.00,,,,,
9610,05/04/2026 06:53:57,19.52,0.00,,,,,
9611,05/04/2026 07:03:57,19.52,0.00,,,,,
9612,05/04/2026 07:13:57,19.47,0.00,,,,,
9613,05/04/2026 07:23:57,19.52,0.00,,,,,
9614,05/04/2026 07:33:57,19.47,0.00,,,,,
9615,05/04/2026 07:43:57,19.52,0.00,,,,,
9616,05/04/2026 07:53:57,19.47,0.00,,,,,
9617,05/04/2026 08:03:57,19.52,0.00,,,,,
9618,05/04/2026 08:13:57,19.52,0.00,,,,,
9619,05/04/2026 08:23:57,19.43,0.00,,,,,
9620,05/04/2026 08:33:57,19.47,0.00,,,,,
9621,05/04/2026 08:43:57,19.47,0.00,,,,,
9622,05/04/2026 08:53:57,19.52,0.00,,,,,
9623,05/04/2026 09:03:57,19.56,136.12,,,,,
9624,05/04/2026 09:13:57,19.56,144.88,,,,,
9625,05/04/2026 09:23:57,19.60,144.88,,,,,
9626,05/04/2026 09:33:57,19.69,144.88,,,,,
9627,05/04/2026 09:43:57,19.69,144.88,,,,,
9628,05/04/2026 09:53:57,19.77,144.08,,,,,
9629,05/04/2026 10:03:57,19.82,144.88,,,,,
9630,05/04/2026 10:13:57,19.86,144.88,,,,,
9631,05/04/2026 10:23:57,19.86,144.88,,,,,
9632,05/04/2026 10:33:57,19.90,144.88,,,,,
9633,05/04/2026 10:43:57,19.90,144.88,,,,,
9634,05/04/2026 10:53:57,19.95,144.88,,,,,
9635,05/04/2026 11:03:57,19.99,144.88,,,,,
9636,05/04/2026 11:13:57,19.95,145.64,,,,,
9637,05/04/2026 11:23:57,20.03,145.56,,,,,
9638,05/04/2026 11:33:57,20.16,145.56,,,,,
9639,05/04/2026 11:43:57,20.29,145.56,,,,,
9640,05/04/2026 11:53:57,20.50,144.88,,,,,
9641,05/04/2026 12:03:57,20.55,145.56,,,,,
9642,05/04/2026 12:13:57,20.59,144.08,,,,,
9643,05/04/2026 12:23:57,20.63,144.88,,,,,
9644,05/04/2026 12:33:57,20.76,144.88,,,,,
9645,05/04/2026 12:43:57,20.76,144.88,,,,,
9646,05/04/2026 12:53:57,20.72,144.88,,,,,
9647,05/04/2026 13:03:57,20.76,144.88,,,,,
9648,05/04/2026 13:13:57,20.72,144.88,,,,,
9649,05/04/2026 13:23:57,20.76,144.88,,,,,
9650,05/04/2026 13:33:57,20.80,145.64,,,,,
9651,05/04/2026 13:43:57,20.76,114.08,,,,,
9652,05/04/2026 13:53:57,20.85,114.88,,,,,
9653,05/04/2026 14:03:57,20.80,114.08,,,,,
9654,05/04/2026 14:13:57,20.85,114.08,,,,,
9655,05/04/2026 14:23:57,20.80,116.44,,,,,
9656,05/04/2026 14:33:57,20.80,116.44,,,,,
9657,05/04/2026 14:43:57,20.89,117.20,,,,,
9658,05/04/2026 14:53:57,20.89,115.64,,,,,
9659,05/04/2026 15:03:57,20.93,115.64,,,,,
9660,05/04/2026 15:13:57,20.93,145.64,,,,,
9661,05/04/2026 15:23:57,20.93,146.44,,,,,
9662,05/04/2026 15:33:57,21.10,1.37,,,,,
9663,05/04/2026 15:43:57,21.49,0.39,,,,,
9664,05/04/2026 15:53:57,21.96,0.00,,,,,
9665,05/04/2026 16:03:57,24.41,90.36,,,,,
9666,05/04/2026 16:13:57,25.52,97.80,,,,,
9667,05/04/2026 16:23:04,,,,Logged,Logged,,
9668,05/04/2026 16:23:07,,,,,,Logged,Logged
