#,Date-Time (HST),Temperature   (°C),Started,Host Connected,End of File
1,2/26/26 13:39,22.091,Logged,,
2,2/26/26 13:49,22.273,,,
3,2/26/26 13:59,21.93,,,
4,2/26/26 14:09,21.78,,,
5,2/26/26 14:19,21.758,,,
6,2/26/26 14:29,21.909,,,
7,2/26/26 14:39,22.305,,,
8,2/26/26 14:49,22.745,,,
9,2/26/26 14:59,22.981,,,
10,2/26/26 15:09,23.303,,,
11,2/26/26 15:19,23.732,,,
12,2/26/26 15:29,24.45,,,
13,2/26/26 15:39,24.697,,,
14,2/26/26 15:49,24.214,,,
15,2/26/26 15:59,24.043,,,
16,2/26/26 16:09,23.85,,,
17,2/26/26 16:19,23.668,,,
18,2/26/26 16:29,23.356,,,
19,2/26/26 16:39,22.37,,,
20,2/26/26 16:49,21.64,,,
21,2/26/26 16:59,21.051,,,
22,2/26/26 17:09,20.782,,,
23,2/26/26 17:19,20.707,,,
24,2/26/26 17:29,20.579,,,
25,2/26/26 17:39,20.396,,,
26,2/26/26 17:49,20.396,,,
27,2/26/26 17:59,20.386,,,
28,2/26/26 18:09,20.375,,,
29,2/26/26 18:19,20.375,,,
30,2/26/26 18:29,20.353,,,
31,2/26/26 18:39,20.278,,,
32,2/26/26 18:49,20.246,,,
33,2/26/26 18:59,20.214,,,
34,2/26/26 19:09,20.203,,,
35,2/26/26 19:19,20.214,,,
36,2/26/26 19:29,20.203,,,
37,2/26/26 19:39,20.16,,,
38,2/26/26 19:49,20.16,,,
39,2/26/26 19:59,20.16,,,
40,2/26/26 20:09,20.128,,,
41,2/26/26 20:19,20.107,,,
42,2/26/26 20:29,20.085,,,
43,2/26/26 20:39,20.096,,,
44,2/26/26 20:49,20.096,,,
45,2/26/26 20:59,20.064,,,
46,2/26/26 21:09,20.064,,,
47,2/26/26 21:19,20.032,,,
48,2/26/26 21:29,20.075,,,
49,2/26/26 21:39,20.053,,,
50,2/26/26 21:49,19.989,,,
51,2/26/26 21:59,20,,,
52,2/26/26 22:09,19.978,,,
53,2/26/26 22:19,19.957,,,
54,2/26/26 22:29,19.946,,,
55,2/26/26 22:39,19.914,,,
56,2/26/26 22:49,19.924,,,
57,2/26/26 22:59,19.924,,,
58,2/26/26 23:09,19.903,,,
59,2/26/26 23:19,19.914,,,
60,2/26/26 23:29,19.903,,,
61,2/26/26 23:39,19.903,,,
62,2/26/26 23:49,19.914,,,
63,2/26/26 23:59,19.924,,,
64,2/27/26 0:09,19.924,,,
65,2/27/26 0:19,19.924,,,
66,2/27/26 0:29,19.924,,,
67,2/27/26 0:39,19.935,,,
68,2/27/26 0:49,19.935,,,
69,2/27/26 0:59,19.946,,,
70,2/27/26 1:09,19.935,,,
71,2/27/26 1:19,19.935,,,
72,2/27/26 1:29,19.978,,,
73,2/27/26 1:39,19.978,,,
74,2/27/26 1:49,19.957,,,
75,2/27/26 1:59,19.935,,,
76,2/27/26 2:09,19.935,,,
77,2/27/26 2:19,19.957,,,
78,2/27/26 2:29,19.946,,,
79,2/27/26 2:39,19.957,,,
80,2/27/26 2:49,19.957,,,
81,2/27/26 2:59,19.967,,,
82,2/27/26 3:09,19.946,,,
83,2/27/26 3:19,19.946,,,
84,2/27/26 3:29,19.924,,,
85,2/27/26 3:39,19.946,,,
86,2/27/26 3:49,19.935,,,
87,2/27/26 3:59,19.935,,,
88,2/27/26 4:09,19.914,,,
89,2/27/26 4:19,19.924,,,
90,2/27/26 4:29,19.924,,,
91,2/27/26 4:39,19.924,,,
92,2/27/26 4:49,19.914,,,
93,2/27/26 4:59,19.914,,,
94,2/27/26 5:09,19.924,,,
95,2/27/26 5:19,19.914,,,
96,2/27/26 5:29,19.892,,,
97,2/27/26 5:39,19.914,,,
98,2/27/26 5:49,19.903,,,
99,2/27/26 5:59,19.892,,,
100,2/27/26 6:09,19.86,,,
101,2/27/26 6:19,19.86,,,
102,2/27/26 6:29,19.871,,,
103,2/27/26 6:39,19.882,,,
104,2/27/26 6:49,19.86,,,
105,2/27/26 6:59,19.882,,,
106,2/27/26 7:09,19.849,,,
107,2/27/26 7:19,19.774,,,
108,2/27/26 7:29,19.764,,,
109,2/27/26 7:39,19.796,,,
110,2/27/26 7:49,19.774,,,
111,2/27/26 7:59,19.785,,,
112,2/27/26 8:09,19.731,,,
113,2/27/26 8:19,19.731,,,
114,2/27/26 8:29,19.753,,,
115,2/27/26 8:39,19.764,,,
116,2/27/26 8:49,19.828,,,
117,2/27/26 8:59,19.849,,,
118,2/27/26 9:09,19.882,,,
119,2/27/26 9:19,19.967,,,
120,2/27/26 9:29,20,,,
121,2/27/26 9:39,20.021,,,
122,2/27/26 9:49,20.096,,,
123,2/27/26 9:59,20.118,,,
124,2/27/26 10:09,20.139,,,
125,2/27/26 10:19,20.182,,,
126,2/27/26 10:29,20.203,,,
127,2/27/26 10:39,20.214,,,
128,2/27/26 10:49,20.214,,,
129,2/27/26 10:59,20.235,,,
130,2/27/26 11:09,20.268,,,
131,2/27/26 11:19,20.311,,,
132,2/27/26 11:29,20.311,,,
133,2/27/26 11:39,20.375,,,
134,2/27/26 11:49,20.396,,,
135,2/27/26 11:59,20.439,,,
136,2/27/26 12:09,20.482,,,
137,2/27/26 12:19,20.557,,,
138,2/27/26 12:29,20.568,,,
139,2/27/26 12:39,20.6,,,
140,2/27/26 12:49,20.622,,,
141,2/27/26 12:59,20.632,,,
142,2/27/26 13:09,20.643,,,
143,2/27/26 13:19,20.643,,,
144,2/27/26 13:29,20.622,,,
145,2/27/26 13:39,20.622,,,
146,2/27/26 13:49,20.622,,,
147,2/27/26 13:59,20.643,,,
148,2/27/26 14:09,20.643,,,
149,2/27/26 14:19,20.611,,,
150,2/27/26 14:29,20.611,,,
151,2/27/26 14:39,20.643,,,
152,2/27/26 14:49,20.654,,,
153,2/27/26 14:59,20.675,,,
154,2/27/26 15:09,20.611,,,
155,2/27/26 15:19,20.611,,,
156,2/27/26 15:29,20.568,,,
157,2/27/26 15:39,20.589,,,
158,2/27/26 15:49,20.6,,,
159,2/27/26 15:59,20.589,,,
160,2/27/26 16:09,20.6,,,
161,2/27/26 16:19,20.579,,,
162,2/27/26 16:29,20.622,,,
163,2/27/26 16:39,20.632,,,
164,2/27/26 16:49,20.622,,,
165,2/27/26 16:59,20.632,,,
166,2/27/26 17:09,20.643,,,
167,2/27/26 17:19,20.675,,,
168,2/27/26 17:29,20.664,,,
169,2/27/26 17:39,20.686,,,
170,2/27/26 17:49,20.675,,,
171,2/27/26 17:59,20.707,,,
172,2/27/26 18:09,20.718,,,
173,2/27/26 18:19,20.729,,,
174,2/27/26 18:29,20.772,,,
175,2/27/26 18:39,20.772,,,
176,2/27/26 18:49,20.804,,,
177,2/27/26 18:59,20.815,,,
178,2/27/26 19:09,20.825,,,
179,2/27/26 19:19,20.815,,,
180,2/27/26 19:29,20.815,,,
181,2/27/26 19:39,20.772,,,
182,2/27/26 19:49,20.707,,,
183,2/27/26 19:59,20.707,,,
184,2/27/26 20:09,20.675,,,
185,2/27/26 20:19,20.632,,,
186,2/27/26 20:29,20.622,,,
187,2/27/26 20:39,20.622,,,
188,2/27/26 20:49,20.6,,,
189,2/27/26 20:59,20.589,,,
190,2/27/26 21:09,20.589,,,
191,2/27/26 21:19,20.6,,,
192,2/27/26 21:29,20.611,,,
193,2/27/26 21:39,20.643,,,
194,2/27/26 21:49,20.675,,,
195,2/27/26 21:59,20.675,,,
196,2/27/26 22:09,20.686,,,
197,2/27/26 22:19,20.707,,,
198,2/27/26 22:29,20.686,,,
199,2/27/26 22:39,20.707,,,
200,2/27/26 22:49,20.686,,,
201,2/27/26 22:59,20.74,,,
202,2/27/26 23:09,20.74,,,
203,2/27/26 23:19,20.74,,,
204,2/27/26 23:29,20.793,,,
205,2/27/26 23:39,20.782,,,
206,2/27/26 23:49,20.772,,,
207,2/27/26 23:59,20.782,,,
208,2/28/26 0:09,20.804,,,
209,2/28/26 0:19,20.825,,,
210,2/28/26 0:29,20.804,,,
211,2/28/26 0:39,20.782,,,
212,2/28/26 0:49,20.761,,,
213,2/28/26 0:59,20.772,,,
214,2/28/26 1:09,20.75,,,
215,2/28/26 1:19,20.74,,,
216,2/28/26 1:29,20.729,,,
217,2/28/26 1:39,20.718,,,
218,2/28/26 1:49,20.75,,,
219,2/28/26 1:59,20.772,,,
220,2/28/26 2:09,20.74,,,
221,2/28/26 2:19,20.718,,,
222,2/28/26 2:29,20.74,,,
223,2/28/26 2:39,20.729,,,
224,2/28/26 2:49,20.686,,,
225,2/28/26 2:59,20.664,,,
226,2/28/26 3:09,20.697,,,
227,2/28/26 3:19,20.643,,,
228,2/28/26 3:29,20.632,,,
229,2/28/26 3:39,20.622,,,
230,2/28/26 3:49,20.589,,,
231,2/28/26 3:59,20.557,,,
232,2/28/26 4:09,20.568,,,
233,2/28/26 4:19,20.557,,,
234,2/28/26 4:29,20.547,,,
235,2/28/26 4:39,20.514,,,
236,2/28/26 4:49,20.514,,,
237,2/28/26 4:59,20.504,,,
238,2/28/26 5:09,20.482,,,
239,2/28/26 5:19,20.482,,,
240,2/28/26 5:29,20.45,,,
241,2/28/26 5:39,20.45,,,
242,2/28/26 5:49,20.439,,,
243,2/28/26 5:59,20.418,,,
244,2/28/26 6:09,20.439,,,
245,2/28/26 6:19,20.45,,,
246,2/28/26 6:29,20.439,,,
247,2/28/26 6:39,20.396,,,
248,2/28/26 6:49,20.396,,,
249,2/28/26 6:59,20.396,,,
250,2/28/26 7:09,20.396,,,
251,2/28/26 7:19,20.386,,,
252,2/28/26 7:29,20.386,,,
253,2/28/26 7:39,20.375,,,
254,2/28/26 7:49,20.375,,,
255,2/28/26 7:59,20.364,,,
256,2/28/26 8:09,20.375,,,
257,2/28/26 8:19,20.407,,,
258,2/28/26 8:29,20.386,,,
259,2/28/26 8:39,20.45,,,
260,2/28/26 8:49,20.461,,,
261,2/28/26 8:59,20.514,,,
262,2/28/26 9:09,20.536,,,
263,2/28/26 9:19,20.536,,,
264,2/28/26 9:29,20.557,,,
265,2/28/26 9:39,20.557,,,
266,2/28/26 9:49,20.579,,,
267,2/28/26 9:59,20.589,,,
268,2/28/26 10:09,20.611,,,
269,2/28/26 10:19,20.632,,,
270,2/28/26 10:29,20.632,,,
271,2/28/26 10:39,20.654,,,
272,2/28/26 10:49,20.675,,,
273,2/28/26 10:59,20.686,,,
274,2/28/26 11:09,20.718,,,
275,2/28/26 11:19,20.718,,,
276,2/28/26 11:29,20.718,,,
277,2/28/26 11:39,20.74,,,
278,2/28/26 11:49,20.74,,,
279,2/28/26 11:59,20.761,,,
280,2/28/26 12:09,20.772,,,
281,2/28/26 12:19,20.793,,,
282,2/28/26 12:29,20.793,,,
283,2/28/26 12:39,20.804,,,
284,2/28/26 12:49,20.804,,,
285,2/28/26 12:59,20.804,,,
286,2/28/26 13:09,20.836,,,
287,2/28/26 13:19,20.847,,,
288,2/28/26 13:29,20.868,,,
289,2/28/26 13:39,20.89,,,
290,2/28/26 13:49,20.89,,,
291,2/28/26 13:59,20.9,,,
292,2/28/26 14:09,20.9,,,
293,2/28/26 14:19,20.9,,,
294,2/28/26 14:29,20.9,,,
295,2/28/26 14:39,20.911,,,
296,2/28/26 14:49,20.943,,,
297,2/28/26 14:59,20.943,,,
298,2/28/26 15:09,20.954,,,
299,2/28/26 15:19,20.954,,,
300,2/28/26 15:29,20.943,,,
301,2/28/26 15:39,20.976,,,
302,2/28/26 15:49,20.986,,,
303,2/28/26 15:59,20.976,,,
304,2/28/26 16:09,20.986,,,
305,2/28/26 16:19,21.008,,,
306,2/28/26 16:29,20.997,,,
307,2/28/26 16:39,21.008,,,
308,2/28/26 16:49,21.029,,,
309,2/28/26 16:59,21.04,,,
310,2/28/26 17:09,21.029,,,
311,2/28/26 17:19,21.04,,,
312,2/28/26 17:29,21.061,,,
313,2/28/26 17:39,21.705,,,
314,2/28/26 17:49,22.831,,,
315,2/28/26 17:59,24,,,
316,2/28/26 18:09,24.075,,,
317,2/28/26 18:19,24.043,,,
318,2/28/26 18:29,23.989,,,
319,2/28/26 18:39,23.936,,,
320,2/28/26 18:49,23.871,,,
321,2/28/26 18:59,23.828,,,
322,2/28/26 19:09,23.753,,,
323,2/28/26 19:19,23.732,,,
324,2/28/26 19:29,23.689,,,
325,2/28/26 19:39,23.657,,,
326,2/28/26 19:49,23.614,,,
327,2/28/26 19:59,23.55,,,
328,2/28/26 20:09,23.539,,,
329,2/28/26 20:19,23.507,,,
330,2/28/26 20:29,23.474,,,
331,2/28/26 20:39,23.464,,,
332,2/28/26 20:49,23.432,,,
333,2/28/26 20:59,23.421,,,
334,2/28/26 21:09,23.41,,,
335,2/28/26 21:19,23.378,,,
336,2/28/26 21:29,23.356,,,
337,2/28/26 21:39,23.346,,,
338,2/28/26 21:49,23.335,,,
339,2/28/26 21:59,23.324,,,
340,2/28/26 22:09,23.324,,,
341,2/28/26 22:19,23.314,,,
342,2/28/26 22:29,23.324,,,
343,2/28/26 22:39,23.303,,,
344,2/28/26 22:49,23.271,,,
345,2/28/26 22:59,23.271,,,
346,2/28/26 23:09,23.239,,,
347,2/28/26 23:19,23.239,,,
348,2/28/26 23:29,23.228,,,
349,2/28/26 23:39,23.228,,,
350,2/28/26 23:49,23.206,,,
351,2/28/26 23:59,23.239,,,
352,3/1/26 0:09,23.206,,,
353,3/1/26 0:19,23.206,,,
354,3/1/26 0:29,23.196,,,
355,3/1/26 0:39,23.196,,,
356,3/1/26 0:49,23.196,,,
357,3/1/26 0:59,23.185,,,
358,3/1/26 1:09,23.185,,,
359,3/1/26 1:19,23.174,,,
360,3/1/26 1:29,23.185,,,
361,3/1/26 1:39,23.163,,,
362,3/1/26 1:49,23.185,,,
363,3/1/26 1:59,23.163,,,
364,3/1/26 2:09,23.153,,,
365,3/1/26 2:19,23.174,,,
366,3/1/26 2:29,23.185,,,
367,3/1/26 2:39,23.174,,,
368,3/1/26 2:49,23.163,,,
369,3/1/26 2:59,23.174,,,
370,3/1/26 3:09,23.174,,,
371,3/1/26 3:19,23.142,,,
372,3/1/26 3:29,23.174,,,
373,3/1/26 3:39,23.163,,,
374,3/1/26 3:49,23.174,,,
375,3/1/26 3:59,23.142,,,
376,3/1/26 4:09,23.142,,,
377,3/1/26 4:19,23.163,,,
378,3/1/26 4:29,23.131,,,
379,3/1/26 4:39,23.131,,,
380,3/1/26 4:49,23.11,,,
381,3/1/26 4:59,23.088,,,
382,3/1/26 5:09,23.056,,,
383,3/1/26 5:19,23.035,,,
384,3/1/26 5:29,23.003,,,
385,3/1/26 5:39,23.013,,,
386,3/1/26 5:49,23.003,,,
387,3/1/26 5:59,23.003,,,
388,3/1/26 6:09,23.003,,,
389,3/1/26 6:19,22.981,,,
390,3/1/26 6:29,22.97,,,
391,3/1/26 6:39,22.96,,,
392,3/1/26 6:49,22.96,,,
393,3/1/26 6:59,22.97,,,
394,3/1/26 7:09,22.938,,,
395,3/1/26 7:19,22.938,,,
396,3/1/26 7:29,22.96,,,
397,3/1/26 7:39,22.949,,,
398,3/1/26 7:49,22.938,,,
399,3/1/26 7:59,22.97,,,
400,3/1/26 8:09,23.024,,,
401,3/1/26 8:19,23.045,,,
402,3/1/26 8:29,23.067,,,
403,3/1/26 8:39,23.131,,,
404,3/1/26 8:49,23.174,,,
405,3/1/26 8:59,23.271,,,
406,3/1/26 9:09,23.335,,,
407,3/1/26 9:19,23.41,,,
408,3/1/26 9:29,23.485,,,
409,3/1/26 9:39,23.528,,,
410,3/1/26 9:49,23.582,,,
411,3/1/26 9:59,23.7,,,
412,3/1/26 10:09,23.785,,,
413,3/1/26 10:19,23.893,,,
414,3/1/26 10:29,24.064,,,
415,3/1/26 10:39,24.193,,,
416,3/1/26 10:49,24.3,,,
417,3/1/26 10:59,24.504,,,
418,3/1/26 11:09,24.665,,,
419,3/1/26 11:19,24.794,,,
420,3/1/26 11:29,24.837,,,
421,3/1/26 11:39,24.965,,,
422,3/1/26 11:49,25.126,,,
423,3/1/26 11:59,25.244,,,
424,3/1/26 12:09,25.33,,,
425,3/1/26 12:19,25.394,,,
426,3/1/26 12:29,25.373,,,
427,3/1/26 12:39,25.362,,,
428,3/1/26 12:49,25.448,,,
429,3/1/26 12:59,25.523,,,
430,3/1/26 13:09,25.619,,,
431,3/1/26 13:19,25.695,,,
432,3/1/26 13:29,25.77,,,
433,3/1/26 13:39,25.834,,,
434,3/1/26 13:49,25.855,,,
435,3/1/26 13:59,25.931,,,
436,3/1/26 14:09,25.995,,,
437,3/1/26 14:19,26.113,,,
438,3/1/26 14:29,26.252,,,
439,3/1/26 14:39,26.392,,,
440,3/1/26 14:49,26.435,,,
441,3/1/26 14:59,26.381,,,
442,3/1/26 15:09,26.306,,,
443,3/1/26 15:19,26.252,,,
444,3/1/26 15:29,26.231,,,
445,3/1/26 15:39,26.22,,,
446,3/1/26 15:49,26.199,,,
447,3/1/26 15:59,26.199,,,
448,3/1/26 16:09,26.209,,,
449,3/1/26 16:19,26.231,,,
450,3/1/26 16:29,26.231,,,
451,3/1/26 16:39,26.231,,,
452,3/1/26 16:49,26.177,,,
453,3/1/26 16:59,26.145,,,
454,3/1/26 17:09,26.102,,,
455,3/1/26 17:19,26.07,,,
456,3/1/26 17:29,25.984,,,
457,3/1/26 17:39,25.909,,,
458,3/1/26 17:49,25.866,,,
459,3/1/26 17:59,25.77,,,
460,3/1/26 18:09,25.673,,,
461,3/1/26 18:19,25.587,,,
462,3/1/26 18:29,25.491,,,
463,3/1/26 18:39,25.416,,,
464,3/1/26 18:49,25.319,,,
465,3/1/26 18:59,25.233,,,
466,3/1/26 19:09,25.148,,,
467,3/1/26 19:19,25.062,,,
468,3/1/26 19:29,24.987,,,
469,3/1/26 19:39,24.922,,,
470,3/1/26 19:49,24.869,,,
471,3/1/26 19:59,24.783,,,
472,3/1/26 20:09,24.686,,,
473,3/1/26 20:19,24.611,,,
474,3/1/26 20:29,24.558,,,
475,3/1/26 20:39,24.493,,,
476,3/1/26 20:49,24.408,,,
477,3/1/26 20:59,24.354,,,
478,3/1/26 21:09,24.3,,,
479,3/1/26 21:19,24.236,,,
480,3/1/26 21:29,24.193,,,
481,3/1/26 21:39,24.139,,,
482,3/1/26 21:49,24.118,,,
483,3/1/26 21:59,24.097,,,
484,3/1/26 22:09,24.064,,,
485,3/1/26 22:19,24.054,,,
486,3/1/26 22:29,24.032,,,
487,3/1/26 22:39,24.021,,,
488,3/1/26 22:49,23.979,,,
489,3/1/26 22:59,23.979,,,
490,3/1/26 23:09,23.946,,,
491,3/1/26 23:19,23.946,,,
492,3/1/26 23:29,23.914,,,
493,3/1/26 23:39,23.893,,,
494,3/1/26 23:49,23.871,,,
495,3/1/26 23:59,23.85,,,
496,3/2/26 0:09,23.839,,,
497,3/2/26 0:19,23.839,,,
498,3/2/26 0:29,23.818,,,
499,3/2/26 0:39,23.818,,,
500,3/2/26 0:49,23.785,,,
501,3/2/26 0:59,23.775,,,
502,3/2/26 1:09,23.775,,,
503,3/2/26 1:19,23.743,,,
504,3/2/26 1:29,23.743,,,
505,3/2/26 1:39,23.732,,,
506,3/2/26 1:49,23.7,,,
507,3/2/26 1:59,23.689,,,
508,3/2/26 2:09,23.678,,,
509,3/2/26 2:19,23.657,,,
510,3/2/26 2:29,23.646,,,
511,3/2/26 2:39,23.625,,,
512,3/2/26 2:49,23.571,,,
513,3/2/26 2:59,23.582,,,
514,3/2/26 3:09,23.592,,,
515,3/2/26 3:19,23.539,,,
516,3/2/26 3:29,23.55,,,
517,3/2/26 3:39,23.528,,,
518,3/2/26 3:49,23.528,,,
519,3/2/26 3:59,23.517,,,
520,3/2/26 4:09,23.496,,,
521,3/2/26 4:19,23.496,,,
522,3/2/26 4:29,23.485,,,
523,3/2/26 4:39,23.485,,,
524,3/2/26 4:49,23.453,,,
525,3/2/26 4:59,23.453,,,
526,3/2/26 5:09,23.442,,,
527,3/2/26 5:19,23.432,,,
528,3/2/26 5:29,23.442,,,
529,3/2/26 5:39,23.41,,,
530,3/2/26 5:49,23.432,,,
531,3/2/26 5:59,23.378,,,
532,3/2/26 6:09,23.399,,,
533,3/2/26 6:19,23.389,,,
534,3/2/26 6:29,23.389,,,
535,3/2/26 6:39,23.356,,,
536,3/2/26 6:49,23.367,,,
537,3/2/26 6:59,23.335,,,
538,3/2/26 7:09,23.356,,,
539,3/2/26 7:19,23.356,,,
540,3/2/26 7:29,23.335,,,
541,3/2/26 7:39,23.346,,,
542,3/2/26 7:49,23.356,,,
543,3/2/26 7:59,23.378,,,
544,3/2/26 8:09,23.356,,,
545,3/2/26 8:19,23.389,,,
546,3/2/26 8:29,23.356,,,
547,3/2/26 8:39,23.389,,,
548,3/2/26 8:49,23.432,,,
549,3/2/26 8:59,23.432,,,
550,3/2/26 9:09,23.474,,,
551,3/2/26 9:19,23.507,,,
552,3/2/26 9:29,23.56,,,
553,3/2/26 9:39,23.625,,,
554,3/2/26 9:49,23.689,,,
555,3/2/26 9:59,23.743,,,
556,3/2/26 10:09,23.753,,,
557,3/2/26 10:19,23.807,,,
558,3/2/26 10:29,23.85,,,
559,3/2/26 10:39,23.893,,,
560,3/2/26 10:49,23.957,,,
561,3/2/26 10:59,24.032,,,
562,3/2/26 11:09,24.118,,,
563,3/2/26 11:19,24.214,,,
564,3/2/26 11:29,24.279,,,
565,3/2/26 11:39,24.354,,,
566,3/2/26 11:49,24.408,,,
567,3/2/26 11:59,24.461,,,
568,3/2/26 12:09,24.504,,,
569,3/2/26 12:19,24.547,,,
570,3/2/26 12:29,24.59,,,
571,3/2/26 12:39,24.686,,,
572,3/2/26 12:49,24.729,,,
573,3/2/26 12:59,24.794,,,
574,3/2/26 13:09,24.837,,,
575,3/2/26 13:19,24.869,,,
576,3/2/26 13:29,24.879,,,
577,3/2/26 13:39,24.933,,,
578,3/2/26 13:49,24.976,,,
579,3/2/26 13:59,25.03,,,
580,3/2/26 14:09,25.051,,,
581,3/2/26 14:19,25.105,,,
582,3/2/26 14:29,25.126,,,
583,3/2/26 14:39,25.115,,,
584,3/2/26 14:49,25.158,,,
585,3/2/26 14:59,25.18,,,
586,3/2/26 15:09,25.201,,,
587,3/2/26 15:19,25.298,,,
588,3/2/26 15:29,25.319,,,
589,3/2/26 15:39,25.394,,,
590,3/2/26 15:49,25.384,,,
591,3/2/26 15:59,25.373,,,
592,3/2/26 16:09,25.351,,,
593,3/2/26 16:19,25.319,,,
594,3/2/26 16:29,25.212,,,
595,3/2/26 16:39,25.158,,,
596,3/2/26 16:49,25.051,,,
597,3/2/26 16:59,25.083,,,
598,3/2/26 17:09,25.855,,,
599,3/2/26 17:19,25.587,,,
600,3/2/26 17:29,24.343,,,
601,3/2/26 17:39,24.204,,,
602,3/2/26 17:49,24.15,,,
603,3/2/26 17:59,24.097,,,
604,3/2/26 18:09,24.075,,,
605,3/2/26 18:19,24.021,,,
606,3/2/26 18:29,24,,,
607,3/2/26 18:39,23.989,,,
608,3/2/26 18:49,23.957,,,
609,3/2/26 18:59,23.925,,,
610,3/2/26 19:09,23.893,,,
611,3/2/26 19:19,23.85,,,
612,3/2/26 19:29,23.839,,,
613,3/2/26 19:39,23.85,,,
614,3/2/26 19:49,23.807,,,
615,3/2/26 19:59,23.764,,,
616,3/2/26 20:09,23.732,,,
617,3/2/26 20:19,23.721,,,
618,3/2/26 20:29,23.689,,,
619,3/2/26 20:39,23.689,,,
620,3/2/26 20:49,23.625,,,
621,3/2/26 20:59,23.592,,,
622,3/2/26 21:09,23.539,,,
623,3/2/26 21:19,23.517,,,
624,3/2/26 21:29,23.474,,,
625,3/2/26 21:39,23.464,,,
626,3/2/26 21:49,23.432,,,
627,3/2/26 21:59,23.41,,,
628,3/2/26 22:09,23.399,,,
629,3/2/26 22:19,23.389,,,
630,3/2/26 22:29,23.324,,,
631,3/2/26 22:39,23.292,,,
632,3/2/26 22:49,23.249,,,
633,3/2/26 22:59,23.26,,,
634,3/2/26 23:09,23.206,,,
635,3/2/26 23:19,23.206,,,
636,3/2/26 23:29,23.206,,,
637,3/2/26 23:39,23.185,,,
638,3/2/26 23:49,23.185,,,
639,3/2/26 23:59,23.185,,,
640,3/3/26 0:09,23.196,,,
641,3/3/26 0:19,23.206,,,
642,3/3/26 0:29,23.206,,,
643,3/3/26 0:39,23.196,,,
644,3/3/26 0:49,23.206,,,
645,3/3/26 0:59,23.206,,,
646,3/3/26 1:09,23.185,,,
647,3/3/26 1:19,23.174,,,
648,3/3/26 1:29,23.174,,,
649,3/3/26 1:39,23.153,,,
650,3/3/26 1:49,23.163,,,
651,3/3/26 1:59,23.185,,,
652,3/3/26 2:09,23.163,,,
653,3/3/26 2:19,23.153,,,
654,3/3/26 2:29,23.174,,,
655,3/3/26 2:39,23.185,,,
656,3/3/26 2:49,23.163,,,
657,3/3/26 2:59,23.142,,,
658,3/3/26 3:09,23.142,,,
659,3/3/26 3:19,23.131,,,
660,3/3/26 3:29,23.131,,,
661,3/3/26 3:39,23.153,,,
662,3/3/26 3:49,23.131,,,
663,3/3/26 3:59,23.153,,,
664,3/3/26 4:09,23.131,,,
665,3/3/26 4:19,23.131,,,
666,3/3/26 4:29,23.153,,,
667,3/3/26 4:39,23.131,,,
668,3/3/26 4:49,23.131,,,
669,3/3/26 4:59,23.099,,,
670,3/3/26 5:09,23.121,,,
671,3/3/26 5:19,23.099,,,
672,3/3/26 5:29,23.11,,,
673,3/3/26 5:39,23.099,,,
674,3/3/26 5:49,23.088,,,
675,3/3/26 5:59,23.099,,,
676,3/3/26 6:09,23.078,,,
677,3/3/26 6:19,23.078,,,
678,3/3/26 6:29,23.088,,,
679,3/3/26 6:39,23.035,,,
680,3/3/26 6:49,23.003,,,
681,3/3/26 6:59,22.97,,,
682,3/3/26 7:09,22.97,,,
683,3/3/26 7:19,22.97,,,
684,3/3/26 7:29,22.97,,,
685,3/3/26 7:39,22.981,,,
686,3/3/26 7:49,23.003,,,
687,3/3/26 7:59,23.088,,,
688,3/3/26 8:09,23.196,,,
689,3/3/26 8:19,23.281,,,
690,3/3/26 8:29,23.356,,,
691,3/3/26 8:39,23.474,,,
692,3/3/26 8:49,23.635,,,
693,3/3/26 8:59,23.721,,,
694,3/3/26 9:09,23.775,,,
695,3/3/26 9:19,23.893,,,
696,3/3/26 9:29,24.011,,,
697,3/3/26 9:39,24.097,,,
698,3/3/26 9:49,24.182,,,
699,3/3/26 9:59,24.268,,,
700,3/3/26 10:09,24.29,,,
701,3/3/26 10:19,24.279,,,
702,3/3/26 10:29,24.365,,,
703,3/3/26 10:39,24.44,,,
704,3/3/26 10:49,24.568,,,
705,3/3/26 10:59,24.686,,,
706,3/3/26 11:09,24.804,,,
707,3/3/26 11:19,24.901,,,
708,3/3/26 11:29,24.987,,,
709,3/3/26 11:39,25.03,,,
710,3/3/26 11:49,25.062,,,
711,3/3/26 11:59,25.04,,,
712,3/3/26 12:09,25.04,,,
713,3/3/26 12:19,25.03,,,
714,3/3/26 12:29,25.115,,,
715,3/3/26 12:39,25.126,,,
716,3/3/26 12:49,25.212,,,
717,3/3/26 12:59,25.233,,,
718,3/3/26 13:09,25.255,,,
719,3/3/26 13:19,25.266,,,
720,3/3/26 13:29,25.255,,,
721,3/3/26 13:39,25.319,,,
722,3/3/26 13:49,25.33,,,
723,3/3/26 13:59,25.373,,,
724,3/3/26 14:09,25.341,,,
725,3/3/26 14:19,25.416,,,
726,3/3/26 14:29,25.362,,,
727,3/3/26 14:39,25.33,,,
728,3/3/26 14:49,25.459,,,
729,3/3/26 14:59,25.276,,,
730,3/3/26 15:09,25.212,,,
731,3/3/26 15:19,25.126,,,
732,3/3/26 15:29,25.083,,,
733,3/3/26 15:39,25.008,,,
734,3/3/26 15:49,24.955,,,
735,3/3/26 15:59,24.879,,,
736,3/3/26 16:09,24.804,,,
737,3/3/26 16:19,24.74,,,
738,3/3/26 16:29,24.708,,,
739,3/3/26 16:39,24.644,,,
740,3/3/26 16:49,24.568,,,
741,3/3/26 16:59,24.526,,,
742,3/3/26 17:09,24.45,,,
743,3/3/26 17:19,24.343,,,
744,3/3/26 17:29,24.311,,,
745,3/3/26 17:39,24.247,,,
746,3/3/26 17:49,24.172,,,
747,3/3/26 17:59,24.097,,,
748,3/3/26 18:09,24.032,,,
749,3/3/26 18:19,23.968,,,
750,3/3/26 18:29,23.903,,,
751,3/3/26 18:39,23.839,,,
752,3/3/26 18:49,23.753,,,
753,3/3/26 18:59,23.732,,,
754,3/3/26 19:09,23.657,,,
755,3/3/26 19:19,23.603,,,
756,3/3/26 19:29,23.592,,,
757,3/3/26 19:39,23.517,,,
758,3/3/26 19:49,23.507,,,
759,3/3/26 19:59,23.464,,,
760,3/3/26 20:09,23.432,,,
761,3/3/26 20:19,23.389,,,
762,3/3/26 20:29,23.389,,,
763,3/3/26 20:39,23.335,,,
764,3/3/26 20:49,23.314,,,
765,3/3/26 20:59,23.303,,,
766,3/3/26 21:09,23.303,,,
767,3/3/26 21:19,23.271,,,
768,3/3/26 21:29,23.271,,,
769,3/3/26 21:39,23.26,,,
770,3/3/26 21:49,23.239,,,
771,3/3/26 21:59,23.228,,,
772,3/3/26 22:09,23.196,,,
773,3/3/26 22:19,23.185,,,
774,3/3/26 22:29,23.174,,,
775,3/3/26 22:39,23.142,,,
776,3/3/26 22:49,23.121,,,
777,3/3/26 22:59,23.11,,,
778,3/3/26 23:09,23.121,,,
779,3/3/26 23:19,23.099,,,
780,3/3/26 23:29,23.067,,,
781,3/3/26 23:39,23.078,,,
782,3/3/26 23:49,23.067,,,
783,3/3/26 23:59,23.045,,,
784,3/4/26 0:09,23.045,,,
785,3/4/26 0:19,23.003,,,
786,3/4/26 0:29,23.024,,,
787,3/4/26 0:39,23.013,,,
788,3/4/26 0:49,23.024,,,
789,3/4/26 0:59,23.024,,,
790,3/4/26 1:09,23.045,,,
791,3/4/26 1:19,23.035,,,
792,3/4/26 1:29,23.024,,,
793,3/4/26 1:39,23.013,,,
794,3/4/26 1:49,23.013,,,
795,3/4/26 1:59,23.003,,,
796,3/4/26 2:09,22.938,,,
797,3/4/26 2:19,22.927,,,
798,3/4/26 2:29,22.938,,,
799,3/4/26 2:39,22.917,,,
800,3/4/26 2:49,22.917,,,
801,3/4/26 2:59,22.906,,,
802,3/4/26 3:09,22.906,,,
803,3/4/26 3:19,22.895,,,
804,3/4/26 3:29,22.906,,,
805,3/4/26 3:39,22.874,,,
806,3/4/26 3:49,22.874,,,
807,3/4/26 3:59,22.874,,,
808,3/4/26 4:09,22.885,,,
809,3/4/26 4:19,22.885,,,
810,3/4/26 4:29,22.874,,,
811,3/4/26 4:39,22.874,,,
812,3/4/26 4:49,22.895,,,
813,3/4/26 4:59,22.895,,,
814,3/4/26 5:09,22.885,,,
815,3/4/26 5:19,22.874,,,
816,3/4/26 5:29,22.874,,,
817,3/4/26 5:39,22.852,,,
818,3/4/26 5:49,22.852,,,
819,3/4/26 5:59,22.842,,,
820,3/4/26 6:09,22.788,,,
821,3/4/26 6:19,22.799,,,
822,3/4/26 6:29,22.799,,,
823,3/4/26 6:39,22.724,,,
824,3/4/26 6:49,22.692,,,
825,3/4/26 6:59,22.67,,,
826,3/4/26 7:09,22.649,,,
827,3/4/26 7:19,22.649,,,
828,3/4/26 7:29,22.649,,,
829,3/4/26 7:39,22.627,,,
830,3/4/26 7:49,22.67,,,
831,3/4/26 7:59,22.724,,,
832,3/4/26 8:09,22.756,,,
833,3/4/26 8:19,22.788,,,
834,3/4/26 8:29,22.81,,,
835,3/4/26 8:39,22.852,,,
836,3/4/26 8:49,22.874,,,
837,3/4/26 8:59,22.917,,,
838,3/4/26 9:09,22.992,,,
839,3/4/26 9:19,23.045,,,
840,3/4/26 9:29,23.131,,,
841,3/4/26 9:39,23.185,,,
842,3/4/26 9:49,23.271,,,
843,3/4/26 9:59,23.356,,,
844,3/4/26 10:09,23.474,,,
845,3/4/26 10:19,23.55,,,
846,3/4/26 10:29,23.625,,,
847,3/4/26 10:39,23.721,,,
848,3/4/26 10:49,23.85,,,
849,3/4/26 10:59,23.946,,,
850,3/4/26 11:09,24.064,,,
851,3/4/26 11:19,24.172,,,
852,3/4/26 11:29,24.247,,,
853,3/4/26 11:39,24.29,,,
854,3/4/26 11:49,24.354,,,
855,3/4/26 11:59,24.386,,,
856,3/4/26 12:09,24.418,,,
857,3/4/26 12:19,24.472,,,
858,3/4/26 12:29,24.579,,,
859,3/4/26 12:39,24.633,,,
860,3/4/26 12:49,24.676,,,
861,3/4/26 12:59,24.719,,,
862,3/4/26 13:09,24.772,,,
863,3/4/26 13:19,24.783,,,
864,3/4/26 13:29,24.815,,,
865,3/4/26 13:39,24.815,,,
866,3/4/26 13:49,24.826,,,
867,3/4/26 13:59,24.858,,,
868,3/4/26 14:09,24.89,,,
869,3/4/26 14:19,24.933,,,
870,3/4/26 14:29,24.869,,,
871,3/4/26 14:39,24.922,,,
872,3/4/26 14:49,24.89,,,
873,3/4/26 14:59,24.826,,,
874,3/4/26 15:09,24.772,,,
875,3/4/26 15:19,24.751,,,
876,3/4/26 15:29,24.772,,,
877,3/4/26 15:39,24.761,,,
878,3/4/26 15:49,24.751,,,
879,3/4/26 15:59,24.686,,,
880,3/4/26 16:09,24.633,,,
881,3/4/26 16:19,24.601,,,
882,3/4/26 16:29,24.515,,,
883,3/4/26 16:39,24.45,,,
884,3/4/26 16:49,24.418,,,
885,3/4/26 16:59,24.343,,,
886,3/4/26 17:09,24.3,,,
887,3/4/26 17:19,24.247,,,
888,3/4/26 17:29,24.193,,,
889,3/4/26 17:39,24.118,,,
890,3/4/26 17:49,24.075,,,
891,3/4/26 17:59,24.021,,,
892,3/4/26 18:09,23.979,,,
893,3/4/26 18:19,23.903,,,
894,3/4/26 18:29,23.818,,,
895,3/4/26 18:39,23.775,,,
896,3/4/26 18:49,23.743,,,
897,3/4/26 18:59,23.689,,,
898,3/4/26 19:09,23.646,,,
899,3/4/26 19:19,23.603,,,
900,3/4/26 19:29,23.56,,,
901,3/4/26 19:39,23.528,,,
902,3/4/26 19:49,23.464,,,
903,3/4/26 19:59,23.464,,,
904,3/4/26 20:09,23.453,,,
905,3/4/26 20:19,23.442,,,
906,3/4/26 20:29,23.41,,,
907,3/4/26 20:39,23.389,,,
908,3/4/26 20:49,23.389,,,
909,3/4/26 20:59,23.41,,,
910,3/4/26 21:09,23.356,,,
911,3/4/26 21:19,23.335,,,
912,3/4/26 21:29,23.335,,,
913,3/4/26 21:39,23.324,,,
914,3/4/26 21:49,23.314,,,
915,3/4/26 21:59,23.303,,,
916,3/4/26 22:09,23.292,,,
917,3/4/26 22:19,23.292,,,
918,3/4/26 22:29,23.26,,,
919,3/4/26 22:39,23.249,,,
920,3/4/26 22:49,23.239,,,
921,3/4/26 22:59,23.206,,,
922,3/4/26 23:09,23.206,,,
923,3/4/26 23:19,23.206,,,
924,3/4/26 23:29,23.217,,,
925,3/4/26 23:39,23.206,,,
926,3/4/26 23:49,23.174,,,
927,3/4/26 23:59,23.196,,,
928,3/5/26 0:09,23.196,,,
929,3/5/26 0:19,23.196,,,
930,3/5/26 0:29,23.206,,,
931,3/5/26 0:39,23.196,,,
932,3/5/26 0:49,23.217,,,
933,3/5/26 0:59,23.217,,,
934,3/5/26 1:09,23.228,,,
935,3/5/26 1:19,23.228,,,
936,3/5/26 1:29,23.217,,,
937,3/5/26 1:39,23.206,,,
938,3/5/26 1:49,23.185,,,
939,3/5/26 1:59,23.206,,,
940,3/5/26 2:09,23.185,,,
941,3/5/26 2:19,23.174,,,
942,3/5/26 2:29,23.174,,,
943,3/5/26 2:39,23.174,,,
944,3/5/26 2:49,23.174,,,
945,3/5/26 2:59,23.163,,,
946,3/5/26 3:09,23.163,,,
947,3/5/26 3:19,23.131,,,
948,3/5/26 3:29,23.131,,,
949,3/5/26 3:39,23.11,,,
950,3/5/26 3:49,23.088,,,
951,3/5/26 3:59,23.099,,,
952,3/5/26 4:09,23.088,,,
953,3/5/26 4:19,23.099,,,
954,3/5/26 4:29,23.088,,,
955,3/5/26 4:39,23.078,,,
956,3/5/26 4:49,23.099,,,
957,3/5/26 4:59,23.088,,,
958,3/5/26 5:09,23.088,,,
959,3/5/26 5:19,23.078,,,
960,3/5/26 5:29,23.11,,,
961,3/5/26 5:39,23.056,,,
962,3/5/26 5:49,23.078,,,
963,3/5/26 5:59,23.088,,,
964,3/5/26 6:09,23.078,,,
965,3/5/26 6:19,23.067,,,
966,3/5/26 6:29,23.078,,,
967,3/5/26 6:39,23.099,,,
968,3/5/26 6:49,23.067,,,
969,3/5/26 6:59,23.056,,,
970,3/5/26 7:09,23.045,,,
971,3/5/26 7:19,23.045,,,
972,3/5/26 7:29,23.045,,,
973,3/5/26 7:39,23.003,,,
974,3/5/26 7:49,22.992,,,
975,3/5/26 7:59,22.981,,,
976,3/5/26 8:09,22.97,,,
977,3/5/26 8:19,22.981,,,
978,3/5/26 8:29,23.003,,,
979,3/5/26 8:39,23.024,,,
980,3/5/26 8:49,23.067,,,
981,3/5/26 8:59,23.206,,,
982,3/5/26 9:09,23.41,,,
983,3/5/26 9:19,23.614,,,
984,3/5/26 9:29,23.871,,,
985,3/5/26 9:39,24.097,,,
986,3/5/26 9:49,24.322,,,
987,3/5/26 9:59,24.568,,,
988,3/5/26 10:09,24.772,,,
989,3/5/26 10:19,24.933,,,
990,3/5/26 10:29,25.03,,,
991,3/5/26 10:39,25.03,,,
992,3/5/26 10:49,25.051,,,
993,3/5/26 10:59,25.051,,,
994,3/5/26 11:09,25.083,,,
995,3/5/26 11:19,25.051,,,
996,3/5/26 11:29,25.083,,,
997,3/5/26 11:39,25.18,,,
998,3/5/26 11:49,25.212,,,
999,3/5/26 11:59,25.233,,,
1000,3/5/26 12:09,25.266,,,
1001,3/5/26 12:19,25.33,,,
1002,3/5/26 12:29,25.351,,,
1003,3/5/26 12:39,25.502,,,
1004,3/5/26 12:49,25.405,,,
1005,3/5/26 12:59,25.416,,,
1006,3/5/26 13:09,25.308,,,
1007,3/5/26 13:19,25.319,,,
1008,3/5/26 13:29,25.384,,,
1009,3/5/26 13:39,25.598,,,
1010,3/5/26 13:49,25.791,,,
1011,3/5/26 13:59,26.027,,,
1012,3/5/26 14:09,26.166,,,
1013,3/5/26 14:19,26.317,,,
1014,3/5/26 14:29,26.864,,,
1015,3/5/26 14:39,27.078,,,
1016,3/5/26 14:49,26.982,,,
1017,3/5/26 14:59,26.713,,,
1018,3/5/26 15:09,26.692,,,
1019,3/5/26 15:19,26.649,,,
1020,3/5/26 15:29,26.574,,,
1021,3/5/26 15:39,26.488,,,
1022,3/5/26 15:49,26.36,,,
1023,3/5/26 15:59,26.22,,,
1024,3/5/26 16:09,26.102,,,
1025,3/5/26 16:19,25.984,,,
1026,3/5/26 16:29,25.888,,,
1027,3/5/26 16:39,25.759,,,
1028,3/5/26 16:49,25.662,,,
1029,3/5/26 16:59,25.544,,,
1030,3/5/26 17:09,25.437,,,
1031,3/5/26 17:19,25.308,,,
1032,3/5/26 17:29,25.223,,,
1033,3/5/26 17:39,24.3,,,
1034,3/5/26 17:49,23.775,,,
1035,3/5/26 17:59,23.464,,,
1036,3/5/26 18:09,23.271,,,
1037,3/5/26 18:19,23.088,,,
1038,3/5/26 18:29,22.949,,,
1039,3/5/26 18:39,22.842,,,
1040,3/5/26 18:49,22.498,,,
1041,3/5/26 18:59,22.198,,,
1042,3/5/26 19:09,22.22,,,
1043,3/5/26 19:19,22.273,,,
1044,3/5/26 19:29,22.295,,,
1045,3/5/26 19:39,22.241,,,
1046,3/5/26 19:49,22.177,,,
1047,3/5/26 19:59,22.155,,,
1048,3/5/26 20:09,22.091,,,
1049,3/5/26 20:19,22.23,,,
1050,3/5/26 20:29,22.241,,,
1051,3/5/26 20:39,22.348,,,
1052,3/5/26 20:49,22.359,,,
1053,3/5/26 20:59,22.37,,,
1054,3/5/26 21:09,22.413,,,
1055,3/5/26 21:19,22.348,,,
1056,3/5/26 21:29,22.423,,,
1057,3/5/26 21:39,22.52,,,
1058,3/5/26 21:49,22.498,,,
1059,3/5/26 21:59,22.488,,,
1060,3/5/26 22:09,22.423,,,
1061,3/5/26 22:19,22.402,,,
1062,3/5/26 22:29,22.338,,,
1063,3/5/26 22:39,22.423,,,
1064,3/5/26 22:49,22.466,,,
1065,3/5/26 22:59,22.445,,,
1066,3/5/26 23:09,22.498,,,
1067,3/5/26 23:19,22.574,,,
1068,3/5/26 23:29,22.509,,,
1069,3/5/26 23:39,22.659,,,
1070,3/5/26 23:49,22.595,,,
1071,3/5/26 23:59,22.52,,,
1072,3/6/26 0:09,22.616,,,
1073,3/6/26 0:19,22.595,,,
1074,3/6/26 0:29,22.681,,,
1075,3/6/26 0:39,22.885,,,
1076,3/6/26 0:49,22.852,,,
1077,3/6/26 0:59,22.745,,,
1078,3/6/26 1:09,22.702,,,
1079,3/6/26 1:19,22.649,,,
1080,3/6/26 1:29,22.574,,,
1081,3/6/26 1:39,22.584,,,
1082,3/6/26 1:49,22.734,,,
1083,3/6/26 1:59,22.906,,,
1084,3/6/26 2:09,23.013,,,
1085,3/6/26 2:19,23.078,,,
1086,3/6/26 2:29,22.96,,,
1087,3/6/26 2:39,22.938,,,
1088,3/6/26 2:49,22.842,,,
1089,3/6/26 2:59,22.767,,,
1090,3/6/26 3:09,22.734,,,
1091,3/6/26 3:19,22.734,,,
1092,3/6/26 3:29,22.681,,,
1093,3/6/26 3:39,22.67,,,
1094,3/6/26 3:49,22.713,,,
1095,3/6/26 3:59,22.734,,,
1096,3/6/26 4:09,22.734,,,
1097,3/6/26 4:19,22.842,,,
1098,3/6/26 4:29,23.024,,,
1099,3/6/26 4:39,23.11,,,
1100,3/6/26 4:49,23.239,,,
1101,3/6/26 4:59,23.292,,,
1102,3/6/26 5:09,23.281,,,
1103,3/6/26 5:19,23.26,,,
1104,3/6/26 5:29,23.26,,,
1105,3/6/26 5:39,23.26,,,
1106,3/6/26 5:49,23.228,,,
1107,3/6/26 5:59,23.153,,,
1108,3/6/26 6:09,23.228,,,
1109,3/6/26 6:19,23.056,,,
1110,3/6/26 6:29,22.96,,,
1111,3/6/26 6:39,23.056,,,
1112,3/6/26 6:49,23.056,,,
1113,3/6/26 6:59,23.099,,,
1114,3/6/26 7:09,23.399,,,
1115,3/6/26 7:19,23.528,,,
1116,3/6/26 7:29,23.614,,,
1117,3/6/26 7:39,23.71,,,
1118,3/6/26 7:49,24.193,,,
1119,3/6/26 7:59,24.912,,,
1120,3/6/26 8:09,25.577,,,
1121,3/6/26 8:19,25.866,,,
1122,3/6/26 8:29,25.684,,,
1123,3/6/26 8:39,25.823,,,
1124,3/6/26 8:49,26.467,,,
1125,3/6/26 8:59,26.917,,,
1126,3/6/26 9:09,27.85,,,
1127,3/6/26 9:19,28.794,,,
1128,3/6/26 9:29,29.877,,,
1129,3/6/26 9:39,30.896,,,
1130,3/6/26 9:49,32.13,,,
1131,3/6/26 9:59,33.331,,,
1132,3/6/26 10:09,35.379,,,
1133,3/6/26 10:19,37.524,,,
1134,3/6/26 10:29,40.399,,,
1135,3/6/26 10:39,43.069,,,
1136,3/6/26 10:49,45.332,,,
1137,3/6/26 10:59,46.523,,,
1138,3/6/26 11:09,42.672,,,
1139,3/6/26 11:19,36.945,,,
1140,3/6/26 11:29,33.191,,,
1141,3/6/26 11:39,32.913,,,
1142,3/6/26 11:49,29.073,,,
1143,3/6/26 11:59,26.896,,,
1144,3/6/26 12:09,26.091,,,
1145,3/6/26 12:19,25.716,,,
1146,3/6/26 12:29,25.727,,,
1147,3/6/26 12:39,25.641,,,
1148,3/6/26 12:49,25.77,,,
1149,3/6/26 12:59,25.662,,,
1150,3/6/26 13:09,25.652,,,
1151,3/6/26 13:19,25.888,,,
1152,3/6/26 13:29,26.917,,,
1153,3/6/26 13:39,26.317,,,
1154,3/6/26 13:49,25.984,,,
1155,3/6/26 13:59,25.759,,,
1156,3/6/26 14:09,24.676,,,
1157,3/6/26 14:19,24.751,,,
1158,3/6/26 14:29,25.952,,,
1159,3/6/26 14:39,26.113,,,
1160,3/6/26 14:49,26.145,,,
1161,3/6/26 14:59,26.177,,,
1162,3/6/26 15:09,26.124,,,
1163,3/6/26 15:19,26.016,,,
1164,3/6/26 15:29,25.909,,,
1165,3/6/26 15:39,25.78,,,
1166,3/6/26 15:49,25.823,,,
1167,3/6/26 15:59,25.823,,,
1168,3/6/26 16:09,25.791,,,
1169,3/6/26 16:19,25.737,,,
1170,3/6/26 16:29,25.716,,,
1171,3/6/26 16:39,25.63,,,
1172,3/6/26 16:49,25.48,,,
1173,3/6/26 16:59,25.459,,,
1174,3/6/26 17:09,25.341,,,
1175,3/6/26 17:19,25.244,,,
1176,3/6/26 17:29,25.148,,,
1177,3/6/26 17:39,25.019,,,
1178,3/6/26 17:49,24.89,,,
1179,3/6/26 17:59,24.761,,,
1180,3/6/26 18:09,24.665,,,
1181,3/6/26 18:19,24.547,,,
1182,3/6/26 18:29,24.472,,,
1183,3/6/26 18:39,24.386,,,
1184,3/6/26 18:49,24.279,,,
1185,3/6/26 18:59,24.182,,,
1186,3/6/26 19:09,24.086,,,
1187,3/6/26 19:19,24.032,,,
1188,3/6/26 19:29,23.946,,,
1189,3/6/26 19:39,23.903,,,
1190,3/6/26 19:49,23.839,,,
1191,3/6/26 19:59,23.785,,,
1192,3/6/26 20:09,23.743,,,
1193,3/6/26 20:19,23.721,,,
1194,3/6/26 20:29,23.689,,,
1195,3/6/26 20:39,23.635,,,
1196,3/6/26 20:49,23.625,,,
1197,3/6/26 20:59,23.56,,,
1198,3/6/26 21:09,23.517,,,
1199,3/6/26 21:19,23.528,,,
1200,3/6/26 21:29,23.507,,,
1201,3/6/26 21:39,23.517,,,
1202,3/6/26 21:49,23.485,,,
1203,3/6/26 21:59,23.496,,,
1204,3/6/26 22:09,23.464,,,
1205,3/6/26 22:19,23.464,,,
1206,3/6/26 22:29,23.464,,,
1207,3/6/26 22:39,23.453,,,
1208,3/6/26 22:49,23.453,,,
1209,3/6/26 22:59,23.464,,,
1210,3/6/26 23:09,23.453,,,
1211,3/6/26 23:19,23.442,,,
1212,3/6/26 23:29,23.453,,,
1213,3/6/26 23:39,23.432,,,
1214,3/6/26 23:49,23.442,,,
1215,3/6/26 23:59,23.432,,,
1216,3/7/26 0:09,23.432,,,
1217,3/7/26 0:19,23.421,,,
1218,3/7/26 0:29,23.421,,,
1219,3/7/26 0:39,23.432,,,
1220,3/7/26 0:49,23.432,,,
1221,3/7/26 0:59,23.41,,,
1222,3/7/26 1:09,23.41,,,
1223,3/7/26 1:19,23.41,,,
1224,3/7/26 1:29,23.389,,,
1225,3/7/26 1:39,23.367,,,
1226,3/7/26 1:49,23.367,,,
1227,3/7/26 1:59,23.389,,,
1228,3/7/26 2:09,23.367,,,
1229,3/7/26 2:19,23.356,,,
1230,3/7/26 2:29,23.335,,,
1231,3/7/26 2:39,23.346,,,
1232,3/7/26 2:49,23.335,,,
1233,3/7/26 2:59,23.335,,,
1234,3/7/26 3:09,23.324,,,
1235,3/7/26 3:19,23.335,,,
1236,3/7/26 3:29,23.335,,,
1237,3/7/26 3:39,23.324,,,
1238,3/7/26 3:49,23.292,,,
1239,3/7/26 3:59,23.303,,,
1240,3/7/26 4:09,23.271,,,
1241,3/7/26 4:19,23.26,,,
1242,3/7/26 4:29,23.206,,,
1243,3/7/26 4:39,23.206,,,
1244,3/7/26 4:49,23.217,,,
1245,3/7/26 4:59,23.206,,,
1246,3/7/26 5:09,23.217,,,
1247,3/7/26 5:19,23.217,,,
1248,3/7/26 5:29,23.249,,,
1249,3/7/26 5:39,23.249,,,
1250,3/7/26 5:49,23.26,,,
1251,3/7/26 5:59,23.271,,,
1252,3/7/26 6:09,23.271,,,
1253,3/7/26 6:19,23.26,,,
1254,3/7/26 6:29,23.281,,,
1255,3/7/26 6:39,23.271,,,
1256,3/7/26 6:49,23.249,,,
1257,3/7/26 6:59,23.249,,,
1258,3/7/26 7:09,23.271,,,
1259,3/7/26 7:19,23.271,,,
1260,3/7/26 7:29,23.292,,,
1261,3/7/26 7:39,23.324,,,
1262,3/7/26 7:49,23.346,,,
1263,3/7/26 7:59,23.378,,,
1264,3/7/26 8:09,23.399,,,
1265,3/7/26 8:19,23.399,,,
1266,3/7/26 8:29,23.421,,,
1267,3/7/26 8:39,23.453,,,
1268,3/7/26 8:49,23.453,,,
1269,3/7/26 8:59,23.528,,,
1270,3/7/26 9:09,23.646,,,
1271,3/7/26 9:19,23.785,,,
1272,3/7/26 9:29,23.839,,,
1273,3/7/26 9:39,23.903,,,
1274,3/7/26 9:49,23.946,,,
1275,3/7/26 9:59,23.957,,,
1276,3/7/26 10:09,23.979,,,
1277,3/7/26 10:19,23.989,,,
1278,3/7/26 10:29,24.032,,,
1279,3/7/26 10:39,24.097,,,
1280,3/7/26 10:49,24.172,,,
1281,3/7/26 10:59,24.268,,,
1282,3/7/26 11:09,24.365,,,
1283,3/7/26 11:19,24.418,,,
1284,3/7/26 11:29,24.654,,,
1285,3/7/26 11:39,24.611,,,
1286,3/7/26 11:49,24.676,,,
1287,3/7/26 11:59,24.761,,,
1288,3/7/26 12:09,24.837,,,
1289,3/7/26 12:19,24.901,,,
1290,3/7/26 12:29,24.987,,,
1291,3/7/26 12:39,25.04,,,
1292,3/7/26 12:49,25.115,,,
1293,3/7/26 12:59,25.137,,,
1294,3/7/26 13:09,25.169,,,
1295,3/7/26 13:19,25.19,,,
1296,3/7/26 13:29,25.212,,,
1297,3/7/26 13:39,25.298,,,
1298,3/7/26 13:49,25.308,,,
1299,3/7/26 13:59,25.341,,,
1300,3/7/26 14:09,25.512,,,
1301,3/7/26 14:19,25.416,,,
1302,3/7/26 14:29,25.351,,,
1303,3/7/26 14:39,25.33,,,
1304,3/7/26 14:49,25.266,,,
1305,3/7/26 14:59,25.223,,,
1306,3/7/26 15:09,25.233,,,
1307,3/7/26 15:19,25.287,,,
1308,3/7/26 15:29,25.362,,,
1309,3/7/26 15:39,25.384,,,
1310,3/7/26 15:49,25.405,,,
1311,3/7/26 15:59,25.405,,,
1312,3/7/26 16:09,25.437,,,
1313,3/7/26 16:19,25.298,,,
1314,3/7/26 16:29,25.201,,,
1315,3/7/26 16:39,25.115,,,
1316,3/7/26 16:49,25.008,,,
1317,3/7/26 16:59,24.933,,,
1318,3/7/26 17:09,24.815,,,
1319,3/7/26 17:19,24.729,,,
1320,3/7/26 17:29,24.665,,,
1321,3/7/26 17:39,24.579,,,
1322,3/7/26 17:49,24.493,,,
1323,3/7/26 17:59,24.44,,,
1324,3/7/26 18:09,24.354,,,
1325,3/7/26 18:19,24.3,,,
1326,3/7/26 18:29,24.257,,,
1327,3/7/26 18:39,24.193,,,
1328,3/7/26 18:49,24.129,,,
1329,3/7/26 18:59,24.075,,,
1330,3/7/26 19:09,24.021,,,
1331,3/7/26 19:19,23.968,,,
1332,3/7/26 19:29,23.914,,,
1333,3/7/26 19:39,23.893,,,
1334,3/7/26 19:49,23.85,,,
1335,3/7/26 19:59,23.818,,,
1336,3/7/26 20:09,23.785,,,
1337,3/7/26 20:19,23.764,,,
1338,3/7/26 20:29,23.743,,,
1339,3/7/26 20:39,23.732,,,
1340,3/7/26 20:49,23.689,,,
1341,3/7/26 20:59,23.678,,,
1342,3/7/26 21:09,23.657,,,
1343,3/7/26 21:19,23.668,,,
1344,3/7/26 21:29,23.635,,,
1345,3/7/26 21:39,23.625,,,
1346,3/7/26 21:49,23.603,,,
1347,3/7/26 21:59,23.592,,,
1348,3/7/26 22:09,23.571,,,
1349,3/7/26 22:19,23.56,,,
1350,3/7/26 22:29,23.539,,,
1351,3/7/26 22:39,23.496,,,
1352,3/7/26 22:49,23.496,,,
1353,3/7/26 22:59,23.474,,,
1354,3/7/26 23:09,23.474,,,
1355,3/7/26 23:19,23.464,,,
1356,3/7/26 23:29,23.464,,,
1357,3/7/26 23:39,23.464,,,
1358,3/7/26 23:49,23.453,,,
1359,3/7/26 23:59,23.421,,,
1360,3/8/26 0:09,23.432,,,
1361,3/8/26 0:19,23.41,,,
1362,3/8/26 0:29,23.389,,,
1363,3/8/26 0:39,23.378,,,
1364,3/8/26 0:49,23.378,,,
1365,3/8/26 0:59,23.356,,,
1366,3/8/26 1:09,23.335,,,
1367,3/8/26 1:19,23.335,,,
1368,3/8/26 1:29,23.324,,,
1369,3/8/26 1:39,23.335,,,
1370,3/8/26 1:49,23.335,,,
1371,3/8/26 1:59,23.335,,,
1372,3/8/26 2:09,23.335,,,
1373,3/8/26 2:19,23.303,,,
1374,3/8/26 2:29,23.314,,,
1375,3/8/26 2:39,23.281,,,
1376,3/8/26 2:49,23.292,,,
1377,3/8/26 2:59,23.292,,,
1378,3/8/26 3:09,23.249,,,
1379,3/8/26 3:19,23.249,,,
1380,3/8/26 3:29,23.239,,,
1381,3/8/26 3:39,23.239,,,
1382,3/8/26 3:49,23.249,,,
1383,3/8/26 3:59,23.228,,,
1384,3/8/26 4:09,23.228,,,
1385,3/8/26 4:19,23.228,,,
1386,3/8/26 4:29,23.217,,,
1387,3/8/26 4:39,23.196,,,
1388,3/8/26 4:49,23.174,,,
1389,3/8/26 4:59,23.185,,,
1390,3/8/26 5:09,23.153,,,
1391,3/8/26 5:19,23.142,,,
1392,3/8/26 5:29,23.142,,,
1393,3/8/26 5:39,23.121,,,
1394,3/8/26 5:49,23.11,,,
1395,3/8/26 5:59,23.099,,,
1396,3/8/26 6:09,23.099,,,
1397,3/8/26 6:19,23.099,,,
1398,3/8/26 6:29,23.088,,,
1399,3/8/26 6:39,23.088,,,
1400,3/8/26 6:49,23.088,,,
1401,3/8/26 6:59,23.078,,,
1402,3/8/26 7:09,23.078,,,
1403,3/8/26 7:19,23.088,,,
1404,3/8/26 7:29,23.121,,,
1405,3/8/26 7:39,23.196,,,
1406,3/8/26 7:49,23.249,,,
1407,3/8/26 7:59,23.356,,,
1408,3/8/26 8:09,23.432,,,
1409,3/8/26 8:19,23.539,,,
1410,3/8/26 8:29,23.635,,,
1411,3/8/26 8:39,23.7,,,
1412,3/8/26 8:49,23.764,,,
1413,3/8/26 8:59,23.828,,,
1414,3/8/26 9:09,23.925,,,
1415,3/8/26 9:19,24.032,,,
1416,3/8/26 9:29,24.097,,,
1417,3/8/26 9:39,24.214,,,
1418,3/8/26 9:49,24.322,,,
1419,3/8/26 9:59,24.483,,,
1420,3/8/26 10:09,24.601,,,
1421,3/8/26 10:19,24.686,,,
1422,3/8/26 10:29,24.772,,,
1423,3/8/26 10:39,24.997,,,
1424,3/8/26 10:49,25.233,,,
1425,3/8/26 10:59,25.502,,,
1426,3/8/26 11:09,25.823,,,
1427,3/8/26 11:19,26.381,,,
1428,3/8/26 11:29,26.831,,,
1429,3/8/26 11:39,27.132,,,
1430,3/8/26 11:49,27.636,,,
1431,3/8/26 11:59,27.807,,,
1432,3/8/26 12:09,28.258,,,
1433,3/8/26 12:19,28.022,,,
1434,3/8/26 12:29,27.925,,,
1435,3/8/26 12:39,28.226,,,
1436,3/8/26 12:49,28.762,,,
1437,3/8/26 12:59,29.212,,,
1438,3/8/26 13:09,29.534,,,
1439,3/8/26 13:19,29.877,,,
1440,3/8/26 13:29,29.674,,,
1441,3/8/26 13:39,29.223,,,
1442,3/8/26 13:49,29.985,,,
1443,3/8/26 13:59,29.148,,,
1444,3/8/26 14:09,28.74,,,
1445,3/8/26 14:19,28.429,,,
1446,3/8/26 14:29,28.151,,,
1447,3/8/26 14:39,27.915,,,
1448,3/8/26 14:49,27.797,,,
1449,3/8/26 14:59,27.357,,,
1450,3/8/26 15:09,27.132,,,
1451,3/8/26 15:19,27.239,,,
1452,3/8/26 15:29,27.218,,,
1453,3/8/26 15:39,27.26,,,
1454,3/8/26 15:49,27.014,,,
1455,3/8/26 15:59,26.789,,,
1456,3/8/26 16:09,26.606,,,
1457,3/8/26 16:19,24.343,,,
1458,3/8/26 16:29,22.177,,,
1459,3/8/26 16:39,20.858,,,
1460,3/8/26 16:49,21.909,,,
1461,3/8/26 16:59,21.608,,,
1462,3/8/26 17:09,21.126,,,
1463,3/8/26 17:19,20.879,,,
1464,3/8/26 17:29,20.793,,,
1465,3/8/26 17:39,20.868,,,
1466,3/8/26 17:49,20.954,,,
1467,3/8/26 17:59,21.051,,,
1468,3/8/26 18:09,21.072,,,
1469,3/8/26 18:19,21.104,,,
1470,3/8/26 18:29,21.126,,,
1471,3/8/26 18:39,21.126,,,
1472,3/8/26 18:49,21.136,,,
1473,3/8/26 18:59,21.126,,,
1474,3/8/26 19:09,21.147,,,
1475,3/8/26 19:19,21.126,,,
1476,3/8/26 19:29,21.126,,,
1477,3/8/26 19:39,21.104,,,
1478,3/8/26 19:49,21.126,,,
1479,3/8/26 19:59,21.126,,,
1480,3/8/26 20:09,21.126,,,
1481,3/8/26 20:19,21.093,,,
1482,3/8/26 20:29,21.104,,,
1483,3/8/26 20:39,21.083,,,
1484,3/8/26 20:49,21.083,,,
1485,3/8/26 20:59,21.179,,,
1486,3/8/26 21:09,21.372,,,
1487,3/8/26 21:19,21.394,,,
1488,3/8/26 21:29,21.415,,,
1489,3/8/26 21:39,21.372,,,
1490,3/8/26 21:49,21.362,,,
1491,3/8/26 21:59,21.329,,,
1492,3/8/26 22:09,21.522,,,
1493,3/8/26 22:19,21.716,,,
1494,3/8/26 22:29,21.64,,,
1495,3/8/26 22:39,21.812,,,
1496,3/8/26 22:49,21.866,,,
1497,3/8/26 22:59,21.748,,,
1498,3/8/26 23:09,21.887,,,
1499,3/8/26 23:19,21.93,,,
1500,3/8/26 23:29,21.791,,,
1501,3/8/26 23:39,21.866,,,
1502,3/8/26 23:49,21.962,,,
1503,3/8/26 23:59,21.973,,,
1504,3/9/26 0:09,21.758,,,
1505,3/9/26 0:19,21.855,,,
1506,3/9/26 0:29,21.962,,,
1507,3/9/26 0:39,21.898,,,
1508,3/9/26 0:49,21.801,,,
1509,3/9/26 0:59,21.909,,,
1510,3/9/26 1:09,22.016,,,
1511,3/9/26 1:19,21.823,,,
1512,3/9/26 1:29,21.866,,,
1513,3/9/26 1:39,21.973,,,
1514,3/9/26 1:49,21.984,,,
1515,3/9/26 1:59,21.791,,,
1516,3/9/26 2:09,21.866,,,
1517,3/9/26 2:19,21.962,,,
1518,3/9/26 2:29,21.866,,,
1519,3/9/26 2:39,21.801,,,
1520,3/9/26 2:49,21.898,,,
1521,3/9/26 2:59,21.962,,,
1522,3/9/26 3:09,21.834,,,
1523,3/9/26 3:19,21.919,,,
1524,3/9/26 3:29,21.898,,,
1525,3/9/26 3:39,21.823,,,
1526,3/9/26 3:49,21.93,,,
1527,3/9/26 3:59,21.93,,,
1528,3/9/26 4:09,21.844,,,
1529,3/9/26 4:19,21.919,,,
1530,3/9/26 4:29,21.93,,,
1531,3/9/26 4:39,21.823,,,
1532,3/9/26 4:49,21.898,,,
1533,3/9/26 4:59,21.994,,,
1534,3/9/26 5:09,21.823,,,
1535,3/9/26 5:19,21.866,,,
1536,3/9/26 5:29,21.973,,,
1537,3/9/26 5:39,22.027,,,
1538,3/9/26 5:49,21.834,,,
1539,3/9/26 5:59,21.876,,,
1540,3/9/26 6:09,21.984,,,
1541,3/9/26 6:19,22.069,,,
1542,3/9/26 6:29,22.069,,,
1543,3/9/26 6:39,21.994,,,
1544,3/9/26 6:49,22.069,,,
1545,3/9/26 6:59,21.866,,,
1546,3/9/26 7:09,21.834,,,
1547,3/9/26 7:19,21.887,,,
1548,3/9/26 7:29,21.823,,,
1549,3/9/26 7:39,21.726,,,
1550,3/9/26 7:49,21.662,,,
1551,3/9/26 7:59,21.64,,,
1552,3/9/26 8:09,21.694,,,
1553,3/9/26 8:19,21.683,,,
1554,3/9/26 8:29,21.683,,,
1555,3/9/26 8:39,21.769,,,
1556,3/9/26 8:49,21.791,,,
1557,3/9/26 8:59,21.823,,,
1558,3/9/26 9:09,21.866,,,
1559,3/9/26 9:19,21.844,,,
1560,3/9/26 9:29,21.898,,,
1561,3/9/26 9:39,21.909,,,
1562,3/9/26 9:49,23.614,,,
1563,3/9/26 9:59,24.3,,,
1564,3/9/26 10:09,24.547,,,
1565,3/9/26 10:19,24.74,,,
1566,3/9/26 10:29,24.955,,,
1567,3/9/26 10:39,25.137,,,
1568,3/9/26 10:49,25.319,,,
1569,3/9/26 10:59,25.502,,,
1570,3/9/26 11:09,25.737,,,
1571,3/9/26 11:19,25.748,,,
1572,3/9/26 11:29,25.652,,,
1573,3/9/26 11:39,25.534,,,
1574,3/9/26 11:49,25.416,,,
1575,3/9/26 11:59,25.405,,,
1576,3/9/26 12:09,25.577,,,
1577,3/9/26 12:19,25.77,,,
1578,3/9/26 12:29,25.984,,,
1579,3/9/26 12:39,26.177,,,
1580,3/9/26 12:49,26.252,,,
1581,3/9/26 12:59,26.402,,,
1582,3/9/26 13:09,26.467,,,
1583,3/9/26 13:19,26.606,,,
1584,3/9/26 13:29,26.756,,,
1585,3/9/26 13:39,26.949,,,
1586,3/9/26 13:49,27.164,,,
1587,3/9/26 13:59,27.915,,,
1588,3/9/26 14:09,28.097,,,
1589,3/9/26 14:19,28.151,,,
1590,3/9/26 14:29,27.614,,,
1591,3/9/26 14:39,26.295,,,
1592,3/9/26 14:49,25.941,,,
1593,3/9/26 14:59,25.727,,,
1594,3/9/26 15:09,25.673,,,
1595,3/9/26 15:19,25.566,,,
1596,3/9/26 15:29,25.459,,,
1597,3/9/26 15:39,25.416,,,
1598,3/9/26 15:49,25.416,,,
1599,3/9/26 15:59,25.384,,,
1600,3/9/26 16:09,25.373,,,
1601,3/9/26 16:19,25.33,,,
1602,3/9/26 16:29,25.276,,,
1603,3/9/26 16:39,25.19,,,
1604,3/9/26 16:49,25.105,,,
1605,3/9/26 16:59,25.019,,,
1606,3/9/26 17:09,24.922,,,
1607,3/9/26 17:19,24.858,,,
1608,3/9/26 17:29,24.761,,,
1609,3/9/26 17:39,24.665,,,
1610,3/9/26 17:49,24.568,,,
1611,3/9/26 17:59,24.526,,,
1612,3/9/26 18:09,24.44,,,
1613,3/9/26 18:19,24.354,,,
1614,3/9/26 18:29,24.311,,,
1615,3/9/26 18:39,24.247,,,
1616,3/9/26 18:49,24.182,,,
1617,3/9/26 18:59,24.118,,,
1618,3/9/26 19:09,24.075,,,
1619,3/9/26 19:19,24,,,
1620,3/9/26 19:29,23.914,,,
1621,3/9/26 19:39,23.861,,,
1622,3/9/26 19:49,23.796,,,
1623,3/9/26 19:59,23.796,,,
1624,3/9/26 20:09,23.807,,,
1625,3/9/26 20:19,23.807,,,
1626,3/9/26 20:29,23.775,,,
1627,3/9/26 20:39,23.775,,,
1628,3/9/26 20:49,23.753,,,
1629,3/9/26 20:59,23.764,,,
1630,3/9/26 21:09,23.743,,,
1631,3/9/26 21:19,23.753,,,
1632,3/9/26 21:29,23.753,,,
1633,3/9/26 21:39,23.753,,,
1634,3/9/26 21:49,23.785,,,
1635,3/9/26 21:59,23.796,,,
1636,3/9/26 22:09,23.796,,,
1637,3/9/26 22:19,23.775,,,
1638,3/9/26 22:29,23.775,,,
1639,3/9/26 22:39,23.764,,,
1640,3/9/26 22:49,23.753,,,
1641,3/9/26 22:59,23.775,,,
1642,3/9/26 23:09,23.753,,,
1643,3/9/26 23:19,23.743,,,
1644,3/9/26 23:29,23.71,,,
1645,3/9/26 23:39,23.7,,,
1646,3/9/26 23:49,23.7,,,
1647,3/9/26 23:59,23.678,,,
1648,3/10/26 0:09,23.668,,,
1649,3/10/26 0:19,23.678,,,
1650,3/10/26 0:29,23.668,,,
1651,3/10/26 0:39,23.657,,,
1652,3/10/26 0:49,23.646,,,
1653,3/10/26 0:59,23.657,,,
1654,3/10/26 1:09,23.625,,,
1655,3/10/26 1:19,23.625,,,
1656,3/10/26 1:29,23.592,,,
1657,3/10/26 1:39,23.582,,,
1658,3/10/26 1:49,23.582,,,
1659,3/10/26 1:59,23.582,,,
1660,3/10/26 2:09,23.539,,,
1661,3/10/26 2:19,23.582,,,
1662,3/10/26 2:29,23.55,,,
1663,3/10/26 2:39,23.528,,,
1664,3/10/26 2:49,23.539,,,
1665,3/10/26 2:59,23.55,,,
1666,3/10/26 3:09,23.528,,,
1667,3/10/26 3:19,23.507,,,
1668,3/10/26 3:29,23.496,,,
1669,3/10/26 3:39,23.464,,,
1670,3/10/26 3:49,23.453,,,
1671,3/10/26 3:59,23.432,,,
1672,3/10/26 4:09,23.421,,,
1673,3/10/26 4:19,23.41,,,
1674,3/10/26 4:29,23.378,,,
1675,3/10/26 4:39,23.346,,,
1676,3/10/26 4:49,23.335,,,
1677,3/10/26 4:59,23.324,,,
1678,3/10/26 5:09,23.303,,,
1679,3/10/26 5:19,23.281,,,
1680,3/10/26 5:29,23.281,,,
1681,3/10/26 5:39,23.271,,,
1682,3/10/26 5:49,23.271,,,
1683,3/10/26 5:59,23.26,,,
1684,3/10/26 6:09,23.271,,,
1685,3/10/26 6:19,23.239,,,
1686,3/10/26 6:29,23.217,,,
1687,3/10/26 6:39,23.228,,,
1688,3/10/26 6:49,23.217,,,
1689,3/10/26 6:59,23.228,,,
1690,3/10/26 7:09,23.271,,,
1691,3/10/26 7:19,23.303,,,
1692,3/10/26 7:29,23.303,,,
1693,3/10/26 7:39,23.346,,,
1694,3/10/26 7:49,23.399,,,
1695,3/10/26 7:59,23.432,,,
1696,3/10/26 8:09,23.474,,,
1697,3/10/26 8:19,23.539,,,
1698,3/10/26 8:29,23.625,,,
1699,3/10/26 8:39,23.732,,,
1700,3/10/26 8:49,23.893,,,
1701,3/10/26 8:59,24.054,,,
1702,3/10/26 9:09,24.129,,,
1703,3/10/26 9:19,24.204,,,
1704,3/10/26 9:29,24.3,,,
1705,3/10/26 9:39,24.397,,,
1706,3/10/26 9:49,24.526,,,
1707,3/10/26 9:59,24.654,,,
1708,3/10/26 10:09,24.729,,,
1709,3/10/26 10:19,24.869,,,
1710,3/10/26 10:29,25.137,,,
1711,3/10/26 10:39,25.276,,,
1712,3/10/26 10:49,25.298,,,
1713,3/10/26 10:59,25.351,,,
1714,3/10/26 11:09,25.459,,,
1715,3/10/26 11:19,25.555,,,
1716,3/10/26 11:29,25.609,,,
1717,3/10/26 11:39,25.662,,,
1718,3/10/26 11:49,25.748,,,
1719,3/10/26 11:59,25.845,,,
1720,3/10/26 12:09,25.909,,,
1721,3/10/26 12:19,26.006,,,
1722,3/10/26 12:29,26.102,,,
1723,3/10/26 12:39,26.059,,,
1724,3/10/26 12:49,26.102,,,
1725,3/10/26 12:59,26.22,,,
1726,3/10/26 13:09,26.306,,,
1727,3/10/26 13:19,26.553,,,
1728,3/10/26 13:29,26.713,,,
1729,3/10/26 13:39,26.831,,,
1730,3/10/26 13:49,26.874,,,
1731,3/10/26 13:59,26.874,,,
1732,3/10/26 14:09,26.842,,,
1733,3/10/26 14:19,26.799,,,
1734,3/10/26 14:29,26.724,,,
1735,3/10/26 14:39,26.66,,,
1736,3/10/26 14:49,26.617,,,
1737,3/10/26 14:59,26.585,,,
1738,3/10/26 15:09,26.52,,,
1739,3/10/26 15:19,26.402,,,
1740,3/10/26 15:29,26.306,,,
1741,3/10/26 15:39,26.188,,,
1742,3/10/26 15:49,26.091,,,
1743,3/10/26 15:59,25.973,,,
1744,3/10/26 16:09,25.855,,,
1745,3/10/26 16:19,25.77,,,
1746,3/10/26 16:29,25.63,,,
1747,3/10/26 16:39,25.555,,,
1748,3/10/26 16:49,25.448,,,
1749,3/10/26 16:59,25.362,,,
1750,3/10/26 17:09,25.287,,,
1751,3/10/26 17:19,25.18,,,
1752,3/10/26 17:29,25.094,,,
1753,3/10/26 17:39,25.008,,,
1754,3/10/26 17:49,24.912,,,
1755,3/10/26 17:59,24.869,,,
1756,3/10/26 18:09,24.804,,,
1757,3/10/26 18:19,24.697,,,
1758,3/10/26 18:29,24.633,,,
1759,3/10/26 18:39,24.558,,,
1760,3/10/26 18:49,24.515,,,
1761,3/10/26 18:59,24.472,,,
1762,3/10/26 19:09,24.429,,,
1763,3/10/26 19:19,24.375,,,
1764,3/10/26 19:29,24.343,,,
1765,3/10/26 19:39,24.3,,,
1766,3/10/26 19:49,24.279,,,
1767,3/10/26 19:59,24.225,,,
1768,3/10/26 20:09,24.204,,,
1769,3/10/26 20:19,24.139,,,
1770,3/10/26 20:29,24.107,,,
1771,3/10/26 20:39,24.032,,,
1772,3/10/26 20:49,23.979,,,
1773,3/10/26 20:59,23.957,,,
1774,3/10/26 21:09,23.957,,,
1775,3/10/26 21:19,23.968,,,
1776,3/10/26 21:29,23.957,,,
1777,3/10/26 21:39,23.946,,,
1778,3/10/26 21:49,23.946,,,
1779,3/10/26 21:59,23.925,,,
1780,3/10/26 22:09,23.957,,,
1781,3/10/26 22:19,23.925,,,
1782,3/10/26 22:29,23.903,,,
1783,3/10/26 22:39,23.925,,,
1784,3/10/26 22:49,23.914,,,
1785,3/10/26 22:59,23.893,,,
1786,3/10/26 23:09,23.871,,,
1787,3/10/26 23:19,23.882,,,
1788,3/10/26 23:29,23.861,,,
1789,3/10/26 23:39,23.85,,,
1790,3/10/26 23:49,23.828,,,
1791,3/10/26 23:59,23.818,,,
1792,3/11/26 0:09,23.796,,,
1793,3/11/26 0:19,23.807,,,
1794,3/11/26 0:29,23.775,,,
1795,3/11/26 0:39,23.775,,,
1796,3/11/26 0:49,23.753,,,
1797,3/11/26 0:59,23.775,,,
1798,3/11/26 1:09,23.743,,,
1799,3/11/26 1:19,23.732,,,
1800,3/11/26 1:29,23.71,,,
1801,3/11/26 1:39,23.732,,,
1802,3/11/26 1:49,23.71,,,
1803,3/11/26 1:59,23.668,,,
1804,3/11/26 2:09,23.668,,,
1805,3/11/26 2:19,23.614,,,
1806,3/11/26 2:29,23.539,,,
1807,3/11/26 2:39,23.496,,,
1808,3/11/26 2:49,23.421,,,
1809,3/11/26 2:59,23.067,,,
1810,3/11/26 3:09,22.96,,,
1811,3/11/26 3:19,22.917,,,
1812,3/11/26 3:29,22.852,,,
1813,3/11/26 3:39,22.81,,,
1814,3/11/26 3:49,22.799,,,
1815,3/11/26 3:59,22.81,,,
1816,3/11/26 4:09,22.788,,,
1817,3/11/26 4:19,22.756,,,
1818,3/11/26 4:29,22.692,,,
1819,3/11/26 4:39,22.616,,,
1820,3/11/26 4:49,22.541,,,
1821,3/11/26 4:59,22.552,,,
1822,3/11/26 5:09,22.541,,,
1823,3/11/26 5:19,22.552,,,
1824,3/11/26 5:29,22.584,,,
1825,3/11/26 5:39,22.584,,,
1826,3/11/26 5:49,22.574,,,
1827,3/11/26 5:59,22.563,,,
1828,3/11/26 6:09,22.531,,,
1829,3/11/26 6:19,22.456,,,
1830,3/11/26 6:29,22.413,,,
1831,3/11/26 6:39,22.381,,,
1832,3/11/26 6:49,22.391,,,
1833,3/11/26 6:59,22.391,,,
1834,3/11/26 7:09,22.423,,,
1835,3/11/26 7:19,22.445,,,
1836,3/11/26 7:29,22.477,,,
1837,3/11/26 7:39,22.477,,,
1838,3/11/26 7:49,22.498,,,
1839,3/11/26 7:59,22.552,,,
1840,3/11/26 8:09,22.584,,,
1841,3/11/26 8:19,22.584,,,
1842,3/11/26 8:29,22.616,,,
1843,3/11/26 8:39,22.638,,,
1844,3/11/26 8:49,22.702,,,
1845,3/11/26 8:59,22.788,,,
1846,3/11/26 9:09,22.863,,,
1847,3/11/26 9:19,22.96,,,
1848,3/11/26 9:29,23.121,,,
1849,3/11/26 9:39,23.271,,,
1850,3/11/26 9:49,23.399,,,
1851,3/11/26 9:59,23.474,,,
1852,3/11/26 10:09,23.657,,,
1853,3/11/26 10:19,23.914,,,
1854,3/11/26 10:29,24.097,,,
1855,3/11/26 10:39,24.247,,,
1856,3/11/26 10:49,24.3,,,
1857,3/11/26 10:59,24.354,,,
1858,3/11/26 11:09,24.386,,,
1859,3/11/26 11:19,24.365,,,
1860,3/11/26 11:29,24.397,,,
1861,3/11/26 11:39,24.397,,,
1862,3/11/26 11:49,24.472,,,
1863,3/11/26 11:59,24.654,,,
1864,3/11/26 12:09,24.858,,,
1865,3/11/26 12:19,24.987,,,
1866,3/11/26 12:29,25.105,,,
1867,3/11/26 12:39,25.212,,,
1868,3/11/26 12:49,25.437,,,
1869,3/11/26 12:59,25.705,,,
1870,3/11/26 13:09,25.941,,,
1871,3/11/26 13:19,26.252,,,
1872,3/11/26 13:29,26.542,,,
1873,3/11/26 13:39,26.692,,,
1874,3/11/26 13:49,26.606,,,
1875,3/11/26 13:59,26.52,,,
1876,3/11/26 14:09,26.595,,,
1877,3/11/26 14:19,26.81,,,
1878,3/11/26 14:29,26.939,,,
1879,3/11/26 14:39,26.992,,,
1880,3/11/26 14:49,26.982,,,
1881,3/11/26 14:59,26.949,,,
1882,3/11/26 15:09,26.896,,,
1883,3/11/26 15:19,26.864,,,
1884,3/11/26 15:29,26.81,,,
1885,3/11/26 15:39,26.756,,,
1886,3/11/26 15:49,26.692,,,
1887,3/11/26 15:59,26.628,,,
1888,3/11/26 16:09,26.553,,,
1889,3/11/26 16:19,26.51,,,
1890,3/11/26 16:29,26.445,,,
1891,3/11/26 16:39,26.338,,,
1892,3/11/26 16:49,26.263,,,
1893,3/11/26 16:59,26.177,,,
1894,3/11/26 17:09,26.124,,,
1895,3/11/26 17:19,26.038,,,
1896,3/11/26 17:29,25.931,,,
1897,3/11/26 17:39,25.834,,,
1898,3/11/26 17:49,25.737,,,
1899,3/11/26 17:59,25.609,,,
1900,3/11/26 18:09,25.48,,,
1901,3/11/26 18:19,25.373,,,
1902,3/11/26 18:29,25.266,,,
1903,3/11/26 18:39,25.148,,,
1904,3/11/26 18:49,25.04,,,
1905,3/11/26 18:59,24.955,,,
1906,3/11/26 19:09,24.89,,,
1907,3/11/26 19:19,24.815,,,
1908,3/11/26 19:29,24.74,,,
1909,3/11/26 19:39,24.686,,,
1910,3/11/26 19:49,24.633,,,
1911,3/11/26 19:59,24.558,,,
1912,3/11/26 20:09,24.504,,,
1913,3/11/26 20:19,24.45,,,
1914,3/11/26 20:29,24.408,,,
1915,3/11/26 20:39,24.354,,,
1916,3/11/26 20:49,24.29,,,
1917,3/11/26 20:59,24.268,,,
1918,3/11/26 21:09,24.204,,,
1919,3/11/26 21:19,24.182,,,
1920,3/11/26 21:29,24.15,,,
1921,3/11/26 21:39,24.161,,,
1922,3/11/26 21:49,24.118,,,
1923,3/11/26 21:59,24.107,,,
1924,3/11/26 22:09,24.075,,,
1925,3/11/26 22:19,24.064,,,
1926,3/11/26 22:29,24.011,,,
1927,3/11/26 22:39,24,,,
1928,3/11/26 22:49,23.968,,,
1929,3/11/26 22:59,23.968,,,
1930,3/11/26 23:09,23.925,,,
1931,3/11/26 23:19,23.914,,,
1932,3/11/26 23:29,23.903,,,
1933,3/11/26 23:39,23.871,,,
1934,3/11/26 23:49,23.882,,,
1935,3/11/26 23:59,23.861,,,
1936,3/12/26 0:09,23.861,,,
1937,3/12/26 0:19,23.871,,,
1938,3/12/26 0:29,23.861,,,
1939,3/12/26 0:39,23.85,,,
1940,3/12/26 0:49,23.882,,,
1941,3/12/26 0:59,23.871,,,
1942,3/12/26 1:09,23.871,,,
1943,3/12/26 1:19,23.871,,,
1944,3/12/26 1:29,23.85,,,
1945,3/12/26 1:39,23.861,,,
1946,3/12/26 1:49,23.828,,,
1947,3/12/26 1:59,23.828,,,
1948,3/12/26 2:09,23.839,,,
1949,3/12/26 2:19,23.828,,,
1950,3/12/26 2:29,23.839,,,
1951,3/12/26 2:39,23.85,,,
1952,3/12/26 2:49,23.828,,,
1953,3/12/26 2:59,23.818,,,
1954,3/12/26 3:09,23.818,,,
1955,3/12/26 3:19,23.839,,,
1956,3/12/26 3:29,23.828,,,
1957,3/12/26 3:39,23.828,,,
1958,3/12/26 3:49,23.818,,,
1959,3/12/26 3:59,23.828,,,
1960,3/12/26 4:09,23.807,,,
1961,3/12/26 4:19,23.785,,,
1962,3/12/26 4:29,23.807,,,
1963,3/12/26 4:39,23.818,,,
1964,3/12/26 4:49,23.775,,,
1965,3/12/26 4:59,23.775,,,
1966,3/12/26 5:09,23.764,,,
1967,3/12/26 5:19,23.721,,,
1968,3/12/26 5:29,23.7,,,
1969,3/12/26 5:39,23.7,,,
1970,3/12/26 5:49,23.71,,,
1971,3/12/26 5:59,23.689,,,
1972,3/12/26 6:09,23.689,,,
1973,3/12/26 6:19,23.657,,,
1974,3/12/26 6:29,23.582,,,
1975,3/12/26 6:39,23.528,,,
1976,3/12/26 6:49,23.507,,,
1977,3/12/26 6:59,23.485,,,
1978,3/12/26 7:09,23.442,,,
1979,3/12/26 7:19,23.442,,,
1980,3/12/26 7:29,23.453,,,
1981,3/12/26 7:39,23.41,,,
1982,3/12/26 7:49,23.292,,,
1983,3/12/26 7:59,23.131,,,
1984,3/12/26 8:09,23.035,,,
1985,3/12/26 8:19,22.981,,,
1986,3/12/26 8:29,22.992,,,
1987,3/12/26 8:39,23.078,,,
1988,3/12/26 8:49,23.131,,,
1989,3/12/26 8:59,23.239,,,
1990,3/12/26 9:09,23.303,,,
1991,3/12/26 9:19,23.378,,,
1992,3/12/26 9:29,23.421,,,
1993,3/12/26 9:39,23.442,,,
1994,3/12/26 9:49,23.432,,,
1995,3/12/26 9:59,23.464,,,
1996,3/12/26 10:09,23.507,,,
1997,3/12/26 10:19,23.625,,,
1998,3/12/26 10:29,23.689,,,
1999,3/12/26 10:39,23.721,,,
2000,3/12/26 10:49,23.657,,,
2001,3/12/26 10:59,23.635,,,
2002,3/12/26 11:09,23.603,,,
2003,3/12/26 11:19,23.614,,,
2004,3/12/26 11:29,23.71,,,
2005,3/12/26 11:39,23.743,,,
2006,3/12/26 11:49,23.775,,,
2007,3/12/26 11:59,23.85,,,
2008,3/12/26 12:09,23.893,,,
2009,3/12/26 12:19,23.957,,,
2010,3/12/26 12:29,24.054,,,
2011,3/12/26 12:39,24.139,,,
2012,3/12/26 12:49,24.225,,,
2013,3/12/26 12:59,24.257,,,
2014,3/12/26 13:09,24.29,,,
2015,3/12/26 13:19,24.311,,,
2016,3/12/26 13:29,24.343,,,
2017,3/12/26 13:39,24.322,,,
2018,3/12/26 13:49,24.225,,,
2019,3/12/26 13:59,24.086,,,
2020,3/12/26 14:09,24.043,,,
2021,3/12/26 14:19,24.097,,,
2022,3/12/26 14:29,24.139,,,
2023,3/12/26 14:39,24.161,,,
2024,3/12/26 14:49,24.139,,,
2025,3/12/26 14:59,24.107,,,
2026,3/12/26 15:09,24.107,,,
2027,3/12/26 15:19,24.107,,,
2028,3/12/26 15:29,24.15,,,
2029,3/12/26 15:39,24.193,,,
2030,3/12/26 15:49,24.257,,,
2031,3/12/26 15:59,24.268,,,
2032,3/12/26 16:09,24.268,,,
2033,3/12/26 16:19,24.268,,,
2034,3/12/26 16:29,24.268,,,
2035,3/12/26 16:39,24.3,,,
2036,3/12/26 16:49,24.311,,,
2037,3/12/26 16:59,24.279,,,
2038,3/12/26 17:09,24.257,,,
2039,3/12/26 17:19,24.236,,,
2040,3/12/26 17:29,24.214,,,
2041,3/12/26 17:39,24.193,,,
2042,3/12/26 17:49,24.15,,,
2043,3/12/26 17:59,24.129,,,
2044,3/12/26 18:09,24.118,,,
2045,3/12/26 18:19,24.086,,,
2046,3/12/26 18:29,24.097,,,
2047,3/12/26 18:39,24.043,,,
2048,3/12/26 18:49,24.032,,,
2049,3/12/26 18:59,24,,,
2050,3/12/26 19:09,23.957,,,
2051,3/12/26 19:19,23.882,,,
2052,3/12/26 19:29,23.85,,,
2053,3/12/26 19:39,23.828,,,
2054,3/12/26 19:49,23.818,,,
2055,3/12/26 19:59,23.785,,,
2056,3/12/26 20:09,23.775,,,
2057,3/12/26 20:19,23.753,,,
2058,3/12/26 20:29,23.743,,,
2059,3/12/26 20:39,23.753,,,
2060,3/12/26 20:49,23.732,,,
2061,3/12/26 20:59,23.743,,,
2062,3/12/26 21:09,23.721,,,
2063,3/12/26 21:19,23.71,,,
2064,3/12/26 21:29,23.657,,,
2065,3/12/26 21:39,23.657,,,
2066,3/12/26 21:49,23.646,,,
2067,3/12/26 21:59,23.625,,,
2068,3/12/26 22:09,23.657,,,
2069,3/12/26 22:19,23.678,,,
2070,3/12/26 22:29,23.71,,,
2071,3/12/26 22:39,23.732,,,
2072,3/12/26 22:49,23.764,,,
2073,3/12/26 22:59,23.753,,,
2074,3/12/26 23:09,23.753,,,
2075,3/12/26 23:19,23.796,,,
2076,3/12/26 23:29,23.818,,,
2077,3/12/26 23:39,23.818,,,
2078,3/12/26 23:49,23.785,,,
2079,3/12/26 23:59,23.785,,,
2080,3/13/26 0:09,23.785,,,
2081,3/13/26 0:19,23.807,,,
2082,3/13/26 0:29,23.796,,,
2083,3/13/26 0:39,23.828,,,
2084,3/13/26 0:49,23.861,,,
2085,3/13/26 0:59,23.861,,,
2086,3/13/26 1:09,23.871,,,
2087,3/13/26 1:19,23.828,,,
2088,3/13/26 1:29,23.796,,,
2089,3/13/26 1:39,23.785,,,
2090,3/13/26 1:49,23.775,,,
2091,3/13/26 1:59,23.764,,,
2092,3/13/26 2:09,23.775,,,
2093,3/13/26 2:19,23.743,,,
2094,3/13/26 2:29,23.689,,,
2095,3/13/26 2:39,23.678,,,
2096,3/13/26 2:49,23.635,,,
2097,3/13/26 2:59,23.657,,,
2098,3/13/26 3:09,23.635,,,
2099,3/13/26 3:19,23.603,,,
2100,3/13/26 3:29,23.592,,,
2101,3/13/26 3:39,23.582,,,
2102,3/13/26 3:49,23.56,,,
2103,3/13/26 3:59,23.603,,,
2104,3/13/26 4:09,23.625,,,
2105,3/13/26 4:19,23.635,,,
2106,3/13/26 4:29,23.668,,,
2107,3/13/26 4:39,23.689,,,
2108,3/13/26 4:49,23.71,,,
2109,3/13/26 4:59,23.7,,,
2110,3/13/26 5:09,23.625,,,
2111,3/13/26 5:19,23.582,,,
2112,3/13/26 5:29,23.56,,,
2113,3/13/26 5:39,23.55,,,
2114,3/13/26 5:49,23.582,,,
2115,3/13/26 5:59,23.592,,,
2116,3/13/26 6:09,23.625,,,
2117,3/13/26 6:19,23.625,,,
2118,3/13/26 6:29,23.592,,,
2119,3/13/26 6:39,23.55,,,
2120,3/13/26 6:49,23.41,,,
2121,3/13/26 6:59,23.346,,,
2122,3/13/26 7:09,23.335,,,
2123,3/13/26 7:19,23.303,,,
2124,3/13/26 7:29,23.239,,,
2125,3/13/26 7:39,23.196,,,
2126,3/13/26 7:49,23.174,,,
2127,3/13/26 7:59,23.163,,,
2128,3/13/26 8:09,23.142,,,
2129,3/13/26 8:19,23.131,,,
2130,3/13/26 8:29,23.174,,,
2131,3/13/26 8:39,23.174,,,
2132,3/13/26 8:49,23.131,,,
2133,3/13/26 8:59,23.228,,,
2134,3/13/26 9:09,23.421,,,
2135,3/13/26 9:19,23.582,,,
2136,3/13/26 9:29,23.721,,,
2137,3/13/26 9:39,23.828,,,
2138,3/13/26 9:49,23.936,,,
2139,3/13/26 9:59,24.021,,,
2140,3/13/26 10:09,24.075,,,
2141,3/13/26 10:19,24.064,,,
2142,3/13/26 10:29,24.032,,,
2143,3/13/26 10:39,24,,,
2144,3/13/26 10:49,23.968,,,
2145,3/13/26 10:59,23.989,,,
2146,3/13/26 11:09,23.946,,,
2147,3/13/26 11:19,23.936,,,
2148,3/13/26 11:29,23.936,,,
2149,3/13/26 11:39,23.979,,,
2150,3/13/26 11:49,24.032,,,
2151,3/13/26 11:59,24.054,,,
2152,3/13/26 12:09,24.075,,,
2153,3/13/26 12:19,23.968,,,
2154,3/13/26 12:29,23.871,,,
2155,3/13/26 12:39,23.764,,,
2156,3/13/26 12:49,23.721,,,
2157,3/13/26 12:59,23.732,,,
2158,3/13/26 13:09,23.732,,,
2159,3/13/26 13:19,23.657,,,
2160,3/13/26 13:29,23.539,,,
2161,3/13/26 13:39,23.539,,,
2162,3/13/26 13:49,23.528,,,
2163,3/13/26 13:59,23.528,,,
2164,3/13/26 14:09,23.528,,,
2165,3/13/26 14:19,23.592,,,
2166,3/13/26 14:29,23.55,,,
2167,3/13/26 14:39,23.432,,,
2168,3/13/26 14:49,23.399,,,
2169,3/13/26 14:59,23.399,,,
2170,3/13/26 15:09,23.496,,,
2171,3/13/26 15:19,23.689,,,
2172,3/13/26 15:29,23.828,,,
2173,3/13/26 15:39,23.914,,,
2174,3/13/26 15:49,24.021,,,
2175,3/13/26 15:59,24.107,,,
2176,3/13/26 16:09,24.172,,,
2177,3/13/26 16:19,24.193,,,
2178,3/13/26 16:29,24.182,,,
2179,3/13/26 16:39,24.172,,,
2180,3/13/26 16:49,24.118,,,
2181,3/13/26 16:59,24.107,,,
2182,3/13/26 17:09,24.075,,,
2183,3/13/26 17:19,24.107,,,
2184,3/13/26 17:29,24.097,,,
2185,3/13/26 17:39,24.075,,,
2186,3/13/26 17:49,24.054,,,
2187,3/13/26 17:59,24.043,,,
2188,3/13/26 18:09,23.989,,,
2189,3/13/26 18:19,23.946,,,
2190,3/13/26 18:29,23.914,,,
2191,3/13/26 18:39,23.871,,,
2192,3/13/26 18:49,23.775,,,
2193,3/13/26 18:59,23.732,,,
2194,3/13/26 19:09,23.7,,,
2195,3/13/26 19:19,23.625,,,
2196,3/13/26 19:29,23.539,,,
2197,3/13/26 19:39,23.507,,,
2198,3/13/26 19:49,23.442,,,
2199,3/13/26 19:59,23.378,,,
2200,3/13/26 20:09,23.335,,,
2201,3/13/26 20:19,23.271,,,
2202,3/13/26 20:29,23.228,,,
2203,3/13/26 20:39,23.174,,,
2204,3/13/26 20:49,23.121,,,
2205,3/13/26 20:59,23.067,,,
2206,3/13/26 21:09,23.024,,,
2207,3/13/26 21:19,22.97,,,
2208,3/13/26 21:29,22.927,,,
2209,3/13/26 21:39,22.874,,,
2210,3/13/26 21:49,22.82,,,
2211,3/13/26 21:59,22.767,,,
2212,3/13/26 22:09,22.713,,,
2213,3/13/26 22:19,22.692,,,
2214,3/13/26 22:29,22.659,,,
2215,3/13/26 22:39,22.606,,,
2216,3/13/26 22:49,22.595,,,
2217,3/13/26 22:59,22.563,,,
2218,3/13/26 23:09,22.531,,,
2219,3/13/26 23:19,22.488,,,
2220,3/13/26 23:29,22.466,,,
2221,3/13/26 23:39,22.445,,,
2222,3/13/26 23:49,22.402,,,
2223,3/13/26 23:59,22.359,,,
2224,3/14/26 0:09,22.488,,,
2225,3/14/26 0:19,22.659,,,
2226,3/14/26 0:29,22.767,,,
2227,3/14/26 0:39,22.874,,,
2228,3/14/26 0:49,22.992,,,
2229,3/14/26 0:59,23.013,,,
2230,3/14/26 1:09,23.078,,,
2231,3/14/26 1:19,23.131,,,
2232,3/14/26 1:29,23.163,,,
2233,3/14/26 1:39,23.217,,,
2234,3/14/26 1:49,23.271,,,
2235,3/14/26 1:59,23.292,,,
2236,3/14/26 2:09,23.303,,,
2237,3/14/26 2:19,23.303,,,
2238,3/14/26 2:29,23.26,,,
2239,3/14/26 2:39,23.249,,,
2240,3/14/26 2:49,23.249,,,
2241,3/14/26 2:59,23.249,,,
2242,3/14/26 3:09,23.239,,,
2243,3/14/26 3:19,23.206,,,
2244,3/14/26 3:29,23.163,,,
2245,3/14/26 3:39,23.088,,,
2246,3/14/26 3:49,23.078,,,
2247,3/14/26 3:59,23.056,,,
2248,3/14/26 4:09,23.078,,,
2249,3/14/26 4:19,23.067,,,
2250,3/14/26 4:29,23.067,,,
2251,3/14/26 4:39,23.078,,,
2252,3/14/26 4:49,23.11,,,
2253,3/14/26 4:59,23.142,,,
2254,3/14/26 5:09,23.174,,,
2255,3/14/26 5:19,23.196,,,
2256,3/14/26 5:29,23.228,,,
2257,3/14/26 5:39,23.239,,,
2258,3/14/26 5:49,23.271,,,
2259,3/14/26 5:59,23.281,,,
2260,3/14/26 6:09,23.292,,,
2261,3/14/26 6:19,23.281,,,
2262,3/14/26 6:29,23.26,,,
2263,3/14/26 6:39,23.217,,,
2264,3/14/26 6:49,23.131,,,
2265,3/14/26 6:59,23.056,,,
2266,3/14/26 7:09,23.003,,,
2267,3/14/26 7:19,23.045,,,
2268,3/14/26 7:29,23.045,,,
2269,3/14/26 7:39,23.056,,,
2270,3/14/26 7:49,23.099,,,
2271,3/14/26 7:59,23.131,,,
2272,3/14/26 8:09,23.206,,,
2273,3/14/26 8:19,23.239,,,
2274,3/14/26 8:29,23.249,,,
2275,3/14/26 8:39,23.303,,,
2276,3/14/26 8:49,23.399,,,
2277,3/14/26 8:59,23.56,,,
2278,3/14/26 9:09,23.646,,,
2279,3/14/26 9:19,23.721,,,
2280,3/14/26 9:29,23.753,,,
2281,3/14/26 9:39,23.861,,,
2282,3/14/26 9:49,24.075,,,
2283,3/14/26 9:59,24.375,,,
2284,3/14/26 10:09,24.697,,,
2285,3/14/26 10:19,24.933,,,
2286,3/14/26 10:29,25.19,,,
2287,3/14/26 10:39,25.298,,,
2288,3/14/26 10:49,24.515,,,
2289,3/14/26 10:59,24.257,,,
2290,3/14/26 11:09,24.247,,,
2291,3/14/26 11:19,24.29,,,
2292,3/14/26 11:29,24.311,,,
2293,3/14/26 11:39,24.311,,,
2294,3/14/26 11:49,24.279,,,
2295,3/14/26 11:59,24.279,,,
2296,3/14/26 12:09,24.236,,,
2297,3/14/26 12:19,24.172,,,
2298,3/14/26 12:29,24.118,,,
2299,3/14/26 12:39,24.075,,,
2300,3/14/26 12:49,23.979,,,
2301,3/14/26 12:59,23.957,,,
2302,3/14/26 13:09,23.903,,,
2303,3/14/26 13:19,23.871,,,
2304,3/14/26 13:29,23.85,,,
2305,3/14/26 13:39,23.828,,,
2306,3/14/26 13:49,23.807,,,
2307,3/14/26 13:59,23.796,,,
2308,3/14/26 14:09,23.775,,,
2309,3/14/26 14:19,23.818,,,
2310,3/14/26 14:29,23.861,,,
2311,3/14/26 14:39,23.882,,,
2312,3/14/26 14:49,23.903,,,
2313,3/14/26 14:59,23.925,,,
2314,3/14/26 15:09,23.946,,,
2315,3/14/26 15:19,23.925,,,
2316,3/14/26 15:29,23.882,,,
2317,3/14/26 15:39,23.871,,,
2318,3/14/26 15:49,23.828,,,
2319,3/14/26 15:59,23.818,,,
2320,3/14/26 16:09,23.785,,,
2321,3/14/26 16:19,23.753,,,
2322,3/14/26 16:29,23.732,,,
2323,3/14/26 16:39,23.71,,,
2324,3/14/26 16:49,23.7,,,
2325,3/14/26 16:59,23.721,,,
2326,3/14/26 17:09,23.689,,,
2327,3/14/26 17:19,23.721,,,
2328,3/14/26 17:29,23.732,,,
2329,3/14/26 17:39,23.7,,,
2330,3/14/26 17:49,23.71,,,
2331,3/14/26 17:59,23.678,,,
2332,3/14/26 18:09,23.668,,,
2333,3/14/26 18:19,23.635,,,
2334,3/14/26 18:29,23.625,,,
2335,3/14/26 18:39,23.625,,,
2336,3/14/26 18:49,23.625,,,
2337,3/14/26 18:59,23.592,,,
2338,3/14/26 19:09,23.592,,,
2339,3/14/26 19:19,23.592,,,
2340,3/14/26 19:29,23.592,,,
2341,3/14/26 19:39,23.592,,,
2342,3/14/26 19:49,23.571,,,
2343,3/14/26 19:59,23.56,,,
2344,3/14/26 20:09,23.571,,,
2345,3/14/26 20:19,23.56,,,
2346,3/14/26 20:29,23.55,,,
2347,3/14/26 20:39,23.571,,,
2348,3/14/26 20:49,23.582,,,
2349,3/14/26 20:59,23.571,,,
2350,3/14/26 21:09,23.592,,,
2351,3/14/26 21:19,23.55,,,
2352,3/14/26 21:29,23.571,,,
2353,3/14/26 21:39,23.582,,,
2354,3/14/26 21:49,23.571,,,
2355,3/14/26 21:59,23.571,,,
2356,3/14/26 22:09,23.571,,,
2357,3/14/26 22:19,23.55,,,
2358,3/14/26 22:29,23.55,,,
2359,3/14/26 22:39,23.55,,,
2360,3/14/26 22:49,23.528,,,
2361,3/14/26 22:59,23.528,,,
2362,3/14/26 23:09,23.528,,,
2363,3/14/26 23:19,23.528,,,
2364,3/14/26 23:29,23.539,,,
2365,3/14/26 23:39,23.55,,,
2366,3/14/26 23:49,23.539,,,
2367,3/14/26 23:59,23.56,,,
2368,3/15/26 0:09,23.55,,,
2369,3/15/26 0:19,23.571,,,
2370,3/15/26 0:29,23.582,,,
2371,3/15/26 0:39,23.592,,,
2372,3/15/26 0:49,23.582,,,
2373,3/15/26 0:59,23.582,,,
2374,3/15/26 1:09,23.582,,,
2375,3/15/26 1:19,23.592,,,
2376,3/15/26 1:29,23.571,,,
2377,3/15/26 1:39,23.592,,,
2378,3/15/26 1:49,23.56,,,
2379,3/15/26 1:59,23.582,,,
2380,3/15/26 2:09,23.582,,,
2381,3/15/26 2:19,23.571,,,
2382,3/15/26 2:29,23.603,,,
2383,3/15/26 2:39,23.582,,,
2384,3/15/26 2:49,23.571,,,
2385,3/15/26 2:59,23.603,,,
2386,3/15/26 3:09,23.592,,,
2387,3/15/26 3:19,23.582,,,
2388,3/15/26 3:29,23.603,,,
2389,3/15/26 3:39,23.625,,,
2390,3/15/26 3:49,23.625,,,
2391,3/15/26 3:59,23.614,,,
2392,3/15/26 4:09,23.635,,,
2393,3/15/26 4:19,23.635,,,
2394,3/15/26 4:29,23.657,,,
2395,3/15/26 4:39,23.657,,,
2396,3/15/26 4:49,23.646,,,
2397,3/15/26 4:59,23.668,,,
2398,3/15/26 5:09,23.646,,,
2399,3/15/26 5:19,23.657,,,
2400,3/15/26 5:29,23.657,,,
2401,3/15/26 5:39,23.657,,,
2402,3/15/26 5:49,23.668,,,
2403,3/15/26 5:59,23.657,,,
2404,3/15/26 6:09,23.635,,,
2405,3/15/26 6:19,23.625,,,
2406,3/15/26 6:29,23.625,,,
2407,3/15/26 6:39,23.625,,,
2408,3/15/26 6:49,23.635,,,
2409,3/15/26 6:59,23.625,,,
2410,3/15/26 7:09,23.625,,,
2411,3/15/26 7:19,23.614,,,
2412,3/15/26 7:29,23.646,,,
2413,3/15/26 7:39,23.635,,,
2414,3/15/26 7:49,23.657,,,
2415,3/15/26 7:59,23.646,,,
2416,3/15/26 8:09,23.678,,,
2417,3/15/26 8:19,23.71,,,
2418,3/15/26 8:29,23.71,,,
2419,3/15/26 8:39,23.743,,,
2420,3/15/26 8:49,23.753,,,
2421,3/15/26 8:59,23.775,,,
2422,3/15/26 9:09,23.807,,,
2423,3/15/26 9:19,23.818,,,
2424,3/15/26 9:29,23.839,,,
2425,3/15/26 9:39,23.861,,,
2426,3/15/26 9:49,23.914,,,
2427,3/15/26 9:59,23.882,,,
2428,3/15/26 10:09,23.925,,,
2429,3/15/26 10:19,23.925,,,
2430,3/15/26 10:29,23.914,,,
2431,3/15/26 10:39,23.903,,,
2432,3/15/26 10:49,23.85,,,
2433,3/15/26 10:59,23.818,,,
2434,3/15/26 11:09,23.807,,,
2435,3/15/26 11:19,23.785,,,
2436,3/15/26 11:29,23.764,,,
2437,3/15/26 11:39,23.785,,,
2438,3/15/26 11:49,23.764,,,
2439,3/15/26 11:59,23.743,,,
2440,3/15/26 12:09,23.689,,,
2441,3/15/26 12:19,23.71,,,
2442,3/15/26 12:29,23.721,,,
2443,3/15/26 12:39,23.732,,,
2444,3/15/26 12:49,23.775,,,
2445,3/15/26 12:59,23.839,,,
2446,3/15/26 13:09,23.914,,,
2447,3/15/26 13:19,23.979,,,
2448,3/15/26 13:29,24.021,,,
2449,3/15/26 13:39,24.097,,,
2450,3/15/26 13:49,24.129,,,
2451,3/15/26 13:59,24.172,,,
2452,3/15/26 14:09,24.214,,,
2453,3/15/26 14:19,24.257,,,
2454,3/15/26 14:29,24.29,,,
2455,3/15/26 14:39,24.311,,,
2456,3/15/26 14:49,24.322,,,
2457,3/15/26 14:59,24.3,,,
2458,3/15/26 15:09,24.322,,,
2459,3/15/26 15:19,24.29,,,
2460,3/15/26 15:29,24.279,,,
2461,3/15/26 15:39,24.268,,,
2462,3/15/26 15:49,24.236,,,
2463,3/15/26 15:59,24.268,,,
2464,3/15/26 16:09,24.247,,,
2465,3/15/26 16:19,24.268,,,
2466,3/15/26 16:29,24.236,,,
2467,3/15/26 16:39,24.257,,,
2468,3/15/26 16:49,24.257,,,
2469,3/15/26 16:59,24.257,,,
2470,3/15/26 17:09,24.236,,,
2471,3/15/26 17:19,24.182,,,
2472,3/15/26 17:29,24.172,,,
2473,3/15/26 17:39,24.15,,,
2474,3/15/26 17:49,24.129,,,
2475,3/15/26 17:59,24.118,,,
2476,3/15/26 18:09,24.097,,,
2477,3/15/26 18:19,24.075,,,
2478,3/15/26 18:29,24.011,,,
2479,3/15/26 18:39,23.979,,,
2480,3/15/26 18:49,23.957,,,
2481,3/15/26 18:59,23.957,,,
2482,3/15/26 19:09,23.914,,,
2483,3/15/26 19:19,23.914,,,
2484,3/15/26 19:29,23.925,,,
2485,3/15/26 19:39,23.925,,,
2486,3/15/26 19:49,23.893,,,
2487,3/15/26 19:59,23.914,,,
2488,3/15/26 20:09,23.871,,,
2489,3/15/26 20:19,23.893,,,
2490,3/15/26 20:29,23.861,,,
2491,3/15/26 20:39,23.871,,,
2492,3/15/26 20:49,23.871,,,
2493,3/15/26 20:59,23.839,,,
2494,3/15/26 21:09,23.807,,,
2495,3/15/26 21:19,23.764,,,
2496,3/15/26 21:29,23.764,,,
2497,3/15/26 21:39,23.732,,,
2498,3/15/26 21:49,23.71,,,
2499,3/15/26 21:59,23.689,,,
2500,3/15/26 22:09,23.668,,,
2501,3/15/26 22:19,23.668,,,
2502,3/15/26 22:29,23.689,,,
2503,3/15/26 22:39,23.678,,,
2504,3/15/26 22:49,23.689,,,
2505,3/15/26 22:59,23.689,,,
2506,3/15/26 23:09,23.678,,,
2507,3/15/26 23:19,23.689,,,
2508,3/15/26 23:29,23.689,,,
2509,3/15/26 23:39,23.689,,,
2510,3/15/26 23:49,23.71,,,
2511,3/15/26 23:59,23.678,,,
2512,3/16/26 0:09,23.689,,,
2513,3/16/26 0:19,23.7,,,
2514,3/16/26 0:29,23.678,,,
2515,3/16/26 0:39,23.668,,,
2516,3/16/26 0:49,23.689,,,
2517,3/16/26 0:59,23.7,,,
2518,3/16/26 1:09,23.689,,,
2519,3/16/26 1:19,23.689,,,
2520,3/16/26 1:29,23.71,,,
2521,3/16/26 1:39,23.689,,,
2522,3/16/26 1:49,23.689,,,
2523,3/16/26 1:59,23.689,,,
2524,3/16/26 2:09,23.668,,,
2525,3/16/26 2:19,23.657,,,
2526,3/16/26 2:29,23.657,,,
2527,3/16/26 2:39,23.646,,,
2528,3/16/26 2:49,23.635,,,
2529,3/16/26 2:59,23.646,,,
2530,3/16/26 3:09,23.625,,,
2531,3/16/26 3:19,23.646,,,
2532,3/16/26 3:29,23.625,,,
2533,3/16/26 3:39,23.625,,,
2534,3/16/26 3:49,23.625,,,
2535,3/16/26 3:59,23.614,,,
2536,3/16/26 4:09,23.592,,,
2537,3/16/26 4:19,23.646,,,
2538,3/16/26 4:29,23.635,,,
2539,3/16/26 4:39,23.668,,,
2540,3/16/26 4:49,23.668,,,
2541,3/16/26 4:59,23.678,,,
2542,3/16/26 5:09,23.7,,,
2543,3/16/26 5:19,23.7,,,
2544,3/16/26 5:29,23.71,,,
2545,3/16/26 5:39,23.71,,,
2546,3/16/26 5:49,23.732,,,
2547,3/16/26 5:59,23.732,,,
2548,3/16/26 6:09,23.71,,,
2549,3/16/26 6:19,23.732,,,
2550,3/16/26 6:29,23.721,,,
2551,3/16/26 6:39,23.721,,,
2552,3/16/26 6:49,23.732,,,
2553,3/16/26 6:59,23.71,,,
2554,3/16/26 7:09,23.7,,,
2555,3/16/26 7:19,23.689,,,
2556,3/16/26 7:29,23.7,,,
2557,3/16/26 7:39,23.7,,,
2558,3/16/26 7:49,23.689,,,
2559,3/16/26 7:59,23.732,,,
2560,3/16/26 8:09,23.732,,,
2561,3/16/26 8:19,23.775,,,
2562,3/16/26 8:29,23.796,,,
2563,3/16/26 8:39,23.882,,,
2564,3/16/26 8:49,23.936,,,
2565,3/16/26 8:59,23.968,,,
2566,3/16/26 9:09,23.989,,,
2567,3/16/26 9:19,24.054,,,
2568,3/16/26 9:29,24.139,,,
2569,3/16/26 9:39,24.214,,,
2570,3/16/26 9:49,24.257,,,
2571,3/16/26 9:59,24.3,,,
2572,3/16/26 10:09,24.322,,,
2573,3/16/26 10:19,24.343,,,
2574,3/16/26 10:29,24.354,,,
2575,3/16/26 10:39,24.354,,,
2576,3/16/26 10:49,24.354,,,
2577,3/16/26 10:59,24.354,,,
2578,3/16/26 11:09,24.354,,,
2579,3/16/26 11:19,24.354,,,
2580,3/16/26 11:29,24.343,,,
2581,3/16/26 11:39,24.332,,,
2582,3/16/26 11:49,24.3,,,
2583,3/16/26 11:59,24.322,,,
2584,3/16/26 12:09,24.354,,,
2585,3/16/26 12:19,24.354,,,
2586,3/16/26 12:29,24.408,,,
2587,3/16/26 12:39,24.44,,,
2588,3/16/26 12:49,24.44,,,
2589,3/16/26 12:59,24.472,,,
2590,3/16/26 13:09,24.493,,,
2591,3/16/26 13:19,24.504,,,
2592,3/16/26 13:29,24.515,,,
2593,3/16/26 13:39,24.504,,,
2594,3/16/26 13:49,24.504,,,
2595,3/16/26 13:59,24.536,,,
2596,3/16/26 14:09,24.536,,,
2597,3/16/26 14:19,24.526,,,
2598,3/16/26 14:29,24.579,,,
2599,3/16/26 14:39,24.601,,,
2600,3/16/26 14:49,24.633,,,
2601,3/16/26 14:59,24.633,,,
2602,3/16/26 15:09,24.633,,,
2603,3/16/26 15:19,24.654,,,
2604,3/16/26 15:29,24.665,,,
2605,3/16/26 15:39,24.644,,,
2606,3/16/26 15:49,24.633,,,
2607,3/16/26 15:59,24.504,,,
2608,3/16/26 16:09,24.665,,,
2609,3/16/26 16:19,24.987,,,
2610,3/16/26 16:29,24.976,,,
2611,3/16/26 16:39,24.976,,,
2612,3/16/26 16:49,24.987,,,
2613,3/16/26 16:59,24.976,,,
2614,3/16/26 17:09,24.976,,,
2615,3/16/26 17:19,24.922,,,
2616,3/16/26 17:29,24.901,,,
2617,3/16/26 17:39,24.847,,,
2618,3/16/26 17:49,24.837,,,
2619,3/16/26 17:59,24.858,,,
2620,3/16/26 18:09,24.847,,,
2621,3/16/26 18:19,24.837,,,
2622,3/16/26 18:29,24.783,,,
2623,3/16/26 18:39,24.772,,,
2624,3/16/26 18:49,24.761,,,
2625,3/16/26 18:59,24.719,,,
2626,3/16/26 19:09,24.686,,,
2627,3/16/26 19:19,24.654,,,
2628,3/16/26 19:29,24.644,,,
2629,3/16/26 19:39,24.611,,,
2630,3/16/26 19:49,24.547,,,
2631,3/16/26 19:59,24.504,,,
2632,3/16/26 20:09,24.45,,,
2633,3/16/26 20:19,24.397,,,
2634,3/16/26 20:29,24.375,,,
2635,3/16/26 20:39,24.354,,,
2636,3/16/26 20:49,24.29,,,
2637,3/16/26 20:59,24.225,,,
2638,3/16/26 21:09,24.193,,,
2639,3/16/26 21:19,24.193,,,
2640,3/16/26 21:29,24.15,,,
2641,3/16/26 21:39,24.097,,,
2642,3/16/26 21:49,24.086,,,
2643,3/16/26 21:59,24.064,,,
2644,3/16/26 22:09,24.043,,,
2645,3/16/26 22:19,24.032,,,
2646,3/16/26 22:29,24,,,
2647,3/16/26 22:39,23.989,,,
2648,3/16/26 22:49,23.957,,,
2649,3/16/26 22:59,23.925,,,
2650,3/16/26 23:09,23.914,,,
2651,3/16/26 23:19,23.882,,,
2652,3/16/26 23:29,23.861,,,
2653,3/16/26 23:39,23.85,,,
2654,3/16/26 23:49,23.85,,,
2655,3/16/26 23:59,23.818,,,
2656,3/17/26 0:09,23.785,,,
2657,3/17/26 0:19,23.775,,,
2658,3/17/26 0:29,23.753,,,
2659,3/17/26 0:39,23.775,,,
2660,3/17/26 0:49,23.753,,,
2661,3/17/26 0:59,23.732,,,
2662,3/17/26 1:09,23.732,,,
2663,3/17/26 1:19,23.732,,,
2664,3/17/26 1:29,23.721,,,
2665,3/17/26 1:39,23.732,,,
2666,3/17/26 1:49,23.721,,,
2667,3/17/26 1:59,23.7,,,
2668,3/17/26 2:09,23.7,,,
2669,3/17/26 2:19,23.7,,,
2670,3/17/26 2:29,23.689,,,
2671,3/17/26 2:39,23.71,,,
2672,3/17/26 2:49,23.71,,,
2673,3/17/26 2:59,23.689,,,
2674,3/17/26 3:09,23.71,,,
2675,3/17/26 3:19,23.678,,,
2676,3/17/26 3:29,23.689,,,
2677,3/17/26 3:39,23.668,,,
2678,3/17/26 3:49,23.657,,,
2679,3/17/26 3:59,23.657,,,
2680,3/17/26 4:09,23.657,,,
2681,3/17/26 4:19,23.635,,,
2682,3/17/26 4:29,23.646,,,
2683,3/17/26 4:39,23.625,,,
2684,3/17/26 4:49,23.614,,,
2685,3/17/26 4:59,23.625,,,
2686,3/17/26 5:09,23.625,,,
2687,3/17/26 5:19,23.592,,,
2688,3/17/26 5:29,23.56,,,
2689,3/17/26 5:39,23.507,,,
2690,3/17/26 5:49,23.453,,,
2691,3/17/26 5:59,23.421,,,
2692,3/17/26 6:09,23.378,,,
2693,3/17/26 6:19,23.378,,,
2694,3/17/26 6:29,23.367,,,
2695,3/17/26 6:39,23.335,,,
2696,3/17/26 6:49,23.335,,,
2697,3/17/26 6:59,23.324,,,
2698,3/17/26 7:09,23.303,,,
2699,3/17/26 7:19,23.314,,,
2700,3/17/26 7:29,23.324,,,
2701,3/17/26 7:39,23.324,,,
2702,3/17/26 7:49,23.303,,,
2703,3/17/26 7:59,23.324,,,
2704,3/17/26 8:09,23.346,,,
2705,3/17/26 8:19,23.389,,,
2706,3/17/26 8:29,23.432,,,
2707,3/17/26 8:39,23.432,,,
2708,3/17/26 8:49,23.496,,,
2709,3/17/26 8:59,23.539,,,
2710,3/17/26 9:09,23.56,,,
2711,3/17/26 9:19,23.668,,,
2712,3/17/26 9:29,23.753,,,
2713,3/17/26 9:39,23.839,,,
2714,3/17/26 9:49,23.914,,,
2715,3/17/26 9:59,24,,,
2716,3/17/26 10:09,24.107,,,
2717,3/17/26 10:19,24.257,,,
2718,3/17/26 10:29,24.45,,,
2719,3/17/26 10:39,24.547,,,
2720,3/17/26 10:49,24.611,,,
2721,3/17/26 10:59,24.708,,,
2722,3/17/26 11:09,24.751,,,
2723,3/17/26 11:19,24.804,,,
2724,3/17/26 11:29,24.837,,,
2725,3/17/26 11:39,24.901,,,
2726,3/17/26 11:49,24.944,,,
2727,3/17/26 11:59,24.987,,,
2728,3/17/26 12:09,25.062,,,
2729,3/17/26 12:19,25.083,,,
2730,3/17/26 12:29,25.051,,,
2731,3/17/26 12:39,25.03,,,
2732,3/17/26 12:49,24.997,,,
2733,3/17/26 12:59,25.008,,,
2734,3/17/26 13:09,25.019,,,
2735,3/17/26 13:19,25.051,,,
2736,3/17/26 13:29,24.997,,,
2737,3/17/26 13:39,24.955,,,
2738,3/17/26 13:49,24.901,,,
2739,3/17/26 13:59,24.901,,,
2740,3/17/26 14:09,24.858,,,
2741,3/17/26 14:19,24.761,,,
2742,3/17/26 14:29,24.686,,,
2743,3/17/26 14:39,24.579,,,
2744,3/17/26 14:49,24.461,,,
2745,3/17/26 14:59,24.408,,,
2746,3/17/26 15:09,24.343,,,
2747,3/17/26 15:19,24.29,,,
2748,3/17/26 15:29,24.257,,,
2749,3/17/26 15:39,24.204,,,
2750,3/17/26 15:49,24.193,,,
2751,3/17/26 15:59,24.247,,,
2752,3/17/26 16:09,24.268,,,
2753,3/17/26 16:19,24.322,,,
2754,3/17/26 16:29,24.332,,,
2755,3/17/26 16:39,24.354,,,
2756,3/17/26 16:49,24.354,,,
2757,3/17/26 16:59,24.343,,,
2758,3/17/26 17:09,24.322,,,
2759,3/17/26 17:19,24.29,,,
2760,3/17/26 17:29,24.268,,,
2761,3/17/26 17:39,24.193,,,
2762,3/17/26 17:49,24.182,,,
2763,3/17/26 17:59,24.129,,,
2764,3/17/26 18:09,24.097,,,
2765,3/17/26 18:19,24.043,,,
2766,3/17/26 18:29,24,,,
2767,3/17/26 18:39,23.946,,,
2768,3/17/26 18:49,23.882,,,
2769,3/17/26 18:59,23.807,,,
2770,3/17/26 19:09,23.796,,,
2771,3/17/26 19:19,23.764,,,
2772,3/17/26 19:29,23.743,,,
2773,3/17/26 19:39,23.71,,,
2774,3/17/26 19:49,23.71,,,
2775,3/17/26 19:59,23.657,,,
2776,3/17/26 20:09,23.657,,,
2777,3/17/26 20:19,23.657,,,
2778,3/17/26 20:29,23.635,,,
2779,3/17/26 20:39,23.603,,,
2780,3/17/26 20:49,23.603,,,
2781,3/17/26 20:59,23.635,,,
2782,3/17/26 21:09,23.625,,,
2783,3/17/26 21:19,23.625,,,
2784,3/17/26 21:29,23.614,,,
2785,3/17/26 21:39,23.582,,,
2786,3/17/26 21:49,23.582,,,
2787,3/17/26 21:59,23.56,,,
2788,3/17/26 22:09,23.56,,,
2789,3/17/26 22:19,23.539,,,
2790,3/17/26 22:29,23.55,,,
2791,3/17/26 22:39,23.56,,,
2792,3/17/26 22:49,23.56,,,
2793,3/17/26 22:59,23.56,,,
2794,3/17/26 23:09,23.582,,,
2795,3/17/26 23:19,23.582,,,
2796,3/17/26 23:29,23.56,,,
2797,3/17/26 23:39,23.56,,,
2798,3/17/26 23:49,23.582,,,
2799,3/17/26 23:59,23.571,,,
2800,3/18/26 0:09,23.56,,,
2801,3/18/26 0:19,23.56,,,
2802,3/18/26 0:29,23.571,,,
2803,3/18/26 0:39,23.571,,,
2804,3/18/26 0:49,23.539,,,
2805,3/18/26 0:59,23.56,,,
2806,3/18/26 1:09,23.517,,,
2807,3/18/26 1:19,23.496,,,
2808,3/18/26 1:29,23.496,,,
2809,3/18/26 1:39,23.474,,,
2810,3/18/26 1:49,23.453,,,
2811,3/18/26 1:59,23.442,,,
2812,3/18/26 2:09,23.442,,,
2813,3/18/26 2:19,23.432,,,
2814,3/18/26 2:29,23.41,,,
2815,3/18/26 2:39,23.41,,,
2816,3/18/26 2:49,23.399,,,
2817,3/18/26 2:59,23.378,,,
2818,3/18/26 3:09,23.356,,,
2819,3/18/26 3:19,23.324,,,
2820,3/18/26 3:29,23.314,,,
2821,3/18/26 3:39,23.303,,,
2822,3/18/26 3:49,23.281,,,
2823,3/18/26 3:59,23.271,,,
2824,3/18/26 4:09,23.249,,,
2825,3/18/26 4:19,23.239,,,
2826,3/18/26 4:29,23.228,,,
2827,3/18/26 4:39,23.228,,,
2828,3/18/26 4:49,23.249,,,
2829,3/18/26 4:59,23.271,,,
2830,3/18/26 5:09,23.292,,,
2831,3/18/26 5:19,23.303,,,
2832,3/18/26 5:29,23.303,,,
2833,3/18/26 5:39,23.292,,,
2834,3/18/26 5:49,23.303,,,
2835,3/18/26 5:59,23.314,,,
2836,3/18/26 6:09,23.335,,,
2837,3/18/26 6:19,23.346,,,
2838,3/18/26 6:29,23.335,,,
2839,3/18/26 6:39,23.346,,,
2840,3/18/26 6:49,23.356,,,
2841,3/18/26 6:59,23.378,,,
2842,3/18/26 7:09,23.41,,,
2843,3/18/26 7:19,23.453,,,
2844,3/18/26 7:29,23.496,,,
2845,3/18/26 7:39,23.517,,,
2846,3/18/26 7:49,23.571,,,
2847,3/18/26 7:59,23.603,,,
2848,3/18/26 8:09,23.668,,,
2849,3/18/26 8:19,23.732,,,
2850,3/18/26 8:29,23.775,,,
2851,3/18/26 8:39,23.85,,,
2852,3/18/26 8:49,23.903,,,
2853,3/18/26 8:59,24.161,,,
2854,3/18/26 9:09,24.504,,,
2855,3/18/26 9:19,24.676,,,
2856,3/18/26 9:29,24.804,,,
2857,3/18/26 9:39,25.03,,,
2858,3/18/26 9:49,25.201,,,
2859,3/18/26 9:59,25.233,,,
2860,3/18/26 10:09,25.244,,,
2861,3/18/26 10:19,25.255,,,
2862,3/18/26 10:29,25.255,,,
2863,3/18/26 10:39,25.244,,,
2864,3/18/26 10:49,25.33,,,
2865,3/18/26 10:59,25.662,,,
2866,3/18/26 11:09,25.909,,,
2867,3/18/26 11:19,26.059,,,
2868,3/18/26 11:29,26.231,,,
2869,3/18/26 11:39,26.488,,,
2870,3/18/26 11:49,26.585,,,
2871,3/18/26 11:59,26.66,,,
2872,3/18/26 12:09,26.842,,,
2873,3/18/26 12:19,26.982,,,
2874,3/18/26 12:29,27.121,,,
2875,3/18/26 12:39,27.142,,,
2876,3/18/26 12:49,27.089,,,
2877,3/18/26 12:59,27.142,,,
2878,3/18/26 13:09,27.057,,,
2879,3/18/26 13:19,26.96,,,
2880,3/18/26 13:29,26.799,,,
2881,3/18/26 13:39,26.724,,,
2882,3/18/26 13:49,26.703,,,
2883,3/18/26 13:59,26.735,,,
2884,3/18/26 14:09,26.649,,,
2885,3/18/26 14:19,26.574,,,
2886,3/18/26 14:29,26.531,,,
2887,3/18/26 14:39,26.413,,,
2888,3/18/26 14:49,26.306,,,
2889,3/18/26 14:59,26.199,,,
2890,3/18/26 15:09,26.091,,,
2891,3/18/26 15:19,25.973,,,
2892,3/18/26 15:29,25.866,,,
2893,3/18/26 15:39,25.77,,,
2894,3/18/26 15:49,25.684,,,
2895,3/18/26 15:59,25.609,,,
2896,3/18/26 16:09,25.587,,,
2897,3/18/26 16:19,25.502,,,
2898,3/18/26 16:29,25.426,,,
2899,3/18/26 16:39,25.33,,,
2900,3/18/26 16:49,25.233,,,
2901,3/18/26 16:59,25.115,,,
2902,3/18/26 17:09,24.997,,,
2903,3/18/26 17:19,24.976,,,
2904,3/18/26 17:29,24.944,,,
2905,3/18/26 17:39,24.965,,,
2906,3/18/26 17:49,24.933,,,
2907,3/18/26 17:59,24.933,,,
2908,3/18/26 18:09,24.89,,,
2909,3/18/26 18:19,24.869,,,
2910,3/18/26 18:29,24.815,,,
2911,3/18/26 18:39,24.772,,,
2912,3/18/26 18:49,24.729,,,
2913,3/18/26 18:59,24.686,,,
2914,3/18/26 19:09,24.622,,,
2915,3/18/26 19:19,24.568,,,
2916,3/18/26 19:29,24.536,,,
2917,3/18/26 19:39,24.493,,,
2918,3/18/26 19:49,24.472,,,
2919,3/18/26 19:59,24.408,,,
2920,3/18/26 20:09,24.397,,,
2921,3/18/26 20:19,24.354,,,
2922,3/18/26 20:29,24.311,,,
2923,3/18/26 20:39,24.29,,,
2924,3/18/26 20:49,24.257,,,
2925,3/18/26 20:59,24.236,,,
2926,3/18/26 21:09,24.236,,,
2927,3/18/26 21:19,24.225,,,
2928,3/18/26 21:29,24.204,,,
2929,3/18/26 21:39,24.204,,,
2930,3/18/26 21:49,24.193,,,
2931,3/18/26 21:59,24.182,,,
2932,3/18/26 22:09,24.172,,,
2933,3/18/26 22:19,24.139,,,
2934,3/18/26 22:29,24.129,,,
2935,3/18/26 22:39,24.107,,,
2936,3/18/26 22:49,24.107,,,
2937,3/18/26 22:59,24.054,,,
2938,3/18/26 23:09,24.043,,,
2939,3/18/26 23:19,24.011,,,
2940,3/18/26 23:29,23.968,,,
2941,3/18/26 23:39,23.957,,,
2942,3/18/26 23:49,23.936,,,
2943,3/18/26 23:59,23.914,,,
2944,3/19/26 0:09,23.893,,,
2945,3/19/26 0:19,23.861,,,
2946,3/19/26 0:29,23.85,,,
2947,3/19/26 0:39,23.818,,,
2948,3/19/26 0:49,23.818,,,
2949,3/19/26 0:59,23.807,,,
2950,3/19/26 1:09,23.775,,,
2951,3/19/26 1:19,23.775,,,
2952,3/19/26 1:29,23.785,,,
2953,3/19/26 1:39,23.753,,,
2954,3/19/26 1:49,23.753,,,
2955,3/19/26 1:59,23.743,,,
2956,3/19/26 2:09,23.743,,,
2957,3/19/26 2:19,23.753,,,
2958,3/19/26 2:29,23.732,,,
2959,3/19/26 2:39,23.753,,,
2960,3/19/26 2:49,23.753,,,
2961,3/19/26 2:59,23.732,,,
2962,3/19/26 3:09,23.753,,,
2963,3/19/26 3:19,23.743,,,
2964,3/19/26 3:29,23.753,,,
2965,3/19/26 3:39,23.732,,,
2966,3/19/26 3:49,23.732,,,
2967,3/19/26 3:59,23.732,,,
2968,3/19/26 4:09,23.732,,,
2969,3/19/26 4:19,23.721,,,
2970,3/19/26 4:29,23.732,,,
2971,3/19/26 4:39,23.743,,,
2972,3/19/26 4:49,23.753,,,
2973,3/19/26 4:59,23.753,,,
2974,3/19/26 5:09,23.753,,,
2975,3/19/26 5:19,23.753,,,
2976,3/19/26 5:29,23.785,,,
2977,3/19/26 5:39,23.796,,,
2978,3/19/26 5:49,23.785,,,
2979,3/19/26 5:59,23.764,,,
2980,3/19/26 6:09,23.818,,,
2981,3/19/26 6:19,23.818,,,
2982,3/19/26 6:29,23.828,,,
2983,3/19/26 6:39,23.828,,,
2984,3/19/26 6:49,23.818,,,
2985,3/19/26 6:59,23.871,,,
2986,3/19/26 7:09,23.861,,,
2987,3/19/26 7:19,23.871,,,
2988,3/19/26 7:29,23.861,,,
2989,3/19/26 7:39,23.893,,,
2990,3/19/26 7:49,23.882,,,
2991,3/19/26 7:59,23.871,,,
2992,3/19/26 8:09,23.871,,,
2993,3/19/26 8:19,23.925,,,
2994,3/19/26 8:29,23.946,,,
2995,3/19/26 8:39,23.957,,,
2996,3/19/26 8:49,24,,,
2997,3/19/26 8:59,24.054,,,
2998,3/19/26 9:09,24.075,,,
2999,3/19/26 9:19,24.118,,,
3000,3/19/26 9:29,24.204,,,
3001,3/19/26 9:39,24.279,,,
3002,3/19/26 9:49,24.375,,,
3003,3/19/26 9:59,24.408,,,
3004,3/19/26 10:09,24.429,,,
3005,3/19/26 10:19,24.45,,,
3006,3/19/26 10:29,24.526,,,
3007,3/19/26 10:39,24.59,,,
3008,3/19/26 10:49,24.686,,,
3009,3/19/26 10:59,24.719,,,
3010,3/19/26 11:09,24.751,,,
3011,3/19/26 11:19,24.772,,,
3012,3/19/26 11:29,24.837,,,
3013,3/19/26 11:39,24.879,,,
3014,3/19/26 11:49,24.933,,,
3015,3/19/26 11:59,25.019,,,
3016,3/19/26 12:09,25.073,,,
3017,3/19/26 12:19,25.051,,,
3018,3/19/26 12:29,24.997,,,
3019,3/19/26 12:39,24.987,,,
3020,3/19/26 12:49,25.019,,,
3021,3/19/26 12:59,24.944,,,
3022,3/19/26 13:09,24.987,,,
3023,3/19/26 13:19,25.051,,,
3024,3/19/26 13:29,25.073,,,
3025,3/19/26 13:39,25.051,,,
3026,3/19/26 13:49,24.933,,,
3027,3/19/26 13:59,24.858,,,
3028,3/19/26 14:09,24.815,,,
3029,3/19/26 14:19,24.772,,,
3030,3/19/26 14:29,24.772,,,
3031,3/19/26 14:39,24.847,,,
3032,3/19/26 14:49,24.869,,,
3033,3/19/26 14:59,24.933,,,
3034,3/19/26 15:09,24.976,,,
3035,3/19/26 15:19,24.987,,,
3036,3/19/26 15:29,24.944,,,
3037,3/19/26 15:39,24.901,,,
3038,3/19/26 15:49,24.901,,,
3039,3/19/26 15:59,24.858,,,
3040,3/19/26 16:09,24.804,,,
3041,3/19/26 16:19,24.751,,,
3042,3/19/26 16:29,24.676,,,
3043,3/19/26 16:39,24.579,,,
3044,3/19/26 16:49,24.493,,,
3045,3/19/26 16:59,24.461,,,
3046,3/19/26 17:09,24.375,,,
3047,3/19/26 17:19,24.322,,,
3048,3/19/26 17:29,24.279,,,
3049,3/19/26 17:39,24.236,,,
3050,3/19/26 17:49,24.214,,,
3051,3/19/26 17:59,24.182,,,
3052,3/19/26 18:09,24.161,,,
3053,3/19/26 18:19,24.107,,,
3054,3/19/26 18:29,24.064,,,
3055,3/19/26 18:39,24.032,,,
3056,3/19/26 18:49,24.032,,,
3057,3/19/26 18:59,23.989,,,
3058,3/19/26 19:09,23.979,,,
3059,3/19/26 19:19,23.936,,,
3060,3/19/26 19:29,23.936,,,
3061,3/19/26 19:39,23.946,,,
3062,3/19/26 19:49,23.925,,,
3063,3/19/26 19:59,23.925,,,
3064,3/19/26 20:09,23.914,,,
3065,3/19/26 20:19,23.914,,,
3066,3/19/26 20:29,23.882,,,
3067,3/19/26 20:39,23.882,,,
3068,3/19/26 20:49,23.861,,,
3069,3/19/26 20:59,23.85,,,
3070,3/19/26 21:09,23.871,,,
3071,3/19/26 21:19,23.85,,,
3072,3/19/26 21:29,23.807,,,
3073,3/19/26 21:39,23.839,,,
3074,3/19/26 21:49,23.818,,,
3075,3/19/26 21:59,23.818,,,
3076,3/19/26 22:09,23.796,,,
3077,3/19/26 22:19,23.785,,,
3078,3/19/26 22:29,23.785,,,
3079,3/19/26 22:39,23.775,,,
3080,3/19/26 22:49,23.764,,,
3081,3/19/26 22:59,23.775,,,
3082,3/19/26 23:09,23.785,,,
3083,3/19/26 23:19,23.764,,,
3084,3/19/26 23:29,23.743,,,
3085,3/19/26 23:39,23.732,,,
3086,3/19/26 23:49,23.764,,,
3087,3/19/26 23:59,23.753,,,
3088,3/20/26 0:09,23.764,,,
3089,3/20/26 0:19,23.732,,,
3090,3/20/26 0:29,23.689,,,
3091,3/20/26 0:39,23.689,,,
3092,3/20/26 0:49,23.668,,,
3093,3/20/26 0:59,23.646,,,
3094,3/20/26 1:09,23.646,,,
3095,3/20/26 1:19,23.635,,,
3096,3/20/26 1:29,23.668,,,
3097,3/20/26 1:39,23.668,,,
3098,3/20/26 1:49,23.657,,,
3099,3/20/26 1:59,23.657,,,
3100,3/20/26 2:09,23.657,,,
3101,3/20/26 2:19,23.689,,,
3102,3/20/26 2:29,23.7,,,
3103,3/20/26 2:39,23.732,,,
3104,3/20/26 2:49,23.732,,,
3105,3/20/26 2:59,23.71,,,
3106,3/20/26 3:09,23.657,,,
3107,3/20/26 3:19,23.646,,,
3108,3/20/26 3:29,23.635,,,
3109,3/20/26 3:39,23.603,,,
3110,3/20/26 3:49,23.592,,,
3111,3/20/26 3:59,23.56,,,
3112,3/20/26 4:09,23.539,,,
3113,3/20/26 4:19,23.528,,,
3114,3/20/26 4:29,23.528,,,
3115,3/20/26 4:39,23.517,,,
3116,3/20/26 4:49,23.496,,,
3117,3/20/26 4:59,23.474,,,
3118,3/20/26 5:09,23.496,,,
3119,3/20/26 5:19,23.507,,,
3120,3/20/26 5:29,23.507,,,
3121,3/20/26 5:39,23.55,,,
3122,3/20/26 5:49,23.539,,,
3123,3/20/26 5:59,23.56,,,
3124,3/20/26 6:09,23.571,,,
3125,3/20/26 6:19,23.592,,,
3126,3/20/26 6:29,23.614,,,
3127,3/20/26 6:39,23.625,,,
3128,3/20/26 6:49,23.678,,,
3129,3/20/26 6:59,23.7,,,
3130,3/20/26 7:09,23.678,,,
3131,3/20/26 7:19,23.743,,,
3132,3/20/26 7:29,23.753,,,
3133,3/20/26 7:39,23.775,,,
3134,3/20/26 7:49,23.818,,,
3135,3/20/26 7:59,23.871,,,
3136,3/20/26 8:09,23.957,,,
3137,3/20/26 8:19,24.032,,,
3138,3/20/26 8:29,24.118,,,
3139,3/20/26 8:39,24.182,,,
3140,3/20/26 8:49,24.161,,,
3141,3/20/26 8:59,24.193,,,
3142,3/20/26 9:09,24.193,,,
3143,3/20/26 9:19,24.236,,,
3144,3/20/26 9:29,24.322,,,
3145,3/20/26 9:39,24.408,,,
3146,3/20/26 9:49,24.45,,,
3147,3/20/26 9:59,24.44,,,
3148,3/20/26 10:09,24.418,,,
3149,3/20/26 10:19,24.332,,,
3150,3/20/26 10:29,24.279,,,
3151,3/20/26 10:39,24.3,,,
3152,3/20/26 10:49,24.375,,,
3153,3/20/26 10:59,24.472,,,
3154,3/20/26 11:09,24.493,,,
3155,3/20/26 11:19,24.547,,,
3156,3/20/26 11:29,24.558,,,
3157,3/20/26 11:39,24.579,,,
3158,3/20/26 11:49,24.611,,,
3159,3/20/26 11:59,24.654,,,
3160,3/20/26 12:09,24.665,,,
3161,3/20/26 12:19,24.761,,,
3162,3/20/26 12:29,24.901,,,
3163,3/20/26 12:39,24.965,,,
3164,3/20/26 12:49,24.987,,,
3165,3/20/26 12:59,25.008,,,
3166,3/20/26 13:09,25.212,,,
3167,3/20/26 13:19,25.287,,,
3168,3/20/26 13:29,25.276,,,
3169,3/20/26 13:39,25.448,,,
3170,3/20/26 13:49,25.48,,,
3171,3/20/26 13:59,25.641,,,
3172,3/20/26 14:09,25.813,,,
3173,3/20/26 14:19,25.963,,,
3174,3/20/26 14:29,26.059,,,
3175,3/20/26 14:39,26.209,,,
3176,3/20/26 14:49,26.263,,,
3177,3/20/26 14:59,26.349,,,
3178,3/20/26 15:09,26.424,,,
3179,3/20/26 15:19,26.553,,,
3180,3/20/26 15:29,26.66,,,
3181,3/20/26 15:39,26.671,,,
3182,3/20/26 15:49,26.671,,,
3183,3/20/26 15:59,26.617,,,
3184,3/20/26 16:09,26.553,,,
3185,3/20/26 16:19,26.542,,,
3186,3/20/26 16:29,26.413,,,
3187,3/20/26 16:39,26.317,,,
3188,3/20/26 16:49,26.209,,,
3189,3/20/26 16:59,26.102,,,
3190,3/20/26 17:09,25.952,,,
3191,3/20/26 17:19,25.823,,,
3192,3/20/26 17:29,25.673,,,
3193,3/20/26 17:39,25.566,,,
3194,3/20/26 17:49,25.469,,,
3195,3/20/26 17:59,25.405,,,
3196,3/20/26 18:09,25.308,,,
3197,3/20/26 18:19,25.233,,,
3198,3/20/26 18:29,25.148,,,
3199,3/20/26 18:39,25.051,,,
3200,3/20/26 18:49,24.955,,,
3201,3/20/26 18:59,24.858,,,
3202,3/20/26 19:09,24.74,,,
3203,3/20/26 19:19,24.644,,,
3204,3/20/26 19:29,24.601,,,
3205,3/20/26 19:39,24.558,,,
3206,3/20/26 19:49,24.536,,,
3207,3/20/26 19:59,24.504,,,
3208,3/20/26 20:09,24.472,,,
3209,3/20/26 20:19,24.418,,,
3210,3/20/26 20:29,24.397,,,
3211,3/20/26 20:39,24.332,,,
3212,3/20/26 20:49,24.268,,,
3213,3/20/26 20:59,24.182,,,
3214,3/20/26 21:09,24.097,,,
3215,3/20/26 21:19,23.957,,,
3216,3/20/26 21:29,23.936,,,
3217,3/20/26 21:39,23.893,,,
3218,3/20/26 21:49,23.871,,,
3219,3/20/26 21:59,23.893,,,
3220,3/20/26 22:09,23.903,,,
3221,3/20/26 22:19,23.903,,,
3222,3/20/26 22:29,23.893,,,
3223,3/20/26 22:39,23.925,,,
3224,3/20/26 22:49,23.925,,,
3225,3/20/26 22:59,23.979,,,
3226,3/20/26 23:09,23.979,,,
3227,3/20/26 23:19,23.979,,,
3228,3/20/26 23:29,23.989,,,
3229,3/20/26 23:39,23.989,,,
3230,3/20/26 23:49,24,,,
3231,3/20/26 23:59,23.989,,,
3232,3/21/26 0:09,24,,,
3233,3/21/26 0:19,23.989,,,
3234,3/21/26 0:29,24.011,,,
3235,3/21/26 0:39,24.032,,,
3236,3/21/26 0:49,24.011,,,
3237,3/21/26 0:59,24.021,,,
3238,3/21/26 1:09,24,,,
3239,3/21/26 1:19,24.021,,,
3240,3/21/26 1:29,24,,,
3241,3/21/26 1:39,23.989,,,
3242,3/21/26 1:49,23.968,,,
3243,3/21/26 1:59,23.946,,,
3244,3/21/26 2:09,23.914,,,
3245,3/21/26 2:19,23.946,,,
3246,3/21/26 2:29,23.936,,,
3247,3/21/26 2:39,23.957,,,
3248,3/21/26 2:49,23.989,,,
3249,3/21/26 2:59,23.979,,,
3250,3/21/26 3:09,23.989,,,
3251,3/21/26 3:19,23.989,,,
3252,3/21/26 3:29,24,,,
3253,3/21/26 3:39,23.968,,,
3254,3/21/26 3:49,23.957,,,
3255,3/21/26 3:59,23.979,,,
3256,3/21/26 4:09,23.968,,,
3257,3/21/26 4:19,23.946,,,
3258,3/21/26 4:29,23.914,,,
3259,3/21/26 4:39,23.871,,,
3260,3/21/26 4:49,23.828,,,
3261,3/21/26 4:59,23.818,,,
3262,3/21/26 5:09,23.818,,,
3263,3/21/26 5:19,23.818,,,
3264,3/21/26 5:29,23.807,,,
3265,3/21/26 5:39,23.796,,,
3266,3/21/26 5:49,23.775,,,
3267,3/21/26 5:59,23.775,,,
3268,3/21/26 6:09,23.753,,,
3269,3/21/26 6:19,23.732,,,
3270,3/21/26 6:29,23.721,,,
3271,3/21/26 6:39,23.7,,,
3272,3/21/26 6:49,23.71,,,
3273,3/21/26 6:59,23.71,,,
3274,3/21/26 7:09,23.657,,,
3275,3/21/26 7:19,23.635,,,
3276,3/21/26 7:29,23.635,,,
3277,3/21/26 7:39,23.592,,,
3278,3/21/26 7:49,23.582,,,
3279,3/21/26 7:59,23.55,,,
3280,3/21/26 8:09,23.528,,,
3281,3/21/26 8:19,23.56,,,
3282,3/21/26 8:29,23.571,,,
3283,3/21/26 8:39,23.646,,,
3284,3/21/26 8:49,23.764,,,
3285,3/21/26 8:59,23.861,,,
3286,3/21/26 9:09,24.021,,,
3287,3/21/26 9:19,24.279,,,
3288,3/21/26 9:29,24.601,,,
3289,3/21/26 9:39,24.933,,,
3290,3/21/26 9:49,25.276,,,
3291,3/21/26 9:59,25.544,,,
3292,3/21/26 10:09,25.63,,,
3293,3/21/26 10:19,25.609,,,
3294,3/21/26 10:29,25.695,,,
3295,3/21/26 10:39,25.684,,,
3296,3/21/26 10:49,25.63,,,
3297,3/21/26 10:59,25.587,,,
3298,3/21/26 11:09,25.577,,,
3299,3/21/26 11:19,25.641,,,
3300,3/21/26 11:29,25.652,,,
3301,3/21/26 11:39,25.695,,,
3302,3/21/26 11:49,25.716,,,
3303,3/21/26 11:59,25.802,,,
3304,3/21/26 12:09,25.898,,,
3305,3/21/26 12:19,26.016,,,
3306,3/21/26 12:29,26.231,,,
3307,3/21/26 12:39,26.424,,,
3308,3/21/26 12:49,26.617,,,
3309,3/21/26 12:59,26.756,,,
3310,3/21/26 13:09,26.799,,,
3311,3/21/26 13:19,26.81,,,
3312,3/21/26 13:29,26.917,,,
3313,3/21/26 13:39,26.971,,,
3314,3/21/26 13:49,27.067,,,
3315,3/21/26 13:59,27.132,,,
3316,3/21/26 14:09,27.175,,,
3317,3/21/26 14:19,27.196,,,
3318,3/21/26 14:29,27.239,,,
3319,3/21/26 14:39,27.207,,,
3320,3/21/26 14:49,27.121,,,
3321,3/21/26 14:59,27.067,,,
3322,3/21/26 15:09,27.057,,,
3323,3/21/26 15:19,27.003,,,
3324,3/21/26 15:29,26.939,,,
3325,3/21/26 15:39,26.896,,,
3326,3/21/26 15:49,26.831,,,
3327,3/21/26 15:59,26.703,,,
3328,3/21/26 16:09,26.66,,,
3329,3/21/26 16:19,26.617,,,
3330,3/21/26 16:29,26.606,,,
3331,3/21/26 16:39,26.574,,,
3332,3/21/26 16:49,26.553,,,
3333,3/21/26 16:59,26.488,,,
3334,3/21/26 17:09,26.402,,,
3335,3/21/26 17:19,26.317,,,
3336,3/21/26 17:29,26.242,,,
3337,3/21/26 17:39,26.199,,,
3338,3/21/26 17:49,26.124,,,
3339,3/21/26 17:59,26.059,,,
3340,3/21/26 18:09,25.973,,,
3341,3/21/26 18:19,25.888,,,
3342,3/21/26 18:29,25.759,,,
3343,3/21/26 18:39,25.673,,,
3344,3/21/26 18:49,25.587,,,
3345,3/21/26 18:59,25.502,,,
3346,3/21/26 19:09,25.405,,,
3347,3/21/26 19:19,25.341,,,
3348,3/21/26 19:29,25.276,,,
3349,3/21/26 19:39,25.19,,,
3350,3/21/26 19:49,25.148,,,
3351,3/21/26 19:59,25.062,,,
3352,3/21/26 20:09,25.019,,,
3353,3/21/26 20:19,24.965,,,
3354,3/21/26 20:29,24.922,,,
3355,3/21/26 20:39,24.879,,,
3356,3/21/26 20:49,24.815,,,
3357,3/21/26 20:59,24.794,,,
3358,3/21/26 21:09,24.761,,,
3359,3/21/26 21:19,24.74,,,
3360,3/21/26 21:29,24.708,,,
3361,3/21/26 21:39,24.676,,,
3362,3/21/26 21:49,24.686,,,
3363,3/21/26 21:59,24.654,,,
3364,3/21/26 22:09,24.601,,,
3365,3/21/26 22:19,24.59,,,
3366,3/21/26 22:29,24.568,,,
3367,3/21/26 22:39,24.558,,,
3368,3/21/26 22:49,24.515,,,
3369,3/21/26 22:59,24.515,,,
3370,3/21/26 23:09,24.493,,,
3371,3/21/26 23:19,24.472,,,
3372,3/21/26 23:29,24.461,,,
3373,3/21/26 23:39,24.45,,,
3374,3/21/26 23:49,24.429,,,
3375,3/21/26 23:59,24.418,,,
3376,3/22/26 0:09,24.418,,,
3377,3/22/26 0:19,24.397,,,
3378,3/22/26 0:29,24.375,,,
3379,3/22/26 0:39,24.354,,,
3380,3/22/26 0:49,24.332,,,
3381,3/22/26 0:59,24.332,,,
3382,3/22/26 1:09,24.3,,,
3383,3/22/26 1:19,24.279,,,
3384,3/22/26 1:29,24.268,,,
3385,3/22/26 1:39,24.225,,,
3386,3/22/26 1:49,24.236,,,
3387,3/22/26 1:59,24.214,,,
3388,3/22/26 2:09,24.182,,,
3389,3/22/26 2:19,24.161,,,
3390,3/22/26 2:29,24.15,,,
3391,3/22/26 2:39,24.118,,,
3392,3/22/26 2:49,24.097,,,
3393,3/22/26 2:59,24.086,,,
3394,3/22/26 3:09,24.075,,,
3395,3/22/26 3:19,24.086,,,
3396,3/22/26 3:29,24.075,,,
3397,3/22/26 3:39,24.075,,,
3398,3/22/26 3:49,24.064,,,
3399,3/22/26 3:59,24.064,,,
3400,3/22/26 4:09,24.075,,,
3401,3/22/26 4:19,24.075,,,
3402,3/22/26 4:29,24.075,,,
3403,3/22/26 4:39,24.086,,,
3404,3/22/26 4:49,24.075,,,
3405,3/22/26 4:59,24.075,,,
3406,3/22/26 5:09,24.075,,,
3407,3/22/26 5:19,24.097,,,
3408,3/22/26 5:29,24.097,,,
3409,3/22/26 5:39,24.086,,,
3410,3/22/26 5:49,24.097,,,
3411,3/22/26 5:59,24.097,,,
3412,3/22/26 6:09,24.097,,,
3413,3/22/26 6:19,24.107,,,
3414,3/22/26 6:29,24.107,,,
3415,3/22/26 6:39,24.075,,,
3416,3/22/26 6:49,24.064,,,
3417,3/22/26 6:59,24.064,,,
3418,3/22/26 7:09,24.064,,,
3419,3/22/26 7:19,24.086,,,
3420,3/22/26 7:29,24.097,,,
3421,3/22/26 7:39,24.139,,,
3422,3/22/26 7:49,24.129,,,
3423,3/22/26 7:59,24.193,,,
3424,3/22/26 8:09,24.268,,,
3425,3/22/26 8:19,24.3,,,
3426,3/22/26 8:29,24.311,,,
3427,3/22/26 8:39,24.343,,,
3428,3/22/26 8:49,24.375,,,
3429,3/22/26 8:59,24.365,,,
3430,3/22/26 9:09,24.408,,,
3431,3/22/26 9:19,24.408,,,
3432,3/22/26 9:29,24.45,,,
3433,3/22/26 9:39,24.515,,,
3434,3/22/26 9:49,24.611,,,
3435,3/22/26 9:59,24.74,,,
3436,3/22/26 10:09,24.826,,,
3437,3/22/26 10:19,24.912,,,
3438,3/22/26 10:29,24.987,,,
3439,3/22/26 10:39,25.115,,,
3440,3/22/26 10:49,25.233,,,
3441,3/22/26 10:59,25.319,,,
3442,3/22/26 11:09,25.555,,,
3443,3/22/26 11:19,25.759,,,
3444,3/22/26 11:29,25.984,,,
3445,3/22/26 11:39,26.038,,,
3446,3/22/26 11:49,26.006,,,
3447,3/22/26 11:59,25.888,,,
3448,3/22/26 12:09,25.737,,,
3449,3/22/26 12:19,25.63,,,
3450,3/22/26 12:29,25.63,,,
3451,3/22/26 12:39,24.976,,,
3452,3/22/26 12:49,24.064,,,
3453,3/22/26 12:59,23.979,,,
3454,3/22/26 13:09,23.914,,,
3455,3/22/26 13:19,23.517,,,
3456,3/22/26 13:29,23.335,,,
3457,3/22/26 13:39,23.41,,,
3458,3/22/26 13:49,23.389,,,
3459,3/22/26 13:59,23.399,,,
3460,3/22/26 14:09,23.432,,,
3461,3/22/26 14:19,23.839,,,
3462,3/22/26 14:29,24.129,,,
3463,3/22/26 14:39,23.903,,,
3464,3/22/26 14:49,23.871,,,
3465,3/22/26 14:59,24.097,,,
3466,3/22/26 15:09,24.547,,,
3467,3/22/26 15:19,24.729,,,
3468,3/22/26 15:29,24.815,,,
3469,3/22/26 15:39,24.547,,,
3470,3/22/26 15:49,25.888,,,
3471,3/22/26 15:59,26.124,,,
3472,3/22/26 16:09,26.177,,,
3473,3/22/26 16:19,26.188,,,
3474,3/22/26 16:29,26.166,,,
3475,3/22/26 16:39,26.081,,,
3476,3/22/26 16:49,26.048,,,
3477,3/22/26 16:59,25.984,,,
3478,3/22/26 17:09,25.963,,,
3479,3/22/26 17:19,25.931,,,
3480,3/22/26 17:29,25.909,,,
3481,3/22/26 17:39,25.877,,,
3482,3/22/26 17:49,25.877,,,
3483,3/22/26 17:59,25.802,,,
3484,3/22/26 18:09,25.705,,,
3485,3/22/26 18:19,25.609,,,
3486,3/22/26 18:29,25.512,,,
3487,3/22/26 18:39,25.426,,,
3488,3/22/26 18:49,25.373,,,
3489,3/22/26 18:59,25.287,,,
3490,3/22/26 19:09,25.212,,,
3491,3/22/26 19:19,25.126,,,
3492,3/22/26 19:29,25.062,,,
3493,3/22/26 19:39,24.987,,,
3494,3/22/26 19:49,24.922,,,
3495,3/22/26 19:59,24.858,,,
3496,3/22/26 20:09,24.815,,,
3497,3/22/26 20:19,24.783,,,
3498,3/22/26 20:29,24.74,,,
3499,3/22/26 20:39,24.686,,,
3500,3/22/26 20:49,24.633,,,
3501,3/22/26 20:59,24.611,,,
3502,3/22/26 21:09,24.568,,,
3503,3/22/26 21:19,24.536,,,
3504,3/22/26 21:29,24.483,,,
3505,3/22/26 21:39,24.44,,,
3506,3/22/26 21:49,24.418,,,
3507,3/22/26 21:59,24.365,,,
3508,3/22/26 22:09,24.365,,,
3509,3/22/26 22:19,24.343,,,
3510,3/22/26 22:29,24.3,,,
3511,3/22/26 22:39,24.268,,,
3512,3/22/26 22:49,24.225,,,
3513,3/22/26 22:59,24.161,,,
3514,3/22/26 23:09,24.161,,,
3515,3/22/26 23:19,24.097,,,
3516,3/22/26 23:29,24.097,,,
3517,3/22/26 23:39,24.054,,,
3518,3/22/26 23:49,24.032,,,
3519,3/22/26 23:59,24.032,,,
3520,3/23/26 0:09,23.989,,,
3521,3/23/26 0:19,23.979,,,
3522,3/23/26 0:29,23.968,,,
3523,3/23/26 0:39,23.914,,,
3524,3/23/26 0:49,23.914,,,
3525,3/23/26 0:59,23.871,,,
3526,3/23/26 1:09,23.85,,,
3527,3/23/26 1:19,23.818,,,
3528,3/23/26 1:29,23.818,,,
3529,3/23/26 1:39,23.785,,,
3530,3/23/26 1:49,23.764,,,
3531,3/23/26 1:59,23.753,,,
3532,3/23/26 2:09,23.721,,,
3533,3/23/26 2:19,23.721,,,
3534,3/23/26 2:29,23.678,,,
3535,3/23/26 2:39,23.678,,,
3536,3/23/26 2:49,23.657,,,
3537,3/23/26 2:59,23.635,,,
3538,3/23/26 3:09,23.603,,,
3539,3/23/26 3:19,23.571,,,
3540,3/23/26 3:29,23.56,,,
3541,3/23/26 3:39,23.55,,,
3542,3/23/26 3:49,23.528,,,
3543,3/23/26 3:59,23.507,,,
3544,3/23/26 4:09,23.496,,,
3545,3/23/26 4:19,23.464,,,
3546,3/23/26 4:29,23.496,,,
3547,3/23/26 4:39,23.485,,,
3548,3/23/26 4:49,23.485,,,
3549,3/23/26 4:59,23.507,,,
3550,3/23/26 5:09,23.517,,,
3551,3/23/26 5:19,23.528,,,
3552,3/23/26 5:29,23.517,,,
3553,3/23/26 5:39,23.528,,,
3554,3/23/26 5:49,23.517,,,
3555,3/23/26 5:59,23.539,,,
3556,3/23/26 6:09,23.517,,,
3557,3/23/26 6:19,23.507,,,
3558,3/23/26 6:29,23.507,,,
3559,3/23/26 6:39,23.485,,,
3560,3/23/26 6:49,23.485,,,
3561,3/23/26 6:59,23.474,,,
3562,3/23/26 7:09,23.474,,,
3563,3/23/26 7:19,23.464,,,
3564,3/23/26 7:29,23.474,,,
3565,3/23/26 7:39,23.474,,,
3566,3/23/26 7:49,23.528,,,
3567,3/23/26 7:59,23.56,,,
3568,3/23/26 8:09,23.582,,,
3569,3/23/26 8:19,23.592,,,
3570,3/23/26 8:29,23.571,,,
3571,3/23/26 8:39,23.582,,,
3572,3/23/26 8:49,23.625,,,
3573,3/23/26 8:59,23.689,,,
3574,3/23/26 9:09,23.732,,,
3575,3/23/26 9:19,23.775,,,
3576,3/23/26 9:29,23.882,,,
3577,3/23/26 9:39,23.979,,,
3578,3/23/26 9:49,24.107,,,
3579,3/23/26 9:59,24.236,,,
3580,3/23/26 10:09,24.332,,,
3581,3/23/26 10:19,24.322,,,
3582,3/23/26 10:29,24.354,,,
3583,3/23/26 10:39,24.408,,,
3584,3/23/26 10:49,24.397,,,
3585,3/23/26 10:59,24.472,,,
3586,3/23/26 11:09,24.558,,,
3587,3/23/26 11:19,24.568,,,
3588,3/23/26 11:29,24.493,,,
3589,3/23/26 11:39,24.483,,,
3590,3/23/26 11:49,24.375,,,
3591,3/23/26 11:59,24.3,,,
3592,3/23/26 12:09,24.172,,,
3593,3/23/26 12:19,24.086,,,
3594,3/23/26 12:29,24,,,
3595,3/23/26 12:39,23.979,,,
3596,3/23/26 12:49,23.968,,,
3597,3/23/26 12:59,23.946,,,
3598,3/23/26 13:09,23.903,,,
3599,3/23/26 13:19,23.839,,,
3600,3/23/26 13:29,23.775,,,
3601,3/23/26 13:39,23.689,,,
3602,3/23/26 13:49,23.592,,,
3603,3/23/26 13:59,23.539,,,
3604,3/23/26 14:09,23.528,,,
3605,3/23/26 14:19,23.539,,,
3606,3/23/26 14:29,23.474,,,
3607,3/23/26 14:39,23.399,,,
3608,3/23/26 14:49,23.346,,,
3609,3/23/26 14:59,23.281,,,
3610,3/23/26 15:09,23.228,,,
3611,3/23/26 15:19,23.26,,,
3612,3/23/26 15:29,23.292,,,
3613,3/23/26 15:39,23.399,,,
3614,3/23/26 15:49,23.507,,,
3615,3/23/26 15:59,23.56,,,
3616,3/23/26 16:09,23.56,,,
3617,3/23/26 16:19,23.517,,,
3618,3/23/26 16:29,23.517,,,
3619,3/23/26 16:39,23.528,,,
3620,3/23/26 16:49,23.539,,,
3621,3/23/26 16:59,23.507,,,
3622,3/23/26 17:09,23.507,,,
3623,3/23/26 17:19,23.507,,,
3624,3/23/26 17:29,23.474,,,
3625,3/23/26 17:39,23.453,,,
3626,3/23/26 17:49,23.399,,,
3627,3/23/26 17:59,23.335,,,
3628,3/23/26 18:09,23.26,,,
3629,3/23/26 18:19,23.196,,,
3630,3/23/26 18:29,23.153,,,
3631,3/23/26 18:39,23.153,,,
3632,3/23/26 18:49,23.121,,,
3633,3/23/26 18:59,23.099,,,
3634,3/23/26 19:09,23.088,,,
3635,3/23/26 19:19,23.067,,,
3636,3/23/26 19:29,23.003,,,
3637,3/23/26 19:39,22.992,,,
3638,3/23/26 19:49,22.97,,,
3639,3/23/26 19:59,22.949,,,
3640,3/23/26 20:09,22.906,,,
3641,3/23/26 20:19,22.906,,,
3642,3/23/26 20:29,22.874,,,
3643,3/23/26 20:39,22.885,,,
3644,3/23/26 20:49,22.885,,,
3645,3/23/26 20:59,22.874,,,
3646,3/23/26 21:09,22.863,,,
3647,3/23/26 21:19,22.863,,,
3648,3/23/26 21:29,22.842,,,
3649,3/23/26 21:39,22.874,,,
3650,3/23/26 21:49,22.852,,,
3651,3/23/26 21:59,22.874,,,
3652,3/23/26 22:09,22.874,,,
3653,3/23/26 22:19,22.885,,,
3654,3/23/26 22:29,22.874,,,
3655,3/23/26 22:39,22.842,,,
3656,3/23/26 22:49,22.874,,,
3657,3/23/26 22:59,22.842,,,
3658,3/23/26 23:09,22.874,,,
3659,3/23/26 23:19,22.82,,,
3660,3/23/26 23:29,22.831,,,
3661,3/23/26 23:39,22.82,,,
3662,3/23/26 23:49,22.82,,,
3663,3/23/26 23:59,22.82,,,
3664,3/24/26 0:09,22.81,,,
3665,3/24/26 0:19,22.777,,,
3666,3/24/26 0:29,22.799,,,
3667,3/24/26 0:39,22.777,,,
3668,3/24/26 0:49,22.767,,,
3669,3/24/26 0:59,22.767,,,
3670,3/24/26 1:09,22.767,,,
3671,3/24/26 1:19,22.767,,,
3672,3/24/26 1:29,22.756,,,
3673,3/24/26 1:39,22.724,,,
3674,3/24/26 1:49,22.681,,,
3675,3/24/26 1:59,22.67,,,
3676,3/24/26 2:09,22.649,,,
3677,3/24/26 2:19,22.638,,,
3678,3/24/26 2:29,22.616,,,
3679,3/24/26 2:39,22.584,,,
3680,3/24/26 2:49,22.584,,,
3681,3/24/26 2:59,22.563,,,
3682,3/24/26 3:09,22.541,,,
3683,3/24/26 3:19,22.509,,,
3684,3/24/26 3:29,22.488,,,
3685,3/24/26 3:39,22.466,,,
3686,3/24/26 3:49,22.445,,,
3687,3/24/26 3:59,22.423,,,
3688,3/24/26 4:09,22.413,,,
3689,3/24/26 4:19,22.413,,,
3690,3/24/26 4:29,22.381,,,
3691,3/24/26 4:39,22.359,,,
3692,3/24/26 4:49,22.37,,,
3693,3/24/26 4:59,22.348,,,
3694,3/24/26 5:09,22.338,,,
3695,3/24/26 5:19,22.327,,,
3696,3/24/26 5:29,22.327,,,
3697,3/24/26 5:39,22.338,,,
3698,3/24/26 5:49,22.327,,,
3699,3/24/26 5:59,22.316,,,
3700,3/24/26 6:09,22.316,,,
3701,3/24/26 6:19,22.305,,,
3702,3/24/26 6:29,22.295,,,
3703,3/24/26 6:39,22.316,,,
3704,3/24/26 6:49,22.316,,,
3705,3/24/26 6:59,22.305,,,
3706,3/24/26 7:09,22.338,,,
3707,3/24/26 7:19,22.445,,,
3708,3/24/26 7:29,22.638,,,
3709,3/24/26 7:39,22.81,,,
3710,3/24/26 7:49,22.992,,,
3711,3/24/26 7:59,23.088,,,
3712,3/24/26 8:09,23.121,,,
3713,3/24/26 8:19,23.142,,,
3714,3/24/26 8:29,23.206,,,
3715,3/24/26 8:39,23.421,,,
3716,3/24/26 8:49,23.657,,,
3717,3/24/26 8:59,23.839,,,
3718,3/24/26 9:09,23.936,,,
3719,3/24/26 9:19,24.043,,,
3720,3/24/26 9:29,24.032,,,
3721,3/24/26 9:39,24.097,,,
3722,3/24/26 9:49,24.129,,,
3723,3/24/26 9:59,24.172,,,
3724,3/24/26 10:09,24.214,,,
3725,3/24/26 10:19,24.268,,,
3726,3/24/26 10:29,24.3,,,
3727,3/24/26 10:39,24.44,,,
3728,3/24/26 10:49,24.611,,,
3729,3/24/26 10:59,24.772,,,
3730,3/24/26 11:09,24.858,,,
3731,3/24/26 11:19,24.933,,,
3732,3/24/26 11:29,24.965,,,
3733,3/24/26 11:39,24.944,,,
3734,3/24/26 11:49,25.008,,,
3735,3/24/26 11:59,25.137,,,
3736,3/24/26 12:09,25.319,,,
3737,3/24/26 12:19,25.426,,,
3738,3/24/26 12:29,25.566,,,
3739,3/24/26 12:39,25.823,,,
3740,3/24/26 12:49,26.006,,,
3741,3/24/26 12:59,26.038,,,
3742,3/24/26 13:09,26.102,,,
3743,3/24/26 13:19,25.952,,,
3744,3/24/26 13:29,25.802,,,
3745,3/24/26 13:39,25.727,,,
3746,3/24/26 13:49,25.684,,,
3747,3/24/26 13:59,25.684,,,
3748,3/24/26 14:09,25.641,,,
3749,3/24/26 14:19,25.502,,,
3750,3/24/26 14:29,25.384,,,
3751,3/24/26 14:39,25.276,,,
3752,3/24/26 14:49,24.783,,,
3753,3/24/26 14:59,25.083,,,
3754,3/24/26 15:09,25.083,,,
3755,3/24/26 15:19,24.965,,,
3756,3/24/26 15:29,24.944,,,
3757,3/24/26 15:39,24.837,,,
3758,3/24/26 15:49,24.794,,,
3759,3/24/26 15:59,24.719,,,
3760,3/24/26 16:09,24.633,,,
3761,3/24/26 16:19,24.504,,,
3762,3/24/26 16:29,24.343,,,
3763,3/24/26 16:39,24.279,,,
3764,3/24/26 16:49,24.139,,,
3765,3/24/26 16:59,24.043,,,
3766,3/24/26 17:09,23.989,,,
3767,3/24/26 17:19,23.871,,,
3768,3/24/26 17:29,23.764,,,
3769,3/24/26 17:39,23.646,,,
3770,3/24/26 17:49,23.55,,,
3771,3/24/26 17:59,23.453,,,
3772,3/24/26 18:09,23.356,,,
3773,3/24/26 18:19,23.271,,,
3774,3/24/26 18:29,23.185,,,
3775,3/24/26 18:39,23.056,,,
3776,3/24/26 18:49,22.97,,,
3777,3/24/26 18:59,22.927,,,
3778,3/24/26 19:09,22.874,,,
3779,3/24/26 19:19,22.788,,,
3780,3/24/26 19:29,22.734,,,
3781,3/24/26 19:39,22.692,,,
3782,3/24/26 19:49,22.681,,,
3783,3/24/26 19:59,22.627,,,
3784,3/24/26 20:09,22.584,,,
3785,3/24/26 20:19,22.531,,,
3786,3/24/26 20:29,22.52,,,
3787,3/24/26 20:39,22.488,,,
3788,3/24/26 20:49,22.445,,,
3789,3/24/26 20:59,22.456,,,
3790,3/24/26 21:09,22.413,,,
3791,3/24/26 21:19,22.423,,,
3792,3/24/26 21:29,22.413,,,
3793,3/24/26 21:39,22.413,,,
3794,3/24/26 21:49,22.381,,,
3795,3/24/26 21:59,22.348,,,
3796,3/24/26 22:09,22.316,,,
3797,3/24/26 22:19,22.284,,,
3798,3/24/26 22:29,22.284,,,
3799,3/24/26 22:39,22.273,,,
3800,3/24/26 22:49,22.273,,,
3801,3/24/26 22:59,22.23,,,
3802,3/24/26 23:09,22.23,,,
3803,3/24/26 23:19,22.198,,,
3804,3/24/26 23:29,22.166,,,
3805,3/24/26 23:39,22.134,,,
3806,3/24/26 23:49,22.091,,,
3807,3/24/26 23:59,22.048,,,
3808,3/25/26 0:09,22.037,,,
3809,3/25/26 0:19,22.027,,,
3810,3/25/26 0:29,21.984,,,
3811,3/25/26 0:39,21.994,,,
3812,3/25/26 0:49,21.973,,,
3813,3/25/26 0:59,21.962,,,
3814,3/25/26 1:09,21.941,,,
3815,3/25/26 1:19,21.952,,,
3816,3/25/26 1:29,21.962,,,
3817,3/25/26 1:39,21.93,,,
3818,3/25/26 1:49,21.93,,,
3819,3/25/26 1:59,21.93,,,
3820,3/25/26 2:09,21.898,,,
3821,3/25/26 2:19,21.876,,,
3822,3/25/26 2:29,21.866,,,
3823,3/25/26 2:39,21.844,,,
3824,3/25/26 2:49,21.834,,,
3825,3/25/26 2:59,21.823,,,
3826,3/25/26 3:09,21.812,,,
3827,3/25/26 3:19,21.812,,,
3828,3/25/26 3:29,21.801,,,
3829,3/25/26 3:39,21.78,,,
3830,3/25/26 3:49,21.769,,,
3831,3/25/26 3:59,21.769,,,
3832,3/25/26 4:09,21.812,,,
3833,3/25/26 4:19,21.823,,,
3834,3/25/26 4:29,21.823,,,
3835,3/25/26 4:39,21.844,,,
3836,3/25/26 4:49,21.801,,,
3837,3/25/26 4:59,21.791,,,
3838,3/25/26 5:09,21.748,,,
3839,3/25/26 5:19,21.726,,,
3840,3/25/26 5:29,21.726,,,
3841,3/25/26 5:39,21.726,,,
3842,3/25/26 5:49,21.758,,,
3843,3/25/26 5:59,21.737,,,
3844,3/25/26 6:09,21.737,,,
3845,3/25/26 6:19,21.716,,,
3846,3/25/26 6:29,21.726,,,
3847,3/25/26 6:39,21.748,,,
3848,3/25/26 6:49,21.769,,,
3849,3/25/26 6:59,21.834,,,
3850,3/25/26 7:09,21.898,,,
3851,3/25/26 7:19,22.027,,,
3852,3/25/26 7:29,22.145,,,
3853,3/25/26 7:39,22.295,,,
3854,3/25/26 7:49,22.445,,,
3855,3/25/26 7:59,22.552,,,
3856,3/25/26 8:09,22.681,,,
3857,3/25/26 8:19,22.777,,,
3858,3/25/26 8:29,22.895,,,
3859,3/25/26 8:39,23.024,,,
3860,3/25/26 8:49,23.174,,,
3861,3/25/26 8:59,23.303,,,
3862,3/25/26 9:09,23.496,,,
3863,3/25/26 9:19,23.603,,,
3864,3/25/26 9:29,23.753,,,
3865,3/25/26 9:39,24,,,
3866,3/25/26 9:49,24.182,,,
3867,3/25/26 9:59,24.257,,,
3868,3/25/26 10:09,24.332,,,
3869,3/25/26 10:19,24.461,,,
3870,3/25/26 10:29,24.536,,,
3871,3/25/26 10:39,24.665,,,
3872,3/25/26 10:49,24.772,,,
3873,3/25/26 10:59,24.815,,,
3874,3/25/26 11:09,24.751,,,
3875,3/25/26 11:19,24.837,,,
3876,3/25/26 11:29,24.901,,,
3877,3/25/26 11:39,25.04,,,
3878,3/25/26 11:49,25.169,,,
3879,3/25/26 11:59,25.276,,,
3880,3/25/26 12:09,25.384,,,
3881,3/25/26 12:19,25.491,,,
3882,3/25/26 12:29,25.609,,,
3883,3/25/26 12:39,25.759,,,
3884,3/25/26 12:49,25.866,,,
3885,3/25/26 12:59,25.984,,,
3886,3/25/26 13:09,26.102,,,
3887,3/25/26 13:19,26.156,,,
3888,3/25/26 13:29,26.263,,,
3889,3/25/26 13:39,26.317,,,
3890,3/25/26 13:49,26.199,,,
3891,3/25/26 13:59,26.145,,,
3892,3/25/26 14:09,26.199,,,
3893,3/25/26 14:19,26.091,,,
3894,3/25/26 14:29,26.027,,,
3895,3/25/26 14:39,26.016,,,
3896,3/25/26 14:49,26.006,,,
3897,3/25/26 14:59,26.006,,,
3898,3/25/26 15:09,25.973,,,
3899,3/25/26 15:19,25.931,,,
3900,3/25/26 15:29,25.845,,,
3901,3/25/26 15:39,25.727,,,
3902,3/25/26 15:49,25.673,,,
3903,3/25/26 15:59,25.523,,,
3904,3/25/26 16:09,25.33,,,
3905,3/25/26 16:19,25.126,,,
3906,3/25/26 16:29,24.997,,,
3907,3/25/26 16:39,24.815,,,
3908,3/25/26 16:49,24.676,,,
3909,3/25/26 16:59,24.526,,,
3910,3/25/26 17:09,24.418,,,
3911,3/25/26 17:19,24.29,,,
3912,3/25/26 17:29,24.172,,,
3913,3/25/26 17:39,24.043,,,
3914,3/25/26 17:49,23.957,,,
3915,3/25/26 17:59,23.828,,,
3916,3/25/26 18:09,23.721,,,
3917,3/25/26 18:19,23.625,,,
3918,3/25/26 18:29,23.496,,,
3919,3/25/26 18:39,23.432,,,
3920,3/25/26 18:49,23.335,,,
3921,3/25/26 18:59,23.271,,,
3922,3/25/26 19:09,23.185,,,
3923,3/25/26 19:19,23.121,,,
3924,3/25/26 19:29,23.035,,,
3925,3/25/26 19:39,22.949,,,
3926,3/25/26 19:49,22.885,,,
3927,3/25/26 19:59,22.842,,,
3928,3/25/26 20:09,22.745,,,
3929,3/25/26 20:19,22.681,,,
3930,3/25/26 20:29,22.649,,,
3931,3/25/26 20:39,22.595,,,
3932,3/25/26 20:49,22.595,,,
3933,3/25/26 20:59,22.574,,,
3934,3/25/26 21:09,22.563,,,
3935,3/25/26 21:19,22.52,,,
3936,3/25/26 21:29,22.531,,,
3937,3/25/26 21:39,22.52,,,
3938,3/25/26 21:49,22.531,,,
3939,3/25/26 21:59,22.531,,,
3940,3/25/26 22:09,22.541,,,
3941,3/25/26 22:19,22.509,,,
3942,3/25/26 22:29,22.509,,,
3943,3/25/26 22:39,22.477,,,
3944,3/25/26 22:49,22.456,,,
3945,3/25/26 22:59,22.445,,,
3946,3/25/26 23:09,22.445,,,
3947,3/25/26 23:19,22.434,,,
3948,3/25/26 23:29,22.413,,,
3949,3/25/26 23:39,22.413,,,
3950,3/25/26 23:49,22.423,,,
3951,3/25/26 23:59,22.381,,,
3952,3/26/26 0:09,22.402,,,
3953,3/26/26 0:19,22.359,,,
3954,3/26/26 0:29,22.348,,,
3955,3/26/26 0:39,22.316,,,
3956,3/26/26 0:49,22.284,,,
3957,3/26/26 0:59,22.273,,,
3958,3/26/26 1:09,22.273,,,
3959,3/26/26 1:19,22.23,,,
3960,3/26/26 1:29,22.23,,,
3961,3/26/26 1:39,22.22,,,
3962,3/26/26 1:49,22.187,,,
3963,3/26/26 1:59,22.155,,,
3964,3/26/26 2:09,22.177,,,
3965,3/26/26 2:19,22.155,,,
3966,3/26/26 2:29,22.155,,,
3967,3/26/26 2:39,22.155,,,
3968,3/26/26 2:49,22.145,,,
3969,3/26/26 2:59,22.102,,,
3970,3/26/26 3:09,22.091,,,
3971,3/26/26 3:19,22.069,,,
3972,3/26/26 3:29,22.069,,,
3973,3/26/26 3:39,22.091,,,
3974,3/26/26 3:49,22.091,,,
3975,3/26/26 3:59,22.112,,,
3976,3/26/26 4:09,22.123,,,
3977,3/26/26 4:19,22.123,,,
3978,3/26/26 4:29,22.112,,,
3979,3/26/26 4:39,22.102,,,
3980,3/26/26 4:49,22.102,,,
3981,3/26/26 4:59,22.069,,,
3982,3/26/26 5:09,22.069,,,
3983,3/26/26 5:19,22.059,,,
3984,3/26/26 5:29,22.037,,,
3985,3/26/26 5:39,22.027,,,
3986,3/26/26 5:49,21.984,,,
3987,3/26/26 5:59,21.994,,,
3988,3/26/26 6:09,21.984,,,
3989,3/26/26 6:19,21.973,,,
3990,3/26/26 6:29,21.973,,,
3991,3/26/26 6:39,21.984,,,
3992,3/26/26 6:49,21.994,,,
3993,3/26/26 6:59,22.059,,,
3994,3/26/26 7:09,22.177,,,
3995,3/26/26 7:19,22.338,,,
3996,3/26/26 7:29,22.509,,,
3997,3/26/26 7:39,22.659,,,
3998,3/26/26 7:49,22.82,,,
3999,3/26/26 7:59,22.97,,,
4000,3/26/26 8:09,23.142,,,
4001,3/26/26 8:19,23.324,,,
4002,3/26/26 8:29,23.464,,,
4003,3/26/26 8:39,23.592,,,
4004,3/26/26 8:49,23.775,,,
4005,3/26/26 8:59,24.032,,,
4006,3/26/26 9:09,24.204,,,
4007,3/26/26 9:19,24.397,,,
4008,3/26/26 9:29,24.622,,,
4009,3/26/26 9:39,24.751,,,
4010,3/26/26 9:49,24.837,,,
4011,3/26/26 9:59,24.965,,,
4012,3/26/26 10:09,25.148,,,
4013,3/26/26 10:19,25.341,,,
4014,3/26/26 10:29,25.469,,,
4015,3/26/26 10:39,25.609,,,
4016,3/26/26 10:49,25.759,,,
4017,3/26/26 10:59,25.963,,,
4018,3/26/26 11:09,26.134,,,
4019,3/26/26 11:19,26.22,,,
4020,3/26/26 11:29,26.284,,,
4021,3/26/26 11:39,26.166,,,
4022,3/26/26 11:49,26.016,,,
4023,3/26/26 11:59,25.909,,,
4024,3/26/26 12:09,25.963,,,
4025,3/26/26 12:19,26.134,,,
4026,3/26/26 12:29,26.306,,,
4027,3/26/26 12:39,26.52,,,
4028,3/26/26 12:49,26.606,,,
4029,3/26/26 12:59,26.746,,,
4030,3/26/26 13:09,26.928,,,
4031,3/26/26 13:19,27.057,,,
4032,3/26/26 13:29,27.153,,,
4033,3/26/26 13:39,27.25,,,
4034,3/26/26 13:49,27.389,,,
4035,3/26/26 13:59,27.185,,,
4036,3/26/26 14:09,28.44,,,
4037,3/26/26 14:19,28.826,,,
4038,3/26/26 14:29,28.644,,,
4039,3/26/26 14:39,28.344,,,
4040,3/26/26 14:49,27.968,,,
4041,3/26/26 14:59,27.7,,,
4042,3/26/26 15:09,27.668,,,
4043,3/26/26 15:19,27.486,,,
4044,3/26/26 15:29,27.325,,,
4045,3/26/26 15:39,27.142,,,
4046,3/26/26 15:49,27.057,,,
4047,3/26/26 15:59,26.821,,,
4048,3/26/26 16:09,26.531,,,
4049,3/26/26 16:19,26.338,,,
4050,3/26/26 16:29,26.134,,,
4051,3/26/26 16:39,25.984,,,
4052,3/26/26 16:49,25.834,,,
4053,3/26/26 16:59,25.63,,,
4054,3/26/26 17:09,25.405,,,
4055,3/26/26 17:19,25.212,,,
4056,3/26/26 17:29,25.019,,,
4057,3/26/26 17:39,24.858,,,
4058,3/26/26 17:49,24.686,,,
4059,3/26/26 17:59,24.547,,,
4060,3/26/26 18:09,24.354,,,
4061,3/26/26 18:19,24.214,,,
4062,3/26/26 18:29,24.097,,,
4063,3/26/26 18:39,23.979,,,
4064,3/26/26 18:49,23.861,,,
4065,3/26/26 18:59,23.743,,,
4066,3/26/26 19:09,23.668,,,
4067,3/26/26 19:19,23.56,,,
4068,3/26/26 19:29,23.496,,,
4069,3/26/26 19:39,23.421,,,
4070,3/26/26 19:49,23.303,,,
4071,3/26/26 19:59,23.228,,,
4072,3/26/26 20:09,23.185,,,
4073,3/26/26 20:19,23.11,,,
4074,3/26/26 20:29,23.045,,,
4075,3/26/26 20:39,23.003,,,
4076,3/26/26 20:49,22.938,,,
4077,3/26/26 20:59,22.895,,,
4078,3/26/26 21:09,22.874,,,
4079,3/26/26 21:19,22.852,,,
4080,3/26/26 21:29,22.81,,,
4081,3/26/26 21:39,22.756,,,
4082,3/26/26 21:49,22.724,,,
4083,3/26/26 21:59,22.702,,,
4084,3/26/26 22:09,22.692,,,
4085,3/26/26 22:19,22.649,,,
4086,3/26/26 22:29,22.638,,,
4087,3/26/26 22:39,22.606,,,
4088,3/26/26 22:49,22.584,,,
4089,3/26/26 22:59,22.541,,,
4090,3/26/26 23:09,22.531,,,
4091,3/26/26 23:19,22.488,,,
4092,3/26/26 23:29,22.477,,,
4093,3/26/26 23:39,22.456,,,
4094,3/26/26 23:49,22.402,,,
4095,3/26/26 23:59,22.391,,,
4096,3/27/26 0:09,22.391,,,
4097,3/27/26 0:19,22.37,,,
4098,3/27/26 0:29,22.338,,,
4099,3/27/26 0:39,22.305,,,
4100,3/27/26 0:49,22.316,,,
4101,3/27/26 0:59,22.305,,,
4102,3/27/26 1:09,22.273,,,
4103,3/27/26 1:19,22.209,,,
4104,3/27/26 1:29,22.209,,,
4105,3/27/26 1:39,22.198,,,
4106,3/27/26 1:49,22.23,,,
4107,3/27/26 1:59,22.263,,,
4108,3/27/26 2:09,22.284,,,
4109,3/27/26 2:19,22.316,,,
4110,3/27/26 2:29,22.348,,,
4111,3/27/26 2:39,22.37,,,
4112,3/27/26 2:49,22.391,,,
4113,3/27/26 2:59,22.434,,,
4114,3/27/26 3:09,22.413,,,
4115,3/27/26 3:19,22.434,,,
4116,3/27/26 3:29,22.466,,,
4117,3/27/26 3:39,22.445,,,
4118,3/27/26 3:49,22.413,,,
4119,3/27/26 3:59,22.381,,,
4120,3/27/26 4:09,22.338,,,
4121,3/27/26 4:19,22.273,,,
4122,3/27/26 4:29,22.198,,,
4123,3/27/26 4:39,22.166,,,
4124,3/27/26 4:49,22.155,,,
4125,3/27/26 4:59,22.177,,,
4126,3/27/26 5:09,22.166,,,
4127,3/27/26 5:19,22.155,,,
4128,3/27/26 5:29,22.166,,,
4129,3/27/26 5:39,22.177,,,
4130,3/27/26 5:49,22.198,,,
4131,3/27/26 5:59,22.177,,,
4132,3/27/26 6:09,22.177,,,
4133,3/27/26 6:19,22.187,,,
4134,3/27/26 6:29,22.209,,,
4135,3/27/26 6:39,22.23,,,
4136,3/27/26 6:49,22.23,,,
4137,3/27/26 6:59,22.295,,,
4138,3/27/26 7:09,22.305,,,
4139,3/27/26 7:19,22.316,,,
4140,3/27/26 7:29,22.359,,,
4141,3/27/26 7:39,22.327,,,
4142,3/27/26 7:49,22.316,,,
4143,3/27/26 7:59,22.263,,,
4144,3/27/26 8:09,22.252,,,
4145,3/27/26 8:19,22.263,,,
4146,3/27/26 8:29,22.305,,,
4147,3/27/26 8:39,22.316,,,
4148,3/27/26 8:49,22.316,,,
4149,3/27/26 8:59,22.348,,,
4150,3/27/26 9:09,22.348,,,
4151,3/27/26 9:19,22.391,,,
4152,3/27/26 9:29,22.413,,,
4153,3/27/26 9:39,22.498,,,
4154,3/27/26 9:49,22.713,,,
4155,3/27/26 9:59,22.927,,,
4156,3/27/26 10:09,23.335,,,
4157,3/27/26 10:19,23.389,,,
4158,3/27/26 10:29,23.903,,,
4159,3/27/26 10:39,24.097,,,
4160,3/27/26 10:49,24.386,,,
4161,3/27/26 10:59,24.408,,,
4162,3/27/26 11:09,24.59,,,
4163,3/27/26 11:19,24.483,,,
4164,3/27/26 11:29,24.686,,,
4165,3/27/26 11:39,24.976,,,
4166,3/27/26 11:49,24.965,,,
4167,3/27/26 11:59,25.169,,,
4168,3/27/26 12:09,25.287,,,
4169,3/27/26 12:19,26.038,,,
4170,3/27/26 12:29,25.909,,,
4171,3/27/26 12:39,26.113,,,
4172,3/27/26 12:49,26.145,,,
4173,3/27/26 12:59,26.295,,,
4174,3/27/26 13:09,26.381,,,
4175,3/27/26 13:19,26.445,,,
4176,3/27/26 13:29,26.499,,,
4177,3/27/26 13:39,26.317,,,
4178,3/27/26 13:49,26.263,,,
4179,3/27/26 13:59,26.113,,,
4180,3/27/26 14:09,26.081,,,
4181,3/27/26 14:19,26.059,,,
4182,3/27/26 14:29,25.909,,,
4183,3/27/26 14:39,25.877,,,
4184,3/27/26 14:49,25.888,,,
4185,3/27/26 14:59,25.673,,,
4186,3/27/26 15:09,25.63,,,
4187,3/27/26 15:19,25.598,,,
4188,3/27/26 15:29,25.459,,,
4189,3/27/26 15:39,25.276,,,
4190,3/27/26 15:49,25.137,,,
4191,3/27/26 15:59,25.03,,,
4192,3/27/26 16:09,24.879,,,
4193,3/27/26 16:19,24.74,,,
4194,3/27/26 16:29,24.611,,,
4195,3/27/26 16:39,24.493,,,
4196,3/27/26 16:49,24.365,,,
4197,3/27/26 16:59,24.29,,,
4198,3/27/26 17:09,24.182,,,
4199,3/27/26 17:19,24.064,,,
4200,3/27/26 17:29,23.957,,,
4201,3/27/26 17:39,23.85,,,
4202,3/27/26 17:49,23.732,,,
4203,3/27/26 17:59,23.657,,,
4204,3/27/26 18:09,23.55,,,
4205,3/27/26 18:19,23.453,,,
4206,3/27/26 18:29,23.346,,,
4207,3/27/26 18:39,23.271,,,
4208,3/27/26 18:49,23.185,,,
4209,3/27/26 18:59,23.11,,,
4210,3/27/26 19:09,22.992,,,
4211,3/27/26 19:19,22.938,,,
4212,3/27/26 19:29,22.885,,,
4213,3/27/26 19:39,22.831,,,
4214,3/27/26 19:49,22.767,,,
4215,3/27/26 19:59,22.777,,,
4216,3/27/26 20:09,22.734,,,
4217,3/27/26 20:19,22.702,,,
4218,3/27/26 20:29,22.638,,,
4219,3/27/26 20:39,22.627,,,
4220,3/27/26 20:49,22.574,,,
4221,3/27/26 20:59,22.552,,,
4222,3/27/26 21:09,22.52,,,
4223,3/27/26 21:19,22.477,,,
4224,3/27/26 21:29,22.434,,,
4225,3/27/26 21:39,22.413,,,
4226,3/27/26 21:49,22.359,,,
4227,3/27/26 21:59,22.316,,,
4228,3/27/26 22:09,22.273,,,
4229,3/27/26 22:19,22.273,,,
4230,3/27/26 22:29,22.241,,,
4231,3/27/26 22:39,22.23,,,
4232,3/27/26 22:49,22.209,,,
4233,3/27/26 22:59,22.209,,,
4234,3/27/26 23:09,22.209,,,
4235,3/27/26 23:19,22.209,,,
4236,3/27/26 23:29,22.187,,,
4237,3/27/26 23:39,22.187,,,
4238,3/27/26 23:49,22.209,,,
4239,3/27/26 23:59,22.209,,,
4240,3/28/26 0:09,22.241,,,
4241,3/28/26 0:19,22.22,,,
4242,3/28/26 0:29,22.209,,,
4243,3/28/26 0:39,22.23,,,
4244,3/28/26 0:49,22.23,,,
4245,3/28/26 0:59,22.23,,,
4246,3/28/26 1:09,22.22,,,
4247,3/28/26 1:19,22.241,,,
4248,3/28/26 1:29,22.23,,,
4249,3/28/26 1:39,22.23,,,
4250,3/28/26 1:49,22.241,,,
4251,3/28/26 1:59,22.23,,,
4252,3/28/26 2:09,22.241,,,
4253,3/28/26 2:19,22.241,,,
4254,3/28/26 2:29,22.252,,,
4255,3/28/26 2:39,22.273,,,
4256,3/28/26 2:49,22.252,,,
4257,3/28/26 2:59,22.263,,,
4258,3/28/26 3:09,22.252,,,
4259,3/28/26 3:19,22.23,,,
4260,3/28/26 3:29,22.22,,,
4261,3/28/26 3:39,22.209,,,
4262,3/28/26 3:49,22.22,,,
4263,3/28/26 3:59,22.209,,,
4264,3/28/26 4:09,22.22,,,
4265,3/28/26 4:19,22.209,,,
4266,3/28/26 4:29,22.198,,,
4267,3/28/26 4:39,22.187,,,
4268,3/28/26 4:49,22.198,,,
4269,3/28/26 4:59,22.198,,,
4270,3/28/26 5:09,22.23,,,
4271,3/28/26 5:19,22.252,,,
4272,3/28/26 5:29,22.252,,,
4273,3/28/26 5:39,22.263,,,
4274,3/28/26 5:49,22.209,,,
4275,3/28/26 5:59,22.198,,,
4276,3/28/26 6:09,22.187,,,
4277,3/28/26 6:19,22.166,,,
4278,3/28/26 6:29,22.155,,,
4279,3/28/26 6:39,22.134,,,
4280,3/28/26 6:49,22.123,,,
4281,3/28/26 6:59,22.123,,,
4282,3/28/26 7:09,22.145,,,
4283,3/28/26 7:19,22.187,,,
4284,3/28/26 7:29,22.263,,,
4285,3/28/26 7:39,22.338,,,
4286,3/28/26 7:49,22.402,,,
4287,3/28/26 7:59,22.466,,,
4288,3/28/26 8:09,22.52,,,
4289,3/28/26 8:19,22.638,,,
4290,3/28/26 8:29,22.767,,,
4291,3/28/26 8:39,22.927,,,
4292,3/28/26 8:49,23.099,,,
4293,3/28/26 8:59,23.314,,,
4294,3/28/26 9:09,23.442,,,
4295,3/28/26 9:19,23.721,,,
4296,3/28/26 9:29,23.85,,,
4297,3/28/26 9:39,24,,,
4298,3/28/26 9:49,23.989,,,
4299,3/28/26 9:59,23.957,,,
4300,3/28/26 10:09,24.075,,,
4301,3/28/26 10:19,24.225,,,
4302,3/28/26 10:29,24.354,,,
4303,3/28/26 10:39,24.547,,,
4304,3/28/26 10:49,24.547,,,
4305,3/28/26 10:59,24.654,,,
4306,3/28/26 11:09,24.794,,,
4307,3/28/26 11:19,24.761,,,
4308,3/28/26 11:29,24.719,,,
4309,3/28/26 11:39,24.568,,,
4310,3/28/26 11:49,24.472,,,
4311,3/28/26 11:59,24.386,,,
4312,3/28/26 12:09,24.418,,,
4313,3/28/26 12:19,24.526,,,
4314,3/28/26 12:29,24.461,,,
4315,3/28/26 12:39,24.44,,,
4316,3/28/26 12:49,24.332,,,
4317,3/28/26 12:59,24.214,,,
4318,3/28/26 13:09,24.129,,,
4319,3/28/26 13:19,24.043,,,
4320,3/28/26 13:29,23.957,,,
4321,3/28/26 13:39,23.893,,,
4322,3/28/26 13:49,23.85,,,
4323,3/28/26 13:59,23.85,,,
4324,3/28/26 14:09,23.753,,,
4325,3/28/26 14:19,23.764,,,
4326,3/28/26 14:29,23.732,,,
4327,3/28/26 14:39,23.71,,,
4328,3/28/26 14:49,23.635,,,
4329,3/28/26 14:59,23.614,,,
4330,3/28/26 15:09,23.571,,,
4331,3/28/26 15:19,23.517,,,
4332,3/28/26 15:29,23.453,,,
4333,3/28/26 15:39,23.378,,,
4334,3/28/26 15:49,23.324,,,
4335,3/28/26 15:59,23.324,,,
4336,3/28/26 16:09,23.26,,,
4337,3/28/26 16:19,23.239,,,
4338,3/28/26 16:29,23.206,,,
4339,3/28/26 16:39,23.206,,,
4340,3/28/26 16:49,23.131,,,
4341,3/28/26 16:59,23.11,,,
4342,3/28/26 17:09,23.078,,,
4343,3/28/26 17:19,23.013,,,
4344,3/28/26 17:29,22.938,,,
4345,3/28/26 17:39,22.852,,,
4346,3/28/26 17:49,22.777,,,
4347,3/28/26 17:59,22.681,,,
4348,3/28/26 18:09,22.584,,,
4349,3/28/26 18:19,22.509,,,
4350,3/28/26 18:29,22.434,,,
4351,3/28/26 18:39,22.359,,,
4352,3/28/26 18:49,22.284,,,
4353,3/28/26 18:59,22.23,,,
4354,3/28/26 19:09,22.145,,,
4355,3/28/26 19:19,22.102,,,
4356,3/28/26 19:29,22.027,,,
4357,3/28/26 19:39,21.973,,,
4358,3/28/26 19:49,21.919,,,
4359,3/28/26 19:59,21.887,,,
4360,3/28/26 20:09,21.834,,,
4361,3/28/26 20:19,21.812,,,
4362,3/28/26 20:29,21.791,,,
4363,3/28/26 20:39,21.758,,,
4364,3/28/26 20:49,21.726,,,
4365,3/28/26 20:59,21.683,,,
4366,3/28/26 21:09,21.694,,,
4367,3/28/26 21:19,21.673,,,
4368,3/28/26 21:29,21.64,,,
4369,3/28/26 21:39,21.651,,,
4370,3/28/26 21:49,21.651,,,
4371,3/28/26 21:59,21.64,,,
4372,3/28/26 22:09,21.662,,,
4373,3/28/26 22:19,21.683,,,
4374,3/28/26 22:29,21.705,,,
4375,3/28/26 22:39,21.694,,,
4376,3/28/26 22:49,21.683,,,
4377,3/28/26 22:59,21.683,,,
4378,3/28/26 23:09,21.673,,,
4379,3/28/26 23:19,21.662,,,
4380,3/28/26 23:29,21.662,,,
4381,3/28/26 23:39,21.651,,,
4382,3/28/26 23:49,21.63,,,
4383,3/28/26 23:59,21.619,,,
4384,3/29/26 0:09,21.619,,,
4385,3/29/26 0:19,21.608,,,
4386,3/29/26 0:29,21.576,,,
4387,3/29/26 0:39,21.576,,,
4388,3/29/26 0:49,21.565,,,
4389,3/29/26 0:59,21.555,,,
4390,3/29/26 1:09,21.522,,,
4391,3/29/26 1:19,21.48,,,
4392,3/29/26 1:29,21.469,,,
4393,3/29/26 1:39,21.458,,,
4394,3/29/26 1:49,21.469,,,
4395,3/29/26 1:59,21.447,,,
4396,3/29/26 2:09,21.437,,,
4397,3/29/26 2:19,21.469,,,
4398,3/29/26 2:29,21.458,,,
4399,3/29/26 2:39,21.426,,,
4400,3/29/26 2:49,21.415,,,
4401,3/29/26 2:59,21.394,,,
4402,3/29/26 3:09,21.405,,,
4403,3/29/26 3:19,21.372,,,
4404,3/29/26 3:29,21.362,,,
4405,3/29/26 3:39,21.319,,,
4406,3/29/26 3:49,21.308,,,
4407,3/29/26 3:59,21.276,,,
4408,3/29/26 4:09,21.233,,,
4409,3/29/26 4:19,21.233,,,
4410,3/29/26 4:29,21.201,,,
4411,3/29/26 4:39,21.211,,,
4412,3/29/26 4:49,21.201,,,
4413,3/29/26 4:59,21.19,,,
4414,3/29/26 5:09,21.19,,,
4415,3/29/26 5:19,21.179,,,
4416,3/29/26 5:29,21.179,,,
4417,3/29/26 5:39,21.158,,,
4418,3/29/26 5:49,21.158,,,
4419,3/29/26 5:59,21.136,,,
4420,3/29/26 6:09,21.115,,,
4421,3/29/26 6:19,21.093,,,
4422,3/29/26 6:29,21.083,,,
4423,3/29/26 6:39,21.093,,,
4424,3/29/26 6:49,21.072,,,
4425,3/29/26 6:59,21.061,,,
4426,3/29/26 7:09,21.115,,,
4427,3/29/26 7:19,21.19,,,
4428,3/29/26 7:29,21.34,,,
4429,3/29/26 7:39,21.469,,,
4430,3/29/26 7:49,21.608,,,
4431,3/29/26 7:59,21.673,,,
4432,3/29/26 8:09,21.726,,,
4433,3/29/26 8:19,21.758,,,
4434,3/29/26 8:29,21.834,,,
4435,3/29/26 8:39,22.027,,,
4436,3/29/26 8:49,22.295,,,
4437,3/29/26 8:59,22.606,,,
4438,3/29/26 9:09,22.852,,,
4439,3/29/26 9:19,23.11,,,
4440,3/29/26 9:29,23.335,,,
4441,3/29/26 9:39,23.582,,,
4442,3/29/26 9:49,23.796,,,
4443,3/29/26 9:59,23.979,,,
4444,3/29/26 10:09,24.193,,,
4445,3/29/26 10:19,24.268,,,
4446,3/29/26 10:29,24.44,,,
4447,3/29/26 10:39,24.601,,,
4448,3/29/26 10:49,24.772,,,
4449,3/29/26 10:59,24.804,,,
4450,3/29/26 11:09,24.922,,,
4451,3/29/26 11:19,25.008,,,
4452,3/29/26 11:29,25.201,,,
4453,3/29/26 11:39,25.351,,,
4454,3/29/26 11:49,25.448,,,
4455,3/29/26 11:59,25.394,,,
4456,3/29/26 12:09,25.405,,,
4457,3/29/26 12:19,25.394,,,
4458,3/29/26 12:29,25.459,,,
4459,3/29/26 12:39,25.544,,,
4460,3/29/26 12:49,25.662,,,
4461,3/29/26 12:59,25.802,,,
4462,3/29/26 13:09,25.802,,,
4463,3/29/26 13:19,25.802,,,
4464,3/29/26 13:29,25.813,,,
4465,3/29/26 13:39,25.737,,,
4466,3/29/26 13:49,25.641,,,
4467,3/29/26 13:59,25.502,,,
4468,3/29/26 14:09,25.534,,,
4469,3/29/26 14:19,25.566,,,
4470,3/29/26 14:29,25.587,,,
4471,3/29/26 14:39,25.609,,,
4472,3/29/26 14:49,25.491,,,
4473,3/29/26 14:59,25.48,,,
4474,3/29/26 15:09,25.63,,,
4475,3/29/26 15:19,25.416,,,
4476,3/29/26 15:29,25.255,,,
4477,3/29/26 15:39,25.083,,,
4478,3/29/26 15:49,24.901,,,
4479,3/29/26 15:59,24.751,,,
4480,3/29/26 16:09,24.601,,,
4481,3/29/26 16:19,24.44,,,
4482,3/29/26 16:29,24.29,,,
4483,3/29/26 16:39,24.129,,,
4484,3/29/26 16:49,24.043,,,
4485,3/29/26 16:59,23.85,,,
4486,3/29/26 17:09,23.71,,,
4487,3/29/26 17:19,23.603,,,
4488,3/29/26 17:29,23.453,,,
4489,3/29/26 17:39,23.271,,,
4490,3/29/26 17:49,23.121,,,
4491,3/29/26 17:59,22.927,,,
4492,3/29/26 18:09,22.799,,,
4493,3/29/26 18:19,22.692,,,
4494,3/29/26 18:29,22.531,,,
4495,3/29/26 18:39,22.434,,,
4496,3/29/26 18:49,22.295,,,
4497,3/29/26 18:59,22.166,,,
4498,3/29/26 19:09,22.069,,,
4499,3/29/26 19:19,21.973,,,
4500,3/29/26 19:29,21.919,,,
4501,3/29/26 19:39,21.866,,,
4502,3/29/26 19:49,21.823,,,
4503,3/29/26 19:59,21.791,,,
4504,3/29/26 20:09,21.726,,,
4505,3/29/26 20:19,21.651,,,
4506,3/29/26 20:29,21.598,,,
4507,3/29/26 20:39,21.544,,,
4508,3/29/26 20:49,21.522,,,
4509,3/29/26 20:59,21.522,,,
4510,3/29/26 21:09,21.49,,,
4511,3/29/26 21:19,21.48,,,
4512,3/29/26 21:29,21.447,,,
4513,3/29/26 21:39,21.447,,,
4514,3/29/26 21:49,21.405,,,
4515,3/29/26 21:59,21.372,,,
4516,3/29/26 22:09,21.362,,,
4517,3/29/26 22:19,21.34,,,
4518,3/29/26 22:29,21.329,,,
4519,3/29/26 22:39,21.351,,,
4520,3/29/26 22:49,21.34,,,
4521,3/29/26 22:59,21.319,,,
4522,3/29/26 23:09,21.308,,,
4523,3/29/26 23:19,21.329,,,
4524,3/29/26 23:29,21.329,,,
4525,3/29/26 23:39,21.287,,,
4526,3/29/26 23:49,21.297,,,
4527,3/29/26 23:59,21.276,,,
4528,3/30/26 0:09,21.244,,,
4529,3/30/26 0:19,21.233,,,
4530,3/30/26 0:29,21.233,,,
4531,3/30/26 0:39,21.222,,,
4532,3/30/26 0:49,21.244,,,
4533,3/30/26 0:59,21.244,,,
4534,3/30/26 1:09,21.233,,,
4535,3/30/26 1:19,21.233,,,
4536,3/30/26 1:29,21.201,,,
4537,3/30/26 1:39,21.126,,,
4538,3/30/26 1:49,21.158,,,
4539,3/30/26 1:59,21.169,,,
4540,3/30/26 2:09,21.201,,,
4541,3/30/26 2:19,21.211,,,
4542,3/30/26 2:29,21.179,,,
4543,3/30/26 2:39,21.158,,,
4544,3/30/26 2:49,21.201,,,
4545,3/30/26 2:59,21.19,,,
4546,3/30/26 3:09,21.158,,,
4547,3/30/26 3:19,21.136,,,
4548,3/30/26 3:29,21.136,,,
4549,3/30/26 3:39,21.126,,,
4550,3/30/26 3:49,21.126,,,
4551,3/30/26 3:59,21.158,,,
4552,3/30/26 4:09,21.179,,,
4553,3/30/26 4:19,21.179,,,
4554,3/30/26 4:29,21.147,,,
4555,3/30/26 4:39,21.104,,,
4556,3/30/26 4:49,21.104,,,
4557,3/30/26 4:59,21.083,,,
4558,3/30/26 5:09,21.061,,,
4559,3/30/26 5:19,21.093,,,
4560,3/30/26 5:29,21.061,,,
4561,3/30/26 5:39,21.093,,,
4562,3/30/26 5:49,21.115,,,
4563,3/30/26 5:59,21.158,,,
4564,3/30/26 6:09,21.179,,,
4565,3/30/26 6:19,21.158,,,
4566,3/30/26 6:29,21.126,,,
4567,3/30/26 6:39,21.147,,,
4568,3/30/26 6:49,21.147,,,
4569,3/30/26 6:59,21.158,,,
4570,3/30/26 7:09,21.19,,,
4571,3/30/26 7:19,21.233,,,
4572,3/30/26 7:29,21.297,,,
4573,3/30/26 7:39,21.405,,,
4574,3/30/26 7:49,21.501,,,
4575,3/30/26 7:59,21.576,,,
4576,3/30/26 8:09,21.608,,,
4577,3/30/26 8:19,21.737,,,
4578,3/30/26 8:29,21.973,,,
4579,3/30/26 8:39,22.198,,,
4580,3/30/26 8:49,22.745,,,
4581,3/30/26 8:59,22.692,,,
4582,3/30/26 9:09,22.885,,,
4583,3/30/26 9:19,23.206,,,
4584,3/30/26 9:29,23.517,,,
4585,3/30/26 9:39,23.689,,,
4586,3/30/26 9:49,23.914,,,
4587,3/30/26 9:59,24.107,,,
4588,3/30/26 10:09,24.322,,,
4589,3/30/26 10:19,24.472,,,
4590,3/30/26 10:29,24.611,,,
4591,3/30/26 10:39,24.815,,,
4592,3/30/26 10:49,24.933,,,
4593,3/30/26 10:59,24.944,,,
4594,3/30/26 11:09,25.126,,,
4595,3/30/26 11:19,25.169,,,
4596,3/30/26 11:29,25.148,,,
4597,3/30/26 11:39,25.255,,,
4598,3/30/26 11:49,25.459,,,
4599,3/30/26 11:59,25.598,,,
4600,3/30/26 12:09,25.77,,,
4601,3/30/26 12:19,25.834,,,
4602,3/30/26 12:29,25.931,,,
4603,3/30/26 12:39,26.059,,,
4604,3/30/26 12:49,26.038,,,
4605,3/30/26 12:59,26.134,,,
4606,3/30/26 13:09,26.188,,,
4607,3/30/26 13:19,26.242,,,
4608,3/30/26 13:29,26.327,,,
4609,3/30/26 13:39,26.392,,,
4610,3/30/26 13:49,26.392,,,
4611,3/30/26 13:59,26.467,,,
4612,3/30/26 14:09,26.477,,,
4613,3/30/26 14:19,26.392,,,
4614,3/30/26 14:29,26.295,,,
4615,3/30/26 14:39,26.124,,,
4616,3/30/26 14:49,26.091,,,
4617,3/30/26 14:59,26.102,,,
4618,3/30/26 15:09,26.327,,,
4619,3/30/26 15:19,26.102,,,
4620,3/30/26 15:29,25.877,,,
4621,3/30/26 15:39,25.748,,,
4622,3/30/26 15:49,25.652,,,
4623,3/30/26 15:59,25.534,,,
4624,3/30/26 16:09,25.437,,,
4625,3/30/26 16:19,25.212,,,
4626,3/30/26 16:29,24.847,,,
4627,3/30/26 16:39,24.622,,,
4628,3/30/26 16:49,24.408,,,
4629,3/30/26 16:59,24.225,,,
4630,3/30/26 17:09,24.107,,,
4631,3/30/26 17:19,23.946,,,
4632,3/30/26 17:29,23.796,,,
4633,3/30/26 17:39,23.657,,,
4634,3/30/26 17:49,23.485,,,
4635,3/30/26 17:59,23.335,,,
4636,3/30/26 18:09,23.196,,,
4637,3/30/26 18:19,23.067,,,
4638,3/30/26 18:29,22.949,,,
4639,3/30/26 18:39,22.799,,,
4640,3/30/26 18:49,22.681,,,
4641,3/30/26 18:59,22.616,,,
4642,3/30/26 19:09,22.509,,,
4643,3/30/26 19:19,22.423,,,
4644,3/30/26 19:29,22.381,,,
4645,3/30/26 19:39,22.295,,,
4646,3/30/26 19:49,22.252,,,
4647,3/30/26 19:59,22.187,,,
4648,3/30/26 20:09,22.134,,,
4649,3/30/26 20:19,22.048,,,
4650,3/30/26 20:29,22.027,,,
4651,3/30/26 20:39,21.973,,,
4652,3/30/26 20:49,21.941,,,
4653,3/30/26 20:59,21.919,,,
4654,3/30/26 21:09,21.866,,,
4655,3/30/26 21:19,21.898,,,
4656,3/30/26 21:29,21.898,,,
4657,3/30/26 21:39,21.844,,,
4658,3/30/26 21:49,21.844,,,
4659,3/30/26 21:59,21.823,,,
4660,3/30/26 22:09,21.823,,,
4661,3/30/26 22:19,21.801,,,
4662,3/30/26 22:29,21.78,,,
4663,3/30/26 22:39,21.769,,,
4664,3/30/26 22:49,21.726,,,
4665,3/30/26 22:59,21.748,,,
4666,3/30/26 23:09,21.758,,,
4667,3/30/26 23:19,21.737,,,
4668,3/30/26 23:29,21.726,,,
4669,3/30/26 23:39,21.726,,,
4670,3/30/26 23:49,21.705,,,
4671,3/30/26 23:59,21.683,,,
4672,3/31/26 0:09,21.683,,,
4673,3/31/26 0:19,21.683,,,
4674,3/31/26 0:29,21.64,,,
4675,3/31/26 0:39,21.598,,,
4676,3/31/26 0:49,21.598,,,
4677,3/31/26 0:59,21.598,,,
4678,3/31/26 1:09,21.608,,,
4679,3/31/26 1:19,21.651,,,
4680,3/31/26 1:29,21.64,,,
4681,3/31/26 1:39,21.598,,,
4682,3/31/26 1:49,21.587,,,
4683,3/31/26 1:59,21.587,,,
4684,3/31/26 2:09,21.565,,,
4685,3/31/26 2:19,21.555,,,
4686,3/31/26 2:29,21.576,,,
4687,3/31/26 2:39,21.555,,,
4688,3/31/26 2:49,21.544,,,
4689,3/31/26 2:59,21.544,,,
4690,3/31/26 3:09,21.512,,,
4691,3/31/26 3:19,21.512,,,
4692,3/31/26 3:29,21.512,,,
4693,3/31/26 3:39,21.522,,,
4694,3/31/26 3:49,21.544,,,
4695,3/31/26 3:59,21.555,,,
4696,3/31/26 4:09,21.565,,,
4697,3/31/26 4:19,21.587,,,
4698,3/31/26 4:29,21.587,,,
4699,3/31/26 4:39,21.565,,,
4700,3/31/26 4:49,21.576,,,
4701,3/31/26 4:59,21.608,,,
4702,3/31/26 5:09,21.565,,,
4703,3/31/26 5:19,21.555,,,
4704,3/31/26 5:29,21.555,,,
4705,3/31/26 5:39,21.544,,,
4706,3/31/26 5:49,21.512,,,
4707,3/31/26 5:59,21.48,,,
4708,3/31/26 6:09,21.48,,,
4709,3/31/26 6:19,21.447,,,
4710,3/31/26 6:29,21.447,,,
4711,3/31/26 6:39,21.447,,,
4712,3/31/26 6:49,21.415,,,
4713,3/31/26 6:59,21.415,,,
4714,3/31/26 7:09,21.415,,,
4715,3/31/26 7:19,21.437,,,
4716,3/31/26 7:29,21.458,,,
4717,3/31/26 7:39,21.544,,,
4718,3/31/26 7:49,21.619,,,
4719,3/31/26 7:59,21.748,,,
4720,3/31/26 8:09,21.962,,,
4721,3/31/26 8:19,22.145,,,
4722,3/31/26 8:29,22.198,,,
4723,3/31/26 8:39,22.348,,,
4724,3/31/26 8:49,22.531,,,
4725,3/31/26 8:59,22.702,,,
4726,3/31/26 9:09,22.917,,,
4727,3/31/26 9:19,23.163,,,
4728,3/31/26 9:29,23.303,,,
4729,3/31/26 9:39,23.464,,,
4730,3/31/26 9:49,23.614,,,
4731,3/31/26 9:59,23.689,,,
4732,3/31/26 10:09,23.785,,,
4733,3/31/26 10:19,24.086,,,
4734,3/31/26 10:29,23.979,,,
4735,3/31/26 10:39,24.225,,,
4736,3/31/26 10:49,24.343,,,
4737,3/31/26 10:59,24.332,,,
4738,3/31/26 11:09,24.279,,,
4739,3/31/26 11:19,24.397,,,
4740,3/31/26 11:29,24.472,,,
4741,3/31/26 11:39,24.44,,,
4742,3/31/26 11:49,24.418,,,
4743,3/31/26 11:59,24.654,,,
4744,3/31/26 12:09,24.697,,,
4745,3/31/26 12:19,25.019,,,
4746,3/31/26 12:29,25.201,,,
4747,3/31/26 12:39,25.973,,,
4748,3/31/26 12:49,26.531,,,
4749,3/31/26 12:59,26.971,,,
4750,3/31/26 13:09,27.561,,,
4751,3/31/26 13:19,27.421,,,
4752,3/31/26 13:29,27.336,,,
4753,3/31/26 13:39,27.046,,,
4754,3/31/26 13:49,26.542,,,
4755,3/31/26 13:59,26.606,,,
4756,3/31/26 14:09,26.317,,,
4757,3/31/26 14:19,26.188,,,
4758,3/31/26 14:29,26.059,,,
4759,3/31/26 14:39,26.07,,,
4760,3/31/26 14:49,25.888,,,
4761,3/31/26 14:59,25.845,,,
4762,3/31/26 15:09,25.716,,,
4763,3/31/26 15:19,25.716,,,
4764,3/31/26 15:29,25.416,,,
4765,3/31/26 15:39,25.223,,,
4766,3/31/26 15:49,25.094,,,
4767,3/31/26 15:59,24.912,,,
4768,3/31/26 16:09,24.772,,,
4769,3/31/26 16:19,24.59,,,
4770,3/31/26 16:29,24.375,,,
4771,3/31/26 16:39,24.268,,,
4772,3/31/26 16:49,24.086,,,
4773,3/31/26 16:59,23.946,,,
4774,3/31/26 17:09,23.807,,,
4775,3/31/26 17:19,23.657,,,
4776,3/31/26 17:29,23.56,,,
4777,3/31/26 17:39,23.442,,,
4778,3/31/26 17:49,23.335,,,
4779,3/31/26 17:59,23.249,,,
4780,3/31/26 18:09,23.163,,,
4781,3/31/26 18:19,23.045,,,
4782,3/31/26 18:29,22.917,,,
4783,3/31/26 18:39,22.767,,,
4784,3/31/26 18:49,22.681,,,
4785,3/31/26 18:59,22.595,,,
4786,3/31/26 19:09,22.541,,,
4787,3/31/26 19:19,22.488,,,
4788,3/31/26 19:29,22.413,,,
4789,3/31/26 19:39,22.327,,,
4790,3/31/26 19:49,22.338,,,
4791,3/31/26 19:59,22.305,,,
4792,3/31/26 20:09,22.295,,,
4793,3/31/26 20:19,22.23,,,
4794,3/31/26 20:29,22.187,,,
4795,3/31/26 20:39,22.177,,,
4796,3/31/26 20:49,22.112,,,
4797,3/31/26 20:59,22.048,,,
4798,3/31/26 21:09,22.016,,,
4799,3/31/26 21:19,22.005,,,
4800,3/31/26 21:29,21.973,,,
4801,3/31/26 21:39,21.941,,,
4802,3/31/26 21:49,21.93,,,
4803,3/31/26 21:59,21.919,,,
4804,3/31/26 22:09,21.909,,,
4805,3/31/26 22:19,21.887,,,
4806,3/31/26 22:29,21.887,,,
4807,3/31/26 22:39,21.866,,,
4808,3/31/26 22:49,21.801,,,
4809,3/31/26 22:59,21.791,,,
4810,3/31/26 23:09,21.758,,,
4811,3/31/26 23:19,21.748,,,
4812,3/31/26 23:29,21.737,,,
4813,3/31/26 23:39,21.705,,,
4814,3/31/26 23:49,21.683,,,
4815,3/31/26 23:59,21.673,,,
4816,4/1/26 0:09,21.651,,,
4817,4/1/26 0:19,21.619,,,
4818,4/1/26 0:29,21.587,,,
4819,4/1/26 0:39,21.555,,,
4820,4/1/26 0:49,21.555,,,
4821,4/1/26 0:59,21.533,,,
4822,4/1/26 1:09,21.512,,,
4823,4/1/26 1:19,21.49,,,
4824,4/1/26 1:29,21.49,,,
4825,4/1/26 1:39,21.48,,,
4826,4/1/26 1:49,21.458,,,
4827,4/1/26 1:59,21.447,,,
4828,4/1/26 2:09,21.447,,,
4829,4/1/26 2:19,21.447,,,
4830,4/1/26 2:29,21.405,,,
4831,4/1/26 2:39,21.394,,,
4832,4/1/26 2:49,21.394,,,
4833,4/1/26 2:59,21.394,,,
4834,4/1/26 3:09,21.362,,,
4835,4/1/26 3:19,21.351,,,
4836,4/1/26 3:29,21.329,,,
4837,4/1/26 3:39,21.329,,,
4838,4/1/26 3:49,21.308,,,
4839,4/1/26 3:59,21.308,,,
4840,4/1/26 4:09,21.329,,,
4841,4/1/26 4:19,21.34,,,
4842,4/1/26 4:29,21.308,,,
4843,4/1/26 4:39,21.308,,,
4844,4/1/26 4:49,21.297,,,
4845,4/1/26 4:59,21.297,,,
4846,4/1/26 5:09,21.287,,,
4847,4/1/26 5:19,21.297,,,
4848,4/1/26 5:29,21.308,,,
4849,4/1/26 5:39,21.287,,,
4850,4/1/26 5:49,21.276,,,
4851,4/1/26 5:59,21.265,,,
4852,4/1/26 6:09,21.265,,,
4853,4/1/26 6:19,21.276,,,
4854,4/1/26 6:29,21.297,,,
4855,4/1/26 6:39,21.287,,,
4856,4/1/26 6:49,21.329,,,
4857,4/1/26 6:59,21.383,,,
4858,4/1/26 7:09,21.469,,,
4859,4/1/26 7:19,21.598,,,
4860,4/1/26 7:29,21.791,,,
4861,4/1/26 7:39,22.027,,,
4862,4/1/26 7:49,22.252,,,
4863,4/1/26 7:59,22.531,,,
4864,4/1/26 8:09,22.767,,,
4865,4/1/26 8:19,22.97,,,
4866,4/1/26 8:29,23.142,,,
4867,4/1/26 8:39,23.206,,,
4868,4/1/26 8:49,23.399,,,
4869,4/1/26 8:59,23.539,,,
4870,4/1/26 9:09,23.796,,,
4871,4/1/26 9:19,23.721,,,
4872,4/1/26 9:29,23.818,,,
4873,4/1/26 9:39,23.839,,,
4874,4/1/26 9:49,23.925,,,
4875,4/1/26 9:59,24.214,,,
4876,4/1/26 10:09,24.322,,,
4877,4/1/26 10:19,24.547,,,
4878,4/1/26 10:29,24.461,,,
4879,4/1/26 10:39,24.45,,,
4880,4/1/26 10:49,24.386,,,
4881,4/1/26 10:59,24.515,,,
4882,4/1/26 11:09,24.568,,,
4883,4/1/26 11:19,24.558,,,
4884,4/1/26 11:29,24.558,,,
4885,4/1/26 11:39,24.686,,,
4886,4/1/26 11:49,24.654,,,
4887,4/1/26 11:59,24.922,,,
4888,4/1/26 12:09,25.008,,,
4889,4/1/26 12:19,24.858,,,
4890,4/1/26 12:29,24.933,,,
4891,4/1/26 12:39,25.03,,,
4892,4/1/26 12:49,24.879,,,
4893,4/1/26 12:59,24.901,,,
4894,4/1/26 13:09,24.944,,,
4895,4/1/26 13:19,24.912,,,
4896,4/1/26 13:29,24.922,,,
4897,4/1/26 13:39,24.965,,,
4898,4/1/26 13:49,25.083,,,
4899,4/1/26 13:59,25.062,,,
4900,4/1/26 14:09,25.073,,,
4901,4/1/26 14:19,25.062,,,
4902,4/1/26 14:29,25.094,,,
4903,4/1/26 14:39,25.212,,,
4904,4/1/26 14:49,25.319,,,
4905,4/1/26 14:59,25.469,,,
4906,4/1/26 15:09,25.684,,,
4907,4/1/26 15:19,25.48,,,
4908,4/1/26 15:29,25.33,,,
4909,4/1/26 15:39,25.212,,,
4910,4/1/26 15:49,25.137,,,
4911,4/1/26 15:59,25.083,,,
4912,4/1/26 16:09,24.976,,,
4913,4/1/26 16:19,24.815,,,
4914,4/1/26 16:29,24.719,,,
4915,4/1/26 16:39,24.633,,,
4916,4/1/26 16:49,24.579,,,
4917,4/1/26 16:59,24.418,,,
4918,4/1/26 17:09,24.257,,,
4919,4/1/26 17:19,24.118,,,
4920,4/1/26 17:29,23.979,,,
4921,4/1/26 17:39,23.839,,,
4922,4/1/26 17:49,23.743,,,
4923,4/1/26 17:59,23.657,,,
4924,4/1/26 18:09,23.571,,,
4925,4/1/26 18:19,23.485,,,
4926,4/1/26 18:29,23.356,,,
4927,4/1/26 18:39,23.26,,,
4928,4/1/26 18:49,23.206,,,
4929,4/1/26 18:59,23.088,,,
4930,4/1/26 19:09,23.013,,,
4931,4/1/26 19:19,22.938,,,
4932,4/1/26 19:29,22.874,,,
4933,4/1/26 19:39,22.831,,,
4934,4/1/26 19:49,22.767,,,
4935,4/1/26 19:59,22.713,,,
4936,4/1/26 20:09,22.67,,,
4937,4/1/26 20:19,22.627,,,
4938,4/1/26 20:29,22.584,,,
4939,4/1/26 20:39,22.488,,,
4940,4/1/26 20:49,22.413,,,
4941,4/1/26 20:59,22.381,,,
4942,4/1/26 21:09,22.37,,,
4943,4/1/26 21:19,22.316,,,
4944,4/1/26 21:29,22.305,,,
4945,4/1/26 21:39,22.263,,,
4946,4/1/26 21:49,22.241,,,
4947,4/1/26 21:59,22.198,,,
4948,4/1/26 22:09,22.177,,,
4949,4/1/26 22:19,22.134,,,
4950,4/1/26 22:29,22.112,,,
4951,4/1/26 22:39,22.123,,,
4952,4/1/26 22:49,22.102,,,
4953,4/1/26 22:59,22.069,,,
4954,4/1/26 23:09,22.069,,,
4955,4/1/26 23:19,22.08,,,
4956,4/1/26 23:29,22.08,,,
4957,4/1/26 23:39,22.069,,,
4958,4/1/26 23:49,22.027,,,
4959,4/1/26 23:59,21.984,,,
4960,4/2/26 0:09,22.005,,,
4961,4/2/26 0:19,22.005,,,
4962,4/2/26 0:29,21.984,,,
4963,4/2/26 0:39,21.962,,,
4964,4/2/26 0:49,21.973,,,
4965,4/2/26 0:59,21.962,,,
4966,4/2/26 1:09,21.93,,,
4967,4/2/26 1:19,21.909,,,
4968,4/2/26 1:29,21.909,,,
4969,4/2/26 1:39,21.909,,,
4970,4/2/26 1:49,21.898,,,
4971,4/2/26 1:59,21.887,,,
4972,4/2/26 2:09,21.855,,,
4973,4/2/26 2:19,21.855,,,
4974,4/2/26 2:29,21.812,,,
4975,4/2/26 2:39,21.812,,,
4976,4/2/26 2:49,21.801,,,
4977,4/2/26 2:59,21.823,,,
4978,4/2/26 3:09,21.801,,,
4979,4/2/26 3:19,21.769,,,
4980,4/2/26 3:29,21.78,,,
4981,4/2/26 3:39,21.748,,,
4982,4/2/26 3:49,21.716,,,
4983,4/2/26 3:59,21.694,,,
4984,4/2/26 4:09,21.673,,,
4985,4/2/26 4:19,21.673,,,
4986,4/2/26 4:29,21.662,,,
4987,4/2/26 4:39,21.662,,,
4988,4/2/26 4:49,21.673,,,
4989,4/2/26 4:59,21.64,,,
4990,4/2/26 5:09,21.651,,,
4991,4/2/26 5:19,21.608,,,
4992,4/2/26 5:29,21.608,,,
4993,4/2/26 5:39,21.598,,,
4994,4/2/26 5:49,21.598,,,
4995,4/2/26 5:59,21.598,,,
4996,4/2/26 6:09,21.576,,,
4997,4/2/26 6:19,21.608,,,
4998,4/2/26 6:29,21.587,,,
4999,4/2/26 6:39,21.587,,,
5000,4/2/26 6:49,21.673,,,
5001,4/2/26 6:59,21.758,,,
5002,4/2/26 7:09,21.876,,,
5003,4/2/26 7:19,22.027,,,
5004,4/2/26 7:29,22.166,,,
5005,4/2/26 7:39,22.295,,,
5006,4/2/26 7:49,22.445,,,
5007,4/2/26 7:59,22.445,,,
5008,4/2/26 8:09,22.52,,,
5009,4/2/26 8:19,22.659,,,
5010,4/2/26 8:29,22.81,,,
5011,4/2/26 8:39,22.97,,,
5012,4/2/26 8:49,23.271,,,
5013,4/2/26 8:59,23.399,,,
5014,4/2/26 9:09,23.474,,,
5015,4/2/26 9:19,23.464,,,
5016,4/2/26 9:29,23.603,,,
5017,4/2/26 9:39,23.753,,,
5018,4/2/26 9:49,23.957,,,
5019,4/2/26 9:59,23.914,,,
5020,4/2/26 10:09,23.946,,,
5021,4/2/26 10:19,23.979,,,
5022,4/2/26 10:29,24.236,,,
5023,4/2/26 10:39,24.139,,,
5024,4/2/26 10:49,24.504,,,
5025,4/2/26 10:59,24.644,,,
5026,4/2/26 11:09,24.772,,,
5027,4/2/26 11:19,24.89,,,
5028,4/2/26 11:29,24.826,,,
5029,4/2/26 11:39,24.633,,,
5030,4/2/26 11:49,24.483,,,
5031,4/2/26 11:59,24.719,,,
5032,4/2/26 12:09,25.137,,,
5033,4/2/26 12:19,25.469,,,
5034,4/2/26 12:29,25.48,,,
5035,4/2/26 12:39,25.534,,,
5036,4/2/26 12:49,25.855,,,
5037,4/2/26 12:59,26.059,,,
5038,4/2/26 13:09,26.585,,,
5039,4/2/26 13:19,26.37,,,
5040,4/2/26 13:29,26.048,,,
5041,4/2/26 13:39,25.855,,,
5042,4/2/26 13:49,25.598,,,
5043,4/2/26 13:59,25.577,,,
5044,4/2/26 14:09,25.534,,,
5045,4/2/26 14:19,25.705,,,
5046,4/2/26 14:29,25.577,,,
5047,4/2/26 14:39,25.48,,,
5048,4/2/26 14:49,25.319,,,
5049,4/2/26 14:59,25.137,,,
5050,4/2/26 15:09,24.869,,,
5051,4/2/26 15:19,24.708,,,
5052,4/2/26 15:29,24.601,,,
5053,4/2/26 15:39,24.504,,,
5054,4/2/26 15:49,24.418,,,
5055,4/2/26 15:59,24.3,,,
5056,4/2/26 16:09,24.214,,,
5057,4/2/26 16:19,24.15,,,
5058,4/2/26 16:29,24.054,,,
5059,4/2/26 16:39,24,,,
5060,4/2/26 16:49,23.903,,,
5061,4/2/26 16:59,23.818,,,
5062,4/2/26 17:09,23.732,,,
5063,4/2/26 17:19,23.635,,,
5064,4/2/26 17:29,23.56,,,
5065,4/2/26 17:39,23.442,,,
5066,4/2/26 17:49,23.367,,,
5067,4/2/26 17:59,23.281,,,
5068,4/2/26 18:09,23.228,,,
5069,4/2/26 18:19,23.153,,,
5070,4/2/26 18:29,23.056,,,
5071,4/2/26 18:39,22.992,,,
5072,4/2/26 18:49,22.917,,,
5073,4/2/26 18:59,22.81,,,
5074,4/2/26 19:09,22.756,,,
5075,4/2/26 19:19,22.692,,,
5076,4/2/26 19:29,22.627,,,
5077,4/2/26 19:39,22.574,,,
5078,4/2/26 19:49,22.531,,,
5079,4/2/26 19:59,22.477,,,
5080,4/2/26 20:09,22.423,,,
5081,4/2/26 20:19,22.359,,,
5082,4/2/26 20:29,22.338,,,
5083,4/2/26 20:39,22.284,,,
5084,4/2/26 20:49,22.252,,,
5085,4/2/26 20:59,22.209,,,
5086,4/2/26 21:09,22.187,,,
5087,4/2/26 21:19,22.155,,,
5088,4/2/26 21:29,22.134,,,
5089,4/2/26 21:39,22.102,,,
5090,4/2/26 21:49,22.059,,,
5091,4/2/26 21:59,22.037,,,
5092,4/2/26 22:09,22.037,,,
5093,4/2/26 22:19,21.994,,,
5094,4/2/26 22:29,21.984,,,
5095,4/2/26 22:39,21.973,,,
5096,4/2/26 22:49,21.962,,,
5097,4/2/26 22:59,21.962,,,
5098,4/2/26 23:09,21.952,,,
5099,4/2/26 23:19,21.952,,,
5100,4/2/26 23:29,21.93,,,
5101,4/2/26 23:39,21.919,,,
5102,4/2/26 23:49,21.898,,,
5103,4/2/26 23:59,21.898,,,
5104,4/3/26 0:09,21.866,,,
5105,4/3/26 0:19,21.866,,,
5106,4/3/26 0:29,21.844,,,
5107,4/3/26 0:39,21.844,,,
5108,4/3/26 0:49,21.823,,,
5109,4/3/26 0:59,21.834,,,
5110,4/3/26 1:09,21.791,,,
5111,4/3/26 1:19,21.791,,,
5112,4/3/26 1:29,21.812,,,
5113,4/3/26 1:39,21.769,,,
5114,4/3/26 1:49,21.758,,,
5115,4/3/26 1:59,21.758,,,
5116,4/3/26 2:09,21.748,,,
5117,4/3/26 2:19,21.758,,,
5118,4/3/26 2:29,21.737,,,
5119,4/3/26 2:39,21.737,,,
5120,4/3/26 2:49,21.758,,,
5121,4/3/26 2:59,21.748,,,
5122,4/3/26 3:09,21.758,,,
5123,4/3/26 3:19,21.769,,,
5124,4/3/26 3:29,21.758,,,
5125,4/3/26 3:39,21.769,,,
5126,4/3/26 3:49,21.791,,,
5127,4/3/26 3:59,21.78,,,
5128,4/3/26 4:09,21.801,,,
5129,4/3/26 4:19,21.791,,,
5130,4/3/26 4:29,21.801,,,
5131,4/3/26 4:39,21.791,,,
5132,4/3/26 4:49,21.801,,,
5133,4/3/26 4:59,21.791,,,
5134,4/3/26 5:09,21.791,,,
5135,4/3/26 5:19,21.78,,,
5136,4/3/26 5:29,21.758,,,
5137,4/3/26 5:39,21.748,,,
5138,4/3/26 5:49,21.737,,,
5139,4/3/26 5:59,21.705,,,
5140,4/3/26 6:09,21.705,,,
5141,4/3/26 6:19,21.705,,,
5142,4/3/26 6:29,21.726,,,
5143,4/3/26 6:39,21.694,,,
5144,4/3/26 6:49,21.716,,,
5145,4/3/26 6:59,21.694,,,
5146,4/3/26 7:09,21.737,,,
5147,4/3/26 7:19,21.834,,,
5148,4/3/26 7:29,22.027,,,
5149,4/3/26 7:39,22.187,,,
5150,4/3/26 7:49,22.359,,,
5151,4/3/26 7:59,22.541,,,
5152,4/3/26 8:09,22.734,,,
5153,4/3/26 8:19,22.831,,,
5154,4/3/26 8:29,22.874,,,
5155,4/3/26 8:39,22.992,,,
5156,4/3/26 8:49,23.41,,,
5157,4/3/26 8:59,23.41,,,
5158,4/3/26 9:09,23.614,,,
5159,4/3/26 9:19,23.957,,,
5160,4/3/26 9:29,24.172,,,
5161,4/3/26 9:39,24.408,,,
5162,4/3/26 9:49,24.611,,,
5163,4/3/26 9:59,24.837,,,
5164,4/3/26 10:09,25.04,,,
5165,4/3/26 10:19,25.212,,,
5166,4/3/26 10:29,25.351,,,
5167,4/3/26 10:39,25.523,,,
5168,4/3/26 10:49,25.684,,,
5169,4/3/26 10:59,25.813,,,
5170,4/3/26 11:09,25.909,,,
5171,4/3/26 11:19,26.006,,,
5172,4/3/26 11:29,26.113,,,
5173,4/3/26 11:39,26.199,,,
5174,4/3/26 11:49,26.274,,,
5175,4/3/26 11:59,26.36,,,
5176,4/3/26 12:09,26.477,,,
5177,4/3/26 12:19,26.52,,,
5178,4/3/26 12:29,26.542,,,
5179,4/3/26 12:39,26.499,,,
5180,4/3/26 12:49,26.585,,,
5181,4/3/26 12:59,26.649,,,
5182,4/3/26 13:09,26.746,,,
5183,4/3/26 13:19,26.831,,,
5184,4/3/26 13:29,26.756,,,
5185,4/3/26 13:39,26.789,,,
5186,4/3/26 13:49,26.746,,,
5187,4/3/26 13:59,26.724,,,
5188,4/3/26 14:09,26.638,,,
5189,4/3/26 14:19,26.413,,,
5190,4/3/26 14:29,26.327,,,
5191,4/3/26 14:39,26.317,,,
5192,4/3/26 14:49,26.242,,,
5193,4/3/26 14:59,26.081,,,
5194,4/3/26 15:09,26.006,,,
5195,4/3/26 15:19,25.952,,,
5196,4/3/26 15:29,25.823,,,
5197,4/3/26 15:39,25.641,,,
5198,4/3/26 15:49,25.502,,,
5199,4/3/26 15:59,25.373,,,
5200,4/3/26 16:09,25.266,,,
5201,4/3/26 16:19,25.105,,,
5202,4/3/26 16:29,24.901,,,
5203,4/3/26 16:39,24.772,,,
5204,4/3/26 16:49,24.708,,,
5205,4/3/26 16:59,24.622,,,
5206,4/3/26 17:09,24.526,,,
5207,4/3/26 17:19,24.386,,,
5208,4/3/26 17:29,24.225,,,
5209,4/3/26 17:39,24.075,,,
5210,4/3/26 17:49,23.925,,,
5211,4/3/26 17:59,23.807,,,
5212,4/3/26 18:09,23.678,,,
5213,4/3/26 18:19,23.56,,,
5214,4/3/26 18:29,23.442,,,
5215,4/3/26 18:39,23.356,,,
5216,4/3/26 18:49,23.271,,,
5217,4/3/26 18:59,23.163,,,
5218,4/3/26 19:09,23.131,,,
5219,4/3/26 19:19,23.056,,,
5220,4/3/26 19:29,23.003,,,
5221,4/3/26 19:39,22.938,,,
5222,4/3/26 19:49,22.874,,,
5223,4/3/26 19:59,22.842,,,
5224,4/3/26 20:09,22.788,,,
5225,4/3/26 20:19,22.734,,,
5226,4/3/26 20:29,22.692,,,
5227,4/3/26 20:39,22.606,,,
5228,4/3/26 20:49,22.541,,,
5229,4/3/26 20:59,22.498,,,
5230,4/3/26 21:09,22.488,,,
5231,4/3/26 21:19,22.477,,,
5232,4/3/26 21:29,22.477,,,
5233,4/3/26 21:39,22.445,,,
5234,4/3/26 21:49,22.423,,,
5235,4/3/26 21:59,22.413,,,
5236,4/3/26 22:09,22.37,,,
5237,4/3/26 22:19,22.338,,,
5238,4/3/26 22:29,22.327,,,
5239,4/3/26 22:39,22.316,,,
5240,4/3/26 22:49,22.295,,,
5241,4/3/26 22:59,22.273,,,
5242,4/3/26 23:09,22.263,,,
5243,4/3/26 23:19,22.209,,,
5244,4/3/26 23:29,22.209,,,
5245,4/3/26 23:39,22.23,,,
5246,4/3/26 23:49,22.209,,,
5247,4/3/26 23:59,22.198,,,
5248,4/4/26 0:09,22.187,,,
5249,4/4/26 0:19,22.187,,,
5250,4/4/26 0:29,22.166,,,
5251,4/4/26 0:39,22.145,,,
5252,4/4/26 0:49,22.145,,,
5253,4/4/26 0:59,22.166,,,
5254,4/4/26 1:09,22.145,,,
5255,4/4/26 1:19,22.166,,,
5256,4/4/26 1:29,22.134,,,
5257,4/4/26 1:39,22.123,,,
5258,4/4/26 1:49,22.155,,,
5259,4/4/26 1:59,22.145,,,
5260,4/4/26 2:09,22.134,,,
5261,4/4/26 2:19,22.102,,,
5262,4/4/26 2:29,22.069,,,
5263,4/4/26 2:39,22.069,,,
5264,4/4/26 2:49,22.069,,,
5265,4/4/26 2:59,22.08,,,
5266,4/4/26 3:09,22.069,,,
5267,4/4/26 3:19,22.027,,,
5268,4/4/26 3:29,22.005,,,
5269,4/4/26 3:39,22.016,,,
5270,4/4/26 3:49,22.016,,,
5271,4/4/26 3:59,21.994,,,
5272,4/4/26 4:09,21.973,,,
5273,4/4/26 4:19,21.973,,,
5274,4/4/26 4:29,21.941,,,
5275,4/4/26 4:39,21.919,,,
5276,4/4/26 4:49,21.941,,,
5277,4/4/26 4:59,21.93,,,
5278,4/4/26 5:09,21.909,,,
5279,4/4/26 5:19,21.876,,,
5280,4/4/26 5:29,21.876,,,
5281,4/4/26 5:39,21.866,,,
5282,4/4/26 5:49,21.844,,,
5283,4/4/26 5:59,21.844,,,
5284,4/4/26 6:09,21.834,,,
5285,4/4/26 6:19,21.844,,,
5286,4/4/26 6:29,21.834,,,
5287,4/4/26 6:39,21.855,,,
5288,4/4/26 6:49,21.898,,,
5289,4/4/26 6:59,22.005,,,
5290,4/4/26 7:09,22.112,,,
5291,4/4/26 7:19,22.155,,,
5292,4/4/26 7:29,22.177,,,
5293,4/4/26 7:39,22.284,,,
5294,4/4/26 7:49,22.434,,,
5295,4/4/26 7:59,22.606,,,
5296,4/4/26 8:09,22.713,,,
5297,4/4/26 8:19,22.756,,,
5298,4/4/26 8:29,22.895,,,
5299,4/4/26 8:39,23.035,,,
5300,4/4/26 8:49,23.078,,,
5301,4/4/26 8:59,23.131,,,
5302,4/4/26 9:09,23.442,,,
5303,4/4/26 9:19,23.378,,,
5304,4/4/26 9:29,23.496,,,
5305,4/4/26 9:39,23.528,,,
5306,4/4/26 9:49,23.785,,,
5307,4/4/26 9:59,23.871,,,
5308,4/4/26 10:09,23.893,,,
5309,4/4/26 10:19,23.946,,,
5310,4/4/26 10:29,24.011,,,
5311,4/4/26 10:39,24.129,,,
5312,4/4/26 10:49,24.332,,,
5313,4/4/26 10:59,24.45,,,
5314,4/4/26 11:09,24.751,,,
5315,4/4/26 11:19,24.783,,,
5316,4/4/26 11:29,24.719,,,
5317,4/4/26 11:39,24.976,,,
5318,4/4/26 11:49,25.233,,,
5319,4/4/26 11:59,25.448,,,
5320,4/4/26 12:09,25.502,,,
5321,4/4/26 12:19,25.587,,,
5322,4/4/26 12:29,25.823,,,
5323,4/4/26 12:39,26.177,,,
5324,4/4/26 12:49,26.274,,,
5325,4/4/26 12:59,26.37,,,
5326,4/4/26 13:09,26.435,,,
5327,4/4/26 13:19,26.467,,,
5328,4/4/26 13:29,26.606,,,
5329,4/4/26 13:39,26.628,,,
5330,4/4/26 13:49,26.81,,,
5331,4/4/26 13:59,26.724,,,
5332,4/4/26 14:09,26.789,,,
5333,4/4/26 14:19,26.724,,,
5334,4/4/26 14:29,26.713,,,
5335,4/4/26 14:39,26.81,,,
5336,4/4/26 14:49,26.767,,,
5337,4/4/26 14:59,26.831,,,
5338,4/4/26 15:09,27.035,,,
5339,4/4/26 15:19,26.949,,,
5340,4/4/26 15:29,26.724,,,
5341,4/4/26 15:39,26.585,,,
5342,4/4/26 15:49,26.488,,,
5343,4/4/26 15:59,26.402,,,
5344,4/4/26 16:09,26.263,,,
5345,4/4/26 16:19,26.091,,,
5346,4/4/26 16:29,25.963,,,
5347,4/4/26 16:39,25.813,,,
5348,4/4/26 16:49,25.63,,,
5349,4/4/26 16:59,25.448,,,
5350,4/4/26 17:09,25.244,,,
5351,4/4/26 17:19,25.019,,,
5352,4/4/26 17:29,24.837,,,
5353,4/4/26 17:39,24.654,,,
5354,4/4/26 17:49,24.418,,,
5355,4/4/26 17:59,24.204,,,
5356,4/4/26 18:09,24.043,,,
5357,4/4/26 18:19,23.893,,,
5358,4/4/26 18:29,23.743,,,
5359,4/4/26 18:39,23.614,,,
5360,4/4/26 18:49,23.485,,,
5361,4/4/26 18:59,23.389,,,
5362,4/4/26 19:09,23.271,,,
5363,4/4/26 19:19,23.185,,,
5364,4/4/26 19:29,23.11,,,
5365,4/4/26 19:39,23.045,,,
5366,4/4/26 19:49,22.981,,,
5367,4/4/26 19:59,22.927,,,
5368,4/4/26 20:09,22.885,,,
5369,4/4/26 20:19,22.81,,,
5370,4/4/26 20:29,22.767,,,
5371,4/4/26 20:39,22.745,,,
5372,4/4/26 20:49,22.713,,,
5373,4/4/26 20:59,22.649,,,
5374,4/4/26 21:09,22.616,,,
5375,4/4/26 21:19,22.616,,,
5376,4/4/26 21:29,22.595,,,
5377,4/4/26 21:39,22.574,,,
5378,4/4/26 21:49,22.52,,,
5379,4/4/26 21:59,22.456,,,
5380,4/4/26 22:09,22.423,,,
5381,4/4/26 22:19,22.381,,,
5382,4/4/26 22:29,22.348,,,
5383,4/4/26 22:39,22.316,,,
5384,4/4/26 22:49,22.284,,,
5385,4/4/26 22:59,22.263,,,
5386,4/4/26 23:09,22.209,,,
5387,4/4/26 23:19,22.198,,,
5388,4/4/26 23:29,22.166,,,
5389,4/4/26 23:39,22.145,,,
5390,4/4/26 23:49,22.112,,,
5391,4/4/26 23:59,22.102,,,
5392,4/5/26 0:09,22.091,,,
5393,4/5/26 0:19,22.08,,,
5394,4/5/26 0:29,22.037,,,
5395,4/5/26 0:39,22.027,,,
5396,4/5/26 0:49,22.059,,,
5397,4/5/26 0:59,22.059,,,
5398,4/5/26 1:09,22.069,,,
5399,4/5/26 1:19,22.08,,,
5400,4/5/26 1:29,22.08,,,
5401,4/5/26 1:39,22.091,,,
5402,4/5/26 1:49,22.102,,,
5403,4/5/26 1:59,22.102,,,
5404,4/5/26 2:09,22.102,,,
5405,4/5/26 2:19,22.123,,,
5406,4/5/26 2:29,22.091,,,
5407,4/5/26 2:39,22.091,,,
5408,4/5/26 2:49,22.069,,,
5409,4/5/26 2:59,22.08,,,
5410,4/5/26 3:09,22.112,,,
5411,4/5/26 3:19,22.134,,,
5412,4/5/26 3:29,22.145,,,
5413,4/5/26 3:39,22.145,,,
5414,4/5/26 3:49,22.166,,,
5415,4/5/26 3:59,22.209,,,
5416,4/5/26 4:09,22.23,,,
5417,4/5/26 4:19,22.23,,,
5418,4/5/26 4:29,22.273,,,
5419,4/5/26 4:39,22.316,,,
5420,4/5/26 4:49,22.338,,,
5421,4/5/26 4:59,22.338,,,
5422,4/5/26 5:09,22.37,,,
5423,4/5/26 5:19,22.381,,,
5424,4/5/26 5:29,22.359,,,
5425,4/5/26 5:39,22.348,,,
5426,4/5/26 5:49,22.305,,,
5427,4/5/26 5:59,22.305,,,
5428,4/5/26 6:09,22.305,,,
5429,4/5/26 6:19,22.284,,,
5430,4/5/26 6:29,22.273,,,
5431,4/5/26 6:39,22.273,,,
5432,4/5/26 6:49,22.284,,,
5433,4/5/26 6:59,22.359,,,
5434,4/5/26 7:09,22.498,,,
5435,4/5/26 7:19,22.702,,,
5436,4/5/26 7:29,22.799,,,
5437,4/5/26 7:39,22.831,,,
5438,4/5/26 7:49,22.917,,,
5439,4/5/26 7:59,23.067,,,
5440,4/5/26 8:09,23.249,,,
5441,4/5/26 8:19,23.464,,,
5442,4/5/26 8:29,23.657,,,
5443,4/5/26 8:39,23.85,,,
5444,4/5/26 8:49,24.172,,,
5445,4/5/26 8:59,24.3,,,
5446,4/5/26 9:09,24.365,,,
5447,4/5/26 9:19,24.418,,,
5448,4/5/26 9:29,24.418,,,
5449,4/5/26 9:39,24.45,,,
5450,4/5/26 9:49,24.633,,,
5451,4/5/26 9:59,24.633,,,
5452,4/5/26 10:09,24.654,,,
5453,4/5/26 10:19,24.708,,,
5454,4/5/26 10:29,24.997,,,
5455,4/5/26 10:39,24.912,,,
5456,4/5/26 10:49,24.912,,,
5457,4/5/26 10:59,25.051,,,
5458,4/5/26 11:09,25.073,,,
5459,4/5/26 11:19,25.051,,,
5460,4/5/26 11:29,25.416,,,
5461,4/5/26 11:39,25.276,,,
5462,4/5/26 11:49,25.19,,,
5463,4/5/26 11:59,25.233,,,
5464,4/5/26 12:09,25.169,,,
5465,4/5/26 12:19,25.341,,,
5466,4/5/26 12:29,25.416,,,
5467,4/5/26 12:39,25.373,,,
5468,4/5/26 12:49,25.351,,,
5469,4/5/26 12:59,25.362,,,
5470,4/5/26 13:09,25.373,,,
5471,4/5/26 13:19,25.266,,,
5472,4/5/26 13:29,25.115,,,
5473,4/5/26 13:39,25.094,,,
5474,4/5/26 13:49,25.244,,,
5475,4/5/26 13:59,25.266,,,
5476,4/5/26 14:09,25.298,,,
5477,4/5/26 14:19,25.233,,,
5478,4/5/26 14:29,24.161,,,
5479,4/5/26 14:39,24.837,,,
5480,4/5/26 14:49,24.804,,,
5481,4/5/26 14:59,24.708,,,
5482,4/5/26 15:09,24.654,,,
5483,4/5/26 15:19,24.644,,,
5484,4/5/26 15:29,24.644,,,
5485,4/5/26 15:39,24.622,,,
5486,4/5/26 15:49,24.611,,,
5487,4/5/26 15:59,24.601,,,
5488,4/5/26 16:09,24.493,,,
5489,4/5/26 16:19,24.418,,,
5490,4/5/26 16:29,24.375,,,
5491,4/5/26 16:39,24.354,,,
5492,4/5/26 16:49,24.332,,,
5493,4/5/26 16:59,24.268,,,
5494,4/5/26 17:09,24.15,,,
5495,4/5/26 17:19,24.064,,,
5496,4/5/26 17:29,23.979,,,
5497,4/5/26 17:39,23.914,,,
5498,4/5/26 17:49,23.828,,,
5499,4/5/26 17:59,23.743,,,
5500,4/5/26 18:09,23.71,,,
5501,4/5/26 18:19,23.614,,,
5502,4/5/26 18:29,23.582,,,
5503,4/5/26 18:39,23.528,,,
5504,4/5/26 18:49,23.464,,,
5505,4/5/26 18:59,23.41,,,
5506,4/5/26 19:09,23.346,,,
5507,4/5/26 19:19,23.281,,,
5508,4/5/26 19:29,23.206,,,
5509,4/5/26 19:39,23.153,,,
5510,4/5/26 19:49,23.099,,,
5511,4/5/26 19:59,23.045,,,
5512,4/5/26 20:09,22.981,,,
5513,4/5/26 20:19,22.938,,,
5514,4/5/26 20:29,22.885,,,
5515,4/5/26 20:39,22.874,,,
5516,4/5/26 20:49,22.874,,,
5517,4/5/26 20:59,22.831,,,
5518,4/5/26 21:09,22.81,,,
5519,4/5/26 21:19,22.745,,,
5520,4/5/26 21:29,22.692,,,
5521,4/5/26 21:39,22.681,,,
5522,4/5/26 21:49,22.681,,,
5523,4/5/26 21:59,22.681,,,
5524,4/5/26 22:09,22.659,,,
5525,4/5/26 22:19,22.659,,,
5526,4/5/26 22:29,22.681,,,
5527,4/5/26 22:39,22.649,,,
5528,4/5/26 22:49,22.638,,,
5529,4/5/26 22:59,22.659,,,
5530,4/5/26 23:09,22.649,,,
5531,4/5/26 23:19,22.606,,,
5532,4/5/26 23:29,22.627,,,
5533,4/5/26 23:39,22.638,,,
5534,4/5/26 23:49,22.638,,,
5535,4/5/26 23:59,22.638,,,
5536,4/6/26 0:09,22.659,,,
5537,4/6/26 0:19,22.659,,,
5538,4/6/26 0:29,22.681,,,
5539,4/6/26 0:39,22.681,,,
5540,4/6/26 0:49,22.702,,,
5541,4/6/26 0:59,22.724,,,
5542,4/6/26 1:09,22.713,,,
5543,4/6/26 1:19,22.745,,,
5544,4/6/26 1:29,22.734,,,
5545,4/6/26 1:39,22.734,,,
5546,4/6/26 1:49,22.767,,,
5547,4/6/26 1:59,22.788,,,
5548,4/6/26 2:09,22.745,,,
5549,4/6/26 2:19,22.777,,,
5550,4/6/26 2:29,22.799,,,
5551,4/6/26 2:39,22.799,,,
5552,4/6/26 2:49,22.799,,,
5553,4/6/26 2:59,22.81,,,
5554,4/6/26 3:09,22.831,,,
5555,4/6/26 3:19,22.842,,,
5556,4/6/26 3:29,22.842,,,
5557,4/6/26 3:39,22.842,,,
5558,4/6/26 3:49,22.842,,,
5559,4/6/26 3:59,22.82,,,
5560,4/6/26 4:09,22.831,,,
5561,4/6/26 4:19,22.82,,,
5562,4/6/26 4:29,22.82,,,
5563,4/6/26 4:39,22.81,,,
5564,4/6/26 4:49,22.842,,,
5565,4/6/26 4:59,22.842,,,
5566,4/6/26 5:09,22.852,,,
5567,4/6/26 5:19,22.842,,,
5568,4/6/26 5:29,22.852,,,
5569,4/6/26 5:39,22.874,,,
5570,4/6/26 5:49,22.863,,,
5571,4/6/26 5:59,22.852,,,
5572,4/6/26 6:09,22.81,,,
5573,4/6/26 6:19,22.799,,,
5574,4/6/26 6:29,22.82,,,
5575,4/6/26 6:39,22.81,,,
5576,4/6/26 6:49,22.82,,,
5577,4/6/26 6:59,22.874,,,
5578,4/6/26 7:09,22.938,,,
5579,4/6/26 7:19,22.917,,,
5580,4/6/26 7:29,22.938,,,
5581,4/6/26 7:39,22.97,,,
5582,4/6/26 7:49,23.013,,,
5583,4/6/26 7:59,23.078,,,
5584,4/6/26 8:09,23.163,,,
5585,4/6/26 8:19,23.249,,,
5586,4/6/26 8:29,23.314,,,
5587,4/6/26 8:39,23.346,,,
5588,4/6/26 8:49,23.432,,,
5589,4/6/26 8:59,23.55,,,
5590,4/6/26 9:09,23.903,,,
5591,4/6/26 9:19,24.161,,,
5592,4/6/26 9:29,24.322,,,
5593,4/6/26 9:39,24.354,,,
5594,4/6/26 9:49,24.472,,,
5595,4/6/26 9:59,24.622,,,
5596,4/6/26 10:09,24.761,,,
5597,4/6/26 10:19,24.837,,,
5598,4/6/26 10:29,24.965,,,
5599,4/6/26 10:39,24.997,,,
5600,4/6/26 10:49,25.094,,,
5601,4/6/26 10:59,25.201,,,
5602,4/6/26 11:09,25.362,,,
5603,4/6/26 11:19,25.727,,,
5604,4/6/26 11:29,25.973,,,
5605,4/6/26 11:39,26.242,,,
5606,4/6/26 11:49,26.445,,,
5607,4/6/26 11:59,26.606,,,
5608,4/6/26 12:09,26.606,,,
5609,4/6/26 12:19,26.917,,,
5610,4/6/26 12:29,27.046,,,
5611,4/6/26 12:39,27.336,,,
5612,4/6/26 12:49,27.142,,,
5613,4/6/26 12:59,27.314,,,
5614,4/6/26 13:09,27.475,,,
5615,4/6/26 13:19,27.475,,,
5616,4/6/26 13:29,27.55,,,
5617,4/6/26 13:39,27.207,,,
5618,4/6/26 13:49,27.368,,,
5619,4/6/26 13:59,27.421,,,
5620,4/6/26 14:09,27.421,,,
5621,4/6/26 14:19,27.089,,,
5622,4/6/26 14:29,27.164,,,
5623,4/6/26 14:39,27.185,,,
5624,4/6/26 14:49,27.218,,,
5625,4/6/26 14:59,27.164,,,
5626,4/6/26 15:09,27.089,,,
5627,4/6/26 15:19,27.046,,,
5628,4/6/26 15:29,27.014,,,
5629,4/6/26 15:39,26.906,,,
5630,4/6/26 15:49,26.81,,,
5631,4/6/26 15:59,26.724,,,
5632,4/6/26 16:09,26.585,,,
5633,4/6/26 16:19,26.402,,,
5634,4/6/26 16:29,26.242,,,
5635,4/6/26 16:39,26.091,,,
5636,4/6/26 16:49,25.898,,,
5637,4/6/26 16:59,25.727,,,
5638,4/6/26 17:09,25.534,,,
5639,4/6/26 17:19,25.373,,,
5640,4/6/26 17:29,25.266,,,
5641,4/6/26 17:39,25.126,,,
5642,4/6/26 17:49,25.019,,,
5643,4/6/26 17:59,24.879,,,
5644,4/6/26 18:09,24.761,,,
5645,4/6/26 18:19,24.654,,,
5646,4/6/26 18:29,24.536,,,
5647,4/6/26 18:39,24.429,,,
5648,4/6/26 18:49,24.343,,,
5649,4/6/26 18:59,24.29,,,
5650,4/6/26 19:09,24.204,,,
5651,4/6/26 19:19,24.129,,,
5652,4/6/26 19:29,24.075,,,
5653,4/6/26 19:39,24.011,,,
5654,4/6/26 19:49,23.979,,,
5655,4/6/26 19:59,23.914,,,
5656,4/6/26 20:09,23.893,,,
5657,4/6/26 20:19,23.828,,,
5658,4/6/26 20:29,23.785,,,
5659,4/6/26 20:39,23.732,,,
5660,4/6/26 20:49,23.689,,,
5661,4/6/26 20:59,23.614,,,
5662,4/6/26 21:09,23.56,,,
5663,4/6/26 21:19,23.496,,,
5664,4/6/26 21:29,23.453,,,
5665,4/6/26 21:39,23.41,,,
5666,4/6/26 21:49,23.335,,,
5667,4/6/26 21:59,23.303,,,
5668,4/6/26 22:09,23.281,,,
5669,4/6/26 22:19,23.249,,,
5670,4/6/26 22:29,23.26,,,
5671,4/6/26 22:39,23.249,,,
5672,4/6/26 22:49,23.228,,,
5673,4/6/26 22:59,23.217,,,
5674,4/6/26 23:09,23.196,,,
5675,4/6/26 23:19,23.185,,,
5676,4/6/26 23:29,23.217,,,
5677,4/6/26 23:39,23.217,,,
5678,4/6/26 23:49,23.206,,,
5679,4/6/26 23:59,23.206,,,
5680,4/7/26 0:09,23.217,,,
5681,4/7/26 0:19,23.206,,,
5682,4/7/26 0:29,23.196,,,
5683,4/7/26 0:39,23.196,,,
5684,4/7/26 0:49,23.206,,,
5685,4/7/26 0:59,23.185,,,
5686,4/7/26 1:09,23.185,,,
5687,4/7/26 1:19,23.142,,,
5688,4/7/26 1:29,23.142,,,
5689,4/7/26 1:39,23.142,,,
5690,4/7/26 1:49,23.088,,,
5691,4/7/26 1:59,23.078,,,
5692,4/7/26 2:09,23.078,,,
5693,4/7/26 2:19,23.013,,,
5694,4/7/26 2:29,22.992,,,
5695,4/7/26 2:39,22.981,,,
5696,4/7/26 2:49,22.938,,,
5697,4/7/26 2:59,22.895,,,
5698,4/7/26 3:09,22.863,,,
5699,4/7/26 3:19,22.863,,,
5700,4/7/26 3:29,22.81,,,
5701,4/7/26 3:39,22.777,,,
5702,4/7/26 3:49,22.745,,,
5703,4/7/26 3:59,22.713,,,
5704,4/7/26 4:09,22.713,,,
5705,4/7/26 4:19,22.713,,,
5706,4/7/26 4:29,22.681,,,
5707,4/7/26 4:39,22.659,,,
5708,4/7/26 4:49,22.681,,,
5709,4/7/26 4:59,22.649,,,
5710,4/7/26 5:09,22.638,,,
5711,4/7/26 5:19,22.638,,,
5712,4/7/26 5:29,22.638,,,
5713,4/7/26 5:39,22.638,,,
5714,4/7/26 5:49,22.659,,,
5715,4/7/26 5:59,22.606,,,
5716,4/7/26 6:09,22.627,,,
5717,4/7/26 6:19,22.649,,,
5718,4/7/26 6:29,22.659,,,
5719,4/7/26 6:39,22.681,,,
5720,4/7/26 6:49,22.713,,,
5721,4/7/26 6:59,22.756,,,
5722,4/7/26 7:09,22.81,,,
5723,4/7/26 7:19,22.874,,,
5724,4/7/26 7:29,22.927,,,
5725,4/7/26 7:39,22.97,,,
5726,4/7/26 7:49,23.056,,,
5727,4/7/26 7:59,23.11,,,
5728,4/7/26 8:09,23.228,,,
5729,4/7/26 8:19,23.41,,,
5730,4/7/26 8:29,23.7,,,
5731,4/7/26 8:39,24.172,,,
5732,4/7/26 8:49,24.59,,,
5733,4/7/26 8:59,24.794,,,
5734,4/7/26 9:09,24.944,,,
5735,4/7/26 9:19,25.083,,,
5736,4/7/26 9:29,25.094,,,
5737,4/7/26 9:39,25.083,,,
5738,4/7/26 9:49,25.105,,,
5739,4/7/26 9:59,25.266,,,
5740,4/7/26 10:09,25.266,,,
5741,4/7/26 10:19,25.308,,,
5742,4/7/26 10:29,25.362,,,
5743,4/7/26 10:39,25.888,,,
5744,4/7/26 10:49,26.199,,,
5745,4/7/26 10:59,26.22,,,
5746,4/7/26 11:09,26.767,,,
5747,4/7/26 11:19,26.402,,,
5748,4/7/26 11:29,26.81,,,
5749,4/7/26 11:39,26.51,,,
5750,4/7/26 11:49,26.317,,,
5751,4/7/26 11:59,26.327,,,
5752,4/7/26 12:09,26.317,,,
5753,4/7/26 12:19,26.263,,,
5754,4/7/26 12:29,26.166,,,
5755,4/7/26 12:39,26.102,,,
5756,4/7/26 12:49,25.952,,,
5757,4/7/26 12:59,25.834,,,
5758,4/7/26 13:09,25.802,,,
5759,4/7/26 13:19,25.77,,,
5760,4/7/26 13:29,25.737,,,
5761,4/7/26 13:39,25.673,,,
5762,4/7/26 13:49,25.673,,,
5763,4/7/26 13:59,25.727,,,
5764,4/7/26 14:09,25.673,,,
5765,4/7/26 14:19,25.619,,,
5766,4/7/26 14:29,25.448,,,
5767,4/7/26 14:39,25.341,,,
5768,4/7/26 14:49,25.341,,,
5769,4/7/26 14:59,25.319,,,
5770,4/7/26 15:09,25.266,,,
5771,4/7/26 15:19,25.19,,,
5772,4/7/26 15:29,25.115,,,
5773,4/7/26 15:39,25.094,,,
5774,4/7/26 15:49,25.03,,,
5775,4/7/26 15:59,24.933,,,
5776,4/7/26 16:09,24.794,,,
5777,4/7/26 16:19,24.761,,,
5778,4/7/26 16:29,24.686,,,
5779,4/7/26 16:39,24.644,,,
5780,4/7/26 16:49,24.633,,,
5781,4/7/26 16:59,24.611,,,
5782,4/7/26 17:09,24.579,,,
5783,4/7/26 17:19,24.568,,,
5784,4/7/26 17:29,24.504,,,
5785,4/7/26 17:39,24.418,,,
5786,4/7/26 17:49,24.3,,,
5787,4/7/26 17:59,24.225,,,
5788,4/7/26 18:09,24.182,,,
5789,4/7/26 18:19,24.139,,,
5790,4/7/26 18:29,24.107,,,
5791,4/7/26 18:39,24.064,,,
5792,4/7/26 18:49,24.032,,,
5793,4/7/26 18:59,23.989,,,
5794,4/7/26 19:09,23.936,,,
5795,4/7/26 19:19,23.871,,,
5796,4/7/26 19:29,23.871,,,
5797,4/7/26 19:39,23.818,,,
5798,4/7/26 19:49,23.785,,,
5799,4/7/26 19:59,23.743,,,
5800,4/7/26 20:09,23.721,,,
5801,4/7/26 20:19,23.71,,,
5802,4/7/26 20:29,23.7,,,
5803,4/7/26 20:39,23.646,,,
5804,4/7/26 20:49,23.625,,,
5805,4/7/26 20:59,23.603,,,
5806,4/7/26 21:09,23.517,,,
5807,4/7/26 21:19,23.496,,,
5808,4/7/26 21:29,23.464,,,
5809,4/7/26 21:39,23.432,,,
5810,4/7/26 21:49,23.389,,,
5811,4/7/26 21:59,23.346,,,
5812,4/7/26 22:09,23.346,,,
5813,4/7/26 22:19,23.314,,,
5814,4/7/26 22:29,23.281,,,
5815,4/7/26 22:39,23.239,,,
5816,4/7/26 22:49,23.239,,,
5817,4/7/26 22:59,23.206,,,
5818,4/7/26 23:09,23.196,,,
5819,4/7/26 23:19,23.174,,,
5820,4/7/26 23:29,23.174,,,
5821,4/7/26 23:39,23.131,,,
5822,4/7/26 23:49,23.078,,,
5823,4/7/26 23:59,23.078,,,
5824,4/8/26 0:09,23.056,,,
5825,4/8/26 0:19,23.024,,,
5826,4/8/26 0:29,23.013,,,
5827,4/8/26 0:39,22.97,,,
5828,4/8/26 0:49,22.96,,,
5829,4/8/26 0:59,22.949,,,
5830,4/8/26 1:09,22.938,,,
5831,4/8/26 1:19,22.917,,,
5832,4/8/26 1:29,22.906,,,
5833,4/8/26 1:39,22.938,,,
5834,4/8/26 1:49,22.906,,,
5835,4/8/26 1:59,22.895,,,
5836,4/8/26 2:09,22.906,,,
5837,4/8/26 2:19,22.874,,,
5838,4/8/26 2:29,22.852,,,
5839,4/8/26 2:39,22.863,,,
5840,4/8/26 2:49,22.831,,,
5841,4/8/26 2:59,22.81,,,
5842,4/8/26 3:09,22.767,,,
5843,4/8/26 3:19,22.777,,,
5844,4/8/26 3:29,22.756,,,
5845,4/8/26 3:39,22.734,,,
5846,4/8/26 3:49,22.734,,,
5847,4/8/26 3:59,22.692,,,
5848,4/8/26 4:09,22.702,,,
5849,4/8/26 4:19,22.659,,,
5850,4/8/26 4:29,22.659,,,
5851,4/8/26 4:39,22.649,,,
5852,4/8/26 4:49,22.638,,,
5853,4/8/26 4:59,22.606,,,
5854,4/8/26 5:09,22.627,,,
5855,4/8/26 5:19,22.627,,,
5856,4/8/26 5:29,22.606,,,
5857,4/8/26 5:39,22.627,,,
5858,4/8/26 5:49,22.627,,,
5859,4/8/26 5:59,22.627,,,
5860,4/8/26 6:09,22.638,,,
5861,4/8/26 6:19,22.649,,,
5862,4/8/26 6:29,22.638,,,
5863,4/8/26 6:39,22.681,,,
5864,4/8/26 6:49,22.777,,,
5865,4/8/26 6:59,22.96,,,
5866,4/8/26 7:09,23.153,,,
5867,4/8/26 7:19,23.389,,,
5868,4/8/26 7:29,23.614,,,
5869,4/8/26 7:39,23.785,,,
5870,4/8/26 7:49,23.914,,,
5871,4/8/26 7:59,24.032,,,
5872,4/8/26 8:09,24.086,,,
5873,4/8/26 8:19,24.193,,,
5874,4/8/26 8:29,24.332,,,
5875,4/8/26 8:39,24.44,,,
5876,4/8/26 8:49,24.611,,,
5877,4/8/26 8:59,24.869,,,
5878,4/8/26 9:09,25.04,,,
5879,4/8/26 9:19,25.169,,,
5880,4/8/26 9:29,25.255,,,
5881,4/8/26 9:39,25.384,,,
5882,4/8/26 9:49,25.48,,,
5883,4/8/26 9:59,25.609,,,
5884,4/8/26 10:09,25.77,,,
5885,4/8/26 10:19,25.845,,,
5886,4/8/26 10:29,25.931,,,
5887,4/8/26 10:39,26.006,,,
5888,4/8/26 10:49,26.091,,,
5889,4/8/26 10:59,26.22,,,
5890,4/8/26 11:09,26.306,,,
5891,4/8/26 11:19,26.36,,,
5892,4/8/26 11:29,26.402,,,
5893,4/8/26 11:39,26.402,,,
5894,4/8/26 11:49,26.36,,,
5895,4/8/26 11:59,26.338,,,
5896,4/8/26 12:09,26.349,,,
5897,4/8/26 12:19,26.295,,,
5898,4/8/26 12:29,26.338,,,
5899,4/8/26 12:39,26.36,,,
5900,4/8/26 12:49,26.36,,,
5901,4/8/26 12:59,26.274,,,
5902,4/8/26 13:09,26.231,,,
5903,4/8/26 13:19,26.177,,,
5904,4/8/26 13:29,26.102,,,
5905,4/8/26 13:39,26.038,,,
5906,4/8/26 13:49,25.909,,,
5907,4/8/26 13:59,25.823,,,
5908,4/8/26 14:09,25.705,,,
5909,4/8/26 14:19,25.619,,,
5910,4/8/26 14:29,25.544,,,
5911,4/8/26 14:39,25.448,,,
5912,4/8/26 14:49,25.384,,,
5913,4/8/26 14:59,25.319,,,
5914,4/8/26 15:09,25.298,,,
5915,4/8/26 15:19,25.341,,,
5916,4/8/26 15:29,25.384,,,
5917,4/8/26 15:39,25.448,,,
5918,4/8/26 15:49,25.502,,,
5919,4/8/26 15:59,25.544,,,
5920,4/8/26 16:09,25.619,,,
5921,4/8/26 16:19,25.652,,,
5922,4/8/26 16:29,25.577,,,
5923,4/8/26 16:39,25.502,,,
5924,4/8/26 16:49,25.48,,,
5925,4/8/26 16:59,25.437,,,
5926,4/8/26 17:09,25.384,,,
5927,4/8/26 17:19,25.308,,,
5928,4/8/26 17:29,25.255,,,
5929,4/8/26 17:39,25.158,,,
5930,4/8/26 17:49,25.105,,,
5931,4/8/26 17:59,24.997,,,
5932,4/8/26 18:09,24.901,,,
5933,4/8/26 18:19,24.826,,,
5934,4/8/26 18:29,24.772,,,
5935,4/8/26 18:39,24.686,,,
5936,4/8/26 18:49,24.611,,,
5937,4/8/26 18:59,24.547,,,
5938,4/8/26 19:09,24.493,,,
5939,4/8/26 19:19,24.45,,,
5940,4/8/26 19:29,24.375,,,
5941,4/8/26 19:39,24.311,,,
5942,4/8/26 19:49,24.236,,,
5943,4/8/26 19:59,24.214,,,
5944,4/8/26 20:09,24.182,,,
5945,4/8/26 20:19,24.129,,,
5946,4/8/26 20:29,24.054,,,
5947,4/8/26 20:39,24,,,
5948,4/8/26 20:49,23.946,,,
5949,4/8/26 20:59,23.861,,,
5950,4/8/26 21:09,23.828,,,
5951,4/8/26 21:19,23.775,,,
5952,4/8/26 21:29,23.732,,,
5953,4/8/26 21:39,23.732,,,
5954,4/8/26 21:49,23.721,,,
5955,4/8/26 21:59,23.689,,,
5956,4/8/26 22:09,23.668,,,
5957,4/8/26 22:19,23.614,,,
5958,4/8/26 22:29,23.55,,,
5959,4/8/26 22:39,23.507,,,
5960,4/8/26 22:49,23.453,,,
5961,4/8/26 22:59,23.41,,,
5962,4/8/26 23:09,23.367,,,
5963,4/8/26 23:19,23.399,,,
5964,4/8/26 23:29,23.399,,,
5965,4/8/26 23:39,23.432,,,
5966,4/8/26 23:49,23.432,,,
5967,4/8/26 23:59,23.432,,,
5968,4/9/26 0:09,23.432,,,
5969,4/9/26 0:19,23.421,,,
5970,4/9/26 0:29,23.421,,,
5971,4/9/26 0:39,23.432,,,
5972,4/9/26 0:49,23.41,,,
5973,4/9/26 0:59,23.432,,,
5974,4/9/26 1:09,23.442,,,
5975,4/9/26 1:19,23.421,,,
5976,4/9/26 1:29,23.421,,,
5977,4/9/26 1:39,23.432,,,
5978,4/9/26 1:49,23.41,,,
5979,4/9/26 1:59,23.389,,,
5980,4/9/26 2:09,23.356,,,
5981,4/9/26 2:19,23.367,,,
5982,4/9/26 2:29,23.367,,,
5983,4/9/26 2:39,23.378,,,
5984,4/9/26 2:49,23.346,,,
5985,4/9/26 2:59,23.367,,,
5986,4/9/26 3:09,23.389,,,
5987,4/9/26 3:19,23.389,,,
5988,4/9/26 3:29,23.399,,,
5989,4/9/26 3:39,23.432,,,
5990,4/9/26 3:49,23.432,,,
5991,4/9/26 3:59,23.432,,,
5992,4/9/26 4:09,23.432,,,
5993,4/9/26 4:19,23.421,,,
5994,4/9/26 4:29,23.41,,,
5995,4/9/26 4:39,23.389,,,
5996,4/9/26 4:49,23.41,,,
5997,4/9/26 4:59,23.378,,,
5998,4/9/26 5:09,23.367,,,
5999,4/9/26 5:19,23.346,,,
6000,4/9/26 5:29,23.346,,,
6001,4/9/26 5:39,23.356,,,
6002,4/9/26 5:49,23.335,,,
6003,4/9/26 5:59,23.324,,,
6004,4/9/26 6:09,23.335,,,
6005,4/9/26 6:19,23.346,,,
6006,4/9/26 6:29,23.346,,,
6007,4/9/26 6:39,23.389,,,
6008,4/9/26 6:49,23.389,,,
6009,4/9/26 6:59,23.356,,,
6010,4/9/26 7:09,23.356,,,
6011,4/9/26 7:19,23.346,,,
6012,4/9/26 7:29,23.335,,,
6013,4/9/26 7:39,23.389,,,
6014,4/9/26 7:49,23.367,,,
6015,4/9/26 7:59,23.378,,,
6016,4/9/26 8:09,23.399,,,
6017,4/9/26 8:19,23.41,,,
6018,4/9/26 8:29,23.453,,,
6019,4/9/26 8:39,23.485,,,
6020,4/9/26 8:49,23.496,,,
6021,4/9/26 8:59,23.453,,,
6022,4/9/26 9:09,23.41,,,
6023,4/9/26 9:19,23.399,,,
6024,4/9/26 9:29,23.356,,,
6025,4/9/26 9:39,23.346,,,
6026,4/9/26 9:49,23.356,,,
6027,4/9/26 9:59,23.367,,,
6028,4/9/26 10:09,23.378,,,
6029,4/9/26 10:19,23.378,,,
6030,4/9/26 10:29,23.432,,,
6031,4/9/26 10:39,23.485,,,
6032,4/9/26 10:49,23.496,,,
6033,4/9/26 10:59,23.539,,,
6034,4/9/26 11:09,23.56,,,
6035,4/9/26 11:19,23.571,,,
6036,4/9/26 11:29,23.625,,,
6037,4/9/26 11:39,23.668,,,
6038,4/9/26 11:49,23.71,,,
6039,4/9/26 11:59,23.743,,,
6040,4/9/26 12:09,23.828,,,
6041,4/9/26 12:19,23.957,,,
6042,4/9/26 12:29,24.129,,,
6043,4/9/26 12:39,24.204,,,
6044,4/9/26 12:49,24.29,,,
6045,4/9/26 12:59,24.375,,,
6046,4/9/26 13:09,24.418,,,
6047,4/9/26 13:19,24.45,,,
6048,4/9/26 13:29,24.354,,,
6049,4/9/26 13:39,24.472,,,
6050,4/9/26 13:49,24.504,,,
6051,4/9/26 13:59,24.536,,,
6052,4/9/26 14:09,24.622,,,
6053,4/9/26 14:19,24.654,,,
6054,4/9/26 14:29,24.665,,,
6055,4/9/26 14:39,24.686,,,
6056,4/9/26 14:49,24.644,,,
6057,4/9/26 14:59,24.654,,,
6058,4/9/26 15:09,24.719,,,
6059,4/9/26 15:19,24.654,,,
6060,4/9/26 15:29,24.644,,,
6061,4/9/26 15:39,24.654,,,
6062,4/9/26 15:49,24.601,,,
6063,4/9/26 15:59,23.528,,,
6064,4/9/26 16:09,23.603,,,
6065,4/9/26 16:19,23.85,,,
6066,4/9/26 16:29,23.925,,,
6067,4/9/26 16:39,23.979,,,
6068,4/9/26 16:49,24.204,,,
6069,4/9/26 16:59,24.097,,,
6070,4/9/26 17:09,24.054,,,
6071,4/9/26 17:19,22.906,,,
6072,4/9/26 17:29,22.284,,,
6073,4/9/26 17:39,22.477,,,
6074,4/9/26 17:49,22.498,,,
6075,4/9/26 17:59,22.359,,,
6076,4/9/26 18:09,22.767,,,
6077,4/9/26 18:19,22.767,,,
6078,4/9/26 18:29,22.767,,,
6079,4/9/26 18:39,22.734,,,
6080,4/9/26 18:49,22.734,,,
6081,4/9/26 18:59,22.81,,,
6082,4/9/26 19:09,22.82,,,
6083,4/9/26 19:19,22.713,,,
6084,4/9/26 19:29,22.885,,,
6085,4/9/26 19:39,22.938,,,
6086,4/9/26 19:49,23.056,,,
6087,4/9/26 19:59,23.11,,,
6088,4/9/26 20:09,23.11,,,
6089,4/9/26 20:19,23.228,,,
6090,4/9/26 20:29,23.367,,,
6091,4/9/26 20:39,23.324,,,
6092,4/9/26 20:49,23.121,,,
6093,4/9/26 20:59,23.088,,,
6094,4/9/26 21:09,23.078,,,
6095,4/9/26 21:19,22.842,,,
6096,4/9/26 21:29,22.574,,,
6097,4/9/26 21:39,22.541,,,
6098,4/9/26 21:49,22.584,,,
6099,4/9/26 21:59,22.584,,,
6100,4/9/26 22:09,22.348,,,
6101,4/9/26 22:19,22.338,,,
6102,4/9/26 22:29,22.145,,,
6103,4/9/26 22:39,22.048,,,
6104,4/9/26 22:49,22.112,,,
6105,4/9/26 22:59,22.263,,,
6106,4/9/26 23:09,22.037,,,
6107,4/9/26 23:19,21.962,,,
6108,4/9/26 23:29,21.887,,,
6109,4/9/26 23:39,21.78,,,
6110,4/9/26 23:49,21.63,,,
6111,4/9/26 23:59,21.63,,,
6112,4/10/26 0:09,21.758,,,
6113,4/10/26 0:19,21.866,,,
6114,4/10/26 0:29,21.866,,,
6115,4/10/26 0:39,21.812,,,
6116,4/10/26 0:49,21.866,,,
6117,4/10/26 0:59,21.791,,,
6118,4/10/26 1:09,21.844,,,
6119,4/10/26 1:19,21.973,,,
6120,4/10/26 1:29,22.016,,,
6121,4/10/26 1:39,21.93,,,
6122,4/10/26 1:49,21.93,,,
6123,4/10/26 1:59,21.801,,,
6124,4/10/26 2:09,21.737,,,
6125,4/10/26 2:19,21.726,,,
6126,4/10/26 2:29,21.683,,,
6127,4/10/26 2:39,21.64,,,
6128,4/10/26 2:49,21.437,,,
6129,4/10/26 2:59,21.426,,,
6130,4/10/26 3:09,21.512,,,
6131,4/10/26 3:19,21.372,,,
6132,4/10/26 3:29,21.329,,,
6133,4/10/26 3:39,21.372,,,
6134,4/10/26 3:49,21.394,,,
6135,4/10/26 3:59,21.383,,,
6136,4/10/26 4:09,21.458,,,
6137,4/10/26 4:19,21.437,,,
6138,4/10/26 4:29,21.458,,,
6139,4/10/26 4:39,21.437,,,
6140,4/10/26 4:49,21.533,,,
6141,4/10/26 4:59,21.405,,,
6142,4/10/26 5:09,21.683,,,
6143,4/10/26 5:19,22.112,,,
6144,4/10/26 5:29,22.134,,,
6145,4/10/26 5:39,21.909,,,
6146,4/10/26 5:49,21.984,,,
6147,4/10/26 5:59,22.059,,,
6148,4/10/26 6:09,21.994,,,
6149,4/10/26 6:19,21.984,,,
6150,4/10/26 6:29,22.413,,,
6151,4/10/26 6:39,22.166,,,
6152,4/10/26 6:49,21.791,,,
6153,4/10/26 6:59,21.801,,,
6154,4/10/26 7:09,21.887,,,
6155,4/10/26 7:19,21.93,,,
6156,4/10/26 7:29,21.984,,,
6157,4/10/26 7:39,21.834,,,
6158,4/10/26 7:49,21.898,,,
6159,4/10/26 7:59,21.994,,,
6160,4/10/26 8:09,22.005,,,
6161,4/10/26 8:19,22.198,,,
6162,4/10/26 8:29,22.069,,,
6163,4/10/26 8:39,22.112,,,
6164,4/10/26 8:49,21.994,,,
6165,4/10/26 8:59,21.608,,,
6166,4/10/26 9:09,21.705,,,
6167,4/10/26 9:19,21.662,,,
6168,4/10/26 9:29,21.694,,,
6169,4/10/26 9:39,21.919,,,
6170,4/10/26 9:49,21.683,,,
6171,4/10/26 9:59,21.694,,,
6172,4/10/26 10:09,21.898,,,
6173,4/10/26 10:19,21.791,,,
6174,4/10/26 10:29,21.791,,,
6175,4/10/26 10:39,21.909,,,
6176,4/10/26 10:49,22.381,,,
6177,4/10/26 10:59,22.456,,,
6178,4/10/26 11:09,22.702,,,
6179,4/10/26 11:19,22.541,,,
6180,4/10/26 11:29,22.434,,,
6181,4/10/26 11:39,22.552,,,
6182,4/10/26 11:49,22.584,,,
6183,4/10/26 11:59,22.97,,,
6184,4/10/26 12:09,23.271,,,
6185,4/10/26 12:19,22.852,,,
6186,4/10/26 12:29,23.099,,,
6187,4/10/26 12:39,22.927,,,
6188,4/10/26 12:49,22.745,,,
6189,4/10/26 12:59,22.692,,,
6190,4/10/26 13:09,22.434,,,
6191,4/10/26 13:19,22.616,,,
6192,4/10/26 13:29,22.756,,,
6193,4/10/26 13:39,23.41,,,
6194,4/10/26 13:49,23.496,,,
6195,4/10/26 13:59,24.815,,,
6196,4/10/26 14:09,29.266,,,
6197,4/10/26 14:19,27.035,,,
6198,4/10/26 14:29,25.04,,,
6199,4/10/26 14:39,24.397,,,
6200,4/10/26 14:49,24.161,,,
6201,4/10/26 14:59,24.375,,,
6202,4/10/26 15:09,24.086,,,
6203,4/10/26 15:19,24.311,,,
6204,4/10/26 15:29,23.85,,,
6205,4/10/26 15:39,22.852,,,
6206,4/10/26 15:49,22.692,,,
6207,4/10/26 15:59,22.456,,,
6208,4/10/26 16:09,22.069,,,
6209,4/10/26 16:19,21.93,,,
6210,4/10/26 16:29,22.016,,,
6211,4/10/26 16:39,22.584,,,
6212,4/10/26 16:49,22.906,,,
6213,4/10/26 16:59,22.96,,,
6214,4/10/26 17:09,22.863,,,
6215,4/10/26 17:19,22.445,,,
6216,4/10/26 17:29,22.391,,,
6217,4/10/26 17:39,22.381,,,
6218,4/10/26 17:49,22.155,,,
6219,4/10/26 17:59,22.037,,,
6220,4/10/26 18:09,22.069,,,
6221,4/10/26 18:19,22.145,,,
6222,4/10/26 18:29,21.994,,,
6223,4/10/26 18:39,21.887,,,
6224,4/10/26 18:49,21.898,,,
6225,4/10/26 18:59,21.952,,,
6226,4/10/26 19:09,21.876,,,
6227,4/10/26 19:19,21.876,,,
6228,4/10/26 19:29,21.898,,,
6229,4/10/26 19:39,21.823,,,
6230,4/10/26 19:49,21.952,,,
6231,4/10/26 19:59,21.962,,,
6232,4/10/26 20:09,21.973,,,
6233,4/10/26 20:19,21.78,,,
6234,4/10/26 20:29,21.694,,,
6235,4/10/26 20:39,21.662,,,
6236,4/10/26 20:49,21.834,,,
6237,4/10/26 20:59,21.791,,,
6238,4/10/26 21:09,21.705,,,
6239,4/10/26 21:19,21.651,,,
6240,4/10/26 21:29,21.662,,,
6241,4/10/26 21:39,21.705,,,
6242,4/10/26 21:49,21.823,,,
6243,4/10/26 21:59,21.791,,,
6244,4/10/26 22:09,21.801,,,
6245,4/10/26 22:19,21.705,,,
6246,4/10/26 22:29,21.608,,,
6247,4/10/26 22:39,21.63,,,
6248,4/10/26 22:49,21.576,,,
6249,4/10/26 22:59,21.565,,,
6250,4/10/26 23:09,21.555,,,
6251,4/10/26 23:19,21.555,,,
6252,4/10/26 23:29,21.522,,,
6253,4/10/26 23:39,21.522,,,
6254,4/10/26 23:49,21.576,,,
6255,4/10/26 23:59,21.576,,,
6256,4/11/26 0:09,21.544,,,
6257,4/11/26 0:19,21.544,,,
6258,4/11/26 0:29,21.501,,,
6259,4/11/26 0:39,21.576,,,
6260,4/11/26 0:49,21.662,,,
6261,4/11/26 0:59,21.522,,,
6262,4/11/26 1:09,21.522,,,
6263,4/11/26 1:19,21.522,,,
6264,4/11/26 1:29,21.522,,,
6265,4/11/26 1:39,21.544,,,
6266,4/11/26 1:49,21.565,,,
6267,4/11/26 1:59,21.533,,,
6268,4/11/26 2:09,21.512,,,
6269,4/11/26 2:19,21.469,,,
6270,4/11/26 2:29,21.437,,,
6271,4/11/26 2:39,21.415,,,
6272,4/11/26 2:49,21.415,,,
6273,4/11/26 2:59,21.447,,,
6274,4/11/26 3:09,21.426,,,
6275,4/11/26 3:19,21.469,,,
6276,4/11/26 3:29,21.458,,,
6277,4/11/26 3:39,21.469,,,
6278,4/11/26 3:49,21.458,,,
6279,4/11/26 3:59,21.469,,,
6280,4/11/26 4:09,21.458,,,
6281,4/11/26 4:19,21.437,,,
6282,4/11/26 4:29,21.469,,,
6283,4/11/26 4:39,21.512,,,
6284,4/11/26 4:49,21.533,,,
6285,4/11/26 4:59,21.533,,,
6286,4/11/26 5:09,21.533,,,
6287,4/11/26 5:19,21.565,,,
6288,4/11/26 5:29,21.64,,,
6289,4/11/26 5:39,21.705,,,
6290,4/11/26 5:49,21.705,,,
6291,4/11/26 5:59,21.705,,,
6292,4/11/26 6:09,21.694,,,
6293,4/11/26 6:19,21.705,,,
6294,4/11/26 6:29,21.758,,,
6295,4/11/26 6:39,21.844,,,
6296,4/11/26 6:49,22.048,,,
6297,4/11/26 6:59,22.273,,,
6298,4/11/26 7:09,22.552,,,
6299,4/11/26 7:19,22.541,,,
6300,4/11/26 7:29,22.82,,,
6301,4/11/26 7:39,23.517,,,
6302,4/11/26 7:49,25.426,,,
6303,4/11/26 7:59,25.115,,,
6304,4/11/26 8:09,24.461,,,
6305,4/11/26 8:19,24.601,,,
6306,4/11/26 8:29,24.29,,,
6307,4/11/26 8:39,24.847,,,
6308,4/11/26 8:49,25.802,,,
6309,4/11/26 8:59,26.338,,,
6310,4/11/26 9:09,26.971,,,
6311,4/11/26 9:19,28.344,,,
6312,4/11/26 9:29,30.231,,,
6313,4/11/26 9:39,30.607,,,
6314,4/11/26 9:49,29.116,,,
6315,4/11/26 9:59,28.419,,,
6316,4/11/26 10:09,30.07,,,
6317,4/11/26 10:19,31.958,,,
6318,4/11/26 10:29,32.784,,,
6319,4/11/26 10:39,32.548,,,
6320,4/11/26 10:49,32.602,,,
6321,4/11/26 10:59,35.143,,,
6322,4/11/26 11:09,36.162,,,
6323,4/11/26 11:19,36.849,,,
6324,4/11/26 11:29,36.484,,,
6325,4/11/26 11:39,34.693,,,
6326,4/11/26 11:49,34.511,,,
6327,4/11/26 11:59,32.376,,,
6328,4/11/26 12:09,31.529,,,
6329,4/11/26 12:19,29.888,,,
6330,4/11/26 12:29,28.773,,,
6331,4/11/26 12:39,27.486,,,
6332,4/11/26 12:49,27.196,,,
6333,4/11/26 12:59,27.11,,,
6334,4/11/26 13:09,27.035,,,
6335,4/11/26 13:19,26.982,,,
6336,4/11/26 13:29,26.864,,,
6337,4/11/26 13:39,26.799,,,
6338,4/11/26 13:49,26.735,,,
6339,4/11/26 13:59,26.703,,,
6340,4/11/26 14:09,26.724,,,
6341,4/11/26 14:19,26.703,,,
6342,4/11/26 14:29,26.703,,,
6343,4/11/26 14:39,26.703,,,
6344,4/11/26 14:49,26.724,,,
6345,4/11/26 14:59,26.724,,,
6346,4/11/26 15:09,26.681,,,
6347,4/11/26 15:19,26.595,,,
6348,4/11/26 15:29,26.488,,,
6349,4/11/26 15:39,26.381,,,
6350,4/11/26 15:49,26.338,,,
6351,4/11/26 15:59,26.242,,,
6352,4/11/26 16:09,26.145,,,
6353,4/11/26 16:19,26.059,,,
6354,4/11/26 16:29,25.952,,,
6355,4/11/26 16:39,25.845,,,
6356,4/11/26 16:49,25.695,,,
6357,4/11/26 16:59,25.63,,,
6358,4/11/26 17:09,25.512,,,
6359,4/11/26 17:19,25.405,,,
6360,4/11/26 17:29,25.319,,,
6361,4/11/26 17:39,25.244,,,
6362,4/11/26 17:49,25.169,,,
6363,4/11/26 17:59,25.115,,,
6364,4/11/26 18:09,25.051,,,
6365,4/11/26 18:19,24.987,,,
6366,4/11/26 18:29,24.901,,,
6367,4/11/26 18:39,24.858,,,
6368,4/11/26 18:49,24.772,,,
6369,4/11/26 18:59,24.708,,,
6370,4/11/26 19:09,24.644,,,
6371,4/11/26 19:19,24.59,,,
6372,4/11/26 19:29,24.558,,,
6373,4/11/26 19:39,24.461,,,
6374,4/11/26 19:49,24.397,,,
6375,4/11/26 19:59,24.354,,,
6376,4/11/26 20:09,24.322,,,
6377,4/11/26 20:19,24.268,,,
6378,4/11/26 20:29,24.225,,,
6379,4/11/26 20:39,24.193,,,
6380,4/11/26 20:49,24.182,,,
6381,4/11/26 20:59,24.161,,,
6382,4/11/26 21:09,24.129,,,
6383,4/11/26 21:19,24.107,,,
6384,4/11/26 21:29,24.097,,,
6385,4/11/26 21:39,24.097,,,
6386,4/11/26 21:49,24.064,,,
6387,4/11/26 21:59,24.032,,,
6388,4/11/26 22:09,24.021,,,
6389,4/11/26 22:19,24,,,
6390,4/11/26 22:29,23.989,,,
6391,4/11/26 22:39,23.979,,,
6392,4/11/26 22:49,23.957,,,
6393,4/11/26 22:59,23.914,,,
6394,4/11/26 23:09,23.925,,,
6395,4/11/26 23:19,23.882,,,
6396,4/11/26 23:29,23.903,,,
6397,4/11/26 23:39,23.871,,,
6398,4/11/26 23:49,23.861,,,
6399,4/11/26 23:59,23.839,,,
6400,4/12/26 0:09,23.818,,,
6401,4/12/26 0:19,23.807,,,
6402,4/12/26 0:29,23.785,,,
6403,4/12/26 0:39,23.796,,,
6404,4/12/26 0:49,23.775,,,
6405,4/12/26 0:59,23.796,,,
6406,4/12/26 1:09,23.775,,,
6407,4/12/26 1:19,23.764,,,
6408,4/12/26 1:29,23.785,,,
6409,4/12/26 1:39,23.775,,,
6410,4/12/26 1:49,23.764,,,
6411,4/12/26 1:59,23.753,,,
6412,4/12/26 2:09,23.743,,,
6413,4/12/26 2:19,23.732,,,
6414,4/12/26 2:29,23.71,,,
6415,4/12/26 2:39,23.721,,,
6416,4/12/26 2:49,23.732,,,
6417,4/12/26 2:59,23.721,,,
6418,4/12/26 3:09,23.678,,,
6419,4/12/26 3:19,23.646,,,
6420,4/12/26 3:29,23.625,,,
6421,4/12/26 3:39,23.646,,,
6422,4/12/26 3:49,23.603,,,
6423,4/12/26 3:59,23.614,,,
6424,4/12/26 4:09,23.614,,,
6425,4/12/26 4:19,23.603,,,
6426,4/12/26 4:29,23.603,,,
6427,4/12/26 4:39,23.592,,,
6428,4/12/26 4:49,23.592,,,
6429,4/12/26 4:59,23.603,,,
6430,4/12/26 5:09,23.582,,,
6431,4/12/26 5:19,23.56,,,
6432,4/12/26 5:29,23.55,,,
6433,4/12/26 5:39,23.55,,,
6434,4/12/26 5:49,23.55,,,
6435,4/12/26 5:59,23.55,,,
6436,4/12/26 6:09,23.517,,,
6437,4/12/26 6:19,23.496,,,
6438,4/12/26 6:29,23.517,,,
6439,4/12/26 6:39,23.496,,,
6440,4/12/26 6:49,23.539,,,
6441,4/12/26 6:59,23.539,,,
6442,4/12/26 7:09,23.56,,,
6443,4/12/26 7:19,23.582,,,
6444,4/12/26 7:29,23.603,,,
6445,4/12/26 7:39,23.625,,,
6446,4/12/26 7:49,23.678,,,
6447,4/12/26 7:59,23.7,,,
6448,4/12/26 8:09,23.743,,,
6449,4/12/26 8:19,23.775,,,
6450,4/12/26 8:29,23.871,,,
6451,4/12/26 8:39,23.925,,,
6452,4/12/26 8:49,24,,,
6453,4/12/26 8:59,24.054,,,
6454,4/12/26 9:09,24.139,,,
6455,4/12/26 9:19,24.204,,,
6456,4/12/26 9:29,24.3,,,
6457,4/12/26 9:39,24.386,,,
6458,4/12/26 9:49,24.472,,,
6459,4/12/26 9:59,24.59,,,
6460,4/12/26 10:09,24.697,,,
6461,4/12/26 10:19,24.879,,,
6462,4/12/26 10:29,25.062,,,
6463,4/12/26 10:39,25.319,,,
6464,4/12/26 10:49,25.673,,,
6465,4/12/26 10:59,26.059,,,
6466,4/12/26 11:09,26.317,,,
6467,4/12/26 11:19,26.488,,,
6468,4/12/26 11:29,26.542,,,
6469,4/12/26 11:39,26.553,,,
6470,4/12/26 11:49,26.553,,,
6471,4/12/26 11:59,26.499,,,
6472,4/12/26 12:09,26.381,,,
6473,4/12/26 12:19,26.242,,,
6474,4/12/26 12:29,26.102,,,
6475,4/12/26 12:39,26.038,,,
6476,4/12/26 12:49,25.941,,,
6477,4/12/26 12:59,25.909,,,
6478,4/12/26 13:09,25.877,,,
6479,4/12/26 13:19,25.823,,,
6480,4/12/26 13:29,25.823,,,
6481,4/12/26 13:39,25.823,,,
6482,4/12/26 13:49,25.716,,,
6483,4/12/26 13:59,25.695,,,
6484,4/12/26 14:09,25.802,,,
6485,4/12/26 14:19,26.295,,,
6486,4/12/26 14:29,26.231,,,
6487,4/12/26 14:39,25.92,,,
6488,4/12/26 14:49,25.898,,,
6489,4/12/26 14:59,25.866,,,
6490,4/12/26 15:09,25.78,,,
6491,4/12/26 15:19,25.705,,,
6492,4/12/26 15:29,25.641,,,
6493,4/12/26 15:39,25.555,,,
6494,4/12/26 15:49,25.459,,,
6495,4/12/26 15:59,25.384,,,
6496,4/12/26 16:09,25.33,,,
6497,4/12/26 16:19,25.233,,,
6498,4/12/26 16:29,25.126,,,
6499,4/12/26 16:39,25.04,,,
6500,4/12/26 16:49,24.965,,,
6501,4/12/26 16:59,24.879,,,
6502,4/12/26 17:09,24.804,,,
6503,4/12/26 17:19,24.74,,,
6504,4/12/26 17:29,24.644,,,
6505,4/12/26 17:39,24.59,,,
6506,4/12/26 17:49,24.547,,,
6507,4/12/26 17:59,24.45,,,
6508,4/12/26 18:09,24.408,,,
6509,4/12/26 18:19,24.332,,,
6510,4/12/26 18:29,24.247,,,
6511,4/12/26 18:39,24.204,,,
6512,4/12/26 18:49,24.129,,,
6513,4/12/26 18:59,24.064,,,
6514,4/12/26 19:09,24,,,
6515,4/12/26 19:19,23.989,,,
6516,4/12/26 19:29,23.946,,,
6517,4/12/26 19:39,23.936,,,
6518,4/12/26 19:49,23.925,,,
6519,4/12/26 19:59,23.925,,,
6520,4/12/26 20:09,23.882,,,
6521,4/12/26 20:19,23.893,,,
6522,4/12/26 20:29,23.871,,,
6523,4/12/26 20:39,23.85,,,
6524,4/12/26 20:49,23.818,,,
6525,4/12/26 20:59,23.785,,,
6526,4/12/26 21:09,23.775,,,
6527,4/12/26 21:19,23.764,,,
6528,4/12/26 21:29,23.775,,,
6529,4/12/26 21:39,23.764,,,
6530,4/12/26 21:49,23.732,,,
6531,4/12/26 21:59,23.732,,,
6532,4/12/26 22:09,23.721,,,
6533,4/12/26 22:19,23.689,,,
6534,4/12/26 22:29,23.668,,,
6535,4/12/26 22:39,23.635,,,
6536,4/12/26 22:49,23.603,,,
6537,4/12/26 22:59,23.592,,,
6538,4/12/26 23:09,23.56,,,
6539,4/12/26 23:19,23.582,,,
6540,4/12/26 23:29,23.56,,,
6541,4/12/26 23:39,23.55,,,
6542,4/12/26 23:49,23.496,,,
6543,4/12/26 23:59,23.496,,,
6544,4/13/26 0:09,23.474,,,
6545,4/13/26 0:19,23.464,,,
6546,4/13/26 0:29,23.442,,,
6547,4/13/26 0:39,23.432,,,
6548,4/13/26 0:49,23.432,,,
6549,4/13/26 0:59,23.442,,,
6550,4/13/26 1:09,23.41,,,
6551,4/13/26 1:19,23.41,,,
6552,4/13/26 1:29,23.41,,,
6553,4/13/26 1:39,23.399,,,
6554,4/13/26 1:49,23.356,,,
6555,4/13/26 1:59,23.335,,,
6556,4/13/26 2:09,23.335,,,
6557,4/13/26 2:19,23.292,,,
6558,4/13/26 2:29,23.292,,,
6559,4/13/26 2:39,23.239,,,
6560,4/13/26 2:49,23.206,,,
6561,4/13/26 2:59,23.206,,,
6562,4/13/26 3:09,23.163,,,
6563,4/13/26 3:19,23.153,,,
6564,4/13/26 3:29,23.142,,,
6565,4/13/26 3:39,23.121,,,
6566,4/13/26 3:49,23.099,,,
6567,4/13/26 3:59,23.056,,,
6568,4/13/26 4:09,23.035,,,
6569,4/13/26 4:19,23.035,,,
6570,4/13/26 4:29,23.013,,,
6571,4/13/26 4:39,23.003,,,
6572,4/13/26 4:49,22.992,,,
6573,4/13/26 4:59,22.981,,,
6574,4/13/26 5:09,22.992,,,
6575,4/13/26 5:19,22.96,,,
6576,4/13/26 5:29,22.938,,,
6577,4/13/26 5:39,22.949,,,
6578,4/13/26 5:49,22.949,,,
6579,4/13/26 5:59,22.96,,,
6580,4/13/26 6:09,22.938,,,
6581,4/13/26 6:19,22.938,,,
6582,4/13/26 6:29,22.97,,,
6583,4/13/26 6:39,23.003,,,
6584,4/13/26 6:49,23.003,,,
6585,4/13/26 6:59,23.024,,,
6586,4/13/26 7:09,23.056,,,
6587,4/13/26 7:19,23.078,,,
6588,4/13/26 7:29,23.121,,,
6589,4/13/26 7:39,23.131,,,
6590,4/13/26 7:49,23.174,,,
6591,4/13/26 7:59,23.228,,,
6592,4/13/26 8:09,23.314,,,
6593,4/13/26 8:19,23.453,,,
6594,4/13/26 8:29,23.55,,,
6595,4/13/26 8:39,23.657,,,
6596,4/13/26 8:49,23.721,,,
6597,4/13/26 8:59,23.775,,,
6598,4/13/26 9:09,23.796,,,
6599,4/13/26 9:19,23.903,,,
6600,4/13/26 9:29,24.032,,,
6601,4/13/26 9:39,24.107,,,
6602,4/13/26 9:49,24.279,,,
6603,4/13/26 9:59,24.461,,,
6604,4/13/26 10:09,24.568,,,
6605,4/13/26 10:19,24.611,,,
6606,4/13/26 10:29,24.644,,,
6607,4/13/26 10:39,24.676,,,
6608,4/13/26 10:49,24.665,,,
6609,4/13/26 10:59,24.708,,,
6610,4/13/26 11:09,24.74,,,
6611,4/13/26 11:19,24.804,,,
6612,4/13/26 11:29,24.901,,,
6613,4/13/26 11:39,24.987,,,
6614,4/13/26 11:49,25.051,,,
6615,4/13/26 11:59,25.105,,,
6616,4/13/26 12:09,25.115,,,
6617,4/13/26 12:19,25.115,,,
6618,4/13/26 12:29,25.126,,,
6619,4/13/26 12:39,25.126,,,
6620,4/13/26 12:49,25.137,,,
6621,4/13/26 12:59,25.169,,,
6622,4/13/26 13:09,25.212,,,
6623,4/13/26 13:19,25.212,,,
6624,4/13/26 13:29,25.233,,,
6625,4/13/26 13:39,25.341,,,
6626,4/13/26 13:49,25.426,,,
6627,4/13/26 13:59,25.48,,,
6628,4/13/26 14:09,25.544,,,
6629,4/13/26 14:19,25.534,,,
6630,4/13/26 14:29,25.566,,,
6631,4/13/26 14:39,25.587,,,
6632,4/13/26 14:49,25.652,,,
6633,4/13/26 14:59,25.705,,,
6634,4/13/26 15:09,25.802,,,
6635,4/13/26 15:19,25.888,,,
6636,4/13/26 15:29,25.92,,,
6637,4/13/26 15:39,25.931,,,
6638,4/13/26 15:49,25.888,,,
6639,4/13/26 15:59,25.855,,,
6640,4/13/26 16:09,25.845,,,
6641,4/13/26 16:19,25.834,,,
6642,4/13/26 16:29,25.845,,,
6643,4/13/26 16:39,25.866,,,
6644,4/13/26 16:49,25.888,,,
6645,4/13/26 16:59,25.877,,,
6646,4/13/26 17:09,25.823,,,
6647,4/13/26 17:19,25.78,,,
6648,4/13/26 17:29,25.716,,,
6649,4/13/26 17:39,25.662,,,
6650,4/13/26 17:49,25.598,,,
6651,4/13/26 17:59,25.566,,,
6652,4/13/26 18:09,25.502,,,
6653,4/13/26 18:19,25.448,,,
6654,4/13/26 18:29,25.362,,,
6655,4/13/26 18:39,25.255,,,
6656,4/13/26 18:49,25.169,,,
6657,4/13/26 18:59,25.083,,,
6658,4/13/26 19:09,24.976,,,
6659,4/13/26 19:19,24.901,,,
6660,4/13/26 19:29,24.837,,,
6661,4/13/26 19:39,24.772,,,
6662,4/13/26 19:49,24.729,,,
6663,4/13/26 19:59,24.676,,,
6664,4/13/26 20:09,24.633,,,
6665,4/13/26 20:19,24.59,,,
6666,4/13/26 20:29,24.515,,,
6667,4/13/26 20:39,24.472,,,
6668,4/13/26 20:49,24.45,,,
6669,4/13/26 20:59,24.418,,,
6670,4/13/26 21:09,24.397,,,
6671,4/13/26 21:19,24.343,,,
6672,4/13/26 21:29,24.311,,,
6673,4/13/26 21:39,24.279,,,
6674,4/13/26 21:49,24.247,,,
6675,4/13/26 21:59,24.204,,,
6676,4/13/26 22:09,24.172,,,
6677,4/13/26 22:19,24.161,,,
6678,4/13/26 22:29,24.15,,,
6679,4/13/26 22:39,24.097,,,
6680,4/13/26 22:49,24.075,,,
6681,4/13/26 22:59,24.043,,,
6682,4/13/26 23:09,24.032,,,
6683,4/13/26 23:19,24.011,,,
6684,4/13/26 23:29,23.979,,,
6685,4/13/26 23:39,23.979,,,
6686,4/13/26 23:49,23.968,,,
6687,4/13/26 23:59,23.936,,,
6688,4/14/26 0:09,23.936,,,
6689,4/14/26 0:19,23.914,,,
6690,4/14/26 0:29,23.893,,,
6691,4/14/26 0:39,23.882,,,
6692,4/14/26 0:49,23.893,,,
6693,4/14/26 0:59,23.85,,,
6694,4/14/26 1:09,23.839,,,
6695,4/14/26 1:19,23.828,,,
6696,4/14/26 1:29,23.85,,,
6697,4/14/26 1:39,23.839,,,
6698,4/14/26 1:49,23.839,,,
6699,4/14/26 1:59,23.839,,,
6700,4/14/26 2:09,23.839,,,
6701,4/14/26 2:19,23.818,,,
6702,4/14/26 2:29,23.796,,,
6703,4/14/26 2:39,23.818,,,
6704,4/14/26 2:49,23.785,,,
6705,4/14/26 2:59,23.796,,,
6706,4/14/26 3:09,23.785,,,
6707,4/14/26 3:19,23.796,,,
6708,4/14/26 3:29,23.796,,,
6709,4/14/26 3:39,23.775,,,
6710,4/14/26 3:49,23.796,,,
6711,4/14/26 3:59,23.796,,,
6712,4/14/26 4:09,23.796,,,
6713,4/14/26 4:19,23.807,,,
6714,4/14/26 4:29,23.807,,,
6715,4/14/26 4:39,23.807,,,
6716,4/14/26 4:49,23.807,,,
6717,4/14/26 4:59,23.818,,,
6718,4/14/26 5:09,23.818,,,
6719,4/14/26 5:19,23.839,,,
6720,4/14/26 5:29,23.807,,,
6721,4/14/26 5:39,23.828,,,
6722,4/14/26 5:49,23.785,,,
6723,4/14/26 5:59,23.785,,,
6724,4/14/26 6:09,23.785,,,
6725,4/14/26 6:19,23.775,,,
6726,4/14/26 6:29,23.764,,,
6727,4/14/26 6:39,23.753,,,
6728,4/14/26 6:49,23.785,,,
6729,4/14/26 6:59,23.785,,,
6730,4/14/26 7:09,23.828,,,
6731,4/14/26 7:19,23.903,,,
6732,4/14/26 7:29,23.979,,,
6733,4/14/26 7:39,24.107,,,
6734,4/14/26 7:49,24.29,,,
6735,4/14/26 7:59,24.504,,,
6736,4/14/26 8:09,24.665,,,
6737,4/14/26 8:19,24.837,,,
6738,4/14/26 8:29,25.019,,,
6739,4/14/26 8:39,25.233,,,
6740,4/14/26 8:49,25.405,,,
6741,4/14/26 8:59,25.598,,,
6742,4/14/26 9:09,25.813,,,
6743,4/14/26 9:19,25.909,,,
6744,4/14/26 9:29,26.124,,,
6745,4/14/26 9:39,26.295,,,
6746,4/14/26 9:49,26.381,,,
6747,4/14/26 9:59,26.499,,,
6748,4/14/26 10:09,26.617,,,
6749,4/14/26 10:19,26.842,,,
6750,4/14/26 10:29,27.089,,,
6751,4/14/26 10:39,27.378,,,
6752,4/14/26 10:49,27.593,,,
6753,4/14/26 10:59,27.807,,,
6754,4/14/26 11:09,28.086,,,
6755,4/14/26 11:19,28.344,,,
6756,4/14/26 11:29,28.623,,,
6757,4/14/26 11:39,28.773,,,
6758,4/14/26 11:49,28.998,,,
6759,4/14/26 11:59,29.202,,,
6760,4/14/26 12:09,29.448,,,
6761,4/14/26 12:19,29.598,,,
6762,4/14/26 12:29,29.995,,,
6763,4/14/26 12:39,29.931,,,
6764,4/14/26 12:49,29.695,,,
6765,4/14/26 12:59,29.041,,,
6766,4/14/26 13:09,31.4,,,
6767,4/14/26 13:19,30.982,,,
6768,4/14/26 13:29,29.92,,,
6769,4/14/26 13:39,29.448,,,
6770,4/14/26 13:49,29.191,,,
6771,4/14/26 13:59,29.706,,,
6772,4/14/26 14:09,30.617,,,
6773,4/14/26 14:19,30.081,,,
6774,4/14/26 14:29,30.296,,,
6775,4/14/26 14:39,31.722,,,
6776,4/14/26 14:49,31.529,,,
6777,4/14/26 14:59,31.079,,,
6778,4/14/26 15:09,30.457,,,
6779,4/14/26 15:19,29.33,,,
6780,4/14/26 15:29,28,,,
6781,4/14/26 15:39,27.786,,,
6782,4/14/26 15:49,27.668,,,
6783,4/14/26 15:59,27.518,,,
6784,4/14/26 16:09,27.389,,,
6785,4/14/26 16:19,27.25,,,
6786,4/14/26 16:29,27.121,,,
6787,4/14/26 16:39,26.992,,,
6788,4/14/26 16:49,26.928,,,
6789,4/14/26 16:59,26.821,,,
6790,4/14/26 17:09,26.713,,,
6791,4/14/26 17:19,26.66,,,
6792,4/14/26 17:29,26.563,,,
6793,4/14/26 17:39,26.477,,,
6794,4/14/26 17:49,26.37,,,
6795,4/14/26 17:59,26.274,,,
6796,4/14/26 18:09,26.177,,,
6797,4/14/26 18:19,26.102,,,
6798,4/14/26 18:29,26.016,,,
6799,4/14/26 18:39,25.898,,,
6800,4/14/26 18:49,25.78,,,
6801,4/14/26 18:59,25.705,,,
6802,4/14/26 19:09,25.609,,,
6803,4/14/26 19:19,25.534,,,
6804,4/14/26 19:29,25.437,,,
6805,4/14/26 19:39,25.384,,,
6806,4/14/26 19:49,25.308,,,
6807,4/14/26 19:59,25.255,,,
6808,4/14/26 20:09,25.169,,,
6809,4/14/26 20:19,25.126,,,
6810,4/14/26 20:29,25.094,,,
6811,4/14/26 20:39,25.051,,,
6812,4/14/26 20:49,24.976,,,
6813,4/14/26 20:59,24.922,,,
6814,4/14/26 21:09,24.912,,,
6815,4/14/26 21:19,24.869,,,
6816,4/14/26 21:29,24.815,,,
6817,4/14/26 21:39,24.815,,,
6818,4/14/26 21:49,24.751,,,
6819,4/14/26 21:59,24.708,,,
6820,4/14/26 22:09,24.665,,,
6821,4/14/26 22:19,24.611,,,
6822,4/14/26 22:29,24.59,,,
6823,4/14/26 22:39,24.568,,,
6824,4/14/26 22:49,24.526,,,
6825,4/14/26 22:59,24.504,,,
6826,4/14/26 23:09,24.483,,,
6827,4/14/26 23:19,24.44,,,
6828,4/14/26 23:29,24.408,,,
6829,4/14/26 23:39,24.386,,,
6830,4/14/26 23:49,24.386,,,
6831,4/14/26 23:59,24.354,,,
6832,4/15/26 0:09,24.343,,,
6833,4/15/26 0:19,24.311,,,
6834,4/15/26 0:29,24.311,,,
6835,4/15/26 0:39,24.268,,,
6836,4/15/26 0:49,24.236,,,
6837,4/15/26 0:59,24.225,,,
6838,4/15/26 1:09,24.204,,,
6839,4/15/26 1:19,24.193,,,
6840,4/15/26 1:29,24.172,,,
6841,4/15/26 1:39,24.172,,,
6842,4/15/26 1:49,24.139,,,
6843,4/15/26 1:59,24.139,,,
6844,4/15/26 2:09,24.15,,,
6845,4/15/26 2:19,24.129,,,
6846,4/15/26 2:29,24.129,,,
6847,4/15/26 2:39,24.118,,,
6848,4/15/26 2:49,24.107,,,
6849,4/15/26 2:59,24.086,,,
6850,4/15/26 3:09,24.086,,,
6851,4/15/26 3:19,24.086,,,
6852,4/15/26 3:29,24.097,,,
6853,4/15/26 3:39,24.075,,,
6854,4/15/26 3:49,24.075,,,
6855,4/15/26 3:59,24.054,,,
6856,4/15/26 4:09,24.075,,,
6857,4/15/26 4:19,24.054,,,
6858,4/15/26 4:29,24.086,,,
6859,4/15/26 4:39,24.097,,,
6860,4/15/26 4:49,24.107,,,
6861,4/15/26 4:59,24.118,,,
6862,4/15/26 5:09,24.139,,,
6863,4/15/26 5:19,24.139,,,
6864,4/15/26 5:29,24.172,,,
6865,4/15/26 5:39,24.182,,,
6866,4/15/26 5:49,24.182,,,
6867,4/15/26 5:59,24.182,,,
6868,4/15/26 6:09,24.193,,,
6869,4/15/26 6:19,24.193,,,
6870,4/15/26 6:29,24.193,,,
6871,4/15/26 6:39,24.193,,,
6872,4/15/26 6:49,24.225,,,
6873,4/15/26 6:59,24.225,,,
6874,4/15/26 7:09,24.268,,,
6875,4/15/26 7:19,24.29,,,
6876,4/15/26 7:29,24.375,,,
6877,4/15/26 7:39,24.408,,,
6878,4/15/26 7:49,24.483,,,
6879,4/15/26 7:59,24.536,,,
6880,4/15/26 8:09,24.611,,,
6881,4/15/26 8:19,24.665,,,
6882,4/15/26 8:29,24.761,,,
6883,4/15/26 8:39,24.858,,,
6884,4/15/26 8:49,24.933,,,
6885,4/15/26 8:59,24.987,,,
6886,4/15/26 9:09,25.04,,,
6887,4/15/26 9:19,25.158,,,
6888,4/15/26 9:29,25.384,,,
6889,4/15/26 9:39,25.534,,,
6890,4/15/26 9:49,25.652,,,
6891,4/15/26 9:59,25.78,,,
6892,4/15/26 10:09,25.855,,,
6893,4/15/26 10:19,25.855,,,
6894,4/15/26 10:29,25.909,,,
6895,4/15/26 10:39,25.995,,,
6896,4/15/26 10:49,26.156,,,
6897,4/15/26 10:59,26.392,,,
6898,4/15/26 11:09,26.531,,,
6899,4/15/26 11:19,26.638,,,
6900,4/15/26 11:29,26.703,,,
6901,4/15/26 11:39,26.885,,,
6902,4/15/26 11:49,27.142,,,
6903,4/15/26 11:59,27.239,,,
6904,4/15/26 12:09,27.346,,,
6905,4/15/26 12:19,27.829,,,
6906,4/15/26 12:29,27.979,,,
6907,4/15/26 12:39,27.968,,,
6908,4/15/26 12:49,27.979,,,
6909,4/15/26 12:59,28.011,,,
6910,4/15/26 13:09,28.204,,,
6911,4/15/26 13:19,28.215,,,
6912,4/15/26 13:29,28.183,,,
6913,4/15/26 13:39,28.086,,,
6914,4/15/26 13:49,27.925,,,
6915,4/15/26 13:59,27.818,,,
6916,4/15/26 14:09,27.775,,,
6917,4/15/26 14:19,27.85,,,
6918,4/15/26 14:29,27.765,,,
6919,4/15/26 14:39,27.765,,,
6920,4/15/26 14:49,27.807,,,
6921,4/15/26 14:59,27.979,,,
6922,4/15/26 15:09,28.065,,,
6923,4/15/26 15:19,28,,,
6924,4/15/26 15:29,27.968,,,
6925,4/15/26 15:39,27.882,,,
6926,4/15/26 15:49,27.765,,,
6927,4/15/26 15:59,27.679,,,
6928,4/15/26 16:09,27.507,,,
6929,4/15/26 16:19,27.336,,,
6930,4/15/26 16:29,27.175,,,
6931,4/15/26 16:39,27.035,,,
6932,4/15/26 16:49,26.917,,,
6933,4/15/26 16:59,26.831,,,
6934,4/15/26 17:09,26.735,,,
6935,4/15/26 17:19,26.66,,,
6936,4/15/26 17:29,26.585,,,
6937,4/15/26 17:39,26.477,,,
6938,4/15/26 17:49,26.381,,,
6939,4/15/26 17:59,26.252,,,
6940,4/15/26 18:09,26.166,,,
6941,4/15/26 18:19,26.07,,,
6942,4/15/26 18:29,25.952,,,
6943,4/15/26 18:39,25.845,,,
6944,4/15/26 18:49,25.77,,,
6945,4/15/26 18:59,25.673,,,
6946,4/15/26 19:09,25.587,,,
6947,4/15/26 19:19,25.523,,,
6948,4/15/26 19:29,25.426,,,
6949,4/15/26 19:39,25.362,,,
6950,4/15/26 19:49,25.298,,,
6951,4/15/26 19:59,25.233,,,
6952,4/15/26 20:09,25.169,,,
6953,4/15/26 20:19,25.105,,,
6954,4/15/26 20:29,25.051,,,
6955,4/15/26 20:39,25.019,,,
6956,4/15/26 20:49,24.965,,,
6957,4/15/26 20:59,24.912,,,
6958,4/15/26 21:09,24.879,,,
6959,4/15/26 21:19,24.858,,,
6960,4/15/26 21:29,24.804,,,
6961,4/15/26 21:39,24.772,,,
6962,4/15/26 21:49,24.729,,,
6963,4/15/26 21:59,24.719,,,
6964,4/15/26 22:09,24.676,,,
6965,4/15/26 22:19,24.622,,,
6966,4/15/26 22:29,24.611,,,
6967,4/15/26 22:39,24.579,,,
6968,4/15/26 22:49,24.558,,,
6969,4/15/26 22:59,24.547,,,
6970,4/15/26 23:09,24.504,,,
6971,4/15/26 23:19,24.504,,,
6972,4/15/26 23:29,24.493,,,
6973,4/15/26 23:39,24.504,,,
6974,4/15/26 23:49,24.472,,,
6975,4/15/26 23:59,24.45,,,
6976,4/16/26 0:09,24.45,,,
6977,4/16/26 0:19,24.44,,,
6978,4/16/26 0:29,24.408,,,
6979,4/16/26 0:39,24.375,,,
6980,4/16/26 0:49,24.354,,,
6981,4/16/26 0:59,24.322,,,
6982,4/16/26 1:09,24.311,,,
6983,4/16/26 1:19,24.3,,,
6984,4/16/26 1:29,24.268,,,
6985,4/16/26 1:39,24.257,,,
6986,4/16/26 1:49,24.236,,,
6987,4/16/26 1:59,24.236,,,
6988,4/16/26 2:09,24.214,,,
6989,4/16/26 2:19,24.204,,,
6990,4/16/26 2:29,24.193,,,
6991,4/16/26 2:39,24.204,,,
6992,4/16/26 2:49,24.172,,,
6993,4/16/26 2:59,24.15,,,
6994,4/16/26 3:09,24.161,,,
6995,4/16/26 3:19,24.129,,,
6996,4/16/26 3:29,24.107,,,
6997,4/16/26 3:39,24.086,,,
6998,4/16/26 3:49,24.075,,,
6999,4/16/26 3:59,24.054,,,
7000,4/16/26 4:09,24.043,,,
7001,4/16/26 4:19,24.032,,,
7002,4/16/26 4:29,24,,,
7003,4/16/26 4:39,23.989,,,
7004,4/16/26 4:49,24,,,
7005,4/16/26 4:59,23.979,,,
7006,4/16/26 5:09,23.979,,,
7007,4/16/26 5:19,23.968,,,
7008,4/16/26 5:29,23.957,,,
7009,4/16/26 5:39,23.946,,,
7010,4/16/26 5:49,23.957,,,
7011,4/16/26 5:59,23.936,,,
7012,4/16/26 6:09,23.946,,,
7013,4/16/26 6:19,23.925,,,
7014,4/16/26 6:29,23.968,,,
7015,4/16/26 6:39,23.979,,,
7016,4/16/26 6:49,24.054,,,
7017,4/16/26 6:59,24.097,,,
7018,4/16/26 7:09,24.161,,,
7019,4/16/26 7:19,24.375,,,
7020,4/16/26 7:29,24.461,,,
7021,4/16/26 7:39,24.547,,,
7022,4/16/26 7:49,24.633,,,
7023,4/16/26 7:59,24.772,,,
7024,4/16/26 8:09,24.987,,,
7025,4/16/26 8:19,25.083,,,
7026,4/16/26 8:29,25.137,,,
7027,4/16/26 8:39,25.212,,,
7028,4/16/26 8:49,25.362,,,
7029,4/16/26 8:59,25.48,,,
7030,4/16/26 9:09,25.673,,,
7031,4/16/26 9:19,25.952,,,
7032,4/16/26 9:29,26.145,,,
7033,4/16/26 9:39,26.284,,,
7034,4/16/26 9:49,26.499,,,
7035,4/16/26 9:59,26.842,,,
7036,4/16/26 10:09,27.142,,,
7037,4/16/26 10:19,27.486,,,
7038,4/16/26 10:29,27.647,,,
7039,4/16/26 10:39,27.882,,,
7040,4/16/26 10:49,27.968,,,
7041,4/16/26 10:59,28.043,,,
7042,4/16/26 11:09,28.204,,,
7043,4/16/26 11:19,28.419,,,
7044,4/16/26 11:29,28.644,,,
7045,4/16/26 11:39,28.805,,,
7046,4/16/26 11:49,29.084,,,
7047,4/16/26 11:59,29.266,,,
7048,4/16/26 12:09,29.395,,,
7049,4/16/26 12:19,29.684,,,
7050,4/16/26 12:29,29.77,,,
7051,4/16/26 12:39,29.749,,,
7052,4/16/26 12:49,29.877,,,
7053,4/16/26 12:59,32.366,,,
7054,4/16/26 13:09,36.774,,,
7055,4/16/26 13:19,39.037,,,
7056,4/16/26 13:29,39.315,,,
7057,4/16/26 13:39,38.586,,,
7058,4/16/26 13:49,38.597,,,
7059,4/16/26 13:59,38.801,,,
7060,4/16/26 14:09,31.786,,,
7061,4/16/26 14:19,30.65,,,
7062,4/16/26 14:29,30.124,,,
7063,4/16/26 14:39,30.006,,,
7064,4/16/26 14:49,29.877,,,
7065,4/16/26 14:59,29.792,,,
7066,4/16/26 15:09,29.663,,,
7067,4/16/26 15:19,29.534,,,
7068,4/16/26 15:29,29.395,,,
7069,4/16/26 15:39,29.255,,,
7070,4/16/26 15:49,29.084,,,
7071,4/16/26 15:59,28.923,,,
7072,4/16/26 16:09,28.751,,,
7073,4/16/26 16:19,28.58,,,
7074,4/16/26 16:29,28.397,,,
7075,4/16/26 16:39,28.269,,,
7076,4/16/26 16:49,28.118,,,
7077,4/16/26 16:59,28,,,
7078,4/16/26 17:09,27.882,,,
7079,4/16/26 17:19,27.7,,,
7080,4/16/26 17:29,27.496,,,
7081,4/16/26 17:39,27.282,,,
7082,4/16/26 17:49,27.067,,,
7083,4/16/26 17:59,26.885,,,
7084,4/16/26 18:09,26.724,,,
7085,4/16/26 18:19,26.542,,,
7086,4/16/26 18:29,26.392,,,
7087,4/16/26 18:39,26.242,,,
7088,4/16/26 18:49,26.091,,,
7089,4/16/26 18:59,25.963,,,
7090,4/16/26 19:09,25.813,,,
7091,4/16/26 19:19,25.705,,,
7092,4/16/26 19:29,25.577,,,
7093,4/16/26 19:39,25.48,,,
7094,4/16/26 19:49,25.373,,,
7095,4/16/26 19:59,25.298,,,
7096,4/16/26 20:09,25.212,,,
7097,4/16/26 20:19,25.105,,,
7098,4/16/26 20:29,25.051,,,
7099,4/16/26 20:39,24.987,,,
7100,4/16/26 20:49,24.944,,,
7101,4/16/26 20:59,24.879,,,
7102,4/16/26 21:09,24.815,,,
7103,4/16/26 21:19,24.761,,,
7104,4/16/26 21:29,24.708,,,
7105,4/16/26 21:39,24.633,,,
7106,4/16/26 21:49,24.601,,,
7107,4/16/26 21:59,24.547,,,
7108,4/16/26 22:09,24.504,,,
7109,4/16/26 22:19,24.461,,,
7110,4/16/26 22:29,24.44,,,
7111,4/16/26 22:39,24.418,,,
7112,4/16/26 22:49,24.397,,,
7113,4/16/26 22:59,24.365,,,
7114,4/16/26 23:09,24.354,,,
7115,4/16/26 23:19,24.332,,,
7116,4/16/26 23:29,24.311,,,
7117,4/16/26 23:39,24.311,,,
7118,4/16/26 23:49,24.268,,,
7119,4/16/26 23:59,24.247,,,
7120,4/17/26 0:09,24.204,,,
7121,4/17/26 0:19,24.204,,,
7122,4/17/26 0:29,24.172,,,
7123,4/17/26 0:39,24.129,,,
7124,4/17/26 0:49,24.118,,,
7125,4/17/26 0:59,24.097,,,
7126,4/17/26 1:09,24.086,,,
7127,4/17/26 1:19,24.086,,,
7128,4/17/26 1:29,24.075,,,
7129,4/17/26 1:39,24.043,,,
7130,4/17/26 1:49,24.032,,,
7131,4/17/26 1:59,23.979,,,
7132,4/17/26 2:09,23.979,,,
7133,4/17/26 2:19,23.957,,,
7134,4/17/26 2:29,23.946,,,
7135,4/17/26 2:39,23.957,,,
7136,4/17/26 2:49,23.936,,,
7137,4/17/26 2:59,23.936,,,
7138,4/17/26 3:09,23.914,,,
7139,4/17/26 3:19,23.893,,,
7140,4/17/26 3:29,23.871,,,
7141,4/17/26 3:39,23.882,,,
7142,4/17/26 3:49,23.861,,,
7143,4/17/26 3:59,23.861,,,
7144,4/17/26 4:09,23.871,,,
7145,4/17/26 4:19,23.85,,,
7146,4/17/26 4:29,23.818,,,
7147,4/17/26 4:39,23.839,,,
7148,4/17/26 4:49,23.807,,,
7149,4/17/26 4:59,23.807,,,
7150,4/17/26 5:09,23.807,,,
7151,4/17/26 5:19,23.785,,,
7152,4/17/26 5:29,23.796,,,
7153,4/17/26 5:39,23.775,,,
7154,4/17/26 5:49,23.785,,,
7155,4/17/26 5:59,23.764,,,
7156,4/17/26 6:09,23.753,,,
7157,4/17/26 6:19,23.775,,,
7158,4/17/26 6:29,23.764,,,
7159,4/17/26 6:39,23.807,,,
7160,4/17/26 6:49,23.828,,,
7161,4/17/26 6:59,23.871,,,
7162,4/17/26 7:09,23.989,,,
7163,4/17/26 7:19,24.172,,,
7164,4/17/26 7:29,24.247,,,
7165,4/17/26 7:39,24.386,,,
7166,4/17/26 7:49,24.601,,,
7167,4/17/26 7:59,24.74,,,
7168,4/17/26 8:09,24.847,,,
7169,4/17/26 8:19,24.987,,,
7170,4/17/26 8:29,25.062,,,
7171,4/17/26 8:39,25.083,,,
7172,4/17/26 8:49,25.105,,,
7173,4/17/26 8:59,25.115,,,
7174,4/17/26 9:09,25.115,,,
7175,4/17/26 9:19,25.158,,,
7176,4/17/26 9:29,25.137,,,
7177,4/17/26 9:39,25.169,,,
7178,4/17/26 9:49,25.276,,,
7179,4/17/26 9:59,25.298,,,
7180,4/17/26 10:09,25.298,,,
7181,4/17/26 10:19,25.33,,,
7182,4/17/26 10:29,25.373,,,
7183,4/17/26 10:39,25.448,,,
7184,4/17/26 10:49,25.641,,,
7185,4/17/26 10:59,25.577,,,
7186,4/17/26 11:09,25.598,,,
7187,4/17/26 11:19,25.63,,,
7188,4/17/26 11:29,25.705,,,
7189,4/17/26 11:39,25.716,,,
7190,4/17/26 11:49,25.834,,,
7191,4/17/26 11:59,25.963,,,
7192,4/17/26 12:09,26.113,,,
7193,4/17/26 12:19,26.327,,,
7194,4/17/26 12:29,26.477,,,
7195,4/17/26 12:39,26.531,,,
7196,4/17/26 12:49,26.606,,,
7197,4/17/26 12:59,26.628,,,
7198,4/17/26 13:09,26.692,,,
7199,4/17/26 13:19,26.864,,,
7200,4/17/26 13:29,26.831,,,
7201,4/17/26 13:39,26.853,,,
7202,4/17/26 13:49,26.821,,,
7203,4/17/26 13:59,26.874,,,
7204,4/17/26 14:09,26.853,,,
7205,4/17/26 14:19,26.917,,,
7206,4/17/26 14:29,26.831,,,
7207,4/17/26 14:39,26.928,,,
7208,4/17/26 14:49,27.035,,,
7209,4/17/26 14:59,27.024,,,
7210,4/17/26 15:09,26.939,,,
7211,4/17/26 15:19,26.864,,,
7212,4/17/26 15:29,26.842,,,
7213,4/17/26 15:39,26.81,,,
7214,4/17/26 15:49,26.692,,,
7215,4/17/26 15:59,26.649,,,
7216,4/17/26 16:09,26.606,,,
7217,4/17/26 16:19,26.585,,,
7218,4/17/26 16:29,26.585,,,
7219,4/17/26 16:39,26.606,,,
7220,4/17/26 16:49,26.531,,,
7221,4/17/26 16:59,26.435,,,
7222,4/17/26 17:09,26.327,,,
7223,4/17/26 17:19,26.263,,,
7224,4/17/26 17:29,26.199,,,
7225,4/17/26 17:39,26.07,,,
7226,4/17/26 17:49,25.952,,,
7227,4/17/26 17:59,25.845,,,
7228,4/17/26 18:09,25.695,,,
7229,4/17/26 18:19,25.587,,,
7230,4/17/26 18:29,25.48,,,
7231,4/17/26 18:39,25.384,,,
7232,4/17/26 18:49,25.287,,,
7233,4/17/26 18:59,25.18,,,
7234,4/17/26 19:09,25.073,,,
7235,4/17/26 19:19,24.997,,,
7236,4/17/26 19:29,24.944,,,
7237,4/17/26 19:39,24.858,,,
7238,4/17/26 19:49,24.804,,,
7239,4/17/26 19:59,24.751,,,
7240,4/17/26 20:09,24.697,,,
7241,4/17/26 20:19,24.665,,,
7242,4/17/26 20:29,24.611,,,
7243,4/17/26 20:39,24.59,,,
7244,4/17/26 20:49,24.547,,,
7245,4/17/26 20:59,24.547,,,
7246,4/17/26 21:09,24.547,,,
7247,4/17/26 21:19,24.515,,,
7248,4/17/26 21:29,24.504,,,
7249,4/17/26 21:39,24.504,,,
7250,4/17/26 21:49,24.483,,,
7251,4/17/26 21:59,24.472,,,
7252,4/17/26 22:09,24.45,,,
7253,4/17/26 22:19,24.44,,,
7254,4/17/26 22:29,24.44,,,
7255,4/17/26 22:39,24.429,,,
7256,4/17/26 22:49,24.418,,,
7257,4/17/26 22:59,24.408,,,
7258,4/17/26 23:09,24.408,,,
7259,4/17/26 23:19,24.408,,,
7260,4/17/26 23:29,24.408,,,
7261,4/17/26 23:39,24.397,,,
7262,4/17/26 23:49,24.408,,,
7263,4/17/26 23:59,24.365,,,
7264,4/18/26 0:09,24.386,,,
7265,4/18/26 0:19,24.354,,,
7266,4/18/26 0:29,24.375,,,
7267,4/18/26 0:39,24.354,,,
7268,4/18/26 0:49,24.375,,,
7269,4/18/26 0:59,24.365,,,
7270,4/18/26 1:09,24.354,,,
7271,4/18/26 1:19,24.375,,,
7272,4/18/26 1:29,24.365,,,
7273,4/18/26 1:39,24.375,,,
7274,4/18/26 1:49,24.354,,,
7275,4/18/26 1:59,24.375,,,
7276,4/18/26 2:09,24.375,,,
7277,4/18/26 2:19,24.397,,,
7278,4/18/26 2:29,24.375,,,
7279,4/18/26 2:39,24.375,,,
7280,4/18/26 2:49,24.354,,,
7281,4/18/26 2:59,24.375,,,
7282,4/18/26 3:09,24.408,,,
7283,4/18/26 3:19,24.386,,,
7284,4/18/26 3:29,24.386,,,
7285,4/18/26 3:39,24.375,,,
7286,4/18/26 3:49,24.354,,,
7287,4/18/26 3:59,24.354,,,
7288,4/18/26 4:09,24.354,,,
7289,4/18/26 4:19,24.343,,,
7290,4/18/26 4:29,24.343,,,
7291,4/18/26 4:39,24.354,,,
7292,4/18/26 4:49,24.354,,,
7293,4/18/26 4:59,24.354,,,
7294,4/18/26 5:09,24.343,,,
7295,4/18/26 5:19,24.343,,,
7296,4/18/26 5:29,24.332,,,
7297,4/18/26 5:39,24.322,,,
7298,4/18/26 5:49,24.365,,,
7299,4/18/26 5:59,24.343,,,
7300,4/18/26 6:09,24.311,,,
7301,4/18/26 6:19,24.322,,,
7302,4/18/26 6:29,24.343,,,
7303,4/18/26 6:39,24.311,,,
7304,4/18/26 6:49,24.3,,,
7305,4/18/26 6:59,24.332,,,
7306,4/18/26 7:09,24.311,,,
7307,4/18/26 7:19,24.311,,,
7308,4/18/26 7:29,24.343,,,
7309,4/18/26 7:39,24.343,,,
7310,4/18/26 7:49,24.386,,,
7311,4/18/26 7:59,24.418,,,
7312,4/18/26 8:09,24.44,,,
7313,4/18/26 8:19,24.504,,,
7314,4/18/26 8:29,24.558,,,
7315,4/18/26 8:39,24.633,,,
7316,4/18/26 8:49,24.665,,,
7317,4/18/26 8:59,24.751,,,
7318,4/18/26 9:09,24.761,,,
7319,4/18/26 9:19,24.815,,,
7320,4/18/26 9:29,24.901,,,
7321,4/18/26 9:39,24.933,,,
7322,4/18/26 9:49,25.03,,,
7323,4/18/26 9:59,25.115,,,
7324,4/18/26 10:09,25.169,,,
7325,4/18/26 10:19,25.255,,,
7326,4/18/26 10:29,25.319,,,
7327,4/18/26 10:39,25.384,,,
7328,4/18/26 10:49,25.416,,,
7329,4/18/26 10:59,25.502,,,
7330,4/18/26 11:09,25.662,,,
7331,4/18/26 11:19,25.748,,,
7332,4/18/26 11:29,25.834,,,
7333,4/18/26 11:39,25.845,,,
7334,4/18/26 11:49,25.845,,,
7335,4/18/26 11:59,25.855,,,
7336,4/18/26 12:09,25.855,,,
7337,4/18/26 12:19,25.909,,,
7338,4/18/26 12:29,26.006,,,
7339,4/18/26 12:39,26.091,,,
7340,4/18/26 12:49,26.209,,,
7341,4/18/26 12:59,26.338,,,
7342,4/18/26 13:09,26.381,,,
7343,4/18/26 13:19,26.381,,,
7344,4/18/26 13:29,26.402,,,
7345,4/18/26 13:39,26.36,,,
7346,4/18/26 13:49,26.295,,,
7347,4/18/26 13:59,26.231,,,
7348,4/18/26 14:09,26.177,,,
7349,4/18/26 14:19,26.091,,,
7350,4/18/26 14:29,26.027,,,
7351,4/18/26 14:39,25.952,,,
7352,4/18/26 14:49,25.92,,,
7353,4/18/26 14:59,25.855,,,
7354,4/18/26 15:09,25.791,,,
7355,4/18/26 15:19,25.737,,,
7356,4/18/26 15:29,25.737,,,
7357,4/18/26 15:39,25.695,,,
7358,4/18/26 15:49,25.673,,,
7359,4/18/26 15:59,25.662,,,
7360,4/18/26 16:09,25.641,,,
7361,4/18/26 16:19,25.673,,,
7362,4/18/26 16:29,25.609,,,
7363,4/18/26 16:39,25.544,,,
7364,4/18/26 16:49,25.512,,,
7365,4/18/26 16:59,25.469,,,
7366,4/18/26 17:09,25.437,,,
7367,4/18/26 17:19,25.384,,,
7368,4/18/26 17:29,25.351,,,
7369,4/18/26 17:39,25.276,,,
7370,4/18/26 17:49,25.223,,,
7371,4/18/26 17:59,25.158,,,
7372,4/18/26 18:09,25.094,,,
7373,4/18/26 18:19,25.04,,,
7374,4/18/26 18:29,24.976,,,
7375,4/18/26 18:39,24.933,,,
7376,4/18/26 18:49,24.89,,,
7377,4/18/26 18:59,24.847,,,
7378,4/18/26 19:09,24.794,,,
7379,4/18/26 19:19,24.751,,,
7380,4/18/26 19:29,24.697,,,
7381,4/18/26 19:39,24.665,,,
7382,4/18/26 19:49,24.633,,,
7383,4/18/26 19:59,24.601,,,
7384,4/18/26 20:09,24.568,,,
7385,4/18/26 20:19,24.547,,,
7386,4/18/26 20:29,24.515,,,
7387,4/18/26 20:39,24.504,,,
7388,4/18/26 20:49,24.483,,,
7389,4/18/26 20:59,24.472,,,
7390,4/18/26 21:09,24.44,,,
7391,4/18/26 21:19,24.45,,,
7392,4/18/26 21:29,24.429,,,
7393,4/18/26 21:39,24.408,,,
7394,4/18/26 21:49,24.386,,,
7395,4/18/26 21:59,24.386,,,
7396,4/18/26 22:09,24.375,,,
7397,4/18/26 22:19,24.354,,,
7398,4/18/26 22:29,24.332,,,
7399,4/18/26 22:39,24.354,,,
7400,4/18/26 22:49,24.322,,,
7401,4/18/26 22:59,24.311,,,
7402,4/18/26 23:09,24.311,,,
7403,4/18/26 23:19,24.29,,,
7404,4/18/26 23:29,24.279,,,
7405,4/18/26 23:39,24.257,,,
7406,4/18/26 23:49,24.236,,,
7407,4/18/26 23:59,24.193,,,
7408,4/19/26 0:09,24.193,,,
7409,4/19/26 0:19,24.193,,,
7410,4/19/26 0:29,24.172,,,
7411,4/19/26 0:39,24.172,,,
7412,4/19/26 0:49,24.15,,,
7413,4/19/26 0:59,24.161,,,
7414,4/19/26 1:09,24.129,,,
7415,4/19/26 1:19,24.129,,,
7416,4/19/26 1:29,24.118,,,
7417,4/19/26 1:39,24.075,,,
7418,4/19/26 1:49,24.064,,,
7419,4/19/26 1:59,24.064,,,
7420,4/19/26 2:09,24.032,,,
7421,4/19/26 2:19,24.032,,,
7422,4/19/26 2:29,24,,,
7423,4/19/26 2:39,23.968,,,
7424,4/19/26 2:49,23.946,,,
7425,4/19/26 2:59,23.968,,,
7426,4/19/26 3:09,23.989,,,
7427,4/19/26 3:19,23.968,,,
7428,4/19/26 3:29,23.957,,,
7429,4/19/26 3:39,23.957,,,
7430,4/19/26 3:49,23.925,,,
7431,4/19/26 3:59,23.914,,,
7432,4/19/26 4:09,23.914,,,
7433,4/19/26 4:19,23.871,,,
7434,4/19/26 4:29,23.861,,,
7435,4/19/26 4:39,23.85,,,
7436,4/19/26 4:49,23.818,,,
7437,4/19/26 4:59,23.818,,,
7438,4/19/26 5:09,23.807,,,
7439,4/19/26 5:19,23.785,,,
7440,4/19/26 5:29,23.775,,,
7441,4/19/26 5:39,23.764,,,
7442,4/19/26 5:49,23.732,,,
7443,4/19/26 5:59,23.7,,,
7444,4/19/26 6:09,23.678,,,
7445,4/19/26 6:19,23.678,,,
7446,4/19/26 6:29,23.7,,,
7447,4/19/26 6:39,23.743,,,
7448,4/19/26 6:49,23.828,,,
7449,4/19/26 6:59,23.914,,,
7450,4/19/26 7:09,24.043,,,
7451,4/19/26 7:19,24.129,,,
7452,4/19/26 7:29,24.204,,,
7453,4/19/26 7:39,24.332,,,
7454,4/19/26 7:49,24.472,,,
7455,4/19/26 7:59,24.644,,,
7456,4/19/26 8:09,24.772,,,
7457,4/19/26 8:19,24.922,,,
7458,4/19/26 8:29,25.051,,,
7459,4/19/26 8:39,25.126,,,
7460,4/19/26 8:49,25.255,,,
7461,4/19/26 8:59,25.416,,,
7462,4/19/26 9:09,25.619,,,
7463,4/19/26 9:19,25.813,,,
7464,4/19/26 9:29,25.952,,,
7465,4/19/26 9:39,26.113,,,
7466,4/19/26 9:49,26.22,,,
7467,4/19/26 9:59,26.36,,,
7468,4/19/26 10:09,26.488,,,
7469,4/19/26 10:19,26.595,,,
7470,4/19/26 10:29,26.724,,,
7471,4/19/26 10:39,26.842,,,
7472,4/19/26 10:49,26.949,,,
7473,4/19/26 10:59,27.1,,,
7474,4/19/26 11:09,27.218,,,
7475,4/19/26 11:19,27.314,,,
7476,4/19/26 11:29,27.368,,,
7477,4/19/26 11:39,27.453,,,
7478,4/19/26 11:49,27.614,,,
7479,4/19/26 11:59,27.786,,,
7480,4/19/26 12:09,27.947,,,
7481,4/19/26 12:19,28.076,,,
7482,4/19/26 12:29,28.097,,,
7483,4/19/26 12:39,28.408,,,
7484,4/19/26 12:49,28.547,,,
7485,4/19/26 12:59,28.59,,,
7486,4/19/26 13:09,29.127,,,
7487,4/19/26 13:19,29.18,,,
7488,4/19/26 13:29,29.974,,,
7489,4/19/26 13:39,31.1,,,
7490,4/19/26 13:49,32.998,,,
7491,4/19/26 13:59,32.526,,,
7492,4/19/26 14:09,33.052,,,
7493,4/19/26 14:19,32.108,,,
7494,4/19/26 14:29,30.296,,,
7495,4/19/26 14:39,31.636,,,
7496,4/19/26 14:49,32.237,,,
7497,4/19/26 14:59,32.516,,,
7498,4/19/26 15:09,31.615,,,
7499,4/19/26 15:19,32.58,,,
7500,4/19/26 15:29,31.368,,,
7501,4/19/26 15:39,30.188,,,
7502,4/19/26 15:49,29.32,,,
7503,4/19/26 15:59,28.58,,,
7504,4/19/26 16:09,28.29,,,
7505,4/19/26 16:19,28.183,,,
7506,4/19/26 16:29,28.033,,,
7507,4/19/26 16:39,27.958,,,
7508,4/19/26 16:49,27.829,,,
7509,4/19/26 16:59,27.636,,,
7510,4/19/26 17:09,27.432,,,
7511,4/19/26 17:19,27.228,,,
7512,4/19/26 17:29,27.067,,,
7513,4/19/26 17:39,26.896,,,
7514,4/19/26 17:49,26.724,,,
7515,4/19/26 17:59,26.563,,,
7516,4/19/26 18:09,26.413,,,
7517,4/19/26 18:19,26.295,,,
7518,4/19/26 18:29,26.177,,,
7519,4/19/26 18:39,26.059,,,
7520,4/19/26 18:49,25.963,,,
7521,4/19/26 18:59,25.866,,,
7522,4/19/26 19:09,25.78,,,
7523,4/19/26 19:19,25.673,,,
7524,4/19/26 19:29,25.609,,,
7525,4/19/26 19:39,25.544,,,
7526,4/19/26 19:49,25.491,,,
7527,4/19/26 19:59,25.426,,,
7528,4/19/26 20:09,25.394,,,
7529,4/19/26 20:19,25.33,,,
7530,4/19/26 20:29,25.287,,,
7531,4/19/26 20:39,25.244,,,
7532,4/19/26 20:49,25.201,,,
7533,4/19/26 20:59,25.18,,,
7534,4/19/26 21:09,25.115,,,
7535,4/19/26 21:19,25.094,,,
7536,4/19/26 21:29,25.051,,,
7537,4/19/26 21:39,25.03,,,
7538,4/19/26 21:49,25.008,,,
7539,4/19/26 21:59,24.997,,,
7540,4/19/26 22:09,24.987,,,
7541,4/19/26 22:19,24.944,,,
7542,4/19/26 22:29,24.922,,,
7543,4/19/26 22:39,24.922,,,
7544,4/19/26 22:49,24.901,,,
7545,4/19/26 22:59,24.858,,,
7546,4/19/26 23:09,24.879,,,
7547,4/19/26 23:19,24.847,,,
7548,4/19/26 23:29,24.815,,,
7549,4/19/26 23:39,24.815,,,
7550,4/19/26 23:49,24.815,,,
7551,4/19/26 23:59,24.815,,,
7552,4/20/26 0:09,24.772,,,
7553,4/20/26 0:19,24.772,,,
7554,4/20/26 0:29,24.783,,,
7555,4/20/26 0:39,24.772,,,
7556,4/20/26 0:49,24.761,,,
7557,4/20/26 0:59,24.751,,,
7558,4/20/26 1:09,24.751,,,
7559,4/20/26 1:19,24.74,,,
7560,4/20/26 1:29,24.719,,,
7561,4/20/26 1:39,24.708,,,
7562,4/20/26 1:49,24.686,,,
7563,4/20/26 1:59,24.697,,,
7564,4/20/26 2:09,24.665,,,
7565,4/20/26 2:19,24.665,,,
7566,4/20/26 2:29,24.686,,,
7567,4/20/26 2:39,24.686,,,
7568,4/20/26 2:49,24.654,,,
7569,4/20/26 2:59,24.665,,,
7570,4/20/26 3:09,24.676,,,
7571,4/20/26 3:19,24.654,,,
7572,4/20/26 3:29,24.633,,,
7573,4/20/26 3:39,24.665,,,
7574,4/20/26 3:49,24.622,,,
7575,4/20/26 3:59,24.644,,,
7576,4/20/26 4:09,24.644,,,
7577,4/20/26 4:19,24.644,,,
7578,4/20/26 4:29,24.644,,,
7579,4/20/26 4:39,24.622,,,
7580,4/20/26 4:49,24.611,,,
7581,4/20/26 4:59,24.611,,,
7582,4/20/26 5:09,24.633,,,
7583,4/20/26 5:19,24.633,,,
7584,4/20/26 5:29,24.644,,,
7585,4/20/26 5:39,24.622,,,
7586,4/20/26 5:49,24.633,,,
7587,4/20/26 5:59,24.601,,,
7588,4/20/26 6:09,24.568,,,
7589,4/20/26 6:19,24.558,,,
7590,4/20/26 6:29,24.547,,,
7591,4/20/26 6:39,24.59,,,
7592,4/20/26 6:49,24.622,,,
7593,4/20/26 6:59,24.611,,,
7594,4/20/26 7:09,24.622,,,
7595,4/20/26 7:19,24.665,,,
7596,4/20/26 7:29,24.676,,,
7597,4/20/26 7:39,24.761,,,
7598,4/20/26 7:49,24.815,,,
7599,4/20/26 7:59,24.869,,,
7600,4/20/26 8:09,24.869,,,
7601,4/20/26 8:19,24.901,,,
7602,4/20/26 8:29,24.922,,,
7603,4/20/26 8:39,24.922,,,
7604,4/20/26 8:49,24.869,,,
7605,4/20/26 8:59,24.815,,,
7606,4/20/26 9:09,24.761,,,
7607,4/20/26 9:19,24.719,,,
7608,4/20/26 9:29,24.74,,,
7609,4/20/26 9:39,24.761,,,
7610,4/20/26 9:49,24.804,,,
7611,4/20/26 9:59,24.858,,,
7612,4/20/26 10:09,24.901,,,
7613,4/20/26 10:19,25.04,,,
7614,4/20/26 10:29,25.148,,,
7615,4/20/26 10:39,25.255,,,
7616,4/20/26 10:49,25.437,,,
7617,4/20/26 10:59,25.598,,,
7618,4/20/26 11:09,25.866,,,
7619,4/20/26 11:19,26.124,,,
7620,4/20/26 11:29,26.317,,,
7621,4/20/26 11:39,26.456,,,
7622,4/20/26 11:49,26.595,,,
7623,4/20/26 11:59,26.799,,,
7624,4/20/26 12:09,27.067,,,
7625,4/20/26 12:19,27.389,,,
7626,4/20/26 12:29,27.722,,,
7627,4/20/26 12:39,28.022,,,
7628,4/20/26 12:49,28.569,,,
7629,4/20/26 12:59,28.44,,,
7630,4/20/26 13:09,28.376,,,
7631,4/20/26 13:19,28.301,,,
7632,4/20/26 13:29,28.183,,,
7633,4/20/26 13:39,28.065,,,
7634,4/20/26 13:49,27.936,,,
7635,4/20/26 13:59,27.818,,,
7636,4/20/26 14:09,27.743,,,
7637,4/20/26 14:19,27.647,,,
7638,4/20/26 14:29,27.561,,,
7639,4/20/26 14:39,27.518,,,
7640,4/20/26 14:49,27.486,,,
7641,4/20/26 14:59,27.475,,,
7642,4/20/26 15:09,27.4,,,
7643,4/20/26 15:19,27.336,,,
7644,4/20/26 15:29,27.282,,,
7645,4/20/26 15:39,27.26,,,
7646,4/20/26 15:49,27.228,,,
7647,4/20/26 15:59,27.164,,,
7648,4/20/26 16:09,27.11,,,
7649,4/20/26 16:19,27.014,,,
7650,4/20/26 16:29,26.939,,,
7651,4/20/26 16:39,26.864,,,
7652,4/20/26 16:49,26.778,,,
7653,4/20/26 16:59,26.703,,,
7654,4/20/26 17:09,26.628,,,
7655,4/20/26 17:19,26.542,,,
7656,4/20/26 17:29,26.456,,,
7657,4/20/26 17:39,26.37,,,
7658,4/20/26 17:49,26.284,,,
7659,4/20/26 17:59,26.209,,,
7660,4/20/26 18:09,26.124,,,
7661,4/20/26 18:19,26.006,,,
7662,4/20/26 18:29,25.909,,,
7663,4/20/26 18:39,25.866,,,
7664,4/20/26 18:49,25.77,,,
7665,4/20/26 18:59,25.705,,,
7666,4/20/26 19:09,25.619,,,
7667,4/20/26 19:19,25.555,,,
7668,4/20/26 19:29,25.459,,,
7669,4/20/26 19:39,25.426,,,
7670,4/20/26 19:49,25.351,,,
7671,4/20/26 19:59,25.287,,,
7672,4/20/26 20:09,25.223,,,
7673,4/20/26 20:19,25.201,,,
7674,4/20/26 20:29,25.137,,,
7675,4/20/26 20:39,25.094,,,
7676,4/20/26 20:49,25.083,,,
7677,4/20/26 20:59,25.04,,,
7678,4/20/26 21:09,25.019,,,
7679,4/20/26 21:19,24.997,,,
7680,4/20/26 21:29,24.976,,,
7681,4/20/26 21:39,24.955,,,
7682,4/20/26 21:49,24.944,,,
7683,4/20/26 21:59,24.912,,,
7684,4/20/26 22:09,24.901,,,
7685,4/20/26 22:19,24.89,,,
7686,4/20/26 22:29,24.869,,,
7687,4/20/26 22:39,24.858,,,
7688,4/20/26 22:49,24.869,,,
7689,4/20/26 22:59,24.837,,,
7690,4/20/26 23:09,24.837,,,
7691,4/20/26 23:19,24.826,,,
7692,4/20/26 23:29,24.815,,,
7693,4/20/26 23:39,24.783,,,
7694,4/20/26 23:49,24.761,,,
7695,4/20/26 23:59,24.761,,,
7696,4/21/26 0:09,24.751,,,
7697,4/21/26 0:19,24.751,,,
7698,4/21/26 0:29,24.729,,,
7699,4/21/26 0:39,24.729,,,
7700,4/21/26 0:49,24.719,,,
7701,4/21/26 0:59,24.719,,,
7702,4/21/26 1:09,24.697,,,
7703,4/21/26 1:19,24.676,,,
7704,4/21/26 1:29,24.697,,,
7705,4/21/26 1:39,24.686,,,
7706,4/21/26 1:49,24.686,,,
7707,4/21/26 1:59,24.654,,,
7708,4/21/26 2:09,24.665,,,
7709,4/21/26 2:19,24.676,,,
7710,4/21/26 2:29,24.686,,,
7711,4/21/26 2:39,24.665,,,
7712,4/21/26 2:49,24.633,,,
7713,4/21/26 2:59,24.644,,,
7714,4/21/26 3:09,24.611,,,
7715,4/21/26 3:19,24.579,,,
7716,4/21/26 3:29,24.558,,,
7717,4/21/26 3:39,24.526,,,
7718,4/21/26 3:49,24.526,,,
7719,4/21/26 3:59,24.493,,,
7720,4/21/26 4:09,24.45,,,
7721,4/21/26 4:19,24.44,,,
7722,4/21/26 4:29,24.429,,,
7723,4/21/26 4:39,24.397,,,
7724,4/21/26 4:49,24.375,,,
7725,4/21/26 4:59,24.354,,,
7726,4/21/26 5:09,24.343,,,
7727,4/21/26 5:19,24.332,,,
7728,4/21/26 5:29,24.29,,,
7729,4/21/26 5:39,24.29,,,
7730,4/21/26 5:49,24.279,,,
7731,4/21/26 5:59,24.268,,,
7732,4/21/26 6:09,24.214,,,
7733,4/21/26 6:19,24.247,,,
7734,4/21/26 6:29,24.225,,,
7735,4/21/26 6:39,24.257,,,
7736,4/21/26 6:49,24.257,,,
7737,4/21/26 6:59,24.343,,,
7738,4/21/26 7:09,24.44,,,
7739,4/21/26 7:19,24.611,,,
7740,4/21/26 7:29,24.804,,,
7741,4/21/26 7:39,24.987,,,
7742,4/21/26 7:49,25.201,,,
7743,4/21/26 7:59,25.384,,,
7744,4/21/26 8:09,25.587,,,
7745,4/21/26 8:19,25.759,,,
7746,4/21/26 8:29,25.963,,,
7747,4/21/26 8:39,26.156,,,
7748,4/21/26 8:49,26.435,,,
7749,4/21/26 8:59,28.59,,,
7750,4/21/26 9:09,29.974,,,
7751,4/21/26 9:19,30.875,,,
7752,4/21/26 9:29,32.173,,,
7753,4/21/26 9:39,31.55,,,
7754,4/21/26 9:49,28.322,,,
7755,4/21/26 9:59,28.301,,,
7756,4/21/26 10:09,28.483,,,
7757,4/21/26 10:19,28.698,,,
7758,4/21/26 10:29,28.848,,,
7759,4/21/26 10:39,29.041,,,
7760,4/21/26 10:49,29.202,,,
7761,4/21/26 10:59,29.33,,,
7762,4/21/26 11:09,29.427,,,
7763,4/21/26 11:19,29.545,,,
7764,4/21/26 11:29,29.674,,,
7765,4/21/26 11:39,29.824,,,
7766,4/21/26 11:49,29.652,,,
7767,4/21/26 11:59,29.706,,,
7768,4/21/26 12:09,29.674,,,
7769,4/21/26 12:19,29.952,,,
7770,4/21/26 12:29,30.103,,,
7771,4/21/26 12:39,30.231,,,
7772,4/21/26 12:49,30.371,,,
7773,4/21/26 12:59,30.199,,,
7774,4/21/26 13:09,29.91,,,
7775,4/21/26 13:19,29.631,,,
7776,4/21/26 13:29,29.384,,,
7777,4/21/26 13:39,29.137,,,
7778,4/21/26 13:49,28.901,,,
7779,4/21/26 13:59,28.73,,,
7780,4/21/26 14:09,28.601,,,
7781,4/21/26 14:19,28.376,,,
7782,4/21/26 14:29,28.226,,,
7783,4/21/26 14:39,28.215,,,
7784,4/21/26 14:49,28.279,,,
7785,4/21/26 14:59,28.344,,,
7786,4/21/26 15:09,28.408,,,
7787,4/21/26 15:19,28.451,,,
7788,4/21/26 15:29,28.472,,,
7789,4/21/26 15:39,28.472,,,
7790,4/21/26 15:49,28.419,,,
7791,4/21/26 15:59,28.408,,,
7792,4/21/26 16:09,28.322,,,
7793,4/21/26 16:19,28.194,,,
7794,4/21/26 16:29,28.108,,,
7795,4/21/26 16:39,28,,,
7796,4/21/26 16:49,27.893,,,
7797,4/21/26 16:59,27.765,,,
7798,4/21/26 17:09,27.614,,,
7799,4/21/26 17:19,27.475,,,
7800,4/21/26 17:29,27.336,,,
7801,4/21/26 17:39,27.185,,,
7802,4/21/26 17:49,27.046,,,
7803,4/21/26 17:59,26.917,,,
7804,4/21/26 18:09,26.789,,,
7805,4/21/26 18:19,26.671,,,
7806,4/21/26 18:29,26.542,,,
7807,4/21/26 18:39,26.445,,,
7808,4/21/26 18:49,26.317,,,
7809,4/21/26 18:59,26.166,,,
7810,4/21/26 19:09,26.059,,,
7811,4/21/26 19:19,25.963,,,
7812,4/21/26 19:29,25.909,,,
7813,4/21/26 19:39,25.823,,,
7814,4/21/26 19:49,25.759,,,
7815,4/21/26 19:59,25.705,,,
7816,4/21/26 20:09,25.641,,,
7817,4/21/26 20:19,25.587,,,
7818,4/21/26 20:29,25.566,,,
7819,4/21/26 20:39,25.512,,,
7820,4/21/26 20:49,25.437,,,
7821,4/21/26 20:59,25.416,,,
7822,4/21/26 21:09,25.341,,,
7823,4/21/26 21:19,25.298,,,
7824,4/21/26 21:29,25.276,,,
7825,4/21/26 21:39,25.266,,,
7826,4/21/26 21:49,25.233,,,
7827,4/21/26 21:59,25.201,,,
7828,4/21/26 22:09,25.18,,,
7829,4/21/26 22:19,25.169,,,
7830,4/21/26 22:29,25.158,,,
7831,4/21/26 22:39,25.137,,,
7832,4/21/26 22:49,25.094,,,
7833,4/21/26 22:59,25.073,,,
7834,4/21/26 23:09,25.03,,,
7835,4/21/26 23:19,25.019,,,
7836,4/21/26 23:29,24.955,,,
7837,4/21/26 23:39,24.944,,,
7838,4/21/26 23:49,24.922,,,
7839,4/21/26 23:59,24.89,,,
7840,4/22/26 0:09,24.869,,,
7841,4/22/26 0:19,24.847,,,
7842,4/22/26 0:29,24.826,,,
7843,4/22/26 0:39,24.815,,,
7844,4/22/26 0:49,24.772,,,
7845,4/22/26 0:59,24.772,,,
7846,4/22/26 1:09,24.751,,,
7847,4/22/26 1:19,24.729,,,
7848,4/22/26 1:29,24.719,,,
7849,4/22/26 1:39,24.719,,,
7850,4/22/26 1:49,24.686,,,
7851,4/22/26 1:59,24.719,,,
7852,4/22/26 2:09,24.708,,,
7853,4/22/26 2:19,24.697,,,
7854,4/22/26 2:29,24.676,,,
7855,4/22/26 2:39,24.676,,,
7856,4/22/26 2:49,24.686,,,
7857,4/22/26 2:59,24.686,,,
7858,4/22/26 3:09,24.686,,,
7859,4/22/26 3:19,24.654,,,
7860,4/22/26 3:29,24.644,,,
7861,4/22/26 3:39,24.654,,,
7862,4/22/26 3:49,24.633,,,
7863,4/22/26 3:59,24.644,,,
7864,4/22/26 4:09,24.665,,,
7865,4/22/26 4:19,24.665,,,
7866,4/22/26 4:29,24.644,,,
7867,4/22/26 4:39,24.644,,,
7868,4/22/26 4:49,24.644,,,
7869,4/22/26 4:59,24.622,,,
7870,4/22/26 5:09,24.622,,,
7871,4/22/26 5:19,24.622,,,
7872,4/22/26 5:29,24.611,,,
7873,4/22/26 5:39,24.59,,,
7874,4/22/26 5:49,24.59,,,
7875,4/22/26 5:59,24.59,,,
7876,4/22/26 6:09,24.611,,,
7877,4/22/26 6:19,24.59,,,
7878,4/22/26 6:29,24.579,,,
7879,4/22/26 6:39,24.611,,,
7880,4/22/26 6:49,24.601,,,
7881,4/22/26 6:59,24.633,,,
7882,4/22/26 7:09,24.686,,,
7883,4/22/26 7:19,24.869,,,
7884,4/22/26 7:29,25.051,,,
7885,4/22/26 7:39,25.244,,,
7886,4/22/26 7:49,25.426,,,
7887,4/22/26 7:59,25.652,,,
7888,4/22/26 8:09,25.855,,,
7889,4/22/26 8:19,26.059,,,
7890,4/22/26 8:29,26.124,,,
7891,4/22/26 8:39,26.209,,,
7892,4/22/26 8:49,26.274,,,
7893,4/22/26 8:59,26.306,,,
7894,4/22/26 9:09,26.317,,,
7895,4/22/26 9:19,26.445,,,
7896,4/22/26 9:29,26.703,,,
7897,4/22/26 9:39,27.014,,,
7898,4/22/26 9:49,27.282,,,
7899,4/22/26 9:59,27.614,,,
7900,4/22/26 10:09,27.904,,,
7901,4/22/26 10:19,28.14,,,
7902,4/22/26 10:29,28.344,,,
7903,4/22/26 10:39,28.58,,,
7904,4/22/26 10:49,28.419,,,
7905,4/22/26 10:59,28.558,,,
7906,4/22/26 11:09,28.687,,,
7907,4/22/26 11:19,28.365,,,
7908,4/22/26 11:29,28.279,,,
7909,4/22/26 11:39,28.59,,,
7910,4/22/26 11:49,28.837,,,
7911,4/22/26 11:59,28.826,,,
7912,4/22/26 12:09,29.363,,,
7913,4/22/26 12:19,28.923,,,
7914,4/22/26 12:29,28.848,,,
7915,4/22/26 12:39,28.923,,,
7916,4/22/26 12:49,29.255,,,
7917,4/22/26 12:59,29.33,,,
7918,4/22/26 13:09,29.438,,,
7919,4/22/26 13:19,29.416,,,
7920,4/22/26 13:29,29.459,,,
7921,4/22/26 13:39,29.491,,,
7922,4/22/26 13:49,29.33,,,
7923,4/22/26 13:59,29.202,,,
7924,4/22/26 14:09,29.245,,,
7925,4/22/26 14:19,29.245,,,
7926,4/22/26 14:29,29.202,,,
7927,4/22/26 14:39,29.159,,,
7928,4/22/26 14:49,29.159,,,
7929,4/22/26 14:59,29.148,,,
7930,4/22/26 15:09,29.105,,,
7931,4/22/26 15:19,29.03,,,
7932,4/22/26 15:29,28.944,,,
7933,4/22/26 15:39,28.848,,,
7934,4/22/26 15:49,28.783,,,
7935,4/22/26 15:59,28.665,,,
7936,4/22/26 16:09,28.505,,,
7937,4/22/26 16:19,28.365,,,
7938,4/22/26 16:29,28.247,,,
7939,4/22/26 16:39,28.118,,,
7940,4/22/26 16:49,27.979,,,
7941,4/22/26 16:59,27.85,,,
7942,4/22/26 17:09,27.7,,,
7943,4/22/26 17:19,27.561,,,
7944,4/22/26 17:29,27.443,,,
7945,4/22/26 17:39,27.303,,,
7946,4/22/26 17:49,27.142,,,
7947,4/22/26 17:59,27.003,,,
7948,4/22/26 18:09,26.896,,,
7949,4/22/26 18:19,26.767,,,
7950,4/22/26 18:29,26.628,,,
7951,4/22/26 18:39,26.499,,,
7952,4/22/26 18:49,26.381,,,
7953,4/22/26 18:59,26.242,,,
7954,4/22/26 19:09,26.124,,,
7955,4/22/26 19:19,25.973,,,
7956,4/22/26 19:29,25.877,,,
7957,4/22/26 19:39,25.77,,,
7958,4/22/26 19:49,25.662,,,
7959,4/22/26 19:59,25.587,,,
7960,4/22/26 20:09,25.491,,,
7961,4/22/26 20:19,25.426,,,
7962,4/22/26 20:29,25.373,,,
7963,4/22/26 20:39,25.287,,,
7964,4/22/26 20:49,25.244,,,
7965,4/22/26 20:59,25.201,,,
7966,4/22/26 21:09,25.18,,,
7967,4/22/26 21:19,25.126,,,
7968,4/22/26 21:29,25.094,,,
7969,4/22/26 21:39,25.094,,,
7970,4/22/26 21:49,25.051,,,
7971,4/22/26 21:59,25.073,,,
7972,4/22/26 22:09,25.073,,,
7973,4/22/26 22:19,25.04,,,
7974,4/22/26 22:29,25.008,,,
7975,4/22/26 22:39,24.997,,,
7976,4/22/26 22:49,24.965,,,
7977,4/22/26 22:59,24.976,,,
7978,4/22/26 23:09,24.987,,,
7979,4/22/26 23:19,24.976,,,
7980,4/22/26 23:29,24.955,,,
7981,4/22/26 23:39,24.933,,,
7982,4/22/26 23:49,24.933,,,
7983,4/22/26 23:59,24.922,,,
7984,4/23/26 0:09,24.933,,,
7985,4/23/26 0:19,24.89,,,
7986,4/23/26 0:29,24.869,,,
7987,4/23/26 0:39,24.89,,,
7988,4/23/26 0:49,24.89,,,
7989,4/23/26 0:59,24.901,,,
7990,4/23/26 1:09,24.869,,,
7991,4/23/26 1:19,24.869,,,
7992,4/23/26 1:29,24.826,,,
7993,4/23/26 1:39,24.794,,,
7994,4/23/26 1:49,24.772,,,
7995,4/23/26 1:59,24.751,,,
7996,4/23/26 2:09,24.74,,,
7997,4/23/26 2:19,24.729,,,
7998,4/23/26 2:29,24.719,,,
7999,4/23/26 2:39,24.676,,,
8000,4/23/26 2:49,24.676,,,
8001,4/23/26 2:59,24.665,,,
8002,4/23/26 3:09,24.665,,,
8003,4/23/26 3:19,24.633,,,
8004,4/23/26 3:29,24.633,,,
8005,4/23/26 3:39,24.622,,,
8006,4/23/26 3:49,24.611,,,
8007,4/23/26 3:59,24.601,,,
8008,4/23/26 4:09,24.622,,,
8009,4/23/26 4:19,24.59,,,
8010,4/23/26 4:29,24.601,,,
8011,4/23/26 4:39,24.59,,,
8012,4/23/26 4:49,24.558,,,
8013,4/23/26 4:59,24.547,,,
8014,4/23/26 5:09,24.536,,,
8015,4/23/26 5:19,24.504,,,
8016,4/23/26 5:29,24.472,,,
8017,4/23/26 5:39,24.472,,,
8018,4/23/26 5:49,24.45,,,
8019,4/23/26 5:59,24.461,,,
8020,4/23/26 6:09,24.45,,,
8021,4/23/26 6:19,24.45,,,
8022,4/23/26 6:29,24.483,,,
8023,4/23/26 6:39,24.558,,,
8024,4/23/26 6:49,24.59,,,
8025,4/23/26 6:59,24.622,,,
8026,4/23/26 7:09,24.611,,,
8027,4/23/26 7:19,24.644,,,
8028,4/23/26 7:29,24.686,,,
8029,4/23/26 7:39,24.761,,,
8030,4/23/26 7:49,24.847,,,
8031,4/23/26 7:59,24.944,,,
8032,4/23/26 8:09,25.115,,,
8033,4/23/26 8:19,25.201,,,
8034,4/23/26 8:29,25.287,,,
8035,4/23/26 8:39,25.319,,,
8036,4/23/26 8:49,25.341,,,
8037,4/23/26 8:59,25.362,,,
8038,4/23/26 9:09,25.405,,,
8039,4/23/26 9:19,25.459,,,
8040,4/23/26 9:29,25.587,,,
8041,4/23/26 9:39,25.802,,,
8042,4/23/26 9:49,25.973,,,
8043,4/23/26 9:59,26.134,,,
8044,4/23/26 10:09,26.36,,,
8045,4/23/26 10:19,26.52,,,
8046,4/23/26 10:29,26.703,,,
8047,4/23/26 10:39,26.563,,,
8048,4/23/26 10:49,28.258,,,
8049,4/23/26 10:59,27.604,,,
8050,4/23/26 11:09,27.668,,,
8051,4/23/26 11:19,27.732,,,
8052,4/23/26 11:29,28.097,,,
8053,4/23/26 11:39,27.925,,,
8054,4/23/26 11:49,30.188,,,
8055,4/23/26 11:59,29.47,,,
8056,4/23/26 12:09,31.336,,,
8057,4/23/26 12:19,32.012,,,
8058,4/23/26 12:29,28,,,
8059,4/23/26 12:39,27.7,,,
8060,4/23/26 12:49,28.505,,,
8061,4/23/26 12:59,28.569,,,
8062,4/23/26 13:09,28.397,,,
8063,4/23/26 13:19,28.151,,,
8064,4/23/26 13:29,27.915,,,
8065,4/23/26 13:39,27.882,,,
8066,4/23/26 13:49,27.915,,,
8067,4/23/26 13:59,27.904,,,
8068,4/23/26 14:09,27.882,,,
8069,4/23/26 14:19,27.947,,,
8070,4/23/26 14:29,28.076,,,
8071,4/23/26 14:39,28.14,,,
8072,4/23/26 14:49,28.076,,,
8073,4/23/26 14:59,28,,,
8074,4/23/26 15:09,28.022,,,
8075,4/23/26 15:19,28.011,,,
8076,4/23/26 15:29,27.893,,,
8077,4/23/26 15:39,27.722,,,
8078,4/23/26 15:49,27.625,,,
8079,4/23/26 15:59,27.518,,,
8080,4/23/26 16:09,27.464,,,
8081,4/23/26 16:19,27.378,,,
8082,4/23/26 16:29,27.346,,,
8083,4/23/26 16:39,27.26,,,
8084,4/23/26 16:49,27.185,,,
8085,4/23/26 16:59,27.1,,,
8086,4/23/26 17:09,27.024,,,
8087,4/23/26 17:19,26.939,,,
8088,4/23/26 17:29,26.831,,,
8089,4/23/26 17:39,26.724,,,
8090,4/23/26 17:49,26.595,,,
8091,4/23/26 17:59,26.456,,,
8092,4/23/26 18:09,26.349,,,
8093,4/23/26 18:19,26.242,,,
8094,4/23/26 18:29,26.134,,,
8095,4/23/26 18:39,25.995,,,
8096,4/23/26 18:49,25.931,,,
8097,4/23/26 18:59,25.823,,,
8098,4/23/26 19:09,25.716,,,
8099,4/23/26 19:19,25.63,,,
8100,4/23/26 19:29,25.534,,,
8101,4/23/26 19:39,25.48,,,
8102,4/23/26 19:49,25.426,,,
8103,4/23/26 19:59,25.394,,,
8104,4/23/26 20:09,25.384,,,
8105,4/23/26 20:19,25.308,,,
8106,4/23/26 20:29,25.244,,,
8107,4/23/26 20:39,25.18,,,
8108,4/23/26 20:49,25.115,,,
8109,4/23/26 20:59,25.083,,,
8110,4/23/26 21:09,25.03,,,
8111,4/23/26 21:19,24.987,,,
8112,4/23/26 21:29,24.965,,,
8113,4/23/26 21:39,24.912,,,
8114,4/23/26 21:49,24.901,,,
8115,4/23/26 21:59,24.869,,,
8116,4/23/26 22:09,24.847,,,
8117,4/23/26 22:19,24.815,,,
8118,4/23/26 22:29,24.772,,,
8119,4/23/26 22:39,24.751,,,
8120,4/23/26 22:49,24.719,,,
8121,4/23/26 22:59,24.686,,,
8122,4/23/26 23:09,24.676,,,
8123,4/23/26 23:19,24.665,,,
8124,4/23/26 23:29,24.611,,,
8125,4/23/26 23:39,24.611,,,
8126,4/23/26 23:49,24.59,,,
8127,4/23/26 23:59,24.59,,,
8128,4/24/26 0:09,24.59,,,
8129,4/24/26 0:19,24.568,,,
8130,4/24/26 0:29,24.558,,,
8131,4/24/26 0:39,24.579,,,
8132,4/24/26 0:49,24.547,,,
8133,4/24/26 0:59,24.526,,,
8134,4/24/26 1:09,24.493,,,
8135,4/24/26 1:19,24.483,,,
8136,4/24/26 1:29,24.44,,,
8137,4/24/26 1:39,24.386,,,
8138,4/24/26 1:49,24.375,,,
8139,4/24/26 1:59,24.343,,,
8140,4/24/26 2:09,24.332,,,
8141,4/24/26 2:19,24.29,,,
8142,4/24/26 2:29,24.268,,,
8143,4/24/26 2:39,24.247,,,
8144,4/24/26 2:49,24.236,,,
8145,4/24/26 2:59,24.204,,,
8146,4/24/26 3:09,24.172,,,
8147,4/24/26 3:19,24.129,,,
8148,4/24/26 3:29,24.129,,,
8149,4/24/26 3:39,24.15,,,
8150,4/24/26 3:49,24.118,,,
8151,4/24/26 3:59,24.097,,,
8152,4/24/26 4:09,24.054,,,
8153,4/24/26 4:19,24.054,,,
8154,4/24/26 4:29,24.032,,,
8155,4/24/26 4:39,24,,,
8156,4/24/26 4:49,23.989,,,
8157,4/24/26 4:59,23.979,,,
8158,4/24/26 5:09,23.946,,,
8159,4/24/26 5:19,23.914,,,
8160,4/24/26 5:29,23.903,,,
8161,4/24/26 5:39,23.871,,,
8162,4/24/26 5:49,23.839,,,
8163,4/24/26 5:59,23.818,,,
8164,4/24/26 6:09,23.807,,,
8165,4/24/26 6:19,23.775,,,
8166,4/24/26 6:29,23.764,,,
8167,4/24/26 6:39,23.743,,,
8168,4/24/26 6:49,23.743,,,
8169,4/24/26 6:59,23.807,,,
8170,4/24/26 7:09,23.925,,,
8171,4/24/26 7:19,24.075,,,
8172,4/24/26 7:29,24.236,,,
8173,4/24/26 7:39,24.365,,,
8174,4/24/26 7:49,24.504,,,
8175,4/24/26 7:59,24.622,,,
8176,4/24/26 8:09,24.783,,,
8177,4/24/26 8:19,24.912,,,
8178,4/24/26 8:29,25.073,,,
8179,4/24/26 8:39,25.244,,,
8180,4/24/26 8:49,25.448,,,
8181,4/24/26 8:59,25.577,,,
8182,4/24/26 9:09,25.77,,,
8183,4/24/26 9:19,25.855,,,
8184,4/24/26 9:29,25.877,,,
8185,4/24/26 9:39,25.92,,,
8186,4/24/26 9:49,25.952,,,
8187,4/24/26 9:59,26.038,,,
8188,4/24/26 10:09,26.091,,,
8189,4/24/26 10:19,26.166,,,
8190,4/24/26 10:29,26.295,,,
8191,4/24/26 10:39,26.317,,,
8192,4/24/26 10:49,26.37,,,
8193,4/24/26 10:59,26.477,,,
8194,4/24/26 11:09,26.435,,,
8195,4/24/26 11:19,26.36,,,
8196,4/24/26 11:29,26.317,,,
8197,4/24/26 11:39,26.327,,,
8198,4/24/26 11:49,26.445,,,
8199,4/24/26 11:59,26.488,,,
8200,4/24/26 12:09,26.553,,,
8201,4/24/26 12:19,26.789,,,
8202,4/24/26 12:29,27.035,,,
8203,4/24/26 12:39,27.378,,,
8204,4/24/26 12:49,27.958,,,
8205,4/24/26 12:59,28,,,
8206,4/24/26 13:09,28.129,,,
8207,4/24/26 13:19,28.29,,,
8208,4/24/26 13:29,28.376,,,
8209,4/24/26 13:39,28.226,,,
8210,4/24/26 13:49,28.161,,,
8211,4/24/26 13:59,28.258,,,
8212,4/24/26 14:09,28.665,,,
8213,4/24/26 14:19,28.505,,,
8214,4/24/26 14:29,28,,,
8215,4/24/26 14:39,27.947,,,
8216,4/24/26 14:49,27.861,,,
8217,4/24/26 14:59,27.754,,,
8218,4/24/26 15:09,27.571,,,
8219,4/24/26 15:19,27.486,,,
8220,4/24/26 15:29,27.421,,,
8221,4/24/26 15:39,27.303,,,
8222,4/24/26 15:49,27.196,,,
8223,4/24/26 15:59,27.121,,,
8224,4/24/26 16:09,27.035,,,
8225,4/24/26 16:19,26.949,,,
8226,4/24/26 16:29,26.831,,,
8227,4/24/26 16:39,26.671,,,
8228,4/24/26 16:49,26.563,,,
8229,4/24/26 16:59,26.456,,,
8230,4/24/26 17:09,26.413,,,
8231,4/24/26 17:19,26.317,,,
8232,4/24/26 17:29,26.209,,,
8233,4/24/26 17:39,26.081,,,
8234,4/24/26 17:49,25.963,,,
8235,4/24/26 17:59,25.834,,,
8236,4/24/26 18:09,25.737,,,
8237,4/24/26 18:19,25.63,,,
8238,4/24/26 18:29,25.555,,,
8239,4/24/26 18:39,25.469,,,
8240,4/24/26 18:49,25.362,,,
8241,4/24/26 18:59,25.276,,,
8242,4/24/26 19:09,25.201,,,
8243,4/24/26 19:19,25.126,,,
8244,4/24/26 19:29,25.04,,,
8245,4/24/26 19:39,24.987,,,
8246,4/24/26 19:49,24.933,,,
8247,4/24/26 19:59,24.869,,,
8248,4/24/26 20:09,24.794,,,
8249,4/24/26 20:19,24.794,,,
8250,4/24/26 20:29,24.708,,,
8251,4/24/26 20:39,24.611,,,
8252,4/24/26 20:49,24.547,,,
8253,4/24/26 20:59,24.483,,,
8254,4/24/26 21:09,24.429,,,
8255,4/24/26 21:19,24.375,,,
8256,4/24/26 21:29,24.375,,,
8257,4/24/26 21:39,24.343,,,
8258,4/24/26 21:49,24.29,,,
8259,4/24/26 21:59,24.279,,,
8260,4/24/26 22:09,24.268,,,
8261,4/24/26 22:19,24.279,,,
8262,4/24/26 22:29,24.257,,,
8263,4/24/26 22:39,24.268,,,
8264,4/24/26 22:49,24.247,,,
8265,4/24/26 22:59,24.204,,,
8266,4/24/26 23:09,24.193,,,
8267,4/24/26 23:19,24.172,,,
8268,4/24/26 23:29,24.161,,,
8269,4/24/26 23:39,24.172,,,
8270,4/24/26 23:49,24.15,,,
8271,4/24/26 23:59,24.172,,,
8272,4/25/26 0:09,24.161,,,
8273,4/25/26 0:19,24.15,,,
8274,4/25/26 0:29,24.139,,,
8275,4/25/26 0:39,24.129,,,
8276,4/25/26 0:49,24.129,,,
8277,4/25/26 0:59,24.107,,,
8278,4/25/26 1:09,24.075,,,
8279,4/25/26 1:19,24.086,,,
8280,4/25/26 1:29,24.054,,,
8281,4/25/26 1:39,24.043,,,
8282,4/25/26 1:49,24.011,,,
8283,4/25/26 1:59,24,,,
8284,4/25/26 2:09,23.979,,,
8285,4/25/26 2:19,23.968,,,
8286,4/25/26 2:29,23.957,,,
8287,4/25/26 2:39,23.936,,,
8288,4/25/26 2:49,23.936,,,
8289,4/25/26 2:59,23.946,,,
8290,4/25/26 3:09,23.893,,,
8291,4/25/26 3:19,23.85,,,
8292,4/25/26 3:29,23.818,,,
8293,4/25/26 3:39,23.796,,,
8294,4/25/26 3:49,23.785,,,
8295,4/25/26 3:59,23.796,,,
8296,4/25/26 4:09,23.796,,,
8297,4/25/26 4:19,23.785,,,
8298,4/25/26 4:29,23.764,,,
8299,4/25/26 4:39,23.753,,,
8300,4/25/26 4:49,23.753,,,
8301,4/25/26 4:59,23.732,,,
8302,4/25/26 5:09,23.71,,,
8303,4/25/26 5:19,23.689,,,
8304,4/25/26 5:29,23.71,,,
8305,4/25/26 5:39,23.668,,,
8306,4/25/26 5:49,23.646,,,
8307,4/25/26 5:59,23.646,,,
8308,4/25/26 6:09,23.646,,,
8309,4/25/26 6:19,23.678,,,
8310,4/25/26 6:29,23.668,,,
8311,4/25/26 6:39,23.721,,,
8312,4/25/26 6:49,23.775,,,
8313,4/25/26 6:59,23.871,,,
8314,4/25/26 7:09,23.957,,,
8315,4/25/26 7:19,24.064,,,
8316,4/25/26 7:29,24.172,,,
8317,4/25/26 7:39,24.29,,,
8318,4/25/26 7:49,24.386,,,
8319,4/25/26 7:59,24.483,,,
8320,4/25/26 8:09,24.59,,,
8321,4/25/26 8:19,24.676,,,
8322,4/25/26 8:29,24.783,,,
8323,4/25/26 8:39,24.965,,,
8324,4/25/26 8:49,25.18,,,
8325,4/25/26 8:59,25.298,,,
8326,4/25/26 9:09,25.469,,,
8327,4/25/26 9:19,25.598,,,
8328,4/25/26 9:29,25.77,,,
8329,4/25/26 9:39,25.877,,,
8330,4/25/26 9:49,26.027,,,
8331,4/25/26 9:59,26.124,,,
8332,4/25/26 10:09,26.242,,,
8333,4/25/26 10:19,26.295,,,
8334,4/25/26 10:29,26.392,,,
8335,4/25/26 10:39,26.424,,,
8336,4/25/26 10:49,26.52,,,
8337,4/25/26 10:59,26.563,,,
8338,4/25/26 11:09,26.649,,,
8339,4/25/26 11:19,26.767,,,
8340,4/25/26 11:29,26.842,,,
8341,4/25/26 11:39,26.917,,,
8342,4/25/26 11:49,27.035,,,
8343,4/25/26 11:59,27.132,,,
8344,4/25/26 12:09,27.314,,,
8345,4/25/26 12:19,27.421,,,
8346,4/25/26 12:29,27.475,,,
8347,4/25/26 12:39,27.55,,,
8348,4/25/26 12:49,27.582,,,
8349,4/25/26 12:59,27.614,,,
8350,4/25/26 13:09,27.689,,,
8351,4/25/26 13:19,27.711,,,
8352,4/25/26 13:29,27.689,,,
8353,4/25/26 13:39,27.754,,,
8354,4/25/26 13:49,27.7,,,
8355,4/25/26 13:59,27.529,,,
8356,4/25/26 14:09,27.443,,,
8357,4/25/26 14:19,27.432,,,
8358,4/25/26 14:29,27.453,,,
8359,4/25/26 14:39,27.378,,,
8360,4/25/26 14:49,27.378,,,
8361,4/25/26 14:59,27.325,,,
8362,4/25/26 15:09,27.282,,,
8363,4/25/26 15:19,27.142,,,
8364,4/25/26 15:29,27.035,,,
8365,4/25/26 15:39,27.035,,,
8366,4/25/26 15:49,25.384,,,
8367,4/25/26 15:59,24.086,,,
8368,4/25/26 16:09,24.193,,,
8369,4/25/26 16:19,25.04,,,
8370,4/25/26 16:29,24.472,,,
8371,4/25/26 16:39,23.507,,,
8372,4/25/26 16:49,24.225,,,
8373,4/25/26 16:59,25.04,,,
8374,4/25/26 17:09,26.102,,,
8375,4/25/26 17:19,26.231,,,
8376,4/25/26 17:29,26.124,,,
8377,4/25/26 17:39,26.016,,,
8378,4/25/26 17:49,25.898,,,
8379,4/25/26 17:59,25.748,,,
8380,4/25/26 18:09,25.63,,,
8381,4/25/26 18:19,25.502,,,
8382,4/25/26 18:29,25.394,,,
8383,4/25/26 18:39,25.287,,,
8384,4/25/26 18:49,25.18,,,
8385,4/25/26 18:59,25.105,,,
8386,4/25/26 19:09,25.03,,,
8387,4/25/26 19:19,24.944,,,
8388,4/25/26 19:29,24.89,,,
8389,4/25/26 19:39,24.826,,,
8390,4/25/26 19:49,24.761,,,
8391,4/25/26 19:59,24.729,,,
8392,4/25/26 20:09,24.708,,,
8393,4/25/26 20:19,24.665,,,
8394,4/25/26 20:29,24.633,,,
8395,4/25/26 20:39,24.59,,,
8396,4/25/26 20:49,24.59,,,
8397,4/25/26 20:59,24.547,,,
8398,4/25/26 21:09,24.526,,,
8399,4/25/26 21:19,24.515,,,
8400,4/25/26 21:29,24.461,,,
8401,4/25/26 21:39,24.45,,,
8402,4/25/26 21:49,24.44,,,
8403,4/25/26 21:59,24.418,,,
8404,4/25/26 22:09,24.397,,,
8405,4/25/26 22:19,24.365,,,
8406,4/25/26 22:29,24.365,,,
8407,4/25/26 22:39,24.375,,,
8408,4/25/26 22:49,24.332,,,
8409,4/25/26 22:59,24.3,,,
8410,4/25/26 23:09,24.311,,,
8411,4/25/26 23:19,24.29,,,
8412,4/25/26 23:29,24.257,,,
8413,4/25/26 23:39,24.247,,,
8414,4/25/26 23:49,24.247,,,
8415,4/25/26 23:59,24.236,,,
8416,4/26/26 0:09,24.236,,,
8417,4/26/26 0:19,24.236,,,
8418,4/26/26 0:29,24.193,,,
8419,4/26/26 0:39,24.161,,,
8420,4/26/26 0:49,24.129,,,
8421,4/26/26 0:59,24.129,,,
8422,4/26/26 1:09,24.139,,,
8423,4/26/26 1:19,24.118,,,
8424,4/26/26 1:29,24.118,,,
8425,4/26/26 1:39,24.129,,,
8426,4/26/26 1:49,24.097,,,
8427,4/26/26 1:59,24.064,,,
8428,4/26/26 2:09,24.054,,,
8429,4/26/26 2:19,24.043,,,
8430,4/26/26 2:29,24.043,,,
8431,4/26/26 2:39,24.054,,,
8432,4/26/26 2:49,24.075,,,
8433,4/26/26 2:59,24.064,,,
8434,4/26/26 3:09,24.064,,,
8435,4/26/26 3:19,24.064,,,
8436,4/26/26 3:29,24.032,,,
8437,4/26/26 3:39,23.989,,,
8438,4/26/26 3:49,23.946,,,
8439,4/26/26 3:59,23.957,,,
8440,4/26/26 4:09,23.946,,,
8441,4/26/26 4:19,23.957,,,
8442,4/26/26 4:29,23.979,,,
8443,4/26/26 4:39,24,,,
8444,4/26/26 4:49,24.021,,,
8445,4/26/26 4:59,24.021,,,
8446,4/26/26 5:09,24.043,,,
8447,4/26/26 5:19,24.032,,,
8448,4/26/26 5:29,24.021,,,
8449,4/26/26 5:39,24.032,,,
8450,4/26/26 5:49,24.011,,,
8451,4/26/26 5:59,24,,,
8452,4/26/26 6:09,24.011,,,
8453,4/26/26 6:19,24.011,,,
8454,4/26/26 6:29,24,,,
8455,4/26/26 6:39,24.011,,,
8456,4/26/26 6:49,24.043,,,
8457,4/26/26 6:59,24.139,,,
8458,4/26/26 7:09,24.311,,,
8459,4/26/26 7:19,24.483,,,
8460,4/26/26 7:29,24.676,,,
8461,4/26/26 7:39,24.858,,,
8462,4/26/26 7:49,24.997,,,
8463,4/26/26 7:59,25.137,,,
8464,4/26/26 8:09,25.319,,,
8465,4/26/26 8:19,25.459,,,
8466,4/26/26 8:29,25.641,,,
8467,4/26/26 8:39,25.737,,,
8468,4/26/26 8:49,25.877,,,
8469,4/26/26 8:59,26.038,,,
8470,4/26/26 9:09,26.209,,,
8471,4/26/26 9:19,26.381,,,
8472,4/26/26 9:29,26.563,,,
8473,4/26/26 9:39,26.703,,,
8474,4/26/26 9:49,26.81,,,
8475,4/26/26 9:59,26.917,,,
8476,4/26/26 10:09,27.089,,,
8477,4/26/26 10:19,27.25,,,
8478,4/26/26 10:29,27.389,,,
8479,4/26/26 10:39,27.539,,,
8480,4/26/26 10:49,27.539,,,
8481,4/26/26 10:59,27.593,,,
8482,4/26/26 11:09,27.7,,,
8483,4/26/26 11:19,27.679,,,
8484,4/26/26 11:29,27.743,,,
8485,4/26/26 11:39,27.722,,,
8486,4/26/26 11:49,27.711,,,
8487,4/26/26 11:59,27.732,,,
8488,4/26/26 12:09,27.861,,,
8489,4/26/26 12:19,28.065,,,
8490,4/26/26 12:29,28.151,,,
8491,4/26/26 12:39,28.397,,,
8492,4/26/26 12:49,28.376,,,
8493,4/26/26 12:59,29.942,,,
8494,4/26/26 13:09,30.285,,,
8495,4/26/26 13:19,30.553,,,
8496,4/26/26 13:29,30.296,,,
8497,4/26/26 13:39,29.706,,,
8498,4/26/26 13:49,27.55,,,
8499,4/26/26 13:59,26.617,,,
8500,4/26/26 14:09,26.284,,,
8501,4/26/26 14:19,26.327,,,
8502,4/26/26 14:29,26.542,,,
8503,4/26/26 14:39,26.242,,,
8504,4/26/26 14:49,26.595,,,
8505,4/26/26 14:59,26.789,,,
8506,4/26/26 15:09,26.703,,,
8507,4/26/26 15:19,26.595,,,
8508,4/26/26 15:29,26.531,,,
8509,4/26/26 15:39,26.531,,,
8510,4/26/26 15:49,26.445,,,
8511,4/26/26 15:59,26.327,,,
8512,4/26/26 16:09,26.199,,,
8513,4/26/26 16:19,26.124,,,
8514,4/26/26 16:29,26.059,,,
8515,4/26/26 16:39,26.006,,,
8516,4/26/26 16:49,25.909,,,
8517,4/26/26 16:59,25.866,,,
8518,4/26/26 17:09,25.823,,,
8519,4/26/26 17:19,25.823,,,
8520,4/26/26 17:29,25.737,,,
8521,4/26/26 17:39,25.673,,,
8522,4/26/26 17:49,25.587,,,
8523,4/26/26 17:59,25.502,,,
8524,4/26/26 18:09,25.459,,,
8525,4/26/26 18:19,25.373,,,
8526,4/26/26 18:29,25.308,,,
8527,4/26/26 18:39,25.233,,,
8528,4/26/26 18:49,25.201,,,
8529,4/26/26 18:59,25.115,,,
8530,4/26/26 19:09,25.094,,,
8531,4/26/26 19:19,25.019,,,
8532,4/26/26 19:29,24.976,,,
8533,4/26/26 19:39,24.912,,,
8534,4/26/26 19:49,24.879,,,
8535,4/26/26 19:59,24.847,,,
8536,4/26/26 20:09,24.794,,,
8537,4/26/26 20:19,24.772,,,
8538,4/26/26 20:29,24.751,,,
8539,4/26/26 20:39,24.74,,,
8540,4/26/26 20:49,24.74,,,
8541,4/26/26 20:59,24.708,,,
8542,4/26/26 21:09,24.686,,,
8543,4/26/26 21:19,24.665,,,
8544,4/26/26 21:29,24.654,,,
8545,4/26/26 21:39,24.644,,,
8546,4/26/26 21:49,24.633,,,
8547,4/26/26 21:59,24.59,,,
8548,4/26/26 22:09,24.59,,,
8549,4/26/26 22:19,24.558,,,
8550,4/26/26 22:29,24.526,,,
8551,4/26/26 22:39,24.504,,,
8552,4/26/26 22:49,24.493,,,
8553,4/26/26 22:59,24.504,,,
8554,4/26/26 23:09,24.515,,,
8555,4/26/26 23:19,24.483,,,
8556,4/26/26 23:29,24.483,,,
8557,4/26/26 23:39,24.472,,,
8558,4/26/26 23:49,24.483,,,
8559,4/26/26 23:59,24.461,,,
8560,4/27/26 0:09,24.472,,,
8561,4/27/26 0:19,24.45,,,
8562,4/27/26 0:29,24.472,,,
8563,4/27/26 0:39,24.461,,,
8564,4/27/26 0:49,24.44,,,
8565,4/27/26 0:59,24.45,,,
8566,4/27/26 1:09,24.44,,,
8567,4/27/26 1:19,24.44,,,
8568,4/27/26 1:29,24.44,,,
8569,4/27/26 1:39,24.44,,,
8570,4/27/26 1:49,24.44,,,
8571,4/27/26 1:59,24.45,,,
8572,4/27/26 2:09,24.44,,,
8573,4/27/26 2:19,24.429,,,
8574,4/27/26 2:29,24.45,,,
8575,4/27/26 2:39,24.408,,,
8576,4/27/26 2:49,24.418,,,
8577,4/27/26 2:59,24.429,,,
8578,4/27/26 3:09,24.408,,,
8579,4/27/26 3:19,24.429,,,
8580,4/27/26 3:29,24.408,,,
8581,4/27/26 3:39,24.408,,,
8582,4/27/26 3:49,24.386,,,
8583,4/27/26 3:59,24.397,,,
8584,4/27/26 4:09,24.397,,,
8585,4/27/26 4:19,24.354,,,
8586,4/27/26 4:29,24.343,,,
8587,4/27/26 4:39,24.343,,,
8588,4/27/26 4:49,24.343,,,
8589,4/27/26 4:59,24.311,,,
8590,4/27/26 5:09,24.311,,,
8591,4/27/26 5:19,24.322,,,
8592,4/27/26 5:29,24.3,,,
8593,4/27/26 5:39,24.29,,,
8594,4/27/26 5:49,24.322,,,
8595,4/27/26 5:59,24.3,,,
8596,4/27/26 6:09,24.29,,,
8597,4/27/26 6:19,24.29,,,
8598,4/27/26 6:29,24.29,,,
8599,4/27/26 6:39,24.365,,,
8600,4/27/26 6:49,24.472,,,
8601,4/27/26 6:59,24.611,,,
8602,4/27/26 7:09,24.772,,,
8603,4/27/26 7:19,24.869,,,
8604,4/27/26 7:29,25.04,,,
8605,4/27/26 7:39,25.115,,,
8606,4/27/26 7:49,25.233,,,
8607,4/27/26 7:59,25.341,,,
8608,4/27/26 8:09,25.416,,,
8609,4/27/26 8:19,25.48,,,
8610,4/27/26 8:29,25.577,,,
8611,4/27/26 8:39,25.737,,,
8612,4/27/26 8:49,25.973,,,
8613,4/27/26 8:59,26.177,,,
8614,4/27/26 9:09,26.402,,,
8615,4/27/26 9:19,26.574,,,
8616,4/27/26 9:29,26.746,,,
8617,4/27/26 9:39,26.906,,,
8618,4/27/26 9:49,27.046,,,
8619,4/27/26 9:59,27.11,,,
8620,4/27/26 10:09,27.26,,,
8621,4/27/26 10:19,27.411,,,
8622,4/27/26 10:29,27.475,,,
8623,4/27/26 10:39,27.593,,,
8624,4/27/26 10:49,27.732,,,
8625,4/27/26 10:59,27.968,,,
8626,4/27/26 11:09,27.968,,,
8627,4/27/26 11:19,28.022,,,
8628,4/27/26 11:29,28.011,,,
8629,4/27/26 11:39,28.14,,,
8630,4/27/26 11:49,28.279,,,
8631,4/27/26 11:59,28.269,,,
8632,4/27/26 12:09,28.397,,,
8633,4/27/26 12:19,28.633,,,
8634,4/27/26 12:29,28.665,,,
8635,4/27/26 12:39,28.623,,,
8636,4/27/26 12:49,28.869,,,
8637,4/27/26 12:59,28.816,,,
8638,4/27/26 13:09,28.751,,,
8639,4/27/26 13:19,28.794,,,
8640,4/27/26 13:29,28.848,,,
8641,4/27/26 13:39,28.858,,,
8642,4/27/26 13:49,28.837,,,
8643,4/27/26 13:59,28.73,,,
8644,4/27/26 14:09,28.59,,,
8645,4/27/26 14:19,28.623,,,
8646,4/27/26 14:29,28.526,,,
8647,4/27/26 14:39,28.515,,,
8648,4/27/26 14:49,28.44,,,
8649,4/27/26 14:59,28.354,,,
8650,4/27/26 15:09,28.301,,,
8651,4/27/26 15:19,28.215,,,
8652,4/27/26 15:29,28.086,,,
8653,4/27/26 15:39,28.011,,,
8654,4/27/26 15:49,27.925,,,
8655,4/27/26 15:59,27.786,,,
8656,4/27/26 16:09,27.689,,,
8657,4/27/26 16:19,27.539,,,
8658,4/27/26 16:29,27.432,,,
8659,4/27/26 16:39,27.314,,,
8660,4/27/26 16:49,27.153,,,
8661,4/27/26 16:59,27.035,,,
8662,4/27/26 17:09,26.896,,,
8663,4/27/26 17:19,26.778,,,
8664,4/27/26 17:29,26.628,,,
8665,4/27/26 17:39,26.488,,,
8666,4/27/26 17:49,26.36,,,
8667,4/27/26 17:59,26.22,,,
8668,4/27/26 18:09,26.081,,,
8669,4/27/26 18:19,25.984,,,
8670,4/27/26 18:29,25.866,,,
8671,4/27/26 18:39,25.759,,,
8672,4/27/26 18:49,25.662,,,
8673,4/27/26 18:59,25.544,,,
8674,4/27/26 19:09,25.448,,,
8675,4/27/26 19:19,25.341,,,
8676,4/27/26 19:29,25.276,,,
8677,4/27/26 19:39,25.212,,,
8678,4/27/26 19:49,25.158,,,
8679,4/27/26 19:59,25.073,,,
8680,4/27/26 20:09,24.997,,,
8681,4/27/26 20:19,24.976,,,
8682,4/27/26 20:29,24.955,,,
8683,4/27/26 20:39,24.89,,,
8684,4/27/26 20:49,24.837,,,
8685,4/27/26 20:59,24.794,,,
8686,4/27/26 21:09,24.751,,,
8687,4/27/26 21:19,24.729,,,
8688,4/27/26 21:29,24.686,,,
8689,4/27/26 21:39,24.665,,,
8690,4/27/26 21:49,24.622,,,
8691,4/27/26 21:59,24.568,,,
8692,4/27/26 22:09,24.558,,,
8693,4/27/26 22:19,24.526,,,
8694,4/27/26 22:29,24.504,,,
8695,4/27/26 22:39,24.483,,,
8696,4/27/26 22:49,24.461,,,
8697,4/27/26 22:59,24.472,,,
8698,4/27/26 23:09,24.44,,,
8699,4/27/26 23:19,24.429,,,
8700,4/27/26 23:29,24.397,,,
8701,4/27/26 23:39,24.365,,,
8702,4/27/26 23:49,24.365,,,
8703,4/27/26 23:59,24.365,,,
8704,4/28/26 0:09,24.343,,,
8705,4/28/26 0:19,24.311,,,
8706,4/28/26 0:29,24.311,,,
8707,4/28/26 0:39,24.279,,,
8708,4/28/26 0:49,24.279,,,
8709,4/28/26 0:59,24.247,,,
8710,4/28/26 1:09,24.236,,,
8711,4/28/26 1:19,24.214,,,
8712,4/28/26 1:29,24.204,,,
8713,4/28/26 1:39,24.193,,,
8714,4/28/26 1:49,24.161,,,
8715,4/28/26 1:59,24.139,,,
8716,4/28/26 2:09,24.118,,,
8717,4/28/26 2:19,24.118,,,
8718,4/28/26 2:29,24.075,,,
8719,4/28/26 2:39,24.064,,,
8720,4/28/26 2:49,24.064,,,
8721,4/28/26 2:59,24,,,
8722,4/28/26 3:09,23.989,,,
8723,4/28/26 3:19,23.979,,,
8724,4/28/26 3:29,23.946,,,
8725,4/28/26 3:39,23.946,,,
8726,4/28/26 3:49,23.914,,,
8727,4/28/26 3:59,23.893,,,
8728,4/28/26 4:09,23.861,,,
8729,4/28/26 4:19,23.871,,,
8730,4/28/26 4:29,23.871,,,
8731,4/28/26 4:39,23.861,,,
8732,4/28/26 4:49,23.85,,,
8733,4/28/26 4:59,23.839,,,
8734,4/28/26 5:09,23.839,,,
8735,4/28/26 5:19,23.85,,,
8736,4/28/26 5:29,23.839,,,
8737,4/28/26 5:39,23.839,,,
8738,4/28/26 5:49,23.818,,,
8739,4/28/26 5:59,23.839,,,
8740,4/28/26 6:09,23.828,,,
8741,4/28/26 6:19,23.828,,,
8742,4/28/26 6:29,23.828,,,
8743,4/28/26 6:39,23.839,,,
8744,4/28/26 6:49,23.861,,,
8745,4/28/26 6:59,23.914,,,
8746,4/28/26 7:09,24.011,,,
8747,4/28/26 7:19,24.161,,,
8748,4/28/26 7:29,24.311,,,
8749,4/28/26 7:39,24.45,,,
8750,4/28/26 7:49,24.622,,,
8751,4/28/26 7:59,24.912,,,
8752,4/28/26 8:09,25.148,,,
8753,4/28/26 8:19,25.448,,,
8754,4/28/26 8:29,25.587,,,
8755,4/28/26 8:39,25.845,,,
8756,4/28/26 8:49,26.124,,,
8757,4/28/26 8:59,26.338,,,
8758,4/28/26 9:09,26.424,,,
8759,4/28/26 9:19,26.638,,,
8760,4/28/26 9:29,26.885,,,
8761,4/28/26 9:39,27.142,,,
8762,4/28/26 9:49,27.336,,,
8763,4/28/26 9:59,27.26,,,
8764,4/28/26 10:09,27.142,,,
8765,4/28/26 10:19,27.003,,,
8766,4/28/26 10:29,26.928,,,
8767,4/28/26 10:39,26.831,,,
8768,4/28/26 10:49,26.831,,,
8769,4/28/26 10:59,26.724,,,
8770,4/28/26 11:09,26.595,,,
8771,4/28/26 11:19,26.499,,,
8772,4/28/26 11:29,26.402,,,
8773,4/28/26 11:39,26.381,,,
8774,4/28/26 11:49,26.649,,,
8775,4/28/26 11:59,26.853,,,
8776,4/28/26 12:09,27.046,,,
8777,4/28/26 12:19,27.314,,,
8778,4/28/26 12:29,27.539,,,
8779,4/28/26 12:39,27.7,,,
8780,4/28/26 12:49,27.818,,,
8781,4/28/26 12:59,27.936,,,
8782,4/28/26 13:09,28.043,,,
8783,4/28/26 13:19,28.236,,,
8784,4/28/26 13:29,28.333,,,
8785,4/28/26 13:39,28.601,,,
8786,4/28/26 13:49,29.588,,,
8787,4/28/26 13:59,29.094,,,
8788,4/28/26 14:09,29.245,,,
8789,4/28/26 14:19,29.438,,,
8790,4/28/26 14:29,29.309,,,
8791,4/28/26 14:39,28.719,,,
8792,4/28/26 14:49,28.537,,,
8793,4/28/26 14:59,28.365,,,
8794,4/28/26 15:09,28.183,,,
8795,4/28/26 15:19,28.054,,,
8796,4/28/26 15:29,28,,,
8797,4/28/26 15:39,27.85,,,
8798,4/28/26 15:49,27.754,,,
8799,4/28/26 15:59,27.614,,,
8800,4/28/26 16:09,27.539,,,
8801,4/28/26 16:19,27.443,,,
8802,4/28/26 16:29,27.411,,,
8803,4/28/26 16:39,27.314,,,
8804,4/28/26 16:49,27.1,,,
8805,4/28/26 16:59,26.917,,,
8806,4/28/26 17:09,26.767,,,
8807,4/28/26 17:19,26.692,,,
8808,4/28/26 17:29,26.553,,,
8809,4/28/26 17:39,26.499,,,
8810,4/28/26 17:49,26.381,,,
8811,4/28/26 17:59,26.274,,,
8812,4/28/26 18:09,26.166,,,
8813,4/28/26 18:19,26.091,,,
8814,4/28/26 18:29,26.006,,,
8815,4/28/26 18:39,25.909,,,
8816,4/28/26 18:49,25.845,,,
8817,4/28/26 18:59,25.791,,,
8818,4/28/26 19:09,25.737,,,
8819,4/28/26 19:19,25.716,,,
8820,4/28/26 19:29,25.652,,,
8821,4/28/26 19:39,25.609,,,
8822,4/28/26 19:49,25.587,,,
8823,4/28/26 19:59,25.544,,,
8824,4/28/26 20:09,25.502,,,
8825,4/28/26 20:19,25.491,,,
8826,4/28/26 20:29,25.459,,,
8827,4/28/26 20:39,25.459,,,
8828,4/28/26 20:49,25.426,,,
8829,4/28/26 20:59,25.405,,,
8830,4/28/26 21:09,25.394,,,
8831,4/28/26 21:19,25.373,,,
8832,4/28/26 21:29,25.341,,,
8833,4/28/26 21:39,25.33,,,
8834,4/28/26 21:49,25.298,,,
8835,4/28/26 21:59,25.255,,,
8836,4/28/26 22:09,25.255,,,
8837,4/28/26 22:19,25.223,,,
8838,4/28/26 22:29,25.212,,,
8839,4/28/26 22:39,25.158,,,
8840,4/28/26 22:49,25.126,,,
8841,4/28/26 22:59,25.126,,,
8842,4/28/26 23:09,25.115,,,
8843,4/28/26 23:19,25.073,,,
8844,4/28/26 23:29,25.083,,,
8845,4/28/26 23:39,25.083,,,
8846,4/28/26 23:49,25.083,,,
8847,4/28/26 23:59,25.062,,,
8848,4/29/26 0:09,25.062,,,
8849,4/29/26 0:19,25.03,,,
8850,4/29/26 0:29,25.03,,,
8851,4/29/26 0:39,25.051,,,
8852,4/29/26 0:49,25.04,,,
8853,4/29/26 0:59,25.03,,,
8854,4/29/26 1:09,25.03,,,
8855,4/29/26 1:19,24.997,,,
8856,4/29/26 1:29,24.997,,,
8857,4/29/26 1:39,24.987,,,
8858,4/29/26 1:49,24.965,,,
8859,4/29/26 1:59,24.976,,,
8860,4/29/26 2:09,24.944,,,
8861,4/29/26 2:19,24.933,,,
8862,4/29/26 2:29,24.933,,,
8863,4/29/26 2:39,24.912,,,
8864,4/29/26 2:49,24.901,,,
8865,4/29/26 2:59,24.869,,,
8866,4/29/26 3:09,24.869,,,
8867,4/29/26 3:19,24.869,,,
8868,4/29/26 3:29,24.869,,,
8869,4/29/26 3:39,24.879,,,
8870,4/29/26 3:49,24.869,,,
8871,4/29/26 3:59,24.869,,,
8872,4/29/26 4:09,24.89,,,
8873,4/29/26 4:19,24.858,,,
8874,4/29/26 4:29,24.858,,,
8875,4/29/26 4:39,24.826,,,
8876,4/29/26 4:49,24.794,,,
8877,4/29/26 4:59,24.783,,,
8878,4/29/26 5:09,24.761,,,
8879,4/29/26 5:19,24.751,,,
8880,4/29/26 5:29,24.761,,,
8881,4/29/26 5:39,24.761,,,
8882,4/29/26 5:49,24.751,,,
8883,4/29/26 5:59,24.729,,,
8884,4/29/26 6:09,24.729,,,
8885,4/29/26 6:19,24.729,,,
8886,4/29/26 6:29,24.761,,,
8887,4/29/26 6:39,24.837,,,
8888,4/29/26 6:49,24.933,,,
8889,4/29/26 6:59,24.955,,,
8890,4/29/26 7:09,25.051,,,
8891,4/29/26 7:19,25.083,,,
8892,4/29/26 7:29,25.212,,,
8893,4/29/26 7:39,25.244,,,
8894,4/29/26 7:49,25.351,,,
8895,4/29/26 7:59,25.491,,,
8896,4/29/26 8:09,25.619,,,
8897,4/29/26 8:19,25.695,,,
8898,4/29/26 8:29,25.813,,,
8899,4/29/26 8:39,25.909,,,
8900,4/29/26 8:49,25.898,,,
8901,4/29/26 8:59,25.92,,,
8902,4/29/26 9:09,25.931,,,
8903,4/29/26 9:19,25.963,,,
8904,4/29/26 9:29,26.07,,,
8905,4/29/26 9:39,26.177,,,
8906,4/29/26 9:49,26.091,,,
8907,4/29/26 9:59,26.07,,,
8908,4/29/26 10:09,26.242,,,
8909,4/29/26 10:19,26.295,,,
8910,4/29/26 10:29,26.392,,,
8911,4/29/26 10:39,26.553,,,
8912,4/29/26 10:49,26.703,,,
8913,4/29/26 10:59,26.821,,,
8914,4/29/26 11:09,26.864,,,
8915,4/29/26 11:19,26.821,,,
8916,4/29/26 11:29,26.896,,,
8917,4/29/26 11:39,26.928,,,
8918,4/29/26 11:49,27.121,,,
8919,4/29/26 11:59,26.917,,,
8920,4/29/26 12:09,27.164,,,
8921,4/29/26 12:19,27.067,,,
8922,4/29/26 12:29,27.185,,,
8923,4/29/26 12:39,27.453,,,
8924,4/29/26 12:49,27.625,,,
8925,4/29/26 12:59,27.722,,,
8926,4/29/26 13:09,27.765,,,
8927,4/29/26 13:19,27.882,,,
8928,4/29/26 13:29,27.807,,,
8929,4/29/26 13:39,27.486,,,
8930,4/29/26 13:49,27.507,,,
8931,4/29/26 13:59,27.604,,,
8932,4/29/26 14:09,28.322,,,
8933,4/29/26 14:19,27.754,,,
8934,4/29/26 14:29,27.443,,,
8935,4/29/26 14:39,27.421,,,
8936,4/29/26 14:49,27.357,,,
8937,4/29/26 14:59,27.303,,,
8938,4/29/26 15:09,27.336,,,
8939,4/29/26 15:19,27.239,,,
8940,4/29/26 15:29,27.014,,,
8941,4/29/26 15:39,26.949,,,
8942,4/29/26 15:49,26.874,,,
8943,4/29/26 15:59,26.81,,,
8944,4/29/26 16:09,26.713,,,
8945,4/29/26 16:19,26.574,,,
8946,4/29/26 16:29,26.445,,,
8947,4/29/26 16:39,26.284,,,
8948,4/29/26 16:49,26.177,,,
8949,4/29/26 16:59,26.038,,,
8950,4/29/26 17:09,25.973,,,
8951,4/29/26 17:19,25.866,,,
8952,4/29/26 17:29,25.802,,,
8953,4/29/26 17:39,25.695,,,
8954,4/29/26 17:49,25.63,,,
8955,4/29/26 17:59,25.577,,,
8956,4/29/26 18:09,25.469,,,
8957,4/29/26 18:19,25.341,,,
8958,4/29/26 18:29,25.212,,,
8959,4/29/26 18:39,25.126,,,
8960,4/29/26 18:49,25.062,,,
8961,4/29/26 18:59,25.008,,,
8962,4/29/26 19:09,24.987,,,
8963,4/29/26 19:19,24.944,,,
8964,4/29/26 19:29,24.933,,,
8965,4/29/26 19:39,24.901,,,
8966,4/29/26 19:49,24.879,,,
8967,4/29/26 19:59,24.847,,,
8968,4/29/26 20:09,24.826,,,
8969,4/29/26 20:19,24.794,,,
8970,4/29/26 20:29,24.783,,,
8971,4/29/26 20:39,24.783,,,
8972,4/29/26 20:49,24.772,,,
8973,4/29/26 20:59,24.783,,,
8974,4/29/26 21:09,24.772,,,
8975,4/29/26 21:19,24.794,,,
8976,4/29/26 21:29,24.772,,,
8977,4/29/26 21:39,24.794,,,
8978,4/29/26 21:49,24.826,,,
8979,4/29/26 21:59,24.772,,,
8980,4/29/26 22:09,24.772,,,
8981,4/29/26 22:19,24.74,,,
8982,4/29/26 22:29,24.751,,,
8983,4/29/26 22:39,24.751,,,
8984,4/29/26 22:49,24.751,,,
8985,4/29/26 22:59,24.751,,,
8986,4/29/26 23:09,24.794,,,
8987,4/29/26 23:19,24.826,,,
8988,4/29/26 23:29,24.869,,,
8989,4/29/26 23:39,24.858,,,
8990,4/29/26 23:49,24.837,,,
8991,4/29/26 23:59,24.837,,,
8992,4/30/26 0:09,24.815,,,
8993,4/30/26 0:19,24.858,,,
8994,4/30/26 0:29,24.858,,,
8995,4/30/26 0:39,24.869,,,
8996,4/30/26 0:49,24.847,,,
8997,4/30/26 0:59,24.858,,,
8998,4/30/26 1:09,24.847,,,
8999,4/30/26 1:19,24.826,,,
9000,4/30/26 1:29,24.815,,,
9001,4/30/26 1:39,24.772,,,
9002,4/30/26 1:49,24.783,,,
9003,4/30/26 1:59,24.772,,,
9004,4/30/26 2:09,24.815,,,
9005,4/30/26 2:19,24.837,,,
9006,4/30/26 2:29,24.837,,,
9007,4/30/26 2:39,24.869,,,
9008,4/30/26 2:49,24.869,,,
9009,4/30/26 2:59,24.826,,,
9010,4/30/26 3:09,24.783,,,
9011,4/30/26 3:19,24.751,,,
9012,4/30/26 3:29,24.751,,,
9013,4/30/26 3:39,24.74,,,
9014,4/30/26 3:49,24.686,,,
9015,4/30/26 3:59,24.665,,,
9016,4/30/26 4:09,24.665,,,
9017,4/30/26 4:19,24.654,,,
9018,4/30/26 4:29,24.665,,,
9019,4/30/26 4:39,24.611,,,
9020,4/30/26 4:49,24.601,,,
9021,4/30/26 4:59,24.601,,,
9022,4/30/26 5:09,24.59,,,
9023,4/30/26 5:19,24.59,,,
9024,4/30/26 5:29,24.547,,,
9025,4/30/26 5:39,24.515,,,
9026,4/30/26 5:49,24.493,,,
9027,4/30/26 5:59,24.45,,,
9028,4/30/26 6:09,24.429,,,
9029,4/30/26 6:19,24.429,,,
9030,4/30/26 6:29,24.397,,,
9031,4/30/26 6:39,24.397,,,
9032,4/30/26 6:49,24.408,,,
9033,4/30/26 6:59,24.504,,,
9034,4/30/26 7:09,24.633,,,
9035,4/30/26 7:19,24.729,,,
9036,4/30/26 7:29,24.772,,,
9037,4/30/26 7:39,24.815,,,
9038,4/30/26 7:49,24.837,,,
9039,4/30/26 7:59,24.847,,,
9040,4/30/26 8:09,24.815,,,
9041,4/30/26 8:19,24.837,,,
9042,4/30/26 8:29,24.976,,,
9043,4/30/26 8:39,25.115,,,
9044,4/30/26 8:49,25.115,,,
9045,4/30/26 8:59,25.362,,,
9046,4/30/26 9:09,25.609,,,
9047,4/30/26 9:19,25.855,,,
9048,4/30/26 9:29,26.091,,,
9049,4/30/26 9:39,26.081,,,
9050,4/30/26 9:49,26.07,,,
9051,4/30/26 9:59,26.145,,,
9052,4/30/26 10:09,26.188,,,
9053,4/30/26 10:19,26.145,,,
9054,4/30/26 10:29,26.113,,,
9055,4/30/26 10:39,26.059,,,
9056,4/30/26 10:49,26.199,,,
9057,4/30/26 10:59,26.134,,,
9058,4/30/26 11:09,26.231,,,
9059,4/30/26 11:19,26.338,,,
9060,4/30/26 11:29,26.488,,,
9061,4/30/26 11:39,26.36,,,
9062,4/30/26 11:49,26.392,,,
9063,4/30/26 11:59,26.445,,,
9064,4/30/26 12:09,26.37,,,
9065,4/30/26 12:19,26.445,,,
9066,4/30/26 12:29,26.617,,,
9067,4/30/26 12:39,26.692,,,
9068,4/30/26 12:49,26.595,,,
9069,4/30/26 12:59,26.542,,,
9070,4/30/26 13:09,26.821,,,
9071,4/30/26 13:19,26.821,,,
9072,4/30/26 13:29,26.703,,,
9073,4/30/26 13:39,26.585,,,
9074,4/30/26 13:49,26.724,,,
9075,4/30/26 13:59,26.724,,,
9076,4/30/26 14:09,26.96,,,
9077,4/30/26 14:19,27.303,,,
9078,4/30/26 14:29,26.746,,,
9079,4/30/26 14:39,26.756,,,
9080,4/30/26 14:49,26.842,,,
9081,4/30/26 14:59,26.864,,,
9082,4/30/26 15:09,26.874,,,
9083,4/30/26 15:19,26.864,,,
9084,4/30/26 15:29,26.831,,,
9085,4/30/26 15:39,26.799,,,
9086,4/30/26 15:49,26.724,,,
9087,4/30/26 15:59,26.671,,,
9088,4/30/26 16:09,26.542,,,
9089,4/30/26 16:19,26.424,,,
9090,4/30/26 16:29,26.37,,,
9091,4/30/26 16:39,26.22,,,
9092,4/30/26 16:49,26.124,,,
9093,4/30/26 16:59,26.006,,,
9094,4/30/26 17:09,25.931,,,
9095,4/30/26 17:19,25.855,,,
9096,4/30/26 17:29,25.77,,,
9097,4/30/26 17:39,25.652,,,
9098,4/30/26 17:49,25.534,,,
9099,4/30/26 17:59,25.426,,,
9100,4/30/26 18:09,25.362,,,
9101,4/30/26 18:19,25.298,,,
9102,4/30/26 18:29,25.233,,,
9103,4/30/26 18:39,25.169,,,
9104,4/30/26 18:49,25.105,,,
9105,4/30/26 18:59,25.083,,,
9106,4/30/26 19:09,25.008,,,
9107,4/30/26 19:19,24.955,,,
9108,4/30/26 19:29,24.912,,,
9109,4/30/26 19:39,24.879,,,
9110,4/30/26 19:49,24.847,,,
9111,4/30/26 19:59,24.815,,,
9112,4/30/26 20:09,24.804,,,
9113,4/30/26 20:19,24.772,,,
9114,4/30/26 20:29,24.761,,,
9115,4/30/26 20:39,24.772,,,
9116,4/30/26 20:49,24.751,,,
9117,4/30/26 20:59,24.74,,,
9118,4/30/26 21:09,24.708,,,
9119,4/30/26 21:19,24.665,,,
9120,4/30/26 21:29,24.676,,,
9121,4/30/26 21:39,24.654,,,
9122,4/30/26 21:49,24.611,,,
9123,4/30/26 21:59,24.59,,,
9124,4/30/26 22:09,24.579,,,
9125,4/30/26 22:19,24.558,,,
9126,4/30/26 22:29,24.579,,,
9127,4/30/26 22:39,24.526,,,
9128,4/30/26 22:49,24.547,,,
9129,4/30/26 22:59,24.547,,,
9130,4/30/26 23:09,24.526,,,
9131,4/30/26 23:19,24.526,,,
9132,4/30/26 23:29,24.526,,,
9133,4/30/26 23:39,24.472,,,
9134,4/30/26 23:49,24.354,,,
9135,4/30/26 23:59,24.225,,,
9136,5/1/26 0:09,24.193,,,
9137,5/1/26 0:19,24.193,,,
9138,5/1/26 0:29,24.139,,,
9139,5/1/26 0:39,24.129,,,
9140,5/1/26 0:49,24.139,,,
9141,5/1/26 0:59,24.161,,,
9142,5/1/26 1:09,24.15,,,
9143,5/1/26 1:19,24.15,,,
9144,5/1/26 1:29,24.172,,,
9145,5/1/26 1:39,24.172,,,
9146,5/1/26 1:49,24.15,,,
9147,5/1/26 1:59,24.15,,,
9148,5/1/26 2:09,24.129,,,
9149,5/1/26 2:19,24.118,,,
9150,5/1/26 2:29,24.129,,,
9151,5/1/26 2:39,24.107,,,
9152,5/1/26 2:49,24.118,,,
9153,5/1/26 2:59,24.097,,,
9154,5/1/26 3:09,24.107,,,
9155,5/1/26 3:19,24.097,,,
9156,5/1/26 3:29,24.097,,,
9157,5/1/26 3:39,24.064,,,
9158,5/1/26 3:49,24,,,
9159,5/1/26 3:59,23.946,,,
9160,5/1/26 4:09,23.946,,,
9161,5/1/26 4:19,23.957,,,
9162,5/1/26 4:29,23.957,,,
9163,5/1/26 4:39,23.903,,,
9164,5/1/26 4:49,23.903,,,
9165,5/1/26 4:59,23.936,,,
9166,5/1/26 5:09,23.903,,,
9167,5/1/26 5:19,23.903,,,
9168,5/1/26 5:29,23.882,,,
9169,5/1/26 5:39,23.914,,,
9170,5/1/26 5:49,23.936,,,
9171,5/1/26 5:59,23.914,,,
9172,5/1/26 6:09,23.925,,,
9173,5/1/26 6:19,23.914,,,
9174,5/1/26 6:29,23.893,,,
9175,5/1/26 6:39,23.861,,,
9176,5/1/26 6:49,23.871,,,
9177,5/1/26 6:59,23.914,,,
9178,5/1/26 7:09,24.021,,,
9179,5/1/26 7:19,24.107,,,
9180,5/1/26 7:29,24.204,,,
9181,5/1/26 7:39,24.29,,,
9182,5/1/26 7:49,24.429,,,
9183,5/1/26 7:59,24.579,,,
9184,5/1/26 8:09,24.601,,,
9185,5/1/26 8:19,24.697,,,
9186,5/1/26 8:29,24.847,,,
9187,5/1/26 8:39,24.912,,,
9188,5/1/26 8:49,24.965,,,
9189,5/1/26 8:59,25.137,,,
9190,5/1/26 9:09,25.716,,,
9191,5/1/26 9:19,26.177,,,
9192,5/1/26 9:29,26.488,,,
9193,5/1/26 9:39,26.531,,,
9194,5/1/26 9:49,26.874,,,
9195,5/1/26 9:59,27.089,,,
9196,5/1/26 10:09,27.121,,,
9197,5/1/26 10:19,27.55,,,
9198,5/1/26 10:29,27.861,,,
9199,5/1/26 10:39,27.432,,,
9200,5/1/26 10:49,27.282,,,
9201,5/1/26 10:59,27.368,,,
9202,5/1/26 11:09,27.325,,,
9203,5/1/26 11:19,27.314,,,
9204,5/1/26 11:29,27.378,,,
9205,5/1/26 11:39,27.475,,,
9206,5/1/26 11:49,27.561,,,
9207,5/1/26 11:59,27.614,,,
9208,5/1/26 12:09,27.668,,,
9209,5/1/26 12:19,27.689,,,
9210,5/1/26 12:29,27.7,,,
9211,5/1/26 12:39,27.411,,,
9212,5/1/26 12:49,27.378,,,
9213,5/1/26 12:59,27.121,,,
9214,5/1/26 13:09,27.271,,,
9215,5/1/26 13:19,27.164,,,
9216,5/1/26 13:29,27.293,,,
9217,5/1/26 13:39,27.228,,,
9218,5/1/26 13:49,27.121,,,
9219,5/1/26 13:59,27.26,,,
9220,5/1/26 14:09,26.317,,,
9221,5/1/26 14:19,24.139,,,
9222,5/1/26 14:29,24.772,,,
9223,5/1/26 14:39,24.075,,,
9224,5/1/26 14:49,23.775,,,
9225,5/1/26 14:59,24.547,,,
9226,5/1/26 15:09,25.158,,,
9227,5/1/26 15:19,25.384,,,
9228,5/1/26 15:29,25.115,,,
9229,5/1/26 15:39,24.032,,,
9230,5/1/26 15:49,23.957,,,
9231,5/1/26 15:59,24.547,,,
9232,5/1/26 16:09,24.579,,,
9233,5/1/26 16:19,24.794,,,
9234,5/1/26 16:29,24.794,,,
9235,5/1/26 16:39,25.105,,,
9236,5/1/26 16:49,24.493,,,
9237,5/1/26 16:59,24.59,,,
9238,5/1/26 17:09,24.761,,,
9239,5/1/26 17:19,23.432,,,
9240,5/1/26 17:29,22.027,,,
9241,5/1/26 17:39,21.233,,,
9242,5/1/26 17:49,20.89,,,
9243,5/1/26 17:59,20.729,,,
9244,5/1/26 18:09,20.697,,,
9245,5/1/26 18:19,20.707,,,
9246,5/1/26 18:29,21.008,,,
9247,5/1/26 18:39,21.394,,,
9248,5/1/26 18:49,21.683,,,
9249,5/1/26 18:59,21.748,,,
9250,5/1/26 19:09,21.662,,,
9251,5/1/26 19:19,21.147,,,
9252,5/1/26 19:29,20.686,,,
9253,5/1/26 19:39,20.375,,,
9254,5/1/26 19:49,20.075,,,
9255,5/1/26 19:59,19.796,,,
9256,5/1/26 20:09,19.549,,,
9257,5/1/26 20:19,19.388,,,
9258,5/1/26 20:29,19.302,,,
9259,5/1/26 20:39,19.249,,,
9260,5/1/26 20:49,19.26,,,
9261,5/1/26 20:59,19.227,,,
9262,5/1/26 21:09,19.217,,,
9263,5/1/26 21:19,19.217,,,
9264,5/1/26 21:29,19.217,,,
9265,5/1/26 21:39,19.163,,,
9266,5/1/26 21:49,19.163,,,
9267,5/1/26 21:59,19.109,,,
9268,5/1/26 22:09,19.077,,,
9269,5/1/26 22:19,19.077,,,
9270,5/1/26 22:29,19.066,,,
9271,5/1/26 22:39,19.066,,,
9272,5/1/26 22:49,19.066,,,
9273,5/1/26 22:59,19.034,,,
9274,5/1/26 23:09,19.024,,,
9275,5/1/26 23:19,19.002,,,
9276,5/1/26 23:29,18.991,,,
9277,5/1/26 23:39,18.991,,,
9278,5/1/26 23:49,18.991,,,
9279,5/1/26 23:59,18.981,,,
9280,5/2/26 0:09,18.97,,,
9281,5/2/26 0:19,18.991,,,
9282,5/2/26 0:29,18.981,,,
9283,5/2/26 0:39,19.002,,,
9284,5/2/26 0:49,18.991,,,
9285,5/2/26 0:59,18.981,,,
9286,5/2/26 1:09,19.013,,,
9287,5/2/26 1:19,19.013,,,
9288,5/2/26 1:29,19.034,,,
9289,5/2/26 1:39,19.045,,,
9290,5/2/26 1:49,19.066,,,
9291,5/2/26 1:59,19.066,,,
9292,5/2/26 2:09,19.024,,,
9293,5/2/26 2:19,19.024,,,
9294,5/2/26 2:29,19.024,,,
9295,5/2/26 2:39,19.045,,,
9296,5/2/26 2:49,19.013,,,
9297,5/2/26 2:59,19.056,,,
9298,5/2/26 3:09,19.034,,,
9299,5/2/26 3:19,19.034,,,
9300,5/2/26 3:29,19.013,,,
9301,5/2/26 3:39,19.002,,,
9302,5/2/26 3:49,19.002,,,
9303,5/2/26 3:59,19.024,,,
9304,5/2/26 4:09,19.034,,,
9305,5/2/26 4:19,19.034,,,
9306,5/2/26 4:29,19.034,,,
9307,5/2/26 4:39,19.013,,,
9308,5/2/26 4:49,19.013,,,
9309,5/2/26 4:59,19.034,,,
9310,5/2/26 5:09,19.013,,,
9311,5/2/26 5:19,19.045,,,
9312,5/2/26 5:29,19.066,,,
9313,5/2/26 5:39,19.056,,,
9314,5/2/26 5:49,19.045,,,
9315,5/2/26 5:59,19.045,,,
9316,5/2/26 6:09,19.045,,,
9317,5/2/26 6:19,19.056,,,
9318,5/2/26 6:29,19.088,,,
9319,5/2/26 6:39,19.056,,,
9320,5/2/26 6:49,19.056,,,
9321,5/2/26 6:59,19.045,,,
9322,5/2/26 7:09,19.013,,,
9323,5/2/26 7:19,19.024,,,
9324,5/2/26 7:29,19.045,,,
9325,5/2/26 7:39,19.034,,,
9326,5/2/26 7:49,19.013,,,
9327,5/2/26 7:59,19.002,,,
9328,5/2/26 8:09,19.034,,,
9329,5/2/26 8:19,19.045,,,
9330,5/2/26 8:29,19.034,,,
9331,5/2/26 8:39,19.056,,,
9332,5/2/26 8:49,19.056,,,
9333,5/2/26 8:59,19.034,,,
9334,5/2/26 9:09,19.013,,,
9335,5/2/26 9:19,19.013,,,
9336,5/2/26 9:29,19.013,,,
9337,5/2/26 9:39,19.013,,,
9338,5/2/26 9:49,19.013,,,
9339,5/2/26 9:59,19.013,,,
9340,5/2/26 10:09,18.97,,,
9341,5/2/26 10:19,18.981,,,
9342,5/2/26 10:29,18.991,,,
9343,5/2/26 10:39,19.013,,,
9344,5/2/26 10:49,19.024,,,
9345,5/2/26 10:59,19.034,,,
9346,5/2/26 11:09,19.013,,,
9347,5/2/26 11:19,19.024,,,
9348,5/2/26 11:29,19.013,,,
9349,5/2/26 11:39,19.002,,,
9350,5/2/26 11:49,19.206,,,
9351,5/2/26 11:59,19.431,,,
9352,5/2/26 12:09,19.453,,,
9353,5/2/26 12:19,19.399,,,
9354,5/2/26 12:29,19.42,,,
9355,5/2/26 12:39,19.431,,,
9356,5/2/26 12:49,19.399,,,
9357,5/2/26 12:59,19.42,,,
9358,5/2/26 13:09,19.399,,,
9359,5/2/26 13:19,19.388,,,
9360,5/2/26 13:29,19.377,,,
9361,5/2/26 13:39,19.356,,,
9362,5/2/26 13:49,19.335,,,
9363,5/2/26 13:59,19.388,,,
9364,5/2/26 14:09,19.474,,,
9365,5/2/26 14:19,19.549,,,
9366,5/2/26 14:29,19.656,,,
9367,5/2/26 14:39,19.721,,,
9368,5/2/26 14:49,19.785,,,
9369,5/2/26 14:59,19.806,,,
9370,5/2/26 15:09,19.764,,,
9371,5/2/26 15:19,19.731,,,
9372,5/2/26 15:29,19.699,,,
9373,5/2/26 15:39,19.656,,,
9374,5/2/26 15:49,19.581,,,
9375,5/2/26 15:59,19.506,,,
9376,5/2/26 16:09,19.495,,,
9377,5/2/26 16:19,19.485,,,
9378,5/2/26 16:29,19.485,,,
9379,5/2/26 16:39,19.474,,,
9380,5/2/26 16:49,19.463,,,
9381,5/2/26 16:59,19.42,,,
9382,5/2/26 17:09,19.399,,,
9383,5/2/26 17:19,19.399,,,
9384,5/2/26 17:29,19.42,,,
9385,5/2/26 17:39,19.41,,,
9386,5/2/26 17:49,19.42,,,
9387,5/2/26 17:59,19.399,,,
9388,5/2/26 18:09,19.377,,,
9389,5/2/26 18:19,19.377,,,
9390,5/2/26 18:29,19.367,,,
9391,5/2/26 18:39,19.388,,,
9392,5/2/26 18:49,19.367,,,
9393,5/2/26 18:59,19.377,,,
9394,5/2/26 19:09,19.377,,,
9395,5/2/26 19:19,19.356,,,
9396,5/2/26 19:29,19.324,,,
9397,5/2/26 19:39,19.356,,,
9398,5/2/26 19:49,19.345,,,
9399,5/2/26 19:59,19.345,,,
9400,5/2/26 20:09,19.356,,,
9401,5/2/26 20:19,19.324,,,
9402,5/2/26 20:29,19.302,,,
9403,5/2/26 20:39,19.313,,,
9404,5/2/26 20:49,19.345,,,
9405,5/2/26 20:59,19.313,,,
9406,5/2/26 21:09,19.335,,,
9407,5/2/26 21:19,19.335,,,
9408,5/2/26 21:29,19.324,,,
9409,5/2/26 21:39,19.313,,,
9410,5/2/26 21:49,19.335,,,
9411,5/2/26 21:59,19.324,,,
9412,5/2/26 22:09,19.313,,,
9413,5/2/26 22:19,19.313,,,
9414,5/2/26 22:29,19.324,,,
9415,5/2/26 22:39,19.302,,,
9416,5/2/26 22:49,19.324,,,
9417,5/2/26 22:59,19.292,,,
9418,5/2/26 23:09,19.302,,,
9419,5/2/26 23:19,19.302,,,
9420,5/2/26 23:29,19.313,,,
9421,5/2/26 23:39,19.302,,,
9422,5/2/26 23:49,19.302,,,
9423,5/2/26 23:59,19.292,,,
9424,5/3/26 0:09,19.302,,,
9425,5/3/26 0:19,19.302,,,
9426,5/3/26 0:29,19.313,,,
9427,5/3/26 0:39,19.324,,,
9428,5/3/26 0:49,19.313,,,
9429,5/3/26 0:59,19.281,,,
9430,5/3/26 1:09,19.302,,,
9431,5/3/26 1:19,19.27,,,
9432,5/3/26 1:29,19.292,,,
9433,5/3/26 1:39,19.302,,,
9434,5/3/26 1:49,19.302,,,
9435,5/3/26 1:59,19.292,,,
9436,5/3/26 2:09,19.27,,,
9437,5/3/26 2:19,19.26,,,
9438,5/3/26 2:29,19.27,,,
9439,5/3/26 2:39,19.292,,,
9440,5/3/26 2:49,19.292,,,
9441,5/3/26 2:59,19.313,,,
9442,5/3/26 3:09,19.292,,,
9443,5/3/26 3:19,19.292,,,
9444,5/3/26 3:29,19.27,,,
9445,5/3/26 3:39,19.281,,,
9446,5/3/26 3:49,19.281,,,
9447,5/3/26 3:59,19.281,,,
9448,5/3/26 4:09,19.302,,,
9449,5/3/26 4:19,19.281,,,
9450,5/3/26 4:29,19.292,,,
9451,5/3/26 4:39,19.302,,,
9452,5/3/26 4:49,19.27,,,
9453,5/3/26 4:59,19.324,,,
9454,5/3/26 5:09,19.302,,,
9455,5/3/26 5:19,19.324,,,
9456,5/3/26 5:29,19.302,,,
9457,5/3/26 5:39,19.292,,,
9458,5/3/26 5:49,19.302,,,
9459,5/3/26 5:59,19.26,,,
9460,5/3/26 6:09,19.302,,,
9461,5/3/26 6:19,19.313,,,
9462,5/3/26 6:29,19.292,,,
9463,5/3/26 6:39,19.313,,,
9464,5/3/26 6:49,19.302,,,
9465,5/3/26 6:59,19.292,,,
9466,5/3/26 7:09,19.324,,,
9467,5/3/26 7:19,19.313,,,
9468,5/3/26 7:29,19.324,,,
9469,5/3/26 7:39,19.27,,,
9470,5/3/26 7:49,19.302,,,
9471,5/3/26 7:59,19.302,,,
9472,5/3/26 8:09,19.324,,,
9473,5/3/26 8:19,19.313,,,
9474,5/3/26 8:29,19.313,,,
9475,5/3/26 8:39,19.302,,,
9476,5/3/26 8:49,19.281,,,
9477,5/3/26 8:59,19.302,,,
9478,5/3/26 9:09,19.292,,,
9479,5/3/26 9:19,19.281,,,
9480,5/3/26 9:29,19.313,,,
9481,5/3/26 9:39,19.302,,,
9482,5/3/26 9:49,19.281,,,
9483,5/3/26 9:59,19.281,,,
9484,5/3/26 10:09,19.302,,,
9485,5/3/26 10:19,19.302,,,
9486,5/3/26 10:29,19.324,,,
9487,5/3/26 10:39,19.324,,,
9488,5/3/26 10:49,19.324,,,
9489,5/3/26 10:59,19.313,,,
9490,5/3/26 11:09,19.324,,,
9491,5/3/26 11:19,19.324,,,
9492,5/3/26 11:29,19.335,,,
9493,5/3/26 11:39,19.335,,,
9494,5/3/26 11:49,19.335,,,
9495,5/3/26 11:59,19.324,,,
9496,5/3/26 12:09,19.313,,,
9497,5/3/26 12:19,19.324,,,
9498,5/3/26 12:29,19.324,,,
9499,5/3/26 12:39,19.345,,,
9500,5/3/26 12:49,19.324,,,
9501,5/3/26 12:59,19.335,,,
9502,5/3/26 13:09,19.335,,,
9503,5/3/26 13:19,19.324,,,
9504,5/3/26 13:29,19.335,,,
9505,5/3/26 13:39,19.367,,,
9506,5/3/26 13:49,19.356,,,
9507,5/3/26 13:59,19.367,,,
9508,5/3/26 14:09,19.335,,,
9509,5/3/26 14:19,19.324,,,
9510,5/3/26 14:29,19.345,,,
9511,5/3/26 14:39,19.356,,,
9512,5/3/26 14:49,19.356,,,
9513,5/3/26 14:59,19.377,,,
9514,5/3/26 15:09,19.367,,,
9515,5/3/26 15:19,19.377,,,
9516,5/3/26 15:29,19.324,,,
9517,5/3/26 15:39,19.345,,,
9518,5/3/26 15:49,19.367,,,
9519,5/3/26 15:59,19.367,,,
9520,5/3/26 16:09,19.399,,,
9521,5/3/26 16:19,19.388,,,
9522,5/3/26 16:29,19.377,,,
9523,5/3/26 16:39,19.367,,,
9524,5/3/26 16:49,19.42,,,
9525,5/3/26 16:59,19.42,,,
9526,5/3/26 17:09,19.41,,,
9527,5/3/26 17:19,19.42,,,
9528,5/3/26 17:29,19.388,,,
9529,5/3/26 17:39,19.41,,,
9530,5/3/26 17:49,19.41,,,
9531,5/3/26 17:59,19.42,,,
9532,5/3/26 18:09,19.453,,,
9533,5/3/26 18:19,19.431,,,
9534,5/3/26 18:29,19.453,,,
9535,5/3/26 18:39,19.41,,,
9536,5/3/26 18:49,19.41,,,
9537,5/3/26 18:59,19.42,,,
9538,5/3/26 19:09,19.41,,,
9539,5/3/26 19:19,19.431,,,
9540,5/3/26 19:29,19.453,,,
9541,5/3/26 19:39,19.431,,,
9542,5/3/26 19:49,19.42,,,
9543,5/3/26 19:59,19.431,,,
9544,5/3/26 20:09,19.42,,,
9545,5/3/26 20:19,19.42,,,
9546,5/3/26 20:29,19.442,,,
9547,5/3/26 20:39,19.431,,,
9548,5/3/26 20:49,19.42,,,
9549,5/3/26 20:59,19.41,,,
9550,5/3/26 21:09,19.41,,,
9551,5/3/26 21:19,19.42,,,
9552,5/3/26 21:29,19.42,,,
9553,5/3/26 21:39,19.442,,,
9554,5/3/26 21:49,19.41,,,
9555,5/3/26 21:59,19.41,,,
9556,5/3/26 22:09,19.42,,,
9557,5/3/26 22:19,19.41,,,
9558,5/3/26 22:29,19.442,,,
9559,5/3/26 22:39,19.431,,,
9560,5/3/26 22:49,19.431,,,
9561,5/3/26 22:59,19.453,,,
9562,5/3/26 23:09,19.453,,,
9563,5/3/26 23:19,19.442,,,
9564,5/3/26 23:29,19.431,,,
9565,5/3/26 23:39,19.42,,,
9566,5/3/26 23:49,19.431,,,
9567,5/3/26 23:59,19.431,,,
9568,5/4/26 0:09,19.42,,,
9569,5/4/26 0:19,19.431,,,
9570,5/4/26 0:29,19.42,,,
9571,5/4/26 0:39,19.442,,,
9572,5/4/26 0:49,19.42,,,
9573,5/4/26 0:59,19.41,,,
9574,5/4/26 1:09,19.399,,,
9575,5/4/26 1:19,19.41,,,
9576,5/4/26 1:29,19.377,,,
9577,5/4/26 1:39,19.377,,,
9578,5/4/26 1:49,19.367,,,
9579,5/4/26 1:59,19.399,,,
9580,5/4/26 2:09,19.388,,,
9581,5/4/26 2:19,19.399,,,
9582,5/4/26 2:29,19.388,,,
9583,5/4/26 2:39,19.345,,,
9584,5/4/26 2:49,19.356,,,
9585,5/4/26 2:59,19.377,,,
9586,5/4/26 3:09,19.377,,,
9587,5/4/26 3:19,19.388,,,
9588,5/4/26 3:29,19.388,,,
9589,5/4/26 3:39,19.377,,,
9590,5/4/26 3:49,19.377,,,
9591,5/4/26 3:59,19.377,,,
9592,5/4/26 4:09,19.377,,,
9593,5/4/26 4:19,19.367,,,
9594,5/4/26 4:29,19.377,,,
9595,5/4/26 4:39,19.377,,,
9596,5/4/26 4:49,19.356,,,
9597,5/4/26 4:59,19.356,,,
9598,5/4/26 5:09,19.367,,,
9599,5/4/26 5:19,19.377,,,
9600,5/4/26 5:29,19.377,,,
9601,5/4/26 5:39,19.377,,,
9602,5/4/26 5:49,19.377,,,
9603,5/4/26 5:59,19.356,,,
9604,5/4/26 6:09,19.377,,,
9605,5/4/26 6:19,19.345,,,
9606,5/4/26 6:29,19.377,,,
9607,5/4/26 6:39,19.399,,,
9608,5/4/26 6:49,19.399,,,
9609,5/4/26 6:59,19.42,,,
9610,5/4/26 7:09,19.377,,,
9611,5/4/26 7:19,19.377,,,
9612,5/4/26 7:29,19.388,,,
9613,5/4/26 7:39,19.399,,,
9614,5/4/26 7:49,19.399,,,
9615,5/4/26 7:59,19.41,,,
9616,5/4/26 8:09,19.41,,,
9617,5/4/26 8:19,19.399,,,
9618,5/4/26 8:29,19.377,,,
9619,5/4/26 8:39,19.388,,,
9620,5/4/26 8:49,19.377,,,
9621,5/4/26 8:59,19.41,,,
9622,5/4/26 9:09,19.453,,,
9623,5/4/26 9:19,19.495,,,
9624,5/4/26 9:29,19.571,,,
9625,5/4/26 9:39,19.613,,,
9626,5/4/26 9:49,19.689,,,
9627,5/4/26 9:59,19.721,,,
9628,5/4/26 10:09,19.785,,,
9629,5/4/26 10:19,19.828,,,
9630,5/4/26 10:29,19.849,,,
9631,5/4/26 10:39,19.871,,,
9632,5/4/26 10:49,19.914,,,
9633,5/4/26 10:59,19.957,,,
9634,5/4/26 11:09,19.957,,,
9635,5/4/26 11:19,20.01,,,
9636,5/4/26 11:29,20.128,,,
9637,5/4/26 11:39,20.375,,,
9638,5/4/26 11:49,20.557,,,
9639,5/4/26 11:59,20.675,,,
9640,5/4/26 12:09,20.729,,,
9641,5/4/26 12:19,20.718,,,
9642,5/4/26 12:29,20.718,,,
9643,5/4/26 12:39,20.697,,,
9644,5/4/26 12:49,20.707,,,
9645,5/4/26 12:59,20.697,,,
9646,5/4/26 13:09,20.686,,,
9647,5/4/26 13:19,20.686,,,
9648,5/4/26 13:29,20.729,,,
9649,5/4/26 13:39,20.75,,,
9650,5/4/26 13:49,20.761,,,
9651,5/4/26 13:59,20.804,,,
9652,5/4/26 14:09,20.815,,,
9653,5/4/26 14:19,20.804,,,
9654,5/4/26 14:29,20.825,,,
9655,5/4/26 14:39,20.858,,,
9656,5/4/26 14:49,20.879,,,
9657,5/4/26 14:59,20.89,,,
9658,5/4/26 15:09,20.911,,,
9659,5/4/26 15:19,20.911,,,
9660,5/4/26 15:29,20.965,,,
9661,5/4/26 15:39,21.501,,,
9662,5/4/26 15:49,22.498,,,
9663,5/4/26 15:59,23.217,,,
9664,5/4/26 16:09,24.751,,,
9665,5/4/26 16:19,25.362,,,
9666,5/4/26 16:23,,,Logged,Logged