#,Date-Time (HST),Temperature   (°C),Started,Host Connected,End of File
1,2/26/26 13:30,22.552,Logged,,
2,2/26/26 13:40,22.681,,,
3,2/26/26 13:50,22.209,,,
4,2/26/26 14:00,21.93,,,
5,2/26/26 14:10,21.823,,,
6,2/26/26 14:20,21.726,,,
7,2/26/26 14:30,22.198,,,
8,2/26/26 14:40,22.574,,,
9,2/26/26 14:50,22.777,,,
10,2/26/26 15:00,22.906,,,
11,2/26/26 15:10,23.474,,,
12,2/26/26 15:20,24.043,,,
13,2/26/26 15:30,24.408,,,
14,2/26/26 15:40,23.625,,,
15,2/26/26 15:50,23.335,,,
16,2/26/26 16:00,23.303,,,
17,2/26/26 16:10,23.26,,,
18,2/26/26 16:20,23.196,,,
19,2/26/26 16:30,22.413,,,
20,2/26/26 16:40,21.705,,,
21,2/26/26 16:50,21.276,,,
22,2/26/26 17:00,21.211,,,
23,2/26/26 17:10,21.029,,,
24,2/26/26 17:20,20.793,,,
25,2/26/26 17:30,20.718,,,
26,2/26/26 17:40,20.664,,,
27,2/26/26 17:50,20.461,,,
28,2/26/26 18:00,20.375,,,
29,2/26/26 18:10,20.3,,,
30,2/26/26 18:20,20.182,,,
31,2/26/26 18:30,20.053,,,
32,2/26/26 18:40,20.096,,,
33,2/26/26 18:50,20.096,,,
34,2/26/26 19:00,19.989,,,
35,2/26/26 19:10,19.978,,,
36,2/26/26 19:20,20,,,
37,2/26/26 19:30,19.957,,,
38,2/26/26 19:40,19.914,,,
39,2/26/26 19:50,19.946,,,
40,2/26/26 20:00,19.903,,,
41,2/26/26 20:10,19.828,,,
42,2/26/26 20:20,19.828,,,
43,2/26/26 20:30,19.849,,,
44,2/26/26 20:40,19.796,,,
45,2/26/26 20:50,19.774,,,
46,2/26/26 21:00,19.849,,,
47,2/26/26 21:10,19.817,,,
48,2/26/26 21:20,19.753,,,
49,2/26/26 21:30,19.785,,,
50,2/26/26 21:40,19.774,,,
51,2/26/26 21:50,19.731,,,
52,2/26/26 22:00,19.71,,,
53,2/26/26 22:10,19.71,,,
54,2/26/26 22:20,19.689,,,
55,2/26/26 22:30,19.656,,,
56,2/26/26 22:40,19.635,,,
57,2/26/26 22:50,19.667,,,
58,2/26/26 23:00,19.613,,,
59,2/26/26 23:10,19.613,,,
60,2/26/26 23:20,19.624,,,
61,2/26/26 23:30,19.646,,,
62,2/26/26 23:40,19.613,,,
63,2/26/26 23:50,19.646,,,
64,2/27/26 0:00,19.656,,,
65,2/27/26 0:10,19.646,,,
66,2/27/26 0:20,19.656,,,
67,2/27/26 0:30,19.667,,,
68,2/27/26 0:40,19.699,,,
69,2/27/26 0:50,19.678,,,
70,2/27/26 1:00,19.699,,,
71,2/27/26 1:10,19.689,,,
72,2/27/26 1:20,19.699,,,
73,2/27/26 1:30,19.71,,,
74,2/27/26 1:40,19.721,,,
75,2/27/26 1:50,19.71,,,
76,2/27/26 2:00,19.71,,,
77,2/27/26 2:10,19.71,,,
78,2/27/26 2:20,19.721,,,
79,2/27/26 2:30,19.71,,,
80,2/27/26 2:40,19.742,,,
81,2/27/26 2:50,19.753,,,
82,2/27/26 3:00,19.731,,,
83,2/27/26 3:10,19.731,,,
84,2/27/26 3:20,19.721,,,
85,2/27/26 3:30,19.731,,,
86,2/27/26 3:40,19.721,,,
87,2/27/26 3:50,19.71,,,
88,2/27/26 4:00,19.721,,,
89,2/27/26 4:10,19.71,,,
90,2/27/26 4:20,19.699,,,
91,2/27/26 4:30,19.689,,,
92,2/27/26 4:40,19.699,,,
93,2/27/26 4:50,19.699,,,
94,2/27/26 5:00,19.721,,,
95,2/27/26 5:10,19.721,,,
96,2/27/26 5:20,19.71,,,
97,2/27/26 5:30,19.71,,,
98,2/27/26 5:40,19.721,,,
99,2/27/26 5:50,19.689,,,
100,2/27/26 6:00,19.689,,,
101,2/27/26 6:10,19.721,,,
102,2/27/26 6:20,19.774,,,
103,2/27/26 6:30,19.806,,,
104,2/27/26 6:40,19.839,,,
105,2/27/26 6:50,19.86,,,
106,2/27/26 7:00,19.882,,,
107,2/27/26 7:10,19.871,,,
108,2/27/26 7:20,19.871,,,
109,2/27/26 7:30,19.914,,,
110,2/27/26 7:40,19.871,,,
111,2/27/26 7:50,19.871,,,
112,2/27/26 8:00,19.86,,,
113,2/27/26 8:10,19.796,,,
114,2/27/26 8:20,19.785,,,
115,2/27/26 8:30,19.817,,,
116,2/27/26 8:40,19.86,,,
117,2/27/26 8:50,19.882,,,
118,2/27/26 9:00,19.914,,,
119,2/27/26 9:10,19.935,,,
120,2/27/26 9:20,19.967,,,
121,2/27/26 9:30,19.967,,,
122,2/27/26 9:40,19.978,,,
123,2/27/26 9:50,20.021,,,
124,2/27/26 10:00,20.053,,,
125,2/27/26 10:10,20.064,,,
126,2/27/26 10:20,20.075,,,
127,2/27/26 10:30,20.053,,,
128,2/27/26 10:40,20.085,,,
129,2/27/26 10:50,20.085,,,
130,2/27/26 11:00,20.085,,,
131,2/27/26 11:10,20.107,,,
132,2/27/26 11:20,20.096,,,
133,2/27/26 11:30,20.128,,,
134,2/27/26 11:40,20.16,,,
135,2/27/26 11:50,20.182,,,
136,2/27/26 12:00,20.182,,,
137,2/27/26 12:10,20.193,,,
138,2/27/26 12:20,20.203,,,
139,2/27/26 12:30,20.235,,,
140,2/27/26 12:40,20.225,,,
141,2/27/26 12:50,20.246,,,
142,2/27/26 13:00,20.289,,,
143,2/27/26 13:10,20.3,,,
144,2/27/26 13:20,20.278,,,
145,2/27/26 13:30,20.321,,,
146,2/27/26 13:40,20.321,,,
147,2/27/26 13:50,20.321,,,
148,2/27/26 14:00,20.321,,,
149,2/27/26 14:10,20.364,,,
150,2/27/26 14:20,20.343,,,
151,2/27/26 14:30,20.364,,,
152,2/27/26 14:40,20.332,,,
153,2/27/26 14:50,20.353,,,
154,2/27/26 15:00,20.321,,,
155,2/27/26 15:10,20.321,,,
156,2/27/26 15:20,20.321,,,
157,2/27/26 15:30,20.332,,,
158,2/27/26 15:40,20.321,,,
159,2/27/26 15:50,20.364,,,
160,2/27/26 16:00,20.364,,,
161,2/27/26 16:10,20.364,,,
162,2/27/26 16:20,20.364,,,
163,2/27/26 16:30,20.375,,,
164,2/27/26 16:40,20.396,,,
165,2/27/26 16:50,20.407,,,
166,2/27/26 17:00,20.407,,,
167,2/27/26 17:10,20.407,,,
168,2/27/26 17:20,20.45,,,
169,2/27/26 17:30,20.471,,,
170,2/27/26 17:40,20.471,,,
171,2/27/26 17:50,20.471,,,
172,2/27/26 18:00,20.482,,,
173,2/27/26 18:10,20.493,,,
174,2/27/26 18:20,20.514,,,
175,2/27/26 18:30,20.525,,,
176,2/27/26 18:40,20.557,,,
177,2/27/26 18:50,20.557,,,
178,2/27/26 19:00,20.536,,,
179,2/27/26 19:10,20.6,,,
180,2/27/26 19:20,20.6,,,
181,2/27/26 19:30,20.579,,,
182,2/27/26 19:40,20.579,,,
183,2/27/26 19:50,20.536,,,
184,2/27/26 20:00,20.514,,,
185,2/27/26 20:10,20.482,,,
186,2/27/26 20:20,20.471,,,
187,2/27/26 20:30,20.45,,,
188,2/27/26 20:40,20.429,,,
189,2/27/26 20:50,20.407,,,
190,2/27/26 21:00,20.396,,,
191,2/27/26 21:10,20.429,,,
192,2/27/26 21:20,20.429,,,
193,2/27/26 21:30,20.407,,,
194,2/27/26 21:40,20.429,,,
195,2/27/26 21:50,20.471,,,
196,2/27/26 22:00,20.471,,,
197,2/27/26 22:10,20.461,,,
198,2/27/26 22:20,20.493,,,
199,2/27/26 22:30,20.493,,,
200,2/27/26 22:40,20.504,,,
201,2/27/26 22:50,20.504,,,
202,2/27/26 23:00,20.547,,,
203,2/27/26 23:10,20.547,,,
204,2/27/26 23:20,20.547,,,
205,2/27/26 23:30,20.579,,,
206,2/27/26 23:40,20.6,,,
207,2/27/26 23:50,20.589,,,
208,2/28/26 0:00,20.589,,,
209,2/28/26 0:10,20.611,,,
210,2/28/26 0:20,20.654,,,
211,2/28/26 0:30,20.664,,,
212,2/28/26 0:40,20.622,,,
213,2/28/26 0:50,20.622,,,
214,2/28/26 1:00,20.6,,,
215,2/28/26 1:10,20.579,,,
216,2/28/26 1:20,20.579,,,
217,2/28/26 1:30,20.579,,,
218,2/28/26 1:40,20.568,,,
219,2/28/26 1:50,20.589,,,
220,2/28/26 2:00,20.6,,,
221,2/28/26 2:10,20.589,,,
222,2/28/26 2:20,20.557,,,
223,2/28/26 2:30,20.579,,,
224,2/28/26 2:40,20.579,,,
225,2/28/26 2:50,20.568,,,
226,2/28/26 3:00,20.557,,,
227,2/28/26 3:10,20.557,,,
228,2/28/26 3:20,20.547,,,
229,2/28/26 3:30,20.514,,,
230,2/28/26 3:40,20.504,,,
231,2/28/26 3:50,20.482,,,
232,2/28/26 4:00,20.471,,,
233,2/28/26 4:10,20.45,,,
234,2/28/26 4:20,20.429,,,
235,2/28/26 4:30,20.418,,,
236,2/28/26 4:40,20.407,,,
237,2/28/26 4:50,20.396,,,
238,2/28/26 5:00,20.396,,,
239,2/28/26 5:10,20.364,,,
240,2/28/26 5:20,20.364,,,
241,2/28/26 5:30,20.321,,,
242,2/28/26 5:40,20.332,,,
243,2/28/26 5:50,20.332,,,
244,2/28/26 6:00,20.311,,,
245,2/28/26 6:10,20.364,,,
246,2/28/26 6:20,20.375,,,
247,2/28/26 6:30,20.396,,,
248,2/28/26 6:40,20.439,,,
249,2/28/26 6:50,20.407,,,
250,2/28/26 7:00,20.396,,,
251,2/28/26 7:10,20.396,,,
252,2/28/26 7:20,20.429,,,
253,2/28/26 7:30,20.418,,,
254,2/28/26 7:40,20.407,,,
255,2/28/26 7:50,20.396,,,
256,2/28/26 8:00,20.375,,,
257,2/28/26 8:10,20.364,,,
258,2/28/26 8:20,20.386,,,
259,2/28/26 8:30,20.386,,,
260,2/28/26 8:40,20.386,,,
261,2/28/26 8:50,20.407,,,
262,2/28/26 9:00,20.418,,,
263,2/28/26 9:10,20.45,,,
264,2/28/26 9:20,20.429,,,
265,2/28/26 9:30,20.45,,,
266,2/28/26 9:40,20.45,,,
267,2/28/26 9:50,20.493,,,
268,2/28/26 10:00,20.482,,,
269,2/28/26 10:10,20.482,,,
270,2/28/26 10:20,20.493,,,
271,2/28/26 10:30,20.514,,,
272,2/28/26 10:40,20.514,,,
273,2/28/26 10:50,20.514,,,
274,2/28/26 11:00,20.547,,,
275,2/28/26 11:10,20.547,,,
276,2/28/26 11:20,20.557,,,
277,2/28/26 11:30,20.557,,,
278,2/28/26 11:40,20.557,,,
279,2/28/26 11:50,20.579,,,
280,2/28/26 12:00,20.589,,,
281,2/28/26 12:10,20.589,,,
282,2/28/26 12:20,20.6,,,
283,2/28/26 12:30,20.6,,,
284,2/28/26 12:40,20.632,,,
285,2/28/26 12:50,20.643,,,
286,2/28/26 13:00,20.643,,,
287,2/28/26 13:10,20.664,,,
288,2/28/26 13:20,20.664,,,
289,2/28/26 13:30,20.686,,,
290,2/28/26 13:40,20.697,,,
291,2/28/26 13:50,20.697,,,
292,2/28/26 14:00,20.729,,,
293,2/28/26 14:10,20.718,,,
294,2/28/26 14:20,20.718,,,
295,2/28/26 14:30,20.74,,,
296,2/28/26 14:40,20.74,,,
297,2/28/26 14:50,20.74,,,
298,2/28/26 15:00,20.772,,,
299,2/28/26 15:10,20.772,,,
300,2/28/26 15:20,20.772,,,
301,2/28/26 15:30,20.772,,,
302,2/28/26 15:40,20.782,,,
303,2/28/26 15:50,20.815,,,
304,2/28/26 16:00,20.825,,,
305,2/28/26 16:10,20.815,,,
306,2/28/26 16:20,20.836,,,
307,2/28/26 16:30,20.847,,,
308,2/28/26 16:40,20.858,,,
309,2/28/26 16:50,20.847,,,
310,2/28/26 17:00,20.847,,,
311,2/28/26 17:10,20.868,,,
312,2/28/26 17:20,20.879,,,
313,2/28/26 17:30,20.89,,,
314,2/28/26 17:40,22.177,,,
315,2/28/26 17:50,23.41,,,
316,2/28/26 18:00,23.828,,,
317,2/28/26 18:10,23.828,,,
318,2/28/26 18:20,23.807,,,
319,2/28/26 18:30,23.775,,,
320,2/28/26 18:40,23.732,,,
321,2/28/26 18:50,23.721,,,
322,2/28/26 19:00,23.646,,,
323,2/28/26 19:10,23.635,,,
324,2/28/26 19:20,23.625,,,
325,2/28/26 19:30,23.625,,,
326,2/28/26 19:40,23.56,,,
327,2/28/26 19:50,23.571,,,
328,2/28/26 20:00,23.571,,,
329,2/28/26 20:10,23.56,,,
330,2/28/26 20:20,23.55,,,
331,2/28/26 20:30,23.55,,,
332,2/28/26 20:40,23.539,,,
333,2/28/26 20:50,23.539,,,
334,2/28/26 21:00,23.528,,,
335,2/28/26 21:10,23.539,,,
336,2/28/26 21:20,23.55,,,
337,2/28/26 21:30,23.539,,,
338,2/28/26 21:40,23.539,,,
339,2/28/26 21:50,23.528,,,
340,2/28/26 22:00,23.528,,,
341,2/28/26 22:10,23.539,,,
342,2/28/26 22:20,23.539,,,
343,2/28/26 22:30,23.539,,,
344,2/28/26 22:40,23.517,,,
345,2/28/26 22:50,23.528,,,
346,2/28/26 23:00,23.507,,,
347,2/28/26 23:10,23.507,,,
348,2/28/26 23:20,23.517,,,
349,2/28/26 23:30,23.496,,,
350,2/28/26 23:40,23.474,,,
351,2/28/26 23:50,23.485,,,
352,3/1/26 0:00,23.474,,,
353,3/1/26 0:10,23.464,,,
354,3/1/26 0:20,23.474,,,
355,3/1/26 0:30,23.474,,,
356,3/1/26 0:40,23.474,,,
357,3/1/26 0:50,23.474,,,
358,3/1/26 1:00,23.485,,,
359,3/1/26 1:10,23.464,,,
360,3/1/26 1:20,23.464,,,
361,3/1/26 1:30,23.485,,,
362,3/1/26 1:40,23.474,,,
363,3/1/26 1:50,23.485,,,
364,3/1/26 2:00,23.474,,,
365,3/1/26 2:10,23.474,,,
366,3/1/26 2:20,23.464,,,
367,3/1/26 2:30,23.485,,,
368,3/1/26 2:40,23.442,,,
369,3/1/26 2:50,23.464,,,
370,3/1/26 3:00,23.453,,,
371,3/1/26 3:10,23.464,,,
372,3/1/26 3:20,23.453,,,
373,3/1/26 3:30,23.464,,,
374,3/1/26 3:40,23.485,,,
375,3/1/26 3:50,23.474,,,
376,3/1/26 4:00,23.442,,,
377,3/1/26 4:10,23.453,,,
378,3/1/26 4:20,23.464,,,
379,3/1/26 4:30,23.432,,,
380,3/1/26 4:40,23.421,,,
381,3/1/26 4:50,23.399,,,
382,3/1/26 5:00,23.378,,,
383,3/1/26 5:10,23.335,,,
384,3/1/26 5:20,23.314,,,
385,3/1/26 5:30,23.292,,,
386,3/1/26 5:40,23.303,,,
387,3/1/26 5:50,23.292,,,
388,3/1/26 6:00,23.303,,,
389,3/1/26 6:10,23.303,,,
390,3/1/26 6:20,23.281,,,
391,3/1/26 6:30,23.271,,,
392,3/1/26 6:40,23.26,,,
393,3/1/26 6:50,23.239,,,
394,3/1/26 7:00,23.271,,,
395,3/1/26 7:10,23.239,,,
396,3/1/26 7:20,23.271,,,
397,3/1/26 7:30,23.271,,,
398,3/1/26 7:40,23.271,,,
399,3/1/26 7:50,23.281,,,
400,3/1/26 8:00,23.303,,,
401,3/1/26 8:10,23.335,,,
402,3/1/26 8:20,23.356,,,
403,3/1/26 8:30,23.389,,,
404,3/1/26 8:40,23.432,,,
405,3/1/26 8:50,23.474,,,
406,3/1/26 9:00,23.56,,,
407,3/1/26 9:10,23.625,,,
408,3/1/26 9:20,23.646,,,
409,3/1/26 9:30,23.7,,,
410,3/1/26 9:40,23.753,,,
411,3/1/26 9:50,23.818,,,
412,3/1/26 10:00,23.914,,,
413,3/1/26 10:10,23.968,,,
414,3/1/26 10:20,24.107,,,
415,3/1/26 10:30,24.182,,,
416,3/1/26 10:40,24.3,,,
417,3/1/26 10:50,24.429,,,
418,3/1/26 11:00,24.536,,,
419,3/1/26 11:10,24.676,,,
420,3/1/26 11:20,24.708,,,
421,3/1/26 11:30,24.719,,,
422,3/1/26 11:40,24.826,,,
423,3/1/26 11:50,24.965,,,
424,3/1/26 12:00,24.987,,,
425,3/1/26 12:10,25.062,,,
426,3/1/26 12:20,25.019,,,
427,3/1/26 12:30,24.997,,,
428,3/1/26 12:40,24.965,,,
429,3/1/26 12:50,25.03,,,
430,3/1/26 13:00,25.04,,,
431,3/1/26 13:10,25.105,,,
432,3/1/26 13:20,25.115,,,
433,3/1/26 13:30,25.137,,,
434,3/1/26 13:40,25.18,,,
435,3/1/26 13:50,25.19,,,
436,3/1/26 14:00,25.212,,,
437,3/1/26 14:10,25.244,,,
438,3/1/26 14:20,25.33,,,
439,3/1/26 14:30,25.426,,,
440,3/1/26 14:40,25.609,,,
441,3/1/26 14:50,25.598,,,
442,3/1/26 15:00,25.566,,,
443,3/1/26 15:10,25.523,,,
444,3/1/26 15:20,25.416,,,
445,3/1/26 15:30,25.448,,,
446,3/1/26 15:40,25.437,,,
447,3/1/26 15:50,25.426,,,
448,3/1/26 16:00,25.416,,,
449,3/1/26 16:10,25.448,,,
450,3/1/26 16:20,25.48,,,
451,3/1/26 16:30,25.48,,,
452,3/1/26 16:40,25.469,,,
453,3/1/26 16:50,25.448,,,
454,3/1/26 17:00,25.405,,,
455,3/1/26 17:10,25.362,,,
456,3/1/26 17:20,25.276,,,
457,3/1/26 17:30,25.266,,,
458,3/1/26 17:40,25.223,,,
459,3/1/26 17:50,25.148,,,
460,3/1/26 18:00,25.094,,,
461,3/1/26 18:10,24.987,,,
462,3/1/26 18:20,24.922,,,
463,3/1/26 18:30,24.847,,,
464,3/1/26 18:40,24.783,,,
465,3/1/26 18:50,24.719,,,
466,3/1/26 19:00,24.633,,,
467,3/1/26 19:10,24.568,,,
468,3/1/26 19:20,24.515,,,
469,3/1/26 19:30,24.461,,,
470,3/1/26 19:40,24.408,,,
471,3/1/26 19:50,24.365,,,
472,3/1/26 20:00,24.322,,,
473,3/1/26 20:10,24.236,,,
474,3/1/26 20:20,24.193,,,
475,3/1/26 20:30,24.15,,,
476,3/1/26 20:40,24.129,,,
477,3/1/26 20:50,24.075,,,
478,3/1/26 21:00,24.043,,,
479,3/1/26 21:10,23.989,,,
480,3/1/26 21:20,23.968,,,
481,3/1/26 21:30,23.946,,,
482,3/1/26 21:40,23.946,,,
483,3/1/26 21:50,23.925,,,
484,3/1/26 22:00,23.903,,,
485,3/1/26 22:10,23.903,,,
486,3/1/26 22:20,23.893,,,
487,3/1/26 22:30,23.871,,,
488,3/1/26 22:40,23.882,,,
489,3/1/26 22:50,23.85,,,
490,3/1/26 23:00,23.861,,,
491,3/1/26 23:10,23.839,,,
492,3/1/26 23:20,23.839,,,
493,3/1/26 23:30,23.828,,,
494,3/1/26 23:40,23.807,,,
495,3/1/26 23:50,23.785,,,
496,3/2/26 0:00,23.796,,,
497,3/2/26 0:10,23.785,,,
498,3/2/26 0:20,23.796,,,
499,3/2/26 0:30,23.775,,,
500,3/2/26 0:40,23.775,,,
501,3/2/26 0:50,23.764,,,
502,3/2/26 1:00,23.775,,,
503,3/2/26 1:10,23.753,,,
504,3/2/26 1:20,23.753,,,
505,3/2/26 1:30,23.743,,,
506,3/2/26 1:40,23.721,,,
507,3/2/26 1:50,23.689,,,
508,3/2/26 2:00,23.689,,,
509,3/2/26 2:10,23.689,,,
510,3/2/26 2:20,23.657,,,
511,3/2/26 2:30,23.635,,,
512,3/2/26 2:40,23.657,,,
513,3/2/26 2:50,23.635,,,
514,3/2/26 3:00,23.614,,,
515,3/2/26 3:10,23.603,,,
516,3/2/26 3:20,23.614,,,
517,3/2/26 3:30,23.592,,,
518,3/2/26 3:40,23.582,,,
519,3/2/26 3:50,23.571,,,
520,3/2/26 4:00,23.582,,,
521,3/2/26 4:10,23.582,,,
522,3/2/26 4:20,23.55,,,
523,3/2/26 4:30,23.539,,,
524,3/2/26 4:40,23.539,,,
525,3/2/26 4:50,23.55,,,
526,3/2/26 5:00,23.528,,,
527,3/2/26 5:10,23.528,,,
528,3/2/26 5:20,23.539,,,
529,3/2/26 5:30,23.507,,,
530,3/2/26 5:40,23.496,,,
531,3/2/26 5:50,23.496,,,
532,3/2/26 6:00,23.496,,,
533,3/2/26 6:10,23.496,,,
534,3/2/26 6:20,23.496,,,
535,3/2/26 6:30,23.485,,,
536,3/2/26 6:40,23.474,,,
537,3/2/26 6:50,23.464,,,
538,3/2/26 7:00,23.485,,,
539,3/2/26 7:10,23.496,,,
540,3/2/26 7:20,23.485,,,
541,3/2/26 7:30,23.464,,,
542,3/2/26 7:40,23.474,,,
543,3/2/26 7:50,23.485,,,
544,3/2/26 8:00,23.507,,,
545,3/2/26 8:10,23.474,,,
546,3/2/26 8:20,23.507,,,
547,3/2/26 8:30,23.55,,,
548,3/2/26 8:40,23.528,,,
549,3/2/26 8:50,23.55,,,
550,3/2/26 9:00,23.571,,,
551,3/2/26 9:10,23.603,,,
552,3/2/26 9:20,23.646,,,
553,3/2/26 9:30,23.7,,,
554,3/2/26 9:40,23.753,,,
555,3/2/26 9:50,23.796,,,
556,3/2/26 10:00,23.839,,,
557,3/2/26 10:10,23.861,,,
558,3/2/26 10:20,23.903,,,
559,3/2/26 10:30,23.946,,,
560,3/2/26 10:40,23.957,,,
561,3/2/26 10:50,24,,,
562,3/2/26 11:00,24.097,,,
563,3/2/26 11:10,24.172,,,
564,3/2/26 11:20,24.236,,,
565,3/2/26 11:30,24.29,,,
566,3/2/26 11:40,24.322,,,
567,3/2/26 11:50,24.343,,,
568,3/2/26 12:00,24.354,,,
569,3/2/26 12:10,24.375,,,
570,3/2/26 12:20,24.429,,,
571,3/2/26 12:30,24.472,,,
572,3/2/26 12:40,24.536,,,
573,3/2/26 12:50,24.568,,,
574,3/2/26 13:00,24.568,,,
575,3/2/26 13:10,24.611,,,
576,3/2/26 13:20,24.633,,,
577,3/2/26 13:30,24.644,,,
578,3/2/26 13:40,24.676,,,
579,3/2/26 13:50,24.719,,,
580,3/2/26 14:00,24.719,,,
581,3/2/26 14:10,24.729,,,
582,3/2/26 14:20,24.761,,,
583,3/2/26 14:30,24.783,,,
584,3/2/26 14:40,24.804,,,
585,3/2/26 14:50,24.815,,,
586,3/2/26 15:00,24.772,,,
587,3/2/26 15:10,24.858,,,
588,3/2/26 15:20,25.137,,,
589,3/2/26 15:30,25.051,,,
590,3/2/26 15:40,25.019,,,
591,3/2/26 15:50,24.997,,,
592,3/2/26 16:00,25.019,,,
593,3/2/26 16:10,24.976,,,
594,3/2/26 16:20,24.944,,,
595,3/2/26 16:30,24.826,,,
596,3/2/26 16:40,24.719,,,
597,3/2/26 16:50,24.633,,,
598,3/2/26 17:00,24.579,,,
599,3/2/26 17:10,24.504,,,
600,3/2/26 17:20,24.429,,,
601,3/2/26 17:30,24.214,,,
602,3/2/26 17:40,24.214,,,
603,3/2/26 17:50,24.193,,,
604,3/2/26 18:00,24.15,,,
605,3/2/26 18:10,24.139,,,
606,3/2/26 18:20,24.097,,,
607,3/2/26 18:30,24.075,,,
608,3/2/26 18:40,24.043,,,
609,3/2/26 18:50,24.021,,,
610,3/2/26 19:00,24,,,
611,3/2/26 19:10,24,,,
612,3/2/26 19:20,23.979,,,
613,3/2/26 19:30,23.957,,,
614,3/2/26 19:40,23.946,,,
615,3/2/26 19:50,23.936,,,
616,3/2/26 20:00,23.893,,,
617,3/2/26 20:10,23.882,,,
618,3/2/26 20:20,23.871,,,
619,3/2/26 20:30,23.85,,,
620,3/2/26 20:40,23.828,,,
621,3/2/26 20:50,23.796,,,
622,3/2/26 21:00,23.764,,,
623,3/2/26 21:10,23.743,,,
624,3/2/26 21:20,23.71,,,
625,3/2/26 21:30,23.678,,,
626,3/2/26 21:40,23.668,,,
627,3/2/26 21:50,23.668,,,
628,3/2/26 22:00,23.646,,,
629,3/2/26 22:10,23.635,,,
630,3/2/26 22:20,23.592,,,
631,3/2/26 22:30,23.539,,,
632,3/2/26 22:40,23.507,,,
633,3/2/26 22:50,23.485,,,
634,3/2/26 23:00,23.464,,,
635,3/2/26 23:10,23.453,,,
636,3/2/26 23:20,23.464,,,
637,3/2/26 23:30,23.464,,,
638,3/2/26 23:40,23.442,,,
639,3/2/26 23:50,23.442,,,
640,3/3/26 0:00,23.453,,,
641,3/3/26 0:10,23.453,,,
642,3/3/26 0:20,23.432,,,
643,3/3/26 0:30,23.453,,,
644,3/3/26 0:40,23.453,,,
645,3/3/26 0:50,23.442,,,
646,3/3/26 1:00,23.442,,,
647,3/3/26 1:10,23.432,,,
648,3/3/26 1:20,23.432,,,
649,3/3/26 1:30,23.399,,,
650,3/3/26 1:40,23.41,,,
651,3/3/26 1:50,23.41,,,
652,3/3/26 2:00,23.389,,,
653,3/3/26 2:10,23.378,,,
654,3/3/26 2:20,23.378,,,
655,3/3/26 2:30,23.389,,,
656,3/3/26 2:40,23.399,,,
657,3/3/26 2:50,23.389,,,
658,3/3/26 3:00,23.378,,,
659,3/3/26 3:10,23.335,,,
660,3/3/26 3:20,23.367,,,
661,3/3/26 3:30,23.346,,,
662,3/3/26 3:40,23.335,,,
663,3/3/26 3:50,23.335,,,
664,3/3/26 4:00,23.335,,,
665,3/3/26 4:10,23.356,,,
666,3/3/26 4:20,23.356,,,
667,3/3/26 4:30,23.346,,,
668,3/3/26 4:40,23.335,,,
669,3/3/26 4:50,23.346,,,
670,3/3/26 5:00,23.335,,,
671,3/3/26 5:10,23.335,,,
672,3/3/26 5:20,23.335,,,
673,3/3/26 5:30,23.314,,,
674,3/3/26 5:40,23.324,,,
675,3/3/26 5:50,23.335,,,
676,3/3/26 6:00,23.303,,,
677,3/3/26 6:10,23.292,,,
678,3/3/26 6:20,23.281,,,
679,3/3/26 6:30,23.271,,,
680,3/3/26 6:40,23.228,,,
681,3/3/26 6:50,23.217,,,
682,3/3/26 7:00,23.196,,,
683,3/3/26 7:10,23.196,,,
684,3/3/26 7:20,23.196,,,
685,3/3/26 7:30,23.185,,,
686,3/3/26 7:40,23.206,,,
687,3/3/26 7:50,23.228,,,
688,3/3/26 8:00,23.249,,,
689,3/3/26 8:10,23.281,,,
690,3/3/26 8:20,23.303,,,
691,3/3/26 8:30,23.346,,,
692,3/3/26 8:40,23.389,,,
693,3/3/26 8:50,23.453,,,
694,3/3/26 9:00,23.485,,,
695,3/3/26 9:10,23.55,,,
696,3/3/26 9:20,23.646,,,
697,3/3/26 9:30,23.743,,,
698,3/3/26 9:40,23.807,,,
699,3/3/26 9:50,23.903,,,
700,3/3/26 10:00,23.989,,,
701,3/3/26 10:10,24.064,,,
702,3/3/26 10:20,24.172,,,
703,3/3/26 10:30,24.172,,,
704,3/3/26 10:40,24.279,,,
705,3/3/26 10:50,24.504,,,
706,3/3/26 11:00,24.644,,,
707,3/3/26 11:10,24.794,,,
708,3/3/26 11:20,24.922,,,
709,3/3/26 11:30,25.03,,,
710,3/3/26 11:40,25.18,,,
711,3/3/26 11:50,25.18,,,
712,3/3/26 12:00,25.18,,,
713,3/3/26 12:10,25.212,,,
714,3/3/26 12:20,25.244,,,
715,3/3/26 12:30,25.351,,,
716,3/3/26 12:40,25.384,,,
717,3/3/26 12:50,25.48,,,
718,3/3/26 13:00,25.577,,,
719,3/3/26 13:10,25.63,,,
720,3/3/26 13:20,25.673,,,
721,3/3/26 13:30,25.716,,,
722,3/3/26 13:40,25.791,,,
723,3/3/26 13:50,25.888,,,
724,3/3/26 14:00,25.941,,,
725,3/3/26 14:10,26.048,,,
726,3/3/26 14:20,26.113,,,
727,3/3/26 14:30,26.091,,,
728,3/3/26 14:40,26.113,,,
729,3/3/26 14:50,26.263,,,
730,3/3/26 15:00,26.113,,,
731,3/3/26 15:10,26.081,,,
732,3/3/26 15:20,26.048,,,
733,3/3/26 15:30,26.038,,,
734,3/3/26 15:40,25.973,,,
735,3/3/26 15:50,25.888,,,
736,3/3/26 16:00,25.834,,,
737,3/3/26 16:10,25.802,,,
738,3/3/26 16:20,25.759,,,
739,3/3/26 16:30,25.695,,,
740,3/3/26 16:40,25.619,,,
741,3/3/26 16:50,25.512,,,
742,3/3/26 17:00,25.405,,,
743,3/3/26 17:10,25.276,,,
744,3/3/26 17:20,25.148,,,
745,3/3/26 17:30,25.062,,,
746,3/3/26 17:40,24.933,,,
747,3/3/26 17:50,24.815,,,
748,3/3/26 18:00,24.697,,,
749,3/3/26 18:10,24.633,,,
750,3/3/26 18:20,24.504,,,
751,3/3/26 18:30,24.397,,,
752,3/3/26 18:40,24.343,,,
753,3/3/26 18:50,24.257,,,
754,3/3/26 19:00,24.182,,,
755,3/3/26 19:10,24.107,,,
756,3/3/26 19:20,24.054,,,
757,3/3/26 19:30,24,,,
758,3/3/26 19:40,23.925,,,
759,3/3/26 19:50,23.914,,,
760,3/3/26 20:00,23.85,,,
761,3/3/26 20:10,23.818,,,
762,3/3/26 20:20,23.764,,,
763,3/3/26 20:30,23.732,,,
764,3/3/26 20:40,23.7,,,
765,3/3/26 20:50,23.668,,,
766,3/3/26 21:00,23.657,,,
767,3/3/26 21:10,23.625,,,
768,3/3/26 21:20,23.614,,,
769,3/3/26 21:30,23.592,,,
770,3/3/26 21:40,23.603,,,
771,3/3/26 21:50,23.56,,,
772,3/3/26 22:00,23.56,,,
773,3/3/26 22:10,23.517,,,
774,3/3/26 22:20,23.507,,,
775,3/3/26 22:30,23.496,,,
776,3/3/26 22:40,23.442,,,
777,3/3/26 22:50,23.442,,,
778,3/3/26 23:00,23.421,,,
779,3/3/26 23:10,23.41,,,
780,3/3/26 23:20,23.367,,,
781,3/3/26 23:30,23.367,,,
782,3/3/26 23:40,23.335,,,
783,3/3/26 23:50,23.346,,,
784,3/4/26 0:00,23.303,,,
785,3/4/26 0:10,23.303,,,
786,3/4/26 0:20,23.281,,,
787,3/4/26 0:30,23.271,,,
788,3/4/26 0:40,23.271,,,
789,3/4/26 0:50,23.271,,,
790,3/4/26 1:00,23.281,,,
791,3/4/26 1:10,23.292,,,
792,3/4/26 1:20,23.292,,,
793,3/4/26 1:30,23.281,,,
794,3/4/26 1:40,23.26,,,
795,3/4/26 1:50,23.281,,,
796,3/4/26 2:00,23.228,,,
797,3/4/26 2:10,23.206,,,
798,3/4/26 2:20,23.185,,,
799,3/4/26 2:30,23.185,,,
800,3/4/26 2:40,23.185,,,
801,3/4/26 2:50,23.185,,,
802,3/4/26 3:00,23.163,,,
803,3/4/26 3:10,23.142,,,
804,3/4/26 3:20,23.163,,,
805,3/4/26 3:30,23.153,,,
806,3/4/26 3:40,23.131,,,
807,3/4/26 3:50,23.131,,,
808,3/4/26 4:00,23.131,,,
809,3/4/26 4:10,23.142,,,
810,3/4/26 4:20,23.131,,,
811,3/4/26 4:30,23.131,,,
812,3/4/26 4:40,23.11,,,
813,3/4/26 4:50,23.121,,,
814,3/4/26 5:00,23.121,,,
815,3/4/26 5:10,23.142,,,
816,3/4/26 5:20,23.121,,,
817,3/4/26 5:30,23.099,,,
818,3/4/26 5:40,23.099,,,
819,3/4/26 5:50,23.088,,,
820,3/4/26 6:00,23.088,,,
821,3/4/26 6:10,23.078,,,
822,3/4/26 6:20,23.045,,,
823,3/4/26 6:30,23.013,,,
824,3/4/26 6:40,23.003,,,
825,3/4/26 6:50,22.96,,,
826,3/4/26 7:00,22.927,,,
827,3/4/26 7:10,22.906,,,
828,3/4/26 7:20,22.917,,,
829,3/4/26 7:30,22.917,,,
830,3/4/26 7:40,22.917,,,
831,3/4/26 7:50,22.917,,,
832,3/4/26 8:00,22.949,,,
833,3/4/26 8:10,22.981,,,
834,3/4/26 8:20,22.992,,,
835,3/4/26 8:30,23.056,,,
836,3/4/26 8:40,23.067,,,
837,3/4/26 8:50,23.099,,,
838,3/4/26 9:00,23.131,,,
839,3/4/26 9:10,23.196,,,
840,3/4/26 9:20,23.26,,,
841,3/4/26 9:30,23.324,,,
842,3/4/26 9:40,23.356,,,
843,3/4/26 9:50,23.453,,,
844,3/4/26 10:00,23.528,,,
845,3/4/26 10:10,23.646,,,
846,3/4/26 10:20,23.7,,,
847,3/4/26 10:30,23.764,,,
848,3/4/26 10:40,23.871,,,
849,3/4/26 10:50,23.979,,,
850,3/4/26 11:00,24.182,,,
851,3/4/26 11:10,24.311,,,
852,3/4/26 11:20,24.45,,,
853,3/4/26 11:30,24.515,,,
854,3/4/26 11:40,24.579,,,
855,3/4/26 11:50,24.611,,,
856,3/4/26 12:00,24.676,,,
857,3/4/26 12:10,24.686,,,
858,3/4/26 12:20,24.719,,,
859,3/4/26 12:30,24.783,,,
860,3/4/26 12:40,24.933,,,
861,3/4/26 12:50,24.965,,,
862,3/4/26 13:00,25.008,,,
863,3/4/26 13:10,25.062,,,
864,3/4/26 13:20,25.105,,,
865,3/4/26 13:30,25.105,,,
866,3/4/26 13:40,25.115,,,
867,3/4/26 13:50,25.126,,,
868,3/4/26 14:00,25.19,,,
869,3/4/26 14:10,25.223,,,
870,3/4/26 14:20,25.233,,,
871,3/4/26 14:30,25.223,,,
872,3/4/26 14:40,25.212,,,
873,3/4/26 14:50,25.223,,,
874,3/4/26 15:00,25.212,,,
875,3/4/26 15:10,25.201,,,
876,3/4/26 15:20,25.255,,,
877,3/4/26 15:30,25.308,,,
878,3/4/26 15:40,25.373,,,
879,3/4/26 15:50,25.416,,,
880,3/4/26 16:00,25.384,,,
881,3/4/26 16:10,25.33,,,
882,3/4/26 16:20,25.266,,,
883,3/4/26 16:30,25.169,,,
884,3/4/26 16:40,25.062,,,
885,3/4/26 16:50,24.987,,,
886,3/4/26 17:00,24.89,,,
887,3/4/26 17:10,24.804,,,
888,3/4/26 17:20,24.729,,,
889,3/4/26 17:30,24.622,,,
890,3/4/26 17:40,24.59,,,
891,3/4/26 17:50,24.483,,,
892,3/4/26 18:00,24.418,,,
893,3/4/26 18:10,24.365,,,
894,3/4/26 18:20,24.268,,,
895,3/4/26 18:30,24.204,,,
896,3/4/26 18:40,24.129,,,
897,3/4/26 18:50,24.075,,,
898,3/4/26 19:00,24.011,,,
899,3/4/26 19:10,23.957,,,
900,3/4/26 19:20,23.903,,,
901,3/4/26 19:30,23.85,,,
902,3/4/26 19:40,23.796,,,
903,3/4/26 19:50,23.785,,,
904,3/4/26 20:00,23.753,,,
905,3/4/26 20:10,23.732,,,
906,3/4/26 20:20,23.7,,,
907,3/4/26 20:30,23.678,,,
908,3/4/26 20:40,23.646,,,
909,3/4/26 20:50,23.635,,,
910,3/4/26 21:00,23.603,,,
911,3/4/26 21:10,23.614,,,
912,3/4/26 21:20,23.571,,,
913,3/4/26 21:30,23.571,,,
914,3/4/26 21:40,23.56,,,
915,3/4/26 21:50,23.55,,,
916,3/4/26 22:00,23.528,,,
917,3/4/26 22:10,23.528,,,
918,3/4/26 22:20,23.474,,,
919,3/4/26 22:30,23.496,,,
920,3/4/26 22:40,23.474,,,
921,3/4/26 22:50,23.464,,,
922,3/4/26 23:00,23.453,,,
923,3/4/26 23:10,23.432,,,
924,3/4/26 23:20,23.432,,,
925,3/4/26 23:30,23.421,,,
926,3/4/26 23:40,23.41,,,
927,3/4/26 23:50,23.421,,,
928,3/5/26 0:00,23.432,,,
929,3/5/26 0:10,23.421,,,
930,3/5/26 0:20,23.421,,,
931,3/5/26 0:30,23.432,,,
932,3/5/26 0:40,23.421,,,
933,3/5/26 0:50,23.421,,,
934,3/5/26 1:00,23.421,,,
935,3/5/26 1:10,23.421,,,
936,3/5/26 1:20,23.421,,,
937,3/5/26 1:30,23.399,,,
938,3/5/26 1:40,23.41,,,
939,3/5/26 1:50,23.421,,,
940,3/5/26 2:00,23.41,,,
941,3/5/26 2:10,23.421,,,
942,3/5/26 2:20,23.41,,,
943,3/5/26 2:30,23.389,,,
944,3/5/26 2:40,23.389,,,
945,3/5/26 2:50,23.399,,,
946,3/5/26 3:00,23.41,,,
947,3/5/26 3:10,23.378,,,
948,3/5/26 3:20,23.367,,,
949,3/5/26 3:30,23.367,,,
950,3/5/26 3:40,23.346,,,
951,3/5/26 3:50,23.346,,,
952,3/5/26 4:00,23.335,,,
953,3/5/26 4:10,23.303,,,
954,3/5/26 4:20,23.314,,,
955,3/5/26 4:30,23.324,,,
956,3/5/26 4:40,23.303,,,
957,3/5/26 4:50,23.314,,,
958,3/5/26 5:00,23.303,,,
959,3/5/26 5:10,23.303,,,
960,3/5/26 5:20,23.314,,,
961,3/5/26 5:30,23.335,,,
962,3/5/26 5:40,23.292,,,
963,3/5/26 5:50,23.303,,,
964,3/5/26 6:00,23.314,,,
965,3/5/26 6:10,23.314,,,
966,3/5/26 6:20,23.314,,,
967,3/5/26 6:30,23.067,,,
968,3/5/26 6:40,22.906,,,
969,3/5/26 6:50,22.938,,,
970,3/5/26 7:00,22.992,,,
971,3/5/26 7:10,23.045,,,
972,3/5/26 7:20,23.067,,,
973,3/5/26 7:30,23.088,,,
974,3/5/26 7:40,23.11,,,
975,3/5/26 7:50,23.131,,,
976,3/5/26 8:00,23.131,,,
977,3/5/26 8:10,23.153,,,
978,3/5/26 8:20,23.174,,,
979,3/5/26 8:30,23.217,,,
980,3/5/26 8:40,23.303,,,
981,3/5/26 8:50,23.367,,,
982,3/5/26 9:00,23.485,,,
983,3/5/26 9:10,23.668,,,
984,3/5/26 9:20,23.882,,,
985,3/5/26 9:30,24.075,,,
986,3/5/26 9:40,24.236,,,
987,3/5/26 9:50,24.408,,,
988,3/5/26 10:00,24.622,,,
989,3/5/26 10:10,24.794,,,
990,3/5/26 10:20,24.901,,,
991,3/5/26 10:30,24.976,,,
992,3/5/26 10:40,24.955,,,
993,3/5/26 10:50,24.944,,,
994,3/5/26 11:00,24.922,,,
995,3/5/26 11:10,24.933,,,
996,3/5/26 11:20,24.912,,,
997,3/5/26 11:30,25.105,,,
998,3/5/26 11:40,25.351,,,
999,3/5/26 11:50,25.416,,,
1000,3/5/26 12:00,25.469,,,
1001,3/5/26 12:10,25.426,,,
1002,3/5/26 12:20,25.437,,,
1003,3/5/26 12:30,25.448,,,
1004,3/5/26 12:40,25.502,,,
1005,3/5/26 12:50,25.544,,,
1006,3/5/26 13:00,25.512,,,
1007,3/5/26 13:10,25.448,,,
1008,3/5/26 13:20,25.416,,,
1009,3/5/26 13:30,25.437,,,
1010,3/5/26 13:40,25.587,,,
1011,3/5/26 13:50,25.802,,,
1012,3/5/26 14:00,26.016,,,
1013,3/5/26 14:10,26.188,,,
1014,3/5/26 14:20,26.338,,,
1015,3/5/26 14:30,26.66,,,
1016,3/5/26 14:40,27.035,,,
1017,3/5/26 14:50,27.357,,,
1018,3/5/26 15:00,27.464,,,
1019,3/5/26 15:10,27.453,,,
1020,3/5/26 15:20,27.293,,,
1021,3/5/26 15:30,27.078,,,
1022,3/5/26 15:40,26.906,,,
1023,3/5/26 15:50,26.66,,,
1024,3/5/26 16:00,26.445,,,
1025,3/5/26 16:10,26.263,,,
1026,3/5/26 16:20,26.124,,,
1027,3/5/26 16:30,25.995,,,
1028,3/5/26 16:40,25.823,,,
1029,3/5/26 16:50,25.673,,,
1030,3/5/26 17:00,25.534,,,
1031,3/5/26 17:10,25.416,,,
1032,3/5/26 17:20,25.298,,,
1033,3/5/26 17:30,25.137,,,
1034,3/5/26 17:40,25.083,,,
1035,3/5/26 17:50,24.965,,,
1036,3/5/26 18:00,24.847,,,
1037,3/5/26 18:10,24.74,,,
1038,3/5/26 18:20,24.622,,,
1039,3/5/26 18:30,24.536,,,
1040,3/5/26 18:40,24.418,,,
1041,3/5/26 18:50,24.375,,,
1042,3/5/26 19:00,24.343,,,
1043,3/5/26 19:10,24.3,,,
1044,3/5/26 19:20,24.279,,,
1045,3/5/26 19:30,24.257,,,
1046,3/5/26 19:40,24.257,,,
1047,3/5/26 19:50,24.225,,,
1048,3/5/26 20:00,24.193,,,
1049,3/5/26 20:10,24.172,,,
1050,3/5/26 20:20,24.161,,,
1051,3/5/26 20:30,24.15,,,
1052,3/5/26 20:40,24.129,,,
1053,3/5/26 20:50,24.129,,,
1054,3/5/26 21:00,24.107,,,
1055,3/5/26 21:10,24.107,,,
1056,3/5/26 21:20,24.118,,,
1057,3/5/26 21:30,24.097,,,
1058,3/5/26 21:40,24.107,,,
1059,3/5/26 21:50,24.097,,,
1060,3/5/26 22:00,24.097,,,
1061,3/5/26 22:10,24.075,,,
1062,3/5/26 22:20,24.064,,,
1063,3/5/26 22:30,24.043,,,
1064,3/5/26 22:40,24.043,,,
1065,3/5/26 22:50,24.032,,,
1066,3/5/26 23:00,24.021,,,
1067,3/5/26 23:10,24.011,,,
1068,3/5/26 23:20,24.011,,,
1069,3/5/26 23:30,24.011,,,
1070,3/5/26 23:40,24,,,
1071,3/5/26 23:50,24.011,,,
1072,3/6/26 0:00,24.011,,,
1073,3/6/26 0:10,23.979,,,
1074,3/6/26 0:20,23.989,,,
1075,3/6/26 0:30,23.989,,,
1076,3/6/26 0:40,23.989,,,
1077,3/6/26 0:50,23.979,,,
1078,3/6/26 1:00,23.968,,,
1079,3/6/26 1:10,23.936,,,
1080,3/6/26 1:20,23.925,,,
1081,3/6/26 1:30,23.893,,,
1082,3/6/26 1:40,23.903,,,
1083,3/6/26 1:50,23.893,,,
1084,3/6/26 2:00,23.914,,,
1085,3/6/26 2:10,23.882,,,
1086,3/6/26 2:20,23.871,,,
1087,3/6/26 2:30,23.893,,,
1088,3/6/26 2:40,23.882,,,
1089,3/6/26 2:50,23.871,,,
1090,3/6/26 3:00,23.839,,,
1091,3/6/26 3:10,23.85,,,
1092,3/6/26 3:20,23.839,,,
1093,3/6/26 3:30,23.807,,,
1094,3/6/26 3:40,23.807,,,
1095,3/6/26 3:50,23.785,,,
1096,3/6/26 4:00,23.764,,,
1097,3/6/26 4:10,23.753,,,
1098,3/6/26 4:20,23.753,,,
1099,3/6/26 4:30,23.721,,,
1100,3/6/26 4:40,23.732,,,
1101,3/6/26 4:50,23.721,,,
1102,3/6/26 5:00,23.71,,,
1103,3/6/26 5:10,23.732,,,
1104,3/6/26 5:20,23.7,,,
1105,3/6/26 5:30,23.71,,,
1106,3/6/26 5:40,23.71,,,
1107,3/6/26 5:50,23.7,,,
1108,3/6/26 6:00,23.678,,,
1109,3/6/26 6:10,23.668,,,
1110,3/6/26 6:20,23.657,,,
1111,3/6/26 6:30,23.646,,,
1112,3/6/26 6:40,23.646,,,
1113,3/6/26 6:50,23.657,,,
1114,3/6/26 7:00,23.646,,,
1115,3/6/26 7:10,23.646,,,
1116,3/6/26 7:20,23.657,,,
1117,3/6/26 7:30,23.7,,,
1118,3/6/26 7:40,23.71,,,
1119,3/6/26 7:50,23.753,,,
1120,3/6/26 8:00,23.796,,,
1121,3/6/26 8:10,23.85,,,
1122,3/6/26 8:20,22.81,,,
1123,3/6/26 8:30,22.949,,,
1124,3/6/26 8:40,24.965,,,
1125,3/6/26 8:50,27.689,,,
1126,3/6/26 9:00,29.148,,,
1127,3/6/26 9:10,30.435,,,
1128,3/6/26 9:20,32.29,,,
1129,3/6/26 9:30,33.599,,,
1130,3/6/26 9:40,34.618,,,
1131,3/6/26 9:50,36.409,,,
1132,3/6/26 10:00,37.374,,,
1133,3/6/26 10:10,39.444,,,
1134,3/6/26 10:20,42.083,,,
1135,3/6/26 10:30,45.171,,,
1136,3/6/26 10:40,47.778,,,
1137,3/6/26 10:50,48.989,,,
1138,3/6/26 11:00,49.837,,,
1139,3/6/26 11:10,42.168,,,
1140,3/6/26 11:20,35.937,,,
1141,3/6/26 11:30,32.376,,,
1142,3/6/26 11:40,37.535,,,
1143,3/6/26 11:50,37.363,,,
1144,3/6/26 12:00,34.232,,,
1145,3/6/26 12:10,32.055,,,
1146,3/6/26 12:20,31.315,,,
1147,3/6/26 12:30,32.548,,,
1148,3/6/26 12:40,31.904,,,
1149,3/6/26 12:50,35.765,,,
1150,3/6/26 13:00,37.406,,,
1151,3/6/26 13:10,35.133,,,
1152,3/6/26 13:20,35.701,,,
1153,3/6/26 13:30,37.213,,,
1154,3/6/26 13:40,38.103,,,
1155,3/6/26 13:50,33.985,,,
1156,3/6/26 14:00,26.585,,,
1157,3/6/26 14:10,26.006,,,
1158,3/6/26 14:20,25.888,,,
1159,3/6/26 14:30,26.124,,,
1160,3/6/26 14:40,26.038,,,
1161,3/6/26 14:50,26.091,,,
1162,3/6/26 15:00,26.113,,,
1163,3/6/26 15:10,26.059,,,
1164,3/6/26 15:20,25.866,,,
1165,3/6/26 15:30,25.716,,,
1166,3/6/26 15:40,25.673,,,
1167,3/6/26 15:50,25.587,,,
1168,3/6/26 16:00,25.534,,,
1169,3/6/26 16:10,25.523,,,
1170,3/6/26 16:20,25.48,,,
1171,3/6/26 16:30,25.469,,,
1172,3/6/26 16:40,25.373,,,
1173,3/6/26 16:50,25.244,,,
1174,3/6/26 17:00,25.18,,,
1175,3/6/26 17:10,25.051,,,
1176,3/6/26 17:20,24.944,,,
1177,3/6/26 17:30,24.837,,,
1178,3/6/26 17:40,24.719,,,
1179,3/6/26 17:50,24.633,,,
1180,3/6/26 18:00,24.515,,,
1181,3/6/26 18:10,24.418,,,
1182,3/6/26 18:20,24.332,,,
1183,3/6/26 18:30,24.279,,,
1184,3/6/26 18:40,24.225,,,
1185,3/6/26 18:50,24.107,,,
1186,3/6/26 19:00,24.021,,,
1187,3/6/26 19:10,23.903,,,
1188,3/6/26 19:20,23.85,,,
1189,3/6/26 19:30,23.764,,,
1190,3/6/26 19:40,23.7,,,
1191,3/6/26 19:50,23.657,,,
1192,3/6/26 20:00,23.603,,,
1193,3/6/26 20:10,23.56,,,
1194,3/6/26 20:20,23.496,,,
1195,3/6/26 20:30,23.474,,,
1196,3/6/26 20:40,23.421,,,
1197,3/6/26 20:50,23.356,,,
1198,3/6/26 21:00,23.335,,,
1199,3/6/26 21:10,23.335,,,
1200,3/6/26 21:20,23.356,,,
1201,3/6/26 21:30,23.314,,,
1202,3/6/26 21:40,23.324,,,
1203,3/6/26 21:50,23.292,,,
1204,3/6/26 22:00,23.271,,,
1205,3/6/26 22:10,23.271,,,
1206,3/6/26 22:20,23.26,,,
1207,3/6/26 22:30,23.271,,,
1208,3/6/26 22:40,23.249,,,
1209,3/6/26 22:50,23.249,,,
1210,3/6/26 23:00,23.271,,,
1211,3/6/26 23:10,23.271,,,
1212,3/6/26 23:20,23.239,,,
1213,3/6/26 23:30,23.228,,,
1214,3/6/26 23:40,23.206,,,
1215,3/6/26 23:50,23.217,,,
1216,3/7/26 0:00,23.206,,,
1217,3/7/26 0:10,23.196,,,
1218,3/7/26 0:20,23.185,,,
1219,3/7/26 0:30,23.185,,,
1220,3/7/26 0:40,23.185,,,
1221,3/7/26 0:50,23.163,,,
1222,3/7/26 1:00,23.153,,,
1223,3/7/26 1:10,23.153,,,
1224,3/7/26 1:20,23.131,,,
1225,3/7/26 1:30,23.121,,,
1226,3/7/26 1:40,23.121,,,
1227,3/7/26 1:50,23.099,,,
1228,3/7/26 2:00,23.088,,,
1229,3/7/26 2:10,23.078,,,
1230,3/7/26 2:20,23.056,,,
1231,3/7/26 2:30,23.013,,,
1232,3/7/26 2:40,23.035,,,
1233,3/7/26 2:50,23.003,,,
1234,3/7/26 3:00,22.97,,,
1235,3/7/26 3:10,22.981,,,
1236,3/7/26 3:20,22.96,,,
1237,3/7/26 3:30,22.949,,,
1238,3/7/26 3:40,22.938,,,
1239,3/7/26 3:50,22.906,,,
1240,3/7/26 4:00,22.885,,,
1241,3/7/26 4:10,22.863,,,
1242,3/7/26 4:20,22.842,,,
1243,3/7/26 4:30,22.777,,,
1244,3/7/26 4:40,22.777,,,
1245,3/7/26 4:50,22.777,,,
1246,3/7/26 5:00,22.767,,,
1247,3/7/26 5:10,22.767,,,
1248,3/7/26 5:20,22.767,,,
1249,3/7/26 5:30,22.767,,,
1250,3/7/26 5:40,22.777,,,
1251,3/7/26 5:50,22.767,,,
1252,3/7/26 6:00,22.777,,,
1253,3/7/26 6:10,22.777,,,
1254,3/7/26 6:20,22.767,,,
1255,3/7/26 6:30,22.767,,,
1256,3/7/26 6:40,22.756,,,
1257,3/7/26 6:50,22.777,,,
1258,3/7/26 7:00,22.767,,,
1259,3/7/26 7:10,22.767,,,
1260,3/7/26 7:20,22.788,,,
1261,3/7/26 7:30,22.788,,,
1262,3/7/26 7:40,22.799,,,
1263,3/7/26 7:50,22.81,,,
1264,3/7/26 8:00,22.842,,,
1265,3/7/26 8:10,22.842,,,
1266,3/7/26 8:20,22.874,,,
1267,3/7/26 8:30,22.885,,,
1268,3/7/26 8:40,22.906,,,
1269,3/7/26 8:50,22.917,,,
1270,3/7/26 9:00,22.97,,,
1271,3/7/26 9:10,23.088,,,
1272,3/7/26 9:20,23.185,,,
1273,3/7/26 9:30,23.249,,,
1274,3/7/26 9:40,23.303,,,
1275,3/7/26 9:50,23.356,,,
1276,3/7/26 10:00,23.399,,,
1277,3/7/26 10:10,23.421,,,
1278,3/7/26 10:20,23.474,,,
1279,3/7/26 10:30,23.582,,,
1280,3/7/26 10:40,23.646,,,
1281,3/7/26 10:50,23.753,,,
1282,3/7/26 11:00,23.871,,,
1283,3/7/26 11:10,23.989,,,
1284,3/7/26 11:20,24.15,,,
1285,3/7/26 11:30,24.279,,,
1286,3/7/26 11:40,24.354,,,
1287,3/7/26 11:50,24.493,,,
1288,3/7/26 12:00,24.633,,,
1289,3/7/26 12:10,24.751,,,
1290,3/7/26 12:20,24.869,,,
1291,3/7/26 12:30,24.987,,,
1292,3/7/26 12:40,25.073,,,
1293,3/7/26 12:50,25.19,,,
1294,3/7/26 13:00,25.223,,,
1295,3/7/26 13:10,25.244,,,
1296,3/7/26 13:20,25.298,,,
1297,3/7/26 13:30,25.33,,,
1298,3/7/26 13:40,25.394,,,
1299,3/7/26 13:50,25.405,,,
1300,3/7/26 14:00,25.437,,,
1301,3/7/26 14:10,25.673,,,
1302,3/7/26 14:20,25.48,,,
1303,3/7/26 14:30,25.384,,,
1304,3/7/26 14:40,25.308,,,
1305,3/7/26 14:50,25.223,,,
1306,3/7/26 15:00,25.18,,,
1307,3/7/26 15:10,25.137,,,
1308,3/7/26 15:20,25.19,,,
1309,3/7/26 15:30,25.266,,,
1310,3/7/26 15:40,25.287,,,
1311,3/7/26 15:50,25.319,,,
1312,3/7/26 16:00,25.33,,,
1313,3/7/26 16:10,25.33,,,
1314,3/7/26 16:20,25.287,,,
1315,3/7/26 16:30,25.18,,,
1316,3/7/26 16:40,25.083,,,
1317,3/7/26 16:50,24.997,,,
1318,3/7/26 17:00,24.879,,,
1319,3/7/26 17:10,24.772,,,
1320,3/7/26 17:20,24.686,,,
1321,3/7/26 17:30,24.611,,,
1322,3/7/26 17:40,24.547,,,
1323,3/7/26 17:50,24.45,,,
1324,3/7/26 18:00,24.375,,,
1325,3/7/26 18:10,24.322,,,
1326,3/7/26 18:20,24.29,,,
1327,3/7/26 18:30,24.204,,,
1328,3/7/26 18:40,24.161,,,
1329,3/7/26 18:50,24.097,,,
1330,3/7/26 19:00,24.043,,,
1331,3/7/26 19:10,24.011,,,
1332,3/7/26 19:20,23.946,,,
1333,3/7/26 19:30,23.936,,,
1334,3/7/26 19:40,23.893,,,
1335,3/7/26 19:50,23.85,,,
1336,3/7/26 20:00,23.85,,,
1337,3/7/26 20:10,23.807,,,
1338,3/7/26 20:20,23.818,,,
1339,3/7/26 20:30,23.775,,,
1340,3/7/26 20:40,23.753,,,
1341,3/7/26 20:50,23.764,,,
1342,3/7/26 21:00,23.732,,,
1343,3/7/26 21:10,23.743,,,
1344,3/7/26 21:20,23.732,,,
1345,3/7/26 21:30,23.689,,,
1346,3/7/26 21:40,23.689,,,
1347,3/7/26 21:50,23.657,,,
1348,3/7/26 22:00,23.657,,,
1349,3/7/26 22:10,23.657,,,
1350,3/7/26 22:20,23.646,,,
1351,3/7/26 22:30,23.614,,,
1352,3/7/26 22:40,23.614,,,
1353,3/7/26 22:50,23.592,,,
1354,3/7/26 23:00,23.582,,,
1355,3/7/26 23:10,23.582,,,
1356,3/7/26 23:20,23.56,,,
1357,3/7/26 23:30,23.56,,,
1358,3/7/26 23:40,23.528,,,
1359,3/7/26 23:50,23.528,,,
1360,3/8/26 0:00,23.517,,,
1361,3/8/26 0:10,23.507,,,
1362,3/8/26 0:20,23.496,,,
1363,3/8/26 0:30,23.496,,,
1364,3/8/26 0:40,23.485,,,
1365,3/8/26 0:50,23.464,,,
1366,3/8/26 1:00,23.464,,,
1367,3/8/26 1:10,23.453,,,
1368,3/8/26 1:20,23.41,,,
1369,3/8/26 1:30,23.432,,,
1370,3/8/26 1:40,23.432,,,
1371,3/8/26 1:50,23.41,,,
1372,3/8/26 2:00,23.453,,,
1373,3/8/26 2:10,23.432,,,
1374,3/8/26 2:20,23.421,,,
1375,3/8/26 2:30,23.378,,,
1376,3/8/26 2:40,23.378,,,
1377,3/8/26 2:50,23.356,,,
1378,3/8/26 3:00,23.346,,,
1379,3/8/26 3:10,23.335,,,
1380,3/8/26 3:20,23.367,,,
1381,3/8/26 3:30,23.335,,,
1382,3/8/26 3:40,23.335,,,
1383,3/8/26 3:50,23.346,,,
1384,3/8/26 4:00,23.324,,,
1385,3/8/26 4:10,23.324,,,
1386,3/8/26 4:20,23.335,,,
1387,3/8/26 4:30,23.324,,,
1388,3/8/26 4:40,23.292,,,
1389,3/8/26 4:50,23.271,,,
1390,3/8/26 5:00,23.249,,,
1391,3/8/26 5:10,23.239,,,
1392,3/8/26 5:20,23.26,,,
1393,3/8/26 5:30,23.249,,,
1394,3/8/26 5:40,23.239,,,
1395,3/8/26 5:50,23.228,,,
1396,3/8/26 6:00,23.206,,,
1397,3/8/26 6:10,23.206,,,
1398,3/8/26 6:20,23.206,,,
1399,3/8/26 6:30,23.174,,,
1400,3/8/26 6:40,23.196,,,
1401,3/8/26 6:50,23.185,,,
1402,3/8/26 7:00,23.174,,,
1403,3/8/26 7:10,23.185,,,
1404,3/8/26 7:20,23.228,,,
1405,3/8/26 7:30,23.228,,,
1406,3/8/26 7:40,23.303,,,
1407,3/8/26 7:50,23.356,,,
1408,3/8/26 8:00,23.399,,,
1409,3/8/26 8:10,23.453,,,
1410,3/8/26 8:20,23.539,,,
1411,3/8/26 8:30,23.614,,,
1412,3/8/26 8:40,23.657,,,
1413,3/8/26 8:50,23.668,,,
1414,3/8/26 9:00,23.743,,,
1415,3/8/26 9:10,23.839,,,
1416,3/8/26 9:20,23.903,,,
1417,3/8/26 9:30,23.979,,,
1418,3/8/26 9:40,24.043,,,
1419,3/8/26 9:50,24.193,,,
1420,3/8/26 10:00,24.343,,,
1421,3/8/26 10:10,24.547,,,
1422,3/8/26 10:20,24.654,,,
1423,3/8/26 10:30,24.858,,,
1424,3/8/26 10:40,25.158,,,
1425,3/8/26 10:50,25.416,,,
1426,3/8/26 11:00,25.727,,,
1427,3/8/26 11:10,26.07,,,
1428,3/8/26 11:20,26.52,,,
1429,3/8/26 11:30,27.003,,,
1430,3/8/26 11:40,27.453,,,
1431,3/8/26 11:50,28.043,,,
1432,3/8/26 12:00,28.408,,,
1433,3/8/26 12:10,28.665,,,
1434,3/8/26 12:20,28.526,,,
1435,3/8/26 12:30,28.537,,,
1436,3/8/26 12:40,28.751,,,
1437,3/8/26 12:50,29.33,,,
1438,3/8/26 13:00,29.695,,,
1439,3/8/26 13:10,30.017,,,
1440,3/8/26 13:20,30.328,,,
1441,3/8/26 13:30,29.052,,,
1442,3/8/26 13:40,28.569,,,
1443,3/8/26 13:50,28.537,,,
1444,3/8/26 14:00,28.258,,,
1445,3/8/26 14:10,27.915,,,
1446,3/8/26 14:20,27.636,,,
1447,3/8/26 14:30,27.421,,,
1448,3/8/26 14:40,27.25,,,
1449,3/8/26 14:50,27.046,,,
1450,3/8/26 15:00,26.724,,,
1451,3/8/26 15:10,26.746,,,
1452,3/8/26 15:20,26.767,,,
1453,3/8/26 15:30,26.831,,,
1454,3/8/26 15:40,25.255,,,
1455,3/8/26 15:50,24.654,,,
1456,3/8/26 16:00,24.536,,,
1457,3/8/26 16:10,24.504,,,
1458,3/8/26 16:20,24.461,,,
1459,3/8/26 16:30,24.45,,,
1460,3/8/26 16:40,24.418,,,
1461,3/8/26 16:50,24.729,,,
1462,3/8/26 17:00,25.426,,,
1463,3/8/26 17:10,25.373,,,
1464,3/8/26 17:20,25.233,,,
1465,3/8/26 17:30,25.094,,,
1466,3/8/26 17:40,24.955,,,
1467,3/8/26 17:50,24.826,,,
1468,3/8/26 18:00,24.697,,,
1469,3/8/26 18:10,24.601,,,
1470,3/8/26 18:20,24.526,,,
1471,3/8/26 18:30,24.429,,,
1472,3/8/26 18:40,24.332,,,
1473,3/8/26 18:50,24.225,,,
1474,3/8/26 19:00,24.161,,,
1475,3/8/26 19:10,24.075,,,
1476,3/8/26 19:20,24,,,
1477,3/8/26 19:30,23.936,,,
1478,3/8/26 19:40,23.871,,,
1479,3/8/26 19:50,23.807,,,
1480,3/8/26 20:00,23.743,,,
1481,3/8/26 20:10,23.678,,,
1482,3/8/26 20:20,23.646,,,
1483,3/8/26 20:30,23.614,,,
1484,3/8/26 20:40,23.592,,,
1485,3/8/26 20:50,23.582,,,
1486,3/8/26 21:00,23.56,,,
1487,3/8/26 21:10,23.528,,,
1488,3/8/26 21:20,23.507,,,
1489,3/8/26 21:30,23.485,,,
1490,3/8/26 21:40,23.453,,,
1491,3/8/26 21:50,23.442,,,
1492,3/8/26 22:00,23.41,,,
1493,3/8/26 22:10,23.41,,,
1494,3/8/26 22:20,23.41,,,
1495,3/8/26 22:30,23.367,,,
1496,3/8/26 22:40,23.335,,,
1497,3/8/26 22:50,23.335,,,
1498,3/8/26 23:00,23.303,,,
1499,3/8/26 23:10,23.303,,,
1500,3/8/26 23:20,23.281,,,
1501,3/8/26 23:30,23.292,,,
1502,3/8/26 23:40,23.281,,,
1503,3/8/26 23:50,23.271,,,
1504,3/9/26 0:00,23.26,,,
1505,3/9/26 0:10,23.249,,,
1506,3/9/26 0:20,23.249,,,
1507,3/9/26 0:30,23.26,,,
1508,3/9/26 0:40,23.271,,,
1509,3/9/26 0:50,23.249,,,
1510,3/9/26 1:00,23.239,,,
1511,3/9/26 1:10,23.249,,,
1512,3/9/26 1:20,23.228,,,
1513,3/9/26 1:30,23.217,,,
1514,3/9/26 1:40,23.196,,,
1515,3/9/26 1:50,23.185,,,
1516,3/9/26 2:00,23.185,,,
1517,3/9/26 2:10,23.163,,,
1518,3/9/26 2:20,23.142,,,
1519,3/9/26 2:30,23.142,,,
1520,3/9/26 2:40,23.131,,,
1521,3/9/26 2:50,23.131,,,
1522,3/9/26 3:00,23.131,,,
1523,3/9/26 3:10,23.153,,,
1524,3/9/26 3:20,23.131,,,
1525,3/9/26 3:30,23.11,,,
1526,3/9/26 3:40,23.131,,,
1527,3/9/26 3:50,23.099,,,
1528,3/9/26 4:00,23.121,,,
1529,3/9/26 4:10,23.099,,,
1530,3/9/26 4:20,23.088,,,
1531,3/9/26 4:30,23.099,,,
1532,3/9/26 4:40,23.067,,,
1533,3/9/26 4:50,23.045,,,
1534,3/9/26 5:00,23.045,,,
1535,3/9/26 5:10,23.045,,,
1536,3/9/26 5:20,23.013,,,
1537,3/9/26 5:30,23.013,,,
1538,3/9/26 5:40,23.003,,,
1539,3/9/26 5:50,22.981,,,
1540,3/9/26 6:00,23.003,,,
1541,3/9/26 6:10,22.97,,,
1542,3/9/26 6:20,22.949,,,
1543,3/9/26 6:30,22.949,,,
1544,3/9/26 6:40,22.927,,,
1545,3/9/26 6:50,22.906,,,
1546,3/9/26 7:00,22.874,,,
1547,3/9/26 7:10,22.874,,,
1548,3/9/26 7:20,22.885,,,
1549,3/9/26 7:30,22.906,,,
1550,3/9/26 7:40,22.938,,,
1551,3/9/26 7:50,22.96,,,
1552,3/9/26 8:00,23.003,,,
1553,3/9/26 8:10,23.056,,,
1554,3/9/26 8:20,23.121,,,
1555,3/9/26 8:30,23.196,,,
1556,3/9/26 8:40,23.367,,,
1557,3/9/26 8:50,23.464,,,
1558,3/9/26 9:00,23.496,,,
1559,3/9/26 9:10,23.582,,,
1560,3/9/26 9:20,23.732,,,
1561,3/9/26 9:30,23.785,,,
1562,3/9/26 9:40,23.785,,,
1563,3/9/26 9:50,24,,,
1564,3/9/26 10:00,24.633,,,
1565,3/9/26 10:10,24.343,,,
1566,3/9/26 10:20,21.866,,,
1567,3/9/26 10:30,20.976,,,
1568,3/9/26 10:40,24.408,,,
1569,3/9/26 10:50,25.77,,,
1570,3/9/26 11:00,25.973,,,
1571,3/9/26 11:10,25.984,,,
1572,3/9/26 11:20,25.855,,,
1573,3/9/26 11:30,25.695,,,
1574,3/9/26 11:40,25.587,,,
1575,3/9/26 11:50,25.48,,,
1576,3/9/26 12:00,25.641,,,
1577,3/9/26 12:10,25.888,,,
1578,3/9/26 12:20,26.124,,,
1579,3/9/26 12:30,26.338,,,
1580,3/9/26 12:40,26.724,,,
1581,3/9/26 12:50,26.713,,,
1582,3/9/26 13:00,26.853,,,
1583,3/9/26 13:10,26.917,,,
1584,3/9/26 13:20,27.089,,,
1585,3/9/26 13:30,27.239,,,
1586,3/9/26 13:40,27.453,,,
1587,3/9/26 13:50,27.689,,,
1588,3/9/26 14:00,27.861,,,
1589,3/9/26 14:10,27.958,,,
1590,3/9/26 14:20,28.043,,,
1591,3/9/26 14:30,27.85,,,
1592,3/9/26 14:40,27.636,,,
1593,3/9/26 14:50,27.507,,,
1594,3/9/26 15:00,27.529,,,
1595,3/9/26 15:10,27.421,,,
1596,3/9/26 15:20,27.314,,,
1597,3/9/26 15:30,27.239,,,
1598,3/9/26 15:40,27.228,,,
1599,3/9/26 15:50,27.121,,,
1600,3/9/26 16:00,27.014,,,
1601,3/9/26 16:10,26.896,,,
1602,3/9/26 16:20,26.778,,,
1603,3/9/26 16:30,26.638,,,
1604,3/9/26 16:40,26.456,,,
1605,3/9/26 16:50,26.295,,,
1606,3/9/26 17:00,26.124,,,
1607,3/9/26 17:10,25.973,,,
1608,3/9/26 17:20,25.834,,,
1609,3/9/26 17:30,25.652,,,
1610,3/9/26 17:40,25.544,,,
1611,3/9/26 17:50,25.394,,,
1612,3/9/26 18:00,25.287,,,
1613,3/9/26 18:10,25.158,,,
1614,3/9/26 18:20,25.051,,,
1615,3/9/26 18:30,24.933,,,
1616,3/9/26 18:40,24.826,,,
1617,3/9/26 18:50,24.686,,,
1618,3/9/26 19:00,24.558,,,
1619,3/9/26 19:10,24.44,,,
1620,3/9/26 19:20,24.332,,,
1621,3/9/26 19:30,24.236,,,
1622,3/9/26 19:40,24.182,,,
1623,3/9/26 19:50,24.15,,,
1624,3/9/26 20:00,24.129,,,
1625,3/9/26 20:10,24.129,,,
1626,3/9/26 20:20,24.107,,,
1627,3/9/26 20:30,24.107,,,
1628,3/9/26 20:40,24.075,,,
1629,3/9/26 20:50,24.054,,,
1630,3/9/26 21:00,24.043,,,
1631,3/9/26 21:10,24.011,,,
1632,3/9/26 21:20,23.979,,,
1633,3/9/26 21:30,24,,,
1634,3/9/26 21:40,24,,,
1635,3/9/26 21:50,24,,,
1636,3/9/26 22:00,24,,,
1637,3/9/26 22:10,24,,,
1638,3/9/26 22:20,23.989,,,
1639,3/9/26 22:30,23.968,,,
1640,3/9/26 22:40,23.957,,,
1641,3/9/26 22:50,23.957,,,
1642,3/9/26 23:00,23.925,,,
1643,3/9/26 23:10,23.914,,,
1644,3/9/26 23:20,23.903,,,
1645,3/9/26 23:30,23.893,,,
1646,3/9/26 23:40,23.882,,,
1647,3/9/26 23:50,23.882,,,
1648,3/10/26 0:00,23.871,,,
1649,3/10/26 0:10,23.85,,,
1650,3/10/26 0:20,23.818,,,
1651,3/10/26 0:30,23.818,,,
1652,3/10/26 0:40,23.828,,,
1653,3/10/26 0:50,23.785,,,
1654,3/10/26 1:00,23.807,,,
1655,3/10/26 1:10,23.796,,,
1656,3/10/26 1:20,23.775,,,
1657,3/10/26 1:30,23.753,,,
1658,3/10/26 1:40,23.764,,,
1659,3/10/26 1:50,23.732,,,
1660,3/10/26 2:00,23.721,,,
1661,3/10/26 2:10,23.732,,,
1662,3/10/26 2:20,23.7,,,
1663,3/10/26 2:30,23.689,,,
1664,3/10/26 2:40,23.7,,,
1665,3/10/26 2:50,23.668,,,
1666,3/10/26 3:00,23.668,,,
1667,3/10/26 3:10,23.657,,,
1668,3/10/26 3:20,23.646,,,
1669,3/10/26 3:30,23.614,,,
1670,3/10/26 3:40,23.625,,,
1671,3/10/26 3:50,23.603,,,
1672,3/10/26 4:00,23.56,,,
1673,3/10/26 4:10,23.56,,,
1674,3/10/26 4:20,23.528,,,
1675,3/10/26 4:30,23.496,,,
1676,3/10/26 4:40,23.507,,,
1677,3/10/26 4:50,23.485,,,
1678,3/10/26 5:00,23.485,,,
1679,3/10/26 5:10,23.442,,,
1680,3/10/26 5:20,23.453,,,
1681,3/10/26 5:30,23.421,,,
1682,3/10/26 5:40,23.432,,,
1683,3/10/26 5:50,23.432,,,
1684,3/10/26 6:00,23.41,,,
1685,3/10/26 6:10,23.378,,,
1686,3/10/26 6:20,23.367,,,
1687,3/10/26 6:30,23.346,,,
1688,3/10/26 6:40,23.356,,,
1689,3/10/26 6:50,23.356,,,
1690,3/10/26 7:00,23.356,,,
1691,3/10/26 7:10,23.389,,,
1692,3/10/26 7:20,23.41,,,
1693,3/10/26 7:30,23.442,,,
1694,3/10/26 7:40,23.453,,,
1695,3/10/26 7:50,23.485,,,
1696,3/10/26 8:00,23.517,,,
1697,3/10/26 8:10,23.55,,,
1698,3/10/26 8:20,23.657,,,
1699,3/10/26 8:30,23.721,,,
1700,3/10/26 8:40,23.796,,,
1701,3/10/26 8:50,23.914,,,
1702,3/10/26 9:00,24.043,,,
1703,3/10/26 9:10,24.129,,,
1704,3/10/26 9:20,24.193,,,
1705,3/10/26 9:30,24.311,,,
1706,3/10/26 9:40,24.408,,,
1707,3/10/26 9:50,24.504,,,
1708,3/10/26 10:00,24.622,,,
1709,3/10/26 10:10,24.719,,,
1710,3/10/26 10:20,24.89,,,
1711,3/10/26 10:30,25.115,,,
1712,3/10/26 10:40,25.212,,,
1713,3/10/26 10:50,25.266,,,
1714,3/10/26 11:00,25.384,,,
1715,3/10/26 11:10,25.448,,,
1716,3/10/26 11:20,25.544,,,
1717,3/10/26 11:30,25.641,,,
1718,3/10/26 11:40,25.705,,,
1719,3/10/26 11:50,25.845,,,
1720,3/10/26 12:00,25.984,,,
1721,3/10/26 12:10,26.081,,,
1722,3/10/26 12:20,26.199,,,
1723,3/10/26 12:30,26.231,,,
1724,3/10/26 12:40,26.284,,,
1725,3/10/26 12:50,26.402,,,
1726,3/10/26 13:00,26.746,,,
1727,3/10/26 13:10,26.649,,,
1728,3/10/26 13:20,26.821,,,
1729,3/10/26 13:30,26.949,,,
1730,3/10/26 13:40,27.024,,,
1731,3/10/26 13:50,27.035,,,
1732,3/10/26 14:00,27.024,,,
1733,3/10/26 14:10,26.992,,,
1734,3/10/26 14:20,26.928,,,
1735,3/10/26 14:30,26.896,,,
1736,3/10/26 14:40,26.831,,,
1737,3/10/26 14:50,26.778,,,
1738,3/10/26 15:00,26.746,,,
1739,3/10/26 15:10,26.692,,,
1740,3/10/26 15:20,26.585,,,
1741,3/10/26 15:30,26.467,,,
1742,3/10/26 15:40,26.392,,,
1743,3/10/26 15:50,26.295,,,
1744,3/10/26 16:00,26.199,,,
1745,3/10/26 16:10,26.102,,,
1746,3/10/26 16:20,25.995,,,
1747,3/10/26 16:30,25.909,,,
1748,3/10/26 16:40,25.802,,,
1749,3/10/26 16:50,25.705,,,
1750,3/10/26 17:00,25.63,,,
1751,3/10/26 17:10,25.555,,,
1752,3/10/26 17:20,25.459,,,
1753,3/10/26 17:30,25.384,,,
1754,3/10/26 17:40,25.308,,,
1755,3/10/26 17:50,25.233,,,
1756,3/10/26 18:00,25.148,,,
1757,3/10/26 18:10,25.083,,,
1758,3/10/26 18:20,24.997,,,
1759,3/10/26 18:30,24.901,,,
1760,3/10/26 18:40,24.847,,,
1761,3/10/26 18:50,24.783,,,
1762,3/10/26 19:00,24.708,,,
1763,3/10/26 19:10,24.665,,,
1764,3/10/26 19:20,24.611,,,
1765,3/10/26 19:30,24.568,,,
1766,3/10/26 19:40,24.526,,,
1767,3/10/26 19:50,24.483,,,
1768,3/10/26 20:00,24.408,,,
1769,3/10/26 20:10,24.365,,,
1770,3/10/26 20:20,24.311,,,
1771,3/10/26 20:30,24.236,,,
1772,3/10/26 20:40,24.139,,,
1773,3/10/26 20:50,24.129,,,
1774,3/10/26 21:00,24.064,,,
1775,3/10/26 21:10,24.043,,,
1776,3/10/26 21:20,24,,,
1777,3/10/26 21:30,23.936,,,
1778,3/10/26 21:40,23.936,,,
1779,3/10/26 21:50,23.914,,,
1780,3/10/26 22:00,23.893,,,
1781,3/10/26 22:10,23.85,,,
1782,3/10/26 22:20,23.818,,,
1783,3/10/26 22:30,23.807,,,
1784,3/10/26 22:40,23.807,,,
1785,3/10/26 22:50,23.818,,,
1786,3/10/26 23:00,23.764,,,
1787,3/10/26 23:10,23.753,,,
1788,3/10/26 23:20,23.764,,,
1789,3/10/26 23:30,23.743,,,
1790,3/10/26 23:40,23.732,,,
1791,3/10/26 23:50,23.721,,,
1792,3/11/26 0:00,23.71,,,
1793,3/11/26 0:10,23.7,,,
1794,3/11/26 0:20,23.732,,,
1795,3/11/26 0:30,23.7,,,
1796,3/11/26 0:40,23.7,,,
1797,3/11/26 0:50,23.689,,,
1798,3/11/26 1:00,23.7,,,
1799,3/11/26 1:10,23.689,,,
1800,3/11/26 1:20,23.678,,,
1801,3/11/26 1:30,23.689,,,
1802,3/11/26 1:40,23.678,,,
1803,3/11/26 1:50,23.678,,,
1804,3/11/26 2:00,23.646,,,
1805,3/11/26 2:10,23.635,,,
1806,3/11/26 2:20,23.55,,,
1807,3/11/26 2:30,23.432,,,
1808,3/11/26 2:40,23.324,,,
1809,3/11/26 2:50,23.185,,,
1810,3/11/26 3:00,23.056,,,
1811,3/11/26 3:10,22.938,,,
1812,3/11/26 3:20,22.863,,,
1813,3/11/26 3:30,22.777,,,
1814,3/11/26 3:40,22.745,,,
1815,3/11/26 3:50,22.756,,,
1816,3/11/26 4:00,22.756,,,
1817,3/11/26 4:10,22.767,,,
1818,3/11/26 4:20,22.713,,,
1819,3/11/26 4:30,22.649,,,
1820,3/11/26 4:40,22.584,,,
1821,3/11/26 4:50,22.541,,,
1822,3/11/26 5:00,22.541,,,
1823,3/11/26 5:10,22.541,,,
1824,3/11/26 5:20,22.552,,,
1825,3/11/26 5:30,22.563,,,
1826,3/11/26 5:40,22.563,,,
1827,3/11/26 5:50,22.563,,,
1828,3/11/26 6:00,22.563,,,
1829,3/11/26 6:10,22.456,,,
1830,3/11/26 6:20,22.413,,,
1831,3/11/26 6:30,22.381,,,
1832,3/11/26 6:40,22.359,,,
1833,3/11/26 6:50,22.381,,,
1834,3/11/26 7:00,22.413,,,
1835,3/11/26 7:10,22.434,,,
1836,3/11/26 7:20,22.456,,,
1837,3/11/26 7:30,22.477,,,
1838,3/11/26 7:40,22.498,,,
1839,3/11/26 7:50,22.509,,,
1840,3/11/26 8:00,22.541,,,
1841,3/11/26 8:10,22.541,,,
1842,3/11/26 8:20,22.584,,,
1843,3/11/26 8:30,22.584,,,
1844,3/11/26 8:40,22.627,,,
1845,3/11/26 8:50,22.702,,,
1846,3/11/26 9:00,22.745,,,
1847,3/11/26 9:10,22.831,,,
1848,3/11/26 9:20,22.917,,,
1849,3/11/26 9:30,23.056,,,
1850,3/11/26 9:40,23.142,,,
1851,3/11/26 9:50,23.228,,,
1852,3/11/26 10:00,23.324,,,
1853,3/11/26 10:10,23.496,,,
1854,3/11/26 10:20,23.689,,,
1855,3/11/26 10:30,23.839,,,
1856,3/11/26 10:40,23.946,,,
1857,3/11/26 10:50,24,,,
1858,3/11/26 11:00,24.075,,,
1859,3/11/26 11:10,24.097,,,
1860,3/11/26 11:20,24.097,,,
1861,3/11/26 11:30,24.097,,,
1862,3/11/26 11:40,24.139,,,
1863,3/11/26 11:50,24.268,,,
1864,3/11/26 12:00,24.472,,,
1865,3/11/26 12:10,24.676,,,
1866,3/11/26 12:20,24.761,,,
1867,3/11/26 12:30,24.901,,,
1868,3/11/26 12:40,25.062,,,
1869,3/11/26 12:50,25.33,,,
1870,3/11/26 13:00,25.587,,,
1871,3/11/26 13:10,25.888,,,
1872,3/11/26 13:20,26.295,,,
1873,3/11/26 13:30,26.51,,,
1874,3/11/26 13:40,26.467,,,
1875,3/11/26 13:50,26.381,,,
1876,3/11/26 14:00,26.435,,,
1877,3/11/26 14:10,26.392,,,
1878,3/11/26 14:20,26.51,,,
1879,3/11/26 14:30,26.66,,,
1880,3/11/26 14:40,26.649,,,
1881,3/11/26 14:50,26.649,,,
1882,3/11/26 15:00,26.649,,,
1883,3/11/26 15:10,26.606,,,
1884,3/11/26 15:20,26.585,,,
1885,3/11/26 15:30,26.531,,,
1886,3/11/26 15:40,26.499,,,
1887,3/11/26 15:50,26.467,,,
1888,3/11/26 16:00,26.413,,,
1889,3/11/26 16:10,26.37,,,
1890,3/11/26 16:20,26.317,,,
1891,3/11/26 16:30,26.231,,,
1892,3/11/26 16:40,26.177,,,
1893,3/11/26 16:50,26.113,,,
1894,3/11/26 17:00,26.038,,,
1895,3/11/26 17:10,25.963,,,
1896,3/11/26 17:20,25.888,,,
1897,3/11/26 17:30,25.802,,,
1898,3/11/26 17:40,25.705,,,
1899,3/11/26 17:50,25.609,,,
1900,3/11/26 18:00,25.502,,,
1901,3/11/26 18:10,25.384,,,
1902,3/11/26 18:20,25.298,,,
1903,3/11/26 18:30,25.19,,,
1904,3/11/26 18:40,25.105,,,
1905,3/11/26 18:50,25.019,,,
1906,3/11/26 19:00,24.922,,,
1907,3/11/26 19:10,24.858,,,
1908,3/11/26 19:20,24.815,,,
1909,3/11/26 19:30,24.751,,,
1910,3/11/26 19:40,24.686,,,
1911,3/11/26 19:50,24.633,,,
1912,3/11/26 20:00,24.579,,,
1913,3/11/26 20:10,24.515,,,
1914,3/11/26 20:20,24.483,,,
1915,3/11/26 20:30,24.418,,,
1916,3/11/26 20:40,24.397,,,
1917,3/11/26 20:50,24.343,,,
1918,3/11/26 21:00,24.322,,,
1919,3/11/26 21:10,24.29,,,
1920,3/11/26 21:20,24.247,,,
1921,3/11/26 21:30,24.214,,,
1922,3/11/26 21:40,24.204,,,
1923,3/11/26 21:50,24.204,,,
1924,3/11/26 22:00,24.182,,,
1925,3/11/26 22:10,24.161,,,
1926,3/11/26 22:20,24.129,,,
1927,3/11/26 22:30,24.107,,,
1928,3/11/26 22:40,24.043,,,
1929,3/11/26 22:50,24.054,,,
1930,3/11/26 23:00,24.021,,,
1931,3/11/26 23:10,24,,,
1932,3/11/26 23:20,23.989,,,
1933,3/11/26 23:30,23.979,,,
1934,3/11/26 23:40,23.957,,,
1935,3/11/26 23:50,23.957,,,
1936,3/12/26 0:00,23.946,,,
1937,3/12/26 0:10,23.946,,,
1938,3/12/26 0:20,23.925,,,
1939,3/12/26 0:30,23.914,,,
1940,3/12/26 0:40,23.936,,,
1941,3/12/26 0:50,23.914,,,
1942,3/12/26 1:00,23.957,,,
1943,3/12/26 1:10,23.957,,,
1944,3/12/26 1:20,23.946,,,
1945,3/12/26 1:30,23.903,,,
1946,3/12/26 1:40,23.925,,,
1947,3/12/26 1:50,23.914,,,
1948,3/12/26 2:00,23.914,,,
1949,3/12/26 2:10,23.914,,,
1950,3/12/26 2:20,23.914,,,
1951,3/12/26 2:30,23.903,,,
1952,3/12/26 2:40,23.914,,,
1953,3/12/26 2:50,23.882,,,
1954,3/12/26 3:00,23.871,,,
1955,3/12/26 3:10,23.903,,,
1956,3/12/26 3:20,23.893,,,
1957,3/12/26 3:30,23.871,,,
1958,3/12/26 3:40,23.893,,,
1959,3/12/26 3:50,23.893,,,
1960,3/12/26 4:00,23.882,,,
1961,3/12/26 4:10,23.882,,,
1962,3/12/26 4:20,23.861,,,
1963,3/12/26 4:30,23.871,,,
1964,3/12/26 4:40,23.861,,,
1965,3/12/26 4:50,23.871,,,
1966,3/12/26 5:00,23.85,,,
1967,3/12/26 5:10,23.861,,,
1968,3/12/26 5:20,23.785,,,
1969,3/12/26 5:30,23.775,,,
1970,3/12/26 5:40,23.785,,,
1971,3/12/26 5:50,23.796,,,
1972,3/12/26 6:00,23.785,,,
1973,3/12/26 6:10,23.753,,,
1974,3/12/26 6:20,23.732,,,
1975,3/12/26 6:30,23.657,,,
1976,3/12/26 6:40,23.646,,,
1977,3/12/26 6:50,23.614,,,
1978,3/12/26 7:00,23.614,,,
1979,3/12/26 7:10,23.582,,,
1980,3/12/26 7:20,23.571,,,
1981,3/12/26 7:30,23.582,,,
1982,3/12/26 7:40,23.517,,,
1983,3/12/26 7:50,23.389,,,
1984,3/12/26 8:00,23.228,,,
1985,3/12/26 8:10,23.131,,,
1986,3/12/26 8:20,23.078,,,
1987,3/12/26 8:30,23.088,,,
1988,3/12/26 8:40,23.131,,,
1989,3/12/26 8:50,23.217,,,
1990,3/12/26 9:00,23.303,,,
1991,3/12/26 9:10,23.346,,,
1992,3/12/26 9:20,23.41,,,
1993,3/12/26 9:30,23.442,,,
1994,3/12/26 9:40,23.474,,,
1995,3/12/26 9:50,23.496,,,
1996,3/12/26 10:00,23.528,,,
1997,3/12/26 10:10,23.592,,,
1998,3/12/26 10:20,23.71,,,
1999,3/12/26 10:30,23.775,,,
2000,3/12/26 10:40,23.818,,,
2001,3/12/26 10:50,23.775,,,
2002,3/12/26 11:00,23.753,,,
2003,3/12/26 11:10,23.721,,,
2004,3/12/26 11:20,23.732,,,
2005,3/12/26 11:30,23.807,,,
2006,3/12/26 11:40,23.839,,,
2007,3/12/26 11:50,23.871,,,
2008,3/12/26 12:00,23.925,,,
2009,3/12/26 12:10,23.979,,,
2010,3/12/26 12:20,24.032,,,
2011,3/12/26 12:30,24.097,,,
2012,3/12/26 12:40,24.182,,,
2013,3/12/26 12:50,24.268,,,
2014,3/12/26 13:00,24.29,,,
2015,3/12/26 13:10,24.29,,,
2016,3/12/26 13:20,24.332,,,
2017,3/12/26 13:30,24.343,,,
2018,3/12/26 13:40,24.322,,,
2019,3/12/26 13:50,24.225,,,
2020,3/12/26 14:00,24.129,,,
2021,3/12/26 14:10,24.118,,,
2022,3/12/26 14:20,24.193,,,
2023,3/12/26 14:30,24.214,,,
2024,3/12/26 14:40,24.204,,,
2025,3/12/26 14:50,24.204,,,
2026,3/12/26 15:00,24.193,,,
2027,3/12/26 15:10,24.214,,,
2028,3/12/26 15:20,24.214,,,
2029,3/12/26 15:30,24.247,,,
2030,3/12/26 15:40,24.311,,,
2031,3/12/26 15:50,24.375,,,
2032,3/12/26 16:00,24.408,,,
2033,3/12/26 16:10,24.397,,,
2034,3/12/26 16:20,24.408,,,
2035,3/12/26 16:30,24.408,,,
2036,3/12/26 16:40,24.44,,,
2037,3/12/26 16:50,24.44,,,
2038,3/12/26 17:00,24.418,,,
2039,3/12/26 17:10,24.429,,,
2040,3/12/26 17:20,24.365,,,
2041,3/12/26 17:30,24.375,,,
2042,3/12/26 17:40,24.29,,,
2043,3/12/26 17:50,24.29,,,
2044,3/12/26 18:00,24.257,,,
2045,3/12/26 18:10,24.236,,,
2046,3/12/26 18:20,24.204,,,
2047,3/12/26 18:30,24.182,,,
2048,3/12/26 18:40,24.139,,,
2049,3/12/26 18:50,24.139,,,
2050,3/12/26 19:00,24.086,,,
2051,3/12/26 19:10,24.064,,,
2052,3/12/26 19:20,24.032,,,
2053,3/12/26 19:30,23.989,,,
2054,3/12/26 19:40,23.946,,,
2055,3/12/26 19:50,23.925,,,
2056,3/12/26 20:00,23.925,,,
2057,3/12/26 20:10,23.903,,,
2058,3/12/26 20:20,23.871,,,
2059,3/12/26 20:30,23.861,,,
2060,3/12/26 20:40,23.828,,,
2061,3/12/26 20:50,23.85,,,
2062,3/12/26 21:00,23.828,,,
2063,3/12/26 21:10,23.85,,,
2064,3/12/26 21:20,23.818,,,
2065,3/12/26 21:30,23.796,,,
2066,3/12/26 21:40,23.764,,,
2067,3/12/26 21:50,23.753,,,
2068,3/12/26 22:00,23.753,,,
2069,3/12/26 22:10,23.764,,,
2070,3/12/26 22:20,23.796,,,
2071,3/12/26 22:30,23.807,,,
2072,3/12/26 22:40,23.818,,,
2073,3/12/26 22:50,23.839,,,
2074,3/12/26 23:00,23.85,,,
2075,3/12/26 23:10,23.85,,,
2076,3/12/26 23:20,23.861,,,
2077,3/12/26 23:30,23.861,,,
2078,3/12/26 23:40,23.882,,,
2079,3/12/26 23:50,23.903,,,
2080,3/13/26 0:00,23.871,,,
2081,3/13/26 0:10,23.893,,,
2082,3/13/26 0:20,23.882,,,
2083,3/13/26 0:30,23.903,,,
2084,3/13/26 0:40,23.914,,,
2085,3/13/26 0:50,23.925,,,
2086,3/13/26 1:00,23.936,,,
2087,3/13/26 1:10,23.957,,,
2088,3/13/26 1:20,23.914,,,
2089,3/13/26 1:30,23.882,,,
2090,3/13/26 1:40,23.882,,,
2091,3/13/26 1:50,23.882,,,
2092,3/13/26 2:00,23.871,,,
2093,3/13/26 2:10,23.839,,,
2094,3/13/26 2:20,23.807,,,
2095,3/13/26 2:30,23.753,,,
2096,3/13/26 2:40,23.721,,,
2097,3/13/26 2:50,23.71,,,
2098,3/13/26 3:00,23.689,,,
2099,3/13/26 3:10,23.7,,,
2100,3/13/26 3:20,23.657,,,
2101,3/13/26 3:30,23.668,,,
2102,3/13/26 3:40,23.646,,,
2103,3/13/26 3:50,23.635,,,
2104,3/13/26 4:00,23.668,,,
2105,3/13/26 4:10,23.7,,,
2106,3/13/26 4:20,23.7,,,
2107,3/13/26 4:30,23.743,,,
2108,3/13/26 4:40,23.775,,,
2109,3/13/26 4:50,23.775,,,
2110,3/13/26 5:00,23.753,,,
2111,3/13/26 5:10,23.678,,,
2112,3/13/26 5:20,23.635,,,
2113,3/13/26 5:30,23.614,,,
2114,3/13/26 5:40,23.592,,,
2115,3/13/26 5:50,23.603,,,
2116,3/13/26 6:00,23.625,,,
2117,3/13/26 6:10,23.668,,,
2118,3/13/26 6:20,23.657,,,
2119,3/13/26 6:30,23.625,,,
2120,3/13/26 6:40,23.592,,,
2121,3/13/26 6:50,23.528,,,
2122,3/13/26 7:00,23.485,,,
2123,3/13/26 7:10,23.453,,,
2124,3/13/26 7:20,23.421,,,
2125,3/13/26 7:30,23.41,,,
2126,3/13/26 7:40,23.41,,,
2127,3/13/26 7:50,23.389,,,
2128,3/13/26 8:00,23.378,,,
2129,3/13/26 8:10,23.399,,,
2130,3/13/26 8:20,23.356,,,
2131,3/13/26 8:30,23.281,,,
2132,3/13/26 8:40,23.281,,,
2133,3/13/26 8:50,23.26,,,
2134,3/13/26 9:00,23.356,,,
2135,3/13/26 9:10,23.528,,,
2136,3/13/26 9:20,23.678,,,
2137,3/13/26 9:30,23.807,,,
2138,3/13/26 9:40,23.903,,,
2139,3/13/26 9:50,23.989,,,
2140,3/13/26 10:00,24.064,,,
2141,3/13/26 10:10,24.064,,,
2142,3/13/26 10:20,24.075,,,
2143,3/13/26 10:30,24.043,,,
2144,3/13/26 10:40,24.011,,,
2145,3/13/26 10:50,24,,,
2146,3/13/26 11:00,24,,,
2147,3/13/26 11:10,23.979,,,
2148,3/13/26 11:20,23.957,,,
2149,3/13/26 11:30,23.968,,,
2150,3/13/26 11:40,23.989,,,
2151,3/13/26 11:50,24.043,,,
2152,3/13/26 12:00,24.054,,,
2153,3/13/26 12:10,24.064,,,
2154,3/13/26 12:20,23.989,,,
2155,3/13/26 12:30,23.882,,,
2156,3/13/26 12:40,23.775,,,
2157,3/13/26 12:50,23.753,,,
2158,3/13/26 13:00,23.764,,,
2159,3/13/26 13:10,23.732,,,
2160,3/13/26 13:20,23.668,,,
2161,3/13/26 13:30,23.582,,,
2162,3/13/26 13:40,23.571,,,
2163,3/13/26 13:50,23.539,,,
2164,3/13/26 14:00,23.539,,,
2165,3/13/26 14:10,23.582,,,
2166,3/13/26 14:20,23.625,,,
2167,3/13/26 14:30,23.528,,,
2168,3/13/26 14:40,23.41,,,
2169,3/13/26 14:50,23.346,,,
2170,3/13/26 15:00,23.389,,,
2171,3/13/26 15:10,23.485,,,
2172,3/13/26 15:20,23.646,,,
2173,3/13/26 15:30,23.764,,,
2174,3/13/26 15:40,23.85,,,
2175,3/13/26 15:50,23.936,,,
2176,3/13/26 16:00,23.989,,,
2177,3/13/26 16:10,24.075,,,
2178,3/13/26 16:20,24.086,,,
2179,3/13/26 16:30,24.129,,,
2180,3/13/26 16:40,24.097,,,
2181,3/13/26 16:50,24.075,,,
2182,3/13/26 17:00,24.054,,,
2183,3/13/26 17:10,24.043,,,
2184,3/13/26 17:20,24.054,,,
2185,3/13/26 17:30,24.054,,,
2186,3/13/26 17:40,24.064,,,
2187,3/13/26 17:50,24.043,,,
2188,3/13/26 18:00,24.032,,,
2189,3/13/26 18:10,23.979,,,
2190,3/13/26 18:20,23.946,,,
2191,3/13/26 18:30,23.903,,,
2192,3/13/26 18:40,23.871,,,
2193,3/13/26 18:50,23.796,,,
2194,3/13/26 19:00,23.764,,,
2195,3/13/26 19:10,23.7,,,
2196,3/13/26 19:20,23.657,,,
2197,3/13/26 19:30,23.592,,,
2198,3/13/26 19:40,23.539,,,
2199,3/13/26 19:50,23.474,,,
2200,3/13/26 20:00,23.432,,,
2201,3/13/26 20:10,23.389,,,
2202,3/13/26 20:20,23.324,,,
2203,3/13/26 20:30,23.271,,,
2204,3/13/26 20:40,23.249,,,
2205,3/13/26 20:50,23.185,,,
2206,3/13/26 21:00,23.142,,,
2207,3/13/26 21:10,23.088,,,
2208,3/13/26 21:20,23.035,,,
2209,3/13/26 21:30,22.97,,,
2210,3/13/26 21:40,22.938,,,
2211,3/13/26 21:50,22.863,,,
2212,3/13/26 22:00,22.852,,,
2213,3/13/26 22:10,22.81,,,
2214,3/13/26 22:20,22.777,,,
2215,3/13/26 22:30,22.745,,,
2216,3/13/26 22:40,22.734,,,
2217,3/13/26 22:50,22.659,,,
2218,3/13/26 23:00,22.627,,,
2219,3/13/26 23:10,22.584,,,
2220,3/13/26 23:20,22.563,,,
2221,3/13/26 23:30,22.541,,,
2222,3/13/26 23:40,22.52,,,
2223,3/13/26 23:50,22.498,,,
2224,3/14/26 0:00,22.456,,,
2225,3/14/26 0:10,22.584,,,
2226,3/14/26 0:20,22.713,,,
2227,3/14/26 0:30,22.82,,,
2228,3/14/26 0:40,22.885,,,
2229,3/14/26 0:50,22.992,,,
2230,3/14/26 1:00,23.024,,,
2231,3/14/26 1:10,23.088,,,
2232,3/14/26 1:20,23.099,,,
2233,3/14/26 1:30,23.174,,,
2234,3/14/26 1:40,23.206,,,
2235,3/14/26 1:50,23.271,,,
2236,3/14/26 2:00,23.281,,,
2237,3/14/26 2:10,23.303,,,
2238,3/14/26 2:20,23.303,,,
2239,3/14/26 2:30,23.271,,,
2240,3/14/26 2:40,23.239,,,
2241,3/14/26 2:50,23.271,,,
2242,3/14/26 3:00,23.26,,,
2243,3/14/26 3:10,23.249,,,
2244,3/14/26 3:20,23.206,,,
2245,3/14/26 3:30,23.174,,,
2246,3/14/26 3:40,23.131,,,
2247,3/14/26 3:50,23.088,,,
2248,3/14/26 4:00,23.099,,,
2249,3/14/26 4:10,23.078,,,
2250,3/14/26 4:20,23.078,,,
2251,3/14/26 4:30,23.078,,,
2252,3/14/26 4:40,23.088,,,
2253,3/14/26 4:50,23.121,,,
2254,3/14/26 5:00,23.131,,,
2255,3/14/26 5:10,23.142,,,
2256,3/14/26 5:20,23.174,,,
2257,3/14/26 5:30,23.185,,,
2258,3/14/26 5:40,23.228,,,
2259,3/14/26 5:50,23.239,,,
2260,3/14/26 6:00,23.26,,,
2261,3/14/26 6:10,23.281,,,
2262,3/14/26 6:20,23.271,,,
2263,3/14/26 6:30,23.228,,,
2264,3/14/26 6:40,23.206,,,
2265,3/14/26 6:50,23.121,,,
2266,3/14/26 7:00,23.056,,,
2267,3/14/26 7:10,23.056,,,
2268,3/14/26 7:20,23.045,,,
2269,3/14/26 7:30,23.056,,,
2270,3/14/26 7:40,23.067,,,
2271,3/14/26 7:50,23.099,,,
2272,3/14/26 8:00,23.142,,,
2273,3/14/26 8:10,23.185,,,
2274,3/14/26 8:20,23.228,,,
2275,3/14/26 8:30,23.228,,,
2276,3/14/26 8:40,23.292,,,
2277,3/14/26 8:50,23.378,,,
2278,3/14/26 9:00,23.485,,,
2279,3/14/26 9:10,23.56,,,
2280,3/14/26 9:20,23.614,,,
2281,3/14/26 9:30,23.635,,,
2282,3/14/26 9:40,23.775,,,
2283,3/14/26 9:50,23.893,,,
2284,3/14/26 10:00,24.139,,,
2285,3/14/26 10:10,24.44,,,
2286,3/14/26 10:20,24.622,,,
2287,3/14/26 10:30,24.729,,,
2288,3/14/26 10:40,24.879,,,
2289,3/14/26 10:50,24.268,,,
2290,3/14/26 11:00,24.193,,,
2291,3/14/26 11:10,24.247,,,
2292,3/14/26 11:20,24.268,,,
2293,3/14/26 11:30,24.29,,,
2294,3/14/26 11:40,24.322,,,
2295,3/14/26 11:50,24.322,,,
2296,3/14/26 12:00,24.236,,,
2297,3/14/26 12:10,24.225,,,
2298,3/14/26 12:20,24.161,,,
2299,3/14/26 12:30,24.118,,,
2300,3/14/26 12:40,24.043,,,
2301,3/14/26 12:50,23.957,,,
2302,3/14/26 13:00,23.936,,,
2303,3/14/26 13:10,23.914,,,
2304,3/14/26 13:20,23.861,,,
2305,3/14/26 13:30,23.861,,,
2306,3/14/26 13:40,23.861,,,
2307,3/14/26 13:50,23.871,,,
2308,3/14/26 14:00,23.85,,,
2309,3/14/26 14:10,23.871,,,
2310,3/14/26 14:20,23.925,,,
2311,3/14/26 14:30,23.946,,,
2312,3/14/26 14:40,24.021,,,
2313,3/14/26 14:50,24.032,,,
2314,3/14/26 15:00,24.043,,,
2315,3/14/26 15:10,24.021,,,
2316,3/14/26 15:20,24.011,,,
2317,3/14/26 15:30,23.989,,,
2318,3/14/26 15:40,23.957,,,
2319,3/14/26 15:50,23.925,,,
2320,3/14/26 16:00,23.903,,,
2321,3/14/26 16:10,23.861,,,
2322,3/14/26 16:20,23.839,,,
2323,3/14/26 16:30,23.839,,,
2324,3/14/26 16:40,23.807,,,
2325,3/14/26 16:50,23.807,,,
2326,3/14/26 17:00,23.796,,,
2327,3/14/26 17:10,23.807,,,
2328,3/14/26 17:20,23.785,,,
2329,3/14/26 17:30,23.807,,,
2330,3/14/26 17:40,23.796,,,
2331,3/14/26 17:50,23.775,,,
2332,3/14/26 18:00,23.753,,,
2333,3/14/26 18:10,23.721,,,
2334,3/14/26 18:20,23.732,,,
2335,3/14/26 18:30,23.721,,,
2336,3/14/26 18:40,23.71,,,
2337,3/14/26 18:50,23.668,,,
2338,3/14/26 19:00,23.657,,,
2339,3/14/26 19:10,23.657,,,
2340,3/14/26 19:20,23.668,,,
2341,3/14/26 19:30,23.689,,,
2342,3/14/26 19:40,23.668,,,
2343,3/14/26 19:50,23.657,,,
2344,3/14/26 20:00,23.668,,,
2345,3/14/26 20:10,23.646,,,
2346,3/14/26 20:20,23.635,,,
2347,3/14/26 20:30,23.635,,,
2348,3/14/26 20:40,23.657,,,
2349,3/14/26 20:50,23.646,,,
2350,3/14/26 21:00,23.657,,,
2351,3/14/26 21:10,23.657,,,
2352,3/14/26 21:20,23.657,,,
2353,3/14/26 21:30,23.668,,,
2354,3/14/26 21:40,23.657,,,
2355,3/14/26 21:50,23.646,,,
2356,3/14/26 22:00,23.646,,,
2357,3/14/26 22:10,23.635,,,
2358,3/14/26 22:20,23.635,,,
2359,3/14/26 22:30,23.603,,,
2360,3/14/26 22:40,23.592,,,
2361,3/14/26 22:50,23.603,,,
2362,3/14/26 23:00,23.592,,,
2363,3/14/26 23:10,23.592,,,
2364,3/14/26 23:20,23.614,,,
2365,3/14/26 23:30,23.614,,,
2366,3/14/26 23:40,23.614,,,
2367,3/14/26 23:50,23.614,,,
2368,3/15/26 0:00,23.625,,,
2369,3/15/26 0:10,23.625,,,
2370,3/15/26 0:20,23.614,,,
2371,3/15/26 0:30,23.625,,,
2372,3/15/26 0:40,23.657,,,
2373,3/15/26 0:50,23.657,,,
2374,3/15/26 1:00,23.646,,,
2375,3/15/26 1:10,23.625,,,
2376,3/15/26 1:20,23.635,,,
2377,3/15/26 1:30,23.657,,,
2378,3/15/26 1:40,23.657,,,
2379,3/15/26 1:50,23.646,,,
2380,3/15/26 2:00,23.646,,,
2381,3/15/26 2:10,23.646,,,
2382,3/15/26 2:20,23.635,,,
2383,3/15/26 2:30,23.657,,,
2384,3/15/26 2:40,23.668,,,
2385,3/15/26 2:50,23.678,,,
2386,3/15/26 3:00,23.678,,,
2387,3/15/26 3:10,23.657,,,
2388,3/15/26 3:20,23.657,,,
2389,3/15/26 3:30,23.678,,,
2390,3/15/26 3:40,23.678,,,
2391,3/15/26 3:50,23.668,,,
2392,3/15/26 4:00,23.678,,,
2393,3/15/26 4:10,23.7,,,
2394,3/15/26 4:20,23.689,,,
2395,3/15/26 4:30,23.689,,,
2396,3/15/26 4:40,23.7,,,
2397,3/15/26 4:50,23.689,,,
2398,3/15/26 5:00,23.689,,,
2399,3/15/26 5:10,23.721,,,
2400,3/15/26 5:20,23.71,,,
2401,3/15/26 5:30,23.721,,,
2402,3/15/26 5:40,23.732,,,
2403,3/15/26 5:50,23.732,,,
2404,3/15/26 6:00,23.721,,,
2405,3/15/26 6:10,23.689,,,
2406,3/15/26 6:20,23.689,,,
2407,3/15/26 6:30,23.678,,,
2408,3/15/26 6:40,23.668,,,
2409,3/15/26 6:50,23.668,,,
2410,3/15/26 7:00,23.678,,,
2411,3/15/26 7:10,23.689,,,
2412,3/15/26 7:20,23.689,,,
2413,3/15/26 7:30,23.7,,,
2414,3/15/26 7:40,23.689,,,
2415,3/15/26 7:50,23.71,,,
2416,3/15/26 8:00,23.743,,,
2417,3/15/26 8:10,23.753,,,
2418,3/15/26 8:20,23.785,,,
2419,3/15/26 8:30,23.796,,,
2420,3/15/26 8:40,23.818,,,
2421,3/15/26 8:50,23.85,,,
2422,3/15/26 9:00,23.871,,,
2423,3/15/26 9:10,23.882,,,
2424,3/15/26 9:20,23.893,,,
2425,3/15/26 9:30,23.925,,,
2426,3/15/26 9:40,23.957,,,
2427,3/15/26 9:50,23.989,,,
2428,3/15/26 10:00,24,,,
2429,3/15/26 10:10,24,,,
2430,3/15/26 10:20,23.979,,,
2431,3/15/26 10:30,23.957,,,
2432,3/15/26 10:40,23.914,,,
2433,3/15/26 10:50,23.893,,,
2434,3/15/26 11:00,23.839,,,
2435,3/15/26 11:10,23.828,,,
2436,3/15/26 11:20,23.796,,,
2437,3/15/26 11:30,23.785,,,
2438,3/15/26 11:40,23.818,,,
2439,3/15/26 11:50,23.828,,,
2440,3/15/26 12:00,23.753,,,
2441,3/15/26 12:10,23.753,,,
2442,3/15/26 12:20,23.764,,,
2443,3/15/26 12:30,23.796,,,
2444,3/15/26 12:40,23.818,,,
2445,3/15/26 12:50,23.871,,,
2446,3/15/26 13:00,23.968,,,
2447,3/15/26 13:10,24.043,,,
2448,3/15/26 13:20,24.107,,,
2449,3/15/26 13:30,24.193,,,
2450,3/15/26 13:40,24.247,,,
2451,3/15/26 13:50,24.257,,,
2452,3/15/26 14:00,24.29,,,
2453,3/15/26 14:10,24.322,,,
2454,3/15/26 14:20,24.365,,,
2455,3/15/26 14:30,24.408,,,
2456,3/15/26 14:40,24.386,,,
2457,3/15/26 14:50,24.386,,,
2458,3/15/26 15:00,24.375,,,
2459,3/15/26 15:10,24.343,,,
2460,3/15/26 15:20,24.322,,,
2461,3/15/26 15:30,24.3,,,
2462,3/15/26 15:40,24.29,,,
2463,3/15/26 15:50,24.3,,,
2464,3/15/26 16:00,24.311,,,
2465,3/15/26 16:10,24.322,,,
2466,3/15/26 16:20,24.322,,,
2467,3/15/26 16:30,24.322,,,
2468,3/15/26 16:40,24.311,,,
2469,3/15/26 16:50,24.322,,,
2470,3/15/26 17:00,24.29,,,
2471,3/15/26 17:10,24.257,,,
2472,3/15/26 17:20,24.214,,,
2473,3/15/26 17:30,24.204,,,
2474,3/15/26 17:40,24.182,,,
2475,3/15/26 17:50,24.172,,,
2476,3/15/26 18:00,24.161,,,
2477,3/15/26 18:10,24.129,,,
2478,3/15/26 18:20,24.097,,,
2479,3/15/26 18:30,24.054,,,
2480,3/15/26 18:40,24.021,,,
2481,3/15/26 18:50,23.979,,,
2482,3/15/26 19:00,23.968,,,
2483,3/15/26 19:10,23.979,,,
2484,3/15/26 19:20,23.979,,,
2485,3/15/26 19:30,23.968,,,
2486,3/15/26 19:40,23.979,,,
2487,3/15/26 19:50,23.979,,,
2488,3/15/26 20:00,23.989,,,
2489,3/15/26 20:10,24,,,
2490,3/15/26 20:20,23.989,,,
2491,3/15/26 20:30,23.968,,,
2492,3/15/26 20:40,23.957,,,
2493,3/15/26 20:50,23.957,,,
2494,3/15/26 21:00,23.936,,,
2495,3/15/26 21:10,23.85,,,
2496,3/15/26 21:20,23.85,,,
2497,3/15/26 21:30,23.818,,,
2498,3/15/26 21:40,23.807,,,
2499,3/15/26 21:50,23.775,,,
2500,3/15/26 22:00,23.753,,,
2501,3/15/26 22:10,23.775,,,
2502,3/15/26 22:20,23.785,,,
2503,3/15/26 22:30,23.796,,,
2504,3/15/26 22:40,23.818,,,
2505,3/15/26 22:50,23.818,,,
2506,3/15/26 23:00,23.85,,,
2507,3/15/26 23:10,23.828,,,
2508,3/15/26 23:20,23.85,,,
2509,3/15/26 23:30,23.85,,,
2510,3/15/26 23:40,23.839,,,
2511,3/15/26 23:50,23.839,,,
2512,3/16/26 0:00,23.85,,,
2513,3/16/26 0:10,23.85,,,
2514,3/16/26 0:20,23.85,,,
2515,3/16/26 0:30,23.839,,,
2516,3/16/26 0:40,23.818,,,
2517,3/16/26 0:50,23.839,,,
2518,3/16/26 1:00,23.818,,,
2519,3/16/26 1:10,23.818,,,
2520,3/16/26 1:20,23.818,,,
2521,3/16/26 1:30,23.818,,,
2522,3/16/26 1:40,23.818,,,
2523,3/16/26 1:50,23.828,,,
2524,3/16/26 2:00,23.796,,,
2525,3/16/26 2:10,23.796,,,
2526,3/16/26 2:20,23.796,,,
2527,3/16/26 2:30,23.775,,,
2528,3/16/26 2:40,23.785,,,
2529,3/16/26 2:50,23.775,,,
2530,3/16/26 3:00,23.764,,,
2531,3/16/26 3:10,23.743,,,
2532,3/16/26 3:20,23.732,,,
2533,3/16/26 3:30,23.732,,,
2534,3/16/26 3:40,23.732,,,
2535,3/16/26 3:50,23.732,,,
2536,3/16/26 4:00,23.721,,,
2537,3/16/26 4:10,23.753,,,
2538,3/16/26 4:20,23.753,,,
2539,3/16/26 4:30,23.764,,,
2540,3/16/26 4:40,23.785,,,
2541,3/16/26 4:50,23.818,,,
2542,3/16/26 5:00,23.828,,,
2543,3/16/26 5:10,23.828,,,
2544,3/16/26 5:20,23.839,,,
2545,3/16/26 5:30,23.85,,,
2546,3/16/26 5:40,23.85,,,
2547,3/16/26 5:50,23.85,,,
2548,3/16/26 6:00,23.85,,,
2549,3/16/26 6:10,23.839,,,
2550,3/16/26 6:20,23.85,,,
2551,3/16/26 6:30,23.839,,,
2552,3/16/26 6:40,23.85,,,
2553,3/16/26 6:50,23.85,,,
2554,3/16/26 7:00,23.85,,,
2555,3/16/26 7:10,23.85,,,
2556,3/16/26 7:20,23.861,,,
2557,3/16/26 7:30,23.85,,,
2558,3/16/26 7:40,23.839,,,
2559,3/16/26 7:50,23.85,,,
2560,3/16/26 8:00,23.882,,,
2561,3/16/26 8:10,23.914,,,
2562,3/16/26 8:20,23.957,,,
2563,3/16/26 8:30,24,,,
2564,3/16/26 8:40,24.075,,,
2565,3/16/26 8:50,24.107,,,
2566,3/16/26 9:00,24.15,,,
2567,3/16/26 9:10,24.193,,,
2568,3/16/26 9:20,24.279,,,
2569,3/16/26 9:30,24.354,,,
2570,3/16/26 9:40,24.418,,,
2571,3/16/26 9:50,24.461,,,
2572,3/16/26 10:00,24.461,,,
2573,3/16/26 10:10,24.461,,,
2574,3/16/26 10:20,24.461,,,
2575,3/16/26 10:30,24.472,,,
2576,3/16/26 10:40,24.472,,,
2577,3/16/26 10:50,24.45,,,
2578,3/16/26 11:00,24.418,,,
2579,3/16/26 11:10,24.44,,,
2580,3/16/26 11:20,24.429,,,
2581,3/16/26 11:30,24.397,,,
2582,3/16/26 11:40,24.375,,,
2583,3/16/26 11:50,24.386,,,
2584,3/16/26 12:00,24.375,,,
2585,3/16/26 12:10,24.408,,,
2586,3/16/26 12:20,24.408,,,
2587,3/16/26 12:30,24.45,,,
2588,3/16/26 12:40,24.493,,,
2589,3/16/26 12:50,24.536,,,
2590,3/16/26 13:00,24.558,,,
2591,3/16/26 13:10,24.568,,,
2592,3/16/26 13:20,24.568,,,
2593,3/16/26 13:30,24.568,,,
2594,3/16/26 13:40,24.59,,,
2595,3/16/26 13:50,24.601,,,
2596,3/16/26 14:00,24.611,,,
2597,3/16/26 14:10,24.622,,,
2598,3/16/26 14:20,24.654,,,
2599,3/16/26 14:30,24.686,,,
2600,3/16/26 14:40,24.751,,,
2601,3/16/26 14:50,24.751,,,
2602,3/16/26 15:00,24.772,,,
2603,3/16/26 15:10,24.761,,,
2604,3/16/26 15:20,24.751,,,
2605,3/16/26 15:30,24.719,,,
2606,3/16/26 15:40,24.708,,,
2607,3/16/26 15:50,24.654,,,
2608,3/16/26 16:00,24.654,,,
2609,3/16/26 16:10,24.654,,,
2610,3/16/26 16:20,24.601,,,
2611,3/16/26 16:30,24.622,,,
2612,3/16/26 16:40,24.44,,,
2613,3/16/26 16:50,24.568,,,
2614,3/16/26 17:00,25.105,,,
2615,3/16/26 17:10,25.158,,,
2616,3/16/26 17:20,25.126,,,
2617,3/16/26 17:30,25.062,,,
2618,3/16/26 17:40,25.051,,,
2619,3/16/26 17:50,25.03,,,
2620,3/16/26 18:00,25.04,,,
2621,3/16/26 18:10,25.03,,,
2622,3/16/26 18:20,25.019,,,
2623,3/16/26 18:30,24.987,,,
2624,3/16/26 18:40,24.987,,,
2625,3/16/26 18:50,24.955,,,
2626,3/16/26 19:00,24.912,,,
2627,3/16/26 19:10,24.912,,,
2628,3/16/26 19:20,24.858,,,
2629,3/16/26 19:30,24.837,,,
2630,3/16/26 19:40,24.815,,,
2631,3/16/26 19:50,24.74,,,
2632,3/16/26 20:00,24.676,,,
2633,3/16/26 20:10,24.644,,,
2634,3/16/26 20:20,24.568,,,
2635,3/16/26 20:30,24.536,,,
2636,3/16/26 20:40,24.472,,,
2637,3/16/26 20:50,24.44,,,
2638,3/16/26 21:00,24.397,,,
2639,3/16/26 21:10,24.332,,,
2640,3/16/26 21:20,24.3,,,
2641,3/16/26 21:30,24.279,,,
2642,3/16/26 21:40,24.247,,,
2643,3/16/26 21:50,24.214,,,
2644,3/16/26 22:00,24.214,,,
2645,3/16/26 22:10,24.172,,,
2646,3/16/26 22:20,24.161,,,
2647,3/16/26 22:30,24.129,,,
2648,3/16/26 22:40,24.097,,,
2649,3/16/26 22:50,24.075,,,
2650,3/16/26 23:00,24.054,,,
2651,3/16/26 23:10,24.032,,,
2652,3/16/26 23:20,24.021,,,
2653,3/16/26 23:30,24.011,,,
2654,3/16/26 23:40,23.989,,,
2655,3/16/26 23:50,23.968,,,
2656,3/17/26 0:00,23.946,,,
2657,3/17/26 0:10,23.968,,,
2658,3/17/26 0:20,23.936,,,
2659,3/17/26 0:30,23.925,,,
2660,3/17/26 0:40,23.903,,,
2661,3/17/26 0:50,23.914,,,
2662,3/17/26 1:00,23.914,,,
2663,3/17/26 1:10,23.914,,,
2664,3/17/26 1:20,23.893,,,
2665,3/17/26 1:30,23.925,,,
2666,3/17/26 1:40,23.914,,,
2667,3/17/26 1:50,23.914,,,
2668,3/17/26 2:00,23.893,,,
2669,3/17/26 2:10,23.903,,,
2670,3/17/26 2:20,23.903,,,
2671,3/17/26 2:30,23.914,,,
2672,3/17/26 2:40,23.914,,,
2673,3/17/26 2:50,23.914,,,
2674,3/17/26 3:00,23.914,,,
2675,3/17/26 3:10,23.914,,,
2676,3/17/26 3:20,23.914,,,
2677,3/17/26 3:30,23.925,,,
2678,3/17/26 3:40,23.936,,,
2679,3/17/26 3:50,23.903,,,
2680,3/17/26 4:00,23.925,,,
2681,3/17/26 4:10,23.925,,,
2682,3/17/26 4:20,23.882,,,
2683,3/17/26 4:30,23.925,,,
2684,3/17/26 4:40,23.893,,,
2685,3/17/26 4:50,23.914,,,
2686,3/17/26 5:00,23.914,,,
2687,3/17/26 5:10,23.914,,,
2688,3/17/26 5:20,23.882,,,
2689,3/17/26 5:30,23.85,,,
2690,3/17/26 5:40,23.839,,,
2691,3/17/26 5:50,23.775,,,
2692,3/17/26 6:00,23.753,,,
2693,3/17/26 6:10,23.732,,,
2694,3/17/26 6:20,23.732,,,
2695,3/17/26 6:30,23.689,,,
2696,3/17/26 6:40,23.689,,,
2697,3/17/26 6:50,23.7,,,
2698,3/17/26 7:00,23.7,,,
2699,3/17/26 7:10,23.689,,,
2700,3/17/26 7:20,23.668,,,
2701,3/17/26 7:30,23.7,,,
2702,3/17/26 7:40,23.71,,,
2703,3/17/26 7:50,23.71,,,
2704,3/17/26 8:00,23.732,,,
2705,3/17/26 8:10,23.764,,,
2706,3/17/26 8:20,23.775,,,
2707,3/17/26 8:30,23.807,,,
2708,3/17/26 8:40,23.828,,,
2709,3/17/26 8:50,23.882,,,
2710,3/17/26 9:00,23.925,,,
2711,3/17/26 9:10,23.957,,,
2712,3/17/26 9:20,24.043,,,
2713,3/17/26 9:30,24.097,,,
2714,3/17/26 9:40,24.161,,,
2715,3/17/26 9:50,24.214,,,
2716,3/17/26 10:00,24.29,,,
2717,3/17/26 10:10,24.386,,,
2718,3/17/26 10:20,24.526,,,
2719,3/17/26 10:30,24.665,,,
2720,3/17/26 10:40,24.74,,,
2721,3/17/26 10:50,24.804,,,
2722,3/17/26 11:00,24.837,,,
2723,3/17/26 11:10,24.89,,,
2724,3/17/26 11:20,24.901,,,
2725,3/17/26 11:30,24.922,,,
2726,3/17/26 11:40,24.976,,,
2727,3/17/26 11:50,24.997,,,
2728,3/17/26 12:00,25.051,,,
2729,3/17/26 12:10,25.094,,,
2730,3/17/26 12:20,25.105,,,
2731,3/17/26 12:30,25.062,,,
2732,3/17/26 12:40,25.019,,,
2733,3/17/26 12:50,25.008,,,
2734,3/17/26 13:00,24.997,,,
2735,3/17/26 13:10,25.019,,,
2736,3/17/26 13:20,25.008,,,
2737,3/17/26 13:30,24.976,,,
2738,3/17/26 13:40,24.955,,,
2739,3/17/26 13:50,24.901,,,
2740,3/17/26 14:00,24.901,,,
2741,3/17/26 14:10,24.826,,,
2742,3/17/26 14:20,24.804,,,
2743,3/17/26 14:30,24.729,,,
2744,3/17/26 14:40,24.644,,,
2745,3/17/26 14:50,24.568,,,
2746,3/17/26 15:00,24.526,,,
2747,3/17/26 15:10,24.472,,,
2748,3/17/26 15:20,24.408,,,
2749,3/17/26 15:30,24.386,,,
2750,3/17/26 15:40,24.375,,,
2751,3/17/26 15:50,24.365,,,
2752,3/17/26 16:00,24.408,,,
2753,3/17/26 16:10,24.44,,,
2754,3/17/26 16:20,24.504,,,
2755,3/17/26 16:30,24.515,,,
2756,3/17/26 16:40,24.536,,,
2757,3/17/26 16:50,24.547,,,
2758,3/17/26 17:00,24.526,,,
2759,3/17/26 17:10,24.504,,,
2760,3/17/26 17:20,24.472,,,
2761,3/17/26 17:30,24.429,,,
2762,3/17/26 17:40,24.397,,,
2763,3/17/26 17:50,24.343,,,
2764,3/17/26 18:00,24.311,,,
2765,3/17/26 18:10,24.279,,,
2766,3/17/26 18:20,24.204,,,
2767,3/17/26 18:30,24.193,,,
2768,3/17/26 18:40,24.107,,,
2769,3/17/26 18:50,24.075,,,
2770,3/17/26 19:00,24.011,,,
2771,3/17/26 19:10,23.979,,,
2772,3/17/26 19:20,23.946,,,
2773,3/17/26 19:30,23.903,,,
2774,3/17/26 19:40,23.871,,,
2775,3/17/26 19:50,23.828,,,
2776,3/17/26 20:00,23.807,,,
2777,3/17/26 20:10,23.796,,,
2778,3/17/26 20:20,23.775,,,
2779,3/17/26 20:30,23.764,,,
2780,3/17/26 20:40,23.732,,,
2781,3/17/26 20:50,23.743,,,
2782,3/17/26 21:00,23.732,,,
2783,3/17/26 21:10,23.71,,,
2784,3/17/26 21:20,23.71,,,
2785,3/17/26 21:30,23.71,,,
2786,3/17/26 21:40,23.668,,,
2787,3/17/26 21:50,23.635,,,
2788,3/17/26 22:00,23.625,,,
2789,3/17/26 22:10,23.625,,,
2790,3/17/26 22:20,23.614,,,
2791,3/17/26 22:30,23.614,,,
2792,3/17/26 22:40,23.614,,,
2793,3/17/26 22:50,23.603,,,
2794,3/17/26 23:00,23.603,,,
2795,3/17/26 23:10,23.614,,,
2796,3/17/26 23:20,23.603,,,
2797,3/17/26 23:30,23.592,,,
2798,3/17/26 23:40,23.582,,,
2799,3/17/26 23:50,23.582,,,
2800,3/18/26 0:00,23.592,,,
2801,3/18/26 0:10,23.582,,,
2802,3/18/26 0:20,23.571,,,
2803,3/18/26 0:30,23.592,,,
2804,3/18/26 0:40,23.592,,,
2805,3/18/26 0:50,23.56,,,
2806,3/18/26 1:00,23.56,,,
2807,3/18/26 1:10,23.55,,,
2808,3/18/26 1:20,23.539,,,
2809,3/18/26 1:30,23.485,,,
2810,3/18/26 1:40,23.485,,,
2811,3/18/26 1:50,23.464,,,
2812,3/18/26 2:00,23.464,,,
2813,3/18/26 2:10,23.442,,,
2814,3/18/26 2:20,23.432,,,
2815,3/18/26 2:30,23.442,,,
2816,3/18/26 2:40,23.41,,,
2817,3/18/26 2:50,23.389,,,
2818,3/18/26 3:00,23.367,,,
2819,3/18/26 3:10,23.367,,,
2820,3/18/26 3:20,23.356,,,
2821,3/18/26 3:30,23.356,,,
2822,3/18/26 3:40,23.324,,,
2823,3/18/26 3:50,23.324,,,
2824,3/18/26 4:00,23.281,,,
2825,3/18/26 4:10,23.271,,,
2826,3/18/26 4:20,23.239,,,
2827,3/18/26 4:30,23.239,,,
2828,3/18/26 4:40,23.228,,,
2829,3/18/26 4:50,23.249,,,
2830,3/18/26 5:00,23.271,,,
2831,3/18/26 5:10,23.271,,,
2832,3/18/26 5:20,23.292,,,
2833,3/18/26 5:30,23.281,,,
2834,3/18/26 5:40,23.281,,,
2835,3/18/26 5:50,23.314,,,
2836,3/18/26 6:00,23.335,,,
2837,3/18/26 6:10,23.335,,,
2838,3/18/26 6:20,23.356,,,
2839,3/18/26 6:30,23.356,,,
2840,3/18/26 6:40,23.356,,,
2841,3/18/26 6:50,23.367,,,
2842,3/18/26 7:00,23.378,,,
2843,3/18/26 7:10,23.378,,,
2844,3/18/26 7:20,23.399,,,
2845,3/18/26 7:30,23.442,,,
2846,3/18/26 7:40,23.485,,,
2847,3/18/26 7:50,23.517,,,
2848,3/18/26 8:00,23.55,,,
2849,3/18/26 8:10,23.614,,,
2850,3/18/26 8:20,23.657,,,
2851,3/18/26 8:30,23.7,,,
2852,3/18/26 8:40,23.753,,,
2853,3/18/26 8:50,23.807,,,
2854,3/18/26 9:00,24,,,
2855,3/18/26 9:10,24.161,,,
2856,3/18/26 9:20,24.268,,,
2857,3/18/26 9:30,24.472,,,
2858,3/18/26 9:40,24.654,,,
2859,3/18/26 9:50,24.719,,,
2860,3/18/26 10:00,24.815,,,
2861,3/18/26 10:10,24.847,,,
2862,3/18/26 10:20,24.869,,,
2863,3/18/26 10:30,24.901,,,
2864,3/18/26 10:40,24.944,,,
2865,3/18/26 10:50,25.287,,,
2866,3/18/26 11:00,25.619,,,
2867,3/18/26 11:10,25.716,,,
2868,3/18/26 11:20,25.877,,,
2869,3/18/26 11:30,26.274,,,
2870,3/18/26 11:40,26.306,,,
2871,3/18/26 11:50,26.52,,,
2872,3/18/26 12:00,26.789,,,
2873,3/18/26 12:10,26.982,,,
2874,3/18/26 12:20,27.089,,,
2875,3/18/26 12:30,27.153,,,
2876,3/18/26 12:40,27.11,,,
2877,3/18/26 12:50,27.357,,,
2878,3/18/26 13:00,27.25,,,
2879,3/18/26 13:10,27.089,,,
2880,3/18/26 13:20,26.982,,,
2881,3/18/26 13:30,26.874,,,
2882,3/18/26 13:40,26.81,,,
2883,3/18/26 13:50,27.057,,,
2884,3/18/26 14:00,26.906,,,
2885,3/18/26 14:10,26.756,,,
2886,3/18/26 14:20,26.724,,,
2887,3/18/26 14:30,26.628,,,
2888,3/18/26 14:40,26.531,,,
2889,3/18/26 14:50,26.445,,,
2890,3/18/26 15:00,26.295,,,
2891,3/18/26 15:10,26.209,,,
2892,3/18/26 15:20,26.102,,,
2893,3/18/26 15:30,25.995,,,
2894,3/18/26 15:40,25.931,,,
2895,3/18/26 15:50,25.813,,,
2896,3/18/26 16:00,25.77,,,
2897,3/18/26 16:10,25.737,,,
2898,3/18/26 16:20,25.63,,,
2899,3/18/26 16:30,25.555,,,
2900,3/18/26 16:40,25.48,,,
2901,3/18/26 16:50,25.394,,,
2902,3/18/26 17:00,25.319,,,
2903,3/18/26 17:10,25.233,,,
2904,3/18/26 17:20,25.18,,,
2905,3/18/26 17:30,25.169,,,
2906,3/18/26 17:40,25.148,,,
2907,3/18/26 17:50,25.158,,,
2908,3/18/26 18:00,25.126,,,
2909,3/18/26 18:10,25.083,,,
2910,3/18/26 18:20,25.051,,,
2911,3/18/26 18:30,24.976,,,
2912,3/18/26 18:40,24.933,,,
2913,3/18/26 18:50,24.901,,,
2914,3/18/26 19:00,24.847,,,
2915,3/18/26 19:10,24.815,,,
2916,3/18/26 19:20,24.729,,,
2917,3/18/26 19:30,24.719,,,
2918,3/18/26 19:40,24.665,,,
2919,3/18/26 19:50,24.644,,,
2920,3/18/26 20:00,24.558,,,
2921,3/18/26 20:10,24.526,,,
2922,3/18/26 20:20,24.472,,,
2923,3/18/26 20:30,24.44,,,
2924,3/18/26 20:40,24.418,,,
2925,3/18/26 20:50,24.408,,,
2926,3/18/26 21:00,24.375,,,
2927,3/18/26 21:10,24.343,,,
2928,3/18/26 21:20,24.332,,,
2929,3/18/26 21:30,24.311,,,
2930,3/18/26 21:40,24.3,,,
2931,3/18/26 21:50,24.279,,,
2932,3/18/26 22:00,24.268,,,
2933,3/18/26 22:10,24.257,,,
2934,3/18/26 22:20,24.247,,,
2935,3/18/26 22:30,24.214,,,
2936,3/18/26 22:40,24.193,,,
2937,3/18/26 22:50,24.15,,,
2938,3/18/26 23:00,24.129,,,
2939,3/18/26 23:10,24.097,,,
2940,3/18/26 23:20,24.064,,,
2941,3/18/26 23:30,24.054,,,
2942,3/18/26 23:40,24.011,,,
2943,3/18/26 23:50,23.979,,,
2944,3/19/26 0:00,23.968,,,
2945,3/19/26 0:10,23.957,,,
2946,3/19/26 0:20,23.925,,,
2947,3/19/26 0:30,23.903,,,
2948,3/19/26 0:40,23.893,,,
2949,3/19/26 0:50,23.861,,,
2950,3/19/26 1:00,23.861,,,
2951,3/19/26 1:10,23.839,,,
2952,3/19/26 1:20,23.818,,,
2953,3/19/26 1:30,23.785,,,
2954,3/19/26 1:40,23.796,,,
2955,3/19/26 1:50,23.764,,,
2956,3/19/26 2:00,23.753,,,
2957,3/19/26 2:10,23.764,,,
2958,3/19/26 2:20,23.753,,,
2959,3/19/26 2:30,23.753,,,
2960,3/19/26 2:40,23.764,,,
2961,3/19/26 2:50,23.753,,,
2962,3/19/26 3:00,23.753,,,
2963,3/19/26 3:10,23.743,,,
2964,3/19/26 3:20,23.732,,,
2965,3/19/26 3:30,23.743,,,
2966,3/19/26 3:40,23.732,,,
2967,3/19/26 3:50,23.721,,,
2968,3/19/26 4:00,23.732,,,
2969,3/19/26 4:10,23.743,,,
2970,3/19/26 4:20,23.732,,,
2971,3/19/26 4:30,23.732,,,
2972,3/19/26 4:40,23.743,,,
2973,3/19/26 4:50,23.743,,,
2974,3/19/26 5:00,23.753,,,
2975,3/19/26 5:10,23.753,,,
2976,3/19/26 5:20,23.775,,,
2977,3/19/26 5:30,23.775,,,
2978,3/19/26 5:40,23.775,,,
2979,3/19/26 5:50,23.807,,,
2980,3/19/26 6:00,23.796,,,
2981,3/19/26 6:10,23.785,,,
2982,3/19/26 6:20,23.807,,,
2983,3/19/26 6:30,23.818,,,
2984,3/19/26 6:40,23.807,,,
2985,3/19/26 6:50,23.828,,,
2986,3/19/26 7:00,23.828,,,
2987,3/19/26 7:10,23.871,,,
2988,3/19/26 7:20,23.861,,,
2989,3/19/26 7:30,23.893,,,
2990,3/19/26 7:40,23.914,,,
2991,3/19/26 7:50,23.914,,,
2992,3/19/26 8:00,23.957,,,
2993,3/19/26 8:10,23.968,,,
2994,3/19/26 8:20,23.979,,,
2995,3/19/26 8:30,23.989,,,
2996,3/19/26 8:40,24.043,,,
2997,3/19/26 8:50,24.086,,,
2998,3/19/26 9:00,24.129,,,
2999,3/19/26 9:10,24.129,,,
3000,3/19/26 9:20,24.225,,,
3001,3/19/26 9:30,24.29,,,
3002,3/19/26 9:40,24.375,,,
3003,3/19/26 9:50,24.461,,,
3004,3/19/26 10:00,24.472,,,
3005,3/19/26 10:10,24.504,,,
3006,3/19/26 10:20,24.568,,,
3007,3/19/26 10:30,24.633,,,
3008,3/19/26 10:40,24.729,,,
3009,3/19/26 10:50,24.815,,,
3010,3/19/26 11:00,24.837,,,
3011,3/19/26 11:10,24.869,,,
3012,3/19/26 11:20,24.901,,,
3013,3/19/26 11:30,24.944,,,
3014,3/19/26 11:40,24.933,,,
3015,3/19/26 11:50,24.955,,,
3016,3/19/26 12:00,25.051,,,
3017,3/19/26 12:10,25.051,,,
3018,3/19/26 12:20,25.04,,,
3019,3/19/26 12:30,25.062,,,
3020,3/19/26 12:40,25.126,,,
3021,3/19/26 12:50,25.126,,,
3022,3/19/26 13:00,25.115,,,
3023,3/19/26 13:10,25.212,,,
3024,3/19/26 13:20,25.266,,,
3025,3/19/26 13:30,25.18,,,
3026,3/19/26 13:40,25.137,,,
3027,3/19/26 13:50,25.083,,,
3028,3/19/26 14:00,25.03,,,
3029,3/19/26 14:10,24.976,,,
3030,3/19/26 14:20,24.976,,,
3031,3/19/26 14:30,24.997,,,
3032,3/19/26 14:40,25.04,,,
3033,3/19/26 14:50,25.073,,,
3034,3/19/26 15:00,25.126,,,
3035,3/19/26 15:10,25.137,,,
3036,3/19/26 15:20,25.158,,,
3037,3/19/26 15:30,25.115,,,
3038,3/19/26 15:40,25.083,,,
3039,3/19/26 15:50,25.051,,,
3040,3/19/26 16:00,25.019,,,
3041,3/19/26 16:10,24.976,,,
3042,3/19/26 16:20,24.922,,,
3043,3/19/26 16:30,24.847,,,
3044,3/19/26 16:40,24.783,,,
3045,3/19/26 16:50,24.708,,,
3046,3/19/26 17:00,24.654,,,
3047,3/19/26 17:10,24.611,,,
3048,3/19/26 17:20,24.526,,,
3049,3/19/26 17:30,24.504,,,
3050,3/19/26 17:40,24.45,,,
3051,3/19/26 17:50,24.44,,,
3052,3/19/26 18:00,24.418,,,
3053,3/19/26 18:10,24.386,,,
3054,3/19/26 18:20,24.3,,,
3055,3/19/26 18:30,24.257,,,
3056,3/19/26 18:40,24.236,,,
3057,3/19/26 18:50,24.214,,,
3058,3/19/26 19:00,24.172,,,
3059,3/19/26 19:10,24.15,,,
3060,3/19/26 19:20,24.129,,,
3061,3/19/26 19:30,24.107,,,
3062,3/19/26 19:40,24.097,,,
3063,3/19/26 19:50,24.075,,,
3064,3/19/26 20:00,24.075,,,
3065,3/19/26 20:10,24.075,,,
3066,3/19/26 20:20,24.075,,,
3067,3/19/26 20:30,24.043,,,
3068,3/19/26 20:40,24.064,,,
3069,3/19/26 20:50,24.054,,,
3070,3/19/26 21:00,24.021,,,
3071,3/19/26 21:10,24,,,
3072,3/19/26 21:20,24.011,,,
3073,3/19/26 21:30,23.989,,,
3074,3/19/26 21:40,23.989,,,
3075,3/19/26 21:50,23.989,,,
3076,3/19/26 22:00,23.957,,,
3077,3/19/26 22:10,23.957,,,
3078,3/19/26 22:20,23.946,,,
3079,3/19/26 22:30,23.957,,,
3080,3/19/26 22:40,23.957,,,
3081,3/19/26 22:50,23.946,,,
3082,3/19/26 23:00,23.936,,,
3083,3/19/26 23:10,23.957,,,
3084,3/19/26 23:20,23.957,,,
3085,3/19/26 23:30,23.957,,,
3086,3/19/26 23:40,23.936,,,
3087,3/19/26 23:50,23.957,,,
3088,3/20/26 0:00,23.957,,,
3089,3/20/26 0:10,23.957,,,
3090,3/20/26 0:20,23.914,,,
3091,3/20/26 0:30,23.914,,,
3092,3/20/26 0:40,23.882,,,
3093,3/20/26 0:50,23.861,,,
3094,3/20/26 1:00,23.85,,,
3095,3/20/26 1:10,23.818,,,
3096,3/20/26 1:20,23.818,,,
3097,3/20/26 1:30,23.796,,,
3098,3/20/26 1:40,23.796,,,
3099,3/20/26 1:50,23.807,,,
3100,3/20/26 2:00,23.807,,,
3101,3/20/26 2:10,23.807,,,
3102,3/20/26 2:20,23.807,,,
3103,3/20/26 2:30,23.818,,,
3104,3/20/26 2:40,23.818,,,
3105,3/20/26 2:50,23.796,,,
3106,3/20/26 3:00,23.785,,,
3107,3/20/26 3:10,23.764,,,
3108,3/20/26 3:20,23.732,,,
3109,3/20/26 3:30,23.71,,,
3110,3/20/26 3:40,23.689,,,
3111,3/20/26 3:50,23.657,,,
3112,3/20/26 4:00,23.625,,,
3113,3/20/26 4:10,23.646,,,
3114,3/20/26 4:20,23.635,,,
3115,3/20/26 4:30,23.614,,,
3116,3/20/26 4:40,23.592,,,
3117,3/20/26 4:50,23.592,,,
3118,3/20/26 5:00,23.592,,,
3119,3/20/26 5:10,23.582,,,
3120,3/20/26 5:20,23.592,,,
3121,3/20/26 5:30,23.582,,,
3122,3/20/26 5:40,23.635,,,
3123,3/20/26 5:50,23.635,,,
3124,3/20/26 6:00,23.646,,,
3125,3/20/26 6:10,23.668,,,
3126,3/20/26 6:20,23.668,,,
3127,3/20/26 6:30,23.721,,,
3128,3/20/26 6:40,23.732,,,
3129,3/20/26 6:50,23.743,,,
3130,3/20/26 7:00,23.753,,,
3131,3/20/26 7:10,23.764,,,
3132,3/20/26 7:20,23.796,,,
3133,3/20/26 7:30,23.828,,,
3134,3/20/26 7:40,23.85,,,
3135,3/20/26 7:50,23.882,,,
3136,3/20/26 8:00,23.936,,,
3137,3/20/26 8:10,23.989,,,
3138,3/20/26 8:20,24.097,,,
3139,3/20/26 8:30,24.129,,,
3140,3/20/26 8:40,24.172,,,
3141,3/20/26 8:50,24.172,,,
3142,3/20/26 9:00,24.193,,,
3143,3/20/26 9:10,24.214,,,
3144,3/20/26 9:20,24.343,,,
3145,3/20/26 9:30,24.397,,,
3146,3/20/26 9:40,24.418,,,
3147,3/20/26 9:50,24.44,,,
3148,3/20/26 10:00,24.45,,,
3149,3/20/26 10:10,24.408,,,
3150,3/20/26 10:20,24.354,,,
3151,3/20/26 10:30,24.322,,,
3152,3/20/26 10:40,24.365,,,
3153,3/20/26 10:50,24.44,,,
3154,3/20/26 11:00,24.515,,,
3155,3/20/26 11:10,24.547,,,
3156,3/20/26 11:20,24.59,,,
3157,3/20/26 11:30,24.633,,,
3158,3/20/26 11:40,24.654,,,
3159,3/20/26 11:50,24.686,,,
3160,3/20/26 12:00,24.729,,,
3161,3/20/26 12:10,24.772,,,
3162,3/20/26 12:20,24.901,,,
3163,3/20/26 12:30,24.965,,,
3164,3/20/26 12:40,25.083,,,
3165,3/20/26 12:50,25.083,,,
3166,3/20/26 13:00,25.115,,,
3167,3/20/26 13:10,25.351,,,
3168,3/20/26 13:20,25.373,,,
3169,3/20/26 13:30,25.384,,,
3170,3/20/26 13:40,25.523,,,
3171,3/20/26 13:50,25.641,,,
3172,3/20/26 14:00,25.78,,,
3173,3/20/26 14:10,25.941,,,
3174,3/20/26 14:20,26.048,,,
3175,3/20/26 14:30,26.199,,,
3176,3/20/26 14:40,26.36,,,
3177,3/20/26 14:50,26.456,,,
3178,3/20/26 15:00,26.563,,,
3179,3/20/26 15:10,26.713,,,
3180,3/20/26 15:20,26.864,,,
3181,3/20/26 15:30,26.992,,,
3182,3/20/26 15:40,27.046,,,
3183,3/20/26 15:50,27.1,,,
3184,3/20/26 16:00,27.057,,,
3185,3/20/26 16:10,27.024,,,
3186,3/20/26 16:20,27.014,,,
3187,3/20/26 16:30,26.928,,,
3188,3/20/26 16:40,26.864,,,
3189,3/20/26 16:50,26.767,,,
3190,3/20/26 17:00,26.66,,,
3191,3/20/26 17:10,26.531,,,
3192,3/20/26 17:20,26.402,,,
3193,3/20/26 17:30,26.284,,,
3194,3/20/26 17:40,26.177,,,
3195,3/20/26 17:50,26.081,,,
3196,3/20/26 18:00,26.027,,,
3197,3/20/26 18:10,25.973,,,
3198,3/20/26 18:20,25.855,,,
3199,3/20/26 18:30,25.748,,,
3200,3/20/26 18:40,25.652,,,
3201,3/20/26 18:50,25.544,,,
3202,3/20/26 19:00,25.437,,,
3203,3/20/26 19:10,25.276,,,
3204,3/20/26 19:20,25.18,,,
3205,3/20/26 19:30,25.115,,,
3206,3/20/26 19:40,25.051,,,
3207,3/20/26 19:50,24.997,,,
3208,3/20/26 20:00,24.965,,,
3209,3/20/26 20:10,24.912,,,
3210,3/20/26 20:20,24.847,,,
3211,3/20/26 20:30,24.804,,,
3212,3/20/26 20:40,24.74,,,
3213,3/20/26 20:50,24.665,,,
3214,3/20/26 21:00,24.536,,,
3215,3/20/26 21:10,24.429,,,
3216,3/20/26 21:20,24.311,,,
3217,3/20/26 21:30,24.29,,,
3218,3/20/26 21:40,24.236,,,
3219,3/20/26 21:50,24.172,,,
3220,3/20/26 22:00,24.193,,,
3221,3/20/26 22:10,24.172,,,
3222,3/20/26 22:20,24.139,,,
3223,3/20/26 22:30,24.097,,,
3224,3/20/26 22:40,24.118,,,
3225,3/20/26 22:50,24.097,,,
3226,3/20/26 23:00,24.107,,,
3227,3/20/26 23:10,24.107,,,
3228,3/20/26 23:20,24.097,,,
3229,3/20/26 23:30,24.097,,,
3230,3/20/26 23:40,24.097,,,
3231,3/20/26 23:50,24.075,,,
3232,3/21/26 0:00,24.086,,,
3233,3/21/26 0:10,24.064,,,
3234,3/21/26 0:20,24.054,,,
3235,3/21/26 0:30,24.043,,,
3236,3/21/26 0:40,24.064,,,
3237,3/21/26 0:50,24.043,,,
3238,3/21/26 1:00,24.054,,,
3239,3/21/26 1:10,24.043,,,
3240,3/21/26 1:20,24.021,,,
3241,3/21/26 1:30,24.043,,,
3242,3/21/26 1:40,24.011,,,
3243,3/21/26 1:50,24,,,
3244,3/21/26 2:00,23.989,,,
3245,3/21/26 2:10,23.968,,,
3246,3/21/26 2:20,23.979,,,
3247,3/21/26 2:30,23.968,,,
3248,3/21/26 2:40,23.957,,,
3249,3/21/26 2:50,23.968,,,
3250,3/21/26 3:00,23.957,,,
3251,3/21/26 3:10,23.979,,,
3252,3/21/26 3:20,23.957,,,
3253,3/21/26 3:30,23.979,,,
3254,3/21/26 3:40,23.946,,,
3255,3/21/26 3:50,23.936,,,
3256,3/21/26 4:00,23.957,,,
3257,3/21/26 4:10,23.936,,,
3258,3/21/26 4:20,23.914,,,
3259,3/21/26 4:30,23.871,,,
3260,3/21/26 4:40,23.818,,,
3261,3/21/26 4:50,23.796,,,
3262,3/21/26 5:00,23.775,,,
3263,3/21/26 5:10,23.753,,,
3264,3/21/26 5:20,23.753,,,
3265,3/21/26 5:30,23.753,,,
3266,3/21/26 5:40,23.732,,,
3267,3/21/26 5:50,23.71,,,
3268,3/21/26 6:00,23.71,,,
3269,3/21/26 6:10,23.689,,,
3270,3/21/26 6:20,23.678,,,
3271,3/21/26 6:30,23.646,,,
3272,3/21/26 6:40,23.668,,,
3273,3/21/26 6:50,23.635,,,
3274,3/21/26 7:00,23.614,,,
3275,3/21/26 7:10,23.592,,,
3276,3/21/26 7:20,23.55,,,
3277,3/21/26 7:30,23.528,,,
3278,3/21/26 7:40,23.517,,,
3279,3/21/26 7:50,23.485,,,
3280,3/21/26 8:00,23.453,,,
3281,3/21/26 8:10,23.485,,,
3282,3/21/26 8:20,23.453,,,
3283,3/21/26 8:30,23.474,,,
3284,3/21/26 8:40,23.539,,,
3285,3/21/26 8:50,23.592,,,
3286,3/21/26 9:00,23.7,,,
3287,3/21/26 9:10,23.871,,,
3288,3/21/26 9:20,24.064,,,
3289,3/21/26 9:30,24.3,,,
3290,3/21/26 9:40,24.536,,,
3291,3/21/26 9:50,24.719,,,
3292,3/21/26 10:00,24.837,,,
3293,3/21/26 10:10,24.912,,,
3294,3/21/26 10:20,24.997,,,
3295,3/21/26 10:30,25.051,,,
3296,3/21/26 10:40,25.051,,,
3297,3/21/26 10:50,25.073,,,
3298,3/21/26 11:00,25.062,,,
3299,3/21/26 11:10,25.137,,,
3300,3/21/26 11:20,25.212,,,
3301,3/21/26 11:30,25.308,,,
3302,3/21/26 11:40,25.373,,,
3303,3/21/26 11:50,25.469,,,
3304,3/21/26 12:00,25.555,,,
3305,3/21/26 12:10,25.641,,,
3306,3/21/26 12:20,25.92,,,
3307,3/21/26 12:30,26.209,,,
3308,3/21/26 12:40,26.542,,,
3309,3/21/26 12:50,26.574,,,
3310,3/21/26 13:00,26.692,,,
3311,3/21/26 13:10,26.724,,,
3312,3/21/26 13:20,26.767,,,
3313,3/21/26 13:30,26.885,,,
3314,3/21/26 13:40,26.939,,,
3315,3/21/26 13:50,26.939,,,
3316,3/21/26 14:00,27.185,,,
3317,3/21/26 14:10,27.239,,,
3318,3/21/26 14:20,27.26,,,
3319,3/21/26 14:30,27.271,,,
3320,3/21/26 14:40,27.207,,,
3321,3/21/26 14:50,27.164,,,
3322,3/21/26 15:00,27.1,,,
3323,3/21/26 15:10,27.078,,,
3324,3/21/26 15:20,27.057,,,
3325,3/21/26 15:30,26.992,,,
3326,3/21/26 15:40,26.928,,,
3327,3/21/26 15:50,26.864,,,
3328,3/21/26 16:00,26.81,,,
3329,3/21/26 16:10,26.724,,,
3330,3/21/26 16:20,26.735,,,
3331,3/21/26 16:30,26.724,,,
3332,3/21/26 16:40,26.713,,,
3333,3/21/26 16:50,26.66,,,
3334,3/21/26 17:00,26.585,,,
3335,3/21/26 17:10,26.51,,,
3336,3/21/26 17:20,26.435,,,
3337,3/21/26 17:30,26.381,,,
3338,3/21/26 17:40,26.338,,,
3339,3/21/26 17:50,26.284,,,
3340,3/21/26 18:00,26.22,,,
3341,3/21/26 18:10,26.177,,,
3342,3/21/26 18:20,26.059,,,
3343,3/21/26 18:30,25.973,,,
3344,3/21/26 18:40,25.845,,,
3345,3/21/26 18:50,25.759,,,
3346,3/21/26 19:00,25.684,,,
3347,3/21/26 19:10,25.598,,,
3348,3/21/26 19:20,25.523,,,
3349,3/21/26 19:30,25.448,,,
3350,3/21/26 19:40,25.384,,,
3351,3/21/26 19:50,25.33,,,
3352,3/21/26 20:00,25.266,,,
3353,3/21/26 20:10,25.212,,,
3354,3/21/26 20:20,25.137,,,
3355,3/21/26 20:30,25.105,,,
3356,3/21/26 20:40,25.051,,,
3357,3/21/26 20:50,25.019,,,
3358,3/21/26 21:00,24.987,,,
3359,3/21/26 21:10,24.922,,,
3360,3/21/26 21:20,24.912,,,
3361,3/21/26 21:30,24.869,,,
3362,3/21/26 21:40,24.858,,,
3363,3/21/26 21:50,24.847,,,
3364,3/21/26 22:00,24.794,,,
3365,3/21/26 22:10,24.794,,,
3366,3/21/26 22:20,24.74,,,
3367,3/21/26 22:30,24.74,,,
3368,3/21/26 22:40,24.708,,,
3369,3/21/26 22:50,24.686,,,
3370,3/21/26 23:00,24.676,,,
3371,3/21/26 23:10,24.644,,,
3372,3/21/26 23:20,24.633,,,
3373,3/21/26 23:30,24.611,,,
3374,3/21/26 23:40,24.601,,,
3375,3/21/26 23:50,24.59,,,
3376,3/22/26 0:00,24.568,,,
3377,3/22/26 0:10,24.558,,,
3378,3/22/26 0:20,24.536,,,
3379,3/22/26 0:30,24.515,,,
3380,3/22/26 0:40,24.504,,,
3381,3/22/26 0:50,24.493,,,
3382,3/22/26 1:00,24.461,,,
3383,3/22/26 1:10,24.45,,,
3384,3/22/26 1:20,24.429,,,
3385,3/22/26 1:30,24.418,,,
3386,3/22/26 1:40,24.408,,,
3387,3/22/26 1:50,24.386,,,
3388,3/22/26 2:00,24.343,,,
3389,3/22/26 2:10,24.343,,,
3390,3/22/26 2:20,24.332,,,
3391,3/22/26 2:30,24.3,,,
3392,3/22/26 2:40,24.268,,,
3393,3/22/26 2:50,24.257,,,
3394,3/22/26 3:00,24.268,,,
3395,3/22/26 3:10,24.225,,,
3396,3/22/26 3:20,24.214,,,
3397,3/22/26 3:30,24.225,,,
3398,3/22/26 3:40,24.214,,,
3399,3/22/26 3:50,24.214,,,
3400,3/22/26 4:00,24.214,,,
3401,3/22/26 4:10,24.214,,,
3402,3/22/26 4:20,24.225,,,
3403,3/22/26 4:30,24.225,,,
3404,3/22/26 4:40,24.214,,,
3405,3/22/26 4:50,24.214,,,
3406,3/22/26 5:00,24.247,,,
3407,3/22/26 5:10,24.225,,,
3408,3/22/26 5:20,24.236,,,
3409,3/22/26 5:30,24.236,,,
3410,3/22/26 5:40,24.236,,,
3411,3/22/26 5:50,24.247,,,
3412,3/22/26 6:00,24.247,,,
3413,3/22/26 6:10,24.257,,,
3414,3/22/26 6:20,24.236,,,
3415,3/22/26 6:30,24.214,,,
3416,3/22/26 6:40,24.193,,,
3417,3/22/26 6:50,24.214,,,
3418,3/22/26 7:00,24.214,,,
3419,3/22/26 7:10,24.204,,,
3420,3/22/26 7:20,24.214,,,
3421,3/22/26 7:30,24.214,,,
3422,3/22/26 7:40,24.247,,,
3423,3/22/26 7:50,24.29,,,
3424,3/22/26 8:00,24.322,,,
3425,3/22/26 8:10,24.354,,,
3426,3/22/26 8:20,24.397,,,
3427,3/22/26 8:30,24.418,,,
3428,3/22/26 8:40,24.472,,,
3429,3/22/26 8:50,24.461,,,
3430,3/22/26 9:00,24.483,,,
3431,3/22/26 9:10,24.483,,,
3432,3/22/26 9:20,24.515,,,
3433,3/22/26 9:30,24.579,,,
3434,3/22/26 9:40,24.633,,,
3435,3/22/26 9:50,24.719,,,
3436,3/22/26 10:00,24.815,,,
3437,3/22/26 10:10,24.879,,,
3438,3/22/26 10:20,24.955,,,
3439,3/22/26 10:30,25.04,,,
3440,3/22/26 10:40,25.233,,,
3441,3/22/26 10:50,25.319,,,
3442,3/22/26 11:00,25.555,,,
3443,3/22/26 11:10,25.802,,,
3444,3/22/26 11:20,25.898,,,
3445,3/22/26 11:30,26.059,,,
3446,3/22/26 11:40,26.016,,,
3447,3/22/26 11:50,25.973,,,
3448,3/22/26 12:00,25.866,,,
3449,3/22/26 12:10,25.737,,,
3450,3/22/26 12:20,25.673,,,
3451,3/22/26 12:30,25.695,,,
3452,3/22/26 12:40,25.759,,,
3453,3/22/26 12:50,25.92,,,
3454,3/22/26 13:00,26.006,,,
3455,3/22/26 13:10,26.059,,,
3456,3/22/26 13:20,25.973,,,
3457,3/22/26 13:30,25.823,,,
3458,3/22/26 13:40,25.716,,,
3459,3/22/26 13:50,25.63,,,
3460,3/22/26 14:00,25.555,,,
3461,3/22/26 14:10,25.544,,,
3462,3/22/26 14:20,25.534,,,
3463,3/22/26 14:30,25.566,,,
3464,3/22/26 14:40,25.609,,,
3465,3/22/26 14:50,25.587,,,
3466,3/22/26 15:00,25.63,,,
3467,3/22/26 15:10,25.716,,,
3468,3/22/26 15:20,25.877,,,
3469,3/22/26 15:30,25.984,,,
3470,3/22/26 15:40,25.748,,,
3471,3/22/26 15:50,26.059,,,
3472,3/22/26 16:00,26.263,,,
3473,3/22/26 16:10,26.317,,,
3474,3/22/26 16:20,26.349,,,
3475,3/22/26 16:30,26.284,,,
3476,3/22/26 16:40,26.209,,,
3477,3/22/26 16:50,26.156,,,
3478,3/22/26 17:00,26.102,,,
3479,3/22/26 17:10,26.059,,,
3480,3/22/26 17:20,26.027,,,
3481,3/22/26 17:30,26.006,,,
3482,3/22/26 17:40,25.973,,,
3483,3/22/26 17:50,25.963,,,
3484,3/22/26 18:00,25.877,,,
3485,3/22/26 18:10,25.802,,,
3486,3/22/26 18:20,25.716,,,
3487,3/22/26 18:30,25.641,,,
3488,3/22/26 18:40,25.555,,,
3489,3/22/26 18:50,25.491,,,
3490,3/22/26 19:00,25.416,,,
3491,3/22/26 19:10,25.319,,,
3492,3/22/26 19:20,25.255,,,
3493,3/22/26 19:30,25.18,,,
3494,3/22/26 19:40,25.126,,,
3495,3/22/26 19:50,25.051,,,
3496,3/22/26 20:00,24.987,,,
3497,3/22/26 20:10,24.955,,,
3498,3/22/26 20:20,24.901,,,
3499,3/22/26 20:30,24.869,,,
3500,3/22/26 20:40,24.815,,,
3501,3/22/26 20:50,24.783,,,
3502,3/22/26 21:00,24.719,,,
3503,3/22/26 21:10,24.697,,,
3504,3/22/26 21:20,24.676,,,
3505,3/22/26 21:30,24.622,,,
3506,3/22/26 21:40,24.59,,,
3507,3/22/26 21:50,24.568,,,
3508,3/22/26 22:00,24.515,,,
3509,3/22/26 22:10,24.515,,,
3510,3/22/26 22:20,24.493,,,
3511,3/22/26 22:30,24.461,,,
3512,3/22/26 22:40,24.418,,,
3513,3/22/26 22:50,24.375,,,
3514,3/22/26 23:00,24.343,,,
3515,3/22/26 23:10,24.279,,,
3516,3/22/26 23:20,24.236,,,
3517,3/22/26 23:30,24.225,,,
3518,3/22/26 23:40,24.204,,,
3519,3/22/26 23:50,24.193,,,
3520,3/23/26 0:00,24.172,,,
3521,3/23/26 0:10,24.15,,,
3522,3/23/26 0:20,24.139,,,
3523,3/23/26 0:30,24.097,,,
3524,3/23/26 0:40,24.054,,,
3525,3/23/26 0:50,24.043,,,
3526,3/23/26 1:00,24.021,,,
3527,3/23/26 1:10,24,,,
3528,3/23/26 1:20,23.979,,,
3529,3/23/26 1:30,23.968,,,
3530,3/23/26 1:40,23.957,,,
3531,3/23/26 1:50,23.936,,,
3532,3/23/26 2:00,23.914,,,
3533,3/23/26 2:10,23.893,,,
3534,3/23/26 2:20,23.861,,,
3535,3/23/26 2:30,23.861,,,
3536,3/23/26 2:40,23.85,,,
3537,3/23/26 2:50,23.828,,,
3538,3/23/26 3:00,23.818,,,
3539,3/23/26 3:10,23.775,,,
3540,3/23/26 3:20,23.743,,,
3541,3/23/26 3:30,23.732,,,
3542,3/23/26 3:40,23.721,,,
3543,3/23/26 3:50,23.689,,,
3544,3/23/26 4:00,23.689,,,
3545,3/23/26 4:10,23.7,,,
3546,3/23/26 4:20,23.678,,,
3547,3/23/26 4:30,23.668,,,
3548,3/23/26 4:40,23.678,,,
3549,3/23/26 4:50,23.689,,,
3550,3/23/26 5:00,23.689,,,
3551,3/23/26 5:10,23.689,,,
3552,3/23/26 5:20,23.689,,,
3553,3/23/26 5:30,23.71,,,
3554,3/23/26 5:40,23.7,,,
3555,3/23/26 5:50,23.71,,,
3556,3/23/26 6:00,23.732,,,
3557,3/23/26 6:10,23.689,,,
3558,3/23/26 6:20,23.7,,,
3559,3/23/26 6:30,23.668,,,
3560,3/23/26 6:40,23.678,,,
3561,3/23/26 6:50,23.668,,,
3562,3/23/26 7:00,23.668,,,
3563,3/23/26 7:10,23.657,,,
3564,3/23/26 7:20,23.689,,,
3565,3/23/26 7:30,23.678,,,
3566,3/23/26 7:40,23.678,,,
3567,3/23/26 7:50,23.71,,,
3568,3/23/26 8:00,23.721,,,
3569,3/23/26 8:10,23.753,,,
3570,3/23/26 8:20,23.753,,,
3571,3/23/26 8:30,23.732,,,
3572,3/23/26 8:40,23.764,,,
3573,3/23/26 8:50,23.775,,,
3574,3/23/26 9:00,23.828,,,
3575,3/23/26 9:10,23.871,,,
3576,3/23/26 9:20,23.914,,,
3577,3/23/26 9:30,24,,,
3578,3/23/26 9:40,24.097,,,
3579,3/23/26 9:50,24.204,,,
3580,3/23/26 10:00,24.311,,,
3581,3/23/26 10:10,24.354,,,
3582,3/23/26 10:20,24.397,,,
3583,3/23/26 10:30,24.375,,,
3584,3/23/26 10:40,24.408,,,
3585,3/23/26 10:50,24.418,,,
3586,3/23/26 11:00,24.493,,,
3587,3/23/26 11:10,24.547,,,
3588,3/23/26 11:20,24.558,,,
3589,3/23/26 11:30,24.504,,,
3590,3/23/26 11:40,24.472,,,
3591,3/23/26 11:50,24.386,,,
3592,3/23/26 12:00,24.343,,,
3593,3/23/26 12:10,24.268,,,
3594,3/23/26 12:20,24.161,,,
3595,3/23/26 12:30,24.097,,,
3596,3/23/26 12:40,24.086,,,
3597,3/23/26 12:50,24.075,,,
3598,3/23/26 13:00,24.021,,,
3599,3/23/26 13:10,23.989,,,
3600,3/23/26 13:20,23.946,,,
3601,3/23/26 13:30,23.871,,,
3602,3/23/26 13:40,23.807,,,
3603,3/23/26 13:50,23.689,,,
3604,3/23/26 14:00,23.657,,,
3605,3/23/26 14:10,23.657,,,
3606,3/23/26 14:20,23.657,,,
3607,3/23/26 14:30,23.614,,,
3608,3/23/26 14:40,23.528,,,
3609,3/23/26 14:50,23.464,,,
3610,3/23/26 15:00,23.41,,,
3611,3/23/26 15:10,23.367,,,
3612,3/23/26 15:20,23.378,,,
3613,3/23/26 15:30,23.464,,,
3614,3/23/26 15:40,23.528,,,
3615,3/23/26 15:50,23.625,,,
3616,3/23/26 16:00,23.689,,,
3617,3/23/26 16:10,23.678,,,
3618,3/23/26 16:20,23.657,,,
3619,3/23/26 16:30,23.657,,,
3620,3/23/26 16:40,23.678,,,
3621,3/23/26 16:50,23.678,,,
3622,3/23/26 17:00,23.657,,,
3623,3/23/26 17:10,23.625,,,
3624,3/23/26 17:20,23.592,,,
3625,3/23/26 17:30,23.603,,,
3626,3/23/26 17:40,23.592,,,
3627,3/23/26 17:50,23.56,,,
3628,3/23/26 18:00,23.507,,,
3629,3/23/26 18:10,23.474,,,
3630,3/23/26 18:20,23.485,,,
3631,3/23/26 18:30,23.464,,,
3632,3/23/26 18:40,23.442,,,
3633,3/23/26 18:50,23.41,,,
3634,3/23/26 19:00,23.399,,,
3635,3/23/26 19:10,23.378,,,
3636,3/23/26 19:20,23.356,,,
3637,3/23/26 19:30,23.314,,,
3638,3/23/26 19:40,23.303,,,
3639,3/23/26 19:50,23.26,,,
3640,3/23/26 20:00,23.239,,,
3641,3/23/26 20:10,23.174,,,
3642,3/23/26 20:20,23.11,,,
3643,3/23/26 20:30,23.078,,,
3644,3/23/26 20:40,23.056,,,
3645,3/23/26 20:50,23.024,,,
3646,3/23/26 21:00,23.003,,,
3647,3/23/26 21:10,23.013,,,
3648,3/23/26 21:20,23.003,,,
3649,3/23/26 21:30,23.024,,,
3650,3/23/26 21:40,23.024,,,
3651,3/23/26 21:50,23.035,,,
3652,3/23/26 22:00,23.056,,,
3653,3/23/26 22:10,23.056,,,
3654,3/23/26 22:20,23.056,,,
3655,3/23/26 22:30,23.035,,,
3656,3/23/26 22:40,23.056,,,
3657,3/23/26 22:50,23.056,,,
3658,3/23/26 23:00,23.056,,,
3659,3/23/26 23:10,23.056,,,
3660,3/23/26 23:20,23.056,,,
3661,3/23/26 23:30,23.035,,,
3662,3/23/26 23:40,23.056,,,
3663,3/23/26 23:50,23.056,,,
3664,3/24/26 0:00,23.056,,,
3665,3/24/26 0:10,23.045,,,
3666,3/24/26 0:20,23.056,,,
3667,3/24/26 0:30,23.024,,,
3668,3/24/26 0:40,23.035,,,
3669,3/24/26 0:50,23.035,,,
3670,3/24/26 1:00,22.992,,,
3671,3/24/26 1:10,22.992,,,
3672,3/24/26 1:20,22.97,,,
3673,3/24/26 1:30,22.938,,,
3674,3/24/26 1:40,22.938,,,
3675,3/24/26 1:50,22.917,,,
3676,3/24/26 2:00,22.895,,,
3677,3/24/26 2:10,22.895,,,
3678,3/24/26 2:20,22.885,,,
3679,3/24/26 2:30,22.874,,,
3680,3/24/26 2:40,22.842,,,
3681,3/24/26 2:50,22.831,,,
3682,3/24/26 3:00,22.82,,,
3683,3/24/26 3:10,22.799,,,
3684,3/24/26 3:20,22.756,,,
3685,3/24/26 3:30,22.767,,,
3686,3/24/26 3:40,22.724,,,
3687,3/24/26 3:50,22.713,,,
3688,3/24/26 4:00,22.713,,,
3689,3/24/26 4:10,22.692,,,
3690,3/24/26 4:20,22.659,,,
3691,3/24/26 4:30,22.659,,,
3692,3/24/26 4:40,22.638,,,
3693,3/24/26 4:50,22.627,,,
3694,3/24/26 5:00,22.606,,,
3695,3/24/26 5:10,22.616,,,
3696,3/24/26 5:20,22.616,,,
3697,3/24/26 5:30,22.606,,,
3698,3/24/26 5:40,22.584,,,
3699,3/24/26 5:50,22.595,,,
3700,3/24/26 6:00,22.574,,,
3701,3/24/26 6:10,22.552,,,
3702,3/24/26 6:20,22.563,,,
3703,3/24/26 6:30,22.563,,,
3704,3/24/26 6:40,22.574,,,
3705,3/24/26 6:50,22.574,,,
3706,3/24/26 7:00,22.584,,,
3707,3/24/26 7:10,22.606,,,
3708,3/24/26 7:20,22.649,,,
3709,3/24/26 7:30,22.745,,,
3710,3/24/26 7:40,22.852,,,
3711,3/24/26 7:50,22.96,,,
3712,3/24/26 8:00,23.024,,,
3713,3/24/26 8:10,23.056,,,
3714,3/24/26 8:20,23.088,,,
3715,3/24/26 8:30,23.185,,,
3716,3/24/26 8:40,23.367,,,
3717,3/24/26 8:50,23.7,,,
3718,3/24/26 9:00,23.635,,,
3719,3/24/26 9:10,23.721,,,
3720,3/24/26 9:20,23.796,,,
3721,3/24/26 9:30,23.85,,,
3722,3/24/26 9:40,23.936,,,
3723,3/24/26 9:50,23.957,,,
3724,3/24/26 10:00,23.979,,,
3725,3/24/26 10:10,24.086,,,
3726,3/24/26 10:20,24.075,,,
3727,3/24/26 10:30,24.214,,,
3728,3/24/26 10:40,24.429,,,
3729,3/24/26 10:50,24.515,,,
3730,3/24/26 11:00,24.772,,,
3731,3/24/26 11:10,24.847,,,
3732,3/24/26 11:20,24.847,,,
3733,3/24/26 11:30,24.869,,,
3734,3/24/26 11:40,24.987,,,
3735,3/24/26 11:50,25.298,,,
3736,3/24/26 12:00,25.555,,,
3737,3/24/26 12:10,25.737,,,
3738,3/24/26 12:20,26.006,,,
3739,3/24/26 12:30,26.252,,,
3740,3/24/26 12:40,26.445,,,
3741,3/24/26 12:50,26.456,,,
3742,3/24/26 13:00,27.282,,,
3743,3/24/26 13:10,26.756,,,
3744,3/24/26 13:20,26.638,,,
3745,3/24/26 13:30,26.488,,,
3746,3/24/26 13:40,26.413,,,
3747,3/24/26 13:50,26.445,,,
3748,3/24/26 14:00,26.392,,,
3749,3/24/26 14:10,26.134,,,
3750,3/24/26 14:20,26.006,,,
3751,3/24/26 14:30,25.931,,,
3752,3/24/26 14:40,25.555,,,
3753,3/24/26 14:50,25.716,,,
3754,3/24/26 15:00,25.705,,,
3755,3/24/26 15:10,25.641,,,
3756,3/24/26 15:20,25.63,,,
3757,3/24/26 15:30,25.63,,,
3758,3/24/26 15:40,25.555,,,
3759,3/24/26 15:50,25.534,,,
3760,3/24/26 16:00,25.534,,,
3761,3/24/26 16:10,25.448,,,
3762,3/24/26 16:20,25.298,,,
3763,3/24/26 16:30,25.18,,,
3764,3/24/26 16:40,25.073,,,
3765,3/24/26 16:50,24.944,,,
3766,3/24/26 17:00,24.837,,,
3767,3/24/26 17:10,24.708,,,
3768,3/24/26 17:20,24.568,,,
3769,3/24/26 17:30,24.461,,,
3770,3/24/26 17:40,24.332,,,
3771,3/24/26 17:50,24.214,,,
3772,3/24/26 18:00,24.107,,,
3773,3/24/26 18:10,24,,,
3774,3/24/26 18:20,23.882,,,
3775,3/24/26 18:30,23.775,,,
3776,3/24/26 18:40,23.678,,,
3777,3/24/26 18:50,23.592,,,
3778,3/24/26 19:00,23.528,,,
3779,3/24/26 19:10,23.453,,,
3780,3/24/26 19:20,23.378,,,
3781,3/24/26 19:30,23.292,,,
3782,3/24/26 19:40,23.26,,,
3783,3/24/26 19:50,23.217,,,
3784,3/24/26 20:00,23.153,,,
3785,3/24/26 20:10,23.121,,,
3786,3/24/26 20:20,23.067,,,
3787,3/24/26 20:30,23.024,,,
3788,3/24/26 20:40,22.992,,,
3789,3/24/26 20:50,22.97,,,
3790,3/24/26 21:00,22.917,,,
3791,3/24/26 21:10,22.917,,,
3792,3/24/26 21:20,22.906,,,
3793,3/24/26 21:30,22.885,,,
3794,3/24/26 21:40,22.852,,,
3795,3/24/26 21:50,22.842,,,
3796,3/24/26 22:00,22.767,,,
3797,3/24/26 22:10,22.767,,,
3798,3/24/26 22:20,22.734,,,
3799,3/24/26 22:30,22.734,,,
3800,3/24/26 22:40,22.713,,,
3801,3/24/26 22:50,22.702,,,
3802,3/24/26 23:00,22.713,,,
3803,3/24/26 23:10,22.681,,,
3804,3/24/26 23:20,22.638,,,
3805,3/24/26 23:30,22.616,,,
3806,3/24/26 23:40,22.584,,,
3807,3/24/26 23:50,22.541,,,
3808,3/25/26 0:00,22.509,,,
3809,3/25/26 0:10,22.498,,,
3810,3/25/26 0:20,22.498,,,
3811,3/25/26 0:30,22.477,,,
3812,3/25/26 0:40,22.445,,,
3813,3/25/26 0:50,22.423,,,
3814,3/25/26 1:00,22.445,,,
3815,3/25/26 1:10,22.423,,,
3816,3/25/26 1:20,22.413,,,
3817,3/25/26 1:30,22.402,,,
3818,3/25/26 1:40,22.402,,,
3819,3/25/26 1:50,22.391,,,
3820,3/25/26 2:00,22.37,,,
3821,3/25/26 2:10,22.359,,,
3822,3/25/26 2:20,22.338,,,
3823,3/25/26 2:30,22.338,,,
3824,3/25/26 2:40,22.327,,,
3825,3/25/26 2:50,22.295,,,
3826,3/25/26 3:00,22.273,,,
3827,3/25/26 3:10,22.263,,,
3828,3/25/26 3:20,22.273,,,
3829,3/25/26 3:30,22.263,,,
3830,3/25/26 3:40,22.241,,,
3831,3/25/26 3:50,22.241,,,
3832,3/25/26 4:00,22.263,,,
3833,3/25/26 4:10,22.273,,,
3834,3/25/26 4:20,22.273,,,
3835,3/25/26 4:30,22.273,,,
3836,3/25/26 4:40,22.241,,,
3837,3/25/26 4:50,22.241,,,
3838,3/25/26 5:00,22.22,,,
3839,3/25/26 5:10,22.198,,,
3840,3/25/26 5:20,22.177,,,
3841,3/25/26 5:30,22.187,,,
3842,3/25/26 5:40,22.187,,,
3843,3/25/26 5:50,22.198,,,
3844,3/25/26 6:00,22.198,,,
3845,3/25/26 6:10,22.187,,,
3846,3/25/26 6:20,22.177,,,
3847,3/25/26 6:30,22.187,,,
3848,3/25/26 6:40,22.198,,,
3849,3/25/26 6:50,22.198,,,
3850,3/25/26 7:00,22.23,,,
3851,3/25/26 7:10,22.241,,,
3852,3/25/26 7:20,22.252,,,
3853,3/25/26 7:30,22.305,,,
3854,3/25/26 7:40,22.359,,,
3855,3/25/26 7:50,22.456,,,
3856,3/25/26 8:00,22.477,,,
3857,3/25/26 8:10,22.541,,,
3858,3/25/26 8:20,22.595,,,
3859,3/25/26 8:30,22.659,,,
3860,3/25/26 8:40,22.756,,,
3861,3/25/26 8:50,22.852,,,
3862,3/25/26 9:00,23.013,,,
3863,3/25/26 9:10,23.185,,,
3864,3/25/26 9:20,23.303,,,
3865,3/25/26 9:30,23.453,,,
3866,3/25/26 9:40,23.625,,,
3867,3/25/26 9:50,23.721,,,
3868,3/25/26 10:00,23.828,,,
3869,3/25/26 10:10,24.043,,,
3870,3/25/26 10:20,24.214,,,
3871,3/25/26 10:30,24.397,,,
3872,3/25/26 10:40,24.483,,,
3873,3/25/26 10:50,24.59,,,
3874,3/25/26 11:00,24.665,,,
3875,3/25/26 11:10,24.826,,,
3876,3/25/26 11:20,25.03,,,
3877,3/25/26 11:30,25.244,,,
3878,3/25/26 11:40,25.437,,,
3879,3/25/26 11:50,25.662,,,
3880,3/25/26 12:00,25.845,,,
3881,3/25/26 12:10,26.209,,,
3882,3/25/26 12:20,26.317,,,
3883,3/25/26 12:30,26.467,,,
3884,3/25/26 12:40,26.585,,,
3885,3/25/26 12:50,26.692,,,
3886,3/25/26 13:00,26.821,,,
3887,3/25/26 13:10,26.917,,,
3888,3/25/26 13:20,27.035,,,
3889,3/25/26 13:30,27.121,,,
3890,3/25/26 13:40,26.864,,,
3891,3/25/26 13:50,26.885,,,
3892,3/25/26 14:00,26.982,,,
3893,3/25/26 14:10,26.842,,,
3894,3/25/26 14:20,26.778,,,
3895,3/25/26 14:30,26.66,,,
3896,3/25/26 14:40,26.467,,,
3897,3/25/26 14:50,26.488,,,
3898,3/25/26 15:00,26.456,,,
3899,3/25/26 15:10,26.435,,,
3900,3/25/26 15:20,26.392,,,
3901,3/25/26 15:30,26.392,,,
3902,3/25/26 15:40,26.37,,,
3903,3/25/26 15:50,26.338,,,
3904,3/25/26 16:00,26.166,,,
3905,3/25/26 16:10,26.006,,,
3906,3/25/26 16:20,25.866,,,
3907,3/25/26 16:30,25.727,,,
3908,3/25/26 16:40,25.534,,,
3909,3/25/26 16:50,25.373,,,
3910,3/25/26 17:00,25.201,,,
3911,3/25/26 17:10,25.03,,,
3912,3/25/26 17:20,24.879,,,
3913,3/25/26 17:30,24.74,,,
3914,3/25/26 17:40,24.601,,,
3915,3/25/26 17:50,24.472,,,
3916,3/25/26 18:00,24.365,,,
3917,3/25/26 18:10,24.225,,,
3918,3/25/26 18:20,24.129,,,
3919,3/25/26 18:30,24,,,
3920,3/25/26 18:40,23.882,,,
3921,3/25/26 18:50,23.796,,,
3922,3/25/26 19:00,23.732,,,
3923,3/25/26 19:10,23.646,,,
3924,3/25/26 19:20,23.517,,,
3925,3/25/26 19:30,23.464,,,
3926,3/25/26 19:40,23.389,,,
3927,3/25/26 19:50,23.335,,,
3928,3/25/26 20:00,23.249,,,
3929,3/25/26 20:10,23.185,,,
3930,3/25/26 20:20,23.131,,,
3931,3/25/26 20:30,23.056,,,
3932,3/25/26 20:40,23.035,,,
3933,3/25/26 20:50,22.992,,,
3934,3/25/26 21:00,22.96,,,
3935,3/25/26 21:10,22.938,,,
3936,3/25/26 21:20,22.906,,,
3937,3/25/26 21:30,22.895,,,
3938,3/25/26 21:40,22.874,,,
3939,3/25/26 21:50,22.863,,,
3940,3/25/26 22:00,22.852,,,
3941,3/25/26 22:10,22.852,,,
3942,3/25/26 22:20,22.81,,,
3943,3/25/26 22:30,22.82,,,
3944,3/25/26 22:40,22.777,,,
3945,3/25/26 22:50,22.745,,,
3946,3/25/26 23:00,22.724,,,
3947,3/25/26 23:10,22.734,,,
3948,3/25/26 23:20,22.702,,,
3949,3/25/26 23:30,22.692,,,
3950,3/25/26 23:40,22.681,,,
3951,3/25/26 23:50,22.681,,,
3952,3/26/26 0:00,22.67,,,
3953,3/26/26 0:10,22.659,,,
3954,3/26/26 0:20,22.616,,,
3955,3/26/26 0:30,22.606,,,
3956,3/26/26 0:40,22.584,,,
3957,3/26/26 0:50,22.563,,,
3958,3/26/26 1:00,22.552,,,
3959,3/26/26 1:10,22.509,,,
3960,3/26/26 1:20,22.52,,,
3961,3/26/26 1:30,22.488,,,
3962,3/26/26 1:40,22.477,,,
3963,3/26/26 1:50,22.445,,,
3964,3/26/26 2:00,22.445,,,
3965,3/26/26 2:10,22.423,,,
3966,3/26/26 2:20,22.402,,,
3967,3/26/26 2:30,22.445,,,
3968,3/26/26 2:40,22.413,,,
3969,3/26/26 2:50,22.413,,,
3970,3/26/26 3:00,22.381,,,
3971,3/26/26 3:10,22.359,,,
3972,3/26/26 3:20,22.338,,,
3973,3/26/26 3:30,22.37,,,
3974,3/26/26 3:40,22.381,,,
3975,3/26/26 3:50,22.391,,,
3976,3/26/26 4:00,22.402,,,
3977,3/26/26 4:10,22.445,,,
3978,3/26/26 4:20,22.445,,,
3979,3/26/26 4:30,22.456,,,
3980,3/26/26 4:40,22.445,,,
3981,3/26/26 4:50,22.434,,,
3982,3/26/26 5:00,22.423,,,
3983,3/26/26 5:10,22.413,,,
3984,3/26/26 5:20,22.423,,,
3985,3/26/26 5:30,22.413,,,
3986,3/26/26 5:40,22.391,,,
3987,3/26/26 5:50,22.37,,,
3988,3/26/26 6:00,22.37,,,
3989,3/26/26 6:10,22.37,,,
3990,3/26/26 6:20,22.359,,,
3991,3/26/26 6:30,22.348,,,
3992,3/26/26 6:40,22.359,,,
3993,3/26/26 6:50,22.37,,,
3994,3/26/26 7:00,22.413,,,
3995,3/26/26 7:10,22.434,,,
3996,3/26/26 7:20,22.531,,,
3997,3/26/26 7:30,22.606,,,
3998,3/26/26 7:40,22.702,,,
3999,3/26/26 7:50,22.756,,,
4000,3/26/26 8:00,22.863,,,
4001,3/26/26 8:10,22.97,,,
4002,3/26/26 8:20,23.067,,,
4003,3/26/26 8:30,23.239,,,
4004,3/26/26 8:40,23.324,,,
4005,3/26/26 8:50,23.453,,,
4006,3/26/26 9:00,23.635,,,
4007,3/26/26 9:10,23.893,,,
4008,3/26/26 9:20,23.989,,,
4009,3/26/26 9:30,24.161,,,
4010,3/26/26 9:40,24.311,,,
4011,3/26/26 9:50,24.461,,,
4012,3/26/26 10:00,24.686,,,
4013,3/26/26 10:10,24.869,,,
4014,3/26/26 10:20,24.997,,,
4015,3/26/26 10:30,25.266,,,
4016,3/26/26 10:40,25.448,,,
4017,3/26/26 10:50,25.705,,,
4018,3/26/26 11:00,25.963,,,
4019,3/26/26 11:10,26.188,,,
4020,3/26/26 11:20,26.166,,,
4021,3/26/26 11:30,26.209,,,
4022,3/26/26 11:40,26.081,,,
4023,3/26/26 11:50,26.016,,,
4024,3/26/26 12:00,26.177,,,
4025,3/26/26 12:10,26.488,,,
4026,3/26/26 12:20,26.735,,,
4027,3/26/26 12:30,26.992,,,
4028,3/26/26 12:40,27.26,,,
4029,3/26/26 12:50,27.443,,,
4030,3/26/26 13:00,27.647,,,
4031,3/26/26 13:10,27.818,,,
4032,3/26/26 13:20,28.022,,,
4033,3/26/26 13:30,28.161,,,
4034,3/26/26 13:40,28.322,,,
4035,3/26/26 13:50,28.612,,,
4036,3/26/26 14:00,28.59,,,
4037,3/26/26 14:10,28.826,,,
4038,3/26/26 14:20,28.58,,,
4039,3/26/26 14:30,28.29,,,
4040,3/26/26 14:40,28.301,,,
4041,3/26/26 14:50,28.269,,,
4042,3/26/26 15:00,28.247,,,
4043,3/26/26 15:10,28.247,,,
4044,3/26/26 15:20,28.183,,,
4045,3/26/26 15:30,28.183,,,
4046,3/26/26 15:40,28.151,,,
4047,3/26/26 15:50,28.14,,,
4048,3/26/26 16:00,27.904,,,
4049,3/26/26 16:10,27.593,,,
4050,3/26/26 16:20,27.453,,,
4051,3/26/26 16:30,27.325,,,
4052,3/26/26 16:40,27.175,,,
4053,3/26/26 16:50,27.014,,,
4054,3/26/26 17:00,26.778,,,
4055,3/26/26 17:10,26.488,,,
4056,3/26/26 17:20,26.242,,,
4057,3/26/26 17:30,26.006,,,
4058,3/26/26 17:40,25.791,,,
4059,3/26/26 17:50,25.598,,,
4060,3/26/26 18:00,25.384,,,
4061,3/26/26 18:10,25.19,,,
4062,3/26/26 18:20,24.987,,,
4063,3/26/26 18:30,24.815,,,
4064,3/26/26 18:40,24.633,,,
4065,3/26/26 18:50,24.483,,,
4066,3/26/26 19:00,24.332,,,
4067,3/26/26 19:10,24.225,,,
4068,3/26/26 19:20,24.097,,,
4069,3/26/26 19:30,24,,,
4070,3/26/26 19:40,23.871,,,
4071,3/26/26 19:50,23.775,,,
4072,3/26/26 20:00,23.689,,,
4073,3/26/26 20:10,23.603,,,
4074,3/26/26 20:20,23.496,,,
4075,3/26/26 20:30,23.399,,,
4076,3/26/26 20:40,23.292,,,
4077,3/26/26 20:50,23.228,,,
4078,3/26/26 21:00,23.185,,,
4079,3/26/26 21:10,23.131,,,
4080,3/26/26 21:20,23.088,,,
4081,3/26/26 21:30,23.003,,,
4082,3/26/26 21:40,22.949,,,
4083,3/26/26 21:50,22.917,,,
4084,3/26/26 22:00,22.874,,,
4085,3/26/26 22:10,22.852,,,
4086,3/26/26 22:20,22.777,,,
4087,3/26/26 22:30,22.756,,,
4088,3/26/26 22:40,22.724,,,
4089,3/26/26 22:50,22.681,,,
4090,3/26/26 23:00,22.627,,,
4091,3/26/26 23:10,22.563,,,
4092,3/26/26 23:20,22.552,,,
4093,3/26/26 23:30,22.52,,,
4094,3/26/26 23:40,22.434,,,
4095,3/26/26 23:50,22.391,,,
4096,3/27/26 0:00,22.37,,,
4097,3/27/26 0:10,22.359,,,
4098,3/27/26 0:20,22.348,,,
4099,3/27/26 0:30,22.284,,,
4100,3/27/26 0:40,22.263,,,
4101,3/27/26 0:50,22.273,,,
4102,3/27/26 1:00,22.23,,,
4103,3/27/26 1:10,22.166,,,
4104,3/27/26 1:20,22.112,,,
4105,3/27/26 1:30,22.08,,,
4106,3/27/26 1:40,22.08,,,
4107,3/27/26 1:50,22.102,,,
4108,3/27/26 2:00,22.112,,,
4109,3/27/26 2:10,22.134,,,
4110,3/27/26 2:20,22.155,,,
4111,3/27/26 2:30,22.187,,,
4112,3/27/26 2:40,22.23,,,
4113,3/27/26 2:50,22.273,,,
4114,3/27/26 3:00,22.273,,,
4115,3/27/26 3:10,22.316,,,
4116,3/27/26 3:20,22.316,,,
4117,3/27/26 3:30,22.327,,,
4118,3/27/26 3:40,22.338,,,
4119,3/27/26 3:50,22.305,,,
4120,3/27/26 4:00,22.295,,,
4121,3/27/26 4:10,22.252,,,
4122,3/27/26 4:20,22.187,,,
4123,3/27/26 4:30,22.112,,,
4124,3/27/26 4:40,22.059,,,
4125,3/27/26 4:50,22.048,,,
4126,3/27/26 5:00,22.037,,,
4127,3/27/26 5:10,22.069,,,
4128,3/27/26 5:20,22.048,,,
4129,3/27/26 5:30,22.08,,,
4130,3/27/26 5:40,22.069,,,
4131,3/27/26 5:50,22.08,,,
4132,3/27/26 6:00,22.091,,,
4133,3/27/26 6:10,22.102,,,
4134,3/27/26 6:20,22.102,,,
4135,3/27/26 6:30,22.123,,,
4136,3/27/26 6:40,22.123,,,
4137,3/27/26 6:50,22.145,,,
4138,3/27/26 7:00,22.177,,,
4139,3/27/26 7:10,22.198,,,
4140,3/27/26 7:20,22.22,,,
4141,3/27/26 7:30,22.23,,,
4142,3/27/26 7:40,22.187,,,
4143,3/27/26 7:50,22.177,,,
4144,3/27/26 8:00,22.145,,,
4145,3/27/26 8:10,22.112,,,
4146,3/27/26 8:20,22.134,,,
4147,3/27/26 8:30,22.155,,,
4148,3/27/26 8:40,22.145,,,
4149,3/27/26 8:50,22.145,,,
4150,3/27/26 9:00,22.166,,,
4151,3/27/26 9:10,22.145,,,
4152,3/27/26 9:20,22.145,,,
4153,3/27/26 9:30,22.177,,,
4154,3/27/26 9:40,22.263,,,
4155,3/27/26 9:50,22.391,,,
4156,3/27/26 10:00,22.552,,,
4157,3/27/26 10:10,22.906,,,
4158,3/27/26 10:20,23.003,,,
4159,3/27/26 10:30,23.421,,,
4160,3/27/26 10:40,23.646,,,
4161,3/27/26 10:50,23.946,,,
4162,3/27/26 11:00,24.032,,,
4163,3/27/26 11:10,24.214,,,
4164,3/27/26 11:20,24.204,,,
4165,3/27/26 11:30,24.429,,,
4166,3/27/26 11:40,24.74,,,
4167,3/27/26 11:50,24.761,,,
4168,3/27/26 12:00,25.212,,,
4169,3/27/26 12:10,25.308,,,
4170,3/27/26 12:20,25.609,,,
4171,3/27/26 12:30,25.877,,,
4172,3/27/26 12:40,26.027,,,
4173,3/27/26 12:50,26.284,,,
4174,3/27/26 13:00,26.488,,,
4175,3/27/26 13:10,26.681,,,
4176,3/27/26 13:20,26.649,,,
4177,3/27/26 13:30,26.649,,,
4178,3/27/26 13:40,26.553,,,
4179,3/27/26 13:50,26.52,,,
4180,3/27/26 14:00,26.445,,,
4181,3/27/26 14:10,26.402,,,
4182,3/27/26 14:20,26.435,,,
4183,3/27/26 14:30,26.327,,,
4184,3/27/26 14:40,26.317,,,
4185,3/27/26 14:50,26.263,,,
4186,3/27/26 15:00,26.22,,,
4187,3/27/26 15:10,26.252,,,
4188,3/27/26 15:20,26.231,,,
4189,3/27/26 15:30,26.145,,,
4190,3/27/26 15:40,26.006,,,
4191,3/27/26 15:50,25.866,,,
4192,3/27/26 16:00,25.727,,,
4193,3/27/26 16:10,25.566,,,
4194,3/27/26 16:20,25.426,,,
4195,3/27/26 16:30,25.287,,,
4196,3/27/26 16:40,25.148,,,
4197,3/27/26 16:50,24.987,,,
4198,3/27/26 17:00,24.869,,,
4199,3/27/26 17:10,24.751,,,
4200,3/27/26 17:20,24.59,,,
4201,3/27/26 17:30,24.472,,,
4202,3/27/26 17:40,24.343,,,
4203,3/27/26 17:50,24.225,,,
4204,3/27/26 18:00,24.107,,,
4205,3/27/26 18:10,23.989,,,
4206,3/27/26 18:20,23.893,,,
4207,3/27/26 18:30,23.732,,,
4208,3/27/26 18:40,23.635,,,
4209,3/27/26 18:50,23.517,,,
4210,3/27/26 19:00,23.442,,,
4211,3/27/26 19:10,23.346,,,
4212,3/27/26 19:20,23.26,,,
4213,3/27/26 19:30,23.196,,,
4214,3/27/26 19:40,23.121,,,
4215,3/27/26 19:50,23.045,,,
4216,3/27/26 20:00,22.992,,,
4217,3/27/26 20:10,22.927,,,
4218,3/27/26 20:20,22.885,,,
4219,3/27/26 20:30,22.82,,,
4220,3/27/26 20:40,22.788,,,
4221,3/27/26 20:50,22.713,,,
4222,3/27/26 21:00,22.681,,,
4223,3/27/26 21:10,22.649,,,
4224,3/27/26 21:20,22.606,,,
4225,3/27/26 21:30,22.541,,,
4226,3/27/26 21:40,22.509,,,
4227,3/27/26 21:50,22.456,,,
4228,3/27/26 22:00,22.423,,,
4229,3/27/26 22:10,22.381,,,
4230,3/27/26 22:20,22.37,,,
4231,3/27/26 22:30,22.338,,,
4232,3/27/26 22:40,22.284,,,
4233,3/27/26 22:50,22.263,,,
4234,3/27/26 23:00,22.263,,,
4235,3/27/26 23:10,22.284,,,
4236,3/27/26 23:20,22.23,,,
4237,3/27/26 23:30,22.23,,,
4238,3/27/26 23:40,22.241,,,
4239,3/27/26 23:50,22.209,,,
4240,3/28/26 0:00,22.22,,,
4241,3/28/26 0:10,22.198,,,
4242,3/28/26 0:20,22.187,,,
4243,3/28/26 0:30,22.177,,,
4244,3/28/26 0:40,22.187,,,
4245,3/28/26 0:50,22.177,,,
4246,3/28/26 1:00,22.187,,,
4247,3/28/26 1:10,22.198,,,
4248,3/28/26 1:20,22.209,,,
4249,3/28/26 1:30,22.198,,,
4250,3/28/26 1:40,22.23,,,
4251,3/28/26 1:50,22.22,,,
4252,3/28/26 2:00,22.22,,,
4253,3/28/26 2:10,22.22,,,
4254,3/28/26 2:20,22.22,,,
4255,3/28/26 2:30,22.23,,,
4256,3/28/26 2:40,22.23,,,
4257,3/28/26 2:50,22.23,,,
4258,3/28/26 3:00,22.241,,,
4259,3/28/26 3:10,22.23,,,
4260,3/28/26 3:20,22.23,,,
4261,3/28/26 3:30,22.209,,,
4262,3/28/26 3:40,22.198,,,
4263,3/28/26 3:50,22.187,,,
4264,3/28/26 4:00,22.177,,,
4265,3/28/26 4:10,22.198,,,
4266,3/28/26 4:20,22.177,,,
4267,3/28/26 4:30,22.177,,,
4268,3/28/26 4:40,22.177,,,
4269,3/28/26 4:50,22.166,,,
4270,3/28/26 5:00,22.177,,,
4271,3/28/26 5:10,22.198,,,
4272,3/28/26 5:20,22.198,,,
4273,3/28/26 5:30,22.22,,,
4274,3/28/26 5:40,22.23,,,
4275,3/28/26 5:50,22.22,,,
4276,3/28/26 6:00,22.209,,,
4277,3/28/26 6:10,22.177,,,
4278,3/28/26 6:20,22.155,,,
4279,3/28/26 6:30,22.145,,,
4280,3/28/26 6:40,22.145,,,
4281,3/28/26 6:50,22.123,,,
4282,3/28/26 7:00,22.166,,,
4283,3/28/26 7:10,22.155,,,
4284,3/28/26 7:20,22.198,,,
4285,3/28/26 7:30,22.252,,,
4286,3/28/26 7:40,22.305,,,
4287,3/28/26 7:50,22.348,,,
4288,3/28/26 8:00,22.37,,,
4289,3/28/26 8:10,22.423,,,
4290,3/28/26 8:20,22.498,,,
4291,3/28/26 8:30,22.649,,,
4292,3/28/26 8:40,22.681,,,
4293,3/28/26 8:50,22.81,,,
4294,3/28/26 9:00,22.96,,,
4295,3/28/26 9:10,23.056,,,
4296,3/28/26 9:20,23.239,,,
4297,3/28/26 9:30,23.378,,,
4298,3/28/26 9:40,23.442,,,
4299,3/28/26 9:50,23.485,,,
4300,3/28/26 10:00,23.496,,,
4301,3/28/26 10:10,23.603,,,
4302,3/28/26 10:20,23.775,,,
4303,3/28/26 10:30,23.936,,,
4304,3/28/26 10:40,24.097,,,
4305,3/28/26 10:50,24.182,,,
4306,3/28/26 11:00,24.322,,,
4307,3/28/26 11:10,24.472,,,
4308,3/28/26 11:20,24.493,,,
4309,3/28/26 11:30,24.493,,,
4310,3/28/26 11:40,24.418,,,
4311,3/28/26 11:50,24.343,,,
4312,3/28/26 12:00,24.311,,,
4313,3/28/26 12:10,24.375,,,
4314,3/28/26 12:20,24.429,,,
4315,3/28/26 12:30,24.44,,,
4316,3/28/26 12:40,24.418,,,
4317,3/28/26 12:50,24.354,,,
4318,3/28/26 13:00,24.29,,,
4319,3/28/26 13:10,24.193,,,
4320,3/28/26 13:20,24.129,,,
4321,3/28/26 13:30,24.043,,,
4322,3/28/26 13:40,24.011,,,
4323,3/28/26 13:50,24,,,
4324,3/28/26 14:00,23.979,,,
4325,3/28/26 14:10,23.957,,,
4326,3/28/26 14:20,23.968,,,
4327,3/28/26 14:30,23.979,,,
4328,3/28/26 14:40,23.968,,,
4329,3/28/26 14:50,23.914,,,
4330,3/28/26 15:00,23.903,,,
4331,3/28/26 15:10,23.861,,,
4332,3/28/26 15:20,23.828,,,
4333,3/28/26 15:30,23.775,,,
4334,3/28/26 15:40,23.732,,,
4335,3/28/26 15:50,23.689,,,
4336,3/28/26 16:00,23.657,,,
4337,3/28/26 16:10,23.625,,,
4338,3/28/26 16:20,23.625,,,
4339,3/28/26 16:30,23.614,,,
4340,3/28/26 16:40,23.571,,,
4341,3/28/26 16:50,23.528,,,
4342,3/28/26 17:00,23.507,,,
4343,3/28/26 17:10,23.464,,,
4344,3/28/26 17:20,23.421,,,
4345,3/28/26 17:30,23.356,,,
4346,3/28/26 17:40,23.271,,,
4347,3/28/26 17:50,23.228,,,
4348,3/28/26 18:00,23.131,,,
4349,3/28/26 18:10,23.056,,,
4350,3/28/26 18:20,22.992,,,
4351,3/28/26 18:30,22.906,,,
4352,3/28/26 18:40,22.842,,,
4353,3/28/26 18:50,22.777,,,
4354,3/28/26 19:00,22.702,,,
4355,3/28/26 19:10,22.616,,,
4356,3/28/26 19:20,22.552,,,
4357,3/28/26 19:30,22.498,,,
4358,3/28/26 19:40,22.456,,,
4359,3/28/26 19:50,22.391,,,
4360,3/28/26 20:00,22.348,,,
4361,3/28/26 20:10,22.305,,,
4362,3/28/26 20:20,22.263,,,
4363,3/28/26 20:30,22.22,,,
4364,3/28/26 20:40,22.209,,,
4365,3/28/26 20:50,22.155,,,
4366,3/28/26 21:00,22.123,,,
4367,3/28/26 21:10,22.102,,,
4368,3/28/26 21:20,22.08,,,
4369,3/28/26 21:30,22.059,,,
4370,3/28/26 21:40,22.059,,,
4371,3/28/26 21:50,22.048,,,
4372,3/28/26 22:00,22.059,,,
4373,3/28/26 22:10,22.059,,,
4374,3/28/26 22:20,22.059,,,
4375,3/28/26 22:30,22.059,,,
4376,3/28/26 22:40,22.069,,,
4377,3/28/26 22:50,22.048,,,
4378,3/28/26 23:00,22.037,,,
4379,3/28/26 23:10,22.037,,,
4380,3/28/26 23:20,21.994,,,
4381,3/28/26 23:30,21.994,,,
4382,3/28/26 23:40,21.994,,,
4383,3/28/26 23:50,21.994,,,
4384,3/29/26 0:00,21.962,,,
4385,3/29/26 0:10,21.941,,,
4386,3/29/26 0:20,21.962,,,
4387,3/29/26 0:30,21.919,,,
4388,3/29/26 0:40,21.909,,,
4389,3/29/26 0:50,21.887,,,
4390,3/29/26 1:00,21.876,,,
4391,3/29/26 1:10,21.844,,,
4392,3/29/26 1:20,21.834,,,
4393,3/29/26 1:30,21.812,,,
4394,3/29/26 1:40,21.823,,,
4395,3/29/26 1:50,21.823,,,
4396,3/29/26 2:00,21.78,,,
4397,3/29/26 2:10,21.769,,,
4398,3/29/26 2:20,21.801,,,
4399,3/29/26 2:30,21.769,,,
4400,3/29/26 2:40,21.748,,,
4401,3/29/26 2:50,21.726,,,
4402,3/29/26 3:00,21.726,,,
4403,3/29/26 3:10,21.705,,,
4404,3/29/26 3:20,21.683,,,
4405,3/29/26 3:30,21.673,,,
4406,3/29/26 3:40,21.63,,,
4407,3/29/26 3:50,21.608,,,
4408,3/29/26 4:00,21.608,,,
4409,3/29/26 4:10,21.576,,,
4410,3/29/26 4:20,21.576,,,
4411,3/29/26 4:30,21.555,,,
4412,3/29/26 4:40,21.555,,,
4413,3/29/26 4:50,21.533,,,
4414,3/29/26 5:00,21.544,,,
4415,3/29/26 5:10,21.501,,,
4416,3/29/26 5:20,21.49,,,
4417,3/29/26 5:30,21.48,,,
4418,3/29/26 5:40,21.49,,,
4419,3/29/26 5:50,21.469,,,
4420,3/29/26 6:00,21.469,,,
4421,3/29/26 6:10,21.426,,,
4422,3/29/26 6:20,21.415,,,
4423,3/29/26 6:30,21.426,,,
4424,3/29/26 6:40,21.394,,,
4425,3/29/26 6:50,21.383,,,
4426,3/29/26 7:00,21.383,,,
4427,3/29/26 7:10,21.372,,,
4428,3/29/26 7:20,21.437,,,
4429,3/29/26 7:30,21.501,,,
4430,3/29/26 7:40,21.576,,,
4431,3/29/26 7:50,21.662,,,
4432,3/29/26 8:00,21.716,,,
4433,3/29/26 8:10,21.769,,,
4434,3/29/26 8:20,21.823,,,
4435,3/29/26 8:30,21.973,,,
4436,3/29/26 8:40,21.994,,,
4437,3/29/26 8:50,22.091,,,
4438,3/29/26 9:00,22.284,,,
4439,3/29/26 9:10,22.434,,,
4440,3/29/26 9:20,22.606,,,
4441,3/29/26 9:30,22.788,,,
4442,3/29/26 9:40,22.927,,,
4443,3/29/26 9:50,23.142,,,
4444,3/29/26 10:00,23.303,,,
4445,3/29/26 10:10,23.496,,,
4446,3/29/26 10:20,23.625,,,
4447,3/29/26 10:30,23.85,,,
4448,3/29/26 10:40,24.064,,,
4449,3/29/26 10:50,24.311,,,
4450,3/29/26 11:00,24.408,,,
4451,3/29/26 11:10,24.59,,,
4452,3/29/26 11:20,24.772,,,
4453,3/29/26 11:30,25.019,,,
4454,3/29/26 11:40,25.233,,,
4455,3/29/26 11:50,25.416,,,
4456,3/29/26 12:00,25.437,,,
4457,3/29/26 12:10,25.48,,,
4458,3/29/26 12:20,25.609,,,
4459,3/29/26 12:30,25.652,,,
4460,3/29/26 12:40,25.92,,,
4461,3/29/26 12:50,26.059,,,
4462,3/29/26 13:00,26.188,,,
4463,3/29/26 13:10,26.252,,,
4464,3/29/26 13:20,26.327,,,
4465,3/29/26 13:30,26.445,,,
4466,3/29/26 13:40,26.349,,,
4467,3/29/26 13:50,26.209,,,
4468,3/29/26 14:00,26.381,,,
4469,3/29/26 14:10,26.156,,,
4470,3/29/26 14:20,26.477,,,
4471,3/29/26 14:30,26.392,,,
4472,3/29/26 14:40,26.467,,,
4473,3/29/26 14:50,26.37,,,
4474,3/29/26 15:00,26.349,,,
4475,3/29/26 15:10,26.37,,,
4476,3/29/26 15:20,26.317,,,
4477,3/29/26 15:30,26.317,,,
4478,3/29/26 15:40,26.188,,,
4479,3/29/26 15:50,26.027,,,
4480,3/29/26 16:00,25.92,,,
4481,3/29/26 16:10,25.77,,,
4482,3/29/26 16:20,25.619,,,
4483,3/29/26 16:30,25.523,,,
4484,3/29/26 16:40,25.341,,,
4485,3/29/26 16:50,25.212,,,
4486,3/29/26 17:00,25.019,,,
4487,3/29/26 17:10,24.847,,,
4488,3/29/26 17:20,24.686,,,
4489,3/29/26 17:30,24.504,,,
4490,3/29/26 17:40,24.3,,,
4491,3/29/26 17:50,24.118,,,
4492,3/29/26 18:00,23.925,,,
4493,3/29/26 18:10,23.753,,,
4494,3/29/26 18:20,23.582,,,
4495,3/29/26 18:30,23.432,,,
4496,3/29/26 18:40,23.292,,,
4497,3/29/26 18:50,23.131,,,
4498,3/29/26 19:00,22.981,,,
4499,3/29/26 19:10,22.842,,,
4500,3/29/26 19:20,22.756,,,
4501,3/29/26 19:30,22.659,,,
4502,3/29/26 19:40,22.595,,,
4503,3/29/26 19:50,22.541,,,
4504,3/29/26 20:00,22.456,,,
4505,3/29/26 20:10,22.402,,,
4506,3/29/26 20:20,22.316,,,
4507,3/29/26 20:30,22.241,,,
4508,3/29/26 20:40,22.187,,,
4509,3/29/26 20:50,22.166,,,
4510,3/29/26 21:00,22.102,,,
4511,3/29/26 21:10,22.069,,,
4512,3/29/26 21:20,22.037,,,
4513,3/29/26 21:30,21.973,,,
4514,3/29/26 21:40,21.962,,,
4515,3/29/26 21:50,21.919,,,
4516,3/29/26 22:00,21.898,,,
4517,3/29/26 22:10,21.866,,,
4518,3/29/26 22:20,21.834,,,
4519,3/29/26 22:30,21.855,,,
4520,3/29/26 22:40,21.823,,,
4521,3/29/26 22:50,21.823,,,
4522,3/29/26 23:00,21.791,,,
4523,3/29/26 23:10,21.791,,,
4524,3/29/26 23:20,21.78,,,
4525,3/29/26 23:30,21.748,,,
4526,3/29/26 23:40,21.726,,,
4527,3/29/26 23:50,21.705,,,
4528,3/30/26 0:00,21.694,,,
4529,3/30/26 0:10,21.683,,,
4530,3/30/26 0:20,21.63,,,
4531,3/30/26 0:30,21.619,,,
4532,3/30/26 0:40,21.619,,,
4533,3/30/26 0:50,21.608,,,
4534,3/30/26 1:00,21.598,,,
4535,3/30/26 1:10,21.619,,,
4536,3/30/26 1:20,21.576,,,
4537,3/30/26 1:30,21.555,,,
4538,3/30/26 1:40,21.49,,,
4539,3/30/26 1:50,21.533,,,
4540,3/30/26 2:00,21.544,,,
4541,3/30/26 2:10,21.565,,,
4542,3/30/26 2:20,21.565,,,
4543,3/30/26 2:30,21.565,,,
4544,3/30/26 2:40,21.522,,,
4545,3/30/26 2:50,21.533,,,
4546,3/30/26 3:00,21.501,,,
4547,3/30/26 3:10,21.49,,,
4548,3/30/26 3:20,21.469,,,
4549,3/30/26 3:30,21.469,,,
4550,3/30/26 3:40,21.469,,,
4551,3/30/26 3:50,21.458,,,
4552,3/30/26 4:00,21.469,,,
4553,3/30/26 4:10,21.469,,,
4554,3/30/26 4:20,21.501,,,
4555,3/30/26 4:30,21.48,,,
4556,3/30/26 4:40,21.437,,,
4557,3/30/26 4:50,21.426,,,
4558,3/30/26 5:00,21.415,,,
4559,3/30/26 5:10,21.405,,,
4560,3/30/26 5:20,21.394,,,
4561,3/30/26 5:30,21.415,,,
4562,3/30/26 5:40,21.426,,,
4563,3/30/26 5:50,21.447,,,
4564,3/30/26 6:00,21.447,,,
4565,3/30/26 6:10,21.469,,,
4566,3/30/26 6:20,21.469,,,
4567,3/30/26 6:30,21.437,,,
4568,3/30/26 6:40,21.447,,,
4569,3/30/26 6:50,21.458,,,
4570,3/30/26 7:00,21.469,,,
4571,3/30/26 7:10,21.469,,,
4572,3/30/26 7:20,21.501,,,
4573,3/30/26 7:30,21.533,,,
4574,3/30/26 7:40,21.576,,,
4575,3/30/26 7:50,21.619,,,
4576,3/30/26 8:00,21.64,,,
4577,3/30/26 8:10,21.683,,,
4578,3/30/26 8:20,21.758,,,
4579,3/30/26 8:30,21.909,,,
4580,3/30/26 8:40,22.005,,,
4581,3/30/26 8:50,22.198,,,
4582,3/30/26 9:00,22.348,,,
4583,3/30/26 9:10,22.498,,,
4584,3/30/26 9:20,22.681,,,
4585,3/30/26 9:30,22.852,,,
4586,3/30/26 9:40,22.992,,,
4587,3/30/26 9:50,23.174,,,
4588,3/30/26 10:00,23.346,,,
4589,3/30/26 10:10,23.517,,,
4590,3/30/26 10:20,23.668,,,
4591,3/30/26 10:30,23.861,,,
4592,3/30/26 10:40,24.064,,,
4593,3/30/26 10:50,24.214,,,
4594,3/30/26 11:00,24.268,,,
4595,3/30/26 11:10,24.45,,,
4596,3/30/26 11:20,24.633,,,
4597,3/30/26 11:30,24.729,,,
4598,3/30/26 11:40,24.922,,,
4599,3/30/26 11:50,25.148,,,
4600,3/30/26 12:00,25.384,,,
4601,3/30/26 12:10,25.641,,,
4602,3/30/26 12:20,25.877,,,
4603,3/30/26 12:30,26.048,,,
4604,3/30/26 12:40,26.209,,,
4605,3/30/26 12:50,26.349,,,
4606,3/30/26 13:00,26.488,,,
4607,3/30/26 13:10,26.574,,,
4608,3/30/26 13:20,26.703,,,
4609,3/30/26 13:30,26.821,,,
4610,3/30/26 13:40,26.864,,,
4611,3/30/26 13:50,27.014,,,
4612,3/30/26 14:00,27.057,,,
4613,3/30/26 14:10,26.896,,,
4614,3/30/26 14:20,26.81,,,
4615,3/30/26 14:30,27.142,,,
4616,3/30/26 14:40,26.789,,,
4617,3/30/26 14:50,26.767,,,
4618,3/30/26 15:00,26.735,,,
4619,3/30/26 15:10,26.756,,,
4620,3/30/26 15:20,26.713,,,
4621,3/30/26 15:30,26.681,,,
4622,3/30/26 15:40,26.649,,,
4623,3/30/26 15:50,26.606,,,
4624,3/30/26 16:00,26.531,,,
4625,3/30/26 16:10,26.488,,,
4626,3/30/26 16:20,26.274,,,
4627,3/30/26 16:30,25.909,,,
4628,3/30/26 16:40,25.619,,,
4629,3/30/26 16:50,25.362,,,
4630,3/30/26 17:00,25.115,,,
4631,3/30/26 17:10,24.901,,,
4632,3/30/26 17:20,24.686,,,
4633,3/30/26 17:30,24.526,,,
4634,3/30/26 17:40,24.354,,,
4635,3/30/26 17:50,24.193,,,
4636,3/30/26 18:00,24.032,,,
4637,3/30/26 18:10,23.882,,,
4638,3/30/26 18:20,23.71,,,
4639,3/30/26 18:30,23.592,,,
4640,3/30/26 18:40,23.464,,,
4641,3/30/26 18:50,23.356,,,
4642,3/30/26 19:00,23.271,,,
4643,3/30/26 19:10,23.174,,,
4644,3/30/26 19:20,23.088,,,
4645,3/30/26 19:30,23.045,,,
4646,3/30/26 19:40,22.981,,,
4647,3/30/26 19:50,22.917,,,
4648,3/30/26 20:00,22.842,,,
4649,3/30/26 20:10,22.81,,,
4650,3/30/26 20:20,22.777,,,
4651,3/30/26 20:30,22.681,,,
4652,3/30/26 20:40,22.659,,,
4653,3/30/26 20:50,22.606,,,
4654,3/30/26 21:00,22.584,,,
4655,3/30/26 21:10,22.574,,,
4656,3/30/26 21:20,22.552,,,
4657,3/30/26 21:30,22.552,,,
4658,3/30/26 21:40,22.541,,,
4659,3/30/26 21:50,22.509,,,
4660,3/30/26 22:00,22.509,,,
4661,3/30/26 22:10,22.509,,,
4662,3/30/26 22:20,22.488,,,
4663,3/30/26 22:30,22.434,,,
4664,3/30/26 22:40,22.445,,,
4665,3/30/26 22:50,22.445,,,
4666,3/30/26 23:00,22.434,,,
4667,3/30/26 23:10,22.413,,,
4668,3/30/26 23:20,22.413,,,
4669,3/30/26 23:30,22.391,,,
4670,3/30/26 23:40,22.37,,,
4671,3/30/26 23:50,22.348,,,
4672,3/31/26 0:00,22.338,,,
4673,3/31/26 0:10,22.338,,,
4674,3/31/26 0:20,22.305,,,
4675,3/31/26 0:30,22.284,,,
4676,3/31/26 0:40,22.273,,,
4677,3/31/26 0:50,22.252,,,
4678,3/31/26 1:00,22.252,,,
4679,3/31/26 1:10,22.305,,,
4680,3/31/26 1:20,22.295,,,
4681,3/31/26 1:30,22.295,,,
4682,3/31/26 1:40,22.295,,,
4683,3/31/26 1:50,22.273,,,
4684,3/31/26 2:00,22.273,,,
4685,3/31/26 2:10,22.241,,,
4686,3/31/26 2:20,22.241,,,
4687,3/31/26 2:30,22.241,,,
4688,3/31/26 2:40,22.23,,,
4689,3/31/26 2:50,22.22,,,
4690,3/31/26 3:00,22.209,,,
4691,3/31/26 3:10,22.177,,,
4692,3/31/26 3:20,22.177,,,
4693,3/31/26 3:30,22.177,,,
4694,3/31/26 3:40,22.177,,,
4695,3/31/26 3:50,22.177,,,
4696,3/31/26 4:00,22.209,,,
4697,3/31/26 4:10,22.187,,,
4698,3/31/26 4:20,22.198,,,
4699,3/31/26 4:30,22.209,,,
4700,3/31/26 4:40,22.198,,,
4701,3/31/26 4:50,22.209,,,
4702,3/31/26 5:00,22.209,,,
4703,3/31/26 5:10,22.209,,,
4704,3/31/26 5:20,22.198,,,
4705,3/31/26 5:30,22.198,,,
4706,3/31/26 5:40,22.187,,,
4707,3/31/26 5:50,22.166,,,
4708,3/31/26 6:00,22.145,,,
4709,3/31/26 6:10,22.134,,,
4710,3/31/26 6:20,22.123,,,
4711,3/31/26 6:30,22.102,,,
4712,3/31/26 6:40,22.091,,,
4713,3/31/26 6:50,22.08,,,
4714,3/31/26 7:00,22.08,,,
4715,3/31/26 7:10,22.059,,,
4716,3/31/26 7:20,22.091,,,
4717,3/31/26 7:30,22.123,,,
4718,3/31/26 7:40,22.145,,,
4719,3/31/26 7:50,22.209,,,
4720,3/31/26 8:00,22.284,,,
4721,3/31/26 8:10,22.37,,,
4722,3/31/26 8:20,22.445,,,
4723,3/31/26 8:30,22.488,,,
4724,3/31/26 8:40,22.541,,,
4725,3/31/26 8:50,22.627,,,
4726,3/31/26 9:00,22.767,,,
4727,3/31/26 9:10,22.917,,,
4728,3/31/26 9:20,23.045,,,
4729,3/31/26 9:30,23.131,,,
4730,3/31/26 9:40,23.303,,,
4731,3/31/26 9:50,23.474,,,
4732,3/31/26 10:00,23.442,,,
4733,3/31/26 10:10,23.614,,,
4734,3/31/26 10:20,23.807,,,
4735,3/31/26 10:30,23.85,,,
4736,3/31/26 10:40,23.989,,,
4737,3/31/26 10:50,24.139,,,
4738,3/31/26 11:00,24.268,,,
4739,3/31/26 11:10,24.193,,,
4740,3/31/26 11:20,24.257,,,
4741,3/31/26 11:30,24.44,,,
4742,3/31/26 11:40,24.472,,,
4743,3/31/26 11:50,24.408,,,
4744,3/31/26 12:00,24.772,,,
4745,3/31/26 12:10,25.105,,,
4746,3/31/26 12:20,26.338,,,
4747,3/31/26 12:30,26.992,,,
4748,3/31/26 12:40,26.585,,,
4749,3/31/26 12:50,26.563,,,
4750,3/31/26 13:00,26.735,,,
4751,3/31/26 13:10,26.831,,,
4752,3/31/26 13:20,26.767,,,
4753,3/31/26 13:30,26.799,,,
4754,3/31/26 13:40,26.756,,,
4755,3/31/26 13:50,26.531,,,
4756,3/31/26 14:00,26.295,,,
4757,3/31/26 14:10,26.124,,,
4758,3/31/26 14:20,26.242,,,
4759,3/31/26 14:30,26.209,,,
4760,3/31/26 14:40,26.038,,,
4761,3/31/26 14:50,26.242,,,
4762,3/31/26 15:00,25.973,,,
4763,3/31/26 15:10,25.834,,,
4764,3/31/26 15:20,25.684,,,
4765,3/31/26 15:30,25.684,,,
4766,3/31/26 15:40,25.673,,,
4767,3/31/26 15:50,25.598,,,
4768,3/31/26 16:00,25.534,,,
4769,3/31/26 16:10,25.426,,,
4770,3/31/26 16:20,25.266,,,
4771,3/31/26 16:30,25.105,,,
4772,3/31/26 16:40,24.955,,,
4773,3/31/26 16:50,24.751,,,
4774,3/31/26 17:00,24.568,,,
4775,3/31/26 17:10,24.397,,,
4776,3/31/26 17:20,24.247,,,
4777,3/31/26 17:30,24.097,,,
4778,3/31/26 17:40,23.968,,,
4779,3/31/26 17:50,23.85,,,
4780,3/31/26 18:00,23.753,,,
4781,3/31/26 18:10,23.635,,,
4782,3/31/26 18:20,23.528,,,
4783,3/31/26 18:30,23.378,,,
4784,3/31/26 18:40,23.249,,,
4785,3/31/26 18:50,23.163,,,
4786,3/31/26 19:00,23.056,,,
4787,3/31/26 19:10,23.013,,,
4788,3/31/26 19:20,22.917,,,
4789,3/31/26 19:30,22.852,,,
4790,3/31/26 19:40,22.799,,,
4791,3/31/26 19:50,22.767,,,
4792,3/31/26 20:00,22.745,,,
4793,3/31/26 20:10,22.724,,,
4794,3/31/26 20:20,22.681,,,
4795,3/31/26 20:30,22.649,,,
4796,3/31/26 20:40,22.606,,,
4797,3/31/26 20:50,22.584,,,
4798,3/31/26 21:00,22.52,,,
4799,3/31/26 21:10,22.488,,,
4800,3/31/26 21:20,22.434,,,
4801,3/31/26 21:30,22.423,,,
4802,3/31/26 21:40,22.391,,,
4803,3/31/26 21:50,22.37,,,
4804,3/31/26 22:00,22.37,,,
4805,3/31/26 22:10,22.338,,,
4806,3/31/26 22:20,22.338,,,
4807,3/31/26 22:30,22.316,,,
4808,3/31/26 22:40,22.284,,,
4809,3/31/26 22:50,22.263,,,
4810,3/31/26 23:00,22.209,,,
4811,3/31/26 23:10,22.198,,,
4812,3/31/26 23:20,22.198,,,
4813,3/31/26 23:30,22.187,,,
4814,3/31/26 23:40,22.177,,,
4815,3/31/26 23:50,22.112,,,
4816,4/1/26 0:00,22.102,,,
4817,4/1/26 0:10,22.091,,,
4818,4/1/26 0:20,22.059,,,
4819,4/1/26 0:30,22.016,,,
4820,4/1/26 0:40,22.016,,,
4821,4/1/26 0:50,21.994,,,
4822,4/1/26 1:00,21.984,,,
4823,4/1/26 1:10,21.984,,,
4824,4/1/26 1:20,21.952,,,
4825,4/1/26 1:30,21.93,,,
4826,4/1/26 1:40,21.919,,,
4827,4/1/26 1:50,21.941,,,
4828,4/1/26 2:00,21.898,,,
4829,4/1/26 2:10,21.898,,,
4830,4/1/26 2:20,21.898,,,
4831,4/1/26 2:30,21.898,,,
4832,4/1/26 2:40,21.876,,,
4833,4/1/26 2:50,21.866,,,
4834,4/1/26 3:00,21.844,,,
4835,4/1/26 3:10,21.834,,,
4836,4/1/26 3:20,21.801,,,
4837,4/1/26 3:30,21.801,,,
4838,4/1/26 3:40,21.812,,,
4839,4/1/26 3:50,21.791,,,
4840,4/1/26 4:00,21.791,,,
4841,4/1/26 4:10,21.812,,,
4842,4/1/26 4:20,21.791,,,
4843,4/1/26 4:30,21.791,,,
4844,4/1/26 4:40,21.791,,,
4845,4/1/26 4:50,21.791,,,
4846,4/1/26 5:00,21.801,,,
4847,4/1/26 5:10,21.78,,,
4848,4/1/26 5:20,21.769,,,
4849,4/1/26 5:30,21.791,,,
4850,4/1/26 5:40,21.78,,,
4851,4/1/26 5:50,21.78,,,
4852,4/1/26 6:00,21.78,,,
4853,4/1/26 6:10,21.801,,,
4854,4/1/26 6:20,21.791,,,
4855,4/1/26 6:30,21.812,,,
4856,4/1/26 6:40,21.791,,,
4857,4/1/26 6:50,21.812,,,
4858,4/1/26 7:00,21.866,,,
4859,4/1/26 7:10,21.876,,,
4860,4/1/26 7:20,21.93,,,
4861,4/1/26 7:30,22.005,,,
4862,4/1/26 7:40,22.112,,,
4863,4/1/26 7:50,22.22,,,
4864,4/1/26 8:00,22.338,,,
4865,4/1/26 8:10,22.456,,,
4866,4/1/26 8:20,22.584,,,
4867,4/1/26 8:30,22.692,,,
4868,4/1/26 8:40,22.745,,,
4869,4/1/26 8:50,22.852,,,
4870,4/1/26 9:00,23.003,,,
4871,4/1/26 9:10,23.174,,,
4872,4/1/26 9:20,23.303,,,
4873,4/1/26 9:30,23.303,,,
4874,4/1/26 9:40,23.367,,,
4875,4/1/26 9:50,23.453,,,
4876,4/1/26 10:00,23.732,,,
4877,4/1/26 10:10,23.914,,,
4878,4/1/26 10:20,24,,,
4879,4/1/26 10:30,24.011,,,
4880,4/1/26 10:40,24.032,,,
4881,4/1/26 10:50,24.054,,,
4882,4/1/26 11:00,24.322,,,
4883,4/1/26 11:10,24.311,,,
4884,4/1/26 11:20,24.365,,,
4885,4/1/26 11:30,24.365,,,
4886,4/1/26 11:40,24.472,,,
4887,4/1/26 11:50,24.633,,,
4888,4/1/26 12:00,24.686,,,
4889,4/1/26 12:10,24.847,,,
4890,4/1/26 12:20,24.847,,,
4891,4/1/26 12:30,25.201,,,
4892,4/1/26 12:40,24.987,,,
4893,4/1/26 12:50,25.255,,,
4894,4/1/26 13:00,25.169,,,
4895,4/1/26 13:10,25.137,,,
4896,4/1/26 13:20,25.341,,,
4897,4/1/26 13:30,25.33,,,
4898,4/1/26 13:40,25.244,,,
4899,4/1/26 13:50,25.641,,,
4900,4/1/26 14:00,25.448,,,
4901,4/1/26 14:10,25.652,,,
4902,4/1/26 14:20,25.609,,,
4903,4/1/26 14:30,25.48,,,
4904,4/1/26 14:40,25.791,,,
4905,4/1/26 14:50,25.802,,,
4906,4/1/26 15:00,25.748,,,
4907,4/1/26 15:10,25.802,,,
4908,4/1/26 15:20,25.834,,,
4909,4/1/26 15:30,25.866,,,
4910,4/1/26 15:40,25.823,,,
4911,4/1/26 15:50,25.823,,,
4912,4/1/26 16:00,25.791,,,
4913,4/1/26 16:10,25.684,,,
4914,4/1/26 16:20,25.534,,,
4915,4/1/26 16:30,25.502,,,
4916,4/1/26 16:40,25.448,,,
4917,4/1/26 16:50,25.319,,,
4918,4/1/26 17:00,25.137,,,
4919,4/1/26 17:10,24.922,,,
4920,4/1/26 17:20,24.729,,,
4921,4/1/26 17:30,24.568,,,
4922,4/1/26 17:40,24.408,,,
4923,4/1/26 17:50,24.247,,,
4924,4/1/26 18:00,24.172,,,
4925,4/1/26 18:10,24.043,,,
4926,4/1/26 18:20,23.946,,,
4927,4/1/26 18:30,23.818,,,
4928,4/1/26 18:40,23.721,,,
4929,4/1/26 18:50,23.625,,,
4930,4/1/26 19:00,23.528,,,
4931,4/1/26 19:10,23.432,,,
4932,4/1/26 19:20,23.346,,,
4933,4/1/26 19:30,23.303,,,
4934,4/1/26 19:40,23.217,,,
4935,4/1/26 19:50,23.142,,,
4936,4/1/26 20:00,23.099,,,
4937,4/1/26 20:10,23.045,,,
4938,4/1/26 20:20,22.97,,,
4939,4/1/26 20:30,22.885,,,
4940,4/1/26 20:40,22.852,,,
4941,4/1/26 20:50,22.81,,,
4942,4/1/26 21:00,22.777,,,
4943,4/1/26 21:10,22.777,,,
4944,4/1/26 21:20,22.734,,,
4945,4/1/26 21:30,22.713,,,
4946,4/1/26 21:40,22.681,,,
4947,4/1/26 21:50,22.681,,,
4948,4/1/26 22:00,22.627,,,
4949,4/1/26 22:10,22.584,,,
4950,4/1/26 22:20,22.595,,,
4951,4/1/26 22:30,22.584,,,
4952,4/1/26 22:40,22.541,,,
4953,4/1/26 22:50,22.52,,,
4954,4/1/26 23:00,22.541,,,
4955,4/1/26 23:10,22.52,,,
4956,4/1/26 23:20,22.52,,,
4957,4/1/26 23:30,22.477,,,
4958,4/1/26 23:40,22.477,,,
4959,4/1/26 23:50,22.488,,,
4960,4/2/26 0:00,22.456,,,
4961,4/2/26 0:10,22.466,,,
4962,4/2/26 0:20,22.423,,,
4963,4/2/26 0:30,22.413,,,
4964,4/2/26 0:40,22.402,,,
4965,4/2/26 0:50,22.359,,,
4966,4/2/26 1:00,22.359,,,
4967,4/2/26 1:10,22.37,,,
4968,4/2/26 1:20,22.348,,,
4969,4/2/26 1:30,22.338,,,
4970,4/2/26 1:40,22.295,,,
4971,4/2/26 1:50,22.305,,,
4972,4/2/26 2:00,22.273,,,
4973,4/2/26 2:10,22.273,,,
4974,4/2/26 2:20,22.23,,,
4975,4/2/26 2:30,22.263,,,
4976,4/2/26 2:40,22.22,,,
4977,4/2/26 2:50,22.23,,,
4978,4/2/26 3:00,22.198,,,
4979,4/2/26 3:10,22.177,,,
4980,4/2/26 3:20,22.145,,,
4981,4/2/26 3:30,22.145,,,
4982,4/2/26 3:40,22.145,,,
4983,4/2/26 3:50,22.102,,,
4984,4/2/26 4:00,22.112,,,
4985,4/2/26 4:10,22.08,,,
4986,4/2/26 4:20,22.08,,,
4987,4/2/26 4:30,22.08,,,
4988,4/2/26 4:40,22.091,,,
4989,4/2/26 4:50,22.102,,,
4990,4/2/26 5:00,22.08,,,
4991,4/2/26 5:10,22.08,,,
4992,4/2/26 5:20,22.069,,,
4993,4/2/26 5:30,22.037,,,
4994,4/2/26 5:40,22.037,,,
4995,4/2/26 5:50,22.027,,,
4996,4/2/26 6:00,22.037,,,
4997,4/2/26 6:10,22.037,,,
4998,4/2/26 6:20,22.027,,,
4999,4/2/26 6:30,22.048,,,
5000,4/2/26 6:40,22.037,,,
5001,4/2/26 6:50,22.091,,,
5002,4/2/26 7:00,22.112,,,
5003,4/2/26 7:10,22.145,,,
5004,4/2/26 7:20,22.209,,,
5005,4/2/26 7:30,22.263,,,
5006,4/2/26 7:40,22.338,,,
5007,4/2/26 7:50,22.413,,,
5008,4/2/26 8:00,22.413,,,
5009,4/2/26 8:10,22.445,,,
5010,4/2/26 8:20,22.541,,,
5011,4/2/26 8:30,22.627,,,
5012,4/2/26 8:40,22.745,,,
5013,4/2/26 8:50,22.917,,,
5014,4/2/26 9:00,23.035,,,
5015,4/2/26 9:10,23.099,,,
5016,4/2/26 9:20,23.174,,,
5017,4/2/26 9:30,23.399,,,
5018,4/2/26 9:40,23.528,,,
5019,4/2/26 9:50,23.71,,,
5020,4/2/26 10:00,23.7,,,
5021,4/2/26 10:10,23.743,,,
5022,4/2/26 10:20,23.85,,,
5023,4/2/26 10:30,24.097,,,
5024,4/2/26 10:40,24.097,,,
5025,4/2/26 10:50,24.397,,,
5026,4/2/26 11:00,24.579,,,
5027,4/2/26 11:10,24.858,,,
5028,4/2/26 11:20,24.901,,,
5029,4/2/26 11:30,24.837,,,
5030,4/2/26 11:40,24.676,,,
5031,4/2/26 11:50,24.601,,,
5032,4/2/26 12:00,24.804,,,
5033,4/2/26 12:10,25.298,,,
5034,4/2/26 12:20,25.598,,,
5035,4/2/26 12:30,25.577,,,
5036,4/2/26 12:40,25.652,,,
5037,4/2/26 12:50,26.166,,,
5038,4/2/26 13:00,26.231,,,
5039,4/2/26 13:10,26.906,,,
5040,4/2/26 13:20,26.435,,,
5041,4/2/26 13:30,26.081,,,
5042,4/2/26 13:40,25.877,,,
5043,4/2/26 13:50,25.577,,,
5044,4/2/26 14:00,25.641,,,
5045,4/2/26 14:10,25.77,,,
5046,4/2/26 14:20,25.888,,,
5047,4/2/26 14:30,25.759,,,
5048,4/2/26 14:40,25.662,,,
5049,4/2/26 14:50,25.534,,,
5050,4/2/26 15:00,25.373,,,
5051,4/2/26 15:10,25.19,,,
5052,4/2/26 15:20,25.062,,,
5053,4/2/26 15:30,24.987,,,
5054,4/2/26 15:40,24.89,,,
5055,4/2/26 15:50,24.847,,,
5056,4/2/26 16:00,24.794,,,
5057,4/2/26 16:10,24.74,,,
5058,4/2/26 16:20,24.676,,,
5059,4/2/26 16:30,24.59,,,
5060,4/2/26 16:40,24.526,,,
5061,4/2/26 16:50,24.418,,,
5062,4/2/26 17:00,24.343,,,
5063,4/2/26 17:10,24.257,,,
5064,4/2/26 17:20,24.182,,,
5065,4/2/26 17:30,24.086,,,
5066,4/2/26 17:40,24,,,
5067,4/2/26 17:50,23.914,,,
5068,4/2/26 18:00,23.828,,,
5069,4/2/26 18:10,23.753,,,
5070,4/2/26 18:20,23.668,,,
5071,4/2/26 18:30,23.592,,,
5072,4/2/26 18:40,23.496,,,
5073,4/2/26 18:50,23.453,,,
5074,4/2/26 19:00,23.356,,,
5075,4/2/26 19:10,23.281,,,
5076,4/2/26 19:20,23.217,,,
5077,4/2/26 19:30,23.196,,,
5078,4/2/26 19:40,23.099,,,
5079,4/2/26 19:50,23.045,,,
5080,4/2/26 20:00,22.992,,,
5081,4/2/26 20:10,22.949,,,
5082,4/2/26 20:20,22.895,,,
5083,4/2/26 20:30,22.831,,,
5084,4/2/26 20:40,22.81,,,
5085,4/2/26 20:50,22.745,,,
5086,4/2/26 21:00,22.724,,,
5087,4/2/26 21:10,22.681,,,
5088,4/2/26 21:20,22.649,,,
5089,4/2/26 21:30,22.595,,,
5090,4/2/26 21:40,22.584,,,
5091,4/2/26 21:50,22.574,,,
5092,4/2/26 22:00,22.52,,,
5093,4/2/26 22:10,22.498,,,
5094,4/2/26 22:20,22.477,,,
5095,4/2/26 22:30,22.445,,,
5096,4/2/26 22:40,22.445,,,
5097,4/2/26 22:50,22.434,,,
5098,4/2/26 23:00,22.413,,,
5099,4/2/26 23:10,22.413,,,
5100,4/2/26 23:20,22.37,,,
5101,4/2/26 23:30,22.37,,,
5102,4/2/26 23:40,22.338,,,
5103,4/2/26 23:50,22.338,,,
5104,4/3/26 0:00,22.295,,,
5105,4/3/26 0:10,22.295,,,
5106,4/3/26 0:20,22.305,,,
5107,4/3/26 0:30,22.273,,,
5108,4/3/26 0:40,22.252,,,
5109,4/3/26 0:50,22.23,,,
5110,4/3/26 1:00,22.23,,,
5111,4/3/26 1:10,22.198,,,
5112,4/3/26 1:20,22.209,,,
5113,4/3/26 1:30,22.198,,,
5114,4/3/26 1:40,22.177,,,
5115,4/3/26 1:50,22.155,,,
5116,4/3/26 2:00,22.145,,,
5117,4/3/26 2:10,22.145,,,
5118,4/3/26 2:20,22.112,,,
5119,4/3/26 2:30,22.145,,,
5120,4/3/26 2:40,22.134,,,
5121,4/3/26 2:50,22.145,,,
5122,4/3/26 3:00,22.123,,,
5123,4/3/26 3:10,22.145,,,
5124,4/3/26 3:20,22.123,,,
5125,4/3/26 3:30,22.134,,,
5126,4/3/26 3:40,22.134,,,
5127,4/3/26 3:50,22.145,,,
5128,4/3/26 4:00,22.145,,,
5129,4/3/26 4:10,22.123,,,
5130,4/3/26 4:20,22.145,,,
5131,4/3/26 4:30,22.145,,,
5132,4/3/26 4:40,22.134,,,
5133,4/3/26 4:50,22.134,,,
5134,4/3/26 5:00,22.145,,,
5135,4/3/26 5:10,22.155,,,
5136,4/3/26 5:20,22.123,,,
5137,4/3/26 5:30,22.102,,,
5138,4/3/26 5:40,22.112,,,
5139,4/3/26 5:50,22.091,,,
5140,4/3/26 6:00,22.069,,,
5141,4/3/26 6:10,22.08,,,
5142,4/3/26 6:20,22.069,,,
5143,4/3/26 6:30,22.048,,,
5144,4/3/26 6:40,22.059,,,
5145,4/3/26 6:50,22.069,,,
5146,4/3/26 7:00,22.069,,,
5147,4/3/26 7:10,22.091,,,
5148,4/3/26 7:20,22.112,,,
5149,4/3/26 7:30,22.187,,,
5150,4/3/26 7:40,22.241,,,
5151,4/3/26 7:50,22.316,,,
5152,4/3/26 8:00,22.402,,,
5153,4/3/26 8:10,22.498,,,
5154,4/3/26 8:20,22.595,,,
5155,4/3/26 8:30,22.638,,,
5156,4/3/26 8:40,22.745,,,
5157,4/3/26 8:50,22.938,,,
5158,4/3/26 9:00,23.11,,,
5159,4/3/26 9:10,23.26,,,
5160,4/3/26 9:20,23.442,,,
5161,4/3/26 9:30,23.571,,,
5162,4/3/26 9:40,23.753,,,
5163,4/3/26 9:50,23.925,,,
5164,4/3/26 10:00,24.129,,,
5165,4/3/26 10:10,24.322,,,
5166,4/3/26 10:20,24.483,,,
5167,4/3/26 10:30,24.601,,,
5168,4/3/26 10:40,24.847,,,
5169,4/3/26 10:50,25.03,,,
5170,4/3/26 11:00,25.223,,,
5171,4/3/26 11:10,25.426,,,
5172,4/3/26 11:20,25.619,,,
5173,4/3/26 11:30,25.802,,,
5174,4/3/26 11:40,25.995,,,
5175,4/3/26 11:50,26.177,,,
5176,4/3/26 12:00,26.392,,,
5177,4/3/26 12:10,26.606,,,
5178,4/3/26 12:20,26.746,,,
5179,4/3/26 12:30,26.928,,,
5180,4/3/26 12:40,26.724,,,
5181,4/3/26 12:50,27.196,,,
5182,4/3/26 13:00,27.325,,,
5183,4/3/26 13:10,27.432,,,
5184,4/3/26 13:20,27.303,,,
5185,4/3/26 13:30,27.496,,,
5186,4/3/26 13:40,27.539,,,
5187,4/3/26 13:50,27.453,,,
5188,4/3/26 14:00,27.411,,,
5189,4/3/26 14:10,27.453,,,
5190,4/3/26 14:20,27.164,,,
5191,4/3/26 14:30,26.992,,,
5192,4/3/26 14:40,27.4,,,
5193,4/3/26 14:50,27.078,,,
5194,4/3/26 15:00,26.831,,,
5195,4/3/26 15:10,26.789,,,
5196,4/3/26 15:20,26.746,,,
5197,4/3/26 15:30,26.724,,,
5198,4/3/26 15:40,26.606,,,
5199,4/3/26 15:50,26.52,,,
5200,4/3/26 16:00,26.435,,,
5201,4/3/26 16:10,26.338,,,
5202,4/3/26 16:20,26.177,,,
5203,4/3/26 16:30,25.952,,,
5204,4/3/26 16:40,25.845,,,
5205,4/3/26 16:50,25.759,,,
5206,4/3/26 17:00,25.63,,,
5207,4/3/26 17:10,25.502,,,
5208,4/3/26 17:20,25.319,,,
5209,4/3/26 17:30,25.137,,,
5210,4/3/26 17:40,24.912,,,
5211,4/3/26 17:50,24.761,,,
5212,4/3/26 18:00,24.59,,,
5213,4/3/26 18:10,24.408,,,
5214,4/3/26 18:20,24.257,,,
5215,4/3/26 18:30,24.129,,,
5216,4/3/26 18:40,23.979,,,
5217,4/3/26 18:50,23.861,,,
5218,4/3/26 19:00,23.743,,,
5219,4/3/26 19:10,23.625,,,
5220,4/3/26 19:20,23.56,,,
5221,4/3/26 19:30,23.453,,,
5222,4/3/26 19:40,23.389,,,
5223,4/3/26 19:50,23.303,,,
5224,4/3/26 20:00,23.217,,,
5225,4/3/26 20:10,23.163,,,
5226,4/3/26 20:20,23.078,,,
5227,4/3/26 20:30,22.992,,,
5228,4/3/26 20:40,22.938,,,
5229,4/3/26 20:50,22.874,,,
5230,4/3/26 21:00,22.842,,,
5231,4/3/26 21:10,22.799,,,
5232,4/3/26 21:20,22.799,,,
5233,4/3/26 21:30,22.767,,,
5234,4/3/26 21:40,22.724,,,
5235,4/3/26 21:50,22.713,,,
5236,4/3/26 22:00,22.681,,,
5237,4/3/26 22:10,22.627,,,
5238,4/3/26 22:20,22.595,,,
5239,4/3/26 22:30,22.574,,,
5240,4/3/26 22:40,22.541,,,
5241,4/3/26 22:50,22.509,,,
5242,4/3/26 23:00,22.509,,,
5243,4/3/26 23:10,22.477,,,
5244,4/3/26 23:20,22.456,,,
5245,4/3/26 23:30,22.445,,,
5246,4/3/26 23:40,22.445,,,
5247,4/3/26 23:50,22.402,,,
5248,4/4/26 0:00,22.402,,,
5249,4/4/26 0:10,22.37,,,
5250,4/4/26 0:20,22.37,,,
5251,4/4/26 0:30,22.348,,,
5252,4/4/26 0:40,22.348,,,
5253,4/4/26 0:50,22.338,,,
5254,4/4/26 1:00,22.305,,,
5255,4/4/26 1:10,22.327,,,
5256,4/4/26 1:20,22.316,,,
5257,4/4/26 1:30,22.305,,,
5258,4/4/26 1:40,22.295,,,
5259,4/4/26 1:50,22.295,,,
5260,4/4/26 2:00,22.305,,,
5261,4/4/26 2:10,22.263,,,
5262,4/4/26 2:20,22.241,,,
5263,4/4/26 2:30,22.23,,,
5264,4/4/26 2:40,22.22,,,
5265,4/4/26 2:50,22.22,,,
5266,4/4/26 3:00,22.22,,,
5267,4/4/26 3:10,22.198,,,
5268,4/4/26 3:20,22.177,,,
5269,4/4/26 3:30,22.166,,,
5270,4/4/26 3:40,22.177,,,
5271,4/4/26 3:50,22.166,,,
5272,4/4/26 4:00,22.145,,,
5273,4/4/26 4:10,22.112,,,
5274,4/4/26 4:20,22.102,,,
5275,4/4/26 4:30,22.08,,,
5276,4/4/26 4:40,22.091,,,
5277,4/4/26 4:50,22.069,,,
5278,4/4/26 5:00,22.069,,,
5279,4/4/26 5:10,22.037,,,
5280,4/4/26 5:20,22.016,,,
5281,4/4/26 5:30,22.016,,,
5282,4/4/26 5:40,22.027,,,
5283,4/4/26 5:50,22.027,,,
5284,4/4/26 6:00,21.994,,,
5285,4/4/26 6:10,21.994,,,
5286,4/4/26 6:20,21.994,,,
5287,4/4/26 6:30,21.962,,,
5288,4/4/26 6:40,21.973,,,
5289,4/4/26 6:50,21.984,,,
5290,4/4/26 7:00,22.037,,,
5291,4/4/26 7:10,22.069,,,
5292,4/4/26 7:20,22.102,,,
5293,4/4/26 7:30,22.145,,,
5294,4/4/26 7:40,22.22,,,
5295,4/4/26 7:50,22.327,,,
5296,4/4/26 8:00,22.445,,,
5297,4/4/26 8:10,22.477,,,
5298,4/4/26 8:20,22.541,,,
5299,4/4/26 8:30,22.702,,,
5300,4/4/26 8:40,22.777,,,
5301,4/4/26 8:50,22.831,,,
5302,4/4/26 9:00,22.917,,,
5303,4/4/26 9:10,23.11,,,
5304,4/4/26 9:20,23.163,,,
5305,4/4/26 9:30,23.185,,,
5306,4/4/26 9:40,23.271,,,
5307,4/4/26 9:50,23.399,,,
5308,4/4/26 10:00,23.56,,,
5309,4/4/26 10:10,23.603,,,
5310,4/4/26 10:20,23.689,,,
5311,4/4/26 10:30,23.871,,,
5312,4/4/26 10:40,23.882,,,
5313,4/4/26 10:50,24.097,,,
5314,4/4/26 11:00,24.29,,,
5315,4/4/26 11:10,24.547,,,
5316,4/4/26 11:20,24.719,,,
5317,4/4/26 11:30,24.708,,,
5318,4/4/26 11:40,25.008,,,
5319,4/4/26 11:50,25.308,,,
5320,4/4/26 12:00,25.63,,,
5321,4/4/26 12:10,25.77,,,
5322,4/4/26 12:20,25.963,,,
5323,4/4/26 12:30,26.37,,,
5324,4/4/26 12:40,26.606,,,
5325,4/4/26 12:50,26.853,,,
5326,4/4/26 13:00,27.089,,,
5327,4/4/26 13:10,27.196,,,
5328,4/4/26 13:20,27.228,,,
5329,4/4/26 13:30,27.453,,,
5330,4/4/26 13:40,27.539,,,
5331,4/4/26 13:50,27.636,,,
5332,4/4/26 14:00,27.647,,,
5333,4/4/26 14:10,27.389,,,
5334,4/4/26 14:20,27.325,,,
5335,4/4/26 14:30,27.271,,,
5336,4/4/26 14:40,27.496,,,
5337,4/4/26 14:50,27.732,,,
5338,4/4/26 15:00,27.55,,,
5339,4/4/26 15:10,27.539,,,
5340,4/4/26 15:20,27.561,,,
5341,4/4/26 15:30,27.582,,,
5342,4/4/26 15:40,27.529,,,
5343,4/4/26 15:50,27.518,,,
5344,4/4/26 16:00,27.496,,,
5345,4/4/26 16:10,27.368,,,
5346,4/4/26 16:20,27.303,,,
5347,4/4/26 16:30,27.175,,,
5348,4/4/26 16:40,27.057,,,
5349,4/4/26 16:50,26.885,,,
5350,4/4/26 17:00,26.595,,,
5351,4/4/26 17:10,26.338,,,
5352,4/4/26 17:20,26.091,,,
5353,4/4/26 17:30,25.834,,,
5354,4/4/26 17:40,25.587,,,
5355,4/4/26 17:50,25.308,,,
5356,4/4/26 18:00,25.115,,,
5357,4/4/26 18:10,24.89,,,
5358,4/4/26 18:20,24.708,,,
5359,4/4/26 18:30,24.526,,,
5360,4/4/26 18:40,24.365,,,
5361,4/4/26 18:50,24.204,,,
5362,4/4/26 19:00,24.086,,,
5363,4/4/26 19:10,23.979,,,
5364,4/4/26 19:20,23.839,,,
5365,4/4/26 19:30,23.753,,,
5366,4/4/26 19:40,23.668,,,
5367,4/4/26 19:50,23.571,,,
5368,4/4/26 20:00,23.496,,,
5369,4/4/26 20:10,23.41,,,
5370,4/4/26 20:20,23.324,,,
5371,4/4/26 20:30,23.26,,,
5372,4/4/26 20:40,23.206,,,
5373,4/4/26 20:50,23.163,,,
5374,4/4/26 21:00,23.088,,,
5375,4/4/26 21:10,23.056,,,
5376,4/4/26 21:20,23.013,,,
5377,4/4/26 21:30,22.981,,,
5378,4/4/26 21:40,22.938,,,
5379,4/4/26 21:50,22.874,,,
5380,4/4/26 22:00,22.82,,,
5381,4/4/26 22:10,22.734,,,
5382,4/4/26 22:20,22.724,,,
5383,4/4/26 22:30,22.649,,,
5384,4/4/26 22:40,22.638,,,
5385,4/4/26 22:50,22.606,,,
5386,4/4/26 23:00,22.563,,,
5387,4/4/26 23:10,22.52,,,
5388,4/4/26 23:20,22.456,,,
5389,4/4/26 23:30,22.445,,,
5390,4/4/26 23:40,22.434,,,
5391,4/4/26 23:50,22.37,,,
5392,4/5/26 0:00,22.37,,,
5393,4/5/26 0:10,22.348,,,
5394,4/5/26 0:20,22.327,,,
5395,4/5/26 0:30,22.327,,,
5396,4/5/26 0:40,22.305,,,
5397,4/5/26 0:50,22.273,,,
5398,4/5/26 1:00,22.284,,,
5399,4/5/26 1:10,22.295,,,
5400,4/5/26 1:20,22.273,,,
5401,4/5/26 1:30,22.284,,,
5402,4/5/26 1:40,22.273,,,
5403,4/5/26 1:50,22.273,,,
5404,4/5/26 2:00,22.273,,,
5405,4/5/26 2:10,22.273,,,
5406,4/5/26 2:20,22.241,,,
5407,4/5/26 2:30,22.252,,,
5408,4/5/26 2:40,22.241,,,
5409,4/5/26 2:50,22.22,,,
5410,4/5/26 3:00,22.23,,,
5411,4/5/26 3:10,22.241,,,
5412,4/5/26 3:20,22.252,,,
5413,4/5/26 3:30,22.263,,,
5414,4/5/26 3:40,22.252,,,
5415,4/5/26 3:50,22.284,,,
5416,4/5/26 4:00,22.273,,,
5417,4/5/26 4:10,22.316,,,
5418,4/5/26 4:20,22.295,,,
5419,4/5/26 4:30,22.316,,,
5420,4/5/26 4:40,22.338,,,
5421,4/5/26 4:50,22.338,,,
5422,4/5/26 5:00,22.348,,,
5423,4/5/26 5:10,22.359,,,
5424,4/5/26 5:20,22.37,,,
5425,4/5/26 5:30,22.359,,,
5426,4/5/26 5:40,22.338,,,
5427,4/5/26 5:50,22.338,,,
5428,4/5/26 6:00,22.327,,,
5429,4/5/26 6:10,22.338,,,
5430,4/5/26 6:20,22.327,,,
5431,4/5/26 6:30,22.327,,,
5432,4/5/26 6:40,22.327,,,
5433,4/5/26 6:50,22.338,,,
5434,4/5/26 7:00,22.37,,,
5435,4/5/26 7:10,22.434,,,
5436,4/5/26 7:20,22.52,,,
5437,4/5/26 7:30,22.606,,,
5438,4/5/26 7:40,22.616,,,
5439,4/5/26 7:50,22.713,,,
5440,4/5/26 8:00,22.767,,,
5441,4/5/26 8:10,22.863,,,
5442,4/5/26 8:20,22.981,,,
5443,4/5/26 8:30,23.26,,,
5444,4/5/26 8:40,23.249,,,
5445,4/5/26 8:50,23.367,,,
5446,4/5/26 9:00,23.528,,,
5447,4/5/26 9:10,23.592,,,
5448,4/5/26 9:20,23.7,,,
5449,4/5/26 9:30,23.721,,,
5450,4/5/26 9:40,23.796,,,
5451,4/5/26 9:50,24.011,,,
5452,4/5/26 10:00,24.043,,,
5453,4/5/26 10:10,24.075,,,
5454,4/5/26 10:20,24.214,,,
5455,4/5/26 10:30,24.429,,,
5456,4/5/26 10:40,24.504,,,
5457,4/5/26 10:50,24.547,,,
5458,4/5/26 11:00,24.686,,,
5459,4/5/26 11:10,24.751,,,
5460,4/5/26 11:20,24.719,,,
5461,4/5/26 11:30,25.094,,,
5462,4/5/26 11:40,24.987,,,
5463,4/5/26 11:50,24.955,,,
5464,4/5/26 12:00,25.03,,,
5465,4/5/26 12:10,24.976,,,
5466,4/5/26 12:20,25.77,,,
5467,4/5/26 12:30,25.555,,,
5468,4/5/26 12:40,25.566,,,
5469,4/5/26 12:50,25.491,,,
5470,4/5/26 13:00,26.274,,,
5471,4/5/26 13:10,25.748,,,
5472,4/5/26 13:20,25.587,,,
5473,4/5/26 13:30,25.523,,,
5474,4/5/26 13:40,25.598,,,
5475,4/5/26 13:50,25.609,,,
5476,4/5/26 14:00,25.823,,,
5477,4/5/26 14:10,25.695,,,
5478,4/5/26 14:20,25.684,,,
5479,4/5/26 14:30,25.566,,,
5480,4/5/26 14:40,25.394,,,
5481,4/5/26 14:50,23.989,,,
5482,4/5/26 15:00,25.083,,,
5483,4/5/26 15:10,25.115,,,
5484,4/5/26 15:20,25.137,,,
5485,4/5/26 15:30,25.115,,,
5486,4/5/26 15:40,24.879,,,
5487,4/5/26 15:50,25.008,,,
5488,4/5/26 16:00,24.933,,,
5489,4/5/26 16:10,24.847,,,
5490,4/5/26 16:20,24.794,,,
5491,4/5/26 16:30,24.751,,,
5492,4/5/26 16:40,24.74,,,
5493,4/5/26 16:50,24.708,,,
5494,4/5/26 17:00,24.633,,,
5495,4/5/26 17:10,24.536,,,
5496,4/5/26 17:20,24.44,,,
5497,4/5/26 17:30,24.365,,,
5498,4/5/26 17:40,24.279,,,
5499,4/5/26 17:50,24.214,,,
5500,4/5/26 18:00,24.139,,,
5501,4/5/26 18:10,24.075,,,
5502,4/5/26 18:20,24,,,
5503,4/5/26 18:30,23.979,,,
5504,4/5/26 18:40,23.903,,,
5505,4/5/26 18:50,23.85,,,
5506,4/5/26 19:00,23.764,,,
5507,4/5/26 19:10,23.678,,,
5508,4/5/26 19:20,23.592,,,
5509,4/5/26 19:30,23.507,,,
5510,4/5/26 19:40,23.464,,,
5511,4/5/26 19:50,23.432,,,
5512,4/5/26 20:00,23.389,,,
5513,4/5/26 20:10,23.335,,,
5514,4/5/26 20:20,23.281,,,
5515,4/5/26 20:30,23.239,,,
5516,4/5/26 20:40,23.206,,,
5517,4/5/26 20:50,23.174,,,
5518,4/5/26 21:00,23.142,,,
5519,4/5/26 21:10,23.099,,,
5520,4/5/26 21:20,23.078,,,
5521,4/5/26 21:30,23.024,,,
5522,4/5/26 21:40,23.003,,,
5523,4/5/26 21:50,22.97,,,
5524,4/5/26 22:00,22.96,,,
5525,4/5/26 22:10,22.992,,,
5526,4/5/26 22:20,22.981,,,
5527,4/5/26 22:30,22.96,,,
5528,4/5/26 22:40,22.949,,,
5529,4/5/26 22:50,22.96,,,
5530,4/5/26 23:00,22.938,,,
5531,4/5/26 23:10,22.917,,,
5532,4/5/26 23:20,22.927,,,
5533,4/5/26 23:30,22.917,,,
5534,4/5/26 23:40,22.906,,,
5535,4/5/26 23:50,22.927,,,
5536,4/6/26 0:00,22.917,,,
5537,4/6/26 0:10,22.938,,,
5538,4/6/26 0:20,22.938,,,
5539,4/6/26 0:30,22.949,,,
5540,4/6/26 0:40,22.96,,,
5541,4/6/26 0:50,22.981,,,
5542,4/6/26 1:00,22.981,,,
5543,4/6/26 1:10,22.97,,,
5544,4/6/26 1:20,22.97,,,
5545,4/6/26 1:30,22.97,,,
5546,4/6/26 1:40,22.96,,,
5547,4/6/26 1:50,23.024,,,
5548,4/6/26 2:00,23.003,,,
5549,4/6/26 2:10,22.981,,,
5550,4/6/26 2:20,23.013,,,
5551,4/6/26 2:30,23.035,,,
5552,4/6/26 2:40,23.003,,,
5553,4/6/26 2:50,23.013,,,
5554,4/6/26 3:00,23.024,,,
5555,4/6/26 3:10,23.013,,,
5556,4/6/26 3:20,23.045,,,
5557,4/6/26 3:30,23.035,,,
5558,4/6/26 3:40,23.024,,,
5559,4/6/26 3:50,23.035,,,
5560,4/6/26 4:00,23.003,,,
5561,4/6/26 4:10,23.003,,,
5562,4/6/26 4:20,23.013,,,
5563,4/6/26 4:30,22.97,,,
5564,4/6/26 4:40,22.97,,,
5565,4/6/26 4:50,23.003,,,
5566,4/6/26 5:00,22.981,,,
5567,4/6/26 5:10,22.992,,,
5568,4/6/26 5:20,22.981,,,
5569,4/6/26 5:30,23.003,,,
5570,4/6/26 5:40,23.024,,,
5571,4/6/26 5:50,23.045,,,
5572,4/6/26 6:00,22.981,,,
5573,4/6/26 6:10,22.992,,,
5574,4/6/26 6:20,22.992,,,
5575,4/6/26 6:30,22.97,,,
5576,4/6/26 6:40,22.97,,,
5577,4/6/26 6:50,22.97,,,
5578,4/6/26 7:00,22.992,,,
5579,4/6/26 7:10,23.056,,,
5580,4/6/26 7:20,23.056,,,
5581,4/6/26 7:30,23.078,,,
5582,4/6/26 7:40,23.088,,,
5583,4/6/26 7:50,23.121,,,
5584,4/6/26 8:00,23.163,,,
5585,4/6/26 8:10,23.228,,,
5586,4/6/26 8:20,23.281,,,
5587,4/6/26 8:30,23.335,,,
5588,4/6/26 8:40,23.41,,,
5589,4/6/26 8:50,23.442,,,
5590,4/6/26 9:00,23.625,,,
5591,4/6/26 9:10,23.796,,,
5592,4/6/26 9:20,24.193,,,
5593,4/6/26 9:30,24.204,,,
5594,4/6/26 9:40,24.268,,,
5595,4/6/26 9:50,24.386,,,
5596,4/6/26 10:00,24.461,,,
5597,4/6/26 10:10,24.515,,,
5598,4/6/26 10:20,24.665,,,
5599,4/6/26 10:30,24.794,,,
5600,4/6/26 10:40,24.772,,,
5601,4/6/26 10:50,24.922,,,
5602,4/6/26 11:00,24.987,,,
5603,4/6/26 11:10,25.233,,,
5604,4/6/26 11:20,25.502,,,
5605,4/6/26 11:30,25.695,,,
5606,4/6/26 11:40,25.963,,,
5607,4/6/26 11:50,26.199,,,
5608,4/6/26 12:00,26.274,,,
5609,4/6/26 12:10,26.445,,,
5610,4/6/26 12:20,26.531,,,
5611,4/6/26 12:30,26.724,,,
5612,4/6/26 12:40,26.939,,,
5613,4/6/26 12:50,27.003,,,
5614,4/6/26 13:00,27.024,,,
5615,4/6/26 13:10,27.153,,,
5616,4/6/26 13:20,27.089,,,
5617,4/6/26 13:30,27.218,,,
5618,4/6/26 13:40,27.314,,,
5619,4/6/26 13:50,27.325,,,
5620,4/6/26 14:00,27.218,,,
5621,4/6/26 14:10,27.282,,,
5622,4/6/26 14:20,27.346,,,
5623,4/6/26 14:30,27.196,,,
5624,4/6/26 14:40,27.282,,,
5625,4/6/26 14:50,27.303,,,
5626,4/6/26 15:00,27.271,,,
5627,4/6/26 15:10,27.228,,,
5628,4/6/26 15:20,27.218,,,
5629,4/6/26 15:30,27.25,,,
5630,4/6/26 15:40,27.207,,,
5631,4/6/26 15:50,27.164,,,
5632,4/6/26 16:00,27.142,,,
5633,4/6/26 16:10,27.089,,,
5634,4/6/26 16:20,26.992,,,
5635,4/6/26 16:30,26.896,,,
5636,4/6/26 16:40,26.767,,,
5637,4/6/26 16:50,26.553,,,
5638,4/6/26 17:00,26.317,,,
5639,4/6/26 17:10,26.134,,,
5640,4/6/26 17:20,25.952,,,
5641,4/6/26 17:30,25.791,,,
5642,4/6/26 17:40,25.641,,,
5643,4/6/26 17:50,25.502,,,
5644,4/6/26 18:00,25.362,,,
5645,4/6/26 18:10,25.212,,,
5646,4/6/26 18:20,25.062,,,
5647,4/6/26 18:30,24.965,,,
5648,4/6/26 18:40,24.826,,,
5649,4/6/26 18:50,24.74,,,
5650,4/6/26 19:00,24.633,,,
5651,4/6/26 19:10,24.536,,,
5652,4/6/26 19:20,24.472,,,
5653,4/6/26 19:30,24.375,,,
5654,4/6/26 19:40,24.311,,,
5655,4/6/26 19:50,24.247,,,
5656,4/6/26 20:00,24.214,,,
5657,4/6/26 20:10,24.129,,,
5658,4/6/26 20:20,24.075,,,
5659,4/6/26 20:30,24.032,,,
5660,4/6/26 20:40,23.957,,,
5661,4/6/26 20:50,23.861,,,
5662,4/6/26 21:00,23.785,,,
5663,4/6/26 21:10,23.689,,,
5664,4/6/26 21:20,23.657,,,
5665,4/6/26 21:30,23.592,,,
5666,4/6/26 21:40,23.539,,,
5667,4/6/26 21:50,23.507,,,
5668,4/6/26 22:00,23.453,,,
5669,4/6/26 22:10,23.41,,,
5670,4/6/26 22:20,23.367,,,
5671,4/6/26 22:30,23.335,,,
5672,4/6/26 22:40,23.346,,,
5673,4/6/26 22:50,23.303,,,
5674,4/6/26 23:00,23.281,,,
5675,4/6/26 23:10,23.281,,,
5676,4/6/26 23:20,23.271,,,
5677,4/6/26 23:30,23.26,,,
5678,4/6/26 23:40,23.228,,,
5679,4/6/26 23:50,23.26,,,
5680,4/7/26 0:00,23.271,,,
5681,4/7/26 0:10,23.271,,,
5682,4/7/26 0:20,23.271,,,
5683,4/7/26 0:30,23.271,,,
5684,4/7/26 0:40,23.292,,,
5685,4/7/26 0:50,23.281,,,
5686,4/7/26 1:00,23.26,,,
5687,4/7/26 1:10,23.26,,,
5688,4/7/26 1:20,23.228,,,
5689,4/7/26 1:30,23.228,,,
5690,4/7/26 1:40,23.206,,,
5691,4/7/26 1:50,23.185,,,
5692,4/7/26 2:00,23.163,,,
5693,4/7/26 2:10,23.121,,,
5694,4/7/26 2:20,23.099,,,
5695,4/7/26 2:30,23.078,,,
5696,4/7/26 2:40,23.056,,,
5697,4/7/26 2:50,23.003,,,
5698,4/7/26 3:00,22.97,,,
5699,4/7/26 3:10,22.927,,,
5700,4/7/26 3:20,22.895,,,
5701,4/7/26 3:30,22.852,,,
5702,4/7/26 3:40,22.831,,,
5703,4/7/26 3:50,22.799,,,
5704,4/7/26 4:00,22.799,,,
5705,4/7/26 4:10,22.777,,,
5706,4/7/26 4:20,22.745,,,
5707,4/7/26 4:30,22.734,,,
5708,4/7/26 4:40,22.745,,,
5709,4/7/26 4:50,22.734,,,
5710,4/7/26 5:00,22.713,,,
5711,4/7/26 5:10,22.692,,,
5712,4/7/26 5:20,22.713,,,
5713,4/7/26 5:30,22.713,,,
5714,4/7/26 5:40,22.692,,,
5715,4/7/26 5:50,22.702,,,
5716,4/7/26 6:00,22.692,,,
5717,4/7/26 6:10,22.702,,,
5718,4/7/26 6:20,22.702,,,
5719,4/7/26 6:30,22.724,,,
5720,4/7/26 6:40,22.777,,,
5721,4/7/26 6:50,22.788,,,
5722,4/7/26 7:00,22.831,,,
5723,4/7/26 7:10,22.874,,,
5724,4/7/26 7:20,22.906,,,
5725,4/7/26 7:30,22.949,,,
5726,4/7/26 7:40,23.024,,,
5727,4/7/26 7:50,23.078,,,
5728,4/7/26 8:00,23.163,,,
5729,4/7/26 8:10,23.239,,,
5730,4/7/26 8:20,23.378,,,
5731,4/7/26 8:30,23.56,,,
5732,4/7/26 8:40,23.775,,,
5733,4/7/26 8:50,23.979,,,
5734,4/7/26 9:00,24.118,,,
5735,4/7/26 9:10,24.247,,,
5736,4/7/26 9:20,24.375,,,
5737,4/7/26 9:30,24.408,,,
5738,4/7/26 9:40,24.493,,,
5739,4/7/26 9:50,24.547,,,
5740,4/7/26 10:00,24.654,,,
5741,4/7/26 10:10,24.686,,,
5742,4/7/26 10:20,24.719,,,
5743,4/7/26 10:30,24.804,,,
5744,4/7/26 10:40,25.137,,,
5745,4/7/26 10:50,25.362,,,
5746,4/7/26 11:00,25.587,,,
5747,4/7/26 11:10,25.888,,,
5748,4/7/26 11:20,25.78,,,
5749,4/7/26 11:30,26.027,,,
5750,4/7/26 11:40,25.92,,,
5751,4/7/26 11:50,25.834,,,
5752,4/7/26 12:00,25.855,,,
5753,4/7/26 12:10,25.877,,,
5754,4/7/26 12:20,25.834,,,
5755,4/7/26 12:30,25.813,,,
5756,4/7/26 12:40,25.823,,,
5757,4/7/26 12:50,25.748,,,
5758,4/7/26 13:00,25.695,,,
5759,4/7/26 13:10,25.695,,,
5760,4/7/26 13:20,25.695,,,
5761,4/7/26 13:30,25.705,,,
5762,4/7/26 13:40,25.695,,,
5763,4/7/26 13:50,24.965,,,
5764,4/7/26 14:00,25.566,,,
5765,4/7/26 14:10,25.716,,,
5766,4/7/26 14:20,25.673,,,
5767,4/7/26 14:30,25.641,,,
5768,4/7/26 14:40,25.577,,,
5769,4/7/26 14:50,25.534,,,
5770,4/7/26 15:00,25.523,,,
5771,4/7/26 15:10,25.416,,,
5772,4/7/26 15:20,25.351,,,
5773,4/7/26 15:30,25.266,,,
5774,4/7/26 15:40,25.223,,,
5775,4/7/26 15:50,25.148,,,
5776,4/7/26 16:00,25.051,,,
5777,4/7/26 16:10,24.955,,,
5778,4/7/26 16:20,24.901,,,
5779,4/7/26 16:30,24.837,,,
5780,4/7/26 16:40,24.815,,,
5781,4/7/26 16:50,24.783,,,
5782,4/7/26 17:00,24.751,,,
5783,4/7/26 17:10,24.719,,,
5784,4/7/26 17:20,24.697,,,
5785,4/7/26 17:30,24.654,,,
5786,4/7/26 17:40,24.59,,,
5787,4/7/26 17:50,24.504,,,
5788,4/7/26 18:00,24.429,,,
5789,4/7/26 18:10,24.375,,,
5790,4/7/26 18:20,24.322,,,
5791,4/7/26 18:30,24.29,,,
5792,4/7/26 18:40,24.29,,,
5793,4/7/26 18:50,24.204,,,
5794,4/7/26 19:00,24.161,,,
5795,4/7/26 19:10,24.097,,,
5796,4/7/26 19:20,24.064,,,
5797,4/7/26 19:30,23.989,,,
5798,4/7/26 19:40,23.957,,,
5799,4/7/26 19:50,23.936,,,
5800,4/7/26 20:00,23.893,,,
5801,4/7/26 20:10,23.882,,,
5802,4/7/26 20:20,23.828,,,
5803,4/7/26 20:30,23.796,,,
5804,4/7/26 20:40,23.775,,,
5805,4/7/26 20:50,23.721,,,
5806,4/7/26 21:00,23.7,,,
5807,4/7/26 21:10,23.657,,,
5808,4/7/26 21:20,23.603,,,
5809,4/7/26 21:30,23.571,,,
5810,4/7/26 21:40,23.539,,,
5811,4/7/26 21:50,23.485,,,
5812,4/7/26 22:00,23.453,,,
5813,4/7/26 22:10,23.41,,,
5814,4/7/26 22:20,23.399,,,
5815,4/7/26 22:30,23.367,,,
5816,4/7/26 22:40,23.314,,,
5817,4/7/26 22:50,23.292,,,
5818,4/7/26 23:00,23.271,,,
5819,4/7/26 23:10,23.228,,,
5820,4/7/26 23:20,23.239,,,
5821,4/7/26 23:30,23.206,,,
5822,4/7/26 23:40,23.163,,,
5823,4/7/26 23:50,23.142,,,
5824,4/8/26 0:00,23.121,,,
5825,4/8/26 0:10,23.11,,,
5826,4/8/26 0:20,23.045,,,
5827,4/8/26 0:30,23.024,,,
5828,4/8/26 0:40,23.003,,,
5829,4/8/26 0:50,22.992,,,
5830,4/8/26 1:00,22.981,,,
5831,4/8/26 1:10,22.97,,,
5832,4/8/26 1:20,22.949,,,
5833,4/8/26 1:30,22.938,,,
5834,4/8/26 1:40,22.917,,,
5835,4/8/26 1:50,22.917,,,
5836,4/8/26 2:00,22.885,,,
5837,4/8/26 2:10,22.885,,,
5838,4/8/26 2:20,22.863,,,
5839,4/8/26 2:30,22.842,,,
5840,4/8/26 2:40,22.842,,,
5841,4/8/26 2:50,22.788,,,
5842,4/8/26 3:00,22.777,,,
5843,4/8/26 3:10,22.767,,,
5844,4/8/26 3:20,22.745,,,
5845,4/8/26 3:30,22.734,,,
5846,4/8/26 3:40,22.702,,,
5847,4/8/26 3:50,22.692,,,
5848,4/8/26 4:00,22.702,,,
5849,4/8/26 4:10,22.659,,,
5850,4/8/26 4:20,22.627,,,
5851,4/8/26 4:30,22.627,,,
5852,4/8/26 4:40,22.627,,,
5853,4/8/26 4:50,22.595,,,
5854,4/8/26 5:00,22.574,,,
5855,4/8/26 5:10,22.584,,,
5856,4/8/26 5:20,22.574,,,
5857,4/8/26 5:30,22.563,,,
5858,4/8/26 5:40,22.584,,,
5859,4/8/26 5:50,22.574,,,
5860,4/8/26 6:00,22.584,,,
5861,4/8/26 6:10,22.595,,,
5862,4/8/26 6:20,22.584,,,
5863,4/8/26 6:30,22.595,,,
5864,4/8/26 6:40,22.595,,,
5865,4/8/26 6:50,22.649,,,
5866,4/8/26 7:00,22.713,,,
5867,4/8/26 7:10,22.82,,,
5868,4/8/26 7:20,22.938,,,
5869,4/8/26 7:30,23.024,,,
5870,4/8/26 7:40,23.131,,,
5871,4/8/26 7:50,23.239,,,
5872,4/8/26 8:00,23.356,,,
5873,4/8/26 8:10,23.442,,,
5874,4/8/26 8:20,23.56,,,
5875,4/8/26 8:30,23.668,,,
5876,4/8/26 8:40,23.818,,,
5877,4/8/26 8:50,23.989,,,
5878,4/8/26 9:00,24.225,,,
5879,4/8/26 9:10,24.311,,,
5880,4/8/26 9:20,24.461,,,
5881,4/8/26 9:30,24.601,,,
5882,4/8/26 9:40,24.708,,,
5883,4/8/26 9:50,24.869,,,
5884,4/8/26 10:00,25.03,,,
5885,4/8/26 10:10,25.19,,,
5886,4/8/26 10:20,25.276,,,
5887,4/8/26 10:30,25.384,,,
5888,4/8/26 10:40,25.512,,,
5889,4/8/26 10:50,25.641,,,
5890,4/8/26 11:00,25.78,,,
5891,4/8/26 11:10,25.909,,,
5892,4/8/26 11:20,25.973,,,
5893,4/8/26 11:30,26.048,,,
5894,4/8/26 11:40,26.059,,,
5895,4/8/26 11:50,26.038,,,
5896,4/8/26 12:00,26.091,,,
5897,4/8/26 12:10,26.081,,,
5898,4/8/26 12:20,26.081,,,
5899,4/8/26 12:30,26.156,,,
5900,4/8/26 12:40,26.209,,,
5901,4/8/26 12:50,26.177,,,
5902,4/8/26 13:00,26.177,,,
5903,4/8/26 13:10,26.156,,,
5904,4/8/26 13:20,26.113,,,
5905,4/8/26 13:30,26.059,,,
5906,4/8/26 13:40,25.973,,,
5907,4/8/26 13:50,25.909,,,
5908,4/8/26 14:00,25.813,,,
5909,4/8/26 14:10,25.759,,,
5910,4/8/26 14:20,25.652,,,
5911,4/8/26 14:30,25.598,,,
5912,4/8/26 14:40,25.555,,,
5913,4/8/26 14:50,25.502,,,
5914,4/8/26 15:00,25.426,,,
5915,4/8/26 15:10,25.437,,,
5916,4/8/26 15:20,25.48,,,
5917,4/8/26 15:30,25.523,,,
5918,4/8/26 15:40,25.598,,,
5919,4/8/26 15:50,25.673,,,
5920,4/8/26 16:00,25.716,,,
5921,4/8/26 16:10,25.77,,,
5922,4/8/26 16:20,25.791,,,
5923,4/8/26 16:30,25.727,,,
5924,4/8/26 16:40,25.684,,,
5925,4/8/26 16:50,25.609,,,
5926,4/8/26 17:00,25.566,,,
5927,4/8/26 17:10,25.534,,,
5928,4/8/26 17:20,25.469,,,
5929,4/8/26 17:30,25.394,,,
5930,4/8/26 17:40,25.308,,,
5931,4/8/26 17:50,25.233,,,
5932,4/8/26 18:00,25.137,,,
5933,4/8/26 18:10,25.073,,,
5934,4/8/26 18:20,25.019,,,
5935,4/8/26 18:30,24.944,,,
5936,4/8/26 18:40,24.869,,,
5937,4/8/26 18:50,24.815,,,
5938,4/8/26 19:00,24.74,,,
5939,4/8/26 19:10,24.686,,,
5940,4/8/26 19:20,24.644,,,
5941,4/8/26 19:30,24.558,,,
5942,4/8/26 19:40,24.483,,,
5943,4/8/26 19:50,24.44,,,
5944,4/8/26 20:00,24.397,,,
5945,4/8/26 20:10,24.375,,,
5946,4/8/26 20:20,24.311,,,
5947,4/8/26 20:30,24.257,,,
5948,4/8/26 20:40,24.225,,,
5949,4/8/26 20:50,24.15,,,
5950,4/8/26 21:00,24.075,,,
5951,4/8/26 21:10,24,,,
5952,4/8/26 21:20,23.968,,,
5953,4/8/26 21:30,23.946,,,
5954,4/8/26 21:40,23.936,,,
5955,4/8/26 21:50,23.903,,,
5956,4/8/26 22:00,23.882,,,
5957,4/8/26 22:10,23.861,,,
5958,4/8/26 22:20,23.796,,,
5959,4/8/26 22:30,23.753,,,
5960,4/8/26 22:40,23.71,,,
5961,4/8/26 22:50,23.668,,,
5962,4/8/26 23:00,23.635,,,
5963,4/8/26 23:10,23.625,,,
5964,4/8/26 23:20,23.625,,,
5965,4/8/26 23:30,23.625,,,
5966,4/8/26 23:40,23.625,,,
5967,4/8/26 23:50,23.635,,,
5968,4/9/26 0:00,23.625,,,
5969,4/9/26 0:10,23.635,,,
5970,4/9/26 0:20,23.614,,,
5971,4/9/26 0:30,23.614,,,
5972,4/9/26 0:40,23.592,,,
5973,4/9/26 0:50,23.614,,,
5974,4/9/26 1:00,23.625,,,
5975,4/9/26 1:10,23.592,,,
5976,4/9/26 1:20,23.592,,,
5977,4/9/26 1:30,23.582,,,
5978,4/9/26 1:40,23.56,,,
5979,4/9/26 1:50,23.56,,,
5980,4/9/26 2:00,23.55,,,
5981,4/9/26 2:10,23.539,,,
5982,4/9/26 2:20,23.528,,,
5983,4/9/26 2:30,23.517,,,
5984,4/9/26 2:40,23.517,,,
5985,4/9/26 2:50,23.507,,,
5986,4/9/26 3:00,23.539,,,
5987,4/9/26 3:10,23.528,,,
5988,4/9/26 3:20,23.539,,,
5989,4/9/26 3:30,23.571,,,
5990,4/9/26 3:40,23.55,,,
5991,4/9/26 3:50,23.592,,,
5992,4/9/26 4:00,23.582,,,
5993,4/9/26 4:10,23.603,,,
5994,4/9/26 4:20,23.582,,,
5995,4/9/26 4:30,23.571,,,
5996,4/9/26 4:40,23.56,,,
5997,4/9/26 4:50,23.539,,,
5998,4/9/26 5:00,23.539,,,
5999,4/9/26 5:10,23.539,,,
6000,4/9/26 5:20,23.528,,,
6001,4/9/26 5:30,23.528,,,
6002,4/9/26 5:40,23.528,,,
6003,4/9/26 5:50,23.517,,,
6004,4/9/26 6:00,23.496,,,
6005,4/9/26 6:10,23.539,,,
6006,4/9/26 6:20,23.539,,,
6007,4/9/26 6:30,23.528,,,
6008,4/9/26 6:40,23.539,,,
6009,4/9/26 6:50,23.571,,,
6010,4/9/26 7:00,23.56,,,
6011,4/9/26 7:10,23.539,,,
6012,4/9/26 7:20,23.55,,,
6013,4/9/26 7:30,23.571,,,
6014,4/9/26 7:40,23.582,,,
6015,4/9/26 7:50,23.592,,,
6016,4/9/26 8:00,23.571,,,
6017,4/9/26 8:10,23.592,,,
6018,4/9/26 8:20,23.625,,,
6019,4/9/26 8:30,23.657,,,
6020,4/9/26 8:40,23.689,,,
6021,4/9/26 8:50,23.689,,,
6022,4/9/26 9:00,23.678,,,
6023,4/9/26 9:10,23.635,,,
6024,4/9/26 9:20,23.646,,,
6025,4/9/26 9:30,23.614,,,
6026,4/9/26 9:40,23.592,,,
6027,4/9/26 9:50,23.592,,,
6028,4/9/26 10:00,23.603,,,
6029,4/9/26 10:10,23.614,,,
6030,4/9/26 10:20,23.625,,,
6031,4/9/26 10:30,23.657,,,
6032,4/9/26 10:40,23.668,,,
6033,4/9/26 10:50,23.71,,,
6034,4/9/26 11:00,23.743,,,
6035,4/9/26 11:10,23.764,,,
6036,4/9/26 11:20,23.775,,,
6037,4/9/26 11:30,23.818,,,
6038,4/9/26 11:40,23.85,,,
6039,4/9/26 11:50,23.882,,,
6040,4/9/26 12:00,23.957,,,
6041,4/9/26 12:10,24.107,,,
6042,4/9/26 12:20,24.268,,,
6043,4/9/26 12:30,24.193,,,
6044,4/9/26 12:40,24.397,,,
6045,4/9/26 12:50,24.483,,,
6046,4/9/26 13:00,24.558,,,
6047,4/9/26 13:10,24.59,,,
6048,4/9/26 13:20,24.654,,,
6049,4/9/26 13:30,24.708,,,
6050,4/9/26 13:40,24.74,,,
6051,4/9/26 13:50,24.751,,,
6052,4/9/26 14:00,24.815,,,
6053,4/9/26 14:10,24.89,,,
6054,4/9/26 14:20,24.901,,,
6055,4/9/26 14:30,24.944,,,
6056,4/9/26 14:40,24.955,,,
6057,4/9/26 14:50,24.944,,,
6058,4/9/26 15:00,24.955,,,
6059,4/9/26 15:10,24.955,,,
6060,4/9/26 15:20,24.976,,,
6061,4/9/26 15:30,24.965,,,
6062,4/9/26 15:40,24.955,,,
6063,4/9/26 15:50,24.965,,,
6064,4/9/26 16:00,24.965,,,
6065,4/9/26 16:10,24.965,,,
6066,4/9/26 16:20,24.955,,,
6067,4/9/26 16:30,23.721,,,
6068,4/9/26 16:40,23.035,,,
6069,4/9/26 16:50,23.099,,,
6070,4/9/26 17:00,23.142,,,
6071,4/9/26 17:10,23.271,,,
6072,4/9/26 17:20,22.767,,,
6073,4/9/26 17:30,22.273,,,
6074,4/9/26 17:40,22.466,,,
6075,4/9/26 17:50,22.391,,,
6076,4/9/26 18:00,22.391,,,
6077,4/9/26 18:10,22.702,,,
6078,4/9/26 18:20,22.681,,,
6079,4/9/26 18:30,22.659,,,
6080,4/9/26 18:40,22.531,,,
6081,4/9/26 18:50,22.445,,,
6082,4/9/26 19:00,22.413,,,
6083,4/9/26 19:10,22.423,,,
6084,4/9/26 19:20,22.059,,,
6085,4/9/26 19:30,22.037,,,
6086,4/9/26 19:40,21.941,,,
6087,4/9/26 19:50,21.994,,,
6088,4/9/26 20:00,22.069,,,
6089,4/9/26 20:10,22.102,,,
6090,4/9/26 20:20,22.198,,,
6091,4/9/26 20:30,22.413,,,
6092,4/9/26 20:40,22.531,,,
6093,4/9/26 20:50,22.498,,,
6094,4/9/26 21:00,22.509,,,
6095,4/9/26 21:10,22.348,,,
6096,4/9/26 21:20,22.23,,,
6097,4/9/26 21:30,22.059,,,
6098,4/9/26 21:40,21.994,,,
6099,4/9/26 21:50,21.962,,,
6100,4/9/26 22:00,21.876,,,
6101,4/9/26 22:10,21.758,,,
6102,4/9/26 22:20,21.791,,,
6103,4/9/26 22:30,21.694,,,
6104,4/9/26 22:40,21.694,,,
6105,4/9/26 22:50,21.716,,,
6106,4/9/26 23:00,21.694,,,
6107,4/9/26 23:10,21.651,,,
6108,4/9/26 23:20,21.694,,,
6109,4/9/26 23:30,21.64,,,
6110,4/9/26 23:40,21.64,,,
6111,4/9/26 23:50,21.501,,,
6112,4/10/26 0:00,21.458,,,
6113,4/10/26 0:10,21.533,,,
6114,4/10/26 0:20,21.683,,,
6115,4/10/26 0:30,21.726,,,
6116,4/10/26 0:40,21.758,,,
6117,4/10/26 0:50,21.769,,,
6118,4/10/26 1:00,21.716,,,
6119,4/10/26 1:10,21.737,,,
6120,4/10/26 1:20,21.801,,,
6121,4/10/26 1:30,21.844,,,
6122,4/10/26 1:40,21.844,,,
6123,4/10/26 1:50,21.823,,,
6124,4/10/26 2:00,21.716,,,
6125,4/10/26 2:10,21.651,,,
6126,4/10/26 2:20,21.608,,,
6127,4/10/26 2:30,21.619,,,
6128,4/10/26 2:40,21.619,,,
6129,4/10/26 2:50,21.458,,,
6130,4/10/26 3:00,21.447,,,
6131,4/10/26 3:10,21.415,,,
6132,4/10/26 3:20,21.265,,,
6133,4/10/26 3:30,21.287,,,
6134,4/10/26 3:40,21.372,,,
6135,4/10/26 3:50,21.362,,,
6136,4/10/26 4:00,21.383,,,
6137,4/10/26 4:10,21.469,,,
6138,4/10/26 4:20,21.447,,,
6139,4/10/26 4:30,21.458,,,
6140,4/10/26 4:40,21.447,,,
6141,4/10/26 4:50,21.49,,,
6142,4/10/26 5:00,21.233,,,
6143,4/10/26 5:10,21.308,,,
6144,4/10/26 5:20,21.791,,,
6145,4/10/26 5:30,21.855,,,
6146,4/10/26 5:40,21.716,,,
6147,4/10/26 5:50,21.673,,,
6148,4/10/26 6:00,21.512,,,
6149,4/10/26 6:10,21.48,,,
6150,4/10/26 6:20,21.362,,,
6151,4/10/26 6:30,21.437,,,
6152,4/10/26 6:40,21.469,,,
6153,4/10/26 6:50,21.544,,,
6154,4/10/26 7:00,21.683,,,
6155,4/10/26 7:10,21.78,,,
6156,4/10/26 7:20,21.909,,,
6157,4/10/26 7:30,21.984,,,
6158,4/10/26 7:40,21.909,,,
6159,4/10/26 7:50,22.027,,,
6160,4/10/26 8:00,22.069,,,
6161,4/10/26 8:10,22.112,,,
6162,4/10/26 8:20,22.23,,,
6163,4/10/26 8:30,22.145,,,
6164,4/10/26 8:40,22.145,,,
6165,4/10/26 8:50,21.984,,,
6166,4/10/26 9:00,21.737,,,
6167,4/10/26 9:10,21.662,,,
6168,4/10/26 9:20,21.619,,,
6169,4/10/26 9:30,21.683,,,
6170,4/10/26 9:40,21.941,,,
6171,4/10/26 9:50,21.812,,,
6172,4/10/26 10:00,21.769,,,
6173,4/10/26 10:10,21.994,,,
6174,4/10/26 10:20,21.898,,,
6175,4/10/26 10:30,21.866,,,
6176,4/10/26 10:40,22.134,,,
6177,4/10/26 10:50,22.52,,,
6178,4/10/26 11:00,22.477,,,
6179,4/10/26 11:10,22.402,,,
6180,4/10/26 11:20,22.359,,,
6181,4/10/26 11:30,22.477,,,
6182,4/10/26 11:40,22.692,,,
6183,4/10/26 11:50,22.788,,,
6184,4/10/26 12:00,22.96,,,
6185,4/10/26 12:10,23.121,,,
6186,4/10/26 12:20,23.088,,,
6187,4/10/26 12:30,23.346,,,
6188,4/10/26 12:40,23.056,,,
6189,4/10/26 12:50,22.927,,,
6190,4/10/26 13:00,22.885,,,
6191,4/10/26 13:10,22.67,,,
6192,4/10/26 13:20,22.756,,,
6193,4/10/26 13:30,23.185,,,
6194,4/10/26 13:40,23.828,,,
6195,4/10/26 13:50,23.903,,,
6196,4/10/26 14:00,26.059,,,
6197,4/10/26 14:10,30.07,,,
6198,4/10/26 14:20,27.078,,,
6199,4/10/26 14:30,25.319,,,
6200,4/10/26 14:40,25.03,,,
6201,4/10/26 14:50,24.697,,,
6202,4/10/26 15:00,24.697,,,
6203,4/10/26 15:10,24.59,,,
6204,4/10/26 15:20,24.472,,,
6205,4/10/26 15:30,23.55,,,
6206,4/10/26 15:40,22.842,,,
6207,4/10/26 15:50,22.777,,,
6208,4/10/26 16:00,22.477,,,
6209,4/10/26 16:10,22.123,,,
6210,4/10/26 16:20,22.016,,,
6211,4/10/26 16:30,22.166,,,
6212,4/10/26 16:40,22.831,,,
6213,4/10/26 16:50,23.206,,,
6214,4/10/26 17:00,23.099,,,
6215,4/10/26 17:10,22.927,,,
6216,4/10/26 17:20,22.509,,,
6217,4/10/26 17:30,22.498,,,
6218,4/10/26 17:40,22.456,,,
6219,4/10/26 17:50,22.166,,,
6220,4/10/26 18:00,22.102,,,
6221,4/10/26 18:10,22.145,,,
6222,4/10/26 18:20,22.177,,,
6223,4/10/26 18:30,22.016,,,
6224,4/10/26 18:40,21.93,,,
6225,4/10/26 18:50,21.984,,,
6226,4/10/26 19:00,21.962,,,
6227,4/10/26 19:10,21.93,,,
6228,4/10/26 19:20,21.898,,,
6229,4/10/26 19:30,21.919,,,
6230,4/10/26 19:40,21.898,,,
6231,4/10/26 19:50,21.962,,,
6232,4/10/26 20:00,21.984,,,
6233,4/10/26 20:10,21.952,,,
6234,4/10/26 20:20,21.758,,,
6235,4/10/26 20:30,21.726,,,
6236,4/10/26 20:40,21.726,,,
6237,4/10/26 20:50,21.866,,,
6238,4/10/26 21:00,21.78,,,
6239,4/10/26 21:10,21.758,,,
6240,4/10/26 21:20,21.726,,,
6241,4/10/26 21:30,21.716,,,
6242,4/10/26 21:40,21.737,,,
6243,4/10/26 21:50,21.876,,,
6244,4/10/26 22:00,21.876,,,
6245,4/10/26 22:10,21.823,,,
6246,4/10/26 22:20,21.737,,,
6247,4/10/26 22:30,21.673,,,
6248,4/10/26 22:40,21.662,,,
6249,4/10/26 22:50,21.64,,,
6250,4/10/26 23:00,21.576,,,
6251,4/10/26 23:10,21.598,,,
6252,4/10/26 23:20,21.565,,,
6253,4/10/26 23:30,21.544,,,
6254,4/10/26 23:40,21.565,,,
6255,4/10/26 23:50,21.598,,,
6256,4/11/26 0:00,21.608,,,
6257,4/11/26 0:10,21.598,,,
6258,4/11/26 0:20,21.555,,,
6259,4/11/26 0:30,21.576,,,
6260,4/11/26 0:40,21.619,,,
6261,4/11/26 0:50,21.64,,,
6262,4/11/26 1:00,21.544,,,
6263,4/11/26 1:10,21.555,,,
6264,4/11/26 1:20,21.565,,,
6265,4/11/26 1:30,21.555,,,
6266,4/11/26 1:40,21.598,,,
6267,4/11/26 1:50,21.587,,,
6268,4/11/26 2:00,21.565,,,
6269,4/11/26 2:10,21.565,,,
6270,4/11/26 2:20,21.501,,,
6271,4/11/26 2:30,21.458,,,
6272,4/11/26 2:40,21.437,,,
6273,4/11/26 2:50,21.447,,,
6274,4/11/26 3:00,21.469,,,
6275,4/11/26 3:10,21.469,,,
6276,4/11/26 3:20,21.522,,,
6277,4/11/26 3:30,21.501,,,
6278,4/11/26 3:40,21.49,,,
6279,4/11/26 3:50,21.522,,,
6280,4/11/26 4:00,21.512,,,
6281,4/11/26 4:10,21.512,,,
6282,4/11/26 4:20,21.512,,,
6283,4/11/26 4:30,21.555,,,
6284,4/11/26 4:40,21.63,,,
6285,4/11/26 4:50,21.598,,,
6286,4/11/26 5:00,21.598,,,
6287,4/11/26 5:10,21.598,,,
6288,4/11/26 5:20,21.619,,,
6289,4/11/26 5:30,21.673,,,
6290,4/11/26 5:40,21.705,,,
6291,4/11/26 5:50,21.737,,,
6292,4/11/26 6:00,21.748,,,
6293,4/11/26 6:10,21.748,,,
6294,4/11/26 6:20,21.737,,,
6295,4/11/26 6:30,21.791,,,
6296,4/11/26 6:40,21.941,,,
6297,4/11/26 6:50,22.102,,,
6298,4/11/26 7:00,22.327,,,
6299,4/11/26 7:10,22.445,,,
6300,4/11/26 7:20,22.595,,,
6301,4/11/26 7:30,23.099,,,
6302,4/11/26 7:40,23.56,,,
6303,4/11/26 7:50,25.148,,,
6304,4/11/26 8:00,24.719,,,
6305,4/11/26 8:10,24.397,,,
6306,4/11/26 8:20,24.483,,,
6307,4/11/26 8:30,24.193,,,
6308,4/11/26 8:40,24.633,,,
6309,4/11/26 8:50,25.534,,,
6310,4/11/26 9:00,25.973,,,
6311,4/11/26 9:10,26.692,,,
6312,4/11/26 9:20,28.011,,,
6313,4/11/26 9:30,29.309,,,
6314,4/11/26 9:40,29.985,,,
6315,4/11/26 9:50,28.462,,,
6316,4/11/26 10:00,28.215,,,
6317,4/11/26 10:10,30.221,,,
6318,4/11/26 10:20,31.786,,,
6319,4/11/26 10:30,32.795,,,
6320,4/11/26 10:40,32.612,,,
6321,4/11/26 10:50,33.245,,,
6322,4/11/26 11:00,35.562,,,
6323,4/11/26 11:10,36.119,,,
6324,4/11/26 11:20,36.581,,,
6325,4/11/26 11:30,36.387,,,
6326,4/11/26 11:40,32.494,,,
6327,4/11/26 11:50,31.904,,,
6328,4/11/26 12:00,30.253,,,
6329,4/11/26 12:10,28.665,,,
6330,4/11/26 12:20,27.26,,,
6331,4/11/26 12:30,26.124,,,
6332,4/11/26 12:40,26.445,,,
6333,4/11/26 12:50,26.842,,,
6334,4/11/26 13:00,26.864,,,
6335,4/11/26 13:10,26.778,,,
6336,4/11/26 13:20,26.713,,,
6337,4/11/26 13:30,26.628,,,
6338,4/11/26 13:40,26.585,,,
6339,4/11/26 13:50,26.488,,,
6340,4/11/26 14:00,26.488,,,
6341,4/11/26 14:10,26.499,,,
6342,4/11/26 14:20,26.488,,,
6343,4/11/26 14:30,26.467,,,
6344,4/11/26 14:40,26.467,,,
6345,4/11/26 14:50,26.531,,,
6346,4/11/26 15:00,26.531,,,
6347,4/11/26 15:10,26.52,,,
6348,4/11/26 15:20,26.467,,,
6349,4/11/26 15:30,26.402,,,
6350,4/11/26 15:40,26.338,,,
6351,4/11/26 15:50,26.327,,,
6352,4/11/26 16:00,26.284,,,
6353,4/11/26 16:10,26.231,,,
6354,4/11/26 16:20,26.156,,,
6355,4/11/26 16:30,26.059,,,
6356,4/11/26 16:40,25.995,,,
6357,4/11/26 16:50,25.845,,,
6358,4/11/26 17:00,25.791,,,
6359,4/11/26 17:10,25.673,,,
6360,4/11/26 17:20,25.587,,,
6361,4/11/26 17:30,25.502,,,
6362,4/11/26 17:40,25.448,,,
6363,4/11/26 17:50,25.384,,,
6364,4/11/26 18:00,25.308,,,
6365,4/11/26 18:10,25.233,,,
6366,4/11/26 18:20,25.18,,,
6367,4/11/26 18:30,25.115,,,
6368,4/11/26 18:40,25.04,,,
6369,4/11/26 18:50,24.987,,,
6370,4/11/26 19:00,24.933,,,
6371,4/11/26 19:10,24.869,,,
6372,4/11/26 19:20,24.783,,,
6373,4/11/26 19:30,24.719,,,
6374,4/11/26 19:40,24.644,,,
6375,4/11/26 19:50,24.579,,,
6376,4/11/26 20:00,24.526,,,
6377,4/11/26 20:10,24.461,,,
6378,4/11/26 20:20,24.44,,,
6379,4/11/26 20:30,24.397,,,
6380,4/11/26 20:40,24.354,,,
6381,4/11/26 20:50,24.311,,,
6382,4/11/26 21:00,24.311,,,
6383,4/11/26 21:10,24.268,,,
6384,4/11/26 21:20,24.236,,,
6385,4/11/26 21:30,24.214,,,
6386,4/11/26 21:40,24.193,,,
6387,4/11/26 21:50,24.15,,,
6388,4/11/26 22:00,24.15,,,
6389,4/11/26 22:10,24.129,,,
6390,4/11/26 22:20,24.097,,,
6391,4/11/26 22:30,24.086,,,
6392,4/11/26 22:40,24.054,,,
6393,4/11/26 22:50,24.032,,,
6394,4/11/26 23:00,24,,,
6395,4/11/26 23:10,23.979,,,
6396,4/11/26 23:20,23.968,,,
6397,4/11/26 23:30,23.946,,,
6398,4/11/26 23:40,23.925,,,
6399,4/11/26 23:50,23.914,,,
6400,4/12/26 0:00,23.903,,,
6401,4/12/26 0:10,23.861,,,
6402,4/12/26 0:20,23.85,,,
6403,4/12/26 0:30,23.818,,,
6404,4/12/26 0:40,23.818,,,
6405,4/12/26 0:50,23.807,,,
6406,4/12/26 1:00,23.807,,,
6407,4/12/26 1:10,23.796,,,
6408,4/12/26 1:20,23.796,,,
6409,4/12/26 1:30,23.775,,,
6410,4/12/26 1:40,23.775,,,
6411,4/12/26 1:50,23.764,,,
6412,4/12/26 2:00,23.753,,,
6413,4/12/26 2:10,23.732,,,
6414,4/12/26 2:20,23.743,,,
6415,4/12/26 2:30,23.732,,,
6416,4/12/26 2:40,23.743,,,
6417,4/12/26 2:50,23.689,,,
6418,4/12/26 3:00,23.678,,,
6419,4/12/26 3:10,23.657,,,
6420,4/12/26 3:20,23.625,,,
6421,4/12/26 3:30,23.614,,,
6422,4/12/26 3:40,23.592,,,
6423,4/12/26 3:50,23.592,,,
6424,4/12/26 4:00,23.571,,,
6425,4/12/26 4:10,23.56,,,
6426,4/12/26 4:20,23.56,,,
6427,4/12/26 4:30,23.55,,,
6428,4/12/26 4:40,23.528,,,
6429,4/12/26 4:50,23.528,,,
6430,4/12/26 5:00,23.55,,,
6431,4/12/26 5:10,23.517,,,
6432,4/12/26 5:20,23.496,,,
6433,4/12/26 5:30,23.496,,,
6434,4/12/26 5:40,23.474,,,
6435,4/12/26 5:50,23.464,,,
6436,4/12/26 6:00,23.453,,,
6437,4/12/26 6:10,23.421,,,
6438,4/12/26 6:20,23.442,,,
6439,4/12/26 6:30,23.442,,,
6440,4/12/26 6:40,23.41,,,
6441,4/12/26 6:50,23.421,,,
6442,4/12/26 7:00,23.442,,,
6443,4/12/26 7:10,23.464,,,
6444,4/12/26 7:20,23.485,,,
6445,4/12/26 7:30,23.507,,,
6446,4/12/26 7:40,23.528,,,
6447,4/12/26 7:50,23.56,,,
6448,4/12/26 8:00,23.592,,,
6449,4/12/26 8:10,23.635,,,
6450,4/12/26 8:20,23.678,,,
6451,4/12/26 8:30,23.732,,,
6452,4/12/26 8:40,23.807,,,
6453,4/12/26 8:50,23.871,,,
6454,4/12/26 9:00,23.957,,,
6455,4/12/26 9:10,24.043,,,
6456,4/12/26 9:20,24.097,,,
6457,4/12/26 9:30,24.193,,,
6458,4/12/26 9:40,24.268,,,
6459,4/12/26 9:50,24.408,,,
6460,4/12/26 10:00,24.493,,,
6461,4/12/26 10:10,24.633,,,
6462,4/12/26 10:20,24.815,,,
6463,4/12/26 10:30,25.03,,,
6464,4/12/26 10:40,25.362,,,
6465,4/12/26 10:50,25.727,,,
6466,4/12/26 11:00,26.048,,,
6467,4/12/26 11:10,26.295,,,
6468,4/12/26 11:20,26.445,,,
6469,4/12/26 11:30,26.531,,,
6470,4/12/26 11:40,26.617,,,
6471,4/12/26 11:50,26.638,,,
6472,4/12/26 12:00,26.617,,,
6473,4/12/26 12:10,26.542,,,
6474,4/12/26 12:20,26.445,,,
6475,4/12/26 12:30,26.36,,,
6476,4/12/26 12:40,26.274,,,
6477,4/12/26 12:50,26.209,,,
6478,4/12/26 13:00,26.124,,,
6479,4/12/26 13:10,26.081,,,
6480,4/12/26 13:20,26.038,,,
6481,4/12/26 13:30,25.845,,,
6482,4/12/26 13:40,25.587,,,
6483,4/12/26 13:50,26.284,,,
6484,4/12/26 14:00,26.209,,,
6485,4/12/26 14:10,26.467,,,
6486,4/12/26 14:20,26.317,,,
6487,4/12/26 14:30,26.231,,,
6488,4/12/26 14:40,25.598,,,
6489,4/12/26 14:50,26.027,,,
6490,4/12/26 15:00,26.156,,,
6491,4/12/26 15:10,26.102,,,
6492,4/12/26 15:20,26.038,,,
6493,4/12/26 15:30,25.963,,,
6494,4/12/26 15:40,25.866,,,
6495,4/12/26 15:50,25.77,,,
6496,4/12/26 16:00,25.705,,,
6497,4/12/26 16:10,25.641,,,
6498,4/12/26 16:20,25.566,,,
6499,4/12/26 16:30,25.448,,,
6500,4/12/26 16:40,25.373,,,
6501,4/12/26 16:50,25.276,,,
6502,4/12/26 17:00,25.19,,,
6503,4/12/26 17:10,25.083,,,
6504,4/12/26 17:20,25.03,,,
6505,4/12/26 17:30,24.933,,,
6506,4/12/26 17:40,24.858,,,
6507,4/12/26 17:50,24.772,,,
6508,4/12/26 18:00,24.719,,,
6509,4/12/26 18:10,24.633,,,
6510,4/12/26 18:20,24.558,,,
6511,4/12/26 18:30,24.461,,,
6512,4/12/26 18:40,24.386,,,
6513,4/12/26 18:50,24.343,,,
6514,4/12/26 19:00,24.279,,,
6515,4/12/26 19:10,24.204,,,
6516,4/12/26 19:20,24.172,,,
6517,4/12/26 19:30,24.097,,,
6518,4/12/26 19:40,24.075,,,
6519,4/12/26 19:50,24.054,,,
6520,4/12/26 20:00,24.054,,,
6521,4/12/26 20:10,24.021,,,
6522,4/12/26 20:20,23.989,,,
6523,4/12/26 20:30,23.968,,,
6524,4/12/26 20:40,23.946,,,
6525,4/12/26 20:50,23.925,,,
6526,4/12/26 21:00,23.914,,,
6527,4/12/26 21:10,23.871,,,
6528,4/12/26 21:20,23.861,,,
6529,4/12/26 21:30,23.85,,,
6530,4/12/26 21:40,23.839,,,
6531,4/12/26 21:50,23.785,,,
6532,4/12/26 22:00,23.775,,,
6533,4/12/26 22:10,23.775,,,
6534,4/12/26 22:20,23.753,,,
6535,4/12/26 22:30,23.721,,,
6536,4/12/26 22:40,23.689,,,
6537,4/12/26 22:50,23.657,,,
6538,4/12/26 23:00,23.635,,,
6539,4/12/26 23:10,23.635,,,
6540,4/12/26 23:20,23.614,,,
6541,4/12/26 23:30,23.614,,,
6542,4/12/26 23:40,23.56,,,
6543,4/12/26 23:50,23.55,,,
6544,4/13/26 0:00,23.539,,,
6545,4/13/26 0:10,23.528,,,
6546,4/13/26 0:20,23.507,,,
6547,4/13/26 0:30,23.485,,,
6548,4/13/26 0:40,23.464,,,
6549,4/13/26 0:50,23.464,,,
6550,4/13/26 1:00,23.432,,,
6551,4/13/26 1:10,23.41,,,
6552,4/13/26 1:20,23.41,,,
6553,4/13/26 1:30,23.367,,,
6554,4/13/26 1:40,23.367,,,
6555,4/13/26 1:50,23.367,,,
6556,4/13/26 2:00,23.335,,,
6557,4/13/26 2:10,23.292,,,
6558,4/13/26 2:20,23.281,,,
6559,4/13/26 2:30,23.239,,,
6560,4/13/26 2:40,23.217,,,
6561,4/13/26 2:50,23.185,,,
6562,4/13/26 3:00,23.153,,,
6563,4/13/26 3:10,23.131,,,
6564,4/13/26 3:20,23.099,,,
6565,4/13/26 3:30,23.078,,,
6566,4/13/26 3:40,23.067,,,
6567,4/13/26 3:50,23.056,,,
6568,4/13/26 4:00,23.003,,,
6569,4/13/26 4:10,22.96,,,
6570,4/13/26 4:20,22.97,,,
6571,4/13/26 4:30,22.97,,,
6572,4/13/26 4:40,22.938,,,
6573,4/13/26 4:50,22.906,,,
6574,4/13/26 5:00,22.906,,,
6575,4/13/26 5:10,22.895,,,
6576,4/13/26 5:20,22.895,,,
6577,4/13/26 5:30,22.874,,,
6578,4/13/26 5:40,22.874,,,
6579,4/13/26 5:50,22.874,,,
6580,4/13/26 6:00,22.852,,,
6581,4/13/26 6:10,22.852,,,
6582,4/13/26 6:20,22.863,,,
6583,4/13/26 6:30,22.874,,,
6584,4/13/26 6:40,22.874,,,
6585,4/13/26 6:50,22.927,,,
6586,4/13/26 7:00,22.938,,,
6587,4/13/26 7:10,22.938,,,
6588,4/13/26 7:20,22.981,,,
6589,4/13/26 7:30,22.992,,,
6590,4/13/26 7:40,23.013,,,
6591,4/13/26 7:50,23.067,,,
6592,4/13/26 8:00,23.131,,,
6593,4/13/26 8:10,23.217,,,
6594,4/13/26 8:20,23.303,,,
6595,4/13/26 8:30,23.41,,,
6596,4/13/26 8:40,23.496,,,
6597,4/13/26 8:50,23.592,,,
6598,4/13/26 9:00,23.657,,,
6599,4/13/26 9:10,23.721,,,
6600,4/13/26 9:20,23.818,,,
6601,4/13/26 9:30,23.925,,,
6602,4/13/26 9:40,24.011,,,
6603,4/13/26 9:50,24.214,,,
6604,4/13/26 10:00,24.375,,,
6605,4/13/26 10:10,24.45,,,
6606,4/13/26 10:20,24.493,,,
6607,4/13/26 10:30,24.526,,,
6608,4/13/26 10:40,24.568,,,
6609,4/13/26 10:50,24.611,,,
6610,4/13/26 11:00,24.644,,,
6611,4/13/26 11:10,24.697,,,
6612,4/13/26 11:20,24.761,,,
6613,4/13/26 11:30,24.837,,,
6614,4/13/26 11:40,24.912,,,
6615,4/13/26 11:50,24.933,,,
6616,4/13/26 12:00,24.987,,,
6617,4/13/26 12:10,25.019,,,
6618,4/13/26 12:20,25.019,,,
6619,4/13/26 12:30,25.051,,,
6620,4/13/26 12:40,25.051,,,
6621,4/13/26 12:50,25.115,,,
6622,4/13/26 13:00,25.137,,,
6623,4/13/26 13:10,25.18,,,
6624,4/13/26 13:20,25.201,,,
6625,4/13/26 13:30,25.255,,,
6626,4/13/26 13:40,25.351,,,
6627,4/13/26 13:50,25.469,,,
6628,4/13/26 14:00,25.512,,,
6629,4/13/26 14:10,25.544,,,
6630,4/13/26 14:20,25.587,,,
6631,4/13/26 14:30,25.609,,,
6632,4/13/26 14:40,25.641,,,
6633,4/13/26 14:50,25.705,,,
6634,4/13/26 15:00,25.791,,,
6635,4/13/26 15:10,25.909,,,
6636,4/13/26 15:20,26.027,,,
6637,4/13/26 15:30,26.091,,,
6638,4/13/26 15:40,26.113,,,
6639,4/13/26 15:50,26.102,,,
6640,4/13/26 16:00,26.059,,,
6641,4/13/26 16:10,26.081,,,
6642,4/13/26 16:20,26.07,,,
6643,4/13/26 16:30,26.145,,,
6644,4/13/26 16:40,26.199,,,
6645,4/13/26 16:50,26.231,,,
6646,4/13/26 17:00,26.263,,,
6647,4/13/26 17:10,26.231,,,
6648,4/13/26 17:20,26.177,,,
6649,4/13/26 17:30,26.145,,,
6650,4/13/26 17:40,26.059,,,
6651,4/13/26 17:50,26.016,,,
6652,4/13/26 18:00,25.952,,,
6653,4/13/26 18:10,25.877,,,
6654,4/13/26 18:20,25.823,,,
6655,4/13/26 18:30,25.737,,,
6656,4/13/26 18:40,25.641,,,
6657,4/13/26 18:50,25.523,,,
6658,4/13/26 19:00,25.437,,,
6659,4/13/26 19:10,25.33,,,
6660,4/13/26 19:20,25.255,,,
6661,4/13/26 19:30,25.137,,,
6662,4/13/26 19:40,25.105,,,
6663,4/13/26 19:50,25.051,,,
6664,4/13/26 20:00,24.987,,,
6665,4/13/26 20:10,24.933,,,
6666,4/13/26 20:20,24.869,,,
6667,4/13/26 20:30,24.826,,,
6668,4/13/26 20:40,24.761,,,
6669,4/13/26 20:50,24.729,,,
6670,4/13/26 21:00,24.697,,,
6671,4/13/26 21:10,24.644,,,
6672,4/13/26 21:20,24.622,,,
6673,4/13/26 21:30,24.558,,,
6674,4/13/26 21:40,24.504,,,
6675,4/13/26 21:50,24.493,,,
6676,4/13/26 22:00,24.44,,,
6677,4/13/26 22:10,24.375,,,
6678,4/13/26 22:20,24.365,,,
6679,4/13/26 22:30,24.332,,,
6680,4/13/26 22:40,24.311,,,
6681,4/13/26 22:50,24.268,,,
6682,4/13/26 23:00,24.225,,,
6683,4/13/26 23:10,24.204,,,
6684,4/13/26 23:20,24.172,,,
6685,4/13/26 23:30,24.15,,,
6686,4/13/26 23:40,24.118,,,
6687,4/13/26 23:50,24.107,,,
6688,4/14/26 0:00,24.097,,,
6689,4/14/26 0:10,24.075,,,
6690,4/14/26 0:20,24.054,,,
6691,4/14/26 0:30,24.054,,,
6692,4/14/26 0:40,24.021,,,
6693,4/14/26 0:50,23.979,,,
6694,4/14/26 1:00,23.979,,,
6695,4/14/26 1:10,23.979,,,
6696,4/14/26 1:20,23.968,,,
6697,4/14/26 1:30,23.946,,,
6698,4/14/26 1:40,23.957,,,
6699,4/14/26 1:50,23.957,,,
6700,4/14/26 2:00,23.957,,,
6701,4/14/26 2:10,23.936,,,
6702,4/14/26 2:20,23.946,,,
6703,4/14/26 2:30,23.914,,,
6704,4/14/26 2:40,23.914,,,
6705,4/14/26 2:50,23.914,,,
6706,4/14/26 3:00,23.882,,,
6707,4/14/26 3:10,23.871,,,
6708,4/14/26 3:20,23.882,,,
6709,4/14/26 3:30,23.882,,,
6710,4/14/26 3:40,23.882,,,
6711,4/14/26 3:50,23.882,,,
6712,4/14/26 4:00,23.903,,,
6713,4/14/26 4:10,23.893,,,
6714,4/14/26 4:20,23.903,,,
6715,4/14/26 4:30,23.914,,,
6716,4/14/26 4:40,23.893,,,
6717,4/14/26 4:50,23.914,,,
6718,4/14/26 5:00,23.914,,,
6719,4/14/26 5:10,23.914,,,
6720,4/14/26 5:20,23.903,,,
6721,4/14/26 5:30,23.903,,,
6722,4/14/26 5:40,23.903,,,
6723,4/14/26 5:50,23.882,,,
6724,4/14/26 6:00,23.871,,,
6725,4/14/26 6:10,23.861,,,
6726,4/14/26 6:20,23.839,,,
6727,4/14/26 6:30,23.818,,,
6728,4/14/26 6:40,23.85,,,
6729,4/14/26 6:50,23.85,,,
6730,4/14/26 7:00,23.882,,,
6731,4/14/26 7:10,23.936,,,
6732,4/14/26 7:20,23.936,,,
6733,4/14/26 7:30,24.011,,,
6734,4/14/26 7:40,24.097,,,
6735,4/14/26 7:50,24.204,,,
6736,4/14/26 8:00,24.332,,,
6737,4/14/26 8:10,24.44,,,
6738,4/14/26 8:20,24.558,,,
6739,4/14/26 8:30,24.697,,,
6740,4/14/26 8:40,24.858,,,
6741,4/14/26 8:50,25.008,,,
6742,4/14/26 9:00,25.19,,,
6743,4/14/26 9:10,25.523,,,
6744,4/14/26 9:20,25.737,,,
6745,4/14/26 9:30,25.973,,,
6746,4/14/26 9:40,26.381,,,
6747,4/14/26 9:50,26.36,,,
6748,4/14/26 10:00,26.445,,,
6749,4/14/26 10:10,26.542,,,
6750,4/14/26 10:20,26.767,,,
6751,4/14/26 10:30,26.992,,,
6752,4/14/26 10:40,27.228,,,
6753,4/14/26 10:50,27.443,,,
6754,4/14/26 11:00,27.722,,,
6755,4/14/26 11:10,28.011,,,
6756,4/14/26 11:20,28.29,,,
6757,4/14/26 11:30,28.644,,,
6758,4/14/26 11:40,28.783,,,
6759,4/14/26 11:50,29.009,,,
6760,4/14/26 12:00,29.277,,,
6761,4/14/26 12:10,29.556,,,
6762,4/14/26 12:20,29.802,,,
6763,4/14/26 12:30,30.038,,,
6764,4/14/26 12:40,30.178,,,
6765,4/14/26 12:50,29.513,,,
6766,4/14/26 13:00,31.39,,,
6767,4/14/26 13:10,35.529,,,
6768,4/14/26 13:20,34.714,,,
6769,4/14/26 13:30,32.923,,,
6770,4/14/26 13:40,32.226,,,
6771,4/14/26 13:50,31.593,,,
6772,4/14/26 14:00,32.484,,,
6773,4/14/26 14:10,33.288,,,
6774,4/14/26 14:20,32.516,,,
6775,4/14/26 14:30,32.526,,,
6776,4/14/26 14:40,33.792,,,
6777,4/14/26 14:50,33.921,,,
6778,4/14/26 15:00,33.781,,,
6779,4/14/26 15:10,29.255,,,
6780,4/14/26 15:20,28.601,,,
6781,4/14/26 15:30,28.397,,,
6782,4/14/26 15:40,28.279,,,
6783,4/14/26 15:50,28.183,,,
6784,4/14/26 16:00,28.076,,,
6785,4/14/26 16:10,27.958,,,
6786,4/14/26 16:20,27.829,,,
6787,4/14/26 16:30,27.722,,,
6788,4/14/26 16:40,27.604,,,
6789,4/14/26 16:50,27.518,,,
6790,4/14/26 17:00,27.4,,,
6791,4/14/26 17:10,27.336,,,
6792,4/14/26 17:20,27.26,,,
6793,4/14/26 17:30,27.153,,,
6794,4/14/26 17:40,27.067,,,
6795,4/14/26 17:50,26.982,,,
6796,4/14/26 18:00,26.896,,,
6797,4/14/26 18:10,26.789,,,
6798,4/14/26 18:20,26.671,,,
6799,4/14/26 18:30,26.574,,,
6800,4/14/26 18:40,26.456,,,
6801,4/14/26 18:50,26.37,,,
6802,4/14/26 19:00,26.274,,,
6803,4/14/26 19:10,26.134,,,
6804,4/14/26 19:20,26.048,,,
6805,4/14/26 19:30,25.973,,,
6806,4/14/26 19:40,25.888,,,
6807,4/14/26 19:50,25.791,,,
6808,4/14/26 20:00,25.727,,,
6809,4/14/26 20:10,25.652,,,
6810,4/14/26 20:20,25.577,,,
6811,4/14/26 20:30,25.523,,,
6812,4/14/26 20:40,25.459,,,
6813,4/14/26 20:50,25.416,,,
6814,4/14/26 21:00,25.351,,,
6815,4/14/26 21:10,25.308,,,
6816,4/14/26 21:20,25.266,,,
6817,4/14/26 21:30,25.201,,,
6818,4/14/26 21:40,25.137,,,
6819,4/14/26 21:50,25.094,,,
6820,4/14/26 22:00,25.051,,,
6821,4/14/26 22:10,25.019,,,
6822,4/14/26 22:20,24.933,,,
6823,4/14/26 22:30,24.89,,,
6824,4/14/26 22:40,24.858,,,
6825,4/14/26 22:50,24.794,,,
6826,4/14/26 23:00,24.772,,,
6827,4/14/26 23:10,24.74,,,
6828,4/14/26 23:20,24.708,,,
6829,4/14/26 23:30,24.665,,,
6830,4/14/26 23:40,24.622,,,
6831,4/14/26 23:50,24.59,,,
6832,4/15/26 0:00,24.568,,,
6833,4/15/26 0:10,24.547,,,
6834,4/15/26 0:20,24.504,,,
6835,4/15/26 0:30,24.493,,,
6836,4/15/26 0:40,24.461,,,
6837,4/15/26 0:50,24.44,,,
6838,4/15/26 1:00,24.418,,,
6839,4/15/26 1:10,24.408,,,
6840,4/15/26 1:20,24.375,,,
6841,4/15/26 1:30,24.332,,,
6842,4/15/26 1:40,24.311,,,
6843,4/15/26 1:50,24.29,,,
6844,4/15/26 2:00,24.29,,,
6845,4/15/26 2:10,24.279,,,
6846,4/15/26 2:20,24.247,,,
6847,4/15/26 2:30,24.236,,,
6848,4/15/26 2:40,24.214,,,
6849,4/15/26 2:50,24.214,,,
6850,4/15/26 3:00,24.214,,,
6851,4/15/26 3:10,24.204,,,
6852,4/15/26 3:20,24.193,,,
6853,4/15/26 3:30,24.193,,,
6854,4/15/26 3:40,24.193,,,
6855,4/15/26 3:50,24.172,,,
6856,4/15/26 4:00,24.161,,,
6857,4/15/26 4:10,24.172,,,
6858,4/15/26 4:20,24.161,,,
6859,4/15/26 4:30,24.172,,,
6860,4/15/26 4:40,24.172,,,
6861,4/15/26 4:50,24.172,,,
6862,4/15/26 5:00,24.182,,,
6863,4/15/26 5:10,24.193,,,
6864,4/15/26 5:20,24.182,,,
6865,4/15/26 5:30,24.204,,,
6866,4/15/26 5:40,24.193,,,
6867,4/15/26 5:50,24.182,,,
6868,4/15/26 6:00,24.204,,,
6869,4/15/26 6:10,24.214,,,
6870,4/15/26 6:20,24.214,,,
6871,4/15/26 6:30,24.214,,,
6872,4/15/26 6:40,24.236,,,
6873,4/15/26 6:50,24.214,,,
6874,4/15/26 7:00,24.257,,,
6875,4/15/26 7:10,24.268,,,
6876,4/15/26 7:20,24.311,,,
6877,4/15/26 7:30,24.375,,,
6878,4/15/26 7:40,24.397,,,
6879,4/15/26 7:50,24.472,,,
6880,4/15/26 8:00,24.515,,,
6881,4/15/26 8:10,24.601,,,
6882,4/15/26 8:20,24.665,,,
6883,4/15/26 8:30,24.751,,,
6884,4/15/26 8:40,24.815,,,
6885,4/15/26 8:50,24.89,,,
6886,4/15/26 9:00,24.922,,,
6887,4/15/26 9:10,24.965,,,
6888,4/15/26 9:20,25.169,,,
6889,4/15/26 9:30,25.233,,,
6890,4/15/26 9:40,25.351,,,
6891,4/15/26 9:50,25.426,,,
6892,4/15/26 10:00,25.502,,,
6893,4/15/26 10:10,25.587,,,
6894,4/15/26 10:20,25.652,,,
6895,4/15/26 10:30,25.727,,,
6896,4/15/26 10:40,25.802,,,
6897,4/15/26 10:50,26.006,,,
6898,4/15/26 11:00,26.209,,,
6899,4/15/26 11:10,26.209,,,
6900,4/15/26 11:20,26.306,,,
6901,4/15/26 11:30,26.37,,,
6902,4/15/26 11:40,26.628,,,
6903,4/15/26 11:50,26.917,,,
6904,4/15/26 12:00,26.917,,,
6905,4/15/26 12:10,27.153,,,
6906,4/15/26 12:20,27.4,,,
6907,4/15/26 12:30,27.711,,,
6908,4/15/26 12:40,27.754,,,
6909,4/15/26 12:50,27.754,,,
6910,4/15/26 13:00,27.84,,,
6911,4/15/26 13:10,28.076,,,
6912,4/15/26 13:20,28,,,
6913,4/15/26 13:30,27.936,,,
6914,4/15/26 13:40,27.882,,,
6915,4/15/26 13:50,27.722,,,
6916,4/15/26 14:00,27.668,,,
6917,4/15/26 14:10,27.593,,,
6918,4/15/26 14:20,27.829,,,
6919,4/15/26 14:30,27.797,,,
6920,4/15/26 14:40,28.161,,,
6921,4/15/26 14:50,28.065,,,
6922,4/15/26 15:00,27.968,,,
6923,4/15/26 15:10,28.033,,,
6924,4/15/26 15:20,28.022,,,
6925,4/15/26 15:30,28.043,,,
6926,4/15/26 15:40,28.011,,,
6927,4/15/26 15:50,27.893,,,
6928,4/15/26 16:00,27.786,,,
6929,4/15/26 16:10,27.647,,,
6930,4/15/26 16:20,27.496,,,
6931,4/15/26 16:30,27.357,,,
6932,4/15/26 16:40,27.207,,,
6933,4/15/26 16:50,27.1,,,
6934,4/15/26 17:00,27.024,,,
6935,4/15/26 17:10,26.949,,,
6936,4/15/26 17:20,26.853,,,
6937,4/15/26 17:30,26.767,,,
6938,4/15/26 17:40,26.649,,,
6939,4/15/26 17:50,26.553,,,
6940,4/15/26 18:00,26.467,,,
6941,4/15/26 18:10,26.36,,,
6942,4/15/26 18:20,26.231,,,
6943,4/15/26 18:30,26.124,,,
6944,4/15/26 18:40,26.038,,,
6945,4/15/26 18:50,25.952,,,
6946,4/15/26 19:00,25.866,,,
6947,4/15/26 19:10,25.78,,,
6948,4/15/26 19:20,25.716,,,
6949,4/15/26 19:30,25.641,,,
6950,4/15/26 19:40,25.534,,,
6951,4/15/26 19:50,25.437,,,
6952,4/15/26 20:00,25.384,,,
6953,4/15/26 20:10,25.298,,,
6954,4/15/26 20:20,25.223,,,
6955,4/15/26 20:30,25.201,,,
6956,4/15/26 20:40,25.126,,,
6957,4/15/26 20:50,25.073,,,
6958,4/15/26 21:00,25.019,,,
6959,4/15/26 21:10,24.965,,,
6960,4/15/26 21:20,24.922,,,
6961,4/15/26 21:30,24.901,,,
6962,4/15/26 21:40,24.858,,,
6963,4/15/26 21:50,24.794,,,
6964,4/15/26 22:00,24.772,,,
6965,4/15/26 22:10,24.729,,,
6966,4/15/26 22:20,24.697,,,
6967,4/15/26 22:30,24.654,,,
6968,4/15/26 22:40,24.633,,,
6969,4/15/26 22:50,24.611,,,
6970,4/15/26 23:00,24.59,,,
6971,4/15/26 23:10,24.568,,,
6972,4/15/26 23:20,24.558,,,
6973,4/15/26 23:30,24.526,,,
6974,4/15/26 23:40,24.515,,,
6975,4/15/26 23:50,24.483,,,
6976,4/16/26 0:00,24.493,,,
6977,4/16/26 0:10,24.461,,,
6978,4/16/26 0:20,24.429,,,
6979,4/16/26 0:30,24.418,,,
6980,4/16/26 0:40,24.418,,,
6981,4/16/26 0:50,24.375,,,
6982,4/16/26 1:00,24.343,,,
6983,4/16/26 1:10,24.322,,,
6984,4/16/26 1:20,24.322,,,
6985,4/16/26 1:30,24.29,,,
6986,4/16/26 1:40,24.29,,,
6987,4/16/26 1:50,24.257,,,
6988,4/16/26 2:00,24.247,,,
6989,4/16/26 2:10,24.236,,,
6990,4/16/26 2:20,24.204,,,
6991,4/16/26 2:30,24.193,,,
6992,4/16/26 2:40,24.193,,,
6993,4/16/26 2:50,24.172,,,
6994,4/16/26 3:00,24.172,,,
6995,4/16/26 3:10,24.139,,,
6996,4/16/26 3:20,24.139,,,
6997,4/16/26 3:30,24.118,,,
6998,4/16/26 3:40,24.107,,,
6999,4/16/26 3:50,24.097,,,
7000,4/16/26 4:00,24.086,,,
7001,4/16/26 4:10,24.075,,,
7002,4/16/26 4:20,24.064,,,
7003,4/16/26 4:30,24.043,,,
7004,4/16/26 4:40,24.043,,,
7005,4/16/26 4:50,24.043,,,
7006,4/16/26 5:00,24.032,,,
7007,4/16/26 5:10,24,,,
7008,4/16/26 5:20,24.011,,,
7009,4/16/26 5:30,24.011,,,
7010,4/16/26 5:40,24,,,
7011,4/16/26 5:50,23.979,,,
7012,4/16/26 6:00,24,,,
7013,4/16/26 6:10,24,,,
7014,4/16/26 6:20,23.989,,,
7015,4/16/26 6:30,23.989,,,
7016,4/16/26 6:40,24.032,,,
7017,4/16/26 6:50,24.086,,,
7018,4/16/26 7:00,24.097,,,
7019,4/16/26 7:10,24.161,,,
7020,4/16/26 7:20,24.236,,,
7021,4/16/26 7:30,24.322,,,
7022,4/16/26 7:40,24.375,,,
7023,4/16/26 7:50,24.408,,,
7024,4/16/26 8:00,24.558,,,
7025,4/16/26 8:10,24.654,,,
7026,4/16/26 8:20,24.686,,,
7027,4/16/26 8:30,24.751,,,
7028,4/16/26 8:40,25.051,,,
7029,4/16/26 8:50,24.955,,,
7030,4/16/26 9:00,25.04,,,
7031,4/16/26 9:10,25.266,,,
7032,4/16/26 9:20,25.405,,,
7033,4/16/26 9:30,25.544,,,
7034,4/16/26 9:40,25.662,,,
7035,4/16/26 9:50,26.006,,,
7036,4/16/26 10:00,26.284,,,
7037,4/16/26 10:10,26.542,,,
7038,4/16/26 10:20,26.831,,,
7039,4/16/26 10:30,26.896,,,
7040,4/16/26 10:40,27.046,,,
7041,4/16/26 10:50,27.314,,,
7042,4/16/26 11:00,27.518,,,
7043,4/16/26 11:10,27.765,,,
7044,4/16/26 11:20,28.076,,,
7045,4/16/26 11:30,28.354,,,
7046,4/16/26 11:40,28.59,,,
7047,4/16/26 11:50,28.869,,,
7048,4/16/26 12:00,29.084,,,
7049,4/16/26 12:10,29.309,,,
7050,4/16/26 12:20,29.556,,,
7051,4/16/26 12:30,29.856,,,
7052,4/16/26 12:40,30.038,,,
7053,4/16/26 12:50,30.328,,,
7054,4/16/26 13:00,31.701,,,
7055,4/16/26 13:10,34.929,,,
7056,4/16/26 13:20,36.173,,,
7057,4/16/26 13:30,36.184,,,
7058,4/16/26 13:40,35.808,,,
7059,4/16/26 13:50,36.044,,,
7060,4/16/26 14:00,31.1,,,
7061,4/16/26 14:10,30.532,,,
7062,4/16/26 14:20,31.143,,,
7063,4/16/26 14:30,30.521,,,
7064,4/16/26 14:40,30.607,,,
7065,4/16/26 14:50,30.349,,,
7066,4/16/26 15:00,30.145,,,
7067,4/16/26 15:10,30.07,,,
7068,4/16/26 15:20,30.038,,,
7069,4/16/26 15:30,30.028,,,
7070,4/16/26 15:40,30.017,,,
7071,4/16/26 15:50,29.963,,,
7072,4/16/26 16:00,29.899,,,
7073,4/16/26 16:10,29.824,,,
7074,4/16/26 16:20,29.716,,,
7075,4/16/26 16:30,29.652,,,
7076,4/16/26 16:40,29.534,,,
7077,4/16/26 16:50,29.47,,,
7078,4/16/26 17:00,29.395,,,
7079,4/16/26 17:10,29.223,,,
7080,4/16/26 17:20,28.955,,,
7081,4/16/26 17:30,28.676,,,
7082,4/16/26 17:40,28.397,,,
7083,4/16/26 17:50,28.108,,,
7084,4/16/26 18:00,27.861,,,
7085,4/16/26 18:10,27.625,,,
7086,4/16/26 18:20,27.411,,,
7087,4/16/26 18:30,27.218,,,
7088,4/16/26 18:40,27.035,,,
7089,4/16/26 18:50,26.874,,,
7090,4/16/26 19:00,26.692,,,
7091,4/16/26 19:10,26.542,,,
7092,4/16/26 19:20,26.392,,,
7093,4/16/26 19:30,26.274,,,
7094,4/16/26 19:40,26.124,,,
7095,4/16/26 19:50,26.016,,,
7096,4/16/26 20:00,25.909,,,
7097,4/16/26 20:10,25.802,,,
7098,4/16/26 20:20,25.695,,,
7099,4/16/26 20:30,25.63,,,
7100,4/16/26 20:40,25.544,,,
7101,4/16/26 20:50,25.469,,,
7102,4/16/26 21:00,25.405,,,
7103,4/16/26 21:10,25.308,,,
7104,4/16/26 21:20,25.276,,,
7105,4/16/26 21:30,25.18,,,
7106,4/16/26 21:40,25.126,,,
7107,4/16/26 21:50,25.062,,,
7108,4/16/26 22:00,25.008,,,
7109,4/16/26 22:10,24.944,,,
7110,4/16/26 22:20,24.901,,,
7111,4/16/26 22:30,24.858,,,
7112,4/16/26 22:40,24.815,,,
7113,4/16/26 22:50,24.772,,,
7114,4/16/26 23:00,24.719,,,
7115,4/16/26 23:10,24.697,,,
7116,4/16/26 23:20,24.686,,,
7117,4/16/26 23:30,24.644,,,
7118,4/16/26 23:40,24.633,,,
7119,4/16/26 23:50,24.601,,,
7120,4/17/26 0:00,24.568,,,
7121,4/17/26 0:10,24.526,,,
7122,4/17/26 0:20,24.504,,,
7123,4/17/26 0:30,24.461,,,
7124,4/17/26 0:40,24.44,,,
7125,4/17/26 0:50,24.429,,,
7126,4/17/26 1:00,24.397,,,
7127,4/17/26 1:10,24.397,,,
7128,4/17/26 1:20,24.375,,,
7129,4/17/26 1:30,24.332,,,
7130,4/17/26 1:40,24.322,,,
7131,4/17/26 1:50,24.29,,,
7132,4/17/26 2:00,24.268,,,
7133,4/17/26 2:10,24.257,,,
7134,4/17/26 2:20,24.236,,,
7135,4/17/26 2:30,24.225,,,
7136,4/17/26 2:40,24.225,,,
7137,4/17/26 2:50,24.225,,,
7138,4/17/26 3:00,24.193,,,
7139,4/17/26 3:10,24.172,,,
7140,4/17/26 3:20,24.172,,,
7141,4/17/26 3:30,24.15,,,
7142,4/17/26 3:40,24.15,,,
7143,4/17/26 3:50,24.161,,,
7144,4/17/26 4:00,24.129,,,
7145,4/17/26 4:10,24.129,,,
7146,4/17/26 4:20,24.107,,,
7147,4/17/26 4:30,24.086,,,
7148,4/17/26 4:40,24.097,,,
7149,4/17/26 4:50,24.086,,,
7150,4/17/26 5:00,24.054,,,
7151,4/17/26 5:10,24.054,,,
7152,4/17/26 5:20,24.032,,,
7153,4/17/26 5:30,24.054,,,
7154,4/17/26 5:40,24.054,,,
7155,4/17/26 5:50,24.043,,,
7156,4/17/26 6:00,24.043,,,
7157,4/17/26 6:10,24,,,
7158,4/17/26 6:20,24.021,,,
7159,4/17/26 6:30,24.043,,,
7160,4/17/26 6:40,24.064,,,
7161,4/17/26 6:50,24.054,,,
7162,4/17/26 7:00,24.075,,,
7163,4/17/26 7:10,24.139,,,
7164,4/17/26 7:20,24.193,,,
7165,4/17/26 7:30,24.225,,,
7166,4/17/26 7:40,24.311,,,
7167,4/17/26 7:50,24.408,,,
7168,4/17/26 8:00,24.472,,,
7169,4/17/26 8:10,24.558,,,
7170,4/17/26 8:20,24.676,,,
7171,4/17/26 8:30,24.751,,,
7172,4/17/26 8:40,24.761,,,
7173,4/17/26 8:50,24.815,,,
7174,4/17/26 9:00,24.858,,,
7175,4/17/26 9:10,24.912,,,
7176,4/17/26 9:20,24.912,,,
7177,4/17/26 9:30,24.933,,,
7178,4/17/26 9:40,25.062,,,
7179,4/17/26 9:50,25.105,,,
7180,4/17/26 10:00,25.158,,,
7181,4/17/26 10:10,25.158,,,
7182,4/17/26 10:20,25.223,,,
7183,4/17/26 10:30,25.266,,,
7184,4/17/26 10:40,25.319,,,
7185,4/17/26 10:50,25.459,,,
7186,4/17/26 11:00,25.523,,,
7187,4/17/26 11:10,25.587,,,
7188,4/17/26 11:20,25.716,,,
7189,4/17/26 11:30,25.748,,,
7190,4/17/26 11:40,25.802,,,
7191,4/17/26 11:50,25.941,,,
7192,4/17/26 12:00,26.177,,,
7193,4/17/26 12:10,26.36,,,
7194,4/17/26 12:20,26.574,,,
7195,4/17/26 12:30,26.724,,,
7196,4/17/26 12:40,26.81,,,
7197,4/17/26 12:50,26.821,,,
7198,4/17/26 13:00,26.81,,,
7199,4/17/26 13:10,27.089,,,
7200,4/17/26 13:20,27.11,,,
7201,4/17/26 13:30,27.1,,,
7202,4/17/26 13:40,27.218,,,
7203,4/17/26 13:50,27.089,,,
7204,4/17/26 14:00,27.1,,,
7205,4/17/26 14:10,27.153,,,
7206,4/17/26 14:20,27.196,,,
7207,4/17/26 14:30,27.207,,,
7208,4/17/26 14:40,27.325,,,
7209,4/17/26 14:50,27.496,,,
7210,4/17/26 15:00,27.4,,,
7211,4/17/26 15:10,27.336,,,
7212,4/17/26 15:20,27.271,,,
7213,4/17/26 15:30,27.303,,,
7214,4/17/26 15:40,27.282,,,
7215,4/17/26 15:50,27.185,,,
7216,4/17/26 16:00,27.132,,,
7217,4/17/26 16:10,27.164,,,
7218,4/17/26 16:20,27.164,,,
7219,4/17/26 16:30,27.228,,,
7220,4/17/26 16:40,27.207,,,
7221,4/17/26 16:50,27.142,,,
7222,4/17/26 17:00,27.046,,,
7223,4/17/26 17:10,26.917,,,
7224,4/17/26 17:20,26.853,,,
7225,4/17/26 17:30,26.746,,,
7226,4/17/26 17:40,26.628,,,
7227,4/17/26 17:50,26.499,,,
7228,4/17/26 18:00,26.338,,,
7229,4/17/26 18:10,26.22,,,
7230,4/17/26 18:20,26.081,,,
7231,4/17/26 18:30,25.963,,,
7232,4/17/26 18:40,25.855,,,
7233,4/17/26 18:50,25.716,,,
7234,4/17/26 19:00,25.609,,,
7235,4/17/26 19:10,25.502,,,
7236,4/17/26 19:20,25.437,,,
7237,4/17/26 19:30,25.341,,,
7238,4/17/26 19:40,25.287,,,
7239,4/17/26 19:50,25.201,,,
7240,4/17/26 20:00,25.148,,,
7241,4/17/26 20:10,25.094,,,
7242,4/17/26 20:20,25.03,,,
7243,4/17/26 20:30,24.965,,,
7244,4/17/26 20:40,24.955,,,
7245,4/17/26 20:50,24.901,,,
7246,4/17/26 21:00,24.89,,,
7247,4/17/26 21:10,24.858,,,
7248,4/17/26 21:20,24.837,,,
7249,4/17/26 21:30,24.837,,,
7250,4/17/26 21:40,24.826,,,
7251,4/17/26 21:50,24.783,,,
7252,4/17/26 22:00,24.772,,,
7253,4/17/26 22:10,24.751,,,
7254,4/17/26 22:20,24.761,,,
7255,4/17/26 22:30,24.729,,,
7256,4/17/26 22:40,24.729,,,
7257,4/17/26 22:50,24.719,,,
7258,4/17/26 23:00,24.708,,,
7259,4/17/26 23:10,24.719,,,
7260,4/17/26 23:20,24.686,,,
7261,4/17/26 23:30,24.719,,,
7262,4/17/26 23:40,24.697,,,
7263,4/17/26 23:50,24.676,,,
7264,4/18/26 0:00,24.665,,,
7265,4/18/26 0:10,24.654,,,
7266,4/18/26 0:20,24.654,,,
7267,4/18/26 0:30,24.665,,,
7268,4/18/26 0:40,24.654,,,
7269,4/18/26 0:50,24.644,,,
7270,4/18/26 1:00,24.633,,,
7271,4/18/26 1:10,24.622,,,
7272,4/18/26 1:20,24.633,,,
7273,4/18/26 1:30,24.611,,,
7274,4/18/26 1:40,24.622,,,
7275,4/18/26 1:50,24.622,,,
7276,4/18/26 2:00,24.611,,,
7277,4/18/26 2:10,24.611,,,
7278,4/18/26 2:20,24.611,,,
7279,4/18/26 2:30,24.611,,,
7280,4/18/26 2:40,24.601,,,
7281,4/18/26 2:50,24.601,,,
7282,4/18/26 3:00,24.633,,,
7283,4/18/26 3:10,24.633,,,
7284,4/18/26 3:20,24.601,,,
7285,4/18/26 3:30,24.622,,,
7286,4/18/26 3:40,24.611,,,
7287,4/18/26 3:50,24.59,,,
7288,4/18/26 4:00,24.601,,,
7289,4/18/26 4:10,24.59,,,
7290,4/18/26 4:20,24.579,,,
7291,4/18/26 4:30,24.59,,,
7292,4/18/26 4:40,24.579,,,
7293,4/18/26 4:50,24.579,,,
7294,4/18/26 5:00,24.59,,,
7295,4/18/26 5:10,24.568,,,
7296,4/18/26 5:20,24.568,,,
7297,4/18/26 5:30,24.579,,,
7298,4/18/26 5:40,24.568,,,
7299,4/18/26 5:50,24.579,,,
7300,4/18/26 6:00,24.558,,,
7301,4/18/26 6:10,24.558,,,
7302,4/18/26 6:20,24.526,,,
7303,4/18/26 6:30,24.568,,,
7304,4/18/26 6:40,24.547,,,
7305,4/18/26 6:50,24.547,,,
7306,4/18/26 7:00,24.558,,,
7307,4/18/26 7:10,24.547,,,
7308,4/18/26 7:20,24.579,,,
7309,4/18/26 7:30,24.579,,,
7310,4/18/26 7:40,24.601,,,
7311,4/18/26 7:50,24.633,,,
7312,4/18/26 8:00,24.676,,,
7313,4/18/26 8:10,24.697,,,
7314,4/18/26 8:20,24.74,,,
7315,4/18/26 8:30,24.804,,,
7316,4/18/26 8:40,24.847,,,
7317,4/18/26 8:50,24.933,,,
7318,4/18/26 9:00,24.987,,,
7319,4/18/26 9:10,25.008,,,
7320,4/18/26 9:20,25.073,,,
7321,4/18/26 9:30,25.137,,,
7322,4/18/26 9:40,25.223,,,
7323,4/18/26 9:50,25.287,,,
7324,4/18/26 10:00,25.373,,,
7325,4/18/26 10:10,25.469,,,
7326,4/18/26 10:20,25.534,,,
7327,4/18/26 10:30,25.587,,,
7328,4/18/26 10:40,25.598,,,
7329,4/18/26 10:50,25.684,,,
7330,4/18/26 11:00,25.77,,,
7331,4/18/26 11:10,25.866,,,
7332,4/18/26 11:20,25.995,,,
7333,4/18/26 11:30,26.059,,,
7334,4/18/26 11:40,26.091,,,
7335,4/18/26 11:50,26.113,,,
7336,4/18/26 12:00,26.124,,,
7337,4/18/26 12:10,26.145,,,
7338,4/18/26 12:20,26.252,,,
7339,4/18/26 12:30,26.349,,,
7340,4/18/26 12:40,26.467,,,
7341,4/18/26 12:50,26.574,,,
7342,4/18/26 13:00,26.692,,,
7343,4/18/26 13:10,26.703,,,
7344,4/18/26 13:20,26.756,,,
7345,4/18/26 13:30,26.81,,,
7346,4/18/26 13:40,26.756,,,
7347,4/18/26 13:50,26.703,,,
7348,4/18/26 14:00,26.692,,,
7349,4/18/26 14:10,26.649,,,
7350,4/18/26 14:20,26.595,,,
7351,4/18/26 14:30,26.563,,,
7352,4/18/26 14:40,26.499,,,
7353,4/18/26 14:50,26.445,,,
7354,4/18/26 15:00,26.381,,,
7355,4/18/26 15:10,26.36,,,
7356,4/18/26 15:20,26.295,,,
7357,4/18/26 15:30,26.284,,,
7358,4/18/26 15:40,26.295,,,
7359,4/18/26 15:50,26.284,,,
7360,4/18/26 16:00,26.263,,,
7361,4/18/26 16:10,26.274,,,
7362,4/18/26 16:20,26.263,,,
7363,4/18/26 16:30,26.22,,,
7364,4/18/26 16:40,26.199,,,
7365,4/18/26 16:50,26.124,,,
7366,4/18/26 17:00,26.091,,,
7367,4/18/26 17:10,26.038,,,
7368,4/18/26 17:20,26.006,,,
7369,4/18/26 17:30,25.963,,,
7370,4/18/26 17:40,25.909,,,
7371,4/18/26 17:50,25.834,,,
7372,4/18/26 18:00,25.77,,,
7373,4/18/26 18:10,25.684,,,
7374,4/18/26 18:20,25.641,,,
7375,4/18/26 18:30,25.577,,,
7376,4/18/26 18:40,25.502,,,
7377,4/18/26 18:50,25.437,,,
7378,4/18/26 19:00,25.416,,,
7379,4/18/26 19:10,25.319,,,
7380,4/18/26 19:20,25.266,,,
7381,4/18/26 19:30,25.201,,,
7382,4/18/26 19:40,25.18,,,
7383,4/18/26 19:50,25.115,,,
7384,4/18/26 20:00,25.073,,,
7385,4/18/26 20:10,25.03,,,
7386,4/18/26 20:20,25.03,,,
7387,4/18/26 20:30,24.976,,,
7388,4/18/26 20:40,24.965,,,
7389,4/18/26 20:50,24.933,,,
7390,4/18/26 21:00,24.901,,,
7391,4/18/26 21:10,24.879,,,
7392,4/18/26 21:20,24.858,,,
7393,4/18/26 21:30,24.826,,,
7394,4/18/26 21:40,24.804,,,
7395,4/18/26 21:50,24.772,,,
7396,4/18/26 22:00,24.772,,,
7397,4/18/26 22:10,24.751,,,
7398,4/18/26 22:20,24.74,,,
7399,4/18/26 22:30,24.719,,,
7400,4/18/26 22:40,24.697,,,
7401,4/18/26 22:50,24.697,,,
7402,4/18/26 23:00,24.665,,,
7403,4/18/26 23:10,24.665,,,
7404,4/18/26 23:20,24.644,,,
7405,4/18/26 23:30,24.622,,,
7406,4/18/26 23:40,24.622,,,
7407,4/18/26 23:50,24.59,,,
7408,4/19/26 0:00,24.558,,,
7409,4/19/26 0:10,24.547,,,
7410,4/19/26 0:20,24.547,,,
7411,4/19/26 0:30,24.515,,,
7412,4/19/26 0:40,24.526,,,
7413,4/19/26 0:50,24.493,,,
7414,4/19/26 1:00,24.483,,,
7415,4/19/26 1:10,24.483,,,
7416,4/19/26 1:20,24.472,,,
7417,4/19/26 1:30,24.461,,,
7418,4/19/26 1:40,24.429,,,
7419,4/19/26 1:50,24.408,,,
7420,4/19/26 2:00,24.386,,,
7421,4/19/26 2:10,24.375,,,
7422,4/19/26 2:20,24.354,,,
7423,4/19/26 2:30,24.322,,,
7424,4/19/26 2:40,24.322,,,
7425,4/19/26 2:50,24.311,,,
7426,4/19/26 3:00,24.322,,,
7427,4/19/26 3:10,24.322,,,
7428,4/19/26 3:20,24.3,,,
7429,4/19/26 3:30,24.3,,,
7430,4/19/26 3:40,24.29,,,
7431,4/19/26 3:50,24.29,,,
7432,4/19/26 4:00,24.279,,,
7433,4/19/26 4:10,24.279,,,
7434,4/19/26 4:20,24.257,,,
7435,4/19/26 4:30,24.247,,,
7436,4/19/26 4:40,24.225,,,
7437,4/19/26 4:50,24.214,,,
7438,4/19/26 5:00,24.214,,,
7439,4/19/26 5:10,24.193,,,
7440,4/19/26 5:20,24.182,,,
7441,4/19/26 5:30,24.172,,,
7442,4/19/26 5:40,24.172,,,
7443,4/19/26 5:50,24.129,,,
7444,4/19/26 6:00,24.118,,,
7445,4/19/26 6:10,24.097,,,
7446,4/19/26 6:20,24.097,,,
7447,4/19/26 6:30,24.075,,,
7448,4/19/26 6:40,24.107,,,
7449,4/19/26 6:50,24.118,,,
7450,4/19/26 7:00,24.172,,,
7451,4/19/26 7:10,24.214,,,
7452,4/19/26 7:20,24.247,,,
7453,4/19/26 7:30,24.311,,,
7454,4/19/26 7:40,24.365,,,
7455,4/19/26 7:50,24.461,,,
7456,4/19/26 8:00,24.536,,,
7457,4/19/26 8:10,24.633,,,
7458,4/19/26 8:20,24.74,,,
7459,4/19/26 8:30,24.858,,,
7460,4/19/26 8:40,24.955,,,
7461,4/19/26 8:50,25.051,,,
7462,4/19/26 9:00,25.201,,,
7463,4/19/26 9:10,25.384,,,
7464,4/19/26 9:20,25.523,,,
7465,4/19/26 9:30,25.652,,,
7466,4/19/26 9:40,25.813,,,
7467,4/19/26 9:50,25.952,,,
7468,4/19/26 10:00,26.081,,,
7469,4/19/26 10:10,26.252,,,
7470,4/19/26 10:20,26.37,,,
7471,4/19/26 10:30,26.499,,,
7472,4/19/26 10:40,26.585,,,
7473,4/19/26 10:50,26.778,,,
7474,4/19/26 11:00,26.96,,,
7475,4/19/26 11:10,27.121,,,
7476,4/19/26 11:20,27.282,,,
7477,4/19/26 11:30,27.411,,,
7478,4/19/26 11:40,27.582,,,
7479,4/19/26 11:50,27.754,,,
7480,4/19/26 12:00,27.99,,,
7481,4/19/26 12:10,28.183,,,
7482,4/19/26 12:20,28.365,,,
7483,4/19/26 12:30,28.633,,,
7484,4/19/26 12:40,28.773,,,
7485,4/19/26 12:50,29.041,,,
7486,4/19/26 13:00,29.009,,,
7487,4/19/26 13:10,29.845,,,
7488,4/19/26 13:20,33.942,,,
7489,4/19/26 13:30,34.242,,,
7490,4/19/26 13:40,34.36,,,
7491,4/19/26 13:50,35.444,,,
7492,4/19/26 14:00,36.27,,,
7493,4/19/26 14:10,37.524,,,
7494,4/19/26 14:20,35.948,,,
7495,4/19/26 14:30,34.189,,,
7496,4/19/26 14:40,35.637,,,
7497,4/19/26 14:50,36.934,,,
7498,4/19/26 15:00,36.838,,,
7499,4/19/26 15:10,35.594,,,
7500,4/19/26 15:20,36.484,,,
7501,4/19/26 15:30,34.232,,,
7502,4/19/26 15:40,32.376,,,
7503,4/19/26 15:50,31.733,,,
7504,4/19/26 16:00,32.387,,,
7505,4/19/26 16:10,32.784,,,
7506,4/19/26 16:20,33.931,,,
7507,4/19/26 16:30,29.105,,,
7508,4/19/26 16:40,28.419,,,
7509,4/19/26 16:50,28.215,,,
7510,4/19/26 17:00,28.022,,,
7511,4/19/26 17:10,27.829,,,
7512,4/19/26 17:20,27.636,,,
7513,4/19/26 17:30,27.453,,,
7514,4/19/26 17:40,27.282,,,
7515,4/19/26 17:50,27.142,,,
7516,4/19/26 18:00,26.992,,,
7517,4/19/26 18:10,26.864,,,
7518,4/19/26 18:20,26.735,,,
7519,4/19/26 18:30,26.617,,,
7520,4/19/26 18:40,26.52,,,
7521,4/19/26 18:50,26.402,,,
7522,4/19/26 19:00,26.317,,,
7523,4/19/26 19:10,26.188,,,
7524,4/19/26 19:20,26.081,,,
7525,4/19/26 19:30,25.995,,,
7526,4/19/26 19:40,25.92,,,
7527,4/19/26 19:50,25.866,,,
7528,4/19/26 20:00,25.802,,,
7529,4/19/26 20:10,25.737,,,
7530,4/19/26 20:20,25.695,,,
7531,4/19/26 20:30,25.63,,,
7532,4/19/26 20:40,25.598,,,
7533,4/19/26 20:50,25.534,,,
7534,4/19/26 21:00,25.502,,,
7535,4/19/26 21:10,25.426,,,
7536,4/19/26 21:20,25.394,,,
7537,4/19/26 21:30,25.362,,,
7538,4/19/26 21:40,25.33,,,
7539,4/19/26 21:50,25.319,,,
7540,4/19/26 22:00,25.319,,,
7541,4/19/26 22:10,25.266,,,
7542,4/19/26 22:20,25.233,,,
7543,4/19/26 22:30,25.212,,,
7544,4/19/26 22:40,25.201,,,
7545,4/19/26 22:50,25.158,,,
7546,4/19/26 23:00,25.158,,,
7547,4/19/26 23:10,25.137,,,
7548,4/19/26 23:20,25.115,,,
7549,4/19/26 23:30,25.094,,,
7550,4/19/26 23:40,25.094,,,
7551,4/19/26 23:50,25.051,,,
7552,4/20/26 0:00,25.083,,,
7553,4/20/26 0:10,25.04,,,
7554,4/20/26 0:20,25.03,,,
7555,4/20/26 0:30,25.03,,,
7556,4/20/26 0:40,25.019,,,
7557,4/20/26 0:50,24.997,,,
7558,4/20/26 1:00,24.987,,,
7559,4/20/26 1:10,24.976,,,
7560,4/20/26 1:20,24.976,,,
7561,4/20/26 1:30,24.965,,,
7562,4/20/26 1:40,24.933,,,
7563,4/20/26 1:50,24.955,,,
7564,4/20/26 2:00,24.933,,,
7565,4/20/26 2:10,24.922,,,
7566,4/20/26 2:20,24.933,,,
7567,4/20/26 2:30,24.901,,,
7568,4/20/26 2:40,24.912,,,
7569,4/20/26 2:50,24.901,,,
7570,4/20/26 3:00,24.89,,,
7571,4/20/26 3:10,24.869,,,
7572,4/20/26 3:20,24.858,,,
7573,4/20/26 3:30,24.869,,,
7574,4/20/26 3:40,24.858,,,
7575,4/20/26 3:50,24.847,,,
7576,4/20/26 4:00,24.847,,,
7577,4/20/26 4:10,24.847,,,
7578,4/20/26 4:20,24.837,,,
7579,4/20/26 4:30,24.826,,,
7580,4/20/26 4:40,24.804,,,
7581,4/20/26 4:50,24.794,,,
7582,4/20/26 5:00,24.794,,,
7583,4/20/26 5:10,24.804,,,
7584,4/20/26 5:20,24.815,,,
7585,4/20/26 5:30,24.815,,,
7586,4/20/26 5:40,24.804,,,
7587,4/20/26 5:50,24.794,,,
7588,4/20/26 6:00,24.783,,,
7589,4/20/26 6:10,24.751,,,
7590,4/20/26 6:20,24.74,,,
7591,4/20/26 6:30,24.729,,,
7592,4/20/26 6:40,24.729,,,
7593,4/20/26 6:50,24.74,,,
7594,4/20/26 7:00,24.761,,,
7595,4/20/26 7:10,24.783,,,
7596,4/20/26 7:20,24.772,,,
7597,4/20/26 7:30,24.847,,,
7598,4/20/26 7:40,24.869,,,
7599,4/20/26 7:50,24.933,,,
7600,4/20/26 8:00,24.987,,,
7601,4/20/26 8:10,24.987,,,
7602,4/20/26 8:20,25.008,,,
7603,4/20/26 8:30,25.04,,,
7604,4/20/26 8:40,25.03,,,
7605,4/20/26 8:50,24.965,,,
7606,4/20/26 9:00,24.922,,,
7607,4/20/26 9:10,24.847,,,
7608,4/20/26 9:20,24.858,,,
7609,4/20/26 9:30,24.869,,,
7610,4/20/26 9:40,24.912,,,
7611,4/20/26 9:50,24.922,,,
7612,4/20/26 10:00,24.965,,,
7613,4/20/26 10:10,25.051,,,
7614,4/20/26 10:20,25.148,,,
7615,4/20/26 10:30,25.266,,,
7616,4/20/26 10:40,25.384,,,
7617,4/20/26 10:50,25.534,,,
7618,4/20/26 11:00,25.802,,,
7619,4/20/26 11:10,26.113,,,
7620,4/20/26 11:20,26.306,,,
7621,4/20/26 11:30,26.392,,,
7622,4/20/26 11:40,26.52,,,
7623,4/20/26 11:50,26.821,,,
7624,4/20/26 12:00,27.089,,,
7625,4/20/26 12:10,27.507,,,
7626,4/20/26 12:20,27.754,,,
7627,4/20/26 12:30,28.29,,,
7628,4/20/26 12:40,28.58,,,
7629,4/20/26 12:50,28.869,,,
7630,4/20/26 13:00,28.719,,,
7631,4/20/26 13:10,28.676,,,
7632,4/20/26 13:20,28.59,,,
7633,4/20/26 13:30,28.494,,,
7634,4/20/26 13:40,28.365,,,
7635,4/20/26 13:50,28.215,,,
7636,4/20/26 14:00,28.108,,,
7637,4/20/26 14:10,28.043,,,
7638,4/20/26 14:20,27.958,,,
7639,4/20/26 14:30,27.893,,,
7640,4/20/26 14:40,27.84,,,
7641,4/20/26 14:50,27.818,,,
7642,4/20/26 15:00,27.786,,,
7643,4/20/26 15:10,27.765,,,
7644,4/20/26 15:20,27.689,,,
7645,4/20/26 15:30,27.614,,,
7646,4/20/26 15:40,27.668,,,
7647,4/20/26 15:50,27.636,,,
7648,4/20/26 16:00,27.571,,,
7649,4/20/26 16:10,27.496,,,
7650,4/20/26 16:20,27.443,,,
7651,4/20/26 16:30,27.368,,,
7652,4/20/26 16:40,27.282,,,
7653,4/20/26 16:50,27.196,,,
7654,4/20/26 17:00,27.1,,,
7655,4/20/26 17:10,27.057,,,
7656,4/20/26 17:20,26.939,,,
7657,4/20/26 17:30,26.864,,,
7658,4/20/26 17:40,26.778,,,
7659,4/20/26 17:50,26.66,,,
7660,4/20/26 18:00,26.553,,,
7661,4/20/26 18:10,26.445,,,
7662,4/20/26 18:20,26.338,,,
7663,4/20/26 18:30,26.263,,,
7664,4/20/26 18:40,26.166,,,
7665,4/20/26 18:50,26.091,,,
7666,4/20/26 19:00,25.995,,,
7667,4/20/26 19:10,25.931,,,
7668,4/20/26 19:20,25.866,,,
7669,4/20/26 19:30,25.791,,,
7670,4/20/26 19:40,25.737,,,
7671,4/20/26 19:50,25.652,,,
7672,4/20/26 20:00,25.587,,,
7673,4/20/26 20:10,25.534,,,
7674,4/20/26 20:20,25.48,,,
7675,4/20/26 20:30,25.394,,,
7676,4/20/26 20:40,25.33,,,
7677,4/20/26 20:50,25.308,,,
7678,4/20/26 21:00,25.266,,,
7679,4/20/26 21:10,25.212,,,
7680,4/20/26 21:20,25.19,,,
7681,4/20/26 21:30,25.158,,,
7682,4/20/26 21:40,25.137,,,
7683,4/20/26 21:50,25.115,,,
7684,4/20/26 22:00,25.083,,,
7685,4/20/26 22:10,25.051,,,
7686,4/20/26 22:20,25.04,,,
7687,4/20/26 22:30,25.019,,,
7688,4/20/26 22:40,25.019,,,
7689,4/20/26 22:50,24.987,,,
7690,4/20/26 23:00,24.976,,,
7691,4/20/26 23:10,24.965,,,
7692,4/20/26 23:20,24.955,,,
7693,4/20/26 23:30,24.922,,,
7694,4/20/26 23:40,24.901,,,
7695,4/20/26 23:50,24.879,,,
7696,4/21/26 0:00,24.869,,,
7697,4/21/26 0:10,24.869,,,
7698,4/21/26 0:20,24.869,,,
7699,4/21/26 0:30,24.847,,,
7700,4/21/26 0:40,24.837,,,
7701,4/21/26 0:50,24.837,,,
7702,4/21/26 1:00,24.794,,,
7703,4/21/26 1:10,24.804,,,
7704,4/21/26 1:20,24.783,,,
7705,4/21/26 1:30,24.783,,,
7706,4/21/26 1:40,24.772,,,
7707,4/21/26 1:50,24.761,,,
7708,4/21/26 2:00,24.761,,,
7709,4/21/26 2:10,24.761,,,
7710,4/21/26 2:20,24.761,,,
7711,4/21/26 2:30,24.74,,,
7712,4/21/26 2:40,24.729,,,
7713,4/21/26 2:50,24.708,,,
7714,4/21/26 3:00,24.676,,,
7715,4/21/26 3:10,24.686,,,
7716,4/21/26 3:20,24.622,,,
7717,4/21/26 3:30,24.611,,,
7718,4/21/26 3:40,24.579,,,
7719,4/21/26 3:50,24.568,,,
7720,4/21/26 4:00,24.558,,,
7721,4/21/26 4:10,24.526,,,
7722,4/21/26 4:20,24.472,,,
7723,4/21/26 4:30,24.472,,,
7724,4/21/26 4:40,24.45,,,
7725,4/21/26 4:50,24.408,,,
7726,4/21/26 5:00,24.397,,,
7727,4/21/26 5:10,24.386,,,
7728,4/21/26 5:20,24.343,,,
7729,4/21/26 5:30,24.343,,,
7730,4/21/26 5:40,24.322,,,
7731,4/21/26 5:50,24.279,,,
7732,4/21/26 6:00,24.268,,,
7733,4/21/26 6:10,24.268,,,
7734,4/21/26 6:20,24.247,,,
7735,4/21/26 6:30,24.247,,,
7736,4/21/26 6:40,24.257,,,
7737,4/21/26 6:50,24.29,,,
7738,4/21/26 7:00,24.322,,,
7739,4/21/26 7:10,24.375,,,
7740,4/21/26 7:20,24.44,,,
7741,4/21/26 7:30,24.515,,,
7742,4/21/26 7:40,24.59,,,
7743,4/21/26 7:50,24.676,,,
7744,4/21/26 8:00,24.783,,,
7745,4/21/26 8:10,24.879,,,
7746,4/21/26 8:20,25.019,,,
7747,4/21/26 8:30,25.158,,,
7748,4/21/26 8:40,25.319,,,
7749,4/21/26 8:50,25.534,,,
7750,4/21/26 9:00,28.011,,,
7751,4/21/26 9:10,30.403,,,
7752,4/21/26 9:20,32.902,,,
7753,4/21/26 9:30,34.146,,,
7754,4/21/26 9:40,34.618,,,
7755,4/21/26 9:50,27.85,,,
7756,4/21/26 10:00,27.175,,,
7757,4/21/26 10:10,27.421,,,
7758,4/21/26 10:20,27.689,,,
7759,4/21/26 10:30,27.947,,,
7760,4/21/26 10:40,28.215,,,
7761,4/21/26 10:50,28.462,,,
7762,4/21/26 11:00,28.698,,,
7763,4/21/26 11:10,28.923,,,
7764,4/21/26 11:20,29.169,,,
7765,4/21/26 11:30,29.416,,,
7766,4/21/26 11:40,29.588,,,
7767,4/21/26 11:50,29.577,,,
7768,4/21/26 12:00,29.759,,,
7769,4/21/26 12:10,29.684,,,
7770,4/21/26 12:20,29.985,,,
7771,4/21/26 12:30,30.263,,,
7772,4/21/26 12:40,30.489,,,
7773,4/21/26 12:50,31.229,,,
7774,4/21/26 13:00,31.046,,,
7775,4/21/26 13:10,30.628,,,
7776,4/21/26 13:20,30.263,,,
7777,4/21/26 13:30,29.963,,,
7778,4/21/26 13:40,29.716,,,
7779,4/21/26 13:50,29.513,,,
7780,4/21/26 14:00,29.298,,,
7781,4/21/26 14:10,29.094,,,
7782,4/21/26 14:20,28.858,,,
7783,4/21/26 14:30,28.73,,,
7784,4/21/26 14:40,28.858,,,
7785,4/21/26 14:50,28.869,,,
7786,4/21/26 15:00,28.923,,,
7787,4/21/26 15:10,28.976,,,
7788,4/21/26 15:20,29.03,,,
7789,4/21/26 15:30,29.052,,,
7790,4/21/26 15:40,29.062,,,
7791,4/21/26 15:50,29.03,,,
7792,4/21/26 16:00,29.041,,,
7793,4/21/26 16:10,28.934,,,
7794,4/21/26 16:20,28.816,,,
7795,4/21/26 16:30,28.708,,,
7796,4/21/26 16:40,28.655,,,
7797,4/21/26 16:50,28.526,,,
7798,4/21/26 17:00,28.376,,,
7799,4/21/26 17:10,28.226,,,
7800,4/21/26 17:20,28.097,,,
7801,4/21/26 17:30,27.904,,,
7802,4/21/26 17:40,27.775,,,
7803,4/21/26 17:50,27.636,,,
7804,4/21/26 18:00,27.486,,,
7805,4/21/26 18:10,27.357,,,
7806,4/21/26 18:20,27.218,,,
7807,4/21/26 18:30,27.121,,,
7808,4/21/26 18:40,27.003,,,
7809,4/21/26 18:50,26.831,,,
7810,4/21/26 19:00,26.692,,,
7811,4/21/26 19:10,26.574,,,
7812,4/21/26 19:20,26.467,,,
7813,4/21/26 19:30,26.381,,,
7814,4/21/26 19:40,26.306,,,
7815,4/21/26 19:50,26.231,,,
7816,4/21/26 20:00,26.166,,,
7817,4/21/26 20:10,26.091,,,
7818,4/21/26 20:20,26.038,,,
7819,4/21/26 20:30,25.995,,,
7820,4/21/26 20:40,25.909,,,
7821,4/21/26 20:50,25.855,,,
7822,4/21/26 21:00,25.791,,,
7823,4/21/26 21:10,25.737,,,
7824,4/21/26 21:20,25.716,,,
7825,4/21/26 21:30,25.641,,,
7826,4/21/26 21:40,25.598,,,
7827,4/21/26 21:50,25.587,,,
7828,4/21/26 22:00,25.544,,,
7829,4/21/26 22:10,25.534,,,
7830,4/21/26 22:20,25.491,,,
7831,4/21/26 22:30,25.48,,,
7832,4/21/26 22:40,25.416,,,
7833,4/21/26 22:50,25.394,,,
7834,4/21/26 23:00,25.362,,,
7835,4/21/26 23:10,25.33,,,
7836,4/21/26 23:20,25.319,,,
7837,4/21/26 23:30,25.244,,,
7838,4/21/26 23:40,25.212,,,
7839,4/21/26 23:50,25.169,,,
7840,4/22/26 0:00,25.137,,,
7841,4/22/26 0:10,25.115,,,
7842,4/22/26 0:20,25.094,,,
7843,4/22/26 0:30,25.073,,,
7844,4/22/26 0:40,25.051,,,
7845,4/22/26 0:50,25.008,,,
7846,4/22/26 1:00,24.997,,,
7847,4/22/26 1:10,24.987,,,
7848,4/22/26 1:20,24.955,,,
7849,4/22/26 1:30,24.944,,,
7850,4/22/26 1:40,24.933,,,
7851,4/22/26 1:50,24.901,,,
7852,4/22/26 2:00,24.922,,,
7853,4/22/26 2:10,24.901,,,
7854,4/22/26 2:20,24.901,,,
7855,4/22/26 2:30,24.901,,,
7856,4/22/26 2:40,24.869,,,
7857,4/22/26 2:50,24.858,,,
7858,4/22/26 3:00,24.858,,,
7859,4/22/26 3:10,24.858,,,
7860,4/22/26 3:20,24.847,,,
7861,4/22/26 3:30,24.826,,,
7862,4/22/26 3:40,24.815,,,
7863,4/22/26 3:50,24.804,,,
7864,4/22/26 4:00,24.815,,,
7865,4/22/26 4:10,24.804,,,
7866,4/22/26 4:20,24.804,,,
7867,4/22/26 4:30,24.815,,,
7868,4/22/26 4:40,24.794,,,
7869,4/22/26 4:50,24.815,,,
7870,4/22/26 5:00,24.783,,,
7871,4/22/26 5:10,24.772,,,
7872,4/22/26 5:20,24.751,,,
7873,4/22/26 5:30,24.729,,,
7874,4/22/26 5:40,24.719,,,
7875,4/22/26 5:50,24.708,,,
7876,4/22/26 6:00,24.719,,,
7877,4/22/26 6:10,24.719,,,
7878,4/22/26 6:20,24.719,,,
7879,4/22/26 6:30,24.708,,,
7880,4/22/26 6:40,24.719,,,
7881,4/22/26 6:50,24.719,,,
7882,4/22/26 7:00,24.719,,,
7883,4/22/26 7:10,24.751,,,
7884,4/22/26 7:20,24.804,,,
7885,4/22/26 7:30,24.858,,,
7886,4/22/26 7:40,24.933,,,
7887,4/22/26 7:50,24.997,,,
7888,4/22/26 8:00,25.083,,,
7889,4/22/26 8:10,25.19,,,
7890,4/22/26 8:20,25.287,,,
7891,4/22/26 8:30,25.319,,,
7892,4/22/26 8:40,25.384,,,
7893,4/22/26 8:50,25.437,,,
7894,4/22/26 9:00,25.512,,,
7895,4/22/26 9:10,25.544,,,
7896,4/22/26 9:20,25.662,,,
7897,4/22/26 9:30,25.748,,,
7898,4/22/26 9:40,25.909,,,
7899,4/22/26 9:50,26.081,,,
7900,4/22/26 10:00,26.317,,,
7901,4/22/26 10:10,26.542,,,
7902,4/22/26 10:20,26.789,,,
7903,4/22/26 10:30,27.014,,,
7904,4/22/26 10:40,27.207,,,
7905,4/22/26 10:50,27.26,,,
7906,4/22/26 11:00,27.336,,,
7907,4/22/26 11:10,27.475,,,
7908,4/22/26 11:20,27.453,,,
7909,4/22/26 11:30,27.421,,,
7910,4/22/26 11:40,27.593,,,
7911,4/22/26 11:50,27.711,,,
7912,4/22/26 12:00,28.022,,,
7913,4/22/26 12:10,28.333,,,
7914,4/22/26 12:20,28.29,,,
7915,4/22/26 12:30,28.505,,,
7916,4/22/26 12:40,28.708,,,
7917,4/22/26 12:50,28.848,,,
7918,4/22/26 13:00,29.03,,,
7919,4/22/26 13:10,29.03,,,
7920,4/22/26 13:20,29.277,,,
7921,4/22/26 13:30,29.459,,,
7922,4/22/26 13:40,29.566,,,
7923,4/22/26 13:50,29.695,,,
7924,4/22/26 14:00,29.759,,,
7925,4/22/26 14:10,29.845,,,
7926,4/22/26 14:20,29.92,,,
7927,4/22/26 14:30,29.985,,,
7928,4/22/26 14:40,30.038,,,
7929,4/22/26 14:50,30.092,,,
7930,4/22/26 15:00,30.06,,,
7931,4/22/26 15:10,29.963,,,
7932,4/22/26 15:20,29.931,,,
7933,4/22/26 15:30,29.899,,,
7934,4/22/26 15:40,30.006,,,
7935,4/22/26 15:50,29.963,,,
7936,4/22/26 16:00,29.834,,,
7937,4/22/26 16:10,29.727,,,
7938,4/22/26 16:20,29.62,,,
7939,4/22/26 16:30,29.534,,,
7940,4/22/26 16:40,29.416,,,
7941,4/22/26 16:50,29.309,,,
7942,4/22/26 17:00,29.169,,,
7943,4/22/26 17:10,29.03,,,
7944,4/22/26 17:20,28.816,,,
7945,4/22/26 17:30,28.612,,,
7946,4/22/26 17:40,28.419,,,
7947,4/22/26 17:50,28.194,,,
7948,4/22/26 18:00,28.011,,,
7949,4/22/26 18:10,27.85,,,
7950,4/22/26 18:20,27.668,,,
7951,4/22/26 18:30,27.496,,,
7952,4/22/26 18:40,27.325,,,
7953,4/22/26 18:50,27.153,,,
7954,4/22/26 19:00,26.992,,,
7955,4/22/26 19:10,26.831,,,
7956,4/22/26 19:20,26.671,,,
7957,4/22/26 19:30,26.52,,,
7958,4/22/26 19:40,26.381,,,
7959,4/22/26 19:50,26.274,,,
7960,4/22/26 20:00,26.166,,,
7961,4/22/26 20:10,26.059,,,
7962,4/22/26 20:20,25.973,,,
7963,4/22/26 20:30,25.866,,,
7964,4/22/26 20:40,25.802,,,
7965,4/22/26 20:50,25.737,,,
7966,4/22/26 21:00,25.652,,,
7967,4/22/26 21:10,25.598,,,
7968,4/22/26 21:20,25.566,,,
7969,4/22/26 21:30,25.544,,,
7970,4/22/26 21:40,25.48,,,
7971,4/22/26 21:50,25.459,,,
7972,4/22/26 22:00,25.448,,,
7973,4/22/26 22:10,25.405,,,
7974,4/22/26 22:20,25.362,,,
7975,4/22/26 22:30,25.341,,,
7976,4/22/26 22:40,25.308,,,
7977,4/22/26 22:50,25.298,,,
7978,4/22/26 23:00,25.276,,,
7979,4/22/26 23:10,25.266,,,
7980,4/22/26 23:20,25.233,,,
7981,4/22/26 23:30,25.233,,,
7982,4/22/26 23:40,25.19,,,
7983,4/22/26 23:50,25.18,,,
7984,4/23/26 0:00,25.169,,,
7985,4/23/26 0:10,25.126,,,
7986,4/23/26 0:20,25.115,,,
7987,4/23/26 0:30,25.105,,,
7988,4/23/26 0:40,25.105,,,
7989,4/23/26 0:50,25.073,,,
7990,4/23/26 1:00,25.062,,,
7991,4/23/26 1:10,25.062,,,
7992,4/23/26 1:20,25.073,,,
7993,4/23/26 1:30,25.051,,,
7994,4/23/26 1:40,25.04,,,
7995,4/23/26 1:50,24.987,,,
7996,4/23/26 2:00,24.976,,,
7997,4/23/26 2:10,24.933,,,
7998,4/23/26 2:20,24.922,,,
7999,4/23/26 2:30,24.922,,,
8000,4/23/26 2:40,24.901,,,
8001,4/23/26 2:50,24.869,,,
8002,4/23/26 3:00,24.858,,,
8003,4/23/26 3:10,24.847,,,
8004,4/23/26 3:20,24.815,,,
8005,4/23/26 3:30,24.815,,,
8006,4/23/26 3:40,24.804,,,
8007,4/23/26 3:50,24.783,,,
8008,4/23/26 4:00,24.751,,,
8009,4/23/26 4:10,24.729,,,
8010,4/23/26 4:20,24.74,,,
8011,4/23/26 4:30,24.708,,,
8012,4/23/26 4:40,24.719,,,
8013,4/23/26 4:50,24.686,,,
8014,4/23/26 5:00,24.665,,,
8015,4/23/26 5:10,24.644,,,
8016,4/23/26 5:20,24.633,,,
8017,4/23/26 5:30,24.622,,,
8018,4/23/26 5:40,24.601,,,
8019,4/23/26 5:50,24.579,,,
8020,4/23/26 6:00,24.568,,,
8021,4/23/26 6:10,24.579,,,
8022,4/23/26 6:20,24.568,,,
8023,4/23/26 6:30,24.59,,,
8024,4/23/26 6:40,24.59,,,
8025,4/23/26 6:50,24.622,,,
8026,4/23/26 7:00,24.622,,,
8027,4/23/26 7:10,24.633,,,
8028,4/23/26 7:20,24.654,,,
8029,4/23/26 7:30,24.665,,,
8030,4/23/26 7:40,24.74,,,
8031,4/23/26 7:50,24.826,,,
8032,4/23/26 8:00,24.89,,,
8033,4/23/26 8:10,25.019,,,
8034,4/23/26 8:20,25.083,,,
8035,4/23/26 8:30,25.148,,,
8036,4/23/26 8:40,25.18,,,
8037,4/23/26 8:50,25.244,,,
8038,4/23/26 9:00,25.308,,,
8039,4/23/26 9:10,25.362,,,
8040,4/23/26 9:20,25.416,,,
8041,4/23/26 9:30,25.555,,,
8042,4/23/26 9:40,25.716,,,
8043,4/23/26 9:50,25.888,,,
8044,4/23/26 10:00,26.038,,,
8045,4/23/26 10:10,26.284,,,
8046,4/23/26 10:20,26.456,,,
8047,4/23/26 10:30,26.499,,,
8048,4/23/26 10:40,26.735,,,
8049,4/23/26 10:50,26.124,,,
8050,4/23/26 11:00,26.606,,,
8051,4/23/26 11:10,27.228,,,
8052,4/23/26 11:20,27.55,,,
8053,4/23/26 11:30,28.183,,,
8054,4/23/26 11:40,27.936,,,
8055,4/23/26 11:50,31.765,,,
8056,4/23/26 12:00,30.242,,,
8057,4/23/26 12:10,32.194,,,
8058,4/23/26 12:20,28.054,,,
8059,4/23/26 12:30,28.494,,,
8060,4/23/26 12:40,28.183,,,
8061,4/23/26 12:50,28.569,,,
8062,4/23/26 13:00,28.526,,,
8063,4/23/26 13:10,28.387,,,
8064,4/23/26 13:20,28.333,,,
8065,4/23/26 13:30,28.226,,,
8066,4/23/26 13:40,28.279,,,
8067,4/23/26 13:50,28.333,,,
8068,4/23/26 14:00,28.387,,,
8069,4/23/26 14:10,28.623,,,
8070,4/23/26 14:20,28.783,,,
8071,4/23/26 14:30,28.751,,,
8072,4/23/26 14:40,28.816,,,
8073,4/23/26 14:50,28.826,,,
8074,4/23/26 15:00,28.891,,,
8075,4/23/26 15:10,28.966,,,
8076,4/23/26 15:20,28.998,,,
8077,4/23/26 15:30,28.934,,,
8078,4/23/26 15:40,28.837,,,
8079,4/23/26 15:50,29.041,,,
8080,4/23/26 16:00,29.159,,,
8081,4/23/26 16:10,29.052,,,
8082,4/23/26 16:20,28.955,,,
8083,4/23/26 16:30,28.923,,,
8084,4/23/26 16:40,28.901,,,
8085,4/23/26 16:50,28.848,,,
8086,4/23/26 17:00,28.816,,,
8087,4/23/26 17:10,28.773,,,
8088,4/23/26 17:20,28.644,,,
8089,4/23/26 17:30,28.505,,,
8090,4/23/26 17:40,28.322,,,
8091,4/23/26 17:50,28.118,,,
8092,4/23/26 18:00,27.936,,,
8093,4/23/26 18:10,27.765,,,
8094,4/23/26 18:20,27.604,,,
8095,4/23/26 18:30,27.443,,,
8096,4/23/26 18:40,27.303,,,
8097,4/23/26 18:50,27.142,,,
8098,4/23/26 19:00,27.003,,,
8099,4/23/26 19:10,26.864,,,
8100,4/23/26 19:20,26.756,,,
8101,4/23/26 19:30,26.617,,,
8102,4/23/26 19:40,26.531,,,
8103,4/23/26 19:50,26.445,,,
8104,4/23/26 20:00,26.36,,,
8105,4/23/26 20:10,26.306,,,
8106,4/23/26 20:20,26.209,,,
8107,4/23/26 20:30,26.124,,,
8108,4/23/26 20:40,26.048,,,
8109,4/23/26 20:50,25.952,,,
8110,4/23/26 21:00,25.866,,,
8111,4/23/26 21:10,25.813,,,
8112,4/23/26 21:20,25.759,,,
8113,4/23/26 21:30,25.684,,,
8114,4/23/26 21:40,25.63,,,
8115,4/23/26 21:50,25.577,,,
8116,4/23/26 22:00,25.544,,,
8117,4/23/26 22:10,25.491,,,
8118,4/23/26 22:20,25.448,,,
8119,4/23/26 22:30,25.384,,,
8120,4/23/26 22:40,25.341,,,
8121,4/23/26 22:50,25.308,,,
8122,4/23/26 23:00,25.255,,,
8123,4/23/26 23:10,25.212,,,
8124,4/23/26 23:20,25.19,,,
8125,4/23/26 23:30,25.158,,,
8126,4/23/26 23:40,25.137,,,
8127,4/23/26 23:50,25.105,,,
8128,4/24/26 0:00,25.094,,,
8129,4/24/26 0:10,25.051,,,
8130,4/24/26 0:20,25.04,,,
8131,4/24/26 0:30,25.03,,,
8132,4/24/26 0:40,25.019,,,
8133,4/24/26 0:50,24.987,,,
8134,4/24/26 1:00,24.965,,,
8135,4/24/26 1:10,24.944,,,
8136,4/24/26 1:20,24.933,,,
8137,4/24/26 1:30,24.89,,,
8138,4/24/26 1:40,24.847,,,
8139,4/24/26 1:50,24.847,,,
8140,4/24/26 2:00,24.815,,,
8141,4/24/26 2:10,24.794,,,
8142,4/24/26 2:20,24.772,,,
8143,4/24/26 2:30,24.74,,,
8144,4/24/26 2:40,24.708,,,
8145,4/24/26 2:50,24.697,,,
8146,4/24/26 3:00,24.686,,,
8147,4/24/26 3:10,24.665,,,
8148,4/24/26 3:20,24.633,,,
8149,4/24/26 3:30,24.622,,,
8150,4/24/26 3:40,24.611,,,
8151,4/24/26 3:50,24.59,,,
8152,4/24/26 4:00,24.568,,,
8153,4/24/26 4:10,24.547,,,
8154,4/24/26 4:20,24.504,,,
8155,4/24/26 4:30,24.461,,,
8156,4/24/26 4:40,24.45,,,
8157,4/24/26 4:50,24.44,,,
8158,4/24/26 5:00,24.418,,,
8159,4/24/26 5:10,24.386,,,
8160,4/24/26 5:20,24.386,,,
8161,4/24/26 5:30,24.365,,,
8162,4/24/26 5:40,24.332,,,
8163,4/24/26 5:50,24.322,,,
8164,4/24/26 6:00,24.3,,,
8165,4/24/26 6:10,24.268,,,
8166,4/24/26 6:20,24.257,,,
8167,4/24/26 6:30,24.268,,,
8168,4/24/26 6:40,24.257,,,
8169,4/24/26 6:50,24.247,,,
8170,4/24/26 7:00,24.236,,,
8171,4/24/26 7:10,24.29,,,
8172,4/24/26 7:20,24.322,,,
8173,4/24/26 7:30,24.354,,,
8174,4/24/26 7:40,24.408,,,
8175,4/24/26 7:50,24.472,,,
8176,4/24/26 8:00,24.536,,,
8177,4/24/26 8:10,24.601,,,
8178,4/24/26 8:20,24.708,,,
8179,4/24/26 8:30,24.815,,,
8180,4/24/26 8:40,24.922,,,
8181,4/24/26 8:50,25.04,,,
8182,4/24/26 9:00,25.18,,,
8183,4/24/26 9:10,25.308,,,
8184,4/24/26 9:20,25.416,,,
8185,4/24/26 9:30,25.512,,,
8186,4/24/26 9:40,25.598,,,
8187,4/24/26 9:50,25.684,,,
8188,4/24/26 10:00,25.77,,,
8189,4/24/26 10:10,25.995,,,
8190,4/24/26 10:20,26.22,,,
8191,4/24/26 10:30,26.188,,,
8192,4/24/26 10:40,26.274,,,
8193,4/24/26 10:50,26.488,,,
8194,4/24/26 11:00,26.563,,,
8195,4/24/26 11:10,26.595,,,
8196,4/24/26 11:20,26.553,,,
8197,4/24/26 11:30,26.585,,,
8198,4/24/26 11:40,26.66,,,
8199,4/24/26 11:50,26.778,,,
8200,4/24/26 12:00,26.874,,,
8201,4/24/26 12:10,27.142,,,
8202,4/24/26 12:20,27.561,,,
8203,4/24/26 12:30,27.904,,,
8204,4/24/26 12:40,28.269,,,
8205,4/24/26 12:50,28.397,,,
8206,4/24/26 13:00,28.537,,,
8207,4/24/26 13:10,28.794,,,
8208,4/24/26 13:20,29.052,,,
8209,4/24/26 13:30,29.148,,,
8210,4/24/26 13:40,29.094,,,
8211,4/24/26 13:50,29.202,,,
8212,4/24/26 14:00,29.223,,,
8213,4/24/26 14:10,29.223,,,
8214,4/24/26 14:20,29.202,,,
8215,4/24/26 14:30,29.116,,,
8216,4/24/26 14:40,29.062,,,
8217,4/24/26 14:50,28.998,,,
8218,4/24/26 15:00,28.848,,,
8219,4/24/26 15:10,28.73,,,
8220,4/24/26 15:20,28.848,,,
8221,4/24/26 15:30,28.719,,,
8222,4/24/26 15:40,28.708,,,
8223,4/24/26 15:50,28.923,,,
8224,4/24/26 16:00,29.009,,,
8225,4/24/26 16:10,28.73,,,
8226,4/24/26 16:20,28.601,,,
8227,4/24/26 16:30,28.537,,,
8228,4/24/26 16:40,28.44,,,
8229,4/24/26 16:50,28.333,,,
8230,4/24/26 17:00,28.269,,,
8231,4/24/26 17:10,28.172,,,
8232,4/24/26 17:20,28.076,,,
8233,4/24/26 17:30,27.925,,,
8234,4/24/26 17:40,27.722,,,
8235,4/24/26 17:50,27.518,,,
8236,4/24/26 18:00,27.325,,,
8237,4/24/26 18:10,27.164,,,
8238,4/24/26 18:20,26.992,,,
8239,4/24/26 18:30,26.853,,,
8240,4/24/26 18:40,26.66,,,
8241,4/24/26 18:50,26.488,,,
8242,4/24/26 19:00,26.306,,,
8243,4/24/26 19:10,26.113,,,
8244,4/24/26 19:20,25.973,,,
8245,4/24/26 19:30,25.834,,,
8246,4/24/26 19:40,25.695,,,
8247,4/24/26 19:50,25.587,,,
8248,4/24/26 20:00,25.469,,,
8249,4/24/26 20:10,25.384,,,
8250,4/24/26 20:20,25.298,,,
8251,4/24/26 20:30,25.18,,,
8252,4/24/26 20:40,25.062,,,
8253,4/24/26 20:50,24.987,,,
8254,4/24/26 21:00,24.955,,,
8255,4/24/26 21:10,24.912,,,
8256,4/24/26 21:20,24.869,,,
8257,4/24/26 21:30,24.847,,,
8258,4/24/26 21:40,24.804,,,
8259,4/24/26 21:50,24.772,,,
8260,4/24/26 22:00,24.729,,,
8261,4/24/26 22:10,24.729,,,
8262,4/24/26 22:20,24.719,,,
8263,4/24/26 22:30,24.697,,,
8264,4/24/26 22:40,24.686,,,
8265,4/24/26 22:50,24.686,,,
8266,4/24/26 23:00,24.654,,,
8267,4/24/26 23:10,24.622,,,
8268,4/24/26 23:20,24.611,,,
8269,4/24/26 23:30,24.611,,,
8270,4/24/26 23:40,24.611,,,
8271,4/24/26 23:50,24.59,,,
8272,4/25/26 0:00,24.568,,,
8273,4/25/26 0:10,24.579,,,
8274,4/25/26 0:20,24.579,,,
8275,4/25/26 0:30,24.568,,,
8276,4/25/26 0:40,24.536,,,
8277,4/25/26 0:50,24.526,,,
8278,4/25/26 1:00,24.536,,,
8279,4/25/26 1:10,24.504,,,
8280,4/25/26 1:20,24.483,,,
8281,4/25/26 1:30,24.504,,,
8282,4/25/26 1:40,24.461,,,
8283,4/25/26 1:50,24.44,,,
8284,4/25/26 2:00,24.418,,,
8285,4/25/26 2:10,24.429,,,
8286,4/25/26 2:20,24.397,,,
8287,4/25/26 2:30,24.386,,,
8288,4/25/26 2:40,24.375,,,
8289,4/25/26 2:50,24.375,,,
8290,4/25/26 3:00,24.365,,,
8291,4/25/26 3:10,24.322,,,
8292,4/25/26 3:20,24.3,,,
8293,4/25/26 3:30,24.279,,,
8294,4/25/26 3:40,24.268,,,
8295,4/25/26 3:50,24.247,,,
8296,4/25/26 4:00,24.225,,,
8297,4/25/26 4:10,24.204,,,
8298,4/25/26 4:20,24.204,,,
8299,4/25/26 4:30,24.182,,,
8300,4/25/26 4:40,24.172,,,
8301,4/25/26 4:50,24.161,,,
8302,4/25/26 5:00,24.139,,,
8303,4/25/26 5:10,24.129,,,
8304,4/25/26 5:20,24.118,,,
8305,4/25/26 5:30,24.097,,,
8306,4/25/26 5:40,24.064,,,
8307,4/25/26 5:50,24.032,,,
8308,4/25/26 6:00,24.043,,,
8309,4/25/26 6:10,24.032,,,
8310,4/25/26 6:20,24.032,,,
8311,4/25/26 6:30,24.043,,,
8312,4/25/26 6:40,24.064,,,
8313,4/25/26 6:50,24.107,,,
8314,4/25/26 7:00,24.118,,,
8315,4/25/26 7:10,24.15,,,
8316,4/25/26 7:20,24.182,,,
8317,4/25/26 7:30,24.225,,,
8318,4/25/26 7:40,24.268,,,
8319,4/25/26 7:50,24.322,,,
8320,4/25/26 8:00,24.365,,,
8321,4/25/26 8:10,24.418,,,
8322,4/25/26 8:20,24.504,,,
8323,4/25/26 8:30,24.611,,,
8324,4/25/26 8:40,24.676,,,
8325,4/25/26 8:50,24.761,,,
8326,4/25/26 9:00,24.879,,,
8327,4/25/26 9:10,25.03,,,
8328,4/25/26 9:20,25.094,,,
8329,4/25/26 9:30,25.233,,,
8330,4/25/26 9:40,25.384,,,
8331,4/25/26 9:50,25.566,,,
8332,4/25/26 10:00,25.802,,,
8333,4/25/26 10:10,25.866,,,
8334,4/25/26 10:20,26.048,,,
8335,4/25/26 10:30,26.306,,,
8336,4/25/26 10:40,26.477,,,
8337,4/25/26 10:50,26.638,,,
8338,4/25/26 11:00,26.821,,,
8339,4/25/26 11:10,27.003,,,
8340,4/25/26 11:20,27.196,,,
8341,4/25/26 11:30,27.389,,,
8342,4/25/26 11:40,27.561,,,
8343,4/25/26 11:50,27.754,,,
8344,4/25/26 12:00,27.915,,,
8345,4/25/26 12:10,28.097,,,
8346,4/25/26 12:20,28.204,,,
8347,4/25/26 12:30,28.44,,,
8348,4/25/26 12:40,28.601,,,
8349,4/25/26 12:50,28.773,,,
8350,4/25/26 13:00,28.816,,,
8351,4/25/26 13:10,28.848,,,
8352,4/25/26 13:20,28.998,,,
8353,4/25/26 13:30,29.019,,,
8354,4/25/26 13:40,29.03,,,
8355,4/25/26 13:50,29.116,,,
8356,4/25/26 14:00,28.923,,,
8357,4/25/26 14:10,29.073,,,
8358,4/25/26 14:20,29.105,,,
8359,4/25/26 14:30,28.976,,,
8360,4/25/26 14:40,29.202,,,
8361,4/25/26 14:50,29.169,,,
8362,4/25/26 15:00,29.159,,,
8363,4/25/26 15:10,28.901,,,
8364,4/25/26 15:20,28.794,,,
8365,4/25/26 15:30,27.282,,,
8366,4/25/26 15:40,27.593,,,
8367,4/25/26 15:50,28.419,,,
8368,4/25/26 16:00,26.22,,,
8369,4/25/26 16:10,26.692,,,
8370,4/25/26 16:20,27.915,,,
8371,4/25/26 16:30,27.475,,,
8372,4/25/26 16:40,26.424,,,
8373,4/25/26 16:50,26.177,,,
8374,4/25/26 17:00,28.043,,,
8375,4/25/26 17:10,28,,,
8376,4/25/26 17:20,27.743,,,
8377,4/25/26 17:30,27.518,,,
8378,4/25/26 17:40,27.346,,,
8379,4/25/26 17:50,27.175,,,
8380,4/25/26 18:00,27.003,,,
8381,4/25/26 18:10,26.831,,,
8382,4/25/26 18:20,26.66,,,
8383,4/25/26 18:30,26.531,,,
8384,4/25/26 18:40,26.424,,,
8385,4/25/26 18:50,26.306,,,
8386,4/25/26 19:00,26.177,,,
8387,4/25/26 19:10,26.091,,,
8388,4/25/26 19:20,25.963,,,
8389,4/25/26 19:30,25.888,,,
8390,4/25/26 19:40,25.802,,,
8391,4/25/26 19:50,25.716,,,
8392,4/25/26 20:00,25.673,,,
8393,4/25/26 20:10,25.598,,,
8394,4/25/26 20:20,25.577,,,
8395,4/25/26 20:30,25.502,,,
8396,4/25/26 20:40,25.459,,,
8397,4/25/26 20:50,25.416,,,
8398,4/25/26 21:00,25.362,,,
8399,4/25/26 21:10,25.319,,,
8400,4/25/26 21:20,25.266,,,
8401,4/25/26 21:30,25.233,,,
8402,4/25/26 21:40,25.19,,,
8403,4/25/26 21:50,25.137,,,
8404,4/25/26 22:00,25.137,,,
8405,4/25/26 22:10,25.083,,,
8406,4/25/26 22:20,25.062,,,
8407,4/25/26 22:30,25.03,,,
8408,4/25/26 22:40,25.008,,,
8409,4/25/26 22:50,24.965,,,
8410,4/25/26 23:00,24.944,,,
8411,4/25/26 23:10,24.922,,,
8412,4/25/26 23:20,24.912,,,
8413,4/25/26 23:30,24.879,,,
8414,4/25/26 23:40,24.858,,,
8415,4/25/26 23:50,24.869,,,
8416,4/26/26 0:00,24.847,,,
8417,4/26/26 0:10,24.815,,,
8418,4/26/26 0:20,24.772,,,
8419,4/26/26 0:30,24.697,,,
8420,4/26/26 0:40,24.676,,,
8421,4/26/26 0:50,24.665,,,
8422,4/26/26 1:00,24.622,,,
8423,4/26/26 1:10,24.611,,,
8424,4/26/26 1:20,24.568,,,
8425,4/26/26 1:30,24.547,,,
8426,4/26/26 1:40,24.526,,,
8427,4/26/26 1:50,24.504,,,
8428,4/26/26 2:00,24.461,,,
8429,4/26/26 2:10,24.44,,,
8430,4/26/26 2:20,24.397,,,
8431,4/26/26 2:30,24.365,,,
8432,4/26/26 2:40,24.354,,,
8433,4/26/26 2:50,24.332,,,
8434,4/26/26 3:00,24.29,,,
8435,4/26/26 3:10,24.29,,,
8436,4/26/26 3:20,24.257,,,
8437,4/26/26 3:30,24.204,,,
8438,4/26/26 3:40,24.15,,,
8439,4/26/26 3:50,24.118,,,
8440,4/26/26 4:00,24.086,,,
8441,4/26/26 4:10,24.075,,,
8442,4/26/26 4:20,24.064,,,
8443,4/26/26 4:30,24.043,,,
8444,4/26/26 4:40,24.021,,,
8445,4/26/26 4:50,24.011,,,
8446,4/26/26 5:00,24,,,
8447,4/26/26 5:10,23.968,,,
8448,4/26/26 5:20,23.979,,,
8449,4/26/26 5:30,23.925,,,
8450,4/26/26 5:40,23.914,,,
8451,4/26/26 5:50,23.914,,,
8452,4/26/26 6:00,23.871,,,
8453,4/26/26 6:10,23.839,,,
8454,4/26/26 6:20,23.861,,,
8455,4/26/26 6:30,23.85,,,
8456,4/26/26 6:40,23.85,,,
8457,4/26/26 6:50,23.85,,,
8458,4/26/26 7:00,23.893,,,
8459,4/26/26 7:10,23.957,,,
8460,4/26/26 7:20,24.011,,,
8461,4/26/26 7:30,24.097,,,
8462,4/26/26 7:40,24.182,,,
8463,4/26/26 7:50,24.247,,,
8464,4/26/26 8:00,24.322,,,
8465,4/26/26 8:10,24.408,,,
8466,4/26/26 8:20,24.493,,,
8467,4/26/26 8:30,24.601,,,
8468,4/26/26 8:40,24.697,,,
8469,4/26/26 8:50,24.815,,,
8470,4/26/26 9:00,24.922,,,
8471,4/26/26 9:10,25.083,,,
8472,4/26/26 9:20,25.223,,,
8473,4/26/26 9:30,25.394,,,
8474,4/26/26 9:40,25.641,,,
8475,4/26/26 9:50,25.909,,,
8476,4/26/26 10:00,25.973,,,
8477,4/26/26 10:10,26.209,,,
8478,4/26/26 10:20,26.435,,,
8479,4/26/26 10:30,26.724,,,
8480,4/26/26 10:40,26.842,,,
8481,4/26/26 10:50,27.046,,,
8482,4/26/26 11:00,27.282,,,
8483,4/26/26 11:10,27.411,,,
8484,4/26/26 11:20,27.614,,,
8485,4/26/26 11:30,27.775,,,
8486,4/26/26 11:40,27.861,,,
8487,4/26/26 11:50,27.882,,,
8488,4/26/26 12:00,28.269,,,
8489,4/26/26 12:10,28.44,,,
8490,4/26/26 12:20,28.569,,,
8491,4/26/26 12:30,28.848,,,
8492,4/26/26 12:40,29.598,,,
8493,4/26/26 12:50,30.682,,,
8494,4/26/26 13:00,32.484,,,
8495,4/26/26 13:10,31.99,,,
8496,4/26/26 13:20,32.591,,,
8497,4/26/26 13:30,31.411,,,
8498,4/26/26 13:40,29.663,,,
8499,4/26/26 13:50,27.711,,,
8500,4/26/26 14:00,27.357,,,
8501,4/26/26 14:10,26.821,,,
8502,4/26/26 14:20,27.529,,,
8503,4/26/26 14:30,26.917,,,
8504,4/26/26 14:40,27.175,,,
8505,4/26/26 14:50,27.346,,,
8506,4/26/26 15:00,27.26,,,
8507,4/26/26 15:10,27.164,,,
8508,4/26/26 15:20,27.089,,,
8509,4/26/26 15:30,27.4,,,
8510,4/26/26 15:40,27.153,,,
8511,4/26/26 15:50,27.057,,,
8512,4/26/26 16:00,26.971,,,
8513,4/26/26 16:10,26.853,,,
8514,4/26/26 16:20,26.821,,,
8515,4/26/26 16:30,26.756,,,
8516,4/26/26 16:40,26.724,,,
8517,4/26/26 16:50,26.638,,,
8518,4/26/26 17:00,26.606,,,
8519,4/26/26 17:10,26.606,,,
8520,4/26/26 17:20,26.574,,,
8521,4/26/26 17:30,26.477,,,
8522,4/26/26 17:40,26.424,,,
8523,4/26/26 17:50,26.338,,,
8524,4/26/26 18:00,26.263,,,
8525,4/26/26 18:10,26.199,,,
8526,4/26/26 18:20,26.081,,,
8527,4/26/26 18:30,26.027,,,
8528,4/26/26 18:40,25.941,,,
8529,4/26/26 18:50,25.877,,,
8530,4/26/26 19:00,25.823,,,
8531,4/26/26 19:10,25.748,,,
8532,4/26/26 19:20,25.684,,,
8533,4/26/26 19:30,25.63,,,
8534,4/26/26 19:40,25.555,,,
8535,4/26/26 19:50,25.48,,,
8536,4/26/26 20:00,25.437,,,
8537,4/26/26 20:10,25.394,,,
8538,4/26/26 20:20,25.362,,,
8539,4/26/26 20:30,25.33,,,
8540,4/26/26 20:40,25.308,,,
8541,4/26/26 20:50,25.287,,,
8542,4/26/26 21:00,25.244,,,
8543,4/26/26 21:10,25.223,,,
8544,4/26/26 21:20,25.201,,,
8545,4/26/26 21:30,25.18,,,
8546,4/26/26 21:40,25.148,,,
8547,4/26/26 21:50,25.115,,,
8548,4/26/26 22:00,25.094,,,
8549,4/26/26 22:10,25.083,,,
8550,4/26/26 22:20,25.062,,,
8551,4/26/26 22:30,25.019,,,
8552,4/26/26 22:40,25.008,,,
8553,4/26/26 22:50,24.976,,,
8554,4/26/26 23:00,24.976,,,
8555,4/26/26 23:10,24.955,,,
8556,4/26/26 23:20,24.965,,,
8557,4/26/26 23:30,24.933,,,
8558,4/26/26 23:40,24.933,,,
8559,4/26/26 23:50,24.901,,,
8560,4/27/26 0:00,24.912,,,
8561,4/27/26 0:10,24.901,,,
8562,4/27/26 0:20,24.869,,,
8563,4/27/26 0:30,24.847,,,
8564,4/27/26 0:40,24.858,,,
8565,4/27/26 0:50,24.837,,,
8566,4/27/26 1:00,24.826,,,
8567,4/27/26 1:10,24.815,,,
8568,4/27/26 1:20,24.772,,,
8569,4/27/26 1:30,24.815,,,
8570,4/27/26 1:40,24.772,,,
8571,4/27/26 1:50,24.772,,,
8572,4/27/26 2:00,24.761,,,
8573,4/27/26 2:10,24.74,,,
8574,4/27/26 2:20,24.719,,,
8575,4/27/26 2:30,24.719,,,
8576,4/27/26 2:40,24.708,,,
8577,4/27/26 2:50,24.665,,,
8578,4/27/26 3:00,24.654,,,
8579,4/27/26 3:10,24.654,,,
8580,4/27/26 3:20,24.622,,,
8581,4/27/26 3:30,24.611,,,
8582,4/27/26 3:40,24.59,,,
8583,4/27/26 3:50,24.568,,,
8584,4/27/26 4:00,24.547,,,
8585,4/27/26 4:10,24.526,,,
8586,4/27/26 4:20,24.515,,,
8587,4/27/26 4:30,24.504,,,
8588,4/27/26 4:40,24.483,,,
8589,4/27/26 4:50,24.461,,,
8590,4/27/26 5:00,24.44,,,
8591,4/27/26 5:10,24.418,,,
8592,4/27/26 5:20,24.418,,,
8593,4/27/26 5:30,24.397,,,
8594,4/27/26 5:40,24.386,,,
8595,4/27/26 5:50,24.386,,,
8596,4/27/26 6:00,24.365,,,
8597,4/27/26 6:10,24.343,,,
8598,4/27/26 6:20,24.332,,,
8599,4/27/26 6:30,24.365,,,
8600,4/27/26 6:40,24.386,,,
8601,4/27/26 6:50,24.408,,,
8602,4/27/26 7:00,24.472,,,
8603,4/27/26 7:10,24.515,,,
8604,4/27/26 7:20,24.579,,,
8605,4/27/26 7:30,24.665,,,
8606,4/27/26 7:40,24.719,,,
8607,4/27/26 7:50,24.837,,,
8608,4/27/26 8:00,24.901,,,
8609,4/27/26 8:10,24.965,,,
8610,4/27/26 8:20,25.073,,,
8611,4/27/26 8:30,25.148,,,
8612,4/27/26 8:40,25.287,,,
8613,4/27/26 8:50,25.469,,,
8614,4/27/26 9:00,25.63,,,
8615,4/27/26 9:10,25.823,,,
8616,4/27/26 9:20,26.006,,,
8617,4/27/26 9:30,26.145,,,
8618,4/27/26 9:40,26.295,,,
8619,4/27/26 9:50,26.424,,,
8620,4/27/26 10:00,26.553,,,
8621,4/27/26 10:10,26.735,,,
8622,4/27/26 10:20,26.982,,,
8623,4/27/26 10:30,27.1,,,
8624,4/27/26 10:40,27.282,,,
8625,4/27/26 10:50,27.529,,,
8626,4/27/26 11:00,27.765,,,
8627,4/27/26 11:10,27.84,,,
8628,4/27/26 11:20,27.968,,,
8629,4/27/26 11:30,28.011,,,
8630,4/27/26 11:40,28.236,,,
8631,4/27/26 11:50,28.365,,,
8632,4/27/26 12:00,28.462,,,
8633,4/27/26 12:10,28.665,,,
8634,4/27/26 12:20,29.03,,,
8635,4/27/26 12:30,29.052,,,
8636,4/27/26 12:40,29.052,,,
8637,4/27/26 12:50,29.094,,,
8638,4/27/26 13:00,29.073,,,
8639,4/27/26 13:10,29.127,,,
8640,4/27/26 13:20,29.18,,,
8641,4/27/26 13:30,29.223,,,
8642,4/27/26 13:40,29.352,,,
8643,4/27/26 13:50,29.695,,,
8644,4/27/26 14:00,29.792,,,
8645,4/27/26 14:10,29.867,,,
8646,4/27/26 14:20,29.556,,,
8647,4/27/26 14:30,29.877,,,
8648,4/27/26 14:40,29.974,,,
8649,4/27/26 14:50,29.716,,,
8650,4/27/26 15:00,29.91,,,
8651,4/27/26 15:10,29.867,,,
8652,4/27/26 15:20,29.363,,,
8653,4/27/26 15:30,29.577,,,
8654,4/27/26 15:40,29.277,,,
8655,4/27/26 15:50,29.052,,,
8656,4/27/26 16:00,28.891,,,
8657,4/27/26 16:10,28.816,,,
8658,4/27/26 16:20,28.687,,,
8659,4/27/26 16:30,28.601,,,
8660,4/27/26 16:40,28.419,,,
8661,4/27/26 16:50,28.226,,,
8662,4/27/26 17:00,28.076,,,
8663,4/27/26 17:10,27.882,,,
8664,4/27/26 17:20,27.722,,,
8665,4/27/26 17:30,27.529,,,
8666,4/27/26 17:40,27.357,,,
8667,4/27/26 17:50,27.164,,,
8668,4/27/26 18:00,26.982,,,
8669,4/27/26 18:10,26.853,,,
8670,4/27/26 18:20,26.692,,,
8671,4/27/26 18:30,26.553,,,
8672,4/27/26 18:40,26.445,,,
8673,4/27/26 18:50,26.338,,,
8674,4/27/26 19:00,26.209,,,
8675,4/27/26 19:10,26.091,,,
8676,4/27/26 19:20,25.973,,,
8677,4/27/26 19:30,25.866,,,
8678,4/27/26 19:40,25.78,,,
8679,4/27/26 19:50,25.716,,,
8680,4/27/26 20:00,25.619,,,
8681,4/27/26 20:10,25.555,,,
8682,4/27/26 20:20,25.48,,,
8683,4/27/26 20:30,25.416,,,
8684,4/27/26 20:40,25.341,,,
8685,4/27/26 20:50,25.233,,,
8686,4/27/26 21:00,25.18,,,
8687,4/27/26 21:10,25.126,,,
8688,4/27/26 21:20,25.083,,,
8689,4/27/26 21:30,25.03,,,
8690,4/27/26 21:40,24.987,,,
8691,4/27/26 21:50,24.933,,,
8692,4/27/26 22:00,24.901,,,
8693,4/27/26 22:10,24.858,,,
8694,4/27/26 22:20,24.826,,,
8695,4/27/26 22:30,24.804,,,
8696,4/27/26 22:40,24.772,,,
8697,4/27/26 22:50,24.772,,,
8698,4/27/26 23:00,24.751,,,
8699,4/27/26 23:10,24.719,,,
8700,4/27/26 23:20,24.686,,,
8701,4/27/26 23:30,24.708,,,
8702,4/27/26 23:40,24.665,,,
8703,4/27/26 23:50,24.633,,,
8704,4/28/26 0:00,24.601,,,
8705,4/28/26 0:10,24.601,,,
8706,4/28/26 0:20,24.59,,,
8707,4/28/26 0:30,24.568,,,
8708,4/28/26 0:40,24.547,,,
8709,4/28/26 0:50,24.526,,,
8710,4/28/26 1:00,24.515,,,
8711,4/28/26 1:10,24.493,,,
8712,4/28/26 1:20,24.472,,,
8713,4/28/26 1:30,24.44,,,
8714,4/28/26 1:40,24.429,,,
8715,4/28/26 1:50,24.408,,,
8716,4/28/26 2:00,24.386,,,
8717,4/28/26 2:10,24.365,,,
8718,4/28/26 2:20,24.375,,,
8719,4/28/26 2:30,24.332,,,
8720,4/28/26 2:40,24.3,,,
8721,4/28/26 2:50,24.311,,,
8722,4/28/26 3:00,24.29,,,
8723,4/28/26 3:10,24.257,,,
8724,4/28/26 3:20,24.236,,,
8725,4/28/26 3:30,24.204,,,
8726,4/28/26 3:40,24.193,,,
8727,4/28/26 3:50,24.172,,,
8728,4/28/26 4:00,24.172,,,
8729,4/28/26 4:10,24.129,,,
8730,4/28/26 4:20,24.118,,,
8731,4/28/26 4:30,24.129,,,
8732,4/28/26 4:40,24.118,,,
8733,4/28/26 4:50,24.097,,,
8734,4/28/26 5:00,24.107,,,
8735,4/28/26 5:10,24.118,,,
8736,4/28/26 5:20,24.107,,,
8737,4/28/26 5:30,24.097,,,
8738,4/28/26 5:40,24.097,,,
8739,4/28/26 5:50,24.075,,,
8740,4/28/26 6:00,24.064,,,
8741,4/28/26 6:10,24.032,,,
8742,4/28/26 6:20,24.043,,,
8743,4/28/26 6:30,24.043,,,
8744,4/28/26 6:40,24.064,,,
8745,4/28/26 6:50,24.075,,,
8746,4/28/26 7:00,24.129,,,
8747,4/28/26 7:10,24.172,,,
8748,4/28/26 7:20,24.236,,,
8749,4/28/26 7:30,24.311,,,
8750,4/28/26 7:40,24.343,,,
8751,4/28/26 7:50,24.429,,,
8752,4/28/26 8:00,24.547,,,
8753,4/28/26 8:10,24.654,,,
8754,4/28/26 8:20,24.794,,,
8755,4/28/26 8:30,24.89,,,
8756,4/28/26 8:40,25.051,,,
8757,4/28/26 8:50,25.233,,,
8758,4/28/26 9:00,25.416,,,
8759,4/28/26 9:10,25.502,,,
8760,4/28/26 9:20,25.673,,,
8761,4/28/26 9:30,25.931,,,
8762,4/28/26 9:40,26.295,,,
8763,4/28/26 9:50,26.306,,,
8764,4/28/26 10:00,26.295,,,
8765,4/28/26 10:10,26.284,,,
8766,4/28/26 10:20,26.338,,,
8767,4/28/26 10:30,26.306,,,
8768,4/28/26 10:40,26.306,,,
8769,4/28/26 10:50,26.392,,,
8770,4/28/26 11:00,26.338,,,
8771,4/28/26 11:10,26.317,,,
8772,4/28/26 11:20,26.306,,,
8773,4/28/26 11:30,26.231,,,
8774,4/28/26 11:40,26.274,,,
8775,4/28/26 11:50,26.703,,,
8776,4/28/26 12:00,26.746,,,
8777,4/28/26 12:10,27.185,,,
8778,4/28/26 12:20,27.486,,,
8779,4/28/26 12:30,27.711,,,
8780,4/28/26 12:40,27.947,,,
8781,4/28/26 12:50,28.215,,,
8782,4/28/26 13:00,28.451,,,
8783,4/28/26 13:10,28.601,,,
8784,4/28/26 13:20,28.837,,,
8785,4/28/26 13:30,29.03,,,
8786,4/28/26 13:40,29.191,,,
8787,4/28/26 13:50,29.298,,,
8788,4/28/26 14:00,29.33,,,
8789,4/28/26 14:10,29.513,,,
8790,4/28/26 14:20,29.523,,,
8791,4/28/26 14:30,29.309,,,
8792,4/28/26 14:40,29.255,,,
8793,4/28/26 14:50,29.084,,,
8794,4/28/26 15:00,28.923,,,
8795,4/28/26 15:10,28.848,,,
8796,4/28/26 15:20,28.719,,,
8797,4/28/26 15:30,28.719,,,
8798,4/28/26 15:40,28.601,,,
8799,4/28/26 15:50,28.547,,,
8800,4/28/26 16:00,28.472,,,
8801,4/28/26 16:10,28.429,,,
8802,4/28/26 16:20,28.365,,,
8803,4/28/26 16:30,28.397,,,
8804,4/28/26 16:40,28.301,,,
8805,4/28/26 16:50,28.022,,,
8806,4/28/26 17:00,27.818,,,
8807,4/28/26 17:10,27.593,,,
8808,4/28/26 17:20,27.421,,,
8809,4/28/26 17:30,27.239,,,
8810,4/28/26 17:40,27.121,,,
8811,4/28/26 17:50,26.896,,,
8812,4/28/26 18:00,26.778,,,
8813,4/28/26 18:10,26.617,,,
8814,4/28/26 18:20,26.488,,,
8815,4/28/26 18:30,26.349,,,
8816,4/28/26 18:40,26.209,,,
8817,4/28/26 18:50,26.134,,,
8818,4/28/26 19:00,26.027,,,
8819,4/28/26 19:10,25.952,,,
8820,4/28/26 19:20,25.877,,,
8821,4/28/26 19:30,25.823,,,
8822,4/28/26 19:40,25.77,,,
8823,4/28/26 19:50,25.716,,,
8824,4/28/26 20:00,25.673,,,
8825,4/28/26 20:10,25.63,,,
8826,4/28/26 20:20,25.587,,,
8827,4/28/26 20:30,25.587,,,
8828,4/28/26 20:40,25.555,,,
8829,4/28/26 20:50,25.512,,,
8830,4/28/26 21:00,25.48,,,
8831,4/28/26 21:10,25.437,,,
8832,4/28/26 21:20,25.426,,,
8833,4/28/26 21:30,25.373,,,
8834,4/28/26 21:40,25.362,,,
8835,4/28/26 21:50,25.298,,,
8836,4/28/26 22:00,25.287,,,
8837,4/28/26 22:10,25.266,,,
8838,4/28/26 22:20,25.223,,,
8839,4/28/26 22:30,25.201,,,
8840,4/28/26 22:40,25.137,,,
8841,4/28/26 22:50,25.137,,,
8842,4/28/26 23:00,25.073,,,
8843,4/28/26 23:10,25.03,,,
8844,4/28/26 23:20,24.987,,,
8845,4/28/26 23:30,25.019,,,
8846,4/28/26 23:40,24.987,,,
8847,4/28/26 23:50,24.987,,,
8848,4/29/26 0:00,24.965,,,
8849,4/29/26 0:10,24.944,,,
8850,4/29/26 0:20,24.933,,,
8851,4/29/26 0:30,24.922,,,
8852,4/29/26 0:40,24.912,,,
8853,4/29/26 0:50,24.89,,,
8854,4/29/26 1:00,24.879,,,
8855,4/29/26 1:10,24.869,,,
8856,4/29/26 1:20,24.869,,,
8857,4/29/26 1:30,24.826,,,
8858,4/29/26 1:40,24.794,,,
8859,4/29/26 1:50,24.794,,,
8860,4/29/26 2:00,24.772,,,
8861,4/29/26 2:10,24.761,,,
8862,4/29/26 2:20,24.751,,,
8863,4/29/26 2:30,24.719,,,
8864,4/29/26 2:40,24.719,,,
8865,4/29/26 2:50,24.686,,,
8866,4/29/26 3:00,24.665,,,
8867,4/29/26 3:10,24.665,,,
8868,4/29/26 3:20,24.665,,,
8869,4/29/26 3:30,24.686,,,
8870,4/29/26 3:40,24.644,,,
8871,4/29/26 3:50,24.654,,,
8872,4/29/26 4:00,24.665,,,
8873,4/29/26 4:10,24.665,,,
8874,4/29/26 4:20,24.665,,,
8875,4/29/26 4:30,24.633,,,
8876,4/29/26 4:40,24.622,,,
8877,4/29/26 4:50,24.611,,,
8878,4/29/26 5:00,24.601,,,
8879,4/29/26 5:10,24.59,,,
8880,4/29/26 5:20,24.59,,,
8881,4/29/26 5:30,24.579,,,
8882,4/29/26 5:40,24.579,,,
8883,4/29/26 5:50,24.568,,,
8884,4/29/26 6:00,24.558,,,
8885,4/29/26 6:10,24.547,,,
8886,4/29/26 6:20,24.547,,,
8887,4/29/26 6:30,24.547,,,
8888,4/29/26 6:40,24.568,,,
8889,4/29/26 6:50,24.59,,,
8890,4/29/26 7:00,24.59,,,
8891,4/29/26 7:10,24.601,,,
8892,4/29/26 7:20,24.654,,,
8893,4/29/26 7:30,24.708,,,
8894,4/29/26 7:40,24.729,,,
8895,4/29/26 7:50,24.804,,,
8896,4/29/26 8:00,24.858,,,
8897,4/29/26 8:10,24.933,,,
8898,4/29/26 8:20,25.008,,,
8899,4/29/26 8:30,25.115,,,
8900,4/29/26 8:40,25.201,,,
8901,4/29/26 8:50,25.266,,,
8902,4/29/26 9:00,25.33,,,
8903,4/29/26 9:10,25.416,,,
8904,4/29/26 9:20,25.48,,,
8905,4/29/26 9:30,25.587,,,
8906,4/29/26 9:40,25.77,,,
8907,4/29/26 9:50,25.737,,,
8908,4/29/26 10:00,25.802,,,
8909,4/29/26 10:10,25.984,,,
8910,4/29/26 10:20,26.199,,,
8911,4/29/26 10:30,26.284,,,
8912,4/29/26 10:40,26.477,,,
8913,4/29/26 10:50,26.563,,,
8914,4/29/26 11:00,26.756,,,
8915,4/29/26 11:10,26.81,,,
8916,4/29/26 11:20,26.767,,,
8917,4/29/26 11:30,26.896,,,
8918,4/29/26 11:40,27.078,,,
8919,4/29/26 11:50,27.142,,,
8920,4/29/26 12:00,27.035,,,
8921,4/29/26 12:10,27.142,,,
8922,4/29/26 12:20,27.282,,,
8923,4/29/26 12:30,27.496,,,
8924,4/29/26 12:40,27.722,,,
8925,4/29/26 12:50,27.904,,,
8926,4/29/26 13:00,28.033,,,
8927,4/29/26 13:10,28.14,,,
8928,4/29/26 13:20,28.269,,,
8929,4/29/26 13:30,28.151,,,
8930,4/29/26 13:40,28.269,,,
8931,4/29/26 13:50,28.311,,,
8932,4/29/26 14:00,28.215,,,
8933,4/29/26 14:10,28.397,,,
8934,4/29/26 14:20,28.236,,,
8935,4/29/26 14:30,28.344,,,
8936,4/29/26 14:40,27.958,,,
8937,4/29/26 14:50,28,,,
8938,4/29/26 15:00,27.947,,,
8939,4/29/26 15:10,28.086,,,
8940,4/29/26 15:20,27.807,,,
8941,4/29/26 15:30,27.689,,,
8942,4/29/26 15:40,27.679,,,
8943,4/29/26 15:50,27.604,,,
8944,4/29/26 16:00,27.614,,,
8945,4/29/26 16:10,27.496,,,
8946,4/29/26 16:20,27.389,,,
8947,4/29/26 16:30,27.175,,,
8948,4/29/26 16:40,27.089,,,
8949,4/29/26 16:50,26.982,,,
8950,4/29/26 17:00,26.842,,,
8951,4/29/26 17:10,26.724,,,
8952,4/29/26 17:20,26.585,,,
8953,4/29/26 17:30,26.467,,,
8954,4/29/26 17:40,26.295,,,
8955,4/29/26 17:50,26.199,,,
8956,4/29/26 18:00,26.091,,,
8957,4/29/26 18:10,25.898,,,
8958,4/29/26 18:20,25.737,,,
8959,4/29/26 18:30,25.598,,,
8960,4/29/26 18:40,25.426,,,
8961,4/29/26 18:50,25.319,,,
8962,4/29/26 19:00,25.223,,,
8963,4/29/26 19:10,25.19,,,
8964,4/29/26 19:20,25.148,,,
8965,4/29/26 19:30,25.105,,,
8966,4/29/26 19:40,25.051,,,
8967,4/29/26 19:50,25.008,,,
8968,4/29/26 20:00,24.987,,,
8969,4/29/26 20:10,24.944,,,
8970,4/29/26 20:20,24.922,,,
8971,4/29/26 20:30,24.879,,,
8972,4/29/26 20:40,24.858,,,
8973,4/29/26 20:50,24.847,,,
8974,4/29/26 21:00,24.837,,,
8975,4/29/26 21:10,24.815,,,
8976,4/29/26 21:20,24.815,,,
8977,4/29/26 21:30,24.815,,,
8978,4/29/26 21:40,24.826,,,
8979,4/29/26 21:50,24.815,,,
8980,4/29/26 22:00,24.794,,,
8981,4/29/26 22:10,24.772,,,
8982,4/29/26 22:20,24.74,,,
8983,4/29/26 22:30,24.74,,,
8984,4/29/26 22:40,24.751,,,
8985,4/29/26 22:50,24.74,,,
8986,4/29/26 23:00,24.751,,,
8987,4/29/26 23:10,24.74,,,
8988,4/29/26 23:20,24.804,,,
8989,4/29/26 23:30,24.804,,,
8990,4/29/26 23:40,24.783,,,
8991,4/29/26 23:50,24.794,,,
8992,4/30/26 0:00,24.772,,,
8993,4/30/26 0:10,24.751,,,
8994,4/30/26 0:20,24.751,,,
8995,4/30/26 0:30,24.729,,,
8996,4/30/26 0:40,24.74,,,
8997,4/30/26 0:50,24.719,,,
8998,4/30/26 1:00,24.697,,,
8999,4/30/26 1:10,24.686,,,
9000,4/30/26 1:20,24.676,,,
9001,4/30/26 1:30,24.654,,,
9002,4/30/26 1:40,24.633,,,
9003,4/30/26 1:50,24.611,,,
9004,4/30/26 2:00,24.633,,,
9005,4/30/26 2:10,24.654,,,
9006,4/30/26 2:20,24.654,,,
9007,4/30/26 2:30,24.686,,,
9008,4/30/26 2:40,24.697,,,
9009,4/30/26 2:50,24.697,,,
9010,4/30/26 3:00,24.697,,,
9011,4/30/26 3:10,24.654,,,
9012,4/30/26 3:20,24.633,,,
9013,4/30/26 3:30,24.611,,,
9014,4/30/26 3:40,24.622,,,
9015,4/30/26 3:50,24.59,,,
9016,4/30/26 4:00,24.536,,,
9017,4/30/26 4:10,24.536,,,
9018,4/30/26 4:20,24.558,,,
9019,4/30/26 4:30,24.526,,,
9020,4/30/26 4:40,24.493,,,
9021,4/30/26 4:50,24.493,,,
9022,4/30/26 5:00,24.483,,,
9023,4/30/26 5:10,24.472,,,
9024,4/30/26 5:20,24.44,,,
9025,4/30/26 5:30,24.44,,,
9026,4/30/26 5:40,24.408,,,
9027,4/30/26 5:50,24.397,,,
9028,4/30/26 6:00,24.397,,,
9029,4/30/26 6:10,24.375,,,
9030,4/30/26 6:20,24.322,,,
9031,4/30/26 6:30,24.311,,,
9032,4/30/26 6:40,24.322,,,
9033,4/30/26 6:50,24.343,,,
9034,4/30/26 7:00,24.365,,,
9035,4/30/26 7:10,24.375,,,
9036,4/30/26 7:20,24.386,,,
9037,4/30/26 7:30,24.408,,,
9038,4/30/26 7:40,24.483,,,
9039,4/30/26 7:50,24.483,,,
9040,4/30/26 8:00,24.536,,,
9041,4/30/26 8:10,24.536,,,
9042,4/30/26 8:20,24.558,,,
9043,4/30/26 8:30,24.601,,,
9044,4/30/26 8:40,24.686,,,
9045,4/30/26 8:50,24.729,,,
9046,4/30/26 9:00,24.869,,,
9047,4/30/26 9:10,25.03,,,
9048,4/30/26 9:20,25.169,,,
9049,4/30/26 9:30,25.341,,,
9050,4/30/26 9:40,25.48,,,
9051,4/30/26 9:50,25.673,,,
9052,4/30/26 10:00,25.63,,,
9053,4/30/26 10:10,25.695,,,
9054,4/30/26 10:20,25.77,,,
9055,4/30/26 10:30,25.855,,,
9056,4/30/26 10:40,25.866,,,
9057,4/30/26 10:50,26.081,,,
9058,4/30/26 11:00,26.059,,,
9059,4/30/26 11:10,26.07,,,
9060,4/30/26 11:20,26.306,,,
9061,4/30/26 11:30,26.402,,,
9062,4/30/26 11:40,26.37,,,
9063,4/30/26 11:50,26.477,,,
9064,4/30/26 12:00,26.467,,,
9065,4/30/26 12:10,26.606,,,
9066,4/30/26 12:20,26.671,,,
9067,4/30/26 12:30,26.842,,,
9068,4/30/26 12:40,26.831,,,
9069,4/30/26 12:50,26.885,,,
9070,4/30/26 13:00,27.003,,,
9071,4/30/26 13:10,27.11,,,
9072,4/30/26 13:20,27.175,,,
9073,4/30/26 13:30,27.26,,,
9074,4/30/26 13:40,27.421,,,
9075,4/30/26 13:50,27.303,,,
9076,4/30/26 14:00,27.218,,,
9077,4/30/26 14:10,27.475,,,
9078,4/30/26 14:20,27.496,,,
9079,4/30/26 14:30,27.443,,,
9080,4/30/26 14:40,27.496,,,
9081,4/30/26 14:50,28.194,,,
9082,4/30/26 15:00,28.301,,,
9083,4/30/26 15:10,28.44,,,
9084,4/30/26 15:20,28.59,,,
9085,4/30/26 15:30,28.183,,,
9086,4/30/26 15:40,27.99,,,
9087,4/30/26 15:50,27.861,,,
9088,4/30/26 16:00,27.722,,,
9089,4/30/26 16:10,27.571,,,
9090,4/30/26 16:20,27.443,,,
9091,4/30/26 16:30,27.4,,,
9092,4/30/26 16:40,27.228,,,
9093,4/30/26 16:50,27.11,,,
9094,4/30/26 17:00,26.992,,,
9095,4/30/26 17:10,26.864,,,
9096,4/30/26 17:20,26.692,,,
9097,4/30/26 17:30,26.51,,,
9098,4/30/26 17:40,26.295,,,
9099,4/30/26 17:50,26.124,,,
9100,4/30/26 18:00,25.973,,,
9101,4/30/26 18:10,25.834,,,
9102,4/30/26 18:20,25.759,,,
9103,4/30/26 18:30,25.641,,,
9104,4/30/26 18:40,25.523,,,
9105,4/30/26 18:50,25.437,,,
9106,4/30/26 19:00,25.341,,,
9107,4/30/26 19:10,25.255,,,
9108,4/30/26 19:20,25.18,,,
9109,4/30/26 19:30,25.115,,,
9110,4/30/26 19:40,25.051,,,
9111,4/30/26 19:50,24.987,,,
9112,4/30/26 20:00,24.944,,,
9113,4/30/26 20:10,24.901,,,
9114,4/30/26 20:20,24.858,,,
9115,4/30/26 20:30,24.847,,,
9116,4/30/26 20:40,24.794,,,
9117,4/30/26 20:50,24.772,,,
9118,4/30/26 21:00,24.751,,,
9119,4/30/26 21:10,24.729,,,
9120,4/30/26 21:20,24.686,,,
9121,4/30/26 21:30,24.676,,,
9122,4/30/26 21:40,24.633,,,
9123,4/30/26 21:50,24.59,,,
9124,4/30/26 22:00,24.579,,,
9125,4/30/26 22:10,24.547,,,
9126,4/30/26 22:20,24.515,,,
9127,4/30/26 22:30,24.483,,,
9128,4/30/26 22:40,24.472,,,
9129,4/30/26 22:50,24.483,,,
9130,4/30/26 23:00,24.461,,,
9131,4/30/26 23:10,24.44,,,
9132,4/30/26 23:20,24.408,,,
9133,4/30/26 23:30,24.429,,,
9134,4/30/26 23:40,24.375,,,
9135,4/30/26 23:50,24.332,,,
9136,5/1/26 0:00,24.268,,,
9137,5/1/26 0:10,24.257,,,
9138,5/1/26 0:20,24.225,,,
9139,5/1/26 0:30,24.225,,,
9140,5/1/26 0:40,24.214,,,
9141,5/1/26 0:50,24.204,,,
9142,5/1/26 1:00,24.214,,,
9143,5/1/26 1:10,24.214,,,
9144,5/1/26 1:20,24.214,,,
9145,5/1/26 1:30,24.214,,,
9146,5/1/26 1:40,24.204,,,
9147,5/1/26 1:50,24.225,,,
9148,5/1/26 2:00,24.214,,,
9149,5/1/26 2:10,24.214,,,
9150,5/1/26 2:20,24.204,,,
9151,5/1/26 2:30,24.193,,,
9152,5/1/26 2:40,24.204,,,
9153,5/1/26 2:50,24.193,,,
9154,5/1/26 3:00,24.193,,,
9155,5/1/26 3:10,24.214,,,
9156,5/1/26 3:20,24.214,,,
9157,5/1/26 3:30,24.204,,,
9158,5/1/26 3:40,24.161,,,
9159,5/1/26 3:50,24.129,,,
9160,5/1/26 4:00,24.097,,,
9161,5/1/26 4:10,24.097,,,
9162,5/1/26 4:20,24.097,,,
9163,5/1/26 4:30,24.097,,,
9164,5/1/26 4:40,24.097,,,
9165,5/1/26 4:50,24.086,,,
9166,5/1/26 5:00,24.064,,,
9167,5/1/26 5:10,24.097,,,
9168,5/1/26 5:20,24.097,,,
9169,5/1/26 5:30,24.075,,,
9170,5/1/26 5:40,24.075,,,
9171,5/1/26 5:50,24.097,,,
9172,5/1/26 6:00,24.075,,,
9173,5/1/26 6:10,24.064,,,
9174,5/1/26 6:20,24.086,,,
9175,5/1/26 6:30,24.054,,,
9176,5/1/26 6:40,24.032,,,
9177,5/1/26 6:50,24.021,,,
9178,5/1/26 7:00,24.043,,,
9179,5/1/26 7:10,24.075,,,
9180,5/1/26 7:20,24.097,,,
9181,5/1/26 7:30,24.118,,,
9182,5/1/26 7:40,24.161,,,
9183,5/1/26 7:50,24.225,,,
9184,5/1/26 8:00,24.247,,,
9185,5/1/26 8:10,24.257,,,
9186,5/1/26 8:20,24.311,,,
9187,5/1/26 8:30,24.354,,,
9188,5/1/26 8:40,24.44,,,
9189,5/1/26 8:50,24.515,,,
9190,5/1/26 9:00,24.611,,,
9191,5/1/26 9:10,24.729,,,
9192,5/1/26 9:20,24.922,,,
9193,5/1/26 9:30,25.094,,,
9194,5/1/26 9:40,25.319,,,
9195,5/1/26 9:50,25.587,,,
9196,5/1/26 10:00,25.619,,,
9197,5/1/26 10:10,25.63,,,
9198,5/1/26 10:20,25.877,,,
9199,5/1/26 10:30,26.048,,,
9200,5/1/26 10:40,26.156,,,
9201,5/1/26 10:50,26.338,,,
9202,5/1/26 11:00,26.585,,,
9203,5/1/26 11:10,26.553,,,
9204,5/1/26 11:20,26.756,,,
9205,5/1/26 11:30,27.003,,,
9206,5/1/26 11:40,27.164,,,
9207,5/1/26 11:50,27.357,,,
9208,5/1/26 12:00,28.14,,,
9209,5/1/26 12:10,28.526,,,
9210,5/1/26 12:20,28.998,,,
9211,5/1/26 12:30,28.816,,,
9212,5/1/26 12:40,28.59,,,
9213,5/1/26 12:50,28.569,,,
9214,5/1/26 13:00,28.74,,,
9215,5/1/26 13:10,28.547,,,
9216,5/1/26 13:20,28.816,,,
9217,5/1/26 13:30,28.687,,,
9218,5/1/26 13:40,28.966,,,
9219,5/1/26 13:50,29.438,,,
9220,5/1/26 14:00,28.987,,,
9221,5/1/26 14:10,26.295,,,
9222,5/1/26 14:20,24.365,,,
9223,5/1/26 14:30,24.375,,,
9224,5/1/26 14:40,23.839,,,
9225,5/1/26 14:50,23.271,,,
9226,5/1/26 15:00,23.796,,,
9227,5/1/26 15:10,23.807,,,
9228,5/1/26 15:20,23.732,,,
9229,5/1/26 15:30,23.743,,,
9230,5/1/26 15:40,23.335,,,
9231,5/1/26 15:50,23.432,,,
9232,5/1/26 16:00,23.55,,,
9233,5/1/26 16:10,23.507,,,
9234,5/1/26 16:20,23.582,,,
9235,5/1/26 16:30,23.517,,,
9236,5/1/26 16:40,23.764,,,
9237,5/1/26 16:50,23.592,,,
9238,5/1/26 17:00,23.603,,,
9239,5/1/26 17:10,23.625,,,
9240,5/1/26 17:20,22.938,,,
9241,5/1/26 17:30,21.673,,,
9242,5/1/26 17:40,21.147,,,
9243,5/1/26 17:50,20.922,,,
9244,5/1/26 18:00,20.836,,,
9245,5/1/26 18:10,20.793,,,
9246,5/1/26 18:20,20.815,,,
9247,5/1/26 18:30,20.9,,,
9248,5/1/26 18:40,20.976,,,
9249,5/1/26 18:50,21.126,,,
9250,5/1/26 19:00,21.093,,,
9251,5/1/26 19:10,20.933,,,
9252,5/1/26 19:20,20.6,,,
9253,5/1/26 19:30,20.311,,,
9254,5/1/26 19:40,20.15,,,
9255,5/1/26 19:50,20.032,,,
9256,5/1/26 20:00,19.924,,,
9257,5/1/26 20:10,19.806,,,
9258,5/1/26 20:20,19.71,,,
9259,5/1/26 20:30,19.624,,,
9260,5/1/26 20:40,19.603,,,
9261,5/1/26 20:50,19.571,,,
9262,5/1/26 21:00,19.538,,,
9263,5/1/26 21:10,19.495,,,
9264,5/1/26 21:20,19.485,,,
9265,5/1/26 21:30,19.453,,,
9266,5/1/26 21:40,19.42,,,
9267,5/1/26 21:50,19.42,,,
9268,5/1/26 22:00,19.388,,,
9269,5/1/26 22:10,19.356,,,
9270,5/1/26 22:20,19.335,,,
9271,5/1/26 22:30,19.324,,,
9272,5/1/26 22:40,19.302,,,
9273,5/1/26 22:50,19.313,,,
9274,5/1/26 23:00,19.292,,,
9275,5/1/26 23:10,19.292,,,
9276,5/1/26 23:20,19.281,,,
9277,5/1/26 23:30,19.26,,,
9278,5/1/26 23:40,19.26,,,
9279,5/1/26 23:50,19.238,,,
9280,5/2/26 0:00,19.238,,,
9281,5/2/26 0:10,19.249,,,
9282,5/2/26 0:20,19.227,,,
9283,5/2/26 0:30,19.227,,,
9284,5/2/26 0:40,19.227,,,
9285,5/2/26 0:50,19.217,,,
9286,5/2/26 1:00,19.184,,,
9287,5/2/26 1:10,19.217,,,
9288,5/2/26 1:20,19.195,,,
9289,5/2/26 1:30,19.238,,,
9290,5/2/26 1:40,19.238,,,
9291,5/2/26 1:50,19.238,,,
9292,5/2/26 2:00,19.238,,,
9293,5/2/26 2:10,19.217,,,
9294,5/2/26 2:20,19.238,,,
9295,5/2/26 2:30,19.206,,,
9296,5/2/26 2:40,19.217,,,
9297,5/2/26 2:50,19.227,,,
9298,5/2/26 3:00,19.238,,,
9299,5/2/26 3:10,19.238,,,
9300,5/2/26 3:20,19.217,,,
9301,5/2/26 3:30,19.195,,,
9302,5/2/26 3:40,19.184,,,
9303,5/2/26 3:50,19.206,,,
9304,5/2/26 4:00,19.195,,,
9305,5/2/26 4:10,19.217,,,
9306,5/2/26 4:20,19.206,,,
9307,5/2/26 4:30,19.195,,,
9308,5/2/26 4:40,19.206,,,
9309,5/2/26 4:50,19.195,,,
9310,5/2/26 5:00,19.217,,,
9311,5/2/26 5:10,19.206,,,
9312,5/2/26 5:20,19.217,,,
9313,5/2/26 5:30,19.206,,,
9314,5/2/26 5:40,19.195,,,
9315,5/2/26 5:50,19.206,,,
9316,5/2/26 6:00,19.184,,,
9317,5/2/26 6:10,19.184,,,
9318,5/2/26 6:20,19.206,,,
9319,5/2/26 6:30,19.217,,,
9320,5/2/26 6:40,19.206,,,
9321,5/2/26 6:50,19.184,,,
9322,5/2/26 7:00,19.184,,,
9323,5/2/26 7:10,19.163,,,
9324,5/2/26 7:20,19.184,,,
9325,5/2/26 7:30,19.184,,,
9326,5/2/26 7:40,19.184,,,
9327,5/2/26 7:50,19.163,,,
9328,5/2/26 8:00,19.163,,,
9329,5/2/26 8:10,19.142,,,
9330,5/2/26 8:20,19.152,,,
9331,5/2/26 8:30,19.163,,,
9332,5/2/26 8:40,19.163,,,
9333,5/2/26 8:50,19.152,,,
9334,5/2/26 9:00,19.174,,,
9335,5/2/26 9:10,19.163,,,
9336,5/2/26 9:20,19.142,,,
9337,5/2/26 9:30,19.142,,,
9338,5/2/26 9:40,19.142,,,
9339,5/2/26 9:50,19.152,,,
9340,5/2/26 10:00,19.12,,,
9341,5/2/26 10:10,19.12,,,
9342,5/2/26 10:20,19.109,,,
9343,5/2/26 10:30,19.099,,,
9344,5/2/26 10:40,19.109,,,
9345,5/2/26 10:50,19.109,,,
9346,5/2/26 11:00,19.12,,,
9347,5/2/26 11:10,19.12,,,
9348,5/2/26 11:20,19.109,,,
9349,5/2/26 11:30,19.109,,,
9350,5/2/26 11:40,19.131,,,
9351,5/2/26 11:50,19.163,,,
9352,5/2/26 12:00,19.281,,,
9353,5/2/26 12:10,19.377,,,
9354,5/2/26 12:20,19.41,,,
9355,5/2/26 12:30,19.42,,,
9356,5/2/26 12:40,19.42,,,
9357,5/2/26 12:50,19.42,,,
9358,5/2/26 13:00,19.442,,,
9359,5/2/26 13:10,19.431,,,
9360,5/2/26 13:20,19.431,,,
9361,5/2/26 13:30,19.41,,,
9362,5/2/26 13:40,19.431,,,
9363,5/2/26 13:50,19.42,,,
9364,5/2/26 14:00,19.431,,,
9365,5/2/26 14:10,19.453,,,
9366,5/2/26 14:20,19.506,,,
9367,5/2/26 14:30,19.581,,,
9368,5/2/26 14:40,19.624,,,
9369,5/2/26 14:50,19.689,,,
9370,5/2/26 15:00,19.731,,,
9371,5/2/26 15:10,19.721,,,
9372,5/2/26 15:20,19.721,,,
9373,5/2/26 15:30,19.689,,,
9374,5/2/26 15:40,19.678,,,
9375,5/2/26 15:50,19.635,,,
9376,5/2/26 16:00,19.603,,,
9377,5/2/26 16:10,19.592,,,
9378,5/2/26 16:20,19.581,,,
9379,5/2/26 16:30,19.571,,,
9380,5/2/26 16:40,19.56,,,
9381,5/2/26 16:50,19.528,,,
9382,5/2/26 17:00,19.495,,,
9383,5/2/26 17:10,19.517,,,
9384,5/2/26 17:20,19.485,,,
9385,5/2/26 17:30,19.485,,,
9386,5/2/26 17:40,19.485,,,
9387,5/2/26 17:50,19.474,,,
9388,5/2/26 18:00,19.453,,,
9389,5/2/26 18:10,19.453,,,
9390,5/2/26 18:20,19.431,,,
9391,5/2/26 18:30,19.42,,,
9392,5/2/26 18:40,19.442,,,
9393,5/2/26 18:50,19.42,,,
9394,5/2/26 19:00,19.431,,,
9395,5/2/26 19:10,19.41,,,
9396,5/2/26 19:20,19.41,,,
9397,5/2/26 19:30,19.377,,,
9398,5/2/26 19:40,19.377,,,
9399,5/2/26 19:50,19.367,,,
9400,5/2/26 20:00,19.377,,,
9401,5/2/26 20:10,19.377,,,
9402,5/2/26 20:20,19.356,,,
9403,5/2/26 20:30,19.324,,,
9404,5/2/26 20:40,19.324,,,
9405,5/2/26 20:50,19.335,,,
9406,5/2/26 21:00,19.335,,,
9407,5/2/26 21:10,19.345,,,
9408,5/2/26 21:20,19.335,,,
9409,5/2/26 21:30,19.324,,,
9410,5/2/26 21:40,19.324,,,
9411,5/2/26 21:50,19.313,,,
9412,5/2/26 22:00,19.302,,,
9413,5/2/26 22:10,19.302,,,
9414,5/2/26 22:20,19.292,,,
9415,5/2/26 22:30,19.302,,,
9416,5/2/26 22:40,19.313,,,
9417,5/2/26 22:50,19.302,,,
9418,5/2/26 23:00,19.302,,,
9419,5/2/26 23:10,19.292,,,
9420,5/2/26 23:20,19.313,,,
9421,5/2/26 23:30,19.281,,,
9422,5/2/26 23:40,19.302,,,
9423,5/2/26 23:50,19.302,,,
9424,5/3/26 0:00,19.302,,,
9425,5/3/26 0:10,19.292,,,
9426,5/3/26 0:20,19.302,,,
9427,5/3/26 0:30,19.313,,,
9428,5/3/26 0:40,19.302,,,
9429,5/3/26 0:50,19.302,,,
9430,5/3/26 1:00,19.302,,,
9431,5/3/26 1:10,19.292,,,
9432,5/3/26 1:20,19.292,,,
9433,5/3/26 1:30,19.302,,,
9434,5/3/26 1:40,19.281,,,
9435,5/3/26 1:50,19.27,,,
9436,5/3/26 2:00,19.26,,,
9437,5/3/26 2:10,19.26,,,
9438,5/3/26 2:20,19.249,,,
9439,5/3/26 2:30,19.26,,,
9440,5/3/26 2:40,19.281,,,
9441,5/3/26 2:50,19.27,,,
9442,5/3/26 3:00,19.281,,,
9443,5/3/26 3:10,19.26,,,
9444,5/3/26 3:20,19.26,,,
9445,5/3/26 3:30,19.249,,,
9446,5/3/26 3:40,19.281,,,
9447,5/3/26 3:50,19.26,,,
9448,5/3/26 4:00,19.26,,,
9449,5/3/26 4:10,19.26,,,
9450,5/3/26 4:20,19.281,,,
9451,5/3/26 4:30,19.26,,,
9452,5/3/26 4:40,19.27,,,
9453,5/3/26 4:50,19.26,,,
9454,5/3/26 5:00,19.26,,,
9455,5/3/26 5:10,19.27,,,
9456,5/3/26 5:20,19.281,,,
9457,5/3/26 5:30,19.27,,,
9458,5/3/26 5:40,19.27,,,
9459,5/3/26 5:50,19.26,,,
9460,5/3/26 6:00,19.281,,,
9461,5/3/26 6:10,19.26,,,
9462,5/3/26 6:20,19.26,,,
9463,5/3/26 6:30,19.281,,,
9464,5/3/26 6:40,19.26,,,
9465,5/3/26 6:50,19.27,,,
9466,5/3/26 7:00,19.27,,,
9467,5/3/26 7:10,19.281,,,
9468,5/3/26 7:20,19.292,,,
9469,5/3/26 7:30,19.292,,,
9470,5/3/26 7:40,19.281,,,
9471,5/3/26 7:50,19.281,,,
9472,5/3/26 8:00,19.27,,,
9473,5/3/26 8:10,19.27,,,
9474,5/3/26 8:20,19.292,,,
9475,5/3/26 8:30,19.292,,,
9476,5/3/26 8:40,19.292,,,
9477,5/3/26 8:50,19.281,,,
9478,5/3/26 9:00,19.292,,,
9479,5/3/26 9:10,19.281,,,
9480,5/3/26 9:20,19.292,,,
9481,5/3/26 9:30,19.302,,,
9482,5/3/26 9:40,19.302,,,
9483,5/3/26 9:50,19.281,,,
9484,5/3/26 10:00,19.292,,,
9485,5/3/26 10:10,19.292,,,
9486,5/3/26 10:20,19.292,,,
9487,5/3/26 10:30,19.27,,,
9488,5/3/26 10:40,19.302,,,
9489,5/3/26 10:50,19.292,,,
9490,5/3/26 11:00,19.281,,,
9491,5/3/26 11:10,19.292,,,
9492,5/3/26 11:20,19.313,,,
9493,5/3/26 11:30,19.302,,,
9494,5/3/26 11:40,19.313,,,
9495,5/3/26 11:50,19.313,,,
9496,5/3/26 12:00,19.313,,,
9497,5/3/26 12:10,19.324,,,
9498,5/3/26 12:20,19.313,,,
9499,5/3/26 12:30,19.302,,,
9500,5/3/26 12:40,19.313,,,
9501,5/3/26 12:50,19.324,,,
9502,5/3/26 13:00,19.313,,,
9503,5/3/26 13:10,19.302,,,
9504,5/3/26 13:20,19.302,,,
9505,5/3/26 13:30,19.302,,,
9506,5/3/26 13:40,19.324,,,
9507,5/3/26 13:50,19.335,,,
9508,5/3/26 14:00,19.324,,,
9509,5/3/26 14:10,19.324,,,
9510,5/3/26 14:20,19.324,,,
9511,5/3/26 14:30,19.313,,,
9512,5/3/26 14:40,19.324,,,
9513,5/3/26 14:50,19.335,,,
9514,5/3/26 15:00,19.324,,,
9515,5/3/26 15:10,19.335,,,
9516,5/3/26 15:20,19.324,,,
9517,5/3/26 15:30,19.324,,,
9518,5/3/26 15:40,19.324,,,
9519,5/3/26 15:50,19.335,,,
9520,5/3/26 16:00,19.345,,,
9521,5/3/26 16:10,19.345,,,
9522,5/3/26 16:20,19.313,,,
9523,5/3/26 16:30,19.335,,,
9524,5/3/26 16:40,19.335,,,
9525,5/3/26 16:50,19.345,,,
9526,5/3/26 17:00,19.335,,,
9527,5/3/26 17:10,19.335,,,
9528,5/3/26 17:20,19.356,,,
9529,5/3/26 17:30,19.335,,,
9530,5/3/26 17:40,19.335,,,
9531,5/3/26 17:50,19.335,,,
9532,5/3/26 18:00,19.345,,,
9533,5/3/26 18:10,19.335,,,
9534,5/3/26 18:20,19.356,,,
9535,5/3/26 18:30,19.367,,,
9536,5/3/26 18:40,19.367,,,
9537,5/3/26 18:50,19.345,,,
9538,5/3/26 19:00,19.335,,,
9539,5/3/26 19:10,19.356,,,
9540,5/3/26 19:20,19.367,,,
9541,5/3/26 19:30,19.356,,,
9542,5/3/26 19:40,19.345,,,
9543,5/3/26 19:50,19.356,,,
9544,5/3/26 20:00,19.367,,,
9545,5/3/26 20:10,19.345,,,
9546,5/3/26 20:20,19.367,,,
9547,5/3/26 20:30,19.377,,,
9548,5/3/26 20:40,19.367,,,
9549,5/3/26 20:50,19.356,,,
9550,5/3/26 21:00,19.345,,,
9551,5/3/26 21:10,19.335,,,
9552,5/3/26 21:20,19.345,,,
9553,5/3/26 21:30,19.335,,,
9554,5/3/26 21:40,19.356,,,
9555,5/3/26 21:50,19.356,,,
9556,5/3/26 22:00,19.345,,,
9557,5/3/26 22:10,19.335,,,
9558,5/3/26 22:20,19.335,,,
9559,5/3/26 22:30,19.345,,,
9560,5/3/26 22:40,19.377,,,
9561,5/3/26 22:50,19.388,,,
9562,5/3/26 23:00,19.367,,,
9563,5/3/26 23:10,19.367,,,
9564,5/3/26 23:20,19.367,,,
9565,5/3/26 23:30,19.356,,,
9566,5/3/26 23:40,19.356,,,
9567,5/3/26 23:50,19.367,,,
9568,5/4/26 0:00,19.377,,,
9569,5/4/26 0:10,19.356,,,
9570,5/4/26 0:20,19.367,,,
9571,5/4/26 0:30,19.335,,,
9572,5/4/26 0:40,19.356,,,
9573,5/4/26 0:50,19.367,,,
9574,5/4/26 1:00,19.345,,,
9575,5/4/26 1:10,19.367,,,
9576,5/4/26 1:20,19.356,,,
9577,5/4/26 1:30,19.345,,,
9578,5/4/26 1:40,19.324,,,
9579,5/4/26 1:50,19.345,,,
9580,5/4/26 2:00,19.313,,,
9581,5/4/26 2:10,19.345,,,
9582,5/4/26 2:20,19.345,,,
9583,5/4/26 2:30,19.324,,,
9584,5/4/26 2:40,19.335,,,
9585,5/4/26 2:50,19.324,,,
9586,5/4/26 3:00,19.313,,,
9587,5/4/26 3:10,19.335,,,
9588,5/4/26 3:20,19.324,,,
9589,5/4/26 3:30,19.324,,,
9590,5/4/26 3:40,19.313,,,
9591,5/4/26 3:50,19.313,,,
9592,5/4/26 4:00,19.313,,,
9593,5/4/26 4:10,19.324,,,
9594,5/4/26 4:20,19.313,,,
9595,5/4/26 4:30,19.324,,,
9596,5/4/26 4:40,19.335,,,
9597,5/4/26 4:50,19.302,,,
9598,5/4/26 5:00,19.302,,,
9599,5/4/26 5:10,19.302,,,
9600,5/4/26 5:20,19.302,,,
9601,5/4/26 5:30,19.324,,,
9602,5/4/26 5:40,19.324,,,
9603,5/4/26 5:50,19.324,,,
9604,5/4/26 6:00,19.324,,,
9605,5/4/26 6:10,19.345,,,
9606,5/4/26 6:20,19.335,,,
9607,5/4/26 6:30,19.313,,,
9608,5/4/26 6:40,19.324,,,
9609,5/4/26 6:50,19.345,,,
9610,5/4/26 7:00,19.367,,,
9611,5/4/26 7:10,19.367,,,
9612,5/4/26 7:20,19.345,,,
9613,5/4/26 7:30,19.335,,,
9614,5/4/26 7:40,19.345,,,
9615,5/4/26 7:50,19.367,,,
9616,5/4/26 8:00,19.356,,,
9617,5/4/26 8:10,19.335,,,
9618,5/4/26 8:20,19.345,,,
9619,5/4/26 8:30,19.335,,,
9620,5/4/26 8:40,19.345,,,
9621,5/4/26 8:50,19.335,,,
9622,5/4/26 9:00,19.356,,,
9623,5/4/26 9:10,19.377,,,
9624,5/4/26 9:20,19.442,,,
9625,5/4/26 9:30,19.485,,,
9626,5/4/26 9:40,19.538,,,
9627,5/4/26 9:50,19.592,,,
9628,5/4/26 10:00,19.581,,,
9629,5/4/26 10:10,19.581,,,
9630,5/4/26 10:20,19.603,,,
9631,5/4/26 10:30,19.613,,,
9632,5/4/26 10:40,19.624,,,
9633,5/4/26 10:50,19.635,,,
9634,5/4/26 11:00,19.689,,,
9635,5/4/26 11:10,19.71,,,
9636,5/4/26 11:20,19.731,,,
9637,5/4/26 11:30,19.871,,,
9638,5/4/26 11:40,20.053,,,
9639,5/4/26 11:50,20.235,,,
9640,5/4/26 12:00,20.332,,,
9641,5/4/26 12:10,20.396,,,
9642,5/4/26 12:20,20.439,,,
9643,5/4/26 12:30,20.471,,,
9644,5/4/26 12:40,20.504,,,
9645,5/4/26 12:50,20.514,,,
9646,5/4/26 13:00,20.525,,,
9647,5/4/26 13:10,20.525,,,
9648,5/4/26 13:20,20.525,,,
9649,5/4/26 13:30,20.557,,,
9650,5/4/26 13:40,20.557,,,
9651,5/4/26 13:50,20.557,,,
9652,5/4/26 14:00,20.568,,,
9653,5/4/26 14:10,20.589,,,
9654,5/4/26 14:20,20.589,,,
9655,5/4/26 14:30,20.611,,,
9656,5/4/26 14:40,20.632,,,
9657,5/4/26 14:50,20.654,,,
9658,5/4/26 15:00,20.675,,,
9659,5/4/26 15:10,20.664,,,
9660,5/4/26 15:20,20.697,,,
9661,5/4/26 15:30,20.815,,,
9662,5/4/26 15:40,21.866,,,
9663,5/4/26 15:50,23.153,,,
9664,5/4/26 16:00,24.097,,,
9665,5/4/26 16:10,,,Logged,Logged