"","500","495","490","485","480","475","470","465","460","455","450","445","440","435","430","425","420","415","410","405","400","395","390","385","380","375","370","365","360","355","350","345","340","335","330","325","320","315","310","305","300","295","290","285","280","275","270","265","260","255","250","245","240"
"248.336",0,0,0,0,0,0,0,0,0,0,0,0,0,0,0,0,0,0,0,0,0,0,0,0,0,0,0,0,0,0,0,0,0,0,0,0,0,0,0,0,0,0,0,0,0,0,0,0,0,0,0,0,0
"252.814",0,0,0,0,0,0,0,0,0,0,0,0,0,0,0,0,0,0,0,0,0,0,0,0,0,0,0,0,0,0,0,0,0,0,0,0,0,0,0,0,0,0,0,0,0,0,0,0,0,0,0,0.0670685847047068,0.0399147744088422
"257.296",0,0,0,0,0,0,0,0,0,0,0,0,0,0,0,0,0,0,0,0,0,0,0,0,0,0,0,0,0,0,0,0,0,0,0,0,0,0,0,0,0,0,0,0,0,0,0,0,0,0,0.0589054502115052,-0.0235285668785099,-0.0713452234235882
"261.781",0,0,0,0,0,0,0,0,0,0,0,0,0,0,0,0,0,0,0,0,0,0,0,0,0,0,0,0,0,0,0,0,0,0,0,0,0,0,0,0,0,0,0,0,0,0,0,0,0,0.0729272311248805,0.0027908824492035,-0.0147138382422632,0.0389185954754595
"266.271",0,0,0,0,0,0,0,0,0,0,0,0,0,0,0,0,0,0,0,0,0,0,0,0,0,0,0,0,0,0,0,0,0,0,0,0,0,0,0,0,0,0,0,0,0,0,0,0,0.0892862091733755,0.00362372474428849,-0.00331374674621984,-0.0175410075621577,-0.00825190629023032
"270.764",0,0,0,0,0,0,0,0,0,0,0,0,0,0,0,0,0,0,0,0,0,0,0,0,0,0,0,0,0,0,0,0,0,0,0,0,0,0,0,0,0,0,0,0,0,0,0,0.0961477893073819,-0.000194380485330353,-0.00961141281252932,0.00041034297068912,-0.0147841671309474,-0.0262669242074501
"275.26",0,0,0,0,0,0,0,0,0,0,0,0,0,0,0,0,0,0,0,0,0,0,0,0,0,0,0,0,0,0,0,0,0,0,0,0,0,0,0,0,0,0,0,0,0,0,0.0940406291520501,0.00555084840838771,-0.00631662286439499,-0.00553470703606559,0.00119907063035618,-0.0103253162804492,-0.027566523366531
"279.76",0,0,0,0,0,0,0,0,0,0,0,0,0,0,0,0,0,0,0,0,0,0,0,0,0,0,0,0,0,0,0,0,0,0,0,0,0,0,0,0,0,0,0,0,0,0.101835337920268,0.016638630646866,0.00569259776277505,0.00798814788915572,-0.00229814117076838,0.0049749262638033,0.0133385637331929,0.0142389685463571
"284.264",0,0,0,0,0,0,0,0,0,0,0,0,0,0,0,0,0,0,0,0,0,0,0,0,0,0,0,0,0,0,0,0,0,0,0,0,0,0,0,0,0,0,0,0,0,0.0173241144410519,-0.000627026547753803,-0.00243886778086121,-0.0043334561587412,-0.00934478926019999,0.00621703106809772,-0.00120502278213712,-0.0413320044000903
"288.772",0,0,0,0,0,0,0,0,0,0,0,0,0,0,0,0,0,0,0,0,0,0,0,0,0,0,0,0,0,0,0,0,0,0,0,0,0,0,0,0,0,0,0,0,0.0193780932699346,0.000241359299432947,0.000879157415589416,-0.00136214895364503,-0.00332929421764983,-0.00336044218151518,-0.00645140411834268,-0.00856189594670625,-0.0191828191933113
"293.283",0,0,0,0,0,0,0,0,0,0,0,0,0,0,0,0,0,0,0,0,0,0,0,0,0,0,0,0,0,0,0,0,0,0,0,0,0,0,0,0,0,0,0,0.0328778535065506,0.00220693510583135,0.00102054165946048,0.00100050385001017,0.000693241031166192,0.00175958834103368,0.000749099764758447,0.00158470774191032,-0.00355290089024216,0.024517070678275
"297.797",0,0,0,0,0,0,0,0,0,0,0,0,0,0,0,0,0,0,0,0,0,0,0,0,0,0,0,0,0,0,0,0,0,0,0,0,0,0,0,0,0,0,0.0342068973947308,0.000152728626286965,0.000163017044088474,-0.00178894749408734,-0.00581130377831396,-0.000783625320502801,0.00186720785111798,-0.000685167650877923,-0.00250525195748297,0.00636181272608762,-0.00857045162023358
"302.315",0,0,0,0,0,0,0,0,0,0,0,0,0,0,0,0,0,0,0,0,0,0,0,0,0,0,0,0,0,0,0,0,0,0,0,0,0,0,0,0,0,0.0483928199775508,0.000303100302351363,0.00151410030816065,-0.00042867281994579,0.00215279038978275,0.00121119752147147,-0.00113180821240985,-0.00233206836274498,-0.00230326412364781,-0.000134415782071523,-0.00103926430888565,9.2594125971901e-06
"306.837",0,0,0,0,0,0,0,0,0,0,0,0,0,0,0,0,0,0,0,0,0,0,0,0,0,0,0,0,0,0,0,0,0,0,0,0,0,0,0,0,0.0610603973122583,0.000557799238515594,0.000235791462651291,0.00086345859410689,-9.40238167216056e-05,-0.000699679610250026,-0.000230601262840149,-0.00114438543033371,-2.13219154804323e-06,0.00163819085264563,0.00300265892884451,0.00181641697362577,-0.019364951197113
"311.362",0,0,0,0,0,0,0,0,0,0,0,0,0,0,0,0,0,0,0,0,0,0,0,0,0,0,0,0,0,0,0,0,0,0,0,0,0,0,0,0.0754020755334723,0.00347093478678014,0.000399109833322243,0.000312954606957534,0.00178663488410649,-0.000113825835749592,0.00381538708853324,0.00244608452733038,0.0032057498947396,0.000242709161542595,-0.00400098768414777,-0.000678917630349626,0.00543969597869033,-0.0186923943004239
"315.89",0,0,0,0,0,0,0,0,0,0,0,0,0,0,0,0,0,0,0,0,0,0,0,0,0,0,0,0,0,0,0,0,0,0,0,0,0,0,0.0796755177012608,0.00376663465227085,-0.000172106399451477,0.000611621546978018,0.00223321137897726,-0.000688611819731594,5.23542928329568e-05,-0.00177131830861015,-0.000860746872330289,0.000432557790148917,-0.00122159703844979,0.0012045135884794,-0.00367026891751444,-0.00206919752253891,-0.0347579817479261
"320.422",0,0,0,0,0,0,0,0,0,0,0,0,0,0,0,0,0,0,0,0,0,0,0,0,0,0,0,0,0,0,0,0,0,0,0,0,0,0.0770330292172622,0.00793677423559452,-0.000467882102693995,0.00104155880814827,-0.000899804290270711,0.00268835164917597,-0.00044113805097365,-0.000740394136132617,-0.000286963491714396,0.000514351351797779,0.00311092691378621,0.00128185602639252,0.00214162273743367,0.00436041080572662,0.00103446180141938,0.00192233584809939
"324.958",0,0,0,0,0,0,0,0,0,0,0,0,0,0,0,0,0,0,0,0,0,0,0,0,0,0,0,0,0,0,0,0,0,0,0,0,0.000884157808009545,0.00981795986989947,-0.000161881836259682,0.000557199653764653,-0.00116014015827143,5.01740701664005e-05,-4.85482336320953e-05,0.000646998776912766,-4.66489849929742e-05,-0.000937159941339392,-0.00105331097138373,0.000791703037608982,-0.000568673761040515,0.00300235851182823,0.00703270129659881,-0.00347192468902348,-0.00264935124543086
"329.496",0,0,0,0,0,0,0,0,0,0,0,0,0,0,0,0,0,0,0,0,0,0,0,0,0,0,0,0,0,0,0,0,0,0,0,0.00139905709666632,0.0151864585003862,0.000567905009857553,0.00219418084667035,0.00144594356786435,0.000732936894755301,0.000697754289823965,-4.46017043480573e-05,0.00189497382297147,0.000375824925555985,0.00243818395321259,0.00537430373326025,0.00266304372685259,0.000255643898512921,0.000186581097880465,0.00171667053358222,0.0155040458730747,0.0115048256408211
"334.038",0,0,0,0,0,0,0,0,0,0,0,0,0,0,0,0,0,0,0,0,0,0,0,0,0,0,0,0,0,0,0,0,0,0,0.000362702164986572,0.0237633903908035,-0.000558899000478008,-0.000274617538359168,-0.000172283508819921,0.000222219242388327,0.000913116526549934,6.00017640109418e-05,-0.00129936784748902,-0.000559048399969109,-0.000108342166453823,0.00186726455127008,-0.00116231950705237,1.69823138178316e-06,-0.00232515017750995,-0.00152953901410488,-0.00230184906624918,-0.0284711083806057,0.00203665245652852
"338.584",0,0,0,0,0,0,0,0,0,0,0,0,0,0,0,0,0,0,0,0,0,0,0,0,0,0,0,0,0,0,0,0,0,0.000226009213431744,0.0281822302867481,-0.00347504896364778,-0.000574706098729465,-0.000654133114592179,0.000275657736850671,0.00221386797276117,0.000302296640559363,-5.95760879509369e-05,-0.000207168799803634,-0.00106930007820804,-0.00290942062041835,-0.00109787811853293,0.000499303859842861,-0.00292319308918362,0.000514700040456981,7.23445649564083e-06,-0.00646303483385022,-0.0163878470062912,-0.0312607591116562
"343.133",0,0,0,0,0,0,0,0,0,0,0,0,0,0,0,0,0,0,0,0,0,0,0,0,0,0,0,0,0,0,0,0,-0.000315481830572173,0.0358475683184726,-0.000147534013421921,-0.00133864023735161,-0.0014347130493337,-0.000842073485956329,-0.00160809234683593,-0.00346368070278194,0.000179110424624936,-0.000469180192193677,-0.000419359126041826,-0.00106842601378685,-0.0024218744286407,-0.00150957340447067,-0.000703617971253024,-0.00407878875637877,-0.00643493263810627,-0.00341401069384659,-0.00889483643847777,-0.00736692234957729,-0.0468859528471662
"347.685",0,0,0,0,0,0,0,0,0,0,0,0,0,0,0,0,0,0,0,0,0,0,0,0,0,0,0,0,0,0,0,0,0.0456368157850978,0.00104591285773623,0.0011603218692877,0.000556357445656731,0.00115828356963328,0.00202363379322537,0.000180076460238848,-3.35008305775431e-05,0.000763760019184295,0.00063428709451712,0.000891983825115186,0.000904501434697791,0.0018670380010059,0.00179878467553449,0.000792001580845983,0.00364274831797621,6.36590141587304e-05,0.00226321507306977,0.000577476233187028,0.0167134973309588,-0.00340291216284395
"352.24",0,0,0,0,0,0,0,0,0,0,0,0,0,0,0,0,0,0,0,0,0,0,0,0,0,0,0,0,0,0,0,0.0558213603508924,0.00238438508343063,0.000351874928246855,-8.04622959275549e-05,0.000704603977907545,0.00135105996022971,-2.8774293599515e-05,0.00164058641544237,0.0011482962840505,0.000662531945437467,-0.000404905079445863,0.00062437927588607,0.000990766409282179,0.000670956631210238,0.00077241374688099,-0.000885056707898518,-0.0987898006771434,0.00189927637134512,-0.00329304490153384,-0.00949487702024568,-0.00166742455549743,0.00136282845209169
"356.799",0,0,0,0,0,0,0,0,0,0,0,0,0,0,0,0,0,0,0,0,0,0,0,0,0,0,0,0,0,0,0.0639906961329662,0.00203421733881567,0.000384362921690425,0.000561145400320847,-0.000572189505239767,0.000212496561812017,-0.000354921592201698,-0.000915526690606239,-1.07540238615186e-05,0.000660247095136662,-5.24415781198778e-05,-0.000644941698600382,0.000892334673930889,-0.0018755068802973,-8.49703716295151e-05,0.000392432463074303,-0.000297666544714212,-0.00171003516281672,-0.00351103361537418,-0.00128918495875904,-0.00428269878248732,0.00589804548444037,0.000722230993677554
"361.361",0,0,0,0,0,0,0,0,0,0,0,0,0,0,0,0,0,0,0,0,0,0,0,0,0,0,0,0,0,0.0730082997493594,0.00321845803702129,0.000393305122421346,-0.000399483888037459,-0.00010525229593285,-0.000893165021062897,0.000684933179881032,-0.000611473633781806,-0.00135437069291251,-0.00110334843176384,-0.000151513974810934,-0.0005992433477132,-0.00151830259911741,-0.000764293145519874,-0.000200745967594955,0.00109576819221619,7.30639119699739e-05,-0.000300444428821811,-0.000626186012353548,-0.00286798546678615,0.00344909104998951,-0.000744086268911866,-0.00197979075282013,-0.0239606599060714
"365.926",0,0,0,0,0,0,0,0,0,0,0,0,0,0,0,0,0,0,0,0,0,0,0,0,0,0,0,0,0.0828881372400738,0.00517691129916299,-0.000348154197730696,0.000334980750049052,-0.00035352368374982,0.000247505026641599,-0.000414527727857116,-0.00111883677801983,-0.00053642408717007,0.000584800072863104,0.000256666690821773,0.000308035715212876,-0.000801275292297102,-0.000532885006582068,-0.000283317206946584,-0.000302109073256558,-0.00127368652876574,-0.000104469805459612,-0.000127824040482361,-0.000889185338604363,0.00321036571854317,0.00159783035407251,-0.00417648829862832,-0.00170109471257467,-0.00212349653966909
"370.495",0,0,0,0,0,0,0,0,0,0,0,0,0,0,0,0,0,0,0,0,0,0,0,0,0,0,0,0.151612294179509,0.00778667687923548,-3.05630450440119e-05,-0.000474080153392631,-0.00101417294140901,-0.00035123871022294,-0.000234811502174286,-0.00161438478158028,-0.000293358667737886,-0.000864781293523645,-0.000249703952296126,-0.000344560165561546,3.50978280598754e-05,-0.000903294642925032,-0.00127438682678551,-0.00104259557286309,-0.00205486898905312,-0.00149772979781279,-0.0007424455542353,-0.00132391624718911,-0.00181712258561849,-0.00165998923477823,-0.000555889987373579,-0.000146339365634425,-0.0151944497628605,-0.0742318243660001
"375.067",0,0,0,0,0,0,0,0,0,0,0,0,0,0,0,0,0,0,0,0,0,0,0,0,0,0,0.0974762791352898,0.0311027430718942,0.000114102475455272,0.000215902125465845,0.000669302566589042,0.000446835309161882,0.000170018469030887,-0.000391456044922307,-0.00093077525095657,-8.57966647013417e-05,-0.000219750871079536,2.45627104765466e-06,0.000284560850186059,0.000270379536013354,-3.49532594271279e-05,-0.000761287360605063,-0.000497580384661489,-0.000124217368186179,-5.74778996050105e-05,-0.00116437007343821,0.00115115250606574,0.000363057101426084,-0.00152123463722259,0.00176059268145102,0.000443108783250199,0.00448685136119643,0.00211682526659745
"379.641",0,0,0,0,0,0,0,0,0,0,0,0,0,0,0,0,0,0,0,0,0,0,0,0,0,0.100867978162973,0.0142406530559809,0.000518082224280202,0.000120505199802054,7.16924339630174e-05,1.49772316990759e-05,0.000249973571074895,-0.000743157964731636,0.000513733018219012,0.000334514269149072,0.000237608929346672,-0.000308721119066575,-0.000299847840950833,-7.44417372197062e-05,-0.00113318020241912,-0.000242195397403927,0.00039720297193039,0.000210009042216115,-0.000625396431335435,-0.000761522493344544,0.00115893639376435,-0.00151768329655448,-0.00194467200689874,0.00242007649235875,0.00427897595009113,0.00184742755431473,0.00459315565516311,0.00941880492799941
"384.219",0,0,0,0,0,0,0,0,0,0,0,0,0,0,0,0,0,0,0,0,0,0,0,0,0.0990059557850393,0.0170104965752501,0.000822694348258285,0.000854427385005431,0.000620068940865634,-0.000131655368009817,0.000493726395480234,0.000555287594621107,-0.000227653011364806,-0.000159495996640543,0.000501332937380037,0.000369957144529458,-9.23741612230476e-05,0.000741314884039843,-0.000148809491967523,9.78013992581162e-05,0.000207462784379181,0.000786794501301903,0.00159739968594355,0.000741177170452587,0.000590730727383862,-0.000133139636559582,0.000407991207147546,0.00193070073077815,0.00233846553787951,2.57092593850699e-06,-0.00267820155076178,0.0142099700579847,0.0280262111318937
"388.801",0,0,0,0,0,0,0,0,0,0,0,0,0,0,0,0,0,0,0,0,0,0,0,0.10452223065122,0.0221021797406003,0.00148615056399986,0.00101496692470242,0.000122832802112523,0.000664705119149029,0.00119882603303107,5.94800139808995e-05,0.000766514291399963,-0.000549379463545649,-0.00046507530795984,0.000129942154439177,0.000834203959701517,0.00058373090384791,-0.000218807980577855,0.000161055340633239,0.00080949341439417,0.000667370998254468,0.000380796363022107,-0.000379547246574474,0.00279435868624809,0.000137461357247983,0.00150349965009924,0.0021662561624471,0.00220139333212607,0.00238242252029763,0.00393375309297702,-0.0047679535508799,0.0207332187116317,0.000659099896219434
"393.385",0,0,0,0,0,0,0,0,0,0,0,0,0,0,0,0,0,0,0,0,0,0,0.102548348223536,0.022367716019057,-0.000284372886081695,0.000118818813024126,-0.000282845890106787,-0.000397928430476213,-0.000195476704533529,-0.000350850459014275,0.000116624795705712,-0.00092561649862806,-0.000724787657278715,-0.000946474336597961,-0.000553347162533705,-0.000525104393693879,-0.000766645439995351,-0.00123632717960714,-0.00116583433018954,-0.00105499497807611,-0.000812287849279972,-0.00100221032108785,-0.0019167445916864,-0.0013248615824772,-0.0016060994236892,-0.00121758614479189,-0.00354009447851794,-0.00118942356734728,-0.00695842086728352,-0.0098065432450367,-0.0159072959338875,-0.00917271616584792,-0.0370357009878755
"397.972",0,0,0,0,0,0,0,0,0,0,0,0,0,0,0,0,0,0,0,0,0,0.106149344678517,0.0272350323922352,0.000715049640233205,0.000681332573462598,-0.000184808237281891,0.000644062711653681,0.000225322852366344,0.000146062093034484,0.000131780680035914,0.000503517968649433,-0.000164466541435274,-0.000348393092403051,0.000352191662606932,0.00059147237673214,-3.26055196400554e-05,0.000540351477548399,0.00035793652670617,-0.000106230351807237,5.8023820823285e-05,0.000309002172887,-0.000484714997186569,0.000854210654813372,0.000492283107287871,-0.000476160767637574,0.00142274163586108,0.00153206062743672,0.00394369741166455,0.000508896370362136,0.000872128987124107,0.00934078625349165,-0.00360008835597626,0.0232924716751631
"402.562",0,0,0,0,0,0,0,0,0,0,0,0,0,0,0,0,0,0,0,0,0.107679280437133,0.0315009717620055,0.00038977290190604,7.4145313924889e-05,6.20398062827743e-05,1.30779893919636e-06,0.000315164292397273,0.000324212315956014,-0.000157242636662955,-1.40900853091222e-05,0.000157637964583207,-0.000297854585386365,-0.000454806491330938,-9.84101887023464e-05,-0.000360555098725384,0.000251838829556837,0.000404585557166446,-0.000463440917059851,-0.000179899647788175,-4.07531434009508e-05,-0.000726202006061618,4.95290346025873e-05,7.92712820989845e-07,-0.000266639136074173,0.0017876842535701,-0.0020920952611124,0.000246104207711042,-0.000467455045369647,0.00212164643704996,-0.00486817316099532,0.00121477371990036,-0.00784291795752373,0.0137967290071592
"407.156",0,0,0,0,0,0,0,0,0,0,0,0,0,0,0,0,0,0,0,0.105286910974804,0.0379470912122967,0.000689509338370004,0.000693991108095261,0.000811426814989993,0.000527911647010517,0.000188266837180394,0.000691636802664601,0.000603585272100334,-0.000262499907717893,-0.000336670199612074,0.000971700650912323,-0.000473895147348083,0.000338001265398835,0.000630680767906748,0.000103172679978902,-0.000106714488343884,0.000801122031611413,6.19839129257832e-05,0.000821620724858094,0.000893418080514041,0.000353446854565732,-0.000621678049746227,0.000230988386390594,0.00144820116435833,0.000624121903409994,0.00138618954279551,-0.00142432119441004,0.00029594330895903,0.000593271379445266,-0.00150785229598069,0.0119157662473792,-0.00411786325022563,0.00684214503607309
"411.752",0,0,0,0,0,0,0,0,0,0,0,0,0,0,0,0,0,0,0.098091331747258,0.0430191369784638,0.000758806902607953,-0.000583503060431806,-7.53062053489963e-05,-0.000316727265681267,-0.000677628445132548,-7.65814129428271e-05,-0.000553697699842845,-0.000135496891672818,-0.00127176867721417,-0.000851367961602977,-0.000622823822923151,-0.000392367829889541,-0.00103198505726997,-0.0010644281240731,-0.000301346071524558,-0.000233074188913011,-0.000258028918997259,-0.00082300614655349,-0.00100793903789675,-0.00107963635149544,-0.000245506235747149,-0.000548343531037302,-0.00116552807541703,-0.00142343490046085,-0.000281978043498382,-0.00243784172356463,-0.00341894221152011,-0.00220162877404662,-0.00228227150356106,-0.00630578400761152,-0.0047331370985321,-0.00472594307528091,-0.031376459181982
"416.352",0,0,0,0,0,0,0,0,0,0,0,0,0,0,0,0,0,0,0.0502298708659317,0.00382699587885191,0.00023013415275099,0.000834652996580503,0.000277448545973713,0.000474931496625679,0.000982091931479453,0.00094492894254869,0.00048423048651916,0.000255214536079906,0.000202348847508839,0.000833961320285055,0.000130626962145456,0.000571976575835265,0.000914520632994236,0.00049598410661917,0.000446403531999233,0.00117311549361113,0.000764812302269014,0.000400403158747514,0.000423059287866138,0.00151552472913159,0.00129630773310185,0.000387299160665779,0.000754686232047516,0.000631883955800911,0.00122888271512423,0.00206630636879243,0.00148146466296088,0.000368048966845546,0.00182787888354846,0.00358219554719736,0.00990301467350202,0.0119643160661417,0.0441104588173078
"420.954",0,0,0,0,0,0,0,0,0,0,0,0,0,0,0,0,0,0.0527563315933021,0.00354714120513016,-0.000505584652198441,2.39728077515559e-05,5.34361422560353e-05,0.000313508933536575,0.000496117435501296,0.000500486967575517,-7.53938655952396e-06,6.0307702149924e-05,0.000281212552453454,-5.27657587844933e-05,-0.000144100721647725,-0.000233761307224469,-3.57563308568949e-05,0.000356747897310197,-0.000148978451847522,-0.000746855753084584,-0.000296153014800322,2.24659458746286e-05,-0.00018375904267368,-0.000279252554209732,6.51159554788352e-05,-0.000334445639647506,-0.000392789616997518,-0.00154398345051409,0.000425793249871475,-0.0001580835604942,-0.000928522698902871,-0.00131839196447096,0.000120510239912792,-0.000358225783478756,-0.00107361158532924,0.00125558508641244,-0.00195269138295951,-0.0140462653221781
"425.56",0,0,0,0,0,0,0,0,0,0,0,0,0,0,0,0,0.0532763524148892,0.00468193383499864,9.46079671481875e-05,-0.000552520643470401,-0.000359269103666893,-0.000316683351065897,-0.000624457565389816,-0.000528137909279921,-0.000301284264704461,-0.00028519854680141,-0.0011626295682642,-0.000304254689527439,-0.000401715436482963,-0.000722972842295688,-0.000689839771113656,-0.000344890419083636,0.000269474275784587,-0.000329143847910338,-0.000809052734559308,-0.000853833882716098,-0.000701523586859313,-0.000450915768683883,-0.000810655336294527,-0.00093170336445488,-0.000464997716188116,-0.000979817189469623,-0.00131684544581346,-0.00146048307302704,-0.00195847618150259,-0.00034800485688867,-0.000323073494147695,-0.00196507691711897,-0.00497108847703073,-0.00392702817254807,-0.0135498958817498,-0.0144807386171387,-0.0047692520211187
"430.168",0,0,0,0,0,0,0,0,0,0,0,0,0,0,0,0.0559019968274007,0.00556577187624531,-0.000403273349278514,-0.000215625699276573,-0.000118107385177336,-4.12953426418632e-05,-7.91169123475336e-05,0.000502697895588524,-0.000625480397390855,0.000233951479966119,0.000134398421115609,-0.00063228334421047,2.92467941777931e-05,-0.000148944815268233,-0.000314903885626926,-0.000164369274579836,0.000174259828133118,-0.00034251218927502,-0.000215080458446674,-2.76336440125012e-05,-0.00059085480803568,-0.000614810738563059,-0.000641835696080426,-0.00018664523299311,0.000376569507246041,-0.000805115004522839,-2.83634820709227e-05,-0.000289833339867084,-0.00070700555136931,0.000328905746513903,-0.0011838411083453,-6.28643192076589e-05,-0.000385106977929056,0.000344527185242579,-0.000202571900419963,-0.00197649663595052,-0.000834183293502508,-0.018710979279461
"434.779",0,0,0,0,0,0,0,0,0,0,0,0,0,0,0.0646375211576281,0.00734127331997271,0.000551566958482777,0.000925771555911599,0.00018475285560752,0.000652555586578938,0.000301384754171432,9.19010393840214e-05,0.000120599651727205,0.00035739289043762,0.00097697495427531,-0.000269793684987051,0.000793177998916421,-8.750959725719e-05,-7.78725806779173e-06,0.000306569740890377,-0.000112044073741694,0.000243296472751181,0.000491804754480222,0.000117020872825472,-0.000111078383710394,9.97836116580346e-05,0.000157300531573686,-0.000286336536163765,-0.000500911144653498,7.59916893953022e-05,0.000161435831126014,0.000742850107431351,0.000870938442479521,0.000650299273697107,0.000219573352954941,0.00170782115366197,-0.000474043061891074,0.00130887920621575,0.002751213908023,0.000281774498579181,0.00843909206132128,0.00396149188797995,0.0212791619168372
"439.393",0,0,0,0,0,0,0,0,0,0,0,0,0,0.0702832532595255,0.0107373187815899,0.000660821464524087,0.000176651233639174,0.000659530108750182,0.000570547002214176,0.000539960525078746,0.000671269351209003,0.000559536241870576,0.000558099873997158,0.00130495236567921,0.000853661006677713,0.00073812162540186,0.000335304856923619,0.000676313569511561,0.000895555112956085,0.000981789569843241,0.000249883494748798,0.000138054258424237,0.000105115564107667,0.000107217122752344,0.000648424750598107,0.000196186433389057,0.00035218701648109,0.000308554189945465,0.00027880293534353,0.000534428822470825,0.000931779210530644,0.00212408510146883,0.00104075758664311,0.00138337351082471,-0.000128778495722802,0.00174805072656714,0.0017609397572831,0.00191077971089836,-0.00146463276989921,0.00177600433502188,0.00424611691275597,0.0146971415235674,0.0200893526978738
"444.01",0,0,0,0,0,0,0,0,0,0,0,0,0.0745055212854475,0.0123972212585954,-0.000524129388867226,-0.000230637228068023,-0.000673260222518009,-0.000248083596072413,-0.00071482932397549,-0.000414350449726571,-0.000924211081242915,-0.00107388109897263,-0.00125736970028957,0.00061232498853455,8.7632098261816e-05,-0.000509339407620435,-0.000164734043008256,-0.000425019817353369,-0.000702234335697121,-0.000720898308524741,-0.00021246172617601,-0.000238075795814022,-0.000524895803055766,-0.000342694515081973,-0.000759306040801189,-0.000337375652126489,-0.000725317808572127,-0.000607154164946065,-0.00143238840195493,-0.000416912730353546,-0.00057851991334935,-0.00092768027832151,-0.0018348487730743,-0.00109370893169001,-0.00115526453668406,-0.000514910397346862,-0.00298374312692428,-0.00502431103965145,-0.00275115044369075,-0.00573302672288698,-0.00968511061294972,-0.0169855688403259,-0.0483750121650886
"448.63",0,0,0,0,0,0,0,0,0,0,0,0.0747585374402119,0.0166841613884783,0.00036111319649032,0.000163887153598678,-0.000121166533891419,-0.000163192313005698,-9.92527769179651e-05,0.000375753023826499,-5.0941976242097e-05,0.000186971557212471,0.000557625794735163,0.000344300302597661,5.00556681256037e-05,0.000348810135253306,-0.000345278819569013,0.000393075596371547,-0.000332025840549923,0.000213823963124711,-1.6503490116685e-05,3.39892497501526e-05,0.000384848769583558,0.000271211836278439,0.000345856274732419,4.54980392526496e-05,0.000323481380575071,-0.000109599143610322,0.00012824610616258,0.00052970039874634,-7.16117562279911e-05,0.000207322659138192,0.000112938244012288,0.000249377063687913,0.000609013534657,0.000422130584793955,-0.000327698579024786,-0.000151947391772359,0.00118741211400602,0.000662756881152146,-0.000460397129395271,-0.002217702501544,0.000604784848501336,0.0110017070918663
"453.253",0,0,0,0,0,0,0,0,0,0,0.0724055406352311,0.0209636754172771,0.000240468267990328,0.000489814562816405,-8.06186594502896e-05,0.000208753232619162,0.00044097590536316,0.00021385122354409,0.0002346013995605,-0.000267914417277431,-0.000567940727040058,0.00106972234173739,-0.000145995491886909,0.000393008049157378,0.000317080113575411,8.57991102441443e-05,-0.000388033472096335,0.000581259036838264,0.000211052180179137,0.00045015405082684,-0.000131882692505683,-3.27206011976675e-05,0.000142532255870441,0.000436018928569765,0.000248904103925737,-8.36740872433013e-05,0.000526177913389893,0.000464434585902297,0.000745966061344001,0.000548471826012904,-1.23170556106256e-05,0.00019415533307735,0.000415080514787411,-0.000583630076814672,0.000333195714131162,0.000325869647520336,0.000543485209734788,-0.000366552080296173,0.000187241949036956,0.000526810614128668,-0.00208810413138271,0.0117167627975941,0.0291594287172506
"457.878",0,0,0,0,0,0,0,0,0,0.0675072777550097,0.0208884042998095,0.000635770167779263,-0.000285458723508667,0.000600209679351462,0.000352351395287793,-0.000301126279911862,7.54910744952577e-05,0.000335364751696081,-0.000106349812307733,6.32146235527815e-05,-0.000229848363806313,-9.62238829085027e-05,-0.000545005122669414,-1.05149884355384e-05,0.00027037882757629,0.000322017164147759,-6.66560440444778e-05,0.000175394422403112,0.000392664035006842,-0.000238805343622166,5.01073624689652e-07,0.000491395666013232,-4.92228784333107e-05,9.33887296203834e-05,-0.000175583488318577,0.00013080649416248,0.000383986066036081,-0.000323182115413594,0.000122126541700605,0.000389919939340895,-0.000252468690823425,-2.63178260301001e-05,0.000426607295360486,0.000526123029688966,2.1236253139007e-05,0.000595739615176777,0.000448591183173475,-7.21675695213324e-05,4.60517594151105e-05,0.000588784848517999,0.00227580155356528,0.00432818243483688,-0.0088070044114315
"462.506",0,0,0,0,0,0,0,0,0.0673054626777133,0.0251448250205666,0.000552468987708914,0.000143920074825835,-0.000484282207522026,-0.000220154959619507,-0.000722072924851408,-0.000487724206738178,-0.000274978701804128,-0.000507745512788676,8.64725044654007e-05,-0.000683548822228063,-6.49948523391182e-05,-0.000393473565026319,-0.000683833126848652,0.000537152491562896,-0.00047524859473408,-0.000327329706947053,0.000364805058030459,-0.00043828604346308,-0.000206416029675625,-0.000245413464009396,0.000275916941760424,0.00025202179988235,-2.43918046990908e-05,-3.33611499426723e-05,-0.000235390961267873,-0.000441820366012786,-0.00016531777180566,-0.00037225275425584,0.000175120420185975,-0.000385748321371879,-0.000388706002184363,-0.000530511402189209,9.07902009732097e-05,-0.000607902039202274,-0.000509144326045104,-0.000515794102980839,-0.0010664534303985,-0.00143990866656711,-0.0019775108827818,-0.00463173429113875,-0.00297427477616306,-0.0128719620361585,-0.030575098465217
"467.137",0,0,0,0,0,0,0,0.067160511736198,0.0285281334464583,0.00116139860537101,0.000471529228843372,0.000731605686044708,0.000297852411818046,0.000756677807451919,0.000548649763727679,0.000210082030876798,0.000468743518896643,0.000553051064684207,0.000654127778882175,0.00111188811691188,0.000756871457812777,0.000675106563834439,0.000324407056559151,0.000647597363097739,0.000520480343262957,0.000588664732053101,0.00083469293803112,0.000726901490438555,1.69042659998301e-05,0.000347776108130878,0.000424395439333691,0.000216554194208178,0.000454162495311591,0.000414262874096239,0.000284553891247523,0.00116482473124486,0.000664088950682465,0.00020500113549158,0.000841835959416898,0.00122501225114568,0.000545090642028192,0.000712299379392318,0.00172791825096382,0.000326240776686266,0.000866133829892389,0.00201449348968127,0.00149191421762705,0.000746844316944963,0.00313259363108552,0.00406488174757393,0.00354594933077135,0.0148280991384361,0.0349863296100327
"471.771",0,0,0,0,0,0,0.0653801664342378,0.0318768202825801,0.00131438720629217,0.000130023583025283,-0.000242994866274793,0.000218788504744701,0.000189034469610342,0.000175745760854214,-0.000310861604985471,-0.000123170445687428,-0.000334712720380725,-0.00014589764673279,-0.000252498439192545,-0.000391002914955169,-0.000684450446791275,-0.000228492292587922,0.000101239329714038,-0.000178722851420999,-0.000457105497277164,-5.74827017380368e-05,-8.91910302211208e-05,-8.08437407834472e-05,-0.000145236930595403,-0.000240141874902325,-0.000373102603520381,-0.000277799262350415,-0.000530492820762599,4.13138444213286e-05,-0.000290251126765741,4.56110060721736e-05,-1.83359043544458e-05,-0.000100937208289747,-0.000770232168569544,-0.000159870104315544,-0.000429699558544861,-0.00025283853052213,-0.000516826242268261,-0.00114046765025081,-0.00075827321738925,-0.000408454091760789,-0.000463922584997135,-0.000387699771247248,0.000360054010424228,0.000950010514225415,-0.00210893468819578,-0.00324623015418381,0.00430957131764687
"476.407",0,0,0,0,0,0.0622035789610265,0.0318891917769801,0.00172890351040966,0.000521490407549755,0.000135331418774664,0.000275559970452851,3.91795161360162e-05,0.000816089765100895,0.000341970480735629,0.00012396153409692,3.85103931255129e-05,0.000170532608200735,-9.42877117993844e-05,-0.00032505798884546,0.000910375461985514,0.000257055937770778,0.000853414809130611,-0.000210370658373844,0.000346656960997846,0.000345701317733762,0.000335915654277506,0.000363955023640661,0.000250210741998492,0.000282819293139012,3.20180837647706e-05,0.000537930483746917,3.19855811203352e-07,-7.8409183422958e-06,0.000155715251246901,0.000408606766183802,0.000207116283219842,0.000266478902401279,0.000575861244965069,0.000213760077103016,0.00095883220486295,0.000416022925276476,0.000319404667492537,-0.000190904783580557,0.000390171533838481,0.00107572749548029,0.000168091212777252,0.00037611823043661,0.00161555013724246,-0.000179794192547017,0.00282745729138999,0.000602303318797891,0.00133109200011751,-0.00223342132251284
"481.047",0,0,0,0,0,0.03586110427739,0.00197919901136741,1.28468014782359e-05,0.000229517213089667,0.000169856818207219,0.000189492712158096,0.000355951469378878,0.000146504340030413,0.000894550025558438,-0.000184785040703043,0.000626823059913877,0.000298918834414476,0.000738453048397213,0.000785225948603484,0.000104970376112738,0.000263826547315879,-0.000182224883552211,-8.19170921023979e-05,0.000760956712653222,0.000310539571759911,0.000342511523701146,0.000177223998403964,0.000104385457043699,0.000112909177541346,0.000270435419296335,0.000401754417397894,5.53970037339538e-05,0.000223425331488607,-8.11772355020729e-05,0.000296819000622583,0.000555229832795029,-6.58690844409137e-05,0.000221507564783985,0.000573489408749342,0.000727524361032323,0.000511466632288914,0.000740433689558652,0.00150893381562539,0.000860706369731848,0.00067410203461347,0.00014358565027669,0.000575684231447276,0.000559565357699091,0.00236622320888002,-0.00242992647421564,-9.80360597949044e-05,-0.00018599358489013,-0.00426956555591362
"485.688",0,0,0,0,0.0420818728818868,0.00299950572366435,0.000157691366515019,-0.000110921694300191,2.98860080281802e-05,0.000170148979853448,0.000268163473861193,0.000441793570686793,0.000553258914634248,0.000586813179337409,0.000331993233183326,-2.2489755409015e-05,0.000185188154281177,0.000177522761483015,0.00043989391531718,-0.000235428139801728,0.000380253933642618,0.000786309250537264,0.000328411895858649,0.000629269486975351,-7.56276958845078e-05,0.000547208607968763,0.000274082337818801,0.00021736097050097,0.000177316509394806,0.000199289263732472,0.000236752967889843,3.16101328333827e-05,-0.000143403813061555,-8.95602833180687e-05,-0.00024577557191742,0.000295917619340689,0.000787195417786294,0.000292435063615123,0.000489377388288414,2.30679087530513e-05,0.000231937630489134,0.000450119194408843,0.00107073139218348,-0.000287264846537645,0.000933207940524291,0.000574492690124892,0.000951218076428816,0.000280452043326922,0.000849196570762842,0.00306912482756389,0.00179637502059741,-0.00205658085745031,0.00774489841124648
"490.333",0,0,0,0.042325684434294,0.00421884826665522,0.000460965183929492,0.000381741290218404,0.000146050014954726,-0.000110291970180749,0.00033490932795359,0.000157042995820633,0.000263845053743562,0.000179286960456771,-0.000103234781342149,0.000270674130955649,0.000285550368546425,0.000655130205522967,8.43780161141304e-05,-6.51672649923107e-05,-0.000266518636999474,0.00018550927168513,0.000649862169784314,0.000146186605311569,-4.42674393399624e-05,0.000446020719873149,0.000327039511661797,2.43362406351792e-05,0.00029004894777989,0.000128925878884899,3.18967918305253e-05,3.96185749915892e-05,0.00017391630915756,-0.000167972239235338,0.000261360582147229,-0.000399322074312132,0.0001346571814118,-9.48492176623359e-05,0.000231739342911544,-0.000148727171550788,-0.000227927863355985,-0.000170919038995338,0.00133895072720738,0.000117380425286644,0.000609307003570726,0.000675445995245598,-0.000765572688303904,0.000404178674916314,-0.000385728396820267,-0.000492987510836444,0.00413775989993686,0.00209891954314731,-0.00730993349587394,-0.00987316328970089
"494.979",0,0,0.044631688442952,0.00421013986323178,-5.0712146915634e-05,0.000318660263250367,-0.000167829804715712,0.000150432355325038,0.000100021899150991,-0.000129228922590013,-0.000235182605602984,-0.000379711891967469,0.000171142079715371,-0.000111142525164636,-0.000223447014840405,4.83319133799502e-06,-0.000513090490063785,0.000221286203983557,4.68239425089141e-05,-0.000177537366179517,-0.000263107798142155,8.24254558495114e-05,-0.000173466289771506,-0.000150928513604429,0.000151479831802811,0.000196243661439368,3.23745579460215e-05,-0.00077291354572209,0.000177440009971441,-0.000254741781965876,-0.000378634975962833,-0.00024472752120285,-0.000487434301472832,4.0886500377723e-05,-0.000178183472726135,1.85091352165443e-05,-0.000303091278088295,0.000151502923718311,0.000202176993656311,4.5683668866171e-05,-0.000707867974600669,-0.000569129772208489,-0.0001025426964228,-0.000321300202418464,0.000457522933031876,-0.000190891452473838,-0.000836346950932959,0.000456541644935523,0.000491796483450577,-0.00168271977124266,0.00700986400247201,0.0107968231613601,-0.00455251467080828
"499.629",0,0.0431519773650231,0.00429716994212029,0.000440174066927425,0.000401465407801877,4.73996991700379e-05,0.000131691415845116,-0.000101544063467759,-0.000154589400350117,5.84496150676639e-05,0.00016280162248907,0.000293292157053176,-9.71217628399625e-05,0.000268595029131688,8.64239972505256e-05,-0.000161535655563705,-2.51928967155163e-05,0.000161068203477503,-8.36368745278825e-05,6.89159200134182e-05,0.000495158369913332,0.000155005206895562,0.000236257044284696,0.000521125838540617,4.18690434895219e-05,0.000243990089144563,-0.000176583028899503,0.000368662994020915,4.81813216735214e-05,-2.36592724599048e-05,6.2950594228644e-05,-2.33574680662545e-05,-8.74148681685429e-05,5.70200170699241e-05,0.00027061360277225,0.000624920510535876,0.000340258148827133,0.000632297403403294,0.000465946549007801,9.10841373405209e-05,-0.000109091978468529,0.000264150604370855,0.000321898971764193,0.000101021013409915,-0.000395117247029943,4.75058608720597e-05,0.00129234895346481,-0.00017378197439697,-4.78852703977243e-07,0.000818919691346513,0.00136340751319114,-0.00100086276021205,0.00612039703869746
"504.281",0.0474945426873612,0.00562730538325864,-0.000395188261735893,-7.56847132454795e-05,-6.5370338215577e-05,-0.000464705123577844,-0.000136769316609874,-0.000339896462470239,-0.000219574775134478,0.000140428355759149,4.58297112187727e-05,-0.000146609784428524,-0.00042132636045458,-7.91068275506268e-05,-1.21640366057604e-05,0.000431814611645211,-0.000679012414366421,8.4868094040732e-05,-0.000595699570043875,-0.000137567273184485,-0.000388520462552681,-0.000127330101655622,-0.000373018904093217,-0.000406704897293973,-0.00067051372523921,0.000301320309522305,4.0420010749155e-05,-0.000328818034871573,-7.98848182410244e-05,3.19626374445748e-05,-6.27200098894229e-05,-0.00025158939263741,-0.000246637547654675,-0.000382155140708131,-3.36323150456094e-05,-0.000133797378092539,-4.69097458340751e-05,0.000131040518397641,-0.000328332388910588,-0.000589615764410923,-0.000632111164761031,-0.000369035968153818,0.000161313941125344,-0.00122993732556464,-0.000216939986240989,-0.00128614632550658,-0.00146474438846798,-0.00177944471199084,-0.00151768795878572,6.79889324198477e-05,-0.00465298562987743,0.00440094456072898,-0.00705914719282066
"508.936",0.00674272263640965,-0.0006033834934438,-0.000527602725967645,-0.000412363920026487,-0.000217657279348309,-0.000335036926639873,-5.5382370254012e-05,-0.000263490945190489,-0.000575796656962246,0.000116422817166204,-0.000116602413091935,-0.000637826903712748,-0.000361133267994338,-0.000204615197710943,-0.00068628993593319,-0.000666889405295515,-0.000377920405556731,-0.000295636574921849,-0.001000084115184,-0.000949986516065018,-0.000599293844136851,-0.000544048767045738,-0.000615500062517268,-0.000509968563099255,-0.000383554213355331,-0.000510341925154732,-0.000359778784049407,-0.000399014456190068,-0.000550238325391007,-0.000742043075322983,-0.000289243228459102,-0.000234774704549811,-0.000102945522450764,-0.000534103328442979,-0.00022712658933391,-0.000879616403888752,-0.000413203757201204,-0.000628856830326696,-0.000600623861087251,-0.000417472102863139,-0.000181351680324442,-0.000852875982200728,-0.0009749734431116,-0.000720927259203419,-0.00234204712358658,-0.00116136392762248,-0.000770957807038414,-0.000450431129783774,-0.0035513478286141,-0.004390216114562,0.000701975900006646,-0.000557208505802896,-0.0271661547554856
"513.593",-0.000782712354521881,-0.000747587585504311,8.91416712310369e-05,-0.000468637359185966,-0.000100919988426853,-0.000379804801598706,-0.00017537914102568,-4.43699723078205e-06,-5.92818467775419e-05,-0.000104178415658686,-0.000231840673635069,-0.00052667958597791,0.000134118925128634,-5.48224837994462e-05,1.66569521809551e-05,-0.000143083156992101,-0.000583501486772222,0.000470240471044084,-0.000395881456036446,-8.77683652649974e-05,-1.90928838537788e-05,-6.29950710942697e-05,-0.000422927563354656,9.61335222050617e-05,-8.26088346615877e-06,-0.000289984955611117,-0.000325956083838531,-3.17077291635551e-05,-0.000158396960626587,-0.000337539163711419,-5.43183582053144e-05,-0.000194448399180611,-0.000236182209730158,-0.000136700549188858,-0.00035967136699256,-0.000520995773702308,-0.000439050332030899,-0.000367205576329341,-0.000376844932011472,9.01830295074388e-05,-0.000300723746436659,-0.000508826393651717,-0.000520535382903642,1.68734404950366e-05,0.00017696809661151,-0.000446544704735536,2.93845107568217e-05,-0.00269259490966312,0.00197846431461754,0.0103457088337436,0.00152275868307636,-0.0024299943020743,-0.0130295722265586
"518.252",-0.000185863448992853,-0.000783061111098223,-0.000654595803121647,0.000150238345114391,-7.15009612470063e-05,-0.000198608921093028,-0.000349086738780137,8.54178804935801e-06,-0.000235755729251615,-0.00015549100220643,-0.000249699178128754,-0.000150181847280335,-0.000189819267939425,-7.78802094401048e-05,-0.000431398238778679,-0.000232638500435283,-3.18698327519926e-05,-0.000760378802805053,-0.000375542339278436,-0.000106183900932389,-0.000391654027046564,-0.000125124876714973,-0.000393907599369307,-7.85398570366906e-05,-0.000280400186006396,-0.000376535114430832,-8.68542697658143e-05,3.17129774737436e-05,-8.65406472880619e-05,-0.000710602207209404,-0.000239738697181914,-0.000232110308561427,-0.000140748853934186,-0.000648357039654658,-0.000541075148371842,-0.000632411651353202,-1.80563997080747e-05,-0.000286167350702047,0.000115436248309259,-0.00043503463473411,-0.00041853339776038,-0.000272276902413065,0.000331688431318414,-0.000928608467795724,0.000526703135336818,0.000283629823752807,0.000228046017054417,-0.000548594751839158,0.00256055920421036,0.00634191945475221,-0.00312460752962659,-0.0139605754410251,0.000504778287818301
"522.914",0.000361224537713261,0.000253423139536136,0.00060718717498619,0.000207306210658431,0.000250290498586057,-5.90575763660633e-05,0.000282686480783625,0.000293438694085494,7.80338292131718e-05,0.000555342234896714,0.000428408373688753,0.000192815168956958,0.000136120259105465,0.00038687028551984,-7.36940042546125e-06,0.000366155150959396,2.36825642055942e-05,0.000490097454940564,0.000318788407026935,4.62945061723442e-08,0.000323424302688758,0.00103488949747649,0.000222629810799812,0.000311192372592542,0.000377339952232145,0.000271063068301328,6.30621662244574e-05,0.000141412534497552,0.000659984158519323,0.000435148838139266,0.000654271222526967,0.000539072956983697,0.000607914103809401,-3.16489100198018e-05,0.00050533484594084,7.93840555174424e-05,0.00061073042140141,-5.84146162779099e-05,0.000218172327298595,0.000511093265557626,0.000512005830347678,0.000672303844627899,0.000572866095012813,0.00108894075795849,0.000795318170509367,-0.00100024961831861,-5.47070666186322e-05,0.00123704632897511,0.0125571205089575,0.0106575632907115,0.00146256587255372,0.00240968249423626,0.0240035566084464
"527.579",0.000295079360658628,0.000262930840430055,0.000580663048876422,9.13836292116694e-05,0.000392828535144828,1.33862960545783e-05,-4.93083538646489e-06,-0.000190004285178995,0.000200058067360632,8.01346543520143e-05,0.000232806211064062,-3.29640236668444e-05,0.000178990912967236,0.000131524175374871,0.000301303865084542,4.48279092478548e-05,-0.000490153257890322,-0.000191059403898999,-0.000318726091277434,0.000279473753675398,-0.000180515372025397,-2.66767675070063e-05,0.000195852046163937,0.000216211056048576,-5.73926402752918e-05,0.000302825431646909,5.51374250958746e-05,-0.000196083749410386,7.08046135040249e-05,-0.000248396081477869,0.000215607167879045,-0.000146188085926653,0.000116934393309096,-0.000166909189671209,-0.000190463487643412,0.000341332408867443,0.000147929490033446,0.000451948920261048,-4.12809324890708e-05,-0.000221855530863289,-7.1209741472902e-05,2.63145268138312e-05,0.00050093590409601,9.90218401061084e-05,0.000369319317104448,0.00114502352500615,0.0015477964085911,0.00300727641283011,0.00954558366964636,0.00400612329649573,0.00321303502843964,3.2154243388878e-06,-0.0165197365923274
"532.245",0.000743433662587994,0.000214450429140995,0.00051954934627053,0.00021560828826094,0.000236040215578168,0.000396147213006698,0.000307615129059798,9.05928174732256e-05,0.000195239560513819,0.00046393747594471,0.000260671480600836,0.000464939065441608,5.70683133077751e-05,-2.32284295461784e-05,0.000331594772444587,0.000239143393833271,0.000205637077721236,-0.000141288818544423,0.00042829003847565,0.000597775216014682,0.000675723969540531,0.00028575577661311,0.000320691186628049,0.000406493390137069,0.00026266000485786,0.00017549751827646,0.000141740998689072,0.00010219508173934,4.74956693407926e-05,0.000248921657247653,3.87684076737212e-05,0.000215794538538892,0.000639348984306045,0.000119760983419169,0.000414475333853874,0.000402793318029638,-8.63299005825463e-06,0.000540888055598391,0.000259904076027032,0.000788809071002737,0.000595397066183643,0.000853762040997254,0.00127500691176424,0.000165427895386801,-0.000191574982857529,4.98248723339373e-05,0.000737808613579057,0.00625823266110706,0.00416308403107987,0.00446992910848116,0.00302009267397126,0.0113067345421063,0.0447834444034216
"536.915",-0.000198148777956957,5.91044780357759e-05,7.99680378433211e-05,7.53050163773464e-05,-2.15730788435786e-05,-0.000252767484722386,-0.000305156675564411,5.21618978773458e-05,0.000196596936526733,0.000173202425925254,0.000423408791294504,0.000184350036045333,-0.000207789587108398,-9.36811128592361e-05,-5.31518849434375e-05,0.000324018407774303,-2.84002736816185e-09,-0.000217901904529282,-0.000376705772169548,0.000184687499405046,0.000326044609932026,0.000422934434378881,0.000386236864515766,-8.82545389981252e-06,1.33016135690081e-08,-0.000281295554311946,-7.88059131859791e-06,-0.000253426308479249,0.000158089694525675,-0.000219154154328486,-0.000380176015437365,-3.1056206128278e-05,8.04023980055827e-06,-0.000112413335439076,1.6779424537567e-05,-0.000335223214089522,5.61293593393356e-05,0.00017859518672485,8.3964552612648e-05,0.00028040090644823,-0.000492170644305717,-0.000520741308084868,0.000202560215030251,-0.000265708219411455,2.7956647530563e-06,-0.00228010427687218,0.000828794737110464,0.00562514431694272,0.00298841363363722,0.00333146735189316,-0.00589026312690733,-0.0138041568261688,-0.00461419371888169
"541.586",0.0001451242969879,0.000198751666522052,0.000179563553105237,0.000186050055724469,-0.000262226533400271,-0.000141297898659789,0.000222667295445253,0.000418187366044291,0.000213129801938939,5.83052713634021e-05,0.000197894154021488,0.00011601929415809,-2.39789891967554e-05,0.000434249158995367,-0.000122917780279772,9.90975754029688e-05,-0.000322672930567546,-0.000127165005966116,5.15369770904411e-09,0.000324386070054152,1.97318212038762e-07,-0.000163861965509407,-0.000190756421548562,-0.00015888463840181,-0.000142210702693521,-0.000520273775984122,0.000481557456505014,0.000352516199095806,-6.39248363441034e-05,7.14103115730661e-05,-0.00032978234730786,0.000251378572307354,-0.00010326222578077,-0.000154307927891434,3.39470046013272e-05,0.000107502940976113,-0.000433870519898619,0.000241069640722219,-0.000147860860196885,0.000192656128405116,0.000558777599528803,-0.000342479864941043,-0.000218625395033304,-0.000150572066927432,-0.000767766797945494,-0.000181580795591401,0.0036049139340345,0.00711967521225132,0.00235909332523513,0.000937978419871426,-0.000790093120580518,0.00643907278750071,0.0155216453375833
"546.26",-0.000594328614080531,-0.000169854469326241,-0.000153514808296183,-4.24644667570378e-05,-0.000337354523702642,-0.000521479660144502,-5.08458108993294e-05,-3.64697277214212e-05,-0.000157155678141627,-0.000511604975256616,-0.000378971997163006,-0.000232820232427848,-0.000513357139241992,7.15163061467158e-05,-0.00068841442318893,0.000260782799148622,-0.000308525261494587,-0.000665398181022428,1.86859819694157e-05,8.88788681455729e-05,-0.000400348319483631,-0.000659705927468969,-0.000383979168704829,-0.000221960180122286,-0.000311641038192746,-0.000237357893838506,-0.00070278963759081,3.2342531913643e-05,-8.86426566983006e-05,-0.000446734737955772,-0.000458286293794822,9.4914115017929e-05,-0.000120050637100318,-0.000482254010427643,-0.000314737590266118,-0.000699889068025439,-0.000342073859544789,-0.000333178235143533,-3.21131947332781e-05,-0.00019400770526641,-0.000757664815851503,-0.00127294923599423,-0.00127843491777922,8.05318124542757e-07,-0.000375261557329052,0.00189392039117266,0.00828651628763688,-0.000446059653245498,-0.00255528835756728,-0.00162520212475748,-0.00249093519142113,-0.00435916395118502,-0.00899356556573873
"550.936",-0.000191892880811236,-0.000634492283961148,-0.00010002668107783,0.000154493458846657,0.000103512752548468,-0.000279423319960805,-0.000133113356272655,0.000189857568617672,-0.00033513447232774,-3.62742230688648e-08,-0.000342690111351406,-0.000320442641541419,-0.000533552692365779,-0.000144109428863282,-0.000623406593998297,-0.000301339087476954,-0.000294494289906079,-0.000644626059132006,-0.000348642221382553,-8.95562122834561e-05,-0.00017708066998756,-0.000239874411179653,-0.00028552117094152,-0.00030433862378054,7.64446344996377e-05,8.33770247826829e-06,-0.000178892913566634,-0.000211041550076849,0.000219698332851955,-0.000441727017157428,-0.000127348751985561,-0.000525697500772654,0.000137243963806077,-0.000222210294416481,-0.000393643032119329,-0.000560705744156883,-0.000411164935706234,0.00016271017278079,0.00020439518822829,-0.000401845714911731,-0.000233770600200279,-0.000360214081966249,-0.000561390207936316,-0.00117624607036953,-3.23090857911792e-05,0.00479761796787109,0.00246617684433403,-0.000528732861475675,0.000721489676532221,-0.00112580282730469,0.00353720701712552,-0.000566890618012829,0.00620539093588033
"555.615",-0.000135660945036448,0.000544858868449011,-9.03639975343836e-06,0.000583667590328149,0.000236937323136691,0.000335828534127116,0.000411675425804439,-0.000204178396295593,1.92300366459695e-05,5.93141967497843e-05,0.000535262791169383,0.000313351899298965,0.000148184230575494,0.000825814112529851,0.000234144287719501,0.000247695838350255,9.82965355240905e-05,0.000361506865492215,0.000207650237170855,0.000169835761843174,0.000147894643477435,0.000591649049796224,0.000562689085457239,0.000232968461054894,0.000110503952940414,0.000644060421675871,0.000325974758010322,0.000610033526503412,0.000211578815214974,0.000305948614266697,0.00040658533662234,0.000303253649340115,0.000201815573747954,0.000420846395685037,-1.70036691134232e-05,0.000199823618302082,0.00053697304253117,0.000427865319040951,0.000687563388556338,0.000552536540070311,0.000592060271595754,0.000549831762996052,-8.75885504541729e-05,0.000992337540815141,0.00295607318571301,0.0103172972943842,0.00179120359838583,0.000956800897764585,0.00239601176998354,0.00249016305281373,0.00717320687773895,-0.0032573279398623,0.0496415084129583
"560.296",-0.000511068833546773,-0.000121502807460308,-0.000192214123527342,0.00030176442005599,-5.17753165820922e-05,-0.000299783767954477,-0.000277640571275371,-0.000231278548283614,-0.000183147372999866,-0.000137036109862868,9.28972373176195e-05,-0.000212312646078521,0.000165124926646046,-0.000161045431870741,0.00017248947505401,-0.000326447019049601,-0.000238583385847789,-0.000181553619104256,-0.000597073067877293,-0.000260583901925008,-0.000405422021629795,-0.000306299290446719,-0.000129700858227033,0.000369048683166412,-0.000204839588717412,-0.000356483744855617,0.000474844253620153,-0.000318593434001522,-0.000195672874051542,6.48014360674198e-05,5.63168016340766e-05,-0.000160201530360264,-0.000113428556264143,-0.000629396725620776,-6.89214957735935e-05,0.000118248152757544,-0.000240399551656857,0.000337579576317875,-4.29040312894258e-05,-0.000727713552505728,-0.00047019365296177,0.000149426953010899,0.000612550112322181,0.000208237325007972,0.0043723016590952,0.003611495431723,-0.000583161135238487,-0.0014923385735539,-0.00163593615757499,-0.00484599100360885,0.0019324220947535,-0.00847448420315921,-0.00956903449575048
"564.979",0.000802808666460342,0.000255721680324382,0.000221752854268149,0.000174104344879553,0.00039074559549465,0.000405858925391665,0.000209196532014537,8.19790006491208e-06,0.000215204205162187,2.40451784634128e-05,7.36987824120533e-05,0.00013488735615878,0.000583341207845457,0.000381886311512193,0.000158194629101222,-0.000423528340398746,0.000257383553780222,0.000645503223552277,0.000353878060640647,0.000222801654411905,0.000718953384720781,0.000383901271688747,0.000205632338987459,0.000426880550813619,0.000223899850996338,0.000359872459765407,0.00056167701153108,2.46462364128814e-05,0.00062660107648548,-0.000203785424706811,0.00012928536547975,-9.7100714275657e-05,0.000188288822944334,-0.00022562808545636,-0.000182366710780367,0.000330702429102421,0.0007382695642324,0.000660282970500284,0.000131061950817745,0.000455206621985751,0.000837581202867569,-0.000309970391233247,-0.000328890827898108,0.000620622111835369,0.00890153038441235,0.00250181651038948,-0.00147527598068238,0.00226105345911773,8.9671132295327e-05,0.002807086327746,0.00204683372923379,-0.00544120223680042,0.0111284660417361
"569.664",-0.000427364059358948,-0.000967951077749754,-2.78129695265376e-05,-0.000437442532489783,-0.000269976160656329,8.19785746524228e-05,-0.000130639808498588,-6.87092070237335e-05,-3.62147448665148e-05,-0.00019984706128092,-0.000431490139534217,-0.000511669504833069,-0.000386122751983551,0.000114585772284359,-0.000493947758778574,-0.000379235106168481,-3.34216843027903e-05,-0.000773236812677261,-3.85004706316478e-05,-0.000397540177024381,-0.000492830995882419,-0.000188697689919277,-0.000555592334049864,-9.20837301919544e-06,-0.000199507102534058,-0.000421483189969058,-0.000582318515645976,-0.000232440131274437,5.83574560476749e-05,-0.000229897953034955,-0.00036625380589041,-0.00026060327698021,-1.65109001779746e-05,-0.000218866309144042,-0.000192616220394075,-0.000175813369554116,-6.85054212796647e-05,-0.00051952134754128,-0.000252125495612587,-7.00178879889175e-05,-6.23783379945777e-05,-0.000448642111142901,-4.2506760653478e-05,0.00403287240134083,0.00492410267910157,-4.55386642157401e-05,-0.000623788165989217,-0.0019144564870056,4.20322765527399e-05,-0.00531712031772469,-0.00422104091342838,-0.00117361051772251,-0.00340995271623247
"574.351",-0.000628849500269865,-0.000197090951258373,-0.000553442594233501,0.000301950916198055,-2.71442980400464e-05,-0.000355064171531983,-0.000179694751869971,0.000207103491492472,-5.21432141063014e-05,-0.000134373312363832,-0.000251363714436089,0.000451672481552511,-0.000338255422162095,-0.00043750455459838,-9.63365699345829e-05,-1.58282046077057e-05,-0.000371162051825447,-0.000239294090411654,1.94436882628322e-05,-0.00045202428364886,-0.000374908937662524,1.91222364252142e-05,0.000114017521139641,-0.000350872715127034,-0.000306127847630269,0.000212635953432704,0.000419726263377405,-5.01331375022463e-05,-0.00025900918276679,-0.000323043902929698,-0.00020491170920585,-0.000689825107455236,-0.000481852434229357,-0.00039883582194793,0.000212337235408781,0.000215142488506286,-5.8942971950551e-05,-0.000355894709508446,-0.000209617258998217,0.000119270085648022,2.63303110563681e-05,-0.000314393561371347,0.00226505714222348,0.00613938750555287,0.00222785961516958,-0.00121702806196543,-0.00152812320013008,0.000585291209683932,-0.00284651137677484,0.000283682241313511,0.00259636393657538,-0.0015760278838963,0.0196742394587657
"579.04",-0.000693588915921709,-0.000219914879154684,-0.000255093782949858,0.00031437968443458,0.000218470819713658,-0.00017605018356385,5.39372174642409e-06,-5.12294665631652e-05,0.000105069517810692,-0.000123257245101394,0.000212726582487368,0.000366165187396859,0.000307563694351949,-0.000249873393761638,-0.000299953315634994,3.21188823843357e-05,0.000408488270035646,-0.000143075967774785,0.000313716749469016,6.20337127856169e-05,-3.05686781135433e-05,-0.000374380700126432,0.000354608823015686,3.71406240129474e-05,-7.94220331870438e-05,-6.84865075619417e-05,-0.00040635315958558,-5.07323686178708e-05,-0.000194227385254943,-5.82683372830524e-05,8.29055398874534e-05,0.000207223767397317,-0.000285137169048311,0.000265841202287348,-0.00035627597258319,0.000301140214041842,0.00022882271451847,-0.000380380587875094,0.00017878935277162,0.000526607272107205,5.24876822413718e-05,0.000364436912164453,0.00332399241688136,0.00344542606606442,0.000401910619663702,-0.00024890236402438,0.0010297226956643,0.000482106713488617,0.000416409290619035,-0.001111229951312,-0.00219947957106098,-0.0115565582212227,-0.00198183980263848
"583.732",-0.000331416855854967,1.10442520801035e-05,9.67468889809444e-05,0.000137455821427261,-0.00052429260758836,-0.000299755388886649,-0.000273941399824807,-9.37761926520232e-06,5.28614440269295e-05,-0.000508583849573009,-0.000214124164275432,0.000319277306852646,-0.000326708249381347,-0.00016764966136837,-0.000505928404710453,-0.000250871979787369,-0.00011133536440988,5.4002513760238e-05,0.000226894636127076,-0.000480062709520604,-0.000504606469524123,-0.000367472729348824,-0.000501496038920442,0.000290489177460659,-0.000373179652110557,0.000163920048425319,-6.82559848660743e-05,-0.000178599625352786,-0.000196111425763183,-5.8935586807746e-05,8.32737368809862e-05,0.000108327374176576,0.000151876402122019,-1.1113449221304e-08,0.000618761267936368,-8.53057876903305e-05,0.000120374477129051,0.000106640747511542,0.000326312991497796,-0.000287891336852316,-3.76628342815787e-05,0.000746320441507582,0.00819448876032679,0.00112069348328952,-0.00113083518491655,-0.000731974182240221,-0.000120837000441484,-0.000363090263765718,9.04775711616686e-05,-0.00429720454487386,0.00063280629160438,0.00340792556553234,-0.00199811962654939
"588.426",5.98368514389632e-05,-9.55362346376177e-06,0.000509769167653704,-0.000286547678930789,0.000397065768765525,0.000165288766397221,0.000215981687774607,5.17329681374619e-05,5.84662467026682e-05,0.000249369232344769,6.94833384562491e-05,0.000411459971070235,0.000267898559036094,0.000160086072185607,0.000163995389751055,0.000227638620405095,8.60753254003006e-06,0.000542730121299519,-0.000466121685689577,0.000209784000901617,-4.14351115663871e-05,0.000553516160782181,0.000474992550601676,0.000207288954892931,0.000366133364530492,0.000121496624267134,2.55884472773619e-05,0.000324792128712061,0.000196436501040079,-0.000363777541176478,-0.000100752030704906,-7.53495490978009e-05,0.000322170389885913,-0.000121447763993891,0.000306536035013697,0.000342617531153179,0.000241615194023972,0.000727624366387874,0.00111850888155213,2.51602408977594e-05,0.000325129802029435,0.00256502635446386,0.00548836563839054,0.000558339341622283,0.00118115999947668,0.00106765285861213,-0.000395165606832099,0.000566018177045782,0.00356302245215301,0.00112963221511321,-0.00169562199042756,0.00342599211858593,0.0285840564857015
"593.121",1.59084596642808e-06,1.26888661693093e-05,-0.00011349456790182,-6.25038127536103e-05,4.69693206117399e-05,0.000570417310683148,0.000314717762963721,0.000127524531295064,0.000149575003713705,0.000194227868642276,0.000369774969311747,6.60956702857277e-05,0.00081619271939641,4.23394539472393e-05,0.000304941148953253,-0.000220731483226034,0.000147065339902532,8.18193573111801e-05,0.00060797337744817,8.40315157359529e-05,0.000155820986289991,0.000331818312199375,0.000370188585434481,0.00067209011661625,5.38187211251976e-05,0.000322607984080809,-0.000335747978374523,0.000145985515569304,0.000772910527688473,-9.34022576333001e-05,0.0003199541018756,-0.000193828678977897,0.000792979200316938,-0.000278672700539973,0.000380687437487281,0.000602697322834259,0.000678232491131476,0.000397969631438603,0.000795211746843554,0.000244652499225966,0.000944619256453715,0.0058672261748402,0.00389433584806033,0.00135391336295929,0.000742878965222516,0.000537128283788091,0.00182166547872834,0.00116584557237567,-0.000239268880083983,0.00293859518581612,-0.00649718884251969,0.0164075315931658,0.0277302186898118
"597.819",0.000820741189087637,-8.36722728873515e-06,0.000214322332161163,-0.000145590835690467,0.000275288179338079,0.00015257333114711,0.000136482144102443,-2.38162565665572e-05,0.00060185795579937,-4.4124379296733e-05,0.000547414469329354,0.000640843719235876,0.000594118279464039,0.000485582896566228,0.000829198086491159,0.000731897877817379,0.000522270652252096,0.000411551793962528,0.000671793709559414,0.000424463418663101,0.000816306830225778,0.000510838743039687,0.000519469311159758,0.000657015449254409,-2.70804802874767e-05,0.000201799676787656,0.000935232580288964,0.000795058916784193,0.000786595932609366,-4.26432723606343e-05,0.000889521354128182,-2.28416471220803e-08,0.000583209978682059,0.000157948956015436,0.000692762585163243,0.000991376131728472,0.000601089787433325,0.000995450065156992,0.000789431794103235,0.000637418305582945,0.00412846450505569,0.00614300849568003,0.00180029881740706,0.00179794996279061,0.00179217005986172,0.0016202611747655,0.003662342530715,0.000455105804591138,0.00245020477188001,0.00134367203319085,0.000322663952029585,0.011412405580896,-0.00406598841905243
"602.519",0.000307310339679214,0.000401596960757954,5.89983384961768e-05,0.000330883889701677,-7.91891078213961e-06,-0.000307419595157898,2.75172239860272e-05,5.74936831364826e-05,0.000189576660910287,-8.25893241785925e-05,0.000374966335627215,0.000545170912117191,9.68787573118747e-05,0.000163132648821719,4.17493865053021e-05,-0.000174039526728789,-3.50891586981452e-05,0.000470085387875543,0.000424429529784308,-0.000363262907999405,-7.39116097362017e-05,9.72990251234219e-06,-2.96116859938692e-05,-9.58072595785595e-06,0.000363994005099552,0.000274123355784834,-0.000218030085669103,-7.83055866251187e-05,0.000147926729122667,-0.000413576386862368,-8.52313796283942e-05,4.28341908023959e-05,-0.000155498360709593,0.000468082027390736,0.000395179246014604,0.000222930897669771,-7.15399339418449e-05,0.000252143842540667,-0.000608452648202564,0.000672384461843952,0.00625566768605212,0.00347670436358193,0.00131888061673165,0.000183598611733617,-0.000149012675564883,0.000317706532490284,0.00188086171490008,3.90815812675066e-05,0.000677961139792391,-0.000271518856624871,0.00259164332879921,-0.000411609913540213,0.0112500256749917
"607.221",-0.000668069008092344,-0.000271863912399139,-0.000285613401343221,-0.000194570283483854,0.000167859827610329,-0.000110627607646644,-0.000338652321013986,-0.000154645994342121,-2.18570626180645e-05,-0.000205123973606639,-0.000264035698682368,-0.000118497754516588,-0.000497403595212366,-0.00013861238880923,-0.000438515511454403,-0.000685755894951361,-0.000619635166030693,-6.51047099909372e-05,-0.000142750040985219,-0.000269725352486482,-0.000660154919685593,-0.000649252403579157,0.000159490717953014,-0.000561626404693371,-0.000468318806974022,-0.000508542266905436,-0.000493107157170879,-0.000342839529872734,-0.000228673562948405,-0.000286858666227476,-0.000525276252796624,-0.000508591964345816,-0.000383906932010291,-0.000320699470575689,-6.47822181827314e-05,-0.000645829907724702,-0.000672572787136351,-0.000218215679360789,-0.000346467516370487,0.00182140779380918,0.00540301859396898,0.000193612597386077,-4.71887694252348e-05,-0.00175372805338441,-0.000584064408739755,-0.00090159368314034,-0.00191445427188713,-0.00152979660882215,-0.000977230551717002,-0.00642394549139143,-0.00828186175398279,-0.00290135555678308,-0.0407516792932639
"611.924",0.000681291151066301,-6.58554633432346e-05,-0.000318332068492466,0.000234018927510249,-0.00033912543747076,-9.83828281783086e-08,-4.48703147885368e-05,-0.000278137109665349,0.000286929501477611,-4.53012678550319e-05,0.000158410264906221,-3.42030048405592e-05,-0.000403756855762579,-7.87187834835204e-05,-0.000161806684576572,-5.90693371354973e-05,-0.00033064120127276,-0.000291061711865169,-2.06387702911287e-05,-0.000283276060572709,-0.000547981208146519,0.000151027595774398,-2.01668320531995e-05,1.97807186912943e-05,-0.000380176516412761,-0.000135138252475931,-0.000302439900970763,-5.32445882464113e-05,9.73629573236476e-05,-4.38451581501163e-05,0.000182568076145463,-0.000148045257085949,0.000325782940368458,0.000224870270877448,-0.00025277220368906,0.000404953806216331,0.000470800166808623,0.00014590655285257,0.000825726050461227,0.00538100373343584,0.001893540476621,1.56890078018596e-05,0.000663511800877885,-0.00040970821443786,-0.000236389290675151,0.000672849862001224,-0.00168239253322444,0.00150642870920958,-0.000986562498204799,0.00075724119646932,-0.00693153422863749,-0.00502274230849898,0.0228995043496543
"616.63",-0.000735577120799272,-0.000367311439276629,-0.000301673246891066,-0.000170407636560431,-0.000473502569590394,-0.000158417167652073,-0.000493092527475378,-0.000103603428243106,-0.000446303373446795,-0.000294472632952904,-1.46002509470771e-05,-0.000509718133667133,-6.34125820111842e-05,-0.000185726093359194,-0.000327180846551117,-0.00014519785090094,-0.000515064368825502,0.000322842674205086,-0.000593362945852424,5.51913330542247e-05,-4.37047043741694e-05,-0.000142817367661175,-0.000478244308635507,7.91668314415789e-05,-0.00081558355273726,0.00046437721445827,-0.000404625954473202,-0.000188510156216273,-0.000314458551914727,-0.000577182056998955,-0.000105512273150599,5.26412715642982e-05,-0.000329336985243556,-0.000181732866902575,-0.000369231673377997,-0.00056927495285713,-0.000263387182460459,9.14210483602422e-05,0.0017001484193893,0.006128005027697,0.000997740815883055,-0.000294762063936978,0.000311466172151209,-0.000791554109690387,-0.00142871233407453,-0.00137495588830275,-0.00234541969577661,0.00140582560163567,0.000598605244744504,-0.00104488606805039,-0.000111172466700204,-0.000424551832027441,0.0057837195875523
"621.338",0.000126037880452425,-0.000112233103591234,-0.000293939288930782,0.00053430867438196,1.64501289763094e-05,-0.000638222069727923,-9.13884751324528e-05,-5.46917311716046e-05,-0.000123687835662205,-0.000237426283897752,-0.000264503034435566,0.00021761239979058,-0.000146440620686263,-0.000213922545485247,0.00050320377915053,-0.000361431273997059,-0.000182147224219011,-0.000220094653437183,-0.000230831979876159,-0.00089870212340754,-8.75139010775186e-05,-0.00038026112561519,-0.00015377408487309,-7.97105592330167e-05,9.42024783805896e-06,1.83163954236676e-05,-0.000552862577231599,-0.000379775653320349,3.61115697833696e-05,8.04142947197195e-05,7.96969628890183e-05,6.20578534309787e-05,-0.0003679544600514,0.000357617230218365,-0.000200150975356432,-0.000231178653138368,-4.14386858839605e-05,-0.000323657658650059,0.00427745480325512,0.00294905240490865,2.80040938153385e-05,-0.000549830723326363,-0.000263334512350173,0.000912502092836467,-0.000298355901567515,0.000356096676257333,0.000583376325504833,-0.001141407550662,-0.000804383662071519,-0.000141183386335215,0.00156968758456264,-0.00959525845705941,-0.0265370117021978
"626.047",-0.000419121222331921,0.000192577210951057,-9.20275871407957e-05,0.00011563638600683,0.000448536947328221,-0.000214717397633844,-2.88323126621816e-05,-0.000135591942250001,-0.000147603725190726,0.000366224864653776,0.000163145744100316,-0.000167021811852733,-0.000166180894629174,0.000440966271444226,0.000113862273473854,-0.000165087424241623,0.000257489712299946,5.79790306828739e-05,-0.000211852941378623,-0.000257559047704255,0.000342715456002611,-0.000238532820085551,0.00010352564421981,-0.000462660941779019,0.000162165408872769,-0.000426323308263978,0.000192146203032279,0.000200872696794678,0.000383501045534336,-0.000641101744627713,-0.000178839148530117,-0.000402972974652592,-0.000181133665396351,0.000175851827187348,5.80124177672603e-05,-0.000141421567602865,7.66105169086168e-05,0.00201386210630649,0.00483296115138615,0.00180249015660774,-0.000110238044717322,0.000121192640361479,-0.000498633303916288,0.0012104464211354,0.000239072280131099,-0.000323244852673528,-0.000522820652895295,-0.00150970839176931,0.00121815340434788,0.000568104918341318,0.00215072770131461,0.00452072778623598,-0.0214191707594585
"630.758",0.000949931568158837,0.00051507656881538,0.000310109237413642,0.000525792033177245,0.000587753080077415,0.000480608751628127,0.000419677195378229,0.000517672727642717,0.000114759720439638,0.000343234553831388,0.000434726597396296,0.000195481473033489,0.000624805486788324,0.00080043738693518,0.000354180109420038,0.000298522531635403,0.000427517899058865,0.00105461354670754,0.000214120363297547,-6.80929763351493e-05,0.000335479584965366,-0.000408855375040113,0.000439565120360455,0.000518468371716188,0.000366333938784926,0.000571293609863744,-3.70159407129467e-05,0.000931861065175659,0.000950308977829739,0.000474723538948003,0.000515515386683642,0.000660674423697438,0.000430349880846288,0.000140233519885017,0.000194990521234453,0.000576656894487122,0.000502590931613417,0.00355899162124098,0.00451377879802404,0.000810242474977487,0.001427118200486,0.000683858318948049,0.000623565773114781,0.00157415380971275,0.00123851029066592,0.00200226008207144,0.00290883094815526,0.0020885836911296,0.00323221063308261,0.00538049030169433,0.00251748868550828,0.0102260319781019,0.0221835863485104
"635.471",-0.000711314347617122,0.000230743860332179,-0.000489861285103818,-0.000137381896782904,-0.000541300766726398,-0.00021887315077373,-0.000234961177932669,-5.11659250141203e-06,-0.000346959922998165,-0.000725653762097536,-0.000324756702403859,-0.000438744793283948,0.000140953847223628,-0.000311634661019139,-0.000401456751718957,0.000132753162876821,-0.000767955542502373,-0.000491995080331793,-0.00111118286497274,-0.000456687349299385,0.00041650209937612,-0.000348773755839449,0.000158160573717437,-9.21593265580515e-05,-0.000165151321248721,-4.71800088627849e-05,-7.45839986182666e-05,-0.000520706661786579,2.77957520226169e-05,-0.000202556036970257,-0.000273313346165386,-0.000154985683399188,-0.000101594433111125,-0.000433582785860464,-0.000333050531341973,0.00032280934251863,-5.02475172043902e-05,0.00489026410648138,0.00148517343781673,-0.000275319553654704,-0.000521257382244725,-0.000152070104970412,-0.000489643855287487,-0.000542167195215257,-0.00134813244373637,-0.000137512231158845,-0.0027306172284492,-0.00133532059541098,-0.00274041057724552,-0.00361374791999144,-0.00299733455521267,-0.00877023910504456,-0.0169003096174167
"640.186",-0.000310858126308574,-0.000219564113049156,6.26515601228999e-05,-8.84359153883808e-05,9.32796014581614e-05,0.000164419712928762,0.000282466807776382,0.000230551233553959,0.000278033285715309,-9.5123491745431e-05,5.30053536719417e-05,0.000484397914674232,7.55975238116177e-05,-6.42815558801804e-05,-0.000160873517775418,0.000248182989189021,-2.81668495049817e-05,-0.000207033626378379,-0.000118865713478672,5.72503610541515e-05,0.000485134520430825,-0.00013742187816544,1.05801901920393e-05,-0.000287440838237023,0.000360175985068212,0.000567456159962213,8.41470566073399e-05,-1.85206126809579e-05,-0.000149121300591546,0.000304106890233532,-0.000118688108235512,-8.99264145092212e-06,-0.000166102191863184,0.00025535618073757,0.000246556719676291,-0.000236043058019001,0.00237772357900565,0.0043129472721297,0.000838158041467545,0.000356169988445409,0.000466644777244273,-0.000275139958046744,0.000106405972044563,0.00147173325973581,0.000392459425069204,0.00130194084504938,-6.71699866158192e-05,0.000406039128123849,0.000362625008557034,0.00181225923280931,0.00577656736406756,0.00307476128289803,-0.00982718037411819
"644.903",0.000380127431057704,0.000467563273704165,-0.000147824815408406,-0.00026844368415234,-4.28192177838901e-05,-0.000158263729355317,-0.000148785664657485,0.000259107519360716,-0.000333990247628768,-2.06170811073584e-05,-3.051334354931e-05,-0.000172286745332073,-0.000314122766926751,-0.000195043421805294,7.24113890026237e-05,0.000179291142486935,-0.000227756377972631,-0.00014956146176785,-0.000120266353353921,-0.000173446843853188,-0.000216667034618843,-0.000321361093112853,-0.000705201475109703,-0.000622901466332601,-0.000226433438296227,-0.000162640432337147,-0.000141471955192255,-0.000188402969976257,3.7743994277371e-05,-0.000205034567136734,-0.000101347780502618,-5.53630379357367e-05,0.000168422316576048,0.000248784431382581,3.05310515102469e-05,0.00063323455688236,0.00382787406179159,0.00148891142767885,-0.000385299116255789,-5.2801594467176e-05,0.000800226470969412,-0.000262270998293359,0.000556546676831016,0.00010125419675136,-0.00123117133614686,-0.00117565875088981,-0.00185614388403109,-0.000779330014645299,-0.0026723024516325,0.0020534828255525,-0.0026865792781661,0.00999983287455887,0.0105124467667644
"649.621",-1.34865521997084e-05,-0.000545127314421954,-0.00049263548032175,0.000120880988023226,-0.000182502216114549,-0.000321236594829902,-0.000132806146741193,-0.000304788893454019,-0.000261424030793657,-0.000153327055965254,-0.000380343318599392,-0.000202477499216042,-0.000115901333009616,-0.000442706224235047,-0.000449223422317471,-0.000627327601416167,-0.00065445831325401,-0.000637058029966915,-0.000665203366520142,-0.000258082049438997,-0.000717408657033719,-0.000401564243397581,-0.000509360184540493,-0.000884526641047657,-0.000429325826064652,-0.000223173415737988,-0.000516890352160434,-0.000640043429373493,-0.000984027634760166,-9.44879942894491e-05,-0.000365276517345205,-4.68783739485235e-05,-0.00014208312645977,-0.000377428775073982,-0.00076508388461001,0.00181729151202475,0.0025481214607852,1.35372736334044e-05,-0.000365535708830045,-0.000999793889606887,-0.000738293624119817,-0.000814419595934028,-0.0006904320384329,-0.000922406388010763,-0.000211683950032345,-0.00167466157782164,-0.000547263057942528,-0.000166282620804758,-0.00111598824110019,-0.00289699810064285,-0.00248846597991926,-0.00563323886450468,-0.00896097401811896
"654.341",-0.000702040094950957,-0.00018029721277177,-0.00018473170946611,-0.000163640268905123,-0.000247115282887731,-0.000171135669714995,-0.000263587459402765,-3.73928687742933e-05,-0.000386214967663698,-0.000297262806959758,-0.00025211353944575,-0.000224205350523389,0.000294294121856558,-0.000124351379944452,-0.000828631603401865,-0.000267733701011914,-0.000283460381168466,-0.00074965795747141,9.01060725045952e-05,-0.00133392696720125,-0.000716605193786474,-0.000639305630055066,-0.000440212693600162,-0.000866127500113355,-0.000456216640527301,-0.000600814416161611,-0.000544441936932143,-0.000601522818721499,-0.000562693045902428,-0.000374313518666738,-0.000399455690437675,-0.000523189413337137,-0.000375028302461213,-0.000540538460076734,0.00040479043104266,0.00359352662492132,0.00160277536163143,-0.00109154517339464,-7.60476332139586e-05,-0.000823178619096583,-0.000293684018900984,-0.000664266244744884,-0.00130427076178959,-0.000631574904771192,-0.00141153208591209,-0.000172516533835568,-0.00166787084349205,-0.00190023116363306,-0.00285978598383785,-0.000525013465418525,-0.000480728669982082,0.00137317018223363,-0.0353000646783299
"659.063",-0.000707513885641065,-4.84217042118514e-05,-8.7617312950281e-05,9.30660394512887e-05,-0.000311466859040812,-0.000287532280064056,6.20560301239505e-06,0.000123779288053577,-0.000133910242160164,7.85060266932535e-05,-0.000413244562493632,-0.000376731119011546,-0.000474502960974754,-0.000192922841130107,0.000150278926796143,-8.37215263849561e-05,-0.000512561769010731,-0.000248564512124268,-0.000238381422514846,-0.00024004349505664,-5.90628414293245e-05,0.000111418547782175,-9.97912659663546e-05,0.000129222249726583,-0.000265735916096818,-4.94806358636897e-05,-0.000107791437029813,-0.000234801650624724,-0.000723514977247388,-0.000299896496019245,-0.000412066349174994,0.000345798218893871,0.000224060543474995,0.000526845296050632,0.00184514934353736,0.0028674031234583,-4.43302020506178e-05,-0.000329272492006067,-0.000710165382337831,-1.33463473644031e-05,-2.8529480985403e-05,0.00124793747795922,-8.64001109576549e-05,-0.000328433350396901,0.000144929276550854,0.000291603531693876,-0.00119109328761522,-0.00102178138015796,-0.000652925123121287,-0.00143929758913118,-0.00327480099997115,-0.00622802084456056,-0.0321369080877241
"663.787",5.59895155226114e-07,0.000603290395182245,-0.000389207450210363,0.000575925548666967,9.94484452110493e-05,2.50761872982455e-05,7.52454369689873e-05,1.09056432550047e-05,-0.000216063755892108,-0.00010858026307368,0.000362928624296496,-0.000229169120753482,-0.000270591288285113,5.86964621910928e-05,1.09119432609509e-07,0.000160599263617209,-2.00036336054795e-05,7.35061283648174e-05,6.91241365655874e-05,0.000231601972484601,0.000156449944436738,-0.000326834859847995,-0.000101233266546099,-0.000273583733586582,-0.000186641097145436,0.000443361706820191,0.000129399281575555,-0.000327285955492714,0.000159341065060372,-9.78696638206148e-05,1.01128392140058e-05,1.01048156753632e-05,0.00051282287457225,0.000546902545891977,0.00288802519144004,0.00146639451976142,0.000246334100444562,-0.00039628414499749,0.000210394879503668,0.00032367695660522,0.000618800672288212,0.000464591467456659,0.00020022128464025,-0.000625111442611102,-0.00112467352395909,-0.000293757139194719,0.00156460397795236,0.000561873958441953,-0.000772715100455158,0.00162311326678851,-0.00147553516075876,-0.00467734106710644,0.00991456691959774
"668.512",-1.38695211009075e-05,9.91699240050688e-05,0.000179230280236554,-0.000527503049185521,0.000236689574373051,2.91801578017993e-08,0.000259013385565138,0.000131999693944288,-0.000335832043173321,0.00021882141805347,0.000487346870843072,0.000144446729447496,0.000273093232249233,0.000226735680637696,0.000585345068904555,0.000114185347396734,0.0002517887800229,0.00048682014669569,8.12051064239704e-05,0.000258154952095403,-0.000229959625684135,0.000499969703021825,-0.000215444955227225,0.000341598105349173,0.000731449310624007,0.000507567089339343,0.000140224806078761,4.00449547022392e-05,0.000450054491530254,0.00047461856319964,0.000804018536549277,0.000324246709581393,0.000119645389855772,0.00122871902905467,0.00463453188407637,0.000926625502434552,0.000613330127313635,0.000625951625320271,0.000277841928419852,0.000382570434956335,0.000533676738635113,0.000152586238901038,-0.000510281846896386,0.000630596656154324,0.000666440185450915,0.000475613345776435,-0.000751854240145839,0.00147995630735803,0.00216827978880318,0.000857235042552466,0.00483685575214197,-0.00212277791904561,-0.00526647726851812
"673.238",-0.000867667774548575,-1.61189140253495e-08,-0.000462384787970671,-0.000753653185273055,9.02333974964886e-06,-0.000372032897872761,-4.44762415071036e-05,-0.000265630272907953,-0.000350357642134041,-0.000300859218781726,-0.00048213961660957,-0.000464922220301078,-0.000610479722201843,-0.000247935571463998,-0.000250978528774195,0.000162663948284671,-4.05191015226859e-05,-0.000532357899708572,-0.000688709755765362,-0.000283753326382938,-0.000195075617192111,-0.000663003960164041,-0.000661778029417331,-4.43576908835743e-05,-0.000536082509830293,-0.000296186249353294,-0.000534422877454974,-0.000331933259679842,-0.000100478190866352,-0.000646895261770768,-0.000413828012258528,-0.000492832191171475,-9.753831993509e-05,0.00232565056552607,0.00148618131959111,-0.00054817697914945,-0.000355713492400265,-0.00074194477025259,-0.000305200440893038,-0.000980459352532441,0.000156399947406631,-0.00165370698914873,-0.000385112854959804,-0.000253475609683179,-0.000421485645406884,0.00140514190479537,-0.00111668748298323,-0.00389706022968289,-0.00274113175974189,-0.00390936172692421,0.00224556018610475,-0.000475097108459682,-0.0377794340869936
"677.967",-0.000296269492073963,0.000263822595046214,-0.000204494788360705,0.000556025798381324,-7.37487810177809e-05,0.000280879122641885,-3.84212695808015e-05,5.57870292686464e-06,0.000195382414326047,0.000295673991143887,-0.000205825615369368,0.0005952986062477,0.000420028371141101,-0.000419587955262593,0.000174950608156267,0.000298927238485384,3.06431256027798e-05,6.43397044168808e-05,-1.1739614498915e-05,0.000683994823635674,-7.36885836558518e-05,4.54243626303531e-08,-0.000379300488406915,0.000156377175364728,0.000190601149914077,-0.000257212130848326,-7.10723663219922e-05,8.11632335766025e-05,0.000121508141916429,0.000260638973182876,2.11059081810423e-07,-0.000287584157417129,0.00155882071304731,0.00316339612786425,0.000546743198166059,-6.73548865481671e-05,-0.000358114928402638,0.000291782478892758,0.000161071037581988,-0.000627914773899414,0.0006944192918829,0.000184103206234588,0.00110916058068667,0.000212871227079833,2.46103603037659e-05,2.99762647205005e-05,0.000435550106433879,-0.000309069698997319,0.00169052363883979,0.000154090324296228,-0.000628876540605931,-0.0019122167999329,-0.00893399777350118
"682.696",-0.000241466274183138,-0.000241145909476179,-9.17383523476989e-05,-0.00019430903466214,-9.29928075932103e-05,-1.6939048855584e-05,-6.44803327317286e-06,0.000146446251382626,-0.000254936628998319,0.00031391335362115,0.000158431039538392,-0.000315497902967662,0.000342107224223583,0.000484873055819345,0.000108257946501939,-0.00021438628550489,-8.26452567091649e-05,0.000650661406082122,-0.000451756031221668,-8.75521939102458e-05,-0.000260284852962667,-3.48018575046237e-05,-0.000429957708907468,-0.000406640103757549,-0.00017121381399802,0.000218670210016398,-0.000513147406701822,-0.000194525102626624,-0.000173434723747133,0.000152517583340893,0.000342157388928367,7.21912394831747e-05,0.00297908519030722,0.00188990471175099,-0.000150469519205566,-0.000329710017813154,-0.000482247665973417,-0.000435069159329452,-0.000364232903613069,-0.000488192158469528,2.06334329369952e-06,0.000371711735159687,3.77929611731887e-05,-0.00075299962487791,-0.000327305152658914,-0.00130803228265539,-0.000476854736299037,-0.00173891262024278,0.000854208004761243,0.00430733259076226,0.0029242257153472,0.00121227896658649,-0.00719107555882783
"687.428",-0.000416633842156705,-0.000179390287972453,-0.00025450352989988,0.000163315020225316,-0.000441179618075762,0.000511489090248247,-0.000130377566105089,7.38108579016041e-05,-0.000160363509257995,-7.52622441490034e-05,7.53949742313264e-05,0.000238371732558427,-0.000354669573196816,0.000640841462071009,-0.000198006943814424,4.91154291964019e-05,-0.000124717489888804,-0.000109196672432162,0.00015563623493375,0.00022786417481783,-0.000687441798181644,-0.00096176217495786,-8.1939033086779e-05,-0.000261385781352755,0.000905587393158727,0.000136091012951645,0.000279122750810739,9.28398401374781e-05,0.000484974711884027,0.000173876920798592,-5.01291414382664e-05,0.000756209042207676,0.0027639269107284,0.000629398703757258,-0.000272085432712631,-0.000206646057886436,-0.000620027392712031,0.000116186901667817,-0.000270891628997824,-0.000419569295557065,-0.000171526662539243,-0.00062875796300542,-3.79151708574955e-05,-0.000368572792128368,-0.000407274962168682,-0.00131900372868067,-1.24376577507188e-07,-0.00152736551029302,-0.000688449499002622,0.000722641844297077,-0.000384630979818787,0.00194702715241426,-0.00424167098162578
"692.16",-0.000188036040813006,5.14724211349304e-05,-0.000453362636598611,-0.000481525733244388,-0.000150943156113873,-0.000139415233457258,-0.000288352316946015,-9.13005641016145e-05,-0.000225788498580962,-0.000242153296222599,-0.000454992752770132,-0.000569453270422654,-0.0001362076384996,-0.000214773830572011,-0.00059727899947145,-0.000227078141331209,-0.000219445887941845,5.48905113088205e-05,-0.00063794768571308,-0.000623896434327476,-0.000515167731534418,-0.000330230938499349,-0.000576551625073329,-0.000480137125761972,-0.000466111217989889,-0.000589654287353385,-0.000945982588795358,-0.000560239794777474,-0.000466845433125445,-0.000646202693459022,-0.000273424898382544,0.00248726779747505,0.00106036994775737,-0.000830838543177454,0.000164466712497733,-0.000750695898317389,-0.000512828051556568,6.55236585316515e-05,-0.000504017838406546,-0.00108312321925961,-0.000959026777461474,-0.000101948145096265,-0.000889027517522884,0.000610306009685114,-0.000332166209480587,6.4952029352628e-07,-0.00152322815381256,-0.00320637514249033,-0.00167280921262335,-0.00258014966285685,-0.0105486511150603,-0.00978588929742848,-0.00061724325965019
"696.895",-0.00116244281589688,-0.000155332027804431,-0.000222386936282495,-0.000187382967840107,-0.00089331095904988,-0.000254452608326618,-0.000409098747373336,-0.000247033671634044,-0.000415727667070598,-0.000502833145816028,-0.000491956102234781,-0.000130758307733557,-0.000855245486892652,-0.000185341212252434,-4.00493064244477e-05,-0.000735475659078601,-0.00071542987672998,-8.84338169134662e-05,-0.000557440079779358,-0.000371798635521764,-0.000455339484243111,-0.00109224048845503,-0.00042643705356202,-0.00027633003169614,-9.82021440435049e-05,-0.000307343278539276,-0.00035576877462048,-0.000449139593398839,-0.000124773549009504,-2.02561492197039e-05,0.000375244488436795,0.00288516839669905,0.000510262253156187,0.000127459368516207,-0.000682736634456106,-8.11257622406804e-05,-0.000774767100727842,-0.000181287224398303,-0.000671745876902487,-0.000559798751522423,-0.000569895239513485,-0.00020569334900645,-0.000494464033400822,-0.000460833562619053,-0.000360470277328142,-0.000651130587329358,-0.00198261246762516,-0.00118157938573902,-0.00174228831877538,-0.0020317402219334,0.00103621470391636,-0.0273388600634391,-0.0171545767114901
"701.63",-0.000102907097064197,-0.000666362749743424,-0.000212511900093498,-2.21964870248369e-05,-4.81342808516465e-05,-0.000663745702066898,-0.000192999869283005,-8.69222399154072e-05,-0.000255431482708261,-0.000184386462789472,0.000171097939676258,1.01321656485683e-05,-6.38464717876487e-05,-0.000176520095991603,4.03932341223085e-05,0.000380907896482235,-0.000541047485656129,-0.00064652240032461,-0.000171085296657007,-0.000362233153215759,-0.00112267490295286,-0.000598635698901441,-0.000418146100678876,-0.000255159236004425,0.000131999145214069,-0.000128370036349621,1.05569426258642e-05,-0.000252762024163492,6.3457047401378e-05,7.12475103946571e-07,0.00235798481038964,0.00187942580137195,-8.33753509049932e-05,-0.000106702815713409,-0.00042200674666772,-0.000293005107188425,-0.000905992443628464,-0.000142873000538311,-0.000288223549874767,-0.00102751919021458,-0.00118157976322883,-0.000675985661022145,-0.000250132466020638,-2.20986401680832e-05,-0.000624285769719917,-0.00187808304451794,0.000301649977607523,-0.00146744670497686,-0.00339699644477964,-0.00294860932388016,0.00117473953777112,-0.0081983390514628,-0.00433362976866379
"706.367",-0.000711669376502387,0.000436345496026053,-0.00042994377052118,-0.000224797688416012,-0.000358789927451107,-8.0455029826791e-05,-0.000404016566982746,-0.000568734954626578,-0.000119322425911938,-0.000217700363084227,-0.000363389582277608,-0.000461826240711475,-0.000624551859674976,-3.01829802809767e-10,-0.000245463647889631,-0.000334628212693,-0.000622734862045609,-0.000372269175028555,-0.000148391675417079,-0.000248437967961122,-0.000348078463901849,-0.000278441398216127,-0.00021752206754758,-4.72543978090477e-05,-8.90208747191729e-05,-0.000324432270956278,-4.265735724888e-05,2.16035017109633e-05,-0.000233621009174236,-0.000206511912145555,0.00255676595614206,0.000588102730221331,-2.07968558516742e-05,0.000183857556447461,7.92205173359353e-05,-0.000557581424918696,-0.000375714942390216,-0.00016952408011104,-0.000588518144530442,-0.000874060030790307,0.000226567485759046,5.12345504754511e-07,-0.000174487079645699,0.000201913873388884,2.79203479823542e-05,6.41672124660842e-07,0.00106930173011329,-0.00083456931660785,0.00177775882278251,0.00124488814105369,0.0021162138335434,-0.0148278765761511,-0.0150143549458711
"711.106",-6.00897026842766e-05,-0.000601324582551044,-0.000495103336500411,-0.000386510727023638,-0.000509688165727505,-0.000452857702405374,4.08038286540241e-05,-7.10552274400725e-05,5.36056617236842e-05,-3.92843594689316e-05,-0.000131230814239506,-0.000508429768713665,-0.000969287388351687,-0.000329183984006995,-0.000382473544504298,-3.08209653745865e-05,-0.000444830784239464,-0.000330579764520692,-0.000587469446669451,0.0007269855131065,0.000743187073310899,-0.000391859333989913,-0.00036654541839861,-3.55247932880097e-05,-0.000281419054839896,-8.75662339346041e-05,9.70554328555342e-05,4.32437403459981e-05,6.51737850851323e-05,0.00181164456726045,0.00170024313184173,-0.000771109911742685,0.00019259776630178,-0.000174985465790796,-9.08073934152468e-05,-0.000191663088684771,-0.000151440184929564,-0.000198291409027739,-0.000240772426121561,-0.000457084808698568,-0.000392165361997125,3.5505708706849e-05,-9.84558688486662e-05,-0.000316700758278666,-0.000132851320022569,-0.0027536688906269,-0.000694793793659214,-0.00136023314504683,-0.00269509895676883,0.00108323181074935,-0.00948461059513073,-0.000510417893896997,-0.0196106298733766
"715.845",-0.000378861227805408,-0.000486473338866042,-7.32740175358004e-05,0.000275925560021148,0.000178537324268734,-7.32204882854868e-05,-0.000234045988680354,-7.19966794832961e-05,-0.000169427464143777,0.000230488186293286,0.000230218670227229,0.000251859862347659,0.000198298175398155,-6.4450898314565e-05,0.000104542538252441,-0.00021766745155201,-0.000581725300722162,-0.000242174791757519,-6.31951415031288e-05,-0.000481469573716846,0.000264102853565249,7.81464694238647e-08,0.0005932306081192,0.000155916221955618,-0.0004667094353956,5.53150636464799e-05,0.000295012546616965,-6.50462712673933e-05,0.000735615255481706,0.00284915874996216,0.00137091027815414,0.000374335396159204,-0.000367582475378564,0.000884006135222197,-9.18769043239948e-05,-0.00031509395354284,-0.000331417483395182,-0.000227945318317745,0.000518876533263191,0.000262339474360707,-1.63589333318505e-05,-0.000196980231232813,0.00013894573096153,-4.54751309978102e-05,-0.00107434113529888,0.000420922510351666,0.00078058626388957,-0.000853631631821277,0.00260510129458025,0.000852114489127368,0.0037829851209355,0.00334275766238226,0.0223889227634931
"720.586",0.000319330143771173,0.00097541250405772,0.000171399015823833,6.91861496701861e-05,0.000516852338499776,0.000468105423928422,4.83148383702783e-05,0.000174254009169649,0.000278518800023027,0.000581654006600956,0.000168690032668516,0.000736360644623356,0.000474895930635042,-1.07700199809264e-05,0.000115343536316117,-4.14884115458929e-05,0.000484143420378827,4.74750646049316e-09,0.000811252658636936,0.000925396409052968,0.000688288262658284,0.00104258173473587,0.000656652828568249,0.00097500323326074,-0.000114142074465217,0.000587841732617973,0.000689760786009229,0.000666618217502657,0.0019046126348671,0.00230040501816737,-0.00013871216235099,0.000396647857114542,0.000368631577751064,0.00022153670606936,0.000691501081823974,0.000171122646438741,0.000736297984126162,-0.000107542856715666,0.00064979692877122,0.00166907634046812,2.89152005907315e-07,0.00201334191293487,-0.000398466459704865,0.00098711684701769,0.00150988731209725,0.00266157126863813,0.00242653897684906,0.00261542819340515,0.00145748890415378,0.00602970944334264,0.00704479192714054,0.0146848828124659,0.0230635957988344
"725.329",-0.00019948838521831,-5.48538893667847e-05,7.4272082098895e-05,0.000384990957917479,0.000271567969126473,-0.000120810908564394,-6.97365644407998e-06,2.4325202928348e-05,0.000288764628776391,0.000137109172028887,-0.000341035910102456,7.45343339126068e-05,1.12159682045478e-05,0.000337910942159926,-0.000116652014020663,-0.000326156311809256,0.000746214481653447,-0.000234056620387989,-0.000346401214649693,-0.000596853595756408,-0.00036142307525251,-0.00033916445476132,0.000652141814708611,0.000207001417255571,0.000184882847355138,-3.36402427160317e-05,-0.00027670479249314,0.000322133854108996,0.00187865575246698,0.000747078729208623,0.000899635653811916,0.000412382315172187,-0.000482707635736056,-0.000179190355146332,0.000478201845290236,-0.00041760052679882,0.000146146725124027,-0.000511153184238079,0.000569652532765631,-0.000343718391586621,0.00103954517738469,0.000418095116452529,0.000484322897859492,-0.000580521442017557,0.000763838505410302,0.00121557028131301,0.00178266950101083,0.000818420042384263,6.15010933829959e-05,-0.000946317930899905,0.000410942649134641,0.00625796691081369,-0.0168736410159511
"730.072",-0.000123874044262179,-0.000414028590521191,4.97979476454337e-05,-0.000129188483739837,0.00054678708130717,0.000355305296755467,0.000140577316382214,-7.95198584931179e-05,2.07818678594942e-05,0.000129849508154461,3.61746908292797e-05,0.000192794648498997,0.000168638547201712,-0.000361949605904191,0.00011744416798267,0.000444707929451684,0.000313785857293145,0.00016483093573831,-0.000296922693354905,0.000573874382599547,0.000202238331261646,-6.32355745958974e-05,-0.000302862752529825,0.000478115128007677,0.000418507555476475,-0.000587156256194954,0.000591179185865422,0.0011614352662964,0.00192921694172104,4.23335049833844e-07,0.000381621593495365,-0.000392784733857889,9.94791927313186e-05,0.000620541684099305,-0.000387043101516903,0.00051015942609785,-0.000378077090049269,0.000306774184955202,-0.000117025840188422,0.000519482400800464,-0.000472440447957785,0.00139154359858718,4.08674447496527e-05,0.000514284984629425,0.00161976251385881,0.00105759471316387,-0.000358331770794663,0.000241490512970808,0.00241285241604301,0.000952091325113591,-0.0023449500630318,-0.00498559459849824,-0.0150021836912004
"734.817",0.000187175027602065,-0.000792140204660016,5.01684651203373e-05,0.000638443262191038,0.00028558389453706,0.000677956865968983,0.000622906260266793,0.000283490864873058,0.00028567267494564,-8.17306536701549e-05,-0.000118307468712015,0.000118648126735205,0.00049857104031117,0.000397650238810447,0.000118257620957374,0.000330641063083827,0.000485344592221487,0.000616639258095261,0.000507055570984782,0.00057809700453358,0.0002444622409325,5.09547485335528e-05,-0.000304975416756925,-1.22839107832768e-05,0.000550300434952012,0.000227702864893284,0.00101178534518561,0.0027853810616885,0.00110409124995476,3.3483067624847e-05,0.000626060596192518,0.000164869279476321,0.00076758354991014,-0.000227033846408088,-0.000129421264296001,0.000364996449746032,0.000635088486983266,0.000252407991794932,0.000207535308867201,0.000666119873470386,0.00130803583326101,0.000884789833532417,0.000470042577391633,-0.000164944186443435,0.000304009034576326,0.00146491585846836,0.0035716885349763,-0.00238986038396144,0.000747552237709231,-0.00278546230065141,0.00208498441132234,0.00132242000870206,0.0283029359339805
"739.563",-0.000394302577740614,-5.63644062507616e-05,-3.80300968565367e-05,0.000633871088695912,3.08433675707233e-05,6.65139457087057e-05,-0.000107433472242191,-0.000218163115759872,-0.000155113334737362,0.000157091844824735,0.000220898527389293,0.000392937191501069,1.14628093658726e-05,0.00050283183909863,-3.25817487853595e-05,0.000269631932892872,-0.000171267176490949,0.000227939367054779,0.000749651614730392,0.000181032877416661,-4.13256442919847e-05,0.000103061255394849,0.000192829628889171,-6.24225183061886e-05,0.000296091488483666,0.000656056063842622,0.000889623082524792,0.00226082186477777,-0.000203441513441714,0.000212994060757826,-1.81591808953958e-08,0.000211023897412175,-0.000191363780722916,0.000839086884026684,-0.000142805384778838,0.000317672533875654,0.000307402421158921,-0.000312018582899171,0.000478805725889507,0.00118638705215243,-0.000172090829349157,-0.000336491752331248,0.000454942891745959,0.000261696500384082,0.00011114407555272,0.0004713357516109,0.00109655071365778,0.00177622223062707,-0.000693306980442629,-0.00149933532778813,0.00688609539191188,-0.00721615025335422,0.01996425598336
"744.31",0.000271392699848013,0.000668028846117014,0.000166900336530383,0.000133009097807246,0.000375316190611319,-1.92454174787363e-05,0.000383570809549708,3.77477240724722e-05,0.000292043508788929,-0.000125345239619365,0.000576893263046257,0.000187647164664761,-8.09659190119864e-05,0.000158109275467528,-0.000329756664146602,-9.81129154173776e-05,0.000553876688826887,0.000339467905209498,0.000545033377661422,0.000492119844683849,0.000277522002483006,0.000676995285492596,-0.000129864671146999,6.29860989294543e-05,0.000706304250708823,0.000861437379173238,0.00172774430148761,0.00135402610131113,0.000206999070972614,0.000464882291782058,0.000303500023887773,0.000460792064812876,0.000307206267742175,2.76998112698132e-07,3.7720547225295e-05,0.000677920188218011,-0.000188818131540704,-0.00103245172465244,0.00031780550873977,0.00123152647927909,0.00111155010467189,-0.000452175283755381,0.00108680185569052,0.0025754607176277,0.00065042887988778,0.00231396917242935,-0.00127147487165621,0.00204485962085202,0.000572933386958602,0.000267643064674324,0.00965978586287385,0.00594451393669497,-0.0127736776169819
"749.058",0.000225146105185098,0.00063152253304456,-0.000570913941271407,-0.000122065411039894,-0.00040025826380599,-5.84208734252781e-05,-0.000219354116114657,-0.000178236577214574,-0.00015111305272357,-0.000498049946204173,-0.00032906068856013,-0.000211734085007602,0.000432871721501044,0.000159726568141613,0.000388683638384547,-3.29520883384182e-05,-0.000501240197611626,4.89711231330642e-05,-0.000174593691303328,-0.000454676917979788,0.00137342205005169,-0.000433550382640736,5.25568930088554e-05,-0.000229656723600573,-0.000495670312041441,0.000625608471503665,0.00216186857633308,0.00024348725984898,0.000266075780417714,0.000331951377864813,-0.00034037920639886,0.000499454982598124,-4.60220919285273e-05,0.000833391061670007,0.00084331673962972,-0.000553243197510842,0.000136121366997707,0.000246604473298529,0.000351995992599235,-0.000917140142773219,-0.000228380878373019,-0.0010474668642957,-3.17779352500725e-08,-0.00034039108885265,0.000542173150179723,-0.00106622052280429,0.000373061757871443,-0.00216633245389132,-0.00148004451003188,0.00296905215275046,0.00157918195433834,0.0152809755881255,-0.0136122220179558
"753.808",0.000722020733864079,0.000409564121453744,0.000423039619449483,0.000958221037299339,0.000354054913827897,0.000426034598636047,0.000663217767890705,0.000246644881403768,7.33685307042815e-05,0.000550664309370776,0.000546045624129979,0.000352094837085398,0.00131152291149147,0.000802377414385966,0.00056585956378574,0.000673431330105155,0.00136644360506767,0.000961271939288449,0.000246338656017481,0.000448613418759473,0.0009998541063151,0.00127373755398124,0.00117736386584243,0.000961634065754915,0.000641323215499469,0.0025914963293521,0.001680609696331,0.001403749019383,0.000294951686896454,0.000408461010941684,0.000762932229918939,0.000786728759493857,0.000866274881092888,0.000562780423494514,0.000722975840149998,0.00112985978546761,0.00204322204578341,0.000826830566810686,0.00137087168567818,0.00125139371870353,0.00030421981790723,0.000853686030728123,0.001053671528527,0.000222906090476736,0.00072742453521619,0.000875523824727967,0.00232354522871333,0.00436435518933856,0.00327977576411334,0.00247607604927537,0.0124331203217106,0.00417239176757219,0.0214549962672554
"758.558",-0.000851975464628019,-0.000655567336466922,1.33732905071701e-05,-0.000405530179102071,-7.66638577588589e-05,5.05261651056019e-05,-0.000265554083964763,-0.000469024220814824,-0.000515367354234594,-0.000762171245117014,-8.78002020423121e-05,-0.000196557057729991,6.08593970208159e-05,-0.000461762157297986,0.000484126578547731,-0.000377150723109598,0.000423447853801694,-0.000292361458594624,-0.000836168100638855,-0.000442205004685318,-0.000858356993423141,-0.000150071389347288,-0.000967065142376591,-0.00112508499350015,0.00085480872365348,0.00100425544635982,-0.000661487135163067,-0.000264155321981029,-0.00115268336443893,-0.000570312875769405,-0.000541539776131802,-0.000235665579605345,0.000131601722770135,-0.000425546141958255,-0.000227335221864572,-0.000427574219943839,-0.00123071693259587,-0.000390581507166466,-0.000174625296928654,-0.000322961707099399,-0.000163476908836464,0.000237369602890797,-0.000656727770598104,-0.00095914032099625,-0.000888089432507839,-0.00182014687048198,0.00116178685153929,-0.00235212136586661,-0.00307231619499524,-0.00261311826662407,-0.00297893056402093,-0.00679782173640063,-0.0317188098041128
"763.31",-0.0010732918428687,-0.000851000551403735,-0.000631735485047263,-0.000581556603785419,-0.000144747358932003,-0.000761774791523814,-0.000147041051051256,-0.000175278067108526,-0.000152419103295311,-5.36158183823705e-05,-0.0011441460948895,-4.71489331795917e-05,-7.39595991641891e-05,0.000108692761713863,1.17965639573031e-05,0.000174839017854338,-0.000357866103074474,-0.000324133644862617,-0.000767572454724893,-0.000376009597132483,-0.000251745021142297,-0.000153021035272341,-0.000639044828423768,-8.18924349356841e-05,0.0017178417840981,0.00112151791830008,-0.0001840353524681,-0.000110259489195631,-6.05988533584051e-05,-0.000690876278648899,-0.000444104062824451,0.000168353668638584,0.000121824704481261,0.000435819234362362,7.4222537662272e-07,-0.000299575688879212,-0.000547916845900637,-0.000244777676547814,-0.000452574133287735,-0.000346565674718816,0.000167630059703404,-0.00120903243398101,-0.0015190427516134,0.000180384588112283,-0.000724093515630675,-0.0014194572791918,0.00149246646721539,-0.00234591220452781,0.00149847557682113,-0.00428278328821437,-0.0051650831578162,0.00318044635658813,-0.00644901742560551
"768.062",-0.000670886825816562,-0.000276014071508446,-0.000526584755036737,0.000378351043014222,-4.48858117787081e-05,3.1362049784062e-05,0.000117177944971489,-0.000326540620460082,-0.000384546638513043,0.000198426951981962,-0.000240980234836639,-0.00036892334168425,0.000525055622143015,-0.000585125665955294,0.000154331787363264,-3.51910268120899e-05,-0.000261584662684441,-0.000157034843799744,0.000660032811063921,-0.000894860764262129,-0.000239500665878262,0.000899962745281535,-0.000715185797051623,0.00095107314206797,0.00159166748063584,0.000540397940927944,0.000247874816962097,-0.000395483699728005,0.000495277781824674,-0.000158860054284229,-0.000157318613530523,-0.000303064166953684,0.00018500524060974,0.000452302963825276,0.000182899491959798,-0.000536650102682539,-0.000348790787603718,-0.00054106672732766,0.000833313638056925,-0.000227408362948313,-0.000599693806723837,0.000244514500019491,0.000158257920778908,-2.57359421165699e-05,-0.000181698362277578,-0.000587469677167713,-0.00092934074238285,0.001023427580565,-0.00130666172357269,0.00635574428978833,-0.00306524235974664,-0.00699484091211979,-0.0442542659201079
"772.815",-1.7427563210484e-05,0.000720426596967561,-4.92513529670984e-08,5.21551648477845e-05,0.000303600352956266,0.000622946994115805,0.000374723556480046,-0.000217526082954929,-0.000146011715104278,0.000946451444533882,0.000572223588900639,0.000345276119634205,0.00021228173801016,0.000341105469558019,0.000818198627896842,0.000752596114322321,0.000273839795276082,0.000653934603919332,0.000889004711474271,0.000697912985070506,0.00107800636734629,7.06897658638398e-05,4.23098677605253e-05,0.00209216682484877,0.00161512847482649,0.000313729817275206,0.000185920066974918,0.000988793601018078,0.000247230170591941,0.000550228437073364,0.00065412941286627,0.000521383232164774,0.000933098534967835,-4.96666555548343e-05,0.000534645296895074,0.00039941724388335,0.000465623709319934,0.000464188286876864,0.000800097256789834,0.00110111084581029,0.000768227162756834,0.00183071778778303,0.000495894573465238,-0.000649058101869235,0.00149420837015016,0.000918402384551822,0.00128412813069378,-0.000430413162928016,0.00391645736986305,0.00625208886646912,0.00582330792428759,0.00349678030805406,0.0224750984833738
"777.57",-0.000683971887625302,-0.000844396812854349,-8.47196732033315e-05,0.000399228605001275,6.89121744291915e-05,-0.000561570268173002,-0.000382350529647082,0.000117895943499213,-1.56935020174397e-05,0.000340307075722874,7.16092623454511e-05,-0.000679874099557806,-0.000280397778851183,-0.000509658854670717,-3.62434162404551e-05,-0.0002159179758824,-0.000419184109197737,-0.00054714539839431,-0.000336510503836302,-1.51427424216596e-05,-0.000244065045766637,-1.38722435570909e-05,0.00104500796041532,0.000634493689163143,0.000369232581677158,0.000166561717635979,-7.56780156506242e-05,-0.000214245946038693,0.000341072633282482,7.52016445992809e-05,-0.000420100709748198,-0.000395207016048985,0.000213741767296583,-2.52695025896201e-05,0.000173139231766649,-0.000266336628436396,-0.000297124747373117,-0.000678143557649496,-0.000649285706314762,5.39416826022648e-05,0.000439718313723626,2.06087621091834e-05,0.000161259903057226,-2.63179373122967e-05,0.000559578458441817,0.00116231508097735,-9.00906702990493e-05,-0.00175585191010985,-0.00028116787904038,0.00314281884618325,-0.00453487855585471,-0.00772933887769273,0.0258932994199506
"782.325",0.000659460431975879,0.000746249237143863,-0.000416182095900508,-0.000378426142856843,-0.000594336227674312,2.12704118638874e-05,0.000169847358646095,0.000323994982903166,-0.000199078062803805,0.000476299566850648,0.000488695133240929,-0.000283688469549247,0.00143663772923358,0.000833061260795856,-0.00013513825921149,0.000365502794936437,0.00014187339621692,0.000257460359314181,-0.000297177753613047,0.000502512547384203,4.62972700242642e-05,0.000626342907840826,0.00165718363375889,0.00178926654600677,0.000441473431637641,-0.000350944560016823,0.00039774218267061,0.00016634554927435,-0.000153976772158554,0.000367484778348786,0.000301210158885141,-4.97302139169871e-05,8.96373460410666e-05,0.000597169825059364,-0.000418856062698926,-0.000570924374558381,0.000135356089260453,0.000239894178300623,0.00103176990705917,0.000252835953621758,0.000951145307936311,-6.15434798443269e-07,0.00158736408945745,0.000887210332975985,-0.000127021141858068,-0.00114175686682415,0.00160505452307981,0.00234016805708453,0.00348778263805676,0.00189784326932349,0.00635120851831325,0.00603616268936426,0.0195197900478028
"787.081",0.000878290325305764,1.63180908476559e-05,0.000176781451094425,-2.76110153222726e-05,0.00056227953103345,0.000375513527629159,-4.15146425006931e-05,-0.000173575257471396,0.00017170199743011,0.00020139147398813,-5.34220034849653e-05,-0.000227914752003102,-0.000372202769314098,0.000142569762920872,0.000454196502060681,-0.000100195150598606,-0.000225128231747597,-2.78097514099413e-05,1.52626441108024e-05,0.000887526484839931,0.000366259892423931,-7.14238096682146e-05,0.00188069714597714,-4.40687842355593e-05,-0.000151091280918559,-0.000840762317818246,-0.000276625010277163,-0.000631021663278915,-0.00017090849968321,0.000403297983914718,7.37206129170322e-08,-0.000205527681099485,-2.5566301679858e-05,-0.000239977993559686,-0.000277340677806964,5.85333660112776e-05,-0.000433692969564874,-3.32021329498513e-05,-0.000208269211306975,0.000185806961040035,-0.00019929930562454,0.000541166136845126,0.0016787613610957,0.000856271803717011,-0.00155690839742266,-0.000507595895504807,0.0014130980393915,-0.00114423860552863,-0.00102414816317109,-0.00265589523502284,0.000165061539155541,0.00341144051214429,-0.00617655517841827
"791.838",-0.000528842915145215,-0.000977357146899445,-0.000102835046184828,-0.00090067184527684,-0.000704796375132907,-0.000143385430154093,-0.000605678764477281,-0.000281787844787979,-0.000588196012948504,-0.000708958361833448,-0.000383886779441277,-0.000202214070392942,-0.000796265452768154,0.000336653073028196,-0.000113294419940352,-0.000212369184321761,-0.000383727898031052,-0.000208534066763799,-0.000731461735869339,3.2599918618547e-05,-3.08321043306185e-05,0.00121595379370111,0.00105881362562839,-0.000347690318451519,-0.000288080054298888,-0.00133314718241177,-0.000460552122214409,-0.000525215871443205,-0.000196671151150933,0.000195220406114013,0.000284367947718328,-0.000282500190842313,-6.459850397377e-05,0.000133435941614352,-0.000664563770947032,-0.000642901009007966,0.000371945773328617,-0.000361072646052421,-0.000727495230554697,-0.000184920781678971,-0.000536777724627705,-0.000496576465587634,-0.00110119360466991,0.000745405729087216,-0.000483954717427973,-0.000155850711126847,-0.00155194504716079,-0.00302903530543307,-0.000950299269477929,0.00449274633770647,-0.00113992184887379,-0.00743266978245332,-0.0254068123663656
"796.596",0.000632552969268163,0.000630661744884929,0.000914823068474007,0.000677465917429668,0.00071830200484442,0.000101365869908263,-0.000126783344543155,6.62945189688026e-05,0.000316171379189216,0.000341580326320269,0.00119529296190269,0.000438086613315573,8.0897664612719e-05,0.0011607171951474,-0.000731743555482796,0.000190879012103356,0.000539111280393556,0.000155752650610134,0.000419141007642021,0.00100152944290505,0.00202920570095165,0.00218135208993236,0.000986739354988255,0.00131217097817285,0.000237699371823607,0.000896413210572519,0.000295073980958442,9.36938550953013e-05,0.00107026980239988,0.00011886287344263,0.00104999478579813,1.36593753987935e-05,0.00027908502792892,0.000488762819436012,-0.000423329844815818,-0.000208467655655155,0.000551792510632403,-6.64120595240399e-05,-0.000477301051309741,0.00109751314884346,-0.00101447662156417,0.00125467341637901,1.65324184245986e-07,0.000815083893324514,0.000693090625070784,0.00242491592995408,0.00100665440064163,0.00157299094267528,0.00394296664948132,0.00301628969961641,0.00414658389271137,0.0252427226857935,0.0620162766866802
"801.355",0.000980510392421487,0.00048722124821918,0.000543801814402326,0.000926205910901625,0.00116652657106136,0.000349351111413295,0.000277259193782445,0.000368435352713592,0.000711123024503861,0.000817204693849308,0.000994435310034477,0.000378226347244233,0.00176307514276915,0.000649018406353438,0.000897792775236022,0.000835348872338112,0.000802765508769016,0.000953466579308716,0.00103192493245052,0.000879317948122946,0.00249594227884349,0.00210393432881451,0.00100873774815177,0.000903617513350602,0.0011465063105593,0.00112568231974729,0.000682925601648183,0.00135146313468962,0.0009009577279382,0.00128022509612627,0.000815914566357808,0.000442170003676855,0.00134135679390686,0.000644392060709107,0.000633394787801399,0.00109364846573741,0.00146965020469373,0.000925284803160365,0.00117501482175951,0.00163416908734643,0.00161108746314192,0.000550811846725486,0.00122180098320527,0.00218427288968416,0.00236575034042074,0.00130390211756929,0.00409604121737837,0.00397304537844075,0.00327511799125408,0.00359333077600612,0.0100265615528256,0.00926363947165218,0.0555794383815345
"806.114",0.000514482923616641,0.00028648497949796,0.000116515479127187,0.000365781335537291,0.000504426236696242,0.000465630716401847,0.000357534436979519,-5.08921774550339e-05,0.000323249794251513,0.000572889357078928,0.000347129135447878,0.000111253553461888,0.000186756231083114,0.000125249662470404,-3.33371247711561e-05,0.000659432734917188,0.000430488652158194,0.000207813971294698,9.37906821016706e-05,0.000682678530870069,0.00136297382936306,0.000171742022286737,0.000288169667097768,0.000572826831217574,0.000350000578029963,0.000715228017435349,4.63729948994688e-05,0.000704581412489113,0.00050820850417332,0.000526185751404681,0.000940225596780172,0.000838601159748795,5.7382160030346e-05,0.000749668137018171,0.000694557987399269,-0.000308324948089169,0.000231376305441522,0.000245910119465287,0.000488249641793564,0.000637339921781034,0.00143596759902245,0.000456544412259266,0.00012627673499907,0.0013590662826932,8.52059167876014e-05,0.00202460110088102,0.00120053022652227,0.00115722330730687,0.00160551561641555,0.00512065183672782,0.000572992108052281,0.00435920877958636,0.0271149966700121
"810.875",-0.000112293011095126,-0.000315162470565042,0.000388460117707626,-0.000463119655501976,-5.25039236801484e-05,-0.00053382617127172,-0.000211576285313826,-0.000171516034958315,-0.000610556730253063,2.52740105991084e-05,0.00013129659776659,-0.000478176788998904,-8.15602023913344e-05,-0.000102478859833094,-0.000166276388332539,0.000351840363815005,-1.16169533512014e-05,-0.000268927923697525,-0.0012865455091128,0.000572409407350647,0.000228347510763542,-0.000170654804075117,0.00010482370355677,-0.000878206225432408,-0.000265471424029188,-7.03669022090316e-05,0.000312591152454788,-0.00100480992095853,-0.000519765806176357,0.00011477318709052,-0.000395964897869073,-0.000498189163240995,-0.000813849968551526,5.86661822941271e-05,-0.000134139177738578,-0.000398592883649781,-0.000258280187130595,-0.00120002794655484,-0.000640418646200859,-0.000980210370076207,-0.000333019282126409,-0.00123491466547781,-0.00132700780954504,0.000558092525810688,-0.00125278772304509,-0.0011320740251994,-0.00198500696334787,0.00120733028007386,-0.00295420238487413,-0.00278243694525052,-0.00644364015060693,-0.0108916858521006,-0.0379521270591733
"815.635",-0.000915610343624114,-0.000429570166163788,-0.000530609629079043,-1.19557560142006e-05,-0.000514867163488037,-0.000203555030971603,-0.000160482811208562,-0.000158900005420943,-0.000194039930877009,8.41942208664023e-06,-0.000375092833642864,-0.000878473341764783,-0.000116424701443487,-0.000626249729623805,7.76572684098336e-05,-0.000131688367141005,-0.000570133723225753,-0.000244499553412126,-0.000522405809942232,0.000984191138554961,-8.20315651929244e-05,-0.000130795028096631,-1.30526569646999e-05,-0.000343749124801234,-0.000506836797522928,-0.000175796668601288,0.00012753217952515,-9.22628732796148e-05,0.000440002088374369,-0.000410541758773478,-0.000429666042649539,-0.000215101466066475,-0.000412391893645635,5.88322369681451e-05,0.000512053978691889,-0.00064258761927899,-0.00014946598895762,-8.63499632810796e-05,0.000275908868066254,-0.000750847126987361,-0.000489761274225604,-9.44855399107301e-05,-4.171166644839e-05,-0.000315075536496333,0.000428778147489153,3.60010012279569e-05,-0.00157055454300714,-0.000652500924426854,-6.45946167023806e-05,-0.00134311447908353,0.00114706467252508,0.00681306830265393,-0.00402616442742138
"820.397",-0.000304839839325455,-0.000845174796069748,-0.000271760506457166,-0.000243490533688446,-0.00085119866655216,-0.000242490158612155,-0.000510736549437701,-0.000146174820760657,-0.000316106249764572,-0.000286445025112968,0.000178414943262324,1.1312274406238e-05,-0.000326604100638108,-0.000318818219596666,-0.000520752868023356,-0.00063731682753394,-0.000837707498172947,-1.22629487239394e-05,0.000121139711166119,0.00139357492215477,-0.0006009970608128,-0.000485308392566428,-0.00119199201471675,-0.00064931349368127,0.000422446219949088,-0.000105396002054297,-0.000312323100707782,-0.000334680451638329,0.000602245057451852,-0.000433624982430299,0.000317393657926215,0.000124692306340153,0.000401725207590851,-0.000280708527711834,-0.00069357239731304,0.00024538889235237,-0.000244487882797373,-5.66595654397009e-05,-0.000197687166216549,0.000392842114894088,0.000280440738352451,1.97695297601819e-05,-0.000399360960708837,-0.00128590227553636,-0.00150873771735364,0.000378739369116026,-0.00202567603480288,-0.000953786400713389,-0.00327543051942601,0.000991368870335254,0.00129091295310515,0.0111703521920534,-0.0521781124063726
"825.159",-1.6132929514793e-05,-0.000157538054044008,0.000362508457550753,-9.76222208344345e-05,-0.000273320707399377,-0.000310712576452957,0.000663987968102525,0.000203294751864587,0.000193935073100042,0.000311717352355056,7.50064758786403e-05,-0.000178018513317652,-0.000175341482416088,0.000352975023167617,5.53572568569713e-05,-5.49621650451198e-05,0.000616586348405506,0.000207730786361994,0.000885044548673429,0.000526601505291454,0.000405503139300391,-0.000629949153450436,0.000235722155384266,-3.81909217433742e-05,0.000362111805397,4.67279760189929e-05,-0.000266202693031453,0.000242528818180808,0.00024298769111859,0.000229131317334543,9.06468939532657e-05,-0.000385196794573869,-0.000102995711680447,-0.000398010700541176,-0.000487551246429465,0.000386138117391121,-0.000421760456609714,0.000230999685573018,-0.000457418222373304,-6.52791505940337e-05,0.00057771975388565,0.000323253440232427,-0.000420890735117625,0.000291182081994211,0.00054088590478427,-3.28581738266054e-05,0.00140744318399257,-0.000301896933986926,-0.00269723029483835,0.00107700415491956,0.00529921659377645,-0.0106225637593246,0.0189781420324406
