"","500","495","490","485","480","475","470","465","460","455","450","445","440","435","430","425","420","415","410","405","400","395","390","385","380","375","370","365","360","355","350","345","340","335","330","325","320","315","310","305","300","295","290","285","280","275","270","265","260","255","250","245","240"
"248.336",0,0,0,0,0,0,0,0,0,0,0,0,0,0,0,0,0,0,0,0,0,0,0,0,0,0,0,0,0,0,0,0,0,0,0,0,0,0,0,0,0,0,0,0,0,0,0,0,0,0,0,0,0
"252.814",0,0,0,0,0,0,0,0,0,0,0,0,0,0,0,0,0,0,0,0,0,0,0,0,0,0,0,0,0,0,0,0,0,0,0,0,0,0,0,0,0,0,0,0,0,0,0,0,0,0,0,0.048091675873295,-0.0646112290002017
"257.296",0,0,0,0,0,0,0,0,0,0,0,0,0,0,0,0,0,0,0,0,0,0,0,0,0,0,0,0,0,0,0,0,0,0,0,0,0,0,0,0,0,0,0,0,0,0,0,0,0,0,0.0484665264022146,-0.00676707449405167,-0.00107241420816079
"261.781",0,0,0,0,0,0,0,0,0,0,0,0,0,0,0,0,0,0,0,0,0,0,0,0,0,0,0,0,0,0,0,0,0,0,0,0,0,0,0,0,0,0,0,0,0,0,0,0,0,0.0785591696583723,-0.00242737562411247,-0.0117666438231573,0.00555280927301316
"266.271",0,0,0,0,0,0,0,0,0,0,0,0,0,0,0,0,0,0,0,0,0,0,0,0,0,0,0,0,0,0,0,0,0,0,0,0,0,0,0,0,0,0,0,0,0,0,0,0,0.0921624688318807,-0.00807688786084271,0.00146718778911119,-0.000682050567221093,-0.0592060100994694
"270.764",0,0,0,0,0,0,0,0,0,0,0,0,0,0,0,0,0,0,0,0,0,0,0,0,0,0,0,0,0,0,0,0,0,0,0,0,0,0,0,0,0,0,0,0,0,0,0,0.0997101599729373,-0.00643884025737548,-0.0037276042463979,-0.00934247753029535,-0.0312923236168678,-0.0232240810702963
"275.26",0,0,0,0,0,0,0,0,0,0,0,0,0,0,0,0,0,0,0,0,0,0,0,0,0,0,0,0,0,0,0,0,0,0,0,0,0,0,0,0,0,0,0,0,0,0,0.123747234914367,0.00793131748137388,-0.00132886158631623,0.00138266506356392,0.0128592948138903,0.0169096377848216,0.00900368115377117
"279.76",0,0,0,0,0,0,0,0,0,0,0,0,0,0,0,0,0,0,0,0,0,0,0,0,0,0,0,0,0,0,0,0,0,0,0,0,0,0,0,0,0,0,0,0,0,0.124213137004002,0.000856264346193403,-0.00119152298877229,-0.00614944079146472,0.00460392436837842,-0.0255243219150999,-0.0300687313058058,-0.0240839016222459
"284.264",0,0,0,0,0,0,0,0,0,0,0,0,0,0,0,0,0,0,0,0,0,0,0,0,0,0,0,0,0,0,0,0,0,0,0,0,0,0,0,0,0,0,0,0,0,-0.000330798226552409,0.000785437904046907,-0.000636883785234868,-0.00492753923696893,-0.0119359001110512,-0.00358328605469123,0.00301182862294803,-0.00892077179415953
"288.772",0,0,0,0,0,0,0,0,0,0,0,0,0,0,0,0,0,0,0,0,0,0,0,0,0,0,0,0,0,0,0,0,0,0,0,0,0,0,0,0,0,0,0,0,0.00949984164912704,0.0012633981162238,-0.00101132031891326,0.00107822260997933,0.00137265309716883,0.00538699891201852,0.00672095736373465,0.00227815457222458,0.0112260420620104
"293.283",0,0,0,0,0,0,0,0,0,0,0,0,0,0,0,0,0,0,0,0,0,0,0,0,0,0,0,0,0,0,0,0,0,0,0,0,0,0,0,0,0,0,0,0.008713870599239,-0.00261264917121742,-0.000372853303572059,-0.00218261222357526,0.000900843752459191,-0.0112099347466398,-0.00393896434294906,-0.0033453375136934,-0.0193802418211709,-0.0236252432606791
"297.797",0,0,0,0,0,0,0,0,0,0,0,0,0,0,0,0,0,0,0,0,0,0,0,0,0,0,0,0,0,0,0,0,0,0,0,0,0,0,0,0,0,0,0.0198695669811263,-0.0010651308589929,0.000515730860440912,0.00297014990681656,-0.000736333613927664,-0.00684560197179346,-0.00286517344454546,-0.00645561711826758,-0.00671066345594784,0.00660564849719891,0.0153589024376258
"302.315",0,0,0,0,0,0,0,0,0,0,0,0,0,0,0,0,0,0,0,0,0,0,0,0,0,0,0,0,0,0,0,0,0,0,0,0,0,0,0,0,0,0.0265582326193283,-0.000409081896563301,-0.000717880848406106,-0.00251935129145041,0.00327866248606293,-0.004366718350377,-0.00688330237877985,-0.00328506383408276,-0.00599490031226102,-0.000179375903869513,-0.0145270060429732,-0.00243397531688127
"306.837",0,0,0,0,0,0,0,0,0,0,0,0,0,0,0,0,0,0,0,0,0,0,0,0,0,0,0,0,0,0,0,0,0,0,0,0,0,0,0,0,0.038756041444129,-0.00190735781314729,-0.000460001928373616,-0.00242994359671744,-0.00233254672827835,-0.0101992954168216,-0.0108017157099365,-0.00555611114601346,-0.00913755663103683,-0.00836596823878311,-0.00629623655604991,-0.0111236319597454,-0.0321923782152926
"311.362",0,0,0,0,0,0,0,0,0,0,0,0,0,0,0,0,0,0,0,0,0,0,0,0,0,0,0,0,0,0,0,0,0,0,0,0,0,0,0,0.0466079529641291,-0.00214672998912671,-0.00195120061965519,-0.00204362455670691,0.000166633532166949,-0.00377524979219201,-0.00977803934089794,-0.00573879214391729,-0.00637671188461918,-0.00651982240334444,-0.00649227423934155,-0.0053516797407003,-0.00645955205565341,-0.0226273579580053
"315.89",0,0,0,0,0,0,0,0,0,0,0,0,0,0,0,0,0,0,0,0,0,0,0,0,0,0,0,0,0,0,0,0,0,0,0,0,0,0,0.0623476273487106,0.00126265753550851,-0.000230018995468761,-0.00135798389526727,0.000816575349311892,0.000736017762861779,-0.00487326048867487,-0.00547255438787607,-0.00441552714522068,-0.00409181365638258,-0.00475097777198456,-0.0079157193029018,0.00769856222193048,0.0100658893949276,0.0133135327751153
"320.422",0,0,0,0,0,0,0,0,0,0,0,0,0,0,0,0,0,0,0,0,0,0,0,0,0,0,0,0,0,0,0,0,0,0,0,0,0,0.0744494758109538,0.00206278594931368,0.000738657383965443,0.000133465118043605,-0.000731254776550658,0.00067483377320815,-0.00677805757378802,-0.00398747744695058,-0.00402256691949312,-0.00372701428432198,-0.00236265256117568,-0.00573668074226868,0.00169976567949006,0.00484823205890194,0.00801325472187254,0.0278254892219193
"324.958",0,0,0,0,0,0,0,0,0,0,0,0,0,0,0,0,0,0,0,0,0,0,0,0,0,0,0,0,0,0,0,0,0,0,0,0,-0.0062287470190775,0.00337814475404966,0.00112183686823654,-0.000390878336054312,-8.73515831258109e-06,0.00287035632220256,0.000565024675324127,-0.00339549547320628,-0.00179851240787825,-0.00274009426093519,-0.00022255232316312,-0.00232937935542959,-0.00398863788128232,0.000539265093670442,-0.00704248114838702,0.00880287201285828,-0.0106670629274912
"329.496",0,0,0,0,0,0,0,0,0,0,0,0,0,0,0,0,0,0,0,0,0,0,0,0,0,0,0,0,0,0,0,0,0,0,0,-0.00699118103199659,0.00630510751670474,0.000563534021827714,-0.000875383446801664,-0.00114854933295254,-1.57372483969992e-05,-0.00368392195203188,-0.00652955835604603,-0.00337362752514535,-0.00277036522678432,-0.00442658326165325,-0.00529802426989143,-0.00774455314653211,-0.00516359604160812,-0.00874937656983804,-0.00690025640662175,-0.0225266787537709,-0.0425676707601444
"334.038",0,0,0,0,0,0,0,0,0,0,0,0,0,0,0,0,0,0,0,0,0,0,0,0,0,0,0,0,0,0,0,0,0,0,-0.00686882552012902,0.00976757318782559,-0.000187843098394112,5.22997298599091e-05,-0.000503939736617288,0.000799093266432925,-0.00151491530044787,-0.00221211428369852,-0.00213976236390854,0.000527106647599487,-0.00249438195635954,-0.00324012372249094,-0.00311838044308976,-0.00380153802810246,-0.00658437134543489,-0.0049359969876914,-0.000473179731349915,0.00245759893411732,-0.0412137300217676
"338.584",0,0,0,0,0,0,0,0,0,0,0,0,0,0,0,0,0,0,0,0,0,0,0,0,0,0,0,0,0,0,0,0,0,-0.00743946907160542,0.0150335093035637,0.00112346135163514,0.000305730947612584,0.000653841946130161,-0.000468495804270032,0.00333495175704709,-0.00194759887439716,-0.00207575393873927,-0.00213374651947757,-0.00147771886703646,-0.00218633274157553,-0.00432821126559929,-0.00192945646606295,-0.00374328582494303,-0.00260875053573589,-0.000664855329065232,0.000414431951101143,0.00217943149881173,0.0102172486321702
"343.133",0,0,0,0,0,0,0,0,0,0,0,0,0,0,0,0,0,0,0,0,0,0,0,0,0,0,0,0,0,0,0,0,-0.00761132143421028,0.0209789784215992,0.000323156364776563,-0.000487063982186817,-0.000283449993328364,-0.000588531436947395,0.00061830590106704,-0.00037764437961163,-0.00198774208829912,-0.00142840793199267,-0.00150946849930693,-0.0016398834636891,-0.00392379839663934,-0.00197489407521807,-0.00171445170749145,-0.00335779142706818,-0.00450216761011792,-0.00176021669789624,0.00512301544204442,-0.0155187048503371,-0.00611088519210522
"347.685",0,0,0,0,0,0,0,0,0,0,0,0,0,0,0,0,0,0,0,0,0,0,0,0,0,0,0,0,0,0,0,0,0.0262816796922019,0.00107432133617355,0.00065315300984233,-0.000165066063932346,0.000287522356866351,-0.000715369354337629,0.00148195229572473,-0.00176313019542833,-0.000192952641117456,-0.000570557041408619,-7.29348515099014e-05,-0.000277922138365923,-0.00130267690737026,-0.00304439371318553,-0.00098324879985634,-0.000819846785211988,-0.00236123698431361,-0.00111728136398982,-0.002464233737878,0.00218647543175949,0.00163379328828315
"352.24",0,0,0,0,0,0,0,0,0,0,0,0,0,0,0,0,0,0,0,0,0,0,0,0,0,0,0,0,0,0,0,0.0326723048741221,0.00151497482233288,0.00106225088937593,0.00136073218657215,0.000747597714122125,0.0015465881737657,0.00191150917969077,-0.00137119659826895,0.000423322068431618,0.00125062553078802,-0.000552638983418077,0.000442916677170893,-8.50416715112972e-05,5.02880214646529e-05,0.000162654331839417,0.000823434928559907,0.00235060163991529,0.00320711444640036,0.00488849332329899,0.00577639036622174,0.00720517755235298,0.0278038411153302
"356.799",0,0,0,0,0,0,0,0,0,0,0,0,0,0,0,0,0,0,0,0,0,0,0,0,0,0,0,0,0,0,0.0378592383958781,0.000793923613916163,0.000385998317814502,0.000107824350973345,8.91062755179247e-05,0.000119880007519044,0.00312979234576488,-0.00207853947893963,-0.000454210898418746,-0.000660666073792637,-0.000710958632818636,-0.0012379118798065,-0.00245575505020317,-0.00241133157763819,-0.00161972536359302,0.00233503204510209,-0.0016814895434991,-0.00467071292580728,0.000872618117838227,-0.000785168167225772,0.00379261775563037,0.0114888123470504,0.00234200051521023
"361.361",0,0,0,0,0,0,0,0,0,0,0,0,0,0,0,0,0,0,0,0,0,0,0,0,0,0,0,0,0,0.0430510782158085,0.00227391536907439,0.000803933765874439,-0.000179967588695352,-0.000482168628673406,-0.000461080224641219,-0.000184604741008357,-0.000264489378467569,-0.00255035706204825,3.03928345757225e-05,-0.000846647373538166,-0.000978269772775032,-0.00181140969892339,-0.0015274889904907,-0.0008775832437776,-0.0018581923821483,-0.00202040068104601,-0.00369144880168288,-0.000777051006449704,-0.00396397954040962,-0.00504274205163517,-0.0135466387633497,-0.00423299305229631,-0.0543587380309752
"365.926",0,0,0,0,0,0,0,0,0,0,0,0,0,0,0,0,0,0,0,0,0,0,0,0,0,0,0,0,0.0514402988825261,0.00359927830667721,0.00106396038674969,0.00164658972462813,0.00100624244819382,0.000321051341811395,0.00169408083027981,0.00142703982280613,-0.000102497626335102,6.45259642209003e-05,0.0017572268253904,0.0014247819213162,0.000677525224208532,-0.00120543994823349,0.000833579038844069,0.000680219889542232,0.000713711256602572,0.00153822215603898,-0.000378944042213181,0.000211093611034272,0.00412015836409129,0.00547621214332813,0.011120213006374,-0.00509537811607403,0.0129940003461747
"370.495",0,0,0,0,0,0,0,0,0,0,0,0,0,0,0,0,0,0,0,0,0,0,0,0,0,0,0,0.0557368824912294,0.00263987180336128,-0.000496916048697105,-0.0014533950414334,-0.00142636626698989,-0.00143159015210851,-0.000958292106272119,-0.000863112888631667,-0.00167551644010011,-0.0018828767346374,-0.00168373225697207,-0.00178267111947423,-0.00118563299558282,-0.000976184053754164,-0.00119869753467291,-0.00230498599087125,-0.00262650800450017,-0.00285260840720053,-0.00580515911750365,-0.00465202979918985,-0.00332227215426583,-0.00614611738111574,-0.0111529924376612,-0.00918791051757411,-0.0291982200302767,-0.0471515294102472
"375.067",0,0,0,0,0,0,0,0,0,0,0,0,0,0,0,0,0,0,0,0,0,0,0,0,0,0,0.0600576921598324,0.00351423025909074,-0.00071892477198944,-0.000352018489518878,-0.000325621115403012,0.000248123647113394,-0.000217846535341733,-0.000878940148611812,0.00055171735614705,-0.00155654025099559,-0.000575456532844893,-0.00176692655025488,-0.000323349908730542,-0.000312461653856272,-0.00107693463904461,-0.00138321572538134,-0.00114400282521822,-0.000816156794515863,-0.00199045474588678,-0.000417111118782221,-0.00118840617651244,-0.00343978101229935,-0.00669425759692221,-0.00557050608671548,-0.00766112096368624,-0.0288177145678106,-0.0101897772991081
"379.641",0,0,0,0,0,0,0,0,0,0,0,0,0,0,0,0,0,0,0,0,0,0,0,0,0,0.0643822319173168,0.00646840957392474,0.000387243807762647,2.63695548155217e-05,-0.000225872868796772,0.00031605259897502,-0.000137008081559842,0.00107646731696127,0.000940792820801742,-0.00221381645725028,-0.000558333797900573,-0.000131307500777566,-0.00108237296408772,0.000127403497466325,0.000478061571117795,-0.000216350940488871,-0.00119131134849199,-0.00057927025899515,-0.000516562319416142,0.000684378774579925,-0.0015483428077784,-0.000832480536469965,0.00179090445940219,0.00318392835597382,0.00283970836696525,-0.00212101180224946,0.0123977652128078,0.00129865012282907
"384.219",0,0,0,0,0,0,0,0,0,0,0,0,0,0,0,0,0,0,0,0,0,0,0,0,0.0677012647038668,0.00920897522094204,0.000401996742172277,4.32093919757503e-05,0.00022306948540817,8.53371602470227e-05,4.28187364773002e-05,-0.000120484699395346,-9.73881884122618e-06,-0.000792339419229071,-0.0012097574096148,-0.000121656925483966,0.000105104618552861,-0.000851233238826083,-4.03319836201907e-05,0.000327315736097782,0.000159699545558084,-0.00101091309792457,-0.000160914086925138,-0.000114984863148598,-0.00192126212217603,0.00075661871881758,0.00411956983221393,-0.000229184696164953,0.000904427382442292,-0.00153241892065764,-0.00198070519530501,-0.00481485089992164,3.77687582929624e-05
"388.801",0,0,0,0,0,0,0,0,0,0,0,0,0,0,0,0,0,0,0,0,0,0,0,0.0694818530612781,0.00770790114247896,0.000731475715633863,0.000426566778488412,0.000470305490983833,6.8506409157388e-05,0.00023860439551059,0.000249022129969329,-0.00015625416986928,-0.000120847256987286,-0.000389455103997342,-0.00037229770002651,-0.000220081078230419,-0.000270725100456288,-0.000352389352678119,0.00033769113544768,-0.000122950724449367,-0.000442176712482319,-0.00031049380971444,-0.000313577564140437,-0.00135869937692201,-0.0011527112099947,0.00109285467956471,6.33323608197852e-05,-0.00107714283835094,0.00065225653686411,-0.00230195207283571,-0.0040915342970187,-0.0064637867631507,-0.0397373418489704
"393.385",0,0,0,0,0,0,0,0,0,0,0,0,0,0,0,0,0,0,0,0,0,0,0.0724190341073143,0.0115549057090271,0.000905978979811687,0.000646512218461725,0.000185328947474159,0.000157387816032319,0.000620160500613722,0.00037582165813654,0.000907741152877627,0.000375854869546929,-8.23705286432524e-06,-0.000176352859854726,0.000361535921934089,0.000162695352782246,0.000102898941398496,-3.66937760269187e-05,-1.11033132454801e-05,0.000613065420175182,0.000277895921608545,0.000366796351592072,-0.000476286236956951,-0.00144647054149673,0.00192485714750265,-0.000454045976781822,0.000691212105633326,0.000753482787135114,-0.00107644663919009,0.00153405473832659,-0.000788695861493022,-0.000247893935424171,0.0239303884546302
"397.972",0,0,0,0,0,0,0,0,0,0,0,0,0,0,0,0,0,0,0,0,0,0.0753580124321949,0.0141267854497659,0.000432737566852093,0.00103007877161868,0.000917408287363665,1.28377065742842e-06,0.000394087320957716,0.000710914180347105,-1.45301946475173e-05,0.000998143585447586,-0.000210258214380303,-0.00019483758409499,7.33610282557097e-05,-0.000266860331251663,0.00055684784182804,2.72226584073329e-05,0.000562784848020148,-0.000922204931350225,-0.000266323062742017,0.000470280872269875,0.000276370108962291,8.37187108628371e-05,0.000865079542914923,0.000465294332683308,0.00108170220418006,-0.000777521733529662,0.00197123016030778,0.000840802382311322,-0.00142540807917178,0.00200281058113426,0.00143661626579755,0.0178499556955431
"402.562",0,0,0,0,0,0,0,0,0,0,0,0,0,0,0,0,0,0,0,0,0.0729709760833041,0.0155555470836981,-0.000340171330947758,-0.000237603479796747,-0.000713377098134784,0.000197326933139061,-0.000371033478260659,-4.77107523637462e-05,-0.00058288164664284,-0.000691659283983091,-0.000288129000493548,-0.00150363592771199,-0.000391630334889515,-0.000479600283456158,-0.000339618127660304,-0.000226020924063864,-0.00027245331715002,-0.00107574059834196,-0.00113291597411276,-0.000533727876488972,-0.000438327319614512,-0.00218126389493096,-0.000492603254728027,-0.0013848736041425,-0.00151446047241428,-0.000919472503450174,-0.00254662782844058,-0.00210376439839497,-0.00268763115855437,-0.0016951769261269,-0.00473298159020684,-0.0085189605552908,-0.0272765615448337
"407.156",0,0,0,0,0,0,0,0,0,0,0,0,0,0,0,0,0,0,0,0.0738889493205339,0.0158252063176479,9.95470798876097e-05,-0.000480249987836465,0.000134221270753166,0.000619510709447377,0.000268631333620886,-0.000224930088808372,-8.01164978934143e-05,0.000171401776948101,-0.000369415192908631,-0.000817748440034301,-0.00019752035093263,-0.000229825622701853,-0.00033211159676398,0.000321013470996486,0.00035225400836553,-0.000940932213612315,-0.000323502756070845,-0.000427431099586376,-0.000131101263782756,-0.000889742971813477,-0.000422839317126862,-0.000342775771556214,-0.000821288007526742,-0.00199763409410173,-6.98383347298311e-05,-0.000949737854129157,-0.000853652514295442,-0.0020466247627982,-0.00324333610948377,-0.0051735703293444,-0.0063930202903082,-0.0229132522869735
"411.752",0,0,0,0,0,0,0,0,0,0,0,0,0,0,0,0,0,0,0.0739201871233892,0.0198557624450186,0.000433535710085517,-8.10720184752116e-06,-0.00025456650161219,-0.000534687699357994,-8.04554394556673e-05,0.000115684453957922,-0.000360720832596125,0.000228584040852093,-0.000517567655640483,-0.00152961533915091,-0.000330371831617798,-0.000710332968199391,-0.00115008396269826,-0.000537470835053791,-0.000984602886689215,-0.000752295357186622,-0.00031457086269976,-0.00050088280969023,-0.00142167663159621,-0.00117040569882841,-0.00147423770933943,-0.00054642678417305,-0.00144019978841953,-0.00153243734353828,-0.00159451281985253,-0.00172134319425822,-0.00217493397163308,-0.00285101495515269,-0.00389582448778493,-0.00276149008397302,-0.00806476214119685,-0.0101060129256277,-0.0326820543469638
"416.352",0,0,0,0,0,0,0,0,0,0,0,0,0,0,0,0,0,0,0.0270578569739831,0.00152170792615993,0.000215608932204848,0.000103671555782032,0.00109902608564198,0.000180980155201189,3.1308438296308e-05,0.000269880339823357,0.000269396060550698,0.00122590490559313,0.000955836597747312,0.000453727752099148,0.000381851195178205,0.000284165775582082,-2.95951501468571e-06,0.000254936561972728,0.000310317774131622,-0.00018384872691137,0.000646168446320307,0.000285653113091167,0.000276651311039349,0.000215966516835713,-0.000418238232058249,0.000666879946225979,0.000468470756514481,2.27220665885543e-05,0.000489561786902076,0.000760967176313813,-0.0011612179743263,0.00174149830576392,0.00397163201673796,0.00180154378450433,-1.34295619957986e-05,-0.000663605497894097,0.0186854827817555
"420.954",0,0,0,0,0,0,0,0,0,0,0,0,0,0,0,0,0,0.0255736695188805,0.00143510199359903,0.000211057900863509,0.000409915401908855,0.000505470981973577,-0.000430697399895734,0.000743005232613944,0.000418513822331899,0.000448976052046278,4.88334267546298e-05,-0.00153349986871391,0.000210568498900936,-0.000279560464414369,-0.000599269253328113,-0.000131219205519636,-0.000458552769858379,-0.000664125178501803,-0.000524609982250695,0.000223257701401547,-0.000346257535298517,-0.000493382213039879,-0.00110492464256044,-0.0012205939049185,0.000112436993819774,-0.000666790223513106,-0.000822767325617377,-0.00069224978605758,-0.00117760507271781,-0.00092368156232976,-0.00265956384143671,-0.0014037575764645,-0.00119909594597387,-0.00245642014607658,-0.00423395318916724,-0.000217134037227703,0.0154158159957598
"425.56",0,0,0,0,0,0,0,0,0,0,0,0,0,0,0,0,0.0288356397983147,0.00235194228373754,0.000687373402987783,0.000563065482516602,0.00108702199471032,0.00012856897097279,0.00147519403112415,0.000690186010271522,0.000280465403301792,0.000542747974045788,0.00065698917382323,-0.000129087446272814,9.02755795205044e-05,0.000311186174572604,-0.000226609613206673,0.000207433864396931,7.02127822778996e-05,9.63649816507781e-06,0.000114390352473739,0.000461345600744791,4.19049043719805e-05,0.000545251054251286,0.000812075228791304,0.00051465254661737,0.000292040305328856,0.00101336032825015,-0.000194312112548865,0.00237895130840849,-0.000702487892787532,-0.00074564833246987,0.000913998916585097,0.0030461466691249,0.00363174715168994,0.00389476826789718,0.00589230841735027,0.00722307622815005,0.0187908211102845
"430.168",0,0,0,0,0,0,0,0,0,0,0,0,0,0,0,0.0296986529034066,0.0027666519659919,0.000524314274237388,0.000629321981123486,0.000275134457125278,0.000653194153399936,0.00060087413488826,0.000511786970460652,0.000619990743826936,0.000741472532339619,0.00121109807081575,-0.000554432810305198,-0.000456961863598371,0.000238867167597074,0.000223765308805379,3.27666586369877e-05,0.000321245590130895,0.00047787673412022,0.000449731246965615,0.00016791937201862,0.000653861469076456,-0.000161682353180709,0.000479524174668551,0.000297646028769204,-0.000284395035705552,-4.91756998128819e-05,-0.000123193759630495,-0.000618597568397566,0.00051260481696492,0.000123513785896863,0.000727954933551735,0.00217596874994702,0.00136412969542752,0.00313762775046683,0.00650459589436564,0.00227836575556018,0.00500185519265881,0.0180454561081499
"434.779",0,0,0,0,0,0,0,0,0,0,0,0,0,0,0.0345525088848086,0.00305354292142519,0.000295506892375882,0.000124986850505638,0.000247906935007896,5.60418218016983e-05,0.000236235126663233,-0.000212827823427703,0.000430009911735898,0.000287128652860575,0.00038645933658301,-5.00081862509216e-05,9.65834159198826e-05,0.000472959552753912,0.000299666527115196,-7.08388128710192e-05,0.000391870848217321,0.000130703718534604,-6.177162892493e-05,-0.00018878205169868,9.28360609199408e-05,-0.000165729291850872,0.000179311000567491,0.000247260335088383,-0.000699001311477808,0.000290002493952725,-7.71496309919606e-05,0.00111267212684149,0.000907226738035803,0.000873881661410041,0.000402012585327568,0.000640674068047067,0.000609126204873675,0.00186326528587364,-0.00225353391175169,-0.000634222883168828,7.40507380119666e-05,0.0029103546001118,-0.016934889524986
"439.393",0,0,0,0,0,0,0,0,0,0,0,0,0,0.0359883476309509,0.00356383644207264,0.000391954526000845,0.000789675629520109,0.000181084908246951,9.57243724725959e-05,4.96439647272172e-06,0.000849098325856787,8.10597992714911e-05,-0.000320480657007449,0.000840000975759217,0.00113896249382738,0.000370440805435187,0.000469355343025178,0.000356865518122739,0.000314718715364161,4.65127087245402e-05,-7.93533156577217e-05,-4.37544087859475e-05,-1.72247775126102e-05,9.81630677843968e-05,-3.50908753707407e-05,-0.000142925717176436,-0.000108250460779347,0.000400713101838077,0.000237234073600651,-0.000626144302326774,-9.96888044292424e-05,0.000123464948260203,0.000646574618054908,0.000154725526888601,0.000336020426286115,0.000300659053666274,-0.000274873511144113,0.000562171867673755,0.00149621236240877,6.0619611245116e-05,0.00378012715338103,0.00433689175414033,0.0539069842954627
"444.01",0,0,0,0,0,0,0,0,0,0,0,0,0.0427327293364019,0.00464496175573718,2.24138071712207e-05,-2.10354565395533e-05,-0.000220319248572822,-8.63631167279794e-05,0.000205959579409313,-0.000219014826607311,-9.20713494533426e-05,-0.000138804575762856,-0.000117520558794283,0.000507171036356939,-0.000569087411167148,0.000418114160146376,2.54323826319298e-05,-0.00029119633767035,-1.4597133770369e-05,-0.000471390817822127,-0.000159365336081796,-0.000354667562183894,-0.000137471113846911,-5.12194092258491e-05,-0.000124053615180985,-2.42302818189313e-05,-0.000680283706462536,-0.000439637625306982,-0.000280143294178728,-0.000278305804511324,-0.000207057998724082,-0.000890344022842268,-0.000211745528561459,-0.000684904280652346,-0.000244159199249547,0.00043073850171326,-0.000537519242276927,0.0013451981580305,-0.00181070325996083,-0.000824885628436785,-0.00227030176889916,-0.00510486639955408,-0.00443906020430443
"448.63",0,0,0,0,0,0,0,0,0,0,0,0.0435516292432028,0.00626488440083668,0.000297590605541418,-0.00024381782125331,0.000626761584306435,0.000398769764106012,-0.000183580805553065,-6.4104941087016e-05,0.000149861340919616,9.71487119623068e-07,0.000882205995565081,0.000328938458563542,-0.000326582431394926,-0.000481993881313377,-0.000106428161664239,5.45156963195376e-05,7.75019165549125e-05,-2.53717295292946e-05,0.000169842614092505,-0.000183166385922676,-1.49919525105237e-05,-0.000123899460532246,-0.000181219031747393,-0.000588531944243572,0.000315155353781103,0.000444749453435616,-0.000200829480678475,-0.000660807806007654,0.000258225244001296,4.4744914811127e-05,0.000241592719488635,-0.000117507601627893,6.31630166196598e-05,-5.38183799551728e-05,-0.00084765022403744,0.000135207610093614,0.00057883087399681,-0.0012607445780387,-0.000755602658167767,-0.000228025026454764,0.00260540063555529,-0.00885051237451056
"453.253",0,0,0,0,0,0,0,0,0,0,0.0374491859313375,0.00780666926848991,0.000129223609909924,9.21990249291048e-05,-0.000295207917199854,0.000364371926738853,0.000260118112457773,-0.000101209718223668,0.000609611893489633,0.000314886579349943,0.000127130754655078,0.000786732890495804,0.00143993382652961,-0.000830924879889434,0.000215993355773047,-4.74291855730973e-05,3.66590252041444e-06,0.000418007916781544,-9.9382864686089e-05,0.000506523490449859,3.64904007608895e-05,-0.000155181286643536,6.80770449330041e-05,-0.00054367371938764,-0.000313521736928284,-0.000211781585115686,0.00020409675179727,-0.000299056744915317,0.000252062195112269,-0.000100661356740541,-0.000811336420426442,-0.000132377772495912,-0.000435421614617642,0.000561346351760064,-0.000444828254367492,-0.000456342088577742,-0.00118741716646785,-0.000240346147689456,0.00142063604447777,0.00207218053723251,-2.09565362678469e-05,0.00614213803985881,8.39371402149023e-05
"457.878",0,0,0,0,0,0,0,0,0,0.0355721571176878,0.0069006158222787,-6.57656780563981e-05,-9.3910282740649e-05,-0.000357818126491857,-0.000404354782038712,0.000146900497127951,-0.00047974121043958,-0.000680779040523857,-6.15829712985191e-05,0.000193174346559116,-0.000244569634395571,-0.000304635211773555,-0.000250685294235223,-0.00034880201673267,-0.000564450744394335,-0.000182909194566272,-0.000823427995258819,-0.000340126609054548,-0.00031621256468882,-0.000486164239678742,-4.77376589517733e-05,-0.00020491591749582,-0.000239365570168931,-0.000709197187351642,-0.000647189237332204,-0.000461127774155665,-0.000486785151460213,-0.000226430137356345,-0.000954281485070589,-0.000338610370823936,-0.000183811108873232,-0.000694194948029132,-0.000753685420475741,6.99514524313402e-06,-6.91389615656268e-05,-0.000786737479638312,-0.00272974672699374,-0.00255952525200569,-0.00327354080588122,-0.00384011454208348,-0.00405181836146933,-0.00549488115357433,-0.0299705415659289
"462.506",0,0,0,0,0,0,0,0,0.0395985712761001,0.00962788863285032,0.000281241170723526,4.17235598615382e-05,-3.90513196895618e-05,-0.000379556447493913,-3.67678775949477e-05,0.000138898111294386,-0.000292690621296696,7.57625658030865e-05,0.000196154909001513,0.000763298396784925,0.000929952170976571,-0.000149424429722229,-0.000876558404419739,0.000528302669464783,-0.000452477758988434,-0.000145221033417246,0.000145582306774339,0.000491010151324067,0.000381730748398222,0.000231472500447113,-0.000313724850610108,9.89915684685611e-05,-0.00017218545996862,-0.000131893529528511,-0.000291829696129948,7.62233899281222e-05,0.000354838533041387,-0.000109319656724762,-5.23278739578577e-05,6.15692732432937e-05,-0.00043474826977215,-0.000116691305233786,0.000158486820028302,9.09635307088585e-05,-4.69813121342677e-05,3.90243154691865e-05,0.000733565107576172,-0.000330103782222094,-0.00343086400476476,0.000685316639348404,0.00192119849281274,0.00214012387390597,0.0309447183838288
"467.137",0,0,0,0,0,0,0,0.0358503923227786,0.0106879847031574,0.000138479812889962,-1.29689017083407e-05,-2.84036545372785e-05,-0.000204039975339142,0.000403243926273592,-3.55800106049641e-05,-0.000266462868685313,-8.42485092440101e-05,-0.000123479685567817,-0.000725131926131117,0.000327731442802404,0.000217295593672864,-0.000530270114836072,0.000145603583956085,-0.000707209511301047,-0.000295104546308646,-0.000136107192240858,-0.000300603965196729,-0.00042374967680013,-0.00038536881990281,4.72237025021932e-05,-0.000472691731946105,-9.49351532438418e-05,-0.000493893918472188,-0.000156650870164373,-0.000101937427186068,-0.000406665440217504,-0.000554572869773143,-0.000714397594529677,-0.000663720494814308,-0.000805782247657904,-4.46680339714373e-05,-0.000600846903017815,-0.000636120179654267,0.000709335920151541,-0.0014219193699775,-0.00205698252327723,-0.00194711346842697,-0.0020525326964771,-0.000353156938938671,-0.00485127613706084,-0.00832337318347333,-0.00518792036059725,-0.0130303651555914
"471.771",0,0,0,0,0,0,0.0356717258199452,0.0113922077467313,0.000685360556225061,-4.38501051577432e-05,3.66750382226851e-05,0.000402901607765961,0.000174760325950925,0.000498299661242791,0.000138052534221762,-8.73093052046643e-05,-0.00017998874816586,0.000242759099774509,0.000171860868140396,-0.000875935243552232,0.000193278327269057,0.000170238739260135,-0.000178775411448116,0.00031766657785632,-6.13796711144131e-05,-0.000208380202025805,0.000207958478922118,3.88212876211276e-06,0.000385580534173071,0.000209440536567175,-0.000362354675563091,0.000265146513968475,0.00015693367266446,-0.000372847221412023,0.000431756265408567,0.000177387475444715,0.000283367328231302,0.000188646131805742,0.000208629157598969,0.000535095446923542,-0.000101630737701831,-0.000220376053610363,0.000159378579444012,-0.000141903830507476,-0.00138373937466348,0.000230253169070927,0.000310445540279466,0.000860427335284858,0.000882229045305044,0.00130629218929125,0.00369583488769309,-0.000572333517645024,-0.0115210558254124
"476.407",0,0,0,0,0,0.0352485011176128,0.0130395202608289,0.000455952509948758,0.000212147124151315,-0.000101791772280389,-0.000492811459440611,-0.000335464240494036,0.000132756869132849,-0.000328379557747929,-3.05532509050699e-06,-0.000315258688942514,-0.000341765304737539,-0.000291479561416731,3.08265352554522e-05,-0.00039782126543168,-0.000534131254961363,0.000148888806198974,-0.000157237614257931,0.000273291495680263,-0.000187474620843307,-0.000189261552425187,-0.00055250275034231,-0.000196900841064603,-0.000361660856592232,-0.000467882345909841,-0.000353400554305693,-0.000683921907524711,-0.000635408600105238,-0.000389407028409638,-0.000607679606310807,-0.00012270713949183,-0.000213150136066532,-0.000447105413510224,-0.000293332882005254,-0.00065443171732103,-0.000825569335050864,-0.000257826860118883,-0.00141588854354861,-0.00115835267485329,-0.000485195592760416,-0.00044488720233109,-0.000819752540981836,-0.0024334117624732,-0.0017780605097548,-0.00308550059383169,-0.00720544078043696,-0.0121479313916023,-0.00606211009988902
"481.047",0,0,0,0,0,0.0136560595155546,0.000563291632432127,-3.44890110488296e-05,3.33265171157255e-05,-0.000170556750605971,-4.17891734386647e-05,-0.000295814651191676,-0.000360299433495715,-0.000318483214500319,-0.000509795685411821,-6.33399549071205e-05,-0.000571772115784819,1.5807427832179e-06,0.000180664549840018,-0.000309459144822384,7.04865072040121e-05,-0.00044816631219439,-0.000374012475743194,-0.000495926913673121,-6.05772800633237e-05,-0.000857149876838417,-0.000597859710537489,-0.0003161070699048,-0.000357872682954251,-0.000317438014635722,-0.000359703046226954,-0.000218429098883751,-0.000373231286672575,-0.000146199470684596,-0.000248899186084426,-0.000109944250897781,-0.000211411381747476,-0.000497948648236964,-0.000757935549642055,-0.000140403633506736,-0.000624257976365678,-0.000611465688059417,-0.000544204694830449,-0.000342905594858213,-0.000821198822437991,-0.00119734268593269,-0.00110450586052739,-8.92181451875851e-05,-0.00175861525737957,-0.00208316143533401,-0.00212315929116789,-0.00661319197181153,0.00937008683284452
"485.688",0,0,0,0,0.0188341632488918,0.00115172957658412,0.00043175416195472,0.000142886109537157,0.000228090162602911,0.000425430770443309,6.85995996317544e-05,0.000175808568296324,0.000312927633803396,5.32607168205147e-05,0.000398725978550305,0.000277484256199172,0.000575372405407761,0.000756519097990651,-5.64042933490199e-05,-0.000294588668427408,-0.000316747489192794,6.12617035002502e-05,0.000262642667994482,0.000331957900239063,0.000325569816792567,-4.4878390358952e-05,0.000310474240056963,0.000229407581723907,7.66493564363823e-05,0.000169666730918992,-7.34061164466439e-05,0.000233155936566496,0.000187000700661853,-0.000126810390703628,-8.88531161370488e-05,0.000373597307251976,-0.000317202558569367,0.000157196671980296,0.000379457472447275,-0.000322898193279025,-0.000526612593988369,0.000365572542899165,0.000612925199362244,-0.000478674671751014,0.00195715401811717,0.00063250512550173,-4.47840529324754e-05,-0.000223792410984109,-0.00145848224871583,-0.000846030291725592,0.00683677982381302,0.0134328410430489,0.0678250952270406
"490.333",0,0,0,0.0158342126576207,0.00114508212173871,0.000311046173770992,0.000248877454177206,0.000180036855740045,0.000133935578861607,0.000138910702147395,3.82682021602553e-05,0.000385710366635905,-0.00031100623179229,0.000387719768067544,0.000198277281738825,0.000462513755045065,0.000758323762411733,-0.000291840527133555,3.62881995341459e-05,0.000401299484109238,-5.8126195754863e-07,0.000739571232048029,1.0137805647691e-05,-0.000256807645120117,0.00049474555029314,0.000245151377860092,-6.82521242024e-06,0.000230578064717677,-4.70248951655446e-05,0.000283718567766544,0.000268012881773549,0.000408077472296637,-0.000370389979880477,0.000545855685096615,0.000108955195178695,-0.000655566240684692,8.45317745991897e-06,0.00054277454049398,0.000307423500168616,0.000647883561436434,0.000804259319339719,-0.00049292463408049,0.000998696085855528,0.000473517943046772,0.000375660395156377,-0.000409018614236171,-0.000723386229089696,0.000449544212828475,-0.00082414347515294,0.00192510928765544,-0.00162252759875246,0.0206436681557583,0.0260139838462658
"494.979",0,0,0.0185997424310971,0.00141313088511614,1.42286273292532e-05,-0.000264872609064292,0.000147630957351531,-0.000230967006018777,0.00025863632690509,-1.88131333421101e-05,-7.95681149369376e-05,0.000152543507784644,-0.000140560522454102,0.00018062916447883,-0.000258932683901399,0.000606167512942181,0.000152359361410448,-0.000135395495953116,0.000174121997729621,-0.000347839583319216,-0.000234786538438693,-3.66586673276886e-05,-5.5142185929665e-05,0.000574682737716089,7.5685357519109e-05,-0.000434359334855271,-4.25602010048166e-05,-0.000404200367237608,0.000182938258409645,-5.76748388838383e-05,-2.23426533688757e-05,-0.000231349264757322,0.00014903743577121,-0.000345983216442913,0.000209099204258465,-0.000502986824524581,-1.15785551225635e-05,-2.2859328478331e-05,-4.86364291108609e-05,-0.000433909643978267,-0.000871375912951371,1.41608992353949e-05,-0.00015388847331646,0.000217422753688021,0.000109624927413871,0.00083216232795939,-0.00168326175070187,-0.0016306720182194,-0.000346390633893559,-0.00373275668405676,0.00428468147672569,0.0323745006720833,-0.00462996225667467
"499.629",0,0.0197428131797842,0.00141965033531016,-0.000325113116967377,0.00028678735602203,-4.97027613701915e-06,-4.97536502600688e-05,-0.000339722020561754,0.000112926269703767,-0.000152577629439526,-0.000450200845665513,-0.000354771112180401,-2.50067573894067e-05,-0.00011682314103451,0.00023609391153092,0.000262490748081101,-0.000527423109129564,0.000257874504951415,-8.62519474193405e-05,-0.000590114430164212,-0.000544286552367731,-2.90001740884336e-05,-0.000562422261117709,0.000378545103149661,-0.00067033876855692,-6.01136132115416e-05,0.000196911802546132,-0.000169561798290796,8.62659174668151e-05,-4.38602230836065e-05,-0.00015443409888713,-0.000318558523821089,-0.000170679454964718,-0.000158822758413181,0.000282981107849836,-0.000482785478681225,-0.000155203527323908,-0.000414620567952062,-0.000448237137942328,-0.000174845279108239,-0.000719690631524814,-0.000306018097493887,0.000126774461970198,-0.000342622572597433,-0.00105336090726211,-0.00153257183217688,-0.00337491926351078,0.00172596247093142,-0.000529619230016275,0.00206425888912579,0.0101641560394902,0.0171376356630755,0.00727156084174981
"504.281",0.0201562376412465,0.00211383944440917,0.000387279404650351,0.000117649872658989,0.000106702476559294,9.10777355797805e-05,3.69048999396898e-05,5.57861671509785e-05,-0.000115083191695702,-8.24937457531557e-05,4.87649504925643e-06,0.000368707593052069,0.000483101900833271,0.00057525645500555,7.82260836690099e-05,-0.000618509019403534,2.00976327574475e-05,3.22325200374118e-05,0.000138416150743296,0.000314207477263827,0.000610657370956634,0.000372732338252248,0.000890628382697651,0.000114396193336406,0.000250517229330671,0.000218252232815293,7.13129831192587e-05,0.00023769055339393,0.000214168025049142,0.000487849825877221,0.000106090218638056,0.000146813492218532,0.000445776398704276,-8.42276345994717e-05,4.15150493880114e-05,3.6659103285413e-05,0.000101948466479793,-0.000172415986188859,-1.34016201495887e-05,0.000360534690569978,0.000214707413691064,0.000418840958541601,-0.000102183681495648,-6.78307148466096e-05,0.000444794879419114,0.00153950598173885,-0.000731982904812635,-0.0023740507994334,0.000890963778076512,0.00626556398467845,0.0353244622740393,0.0033898092484432,0.00332689407817329
"508.936",0.00299686333190702,-1.13738820028768e-05,1.09992252957483e-05,0.000251626570419507,-0.000262582180217747,7.9411347973456e-05,0.000137814663710203,-0.000258851724335568,0.000133152145202847,0.000237577163591611,0.000516810070666078,0.000435779622863218,5.75377825312853e-05,0.000361469959759995,-0.00016269872401216,6.32908050608246e-05,0.000151038361662936,1.66520116449817e-05,8.37263195302839e-05,0.000283701084728165,0.000696271716797823,-0.000387938314891208,-2.50668155789773e-05,0.000517995370134878,-0.000291192237489436,0.000195838421705939,0.000206155215582315,1.02943233629943e-05,0.000383686072115703,0.000505548851363715,0.000110252405909089,5.58806924698273e-05,0.00014244330003907,8.06506950134315e-05,0.000394383885904762,0.000204442777049193,-0.000188445949427894,-0.000321967952175839,-0.0003376198154779,0.000405397804463104,0.000491830821844631,0.000143755221677893,-2.95567349200956e-05,0.00070526252662144,9.62371489022259e-05,0.00211213727017216,0.000593963490018039,0.00145959445453906,0.00187305410007994,0.0135517781456495,0.0258582598253025,-0.000376172104946245,0.00410854578209805
"513.593",-0.000554143471177646,-0.00013559032434889,-0.000331872227022503,-0.000693381192918693,0.000127479879183067,0.000189853317195071,-0.000104134011738768,7.27808334181754e-05,-0.000177646502517181,-5.23880186142787e-05,1.75644748982509e-05,2.64700087773896e-05,-0.000428885061662783,0.000561036660362411,-0.000281853166898679,-0.000349595868978538,-0.000407275839465997,8.32365473687933e-05,8.25991569241052e-05,-0.0004477998068599,0.000116491134773135,-0.000199007566119905,0.000124509079138306,-0.000375486789366555,0.000105904508364305,-1.69284182864407e-05,-0.000178510034638264,0.000101883404185961,-0.000271016574580418,-0.000473674662522017,-0.000104694408407008,-0.000173318374388424,-0.000765769427907493,-0.000210780598121009,-3.69635174679678e-05,-0.000390296938841841,-0.000252323811253107,-0.000319061301181992,0.000142227415134373,0.000323879610928316,-0.000844459507600019,-0.000603847461866839,-0.000320249240994138,-8.2987712588129e-05,-0.000358731773463406,-0.00175659954019373,-0.000369891435388895,-0.00112023398174575,0.00302496624292702,0.0210002047767627,0.00196196705447152,0.00765349619845131,-0.00849248434921077
"518.252",-4.97296713575399e-05,-5.06323217669001e-06,-2.05443971528404e-05,-6.30767845577007e-05,-0.000116832615345033,-1.56034121561077e-05,-8.62940297940812e-05,0.000133527871730945,0.000112124906854471,0.00018874229766842,0.000196551196723904,0.000531620337219022,-0.000297074594093668,9.05926595397843e-05,8.40812089189231e-05,0.000222862321428302,-0.000301958538855745,0.000100061525621053,-0.000137778648508359,-0.000328771161821191,-0.000201424563520548,-8.8179240900457e-05,-4.46093199713429e-05,0.000251388987099107,3.17838898156865e-05,-0.000314734862796991,3.2006482399224e-05,-0.000331360501883349,0.000197541835019938,-0.00015868230497369,0.000122188995089527,0.000322314995895571,-4.80437416174921e-05,2.29298834357971e-05,-9.1999363129528e-05,-8.95850893508124e-05,0.000167531512619034,1.75301293674765e-05,0.000143062744112562,-0.00020598638508451,0.000198867551036077,-0.00107919661513758,8.49775452647262e-05,-0.000581657001905373,0.000135885668336556,-1.45154927944278e-05,-0.000171222986942308,-3.6312696052687e-05,0.0155922111661984,0.0205204885831867,-0.000987526063137411,0.00167140556099399,-0.0222903575321968
"522.914",-0.000224673072602303,-0.000325352198193186,-0.000135489090003825,0.000186314335242088,8.28355896654436e-05,-0.000259234840618498,-0.000225000353611422,-8.62790281006676e-05,0.000204097589986948,-0.000223200842064595,2.7580995308695e-06,0.000127060383259303,-0.000148711394831226,-0.000287166922864921,-0.000152891285074334,-0.000611184899154581,-0.000103124323753971,2.45401406377107e-05,0.000509067029158191,-0.000462156852087993,-6.644329933297e-05,0.000193540097504088,-0.000170399852435448,-0.000319815389679663,4.83949618684165e-05,-0.000136509236019018,-0.000164573980351878,-0.000164838315394268,-0.000638112570606855,-0.000453885070263418,-0.000343142346642221,-0.000449747047809863,-0.000292148816512424,-0.000327173588032743,-0.000324239268955649,-0.000350802496969217,-0.00011163145116525,-0.000315373169339403,-0.000447275976883707,-0.00023414515459585,-5.93141315597446e-05,0.000243148054972626,-1.65202415620781e-05,-0.001421313500742,-0.000820217730899532,-0.000557121538897801,0.000870019918443873,0.00118206786291605,0.0251158814607597,0.00430881302013297,-0.00401282890080327,-0.0099724522875296,-0.00535614945492595
"527.579",0.000816770879472347,0.000379315708160297,0.000233346419411888,0.000660377272638911,0.000468675552498442,0.000202986587208252,0.000375523705501464,0.000292270330053866,0.000427807814269182,0.000385337902204964,0.000464737007288899,0.000555609324963477,0.000242504542196277,0.000667919104116837,0.000719092295206721,0.000535703942471215,0.000598495980335623,0.000446418843053202,0.000553552474553147,0.000644109886638273,0.000543434725663027,0.000578629908965788,0.000587623648076674,0.000759230333088826,0.000450376350474836,0.000827905349224282,0.000699787157658017,0.000661439937254969,0.000542163672710187,0.00040344551538712,0.000521553334715674,0.000601000389301162,0.000895429665023835,0.000235950860571179,0.00033678297513329,0.000716138278092995,0.000462212145213997,0.000675402038154667,0.000537403366461672,0.00145366691770381,0.000224652581266197,0.000901195288596902,0.000827817508647092,0.00123643243048416,0.00117028430485698,0.00217559250607106,0.00146159608746109,0.010492264218193,0.0262359220173101,0.00582689154187926,0.00727656676008301,0.0103403453865494,0.0346202429385869
"532.245",-3.59072206935184e-05,-0.000152581452824518,-0.000144379983038945,-0.000392841777986135,-0.000336087306373873,-0.000147746738568318,-0.000150753217986651,-0.00012953815948128,-0.000219849372921923,-1.38897211344816e-05,0.000516065640024285,-0.000158168692860165,7.69524653552647e-05,-0.000504203860634693,-0.000302859648130834,0.000207798145347269,-0.000260024800924583,-3.3784634271713e-05,-0.000182554930350561,0.000258794995817898,-0.000342205430832922,-0.000508396892610832,-0.000375340856297868,-0.000831653040888553,-0.000171433166073803,-0.00024763951246325,-0.000112198133588577,-0.000135402238176831,0.000100070080733108,9.93887993651502e-05,0.00022679206688322,5.80760784461997e-05,-0.000492166941059199,0.000294072233735555,-0.000110759209001797,-0.000639534881121092,-0.000251149289767044,0.000358656430957483,-0.000241087003242176,-0.000436434591266901,-0.000196448103129822,-0.000844620754593785,-0.000175862349610236,0.000536833843092479,-0.000505569586222438,-0.000259125864022757,0.00252693298276268,0.0176018005866896,0.00684094583916467,0.000990480182059553,0.00239981544784577,-0.00074029354694221,-0.00338003903424122
"536.915",9.62124476490801e-05,0.000170664667004597,0.000688724772098835,0.00106963570898688,0.000422438923861898,0.000277841491246162,0.000153251627171497,9.44712900606394e-05,0.000501910232731046,0.000270190051804267,0.000149565184384647,0.000163052057131588,0.00044370262056375,0.000792712507175746,0.000316659244569384,0.00018714009484714,0.000484281686116945,0.000493154474916965,0.000531818592086023,0.000582351426624234,0.000775504120873973,0.00100731359640904,0.000813673736680793,0.000226105460973186,0.000338676851417594,0.0007791881033003,0.000403518150216905,0.000425671206836855,-0.000281328869866868,0.000318588686769904,0.000411859381395318,0.000239359555700343,0.000199974643605229,0.000601473705860551,0.000399638923135254,0.00087033436371236,0.000884074737956706,0.000356443726410603,0.00050946393305972,0.000691872317939009,0.000617623273744787,-0.000108104909592741,0.00200455751190062,0.000900471580764616,0.001597163063615,0.00298462111633636,0.00953244020744505,0.015724008929314,0.00303347586970102,0.00163240692236993,0.00917485669488558,0.0132261717570109,0.0138908653112613
"541.586",0.000356191206654048,0.000474810851178782,0.000152513669337593,0.000563261096708393,0.000159597382651769,0.000142146059499503,0.000150530551390772,0.000432191388592609,0.000243708498011556,0.000394823324109615,0.000276412806119102,0.000589354637195643,0.000224467379197865,6.27238354493113e-05,7.64868907101315e-06,-8.39675731102998e-05,0.000425723043350838,0.000118190299430024,9.32316971092581e-05,0.000753925089385376,0.000504411380804778,0.000189656800258711,0.000162322972952727,9.60829074178937e-05,0.000541653113339514,0.000738894475152229,0.000225553567442008,0.000488316774628188,0.000305538359466084,0.0003874575893265,0.000235573506775305,0.000604046562249962,0.000331362737680455,0.000649180322380254,0.000268175175295423,0.000507813023166029,0.000234851512149128,0.00028128189355425,7.03732952646991e-06,0.000385172011510991,0.000811719734277701,0.000458154362363831,0.000533732197400113,0.0007102259682733,0.000685321100160194,0.00222741642809434,0.0163121939626742,0.00881096277727299,-0.000758902705914639,0.0015416740075168,-0.000455458051545659,0.00715798950288414,0.0109310411374574
"546.26",-0.000148602776807221,0.000398837041340517,8.77532245406593e-05,0.000441791227785111,-0.000183725956525856,-0.000210541938752465,0.000107232705109789,4.02695390056894e-05,0.00053829327942573,-1.18247019699376e-05,-0.000214805107936778,-0.000334263761380199,6.43275813901932e-05,3.86887391917808e-05,8.49260053905891e-05,-4.6248095632141e-07,-5.66204270241569e-05,0.000212363383998631,0.000262551478292806,0.000266038066140833,3.83573052027557e-05,-0.000182058231705267,-0.000658836884480221,0.000328054365176415,-0.000269655060118567,0.0002038693889462,0.000393902622076074,0.000331559850755381,0.000516724639570965,0.000177688575476665,-4.10247057403194e-05,0.000392781046753307,0.000573461423283654,0.000227703274157555,0.0003234991369009,1.80864828602391e-05,0.000757343147214143,0.000434070296174074,9.62164398882291e-05,5.66296834240946e-05,0.000302389006312271,-0.000144432676267723,0.000372109983194447,0.000575071736766802,3.52969646282321e-05,0.00533079196913164,0.0133159480824159,0.00262069269484413,0.000968187889306825,9.96785796299488e-05,0.00146781962681583,0.00758424752265007,0.0198325178150819
"550.936",0.000108581848891633,0.000740272982307138,0.000543365269984331,0.000365699758410709,0.000197519574954464,0.000214482349437028,0.000324707802043028,0.000480445378204904,0.000436269090457308,0.000269670959912479,0.000582539332371481,0.000256027575654751,0.000726452518750892,0.000421700726889335,-9.00754401020413e-06,0.000199480608534996,0.000349898529168163,0.000401320963376672,0.00102168754079559,0.000812508393065219,0.000802890691310059,0.000328754638901195,0.000319095452965443,0.000712926269564645,4.0382969906965e-05,0.00036059893069568,2.85125710660699e-05,0.000728558289914345,0.000728265445571883,0.00022037087213556,0.000531129163275802,0.000370403803494911,4.4412314414778e-05,0.000350629137106212,0.000689852902805219,0.000564695138086057,0.000941806846118399,0.000292783144641635,0.000145108747471077,0.000844898219922375,0.000845180388738289,0.000351412390008653,0.00111166635561658,0.00196898241683971,0.00213837662996868,0.0119595767864231,0.00887573434943516,-0.000280411225888194,0.00126391406472556,0.00321024602509,-0.00210353100564793,0.00515760195868996,0.0295928962495325
"555.615",0.000112440994861837,0.000624806526429857,0.000328663046506939,0.000320128410313596,8.66626088818389e-06,0.000457896273328871,-0.000164871246773555,4.43431286445764e-05,0.000137444467239441,0.000175983677618642,9.77928280117698e-05,0.000171955039803723,0.000501983378891873,0.000352499904124785,-0.000317840125556249,-0.000347242610753063,0.000400633709993089,-3.46737842994399e-05,0.000376975928837387,6.18404910324919e-05,3.2639065526729e-05,0.000536368244949772,5.60022385257163e-05,-0.000142280285861347,3.51208224437121e-05,-0.000179640539577085,-0.000211073548566313,0.000467271126962132,-0.000186523946439051,4.3619703294432e-05,1.62866528640801e-06,0.000250649117775696,0.000141168640102928,-8.25162647294194e-05,7.95369208725397e-05,-0.000352546142292111,0.000354308853589597,0.0044696755728547,0.000469666172191701,-6.68762708405679e-05,0.000319128360134006,-3.0353547365403e-05,0.00102409575340362,0.000700184295875597,0.00620599253351446,0.0127628426004452,0.000240633356184086,0.000682656062997094,0.000847088020646689,0.00191256335307029,0.00355982062813251,-0.00248765245812563,0.00366098566557015
"560.296",-0.000333247999841519,0.000299593522188626,-0.000430631095611621,-0.00039891258261834,-0.000375727746455533,0.000309846214372531,0.000239074435613842,-7.19301167437566e-05,-2.74026030565354e-06,3.42902263589277e-05,-0.000120228413420592,-0.000219593650761743,-9.96226876757534e-05,-0.000313741434294108,0.000414868589214592,-0.000295176162456052,0.000130569936490463,-0.00022418984426951,0.000198529571101807,4.91197988729543e-05,-0.000851477316677227,-0.000398528410252179,-0.000231257603268398,-0.000313424495874784,-0.000120214697520632,-0.000614282762578028,8.85178533525749e-05,-0.000655359320264526,-0.00033795648557172,0.000109027414394108,-0.000554676566813839,-0.000397310722349368,-0.00018701500697343,-0.000472355599757958,-0.000166414102002658,-0.000385102476659502,0.000192555891078798,0.000294916189257101,-0.000660732094610563,-0.000406841738321584,-0.000548377347623339,-0.000857351441408753,0.000146003102886591,0.000260266443328744,0.0103993197032489,0.00668825082720076,-0.00119041399497211,-0.000919713288748622,-0.00328315181926264,0.000269161225625807,-0.000832879359168558,-0.00557322912509355,-0.0194927601432118
"564.979",-0.000185988774493609,-0.000697533256233806,-0.000534567764542912,-0.000497268396669146,-0.000594613765954566,0.000138475468398274,-0.000283544291119919,-3.37215401054265e-05,-4.68452454745531e-05,-0.000210266486638937,-5.37522510638383e-05,-0.000482870067991839,0.000166302726165938,0.000210187873906345,-0.000378222813388381,6.24889810857584e-05,-0.000529931817455542,0.000112553026850784,4.7598829702442e-05,-0.000373374322450435,-6.93246984813801e-05,-0.000224462067889038,0.000160393558104515,-0.000437305152145986,-0.000559576795797575,-0.000308745855809278,-0.000519219101437099,-0.000314423343271958,9.68269716095449e-05,-0.000106224165894367,-0.000385431312024269,-0.00058245262263021,-0.000229415016165161,-0.000325684115683706,-0.000261361357044012,9.83658107784393e-05,0.000349401185173773,-0.000280006046904718,-8.92492256225321e-05,-2.61579465655692e-05,0.00022958793739985,-0.000189085860792997,0.000330235137952381,0.00357188944283243,0.0116363744305422,8.5118592543551e-05,-0.000824304252982876,-0.000749474080806861,-0.00207484190132966,-0.0026366044275716,-0.00402110731992889,-0.00232712839911267,-0.0173610216756752
"569.664",0.00010265446689359,-0.000125949773846354,-0.000138856310432027,-0.000474916802251989,1.81063491239263e-05,-0.000404500643478284,0.000137065293342711,0.000230194108128215,-3.68590886159648e-05,-0.000253940659708732,5.41743861209214e-05,-0.000342781044587302,6.68494600504645e-05,-0.000211967294249333,0.000103148410388192,-7.05725561194518e-05,-0.000116716487131117,-7.89177507383366e-05,-0.000374445413020936,0.000417238993164789,-3.92083437241583e-05,0.000142277432177236,0.0001896109716692,-0.000566758275280048,-0.000241252039250082,5.98983998625304e-05,-3.9914861572139e-05,9.34081529916955e-05,-0.000429687465418877,0.000196838443238119,0.000382458148347805,5.83077898034428e-05,9.65862088104124e-05,-0.000359796015381214,0.000139711809413876,0.000360801134006497,0.00082214724503084,-0.000300217386286552,9.58205877098399e-06,-0.000258533555619558,-0.000422415740596579,0.000519381936781764,0.00130307311264407,0.0092478623541442,0.0100915906472082,-0.000599696307525167,-0.000757569732110587,0.000929052664406325,-0.000391903238136412,-0.00200047379330415,-0.000302785671013019,0.000781330744627204,0.0019265545779146
"574.351",0.000476041354652157,5.97552864986331e-05,0.000642332513993983,2.92369306430416e-05,-0.000423075423630993,0.00015468682962396,0.000191296120247685,0.000109239496194582,0.000232990259241765,0.000577773361093242,0.000474768917796155,0.000120176818373333,3.28647946492907e-05,-0.000181116210543675,0.000280256261480693,0.000548155336915804,0.000562893723300265,-0.000114833593036631,0.00076658106175441,0.000747900067846637,0.000324208476793558,0.000778315089897028,0.000188673829360503,-0.000101707432143343,0.000191045343154048,0.000144366605248622,0.000139585806024078,0.000315819881888767,0.000183809870822161,0.000196685364654195,0.000589597908574713,0.000188599492355133,0.000637907788734508,0.000474185133415492,0.000317195546199127,0.000321878443497316,0.000343723926199567,0.000459989728778324,0.000671874897311721,0.000150323249545346,0.00107242086406483,0.000737136490338857,0.00346222125487301,0.0108161357930763,0.00350470702824354,-0.00215689863509751,0.00117050429586242,0.00318971567247573,0.00111241182815398,0.00306901874543667,-0.00332668858031515,0.00925917268807938,0.008363707894273
"579.04",-2.88401458705024e-06,0.000131377752499652,0.000506091989914148,0.000437098471038077,0.000348230426960078,-4.60406093470466e-05,0.000146500717003233,9.64772625383121e-05,7.28086296937183e-05,0.000367948052013295,0.00012305600715487,-0.000186591714371767,0.000800897754969719,0.000597907427871317,0.000275193964995981,1.56303505605413e-05,0.000398389676342306,0.000178030773514969,0.000390044394734321,0.000373053423172852,0.000642621233783176,0.000611254766284697,0.000392152860609965,0.000101625866439675,0.000306121762731777,0.000650688301802674,0.000535012196987029,0.000249361083405997,0.00050141274617534,0.000784192896687935,0.000197549788784342,0.000154447489212739,0.000684198281761483,0.000241403951079521,0.000668915873673585,0.00013116055621148,0.00064570297713254,-0.000265795485012269,0.000311626013812978,0.000518251750210674,0.000793233744242062,0.000906952124395904,0.0082897027020597,0.0076708838527603,0.000460626727136672,0.00193896676298266,0.00142995657847848,0.00157262917736503,0.00319364254985943,0.00362155815642755,0.0052139030395469,-0.00099403672811344,0.0277059166003041
"583.732",0.000472274529665773,-0.000436120080298567,-0.000360052828735287,-0.000541284369990343,-0.000241841926199324,-0.000262191191920436,-0.000211157892392447,-6.55926931176345e-05,-0.000236965906063253,-7.9950821871419e-05,-8.96644898415471e-05,-0.000212012340379298,1.41538534188568e-06,-0.000827964840515122,0.000236543423386126,2.34874655256046e-05,-6.83360328216306e-05,0.000314100826986655,0.000315948086320039,0.000125113185219439,-0.000390187415046855,-0.000385781161745515,-0.000258959487829888,-0.000167266015064378,3.58680836362131e-05,-7.65361964411756e-05,-9.27058878120565e-05,-0.000476314480799428,-0.000341820421255872,0.000192080946474756,0.000373880957934842,-5.03369979591252e-05,0.000134290185182784,0.00031858569213756,-0.000423721981100215,-0.000198818032944478,-0.000489996295837849,-0.000276893935844226,-0.000251033947568041,-0.000766641519243525,0.000423202075835577,0.00183645141882676,0.00966885122072367,-0.000347289897149342,-0.000368791715536292,-0.000283075256320372,-0.00146392268723476,0.000244766503997906,-0.00203297087359837,-0.00184177321631802,-0.00368961507547564,-0.0038012440287164,-7.34502570804854e-05
"588.426",6.8109898980803e-05,-0.000686199579075543,9.673164284448e-06,-0.000240792865936166,-2.99476167647489e-05,-9.2940921111562e-05,-0.000221157046211493,0.000177796269083573,-0.000217095581665869,8.71651586591446e-05,-8.19270757051516e-05,-4.09072046410202e-05,0.000207671893918532,-0.000124358734137154,0.000106824928841695,-0.000453674172204917,7.74205855324836e-05,-0.00028794661687804,-0.000206960419976756,0.00057578487606523,-0.000496146431784653,-0.000600009767243874,-0.000123035681541652,-2.73710633808063e-05,-0.000115262762440678,0.000540582199175042,-4.4050950402801e-05,8.8643663450179e-06,-0.000513566093365176,-0.000278281853799378,-0.000192166564259656,-8.85952930016308e-05,-0.00087322739889929,-0.00073742535914917,4.80913280652642e-05,-0.000352635903197761,0.000415340201598225,-0.000136285156513299,-0.000219888216224243,0.000325223194763142,0.000502053514461998,0.00778903982777936,0.007550300535421,-0.000627252247576078,-0.0011459253130968,-0.000210037525635463,-0.000828948999904426,-0.00205866827029738,-0.000496781263012926,0.000799026176071847,-0.00138041367380367,-0.00884767081359886,0.00190376455851737
"593.121",0.000667167900037704,0.000447578848681396,5.7155846615746e-05,-0.000118584213727306,0.000364411794670651,-0.000203845770804347,0.00021193559265329,4.76755403728075e-06,-0.00010122993389477,-0.000130973859899502,0.000271277437564317,0.000363537112561212,2.56803624822783e-05,0.000329346784157721,2.64789952406991e-07,-0.000349807583994903,0.000440252716234301,0.000217199961194186,0.000317517285000032,3.75608867869015e-07,3.24571991140654e-05,0.000244578318302021,0.000371310213639123,-0.000230201182953364,-8.06630013369933e-06,0.000393445112161697,-0.000164258040413911,0.000497711592345689,0.00012882691899452,-0.000206372318001682,-0.00011560343782921,0.00038054962330504,-4.2504747237577e-05,1.11800453108546e-05,0.000126127292641601,0.000315931973976834,-0.000415546619468097,9.37912490211964e-05,0.000367467192963865,0.000118551893433532,0.00230436276079694,0.0112165755003871,0.00139985220894736,0.00112713372897055,0.00105011436410296,-0.000118818948023544,-0.00169228632561952,0.00102151242608806,7.04234910889885e-05,0.00179116498272165,0.00403950224704343,-0.000201960199316129,0.00794995029805635
"597.819",-6.90104215751441e-05,-5.70669387011998e-05,0.000373463338262684,8.58405474141735e-05,0.000398650349038198,0.000382414017564559,-6.14746162488618e-05,-0.000146799805334424,0.00016053617822918,-0.000213434004672461,0.000567153902761174,0.000448225368246489,0.000278423971805496,0.000363788395352812,-0.000223471684285838,0.000417441421799802,8.66984303705575e-05,8.1527862454248e-05,0.000461046797193428,0.000191670924798168,-4.29925062944243e-05,0.000557360623740347,0.000116101123828425,0.000169582220324574,0.000710151837227727,0.00012253861773149,5.99922386957336e-05,0.000267376887394465,0.000483405843855461,6.75550139138944e-05,-0.000135472216254735,0.000432178594201996,0.000358306551365952,0.000314273084950173,0.000107737338289476,0.000352677047955035,0.00010965862443427,7.1702842867247e-05,-0.000160203460495288,0.000313032014479734,0.00513105071985171,0.00763460431479279,0.000543025833817886,0.000967755241077067,-0.000222457306942595,0.000297373025227925,-0.000199672280049783,0.00149347947385162,0.000484824291676972,-0.00114566209218709,0.00341807923505203,-0.00609929645014925,0.00507055952751935
"602.519",-0.000653251795848087,-0.000346104396450588,0.000191214187548239,-0.000480432557022966,7.04542187651842e-05,-0.000262739866459574,-0.000307402104756146,-7.16720972800539e-05,0.000102979311885407,-6.14470497681807e-06,-0.00065567195965517,-0.0004012986656363,-0.0004639143305365,-0.000102058490411808,-0.000408863476272039,-0.000172482236427239,9.25043923068983e-06,-0.000302846787696087,-8.03876364813551e-05,-0.000341403553850937,0.000403503656323179,-0.000639757789875771,-0.000294462283822926,0.000241384196051046,0.000453864994046852,-0.000290596276598919,-6.79240263441559e-05,-0.000101425673563499,-0.000383309612495577,0.000473864533227756,-0.000698218149140881,-0.000400552616856225,0.000300903375674052,-0.000351874253736261,-0.000577022747587721,-0.000358308888352935,-0.000163148236378481,0.000441922028061053,2.58570076686836e-05,0.000355538688738241,0.0083515115155656,0.00247271084458935,-2.47529866553335e-05,-0.000719749002599992,-0.000200520029656238,-0.000724257331275818,-0.00215546192932693,-0.000422477051404408,-0.00033229802329346,0.000205613756494316,-0.011415458197449,-0.00225375883303556,-0.00287925552625647
"607.221",-0.000378526954518429,-1.05674874426721e-05,9.53249909077631e-05,-0.000273879709641322,7.12978036831884e-05,0.000199781370575326,0.000225463402772336,5.75919392979932e-05,-3.29471800432289e-05,5.70829323257724e-05,0.000319292380918781,0.000303712689955812,0.000203642082082743,-0.000260918850530847,-0.000320467241560046,1.59495440059363e-05,-0.000318003708824171,-4.69748829193118e-05,-3.15580418845605e-05,0.000138612310931195,0.000242537813094328,0.000317604793461211,0.000287336975500356,-3.07707798061895e-05,0.000217886487989474,-0.000153236678628028,-0.000443147597558134,2.47524410753658e-05,-0.000419144694334799,0.000710418614232546,-8.95512183946233e-05,-0.000340759838870918,0.000406378919213332,0.000194451701133895,8.11005476470357e-05,0.000251926740614081,-0.000106957290750194,1.51048701000733e-06,0.000541708938701655,0.00499525987372839,0.00673981986073111,-3.92570549921957e-05,0.000435439273759669,-0.0010658260320959,-0.000123925588321926,-0.000164389601775122,-0.000684915535685764,1.19775831190767e-05,0.00105092380669143,-0.000298937205336767,-0.00152790313556177,0.00620277861028632,0.00474010068874848
"611.924",0.000452458705037032,7.92789391081623e-05,0.000228900332707184,0.00028591730778815,-0.000177799070717269,0.000259759010000159,0.000150414864763279,4.66691025509023e-06,0.000296397882262737,0.000147708229029703,-0.000193354269569643,-5.17773901169269e-05,0.000365704941842481,8.6295144774184e-05,-2.64747774800664e-05,0.000201831449673084,-0.000232108248885798,0.00021512512025129,0.000153001084308998,7.45318684738419e-05,0.000215024036031236,-0.00071634068270819,0.000220280619387595,4.89852813246857e-05,-0.000130376912153468,0.00040305404986336,0.000406287224883317,0.000184555279154685,7.73184266105051e-05,-0.000131822811892081,0.000677554531227218,0.000225347159890608,0.000273425362439276,0.000627264509345721,0.000360263153933831,0.00111293482724722,0.000641482919537765,0.000532461947555889,0.00149255482838386,0.00866877773587506,0.00401773572059794,-0.00015661964687328,0.00016975449784385,0.000267434122139626,4.3680532046053e-05,-0.000480490918794974,0.000524383064261664,0.00202923310561243,0.000728220255484272,0.00357183849187367,0.00109158060149037,0.0156556062080881,0.0414891255187136
"616.63",-0.000524206782855469,7.42017864212512e-05,9.81641643960434e-05,-0.000655209038232118,-0.000268982717924588,0.000150572316994964,-0.000322684010807053,-0.000118204321899279,0.000166684701296526,0.000305883846036498,-5.87285894108361e-05,-0.000361951497039989,-0.000198541805515341,0.000159704214252056,-0.00023200038187903,-0.000212522918893816,-0.000323808906284867,-1.91530630701059e-05,-0.000613393888120932,-0.000615119491437827,-0.000543310091799279,6.55520139313934e-08,8.16810769022726e-05,0.000296552981427709,-0.000187352255695259,0.000181861799099499,-0.000191297572173488,-0.000316878227590021,-0.000331594227253014,-0.000195575774165853,-6.43631498918397e-05,-0.000150761054110607,-0.000340462866603458,-0.000120976633282223,-0.000522217706480985,0.000107314459122034,0.000118838318322164,-0.000302848018117146,0.003369697367231,0.00690622890137826,0.000415852659972352,-0.000716486495773718,0.000419212506966659,-0.000261700501808963,-0.0015515706189675,-0.00021301694072241,-0.000375928704081013,6.5288064551781e-05,-0.000902626593111826,-0.00176133099789601,-0.00167106184903984,-0.00422159996690107,-0.00515081276200771
"621.338",-1.53811263523363e-05,0.000459704254672894,0.000222110383253761,0.000191304333857974,-0.000179695545971137,0.000297711118064942,0.00018838712028528,-0.000173395410598131,0.0002747368180555,4.57724670615933e-05,-0.000131626960048882,3.59480369732196e-05,0.000429649159405946,8.90434156780249e-05,0.000182368874573647,-0.000222092284838195,-0.000226761598613374,-4.73971628661753e-05,8.43211026317555e-05,-0.000186057067913002,0.000526914916216881,-0.000440693757985096,-0.000215109315269366,0.0004398640411031,9.38191963796595e-05,-0.000146821652331728,-0.000172989019312579,-0.000188647694708844,0.000253331407447437,-0.000176432476911765,0.000249412791982401,5.48664249464025e-05,0.000313284886432454,0.00011097930732575,0.000266022965707367,0.000702314146618885,0.000450143588913288,0.000314970739631863,0.00582434356626323,0.00272269376710248,0.000181704221500252,-0.000467733172531397,-0.000349833250199975,7.84511501566068e-05,0.000686481415104117,0.000622287280180812,-0.000207908853495333,0.002279884199754,0.000443467995776884,0.000138452787756154,0.00225066511971883,0.0102114039190289,0.0102682769623573
"626.047",-0.00014300700578698,-0.000541714350110337,-0.000889549261114908,-0.000182414454871132,-0.000548158953723121,-0.000452436884463905,-0.000108594585116167,-0.000350296291978364,-0.000322266191959568,-0.000119300541707511,-0.00042107138300618,-0.000306831099077626,-0.000515661782945763,-0.000674543029652004,-0.00024406517362289,-8.65937397130255e-05,-0.000522163705467782,-9.58246507215552e-06,-0.000105208092648508,-0.000804890076985462,-0.000441812728087827,-0.000435413574235091,-0.000817767861482039,-3.95302601416808e-05,-0.000561096248443514,-0.000305346966442494,-0.000365632482436453,-0.000529049490634325,-0.000537030364314986,-0.000623768720028362,-0.00049936152744586,-0.000692075388715241,-4.46281220985635e-05,-0.000296825470943146,-0.000407822992664878,-8.60185919107346e-05,-0.000290498327766164,0.00233678684466984,0.00591450563687796,-0.000937429060952366,3.22043693824819e-05,-0.00116439911934978,-0.000885415097235433,-0.00152049144814936,-0.00230660798812459,-0.00243732874999769,-0.00163517071069525,-0.00318917387796913,-0.00133064872933318,-0.00484152016016558,0.00203475279768311,-0.00622850124808882,-0.0431747946216704
"630.758",0.000383154492557559,0.000526193061675761,0.000567620323381591,-0.000343025050276196,0.000544318441350815,-0.000209444189172499,0.000505692276118747,-0.00013670680198397,6.86811844669813e-05,-9.39628925793464e-05,0.000247209748559191,0.000106540238166557,-0.000353325394131979,0.000334946488206082,-0.000106267441499804,-6.11249042063976e-05,0.000157555909456577,0.000486022019387536,-2.2523083672967e-05,-0.000111664205405361,-6.80649687254078e-05,-0.000208463568058027,-0.000105254488256306,-0.000175595735807682,4.72300358591459e-05,-0.0001311844102335,-0.000120896207409746,-0.000426596173222,-0.000286724699476285,-7.57322722954007e-05,3.32358977974787e-05,-0.000139679267310442,0.000593731629828074,2.55852427875493e-05,0.000276064940677034,-7.69693875726187e-05,0.000603211966381073,0.00582393321357207,0.003376233707144,-0.000166798172980995,-0.000171894939800144,0.000206063125392718,0.000935700277260555,-0.000506042134097847,-4.61088865223881e-05,-0.000256994584825487,-0.00117204444196357,-0.00247256020191167,-0.000418770467380242,4.57643936321375e-05,0.000447520473544126,-0.00238804101186408,-0.00267017018039632
"635.471",0.000735560764751641,0.000360452084549191,-0.00010342250199895,8.95588943571673e-05,1.76721744284982e-05,-0.000211993348096803,-0.000129009088696445,8.17016631751715e-05,6.93777057748029e-05,0.000269887890210502,-2.24116284934772e-05,0.000571724018616837,-6.46757050044581e-05,0.000457272370512238,0.000294572553188844,0.000758853145955655,0.000177523810734005,0.000597682590233731,0.00022664008549392,-0.000216707507850005,0.000346766968056408,0.000178932286869713,6.23153789169541e-05,9.46185110749261e-06,-0.000290925718263827,8.42489970948702e-05,0.000361818412062915,0.000120855944114818,4.52495049260601e-05,0.000382978577337115,0.000726922318228382,7.06300491023584e-05,0.000376509813325201,0.000288334663674857,0.000785669270721582,0.000881187221398443,0.00281313237178858,0.0063194863386611,0.000908238990320392,0.000362643043112438,0.000149531153044472,-0.000739040635459462,-7.1611993446177e-05,0.000291013590146922,0.000485291597370147,0.000599975378965584,-0.000249022668404215,0.00290044653356829,0.00253219405792373,-0.000300248574687963,0.0067834408515727,0.0045935762682638,0.0169058735755049
"640.186",-0.000427998538596404,5.96207768962818e-05,0.000128149336054174,1.9281865414526e-05,5.10793634297561e-05,-6.22720993176855e-05,-0.000199680642639927,8.19113975400797e-05,-0.00019045729340571,-4.72589573557928e-05,3.85245041391007e-05,7.10267910660498e-05,0.000149617613921838,-0.000403686167852814,-8.94922518425763e-05,5.28558138671125e-05,0.000149766318901372,0.000314067070091996,-0.000107119577634413,-0.000181815010681831,-0.000348675742958117,0.000125988833298015,-0.000884090594110305,-0.000339794874332646,-0.000573761741736777,0.00015154004675409,-0.000268044727318622,6.87064595690739e-05,0.000318284473264734,-0.000249616200878581,-1.70360035157452e-05,-0.000376221249805772,-3.89319055597644e-05,-0.00039053682776842,0.000433858685042383,0.000131502862609301,0.00441450547441458,0.00378418232623535,-0.000575037024701755,-0.000348269369834759,-0.000680963822995969,-0.000985601981041685,0.000294471140144571,0.000958416324121672,-0.00136697277727097,0.000827778692756947,6.09299652079746e-05,-0.000300856261739557,-0.00212997376567873,-0.00150623416208448,-0.000571780048644651,-0.00153400638725661,0.00222341811671273
"644.903",-0.000696018387452968,-0.000482231309650809,-0.000761611871638302,-0.000348399879547942,-0.000232873213674969,-0.000348855356393319,-0.000197542287297764,0.000160119853261892,-0.00022199815361329,-0.000425091237381226,-0.000595924946337218,-0.00100511171545133,-0.000277679587100092,5.52470968600163e-05,-0.000344396122681481,-0.000492615480641159,-0.00031291720484494,-0.000894693605339649,-0.000425769064538125,0.000170559999367045,-0.000581838046021614,-0.000995177184797091,-0.000640170465933141,-7.34156694575403e-05,-0.000119225698411269,-0.000822395140584952,-0.000395260609150874,-0.000360799611492234,0.000413625562121459,-0.000580427783237064,-0.000575238398131226,-0.000436493137983952,-0.000397200546316129,-0.000151856734918327,-0.000128523695111343,0.000895528803305444,0.00475117869040971,0.000762885067503464,0.00022779160931395,-0.000583165687411412,-0.000281754751804142,-0.000506729666295208,-0.000723286312299303,-0.00125889669090229,-0.000915534278255614,-0.00121466719476092,-0.000220129919855927,-0.00107819652592329,-0.00237390904110642,-0.0023491254130132,-0.00036454672461628,-0.00864506875793865,-0.0454454763526154
"649.621",0.000346016349488996,9.91289702118332e-05,6.48564812092529e-05,1.87834476059964e-05,-0.00045888362075945,-0.000407292896126592,-0.000275855323283145,-0.000104853497320274,-0.000195082560350704,0.000229354014984017,2.33673022417695e-05,0.000137001699074428,0.000153469264779338,0.000142238523613562,-4.47409014528527e-05,-0.000470698620781421,-1.9321760856882e-05,-0.000110141229385246,0.000299750644430266,-0.000139811958610979,-8.02791304092837e-05,-0.000344619203756835,0.000456895658014513,0.000200008421116606,3.00812186446895e-05,-0.000370164228277881,-0.000182089242460596,-0.000496292949925941,-5.66994744284321e-05,-8.3987159264938e-05,0.000224895643639591,-0.000169992489880828,1.55487710375206e-05,-4.93591128948262e-05,-0.000251105681280524,0.00337424768114856,0.00260530833770171,7.27506014834261e-05,2.20549493722728e-05,-0.000610403773572888,-0.000393458750535053,-6.99350588590636e-05,-8.44857466065236e-05,-0.00103805897726554,-0.0013682040596499,-0.00176515320599098,0.00027335565647982,0.000118262902260029,-0.00165937888285347,-0.00260210690569471,0.0075793337729602,-0.00202325881734637,-0.0122960042594452
"654.341",-5.52301012201743e-05,-0.000398473089942104,2.27207877102133e-05,-0.000428359974435969,-0.000380043619289743,-0.000145182504637102,-0.000129176830739179,-0.000181079972137856,-0.00016839823758112,0.000189996032972196,-0.000227482572708704,0.000307535018126474,0.000195955045112968,-0.000401842118957835,0.000333640901884651,-0.000433038881299661,1.00757083379597e-05,-0.000112822760794847,-4.64430192748046e-05,-0.000617281151165447,0.000234193831227465,0.000264605312250953,-0.000120749462841285,0.000501818435168174,-0.00026216289211529,-3.11629695750563e-05,-1.98953190232271e-05,0.000143905152814293,-0.000592470737494423,-0.000691685479540207,-0.000334141213990342,-2.12024927608546e-05,-0.000257475757651773,0.000325465250440702,0.000506266336918506,0.0037947595802022,9.25701417497718e-05,-0.000309885263152076,0.00011315025239687,-0.000334987172989191,-0.00029945299874089,-0.000367357270585416,-0.000318124052530656,-0.00017197011911535,0.00133902595683895,-0.000180521602167857,-0.00174273372969101,-0.000766155619932917,-0.000932784844757192,0.0016478793578489,-0.00275942110095247,-0.000456542065474042,0.0210465151143803
"659.063",-0.000613452903856778,-0.00144441273177956,3.15090158705506e-05,-0.000103003691664134,-0.000365220604287883,-0.000516701128642839,-8.1049513926758e-05,-0.000321803894260021,-9.04605539244489e-05,-0.000398314022153453,-0.000268694796216667,-0.000413759716745831,-0.00077812270249823,-0.000540853211183652,-0.00021458039175103,-0.000594538926896,-0.00104171629898243,-0.000474460956874442,-0.000554910055704724,-0.000695407534582929,-0.000464945833513655,-0.000509889458403167,-0.000619943461147508,-0.000193325880932594,-0.000478273219992128,0.000149224943413971,-0.000606184830245245,-0.000381772589727192,-0.000529300358979304,-0.000610301261225218,-0.000616626258876556,-0.00046464043390967,-0.000647870623819913,-0.000494717048308266,0.00214587526532757,0.0031767590811573,5.613892718811e-05,5.61724386812992e-05,-0.000444603710394906,-0.000182191489677962,-0.0011709728983679,0.000148429280533815,-0.000185774454860821,-0.000659300092097948,-0.000604351413309054,-0.00162769123404908,-0.00218309826937146,-0.00346920301506961,-0.00146896572220921,-0.00523853165618766,-0.00374320933510046,-0.00437409485306057,-0.0399750397891149
"663.787",-0.000732741951790331,-0.000322478124883637,-0.000402436245627591,-0.000294609737901479,-0.000307756088426664,-0.000418594264356802,-0.000539013257863276,-0.000190580540235933,-0.000111193630190376,-0.000303253012406025,-4.07278137015379e-05,-0.00038124465522155,-0.000259980320547409,-0.000313388316780224,-0.000419004529087157,-0.000321173925858326,-0.000348651676506961,0.000250964838431536,-0.000263973378009749,-0.000377251407055278,-0.0002516557355982,-0.000496348355165962,-0.000584625514730108,0.000108172261123414,-0.000675339694653858,-0.000393953487072388,-9.29186723471822e-08,-0.000251560560103089,-0.000358829678217574,-0.000521473195140548,-0.000654640459411405,-0.000185488207590243,2.91400336868829e-05,0.000476605726662848,0.00379364263752208,0.00105084895623106,-0.000450159261393953,-0.000228556641591401,6.19355178637591e-05,0.000132933733014559,3.17744262541518e-05,-0.000316841715979049,-0.000721891988047744,-4.72902617208574e-06,-0.00159814081695697,0.000339630553357165,-0.00213996816002877,-0.00121787006573469,-0.00160894444929644,-0.0031722149597321,0.000241974397021459,-0.0133082201289781,-0.0206192810795062
"668.512",-0.000193148340002736,0.000437913483718549,-2.25469776825212e-05,0.000201695881249131,-3.6537046586006e-05,0.000117309159365872,-0.000101196982717578,-0.000153773963201317,0.000619670343483878,0.000102002873192972,0.000356929237387191,-5.81212068393794e-05,-0.000211595947626008,-0.000304326186658665,8.6126077052239e-05,0.000332573855088436,-0.000220565890223299,0.000126221017554363,0.000173401010519903,0.000660711893749329,5.06523238691736e-05,4.55956381569621e-05,0.000248501682957452,0.000210033927341041,5.14187607777442e-05,0.000538555424977728,0.000261585863720509,-6.8388050042649e-05,-0.000149255818722606,5.84777862635785e-05,-1.9623640718986e-05,0.000299501472600882,0.000151664714862563,0.00184617599731548,0.00380825218703565,-1.54364387001114e-05,-0.000142505320298647,0.000221418663695653,-0.000172301267652172,0.000191370478432693,0.000846535557468379,0.000575478805829943,-0.000206072835255882,0.000816161181133017,0.000244681977119299,-0.000748973802450454,0.000637219482760958,0.00120854685809943,-0.00145762935794091,0.00140480889190577,-0.00121917216278443,-0.00494056379174478,-0.0053605601244417
"673.238",-0.000633257711993683,-0.000315928455187439,0.000213857695850509,-5.48363218394978e-05,0.000182358906447522,-0.000228972509715104,-8.20684035505109e-06,-0.000513093118539316,0.000224069486121824,-5.86569465864557e-05,-0.000220261837628878,-0.000212700964349364,-0.000426876777691544,0.000177712747620887,-4.87334376979756e-07,0.000104349173492887,-0.000495805338885097,-4.32472151807295e-05,-8.35172065086004e-05,-0.000740556443899465,7.13091981829388e-05,0.000204394568801878,-4.74124611469182e-05,0.000219716192083818,-0.000453554442317277,2.96523010671986e-05,7.8269953504585e-05,0.000118215085607617,-0.000254379472421829,-0.000601434516346474,-0.000439244576214912,-5.70871315950319e-05,0.000517084004875586,0.00360357215499366,0.00122508516247445,0.000274765338937014,-0.000487641139454881,2.37559627434332e-05,0.000340096414718562,0.00045435494301471,-0.000117027234318356,0.00046054915091669,0.000820757391953344,-0.000260164609644814,-0.000522761600983056,-0.00086932399070712,0.000282595287769435,-0.00294926590883527,-0.00135093298067485,-0.001186393144605,0.0014941881803674,-0.0123082308652165,-0.042073202604016
"677.967",-0.000169458252789557,0.000122647917646658,0.000145438507868258,8.4857671241486e-05,0.000384379609639057,-7.54721041107259e-05,-0.000136416685331222,-5.00183889945087e-05,0.000200670641830558,0.000102733889726051,0.000154790794121025,-0.000136375912767891,-8.4789406111336e-05,0.000147401940816401,0.000261930140788324,-2.02658070088239e-05,9.10275520409794e-05,-0.000321548006552195,-0.000374808153584423,-0.000349060655492378,-4.18575366111803e-05,-3.48956669984882e-05,0.000584570781267265,5.52322923202312e-05,0.000326766788108655,0.000130327990955082,0.000331648565243725,0.000271723152227072,-3.75781172714882e-05,5.89927412058107e-06,-7.04831645725921e-05,0.000357925366062205,0.00243020084694419,0.00391846733023016,0.00056709555491651,0.000231766433192291,0.000305682550373685,-0.000246684320998661,0.000661906672988035,0.000614950505214382,0.000687653929010396,-0.000156978867597378,0.000180032873675511,-0.000690335455360667,0.000570577658385613,0.000676634350548977,0.000898034852990826,-0.000592247834280731,0.000545403846098548,-0.00245341283859591,0.00638588032144079,0.00381444823190051,-0.00994022834031056
"682.696",0.000483841528530397,0.000648202833221556,-0.00020534471280776,-0.000349507817321453,0.000166630504520905,2.52304906455211e-05,0.000291930581303622,-5.16807118912795e-07,0.00060319722317575,0.000156092426176699,0.000994975419443136,0.000522149638718293,5.18097765357486e-05,-0.000152491010766316,-8.94713588734152e-05,1.02621585743389e-05,0.000370137539170556,-5.40121496515255e-05,0.000117474132497477,-3.97890610862154e-05,0.00110190958180781,-0.000326078067102852,0.000706566595672286,-0.000216107555487953,0.000189931238926011,-0.000187943343093294,0.00023346041590242,0.00017289965432785,0.000151953903510694,0.000413488303560597,0.000154596049193651,0.000528374502927392,0.00413676714525965,0.00187550963785029,7.88115343322567e-05,5.33149439763893e-05,-0.000388557318287885,0.000290380002152758,-0.000319162817033222,0.000278416129718674,-0.000459255739829148,0.000902630352016575,0.00033294474331673,-0.000173286424042918,-0.000253876193348182,0.000821277071762559,0.00179054462078261,0.00150039543520692,0.000856029025082672,0.0038883537546092,-0.00115581847470444,-0.00506287438757857,0.000608057086344358
"687.428",-0.000230361854547045,-0.00057747675245401,-7.01211938039766e-05,0.000283037088530299,7.51576223727494e-05,-0.00011269246630457,-0.000215781553630581,-0.000339605071556732,-0.000543863039916906,0.000149864282327201,7.40365436832942e-05,-0.000326964459679748,-0.000229395186542827,-0.000225044042607102,-0.000325596096644849,-0.000332832403160772,-0.00023901546415302,-0.00070726033225179,7.05709395781106e-05,-3.91000001061305e-05,-0.000301401287960434,-0.000620273895127504,-0.000537621014936638,-0.00022949720801702,-0.00037695579536279,-0.000524593881431057,-9.66546466276495e-05,-0.000485489429854626,-5.34502680548262e-05,-0.000291954430808327,-0.000444931279337444,0.00133078270665993,0.00284624071623806,1.26383589343568e-05,-0.000406451330309347,0.000548780058244311,-0.000452546764644409,3.53175482635087e-05,0.000216068321572277,-0.000577950264203448,0.000220700235891161,-0.000412171363981305,-0.000206817967035137,-0.00186991669224179,-0.00117417079854329,0.000484052464548026,-0.00226037469507714,-0.0020393039933121,-0.000243525781413572,-0.00473534136500279,-0.00319526704132689,0.000485129355056334,-0.00470644610428479
"692.16",0.00018483222585447,-0.000132507422463841,0.000279221888565118,0.000296444976039092,0.00043257131219689,0.000251803193981011,0.000137370714752917,-8.52154493462024e-05,8.38343981045449e-05,-5.2365722177887e-05,0.000110053641233459,0.000289134440437158,0.000313988144074205,0.000397679964760134,0.000139803511361839,-0.00020730836335609,0.000395945773485437,0.000711903150978503,8.40346543023088e-05,0.000216526170354218,-0.000188801772464341,-3.32222540791983e-05,9.96238586744138e-06,0.000318224350313904,0.0005062138546836,0.000379234846062553,-0.000188238792712723,3.14055952302958e-05,-0.000260951186304848,0.000293628632170106,0.000148787455266404,0.00325584586423978,0.00177558739033828,-1.31886157096279e-05,-7.97754403768216e-05,0.000368091933124471,9.31416045903529e-06,0.000112829801930786,0.000400467177673397,-0.000407759696521485,0.000593918880389661,-0.000339063160256536,0.000909654281832084,0.000235787425084181,0.00106838460449199,0.00169645893883758,0.00077978358612786,0.000995501423349741,0.000510046355637613,-0.000322333032821507,0.00270173519508935,0.0104956975313136,0.0168721804309961
"696.895",0.000722678831776791,-0.000497123307620615,-1.22287468897067e-05,0.000627879183558327,4.60218749195653e-05,0.000129435139041055,-0.000179830350561041,0.000176874762840876,-0.000175032428734943,6.79075327988422e-06,1.65522592183645e-05,-0.000441811372537768,-0.000327688528873137,-0.000524761299134991,-0.0002114053595112,-1.00609414666199e-05,-0.000116107152228174,-0.000144790683547158,0.000215781642770238,-0.000524647285887311,9.42109287537633e-08,0.000423583085207951,-0.000569941098669012,-4.81877006637841e-05,5.29829632965856e-05,-0.000741493601851456,3.87245433618534e-05,-5.46045089228151e-05,-0.000319723478739564,0.000268805192592667,0.000773714717932467,0.00288052513628373,0.000360547149332601,5.62373464807365e-05,0.00011878614531872,-0.000501733096849579,-0.000187665828982448,-0.000166114929212033,0.000143884395746208,-0.000873756426346729,-0.000114390767011595,-0.000435028514949758,0.000111968370414604,-0.000198483864172674,0.00025304508090888,-0.000968549197402882,0.00144368734793759,-0.00134111181918172,0.000217759449763869,0.0016802230536636,-0.00092457495807895,-0.00294907309861579,-0.0113460347803524
"701.63",0.000292306495120655,0.000329123542818422,0.000414811779587349,-0.000210362230210023,0.000767323040813587,0.000221401222912093,3.99062613162125e-05,-3.45939735643239e-05,0.000130524173061623,0.000359357674998602,0.000596720492884897,-0.000192015927271922,0.00021145843419321,7.34363674673035e-05,0.000343536203195554,0.000229960712461056,0.000221509276809378,0.000444192474534014,0.000486994648493342,0.000632453788848024,7.75103432598482e-05,-0.00046434560079591,-0.000155250380813758,7.12747053996239e-05,-0.000185990384799577,0.000352710253215814,0.000231743019039937,0.000618242075176055,0.000298864024841644,0.000662668509451775,0.00203720356194885,0.00190337010776441,-9.98089638519633e-05,0.000115465916198307,0.000284932344995188,0.000503171139767808,-0.000349003836127802,0.000180943848629623,0.000761212118807241,0.000559992394562837,-0.000432882980982286,0.000329544186723867,-0.000483867504558918,-0.00017124504161851,0.0016913981059101,-0.00172405656491041,0.000522073702998405,-0.00100818470685836,-0.000527090562711562,-0.00238344430809203,0.00494892653139377,0.00817785417242413,0.0258243356925379
"706.367",0.00021983391986923,-0.000134775432374523,0.000109285180555625,-0.0002398283518375,-4.82879778793008e-05,-0.000126693932185374,-9.61064441291085e-05,5.68809252906148e-06,0.000383169276604028,0.000348502703079832,-0.000406335552410633,-0.000389743350136517,0.000150192743389383,-0.000440231586054797,-0.00037687424716472,-0.000193004752576367,-0.000502703987184082,0.00102285727483378,-4.88689807591477e-05,0.000705925133720642,1.24641924879159e-05,-3.70153444586089e-05,-0.000315523350002296,0.000198828506071416,0.000399819294777235,-4.44371485363237e-05,-5.78316353313193e-05,0.000486981289057185,-0.000103034216760961,0.00100202799226826,0.00234116772317032,0.000161658632872948,-0.000287536976847802,0.000601456074753037,4.20499069100554e-05,-8.56072832513558e-05,-4.03944347527056e-06,-0.000426345855866624,0.000401720641498768,-0.000303887491534071,-0.000195415361645543,4.92090959229296e-05,-0.000567687473205995,-0.000633155480669733,-0.000423477363128178,-0.00060599986881265,-0.000230486884012328,-0.000940645862119705,0.00154309156890493,0.000483726883726363,-0.00186674717537928,-0.000752705309275054,-0.0112507025347384
"711.106",4.2851539767374e-05,0.000654803290309623,0.000179302725518955,-4.63884493089194e-05,3.95475880848266e-05,0.000587194590836216,3.89734698842375e-05,9.37817790621769e-05,-8.02069657864013e-05,0.000156367227518963,0.000427584438715385,0.000165463767739206,-8.6090683198687e-05,-0.000614125846349704,0.00038009640804547,0.000694628057060798,-0.000259880924177641,-3.37817804394948e-05,0.000174558477825073,0.000170976309331703,0.000299517734695342,0.000401710402422251,0.00075638972225081,-0.000262263910746098,0.000268394374506565,-0.000186687052504311,0.000178855655818704,0.000351202209290153,8.72487118388572e-05,0.00224528741082518,0.00126273646536735,0.000195766239505194,-0.000207711650510547,0.000337964667418913,0.000370717517178415,-2.73178738234917e-05,0.000120179879031913,0.00025667943993725,7.43437919576214e-05,-0.000171174337215897,0.000210679083681302,4.82805381309096e-05,-0.000318357469280454,8.97495433067477e-05,-0.000160836533231995,-3.56003105574836e-05,0.000645180118057222,-0.00109113133865129,0.00106104161823042,-0.000170331318935197,-0.00201551121415499,0.000760088330817635,-0.00335344590747689
"715.845",-0.000892495308277986,-5.89302152091865e-05,-0.00019413505476084,-0.00107325893216965,-0.000446261026601229,-0.000566573007740089,-0.000211826982139343,0.000113193853617773,-0.000229533354692391,-0.000308867248543016,8.2317984017839e-06,-0.000178080600653723,-0.000572413682613638,2.15994861908569e-05,-0.00028230639819256,-0.00055808811266432,-0.000164573595716473,-0.000471518168214466,-0.000277920099817966,-0.000547730241749198,-0.0011326362452422,-0.00101065351813358,-8.91597296975667e-05,-0.000526483208266074,-0.000205827459405503,-0.00116191332907594,-9.97211187179699e-05,0.000497361981792316,-0.000237102594593273,0.00194108365795951,-9.11336623236727e-05,-0.00125691104751428,-0.000446341083564134,0.000230662769109933,-0.000254729686562949,-0.00039118637380338,-0.000388480498536082,4.21850679943386e-06,-0.000552037756593569,-0.000786779850234098,0.00065681957757159,7.09307918792712e-05,-0.00175004090539361,-0.000135990007536405,-0.00148265950994078,-0.000202718362684791,-0.00270354354597618,0.00364934410150354,-0.000665242660048308,-0.00203673634872821,-0.0126870964896576,0.00538374590717396,-0.020090074237744
"720.586",0.00107601846917333,-0.000494807939818675,0.000547828397301651,5.3174183985351e-05,4.06865571636482e-05,5.49720415944067e-05,-1.26218222266543e-06,1.66951697147814e-08,0.000168910270577513,0.000285211328835123,0.000140406953892327,0.00041944200782969,0.000273365858697996,0.000213395558332979,-0.000127543024972068,0.000766240503065042,0.000241095757875759,0.000183429165702422,0.000479827380121875,0.000159773371002171,0.000514132841515788,-2.65399662986235e-05,-0.000100625156163884,6.8160608375637e-05,0.000544784660114817,0.00056417313505599,-1.62106795280124e-05,0.000623521736937786,0.00190018216953959,0.00127934886077278,0.00032588296897735,0.000257045297785395,0.000235297792777559,-2.61178413817473e-05,0.000193805383717234,-0.000393465513611992,3.29159243068621e-05,0.000789036445381267,0.000358310773021159,0.000612598916019069,1.38277717183281e-05,-0.000431500255401841,0.00107143737246804,0.00111716479082701,0.00147870175381297,0.000508660812048317,0.000301590770004735,0.00131756720382749,-0.000822367748154831,0.00380212621452599,0.0097074576098723,0.0185041252938389,0.000749834815357658
"725.329",0.00174910580120229,0.00156461244563375,0.000754668785108701,0.000757964836784842,0.000913692106936242,0.000815340889874055,0.000216110260818755,0.000654631735994854,0.000602677625469562,0.000521827729463862,0.000160111878547994,0.00116719158786174,0.000834525403682892,0.000152674058057087,0.000538396642102678,0.000922284104679924,0.000932106624937116,0.000419625140811869,0.000959950702596873,0.00105664263287804,0.000720047861610538,0.000462209437352089,0.000862096180591474,0.00100720406725442,0.000988325429129992,0.000780871720634328,0.000558762027793092,0.0012237478808949,0.00252431540386378,0.000965603625401767,0.00114656781164707,0.000993128788935159,0.000502587858075951,0.00135211588308947,0.00111481049357367,0.000435573295285888,0.00120562498146865,0.000350708625954335,0.00090516740144939,0.000671288782005435,0.00121670984564238,0.00119826730495766,0.00213243315260287,0.00201345689816565,0.00023951178371508,0.00163569392725734,0.00117786552189723,0.00114783890987987,0.0030570521536662,0.00342623529795543,0.00476741663509196,0.0252343092962248,0.0542488213768822
"730.072",0.000836652126508168,0.000165930327474284,0.000910060247832905,0.00030495819223018,0.000596142160244007,6.5147195945569e-05,0.000422330252984332,0.00013442949361163,0.000248254383195084,0.000533563733424998,0.000558075843352772,0.000182471908435323,0.000549035788696379,0.000700224127030379,0.00061720540394912,0.000570138078286295,0.000570148650336318,0.000163685003271038,0.000476539087671031,0.000763685246813567,0.00120915896264354,0.000869222161613855,0.000366589198150322,4.05328390214667e-05,0.00106564943921742,4.4201061115912e-05,0.000517970709461622,0.00226914477971109,0.00187949456644589,0.000126596172578339,0.000370178753893614,0.00046778515829087,0.000685636338009142,0.000777275766202724,0.000314864895958683,0.000421077933608244,-8.12516031884578e-05,0.000571784294826011,0.00036609819010966,0.000942662379081164,0.000809003206297961,0.000842850339623381,0.000592236863272759,0.00193525712739022,0.00200545852170754,0.00112631356869648,0.00287382823907706,0.00212884809388859,0.00074866137176663,0.00519579087819068,0.00881862325078014,0.0183235087517365,0.0260098400175949
"734.817",-0.000717430786724372,0.000823451214876356,-0.00023810243087837,0.000379848725160279,0.000480259934222566,-0.000132274623653406,7.6194845731995e-05,0.000172011027857544,0.000118097622564193,0.000415578143434276,0.000418479521980981,0.000559166155623557,0.000350863895485813,-0.000176541504465619,0.000416437855805731,-0.000670276346888026,0.00089966198689784,0.000165531434175397,0.000168580202559807,-0.000139312983376634,-0.000284246277072871,-0.000281196628832481,0.000507336021011184,0.000243746283119103,0.000604259950528343,0.000439571684891064,-0.000222400208663392,0.00205562205353152,0.000279121355637288,0.000495324846413895,0.000307085300723034,7.72671537919e-05,0.000199983720637033,0.000310317497289466,-0.000311104587781046,-0.000156853418844079,-0.000269983287460093,0.000909384965998419,0.000115671380628786,4.2604466089509e-05,-0.000830729773613483,-0.00011746917013064,-0.000573171770092761,0.000752210019114292,-0.000910697405604368,0.00150641164386926,0.000199416596466502,-7.99310526970701e-05,-0.000672922548296117,0.00312136217166437,-0.000695493162040775,0.0163442459941582,-0.00327239297552629
"739.563",-0.000240362789382955,0.000208276157201384,-0.000267405942919311,-3.67873255293837e-05,-0.000404476053585904,-0.000543189623134886,-4.41293992451643e-05,3.08152128833129e-05,-3.53693080869941e-05,-1.68308361390136e-05,0.000385457625695726,0.000239040251710906,0.000136494002365991,-0.000111956875761254,-0.000607437011992523,-5.78077375639797e-07,0.000193848898210892,-0.000323737211296747,0.000352620991491395,-0.000988099402815131,8.1264439323948e-05,0.000281560030818053,-0.000464569108817596,-1.52805152283078e-05,9.17860670232649e-05,0.000203877428941012,0.00117168400879785,0.000821413336244923,0.000122094998963138,0.000320118593424806,6.19376189961052e-05,0.000373991954229818,0.000325789731340992,-0.000456592580210851,3.98012013261265e-05,-0.000319277268800982,-0.000579229756968349,0.000111490020107731,-7.54261820971219e-05,0.000271646400970987,-0.000844495277591067,0.000198984993365408,0.000475122738203616,-0.000525031756590266,0.000131201264230327,-0.00163264785521116,0.000397581348910774,-0.00357396782623156,-0.0014686648959925,-0.00249292887237931,-0.00633385401073943,-0.00720111425202211,0.0173448992635459
"744.31",-0.00122786208642326,-0.000424761988895513,-0.000691169164537037,-0.00044782766336674,-0.00128191423644725,-0.00032789958292286,-7.91006829892337e-05,7.56368483532154e-05,-0.000177447380596881,-0.000233118945082356,-0.000213749555008838,-0.000506969219819043,-0.000290842727349909,-0.000800753103398902,-8.58092159317803e-05,0.000260601884633872,9.1795569449967e-05,0.000205429471877052,-0.000570929784533767,-0.000729504350784583,-0.0017728815845126,-0.000714315453641905,-0.000544303801129302,-0.000645050641518346,-0.000372307353364937,-0.000493665077294013,0.00221253402464072,5.09615831212123e-05,0.00035669027895534,0.000352116778686745,-0.000497004411968357,-0.000338239536154915,-0.000807692837593548,-0.000311601950891539,0.000122110327383026,5.19674388118805e-05,-0.001174838134936,-0.00100523174956784,-0.000244023813846827,-0.000439343166882649,-0.000782075110912375,-0.000814190130798595,-0.00137953852301008,-0.00125361187040996,-0.000172817179346553,0.000167638102804344,-0.00123308494220716,-0.00179703769051107,-0.00536385850410118,-0.00159853592736555,-0.00340423296623399,-0.00943354721795568,-0.0299367303854943
"749.058",-0.000330098812126984,-0.000393499249270169,-0.00013165816709188,0.000150593310241299,-0.000950147178507794,-0.000810442783207965,4.21916648778505e-05,6.87659010123289e-05,-0.00013660102392524,-0.000278975777951326,-0.000760933764989691,-0.000180463602434925,-0.000902883853573271,-0.00122334314072566,-0.000680158063153109,-0.000353553377583006,-0.000826870285358891,-0.00112626912514398,-0.000419510544900136,-0.00102351469300119,-0.00187108771450255,-0.00145008101006934,-0.00144850898992633,-0.00162631467175402,-0.00142275990113373,-0.000490897561461392,0.000877268832800805,-0.00139606796459879,-0.00157512828590522,-0.00105324845394478,-0.00192071079678264,-0.000648137428555703,-0.00171743343858806,-0.000554793924683533,-0.00111024248314246,-0.000376233674959791,-0.00171138851900552,-0.00161930402741187,-0.00155439150853504,-0.00169760373498507,-0.00192139735339886,-0.00153831990974419,-0.00170169018902119,-0.00143087810023135,-0.00113275777565658,-0.00236010378099551,-0.00568181334642338,-0.00713999400631237,-0.00669117082861054,-0.00824178813310333,-0.0139633701694012,-0.026412982404328,-0.0616128001776255
"753.808",-0.000266629495742949,-0.000116664757323513,-0.000121687138844381,-0.000398783893560453,-0.000117704214291557,5.79304931471926e-05,-0.000239523943866377,5.74825614522009e-05,-0.000402434590633778,-0.000171824943514653,-1.06108560835102e-05,0.000338511355064253,0.00013136720559641,-0.000512123720541179,-0.000170069282961111,0.000626554176695288,-0.000308728229126072,-3.80799996214367e-07,0.000463171217428589,0.000633379777720818,0.000583734479423074,-0.000364965684603341,-0.000137269155727903,0.000436917185913984,3.73164970139533e-05,0.00209712021951062,0.00060305070877936,0.000208663931651211,3.23697524942341e-05,0.000263154710074189,-0.000283683418063235,-0.000165935664423095,-9.86020206312431e-05,6.07702505475434e-05,-0.00059974443691423,-0.000238964812901577,0.00058147727589848,8.39486373654448e-05,0.000462440627179957,-8.53514205023354e-05,0.000427903730629372,-0.000565868064858801,0.000812630138117037,-0.00104801656481932,-0.0002992538377055,0.000695794250975979,-0.000301079326489791,0.00122001284787436,-0.00106453982187736,-0.00736804148080403,0.00172951838483631,-0.00222036956531147,0.0215818575858542
"758.558",-0.00123722847922421,-0.000848382257598298,-0.000374095024758846,-0.000242997729851231,-0.000970558715392805,-0.000241764806318379,-0.000128697443538062,-0.000276402741535233,-0.00072921354863736,-0.000252763820150816,-0.00114861996224831,-2.42622285678772e-07,-0.0010287114336044,-0.00145242676333226,-0.000414984460416029,-0.000501338981965778,-0.000239911279124349,-0.000290356310154357,-0.000346561516952412,-0.000177694954828417,-0.000941489739777262,6.720292718552e-05,-0.000870395523103074,-0.00116403404616597,7.75846122115075e-06,0.000253623247302178,-0.000632855319252292,-0.000864628088562572,-8.4814422524112e-05,-0.000928149139265852,0.000284431829506391,-0.000245160681009165,-0.000368815022288052,-0.00066622963892292,0.000143228495288006,-0.00027939989641518,-0.000946738433171046,-0.00133608184028454,-0.000187567484670031,-0.000831338263288198,-0.000819762497958665,-0.000690605524126113,-0.0019265515289432,-0.000982584653897122,-0.00156973384987146,-0.00103753397334048,-0.00378637548184773,-0.0047424997809041,-0.00383583308177196,-0.00585963659895402,-0.0084723641110237,-0.0293881323693538,-0.0204450883911845
"763.31",-0.00111160806199246,-0.000179912956092776,-0.000744737511787088,-0.000595886342170655,-0.000233749327798955,0.000235696745536593,-0.000426518337731653,-0.000484167739229045,-9.90127609408258e-05,4.43924374570312e-05,-0.000110760497364605,-0.000365826251954737,-0.000521583706164069,-0.000858284720744251,-0.000270873174957041,-0.000314749556529229,2.36981530896815e-05,-0.00129329044636743,-1.04973681228158e-06,-0.00133516999578916,-0.000269022205803963,-0.000545007425442349,-0.000585256065302306,-0.000227139501266673,0.0012088335433982,-0.000673953260081117,-0.000679648275497198,-0.000163759355265211,-0.000287017984238241,-0.000406956769452968,-0.000531080637028181,-0.000712757230665506,-0.00036454716329261,-0.000429886122719589,-4.43257183379369e-05,-0.000588151824128903,0.000139934049756231,-0.000739483685411037,-0.00016473182748975,-0.000904106661415034,-0.000597554805548454,-0.000770215040624084,-0.000676127589773882,-0.000190198954364569,-0.000912198483626439,-0.00097569556064888,-0.00273784400628353,-0.00295328634910353,-0.000280524462479754,-0.00412009047288314,-0.0148968000307455,-0.00807080518890977,-0.016158799765663
"768.062",0.000787684431091376,-0.000182124819446939,-0.000458811073390915,0.000183036614110288,0.000562305974874982,0.000238652081895499,0.000139051786123465,0.000304899620387927,0.000106784573503207,0.000745379010839014,-0.000221768565501171,-0.000321293530979933,-0.000213339120932275,3.50801419500191e-05,4.70187538164097e-05,-0.000563213106058884,-0.000248265715913019,0.000325938310353793,0.000558753258754355,0.000180939882927769,0.000296443150133457,0.000600524804279073,0.000334251232116953,0.000736838743176521,0.000918317342252973,0.000302110694385533,0.000913903025443466,-2.82539670618476e-05,0.000211407476117934,0.000461240983172174,-0.000101740646403686,0.000580507300760963,0.000110696831816815,-8.71963053552909e-05,-0.000145990361830174,-0.000209731155765177,0.000783191796832856,0.000540104437553946,0.0011096801399543,0.000520934971213558,-0.00129723240547283,0.000768941067085294,0.00132690177318892,0.000489064148335247,0.000852395614745497,0.00316210653866061,-6.19718803260925e-05,0.00144618891696081,-7.92966725363217e-05,0.00121667037846443,0.00365682019796595,0.0142551622749273,0.0369543757279697
"772.815",0.000589601516594252,0.000401220854667767,0.000359876315712067,-9.19103294126751e-05,0.000540357729331736,0.000893811285788637,0.000359358961458474,0.00050125412256681,0.000367542376109449,3.59921619921743e-05,0.000371564451149839,0.000699909715802736,0.000864222101782257,0.00108327756808447,0.000165766920551977,0.0010679643588844,0.000161596900102828,0.000496079280734258,-0.000101718464446464,-0.000303278581338146,-0.000104385664424447,-0.000125220603347227,0.000931346369948625,0.00184923439035586,0.000453729806515344,0.000428162800731778,0.0004152401207427,0.000755535319287106,0.000517938795305308,0.000684377833872589,0.000178371961625196,-0.000357902774280144,0.000343022509458799,0.000898583778186469,0.00043021313826364,0.000357756511001696,0.00069914837510389,0.000123293381279822,0.00132104760608465,-0.000610629750393708,9.08839483338215e-05,0.000552673294242632,0.0014206253299634,0.00111962416133849,0.000884098925727227,0.00055566625465651,0.000274999330346331,0.00285178663817795,0.00150313180832787,0.000462420199415292,0.0110184329760206,0.00814081045899695,0.0376723605069228
"777.57",0.000243074808306369,-0.000231519776349872,0.000662899108410962,0.00048321734560262,0.00114553927929286,0.000340246126356432,0.000588936321667381,0.000179809501088012,4.71675780119327e-05,0.000449350494513756,0.000398146535517431,-0.000229109206621237,8.99627484871921e-05,0.000310416957779891,-0.000192286383168151,0.000490953602517198,-0.000354652642431025,0.000797266072279962,0.000130695689741253,7.70107298165811e-05,0.000656669556908339,0.000614955742351386,0.00111256626396312,0.00221004906124344,0.000702435673019653,-0.000179470784806281,0.00119986830807696,7.35551906362e-05,0.000139385380922747,0.000923236461482429,-4.76966432376181e-06,0.000550633678240331,0.00110304168708485,0.00030444439800243,-0.000228044502145148,6.89481252367391e-05,-8.93094266872989e-05,0.000266364593283078,0.000399925769539883,0.000267010807223605,0.00110591916933643,0.000230010518362638,0.000118660738448583,-0.00092653471585198,-0.000344209009997955,0.00228713654997907,0.00172313426074757,0.00318433720242729,-0.00078017925658959,0.0087785512143677,0.00390408339059122,-0.00682311951932512,-0.00660027843108796
"782.325",0.00141085628315325,0.0015610484679343,0.000386543890396297,0.00070468680385881,0.000815536147658552,0.000289173563046327,-0.00017667192762061,0.000336613959649429,0.000206605159400453,0.00056772009706805,3.05930807705544e-05,0.000529316207792381,6.35959731119914e-05,-8.85824110310591e-05,0.000294704290494612,0.00089889561422802,0.000193079214235846,0.000337572194741597,0.00059250486818041,0.000674731977234409,0.000759964967070706,0.000533442221918622,0.00118849210259744,0.00180936538774113,0.000932839639259773,0.000209165600340555,0.000202827988777981,0.000345196704022052,0.000218282587637782,-6.32022429984735e-05,-0.00016353136778754,3.84617650067583e-05,0.000549426495253747,0.00108985882814392,0.000578266173854006,0.000454636696934766,0.00072050573139374,0.000207775379088606,0.000524808302496031,0.000652436778683237,0.000403229956097664,0.000674183712523704,0.000510488829164199,0.00175311626325126,0.000663922421896504,-0.000986279553417999,-0.000235462618544363,-0.000845748327562868,0.00425827890865292,0.00455419364088122,0.00825350459275656,0.0126521937875135,0.0155555989587473
"787.081",3.82481157474724e-05,-0.000280975130967059,-5.8664165443563e-05,-0.000496709313867261,0.000262766038793023,-6.53649136128164e-05,-0.000446207715039716,0.000144116953377147,-0.000342360529405833,-0.000591600727865744,5.40969147524598e-05,3.78974477235432e-05,-0.000371916477730692,-0.000644942188005256,-0.000115202438816716,0.000274502825111398,0.00051489789433389,0.000609991738285429,-0.000303573357330261,-0.000352971002418194,0.000773481959414902,-1.0014235803971e-05,0.00135291539780403,-0.000185587308684132,0.000285995759214813,0.000308440881206355,0.00039414013237048,-0.000183425249427927,-0.000379701499130548,-3.07080164884599e-05,0.000295457830782766,0.000374251988733058,-0.000461422046031385,0.000117873514040461,0.000180679136256201,-0.000380499004464781,-6.41550832257386e-05,-0.000725941132523533,0.000139346480319117,0.000242850596213945,-0.000322857273061003,0.00155642916531874,0.000101562600446685,0.000828542439737443,-0.000431547804785008,0.00116869028149107,-0.00227142478797507,0.00142242339850333,-0.00294275823827952,0.00642089255712692,-0.000641856611818075,0.00402103595516949,0.0239844637489415
"791.838",-0.000786576849576022,0.000325600412775994,8.93623174361741e-05,-1.2021449151445e-05,0.000476485384193526,-0.000317732080789163,0.000256061235055254,-0.000295744272468235,0.000488083633385791,0.000123861545768559,-0.000170254955106622,-0.000390885290040668,4.12203194531632e-05,-0.000192903064550709,-0.000755388924698568,-0.000698154496501521,-0.000356308876361966,-0.000194590546519558,-0.000517450617267803,7.89040908183055e-05,-0.000784691755701601,0.00115531918081892,0.00014552860433914,0.000432513423692781,-9.42275669423188e-05,6.56466349382374e-05,-0.00016963921014494,0.000520418554879795,-8.14238526280407e-05,0.000208722039561737,0.000196847117932123,-0.000633023374395774,-0.000469503089981563,9.49817525503198e-05,-0.000251797597624368,0.000143757207018867,-0.000697147128527709,-0.000117816079274193,0.000138305833531142,0.000145140845520313,0.000514496472326521,0.000690010732696386,0.00215322372534113,0.000416300546382724,0.00116083566012164,0.00186772739882353,-0.00178514136071844,0.0012851751128302,0.000482671205861938,0.00232350865896557,-0.00700465723460847,0.010815872289324,0.0377373418485107
"796.596",-0.000538604439754136,-0.000828340814334794,-0.000777170408102602,-0.000421147758334068,-0.000655968743868997,-0.000761412833129906,-0.000782820582828819,-3.58838905101586e-05,-0.000330988942843734,0.000613151777343688,-8.6270226993971e-05,-0.000499888247960929,-0.000307499458642236,-0.000291354724272268,0.000447927840857837,-0.000380581559182103,-0.000886991926039277,9.93493889779302e-05,-0.00065134823464917,-8.11295097571971e-05,4.38768005556873e-05,0.00128123089768899,0.000187286936085854,-0.000763301070492437,-0.000350579944223921,-0.000284740727560848,-0.000708701073456906,-0.000663408476827419,-0.000186549670157042,-0.000692032123952865,0.000321428669839184,-0.000252094127934808,-0.000518446261661763,0.000151541556340571,-0.000447040841170198,0.00070141150474924,9.5271540633714e-05,-0.000568316412935717,-0.000405686673878884,-5.58368880832765e-05,-0.00119094753700676,0.000200601079854797,0.000533647302725681,-8.08945617993029e-05,-0.000656818848463965,-0.000111626256612754,-0.00172302279701858,-0.00106542635145633,0.00103900202189146,0.000536371322554849,0.000491495070573423,-0.00314788333850452,0.00150791385492125
"801.355",0.000190949254457244,-0.000839837568262967,-0.000907465555915303,-5.2506909654882e-05,-0.000547658660354534,7.79273179743988e-06,-0.000109813754750694,7.54462151582511e-05,-0.000250623934904501,-0.000293952538703474,-0.000252884253977054,-0.00055635500230027,0.00040728405433239,-0.000556212259544611,-0.000487526855074562,-0.000209692157603689,0.000474879131784014,-0.000110832459776393,-0.000830428414235689,-0.000781501636941314,0.00149214080142718,0.000557593460987066,0.000206079520559058,-0.000474432923065173,-6.13460772537235e-05,-0.000390347322612483,-8.28878561452205e-05,-0.000453324806984833,-0.000349519530972082,9.44791739627042e-05,4.45212618064503e-05,-0.000135874355095062,-0.000313872205267739,0.000433332331065372,-0.000621855518800616,-0.000557251637026444,-0.000436663086817225,-0.000249372961811419,-0.000719055131986848,-0.000380635518329417,-0.000842334076634247,-0.00057283272506409,-4.57810041524994e-05,-0.00170003062848944,-0.00168127179240813,-0.00120618918145605,0.0015960265899081,-0.00140782407145889,-0.00150197714040475,-0.00360788411466503,-0.000720596442710505,-0.007065591792488,-0.0173213702634161
"806.114",-0.000274441879785473,-0.000619045262853012,-0.000361216813450003,1.42992024326188e-05,-0.000166893574025597,-0.000504500444622276,-0.000306448988212482,0.000133425436145721,-2.18681414120837e-05,9.26226393720132e-05,2.85311518873917e-05,8.8613928328068e-05,-0.000524563171219236,-1.08847837358257e-05,0.000764203597195356,0.000220081396837462,0.000162702018442104,0.000231328161849577,-0.000399574148118876,0.000864601300475395,0.000441046141105151,-0.000662139300888247,-8.00620521090858e-05,-0.000760953537096708,-9.54860473005004e-05,-0.000221771441830486,-0.000624388024205673,0.000124717373276377,-0.000288714636796551,-0.000393220666182196,-0.000336427209710627,0.000312966512905371,0.000288299698135161,-0.000172277853072557,-0.000641925511628443,-6.32997185040423e-07,-0.000677703754494598,-0.000375866446959807,4.39679033412371e-05,-0.000633616482968851,-0.000224659012158168,3.41673387825781e-06,0.000187728763129084,-0.000604634717057604,-0.000904818295156496,-0.00102486349563103,-0.00168826396249194,-0.000212932002406737,0.000827591203714314,-0.00484206908954377,-0.000273684146784409,-0.0182068298897081,-0.0302901186836387
"810.875",-0.00096423772757233,-9.06543160783788e-05,0.000103074508635485,0.000159674292739964,0.000377694248475555,-0.000108301017171891,-0.000115677237039529,0.000455607631414287,-0.000622369585282978,0.000168265255603119,0.000365913079742706,-0.000155628518065398,-0.000735665581615562,-0.000170140373011958,0.000120521081772396,-3.3266241333757e-05,0.00025462133366697,-0.000291837017501382,0.000519987811353206,0.00155961670456168,0.000737840174660737,0.000588144212532799,0.000235151641461605,0.000206240833880172,-0.000411906895257922,0.000735755685633942,0.000151230888483411,-0.000175796451948866,0.000170723536501023,0.000666452396260049,-8.54337094204742e-05,0.000554603007452453,0.000629504152973131,0.000954834577462094,-0.000183389658088014,9.03375472426912e-05,0.000448236505962103,0.000532140127186151,0.000180776490178001,-0.000116801733448742,-0.000405455602015781,0.000695441077836501,0.000922516538227294,0.000770907213452068,-0.000746060626801328,-0.000277687628927391,0.000758373520340896,-0.00152754210122958,0.000572583512300328,8.61838352747688e-05,-0.000581614011921272,0.00244563882000148,0.00425050328907814
"815.635",0.00131881371773864,0.000626390436685622,0.000838574862405246,0.000841258065507332,0.000302392241659615,0.000444974127445882,-0.000305622826103656,0.000335639197131723,0.000228573939578107,1.63830881052589e-05,0.000382147044612248,0.000998063589751506,0.000723422693350816,0.000567491144254387,0.000563112312620126,0.000614122024271632,0.00071832917402607,0.000145377856333462,0.00132828496271342,0.00124195094609044,0.00113053192609177,0.000513241415082033,0.000887761813373589,-4.14417803933723e-05,0.000601634074249708,0.000220115412136533,0.000847747127128074,0.000922094499058368,0.000503600482661528,0.000720929616780758,0.000823636938697406,0.000600186290568904,0.000653238908250935,0.00139155170673228,0.00019206833305929,4.87729682345712e-05,0.00047685476951433,0.00102286749859308,1.32564238190645e-07,0.00112719812755604,0.000612845136632858,0.00108053922031032,0.00100272300883469,0.000507991013251784,-0.000201077195303264,-9.54053267751597e-06,0.00146558634992637,-0.000518772444565742,0.00444505061875568,0.00745312968226935,-0.00372178413174124,0.00163042181791098,0.034241309975647
"820.397",-0.00136520032425454,-8.90082640259866e-05,-0.000501758576436704,-0.000359589602629415,-0.000880012750740818,-0.000222448131020528,-0.000598374770863574,-0.000133319520225307,0.000150363169932589,-0.00030237859294868,-0.000664617647750092,-0.000499556772920121,-0.000385819473715788,-0.000841674985915447,-0.000321103718872394,-0.00104091346618247,0.000382000521571035,-0.000158769735990453,0.000305268057524053,0.000587816814141475,-0.000659586102997109,-0.000353477287908685,-0.000744028590872983,-0.000178461525418971,-0.000350649740547712,-0.000422561001397337,-0.000163180158849894,0.000163452360471905,-0.000470015876844517,-0.000452066961986832,-5.60860830535573e-05,-0.000135648884945591,-0.000892346203466639,-0.000769974392697624,-0.0006701334331121,-0.000834206673610885,-0.000843285339513982,-0.000562296191899228,-0.000914487589945265,-0.000867791150931664,-0.00119161873055546,-0.00024913346635913,-0.000504617871845335,0.000266177897646824,-0.00293583277268388,-0.00182560056196666,-0.00411454826594068,-0.00290905225661278,-0.00117560742582995,-0.00475973799115719,-0.010870264674469,-0.00380440694110571,0.00325044874375351
"825.159",0.000462470686462373,-0.000119994527009897,0.00013817039021252,0.000140083920991292,0.000385429583625295,-0.00051423981154041,0.000275368947283362,-0.000285094583211924,0.000421764122763318,0.000460618861175393,0.000242575707974455,8.76806340269661e-05,0.00096459340482433,0.000600933697409767,8.72771463299805e-05,0.000327287247542187,0.000776021995842167,0.000372902808075632,0.00132561575158537,0.000468492011546567,0.000612608348155579,0.000492079064077935,0.000624951248164708,0.000796852069408399,0.000744329609939367,0.000475320765157942,0.000249149144439727,-0.000202673837028758,0.000821226647108741,0.000185899051749858,0.000657563155772301,0.000291765153263691,0.000570052405287694,0.000816335335363087,0.000153929747580383,-0.00105834533865951,0.000604626096540546,3.76540594280144e-05,0.000267519218716762,0.000762677370082544,0.000463471419377931,-0.000312861941408618,0.000562351323380072,0.00193654348574377,0.000614338799044532,0.00172863421361748,0.00265776227863414,0.000287025867084008,0.00105757012078424,0.000403307895341876,-0.00487461613394107,0.00869556271840857,0.0271010672726174
