Wavelength	500	495	490	485	480	475	470	465	460	455	450	445	440	435	430	425	420	415	410	405	400	395	390	385	380	375	370	365	360	355	350	345	340	335	330	325	320	315	310	305	300	295	290	285	280	275	270	265	260	255	250	245	240
248.336	30.3090777119406	-8.01426108241155	1.35775120686797	4.26015129848159	-1.46828479327955	-4.73050217573362	-2.80144387960312	4.00443995123306	-8.5464299608183	0.882449691692389	1.30986900252263	7.38453908208029	-12.2132642722018	-13.0957933549667	-4.24568468172373	-8.04404560278532	-6.08594509279506	-7.67837685063152	-7.48411417043207	-13.8454661813299	-18.521693084736	-2.28880097089952	-7.30623574143855	-8.42241296741581	-7.98992645498214	6.53738690188651	-10.0863340439825	12.076759778761	-1.60913278004027	0	3.94332680733021	-17.7488294169515	2.39278029277244	0.815433189008193	0.847670283857165	18.7789357228704	0.946087393538424	40.6497731977579	37.5776236503834	40.2056787546877	49.7381525472016	103.988399811241	340.293435002691	580.638785813849	782.495876401514	846.332484527886	818.89111806341	815.089032883109	923.284006936149	2095.79199856421	41942.4763646744	136051.415520462	46630.6358313955
252.814	0.672246558557545	-7.79895621790288	-17.3459682569233	-5.10240173370121	-10.9910692571337	-6.4751348851573	-11.5910415990803	-8.79291442561835	11.7414046077392	-10.5691383270828	-17.2571937972076	-26.5334837016847	15.6030717046992	-25.1908817598035	-30.9727295692591	-15.5985335913682	-7.77510709318536	-20.9474132750237	-19.0479816774552	-11.2525973531006	5.2539897650985	-7.67565924930787	-1.64075818418848	-3.18554546288238	-13.5988621427794	-4.89366044844907	-3.86574276503643	15.9108264676109	-3.37271432278209	8.10585912408675	8.50129139352356	-17.478676803273	17.6727007241389	11.7197745125978	9.64495465484125	17.6719816175053	37.9599549945373	37.8672078615582	20.918692208678	71.2144254583178	142.390657415076	318.462866305343	663.284591677731	889.391234995786	984.294126266509	1027.81330470031	1040.38603404277	1023.70591261341	2035.23771767046	37850.5468686532	148967.392442356	62621.6355475376	2804.86014747047
257.296	-11.3071102146654	-26.1167975716558	-21.9890538140035	-19.6885336811706	-12.1795735833264	-22.4228587179287	-18.7113306707516	-14.2359607820606	-1.78723151464404	-1.74285978065228	-25.6115316677278	-17.0410071650049	-13.0256080738433	-50.7884982800933	-26.5281392106944	-22.6959818896548	-18.7510296459749	-34.3739604926171	-22.7262626077037	-47.463341861181	-20.2157041766887	-21.155650045158	-13.5281200817978	-15.2336744918594	-23.91961366039	-32.924323577047	-12.9086505848704	-19.558555303114	-13.8246336448601	7.0764510318651	-19.6261812011443	-2.33695822252389	10.396759459531	2.89890098003261	9.04051582548487	26.4920418231891	-4.48450992559486	33.3031165746133	46.4115877716881	76.4993321204099	266.669563380989	584.16208896746	860.905715484675	938.632711060998	874.848133283266	949.689037326874	980.506336230113	1762.29434370121	28879.1654804814	131347.861150233	66734.6966884375	3380.53388112452	3183.25198294797
261.781	-38.4708093138307	-6.62542427436927	-17.4151182103595	-14.3436790897108	-16.3316302643615	-12.5955869516281	-3.06243406687541	-7.75791083878297	-3.62714211910619	-14.5020722115973	-9.84431241475887	-25.2371935121458	12.7280347803471	-8.1123055616088	7.89008130843532	-9.21218668895668	-15.1243239233398	-17.4402754877697	-6.18714953094728	-27.3517355674796	1.75831162377246	2.20178810741852	-9.88379454257986	0.53304078099367	-17.1927601080788	-24.0745285735041	-8.73259561013159	1.45220501886716	-15.9633242869409	2.87229644074204	-14.6994799641531	1.42283965956076	-7.19317021673641	-1.96108259387774	43.8301462593082	33.8719141623936	31.854206606636	34.3973883161155	60.4605473756052	213.133095572282	552.869343224435	835.73623471533	961.215628254762	956.501798993867	939.752790776237	1024.80387432676	1689.03297126783	23123.1337974667	118895.021055248	72630.3833210775	4015.54000336388	2851.20408619192	18276.6632071296
266.271	46.6791853368179	17.1528752458865	7.74929818295037	11.9836261812407	8.08087164440478	30.5806226965011	8.72132893755761	12.2438270989359	2.15198507361053	11.5120872686477	17.6220303092569	5.22874992496022	25.3931202766956	15.5311368273864	7.0807898404623	16.865263226828	3.96974080675853	18.2599824731099	15.4461262198959	26.6095556364037	23.8447334480618	16.2357148983152	12.2866015069302	6.50578296310404	9.25757160240967	36.4789609737166	23.1913799092108	38.4024709735109	9.3480469624111	30.6744261903155	15.432921364975	33.7668567590659	52.1880108838118	51.3607085709561	63.2400475122309	77.6507086058242	79.2605754263273	118.458385927625	220.729681514435	533.972414399419	851.634172463272	1004.56440936353	1064.97641323069	1052.8892773936	1033.95785029766	1704.42221962202	18011.7912142355	110853.276353355	76116.1171775199	5576.75644088994	2191.35029971085	13967.1984664877	30494.8592365504
270.764	33.6563399292082	24.5185813991086	25.4770194378611	-18.7680593440548	11.2300622137535	-4.54845329943231	4.36324019381625	0.272245759826061	7.69020068656419	-3.2396870090288	0	25.6835703483556	14.4477541101589	4.8563470763816	-0.944662969204874	14.0626875631477	-4.46859632688583	18.7927900914943	11.4483332025879	-26.6252731719258	31.6129336894921	-1.1203658545044	31.2934589312241	1.08493762514478	-4.63151989816792	20.5002853693179	30.6109545140944	11.8231243880139	15.7533786907853	27.2822619853449	27.0235650454467	38.1308193055166	44.8984392141456	44.4058552249018	75.2067478933442	57.4516925983747	83.938481088603	187.925787313894	483.171862538722	824.646566223593	1057.00643400631	1027.70939485419	1054.01310490814	1060.69888842398	1454.41094683283	13330.9867979862	99480.8923395396	80503.5067338694	6706.56510432312	1764.88810546805	8543.54735293582	26953.4603016805	8485.163220782
275.26	-1.34469837251231	-22.8004292129659	-27.6493573204838	-18.3714504682353	-13.1912966343338	-14.5712776583352	-4.88118363421832	0.532985259705705	1.80664570690958	-15.5037693824316	-18.4366348236991	-15.3638357073009	-7.31505643526074	-16.1626553741223	-23.1175059575632	-6.88275658342044	2.43009189699989	-6.64287671759135	-4.48256226218344	-10.661982837264	-30.9448853920044	-17.5470423872885	-24.6151300279467	-2.12402118685606	-35.2616916203872	-15.6621041060345	-17.3984981576728	-10.1266171201187	-12.0472471931745	2.86132821005481	13.6986159861389	6.61456303506041	31.5290895825675	33.6994956307115	35.539468226487	57.3088092520939	141.66324665909	412.394767069764	698.664184249446	981.55243070642	1005.60589341789	956.322846910403	974.129749932669	1386.05395557053	8715.15902822967	81614.6049136553	82880.8459286767	7852.36248265016	1532.58626546299	4565.25449003875	21714.5693556718	12637.1889799364	1237.62721235918
279.76	-16.9958961656604	9.91708840968248	24.2464708289173	-2.48077163394965	-4.70256442972854	-7.47695163870004	4.74570768540003	4.14553916875181	-12.8810200754974	3.42578781856622	-16.7807864170781	-8.14768175365143	3.31894686504767	-5.54614065478627	2.24758857505384	-3.12280617211878	5.19781975915534	-11.4265865609584	21.2459809728111	-12.6696317606855	-1.13532144747786	-11.7287698754295	-17.5500920207168	-3.09760431867962	14.2029624382471	0.475856455853293	8.92768172848026	15.9404232958423	10.7758487380859	34.7739101170991	25.7183177634214	21.5897105266	39.478646817813	57.4560172481738	45.9062345549207	112.998630141267	339.370221498432	652.856963640473	949.256204465317	962.883323636105	999.594820765842	931.313387721247	1227.99608160604	7012.52040621638	64945.724538715	80391.528293044	9816.95696917988	1561.40392132589	2880.25079142344	16785.713034726	16113.9478993329	1682.77941966709	-775.44530630823
284.264	-33.5951297918488	-32.2014256357426	-44.6470276698663	-33.998606872585	-33.363205002273	-21.7225500485325	-9.03322488007259	-19.4804943579564	-25.6328709016868	-7.49894449451335	-29.763590999042	-15.508717858545	-14.8911432586957	-27.2717599292431	-33.7975909221201	-15.7094346293964	-37.3266027889091	-22.6956046492582	-45.1069306509397	-30.6931301447806	-27.0128678010131	-18.2660283560677	-18.2213185700217	-22.6018695863707	-26.5685368753438	-26.7202070815802	-10.7326800363218	-17.4019285876985	-20.9572044738785	6.61904548005699	6.11919663238193	10.9295130357186	29.1742103766289	21.2402609514969	75.1658456321967	264.151144132701	576.238875718894	837.169138211269	939.216898367421	887.52799570717	867.971853043499	991.404457219822	4846.89843070293	55236.2501939729	68534.5283087742	11562.3551323577	1689.28165047812	1982.64456816655	11539.8806760088	17982.0990991316	2635.37797909362	-256.657786569631	-1119.74128874274
288.772	0.588157188103029	6.82340742525011	0.474256607613183	-4.01774140195609	7.69298264897615	9.91406335485599	6.40493801346538	2.33122251098732	-0.526805455952227	8.63060379657374	-2.74518936788302	0.814543412388741	-5.54585230932906	1.66338320682921	-7.28017810988931	3.61253602257792	8.92833574278012	10.2810909675411	-10.7834455535428	-8.29056220369506	-14.3011040290215	-2.87808570708052	7.65610936590486	11.6128117861715	-5.28791998014004	13.272732675206	2.9594146968273	17.295275222823	36.253070002261	45.8888988919667	18.5947238316404	33.0644753798189	61.4304016910624	67.9313053639963	236.721999078244	487.269773603974	792.618439148489	920.817791091279	897.354259754425	868.136114705744	920.362271158599	3109.0389531523	43940.629982739	55413.2303498725	13140.0781468975	1881.48261516813	1965.00165476153	7779.18413122636	18030.003203703	5675.27135660773	506.477307432633	562.928549704733	481.178104751221
293.283	-18.604613354221	2.51559808623276	0	8.55820660161277	-5.16185847129419	-5.76973517335206	1.27904844349566	-5.80992299110302	-8.33196636812029	-10.9319634903505	6.57848087967712	3.12311176883132	-15.130036349795	-7.57354520765424	-3.10150714680827	3.07803081820428	-5.7054848172713	11.997277298922	5.63805638693904	0.496680716974003	-8.81246366695928	7.81654250074395	-16.5121622205778	-8.90513841423254	-0.422393210095616	0.82080869640949	9.72595661177185	11.3217862647375	11.7181117719837	36.7888387106251	22.5769553657612	26.1474225192131	51.6736370677638	162.993095463822	415.077628013819	741.474988306595	858.592637519942	835.263231187023	822.94283373432	805.984421061705	2069.66040893497	34342.5664954383	46051.7617585705	13544.7376293616	1803.00740582569	1953.08721948509	5073.72158692597	16246.2153760681	8492.25545851962	1035.60585992345	568.84780445358	372.133333005628	1314.51037174295
297.797	4.91212148832864	12.1767430279479	-0.88019027730861	-7.8709336742888	7.49578692584951	1.64284595871507	5.20063249120071	-1.51431055343495	1.95543523450696	-3.43239748893326	7.32391572152657	-3.40141741026413	7.52162589994746	3.08713405904436	0	8.56703801117382	10.652417109926	7.46649969661331	5.91304796988611	-3.84668981305291	20.380421933708	4.00615882198633	20.8698431352912	6.89684621350972	18.4013346321475	13.111300595171	20.4006643607411	25.8357299924534	38.3358939485146	66.9721491463006	57.5177195323968	61.3655756956026	147.748873040104	378.228622731432	689.09780201578	826.951094181581	824.303025407515	778.849640004417	766.325522707754	1688.29692179919	26335.1115705504	40257.4994228288	15694.1732239817	1375.64111367403	1615.48646227626	3403.4080693087	13606.1315774079	11495.1767454901	1923.87193984039	862.328908581007	640.902176532703	810.589496320601	759.080717608183
302.315	-27.32594362125	-10.0412742538103	-6.91265616891675	4.47346185905208	-6.30737779939772	-0.322556086560528	-1.70181878090107	-4.2474209670996	-12.2377626932919	-14.3207217835257	-6.25207097609217	-15.9538049606732	-19.4315092915197	-19.3203095404433	-19.5279633698211	-12.0668857161285	-17.8164278286341	-12.2164269757456	-16.9679762830385	-5.19240150872529	-18.6115742213276	-17.0423178993777	-7.84643233445616	-18.6192266207463	-2.00717489161937	7.02073759800595	15.0204856955569	35.7386507159286	17.6650858690483	34.5834190307139	52.7007550334045	103.541851342037	308.363255545803	598.605570512755	788.96475900611	745.23278896495	735.611270769071	704.712234154389	1255.01404412236	21320.2349490225	36381.097814052	20044.0447029693	1159.57360319592	1204.68586585458	2153.66281774523	9706.29433888378	13570.2008639841	3383.79645505184	1349.34506734961	954.929048971691	782.970972665247	397.877497815957	-219.173197903362
306.837	-0.534316766225521	-11.9207437682072	-18.5262380004316	1.21665128350434	-5.94044626259578	-18.0130427003934	-9.94015002101786	-7.20058925624477	-13.4002743037824	3.64025572813886	-6.23473084829064	-21.0894128466827	-13.5643311808795	14.7333776615063	-11.0229070955447	-5.46973554151002	-8.49726753678412	-13.4007991678457	-19.1473518365988	-5.6487276825909	-29.6959279897341	-19.6096742380258	-17.8228599982747	-8.43981189502805	3.60289438053184	9.72397996142813	0	43.3039444669057	37.5299345511789	29.1817323502936	88.2166322304455	277.098008245152	563.385044776398	823.613787606701	762.971529613594	727.417237715606	704.7505808199	1066.7967198066	16279.0014729695	33793.5101506082	25381.8739517186	1256.20936260445	908.021595146507	1311.57443129053	6160.45352496852	13491.7104478629	5126.64786725179	1743.80136833094	1337.23187829297	1115.86248718102	790.094632522655	643.655574054558	1027.25700740867
311.362	-18.1438133153313	-17.6204062893275	-17.6422304111175	-0.405037947398445	-15.0068470222909	5.14008006404021	-2.90563580128966	0	-0.716964687204518	-6.71197967889769	-9.65162095433273	-15.8894526875859	-20.5143168789458	-7.5460305577758	-8.44021632756745	-8.01214131030469	-0.771502711415888	-5.67800334547848	-3.11307190242501	-15.0442388677181	-5.09753788573144	2.17609935024403	-30.8249753003651	11.3793481645842	4.79778869876578	3.88467683799363	27.2346863171562	45.1629051502871	46.2794246678017	84.7850367317861	249.693760803759	502.496094047776	794.339739838143	787.297734484913	739.441331178301	702.267254141193	914.793139173726	12166.5360458743	31570.3390659996	28141.8238260983	1546.12036943951	838.500444054325	909.645355613277	3592.29989383724	11604.3650936514	6637.31029095573	1997.78524637128	1572.84466018918	1141.16739684591	997.755821924624	738.037049557201	79.2545188133596	-174.631301664123
315.89	1.59930867674375	-0.951492954334185	13.7556462415342	11.7342435634064	4.18372984277511	11.232575141709	-0.483783792370725	-3.16951357958178	8.35614451929658	5.02890328467528	-5.90953830166313	4.79893891570375	-3.8667186855775	12.8153026767675	7.33190998930734	13.0975422281074	23.1217179144525	1.6206490790956	-1.33282691243245	8.92350004306596	26.3878507943446	-0.869561088780032	19.5172349118566	12.2099252778917	17.1747219073431	21.7322308772148	38.70319246559	50.4702181065132	72.5968152372193	245.401536826677	479.032956421858	793.06747112849	813.234312704528	737.322368353746	683.544394614636	835.330083353024	8351.07984854412	29935.435114571	31570.6432649001	1849.66595375191	801.37355149762	774.517423366743	1931.65073613098	9116.33100362327	7929.79921944565	2072.48674815201	1592.02381348914	1505.78793685264	1238.14866314503	1072.52486686737	964.507838986083	950.094199453999	1352.0264276382
320.422	-5.33956227473336	-20.4898440970015	-5.59717634045818	-7.70025874820428	-6.2856400783986	-0.642888861171393	-5.33014001026231	-8.04228707848198	-11.4781990758572	-4.47729157855993	-7.16510244394756	-8.13428093762884	-13.5551784322718	-13.5908640739914	-3.30464076400058	-11.2964924839426	3.85978812277833	-10.1452702765678	-6.22981502283158	-24.4613031588308	2.7821147052307	-18.7254893068435	-4.77851636913122	13.4945871959457	21.2027281463656	14.3817794554808	33.7755714271456	44.4236109299082	205.127258138566	445.76263453122	742.395378998259	807.469567416561	736.76246614502	664.031746620203	725.765237625217	6017.45336442567	28227.7035813507	29946.5913492257	2389.60100524491	633.52399104751	649.741912913125	1044.36076865501	6342.85055150584	8483.56103208045	2393.12823256197	1410.10748985571	1426.86482360268	1263.93570258704	1068.64539130654	890.336151994747	715.24983265432	343.638753846314	-262.101408350781
324.958	13.7744197295352	14.7509197717121	15.9939519146711	9.20030122108376	35.6730174794231	-4.6436725636368	6.50005351294938	1.74708328991291	4.19477899510116	16.7475405113862	-6.42913006168245	12.9718838644532	-0.399636219766835	9.73895198655306	5.30441421018946	-1.12805643274934	23.4986614793237	-5.02495881549995	14.2343112409638	6.31025989593811	26.315651037282	31.4550519760839	10.7581917930476	40.0336419601936	38.8035426183224	42.916305289939	44.7534092139487	190.471741985686	434.389099231259	754.244506188099	1038.96190807408	764.290906589281	685.867172830002	726.822854031049	4115.62136588614	27524.0810633284	29120.0692327655	3299.19320646944	627.613447734476	584.233032148385	747.859094658728	4006.30382893151	8778.93365190934	3023.6998277901	1193.69405768536	1354.10763484765	1320.22865919906	1255.16886161444	1107.02576797318	876.546188630356	785.974651700297	554.619342057652	878.982772732641
329.496	-10.0901786480586	-1.00050874389348	-2.71204931415998	-7.2330477752468	-6.23227516663821	-17.5480936538573	1.52611717895345	-3.33278983918458	4.01673511084047	-12.3385856578172	-10.138575892145	-5.04615438790306	-13.8240980633773	-24.17659290208	6.16768838514426	-12.6245689378189	-12.9668395850945	-21.3017023277999	-7.94175951119255	0.493852140943503	-17.5245541056206	21.0301923733142	2.73635435722168	28.3341568680045	29.3991388829469	31.8292347755379	139.014410590993	364.656407521462	747.295253779909	853.650182554025	768.36474457588	691.718040088368	655.18638502882	3015.30216795552	26517.3893684078	27974.059072532	4579.85432602832	598.947011449056	524.889157012721	547.459247249241	2172.36837544008	7923.96250885475	4111.80515790013	1059.2400941123	1094.69024057364	1176.9839365199	1319.06677167606	1161.70289283539	832.094442529471	934.705294410701	863.04015909778	249.759483174885	-22.9302506988601
334.038	6.20578017204533	3.02078276703406	-5.00398925919752	5.99484280770949	6.64121523623095	5.43405380742371	-2.04787747690891	-0.223611441541382	-3.78984825114738	-3.84358769363819	-7.24127924146607	-7.42246458648364	-7.36559348158367	-9.97200811381573	-10.0867937478443	9.24040937115234	6.11720128019549	1.2863019077654	-3.29111609418387	11.4314712577959	2.93949738433442	10.1224454821073	20.6543224565608	34.7537981614414	40.1548055345974	119.509364162425	334.558468951573	658.731322435598	895.229218292502	790.300660534944	674.997493320561	661.268733877726	2191.01797752247	25635.2888169131	26648.7467533956	6005.96632609474	572.46967724249	506.948579645859	431.96815744361	1185.61329433001	6115.07054477988	5480.15244154385	1144.04329611838	911.696700562896	1003.89302938976	1210.67315651958	1160.33781870669	1058.30259270959	910.349125463992	860.51098436309	554.51530032652	465.484880420706	346.160423772679
338.584	-12.3826179006805	-8.03663632466157	10.892335607	-2.13602266770857	-5.52144052175108	-5.76021855543096	-5.87391837551128	-4.68489007049443	-9.57856050752343	14.1586148472367	-3.28381515712175	-5.45643087364562	0	-28.2544626313986	-8.90212559679648	11.1394579065301	-13.0195981121687	-8.12758179086956	-4.22156772029249	-6.44619937467446	-4.88773797991118	11.0169174676002	11.9057806200257	28.0049182973172	92.351536458775	236.412724849934	546.587275503815	810.998291571473	813.26718314017	682.66469619267	627.553169699976	1574.95912471083	24355.7264826143	25526.8563057959	7919.36895124604	522.794566241716	487.172239672183	399.580641641606	640.072400609212	4287.89704769747	6339.85558045489	1469.14207882119	703.677730205548	840.574606617534	1000.56627764866	1063.23988766671	1092.05189402965	955.608204580805	782.573621749984	790.808679328249	548.3264574691	482.975395769585	207.211928609227
343.133	-2.81164968260672	-9.03292183089831	-13.6029292907613	-11.09712848193	4.04534194716909	-8.1246132298927	-13.5231340892357	0.668656049677144	-5.0367229134811	-10.903920291802	6.88968571632005	-8.17713805730643	4.07870920346744	-6.75894695519412	-1.16008162931239	-8.44287099013328	-24.3893521422727	-5.98325065307628	3.74906224901156	15.8530114467068	1.4649762518835	29.8101131439754	35.2270816929045	56.4025702328297	216.131859025774	481.806785215119	698.068304015363	756.613785961926	686.370772393491	634.176100839616	1195.48446769457	19536.5515128249	24977.8468437022	9963.23186420174	511.252792313261	425.556798881365	387.674117283257	420.833989286201	2547.33583776695	6267.37450570641	2272.79174263751	550.587727557277	665.799970416889	843.166075102601	974.041642835734	942.656136597923	964.283174571122	906.390730509679	762.034027004726	568.736951436993	660.322903234601	352.619782746969	-184.019414247347
347.685	26.5383805107476	16.1246790665554	16.846056939419	14.1428377985683	9.6011057895483	16.3161633898743	1.28102275252752	9.84735408681492	10.6206894118595	3.84688896081204	-8.89465761141757	5.08289036214374	15.9724929182448	17.1665857264284	-2.71800774012388	5.78021623880637	-5.71429166916436	7.29530472242164	14.5874611578986	5.47192119784863	52.4660612480537	35.458988866307	83.1476291918621	217.620773894551	442.082240582935	681.911774376649	707.032026712226	686.835316891801	631.326597727222	1032.07799858476	15880.6274144925	24824.8279912309	12334.5601607945	529.929991436335	406.338020975255	402.570843672036	354.055864977422	1445.41332269756	5495.28649672069	3264.23388667002	585.7936074314	441.622548526526	603.30110777481	792.61655305452	876.194069117534	953.67402493985	911.046841868676	826.913125360337	820.460220578432	648.252747950586	633.574452782425	614.967786258796	1062.47040829277
352.24	-15.4556068619617	-12.2602148857279	-1.84630000460781	-9.12404996034056	-12.7283633178831	-7.92593275850143	-11.4283953238041	4.08399425260035	0	-11.6997516927735	-17.7005629866338	-16.2516322277058	-14.5318826063146	-18.6174005227511	-4.33003167725711	8.98517214247738	-11.5861231088917	5.22061300442653	14.7885451606905	-5.04304552283917	12.4274044343148	39.2157610274665	169.984725953243	371.16705817945	615.867033300677	661.725758858299	649.297415373508	603.517467668379	832.448307056023	13183.7665562174	25192.9286067248	14837.1444932145	601.538022000008	370.492506765004	345.80421827095	315.096129896006	728.004118779023	4218.41259301826	4246.42492801465	702.850510289522	338.99999574588	350.381887624545	556.623893091816	712.833803485215	828.11828458404	857.118611880385	890.256975125856	762.740794993991	605.331289659329	535.139392548814	328.622746995133	623.444942270417	-140.493425303622
356.799	10.9973733441441	-2.06614074245353	-2.33359429129156	-13.6189342655643	7.57071176425155	3.13601496822374	1.31315397476496	15.3709422095434	10.1094338404513	2.12335763242658	7.09158928025174	26.4527077870155	-9.65594408913809	14.3232748124251	3.18420811839019	17.3805818939902	10.8784376106418	18.915672244381	18.8122800386099	23.4565313034165	60.818942386473	159.083205051257	387.081060666452	614.839303448992	639.209279282814	626.544008102044	609.935224961453	749.312169264911	9866.72885189976	25759.4172759305	17685.1433909108	742.294900576471	347.507905039968	364.11006707277	332.612086313105	430.189430037417	2737.63364035538	4731.71125113395	1288.06972720536	281.470247112277	317.757577926288	391.615640093922	547.798230458129	752.7930613179	779.563929787591	783.782148620034	779.958896398472	764.132675375541	763.963007702826	677.169913396399	694.7776548729	840.523601197887	733.972036863881
361.361	2.91420118880115	0	5.63963184397312	1.32714031857586	-0.76234379633717	-2.10523715663893	10.0494756804595	16.1710375566555	2.0881725049787	6.10898785776419	9.86135144458439	11.3005189776466	-4.65022268291584	4.12086549040393	21.6430955516678	-3.97764293269899	12.218146662893	10.1881497415391	26.714907585217	42.6185048325313	146.273446651975	315.628832823216	597.94239983606	627.406988796649	617.460464872927	585.085098664261	669.903686262097	7839.59541020185	26216.7269536705	21776.7017375454	1037.62385347598	316.597339411945	322.59645876201	288.744239009049	312.922743376567	1653.34780817537	4559.45978269028	2009.46616697307	307.772318454115	241.680403156798	273.360709119044	369.739320455958	543.289985395316	675.261852747615	716.599774628542	738.915956149557	780.962021614002	662.088734367358	591.229848872385	646.8358431051	547.525903103218	817.523649407673	71.524237053724
365.926	3.50771910010583	-1.5651622126175	-15.0849375600116	-1.33119253567623	19.499123119098	7.39082810108321	-3.71374322995881	2.54892209179572	0.261818551976376	3.37020238751805	-8.52712202720207	13.7639569364618	-18.2336473555976	1.24003437418843	-10.4525678528636	25.9336223145534	-1.69040729358379	-1.33294665344567	51.156911422116	109.704325361137	317.808871201727	548.315421657332	647.806649614717	572.069551671477	528.677766648316	632.408372712652	6319.43156090092	26283.7543145143	26265.7687729229	1501.07941865438	307.637437112244	267.854775189307	289.104870446667	262.871578405431	858.640095110588	3766.66870157037	2853.8057516753	432.288033115792	209.483179152374	239.469208594371	290.621824596843	346.874936472669	513.830588734431	610.028277069674	649.161632136825	651.295767810964	679.690122334384	635.392035524827	506.026069995424	671.183644155107	457.664740431345	627.073988456953	860.911502603068
370.495	1.15974275634872	-6.20979783200695	0.935150800594414	0.880253439056407	-7.58460585225698	4.53811267653698	8.15649636636102	2.98789508809449	2.33722779179357	-5.47008301923468	-7.10460406256368	6.02301247879122	-10.9354474851671	-2.04993735536728	8.77264275465632	8.70623973371031	15.5092646350203	17.1875603749353	97.6167855170031	220.18084471383	468.309261752146	596.829238777284	569.421262564828	509.2610132111	572.60785669674	4879.29618009517	26165.7249294066	26107.6995394334	2462.48138956932	277.212693199323	250.955197598635	265.679171918164	241.847936118923	463.344257351337	2719.63864580188	3465.84665039418	762.39242024504	235.905038197068	202.313749715597	224.653394688245	268.83499497548	354.936794570908	450.184549400486	525.321630985826	605.296219072823	621.58207537422	643.325104605437	582.162696049913	488.28928458903	507.22443666933	580.043949989967	612.41175664817	759.039022610508
375.067	-33.516668297016	-14.9553089099243	1.86385799303972	-20.6146880643279	-12.4714840558971	-13.5674335841372	-4.19530085600771	-0.22904623999471	-13.4574585500626	-11.8110142743502	-4.72008473962157	-5.60211106097977	-11.3169175109544	-8.58007441951299	-9.13980171780761	8.67624478676668	0	57.533672935438	183.966044541346	408.807621128175	565.05323242345	531.619632268831	493.177293426	506.593713429984	4012.62978305028	26380.0061854971	25419.2752605293	2743.31349871344	243.950140105077	244.697043188172	244.000732180421	239.586917336092	303.013390539069	1831.04043798346	3766.27446685286	1306.43546831779	248.384975530741	204.091111049169	216.329305954772	211.052988672928	254.794381478355	321.866149314124	447.883339392757	533.014469323262	517.182446633123	546.42204918863	543.039565576462	466.609464743917	468.50071091037	394.90385532534	382.012723593145	905.916824781688	921.891705000836
379.641	-10.0201657834854	5.46461574886245	-8.07969353826044	-2.53512696171742	-12.0140017241709	-6.36731377962002	-10.6086952174594	-3.08902025920019	-1.49582405040143	-9.04386009372544	-16.5638576728901	-15.8043663987041	-8.88293779975007	14.5627380681622	-1.9140289246735	16.3360526829749	43.4594240756914	136.231089635302	331.239464334099	487.973314932985	523.055517965298	454.4598728574	467.387223198856	3188.77626580823	26136.3294409094	25394.4973363393	2819.81781851413	227.177271879692	211.86043139764	232.562260076246	220.188486610827	212.021512678408	998.703094801976	3408.05312114474	2001.32944452816	316.623639934407	196.579725092701	198.097785421066	201.044954453325	215.105375720552	279.13687915359	309.406612109396	397.486899942401	462.698594510261	528.435173017378	565.065076721442	524.529668198178	396.511086105361	379.366267064588	426.068032224203	227.578718641007	220.467976475014	-136.626865473983
384.219	-19.3352677634464	-27.6079853470816	-17.8181298318956	-2.51581938208951	-17.7031102736453	-10.6422234703878	-9.2745778439408	0.875855490487743	-3.95848486225575	-7.23788860265593	-12.5700112265819	2.67775610024998	3.60625302034909	-1.95294972329435	-10.6369291873823	33.1773035587957	107.821090496787	235.539074574605	396.854100684072	461.869143842864	449.510522684684	452.350341467308	2632.40136496845	24072.4662506121	25970.3863793489	3534.89294777287	221.182986982277	180.67464109907	202.327994071473	201.403404736957	203.374848839803	560.955271703674	2740.13774925045	2710.73414586675	538.133288903957	224.437305508777	202.532023561062	228.695323487488	218.787970231846	273.10415944434	247.757653567834	294.094461759952	410.238016709541	443.483451578856	467.325313067785	496.77421791266	523.333413748971	427.412908866776	367.822361881294	428.863419082051	475.717063076967	492.274997514451	858.713312037803
388.801	-14.9527249753295	10.9611139461345	0.430608199694061	7.7012633899125	5.23871679736591	11.2520229142737	1.93848560944733	-6.98500261464408	-7.17481038751137	1.95907062941048	2.18096786313328	9.24470705180596	3.87341341627107	11.7047709691724	23.8699638358896	92.9348842542541	213.474131219892	364.465653441933	403.210628784186	419.189705377787	423.400354209662	1954.67350201831	22472.3843460724	26484.4737833195	4033.84518684018	222.363544114789	158.535578931801	181.547748535822	191.375019400706	170.070973535728	288.892887043263	1885.34218497425	3079.47699299157	888.723839315554	252.841207965687	199.516069444008	198.032873451264	219.163963636329	240.199829909191	269.929361949608	260.85405069382	348.165674968578	406.966015436645	440.679023739431	508.804849765159	511.708625496889	451.786757212554	480.391021652444	407.853305494598	435.007851207677	431.99294139895	652.117577043627	1310.67802172693
393.385	-8.17593308899609	5.47221477486594	-9.8889132938228	3.49064688145154	-5.34698144178925	-14.1506186473632	-5.1009410786699	2.02538535307068	-10.5269373196314	2.41018064737263	15.2046502348247	-1.76920509423364	-10.0072015891313	16.9806423974468	64.656361194649	156.232588307539	274.450463817715	311.853661810596	364.955260371187	356.09380627984	1664.93890246207	19752.7361678586	26104.1455582069	4827.12789762661	226.646633197121	152.51285363384	150.596743153923	154.29421860526	163.344732474055	198.618385374907	1083.11972724326	2934.79036839474	1374.58172883131	269.11306288609	192.160752298228	191.725984568787	196.813935018999	215.195110596511	233.695896669747	237.666712829554	291.021314033019	324.163011209084	385.435051624146	430.841408230947	444.798959953698	455.20470279127	415.477102425119	329.459161065496	326.221072600308	416.247968743318	706.717520606436	539.671138045508	104.512876933472
397.972	-10.3874089382633	2.64852287087713	1.19654537076591	2.25260605441224	-13.9100194920734	-6.55104926046061	7.85536301111398	3.33293754214306	0	6.73986227935062	5.48315405349182	-16.7832029303186	15.0684563225513	32.5244375954498	111.907687923298	231.910781678481	274.246509112747	283.074577472361	319.470747047698	1055.00207706294	17868.5351548648	25305.1222029435	5701.92987691142	226.579126364112	133.413769500452	129.266987488655	149.687111456178	132.326546483491	146.771321733048	638.880191842778	2412.43907308502	1883.93303505981	338.444010934512	194.026532023042	171.069038503221	206.078339965919	205.104569523953	227.323953436721	231.812219919724	237.544497971418	267.272807327727	306.826208709804	365.391070629305	388.950797046751	423.630111804027	389.590684468522	373.360968727583	410.030956699796	368.085404353333	424.557092139088	653.977656661263	661.157343645926	849.805774253989
402.562	-6.18234330189583	-2.54639374004894	-6.13549673353091	7.21914596097363	-2.17710388804698	-13.4557488546099	6.90510081624717	-0.1884951083402	6.81532550588612	5.23382020595124	2.49713019878618	0.329306722207709	23.110859977557	97.1732034716607	192.619898774878	236.923911046199	236.513542404785	258.4245470486	729.237591806032	13420.7865543523	25878.9114240681	6758.75242151728	233.690706052227	138.592618733177	121.855767857041	129.129015975373	111.440163969742	128.588262177474	331.987438423799	1778.64419464794	2236.21934419007	574.799593562872	196.317271284103	168.581150680353	170.218244998229	175.401571404012	197.596379569611	217.707741632854	239.017102119263	258.132168043967	279.579614097986	292.20651797051	337.718475585157	397.413448813301	369.813502357898	384.582941159126	336.07691680623	343.117267810688	320.365154872331	405.585926029824	653.579226725062	627.814908652702	1556.26017780002
407.156	8.01735134438563	4.62955472589684	-18.2533765704756	-4.65341096534057	5.55169818621285	7.66559743793797	1.06994703432787	3.73854239100454	-5.280181641841	2.47156328013236	16.7842037080997	25.1456896314683	88.2537644218729	174.056966366115	207.557322198357	212.423322889792	223.296082607297	505.022752482138	10520.1795879444	26007.5335264435	7524.95370046682	286.163338312601	129.302413852321	103.917853515486	120.488776154846	124.965065990313	128.141018543551	190.432294929136	1157.69857803391	2397.73693932704	942.31346416937	220.384923049179	161.175743559565	162.040122232377	163.460446873619	201.367560160927	205.889430821807	206.619935333679	236.13943414172	268.355924016735	268.08009891188	307.472042771447	342.868628673432	344.756005927892	321.308063352073	391.315673704512	291.471795904354	266.41873709197	374.960132201492	451.199444477806	611.222947941905	622.592456210229	462.994347495501
411.752	14.842752267712	22.7662600587454	26.5547850725843	20.7712452765485	10.3137054890476	9.77310926870479	12.6277504640351	15.0753926349078	5.81633418316928	17.9881259567211	40.5923908724059	79.0115167174918	177.971995941115	189.881186395173	187.231385975516	199.425770164725	388.267312275292	8030.73326560654	24166.7329720656	8996.08894786095	329.485183452168	147.154356947415	107.171062796043	120.155117889746	110.162540361347	120.20421679118	122.361530925511	702.933383661591	2187.47593303138	1395.58620352871	264.608809965007	159.060565769789	176.645208482572	178.574629143802	184.233331858323	203.591097293144	218.914629928577	246.345737511732	242.307149030933	234.919066239735	283.210756860994	326.87957115819	321.561056117652	349.474895658763	335.509282850813	346.770257181284	366.558901581935	327.534644921134	425.096352956557	603.517587299736	835.153285745951	742.451462919625	2352.7110826831
416.352	-23.7389844368784	-19.1479018379955	-8.8346635545828	-10.0485373671219	-0.895676943978153	2.19861419989529	-1.44999702890254	5.24743549975472	-1.43114517767598	18.6613532686725	37.022224028107	116.963767035101	171.853225714332	172.360982631949	175.801634834923	295.66592273851	5869.41597090986	21719.2159962077	9694.68635994307	428.732678493836	128.842836833904	91.9633553904603	106.223244417389	94.8240521268011	89.2708189357821	89.3956356080853	380.982817273948	1703.25374131133	1744.62407861525	376.906229100033	139.518519406884	136.982443016251	174.182969071179	163.819338403342	194.426696742237	196.015439602794	202.379647341079	213.478738358173	240.637109570171	245.951874752605	271.342809735	292.816108992379	302.264189056504	314.615926929325	312.626348402887	267.271477747906	270.582288334406	269.106983629613	269.986967176971	304.485864460159	754.473136526161	519.804165285706	784.315025333099
420.954	-6.26204134586707	9.57995963467674	-3.9673504197834	-10.8638543702417	-4.38783716526837	11.5786146450359	0.405908523521814	5.31862620310565	13.421144653144	33.5207457609586	94.2071811550585	156.721739318991	163.187698913468	169.824792653133	241.761160352615	4386.22299860944	19475.1225363474	10156.8110857092	521.118542421105	101.666574629342	59.8172910636398	100.318181785809	98.2531304012263	70.2983191496948	84.4498058148522	199.596818311844	1199.25380217686	1926.74142387798	630.587248443916	144.985856276636	110.30084037681	119.125666999113	155.406566558536	162.131674216627	170.230130919453	188.489121692604	207.71209806383	205.963029239604	224.805590184959	250.906998309133	233.47041862954	237.593712713186	260.730576442574	274.821498793838	283.587114740436	226.072722139369	280.972807980976	190.883171833219	364.383154333078	364.353274006398	556.35925970993	745.48883120362	54.8897941794215
425.56	0.877635157188727	7.83210596569702	4.24605136983357	-5.32905326546324	2.58284220428564	9.77430732841151	3.18576898258649	6.60933754596285	35.1774137639258	78.6502056069578	125.193501977644	140.079883853984	152.14001392109	215.008764434436	3259.59978059866	16938.2947257297	10446.2383966871	643.330588052983	110.807231731973	91.6226720174707	76.5946082833155	90.1869335504391	81.0409662999187	69.6600919892335	121.974246993367	745.572898128356	1844.61509280826	948.272944968217	197.198899423914	112.671513933692	130.100892955728	120.878294534258	147.47478399499	152.685908214972	179.929282385356	172.335067878455	194.532451294825	209.909428011445	232.547853209162	247.926033231315	240.904307299665	267.054697366796	244.398782201213	278.80074731171	303.578590837281	276.314853818719	291.212507445095	320.646069928883	343.732877198708	364.649915665243	595.442738062929	637.23344455555	215.401000008761
430.168	7.31822098798264	4.99418347170652	13.884702251984	5.8813248140476	4.22298175961185	15.8083551001644	15.040338260992	29.3477873988215	74.4167608398707	107.387390855086	120.053107805617	143.3812973437	193.276381299764	2416.66255520964	15301.0916567428	10619.5258228049	796.003446014713	103.713148169359	70.6747505811958	72.4370167493718	85.2333524525741	72.6751617566739	78.8013854892305	91.7961214881479	430.251751867959	1516.41288136591	1269.92574479016	264.907404655824	120.33006039439	102.287590406083	119.766565056635	128.86780691163	140.08598484566	163.2324608544	161.884005910626	176.949371160275	197.005670338587	207.84735620435	203.775664439731	220.198646848677	228.420420479022	274.602410327055	272.17190201004	232.962573747228	242.774181427512	257.468418435939	243.156664435933	243.186447696798	408.0177205944	456.56944215569	576.645234380169	532.782233528877	1479.17084079903
434.779	12.0240338974862	8.04777818398122	-4.84774958242014	8.14851052994642	1.96590057078115	7.49705001144323	28.0585311969777	64.6794139598881	92.1201281426608	96.0969878976869	118.25596907019	147.490710592848	1885.67184035156	14064.0045870266	11708.4792116471	985.880815301368	97.7823620030421	70.8222713823817	58.691805359583	76.4212470783125	58.1747980473028	70.7461146073884	62.5374154090128	245.207882747834	1157.29164509559	1475.50064506545	434.00212745875	102.870023490545	95.7206147009402	90.1582377441342	103.784957762012	116.783467448049	138.827712768425	154.410484673974	162.136265826866	181.305406046146	193.989957910997	230.376171927438	203.681764222878	233.956981007498	230.645712304159	240.192469066902	233.595198801994	225.330647084788	226.385540540558	236.942233946618	264.315815381861	284.780900704656	348.152539235534	450.756400448674	556.557214818055	694.464593628671	474.283894378548
439.393	1.27971724419131	11.4203276618291	26.1412494324131	18.7787561638274	12.832815407673	28.5046685646937	62.3245166865693	89.6105114461608	96.6651977328798	110.882799820201	142.605508473934	1380.90948782799	13073.1985001221	13114.7847400624	1328.23608824478	94.613344835045	56.428910666342	69.0542364549398	63.9892076431981	72.1546935459764	65.9372598262067	78.6249296398772	148.188799342291	829.102740473897	1552.28367547788	668.562543956072	142.58048820272	84.1348011907145	98.7525273024287	116.183788671681	108.488860505406	119.303745860055	139.722485979991	140.988467753144	159.446858849644	184.17673831413	201.327496408531	202.144897540534	219.622794121606	233.691375671139	215.742375644088	237.093668231992	232.594685011498	243.599906420816	243.55687654767	233.56896819997	267.959503260701	261.931488288154	442.736882127903	492.066427905116	712.4024167865	908.05959158912	820.111832339781
444.01	3.79578324294545	3.38739581454266	18.3642263032473	2.88102791349596	22.617473770137	51.5412779043245	79.8004297168969	81.0757458126976	88.7735550545212	111.840513186006	865.898672312778	10879.2590993195	13973.5586138589	1830.60835582147	97.4482989387764	74.259986954038	54.2671115816602	60.5813093673717	60.4545233940592	63.9083981350205	55.6699213959829	90.4635666776768	516.404634948043	1408.97481954382	911.306294961573	174.079326654338	81.5502979150707	72.8997684637343	76.7795461602833	92.7346700867686	96.8925659418471	117.956046257282	125.558329532766	139.395809445422	142.677309247285	154.210627345648	164.574363583148	177.61267224446	180.951544283095	204.669938616403	211.026366866403	221.062595515331	211.898356599622	218.150383295376	198.701526346697	217.607573379157	205.109057641658	247.318844956246	285.766989014029	403.501781312052	553.945744099579	626.373357082466	120.764527718669
448.63	1.24196503386436	11.452870508831	25.0362545782372	27.3371621435912	43.5898463754235	65.0472395754378	81.1488073361695	79.9111525479034	94.5551416865405	636.991892912564	8920.79113448558	13720.2085759643	2312.12003929866	94.2503340479971	62.3459604001347	44.0746609820355	46.6842646041544	48.4536827882555	67.9666399539882	58.7198017522269	56.8019606391268	276.860519760196	1124.26627569876	1161.68208330938	279.772401774766	88.9027867690821	72.3117321912533	70.6667767739292	96.4327172860135	90.1463262114428	106.742651919204	113.747827806774	119.128520669218	140.137207003179	128.171058972492	144.445809913666	159.10185947826	185.447074528489	171.373882902186	178.3471104696	191.034948410156	202.429133493282	196.172762293758	221.560393443774	195.04302440614	199.651521143732	200.28397274343	232.597022777225	329.147994386361	459.444085325939	489.731918873447	628.503664216995	1490.22978340998
453.253	14.3235410667936	9.49555259308034	0	43.7973191220461	60.7546549362061	72.4319092622558	73.3482453575972	83.2127811617557	450.129602610307	6817.65934341358	12873.510302978	2919.69095179977	99.4394465834728	55.8442643743842	35.1777822674051	36.307970455088	42.8951474295162	42.9219452594618	41.949706305868	45.788526147459	146.419087051615	789.689124081662	1248.88990242503	455.081286932386	85.852036978689	53.0282872319344	51.7737232806946	58.7033060467515	70.6890792874392	79.5342991909945	86.5431420191924	105.829906429249	110.493965751038	115.343600892936	134.7369909379	151.266604164136	145.896548933306	147.82839606839	157.447046662232	167.632597658147	180.0004532258	182.353791136439	175.860407718581	181.702034191627	144.068302491832	176.679125560592	192.805764038464	212.341071908	333.390138254666	474.314855568442	398.686714555164	452.469206897919	267.845767696421
457.878	9.72727524295954	12.6593833072863	20.9160619025429	57.52645759081	73.9529520094666	66.122536267285	87.5381161269085	341.854975989509	5728.17522248756	11930.2880780097	2875.42768722434	119.277828529983	48.5059981355309	42.9843272944019	36.5113044245256	35.4051305936022	25.196268271834	37.8881178267754	45.9367569435207	78.554891727223	542.37632891771	1215.10701780473	665.420018308818	120.037018667902	38.5650504203564	42.4861814657314	55.9365361046619	70.0563033643328	65.9414890117252	73.5938411596449	93.6827586598705	107.658916141089	105.686286589428	118.354681995991	112.627847317395	126.886447127222	131.511275884009	153.652618675089	157.077430146752	173.378766120553	173.011071148712	166.340060225438	163.643244257171	152.080899112095	137.711979665491	164.735158848306	187.869279013885	238.916497494286	309.543461976522	398.842087913586	458.305114121241	401.294387694657	513.953833171571
462.506	16.8811561424218	41.966553147073	51.8552653003721	64.6747590333962	79.1208128368715	75.2512182236928	318.97231195197	5037.54357389064	11349.7294893936	3324.96610414882	133.899179842399	66.2400550189354	47.5195193612463	36.659076400819	39.8007704333541	35.9335777378415	50.5545156838764	30.2416893451869	41.5351747170165	279.029232425057	1036.28979042528	902.439655727366	194.564946568224	69.5185941424219	49.085217567397	41.5476520032292	57.4937121198262	57.0779410227621	68.8499654667287	94.6482356997431	100.81030353415	99.7024526955024	105.664044929695	116.202479556383	108.959561477812	121.988978818277	128.723782146326	143.749728916351	154.634025580338	169.909244044817	168.966004299644	169.669681337243	146.106203702006	183.26254891726	186.547227505961	146.4360570468	150.674350379734	212.249311899195	248.72362831603	410.906504367684	534.903839631774	729.587616695653	164.412695298149
467.137	-5.55532596600517	53.1174615955366	56.3137126338152	51.200770243511	70.3270094671764	257.274927162152	5282.83081907273	9891.30115801088	3691.36240236763	139.53841028294	39.3567605633878	27.4771915983171	27.0545866578125	31.7028909507847	26.1956292080955	24.6433174364953	22.660339478359	36.7924999999282	129.631049809129	700.217645578992	1004.47283373873	313.91517370685	63.9206876323608	34.7863177378312	27.3513998111725	29.4636758155512	39.361802207721	46.104863153149	58.0182477027346	67.2668289210566	77.5015015523105	84.4894299435713	84.8634372358192	98.2913537988662	99.4804168603618	110.318833681412	111.699254995751	125.59689985134	115.619741211929	139.719501115797	115.353460456913	120.046655194256	134.971020386088	123.385985138249	156.370223781141	101.950736778574	120.611154061964	147.411657353193	251.769772043283	470.749381242524	269.220112784689	255.374771235132	551.877744496511
471.771	52.3746335873789	73.4480356496354	54.9332686408172	75.9187650926569	204.227345343824	4675.4192502167	11254.7915477637	4405.48398021278	186.058140298345	56.959763621093	48.4775568271089	49.3558644141716	39.9879306973126	37.587378512491	38.1825175153527	42.9997179809049	33.0206148240941	58.6601791214888	465.029674430698	992.909295505023	508.850743352249	83.1817751147591	57.6682269180482	39.1871673312679	39.8302786395941	49.5930369653336	54.9143014937052	56.4871370664898	73.6652714189173	79.6041591600658	84.3826200234837	94.3630513588108	87.8560383848533	109.844927795602	115.079594608102	115.44095184557	113.837611584337	122.882186452033	141.477160500419	140.644484922796	134.904195105213	122.366933705814	140.080488709837	131.278983886518	138.629431591323	157.569437453564	188.519325262068	224.878144121282	348.565866905717	426.268322422816	493.245619307502	909.76508366395	1868.57183492539
476.407	63.1170830213091	66.8219204729734	78.3957836573253	199.064227635129	3339.41292470979	11194.8994694052	4279.30057411249	200.913855371135	55.4798126199009	44.9940304585609	37.0531359793291	39.633710270224	35.8280463240547	31.3212004730613	31.8111332745439	27.5571649700575	29.7555616378231	255.042622237484	832.783935548081	688.333541588973	141.622579254985	44.4421342645189	42.7386282486358	47.061807280297	49.050985133432	47.658762265449	48.4689785777496	52.8602368138318	68.8398724908598	78.6917170564074	67.4793573218011	80.4418658053842	78.8279242218835	93.405900976397	105.387485642493	88.691521899437	110.354439405688	114.971191930027	136.038196159364	115.492553399996	132.605707590233	144.803961813642	147.596741677245	134.793784366928	124.276681177852	149.433732866797	126.109986828926	214.242680514656	330.115992647318	445.792637270551	487.627813432936	834.5312928559	6462.61883779221
481.047	35.9014274379889	59.5503806482594	153.554904577055	3630.98952471162	11357.2913428682	4765.6326193537	227.529282344361	48.2579425601784	31.632194573891	30.6764350123409	23.9057349638697	34.0475028690309	21.2283720682259	6.62176925431258	14.4908459385854	29.8275910184404	110.859840355715	573.882280150031	766.522542768676	236.528195073363	56.5924486717856	29.2799802680651	31.7481647986697	28.9704814230472	28.9447166924588	24.9983765610259	39.2704883431869	45.620674825309	54.2598449399534	62.2770381779589	64.4281351649422	70.4750272846989	72.9209384142089	81.6386479356585	79.2673191982447	80.5130681438768	80.9061051797882	95.2534430369766	105.608235920752	102.757725932592	115.972072697834	109.820641870298	98.7907378642096	89.8391422418624	93.6341957743851	110.944731757283	125.531386561032	149.761040802709	200.217597484809	394.679101051187	285.124517383945	1030.32857385624	16760.8346107947
485.688	53.5534094022787	130.81645251282	2922.85182219368	11186.6498930485	5845.8423285087	332.042611470705	47.1800584421769	31.2973989670544	24.508766415995	27.4511849348426	22.3502067781609	29.2335221728718	25.5176458347813	12.7134465506662	19.6230047084109	75.2301510508141	360.840490322588	762.623849884775	365.18558833201	65.0877040532653	30.551123968459	34.1121740255667	25.1239769226489	27.7851686132444	28.9942561686022	25.0411617951128	33.4370455008582	44.8576741553321	52.1113628379247	53.5112885996578	60.1443010528918	55.762320186851	71.3793012645031	72.691888138344	83.2403059071035	96.8433201556329	72.8083400729999	97.8630474440496	102.102959175033	106.483032297536	108.989108399291	86.6317741937388	111.646976678557	95.2522293213515	95.1637147025141	124.306125978068	151.489560029849	174.020137478153	197.498285092295	440.232692430786	431.818919737388	4334.78640981852	26095.7128310519
490.333	109.214526031844	2828.2073328642	11013.4160889479	5709.33141972338	379.398626142261	45.7170481834192	32.1488214899325	25.1351531459145	18.9333218244285	22.5662100770086	28.3195794277743	20.6006358498175	24.7017085405275	26.0161464057556	24.4959160345752	202.231288739042	649.972536534177	537.591398529538	97.5413698429099	24.1404205971943	30.5940404753344	9.89684934370156	22.611495532934	24.1143063729014	33.7275086121864	29.35071404816	42.4881211283614	34.5327786710474	43.7677004826937	43.8687067613575	59.4037365006999	53.364958039671	67.0294808892988	68.8130796650747	82.4704581046758	84.1942998735493	79.178950750021	80.8504289743295	91.911012761284	98.733901568548	85.0293963116359	93.638665659698	95.0332402805233	93.0452727369097	83.6423182261148	115.412610570113	130.880470966107	174.264591215248	325.02676401919	404.470190078686	772.918046061432	14017.4110333599	19855.477681551
494.979	2154.64110397377	10885.2918653439	6603.05532172055	437.509554994202	48.8813789566515	34.1591444849841	20.4195823077577	18.9229518053301	14.5460034198826	30.5572833657807	21.4612739986415	28.9943476672819	24.1262152191005	14.1106760607326	109.523983983931	470.299327111755	612.427161429736	207.295306163883	44.0264797813686	26.5460586226407	13.9328741925371	15.0001518228866	8.91438736131138	27.5063338458217	13.4867337725113	39.5966804046369	40.7869389579376	49.3971181782093	38.9858011319432	53.8470612308456	42.3392600912161	53.6230589872248	67.8423950099701	65.9486857352222	72.6928744536466	65.1519986933953	74.8663894819691	79.4252768436226	80.4428093965523	96.333790278251	72.3155477559507	100.033179780177	91.9549340245701	66.6905918650043	78.8182163022434	119.496658892996	137.777483975353	198.23832764544	308.064639705668	387.22716916417	3175.78991556675	21697.5093088694	5762.66915662345
499.629	10058.9236597735	6743.11446679586	488.917632311487	38.4252339320141	19.8652052618511	9.14306826798379	10.4253200859011	10.1873531293477	18.1379125939696	7.95942056062643	0.227204023608655	7.82016533074297	4.8018386813574	47.0827833376935	303.4122465766	601.168165120769	282.348736351709	44.9871675898484	16.5515527352527	3.43081812987998	11.1598709166331	4.76406225806949	7.60384200874098	11.0721911879719	13.4213177089507	20.9779994755126	24.6333884439377	26.813194014171	33.2144447510049	38.3940078106876	46.7850422651291	24.0817486063839	48.1447532948396	54.59637921928	49.4031213822268	40.0183833270178	57.7646401688643	53.2736782400515	56.1837262324303	75.4359602281606	78.6983358188601	54.3404104296467	36.4013366495134	62.8741096753502	69.5692475603297	80.3715249415761	93.7077320618648	211.624195390316	236.410012068745	374.703963257538	10277.182541766	17158.1412921693	414.174070688679
504.281	7344.78883510027	639.766707419405	46.8361959623559	31.6595840108142	21.670335670384	12.4380266703419	21.0490551634502	25.4946836791311	21.9974717774963	16.5481756898987	7.96035289498123	15.3865428715863	35.9096046696138	174.46888552199	538.288576558692	417.155228093098	81.7205294967871	23.4056341664383	12.6701405240911	12.7071360312733	19.9731011615814	10.4917604901316	26.9580843118128	16.0096809753354	28.9148390123282	26.3914685821555	33.6256731985298	34.3898821616085	39.1161704241686	51.7057109268577	33.4132719230346	36.7078039260497	58.4427214691204	52.3873607793737	42.9780020280813	53.1024059771583	56.5101044586213	62.0425320160153	83.0760437159188	68.8277387362835	60.243228522804	67.6528235446439	71.8656631993186	63.5218078000996	99.6823456332276	77.9916299548755	88.8674236807052	232.18921439543	322.155003516503	2399.72937659242	17198.3188975777	6278.51671420101	-382.709337849777
508.936	759.375887197587	26.9962387474738	25.6435382969065	16.484592053592	5.32641202298662	20.779465457462	11.0865123444502	9.83817193694519	16.5004040836007	13.8211050363277	15.1603012083029	12.890690565922	105.770242125759	429.961021269712	496.325488425388	135.251248639783	33.0814039113701	6.48462330488491	17.4533715866134	19.8172185614811	22.5650886110359	19.6107800146565	15.4609057292939	12.2520306926163	37.7744097499088	27.9501764729776	27.0414656446345	24.1999004498752	27.518974076691	42.3629679033648	37.3291836209136	51.7816585245042	46.845259376541	40.286503786823	60.9151687688178	42.634966416814	52.9518854153452	70.7405495253443	67.6562381054786	62.2144588178872	68.7360861147436	58.6654859436621	66.4623625452631	63.7760749189048	85.5863861299836	106.17847767462	143.42395254105	210.75715582252	385.820138704463	8074.01529496945	14701.5365897999	1075.1901308947	301.425624008583
513.593	39.7142533188946	41.6350499121053	28.6033556209137	21.0711255703104	13.3646132258185	25.3008973345297	19.9445530565651	11.7676629594749	11.0513672264618	9.90136331475819	15.297025891918	38.4470037441944	264.844338956795	533.232903016372	251.888808757436	41.8391226646155	18.3954714160565	17.2893690773126	4.49861340062391	9.85094207245169	28.1259103662264	12.264019919629	8.46969317929211	21.9253049712458	17.9106392205215	13.1920497169256	18.5694207548976	27.3775501489223	31.227739635456	41.56945278427	30.6105709520727	36.8490525211248	40.2716221120151	40.6122083761566	42.508916388496	50.3727601674125	44.1947197073988	49.2991420043227	57.4457979396989	60.6853503362244	54.5855020125701	63.2974274285504	53.5612474620815	74.9330682939346	73.6081162042826	87.6964391067139	208.02402549328	192.95752897212	1626.4171353841	13783.8020374338	6083.84089297119	260.87046125936	1198.68541674467
518.252	52.178264988173	37.3200112465131	15.1588685514397	10.1921271231848	21.5784638806996	25.4064309413957	12.3600251543456	16.4234654112633	12.0275071866858	18.9002835120741	34.9191960344791	159.932986773109	462.501646838005	356.438824783721	67.2770587279988	29.8491415044075	26.0697213168361	13.4130182053701	17.5855062442949	16.9001796176704	23.322059072301	32.2290135930053	19.040366230695	31.2098671409631	24.4331730407519	24.018972303975	29.2328372063768	27.516990712819	40.1473154801962	55.5139890901475	47.7098226048768	45.8329580340247	58.8812590829337	41.5256482337295	50.9895753456588	61.736900039261	50.1192683375745	66.5497766258051	62.5876767932795	71.6098134269374	70.8995815892045	79.1794061797403	59.2727962195266	84.8854837270377	90.0420869771149	167.251529471783	185.613178885765	262.676085858542	6225.47824673086	12580.7258875027	1181.36847017812	379.868995589374	1506.62236902989
522.914	-0.381426964074357	-1.02116797954189	4.30585507361642	-1.44752961394803	6.7351380759598	-2.29621019417804	-0.346139902588506	8.46622365658278	4.09967559256897	-1.99894631598228	73.4368843698765	324.604177762841	413.326763215982	118.120265357598	13.9015540024244	8.06955066940238	13.5103089550614	-9.5662843950589	0.317872422152288	8.06479297317814	-3.64352875833608	3.11078828302732	4.96507840272589	9.33849852661506	2.00041291903436	9.71817421012524	9.59607895712851	18.6024658326668	23.5105490658651	24.3486811918083	9.91509603545973	30.8238918218414	19.2416517979273	41.5606256650842	23.9060313778757	34.6384911696466	32.1464995860096	45.6993829509405	48.1956888566467	39.6368108407593	32.1516177646395	45.1732785831981	47.5379394314321	42.7655086074744	66.1358004508898	144.588223980164	171.971353480299	1083.22349563597	11044.3244995831	5761.56928743508	209.017827141753	276.946537718521	1731.87611406696
527.579	3.43251969051592	4.76500220385283	11.3786891490083	23.4477734057711	12.2218783309933	12.3983684124802	7.26825404119116	7.40724870750925	4.7825048437272	36.1775241612794	212.279382005762	397.728150426553	205.260778369395	40.1786840483893	12.3266332858639	13.2744633185459	9.92500737024755	9.85524446251707	3.17842514463374	-0.672002848361134	0.662397445335269	8.08728855488436	12.7218163357687	15.6631043392126	6.000674118055	20.2674276985378	16.4488732972333	20.2419551910045	29.2487449055462	42.7414407408554	36.1732979906673	27.8728968343038	27.3693518607199	29.0897007429381	38.0156535065541	41.6230421272194	32.1434750156401	35.1238326314854	41.7177156322814	45.4048895184933	46.9864047339688	37.1191025146446	37.1355208792085	44.4719443225444	90.8446727069109	155.01612043622	196.106180668852	4930.8378013076	10583.2107203739	1065.46684700478	328.4256819865	579.015550401251	2246.54681110775
532.245	-4.57944388837814	10.8979802533984	25.5405102689948	1.15861073778175	4.24279223659387	8.7300220785342	7.96525360615865	2.26888808305279	13.8434193293529	120.797563375603	345.773625663259	291.736924495987	57.2971974175314	12.9512487726504	-9.18492534275964	0.260440046262334	5.51720728524025	0.870103082865401	-5.40657058586825	-10.7585084347326	4.30817140331598	0	12.7294631904534	2.41115679217612	3.43101772297009	16.9459755499106	3.56606475739253	14.7800351668771	10.3936484147228	15.1579707826786	19.8402447558378	21.1854077665221	20.3359923900092	30.2160312205671	24.2063207471467	14.2880209229687	24.1220969096858	16.0370137080735	17.9925824999263	37.3467933325962	39.1788728463736	41.6162833119994	45.0848487447095	35.941237990556	116.965982467867	153.501947597811	760.730702041865	9336.84760438098	5344.85671439847	325.465236145421	185.887810039912	925.722251896219	2404.00114007099
536.915	-10.3903375680595	8.58559591414223	8.37817907637391	-0.292086816384996	8.5568941254064	3.01168464733743	3.49225677998873	7.62651654321289	66.0072328477654	251.894144015195	346.434178010511	108.455388263069	17.0265738599987	6.2579579630495	-2.38168594078531	-0.52525737241186	1.1127143629739	-11.4063963140462	-1.60353099011595	2.03417229053687	2.33927919684827	-8.47400509344094	-1.87850294621785	8.50996735635488	5.47809694509626	10.6452222830273	11.3413336506665	9.38415174656559	11.3084395102581	15.0123999275036	20.0069746915237	25.9606383128186	9.29645607551854	22.6428108588464	17.1449375096266	16.8605332654034	15.2435475475462	8.60201208730524	24.3126724074835	19.8009559460208	18.7143713623122	30.6848251482596	32.4740891523085	73.6371293503373	119.296908142311	142.63548656938	3936.01662095088	9553.54553262671	1080.66754788743	197.761733249713	214.228504116584	1555.8361210588	881.528530605676
541.586	18.292400910433	4.86256512861229	11.6116666264182	22.746241208716	10.1813224646917	16.6353311832064	13.7745600331575	38.7201377559438	181.79587346239	339.199217735259	179.613199375935	38.5389361176353	12.4210144805717	15.4098990062516	5.62041311147874	15.6711595671505	18.0057259810852	16.2687243017372	12.0009613554647	12.0008356443613	25.3484986562397	19.6799325666383	19.6317619650547	18.7502325212801	9.91429848053114	21.2490423017318	6.71426490719489	28.7514855848446	30.1265595422105	33.1265068075982	31.9920835056243	30.6315600762233	28.7593326282885	35.6223712098194	39.6757023341267	43.4053849801194	37.3938346304827	32.0150973756557	44.7738753947996	40.0518990757326	41.2188399618567	52.9394822223299	55.580604652675	106.474333396804	149.281845868289	578.66415506276	7903.31792626665	5081.98271372327	233.222982572638	253.202697107552	836.182731611641	2466.24347938181	382.090770586104
546.26	12.9263300875061	19.925108733288	-2.8426526322887	14.8654263035816	5.63579686346837	9.19657588015446	22.5722734689099	109.766807920639	295.238015463635	251.265267135652	61.9326274465718	15.4606229430924	23.8655873129209	2.21559410641278	5.65661586246732	3.74253271657197	13.0249763403297	-2.97700290714694	18.9334935295975	9.31741965735131	20.7495777064079	17.5704568922045	5.09889444582212	17.9429259632765	21.7171705091742	13.1166937344485	22.8066080039233	14.6088105558493	17.9677710604441	30.8393931455492	21.4654360147417	24.4979390006642	14.7506032874473	23.6166786945888	32.5365865592535	29.6433738319895	31.6923784683175	29.0692308576035	32.5039376748397	35.5675458170539	47.4106774382428	48.2280217383793	75.2628649528492	138.781198872056	173.568876224477	2859.98773419586	8675.53301362711	1227.8688778009	187.16653212447	192.731332628749	1219.76373375033	1732.31939786331	96.1379826949706
550.936	20.9164469878928	35.2189648389592	28.3218770176361	23.3642965114649	16.7763218515685	28.5097586060645	87.3860576290005	234.322599710293	308.944403431216	109.616934794721	34.7678555027581	39.078592475806	27.193630256265	25.1127033379795	13.5693217138177	19.930584355144	32.8070888147057	14.3969746087042	24.6669110641099	37.5496929880637	20.2200479723977	20.2773714729982	20.8698889484566	20.8829003862875	25.4284984126608	21.2593023649699	20.1411734950992	30.5693364389277	32.2455526962783	33.3104537516374	30.4992064366354	31.8924677630508	29.442450597681	34.9744828830469	34.2710875600221	35.5249284341414	36.9196284658303	46.930786457693	34.2366981880933	66.4934097474478	47.7668830972301	54.1435532088779	109.643665663759	171.682496699897	378.776155308807	6244.99740432409	4851.17623097064	254.446386046088	275.130734708608	548.017306836998	2008.16456141872	1035.478393746	952.459479927577
555.615	7.90445400750277	-2.82160626226724	-11.1539811674597	0.899930969934251	16.0252538907983	39.971588922688	174.308444101573	293.406666743865	153.103404505434	35.4183015464105	12.4515825777412	1.09469391356198	16.3398578952508	1.11773997846055	6.79450746520693	8.09169312175782	7.71371261712383	-0.600744541733581	-3.62306417164191	-3.13368241862604	-5.14815086883488	9.02524449416333	0.321541192470118	7.4912983278612	9.17938941918357	1.72622887171492	15.0567808009828	20.4091345680367	6.51512340892833	23.5473863720751	6.38636192368134	16.1082408666616	16.0062408734769	17.5126207523423	17.9065175691745	13.2231186604719	24.6488067239015	21.9092604027469	19.3792616858278	22.7282932924477	35.0229375503593	54.6855690125602	128.274289720204	154.206746836877	2008.0736548285	7382.68821751933	1254.34692064637	146.822359478787	160.983839599278	725.988383138491	1550.42160308698	136.959779562612	-16.1668099759631
560.296	-7.14470358955246	0.708445178544955	6.08114408029428	0.903813923578286	28.0354037279282	106.572908691412	266.55308088778	220.88648170556	48.8845097579856	15.3933509274654	5.0947549963858	-3.57310595047033	-6.0459220574663	7.57729834538222	4.09429433328156	6.50128523462343	-1.14770298624248	-8.74838053400471	-1.98474365079973	10.1409887107199	-15.5110911549401	1.94232555687475	2.90635698537768	6.26968434302462	11.3007047127696	3.7563003240656	13.1245348305779	12.8107464676722	6.25874591670603	9.85374451762764	18.1262880555491	-0.836779835076867	6.76854879291029	7.49660253699574	14.9864827067435	6.95628097281892	13.0466381247856	16.3253946667778	29.5686028859064	14.0161857206555	30.455581484438	67.0228744795089	119.036848263493	302.030276406455	4792.6202501814	4554.05044235536	193.035709178815	58.4948855876922	172.560643136181	1278.13144191052	873.501429672012	-13.1000688755944	-503.333524206647
564.979	18.4243196664233	1.07230770240663	8.39705422670442	35.5685001321244	79.6303382015053	212.427034492899	247.162635278931	91.600904203337	19.7311852036395	9.65564299080262	0.233680536251602	10.5392099475481	0.871538188632368	11.3274598630261	9.08915811828233	6.01357285890188	17.0821861216049	5.47928752124648	10.0137407405625	4.58719889696525	7.30417295999251	20.5794252372078	3.5844378159707	5.69390350837733	14.4040654223293	13.1205302455577	20.7291026439242	8.61797231890414	19.2336345729611	15.9090115858141	22.7930507296181	15.7615852651058	21.6281728662215	18.6205724834163	31.7571067672488	18.824713000468	15.8655007863332	17.1897283024346	31.3475586237477	32.3276178512542	51.5083248523769	123.989926406884	126.356512531438	1686.71404896751	6131.75476327885	1294.76525063865	131.886911020332	124.199529259709	472.179562069578	1377.31344428267	463.357991265171	-6.60945272961858	49.1515633273076
569.664	-2.0172840055928	0.720097957120056	2.27727281721848	42.871742776717	138.524851224654	254.055718502739	125.766234497122	22.7078336595207	6.32400121339419	6.97751405985861	3.53083328498554	8.66063160634762	-8.19382360948118	-3.13782441734987	0.554885181339346	0	-3.49974253817872	0	2.68985263622568	3.55441089329095	-1.75180261596339	-0.658091224710916	13.1296082759118	8.92193472903761	6.3478485260353	10.5731595566682	7.83024195736237	8.1022433639197	9.25337043633814	9.72965633186438	12.471926048496	18.7119572509268	5.44657205048905	-4.98224854323415	9.74911112582017	19.9265197481174	18.0216773044634	15.1509713776224	9.13062034339568	31.342804526577	51.0128677671802	87.9951694507578	235.180392337468	4143.57080759936	4181.78817363951	179.278629261622	156.355508912125	190.757977497635	840.651000349946	1164.60721467198	115.809015248101	26.6310876864806	-445.598025207227
574.351	2.44147658680328	9.80459412182005	22.6396852933596	107.479742993332	240.835908708734	187.887084285385	39.142400353447	11.6124572702642	7.10710578855908	4.05176878231593	7.12215597250087	-8.45304924647796	6.49315144940923	3.16470265103142	13.4313182957697	0	4.11800773973786	4.94810894178644	25.0942657675585	8.24517238240252	21.9084235455937	9.95592534726073	4.30367435909128	-2.24958974227447	14.3287858109248	22.2160999869791	9.94476689343762	1.16737803206767	10.2075681263897	15.2967343897813	13.7222826494004	20.8738430577411	21.1055553846631	7.09401303010959	17.8216253110786	22.3662475737961	17.1472159109566	34.1997800998248	33.7657179192766	43.1062953975804	77.3946280615347	98.2918209237616	1206.57727590715	5364.04478034792	1385.43961780682	132.825677113029	120.590165456501	244.862529956006	1121.96945489342	620.660389465264	173.431819961506	94.0072225435497	-765.669940896082
579.04	-13.1384211425949	7.32803843430045	56.2810385932974	177.940731067632	231.189284055374	74.1506059921019	9.12850295966662	6.18396632709124	0.367747776472418	-0.21517060451983	-6.70718281520962	9.0977502335778	-1.78680018680964	6.09609052319589	-2.54104174699146	9.24662847351007	-6.23261505724486	-4.68060956968802	-6.15895690835222	8.31939274004583	0.713085033621202	-17.4122786000335	-4.6764465296216	-4.86394246457217	-1.53806051874309	1.49440547245378	13.8709253834212	-1.17788638908273	7.65102247496207	8.15403881443687	2.88454295221715	15.2914021599388	-2.91719735938474	14.9122313041944	2.48028272833877	11.774390219124	11.4190359138651	13.2156901481541	14.3247458981206	59.2351272926686	81.6409142767615	132.877402348352	3341.55950298057	3696.19553811459	188.401571135758	124.510139413013	101.916380591025	543.294637142891	1152.97374300132	233.439880691881	-35.7128564786941	-359.088041625447	-487.05011567307
583.732	7.02454716842344	33.9251503763235	152.933306593128	222.676210684918	130.79348793904	23.1341000618078	3.74981366663646	11.3007904385749	7.21706934323267	-0.866201921071655	2.16970571661965	-0.286127923182641	-0.599419608547203	6.42733601066508	3.97808022918829	2.53797996237281	5.07780644433646	9.42125205740285	6.88717101911537	4.00435606041465	-6.45892203363081	10.7839645927914	-4.70643629131714	10.7692961773659	10.2162984363227	6.61755160927745	9.80161700733921	18.374321572897	5.92314462138253	13.7749113397894	9.87034058100088	7.83991611885914	21.1385171895095	15.6081770198846	17.4733203940379	12.179062505181	14.9747701752091	22.1674025830277	16.7544381902406	54.1954531744862	86.6299328554602	837.26318750006	4791.0116814265	1288.56016886093	107.831515385867	119.217224200958	181.067385467104	879.159339016588	689.423482359843	196.53376641606	97.0430781961966	170.467382535878	185.927893675593
588.426	26.1660703473342	92.6621784869302	206.299724848429	156.990495361467	46.7194531027081	2.25030152304656	3.58064970783972	3.45706518890082	-1.4880406714968	-3.70029727740672	-0.726955994419249	7.76519829124364	-5.42253044052787	2.34923711977568	1.42805209220853	-3.40138246994587	0.6004623204839	-3.78788824987787	2.42291096415304	-4.02495686803471	10.8202509996373	-9.14578068103769	9.79920154234578	-5.57636055020413	14.9365195617536	0.604690569185647	7.16512174538802	9.53230972690366	12.5025953375456	10.6052765666806	-0.875392899602045	0	4.42651383155931	1.20680575672079	24.1494187370286	17.5354351844239	17.1520618382359	14.48293924229	30.156482460233	86.7397944854027	97.3990061138397	2633.31717491227	3471.41596358381	199.307652728676	117.115360525183	147.820166353897	345.061507029455	1012.47289422949	302.564492801621	156.673504820977	191.471973169046	-41.1226485414568	-441.72680665016
593.121	63.0292990133247	176.19403967052	208.005101372934	70.9675169228434	23.476606963915	14.3232190885417	1.89398183780803	8.76862946358277	-0.373871521079789	-0.437507260955638	9.2541820455233	-6.35885675153692	8.47725211885441	-13.5757012963063	2.58335523381798	-1.13946709671909	9.65546774780978	-4.75855119012835	4.52220600244321	0	2.17487802702612	4.4255570680166	9.50863765404203	5.60426187517315	4.37828254810796	13.3697550576919	9.30125606627852	4.7900023235471	7.47925719311242	9.77014507095694	8.50447164461448	13.1994636348395	17.4980701299686	12.7348621091696	16.3902989546417	7.98030509431883	17.9414692232504	26.8715162615275	49.2002766997156	95.5963862183276	553.486367697864	4135.42060029606	1274.0189494932	89.8563986899028	117.701347335659	104.607185667619	620.623686763135	806.08552550099	163.482997048528	54.767798553598	98.0303790686457	-27.5522704999882	375.638989101391
597.819	122.202042273565	213.236862483422	93.7961959950484	4.78104460995584	-0.549271188192412	8.34256625429857	4.38251681705942	-5.49274875042174	0.376133772738505	-2.20077282415707	0	0.872363649520145	2.13213673825112	-4.15673581032442	-1.15510524710421	-6.01839984496063	-10.928128301083	-6.70228245639073	-5.949436813127	0.369961102880294	-13.4929007082367	-8.21969645938619	0.683298091297089	4.31154374568226	-4.40477500981827	0.611393356334561	5.73526452055227	0.903559884779312	-0.601961062388937	-5.3614162063841	3.24535320652738	11.2136581363449	15.813716763722	21.9632901083655	11.0986848838352	22.0786306447425	15.2186535023266	14.6434776465228	93.4521893803351	97.0221837836784	2067.14381586446	3360.26354276879	194.085549594249	85.3778806876639	82.3746393379104	217.555270508684	870.088632055368	448.672722030657	37.8286089954085	68.8739899038436	-40.179964454437	76.2272114416197	395.089750746622
602.519	198.073580049275	159.011061349344	45.3891782900807	23.7716036064366	9.68768682095976	21.4022894713455	8.25770633097667	3.52281885353098	15.1634332762946	7.76315901610488	14.0748723888522	3.80991144555901	3.6837782774182	18.5528784754671	4.07459852974225	4.04375655212114	3.36535739801747	15.1180756024714	19.7519594420124	5.22010602804187	7.35070204323207	9.66490952297931	-2.7546436311121	18.3843109584577	19.9770550796876	-3.08095916808107	27.6844861897105	6.07100940189205	16.9871943075038	11.1071839615946	20.2196400788064	16.3576769846318	18.0428259568815	19.6761488257729	31.0006238835494	29.6692176098261	27.8225927843781	41.2478524977146	93.3874588345572	428.283871006292	3553.38819986919	1470.98330726225	86.8151487758012	93.6404302289722	145.287013965065	434.960227392774	845.828699977298	227.396457319977	190.627520715782	131.887630780489	117.804549958698	-265.397096456993	242.376877558833
607.221	181.925058662176	72.0293127486617	13.0853849240087	0	3.35147140841388	-3.34215452981172	0.193772973986896	2.53901053360125	-1.14752203662861	7.16180748126713	-2.49156279195944	5.32287491489936	-2.16826571606443	6.03881649170435	8.22274923820123	-3.78880753749879	2.16092042233015	-5.19303038750549	4.2707645639174	-6.77214144041846	11.8672755973442	9.7521420622499	3.12694448430238	5.05915695491985	-2.87962313059722	15.2329581540349	0.613941933133455	5.20693381625337	12.5493060396361	21.5061571967342	15.9016651445358	11.7037698188606	2.42742333686766	12.4085873573547	15.8014523615714	10.2057964639632	22.6749204718911	58.4209347992705	74.9010440078784	1677.32575841403	3230.55992034214	226.845398138322	63.2041368270022	82.355692174955	115.932353159398	585.481180696817	539.769307515588	159.958639901021	113.736248222486	25.6817209380797	37.1461931448098	42.2830247494852	-104.813356146275
611.924	104.771505586456	25.0100644138804	-1.04298520365836	2.61802000082881	4.79354910693756	10.9015048196019	-1.95635286864281	9.39917898524402	0.965458865770856	-2.93744675455063	5.53411913609942	11.3451786446404	7.50550107256254	13.7179222562753	11.5631885832091	2.35398215430663	5.29838657967302	-1.31073488816772	9.34225504053669	6.83722712266026	22.4649929697585	3.86801954314026	10.5233230518608	8.85348444862303	-2.58426542784377	11.6129853939003	12.3968480986102	15.1524619775657	10.1977363691281	18.348886077967	15.4486629151176	13.6341373666235	11.947419957523	16.2861969162994	16.6044727184778	21.6381528519346	42.8786612174448	74.7881495355993	283.781667492618	3114.1488121065	1588.86912700642	71.7916777097122	49.8178116816031	78.6353327290693	207.66324374836	725.49214968202	293.774372352191	170.762132265816	101.320009685108	91.928469806277	262.522383880251	149.412894231579	-123.457478808765
616.63	32.2614135475239	-10.1155514390785	12.6553498262266	-9.2652206348156	4.27675409380257	-3.93679845031436	-4.74758986980348	-3.97438401660597	4.68586501373393	10.052963103431	-3.05226214670314	2.41508538883089	-4.11080203865257	7.08954593518504	-6.895338623981	1.19011226713126	5.04230909547339	-0.994010298577307	-9.80972644307313	-9.21793209797416	5.67885862376093	-5.33337345288716	4.25625515710628	16.8714233082202	17.9648907901162	-3.80836147365743	1.56688114318612	11.2565261584324	17.8106372120928	5.56603227504452	7.6572969783708	6.43352817916639	13.0098884933248	13.6175680673434	-1.64603732340124	27.4360437958264	60.9932898776773	65.4870007858345	1297.83133865944	3016.0317576219	298.701749724924	47.5426590426614	53.2031387927288	93.8501889778164	398.576972438121	618.814663079018	174.475107791998	99.0485996395535	75.1296576782444	35.7512675717476	159.26940255558	201.438081385924	-713.3359576269
621.338	16.2572302371874	2.35266788932465	-2.48006380211989	-3.66845823683268	0.862059883003717	0.529023637561189	-3.58862119315248	1.04492808408703	-3.93551604490999	-2.07241669043744	-4.35795424065886	1.52126778135643	-1.9121749345954	0.931976580540176	4.83438134304281	2.69875592954375	-10.4813345068439	-7.68052001071274	7.68963254093401	-4.25802402787491	-10.3021227876984	-7.52528912296236	-4.28963969203414	15.6156949155165	5.26714208971757	-3.83823289159227	0.631668478172788	4.41187378404815	5.98344581526114	-7.47958697426306	7.7173580623499	14.5117881740475	4.05845557011965	12.4476929210271	4.31326544547756	38.8517454504393	64.0638794020601	198.394832868953	2583.7050922765	1547.10698663741	55.5555600695402	67.4939701064623	73.015074154051	131.369883489137	571.773040794624	310.908887317639	70.1148642482862	70.1476495184742	36.1385886735141	36.0316876586335	175.80614537944	-43.5038762700769	-179.732777091771
626.047	19.9626260617171	5.93828393603318	6.79639701105883	4.04047538927153	8.70357669838237	-2.93763674954952	5.4347453834437	6.85740948772223	10.3308334712922	3.48727468007237	-11.6467990887775	-4.3005502297012	11.5834838382593	6.5866314705365	7.3213722685586	9.99068728855606	0.962020268179235	6.06869930996476	11.8303228365414	-1.56327628491777	15.794545744982	9.04490958372418	14.7973433649043	18.9192051840536	3.32365071607627	5.16690391110308	-2.86986881103552	5.09067477231724	10.1743826142827	3.14649249751518	11.2199641284228	7.16986922107684	12.9229488679519	23.5237981753009	15.7442152058498	59.7220334117206	74.7751774108454	990.813096607106	2831.53330605017	355.36589739192	50.8168638719931	50.4575011842465	62.7753849491603	233.436524266214	553.968048190726	150.411160058734	115.73563489819	100.786375008029	93.8222791522974	65.4813214169601	154.346411681565	387.98318146095	145.170240858986
630.758	9.41585947392764	18.8062876211056	21.6926148422036	5.44511075784806	11.7292978044007	16.7352657250409	11.7999168603304	3.90979217815672	7.22886365901554	8.69425026419847	6.27828212305789	4.967655690627	5.85389215232013	18.0698455901418	13.8748813393163	5.81393995783674	16.2057258331521	13.6307145055985	12.3309368446201	1.97506443311176	11.2916341065027	11.701720353134	2.553485819939	8.14465099438514	7.72642741437563	12.7294759557438	20.6269504201742	11.2553480569021	22.4952924139994	9.54077097826191	13.2304243451138	11.0277511711212	14.335927588548	31.2673685886984	40.2907764260833	70.3638547355967	124.703003011939	2143.60619855355	1542.78901998206	61.0695233366872	23.7428905105988	66.7718242223436	65.7774216204773	368.658583351183	407.566105804077	126.530288654862	126.063211920867	105.997676689281	149.267981580528	132.367981487649	296.405087679184	214.570762192117	220.092058377461
635.471	-5.87364292630773	-6.85452954281879	-8.01506135120332	-8.23041041955459	0.88645519950406	3.263966437292	-4.71522374000243	1.07449836317551	-3.64219801497753	-0.236784859020358	4.48127940065175	0.312863586673966	-6.55429105159633	-6.70845322171898	9.63167839576324	4.00851773117226	-10.7779443801041	-6.52432740109091	-3.01228206336508	0.3980473887489	0.392357821209639	5.15883084407689	0.367585968984851	-14.2734234331804	-15.9100764378848	9.86712631785001	-3.89726387606419	9.72155315557687	-1.61915014272432	15.3825015969331	6.98346047391946	-2.85749144285558	2.24716436946651	2.62563046280216	25.5884190188982	38.5115226706981	686.946666758803	2461.44147127033	363.416986125603	25.0713065146742	13.6715909627384	30.1986752201319	116.727986425171	437.683506885175	189.126383584716	71.3632267939855	34.3328739744851	65.1969072099983	49.5483596348368	17.2906269824529	-94.320657289328	-14.9116622014006	36.9638021477489
640.186	-9.05327239425537	27.4693920020107	10.5850660223182	25.0809806949718	-2.66433880129401	4.08758785829585	6.77797264966352	2.69126937881075	-0.810890929837614	1.18613831772477	9.77161231392501	10.3438059063695	1.96996441258532	6.08090341045705	23.3460249660255	-4.94278639308673	7.85316356548019	-3.09625027450505	7.16754870695279	12.7613365014969	19.6545779118311	2.58423911230486	13.6261150928042	11.0825897062586	6.44376082621653	0.329519284857825	3.25379336387865	10.3890486947159	14.9240382314154	14.1269956380655	-1.59011819127569	17.1770109303327	25.7299054472868	10.1933447416148	36.2325966040422	96.2785579667707	1681.66496468973	1482.94554429231	55.9163597034175	52.5198552487898	48.9184207501854	49.8944560646715	223.902166728969	398.576669186262	117.334934639882	100.095353544014	97.4583901891671	123.688848416713	93.963356618363	212.824957837896	208.68097134027	97.1070624557424	240.71402606116
644.903	8.24104647731306	-6.1286618505293	-19.5661648981484	3.82250978106225	3.29362303734169	2.20495684937848	0	2.35908467685111	-4.10078229163224	-1.43962986777309	-3.73961425126586	0.634060479736632	-11.9548435643152	-5.82668145282462	2.51869706238241	-0.624908053791831	-0.661908050713671	4.87142309513595	-11.0649464445148	-8.47031854996935	-5.16858111047949	-8.21469800970355	-10.4294793025761	-1.80793924553084	2.74416401337765	-1.33313795813885	-5.26555578463154	-18.0602084853602	-5.57842641963691	0	3.53823238538903	4.82591154812259	4.55418328894829	30.2643030662356	41.140997880164	499.658349586945	2201.7293115887	401.990224986583	19.4273862385456	26.3290265343898	13.3588926117425	82.6759941945836	292.437249037434	221.756243111176	60.1396851593736	62.6718106197218	44.067475404013	39.3579833112006	3.58630246745377	77.5925571989778	-75.6649670567328	-203.988410987147	-224.736470982629
649.621	10.6792835084055	-0.414360952247863	1.12319591729439	-14.09679334861	1.21463451985529	-11.7398843845467	0.632041820096578	1.28825738023733	-0.623824452664836	-4.13668966266179	3.79254923828203	-3.53669652892608	-3.70457595563979	8.86373893970824	6.38587430653318	8.23879877819739	3.69202620292567	7.05768437501027	9.67376980392436	13.4989133740581	21.7733956986705	0.757361700143569	14.3546501898884	-7.33412394733194	7.30539653380702	8.45005495211323	7.67638049478717	-1.3320621342148	10.9819926642038	0	18.2677944748801	0.6525631053935	12.5363320865579	42.8348674849659	72.5776040652323	1398.87377428788	1465.50869895324	43.1759364591936	41.5939234095383	26.2332679528859	26.5942033899044	129.580629093753	329.127864182058	120.082955984495	60.1777614282821	88.0046897854041	74.0934036167494	74.1280492269601	72.7413459106737	98.9982231841446	161.549515338104	53.6344945909123	-227.91766063862
654.341	-0.471527478227188	-2.10397973745887	7.60426045090694	-10.0210008618839	-10.7931049187367	3.40634397980085	-2.35347707201554	-2.05584330758825	0.211170800243594	-9.39031892394228	2.20082700012368	1.30604406073484	-3.76210774893722	-7.33446768293736	-8.43056040692194	8.36674671987874	-4.09021429034454	-11.4676635144089	-2.35776065773186	10.8006761595548	6.14209303871129	-7.69123471883655	1.15086133074608	-1.86200558878528	-3.53278514618473	13.3868025512595	16.6080048679998	0.676374480804762	3.04160241983048	9.6989907879628	9.60702263523798	8.61506571421252	23.4518796948965	50.6930180814027	358.553922917627	1938.95500084974	482.047800617727	21.501627260747	9.7818655565239	14.2717867945063	25.9880694428508	202.365716299704	246.088199112931	31.7205352448881	58.6347912648505	12.9092016694345	3.58305089280507	33.2965924089779	33.2419561585512	0	69.7248061792993	46.6863723121248	-289.321506521828
659.063	5.23043570051614	19.9437849536491	-1.53364610181301	-2.88722899998215	12.1277751801267	-0.858749874458985	3.88354165459397	2.2616049575532	-3.1942087928981	5.73142690389077	4.16126480752388	-0.329257755483495	12.41592903181	-2.01713676469392	2.28886043841258	12.655696672911	21.3105511176279	2.52965432411298	3.17012676870046	-0.837810441213834	-2.47750510561982	3.10237457562774	5.41586655496039	-1.50213561528078	3.56250433751447	11.4225841649649	0	15.0054170527673	3.74878727305345	2.69809173777148	4.00876167892984	19.7140309610521	41.2171182663144	47.3200479672134	1092.25085592486	1408.30684915154	57.7071960825365	21.2573602807947	19.2799383280892	28.3039652387836	62.1766599917382	295.508446553345	127.165742524826	37.6740264897887	44.9706298890751	63.086256689552	97.5562093679366	-1.4598563723747	98.7024909275036	-77.9856955504955	198.526189928106	-23.5395583063379	544.610068629733
663.787	-1.92895996981446	6.88569447722147	-8.55472170545111	8.05252286220286	0.630760614616203	11.3221285198291	-2.1881319326396	-3.44053553696724	11.2303535012123	5.81273868497949	-1.40676689712979	-2.0035736210777	1.74889914955289	1.0228769468447	12.9331382837935	-2.63287038001249	3.13735413033404	5.13108508438456	1.20566301466339	-5.09817877186997	0.418775580414201	1.17989549200259	13.3394178796577	8.37895531269076	3.97435016407905	16.4993306609609	9.70589597429261	9.68437207612175	10.023378977125	5.81478535378034	11.5192963338305	17.9604549610476	45.5708864014873	269.732560883429	1688.56709265318	508.236429904144	32.9208121975973	3.88060893962572	19.5534629060043	28.2189795989255	136.019309982266	233.540455217211	78.8844673996861	30.2784403692784	41.3856072807938	39.6074477295946	52.5238309943644	4.44170208528126	18.8873176682368	97.5468974195924	-109.060619384568	-39.789190222332	-355.073434904757
668.512	13.606513987348	13.4435843767695	7.44496093759141	3.6883735840082	4.44926450509447	15.2122142780465	14.332187395423	1.34827102112254	6.31122550929475	12.2241823034387	5.95383847117648	13.7963285667106	19.7382391450177	20.6147942079407	4.01001666473365	11.938990585527	1.75637260598313	13.295641567483	20.6538242521435	11.1309640343402	26.163669591106	6.73746971067242	9.48844008786614	5.3730495587619	4.36898251431557	14.5036710873991	2.79442980801679	9.0617567649225	16.3696588390738	22.0592304505417	31.0680534171436	35.1725864757908	55.5888037748877	914.25644770849	1362.85214524323	74.7117439052605	18.0203746609067	17.3797281478484	33.9088111229673	44.6149408560088	213.737185616741	164.677979857772	63.0879724136148	37.7757566095071	40.0015414856235	72.6601377215672	83.6994240658536	73.1054691780838	45.6780066933879	90.326726418305	109.898958605857	184.437212367304	318.046980109395
673.238	22.9770510427017	17.0147503190778	20.1041903945903	12.2449335540558	13.1084588773418	13.2436957277207	17.3021994500516	12.2075159272112	4.81665977873178	14.8598410586696	7.13058813002747	17.2646364694186	25.1759761328509	15.8998554109862	16.136664096696	12.3445261216183	8.12796970988684	6.31630814515073	25.6671968004027	-0.430692214770676	17.4059773152916	3.18966799957633	17.8979661238932	16.9884234315164	4.02901918752502	9.60871782265078	5.27110985328777	8.41507293439884	3.50388109922312	8.32202881963372	31.9420797310813	45.6905422566869	183.748885853874	1503.58059251274	567.767812488819	34.2706093783222	20.6010204847706	34.9687867484647	17.9784828653144	82.8620743210636	219.250889503784	80.2552244477269	27.9258779936396	24.8482801566942	65.9291056872026	108.102255906674	76.7737645372147	102.063461009356	78.5031979550658	101.561367649358	106.308460203719	532.441917801394	259.969402417339
677.967	0.984918682667297	-14.942175716186	-9.9272822526232	7.10182624741222	7.0854005856281	-7.41157722378595	-4.91590340858227	-5.0749766325408	-6.83689536233008	3.87125142759201	-8.33215403198956	-3.06904827841804	-5.00069024309673	-12.5346379078745	-1.35458562185882	10.7546585388813	-10.323481578843	-6.36263863116747	-0.410404240877767	-5.64006777239153	-5.98710039844162	-0.401633049883025	0.400649972041512	2.33359561379616	2.58272781237075	-3.58488826826394	-14.86736649806	6.71079840216524	0.352958226999271	7.68448210103511	28.0245861891124	48.4480895053056	705.046955696208	1272.07160607594	94.0825115961715	9.02279186934053	24.0724709890964	12.7691657488006	9.28736209141038	114.771074597687	167.107854812355	27.140452534489	9.590016792916	53.7420497744945	0.862502590848273	34.2242032672132	6.23684714080637	61.9896499802502	28.9313500456537	0	-132.789416255278	-170.655994123277	-463.319595376123
682.696	20.9137929952361	-4.44373402724736	3.61364932424478	-2.64562092282858	-0.651305669280527	-0.299766960323965	6.55227011568302	-5.52626701464744	5.12906508547179	1.56575751430446	1.74310551589713	7.9305294390554	-15.5304310074152	-5.63303447948411	1.02726114016258	-0.67965697494695	11.5183773538869	-5.29821413636275	13.6942708905012	-1.31605900090359	-4.75657474001559	-3.24887172848149	-9.31764344776861	4.71920377168841	4.47687511972401	12.324453659543	12.8854738103212	2.85708863255879	-17.8445848356925	28.2549826077066	33.5844745175812	124.219594718614	1298.08711107328	598.271681539728	24.4407693694339	1.58666860885397	3.77701163480065	12.4662459953564	37.093909525119	174.326366261196	106.548058653322	16.9328616295935	3.23229691497852	11.165952101837	34.8845828793861	14.6811669447276	22.702868602167	3.0575844278198	-9.75125649079238	-8.16682561449576	4.33126646284365	246.511192050136	-305.532368124968
687.428	-4.01139330674346	-12.9768056028698	-6.46912022819698	5.70877043800064	-13.1170628070224	12.3762582986352	3.41276825059248	-0.993723549403652	-5.61399635884976	-3.94172441305221	-8.77638012753188	-18.0550806662782	-14.1840875729041	-9.57211560157655	-17.2405594002313	-8.55502996528705	-8.33663723784557	-9.52715484635858	-12.9541348109552	-18.111720422006	-6.0960906945306	-0.817888906170721	-5.303265228441	1.5840512167084	-8.26491057166674	-8.39534096391692	-2.88343139430361	0	-5.03136962463443	22.050502489996	27.830189247563	545.801740871748	1207.75145141853	92.8805686419796	0.757274365565401	8.78760774537133	-1.26779434944535	9.86329643786742	59.1026935560908	161.378632039294	24.9264210312516	5.87968561947564	1.95291905066113	8.99513097632292	14.9294637401777	-23.2314847121752	-8.89053742266393	-15.3946636998378	29.4580217561449	-60.3082119139976	-17.4460309211893	-248.232353967341	-1148.6183179051
692.16	-14.1160855576443	11.2476243079736	15.4475577897589	21.0457788239188	10.2209036102016	14.56792636028	12.3526543912556	9.99117518625666	7.67647830867171	8.45465651858787	12.059492158649	10.123835492206	16.0894228448298	12.4756507155431	12.480582104923	4.12870415679626	7.65302892430059	5.74732116313553	17.2258859433541	15.9892959769711	19.2631387352886	36.5936155026355	13.1250499786053	2.78713663718246	16.6195456412042	28.2587026928972	17.3944966174918	8.31637948177019	38.301434969588	43.9828031469637	99.5282528240454	1085.83783390435	603.929761765511	30.7620280145264	31.5974725044083	29.7187606304096	45.8883354741896	19.3829043546078	117.896234365723	135.296940345656	64.2887666507751	47.8839662908609	43.8519370532066	14.3195984081982	89.1800379503949	57.3322567781271	81.7261311811835	100.608472379545	140.19149282166	41.342432169589	333.273844171056	341.092350455653	886.762172470382
696.895	-3.04541739819523	-8.15328496485239	-4.50202850693081	0.770498205585832	-4.97918406786138	-2.13891666196323	-6.44857693685056	1.20708302774011	-2.04580833169217	-9.84208333000229	-7.69941686849645	-10.8955234282856	-5.52227934335988	-4.66528133587772	2.79229726795456	-13.509412072235	0.366904791618068	3.4718107237952	-26.6487954656593	-0.894326624705312	-17.190096176563	-13.2466058970234	-1.23882957741986	-16.4355181529522	-2.66197414839561	-14.4100479393367	-17.1477762949918	2.91229773682547	16.0066769461157	28.8009692680662	435.763238416785	1104.98206184988	107.10867201908	0	-4.98261037545261	-3.23465736834285	17.1110974229612	47.1979417497479	121.568565793684	45.0638543369323	-1.09703985591906	4.16622250958956	5.27161020233905	35.6627163110497	-5.33380154602079	-19.2405333286602	35.9979957431359	-7.79166955814521	-131.203847473068	-69.3719808663038	92.7142003384908	-343.408707727522	-788.972059061257
701.63	-3.58292779207796	-6.85166021075583	-3.71451833656657	-1.9424778799327	-22.7625166589091	-6.7789580449021	-5.34168325339028	-7.30353030378186	1.37536549800617	-3.48716990237711	-21.7997637978153	-1.77215151781014	-7.05383270120982	-2.53324368093082	-5.63165560970956	-1.39725693861755	-3.69996678301164	-22.1734273958491	1.27968397203434	-11.7242198636157	-17.7794422361061	12.5233446778064	-8.74488388727842	-6.06366562269923	-9.58716592667769	1.86301033692195	1.83960422035069	-3.67104938892123	19.810101690486	56.9982091779475	898.64897160753	589.877870936871	2.18204587799779	-5.57712914835661	-3.86507581656945	1.22321836863786	3.45105834168206	63.155801154852	108.113527219655	9.81168743918834	-28.7633983259361	1.20038029703536	-1.32900844355444	-32.1373670482717	-16.1362476028901	-31.2598608543674	-28.5224884146839	-26.7149204117753	-90.2110194172308	-30.7808928980849	-75.6868315944204	-515.230688920075	-942.182388479534
706.367	-2.58988239090198	-6.00921763571458	-9.18867097325857	-10.6149967239382	-4.40377111915701	10.2902097627381	-2.58531224908502	3.90080246571881	7.88707217179058	-0.271456207962879	-4.83524999601034	2.1520488227048	-2.25420198163735	-3.29603230857817	11.7543892561946	-7.06994934205674	-4.86755872886004	-6.69232335238368	16.4034460678313	9.58296547724052	13.4942707169873	10.1386549623789	-13.063708141088	-4.90902511568934	-4.65694923672834	2.63944929217061	1.48930760410394	20.4325673711055	32.669737121094	347.921734783924	1014.58074908294	143.047683438719	9.20073788453899	6.02017960010538	8.60499695316743	14.4417827126569	28.3756418300643	111.151525281874	90.3594896294783	6.79365485099578	35.2652871199939	27.9393769469077	38.3303356991984	35.6195851415699	-7.25755028984408	29.4525450863262	78.7201666199432	23.8542762863224	18.2582693203485	73.6261174491482	22.5274186891439	94.0231064942023	105.940616351396
711.106	10.9924114999545	-2.33565250621825	0.422078921766335	-13.5082366981494	-5.13495084125748	1.890711139422	-4.27520031451303	6.43169877008059	6.32942570752541	-1.37161879326091	-3.66474567725642	-11.2363745608718	-6.454374234109	12.9533064328104	8.99890738228091	8.21632835469195	11.7298696581194	-13.5260365560895	-2.61737767301186	13.8345656375643	-15.9096216893431	10.6726619838197	-10.6465384924654	18.1899007366696	3.52960748639361	4.19152067519281	12.0403202509316	34.5391560873677	69.4062117317989	826.085959988995	570.386569115503	27.5875533935356	8.92601343358188	11.4070767716238	9.88170064627828	-5.0037736148262	45.4394646776689	114.197778582663	56.7627628277144	14.2589496472789	34.5064557676929	22.0965784640572	7.47522203482226	-8.60770461243107	-22.9194251194551	18.7400882325194	9.28103560771722	19.2850103665677	-36.9022841955174	105.882434922705	163.910800715059	-25.9135438796459	0
715.845	4.23604830443388	25.5169768142925	6.83141833231992	-8.84177908060232	0.692583691175728	9.2441964077915	0.961039389949309	0.209875254538164	1.89708925062227	6.93746276320248	7.10538582029525	6.59985285323806	-6.14500779115867	-0.374377576874822	7.28244146910941	9.03414784033114	5.35866690198399	12.0728589934531	18.5336802952543	11.6622276815346	11.4955313686637	4.31847072733491	12.492911159455	19.2367950514922	1.98358648480697	15.0328307647777	39.5839047812523	30.0018627340203	258.067169712347	1004.65337103546	170.380624043901	12.6510937517407	19.9397357131892	15.7700910286289	1.19952740118449	22.355763676736	73.6337908432188	126.408513626852	37.9469182336633	12.8213054474382	41.772513987954	1.24179457831343	-4.12458156089693	83.906917935761	31.5311537546679	41.2592821617856	64.3779094963126	24.3852450045476	45.6247669000034	-2.89480577044783	92.115412341355	-52.4268832159287	823.070366728566
720.586	4.77751781151077	1.89489146277625	6.42053245835633	18.1308590233223	6.24890120745896	6.07174684549608	2.89035596264909	-2.52482551583604	6.1810180639887	0.556390288070252	8.98145535522867	15.8058949777569	5.39037996552453	-3.37785674422566	1.82518083571941	-0.724546176451223	11.5116842645134	12.1031667528874	-11.5020331087375	-7.0149027541676	-2.76585355253664	6.92689893702769	-0.431871497232178	-0.419241025829968	12.3291097532035	-15.8434189558004	30.1440272605076	44.5446836298788	684.833883602102	623.507498095118	35.8026232302498	34.3183084269536	10.183479205892	7.71203918827704	1.20253870015929	35.9435902515585	111.39904072221	32.7493769991483	40.5449553704791	23.5647355353881	32.1251133438506	16.1838558049936	22.742147609336	36.5038460284008	26.0320197567743	72.6644831671846	38.9926291373592	48.8929236662338	-33.2649480143433	8.70621871156207	-4.61733296430855	271.552228811469	629.709515313962
725.329	13.4330874325475	-2.87707792988227	16.0308864611455	5.70965582940905	15.1103887094706	10.0276178814932	-1.70664877385067	1.70379028998377	-8.90357489586131	7.03988526367637	-3.13490760153837	-10.0459364820782	3.89733171106281	7.97800014291985	17.3663992456533	-2.93360804302636	1.55365158884988	-5.71717946590738	18.8073056743904	9.46752409049033	-2.33304954974712	3.06755908188315	34.0977068277017	-1.27309571699625	13.6875263815879	14.8636227445492	33.2161016730764	215.425868402092	942.757889676754	205.040499479187	12.8350793990736	18.1240524542477	19.8523438062494	16.3932306680294	32.4596491569069	36.8109484742902	106.873525095818	28.3453609046873	7.60009628330621	18.4316764421378	27.2916961169256	29.6130089332747	16.0443230383474	32.1304502138038	45.1717690032864	47.5263158670159	21.7761215129592	-16.4968406864074	105.223537480927	29.3754376494463	-46.7376875403958	44.3340809133131	307.713337709502
730.072	20.0047784894209	6.27248913129661	18.7465113756388	5.7452128122676	11.6685612664349	4.23131760142409	10.3036617560002	3.85740151696697	8.47475060326214	5.10028291721508	13.564050264977	-5.99022087676712	9.41184579205954	-2.29362379433947	15.2437553402753	-3.32086178148843	8.20746665367157	7.39643567444429	16.2209387175105	10.0028074277649	18.311113525865	18.9609259283302	10.9968111862876	13.6642553934336	6.07622015942035	14.9561862185894	41.9730139275094	539.010263279128	672.333004710062	31.0626557968044	11.7754503702336	9.49839599587664	6.91476044853687	12.1751169970975	16.3308960986248	78.3873773732548	82.4770077032797	11.1186998180794	17.3341656398751	18.0009759151678	2.92145272746068	7.6078530564713	9.12500484682936	19.3983258971367	25.5673558098248	56.9312938586815	58.8877816193611	43.1588951407193	63.5272913551546	70.94009689913	159.897740880496	651.308513942548	199.047617982695
734.817	-7.07848123299748	14.5774825341966	6.58579143699718	8.67884813946176	8.19022658584387	22.2897857907118	8.89425371126986	-3.66890083090489	2.43850467242082	6.27782424654773	18.1075836631794	5.6556017820922	15.4025588946228	23.8686213207448	0.748863767721187	20.06627502615	8.65918907930794	26.8984990010098	9.52922293609686	6.23606560424008	5.20124777720847	13.7663082463327	6.64481246719595	1.72012771579742	35.0837011797838	32.8988009388524	150.294239144569	790.809671114144	233.763383353114	22.3999097668156	28.6907436977024	24.1054654902103	-1.16062146607163	0.395527021920421	4.1116367038268	74.6049945853408	41.759993608433	8.27636814677977	15.4031657853136	23.6219244628556	17.652849700612	38.9471259098777	53.0170702550174	73.2588722655989	59.1259934028637	40.1341254536036	81.3717132733829	13.3737027824126	25.5908693561572	53.5818557209586	213.128061308045	422.305233002382	200.457216055857
739.563	33.0489140066299	5.89863782076069	8.88292345375451	1.25421866410295	1.44091141599135	-4.97390460010474	-2.24935878012823	-1.30992826160009	5.67362513762779	0.577332063742	-0.964086739759311	1.52565650448685	4.79422847580618	17.914417303662	4.16653196613922	-2.63135989077419	-3.58349053321648	19.6753178651015	14.2301374995349	-3.3968359496253	18.1763913454923	16.1721405367493	24.1988339447679	20.8809930873992	15.6819389461908	29.671732627199	456.113365861152	596.13606160496	28.0296206887975	21.0970263425333	11.9964140356071	4.25771775019663	28.5694193726911	0.400115494077871	30.3631485545505	88.1951541658787	32.0315040773796	16.7447630462295	18.1788325571338	15.5601601363086	1.19050925109973	15.5012253999552	25.0283209638554	19.7623310992796	-0.96470820238158	20.8798548204729	37.6698961265961	57.4976119189828	110.022923258376	3.01130299114824	153.315939630154	572.635627057275	1261.7590319078
744.31	-7.79387900729931	11.9234355322104	0.897791730538412	9.2959625725237	7.64568263180905	-6.03251455452798	-0.757804463183997	8.16427579247454	10.2220109055548	7.29382555333127	-3.24798889683782	0.770985926255784	16.1516596133349	-1.96804280614495	13.3989189000911	-1.51971406537596	4.82908310375323	11.846815145291	16.7020425044595	5.39496832737653	11.6025912030825	-5.44836172257447	4.52918813258618	0.879345588237108	17.935120496079	148.32417919771	668.677100869505	210.020447533938	6.78308836087679	19.3483193302454	12.9069424454137	-3.1296361604733	2.7688298936616	19.4109275153052	39.9362452520495	47.4517381415987	27.6821574188337	11.4484741105285	22.5728336880153	-6.17829152991272	19.8534688995866	5.87512322790376	-1.44548419753879	19.9736691748663	15.6003964413708	-5.86198435504296	42.3030415965697	95.714690281122	34.8861197701737	33.478564027267	242.117965646878	238.85307909359	705.943217724147
749.058	3.37437096136495	23.5886982546934	14.964957778885	-2.13431069600952	0.367801014508758	0.677129632512826	5.61402750051478	6.01860245373735	2.5186535572619	5.01049041423971	-6.89048483941029	6.62035574605632	7.75044634360288	3.5786810721784	8.12151329664348	10.3629071428915	-4.87843620446394	4.70167078879449	22.4969825787214	-7.92742510545721	20.5120464083047	-3.21069223666141	-1.83019052587138	12.8808209125833	18.1184169498952	388.11028919189	498.042792612442	44.3694935372329	12.4955736259732	4.78678987065552	12.2486176562845	20.5505362314453	20.7786596563704	42.0783039122508	60.7289278308959	51.5207455027147	20.3813209865731	23.1309544220775	25.9854149979038	29.5049583863567	17.6252955717243	25.0595932857048	27.74488314328	30.2666993128326	2.95496851453631	79.3533752990462	56.980503406745	46.6197871500119	41.8506527948381	86.0890903345813	288.619037673001	204.171974092914	69.0152843814568
753.808	31.5274205185998	15.8581304552142	17.5642385949258	16.0980597842795	-1.87442083296583	20.360011132174	3.12116893904398	0	15.1462325680956	7.51026909640125	12.7086160402741	5.1601215667935	3.32619169906576	-4.45817741464849	10.2488512114943	7.04165142653563	5.80111660495611	-3.48524805676499	21.4970924295571	-5.0500577021558	25.3871559877983	12.155089507657	3.26451393588506	38.02848338234	130.130350013222	617.579270113272	220.853820714883	15.2116976837709	25.4724294936112	21.9553847661711	22.1499244504936	26.5856893517342	26.0662367410576	31.2296013218545	62.3313084606308	21.9184435380764	22.7062756853344	1.53759214351155	17.29687833884	4.04831108978547	1.23894658191161	6.0494669215008	19.3489243530096	27.4218477439416	34.1345903683443	68.8096949544972	91.4725982535896	36.9581302997582	20.2057660584628	112.817575842717	159.553786904118	331.074450407606	515.858847250106
758.558	8.17107250661053	-2.08341392372019	24.9428962085053	7.53088493122	3.81700190553904	-0.351359158300644	6.35583406795036	6.94005004770812	-3.39798330148492	6.11745472476768	-5.10776843312662	5.25394124597389	-0.846666863054011	-4.95189225803369	12.8433139012575	6.37304931517315	6.75038931521529	0.44357696521447	10.214374653198	2.57093811768391	7.09573176242012	2.38001720301403	15.6696647659246	30.8837338287728	337.581429845135	484.776900349474	24.7524058556268	5.86042720676178	5.43810151172937	1.24192058592541	13.9416365060947	30.3501602544685	5.3909709580902	58.083265170714	31.2915718194226	9.2987323604058	-3.44327228658911	-9.91513829513081	11.0071029038147	-1.17769033903785	-3.15368178055768	-10.2657606555763	9.85036015214235	34.0280155374886	4.08884877270121	-12.2913633000495	-4.43503446502063	48.3815458271887	-2.28590453682804	175.493983052473	106.610924964624	202.256364076192	143.246734839589
763.31	-2.38133270397002	-4.25025135429079	-13.4412016862016	-2.71117403932739	-14.0163177372275	-0.716787346675308	-12.425909807017	1.88773223142952	-10.1314251695897	1.55998286830642	-5.90470110465143	-16.0773891173225	9.06798761248543	-13.0485030408502	9.41594713144974	7.7195139056576	0.860692245379427	-33.0294165321463	-8.43432761680382	-8.91619579600997	2.58492659482272	-9.2251354029245	17.4364200466785	80.8709419308783	535.689719528268	216.688235879953	8.55863406284059	4.69680988968947	5.97366755972881	-3.37809310136236	-15.8937907656105	4.60183465670743	14.3817459717592	49.2997098237165	-0.89910017527701	-9.95914609812693	3.5122095836662	14.904323312276	7.8592322542786	31.8336211033767	5.14691395932811	0	-38.6445111704496	-14.2397070427057	-10.4267776771357	30.0898729248189	15.079425669785	-78.5947411916395	-11.6583516396064	-94.3857857910637	62.1402103612134	-88.4167336609204	-1144.5648264068
768.062	-16.8252798584673	-4.29001484190236	-0.484533988363796	-11.4022441440953	-27.9019118436525	-9.04366618406146	5.72576922953742	-12.1468805424859	-3.7675511779221	-10.7071262101862	-25.2421110996355	1.66438996089678	8.28112622971896	-7.64743303308617	-19.0080772064022	-8.20182557069863	-9.12181729775447	-3.6535260566909	-16.0249138576774	-12.1759453946622	-0.521822006871309	-7.84121408322463	-8.31089745201147	305.628677541334	451.109742213663	27.5581499735479	0.431935244475957	-3.87879642254314	0.430682469536364	7.67181838245165	-2.95519480814801	6.75619985963685	21.3474930582047	27.9359642313806	-14.0664323139907	-22.0193665263863	-7.09013655231876	-3.76094040612598	14.1656424721023	-16.3688480665221	-17.5333485229341	0.704616992242561	-9.36145254441521	-0.898307968537523	-46.3070345590436	-8.85831933560022	-12.1764017302992	-23.983500199204	25.8883285418357	42.7067114309769	20.9071889720448	-39.6639652638112	-835.729312342286
772.815	3.00260056014737	8.03865441138375	13.0740849490168	14.1297771589647	10.6038278697069	3.25364612267943	-4.08723017756682	2.61824667785979	3.22727268653991	5.66486809171948	5.25542361407321	-5.40582198518785	-2.17785569353993	14.4359505661153	-4.12955873265202	0.819660148632461	31.2548819393996	1.36919961515565	2.50229795663791	28.0397422380204	10.9512823706433	11.2645658005357	64.4905714216505	501.784444843703	227.660818645827	15.7374840227568	10.3598430462092	15.5053034220817	16.3555096973527	18.7413890442402	23.2045983829667	13.5037931089989	53.3347398764786	25.7370635698287	4.53466865073439	12.4378017030193	21.2568616469724	19.3296595191928	26.0481804031224	-2.42346993560033	42.8319975181103	-2.11250457698273	47.5570733803482	-3.59094319508417	32.6046302288759	54.3807307755678	30.421615181995	99.5603155289987	16.4638976644181	318.454803499898	-10.446936156223	-148.645131120115	564.986206916548
777.57	7.96589903001426	26.7948954852828	5.92915320594967	12.0923540637967	6.81258155810469	10.6976822091491	4.4485831025775	6.80048356525545	3.56748090090583	7.06486496609637	-5.72005677947181	-0.848618063059407	12.0001520130319	10.8310451416376	8.42747612735692	13.3818972579857	28.348444143543	13.039694992674	12.7665312799396	-7.017871110027	26.0738792779319	-0.499747359668863	282.164656039648	445.228792434452	55.5503800750946	10.2594605418491	-3.52367470745166	23.2925762691814	15.3713644142786	12.1694519144387	33.5791622897246	22.3909762291208	52.245068434708	27.1519300835232	12.9558967393579	36.6096377856161	17.0422794918503	14.2448847377827	4.04465503943956	1.23643567932274	1.98659590494591	38.8002078178917	0	32.0612518905294	17.1712320033231	-3.87134367021693	38.8021838863119	71.4891262614509	110.396762559651	144.048391596754	63.959355534375	141.563520066575	476.241786230804
782.325	0	-15.5471837301018	21.5733502351714	-0.472253536713687	2.03456003656588	6.74220435499695	-9.88114976491905	7.15183479983725	3.90107277575904	12.064813720599	-3.26708609130901	14.6486939376887	18.0518072192162	5.71888576679411	15.8309497929852	11.8894963089082	16.1915888499575	17.9692814298898	11.9261001819572	36.7260778350583	36.7414418408996	72.5645084872253	503.671033326498	230.95692289308	0.466164692294088	9.96453604541059	13.8645324375938	-4.90876288169524	-0.891891617425414	22.5071692072123	9.17977975775413	47.6577895759043	56.1442764731954	17.1748194586465	15.9744559406669	2.47823157014272	12.06088820056	-3.33790947337735	14.0809644264344	23.2263501738956	-1.34479470066965	39.397781195821	21.001979676507	32.5550366321676	9.80757629015653	62.8954779083226	67.7676348409907	34.3848084904664	104.786340549265	6.80311270301521	205.657305691604	30.8022388606234	-101.805584342779
787.081	-0.638896605483368	15.9644203493807	8.24271994932191	-10.1834734927984	1.25349666719001	-9.61547712087462	-5.79790181648061	1.01293339877387	-9.44216053470066	4.68757636601129	-3.72751579855353	2.65443846502567	6.02428447124879	18.972247576932	-2.63607596506884	-4.36020439716405	14.3169360112367	2.42783149925306	-9.58395014282495	0.562861017070664	20.528179197068	255.32052219253	428.304393412944	64.5869118724311	-0.957350119354868	5.11597614002237	0	-4.58227123312558	6.86870349021809	-3.62528463472421	16.1590896804338	41.7533926386686	23.6051375612466	-2.3204916589668	17.3680508940121	-1.52684362116064	1.07691859245013	4.56998436469256	-9.63923494358386	-1.93375711029065	-0.690442341770965	17.9800406516423	22.3950519165164	19.1021197447445	0	-16.1458477759475	25.8925771627032	56.8844451231746	192.676330602839	-52.3926484503095	-177.832832951573	-63.2577446063024	444.285310764458
791.838	5.10617873836415	-4.55680616610226	5.66133289033448	-21.8004069935381	2.50454376173024	-0.768486550287598	-4.05456569768957	2.78284508097042	6.00277658866384	-4.01399670415421	0.372387365853402	9.28145688525459	-8.33316669444852	7.67173971072972	-3.51133368843087	-1.30678321793223	-0.461385386878585	2.42545927529965	12.7661142738974	19.1185756298466	21.0623947453886	448.196272839477	227.963482593166	16.130951068077	13.3898057520797	8.36341746748217	1.37639047270438	-11.444484787909	-0.45746614059386	16.2978407295533	21.0759759162727	59.6534968964602	9.52352951329949	-12.5184113081289	12.5313360210161	-15.7619680696513	19.9035272866677	-1.14137976304452	10.8335435485899	21.894499969255	12.4158188422952	-7.48436351228924	16.5727183743839	14.312591357873	10.0609401106137	-29.5717981825728	72.7517183467149	176.365438668428	117.492716446655	-31.4048734882333	-83.2776905802897	42.1306238199523	-731.049037690097
796.596	16.9049200632879	10.4442394711364	22.0195807241393	22.7009309175293	31.8913119066684	38.7503132495901	11.5057427799577	19.3281975571953	21.2563891879906	4.08894020030492	12.8975613600839	10.3551987893413	21.693475896001	15.1702460797832	16.5431263943453	35.4981751885474	17.3899889874544	-2.4707439158361	18.4229914505045	24.0580074112613	256.338448717856	444.368080445526	80.4040821008138	32.8642493518488	35.0737732021987	17.039134017887	21.0313264432917	35.4408049644863	11.6501820406123	26.2867062417097	50.2477093678857	42.4913923636153	23.0984261334364	6.6122191015862	20.129900668675	26.9330688182677	0.547976674033089	14.5336242805618	36.7860389469497	0	25.2952578318877	44.9821937730526	53.1787410551527	104.974669464693	38.7176258784525	42.4473413926532	111.988493400974	145.722824751275	269.930960335075	248.820596220886	164.009558470685	450.630866946631	2313.88344377128
801.355	21.8898894586238	1.00178263530144	-12.2197608618117	1.70406051939264	-1.83535599159943	7.43364627615283	5.34821104287868	2.66962663415537	1.50819352249735	-2.35319917784637	0	-5.82989927532654	-2.44265285444037	-0.793684445755558	-1.15791400410647	0	-1.21718901855901	5.54549439212276	5.14532849217205	54.3929028552245	322.667390055138	205.992087380956	18.7222290874363	8.8656978604377	4.2052244499906	-10.2146670341977	-3.22762689407439	13.6869944159292	6.034247925151	12.7394442437764	20.5052993981171	3.1553474519025	16.350665333945	12.639214429627	15.6819002513576	4.91829268932319	7.09565545153818	14.0517734510768	-21.6997545023341	11.3255433111796	-0.606562835941483	-4.60708100429548	20.4030325055147	-7.55166050913965	35.389260741777	11.8202860967582	25.5903474394816	146.474773351087	43.9659050921976	116.603361559941	180.639230065528	148.194066875035	-321.432250930348
806.114	-15.7158180728581	0.500891317650722	-9.50425844807579	-23.0048170118006	-2.20242718991932	-1.0136790376572	5.8575644755338	-1.33481331707769	-14.0764728766419	-7.35374743076991	2.29227075441461	-7.38453908208029	-4.47819689980734	2.38105333726667	-6.94748402463884	0	-16.2291869141202	-5.11891790042101	5.14532849217205	137.960180878251	327.541519814279	67.2907485444458	-4.56639733839909	-12.4119770046128	-4.2052244499906	8.58032030872604	-5.24489370287088	7.64861452654866	-7.64338070519127	21.4978121613726	24.4486262054473	11.8325529446344	-6.77954416285524	-6.52346551206555	6.78136227085732	3.1298226204784	10.4069613289227	8.02958482918675	6.8804099641547	3.96394015891287	7.2787540312978	-13.1630885837014	6.55811759105829	-27.6894218668454	21.6267704533082	-9.45622887740655	59.7108106921237	34.464652553197	-74.7420386567358	-58.3016807799706	-53.7035548843462	-351.960908828208	-183.675571960199
810.875	46.0248957847987	30.554370376694	28.96535907985	20.0227111028635	15.4169903294352	6.41996723849563	13.4978659653605	10.9009754228011	13.825107289559	15.2957946560014	14.7360262783796	18.6556776810449	12.2132642722018	22.2231644811556	11.1931687063626	16.8541907867883	5.68021541994205	26.4477424855086	80.9219844677967	313.500912820112	219.335839161348	48.0648203888898	31.0515019011138	19.9478201859848	28.5955262599361	19.2035740242916	22.99684162028	16.5049050309734	39.8260363059966	52.5502075055775	17.7449706329859	16.5655741224881	11.166308032938	12.2314978351229	25.430108515715	31.298226204784	30.7478402899988	12.0443772437801	12.7022953184395	21.5185322912413	13.3443823907126	26.3261771674027	30.604548758272	7.55166050913965	44.2365759272213	43.7350585580053	176.289060138651	113.73335342555	68.1471528929062	181.042061369382	200.167795478018	120.407679335966	1239.81011073134
815.635	-12.9094219884191	6.01069581180866	2.71550241373594	-9.3723328566595	-16.151132726075	1.68946506276201	8.40433163880936	2.22468886179614	8.79779554790119	-0.882449691692389	5.89441051135185	-3.88659951688436	5.29241451795413	-9.92105557194447	12.7370540451712	5.74574685913237	7.30313411135407	7.67837685063152	101.035541300833	288.776866067737	49.2287105673247	17.3948873788363	-17.3523098859166	3.98956403719696	12.1951509049727	17.9778139801879	7.66561387342667	5.63582123008849	7.64338070519127	23.8864579570807	10.2526496990585	8.67720549273187	-3.98796715462073	15.9009471856598	8.47670283857165	13.8606430335472	1.41913109030764	20.0739620729669	11.1145084036345	2.26510866223593	20.0165735860689	7.89785315022082	26.2324703642332	11.7470274586617	1.96607004120983	37.8249155096262	122.264993321968	48.2505135744758	-13.1897715276593	70.5757188389117	48.8214135312238	46.3106458984484	367.351143920398
820.397	-18.522214157297	2.00356527060289	-18.1033494249063	-2.1300756492408	-19.8218447092739	-13.1778274895437	-13.752542681688	-9.3436932195438	-2.51365587082891	-17.6489938338478	-1.30986900252263	-5.44123932363811	-17.9127875992294	-23.4136911497889	-20.8424520739165	-12.2575932994824	-12.1718901855901	3.83918842531576	217.03931094253	159.717342020341	-3.89930380731285	-26.0923310682545	-7.76287547527846	-28.8135180464225	-7.14888156498402	-4.90304017641488	-7.26216051166737	-10.0639664823009	3.6205487550906	-7.56404501974222	-5.12632484952927	-19.7209215743906	-17.9458521957933	-15.0855139966516	-17.8010759610005	-7.15388027537919	-16.0834856901532	-15.0554715547252	-21.6997545023341	-6.79532598670778	7.2787540312978	1.31630885837014	-16.7596338438156	-24.3331283072278	-62.9142413187147	-22.4585435838405	62.5541826298438	-46.527280946816	6.59488576382963	-110.466342530471	-9.76428270624477	-305.65026292976	-895.41841330597
825.159	-14.0319804221947	-24.0427832472347	-2.71550241373594	-1.70406051939264	15.7840615277551	-5.40628820083842	-0.509353432655113	-3.55950217887383	-4.77594615457493	-4.41224845846194	9.49655026828909	-5.44123932363811	-16.2843523629358	-18.6515844752556	13.1230253798734	-12.2575932994824	14.2005385498551	72.9445800809994	246.508010488606	59.832193140747	15.5972152292514	2.28880097089952	-0.456639733839909	2.21642446510942	10.0925386799774	5.7202135391507	10.0863340439825	-1.61023463716814	23.7347085055939	9.95269081545029	3.54899412659719	-4.33860274636593	-5.18435730100695	-10.6006314571065	-17.8010759610005	-2.235587586056	8.51478654184582	14.0517734510768	16.4071314529843	2.83138582779491	33.3609559767816	-9.21416200859096	6.55811759105829	32.7238622062718	16.7115953502836	66.1936021418458	45.4939510035228	53.4202114574554	52.7590861106371	-46.0276427210294	9.76428270624477	-74.0970334375175	482.148376395522
