"","500","495","490","485","480","475","470","465","460","455","450","445","440","435","430","425","420","415","410","405","400","395","390","385","380","375","370","365","360","355","350","345","340","335","330","325","320","315","310","305","300","295","290","285","280","275","270","265","260","255","250","245","240"
"248.336",0,0,0,0,0,0,0,0,0,0,0,0,0,0,0,0,0,0,0,0,0,0,0,0,0,0,0,0,0,0,0,0,0,0,0,0,0,0,0,0,0,0,0,0,0,0,0,0,0,0,0,0,0
"252.814",0,0,0,0,0,0,0,0,0,0,0,0,0,0,0,0,0,0,0,0,0,0,0,0,0,0,0,0,0,0,0,0,0,0,0,0,0,0,0,0,0,0,0,0,0,0,0,0,0,0,0,0.456025086035841,0.0225866128023035
"257.296",0,0,0,0,0,0,0,0,0,0,0,0,0,0,0,0,0,0,0,0,0,0,0,0,0,0,0,0,0,0,0,0,0,0,0,0,0,0,0,0,0,0,0,0,0,0,0,0,0,0,0.416497086742686,0.0168247878636172,-0.00923412811870378
"261.781",0,0,0,0,0,0,0,0,0,0,0,0,0,0,0,0,0,0,0,0,0,0,0,0,0,0,0,0,0,0,0,0,0,0,0,0,0,0,0,0,0,0,0,0,0,0,0,0,0,0.463117617642601,0.0238276715348728,-0.00334963525885255,-0.0192597069892272
"266.271",0,0,0,0,0,0,0,0,0,0,0,0,0,0,0,0,0,0,0,0,0,0,0,0,0,0,0,0,0,0,0,0,0,0,0,0,0,0,0,0,0,0,0,0,0,0,0,0,0.525251055752082,0.0271777509066629,0.00547434224166959,-0.00520034692754606,0.0134369443367819
"270.764",0,0,0,0,0,0,0,0,0,0,0,0,0,0,0,0,0,0,0,0,0,0,0,0,0,0,0,0,0,0,0,0,0,0,0,0,0,0,0,0,0,0,0,0,0,0,0,0.581477008156542,0.0434176637390682,0.00613966908723394,0.000400375802806163,0.0191595262831859,0.00702453112888218
"275.26",0,0,0,0,0,0,0,0,0,0,0,0,0,0,0,0,0,0,0,0,0,0,0,0,0,0,0,0,0,0,0,0,0,0,0,0,0,0,0,0,0,0,0,0,0,0,0.513492473844243,0.0585592818610259,0.0124608355926763,0.00776499950911756,-0.000410337368071889,0.0166620582107707,-0.00321342514501642
"279.76",0,0,0,0,0,0,0,0,0,0,0,0,0,0,0,0,0,0,0,0,0,0,0,0,0,0,0,0,0,0,0,0,0,0,0,0,0,0,0,0,0,0,0,0,0,0.126735271821068,0.0725647879551088,0.0175658608223186,0.0131166653098485,0.0108775294504251,0.0215054469570954,0.00706443535363436,-0.00616720825942977
"284.264",0,0,0,0,0,0,0,0,0,0,0,0,0,0,0,0,0,0,0,0,0,0,0,0,0,0,0,0,0,0,0,0,0,0,0,0,0,0,0,0,0,0,0,0,0,0.0881379764877718,0.0186216222177589,0.0178613390236142,0.0128309845024351,0.013780591391788,0.0196181845191251,0.0107574642449979,-0.00195503775981772
"288.772",0,0,0,0,0,0,0,0,0,0,0,0,0,0,0,0,0,0,0,0,0,0,0,0,0,0,0,0,0,0,0,0,0,0,0,0,0,0,0,0,0,0,0,0,0.0990487223681824,0.0192454512581787,0.0241297246671608,0.0203673393050405,0.0233935035866433,0.0244650525981902,0.0170032000347061,0.00700805377620697,0.000415161148406271
"293.283",0,0,0,0,0,0,0,0,0,0,0,0,0,0,0,0,0,0,0,0,0,0,0,0,0,0,0,0,0,0,0,0,0,0,0,0,0,0,0,0,0,0,0,0.10636763508917,0.013668448953791,0.020708840656006,0.0265333173785377,0.0313379823430934,0.0282433838081354,0.0169366675161729,0.0182846540057391,0.0209676714965032,0.0190148816118169
"297.797",0,0,0,0,0,0,0,0,0,0,0,0,0,0,0,0,0,0,0,0,0,0,0,0,0,0,0,0,0,0,0,0,0,0,0,0,0,0,0,0,0,0,0.123867546799093,0.0078044204528421,0.0126326128797987,0.0218140469234262,0.0266871026466949,0.0341323483245631,0.0252787835198993,0.0209762688262494,0.023208539339232,0.024419365340771,0.022300640225583
"302.315",0,0,0,0,0,0,0,0,0,0,0,0,0,0,0,0,0,0,0,0,0,0,0,0,0,0,0,0,0,0,0,0,0,0,0,0,0,0,0,0,0,0.14849435434203,0.0058451732658438,0.00745325534942579,0.0125142951737118,0.0178774220348994,0.0294282063166781,0.0254828654570299,0.0190450778184563,0.0177327634171263,0.0186996215005044,0.0204211860204964,0.0269224027509671
"306.837",0,0,0,0,0,0,0,0,0,0,0,0,0,0,0,0,0,0,0,0,0,0,0,0,0,0,0,0,0,0,0,0,0,0,0,0,0,0,0,0,0.166205921304985,0.0055340071270277,0.00459723196827776,0.00733767545959089,0.0122112957708687,0.0265110149445681,0.0248342642367164,0.0197519195773253,0.0197530381576683,0.0124163384172149,0.0125623822814575,0.0220330266576222,0.0251460935714774
"311.362",0,0,0,0,0,0,0,0,0,0,0,0,0,0,0,0,0,0,0,0,0,0,0,0,0,0,0,0,0,0,0,0,0,0,0,0,0,0,0,0.105560738321481,0.00572022130641197,0.00304823975218347,0.00443489051793307,0.00552432028838558,0.011925522253608,0.0209233032738366,0.0180766842894188,0.0199880969188235,0.0169030433049944,0.0109563682556358,0.0162836368327787,0.00932529818999909,0.0108313825227886
"315.89",0,0,0,0,0,0,0,0,0,0,0,0,0,0,0,0,0,0,0,0,0,0,0,0,0,0,0,0,0,0,0,0,0,0,0,0,0,0,-0.00139012413431738,0.00994386204996475,0.00158277453374818,0.00162732287308145,0.0030964381638144,0.0070163092100903,0.014719385071936,0.0159986963618205,0.0174774217211635,0.0167598142546036,0.0153761066869855,0.0107799315364527,0.00650356124021298,0.00914372191035317,0.00704234840867175
"320.422",0,0,0,0,0,0,0,0,0,0,0,0,0,0,0,0,0,0,0,0,0,0,0,0,0,0,0,0,0,0,0,0,0,0,0,0,0,-0.000808134623621393,0.0177468948424471,0.00300199532638377,0.00237070295076972,0.00323299318577787,0.0049599162647497,0.0141792660470828,0.0130172439356801,0.0156852112339825,0.0179776574385852,0.0187638912513085,0.0145744913733282,0.0184674859939137,0.019229282098056,0.0188133591186181,0.0133860017122791
"324.958",0,0,0,0,0,0,0,0,0,0,0,0,0,0,0,0,0,0,0,0,0,0,0,0,0,0,0,0,0,0,0,0,0,0,0,0,-0.00108272416506272,0.0246140361893997,0.00237721091593176,0.00210292395071883,0.00112641807548481,0.00280245331884674,0.00801233286568875,0.00868042120723321,0.0107378102412551,0.0135362131787781,0.0131253641019193,0.0160411688070633,0.0131479472452961,0.0128796459072162,0.0122328541665647,0.0108268941722628,-0.00181414766364876
"329.496",0,0,0,0,0,0,0,0,0,0,0,0,0,0,0,0,0,0,0,0,0,0,0,0,0,0,0,0,0,0,0,0,0,0,0,-0.000556591944077645,0.035359346034709,0.00291485745705182,0.00255286282567172,0.00296137937685956,0.00214510734211215,0.00696411862743143,0.00866613179729386,0.00793049219623254,0.0101430557683737,0.0127174801293513,0.0140359627578268,0.0144226519532827,0.0149330399388114,0.0115458332818752,0.0161962446665457,0.0247264360078772,0.0157752008761957
"334.038",0,0,0,0,0,0,0,0,0,0,0,0,0,0,0,0,0,0,0,0,0,0,0,0,0,0,0,0,0,0,0,0,0,0,-0.000645078172487934,0.0504524746398036,0.00324869490450792,0.00349463945879667,0.00323192799275631,0.0023524117776581,0.0046660053468606,0.00830945320740163,0.00736467569101174,0.00898583077416195,0.011585569651949,0.0125537558543517,0.014101653253522,0.0125055268618447,0.0120335272936075,0.00974042502971664,0.00898660074033952,0.00915335229363247,0.0145824872622643
"338.584",0,0,0,0,0,0,0,0,0,0,0,0,0,0,0,0,0,0,0,0,0,0,0,0,0,0,0,0,0,0,0,0,0,-0.00017807489645344,0.0580547493095457,0.00298186599960488,0.00299075163704875,0.00367073849852966,0.00364362287082894,0.00402425687006082,0.00735415444882773,0.00816947828603899,0.00753547790846666,0.00983296833538462,0.0122381728817928,0.0138394454969007,0.0135295075603032,0.0124157964178779,0.0161400752805652,0.0196649821735542,0.0188029161793312,0.029668557836182,0.031373893944178
"343.133",0,0,0,0,0,0,0,0,0,0,0,0,0,0,0,0,0,0,0,0,0,0,0,0,0,0,0,0,0,0,0,0,-5.356866132461e-05,0.0769831828985618,0.00274984233267714,0.00328914023051824,0.00316059122077444,0.00473092615492719,0.00381975539326703,0.00809501390403859,0.00719423387506493,0.00693793086831243,0.00907647544402315,0.0100648090697699,0.0109871039825459,0.0132189157021777,0.0150133632649723,0.0115817803659259,0.0143608811875479,0.015060062037307,0.0170859440192456,0.0256990401931888,0.0437241219618839
"347.685",0,0,0,0,0,0,0,0,0,0,0,0,0,0,0,0,0,0,0,0,0,0,0,0,0,0,0,0,0,0,0,0,0.110014986541758,0.00484436699712794,0.00353584059442589,0.00369007082546506,0.00435469743657731,0.00480511266604422,0.00827064808376488,0.00906374308958088,0.00782075107180551,0.00805567536018596,0.00911470287365308,0.0112176430234396,0.0121456694007621,0.0108252062202278,0.014068716396872,0.0158656758863813,0.0150128116961644,0.0154864596003112,0.0205520850102255,0.00936196391784748,0.0123571573443161
"352.24",0,0,0,0,0,0,0,0,0,0,0,0,0,0,0,0,0,0,0,0,0,0,0,0,0,0,0,0,0,0,0,0.11264359243196,0.00585402283307762,0.00336132878835178,0.00331341653692672,0.00426436799576797,0.00446807570560177,0.00528911971725876,0.0107823818270958,0.00821767461664035,0.00860722204811606,0.00919439405034989,0.0101927568803911,0.00890823235777583,0.0107844082434416,0.0109341164770858,0.00964874331023508,0.00874519361222531,0.0122285469649162,0.00972156895243854,0.00981324812973545,0.0100559694473172,0.00265396463639024
"356.799",0,0,0,0,0,0,0,0,0,0,0,0,0,0,0,0,0,0,0,0,0,0,0,0,0,0,0,0,0,0,0.131092212334757,0.0060172713534009,0.0038375908288679,0.00464921076893646,0.00466722578212316,0.00520656957467572,0.00668637160600564,0.0115294752062337,0.00898346893368252,0.00973508475030083,0.00989768006141577,0.0101389208673144,0.0115550898787873,0.0109734812273626,0.0124923707239069,0.0130315900569491,0.0124137541320031,0.0144696567029803,0.0128006616738123,0.0160043890932464,0.013449971747469,0.0326503794748122,0.020394699605168
"361.361",0,0,0,0,0,0,0,0,0,0,0,0,0,0,0,0,0,0,0,0,0,0,0,0,0,0,0,0,0,0.115731318732229,0.0077460057285681,0.00291732267726996,0.00369884554063821,0.00467456523932301,0.00516959345549337,0.00595048512170551,0.00926874751891225,0.00988020257695914,0.00891722004953931,0.00919914427090021,0.00938938714110435,0.0107970997735946,0.0107982869852876,0.0108845884913657,0.0108289405265809,0.011790777489284,0.0130938195608677,0.0111965640472775,0.0097974506573173,0.00965147830228284,0.0127081730784635,0.00856064820430404,-0.0115279369322367
"365.926",0,0,0,0,0,0,0,0,0,0,0,0,0,0,0,0,0,0,0,0,0,0,0,0,0,0,0,0,0.0755018643511413,0.0117638293410518,0.00320106773399844,0.00339631035082108,0.00493049461674373,0.00629163281624897,0.00603320036305721,0.00869911056804162,0.00986175669293853,0.0102093176592699,0.0105135755559595,0.0104303102669883,0.0114809247360111,0.0120745420216186,0.0114986642687259,0.0118366471131207,0.0109409573778965,0.0134499560150122,0.0123145602707267,0.0133194356850252,0.0133270037053916,0.00870816728033165,0.0171170375727632,0.0116863181201575,0.0362605275982816
"370.495",0,0,0,0,0,0,0,0,0,0,0,0,0,0,0,0,0,0,0,0,0,0,0,0,0,0,0,0.0223870636804704,0.0157803744127018,0.00240717178072925,0.00307418614644539,0.00437905378460098,0.00588091035695663,0.00722401930624538,0.00771891892224742,0.0114206144106613,0.0103500411955817,0.0118029022455071,0.0123786814044794,0.012230769612078,0.0124385104904973,0.0123907430166722,0.0113335297821964,0.0122191612868445,0.0107745552318947,0.0121991557175968,0.0151287965079711,0.0130382069035912,0.0159838372271603,0.0134172639437857,0.0176280115101504,0.00443706725936625,0.00081726474492335
"375.067",0,0,0,0,0,0,0,0,0,0,0,0,0,0,0,0,0,0,0,0,0,0,0,0,0,0,-0.000580672645555946,0.023857545723297,0.00289122785346726,0.00331332009589297,0.00447241882910274,0.00547928411312163,0.00704996516227552,0.00792762962599942,0.0118732995224828,0.0122139252249928,0.0123060374689505,0.0129940622914726,0.0134161879548727,0.0136116709301658,0.013122594487276,0.0131626036429186,0.0139300961713979,0.0130687334954145,0.01355788670211,0.0125766488199671,0.0137387789133002,0.0149253138893688,0.0166712605238985,0.0180885178287765,0.0238301823309815,0.0124887552057561,0.022184469497
"379.641",0,0,0,0,0,0,0,0,0,0,0,0,0,0,0,0,0,0,0,0,0,0,0,0,0,-0.000969653271945869,0.0205269380844501,0.00190142568245019,0.00294563964632764,0.0042746058569369,0.00472602984396217,0.00633738375151726,0.00747353650361281,0.0103822368431525,0.0122291514856146,0.0114558110846555,0.01236501593774,0.0132565655572706,0.0138850411516798,0.0133042191111446,0.0137316642248021,0.0130039201286144,0.0128923427098362,0.0119215193207901,0.0120737424916404,0.012249332149274,0.0125335712926336,0.0138219204769,0.0163885151333536,0.0155568934190504,0.0109081745972923,0.0116710877492409,0.0257192408160798
"384.219",0,0,0,0,0,0,0,0,0,0,0,0,0,0,0,0,0,0,0,0,0,0,0,0,-0.000874712698097191,-0.224420854293902,0.00251390513692036,0.00308969160140977,0.00312635121535945,0.00506355585243971,0.00538567597402566,0.00718840398875593,0.00983790511991606,0.0125796612279233,0.0118915950329279,0.0127149849138437,0.0137720731618683,0.0146532909588612,0.0144436283077194,0.0150425505681927,0.0152906016676208,0.0151938901031054,0.0142879774023031,0.0129033213477088,0.0134419616543281,0.0136430735352673,0.0140689351721717,0.013814444979495,0.0163911835060893,0.0157985349630501,0.0178145156352781,0.01630416816055,0.0269264521156915
"388.801",0,0,0,0,0,0,0,0,0,0,0,0,0,0,0,0,0,0,0,0,0,0,0,-0.000536258093259967,0.0335043003243478,-0.00210549711979569,0.00258516773726226,0.00390592986137979,0.00413828188256814,0.00554395625443531,0.00733709295733862,0.00867300604017682,0.0129193443814303,0.01237475405033,0.0123685550565289,0.0141173061131448,0.0144961808256748,0.0149464565194752,0.0155938030397463,0.0156288282597436,0.0149883366172665,0.0145527832046357,0.0141786801447903,0.013568954853911,0.0143314712329739,0.0136808328187535,0.0154033616060097,0.0148218426778358,0.0171560792297077,0.0187661370950056,0.0153177036009046,0.00896968987710608,-0.00643216563568114
"393.385",0,0,0,0,0,0,0,0,0,0,0,0,0,0,0,0,0,0,0,0,0,0,-0.000763534788596254,0.0374100816746015,0.00200189399602786,-0.000697531215342591,0.00344040904735154,0.00426130855842722,0.00549593491202741,0.00687868401359905,0.00787838978380748,0.0098273434847356,0.0117354752269891,0.0126930398001371,0.0134243223015458,0.0140522356815755,0.0147822917363702,0.0150683921759139,0.015389367363998,0.014806403643923,0.0154911979725935,0.014988778305248,0.014328139096986,0.0142084362841471,0.0134747487959361,0.0148972176841002,0.0130851029795396,0.0177432889201879,0.0181719780214312,0.02248934011453,0.0256376868031376,0.0137674152417768,0.0123981601320675
"397.972",0,0,0,0,0,0,0,0,0,0,0,0,0,0,0,0,0,0,0,0,0,-0.000735453679799158,0.0457962048175736,0.00249450600844102,0.00127569747893893,0.000184346683623372,0.00360116197842215,0.00497005723829967,0.00613759832357706,0.00747857916719598,0.0095798481735084,0.0122206824964319,0.012178967292567,0.0132671393918019,0.0139129384997594,0.0146401203628525,0.0151599343513365,0.0155892805333939,0.0161331662955475,0.0156941123633298,0.0149130922100049,0.0142984007091639,0.0139066048913899,0.0148828856615001,0.0154076134233691,0.0149377719759069,0.0161796045091085,0.0178997222515816,0.0171096187359395,0.0187841094466266,0.0181648855102747,0.00940571734995023,0.0100408935697863
"402.562",0,0,0,0,0,0,0,0,0,0,0,0,0,0,0,0,0,0,0,0,-0.000565982385291763,0.0419984917668885,0.00235592444231188,0.00211273207786557,0.00302891580838791,0.0017892725686972,0.00432286322891496,0.0058120077295423,0.0075861674658125,0.0088684159435482,0.0108670538957219,0.0111065273500513,0.0126524545050095,0.0132558587127157,0.0139513089513043,0.0149863949671767,0.0152703939589627,0.0159278535528903,0.0160408953126203,0.0156098741114142,0.0151910537850089,0.0149922619969581,0.0146648032469073,0.015082213673158,0.0147497193306856,0.0149353237873666,0.0170725001270173,0.0186292517189604,0.0182961266864864,0.022320350046091,0.020061871645718,0.0290767563526986,-7.47394022859657e-05
"407.156",0,0,0,0,0,0,0,0,0,0,0,0,0,0,0,0,0,0,0,-0.000622361830029672,0.0533076374928249,0.00243519479800461,0.00184881933178097,0.00217351650513922,0.00345500998961314,0.00303245354687801,0.00559240739166422,0.00636696837210506,0.00780047401638521,0.010374718119713,0.0116494026324843,0.0123325042266863,0.0128861993601714,0.0139158626431883,0.0147855110450863,0.014810729184911,0.0154686032292208,0.0158109503822237,0.0162385343700235,0.0161873899154917,0.0152786289182378,0.014698650108306,0.015686972083046,0.0151322110058588,0.0150844816518376,0.0149980424851181,0.0177490195766348,0.0205174917232249,0.0188798550531739,0.020552768590438,0.0202119117298483,0.0276395042464385,0.0176824876143115
"411.752",0,0,0,0,0,0,0,0,0,0,0,0,0,0,0,0,0,0,-0.000761971524011806,0.0709752663276444,0.00351026967919038,0.00182949719322313,0.00261092415438751,0.00329139782308818,0.00416077847874947,0.00414900152370475,0.0065362357275794,0.00748964516395859,0.00973976673365788,0.0125244185560424,0.0116102438849522,0.0128692759942378,0.0135286082517912,0.0144827025890812,0.0158370104156537,0.0153068033870366,0.0152287631852746,0.0158587432287463,0.016587129496835,0.01581372032992,0.0154189511695319,0.0150578581636986,0.0153493929320866,0.0154637704721752,0.0157650855516984,0.0159255771091951,0.0168740020488254,0.0202863079391737,0.0227983497046347,0.0236066564088735,0.0224891271409065,0.0270291276352098,0.02907683978177
"416.352",0,0,0,0,0,0,0,0,0,0,0,0,0,0,0,0,0,0,0.0704976278809748,0.00417922607889931,0.00132047838005148,0.00197212407905182,0.002995223466784,0.00334945648183422,0.00460407843921453,0.00436849302656832,0.00720133277344697,0.00903720132086568,0.0110099753729715,0.0114572871431845,0.0122776175725297,0.0132780283894072,0.0137729584834117,0.0148422610063718,0.0149428814825422,0.0156479766722836,0.0156419360753326,0.0158814338351689,0.0155125464042856,0.0151776854379339,0.0150720490337436,0.0150758282054141,0.0149481494035296,0.0148936509419304,0.0156850866366774,0.0162809230903916,0.0162319619063495,0.0183900639228019,0.0215843588658345,0.0202176406031303,0.0164397034240344,0.0161621220779771,0.0365662839205341
"420.954",0,0,0,0,0,0,0,0,0,0,0,0,0,0,0,0,0,0.0714383892062687,0.00420892256501386,0.00139587972984805,0.00184978855228608,0.00224502038315718,0.00337177699902537,0.00384791568112518,0.00541243136649605,0.00521476550791241,0.0078777270752796,0.0101673453906095,0.0106336462188662,0.011846591468785,0.0125566417059367,0.0132911713874826,0.0141550340149814,0.0146287931409852,0.0148143416280142,0.0150391419760394,0.0148789838336194,0.0147744130884822,0.0151990642186836,0.0151029971579325,0.0146476356885781,0.0143502450674327,0.01444642851251,0.0140696668857879,0.0150383898052786,0.0165426667714969,0.0185402395252521,0.0199297992198702,0.0214801482995734,0.0207435096517747,0.0204234788385728,0.0254652016609865,0.00696083152093764
"425.56",0,0,0,0,0,0,0,0,0,0,0,0,0,0,0,0,0.0779579553114309,0.00676578197181114,0.00166315898701619,0.00224809730761999,0.00225063088822503,0.00356173081815557,0.00463685495301562,0.00538944673748788,0.00672691426629919,0.00660395450591826,0.0103618248168113,0.0110940224097859,0.011809344926148,0.0128977242919823,0.0136707923800377,0.0145095764593991,0.0148204650935693,0.0150201084541007,0.0152791570309309,0.0150009490541119,0.0152537936822588,0.0158788897099682,0.0160717226252862,0.0154841528683106,0.0152030028737911,0.0155818837717177,0.0158368693511545,0.0165331572610603,0.0171142882320019,0.019825455814892,0.0200330469455624,0.021400553309304,0.0242508263064104,0.0255753891125553,0.0328572700543048,0.0255561339989812,0.0344146913157472
"430.168",0,0,0,0,0,0,0,0,0,0,0,0,0,0,0,0.0788087209792691,0.00554388895566808,0.000844363200651201,0.00130430479627226,0.00191616847224679,0.00264302399999469,0.00317249522165989,0.00410719747652107,0.00566975883255461,0.006627201463547,0.00736158424142476,0.00990826728185073,0.0107620561811776,0.011868199341738,0.0129608427918605,0.0135552839463138,0.0143262584791297,0.0145975094384102,0.0147166821716806,0.0148587691313583,0.0146968150127132,0.0146109071156065,0.014813604903926,0.015131645979381,0.0138066757648529,0.0143727014010232,0.0143609278765711,0.0143523105323226,0.0154574359045911,0.0166319835403624,0.0175451908304181,0.0212727446838762,0.0203368603228341,0.0220194797331804,0.0234775408507718,0.0230006269288687,0.0191699562406223,0.016491860047747
"434.779",0,0,0,0,0,0,0,0,0,0,0,0,0,0,0.093998827623812,0.0100126245733821,0.00099710690669863,0.00108716532417299,0.00152661620320327,0.00264043733712811,0.00297789545152006,0.00387308094976963,0.0049974611316377,0.00582785528882201,0.00770870523219933,0.00953413697568607,0.0105202323989104,0.0115793536157053,0.0125905971570742,0.013491905252958,0.0139074720506215,0.0143947300726318,0.0144101237457167,0.015358600352323,0.0146742022933934,0.0144062963004056,0.014727400840504,0.0141188536506445,0.0150639177851153,0.0145829059182853,0.0139650237041133,0.0147973164593174,0.0160948912554226,0.0153340580655103,0.0177252092431708,0.0180548400383843,0.0203082641968226,0.0221981704272496,0.02308641067222,0.0251560149174063,0.0200153736057643,0.0171080987568092,0.0228987634651407
"439.393",0,0,0,0,0,0,0,0,0,0,0,0,0,0.0870807393562331,0.0133817076579168,0.00142476561891391,0.00175194397859213,0.00205260978666888,0.00307735561465276,0.00332621413709188,0.00483797008371891,0.00538800875656026,0.006161364951807,0.0078384141191047,0.0102274863848083,0.00990600471279492,0.0114404937916698,0.0129492978980747,0.0138415932051692,0.0143245823887213,0.014900630905159,0.0151679216427656,0.0150141710273861,0.0155755956575273,0.0156514124909406,0.0157378839799011,0.0152470323399931,0.0153857863589355,0.0154398695112947,0.0152337027897915,0.0154743380309098,0.0151293409358065,0.01654869741079,0.0173382927489835,0.0180213941335966,0.0213300305931448,0.0225035924484861,0.0263220438814327,0.0285164197450354,0.0294961616459929,0.0270561600599857,0.0336398202828955,0.0281484038805437
"444.01",0,0,0,0,0,0,0,0,0,0,0,0,0.0807959802117114,0.0195759476852174,0.000787987944324026,0.000699690123796279,0.00142907643733949,0.00187538648585125,0.0025657142269707,0.00313935447215167,0.00387459746061543,0.00516202083356807,0.00632413371716323,0.00880820315685499,0.00927108918069562,0.0100779012176602,0.0113348819649862,0.0123877400738057,0.0130335462831723,0.0136552861182153,0.0140712302196667,0.0144199693546239,0.0146043091220941,0.0148098015853885,0.0141693838075413,0.0139246334534836,0.0135692773563242,0.0141477355355435,0.0139986149247822,0.0140790127947148,0.01412525274936,0.0149207266074449,0.0150763603745114,0.0163480189874587,0.0169847554718674,0.0191037457320668,0.0213716426407147,0.0237511714059799,0.0252894259092294,0.024793429839596,0.0192346036992896,0.0193573215333605,-0.00240543559459744
"448.63",0,0,0,0,0,0,0,0,0,0,0,0.0559888403778437,0.0287492619003211,0.000907716956313142,0.00123111395385641,0.00169105747294924,0.00198587317441939,0.00286234911020425,0.00322980182301973,0.00463380523001107,0.00505105613390762,0.00591201020277034,0.00777274403177658,0.00903020884897123,0.0102710799827018,0.0102518152592031,0.0116427171305026,0.0131329612638389,0.0137777904511628,0.0143158093025117,0.0142003086446398,0.0144373589412117,0.0140549221728892,0.0142963453290147,0.014248331012073,0.014537259524603,0.0136929607982545,0.013830813153707,0.0142550088145546,0.0142823406159595,0.0141129834503643,0.0145536438302392,0.0153837469005421,0.0162947126903995,0.0180285459323124,0.0209966631404848,0.0230782843154812,0.0252762519770592,0.0232751824307911,0.0244649377971588,0.0240369493227524,0.0296151536237705,0.0314907509337264
"453.253",0,0,0,0,0,0,0,0,0,0,0.00792628983845478,0.0449209018713506,0.00133378685214056,0.00143551863121758,0.00187422662031415,0.00199769647393336,0.00247800680808166,0.003198426262262,0.00401946810785335,0.00482196945563343,0.00545222512291318,0.00653136123011058,0.00865281707760119,0.00927706434156108,0.0102051322603219,0.010839746735541,0.0123509119330023,0.0130214690670695,0.0137821186447047,0.0141407510558965,0.0137855309365439,0.0144476067538096,0.0143600309864156,0.0139799030267738,0.0135845719438346,0.0140664263233048,0.0136022208333819,0.0141893569971608,0.0131501475078111,0.0140718811270099,0.0144327416659822,0.014983688189804,0.0161928137009418,0.016750972436787,0.0181369525856651,0.0211518960627859,0.025601727449239,0.025827515543051,0.0272019614972556,0.0269308415362698,0.0270405372937756,0.0285013051897556,0.031789206131248
"457.878",0,0,0,0,0,0,0,0,0,-0.000623285265594742,0.0484020700332186,0.00176895652571247,0.00147968349879428,0.00166817645019477,0.00208425676541677,0.00273327578264075,0.00332075635603891,0.00390842377178359,0.00458676415798129,0.00569425524376156,0.0056597737175602,0.00749166065760576,0.0089230818935413,0.00934514425741147,0.0109763770039612,0.0112590879562414,0.0122593575076857,0.0128463642313851,0.013848631686,0.0141963112455945,0.0138590623634638,0.0139607302189632,0.0139196785711771,0.013918260823082,0.0135880018834062,0.0131606178460838,0.0132169152846146,0.013617155027119,0.0135995862237874,0.0136325700290211,0.0139093823214034,0.0152380613515589,0.0155948534144891,0.0171331971835376,0.0196552971208136,0.0209480819221468,0.0230825128448251,0.0253160877953075,0.0279028686236326,0.026109879174355,0.0276547828667611,0.0253795360270027,0.0279900355371396
"462.506",0,0,0,0,0,0,0,0,-0.000487882235482601,0.0589377870071111,0.00202772761157904,0.00142778775990953,0.00159056538988776,0.0018774372621269,0.00227319123851435,0.00300367561977853,0.00380953172465525,0.00406860934156628,0.00482308098528627,0.00571656378558219,0.00643403272560536,0.00847569565088879,0.00891730788314676,0.00934114390801618,0.0106267707565872,0.0114949912900915,0.0125049561587132,0.0132450704161602,0.0135577950295262,0.0132635809583768,0.0133238438024312,0.0133653928911925,0.0130415467475959,0.0132071880602954,0.0135332131707299,0.0129230312668626,0.0128364961817942,0.0128809926903884,0.012872356301389,0.0131171360402492,0.0138772094463416,0.0141941028452418,0.0155746830221987,0.0171743386032076,0.0190759357938207,0.0214682234402778,0.0232411998652856,0.026164681611525,0.028275331485123,0.026787343268753,0.0296359823489206,0.0306313418233642,0.0400674101525986
"467.137",0,0,0,0,0,0,0,-0.000650294780229266,0.0674371314356035,0.00214259151749839,0.000895209482691926,0.000911040730368734,0.001350730862561,0.00185354234482219,0.00261931507289131,0.00287266754633839,0.0033387974490069,0.00402770808989022,0.00462590986187564,0.00520635563092749,0.00712782058057618,0.00709756411242352,0.00831353591183939,0.0094616973857998,0.0103776985071076,0.0105769164269673,0.0115350929770902,0.0123277542112483,0.0127182133435063,0.0123707318540784,0.0125427902398468,0.0125093081400796,0.0123860609338543,0.0122534051154841,0.0119214413003027,0.0120771125438655,0.0120034792527729,0.0117021220968854,0.0114886227374867,0.0122099774489199,0.0126202797895138,0.0126900954446355,0.0143357030344082,0.015483831666907,0.0166982145336242,0.0192837945656728,0.0207209676168849,0.0227188969123289,0.0221916320638684,0.0219703403427432,0.020547373852127,0.0100408802557721,0.00460072386257559
"471.771",0,0,0,0,0,0,-0.000370504761059071,0.0726082037371522,0.00300778943854965,0.000769769816592229,0.00090661205531066,0.00160831644717216,0.00181510152956617,0.00244053894535246,0.00295145993207411,0.00356934782876211,0.00411307444469267,0.00488184892497142,0.0053623396913659,0.00708103358292746,0.00685015225954682,0.00793282813399805,0.00870939439458138,0.00926519516347352,0.0100514259362244,0.0107868221941625,0.0117123451035334,0.0122504881402847,0.012831456066705,0.012707995552374,0.0128643429951849,0.0120820026834135,0.0119344505902909,0.011740677485456,0.0113833234674924,0.0116441583378182,0.0117098117556371,0.011781933281421,0.0116211948267254,0.0121477906899359,0.0125082299935484,0.0137846810490873,0.0145879977167593,0.0155690448284536,0.0175845917306049,0.0196279733050426,0.0218767332608421,0.0233988862378673,0.0242634667388405,0.0229909709125313,0.0239226063131268,0.0325310920884586,0.0281067280079727
"476.407",0,0,0,0,0,0.037285670141962,0.0699607359213359,0.00363649290046229,0.00101702304980875,0.00125080091062659,0.0016158850417251,0.00203662029185276,0.00229001894233564,0.00286945552713187,0.00325720453967186,0.00411572233463045,0.00433780331896508,0.0052278443356705,0.00620424547137964,0.00697673899697945,0.00764527218762585,0.00798329889757664,0.00901184246294558,0.0098798185418392,0.0106232887480971,0.0106240002905902,0.0115364679896464,0.0122601422659971,0.0123996363323718,0.0120048433171358,0.0120978889837177,0.0119228865437208,0.0113658049558209,0.0118403028081623,0.0114680652502819,0.0112825565275785,0.011418520171596,0.0112483764518101,0.0114283332739166,0.012033447697049,0.0119999899297081,0.012942830164789,0.0141643713763207,0.015813585327921,0.0179654829403812,0.0196659412892845,0.0221391496554422,0.0242585438923651,0.0244783910430736,0.0261278937328788,0.0260297201067461,0.0272983059837252,0.0803912069620234
"481.047",0,0,0,0,0,0.0819335407402947,0.0043809357174736,0.000889949815231437,0.0010435044245623,0.00117082251849231,0.00159547863064223,0.00201147087366653,0.00244209337316066,0.00344155934001672,0.00372410041034856,0.00416760776647805,0.00460508370167953,0.00562557986819309,0.00657992863924072,0.00694850374454745,0.0076118905128479,0.00824469056540179,0.00887348172835184,0.0099288346857822,0.0101559210752093,0.0104616765228731,0.0111195841781766,0.0118626987357739,0.0121243480462821,0.0119923066621057,0.011734023941296,0.0114133710147427,0.0116153771451376,0.0111325483276937,0.0109100396112604,0.0111125946942337,0.0111653664685291,0.0111903729608566,0.0115170915554159,0.0116035729012007,0.0120180608160334,0.0129363216679807,0.0146999494225306,0.0158639620700429,0.0172963922273473,0.0202506649027,0.0196832889478455,0.0244012682947559,0.024858859121251,0.0262491405251196,0.0323461297338978,0.0407085875648046,0.146207607904081
"485.688",0,0,0,0,0.103674531141262,0.00746229389698714,0.000763447152740434,0.00087458781029176,0.000901608772326485,0.00154157465849548,0.00165476747974254,0.0019070816276385,0.00298820672071235,0.00285597860465752,0.00349981352369592,0.00409199931727324,0.00473721704019139,0.00570694875823754,0.00595890007940432,0.00671436385679654,0.00714596002773754,0.00789409873626656,0.00854327391456659,0.00932691991825123,0.00945817258753791,0.00972466504856666,0.0108336695298342,0.0111086558233033,0.0109540466345087,0.0108720563848879,0.0111572211807313,0.0109563551146479,0.0110052071261857,0.0104805480613484,0.0103495216299603,0.0102583109781821,0.0103996104990701,0.0103168701204943,0.0103704005621924,0.011480677459845,0.0115548719437498,0.0124953225666391,0.0136987583232859,0.0144973797824708,0.0178884299278479,0.0185587269774163,0.0220394750767148,0.0225205915339135,0.0247890672850063,0.0257209650052694,0.024150410846149,0.0541839362098587,0.227333997728899
"490.333",0,0,0,0.111428745039419,0.0091833029822137,0.000578763151314928,0.000730826181146397,0.000967768543352979,0.00111717494678816,0.00137418201881287,0.00170046971099909,0.00233923534296305,0.00257418014592971,0.00346289469786115,0.00367323456814912,0.00421295286006589,0.00515766065717607,0.0067304976585106,0.00623886286007855,0.00693504821841352,0.00718854268052286,0.00812441713172745,0.00857895966735594,0.00913335174239615,0.0096055841518219,0.00995628345418925,0.0105969646790717,0.0110814795189263,0.0106647021271084,0.0103003450770881,0.0104440922903337,0.0102897216153879,0.0100710168653561,0.0104411207428733,0.0101104815769838,0.00971949604544852,0.00998038078377931,0.0104451802247611,0.0103707148061163,0.0110899239257943,0.011062655044837,0.01179387627705,0.0131454437466152,0.0147857087082274,0.0164601804356227,0.0178293011120044,0.0216351742928057,0.0213834409121624,0.0235898679516367,0.0247283345137268,0.0317664570101772,0.123812079237572,0.178734876510813
"494.979",0,0,0.0959471278981636,0.0114958474604327,0.000892461486526572,0.00121839625751473,0.000930996878387233,0.00105969592978409,0.00127107090689107,0.00162887933448839,0.00210641925188614,0.00243198568214515,0.00282855436114559,0.00348305893313698,0.00377202819261799,0.0042919478923353,0.00578470516632195,0.00614054084638505,0.00656300699337992,0.00638688440051581,0.00734217927602975,0.00795765656046632,0.00860114660299769,0.00888867357312608,0.00911645193153797,0.00942094305813086,0.0100309305953146,0.0102117681914004,0.0102662863672827,0.0104878097194449,0.0103308010645125,0.00982002941227277,0.00925657621567628,0.00995597537416232,0.00952748239644808,0.00954438725837916,0.00943027216051574,0.0096886739055514,0.00956534346242308,0.00955016667654381,0.010252434385575,0.0114403979096088,0.0123858522016759,0.0141010747423697,0.0158288173715482,0.0184380105614587,0.020135054365368,0.0218816818325027,0.0245485600916536,0.022601497200419,0.043720183547876,0.186447277396583,0.0731057912673016
"499.629",0,0.136940599767471,0.0116818872151393,0.00049441809557798,0.000494498584088015,0.000693219772119472,0.000973995997842049,0.00114903205342444,0.00149527103813682,0.00141426130956368,0.00205673144520148,0.0023273026060281,0.0026312341309806,0.003091218466951,0.00352593885789899,0.00461053385289414,0.00523776166408401,0.00555690536422736,0.00632687934677401,0.00675554351348316,0.00668091080006315,0.00740390830541657,0.00790629106398459,0.00831156823200773,0.00895551432900661,0.00870448274661583,0.00934725841909432,0.00924666646433703,0.00938693279040058,0.00960575208844738,0.00943567753178099,0.0091097137547233,0.00901134312907549,0.00868894503862227,0.0086461067606484,0.00897141414574893,0.00875884089788567,0.00899796016733763,0.00938677318054863,0.00989477706812641,0.00972126859925594,0.0108448050801137,0.012586901614549,0.0134881457417114,0.0160380573537525,0.0167690769584408,0.0184948259996872,0.0198802057688758,0.0209681255830736,0.0201259184989095,0.0835805358969515,0.146970887140485,0.0357705998511917
"504.281",0.152738384426865,0.0175261939434598,0.00110282974327576,0.000597152344676244,0.00088991224381229,0.00121396021584236,0.00113364622049376,0.00124169676073691,0.00131295600215115,0.00182620786735699,0.00206352993067007,0.00272181943085094,0.00304964635258318,0.00384362716139066,0.00421801741663387,0.00487786737659613,0.0051671638771843,0.0056657436967918,0.00555278243701506,0.00648076455806577,0.00685569397433975,0.00738746425655227,0.00776304197211224,0.00785573896486789,0.00836843810980433,0.00875710830208227,0.0090574495342301,0.00932074934849964,0.00942881720974823,0.0089890473623225,0.00898072588113156,0.00849768661305025,0.00844515728465494,0.00841228657537188,0.00899218883849721,0.00864895536760207,0.00858633467414991,0.00876123774699321,0.00891937618069596,0.00903467348045496,0.0103911651626871,0.0109877922787599,0.0115486917780849,0.0135693554407086,0.0141010915926744,0.0165218623594833,0.0181943950115707,0.0196725658887569,0.0218974826017817,0.03330856268795,0.120288786037101,0.071420808874068,0.0269287903088377
"508.936",0.0230442754813178,0.000639783962790453,0.000267168125675465,0.000942620721101344,0.000880869892662717,0.00120345993441089,0.00116457674828046,0.0010061810592096,0.00150945226219841,0.00148668243415088,0.00213932098327694,0.00255386876347031,0.0028702429817936,0.00367508322582777,0.004105601985949,0.004091618058607,0.00475736841157383,0.00483783923623627,0.00556117709852369,0.00620656676889224,0.00629390280809383,0.00685460553796956,0.00733829376013737,0.00774573044547823,0.00796514646055576,0.00772626883465528,0.00837932257479292,0.00804860928758786,0.00878711519423743,0.00853422358129051,0.00821265579850802,0.0082464108476281,0.00835452202553116,0.00797193690786145,0.00821479195683136,0.00809176513114049,0.00784492899302948,0.00816820574277636,0.00830967338257374,0.00865276606240081,0.00940236202931475,0.00979494527953901,0.0115099141716763,0.0119406573397959,0.0140814397653732,0.0155173808519182,0.0169766234993927,0.0200963542658162,0.0211750006648558,0.0672207607884273,0.109483925193873,0.0273009090203428,0.0182676914107726
"513.593",0.000786441717509032,0.000702303164792272,0.00111562599901406,0.00099312785756189,0.000972061989213243,0.00101911061353025,0.00100422918137598,0.0014798165322938,0.00134852068455928,0.0018612202337251,0.00202818847904625,0.00248702439490361,0.00305092726257255,0.00334787677007719,0.00372710090590829,0.004545046427124,0.0045759804323242,0.00469214954607953,0.00496482430535997,0.00545086134069374,0.00660892139421799,0.00657499468358231,0.0063738223978856,0.00671251250782125,0.00748388368966977,0.00758021368529617,0.00790270531296963,0.00796512673468511,0.00784601240111512,0.00820345188685978,0.00780337081572404,0.00754746100087875,0.00784648892410381,0.00743997934377616,0.00757884653412239,0.00710113352331862,0.00734711754920005,0.00767420583887961,0.00751280104747624,0.00837291275119646,0.00888712503084363,0.0101961742211308,0.0101821845973766,0.0112662581729768,0.0133685176735249,0.0154441590304896,0.0176040447664017,0.0179479412952497,0.0291540779874928,0.105330017489342,0.0589026637335344,0.0267667955813664,0.0172743343088816
"518.252",0.000503889599646738,0.000417425666353773,0.000843966190750087,0.00077697836244064,0.000885396797657935,0.00105353174231978,0.00100269523375819,0.00147542747077604,0.00164385575025051,0.00187072888096233,0.00215859085025508,0.0023834356972615,0.00308263906853013,0.00350280662142063,0.00361419209236271,0.00407746865217036,0.00442600748415255,0.00473018219453875,0.00498318772710679,0.00563019157920477,0.00580662944184169,0.0062258874887473,0.00603229802043431,0.00662724342635767,0.00710660046990509,0.00679633906551669,0.0075583424207912,0.00722817553857749,0.00709435292215196,0.00732310473121172,0.00714284681737031,0.00710905232031453,0.00692879921404833,0.00679226448361868,0.00693408314936779,0.00682118479832736,0.00710075829668716,0.0069883877485165,0.0075305153283418,0.0076006460932531,0.00848661953495777,0.00921764475379636,0.00955295031072255,0.0111995646036676,0.0117639977851131,0.0137168310006072,0.0151261380568121,0.0166671353728468,0.0551261616814056,0.0941907425204521,0.0195423936317416,0.0154538691207517,0.0162160559721191
"522.914",0.000333971780907558,0.00073401208300973,0.000857194920429518,0.00088845509360428,0.00100457843075148,0.00109148042140117,0.00127784107206289,0.00145525273043193,0.0014452181906152,0.00158047369138457,0.00200336659182559,0.00235257779446136,0.00272750799541008,0.00316987384637865,0.00369022367579331,0.00397503907219623,0.00451144958954402,0.00429333063974488,0.00482080067313919,0.00507809369052919,0.00541313578848569,0.00583379883678252,0.00561218188738472,0.00593879338893195,0.00626903922450289,0.00623261397807757,0.00666284946139899,0.0068998376810569,0.00682396679743867,0.00695070035936509,0.00634505735761431,0.00662826696718849,0.00649586102715926,0.00625649246402969,0.00638325903389642,0.00600471059605132,0.00648976913222341,0.00678571396440238,0.00684259941252204,0.00688890809994347,0.00750148561404162,0.00849043229964145,0.00895008138929249,0.0103737899444862,0.0115554495798893,0.0133157995023108,0.014302150837019,0.0196389455667338,0.0905660413223783,0.0529933229819058,0.0166187400634629,0.0228724958289745,0.0161429895551277
"527.579",0.00030492101329031,0.000382752690246019,0.000680396905373538,0.000855120966109772,0.000746996122876632,0.000863260425419258,0.00125114463109968,0.00129330564305011,0.00127804150440128,0.00185757964651698,0.00184855158627989,0.00260153850144286,0.00268128678448104,0.00334254816021409,0.00313872214198255,0.00355226635585185,0.00368920660286511,0.00417140121860928,0.00438992774521639,0.00480825089808286,0.00481888744684911,0.00512647552815738,0.00513814108236034,0.00554134486524979,0.00587592145106956,0.00577679184129221,0.00630665365375691,0.00635188602114432,0.00600519839255639,0.00626459261535733,0.00597666478619952,0.0058966867593283,0.00601984640146537,0.00640905305292047,0.00632775221082083,0.00584181800246562,0.00593150202332938,0.00634945935408826,0.00693792820137605,0.00663153966174655,0.00683194060051601,0.00795149339466204,0.00827681472286006,0.009752161452491,0.0105720145729691,0.0123338248552854,0.013766552233279,0.04448557853683,0.0936001494966781,0.0210838990846106,0.0166090922757971,0.0133126544100143,0.0211340638836105
"532.245",0.000203062446999665,0.000409088347571807,0.000475035591731212,0.000308467851438991,0.000795133179368943,0.0011799726936648,0.000957880662078802,0.00118399537542974,0.00162806691435776,0.00163623708208627,0.00169474062866424,0.00242532216464294,0.00262975956114713,0.00274153596034079,0.00328655905355517,0.00319591629029265,0.00370241542252768,0.00371931688004811,0.00417384411285576,0.00413726350519162,0.00458144909287808,0.00499329459256798,0.00486866048111914,0.00524004682038504,0.0054212437468431,0.00541459744255582,0.00575619099493602,0.00597520934637951,0.00586841600688096,0.00565999310838141,0.00585763934401828,0.00549126332615853,0.00535639995260098,0.00537718187884376,0.00509015528215456,0.00539303681120606,0.00530315801579051,0.00613230219950777,0.00622162824163523,0.00598159744048335,0.00614339789190553,0.00719629683770766,0.00814168014047496,0.00925746359841525,0.00990178922260697,0.012341358850683,0.0158562515070068,0.078588654657084,0.0505389974631058,0.0130155338207926,0.013337262782546,0.00961371086268278,0.0070468113252273
"536.915",0.000778139783459761,0.00079945828355109,0.000828710289183939,0.00104160495191,0.000666983450200675,0.00118529376645668,0.00128934666973197,0.00133388925786737,0.00158004943287073,0.0017387804058184,0.00237073915444232,0.00249942943478724,0.0023120130964822,0.00282746255546119,0.00315296853516929,0.00333870765929975,0.00341979810166506,0.00352198191624107,0.00411145235472528,0.00441211599874111,0.00481162452995134,0.00505354993775663,0.00483822127670486,0.00527838170126628,0.0053296409319332,0.0052145343048524,0.00552501121834827,0.00526254950281024,0.0055235906804223,0.00537519320341881,0.00526771876636384,0.00535699124931557,0.00536507564438291,0.00536932521328671,0.00519961843594124,0.00572526130932613,0.00553978793164829,0.00564585985106439,0.00562359753973436,0.00644757803317408,0.00665606501745635,0.00671436875519389,0.00817234044289353,0.00941259904732974,0.0100236012060422,0.0114258030951668,0.0345833332522252,0.0837310588258845,0.0199538458010049,0.013174790357362,0.0104939920323525,0.0120518741844134,0.0223081881833334
"541.586",0.00105463837731824,0.00108732223670757,0.00128216207895385,0.00146511701340427,0.00144304506616093,0.00113626602829927,0.00133763613482586,0.00141029001934886,0.00172953104106894,0.00231187052430838,0.00223551374399818,0.00248512955232939,0.00270554553917018,0.0028602104027098,0.00329093546215551,0.00330553320951013,0.00372243442480865,0.00383923190803638,0.0040282599119055,0.00462590632120523,0.00476319599482482,0.00500204478144965,0.00487538120433796,0.00509802931271728,0.00537937138976013,0.00532308000887529,0.00527389116987548,0.00545607557287504,0.00574081402066849,0.00533124115543128,0.00533809367281568,0.00532938307752655,0.00532595038827099,0.00536056919596315,0.0053933779059121,0.00527584755516902,0.00580331586752727,0.00567103323433859,0.00624114042983715,0.00637115078613477,0.00675605504477501,0.00741850033075363,0.00782201711683717,0.00897481398002096,0.009929548365354,0.0142617099292386,0.0671304990370225,0.0509359454576181,0.0142215638127744,0.013246699852722,0.0188696776902352,0.0214225274997902,0.0259734532084372
"546.26",0.000201131661169316,0.000540208146982656,8.97179414557913e-05,0.000685679688477436,0.000831052945611458,0.000995190633874242,0.000867428787382865,0.00131772793114752,0.00153012173805025,0.00170759789705027,0.00167467101133578,0.00189002328536912,0.00223467655165939,0.00234906353293504,0.00239100717591515,0.0030618639531817,0.00292965440048897,0.00309095593503162,0.0033684922299847,0.00351623042800541,0.00355461445649655,0.00385761005621381,0.00398226910799722,0.00449314928383818,0.00438346601106251,0.00437260353685735,0.0046419695609797,0.00449007496156263,0.00459516793465907,0.00432277202498982,0.00440178576395941,0.00460788483774409,0.00429334617198271,0.00465215820627576,0.00450918138073785,0.00437486850644732,0.00458164259085865,0.00487937885992414,0.00424542679496867,0.00491938516612589,0.00548323784148156,0.00551118538143545,0.00695865576856813,0.00793767678525353,0.0087111575283236,0.0263166733079751,0.0708626072410143,0.019384351970175,0.0094900274884659,0.00814469485362933,0.0088458653908941,0.000669212908212417,-0.0102020443194571
"550.936",0.00108421872244077,0.000961151062289693,0.00108724115996917,0.000530676387088753,0.000896654683913093,0.000988536981787182,0.000964706704569412,0.00163648305723474,0.00183544037233997,0.00174151786106503,0.00173674647080279,0.00201950505268856,0.00228431767192274,0.00248945125304274,0.00305751011200109,0.00304877385448217,0.00336107401371708,0.00311401646431067,0.00333762877422755,0.00329030798727074,0.0035157074516884,0.003929484810356,0.00406737865029479,0.00401511695231129,0.00435447591756129,0.00393942656997922,0.00427110554012956,0.00441607945998146,0.00430090246141997,0.00464880218732026,0.00441901769784851,0.00419297208608067,0.00426676558290976,0.00432663230444374,0.00444098805220165,0.0044197335779921,0.00481286944878329,0.00457973427774301,0.00467503857849966,0.0054276239352918,0.00500331986523121,0.00526988015138061,0.00733326754503832,0.00777146589284509,0.0107492317023671,0.0521195747772586,0.0449505624146722,0.0111664218254635,0.00994457334851675,0.00959272266372984,0.0107727928051674,0.00864359458412413,0.0254412731691454
"555.615",0.000896952424373042,0.00088171317802022,0.000650588878285333,0.000691918335275619,0.000541902955297234,0.000757353462570206,0.00104564235973908,0.00127552014868507,0.00161173209882255,0.00147418624547036,0.00177901993997133,0.00170345413498751,0.00200853883055373,0.00219929874934181,0.00236587937062532,0.00246566285959072,0.00267799100558524,0.0028435118703365,0.00339924311910223,0.00320865122250587,0.00328550907284388,0.00333256325290155,0.00355775161108223,0.00358597833791577,0.00372218224552345,0.00376936221190374,0.00378439981608416,0.00419015199165836,0.00408032606857528,0.00397202278166846,0.00383255190971507,0.00374882098099582,0.00387645466833225,0.00386759421581929,0.00390695041452751,0.00393964093793983,0.00387941242801315,0.00421570668980122,0.00427667751924747,0.0046677644248684,0.00461087264316546,0.00524981485038494,0.00664743093280461,0.00739887859385436,0.0220913014088491,0.063129463390033,0.0175288361329622,0.00963484210934256,0.00854229650243927,0.0116752813207026,0.00651307894916418,0.0116857569362078,0.00153393335700721
"560.296",0.000476652600086972,0.000324020832331215,0.000824842394676269,0.000717817147266435,0.000643121945823757,0.000735960635240426,0.00108544559427256,0.00108922243936895,0.00113142320403518,0.0012747825834792,0.00141045453537291,0.00154771043295925,0.0016704081725694,0.00203707590191085,0.00219878965112856,0.00239875990494268,0.0024099373184979,0.00226219868862261,0.00249812410229299,0.00250129577325087,0.00255643657772197,0.00275363660784649,0.00307410623959744,0.00326642747292635,0.00374975172483443,0.00359280859937919,0.00367062513408686,0.00349752810977333,0.00330635341017125,0.00371029005224797,0.00328542594896798,0.00360559581842333,0.00340394648333421,0.00366454635445532,0.00352371468342835,0.00324434445195408,0.0036920870028854,0.00375992307277122,0.00426632058310938,0.00443553467706294,0.00427064141746165,0.00556492260237092,0.00595789756390015,0.00704114486195005,0.041034602504256,0.0409224622428052,0.00884460020160262,0.00814372982138497,0.00925949349678227,0.00902820658883425,0.00554409810676874,0.00407420379729125,-0.00878164603069041
"564.979",0.000955538512414866,0.00103013398098398,0.000863141150685638,0.00120580298929998,0.00124830889989021,0.00130220106844117,0.00134579856437673,0.00129673762762222,0.00136668707628227,0.00162083454615673,0.00172345195879925,0.00168980696617403,0.00219688631828502,0.00240239573475413,0.00239316402986288,0.00245772151913939,0.00278098520747162,0.00274834194564217,0.00333111865811051,0.00329948385473376,0.00324364614387604,0.00340869008293621,0.00336979793183548,0.00315741474552407,0.00362382829878926,0.00368733580352372,0.00362739480718295,0.00368315019488641,0.00370346724422311,0.00350614886455618,0.00361046609409932,0.00341300709699892,0.00327766614836179,0.00365383620312553,0.00365430775750467,0.00382266677848333,0.00414480785951754,0.0045462559213472,0.00429842899460387,0.00472342680389031,0.00511150516629294,0.00586718247667307,0.00589412205557115,0.0183862710661471,0.0535207567476887,0.0187284738249622,0.00922031240453616,0.00918042225293502,0.0107427974124201,0.0119889937828684,0.010998952588676,0.0143089704970703,0.0437833080413502
"569.664",0.000816088537177412,0.000673119246802774,0.000664154837030162,0.000828202386597533,0.000740323690420148,0.00147323477210739,0.00124018526247508,0.0012087537782688,0.00123875478661779,0.00147483541040849,0.0015425879292271,0.0016808284708889,0.00175995741313338,0.00180942496681617,0.00199669512410506,0.0020391610539568,0.00222723069669208,0.0021942755912913,0.00266208661586036,0.00284859397652937,0.00274598126848484,0.00279321891446369,0.00287420388034285,0.00309538765043536,0.00340224138145589,0.00285103999702377,0.00319476655180699,0.00300403204237273,0.00307453369748169,0.00345549199648318,0.00323696390273843,0.00312981713328707,0.00320326054817833,0.0032671101090833,0.00336734008886613,0.0032984106413313,0.00342259582381796,0.00421507714767231,0.0036985620402416,0.00448611406295807,0.00448229295591806,0.00489749813927049,0.00673345958096735,0.0342208617687843,0.0376821201957321,0.00821939744382674,0.00901489348671066,0.00943799048986152,0.00763183032977377,0.0082763395387178,0.00755322836466386,0.0118383664495161,0.0285589167571341
"574.351",0.000256335665445241,0.000269931104727507,0.000424717287952496,0.000792509023360013,0.000931422264601072,0.00107138864419201,0.000967687686220519,0.00088332236899472,0.00111705026581424,0.00114497733956133,0.0011743858705355,0.00153901720041363,0.00148754481528812,0.00166545665856146,0.00179509237620366,0.00196099186518955,0.00201010719263845,0.00203031353961897,0.002471304380747,0.00222291444533889,0.0024528363518435,0.00253856394272976,0.00275382127758449,0.00280913407169203,0.00281480028419283,0.00247959923559392,0.00270347394699276,0.00301882657890179,0.00329011539977994,0.00281978674031798,0.00299210716135225,0.00276394386516144,0.00281166624464994,0.0029064249962991,0.00281640285696918,0.00278845069878488,0.0031312903462205,0.00299478590666476,0.00335684752437244,0.00374098628806503,0.00448642164041304,0.00442039502848342,0.0131796212168681,0.0431191309359813,0.0140983618438576,0.00759103901537485,0.00773584236284818,0.00734370976247382,0.00649629353953333,0.0040092499036922,0.0107987827237793,0.00484847689239113,0.0102278143426297
"579.04",0.000454337214380036,0.00035633380342987,0.00061721871264253,0.000940104704786575,0.00116555464487103,0.00104596957684944,0.000977117322394291,0.00106601911045332,0.00110284814239419,0.00117996620531388,0.0012720092163054,0.00135760822265265,0.00119360028992474,0.00188573936971634,0.00190857689154229,0.00196287726900017,0.00189243987066378,0.00191187394404745,0.0022064411514677,0.00269881466933913,0.00220949270410235,0.00259364896558074,0.0025619135078699,0.00253116380911594,0.0025760653232291,0.00284508647259171,0.00237354795504397,0.00283289936917944,0.00271960780989503,0.00304512347997293,0.00258460591472614,0.00229921518289667,0.00287597629353292,0.00288146035365287,0.00291847623673142,0.00294516806152412,0.00302140059054801,0.00305746801840971,0.00328414685267279,0.00336347017269798,0.00404403443940712,0.00521344358355317,0.0271284607211739,0.0347188263312284,0.00579588989783901,0.00680246597244865,0.00790596823400426,0.0098514107574708,0.00892035662280248,0.00751101031013063,0.00713619758506062,0.010005288085758,0.0116284061369879
"583.732",0.000898880954688327,0.000625587903249609,0.000573685499066593,0.000729730068975724,0.000990867100530902,0.000897089226778329,0.00109445968984851,0.000878728781222029,0.00111699090421194,0.00112132455909609,0.00115115392018224,0.00154652621384634,0.00133306744244821,0.0015739719711389,0.00180101294123537,0.00150678010836456,0.00169897554832125,0.00191214621359892,0.00200361676868573,0.00216018412569573,0.00215514096606628,0.0022369833931159,0.00207153978360023,0.00209875654694047,0.00271660169902906,0.00220825471397264,0.0025475214125811,0.0029754282147357,0.00248871828800547,0.00255653075250913,0.00252924223444772,0.00242479576187049,0.00236228538414897,0.00273408097287806,0.00290173409914918,0.00281930994572611,0.00283449086629168,0.00318266409311265,0.00324566408793907,0.0035592225311048,0.00378018163615512,0.00868602614060165,0.0380534839709087,0.0145238788762482,0.00582211156025019,0.00721104419214951,0.00807389393361017,0.00786876649851011,0.00794701167350489,0.00787916424506862,0.00601525090812953,0.0106775732555428,-0.00492268407888998
"588.426",0.00105418946757522,0.000861170670142108,0.00107302165948643,0.00130086509537017,0.000849033099709605,0.000816048941700728,0.000862938779563751,0.000977782452050262,0.00121885360940801,0.00126064479876951,0.00138884222176266,0.00136767908217828,0.00131699817386655,0.00161604382700815,0.00188160821418808,0.00176394515507332,0.00203518151927093,0.00188595137548001,0.00175016673391814,0.00226232439351328,0.0022147478001368,0.00249448346074648,0.00200471414885976,0.00194681825811384,0.00250510350841828,0.00224874809379132,0.00228749983332259,0.00275845777601303,0.00253021764495965,0.00242385879965826,0.00234757717219349,0.00243187031152741,0.00225644872073231,0.00244916920571413,0.00231881353357128,0.00239213903626979,0.00232197723720851,0.00277472274953322,0.00287366986314023,0.00356141978499711,0.0042620028558691,0.021320686279983,0.0311995776744725,0.00545368875335072,0.00625550962174522,0.00718129357620787,0.00698629398867394,0.00596082252866895,0.00990452844147328,0.00913059437059058,0.0106849748999143,0.0139177953396736,0.0121118879862919
"593.121",0.000571758092025438,0.000387519388577614,0.000931154523391832,0.000535730324669504,0.000546590423636136,0.000791593380997963,0.000805691332137516,0.000809066080967322,0.000892344874642549,0.00114560527642721,0.00116311743609915,0.00103205325437476,0.00114431935789589,0.00135318808483466,0.00133137155064079,0.00145135571553991,0.00129005284537237,0.00161040944038704,0.00139288038697463,0.00126251956855549,0.00155485358706792,0.00220151857840861,0.00171672167545234,0.00204475768312866,0.00199834256366139,0.00221956382607145,0.00210442428003335,0.00192736822908443,0.00225184505698456,0.00245845307496419,0.0019566937901108,0.00193489970427366,0.00208670628902186,0.00209739900655197,0.00195201987176581,0.00218187971743007,0.00216604648518804,0.00248202520881352,0.00315808184248689,0.00314497023496397,0.00575963303612411,0.0323992546862032,0.0142875713130714,0.00354313631174236,0.00397022818826335,0.00497046084223183,0.00676972778550596,0.00741480458373829,0.00728215898442393,0.00582663939664706,0.00760979466882406,0.00816650048111571,0.010492707819704
"597.819",0.000629025621761529,-1.8680695057359e-05,0.000862507822009782,0.000583047749518355,0.000691479011593636,0.000656324875122452,0.000927134043644595,0.000835939560177946,0.000988370274755027,0.000970923800464199,0.0011749881735428,0.00111613168930111,0.00100562164225041,0.00115106935438732,0.00135076466090597,0.00167392071730587,0.00123943827920425,0.00166286328299821,0.00213645687070933,0.00143277126620855,0.00189845980675534,0.00188167417626489,0.00195535147917761,0.00203184211887686,0.00195062655605846,0.00136344729755426,0.00162213792756422,0.00173226748800788,0.00205331051868453,0.00199101916613958,0.00187859675751312,0.001974801447656,0.00171214993258344,0.00219127512380133,0.00214538766676413,0.00175472231175318,0.00221277712043542,0.00209523087237622,0.00264759240984368,0.00319620436411843,0.0137254982245487,0.027048922106178,0.00461621679641667,0.00315858166227744,0.00427541328339401,0.00447475578025158,0.00564680403249855,0.00676333485437969,0.0060418413455074,0.0056355457019023,0.00569939726857086,0.00169535984213157,-0.00500285629906173
"602.519",-0.000297005423239334,-9.70595993283908e-05,-2.82874807036539e-05,0.000379693412351215,0.000284307616284321,0.000174874790412869,0.000270851384384288,0.000554155841656081,0.000749631278434819,0.000699255781283715,0.000622452479080532,0.000783406828099458,0.000896604055961097,0.000714370334988109,0.000705254492285245,0.001069033766711,0.00142508177234522,0.00125821594222761,0.00121040255352257,0.00109531258684869,0.00127539615770762,0.00136939986920327,0.00135948529753386,0.00139067222079746,0.00142133322162729,0.00153918507220237,0.00174511352557523,0.00170005066710474,0.00158360436551517,0.00172069765090878,0.00151356968930299,0.00172947149198086,0.00153088406494304,0.00128279507045475,0.001388441117454,0.00169772271157897,0.00165850529753787,0.00170750409822135,0.00225765949926303,0.00423047333634904,0.0228659439827485,0.0126691084894708,0.00273100044341659,0.00272434277226427,0.00281049604971395,0.00389095572399412,0.00420168482471487,0.00469763826050587,0.0034646644957365,0.000909826058768823,0.00124262157691094,-0.00606025127137659,-0.00266695941028599
"607.221",0.000711742454066077,0.00106824913954281,0.000590951101938355,0.000778695548542733,0.000629134468812042,0.000520328729213321,0.000447210109047255,0.000578542391765627,0.000832635067390804,0.000508411079493745,0.000894999153844722,0.00094301706463747,0.00107048751337845,0.000986626304394916,0.000806749610054094,0.00120728741654315,0.000965867984802542,0.00133165821565099,0.00121493513759727,0.00104760712762103,0.00125866705052929,0.00126897191324161,0.000960785053295431,0.00157700450712283,0.0014158085980426,0.00164220110512281,0.00119313753622674,0.00124806179296639,0.00129433675528759,0.00168450634146555,0.00138417570107632,0.00164779839971483,0.00141156409012856,0.00160773120083557,0.00194181486985698,0.00180410900989918,0.00141257316120451,0.00246561182052041,0.00203176406840821,0.0127131559695562,0.0231161527703948,0.00347726311606585,0.00285145963717399,0.00317511208848238,0.003077535035727,0.00501734671321342,0.00332097331240056,0.00396603695630304,0.0042647306542018,0.00484105896904728,0.00310210550899007,0.00482268725629276,0.00568951520090292
"611.924",0.000440807443759573,0.000792824107347385,0.000430988261821067,0.000461537634885389,0.000403395986771954,0.000490610129841528,0.000761670281755918,0.000577422386745754,0.000638048403662998,0.000876373704272339,0.000672845289196787,0.000792705249527318,0.00104474843663688,0.00116503874708384,0.00112092431760058,0.00130292760212487,0.00120186923669168,0.00108804441944594,0.000897501618601062,0.00176878719212588,0.00157077618375535,0.00181829517804468,0.00140526270105383,0.00159863303846624,0.00186753240494873,0.00141242850576556,0.00154174744792039,0.00146088349929,0.00163099528719939,0.00147334234635054,0.00171516975403649,0.00165210751955913,0.00171144687059827,0.00184417946975535,0.00170605375456517,0.00218860283593213,0.00218833728055736,0.0025850941046825,0.0034260620638572,0.0232804014610324,0.0125154990488633,0.00240922169488395,0.0024946950250049,0.00321859434145591,0.00319118547735284,0.00416152297696291,0.00502870417634069,0.00488941175582654,0.00501467680858468,0.00439118259487187,0.00621812504928541,0.00283584850165267,0.0264419255483776
"616.63",-0.000109669727019113,0.000185369219954388,0.000234063079772618,0.000340476212682059,-0.000120569531348241,0.000425900117041602,0.000320669019699389,0.000326380139802489,0.000492141196716189,0.000374635394275277,0.000495423477944614,0.000541640771492571,0.000355827385169322,0.000606239078110232,0.000554779622369093,0.000612786413488401,0.000474657650275267,0.000929320057587209,0.000776053087720435,0.00101111215936528,0.00101033792326446,0.000813722254116702,0.000953675011400048,0.000748914513595631,0.00112107441467792,0.000943927330875126,0.00116436300431234,0.000785607813239847,0.00122041457396522,0.000983260455069873,0.00114446367624154,0.00118571449492764,0.000927099155592217,0.000874394891553937,0.000984406620189528,0.00144401844831514,0.00146940147301677,0.00146058933203342,0.00983760798662806,0.0234823951361798,0.00337914621632441,0.00174394471012067,0.00208101870198099,0.00237178599677099,0.00170659549765751,0.00412681296755594,0.00220382232798537,0.00246838093408765,0.00298862337197075,0.00234878735979849,-0.000309444072589942,-0.00471986853913585,-0.0222851870107223
"621.338",0.000234327627079353,-8.29862071171521e-05,0.000216261443903221,0.000521259556109898,0.000575654842858435,0.000691950576908567,0.000589577184516707,0.000565540787505671,0.000623613291184957,0.000699304975895591,0.000582610704879157,0.000831048940023321,0.000717772550486691,0.000593118347927214,0.000969066631396243,0.00119627484561154,0.000830248250257949,0.00124303197516733,0.00104025235173032,0.00132185079373786,0.00120745472732107,0.00134658388193253,0.00130926248135386,0.00121835776042378,0.00150730577615923,0.000908797271905782,0.00132412038199525,0.00121233483687987,0.00134982228230828,0.000800913898657427,0.00129467186053996,0.0011712750266216,0.00139887620258093,0.00130747144582654,0.0013338765027939,0.00129469546282859,0.00167139585422506,0.00260000785717471,0.0211253350445764,0.012971995650839,0.00232677405164861,0.00164009580218712,0.00194375476983156,0.00262715513435685,0.00272988754446597,0.00432657204500052,0.00459955103773297,0.00416086272483192,0.00284574341420235,0.00448187202085994,0.0039057526843674,-0.00197860543775156,0.00516753424825951
"626.047",0.000880852584138202,0.00103533693438205,0.000437092152491837,0.000976581258845538,0.0003708175883034,0.000688575905056488,0.000549059138224933,0.000853486290070758,0.000759379478836232,0.000933481268675604,0.000984299723462471,0.000909426243786382,0.00141366897692327,0.00135464899032696,0.00142176078145492,0.00122020182636114,0.00141476945987951,0.00159658762687623,0.00134706852207045,0.0015960258340308,0.00195450029765425,0.00142885623302275,0.00201780444623314,0.00143768079777323,0.00152174506603755,0.00166951738402947,0.00144662702536388,0.00166731269433879,0.00144219349704445,0.00130639878731517,0.00149735163226264,0.00193195466265886,0.00130419772036261,0.00170727806514294,0.0015256855151717,0.00179949318977694,0.00230125002066006,0.008878104510055,0.0237525675536202,0.00505171913202623,0.00163595500224935,0.00260951165720724,0.00277733888931405,0.00323169861168439,0.00426990773709333,0.0046073596673292,0.00507441067471328,0.00545036832118021,0.00443495591488699,0.00619350755804831,0.0102404947959791,0.0170039401295939,0.022302687716238
"630.758",-8.66516041631254e-05,-7.69457493665074e-05,0.000862833235087605,0.000531819900455323,0.000783627356329238,0.000437802457204807,0.000605494067091526,0.000488257275050892,0.00040209611525707,0.00052011083063063,0.000769431529508003,0.000663733047948082,0.000794631283539281,0.00101147180870106,0.000711729860374061,0.000998305634867959,0.000995905390492853,0.00102726321061232,0.000968955039569016,0.00112273186138107,0.000838431586696713,0.000990296745255783,0.00137766325626535,0.00104727842573569,0.00116620444346112,0.00108286931010952,0.0010866926856674,0.00111478124765978,0.00127962649542105,0.000895986999780982,0.00130311367235249,0.0010450865236573,0.000929177212738464,0.000899554813958156,0.00127046452436844,0.00167482899524246,0.00191310607178369,0.0178103024717153,0.0137661101462129,0.0017146025269955,0.00159767231721081,0.00207446669714278,0.00212753252596472,0.00257188022090407,0.00319493970977026,0.00332601839773335,0.00278714092548062,0.00437732302311119,0.0034053499520828,0.00363142456218013,0.00787666196318161,0.0141456002139802,0.00982203387214799
"635.471",-0.000164613540693931,0.000130593910791302,0.00041031048878597,0.000169686748667074,0.000462446849766667,0.000134770232143053,0.000254077344948536,0.000362420619024771,0.000505939624382871,0.000288875173704043,0.000412497647062361,0.000597326488203486,0.000644444343993216,0.00070783249362277,0.000699733873144305,0.000877042317671001,0.000929013239795771,0.00100284077381431,0.000588588960650874,0.000972098001858262,0.00104735752615173,0.000857192606375732,0.000960494202382391,0.00100792522784021,0.000671333977456484,0.000658236598715784,0.00111400371405921,0.00116673336434741,0.00100585056026854,0.000939789589763745,0.00147662797623464,0.000835193628701406,0.000746587411695456,0.00103791492720213,0.00144924051262495,0.00145443396899802,0.00562316259979227,0.0194898844344267,0.00479636720038589,0.00175485230218876,0.00143352122501727,0.00223291258237563,0.00107717672341391,0.00204854822267987,0.00266618294502541,0.00269961170442764,0.00278884872642898,0.00255972776871111,0.000868899126662827,0.00196798846589789,0.000799262626988369,-0.00201823853161862,-0.00960611799378095
"640.186",-3.55176019062262e-05,0.000184680640417219,0.000320272688741904,0.000478049498099208,0.000157931900547542,0.000509981567100988,0.000313300091869193,0.000369744175534707,0.000545896253441205,0.000570524787896393,0.000590094316116096,0.000538652812435136,0.000444586137121408,0.000476119200085349,0.000635617742944919,0.000713000511426762,0.00076157296673045,0.000826701819570117,0.00048880284377816,0.000836562302915221,0.0011166548608911,0.00114062175914016,0.000835601742075731,0.00115982337293863,0.00116444775005084,0.00082905628335438,0.00120949978210479,0.00136691550614117,0.00131068564934378,0.00104553135161673,0.00130965332088224,0.000848982395943819,0.00103018096258704,0.00119616016143034,0.00162773531374524,0.00157310184210885,0.0129759758567307,0.0128665403698211,0.00179703392060606,0.00107868204877489,0.00159489609319664,0.0018213505055668,0.00185973176761438,0.00259664124368001,0.00293113026582996,0.00252239345102966,0.00301306448667158,0.00285651200678194,0.00232411738256197,0.00267516370022601,-0.000179838107646452,0.00470119918286758,0.00280781034041411
"644.903",0.000209868871138482,0.000647593606479113,0.000655697832289044,0.000696422389171854,0.0003831305206059,0.00038937547044587,0.000575007157696825,0.000777039178957328,0.000489903531676406,0.000665534174516899,0.000679052464253714,0.000648208753762785,0.00105929067242478,0.000965171769239865,0.000697416209447237,0.00106224860034518,0.000745534743387043,0.00107650725726029,0.00123800771055102,0.00114689371122773,0.00151694631602615,0.00138228920032142,0.00156370774265751,0.000945640852281992,0.00125677926198625,0.000629272913650498,0.00105405540184178,0.00109531598501756,0.00131344361791451,0.000878235013115057,0.00118360236026638,0.0010675315015752,0.00130278326103363,0.00159047283092913,0.00154109140788358,0.0053058351349454,0.0179958611723529,0.00535507255332183,0.00105260750125762,0.00161169164007754,0.00202002827415518,0.00193490645141336,0.00208106720077175,0.00178251214514065,0.00290521840068285,0.00281221383022634,0.00293939324138821,0.00420573622538432,0.00338343949238768,0.00654083077999246,0.0069404906304001,0.00654410692768508,0.00757379182252394
"649.621",0.000239057132401074,0.00012631422500124,0.000400363993130773,0.000511096410296637,0.000168158741715266,0.000346994306684818,0.000245225865456663,0.000337632758310666,0.00024575746449788,0.000465150238687068,0.000434908897290976,0.000226872119643678,0.00063678657359792,0.000426289429720154,0.000939390456618972,0.00067746514590659,0.000691918562284153,0.000586029252522402,0.000886131535139087,0.000553938585276302,0.000515053489278591,0.00101882868811606,0.000439499647882901,0.000174934656882131,0.000809685797443574,0.000341268597374433,0.000629499987404659,0.000462659870031787,0.000805303252996617,0.000815249174766171,0.00103239727991069,0.000622025119667335,0.00106928875837348,0.00147757852634899,0.00101444979437931,0.0105404333092194,0.0124048988274586,0.00113794722910777,0.00120999612776406,0.00122318182096205,0.000889185274824224,0.00122106042228196,0.00164936512701087,0.00215518935330696,0.00148775096169665,0.0020295633493506,0.00192453504945738,0.00192715070643785,0.00176386270716531,-0.000299146693625894,0.00261604154597446,0.00249869497937682,0.00255670302299508
"654.341",0.000125529269092071,0.000513990871381729,5.76765855698675e-05,0.00017718019311142,0.000488539596720211,0.000216712414329225,0.000452923291190156,0.00040690433542176,0.000346550004169489,0.000278241005991129,0.00022528504118091,0.00021136250394789,0.000489740740464872,0.00067486387379699,0.000401895848720883,0.000669320211435788,0.000806608063639098,0.000676705500570984,0.00082432252948621,0.000887147154150153,0.000468065373908959,0.00079167478826352,0.000899921488711028,0.00112287306853413,0.000613014484033707,0.000693562237074188,0.000755487338318632,0.00070807936487914,0.000521187648138405,0.000834232829296369,0.000656706369398865,0.00100445108218431,0.000976954830857553,0.00144149866359072,0.00260636618158372,0.0157074567757196,0.00477414225547518,0.000906869364020762,0.00108424305247636,0.00113245735919041,0.000892999244350851,0.0017006716425358,0.000628146106624337,0.00179943658150174,0.00226668542915614,0.00221253348270868,0.00222840339654613,0.00154055637863304,0.00281314000788182,0.00195480239937685,-0.00135918763105797,0.0035488092469707,-0.0104232392009265
"659.063",0.000526360966536431,0.000478078275914528,0.000666062766353781,0.000254512444699585,0.00057002378880382,0.000481103810048994,7.40609244949619e-05,0.000349194025481047,0.00042711923341599,0.000328157608376811,0.000232950825945786,0.00047789930666022,0.000348926657621095,0.000899628484530145,0.000524347022544278,0.000731321077570266,0.00059728424433495,0.000841769666146927,0.000551656057426961,0.000799367332520185,0.00109466789993515,0.000739627165002429,0.000612101719265712,0.000544545906737497,0.000958360016372181,0.000805463001756609,0.000853605669053929,0.000591139867563662,0.000766278279816584,0.000770672323553233,0.000808776451077017,0.000815262894289024,0.00128807258796359,0.00173681099033975,0.00788461581297912,0.0115294545411361,0.000899850106047567,0.000817873940777986,0.00102494592323781,0.00135331844560063,0.00137083136145222,0.00185203656914764,0.00179541921956451,0.0017884713005332,0.00187421741198084,0.00196491739621188,0.00213290766040009,0.0025317114857243,0.00415282313940358,0.00515124338409379,0.00456993389399426,0.000443459209795111,0.0231951576887212
"663.787",0.000221055534151923,0.000501187066352018,0.00048319438747007,0.000887070354071428,0.000511931837927899,0.000532186773687416,0.000330088973346806,0.00027759565847138,0.000449940672324908,0.000284960192605077,0.000505891984421232,0.000408359374200152,0.000728660210228819,0.000990375114060952,0.000652354886061126,0.000565745849160527,0.000985578528319313,0.000832786017731681,0.00109694561911987,0.00127322212983404,0.000886581034155264,0.000960513945273636,0.00115318481837467,0.000726839189744888,0.00059954070142853,0.000595866234092659,0.00096490130693294,0.000830426794511326,0.000974771720425139,0.000905751362139054,0.000794470310755312,0.00113713609402263,0.00177037619381069,0.00711232499035861,0.012600355619424,0.00559456252744789,0.000960500061872184,0.00178400894468541,0.000849260038704217,0.00111277062579929,0.00109039930696456,0.00118768459633433,0.00172955387047379,0.00175976751572147,0.00283512335133392,0.00319348191632517,0.00242138360624035,0.00205881513395008,0.00439562777008495,0.00412832837899805,0.00801148352411196,0.00460314274464707,0.0136592288724552
"668.512",0.000352502662834872,0.000190465734782485,-3.74577195605468e-05,0.000443309542060754,1.80151853344467e-05,5.57471816619983e-05,0.000336575980324743,0.000165427371567391,0.000191372368803499,0.000150660241525032,0.0002164171596173,0.000559085628971272,0.000316240588557402,0.000531948015488544,0.000286885922398434,0.00041778358753261,0.000408830838429569,0.000260320505099292,0.000247315544618806,0.000293687896430354,0.00120753526158818,0.000317527302482996,0.000852760558514785,0.000754557261293962,0.000590267701849887,0.000424877395082624,0.000485835741888832,0.00071041426172279,0.000617075498226544,0.000321531305674692,0.000767979622661624,0.000611720953397835,0.00129654942414941,0.0195127914284351,0.00943600148365794,0.00092169759414072,0.000663116140822557,0.00110953532408702,0.000182687068556763,0.000409731525315554,0.00100687400144667,0.00124415976122931,0.000454570121399066,0.000983064042841047,0.00149241668675978,0.00216450121595683,0.00117089401985838,0.000508827305135658,0.00282975712203124,-0.00183338515739319,0.000313123864811649,-0.00122644216602778,0.00458009631708326
"673.238",-9.38756780260178e-06,0.000333479230680033,-0.000210950975443684,2.82970127326252e-05,0.000598129845492965,0.000309315779006891,0.000317506171146489,0.000118484454288274,0.000267874949782528,0.000450916161804953,0.000414104297387978,0.00040105914343109,0.00047399925041081,5.26077681524095e-05,0.000256661356365737,0.00056673933484856,0.000756488322181876,0.000325653090607291,0.000372979896526422,0.000238122709459341,0.000817817893096803,0.000684866243925916,0.000660205721624779,0.000574775526755468,0.000502843212124242,0.000250651299904889,0.000656528765094581,0.000527666991957177,0.000707800068553706,0.000184489513127687,0.000857746879580416,0.000890525962170145,0.00352166066917354,0.0255484501660292,0.00480134788587525,0.000474719276013532,0.000604276110807339,0.00055767015852031,0.00124806768318552,0.000882182489641766,0.000416986925583986,0.00132138533262077,0.000930408038865986,0.00107193691606288,0.00122438776310529,-6.16828045559722e-05,0.00169907301700861,0.000854194208029738,0.00105612091967502,0.000352046154346081,-0.000333932285221193,0.000466557605807134,0.00348070052818582
"677.967",0.00032904994277576,-0.000210042354163415,0.000409708517109728,0.000284892771295372,0.00010419996536075,0.000124665621041936,3.82150604103616e-05,0.000193763159385575,0.000197753419616385,4.88525501759616e-05,2.67089754765757e-05,-6.70283652074435e-06,0.000443194757184299,0.000106032130675752,0.00047211229616062,0.0004356595224686,0.000475525348975037,0.000599945883912216,2.26004012139336e-05,0.000827742240773746,0.000227922270694219,0.0006896729095688,0.000741420644536989,0.000267007255929892,0.000830712898594006,0.000375412618014529,0.000303186766498636,0.000289141135245749,0.000362892988991733,0.000591924837987438,0.000362541142797186,0.00076502848901869,0.0117335945936099,0.0157171243458806,0.00111071109661914,0.000770367578158041,0.000941355979788856,0.000410419064549157,0.000654260770593326,0.000725960272315833,0.000888592315499374,0.000725483030003712,0.000704677583098029,0.00150130345665098,0.000952391163279349,0.000867765002032511,0.000902358605978651,0.00190039285512339,-0.000188102252883014,0.0032313748574541,0.00440976467994061,0.00481247590755623,0.0232270195918907
"682.696",2.87004065059649e-05,-6.81177410421696e-05,6.86018784342968e-05,0.000151154827615584,0.000242420982388096,4.5484933724391e-05,0.000129267682223279,0.00028643525427906,0.000225506697795331,0.000204291367893824,0.000510872537971923,0.000619402046481264,0.000310233432137989,0.000261886080959469,0.000641018615314051,0.000434750035899069,0.000453665569733912,0.00079475806556557,0.000229093420502472,0.000569184619262786,0.000833006812557535,0.000363929261482717,0.000626103561946029,0.000645557377225543,0.000156205999853848,0.000594555430854297,0.000573110813842124,0.000789298839321959,0.000326162899662372,0.000692392991753507,0.000726879389222308,0.00105284295708492,0.0184615168242785,0.00551718889909042,0.00101025998698056,0.000627531496742505,0.000663842176450781,0.00105204105992591,0.00048190079660679,0.000521981847641763,0.000982541227839201,0.00106877587333923,0.000898176240608522,0.00066684259178589,0.000963555611390792,0.0013771162669753,0.00117577016891797,0.00104584356275817,0.004089096641757,0.00144493078893829,0.00445569606504509,0.00203914268188408,0.0199942908604849
"687.428",0.00018148040852559,-5.14777736159581e-05,0.000424211578446037,0.000217534924654666,6.23846481673021e-05,-2.33710746402032e-05,0.000412544754638618,0.000212217456030662,5.5218096391383e-05,0.000567647787255096,0.000486215633646388,0.000244920497466872,0.000590407283697181,0.000243520150738,0.000585845782462888,0.000476415359062305,0.000691916745595555,0.000618014346187026,0.000183006641913511,0.00039575190770046,0.000946442278159687,0.000569272744035161,0.000622763019604524,0.000944849151477458,0.000271945337859016,0.000710046759717184,0.000631748855677145,0.000438614593976049,0.000547620956142806,0.000717477494019471,0.000496754377359462,0.00432803094599641,0.0143445192885489,0.00138628033714,0.00100994694024865,0.000837754798972643,0.000765061055686914,0.000118285720580247,0.000863006887937781,0.000650588595368674,0.000939585481989973,0.00132394003326803,0.00161199849286906,0.00131464359835713,0.00175788625087634,0.00106588900413743,0.000942298833229321,0.000995039115715263,0.00238928838771816,0.00229877700119132,0.00540431939790498,0.0133064002059634,0.00272809810048094
"692.16",-0.000346115027887074,-0.000669970945517433,-7.78364144006972e-05,-0.000328748855192207,3.77514890262159e-05,4.60975935901835e-05,5.23096991815481e-05,-0.000133981691016687,-8.67139174705203e-05,0.000116298996915664,-0.000225154822599549,-0.000247333487274784,-0.000202824596857607,-0.000183975712308856,-0.000113431446941623,0.000420055386975636,-9.74892894708762e-05,0.000219035355722053,0.000184044001214912,0.000211731946310549,6.6846745581106e-05,0.000290209141104842,3.88515325366699e-05,7.58288622408314e-05,0.000100820276209196,-0.000154633375104689,9.64583417544037e-05,0.000206333478484287,0.000371378058546735,9.46944359854323e-05,0.000674774650493029,0.00742632387755957,0.00563284878335832,9.0123234839335e-05,0.000362485282211739,0.000413507701811481,1.56715428686849e-05,0.000334365476681363,0.000131704475567743,0.00025799250498184,0.000695808434231715,0.00133140536668495,-0.000401719673870311,0.000271750364884572,0.000402861113979603,0.000706511969751319,-0.00058673837097417,-0.000620728687670978,-0.000943798754372428,-0.00142468078038021,0.00133146059323114,-0.000794890935771806,-0.00477409203226427
"696.895",-0.00018416246845589,0.000665787292231283,0.000523619970370125,0.0001467973891519,0.000126708962600284,0.000128327037472545,0.000241546264983392,0.000272773593344448,3.0249267543887e-05,0.000386458555440973,6.77564733084084e-05,0.000537379357707459,0.000429071545054123,0.000130258867966542,0.000533221309766169,0.000145337516909061,0.000336148180092355,0.000330792270965462,0.000298668738201946,0.000998741738035332,0.000386470543319983,0.000402880952233653,0.000764603089491811,0.000665783166729306,0.000703736164290369,0.000486115903094749,0.000361609298811843,0.000394955763194973,0.000491949393272384,0.000794731539532588,0.00334964304748721,0.00817644937055844,0.00131847900896475,0.00111731262717608,0.000167646114531678,0.000424001723084691,0.000317805648614996,0.000838255018589708,0.000405773808232837,0.00100427444483642,0.000711138147989846,0.0010678850594192,0.000979079185869852,0.00107004511684937,0.00147460732971878,0.00281289672016552,0.000686192987489571,0.000325188883678685,-0.000113537234543553,0.00221957676192487,0.000755172869381176,0.00417730789830915,0.0139493466391346
"701.63",0.00137776861170195,0.000950359515715319,0.0006462192193077,0.000971188076027631,0.000235908458540333,0.000299947270372517,0.000536358233507943,0.000477096631258204,0.000494771270612069,0.000677094494406419,0.000850370632174044,0.000988820289741278,0.000808614822579184,0.000733117620250892,0.000732458671075486,0.000740494865335268,0.000819664152073535,0.000920618740607835,0.000748478273278851,0.00101545936533477,0.00100894707800779,0.00123472358565695,0.0012476529868428,0.00108028032187749,0.00115639646778299,0.000745925945816239,0.00134707148717622,0.00104186285401204,0.000887272257979874,0.00132658259116612,0.00718726252538495,0.00577494565665755,0.000859863722997908,0.000807359454691385,0.00104591661328096,0.00103450421075706,0.000822181056014173,0.00149867733916965,0.00131220818118237,0.00122077435464414,0.00176274795571068,0.00200372992953956,0.00176103250634203,0.00230623856870179,0.00189765258706675,0.00221847108839804,0.00385683443179766,0.00344467350070431,0.00416854889864574,0.00476050024894288,0.00976879782981548,0.0178084713771739,0.0354055203162115
"706.367",0.000781437221031203,0.000529884478358129,0.000486574394090978,0.000134992425430746,0.000453301208988746,0.000315598655641851,0.000269004726664374,0.000345372740200912,0.000465870789613095,0.000426116220762346,0.000531421451827426,0.000356131509967691,0.000416108078237897,0.000567186404333192,0.000680445162364023,0.000742507370679881,0.000522183307317573,0.000623485667594189,0.00107092136867613,0.000897214310432228,0.000943975071904387,0.000782084272965482,0.000563149163120496,0.000491859231015142,0.000325787757315103,0.000748397335875582,0.00031211324336112,0.000395655763159767,0.000310528446322505,0.0027232390416514,0.00772344695754284,0.000886590967708826,0.000680719618398385,0.000882051993201261,0.000999092445780032,0.000527075811126134,0.00101547000015918,0.000659280238233203,0.00137638639372995,0.0011662155452454,0.00144178280589676,0.000823076329290832,0.00175811345461146,0.00168447466005418,0.00240562778296994,0.00137213587847078,0.00247596896318996,0.00169633748500601,0.00204758031523487,0.00281532713469077,0.00404761196028298,0.00313889745169083,0.0305807053918599
"711.106",0.000269359798111472,-0.000143057268301472,0.000426878487880459,0.000158601034365636,0.000306990359279841,-4.23520804016157e-05,0.000281039369589824,-0.000194781156387727,-4.91172110395977e-06,0.000346066389316979,0.000385007294172131,0.000200469648454205,2.10715801571316e-05,2.05453378037589e-05,0.000501682848882166,0.000114687491778505,0.000520111786856639,0.000204409292402678,0.000507226922925961,0.000800955584384865,-7.87018398015509e-05,0.000472209830893101,0.000552198524217392,0.000331097686753907,0.000119183306599428,8.66008639882626e-05,0.000315030173766533,0.000435898181158428,0.000656674982298668,0.00561486035929777,0.00446257415916872,0.000546896330661699,0.000247863420750975,0.000318410878694594,0.00036128373647665,0.000182470385916729,0.000318414682405482,0.000709911747126812,0.000337105730961851,0.000795036738469418,0.000765636047467726,0.000702480135222909,0.000710753276538479,0.000237495275946418,-0.000597027609491273,0.000608075191550327,0.000478099848555135,0.00061045869954474,-0.0013766681007178,0.00173402121569884,0.00338009514203972,0.00927415337198685,0.0242712479692414
"715.845",-0.000444454253815509,-0.000442142287409139,6.50258916661614e-05,-0.000376068497552794,-0.000231695585927003,-0.000347368538157264,-0.000312176921978559,-5.63921622531699e-05,0.000181334112155989,-3.73841172945026e-05,2.31611734457492e-05,-0.000666098626428156,-0.000433245866968297,2.11928513990262e-05,-6.97599841773505e-05,-6.2381484810688e-05,0.000351260901225794,-0.000177374039783259,-1.70680201157414e-05,7.99328112121896e-05,-0.000211133720796819,-0.000750304998072465,0.000172228492585022,-0.000710743193099866,-0.000386595681419372,-8.05030809587103e-06,-2.99696733479832e-05,0.000339313251625517,0.00124596908305993,0.00581194190649096,0.00114085186646322,0.000439848489569623,-0.00033752839369878,-0.000154345378631546,0.000388600142527441,0.000224888062239916,0.000576494750966704,-0.000211165827739624,9.4104768809336e-05,0.00063114474707818,0.000687493567782887,-0.000143708898825269,0.00041741804801351,0.000754580581750825,-0.000213673840470367,-4.4845863813473e-05,-0.00143334654147527,0.00052511731864671,-0.000714867234219252,-0.000776042645393085,-9.71315737338324e-05,-0.00185705056836895,-0.00710289114154806
"720.586",9.11335168575034e-05,0.00013599791535783,-8.49023869475203e-06,-0.000122913721428631,5.29285081186818e-05,0.000103903565715413,0.000193185436122693,-2.03410969671264e-05,-0.000100363709564837,0.000153804386814309,0.000165750990925015,-0.000168767277177062,-9.59217912343299e-05,0.000186278946999984,0.000341587036922358,-7.07287401958967e-07,0.000432445964713309,0.000169278447846035,0.000287132731890633,-0.000759220823914769,-0.000140870603762519,-0.000256684721729182,-0.000123965755114784,-8.27101890928924e-06,0.000250168085579686,7.32901965031985e-05,0.000108088294312092,0.000448453726712812,0.00362689194050554,0.00392551509147545,0.00014911722805829,0.000177588809703866,-0.000115379222254515,0.000514239106411789,7.58907804662831e-05,0.000120258496907995,0.000253418819149239,0.00052313067010665,0.000219197263985124,0.000551373592035673,0.00027315939218408,0.000652811510275553,0.000155708929181447,0.00018095205144587,-3.59300231177771e-05,0.000253511432689084,-0.000411683241646795,-0.000436258851532311,-0.000280289541168123,-0.00183429712724699,0.00467021697873113,-0.00671115477032083,-0.00875150709579594
"725.329",0.00021548090644128,0.000412634061955134,0.000273183106275092,-8.53697904294453e-05,0.000275518320657155,-1.83478762347117e-05,-5.11332108601488e-05,-0.000138393379801245,-5.98689016517633e-05,-3.75876989923293e-05,-3.56372450112394e-05,0.000312805941533464,0.000387393943399873,-0.000348323064745802,9.19122074216663e-05,0.000518526519624049,0.000356633329640205,6.16772122125157e-05,0.000273853622480828,0.000569412713462606,0.00059659130606814,0.000460322203834698,-0.00025897488057781,0.000575017825643247,0.000983632316084892,-0.000755397339939627,0.000352785024361764,0.00108850534445286,0.00554572194755954,0.00176745007675501,0.000439035786494583,0.000734511035000917,0.00015256156063137,0.000208245003620933,0.000278518266481533,0.000497586013621974,0.000204588658324037,6.32777360434499e-05,0.000396168822618291,0.000661795222884312,0.000343298660503473,0.00131089645936972,0.000465462347135931,0.000535920705165935,0.000681753708603497,0.000927921611884617,0.000803773922652182,3.14363996938981e-05,0.00301381044565002,0.00500290069384838,0.0035033662348811,0.00408388609018336,-0.00505928388706278
"730.072",-2.10244794150156e-05,0.000635309195126863,9.12106089398911e-05,8.58909365323439e-05,0.000161740082415239,6.19501608435745e-05,0.000205873236780543,0.000290721654432437,0.000449179560273999,-2.22315352546754e-05,0.000530323465888643,2.83038437038351e-05,0.00041950753816497,-8.10148535951551e-05,2.78684198833754e-05,0.00038696648362152,0.000403130935175274,0.000258775862363147,-0.000266758621416858,0.000427324151467243,7.15680888663213e-05,1.68360164715331e-05,-5.92096264828283e-05,0.000382832891635536,0.00030876988472653,-0.000700543250122097,0.000213689887785674,0.00290240097002199,0.0038273865774479,0.000495999764545977,-0.000202879853564438,0.000521461040522529,0.000483247602256977,0.000673730906923078,0.000404322362883068,0.000508101278671932,0.000519467530544108,0.000801404025424675,0.000690002746115353,0.00036344398312901,0.00069085665834553,0.000410636894247561,0.000560414688700242,-6.29526185551546e-05,-3.83895887149505e-05,0.000258506447201396,0.000468522262939677,0.000537340343622038,0.000562614702172694,0.000900472064092745,0.00160983643201797,0.00100848748900712,0.0148361969726562
"734.817",-0.000229403401068145,0.000445358752168133,-0.000235327205828743,0.00028384066252984,-3.23804130094072e-07,0.000200428899162371,-4.70749480445396e-06,0.000206294691035569,-0.000158701068324811,-7.10794019323684e-05,8.48509402264008e-05,0.000259044152775187,0.000150938252116197,0.000390208764883903,0.000200218731071639,0.000155669936560317,-0.000105155022682647,0.000292634566192754,0.000432842981231884,0.000412129919012876,7.22074618264054e-05,0.000330644391446261,0.000541061856560569,5.72559834585117e-05,0.000116406574750301,-0.000894742875459147,0.000622042803804015,0.00442711157401807,0.00108847475456842,0.000647422266691363,0.000561635480084718,0.000145802648435759,0.000597629146433868,0.000504876062147512,2.31276305680407e-05,0.000205028719838867,0.000698931527405139,0.000695983112421858,0.000381781343716336,0.000817233403227234,0.000404050191892654,0.000340120406335567,0.00098330239123624,0.00116420249586732,0.000399130148551809,-0.000592380614426999,0.000341066366131731,0.000860458064187298,0.00020062160233311,-0.00051640339546618,0.00479744960228414,0.000360558068755889,0.00344897352894573
"739.563",0.000388781951050917,0.000562998280514296,0.000415170493513303,-7.19197002249155e-05,0.000481672803417073,0.000380190294635094,0.000362612762679193,0.000158509667419156,0.00024935044126578,0.000717903672058731,0.000177916566751521,0.000342347162599934,0.000854960515332221,0.000387069380510515,6.86929187739834e-06,0.000596079416161,0.000250481378535169,0.000183779790868459,0.000113444192436567,0.000425561676204988,0.000483270342695139,0.000599982945247696,0.00077830244157592,0.000423288400433481,0.000534881274595231,-0.00110461244041698,0.00234171436410251,0.0042213151584344,0.000382910954566291,0.000558166294444316,0.000228641000226362,0.000273041081113671,0.000701395002440614,0.000449850670268404,0.000371786309619964,0.000508958501501217,0.000468191160735585,0.000628642387258802,0.000762133500724125,0.000953597834356882,0.000362705549854505,0.000146825620473806,0.00122726607763296,0.00108345624711711,0.00119590179355534,0.000816871418564938,0.00133095660233167,0.00280412267656837,0.00180622492882965,0.00396441470697812,0.00136179682686111,0.0181159304217524,0.0116979635196481
"744.31",0.000149125919751883,0.00106258070728549,0.000128767654386032,0.000621100619705062,0.000201592206823656,0.000352396464627215,0.000352133808757795,0.000282812716367346,4.76279524375128e-06,0.000390944757804069,0.000478519863800387,0.000626536006975904,0.000664118760999786,0.000459117448909832,0.000570867143058343,-7.26735774332473e-05,5.40636905210563e-05,0.000266856376231078,0.00030159577868853,0.000852042344953628,0.000129245502417706,0.000823493956611469,0.000605267210730655,0.000638013047681443,0.000668607699557248,-0.00441827789557903,0.00387902426934152,0.00223053933039208,0.000395729026469627,0.00103835567983777,0.000820335156061463,0.000619287526059231,0.000611125873422517,0.000570225283694275,0.00103277056548168,0.000565867079920657,0.000796664400152509,0.000844561386163483,0.00106183751141366,0.00111449570541448,0.00159656693172921,0.00163288538769159,0.00194426367996101,0.00104814982953114,0.000911192921959927,0.00243924035962919,0.00131788081265876,0.000684047382320454,-0.000667057013964675,0.00348814849339078,0.0073220927337708,0.00790489981139268,0.0416248582854857
"749.058",-0.000193526147208794,0.000555686583056248,-0.00033800197140651,-0.000244401091152429,0.00040747886002548,0.000187674397031952,-5.14651519745179e-06,0.000153263404814146,3.33026973316258e-05,0.000186205982856808,-2.55363535060281e-05,0.000386981233789848,0.000155913014070562,-9.12783764702144e-05,0.000140001768175542,-0.000154575540933008,-0.000427748176042565,-0.000253551698590841,-2.45375887425253e-07,0.000624177307160847,-0.000196023345939306,0.000253678123039634,1.70938490001471e-05,0.000627140373629403,0.000232141379035342,-0.0158940860331277,0.00258106114640464,0.000106370504364789,0.000153525807361313,-9.13158642178919e-05,0.000105413602868035,0.000150599189612349,0.000624829957435268,0.000155104552305781,0.000452142577358154,0.000486562191426508,-7.31834841902537e-05,0.000824549880248835,0.000636652945093756,0.000313658191466546,0.000428857892105068,0.00011229166193523,9.62243061911139e-05,0.000625554619237906,0.000676068515083117,0.000766100681065835,0.000595950885685647,0.00230400145399759,-0.000631417903934549,-0.00265547161574873,0.0015723956225362,-0.000778416576709079,-0.03543338246743
"753.808",0.000700471046460747,0.000986567164283784,0.000688989711578092,0.000274156557890518,0.000515528368033587,0.00015821949737812,0.000491810235735723,0.000564679225272911,0.000147200895613095,0.000344853621825921,0.000543752378441234,0.000463278881479658,0.000293805128788777,0.000449303270585235,0.000625378732726931,1.51900705376957e-05,0.000412306384907118,0.000582486068959116,0.000538385303840193,0.000983470813166888,0.000465498524311435,0.000749835356639334,0.000266623548557958,0.00040599148173446,0.0011451409143035,-0.0256569811872644,0.00192575137274654,0.000297510037203547,0.000407030857849985,0.000736000034052714,0.000499107191561974,0.000314884986874862,0.000776812178189745,0.000721779249801299,0.000758252360875051,0.000688029799083791,0.000663141073406355,0.000918341019260185,0.000505015963602095,0.00178755116297662,0.00170312793888373,0.000603393476783494,0.000666814406437125,0.00204392736452904,0.00114876229576616,0.00156559551794649,0.00332343709140907,0.00181357798405557,0.00359481435312302,0.00365316280829829,0.00800279542820944,0.0123650785004162,0.0135101322320941
"758.558",-0.000133629750931708,7.97294569668108e-05,0.000458103610153321,0.000270250787137681,3.63627961532368e-05,0.000194479723235058,0.000389366770550907,-2.21816797360165e-05,0.000520047339086171,0.000268882342483296,0.000312311424096421,0.000363332638308285,0.000137626739401011,-3.92208432051844e-05,3.8054382803553e-05,0.000387986718817398,0.000475359435736445,0.000380780496424823,0.000334275076645254,-0.000186599064894055,0.000222062261407257,-0.000391096859589824,9.90400209427177e-05,0.000404322566436977,0.00207700001963263,-0.0198281646616262,0.000158624718823667,-0.000167869962943764,0.000494640847232821,0.000276098544043646,0.000359578175651465,0.000523874421024813,0.000166030707047567,-9.08766837415644e-06,5.79881839884516e-05,0.000230541934518389,0.000459666302672593,0.000487646074957191,0.000177462111603854,0.000583313599630454,0.000818208795337335,0.000587358178999365,0.000895856966773281,0.00129831256257942,0.00103341294390648,0.001358684442727,0.000252176395884162,0.000988643415894238,0.00187020447947096,0.00090587660961777,-0.000500891818633134,0.00517406817705986,0.00596494041057967
"763.31",-6.82510212688367e-05,-0.000131920870362321,0.000348088745163613,-0.00040560835846304,0.000364028079103279,0.000170780714039278,-1.68822583843504e-07,0.0002521932861804,-0.00029607562748454,-0.000239739690367436,0.000391357421152045,0.000101632221918076,0.000106531110622422,-0.000193682206843089,0.000492240528946441,0.000147235774857356,-4.18143869690978e-05,0.000370773492054988,0.000170613650232527,0.000590456380787726,-0.000207537365156029,0.000194033053717613,0.000387605900814137,0.000976840608318035,0.00331247785824853,-0.00672493160042053,5.65683396536388e-05,0.000268159086766536,-0.000179256566404614,0.000112264450827287,0.000119528781735001,0.000590144858771764,0.000193047007246863,0.00038629923038115,0.000222335756692154,0.00116700446797121,0.000669215964110769,0.000750949634378798,0.00054505013420874,0.00036668227995884,0.00072339025463302,0.000905789525791739,0.000766028969650045,-0.000239134603376265,0.000118582338052996,0.000596935937867622,-0.000318463554019877,0.0013577097101222,0.000530249421257253,-0.00163540505974057,-0.000630002636306594,0.00466746657048495,0.018250298172262
"768.062",0.000447845300019985,0.000112675307774612,0.000166843714026884,-2.61182109318546e-05,0.000488149585923088,-4.84158639732366e-05,8.3277848659734e-05,3.64090389553005e-05,0.000227101373330737,0.000132796480700202,0.000677332873026412,0.000509554712898663,0.000366582667877294,0.000227566003667341,2.35899666501715e-05,0.000376861747024205,8.33871588333656e-05,0.000567747997223812,0.000258332233541554,0.000697444669328907,0.000696991811122027,0.00034585639775677,0.000587770376973953,0.00113664574441521,0.00374956220677676,-2.14012042330292e-06,0.000667247390045701,0.00038618029629567,0.000681528104749575,0.000251609521536396,0.000635851038508406,0.000233477831922408,0.000178629159365578,0.000423520347288881,0.000346138168772501,0.00132493321500979,0.000579661497180944,0.00129129215273075,0.00034599825596355,0.000636220712985764,0.000607741520931355,0.000121448783435939,0.000416252591674163,0.00157751956308861,0.00104444508073368,0.00127976945326401,0.000930540173519545,0.00242916277739275,0.00372572575984622,0.00294124625357244,0.00559408807830796,0.00705724319992344,0.030762812192322
"772.815",0.000137835792140052,0.000490949949764485,0.000637654519085728,0.00107850760578242,0.00065994292750641,0.000669933996454136,0.000187253961423671,0.000413995719683687,0.000410836647059018,0.000439312499262825,0.000555980554544738,0.000214483203758016,0.000932067145265298,0.000576671407251259,0.00119915183677242,0.000892462881719808,0.00077136423564212,0.00078395640749993,0.00106984779335511,0.000717083642020002,0.000765778716161765,0.00045765806500479,0.00139681416492133,0.00339579871825842,0.00199403821868737,0.000232668228347878,0.00102913363738696,0.000812344672613867,0.000680801469391671,0.000941204637878262,0.000563009830800118,0.000852786242357117,0.000634189078515555,0.000714755405090008,0.000933351207869817,0.000839538215950478,0.000414727024323075,0.000572770761958552,0.00100355955200982,0.00158320147936636,0.00123872316122366,0.00194909410029957,0.00120413811891989,0.00147258440331816,0.00246818238917421,0.00238761525636654,0.000200445824338229,0.00249156123502258,0.00309369246795156,0.00506336201676076,0.00658418811631921,0.0113904052563219,0.0146237924626462
"777.57",-0.000140534968554869,-6.28652997416271e-05,0.000103337391938076,-0.000408481681879246,-0.000252913252588044,-0.000528696220749462,-0.000307884128715957,-7.90756234759717e-05,-0.000194461416518497,-6.76634446066316e-05,7.51756781658739e-05,-0.000251861825972999,-0.000153187371927236,-0.000464099935367819,0.000217629570250539,-0.000120413207376314,-0.000271045195033111,-0.000240062587100163,-0.00024378560866066,-0.000443547232374377,-0.000183078817420686,-0.00083068074130869,0.00150594787813907,0.00192254107263225,-0.000247130013553416,-0.00014530750705298,-6.73861468456656e-05,-0.000436043674024694,-0.00060313011692215,8.2543913169458e-05,0.000147693567544443,-0.000115283764802181,-0.000133735116417812,5.88296522085988e-05,-0.000115038190424506,-0.000102758252234567,3.93431897340462e-05,0.000302666625315491,0.000341531010526564,0.00014136811394424,8.7731447870533e-05,0.000479552796536279,-0.000623330135083117,-0.000244645576960851,0.00057294477088279,-0.00029568069835995,0.000826708811649073,-0.000430813611430005,-0.000967489200817848,-0.00142433885036603,-0.000416861713173147,-0.00156646698831267,-0.00049289637237744
"782.325",0.000415738837101279,0.000636275119256718,0.000354930936143847,0.000378529174941657,-0.00029514383911987,0.000322084181672406,0.000113087133449607,0.000160954504717391,-0.000303737549008672,-3.08430932503081e-05,0.000270492178186018,0.000527441829389505,0.000353025168488091,0.000268853490363068,0.000180151154266485,0.00055220351019958,0.000447138650404427,0.00027148776521725,0.000435437690291846,0.000167190053576045,-3.12840621973625e-05,0.000201419174377561,0.0032438611949045,0.00104642229036579,0.000382458851053716,0.000683272120648755,0.000264581296931532,0.000450743267350102,0.000195589609056951,0.000117712761952006,0.000433332027065877,0.000274932479096478,0.000513786916961964,0.000284095617532968,0.000465648619424016,0.000567280963615138,0.000399875511277746,0.000859280009377344,0.000850509761260909,0.000898071117096483,0.000808354263365115,0.000584303285496629,0.000478016547452723,0.000496772849098512,0.000623710860149654,0.00099937557027537,0.000481194432844592,0.00138483833620675,0.00375941875989464,0.00109954336015898,0.00289817791281237,0.00925025383264232,0.0142178690509934
"787.081",0.000586211986690179,0.000119565728811831,-1.27908804754075e-07,-8.34328484402066e-05,-4.02152625825372e-05,0.000389244818539382,4.42992313655828e-05,-0.000155587387715976,-2.23929152685633e-05,-2.62893073486889e-05,-0.000249481467213069,-0.000321574678531224,0.000132817779651987,-2.47195372532212e-07,8.27073440823665e-06,0.000382965062447254,0.000123304778772375,0.000269040227908668,0,-0.000140427548613309,0.000412702033514064,0.00143556800187615,0.00297376278307943,0.000123887483551901,-0.000493957188181266,-2.71307843657108e-05,-0.000298354810298889,-8.76244905427773e-05,0.000104461028336533,0.000267536484558897,0.000188167950067014,0.000307606530989218,0.00104727120062336,0.000415670152908852,-0.000156538292808259,-4.92121947709168e-05,-0.00012392589690419,-0.000218704201694019,-0.00025314664700291,-0.000209299764029178,0.000619607313600945,0.00051494962464608,0.000109931792187902,0.000272547237938658,-0.000705212575249148,5.04332764255621e-05,0.000583933168031313,0.00153293889153836,0.000894612695125165,0.00165735787633498,-0.0034047091755225,-0.00282267159066076,-0.0165786771729553
"791.838",-0.00137706537747027,-0.000848548259129655,-0.000442446445185629,-0.00086928070169177,-0.00104499772019863,-0.000249875518271763,-0.000127178792898718,-0.000130836001723416,2.68745787963155e-05,-0.000327003840792809,-0.000890541770679483,-0.000211506454410813,-0.000566421917653221,-0.00065588856903605,-0.000914501641831752,-0.000632800971080481,-0.000706428079196043,-0.000602893966676166,-0.000823304289185146,-0.00118140993923738,-0.000329173623145675,0.00170647644365897,0.000329879801036786,-0.000452511829917463,-0.00084012524583691,-0.000532756473245702,-0.0001575899467932,-0.000724582076306932,-0.000785184675224957,-0.00019005405304073,-0.000624358951341638,-1.75570623228494e-05,-0.000692702557740301,0.000194145016809091,-0.00100216382104117,-8.79661308511819e-05,-0.000462742410697305,-0.000392268857447358,-0.000517874105267444,-0.000762782156420665,-0.000909733898904198,-0.00100159600650234,-0.000760670206681268,-0.000455870453587434,-0.00177127835787725,-0.00259262802053224,-0.00185185378912563,-0.00336714122839741,-0.00220184034094227,-0.00327342834409142,-0.0102065002460293,-0.0208324274139475,-0.0612400084636067
"796.596",-0.000794206059849032,-0.000742496776364495,-0.000711026069488437,-0.000301364764657726,-0.000544081951669137,-0.000261745045628474,2.26373121225048e-05,-0.000522189129807793,-0.00017790061387019,-0.000397666201725684,-0.000362663465436512,-0.000903973864286194,-0.000468623996082198,-0.000510013124252243,-0.000828996955908999,-0.000440460111278208,-0.000305465528918187,-0.000226676742294447,7.26630757965162e-05,-0.000415502336893651,0.00073824210703253,0.0020822664548041,-0.00016318648496589,-0.000784327734554608,-0.000604416039178741,-0.00043388598493147,-0.000303418453294457,-5.33735885705656e-05,-0.000701967773335324,-0.000413156532910077,-0.000270137755132171,-0.000601570116181305,-0.000202888237455662,7.18007869524529e-05,-0.000683328665276009,-4.95284404882735e-05,-1.02246488002238e-05,0.000221866374754984,-7.02154563068539e-05,-0.000425884493163392,-0.000147486249906042,-0.000320561783391772,-0.000530538181889252,-0.000686132326055097,-0.000825137036683034,-0.000679626961023656,-0.0027025980184185,-0.00175512131299827,-0.00243328980417747,0.00176169064256232,-0.00735711984798402,-0.00405825944864449,-0.0229632014881354
"801.355",0.000396825939887731,-0.000372762519263461,-0.000146945113570918,-0.000357553348226251,-6.9858212649447e-05,-0.000238727148241922,0.000165589543727522,-0.000110575930521824,0.000149110865637008,-2.80051798662476e-05,-0.00013128693871707,-0.000178384375292762,-0.000497630486598107,3.82925172846009e-05,-0.000361369602342106,-0.000475901734880665,-0.000294414402778398,0.000187377721739934,6.24329090375443e-05,6.54045292939655e-05,0.00177770553403574,0.000762513409735562,5.236623750956e-05,0.000194781769717287,-0.000320737113377576,0.000116512778300338,0.000184924664770381,7.68236384362201e-05,-0.00026080851127577,-0.000197474483642048,-0.000203170183708117,7.50794869374773e-05,0.000456448060051389,8.56318071119359e-05,0.000339583449774846,0.000477876696477614,0.000261732301735411,0.000401930850653674,-0.000182011862131032,0.000151086275330121,0.000127164484138099,0.000276338432263643,0.000194746426318511,-3.16893141433703e-05,0.000394000291110813,-6.80304812176338e-05,0.000215608922251064,0.0013426978445379,0.00314673174521802,0.00265077187409989,0.000387011023789911,-0.00407351992202819,-0.0158834967525737
"806.114",0.00109281819719526,-1.85825759525874e-07,0.000328755442655385,0.000227296220941961,-0.00024587893149607,0.00034817585809957,0.000301496189172219,0.000251107201021941,0.000162951362129796,0.000528809648019557,0.000287504149308877,0.000326535376516748,0.000240713363757944,0.000667599437862048,0.000147049064774183,0.000124156217459824,0.000310101940638406,0.000586826374313275,0.000570787181029476,0.00100622972445742,0.00199084716611516,0.000329888568337828,0.000295962456098528,6.74877914599019e-05,0.000208304773275976,1.49898551460566e-05,0.000445923846713826,-6.95375808786974e-05,0.000690081810867015,0.00042424488129505,0.000232843846757557,0.000533839411896356,0.000958327394276531,0.000606166490709976,0.00054116236239428,0.000263817784724268,0.000721344587452677,0.000478091108441019,0.000796674659389387,0.000582847941942662,0.000717498658351821,0.000150287758920259,0.000861450044414562,0.000431399734813388,0.00217557457873517,0.00117068347788093,0.00148808541640734,0.00170511101668944,0.00293077763597428,0.00181421154061374,0.00532041391765283,0.0225132810110764,0.0128007807595202
"810.875",-0.000771724717606211,8.61455021157066e-05,-6.05766883623214e-05,0.000301039825098394,-6.30646505690779e-05,1.95107398956726e-05,-3.89313080090127e-05,2.98413732032685e-05,5.78868782959313e-05,-0.000292997167409365,0.000187877888015743,-0.0002077361876188,0.000147912438820742,-2.28222178231486e-05,0.000339261228394958,-5.86131736294029e-05,0.000341353027446129,-4.98128874662211e-05,-7.2319790644697e-05,0.00181483919522971,0.00121309179850553,0.000191808317024661,0.000339832952935979,-1.70179548204729e-05,-8.03323117193956e-06,0.000295918575354146,-2.15109302826309e-07,0.000245306436414464,0.000191594819962531,0.000174029405356807,-0.000158032002472763,-0.000150476022207625,0.000129129557550276,0.000240867324813778,0.00029877490442062,0.000230111905983338,2.64280899825329e-05,0.00020078963588155,0.00029260367263641,-3.27699852811141e-05,0.000207952194549921,0.00050249468166984,-0.000209546664508667,0.000416322608637665,-0.000487644839192822,-0.000836549623258419,5.18643214105568e-05,-0.000824465639196543,-0.00113333388178717,-0.00171056557624377,0.00223413040037224,-0.00871826244078331,-0.0013452384231516
"815.635",0.000256830904021847,0.000324983236102369,-0.000242675967837796,1.57155560123981e-05,-7.05257792625565e-05,-5.84373852291671e-05,-0.000287021513111256,-1.28424431118019e-05,-3.88299236110728e-05,0.000343138546119595,-0.000244644943125212,-0.000118752790911488,-3.89214440569127e-05,-0.000288710968769821,-0.000346955994517191,-0.000329543299373772,-0.000171252176530135,-0.000505599620086515,0.000406569747722279,0.00163441700444643,-0.000374287029045996,-0.000376201893594095,-0.000183612667437808,-0.000101920005694339,-0.00013697065102483,0.000171132038108413,-0.000262108693084337,-0.000269116208018582,5.30439547965009e-05,0.000454390608282139,0.000105171455629478,0.000165366814036822,0.000212815426285438,-0.000388955648842279,0.000266342980275082,-0.000401674857883032,-9.08324506039284e-05,-0.000278196400644564,0.000211331077981915,-0.000141418953458378,-0.00110121342888987,-0.000127215226777714,2.67397328944089e-05,-3.27370547315057e-05,-3.86372754263366e-05,-0.000430358168422872,-4.94920794108121e-06,0.000720535493344794,0.000166358540540757,-0.00347651306361151,-0.0023520911883024,-0.00980075631911041,-0.000439635673191127
"820.397",3.21312877836021e-05,0.000468643835589032,-0.000328643073058881,-7.98308043559474e-06,0.000210562636535743,0.000264931137018521,0.000170449036981847,0.000289230466336804,0.000187450884767154,0.000292964087773684,0.000494814644325719,0.000475645269460905,0.000490035109513889,0.000303657518693599,0.00047954709126557,0.000395568291626269,-0.000341193613130324,8.13689106531843e-05,0.00142038860155766,0.00111868880483999,0.000297174123528829,0.000253598485311012,0.000444679509387632,-0.000101690566192845,0.000433575174581029,-0.00025771702820813,0.000215481272912852,-0.000429834028456102,6.84639758945369e-05,0.00040928024869941,0.000526310179906436,0.000526666077726687,0.000319545920103507,0.000341890355689454,0.000298920737657014,1.71853841041682e-05,0.000108292839382126,0.00034421537032799,0.000383439308533608,2.17756651792115e-05,0.000289355039211397,0.00043936582913732,0.000403134308655673,0.000720818890516443,0.00110656275646531,0.00103586162898271,0.0015973455269273,-0.000166933040589967,-0.000882231001256016,-0.000115034536974724,-0.000181608323221743,0.00692189626079132,0.0127902481980889
"825.159",0.000353781701384189,0.000583204575780563,-0.000225588495270283,0.000511639862319642,-0.000259693028305266,-0.00014206144414162,-0.000136238817291142,0.00032744697719487,0.000139306031920722,0.000348445173335282,6.26440248063548e-05,0.000178136919364976,-8.58763213769771e-05,7.52692735355334e-05,-1.49755037028394e-05,-4.3772917472109e-05,-0.000178750547775896,0.000183877119739229,0.0016865471846485,0.000318982958507574,4.64009407146067e-05,2.59871514391626e-05,-0.000514710308693358,5.9256922536327e-05,0.000585899534662693,-0.000203045846308566,0.000246185061104624,0.000306851552760416,0.000237166909107717,0.000538343602337362,0.000278140323753352,0.00021056617526656,-9.15329389809262e-05,0.000263915240457494,0.000589464854105339,0.000204624718969076,0.000153015801547732,0.000229471586599106,0.000514230061084789,-4.38789842424125e-05,0.0003814934524143,0.000565054196967797,0.000610508256592767,0.00038297640240143,0.000730432648093148,-0.000206790941001462,0.00224863628515677,0.000885006570270172,0.0020944101140889,0.00145942764297552,0.00195007936140277,-0.0117631430556999,0.00350523625391881
