"","500","495","490","485","480","475","470","465","460","455","450","445","440","435","430","425","420","415","410","405","400","395","390","385","380","375","370","365","360","355","350","345","340","335","330","325","320","315","310","305","300","295","290","285","280","275","270","265","260","255","250","245","240"
"248.336",0,0,0,0,0,0,0,0,0,0,0,0,0,0,0,0,0,0,0,0,0,0,0,0,0,0,0,0,0,0,0,0,0,0,0,0,0,0,0,0,0,0,0,0,0,0,0,0,0,0,0,0,0
"252.814",0,0,0,0,0,0,0,0,0,0,0,0,0,0,0,0,0,0,0,0,0,0,0,0,0,0,0,0,0,0,0,0,0,0,0,0,0,0,0,0,0,0,0,0,0,0,0,0,0,0,0,0.0168317444236685,0.00311180004472035
"257.296",0,0,0,0,0,0,0,0,0,0,0,0,0,0,0,0,0,0,0,0,0,0,0,0,0,0,0,0,0,0,0,0,0,0,0,0,0,0,0,0,0,0,0,0,0,0,0,0,0,0,-0.0420528259535173,-0.0110567805197018,-0.0950329124668956
"261.781",0,0,0,0,0,0,0,0,0,0,0,0,0,0,0,0,0,0,0,0,0,0,0,0,0,0,0,0,0,0,0,0,0,0,0,0,0,0,0,0,0,0,0,0,0,0,0,0,0,0.00758667282728909,-0.00202754973327721,-0.0137541061527123,-0.0961166182410128
"266.271",0,0,0,0,0,0,0,0,0,0,0,0,0,0,0,0,0,0,0,0,0,0,0,0,0,0,0,0,0,0,0,0,0,0,0,0,0,0,0,0,0,0,0,0,0,0,0,0,0.00914934753958274,0.0117824793779339,0.00975730187903341,0.0149149872771697,0.0534568689353644
"270.764",0,0,0,0,0,0,0,0,0,0,0,0,0,0,0,0,0,0,0,0,0,0,0,0,0,0,0,0,0,0,0,0,0,0,0,0,0,0,0,0,0,0,0,0,0,0,0,0.0609117662025764,0.00917795682432312,-0.00654340582093693,0.00579357824405324,0.0190478004951494,-0.0623422546227985
"275.26",0,0,0,0,0,0,0,0,0,0,0,0,0,0,0,0,0,0,0,0,0,0,0,0,0,0,0,0,0,0,0,0,0,0,0,0,0,0,0,0,0,0,0,0,0,0,0.124335635807088,0.00237408062274802,0.00149498483075469,-0.00197891271122405,0.00908493083595985,-0.0118684261866376,0.0127158858396054
"279.76",0,0,0,0,0,0,0,0,0,0,0,0,0,0,0,0,0,0,0,0,0,0,0,0,0,0,0,0,0,0,0,0,0,0,0,0,0,0,0,0,0,0,0,0,0,0.060541954268849,0.00962368851934409,-0.00115279126403521,0.000250287485482573,0.00360122008158298,0.00956030723434631,0.0183354613585553,-0.00615182968790009
"284.264",0,0,0,0,0,0,0,0,0,0,0,0,0,0,0,0,0,0,0,0,0,0,0,0,0,0,0,0,0,0,0,0,0,0,0,0,0,0,0,0,0,0,0,0,0,0.00546073244328865,-0.00238682873755899,-0.00273488640652022,-0.00145276947200457,0.002429369446661,-0.0113547491129724,-0.0334324034694832,-0.0549648283691293
"288.772",0,0,0,0,0,0,0,0,0,0,0,0,0,0,0,0,0,0,0,0,0,0,0,0,0,0,0,0,0,0,0,0,0,0,0,0,0,0,0,0,0,0,0,0,0.00711150858344262,0.00230636621336092,0.00323005662704948,0.005211761431515,0.00600003864907489,0.00611530129077467,-0.00310638236237605,0.00245365055285706,0.0175085832555192
"293.283",0,0,0,0,0,0,0,0,0,0,0,0,0,0,0,0,0,0,0,0,0,0,0,0,0,0,0,0,0,0,0,0,0,0,0,0,0,0,0,0,0,0,0,0.00411590039123594,0.00511010544921579,0.00227177163042783,0.00469840877398406,0.00118279346108019,0.00132953292571072,-0.00839240876165702,-0.00260189403137492,-0.00733010791170426,-0.00805279000109588
"297.797",0,0,0,0,0,0,0,0,0,0,0,0,0,0,0,0,0,0,0,0,0,0,0,0,0,0,0,0,0,0,0,0,0,0,0,0,0,0,0,0,0,0,0.00434037521467612,0.000390551785390922,0.00194663392606315,0.00690520689122501,0.00479427349949924,0.000773223078148977,-0.000842297262973135,-0.00493613788453276,-0.00981714039233744,-0.00222566773225224,-0.0438533813546685
"302.315",0,0,0,0,0,0,0,0,0,0,0,0,0,0,0,0,0,0,0,0,0,0,0,0,0,0,0,0,0,0,0,0,0,0,0,0,0,0,0,0,0,0.0144434003947559,0.000378612611940027,0.00136444776266233,0.00682550406391969,0.00452832861123695,0.00981143506774745,0.00514900989642265,0.00157183969770575,0.00314441901955951,-6.76039250809418e-05,-0.00166894122182359,-0.0056857708112505
"306.837",0,0,0,0,0,0,0,0,0,0,0,0,0,0,0,0,0,0,0,0,0,0,0,0,0,0,0,0,0,0,0,0,0,0,0,0,0,0,0,0,0.0348728116320336,4.62830899829042e-05,-0.000839707669271873,0.00283060115768099,0.00522002374242628,0.00639822321420447,0.00771638381930534,0.00343966669631039,0.000210032413066205,-0.00143025211156355,-0.00599571465017053,-0.00721711943050042,0.00724423021871235
"311.362",0,0,0,0,0,0,0,0,0,0,0,0,0,0,0,0,0,0,0,0,0,0,0,0,0,0,0,0,0,0,0,0,0,0,0,0,0,0,0,0.0344584926259018,0.0012474579040189,0.000437197571443986,0.00216636381029619,0.000721243938320321,0.00531499303160599,0.00822533830664871,0.00752387127768223,0.00471140309447421,-0.000223040029921726,-0.000511646238445882,-0.00417148296291848,-0.0199912657993762,-0.00282024657882196
"315.89",0,0,0,0,0,0,0,0,0,0,0,0,0,0,0,0,0,0,0,0,0,0,0,0,0,0,0,0,0,0,0,0,0,0,0,0,0,0,0.0192820757675141,0.00224909139746545,0.000150607969820384,-9.66549772979941e-05,0.00141253316006357,7.79961037716825e-06,0.00672022158396615,0.0050019329225305,0.00548743517271399,0.00542889276691851,0.00221459479278288,0.00168196605082873,0.00136505540412477,0.00606364183956082,-0.00193894269624448
"320.422",0,0,0,0,0,0,0,0,0,0,0,0,0,0,0,0,0,0,0,0,0,0,0,0,0,0,0,0,0,0,0,0,0,0,0,0,0,-0.00066151078712906,0.00133430313526715,-7.50800623149153e-05,0.0007709815660597,0.000412785470308919,0.00141841095043604,0.00327752863240047,0.00565939783786885,0.0058587034090709,0.00876180879679164,0.00548124130901912,0.0026531632263779,0.00283348322847472,0.00126800771219245,-0.00418364607470953,-0.00109597450430598
"324.958",0,0,0,0,0,0,0,0,0,0,0,0,0,0,0,0,0,0,0,0,0,0,0,0,0,0,0,0,0,0,0,0,0,0,0,0,0.000249334347901309,-0.000452042469448494,0.00170369995893015,0.000877493977834942,0.00151975871854055,0.00112868468881419,0.00338043092555404,0.00488898299082942,0.00379668220295447,0.00791242548088067,0.0078110861215026,0.00776296476066507,0.00632125067836184,0.00739001223881172,0.00641867536459747,0.0115424486458826,0.0133861048570278
"329.496",0,0,0,0,0,0,0,0,0,0,0,0,0,0,0,0,0,0,0,0,0,0,0,0,0,0,0,0,0,0,0,0,0,0,0,-0.00184132252135061,-0.00116792095431072,-0.00109493690227621,-0.000569418075311308,-0.000721574863066765,-0.00146346283161489,-0.000443726918808646,-0.0006980605404283,0.00295553537117392,0.00355799441198793,0.00364023682938093,0.00496263475852785,0.0037456786565916,-0.0023970825412287,-0.000292006866394388,0.00182916278038611,-0.0244002752254964,-0.0269405665075517
"334.038",0,0,0,0,0,0,0,0,0,0,0,0,0,0,0,0,0,0,0,0,0,0,0,0,0,0,0,0,0,0,0,0,0,0,-0.00110554827587817,-0.000211991574055825,-0.000540286102901215,-0.000785250097503415,-0.00123278956251981,-0.000538391195798474,-0.0031512774121952,0.00147746830909543,0.00256981013364877,0.0030001178648704,0.00137650587775666,0.00609876543095922,0.00440262284095077,0.00345562864402336,0.000453782894561224,0.00243701068927253,-0.0155027511944918,-0.021915584083737,-0.0356129019453267
"338.584",0,0,0,0,0,0,0,0,0,0,0,0,0,0,0,0,0,0,0,0,0,0,0,0,0,0,0,0,0,0,0,0,0,-0.000615783535258707,-0.00238206016329873,0.00022813565178584,0.00103854571672989,6.8586727487871e-05,0.000444301682147406,0.00121273780511248,0.00084516096353926,0.000677279873154732,0.00301428705773719,0.0047644920174075,0.00544067514952102,0.00630040351806445,0.00787064341729568,0.0060933965528236,-0.00143416901671415,0.00875513718253794,-0.00106677107325198,0.0013868261787422,-0.0222798376981439
"343.133",0,0,0,0,0,0,0,0,0,0,0,0,0,0,0,0,0,0,0,0,0,0,0,0,0,0,0,0,0,0,0,0,-0.000672631296322113,-0.00133135374218246,0.000123792318873073,0.000126251737268818,-4.33772973630498e-05,-1.03413582811032e-05,-0.000125117246957004,0.00048871129143932,0.000375605271130786,0.000559987578078866,0.00367637744855563,0.004825524737493,0.00610038514723505,0.00239287258220907,0.00509232854469353,0.00577446005409134,0.00302468234451365,-0.00107127822196688,-0.0004389485838074,-0.00609871973168531,-0.034205707794073
"347.685",0,0,0,0,0,0,0,0,0,0,0,0,0,0,0,0,0,0,0,0,0,0,0,0,0,0,0,0,0,0,0,0,0.00814034878594916,-0.000213350211169264,0.000557734339233814,0.000478032669951041,0.000685871479789718,0.00141962786108204,0.00103448109787002,1.9878551111463e-05,0.00272118343622521,0.00163344934971992,0.00331279827542813,0.00508780479748924,0.00471488421318521,0.00613588915034017,0.00507669820149879,0.0053488289940432,0.00619285265133874,0.00204989930176702,0.00723194315582799,0.00842036102503946,0.0112781286437811
"352.24",0,0,0,0,0,0,0,0,0,0,0,0,0,0,0,0,0,0,0,0,0,0,0,0,0,0,0,0,0,0,0,0.0140069688231803,0.000156006173294266,-0.000515103741536307,-0.000499446590718886,-0.000874497237382121,-0.000462995345721452,0.000507685314709391,-0.000639441156805434,-0.00125117153338277,3.80784322349254e-06,-0.00100843932654322,0.00195112926369796,0.00184931070810426,0.00324538792873098,0.00349971584678135,0.00386766331188879,0.00109089577545614,0.000462139422683821,-0.00336616658024175,-0.0120809982180714,-0.0042738802105039,-0.0641771390185895
"356.799",0,0,0,0,0,0,0,0,0,0,0,0,0,0,0,0,0,0,0,0,0,0,0,0,0,0,0,0,0,0,0.0237135494973148,-0.000596876168762184,0.000782654195295556,0.000647389651187531,0.000425621032155626,0.000441569270954395,-0.00021030674933499,-0.000761310485050168,0.00125520714000953,0.000370676088323728,0.00125596467890967,0.00111260577650206,0.00199286935158158,0.00503711634092685,0.00446581117824175,0.00559478162444619,0.0055858613982724,0.00377736749793842,0.00640741901330765,0.00284101504652733,0.00596795982586321,-0.00484865417066401,-0.0056894881958145
"361.361",0,0,0,0,0,0,0,0,0,0,0,0,0,0,0,0,0,0,0,0,0,0,0,0,0,0,0,0,0,0.0772218455124424,0.000563332998328798,-0.000268184523944493,-6.94553452930922e-06,-0.00054461547405856,0.000314702699308653,0.000225431069158601,0.000191686042530559,-0.000590653083957629,-0.000126016348382108,-0.00028219442307776,0.000235551432774649,0.000730693548861279,0.00161394181242565,0.00394297631788422,0.00394118184533413,0.0019397050183884,0.00439884813330944,0.00111126171669463,-6.23993645506374e-05,0.00203437324754329,-4.72749328206349e-05,0.0101714969779416,0.00683594627631464
"365.926",0,0,0,0,0,0,0,0,0,0,0,0,0,0,0,0,0,0,0,0,0,0,0,0,0,0,0,0,0.12794499941199,0.00518018885405625,0.000785670423799723,-0.000748344608693241,0.000231039102208105,-0.000380337728481963,0.000409764249516179,-0.000311847065158993,0.000540723190176409,-9.20617524559804e-05,-0.00046633214764156,0.000728086782716864,0.000432627690948179,0.00119701389227518,0.00288153209863947,0.0032758357364184,0.00238611490647393,0.00245709386696858,0.0036062092999823,0.00498019607190792,-0.000775064412285193,0.000460522840238085,0.000357557680311243,-0.00335717076710569,0.00110205400463961
"370.495",0,0,0,0,0,0,0,0,0,0,0,0,0,0,0,0,0,0,0,0,0,0,0,0,0,0,0,0.0817741043283027,0.015781465618996,0.000248851176410216,-2.36891376661124e-05,-0.000382747354186902,-0.000272634769649131,-0.000151804661251151,-4.51114519132018e-05,-0.000420804398467256,0.000659651040637841,0.000640422630947803,0.000105897774516581,0.000433864485604906,-7.48416573127259e-05,0.000851170216206152,0.0019801148726476,0.00174304197784397,0.00255152838186406,0.00227881079928478,0.0057498015239436,0.001429303730227,0.000115241536669386,-0.00159472067002057,-0.00123162838762495,-0.00956745243238692,-0.0261437708347942
"375.067",0,0,0,0,0,0,0,0,0,0,0,0,0,0,0,0,0,0,0,0,0,0,0,0,0,0,0.0307500643253678,0.00956611925306511,0.000170158775671557,0.00072583570951192,-0.000192126630943913,0.000187801898589783,-6.52390908103401e-06,0.000866487216840878,-0.000617515060717028,0.000461136912868275,0.000198136411963142,0.000424313615673732,0.000770342678109048,5.4201132238336e-05,-0.000414796794904982,0.000444595898297135,0.00255790054735085,0.00193869159211532,0.00046858082108618,0.00236597862531097,0.00235022962962388,0.000320090786156791,0.00258143979402499,-0.00256858558358592,-0.00225710362446381,0.00410300438852329,-0.00139177592614445
"379.641",0,0,0,0,0,0,0,0,0,0,0,0,0,0,0,0,0,0,0,0,0,0,0,0,0,0.00985712037907149,-0.00151774469743933,-0.000645914029857257,-0.000136159199627034,-0.000447473538690952,-8.34302845925915e-05,-0.000285891220624002,-0.000894385371275112,-0.00132020925940103,-0.000393288955768505,-0.000505213911461314,-0.000612222575500866,-0.00026335550924112,-0.000116800758472238,-0.000925456679138893,0.000818192377647286,-0.000402748481936697,0.00100098937766558,-0.000119201028577542,0.00143786845462918,0.00373906361130322,0.00241037045806258,-0.00190866525938795,-0.00237805457997491,-0.00461326244847701,-0.0102281932607175,-0.0244667441641127,-0.0677624052234487
"384.219",0,0,0,0,0,0,0,0,0,0,0,0,0,0,0,0,0,0,0,0,0,0,0,0,-0.0012246997753067,-0.0027476262570971,2.59723682268596e-05,-3.35426104389504e-05,0.000265641795647972,0.000124511375521216,0.00027996874753361,-0.000437565612449689,-0.00026281551367438,0.000339535545898675,-0.000268816969630395,0.00117025690031606,0.000395460855583949,0.000712633104974775,0.00026229438360716,0.00162751180616586,-0.000737888815095298,-0.000129850572998073,0.00158897088923865,0.00198361046891705,0.00152780917462416,0.00123562222916578,0.00242830079128158,0.0019783687518042,-0.00213533253547391,0.00021125147731582,0.000834426047025388,-0.00315854125388333,0.0157857488846233
"388.801",0,0,0,0,0,0,0,0,0,0,0,0,0,0,0,0,0,0,0,0,0,0,0,-0.000911821112952182,-0.00459892187304844,0.000517236433016827,8.61465844741302e-05,0.000116599096474879,3.83141267572456e-05,-0.000115666838415279,-0.000441085665572978,0.000442928039738298,0.00165769022989595,-5.8767919821668e-05,0.000435458106789927,0.000214718071100505,3.17450587493011e-05,0.000354171217212306,0.000317867317343979,0.000901418198576441,-0.000294288137564268,0.0024425821060538,0.0010494818380555,0.001419708608539,0.00259290378585077,0.00262412159667416,0.00111927020116583,0.00144417975753118,-0.000979048367234867,0.00187292538584524,-0.00257627183606647,-0.00698458007901985,-0.00250526465005309
"393.385",0,0,0,0,0,0,0,0,0,0,0,0,0,0,0,0,0,0,0,0,0,0,-0.00133581652200743,-0.0158507501574512,-0.000286926301830165,-0.000430592082482997,-0.000642350810316507,-0.000335252275401893,5.58155056868646e-05,-0.000119614581668424,-0.000476824878222377,0.000918151752763732,0.000441731936248982,2.33147704221358e-05,-0.000113368637421296,-0.000249195054155138,-0.000103899665428754,0.00030317125419395,-0.000434579435785635,-0.000234797363562786,0.000290732324972802,0.000298112359316314,0.000763115618343323,0.00181447919549378,0.0021098327798417,0.00192474634047004,0.000802441370486434,-0.000367871335217753,-0.00176735890456674,-0.00329194046245516,0.000748806072448795,-0.0203063735145577,-0.0409542174760784
"397.972",0,0,0,0,0,0,0,0,0,0,0,0,0,0,0,0,0,0,0,0,0,-0.000980398375703961,-0.00962402292619513,1.41114763366028e-06,0.000254982255035599,-6.07115792129968e-05,0.000421300109841057,-0.000140097083095011,0.000247303150586927,0.000936112441010072,-0.000791040864504919,0.000156626202898254,-0.000208032049193988,0.000900840851434505,-0.000342191973882629,0.000883911091841299,2.90419168412518e-05,0.000671972968506731,0.000148652358962414,-0.000162701275925829,0.000851293091962694,0.000921808594665374,0.00148950649915202,0.00202588226694186,0.00184002295857472,0.00175522827924812,0.00204503492705828,0.00433246918198795,0.00140551518472727,0.00138203552525942,0.00733461932190739,-9.10888025554973e-05,0.018875503626247
"402.562",0,0,0,0,0,0,0,0,0,0,0,0,0,0,0,0,0,0,0,0,-0.00118284973036153,-0.00117602177463361,4.22566252813441e-05,0.000336185039919022,0.000319440268001178,0.000337155094749956,-0.000215514480770837,0.000458463883231108,0.000970475258471295,0.000119101961800552,-0.000551592390058211,0.000801998575473282,0.000434419672772786,0.000229685499765724,0.000276835363288461,-0.000349897277787707,0.000204788609749778,0.000270680626560937,0.00055006922975565,0.000914354818867172,0.00129828442602575,0.00117616130133212,0.00127214031252558,0.00179951539544414,0.00187744280140019,0.0025450200231262,0.000747251293302527,0.00143800677343111,0.000771548241972331,0.0024103942809928,0.0031736042644227,0.00891877111339737,-0.000265487234092733
"407.156",0,0,0,0,0,0,0,0,0,0,0,0,0,0,0,0,0,0,0,-0.00130565475275846,-0.00306195067590107,7.89662424544929e-05,0.000165010152514826,0.000112114254572346,3.22331369173481e-05,0.000548499821460358,0.000331597101528866,0.000559071041793957,8.98712813357169e-06,0.000889530555135312,0.000428987019701552,0.000720665688429358,0.000292328198113197,0.000121150243096943,-9.51555313063405e-05,0.000520596564139691,0.000553723151090762,7.15682365283656e-05,0.000441545335014995,0.000992879673724027,0.000639059683752775,0.00133807773589994,0.00170658394251773,0.00176742963254481,0.00121916327611617,0.00270419360917014,0.00167139644023902,-0.000414480500022665,0.00220263469025069,0.00352710587255735,0.00560615403660896,0.0100623565472151,0.00294350139825804
"411.752",0,0,0,0,0,0,0,0,0,0,0,0,0,0,0,0,0,0,0.00119639921780501,-0.00662227984562611,5.71297890417464e-05,0.000377653034805463,-0.000582009432884129,7.15048174102137e-05,0.000320913439061488,0.000311500933907452,-1.1399989592909e-05,0.000654437887672256,0.000423794640704085,0.00089660075965653,0.000344057718143664,0.00048932760235926,0.000903192304358453,-7.36952760874354e-05,-0.0001848969964872,0.000300708619724374,0.000706686203264813,0.000607774234209319,0.000229345778318081,-0.000468941991506038,0.000745015260809678,0.0011454402974874,0.000881278048240064,0.00110787695158412,0.000988102179625723,0.00053084506815799,0.00280171267691202,0.00188291713628974,0.00221316695344783,0.00293250289646876,0.00906397431751585,-0.00788737071548611,0.046665910602877
"416.352",0,0,0,0,0,0,0,0,0,0,0,0,0,0,0,0,0,0,-0.00460278622095606,-0.000661271353566939,-1.66203810324241e-05,-1.31978496808074e-05,-0.000196589803036588,-0.000322141791275375,-9.21801164106067e-05,-0.000374390673180077,-8.54124150154005e-06,-0.000407798740074503,-0.000590252077265874,-0.00010429514259319,-5.13561004115526e-05,9.88241739179473e-05,0.000686819409952182,2.2422273785341e-05,0.000632127346942345,-0.000204514119522291,-0.000412870087024333,-7.9439112077825e-05,0.000371036128142805,0.000112202539650725,0.000682265027875424,0.000613922806898041,0.000406008977392598,0.00135692082847973,0.000495442179706144,-5.09588501241519e-05,0.000837817345833309,0.000689727787718006,-0.00051177578404022,-0.00455934228073319,0.00468922675313653,-0.0124491292492875,-0.0342678429044581
"420.954",0,0,0,0,0,0,0,0,0,0,0,0,0,0,0,0,0,-0.00483531671676579,-8.38947551779507e-05,0.000178826465396876,0.000108117957106059,0.000621664530943195,0.000525991079402347,-0.000149556028155948,0.000388630350421814,0.000627295794849776,0.0002068562948223,-0.000544951588429744,-2.96167374534279e-05,9.23536911518036e-05,0.000202766050245886,0.000268228828312336,0.00110232909823862,0.000612428851681067,7.60855915984092e-05,0.000854758163725605,0.000906602643921541,0.000379173716973182,0.000824180941176793,0.000683936989179007,0.000230140984393253,-0.000364040655740593,0.00118323132663186,0.000809414290036279,0.000973502728564787,0.000634542006700623,0.0015557635122573,0.000497960489349687,0.00417995447590283,0.0044931710113004,0.00298994657510234,0.00894461100578727,-0.0234200902121498
"425.56",0,0,0,0,0,0,0,0,0,0,0,0,0,0,0,0,-4.69989679053873e-05,-0.00186277942578198,0.000574329655622356,0.000346736897536429,-0.000290979912779494,0.000693887831075577,0.000637112745949767,0.000186397306160541,-8.9951947392346e-05,0.000844847219125228,0.000450036075020935,-0.000251023671233769,0.00123906947002074,0.000792343763277533,0.000566745907806839,0.000439160173721469,0.000903468959224458,0.000360962729650622,0.000513114169963369,0.000294205131867847,0.000956789539560039,0.000218978992508877,0.000689859608114675,0.000601939705105819,0.000447101911756394,0.00115223170687738,0.00139793897660199,0.00127080868985735,0.00147340369166645,0.00172526639548394,0.00244917699645899,0.00139678519919211,0.00325356682453252,0.000291185825295633,4.79360782089586e-05,0.00822162913254552,-0.013160949614174
"430.168",0,0,0,0,0,0,0,0,0,0,0,0,0,0,0,-0.00125311782304299,-0.00223751909130204,9.5426922143402e-05,-0.000283229909540561,0.000232655168898055,-3.33271935845205e-05,-0.000322032543786559,3.369440427486e-05,0.000385111262782103,-0.000359552627129792,-0.000550406976988209,0.00035717596792896,0.000244496058491752,0.000663638672750375,0.00026257993708823,0.000516817228824934,0.000116740484369168,0.000536992084586627,0.000321352959243548,0.000191395299338423,0.000635739104072486,0.000250999103104822,0.000294729377417166,-0.000208180374209256,-8.5604479999727e-05,0.000523494356553549,0.00165446060120773,0.0010800353137823,2.78028567160657e-05,-0.000354130395651533,-4.80744281398339e-05,0.00155414664530963,0.000170344712959289,0.00157273074943282,-0.000209438213045629,0.00170451729223721,0.00103818083846033,0.0158413509040546
"434.779",0,0,0,0,0,0,0,0,0,0,0,0,0,0,0.00314129845945954,-0.00184283937119537,2.67470259607923e-05,-6.39717642632195e-05,0.000229640876827448,5.64944734110073e-06,-0.000458395693525022,0.000115575557487214,-0.000147344336941898,-2.70793834427482e-05,-0.000954148749763149,-0.000580221867090502,0.000254752983400891,4.64361470132288e-05,0.0005184320998403,-7.78164093186151e-05,6.77777881400278e-06,0.000210515858408988,0.000717899954877263,0.000507014211386048,0.000426609564676491,0.000340824125262214,0.000522881239954452,0.00148985347229932,4.48001579771871e-05,0.000926898563018008,0.000305107736542673,0.000278012778942704,0.000644182897230531,0.000577993494201632,0.000310451001710278,0.00114880902253378,0.00109851449730005,0.00153807987876808,0.00231108665335997,0.00125621941635345,-0.000728614945126245,0.00304609826306742,-0.0143004240598957
"439.393",0,0,0,0,0,0,0,0,0,0,0,0,0,0.00752115138971465,-0.00130349955459295,-0.000269909079534474,-0.000155512574157353,0.000206335357199706,0.00022783167254221,0.000601769387360615,0.000131558379215229,0.000846602586542301,0.000454691080276722,0.000554458203440321,-0.000165714188181877,-0.000120532289202203,0.000593901288391081,-0.000120372385009871,0.000364216663848185,0.00104489904888881,0.000364449688494882,0.000551349693444342,0.000713083993497237,-0.000196010285535166,5.71682477587543e-06,0.000885638971906174,0.000799231947436256,0.000638776850948994,0.00106796579371118,0.00123366567482088,0.000411341415707445,0.000536155180888421,0.00105702042820375,0.00100419009370877,0.00162657817963149,0.000535156263728723,0.00198841629095188,0.00112016964909027,0.00398584880185925,0.00203354551922587,0.00177343280571952,0.00740170136691047,0.0103398589480287
"444.01",0,0,0,0,0,0,0,0,0,0,0,0,0.0185101665021168,-0.000141625481164052,9.53121561568472e-06,-7.12960038257383e-05,7.61903184145387e-05,5.44526066693027e-05,-0.000340999823699374,-5.17970376379935e-05,-0.00022167004008006,0.000318241886319827,-0.000222667713361324,-0.000365877331063344,-0.000444372677680275,0.000145355795089443,-3.3313753841756e-05,-3.24915549427425e-05,0.000109248563191383,0.000264915262841475,-3.94310341724526e-05,0.000191345796462722,0.000409650104975693,0.00023572254253061,0.000336586974936492,0.000370386227421088,-5.81087313608689e-05,-0.000131659018703094,4.47304915280576e-05,0.000203800649142233,0.000205492048302554,0.000710541058690372,0.000263462048152797,0.000600480597228428,0.000228418664816666,0.000206534177892926,-0.000500826575032293,-0.000370706188944692,-0.00154451065926348,-0.00230080319923665,-0.00186204467475367,0.00154726506788514,-0.0279512809037281
"448.63",0,0,0,0,0,0,0,0,0,0,0,0.0145887320291523,-0.000194381857833791,-5.93792634662944e-05,0.000351720491362906,0.000247361966609584,0.000207424665658614,0.000152348334094404,0.000893362888374997,0.000613080660884632,0.000305563915586884,0.000349033325630009,-0.00023093994203633,0.000269496184532893,0.000787320677264502,0.000756227144032268,0.000639673535376187,0.000654049206584058,0.00127741650199385,0.000412300383830944,0.000761286404481711,0.000663436508270163,0.000448018282641122,0.000707577107869783,0.000249437306996349,0.000380915404936673,0.000495488142133906,0.000639419626957705,8.47140570659852e-05,0.000222424522598832,0.000609071541508638,0.000811572593583748,0.000663823466695548,0.0011034838184206,0.000788677026000634,0.00232913308395948,0.00217519699650655,0.00138403073770588,0.000208592965524543,0.00350446973345407,0.00239461581370962,0.00828716184834232,0.024508993638133
"453.253",0,0,0,0,0,0,0,0,0,0,0.00249787672377327,-0.00278787479714089,-0.000352575664878236,-0.000131535021617503,-1.66365877075044e-05,-0.0003141251228857,8.98652218687e-05,-0.000124092846285331,-0.000161634340687625,5.37290901977531e-05,-0.000395124545035756,-0.000394462774583885,0.000381060756866849,0.000183981679696958,-0.000146575825115953,-0.000203095689555127,-1.16071343358244e-06,-0.000229436136980763,5.27569622881105e-05,0.000196711477028414,-0.000165034578152549,0.000282752386306423,0.000337347745758562,-6.41437022886517e-05,0.000599411201828078,0.00040168621502585,9.60521262177833e-05,-0.000108148538970775,2.40469053202682e-05,0.000187966446599781,-0.000224804115148421,0.000179568690381686,0.00015999620816347,0.000726364674469514,-0.000131360488282892,0.000133461721621448,0.000374893947986524,-0.000685589979872942,0.000705230467236024,0.000554790472246729,-0.000682993585652866,-0.00129519959681819,-0.00616555004247718
"457.878",0,0,0,0,0,0,0,0,0,0.00047403846782218,-0.00411825556959508,-0.00019799736026385,-0.000377065741418976,-0.000211449146519598,-0.000197726593597313,4.12557107533558e-05,-0.000755513176390221,-3.44816833095097e-05,5.91826647780515e-05,-8.78457231400257e-05,-2.65901201908832e-05,-0.000269856628072176,-0.000536690381119451,4.52685657273645e-05,-0.000695655904675597,1.38207418860863e-05,0.000165161578215468,0.000247954880861977,8.24311468329969e-05,0.000150026756171964,0.000257695008096356,0.000398259989949619,0.00014726022018134,7.39766611973138e-05,-9.81289087354734e-06,0.000188890415129307,-0.000383481647711412,0.000419671862350974,2.37714271083111e-05,0.00062136659153155,0.000642314489429577,9.19831203074458e-05,4.94548927578251e-05,0.000295256162316865,-0.000351104232350886,0.000951624409117284,-0.000427927236891773,0.00200067736234278,-0.00119613270638466,0.000841504007430299,-0.00169126246300006,-0.00738122724990133,0.00986955702517356
"462.506",0,0,0,0,0,0,0,0,-0.000895362334720762,-0.00469482720074958,0.000185097865216778,0.000292257414946957,-0.000138964440291109,-3.93228254925875e-05,9.83365298361141e-05,-0.000180177814942372,0.000556111526151307,0.000268155641467796,-2.8171723395207e-05,1.23333110462901e-05,0.000166918571078947,7.61234207828365e-05,0.000596431076897015,0.000409676484773519,0.000264163808169264,0.000234147029362981,2.12153544515271e-05,-2.32974096854798e-05,0.000298505131739051,0.000659104536133042,0.000424024505270148,0.000336368391320398,0.000576063806523153,0.000209829790625551,0.00026606588909457,0.000220704778911101,0.00020009979489164,0.000575032129870931,0.000870427272840998,0.000574132063913518,0.000738621255359462,0.000862512176899257,0.000198645345128412,0.00158698122592224,0.00145989816847701,0.000833967910121344,0.000870513602146112,-0.000225103331814231,-0.00102248773630053,0.00134778806031561,0.00241074624475434,0.00370496563426799,-0.0270753751976356
"467.137",0,0,0,0,0,0,0,-0.00103968218165779,-0.00360564099816503,-0.000683991485520767,-0.000382450771399937,-0.000573647868472648,-0.000263319500757296,-0.000374161707048015,-0.000483906684812333,-0.00029697798218567,-0.000366695555111479,-0.000206283747712161,-0.000427569509579073,-0.000974419419151901,-0.00028210448016884,-0.000104518102292832,4.81286912374734e-05,-0.000107187915587652,-0.000302236029573868,-0.000188641438763198,-0.000297115111886529,-0.000406984890879188,-0.000229210691351973,8.65837327206987e-07,-0.000181659866061768,-0.000224974520700143,-0.000258030205800266,-6.93965394861678e-05,0.000146135658894034,-0.000290820711650487,4.15424355591472e-05,-4.91500472490562e-05,-0.000228014008306014,-2.5010980264922e-05,-0.00062801294286836,-0.000198346866331206,-8.45829738794113e-05,-0.000280230978296309,0.000575848925794289,-0.000737596174045964,-0.00122696848449265,-0.000854149532903678,-0.00141274314930807,0.00217292076948039,-0.00703057369404503,-0.00993993578818884,0.00541590648685106
"471.771",0,0,0,0,0,0,0.00192087115680284,0.000542560857314495,0.000535047660668943,0.000177485392366564,0.000247388241298741,0.000464725565743174,0.000398807051515922,0.000439263306415208,0.000701869387613838,0.00075221437489588,0.000316363098860979,0.00039317436349912,0.000821461079667069,0.000757325955869848,0.000952745410616254,0.000547512210862742,0.00070541443241763,0.000248973917707113,0.000749673633121882,0.000631218552853681,0.000454441025316258,0.000688284928583608,0.000372979233378804,0.000493501895733939,0.000695605149107309,0.00100459104940301,0.000390390034258431,0.000784950944721492,0.000901226248747348,0.000900778034396464,0.000911327172865936,0.000188977997933301,0.000814598414944709,0.0011308166209135,0.000802162094136903,0.000834845380630835,0.00080555023890515,0.000761137686873223,0.00169915993949693,0.00167771689607127,0.0042175466059191,0.00326143588938076,0.00295955025481092,0.00378190662915532,0.00459347193054257,0.0139410148265684,0.0518393577766823
"476.407",0,0,0,0,0,-0.068974776886781,-0.00212093570471196,-0.00026382634684854,0.000342581667186176,8.68315799747528e-05,0.000318539408446423,0.000237348160785559,0.000485937699722987,0.000178186565342027,0.000201447241291335,0.000207178500224764,-3.85223787216968e-05,0.000843667743145292,0.000468326109359238,0.000141871410775513,7.26918404770744e-05,0.000322253911849297,0.000189091774326572,0.000295813027412344,0.000700184876253948,0.000465357396975336,0.000386696004246887,0.00026925068598624,0.000590079244827564,0.000397557131444229,-8.64583649940248e-05,0.000378255770100577,0.000157405885083752,0.000449061326655889,0.000628385165559355,-0.00010012154245979,0.000324076196404473,0.000488673086580517,0.00090717702482871,0.000294419091533214,0.000578515148699878,0.000674893931639429,0.00131724396318903,0.000438061286898171,0.000515706869957118,0.00117755486535098,0.000101956830581857,0.00184155463578369,0.00167151235916346,0.0018135266510956,-0.00208348967630829,0.0142258485177209,0.00392248875820861
"481.047",0,0,0,0,0,-0.0252787096137787,-0.000285807029470303,2.80917707657456e-05,-0.000202812010271903,0.000188872366650146,-0.00015582167375975,0.000138230938591233,-8.49759612798389e-06,-0.000459653379047272,-0.000175244377650171,8.84095954856354e-05,-0.000123616157026937,-0.000268323219276091,-0.00102685892561088,-3.08298142001392e-05,0.000296688283638541,0.000197321419221534,0.000106124088996531,-0.000257344273793187,-0.000236539095359088,-0.000170615085901421,-8.8040381249232e-07,-3.70031224989505e-05,-0.000327000041094462,0.000216106083538578,-7.76811506738011e-06,0.000120419957037637,0.000120809205921254,0.000123415137959956,0.000396448496427616,-0.000204381354516291,-0.000692882393766646,-0.000192601994632197,0.000330555600277708,-0.000330313431992417,0.000291600464700853,-9.96078220101932e-05,-4.26235031096012e-05,-0.000623227211344165,-0.000213584555358132,0.00100172201292437,0.000537550734073826,-0.000311550734674181,-0.00190462085582799,-7.78363882074935e-05,-0.00347021844891115,0.00338482115529673,-0.00494341259555386
"485.688",0,0,0,0,-0.0126799595320815,-0.000579955391534088,9.3925221923048e-05,-2.66797379026113e-06,-2.07508988320346e-06,0.00030682166590943,-0.000120365503009637,0.000181045861424244,-0.000200373856627271,-1.51973560125716e-05,-1.50948894484331e-05,0.000682539959350894,0.00037627917928499,-0.000381306464184883,-0.000670024244850947,0.000381402031430527,0.00021907228144395,0.000528781395808944,-0.000174341692987706,0.000231531586577364,0.000196742863478976,-0.0002152596700038,0.000261890149688893,0.000188541061548909,0.000523067771104518,2.2256077490684e-05,0.000177571600178718,-0.000242794230108546,3.45186833469828e-05,0.000300747638816907,0.000404725762083986,0.00076531031470675,-4.39752917058155e-05,0.000442297980677149,0.000446179042497334,0.000601118950952513,0.000709376588536986,0.000127462792487545,0.000668691096719458,8.87455992190922e-05,0.000319023504624961,0.000725714487157741,0.000718104494932717,0.000839963853248599,-0.00206676472913127,0.00336422733962522,-0.00118778353437885,0.00360851207396537,-0.00194651186118244
"490.333",0,0,0,-0.0227013659912613,-0.00160166549119082,0.000137822441581502,-3.43302464829206e-05,0.000199769827231999,-5.17925198967625e-05,0.000254294804943488,0.00053263589029703,0.000139593521547665,0.000478430323778429,0.000358206491893314,-1.39497297074298e-06,0.000204507279298436,0.000382540627728297,0.000359987241705568,0.00031738099714697,-0.00026131580369722,0.000926195706864726,0.000306508791775612,0.000222588264875295,0.000368545014359986,0.000471136800646898,0.000272849861030537,0.00069309823685317,0.000334710136679857,0.000283611827798876,9.41542366077793e-05,0.000584653275611902,0.000335076553571428,0.000504042748016078,0.000160984725502539,0.000927083232238407,0.000369922297779089,0.000118575464290369,0.00081596171182055,0.000399252521620525,0.000827862255520699,0.00061233931495363,0.000771388629460965,0.000472167014525879,0.000362437902370965,0.000586432304481996,0.0013684456094626,0.00210875488709335,0.00155835631659581,0.00198730438386615,0.00053345786179323,0.00702320392472133,0.0155891823157447,0.0325716239257499
"494.979",0,0,-0.0189774874220709,-0.00210426927449735,-0.000242664611376267,-6.97647013200517e-05,-0.00020904915861142,-9.44634562321621e-05,-0.00028402824420194,0.000328231129555699,0.000123117624983699,9.66825775871517e-05,-0.000104594708652398,-5.84762979993365e-05,-0.000167152208363706,9.65543247318651e-06,-0.000240587674060103,1.75966501398308e-05,0.000294495688915414,0.000159870302400779,-6.25098613692635e-05,-1.71582368508902e-05,-7.47353525722288e-05,0.000288002032565082,-0.000244240131018536,0.00038340152264334,0.000276618047507924,0.000472801120027585,-0.000116737501297992,-5.68822533660808e-05,-0.000121724185818492,6.71605993644918e-06,0.000345048549923815,0.000146232494251214,0.000205903714238805,-0.000163980718432028,0.000212784334175972,0.000316038652598471,-0.000357792378722868,4.83637381905929e-05,-0.000266281684730632,7.8302594291829e-06,0.000722832357342445,-0.00048769640745224,0.000408430576464356,0.00115417192610726,-0.000438505532959383,0.000154954823758335,0.000396032388676853,0.000256155268551975,-0.00434963187439991,-0.00652595428304681,-0.0156128480645431
"499.629",0,0.00264331615988633,-0.00261519668152483,-8.62667780565382e-05,-0.000299283414742262,-0.000256745983849781,-0.000257964212520342,-0.000266016231265193,-0.000251186894109247,-0.000383259374001978,-0.000467010535539908,-0.000295127610026807,-0.000484878896793905,4.70799482738221e-05,3.1458157788232e-05,-0.000108024502555475,-0.000345323010324711,-0.000164532969734239,-0.000262310670212173,-0.000713706925324054,-0.000149969621456533,-0.000140456926477758,-0.000247158014484853,-0.000304068929811615,-8.38781473224821e-05,-0.000103844071896581,-3.68925584287112e-05,-3.66482695719145e-05,-0.000203043454010209,-0.000178556092434721,3.50277588839439e-05,-0.000745825830574273,-0.000338681129529178,-0.000184745455775931,-0.000329060646549539,-0.000758656622808291,0.000169432468728028,-0.000498584592006025,-0.000545948613877442,0.00014058441890137,4.08844290778151e-05,-0.000334438863640271,-0.00124866755240961,-1.66327213824676e-05,0.000123333578836832,-0.000532289075769487,-0.000384798000161344,0.000619468478019762,-0.00308815147647577,-0.00345300016346013,-0.00705901407658543,-0.00739175902058203,-0.0229487950435991
"504.281",-0.000725597397696398,0.000370622729965683,-3.26764786373114e-06,0.000167708747411648,5.16748771592707e-05,-0.000153465791160794,8.60851708662763e-05,0.000174774427760594,0.000393448163548437,4.10424229124446e-05,2.30669490441708e-05,0.000167453561155303,0.000167129658714803,-0.000319503999678689,-4.45931382664841e-05,0.000240576644287361,0.000259119278581048,-0.000124786018308483,-0.00011884168409997,-3.64087797143401e-05,-0.000132958726531692,0.000131757094834661,0.000345091715285444,9.53685164582301e-05,0.000621115175845547,0.000109640887036664,0.000173859737973787,0.000101090704389633,0.00023896968762545,0.000437999405017895,-7.85236731228315e-05,-0.000128242950333367,0.000394265737168732,-1.57934355879534e-05,8.3342499018801e-05,0.000337094151204274,-2.65289323811144e-05,0.000260945963210898,0.000426574672914528,-2.07662827732833e-06,0.000555968912668661,0.000804875175252832,1.08558666020225e-05,4.38648060417175e-05,0.00148746564836831,0.000212694587274524,0.000460447356485608,0.00124109698492312,0.00174139123832692,0.00413040744516681,-0.00351487441664111,0.00282589679297512,-0.0140921676253473
"508.936",-0.00184755740426519,-1.95320992364778e-05,3.88835578694998e-05,-0.000138459886529087,-0.000237785052275971,0.000198972401290214,-3.27219902667303e-05,-0.000108863811061546,0.000125177397999921,0.000125732032385356,0.000352077507833567,0.000145805627544921,0.000572021738425229,0.000827950939645812,8.26772650069571e-05,-2.09666526468279e-05,0.000347985337242793,-0.000192054677458745,0.000183952045725066,0.000274270408793316,0.000436571128374338,0.000303300435123689,0.000433870227805796,-0.000111882254804413,0.000662889920503456,4.3012263472035e-05,0.000107968001596176,0.000288445224134321,-8.67607022141789e-05,0.000535495400788627,0.000148119007123294,0.000565371583058898,-7.25535223401646e-05,6.47650212196775e-06,0.000439919548690122,-0.000234047659645162,5.00258180236427e-05,0.000781638286743045,0.000500972641157074,0.000546898354544963,0.000291489557745403,0.00024574094783652,-2.82729515522346e-05,0.000781303635181739,0.0016914731124729,0.00180085398810272,0.000738021644214164,0.000307980652228593,0.00188977069628174,-0.000788392189494669,-0.00311328241091913,0.00702893100879545,-0.00999370756776575
"513.593",-0.00012306449224259,7.81455516406801e-05,0.000208271271398266,2.18457008311453e-05,-0.000118874921450707,0.000324283871781129,7.61010322599061e-05,-4.87349006002689e-05,-8.18314110755574e-05,-0.000142932291029016,0.000250513363722278,-9.58708091290303e-06,-7.96494428989018e-05,0.000362549212680967,0.000344117400862612,0.000237183179960274,0.000390258186616613,0.000265618077521168,-0.000167258148103843,0.000237890725507277,0.000599100719880743,2.40393285926906e-05,-0.000244745041823703,0.000339350006847136,0.000269509167904116,-0.000190044364454967,-0.000209104852673622,-5.78323949632471e-05,0.000365496954415472,0.000319637122950293,-3.10268823774441e-07,-0.000211220117000524,3.46972249262922e-05,-2.99315548908104e-05,0.000135338828136412,-7.33817646668335e-05,0.000395732640943071,0.000106211644437739,0.000186717980076538,0.000180029581398319,0.000517607741300905,0.00016187501719469,0.000167316490411441,0.000641775276365705,0.000752943412822599,0.00117946733842171,0.00172158269038224,0.000490555499166914,0.0035962042004137,0.00119163632149921,0.000173057835280183,-0.00401842912757262,0.0471583738723768
"518.252",0.000485411704570399,0.000371744766919387,9.55075197655066e-05,-0.000174528841521633,0.000129140892747769,8.23523116063368e-05,6.2608390735657e-05,0.000160874950169716,3.47570713450807e-05,0.000165779790924929,0.000329313346168224,0.000210135354790841,6.19786641423738e-05,0.000167428246233845,-3.81278351614626e-05,3.92483380147444e-05,0.000164362665345599,0.000112883218095189,0.000157027840321069,0.000104518004247606,0.000457807909920335,0.000429617334741135,0.000185835174435727,0.000541985211751708,0.000305265331745234,0.000107975972325571,-5.79392135652199e-05,-4.32647199619839e-05,0.000449244831122161,0.000734538664318388,0.000545149499541706,-7.73170137916518e-05,0.000444620582346257,0.000346449634832717,0.000548152638189681,0.000752187830008739,0.000393668193998113,0.000835673760842732,0.000589744893753768,0.00110369958953712,0.000395961076130418,0.000861763583520665,0.000347418650473532,0.00081705851976837,0.00127219215545175,0.00201184916544626,0.000149666553845644,0.00018216948207403,0.00526922997886139,0.000213945044150565,0.0046753771972861,0.000938350938146081,0.0103980182614682
"522.914",-0.00158734030237045,-0.00134509761388413,-0.00102432329181523,-0.000932868897209357,-0.000389637401280443,-0.00108089513289864,-0.000688558751402796,-0.000346988669145051,-0.000293773518960288,-0.000858450518983086,-0.00060191543896137,-0.000716174041880659,-0.000568773196069067,-0.000561701786133949,-0.000621350668909434,-0.000839507778273671,-0.000653082287933123,-0.000783428811828474,-0.000627922564164979,-0.00052458630027495,-0.000852109770385101,-0.000727490366220883,-0.000838497388427114,-0.000579514252291875,-0.00044552288662326,-0.000534102632429536,-0.00047717038145565,-0.000610953158576414,-0.000596068012184983,-0.000490727122051634,-0.000779006021894815,-0.000278457656888633,-0.000844773865370175,-0.000252637088886241,-0.000508810898873444,-0.000766602217877833,-0.00070149798898236,-0.00044390364812667,-0.000543814397221974,-0.000650849046915553,-0.000900649335357549,-0.000431828025946071,-0.00136487223332433,-0.000815361326348399,-0.00102333224320291,-0.000959288406207962,-0.00107961559046791,-0.000764599171301332,-0.00323770051838707,-0.0077538618277567,-0.0108987838145996,-0.0126778399014199,-0.0117032050732379
"527.579",-0.000357358686881975,-0.00015070190593583,0.000215190640004199,8.91952979655084e-05,0.000103011493565172,0.000106641332610431,-4.0952788109581e-05,1.51064890243851e-05,-9.82045225597141e-05,-0.000148984682051273,0.000192342978361719,-0.000102897699703005,3.21275371508688e-05,0.000453235199357063,-7.52065504121003e-06,0.00035113101880388,6.39470628694854e-05,0.000150129318281807,0.000371594831717853,-0.000104782246602186,-5.1681456355715e-05,-0.000258906491377764,-0.00010521631026314,0.000288945745925846,-2.23349144815179e-07,0.00035989369076767,0.000141992538297282,0.00017720419947606,0.000411195946849389,0.000210976295721752,0.000423818762432458,0.000222333867480155,-0.000134266954918546,8.57090174037481e-05,0.000522687907000755,0.000338012370384798,0.000224751434047532,-9.82656939262597e-05,6.38060094880176e-05,0.000318429222526937,6.25433540579958e-05,0.00018440122002212,-0.000181232182198844,-7.50954361875059e-05,0.000761961126717024,-2.14599357653278e-05,0.000299094146578761,0.0105198309492802,0.000989768014204806,0.00107799003282819,0.00385725454489114,8.43643179393085e-05,-0.0036422984076672
"532.245",-0.000446359798043519,0.0003535479530836,0.000414438287689771,-0.000278570441211076,4.51643044403384e-05,0.000268303329149057,0.000152600198053187,-0.000173414660624818,-7.67899284526052e-05,0.000212889239589491,-0.00024630563085324,0.000234266023972823,0.000140834517448728,0.000104418080769301,-0.000306502351128036,-0.00011510705799101,-3.1229333591733e-07,-9.05685336939343e-05,0.000215186428386542,0.000219093545337064,-0.000155251291401305,8.08599850477893e-05,0.000297966843902789,0.000148684123940005,0.000170714089040979,0.000215896394876316,-0.000114037448190216,-3.57424146420768e-05,0.00021994803569832,0.000175655629260623,-0.000236774430273617,-3.49605468617518e-05,0.000133320205262477,0.000265666344030193,-4.01517413373131e-07,-0.000221533983278984,0.000116483582252937,-0.00023961684876591,4.60559732136362e-05,0.000378862955059604,0.000823529912045781,0.000986590000068693,0.000281668283816162,0.000325030473447375,0.000606109677271534,-0.000250839302739308,0.00290306068824436,0.0106275073148826,0.00148385406561549,0.00231392642333333,-0.000966437200461845,0.00594915520242163,0.00611191801726707
"536.915",-0.000760009905852816,-0.000196917563579208,-3.28705209912293e-05,-0.000356751619475834,0.000208892709409226,-0.000102648701096136,-0.000227249419504589,-0.00012768789869255,-0.000153609778336701,-0.000311677197295039,-0.000131376039255183,-0.000243114425841843,-0.000109754069890925,-0.000432040572387507,-0.000192507812077876,-0.000150167804097417,-0.000289352149017286,-0.00072184512359441,6.67639638342364e-05,-1.7738655549332e-05,-0.000503886510480299,-0.000603067514497483,-0.000292713026619718,0.00014180300695613,-0.000367229842332417,-5.13185839117427e-05,-0.000424003900826324,-2.87964311622461e-05,-0.000393730722103299,-0.000190896591830944,-0.000133516515704756,-0.000301952069136751,-0.00055392664228291,-2.95014339134941e-05,-0.000128521084579251,-0.000430491310083607,-0.000665368990698266,-0.000473743024773959,-0.000566586382836858,-0.000444283059400158,-5.46951087891999e-05,-0.000364720409929385,-0.00035140074890307,-0.000210907602465073,-0.000193353188270285,8.35384271390236e-05,0.0124104014040896,0.00538210800789646,-0.00188297095692952,-0.000667574443375582,-0.00315499322230193,-0.00153927130242758,-0.0301571815643799
"541.586",-0.000588398297902993,-0.000831041688166082,-3.34629717339498e-05,-0.000169941935125207,-0.000126403331132492,-5.59989197959819e-05,-0.000106477910316616,-0.000175947438018857,-0.000178704582190731,-0.000375999313898978,-0.000308991446143869,-3.76984684856624e-05,-0.000499681202853545,-0.000215688413887279,-0.000320401873714814,-0.000283925810451206,-0.000213136997681097,-0.000262592855601866,-0.000354665963754842,-0.000116536281888568,0.000253505317832687,-0.00037185138230209,-0.000280325453239522,-0.00027224372740224,-0.000318537336679601,-0.000346671143010082,-0.0008136968995705,-5.83926885238805e-05,0.000101117021236046,-0.000171361281929029,-0.000113864092781991,4.94402185437883e-05,-0.000467301151452142,-5.94616426739646e-05,1.45999838131966e-05,0.000111374829956399,-0.000247554324682557,-6.40392867465066e-05,9.3632222396489e-05,-0.000154183580066533,-0.00027465077308134,0.000104555354584254,-0.000434861823082369,-0.000455799453576369,-0.000248847616580195,0.00172024987324404,0.0143329954775472,-0.00117051473197144,-0.00142513196795827,-0.00211645851320775,0.00116140983010909,-0.00218224540780113,-0.0333230001994925
"546.26",0.000610421170564952,0.000616865756827834,-7.37438314438336e-05,0.000617430953013889,0.000319408160258422,0.000232443075120237,0.000225065845639561,9.97471809241375e-05,0.000413307993208371,-6.82543222463479e-06,0.000619630668628414,-5.04482846493674e-05,0.00095147606059355,-7.21682392495078e-05,0.000286805817750469,6.23427835260812e-05,0.000374700338110808,0.000557620882863526,0.000474201729993377,0.000457020052309072,0.000715103583669455,9.06234681125186e-05,0.000107440768877995,0.000521735103018594,0.00073111792706455,0.000273605989613457,0.000481987985075991,0.00032064228133827,0.000262133425994097,0.000519079588822388,0.000114053590956048,0.000399808685373728,5.02642023353175e-05,0.000243292516834388,0.000406404332936812,0.000501553946191506,0.000590779285675423,0.000681357018553693,0.000536138116809665,0.000522392636364284,0.000845036412642129,0.000642478346032903,0.000961823836064553,0.00142592763256686,0.00186789403661003,0.00837861862268438,0.018229561080933,0.00142972066606013,0.00115340135159763,0.00076852456984714,0.00353066244554991,0.0137531328398499,0.0104436125379292
"550.936",0.000101218649365654,0.000492448009171269,0.000635393247504011,0.000333656976524381,0.00018016232177083,0.000294657080261073,0.000446251948588901,0.00020801563026055,0.000378640743846782,0.000286161007403608,0.00075817068296952,0.000565962594624318,0.000638483785168761,0.000615188362979839,0.00029556819624286,0.00049603335159802,0.000739826010089995,0.000467087875543199,0.000520229827325101,0.000495065592393661,0.000168249727932917,0.000224998891871512,0.000499703287835397,0.000225930958325815,0.000552122553669443,0.000417172973632474,4.37415826667923e-05,0.000337509520916212,0.000528235035066142,0.000341557110065999,0.000301906338738397,0.00044593526007856,0.00015225154642437,0.000468174501815736,0.000479055904307148,0.000464317031890691,0.000595134664525795,0.000337863383995882,0.000588450330980642,0.000608121661817884,0.000651956278008884,0.000178144196352984,0.000794972224073667,0.00123672198782668,0.00170091834298101,0.00853592803955397,0.00159124548514715,0.000438962906133881,0.00132202771049457,0.00496123373620858,0.0077786467820953,0.0136145761100606,0.0124838383490212
"555.615",-0.000195858378486002,-0.000550027001507617,-0.00044685671635554,-0.000249506933526749,3.25992256211949e-05,-0.000169856650952884,2.1806128062977e-05,0.000129920773339363,-0.000358462022855262,0.000277164514053932,2.30543325955926e-05,-0.000156680506269018,0.000319559005137532,-5.09422771934706e-05,-0.000191168292503503,-9.85921342195805e-05,-0.000134133317876871,-0.000382727854716908,-7.68676833976596e-05,-0.000678706157454107,-0.000294119144300392,-0.000142707561486502,-2.50681768163243e-05,-5.70552555909546e-05,-0.000146502248220316,-0.000157011589972,2.17910748499076e-05,0.000154208299889192,-0.000176461581000741,0.000240166353535182,-0.000381985363796588,4.31157322497641e-05,-0.000116997818810784,-3.01789504385745e-05,-0.000162986205374453,-0.000204848820503735,0.000198460453367109,0.00012792434680019,-6.85180260603737e-05,-0.000228521227351007,0.000375979163459952,0.000346963377066294,0.000568977449333931,0.000287770271434031,0.00199561849189917,0.00869496675801726,0.00107997590582219,-0.000882218651608133,-0.000884478053692275,-0.00105229329919173,-0.000402303000503507,-0.00342064738936525,-0.00210802122355272
"560.296",-0.000670585880575463,-0.000257902276438662,-9.20025918573234e-05,-0.000109653698609717,9.94936969518315e-05,-0.000498380203652299,5.36793905538263e-05,-0.000268610161298479,-6.89103673080903e-05,-0.000212597577177042,-0.000319718931821012,-0.000392956868382458,-0.000456209100769472,7.97935763737888e-05,-0.000475696260041494,-5.66804106096448e-05,-0.000454973207920403,-0.000697665658150691,-0.000111671889002017,0.000144896716683763,-0.000285922392385713,-0.000277615870783651,-0.000268529203859241,-0.000269009250728123,7.68379210362379e-05,-0.000495534086161462,-0.000370696093051937,2.93671844300574e-05,-0.000457747327210123,-0.000248071314021518,0.000166270532554521,-0.000325706701148782,-0.000732374034907543,-0.000546622868686682,-0.000327030872373176,-0.000599739928624006,-0.000182579793534973,-9.25561825308992e-05,0.000358656650570843,-0.000749283532824168,-1.22450055645876e-05,-0.000365542603900718,2.29770886737484e-05,0.00013138625209791,0.0019277273331391,0.00377726306699799,-0.00107143400683214,-0.003130603398672,-0.00270354603258211,-7.24463458549526e-05,-0.000794336432098308,-0.00614781586332956,-0.0376481162391079
"564.979",0.000134171886326855,-0.000343898241426224,0.000201033953779609,0.00109652479135643,0.000505871030954823,-3.34929691694751e-05,0.000150040388311147,4.59062026883792e-05,0.000166395468870899,-3.36650082879435e-05,-0.000413444872099841,0.000453756917628657,-0.0001888480625216,8.76440996578764e-05,0.00019998590150848,0.000163109184036572,0.000217325133676168,7.56378731197062e-06,0.000320505342910838,0.000164866818455004,0.000270845150565178,0.000423543222132747,-3.39807305371773e-05,-2.48746416406544e-05,0.000225546095220074,-8.37815386684843e-05,0.000395722926449934,0.000484544031643046,0.000446812464322466,0.000302217606733294,0.000430633763504262,0.000102128838560226,0.000339414855039209,0.000241332964494779,0.000525497693872465,-0.000100036752914844,-0.000473449678692933,0.000204157766414618,0.000116546268740866,0.000229918876626818,0.000155558851671917,0.00133726403629332,0.000671273991648525,0.00325539257044173,-0.000213272865193709,-0.00101190329453004,0.000920290560135489,0.00133949659669527,0.00211405419630087,0.00145900907933849,0.00385921870397336,-0.000343834217607817,0.00170290871357171
"569.664",-0.000125790497736846,-0.00015917516106144,9.29257608597566e-05,0.000340228004208378,-0.000413548006908112,0.000134069234586349,-0.000126830523229282,-1.02599780027266e-05,-1.46433292166591e-05,-0.000116226873402344,-7.988269194837e-05,0.000166539486838276,-0.000166919847097203,5.95512665812186e-05,0.000180298140196958,-0.000193254665020498,-0.000439577693274905,0.000191383399009674,0.000200866579698087,0.000193851364405848,-0.000154719462450438,0.000111158099990754,0.000459976774335366,0.000173502983103359,0.000321733936993599,6.82904903011465e-05,-5.28847572645736e-05,-0.000338115973874299,0.000172516762063703,-0.000215055280538705,2.19421276970529e-05,0.000294138563873461,-0.000364810682441213,-0.000562960832666853,-0.000174148883097469,0.000124589713711512,0.000229194593092136,-0.000253283503783143,-0.00019802922538656,-6.43771719202992e-05,0.000303973889146018,-3.59993662834472e-06,0.00128495660790161,0.00358045061603358,0.000204661600087627,-0.000177079454390773,-5.44270066356149e-05,0.00060977576642953,0.000692513867528773,0.00108088777306971,-0.00238490705915815,-0.00330268757084044,-0.0175929775847638
"574.351",-5.30867143226039e-05,0.000141057640649923,6.95521064468876e-06,-0.000309954423141703,7.48101675613014e-05,6.13320911436229e-06,4.07775890682715e-05,-0.00012272514948792,-0.000138146225463098,-8.36416444385874e-05,5.63747948475367e-06,-0.000417170492043381,-0.000276555857064815,-0.000381791446946771,0.000319334108281751,-0.000158815605810187,-0.000244946394984848,-0.000137042919980804,0.000474713726820887,0.000232534376766822,0.000200978320789474,0.000180678505698767,-0.000154937203498378,-0.000108454711324961,-4.80545222613909e-05,0.000168498925904584,9.09096980888355e-05,-0.000553017700161531,-0.000159002965901181,0.000209737046393521,-0.000296906818521988,-3.72641744925488e-05,0.0004799600774922,-0.000176653130928282,5.55381454663886e-05,0.000403419667596602,-0.00026735674975649,0.000613235293510316,0.000297765966673502,0.000307911260892111,0.000476994074428128,2.07739520663762e-05,0.00155322910526344,0.0029349387250914,-0.000492011621516443,-0.000445213249771858,-0.000188299450298324,-0.00171911750793172,-0.00141199201916191,0.00164206929643336,0.00403852703403333,-0.00176415025670673,-0.0259479342558228
"579.04",-0.000703928747213322,-0.000581503057957456,0.000194139137495783,-0.000324044902448964,-0.000140234312095575,2.70220984121461e-05,-0.000257323662875534,6.30061475412572e-05,-0.000143599360719176,-0.000240845357723892,-0.000149067839176337,0.00011769385792843,-5.40944936869512e-05,0.000324232029375024,-4.38980781437918e-05,8.69138409926187e-05,-0.000362305279089305,-0.00065701475068187,-0.000479934254420481,0.000102980961218546,1.84987859322594e-05,-0.000373412026925432,-0.00037294465494393,-0.000648499058007129,-3.99002235997038e-05,-0.000201921084213355,0.000106967523434975,-0.000473881807954634,-5.65406628642655e-08,7.56143718857013e-05,-8.23750001128388e-05,0.00017956685282378,-0.00048467620946268,0.000154554618248992,-0.000249530714916352,-0.000263714806844722,-0.000116962923836663,-0.000152842518263103,-9.10740262811458e-05,0.000267174226755027,-0.000510118742917167,-0.000193073562084145,0.00143032078021173,0.000580244214289038,-0.000244103770229178,-4.98294133894142e-07,-0.000540661234962274,0.000291862165223859,0.00203832500963434,0.000395265907937405,-0.000554642350552828,-0.0119658723924681,-0.00561812824266334
"583.732",-0.00026917292065836,-0.000433348771387431,-0.00015800502568265,-0.000531895738261981,5.82489573719685e-06,-8.57127996705117e-05,-0.000146498806064957,0.000148231714914438,2.34704370184713e-05,-0.000129582141472328,-3.7797994298582e-05,-0.000186039568712451,-0.000210328446265608,-0.000144774911986802,7.16099742673247e-06,-0.000256705668365034,-0.000163365276707021,-1.69404584828895e-05,8.91629293384831e-05,-0.000265201035727508,-0.000195535658761576,1.70972842205743e-05,-0.000349138837141596,-8.5200603479025e-05,-0.00012906414884997,-3.14906923497166e-05,-0.000239288344544392,0.000307428733562875,-4.37717343307364e-08,-8.34157118713151e-05,-0.000165847727092166,5.26832941890524e-05,0.000395921075433813,6.98114517777297e-05,-0.000137984096217214,0.000290299680719353,2.68703737207401e-05,-3.89186927740675e-05,-0.000577645807189873,-0.000434733176970146,5.48684079237356e-05,0.000519679981207055,0.00337256735378512,-0.0011698898369124,-0.000169889705105444,0.000315616248047079,-2.8767337636057e-05,-0.000333207503259332,-0.002943145047204,4.75912220875927e-05,-0.000382580680819453,0.00655620168814068,-0.000914452963272694
"588.426",0.000657191805198322,0.000389822757110172,0.000499577556577036,4.19220712849968e-05,0.000321983803541029,-0.000149738790691721,0.000274211272393263,0.000295345872237731,-4.34436885610179e-05,0.000198661825082508,0.000170278025237885,0.000425863776279628,-7.80210499636955e-05,0.00021368265463159,4.44719389219734e-05,0.000162283756602727,0.000226327341803573,0.000410697266913688,0.00022478992126049,-9.29186686990067e-06,0.000449434998818878,0.000237960091364759,6.11067074846525e-05,0.000170657982271814,0.000565332445583395,-2.35839028097651e-05,0.000201380055020319,0.000471518077483013,0.000494282561776225,0.000168182649276683,0.00024990945304995,5.30160296540457e-05,0.000321701739688958,8.61377387530106e-05,0.000455514014756167,0.000265846499560558,0.000381350994453103,1.89297942266838e-05,0.000232868994411038,0.000987749910610137,0.000497860618286473,0.0033595070773806,0.00189216372972742,0.0011237480305547,0.00137705093020541,0.00195111412368036,0.00201718715687898,0.00115334753013627,0.00320620022327572,0.00406440955887409,0.00788213109907978,-0.000888055694940705,0.00362446060869507
"593.121",-0.000167167989527792,0.000357994720039955,0.00010805733350175,-0.000225573955792598,-2.27739089690988e-05,0.000240848365822411,-0.000108470507886804,5.09255211537349e-05,-4.86213206497117e-05,-0.000170803795425913,8.80047373703268e-05,-0.000585973736443393,0.000149082488880527,-0.000674536290107849,0.000350599665614503,-0.000459059491544659,6.22104125538881e-05,-0.000428701209727829,0.000126356051229099,-0.000181638367113572,8.46840386140997e-05,-8.86134871914467e-05,-0.00014146673061217,-8.58640014162526e-05,-0.000154529769837128,7.05664031046773e-05,-0.000226128673080534,-8.5550291797552e-05,-3.88715651420004e-05,-9.96710821002097e-05,-3.8139376776144e-05,-0.000114277554014813,7.66249682896368e-05,-3.96257248989172e-05,0.000187915672459863,7.74774637771017e-05,-0.000210336925976485,1.87218596684461e-05,-0.000165498291103137,-9.03851345917051e-05,0.000436997671894103,0.00344257809994468,-0.000392468113645579,0.000467716415320382,0.000340530723717666,-6.88420510856469e-05,0.00131148209317281,-7.0209495414069e-05,0.0010596080980176,-0.00190161828979065,8.60379742452064e-05,-0.0127505442364552,0.0110823655141989
"597.819",-8.36098994690289e-06,0.000153506803596131,-0.00059667513610309,-0.000737435108916776,-0.000499895080491159,-7.94849778660523e-05,-7.45963665555308e-05,-0.000203142336962633,-0.000132189741520195,-0.000223240349565382,-0.000216730920470221,-0.000204276559469905,-0.000332671430171032,-0.000362646491325507,-0.000180122700202151,-0.000193378633013552,-0.000638640321862877,-0.000165569926773058,-0.000299877501755346,-0.000500143780670982,-0.000767071992991231,-0.000231030409375907,-0.000150893550953289,-0.00010356561422399,-0.000204179291045662,-0.000293846340690998,-7.96606713106737e-06,-0.000586351327182667,-0.000460799316786152,-0.00059475007379658,-0.000130196559027282,1.52275401258188e-05,5.38868711737065e-05,0.000363854552269053,0.000172678994644223,2.5372664186385e-05,0.00012836854194745,-0.000809587671495566,0.000325628478875558,0.000261163655146249,0.00324981875515172,0.00180728125648057,-0.000176108604223163,0.000323959419290066,-0.00101221622859699,-0.000207382957544641,-0.000283752090439807,0.000867703231484114,-0.00128048403506338,-0.00251078104522557,-0.00541574962953769,-0.00470936665563114,-0.000515955291461692
"602.519",0.000382752429312066,0.000285547061202498,9.44809318596145e-05,0.000675119006393354,2.81820398817048e-05,0.000356396569011579,1.44680522454793e-05,-3.9595568445415e-05,0.000191109115226194,0.000270681679296523,0.000493618399953269,0.000281786932124555,-0.000183741609235678,0.000325652985589865,-3.04991496086629e-05,-0.000247994055747498,-0.000294489436765097,0.000425652544797684,0.000182373491114147,-9.72183547668575e-05,0.000142928331515149,0.000187952029771763,-0.000268236822036464,9.48176131598233e-05,0.000279344378375366,-0.000320031930079971,0.000536511368996627,5.50640141690611e-05,9.43328419474821e-05,-5.43432477881534e-05,0.00023129842611479,0.000470655969745528,8.54947299736597e-05,-0.000160048572668427,0.000389406278163553,0.000541996460358798,0.000416209977629178,-0.00030562744589684,0.000266003808349409,0.00147315844966602,0.00429151792606122,0.0012421995243502,0.000482469530478311,0.000786326634200838,0.00132609064121773,0.000183266464757767,0.00132785186327406,0.000740686646849602,0.00249361544017984,0.00179720457093224,0.00066056980220677,-0.00870634667974778,0.0171375465351641
"607.221",0.000265248233586327,0.000808386362538782,0.000330502665970295,9.26604049027089e-05,0.000406509860801727,1.36052010675042e-05,4.53379420169193e-05,4.38390374369381e-05,2.49855475242252e-05,0.00029066482970141,0.000103907898826038,0.000291920376905159,-0.000209240625838525,0.000517870811409565,0.000434730935016367,2.29304939829662e-05,0.000184471456432489,-0.000210683490676316,-7.42130893595062e-05,3.70919278567546e-07,0.00055846853316824,0.000497303445218661,8.11189043520112e-05,0.000385360146231693,-0.00012457631549331,0.000354793140964113,4.7808002279931e-05,0.000198680285989981,0.000158758809723886,0.000392976763218866,0.000287936670985021,0.000576178146870478,0.00012599624567024,0.000136660150263569,0.000150416968474294,0.000344281343783985,0.000214510626025501,0.000196863229069605,0.000143600185469853,0.0039890724087407,0.00358777585133679,-0.000360583327739652,0.000646006026350862,0.000843447667164073,-0.000874353130302156,-0.0010057320471981,0.000837341525922974,0.00136004075776991,0.00134476528476484,0.000848329692084053,0.00260728880296884,-0.00202749289312525,0.0123341051110116
"611.924",0.000430199921929544,0.00045874117735651,-0.00029835494714644,-0.000144699352307421,0.000175682514197387,0.000492099426075598,-6.09261558470743e-05,9.70523077875986e-05,-5.10726020274756e-06,-0.000217378711354163,0.000424990072039612,0.000100173918897087,-0.000162994574105192,0.000229022484172017,0.000222886639971825,-6.89666415014295e-05,0.00031571516905685,-0.000170352251262363,0.000317069080541759,1.93749822474534e-05,0.000855264957066598,-5.49621089018141e-05,0.000455231797933943,0.000176595262556391,-0.000109001376136213,0.000187115609589969,8.82379233060186e-05,0.000625858651815776,-0.000248661630526903,0.000214332196418227,0.000267126326283754,0.000180725524703207,0.00010314146808009,0.000243603829852416,0.000405397157870934,0.000347234155310802,0.000329432254693779,0.000118284981505473,0.000464448701782966,0.0064474654415858,0.00190342800396682,0.000667012641729028,4.20294971243233e-05,0.00127007388629052,-0.000589549442317425,0.000680304382915348,0.0004791871779764,0.00202565009905499,-0.00087686875458573,0.00115915344723211,0.00651748859654514,0.000536078031131506,0.0037053849697951
"616.63",-0.00012694283363658,-0.000211841307678288,0.000794651946621699,-0.000291954146224207,0.000303722017528959,0.00013680544416176,-4.84886509379458e-06,0.000157750389869251,0.000385800477162618,0.00032621992811088,0.000159056290672209,0.000400298176013266,0.000107083434052988,0.000632828727668683,0.000257607448548711,0.00027837129121306,0.000327445908118846,-8.61043510082557e-05,0.000255452980042073,0.000220170863243765,0.000511397543750028,-0.000387770025416456,0.000442098344189136,0.000562913348162006,0.000890327351374319,-4.93304865658195e-05,0.000301019171516327,0.000503037030202389,0.000713399431085722,0.000593394804612875,0.000230440489982466,0.000158948070288819,-6.46194236867424e-05,0.000369709824418113,-0.000239253143296518,0.000540357279321292,0.000847859914630693,-4.20965523993651e-05,0.00412631669958095,0.00381592268492933,0.000405330380379145,0.000675473336295466,0.000718649853922597,0.000962349490148017,0.000234557852566937,0.00192706717133721,0.00237696154623865,0.00194438296240519,0.000797082974105441,0.00185693858149041,0.00758633865396784,0.0131058488654211,0.00803815905125391
"621.338",0.00044460063603856,-0.000499660259403636,-0.000211790416699,-0.000407174938571323,-2.99445379990602e-05,-0.000158281556071156,-9.30956787958075e-05,4.5238429912478e-05,-0.000153308794055139,-0.000131691621340519,-0.000133062515856827,-0.000395795985580854,-0.000124167649464884,4.0335589129827e-05,-8.66860639093511e-05,-3.9118594302173e-05,-0.00035448129131819,-0.000251353858458174,0.000209001064253587,-0.000160776939195354,-0.000346593539268471,-0.000455898740380587,-0.000603422606569702,-3.666473449995e-05,-7.7166161081873e-05,-0.000141115803375971,-0.000278828552582209,8.99128314265389e-05,7.35029370274968e-05,-0.000202115522822397,-0.000176325689387952,-1.13624854212579e-07,-8.92478431442638e-05,0.000356063129604734,-9.48119039914021e-05,-6.48578106234323e-05,3.73819326827615e-05,0.000617399111926426,0.00490636849387802,0.00143854353257998,-0.000100691767156002,0.000251589828520172,0.000412528210865705,-0.00041250623066395,0.00185257278454654,-0.000505420133921632,0.000230430057589713,0.000279690719044827,-0.00183093659275526,-0.00106371843376976,0.00376493347118513,-0.000561289963005922,-0.000438666053559438
"626.047",0.000102481054815071,-0.000165018452486362,-0.000279609436987964,-0.00037644974686971,-0.000121259673349982,-5.53685707183035e-05,5.72391892579748e-05,0.000159588759278302,0.000169758295429812,0.000138884581166852,-0.000194399029560299,-0.000495084640950003,0.000241946643654518,7.73106795441553e-06,-7.17971662875877e-05,-0.000197282101946512,0.000191697270569177,0.000218809720192661,0.000268465387599638,-0.000457114280649547,-0.000140950176152841,6.54502073186459e-05,-6.613167001574e-05,0.00023593291138708,-0.00025052579695041,-0.000142795090533918,-0.000562931917840451,-1.65929655036719e-05,2.46765068453854e-05,-0.000244716048682313,-0.00013761586276265,2.42120640663972e-05,-4.11958147998983e-05,-0.000293310427784297,-0.000122000425952603,0.000108267054633899,0.000319026788499727,0.0017574504185092,0.00428212243180807,2.41506287532289e-05,0.000284603939504415,-0.000245347807300754,0.000252300416470331,0.000201010166670637,3.58573097060874e-05,-0.000873222797562148,0.000348887369329658,0.000529615103556918,0.000540482012843163,0.000815973068626782,-0.00342808867988748,0.0075831332179287,0.00376599295002378
"630.758",-0.000105605476964603,0.000311020114973065,0.000779047950966338,0.000309296631039272,0.000464415017605265,0.000476270620935875,0.000411921305274547,0.000115303934080946,0.000281601791812296,0.000256131429352133,0.000251349675538027,6.42645212364864e-05,6.73192380125272e-05,0.000369832663130678,0.000568363255851333,0.000437184693422093,0.000521525377123399,0.000415641435087738,0.000630673622605017,0.000420921771183061,0.000778686694901663,2.80527477527005e-05,0.000113620614645197,0.000459689998078489,0.000270255950873932,0.000287832174999512,0.000702466461282516,0.00033372129996632,0.000341736879969363,0.00040418169230828,0.000187894481779683,0.000343314349143467,0.000272645316989599,0.000464435155604725,0.000579403969727405,0.000396703881737925,5.67755325802722e-05,0.00304948402803432,0.000391269227081451,0.000233135592040439,-0.000302962376248607,0.000475395926501414,-0.000123050254987103,-0.000252555909967572,0.000954493117930024,0.000856978841302947,0.00191458886402071,0.00178540175597235,0.00400899367019752,0.00126708264687825,0.00109103865007987,0.0161793581307996,-0.00291112317911213
"635.471",-0.000869242555132753,-0.000743896589448481,-0.000710185709818802,-0.000730417584758036,-0.000307417339334943,-0.000474245155451596,-0.000447518333797151,-0.000321702133080214,-0.000684314515300315,-0.000530098910411235,-0.000281532305886505,-0.000569666171347901,-0.000553391859385379,-0.000581112311859036,-0.000307505884926865,-0.00055328656849671,-0.000763600398506264,-0.000571111557685231,-0.000870863665160006,-0.00045532984606659,-0.000652674960672281,-0.000880950825139757,-0.000534726153261956,-0.000824546942398987,-0.000790890630167085,-0.000290848907659328,-0.000725106418624064,-0.000277719048825566,-0.000621822001176701,-0.000124443699367173,-0.000164829938492522,-0.000667337995854447,-0.000783526453492455,-0.000622091853451626,-0.000850647598101071,-0.000767773222608284,-0.000278353559125817,0.00137663037803786,-0.00105438224889091,-0.000722945361137048,-0.00102792655616237,-0.00111625968087197,-0.000750258144532077,-9.82464007637397e-05,-0.00148003254920097,-0.00120998702840559,-0.00291078973165048,-0.00122403355140187,-0.00206647990422437,-0.00295504684527459,-0.00766373631342867,-0.00447019630579146,-0.0410280411407246
"640.186",-0.000435015942146353,0.000523563216871377,7.52160703723691e-05,-9.93725869692456e-05,-0.000400149605682665,-0.000220015096458017,-8.5878333866873e-05,-6.09360228345044e-05,-0.00010017873247854,-0.000123622278674322,6.79720818386126e-05,5.6360075874939e-05,-0.000452464246552137,-0.000100273213072714,0.000451874708391827,-0.000602027192751681,3.35839098113891e-05,-0.000778179214475236,-0.000392552758016802,-0.000197676922693178,9.09877758943497e-05,-0.000374159990023715,8.56306513183891e-05,-7.47321647012269e-05,9.66778519149813e-05,-0.000368094102004784,-0.000177486307846166,-0.000236112697618088,4.19840932292521e-05,0.000100081667733244,-0.000305358323648352,8.1199313563505e-06,0.000174805690628327,-0.000512431575994578,-0.000284538711872422,-6.85848167884641e-05,0.0011900391227504,-0.000236122000775524,-0.000223930752918969,0.000354254486637748,0.000519261217411873,-0.000236496274117089,3.86593426890802e-05,-9.74673710890904e-05,0.000431091782692841,0.000494278458756748,0.000921520728781464,-0.000361163551475442,0.000275506882143203,0.00281885000076534,0.0024415745953916,-0.00683170447248078,-0.00971128742827422
"644.903",0.000797303092687424,0.000414626738009697,-0.000152279813447279,0.000207533348346695,0.000256743080577303,0.000386981328403332,0.000113443836837998,0.000363477352084127,8.57306552177101e-05,0.000224997213728869,0.000146226932380644,0.000239095011847663,0.000156028440827618,0.000252930004031145,0.000638318144617055,0.000316803003359491,0.000266771133714602,0.000533583930561525,0.000417060829808114,0.000178721195367663,0.000237925206357078,0.000301042754387386,0.000184193606807273,0.00031007909881416,0.000347441429043777,0.000190520379020018,0.000205192961915954,5.99323546953859e-05,0.000298068789723762,0.000294703851574454,0.000617691652838377,0.000150239577993597,0.000320845207015635,0.000543346630568955,0.000358295187634574,0.000571621653488978,0.00245734985916532,2.20105118575852e-05,0.000403037947331564,0.000335116975807157,0.000128049507297942,0.000763816000541914,-0.000256330400881739,0.000581128515569347,0.000977505543386206,0.00110047831553554,0.000992722613620038,0.00134926470707568,0.000511781884160108,0.00357467725482004,0.0018723057882794,0.00455991507075226,0.0264462789599937
"649.621",0.000132116642810151,-0.000333935738094699,-0.000224069284288032,-0.000484760542300982,-2.37662018151471e-05,-0.000522673679643938,-2.19535152835297e-05,1.42600409521035e-05,-0.000178543333259388,-0.000107313620297381,0.000105434040267726,-0.000192103265550217,-0.000218670777836296,-0.00011156199006811,-0.00014148526236354,-8.28116739443436e-05,3.46954487522961e-05,-1.88086352945939e-05,0.000250956040757144,-1.13735025407676e-05,0.000376206461918634,9.83531509678252e-05,6.81969803157359e-05,-0.000533240384943494,0.00053294152214044,0.000210430123350434,-0.000190818404001836,1.98259446383337e-08,0.000198537778473215,-3.41571935410685e-05,5.06098299791455e-05,-8.46743151177349e-05,-0.000351452468383201,0.000349379736715145,5.34049845745664e-05,0.00226172381405192,0.000737409698675494,-0.000195102217345608,0.000191780807420588,-0.000353624397336297,-0.000365947977780723,5.12848254581129e-05,0.000224369384575039,-0.000417437649946422,0.000611497533235421,0.000938363173260516,-0.000305860773751569,0.000406524556017928,-0.000189133740199444,0.00177625994019365,-1.39486414095225e-05,-0.00360422751981275,-0.0193034939266743
"654.341",-0.000110348992722682,-0.000284325087879649,0.000177489065543263,-0.000687805882789041,-0.000769166431621791,-0.000354645045621859,-0.000411562793640463,-0.000179805357847274,-0.000252836298995323,-0.000481626729273698,0.000214559423683745,-0.000331307374901616,-0.000302083448454087,-0.000285642232641541,1.73404745276654e-05,-4.22717467765702e-05,-0.00042512640350508,-0.000502526963192126,-0.00014287330724313,-0.000227376793751993,0.000287048590253472,-0.000329408361322628,-0.000229233686032515,-0.000483686054862039,-0.000458761896770197,1.73583592402279e-05,5.2429583129204e-05,-1.0066920053366e-08,-0.000420968854358169,-8.54707072482842e-06,0.000206237962801127,-0.000412791193177559,-0.000183172345392666,-0.000196694846521545,0.000520893321215538,0.00164641892609255,-0.000234996201925191,-0.000416532694844693,-0.000901398405279004,-0.000148697788181114,-0.000239217758073371,-0.00107137818853086,-0.000135040130535016,-0.00122709731725526,0.00094247270178395,-0.00185510938633767,-0.0017667080873481,-0.00101433208279234,-0.00134190376687932,-0.0034850469989474,-0.00171408113475283,-0.0038620565007148,-0.00750555173983524
"659.063",0.000853017463940952,0.000782153007879115,0.000179624166660287,8.4545427100973e-05,0.000403571161999375,0.000111744060116693,4.46420763448716e-05,0.000166586101139694,-5.51524309198797e-05,0.000369248851479752,0.000425532022396323,0.000188435111869493,0.000734507731574328,-3.48421098861174e-05,0.000424925011083423,0.000437975303887553,0.000642198053503146,0.000347567773417585,0.000308827758010237,0.000522772821912642,0.000128906796934009,0.000362583000445335,0.000130449109379827,0.000146406159540037,0.00034230520046401,0.000440192273296146,0.00017748702716507,0.000486642259011627,0.000468677294404457,0.000271125532812978,0.000173351962521672,0.000303321698960163,0.000499095134662057,0.000312880688834617,0.00151045675399099,0.00105764298568681,0.000560786124365777,0.00059561477982649,0.000674889821769095,8.63628049175731e-05,0.000731946473707854,0.00146559076390164,0.000685404512946132,0.000718931879796609,0.000280578606169951,0.00153265209754495,0.0026870694405254,0.000833326497636814,0.00323703725643916,-0.00182034589113987,0.00751848899535734,-0.00327091226655187,0.033428329937566
"663.787",0.000188280275465626,0.00045834630210401,-0.000242155129555707,0.00063694762542684,0.000172189949820579,0.000210653532457441,-6.24543515601053e-05,1.02429965142001e-05,0.000533036180677456,0.000407383542277387,-1.45337804364173e-05,0.00022596601115135,0.00025450267055818,0.000469893955786604,0.000361375413197779,0.000162689910856732,0.000335151505947271,0.000514368336882982,0.000219298028360055,-0.000419417199459929,0.000206782459671687,-5.11351636647699e-05,0.000305284496566971,0.000405370413532085,0.000215738753563098,0.000865753261274877,0.000233788951247507,0.000466695560530767,0.000421466726557286,1.78127022291777e-05,0.000439514532696658,0.000140559474505603,0.000390445786096794,0.00102210158020627,0.00202325007146167,0.000223502821990906,0.000126054759369628,0.000123062788547064,0.000247345593326322,0.000757326762133195,0.000793844994634167,-0.000420946769044368,0.00146100597974264,-0.00016920383908756,0.000876364501192449,2.61915216734669e-05,-0.000158958352965593,-0.000729915871954327,4.89062068885033e-05,0.00280472357572048,-0.002501703135353,0.00311854977350592,-0.0102414883186654
"668.512",0.000770086994197995,0.000562972222583777,0.000458139303938501,0.00027780486531337,0.000239389231454548,0.000638132279778305,0.000383271827311744,-8.53375290010816e-05,0.000339313057023643,0.000131484063672426,0.00022821807345154,0.000550457426762656,0.000548698090398169,0.000427563090779554,0.000277787214763856,0.00012005802381427,0.00016428764386117,0.000287285967728891,0.00072526572617014,0.000644903788048969,0.000590991214019651,0.000267451609585806,0.00025641793631614,0.000378691789527055,9.44226805462988e-05,0.000330305607602765,0.000145048327032874,0.00030745283273956,0.000524077038044105,0.000590132719801263,0.000708502212075514,0.000106060842777213,0.000608385760772894,0.00174977368701379,0.000844211606528152,0.000480267660555237,0.000265485417468996,0.000552403634118649,0.000558228626794101,0.000826327305614889,0.000769888844744814,0.000452234332693867,0.00143998649137911,0.00041407935205406,0.000330966457132901,0.00151320641211437,0.00172413279945678,0.00135454345993184,0.000444212486255166,0.00282673498632067,0.00648159479208087,-0.0021167421183443,0.00773168269566846
"673.238",-7.78666215503896e-05,-0.000375274735126873,0.000101135353252693,0.000182654047357495,5.73747566614602e-05,-0.000460224138787026,0.000270034614299271,-5.14734796566833e-05,-0.000154260140483609,3.19968528662239e-05,-0.000215744161235833,1.64237802537558e-05,0.000136915530304841,0.000115830839181326,0.00011270506659408,-0.000243499599061677,-0.00033121415607853,-0.000502859878610844,-9.65725304500922e-05,-0.000772539544272023,-0.000122228293514348,-0.000839164082224093,0.000226681760210158,-0.000121028068096187,-0.000247552739723484,-0.000592008178944006,-0.000574933603031383,-0.000473386542145878,-0.000609211686086613,-0.000251638761357146,-2.70644824362418e-05,-0.000205396275849722,-1.29745683218824e-05,0.00132405505398624,-0.000248988567863493,0.000150648807964712,-0.000374685295346958,0.000316946411822718,-0.000491726382873972,0.000420233928809443,-0.00054319106013712,-0.000435229361636239,-0.000891079792897175,-0.000418088643678572,-0.00100038384615961,0.000293404749810032,0.00025639487277743,0.001167849865502,-0.00253417957763291,-0.000214213401869275,-0.00166939289652085,0.000768215116106138,-0.0172765711496158
"677.967",-0.000486810467385242,-0.00046760938552517,-0.000257532637233762,0.000106524553739739,0.00043506513361271,-0.000377341700528055,-6.94217568170734e-05,-0.000319624812734132,-0.000372523167992164,0.000248238041746247,0.000202463131818829,-9.73564993840098e-05,-0.000380433845658873,1.89206034242656e-05,-8.72727884410537e-06,0.000147948228650587,-0.000388125870201202,-9.32394068500875e-06,0.000320029053107242,-0.000180150199930743,-0.000477652473886803,-4.17226920720236e-05,-0.0004995656048551,-8.09272218237976e-05,2.86597334262143e-05,-0.000307188857004401,-0.000367305885597258,9.15794830974771e-05,0.000174018733557992,-5.42423271686934e-05,-9.26301132477144e-06,0.000278004023904392,0.0017653992986412,0.000865147481495972,0.000239767526411935,-0.000356905761882641,0.000505972658645949,-0.000103214910115001,-0.000917248598690609,-0.000287352649573064,-0.000337851712607868,-0.000511244480668236,-0.000764177906185239,0.000916271549800565,-0.000649082534871831,0.000699482126467872,-0.00103590201405547,-0.00109871469306046,-0.0011011662430999,-0.00230984378317857,-0.00455973853697387,-0.00569875730957927,-0.0162275447238367
"682.696",0.00059435078580652,-0.000357895465469597,5.19684798958454e-05,-0.000176674992623623,0.000237160290132102,-0.000194910265152743,0.00014060153163833,4.71091401831622e-07,-4.342638421087e-07,-1.37294954512513e-05,-2.28077042392409e-05,3.53293984745192e-05,-0.000590667038925619,-0.000402499432776871,-0.000142499102354155,6.18735414360839e-05,0.000102287621115188,4.95505551084197e-05,0.00025818299744515,9.13071838992189e-05,-0.000359411356887634,0.000126734208708036,-0.000346950579332202,0.000132642409687029,-0.000184316710046208,0.00027263787648869,0.000139112224230957,-0.000139094122770977,-0.000166567727297937,0.000192677608384137,-8.20515755696982e-05,0.000489357397489827,0.00289314541621725,0.000297461899742661,3.86373988128634e-05,-0.000123682978124058,-0.000468504644114505,-0.000104354226578471,-8.68125308268269e-05,0.00076456589194815,0.000513382326363998,-0.000228260042119435,-0.000235176731932029,-0.000889404331470749,0.000407082981423434,-8.16836606570556e-05,-0.00108032282941327,0.000436320918377632,-0.00166986952186167,0.000425114790784079,0.000450567175880134,-3.39622776880264e-05,-0.0121811399426367
"687.428",-0.00112135529048353,-0.000534418254528856,-0.00074625856264592,1.95182377328144e-05,-0.000664333272410328,-6.3668576860981e-05,-0.000296031824708028,-0.000103370469785652,-0.000385263250470355,-0.000245916051528685,-0.000182007935695811,-0.000784476400731767,-0.000159964257614175,-0.00028519861615831,-0.000859629009241439,-0.000631130635660994,-0.000206844786527714,-0.000514739564827001,-0.000933417780824289,-0.000642112785998343,-0.000656108194647066,-0.000446196539897741,-0.000423690097469336,-0.000421893693693819,-0.000438882495976545,-0.000369505365132263,-0.000336833948853433,-0.000401397744035396,-0.000615462349616005,-0.000101155381627604,-0.000256269527916239,0.000864366954019069,0.0021939884478962,-0.000559870434716152,-0.000363680059700726,-0.000249268733232532,-0.000449751045412257,-0.000570680550025671,-0.00038306775344273,-0.00101657142578252,-0.000929981592811879,-0.000840479950495683,-0.000760932075389857,-0.000564672335881327,-0.000638222486435075,-0.00156160856994251,-0.00125238144482215,-0.00115829863327182,-0.00417863265180855,-0.00519925317790534,-0.00465291266279355,-0.0148555869468259,-0.0426516199725775
"692.16",-0.000169503185423698,0.000747967131090509,0.000654518179180495,0.00112273786534967,0.000350889368984268,0.00050422858588178,0.000326399924109996,0.000279993489656062,0.000304914955789593,5.4255637072929e-05,0.000626605517191395,0.000671243091273338,0.00092119639401743,0.000323642175997576,0.000260676609092033,0.000366478663461277,-4.33188352200279e-07,0.000318491694253737,0.000938276693564771,0.000980563974298647,0.000829707591551453,0.000970672473089036,0.000745352535016248,0.000237814792562684,0.000715712665766563,0.000790286293421376,0.000714700980548067,0.000290826755278752,0.0010873759904422,0.000519787057945818,0.000872234406680382,0.0032275100427145,0.000991416076714345,0.000560327641775894,0.000928402936351438,0.000927426498725071,0.00100292775782086,0.000491124724081569,0.000464810328975917,0.000722485023727584,0.00178100026583223,0.00174908157716288,0.00101860290822646,0.000469325853813818,0.00258845704145811,0.0022586238616263,0.00308114496584691,0.00389511454496552,0.00379053554769478,0.00157409583373587,0.0172061556152447,0.0110182396124517,0.0348513419399772
"696.895",-0.000263832640549462,-0.00025861742897346,4.28978419407508e-05,0.000270284341559299,8.66351960913476e-05,9.55227017985482e-05,-0.000412833436407108,2.60778803330058e-05,-8.26529388774892e-05,-0.000684660269635133,-7.12168987355814e-06,7.48837534379591e-07,-0.000171969445666281,-0.000401013843066118,5.42883845794681e-05,-0.00033245070373703,-0.000267112158864538,-2.23445737547052e-07,-0.000504418247942441,3.49232664408362e-05,-0.000480312086196678,-1.02469580681115e-05,0.000343295545506081,-0.000582589132118128,-7.89360822851818e-05,-0.000393020829802361,-0.000520629933492095,9.40589237337635e-06,-9.45187476394302e-05,-0.000102311720275031,0.00105059120407285,0.00197205661946261,-0.000133392694971874,-8.61524093290261e-05,-0.000547129550704736,-0.00068251850285897,0.000288431483235308,0.00067054377687149,-0.000477169220112695,-0.000187559953408356,-0.00024220172584783,0.000278187218036711,0.000290794625067141,0.000708431068346995,-0.000853497608446015,-0.00080421082865169,0.000967220103406302,3.58299857518209e-08,-0.00505428713485257,-0.0054067887269016,-0.00253610734822299,-0.00694272811839724,-0.0334792506289666
"701.63",-0.000412467259517883,-0.000676522666290278,0.000150558243259625,-0.000181642379174027,-0.000590503100050097,-0.000408290797973258,-0.000217085286329857,-0.000205308348956505,5.84956039194348e-06,-9.04638388018105e-05,-0.000355749298555292,-0.000350198595941239,-0.000289150625818729,1.6379040258532e-07,-0.000429778041955975,-0.000381306060680163,-0.000355706988446172,-0.000342538441232477,-0.00031049655345085,-9.3139626478947e-05,-0.000588311323240132,0.000129663775671109,-0.000129505479105246,-0.000367352255966829,-0.000408111746531935,-0.00020333006357639,8.59341099296735e-05,-0.000390628875709931,-0.000666518162139613,-3.69200594722715e-05,0.00213735337368638,0.00102208216941055,-0.000679887921815375,-0.000501848168819796,-0.000461461019775366,-6.35804984065218e-05,-0.0004255845800889,-0.000512545856298173,0.000146331231131616,-0.000469719568119408,-0.00116289507276835,-0.000202779316790483,-0.000759383384814396,-0.00127081294185615,-0.000721024868731051,-0.00109061818198066,-0.00164833146713718,-0.00159006508052383,-0.00457694286679662,-0.00334479619202126,-0.00335404604508836,-0.0223975273923115,-0.0271756458723917
"706.367",-0.000350113976446675,-0.000516426760493335,-0.000596890736444848,-0.000990571873506369,-0.000572319506095981,0.000396721569721527,-0.000421546338176849,-0.000262164759032945,8.98940495580336e-05,-0.000233179252681307,-0.000274825124691486,-0.000121429586537559,-0.000419840766705436,-0.000428379263444772,0.0001752825143552,-0.000652058807105509,-0.000613001753723261,-0.000368129554420567,0.000302120254942711,-0.000166608388687868,-0.000386463109170568,0.000438619149882692,-0.000514043020940289,-0.000541850561846627,-0.000514006458622346,-9.36941065498117e-08,-0.000444725379253152,-0.000424595217119271,-0.000347050996526668,0.000918989858433965,0.00163300788488093,-0.000237255522772251,0.00017179751116483,-0.000371338028081011,-0.000609341191903611,0.00023532416043651,1.08586360303994e-05,-0.000411611691501478,-0.000143045394472459,-0.000651695457339978,-0.000219400509912455,-0.00015895687529905,0.000470370928919534,-8.58928762076752e-07,-0.00084744094722325,-0.000905804469729997,0.00139524887864623,-1.09693868955872e-07,-0.000842323948378278,0.00492850890414751,-0.00434092983608341,-0.00759214858141257,-0.0238088925747843
"711.106",0.000230703890002448,-0.000388501553880687,-0.000109819244824187,-0.000453679950592548,-0.000382473000264015,-0.000139471965346822,-8.00255602999856e-05,0.000242449996616888,2.38690339412028e-05,-0.000135562523993797,-0.000420842694956308,-0.000810028114250643,2.99556809135949e-05,2.80371422378609e-05,0.000121147405702789,-8.40144761986632e-05,-7.9363085996464e-05,-0.000785420376647624,-0.000362692837798991,0.000622640377596128,-0.000412725933118839,9.94111095783383e-05,-0.000707618481497973,0.000278551626867884,-9.18274994285332e-05,-0.000138729481967976,0.000156039470915653,0.000252851878337102,0.000437578493112593,0.00357254618800761,0.000194641924151185,0.000142961946561,0.000270182812916033,0.000177457907882618,2.03572152333192e-05,-0.000476379696750624,0.000354250284606876,-0.000330935294248417,0.000382532478144661,2.70019776571918e-05,0.000351438289914688,-0.000160384922894446,0.000388081167224389,-0.000832867117983824,-0.00178409040489175,5.71283700324474e-05,-0.00258061920272248,-8.34851214083645e-05,-0.0023935857480827,0.00259799265525549,0.0067408404342755,-0.00652932664963238,-0.00279559723045196
"715.845",-0.000124243453825676,0.000244256228684739,-3.37947302781479e-05,-0.000427818958176349,-0.000234180357465664,7.65268064881937e-06,-0.000231225981277111,-0.000142041731979897,-4.95353563913279e-05,1.38170663826562e-05,0.000111988692816722,-0.000143508911175989,6.02335756002168e-05,-0.000243382652785817,-9.88147123824642e-06,0.000187394158005258,-0.000239133079589242,-4.26396758202013e-05,0.000469329606568648,-0.000194673435428504,-0.000191782503215044,0.00015690732389513,0.000234567919299809,-0.000315821234956484,-0.000453554087534238,-0.000280902607248639,0.000354878908742098,-7.93075076076285e-05,0.000401862207109233,0.00415166787834013,2.72362880879059e-05,-0.000193212325891017,-0.000264165346612396,-0.000279941559873375,-0.000570881868416924,0.000163633661850672,4.51088579319888e-05,0.000660746697878892,0.000257985769590072,-0.000291758297716828,0.000845813274075568,-0.00133906168965167,-0.000856915854775177,0.00098457085789408,4.78770935802704e-05,0.00028916179766628,0.000382287723178549,-0.00139207832456049,0.000645485302694036,-0.000752444569408175,-0.00504291981480678,-0.00500612347010565,0.00381872087317432
"720.586",-0.00019362767441371,-0.000431175417737566,2.18198955035085e-05,0.000459878301979141,-0.000244145622735061,0.000140888250260807,3.7400824732418e-05,-3.26417794397225e-05,2.42260129986824e-05,-4.35039360589801e-05,9.60135448842447e-05,-0.000249671346407646,0.000159854756370578,0.000263757741068074,-0.000218385950201846,1.88733140345745e-05,-4.05564883982232e-05,-0.000200125814318378,-0.000769811077440118,-0.000583181139635318,-0.000527036568434916,-0.000506409951479016,-0.000347753928018827,-0.000326746239859071,0.000340505109189565,-0.000481276712290051,0.000118210687505309,-0.000287251657100808,0.00287778342693721,0.00238034951276111,0.000270639547504764,0.000580525480573771,8.7913457398591e-05,0.000260132623261929,-0.000343396986440147,-1.12898000799856e-06,0.000393000082636657,-0.000801893095897719,0.00105181347899377,0.000110566322651399,0.000580041554847401,0.00014489635564036,0.000196175245864261,-0.000495415719419876,7.2168337574325e-05,0.000811858284054215,-0.000593522316847799,-0.000338518309753272,-0.00323657600423192,-0.00399933289881943,-0.0064893806132686,0.00224710229345127,0.00726370592843455
"725.329",0.000138840514033506,-0.000423706015945151,0.000122851625953778,0.000137520618636859,0.000501650843245619,0.00017599734386576,-0.000101333504884234,-2.78607479849818e-05,-0.000744538517662759,0.000153305096238091,-0.000611483914472928,-0.000425133732434565,-0.000152179411718984,-0.000287036339554528,5.66501590318558e-05,-0.000152363072242128,0.000232169667942629,-0.000201415432659907,9.21801290214016e-05,0.00019638079704005,-0.000278821036854777,4.54229437709793e-05,0.000464407440066835,-0.00028660635568395,2.04075999219275e-05,0.000548166871933957,-0.000181254050937379,0.000927087194260082,0.00463997577540963,0.000872252998503244,0.000234996871624614,0.000284006374640614,0.000237465694688141,9.79271486347213e-06,0.000210112490050982,-0.000212388158234413,0.000186303675763159,0.000311180266259477,-0.000368868313899524,-1.46357843221012e-05,0.00061748982006468,8.06427074784383e-05,-0.000236054973082039,-8.42047876595123e-05,-0.000342257646618978,8.7889332858354e-05,-0.000741896559061951,-0.000770387813733926,0.000873120308957303,-0.000536268991137984,-0.00218566494579016,-0.00463098241126273,-5.24937694141806e-05
"730.072",-2.94947054926891e-05,-0.000201067019843761,0.000497660452551411,-6.42531854119175e-05,0.000109607218678865,-0.000203481553720578,5.67745285120024e-05,3.31368993438127e-05,0.000257662977843551,0.00024295693537876,0.000138493335276803,-0.00013592157336425,-2.08941645407277e-05,-0.000178799523348654,0.000269789594282968,0.000163237936654237,0.000172273166521438,0.000127759754855054,0.000432513313880702,-0.000124376329824354,0.000194352721668204,0.000342954181080315,0.0002852782578251,5.49423734386856e-05,-0.000326459624992457,0.000275524841088035,0.000150420263010758,0.00119983167234104,0.00387651602605285,2.02868586115034e-05,6.88864180752023e-05,-0.000226836780900663,-0.000319315010525642,-2.06466781519281e-05,-5.32615704439884e-05,0.000355512413970125,0.000247025428615053,0.00017546543100125,-0.000252327425669877,2.77915986511854e-05,-0.000834936739684892,-0.000329767011448822,0.000236720031039096,8.34817872980318e-05,0.00122844593402256,0.00150644903910517,0.000568104092932937,0.000688923089971292,0.000219440823568279,0.0013023882226205,-0.00233955043080955,0.0238766990497579,-0.0179369074683331
"734.817",0.000269573428168029,0.000201302521182957,-0.000263130923368843,8.55223273077372e-05,-0.000204240568744561,0.000416242298910674,0.000108665833901647,-0.000207520690838919,-0.000127138309424543,-0.00011200052602762,4.8220205704654e-05,9.41835002884637e-06,0.000235305638244901,0.000378910794296452,-0.000136329847129801,0.000288723434697374,-8.23541485824499e-05,0.000396462561290272,0.000235412060536958,4.95405944134189e-05,0.000171799001274425,8.0232468324932e-05,0.000517591984032876,-0.000279377164342931,0.000698174414979003,0.000122392481544477,0.000352307912026738,0.00295829221494064,0.00103121331229574,0.000270664490909589,0.000347181456281457,0.000416831588967129,-3.01087346346541e-05,-0.00027726989926303,-0.000565747269316966,8.77840782153943e-05,-0.000536756096135366,3.77215894058928e-05,-0.000427445905989703,-5.77834488953479e-05,-0.000382794503956025,0.000197479977456509,0.000879624905027541,0.00187933886673877,0.00081617628424188,0.000862644386938948,0.00121616653117381,-0.000867563645322669,-0.00143883221428982,0.000693489221844066,0.00626859517276076,0.0107210716663823,-0.00817665752976442
"739.563",0.00141610035331425,0.000932588748113162,0.000669453442124456,0.000282428830071923,0.0005713368516669,0.000638599808940315,0.000195114855510269,0.000346730986593688,0.000429674277587657,0.000548528428796306,0.000493376767421167,0.000654669536034874,0.000747515511604952,0.000667296084490106,0.000600474417275349,0.000381240879001324,0.000497085066741519,0.000956775800364429,0.000834465195775325,0.000454333521975871,0.00109313731872382,0.000851363206910812,0.000907138035343884,0.0011067949597764,0.00073917456967995,0.000634331476088231,0.00204579460113409,0.00278030422161216,0.000798852286329098,0.000719508851718965,0.000461854116324907,0.000150630285905309,0.000863078438496796,0.000457067200121242,0.000312609608385351,0.000749406761413103,0.000336882840062175,0.000971500150068319,0.00106532941005805,0.000894389161915892,0.000108201942529455,0.000704205493688359,0.00109505131538388,0.00145344593558118,0.000475656612188595,0.00156496281520088,0.00119446521651649,0.00149159772587571,0.00509325870092998,0.000312987828842945,0.00746903535264182,0.0186480613020336,0.0721519857619054
"744.31",-0.000853792395605596,-0.000439837494255788,-0.000327005570809217,-0.000296916869142117,-0.000265580661634817,-0.000540056989894733,-0.000459759715518597,-0.000109813924630856,0.000219756326235621,0.000136049552005412,-0.000439179783047641,-0.000481345018408342,-0.000326267910500139,-0.00037861978172425,-1.07160745651513e-05,-0.000473982013539644,-0.000544318879488685,-1.17657268372106e-05,0.000276521411901522,-0.000854553155660658,-0.000653953513826312,-0.00100243505712212,-0.000447227716676552,-0.000948135217408594,-0.000607471566745936,0.000163175384860566,0.00107596275136887,1.76021023966149e-05,-0.000486683639625773,-0.000122612161960934,-0.000426445500530449,-0.000527861530057999,-0.000831910427540437,-0.000241884585059495,-0.00114647196314129,-0.000162749388997274,2.38970083249573e-05,-0.000633609704633288,-0.000396375271899695,-0.00121058042774612,-0.000500844219146226,-0.000814385730027706,-0.000788391910780183,0.000258836716398075,-0.000759181702409107,-0.00155134059693188,-0.00139091804643047,0.00146302840437746,-0.000905386408745756,-0.00411649415642659,0.0056508111519645,-0.0160851065183437,0.00642064738541308
"749.058",0.00076042938758572,0.000494499715918521,0.000140506337799431,0.000410549866513691,-2.87169520650519e-05,4.39852649093597e-05,0.000178817584787751,0.000394005532743736,0.000117780217356243,3.79081600846734e-05,-0.000264120899955576,0.000151485871708419,1.01879832243781e-05,-0.000155346714135792,0.000110139906473021,0.000308742568755329,-0.000232249337978294,0.000444326156478301,0.000327796635539664,-0.000733749758404847,0.000265558000747636,-0.0001667060239072,-0.000796253261687045,-0.00038130518006209,-0.000361909781480157,0.00109227598209646,0.000692081275410457,0.000177328024220236,-0.000575377005415981,0.000289667587273457,-0.000143681352139794,0.000471587683663271,0.000248545909648974,0.000126402582542193,-0.000320703238037799,1.00179595652987e-05,0.000331866909698625,0.000639232566651862,0.000150559255969831,0.000146476160796108,0.000520388453787765,0.000770036595808145,0.000871468670771819,0.00093799092095298,-0.000153386515478887,0.00221222683357351,0.00121941246232958,0.00170221458863623,-0.00148620644907737,-0.00120391261902659,0.00786930709735039,0.000940005339711093,-0.0108247434270807
"753.808",0.00144409265172462,0.000797082767107513,0.000467672885033953,0.000722901226949411,-2.91284534298531e-05,0.000941073755487758,0.000310931257545852,0,0.000392922163202003,0.000366882952876634,0.000434100881927539,0.000743006833679391,0.000334878451075019,2.88249677296492e-07,0.000276123149105684,0.000467416807998364,0.000150492029959171,0.000544054068715134,0.000880502198531882,5.27904895875139e-05,0.000826784705458043,0.000764722654133497,7.25735181395645e-05,0.00123353089485099,0.00141213822696435,0.00198346577464077,0.000786727287668232,0.000479992746953272,0.000724770341620089,0.000632818109920304,0.000605965969761828,0.000815118338247627,0.00113091214592343,0.000226375908532408,0.00072932547565589,-0.000190453348874237,0.000338225789269533,0.000439146643575978,0.000855961471178258,0.000375388766478143,0.000418366080224119,0.000296652220483399,-0.000503180765453442,0.0001550966883171,0.00111999063179482,0.00234884319443286,0.0024483319370586,0.0027396424679844,0.00163099873094385,0.00569685100580428,0.00478802111608432,0.0122891236524827,0.0354247769644317
"758.558",0.000333420215957869,-0.000108213959358967,0.00119793975628852,9.17530270754073e-05,-0.000119352761284695,0.000118833927588985,0.000261294398129928,0.000155954169706204,0.000129543040759805,0.00033387889028481,-0.000105926859937304,0.000346540880747258,-0.000198041016254756,9.69064480458458e-05,0.000260136930499021,0.000341351938955407,-0.000175882166286624,0.000253758637418877,8.79901287425534e-05,-1.40813732295015e-07,-0.00019794574807165,7.41088678479355e-05,-8.68772752639545e-05,0.00029820223392473,0.000680406939219324,0.000722272281417613,-0.000719484583648546,2.16439018382629e-05,0.000260479652657929,2.14838544535957e-05,0.000244615187274497,0.000648982630281583,-0.000150850985683598,0.000318003467422573,-0.000126365565427137,-0.00042295019014811,1.2826393464781e-05,8.15472019346712e-05,0.000471423681365579,7.65031983173058e-05,8.20406750579645e-05,-0.000301877864794029,0.000294898811976403,0.00129055417320304,0.000291757168387159,0.000350850849836591,-0.000191781654064812,0.00255693542909208,0.000949019840352048,0.00646064331903289,-0.000934170366645521,0.0100193368573804,0.0280295413831942
"763.31",0.000201465465564036,0.000345558508142426,-9.89560027844758e-05,-0.000375650750451135,-0.000748351535716734,6.53047770261026e-05,-8.35207697714518e-05,-4.31516805077172e-05,-0.000262828493888295,0.00021915664170959,-0.000126068690995815,-0.000256238477989622,0.000504644006751834,-7.57830111653137e-05,3.13947242033063e-05,0.000147450969754127,0.000212530091048365,-0.000880379541211684,-0.000554079475116442,0.000218645037177583,0.000268611885554056,-0.000567288721729393,-0.000201898972745197,-0.000980358553950499,-4.31140069669742e-05,0.00051017591065132,0.000166472500506846,0.000443254141766982,0.000398559364492482,-3.2889993038276e-05,-0.000477443093223535,0.000195372623388114,-0.000154062401744654,0.000122479059433234,-0.000501779760271682,-0.000677161630125036,0.000156236293946213,0.000386646575680956,-0.000160731686402231,0.00130941626326889,-0.000317740167663869,-0.000217658900018124,-0.00100251233147982,-0.000369405161938974,-0.000189318130134815,0.00078058869801045,0.000704247343379249,-0.00109040498034579,-0.000786443651413422,-0.00134852441655169,-0.0021618999561452,0.00692982147140155,-0.0468615807304062
"768.062",-0.000405220493432429,0.000153604857186981,-0.000226829926666956,-0.000224678852111902,-0.00104063330714082,0.000217040907459137,0.000439233923953212,-0.000414297163361134,-5.57132701403956e-05,-0.000130196467028627,-0.000663949893692019,-0.000184104720283127,-4.57651717773271e-05,-0.000209438080673508,-0.000750943119542967,-0.000596545351990934,-0.000202758244668092,-0.000118533078680971,-0.000650003193008223,-0.000591114327596282,-0.000135600823934227,-3.78963164062135e-05,-0.00112993640283392,-0.00207085993145884,0.000357482852746324,-0.00060323426165219,-0.000314027098315773,-0.000279612014851698,-0.00056997446409708,0.000353739376921439,-0.000591604414245808,-0.000394526525209226,-0.0005547139161771,-0.000487887307588015,-0.000694717035073208,-0.000894481232814026,0.00031563259132395,6.98484103354273e-05,0.000352762732042038,-0.000881263487636023,-0.000505457696831305,-0.00111681286755113,-0.000344167332955494,-0.000419837048700878,-0.00251220135219749,-0.000262635578981148,-0.000355377475836605,-0.000909387602087289,-0.00329772906013375,0.00196198142615058,-0.00530753626594216,0.00362594678531647,-0.0300244938505515
"772.815",-0.000546895789413147,-0.000474179749663042,0.000175425033592238,-0.000379700660430899,-0.000450038807886422,-0.000272923400167414,-0.000311514214348408,-1.88083331467834e-05,-0.000273256518489186,-0.000107023481577159,-0.000328558581796922,-0.000518799675349485,-0.000498092016175265,0.000374496093257097,-0.000783520551681883,-0.00104409731452997,0.000223947638833846,-0.000688505034592698,3.88991448003715e-05,3.97249901169014e-05,-0.000163184913373965,-0.000649364809309981,-0.000992105917313213,-0.00224962029794552,0.000447381554236825,-0.000307172890287507,-0.000381296247559734,-6.73087624105852e-05,0.000200917337008535,9.96393086426474e-05,-0.000120676550883199,-0.000251970023484906,-0.000388879194747881,-0.000940550688441188,-0.000306129465761925,-0.000919843426295327,0.000144163853198437,-0.000139898117966488,4.31373647139333e-05,-0.0010542146295165,0.000251335438875377,-0.00126235648321825,0.000585728447073015,-0.00125868726303271,-0.000955524867829566,0.000820106504381317,-0.000868680983082994,0.000190893454732391,-0.00256324708102679,0.00373754253594635,-0.00258229493438553,-0.0121262552042437,-0.00137926992798074
"777.57",0.000828237526954106,0.000823064009652184,0.000539381559252537,0.000664214874892988,0.000291364319210196,0.000613346222520453,5.75640782924899e-05,0.000296522777141409,-0.000114578120300666,0.000283595399867282,-8.32794423737676e-05,0.000309081666316875,0.000565489191961692,0.00016830666373316,5.42962607373307e-05,0.000477601275755949,0.000769960401367052,0.000483609044073997,0.000384279266481364,-0.000196090911996705,0.000800878814884087,-0.000402471035142836,-0.00022979846908732,-0.00146307747644174,0.000630056123906314,0.000660127432320274,-0.000194336913329534,0.00069551431564316,0.000672277557041056,0.000586163498225239,0.00129565905011128,-1.13491627637866e-05,0.000417117475990185,0.000600365682296329,-3.62487151390501e-05,0.0012032901638064,0.000589573785784434,0.000141915156483408,-0.000285374717217914,-0.000305108951670276,-0.000309719545888123,0.0015292900053773,6.19876696795484e-05,0.000403585550501237,0.000612551870975751,0.000167424713897947,0.00177188231566513,0.00346539246072623,0.00224118645876617,-0.000443636373409911,0.00693093636852029,0.00499097458546746,0.00646394796336633
"782.325",0.000242753905388959,-0.000345579619872441,0.000259499054120875,-0.000196344888784652,5.27803681303388e-05,0.000126191337608596,-0.000315067346113111,-0.000173914192537374,0.000180976067493094,0.000100766834292829,9.69200549617139e-06,0.000682591237895723,-9.69136051514588e-07,0.00029708737286904,0.000288321461646507,9.8710374137267e-05,3.41632657908605e-05,0.000638325728539611,-1.40668049478412e-05,0.000981244692020982,0.00096718638222325,0.000366357186907627,0.000180006264637928,-0.000391909404100215,-0.000302781157455905,0.000211434928266818,0.000464183681905441,-0.000312674646931956,-0.000370296781934495,2.89705156940431e-07,0.000294863387893156,0.000975377417689674,0.000320173535739295,-0.000305449895336176,-7.34425313210392e-05,-0.000180307945780338,-0.000136324635450127,5.7864532501111e-05,-4.6267611155261e-05,0.000879698587097643,-0.000401705976527354,0.00123057802206125,0.000104234892926858,-0.00118423971836003,-0.000509091702683174,-0.000102244233485074,-0.00122754746466965,-0.000694064725368445,-0.00120194442744302,-0.0017690989131676,0.00589860592552148,0.00240569384406587,-0.0338772119422166
"787.081",0.000199458627124909,0.000799556205969437,-1.39755091216532e-05,-0.000264178726670886,-0.000141332402412013,-0.000309469784819465,-0.000308716182648415,0.000224005720810376,-0.000364097761838146,0.00014775419412257,0.000262131165784314,-1.16897089535934e-05,-4.85095303109495e-05,0.000351204013957097,-0.000353947154158408,-0.000135780882884179,0.000623556995467276,-0.00010117839162727,8.35070761149088e-05,4.38667225103507e-05,-8.75274563357412e-05,0.00124918473785572,-0.00078426942660776,0.000666086692898622,-0.000261111141409322,-0.000108917792011486,0.000119240013865478,-0.000380543181695453,0.000213834876005909,-0.000270297051316236,-0.000105004137879444,-0.00019838415502316,3.48496932887835e-05,-0.000385527661819759,0.000563272482926701,-0.000317209591727756,-0.000167749739414539,0.000222387221668968,-0.000594400471146197,-0.000167353962802719,-7.17204907141602e-05,0.00101147069569742,-0.000108432636988605,-9.96618374156882e-05,-0.000406523362499767,-0.00181524977060281,0.000503719700744118,0.00208643001349168,-0.000195815336636872,-0.00117754724579958,-0.00577049226042144,0.004682983237087,-0.00075822732261528
"791.838",0.000198870705064252,0.000103921665802153,0.000454774617290923,-0.000653673912847144,0.000227798231478802,6.00204148233708e-05,-0.000323584748713206,0.000282896412800014,0.000215240317706049,-0.000304414511461069,0.000154989934893442,0.000505187352288215,4.47377493499775e-07,0.000328117883335023,1.99960498709501e-07,-6.78705208461348e-05,0.000347890773955759,0.000176459896594723,0.000386478771033176,0.000159753266466296,-0.00102386472324479,0.00122703779175441,-7.52431739082429e-05,0.000352984866964264,0.000508861430844524,0.000180753021249793,0.000214391451654755,-0.000344421701060907,0.000189938179421357,0.000657567794898419,-0.000128226627550732,0.000441816514954155,0.000305930798093837,-0.000108076931502267,0.000375132085194378,-0.000712636926834324,0.000516335462410695,-0.000266710494843277,0.000562500501467484,0.000534535345624262,0.000232495818492051,-0.000563641890552131,-0.000624688949333168,-7.46733436899306e-05,-0.000435216280525649,-0.00181342230340061,0.00251663960598854,0.0034058165649344,-0.000454678677434437,-0.00181262524778225,-0.0036054305207637,0.00796015594805738,-0.0114653528144388
"796.596",0.000928983270590817,-0.000287216972817261,0.000830338433707089,0.000473480187008097,0.00067251353892128,0.00113761207298372,0.000467258281277875,0.000481287993398272,0.000756050965798281,0.000452027269369122,0.000117457790152666,0.000444293593215498,0.000158208230715276,0.000835892422462569,3.39310783672292e-05,0.000597916803112522,0.000891024011187797,0.000218625428969781,0.000492011019735772,0.000341178755481819,0.00180713987621964,0.00138818068595296,0.000395729497484906,0.000238871898533595,0.00169451300716843,-0.000258807131630238,0.0008004226951008,0.0011251758012858,0.000737560159186646,0.00062213879595584,0.000509248158589301,0.000462064915061166,0.000599217232543304,-2.46619503474049e-05,0.00123592381339026,0.000712147892326728,9.95637903886642e-05,0.000377029935715659,0.000428660092999849,-0.00051111406074488,0.000126858770534525,0.000849970915379924,0.00173035214735068,0.00224370875302575,-2.98627980043435e-05,0.000816949548977012,0.00256329057834765,0.00321058858498071,0.00561494490788864,0.00562315430996466,0.00101625870408032,-0.00174098540735711,0.0676660226199233
"801.355",0.000378077759659431,0.000117146107984983,-0.000211051755701369,0.000653126574836036,4.78436071428737e-05,0.000386199554108752,0.000271195463739559,0.000103996597839189,0.000163426936015669,0.000314174372218576,0.000221517883248207,-0.000272550219327726,3.18802428748715e-05,0.00055735845704945,-5.01081231248216e-05,0.000408255457853373,-0.000221446816989188,0.000720731142955617,0.000388790027664782,0.000729747963271152,0.000592260415312415,0.000265637063108242,0.00066361625247961,0.000437294637042678,0.000371286898688841,0.000255099117185799,0.000115301702546385,0.000658091541611954,0.000542781652629968,0.000289195295138465,-0.000204882618914544,-0.000214960853873514,0.000527708782618824,0.000645448084981297,0.00069287358437031,0.000185655519171035,0.00060157954244798,0.000937904974503392,-1.29192263089026e-05,0.000632076285224287,0.000141837982498396,-0.00011951646893814,0.000661779465758138,-0.000174117080295573,0.00193845410784891,-0.000644092258394254,0.00121727030749739,0.00160895359718147,0.00296583153496056,0.00374290586786791,0.00938784927063803,0.00360288340710742,-0.0071395085816576
"806.114",-0.000670481303341208,-0.000247457225503447,-0.000175923826589766,-0.000353220835540771,-8.57720349969262e-05,-0.000140552934897507,1.95037274457965e-05,-9.83201533489228e-05,-0.000188531555248689,-0.000206085371746983,6.79857943030816e-05,-0.000737470833275977,-0.000243169392242985,-0.000196243499679676,-0.000280579113531091,-0.000248936254788642,-0.000178403615746907,-0.000221543792898306,0.000340159476765456,0.000288105562315785,0.00037666005688689,0.000496914976436548,-0.000581068445406551,-0.000736593406164128,-0.000327587672808374,0.000318116070568336,-0.000356045837117521,0.000292461829165751,-0.000480135963673885,-0.000154561492527291,-0.000194688849627504,0.000132963063794197,-0.000434727647340925,-0.00016923113843991,-0.000209152808103311,-0.00016268205844196,-0.000147528278138161,1.2833938934307e-05,0.000150990268561093,0.000426394862532376,0.000110038073569556,0.000171545577871623,-0.000227327576131811,-0.0012194265631881,0.00124980237473548,-0.00113470802570892,0.000589771992852148,-0.0019674805717091,-0.00211007030690079,-0.000236026128150646,0.000767078498108584,-0.0110629641760522,-0.0245493371179594
"810.875",0.00139836036815839,0.00115727047028683,0.000928003579603827,0.000884779314689272,0.000705406111595291,0.000245646619211246,0.000740895759824679,0.000427547890411855,0.000600710506833121,0.000419774793987834,0.000782716803170857,0.000868116984782116,0.000338001441642193,0.000999651882287393,0.000521172836439316,0.00120395352195547,0.000389968071460399,0.00111875771788835,0.00248831503734864,0.00185963899017747,0.00111672729866128,0.00179395815060651,0.00131558948788596,0.000356249986161894,0.000730897688690903,0.000805983969280287,0.000607057331277819,0.000522210897608945,0.0016386233901325,0.000888415454845094,0.000204494914081783,0.000480917863759964,0.000434633199869155,0.000518431462269012,0.00100077131226105,0.000742256936332269,0.000809937176653917,0.000507922926925493,0.000728281771590197,0.00107299060389577,0.000645568153631144,0.000563246303612944,0.00134281046666333,0.000631652429452736,0.00178532439627818,0.00199329744481394,0.00313441398304014,0.00120669736824766,0.00587472934566202,0.00724943775243622,0.00481151363009931,0.000708071296146463,0.0327625676825347
"815.635",-0.00131303177364682,-1.33644317614434e-05,-0.000282728519083323,-0.000885270003847608,-0.000810361783830733,-0.000509875017559307,-0.000106484643080027,-0.000237589149472639,-0.000164299515781349,-0.000153071089576132,-9.41653871648985e-05,-0.000960115681540289,-0.000751679632180682,-0.000773396235144147,-0.000111108277815658,-0.000179540223182444,0.000157812127045046,1.05994819899729e-05,-0.000102256190747975,-0.000555720901817314,-0.000863859061006554,-0.000286091959762455,-0.000829727309781208,-0.000460823913958573,-0.000262649267038711,0.000243484330153461,0.000272188408900529,-0.000647930004592529,-0.000522004797086736,-0.000815173757023547,-0.000225246175746389,-0.000194533979754123,-0.000817890693843521,0.000465428025656276,-0.000220183051516309,-0.000221084736583083,-0.000503485239826096,-0.000195962094642114,-0.000371685007363314,-0.000338338430513741,6.23052986715633e-05,-0.00015422946706389,-0.000568632314015332,-0.000915353965503234,-0.000739798008769973,-0.000981553210108154,-0.000296235595401099,-0.000805035460595397,-0.00216743992696133,-0.00399284620197732,-0.00940766155065901,-0.00701142766641609,0.00353450378432681
"820.397",-0.000451303453331512,-0.000234520127087639,-0.00083458170733444,-0.000309897495775763,-0.000638309575641854,-0.000746149033819754,-0.000548823557704521,-0.00043926110588482,-0.000156799621057811,-0.000473163700909575,-0.00023845854648476,-0.000171484004840439,-0.000327112419673864,-0.000710600834390419,-0.00087184177842003,-0.000327942800887146,-0.000864277150198811,-0.000665866829526667,0.000548521144265921,-0.000870023689112842,-0.000911927719606767,-0.000783919299494939,-0.000747023280684227,-0.000793544623204572,-0.000272854075551191,-0.000201492366358761,-0.000429328375476269,-0.00057455241735603,-0.000542853001081224,-0.00100138442461342,-0.000521868721287242,-0.000112431189861403,-0.000641569907792451,-0.000825349438456052,-0.000824863900536061,-0.000162359049669148,-0.000662827300207241,-0.000703317741250233,-0.000645435092001822,-0.00105872742826138,-0.000536012782130987,-0.00114580120528733,-0.00098364696556968,-0.00104520831603935,-0.00198925163792721,-0.00269876516197044,-0.00121805231811845,-0.00380029461963165,-0.000855631637416097,-0.0037432537230169,-0.00546332159172792,-0.014934198194831,-0.0412147183467349
"825.159",-0.000232624834328375,-2.46776634638292e-05,-9.39902343328861e-05,0.000232575235470907,0.0006003811477878,0.000202519073366542,0.000271559636485744,-0.000144452362255918,-3.23065598902286e-05,-0.000259955939062724,0.000689394394465235,0.000212669116487204,-0.000200203421642251,-0.000700588232440135,0.000129705244825156,2.05679558169516e-05,0.000484421097278126,0.000472332766714252,-1.21870920198677e-05,-2.89868136010992e-05,0.000303274971001188,0.000416157403836983,-9.48782010515626e-05,0.000184182542869786,0.000480315833576818,0.000169621293536434,0.000355937297022552,-0.000146263868061683,0.000427822218298842,0.000165288860482644,8.18339382460624e-05,6.14442985378844e-05,-2.05966474804216e-05,1.08058788637192e-05,-0.000296762030291832,-4.63822811084621e-05,0.000847146862607263,0.000455748582893013,0.00096189573670132,4.40367586928084e-05,0.00122786560445193,-0.000392939298899029,0.000264762854607609,-0.000414749655454155,0.000510059848216592,-0.000582972247806376,0.000958836712336566,0.00201178829882934,0.00245242663438216,-0.000156944921093299,-0.00012791667266356,-0.00457930531492522,0.0215007769268108
