"","500","495","490","485","480","475","470","465","460","455","450","445","440","435","430","425","420","415","410","405","400","395","390","385","380","375","370","365","360","355","350","345","340","335","330","325","320","315","310","305","300","295","290","285","280","275","270","265","260","255","250","245","240"
"248.336",0,0,0,0,0,0,0,0,0,0,0,0,0,0,0,0,0,0,0,0,0,0,0,0,0,0,0,0,0,0,0,0,0,0,0,0,0,0,0,0,0,0,0,0,0,0,0,0,0,0,0,0,0
"252.814",0,0,0,0,0,0,0,0,0,0,0,0,0,0,0,0,0,0,0,0,0,0,0,0,0,0,0,0,0,0,0,0,0,0,0,0,0,0,0,0,0,0,0,0,0,0,0,0,0,0,0,0.0386437759873779,0.0125414522231045
"257.296",0,0,0,0,0,0,0,0,0,0,0,0,0,0,0,0,0,0,0,0,0,0,0,0,0,0,0,0,0,0,0,0,0,0,0,0,0,0,0,0,0,0,0,0,0,0,0,0,0,0,-0.0484571983708049,-0.0156494622628385,-0.0538067137267145
"261.781",0,0,0,0,0,0,0,0,0,0,0,0,0,0,0,0,0,0,0,0,0,0,0,0,0,0,0,0,0,0,0,0,0,0,0,0,0,0,0,0,0,0,0,0,0,0,0,0,0,-0.0225155208339982,0.0103478699196371,-0.00442835890196902,-0.00408383312560234
"266.271",0,0,0,0,0,0,0,0,0,0,0,0,0,0,0,0,0,0,0,0,0,0,0,0,0,0,0,0,0,0,0,0,0,0,0,0,0,0,0,0,0,0,0,0,0,0,0,0,-0.0457552677611424,0.0048326526644169,0.011016875174712,0.000454547259011506,0.00170968311563391
"270.764",0,0,0,0,0,0,0,0,0,0,0,0,0,0,0,0,0,0,0,0,0,0,0,0,0,0,0,0,0,0,0,0,0,0,0,0,0,0,0,0,0,0,0,0,0,0,0,-0.0251459188371181,-0.00251131592264422,-0.00749510959328382,-7.10582247054337e-06,0.00232425580534057,-0.0942891789118993
"275.26",0,0,0,0,0,0,0,0,0,0,0,0,0,0,0,0,0,0,0,0,0,0,0,0,0,0,0,0,0,0,0,0,0,0,0,0,0,0,0,0,0,0,0,0,0,0,0.211160730930795,0.00549264970802471,0.00382117431159602,-0.00262443100655545,0.00179209255468482,0.00128009952024394,-0.0110390309404312
"279.76",0,0,0,0,0,0,0,0,0,0,0,0,0,0,0,0,0,0,0,0,0,0,0,0,0,0,0,0,0,0,0,0,0,0,0,0,0,0,0,0,0,0,0,0,0,0.0118767402947166,0.0346583361178578,0.0055659410292399,0.00628009035873743,-0.00414119483094466,0.00553434510456013,0.0102977265259296,0.00670493482501249
"284.264",0,0,0,0,0,0,0,0,0,0,0,0,0,0,0,0,0,0,0,0,0,0,0,0,0,0,0,0,0,0,0,0,0,0,0,0,0,0,0,0,0,0,0,0,0,0.0270001553183076,0.0202795940125157,0.0154523825385172,0.00870857328493257,0.00790087821804986,-0.0003285033076732,-0.0164732736117091,-0.0114835546793274
"288.772",0,0,0,0,0,0,0,0,0,0,0,0,0,0,0,0,0,0,0,0,0,0,0,0,0,0,0,0,0,0,0,0,0,0,0,0,0,0,0,0,0,0,0,0,0.0384988120274488,0.0410058467072518,0.0438896500985228,0.0330173970209062,0.0132779075035798,0.012191850875391,0.00421066235112064,-0.0121706618373711,0.00906796928090243
"293.283",0,0,0,0,0,0,0,0,0,0,0,0,0,0,0,0,0,0,0,0,0,0,0,0,0,0,0,0,0,0,0,0,0,0,0,0,0,0,0,0,0,0,0,0.02558409321903,0.0505319994182052,0.0622130656192236,0.063255405330034,0.0446874610446799,0.0303080645352388,0.0121144708749671,0.0075916354178823,-0.00302635710235894,-0.00632164155894258
"297.797",0,0,0,0,0,0,0,0,0,0,0,0,0,0,0,0,0,0,0,0,0,0,0,0,0,0,0,0,0,0,0,0,0,0,0,0,0,0,0,0,0,0,0.00554114710102133,0.0274453406675781,0.0619778309622605,0.0786846286485986,0.0732010139222001,0.0534476631872761,0.0414127258682325,0.0257552878508304,0.00769867528379072,0.000237389831810753,-0.0420192152653571
"302.315",0,0,0,0,0,0,0,0,0,0,0,0,0,0,0,0,0,0,0,0,0,0,0,0,0,0,0,0,0,0,0,0,0,0,0,0,0,0,0,0,0,0.00119555242487551,0.00683476177550837,0.0318231826319847,0.0685375921175078,0.0860250933754227,0.0817827499732483,0.0641356675949172,0.0458359457515409,0.0360513755040391,0.0210831623760405,0.0115423124164038,0.0192897133916572
"306.837",0,0,0,0,0,0,0,0,0,0,0,0,0,0,0,0,0,0,0,0,0,0,0,0,0,0,0,0,0,0,0,0,0,0,0,0,0,0,0,0,0.0713668203003741,0.00187374994614756,0.00852883174871166,0.0340686324445187,0.0671164467785886,0.08252975902524,0.0782512848163294,0.0653431631638902,0.0453957203474728,0.0305482224458211,0.0196253349112821,0.0150559886280404,0.0308043422124064
"311.362",0,0,0,0,0,0,0,0,0,0,0,0,0,0,0,0,0,0,0,0,0,0,0,0,0,0,0,0,0,0,0,0,0,0,0,0,0,0,0,0.103364163977729,0.00404869886148051,0.00357261292082209,0.0112174179030654,0.0349443695802857,0.0601799495481103,0.0787534646742686,0.0764805032687252,0.0604760347138624,0.0437201702263602,0.0258385322169358,0.0168165801981084,0.0121635871433978,0.0197584902207637
"315.89",0,0,0,0,0,0,0,0,0,0,0,0,0,0,0,0,0,0,0,0,0,0,0,0,0,0,0,0,0,0,0,0,0,0,0,0,0,0,0.00668218190128456,0.00562057750307634,0.00194316154109167,0.00461547623221232,0.0148566188185741,0.0328451869388872,0.0627064877967134,0.0716624296149226,0.0712837709060706,0.0551047980591137,0.0409141947993474,0.0283635505817379,0.0161034872880094,0.00464457815110663,-0.0372379515362155
"320.422",0,0,0,0,0,0,0,0,0,0,0,0,0,0,0,0,0,0,0,0,0,0,0,0,0,0,0,0,0,0,0,0,0,0,0,0,0,0.000872739395620492,0.00366853667775992,0.00311527712400431,0.00533380705151706,0.00939788749089902,0.022977207273856,0.0404114475865593,0.0627251857305844,0.0716875110013283,0.0732214527035917,0.059487533565538,0.0482334866037242,0.0362187131639248,0.0343712647061147,0.0236630412700335,0.0538172938070299
"324.958",0,0,0,0,0,0,0,0,0,0,0,0,0,0,0,0,0,0,0,0,0,0,0,0,0,0,0,0,0,0,0,0,0,0,0,0,0.000894481899558541,0.000495930968724093,0.00279970999295151,0.00396355968916663,0.00572696374632693,0.0122563860421861,0.0289667937450686,0.0487483525420776,0.0655934744617619,0.0756799240220334,0.0732229869236034,0.0623119457967137,0.0498778652896352,0.040987381033096,0.0348703772027291,0.028290437738466,0.0289166961812751
"329.496",0,0,0,0,0,0,0,0,0,0,0,0,0,0,0,0,0,0,0,0,0,0,0,0,0,0,0,0,0,0,0,0,0,0,0,-0.000687933478041414,0.00151238699908947,-0.000222208850146868,0.00131539343962188,0.00181419701488627,0.00644751881076167,0.0134873495966978,0.0315199869166134,0.0548261276511831,0.0681550124537311,0.0771440673030724,0.0709542166953606,0.063740141154158,0.0494310993659771,0.0380247686830228,0.0337653229168721,0.00906733941319287,0.00695511515847672
"334.038",0,0,0,0,0,0,0,0,0,0,0,0,0,0,0,0,0,0,0,0,0,0,0,0,0,0,0,0,0,0,0,0,0,0,-0.000507803981432797,0.000384038536308973,0.000221585381656491,0.000897067498359192,0.00189468961834016,0.00305484683040633,0.00588072699842859,0.0161157352240743,0.0356600121366863,0.0590737864739994,0.0718245438243024,0.0772529788136953,0.0744763254106995,0.066136977348906,0.0525053291075033,0.0428181725675644,0.0228066037094864,0.0142660704507473,0.00470311162694913
"338.584",0,0,0,0,0,0,0,0,0,0,0,0,0,0,0,0,0,0,0,0,0,0,0,0,0,0,0,0,0,0,0,0,0,-0.000457471713512403,0.000590309830938746,0.00106306148309602,0.000633824422607017,0.00127136123486692,0.00193200343967017,0.00460903710503928,0.00881490369452945,0.0176293576748308,0.0399706528574718,0.0636843250217644,0.0747067051354799,0.0798229176188474,0.0742324330064916,0.0690005560234046,0.0491364879236497,0.0456399276350653,0.0320698888969956,0.0116580681870435,3.7625996598508e-05
"343.133",0,0,0,0,0,0,0,0,0,0,0,0,0,0,0,0,0,0,0,0,0,0,0,0,0,0,0,0,0,0,0,0,0.000217898961089369,0.00731015877599703,0.000653415645842932,0.000804903474266825,0.00181615994128037,0.00182282869430982,0.00359958514824815,0.00495004271079832,0.00932189457675872,0.0173750017674694,0.0431078638022191,0.0641506919571976,0.0754488508538433,0.0804888423331915,0.0774339302095496,0.0685924357920754,0.0573353560370965,0.04398483802586,0.0376661785573252,0.0365630912932925,0.0318531901291725
"347.685",0,0,0,0,0,0,0,0,0,0,0,0,0,0,0,0,0,0,0,0,0,0,0,0,0,0,0,0,0,0,0,0,-0.00104863443649911,0.000262340294077804,0.000880431581836573,0.00124639580004154,0.00141869849660987,0.00281852396465086,0.00399910412262333,0.00450044382231561,0.010365905608495,0.019398067047217,0.044347257168582,0.06435165441204,0.0745485988615261,0.0791870419460147,0.0753266239088598,0.0711243137241139,0.0588405891853271,0.0476398101577812,0.0401613829281113,0.0444252138079052,0.00466858423480537
"352.24",0,0,0,0,0,0,0,0,0,0,0,0,0,0,0,0,0,0,0,0,0,0,0,0,0,0,0,0,0,0,0,-0.00470124816698936,0.000732341779604012,0.000422739727544353,0.000472048975938616,-2.32883414014971e-05,0.00110633327897652,0.00196333666757004,0.00360563619983811,0.00410516909265145,0.00836066183976271,0.0182898158379081,0.0429339339354882,0.0621403259732382,0.0706688849670811,0.0757053033557756,0.0699978650095627,0.062237130047255,0.050363154696853,0.0403139626820152,0.0306197770763922,0.0251341765244152,0.000671166309669215
"356.799",0,0,0,0,0,0,0,0,0,0,0,0,0,0,0,0,0,0,0,0,0,0,0,0,0,0,0,0,0,0,-0.00573165488813787,0.000168507285683645,0.000585923742973509,0.000763660102158359,0.00103395659690817,0.00150794275534627,0.00230238986314037,0.00249179685016272,0.00372746444908288,0.0053426261679307,0.00939138302589677,0.0189004023984587,0.0409141830710955,0.0612770542413003,0.0700367384271912,0.0739313679562407,0.0704861463047806,0.0630189445561614,0.0568646671855255,0.0436904786546477,0.0363819002757129,0.0239792358489554,0.0476633733325649
"361.361",0,0,0,0,0,0,0,0,0,0,0,0,0,0,0,0,0,0,0,0,0,0,0,0,0,0,0,0,0,-0.0114228398099377,-0.000286873978023742,-0.00024694815519395,4.19842119692062e-05,0.000230274270387126,0.00116209819763707,0.00012514517438398,0.000820720516220841,0.00103805546908692,0.00211983418571041,0.00398393918000575,0.00766300093406904,0.0159059797362559,0.0353175071589063,0.0561121936713022,0.0626973503270477,0.0640618866007372,0.0606264155558722,0.055419861984973,0.0466072932234919,0.0384960265728037,0.0259828745905033,0.0311370863323402,0.0503527403547604
"365.926",0,0,0,0,0,0,0,0,0,0,0,0,0,0,0,0,0,0,0,0,0,0,0,0,0,0,0,0,-0.0159501246354926,-0.000596931751701751,0.000417054114384352,-8.35472914724718e-05,0.00055024120691622,0.000135817645751549,0.00104063261337565,0.00175078241057909,0.00153871138462686,0.00237810348405573,0.00201491615628997,0.00361254521210573,0.00599761865363473,0.0149947004967223,0.0342857842132978,0.0510894719440706,0.0560868444441685,0.0594323366499223,0.0566738270663539,0.0532143794949075,0.0405202560398564,0.0300612992442559,0.0269545080981221,0.0121130047664661,-0.00177515940235878
"370.495",0,0,0,0,0,0,0,0,0,0,0,0,0,0,0,0,0,0,0,0,0,0,0,0,0,0,0,-0.0279448613558553,-0.00220207184774394,-0.000645562978929818,0.000667985077571677,0.000140860687844841,0.00083377129975743,0.0013528926657054,0.00184931606891262,0.00140238526151204,0.00136458979260965,0.00246130603275492,0.0024902344303176,0.00434327765070205,0.00551056912714449,0.0131396310733172,0.0310151239687285,0.0472976599788714,0.0529926798089371,0.0527013841248492,0.0525493660133215,0.0444300751732885,0.0390571897150048,0.0293407081210911,0.0167661805348708,0.00937643820068564,-0.0124633893812001
"375.067",0,0,0,0,0,0,0,0,0,0,0,0,0,0,0,0,0,0,0,0,0,0,0,0,0,0,-0.0315622833578085,-0.00325462951318211,0.000525075318215249,0.00045018205903965,0.000483382660918034,0.000859936870317145,0.00085150281749598,0.00227123290827033,0.00139972935715965,0.00257344500630752,0.00255760212808124,0.00278822606265722,0.00286289616869376,0.00472163399401163,0.00608441758778916,0.0126708222094887,0.0293702778529872,0.0425399315395921,0.0496758329712382,0.0499071036700181,0.048570051347429,0.0418415935202488,0.0375662259565234,0.0308192171631735,0.0316715218217711,0.0189121815876352,0.025594030948486
"379.641",0,0,0,0,0,0,0,0,0,0,0,0,0,0,0,0,0,0,0,0,0,0,0,0,0,-0.0255390972620849,-0.00579247876590497,-0.00050213928615593,-0.000559062934589718,-0.00033422383335424,0.000378051104117262,0.000486811821984617,0.000772319589591272,0.00040936352225461,0.00273416865485,0.00179370363913258,0.00142075082604467,0.00205210561466503,0.0023120980844256,0.00279485110194588,0.00640225369571121,0.0110316029583272,0.026089561988068,0.0364285821507485,0.0417907310696091,0.0454429264290719,0.0425315402025973,0.0359138596953273,0.0310195154868605,0.020632284611795,0.0254201664215654,0.00992617767806964,-0.0411401895892908
"384.219",0,0,0,0,0,0,0,0,0,0,0,0,0,0,0,0,0,0,0,0,0,0,0,0,-0.0256434588745561,-0.00496298630545516,0.00106803217546159,0.000856829205707416,0.00121339050120406,0.00105568142668994,0.0011887593627843,0.00113015083262082,0.00248489749498605,0.00264505247232645,0.00211982506758717,0.00350584526822672,0.00316541967200858,0.00294932966730967,0.00385711788748925,0.0053355026991054,0.00607013332585723,0.0116435979218923,0.0249227496425548,0.0359241975240193,0.0400940051724453,0.0405093199108445,0.0390305465511243,0.0355552079122662,0.0307291605320407,0.0262896890332832,0.0309985571855705,0.031116684704235,0.0346717172090363
"388.801",0,0,0,0,0,0,0,0,0,0,0,0,0,0,0,0,0,0,0,0,0,0,0,-0.0221289102126827,-0.00738554511735504,0.00105563869434078,0.000257039819985566,0.000446098138273154,0.000724164304647503,0.00108658378741715,0.00166258969344916,0.00192826107292578,0.00218487150833349,0.00143630791822957,0.00267519220437094,0.00285775161599797,0.00291400538768177,0.0033996488156956,0.00377927683705998,0.00445799970617975,0.00495956429556512,0.0114274430182332,0.0207829544860779,0.0309792652466957,0.0336895049103436,0.0349207493132715,0.0340174318091891,0.0302382091787993,0.0259466861097304,0.0234417138560622,0.0228768037884008,0.0170378611542601,0.0126837273408498
"393.385",0,0,0,0,0,0,0,0,0,0,0,0,0,0,0,0,0,0,0,0,0,0,-0.000871322666575969,-0.0205495959145888,-0.00142010146367617,-0.000847194208133925,-0.000542700807190262,-8.505112446687e-05,0.000272827602847824,0.000136006164825129,0.00168953584096692,0.00170491018155781,0.0012989944947599,0.0020919081893176,0.00160672002958988,0.00183983453857805,0.00178817731504823,0.00311614108237995,0.0020027498203283,0.00275888158755671,0.00353169277962924,0.00759550011273562,0.0172503780536994,0.0246837066927355,0.0278554385895267,0.0278013021045037,0.0256072651735939,0.0243141123167612,0.0189833997043919,0.0129304670562722,0.00743540165145277,-0.0103507454968555,-0.0220165402587802
"397.972",0,0,0,0,0,0,0,0,0,0,0,0,0,0,0,0,0,0,0,0,0,-0.000590224853963317,-0.0157153496205383,3.50018777774321e-05,-0.000197343676507236,1.64345593630317e-05,0.000477779742142763,0.000440179505200153,0.000423429238455061,0.00100739022651011,0.00127368562438916,0.00176792636073757,0.00190491907082299,0.00275207651934785,0.00163922068272429,0.00298157898803772,0.00193930074975629,0.00227636092190815,0.00270791897007301,0.0030945492390236,0.00475400957534224,0.00727962306865673,0.0155258871982999,0.0226010032968859,0.0234589345883076,0.0244411383052533,0.0249442191484873,0.0226637847602862,0.0199708798176021,0.0142735944614469,0.012475540671246,0.00738161344059833,0.00661861508461882
"402.562",0,0,0,0,0,0,0,0,0,0,0,0,0,0,0,0,0,0,0,0,-0.000382021366964747,-0.00723053966973042,0.000268206345454484,0.000588522008842675,0.00032625226749892,0.000232022647243213,0.000664202355166518,0.000848964868180864,0.00141765927650948,0.00101316796442595,0.00125057010248852,0.00210655259879709,0.00202521738186334,0.00193887922155129,0.00279493097825969,0.00161764811049007,0.00294555663170242,0.00325061142901324,0.00292857986920051,0.00338269712850326,0.00517411828642256,0.00768175415992193,0.0134147928776872,0.0194394355737522,0.0218255234564564,0.0218487520441264,0.0224494493620351,0.0200046993530058,0.0165509914613098,0.0139178680933034,0.0115773604159726,0.030131206626854,-0.00581478717018118
"407.156",0,0,0,0,0,0,0,0,0,0,0,0,0,0,0,0,0,0,0,-0.000666973080450384,-0.00216763432803954,-0.000254791491309808,-9.7021403728696e-05,0.000360894757747225,-0.000382194181394204,0.000547392829273389,0.00026952751401096,0.00095061049443514,0.00182070670233835,0.00152320055660415,0.00131234188539808,0.00142938811162623,0.00218401860903091,0.00262390495369361,0.00262053631643507,0.00192321724665254,0.00257355792344334,0.00282337421216923,0.00227063592688265,0.00315254686197926,0.0035141113833326,0.00631868776399155,0.0123542577914402,0.0168129895656096,0.0178687255021276,0.0194360988262696,0.0188057175854241,0.015104834888329,0.012033852023902,0.0144469670777032,0.00809780141045017,0.0156249349834305,0.00243785590022063
"411.752",0,0,0,0,0,0,0,0,0,0,0,0,0,0,0,0,0,0,0.00121034313436319,-0.00719612392616173,0.00122972280634517,0.000384803422136858,-0.000208579070442185,0.000830176658845887,0.00125511487065561,0.000723776891408348,0.00127184106706032,0.00159031329442292,0.0014260254324087,0.00167650981744036,0.00180189956331253,0.00239004768782293,0.0028968395757981,0.00240386643806279,0.00261211741981907,0.0027774064240822,0.00325377453729496,0.00314982683008874,0.00326115430535349,0.00305407403605843,0.00378177440737091,0.00557587760800924,0.0106759143754682,0.0145966656458657,0.0158908741492529,0.0168731836268349,0.0189939347516227,0.0155310024725636,0.0131053752612124,0.012434711499708,0.0142187380234885,0.00788760165253638,0.0362797978168972
"416.352",0,0,0,0,0,0,0,0,0,0,0,0,0,0,0,0,0,0,-0.00813755095059193,-0.000181840773833174,-0.000210826794121408,0.000221406017012964,0.000286365148364381,0.00040316382609503,0.000211063250386953,0.000173033510421726,0.000872312958717194,0.000673873867003398,0.000541220454607041,0.00159955593917655,0.00147059957856651,0.00182413024034921,0.00176588212517621,0.00221707053108714,0.00266567130677634,0.00187072149097725,0.00197282386639146,0.00225399538382893,0.00271467854463487,0.00252250049610656,0.00334005028751455,0.0047252044872547,0.00843368561283888,0.0122702405123874,0.012625104791523,0.0129113799189197,0.0157515711310202,0.0124178484807324,0.012452107729574,0.00687044830454276,0.00604742797487685,-0.0020665751953191,-0.0360835166008576
"420.954",0,0,0,0,0,0,0,0,0,0,0,0,0,0,0,0,0,-0.00953547824416293,-6.877053978303e-05,0.000765320630283982,0.00120145064369423,0.000308259122337432,0.000553499296736181,0.000660107533109075,0.000575334131358381,0.00137191311783237,0.00160037819726376,0.000255768720618117,0.00105069415530086,0.00179614079098102,0.00191943964842801,0.00231276268917095,0.00271409565122752,0.002999576843402,0.00246004996660291,0.00280295162654401,0.00301513947399058,0.00260784947520142,0.00336578607454177,0.00238118160648172,0.00373138242352228,0.00498351362405871,0.00856684318168307,0.0101019749113968,0.0112147809410368,0.0131905691680917,0.0121823642336146,0.0123378496975928,0.0112816625161386,0.0143125665786704,0.00972240881384387,0.0118581734847476,-0.00962804077851406
"425.56",0,0,0,0,0,0,0,0,0,0,0,0,0,0,0,0,-0.0114463477009817,-0.00114858903516189,0.000737449858303132,0.000500153904753912,0.000102679117079354,0.00122289962305474,0.00106024572017699,0.000916044117277672,0.000448121147498594,0.00161075934225986,0.00123252522534568,0.00152283161366995,0.00228194454189933,0.00239067162406696,0.00133697484619034,0.00247669514207114,0.00295852880356997,0.00266428661231607,0.00234733384414472,0.00276731581212194,0.00306872269662095,0.0022743545934844,0.0028885318773579,0.00230294276850951,0.003352699265923,0.00434877934717569,0.00789164499518123,0.0101072167189428,0.010407496068285,0.0117184280963152,0.0113693582483044,0.0102890719872709,0.0106820718335443,0.0115230201537436,0.0060985412532281,0.0163567855290826,0.0180804774517617
"430.168",0,0,0,0,0,0,0,0,0,0,0,0,0,0,0,-0.0120511695386932,-0.00221869232307694,2.93045843013776e-05,-0.000458863175312377,0.000472036202680072,-0.000151321470115915,-0.000246961542987709,0.000165388420262058,1.56138135181429e-05,2.90483152772733e-05,5.40193912870746e-06,0.000658704393858574,0.000896840459490508,0.0014770338452792,0.00133263841948719,0.00153044261664758,0.00118425653729822,0.00245176436490454,0.0015130848964583,0.00195394721511503,0.00234648773376705,0.00190537631005842,0.00180818538101604,0.00202205480327905,0.00167325665902061,0.00234765717715583,0.00403902727927732,0.00617802680426076,0.00697450583158106,0.00638786014786226,0.00794392530160426,0.00919466974214505,0.00626761480391823,0.00530423342964622,0.00277056649430804,0.00504754962361961,0.0089185680091762,-0.0172386141680787
"434.779",0,0,0,0,0,0,0,0,0,0,0,0,0,0,-0.0171916885987018,-0.00182935539601366,0.000198510366711197,7.08827487097008e-05,0.000651096029967949,0.000111522687030426,0.000268328054286616,0.000593358216196288,0.000374440405666521,0.000918571551331509,0.000788913574466376,0.000622440057210467,0.00073512164336338,0.00121218547513714,0.00165783448327478,0.00126861634434505,0.00152665336962488,0.00203971010410651,0.00224766669977776,0.0022024316095652,0.00217580933135578,0.00233217638025612,0.00181918657670002,0.00264751479224906,0.00186514998454169,0.00259986396817093,0.00244625325610906,0.00334966887461664,0.00549369256763047,0.00721388972318555,0.00783648679214766,0.00792396527456879,0.0090905639119643,0.00750248635670854,0.00831302036699299,0.0102201269199996,0.00727590882592759,0.00587505817283889,-0.00217239299686714
"439.393",0,0,0,0,0,0,0,0,0,0,0,0,0,0.0187516114282408,-0.00194574811423268,-0.000402042819684459,9.81465090562311e-05,-0.000325931998544212,4.30216446576143e-05,0.000618257799044979,0.000285371234437455,0.000737420890152029,0.00057063456972272,0.000507177646277061,-0.000501921947128559,7.5947362882349e-06,0.00100123591739917,0.000799840425527117,0.000876421377766203,0.00150157197976548,0.00151658677299284,0.00163730230630269,0.00211919771365992,0.00184737575512828,0.00151814935927867,0.00176503972265116,0.0018609281894999,0.00195360888326055,0.00213397421022554,0.00205557226082454,0.00209600175821919,0.002789702612764,0.00440490772276917,0.00565313788590226,0.00666426599828953,0.00553962978905296,0.00784403765930429,0.00490330046034244,0.00488041752016434,0.00443640065958782,0.000451884760541421,0.00460021031767923,0.0171272460722905
"444.01",0,0,0,0,0,0,0,0,0,0,0,0,0.00381919973549166,0.00298044568786741,0.000172082003980868,-0.000145336357615589,-6.2501489211991e-05,-9.80383773741913e-05,-0.000194891078205546,-9.44043547550862e-05,-0.000239242342101117,0.000874480576108912,0.000183293092966485,0.000182704967080415,0.000150083523043992,0.000749277937690131,0.000695217755997977,0.000987209998219648,0.00156034883919849,0.00146970664728205,0.00145505092992605,0.00189971221697397,0.00247685346646857,0.00201014496926975,0.00189858054061718,0.00208914261271454,0.00162681846141694,0.00163961717597037,0.00212978746860668,0.00206436795923715,0.00182183165433778,0.0025602516490946,0.00387636704205651,0.00440848096201339,0.00487362554457109,0.00578739252482155,0.00492994711591551,0.00465421879743312,0.00585632057210425,0.00571335067488734,0.00283253917570614,0.00751635437399013,-0.00299446338741198
"448.63",0,0,0,0,0,0,0,0,0,0,0,-0.00680879828847247,0.000838821935469844,0.000130466497436364,0.000397370374050636,0.000373320473925194,0.000439663457111709,0.000250012638610292,0.000653885680525442,0.000800714924786789,0.00050170130804633,0.000669556140820498,0.000669989429292833,0.000395921081585426,0.00127095943805775,0.00118820878573602,0.00108382036040977,0.00149534255681253,0.00160582567157344,0.00160372010480412,0.0019943911374437,0.00228580429264199,0.00181429713460659,0.00231851145535971,0.00201191157054926,0.00191066853206204,0.00222397678037327,0.00169253989759679,0.00177821159651417,0.00204700633910339,0.00282769076333943,0.00267068813036942,0.00326719594284825,0.00372459383229797,0.00548966346864718,0.00766020469313775,0.00737748536241571,0.00501226132338995,0.00526277360880835,0.00628598781623336,0.012601291618688,0.0168026991477145,0.0149234599243917
"453.253",0,0,0,0,0,0,0,0,0,0,-0.00491693951355787,-0.00422237091342782,2.70417314400919e-05,-8.03329357305339e-05,0.000175097897804813,-0.000398609002749959,0.000212985588211946,-0.000149199563504367,9.24873834779762e-05,0.00012499450374205,-0.000136782867974675,0.000685344815310299,0.00163386891676178,0.000613401141471279,0.000173693130869981,0.000319141091101266,0.000873123389166747,0.00034299193487739,0.000936038558387443,0.00149847894429821,0.0015123323528032,0.00162818515579348,0.00153938621384021,0.00142377354035777,0.00175753577182809,0.00137581086018082,0.001483547638605,0.00129842511375637,0.00161301079989232,0.0017862075221641,0.00163521133415999,0.00154867057649784,0.00268531686831542,0.00394159276266309,0.00428090297302752,0.00428185474413557,0.0057925725106117,0.00401442761778408,0.00424230618218926,0.00397690673504528,0.00471062119745882,-0.000671417234237019,-0.00040311241840627
"457.878",0,0,0,0,0,0,0,0,0,0.0376367499811563,-0.00372764007321114,-0.00024236603729637,-1.6140862222791e-05,-0.000444749619106875,-0.000244526658314939,0.000337853021270608,-0.000608890219379437,4.48331924656933e-05,9.16968594014478e-05,0.000319036527296466,-0.000267207625546583,0.000538945140766318,0.000174346411312688,0.000301584424631021,0.000453061526678355,0.000610958707666839,0.000835649667466731,0.000666091825738823,0.0010430101838109,0.00139085010797755,0.00142682727186206,0.00137092077462544,0.00119380827183072,0.00115287722472551,0.00167185468380698,0.00116905606857799,0.00100863740571534,0.00142161797963701,0.00129178665584645,0.00180978377353018,0.00181641021590924,0.00193754011865,0.00233056294209329,0.00369180782148518,0.00310518946960787,0.00455984163396917,0.00414857677483005,0.00347861120735128,0.000438043050178511,0.00249703702175698,0.00307621233371592,-0.00569715181154492,0.0341905755543766
"462.506",0,0,0,0,0,0,0,0,-0.000334896138287466,0.0190837273063177,0.000242196366679353,-1.7288217296998e-06,-3.03457932325703e-05,0.000155787186289982,0.000144333862105393,-8.99316885670165e-05,0.000194970485258355,0.000273971990261255,8.25870141970928e-05,0.000621091413520899,0.00100509103394333,0.000392880619379987,0.00127204534974902,0.000664755266764281,0.000810690124889736,0.00113198882026926,0.000446460714340122,0.000847544536128354,0.000962511263932012,0.00137217794126046,0.00125293060819988,0.00159208261355848,0.00176856250352999,0.00159514668401483,0.00167319300986156,0.00138324550325253,0.00160908410928335,0.00177771324610685,0.00211429314059008,0.00212907538975404,0.00172534473734953,0.00223927620116834,0.00249339746928538,0.00315095189090595,0.00374702897036033,0.00418380584601049,0.00419067166685339,0.00234131993341099,0.00353781054741639,0.00330056944148489,0.00619991448912065,0.0059987289039834,-0.0193887333116294
"467.137",0,0,0,0,0,0,0,-0.000481121836462761,0.00181186456496117,-0.000348467928109416,0.000125601273616057,-0.000358492456412781,-0.00025244557438763,-0.000435378681410314,-0.000512113468589342,-0.000183356577737528,-0.000144393687545184,-0.000182273846841398,1.29126773977637e-05,8.67665870734266e-05,-0.000384435967472178,0.000107348535012576,0.000458859614686472,0.00023403276909736,0.000310642935029936,0.000872280443232829,0.000319806557682627,0.000623693405291773,0.000616713260755207,0.00100376765493633,0.000771008195557827,0.000820415170757356,0.00083087464480716,0.0012007461014376,0.00125557678389865,0.000434028823463502,0.000794951505273421,0.000833549191320392,0.00127368663464816,0.00129167744787144,0.00095346542973531,0.00157104521046236,0.00138006640428561,0.00195541269861735,0.00217205053345386,0.00273322343138104,0.00188003881974032,0.00222011229302533,0.00209648345354947,-0.000105047849295326,0.000594113366790513,-0.000649090515055064,-0.00815116167002152
"471.771",0,0,0,0,0,0,-0.00549852883109764,0.000360400012844098,0.00023264883915532,-5.3203539559311e-05,-0.000288257664846875,-0.000171287409491847,0.000299040460138654,6.23726142685404e-05,0.000229810164391438,0.000368915104439712,0.000169939487926248,0.000633866624055209,0.000653065525302093,0.000539672910677007,0.000168611860908788,0.000656347408242977,0.000375684380432915,0.000465353040356897,0.000934864021956199,0.00057231914333665,0.000677806777759709,0.000992867541979727,0.00074585740048939,0.000968268234193222,0.00122783678724374,0.00140811384928977,0.00133451893794065,0.000584892122211445,0.000860245801117667,0.00133177904373962,0.00142677370407992,0.000616115846205029,0.00149588239442591,0.00203587847638867,0.00135020100050889,0.0018588843911768,0.00177800165354454,0.00188172359358279,0.00308450384571658,0.0033952111656406,0.00569899719743009,0.00365113342986789,0.00385081133019753,0.00404075326514714,0.00753296148104058,0.00033084440120678,0.0186282991753097
"476.407",0,0,0,0,0,-0.0577543475098895,-0.000872725451381451,0.000331824226653598,0.000266314512664646,-0.000396858823511926,4.49584971707742e-05,5.82278204652883e-06,0.000276568249042557,0.000228324083524098,0.000120780368945728,0.000233497856006976,6.10156287783408e-06,0.000848208200599741,-0.00010166017920744,0.000544005130973323,1.38520714709437e-05,0.00041448719305585,0.000286349360149486,0.000138506198992778,0.00069582657163046,0.000462818714317024,0.00091393165998189,0.000721696434487405,0.00080570311157425,0.000728189976064536,0.000734381398578965,0.00133302579758154,0.000973840900115366,0.00134282927590533,0.000967200808197436,0.000389845483146778,0.000958529737573544,0.000937174574057329,0.00113793343066036,0.0012560290182816,0.00135474287301598,0.00106950576264961,0.00157903115192077,0.00165380261559645,0.00168239452412511,0.00166985109620452,0.00200625871109503,0.00183280352902625,0.00245422066913461,0.00166503299701223,-0.00120468846043268,0.00633429804721723,-0.02598845365783
"481.047",0,0,0,0,0,-0.0172054601513824,9.50604051515036e-05,7.59641901207785e-05,-0.000171647218066701,-6.72200776898602e-05,6.16576668252737e-05,-0.000102158260580069,-0.000283259763378558,8.24489250363609e-05,1.97157008256745e-05,4.60317211309765e-05,-3.60674788525825e-06,0.00032098441800713,3.69719841809175e-05,9.72324383834433e-05,0.000608244174771013,0.000667024593069396,0.000705260949756256,0.000122421831011361,6.47106622999457e-05,0.000616717185577727,0.000433630122649943,0.000760194821602455,0.00070416329984083,0.00113895134477035,0.00149021181275372,0.000916417860890942,0.00119782686913997,0.000905074666677364,0.00140410425441174,0.0005433390348449,0.00056819952791499,0.000749912187773235,0.00167529796209502,0.000906090508499453,0.00110621767926148,0.000572773981686466,0.00164783036974523,0.000946985648545692,0.0016404998733062,0.00354895090076054,0.00268766463131378,0.00266162920377763,0.00179454969225243,0.000963972218126562,0.005000904552183,0.0016272419289004,0.00581648798399359
"485.688",0,0,0,0,-0.00542578704878613,-0.000400705896196783,-3.66597716764774e-05,-4.78536698310719e-06,-0.000140824501325809,-5.17192378079045e-05,-0.0001547042324347,0.000168347487442916,-0.00038314971067981,0.000248531587868868,-3.39546157809474e-05,0.00018558870326117,0.000349034914970046,-0.000441756843259918,-0.000489556591293922,0.000609425879684482,0.000889536136143978,0.000716065142137461,-9.5606257044247e-05,0.000477535039886136,0.000737689537318061,0.000795380330788581,0.000827249730524222,0.000558846303315903,0.00104111563041495,0.00089891310370059,0.000903721340010916,0.000698687672987397,0.000665889702719675,0.00112644279121431,0.00102343537164673,0.00116646992425216,0.00112825369649826,0.000855837132437037,0.00106072821867381,0.000690551635049139,0.00163576324085125,0.000963012549051452,0.00161234804569524,0.000948583468388331,0.00136938166531487,0.00158279286833828,0.00027117481465792,0.0019473102782967,0.00156837738942269,0.00518719871354144,-0.00179482471250085,0.00863174556168977,-0.00752012004556801
"490.333",0,0,0,-0.0191394620800439,0.000284216910377603,0.000328153353814259,7.8923537539114e-05,0.000437795657776326,0.000332340897831797,0.000656110753185016,0.000473434976846442,0.000371947970732386,0.000638053176960038,0.000546371418494758,0.000261815144804848,0.00067670284592884,0.000481840185701285,0.000599002773205766,0.000714713035977588,0.000240325268712889,0.00160443440040287,0.00108398528151433,0.000874589793058944,0.0013505429188889,0.00120731996939557,0.00103146662760754,0.0011936624462456,0.00148431895948025,0.00107756578507664,0.00135018027614426,0.00173527935124187,0.00162628268472661,0.00153486696165144,0.00119898740274368,0.00165203564000654,0.00116810485740106,0.00126991537480548,0.00221178689615896,0.00141272313556685,0.00208268030947274,0.00234611123292173,0.00159521104702708,0.00190660345702578,0.00206046257202834,0.00265500207838956,0.00333361824134834,0.00338898933464237,0.00461918656511522,0.00409583269284166,0.00433877465292419,0.00867681351423413,0.00859897509411195,0.0328685731365926
"494.979",0,0,-0.0169696791391982,-0.00154680828228802,-0.000161172130904791,0.000134003979204289,1.69451957739616e-05,0.000231997710493955,0.000148106126646527,0.000148122007881735,0.000307560799530987,-0.000170025848161504,-2.19172218032525e-05,0.000331753572037574,0.000381037213289139,0.00037743120115428,0.000164253512600736,-0.000452641201837535,0.000504064085713168,0.000584991841663261,0.000670005078262005,0.000740712439425622,0.000914082896622892,0.000601553507594189,0.000665283460249172,0.00055450965748106,0.000792977277627466,0.000776591768308956,0.000594373859899826,0.000629964806674578,0.00115852790318656,0.00117975666051004,0.000909570954080867,0.000801304606206175,0.000921329393077784,0.000762882526731222,0.0011211392979597,0.00112759620187604,0.000259527830086162,0.000819645411383425,0.000707853699503742,0.000780703248427554,0.00134707326060004,0.00122716080494062,0.00229476255537812,0.00218083067474877,0.00202722824837082,0.00248931690831814,0.00126416356386818,0.00294619400593792,-0.00338306856988202,-0.0190027305465608,-0.0106435059278445
"499.629",0,0.00991610658459854,-0.00164205676398644,-0.000126402094650483,-7.0751104260117e-06,0.000532163779457342,0.00020687356743823,0.000192343463050894,-0.000249383320050076,-9.25745651909601e-05,0.000198148136826645,7.34968829310317e-05,-9.22508516332644e-05,0.000371069623872368,0.00028873071912614,0.000326360010946004,0.000278969155489291,4.26160950638137e-05,2.36534450293472e-05,0.000110633813343152,0.000472513839230897,0.000570707521722265,0.000561511697037994,0.00030673737956428,0.000742309568450221,0.00086326357900817,0.000838075866477241,0.00121876082167313,0.000876978863970387,0.000757754791309083,0.000716125780241254,0.000798529034162453,0.000836084428752186,0.000882132801434062,0.00072607538891638,0.000472515606829497,0.00104172671026737,0.000739523727365564,0.00111170811869242,0.000795807575519719,0.000841093258638559,0.000856548351477496,0.000671163182511974,0.00155554077820145,0.00144904926227019,0.00176108485444848,0.00110699633578693,0.00176114654533989,0.00106810301987337,-0.000155194485712074,-0.00502748305180278,-0.0105816900368158,0.000846983461696087
"504.281",0.00878378919130585,0.000969932360915677,-0.000213477231363006,0.000235838737167833,0.000470905746872621,5.79535399805448e-05,-4.9135433816957e-06,7.28470294221545e-05,0.000357604658655097,0.000331529839215124,0.000391930589753334,0.000444781715234192,5.58130081153403e-05,8.02965957984944e-05,0.000137260568667115,0.000224364385733393,0.000455123738072333,0.000406008411237821,0.000178037174595361,0.000128314005852709,-2.59295207231043e-05,0.000817437993405309,0.000680913732789325,0.00074536747714824,0.00115156531773238,0.000467392212015606,0.000594161488204593,0.00103865263143056,0.000877971870380658,0.000813674012079909,0.000867268189289063,0.000901929108002097,0.000850744925669347,0.000819495501414257,0.00113101969939997,0.00129516347698667,0.000731067801201154,0.000835943906462407,0.000616527960339334,0.000904711443903426,0.00119977651686429,0.00179404147468532,0.00100051801038936,0.000916850172227523,0.00131371040697061,0.00200853769797568,0.00253722638591703,0.00236030096935203,0.000839935778670415,0.00300491854865197,-0.012792743564727,0.00605074256839117,-0.00841501933653417
"508.936",-0.00050817704202815,0.000405838961162648,0.000108634700348201,0.00010975594774609,0.000246813603923202,-0.000122934482668145,0.000118335960372888,0.000222482554804071,-5.24769805312729e-05,0.000340183761499548,0.000175230949133764,6.68595316035775e-05,0.000398522057718172,0.000508995017847106,8.4077634987129e-05,-7.54615865427503e-05,-2.16143060147496e-05,9.52288504832309e-05,4.81667202885792e-05,0.000503237215672241,-4.21802336773283e-05,0.000292029546938489,0.00109513673302107,0.000275001012945946,0.000819148445868178,0.000514292595193965,0.000333725761766863,0.000804646536542826,0.000297928057193736,0.000795757444729924,0.000835686428641315,0.00089736707625989,0.000385404217492047,0.000822418022741227,0.000569749308791263,0.000347147812597388,0.000800712429715484,0.00090089035981926,0.00082338408687374,0.0012224316075566,0.000785290392914741,0.000807427694486986,-0.000124699648764679,0.00101346616117848,0.00217169265815809,0.00226299249893485,0.00213185753491894,0.00136769229006253,0.00110137896688642,-0.0108512622218944,-0.0163096094902969,0.0035431172597469,-0.0211190620844144
"513.593",-0.000126027645869663,-0.000593873692404021,-8.60738008916462e-05,-1.50699422388636e-05,4.36937371237693e-05,0.000196655740725208,-0.000109725386673937,-0.000122654563306416,0.000103124020633258,-0.000126795924936008,0.000112251603945353,0.000485672640321958,0.000468766312747331,-0.000163334372097904,-0.000156805282750389,0.000341115349822956,0.000313074270514584,0.000387644494505958,0.000128104419614709,0.000576868522240479,0.000568438440526047,8.61512625672548e-05,0.000273968659750304,0.000577637804592459,0.000612628333522722,0.000111891823118076,0.000138063206010539,0.000268534673521066,0.00060652154483453,0.000497897557825182,0.000709197681328294,0.000283678490673064,0.000478907536998644,0.000503034935358405,0.000748127056926303,-1.54202670809964e-05,0.000966204026667942,0.000663197738441964,0.000555059638035576,0.000360131591838385,0.00106176772883365,5.69679956563291e-05,0.000551299972979482,0.000935618502847031,0.00143434006885666,0.0015405525908257,0.00129082753546805,0.00138917559511014,-0.00100825163099655,-0.0116862249631384,-0.000869265336046449,-0.00207017936037122,0.018618741964846
"518.252",0.000248783131816028,0.000136408187897224,0.000432457456706849,7.95980136487772e-05,0.000187689545592126,-1.23394441398642e-05,0.000382376227849415,0.000360857724161923,0.00020579836833507,0.000155437419203888,0.000155929591691843,0.000459794541635455,-0.00019133359940097,0.000266765097303992,0.00012394984897607,0.000136769105560418,0.000407960984815855,0.000254572916508627,0.000199306035053914,0.000312023122638129,0.000607203233435472,0.000148138172390415,0.000826036550211151,0.000544487730582186,0.000336853005629063,0.000466995516351115,0.00043328849265608,0.000486852689584535,0.000610329095694554,0.000475067514350645,0.00108898761012401,0.000315882638346064,0.000496958707186707,0.00117537509257288,0.000997516179179478,0.000946461292703166,0.00107455782666311,0.0013538194615366,0.000868686885116281,0.001644386179104,0.000611124535514759,0.00112481400024305,0.00164409225105619,0.00137496479111051,0.0017460035532864,0.0013719608348536,0.00203589794082744,0.00241145906830633,0.00101303495235788,-0.00901520239302778,0.00373711466944915,0.0117599955010504,0.0138515042732475
"522.914",-0.000582583913322532,-0.00070677855307676,-0.000270278719829068,-0.000347743372411094,-2.54225781757252e-05,-0.000500381874657938,-6.98996605082606e-05,-0.000106459401804534,-9.04186472815296e-06,-0.000310855584147491,-2.52265775067526e-05,-0.000505927282695884,-0.000106791354998602,-0.000311860998471095,-5.96811957637453e-05,-0.000618490963227337,-0.000352324059902894,0.000158578666176667,-0.000341898400699511,0.000209118075213826,-0.000133000485108921,0.000209121419154032,0.000131354921781024,-0.000128413760860215,0.000441704042986793,0.000270027291148748,0.000355527190476758,0.000251784403095404,8.14724350905916e-05,0.000108033497353317,0.000220160895766108,0.000354200246303138,-0.000128470391960889,0.000248593261824271,0.000495647429558249,-9.11576780321557e-05,-8.75360374653215e-05,0.000426178487876215,0.000414489494421496,0.000596738513280401,0.000401616713646142,0.000291154467519235,-0.000381979993677674,0.000299084711626078,0.000435775088653373,-1.8635658572721e-05,0.000384702107550002,-0.00157345710036868,-0.00984726843212042,-0.00693417134331742,-0.00324801521698217,-0.00188546682310119,0.0102779251470846
"527.579",0.000647967109887971,0.000628996341257561,0.00059149495784168,0.000201926771137572,0.000523278390856341,0.000406861683625215,0.000406075800212459,0.000460853027056381,0.000336994002104434,8.65140386611561e-06,0.000849959524336608,0.000548145925078918,0.000568721691689016,0.000747883397567467,0.000569801433223488,0.000643628878943059,0.000460995690788074,0.000477644573671483,0.00099231488639532,0.000478235747646522,0.000835243607796754,0.000512190184989484,0.000271004822927303,0.000774485647729141,0.000684461515251772,0.000609963513240594,0.00104672063465143,0.00107784951118387,0.000872727523135058,0.000317119818409016,0.00110266240082321,0.0010964841778467,0.000609023590786547,0.00110619475622239,0.00109231014325514,0.000827041848525851,0.00101184756419022,0.00104773968574219,0.000890505515865984,0.000846343085187989,0.00115321272688338,0.00115155646931379,0.00137444058134795,0.00150918566371839,0.00196959811926814,0.0015247221321778,0.00142123359212054,0.000311012404503347,-0.00336338693164223,0.00376377315440434,0.00746402100904193,0.00474488563868109,0.0177379485631068
"532.245",-0.000295913948628643,0.000161701815040797,0.000245708712522956,7.20531067464773e-05,0.000218184992272836,0.00014351072642935,0.00015132320906851,-7.58876650523931e-05,0.000294209962121254,0.000146400588216794,0.000128123226985424,4.39203479422057e-05,0.000116322813856541,0.000303381845305115,-5.24977633615649e-05,0.000149523998216761,0.000103149679489209,7.0961475662713e-06,0.000349745766060775,0.000554643296032203,0.000380430527761213,0.00061389330611296,0.000488388660395818,0.000684795195681385,0.000385405726906601,0.000180245680938764,0.000355917657113338,0.000211379563737895,0.000825580198605456,0.000728985884072373,0.000334090658299647,0.000461527617705185,0.000602585815280468,0.000518784351621718,0.000517609605148756,0.000470700639493454,0.000707154505648507,0.000519952002146343,0.00104364947437421,0.000625498888454525,0.00133934316455385,0.000883604724681955,0.000632115947940035,0.00113967991666215,0.000736215365712196,-0.000359778851330639,4.52458334781053e-05,-0.00905608876730099,-0.00619633270527462,0.00104568854573294,-0.00232878638751036,0.00775152783868389,0.00400193625448434
"536.915",-0.000385074240038275,-0.000111845134287492,-3.90581434032565e-05,-8.78179982263483e-05,0.000521882465390489,5.18255954298002e-05,-0.000166080406618341,3.39539405305062e-05,4.93495694605815e-05,6.71787480944382e-05,-2.76822245274949e-05,2.29219295940133e-05,-4.92890602276211e-05,-0.000340342506172011,-3.3149930292619e-05,2.61332968979615e-05,-9.06810154619502e-05,-0.000161250199445855,0.000520611623016751,0.00017774378691466,-1.7183534987524e-05,8.59214811157012e-05,-1.57281714638411e-05,0.00066767337085216,-0.000122820917849136,4.18199297241948e-05,-0.000186690561863943,0.000406024170332295,0.000137401807589103,0.000183821533875642,0.000350431145248023,-0.000445481345143012,-0.000238892522405573,0.000404506297934526,0.000369687293434748,7.60728664513078e-06,-0.00026677379749748,0.000507141351487543,-0.000334999276132557,0.000301070002629771,0.00078958507404587,-8.98625296486331e-05,0.000562700657880474,-0.000258492931630331,-0.000485707361489044,0.00194285665201117,0.00229449620403667,-0.00951405896794791,-0.00149740463213676,0.000422937614691653,-0.0037736594188542,0.00129527323083928,-0.020907326172998
"541.586",-0.00038008388417611,-0.000287050754905292,-0.00030616889697636,-0.000391575436038131,-0.000299229682963147,-0.000310837638633474,-0.000190176282816071,-5.53124304056977e-05,-8.89243700050489e-05,-0.000149020881077471,-9.10244942169255e-05,-0.000304218971806465,-0.000402600961771029,-7.18015817795887e-06,-4.04531445834057e-05,-0.000544553619769365,-0.00042934021210005,-0.000510618044415391,-0.000308387845994305,-0.00026586655494502,0.000219077947093945,-0.000135331498081553,9.45752331271939e-05,-2.35397987092998e-05,0.00015226579968069,-0.000219706839701064,-0.000377435787761168,0.000152670528169242,0.000229429494399639,0.000158411961152899,6.42421872651833e-06,0.000177258184482822,-0.000151814541574668,0.000232592732263438,0.000263755789916731,0.000340647298870462,-4.8535269781484e-05,0.000252207801665779,0.000220720509262899,4.39296508622207e-07,-0.000262667440095395,0.000331192089249841,-0.000541818783900304,-4.34577608305611e-05,-0.00040552559701755,0.000740424113667761,0.00240119815039033,-0.00594254824276677,-0.000721024702958895,-0.000422724715952805,-0.00323234787342734,-0.0135043475091501,-0.0363718324628794
"546.26",0.000695335319693282,0.000349382972940473,0.000591809720126059,0.000749951590385529,0.000716983696616143,0.000182574261891698,0.000536791548039378,0.000342361513397175,0.000644229088569432,0.000366608381093413,0.000501365289700013,0.000202727819949423,0.000773732098806621,0.000422215202849032,0.000444239210277134,0.000320473588787301,0.000417186354613209,0.000900452641010268,5.70407601418608e-05,0.000431128389014241,0.000985462351635607,0.00018318041532629,0.000381940961234083,0.000671979317520932,0.000886400444789936,0.000790263358416811,0.000597261580561477,0.00113522563274773,0.000735300030328741,0.000672049413666132,0.000542141421511269,0.000769095845940898,0.000792238539174264,0.000575152400556823,0.000642069339093314,0.00101309607573689,0.000956563343668777,0.00116336909523956,0.000932677119047216,0.000523468205426314,0.00105749739881735,0.0011137630423421,0.0014114955781821,0.00169626483287911,0.00207500311423349,0.00139915776300871,0.0087265580527921,0.00135538275955548,0.00126444646170159,0.00284002582147434,0.00816028597124829,0.0176940182859087,0.0148970600442752
"550.936",-0.000128521222418655,-0.000273062789750485,0.000182733928106643,0.000179260369469274,-5.18099359643913e-05,5.87216225258553e-05,0.00033797650673655,0.000212414232800441,0.000228966127438915,0.000239877828746449,0.000437101407700921,3.35908827167586e-05,0.000385989324330931,9.0652185958892e-05,0.000311836169711266,0.000195074273858642,0.000120962748249283,0.000307244088756269,0.000246252985602263,0.000181898074646748,5.95932866949063e-05,0.000297098732667567,0.000649368015679561,0.000132069763444752,0.000272929750210859,0.000229483267025313,0.000290083323570584,0.000289187046531116,0.000592616249475726,0.000237368619382315,0.000573862419503778,0.000463492577513704,0.000224092092166417,0.00056514473220254,0.000535347701805067,0.000486780477471476,0.000531843291593282,0.000238108794701967,0.00082805277352225,0.00040828586757826,0.000543379746689413,0.000578704587607348,0.000551991583697978,0.000707268248914715,0.0013178466112962,-0.00329361508650425,0.000825927154161063,-0.000482802084427339,-0.000461510975347496,-0.000428489286400253,-0.00166339553398381,0.00605261804407318,-0.0121616500988513
"555.615",-0.000178075735890498,-0.000546643861141769,5.55443211033809e-05,-7.72688817758817e-06,6.12284425254684e-06,5.18059730195929e-05,4.11280371256147e-06,0.000207012336824755,-0.000293005386208746,0.000242596737170076,-0.000127119542812588,8.86521570453518e-05,-3.58900868390265e-05,0.000181563935436115,-0.000326173221416794,-0.000357301798940143,-0.000242946445051626,-0.000383062573227035,8.24041039525939e-06,-0.000409267917147619,-9.44134095678629e-05,-1.63573477108938e-05,0.00046565305611492,-0.000241747734371541,0.000125256387378688,0.000366275469305395,0.000233827463386778,9.16790740884875e-05,0.000127089354176783,0.000279642191147368,-0.000166466731603056,7.61433333561177e-05,0.000154295185746639,0.000157511113580519,0.000260499432217818,-3.14833733784136e-05,0.000491058621057117,0.000229546455430421,7.48200684544433e-05,-2.95865935312632e-05,0.000480148691329876,0.000486829934265252,0.000630201303480963,5.91617371286705e-05,0.000296122470177546,-0.00640563674281427,0.00139313847093466,-0.00127103786941943,-0.000385100226312285,-0.000425448794653293,0.000744361142907948,-0.00556054220244286,-0.00650221282182278
"560.296",-0.000436855384707498,2.63406841331044e-05,-4.82723890652557e-05,0.000120239810765776,1.24224378898872e-05,-0.000141806614188623,0.000150065183838525,-0.000171904970429885,1.16504387064661e-05,-0.000203588437679705,-0.000150994464675366,-0.000137687061652023,-3.62182782437651e-05,0.000252478169948662,-0.00020499051933792,5.39538168136639e-05,6.39687089574944e-05,-0.000324575989836158,0.000239471988402261,0.000226957038966171,0.000482107731716503,4.01796622869218e-05,-9.6891562056383e-05,-6.29057950080472e-05,0.000289243848612571,-0.000209493792484544,-0.000377689544076218,0.000177336316262452,-5.69611249952808e-05,9.8328001350499e-05,0.000417256654684477,0.000229581938434199,-0.000175979116637433,-5.77758976344015e-05,0.0001942812758192,-0.000118499604208546,-8.09005644993835e-06,0.000310323267051371,0.000477362500943397,-0.000229718767858181,0.000257189563303006,0.000186792546452902,0.000955106888353031,0.000474454793667873,-0.00315656195748257,-0.00171818284812583,-0.000778715249546384,-0.000516248461482559,-0.00120104506686479,-0.000422711112426456,6.93415092004324e-05,-0.00788604849559207,-0.0220139855654093
"564.979",-0.000130369080053551,0.000169380154336197,0.000282377779934714,0.000592206140884288,0.000253869299646498,0.000227166387364505,0.000370034244547968,0.000156140363264945,0.000241675473142159,0.000199073697542535,-7.05707120902632e-05,0.000388211235043611,7.96226682309268e-05,0.000247646657773168,0.000399067856075924,0.000259449425987473,0.00021661150460041,0.000144269769500854,0.000216756094597982,0.000343735198080446,0.000668841397608354,0.00057893326871707,0.000309138894663404,0.000378957453813034,0.000179597491366924,0.000392933641136666,0.000438251234419394,0.000867206893876824,0.000594361291814426,0.000644665333257316,0.000772078769175293,0.000308906716460059,0.000774543162714806,0.000624452062468919,0.000241445643290578,0.000494024589754475,0.000177499418954862,0.000983888245920571,0.000349668287277607,0.000656486982077413,0.000346031240229155,0.000963162034731002,0.00161328248557054,0.0011229783526452,-0.00449031959897317,0.000368260593880121,0.00222706246617675,0.00300764941302676,0.00250816638189696,0.00269525992159932,0.00496074798763921,0.00679964354998449,0.0177149753826415
"569.664",5.03763983237591e-05,-4.51062911456845e-05,0.000138207561632431,0.000213415883295086,-0.000247416787045597,0.000173017125298823,-4.93766209599916e-05,3.53087290250092e-05,0.000261720013215219,-1.62262529867564e-05,9.390762474521e-05,8.36786149917044e-05,0.000387395970574764,0.000492056852869385,0.000187262489457324,-0.00017896201616497,-0.000109653688923542,0.000291251193803562,0.000369525861816183,0.000381808434265591,0.000279866745723993,0.000262959788815666,0.00042623711115768,0.000159063164286302,0.000467879331598705,0.000146573264189719,7.22756546138452e-05,-0.000101402675824881,0.000519353186346849,0.000264067884841899,0.000516043720110091,0.000509242481279279,-0.000143116243216764,0.000350997616383383,-0.000266217909000304,-0.000168587689286979,0.000433241216956733,-0.000180067411429445,0.000542283409989097,8.16843530238265e-05,0.0008604899963458,0.00100580061131822,0.000330440883223086,-0.00117060692825564,-0.0026732955273366,0.00135862990712573,0.000254246208779076,0.00136080384623819,0.000636135419092899,-0.00147938991470964,-0.00228596757174374,-0.00267092737459876,-0.00289680272479306
"574.351",0.000538991584621271,0.000426285300744544,0.000605897138507844,0.000305766458508968,0.000107632897003382,9.11268959963817e-05,0.000275660880906835,0.000144677187421839,4.05896882650016e-05,7.44101992072696e-05,0.000183690146341993,0.000351703752312397,-0.000140449109585689,-0.000129671531671563,0.000202706474798338,0.000436863310818328,0.000131780990450349,0.000161848829622239,0.000270789267998275,0.000877419587859307,6.14450082979039e-05,0.000405913730470073,0.000148689852001878,0.000465315949907395,0.000128938178764834,-0.0001185231037506,0.000335728611406928,-0.00034252516584812,-2.92289122917337e-05,0.000633355786577684,0.000449003536051763,7.12227075928945e-05,0.00080131497995427,0.000361402875043987,0.000329614049416352,0.000809558823144467,0.000180233497982999,0.000963229511817224,0.000786782283015566,0.00030801670803217,0.00103264773906481,0.00106218950023335,0.00100974258034531,-0.000723687383764909,0.00031154577116816,0.00261045635503183,0.00280245888562156,0.00233951907323123,0.00382587835112497,0.00317629280164527,0.00796676737856694,-0.00572647367020142,8.27884474780948e-06
"579.04",-1.04947594675677e-05,-0.000266024596332332,0.000759419620986202,0.00022913468424399,-5.23251121319493e-05,0.000441853901058636,7.39215702700438e-05,0.000361968864379224,0.000247990148370754,-0.000124022732265057,0.000263403365503568,0.000156105723410009,9.66812335009446e-05,0.000486238003326221,0.000331531622711662,0.00039880906562637,2.19911070978339e-05,-0.000616349856780924,1.67830290439458e-05,9.02306109902148e-05,0.000400643677121418,0.000259203520814495,0.000116672501356901,0.000112980582550634,0.000353146119631179,0.000156608153620584,0.000390276045380155,0.000447783747981975,0.000227505036236272,0.000348579301828478,0.000302148747489076,0.000201504563289559,0.000109290332604697,0.000468908240002574,0.00059566711622953,0.000285867561882193,0.000389118055158034,0.000220133864344611,0.000658315908618737,0.000342004566027527,0.000454484851044209,0.000265874520313385,-0.0035546476193993,0.000111082043250832,0.00366721893240605,0.00425225709407752,0.00412509064035512,0.00277042579884017,0.00225425940648635,0.00129312106272598,0.00660996501054547,0.00323135540214299,0.0287084969796904
"583.732",1.00398195093712e-05,-0.00036025274253806,-0.000304560256349527,-0.000506647404030295,-2.99672038132697e-05,-0.000112788745236908,0.000201114937624857,-1.62270277247743e-07,-8.34636670730879e-05,0.000156878321372341,-9.64983964291674e-05,-0.000171763258805124,1.47969848729078e-05,-6.58761920728417e-05,-8.52542115065801e-05,-0.000134079093833533,5.18533012429205e-05,-7.8770762096559e-05,-0.000120462776527158,-0.000154904486458272,7.16578341283787e-05,-0.000185274981541313,-9.24216664720885e-05,-0.000260966135934784,-0.000232172722242095,-0.000157814258760793,-9.65667991514591e-05,0.0001920959971846,0.000332408187277981,-0.000146131565334048,0.000115690420091062,4.34355187094365e-05,0.000219932457742643,-7.58371934831559e-06,-7.02412665931963e-05,0.000345278338182181,0.000330701112426037,-0.000202883103665347,-0.000320887837153998,0.000156917413322755,0.000356996006508927,-0.000380855552139635,-0.00383604049900317,-0.000985813903525964,0.00258665400790074,0.00301970927991192,0.00321117321389765,0.00256806277534277,0.000732099647854867,-0.00039374204893345,0.00476222649473932,0.0013676992664117,0.00298303401641432
"588.426",0.000352959316525117,0.00099851498227412,0.000295442019628087,2.79831957663438e-05,0.000284248709358902,0.000155836520993931,0.00032029094879648,0.00029242686574308,8.83295067901494e-05,0.000152740268082241,0.00030903742185604,0.000222993192910659,-2.25154533840313e-05,0.000389103895339711,0.000164116813641191,0.000424985630409057,0.000195166953430734,0.000584033947026286,0.000129793539881774,-0.000136986226344118,5.41859094555088e-05,0.000380875937988355,-0.000177256537043243,0.00034416713163972,0.000248687143312297,0.000135868179733625,7.451626607232e-05,0.000208197410189555,0.000549566696097336,0.000330578981216505,0.000225763353740981,0.000567974319118652,0.000412615949025123,8.28481303825989e-05,2.34335415987313e-05,0.000198307104035701,-0.0002010466752856,0.000278306173835811,0.00040166399499072,0.000680986775690589,0.000661576572341718,-0.00107508650948502,-0.00277249462009345,0.00192268545995604,0.00387062522379944,0.00462858192976847,0.00545840838268379,0.00337711102313935,0.00519778566538666,0.00352088227644341,0.00361633303477499,0.000687805884586062,0.0196315582127146
"593.121",-0.000241122948895043,0.000294634486943571,0.000145076400387126,-0.000262838811983039,-0.000437051749519967,0.000319908591567402,-4.90055749488672e-06,6.59789175251869e-05,-4.21014156879737e-05,-0.000142397219743577,-0.000146231543649728,-0.000152140887955914,-6.30972924306521e-08,1.45956856250443e-05,0.000437633925351141,-0.000484172225371143,-7.55682259892213e-05,-0.000111317234558417,0.000399559451056497,0.000413113824777857,0.000208208049469186,-0.000246608598546334,-6.79840426264515e-05,0.000115066500872298,-0.000164164101398352,0.00022748463021439,-0.000157442900721741,-1.50695203136287e-05,-2.99223200194352e-05,-0.00022883625889506,6.57299344528915e-05,-0.000117180352937229,-0.000125861746574822,0.000348024494924354,9.43259108428901e-05,0.000406917394918533,-0.000166596108764202,-9.19419350423848e-06,-0.000264903972010708,-0.000230536670020131,-0.000439343437890392,-0.00342939241565494,-0.00012710960924902,0.0020257086726699,0.00222936170167185,0.00509079771533365,0.00490397949176881,0.00406492377570855,0.00318333085267794,0.0012567424937467,0.00254083005841223,-0.0127838044379976,-0.00128988998636299
"597.819",0.000753725782875757,5.339845904926e-06,0.000901569457140049,-0.0002872464597316,0.000116222247234993,9.43024951912833e-05,0.000247289594975989,0.000332817163491525,7.97349377487778e-05,5.4818152724909e-05,0.000348711097169367,-7.53925784083496e-06,-3.45608360195618e-07,0.000289314797823046,0.000324538805783963,0.000114504367045496,0.000204226823812711,0.000542023808091571,0.000410568652067951,0.000322909185796305,0.000163547138215421,0.000837914010949856,0.000494722280270171,0.000413858410355872,0.000541711324635346,0.000381504744267755,0.000414284150265782,-0.000203237292428147,0.000345243027973802,0.000230288097037465,0.000721158232298275,0.000323885582732367,0.000394881486884337,0.000586202268575685,0.000680527972402231,0.000284033515731738,0.000645417217413999,-7.4797199918741e-05,0.000228741788129256,0.000752409561245315,0.00375310018331419,-0.00167156604632893,0.000521212571109402,0.00280609491183157,0.00306970118376963,0.00437206012767079,0.00503839296458347,0.00585745239828451,0.00636313102785453,0.00327430296049014,0.00511282232663457,0.00243759301824264,0.0328432045571334
"602.519",-0.000267516079702888,0.000280195682687795,0.000109550760331072,0.000160465635207967,0.000172690608759895,-7.02783650994274e-05,-7.69642646155612e-05,2.5015673467028e-05,-2.39423596986027e-05,0.000144269101662755,0.00037037170869913,0.000644487710732706,-0.000115251639956475,-0.000216989961355565,-0.000160059858192471,-0.000447573689995931,-0.000160883583612194,0.000337443746105017,-0.000246910390207686,-0.000372706531436759,8.25574108911555e-05,-2.58959829192189e-05,-6.02593723292555e-05,6.65000009197413e-05,0.000371715566636506,-0.000200121773529275,0.000136595468644985,4.53654814897662e-05,-0.000189282486114949,-0.000172143287357425,3.69639248001354e-05,0.00032649291485684,-0.000225228459155414,-7.69191092641444e-05,-0.000111771401086722,8.41912276249786e-05,8.92439570436781e-05,-0.000226568012196331,-0.000198408846059831,0.000654338897343117,0.00715363229223606,-0.000881474917427856,0.00103115901122352,0.00169057125308908,0.00390777278135447,0.00318443265851115,0.00526559888616943,0.0042487426104263,0.00343439545652467,0.000984325529051875,-0.000830403659684209,-0.000174351420782634,0.000420583313178334
"607.221",0.000135920705884946,0.000303870594852647,0.000129032144836677,0.000153850078790313,0.000391038514125645,0.000199198283491499,4.88352607789626e-06,6.34489235054978e-05,9.08969548770487e-05,3.37029589905503e-05,0.000218110735816017,0.000295677793727582,-0.000201273703677528,0.000339805228020376,0.000278950852543502,0.000131127404174173,6.95283132546351e-05,-0.000170321642282866,0.000248646719759071,0.000310241575906457,0.000518808484928325,0.000617526603510951,0.000121455009077851,0.000328569569564112,3.1892362911729e-05,0.000100890831189971,-0.00017619581113596,6.11620360379292e-05,-0.000183300437758823,0.000135972850250904,-8.98650103480485e-05,0.000232153576962126,-3.03100330709099e-05,-0.000147163387667895,6.43098190533273e-05,0.000433321315593961,0.000206943091829527,0.000286337262858609,-5.94692931921745e-05,0.00213525506077794,0.00833644394137209,-4.80983109714603e-05,0.0010953769865798,0.00272608525345432,0.00353315055936938,0.00480835651253507,0.00617812634474788,0.00265072772733009,0.00363216034098941,0.00286108874828917,0.00223091384707696,0.0017697919071131,-0.00133830284334842
"611.924",0.00048350654385973,0.000528530813913174,-9.58629900471033e-05,8.96954285709802e-05,0.000422739176918325,0.000246643674822758,0.000215000969871086,-5.99757162931956e-05,3.37467562759771e-05,0.000118461995586045,0.000232911037973623,0.000134013700515375,-0.000226820359648484,0.000114235172430392,-0.000103755287943233,-0.000147092762897502,7.02549955392168e-05,6.52924351214516e-05,-0.000152451728462926,-0.000199366102572269,0.000233976435817568,0.000149129761593784,0.000341660187156,6.7974507183255e-05,0.000128950479417803,0.000501506154073899,-3.1033874601591e-05,0.00055552796759768,-0.000208292393679636,0.00022879811594932,0.000249302297091988,-0.000211687127374718,-0.000183564190474819,0.000390809865660846,0.000625611826449485,0.0003431105356224,0.000554013159475192,-0.000413663615217746,-6.75867636725225e-05,0.00474427810655834,0.00523841041298608,0.000758557847542477,0.000560437311222309,0.00278445363757578,0.00273885242088141,0.00462848564885704,0.00424946845108468,0.00320468097507509,0.00185526164285756,0.00377335276476076,0.004408292167972,-0.00410444840188287,0.0137389754713065
"616.63",-0.000251252733927217,0.000456849323137164,0.000808530790112517,0.000156933341001634,0.000342093736091568,0.000616524609687451,0.000143419631483049,0.000501396804372236,0.000380985862667443,0.00022857399210423,0.000540536426900574,0.00052076769601363,0.00047403890297745,0.000809221260975335,0.000434716955485094,0.000483241239775313,0.000377950909076378,0.000165421071255885,0.000880463142314349,0.000451270308534565,0.000690442431822831,-6.23103522611797e-05,0.000708636779825918,0.000722159111256006,0.000416155694531205,0.000412081196943718,0.000234738512519706,0.000101529614130236,0.000428786728002403,0.000639967108602853,0.000168105596070995,0.000359232452610048,-0.00010051755315161,0.000418933788665142,5.74548604276952e-05,0.000667864804474505,0.000927233415186166,6.84729570607152e-05,4.60441446354688e-05,0.00750033988399409,0.0016243044912711,0.0014184481764043,0.00189605704613241,0.00169259187753191,0.00343977116238293,0.00447258837676536,0.00528961757975853,0.00594569950711596,0.00379306172418052,0.00572216572001298,0.00417562531213927,0.0137153288465453,0.0327000117962593
"621.338",0.000933545158310939,6.81500772340439e-05,0.000371577205785412,-0.000191787686674098,0.000287126920199377,0.000204567202167469,0.000239033643921014,0.000313490443346218,0.00023110321172191,0.000235946293055765,0.000230583919207652,0.00021228854662196,0.000334229233657864,0.000147546833099898,0.000120622697944852,0.00018716065697317,7.9208441474391e-05,0.000500325348777921,0.000256015884978742,0.000193303522956166,0.000428686321229578,3.56027339109745e-05,-0.000410776593151829,0.000120988092584238,0.000229833725524981,7.18584366986909e-05,0.00036247349565848,0.000683871118508162,0.000408481393311777,0.000373026751846253,0.000130749972739924,-5.39985100050897e-05,0.00039756402235589,0.00075680993837455,0.000695458189530549,0.000454509281266969,0.000444769306422107,0.000707289532077276,-0.000931173925016855,0.0066929629151312,0.000699879243978349,0.000579957234923787,0.000343147141414542,0.00101707667865642,0.00343037022543788,0.00355910188827225,0.00460923713220634,0.00390529838158029,0.00322190663244484,0.00378552689836899,0.0062126139754699,0.010369822099985,0.00993731756585811
"626.047",0.00028803351500036,-0.000237596634934125,-0.000563537257933589,-0.000403952211881153,2.14419099754967e-05,6.00612054665217e-05,-0.000115729617801998,1.75621413471759e-05,0.000104158438761634,9.30606087955202e-05,0.000129476796829285,-0.000307414429483307,0.000273172998608437,-0.000266638312384218,-0.000274548264449929,-0.000204525875307131,0.000112300052698398,0.000395827558095729,-0.000212352021785885,-0.000664112469276565,-0.000404505568256201,-1.8182847627748e-05,-0.000486806735531221,0.000174764695176573,-0.000323826484726375,-0.000137200416326542,-0.00047769710732928,0.000190379313399735,-7.93870950623695e-05,-0.000141204212431899,-0.000326713700959777,0.000186624425898284,-3.14524508853783e-05,-0.000281753189034279,-8.50431540483972e-06,-0.00015012118322018,6.61893741894181e-05,-0.000401673848708619,-0.000853161198187652,0.000461864611063029,0.000610800394578238,-0.00032454578871306,0.00106610404652985,0.00170590148435942,0.00204786521031176,0.00216988106307165,0.00305539516437646,0.00316124353569562,0.000304002409797692,0.00230519668067632,-0.00434823355354116,-0.00128456272740499,-0.00456307804244648
"630.758",2.21911374768152e-05,9.98281810979282e-05,0.000280259322854108,0.000399513235620358,0.000329819082344486,0.000121411424835102,0.000355836718398016,0.00012441472825836,0.000130614428884878,7.64117892738036e-05,0.000150452383830308,0.000124019016035328,9.73918995469495e-05,-0.000174378265284899,0.00022353378959741,0.000374731947262611,5.67728277352472e-05,0.000570285476588107,0.00038283211965374,0.000464018575381128,0.000632409665091748,-0.000219294435575181,0.000227729674469607,0.000176985366723103,0.000536634979100303,0.000228174081979434,0.000402253972177638,0.000465279288715967,7.94376403263778e-06,0.000396505843187275,-0.000400825081255011,0.000243697401145657,-8.74929206816908e-05,-7.32589833734489e-05,0.000185758425044262,-0.00033014215135156,-9.27635059141418e-05,-0.000971390679051019,-0.000190958317288707,0.000396082210877982,9.68477795004653e-05,0.000210650319480066,0.000292179092942474,0.000854007948801765,0.00187014715723171,0.00360645763737037,0.0032584355533394,0.0035385132349178,0.00368156294284183,0.00134947805075352,-0.00419914468391535,0.0165179891377628,-0.00275549741132879
"635.471",-0.000395731205385607,-7.09331920756597e-05,-0.00043747918281742,-0.00029157232825496,-0.000221763290058014,-0.000279315292797386,-7.20412764724315e-05,-0.00027348584792234,-0.0005823698958886,-0.000474251555256148,-0.00025078112466792,-0.000422746369026597,-0.000556898565280842,-0.000247733179608097,-0.000473886938917887,-0.000616651697623673,-0.00044911826621681,-0.000283527842147901,-0.000893928114276791,-0.000905080193687591,-0.000588431829869749,-0.000837852472380238,-0.000220490095568033,-0.000267571235823179,-0.000245367282512406,-6.59466743597385e-05,-0.000300156489262502,-0.000178169658477316,-0.000412162732433877,-0.000207730377967076,-0.0002772894718797,-0.00057044752490839,-0.000593097714665602,-0.000409777586171555,-0.000681552934376458,-0.000629337381514959,-0.00100842033775816,-0.00146136305265743,0.00014384563163319,-0.000922023448103789,-0.000170754521505445,-0.000277481226168068,0.000178402472165704,0.00107989080045027,0.0015856536559104,0.000665859344183192,0.000456188792276929,0.00152361048478,0.000309970825937349,0.00166915013758745,-0.00196963485994144,-0.000559238379301927,-0.0626837683447207
"640.186",-0.000599803374895012,-5.05997370830161e-05,-0.000200849154219238,-0.000635457794157274,-0.000495840671249155,-0.000381607265707276,-8.74980862121867e-05,-0.000107794325439113,-3.55691125966427e-05,-0.000178124476745893,-2.66182299310642e-05,0.000148518384103632,-0.000508846633011286,-0.000224123322127212,-0.000210078308014343,-0.000555932127755084,7.96587084530653e-06,-0.000782774655523426,-0.000641070438898323,-0.000408845586854351,-0.00078563487341146,-0.000488787126048027,-0.000469077781508332,-0.00031263507042855,5.91799450996407e-05,-0.000296368729721171,-0.000471105107989756,-0.000299961706766999,-0.000291462932098951,-0.000432315007826823,7.82218401481716e-06,-0.000325465610820019,-0.000168607403042812,-0.00023821861602395,0.00015320907820293,-0.000333363904331282,-0.00104558438894563,-0.000932826973650464,-0.000521950866904208,5.74239197507225e-05,0.000171095934374428,-0.00022505082996183,0.000664748018819605,0.00060873317459942,0.00120965640928999,0.0019991850246598,0.00174476570182722,-0.000242199667687774,-0.000220713792964898,-0.00123691622219525,-0.00216863590492484,0.000941733424679925,-0.0241903477471379
"644.903",0.00100743761552812,0.00083740152781189,0.00031400184451426,-8.58235785886291e-06,0.000157246552796385,0.000268938073181321,9.35239785582951e-05,0.000272533325794638,0.000323116361489811,0.000378254557653662,0.000113760566667654,0.000388337813194992,0.000141407543645875,0.000348123840151711,0.000566723793171799,0.000312432069342355,-1.61862064398528e-05,0.00035682467190727,0.000667562719087326,0.000282433264516618,0.000457014102965048,0.000578316676454146,0.000539612471760431,0.000623130920941186,5.16331853721128e-05,-4.9828442138881e-05,0.000336890300886246,0.000573698766378629,0.000335750413102944,0.000623500360035094,0.000770511284618102,0.000441474358993837,0.000349249495072061,0.000589294610878526,0.000465699133112603,-0.000110005482491102,0.000201276417912746,0.000584698651310453,0.000852586453044756,0.000634879093447908,0.000840497274637814,0.000631091048937097,0.00138675085813402,0.00199982801823386,0.00282397844932725,0.00262315272850584,0.00387716582653664,0.00298157057924924,0.00340115675636363,0.00212784844416179,0.00667608957210155,0.0104216048136332,0.0456369531858784
"649.621",0.000185601840108679,-0.000207270982385558,5.58203017857815e-05,0.000123086815772868,-7.6350098368707e-06,0.000292921374941977,-5.30373788640429e-06,9.65952990534135e-05,5.1771568942875e-05,9.73410110502265e-05,-2.02993746438046e-05,0.000256897833873614,0.000176523142488117,-9.86374341036971e-05,7.75585300552686e-06,0.00011849195709312,0.000117257619042638,0.000405140538130315,0.00053140505084582,-7.18528542599052e-05,0.000160931770409731,0.000302578127935968,4.70455713724483e-05,0.000301885449501648,0.000651480664126357,0.000472609899833872,-0.00022506036445433,0.000506737689282186,3.31805966347215e-05,0.00045989438675172,-0.000219888703470525,0.000366294571380473,-0.000222359598691052,0.000193413139550657,-0.000140495226841921,5.3505282965563e-05,0.00028285329403898,-5.15962985213612e-05,-0.000185596662236173,0.000328100905651232,-0.00015041126163869,0.000572584655006599,0.000562896678196513,0.000450791164274002,0.00276267293073931,0.00292898032958848,0.00164285951976657,0.00323751824255529,0.00118056364470724,0.00539656050530079,0.00181515750590017,-0.000766570883605315,0.0100478811130181
"654.341",3.52957035354131e-05,-0.000126318476873007,-0.000104509754987636,-0.000482913161829946,-0.000878742176737549,-0.000319664125847431,-0.000337059924231847,-7.95698136520449e-05,-0.000206176719349126,-0.000105324976726318,-4.79332752613375e-05,-0.000220670712833717,-0.000264974425420487,-0.000200045111806103,0.000275592065331184,-0.000112729490778778,-0.000494018327038144,-6.29168796895155e-05,-0.00022575268989066,-0.000353219429635503,-0.000183936708432618,-3.8493401223775e-05,-0.000488618064091036,-0.000623217210314693,-3.56239838029257e-05,-1.49471064951438e-07,-0.000431566556672115,-0.000134984297985213,-0.000354234799863613,-8.31833494821909e-06,-7.43923550799995e-05,-0.0003225316353966,-1.66717216169587e-05,-0.000162847787793411,-0.000366706593973944,-0.000696957604674406,0.000334019480684651,-0.000336760831350813,-0.000666262841247675,2.3963170254417e-05,0.00015276768244423,-0.00017766357522848,0.000616280946187557,0.000246508051005564,0.00259905318693223,0.0013389826682498,0.0025624310964651,0.00119248927112831,-0.000598657240901663,-0.00257766430481574,-0.000105135041419636,-0.00331660427501112,-0.00824534185471051
"659.063",0.000654149841283706,0.00024401306948626,-2.84754531737741e-05,9.02497640829716e-05,0.000139925647185694,-0.000157104982390355,-1.62277865211894e-05,-2.81484896211859e-05,-2.12558678002125e-05,0.000224562080078731,0.000277666321398641,0.000444400106130259,0.000379363230550088,-0.000285705890171799,0.00055574142001021,-4.85469319630263e-05,2.58550748604908e-05,1.84176821324989e-05,-0.000217463717930485,0.000408531789652382,0.000330118676384798,0.000300321422404261,-0.00013523527875955,0.000131383888014915,-7.97757406690288e-05,-9.50044997771035e-05,-0.000144942487575653,0.000187211477157734,0.000119132859733308,0.00028592486321893,-0.000208304039941344,0.000175020279463605,0.000447134865191714,0.000413557594630481,0.000315257659703382,-0.000342568182255233,0.000220672007937314,0.000212352701475429,0.000706001081196985,-0.000107635904405607,0.00093710582509035,0.00108894004203927,0.00169891229389557,0.00205900564131217,0.00160206096052967,0.00202440791058381,0.00291490070240707,0.00338792831349487,0.00515905923062946,0.0018203227103375,0.00548420411361939,-0.00885843555834353,0.018559552596759
"663.787",0.000518470566320769,0.000408748942226199,0.000262268868944112,0.000740628228478121,0.000307438692231868,-0.000137885161630881,0.000163961246598774,0.000172133631697122,0.000383574321239586,0.000613226678230891,-7.73099971806749e-05,0.000250593956669948,0.000244787084935998,0.0004689596440586,0.000223705292245034,4.12809894328348e-05,4.3826641290155e-05,0.000339169208336118,0.000321294628764433,-0.000498962036109154,0.000292973234210405,8.83119207305473e-05,0.000323266529313895,0.000361452751895289,0.000234553943160374,0.00034204548765509,0.000207623177589956,0.000250334353042975,0.000439776180645159,4.26578115458444e-05,0.000253605723495495,-4.23384034636816e-05,0.000299497371194341,0.00026065943435434,0.000851918047655435,0.000709250279176208,-0.000192496615021937,0.000581504870812021,0.000250203468248691,0.000498390577137461,0.000572866890408436,0.000779379549604004,0.00222239986355346,0.00194423012100528,0.00335386567101266,0.00261102801548959,0.00176737021768772,0.000812984357480373,0.00353552439003804,0.00105488746370003,0.0033573796448216,0.00498987234994547,-0.011903538185649
"668.512",0.000243198057388485,0.000466008808260137,0.00039188371319373,5.54134977436763e-05,-7.92928439919162e-05,0.00022684851188866,0.00011567179225053,-0.000130143120830773,9.26949936486629e-05,-0.000165777208078611,-6.36736254788777e-05,-8.38268197007695e-05,-0.000114404967667672,-0.000420869373575923,-0.000133449032107753,-2.49978038740604e-05,6.15412333698782e-05,-0.000387469536954844,9.11881302060323e-05,-0.000117277317539118,-7.38399018345139e-05,0.000267209678480722,-0.000276404549421622,-5.73264749141655e-05,-9.99688783235909e-05,0.000317956035082669,-1.74062029667213e-05,-9.55853761922548e-05,-0.000156361002983517,-0.000180494855578553,-3.41070474160145e-05,-8.53580755260404e-05,0.000224211921922936,-0.000199861670592678,9.13179773088038e-05,0.000231952168964463,3.07895254159842e-05,0.000531702756780577,-3.41969693177544e-05,0.000722844599725921,0.000485457410638647,-0.000696660243601302,0.00118275046774874,0.00170519727229297,0.00225351978048872,0.00232440713554928,0.00122835377767664,0.00160104969079304,-0.000617336275769047,0.00398642669045052,0.000214067232132924,-0.00925233103587747,-0.00749707631213243
"673.238",-0.00089247034375521,-0.000883424226098008,-0.000571693598901328,-8.34993711854785e-05,-0.000439583669054081,-0.000714142847324666,-0.000127630054547876,-0.000286215539726933,-0.000159051251471946,-0.000186198219028514,-0.000470876409894266,-0.000448725342323957,-0.000593805574119391,-0.000466695631912407,-0.000134598465155112,-0.000392107842861292,-0.000397733300522914,-0.000604017840198878,-0.00064161768525965,-0.000538537072134764,-0.000223124000508736,-0.000846720694538466,-0.000119264830932714,-0.000530546631647332,-0.000256293822334571,-0.000942284747009095,-0.000544044584272065,-0.000446495583741662,-0.000786874788956145,-0.000207481673063632,-9.46056034270968e-05,-0.000840224606987557,-0.000754200846148541,0.000379654511845746,0.000244652716547129,9.72215822043854e-05,-0.000277381618295706,-0.000283726804518066,-0.000172353838855467,0.000123869765514625,-5.27280984319242e-05,0.000659874174797601,0.000334185211335235,0.00145999444317453,-0.000169069266878656,-0.000307593404713176,0.00157537651859555,0.000636987563243321,-0.0011935724377983,0.000268356189074921,-0.00127945613288732,-0.00991232873042976,-0.0472363853016853
"677.967",-0.00124357202826417,-0.00102109527684547,-0.000605145409810107,-0.00084933737826445,-0.000184850561813365,-0.000755536258180888,-0.00036272859103051,-0.000595528525726646,-0.000562527755618459,-0.000115963504278742,0.000223064040259656,-0.000937076026238219,-0.001061806304757,-0.000200004623993345,-7.61233102300975e-05,-0.000579324635595917,-0.000462360089912788,-0.00061671832083546,-0.000317359146375587,-0.000834351267817958,-0.000940017445624434,-0.000721955413651593,-0.00127070597221097,-0.000835159782013529,-0.000285490837977816,-0.000895203192855539,-0.000362211235156315,-0.000563911734562566,-2.63648077332403e-05,-0.000635816831713658,-0.000777068298983575,-0.000431883693893528,-0.0010821182466912,0.000973325598062666,-0.000678047366971139,-0.000852430705667617,-0.000559703932361006,-0.000780697940350794,-0.00152000935273527,-0.000842929609455077,-0.000744468922040133,-0.00119755317486787,-0.000382847922086112,0.000294151224313461,0.00103439265427919,0.000802460717717732,0.000964581712600894,-0.00267844298077926,-0.00202133928125754,-0.00403922297970196,-0.00696451187762059,-0.0140690085266391,-0.0253218212565117
"682.696",6.22657730417817e-05,-4.45863567936831e-05,9.02291484930825e-05,0.000396245108463233,0.000447713213747194,-0.000269799927073011,2.25427788210429e-05,0.00037021378596058,-2.80376906922291e-05,2.60307489310487e-05,2.16977146357504e-05,-0.000224160485123595,0.000108076116052524,7.02757139080841e-05,5.12055762119295e-05,0.000127383009304704,0.000152556584315597,0.000179821206062378,0.000155333695823445,-4.37062796039314e-05,-0.000280949773054846,0.000223196552458493,0.000404580439717856,0.000176735458600393,0.000232477920194687,0.00010858844688458,0.000116050827186594,0.000195850246160966,0.000667810300267021,-0.000334627904766751,-0.000209844800618632,-0.000175149817254675,-0.000271563269546391,0.00127781257106518,0.00014059034805711,0.000277382734905587,-0.000167416227580731,0.000300304941143034,-0.000586311542545498,0.000679193724954653,0.000981370616849364,0.000335867665525155,0.00121203554410506,0.00161721429943598,0.00228722479273813,0.002617385354833,0.00138435000399432,0.00339539399128669,0.00219068766193555,0.00510608393248353,0.00270844098796642,-0.00968731385798102,0.00410335780609537
"687.428",-0.000978258161979569,-0.000268437608911684,-0.000334020146197051,-0.000123644557422264,4.88748093643456e-05,-0.000400127948480196,-0.000267515464634563,-3.98347653099761e-05,-0.000118172402830984,0.000196923243071813,0.000307084531585078,-0.000199879501945826,0.00010918443066182,-2.66029647269221e-05,-0.000267338939321033,-0.000162717317822399,0.000380135299104063,-0.000238284669081372,-0.000657914349406603,0.000165326453846091,-0.000228773017106868,-0.000520975557879983,-2.04814405986359e-05,-2.99763481094291e-05,-0.000262740786386746,-5.47527843432604e-05,-0.000287959662604765,2.66553743960111e-05,-0.000304959759159103,0.000274984469138333,-3.55622970089093e-05,-0.00100484221064801,0.000829472487944863,-0.000109908774025338,0.000321162571709148,-0.000129715325175136,0.00014797799198194,-0.000537305242140367,-4.62889287799768e-05,-0.00073118591331187,-0.000338408063695777,0.000338313711517184,0.00117200735544252,0.00194669486302287,0.00153597104786933,0.0025830976332195,0.00269338004253592,0.00019220911122931,-0.00338077531043644,-0.002124088125049,0.00130596404773591,-0.00103397274838475,0.00569098375154558
"692.16",0.000352966768056017,0.000966930946146867,0.000924482621926459,0.000793492028338382,0.00059317366615579,0.000227588102970075,0.000382834688798599,8.99414930512815e-05,0.000321806306829833,0.000158332557221611,0.000397269205834441,0.000384212055267524,0.000931970592441762,0.000187104260419482,0.000415683923395356,0.00036113867577437,0.000272751679527804,0.000124619011603391,0.00057745607750244,0.0010543149911441,0.000645290314812535,0.000544049455729906,0.000686330461494622,0.000357969758217722,0.000471611566733071,0.000403219014209557,0.000931664889449222,0.000441997334829585,0.000640005993343646,0.000312139715950074,0.000555915729877222,-0.000181799772892254,0.000457237590877735,0.000338132837098985,0.000323040627546355,0.000611849780506689,0.000541307396532365,0.00120459295263127,0.00105893542324241,0.00104310595465971,0.000680521542322629,0.00180244776717273,0.00168503655036483,0.00293584056246386,0.00343971034348789,0.00447797498562647,0.00484303778392215,0.00563919642975548,0.00364669726421161,0.00696191458279487,0.0145931554679019,0.0081400557553761,0.0072438884550427
"696.895",0.000126752240048376,0.000373384286724868,0.00041940668320171,0.000173359239779391,0.000481207165941489,0.000320749546947896,-0.000126822884208245,-5.02996599436172e-05,3.97348805612172e-05,-0.000259901467507629,0.000333221838465046,0.000544707125803126,0.000321784935219266,-0.00011675034960101,-7.8491652063808e-05,0.000155751887851598,-0.000238531462344393,1.91506198453048e-05,0.000327598173877128,0.000312752499357399,0.000693377705658011,0.00048595491763945,0.000453826458016034,0.000140005012112957,8.54068419117937e-05,0.000691919454428866,-7.28760471019095e-05,0.000499392051915877,7.24463090574883e-05,-7.17485206753018e-05,-0.000306756467122141,-0.000254542512146252,0.000450454510114319,0.00059814286776221,0.000172053133335724,-0.00015150821415126,0.000780015923435483,0.000963519898841243,0.000935049596067978,0.000806558716871615,0.000712552119049773,0.00144290002894092,0.00167983055570948,0.00197052981326323,0.00179876349861937,0.00226773946739766,0.00368889951283852,0.00322770085837605,0.000843853603122282,0.00138923778448687,-0.00210158453750176,0.00882593468049218,-0.00624741936808234
"701.63",0.00039640829202488,0.000170793479493269,0.000670506271108007,0.000707989638593267,0.000485072048832377,0.000269044188137619,0.000173949507402802,0.000344862083471128,0.00038384560759841,0.000382275496904322,0.000552452002140487,9.70257193671575e-05,0.000648950214081267,0.000343773635256486,0.000325149010692625,5.20822330271683e-05,0.000507816031228207,0.000962115726199574,0.000393758920362035,0.00114891123923912,0.000477155451219543,0.000302089992578152,0.00105022226088274,0.000615487531032975,0.00017211755155859,0.000344113754615884,0.000872344256176076,0.000320311238868647,0.000246733775600134,0.000154026770854812,2.69801180087861e-05,0.000966273096344891,0.000154425653394641,0.000547428524967028,0.000568982554077858,0.000539714402013731,0.000689804468763421,0.000800489867694069,0.00153358075596856,0.000787313704164739,0.000594193631860233,0.00133517756096692,0.00192708416171551,0.0024457117552085,0.00320164184980869,0.00341676835046696,0.00316990831522704,0.00258840378541553,0.00275235622550983,0.00364007243964148,0.0092411759732787,0.00360732733743842,0.0126395556607757
"706.367",-0.00041449029566982,-0.000554561842133029,-0.000532582655385091,-0.000913529040186366,-0.000525135326218317,0.000117006044860543,-0.000546348160010682,-0.000426404262363549,-0.000417615410163092,-0.000326050625456294,-0.000324894770433005,-0.000403418429961365,-0.00064775624146542,-0.000586033965375597,-8.01809307514809e-05,-0.000318225946024178,-0.000243667982093955,-0.000462339716229998,-0.000345029602564099,-0.000706989497420592,-0.000685804963990605,0.000464164433412283,-0.000252604247287808,-0.00104202623491468,-0.000697724371674611,-0.00028247708184305,-0.000511275960136323,-0.000936558083195621,-0.000435629282832833,-0.00122695977340918,-0.00139021212039877,-0.000473012558889408,0.000266497044026809,-0.000601184528475485,-0.000302816586665183,0.000237015043979065,4.39814630849461e-05,-0.000866886431489685,-0.000291738294227975,-0.000430573687254793,-0.00132845294967034,-0.000272976475130096,1.71504143395855e-05,0.000270738092185563,0.000838743669225174,0.000626680471222045,0.000589115658797089,-0.000158643653419443,0.000607905303912792,0.0020528143093207,-0.00620125339099213,-0.0169384758601845,-0.0084886397813832
"711.106",0.000562574488510128,0.000128121905512376,0.00085397530125357,0.000406626537526156,0.000102416573055393,0.0004798474822022,0.000575497545396913,0.000332034519368686,2.3261620592844e-05,0.000459402505370139,0.000175132910937,-0.000100230614006302,0.000673413860804733,0.000379133940039159,0.00052149189582614,0.000196070363024463,0.000131812046766065,0.000218014815689031,0.000272029145912402,0.000840999873606432,0.00093076515105483,0.000745922819507903,2.11024981484534e-05,0.000433352509504823,0.000469627494153244,0.00029483186782071,0.000366167609985194,0.000458458995180994,0.000411380222482179,-0.000285525034145966,0.000314942847043153,0.000146716868351914,0.00104936645948392,0.000863598522917187,0.000256401245094548,0.000312406591015551,0.000793737223585894,0.000398038073887563,0.00102462463971339,0.000831401939104642,0.00120118807801512,0.000951384021928606,0.00202110620130904,0.00203219044448123,0.00208431731574403,0.00261384483432855,0.000429549699806968,0.00328869691652095,0.00455421105209395,0.00558256949989473,0.00854246555269402,0.00130330489858213,0.0285404076852289
"715.845",-0.000622211519033969,-0.000991915086910925,-0.000853587271769586,-0.000812983951199871,-0.000129998203638471,-0.000605414665221513,-0.000384357751891717,-0.000136580441122011,-0.000367615048153059,-0.000409545523324295,-8.50022005463074e-05,-0.000788100233589762,0.000115299220746583,-0.000608379016262177,-0.000527751831390121,-0.000451338377181429,-0.000841509498721431,-0.000332128747238058,-0.000220379451493864,-0.00075774601876412,-0.000976411985792696,-0.000657619060726565,-0.000225922945569072,-0.00182764422564311,-0.000663850629184578,-0.00095312264963267,-0.000589222775137508,-0.000606825305108846,-0.00110955713754907,-0.000915989265745227,-0.000298804033414994,-0.000557098614624704,-0.000770243784534871,-0.000806613002727186,-0.000389314741776716,-0.000305530647891104,-0.000634362757042564,-0.000708960113724196,-0.000823365253756108,-0.000987489308306036,-0.000343080009663633,-0.000604798517331297,-0.000308780389033049,-0.000612704613351959,-0.000369993002064119,0.000751676861428022,-0.000334865464641469,-0.00178471410759873,-0.000413942442302072,-0.00180974221759411,-0.0134830131516654,-0.00635638326686434,-0.0424594467084087
"720.586",-0.000199231798397862,-0.000568411811293891,0.000299245764752539,-0.000352105669244208,-0.000581484507027098,-0.000127730677830925,-9.02856507437906e-05,6.84156721109507e-05,-0.000172493431535301,-9.74469958627391e-05,8.49662818397058e-05,-0.000579298108216329,-0.000249999294646312,0.000215944684936815,-0.000374092297491044,-3.61655466233397e-05,-0.000144129365815749,-0.000595135589572926,-0.000530660184528117,-0.000724517733561832,-0.000253639852563876,-0.000703013582670097,-0.000291285938157101,-0.000230483252194846,6.9500316324291e-05,0.000270128757191596,-0.000219298721481914,-0.000390293775058733,-0.00087765305578099,-6.45792825664446e-05,-0.00010261204307162,-0.00052122811144603,-0.000103579474062886,5.77627962939176e-05,-0.000230177346002256,-0.000602039712595575,-0.000132815331878494,-0.000627945038507493,0.000300293574700721,-0.000454771826111289,-4.29903470046462e-05,0.000933547395288651,0.000275855324252672,-0.000614232901333734,0.00204363458572554,-0.0001112824899176,0.00050293016527369,0.000935688049749862,-0.000258868765808236,-0.00551468222249336,-0.00693357175320203,-0.00659157806665672,0.000558368005170283
"725.329",-0.000188164682382988,-8.41145925728656e-05,-0.000671447636816267,-6.11063671793871e-05,-7.01408417740086e-05,-0.000307129619754757,-0.000243656678280569,6.91339711527215e-05,-0.000427694562140494,-0.000133803842738821,-0.000627320286965427,-0.000381284117327885,-6.83606547332568e-05,-0.000456053712295264,-0.000720301686102197,-0.000109970750629656,-9.4678384043072e-06,-0.000540608124928842,-0.000481163315008549,-0.000662102899812453,-0.00030313453156604,-9.84867761244151e-05,-0.000458607778426536,-0.000265039145790083,-0.000603149235572631,0.000371201545262304,-0.00106076163429002,-0.000839305995543874,-0.000563173458144373,4.78864697989172e-05,-0.000160128911526197,8.47449922741245e-05,-0.000714925493992649,-5.85661642562223e-05,-0.000465946946645517,-0.000481127629345984,-0.000190960630690048,-0.000287890235726136,-0.000721622819617811,-0.000568692425943446,2.9013239085019e-05,-0.000409227296116979,0.000488617601660867,0.000541603050946659,-0.000233905739306156,0.000649911631279102,0.00027142967982711,0.00144093495158985,-0.000524781981591298,0.00183714563995722,-0.00315684476950879,-0.00400188088816057,-0.0132538406052233
"730.072",-0.000567955496218223,-0.000205184561102142,-7.6227711675532e-05,0.000102277480529843,-9.00304754465313e-06,-0.000163027366002672,-9.82715904869972e-05,-5.36485439731278e-05,0.000260293819123163,-4.23688202917659e-05,-0.000173666759471862,0.00035542360290959,-0.000186325761028443,-0.000114721010701216,-0.000148706245326277,0.000368847020694278,0.00041958562526095,0.000133327218113773,0.000303780857912392,2.34310572210539e-05,0.000328033138316504,-0.000154222412234053,8.78671379038641e-05,3.17774632199048e-05,-9.14572326679504e-05,0.00022597797279334,3.8418472636418e-05,-0.000840034697439832,0.000305250973409624,-5.73117364753811e-05,0.000217838634445796,0.000341146618817312,-0.00013425058384426,-1.96977415898875e-05,-8.16388129355189e-05,0.00013974410061264,9.20092558064744e-05,0.000495032731404018,-0.000165310898640424,5.46775531295513e-05,-0.00032111332668191,-1.56799723436675e-05,0.00157895704938417,0.000565138761907823,0.00229346246659227,0.00252919111324012,0.000204844743640451,0.00260980476631718,0.000423150192840335,0.00273542661648763,0.000465783074829654,0.0147719772007406,-0.0116475277797584
"734.817",0.00111631844859181,-0.000279330120025111,-0.000505076780619355,-4.13966140432653e-05,-0.000436308595218982,-0.00042595782016744,-1.31448298502286e-07,-0.000242914275153136,-0.00017699702708993,-0.000171565408271678,-0.000540300736304603,1.86712888013133e-05,-5.93276372807639e-05,-9.63466078511274e-05,-4.6883380358624e-05,-0.000157967222830568,-0.000521255882689823,-0.000837530402051724,-0.000215288905209204,-8.39677266910082e-05,0.000177141224912588,-1.93440369568125e-07,0.000520006856822054,-0.000537026992824389,-0.000570354762304425,-0.000396208772005644,-0.000265174747252065,-0.00119966493115257,2.76895969163922e-05,-0.000500761467702909,-0.000372331162565549,-0.000238693828507628,-0.000173878338047725,-0.000306114275271662,-0.000184876796130847,-1.04320435088089e-07,-0.000790012528558036,-0.000194510175019624,-0.00101348264814244,-0.000713478143487643,-0.000926082277159394,-0.000590194632010409,0.000353688497505878,0.00136183345178189,0.000572104215371295,-0.00123057315325263,-0.00134219456462664,0.000125347721488535,-0.00202202636228708,0.000744729794559961,-0.000710193365910741,-0.00135261551845276,-0.0134237019061922
"739.563",9.67332084020533e-05,0.000565456607253499,0.000355592478752845,0.00036556606044236,0.000612469088610881,0.000174992197374651,-6.21549807191458e-05,0.000486178487018885,9.90077131235815e-05,0.000202740003007597,0.000402132528612416,0.000543849129626034,0.000409652189501286,-4.85731969672438e-05,0.000227461065526351,9.73822586181029e-06,1.06515612139159e-05,0.00040832361436022,0.000195293547645351,0.000582236188901637,8.41534067782683e-05,0.000123666967145945,-0.000290820235526177,0.00042395162485488,0.000659480734860442,-0.000250355160563782,0.000351776447242876,-0.000500826328619711,0.000866661919817873,-6.82099850011792e-05,0.000135210593065806,-0.000154500941910708,0.000117254576311867,0.000449521118983422,0.000518859311021476,-1.10455535102013e-05,-0.000150475386226399,0.000442699895580537,0.000207424999892244,0.000846786600393716,0.000669166679501187,0.00108150271278846,0.00114359161634124,0.00129534700016426,0.000770575314716618,0.000781376471942498,3.85819608038221e-08,-0.000126605089753727,0.00285308826470395,0.00120492102922235,0.00263877347849536,0.000682352343295523,0.0305415080968127
"744.31",-0.0005570258192508,-0.000633530519010259,-0.000583576967912335,-0.000591277030738894,-0.000655337741247774,-0.000226542489759977,-0.000385356647276571,-0.000276172925567877,0.000149504867619064,1.45230575429078e-05,-0.000406231805829266,-0.000482109007811292,-0.000595660142835212,-0.000255964526496453,-0.0002871772002293,-0.000522270119997124,-0.000613756718212301,-0.000127216361644667,6.93575736647538e-05,-0.00132381601512177,-0.000580289936546495,-0.000635359298898571,-0.00024901682485529,-0.000560479908614173,-0.00125018027791666,-0.00117545222338541,-0.000905423995415619,-0.000103069486924172,-0.000438153693495959,-0.000511962570413324,-0.000322288125803142,-0.000312412752952096,-0.000454250444375707,-0.000272727239195404,-0.000472680350734707,-7.86936706074267e-08,-8.1675306061188e-05,-0.000969486521306481,-0.000314422652084713,-0.000490775042560218,-0.000976901278480597,-3.23274373024887e-05,-0.000433052214992695,0.000810490557117825,0.000293050935684291,-0.000233667116441481,-0.0014429298869001,-0.000170448635154638,0.00212273808173903,-0.00357582736076304,0.00399619269783416,-0.0145111777266567,0.00402463002205576
"749.058",0.00112502570390891,0.00026321066189577,-0.000464793319419842,0.000693174377126684,-0.000220575313794926,3.38617751484282e-05,0.00017850874693251,0.000473940117351614,0.000119679115886493,-3.69582583796752e-05,-0.000155885177037999,-1.94814459612578e-05,-0.000224300475592041,-0.00043744479132246,-3.87192263504399e-05,0.000115071035048804,-0.000304659510203741,0.000363360564673056,6.99738064580586e-05,-0.000544956145245783,0.000146110994979104,-2.29598793104433e-05,-0.000594371765449449,-2.26662187840687e-05,-0.000295252836595675,-0.000249400179463687,0.000106037085160339,-0.000382958726116875,-0.000402480026354414,0.000218821594081972,-0.000217033048359354,5.9146592777667e-05,-8.97750576039993e-05,-0.000285769317512835,-0.000254869054094481,-0.000503583090605841,-0.000153795351727114,-5.02417076313616e-05,-0.000331133444581326,-0.000552659959990382,0.0008654310498342,0.000576854446918713,0.000510870730244043,0.0025612535145309,0.00135308500497544,0.00171442715138772,0.000995135598396957,0.000430810203097648,0.000220521030853047,0.00138531267625474,0.000612018740509383,-0.00349084430400978,0.00464506687974178
"753.808",0.000974715480711098,1.30679302097159e-05,0.000300247414649689,0.000119760892228492,-5.61802301554377e-05,0.00048324435890428,0.000312093469759604,2.27198047697534e-05,0.000378583691992061,0.000150428889062316,0.000100408687233464,0.00074442306454554,5.21411623021009e-05,0.000486324225490539,0.000462853631945151,0.000518099537511527,0.000475942280038878,0.000849489947199479,7.18758701307859e-05,0.000567729932284633,0.000236321036297297,0.000887334517197335,4.65743837700877e-05,0.000644413682715494,0.000115993499886026,-0.000579409919700784,0.000255089745365297,0.000656390047239366,0.000502213945738204,0.000375123729293446,0.000492273824559409,0.000281417287740523,0.000854208844689574,0.000592238015136002,0.000518258287407542,-5.70656146439691e-05,9.66563594844425e-05,0.000281535244617078,0.000878032033086982,0.000577885491505342,0.00088209428532038,0.000974359426548516,-0.000296948302854705,0.000577774489505925,0.000751993385070396,0.000813318008162572,0.00144908034396486,0.00408415613580029,0.00358582711084532,0.0039962619827626,0.00548747045598947,0.0123403796882971,0.0347580937610276
"758.558",0.000919164074713986,0.000598503870989851,0.00155262826605579,0.000176882169499357,0.000390805851676559,0.000763674501533491,0.000344079181290158,0.00026600125830937,0.000398807047540282,0.000703775232728412,0.000374426794144814,0.000676692289941293,0.000623634931639189,0.000618996182519864,0.000390994307359571,0.000587124744503186,6.27860805930623e-05,0.000698237453238241,0.000558504679517839,0.000243929302734999,0.000632476246209726,0.000392165045646152,0.000391075362123834,0.000275849852752501,-0.000389814874367784,0.000673575529154475,-0.000230901678345672,0.000407142888608036,0.000605278302437359,0.000784545693316017,0.000511390352302845,0.000644615522045356,0.000258883038440731,0.000655752306007222,0.000516673240177033,-0.000174216078655705,0.00119163931037724,0.000951359086515091,0.00108671297635175,0.00135349625796095,0.00121327016227326,0.00118029152658744,0.00157187421708041,0.00176475428225193,0.00237397176478136,0.00239260121747695,0.00243441853530875,0.00612605345748349,0.00616131915213573,0.0106129861412984,0.00545710766820039,0.0251308515113338,0.0437923952696934
"763.31",-5.93546999686992e-05,0.000146336661332395,3.62748495804177e-05,-0.000744890802879795,-0.000593709820165043,-0.000348992753999676,-0.000161679144947351,-0.000182972372061561,-0.000159939401790626,-0.000186990980714216,-0.000225630532156498,-0.00031904963411991,0.00018357507622113,-0.000241860381812864,-0.000900180882210472,-4.06335444028903e-05,-8.57361177419316e-05,-3.39304063334634e-05,-0.000371965075858712,0.000131411175091447,-0.000516207553462428,-0.000509329856326033,-0.000967757550318118,-0.001492883350898,-0.00154973109135375,0.000495446786565052,-0.000405867533328072,0.000106713029914422,7.45823213519167e-05,-0.000242186082946677,-4.17617001378118e-05,-0.00046966306163964,-0.000337937090413224,-0.000162224023077362,-0.00020206694729043,-0.00074621993872553,-0.000538885178386468,-0.000385529472010042,-0.000869827253741048,-0.00012023322650981,-0.00081967965857053,-0.00024420319300669,0.00013522404076542,-0.000244458399626306,0.00078111451436756,3.12911283487936e-05,0.000752531844400404,0.00114016104760821,-0.00221124455376413,0.00374399933313837,-0.00829163085200491,-0.000497528838106913,-0.0422300651217556
"768.062",0.000961298009366954,0.00103172959199045,0.000459734531829356,-0.000466836293107923,-0.000245737926380538,0.000596955670174476,0.000197816730190418,0.000160652240177084,4.71381959217704e-05,0.000409602389817796,2.62707604417215e-05,0.000446690508070903,8.68503620292726e-05,6.37128025032387e-05,4.11076360609434e-05,-0.000307590291731832,0.000347117029276521,9.12141728966847e-05,-1.27267307529901e-05,0.000422824028814012,0.000143227331308593,0.000709736871403706,-0.000647319521849856,-0.00285040756868928,-0.00010091450911102,0.000206923801949068,-0.000237292654177378,7.5138310994011e-05,-0.000268767976052019,0.000414484765721753,0.000126157840684529,-0.000432047563483855,-1.05780247515424e-05,0.000696931412432741,-0.000113326442885995,-0.000442360521108621,0.000821910167594774,0.000415941996491649,0.000311610803685363,0.000181935666268016,0.000794908245226595,-0.000210977265958033,0.000448530591286681,0.000471075279819282,-0.000209298420301859,0.00186345843656854,0.00151902514857417,4.60013154403977e-08,-0.00211361001309159,0.00476504786196904,0.0020873678531314,0.00348105566017437,0.00990091279541521
"772.815",-0.000480732335687532,-0.0010447730233535,-0.000689738356347649,-0.000797283473910491,-0.000775796566326794,-0.000795094035236793,-2.06396770337022e-05,-0.000279766066890842,-0.00063233550205282,-0.000354393895737012,-0.00032448668403945,-0.000623735194358016,-0.000217960932813679,-0.00046696933770169,-0.0010218395927637,-0.00087093418749156,-0.000911200630669919,-0.000730438665773217,-0.000712305327663935,-0.000700931614091992,-0.000521274175029068,-0.000697600000611141,-0.00166011056355226,-0.00378760772891288,-0.000353396551715573,-0.00100452257933886,-0.000678973555179988,-0.000569708250458198,-8.59622762801566e-05,-0.000499172539179035,-0.00089488498618435,-0.000968718928222172,-0.000798901647043242,-0.00131786703661293,0.000271478877229387,-0.00142183237744939,2.54884442454334e-05,-0.000764247036430164,-0.0011462098339275,-0.00154367513411273,-0.00105378889490105,-0.00059801979428966,-0.000486726786196346,-0.000739718426270596,-0.00217875471092465,-0.000126077920242312,-0.00182197199936479,-0.00368041089714139,-0.00416702768133272,-0.00254381061984185,-0.000785530451357214,-0.0166555862821975,-0.0395112276068504
"777.57",0.000720267419406383,-8.18696376247766e-05,-9.82930596442176e-05,0.000441579110301113,0.00015028325882076,0.000249233459868409,0.000173559579284201,0.000212643970118385,-0.000233474057184782,-0.000256799117269464,0.000250213367322412,0.0004137893518603,0.000344330439692472,-0.000422397175485092,-0.000358036175734851,0.000438800617426619,0.000165944224268746,-3.47029271670014e-05,-5.0953073037338e-05,0.000229185222419095,0.000345584471417066,0.000112014580576553,-0.0016957940350246,-0.00188160384219759,0.000400228796332433,0.000300896455873386,-0.000120962338099035,0.000219309355450155,0.000471179215815554,0.000335952057680758,0.00102038555734015,-0.000300919107418252,7.61665495297781e-05,1.10812090223794e-05,-0.000415797767123357,0.000426703802901045,0.000606145037364541,-0.000643072676193268,-0.000303108274188587,-0.000633170995395397,-9.92527870397212e-05,0.000933691288945104,0.000616339991842596,0.000617617217387479,0.000669912954465505,0.000708477450074207,0.00166532138974622,0.00328608926542881,0.00245594276956289,-0.00217690286461777,0.00600256924701169,-0.000254366380492343,-0.00692523567451817
"782.325",0.000326752984763594,4.16570361841496e-05,-0.000113162137963666,-0.000212403991253008,6.09984287706352e-05,0.000158975408756252,0.00010571427489524,-0.000327158679186273,0.000167257174391442,-0.000269294562803844,0.000580657083441898,0.000699957949570397,-6.80445308768166e-05,7.70454001862302e-05,1.06011155172621e-05,1.04432831421636e-05,-0.000236304911482016,1.20340395115775e-05,0.000142112519015529,6.84763296078496e-05,4.04887874522181e-05,0.000163630686797348,-0.00230532504523786,-0.000691373425500975,0.000209107635996217,0.000588059021581282,0.000379553520404596,0.000111195366827545,-8.91003585663839e-05,-0.000858326317660298,0.000414391682492662,0.000698078685068851,-0.000220683012096865,-4.53295962188877e-05,-0.000129107596591631,0.000358973921421439,-0.000576037257212476,0.000236171727195731,-0.00017577697139667,0.000862524261843842,-0.00018476907806045,0.000601701053882317,0.000424267143318733,-0.000998653131265413,0.00035434592513495,-0.000195699296318254,-0.00102289347038374,-0.00142987222062926,-0.000789705651563792,0.00153198255592154,0.00135399409220658,0.00592464766556934,-0.0357976607102981
"787.081",0.00159710296416182,0.00158132168019959,0.00088778314769648,0.000726466816484611,0.000741033974339206,0.000489850571886752,0.000289472859163508,0.000443368036158994,0.000407502364523575,0.000393482730081422,0.00096912956831444,0.00064090580705848,0.000798393618554496,0.000937097461850553,0.000296146351757955,0.000784114682450985,0.00137260061362431,0.000994183109570229,0.00127660898385808,0.00112461133519523,0.000872275650156682,0.000776751304942781,0.000410783854554205,0.00182593500271134,0.000859905072996574,0.000603753063584738,0.00143275456684148,0.000639919300878175,0.000616853702137092,0.000655422548917673,0.000526041288972082,-2.26604156885006e-05,0.000260739180786068,0.000567507355561686,0.000999319008325154,0.000571983691054714,0.000470794592056118,0.00139813827664464,0.00108444892531622,0.001401180407846,0.001414363285753,0.00189102645267042,0.00128579111990826,0.00140715553425343,0.00259914196808242,0.00238465926832479,0.00371464771464026,0.00562917619354731,0.00199972780258457,0.00777461599220065,0.0100065225851836,0.0261865103693696,0.0335328139640668
"791.838",0.000893468952083611,0.000213610536026679,0.0004375296869008,-6.05562958179732e-05,0.000375587707762846,0.000153665762769792,0.000231253073481784,0.000316459951118251,-3.56492629921008e-05,-2.53366802244868e-05,0.00033516541938448,0.000353632048602384,0.000277687142656226,0.000282066602931203,0.000307093115339559,0.00040253676791352,0.000230845575340489,0.000266676568691816,0.000146151605806052,-0.000154795435951263,-0.000125939984744449,-0.000293171457242725,-0.000183810783903557,0.000679550546853059,0.000919124490815567,-5.80233766646568e-05,0.000927558838389431,0.000262605456105326,0.000719007748750843,0.000620880816369116,0.000178694108193669,-2.22881071339177e-07,0.000452937268213979,0.000844836422755441,0.0008780469770937,-0.000114305243310116,0.000725505624174082,4.28032646575085e-05,0.00108306716226661,0.000530958880388769,0.00110281517959324,0.000112354930855454,-0.000993439737447941,0.000643330253682884,0.000363435944275383,-0.00087193532673979,0.00121023610235783,-0.00132017694907028,0.000999107551993143,0.0012221324212585,0.00291491392088605,0.0237821069835977,-0.00460595758898737
"796.596",-0.000292220909435068,-0.000957107370306043,0.000157481604112112,-0.000332788524243462,-0.00035071920590389,0.000166381902842676,-0.000191414096894592,-0.000135316337956347,-0.000130750606148391,0.000196370020311222,-0.000881813052678776,-0.000213482455850033,-0.000506820008175054,-0.000298542217671313,-0.000782183832101983,-0.000421413156099611,0.000340865404870021,0.000160802892141361,-0.00048705617134729,-0.000286381392506097,-0.000328516042186413,0.000985793200432987,-9.31023297816688e-05,-0.00100038404906864,0.000572163707356112,-0.000591217447279652,0.000268380511573355,0.000232774537398605,0.00061625200533566,-0.00033349125581123,0.000227565439369193,-0.0002281095754235,-0.000253769075247449,-0.000495164462894774,0.00019623339824051,0.000155229978337446,-4.34188787357196e-08,-0.000261343545849918,-0.000873282990804206,-0.000770127050425166,-0.000368611589430941,-0.00114324200920599,-0.000105718107588448,-0.00148052655052557,-0.000482693846929869,0.000170957231224188,-0.00143823173563015,0.00363661645522157,-0.000317442465860739,0.00106708659203582,-0.0123083100125157,-0.0134542830516794,-0.00937351286810661
"801.355",-0.000238623689068686,0.000262844208283576,-2.24877306018201e-05,0.000447276462077433,1.84254594122806e-05,0.0003294086127359,1.28654080199825e-05,-9.45078812829752e-05,0.000163512615787317,0.000507909194706744,0.000335761150905699,-0.00033025781403592,0.00027460822075071,0.000863274622896695,0.000241049432748332,0.000277778737172635,-0.000263632700883881,0.000629310511919226,1.19221839925243e-05,0.000196951540040284,5.40519316453983e-05,-0.000643520223985083,0.00038773801954347,0.000166146306728463,0.000199659815954453,0.000571544738902373,0.00060423329596005,0.000261273072281885,0.000271068749366435,0.000258113781954298,2.92005459417355e-05,-5.91014388931812e-05,0.000258890204113766,0.000315554087179015,0.000465464493328537,0.000212173785716784,0.00041329949617422,0.000438571433406933,0.00039661132496191,0.0003252905204429,-0.000287906448329581,-0.000131599427213763,0.000345954952106049,0.0010057082624773,0.0010303357327657,-0.000442233336735766,0.000567645058123997,0.00111843965449942,0.00126145088715837,-0.00138162818919293,0.00574237167854431,0.00557779678470046,-0.000578971427675443
"806.114",-8.434531100094e-05,-0.000212918239975542,0.000124458321092602,0.000383138046915775,0.00023842124795448,2.51596064738849e-05,-3.19495737148725e-05,-8.90565154379714e-05,8.81830310687918e-05,0.000227963970074711,-0.000114549998328127,-4.92074643114882e-05,8.12271334832101e-05,-3.98043018189158e-05,-4.82849517202518e-05,-3.84638427931368e-05,0.00044605300738804,-1.07691121596869e-05,0.000747690268278892,-0.000225386833279658,-5.57875898365414e-05,0.000536247419760762,-0.000342238378197451,-0.000254823686707555,0.000388102557572315,0.000622362133258097,0.000211364534579547,0.000381637583376799,0.000210655850088756,-9.92142125999328e-05,1.9325063851418e-05,-0.000255882043848604,-2.98535602714815e-05,0.00037652503133498,-1.06819978353652e-05,-4.46812449814376e-05,0.000141987901313593,0.000338445804442762,0.000635045551971093,0.000325295935187766,0.000227294092522459,0.00116778342396346,2.60027997975331e-07,-2.0932314821647e-05,0.000662334577086091,-0.000176740673774386,0.00159605492837359,-0.000687596289836904,0.00192031553562773,0.00130419684636308,0.00647316199960868,0.00534622241731935,-0.00343712300519556
"810.875",-0.000504933117682523,7.53515643777176e-05,-0.000192005383469152,0.000361970130701995,-8.22720953312169e-05,-0.000312150875609379,0.000108564366730041,-0.000127754157410194,-0.000307560201493639,-0.00021324593932824,0.000172316725367472,-0.000222844530213413,-0.00053886036551774,6.96436079584427e-05,-0.000501246836672896,0.000211083474426816,-0.00013141047055712,0.000234941435480217,0.000572669669197417,-0.000141745371700848,-0.000247423242756672,0.00027465612906481,-2.26095324941415e-05,-0.000509191545956357,-0.000829115475521757,-0.000305919001077911,-0.000402764308466853,-0.000311226732809752,0.000803004309683627,-0.000675018532893829,-0.00024602664755249,-0.000373919872784528,0.000109522938495909,-9.15319627296391e-05,-0.000296061996884785,3.34966721761338e-05,-0.000720698401114901,-0.000338445804442762,0.00013209281889889,0.000325225543504521,7.57613280829201e-05,-0.00065795945447179,0.00069172416992783,6.2839465227295e-05,-2.50184329201072e-05,0.000530764611339742,-0.00138365080086047,-0.000558765082784564,0.00312630559068849,0.00115026981462471,0.00122077925951718,-0.00766812361960851,-0.0277131390110564
"815.635",-0.00127731441230199,-0.000300442076886638,-0.000531837459629183,-0.000702589638161633,-0.000422208589696161,-0.000296151641327182,1.23733314492893e-05,-0.000128246858137266,-0.000484279552693022,-1.6077773857436e-07,4.88031787383966e-05,-0.00044766210059697,-0.000773524349070001,-0.000416869515374877,-0.000347449553849623,-0.000201175708764681,0.000141795083694697,-7.48204110354517e-05,-0.000212820303489125,-0.000674443519865047,-0.000391349442614038,-0.00104047048522504,-0.000182577819800038,-0.000166389938646073,-0.00025244275112867,-0.000377573074995919,2.96503813850555e-08,-0.000492541876842911,-0.000210957732753218,-0.000873485438539446,-0.00018710501082219,-9.84872686773417e-05,-0.000617318748199205,0.000488479433687897,2.10338931231548e-05,-0.00011170147319383,-0.000566827158108364,-0.000150270080453012,-0.000423014307673952,-0.000565793035931767,-0.000530346252394387,-0.000180836167627844,0.000310433424418749,-0.000628519611248008,0.000859819416701273,-0.00117946056485995,-0.000674577724005843,0.000645380622719023,-0.00131631585755497,-0.00260726540417392,-0.00611301971681375,-0.00836249147972419,0.00635889755486799
"820.397",-0.000294601878331137,0.000350153782833733,2.21802051744874e-05,0.000350794778792082,-0.00029358081309604,-0.000287504445052596,-0.000362805962993491,-0.000434023285763153,-6.39796708870802e-06,-0.000220647513514628,-0.00027846080494394,0.000155309472989862,0.000325483591709354,-0.00011908388196478,-0.000366655267464763,-5.74136216418784e-05,-0.000274194886471066,-0.000341910282612529,-0.00043697363884616,0.000143478639284606,-0.000231961002082442,-0.000457198012464353,-0.000764146383001681,8.850447990853e-05,0.00013635002629274,-0.000550938876768013,-0.000362589112493754,-0.000612732667832084,-0.000441743878508659,-0.000188552410865861,-0.000196898754465487,0.00033464957719567,-1.99021165007282e-05,-0.000183293470580806,-0.000275100126135647,0.000167504343405645,-0.000519718582480641,-0.000864765154104012,0.000172030161232194,-0.000820287004670627,-0.000454579054991254,-0.000558926132773516,-0.000291044390016344,0.000523823326313356,0.00044215641261041,0.000384150523977612,0.000460627209931582,-0.00180572800713946,-0.000548400273486558,-0.000690387546485266,-0.00439957900210025,0.00139785359893952,-0.0276878529580214
"825.159",0.000869916095207594,0.000926420693989962,0.000542696918145926,0.000925646091556726,0.0007797027890513,0.00103009335046835,0.000814564392728928,0.000300266715642152,0.000307979218752984,0.000242511765568574,0.000998836979089126,0.000971342907485679,0.000549244723031412,0.000128846401649112,8.66314187067604e-05,0.000708268815460873,0.000557341122736439,0.000925009674716811,0.000379338628772104,0.00107292134847218,0.000425901528046402,0.000960208049564467,0.000501659089063254,0.000907579591956488,0.000619417268357625,0.000693742111480445,0.000835782851207839,0.000401593657726339,0.000873012237436973,0.000555937705409647,0.000560691239055083,0.000905339739382468,0.00107541362502558,0.000905773797773741,0.000751009543651743,0.000915683897292066,0.00100392457231141,0.00102774436914504,0.00105810943576966,0.000481059178426382,0.00130314437356735,0.00111864357908459,0.00205797513993546,-0.000146615584129537,0.00294590308345319,0.000974230271164032,0.00358259967603115,0.00313914892216531,0.00202974061694601,0.00429727052227025,0.00500605201249335,0.0167343376661749,0.0404015696721067
