"","500","495","490","485","480","475","470","465","460","455","450","445","440","435","430","425","420","415","410","405","400","395","390","385","380","375","370","365","360","355","350","345","340","335","330","325","320","315","310","305","300","295","290","285","280","275","270","265","260","255","250","245","240"
"248.336",0,0,0,0,0,0,0,0,0,0,0,0,0,0,0,0,0,0,0,0,0,0,0,0,0,0,0,0,0,0,0,0,0,0,0,0,0,0,0,0,0,0,0,0,0,0,0,0,0,0,0,0,0
"252.814",0,0,0,0,0,0,0,0,0,0,0,0,0,0,0,0,0,0,0,0,0,0,0,0,0,0,0,0,0,0,0,0,0,0,0,0,0,0,0,0,0,0,0,0,0,0,0,0,0,0,0,0.239733477926144,0.017026545848111
"257.296",0,0,0,0,0,0,0,0,0,0,0,0,0,0,0,0,0,0,0,0,0,0,0,0,0,0,0,0,0,0,0,0,0,0,0,0,0,0,0,0,0,0,0,0,0,0,0,0,0,0,0.310679411761055,0.00411693054071656,-0.0158416296924812
"261.781",0,0,0,0,0,0,0,0,0,0,0,0,0,0,0,0,0,0,0,0,0,0,0,0,0,0,0,0,0,0,0,0,0,0,0,0,0,0,0,0,0,0,0,0,0,0,0,0,0,0.322639680165602,0.0145369641363125,0.0032908199816702,-0.00517199196374729
"266.271",0,0,0,0,0,0,0,0,0,0,0,0,0,0,0,0,0,0,0,0,0,0,0,0,0,0,0,0,0,0,0,0,0,0,0,0,0,0,0,0,0,0,0,0,0,0,0,0,0.350050638417105,0.0221051805221748,0.00360032172516722,0.022329593022307,0.0488810788848907
"270.764",0,0,0,0,0,0,0,0,0,0,0,0,0,0,0,0,0,0,0,0,0,0,0,0,0,0,0,0,0,0,0,0,0,0,0,0,0,0,0,0,0,0,0,0,0,0,0,0.346202951733336,0.0290503585674447,-0.00268832897976568,0.0052693548914198,-0.0165334813837502,0.00516593578298805
"275.26",0,0,0,0,0,0,0,0,0,0,0,0,0,0,0,0,0,0,0,0,0,0,0,0,0,0,0,0,0,0,0,0,0,0,0,0,0,0,0,0,0,0,0,0,0,0,0.339958177691287,0.0328379517350004,0.0021462443233136,0.00532860039715777,-0.00688291822855103,-0.0102968578432868,-0.0400791208885549
"279.76",0,0,0,0,0,0,0,0,0,0,0,0,0,0,0,0,0,0,0,0,0,0,0,0,0,0,0,0,0,0,0,0,0,0,0,0,0,0,0,0,0,0,0,0,0,0.191950259038148,0.0481321238369389,0.00694207655630055,0.00381315505191246,0.000526499076671683,0.00519071774837987,0.00852667826054876,-0.0152340614932357
"284.264",0,0,0,0,0,0,0,0,0,0,0,0,0,0,0,0,0,0,0,0,0,0,0,0,0,0,0,0,0,0,0,0,0,0,0,0,0,0,0,0,0,0,0,0,0,0.0560018865376408,0.00492126860489978,0.000835408412823396,0.00356843725496303,-0.00261637578408452,-0.00754180917523756,0.00900986582065928,0.00727221686659194
"288.772",0,0,0,0,0,0,0,0,0,0,0,0,0,0,0,0,0,0,0,0,0,0,0,0,0,0,0,0,0,0,0,0,0,0,0,0,0,0,0,0,0,0,0,0,0.0652950083989898,0.00246429511799909,0.00507131324596006,0.00483663461280581,0.00612763261140159,-0.000544659106237716,-0.00118653387662929,-0.00776174167120793,0.0254146128677359
"293.283",0,0,0,0,0,0,0,0,0,0,0,0,0,0,0,0,0,0,0,0,0,0,0,0,0,0,0,0,0,0,0,0,0,0,0,0,0,0,0,0,0,0,0,0.0616513688323132,0.00359491417805295,0.000657595967091411,0.000165700899517784,0.00602908701501853,-0.0041692465566201,-0.00489929813869155,-0.0112804496054776,-0.0228010927636724,0.0184235945560222
"297.797",0,0,0,0,0,0,0,0,0,0,0,0,0,0,0,0,0,0,0,0,0,0,0,0,0,0,0,0,0,0,0,0,0,0,0,0,0,0,0,0,0,0,0.0748937137113707,0.00461546983279166,0.00620766352901647,0.00509364865070205,0.00743500108958067,0.00972948796666917,0.00578541835539229,0.00548080862323358,0.0108767217842521,0.0102253525765141,0.0777570152638509
"302.315",0,0,0,0,0,0,0,0,0,0,0,0,0,0,0,0,0,0,0,0,0,0,0,0,0,0,0,0,0,0,0,0,0,0,0,0,0,0,0,0,0,0.0926076896324122,0.00304876498965622,0.000617061099267218,0.00227247728270271,0.00322667375813293,0.00332437416259967,0.0035842899382726,0.00135736875604647,0.00140104721666162,-0.00530780951031289,0.0208505868463308,-0.045088458961758
"306.837",0,0,0,0,0,0,0,0,0,0,0,0,0,0,0,0,0,0,0,0,0,0,0,0,0,0,0,0,0,0,0,0,0,0,0,0,0,0,0,0,0.1117333002326,0.00394974194661078,0.00176455641710175,0.00142398958668104,0.000600130086819944,0.00538024357790928,0.00135037842522749,0.00382771051143926,0.00218182855319692,0.00850760131718063,-0.00121398199672629,-0.0088208818746294,0.00873869159299172
"311.362",0,0,0,0,0,0,0,0,0,0,0,0,0,0,0,0,0,0,0,0,0,0,0,0,0,0,0,0,0,0,0,0,0,0,0,0,0,0,0,0.122930590826191,0.00411407307676352,0.00149838735293913,0.00176449697505954,0.00323569334392163,0.00580375812916883,0.00537691121856818,0.00225067269913103,0.00364001684615638,0.00377312557564744,0.000898336851773412,-0.00173122730823785,0.0270476712363757,0.0361219305805473
"315.89",0,0,0,0,0,0,0,0,0,0,0,0,0,0,0,0,0,0,0,0,0,0,0,0,0,0,0,0,0,0,0,0,0,0,0,0,0,0,-0.000726198366218678,0.00775963497256411,0.0012876749980498,0.00146686877388163,0.00137012605410311,0.00160550683897595,0.00461323668475747,0.00432531200655949,0.00526518403151489,0.00368394307075737,0.00542055840039325,0.00098246744573275,0.00811769552862939,0.0102441917685477,0.0298564603047205
"320.422",0,0,0,0,0,0,0,0,0,0,0,0,0,0,0,0,0,0,0,0,0,0,0,0,0,0,0,0,0,0,0,0,0,0,0,0,0,-0.000885590688003313,0.00932961646332307,0.00212297288395929,-0.000182111888429582,0.00179363067337132,0.00107422259262657,0.00592928438513624,0.00455113956612847,0.00394032764538603,0.0040948644585429,0.00290609456158013,0.0077338530895565,0.00668890043236949,0.00498412598547079,0.00676910941432183,-0.0130617986314191
"324.958",0,0,0,0,0,0,0,0,0,0,0,0,0,0,0,0,0,0,0,0,0,0,0,0,0,0,0,0,0,0,0,0,0,0,0,0,-0.00266009276727996,0.0135570612274477,-0.000101245161727815,-0.00027386447833088,-0.000120455842794048,0.000524220781554549,-0.000608067016622277,0.000642894510768571,0.00253521591791604,0.000440228951934834,-0.00119674293154978,-0.0022967463652769,-0.00262345081512153,0.00067628595370086,-0.0137442107519678,-0.0274320671463646,-0.0340764160099711
"329.496",0,0,0,0,0,0,0,0,0,0,0,0,0,0,0,0,0,0,0,0,0,0,0,0,0,0,0,0,0,0,0,0,0,0,0,-0.000885185061010763,0.0190415217326562,-0.000493094146544937,0.000660851620812607,-0.000147654129791971,-0.000343138590258293,0.000886017038270959,0.00255008947388627,0.0010165305703879,-9.6855514467491e-05,0.00257945924728925,0.00234465370911147,0.00115870746167198,-0.000870506157651347,0.00155763820998941,-0.00333087430549067,-0.0079010761485848,0.0261862623305459
"334.038",0,0,0,0,0,0,0,0,0,0,0,0,0,0,0,0,0,0,0,0,0,0,0,0,0,0,0,0,0,0,0,0,0,0,-0.00108779875568465,0.0276731303276143,0.000378038689214086,0.000558241729356947,0.000638871438395808,0.000766341218935273,-0.0016105919911362,0.000648738770493956,0.000981182407121344,0.00236051071922538,0.00104429299892162,0.00306752730605082,0.00340808447023449,-0.00161780034163275,-0.00137467728522795,0.00540766040074606,-0.00461047632849105,0.00319154084368868,-0.00723423009385087
"338.584",0,0,0,0,0,0,0,0,0,0,0,0,0,0,0,0,0,0,0,0,0,0,0,0,0,0,0,0,0,0,0,0,0,-0.000683044409931832,0.0323789417325375,0.000805276000565269,-1.65047723548022e-05,0.00153702181323724,0.000465818805862458,0.000167306390972038,0.00138337049730772,0.00213825204661448,0.00251861681450725,0.00247578248105525,0.00345866532868088,0.0041299243520428,0.00360413165340607,0.00233537518531375,0.0042316158779752,0.00252228487634387,0.00568319632647818,0.014265185363313,0.0256399630812607
"343.133",0,0,0,0,0,0,0,0,0,0,0,0,0,0,0,0,0,0,0,0,0,0,0,0,0,0,0,0,0,0,0,0,0.000140288205082717,0.0392111315621283,0.00195179273432765,0.000983915353379583,0.00116002583473621,0.000348825819605554,0.000957560989029119,0.0036674926744926,0.00237156337876297,0.00189905330951096,0.00286838444673936,0.00275875145825551,0.00437277660831196,0.00589679568699066,0.00609209513982333,0.00618026741247695,0.00627992372384565,0.00922079280938825,0.0149581839775173,0.0229678170037637,0.0847056362399391
"347.685",0,0,0,0,0,0,0,0,0,0,0,0,0,0,0,0,0,0,0,0,0,0,0,0,0,0,0,0,0,0,0,0,0.0456625774308757,0.00144097106124473,-0.000524968432168595,-9.71349387118518e-05,-0.000369218720049877,-0.000962829067198079,-0.000401709452412857,-0.000778807972819248,-0.0022781089513697,-0.000548564944940673,0.000877243178874241,-0.000105659027307354,-9.39547811979226e-05,0.00163186135766065,0.000271031691151996,-0.000346438822656454,-0.00212512173129165,-0.0052466428292951,-0.00363474119932957,-0.0315989995156217,-0.0481786557656643
"352.24",0,0,0,0,0,0,0,0,0,0,0,0,0,0,0,0,0,0,0,0,0,0,0,0,0,0,0,0,0,0,0,0.0564011978582352,0.00162514039496497,0.000325989477041835,0.000160939158360058,-4.52463771141547e-05,6.3075852769455e-05,0.000155683071604254,0.00101943102490097,-0.000481263476661289,0.000412244304871147,-0.000536474733219287,0.00158269211353657,0.00230414261476092,0.00264566821961786,0.00315124074026333,0.00301541704986815,0.00713489831329972,0.000758832249405906,0.00708361886665042,-0.00156582219274033,-0.00511358957079444,0.0133389928337504
"356.799",0,0,0,0,0,0,0,0,0,0,0,0,0,0,0,0,0,0,0,0,0,0,0,0,0,0,0,0,0,0,0.0575371046870577,0.00287104001010059,0.00132984471206889,0.000448810138714999,0.000790312920322797,0.00035365424852348,-3.96006627426532e-05,0.000454607267562745,-0.0002980038012158,9.19711876186695e-05,0.000752615144822479,0.000701909236179362,0.000965757825316466,0.0015748083580935,0.00216310581494112,0.000679997286326461,0.00119359576329661,0.00014779311419119,-0.000769734921906828,0.00501187441094029,0.00327224529514182,-0.00190627872944147,-0.0223568440703246
"361.361",0,0,0,0,0,0,0,0,0,0,0,0,0,0,0,0,0,0,0,0,0,0,0,0,0,0,0,0,0,0.0457287276560577,0.00401727087587974,9.77078912808294e-05,0.00104901405542647,0.00160525045105399,-0.000365544658036079,-0.000259200383212435,0.00138949698354941,-0.000270950090584143,0.000329596871610056,0.000507928456351731,0.000598537793487502,-0.000755484585032492,0.000546468433292445,0.00269039122957548,0.0047349156142893,0.00217224850314583,0.00311178303455692,0.00287401928423377,0.0034144986616507,-0.00189895018254263,0.0101804254362306,-0.00879573221787524,-0.0293337778472256
"365.926",0,0,0,0,0,0,0,0,0,0,0,0,0,0,0,0,0,0,0,0,0,0,0,0,0,0,0,0,-0.00105508978755031,0.00416834265920129,-0.000562840060929746,0.000502479929000378,-3.02259402401627e-05,0.000385468683483796,-0.00139607895222048,0.00129901546155831,0.000680878621531142,-0.000134220053057259,0.000229030619718082,-0.000948579173158806,3.26153676573314e-05,-0.000273995115692138,0.000315890245848512,0.00289731104814961,0.00103408599830432,0.00228399625154788,0.000620515118773594,0.00156748073237649,0.00271463272965353,-0.0050677464687652,-0.000589088555133339,0.00712557321118681,0.00412966069464158
"370.495",0,0,0,0,0,0,0,0,0,0,0,0,0,0,0,0,0,0,0,0,0,0,0,0,0,0,0,-0.000656642689457088,0.00266205253612201,0.000116890046453196,0.000459103638154038,0.000201620995659796,0.000421800380705352,0.00038631734997626,0.00038359489170281,-0.00119594360758386,-0.000109596627093898,0.000794749242147973,-0.000495270579167439,-0.000134644417084135,-0.0004439050812215,0.000798211862021789,-0.00019606352594787,0.000505986929354611,5.22073841809842e-05,0.0016812378341362,0.0005734933660507,0.00311147971555357,0.00025542591146552,0.00430531149143801,-0.00688421790177783,0.00678483836359444,0.0291003860327051
"375.067",0,0,0,0,0,0,0,0,0,0,0,0,0,0,0,0,0,0,0,0,0,0,0,0,0,0,-0.000724948447776042,0.00284419036294289,-0.000230549858173361,0.000199043063771657,-0.000167732191118097,0.000679910793182487,-0.000456044074870939,-0.000251127916872568,0.000122595433368317,-9.24955213959799e-05,-0.000418864139667455,-0.00065739805725947,0.00031816630629859,-0.000626077341000422,-0.000775374339722689,-0.000462611516073803,0.000523374905469162,0.000893869930761384,0.000849535114483505,0.00229299938332218,0.00312986181797724,-0.000502792120158872,0.00261963534733255,-0.00384822746181328,-0.00285595272417177,-0.0165858183814756,-0.0107737729265824
"379.641",0,0,0,0,0,0,0,0,0,0,0,0,0,0,0,0,0,0,0,0,0,0,0,0,0,-0.000705366412072195,0.00928945021612641,-0.000845283315863561,-0.000689626492290017,-0.000173409580126739,-0.000314024858229085,0.00049045952695244,-0.000302609425320004,0.0019014759710072,6.77006880294428e-05,-0.000154531710130241,0.000164852969361327,-0.000143538306160089,0.000644854729027339,-0.000871612883202038,3.05387558949153e-05,0.00091378768513543,-0.000249411404649572,0.000580739871038267,0.00263056348855452,0.000392259734250554,-0.000243733717336604,0.00226343281316454,0.00172309567100144,-0.00284538753084891,0.00245052973689887,0.00258484405243808,-0.0123711314772151
"384.219",0,0,0,0,0,0,0,0,0,0,0,0,0,0,0,0,0,0,0,0,0,0,0,0,-0.000669746443746844,0.0128316407648014,-0.000227990492656181,-0.00049324606079952,-0.000429263570410169,-0.000533214825632306,0.000244130148932218,-0.000248178768841083,0.000491208533613868,-0.000463184456851992,-0.000584811589651768,0.000417695277440754,0.000622926080382623,-4.46273656989665e-05,0.000743910624270074,0.000325612656872454,0.000801321294762078,0.000342651076736402,9.61249025084009e-05,0.00148227481794241,0.000594906360234789,0.0028153165564961,-0.00154287694131745,0.000332509806728884,0.00201543969442572,0.0065822369635201,-0.00736451686576026,0.00231738258004818,-0.0090520822721332
"388.801",0,0,0,0,0,0,0,0,0,0,0,0,0,0,0,0,0,0,0,0,0,0,0,-0.000118760590964939,0.012256969250663,0.000333130820334497,0.000179389054334938,-0.000487405873355814,-0.000103018943910581,0.000758546290689858,-0.000640404567133908,-5.24976483528491e-05,9.33651189663348e-05,0.000310464509600983,0.000653231606869567,0.000356703863957439,0.000854914750231794,0.000480348299852031,0.00064785446855598,0.000328996909826588,0.00136014777649249,0.00182938194161136,0.00161543858388367,0.00107274969170454,0.00257652981564617,0.00138918862375683,0.000834525894508621,0.00341994446767301,0.000589691994458582,0.00206500750429419,0.00630955794496677,0.0162807353784353,0.0554778632272278
"393.385",0,0,0,0,0,0,0,0,0,0,0,0,0,0,0,0,0,0,0,0,0,0,-0.000501196601522591,0.0113193372761573,-0.000241779578942025,-0.000535590553469027,-0.000395061078866265,-0.000476389868538038,-0.000456947452679505,0.000552617315230333,-5.85370319191487e-05,-0.000371096729952017,1.76343851725005e-05,0.000109115364756172,-0.000240027068069564,-9.26542967636037e-05,-0.000415036695145201,0.000433955252443417,0.000105337839068907,0.000287054930594137,0.000385420199124576,-0.000611616774172968,0.000947869427925611,0.000124612771743466,0.000903042693048832,0.00272608915475809,0.000762083468389619,0.0012374087782257,-0.00130037998569872,0.00181661111139401,-0.00605879396435795,-0.00720686071624628,-0.0244524495901957
"397.972",0,0,0,0,0,0,0,0,0,0,0,0,0,0,0,0,0,0,0,0,0,-0.000541104318314001,0.00979492712547747,-0.000179980829580936,-0.000460724543080143,-0.000467734113080705,-0.00101012921394142,-0.000719355631995473,-0.000262939838177474,0.000116395025616917,0.00127736813405313,-0.00053832621598883,0.000111310859558072,-0.000214797990985744,0.000459761463134189,-0.000344437005808433,-0.00057650041797051,-3.30704370905604e-06,-0.00082867689691086,0.000206501080657675,-0.00085966643307983,4.49253259022257e-05,8.57997659789011e-05,0.000266169730140922,-0.000735918145562079,0.000466028648983104,-0.000179579776633164,-0.00192907696838308,0.000327781004350123,-0.00145529664215021,0.00731130875697199,-0.0297674516145453,-0.0138634600469436
"402.562",0,0,0,0,0,0,0,0,0,0,0,0,0,0,0,0,0,0,0,0,-0.000433397523501355,0.00991436445318375,0.00066996904424959,0.000366502294833362,0.000337222094435979,-0.00023616980213556,-0.000146932989495483,-0.000108019448007308,-0.000431179163295534,0.000710866180823992,0.000987565403780165,0.000497842007793348,0.000471576154507104,0.000442914198006506,-0.000132727329210395,0.00110480136461519,0.000412031448025624,0.000558100302203477,-0.000104824265742918,0.0003329131736338,0.000372359942431648,0.00109411738348361,0.000950832312350847,-0.000466045201103446,0.000698896892354858,-5.98173222827224e-05,0.00121804301306721,0.00185154439079763,0.00347058912084238,-0.000739140311372755,0.00327074539586343,0.00332348191223541,0.0188584869129443
"407.156",0,0,0,0,0,0,0,0,0,0,0,0,0,0,0,0,0,0,0,-0.000491447978159143,0.00575355395583588,0.00136648282312816,-0.000335666639132182,0.000416194512309423,0.000185756646968316,0.000112905790866553,-0.000145268056348784,0.000204608593724791,0.00102882345656959,0.000777064369639174,-0.000106397754779476,0.000314059693492772,-0.000415327095717374,0.000189904246135111,0.000438231066719102,-0.000338820040154258,6.18230242781701e-05,0.000553203829094363,-0.00046670347554417,0.000477579285528966,0.000526749894087164,0.000866095045920797,0.000890980605339898,0.000234030906796704,0.00029798555159941,-0.00020090769335139,0.000635013933383106,-0.00318688352209422,0.000155365672469377,0.00109183482365217,9.99100530241631e-05,-0.0097716995448523,-0.0237277767224278
"411.752",0,0,0,0,0,0,0,0,0,0,0,0,0,0,0,0,0,0,0.000191964546608525,0.00347926566246937,0.00227080275226625,0.000688481290894317,0.00107956272627213,0.00113962485125151,-4.13302028075772e-05,0.00028189870318419,0.000624024077330254,7.78469314792786e-05,0.00102209322438163,0.00018271152032049,0.000613915012062257,0.000510996537594791,0.000959848324687808,-3.00820228119414e-05,0.000549044486527673,0.0011710615252068,0.0006989829827391,0.000660605464362584,-8.91290037019522e-05,0.00141691930035254,0.000617289698118186,0.000654264573399275,0.00214811720789166,0.0023382949860667,0.00219170767855751,0.00208793860964502,0.00287803802970514,0.00401468035494989,0.00287184077433553,0.00473425582897265,0.00375838702672911,0.00215476776620724,0.0205718158819733
"416.352",0,0,0,0,0,0,0,0,0,0,0,0,0,0,0,0,0,0,0.00368152871899635,0.00131939201066064,-0.000191898051254436,-0.000345678749581164,-0.000220148078853809,-0.000477182599586108,0.000324536771964248,-2.03127043155605e-06,-0.000201350017141125,-0.00030515019703032,-0.000373990643361882,-0.000837349314768737,-0.000227453052714997,-0.000405866106772872,-0.000537988678740401,-0.000959544650388414,-0.000543018189668129,-0.000256458973308138,-0.000197476718331449,-0.000691242046888931,0.000262852756676311,-0.000288359742368966,8.04305881579423e-05,-0.000304907864482535,-0.000654584141229471,-7.99563675714559e-05,-0.00135375509203691,-0.000463668288456323,-0.00163318923343397,-0.00178007160765644,-0.000353748450883616,-0.00190993252088906,0.00224404383312581,-0.0240244735370389,-0.00856002719622428
"420.954",0,0,0,0,0,0,0,0,0,0,0,0,0,0,0,0,0,0.00218865454721895,0.00265342234866347,0.000826486580267301,-0.000558231096418831,0.000930474097460996,-0.000185069084012092,0.000236424871440056,-0.000312246375524297,-0.000177837560604504,-0.000162128012882852,-7.06021814716185e-05,0.000615668849963318,-0.000395155109217142,0.000420885566168844,0.000387193550903199,-1.13676129348344e-06,-0.000229450178083434,0.00018820883574154,-6.13470503222956e-05,0.000197475321140614,0.000221614151625441,0.000447141162550079,0.000376859957907269,0.000499636023755521,-7.79420340160692e-05,-0.000625016955138502,0.000278391281817999,0.000504076473366229,0.00190753827787609,0.0018484765384143,0.000966536635431671,-0.000396594504083907,-0.00041804312206955,-0.00354028859151195,0.0140551963160941,-0.0078426604458231
"425.56",0,0,0,0,0,0,0,0,0,0,0,0,0,0,0,0,-0.0110071093848491,0.0041958561861015,0.000716212191882372,-0.000175005683155928,0.000275843763867455,0.000360606925898641,0.000440123545664409,0.000134900377282738,0.000625402294339534,0.000809114926742144,0.000233212602445319,0.000234280336891046,0.000233253217352314,6.81654933367944e-06,0.000404360725474165,0.000206936713794851,-0.000351052542074409,0.000186273890765272,0.000463742452720451,-3.08398650506884e-05,0.000111327965823292,0.000162654220899451,0.000265200223030206,-1.54049238977349e-05,0.000357027650263107,0.00103954428760628,0.00132745540273656,0.000624855220535508,-0.00132348318524081,0.00197703529161305,0.000967325454390848,0.00011298963207678,0.00213489500110689,0.00278154393392151,0.0025813376319195,0.00120722940943206,0.00611300977061236
"430.168",0,0,0,0,0,0,0,0,0,0,0,0,0,0,0,-0.00255375050868706,0.00460405651977137,-0.000352333094642856,0.000512006232430728,0.00057316993795906,0.000344077049082285,0.000482014501586047,0.000451507589398765,0.000523792935958406,0.00033482018410746,0.000635117691436017,0.00123078853249148,-0.000247407867186658,0.000481692533786804,0.000528963664622484,0.000710554246360137,0.000746088081287448,0.000101992953500881,0.000279688820286376,0.000308975109880145,0.000143305894243144,-8.42117700705005e-05,0.00100329245698037,0.00151519532206066,0.000522068532384796,0.000272145693022008,0.000323505846712641,0.0015546067906865,0.000993778906043713,0.00120708711817475,0.00196395783027236,0.00187092799321655,0.00428602936229766,0.00290372310346841,0.00619356358585162,-0.00212797485677062,0.000602719732080914,0.0291198014688099
"434.779",0,0,0,0,0,0,0,0,0,0,0,0,0,0,0.00684005772949065,0.0046526536391716,-0.000133523308186147,-4.81711247529433e-05,0.000621263693753991,7.2819390208134e-05,-0.000263232965479623,-9.90395442016505e-05,-0.000108700659215951,0.000576845100959971,0.000633850861528222,-0.000699143954078454,0.000398041754002992,-0.000459468569942399,-0.000174671318512676,-0.000325855909950154,-0.000372891240184418,7.7049923463792e-06,0.000383952164870297,-0.000159120886702471,0.000290053327281258,-0.000145091387092807,-0.000237171665198927,-1.31499951175288e-05,-0.000253425184262633,-0.000635792777318459,8.89863942409896e-05,-0.000301088851516521,-0.000160225029273066,-0.000563762098701661,-0.000257501236410771,-0.000233439267530252,0.00116130003815611,-0.00223313865889417,-0.00147318685936004,0.00139203186389022,0.000198984381028514,-0.0121307841856813,0.00798276551389642
"439.393",0,0,0,0,0,0,0,0,0,0,0,0,0,-0.0227169460909065,0.00650098729347842,-5.83823942258031e-05,-0.000209636196975602,-0.000529985465245826,0.000258004645034077,-0.000106996664971614,0.000455289969345191,8.71575614922223e-05,-0.000138001898517225,0.000108993237072065,-5.14775695778791e-05,-0.000589247470769959,0.000247064048747362,-0.000232613390000411,-0.000310108978630331,-0.00049304695974494,-1.79665106640113e-05,0.000411365364697685,-0.000162703594476946,0.000103096996651796,-5.56074608939366e-05,-0.000220517587411446,-0.000367151102426716,0.000275867145904706,-0.000318880513257916,-0.000305727569163089,-0.000793455992672257,0.000419263585983148,0.000370512490383741,0.000822343495839101,-2.40877740345664e-05,0.00146452005665384,-0.000521430875798998,0.0029904065831092,4.62035463887327e-05,0.000326786941738945,0.0011430196862549,0.00837304828508648,-0.0125052043683483
"444.01",0,0,0,0,0,0,0,0,0,0,0,0,-0.0351667390776791,0.00587200090100727,0.000991175513998739,0.000702800986217154,0.000615722926486439,0.000134014520310699,0.00064020473173412,-0.000188365148836031,0.000389357723465829,0.00056882969181521,0.00077455994680263,-0.000332261139167796,-9.92935472627354e-05,-9.77801834780895e-05,0.000764493972407472,0.000431972209123756,-0.000220942014770099,0.000535718342455642,0.000771553935696446,5.7730033202587e-05,0.000369349867491108,4.18796185393218e-05,0.000848544034589582,0.000489992207042249,0.00113565936379423,0.000803682750257043,0.00117174128344208,0.000512784037941364,0.000882751165968007,0.0008476351962598,0.000383670960311066,0.00115218994467036,0.00178730933799776,0.00142534621994895,0.00192522357074682,0.00208109630087111,0.00107260289496271,0.00385089230637307,0.0058242022649269,0.0105042119587668,0.0325168923247525
"448.63",0,0,0,0,0,0,0,0,0,0,0,-0.0333473079294833,0.00211057244814677,-0.000792661294911001,-0.000560933744046714,-0.000429019695910824,-0.000463715034490707,-0.000337428645280265,-0.00112352487691361,-0.000481937147663716,-0.000586166566906052,-0.000457588690140865,0.000638923715062266,-0.000781446061854436,-0.000162269446130224,-0.00060183188038259,-0.000710220431771009,-0.000574984292761243,-0.00026717172692148,-0.000429037520620641,-0.000375909435192853,-0.000580030225694549,-5.87118821023905e-05,-0.000135969117593396,-2.73915702751176e-05,-0.000677030362398632,-0.000571111651169997,-0.000813608014002428,-0.000200012593304769,-0.000483960273300102,-0.000266660541485649,-0.00057675727361951,-0.000199498426317544,-5.55261040733491e-05,-0.000451000690669812,-0.00135299689445369,-0.00121447208024136,-0.00132742080340397,-0.00123702751189297,-0.00160381948227402,-0.00440114314240908,-0.013245069846275,-0.0266361651246209
"453.253",0,0,0,0,0,0,0,0,0,0,-0.000281640807282268,0.00353655588771343,0.00047097480704945,0.000201304292597126,2.25563993661853e-05,-0.000165151313747315,9.86127031742023e-05,6.86390537116171e-05,0.000372547101078644,-3.10857557721913e-05,-0.00012334486278077,0.000993455247807092,0.000293908536401988,0.000428361084223033,-3.6104987275709e-05,0.000408903591639886,0.000445012785304422,-0.000156863095491883,7.29227934674613e-05,-9.02087111623196e-05,0.000457943917143409,3.97591266349779e-05,0.000211416622980056,-5.11810485322202e-05,0.000328852756245712,0.000640087293167693,0.000239983159721552,0.000286345675260471,0.000724400266649701,3.30622477877284e-05,0.000470464947061401,0.000564933817140176,-0.000137239953509355,4.94392231919197e-05,0.00100725143350896,0.00111431397717586,0.00137043892186292,0.000247380585666723,0.00212653529650991,0.00164470770370841,0.00261451906026263,0.00190517761449142,0.0363128194998936
"457.878",0,0,0,0,0,0,0,0,0,-0.000535606192161697,0.00333818258879062,0.000310433362483376,-0.000332142093832356,-5.74517833251129e-05,-0.000235539870290516,-0.00052090338458817,-0.000535609177752105,-0.000338437636368751,-0.00068256994832918,-0.000381759297827463,-0.000506756714034554,-0.00038423280045799,-0.000507643678281107,-0.000118278459974847,-0.00059715444394434,-0.000397818014889137,-4.11697489196202e-05,-0.000538140141768459,-0.000187974098553203,-0.000419333519746914,-0.000200520243472445,2.34939410391205e-05,2.35724443318119e-05,-0.000289867294808967,0.000342872026959274,-0.000281608735190379,-0.000644080117250286,0.000508040470755931,7.40595825166858e-05,-0.000599519748227397,-0.000272047785107016,-0.000992109391884551,0.000457061590874661,-0.000854397457410957,-0.000881086993198017,-0.000146305366718074,0.000923793030273464,0.00126274378981873,-0.000269349921438827,0.000185898882141551,-0.00399896550281816,-0.00152989701997952,-0.010887581882983
"462.506",0,0,0,0,0,0,0,0,-0.000192377126757015,0.00415762880567724,0.00110141645146221,0.000334435945815572,0.000498057268638125,0.00015093607866902,0.000154152693008274,0.000315669312291395,-7.415809017445e-05,-9.40969471419388e-06,0.000215466067214164,0.000183568434556958,0.0014530339678795,0.000109943664384566,0.000144899131273172,0.000150919398523979,0.000329441248942773,9.00468827711665e-05,0.000259040632478285,-0.000153878662634558,9.59994825386272e-05,-7.24676427604614e-05,0.000592728675900915,0.000665158712919604,0.000528093697095446,0.00012198814263043,0.000391198689924561,0.000251065192996501,0.000492531382818303,0.000796595358576633,0.000339573393618168,0.000283339336086867,0.00118332768640194,0.000675224749547137,0.000673816509998956,-0.000154516374814122,0.000652851317601151,0.00142975288875732,0.000744996696454571,0.00180881318448447,0.00217809363121458,-0.00018794194287587,0.00326035792740323,0.0156691288001253,0.00187338860940648
"467.137",0,0,0,0,0,0,0,-0.000443278363991606,0.00209091779579815,0.00134232345246002,-0.000196897139020204,1.41177998133285e-05,-0.000178989438637426,-0.000245119306190344,-0.000345379378520318,6.05289600277803e-05,-0.000331039334114211,-6.02203926812499e-05,-0.000243439970856223,-0.000258943081529132,0.00015928256067917,-0.000748063006684578,-0.000236210464317603,-3.5547779665986e-05,-0.000167257695768206,-0.000389532485664536,-0.000296424666012675,-0.000287693031773518,-0.000359220271155484,-0.000537051909500758,-0.000391494504418458,-0.000305355624873309,0.000110195404825624,-0.000219262597695991,0.000554575520824557,-4.50113464804634e-05,-0.000649051726988152,-0.000369982904087185,-0.00079033050555821,0.000279781779652614,-0.000242053876969202,0.000260096168831802,-0.000392754166165424,0.000348614432768743,-0.00144953007398575,-7.22087047357884e-05,0.000310328690642361,0.000171366076669807,0.00109666037178597,-0.000493380424027184,-0.00480574028934234,-0.00354561163265319,-0.0185459601778674
"471.771",0,0,0,0,0,0,-0.000613196584590414,-0.00135977722569913,0.00143181547731188,-0.000169978548556739,5.40741759572322e-06,-0.000123440021336989,-0.000209482297167605,-0.000344867825015812,-2.32232302112373e-05,8.28332959921241e-05,-0.000136363147429186,6.58946987181666e-05,0.000397956135977132,0.000156398045057932,0.00015130790477917,-0.00039719175254129,-0.00034210549256756,-0.000131139384443373,-8.4038249235365e-06,-0.000370173503100057,0.000301363408577154,-0.000404146965197759,-0.00021423979096883,8.54981125090796e-05,7.26158218773226e-06,0.000108431635841221,0.00030563455655671,-0.000289358793595142,-0.000242417295307915,0.00016693317161193,-2.94071309046509e-05,0.000147273229712519,-0.00036643917111218,-0.000335866836236013,-3.66525456113886e-05,0.000349929325153965,-0.00010191283980039,-0.000116663075085981,0.00100946775144966,0.000887094254135643,0.000251612297607522,-0.00160307426252652,0.000609296247402281,-0.00091550291528156,-0.00204791931970237,0.00202878187425575,0.015611204780999
"476.407",0,0,0,0,0,-0.0363444794492607,-0.00445526987354716,0.00183660559894197,-0.000125112563032584,6.24906847033237e-05,5.05565788463172e-05,0.000166958619189336,7.10437193155093e-05,-0.000171938706550203,-8.36665300934304e-05,-0.00051116622501239,-0.000359035199600623,-2.33428819112237e-05,-0.000443882309941249,-0.000700806831266894,-1.26210203677864e-05,-0.0003770728273341,0.000402889129908991,-0.000113108662368715,-0.000140282293208706,0.000271965658388956,-0.000142432191500335,-0.000150055354894735,0.000227782466578882,0.000100400862275307,-0.000455808942815237,0.000100255497962687,-3.95227045847256e-05,0.000438602658342865,0.00019054614687764,-0.000114382850381611,0.000333526360017814,-0.000247399914500939,-0.000354171850998003,-0.00102395553340398,8.28553187742065e-05,2.50217014964254e-05,-0.0001441666960603,-0.000512614770618285,-0.000464567126888889,-0.000396155222774375,0.000586535295396632,-0.000781469033562602,0.0013004840144967,-0.000366210746904411,-0.00155514776404944,0.0167552553265719,0.0175478082561152
"481.047",0,0,0,0,0,-0.00945567182479351,0.0020529862400977,4.1304846568443e-05,0.000121441088709819,6.79566612436683e-05,0.000139899764822097,-0.000259290696182424,0.00041236482172801,7.69404251800532e-05,-0.000331884614433476,-3.0130463811371e-05,0.000472860264083193,0.000683656480669722,-9.48617274061682e-05,0.000410320068786059,-0.000191306612251318,0.000464223309648024,-3.57784246707593e-05,0.000493009717824249,0.000319916835205764,0.000438140331456193,0.000416590909432486,2.31013958297693e-05,-3.22186702210937e-05,-6.26394695882541e-05,0.000490789425802207,0.000191853814909742,0.00035734005431475,0.0001581697282251,9.02392148201289e-05,-0.000341193370243268,0.00052463337159007,0.000655296322934364,-6.36089062914421e-05,-6.79980759760916e-05,0.000568364080939779,0.000126807235264453,0.000369795528030438,0.000113756906281904,3.7481983510007e-05,0.000345507860259324,0.000890547914242337,0.000539550281734643,0.000301528274099667,-0.00181489652213334,0.00605275370328917,0.0122384823331937,0.0618811883039515
"485.688",0,0,0,0,-0.0131975208680608,0.00271710667615576,0.000121363539016346,0.000172566298586204,0.000475954842442843,0.000517449569219065,0.000492422918326657,0.000348820559260088,7.07768222440151e-05,0.000449420074927042,-6.71185809479179e-07,0.000733783968705747,0.000714097909134473,0.000829627902326283,0.000962264175498523,0.000172694471017108,-0.000238707213947127,0.00051863756429056,0.000285548866936904,0.00025965124726239,1.59299026607505e-05,0.000462955136334526,-0.000197362395666719,-0.000267606659248111,-0.000244108601531342,-1.64356003367886e-05,-0.000231764621736683,6.11995410252044e-05,0.000497830149365273,-1.66407265085731e-05,-0.00010016693036401,0.000375395381753064,-0.000297801969610743,0.000293364498657781,0.000215813785995545,0.000508095140030845,0.000735020242101038,0.000707648497128916,0.00125575690712007,0.0004924868992914,0.000884659622638348,0.000810122109403976,0.00130894367401707,0.0022669305063216,0.0006045122837391,0.00138677828221315,0.00200818316199306,0.0264969223598941,0.155909650028351
"490.333",0,0,0,-0.0172611876309954,0.00253797309042252,-0.000168574801177136,-6.17415502412834e-05,-0.00045418852760303,-0.000345646834692557,-0.000312396163791988,-0.000206119150174034,-0.000465297361772784,-0.000741963791153817,-0.000451428228584733,-0.000257520337155405,0.000485773368138339,-0.000499960278541448,-0.000465881389530421,-0.000294608759159001,-0.000174824098039252,-0.000400980597184533,-0.000501923389485746,-0.000706573817025457,-0.00027798955285379,-0.000650527994183319,-0.000672020853882336,-0.000647602821121757,-0.000598294493659826,-0.000236492418969953,-0.000319484598761903,-0.000332019982613777,-0.00059449942978542,-0.000562282250450114,-0.00021604728098611,4.09475794282622e-05,-0.000473445525281503,5.40747035222003e-05,-0.000453776020822598,-0.000385132120585251,-0.00162252985620731,-0.00101229114525637,-0.000879947862362307,-0.000644730821844022,-0.000957124376516051,0.000307545301018382,-0.000605639210162921,-0.00170730473024224,-0.00254332087355602,-0.000217680633936522,-0.000427770885076754,-0.00215441335578211,0.04281350440457,0.0458556040533848
"494.979",0,0,-0.0227694489768615,0.00343548244955215,0.00037049740909366,0.00026188515501321,0.000337010163260249,0.000290880338065734,0.000289599450648589,0.000437532364422109,0.000486861893480555,0.00079891286461021,0.000390114730299719,0.000341168446610986,0.000586816923896787,0.000378231051970832,0.000335546957240369,0.000445838483803891,0.000521004215858844,0.000386784124144119,0.000781382418093844,0.000698409436481708,0.000875866786783888,0.000477070092865597,0.000518454671685263,0.000263796622782499,0.000788697309065131,0.000644817680331545,0.00036888625570901,0.00048922689425532,0.000969836022645025,0.000786485581848157,0.000740525202853505,0.000509836747181634,0.000422693079012945,0.000621419315673568,0.00125808531535148,0.000933416335937157,0.0003096752264349,0.000498287377424457,0.000356193502488984,0.00100634344293538,0.000713382160537814,0.0012171474280787,0.00165848300586481,0.00299402555841381,0.00223201818993273,0.0026754756240308,0.00350481574992403,0.00332743748254885,0.0189972953002647,0.115217795605164,0.0384494209403329
"499.629",0,-0.0259868409912433,0.00258125614972602,-0.000325532991917629,-0.000609224244289392,-0.000127053004924507,-1.6048067830177e-05,-8.33278675925754e-05,0.000307913180834473,-0.00020129770673379,-0.000172923225892293,0.000423612446538859,-0.000246152552963158,-0.000426839797055886,-0.00025504551576918,0.000285538099430171,-9.38033102808686e-05,0.000239924712842291,2.69713143784239e-05,-0.000221570231962486,-0.00036084648848805,-0.000311937302358362,-0.00040942386753312,0.000224312371283717,4.0639875114164e-05,-0.000159339578513041,-0.00033811141903516,0.000391063381339888,-0.000211843912453458,-7.77042722216192e-05,-6.96593927777149e-05,-0.00013856058463459,-0.000272229081020235,-0.000341802611874882,-0.000190143336542534,-0.000131099095203755,7.20514490260987e-05,0.000282797919965903,-0.000414136780901172,-0.00012246907462776,-0.000498161264659977,-0.000566585892592803,-1.53176854199045e-05,-0.0002315679974469,0.00099753372300267,-0.000348687154411455,-0.00183807854387391,-0.00114858500587534,-0.000647252786450444,-0.000488316200914475,0.0480065831483751,0.084935190370266,-0.00684848192709781
"504.281",-0.0366617884258907,0.0032534287406016,0.000702842610025835,0.000106669405767721,0.00015670742133958,-0.000290247232317969,-2.54339172239826e-05,0.000155602002049278,0.000166358496535022,0.000200659431479809,0.000223612279121696,-0.000189729405495698,-8.68433519053008e-06,0.000265475646755707,0.000455146495300056,-0.000347379481956615,-3.32464987932853e-05,0.000332370399647437,-2.6463487436747e-08,7.70969691435399e-05,-4.72945460375598e-05,0.000240858847953208,7.12690450747604e-05,-6.914130291408e-05,0.000598556213451862,0.00032663305652056,0.000227998224113422,0.000258405995473924,-0.000132985230307772,0.000271130534721913,0.000360501107193317,9.98509846985943e-05,7.75442500888046e-05,-1.60688531848757e-05,-0.000388365995696392,0.000139422041818603,0.00027661228548293,1.91169058947114e-05,3.07659109931028e-05,0.000309489054757439,0.000224740386349823,2.56515006451509e-05,-0.000284938508238348,-0.000131028597799294,7.68973054207474e-05,0.000786393114145704,8.20500585107528e-05,-3.48590329290548e-05,0.00176709541417686,0.0100961541429727,0.0826936687636454,0.0341702155952275,0.0127605105738349
"508.936",0.00412274862236579,0.000481526137309616,-4.63954097284921e-05,0.000221324510520944,4.18363011535869e-05,0.000293504680124692,-0.000129178120536266,0.000374719715188485,8.24041548418496e-05,0.000290981025603938,0.000292264311221025,0.000331572606704422,0.000415498816224972,0.000380543075557271,0.000393645571783683,0.000311009076554903,0.000456235657824178,0.00044671647821513,-5.45272549334874e-05,0.000373795359039909,0.000226447214901172,0.000212956741901128,0.000407408157549372,-8.60973287942984e-05,0.000187587721637809,0.000332728278068321,0.000656637903574716,0.000514404058254878,0.000163286181150949,0.000785938347835172,0.000167523867170836,0.000412550134298909,0.000154367310782791,-0.000134692130059167,0.000122905591456638,0.000563755084479727,0.000200682830692299,0.000418635209198415,0.00127402535951617,0.000428602031160516,0.000835942406188374,0.000280902061176778,0.000835011872755378,0.000880777529336659,0.00110858265851962,0.00131076308393747,0.00024588306014411,0.00110619152905244,0.00325834047159442,0.0407836528630532,0.0645445597632203,0.0172542277039135,0.00904755580348686
"513.593",0.000894480010816961,0.000210184396103706,0.000269108097632019,0.000228506860942248,0.000317516689628842,0.000167882979111737,9.22332322625655e-05,0.000256899523545188,0.000271087494720889,0.00024948607400971,0.000201925903464828,9.58528172128488e-05,0.00012496580512451,-9.21203516337891e-05,0.000344866163728307,5.885999552362e-05,0.000445882338766204,0.000460612890775624,0.000387491404990504,0.00055255182291886,0.000413265247836076,0.00035293899004351,-6.17156758787912e-05,0.000307615067876301,0.000397196218154441,9.42192834559065e-05,0.000481677805591022,0.000356038844613152,0.000208938692493741,0.000443824229946097,0.000705458437160954,0.000592538436031526,2.26444563456645e-05,0.000502194256432146,0.000138555468825707,0.00062066575745196,0.000354943415401365,0.00022156258755634,0.000745388354619107,0.000436561021729202,0.000901504308446753,0.000750114147314675,0.0005343284017077,0.00134565994307632,0.000721272558258259,0.000432656212630131,0.00222457603214574,-0.000236333252215128,0.0087309151782955,0.0687783666091155,0.0227014483471081,0.0229814210010787,0.0130547330306683
"518.252",-0.00109847109814327,-0.000317429334934206,-0.000608123236448154,-0.000424575848586628,-0.000479539521126569,-0.000214686241841357,-0.000327431049932252,-0.0002482014789151,-2.931537863592e-05,-0.000316760459128686,-0.000327926002906406,0.000226159376257496,5.65614772994535e-05,-0.000467832194407573,-0.000416009201478226,-0.000566436027321422,-0.00016399885379543,-0.000851812772504208,-0.000224309446809174,-0.000910267858698778,-0.000785000581310644,-0.000518084978973137,-0.000631023403092404,-0.00056995629815101,-0.000363248707829329,-0.000415493643893689,-0.000773620758323178,-3.10398062640005e-05,-0.000624463587540428,-0.000373681766263279,-0.000264354925872297,-0.000416204804693214,-0.000443861896708126,-0.00012544161162036,-0.000276641600455916,-0.000463668674223234,-0.000608904210977465,-0.000569161932254804,-0.000661852756481675,-0.000664331822852731,-0.000991542363413694,-0.00101397941348844,-0.00102391134223305,-0.000307924133848078,-0.000757869471286949,-0.000777093605110803,-0.000361299530934867,-0.000733338325531421,0.0242691363199027,0.0502281679018555,0.00278141773902889,-0.00397201990468011,-0.0385878699484126
"522.914",0.000425808692820974,0.000408303671183498,0.000334965689979689,0.00017718393312355,0.000264880173376945,0.000250498158288715,0.000377363730080978,2.51328901753912e-05,0.000186760607973848,0.000100850327379157,-4.00072189239175e-05,0.000553217037156833,0.000530771739093279,0.000586965405385656,0.000433865986095592,0.000336213123790284,0.000851934284072737,0.000211287426287315,0.000196020084034383,0.000320327813014791,0.000417737974366818,0.000218149795134257,0.000357120694238543,0.000101268694215378,0.000432861026926671,0.000124272062493189,0.00014592121674296,3.03539245577002e-05,0.000106922770646763,0.000211496106601243,0.000194683476324033,0.000120118657522418,0.000440709929546636,0.000489133041363717,0.000104585793968253,0.000571341989114772,0.000251604142622039,0.000593233484418413,-0.00015244775804078,0.00068001454384218,0.000601658348163365,0.000602980302681176,0.00101593562139795,0.000769108981201294,0.00118323381195722,0.00194296560950563,0.0025003575648645,0.00589649520704224,0.0483047313590118,0.0330039990598774,0.00242187326563867,0.0144880497511565,0.00834523971749355
"527.579",0.000427332455127403,0.000304606076031423,1.72138632391313e-05,-0.000267830608362987,0.000125282191801863,0.0002576462055271,-2.45453486561122e-05,0.000186578121061431,0.000326284713750646,0.000302489665394206,0.000243786932080556,0.000120587503483685,-3.71039389667682e-05,0.000150833115195613,0.000470828935955196,0.000117001560449113,0.000248007879054278,-0.000113924192222737,0.000124889309552944,0.000113294638451104,0.000724785637930636,2.62180177497395e-05,-0.000304900823530906,0.000414494281639127,0.000184484842987062,0.00034294214022593,0.000515411357335751,0.000322034998442453,0.000145755630929976,-7.35629022222061e-06,0.00035253051582653,-0.000105218443476685,0.000433358948938093,-8.53713129947393e-05,0.000314898286492163,-2.57458405579704e-05,8.7596919654751e-06,0.000248872823508841,-0.000242546482246238,0.000108440945381756,0.000312985861306374,0.000226619420476155,0.00123958831961638,0.000913870281416635,0.000525363836783059,0.00246248950596915,0.00130248690688528,0.0207689612254235,0.0226528796518746,0.0045256433142455,0.00526084292407905,0.00482667602719458,-0.00324963567638073
"532.245",-0.000396365497941301,-0.000152723930579063,-2.67547938366577e-05,-0.000681521274015459,0.000251616292896676,-0.000283586659259302,-0.000295890726784925,-5.11584770609067e-05,-0.000168561983097689,-0.000223110998737982,0.000133035025427816,-0.000551469601560717,0.000130452206762101,-0.000288489345787797,-0.000147517776153303,-0.000394985749835417,-0.000465117507962846,-8.19237517625805e-06,-0.000446048210668461,-0.000132037676195149,-0.000195338744813449,1.38087312226708e-08,-0.000810764645947083,-6.77851324509558e-05,-0.000152483019966662,0.000366324653166988,-0.000161629032588558,-0.000253373255242267,-8.44703464974883e-05,9.11148185615176e-05,0.000315440337890327,4.50461759375584e-05,-0.000372712440192991,-2.35808059833399e-05,-1.64455008867492e-05,-0.000401398550593235,9.89990004314205e-05,-0.00022101945175469,0.000191714795113223,-0.00120228419188562,-0.000360026991963028,0.00030117664478814,0.000724323428491667,0.0003034527068062,-4.16225413969718e-05,-0.000525408401019104,0.00435962641136067,0.0376989373279007,0.0205574580220928,-0.00266145549875265,0.00789122697438407,-0.000776674108710063,0.00612358457591983
"536.915",-6.62512090625928e-05,0.000729505399878867,0.000398880749131297,0.000882440387083774,0.000352182956167185,0.000389025682756095,0.000190543185166817,-6.49747971562418e-05,-1.6669683378299e-05,0.000104768969437401,0.000285976831535365,-0.000220626475190872,-0.000275025728917335,0.000213368034351691,0.000133390203084785,0.000147481816127703,1.51912498587255e-05,3.23467247474424e-05,0.000152625414404811,0.000446849259931122,-0.000375457615991254,0.000387451230286113,0.00013177313671187,-6.85085896466745e-05,0.000201938223366546,0.000133389829553153,0.000155009632461774,0.000115886603410186,0.000130975657162225,0.000305192325682218,-0.000288678582463618,0.000424438189876901,0.000229983059012572,0.000281610956090763,0.000708900936248885,9.43929171437259e-05,4.43212465258719e-05,0.000289169072083583,5.00364853386866e-05,0.00105795102677691,0.00052540303872896,0.000696993851787859,0.000322267909913552,0.000952387146935759,0.00242388902691547,0.000588536976219462,0.0165128677951197,0.0409763909560479,0.00565235665285687,0.00362840842056548,0.00624200951327107,0.00601369984392613,0.0115889224562075
"541.586",0.00093682613765149,0.000377946360909833,0.000887034001344476,0.000238719997221491,0.000320142560988131,0.00025578466942658,6.86449078680473e-05,0.000539729352181943,0.000312144895647477,0.000367200787633058,0.000128193828845194,0.000544006143037038,0.000308609289295775,0.00108917113965501,0.0006984723921903,0.000462524480886911,0.00071121873575012,0.000440155174101731,0.000472867349013626,0.000884807547664388,0.00102351423233547,0.000703633128118202,0.000364287803135531,0.000267260856989253,0.000384344542465615,0.000286095314019716,0.000564793372400254,0.000602129307765431,0.000514988924965019,0.000216148767067435,0.000673647647013268,0.000429294542962074,0.000627925127923792,0.000681234722006043,0.000700626823371779,0.000295717580395022,0.000588151400352141,0.000224082064275626,0.000690513179312461,0.000341227277653976,0.0013709291364913,0.00064122246330962,0.000965372024045025,0.00115849918458956,0.0015494317953417,0.00314493896936202,0.0360284829031269,0.0241862400458822,0.00253800183984204,0.00312830596156672,0.00591304121767927,0.0197988521752681,0.00403701881404798
"546.26",0.000822816287634077,-9.84730569705253e-05,0.000256772284107873,-0.000432820756968753,-7.23751903365845e-06,-0.000151999667046689,-6.58929565532044e-05,-0.000143679782540434,-0.000202265052818416,8.9730314989489e-05,-0.00032878949400758,0.000395914309659173,7.17035613014622e-05,-3.10029831430441e-05,-0.000113329586296934,-0.000187683867699855,-0.000286558816559844,0.000610474799446609,-0.000118979636575886,-0.000232184293459178,-9.56025379221775e-05,-8.95209872820045e-06,8.99182920174225e-06,0.000356096393639746,-0.000271810110271518,-0.000264059805991489,-0.000236887258969735,-7.10296723158798e-05,0.000416979878912756,-0.000498515960578263,3.07933514865927e-05,-7.23819246153555e-08,-0.000132689471149138,-7.14935456123349e-05,8.28644315274133e-05,-0.000227886766208423,2.75987093793628e-05,0.000118065882326003,-0.000394487497338327,-0.000333552843125116,0.000523264684707806,0.000425786577914336,0.000269947180468581,0.000260102948788294,0.000207903744723401,0.0127303328291379,0.0370415127539375,0.00547675701941727,-0.00195059646437394,-0.00206348393631791,0.00186739012301507,-0.000653145171723678,-0.00821624482068724
"550.936",-0.000442608759531882,0.000433441186970397,0.000115732892064624,8.32854609900259e-05,0.00029662298797,-0.000407424825273467,-0.000214180872652752,0.000114281938683315,0.000148752392313892,-0.000276264886902991,0.000161245716769526,-0.000345640033782807,0.000409822876885399,0.000133144643618979,0.000144689567686391,0.000189132031199075,-0.000120309320172873,0.000294852410483396,0.000322876626796061,0.000312146994996516,-9.40113517692182e-06,0.000704552346745758,0.000162264495495841,0.000446311895131577,-0.000182679778747457,4.02934794766437e-05,0.000231038151004538,-0.000126920974421328,3.96858373121503e-05,0.000203685756370339,-1.55478217870548e-05,3.88663382859453e-05,-5.52058430191303e-05,1.57859584335969e-05,-0.000242631258056312,0.0002293572895461,-0.000243359196520356,0.000426808778608384,0.000408026555583129,0.000368748767271301,0.000119524373374995,-5.33328025115829e-05,0.000213093153286719,0.000825675831568401,0.00185672159171762,0.027245357695605,0.022354308382554,-0.000343962015996187,0.00200716366144488,0.000361608412442546,0.0022471571636127,-0.00263138577202595,0.00646382498051169
"555.615",-0.000819324263496914,-0.000346223715036466,-0.000411727715982312,-0.000142982250584143,0.000108355813957521,-8.24125690061753e-05,0.000146963291652009,0.000129365193630137,-0.000408211081628316,-8.24933788723471e-05,-0.0002920519254289,-1.57854851238367e-05,-0.00033820480569603,3.92195464453538e-05,-0.000152650855214175,-0.000143959423149474,-0.000481755952907725,-0.000194210371797092,-0.00018486145024336,-0.000156481778020409,-0.000366016721095263,-0.000470434489439477,-0.000388341174256861,0.000175132704463046,-0.000224597098434299,-0.000209837909245042,-8.78079045996157e-05,-1.60702675250084e-05,-0.000238502084835452,-0.00044000015392037,-6.24337711796306e-05,-0.000303876879880209,-0.000173507452795493,-0.00030634042475817,-0.000661682901683871,0.000220723875277459,-0.00080480922436019,-0.000109718638714324,-0.000367539868678481,-0.000157872496343512,-0.000156733248064879,-0.000628180381942427,0.000688794415294043,0.000410721041295194,0.00772012035428888,0.030993159026742,0.0026025991405147,0.000579747567151065,-0.00227380888809689,-0.00154132830799535,0.000789857299041088,-0.0113434703143222,0.00920776283982751
"560.296",0.000222285898037109,-0.000159192589153449,-0.000180418576907841,-0.000514718350036453,-0.000146782271181736,0.00016057440337851,0.000319631879261994,0.000313927424402875,-0.000246381004838702,4.05357473122544e-05,-0.000117371821647341,-0.000146990632709209,-0.000331567835704242,-5.52132184178461e-05,-8.42392188619096e-05,-0.000121801079851069,6.43472468502443e-05,0.00013547856180405,-0.000389909388954454,-0.000333562146335002,0.000116135597314065,0.000472234482273888,9.05021901653026e-05,-3.52903692026088e-05,0.000150135359769707,4.86972651342441e-05,-0.000224345877712293,1.58203514829406e-05,0.000103260081316476,-0.000410247092776951,-0.000320631303656364,-0.000305158686032561,-0.000340498372431264,6.4456406300591e-05,-7.58761504198194e-05,8.86370786354628e-05,-0.000310276325546441,-0.000239243509240174,0.000304354860453507,-0.000371941024001514,-0.000881293772668104,-0.000972681808358142,0.000314528658099401,0.00150790496668437,0.0199165929582963,0.0239719727040266,0.00078733495194548,0.00058285761621924,0.00061329541796736,0.0010251799179842,0.00112260549303861,-0.00447925796759742,-0.00184629457110342
"564.979",0.000325195754576259,-1.07047171040747e-05,0.000534311283988597,0.000203265108214768,-0.000165324065933614,0.000163005745241786,-1.86804854345694e-06,0.000223931787517006,-0.000146929207879125,-1.81135823954577e-05,0.000255923862320111,0.000101012807204757,1.62123384749078e-05,-0.000135275813084873,0.000177735458773948,0.000468305661799067,-0.000113861960174624,0.000162156390102149,0.000458651962257061,-2.95777427029376e-05,-0.000302544688446727,0.000201599032463734,0.000466673764865061,8.87888814521382e-05,-0.000589733585927377,0.000654468851088524,0.000274465341287695,0.000314000092218577,0.000458083682579891,3.16275668377904e-05,0.000283721088231579,-1.58284462637858e-05,0.000143475637651983,0.000244340946085928,-1.71463742826442e-05,-9.87730356177621e-05,0.000549008400679624,0.000351616973057842,-1.09286992597196e-05,-0.000137492047296033,0.00098477690495423,0.000656929369071423,0.00151738303152437,0.00813557809233845,0.0320326127816415,0.00731695687050327,0.00179777999973108,0.00197536375575117,-4.68440086158033e-05,-0.00120060260464462,0.00165928113535779,-0.00414530965170796,0.0238443673311374
"569.664",0.000271109085862945,0.000473102658178956,-0.000328756811029276,-0.000208318307344218,0.00052492589182406,0.00016150339136357,8.07908621939767e-05,0.000299853722398145,4.51338310647426e-05,8.29332080461704e-05,-5.311578232226e-05,0.00017256452308435,0.000238351034899837,0.000143860388925871,6.99390020267165e-05,-9.28475470213502e-05,-1.642956883641e-05,0.00028413607323991,0.000499711412874588,0.000229201643435149,-0.000629230001386196,-0.000138499237479097,-0.000295060929865252,-0.000268425165154256,-0.00019513153572016,0.000370766759484209,2.42278899201741e-05,0.000137698932346424,0.000202020886784964,5.53924928462043e-05,-8.1235071537142e-06,0.000206697561905282,0.000192854968058248,0.000164241941951944,-0.000111610243025141,0.000207186113116203,0.000276410212426781,-0.000132387088120734,-0.000471205811256956,3.32177865099674e-05,0.000573961526387649,7.55114429737396e-05,0.000890282577474744,0.019682527464426,0.0159127456816983,0.00092764582364869,0.00111916566731414,0.00167534051569608,0.00110986302966551,-0.00107896115487589,-0.00329125662283031,-0.00512617854666241,-0.00378014437796444
"574.351",0.000181586968878788,0.00012158817752608,0.000523375953454031,0.000383577275419827,0.000300249214968371,-7.97874262124226e-05,0.000251237667270326,2.21359114445361e-05,0.000224881687595161,-6.60684606720709e-05,6.70455899008745e-06,0.000451136093048285,-2.50379295137521e-05,-4.85792042424605e-05,0.000463431707440013,0.000163791960020041,0.000371868778029625,0.000477754267230792,0.000665857193673396,-1.10901834604062e-07,0.000177903248557107,0.000297907860470734,0.000371717305102755,-0.000135373448557281,3.41801136309938e-05,-0.000116624529274216,0.000106391633006975,-0.000262002230091442,0.000146744553986755,-6.46320986652105e-05,0.000191942816334711,0.000272470242004859,1.62378524553297e-05,0.000654805670845925,0.000491250661395535,0.000627995890587503,-0.000154458107307985,0.000592578879841993,0.000279752060310501,0.00077150089011903,0.000602956588619609,0.000156379177153222,0.00644159731311297,0.0258352055330273,0.00602574367191074,0.00214539204799867,0.000344272917487091,0.00193491397320161,0.00305288701712209,-7.73611236746033e-06,0.004810679913768,0.0137638150989246,0.0403779067043828
"579.04",0.000827415781239006,0.000593947244100522,0.00046926526899039,-2.80342101407561e-05,0.00030348225736623,0.000355782738492814,0.000134691618235488,0.000223444395744848,0.000237255248211714,0.000144943494276757,0.000598997948630178,0.000287341575579283,0.000208602547389168,0.000733411146764944,0.00037236584972757,0.000330485211261949,0.000191613346439043,0.000262769723188483,0.000422222901432509,-4.07293015034509e-05,0.00064000859861801,0.00102422722281207,0.000103006731697696,0.000664504577030435,0.000595764674769453,0.000645770173674836,0.000546231737344988,3.29762878103724e-05,0.000321358046860018,0.000741939611720109,0.00021804945033691,4.84994474371458e-05,-6.58475609883157e-05,-0.000126093131549991,0.000469533317728313,2.73074475876486e-05,0.000348892756518188,0.000267253697714747,0.0004234693651931,0.000567938775417435,0.00116913987587157,0.00149672023707184,0.0164076573594499,0.016726571319257,0.00106664484933071,0.0022870170261513,0.00125519966224006,0.00216106891404115,0.0045338015964219,0.0021567328337227,0.00505966238767955,0.00134773025137293,0.0436445400480011
"583.732",-0.000232371498652021,-0.000528910453712381,-0.000157903828731987,-0.000450656014046535,-0.000181715114319488,4.01666154104816e-05,-0.000373522004698989,-0.000253266941452062,9.34340974861677e-05,-0.000225438327204137,8.10990261325375e-05,-0.00062734397737881,-0.000294560353276432,-0.000270763384007991,4.77654342215159e-05,-0.000253477032181488,-0.000545478636223424,-7.04998745805666e-05,-0.000473284204108918,-0.000204403468436554,-0.000251822554511255,-0.000671497724064322,-0.000226657742508735,5.69519308892113e-09,-0.000321576808649601,-0.000464717948440579,9.99684634709146e-05,-0.000556822834497562,-0.000116298154635222,-4.11337367012618e-05,-0.000219755483906624,-0.00028502638316555,-4.93967376964458e-05,-0.000295006272878353,-0.000429253572814253,0.000147617313185448,-0.000176608756963833,-0.000664743957119206,-0.000428243581531742,-0.00016714036576468,-0.000266819211928888,0.00317898667619569,0.0223051113293853,0.00510554240508929,-0.00053257363712758,-0.000738852779176538,-0.0021285374669406,-4.73399714630562e-05,-0.00183241114930709,-0.00211175320604967,0.00244169345563691,-0.0093255139099446,-0.034780839754227
"588.426",0.000173405862786078,-9.85496914317169e-05,0.000382934820026581,-0.000220226394548025,-0.000306718004039462,-2.8600381854176e-05,-0.000121430380322794,0.000323571957826854,0.000151410187504537,0.000257068652191179,0.000231815931124014,0.000137552663776825,-0.000160519598944671,0.000313606125897877,-0.000144158616829596,1.59955780200638e-05,0.000135131099667944,0.000221772941414973,-0.000368908875303065,-0.000266797242597464,0.000131515078463965,0.000266274263178951,0.000891840123293323,0.000368444329440017,0.000323321004192804,0.000169810952455127,9.24198277689492e-05,0.000125414516914586,0.00050911194100883,-0.00023935141095624,0.000269643585449747,-0.000196481687205029,0.000107773803472653,-0.000160705808686228,0.000387289965188845,-0.000167221844849993,0.00010820614948382,0.000218798630172373,0.000208060599347207,0.000385660960949158,-7.96166506478089e-05,0.0123878289045288,0.015438067545408,0.000797117537373799,0.000796568970449159,-0.000421507963301786,0.00120590066933844,0.00106590061373205,-0.00101243884366075,0.00147844525645102,-0.00112396356169585,0.000197159914771962,-0.0101935604027097
"593.121",-0.000366014053676545,-0.000603308647402095,-0.000455792402345704,-3.02246612686216e-05,-0.000399108005807583,-2.20184024215956e-05,-0.00041417053640173,-0.00022785563920396,-0.000215422427577676,-1.83809873312207e-05,-0.000486052603643916,-0.000130143147001365,-0.000425305872818475,-0.000232014986201838,-0.000499641345259604,-0.000240127850197093,-0.000203594828019363,-0.000142587516274991,-0.000205001718924053,-0.000629342383214691,-0.000478133916414715,-0.0004681982127968,-0.000171611320626618,-0.000462825282401812,-0.000474108816691705,-0.000622750641227291,-6.73626359313959e-05,-0.000277151176096968,-0.000134488161734762,-0.000315667223421201,-0.000756440402994344,-0.000518495464009205,-0.000124787813971661,-0.000374192899083425,9.71012241820095e-05,-0.000504495082675056,-0.000731544997714464,-0.000808754326960719,-0.000389827926487225,-0.000394681584385357,0.00123548438998919,0.0196507125840277,0.00579449711240265,0.000225299107574427,-0.000723137533344233,-0.000226483465207543,-0.00323958814202082,-0.00124012001187226,-0.00397125018486159,-0.00387631516575849,-0.00268130296654347,-0.00157287372549837,-0.0195128887908929
"597.819",-0.000218519993900736,-0.000188825793184045,-3.5245235110296e-05,-0.000312860237455129,-2.47949447076311e-07,-6.44799830680404e-05,0.000218593434220201,0.000378459110792857,-0.000132202966608865,0.0001792378814391,0.000165374596010514,-0.000376009844147214,-0.00040201140307226,0.000125043875362897,-0.000437598593864479,0.000193137778302903,-0.000537417348747174,-0.000107608129045093,-7.98206422693596e-08,-0.000550284955089616,0.000153108813776289,0.000374818906393736,0.000402904219426004,-0.000214257662624627,0.000123459839515306,0.000514723839665681,0.000110004755139628,6.73158016074623e-05,-0.000388234094267025,-0.00020897477170082,-0.000405006808549706,-0.000265041587253049,-0.000335009357642419,-0.000128554213682279,3.51096511327512e-05,0.000121681511484503,-0.000249261490059633,-5.46490918439748e-05,-0.00037072709137077,-2.89120769150519e-05,0.00983740942317395,0.0160212207153435,-0.000468707374260231,0.000350866407769454,-0.000498436641896181,-0.000778710386738777,0.000392117191916435,-0.00084219365425837,-0.000418739020890913,0.00305354789697945,0.00444488893117365,-0.0010017672359821,-0.0147102592942704
"602.519",0.00089230605725275,0.000541894007332023,-0.000173696876722502,3.52952020525977e-05,0.000528045697061452,0.00036453681158808,6.44274529054182e-05,-0.000103687531375624,0.000191569058586742,0.000299429661030329,0.000256925319511567,0.000337699130335458,0.00015531376621692,0.000336251176664671,1.62698673505143e-05,-0.000129778140845807,0.000249418304932102,-0.000117446988110366,0.000791756403959211,4.18552603229232e-05,0.000288679478277556,9.69444613157387e-05,0.000328702828028651,0.000356596728490721,0.000578680206609666,0.000570646872492414,6.80930395692568e-05,0.000280591031204974,-0.000118720028832364,0.00015996913840568,0.000241467821257787,-6.67621883622377e-05,-4.22349333740426e-05,0.000163883317513102,0.000251223083712895,9.45600368357154e-06,-0.000431195259354474,0.000604032798364726,0.000513051922739419,0.00167383200404102,0.0168422765367569,0.005989827075661,0.000801631910249093,0.000140686183564683,0.00114566593230247,-0.000212480546727884,0.00148451827915493,0.00179401345260426,-0.000374681486632462,0.0020959655519636,-0.00334304866948442,0.0029864015665683,0.0148226974975659
"607.221",-0.00160178740444158,-0.000516138813121352,-0.000359321992438194,-0.000182243880839357,-0.00018050726387911,-0.000216914438243433,-0.000369613208451525,-0.000128501952344893,-0.000542838139066718,-0.00047218413190978,-0.000259167629010479,-0.000440518270994088,-0.000130767208174505,-0.000339276805711805,-0.000214671548855645,-0.000630403713939409,-0.000269088752410811,-0.000328525219764689,-0.00078897389341468,-0.000137541061565344,-0.000738984612731197,-0.000889524615638224,-0.000477960695906835,-0.000341107481615019,-0.000422337305321253,-0.000305805093923248,-0.000103606463048807,-0.000712901420311628,-0.000497619256896922,-0.000772469239333326,-0.000799050904625357,-0.000219013080075861,-7.69018081862229e-05,-0.000200535682632142,-1.82471944710245e-05,-0.000344436470790594,-0.000406088402187698,0.000329396823435134,0.000153712669668596,0.00702752120946108,0.0129564644823573,0.000424715948772713,-0.000580315170971093,-0.000200481155495088,-0.00196179375598108,-0.00186995297917416,-0.000903833086226014,-0.000851881064653363,-0.00269282571976042,-0.00257967552318674,-0.00359250509244652,-0.00683154710894572,-0.0164881211416842
"611.924",0.000634461587946308,-5.5074041390495e-05,0.000233315532975851,0.000448786915976558,6.30952366215382e-05,0.000138361520176687,0.000202474392817285,0.000115072165312791,9.76493654147701e-05,8.247200895318e-05,0.000593815843683707,-4.20343548599587e-05,0.000228079174247434,0.000436834339973705,0.000466137859776853,0.00025613846278254,8.50646601151099e-06,-5.52742268323574e-05,0.000493831983137321,0.000905776065691291,7.34455243747314e-05,0.000444084613528069,0.000433316288967063,0.00133860328371936,0.0004261524623815,-0.000396596336234876,0.000390997988792271,1.74592148157565e-05,-0.000164831722963123,0.000428167722826619,0.000313933397256101,0.000305813195544091,0.000248999587909888,0.000342481859514441,0.000209844094173581,0.000655509425550274,0.000191502765839567,0.000581827607282702,0.000843977650016469,0.0124301645927426,0.00715784861826672,0.000481252885385015,0.00081706191012014,0.000433658027969327,0.000971426096921438,-0.000483121513839203,0.00153102792776536,-0.000598232023886295,0.00114442442904395,0.00306971197779658,-0.00234527468439254,0.0109355915716463,-0.0136214221000538
"616.63",-0.000711579061025616,0.000292922776653031,4.8267960399378e-05,8.15103436938816e-06,-0.000408823812654624,-4.47576474452629e-05,-8.36774616401285e-05,5.31033194276543e-05,-6.01746625486e-06,0.00023717783347205,1.39753905588407e-05,-0.000161612669725516,-0.00027576557818288,-0.00028584535078028,-0.000547447128832623,4.15716805221822e-05,-3.59987662259578e-05,-0.000261091920385211,0.000111772383064328,0.000161225506013395,-0.000106757992818257,-0.000249669134975545,7.95069382886804e-05,0.000192982320073939,0.00040291939402588,-0.00030329647439299,-0.000132099117764879,0.000551866572796667,-0.000446902783465719,-0.000286196827007151,-0.000137963661313655,0.000119828583352167,0.000190707538668196,-0.000178596182694278,-0.000287049627427947,0.000740265152283981,6.73572257459481e-05,0.000411528015846206,0.00624236136108449,0.0122873823476459,0.00107393821605667,-0.000434525600194505,0.000777988600301289,0.000767328701906158,-0.000981114760784944,-0.000615289718406398,-0.000253854093086563,-0.000114336896847233,0.0021687813146801,0.000806631326857329,-0.0014088859536003,-0.00493405522010258,0.0157297362968075
"621.338",6.08370372290791e-05,0.000635707119239213,0.00026848779031496,-0.00021459806574663,-7.53473180890087e-06,-0.000192447763465717,-0.000128232240157691,7.358859672333e-05,0.00014949745813738,-6.44093403943917e-05,0.000115541695861133,3.46170365329767e-05,0.000304357459666705,0.000200673724581052,-6.77481769343089e-05,-8.30271619375655e-06,9.1424444189126e-06,3.77107039157569e-05,-0.000277233887340401,-0.000184388464845482,-0.000149722497227657,-0.000703918518807608,-0.000230835033023953,0.000175381298860705,-0.000147733134228821,-0.000143541849952665,-6.17419573917099e-05,-0.000176833559822506,9.40643592079718e-06,-1.7268271456621e-05,-0.000190130253697488,-0.000753382184217041,0.000219033011404521,-0.000134256276756358,-0.000493770788944299,0.000176308012624045,0.000681904356375187,0.000818146812062329,0.0107343795573891,0.00581667022199656,-0.000789113909693506,0.000100061973198783,-4.8964960170539e-05,0.000126294798773692,9.23817886558671e-05,0.000642097719641023,-0.00075448458470055,0.00205440019788907,-0.00145781790756326,-0.000611005459723603,-0.000217357995383495,-0.00887721932187212,0.0272362844148773
"626.047",0.00045938429051811,0.00063103337256265,0.000972654443575277,0.000300692380283469,0.000243884329788882,0.000359358518628285,0.000321091596390039,6.39842320604405e-05,0.000563523637977808,0.000718539750735737,0.000567162328479546,0.00016369386960955,0.00058692623652499,0.0003521728165493,0.000496570251512111,0.000450650963641587,0.000351349128710192,0.00052984115796565,0.000798440528576233,0.000591702745474663,0.000226711454382361,0.00102531306662935,0.000871323136169763,0.000688422657738107,0.000261113740314772,-6.35789195842848e-05,0.000187768516672925,0.000213756665976191,0.000177740093781098,0.000123052135386488,0.000165653986097774,0.00013962601012758,0.000415405101296388,0.000614197358055819,0.000732825524918418,0.000584233940633453,0.000530095157507393,0.00532875431826256,0.0109171540920834,0.0021212256775552,0.000969168191020176,0.00093515936101191,0.000857344701176476,0.00148442590276965,0.000945112205612345,0.00107410470741506,0.00230888685750207,0.00211147242239727,0.00392473352568484,0.00713824667285224,0.00272645529688409,0.0181218812764444,0.0191488048835096
"630.758",-0.000214530442168581,0.000145143695234755,0.000365357807018187,0.000123597007648575,0.000411116973051898,0.000106173043264464,1.10514203468825e-05,-4.94482154079971e-06,0.000129520471709522,0.0001520405873854,0.000485078661791116,0.000104370951538567,0.000346902822376899,-0.000204613947739347,-0.000190348884526385,0.000232106540283176,-4.55372300139986e-05,0.000612500984678084,0.000649925042310929,0.000166112460388254,-2.1715631594517e-05,0.000482221666483021,7.1635539154174e-05,0.000258550011275221,0.000631668944749301,0.000494488821811866,0.000623651127529099,0.00017129820891213,0.000108197879889014,2.64207529230739e-05,9.70619363283339e-05,0.000618638197076949,0.000205366862606351,0.000401587882319133,0.000132494226728748,0.000580399778698905,0.000627844577673749,0.00969332756437399,0.00658478827351391,-0.000586872713087674,0.000503233545158313,0.000693934056988967,-0.000542461689932704,0.000268405132088829,0.00182383503533125,0.00186086881909448,0.00111978418900851,0.000387702269522879,0.00436390823895451,-0.0022915143623196,-0.0042042325334902,0.00863951650109574,0.0104641648219395
"635.471",-0.000265893372618828,-0.000372106916194124,0.000194192401884551,0.000144028311076347,-9.04129178744496e-05,-8.39177017604876e-05,8.04797441009962e-05,0.000176130457156916,-0.000107887480666924,-0.000146384552427516,2.97129816369943e-05,-9.68825618205135e-05,-0.000193246269935049,2.69701446789677e-05,-0.000418584285911654,-0.000294501489755715,-9.1576218029627e-05,-0.000115728609119355,-0.000485718363245534,-0.000502319551363929,-0.000198001652537499,-0.000155039667795473,-0.000216725796249347,-0.000591006710652909,-4.76694084626677e-05,-0.00010157664898351,-0.000428116982399395,0.000145314238165175,-0.000344938576503158,-0.000242257185635439,-0.000845213261195724,-0.000427382280357706,-0.000351337328438617,-0.000543397104384955,-0.000374387992487495,-0.000243896764986293,0.00297440975751817,0.00975744126519602,0.000481930307229714,-0.000180356740330143,-0.000412868580082842,-0.000135138009307431,-0.000268838783626575,-1.6623921471828e-05,6.12535020062454e-05,-0.000296027044033467,-0.00164632912244083,0.00109590877975324,-0.00354827534519263,-0.00104814371817667,0.00534181091322072,-0.000631604975746702,-0.00684285667741576
"640.186",-1.31088221093175e-05,0.000655201510770779,-0.000553290274221989,0.000557866300254587,1.83749414346776e-07,0.000450764052804035,0.000396960673361289,0.000266975883314877,0.000113722879980653,-6.67925934488617e-05,0.000356507870587137,0.00103045813931678,0.000119630206367859,0.000467488591985143,0.000113557701354013,0.000390434381174293,0.000358417513262828,0.000193606706611209,0.000645563155400359,-0.000134397203242329,0.000154048965274192,0.000372898332239834,0.000403155361569252,0.000521922064661447,0.000533151964373942,-4.63494336104823e-05,0.000237109884307433,-3.66069824651202e-05,0.000327045555181299,0.000467290423662576,0.000276382162074118,0.000178240743733908,9.91906441207677e-05,0.000137455829243576,0.00096740498292658,0.00129364769234644,0.0077686052335883,0.00622481538351851,0.000309433863528544,0.000294125724800456,-0.000249171053390517,0.000327317076400125,-0.000141678929992442,-5.22488222415938e-05,0.00109191999205582,0.000456441563147439,0.00151759919100414,-0.00141168604793512,4.99615637216975e-05,0.00329207256876957,0.00412563662921916,0.00211669599111393,0.00527622464670527
"644.903",-0.000244209419187914,0.000354104518710387,-6.19270088112945e-05,0.000252980980815911,-8.41037840147635e-05,3.07052682819874e-05,-0.000425158067198381,-7.65019015906251e-05,-0.000454983687171303,0.000195160945411867,-6.00613140270241e-05,-0.000356477173798242,-0.000261096635685538,-0.000808994047833339,-3.54138089950051e-05,-0.000395036907776229,-0.000121104992249375,-0.000234806700380743,0.000363678277960341,-0.000282826293455788,0.000222962994190303,-0.000293393904429534,0.000146321325152992,-0.000741145349845564,-0.000693516004270948,-1.86550395704627e-07,-0.000313939121416483,-0.000248687317872734,-0.0002118455196778,-0.000218943816193014,-0.000397310555487551,5.41215685155109e-05,0.000164047398913225,0.000250356964339519,-8.87939741311134e-05,0.00245434705597328,0.00770868161368711,0.000951882124128178,-0.000280604034016468,-0.000753925735850406,-0.000251473229687996,0.000435582931510951,-0.000247202208274323,-0.000662711854714749,-0.00038530206763853,0.000189967292664828,0.000489184634624506,0.000831544126448184,0.00207553866875676,-0.00127592117312078,-0.00181546969698035,0.002152372261245,-0.0176461415807914
"649.621",0.000130655170508296,0.000753859653638165,0.000126381708569626,-0.000325269090175382,0.000399877366075741,0.000337208496903665,0.000383520846503611,0.000253272852233949,0.000175397026039149,-3.39120852743444e-05,-6.84535792949379e-05,0.000108622113186045,0.000492048993083312,0.000433870672268357,0.000591532639088026,0.000124636733858163,0.000396229125112233,0.00014899322736644,-0.000130264810540083,0.000355944137260329,5.67383902651717e-05,0.000733283160185448,0.000509147526712332,0.000401406551896698,-0.000409844995002276,0.000474472686121488,0.000355906381794907,0.000588354579561842,2.81026217633374e-05,0.000396987058586309,0.000740438710108215,-1.84636750948993e-05,0.000277408760585044,0.000168949765917427,0.00069715353042878,0.00653789052586585,0.0054249419816101,0.000616229912392688,1.19876465008626e-05,0.000197448794322706,0.000324584864218688,0.000961026379298565,0.000971550694906741,0.000290288398927377,0.000434470008260585,0.00143308753356201,0.00106113271190965,0.00357829479468202,0.00220826916251553,0.00143778760241317,0.00160687158668694,0.00632861335185351,0.022278256330698
"654.341",0.000488917909099119,0.000188591612222768,0.000298219309321507,0.00015984317137241,0.000103573791633127,0.000246609915167531,0.000371556259554646,2.09683054956365e-05,0.000266757268062868,0.000111258309247264,0.00011570035789312,0.000110087484028124,0.000403298336351089,0.000337052925644621,-0.000118439134530063,0.000225929347925068,0.000124464521940767,-4.04490365519585e-05,0.00048491660841853,0.000477648259575946,0.000252684706789004,-0.000151081785342193,0.000236800420406762,0.000899042080368742,0.000247857690747251,-3.07406683272408e-07,0.000418274407237241,0.000198810975357544,2.79327676209781e-05,0.000524364024358086,0.000342793989729184,0.000594611106778668,0.000910815478649629,0.000334365392339314,0.00148820354004255,0.00736214853756587,0.00234898709104984,0.00124185778092269,0.000211401283831736,0.000292999447280356,1.31793356137729e-05,0.00025518722945774,0.000145213886950429,0.000733500357922921,0.00169613743081344,-0.00170746668532217,0.000302780080188726,0.00253051939430061,0.00041714089250572,0.00247944502509137,0.00267262968092611,0.00708296541430702,0.00219888809212902
"659.063",0.000146734830318322,0.000522664960221283,0.000635132160477258,0.00023264163640769,9.61156735280634e-05,2.45359457228894e-05,0.000368362823046231,-5.2938929383205e-05,-0.00029881533954,0.000202991168056093,-8.57364365868504e-05,0.00027745949708161,-9.59106006248162e-06,0.000302181477574712,0.000266217617518349,0.000337304375617404,0.000125439481084227,-0.000355232514981926,0.000666932342318926,3.52027942940595e-05,-9.25541081515229e-05,0.000163387475886792,0.000380210186500927,0.000168859872848323,0.000429921808800233,0.000214077600106173,0.000211111880582938,0.000210150556694509,-0.000219841491937487,0.000321403926725392,3.72824563869138e-05,0.000299648449442799,0.000634237497294947,0.000337412763513421,0.00434037725600806,0.0065664471428372,0.000300014804442786,0.000477663861384887,0.000327028589162431,0.000498227795829088,0.000171862810743966,9.89141694085092e-05,0.000169057807214669,0.000819682945450826,0.000656187328380587,0.000395139229384836,0.0010865932558908,0.00185270636585035,0.00273458598942777,0.00205959684758383,0.00469002331503277,-0.00468248304387838,0.00335429910111112
"663.787",0.00158119784505672,-1.23105400726553e-05,0.000425038644820249,0.000809784345058715,0.000194549227503844,0.000162748511415816,0.000196215783315851,5.27357483889131e-06,0.000212206732527652,0.000383496974649668,0.000284591611431453,0.000544145548799656,0.000559798616151045,0.000450105691241455,0.000455884442115966,0.000120186561093431,-0.000117737314021279,0.000185291475736752,-0.000123957137369644,0.000417177542192476,0.00116275041582401,6.61399676683579e-05,0.000319434348884537,0.000342072299006013,-5.07346402971571e-05,0.000364422956341836,0.000311107714666011,0.000213245093126177,0.000290165921835083,2.87034807437527e-05,0.000464808485445805,0.000455861226643949,0.000469776121421962,0.00125799841886613,0.00527275835572553,0.00226100964090879,0.000146691269969797,0.000738679769345467,0.00065073575084878,0.000395402376938592,0.000157019605670052,0.00052991883055893,-0.00037184427316833,0.000221695813655778,0.00109255662080731,0.00125863135469021,0.00220329279025791,0.00162792484407783,0.00181318448825337,0.000149032489189378,0.00498152598823177,0.0144730294389595,0.00619405216431196
"668.512",-0.000749000297576314,-0.000680453839915327,-0.000231488499995876,0.000103063481681921,-0.000366103519458715,-0.000279331310420461,0.000320899978361011,0.000118833593186418,-0.000165194257433669,-0.000422514383890763,-4.81191312951442e-05,-0.000463199803549516,-0.000168250331400585,-0.000646750944952032,-0.00033784740580585,-0.000521731196586941,-0.000197437111313337,-0.000674426986845945,-0.000147763040903001,-0.000276527389438067,0.000130221915984409,-0.000622798852411547,-0.000621793153719689,-0.00042020659535148,-0.000337551907726828,-0.000288120878340383,-0.000323525089024551,-0.000420239102064223,-0.000351679029541793,-0.000193272025013146,-0.0003542749673989,0.000104709510720813,-2.09032143858173e-05,0.00298504821429275,0.00437541890494841,0.000226354386648961,-0.000759831760785028,0.000243776896822332,-0.000619353302406101,-0.00128335670539637,0.0006879688989269,-0.0005039819627956,-0.00106652821797931,-0.000431093071553949,0.00107694595491684,-5.92579670968738e-05,-0.000938609165688731,-0.00109488880707181,-0.00150529837919375,-0.00285912286825653,-0.000129327368211633,-0.00320141376727697,0.00452418615755888
"673.238",4.09623871262153e-05,0.000402296151230094,0.00020960600469476,-0.000249622678389133,-0.000215471451414388,-0.00025606799448175,-0.000174126838967014,2.1573397063638e-05,0.000362830520995475,6.45497261694484e-05,-0.000160424540745294,-0.000171665205254832,-0.000368464291411484,-0.00084462309392892,0.00010363480338825,-0.00024368270854646,-1.01227680096206e-05,-2.21730056169689e-07,0.000114210026633086,-0.000374877546551379,-0.000333568571603414,0.000279610571670068,-0.000491482998075004,-0.000411941657103508,-0.000144181820757942,0.000119684349647205,-8.88123235774073e-05,-7.89149063856422e-05,-3.00507320594432e-05,-3.94263912684073e-05,1.83560732783041e-05,-8.75018923288311e-05,6.31384041830767e-05,0.00479192489849791,0.0020636468783496,-0.000307000162537784,-0.000429179590358628,-0.000480257918592765,-0.000609983161758635,-0.000100194390643316,-0.000349243237507113,-0.00037470688455923,-0.000393908509865439,0.000945449813236711,0.000818762205702133,-0.000262177107959758,-0.000210762712216744,-0.000423792092575089,-0.00129805438796908,-0.000378222601329189,0.00227552971168718,-0.0128705049565229,-0.0193978423320881
"677.967",-6.96805097782235e-05,-8.61582487040772e-05,-7.87210978075742e-05,2.06587628910869e-05,-3.67598912693269e-05,-0.000307814322550756,-0.000313096067033946,5.48201280046757e-05,3.70222025935789e-05,-0.000225380832805183,-0.000161707290273792,-0.000412228624293882,-0.000321054516883458,0.000312439120102845,-8.15895282273702e-08,2.8318971666286e-05,3.99004782454011e-05,-0.000231590331306438,-0.000449056019455152,3.6291025717718e-05,-0.00061181010207327,-0.000676279913252501,-0.000258887286528603,-0.000698873366403041,-0.000217584689808761,-0.00027193122777875,0.000118955231521698,-3.98582767837363e-05,-0.000445719439358135,0.00024375031392223,0.000153679282714879,-0.000496015029970123,0.0023937673372361,0.00475416200084969,-6.54374474380768e-05,-5.5474955509958e-05,-0.00039760283714846,-0.000309782636827567,-0.000732258835734153,0.000245443520604542,-0.00048487969678637,0.0001931733090205,-0.000450342202467327,-0.000913092681641391,-0.000899665352981179,-0.000849499520215259,-0.00133819297036739,-0.0006830496408012,-0.00239680185765061,0.000685567425122911,0.00509737363853597,-0.00787460440731961,-0.00865337828449837
"682.696",0.000252404423146289,0.000759024747852275,-6.69490663964301e-05,-0.000486633764209404,-0.000100709476121166,-0.00031885614987083,-8.83682633207641e-05,-0.000205057201541597,-0.000124895256665758,-0.000337452260264022,0.00038395897747492,-0.000348566744566935,-3.0458963910139e-05,-0.000474432920539981,2.90204635224591e-05,-0.000104863224527659,-0.000424710193169072,0.000234440105513699,-0.000186257627067893,-0.000369032738055255,-0.000193849206791838,-0.000159402846774014,-0.000284350630897002,-0.000430487569327922,0.000429723822688816,0.000315445488563871,-7.02171603120001e-05,-0.000400287898361262,-0.000209921482201679,3.86240169029849e-05,0.000106949423833755,0.000635665716830552,0.00454808040460952,0.0016294325440792,-0.000116341769054761,-0.000379126088661556,0.000211748786710068,-0.00056332240910336,-0.000173018593146105,0.000402445959363826,0.000178404023969816,0.000279713442623743,0.000291290592836421,0.000376466014665938,-7.39281765734449e-05,0.000354230724722339,0.00113821138692951,0.000647203624915574,-0.00457063500223821,-0.00130942398747553,-0.00490707221722221,-0.0107467179283375,-0.000587024871327892
"687.428",0.000266685028609786,0.000275162943080493,0.000260035068104409,0.000618174022041187,0.000514940148772205,-5.94305164587839e-05,0.000235767786152085,0.000496484065746663,-1.27895768013403e-05,0.000376525685301525,9.84217731545675e-05,0.000468045492702419,0.000510349602558535,0.00016896064615356,0.00059984795543901,0.000634416927318593,0.00045815623894232,0.00080272664682873,-1.18891720128676e-05,0.000570097109647542,0.000366395163160434,0.000596760152210373,0.000343627759194498,8.88302578089888e-05,0.000178967968275237,0.000665968810945187,0.000323450978910772,-7.0612158370189e-05,0.000361958842264483,0.000267712330037713,0.000718857877285061,0.00252929943943126,0.00423148387955968,0.000476167330825412,0.00027576180025421,0.000190421278135897,0.000355044708689763,0.000327244178132505,6.27433816575212e-05,0.00110125450798632,0.000394677596067393,-5.05739588890605e-05,0.000567768818870895,0.000125389025300264,0.00138366496428662,0.00261653135346028,0.00110826042178051,-0.000261163453487897,0.000609700903045574,0.0062079330630692,0.009390497217898,0.0176577804148163,0.029289535760799
"692.16",0.000635214810070106,-0.00031504824599601,0.000318536606651941,0.000117507593382173,-9.28155099761314e-05,-7.65048178774946e-05,1.89884875099895e-05,0.000173860741428554,-0.000190363085945228,-2.99449450906332e-05,0.000454504156108182,0.000294042978708423,-3.08609562024676e-05,-0.000420764269522283,-4.86176976094759e-05,-3.86957349258212e-05,0.000153442972761972,-0.000204531080095235,-0.000412561698753893,-0.000486276895315535,0.000503361224657884,0.000669125545590692,-0.000380093171126428,0.000413559871221189,0.000519449500360488,-7.24598094856746e-05,1.00693105399139e-05,0.000121449422388954,0.000353527582461806,0.000229160038446286,0.000691271668995223,0.00376504354566259,0.00265421067436892,-8.27966468966176e-05,-0.00028901284581942,0.000157441766998753,0.00021399284001289,0.00105018058320367,0.000262426938366698,0.000408600586751423,-4.65110266719974e-05,0.000797819935982838,0.000183728247171099,0.000614696967047442,0.000546494556200353,-0.00131730207380423,0.000143189555996664,0.00135370198373831,-0.000223367295137434,0.00273036517863937,-0.00174786738250875,-0.0061634291980407,-0.0400339983117681
"696.895",0.000312374303315065,0.000443449573229172,0.000516283817015784,-0.000388150638440039,0.00013906362039935,0.000462364831089984,-2.57936233978328e-05,2.26652147704629e-05,-0.000217204079657767,-7.47718050417284e-05,-3.33155840127274e-05,3.96029375741981e-05,6.2083581863065e-05,0.000382732048702779,0.000137156449261193,-6.81137740908639e-05,0.000195661054934205,0.000563597203992592,-9.48870456882152e-05,0.000576928534040497,2.22491774220235e-08,-8.12874534303319e-05,0.00060295382287191,0.000179921853706789,-0.000213716074122536,4.14397946618484e-05,-3.05718841773183e-05,-0.000326761912851091,-0.00055146377099145,0.000412285271261081,0.00150210999488925,0.00342888842022178,0.000582896304134903,-0.000310497371886427,7.51427707835696e-05,-0.00017080294043312,0.0001677163016886,0.000266249429981439,0.000343218940419995,0.000602139469359471,0.000339407323127081,0.00103861430085768,0.000593701102132389,0.000512148123452862,9.96860832093598e-05,0.00114409261615327,-0.000543894084979315,-0.000878909074429135,0.00174032920329833,0.000550229789526002,0.00125464635385624,-0.000717293817929968,0.0142596229458502
"701.63",-0.000531242148298921,0.000192583906146357,-0.000150784448742524,0.000391461435377524,4.70033102876336e-05,0.000216361859147013,7.78817604540948e-05,0.000182232525329446,0.000231750633233052,1.50468742961934e-05,0.000268577810380324,-0.000139348941785662,0.000510633472234183,0.000284983264121509,0.00031610816580208,0.000412008127171392,8.29857261634647e-05,0.000513649849075238,0.000358967412058578,0.000227582766369726,-0.000261851520046945,0.000152200831032189,0.000444441994788789,0.000408574228060699,0.00066732467230219,0.000481119985163948,0.000660424401165451,-8.25461267250334e-05,-2.16602518277427e-05,-6.34890750851455e-05,0.00318741266228129,0.00170257469861053,-0.000112596106509388,0.000145602446314043,0.000639918305826747,0.000194457745926204,9.6860635908263e-05,0.000434080814892895,4.88975855649286e-05,0.000985726145274018,-0.000918167445926973,5.00548377535142e-05,-0.000318471874157175,0.000969070323958805,0.000453656202923668,0.000423754621609606,0.000475268693404882,4.4424530550881e-05,-0.00084916735564394,0.00102936414738317,0.00707181547413658,-0.000732274511974341,-0.0107909165238005
"706.367",5.71323447952191e-05,-0.000285239624953792,-4.75470928772124e-05,-0.000187089045721422,-0.000209750037885344,0.000270847059247358,0.000263154191246858,-0.000109921213119087,-0.000501889289721779,4.57347452237812e-05,8.59027690014558e-06,-0.000654856746814875,-6.3509030110406e-05,-0.000144158687493043,-0.000430041277243594,0.000377311396043265,3.15043194781974e-05,-0.000154790333363318,-0.00035127293974187,-6.42955665276374e-05,0.000126102815386073,0.000118570821805823,0.000342933500108317,-0.000218403788138166,2.17977361596765e-05,0.000645241281247265,-0.000418265981926529,-0.000594301331902166,0.000102380858677845,0.000603307677082872,0.00298519031243271,0.000782732454790319,0.000443551993056659,-0.00075012934539345,0.000405591510983251,0.000416758135823463,0.000280439829220824,0.000436745783073953,9.96312099336939e-06,0.000616344071545529,0.000361364124732328,-5.216263092728e-05,-0.000719972200894481,0.000501055629041562,-0.00109973590429478,0.000952741885342435,0.00218135453609704,0.00399110238034497,0.000686983765902382,-0.00272478317267513,-0.00371002040561422,-0.0138644951068192,0.0393372562562388
"711.106",-0.000132052006038213,0.000209182074655326,-0.000142526521258446,0.000144760500928309,-0.000412714485960151,6.16838351604264e-05,-0.000212673491966142,4.08786635172476e-05,-0.000256828036457263,-0.000501022702375943,-0.000506376287489157,-0.00067180041044369,-0.000447682485657881,-0.000769269446262701,0.000141557571549496,-0.000913136282610681,-0.000265791329650844,-0.000312817032437625,0.000330295913004354,-0.000866747446103433,-0.000752369635145031,-0.000766592936182245,-0.000215185337542089,-0.000255330278644976,0.000330228423366181,0.000245786358386117,-0.000242633419481596,-0.000516092026941182,-0.00050654746419661,0.00033202523523362,0.00162316203327423,-0.000309820568224751,-1.04093515582111e-05,-0.000320509827948753,-0.000155359351895641,0.000175505281700715,-0.000894381067569853,-0.000189809057675923,3.93787149155854e-05,-0.000103928026648682,-0.000366544316800701,-0.000915523556667386,-0.00195118938033879,0.000550246012127158,0.000335432836307685,-0.00121191316752392,-0.00198132025880422,-0.00145041231854284,0.00110020602458139,-0.00218848595662168,-0.000781474383652205,-0.00810336807537987,-0.0048820227608062
"715.845",-0.000341518987445722,0.000184416337142926,0.000335695610947555,0.000371204495951396,0.000417158652152149,0.000821830221571656,0.000356292514780421,0.00040629459620501,0.000179592442199797,0.000366425974818706,0.000537935032138718,0.000473559298946498,0.000732715864009796,0.000451887214581866,4.06863672056722e-05,0.000872862055515538,0.000354644794823066,-0.000215299955014028,9.87794527642658e-05,0.00105970370330612,0.000773585972140049,0.000678452599500683,0.000483509822063638,0.0003402223928515,8.90348299499594e-05,0.000518950432647511,0.00052258416395505,0.000254336623831243,-0.00122466726117827,0.00199165860828734,0.0015662251041856,-0.000209078748738075,0.000284455755116866,0.000420217310486946,5.58947103939416e-05,0.000449644749241555,0.000334652279445022,0.000273812299927827,-0.000632586707647124,-0.000241017045754213,0.000933075736659338,0.0013794834169534,0.00145033570917484,0.00055539033368032,0.00229763052282777,0.00135016957785705,-0.00200434371904254,0.00137500515892844,0.00409901783131038,0.00393330113746519,0.00874099178144264,0.00445221034869708,0.0172672302695013
"720.586",-0.000743331606723389,0.000238472760493615,-0.000672444206645946,-0.000349598940153626,-0.000525488551832872,-0.000304829076513142,-0.000229880485655662,-0.000301454265441847,-0.000314033532045998,-0.000875713558361188,-6.94568004902358e-05,-0.000413042345394482,-0.000475475171676307,-0.000611271416509927,-0.000399680749833189,-0.000183086482029212,-0.000409652793704019,-0.000714049241881067,-0.000384510557359513,-0.000616524740991271,-0.000439840102131006,-0.000170065358484603,-3.65359602614425e-05,-0.000458897967486488,-0.00097149351577602,-0.000466782049595753,-0.000321550493932606,-0.000342469266019608,-0.00497672394275079,0.000935082269647145,-0.000251120131675284,-0.000847775447980574,-0.000105975313554557,-0.000130266791974599,-0.000776224306932762,-5.98893738328196e-05,-0.00108526532472662,-0.00033628121814681,-0.0010559032635568,7.47066972344025e-05,-0.000435566971287216,8.75593558927325e-05,-0.000581976388720949,-0.00158545210531952,-0.000524406405253113,-0.000598882611668702,-0.00125050430266544,-0.000551615338282377,-0.00551869312692316,-0.000656049056921784,-0.0108653777318586,-0.0184548353989962,-0.00435158793835308
"725.329",0.000572815519633427,0.000563658322060009,6.0411783492245e-05,0.000674089623342436,0.000335452089765991,-6.36854289932814e-05,0.000355107828142386,0.000574050116524524,0.000351460858610493,0.00034847064492395,-0.000176043930238184,0.00147406635977103,0.000776936519024846,0.00038443461280374,0.000332060647091177,0.000535669490304276,0.000393231476595383,0.000436133196456344,-0.000502275992061597,0.000850336095089711,0.000811843158535837,0.000430476652726714,0.000601548388838342,9.53751834949891e-05,0.000599135089433585,0.00109767111421719,0.000335787917539809,0.000124102761030143,-0.0038808417027521,0.000932141459149367,0.00111056814603584,0.000889542296023836,0.000621519340596056,0.000164781886694867,0.00107051261881423,0.000732511635341805,0.00111327975798997,0.00136324012618309,0.00044190287021926,0.000549641654240857,-0.000114042225454294,0.000461259289957119,0.00143390700502892,0.00104048891936532,0.00180222072060183,-0.000893740206399871,0.000691341353862068,0.00237331365011366,0.00320928985403867,0.00183151310980353,0.00477611419821133,0.00531656568891587,-0.00313661031994987
"730.072",-0.000455758782811648,0.000282897305392287,-0.000391887963816429,-0.000184124058865147,8.85721607442348e-05,0.000355389706565548,-5.5270820907473e-05,-0.000222725651314486,-0.000115884801238965,-0.000573736826735849,0.000478649225482984,-9.48963497107141e-05,0.000352117431548507,-0.000279382142723417,0.000501062547299515,0.000259037536152801,0.000153437011952629,0.000149591480444091,8.83286036678274e-05,0.000427300041176448,0.000118131800051305,-0.000631154961711202,0.000147966466197067,-0.000203885040750837,0.000602335603561506,-0.000409494030588389,-0.00024066313011561,-0.00155900305002695,-0.00210094093113591,-0.00029150732591056,-0.000106780096779751,-0.000533160808798938,0.00036613615029138,-2.26935625450607e-05,2.24424725149595e-05,7.08131307364961e-05,0.000328209363630277,1.25048976846171e-05,-0.000545349348782446,-0.000476531775190681,0.000574526323892232,0.000480865981254557,-0.000772078037281986,0.000249477837495584,0.000905975057215356,0.000480660711452703,-0.000966831837787738,0.000185975526060038,-0.00107703555238484,0.0038468535180411,-0.00867926531742621,-0.00102603704061032,-0.00321775292868608
"734.817",-0.000397391891977962,0.000312073884151844,0.000184356105199507,0.000207675963376925,0.000848803966541885,1.80534491793687e-05,7.55767219445612e-05,0.000448100820624257,0.00016438208880345,-0.000120721247841786,0.000339002689872884,0.000921484815578032,0.000742491502355751,0.000335003317592634,-0.000126261395663976,0.000219253991150132,0.000486551024526119,-0.000197771156454502,0.000228914480233169,0.000537984090502575,0.000158883070173662,0.000635358637583872,0.000982348991896616,0.000663864536027489,0.000629487851149796,0.000410796542864398,0.000182377985266305,-0.00158737247637256,-0.00015149471833614,-8.72186416773653e-05,-0.000257779487505585,0.000289536808275021,0.000499160261276132,0.000487639514273744,-0.000346911153244859,0.000254002827942354,3.53414540066441e-05,0.000532141918567667,0.000128966095680579,-0.000232164124942257,0.000479585473018164,-0.000988878008169002,0.00180980481606419,0.000296708652745273,-0.000511069147876032,0.00251861867988363,0.00112563378438671,0.000895930916726811,0.00439562165457549,0.00336938136330419,0.0010666259975163,0.0143076100921487,0.0292082830125106
"739.563",0.00100330377396725,0.000660355775153883,0.000797013228683915,0.000725321652746362,0.000838662056632368,0.00103211852925307,0.000524827070383241,0.000631335165586961,0.000297572056204298,0.00027598308722521,0.000180474126158562,0.000632221933708538,0.000773774905776108,0.000820277027583843,0.000722796995311587,3.16464092673723e-05,0.000637737249846087,0.000164508584541541,0.000862489645465094,0.000993968389466561,0.000482758249790506,0.000289831477414969,0.00135876006068094,0.000659235587864897,0.00112338036071963,0.00067451299660513,0.00187609487553713,-0.00068032339257398,0.000939139795109267,0.000809489676603164,0.000877895758726465,0.000944295249993985,0.000845295345506942,0.000964946712180773,0.000617639566175305,0.000651430469747442,0.000128955934568209,0.000968658771530346,0.00108000414493059,0.000952386508448654,0.000669229809161744,0.000599997978661767,0.00116634270558331,0.0015989003758311,0.000568855485869252,0.00336593855656794,0.00165131309535949,0.00662949519155424,0.00706653585703454,0.00622083319951872,0.00841644460498019,0.0217335265508782,0.043732142227849
"744.31",0.0001721223363434,0.000556074575442119,0.000188701432743727,-0.000355165732151815,0.00015330656371523,8.41610575673315e-05,0.000204749614702438,-0.00021087853391636,6.99702338055423e-05,-0.000229665025888981,-0.00036526768487388,-0.000259985410107358,-0.000147391297856803,0.000442376256432491,-0.000322319250336687,4.27514329928656e-05,-0.000192251000738462,0.000297115546930876,0.000234469770899267,-0.000192577908764533,0.000488225897405876,0.000356666745416183,0.000279664064601978,-0.000135841612524652,0.000198624915127047,0.000883930370173962,0.00160973728077399,0.000217604306633068,-3.3971993139873e-05,0.000453191731431498,0.000252120779340882,-0.00041724606759176,0.000188381626303129,-3.32431817815794e-07,0.000305508024604456,-1.3481932081526e-05,-0.000145624432428678,0.000586546250583641,0.000220992176154462,7.96371655756091e-05,0.000524273597862126,-0.000275450770047424,-7.54724079624655e-07,-0.000492137847193247,0.000548356776800477,-0.00138804103723808,0.000873757178450466,-0.000723110789302229,-0.000246790185993484,0.000690052956600347,-0.00301917699411988,0.000244830506905799,0.0455269392002971
"749.058",0.00083389905935407,0.00101011754038024,0.00164026996857892,0.00075209274890876,0.00108245315874803,0.000132405473323091,0.000692902283803389,0.00020686620069491,0.000756886788473749,0.000530020176688582,0.000516294250686013,0.000798233858004425,0.000583482299175807,0.000445957125082703,0.000434007126199963,0.000905527205860427,0.000422324929604674,0.00140453964622026,0.00126203333841331,0.000902968964278669,0.000766691426991397,0.00120974052074353,0.000488135229843336,0.00148328786214254,0.000827193823288608,0.00142625501610196,0.00209513040238498,0.000450936722659355,0.000372626278763243,0.000144832506051124,0.00089666968246139,0.000764730030224334,0.000504190832565875,0.00103019532718046,0.00118963860326969,0.00101831713130986,0.00134319859576559,0.0014409922487896,0.000922617840897305,0.000813013827471851,0.00167382886828442,0.00126088509717362,0.00119132048317674,0.00151368196096992,0.00221712160635947,0.00320339078177296,0.00112206384033043,0.00462561094040769,0.00541129639686288,0.00896099458902756,0.00885779825428457,0.027187996545412,0.0328563562999766
"753.808",-0.00135003537734333,-0.0005590696506674,-0.00123241332558283,-0.000329668331748157,-0.000526503705528323,-0.000213201584613913,-9.52167391520149e-05,-0.000421416539429654,4.31393090411502e-05,-0.000405387768062855,-0.000601929529822696,-0.000379521223918683,-0.000513990159142427,-0.000592372643882549,-0.000487231208042695,-0.000450656689786917,-0.000617307551298027,-0.000710297554772147,-0.000362211500658087,-0.00096360715323608,-0.00159238399227652,-0.000131415086328655,-0.00106074703762665,-0.000699434600054611,0.000310420826750274,0.000440842194251438,0.000259646553643496,-0.00059979612405681,-0.00125511495040891,-0.000900511788326708,-0.000226434326468251,0.000214397266843544,0.00013682344692211,-0.000106677771454871,-0.000584763941424832,-0.000859757506845812,-0.000774405858326312,-0.000605700994476026,-0.00030498946842375,-0.000602584864268357,0.000173416286259415,-0.000720064045180383,-0.00130065934358441,-0.00127976190058909,-0.000567550672977509,-0.0021115944015734,-0.00290726995347583,-0.00203535289320388,-0.00196600716416046,-0.00284118514827452,-0.00933828068498832,-0.0072888327089889,-0.0154447252705503
"758.558",-0.000589949860767007,0.00119543558864,0.000488743053627286,0.000421231735367615,0.000524517064233675,0.000275698154230845,0.000237079249434323,9.73981098942647e-05,0.000278686627464264,0.000447053550644872,0.000536098180906447,0.000647092032509505,0.000522687583535217,0.000764717107224849,0.000619657444852188,0.000503411915401218,2.3590352407295e-05,0.000361108061802497,0.000859456839576172,-8.63899192104745e-05,0.000426681561844533,0.000534156503861624,0.000439677964112154,0.000426748709606492,0.00137807641771434,0.00214501420494899,0.000198845310640824,0.000398904177277169,0.000761579302878673,0.000962277000940056,0.000735078492457306,0.000713084558405414,0.000999962743382721,-0.000251404929136856,0.000332798086763021,0.000744174019168274,2.77173267300358e-05,0.000776410655230096,0.000448176352090871,0.0010916399247964,0.00129486715655849,0.000250072959819685,0.00217520877330702,0.00100665697034628,-8.69026522612691e-05,0.0013504455199201,0.00220722405313321,0.0028804315752504,0.00393812182899898,0.00316183128957717,0.00732497197356248,0.0216424441419903,-0.0259147539453745
"763.31",-0.000968560088856423,-0.000877360789275386,9.45699534547099e-05,-0.000240166335443932,-0.000470205332873229,-0.000342101693537915,7.54242926545658e-05,-0.000225510534765153,-0.000284980155583466,-0.000359865615163275,3.89479907091635e-05,-0.00075316179537564,-0.000424673005752849,-0.000461126220002762,-0.000367856259060959,-0.000285234739388601,2.39824262431467e-05,-0.000673970184745382,-0.000584854829960891,-0.000323780969381877,0.000231669792495506,-0.000408846771572959,-0.000924970518993111,-0.00047698834599136,-3.9936790031142e-05,0.000322022670697765,-0.000384371488625172,-0.000658410740431474,-0.000215756714032135,-0.000485207158545342,0.000152206648856359,0.000246112060506633,0.000390851920710859,-0.000669208431199432,-0.00024005850864478,-0.000346534404490181,-0.000789111426040282,0.000164416923545457,-0.000583791718857337,0.000388125629983421,-0.000506701428011945,1.92928842284679e-05,0.000522453886640151,-0.0013528860670147,-0.00179151642625403,-0.00123733327899099,-0.00165736661174566,-0.00299034460791835,0.00184360756298616,-0.000830095930090071,-0.00294752378790453,-0.0120474543880154,-0.00348089332034337
"768.062",-0.000168385509431439,0.000180043456486908,4.1097356691452e-05,-0.000153401196683538,-0.000672747375472134,-0.000254265439871204,-0.000229441135815205,0.000167262416087141,1.51562476523522e-05,4.43536892597195e-05,-0.000463065859091178,-0.000140507830524152,9.79042993225895e-05,-0.000179072709590806,9.25800750060687e-05,-0.000403174293603558,-0.000500495606356787,-0.000372186087808228,-0.000716599483663011,-0.000876363906408016,0.000307410961218377,-4.14818918910483e-05,-0.000755367703480929,0.000446654697463926,0.000619413101719533,-8.74339991886769e-05,-0.000642192980556028,-0.000712813239513538,-7.25181620747509e-05,-0.000549518026088249,-0.000201332435680274,0.000390844815133112,-0.000959081271953382,-0.000479062144704728,-0.000395208905916765,-0.000618309875197646,-0.000412315239575327,-0.000226130874984794,-0.000716332318931798,-0.000511281386625259,0.000127894002343694,-0.00057578952100059,-0.000659315659240896,-0.00166903363671594,-0.000207783635894535,0.000283878415285703,-0.000815215129436115,-0.00260222140679152,0.00146202171776075,0.00464762761616572,-0.000298827308594742,-0.00621516698241179,-0.00984767091706104
"772.815",-0.00180202277372193,5.92756479035071e-05,-0.000910606912525149,-0.000536445261063323,-0.000144133717132968,-0.000112204798841638,-0.000474332981897804,-0.000167211579890738,-0.000400669278508965,-0.000318903153602806,-0.000758724201951909,-0.000829892702959144,-0.000709894751138087,-0.000429779779298991,-0.000232342919119089,-0.000782865735226409,-0.000646518717477044,-0.00111578223148788,-0.00102494536676956,-0.00200381502874873,-0.000409944869387717,-0.0012096694390841,-9.72676294931319e-05,0.000242233011617257,-0.000562343238594514,-0.000110801302150211,-0.000351718029100163,-0.000277938301713742,-0.000893248449232007,-0.00122938571482249,-0.000201404657543513,-0.000497622379308127,-0.000420407815307343,-0.00156765234443097,-0.00154040037987935,-0.000994453003179006,-0.00105302058113633,-0.00132833137787053,-0.00025589243349594,-0.000443895737915784,-0.00124118314886876,-0.0014284517260672,-0.000856893333500987,-0.000506530184203158,-2.10183717131124e-06,0.000426155269274754,-0.00360314615810715,-0.0025487063001596,-0.00378680902188646,0.0017619717493586,-0.00653208518634367,-0.0093299176807122,-0.00847112469407113
"777.57",0.00142654481807537,0.00154654408054939,0.000223443319064562,0.000234332504898669,0.000832507711313942,0.000652341483750751,-5.42187115226045e-05,0.000245552017775031,0.000539525538442165,0.00074041068482944,0.000793899256698464,0.000560686975751447,0.000274511951064421,0.000328649393867723,0.000319477698305892,9.40453525332738e-05,0.000859062678282898,0.000549796636174628,0.000286563106334906,0.000893335075897234,0.000925137598696552,0.00032243782678554,0.0011858845484213,0.00126763350917697,0.000604902895562144,0.00136474959406891,0.000642557114029463,0.000431126601510439,0.000603249176939359,0.000840242432525408,0.00066378919593832,6.01654631310376e-05,0.00134231666057794,-0.0003744331610864,0.000766319858072977,1.3702195013532e-05,0.0010001034477401,0.00103233051519672,4.89595836130248e-05,0.000208565239590671,0.000968135274376469,0.000647235392485017,0.00134345782040283,0.00178009602768813,0.00105753957332423,0.00141962766289492,-0.000130867796724512,0.00175174306181361,0.0040660673689032,0.00255877783876272,0.00846128194426629,0.0097976105856905,0.0179139797048416
"782.325",0.000295644800193392,0.000139847964196367,-0.000534132402365997,0.000223812413966379,-0.000262830292302305,0.00120771727499853,0.000253021411572297,0.000235331266843845,-0.000258278082648854,0.000302309225766543,-7.12375857704187e-05,0.000266332539582598,-0.000316334011990466,0.000345654413280522,0.000348222773960648,-0.000262394868666071,-0.000239943360630948,0.000199144910102702,-0.000320161213424162,-0.000246147766153933,-0.00030378390562806,0.000184389908153053,0.000419297415816471,2.32601370559332e-05,-0.000249013947997263,-7.63042799744154e-05,-3.76913892646306e-05,0.000237769191225148,-0.000175102391073984,-0.000457182113519923,0.000538570863592791,0.000404021800678579,0.000135526065067592,0.000583083051270838,0.000554043503682561,0.000319980400543857,0.000588164220367626,0.000406316520275951,-9.90951398238762e-05,0.000617078853745396,0.0003401088454845,0.000964606620993547,0.000841410671254303,0.00117845175315159,0.00187056654970881,0.00214196265039421,0.000398099952136922,0.00210099131335848,-0.0017902154461275,0.00404259897338403,0.000917210895318335,0.0076100775899014,-0.0050503307380592
"787.081",0.000716128605577383,0.00137236466054264,0.000230842043974626,-5.39769412697503e-05,2.26193864180297e-05,0.00063655957047437,0.000633368131300868,0.00024875202989366,0.00046627324362639,-0.000103591477453296,0.000785778770520142,0.000621384451968726,0.000793878479282047,0.000621558687665878,0.000221783772107576,0.00022049675720819,0.000765434214947617,0.000518012017494825,-1.56136626978031e-07,0.000347321238881681,0.000482066963402574,0.00043553910180108,0.00114645093182493,0.000310710904135655,0.000255101557089752,0.00101791011859396,0.000798853527976434,0.000744808010421579,0.000667178202266724,0.000367955561186228,0.000376701160508085,0.0004651331643594,0.00123486157468216,0.000116958422189556,0.000243663724140412,9.98473737655466e-05,0.000211217116144417,0.000610194351399573,0.00118454069745271,0.000525706906055702,0.00106777624127815,0.00120089546891739,6.9604834615029e-05,0.00115521623332603,0.001670201745773,0.0021973639268192,0.00296342801953896,0.0019359329857046,0.00303726532759696,0.00642644188585021,0.00928524354907967,0.0110953712558661,0.034288717543723
"791.838",0.000930744112466531,0.00140214223188178,-0.000418309890253542,-0.000162866467349773,0.000210865721467896,0.000539262218243872,0.00033221538974568,-0.000127936833342611,0.000136522513761941,-0.000160044446214156,0.000742898824188322,0.000509092788384245,0.000168567329970521,0.0002281427629904,0.000443393698253058,-0.000122300084516441,0.000233312716509434,0.00051783671629782,0.000745657439167774,0.000410200942594186,0.000215745832199651,0.00183467458929075,0.000856572042064411,0.00039612751178626,-0.000818924695603076,-0.000326002214360927,-3.87807079242566e-05,0.000166790624820859,0.000512872299048202,0.000544742776480216,6.19955889175952e-05,-0.000176912637148626,0.000165017966843398,0.000480639122862643,-0.000838677971625247,0.000756804801136415,-0.000152088588207522,-3.11857232855889e-05,0.000575553529160805,-0.000452873758726781,0.000795227667563678,0.000653430722673459,0.000652252362440847,0.000724863592182933,-0.00166943203310072,-0.00121278635352829,0.00150258121742799,0.00215493169387724,-5.18738366278842e-07,0.00473958928183024,0.00676586766467419,-1.04468465591222e-05,0.0066902487853268
"796.596",0.00156749996570733,0.000388810923108892,0.000307961633010002,0.000813809291372123,-0.000465813740710026,0.000372970559979017,0.000198099801132517,0.000477133069379623,-0.000123051716042471,0.000114839348293,-0.00033091126703444,0.00102386931442665,0.000568869403287802,0.000567868675269189,0.000187938012317178,0.000186862699981463,0.00106957527506514,0.000346656965975095,0.000501241456342387,0.00123695015150934,-0.000149314375591699,0.000633987205041445,0.00132077329941988,2.86259498127807e-05,0.000218676314620168,0.000172297078675186,0.000222800335373865,-0.000144099064572724,0.000404339217881415,-0.000155490240697568,-0.000103712836845028,0.000460759417997172,-0.000557495563980122,0.000304082972137436,-5.5470150951187e-05,0.000232402180118616,0.00110660396767668,-1.73427208275574e-05,0.000930618336007036,0.000939252080912382,0.000907711466575362,0.000321265713059797,0.000331598112314015,0.000956976510653493,0.00128087680256318,-0.00250866615482673,-4.77048845655094e-05,0.00320785860124473,-0.00316487908459109,9.77210056060732e-05,-0.00353634722584807,0.0231910371303549,0.0485467056450042
"801.355",0.000283071986726607,0.00178077338706526,0.000812100800740828,0.00116882729863301,0.000134383918218384,0.000445572286741233,0.000656463435744269,0.000299825955588453,0.000338860787190287,0.000603532937969503,0.000589022175335318,0.000720315618934019,0.00123433190681088,0.000390093207440109,0.000335637168982297,0.00143096209108396,0.000900478881131016,0.000143693039526537,0.000892152492469854,0.0011369197479833,0.000167357900731925,0.00143588449991647,0.00143576952916927,0.00110755246086455,0.000779423411204337,0.00118119951791177,0.000645113579663962,0.000518762903068175,0.000349327758293493,0.000702265249192722,0.00100435726350288,0.00141579613966542,0.000682181529548183,0.000914890089803697,0.00117748842370335,0.000841560062209207,0.00061063556288571,0.00139616601573432,0.00117579747428837,0.0012733941079338,0.00117662210696623,0.000816206873184504,0.0010049928183786,0.00167641340936819,0.00265703817867854,0.00233164853268303,0.00428579698739469,0.00738610018425767,0.00397308467552379,0.009381819107773,0.0145377717068307,0.0266434266803077,0.0465693106306615
"806.114",-4.70292213169758e-05,0.000139730167641669,0.000355036630788278,0.000357799367360443,-0.000556495747848818,0.000160400037634518,-0.000113862578273453,0.000205978501392225,6.35242190888962e-05,0.000247945511821383,0.000800729240766743,0.000316615326467464,0.000102579179949196,0.000233895066300156,0.000151576985505828,-4.3102654188025e-05,-0.000558578132321086,0.000443079803691314,0.000747802552726971,0.000385078908956889,-0.000118884301276862,0.00120656830543409,-0.000115464949609746,0.00019902259004543,0.000165078746517793,0.000504567259775917,-0.000305593251358777,0.000203134438140724,-0.000270724284219351,0.000690581885498583,-0.000222046687168343,0.000276486220701965,0.000156369751983567,0.000182887669704375,-0.000332924249834718,-2.534896502652e-05,0.000690102154890129,0.0003378760717714,0.00058005404822555,-0.000430106402149665,0.000118729954596464,0.00100014296497157,-0.000718282478964242,-0.000307559508028165,0.000469220798816955,0.000398877299178388,-0.00296744531938354,0.00315739522125273,0.00316603521981747,-0.00104296327886625,0.00567235397761454,0.019241897886482,-0.0163795907816414
"810.875",-0.000675051904498886,-0.000153062706364247,-0.000900726208029672,-0.000238081102856251,-0.000236682289336834,-0.000350387254928359,0.000150125353762914,-0.000355908832680718,-0.000359914479885232,-0.000247887497791004,-0.000312569033214994,-0.000381872546438253,2.30242133730569e-05,-0.00037842959859572,-0.000433264292019414,-0.000634667177399545,-0.000980386510561019,-0.00100636041653897,-0.000629901730442972,-0.00133765762928359,-0.000197286560173539,0.000320880809777323,-0.000230654869578078,-0.00073401764322502,-0.000341930159654396,-0.000963117569327375,-0.000633755258441608,-0.000710749513620398,-0.000585992423194908,-0.000502180627200262,-0.000132948413645648,-0.00125000120929606,-0.000659730458133366,-0.000514490881745005,-0.00127260800835663,-0.000828815774305144,-0.000371955371551559,-0.000676079550606923,-0.00023802274410222,-0.000668660654152617,-0.000596656063894279,-0.00123943500470124,-0.00135291281032983,-0.000519681848900887,0.000498537152337488,-0.00216334270342236,-0.000442824605027275,9.73560297806286e-05,-0.00161353630876097,-0.00156215445067727,-0.00968315625417153,-0.0152612195812851,-0.0393280732807792
"815.635",-0.000221253054252896,0.000195885960950757,-0.000673478126972365,-0.000143373342804898,-0.000227057262971581,9.44596387629413e-06,-0.000299893608625365,-3.75650119198919e-05,0.000254265161211126,-0.000537977515512155,0.000460184588827079,-0.000786514581046985,-4.58068733589329e-05,1.08836904739163e-05,0.000313967614055424,-0.000344402652131294,-0.000615969712174434,9.52781382461802e-05,0.000680391902879156,0.000187304890414339,-0.000152328205707159,-0.000757899778459305,0.000102387984086946,-8.72947939343494e-05,0.000117782683442616,-0.000562257685210858,0.000406912336195972,0.000293229353640091,0.000461696285244538,-0.000313750305105351,7.67305390642557e-05,-0.000475812133601465,0.000212380332856804,0.000388197307601965,-0.000547476597064854,-0.00035178185530331,-0.000159867901745135,-8.49160545111706e-05,0.000549723865783933,0.000254612535751677,0.000187014060361964,0.000111003763229321,-0.00039018740193664,-0.000496454044389152,0.000442006797392118,0.00119850173506067,0.000156042738497834,-0.000681861034244372,-0.000186457398069247,-0.00304016631149382,-0.0034663268650063,-0.0126727614809109,-0.00591253552714803
"820.397",-0.00113189939474904,-0.00149972531209899,-0.0011292315429243,-0.0008347704564218,-0.000751695303385281,-0.00026521238158617,-0.000627379244866177,-0.00049338979955536,-0.000896625630105217,-0.0005954327829617,-0.000874078821764097,-0.000731254605071963,-0.0015768600334414,-0.00134867166226697,-0.000324874248545727,-0.000494958831140036,-0.000399112692076819,-0.000886765726255496,-0.000725765676333994,-0.000587069261293512,-0.000314754629127109,-0.000166950632832893,-0.00157696486417684,-0.0010951580311446,-0.000566544446320594,-0.000894320843523614,-0.00136918083268196,-0.00110590818271711,-0.000473918462684893,-0.000803448314205189,-0.000662940530500421,-0.000741280392068987,-0.000682085722368704,-0.0014406939617412,-0.000915849678650327,-0.000841205665609748,-0.00127504855672653,-0.00160728504212904,-0.00108603026240193,-0.00160824707332519,-0.000818678573478198,-0.0010185949476191,-0.0021328614965062,-0.00240849067472109,-0.00130021944707813,-0.00153377198840068,-0.0024468722461313,-0.00398618777623265,0.000248635206554113,-0.00390826942122926,-0.00678151997969488,-0.0147601864574983,-0.0465266721185617
"825.159",-0.000706424644461865,0.000855911635937634,0.000850274190162086,0.000704252153237417,0.000546104351701924,0.000379631887869658,-0.000463636426745771,-0.000249785549013309,0.000240365174911949,-0.000479516671536025,0.000358929880921777,6.58222652560946e-05,4.57680102027198e-07,0.000535297982085297,-0.000292441773182288,-0.000161317408715304,0.000102556042807206,0.000597015783598246,-0.000385333490916797,-0.000181698255856176,0.000957068492923118,-0.000578035315106501,0.000140991813072922,-0.000174403923209661,0.000177038137318369,0.000194881365864507,-0.000180984463034357,0.000473804793777439,0.000585697856753877,0.000680453434922111,9.92321011986355e-05,0.000132671899343308,-2.2025261728248e-05,6.86794176227557e-05,0.000737407774766558,-0.000476679522402373,0.000359032897882212,-0.000168648406559746,0.000252463820471727,0.000668507686840889,0.000716763901825388,0.000222357767271595,0.00118959575929644,0.000779932386720278,0.000415275303005637,0.000130709874876611,0.000318287772994876,0.000340586279727536,-0.00273101864257946,0.00225782259229354,0.000688577795267,0.0066101702015748,0.0400430574252648
