Wavelength	500	495	490	485	480	475	470	465	460	455	450	445	440	435	430	425	420	415	410	405	400	395	390	385	380	375	370	365	360	355	350	345	340	335	330	325	320	315	310	305	300	295	290	285	280	275	270	265	260	255	250	245	240
248.336	12.4685617345297	5.05076833706443	4.11513018268144	24.4839610189376	25.2273916827239	-5.80058590983073	5.1371182377652	5.85205610137522	5.85279100850803	0.297963962361583	9.94919883183025	11.8067671179546	-11.935523743063	9.23160337971422	0.780873399506026	4.26495769869752	5.74943908762558	10.794022182362	15.1307296937107	14.9990606842763	7.88008402594627	5.08779002667733	6.46611508020248	11.2038428412964	33.572826905308	11.1493025726196	-2.44438985364269	6.90332372881653	-2.83972439868466	14.0493490587979	19.4978483634972	16.3286654012861	7.25140242027235	55.612448616781	36.8158764419737	31.6431089644831	57.395201763496	54.3127717777394	85.7020228454887	99.7164015265352	119.129688340521	177.527525273552	500.23264181995	817.474237412029	1040.99501566918	1155.10468242185	1122.73428258146	1162.54924630036	1147.03622324779	2927.86926309019	59240.0946630524	193912.631471713	65602.8627889637
252.814	-6.78802300174604	0	27.3817184041271	22.6364920897263	0.444337598666178	-7.76472660867687	-4.92219908000801	7.00903303786797	6.7051344028435	10.34930926552	-5.16368610370959	-1.41410163140286	-3.94351136103887	8.17236676656178	11.6906933236761	17.1819872786476	0.491866299593735	11.376681625026	12.4589717614251	5.38933205963493	7.0785081758769	14.4032158331613	-1.65953446002674	16.6394251950214	31.0484755251427	8.90237877957832	6.34325543827811	14.5908367875139	30.1244737285433	15.3846550450456	0	1.43099367435975	3.37751408107985	18.2553262673758	45.1199896023412	45.4789070325143	84.7823953441681	70.5221923189269	105.85336307073	111.194163016093	155.920695313848	481.205053883605	904.448579005232	1294.92872233895	1427.1370561705	1376.29075473114	1389.64241712543	1472.07527347291	2771.72247859149	54356.0623313029	210193.033980729	86672.7183589759	4066.56361322198
257.296	28.8792478038556	11.3719461063718	21.131455858805	15.7794644816991	8.35296729582245	8.89547954555341	0.913134104347285	17.6036534802091	5.427894880861	6.35565022970175	11.3969487677689	22.8522814935182	-3.41401374911178	16.6471958316005	30.9991066655834	-1.3783738975922	8.75978988683879	12.2794320975831	26.8952059647315	12.4418753174501	8.75438954314403	6.02910603972929	3.83122075392459	-6.90389367839362	29.2087220666771	6.85071208445385	32.3457903476089	21.654371089147	33.6511519412241	10.940564656459	13.6745281317859	13.2144352431309	19.0955967999784	30.2659061546296	48.1930087244101	69.1026272988814	58.9456040869271	102.25648341053	113.618189296502	180.643662003986	395.131677194639	831.209543854313	1235.47543621772	1377.98009544647	1348.20998260589	1350.33773816631	1426.22216076085	2454.43630842481	40973.715879337	186046.779256113	93282.7200235645	5004.50663065276	5177.06326656518
261.781	14.9931838180494	24.9011160084434	21.9927008165864	7.2312331613998	6.24552539705374	9.43687676231399	2.47091074893004	-0.270652871134138	8.87382141029846	-0.358295411608682	7.97580186627036	18.9298529068956	26.229913498168	-11.1008093278372	8.92034681574088	12.5881906764219	8.39506123913648	0.519183405951548	19.331533977688	19.2384594128685	9.4756356681859	17.7977039525923	-10.5522847150358	24.7891900386658	9.70938956916811	0.4965482356329	18.6157408368326	5.85960134779322	18.5369916838634	25.5824146354427	11.0051495886033	26.8183692251575	40.6917430780025	53.0028878025827	59.7134532599233	70.1210357927777	86.8457947302659	115.360598113365	158.446884014641	352.829440492505	773.850493594276	1180.52242363993	1413.61467179645	1388.05936451408	1407.64698335319	1399.08563361833	2325.30374454687	31177.8754867351	166224.246890636	99705.5089713886	5233.71230699838	3737.04997654598	22184.0293474304
266.271	14.5562118507193	-13.5898769341626	-20.1316311134492	0	7.7134337306093	-7.51157211209257	-0.628282488996941	5.23027022724348	-5.60199967812851	-1.45766969915309	-21.0914089732904	-11.0706462155434	0	-11.7813738406382	-4.77513909867274	-4.26775958275047	13.5611524919842	-5.2805443123091	-3.46973685159425	0.611474289875589	3.61407790529099	1.69704415810154	6.77847554996559	4.38482616337677	9.87528901689295	2.52516252580608	2.49129192387054	11.9194428076062	-4.96150629509107	16.2008384783515	11.6798494277661	36.5311623057781	36.952698562871	62.4734267180973	84.8178190171914	86.2464243565883	67.855917007146	86.912375208631	279.071883232711	670.055282743986	1126.53562083818	1418.63028971077	1389.87290331139	1406.57460636947	1420.7231941593	2153.55767222477	23438.5561982983	134769.498255615	104814.809782463	6522.13991795458	2524.05974785643	14026.0318687315	29358.1345218503
270.764	-16.645496921462	0.618086550098222	-16.2267263104527	-5.25652419419296	-23.6079689364163	9.18623321238702	-7.54384317901004	-4.13159968782539	-7.78515086925923	1.09389802853267	-19.0746491012576	-16.8565863914803	-1.00731505027062	-16.70013809849	-5.25575560677108	-0.474475603490772	-15.5794090181661	15.8509901555076	-25.4597664207038	-14.072215832695	7.23242528419756	-14.1503879632808	-2.26082646992354	-12.0653944401795	-8.84100396593369	-15.1599244207861	-11.4667119240906	21.3682825718727	14.8933107628042	-14.2455099461917	28.729923137323	24.3684935083657	13.8038228569025	47.3868615936776	55.0069842643129	86.850556011509	59.1163427713213	215.545771805471	597.802562662039	1018.30015470091	1373.68232745894	1392.51630723121	1395.21497454726	1401.15954936284	1870.60525584919	17282.6737876401	111079.258459459	108594.043847803	8205.93509708842	2280.07366914737	8726.29725041771	26913.6895578407	9617.49002263335
275.26	8.82577707306733	12.7055264944048	0	-14.4072395486113	15.5541901522766	6.13098315881622	-3.38452848353812	-5.39238697178742	-4.57238047771757	-3.56927214833114	-5.56174167395827	-0.471439171166255	3.94411339237733	10.5776186235671	15.9017701739392	8.82452963699106	4.9194138976074	21.2052343509385	15.859293921049	1.7967182718073	0	0	8.29893905412614	12.347264675738	7.12696749241882	24.2379530370525	2.92810330320502	14.1066288037732	4.37357506129527	29.3314758500005	32.8893750593604	52.4777782928202	53.5658996100114	80.4343905592523	62.0494569617527	103.967657175381	213.134229315439	549.670642128063	961.808576026356	1324.23633242	1368.19230040716	1398.26598886468	1424.14865828367	1857.60460058328	12228.6692518596	90338.9758373568	108686.972732457	10704.5857989294	2565.90869967585	5907.94644584217	22147.8631696957	14000.3918951317	1535.85985475404
279.76	21.7820815036753	-8.82349142719864	-5.8576782649476	13.0068439992294	-11.6659191264647	0	10.1709201057533	-3.40776976201479	10.3727756488491	-3.12318715734995	1.93120607800374	-4.58354502813252	-12.9419288257037	15.8935158106518	0.909436516910013	-4.967140994591	1.91315075121347	1.50853819989563	13.2163915299777	29.1141805962808	7.45668810259664	-7.54147490021618	5.37906947729356	8.87294277780257	19.3026611479656	23.084311954698	15.6575901769773	30.7407482981132	25.9855912122946	24.7774031814466	46.8062385886796	57.0510582037829	69.438923153129	83.9591546992585	86.7516413830486	152.676032056443	476.268891265403	924.584690047803	1308.16124986063	1356.22833240033	1345.23708416109	1281.72978863882	1678.06867323154	9828.74112579433	73086.817000626	87919.6507342132	12966.569052036	2758.88015933419	4226.39464652029	18081.6622105474	17488.4138362033	2864.47651456325	884.878503382024
284.264	32.038151981284	-3.35901777239613	20.2723764677527	-9.99838188564608	1.64485277110663	-2.64743059824639	7.97170464346155	3.24326240051554	1.69234940488327	5.61456694352282	4.04355302595725	11.7781507496745	5.93048808245445	-8.45291505079287	12.9830129392582	-9.88447212399139	11.8351670309708	13.87857566572	14.6747775912088	8.31261503951276	19.1065604272981	3.58870811357893	23.0372963894679	1.98696671933396	21.6681709750451	22.8853492144921	34.3191415749876	21.6049943959276	26.9794446177631	43.1582170406326	55.1320604357656	61.3599836720152	58.4957616061862	84.4721561051926	121.47314057435	397.335982349545	791.512450384938	1193.89785221118	1322.19316945323	1280.59404882784	1238.77737758771	1415.150517495	6742.87449502826	59363.4330292477	69585.1347910897	15192.557427945	2672.86755293464	3497.04860267357	13400.4610142538	19815.4397441997	4641.53688695585	1299.69818853482	657.938828825698
288.772	-8.90839336549138	-40.2240215968295	-19.6444273660196	-4.05101434270021	-11.662700951302	-10.3689644976684	-5.65227532590942	-8.25501040354166	-18.1325356901391	-9.05474421390555	-15.6384539977821	-11.1349418716578	5.17534345955844	-15.1414075744968	-18.4110091817618	-31.690646077036	-25.3900701528825	-21.7169575580926	-52.0251859556981	-20.4325166834363	-17.0309648776166	-39.7433795756156	-15.9714292331991	1.87845778093082	-38.7431136314317	-6.49067171830013	-13.2341289950874	6.80837939812112	11.9028409894026	40.801331910709	16.6788094671705	47.1584719246946	63.322085351142	84.1758107455893	278.126794028415	668.852340489354	1066.04681859172	1242.5259720667	1216.87176881693	1128.38830719878	1196.86637931782	4341.60409652174	48757.9337822222	56132.2720758754	17242.458201811	2105.35005626408	2643.34143059266	8718.3471760039	19198.6271871397	6644.76375429414	1518.54138074546	1048.9083600985	124.401712455297
293.283	-2.27709640664857	-19.2783026245306	0.918541563130574	-2.15727035555634	-11.924527055979	-8.2254928879162	-9.54594741483104	-12.2083406882079	-1.53360734021224	-11.6722907088705	4.66361444389492	-26.4857510499533	-4.96080866300631	-12.9011084883341	-5.49043072665135	-5.84172420423433	-14.0250399211682	1.30104494549718	-8.0739594403001	12.5548221151124	-20.2825460198612	-19.9771116857911	-15.3093616143123	-1.80058960444884	-20.0625635547475	6.22161229307486	-2.86447482371331	7.34191870231527	37.0806460976161	26.2077213545525	35.5720064738385	39.603154058423	90.2364731299605	241.231796597234	562.86479572389	988.932682272352	1203.454897438	1165.526528426	1101.32799885983	1109.81892564038	2858.87891548875	42164.6642206562	46681.8375000338	18249.8521515774	1799.79887527442	2028.91985388917	5535.7286393648	17157.0579737593	9632.60078631699	2179.72171978826	1415.43862098388	1244.81524958612	715.469144411584
297.797	11.5733903768801	12.7696332928047	1.33385908932859	23.3906601645168	9.01884814720618	-2.32256892193823	0.499536458158939	-0.218868247985793	7.17597318244694	8.11277442874681	-0.322488686973369	12.6290682654676	3.20170341098791	17.1731358903913	-3.41696689452215	12.8188359149503	1.1980262245861	10.9160187777112	5.51745460980811	22.3639373895948	16.7620271077064	12.5933755393277	20.2104291893805	16.5599196314798	-0.413245800230827	8.43239342068717	45.9541608176104	41.8564905680159	62.3279536481928	45.6690154164202	60.7488260053785	87.9104126844335	199.395298043756	522.752825902177	902.908773598709	1183.3243213273	1149.7156308876	1151.05046312881	1059.42365880726	2178.36498921501	36366.7582985727	40822.1754794626	21354.7457475626	1530.2769761126	1608.57815293634	3348.69719423907	13858.8149792136	12012.9447655014	2687.36011533238	1988.38683663917	1958.24425092375	1594.44622123123	831.174165406277
302.315	-20.5590624696724	-18.8039066591566	-8.29317253422133	-6.56074014618149	-3.89566992941199	1.30289363885069	-12.7502570425594	-9.23909896186663	-15.3038873588398	-9.67093999050228	-3.48245546413508	-12.3979452090599	8.64355091241969	-18.3914753454347	-12.2995891155917	-8.51286819718057	-23.9140595841365	-24.317635229958	-12.6384541217619	-27.2046844997781	-2.82090296050053	-30.4657318818854	1.76360538314026	-2.99468446751277	4.05683038640715	18.5271162204367	22.5565796291928	32.9499131900837	41.0497057698366	43.3004721912534	61.5363387767779	160.437288864815	427.257398175833	809.30020402357	1099.70555989054	1096.07646791653	1105.38905668466	1032.58941655608	1643.39890410523	29117.2858684751	36827.3009274579	27057.1548937286	1319.72418854673	1206.68948135977	1948.46237772282	9651.55170299041	13420.5879559564	3498.15088888334	1925.27306930854	1623.17718462031	1402.45051540684	1446.96143046523	453.312748427385
306.837	26.4368434774664	1.44244261516317	13.493437560954	11.8583608622407	-5.65071313932571	-3.24820015369588	1.71162037124628	3.64253635419546	6.78286311348612	2.83650518370454	7.89272015663738	-15.7354393512603	-0.783598001053777	-8.78814022773913	1.48672438637258	-16.9785154901004	-1.56378582987861	9.04244381600775	18.0048590730917	11.8987860826213	-0.93769306070056	9.68677062144693	13.1903551581424	15.3585190586853	8.09115752304685	42.4548717788205	50.8054565336678	37.1108064662804	52.1352862031776	66.4901399904343	129.170942405591	381.024354013193	745.914326180417	1090.97604642393	1098.28563349297	1077.97497171294	1034.93629355328	1439.48960530203	22148.8281546101	34217.1032060737	33739.165845616	1457.46225603513	1031.18638362158	1332.09877850305	6099.70333618184	13412.3505061392	4875.54564843375	1866.72843472144	1747.52245799506	1660.40910185829	1460.40194145144	1642.60150211861	1469.18032582991
311.362	-3.23307381152789	-1.92082646525609	-8.25972067085721	5.30909951916052	1.41089313079355	1.94645730744234	-7.57045443979697	2.13996082559356	7.50010882007632	-5.38254949625031	-1.8918591339889	5.23851833525348	-3.52173507576082	12.2115268876421	-14.4772452119731	-4.42358095071927	9.76131078948779	12.7255242136343	-6.29373742837479	8.55629999051342	-5.1507947123374	13.6322919559557	-6.58684347497106	13.2086789293101	19.7982858485391	31.8009172388848	39.1211205654849	44.7855588691301	53.997901061893	107.24206515467	312.872079198031	669.83117470228	1044.49251062229	1094.29733365165	1048.05630786763	1010.42579824742	1268.27533169861	16836.52675395	31957.2464861972	34191.2998485306	1778.94049027569	901.037979162415	1036.90843295357	3687.96015340575	11717.5634110278	6552.86723733624	1853.63160744867	1611.34793604521	1468.9550466408	1411.20173427752	1482.31147217498	1468.31591104246	1106.13638201678
315.89	38.2194211432645	28.3035908911966	22.1484491842182	7.34364046317826	-5.637875710167	15.2318578194892	7.31885087129369	3.42048108279813	7.49253795653092	13.8672995930044	7.55979770953632	15.3258890216751	23.0636252130662	-3.43102504481114	17.4293250095963	12.5208276423412	15.6023318274975	15.5832834930084	5.83828543713953	6.17331214635297	37.8902928545123	9.22545652405732	17.9858649457774	38.7347243039223	40.7675179530365	55.3012728486511	62.2984405116034	66.3391408577919	109.813337284931	292.044482284851	637.206586259898	1025.10464458852	1079.7882289555	1085.36742505494	995.7665997525	1160.5376377044	11921.2926481895	30282.5810743334	31955.5126723981	2259.44700823311	877.78236796589	844.979726607561	2107.5154557904	9457.01727776733	8245.15627632678	2292.21373713722	1865.46708033461	1840.86939600627	1862.47923151763	1504.95205289563	1608.96264405954	1738.46962168162	2322.79674459619
320.422	-0.539163363185039	4.32440791207111	-0.869956945093287	-12.6676253990682	-10.235006667949	-1.94760502732986	-4.64269187634372	-2.14122264396927	-6.05204131117629	-5.66918241326599	-8.20289019466135	-2.24640308754552	-18.7936621395881	-7.2548693700695	5.5714544827589	-2.58194375573004	8.59501852259299	1.64297132417351	-1.79927100075303	-7.13445431226515	-17.335616241271	5.2801278101533	-5.71196372751993	10.6584414258452	25.4699483395709	32.6053393355494	45.3452476706059	60.2643687071854	250.466440741821	553.710622574797	950.526032960564	1082.81871196686	1040.12620943357	972.672686666948	1003.06204865869	8713.01933720658	28536.868345067	30285.1800571633	3151.64642153107	807.964441033186	788.639887342882	1210.76943808327	6715.76190019966	8980.13711396596	2848.59152736835	2092.76798625466	2147.14231204283	2000.38220070286	1931.40037362755	1784.40563716492	1307.29492114611	988.52348747678	745.388247827782
324.958	3.89444936466714	4.95806015530988	2.24421993635003	-8.43317595521497	-5.46272123618564	1.00484375810128	4.79068382682025	-4.860849291588	4.24657153578817	4.3874213315093	-0.65110524463325	12.7490558810771	-4.848183750768	1.18202020052813	6.8988623651945	17.1272997735053	0.806272374344919	2.5430148156352	-9.74728201720623	26.502748162117	9.66930376286224	-0.908073145830728	14.5084064836117	39.5934960890044	41.7172010556723	33.2393201336914	78.384399534381	206.088711564624	481.060202327452	940.184182021179	1068.71288122564	1067.68434685782	1006.44867212211	994.377113762435	5899.24282598341	27814.0631900465	29429.1467828751	4495.47259510408	792.389450486294	730.770223453552	812.573229646563	4196.86828241728	9224.7907121088	3659.96135905732	1837.24369855071	2045.26326528972	2146.17119809468	2079.6152444155	1896.39085737906	1813.62053146276	1486.31601206246	1469.22325911648	1748.06473890994
329.496	-15.2828669517582	9.07982218075368	-10.5030708319118	-6.0059574136344	-5.92830868511675	-10.9048653972624	-8.9785250660352	-6.74378594201564	-8.3868043059858	0	-11.5926383838911	-11.398694898091	-31.6505744936647	-0.801727325746182	-12.8680269581979	-15.4892155407951	4.92182396541091	-17.6796858313014	-11.8058508485499	-35.4526371076067	9.83757939690454	9.23876412344947	7.38044869648637	12.5323472506575	32.2568386128606	57.3252723531928	176.586029039466	447.334321055206	857.721704428831	1069.1990473795	1051.14752943587	1001.14604873397	953.151535502889	4331.02071528056	26779.8473435205	28278.2488006152	6334.58262109742	750.79372957275	717.911640177244	682.818347373932	2322.52806076164	8281.19276822403	4533.26662709857	1642.21468068231	1751.70665498937	2025.75096217931	2032.18802877063	1949.68987339528	1853.46867010069	1569.96935671776	1182.79619994221	590.300129746562	1470.21545992766
334.038	4.55730827440475	0	28.9538526333898	16.4064704720623	29.8317111552161	12.6896430793691	5.93802665792073	0.904940166470007	6.65017799354749	11.3807813183187	5.33349115296647	-1.58232057256922	9.51472104522192	1.6137417450578	9.02616379089831	14.419443771691	12.3835008171532	1.3019349725762	15.2084380718838	24.6242849670253	36.6325647905419	47.8848862505184	60.8151007477712	49.5500874881882	79.4508421908502	153.986478750101	429.965155773073	819.592108162944	1093.20021328015	1113.17796183128	1036.29347198597	942.319183505062	3065.68471930989	25910.6154435063	26926.2685089426	8395.77536892663	709.105905243288	688.773926696847	661.67955223771	1424.51231032751	6475.30014264326	5793.23888412298	1601.98426030342	1601.4493422384	1801.0300931054	2099.0296304333	2145.31120893407	1956.91880993051	1939.52465459076	1690.20388718226	1607.2702447819	1811.00790170723	1956.95347135805
338.584	-14.7767136220227	-13.6751482442095	-5.04364584907447	-17.2296971806245	-3.34824151119871	-8.89625288077672	-10.5604944421936	-3.83702725308614	0.510359267939815	-8.06748812220315	-12.3049374138806	-0.78931538434002	-22.6995371662419	-10.4648613571075	-4.30679448123126	-12.4417895411136	-16.8846525343011	-3.46373066184643	-9.00895307856895	-33.5914259357214	2.96328174580361	44.990317531321	4.1683937206049	31.4583448678703	131.683126425879	348.249709495643	707.992430150093	1040.4256550793	1043.86812035715	1015.58490808442	893.818740935457	2157.80716166248	25214.8427818638	25783.6864708431	11191.0772645445	664.094006921323	580.830366307205	599.108500560303	848.13317227881	4506.66230888859	6685.57773871723	1759.48463284375	1074.39057674016	1444.17051789684	1638.84520414976	1789.81777982746	1791.54970272691	1752.20393137093	1520.19847102646	1340.84560917524	1012.22342719386	793.455768919215	1666.67444423826
343.133	-39.7469640649022	-19.2288489953948	-14.6589644181285	-18.0745859437952	-16.7258498704199	-20.1691314590835	-15.6975416533624	-9.69651852621601	2.54945542816673	-3.28373928873494	-14.2872141414287	-22.080556381156	-19.3799915855789	-2.01062717880083	-21.1230504373135	-5.0498402346875	-27.5666814220789	-10.381659539405	-9.47440909553461	-1.0018092705251	14.8028167736092	17.1455121211044	25.4501488392553	96.0844295284275	301.018007615721	611.46360800367	979.178148222073	989.430132105057	989.261186254791	851.375717906527	1606.99915984944	24927.8797461817	25215.5247172755	13720.3049977715	684.084299514429	540.751430009576	548.671081406818	605.678550518732	2813.60541359061	6595.89934184486	2555.00909168715	801.706654802529	962.363081604224	1250.23900541882	1449.53199869942	1576.67120218208	1584.60194336611	1420.82484105959	1290.31128157441	1214.12465311812	976.249984404291	974.195714944419	-47.5755859033247
347.685	-33.0688635454081	-4.06485477012572	-3.21985790783506	-12.0993614965054	6.71790007962957	2.05954739121844	-0.775190457914186	-4.75501646478423	14.5917585133958	-0.899254444746763	-0.333629506373941	13.0653569615566	4.9684660503387	4.03781947979197	10.6050322789431	-8.5810873163167	6.19706851863462	11.7274788702999	8.56209410872876	32.1899556931287	45.5823058182318	38.6199924283265	103.613860328772	306.5727218612	581.002330194631	930.528230191484	963.949176805183	984.110161088779	886.411886575004	1332.19583452847	21461.0128619327	25059.8148511172	17143.4306042076	706.992608353135	543.923271782242	547.071803521475	535.534066684987	1694.81788800261	5880.48088730737	3594.03038775967	874.122527777287	760.025365164575	956.664157860739	1219.44761577589	1442.46284332237	1590.40621759218	1466.2781341238	1423.15511407288	1365.35648197965	1197.07473161248	1151.19068098416	1352.22982389542	1767.54803010987
352.24	-22.542476353562	6.18133145538177	-20.051776789875	4.81884376017869	-7.56722713486899	-8.35175066474797	-4.97721617324447	2.52505681697782	3.37381969828318	-6.38155288038033	3.04405644799302	-0.802755102481849	10.9134023734839	-0.409347967280012	-10.751219632404	-11.0719320271132	6.70132623516224	2.20169237606537	-0.964457793400924	31.1039810882725	16.073267804684	73.1158493496554	260.014644182096	544.354851322987	908.004882933349	959.35864595562	930.701849543738	886.684920248909	1107.56662582702	17661.6701487318	25427.0871137854	20726.5599742903	855.408504927323	523.479438599466	543.562366362121	545.853558391163	1019.00453666979	4548.33793730938	4658.66646544377	1090.61715700462	679.502956277317	780.711932103671	926.897705073707	1233.65470723697	1332.17961484847	1474.09489035271	1371.69209562004	1273.13994986952	1222.27208820138	1197.60796015541	1151.7705277692	738.908613344114	944.386674334339
356.799	32.1449515240361	-2.60425711979998	2.82910278514989	-1.77183477698422	13.77280329211	-2.11120593889467	-5.82731712819084	1.62476135012288	-4.46108510602573	-6.45266980840162	6.497957447718	6.08775839175088	10.6105989166569	4.55300778826262	16.5078645384526	16.3931459770483	11.4345114120288	14.6931070925197	13.1652789409928	35.5752781883063	72.6278703811076	231.331428503574	497.723436494837	876.23730547855	970.713248884194	927.040639421374	870.49319341459	974.874478717673	13680.2991118172	25965.2290903319	24624.2722838747	1078.90526498977	497.278930873151	524.215448404344	539.466281579761	706.702641498734	3105.87834516372	5173.24910443366	1675.88059837508	672.536745672129	737.735373128946	776.335719477882	948.65678402375	1158.80380173856	1157.82506881859	1229.5263716676	1247.09004431175	1189.83050916204	1072.18351955681	1204.49584988713	1010.01230179537	1160.03799504984	1273.21473736569
361.361	-4.70819271875339	-3.14687335273453	-0.949602020972132	-13.8273540405877	0.770484663270273	-5.31477356563203	-6.66806984165439	-11.4525389693253	-8.45581989593631	-12.9952188154226	-16.8746005357927	-15.9384070731757	-10.6844964006299	-12.9205666466396	-8.51413423732214	3.62355716908207	6.3967483511539	12.5537042843769	10.8019743221272	42.5723109078059	175.929988221323	425.540384504499	793.750400398243	897.697038599616	915.250842583532	836.588272273686	889.247184740863	10929.0237408342	26416.7017790095	26138.9777435712	1408.60159231976	446.230080674865	482.335663689433	506.905688157374	597.012288554138	1948.51792517367	5005.90209363151	2432.01553499469	740.320389917825	671.269653690373	733.946095760584	802.533531370323	886.975774075935	1047.62521176315	1099.62152731316	1082.3940567239	1120.90691952138	1025.39913990253	910.157181641543	907.224642265252	1224.60704561355	811.742374950281	616.385594972311
365.926	11.2161000803829	16.8345698260409	-0.476250741721743	13.8695737212891	20.4801862948632	10.3066027111162	2.40783471308989	1.17219464495729	6.0961776218103	3.1035470714982	8.98120892419697	19.2664720195387	21.4342397060785	15.8864731781385	17.8936074439602	26.2500415581555	20.9598474446599	13.9411816880891	53.1897863325395	204.137818918793	412.44069527053	775.152468454181	939.533420253294	922.377149872008	859.616298849946	855.056697903652	8931.92948644632	26522.4117157371	26496.0934458422	1899.02151045597	465.026884281326	470.407766505384	530.804533423407	576.247238852507	1190.09015387772	4262.06675684167	3348.28819784486	969.643557805355	741.46501943494	744.948981181371	811.660653810027	859.900809600733	975.88177645096	1067.65842097404	1068.70569073232	1093.19517456079	1106.29206431428	1150.71356989743	1152.81485122504	1285.08213807086	1217.93647976733	1499.35800684043	1681.68796114664
370.495	4.68421022375801	-2.08722924942258	-8.97526709888131	-7.54411772078882	-6.51575986721869	-8.46032205060088	0.265364166599197	-11.8592717425567	13.9336135684213	-7.08017983020256	-4.79675572671736	-0.813190786864146	-6.80324603722346	-6.63471077711297	5.64717674392794	0	0.424277648419568	28.994082195767	83.5331226188922	303.719618116911	687.923695465745	876.372088684963	859.850389230305	855.158479820181	776.678645431326	7153.06239514867	26415.258705937	26329.6426625683	2616.52084731839	390.238841247373	440.694981990347	485.102317853262	524.828366489975	815.429586959002	3165.3404038011	4028.03209248316	1257.57773319535	728.405382952114	753.150774279356	788.63180119946	813.315431363299	846.021376864279	942.000709787895	968.467370780718	983.794147313114	1016.15889040264	1085.37915822362	962.293657634539	981.751129454503	1190.5307023383	1347.43369794892	1309.90003175877	1177.43205645605
375.067	8.1691261221668	10.920200953788	12.2396304000933	-3.98018464126426	18.3340563227289	0	2.90894920335114	2.31733605759819	-5.50184513378316	0.920320046611979	1.02433496320498	5.26752955539219	15.2545664925529	19.0090765460016	18.491083136272	12.7739704617729	37.2078006819639	104.463613922885	258.985478241055	604.316971135759	831.588739971643	854.304747033088	833.111984979078	789.461391016852	5941.31385176186	26672.3678025458	26314.6050275616	3395.67556954467	378.825605702676	387.241269909558	473.589787784353	521.15423344898	630.859434773167	2208.83416405404	4343.57382682251	1833.71237099467	849.941467912842	847.13980864156	847.615410479265	847.277504085962	856.665855249436	876.088810616208	968.424234072069	1041.32531920742	1051.24028288207	1046.00161222343	1045.98132938029	1050.91047446463	1095.7730300204	1296.04478538932	1301.63312714898	1491.87100868785	1711.17266127504
379.641	23.6083921232151	25.0467219189383	12.2441396398423	11.5025473139398	4.4153803846656	10.4907871650822	9.93522286470775	12.0545869312835	5.30002497113704	18.3222527965453	19.0773606310507	14.8325827348005	25.3080458809948	29.4580816555606	19.3617263613114	26.9180455301792	85.5342746335478	212.825237526323	490.529374507707	728.430369157313	784.476335478682	800.947729025515	726.052626819737	4933.70773315836	26433.9833402976	25685.3642757356	4129.46280079533	374.957841138247	376.999855921646	439.123936834227	485.42167041835	551.806331916154	1421.60481677955	3943.06562436254	2558.9471971353	914.607407883281	846.751552891323	844.760476057682	883.459773984972	893.497479217755	899.543586420845	936.621111903975	948.289792038572	1013.25121929883	1056.19192932456	1017.14908422736	1013.33743122401	1113.07582291227	1157.58718802396	1357.20342522946	1362.91985953169	1966.6205618285	2142.92385525274
384.219	22.3129429696688	28.3358007432546	5.40039467461142	-2.1138784582481	-4.01660669290033	-0.671670265290527	9.8595560008867	9.30438362519922	7.01287982774214	14.0769368813853	21.8698015991728	19.7552760867838	20.2542736109587	35.5545344109471	24.2099764841963	49.9915409259137	146.321854585439	377.788073576917	657.590062179041	718.945895156943	719.362760365772	725.196092381997	4057.65820359289	27694.9073931478	26262.359242207	5310.8375047392	364.089584683369	330.93510619322	390.898523183469	475.683218499744	493.082425455217	938.805306657648	3212.90974638227	3247.68537856144	1130.05257972965	867.598720965852	874.667994967361	931.252136890046	939.995161895334	952.122825402604	968.242122763647	956.419940981428	1007.24777606234	1028.13996011645	1012.81711987687	1027.11127067413	1102.20478793109	1102.87537154391	1267.60935717724	1402.34429235691	1514.84461358269	2139.30069440715	1846.17209789176
388.801	11.3239078481609	13.4554687909147	9.5707749184018	8.58241421436992	0.352977310847611	5.5189341975945	-2.44384084299478	2.99810280870066	4.35803825687102	14.458301261567	11.0437928649637	20.2202655527928	31.3268568695277	27.4957234198664	49.035196165381	118.416011207244	296.176092998285	511.852339408574	638.824540915717	673.104664333803	641.032894489872	2919.41149945389	27593.2631513833	26774.0868814685	6218.30857707686	324.917273074743	282.960252769196	366.656073820051	391.380749462626	482.745890074509	656.860944274412	2291.34325890579	3588.40531740898	1474.093173862	851.26804545456	867.071651076858	887.385452798873	967.347450232784	969.315049090779	956.924828282719	926.042449178274	948.676215898698	961.729214501907	1011.68206942955	999.935794433505	1023.69563846313	1043.50451370229	1141.08291721317	1246.63907857737	1331.77526772186	1820.94283498435	1941.024093262	2620.49447628124
393.385	7.73968566141578	-11.4957111388874	-29.1391912459115	-27.7653758634306	3.03979524554346	-1.55321412286285	-0.701534777363981	1.02457445040581	2.31672009174612	12.2071600646333	-0.30192928600523	-1.43320435191194	2.62288897545087	10.2316509838864	95.2629029606433	215.675909262862	400.054908819299	502.35708983675	574.254105233058	547.579044194297	2424.40750568971	26434.3428606543	26396.565154911	7434.25737271918	336.603368025222	243.987186343976	292.640620973687	349.734792754144	408.480815369005	510.897425663741	1471.89156110433	3419.14020903526	1885.90563823104	856.589473443344	793.90055593305	855.194766503737	904.853495852831	930.713557068447	947.019017254335	943.309395440265	919.090915374769	944.22057879155	955.23469417962	972.69954128453	971.337853278107	1004.6649914153	1076.01833907831	1064.77568852359	1198.98416463221	1274.34194227259	1483.09909572438	1371.28988204819	1188.89357677348
397.972	16.4822536132843	1.33532714431529	17.7297543821235	11.3563051002169	0.326943276649308	8.72026962489239	8.82801670880192	4.16546414975353	13.0068504709415	2.88845362697467	11.1060449146562	22.8908885721667	36.6331133987312	81.0016297961654	193.028958673164	336.221990331843	427.059534397777	477.144374020333	508.785272795265	1637.29707599947	25587.3759127584	25579.6031145343	8754.76689370168	353.475248359601	252.423445240113	263.834094498389	334.614000120374	385.061912300386	444.383837398912	991.56281004326	2888.1245609259	2432.25464286365	905.312789829854	797.585553912838	845.82647390652	887.973793197794	927.733751599746	977.861438588323	954.467653226294	957.557044940638	953.527347232425	947.520415725038	967.634048403901	973.797850601078	1002.63478840072	1051.78533548313	1094.98838347338	1120.18273220258	1200.013229673	1435.00160433842	1558.92930458088	2125.51069576689	2176.12690956471
402.562	3.84162058525364	5.13534350575691	-10.4600952017035	-10.9183970186753	5.97238563470222	-5.20386774849774	1.95867725116842	7.43756105258955	7.33069079267721	-1.00984457343804	1.12397758560564	27.6769760896982	64.1641004371946	131.950740213414	292.107118427048	330.812809185015	365.705053221737	425.08935482402	1106.93363290017	19832.9112562995	26145.9445235027	10261.3214004173	367.070122008558	217.197004920004	244.130093639435	286.198955816482	337.934644778318	400.835379894028	645.51233358436	2200.16936526517	2787.20780779564	1084.53484319443	763.224152114823	797.894146189242	848.031536728174	894.715062989358	922.758756847609	950.906323976297	921.293340387329	934.228734416856	928.725349876837	912.679711863222	921.556512523303	952.824566811062	976.645131107832	1006.14611734186	1031.97847154611	1117.04086049089	1273.09216338707	1406.19886472055	1477.64604690774	1542.75858277209	1629.51262410379
407.156	-2.38104013921634	17.399803321723	6.14701234422338	-2.16551455661461	2.80549164834453	-1.43349433030759	4.74804996155287	8.8886544705888	3.42104034985881	18.0259960135366	11.4249351999369	36.0445222556909	126.914890883043	264.404229177039	310.345035766497	314.703956252519	343.684394867433	779.619595358825	16243.3996543938	26295.3252103225	11466.1885240079	434.102913792862	226.637240903129	224.804170576928	286.734135599309	329.617739019804	364.220078164298	488.602145702262	1526.04830403332	2884.08528132255	1459.74626656771	768.653946946365	759.921760407405	834.523349846275	866.156180063991	882.714506384047	919.101635233971	934.892708102265	952.785153979192	938.014032247883	936.478774336514	937.051684341602	920.099078461565	965.626263751962	977.736978626741	1036.07502549293	1042.79483530844	1065.08649766676	1157.29349880462	1436.59961462547	1578.71982878754	1954.45942940767	1376.55646598142
411.752	0.936718664825107	2.08695436616684	1.8892810688424	-0.709941099102664	1.8395016724919	0.563947189719374	-0.636790125008022	7.44013170443787	5.25727492218888	14.5278468114281	33.709900150152	93.9924747399198	220.736259624971	293.547287297666	304.584729971501	300.545604298214	541.985735953684	12182.6900334518	24415.8117517665	13863.491066866	507.938287391314	240.038905272525	208.397994811914	269.985243125677	291.841697700837	332.375033063391	402.657600173076	1043.65079147199	2613.91334683906	1885.50516701834	771.772318173977	734.263436516085	772.698629130849	849.024450417135	880.535943061879	911.873060172602	937.945444224191	963.948235847371	941.950786275815	950.495841452711	937.282849492335	917.746809972079	943.403192860437	987.671473938476	1001.99885572914	1048.73611549267	1069.73284178484	1189.3251323294	1347.01612760846	1560.42493273624	1746.78740608263	1583.49011556646	2825.46477931799
416.352	21.2046613754098	-2.87564532322582	25.2888926384626	24.4559588184733	7.84542754825675	10.5459660581122	19.4290848667229	12.0825582941725	16.3509165694358	27.6279348336686	80.1130258930435	198.463781719308	276.505236943043	280.755054291944	295.969102942394	440.868474955891	8704.65741728399	21994.7691588618	15344.4644772157	706.354077699635	235.942399188773	225.34252044449	239.671229280224	297.802875454359	315.235768381336	379.190728581925	708.114642378323	2152.13854036545	2281.98596040061	912.862057241636	720.112673848952	760.579746384056	829.318737595195	852.383799067434	888.929539097631	922.122182661781	955.438052405638	934.704734486373	956.716483528225	975.12178782332	934.484051565859	917.925639447499	989.821285070456	1023.98178952988	1014.57765171158	1037.07019367024	1138.54172705583	1281.63872040255	1385.78089604715	1602.02963546274	1930.57921342838	1767.86247635449	3031.94549514688
420.954	9.93631368639554	-8.85501015838014	1.09312860151947	1.02692094577913	-5.61727870314262	-0.815742576627969	1.02345441561997	2.51114680143176	14.600798608373	55.5633640599996	140.600680113543	225.500529739466	261.403102781488	270.280643405332	330.433509942825	6589.93466159186	20527.0373880154	15978.4662793701	864.018184414179	182.879247786622	173.477066177635	206.042701799133	251.020217954959	277.496143606156	327.488631042897	506.114997303285	1556.74244651574	2411.52127917354	1130.85491959112	689.997055137307	689.697740903003	768.052898997331	806.451159806084	845.982932276359	873.003353768523	898.074404366306	921.636298581235	925.109812729631	918.591221599988	914.760140220132	905.802735937113	917.449346228329	918.579799918323	947.69107853329	995.653342625769	1099.263559192	1169.57283764366	1227.82051470719	1348.85287251891	1624.53843889423	1764.11480787481	1830.87956073507	1286.64801130775
425.56	15.9514892340362	25.6670443562961	25.0232759109804	1.679120575127	11.0217889142538	13.8717527970887	8.43420032003334	26.3955944564277	57.2971108415844	118.340257100594	193.164886607099	240.922055419247	257.417770992175	307.838804727571	4982.59593103393	19011.3244786869	15873.1598548144	1127.78114228424	194.816422941587	178.243091224406	213.702156216978	247.703487517088	284.903282153093	347.57115491429	413.319842894772	1074.7384532616	2254.73854671261	1455.95658235618	720.912646010886	682.578296136785	729.83329418961	772.188926076074	823.933757923455	857.980712036358	878.224560578909	880.712580342242	910.164662837558	918.701107443506	917.945073136462	903.708366267119	905.451138884595	928.772012581028	971.082499416641	984.942326214889	1010.31827377053	1099.0759991415	1191.42404438021	1338.7121024759	1482.38385205329	1696.5956901604	1730.70467573806	2049.61150029173	2877.25703169501
430.168	7.38958820479174	-2.3242687148514	-8.76715560775295	15.8134160744713	16.5032343929942	7.58924506271428	15.563035004593	39.7045799544229	96.8042654766196	153.342979700321	195.600892558683	218.839334744301	286.935975901024	3772.59560081353	18846.3567263346	16174.643152815	1332.97111184713	165.904688847258	168.994841476236	159.519498293549	220.597887806762	250.448729257856	295.787288641385	327.90875420323	742.166739873014	1920.52854720896	1744.78640442203	741.248645118263	647.482254163932	689.010559113585	723.602068050014	756.912664877387	819.717843782199	842.317902076819	843.158745237043	871.960342023469	857.662624418564	863.879420849186	879.970662908628	890.940569085034	899.558227132099	873.25428666849	918.070452741137	921.871706153406	979.658967203274	1069.92271739791	1234.09869001027	1357.60075891606	1486.81352264762	1573.10969100883	1946.95330071612	1988.75067980375	2294.51070768666
434.779	9.10596911552546	18.1622021987552	16.4419046908153	7.88735275293975	14.759783263535	23.2341157023532	44.4131119360856	75.0818251652515	147.771320978225	165.505930705123	196.390743966727	250.2211209524	2926.88781360128	19330.252965573	17737.0783146445	1647.2628933897	180.352652123273	162.855869643078	179.072250873064	203.501511355068	237.014387810435	284.869251219974	305.664287520703	536.94766295651	1543.12729468694	1945.20908930837	880.231920212064	635.043403552253	662.657673476332	714.042915869072	762.930319229637	796.499698012391	809.389233313338	855.069158063829	869.262231155718	852.878915619264	858.490607068492	877.687327043559	861.014255002109	857.190423178149	886.550287569777	900.732519226281	944.08919908565	975.585909593811	1077.19926227269	1134.29685291566	1266.40904606161	1346.24015545893	1558.44451256262	1672.27882793911	1827.49114504464	2173.51811126432	2052.73812927729
439.393	-9.90684392557021	-6.52559590241837	0.347500053081121	4.24388866482884	1.4097666994775	28.2659278359695	73.2039709082988	121.794852143842	140.599377356995	159.649169588995	208.442450890545	2073.39526497994	19285.5769186661	19225.4255592498	2135.58047618924	158.237762951395	138.577977168139	128.302128399719	163.147173199293	210.506920597229	248.163668296489	280.864648727183	406.127650716096	1116.47693311107	1924.95634908053	1103.12079807018	610.26667114324	617.547279973185	666.264579754354	703.190336897554	742.128265407514	765.472280259027	810.433247492366	830.594985710882	832.244701057633	823.155200748774	829.15062439443	841.371236315133	855.285183336868	860.633200237537	863.383630019008	853.146984107112	882.21279011705	946.467204019015	1017.74263928133	1122.19134832017	1207.53162025146	1330.62931014255	1522.58512849446	1682.57057384086	1769.75809779421	1449.03075005143	1407.5061960512
444.01	3.40693305120963	10.6266264384756	7.55864038369744	5.80977431429985	22.8589997656397	57.6879881583564	114.645217982233	135.978772062818	142.070506147312	176.205072564839	1333.71456387182	15986.3622443261	19490.7872036324	2812.40638539388	170.160424398465	134.016974077158	129.606464949558	152.482880983967	186.530189412153	243.818939338306	259.053127103653	331.562039624219	818.697130548647	1757.15878328036	1345.34048815207	623.98757417272	577.352224850572	619.725227147538	693.793687289515	704.898853446214	737.332902433605	775.379258535506	776.15320699634	815.021455000081	821.234982094404	814.19620564875	804.689561768647	826.145563410621	829.121627653984	819.045060225006	845.786354163769	833.479677941341	925.547883355798	963.899959537945	1002.49957740179	1160.88942112828	1202.5658493011	1368.22194626048	1466.74273251212	1668.26960834074	1685.93357599197	1905.44040459362	1784.11087331761
448.63	7.94248554038348	-1.11760376654697	0	22.1775729532228	49.2544070698199	104.694875640308	113.481623746418	126.834570997812	147.713118072934	985.458858166067	13513.7800902635	18301.0679215116	3585.71752870334	169.930113180446	141.109374250781	147.564162494729	152.664173473393	157.318355989117	204.021019471643	245.967538072511	296.785087407736	547.887242752886	1454.62960373536	1546.9704055171	679.562257992889	553.715867683932	588.357186120181	634.971645338155	685.208573011559	725.376356259502	717.006723712858	749.646738640717	771.073925021497	764.465760353874	762.540615161195	778.866631423778	795.518053330685	782.480688828638	799.633078132354	803.964763675051	775.409627351445	842.746535028756	892.156802006066	924.820234928742	1014.19524584205	1113.85828656156	1311.34585438509	1439.88331669564	1510.65187631384	1582.12135982698	1747.03529888265	2144.58267043625	2048.97623484124
453.253	-0.413234974112027	33.8804108679097	19.3362590018267	42.9072600700269	100.625898004274	118.17345780569	123.230681842289	149.833630345658	700.786226081107	10429.4799498127	15239.9345414091	4673.34200353738	171.349555907845	129.352540462786	128.105135075307	143.894176146822	181.157453803239	189.829630108008	227.884478452483	265.750278069612	405.422828731248	1104.80028952809	1633.27955004288	829.973274243945	526.45055843835	545.563770972102	571.515063266565	627.694858453564	657.538228650614	698.917432217209	723.586489715433	748.024949599639	742.263552441042	754.803889442593	761.917350939943	755.108897681307	771.405720790538	752.78772644225	762.349808028242	801.436917658635	792.044350153179	814.110573291446	866.847686934493	937.170357033635	975.672488278802	1118.58500584167	1274.22148021795	1401.68043525969	1574.85395767281	1694.13247141711	1719.72726188832	1702.9554088685	2008.18300654892
457.878	13.914692004256	19.6948288357814	50.8467023189439	98.0155334830322	118.141649071341	111.861283084157	138.922434538811	540.415484410041	8706.80336463853	13567.8746318375	4709.35910261779	206.322867384445	130.469502126919	132.164599986628	137.021243377419	175.545857468249	193.647379579952	221.361784910225	255.053623590721	322.400174443446	808.727717353747	1585.4652510115	1051.90879124078	539.789021740801	486.090349541981	532.85554768987	606.314864329537	625.462355016433	668.489814794676	699.723445373989	722.077975944031	720.115500680551	735.697589613133	735.041730751314	748.088640646209	743.267492730156	747.399149008162	745.172071781804	760.810419569489	749.026056785103	763.576272379722	804.343211558396	867.037189310125	888.833101433983	979.957584095706	1119.07339942472	1291.1291759692	1393.23981142631	1561.30317823147	1736.60997529403	1775.33489745298	2037.63556830192	2297.45866663698
462.506	18.2633367919412	36.5302595670714	77.6002910954876	95.354776519203	113.174079704593	125.591427289366	498.462845129832	7493.38343213713	11486.4012449035	5482.16992693087	225.375655570046	114.98570189207	116.711218748185	133.364799723646	164.679622596174	181.582389285512	190.272339148029	232.81567057159	278.665795338851	530.955218506289	1337.7274646076	1270.87322147692	550.685405691597	465.980293988001	507.306416008054	548.236065902218	582.892733004467	615.607796881337	674.550243457776	679.818906452591	692.706882132513	685.036593242556	721.789803358244	714.473825014222	714.889920330714	687.234630585576	706.247521807512	711.34936808432	716.89297824236	737.051130810469	761.183347579509	774.235377886158	839.190341623219	903.3702273233	994.656678390327	1076.2670965714	1204.95234860737	1392.93635557662	1452.24867905893	1607.8042056421	1900.12705493042	1856.84921876491	1615.24887441025
467.137	28.8488645920281	77.1282984060491	90.8343136383989	110.537784828197	136.385855055959	403.089923339948	7973.43874603714	10012.9237017904	5924.19657913735	267.739125920871	110.899744592784	102.390605388116	108.531264919154	157.48704503857	162.580508543749	194.343861563167	238.365363160277	257.625171512395	398.129359932186	994.648083899081	1333.21067334407	673.933486217387	447.340800820126	459.090107625411	492.127084336173	536.576927392197	572.582607232833	614.076747611885	644.728709360866	661.22098646654	662.778549637236	673.207520523614	676.988409831644	656.730739829101	668.854288463747	677.196357061332	659.711659932292	690.439781952111	705.861586462789	714.691274512726	723.262290620308	751.155195677076	808.120682970985	883.43587773638	967.174444101806	1122.75653631013	1235.50378403057	1387.55894629925	1476.4175328896	1689.14587620473	1646.27601898277	1839.92024014911	2635.38523742121
471.771	50.4995833931808	70.5181517221254	84.6906354443907	102.465139590598	285.535729776159	7080.31818075707	11340.4631522184	6691.20740575499	297.440822209126	96.372929710584	79.1108713180117	89.1872267748713	115.503160984674	153.474490050991	163.536748829019	181.714214311827	235.113732213895	285.051490534339	685.378705543398	1278.93910647767	804.077008720282	428.352021702187	412.509726275063	448.999236290742	480.934112702216	515.696679495659	531.931844398747	582.630245801605	600.267911478469	602.687698370798	621.449959107095	615.003051865049	621.25169328844	622.261131140928	627.730707263444	613.060529616693	623.826940097496	652.430197370364	648.262029979879	643.32099851788	675.976525510788	715.948763125882	751.695164093507	876.127148528707	894.765213194651	1035.11967606644	1122.84375640598	1202.58661746678	1342.83894427973	1535.70444252519	1668.82782970854	1270.80172707683	2632.02123566691
476.407	80.3584958720914	82.1969025900234	101.237733499753	291.318547399787	5162.76137987376	15003.5922311921	6618.74455322799	346.174066457219	92.7785895039928	88.4493718818849	88.0222638961432	109.129541686718	149.194537726653	171.850918680076	169.076949946105	220.709859233177	238.07709575831	470.144646174453	1101.40695575321	995.593624772076	459.234189777917	407.374333771202	427.115626870291	448.554555928911	480.56235913009	500.986286458591	534.957343260728	574.349739285897	591.347389667764	589.055605286043	594.766451962255	593.334731058406	623.254344905727	599.334945761687	607.279608022866	601.791549787684	590.968395677413	608.738215165268	628.524851370427	645.244734271155	673.379685146262	703.887239109937	698.785854948037	833.586054209697	920.011066143565	993.623440579273	1171.23919437875	1253.45638547351	1407.10543685016	1504.77161354683	1734.65317916187	1637.98903200608	8490.90437403647
481.047	82.3540369451436	102.53809115464	255.588933455597	5617.16857887419	16183.5444642712	7446.14542007729	395.377644997532	84.3468417700931	78.3761334461107	73.1279457933927	88.3101367195187	117.384826462431	131.341235221381	161.016373983798	177.259182521865	214.036318817959	340.915459787051	834.813020514443	1083.20396507034	554.084564945731	372.892521243314	394.25017280876	402.356843709608	441.511253397405	468.016241909749	488.639331116415	522.022815737731	543.764096887372	567.762697285848	596.120880771171	569.352073461781	569.568617791437	566.337841219001	576.823098230266	565.80103438658	561.630373646399	557.33110610445	585.123637955034	577.600839317397	605.627887526175	649.370293765626	664.00083250949	726.916833853583	817.341702051036	894.992346291925	984.89488624252	1122.72243527905	1231.88089461071	1310.48565165392	1621.96422157154	1667.63250077029	2120.94157916933	24778.072914663
485.688	86.4421161598554	200.854309216908	4559.75338698657	16804.3623872166	9120.64892523915	565.57147217241	81.572167988536	61.9184141598219	69.6490708614378	84.2514474319786	104.86010893871	101.140175937019	141.025023947335	176.945942219179	186.807783039896	257.067152822333	583.179519241285	1044.6257040947	655.64499566569	364.218572819475	346.776466959215	369.154960288018	385.675608421428	432.279230000674	452.834854669272	482.285934552453	486.8824290455	537.907286640854	546.979565694362	544.304225940497	539.288352641058	525.887396168908	547.94799431864	532.767530567379	544.110563591559	553.461701249179	564.947101770044	541.228897074951	576.724200894053	579.524181165755	605.148988586278	641.43218120122	695.741079347337	783.19469757975	837.496605513594	984.074422230688	1034.19005691123	1164.48593502086	1325.18625988815	1515.69727702566	1667.00650739092	7362.96850036805	37139.7738429985
490.333	176.684496368037	4490.52113448514	16642.4509383412	8892.55351250693	687.208857965936	87.810519957598	67.7140214200972	65.9297856830908	72.2315327202039	89.357176433201	104.776116687597	127.357628516468	148.399099949094	178.314218480745	207.492711077706	411.290328910071	901.059356091154	803.389892390089	380.221300046469	331.604614276809	352.072392764019	356.447861239299	392.981825155676	410.695179590307	454.063744208408	469.71576779776	489.839410906627	514.590170884566	517.191745650016	517.353469573046	528.390247473613	512.738313341159	529.893303491892	523.173135784626	518.302918213404	522.712485334158	531.382634153329	523.934679259901	546.528302148092	573.943352256246	611.138282683809	638.144099428165	703.417632978668	760.564329304374	858.840170943435	932.754096975782	1060.80421955438	1174.66922879577	1339.52299231035	1568.05667125185	1965.57912054005	20544.2135260844	29044.8231459705
494.979	3502.14562275946	16213.299373435	10062.5171852567	730.729132779265	86.6498901769845	47.8166087120165	51.3962265667182	58.5333980275565	67.4184167460522	78.7340738140864	101.968308971523	113.872173771935	129.987459917583	159.788375631095	271.941753454572	674.724369295972	836.065042482726	423.241641783375	304.937895929357	300.127458834733	325.17759664715	326.344861713094	374.180623376116	390.255659639758	419.253823568293	439.049567093141	451.907109444223	474.224406931264	496.098043221033	470.452351874573	486.053956277511	461.485037470043	484.224250608825	486.819228393077	495.455384646704	485.042170569054	482.528138426826	474.223159630048	496.686668424629	516.225715878698	540.303029588191	600.251902003568	631.072447834959	690.933714180541	775.144716108891	839.631149602364	985.00821135313	1112.0426107631	1279.86068113275	1349.23723146257	5382.7280844154	30467.5955100672	8806.70220531006
499.629	15506.0665094948	10031.5088531231	834.026404048644	68.5461085405907	65.637459369156	53.5031714100296	57.9190022232601	66.6823892786985	83.1580376362017	85.5878716346144	116.660265209617	120.692464718309	137.638099087992	210.811027752695	498.444261887719	832.051307654305	546.789996850236	290.278733251486	298.537871013444	309.772179213914	325.650621230261	350.755751461378	376.531578697322	383.698678869738	403.951785214053	426.892328596832	446.605897299663	456.991700686187	444.998110965615	462.600327027243	464.646712826429	460.075615172095	463.427896349196	461.021055782453	457.706917195925	457.912086827561	473.218822937557	482.136245942043	488.702980326285	516.902754307448	532.995730234484	585.301020014403	635.188767774912	683.451012329779	787.296930220412	868.847789379955	976.225499100671	1104.21923318797	1205.39373901716	1425.25329443865	15716.2181763114	25101.1561253273	1960.36532757998
504.281	11359.4240298922	1004.67793923215	82.2502518814584	63.5452116262175	64.1592365880811	68.2514422269494	71.3585407955847	69.0961430148519	77.9417537051397	94.5749987533922	101.808849117439	132.84414404832	167.222900658704	326.996961237894	722.948201175251	624.750239095074	305.765604479939	271.686399556474	269.618355107855	288.909975220658	301.358313962578	327.346032636195	353.182451047881	367.909395982453	392.857708158768	394.637884687234	415.942176425381	424.183291803879	458.136714893866	440.495674942469	431.962444036767	437.315737324099	429.771013953639	431.455484308771	441.826647146841	440.175152732926	448.79301930082	448.084728930377	479.535110472396	488.380500235446	510.941874497406	549.286361710306	579.393613690931	666.43253347361	740.324735036108	851.417076239281	988.258833992757	1127.24785334291	1231.48565840545	4038.76307075508	24888.0179455046	9481.41642673773	1418.19764922436
508.936	1299.37711798245	76.4305030229489	54.0259401924211	68.5620757204215	58.447163362751	71.6740061037107	70.2829376754948	83.0503646668095	81.2348363555863	89.7667256403549	120.077958666599	141.137445928885	233.196747770419	567.717521284973	696.851426044017	347.477887678095	241.202342381179	269.697475853232	272.810777781676	310.921297043435	291.986859773785	315.761075691378	335.415604844183	348.682815323012	365.590856385395	394.327562563828	381.719253022015	412.18887707389	417.105808621369	430.194753938315	426.999354029105	412.784371392976	423.671556516509	410.742586780103	416.194123431327	421.364758805922	420.714904936628	430.005304749846	447.098464380864	472.018215437233	496.442885503573	533.097996457969	558.044297451515	642.445073141317	719.995190960774	815.558858717907	983.194534636699	1092.43645349688	1257.61968521277	12201.3340639548	21570.0347747162	2252.8125663619	1985.14589856684
513.593	95.7765086728405	75.2917512289475	53.7115141152788	60.1959408350799	59.1264273281527	67.2721107108618	76.9318667747714	80.4023406662997	96.3201155613003	100.911549713324	111.860965402109	178.436581108409	426.07588132438	692.075122830455	425.118608207147	255.429389623353	258.700335968994	247.069146233502	269.923771705809	282.665534629438	320.060601955758	314.876583467022	338.857312586951	343.882747727643	374.848743397229	360.545187911994	369.422521866127	379.941420122214	397.957391790466	395.979601137863	389.525315825432	378.919383462447	387.442941537068	394.485675939785	395.538891793019	407.733174361975	414.980707661894	435.522747415001	441.18474652218	448.799553603074	465.290305192628	511.197999200302	582.2064228168	584.944928748861	708.955076677185	816.580354298541	1007.21297203591	1054.80720699706	2995.19150189475	20384.278167618	9368.0227495512	1755.08764782713	2756.50526818526
518.252	37.9657093829803	38.6676016728065	46.881780002791	51.3826663141431	46.1537071038164	45.2476924725678	70.4053566630805	67.2339046823189	76.3609750165481	87.3761283927165	115.613565727984	266.058904297981	583.196017287103	487.538024792017	231.922120842946	202.217317538294	200.712882286675	221.938630776063	237.23442993617	256.316069735085	245.756769829928	275.376207011663	277.508335986894	308.174531576342	317.506591834273	326.8618700509	335.566063376044	342.250553679378	331.650836290263	356.974520743199	354.682665920729	340.561779924975	333.752007121165	336.212874719893	346.465630679601	345.457538749561	372.056046714545	370.562276898185	377.486582600324	396.041110161707	426.045597728064	450.269965798707	483.35594081973	580.300564005963	622.286949590634	760.877598031028	893.711505282629	1022.05181660333	9257.40162926143	18217.6529459317	2001.62891346931	957.906012302468	957.55930876789
522.914	47.373036222744	52.1715172436266	60.5909986408824	62.1754385121886	74.373442365942	66.0845948450059	75.7550737566744	78.7725295434791	84.7351671354761	95.5736493739027	177.367488960171	445.036359317194	567.489669347841	277.943111662504	199.791974597682	196.822649862891	211.54320358086	216.830397392933	228.782245302941	242.590309787936	273.776772419845	280.057126421295	297.233532408694	290.236701707255	318.832308175302	315.415243683468	334.440285923739	331.424611426307	340.468972649915	348.619312455373	333.956573103592	335.328579529843	332.080009470149	338.731861749296	345.318496464781	340.678779498192	349.73495583805	353.914193326996	388.389910489295	389.448270225332	400.192838534976	439.481167220323	497.610393788058	568.824397364446	612.560532622332	779.265374256838	904.19216163847	2216.60630519945	16145.8907428528	8854.62585540515	1151.18815815256	1334.54570004842	3259.31027636475
527.579	32.3492734852414	28.8289152666579	41.6329738800868	68.2989846663561	50.9221079549602	60.0501743116085	64.0541388227609	71.576845155092	84.7271946507866	117.026211483062	308.279410073323	528.163528912361	323.849781908606	183.550652230022	167.406207877202	192.588781859387	185.292178449911	203.901146867515	215.266407722958	232.035843660234	244.301026772915	249.230534112179	266.763180133899	247.27180280831	271.73276618956	280.311549480537	300.082086294315	306.835547594004	302.947527020496	308.763639631899	325.002455731828	311.211932089027	316.171742465426	313.507430108551	303.688787480042	318.223632247581	323.051894046943	321.803971380684	341.037587470131	367.993988624119	368.860463017176	430.369852441332	462.919895279167	490.160269135306	613.180446042947	765.336129778772	822.717838973011	7006.10110396648	15352.8021128698	2112.90944490324	1011.86369962435	1237.25362174024	3081.53312335365
532.245	41.6169232083464	37.4314354180787	35.4403869629987	44.6838709712321	52.4661633362813	55.6783963458606	55.186033878468	66.5697497603109	88.5844873316193	207.248744929598	447.138539808328	414.489654011519	174.3347905684	158.5542794794	145.738908353213	157.379770826412	168.370998806518	175.842016110298	204.786753594281	210.419503286244	220.672804744806	225.165605223138	251.536170433438	239.802809253579	249.936372348793	261.388305270284	265.915093932425	284.103921189059	278.029718207107	281.92982027165	279.475321586535	277.009715551362	272.536778067246	294.089881667483	306.490909766237	283.376976548246	311.538973424628	303.706016846778	311.379301028623	339.381401642982	340.691241598587	379.352433558902	404.921591498399	463.850031023217	627.786066796966	726.650029981687	1550.26880639063	13134.9611846713	7994.94486924223	975.12004062116	778.040496649814	1575.04370138319	3454.68309302212
536.915	61.0070834603444	51.9440299361118	45.7699941514218	60.0791698316594	52.9070691893287	65.0361268879004	67.0967483092485	78.5488528949531	143.414786256478	347.70443369308	463.629448210413	228.009731511358	133.754609166792	165.115363019726	154.994443358673	169.867319192546	175.135730463542	194.7852750905	185.111301613384	206.703129300834	243.12537809687	216.275737190708	249.849985778288	243.968880789659	253.202231208131	248.579542979556	258.373451358053	268.672714863943	288.432265476784	266.685170915225	273.366480793668	272.784225950071	265.435998474982	282.721774706173	289.401341110069	284.51863718116	283.98746089056	303.12606106856	327.216900114513	343.019275234454	366.289492187027	396.267893547176	453.412329878141	512.073303567556	663.826083800471	695.748617639183	5434.92953673246	13630.6745939772	2178.41579740017	1021.96013299786	1048.38921316617	2699.42200398444	2962.78560918562
541.586	40.8715313770605	54.9858563884055	68.4839359216956	69.9952514107747	65.8562950609505	62.6993022308507	63.2283445039136	99.5748597620973	258.680113417278	433.474063100784	277.107189861222	130.446229589903	129.566649332345	143.056077317817	160.816634790161	167.495823094878	179.403901236095	185.621756869665	197.050825358772	200.038004001669	209.34627230545	236.693726986927	228.989372809451	239.904388089102	218.949282127406	239.377929757322	250.574419896579	257.364953065548	265.548613974691	268.045386891881	309.031338513445	244.677732299246	244.986970495793	253.655980703163	273.097932112967	282.109367984654	285.224405708603	275.948567421657	304.192767269502	309.165367225065	343.19994477014	362.359553873691	440.119300864317	536.177347839147	624.352411594349	1198.5410959189	10752.2090266546	7533.19062403884	903.903804914495	803.407137027989	1292.45939890387	3212.65404636969	1547.61757176932
546.26	54.1871845832092	53.2251307703374	53.9274785197555	75.8419840043526	65.7626786596101	68.8181708779014	96.6185847748821	174.828663618595	376.489945197573	360.158749067226	151.36551554213	123.046735748644	126.954498165184	122.689035567167	153.133175787203	158.292467698718	163.649955059895	177.777850065949	184.460780945655	181.08918157758	205.882782346533	216.268684124133	215.959611386694	219.243818863669	230.146768807686	226.798934766215	238.825584130305	244.002800343658	250.555398287414	238.396601033153	248.262124704042	255.981632180823	242.347815015601	255.289854250182	253.645243969902	264.051661976441	257.687873610841	270.28694394381	293.442549660229	283.160680724581	336.839615027534	377.269261486947	419.749419572771	528.945262584221	589.405117611479	4135.27453229608	11895.0534295101	2200.59100277593	867.594719664966	963.74247410903	1886.66064892499	2415.03131107792	1259.32504222194
550.936	51.0078163723048	47.9429000615529	60.1195552353497	56.7803095918172	51.1272686225257	58.7789886702887	128.046845664585	298.634594719986	376.992577319682	186.87950647087	108.897226593311	107.921365720832	114.307219819149	114.579894551635	135.615917115067	139.035371669837	146.687881689489	154.52336714697	174.210474898184	167.685021054452	192.192719525998	187.648626895628	194.849693761125	200.408989579253	213.050929401091	205.855870174639	222.000528150968	228.133561795812	220.776170896037	230.309260238363	224.946759069721	213.660605199485	242.75233007126	218.974290413398	220.333664130213	231.390523823034	240.79110868086	230.203004279861	270.413654571128	286.094020751228	287.989857401948	340.685591373774	442.125945979288	518.564601956943	881.28527206149	8685.22408234947	7116.98797004625	805.107942574945	745.197162968893	937.956617664117	2220.56938035007	1588.60245491564	283.80752820506
555.615	37.9123062731533	44.8116478174194	39.6012687830732	45.3691875847066	55.1199496892508	104.754418637221	235.846848414157	361.037050390112	234.192880287746	106.793407278191	102.283100842482	105.861008014999	430.650754398674	126.051227702449	128.939622869699	135.960985982519	135.912130150669	159.611993096794	162.810223825717	166.520178596717	169.929924933495	180.755864832754	186.676739183882	186.183817576744	202.587389611787	193.360830404216	200.807616708761	193.580187872203	203.100350720786	214.249730253901	213.505220989204	215.65329224006	202.539919775055	212.040366256998	209.198748816487	225.360233618964	240.803781376056	245.548816986811	264.771430622147	265.525455657218	278.462721170595	339.770195044569	445.369060109781	519.317197056448	3083.70910176596	10349.8928335671	2231.4781696595	703.950801216329	788.788215451474	1364.87738647159	2255.4600280198	845.799190236003	1939.37956716236
560.296	34.06789925825	46.7909103115566	44.9457486821673	38.5783184927549	70.3122476304083	165.048580365944	337.31388554877	291.126398582672	118.59144059393	78.1754518429827	87.7144626559363	96.2982934182058	110.601197528115	107.577453800285	116.518754486058	118.725139560633	120.525318484052	127.019201345156	139.771596491059	136.478066668776	151.507060515456	151.770450966008	164.945139151117	167.020724918983	180.620916475138	179.88601422799	197.640565204802	192.405229045467	182.747033024357	187.922550193491	186.849283740954	192.08080061749	188.599371463889	203.050365986491	193.753437374652	202.037010883606	208.018617718636	204.250536151499	215.534157419143	255.323417247587	270.54472578383	328.492948677884	418.551231783645	665.933798679102	7007.06571947087	6429.79330878513	671.515482342668	664.890786325184	722.617903774678	1700.72477841676	1385.2654483321	519.107465676339	873.128169253348
564.979	43.2745064912566	39.6464952246758	41.4380640438048	52.1087208228787	102.718774672905	272.950077261932	301.699134277989	149.533838239229	70.4565823931163	81.6487673063409	76.9139088963326	90.7124573205577	98.3881868495006	95.0915775273881	103.644972364396	115.651958501806	119.567258508699	121.701255973071	127.205506548212	134.861900141145	142.689352233287	143.575526816726	152.269189680426	153.505133613394	174.98116361573	164.721547012691	158.44202752865	172.417344243287	171.377785480156	163.274243844203	173.494809254346	172.508377771122	174.21148923145	192.839836864527	190.317798889314	194.837573570993	182.600847941918	195.236773352182	213.284824603432	235.556178428558	260.729341900357	326.710314108474	397.566123955985	2516.111536934	8855.89818994945	2164.70416929003	541.67376047967	585.963803460636	928.618688592222	1883.74586170828	777.365649861298	734.703692722144	745.502750701344
569.664	30.1469567734087	15.2484190677869	32.5382613627989	66.3839916769852	175.205157538345	300.943927216526	177.616258550195	73.6147105803782	61.4599973762487	61.0417084643434	68.6558301298698	65.6320253874684	65.3813428571605	85.4002401460223	96.825067324433	91.1355617679774	111.880585608609	104.279911604455	106.722900996821	121.472393011529	110.100510892868	137.3107772743	127.486646642282	137.23177418104	129.522362097469	135.055854024904	140.565434295709	144.48827190922	148.718983507315	147.155471279655	155.599281625374	156.592961933363	152.029156141309	164.638393606102	147.397556958136	166.04281450974	173.62161769924	174.771970225358	193.282656820236	217.505053286	270.580708491059	351.166616273109	497.669504043032	5922.6113049706	6067.98495009208	549.227872550742	501.028692219294	557.525948462454	1255.2461015542	1582.38979701905	484.915463321066	349.479781608573	409.610638593517
574.351	31.6378349685032	27.46256290382	58.0098136085339	134.83948096401	272.455283893416	222.137372527398	84.5410759890667	59.7225813067885	57.9278194310173	47.739555026046	60.3480065803298	76.465738712554	80.8602586308397	75.9472688687673	88.3135980890015	86.5755205400226	101.227546466638	98.2868230977141	111.40780239241	106.926949120572	113.900046372042	106.966929528657	118.198632347231	126.385995321292	125.394238194239	130.225353938411	134.385673030064	142.193191301674	152.051618749729	132.701353691806	135.296263652864	131.082597294405	127.046033675084	155.297314140254	150.21192310257	144.524690587627	173.721839275537	174.429077130383	178.628714930582	204.411254821376	272.008100695205	327.563183446195	1884.52345003961	7687.76610528724	2106.4931486376	413.927577706631	473.93408183759	656.230142262502	1627.48064673692	889.914921232055	536.164743775801	545.988183333986	-103.27982874695
579.04	15.7540244345445	38.054753484709	88.9686385804039	231.259124452246	266.495060795327	113.566064902242	60.1248191954321	59.2723126638227	51.7480769790234	50.7848180701066	55.3115643397433	61.895979686325	63.5243423286008	78.6861569005944	76.8275797626861	94.1617162459517	97.0318256918869	96.6449049023778	94.7708326471112	107.158016668737	109.161057259027	104.884769316306	98.315642565201	103.592501713923	115.020905732251	115.086173951503	128.443085904777	131.29428635415	129.976998085342	124.206054072342	140.880280984438	120.318143936341	139.093149093871	151.271183660097	136.219784382987	147.809677317893	154.293336094044	152.235621663575	178.277578205392	209.604978041666	287.483212116873	377.867257984232	4791.0129547351	5340.14975684223	483.588449115358	396.595453346273	426.474423822347	929.809842907074	1499.83451175022	526.844128824692	515.403706216457	306.832045742075	1094.19996150668
583.732	45.896208995511	85.5215838809805	189.176782656838	281.124719387884	182.17120104439	65.3110611636307	55.4048312768102	55.1784906557763	63.3202077546795	68.8785251480457	57.3753262441206	67.2184010509478	75.1424955426713	77.1223508080293	89.6800160741558	106.753984913077	94.9330731248462	89.0003632424346	99.9038537919292	101.587983517913	115.299768686462	123.944804960504	119.007378488627	124.382362088938	115.758527670419	129.808240342401	116.370097400243	136.321580144543	128.421299045999	128.844266646981	130.066073237418	134.869924692433	136.426200476198	132.528760517036	154.74215293599	141.10337889267	154.226464049399	160.311962892637	190.067813469569	256.514180714953	291.587189948277	1318.73345570219	6752.82585505547	1972.03127402618	374.376670662512	398.255744970814	497.20294267486	1255.43053269835	1134.14723971179	488.727054275553	584.927123114806	771.999351576265	1730.48385404552
588.426	19.2917002157465	116.608722382467	241.240151719647	199.29360279664	81.2594993567892	46.9628970603947	43.1453917902089	40.3059807080661	51.9712612424475	56.4446390333509	44.4185547882538	52.7117349814333	61.2150959233305	48.7093285913528	67.8949525622526	86.0720786594041	71.7180443231257	78.2759551473268	78.7247710667796	89.9017353523231	80.1775055237381	78.3774213003709	97.0627804318693	97.829089005844	103.775241737342	104.197502671549	99.4837518723397	106.373040834748	103.265580142962	108.12062209951	112.184944638144	111.103355892455	118.943685628797	127.723633746751	119.742269779482	119.083090875703	142.278535985859	146.487912467375	183.514791639518	222.212062407855	298.994474892839	3759.25543117568	5017.13465770587	414.186152058981	329.818238868823	328.409548008321	593.73297874755	1381.0820413955	615.490992611099	502.827240277909	428.934687438976	246.89985693712	-281.112969724627
593.121	83.0321863525996	201.330145469552	230.885900119959	109.568953111273	41.3848385138724	38.0628031915931	54.4403607575663	45.1944874543702	54.5022255592324	50.9657178204362	45.3807058798733	71.4144567922638	56.9302375228612	63.579260652033	71.7189883377954	76.9874389395121	83.9878963811447	81.2363472101808	77.7121163860462	89.2361074222814	81.3112071415568	87.7128542068303	91.0223065038977	104.317676549508	103.978437369026	95.1989590625215	106.949927807205	109.623209246879	107.704273938082	109.855687285732	102.980837831246	110.770726393954	111.150131310076	121.622891473753	120.341400332746	112.619211463361	130.1853139223	155.148142206623	223.470664196786	267.647728271437	906.951551840746	5822.94496109959	1974.91314256283	296.694911704339	314.41305933185	326.484607684756	856.42009054506	1102.84190128018	508.824205150362	367.945694091256	364.189004550192	354.478886558201	441.436747997636
597.819	140.355096291244	236.558357491636	130.680547646866	36.6368552533749	42.7455266185855	31.6556430898947	36.3210072519727	38.3951610444964	47.4068436896801	37.2294590338224	48.1365653336171	52.1182137093707	52.6557868773069	51.0510567625178	65.7263726601125	70.7812752314462	72.5130141975222	76.5593358312213	62.9703939628976	80.050324079163	65.9584452985498	83.7449011150782	81.2063087290451	90.5309916136323	90.9354806777417	88.669109687909	78.9451582541375	99.0451997629058	72.5408378570606	94.9033962750027	95.8634365746803	99.2241940865298	92.2311114416917	102.633466130834	99.9304401241338	107.889282130041	122.38465292074	143.174624613275	192.762557684617	222.960128839164	2880.6621753057	4775.12485809672	391.954908529253	265.395317264544	281.252256339786	373.331728848432	1044.07182142933	746.663030845837	327.885606864046	292.85766557181	377.608770560459	299.563988400747	639.515273367502
602.519	208.979783522257	190.046436901849	68.9561176086471	42.7545649550368	39.1645562224199	46.8269710320234	29.6334853147095	32.7562501227759	32.4282581742746	41.7905822395239	53.2657683062245	48.0757971083772	51.8276707411972	42.6746679796337	67.7142707871399	47.947683254322	71.5337772756457	60.2305408095829	72.7347245782022	84.071618309603	76.8746139749253	96.6090919981885	94.381401409333	87.8622021947205	89.7264712336505	97.7721853222996	92.7743460306035	107.783856556829	88.0992837063914	100.188503333714	103.516943507023	96.9998565830119	91.1323340797886	99.4008193072473	105.556791744687	104.304794067766	116.132011735753	170.325603741995	204.776816095865	667.215892342897	4966.12118659479	2135.80291257424	231.781316957764	248.87664837785	269.925762435034	549.921087009721	1006.56275492368	392.104174170272	328.772978459765	349.464867552135	373.036318894447	431.307278660042	1110.03157605407
607.221	198.360627686642	86.0814216226204	38.963956971749	34.9699140199715	27.6626305320852	30.3747538222127	25.6014654154656	28.4280574264568	35.8187868092938	38.0870192820529	37.0926749163849	46.7130585597233	51.6691587303115	54.3592263178155	52.5808815009265	48.3804444873653	55.3063083967397	59.4601274209723	72.6716844927169	55.1587953633057	61.8299326038274	70.3834341760795	69.2286054588588	65.1274883609978	84.3927794546337	83.887868954958	74.7033757824983	81.5675106937271	95.3763274257538	70.8565669156396	79.9279176449834	93.3300530498201	86.1310586266002	89.6413204527062	93.1551112426648	113.156880878971	127.005851622206	164.911152738664	208.662792050191	2324.93841429342	4555.87075615221	412.836959777463	189.459864673526	201.286681194664	267.8100187719	776.655783114977	742.246308009412	289.072631879358	290.910797885887	400.270251809211	311.768333130153	348.160101776393	1282.63834305355
611.924	125.384576291209	38.7985414118405	15.8056198733397	25.7370861486463	11.1143992732503	16.512827390905	21.704021004597	26.799382105698	30.2987581556719	35.706418358202	33.8825779619871	21.1624396314136	48.6880245308573	45.3236196193524	43.7886381666757	48.8454191581287	58.0461225465427	56.0515919870929	51.2137947909933	41.8627019168241	66.5857787581428	49.0313138413129	50.735200534721	55.4256538901904	68.8812825845517	72.9574629581986	78.8638023887497	69.5620114366165	66.9999629631816	67.5289851596796	80.0847546969072	63.9397698963209	77.3655220798154	70.2504601518956	82.8695886650925	81.9503965744459	127.491656954746	166.496080487104	444.789712506484	4243.77483490133	2194.40069214251	159.441878075924	174.820365993538	172.509320235821	295.660567346514	829.269163742791	452.288452637889	213.844632395298	238.74402866825	214.085880812688	76.771872085079	190.399190651638	218.867411975357
616.63	58.989021004818	31.7771672119173	29.4775831294366	34.0313914526341	23.3410918405868	27.5631591266682	31.5224064211936	26.573663543689	35.5779071038788	32.4014531301733	36.0634775066214	39.1284300592711	38.6813448167315	38.0348618598066	52.7682379753966	38.2470967967991	59.3311951699302	47.6216405979688	75.6571236153245	60.5815132117965	91.8110213269983	61.07424782293	75.3368400104093	75.8850464517245	71.9598127820367	57.7336684287737	58.8579155214231	68.7604204007411	79.0905481457984	58.6163428575189	72.9416062312338	73.0048221270469	83.2345910025744	77.753014143355	86.4535341626123	87.7796462945899	147.116789196857	178.997412583872	1781.51902355563	4148.64212561502	507.495989721902	143.075692175501	161.27326923767	212.754752434593	521.23782844002	704.351694666376	313.854333483181	296.46435519012	291.770756095808	359.976786820816	279.459831638009	481.304439865481	-608.595248969196
621.338	45.2542864678672	39.5387850427704	26.1294218371352	28.2456764879875	30.4942957040091	41.936141132146	22.319189300314	16.9150091398684	32.2712706722348	34.2883784010108	50.1060347571554	46.2132883526967	35.4406794326258	48.0735953015204	42.484577558567	47.3491854348027	60.7610284995259	48.3331617605413	53.6715042651943	63.0136380992574	79.42257381874	69.8810906256219	75.9277550927636	71.9195119311738	82.5046396327449	65.6214535796532	80.0495351467661	62.3061994167604	68.2782660655991	72.902431608986	73.8252328338531	70.7715261603086	82.3106213765884	78.0403998357094	85.7911577564536	125.624784750609	167.74061296531	348.882010227537	3548.63475652153	2218.44934238844	169.691016764811	138.973363902998	167.74408983241	233.734959617301	685.343878762697	511.749503919086	255.312275883406	317.978045305544	210.04235784826	272.100236468317	340.32927532885	477.616855451099	1059.45528853105
626.047	40.3146027769783	28.3427505473163	28.9106098400935	26.1410931937175	29.6149502707287	33.7100309636231	23.1430510788701	29.7082999793353	27.9560737388043	41.4479070407663	53.2094892092301	38.8817632812119	39.6852856190777	32.3575528895498	42.2763414425039	48.111388601317	43.4939084888848	50.1633843083656	50.8247205380022	59.6686141716369	73.9589374648428	50.4477472330886	66.4374535860339	79.6958513216284	57.7717420468389	67.8849447549282	73.4142329366025	74.460080249996	64.4466588380113	72.9696378632077	73.9068457013828	67.6755025498788	68.7748179912231	91.4893970395984	99.8124934567623	124.69031732778	158.770505589432	1392.51217010862	3904.53657426497	529.037416269544	140.748077046961	129.233868070068	164.102756134958	355.657978477122	680.119369648261	326.121699058006	212.146820714582	229.70876352086	288.053773506112	277.194295652251	359.403063232742	452.075786999111	394.082725319145
630.758	41.6527057750836	41.9616445577358	30.681887098226	28.1372978747048	19.8563743663616	24.2590986596237	25.8536475103896	28.0492622801501	26.2232552956848	29.2772691005389	28.8771989914518	46.5300125779362	21.6994702158294	35.9111271216335	37.7396367436277	39.6454840469198	51.506116531259	56.9100482645149	44.9488482478407	61.1077017771143	46.4252857188993	64.660082640783	55.3437222613859	70.5269232198795	63.144492396863	61.026347545296	70.9475540789253	60.9858217380946	65.1382253703358	64.132750509932	77.2429042188674	73.4920776301607	65.007368132294	74.7008972639789	103.619390453983	136.139505599145	244.914265705855	2958.85884808407	2195.50695368278	150.159531731214	126.070394306743	122.090327001082	149.926632888801	508.972381804085	476.333413946408	261.5889631177	216.728960715635	225.180545952951	182.188790159773	220.132646016687	283.422449012387	266.540713931422	341.409910670686
635.471	43.7975825170637	37.4050727708427	34.9663179239718	44.6048169472394	30.7599687241262	30.4881553110068	30.6010627089169	28.0835534297591	35.0280949589051	27.8231923120712	31.7686707953676	39.6008933119671	45.3888602823062	32.9560156659504	51.5441887403275	44.0074681112278	58.1828963605111	58.0423511246996	63.5640547449795	62.3820630189914	60.2614643956116	74.4649183373042	68.0380269822362	71.7902231691941	66.708420671419	49.5285294183901	68.2130996053236	66.3575868093349	72.8229458826734	55.2547344687878	69.5081244056934	72.4536885033798	59.9938120081111	83.5649229695841	99.2463189444087	153.196354198132	1031.07472484248	3508.28042982128	620.033569702354	132.860249776769	118.63552180557	134.847534789947	228.996748396379	551.228666584256	350.763839933736	248.149501995271	209.100523209538	239.594822153778	293.381415606662	368.025704533088	406.275643358396	621.590039230815	993.872050756104
640.186	37.9374732312999	23.2182207202353	9.21887037500314	27.7136317065831	26.9279056774145	18.7123565982583	24.0294696566543	20.3305808208763	24.4218619795312	27.8752236602556	31.0256918856371	27.6137650597952	37.5075379320858	44.9946349066156	36.526263929797	44.4024585763073	41.0691540440977	38.9994022650676	45.7601849443222	51.2086302125426	57.1965703762171	69.7549017829928	56.2456541124713	54.937288194636	43.869978362643	57.2807920936988	48.6270101776341	44.2119548231053	42.5322282336638	58.2716471068579	51.3460715511069	68.0925070587563	55.557442184789	85.382330145738	118.765900405349	186.658468514441	2414.71180113958	2147.95848893122	112.315855290726	103.528995026956	126.285964834481	101.190220488538	344.43543743107	479.539618471306	229.186821689938	205.082002150206	204.836188145093	241.45489845931	128.030884907302	209.611348753707	306.284069162292	107.636227102383	-363.824665022621
644.903	29.5872465028595	-4.94389902678457	18.6484169407279	11.2121190120533	9.98638428905005	19.4828227253072	16.1328534295611	16.8909414768861	14.737520636793	18.714807444891	18.6658101006682	22.7928686640821	17.4573260672503	29.1387022064317	21.0196492911907	27.515169495595	25.794021864791	38.7406479049584	48.211517823743	43.2294360235352	41.7806413228056	47.5376749308845	43.7022986095313	48.619393559126	56.5040166716963	49.1776407653618	43.2009673128186	42.3984700311239	56.2545909612387	48.459705526843	40.5724765991006	44.5059726963985	56.8494807313048	84.3418003961883	115.583431335153	757.008843534686	3134.80924507838	652.537236520068	88.2578526205557	92.0904239943771	80.6445547868657	135.010218523466	402.615711115384	328.203134775158	142.336766967473	189.813756475567	173.039646287378	211.366371455962	187.857219332766	155.811963881507	36.6849213147888	217.73223391607	-445.451719438093
649.621	13.1276512016763	31.3367556590701	17.0211501081441	10.6601519973692	19.3347831490172	20.040871773881	12.7490004106714	14.5232915005205	21.6824185662077	29.8252731606741	31.2756990504552	29.3013459820593	27.2375969326783	49.4733009829934	25.5160264174987	32.7157991523478	38.3893893253987	47.8611814123753	42.2443827296724	53.76770238464	59.0764223482539	64.2807736253534	65.7172163901558	58.5759586835698	67.4990044492775	56.0225798356545	51.2269062844406	57.7794075130592	56.0441055976091	62.4282737861768	54.6429346140438	53.7019129362948	71.9844303013069	92.0104875195836	148.383644656431	1966.61612702602	2142.93163036196	101.617586055194	98.8123599797429	99.0829558925771	91.4378697113218	213.663503876781	437.043554082696	199.146391442754	216.939791584565	162.73247285139	200.55892235337	162.217095434572	188.666702260477	300.492320499762	107.478810708449	220.814277196723	824.947889423866
654.341	13.3315226634736	17.3967992048485	24.9679261329767	20.2079796374842	20.5700533399385	20.0654556780659	16.6153056985477	21.3669051076504	16.8884703898714	23.5298760500596	28.6967110678204	33.0626597104036	25.2402927717699	35.4051668526442	49.5285513204422	31.5952518860969	43.4706397346583	54.4079799120196	55.214448621067	57.9628776876259	72.8201515554636	78.878851276581	54.321465074026	56.4737079420461	61.7639365355952	54.8111695784207	48.257673359538	64.1350167809385	63.7305702201798	55.6416688858714	58.1658262490097	62.5657254358866	86.6398142012675	115.588003036978	521.474095698535	2786.67844948645	759.42377605593	104.901413770009	73.3477404355228	110.250578419201	123.29464699161	303.886490659367	335.821632703996	176.512589111438	164.184542697879	147.121436894396	136.994734604227	238.279312836102	172.812693866395	234.130569281032	293.859862067312	408.443530153439	498.666231984524
659.063	19.2052467505048	20.9662012528734	11.6205998035548	8.36952634412783	18.5430713781548	20.5233150332654	13.9263004651495	19.4491902982412	17.8928488783398	15.3978398010715	19.6666829482295	9.00201490145136	20.2226328752864	13.9411750106855	26.4610358459806	24.3063632272299	36.5302766799769	35.845578541805	37.6533801557104	60.5682556036454	65.5053451283163	56.4241736692676	44.9965747338097	54.2911771267995	49.6828072972173	42.6785827451821	43.1415213372158	47.4738688772472	48.8014491202349	37.746558214258	40.114722371268	55.6694586703734	96.2420425256987	121.795122602114	1510.49022547094	2033.87205448096	118.721173895924	63.6423379869132	56.7214499620637	66.5126325683301	121.210548829224	338.670294798974	204.690332939263	131.15604017508	143.602927572409	133.116709516879	136.924647212035	137.94070747654	170.478061495315	140.598976801114	42.3331325575794	113.0649660824	1146.5235595334
663.787	13.1474553830881	11.2827524515635	30.6421994032283	18.0836946904065	23.268616398991	11.7264672690057	9.04810611302644	14.89052878637	11.1503787396276	8.44815635967337	12.5372935436151	7.43903643202542	21.9239819111642	32.7610014666322	36.5646477137176	38.9755423401276	32.4615707998821	35.6121991221689	45.906332756058	59.7092849337492	55.8559007026597	72.3256166118078	64.2857434757849	46.5904207307593	48.1968898052029	44.3484262337429	46.2037702454608	38.7272411455433	27.8838284585562	40.3513698345942	47.863329565584	76.6476976175484	86.5314085518827	373.046631074713	2374.56726619455	803.185581530822	73.9692317990337	78.0648415776839	64.429296339355	83.2124514275016	167.775931258432	305.629685048346	119.985682272886	106.705745747864	131.932907891842	140.158108553912	130.187997976385	166.974641917432	119.106570484856	169.498118400271	227.548678439192	-122.859663536512	-122.398873136241
668.512	1.96274351052471	6.99660428305005	17.4182141398108	2.97513509112941	-1.92719015103479	14.4753442775274	12.8981504758468	9.35376059132614	11.8970372150926	3.61161673157856	12.0594090245166	11.585066715364	15.6785551986665	12.1626224458784	16.5636708948275	26.5191142209009	23.466658688198	34.7645110689244	33.9780042664079	52.3766909963749	51.594821678375	48.0537871346549	39.9875939709269	28.7123407213822	39.0010738507541	27.5286264283346	42.3263040841146	29.883958455066	27.04448761685	25.3700251782128	53.0543757662905	59.9965062505255	93.1259343523621	1230.45921693097	1925.07882739769	110.367217802501	63.771251701686	46.1442262459486	59.8233432579205	86.8290956603759	245.623621825027	196.459420730455	102.355980084575	48.607636271043	102.731822450748	145.389476432434	128.689908295419	151.583928871315	50.3318618203879	116.578484389198	-60.5692367308646	-33.0144199400826	-41.1132474401562
673.238	30.1120958231737	20.6762977131206	37.8339899587964	22.82202245749	21.326758084528	29.4222313594627	23.2669992058985	21.9568798432116	21.7209455016137	37.8908254438938	26.5749314230565	31.8794015877632	34.4137647725201	31.8132591656254	43.1888682622007	37.8231360787965	35.4119714813344	48.5121449807225	64.6587071346084	59.2241976215557	78.501765691681	69.6947504351571	59.9403303390193	69.0904045441571	62.5554272035636	46.3971300330682	57.1297821071309	49.8707501518191	59.0081628618411	56.2900331102522	69.6633147786471	83.9459346169024	283.516495846149	2065.26841823852	864.678998459886	78.3522825516293	78.3194555607225	71.1805820578898	76.0459630543586	149.247136509538	289.35634530073	166.252262873452	122.923295718755	100.023471924539	130.273739628992	159.846804132696	196.082779748158	201.295784672104	142.167425131159	250.925828399693	335.137002031186	564.625102639562	1344.22736726219
677.967	27.8466607906385	11.9649980417706	30.0880298416409	31.6575665305058	22.4596997760058	29.9374193235363	26.5927341452753	28.0423816573925	16.5218364511073	25.0972647733154	4.0736743606051	37.2927934968604	22.3885821589574	28.8771661938297	28.4328336400833	48.3060810540903	33.5097978978075	48.489162789163	67.6221410624892	68.8706018742286	41.9154389444428	52.7559278064925	57.1381171461351	40.8932622197478	51.8283089287815	45.2882322370924	39.3190780148736	55.9371569770812	58.0172548384905	47.5459298632376	67.032166425497	91.5502517439732	955.757264825215	1823.43731516627	165.264961774051	72.977729643159	44.0631010467061	46.3172693038903	72.8440706291629	200.623435740956	227.903010220896	96.6183074129752	115.397069359163	100.75714988338	154.850579962792	126.289638978512	155.737757499934	116.747688402464	158.904503364529	151.110338190271	127.146263494922	685.865678795288	541.634941137653
682.696	12.5700857692211	4.48086647387397	19.8765819022595	32.7725193232668	21.7226060549845	24.8222615580483	4.55747311057775	10.5831647218366	19.4150353253738	11.1024182641637	10.8861203877383	15.0135277563232	22.2729566301686	18.1603423264988	28.0569336601009	29.2378559347845	34.2475768100063	44.4330208074746	21.8131201410348	40.3634939900001	51.9950955236704	62.7816143098763	33.5995762049354	48.5055444299088	48.6356902181383	32.2382280302742	47.3472839359689	43.2309837056423	37.7895747852799	63.7449438112326	71.6623753969312	204.573770650841	1737.31942849675	867.607938024773	58.8671410020769	56.9474136008704	55.5866100984008	61.2437324997976	83.1598490005401	245.566450826383	138.919435333412	98.2871413022836	74.7296181901777	97.3520162741039	96.4226809756684	109.606632568281	144.67063367487	122.708578214131	150.757148192546	205.577860794182	407.85572810861	270.637723520447	-126.385633693519
687.428	10.6325949806028	8.5730892963027	9.8034425496324	17.6518794359463	9.61142391684523	19.5087396527613	12.3910931841545	17.0915069421364	10.4572937901917	16.2375265078907	15.4062342237872	20.7437873225369	27.5759856029213	13.2671403251178	31.3920328170734	32.2130086014933	33.7529367821851	47.4432799663979	27.4567764801538	25.9058053602525	33.4388054986851	42.9730452712899	52.4017042957104	51.6467511108232	45.1787362481072	37.6279368367129	33.1197394373241	38.4539963680985	48.9258318613922	54.8663268507298	90.6477619507398	775.265325985626	1706.98193051175	182.535030447795	47.4225250731852	54.9219960062099	66.2296311195349	64.3921358749102	125.849975620409	211.443188005276	76.8020139424912	70.3545787222219	85.8129848129129	117.79007069508	117.584040535164	124.302351227175	88.9554938048063	107.924157589002	207.739654208249	204.215746759958	258.921715739885	553.571157168251	827.242447452856
692.16	-10.6903091105638	-18.1465775812144	0	-1.92909722922895	2.66581933556752	5.51661576570086	-1.84568185322193	8.08672013735834	-3.65706308821691	-4.54977532998639	-0.297881920175451	5.65596891907924	-7.76318734845214	4.68673008855037	-3.85763032907842	11.840723755605	5.53306777285065	3.87811413776751	12.7411444187053	24.2501180186459	20.3491365777774	19.5259261152668	14.9346546348767	12.478603417416	12.214848577295	11.127112561478	23.0535101372435	6.56536858691874	2.18628458389373	49.3953440541041	135.458763724257	1466.6550400248	852.87694325058	39.5912593070982	49.2179988056546	32.0763901504988	49.8344442377228	28.2674848445713	131.344238336123	146.703170112584	33.0938135122727	47.9569261365644	31.8567806615401	38.9671059588664	65.3805095159068	30.1668787524815	49.2559015815274	36.1699913404149	22.0917307930614	-30.939268679547	-148.117173065683	-214.067677870847	-682.447385371441
696.895	28.1885658794426	-11.418631839217	-0.41348302225769	13.2069445200397	0	16.970797216792	6.50375555873749	11.6018327719481	13.8071182282993	5.65847821722212	14.6953369408121	10.6769598551538	8.93246529566303	21.4149924591432	12.0045576861323	28.4003488378336	14.4836713367316	21.0840321647029	9.40695763155753	36.170074825987	24.0503409920812	31.3699893018118	29.6544828987152	18.6423837653946	31.897417667024	25.0193114176534	16.9470326570598	24.2364979561934	48.0580407381531	66.0657179772201	588.335396773338	1545.76389486094	198.546674358311	47.6831383290026	30.1958950973996	27.3887695674385	46.712671901342	56.0008517720702	175.346165613766	92.7656075166727	37.2057180911324	45.8684714233099	54.7915799603953	36.1547329278411	61.3159804156013	81.3528802185374	43.0653458765424	71.2479554183799	78.8571337741084	33.9811387345323	67.7831983662752	206.90055448218	150.299162082271
701.63	-19.1230190427461	-12.4360445096183	-2.50180452691157	-3.52541613222728	-3.38317522483818	6.22320334547271	-3.04504680646406	10.6733200138673	-7.42585069927354	8.4233818594348	4.53648175846965	-3.23008020419152	-4.8791917925297	13.1768880611217	4.98470800450798	-0.353576259625991	12.7331956706482	10.6308530773503	16.3853055878332	10.030591470713	11.6773761023626	25.3074739936252	8.84495734942747	17.9821133296851	12.7889772339999	16.9456216509723	15.9752893095592	24.4407376036103	38.8444079311188	98.4694455988361	1224.68793667096	861.111603490153	33.4311986954022	15.4022142423291	15.2251771298727	13.1914379634285	40.563773008105	79.1544533651937	156.796793427269	52.7836936413173	31.9193607916376	57.2101347109008	40.4292480136438	35.6836748303062	45.4652109124386	64.5369033851174	32.9001933327535	11.1764112531187	83.5996923142299	-31.4118712771574	-50.1265627021905	60.8545274688665	-779.480871068651
706.367	0.523027779539158	16.779964088887	20.676081070629	7.9280776739211	2.7389525054509	3.77863780226492	3.55559185081034	8.72399685524889	8.45412682039287	12.9238728294842	16.5269111519317	4.72154541885818	8.35597709835092	7.77856836877108	9.36817636524518	9.30307383710779	11.7487107684445	15.5395694449887	23.9995810784785	33.6819126067299	35.4516575484812	26.4642299213708	25.5739446808956	39.7035472336351	22.7467780818672	31.6295568249515	31.9572370920762	50.9658537883318	51.6640343372785	452.308656337008	1412.31302839266	238.529779610227	18.5887669853531	36.4956042928534	29.2347570671525	31.2876861976566	50.318799272163	140.530477219725	113.692025344523	66.1086729717409	37.4018675787622	81.2997238975988	57.2787750758854	88.7074729904531	49.6904566970323	64.2028235027043	71.9154535661865	92.0977907190912	96.9814566648035	138.711473127093	-4.61153238178429	175.952269478334	0
711.106	-7.39973959023366	11.7758476830082	-1.70567302919553	-0.400591329761354	0.691971415669235	2.22748969529	2.63497787451305	3.56844309805477	10.4419733079439	4.72397275248572	9.58789503689762	12.4791033381141	2.30297622860169	-0.748641708175653	9.83125857941397	25.3113205882637	19.9156968428071	19.7303186479982	21.6073096691556	11.190481429771	12.8606707174671	6.90162246708886	23.259687494224	22.1512169612688	19.8164358642124	27.3424236339444	20.1367701663282	42.0365454853033	82.4763376894163	1056.42796613692	861.311945754787	28.970511118634	15.7795100424314	19.5930996250168	27.148155425637	23.6082532567175	86.5347996370286	133.967467147263	72.4325565298081	26.1883508791428	31.4974711507927	44.8137493256179	22.0509882960865	49.1855008706098	70.6734781489681	16.779578140654	98.2460206498022	48.9845650247437	22.9375577369408	52.5662863293343	-116.506167386151	17.7810956208741	664.290257419175
715.845	16.0400932669165	6.1943074428328	5.17623840576462	4.4575011538906	11.1996737355701	7.72549185610869	-2.90778818447399	6.79480607863452	9.84262621761393	-0.562193334247633	5.94446003808237	-1.48512048685792	2.32962859782362	21.9618666600418	12.8917131299166	19.3860740761401	28.6695658689201	16.292781912414	17.8427520829353	30.1866373184841	26.4836400665719	39.2709094864036	40.0862265635816	16.0658072278063	21.2485179960764	21.8154371406896	26.9035269061326	49.0355717633454	371.99437527296	1299.27425153899	244.378813814148	28.5543567223677	7.22096198162472	16.3222300561465	27.8661992876461	37.1015723093456	83.4753069464679	114.926819039952	39.414647625141	31.8978430237028	28.3861380874691	35.8881336437142	59.2508029132259	53.7672030529002	59.2625938762909	82.605672797359	59.9020960109754	11.562008251386	73.8277729155896	53.174636539152	47.141797817062	206.849079014602	-447.98539724947
720.586	16.080360389087	20.5402984140275	20.3244953601241	-14.6248078411806	9.82431576596022	22.5892507328778	2.91508790899066	4.04454412550762	6.01666779919033	12.1175003387508	-0.313651738803027	3.34990966499447	12.8451229935465	18.9801722661483	7.38518659682992	18.3346612863776	8.54478159011088	22.8671567394129	27.2785055270368	20.8054123670053	56.3607910627884	11.8108486061811	13.5412242979324	11.8676812965198	15.2730319641685	30.8526073973659	54.3274322195207	67.5931724640016	869.398531747106	809.386959204252	32.7409069174584	34.6525743830248	32.7664051822625	32.7264109115594	31.1751291797096	54.2957293955418	110.373550003154	100.333351479585	34.9543334489038	47.1538813144188	45.8802959857976	55.5453334921247	67.086546516643	60.3382617323544	68.8417426657301	97.5605752690586	91.4435407186671	129.157231195459	63.439808989941	130.308753386822	293.012885347647	288.512492342934	1122.77505450637
725.329	31.4686812944985	13.055036331738	19.2597487437017	10.6914606795976	29.8331831893172	9.14613999627816	15.2453755439439	15.7294980686491	9.01350649549797	19.1115281754507	8.25461979952094	12.809893845946	20.0941912138982	24.5915638020885	16.4459960277537	14.1046564003302	25.5545165698334	20.666654222975	29.4225373276694	36.8544898598546	17.4449392429055	53.1342569891513	20.7811761346379	22.3093652894195	37.0219324229375	35.5781464349421	77.2220423606173	286.505971259183	1169.35339200878	302.042165882439	28.5699015129679	49.5640808528079	41.265788804699	27.9997058630238	30.3267089758138	57.5558694838164	136.90597439427	74.8334523826265	42.5604345865004	45.5357310355048	38.7988704885628	23.6397379432029	31.8311804011365	75.7339322995877	69.6831673894468	130.905164251531	103.613303799638	159.229582447455	64.2152080673756	65.950732237087	186.567359051186	237.281576693125	659.16900182758
730.072	-7.6431921191179	6.32490290459081	22.4628215383085	11.9993544720329	0.35736868888456	0.328682062327996	-0.494848915816366	14.9601960543341	13.7270200796736	2.87023067997597	14.0563509994815	-2.27464723886047	3.17165931698388	-1.93318032823856	3.38490281443424	16.8069000765932	15.0325999297802	-7.07042110065011	14.1196733493618	-2.40805206808805	34.6327347977389	1.78217171720481	-3.11434338172255	14.2460347977776	9.82483177929697	23.0709242044012	51.0170844430467	706.056712417422	824.152905382289	33.2536767668895	26.4479953944534	10.3581848861954	25.2241139749896	11.1109026305512	26.8042160955372	70.9776755488646	93.9891170243758	25.9147557712572	31.4741482804003	28.1540311563959	36.0828781767763	36.0018775807893	29.1823510063952	41.7901494834231	54.748984538433	47.3731185767446	44.4836511936782	30.3576986830465	-4.30767396090494	51.2792957747149	-144.407085066031	266.308396368797	274.458202124527
734.817	26.3908080374727	20.5790115485371	15.9683977342205	9.16742310359351	6.838089955066	1.98605816586549	2.49176646870077	0.218349853143556	6.66525418108593	9.53883753719263	-2.25207405196413	17.9442524932111	14.3735404387993	23.3624466744238	11.3629124139215	4.13744753076381	17.5294338256705	-4.18852458387216	26.1458353169446	23.2810099329753	26.2779405949995	6.73047204580379	13.8897637549848	21.7377592809158	23.0869529723342	38.8573736013091	229.621804525045	1006.11583138357	289.256590756445	48.2867098819183	5.01824351509184	23.1811968381367	7.81622889444496	43.5594631041281	47.7586788238846	94.2838564361584	64.9591222286572	35.9466829056013	35.8540279029548	25.0177146357289	41.1040994483298	31.077285034046	39.4242844390506	61.8913166497663	46.430906210968	39.5632304285282	1.39995848867992	40.763577583699	4.3381796709287	133.662788528353	-29.0859469150689	212.705836796071	-115.16743179171
739.563	35.5959537926831	20.3220861087912	28.2688798519154	10.9599141665291	27.3055973684355	11.7197397435082	14.8719719951617	16.566218209601	7.24202733536009	21.0534473528487	28.9656876642917	29.352852750594	27.0610888443688	32.6929699364727	29.5031467575464	20.5467333105381	32.2414384645077	33.4732106141587	40.8337765474899	51.0273633170796	27.5494353932506	24.9646892931164	46.6852404499813	47.05846518542	48.7948135719548	93.6101408307297	599.304910372423	796.616126569784	68.4752428301499	25.9991455444376	28.8967705482475	27.7493083642894	35.5810690716881	22.2345282652294	59.6557099052049	105.580823502668	47.4070243053357	49.8132835990785	69.3860240989277	32.6191262936655	51.2229023729384	53.0513039099394	58.7347816960785	88.4878277002934	71.4328524724057	71.8045349018598	94.8853515435872	84.191130439764	144.820714150316	144.432493418557	313.849282957953	841.982937674386	745.622262052832
744.31	-17.9883081972247	1.00192244859245	-8.61670714031066	-17.0417220400422	-19.1343380949722	-5.41488935609331	-6.11431022767771	-4.91139061639958	-1.76676945785188	-10.0482242864011	-11.512815960063	-4.29387195982644	-20.4108057664171	-11.5450006516447	-26.3333558707321	1.53825627938776	-1.62931139645606	-10.2778245970227	24.8560678914627	-11.9014728884684	-3.4194445706387	6.4226046971029	5.95532419751122	8.89003882504023	33.7207689465884	154.818337562177	914.025863810627	283.146570639856	11.266339823899	7.96278182459785	-10.2614945510597	14.2205369862703	-6.79274147155523	19.2036052198127	67.0873198221073	54.7000344456547	24.6685911350177	15.1037958344609	9.56291416517015	9.66302121874917	5.48160134092776	9.92937662349931	-11.7260030775628	15.1869252255176	-5.93397980851936	36.8810615986493	8.58806454495214	-34.7312118937339	-19.9594670071248	-15.5294736553629	-64.432383952161	104.00953331003	-211.948856848507
749.058	4.54303705698251	3.03648620800065	7.33033234341204	5.16476639562928	5.94765862175726	-3.07700402686963	0	3.83395196640261	6.62935295158675	8.95669135676525	-14.6211706237921	15.3793139508277	14.0211944872788	11.2608181732194	7.433046459733	-1.94247152199473	13.5791940531679	-0.432619320445082	23.6887700408857	20.5394721083924	0.493484457583272	14.8302709624194	9.7184566535631	21.1051027449141	45.1366474569876	504.784930570496	731.1010725813	54.5226216512474	7.31666668940392	19.3059869826671	11.961192406251	4.38957154030516	5.65119314816667	30.5444691696911	75.4939194819226	33.5177949444808	29.233902158569	18.309787470768	24.68831983832	23.543109327559	12.3058292458763	16.7180909802487	9.62474704483899	28.9795887051789	65.940874165395	70.9103586739229	7.22986194656793	-26.3146229657365	62.7307402660427	87.8538329901952	185.258661877403	229.24910829915	-1022.99373848832
753.808	-2.31526368025856	-10.8323711679377	4.66968792738594	1.31605750765797	17.4288229320313	14.6358860960049	0.262322990481113	16.0908861312017	15.5931271254223	12.1722403954316	20.3219273503994	3.6174208748327	6.72527820291107	29.1041177482947	-6.77869889245464	-8.31549537249516	21.809593637345	20.2837345248583	13.0382843184325	13.7864788930256	13.5806769485985	-3.30659742424351	19.8112315052142	19.2230846579991	159.718575189888	851.887205248213	321.621819462391	22.3949381307487	17.8153105428651	23.3673682474276	22.3511609845774	15.8627408307782	27.565831261326	55.9547137770961	62.0828757191848	25.3916302215811	33.7046809307615	34.2143988201931	22.9756162664594	43.3107652966936	6.89854893679897	35.4433035864855	49.8051305603552	54.7315849889827	38.6971104132735	46.5506170822729	84.0076877549881	87.6165499673906	20.5517621923089	-15.9903092313445	188.826393409586	301.816016339921	775.958819399527
758.558	1.7680192977374	-6.82767544602443	-9.50918139812931	-1.78664752552964	-17.7457082136684	5.67694898810647	-5.34184926310706	-6.08527974750135	3.70454848710184	-5.57709847893047	-3.79342592398538	5.72940925459563	-8.98741601523555	5.00844160637654	-3.24797507136672	-12.0952643550677	-15.3734737085844	-5.387615711884	-5.40847276114091	-17.1565047387931	-13.827596471303	4.32863604071845	-4.8027221374287	31.6889594997621	477.261764658264	715.370458289574	55.072480958833	-3.37809121923858	2.53105434677766	23.374818781519	-10.7581110669502	1.65652842141218	13.4051459748031	53.9735347690853	73.8953052972953	12.2215565573165	11.9365177928858	23.7521414124159	5.56984561181618	10.1306739477696	3.83125971608454	10.4099199205006	35.3438013536762	32.7283776936892	-5.18430117005541	23.698492753347	-9.00369354239838	5.46181016590784	18.6003802278145	-117.223487403656	140.297527318481	-307.303538573261	-246.895954487762
763.31	-12.0227771816662	1.071441758339	0.969956345578883	-5.46725327494921	3.54149856795075	-6.87634513529668	0.272439885882074	-8.35572812982563	5.66807514042579	-0.316042045931474	1.75880618205709	3.33949542642269	-2.61924339356305	10.6431561468799	3.72712764244425	-4.9349688144386	12.1965386539366	9.6170907882178	-14.544172472774	12.1969647075419	19.3283024781624	12.7553084761942	2.4494383996963	120.737405690494	788.373019800386	344.260826552478	9.07443596523476	0.861430883706075	13.7692173314798	27.2489176267969	14.7720162417865	5.9139274491473	30.3381416295035	68.5991958974414	24.9735628698752	16.7814805815879	17.2486210759461	36.6107162640438	20.4528915034674	7.2942344648556	55.3628354876373	20.5287820526433	13.3233489869378	6.31582155062431	60.2842872766653	6.36130450759772	33.6745027477565	-27.8558017087136	-21.3443729658582	-23.2498006366251	169.607591676549	121.337814928898	-100.735610238867
768.062	0	-2.16293139504229	18.1120703873441	1.37960062469559	1.19154375844515	-6.21007960409884	0.824966141906193	0.963874360866814	-1.90703438851888	-0.318998796704683	-0.710104320530338	10.5335571281532	5.28749577203072	-9.45360138620035	8.35999336452757	-2.07547425762772	3.07766103011775	12.9427520957401	-5.56836741685214	5.88790503306594	13.7091180967451	9.40839190055104	40.5466100460142	429.892940265349	700.659225670926	72.502517935393	6.54238029163834	2.60847015975279	-1.73725451124772	25.3551085377151	-0.426006192773988	23.8770222426143	43.5608333757347	62.1845742945716	14.2076971219913	34.8448746938419	11.777347265519	36.9532300688207	10.8955709982838	34.9717615862973	8.54647313697971	32.1530281046258	37.1797547439713	40.0708603873777	20.2827602097237	23.1149450975541	66.4341138611372	35.6141172719703	50.2694769691155	271.550365934329	112.346302633962	377.625078120936	-355.873169498066
772.815	17.5849149639684	23.7770910732777	18.1005340552098	12.8680710628113	22.2279832056537	18.2533063108889	18.9621357918997	16.1346121879899	7.89553883533694	15.3021894279528	18.4509526631919	36.212356661847	14.0910078552249	15.889111807525	14.6206699388693	16.178387952588	23.7268342769128	-8.31504106142152	30.3535674091622	31.5604665530366	14.2273241186617	35.6301447302612	111.679234560325	766.218035069596	320.552030758929	15.9050498183653	10.0252602048729	17.3787247763036	17.7955168101672	38.2231751583752	30.652909321207	33.6622018540477	75.8596379135867	56.4152886002798	32.9775042143296	42.5610539952852	44.0089885777819	43.9897813881453	32.6658934656963	35.5626355024785	19.0530658795533	67.835380170064	59.291606504293	69.169219468701	65.0768588296717	65.4506296406429	47.8638552419213	58.0702330457662	162.673674317564	298.180110781215	358.209899418127	775.168270981305	990.729533072327
777.57	27.2244327266715	32.5328375419091	5.9901100172418	10.7856703700856	12.9606236371504	16.3903452599368	13.1795295319175	8.10889274994576	10.0011551571075	-2.60235302868038	11.9479467661642	4.72623063726862	0	4.38189316739783	13.2137111992398	11.0054517586026	27.3488935050512	23.0968025238477	20.1320029370016	25.1080579751891	13.9796628420471	53.5247741382256	397.33250479	689.3669783894	82.1195517279391	19.8357715354461	13.3429838471189	19.506281109406	7.97192385024796	8.32634195451888	46.0478075662617	41.305028099185	64.6516064217391	27.8831876875708	28.041447393702	32.5714824865259	24.5417022288042	39.8991064175641	21.636414746394	38.1645079991815	49.6092291693564	29.1444951913025	80.6669882049236	88.2240064191487	88.1750376731614	73.3323441318699	53.5659470440734	72.6338993312018	144.020483039738	307.677021446344	141.840422777426	603.634811208931	751.713566428412
782.325	-0.628266459047137	27.9948180613954	16.7265050097425	-9.5232901235835	-3.29005850055252	10.9691035324689	7.97255994178415	12.2259160321925	13.5402478404075	14.5333794691751	16.9112178029774	16.1421605403281	11.8622487500675	2.2246899944824	0.432813530324379	17.1922306896134	16.8441601284539	26.802883602466	13.628041211674	29.9286248929779	16.3788089177455	102.03279104777	741.368538032401	364.150717502476	24.4970821991097	0.457756092483561	-6.77424152694564	25.6586835154645	30.5799845288962	16.0192011571219	2.20551902609049	38.8507762893695	39.745659214449	20.5494857690022	46.0318704818942	30.0664776719884	38.7050289622211	39.9509153070685	50.4708026680238	44.4698418761612	38.8010364988386	31.0730260131267	42.5928693549455	77.3240753407127	38.6871191967029	13.2967423333887	102.382930638231	73.7525553131296	200.768226493647	208.277096982203	77.5518954647622	401.575854856769	315.844521719505
787.081	12.2574152552332	0	-10.9297941678705	-3.91154589233112	-12.6688242518753	12.8170624710064	-3.21613203897068	8.45474847527372	-3.18624733347724	-7.46170441447052	-8.30502904395129	25.0870380587842	16.8654371760048	6.39630193734696	-0.888857718664466	19.4189766108711	11.2191589884426	22.1160432522545	17.7613287822571	30.7318133344854	30.2730546485959	341.163938701439	699.227747714821	61.2152834679097	33.3780937436422	14.5712647993091	11.5934007901166	14.3292226766677	22.1651670896196	18.2767835693777	22.6470809326665	34.0000625283362	44.4808272519254	12.1916704892268	12.6695637114921	19.5531315723747	19.5996565387143	9.2446354761688	41.4602218974458	7.17565671604726	28.6585195466821	3.79844363280879	27.755491220003	36.7947539451586	56.7505108214508	23.2110933319879	45.9946202628773	1.99294309723233	157.798574909483	92.6755211323856	-142.20203565752	173.622258820257	1270.25637715542
791.838	-13.5344321217076	0	-9.87919902507817	16.607826733442	-7.59386735816858	5.04421232275126	-9.05478878782458	-0.255954162911363	-8.68127472163618	-0.677673964949972	-4.9027220479425	-18.7968942145059	-5.61631934274263	-5.93361984206504	-8.87989219523549	-6.17272803968711	-2.80204919883765	7.85579866999091	1.07539237954893	35.2501980620086	93.5307466792864	623.27816016714	367.129797082566	-2.03851567572431	9.6653565647936	1.4087445752631	-5.09611208785063	-33.7100380870812	32.7539412804039	-4.56473135024298	25.7924459241866	26.7205817519821	0.458117167243057	-12.179758059235	10.2231104236489	7.71079985119729	17.9487969802995	-9.81282774305784	-6.09113401307246	9.12373052440217	-10.4745795467154	7.5894643790011	37.8114156084437	11.6080427197049	23.81192525706	25.9164625608705	-9.84635980987287	139.369706063604	116.961967208365	-35.6096031808519	164.793185149561	65.0447299653456	-324.003884677879
796.596	45.3005611685124	48.561976418965	37.0766016915577	21.8937579477005	8.1654072583457	23.3203876693518	17.2575194581109	11.7329834697233	15.9180458948592	8.2839180663488	10.7568645227408	23.2509515187813	22.8847162874085	11.623853353153	8.1411161400569	13.4742347593562	15.223279880294	18.0055590594939	41.0801452012438	44.5958396057583	315.49814433337	680.993328339864	127.871602270828	22.3231905953085	16.2455931256298	36.3545138858974	25.012431005474	37.6322441497275	24.9066222830254	35.8046716798708	40.1024285049865	41.5212246759852	23.8001936280158	19.0879396153779	53.061714963973	29.3244547594236	48.7570953534684	31.1641202186594	31.0242939483736	47.1342401529823	46.9486407700168	16.2354439724682	53.0683836797107	66.0216390599026	108.576744813863	113.9382964277	122.03405972099	198.760539721849	217.570428035122	90.6861344781371	28.9430971241965	397.554902172229	1045.1685077835
801.355	13.6020673467597	9.09138300671598	-10.9736804871505	6.01360446079169	0	1.70605467936198	10.0173805636421	6.75237242466371	0.254469174282958	3.575567548339	0.994919883183025	-6.69050136684097	11.935523743063	8.42885525973907	2.73305689827109	0.38772342715432	13.9629234985193	22.0198052520185	8.98387075564071	44.4972133633529	481.177630834344	327.931193537657	35.1017675782421	17.0298411187705	0.849944984944506	13.626925366535	4.88877970728539	13.4005695912321	5.27377388327152	14.0493490587979	56.106053454145	5.57564184434161	23.3656300208776	14.8299862978083	20.9764877401943	10.8490659306799	7.174400220437	32.4861438670591	33.7451714954112	26.3618073001185	41.7567979750281	27.363265173743	33.2503233115181	33.1753332560553	14.9568249377755	23.989713030568	122.663771233193	168.079409103666	147.571911762873	150.307726875218	-54.9676120871848	152.529477584554	925.990462819249
806.114	-7.93453928560981	-14.6472281774869	-6.85855030446906	3.43634540616668	-4.82288370405017	-1.02363280761719	-3.33912685454738	4.95173977808672	4.07150678852733	-5.06538736014691	-5.63787933803714	-12.2003260218865	-0.411569784243553	-0.80274811997515	-19.5218349876507	-1.9386171357716	0.821348441089368	-3.88584798565032	7.09252954392687	191.987976758736	484.132662344074	94.8179050426229	7.3898458059457	12.9964576959038	11.4742572967508	0.412937132319243	8.96276279668988	10.1519466600243	17.8496962203036	31.7113878755725	34.2207134543012	-1.59304052695474	28.1998983010592	-0.823888127656015	5.56519062494951	4.97248855156163	12.4356270487575	14.7202839397611	4.82073878505874	31.5195522066634	5.52663502610666	5.33917369243767	16.9946096925537	43.3831281040723	24.9280415629592	27.5881699851532	50.508611684256	82.2888773736699	-22.3593805701323	97.0737402735783	-84.949945952922	-200.194939329727	-23.7433452004936
810.875	32.8716627546692	31.8198405235059	10.0592071132213	16.7521838550626	20.4045079786738	24.9083983186849	9.76052465175389	4.7266606972646	13.7413354112797	29.4984322737967	23.5464372353316	9.0518547904319	16.0512215854985	20.8714511193539	26.1592588834519	23.2634056292592	11.0882039547065	35.4043927581474	43.9736831723466	423.473479986066	312.740834779743	37.002109284926	6.92798044307409	26.8892228191114	10.6243123118063	5.7811198524694	28.5178816258314	26.8011391824642	25.557519588162	44.9579169881534	41.383188363341	35.8434118564818	42.7027031416039	35.8391335530367	45.8057997591998	21.2460874475815	26.7844274896315	44.1608518192834	25.1749692108623	40.1157937175716	11.0532700522133	48.7199599434937	19.2112979133216	34.0259828267234	78.772611338951	88.7619382131017	160.18445419864	141.817001431218	69.3140797674102	162.833370781486	229.864559637318	371.790601612349	712.300356014807
815.635	-19.8363482140245	-20.7081501819642	-16.0032840437611	-29.2089359524168	-14.8396421663082	-10.2363280761719	1.2842795594413	-5.17681885890885	-7.37960605420578	-3.87353151070058	-12.6023185203183	-5.11626575111368	-2.05784892121776	-13.6467180395775	-3.51393029777712	-7.7544685430864	-11.9095523957958	-5.61289153482824	130.029708305326	403.474732407031	79.2933455110843	0.92505273212315	-5.08051899158767	-8.96307427303712	8.07447735697281	-20.6468566159621	-4.07398308940449	-9.33979092722237	17.038346392108	23.6831884134022	-7.16247490903978	-10.3547634252058	-12.4885263904691	-4.94332876593609	0.428091586534578	4.06839972400497	-3.34805343620393	19.2886479210663	-4.82073878505874	-28.0810556023001	-14.1236228444948	12.6805375195395	-22.905778281268	-23.8181879787063	-14.9568249377755	10.7953708637556	51.9517148752347	12.2557902471423	6.7078141710397	-100.205151250145	-269.841004791635	-381.323693961384	-1139.68056962369
820.397	-1.70025841834496	3.03046100223866	3.20065680875223	8.16132033964586	-10.016758462258	-13.3072264990234	-2.05484729510608	-13.0545866876832	-6.10726018279099	-1.19185584944633	9.28591890970824	3.93558903931822	-6.58511654789684	-12.0412217996272	7.80873399506026	-7.7544685430864	0	15.5433919426013	316.326817659139	292.981652032863	20.1927153164873	17.1134755442783	-10.6229033460469	2.24076856825928	5.94961489461154	1.65174852927697	3.66658478046404	19.0856597208457	18.2553711344014	24.8874183327278	-1.1937458181733	25.0903882995372	26.1856198509835	25.9524760211645	17.9798466344523	24.8624427578081	-0.478293348029133	25.3797998961399	10.7127528556861	10.3154898130898	9.82512893530072	-4.00438026932825	11.0834411038394	11.0584444186851	-4.98560831259184	57.5753112733633	152.968938243747	7.00330871265276	-64.8422036533837	-18.7884658594023	69.9587790200534	114.397108188415	-593.583630012339
825.159	-2.83376403057493	7.57615250559665	-4.11513018268144	1.2886295273125	5.56486581236558	-6.48300778157552	1.2842795594413	0.675237242466371	1.52681504569775	2.38371169889267	12.2706785592573	3.93558903931822	2.05784892121776	0.401374059987575	19.1313982878976	0.77544685430864	8.21348441089368	114.416635133037	382.996595372051	92.9941762425128	2.46252625810821	12.025685517601	6.92798044307409	12.548303982252	9.77436732686182	7.01993124942713	9.37016110563033	-2.43646719840583	31.2369683855313	42.1480471763938	2.38749163634659	15.5321451378088	16.1142276006052	21.0091472552284	12.4146560095028	27.1226648266998	4.78293348029133	15.7354759356067	19.8185927830193	24.6425589979369	24.5628223382518	43.380786251056	1.47779214717858	0.850649570668084	4.98560831259184	91.1609095161585	116.891358469278	21.0099261379583	125.212531192741	-12.5256439062682	-154.908724972975	-47.665461745173	-142.460071202961
