Wavelength	500	495	490	485	480	475	470	465	460	455	450	445	440	435	430	425	420	415	410	405	400	395	390	385	380	375	370	365	360	355	350	345	340	335	330	325	320	315	310	305	300	295	290	285	280	275	270	265	260	255	250	245	240
248.336	-43.5274835500446	-48.9087385621972	-26.9127060232669	-30.0018215271182	-36.2570495671422	-9.53111952059643	-5.89716929388771	-18.6217142082015	-15.4634895031807	-21.6698571430679	-23.1198820865472	-19.5990184913986	-22.5717653546855	-18.001546576928	-15.9530065994306	-17.378592671243	-34.3597013500606	-30.1164243904201	-22.1564356322453	-22.4287434795525	-8.84460974968468	-14.3079449003464	-23.9496928949488	-21.4714297157719	-23.7565061005492	-13.1876661551273	-20.3494832761696	-23.9466173441542	-13.3814487117595	-1.60530379090841	-17.499470447013	-12.7333252136688	-2.81596416273584	-24.6944662038791	-10.2633671965674	5.86745361618916	19.579267647765	17.2290214002058	9.09497620614727	34.3622281958958	60.7584984144127	71.9628084122489	330.825355939659	612.500370767385	804.351853902384	833.816980126882	839.387609751376	832.402976362642	1020.32426957914	2303.47679191467	50998.6204210795	168313.323632163	58970.6410641732
252.814	-14.8951589454821	3.62339436095314	-19.1215470474607	-3.59333120935689	-18.1676965564359	4.07695117569935	2.45671836685088	-1.07485822053022	1.82170707684217	-6.39963668778492	6.72490451627855	-9.38953186615671	0.491532754714787	0.958245804777016	-9.32048066790421	-8.32576640239441	-10.7781047801295	-1.54588167605353	-2.82307013775072	21.4904028700759	-7.65066434479588	-2.21118552507595	22.065116396643	-11.2509358194761	-3.55665883149881	-7.40387113833741	8.77415925643139	-17.9863695840311	-2.42833625845177	0	17.6247749594017	-7.14879326907232	15.4180229566481	2.95766695460811	47.1211714831575	47.5705980254856	59.4833681801394	29.7390711285727	54.4654627392661	84.3693697463953	135.985684654815	356.731530884799	747.455744487068	1032.3156052487	1062.33633677547	1192.37303302646	1086.52529461489	1235.74342825359	2486.87863707783	45996.3561249714	182016.463219573	78521.9614829366	4138.11112083391
257.296	-27.4650525455353	-20.9125269913246	1.08108313938808	2.03157713914607	2.19209883660471	2.01687801178698	-7.89974095130812	-1.32933767008138	-7.81042667345698	8.44244368746428	-6.26226295817762	-13.470572661413	1.4589749481912	5.68855934815659	9.68281703344894	-5.94934542558799	4.84723233856919	12.2360249191728	-13.4071670901522	-10.0407254978866	15.1392116585105	1.64081857004664	-3.8204840233576	-12.1918975615753	1.50813263922062	-8.30215103974085	-1.92915496720447	-11.5432246317091	0	3.80461722304487	-10.3685649772238	12.7314937073844	-0.476708423561697	16.0948181836057	11.1487210411529	27.2772278538829	52.628292247154	52.2425886872479	51.9864594673646	97.0487279511133	269.817112207664	636.418993917251	926.385127150023	1047.51589086697	1081.75219389473	1139.98932166705	1216.86753850003	2084.72317861378	34021.4606909421	158737.88076276	81826.5663321792	4241.30980815385	5793.24993268664
261.781	-30.5888291839171	-26.6774865500015	-13.1641888261277	-34.5304224437734	-11.1220258180657	-5.73048560077132	-5.24133823410434	-12.1403605317588	-12.1931289230826	-5.71124349514447	-23.8295768662439	-15.0831413932782	-6.90889160014867	-3.36723052939938	-16.3758645731545	-2.321932552951	-25.0852120177279	-22.7633172172644	-15.8722163471314	-1.79800622267196	-2.95429378034783	-18.8700038094063	-34.3372729187507	-12.9094718147554	-20.4047857336692	-4.46003206665448	-4.89396531625612	-14.641680410776	-7.80165393946188	5.30844632819036	3.34770958536593	0	14.0282852099757	30.1894869899595	19.0264539832364	35.2774491895802	47.6615524760464	85.9168432162283	68.8357310601862	232.079870633309	554.229043023036	872.548816139665	1036.61100416071	1079.27553271034	1102.48284941947	1106.36956684489	1902.49578304435	25658.7324316291	141114.423028333	87341.3762629156	5120.36712792596	3039.99746414599	19275.1189985833
266.271	13.8273267096592	12.333323328122	11.715478852121	24.6367170091483	13.5744747235829	19.1504555692093	8.46671453966277	6.03670063603928	7.4408800642651	16.3373305367044	6.86707657138872	0	37.1423989930725	-1.46775630041002	19.9868048646343	5.66785498711952	17.5094914488469	18.4165724827981	32.2868338220372	-0.609575949705452	19.831497244168	1.12896623866458	20.2784380264454	23.5246719411503	26.4606258344728	16.632874087489	26.3812059903108	31.2728963968989	28.2682838481241	6.38081254444226	25.7800344652214	36.0129722616954	55.5959199318739	42.2827351096418	52.3014849092556	67.8964109906562	85.2708979020547	120.851403550909	252.56626645806	544.935446023554	864.688554612444	1103.41378785369	1148.94178974306	1185.90740971306	1204.1106338821	1815.38271323088	19332.3886588755	125034.051930089	90590.2447698898	6661.28943527054	2439.66163641102	14000.5839188979	30987.6999688591
270.764	-24.2121147322859	-19.1279428407109	-16.7462840921758	-14.6858625277095	-20.3737391908761	-11.6636843939732	-6.90287937450891	-6.31482391107533	-0.620439599022464	0.726532468901191	-8.08368560634094	-13.9108657760897	-11.5510780241082	-7.34311631923095	2.85694436038738	2.36300118074355	12.0136003376624	3.68549012952507	-29.4214489871915	-31.1067364854726	-21.6471394541331	-10.1666977928346	8.45433997676743	6.56890250801489	-17.1316946713912	-20.1729680855033	-15.937683710764	-2.98013032762399	-0.992455478910826	3.43785158532537	27.2553711965573	18.9910205591124	26.0913648025659	29.7161298977499	49.7157590653687	42.5293633871711	52.5953003950934	165.571200886305	428.175918608229	804.569933782758	1046.20019819156	1112.21964713404	1147.81711200444	1129.50952518926	1622.67212292122	13949.6121233042	107257.53121034	92132.2860409753	7294.99707725323	2074.04966963397	8224.26363485459	25259.9677609328	8801.33310539364
275.26	-13.5431208151851	-19.9317113711173	-3.82489324301046	-23.6169242742939	-6.6477329654667	-2.03878678923195	0	-2.41880020300295	-2.42931358069979	-7.11179297832465	-2.37385805844741	5.63457918453258	6.88250911546199	0	-17.2455216002174	-30.0698574415006	-5.87986374889778	-9.27670605713259	-12.4234049205212	-11.9409353756357	0.588602486470017	-4.42304618601907	-9.37910609977579	-7.50176895322099	-11.1797770997598	0.987333525502499	17.5509975054444	6.32050002337481	-1.45722418646188	12.9800667635571	25.2501534615676	-7.14988463085274	38.0690550528399	45.3578167426467	44.5670409846461	68.6635029800708	109.832213789143	413.982507010391	713.926921103093	1027.67975885985	1030.70830016071	1042.42170933584	1127.09173959324	1494.85047322919	9798.59743504371	89338.3038191518	91995.5770862652	9215.02580775222	1880.15331207989	4740.92030509325	21422.2285005687	12964.2264068268	-281.547133367801
279.76	-17.1174056456867	10.5700974776974	10.6249552915465	-7.98658881572155	-6.03234511740942	-3.96440161223295	3.28473398934646	2.35166704902642	7.08566589219496	15.2116955376851	7.30857882870551	-14.1519984369139	-0.955926701733112	-7.92023350834841	0.906317662248854	0.899546971533901	-9.52778283346223	-8.01709649491263	-32.9416271813729	5.22428305577208	4.57812785260418	9.13810715453995	11.8007890175616	-14.0661501911898	0.494067516845837	6.71951242937918	-19.4338567899871	7.5631707475405	17.0013518177758	29.4462197758025	23.6229519209342	48.6600904402496	32.3273372510125	36.9088809106214	57.2754124796732	99.3481711265071	334.255697176979	676.329095098101	957.052189844817	1031.17248608776	998.527438793585	1027.45803577205	1353.24334670183	7796.37933211755	72955.257065379	87797.7489404014	11092.7287668039	1979.63305294801	3125.49094004474	16783.3678558549	16644.7476902985	1797.4789723957	-136.866433917712
284.264	-26.316354458811	-5.02991723521423	-18.2016793208893	-22.3280627084783	-14.3528461959973	-13.5828838550487	-16.7676180731393	-3.73023700312495	-9.2724651726848	-9.21286742345866	-10.6166909364819	-33.4548159945513	-20.4700523458496	-18.6230237518294	-16.388752128601	-18.4066243001684	-28.563685707509	-19.0751939238128	-14.6306516807611	-30.3849636867292	-22.8748925460587	-24.5561571827584	-18.3781887707008	1.48745755927798	10.8149864544723	-22.83976192008	-7.21783527279703	-3.59903236239682	12.1354688607091	-4.4483693733172	3.9675128467593	43.6647169834361	0.891790170545276	37.4081169244873	71.1006361582242	277.153061032253	553.666023303457	886.323561172986	940.501366463296	907.757209365993	983.65710353942	1117.446856984	5311.73722502435	59160.7763078805	69422.3662068334	12965.6074359645	1953.50432729825	2362.83817763362	11720.2617965346	18270.3660543044	3330.35378448131	440.795697491237	390.777948644789
288.772	-9.47779400302764	-10.5671815972767	-12.9057594977458	8.08419044557428	6.20298619927984	5.70716350186247	-2.95544507263705	-6.58285128252771	3.98458756769953	1.55531242024464	-1.03830101170095	1.23225338747415	6.45072524046632	-1.25757242831819	-11.4164523183758	4.45152916579075	5.57221537505518	7.66423367468815	-3.95190478350651	8.87883119338149	-19.5660975521565	-7.73837898757476	-3.86101100847947	-5.1561656245948	4.00084290433612	14.2510332609515	2.13239587409385	21.2655497673369	16.146828713251	29.0175524658436	29.1732435609487	36.6934859704912	54.8007980977635	78.9248799347609	194.931637037897	482.888099408744	824.177270737585	939.342503871692	891.943352558903	897.792779815119	997.465958570966	3420.63106376905	48460.1136424745	56018.8821763795	14731.4454247569	1879.30705184559	2059.9177180218	7876.03306136583	17939.8401396628	5933.06641059356	1073.82002489501	1240.24908421897	0
293.283	-21.5766580593278	3.54519815879648	-7.33082894640994	12.0541158782462	8.17554687572699	-10.5992546344584	2.31785367932159	-1.12678048481333	0.254627564705791	-1.19267173486325	13.6018875172292	-6.69331073163066	-10.3055362108306	10.4471637089227	-7.42574508810584	-2.32745390332	5.34122894851682	-6.05008047782083	-15.6258526625699	-12.5158452954085	2.46776569151621	-7.41759804333107	-9.71501884798821	1.79724574967051	13.2094271213707	7.03711478587677	6.54080364424974	11.8227337206854	16.6993973385283	20.5586770121873	27.5644333162416	36.3714816258693	49.2965653542884	178.177725289107	416.656448034649	733.974394023562	892.661300364958	854.085595615873	799.619404361188	862.87735924149	2213.06430648486	36982.7667477861	46572.6580743341	15269.8549347231	1723.85096132927	1874.80756069965	5026.86002125368	16483.233784722	8802.16338264449	1297.94284240849	734.505264337903	684.769957169013	1038.76094235386
297.797	19.2392663806531	-11.2769120175056	-6.65340933862837	-12.086351200343	1.79880471590959	-7.61309674764747	-5.9837663859888	-1.30900240265572	0.739514258710015	-3.46387381472579	-15.4161682219812	-0.381164062318486	5.98606908907712	3.11196655045131	1.89180479111225	-18.7767197028439	-0.397756900561688	-6.69380381366573	-4.12564804093888	-3.87730571808078	0.477808420084776	-1.79524276458474	-8.06151634505874	-9.13453932095002	-0.412517303561164	1.60297070692416	15.4346084670621	16.1816814716066	8.2804915299096	8.58553868288223	35.9668834230825	59.588191158873	138.477742206939	334.581788601692	625.839188156423	797.459926960848	813.104493469608	808.11500352555	803.244148334048	1645.64131078585	27425.9504397405	40737.0196522204	17620.9469895708	1410.62929030806	1515.91235520585	3105.76984559286	13363.9402460122	11491.9171858462	2079.86503759297	946.955785452216	1146.42541430094	856.278483923682	434.246590399625
302.315	-10.7926690772166	21.1784140358419	1.74177229229841	1.63657384048853	4.2381240181829	7.79871691984364	6.36377971499573	5.78270928344186	-0.72598049737962	-6.51759026515292	0.945877424071281	-1.87094212373882	-3.13414333869557	-0.763753706408009	9.28591549804976	0.368661784366586	-2.73334319620506	3.69635699066436	9.45033845774695	18.5559446152524	21.1078847596097	-2.64358236463996	1.75866300131434	21.3508790896027	14.1738755935285	8.2615833992445	22.5339541111812	36.0330597468375	34.4512695930639	52.8691534919753	41.7629286089095	125.732015431655	322.193722653589	563.408732859847	788.291656030391	822.935335208073	779.533399238842	791.3908472844	1301.81272315992	21752.4513969061	36837.4602655015	21613.9306284865	1279.41423058644	1183.97507965544	1951.91623393767	9564.22143709281	13284.5823860816	3273.63530539227	1263.87097616118	1272.27614603454	1172.93194419538	1102.73285826468	1839.8188769533
306.837	40.8983952575119	6.23990417646768	13.461296503732	11.832252304345	22.8928351987396	7.77708716730321	14.8889967512948	12.1740830764854	7.23966989430955	9.89056435533952	8.17486827457449	10.8213677658671	12.8924844990951	20.944974446276	25.1876379148969	0.367639300379935	10.1242598411976	9.82961370469257	25.1310078146853	0.474473837853864	18.7105262320131	21.0900030813404	28.060565551405	17.4591631646262	8.48073859756863	10.9848931811479	41.4559622210383	38.2513879397965	42.4621245418951	47.3738592867162	101.846087717492	278.04030323278	506.650841460261	750.303567532276	786.105327994014	783.702058287593	756.005014857003	1123.01229231425	16199.7700223967	34209.7417527223	26617.9983380569	1313.02965353638	1001.61425200438	1281.63962361395	6043.25561139081	13296.662280177	4865.7873329658	1593.15653780713	1349.63267100639	1250.91965279089	1264.38965105415	937.427380481935	738.361372072304
311.362	-12.8989621044961	-3.83508862733414	-0.867373284907447	-14.6697520779879	-12.6630865621784	-17.7999697420553	-11.944900316643	-4.90614174094951	1.44610427338919	-11.8536791781593	-11.618765570515	-12.2984094663079	-14.8271309879119	-17.4954785705119	-8.50858250457638	-28.6396287029073	2.33341526643037	-28.6334776946161	-17.4798352429812	-11.8468565305573	-9.3434411846395	10.5316761768688	-6.56838430275938	2.55177082058269	4.43667807179345	13.7137649263433	13.1562763956782	31.2570416841653	48.19143929907	56.0899773911073	222.719485778278	445.285964227287	710.250711500305	750.529359110022	724.531072229892	744.091076257306	985.696240658008	12229.123571288	31913.5246920412	29170.1469956302	1565.53651076586	802.660060303975	884.762054128093	3531.95200829091	11535.5376812457	6526.5971595279	1593.36908988289	1391.62691577535	1129.28702792768	1059.4156533195	1059.42090674206	990.256791856985	1094.96933794838
315.89	-32.7517678668787	-5.26792386882587	3.46599091589384	-24.8319883326349	-3.16257600356367	-21.6617113451387	-10.2281509116079	-0.426190375262487	-1.44464452681899	-5.63891127306113	-9.41111123961563	-2.60612015910495	-1.16938136686917	-4.5594307937301	-14.0434677754812	-17.6065962417946	-3.88509973021528	-11.8504664102309	4.02973627061662	-31.717526406405	-2.80020287971555	1.31513064333576	-9.62390579840615	13.1708407134611	-0.805854461612819	2.34855802082365	10.8236437690324	29.6834902742089	53.1496437260236	186.396681594041	375.48335688343	656.483399693515	707.623330249562	699.734844318567	687.244165347273	890.378955281201	8642.32958651742	30205.2799716594	31889.9485073457	1901.66305182187	724.561149136156	714.513382723969	1841.21868194831	9065.51248502247	7892.1839133759	1773.94310957733	1293.13432928472	1141.078404132	996.671299020445	948.657697095997	968.580606007462	683.486787997562	245.56131484605
320.422	18.2843045534564	18.7070811050809	9.98067436859781	2.44640033866745	22.1734682659098	20.0772519223466	-1.95133772635872	6.82996121821149	6.27014683679491	4.80074683344114	7.85514629994442	29.0861082169477	10.5412787097886	7.99177584202451	18.5078251138651	22.4108650241308	19.456592952967	16.3716350270224	18.8355377000306	19.4403008419182	20.1002435817634	24.5884009766483	31.984985630459	38.2991319133343	42.7786526147889	33.3244957393501	53.4304906793639	68.7288155829724	190.564867618994	369.953986585855	642.445972226274	720.751394916942	729.038994137424	697.331055019826	809.984260889242	6185.95225303404	28522.9985387005	30266.6452559842	2603.81351130638	722.98233267413	682.516324482638	1061.75876343333	6372.92150136898	8607.09730419825	2292.74729849189	1282.15553766218	1226.60232350245	1199.4679029924	1240.39943174125	1057.07103239117	1334.52167971918	1819.5438168914	1408.64783367179
324.958	8.32373866301187	-12.3739705663184	3.13442395867297	-20.6157911393626	-7.62675897484304	-9.35617331402513	-13.0880047997078	-6.60719557022048	-12.4423385940079	-9.03335804959594	-3.56643737492185	-20.7784152182304	-3.22290249638593	-9.42459917495998	-6.87520315573424	-10.235762418127	-4.01535952276936	2.53402538542987	-10.6434939108637	-14.678038661113	-2.89408820352959	-7.70227160388275	-7.68599095511871	3.07377524619458	15.8245905152747	16.9911040333002	35.1576951552676	147.018799245755	328.395717495224	590.939256543161	708.993766401971	672.634815354208	705.285378528887	749.860896638063	4185.31477086056	27764.6772616926	29376.422337155	3509.4014721858	676.955164209116	629.654675181984	691.620835329978	3950.06025323682	8911.53972615713	2993.79732170337	1090.56923837918	1121.92599966183	1134.03492076485	1060.88788328078	959.954104436443	937.569018987231	1040.12078815671	994.540731726478	646.022377074665
329.496	27.6640845935391	-0.503572628956621	17.311565428417	6.4207865301141	-0.369499430737282	10.8788565884353	3.84108933166233	2.24072703361079	6.07625931150134	8.89409639194605	-7.91673678052907	15.2677948004655	5.73823410195184	2.39715404907873	-2.72022055001118	10.0281963171838	1.63409565284636	0.429687537219308	13.65360782911	12.9423507999523	24.046376311458	18.4383878272706	12.8795896261504	29.4856734126584	27.963135448062	54.7415381412522	108.528058033678	301.181551089912	583.175237797556	731.488491522867	706.635687986995	683.943320156205	738.451504324544	3028.21322213451	26774.2526105329	28258.2357457126	4911.96239954675	674.620030400858	631.02989222191	607.438022460648	2273.40106933643	8050.25093356552	4232.71194545589	1025.18423172053	1043.93003878992	1122.30713209463	1101.91575814961	1128.25321239332	949.902443925454	1053.63834738946	1222.17199115791	1513.04493497025	1197.16153047713
334.038	-43.1828367128736	-10.136066801259	-23.3830023240737	-30.5867034762535	-19.337239186182	-17.1072668383891	-17.7823679004958	-16.6877592393296	-8.15365606225258	-17.9023143796338	-4.31574392622852	-0.787987004010891	-35.8877995841908	-6.4334218282711	-22.2924748167248	-21.7377634389958	-27.9578485461642	-23.7844327884845	-21.3225574022404	-21.0410041199366	-5.92668925517724	9.27834040106427	-2.77761850277299	-1.34885641570734	30.2745454585363	83.6746831505514	247.49332886319	496.894502637216	682.290600866922	653.083677515841	662.798470092578	667.933252480746	2100.5807258773	25860.0630756576	26869.5140928149	6186.11581090605	580.794771037722	557.725566733575	529.142305420844	1248.57421012776	6298.28517119231	5653.98220076051	1116.0674460914	840.757624010629	900.537820073417	983.80334037514	1055.3479960955	877.105750232587	969.461361344919	746.670816127334	760.007992261542	532.963199179371	165.370472993141
338.584	-9.63679423075201	-8.59556598249888	-3.65936872794702	-0.859588127469453	-14.0981072722894	-4.77886486141697	3.34248865129628	-12.3741416679671	-2.0336606500993	-4.46514201992353	-2.64964927307847	-3.53767275820924	-0.411541529181169	-28.8828889665658	-3.12147243900238	-1.16180749705235	-8.20372170770029	-12.5116387334795	14.1818903053543	0.999616129911636	-11.3329986175012	10.1823747239708	0.461856898463666	19.2885246986994	83.3799139671199	213.244823420467	450.97917639075	632.490500023027	660.774673639989	667.256166009054	658.859940521103	1536.25536301924	22603.9213851903	25767.5677142818	8182.15731653713	589.741320699807	557.890982104264	537.623434142615	775.767834117809	4337.13437718182	6579.00736143881	1573.57007997744	796.493136628072	872.825344883492	964.32330447412	1025.9594489818	966.11063230923	915.393879366116	888.839513969712	954.636747765879	1172.27235216339	769.095557568613	542.093067318575
343.133	-15.8578063208415	-17.1753615375366	-10.0540323831751	0.429399788586402	-11.119874413167	-14.6644771424771	3.33942239161528	-0.899112010654445	1.26987190914895	-12.1935254186324	-19.1923348162604	8.24699737112825	-15.6242319295773	-10.0195809058571	3.50843504667351	1.16074170331093	3.68828818000401	-8.1897607062351	1.8891840574244	18.9752833515502	12.7994633534056	9.24821258007551	26.7631261920657	68.5683028424453	209.108596725126	394.306177219611	598.579280918163	616.458162098446	645.543234984899	633.271642657165	1151.15025778195	17984.8079466336	25195.6497231409	9803.08783563467	601.102507305247	516.850316104427	527.716097332863	574.1912120752	2674.10461090175	6565.71773612434	2530.19457476048	706.288701679948	762.544182242057	878.824063801573	936.510264337681	1016.61648742153	937.770376344964	951.346542938148	888.024129671097	925.617236503126	1061.55298782671	834.794097303194	-47.095284673748
347.685	-8.5302486632267	-3.04343180838743	-0.917768080149185	3.88051789095513	-0.74437876883612	-4.10927047513603	3.09524195150958	-4.7397829777743	8.92572106347001	-13.7368962206998	-3.65491984810833	2.76032332813314	-9.90858584989199	3.21947375526083	7.43720729320865	-5.82761626577523	-2.05748982447535	-0.432815659960988	-7.11362380020854	15.5436039294381	3.46020482706584	20.8941965798838	52.8200799200342	178.651978633206	372.141945834924	555.131844166572	587.533832502895	598.582106836056	624.134546976967	955.637305957013	14159.9807105069	25036.5857382038	12077.6853804554	604.503536173108	471.505515115598	504.44981735323	528.448742848073	1603.75494729941	5793.81037901137	3551.32398647125	802.007788904092	676.352519086744	789.404599727307	895.245700554255	969.410369848508	1002.7263302912	1006.92387278118	935.913908702122	914.142759030993	1067.588762252	910.791179198454	1495.48377019325	2529.97694025134
352.24	0.576522380979876	8.74192317553759	27.9125775624994	-3.05978534268102	-2.2639194552984	-10.0676293661626	-2.87641656628141	2.51696737701359	-1.03414395308461	5.75214898103452	-6.7369125065564	5.1969795429737	-5.02258644371311	2.85587162457386	-9.1270380445737	-0.393863219892457	-5.42321451482616	-1.3163457021693	-8.6540196970671	11.6913214849193	2.50564483313097	46.6008777004641	163.462894866186	344.437171873483	529.565027119276	560.682669480314	571.973536548866	604.763699952661	815.115506205373	11492.2944916302	25418.3608717635	14292.2261228026	695.822179778596	468.86185588643	522.054823154808	505.419495076549	937.533202297698	4488.43409661546	4647.65217237253	1090.48004282302	674.736082160193	727.128994462516	786.760351664444	926.620631889686	969.575012742151	1036.09763960597	936.962778612008	1054.04096332964	1020.10145629293	1079.12191917476	1171.93937791297	1535.41194640512	1486.17589785162
356.799	20.9861002061019	24.9581489054728	13.6414256497361	16.3533869806767	-4.95982260357564	2.80822743502533	19.3016762213962	6.24685946115711	13.3322746447192	0	4.42779324813819	18.9984680502543	0.423213238127282	9.90067838380896	10.432501184284	1.19475746199024	16.450954753611	11.0917937073503	24.3068369909789	12.335594322135	50.1646482531837	128.985610225794	317.270340204415	530.024764341547	576.589007716545	560.981195899536	589.67961191828	731.627460478817	8850.00168594833	25973.0374291955	16713.8909536612	845.30897460618	438.490791422628	480.453350049647	496.120936045985	684.660687847639	3065.05715296518	5163.43838849078	1641.88214211239	707.527446705735	723.393287501969	768.901735843427	873.029427167384	923.824515960474	997.831886084725	989.578880508468	956.328170898095	926.928418431128	955.490822896746	1142.64740797895	1456.88266951642	1630.63714876412	2254.10707843334
361.361	8.21810027007529	17.278229277256	16.5784515898439	12.016663852892	19.9774610922204	-7.06946331619801	4.52621569420915	7.92120124546439	0	7.70626185604003	17.4915508184656	10.1759483103021	8.94937481425286	19.5238619389191	6.46471280439396	10.4266790048249	13.1674704800256	16.5301828570558	15.6647180054271	35.1942656722366	131.132354414191	274.146155080897	483.046060197234	550.438296295219	539.195830028132	571.307331233932	646.191784526904	6921.73902780511	26429.2118250047	18552.9598927912	1098.14865194181	427.664073213525	473.292430354226	490.637620944596	584.393100569999	1907.52960631239	5008.95953072978	2494.1961260163	779.992306296058	718.402056352723	777.503286603362	792.246629445907	905.888434595779	1003.37539675275	984.106771228341	975.322230839418	964.486164868099	958.806919329719	1089.65857311412	1160.32879806831	1167.42458494928	1465.01235760422	2294.21231432658
365.926	-13.5423884416467	2.62590691972759	-7.12674485150106	-24.1067097439491	-10.4045845694622	-6.02739150196237	-4.54003579173714	4.90744516175872	-1.58424926759721	-8.96655840824195	-17.544958555648	-15.1063881052032	3.84715728944807	-0.416669681337472	-10.1319559408648	-3.62025527947203	-8.9471348864941	-18.8212842882243	27.987975754479	87.7351717300813	229.286655756577	452.376237741316	506.588257952868	515.311042633767	528.911838631755	621.127979519971	5507.49344874005	26492.6659341894	20606.9922554023	1386.97367258479	393.955658616682	414.049187675238	470.966471527725	499.423430695165	1134.49390272242	4216.90047914198	3367.90626717056	900.441112762034	723.863023835575	721.78862464422	771.567104629316	797.441756115113	851.863522886124	923.379108903195	897.939743413455	972.061066377477	964.426629435592	1018.19995933613	1055.77765351102	1173.62479672034	1134.71955985903	1390.5869928061	416.177603275093
370.495	-7.59222200319483	-14.0647236457197	-25.9191501092177	-5.75632951993305	-29.0491004571869	-23.5620676495586	-12.4499133559634	-7.88085239388275	-14.9281240764972	-13.4939338305878	-19.4498000960901	-21.8680868331594	-25.4393962095595	-13.2251313658046	-21.3052811331849	-13.5654348183814	-2.1129674661914	3.11140195316518	61.3656437145905	176.619748377351	377.179165690057	473.97415517187	447.753449363809	485.245746247463	542.146867706347	4275.96498700954	26379.0918817789	21653.6497599519	1804.75228429694	334.183492392612	380.483588015063	438.640758559492	478.778096881673	770.901530958065	3082.4785271208	3973.75012135332	1200.34864618787	737.118073340091	715.219972687723	788.701974725919	787.491989868875	850.166557533731	875.39285859835	888.709504634414	918.414806684722	915.895503037589	895.502398077208	903.33614433059	918.031959385275	1135.07054576707	1135.78156614525	929.310343939665	1141.26305147143
375.067	-6.40205508206277	4.67208917362248	-7.98377269248616	-7.94284293426685	-9.5227038803398	7.71014332862478	-5.80754156420456	3.0028857113769	-7.30784936180461	2.75061358729682	-5.78083245602245	-15.7392057141218	-7.18299634012325	0.823722989031785	3.60541352805037	6.75934942771476	-7.58047615112209	41.1947814691684	128.132662575248	345.351527064356	446.199050422547	451.432744054918	470.394422616858	512.588403862986	3565.75437854563	25242.3870588488	22605.0028659423	2335.50154417653	341.086976143741	356.997248437486	424.214854549329	466.626569168692	591.440659231808	2153.03690343305	4315.21959255773	1826.68323515953	809.275334101199	783.098283466784	830.079683585504	844.948314549924	899.146843528737	902.805349699908	939.132734194598	965.128905188606	952.147665025385	1016.34836639088	981.510422080538	1091.07142603832	1112.55442372016	1160.08167723309	1362.3395146448	1696.24112746526	1064.73553953474
379.641	2.8032787163759	-5.50086330716845	2.71443875143773	-2.12541150942166	8.43951833626639	-9.11534454546105	5.59450776289581	0.667553780823422	-0.502841490459346	4.71060416008238	-3.27575200317772	13.6067937903663	10.9898064056073	11.1090974518808	0.385906531057452	19.5342034632455	26.7754926506947	101.982747923731	267.904556434325	413.258835911024	428.36944511375	460.965556751845	478.719731589892	2904.59448041082	23023.114371755	23368.1747490385	2754.11577832737	327.269964115797	330.183822942971	380.918984792261	441.787774252088	515.022028521916	1357.73331035566	3917.48486953301	2554.55306766424	893.043581102832	788.588182870098	837.800728569285	881.344540809746	890.63460645163	880.772627334331	916.609279880055	928.79835693932	992.829347379681	1004.10493081359	976.690027555474	998.431864158434	1082.26771150765	1164.74592990534	1256.83119993392	1539.31628869655	1634.01915430756	815.880723768132
384.219	13.3532586595753	-0.992539748708506	-9.42817935322439	-3.79660379614837	-2.5489869358493	-7.70578531537239	-1.26179542625071	-5.96222709619428	7.23567166865329	0.584341012612356	7.47684875803583	10.4167266423963	-13.329687325315	2.75612258370182	21.8291451571082	26.2273472332285	75.2861148362129	212.575040537287	345.669845331026	386.564379241685	399.958439050669	427.018414579847	2377.18221957315	21433.4125511771	24372.6246697735	3414.92885846847	304.038332825528	283.631000221266	374.364981300794	424.628255202732	468.95614735652	884.339401908549	3163.97759238991	3224.51680919698	1124.65227006986	826.715101470011	845.564876699939	896.257814872766	939.400270443376	943.038000143518	988.834708619939	967.340906790247	963.785999862886	993.617666727927	980.780830323525	1052.97034264517	1129.94114315068	1101.56424422981	1204.21979083949	1453.08762738329	1586.34639399836	1444.50595817604	2058.8674105867
388.801	-12.3704079955861	-0.959462655954161	-13.0199693906862	-11.4180244127077	-13.3762178705832	-4.85803339659483	-10.2458596516054	-3.84235442631559	-3.85905531929502	3.67163831411072	0.314246845984369	3.35652727381676	-2.73328067063178	-2.2836624335856	6.66368632916896	59.5251443914695	142.440842043644	276.307385806396	322.040012251029	360.878026869353	410.939982368888	1692.42966156432	19108.9211223594	24864.9123748232	3914.35377555668	276.825453390241	241.24303352098	302.755176998878	388.895644102312	437.969644254327	610.365461280603	2273.84330592669	3585.19643881654	1417.94788771333	814.565573391988	805.605642698064	891.445798054062	921.352318682073	939.144390936974	958.471622780659	969.895228322249	959.828356070004	963.914466566847	979.876173974252	1022.92034049439	990.523137254515	1075.81844243074	1086.48367612895	1238.43701613379	1333.38993587742	1595.00880209088	1486.45494889467	1565.3684643701
393.385	-31.3935952280254	-11.4760682053565	-0.830565210402139	-8.19421325785833	-9.09428443716003	-18.904017202779	-1.1671432114796	7.35330279996352	-2.30789503779234	-9.72913150077792	-3.90903277378557	8.56473528545282	3.36266598932003	25.129553952461	32.2358009165734	114.267792067209	221.204992093554	254.990935056475	295.705664568753	333.51713674916	1404.22231546377	16278.4693476018	24882.6808340274	4614.92531110784	269.966640419166	222.865475149919	294.199729102312	332.931845600375	404.980587512908	489.59888809249	1479.11750055034	3404.59673355545	1891.27073113386	831.090501541529	818.370039721853	839.89614659432	894.738945603698	930.520565887787	947.350385154589	964.584280613377	956.563890155287	938.454122523003	963.263871627349	1001.72270817624	1005.99557323394	1039.42409622653	1079.3188741716	1114.45643500283	1195.19213746837	1548.68241112296	1589.62736891867	1474.07285676769	1669.04549495758
397.972	8.96714749779935	1.33304544620885	7.63779381367901	3.02168051165201	-0.652086716920597	15.8990336056529	6.32678045422777	-0.395439942071624	3.57442858814787	-3.66243729003754	-2.91069398359137	-2.07264318194509	-5.06337212617258	45.4774377865737	92.9259377482854	184.463459910959	211.961211806299	241.89952777263	296.210562474117	911.421993990552	14570.9311388041	25122.3321286346	5369.07863777567	300.782966091809	215.714494843453	258.950330356789	326.746340247672	379.861827193986	417.031656794703	972.256719162313	2882.81723740173	2406.66047330129	919.264679277931	785.625946372683	831.367622389177	881.026591621325	921.228407123415	974.864829521609	975.959879438146	994.776838309835	1001.12251745222	1000.60556070095	992.816317082039	1003.29961962119	980.811350964951	1006.15147784078	1121.02972434367	1240.59928195693	1306.46888103089	1490.85614284229	1630.80390908024	1643.84041589719	1988.45329232015
402.562	8.14240237233747	-2.56328432482275	-11.2081557550243	-16.704682235315	-11.9118930373176	-8.94084121190315	2.38967724674336	5.70287199024463	-3.65138304024856	0	0	11.2920824147169	22.9497298019064	83.7191984764106	150.992358877851	156.081443589585	202.054930673844	236.946080368192	662.242986493632	11010.2601696504	23612.9487835277	6137.33765415686	314.920508299374	194.811077813114	219.617303956293	294.358339640584	304.146463124717	384.472047163996	647.9801263413	2183.72700576943	2764.23998964955	1060.67266107462	747.478179059075	788.808890645069	836.629862441097	867.704025868786	924.548279382468	959.170174735634	978.21628828572	937.007667681898	953.678457874388	962.585987650341	985.122526582645	985.456405891764	1023.9628416048	1059.72406773786	1098.57589418026	1177.94389087881	1246.63189842037	1520.63901036199	1580.5633307542	2085.87657139313	2349.89251953725
407.156	-4.27482536494724	11.8624881657871	34.4945829516705	11.8841070828779	6.52812877280654	6.29233155616314	8.1865777247388	8.48314932695325	12.1410307160213	9.97691363554629	17.2060942539415	39.8522386117186	80.6903739451031	156.297953259385	152.351817000538	178.14657129376	209.31021327948	473.926609245212	8585.07591656589	22921.1699733898	6796.60140399985	352.13115159657	207.039600298975	227.017688977432	256.643383068149	331.385069337383	371.37805733657	500.635049906228	1533.22093671773	2886.85366712039	1465.02760816879	774.008770115664	769.991332503123	810.258721495204	879.615902198354	919.646852931842	948.957505080488	983.124818130288	981.317208748658	984.552161368294	1007.62615103676	979.77291649455	1021.50247907927	994.366304679374	1068.97757208064	1076.07423729187	1134.27523913846	1298.91870244429	1476.38553859131	1649.60953381129	1972.85361727891	2522.0096842828	3041.29775814717
411.752	7.00728196167627	21.6672388272204	-9.04694805546125	23.0222856986941	11.3123701688927	15.1902577589454	14.4082147016705	6.6746664032896	11.1029667100181	19.1343313352734	35.4826809589209	69.6447329512731	139.38953153214	132.564481207649	154.342462384498	190.210220614144	331.607695775996	6404.73294719058	20871.6999478902	8092.34098906813	384.134050601612	198.337305122276	200.201740403054	256.545674142403	280.459417672487	339.546003924867	427.14231954933	1032.06050381475	2632.54720855133	1886.10543879918	790.775767580844	727.710709031833	789.547379808901	848.262642030555	912.12031623018	922.019865676646	940.815224765234	969.433867684092	978.849135482126	981.576875462877	975.296399687083	982.897132135379	1000.40420854908	1012.32940237742	1053.00437409717	1111.80020775559	1154.91187241173	1276.06522774124	1531.38930063086	1645.63553642916	1821.12206317005	2456.9685739714	2117.12833574724
416.352	-4.13804467442939	4.10104522150485	-20.4055298434322	-10.4580489103173	-17.4531655779204	-5.81413363672493	0.625628961670353	-4.19709917509418	4.94844492753467	12.7964318600777	34.11702285621	90.8634053246906	118.164203014275	133.72695548028	142.729932594423	250.659871312093	4576.59089365585	18000.2159833559	8554.62357923049	461.738390600914	184.640928941271	172.684448348888	208.656362025488	259.047586657007	286.386449188843	355.306916856832	695.156370373428	2104.51576094934	2276.70571681182	916.5880146461	712.634031452261	752.4794445832	787.88965227852	840.906788038742	869.557819325295	915.184006585267	927.915794082088	933.945275724138	963.842799089112	963.763309273776	984.370474475764	959.804407937977	971.438458721422	981.869770082092	1007.24452961099	1109.85195183487	1083.90537900272	1291.49387516931	1430.9618816728	1680.60363785248	1853.0841405325	2048.54694911143	2294.01505848329
420.954	-23.8757838306186	-15.6706953696547	-2.5445578535749	-6.83106649012266	-21.2279382050622	-8.13796977855792	-5.92546846390779	-8.58206374120635	4.64637693231119	16.7957913380136	73.6978027443915	96.2108316023372	112.177534634277	135.805024273831	215.192480808139	3401.35451892751	15472.8677077638	8850.87956912685	541.721698708118	156.096769122104	173.076208697988	203.031571708542	246.279384241116	275.554909998572	326.235177625384	503.464733529812	1532.47757480782	2399.64207145306	1147.16656512715	703.924719066438	701.39485814056	752.486174204419	796.644221318013	837.024164832754	881.625184616261	912.505968297037	906.490542295734	932.426397199194	951.176582898605	968.00961133421	932.188342507905	928.185351640262	980.568306950336	949.172615289932	995.605680535558	1097.91386454795	1236.68978809962	1289.07248365316	1423.3802567385	1701.34549152047	1756.15356809517	1577.02898005095	1030.16504805574
425.56	-13.7005999063152	-12.6144918668146	3.56623872065604	-4.35610150216578	6.65272046942413	-7.18546211136856	-3.00685214925924	5.43761323337933	15.2606646625856	58.4842310496984	99.9317735257652	107.872821213235	117.753535879714	182.960873925367	2534.316655947	13238.449561276	8802.42791393004	667.347582402999	154.42624657615	143.398729660589	171.334998128442	241.044420313776	263.94025692509	325.942276085445	381.08304408107	1058.74306956964	2243.88574935083	1467.28691110192	692.066751058131	673.963802980264	737.8617943295	762.811749874821	819.612456266315	849.488246993209	885.657161939584	908.280333136496	915.83068379424	911.201832889622	916.849918881818	935.796482847593	961.556061662812	928.318709070133	963.149660255142	995.531269821123	1021.11250935725	1134.25497749739	1236.94745804524	1402.74615746575	1469.73543023698	1700.84725133958	1870.68197725596	1776.64538174338	1470.04364815366
430.168	11.2725928137275	-4.25387818909823	19.9415011750425	-5.5882540497629	3.12130858373746	-2.0885915097092	10.4224366975639	21.1652943726787	48.6066079403206	75.8149859089275	86.3812711640967	98.0075550814906	169.026484950792	1908.07525087958	11868.0945005521	8779.85270843902	778.662945695549	133.970457029595	130.161389239779	168.198742094972	217.073241026505	233.98857987256	283.654571631057	361.264871962473	749.643282114188	1931.24251397459	1756.77081213201	765.78156437961	668.348913554206	707.642402268011	748.251188464397	790.440626932326	829.346439993715	865.552629109919	884.252202417828	886.876352485238	909.425113568824	901.280716123036	905.181753373808	917.584659223686	913.639799640298	936.240565851806	956.1597173104	1008.50601652228	1048.29347003706	1163.24940214544	1265.44487423622	1401.58873756415	1633.60866572644	1632.63645934701	1819.89296625881	2047.91156993874	1892.78865258485
434.779	-2.16249961287516	-4.62923441082448	-4.18793373264444	12.4608130115678	9.90712466975893	3.12521809006196	25.3057182859944	38.4505700003247	64.9734121877948	68.1345892383898	102.342447111412	143.352547156555	1441.21482926674	10935.9288196817	9497.66886593507	963.531879442623	149.905927857985	122.779935077777	138.498943686743	194.480384906491	231.955424522798	266.96268391214	322.779004674057	532.870328160986	1545.27551205634	1950.47811158266	909.553266083317	641.868168319268	691.222043576444	727.710740960832	778.065497429688	779.067949409365	840.243051430726	860.599765395709	890.594370148275	874.345769935355	894.776502723633	900.237516909088	904.193875161777	925.416375630039	919.855210467187	906.929430928877	961.711199113004	1005.38818049398	1087.61731493407	1175.98383210871	1321.9334341798	1436.95825690586	1633.02603379182	1853.11512003547	2066.63061759165	2093.60861291573	2193.8565025639
439.393	-7.7331982851939	-1.91601338129687	8.66680789912967	3.90881067087038	6.74825417870148	20.9548573711577	34.4907653805373	58.1446485402684	62.2291683780193	81.443081249174	111.953129830395	1055.18031635068	9770.91984202285	10463.6721195347	1241.11339631001	142.93706409867	114.090626383245	140.600747622696	152.624917658847	187.125591007996	250.951184112032	284.479008326066	419.340906087307	1129.7019375091	1958.64004707797	1150.0969312959	630.99708791071	662.891399247515	716.824285281335	753.979455510802	775.306465341093	798.984716986542	851.161792256109	865.821337091875	866.793103093194	866.469868979994	862.691609636276	894.632578488949	898.177492180915	913.165209554439	904.872466074518	912.035760272064	965.951570257869	1040.60640510441	1071.30162997696	1162.69605422268	1337.25184659076	1446.00359616147	1690.03290839033	1866.87834242197	1965.92515680349	1835.0100230771	2143.53332457898
444.01	-1.27430686559647	-5.30423426299636	-3.77031793827191	-15.4586211515935	3.33601169150434	17.3930093479685	45.0828694400443	45.0124611446978	52.1925078303597	81.4152922128745	650.977231117484	8071.27904757043	10832.9953789086	1614.47896302695	120.458052519304	103.307540378465	121.10058733545	141.275462829927	172.5086720917	199.992459097641	243.31647616634	317.333990181439	796.330146909176	1784.48287700946	1354.76324354204	635.750702710081	604.60256347197	624.905079113617	709.031468509873	735.209101232933	760.870178727071	800.424102083231	819.178051678085	852.02027404903	852.502789505869	852.273008824675	843.975495536399	853.684183187385	847.83074020267	866.270999261555	881.738205087008	886.712524557589	927.911153725239	961.281165592825	1015.06648196311	1116.25422040457	1321.06202503188	1420.47076225684	1536.72948438495	1688.65102885881	1797.9385331355	1636.41037286091	1589.48937959995
448.63	10.4237022255255	7.43796064259704	13.1213679952208	16.7546208977259	37.3848897794845	53.7290065415422	54.086757397045	61.228333864104	82.4565977069185	501.830385773704	6828.41370566908	10818.7542118706	2010.22870622011	128.940067875572	118.527163846575	126.187102831437	153.566692088744	180.244846740163	190.890156860422	244.101058287381	289.575691652351	546.04581374677	1491.31806356923	1582.37004734134	725.299079348353	592.128645476272	603.977153172955	665.488842113426	712.426563125031	739.729006750665	755.954752243468	787.447626710426	805.578877159348	839.975665346985	822.928033966329	840.24283179159	824.561689696748	844.320000566761	836.166483211328	866.372942353947	883.157699991092	884.147380158857	947.237727770269	1029.30531053353	1054.38276685999	1168.15938739403	1346.73587157125	1515.56194251735	1640.17620910256	1864.75444415083	2029.00965970566	2004.35896961053	1716.24598821379
453.253	7.00688755460828	0.735272147506961	14.3013555272529	24.3751657575244	40.463275452001	44.9229068866459	54.9625003916309	76.230869470546	350.629450873923	5041.7423858433	10562.8082786737	2594.23936817808	151.410762322802	107.045092248306	114.331822414899	128.401567279219	166.122585303882	174.728583192531	230.98017307046	258.747293367084	423.116010976149	1104.81570648119	1646.50058847558	874.745851792581	542.225389815746	561.304119832778	619.905105698485	657.270458644582	695.096681160658	722.765784483902	743.231705875787	758.98463556344	793.413790362647	804.24168289787	782.316839320335	780.921613228274	812.674869143958	802.130275580992	828.924492421095	815.939613429503	852.900022112483	870.614198000337	926.712324120739	994.623221653186	1023.42780236793	1206.30899376072	1350.23072145217	1532.62015017507	1590.44982402577	1784.21396248132	1882.437562127	1850.21688582725	2244.9665536906
457.878	-5.30661021782973	10.1946838096974	30.6329841434413	48.5903734968838	48.6226667406953	55.3056376785737	62.7648448241927	278.81968795681	4128.77771546781	9227.56618598597	2703.3987022963	157.376583023184	97.4989047466421	106.880882365133	136.270367912096	161.466211608442	182.836014143786	223.064682431508	235.904526372361	308.082618257866	829.922222626542	1569.44195201734	1065.92252749902	562.689587595914	542.211606572399	568.992911263275	632.156770499283	670.284735296243	710.949704624032	717.834369484613	753.306166403735	744.205060322727	763.405783963365	772.423847810226	772.004151508415	754.824294114102	785.883034486896	773.18281405924	778.060044674303	803.946834505861	820.312365184412	869.447779228236	881.608883277265	949.51506196563	1069.64247269733	1224.10574722576	1349.72587267311	1485.02920659274	1620.27630302948	1839.15630205081	1889.45510155463	2010.16999654773	2443.98581818892
462.506	21.0499037131094	22.3861985903774	48.670472150413	49.1070110292961	59.0806388467964	73.6150755884708	247.135283757735	3500.68310636804	8724.75907197998	2940.72825667191	179.516050889558	109.752648899645	115.49663278126	122.893392162324	144.3319180181	165.377799677042	199.769141859905	233.841226060059	266.01258907804	543.583503636228	1342.72931693568	1272.14733179213	569.920499564534	496.186654436138	520.690068861016	563.965566253323	623.401870767837	671.104314368179	682.968142955929	715.025534102965	717.13660526931	742.004890901047	727.961247337115	745.958166371168	738.941201501165	744.344846430913	740.362515394998	759.49489108915	754.732074721141	780.445876954753	815.687382679154	829.293106742629	872.693794339137	998.722666833272	1035.08319529467	1185.61442207261	1367.4186215037	1501.48082353386	1661.16013235829	1855.15203310221	1934.29894613365	2183.30425495326	2558.30730371263
467.137	21.580879730661	44.5581642713002	46.115183703917	39.087855419815	58.5891169854999	220.436703459983	3656.69550382305	8588.52361563965	3098.4899574909	195.382390492116	100.405748975973	96.9917761583977	95.7457106658827	121.609726017669	161.747867628262	185.930977265117	192.017461247295	237.856306755719	363.271297627754	975.703663352274	1355.48896078136	684.579041130747	452.924991605192	453.810120718876	522.150697654196	542.500562132872	597.04082995418	654.802535802938	663.368886608273	699.101917270329	690.843914584592	684.723095227057	697.636478799984	713.171950031857	716.521986270682	696.566522646187	709.318339350109	719.362760183917	736.412492208337	731.628760768911	765.37270130267	790.458100618688	850.11005223761	924.217838815224	1029.63093465744	1139.1642034805	1300.02679630665	1427.94409767383	1643.14275457502	1732.20658659673	1835.78950725033	2255.88473225377	2475.84815578711
471.771	32.9185974070314	60.8462152849036	45.4447894357231	35.4831351825489	146.138678145334	3211.93148931445	8192.1742457615	3510.86973891536	198.842798939413	84.973546883284	74.1528672434979	88.279475869285	116.901279950338	131.912380566233	176.625483654002	178.286467137764	209.499673125819	261.103005654495	691.586434016526	1296.64936252355	817.0429961807	440.397524225037	438.497223853889	468.565090634729	505.980591517237	551.679354693133	588.22163938395	609.106652317209	649.7939879812	647.331299720636	662.714143675378	668.353757936032	672.57933748501	673.102279468669	666.973353160362	671.641273720223	661.713632123437	676.211576226968	671.886742998591	714.417721883886	722.527180566738	771.362794918041	803.329762089591	879.698776009025	1014.1255347923	1079.23721957905	1275.98347947442	1366.79146392822	1466.18327429746	1561.37565769624	1696.19779795799	1667.43368649529	2292.13600536312
476.407	73.4391871420243	81.3521040065431	57.9854225063506	174.526034161516	2324.39340441012	8034.66115811189	3458.29952887889	222.364801105527	87.4674972320935	75.263064109312	77.5119984719141	98.0142965027663	124.977377944545	144.733527360804	160.344025274848	206.080799742096	240.274771122287	458.566140447938	1091.83909690648	1020.35272976462	473.960262062684	411.669360334343	427.848809942648	466.155305674521	503.123160443051	531.939223740361	574.78657363672	609.498589413208	615.447486642917	624.251420295019	635.857949188758	651.187752358802	641.190096275226	648.241783630221	637.105806191665	643.415323250831	651.080190635128	650.178990497559	667.384602331554	708.419831888601	694.430735174187	753.482689245817	822.377660780459	909.535428125036	981.773906374175	1066.03878475497	1241.0588034912	1425.40937184578	1492.36837346206	1595.80801635878	1838.00879293688	1421.88671465915	9094.6718684379
481.047	72.7092208818967	71.5137945730792	132.564294627238	2487.87738268455	8161.97145096354	3844.59438805836	235.663401754004	67.0741145188084	67.8552298669505	70.9964377318951	85.6527545633828	110.918415064741	137.243833872726	154.360158385146	170.158740093407	205.672291907612	324.489513557803	800.454047922367	1059.62615576732	522.56305174124	375.105505135315	395.6612962333	403.79098572801	452.509443855427	475.449622498026	524.627725141416	554.888728315179	573.968474288123	584.149316330849	596.554146193536	613.308098854496	608.361903347647	607.202896520134	592.329913434829	612.181075043598	605.945429748007	585.010172951788	617.954088714926	626.382564720063	658.981151726406	674.603570062037	732.421603655385	757.132361306307	851.689472873889	929.513382240941	1037.82580593412	1234.36201930441	1327.6825208756	1398.59424082208	1536.40483264638	1684.31656313617	2554.23650569737	21831.6506672833
485.688	80.3138783659008	147.135119635513	2255.86166805069	7964.74426093182	4617.59905640023	338.533528592759	74.1056724409021	68.4389395340511	70.4430515018791	76.9066199064239	85.7993510091657	111.654240713713	132.048176783771	165.489843753331	176.682640085215	239.913419573539	578.585591089004	1009.77093409925	673.372372852694	361.352243841903	362.401283011934	403.088769045731	416.991837402058	442.691721409268	480.695095333398	490.509728209983	541.099217855397	562.230681926536	581.760205463233	590.028608301573	592.475793079033	589.449955250954	577.423788022765	581.878119517947	584.339473173341	569.890888000129	593.993424363005	593.601898254873	617.021893985907	651.334148487799	654.814366369912	690.053738340147	745.086440647064	850.783868347793	939.423884572717	1011.23411243295	1201.31899888957	1298.28928443159	1383.88378196914	1545.55575331459	1624.83875619342	6647.10566732846	34374.9502759303
490.333	139.95822585549	3532.68685244579	8376.00563839557	4547.38462587856	419.034373956599	78.8172374407849	61.6924610076082	61.0243851625446	66.8292687976	98.1315752787642	113.100964264031	117.825374596463	140.534052587285	174.092128481121	210.308890055972	401.045851961341	890.921253009537	806.251017150222	393.215345293658	348.303142100319	360.168831530455	383.375687098393	405.3714895838	447.057265567492	468.056479351526	508.156479354866	521.422513180669	537.544432620583	564.477936639816	574.06377293685	552.811118865304	567.244096952364	567.293066208779	557.435802485231	567.86200319484	547.083133262548	561.522803192971	573.937972214335	600.351956938204	631.878803433476	645.033589317602	676.152381855948	715.301150195362	829.496222632941	897.698442980634	1000.95730664928	1123.54373762868	1250.10870044484	1434.0981903255	1639.15376674902	2022.62618788275	18258.9933597426	26915.6939310925
494.979	3240.48547748937	11823.3380483476	5237.28232913321	409.980751066217	55.2001083373312	50.7878034031811	53.6286403447783	67.7312722306498	65.9244132036556	83.6130999940288	106.156910895415	125.166920819636	138.486669579669	162.044094842071	288.099813414032	664.787664688546	856.987214655261	443.642674280431	308.293698651886	309.968139529887	336.074026832585	362.981454832917	404.279860775915	423.525211904309	437.739794087033	463.459838199118	489.193204112864	506.812736906228	506.908128851414	503.370981324763	511.874740576385	512.688518846638	505.409780809606	542.624868344116	520.574195821648	501.596389709106	543.033121653793	541.606191423585	553.909573863659	591.350404043037	605.891504463852	639.237956181524	678.601846713995	773.636006572108	863.405595443244	955.536523981904	1097.04411578629	1165.58603671225	1358.92670329625	1440.60607130279	5053.23103119078	27739.6051244629	8963.59624761711
499.629	12007.9654231411	6558.35092890368	475.993844678413	60.0688195227942	55.9591388811137	58.8075891995528	60.1285324743029	67.0914193252516	74.574726631062	79.5002761862242	93.4966138674647	124.015881787346	140.377628493652	212.327812002137	499.164560484371	825.547246551813	528.442715398713	292.536181833267	293.061111083698	309.502107064847	326.602739990595	346.490211841362	384.743451541345	396.331661736094	433.556231970613	450.632306678289	469.877714962018	473.377945896291	493.477013348253	488.399233362013	488.696170622343	494.465031040564	484.537003153874	495.160086600336	488.378572207278	504.173869756298	510.57949541494	505.930232405214	527.095289187374	550.733433488166	565.906865934698	613.021938220912	658.951588674547	745.162530103775	787.386024775071	911.835019612768	1072.71042077494	1220.59840187597	1366.27696589267	1550.56024931997	13926.4849497203	21830.4626738005	1842.7302946003
504.281	7168.40346123054	603.737833882747	59.2438625393489	61.0238842355309	51.9055930285315	57.9226431972009	63.2179655971844	70.4330350021742	84.8635334248929	92.9835521959545	109.650817686384	133.400298564735	165.890770882362	353.967294133859	731.008388807274	624.158482170478	316.19985165479	255.785273148445	282.231644708363	308.437047616574	342.63859949087	329.858244376228	377.783430611172	387.109805274838	417.209509072251	423.047179044987	456.229449202946	466.53750678556	458.500694428868	482.77139648298	477.323011016155	454.902252234303	474.140800947967	462.798182239115	478.19045675979	463.315841903093	476.281189536131	490.967002179167	512.776525688917	528.629568481353	565.212508997128	598.383040759463	646.32685485223	714.115042560966	794.4217725634	904.455997004831	1034.75204737524	1209.71318271247	1280.85057461273	3641.94316557732	22008.2578727061	8707.0059791573	2024.19932664432
508.936	698.01144108832	60.6218421806213	56.1035718911905	46.4958711843746	50.3613965188527	43.9837895615568	63.957004551503	76.7382546861515	75.1450045092206	89.4303295694006	101.785892089256	124.049480577698	224.307851058031	583.789624804532	685.85814502478	340.500629004736	255.790156296298	249.717977168963	262.218344843078	300.657351625431	304.893145397881	340.60574714769	347.20543084454	373.99883592562	388.396738051112	400.091609963568	407.771189053348	431.333959473572	440.460420930637	442.860871022153	425.685445648466	444.872462658813	437.521062748694	436.537871052594	425.506571106157	433.497170196945	440.513280530327	457.988519077212	493.883204990184	491.096684949326	519.061012052805	589.791666390381	600.24894625981	677.043068814763	744.264185463699	820.352117941965	999.552607538077	1135.84659143866	1356.05107012746	10466.5348606619	18774.4265248742	2087.08574212609	1153.07801068967
513.593	67.5697479166198	66.5037556430343	49.1966152088199	51.2305533772854	46.7642984097163	72.0222718209025	72.2154017662483	74.4421505722477	93.3410483022325	97.882407141732	109.361593219799	166.411374962715	402.870327627207	689.21552621977	413.236232350726	233.72663918216	225.358881293502	240.580259416026	267.816766742934	275.282557474523	294.679978464272	307.55126309138	337.907688459401	338.634760856768	353.20543450582	391.534793834307	396.17169841985	397.317086960097	422.01903721243	402.789064708932	411.459806554356	396.906932803824	413.14308834541	404.875619933072	406.578988469575	402.759394581266	421.218876825846	421.904860609245	452.051560527208	457.551514790156	491.587242297519	535.550495568364	585.114010052931	671.354420690825	726.255507140281	842.736234884377	1024.44895532157	1164.07420117238	2714.72285220942	17432.0410639308	8341.5705155502	1522.05563502922	1921.37601317313
518.252	53.7105252362956	43.4267208326736	54.8769275220135	52.4414122101725	62.7176575793262	64.2194720060566	62.3932375793245	76.3734961496064	78.4960196250779	94.7592976172553	119.656200572178	271.154361893852	592.472934384233	496.848515148411	240.169692860208	208.545558962593	227.596858587435	237.034834554056	244.899215587586	266.763223321453	278.440538486668	302.556116146858	315.454037985813	337.567450709791	339.565219893868	348.465213546416	364.996736037032	372.042629221242	380.84450251862	381.314925139594	380.330985628376	380.795364371282	391.571285629588	371.640447492736	368.023981721832	393.358248726285	399.871488593822	407.689869939816	419.091668994272	447.062183949741	468.174544261179	510.122095630875	554.512742630881	593.221054179825	666.176275907489	818.085599237074	972.049203625206	1079.40937627528	8065.63886466789	15879.8816867215	1921.18878409759	1242.67467368274	2152.83998109618
522.914	39.9520072658096	40.4323668133376	34.7180886934945	36.1163371182706	51.289560998433	60.3752332304045	63.9461281339622	75.3183753446706	81.3115233065165	92.7947593108671	165.195350196996	444.050484195438	558.06187747437	269.947296877791	193.818439493612	195.519821866434	201.252410246139	219.572393096932	217.522527884548	240.14364325432	265.797974897485	270.995286710329	291.705721466603	297.297331416914	317.405384962746	305.825035153243	330.785901419306	334.844584439484	356.02798592531	343.637234165192	338.653626755512	340.988214879305	332.426079856866	351.2937811718	349.894843430085	348.12451229509	357.62396243854	380.519047721855	382.109461663448	409.039466290681	431.245728229367	459.602963455682	501.209108340467	548.830876913986	633.203030758459	783.193360746148	873.27233782785	1929.94586140268	13843.30295329	7644.42266165575	1075.00226748225	1042.39398988282	2315.98434642764
527.579	26.5041262746296	30.1501145185635	29.4456080904618	53.2957084181992	53.5472971653142	57.8252420506075	66.5534676904507	67.2313327663494	78.7200634210101	110.132981681245	305.223557241605	527.643217858825	341.331069554111	160.10473123152	168.68285122666	172.93347613246	183.166933730676	183.59319448653	230.955797607404	232.670184136406	234.053831263471	246.507239108462	269.771109094425	278.424062754285	289.414190100692	304.676128143769	300.057637902671	318.265481212757	328.716272856666	318.516290423366	324.298576686683	336.629964079811	324.194273181011	318.260119077899	316.444878719409	329.077054298994	340.06774024141	338.475140829123	380.982910165196	401.217898544537	384.08118611629	423.338264930644	498.157983299085	541.861853652035	618.26187760968	754.627792395745	822.229580401695	6207.5668660716	13283.7084808444	2053.02577990573	1122.22381463338	977.956660118011	3832.9927319447
532.245	39.2035631538505	28.7969536998907	37.5269493172313	49.8308422950104	53.8310303520793	62.7202397422194	61.8866033569473	73.0684025495015	82.5592457842589	195.37144112239	465.5211439915	402.166686226103	180.255236465082	151.225361324169	153.969325530192	165.947877913319	176.324185638914	207.397796617758	195.837466598492	222.982540028991	216.822027685083	235.04440485703	253.96273412976	256.693403020549	273.147390154331	277.679715170962	278.930784444293	285.893612752775	295.829480254211	291.966855280166	289.340043492574	300.03777323222	317.277742835763	291.867162163798	329.428424927346	310.555596336315	311.050303992836	320.073664393186	348.11049609686	368.750468513588	380.556558050931	416.344080360003	443.852534213893	494.890344629733	626.07876467499	715.168777272413	1421.87070476991	11134.9170978683	6878.10202603281	1016.51906220315	1004.52052366806	1660.95051974659	2716.66847801537
536.915	63.1753084696026	50.8181667703492	70.367934884231	61.1223227834946	70.0103741358531	69.7820951256972	68.207858912285	79.0663363509305	152.080192558493	349.047269019203	463.771929710791	242.682801921598	150.255724288656	148.930643552161	166.201013060476	164.429835522457	194.913459917005	198.226436306693	199.422489488567	232.37439639184	228.414040326648	260.753237157259	262.41252543085	260.997422401214	272.243376434662	283.969018108366	286.018535633603	299.70555868375	309.714341936154	289.742726798749	291.226180735798	300.103782954187	282.709160330236	308.147013310714	295.253481828644	313.784292395231	301.222456348535	315.467390787679	340.398434368593	352.608953481993	368.606403503613	421.670269134209	466.273872204385	535.111047969257	660.0063474763	742.534877617901	4705.89471292115	11463.4917233055	1959.38111728958	1027.20150824108	1135.7454245061	2979.77911403268	2997.33347297997
541.586	30.5746383966881	27.9703954354164	39.5375050723431	44.5794528749985	49.2562681762753	55.9407290608971	66.3160244696986	99.5670019997379	245.741628562785	432.672996800327	272.309831366326	126.389548672105	132.327370334358	139.249906956714	128.158138178659	155.586572832307	171.317183042207	175.418981977399	164.750395493711	191.813559668843	198.640873710148	208.02848852631	213.656748463883	232.014547312117	237.389752842178	238.329558567608	258.789474688409	242.601409863255	264.308383996811	261.588703472387	252.340649202095	251.916446905685	266.674118097608	273.405844050072	269.844710550662	258.824696910673	291.06859757017	286.373741691074	293.813481441083	322.860194916238	334.068391586957	357.155822005431	416.393506249876	514.720070667468	592.264750864509	1035.07883777937	9016.69468959509	6419.54873859026	783.369079682629	811.619809911796	989.978172212059	2783.83956402794	651.912143276254
546.26	9.46817807016244	13.7233985186889	26.7403435429585	25.1252973316816	34.8563970255778	48.699229044624	76.9425465053098	164.717463225211	352.233995794709	315.51167344207	131.845692067029	91.094234875383	118.286513102438	125.350475671031	126.268197717381	128.828611949545	141.590498694241	144.421810605365	163.508662834436	159.308976963533	180.717048927652	185.532667720837	192.85468616148	211.968751213878	214.642090231609	222.895863679103	221.544169448848	218.671308507987	239.975766135487	241.707639042537	234.536953563178	233.54479322938	240.317384526792	236.390798864587	246.812116096401	238.757959710496	248.951948013823	260.987913771111	275.170881009537	290.167674080757	307.952028075438	331.555486344508	397.993288725599	504.41860151613	533.553861030174	3461.33932981829	9809.53265573037	1903.85386796531	690.252651718154	651.299894909791	1680.26403918361	1876.65800221169	-180.430608355381
550.936	32.5926573186379	58.4967522876674	35.6009361193125	45.2036939052732	54.8885708523776	67.2551100091072	131.424511374279	296.889109480222	373.952323427884	191.397211870415	110.774305787694	115.481236259621	121.195141756327	119.822944327438	127.216875293981	149.347467634904	151.282579718451	155.187171193884	176.006878944086	175.925676789313	183.456783336926	176.541799098365	198.513553223849	200.036812290341	215.061608495539	218.195618550811	223.781003901702	216.889655160935	245.770381153301	233.929425196342	220.639018333812	228.02504224841	239.011543002313	229.485189866841	247.463723775145	254.515223512332	262.238651853044	265.799159964957	281.752349802493	311.676537908735	310.265731676066	371.995712058347	453.308208826412	477.787471611635	784.6453441957	7260.24805747112	5953.66964753764	807.839574208754	791.198830295957	948.078524389607	2308.48389594529	1651.08418830054	1057.66527230997
555.615	22.2907038345487	33.0187475521738	39.1857448438452	48.8908420841805	45.8502778886997	87.7263155125488	231.45507322774	361.302235857928	229.016748807987	104.721012794542	83.4920151296666	92.46386544297	99.408655437327	110.701313735322	109.592693081762	124.002332038892	143.149357390187	136.326662299608	154.685951833594	146.349554532407	161.579392343839	160.873193788609	177.397237000422	181.743320830887	178.631746960543	192.105091464352	207.770702352922	202.62886777126	197.015867132145	204.59674773932	204.996398413891	208.182196525493	216.414004774798	220.834175240824	206.870365715012	222.785668839923	223.276793007272	233.357821329053	248.256701169349	283.496898499576	273.551101166561	318.109736463718	402.603075769629	478.480886681584	2564.13760074076	8342.12690024821	1880.80370541908	598.447229440266	657.145016020606	1208.79620652556	2028.10910138249	673.393233154695	331.000083311198
560.296	61.1641599320396	51.7029685800314	41.6128839848235	46.070817718039	76.1363623332428	158.15539216909	331.455095934947	287.972451580306	114.195726220275	91.9475259709102	95.0637043710746	99.238477891873	110.285694790395	108.067080067987	122.447930261678	121.806285233252	135.956727263709	137.523384756586	162.020905999334	162.137327882276	159.844151800431	174.623262023259	169.694230980511	179.047766172433	196.502731311034	182.442094264065	214.42351144101	209.243723943412	199.299747330169	200.087107706476	201.099514217592	204.859440269103	197.433708619554	214.219477828155	201.412121559707	229.492212356043	214.446548803482	230.781137851559	260.299799509117	253.93955697599	287.751844067381	340.215656230924	411.634994240068	645.526654128542	5731.19533445232	5469.62770401002	702.734930052984	560.218728164011	712.084132310509	1631.19043849715	1509.17593780936	682.994766135681	781.206404594135
564.979	39.12904389567	65.1250349588138	48.8260151934742	59.0284744413205	116.164580425976	272.784888267912	305.004345117391	142.810811242617	71.0926800050195	83.2492645637517	78.0135849807119	79.1599335358335	98.107523140571	83.6410723318662	111.619329214987	118.777458272441	117.049384400709	136.621813703787	137.251426750493	125.907140057844	135.346846656023	155.457697437925	164.00300963269	146.835891743584	174.067244115412	168.510611724113	181.807745671846	165.959245526651	178.247962065261	179.850459083925	179.93521001033	177.754601967785	191.760967845184	191.492008905428	198.966925057084	197.75585515349	201.057031055841	207.923800685287	227.537809393183	259.512606428932	261.895290352819	330.463744739019	400.647175900948	2122.44154088051	7218.14870192318	1885.05816924443	552.673348772657	529.111493304423	834.849076177965	1795.21797480031	947.797936683396	682.433747346039	888.926236078102
569.664	23.9741338625884	40.9554074017554	52.1339414132673	65.3135851689904	188.817747637876	314.417775957655	172.508177762759	70.7985176027054	65.963595340598	68.4945946655081	73.8356399284292	85.092119374503	85.5497834804033	94.8919396555614	103.205569268471	99.9361629095758	101.145511794916	125.250212408667	126.733584693469	134.351270352638	127.859446528245	141.996426040308	143.020545922083	146.944726817028	141.796520530483	152.264676648152	155.637086845755	168.047759118193	174.595922009763	151.740343727933	182.108300718327	170.759259759373	184.777046505586	173.36606343578	172.755952486342	184.27767656297	188.796246348536	206.529850989036	200.74337814085	216.949554095898	261.60413863594	334.316529864462	454.950022315119	4792.4161887418	4954.61422231814	568.360006217884	456.152779502398	507.839077550709	1234.14570487118	1548.08445354082	586.424029743986	537.687109775868	219.632507258238
574.351	29.5071784647853	46.4238121836877	66.8004022005109	156.914585303236	278.679026157638	237.40141785672	80.1152849560366	65.7120902445962	63.220578203628	75.3223020194993	78.0598166627654	71.0438811488494	77.6543335473916	91.6445703299982	97.6016453513576	96.5925291094675	99.9360885162502	112.911009686915	122.692732340399	131.527378994329	133.585644467417	128.48994452595	135.564192302778	129.718545301357	147.316844317659	142.813155401539	148.708663357069	158.894284117879	157.864991936652	161.186756687961	162.043232402142	166.740862414482	162.736748488006	152.472543348199	176.715983925148	180.948003696003	186.258977383962	179.644077753162	194.705722143961	232.924558270433	283.866974072953	332.83264951576	1550.67874938286	6153.92230660891	1809.30337113527	471.61072947336	492.473457751455	627.558509269905	1579.77117985965	988.851936116291	537.351482003235	521.699473826088	834.936832037798
579.04	18.6079952997024	32.0884115578343	87.0883579858064	227.301252486205	277.398743147597	101.841182024698	51.2026744107092	53.6665350794525	50.2529080568343	56.2402433577086	66.1991444400802	59.0671175123362	66.0449715219407	73.1562697136298	86.5259767953606	79.3821119851539	95.4497985991457	93.1561043102885	95.1755419933372	90.0541274002398	105.673900937807	117.154582043486	104.778272355617	124.014702373017	135.609532177299	131.437319748153	129.505101776211	140.729370002369	138.819119707217	135.042139717366	138.482030224836	123.998288571918	139.188855311364	146.017318983277	134.824908610268	146.259565194624	144.270280829344	169.028826008908	176.108127194198	195.222658648719	272.05624578508	337.778359315598	3794.3670964217	4327.78164274407	478.425495061518	412.759085468646	444.156379644483	866.023305411003	1373.51134732325	511.434164967128	429.384216936076	574.879451846703	292.279494838557
583.732	24.5536067995895	66.0731755660645	164.547726479527	269.146703300042	168.323715871511	57.8879692467376	43.2256658723703	47.2387120465719	46.8426914652438	49.8262824318383	52.2777015389232	63.4859246629378	58.0088847971767	69.502393021422	75.3364040886257	75.3422203035716	93.9539705925956	81.400850400397	95.7858968440864	99.8048817440434	102.734180395509	94.4606242597343	117.65666397283	114.601267382806	109.308273902036	120.144419211387	114.755261188204	132.070214257098	133.440348457258	122.317340929144	125.901567157553	126.844079030299	138.600688228344	132.409845777684	154.893851360739	149.855713188373	148.711106184618	166.009199209092	187.871747558529	223.458246806783	265.216408154119	1024.24839676287	5394.45637306491	1648.78313115492	351.043285055407	367.779908672512	453.375340659399	1193.42973982625	1048.65624102944	402.120281689532	402.84035121299	278.827044883798	380.66970780258
588.426	58.9808383556423	130.214440215525	257.880027706598	205.83218002571	81.0358308897375	52.6442768317961	47.24263365379	47.8137764082143	43.1444064522457	62.8229339738992	50.3470221858529	78.0253260429748	68.3288874242555	62.163519268967	79.179066231234	75.7298258418217	87.4756001647746	89.4603683690552	93.487990620379	95.8925288507685	101.444701196296	109.291034620679	95.7683310207672	112.211771412166	125.880340263758	114.053485551547	110.828178118857	121.637134279742	130.526124901408	131.558817117816	128.02078353826	131.913383757665	116.392456617268	138.8776084021	135.12182247603	144.280969984809	157.957082423198	150.364411823765	175.773989432182	236.050136656056	279.750932939556	2962.82189949578	4012.27086462477	406.783340131242	327.803594240029	419.316188910337	612.590779704681	1308.26830823626	647.630178124991	397.26007464252	489.576389596242	511.477234434129	452.196846562126
593.121	76.9326147021121	200.23618069643	249.332713391362	91.7970319232121	36.3184147766667	38.2251677520315	42.7120431155471	35.0386550798725	45.4340320274531	43.7104167091425	49.6164299919103	58.3016548930684	54.9366168585689	51.1696351084525	54.9792558701956	66.9182507230395	63.2732289164444	76.149822240585	86.9441341433029	67.4606290428695	80.7578990917749	87.8702979276302	85.2869376497728	88.821388113309	103.164163913251	101.751921264527	99.5785614270734	109.870250536482	116.704264898989	110.131150079942	96.7178316208944	102.685210121018	115.778152961773	118.759042245609	123.394817326308	118.150494771108	126.784852874049	142.826065213602	184.610838471758	210.824866775011	714.743416383902	4483.56539521394	1601.1028383856	276.962038473023	282.063084246229	350.139102471141	876.290683801338	1024.80080429758	348.680676587588	287.829784631419	270.059375498192	183.081461534401	262.188123395652
597.819	148.875081411931	240.681062399721	131.051831215709	36.5561918743791	37.3685861672796	36.6737136793648	33.570694185309	37.6007144238565	40.9673557915015	45.3074760133887	33.6072515577991	55.4284374865637	52.5055801409616	43.3982103567598	62.8809295177799	74.8356212012553	68.2466708653011	65.9881181162288	95.5823804000328	71.5978815347067	77.2026092390328	92.8911541263393	68.9180712156471	80.6572261969291	74.270596644771	95.2758779037982	98.6585902308223	102.032365129045	90.7124498379217	93.6824732161964	95.2201194869847	94.0774309315539	102.633697715196	98.2303268629546	92.4661939499639	120.89152415077	108.973008123685	127.008566419147	182.925967004275	220.670261613888	2246.28470269127	3722.5197721953	367.692519911162	243.728825872426	299.410669977487	393.488939386539	1089.8518281392	689.51513032679	362.483518188355	277.895141624753	294.024442664492	85.0104302139303	246.189619416673
602.519	215.261295555487	169.570899136537	80.1425235708676	43.3068023971543	41.5675463550171	33.1113838057077	43.6944156255241	35.5273321474358	43.009255385714	46.1107456594374	41.5916148446542	47.2918210681219	45.4906255473857	48.263523447993	64.2546466608936	64.3570458643335	57.3699901417342	71.0478957853322	75.0043116392701	72.5356447730186	59.2826883259801	89.7918682750176	92.0331349808812	95.1197217998439	76.1330512205707	89.1870090188747	98.5122301129556	97.9363418012822	91.4244000500076	105.312087304676	87.5702961391953	93.3155411015351	96.4623727153823	99.9323271242858	102.220882112346	113.331929561375	125.672354049563	146.346454084883	183.958231274786	513.036476984455	3787.38273449507	1685.19104740289	223.902648258628	243.082946374413	277.739831174403	575.443467776461	1011.40304061796	365.26509905241	313.138666547172	374.219436297405	495.137133956161	149.935849928308	673.47351451846
607.221	212.472998530685	101.279749266181	45.8124217466521	46.6325950158986	31.5274155022898	32.8922489317936	38.0412110196969	35.5065816232867	38.3826281321675	46.0752095111038	43.9774037330387	49.2098708971856	54.0197915058671	56.0040056625524	55.3610422570534	69.9331371013934	63.801063562061	55.9764615597518	63.1275113288027	72.8111049771998	68.790419254763	76.2042621120661	72.5388913598627	89.8519726684987	97.1549651828911	85.2885700947967	87.3245694390412	80.6002953534	98.420108657908	91.6056915809733	91.9919398302336	91.7357137959648	100.699878030255	107.097285099999	104.119618182425	102.33555281485	117.359721961733	170.800596367849	180.326824591767	1790.48287512981	3499.83393537204	387.837453400872	196.211498650669	217.521917179635	307.513865916358	782.994339343533	735.221731689488	312.678843584789	334.651060937764	415.594212462948	423.908198774646	237.740054187541	17.8829495264915
611.924	122.45595033372	34.471698609749	25.2287540018392	40.1668120137666	31.5462189479972	23.5334903289184	28.5589155084483	33.6073389382565	37.9725908702974	35.5726104381975	42.3703445644052	52.0916808728797	43.1898160560483	61.4589661287986	49.6163401225743	63.4853931660082	64.7284585030995	70.7256734689275	59.0265760433896	70.4479245456054	71.338820448923	80.4821134203622	61.2069386493997	86.9357084033588	94.5040649642628	77.2441755770066	76.2835960496153	82.622053837811	85.3488564648116	80.4629029654523	84.9327088909873	83.1416629603501	91.7790340643578	99.9064264437541	84.424733534802	102.625662485086	126.924843073719	164.267668910684	378.092813783518	3208.8822138097	1753.77036559374	197.062064171001	170.929625154484	221.567483556509	389.998406282007	818.127905400436	442.049002754163	270.010516101307	274.410009849447	285.320115003648	343.914344011935	509.143781965618	-740.247576496809
616.63	39.9564539296246	19.1903775314337	15.23514256452	11.9846345380023	30.1736879608898	23.7958435475992	21.5086041181505	30.8451965698943	28.1570023740414	23.0571645664933	16.6752994876068	34.1000528527447	44.6276053842558	27.6541314254792	29.0136676751775	52.1944168519077	36.8553716200938	27.0684319638633	53.0936705825271	58.8448864536694	57.2492946693594	58.7938803672956	61.1737954731351	59.4139666154512	52.3919275918328	54.0975232078029	65.4374606904189	67.149761941483	61.4181196976759	66.7088915570731	66.4176340889287	68.6147584047631	71.8670189404547	69.0517762756245	74.7366891542847	91.4996707309842	137.241994744685	134.610987608355	1338.07737871885	3173.48086019539	402.810940499583	130.424025409241	144.220069109721	177.912160508416	508.783842701692	701.625803179065	262.136887296828	202.388415926175	208.101865819984	206.072061642384	104.324498527449	88.2548155322708	-383.378005373594
621.338	17.7010364774247	12.6307918054156	16.0688109184826	29.5255588264116	16.7981033533376	21.3177685222581	18.8672882240888	29.5064334102038	38.3001829698251	31.8360828435598	32.3194125777834	42.6525488867387	36.9459253671596	43.2157706444954	32.8963955076857	40.8133017068949	54.4358346841203	52.2038986004121	49.4507299619446	67.5000981106126	56.9290263828976	74.4301092385972	76.4360678020027	65.1326189664806	56.1238063170657	58.7158327825911	63.7205107257451	40.6694222888203	64.439342833982	72.8871712641218	59.7777176951033	63.8574518861528	76.2097119763626	64.1161357502081	89.0484025208432	91.8640380222886	147.664314275722	253.086070555298	2633.06740557002	1643.57073109372	142.690203629012	119.971490674253	149.388815011988	210.520450842996	639.799261293145	467.042829750629	177.257693077475	190.286221649249	326.835704652915	105.065904965161	85.6718967535998	155.657345496433	-202.392187164752
626.047	4.02106914187884	18.730043324631	2.16313090754222	18.6310988130599	13.450871159482	8.87822241526947	17.8330089754208	28.3718558022299	26.0463707228689	20.6462915973357	32.6305041869335	23.235486934642	18.8129554671351	34.146583450605	22.4495554134998	28.691690699028	41.0582100058949	40.1248638904394	45.4556701304137	53.9683566328974	60.195505363746	43.4098937705698	45.8662619271288	53.3854453618755	57.3346081430329	49.8351297661867	57.2571306626633	51.0053208206291	44.2277124045182	50.7508615306813	55.0093451957154	57.2386572801256	67.0869017145693	53.0227432764732	84.1596981161433	113.438279035263	118.136233570816	1027.69570599451	2899.00958486941	417.789926903139	102.833328915021	124.28609636278	142.673964196901	318.484986590304	616.846302077387	229.141133898947	177.823995645772	239.110678228576	132.34559072976	162.816198784718	110.086498480808	-22.4508043699486	-222.916712805778
630.758	36.5779671816017	45.5150352231312	42.2693001410714	51.3573438560113	28.6681607511389	24.4731631765875	28.2654925669343	35.845386920398	41.1088586286384	36.9929954164688	49.3390625410683	49.4746940738722	58.6837124712418	57.8412395938569	51.5974796374643	65.7118063901102	77.7694027144908	64.2700573017589	76.8234695496868	60.5198342898716	80.4677287762359	75.9529239864143	71.745212911322	66.1078703821957	68.7942740017381	71.1104504118576	74.1276002282262	77.1668605835285	80.9824506101805	73.4166281369288	82.9228938379781	87.0971868384959	74.2339851192398	94.6896676890207	108.292804205739	135.567588197147	205.237433103798	2249.89343251102	1720.63252684851	151.432737447638	136.784772673621	143.717556459701	185.99498831873	540.796362586152	559.846642040176	212.459513165917	248.859963408911	276.600890596518	260.397364764248	386.474540493189	429.175871940964	408.450964889817	1539.61010266449
635.471	35.0387647690437	30.035279287805	19.461058262293	21.0457615560448	30.3774828096425	15.344726027355	33.4361297196828	23.4784890433196	27.3443556902805	26.7631013188902	29.5118055691267	37.5488384676915	35.3485694359628	49.2690244289777	46.6691814789447	41.3465196585886	51.3664935160776	57.1445135457326	58.4397010758872	60.9847496687628	59.7266759321919	65.0187837516752	60.0615930643903	59.7740994478848	62.8344173294975	49.4298692829805	35.3828135924631	48.0280246590585	65.6100666322621	69.1347251641278	60.5089005367737	56.6957293693556	69.2991781601338	74.2132820053338	100.174421199202	123.892757485339	773.438506806648	2637.15374678732	491.38683587655	106.955538715505	119.062256059202	136.239578794594	211.148340660564	546.316569645484	294.895233153987	207.340997094209	175.308003713105	171.740107250757	172.535504203938	216.078301712516	388.424658146968	373.478634078457	435.15928157391
640.186	13.2210961399252	3.65977062923591	6.6217760915627	24.5416954508181	17.3057732356517	19.7658279722819	17.9900198544263	20.6273314274397	18.399957031297	15.3218001265899	21.5759150835925	29.0836410659938	42.0342389660107	23.5514036183273	22.5937237854181	33.3259469412944	30.0198222985051	46.1480803273498	35.3575054218005	51.451617252536	51.9127572669788	56.2068365636353	40.8588294851654	39.322656974885	36.2657812432994	50.8517645503337	43.9829961479892	44.8445179988672	46.438070753225	47.9022139179452	53.244769186726	49.7416493464855	46.3939928730592	54.1044052570613	90.0151818625598	128.49246143838	1765.05837931834	1611.40646230989	91.0398915397501	77.5954005776916	98.0017110666652	111.237526750024	311.372579803732	393.399345970248	211.950899368441	173.912433072441	138.415001426743	136.802815787019	271.891477476937	95.6550066638788	152.450922839325	83.9989331125034	-360.151658571039
644.903	33.199858159205	16.0402167099961	9.30199842072744	26.2205467619529	25.3499185112182	14.4384350936813	15.8949896233943	21.7780716898491	21.0915616907015	19.8553678525611	18.5894937387899	27.1777901507008	27.1155709363262	45.6831705184149	31.7387329417707	30.8715946312969	33.0321000902506	39.6565298787791	42.6830960038446	42.6886701864023	56.1132086119671	54.2136882670345	49.2151482680717	58.0159953494312	51.5598573481658	49.7520039732407	47.4733977441502	60.9173331890299	41.3456766587285	62.5261235067557	47.68924664471	56.1524685142771	54.7994817819415	86.6161738381022	90.6949008394907	556.290539271893	2255.39205985871	517.094478023098	75.9333903390707	106.511330843608	99.1215135116432	132.075273526893	404.481263216508	336.307323387187	134.794971533	159.286876712666	142.349464223031	185.438933516481	193.045098467746	155.305991698842	146.077466556425	324.387896626579	-38.3438820691461
649.621	24.784720356212	10.8448461219019	-1.50938721075154	20.5642509704019	7.3453576209814	7.03981443638176	16.7563016295754	22.0863446465449	21.5998239902048	24.5566153075914	33.3336387241214	36.9661727169561	20.0304251657488	38.0566419035002	44.0975614370379	38.0175714129062	41.2824290937188	41.2856072046118	33.9278710529165	51.9515242120741	60.9723238853655	49.635709732926	54.4838716739664	49.5860876090236	39.6559450324498	45.6833646838865	57.9091442394935	47.3419992396701	44.2790652205078	47.8073917919716	74.0269859092936	52.668039701346	63.2292460207441	101.120721693573	118.157259865465	1387.0766137103	1562.01273432337	107.31414687838	69.0418727235031	72.4864476422665	94.9398984349761	197.885565121277	420.568611685453	206.324977987133	107.880095115356	165.505825676379	189.702044993784	215.550114944934	105.276682580512	214.309237062909	148.145222286285	227.152630753645	913.836213479756
654.341	-18.0461464044475	0.847174291383447	16.4778997486893	3.96068508796745	4.35133445070317	10.0087991346543	17.8781220081407	6.03142022493515	20.6574850919653	16.7084450891414	20.2552906684132	10.208314866986	12.7565315163228	8.73773154693648	29.745969296707	17.519588249526	15.1199660373057	24.9391991949469	33.2666729434935	20.0984105061225	41.6922745375195	46.1413791672948	45.2700018090802	41.3371429180086	23.5215816903662	33.2366500240773	32.4814218362161	24.5500682659971	29.977810573824	34.052316289113	26.0612281208301	43.7916383476281	46.6376023062287	88.1691426583509	359.976700374835	1944.00633158292	548.414774004352	60.8759533751607	66.0690444151975	54.8482737431603	85.5870328632875	259.734938840128	316.301602664637	127.570493100801	112.900670133202	112.721708570215	63.0044113253713	105.776017825701	140.673186514949	99.6412393393657	-54.3276885447882	0	454.141372934449
659.063	22.0291067538267	29.4733864972106	27.0501462062966	22.8747498582481	17.5517584151386	9.51625443396618	25.4136966826933	16.9160045146666	24.0525935521302	19.1123020956396	27.4207842349209	20.5883825296459	29.8997467323299	26.4337104419855	32.6332331417084	28.4634516376223	37.7713765965593	46.2887347877653	53.1153318907919	57.4245445600274	52.8659586742285	46.1385342416522	49.9427895123086	47.3691902011402	41.6887383434255	42.5935676073985	38.6160301765665	55.7023346724818	43.62738032963	50.658197091282	50.5393567678891	43.8229315234683	78.0424305834412	104.601007639581	1102.05699655139	1436.90914732239	84.5522353162803	74.6959684993255	58.9199295810153	91.697626040785	130.500381122936	325.141984890004	197.24488555212	98.4591192369013	121.440464423659	100.476132727754	150.283361966193	124.443488966592	174.010744528819	148.074995168056	63.2131322670535	144.385366780753	597.341465841943
663.787	12.1421922812163	22.9601573244909	9.40591088941784	6.62836401275845	9.85399507474056	7.01909933196527	17.8437052522565	12.9151849527689	14.8105383148502	23.209129026238	7.37811100873479	17.1758704935363	13.3989478390982	28.1835320613509	25.4071845887536	34.8397998864861	34.4413711121845	29.9415755636349	39.6928584758898	30.8325318619044	49.3942384983635	43.6206881644592	48.672760603445	44.9665792342972	32.0746167879929	31.5131803713118	40.5625858391844	36.6155636795597	41.8075485207694	43.7910363592535	45.1055958018676	53.6754591019658	91.937985298032	282.186053819033	1664.04554397126	599.127230646055	62.7752252523764	65.3066211760086	42.7483992479571	64.4593059899462	153.971007459212	271.360700915096	139.270582065027	106.415839769438	101.780816419443	64.8464651587886	110.284337515536	139.731358916455	80.566698951948	128.722059289416	68.3839330975659	-187.10980786205	-444.26503153612
668.512	19.5768451626684	-3.9288650941905	19.7462776764218	7.05038874562186	4.16408529320963	23.5768484012846	19.534770409335	8.93530283418953	16.8996719265466	9.25221185567192	18.8730195613029	16.9685292871941	26.6485743790559	29.0928635781923	13.4749933384097	20.0614916059272	36.1226951293197	40.9739594482065	40.4061165179393	47.4673509064019	66.3652367858284	41.9579966502421	35.8879783598342	33.3064278992376	39.2996062518633	38.891468665021	36.2936365609906	33.7344221630253	24.5752029861673	36.8309554213103	46.4853257184491	69.5910039849043	86.0272254803145	838.099515508135	1385.0843215054	102.771321487112	61.1905253142543	68.0022482396028	57.4360031565178	77.3507528963818	238.576717115547	220.372597597894	82.9288569707752	99.8890646416797	96.5300672440599	127.578204736449	113.629433536194	98.4124192355432	40.5930039784073	167.544065059658	159.353436752971	295.118771807712	-142.443654524154
673.238	2.95421129955568	15.8101029513793	-1.58921559018343	7.09284801356196	9.02281152522247	3.85431057239275	0.223322884757244	6.6441274014916	13.4686781029653	10.0835919956661	11.2194005037187	3.75555799684744	15.0130730395577	22.6479100259859	12.5394324969693	20.5186788918735	12.8259654210316	29.6039682244801	33.2586430541525	22.1401253751293	37.662254349909	49.4467949060419	50.1445903679136	26.4939131746198	15.5189131204965	37.3309270583973	23.7506584311204	24.3926353336453	29.3146528828935	29.0130109549294	27.0199351617386	50.9479433633336	177.645623432944	1393.05626713271	586.646728590914	53.8572717533022	36.18672739647	35.3093034319537	51.7241180580944	102.757790447242	238.409834332434	119.555356355308	82.144764097163	41.3784916063031	81.5042076274856	81.3904721301817	76.6278912655168	63.9725160254145	73.896366263957	27.1859772312702	34.6622928521404	74.2240133808588	204.716410174352
677.967	-3.9678408140184	12.3869440893935	27.6150519802904	6.76882844003583	27.2669831107901	19.4129108182056	22.7210580759872	14.1731205050908	11.7881310942778	26.3054648311677	25.7910486049907	22.3547127359371	15.1231947996972	30.8866918563724	30.3836617968363	45.7432773707907	28.7112102669681	45.6753787409549	44.6701295025794	40.2320049386707	45.2675393464575	47.3797587900949	34.75253384336	49.8442270643157	45.781611080273	40.1358406181655	40.3509016437094	44.1575802039194	30.9527945501896	50.0008057349059	62.4621141436209	74.3640227133913	673.439944012615	1264.60808110164	131.697387636437	46.7282738637381	49.4408595197813	63.1337311108122	47.409506877427	170.844264217808	247.158722379997	88.8626693022506	63.3534020974801	102.716370051842	110.051678292494	112.469999068546	101.232736112008	85.9223441800736	95.9863583973469	150.619633717182	318.613452844458	456.918310549905	350.570628726489
682.696	-0.501507449070033	2.68392596083881	12.9497053664389	8.36520940922616	18.0523451072374	14.7974376113456	13.875548116335	10.7483024290056	7.19668013583346	6.05711162748538	18.4600416901256	12.1712985654358	4.36906631593234	26.6172461796572	15.8789241087904	18.158606319529	38.1034190139903	27.8633148100314	32.203072961058	28.299382378245	25.2835887104293	32.3479832623211	46.9893025367844	24.6045807398825	33.1193471341441	16.0870049662699	37.1899127524108	38.528357384179	45.327763617913	36.3163309330771	64.5695668652924	142.619126204234	1202.36035419627	590.057455562827	48.1822303534459	36.4378092774522	60.159675376725	55.7452582575722	75.9411521399732	228.129244109749	142.107466914858	56.1581130496417	75.8254488677543	88.8087421449752	62.7043410571994	74.398484432992	79.3297000820655	97.7398739033677	108.940473769655	155.067240840571	-61.7849101494546	260.405829038061	-583.845278219564
687.428	-5.55509917977439	-1.35133267904034	19.1526781602881	7.27494109633718	12.5596135978192	10.9474931518361	4.81018025598442	15.4332924933649	11.5497914410788	17.5026343837914	12.9827456397359	5.95305009032849	5.86609534019441	16.7966030889802	13.9041670392063	16.9053617116555	27.7721807861443	29.9796299743718	31.5856339581149	39.1833351949767	46.5305657051537	27.6259146038544	36.6195420593611	24.3767530929543	20.8441182543196	12.517660838229	28.7234610944836	23.5684931350707	28.9804735767704	53.4207284098645	60.7567644309879	518.293394641446	1139.95723486412	125.012547890373	38.585692262765	31.0472640352445	20.9042679556543	62.9249371971798	88.4200327365298	205.163801221933	87.1756629989685	61.9076023965127	62.5320044092406	62.9033171029446	55.1382137908065	109.166142485044	57.9800226290907	53.1167978722851	109.701105338288	122.689233373259	231.089105367477	321.435876461393	-440.941301365995
692.16	30.4650134694983	15.8511239158945	26.6315228867531	13.4739495455662	16.9478202780135	1.5287384112566	11.9755754791946	16.9277072640192	10.7017010778565	15.1979612558957	8.60325631429514	13.0269675580999	12.9017365942837	22.996120087692	22.716914003443	18.0377649431992	22.4118247845398	28.2101579470238	33.4507930195502	26.8609253377748	30.0118227001779	46.0167383912851	44.6784039017814	45.4020496238845	34.293699688911	29.2430284415195	15.7191524652269	23.3318634458835	46.620449103368	38.9312443006365	91.0939847198252	993.962800421568	620.768301307483	52.1248471366823	34.9540342077638	57.9721809926949	54.9034765510597	59.6252589611425	158.0978023365	171.297722942764	89.8538584753887	62.8421357478824	64.1950395708689	85.342324993689	83.1562591686322	101.15017493238	102.339655363915	117.805407069288	54.1455874906083	201.853955779268	169.789455792114	246.637858845014	971.114208855137
696.895	18.4031407784189	36.9331507845204	31.7623548727257	12.0151138333463	10.7061414160272	25.2415691457539	13.4480825330719	17.2455521289487	21.7779946535124	27.3810420754432	31.9586161245814	22.3316843420011	10.3914818033655	18.4494784480243	30.2603364257403	35.6220472029918	34.0309861549497	26.0673440384835	43.909235426198	30.1983938905558	87.0921183896627	89.319431709869	80.8006673751456	100.724631253169	93.9890454242072	89.4428894345741	83.1779922959911	90.6579154277352	305.82420632619	111.05427446066	450.650558745019	1088.87340182813	202.992454586675	104.585463416923	95.1328144298334	90.6099519103561	94.5743388764535	141.139645601516	223.517347040009	180.747420008153	133.753603968995	127.742914897865	154.581331929886	174.91240773728	219.65502622432	261.092953274002	343.014066999395	316.281128759302	476.486535125569	429.03001821898	791.733663592186	1798.12699795495	3166.92711735508
701.63	0	-6.89710822840172	11.2313037878982	15.6340187649169	1.34954518578353	8.38128681438257	10.7556000761551	6.75175320090541	4.16112946627889	7.03829702200253	11.7466285607227	5.36187434021458	0	9.12007411638798	16.6769873917147	16.200222388794	17.904920045546	26.287012126057	24.5040543798801	16.3627383278124	18.8198654839108	26.5165591900208	10.0801942509992	17.5407935178669	21.2773866503016	17.2876854596177	24.4956163471768	27.0194234252701	46.9627985865983	69.1703699518688	810.607862730694	591.843480987048	27.8807036403872	27.3988482472135	33.9280525695108	23.0491754687856	40.0646606127396	90.5730138110377	162.952177036922	63.1940940074252	54.8477691013389	21.8749920248843	64.5037160232672	65.7580821513386	73.5327451635641	55.717641649218	15.7827206622728	-4.78419618891624	22.3962731910188	88.2368970712346	63.5095331839457	-51.8079918905988	64.3009658975701
706.367	3.65175768542092	9.30627325274019	7.15624753217099	3.16424896884285	-4.43854690751084	0.628270917811298	7.33514207913219	5.79736538578478	1.16971147456636	0.82183667856569	8.2296699078004	15.1930401581878	-3.02986934726783	0.738343366538856	15.7994672009492	12.4738699458843	17.3643688723847	13.4994278640735	8.26583469141869	18.3985458106736	20.4056184122775	6.3890737500012	14.8763273597271	23.1173916288912	9.78736145549861	11.0292769224063	29.6716399139642	25.0956265249083	34.8019212204307	295.179802880498	934.462131460759	151.660673971841	21.903432168306	26.2076789723633	33.9397120744094	21.2425948408289	30.4083429228506	130.939537257091	107.137980713378	43.3386118542662	17.5575780805643	43.044083510109	32.6380919682617	59.4995700776526	38.5846951922383	5.52793053235322	65.2178874124682	93.6021323050641	22.6644810321041	80.6522685536276	59.6793741181557	436.903511989498	433.806705101236
711.106	25.8323333634004	21.1603069350007	24.6733472527031	-4.3968028243586	16.5616019979142	22.5392237393753	9.0864465822146	6.90478605184168	19.3859122642808	18.82507965476	20.6375006120597	17.9124553150902	26.0259428485431	22.757359040146	29.0297567518377	23.4104719264429	22.8884332911575	23.6729347864365	25.0594546129259	21.846657982565	34.3686248234167	33.5741394183153	33.0736443537187	37.545419181159	19.78150215763	38.4337435349987	41.3718175850981	44.2866414586574	55.5905857794398	672.573944442904	580.842932729459	44.1604546494631	47.6461184485668	42.6055418473867	37.4887707871318	42.9339855882649	68.5848240755449	157.36953028882	74.840835390314	71.5697643466819	60.0974241900987	59.6554742936258	92.0771709962093	32.4375270033391	103.051046577793	98.3193252033775	104.912900486846	78.282129412131	104.108632731155	93.1477092992656	255.15685567816	247.250516416501	1008.29529580247
715.845	10.6658331598045	9.98909118661173	3.87293154390282	-8.89537414360261	19.8945076499785	4.1746607817858	13.3036375543269	12.4877884178419	6.21788910540492	5.04077889934701	12.7750728951979	0.739581892140996	8.13044071762736	18.1146729494596	0.367071480574979	15.6661579653426	9.6472172422354	8.9293532587066	29.3520155288883	13.165653376143	42.6467512436908	21.7709572455478	27.8079218730979	10.9719805665225	18.8098076776793	28.3813325002875	29.9481458590059	27.1858218680357	214.224519009734	840.13000866422	204.484638401061	10.886337800229	22.3909773431645	28.7324108345105	26.6265265647647	46.8372031208199	95.0576332906632	120.946740862416	59.0514359770856	59.4312285210864	38.2127003287588	35.8303589787723	25.7185291121371	37.6148185957236	30.9913576271681	49.7285879176401	62.5877525301151	49.4925558479818	-12.6376179699298	129.560349549719	14.0787157513723	267.977088602432	598.674702727234
720.586	19.2466956874812	4.76865135523136	-12.9421805621443	18.6461107280369	11.1968847221478	22.213439996788	0.242491546650684	2.97064287205986	10.0694976126854	-0.842238882222199	9.37108060651067	12.6044552113541	12.8084807910986	15.890129592559	12.1437682894529	20.4536566531292	18.5691564666706	10.9862626261427	22.2921976973385	25.9260266797382	7.9001608833918	26.6272456083516	19.165940065971	24.5374011998837	23.6715882190925	18.7085464930532	29.2534989004299	44.1439150266775	555.313970942549	542.388300092249	38.3665939645358	15.0533336710777	35.3828552720574	18.2947759184051	16.5822449482083	52.9308467935285	123.749653998316	79.0763257198878	26.8169485919578	40.0813767805501	50.497739101584	65.5388069820612	39.7199000626406	57.7673571144223	33.8936274223987	47.5873619340677	91.3892716966132	114.118645019624	44.342702259922	97.4141988247963	155.254649248816	582.074608893046	933.609628605896
725.329	-3.78815504851187	7.24040497250336	-11.3536519118255	-3.28243731886303	-4.2501523900384	7.16911317666548	5.15456387376057	7.51737959021272	2.18412278604026	-4.5468438761458	-1.89712390546021	23.2655261852845	20.8226298198244	-1.91480335802115	21.9769576437688	3.32737286945165	12.9223323221738	0.82374394535077	10.3797464502879	23.3800470889361	32.4572807673211	10.1624933073403	-1.76365432588568	12.8468854714171	12.5896340666372	26.8277190903392	36.234577478447	193.498844950737	732.12924269247	180.95684616047	35.7896091151727	6.8567960108001	32.3493263247024	26.3985496150053	5.73143712487131	51.8494829851022	113.833163401746	48.5108143059961	25.0960630771299	30.1543261671246	37.6018041403703	3.18941640679674	31.035732165515	30.860973836489	21.9189332332972	26.3782635339611	33.1365799632326	-1.67410827497327	57.7088808950018	212.149835461164	61.9084676018588	-27.1933417367173	67.50148291198
730.072	-9.80163218881655	15.5423887419242	12.7425520164937	4.95431813315157	7.84047053050138	0.983694403093247	3.45777600775235	-10.3737520523333	6.1047901372089	5.1470543553291	-1.90893827820042	-4.9086349129774	-11.0691412688437	-7.70691131946197	10.119883516909	3.34809414296059	15.366952989472	-4.97324295220814	7.71976393866066	-3.84092191779604	8.04652107237805	12.893375305241	-4.88025316474817	4.73985954872841	15.1199142170279	25.8038426046363	35.2840925340073	440.234034344746	527.322161828901	6.95861496025504	16.4737984066716	26.4480711796226	16.2753911638262	29.3381803244792	22.6565811651667	63.4763914803813	88.7815978261265	20.9895539925515	19.0681004576084	24.2736902141566	1.1823740638124	28.2416512751099	36.197258968536	31.8703495478895	37.3983442329957	19.6183951668985	1.38928910842365	52.2205482315997	38.7121759822904	57.1260428746363	-33.5429250589625	-36.4835850057018	-633.937262868087
734.817	29.0647422372225	33.7506071199736	20.7979718002541	7.48410478727474	9.69053869395788	0.330220214794605	17.6600479929421	1.95885299728122	15.4930167200176	28.5092737395094	29.7980808793637	35.7445589887806	17.1194206855918	12.8064575963828	37.3690152953594	27.7237249372588	25.396147426225	30.8855158560282	18.7501033349721	23.6922486212674	38.6108142438553	28.2081033333144	37.9781059893973	42.9608328568305	37.8617026463312	33.1828611490299	140.95139190323	668.571131281287	219.109980605597	28.4209029302281	25.8502533675146	39.3740234804905	40.9766220262473	35.5349877766569	46.4637672637953	99.3916593425498	61.151102156704	43.7511498329057	49.3053473137376	46.6688527161002	41.6761554092957	54.2976964849333	56.4673374005036	54.3163858966855	71.4634860003578	83.6780908572539	172.092701558737	61.0726751521755	179.770274065935	193.787260989582	299.198416882634	505.201830076511	615.625673649946
739.563	17.1973492034909	14.3495970776527	18.353385798445	28.6012804960709	18.1536254280563	8.68532778783018	0.25161859951472	9.02718624553493	11.9411426777719	11.3612149457291	10.6961749050209	22.6956858414485	26.5811492654631	13.740177095557	15.6555931340553	-3.7899115255618	11.6411282386781	9.71091573716538	25.4443703560053	35.2169635470721	26.5213630714347	15.8529682854942	18.0793818640901	33.3626316001312	39.1335617062531	42.8697363587759	392.612281311198	501.071596416599	42.5794407446496	33.4767390441753	24.1986367837246	22.2583870400477	26.055535316436	29.0809018205564	53.717473259443	97.4441955965312	40.3030598058082	32.8210605395995	28.3513267274558	44.4001195808683	40.3527950391996	58.1970989475756	9.39989020783526	80.7547122357593	76.2002314237217	50.5541639131715	106.151910346077	82.3748980942748	105.169603245474	134.77431616178	122.044108815041	446.01829481243	230.654625842507
744.31	10.6530287294842	-10.5022096749723	12.2156275393892	-8.92720566871855	-10.2747456162743	-3.37623405936149	-6.61204453220947	2.67035790477647	0.75430256752576	-10.0105690957288	-2.94833444748256	-4.66543589880597	-5.6987228414999	-9.52259269410588	-6.94668899184952	-3.44739670487097	6.49137560902489	-14.5087817514633	-9.81901661049505	-9.39274849198213	0.97472662307841	-0.915571411037061	-5.93863481429512	15.9723526203963	21.0383273588106	91.5614468781111	542.536938884536	212.958263694646	6.43510798538689	7.16500350950001	4.73369354448093	4.34141398086271	21.147138783356	0.408220729905395	56.8368612053625	60.8824167431238	9.47303723940589	10.5547426962997	23.878762829055	28.9698939727697	23.1314094741197	13.2178556989491	19.0008249885268	23.5599222066995	22.7095853598182	17.8237637414128	24.3184087214408	79.7868217810514	73.0773212278389	-133.119781819806	83.8774877587835	-65.7399178100201	-466.242485978663
749.058	32.8521231139113	29.3025445110874	15.0827978002916	18.8957821336967	28.1736159448307	13.9840302342781	8.99179541512351	10.5657914914948	3.5560537584929	5.05643842264126	35.7415961641784	25.1366214903489	32.0745116928035	21.6448050101197	24.5618938891894	-0.386958778598067	13.9351492515961	24.5721318685285	41.0945191805406	31.4626712778649	42.341597037903	30.9851056368815	20.3054161671735	41.2353957435899	23.3786723545302	324.153142432898	518.312336033946	78.0829125969423	26.4098031340639	23.3231844424276	27.0984066764725	38.2759253770929	45.1450064451842	49.0747354522867	86.1265986197764	58.3389537594343	50.7202125668297	33.0033225029198	38.060422746549	29.2659655176361	57.1896448223662	52.0764731454639	98.1898737517383	78.202313090932	53.8630670756038	127.241849733944	99.712883091375	45.5577883770304	123.040282507616	159.499846155361	109.656687993893	559.75641473353	1483.67353606998
753.808	-4.61859212231501	-26.2622355465613	-12.1122685798079	-4.81491979214502	-19.6479170898693	-10.4292704011789	-3.92784016830838	-13.5188691655942	-3.62453662993191	-25.1627480502586	-17.5403278673282	-12.0097056050513	-33.1113369879982	-4.90258733947208	-2.38427709740376	-0.394410872994457	-20.4697699991518	-17.5756804675103	-15.8877634855902	-10.1805024874966	-39.142409983287	6.59918630697676	12.2297264157197	0.913685032518122	61.5218908320536	513.06035859955	191.615702421005	-9.53381647171119	-1.65651729264977	-12.7059084672671	-2.03090226104051	-12.1915772893688	8.21685962626239	38.6707868060419	57.2132619973938	17.0551218051026	-10.7295635381959	-4.65769441247953	-0.54638583834161	0.584893581883836	5.01428036514762	6.1245424095763	17.3072103484242	9.53034521193442	-2.033346959286	-22.0232185752046	-38.296554806211	-39.2912767401981	36.4828525668369	-108.381007735125	-10.1607698600691	-377.134141184059	-936.152460890345
758.558	15.283339130851	3.14585024821423	-10.9095103593292	1.7827138629517	0.769428816592829	-17.6981534307203	1.33308496713654	8.86537740543542	-7.11727096207525	-6.7909093956734	8.92962024800965	-1.63040829726271	7.25477296550993	0.415977051144807	-15.3749726508627	8.03163850565567	-0.42534581239417	-7.60547524299293	-0.980401801059616	-9.8473210698375	-15.8394439417768	8.15899287238551	15.8045673772235	11.6287170177053	278.794169636897	447.822926557465	33.010344097803	10.1292075883286	10.9631311400564	12.5196031251817	-4.13565495219635	16.5509875287419	29.281895785584	45.3655650852751	61.8109605767396	11.7332517381267	11.4212198032316	20.0233785147224	16.6896015246179	13.6971423861846	38.2908630469971	29.7937295374083	26.0497423176227	-14.9965081166935	-1.03515831153245	8.72030354545042	-14.9972501967237	49.0978531980563	4.64327151479297	-81.1408503954206	160.35540075919	-295.377748817581	415.485791064005
763.31	17.9876825001821	31.5535234986504	18.3852727065363	18.6386547391256	26.6843372566829	16.2472372287268	21.4844368501831	8.09098890162431	18.28385233725	13.5388808862549	24.8729357003654	2.91033834912401	21.3294688681383	28.0041479804593	16.0954980132994	20.0714752396541	30.8041739127605	28.2929467094507	33.0009997446046	29.6047624583757	15.6353838822278	24.9670289547533	27.8453438096031	91.5710426071069	489.558460908408	236.481055376069	35.397970058973	41.3280124319342	23.2254467979986	31.9256410909043	29.1073350194974	38.4073522823296	58.4562261174988	103.461283584743	51.255230688555	42.1279288764865	38.4952640049773	38.698605314988	50.5037673988844	60.1376406258726	69.6525048049063	58.6602033635566	23.4452477191368	106.177449600971	54.9059200865088	39.391662730953	131.558570097011	118.710126922018	201.289938073394	251.60669617287	369.342253085015	371.592809906044	1022.1159560471
768.062	-10.2883815089209	-9.17675110576167	4.8834940143777	14.2244859602492	-6.33740805010368	9.11068847477049	5.48998375159248	3.84314571542239	17.0979295084387	16.8435783733433	3.53600506733802	18.4647018179688	12.302296013869	7.28067306998771	-4.5822278146077	0.82690837384182	0.437920623294509	22.1091430530973	11.1032475415871	3.20161410342766	23.1464371255661	1.9765183943301	19.2303202232496	272.015321018896	411.025176856407	37.5026706382476	16.1216841934032	4.3452769990379	12.1554916477618	22.7718551935675	13.6253451502168	19.5963410196006	59.4337966171751	57.7224813466569	11.4457416255646	34.7907757931568	24.5402581969898	45.0282521806145	33.7932500148101	-11.0364112757508	50.5927011035375	28.5344590357859	29.1863291149316	29.9714947062171	71.4060176581786	-26.9343248669536	66.3946871901889	16.8497897071024	121.903871071817	170.420941075672	10.6513616348614	182.466130993178	-704.560875374912
772.815	-7.25776123069343	-6.47358074167154	-10.7368437299321	-16.9667985266322	-6.33337149091561	-8.3764946579317	-3.84054086656923	-7.2013084796628	4.33956549203218	-17.4680518832797	-0.353375283840928	-17.1947858201738	-12.2944601690541	-19.2600945159204	-6.2445125493111	-20.6595420362884	3.06349185384779	-6.44439273883821	5.04371610031531	0.533262477005626	-12.61728774302	-14.8144460057086	63.0746966357699	424.513926048974	195.169339727683	9.25946418971783	0.435443665436497	-8.68501862220715	-4.33848189598686	-0.429383978308958	1.70208332503649	1.27720821480453	41.3189153086905	21.5770996884868	-14.1836796813427	-4.82897445816045	2.0437189570214	15.722741958072	-1.71720639082024	0.612743429203292	35.4579965097448	-9.26779238129878	0.788317273678028	-10.891783495527	-17.0413220754463	3.84530989620394	-9.25847409042932	72.9692486211727	69.2737360220647	123.559971304358	-276.759010812087	-303.916517855425	-553.23094451672
777.57	-17.2799845490641	25.3212442678696	-3.98389447550907	-2.80745831876852	-3.23123731255767	-5.94591026439049	3.91882868903589	-4.65379929315602	-2.21401286159434	-6.15742701382661	14.062568968421	-8.9866141801703	-4.92842334588663	-10.4814418683627	11.8940347513442	2.5296813812521	-8.038131059679	8.92424435013311	-9.77840728062774	10.8826562001554	-4.82793220763236	7.55821615188346	214.702431994603	398.494533968682	31.4931381327911	-8.54838454959905	-9.77504006150797	13.2930886523491	8.41114807313152	6.1339150806582	17.8019907272127	29.105773088744	52.7014801876676	31.9020965304416	11.6716194122339	16.7531976951368	3.64941380104327	7.74501409861251	-4.08849216138966	-1.25046789647893	21.4404699069071	21.0957431810673	1.60877358449342	49.0859851376414	13.0415267344915	0	17.3198744035885	-7.63658423547442	104.810056732581	40.8903858628036	103.184844745381	-113.707634044647	230.935224433886
782.325	10.0263535189074	11.1787931198909	1.01131290062943	6.17650974971899	5.33162913708616	0.377342810742662	5.40032076121217	11.1919116805968	1.96709758252646	0	17.5743393435685	-6.51787118592166	19.1074320397828	4.87798191284922	15.9591812830042	19.2648130948454	15.8704168644351	12.8771373612488	18.8128561234059	34.255815856136	1.63409620241644	64.466828623032	401.300173081506	239.506361349048	-5.172939780389	24.6695894337142	11.2790776361539	25.6458568763327	3.59608026568168	23.1340025631149	28.2164517564147	44.5516119866755	69.5670964788966	26.0059931577674	35.0800772379486	17.5115485643353	16.4106006123231	25.2780985665127	49.8175227363547	45.0752985325018	14.287009321528	31.0230029697313	20.4193847275804	55.4844602736066	33.1059577796912	29.2169160034155	121.507576178623	3.87709875427447	170.773824030774	38.0601381285605	319.836496745807	430.346729546755	885.858385381559
787.081	-5.14771436827552	6.31333786906651	-16.615252800174	2.92720038012113	-18.1086660366858	-23.635638480672	0.583710323700866	5.1076741095274	1.4427772726682	-8.44743417117226	7.14319975454141	6.6927899741549	1.40144388010705	-8.65172137949132	-12.8442368463937	-20.2214149573787	1.39682811650057	-11.7535275441651	-14.4882996982102	7.37543095452517	8.94906725902377	186.507172245396	414.166831756308	58.5557011987935	2.41443859864966	2.81462691181044	9.26541756566376	-18.4800768704834	5.53888131459152	10.5069507182012	6.79070881744019	57.5237503994108	32.5116530323735	16.3971381652598	22.3917520467395	14.898959168392	32.6148553074329	-2.3072428244783	4.26287212491606	-13.6899222378603	18.8619774371563	29.5801637986395	-29.3543258648141	-11.5878275574065	36.2607100373586	51.8199167905289	21.3419717752181	23.886886007319	147.401407237051	3.55286821299991	96.2610004819416	-150.891268422151	187.27717386812
791.838	6.42835569775352	17.2013703631922	2.07487726331239	8.28563063731054	20.194573546286	6.58054510426487	6.70610980216541	14.0323794122139	2.59446157390668	12.827553932499	18.0283456776886	-8.91500063626914	31.2683312857371	5.91381482345501	9.29191112854137	10.1008283489086	-4.65154427206333	17.613064832705	-10.7215875862751	31.1732572966669	57.5533303619356	361.10297624637	235.687301251404	20.3472997110503	29.9097853144549	15.4653221342684	0.462818218255208	10.6156615374023	0	36.966584264615	24.8749366961221	34.3900264412232	32.4798860328465	32.2942012783708	22.3698731599302	17.9639327941511	47.7883816217818	14.982424776879	47.4541624939227	15.6303381398655	32.1038216296655	26.520362565955	58.6512877527835	43.4118942742701	20.3767199156193	62.6680803502999	49.2025814406917	123.294988862239	205.652550642562	63.8891409672392	-96.1669442629687	215.348333139989	-26.7277408755264
796.596	10.4774025378547	23.3633723733415	25.8918002567078	19.3631050824475	22.7144939810764	21.2931766105082	8.31638531699449	2.33907898070023	3.52386877206093	16.1618792687341	24.1039898823636	-6.35701397431667	11.4097174906101	14.3654690455546	20.7337249008401	28.6314192531782	14.6890124942918	27.9096382578507	28.3965901523591	21.940010891974	170.76082212751	387.627324740684	91.7668584386946	36.2725909621718	15.7255314751029	24.3471961372408	14.143778564382	23.0382270947644	39.9272070427843	39.9812624510105	44.6894260030396	52.548160338374	35.416324473066	22.4082046698401	35.1720584518962	29.8017646405637	47.0210501568172	27.5892797869656	44.001938194072	60.3715424158411	42.6563705172286	38.5935887470842	29.8731695573902	36.3606547114523	32.2889222930961	4.1633561353887	73.5111231502332	287.657583768327	160.352050749655	209.708621202413	305.412292006502	131.621402010637	571.762008259626
801.355	-8.47937991234635	-5.54635179571309	7.2983609554622	5.14316940464883	4.43963872250721	4.08476550882704	-2.82038531446804	9.42303610535496	0.253499827920995	-4.15586301373905	0.660568059615633	-13.3273325741511	11.080684810482	-3.20027494700941	-2.72368405356133	0.386190948249845	4.90852876429438	1.29070390244658	-4.71413524090324	30.4034078278378	262.390089240645	183.695550656061	5.06628118931609	18.3401795488885	-2.96956326256865	25.5511031755591	-14.2446382933187	5.27637331311873	7.29897202459608	11.638452484086	38.9760932683471	5.96874619390726	14.4821014083558	6.17361655096977	-3.84876269871277	12.6375924040997	4.77543113360123	14.188605858993	14.4449622097633	4.58163042611944	7.36466647447427	19.9896690034025	30.2089968675413	18.6634462006683	4.97742483850485	14.3761548297738	27.4026882908525	106.673490668322	15.6285993152166	3.12124226546704	54.7195498080252	179.902854917366	70.5109299292625
806.114	-11.8711318772849	3.52949659727196	-13.2282792317752	-18.0010929162709	-9.61921723209895	-11.9138994007455	-5.64077062893607	-4.93587605518593	-3.54899759089393	-15.4360626224593	-11.8902250730814	-23.1268418198504	-26.675722691901	-5.60048115726647	-16.7312020433053	-8.49620086149658	-15.5436744202655	0.860469268297718	-15.5566462949807	101.17855391887	273.691535031909	58.6164194304515	-0.460571017210554	-12.0776792151217	3.81800990901683	-0.412114567347727	-10.5817313036082	7.30574766431824	-4.86598134973072	28.8954682363515	23.8629142459268	0.795832825854302	1.20684178402965	23.4597428936851	-3.84876269871277	-2.70805551516423	-5.25297424696135	-13.6818699354575	-6.95498180470086	2.86351901632465	7.97838868068046	-5.99690070102074	15.4729008345943	-1.69667692733348	27.8735790956272	14.3761548297738	33.171675299453	76.9448129410845	-58.0490831708044	-168.54708233522	-343.240812432158	-170.434283605926	-564.0874394341
810.875	-22.6116797662569	2.5210689980514	-1.82459023886555	-25.7158470232441	-5.17957850959174	0.340397125735587	0	-10.9935421229141	10.3934929447608	-18.4045362037015	-27.083290444241	-7.44762702673148	-11.080684810482	-4.40037805213794	-15.174811155556	-4.63429137899814	-7.36279314644157	-12.4768043903169	0.471413524090325	188.401445228241	169.03031966064	2.76927965813157	-9.21142034421107	-17.4455366440647	5.9391265251373	-29.6722488490364	2.84892765866374	6.08812305359854	7.70447047040698	16.8556898045384	10.3405961732349	1.98958206463575	8.85017308288407	12.3472331019395	3.4211223988558	0.90268517172141	7.16314670040184	-14.188605858993	3.20999160216963	1.14540760652986	-1.84116661861857	-4.66425610079391	13.2624864296523	19.511784664335	18.9142143863184	-1.19801290248115	116.821986924161	61.2061012031354	-2.23265704503094	-56.1823607784067	-74.6175679200344	142.028569671605	587.591082743854
815.635	-0.565291994156423	-6.05056559532337	8.66680363461137	-4.71457195426142	4.43963872250721	15.658267783837	4.35877730417787	4.71151805267748	2.53499827920995	7.12433659498123	4.95426044711725	5.87970554741959	6.97672747326642	-2.80024057863324	6.61466127293465	12.7443012922449	32.7235250952959	0	88.1543290048907	248.211427840381	81.5669565804253	24.0004237038069	-17.0411276367905	-7.15714323859064	0	12.3634370204318	16.686576286459	18.6702440310355	24.3299067486536	27.6914903931702	35.3966561314581	-5.17291336805296	2.41368356805929	7.40833986116373	13.2568492955662	33.3993513536922	9.07331915384233	48.6466486594045	18.7249510126561	26.9170787534517	55.8487207647632	-6.66322300113416	11.0520720247102	59.3836924566717	6.96839477390679	46.722503196765	115.37974017201	110.170982165644	64.7470543058973	-15.6062113273352	164.158649424076	28.405713934321	-47.0072866195083
820.397	32.2216436669161	6.05056559532337	4.56147559716388	7.71475410697324	15.5387355287752	19.0622390411929	9.23035193825903	13.2371221479986	16.2239889869437	4.15586301373905	22.1290299971237	7.83960739655946	18.4678080174699	15.6013403666709	14.007517989744	20.0819293089919	4.09044063691198	57.2212063417983	211.193258792465	177.934698271116	39.800743873581	28.6158898006929	24.4102639121593	17.8928580964766	15.2720396360673	25.9632177429068	24.4193799314035	35.3111137108715	28.7903896525734	45.3498320931627	26.6469209079516	37.006226402225	30.9756057900943	9.054637608089	33.355943388844	40.6208327274634	43.4564233157712	40.0321379593016	48.684872632906	46.9617118677243	30.0723881041033	53.9721063091867	16.946510437889	70.4120924843393	60.7245830297592	104.22712251586	128.359960941362	43.7186437165253	154.053336107135	240.335654440962	293.495767152135	605.988563932181	822.627515841396
825.159	-7.3487959240335	5.54635179571309	13.2282792317752	3.42877960309922	15.168765635233	-3.74436838309145	-12.5635345826303	12.7884061429817	2.53499827920995	8.60857338560232	-6.27539656634851	-2.74386258879581	-10.2598933430388	13.2011341564138	7.39285671680932	-5.02048232724798	19.6341150571775	39.1513517075462	199.879334214298	76.7561443522463	-9.33597695800049	2.30773304844297	-2.30285508605277	-0.447321452411915	-2.12111661612046	26.7874468776023	7.32581397942104	-5.68224818335863	25.9519005318972	18.8623195431739	7.95430474864227	-0.795832825854302	5.22964773079513	6.17361655096977	14.5397701951371	23.9211570506174	19.1017245344049	14.188605858993	25.1449342169954	-2.29081521305972	14.7293329489485	11.3274791019281	19.1569248428311	21.2084615916685	50.7697333527495	95.8410321984922	49.0363895731044	75.1960671924235	111.632852251547	156.062113273352	89.5410815040412	331.399995900412	-211.532789787787
