Wavelength	500	495	490	485	480	475	470	465	460	455	450	445	440	435	430	425	420	415	410	405	400	395	390	385	380	375	370	365	360	355	350	345	340	335	330	325	320	315	310	305	300	295	290	285	280	275	270	265	260	255	250	245	240
248.336	-2.83459841661349	12.1235527929315	12.8065995144933	9.44740445782217	16.3242708360839	7.84816145760953	7.45027248349514	6.07598733221768	3.05151244412558	13.1055217434932	3.9759137036218	3.54078281040978	6.5839464451796	14.4425617861303	12.877358034848	7.36312512101641	13.1436250776915	9.9256607158842	8.98374821230139	18.5004083230383	10.8324663949096	7.85917898020978	17.0673822919302	21.4958091315184	28.4514837166755	26.827323713249	16.7013223986227	18.6791128060543	8.925746552363	26.9022315160861	12.3354747590389	28.2759138440957	12.4882675060246	51.4958217298196	35.9562916226933	68.7226613620898	92.2971023858517	77.6436808274249	97.4807424210183	88.8474243064943	87.2247290865048	190.165274070953	533.004004634738	874.919853154704	1115.34310373827	1217.55005358924	1259.64253290437	1209.22497883426	1258.94637399839	3103.20171457935	61934.8363519985	202523.248803463	70777.6004794962
252.814	-6.11101952758689	-3.02508997799169	-4.93023854658904	13.8868331693806	9.77582507986626	17.5734963216356	-12.3078948247136	5.66007279189375	3.95937719945273	6.42131197205509	5.55563065218905	12.7224329029818	15.7712425699312	-0.960995502709328	7.0105762319157	-9.28299681363395	5.90331633944269	13.4386166053653	18.6882027246229	7.18638469942497	-1.76919437750358	19.9333542430454	6.62973339940969	3.75457017577753	11.6978912300141	22.2446784869336	27.3215073540427	18.9676115309295	3.40149264499243	30.7781919140946	19.5401394174036	22.4184604646357	9.64984018841496	24.1772936809005	41.5269708598239	67.1471668444923	80.7605925332569	99.6800297848083	110.338103060541	106.412946408246	182.453665122083	518.657517090832	1003.1704789841	1403.64965477407	1371.69702605553	1451.08142180271	1531.14535404813	1393.79959472086	2796.07593281895	56504.6177582919	219913.940580839	89966.4914029463	3432.81372852041
257.296	-36.2776409634386	-23.9443140615664	-13.5500079034404	-12.7219469146543	-5.2757730339401	-6.06533921707957	-9.74199449483217	-5.86677616671709	-7.83485547881458	-10.2358374238422	0.785252706258775	-24.7090695027998	-27.3072569316183	0.475406894836836	-28.6700376319082	0.459232189693693	-18.9825054692777	-11.2506603357941	-15.1283469960655	-21.9232560646242	-23.9228142920684	-7.12189149628205	-25.6913421422204	-10.6136875395275	-18.1157517237041	-26.8998851155039	-5.30986440270632	12.9922964058885	-13.4618158075215	9.99209467915402	-2.35769662658805	11.3264362603602	14.7987807381076	7.81098322210033	48.6956966950199	55.1845301288493	57.2368697224009	91.4075387875256	76.164470789724	137.890048537411	358.129527932153	906.929469988668	1322.80521148017	1388.77803680373	1354.79954792869	1415.806373159	1504.6638519786	2417.97249001109	42540.8181200226	195140.201434579	97412.5856928945	3857.39337006681	4519.23432672011
261.781	23.8598157597113	12.7560280804285	7.14984546450916	28.400763988544	45.0588386976096	12.7197709974141	2.47139208510321	5.68263675397458	12.2312655813748	16.4754382642519	-0.398412732440627	25.5463021316625	2.96889653561838	-0.964826525185584	36.6003247766037	-13.5140052413843	22.7195916492071	21.2761455246607	18.1941367419979	14.430066652019	21.9070499900196	15.0096141361142	9.98424439129871	18.3091837170978	23.9996816089141	20.844466738276	28.4100829719415	12.6954841258274	16.0995343675796	26.0726256181337	28.2308329631511	42.1423237103273	56.1921946125113	64.3995507256671	66.9139189494035	99.4912705596084	104.659739973855	128.147897498919	133.319995776223	361.178538678777	790.337462293904	1269.31770679408	1581.42522190594	1524.89145490498	1525.91836417725	1553.50977689186	2373.54066007877	32982.7156338979	169363.714821293	105812.172830559	5360.83181172444	3662.44882403061	21505.0124879311
266.271	-23.5741393701033	-14.2096014202212	3.91569837705993	-12.0796140232134	-6.35249811105601	18.3623458677216	-8.16926342865627	-7.98153619279752	-0.933019129045005	-7.28562859874695	-6.88874357117506	-4.81162943060988	-1.00654152497168	-8.83180826925011	-22.9081206682239	0.947924982085223	-9.04217864282401	-8.44475328927373	-20.2398555513745	-13.4535737697701	-16.8615732984859	2.26164086675899	11.2831557165447	-2.19082629583858	-6.75163355318524	-12.1146432225413	-0.498198478378323	0.993261958982282	-6.45060748483014	20.1341246828907	11.1932809593042	19.9699763964744	47.7911660869312	67.5152953535981	52.8752429255467	75.2022239190036	71.3552582576869	107.373270563081	290.192751433166	717.874446457199	1217.78240119432	1519.5025182152	1515.32090766507	1544.70108473938	1515.38740203292	2231.44090413845	24703.8976993048	134690.197655989	111229.268499237	6702.08288688563	2564.41259850518	14027.0557075901	28448.6802133762
270.764	4.8563661111401	-11.7452999220615	-13.4331815068019	2.10204332526699	2.27008941344925	-2.08786272754238	0.943164091010697	1.92771567837784	1.55595039647274	16.0378504439208	2.02729781272921	-8.66604875093225	14.0999048606553	-25.0382374332454	-13.84849800329	0.948484895402897	20.1055991333997	13.7308297322466	-12.7297095700091	4.28321104502562	22.2945257075763	26.5899768836971	22.0151497166532	11.5086318737875	7.27528475493952	23.2334481032695	-6.97889850799278	30.3123838741099	-7.44740501763614	12.7755232031089	24.3475924428631	32.1657795012882	50.7772957423105	80.1587521749151	85.9075433743417	89.0787474544339	104.169985590115	262.692029735563	692.810197473605	1152.50429179314	1465.05850492673	1540.81358118653	1670.00875514722	1542.48894176405	2041.24342975773	18447.7855288282	111108.719124008	115759.536193083	9016.6684240396	2598.11212618638	8925.7614867024	26882.6284403325	9768.70481811436
275.26	-31.2388681233096	-10.891986478751	-34.5169385079846	6.68727375611667	1.7776940898627	-4.08748352510618	-1.53872172430284	-7.00877899426521	1.52306986651154	-9.99023242590039	-11.1129575914945	-12.7243751576396	3.94341256684691	-17.3005598144216	-0.934886199061493	-1.85688279819761	-26.0769608988821	-35.6694655953041	-32.8509464455012	-7.78643861672638	-15.9251802245931	-18.2750308988404	15.4717395456167	-26.8224525902931	-3.56077128347364	10.8768363946325	7.31937813175307	-11.1877350142899	16.0380562400452	23.0871679718378	27.6463683989138	27.1924963454137	57.9078802167851	66.1275907517206	72.2987257270269	99.1113504401581	202.791590777435	578.110854854972	977.796164434523	1442.63052899335	1415.70339885943	1557.80866417558	1617.00701014748	1893.22827804456	12796.4931190517	90319.8991938562	108641.495475445	11516.8481227171	2925.07763335796	6042.93349464164	22778.7617613559	12940.6432515208	-397.245695269523
279.76	-9.90386141648963	-28.2391528039064	-11.7189914611903	-12.5032120347506	5.18506399477182	4.37144016204662	0.299202982716112	-9.43511843652152	-7.10782785083643	-15.6101081651408	-10.8045204199587	5.04012402735767	-7.66792840736277	-10.2791256301949	-19.54218166641	-4.06202740154349	-14.3508689490212	0	-12.1148603156904	-3.49399758063567	-5.73451151793228	16.1525566313215	-11.8189700706372	-5.73716056725894	-11.8695189496749	10.574952703887	4.744153830327	-9.93137698792371	1.89005142668978	34.604850922409	44.0260315216309	44.9906010383968	57.2390068332127	44.1409389196157	87.7404859945933	174.291470993146	507.388821140828	953.324626586503	1342.39852697763	1411.2692754503	1402.16497956729	1603.16174622764	1833.00069036286	10394.8489891116	73092.232040287	87887.1382520324	14122.4770073623	3203.85877202656	4648.67106111059	18238.3256711809	17582.3436509956	2582.80585242295	1186.24790160854
284.264	-23.8785930705014	-10.0784738524823	-15.2089997933947	-11.8996294673396	-8.63582855579823	-20.0456232961907	-3.13235117659678	-16.2132490637349	-6.76470314248152	4.29189010475765	-0.367247886875771	2.18037094018501	-8.66609628462844	-6.67016526565644	-8.21807374085162	8.16142102590987	-3.18688818486941	-10.5234434758276	-20.9636820311187	19.9519658406759	-3.27460953473047	-29.7207560826939	-4.09033408623377	10.4240252959918	-23.0637434609558	-7.31960386505776	14.4484275074399	18.4538026558603	31.4791873330642	37.8299729630121	48.957671729835	44.5844359697801	61.1736886506649	84.0201407484765	125.257326243622	409.933383814496	833.802287933257	1253.23776493909	1338.74415724684	1332.3403368659	1397.11528279025	1659.63585303786	7399.23055211834	59368.6527664317	69590.3017746683	16229.2238139753	3008.32997083404	3834.77011132986	13617.3027650701	19905.5130806255	4332.7993916901	1054.98839668761	1102.72731992341
288.772	7.12881311384808	6.88139466192752	29.2361431651777	13.4997439135431	-3.11018018188744	8.58155089297184	-2.42287559805208	8.01763830492293	4.79646027662498	14.6694538245547	11.8045400022386	-11.9555407570276	13.7984636213314	-1.68157473015845	4.49800530887781	6.0913602683125	10.3297752721543	14.4709157747418	14.3686648863943	24.6258877404991	11.8671642478904	5.32887325300385	9.667398824712	-1.87709822407945	13.3495251853592	-3.89243124641771	24.7576514327964	43.8278418210649	43.3647142968142	55.9602430096704	67.5497330914585	47.5748688775157	79.7841735995326	108.786991895445	327.440892831316	731.506392011593	1156.59419959705	1319.86924626803	1309.97419168376	1268.59064793388	1349.78364930418	4826.57072847287	48825.1044825628	56211.235464427	18414.6631091164	2379.50073627306	3013.38636746227	9278.84728317715	19591.672282533	7455.19704809037	2364.59136913777	2164.30400211942	2060.19240544064
293.283	7.97218409751802	-19.2810202353661	7.35061247695336	-6.47006783974731	-5.21719294442437	0.685484811210264	-0.516097674380945	-2.93848985334659	-2.55423967703596	-10.7704013479145	-13.6448041923043	-4.34687559846097	-8.26654530319794	4.43263698798635	10.190932531589	1.94628453323401	-11.5518346238636	-1.73388116407009	1.89972924905638	11.0491792239619	-2.47287646604418	1.39308385849901	-13.8999806137872	-4.49821601411242	1.70615253406972	23.2155922640896	8.18322978103576	30.5905597713711	40.3445440930605	43.5577066953724	62.3514447544048	66.0039600484939	97.9227525402678	259.45214648946	615.696058757911	1065.85277167448	1273.89028352431	1265.66611153871	1228.23395428267	1197.00339120952	3014.6194374572	42171.9343383792	46723.1780550646	19527.9225539777	1820.74597115749	2262.78930483937	5853.75677651534	17716.3501481285	9925.45867670136	2670.37214915312	1915.55368536697	2179.74994588772	1284.80361298456
297.797	4.96148489881218	7.8593436270196	-9.33991062659434	0.835155704605968	-5.41152915589965	13.6041552144333	2.74798572630354	0.875307632505563	0.494551500086929	-5.79267633495551	1.61091763702916	-3.44307843884009	11.2039707623839	3.51100842314062	-1.13836547075661	1.50735726824796	-3.99404370236917	4.61606487152492	5.51737934967461	7.29320594589299	-4.30918170728555	0.899095620197842	-4.93407226560359	10.8867988069734	2.4775874676739	16.4549087527274	24.5587535509533	45.4092032771026	51.6821764194731	45.2917520293652	60.3623865315206	72.4181683367811	208.792712659668	544.814323059084	963.178081873312	1207.27037361226	1229.99702984218	1220.84915985408	1121.34460655913	2275.83175231231	37564.15314469	40804.557377239	23766.1493216232	1560.8618780044	1668.56357348225	3413.05064151537	14220.1590654208	12301.4106266799	3261.65276363258	2238.05790964817	2048.62890977051	1545.63940304023	852.24525998856
302.315	11.9061197727597	7.23329130602303	10.0422184332632	12.2980743104985	-16.9999789214607	3.25736273397063	-6.62161541895154	-3.65197711527415	-5.09775811315925	6.25533178976218	-6.64203299543385	14.2713943177367	-12.5702037070203	1.14891796036582	0.745021587639854	5.17919956586249	-3.13675935191284	6.59139901758448	-7.67324247804569	17.1833612706611	5.6404265228753	15.4462241430329	0	2.56501459535189	-9.72898175200014	15.3657806969229	37.3305395020994	32.9490858105487	46.4760431789286	76.6601260923237	74.8318413375404	168.037650572063	486.086549149749	875.806627177699	1191.13283757883	1184.74466302181	1198.35666592271	1114.69828759243	1801.30026868876	31240.2450252329	36856.1728914755	31551.192904803	1431.86899375625	1314.55785460704	2018.96399553169	9694.49244398596	13778.1012563578	3887.33059237175	2307.54702871404	2143.29296363471	2058.79447856786	1317.46204895446	1130.60597593093
306.837	-1.61905883625372	-11.541167619571	-16.9808820311518	-0.817597705586311	-23.3101405014334	0.974498530129591	-5.38042621853307	-1.92803736256805	-2.66284829576615	3.96962530242044	-12.9318125525692	-4.86877798966279	-19.5864691078839	-1.90955239126361	-6.31511978820082	-16.9701723020597	-14.4672753972913	-14.7895149666918	-21.6055361761389	-15.2317361720714	-29.9988415564815	-24.6454144292194	15.8083860712246	-9.37896858690026	12.5317479426136	23.5740979725618	23.6546582816524	55.278250714896	46.3471418066451	46.632980564953	143.566537309147	416.275145933532	793.835808495624	1131.03768742096	1162.56493660065	1120.77181868705	1077.12309715764	1494.21965720388	23639.0186573231	34204.4615513215	36301.9395616885	1514.93701736772	1059.13555598519	1348.18136323978	6129.36500555878	13480.5190333689	5108.3317259969	2050.72278118994	1983.9676639717	1842.2334674963	1682.38861304082	1413.47626419194	1104.92083386555
311.362	-15.6311245651878	-16.329326531781	-11.7411395965086	-21.2306779064353	-3.17463876284175	-9.0838261650363	-3.41958091673747	-11.1256944736657	-2.9012545570153	0.283186358602193	-21.7357927527204	-32.542185895662	-9.38962480588653	-4.57713444990747	-8.53318884855177	-2.579154210052	-6.63872678364337	-14.7708259540238	-24.7250597764297	-14.7370980787344	-2.8088374714984	-10.1094326696611	-12.7184410226898	3.40622425444615	12.9196510907886	11.7721540888945	18.5899803427093	34.3604711393165	49.3744794477584	113.381093890323	369.24505090718	711.468655178889	1094.26228191742	1140.57550530034	1137.89834396083	1083.24729390304	1329.01616519874	18005.9223515092	31943.2846297615	34185.7628082422	1899.79192938462	952.855349642687	1007.19158348909	3811.24400393212	11773.7315253933	6694.67615323169	1983.68201601198	1815.20008512794	1705.07660277741	1699.97741090749	1499.89545960933	1275.95066891146	292.771828028263
315.89	-14.5384255669396	-11.0351586063519	-3.04092643893585	-37.9319224154948	-13.7428814253797	-20.4179774481704	-12.4444702057479	-1.28243813322932	-1.69069012730693	-20.3688360513085	-11.6436597189274	-2.24202322154695	-5.86259162561834	-25.1488277456092	-5.55950553853053	-22.8208778460021	-4.29131057122906	-4.91863859422017	0	-10.9229388686734	-23.3833511328461	-11.4165184576216	21.4680871485158	6.80557179292615	6.45330477897553	28.2246501080314	38.6900312244113	52.0672042680483	100.961370817547	308.527657682498	677.651715343557	1064.80180209951	1134.48112365612	1129.25073971608	1083.08341551782	1176.1981481603	12733.049052101	30245.9627713312	31922.7405767337	2392.78733127077	877.467820344996	863.802162194555	2151.37464318205	9550.82659337138	8272.04719952185	2347.03777522492	1972.08642710144	1864.89333416397	1822.29297778971	1600.11318941873	1782.884214598	949.216890214596	1192.40335344655
320.422	-22.6515289070665	0.480557501367282	7.83204180480743	1.6340920370126	6.35302134891548	15.2568418902495	2.68839784510334	-5.13796370302659	-1.69339640682985	-5.66706676356124	-6.61914192013858	-0.374268669548598	-7.82930113029957	14.8844583448039	12.6217171209885	9.21669641732848	0	-2.46325591763361	13.0445368206972	10.4647525918212	12.1788059900483	18.0317886833529	13.6035914565405	31.5261526546022	27.4704468492898	46.723745432379	57.3529040124423	79.9641735854371	277.123278866198	601.999888589653	1011.48005507412	1151.37208468576	1119.81790014611	1080.50166478442	1115.76533755125	9299.0539201746	28548.1587777261	30294.3773378901	3374.6511882386	882.849524157021	813.424435742279	1274.60834266926	6849.14353641772	9220.39039836485	3170.8073266321	2292.59538180699	2381.54749236957	2368.97597902374	2163.44811408746	2070.36945278403	1999.4567205965	1720.3799661941	1847.80351461139
324.958	-24.486603828316	-20.8267881351969	-11.6735645100374	-6.32317831585548	-1.09258871930071	1.6748057367596	-6.5569496574667	-9.27805042275633	-5.24212697805665	-2.33908480793555	-3.25244563456114	-7.72397957843394	0.403943523490625	-11.420735504741	-4.59672390542019	-4.18461596015102	-1.61279629763988	-9.7434726018641	-11.6037488817301	7.85333122618506	12.0836745727929	19.5142136666608	23.5463111341444	25.0577318801356	28.7629581798214	44.9719080798644	78.374975253716	251.126940189805	554.78834506303	982.630237429706	1164.81285976991	1116.92209901807	1096.59108582018	1055.49657754194	6465.52662207739	27815.7777713733	29421.5523942461	4823.68521892265	804.439177749243	767.506136815877	836.941481499286	4252.90908636332	9293.15214262524	3773.80616603368	2033.05147358829	2271.4718130643	2321.48760309498	2313.9341763235	2271.92258424381	1878.15704975201	1587.82476121933	1709.81653704065	860.342363789963
329.496	-20.9493546500965	-18.1622042780751	-4.56796940284106	3.85993264346057	3.3348093734211	10.5645055575643	0	-0.224750405832172	-5.33335611539649	-6.84190223005512	-4.30176265359475	-9.82300073335638	-12.7401748907174	5.6094096604699	-0.389726753637485	-1.16112031424786	5.74302370301096	6.89602713175151	-12.7501449973405	-15.4806314926986	-1.96703482991653	14.7749365744129	25.7988654973877	21.9157344186749	36.4733754261459	46.5789640849546	200.974677704257	492.339283144553	948.57281200957	1153.72088402465	1134.21538237603	1126.41633285604	1044.46183738955	4648.0682612417	26785.4367034362	28291.7300214336	6849.00208117217	786.092896283206	736.595004940831	736.20964289425	2399.31069469844	8299.3217948131	4618.16994303098	1819.01516230993	1968.79733162151	2212.76384300275	2246.60425482799	2263.32134840392	1985.39985797733	1766.9822583072	1580.55593117621	1568.46710305341	2058.17303250794
334.038	14.8156129824563	2.03096948610431	14.251554302965	12.5173549212716	14.1706395917823	9.94632925911663	8.26321167602745	5.65480775793216	8.17915839205161	18.8610961566769	2.33119436379389	-0.395440839699383	-2.89527011688068	-1.61297065251416	13.7279477049046	5.84284787970918	-0.412847752720287	17.7844397070744	20.4360598998318	39.7037403413266	33.6541265280551	72.0252371539756	57.0289065428494	58.0666820511046	80.6708553391564	192.489353793559	447.519440186576	871.406978254364	1169.97655524272	1149.01503409307	1118.69418960182	1033.56853552603	3270.91372312408	25912.031286768	26923.7213893504	9001.64227262193	752.743920128169	696.771093506987	662.181879982077	1457.66728213171	6492.10152448323	5921.37562182142	1610.19643040311	1745.13916437323	2012.51347157493	2271.57155240724	2269.7193262506	2235.62704033451	2124.00427185399	2011.23098494636	1851.63049481442	1779.43351512558	2333.27570184819
338.584	37.5211638400812	25.3279185061779	33.9405086438398	30.1438484251148	28.647232301916	24.9789272260046	14.6845230093494	11.7345723986558	15.5551629109191	23.8947480371299	15.2835543167034	32.7450532261402	31.7737051917306	4.42532578368838	16.0438102575025	12.0470608204728	20.5942517756194	37.6497131760732	31.7679801546067	70.698391330744	65.1762591858139	64.9033514240686	85.5751659970493	89.366853207215	178.424697518784	423.813493008611	805.127121920952	1142.1998751413	1166.84144542222	1121.37154655724	1006.35240062755	2289.55495600965	25249.0616807815	25820.6234192059	12104.3129930692	718.615330367061	633.496770130539	662.577217348844	888.906880512793	4558.23971584601	6718.42429141676	1815.96312947857	1226.88550346626	1615.61025161447	1839.75182153299	2087.04152715465	2150.12006379152	2047.90944040985	1917.23690765118	1730.20985147651	1717.14973504941	1889.81852053325	2019.04034454373
343.133	9.65567635330399	11.1340608412488	20.1623299137684	5.59300777579178	-5.94721091445486	-1.70931593150565	9.78070136026606	-2.7054940595446	13.7575120602413	1.19364139959385	11.2861771723509	4.33572478410079	-6.18400467268785	20.4985977176024	-2.73667430111866	5.82387549161225	1.64602875743844	7.35009164702687	29.3702675693165	18.535041250232	20.2255699800279	45.3906682575117	54.5330066121707	122.486281391261	352.267596712131	698.81616218269	1074.15049005908	1110.63998121833	1110.89687420825	986.78671592944	1740.16594887908	24951.3298923875	25239.2180932752	14682.7337462434	719.185485122426	611.055383251965	597.460852679289	658.410421393481	2796.28064334511	6722.54792158175	2659.18035815131	861.690914955512	1076.89127151645	1399.2521434386	1573.19897175182	1824.33586673006	1783.85880182971	1721.68142225901	1610.7938763837	1499.60366010941	1315.44050084766	1611.54719542121	854.338515306898
347.685	-29.0863556016316	-8.1308555636938	5.9815914511668	-5.61604756611048	-5.22524608049091	-7.55197200349745	-1.03378862117473	-2.71663904956414	1.79072763884092	-2.09747733330932	6.66627609290983	-13.8523169692235	-18.6284370323164	1.21076702780986	9.42153509063787	-16.3740256862121	-4.95842818436883	-4.34139385542404	14.269962197633	2.51505329013573	42.5991288858444	42.3221037605976	116.940064888568	318.514766351462	640.367595063339	981.127191465402	1062.18361432683	1085.39437123164	995.477085791184	1437.19945652686	23435.8971220544	25054.1141959212	18428.9781036815	724.43763712486	564.541531597403	583.098607590808	575.867415821565	1689.81933893267	5875.31127311223	3674.40064355896	883.041493126156	804.828105792811	1032.24377105176	1317.68430779147	1477.31153962608	1600.15444910711	1560.41147185525	1447.09977954988	1435.21548878491	1244.31703027422	1345.97070948204	1330.93387437593	548.075861627581
352.24	-15.0327425734621	-22.152893442522	-5.13111583592572	-35.9126139322179	-27.9998800890245	-18.4441777655567	-20.6987722895019	-20.4261463338663	-8.55837231850665	-6.37917138522229	-16.8954220317235	-16.8519206621754	-32.7343895460722	-13.0928758068974	7.16355620399469	-5.13801382493125	-31.4173669156928	-10.5629729636432	-10.1266686972971	-4.58950065184147	24.6061737473206	45.2629470833961	265.330779512606	594.657472634688	953.220768080258	1024.95853280597	1030.2960158327	1005.51934951074	1207.81189298811	19363.7478038257	25410.6571586637	22516.5245663093	884.561159068498	513.424421256987	553.551711981942	536.264975330583	1014.46584414768	4576.75480875859	4657.8665303849	1085.01177779931	715.419420941022	811.839417631425	955.245848387802	1225.61252382953	1327.76290488089	1377.53457808571	1380.31830654951	1302.85252558343	1229.22373753675	1079.43473486446	1008.11887129446	834.806590334919	265.736532449327
356.799	-4.6770060256012	0.520924846994224	12.2632491484198	4.42839380268397	3.44334097867456	9.50080192216356	9.80239704339857	9.74672679009325	7.6048088750903	9.2146596764638	3.41674140096786	10.5483986213514	5.9408795768212	23.1678731672198	15.6940070899626	16.7847267898475	24.9904227108493	22.6964624857072	15.115484452311	27.8438801779657	89.8740561593814	233.604252568405	558.456944430228	937.948276702137	1016.83090775228	1031.69901323146	992.20932147183	1084.98124933895	15528.4368945358	25979.7633028379	25746.361450224	1132.27384042546	528.841233334046	554.407246157406	590.619971147863	725.941126253047	3140.43796628978	5212.31231088925	1686.2837349283	770.809647901607	761.398749313635	843.593510960466	1013.91898462654	1155.89221374797	1262.31473597453	1352.06431437659	1330.23079690759	1295.71627324795	1187.57889812064	1146.36023203202	1251.024738467	1609.69774491992	1392.34386032537
361.361	-14.1287370596434	-4.1964226120892	-9.02401821878737	-13.8236295474635	-14.6398044917913	-10.2756346896926	-5.6022697828489	1.16840569515012	1.84842785531201	10.2067186604157	-11.0097193154941	-7.35359740030835	-20.9378918511534	-7.08208638827893	6.07819536720796	-0.402419618301603	15.3545909088954	15.6844826969562	21.1126618229405	52.9602866165832	200.4293425444	476.223141158124	898.125504885932	1011.44526677557	969.23339642918	946.310431336206	989.390622988672	12259.9500813062	26424.4166938889	26151.5263836579	1565.21755704465	485.922191088021	516.628097350383	560.8351650693	616.513561700977	1954.02008256023	5044.40016907248	2411.93812589998	802.01643100596	719.631242923367	749.479428118003	814.824803687521	954.194483050721	1105.61273301257	1129.18147857037	1174.63527790324	1120.74093800115	1132.10751774904	1130.83271191559	1060.04552600422	984.979935506595	1195.9141834015	1943.17940278056
365.926	6.49544360971172	2.10461786879877	-19.0559403339732	-16.5495484087775	-12.365898832775	-16.3490499423896	-4.01383960330141	-0.937578592560278	-10.5946956745434	-19.5450499222494	-13.8041697320328	-21.7183708262727	7.71495518795219	-2.50719192018055	-5.28385363473811	-6.86202185112545	7.27291816939017	4.49496366626774	39.3993042993082	170.302858747104	411.314134199865	793.560534014012	1020.5030345514	992.143851897334	934.154319449413	928.565064243773	9831.62077286522	26498.4832690059	26475.5184386969	2004.96192034443	432.28789979501	481.183676411364	532.471928474224	556.54021507326	1171.25181422746	4226.544391765	3372.70353157017	944.569315018261	751.466511997305	752.874913481182	781.838561186332	874.30223894462	964.037953179093	1020.3403845261	1040.14852139328	1144.48696667929	1136.18607972786	993.39086144872	994.537829772101	1082.85182182428	1117.98576355124	535.343380000763	197.378491105443
370.495	12.8853710242776	8.87197479236143	20.3187489482289	15.5278234190436	31.0469430831355	9.87076553310925	4.51206961719813	-1.85992655089732	9.19506185807124	14.4627942638008	19.1688669099334	12.6000185401218	14.4543289975067	12.8486097577838	10.0787239682819	16.4151610434331	39.0396326930164	57.5140580830704	136.777516344366	361.08502452745	769.146684525822	960.490425506303	991.722083307938	939.669638749307	909.89563216198	7783.92319305775	26430.1789901006	26347.0208152907	2804.56565587835	431.834110507741	425.076822435351	517.1854403294	536.0546575276	848.246331179791	3211.47513768055	4026.39482430038	1301.85941703673	822.078811553588	797.37778594347	848.617621997201	884.640402461797	917.523340065252	986.757492125554	1081.51607703679	1056.436164374	1111.64453299528	1129.93897758909	1120.91701978616	1194.37881370509	1161.40452079064	1366.79003279081	1750.3173384278	2104.58467977137
375.067	14.5920204926115	30.6848895417047	17.8942409204217	17.6849446715347	20.2446778833441	27.4023987727772	17.721596662145	2.31689835890188	20.6830640554229	20.5461440141054	23.5374104441326	37.2647740657734	10.5915666139025	33.4565102207178	29.3284814762867	40.6970226285731	38.0593686616045	117.297674773087	307.175954253263	657.906731449862	893.739326475336	965.748831323864	975.007660756137	835.919103268239	6454.44081411567	26669.9114442396	26322.3453916311	3684.47886527394	433.583862508353	402.235344766907	501.861811862003	545.745599841546	661.538421909408	2263.66975796934	4338.75587635246	1889.42352944237	870.496250569949	854.252637191778	872.93567269499	888.18519601742	929.02407165233	987.868474296126	1015.32463403444	1080.41876791086	1103.12531357496	1146.10034819549	1152.78596522969	1190.92498943662	1220.1931776543	1524.93516429195	1608.79771774419	1695.29027421766	3072.83805992037
379.641	-19.6794529023407	-10.5211061291433	-14.0624480647233	-3.40724415512073	-8.09519354036473	3.38425854006109	3.82198394508328	2.90148205137129	-9.3316633735201	-7.9760679183856	-2.30026135905801	-5.85290504396377	-14.6923832437836	0	-3.48320296015044	24.9830453683249	51.7359401400509	197.741127369909	485.364223161768	770.148521418865	813.585326336342	841.829954871066	803.365438988242	5306.33743824516	26389.8557693725	25649.0269026744	4407.32812760862	368.504629072235	337.603757247188	427.30371201047	468.060836707831	551.005519256722	1411.98630609196	3905.69100696102	2571.0168030214	907.142898312095	808.683499160429	877.777826395075	880.755587150962	917.003412385137	921.75107620994	907.954123861786	938.487769991034	951.310988460003	992.409827480514	960.102846053997	1094.7575486577	1043.10247261578	1051.23695262662	1124.26415196479	1341.82521573875	651.353291650281	1362.59463888326
384.219	-18.4135981354654	-21.8763331101415	-6.75258782322723	-1.26798544230851	-8.76386223067543	4.36602914369056	1.51715025437014	-2.43640210318715	2.50286303549397	0.293160074790844	11.4137126037058	12.0038803415169	4.0501349299021	3.94861615829562	8.44964954536911	47.6784114914958	164.940965378306	409.885059296568	680.384683013096	759.853854345585	794.30410710162	735.31393990713	4462.9487030737	27660.3173298472	26228.5761496513	5717.62386223278	369.257919224225	328.129106033017	388.94125560808	441.438148138005	526.376665826815	914.484238791864	3259.63019651774	3283.54473193671	1101.29679739115	871.754108277751	880.658903724143	901.560915865073	959.44926201206	973.77163605332	951.005858788993	948.323978497942	999.735525596813	1039.56134711022	1020.20022586237	1046.06263318792	987.008885527176	1076.49561408649	1148.87432636507	1353.0195047156	1316.86482287194	1480.14530852398	1795.18475714132
388.801	8.09088722126275	-3.36434139310385	10.8792550556416	14.3001708032363	-5.29487518207803	-1.29862403646943	-1.46659014355203	7.70795106866614	1.93556267637583	9.91866074085086	9.1419123710708	-0.3743174998448	5.08970969518843	21.7570465904419	35.2711637217423	115.776810265428	299.739446253604	545.682370864243	653.661547037147	688.385119100811	736.445417225459	3149.37686480502	27554.3778149008	26750.8740457417	6682.65398146725	337.7114589467	305.405302497668	370.124023805598	432.723852850358	481.739150413163	673.52462055227	2311.38073232998	3587.18107017393	1448.30414982834	864.220055003407	868.082290359299	941.855885469821	937.664044798423	984.04071214811	989.313144408382	991.782588949442	996.076398693303	1001.58670082229	986.29265226659	1072.57699777442	1096.80020318185	1127.09255905534	1083.91045074063	1229.73073486884	1382.4126056183	1396.47736468539	1666.26954522465	2253.71292059043
393.385	-10.3226194250122	-25.2941296488886	-16.2397294141144	-16.8111207595245	-19.590588985754	-9.00899768785089	-5.14559053889482	-7.58041887214234	-16.4373057126402	-4.88104181780257	2.11150506747003	-2.14904947406695	5.99410952446728	24.1059390111094	84.5528347384686	229.329709375521	424.423507449298	527.257165003339	602.2267877051	604.982699193218	2607.15860459829	26414.0951067038	26355.5856794943	7960.93777411339	332.094486180627	265.281569705915	292.605436327731	378.561770715651	415.539944058517	523.839300795441	1503.78342289396	3398.76889254234	1913.00659131554	848.009908025526	832.406074678099	880.863347766527	892.530371377417	953.13034684362	970.373440222936	969.0884827612	938.945458118477	945.830578924443	984.641005265686	960.804937955687	978.184485943735	1002.54031902992	1033.82299950158	1069.03018258825	1158.37583045691	1223.01569042998	1331.70865545025	1109.15549509492	1531.12967991863
397.972	7.49413941867127	-2.67103076363329	-17.3321814180874	7.56883080077195	2.28869609423242	0	0.679210493562701	2.37981564366538	0.448201048712465	5.77475140302847	5.2557800492856	27.7367606688512	22.8462976055346	91.5694215794962	183.982106198577	367.476714014975	459.341600733472	526.732767996554	550.864009769345	1722.0395363665	27225.6917584416	25562.4520984307	9575.00118525362	359.533953365951	251.108613573268	273.884807660413	344.266356675526	407.239268483676	451.937019733576	1014.14175130215	2910.24072042755	2451.86105650914	933.695404002341	835.749782713099	869.88909074429	903.268520962637	957.520450381894	981.65341739115	1002.08926039032	1015.86076681484	997.666968409104	973.76836069985	1008.49822242539	1013.30335166796	988.19344198581	1057.13330449471	1037.60535629577	1224.49929164336	1300.6239453994	1385.31661366323	1702.64127014399	1425.9423768696	2692.86093148251
402.562	-12.0085991532572	-9.41612360592981	-5.42543589894408	-5.45772803658831	14.1456996495777	-13.8775287015617	-13.2780652249708	-4.95743749681188	-6.46377094157479	0.504733857663654	7.57966953791646	16.6670058131799	61.7121073661667	156.701611446566	303.519302740557	381.873127499017	407.523711442667	464.006447999819	1136.96518249975	21985.0542216737	26130.7909266675	10903.8907402676	391.228129795364	233.355735390922	243.944265997487	273.115174624759	330.646032438128	397.384754187556	652.796231372622	2207.94882739764	2801.39105698968	1083.16379999039	780.957361588827	827.607347033897	880.592727070341	901.76555839251	913.304238859354	961.429155063961	955.279249482393	962.603857834912	956.593874803481	920.389293399518	952.697937838844	988.65192274469	989.815799263873	1022.4676269605	1029.38057386344	1054.21566900431	1305.41579198245	1358.42953936239	1565.07713062523	1411.27917633782	501.74846706731
407.156	-6.66887542503322	-4.66889798489793	-8.07045695103902	-7.93808128791943	16.2101671102827	-4.87407320556778	4.31724989726142	6.42887595187158	2.77766767607298	6.50695824832423	12.806090555033	45.9488463940475	150.74948235364	291.582109871747	326.569185152965	360.461788917221	408.965400990851	839.069582845204	17450.9379364577	26290.4101759115	12503.8937321426	457.201613120624	238.753055213527	227.275452838276	274.384446525023	312.804911812402	370.679435396092	515.544206590676	1570.85961178801	2917.30606853241	1486.17165425202	776.00064625486	775.137976361882	833.530499392875	887.654168130283	903.761542732497	957.14018068426	964.517959591135	976.135315803599	984.457719291461	971.862082185867	968.797758069328	972.103669504962	986.14881280032	1004.21460690387	1024.04141998071	1069.3126172625	1173.37001841043	1322.74012792659	1373.44062225813	1396.85229091636	1855.38952007172	1174.27627577119
411.752	-15.928906099135	7.51409481078121	6.80352212631313	7.80724858731312	-5.51872964847497	-4.79374042270654	3.39687558632257	2.23161792345634	6.72464522220312	15.2608536499257	39.701709287341	93.9593753147666	256.062972308012	328.218024500497	339.890433323788	324.096686735943	577.371040346182	13612.5425090253	24409.6175894512	14976.5987033532	519.20736362119	233.811129133537	210.802531906416	273.120576736269	301.445482380863	341.074689385251	415.737748489863	1049.3292854769	2640.99886577284	1866.80403178982	825.050127330156	740.831252690619	809.968458933802	858.603315355338	895.663360486808	908.294824976019	959.148900633926	977.557827539646	974.653516417496	975.811346102929	946.707069495684	967.166937737292	981.740219374386	1009.2820676171	1005.80088327685	1060.69386954306	1074.34400072487	1227.78479815815	1330.50598388189	1550.06058682414	1547.10569401193	1722.55737000505	1800.89573021211
416.352	-19.827585080531	-20.1323548668706	-1.86005434115	-0.349276734819829	-12.9756583292307	-4.9956548903909	-7.5224011641877	2.01337935653284	6.41173292373709	12.5975129402952	64.1375684629168	200.953813947783	294.864199165412	298.89389032375	299.615761393677	455.466308694185	9865.59239596242	21960.5326365853	16405.6889001105	693.806632630319	186.224772830278	188.008763384832	213.480046809314	274.275721835684	292.200066453624	350.464733529984	705.710269006036	2133.58899141079	2292.44539394332	930.761034906962	723.031427024902	755.382079917287	821.765419739987	875.885614526461	891.630707813664	950.597701498133	946.351985027178	955.532605193259	939.238805097427	931.512009700887	966.245724592988	949.738914341877	980.082517474979	967.055487222024	1002.10555844833	1081.0365380574	1111.38078154384	1221.22639097818	1298.60442657727	1464.48196395942	1453.67082708009	1579.26161293005	1599.0909481276
420.954	11.2945902029871	10.8690444313122	28.4301619482944	21.901745867599	7.6871153275243	6.52619833978788	2.04730757136607	14.1673662259629	16.2118590785029	73.1073916044549	176.112617181817	267.119324143162	327.269687602467	313.951205404955	397.11168084465	7473.3433005237	20539.4044968613	17451.8848435721	912.990625598625	224.334939177391	185.5986205434	233.943464337565	276.434323678622	324.760264036638	363.448877334442	533.486920931985	1583.49877804604	2430.87667321533	1160.06744158189	729.233752969416	749.002042648797	780.41527894676	834.685330352632	882.470462200517	915.219393816976	929.936555393085	948.178421545949	959.668758334931	954.821870142299	963.382287767544	966.289736917403	977.860754717956	977.94004256324	1034.31764614024	1093.94137969706	1088.81335630118	1268.28693579599	1326.22897811948	1461.24023704089	1676.92855026907	1706.74816050181	2093.44760960387	2982.50556359518
425.56	-1.32968217176774	-3.15946616258358	-13.2306925180867	-10.0720097545544	0.290058883070419	4.00162518159447	-2.00853412182719	11.9637426802829	34.1953774189165	118.06322805053	218.108630207493	246.066119827399	292.438969869348	336.861260961067	5627.86451725146	18987.7423255362	17540.3331238077	1151.86123277677	169.676505499153	170.439846453719	200.946398947525	227.344241661846	245.954414673011	310.206816614817	396.737339987882	1078.38911087497	2295.23194728427	1468.6188456712	708.297401182509	701.610509655698	718.328608657685	788.364495973742	837.774603731298	876.708375963075	886.173265839091	903.134310116112	904.797056430151	901.42182132207	921.66381661475	944.240740660586	958.554647200567	966.122933247045	942.080180000943	998.759456203908	989.767889514866	1099.14110289238	1194.63184702919	1283.3258904421	1513.98573686611	1664.7549695913	1682.2306557865	1354.31760584152	1277.81913657892
430.168	-22.6101017323651	-22.4710981544468	6.31431057515702	10.5394377478987	5.69100212341565	10.7300460713879	14.7779114251816	32.9658364558059	94.0066495543507	160.824398176801	204.055772852238	245.61722511962	308.030528893292	4318.18100329259	18828.2585311166	17825.5110740388	1391.77340197686	169.133691121851	139.618297177329	195.197840650841	199.773546049886	227.635988075148	278.784771358758	334.884319251811	726.294267923369	1929.68574373912	1733.95420383597	762.719474312552	674.308164705942	704.915293220161	751.075206331741	790.802417614727	824.026449368437	867.009235417416	862.448791077757	880.08706175442	906.685898219361	887.415824355045	894.711361995446	896.412712019072	905.487178367896	906.322061829967	949.135675979741	998.721098065693	1033.71226389247	1034.10521921078	1243.87580695689	1347.53611096522	1474.9419388935	1717.19664300549	1799.61130395387	1423.4962562422	1562.39676125702
434.779	-13.44610284953	-12.3674978559282	-5.59898081064999	-10.5136376534765	-3.40624247565882	6.00455916209777	29.2869149793062	75.9285111752759	142.610358988082	170.457626085825	200.260821772672	264.581121500611	3530.53123317254	19299.5305394277	18772.3154035428	1684.10868059641	141.413508375379	151.880710694731	141.80881785513	186.303815849789	224.901421223558	263.156676307275	315.864942534902	513.945441093625	1526.35772230256	1950.53969779655	883.242682330265	642.173069763892	686.00509755273	722.850739205613	748.32327433182	797.702847588198	842.659669291678	856.37664990065	870.162496702379	887.96418543389	871.902653395124	889.126115028683	886.784096183516	875.360368063584	905.150439881123	913.292504587574	958.689805103135	978.694925416961	1017.44286689523	1141.70620506374	1172.38644556796	1336.20410876173	1582.5366198798	1645.9107747161	1764.64923546221	1616.62858857825	869.900696134269
439.393	15.0800709965596	14.5886823725481	28.8514533883462	23.1719179719693	31.0161298501014	41.4929088186303	84.3474022543632	146.057805871803	165.239480155782	203.957761018563	240.72844015948	2340.56874704933	19727.1757030275	19232.7036226406	2333.7062115142	167.879335364501	175.434622047406	159.725537035108	194.767757078517	220.404973012695	288.517960545833	323.243567462144	425.596144491735	1170.46529631499	1999.65618934449	1127.02880559184	633.102635225122	666.60101457654	713.508301848837	747.031168936944	786.589841387382	836.887811115842	860.015036157794	855.374857481199	888.446159071012	880.33772522012	884.637077139294	892.852021341009	899.201374355304	917.020511902417	926.204226908018	957.92634526945	961.862013522191	1069.85388460405	1078.91042339399	1207.95419434091	1366.35931259345	1512.1794542157	1633.18743543066	1930.06089802304	2052.64709371717	2206.26525857555	2556.33279859351
444.01	2.98194417821522	-17.4604901606693	9.62307259196002	1.6133915032058	24.8113877019774	67.6899125883788	121.424056528948	133.585746042068	159.16912691927	195.38706800725	1480.33682128919	18415.1796040178	19487.6331101232	3044.68971745905	151.887671402906	134.533514733734	148.144780471574	174.134895198306	196.831076893945	226.180945069505	283.778812416961	335.571691962565	822.166563026707	1779.44242076123	1373.35341782825	620.570340471884	598.709000086604	638.627439849305	699.960748837036	756.091756638528	771.72418900276	784.940115571645	820.02942719614	823.733612139751	842.385804732128	828.606079528608	850.927166805329	861.411864443018	854.431729668277	885.12560347312	860.81545238582	903.986643436654	938.220224020796	970.793504073635	1056.22783718995	1160.05682134477	1260.93506165132	1445.12923922829	1574.41188932085	1750.60925835138	1946.93076941653	1830.89728081981	2367.26466783472
448.63	0.418148640053784	28.3166199081856	25.9762033364421	36.4247702310525	59.65498783362	111.242698464577	137.000328643679	162.662830078954	184.372680598897	1118.00370429103	15413.5068198248	18302.1678584404	3986.01936264837	166.5939712742	150.242391073246	154.637563210924	166.926749140104	191.936713758042	215.178208462831	267.009865971395	314.871185927458	559.55913704185	1476.60411575467	1561.37533638393	704.415210069693	587.834971641732	622.838511050276	662.51038242791	716.100078664825	732.693521036965	759.863140751239	777.831334661388	805.822402898142	821.329039192875	822.139928206195	830.023581548755	846.194422758453	854.909094694593	863.588301500935	834.582828854162	883.929660584875	915.394820335765	937.848756752477	989.956252283113	1116.98568452064	1174.9733321443	1307.95893360748	1444.3362181181	1688.9155951601	1820.00140126576	1992.09311965707	2021.83505226637	2271.26467807252
453.253	3.72020983964093	0	23.0106178415331	47.9054198078517	99.8184617764925	115.192572163792	142.17371986838	167.033763075773	789.854124314999	12030.7105179801	15222.6145862817	5068.41469371297	198.322120901081	127.535654261652	128.035009028147	152.300292177913	190.46960952562	194.456944185104	238.223943549443	265.043643104176	408.913817061811	1121.79879012992	1630.87534848703	873.126871895144	531.623051073453	549.199652380307	605.899455391093	656.990526423193	701.089734000167	726.93171092043	743.611629390355	759.044566926026	784.25112854281	793.293275022226	793.367756234257	758.536340671498	784.194162370966	807.000385553653	798.23675926284	812.062276602205	813.784856559371	855.76709786594	897.455321255999	943.860393673917	1043.0838610926	1147.51404218394	1325.58325616457	1403.54111525183	1526.08272768938	1712.38339273675	1965.62365159545	1991.72497662131	2089.79653114265
457.878	2.45625690138186	20.4271460951751	40.9542035145271	111.633188722926	113.32415362308	128.374515657357	147.112084045216	598.32600844975	10122.4001975717	13557.4342820887	5094.16681903665	219.88658841747	122.423424789673	124.279651654946	142.300101777758	172.10151642776	193.380990994813	220.630652420253	255.391577154188	335.425677375323	815.641068462246	1583.70373130829	1054.57410858952	540.368483722125	528.65017445326	558.216632109938	622.420184539056	661.806417236788	714.553370414063	722.831022499025	737.887572893483	758.924709272879	753.718046552522	753.525877106562	757.290823245426	769.84126111606	761.448180639848	763.683489039118	782.814659692329	789.341321974581	800.182077443542	827.771586205634	895.218960059327	939.687919947731	1029.43733116285	1107.87899426901	1307.608696783	1408.98033422364	1553.36998853441	1704.93842846078	1816.91560826133	2000.03719194634	2103.8818887114
462.506	17.0508000411069	43.4084068992516	87.1227085995372	99.0192504549028	125.399859177098	141.723549791593	532.96242224446	8654.33425444774	11475.7041089363	5977.73545757193	229.907646469076	118.607679624671	109.618330119178	135.024794946321	159.280137391422	182.325697714463	216.773708261361	243.209344525983	271.212949430401	566.089884864117	1367.72373722461	1251.39378229428	566.834676811626	503.484548903299	523.037104058528	544.411830306545	592.448850826345	650.486566827287	667.064284895901	692.379053655266	703.825606904642	726.090300737625	720.620924200104	711.857781299834	731.68131092357	716.492635375682	736.965164764934	743.522729257683	764.79762256643	761.021293948605	772.41327924995	785.05096575373	842.776089737822	936.13893314882	987.298917687923	1159.65414722292	1272.96867210979	1382.22425602104	1553.26124290075	1648.15338305696	1812.52961814796	1792.56026186212	2120.30916190034
467.137	29.2581556320517	68.2110261873706	104.766722358159	118.097846614584	133.506203815483	441.944885301534	9210.95318305452	10008.6460394972	6475.78191214272	273.324700580448	99.3171182730873	115.983279214587	131.78532704825	152.022920968728	184.285787604949	201.64568991148	215.752853104242	267.872823553466	385.08712556939	1012.40703224615	1354.11896513487	686.357055348727	466.66730581919	464.773293691816	510.365827583702	567.818291663017	581.729278033291	635.30515141972	659.421937433695	644.663656398506	687.8212488155	695.155463899576	705.454576934589	700.453984508937	717.210276649524	697.450962149542	690.719431989477	711.083963922351	701.657883674813	724.980013946085	766.475971042521	797.215268804772	818.445028068547	892.316363997877	1016.32641502277	1100.77364767743	1303.66641196779	1393.06057889637	1595.11703259694	1593.93790366213	1828.24976831456	1742.79535926648	2243.99864291867
471.771	50.1167011181208	96.7546193286286	116.164857240888	134.373949396852	316.522862958674	8220.15844291767	11346.9981803315	7301.27797694844	310.793870673128	105.113868371131	99.9573086819173	104.8891994312	124.14383514534	156.215855595473	179.600303208767	221.593278790219	247.541913169728	313.373548148046	701.624486674194	1322.19686321074	820.462391994288	454.743674561203	446.616407618575	471.924894900133	511.851135921505	534.836802602098	588.169863709624	619.937202954986	624.523648962707	643.709773081755	640.71849464655	660.535507703938	663.634548374774	667.67383120265	652.29766551768	656.941769469368	658.629915295918	660.819807344345	682.798821337927	700.168084064019	712.815583043312	752.770850111948	790.961684910538	870.608846837552	977.107836460762	1080.62796171808	1242.1328024147	1388.61567260511	1488.86542328713	1707.05599120885	1859.89374541711	1823.04388522554	2592.5684730415
476.407	81.570070633718	101.61392714311	131.937402897947	327.832550014278	6033.14109459565	15002.9931034827	7319.30671013614	348.152011148449	90.0500463701104	80.9269778432299	97.8899604475137	117.884349973932	146.293884387983	172.329223573177	194.87716579312	233.323201823768	263.646965779538	497.947681912665	1145.97601336416	1024.31547726265	469.439255193003	428.813466028435	439.784507106932	467.622968638113	491.763991323704	529.848345176101	556.516359523577	605.250156536437	623.14509591694	619.514251043885	626.455417039901	623.921076590372	622.115932562975	632.458086691857	627.851570494081	621.790639767636	641.986984379106	649.70952231317	655.425937801767	661.802006637783	695.466766778312	742.410681338679	775.029050834443	856.606212340365	944.862155282453	1068.25036235915	1237.58068243348	1285.83985985605	1510.31450269705	1616.3033482888	1991.0465232767	1715.16485512281	9364.26629049201
481.047	104.056781851858	123.976193915939	287.467766941656	6740.3391901584	16191.9415471024	8346.52204897077	408.493594789897	95.2829766055975	81.1505583922424	90.0815444291983	110.571160705983	126.916967585161	153.633357006728	179.069528106414	205.920476462932	238.988568016457	365.527521233859	862.909795910833	1101.92721216789	572.55619310867	397.107040092856	406.275150160587	428.786918365159	469.213760233489	487.736308928318	515.939297695237	561.892969820804	582.146112752071	601.104871219777	602.713713638528	593.149111009714	613.305641019095	605.537601733103	612.370989487205	608.602662640412	606.364178524767	603.13282914432	608.62349260587	627.096612831876	651.19360028636	688.859385513749	695.861069780556	800.769620059605	834.332569071618	916.944533246315	992.459220582076	1233.90894321086	1332.25730200754	1504.93977801439	1523.98018315408	1891.66682519404	2349.18577145302	26975.783469856
485.688	115.29009141279	223.750172153293	5681.15328302327	18772.8215823929	10202.8816972704	584.605364669789	85.3454031298318	71.4669971272384	76.3306157323077	79.6563604653469	97.3768565151314	128.504169058034	149.024353625202	184.405243180594	205.185836302465	269.356039061421	625.034833627838	1062.14970106731	694.493437751023	379.571576747617	389.899546909399	380.890901598213	404.46273906075	438.827922158082	475.558290576668	484.053847517601	524.555578873888	544.681082884621	570.487043116708	552.570937723123	568.39131294014	576.634186532456	568.978748973043	567.226151197601	563.436540005323	562.059377968579	582.183352069398	586.692273948584	613.249001269436	617.976124565933	645.119578906356	671.493475093843	736.753889552298	815.607455182832	896.97537691298	1005.01838266501	1160.65368149407	1249.22458894147	1445.22148382855	1592.01372819404	1814.93600700187	7722.49440985585	39493.6237270681
490.333	183.062659557242	5167.22293194893	20017.39368729	9986.00411872969	728.37789111354	80.1986826511854	66.8313495920193	68.2715233169282	75.5510908115897	92.2320474529564	109.991695562817	122.648302723853	157.843330917775	185.783462819063	225.341099138637	429.196644834449	911.798898720848	804.202250853593	402.63996080763	347.673819536401	364.005357343563	378.201729622778	405.996030922223	447.252542900421	469.414633220033	480.128272260248	507.110337805277	521.940490185805	532.806397336584	542.705866902638	541.437940665612	551.61337224996	542.24436665583	551.358653393998	555.570557045736	544.875600388953	559.654441816559	559.202381732301	576.382261795322	590.86031091106	622.89225662983	663.129668431662	691.387026284298	782.326078797428	853.010532553492	964.600160533482	1098.88678804808	1250.97942963786	1377.0724212626	1563.67544041401	1866.2303499699	21314.8179288127	30330.8903756383
494.979	3963.25779919096	19002.1212961407	11852.03914002	786.819221219154	80.4454112517339	72.322503102574	70.929862331648	70.9171546627127	85.8102234916239	98.4327803936211	115.269927834105	143.455842297537	174.146507912151	188.521723739233	311.242308224683	700.871375834564	901.773807398008	473.582984358328	335.262281062577	347.912396321202	371.442593056887	389.363255376961	415.194131757482	420.883813826063	458.015528460186	470.1926298825	495.021614365848	504.788588543721	518.211577541294	522.378043759991	533.221105064134	525.338470337737	515.671284570763	538.546271941042	507.047632256142	521.376748234954	528.469340504839	553.010573428193	563.876713178737	566.295051096853	597.855839145202	653.150454798678	706.115177704804	777.924806580168	864.564867545683	986.039605160998	1019.06594894793	1237.16261972739	1456.14788862152	1663.6083654079	5812.72076912809	32370.2198569838	10041.0375976003
499.629	17921.8150843003	11494.436584328	881.568742633516	79.2537113748698	64.6104820289442	60.8445048182151	61.1387314584096	68.8556891966098	89.099121502812	91.1356662558791	112.412008412111	134.844076180942	138.755664240904	215.442231454217	501.691097754168	827.878135699326	545.165417514524	305.108227142457	314.608695706749	324.022083744689	339.577728225892	365.342441326262	384.376071937082	398.02452629452	420.732895014413	432.689744723586	444.291177360999	479.801062927409	485.578125226344	469.419960893583	466.859206248391	473.60607354356	483.26310174912	471.907845420888	481.125933977696	474.930872532006	486.753425174564	486.246522061296	512.831473843954	524.175476628415	554.468305412834	581.928699127275	650.886065427586	699.747977138212	783.540147884286	856.415070859757	953.055442560941	1253.01682994117	1355.99601643526	1653.36657453051	16162.0369984194	25880.1917090784	1561.30227208428
504.281	12985.7964288369	1070.07670261671	67.3454193234579	62.0368254430607	57.2045393525657	54.7455062465688	60.1312819797729	76.4290317881768	88.6612846503568	92.8847428409207	115.749758023667	132.250871812246	167.193186990157	348.574366143745	749.383919662806	634.671188433489	311.518774451014	288.638514122051	291.617336836674	313.243833704477	332.404839249644	341.317004610803	359.142836278431	376.04105626791	404.356077214419	417.370520830441	446.730429763808	444.196747831087	461.56425750682	458.749716263681	468.72317444113	451.967031325331	455.223271264354	450.935675948742	452.190282642705	460.348524267131	470.316715644893	480.051902999637	498.481037040295	517.550698978756	498.726217536084	557.967937518254	605.348423385001	664.412617323624	731.689805648656	856.466340699747	981.097497292792	1188.67826149181	1259.55197698803	4280.13876523187	26081.5231189071	10266.2524615235	1250.33168632202
508.936	1365.96206055645	87.610778922088	72.6890155373713	59.6418407731464	68.960205793814	69.5548250881201	76.3321980156641	86.3000867940549	90.1397643183429	104.551557027606	119.964333167729	157.942157042141	254.480492184871	586.57365107637	719.928300400594	357.750452259266	263.944906980218	275.529887468668	280.321502409974	302.310197208365	347.712832800845	334.137405583042	358.577362554045	374.423487345224	389.666746552694	400.402015280037	429.523263113843	413.862033497875	428.641789358943	441.416778157274	438.001002711388	436.442100999784	428.673240342562	430.975923175871	437.450518713413	441.744290500273	450.393140358838	475.487964027087	463.358274413284	510.145618237526	517.392518196133	561.102347518527	588.96524595237	691.000206465305	801.010049227718	842.959847760956	1018.94119885446	1186.21448671748	1419.97108747983	12659.9387337772	22460.326579105	2301.85137662547	2406.0116749889
513.593	69.3221068974805	57.6045740755891	52.4713797077614	46.6097882826944	63.7164160259513	62.5866303599498	72.3582793743465	82.08765175714	90.3139127335741	107.421486476413	116.762472862192	172.427953223053	418.650467964105	705.799794190581	434.26823233235	246.25243170773	240.964613861297	254.95307629719	264.723072471472	289.215721289781	307.467182618165	326.1586621145	326.06995427575	353.170697772284	355.60187136789	371.987240682326	380.291549639859	403.642753260144	396.603904663567	406.299666180986	409.48330890456	386.298670296055	394.353390463337	399.318295769697	412.262504429676	385.441416570726	405.064375772012	422.520242325186	427.914862099261	468.193321090105	472.606317875477	500.082111682096	556.082902109035	626.75839192782	677.101604469339	800.147821812006	915.873007177884	1103.57526825133	3056.90631007356	21048.8027141353	9729.55032857038	1536.53394396619	2147.92636369713
518.252	60.0654863987448	40.0542329892523	45.6457573486991	56.6524767170601	58.5820896598083	65.541771743552	68.8385937866105	81.3730382789781	86.9111842945731	85.7147373876433	118.221909777628	274.839682894904	614.876972526886	512.259910763383	233.929066875781	227.018456025971	222.082036734141	234.809909839635	243.695259201087	270.69269479259	277.670909231465	280.616360629662	286.931579362236	313.461552838976	330.617322895677	329.799709280741	333.855050261869	349.181172176674	373.006086624634	362.566842955922	350.605606613196	361.516513736426	354.948365590005	359.040903950763	370.71826777251	364.678494536232	368.078891675251	382.268087337533	400.165244613676	427.082135964856	428.695368128296	477.990649011495	513.405692256805	574.201170720181	651.241126118234	775.681944504177	922.181590025519	1049.06022229375	9782.5161754516	19101.5090207969	2129.4113839246	1066.98838860782	1181.97928742319
522.914	53.5511455932875	35.7013332842133	42.5822685137263	49.3183981260194	61.2660411759222	58.8987719094479	68.0880969183387	68.970292410912	77.0728090405526	94.3235169083167	177.87512758569	449.157328725817	556.203247019374	264.178786084043	207.372906033576	196.725931844203	212.971824660678	222.296807293896	240.025289462244	263.677905848519	246.606538502342	279.922876100962	283.064477735725	301.286855133625	301.563542862598	318.060309668576	319.17490663109	339.418847474227	329.474801571767	330.165205570279	338.015501751824	342.358611467462	327.96669775533	338.750371198639	327.250681990476	362.859676594429	357.158409286229	369.003845694194	377.449301796487	386.417908798671	413.255754031481	454.799225554629	471.227335426761	533.259385140439	639.986933105428	781.757072316694	929.552321799967	2265.46038462606	17087.9799606239	9216.30769392195	1248.48539441139	1280.68316634202	2350.17676027286
527.579	47.7677502385236	43.935968307583	33.8761355173783	54.8579081984626	55.4619790256082	57.9657778502128	63.8920482028207	73.857022049433	81.0397902698736	119.613634312675	310.239068287357	548.829307317657	333.858317285674	184.008155762726	184.019509048236	188.807525990211	203.462454194239	212.892213216322	214.942182645776	246.325380726254	246.583336012526	245.969685765144	270.186735782218	261.090706874685	279.893889511678	307.373281476942	302.81395904281	328.349939779317	312.075635268337	320.584806623841	309.593068155128	316.347479474334	301.657175324431	319.403146732713	319.366614522168	329.338674675165	327.55396154298	335.520524078906	362.855879775008	378.981098754561	396.938631590874	404.882847752983	469.173689857147	521.06453394877	650.772934171361	773.5324917638	904.953658742375	7502.07076101306	16413.2496692515	2229.9195809791	1085.53732875014	995.993188243556	3347.88200624277
532.245	40.858266392975	51.1749549734586	51.9331664343228	56.6427189682327	64.0718650930801	60.5526473168934	61.4850254151328	70.0762911144211	99.7613338058327	212.031729126953	464.061413390632	433.870540837901	189.412008881579	164.752193910741	173.782750012912	176.010094675337	187.66660249261	208.618935526055	219.572126899353	238.654284990931	226.310081008002	252.718387108057	267.526469326173	253.026564096561	275.731271027766	294.930198868458	292.194473206888	300.938287786546	297.367269735605	299.483338129462	309.779158972751	293.521634891104	301.016794125005	305.590088891477	309.081249549298	305.866558815439	309.867617518485	333.651970033269	321.559006577781	353.876340082935	374.624574296001	405.579884315394	437.287430931336	496.495114183373	643.024550786161	755.238816697353	1640.29469563214	13850.705212292	8377.27881253055	1117.75903757311	889.31791978235	1656.67218586859	3833.05219789332
536.915	40.424234727768	46.0635324145954	39.82597804888	45.0472403198497	60.2859894107611	58.4880353755847	66.2291125468785	77.4539809872895	143.315330224971	348.39153762047	455.012769261182	225.501787126286	147.555338816119	141.656300083876	156.514878638631	176.9578123004	171.502086681769	200.016220966674	195.158465024643	196.436027828311	205.930861555928	230.118646223215	231.190242808645	255.459947137162	224.476781318953	261.470619685512	262.252433642207	282.308074602394	276.778201280395	271.71748595662	276.096956619778	270.867503497302	271.230746217988	281.889859269368	274.69982872622	284.567956247214	288.208353755468	313.491960388318	328.300762052591	340.736904200673	336.921095168041	366.899951043705	426.770341761571	509.42039973808	642.956317979418	715.528548888493	5707.16651146852	14311.4495747002	2270.60101078638	933.926160810296	900.214280227113	2492.8398338908	2078.79729652155
541.586	32.6282303756311	36.4288865615557	50.744581094122	49.430136252832	42.9626912082966	61.2821154861599	60.5685208311278	107.202206519231	254.092456513352	432.486153838307	283.96712602657	142.130863274019	129.258288380169	134.920320380741	144.763976672276	161.770363953829	170.602699243466	179.546412520565	183.60558570189	191.733770497607	215.440783906889	211.57584556436	225.180999884878	223.583086955445	250.584133319044	244.408190430371	256.193544186673	261.300524347711	246.163588803213	255.593659523786	261.023256351486	254.338334467328	257.552228501059	265.953403455926	264.16757317907	264.91526406924	271.918341051393	297.348180657829	291.920018582108	321.157742509048	319.878546282177	370.606269157454	424.44305902832	527.602162979125	644.036165440707	1198.61209148335	11411.9623947717	7944.47669027615	911.737996570677	833.799188731472	1235.84875811154	2639.9637538454	1494.68792474682
546.26	60.9290767407727	44.7718178106581	48.837066431614	47.3510109091759	57.4799564102554	62.8675246170503	85.8799954762534	173.539249206427	377.471120080456	339.861317321824	147.753882738421	121.905160186784	141.577932796359	133.82953550243	141.611497422425	161.46011268871	166.828601536332	180.702924316842	178.848621715443	199.249866287409	209.268712721755	205.840712841379	214.076589938349	227.523510413698	219.599155295564	217.466960937024	232.258384032186	241.162797963191	247.182917738163	246.591734779493	241.043952989893	245.97100313037	248.527874035938	244.66614564117	256.011085224047	240.117260102606	260.653842927643	281.555589911563	284.455566933146	305.224943832057	316.794814274031	339.465952757894	423.049708666286	555.946942452155	623.120527837125	4408.43028526006	12566.9532299979	2302.09243422172	858.309395517143	852.281967341021	1825.64715701356	2384.62926901551	859.608945042903
550.936	58.596537460541	59.3155034086723	49.2039888290832	60.0863727094848	79.0418009050072	78.455054583436	130.600710420084	302.059227348628	386.386326720884	187.228621956057	110.657892903779	117.565201351717	108.50022976382	138.220002537338	137.187934807511	154.226177207823	162.017202272892	166.281996950396	176.202847823135	173.675925508137	202.531984836608	200.88606701392	206.279177524037	186.409203051148	212.291595267671	226.06562727301	218.536822430104	240.690567562103	238.19981984773	236.586851635711	228.865621986159	220.096902296513	222.069873428917	230.862494652069	222.419638026487	247.643493866153	252.860901288643	265.830030297428	276.424532180013	292.202706133749	318.743054293072	345.769693300497	442.341667316205	530.20273272857	888.743384201311	9161.43835172754	7496.3839572853	794.867359755677	805.011122057789	1021.61536442162	2313.24544336853	1284.92681631923	932.687920303589
555.615	14.3709989080225	36.2812095965486	19.6457472322375	31.1451173958232	43.6275179589447	83.8548989177547	219.973646195259	363.662655116561	228.121514952874	94.1696377065019	93.3208346888353	85.0468189275375	117.350312357137	98.3068764074812	115.954658606676	123.341701176649	138.5363104595	132.793233651025	152.486841287183	146.113588240637	152.552829020035	158.858698316108	177.34573752812	181.949678583321	179.708040357356	189.775478059349	201.357140357089	182.995877843473	203.1207963268	197.347598333275	190.81135114281	187.32583762826	206.790673291777	205.670088338238	208.274727620688	197.70192667195	205.410912837643	220.834071554545	231.190952593532	235.312294409943	275.52032175554	306.335176080175	410.18931622812	469.84449113566	3183.6073870588	10791.4202299217	2275.8519722727	643.224362428028	710.130716122107	1254.61806976563	2052.95289432076	422.228505657225	-150.113818029526
560.296	21.2485918724487	29.6503284198579	38.4906733052851	39.7826650199489	59.5579473897841	156.367988122427	329.203998676728	287.251993507436	105.741136754032	95.2078642945703	84.1168307694717	78.1800327800334	92.5392928481511	99.2984632242875	106.520423656813	117.570569323352	123.739265178482	124.820997054674	131.075881488416	128.356824516617	151.818224605309	142.543525746732	141.901569425152	157.082203878987	169.071832967756	171.622438629987	179.468320697885	175.74484089152	181.04393429931	172.075435285307	178.127361369724	180.248236543941	183.752375961748	189.951323952727	182.837509173456	195.677347839122	212.046470554732	195.947657992615	221.204030973397	216.464733207798	251.948645529975	318.981722666479	414.573123988636	706.603856130634	7396.50311677714	6865.35615019737	668.354878371854	648.47479257129	681.567473144302	1643.13409319645	1408.66869325013	572.131363986471	16.7512797449459
564.979	34.7916202324229	35.6868756767035	46.9994695471041	39.2242333965056	104.046705276326	270.038885081839	311.657618183861	145.330357481449	81.6584402274281	83.1061308146508	78.4961676816428	85.6271097540715	98.0770604582322	90.7518867035177	115.283682064328	122.508711681085	116.654883189738	120.410126944389	144.074298131012	136.300553584103	144.059927991149	143.506701357029	151.418064670577	139.013341854128	170.302529767862	166.110759566892	177.317461382328	181.685647535084	184.712895310201	179.940040510158	164.409688273737	192.682672753456	179.382369286783	174.623662078927	184.190652855633	200.678771382868	198.954597596702	210.399878297567	207.922269500453	233.562932400385	261.685875986033	373.775367750409	446.820700090566	2676.53467601905	9409.23336340804	2258.13675735695	580.720080847477	665.596360371547	1008.48764445228	1868.08785317002	961.881670136375	543.361339735634	1115.61371429319
569.664	34.6384572573105	47.2041408945473	45.370437072579	95.0733120600018	213.348297439635	309.049978393994	186.699602742265	80.7182468275577	72.0191846917919	81.7867745533106	81.4516504789107	80.3143591238195	101.160389397308	100.355009582377	98.7355554626323	114.490243965205	124.298348749314	120.669988279055	152.604869172865	131.546335549994	161.04014230753	150.205132275046	142.909316415716	153.549716262613	148.348946088286	154.86474989872	161.045195083005	165.500591962832	171.189865480777	175.77166846705	173.906507663729	168.899510937761	174.03357861053	172.346728383619	176.92187451483	185.246203782782	197.659040078582	183.485077346686	202.897237846583	233.210260743525	272.87128706294	358.282037140547	582.934708355925	6265.20956483838	6429.59321069835	607.031908733583	568.370738141033	681.783408611872	1358.2309572457	1586.87803364016	645.942413825703	889.417177311622	749.179694218971
574.351	20.9610997168092	28.9313107201283	38.1325624021883	135.425808415363	281.342376516617	224.372554352331	83.2537939961	58.5692814827864	59.5468474288196	59.8141258229849	64.1341461207653	69.3083251919993	69.8078908221858	74.7475924117628	86.2849441384725	88.780587414958	93.501199889304	107.937669511239	101.465414441746	113.098419487494	117.798825810579	109.932082128184	115.373651881403	115.905255323864	125.298790249866	131.356287449114	130.825704226311	144.544728390388	133.536526373011	158.647180248475	137.605219122893	152.734210764547	151.867972459638	156.201795108967	163.231399537295	168.477478008615	160.868528936231	172.915886217832	178.61898777204	212.352019777532	302.81860163326	351.19257585387	2089.10079413914	8187.20571689137	2221.10378038447	420.909274796508	500.015332191452	645.757110298499	1603.30992178845	971.633484635893	416.220445758983	303.612123657522	0
579.04	39.811359459311	68.3604060476727	109.070583450084	234.338094533809	278.718501036838	118.562662013176	61.0761648832493	55.8042187933868	62.5010647208862	66.8889307050058	73.921331654985	73.0978720487931	81.2726293038744	93.0283321087913	90.2015815893522	108.856418869222	107.863341858427	110.487684770748	118.980736272145	119.602864576217	109.854726697297	119.376049375796	144.418623179524	130.707255135693	132.328672202277	140.690297762807	143.326441479449	143.766603915208	143.048447002378	151.557503830722	147.576217044447	142.164892838157	160.896790433864	144.348319464674	148.418551495821	171.647696110142	154.270748369384	174.101200822124	201.383923662162	231.035640871163	308.689786888677	415.85333377981	5403.87548758359	5735.75334301336	520.319918633847	438.737771761289	485.517785398913	952.393092642731	1508.14811819175	721.541217480684	573.34642516718	772.825242462838	952.998397501144
583.732	17.5291669173102	48.7169860502801	166.338659178282	253.860904606339	173.438412849296	63.3039899952278	50.1199331500023	46.7189048865359	45.1171223870095	57.0118898061317	42.4419571003257	59.9539186746373	64.5262402250643	86.2412484997239	71.2450936949762	76.1746190768754	81.0383198492803	91.1809130640059	86.6749835382684	102.332794961498	96.0596486430704	106.187477000036	116.139980451376	91.3235486888881	105.666486543599	104.523245400753	110.958142356667	120.773104079486	127.239489903642	120.604667722244	127.430645298861	125.778393504473	119.222164567473	120.404560473399	140.231658137824	121.156917573501	151.387376779027	137.857850064303	170.341958897279	223.23344744508	289.867660004575	1430.92637444572	7520.7694304002	2045.10569017105	347.390768810548	404.461054822607	524.747613357065	1164.62991986186	1070.04648164652	491.02816740112	360.180124232044	469.471609278375	174.383621299404
588.426	51.5995175561279	118.867951948846	235.222897634887	209.40846633868	82.9100260898163	47.7222477461661	44.6746352060218	44.7944665865989	47.983627120355	51.5746738240754	61.5387143411849	55.0221525604408	70.6436752861992	71.8416160667426	69.0128123259458	70.2576562114741	77.504043030179	86.2212565482077	85.7213592077583	75.1094568602258	87.0806303959187	103.312814890651	102.05995544437	107.699804410261	107.781253582535	103.839336370584	107.007532509073	104.867963431514	124.891877507851	118.848167076915	118.369338886904	117.584530782896	125.201284159981	183.822338034973	136.201865954214	132.15161385359	151.812329287063	141.946758190136	167.65125211248	253.649097673317	297.267908097403	4176.12056470286	5490.57875451137	423.847098757992	340.319317797332	365.710131225332	613.931491934211	1364.86176306132	608.927585675388	507.457248922845	443.305844899779	415.542153798252	350.561510331387
593.121	86.851100262963	210.750248757893	256.128167217313	108.900726022864	48.8360972410292	45.677167671598	47.1908370272177	49.8719016004203	49.3583888469755	55.8198606542682	53.2225922082321	56.4677724777143	62.7345426747727	66.8307477151841	72.2601312989328	84.731028548125	81.2518745013517	90.5038942233983	86.5018998439435	110.067187487373	88.6148698519445	91.1088783864931	92.9653377709053	95.2500388200655	114.952406803931	100.675641408906	119.054583954037	114.150227517319	114.353022582927	106.00550628803	100.910212917702	123.503971782835	126.726498388669	197.609701752944	130.516684571494	134.49400969211	140.479975180822	135.109000089104	201.550799580431	259.181077833859	962.96047067314	6541.6480407568	2107.82176310712	287.35421904067	359.828028885252	396.97884265878	905.653537569713	1098.3938116597	550.444325093992	414.517550164172	400.971533479857	658.284452509685	863.173085641748
597.819	155.241966292445	250.197617209892	145.777973920929	62.008846181816	45.5230631081898	40.33700914813	35.7514463926065	38.5562769839051	52.1303902096614	45.6837781136937	52.0572847275324	47.3902684031798	67.7322497965068	64.2335641238441	58.683418084947	83.5040579487119	77.4412293151931	63.6069145945896	64.7383421868732	87.9131751409651	71.8366042057967	88.54718045143	74.8913121398568	97.1666145279327	84.5119780824823	92.0209623501749	100.574401399017	89.3207286459458	98.0462315357638	110.852727407306	99.1390886457961	92.3690566869145	104.888109247518	98.9403689862968	110.169293464487	126.851078238016	104.476862706633	150.354483947541	219.601100537289	250.885477908497	3123.28178695074	5429.02864241263	406.526686342625	248.339771608903	308.264311318984	416.433132741978	1079.54210701916	697.851128353727	445.02764155742	456.854047652011	377.2516126838	284.846302214331	-70.889472839593
602.519	216.736088840655	203.405016726321	75.8752639349489	44.0382926188075	47.2791387182356	41.4254949283113	43.0059821246042	44.2889454608407	43.7190265197989	50.7588547486768	57.2127631005709	60.5185735477856	58.3345555000961	63.527646278975	65.9117110498856	67.5028790410626	61.3242310188427	71.5906008475541	92.699855082696	98.4060577491594	95.7913099533618	93.7739639550388	93.2184168775823	95.2277240742216	85.4954720935547	83.4066203501697	101.363752436658	102.575810446016	112.276708146151	100.520195272916	98.7169684302528	97.2982542124447	114.216824307581	101.270118107094	113.616134198365	127.505735478906	135.948319894687	172.198330026425	232.229304546661	730.46865592035	5312.71402932725	2414.56466232466	201.792729431343	267.616538168924	293.381703922392	574.375945890808	1061.90246088545	442.054286508884	397.935400782667	408.492598509934	293.629413078403	502.393321783743	464.397984870941
607.221	208.339985562306	99.1613282277205	40.3680479991813	41.1684329318217	40.0842186610534	42.3186359362395	43.3941410634577	36.812517501977	38.1157165466519	33.5403289239249	50.418469983933	46.0979340996632	52.9123407851192	63.4905415520347	66.2097056346997	65.4584198125585	72.1906790629985	66.3264758509305	70.8719136886597	78.7506048931118	63.6879916675074	85.8266274561688	81.0739131345975	85.1837062077826	96.6062597478979	89.1838663599877	81.8229047152255	86.1998637949732	88.9033898776353	104.788008414218	96.2776005664019	89.9950688239677	92.8724902632528	85.8848389482986	117.572776179399	104.576458063792	130.625862039733	170.663605834827	219.654532119565	2469.37457382013	4844.69512758483	480.265569763136	194.05206360393	225.350415832355	277.053416699109	803.169886853056	777.267114802988	366.155632633991	353.888242966649	357.381094242879	319.070363252856	622.796976277974	414.521480857636
611.924	104.953403870262	26.3867273022524	29.8643229095749	20.1222996783603	17.9547604148467	11.0089863509393	25.6552033306941	22.2997890991217	30.8637673137214	29.9730462837832	27.7421522796124	24.7815565325535	32.558282078594	41.9120198955478	43.4649098242837	47.035267285282	31.8672441451662	47.4051556768972	53.0291634574739	57.2300081849862	51.8183030522636	55.400132836281	48.8992534240121	65.3618160856081	81.2245686348418	60.8727849931479	76.6639226779214	78.9181478653692	65.7600712604354	57.6783807389247	79.1684038562035	75.2577721751813	70.5558934980967	71.520142096499	90.4245282530331	80.9226791234186	135.554854071896	155.541230496712	456.697220845596	4556.45949371001	2393.25227029619	169.657200818233	148.215514014803	194.173319817265	317.267052396682	861.56955214762	444.46277688188	235.247523886179	206.12849499419	214.08404826759	57.5244435726367	190.097050636226	-363.917706961075
616.63	38.7504650703999	18.0488364283757	17.7630898544209	32.6880199661853	19.0194415813912	18.0227773221586	26.5398528722471	30.763693408241	28.6401054501502	24.7547262262436	32.9411217566248	38.5034845711958	46.6650648666757	34.9005657585051	42.7370611909641	33.7131484816344	39.2412656802705	49.2744330145775	51.0494987171733	66.412283215325	68.8414304350777	63.9176753141334	77.7495058105199	52.5245352364873	70.9155193318181	68.9247443811314	81.6318088535034	76.9592719725371	64.9175022262512	73.9153368231913	53.7794225267074	77.334097352286	79.1650939420674	79.6771952453718	78.4657846739474	96.9255278746323	128.522619242082	201.422645672278	1898.32523096845	4505.74249043987	505.265861668737	135.787676205365	160.203544907628	174.522648358589	478.881289576138	695.076043689003	291.393011556099	313.988508187814	274.428135232851	107.019209734335	232.662922547465	-81.3222670826498	165.588610703552
621.338	49.2618123411457	34.7990356733395	17.1863204579863	23.5317236002708	19.7494906128416	34.191325188872	33.5858621284089	36.9945936303812	35.6330339088904	31.0112413253765	39.1650352391217	30.1820493788677	42.5212584168541	39.8851587703301	50.7092035811168	41.2584927871175	66.5581742428351	61.147124045242	66.9959293933072	66.1503528707258	59.359640391705	72.0190196202254	71.4983885032917	66.9594376916754	62.4962324230433	68.4960811242689	68.5600828398574	71.2052970222291	73.0492189662364	69.7802222630695	60.4312775964295	77.0053900645915	78.2092373318881	63.8547252757338	100.527002635287	119.629683257835	164.346760850231	351.182463224032	3771.50318387558	2355.7994614679	164.934411700827	157.746294902816	170.140775728508	250.512195120743	713.0226585704	525.865500441063	297.067192711931	258.914717294406	278.331161291236	201.009264873289	273.56915465565	52.1564461744035	55.6291427404046
626.047	45.7033362789037	44.3167436670086	28.5580852044013	35.2979402421757	34.6010532508801	29.3963078928719	27.6146322321468	34.5049197749834	39.1917546044219	41.1970277466785	40.0657549821514	37.0024036667723	45.5323996499894	52.0010098846543	60.1414145573625	58.195362392797	46.4223816794496	54.2319113053725	62.7826219216487	71.924553454548	64.990119755523	86.9623788655702	84.2176984632438	69.3736951667687	74.1734683045135	78.2891235753762	78.2347092681964	72.5325671650148	72.4697070352516	78.7030169159424	66.0449576991304	70.5070453803168	86.6035310496797	92.4712048299975	90.6685349998166	138.290880964843	176.133867363857	1510.90271475509	4132.49598189818	578.082756103573	141.276676710926	169.812017531298	158.924300231615	369.967898521386	671.788359146867	350.791210007807	272.556893251023	273.854857828152	231.524166085694	420.737740128182	426.140851721279	361.086718818329	580.367563847952
630.758	15.3979237630422	8.07068457282782	12.0573383807267	23.3270839654961	21.3390619210627	24.80522652984	28.1161879736666	24.9878912961077	32.0961320720355	23.7937750278207	28.8498735257474	36.4566266038544	31.2285359635021	29.804812502563	40.8362485676347	33.7440176544875	40.3582203895426	61.0192082701735	46.081383913589	50.7276826051156	68.047548667497	57.9815234879192	64.1174368480635	63.3209669721655	52.2411284695469	53.0825260157546	53.692380506547	61.9574439405035	53.4770604032959	58.3776493079796	55.9459374064809	66.8096671192956	57.2825329543029	67.1357522078878	101.899859282691	128.939597450777	262.45158929911	3180.3091952748	2384.9326364267	137.82923690326	114.332294165561	145.515988170043	164.172992851581	475.921044324409	479.760939399193	223.274134770405	175.201723023902	171.947507972437	214.359035690439	292.673853639989	115.654604455344	212.894197373108	-170.301888303569
635.471	2.73815490445889	11.385757376017	12.5181439596893	1.03704191470532	4.47978943835837	10.1631197898022	13.442273979438	18.6584493388165	13.3055393396426	15.8245293350542	17.8696371310716	17.7349526447955	37.7621215378944	27.450223605983	24.8156211064598	21.5249869914775	24.4670793897221	45.5080380859449	52.1446509936807	41.4573980942667	51.9231692370014	50.9840172522432	47.5291874055376	42.177773374105	36.5762453337489	38.8718385477857	45.2513267143884	42.4939392721875	46.7028232311902	38.4632246907943	45.8052692154384	47.7672013298022	58.6954317364357	58.6976174411975	105.783811471408	139.028863324539	1043.6274720832	3763.98704646084	617.412880533701	99.6671689951409	102.848946434441	104.201341702369	205.900088608445	522.739023312801	327.651434194128	218.229997878592	169.578643149535	154.95549259289	167.404455419669	146.200740743238	72.3370760512792	-176.220790232728	-610.169433141001
640.186	20.5745658663428	34.628543282776	30.9850152189117	25.2818772495755	27.8266351716823	31.0967618042618	23.6197687168639	24.1380046744383	21.9439248607655	26.6637511917396	36.607738557991	35.8535243610196	37.500873255503	28.7957484162193	51.2976022464092	46.5684173467739	51.0131962633059	60.9068682200973	57.580780620956	71.7788048065406	74.6550429014983	60.0275702146156	61.7546850057482	68.6219083233751	67.8097178661589	61.9118195463469	67.0183607413311	48.4681852472842	61.8415412391797	51.1643216611202	59.0484672168929	60.7039198342092	68.2270234100712	79.0743384523127	124.623355486669	199.817522873535	2592.15689063611	2335.71144022479	123.972673626314	96.1552739224386	104.527453604186	123.230572614846	327.909898927319	483.219494169594	234.934157787723	244.758584884183	219.933561741599	224.399981735748	295.759916554239	204.558721871182	305.994373116212	414.509483680895	210.137982096384
644.903	6.47411587874432	16.4819865167567	25.3697160761768	30.8250221139054	16.9472813325956	23.1019735538291	24.5183317780351	25.6987516951444	28.417466938854	33.2853480794509	28.3776154700066	30.4867606384961	34.5727900295532	37.3058965564867	27.6925520341825	32.8755339939808	46.2354583547605	49.6342654935548	48.210860200704	56.2845985859735	59.4425294919157	80.6998872889088	51.1723071047348	58.8124582930875	59.5784856850258	45.4494527714798	57.4836058632088	63.2648783647285	65.857591412735	56.0067678763408	65.8902431178639	62.6969633662444	65.720580640341	99.1322338217316	128.491477688729	794.757350317253	3389.4673278977	738.482880261105	112.282341431798	106.605322388318	117.246001102487	139.334035579887	434.168789481857	363.084527730031	174.14513771481	172.212371216288	231.862330067024	202.697458662709	280.89916889611	212.004627913046	256.551562471629	139.748605543669	173.895621955532
649.621	22.5111712550902	-12.1185869388928	19.2966221076613	-2.48669880945433	5.21753480838494	2.82276947059828	7.86341509028276	16.5683179772147	20.6155674633672	14.53747460689	20.5566473483582	18.8764399578561	8.51023659736026	24.2270152221812	16.1405434724406	22.120400659203	29.2212610406149	34.9858946604694	31.2917085189453	30.1951901291537	37.0664830010367	44.7455075112889	36.2513443167038	48.9014582102109	51.2882984540908	51.8970772323207	30.6650525953649	32.2481618564569	43.2959126761886	42.5166258657299	42.1346570568428	29.321327334822	57.3197469893699	79.0651835019102	133.497236922402	2083.65042464623	2302.44392067179	96.9754901589828	55.3850780215064	83.4566850755844	90.9577344455597	172.217097849139	415.852616820688	195.024981093314	125.442756704121	146.864833057592	179.043950011919	152.00353223944	168.335435724238	116.569298920215	165.195619749383	-86.6108069329513	-352.714298467972
654.341	24.2895661021517	23.7648314334053	3.45817010044627	15.8734215191145	14.9606477417462	14.0463736814215	16.8343676043489	16.0694149783806	16.0222390686376	22.7704218234961	26.1644495222621	16.856018518795	22.8159358640275	34.3771564031173	37.3719472416829	40.6955232998521	43.1323620416324	52.568748379147	37.7359789220679	45.7861506170663	83.5572395500318	74.9572442689224	69.3659387580383	71.4815902444072	55.2955089440828	57.5572619529002	38.6699393809366	56.6284332546788	44.3091345257537	53.633812862058	50.8119436694528	45.1668823499393	74.4545468706047	112.133411395497	560.621524584069	2949.72692770252	791.452816341908	82.7074173565849	80.5431324533763	94.8653066634753	95.4665126206065	289.804377783657	355.23788931402	130.844144304959	164.267179024633	166.277226157845	227.886693436292	148.483597450691	170.949672713488	310.417648184644	272.611780393027	415.791368540051	417.890579975391
659.063	31.2177151462527	41.0824296534285	18.5987285353899	28.37596575879	21.058243283161	21.3913421262879	18.0641891546037	24.2115747557701	21.1118453535361	27.5039049027948	36.7699653093537	35.9953793771261	29.2827469142772	30.9278226762946	44.2979726020851	33.4869020830908	56.0218286725246	62.516394229175	55.6781750041916	89.3775130266595	74.6661780411757	71.2797005968859	81.2820686921006	87.6376575119301	73.0284991884034	54.1953358823525	59.3555960844343	69.144985771007	62.5546327814405	51.3637438392251	56.2959130505854	74.8992547383088	101.700475673082	137.506878199655	1641.25619600327	2167.89894439504	117.893528943085	89.8518848604473	100.278062631903	101.004959736681	133.736708168433	353.29101459791	248.00281718185	166.553344331982	173.255394132863	192.065254924672	147.905615855077	209.032779804505	178.070882506819	225.486994904835	219.9240791434	306.403624684375	481.606904521305
663.787	26.302653156224	23.4367122829385	26.7220007811515	15.8650902055371	20.081952104006	5.27711867028409	2.64874205683942	18.9480025147774	10.2687130882292	31.2209225501078	16.510794023577	30.4217049980895	9.19229423845546	31.3665958455552	28.8333792622031	32.6301385350353	29.6434490221093	46.7182318217194	41.4370094762239	68.7359334479024	69.3797579042352	74.2769610539889	63.4117059939227	49.2500631722252	52.9032534700736	55.6734209267333	54.5978905643247	46.4017453745325	53.6817732490611	45.5377634483369	64.2741418368289	56.8003028698954	95.5286947110971	422.266555606362	2544.25377840636	832.847382556731	65.3299227352317	53.193525866083	67.186893060879	79.2908881321807	176.271465050964	309.000641668428	129.571544964895	129.429324784149	134.570726689188	113.369891102342	171.078889160802	147.346356227767	178.675928432271	126.44989481663	154.415176001576	-32.710586777205	-203.516443331343
668.512	-1.96332142942154	25.8036152477847	15.8396531822255	21.935711170137	18.9514745410811	21.8615873491351	24.2443495249304	14.0279907779536	22.456597281104	21.9194899504925	23.235424010232	19.7558014163662	38.8331557461097	27.7869960974055	16.8924528303895	33.2164835254682	25.6039847673658	40.7256446435564	44.6211077894338	51.5153234352061	67.7815777390791	66.842796122389	41.1350753038929	53.5058818129348	47.059787957093	61.8187153687073	48.6693973942671	45.3521628240003	42.5027587568592	46.2354430710628	70.9694231442349	87.2345855053194	93.4727829126527	1348.5856580214	2099.07875165736	136.612893023854	70.3865305712462	64.5865221446355	83.9336084783334	81.3892172380475	271.7578291688	217.212131971302	99.2057363946817	136.319117163227	137.332614087662	136.05106859608	166.147799399631	168.175187627514	114.22488455863	178.932886246191	250.692355421232	296.658271174188	-143.55659921287
673.238	2.4689313247627	14.9594302436185	-3.58538482757216	10.0988300014346	8.40179213592403	-2.0804419520386	3.35647091009513	14.5044840559798	7.08763505221619	10.896032724116	-2.59726152827127	16.7907590105463	16.8454118936705	6.63915493968287	25.8311590089926	24.9780061912447	24.3271686760796	31.5739084623522	49.8318270386013	35.7117318408417	57.8969795920346	65.2320072053849	50.6236211134531	45.2468155024877	31.0689711900867	37.3864993288585	27.6744548920527	34.3073850707604	37.8114313060806	26.9290912520345	49.9084562797373	74.2317234929078	274.036872691739	2225.05720366775	907.845704967771	64.189125032129	48.7342278244582	47.2950764904656	47.584453030953	92.3639169261899	270.719333011176	112.16597410881	79.8425432365466	100.075183450633	119.043234808588	122.243032030923	177.202422665667	108.219339956409	169.447653352806	234.559092650478	121.752732980632	190.673082098398	350.737040326447
677.967	24.3730025742349	31.4679486965523	-6.01947305484835	10.5496797822473	11.7185812169285	12.5742126854006	9.91786640120047	9.67476877077251	14.5023597585814	5.74931015744769	10.1745489688359	11.3910074817858	21.6625199558478	29.2153601382928	10.9560556026038	20.7410067581064	28.1093760240086	27.6404983140709	29.039787159466	30.2705351569903	34.5609820978414	39.3451685945023	37.6391285114912	44.0070240828721	36.5130078751012	32.9531400331492	30.3792709334572	25.2957861094288	38.0887803443387	42.9798358297234	80.648737555132	85.9577079482358	1037.38514133174	1912.45471222827	173.511794773415	55.5361585116127	35.2453203542522	40.9632051645923	55.452466220022	189.603309055654	229.589648119112	80.204426784113	105.724156815424	105.289651415024	86.6549340082524	139.979307715653	89.8840929186306	144.327249263334	43.1631305455153	63.1910550592829	144.54683138615	-75.158483555468	-62.3487735579047
682.696	7.04132069814732	-12.5481947630312	8.11540776418871	11.8101679813693	25.6732157791413	11.8061760043137	7.52129550385793	5.78969447928619	0.902398664453409	6.87036072437619	21.4576974183507	6.63154823682091	15.69781894675	24.558134714486	20.7715370449807	28.8796827985782	31.3377771966272	25.2685358816758	34.3971433338616	27.0591392769705	44.1195014857639	45.9357523507971	53.6094116757507	32.1811924076896	35.4129840237787	28.1941672385854	24.5742611312327	26.658437202475	35.6337573122811	50.2269919050713	78.0173154072201	203.156489134977	1881.31246504179	901.645215314373	64.9376056810882	55.7539620644791	49.6387884285414	60.3287096512266	74.602201876233	204.938117841032	127.518059577591	69.2590880276973	57.7141671240181	67.9551255864342	86.7355849483273	86.2006129549649	88.3256245100558	133.515616951032	85.3044810524987	105.566105958224	141.728682232283	67.5520637142173	-189.130819578438
687.428	16.2068200975019	19.8562686399699	14.3011228939433	4.98723091624068	13.9205598728419	13.1079521016721	7.3443004343372	15.8820472589834	12.2674403876859	25.5446036748618	12.7277154165968	20.7364824033103	17.277880343082	16.128001096081	26.4943165116785	24.5806422096921	34.8590130093654	35.0832064622495	57.4472410229706	41.0954475251541	45.7471776888739	32.21433403839	53.9837171059127	33.20602949411	31.1078693397164	36.1340270966954	34.9353045083365	45.7083196062128	49.2932071555366	50.2189740379329	76.7846171840935	822.569169604797	1802.31674005762	175.552353383759	53.5364957444699	54.5276080937753	55.5393007028598	38.0820455375619	122.015194827135	209.441504560048	79.0205547174945	51.2638361560843	91.7986521598537	86.6774857334361	118.534458723334	93.2322857063616	132.76897261999	161.024731706509	83.9024077530251	36.3668764811466	124.878463356126	161.556330050275	655.999083764643
692.16	-16.2947913334107	0.90745678278965	-11.502999946359	-3.47143970446701	5.99833765769754	10.1141949911573	2.53830691689854	7.27667344507082	-0.913631742273861	1.87273776339906	4.16640063161858	5.65397717111831	5.17453861034841	11.5310538662771	1.75250846509236	16.3600160973869	19.1842938000742	28.6840584467726	11.0421745414547	28.2942006105893	34.4966213320076	22.8385347023652	32.3174498969288	13.2740603832648	18.6897497298253	36.3301639701185	14.6353894458155	28.4492161593292	38.9926666455445	57.3439911550845	141.535912845505	1596.47630476252	923.780101483183	49.5842863804779	18.4550036158658	21.9294344097771	32.6453733123164	39.2003933846307	127.96946844506	129.745102628924	14.3450452336414	60.531999058864	60.4246145677143	53.5119141192253	105.736755310493	67.8794977959912	112.753391707057	42.4394860390038	22.0937182225835	25.3137304176126	0	-265.022693820522	-21.276124894902
696.895	-17.4307897955196	-10.5066221737921	2.48166788342465	1.16500474751438	-5.03256029437854	-4.32000989349829	7.89895588992236	4.88405954377417	6.43885349154824	9.9659791809397	16.1795364977233	1.06731999665609	17.4896362692075	10.8837761468728	16.9383335573476	25.2323493311376	10.7715895077574	23.415285254331	23.0894901421098	30.7471676010695	13.3580337686409	37.2078758327555	33.7883375240942	8.09951787459289	21.504767739449	10.8237712099709	13.6296699624467	21.2982058121292	40.7250345569913	64.9954787115724	624.684181446184	1691.59142076239	193.07808444085	33.5290386770275	35.2252117979204	41.7035634909587	26.8126080712038	65.6247005948789	167.102577170696	110.928599504874	29.4404041206521	42.8411692206791	32.7572850604128	91.5880327628968	53.2274066714942	94.3749310200531	56.1071412306474	66.4652994120792	62.6869504351688	127.428179477825	112.865143724414	-43.0358810081378	-128.523666025004
701.63	38.2572994184275	10.5951609062524	22.9403236647783	15.6642957204044	19.284883741701	23.9602790978951	3.04563998498239	5.54086940329597	20.1750307940722	17.3837179578182	32.3296152035668	17.9385707350044	24.0163683143953	31.8289300923983	21.3513399638957	34.6334463118641	21.3501580349494	35.4189068805967	33.2013505430272	41.0377133471825	54.3314248045569	19.3930958475532	36.5970011143184	27.7704250390476	30.9799817788649	33.8740837450599	37.8903161551029	58.5081753762324	55.4975975726187	121.566143948279	1349.52647151737	941.720169480493	49.2273380253055	47.3362204821332	44.1098017515947	54.8364178494559	59.3103819082329	113.381402172934	186.094471027533	82.5907262862309	76.7419634308361	69.9753772278115	90.3360423427653	76.0610448076313	89.1566645833079	51.4137988593177	109.212467519028	122.879897924568	130.508820542189	119.935209148162	464.370308729426	190.953584940755	1101.6571876108
706.367	15.1722716825322	3.72940655902474	-13.0848445674395	-2.37778265746516	4.10859599195696	-1.88939351536444	11.8542816135781	0.62302493326696	11.4990260116744	13.4687966452748	-0.30576430229777	3.99374692359588	8.35449233320866	2.22138615529097	5.76187577274573	-1.4305388209955	10.9924439275999	7.96512622461232	12.6541519589575	35.9919411047508	15.9039056639561	19.1987011642155	14.8992467845973	15.7046128080335	31.3509843094602	3.80886052867289	18.4201923096026	25.8570265271785	58.0342859431741	487.270739644055	1547.46125283211	243.302945952904	22.6778256059773	25.4722823112641	18.1712380051982	32.9620755209264	36.6302537542534	125.51064340629	110.225830636382	41.2609120568546	18.139793558123	38.7934121201657	60.0356139827232	22.7774043558012	30.381674023412	43.1734213049127	-13.3157045330165	104.972005879109	-35.0815549631525	-57.7959524068118	-184.286824205863	-281.076887909924	-371.616715268188
711.106	23.2631721216696	5.65320369254736	22.607179805562	23.2280388080711	15.2239908127423	17.1841705569261	24.6777809661806	22.2460896207441	12.094802946696	4.16665574131672	25.3375300951505	16.8775472340532	17.6530137822689	9.72769181130525	28.7497878174178	45.5379888357566	41.7528767608474	41.0512592082806	44.0959488518639	54.0919079918188	29.3886316271261	34.4915702634951	38.7170646233031	52.6232693970765	30.0980549381032	64.2798990266274	54.704646585554	71.1952442200637	104.430095155863	1121.88937193785	945.187221956973	47.5404175989956	38.6965676778754	57.2457131065446	42.7143800419998	44.6947969558437	70.9124685202874	173.690262187465	84.4167963378898	50.249959859877	42.9642534533551	59.7382241846979	66.8746717354948	84.9285395780712	102.342044717423	163.330901566228	108.996565473639	120.769009327455	175.175289616116	259.908857603761	405.057979324527	124.270154517374	728.993915248103
715.845	32.0896323661145	25.2572749079956	15.9650203585893	14.1791379393643	22.7502632881917	28.0060139667474	19.1466679469915	13.5870453497898	17.5125228450568	7.58677768926516	12.8153808048029	30.0630994169325	26.3977660159693	17.0312373962713	27.6099773050835	16.8173811281241	36.0362912242258	32.9768040832278	51.7432752333609	18.3965401317129	31.5867932456758	28.7848618080339	29.5914373264904	32.9533156163491	39.259805865453	24.9193048162944	41.5033080466011	56.6959561677456	393.083006420707	1389.04516942223	297.311228969363	40.2007387585569	40.2845317379334	42.3623879379681	39.1705164589178	56.3017985273522	119.10408034447	119.208160746602	36.8860589235157	30.8233583221845	65.4819620415167	69.2422217095964	52.3056286445743	77.0794035146101	106.349898971773	98.4536881788703	91.2010484314749	135.373878011508	181.421704578232	138.843695803949	230.776324930246	377.125003147012	782.123331655701
720.586	-8.57871741955075	-20.0654452291081	-9.94911560540686	-23.5558437723871	6.66677134423136	4.19531224218087	-5.83131154274126	0.851322145590807	2.16449831848595	-10.4227952626573	-23.8149755407036	-22.6969477451819	-17.9021413819247	-12.1415059136819	10.3336014193447	-9.8958519140275	1.16537925456606	1.63257230618723	2.23591257689124	13.7138195838867	-1.39703333264517	7.87012457846852	3.05382450919873	0	-9.23716702799337	8.58751518316087	22.7300221306742	43.0127569356805	912.461531990132	880.633283927322	18.4404323488299	8.28632238524073	11.0489075850213	6.62356412235894	-2.42900104944397	20.9523772874668	101.31170404103	52.7944432102618	5.06556956869674	4.33694560271423	17.4282340494939	13.8832095387862	18.1781381356013	4.82955649970896	25.474829790843	15.8828948808894	-40.9388059491158	46.3412706546175	-27.4930570200208	-50.3461328490235	-217.191034188275	-378.071739448515	291.232231672523
725.329	45.0460277071517	22.2450491335497	3.94071637059797	16.4439705553325	17.7585699704787	-0.979982271609623	11.0673474388	11.4178895233108	23.8570558024705	21.3855179706104	13.3217679752376	21.091218803878	9.06047600075649	36.1016006972384	13.4484490825533	29.6794219314235	51.1170058943046	39.6606378219597	33.0433219617222	35.9002708018451	21.683000142525	38.9464431740449	39.3017664301926	22.2932186127484	35.3676529753054	56.5010998584988	65.5138551301806	287.276249967825	1270.84339589772	308.663957257341	47.6168935734026	41.5567590590901	15.4261433173249	32.7338391053691	41.7977256643547	89.1621379412618	135.512494641296	78.2163295963104	64.606298057322	41.7045661477914	54.6878821045811	29.3833329827536	73.6012886066679	83.9207299677466	117.470458977603	126.319482683107	133.986696176589	48.5829555563873	205.507152110077	92.9297817704676	167.273881011369	656.044726479385	952.404423030079
730.072	6.00713348280185	-1.45979873290655	0.88116827813986	-13.2371005386958	0	2.95825538571706	3.2171445340955	-6.28643102541438	-2.20459830981904	8.60747866509819	15.9580113349746	2.65282059284213	13.0807699606608	9.66128299344084	-1.50357772639279	7.46606276436275	-2.37393867481647	13.3025417156076	17.3077505989371	-3.85320963994165	9.01179558245634	11.5785631115469	11.5529156270191	3.45108461949505	24.9524396013627	25.4446820516362	48.264207085411	781.923505470565	884.031076221634	31.7161466210735	18.7820640198047	20.332333845556	20.9549833625706	23.4135384390363	42.8826888346007	86.668747331707	89.8293858618357	29.3304682639544	22.1854865214653	42.5164436787416	31.3603005220876	50.7769377947586	45.5751642681573	68.0465812375229	52.8545565759512	71.641642263651	38.9174311303036	99.4567206762135	30.1564304331556	-24.1312267440654	-19.2360665222435	293.391225173029	159.722589742012
734.817	15.3991708872972	29.4027321669085	15.5296480299508	14.9971971190721	10.4375095102677	12.2478423702959	9.71978228360665	6.98587555835618	13.3212638519349	23.6937205767003	10.2854536888553	14.1213518487044	15.9677626876631	18.681026736616	14.763699912899	24.4365396500793	23.1105855259719	8.79161488810152	11.0086226012733	9.70124241036442	21.4948765207774	25.1150505214388	26.8493770569682	38.6652068337616	44.4909463319527	44.4431408149151	239.078294358789	1115.60238348799	340.05830340798	21.8131959851804	30.4957302674177	27.8168897144132	14.8505270448578	40.7642937675612	48.9999217626077	102.195100248891	51.0318384386514	29.0458752475308	38.9696472668914	42.2614610679352	25.6234445679422	64.7297790979773	19.3631826773238	54.4925163936665	51.2932625548164	46.5477340657756	53.1905450602079	96.7657549647263	54.2321243105942	179.228114073289	164.664471983886	-101.567447293515	413.623798090784
739.563	-4.45080435288198	0.991461017512047	-10.3235868203221	4.21421616850019	-3.64089451253679	-11.7202025872237	-2.52116424947694	-7.28775923939111	-0.748655699647891	6.43059710866563	-2.27604437364425	-11.5825721649675	-6.86502636679683	-1.18110897428566	-11.4884401700596	6.08492939606168	-12.4955063377318	-1.27051508484468	-3.71211086905333	4.90689281018722	-15.4625682361646	-11.3421463769236	-9.50629896317846	4.8342847335202	26.2541309672896	48.1989897739159	642.406402917369	828.475908191409	34.2410680310745	9.85100394686621	2.73350074386747	21.1046931466633	22.1388729232786	3.63857616568004	42.8472310160245	70.9910084754963	38.9525444159821	10.4582967556576	19.4480537215881	32.6263220513986	1.20561394245646	7.85768438866849	15.9604403500156	19.2101154101563	9.79024734307083	25.8982514972749	-14.1598956898351	20.6080685219181	-46.0834635539643	-132.139235216113	-34.2947971867923	65.3836411413597	-348.68517438647
744.31	11.8083031200768	8.01650949539401	8.61938065164299	13.6297053877922	6.62369433198922	2.03066370168231	10.4473147244857	8.25850587446599	4.53997087555833	12.7033059184522	-3.61488970607156	13.2672941558453	21.6316097303837	6.76452517142618	-1.16112973787986	8.45625211852941	19.1473953408059	20.9736652537784	25.3247048614015	2.97562022946115	20.5116511838219	20.1756528547361	14.1831778419517	44.4180227521838	27.7984585521804	189.945336821406	993.105858478943	349.997427321381	19.3156696769899	35.842861572937	29.6007081457377	17.7753220183915	16.781719276405	30.64572537679	69.6283523695058	60.0907801610524	49.8042861029882	28.6903735563017	47.280723022726	21.035920962915	14.6220811208508	35.0759050411793	41.0610354313944	48.1167931157953	54.4221925660157	71.3869282215457	41.5028320723816	98.9351417795378	139.728838288583	-31.0586814504952	356.518751030936	453.139562260868	234.942672312235
749.058	3.40828104670901	-8.09843800893875	-15.5817893020977	5.16337523019933	4.08918174601313	-0.68380567687741	1.54450039064397	-4.2841957866659	3.05757950466441	8.95334886043278	8.96359201182343	5.9130377421085	8.65861072302446	4.42177898963266	1.56399527050323	4.65964079452976	-2.05777459694143	-3.45926784556649	-4.73768938344992	16.5331704392723	5.9203656321851	14.3599380040273	23.1098863576865	43.0770948112862	29.7845312738977	576.486816612977	788.563621799153	47.604377249438	19.1065529044455	15.2883181913122	8.37290344650249	23.1445588775388	30.6772697151432	38.8018512553811	106.36773271059	32.6175616122673	37.8547569701337	25.4242003596106	5.90340717169725	26.9943960324669	43.0835953347509	26.0743549887804	25.9254238249706	11.9389409901698	40.9838876892857	32.4524253270469	37.5897150924817	24.5482033001955	-38.0899472382227	94.1283010432642	-35.0157853083454	371.938642171703	261.078158182819
753.808	15.0536450789161	17.5405970506973	19.151660857443	19.7355452774484	14.0194064739882	13.2425151436156	15.4800713862632	7.81409705736567	9.86879856429009	7.30061874406558	9.47459213576317	4.01794111225234	4.62280719656987	18.8471789304764	6.77498816409126	24.1426647166467	23.9103992700807	31.732981229968	25.5933201104942	39.320325427263	43.749259928275	30.2172557575337	41.9277915476301	54.8833477565058	169.138125157532	923.956088189291	337.391895139399	41.0563556130725	25.2754265560882	32.8057732459443	15.4427471395459	19.1162608272439	23.451041942901	63.1102684184672	79.1263206261574	47.0980950800286	43.956191405925	54.419027009114	19.1453042816988	55.0285141156198	48.9319672211981	50.4272008841681	48.3194486251134	53.8906764267486	71.3200290496988	73.5053281695808	106.099260725922	146.551309490632	82.2144443290122	15.9901723565413	474.168778646512	427.704230620936	943.466833107603
758.558	21.2224785740895	24.688152498792	6.1828856817198	17.4151212271051	9.64479921387683	8.87058310301824	6.678612326636	5.6161203315464	10.3126570046289	14.8667125160043	-4.13436691640348	11.8638826924685	3.42316916203774	5.00604842792048	8.92704201660785	10.0744339841401	2.98975286826229	17.0524684075928	23.1086138559397	8.31900987062385	5.12007988198925	32.2088432436426	30.2188413702959	34.4600851879608	524.588329303623	818.010647367601	87.2582081420334	11.4007715818708	19.8285882767227	25.0516779883789	11.9995301203251	13.2519670228029	41.8902127782296	66.3996430955123	67.2116601126187	23.5070674383439	25.8586690918797	39.0497692336711	50.1258807719797	42.3197954418072	28.7432495722243	27.7535416836959	29.2112990685745	76.9957008572416	38.3831376982772	98.5416750591853	42.0110147078869	90.9852795768171	86.0344977444393	107.453943654799	103.825798635332	178.15115948905	73.8938957826595
763.31	16.8368441100393	27.8614127121782	12.6133448293514	20.0411956528419	5.90273787468672	4.70505353189918	6.26733802194982	2.14820997401639	19.689644868452	6.00255797620959	17.5714188636059	33.3831942399035	9.60218593710339	5.53179668008318	14.4864509030118	16.4418126219859	21.3472721931449	24.2598763542592	13.5409413893438	33.4119069200017	25.0684239417702	25.9887416036195	40.1199301572842	154.375026246593	881.90931089105	390.927818144908	43.638468479627	18.0895943127473	17.2132543053304	17.4613767755952	17.7265650688338	26.6121506981466	34.1831129311608	82.5857101236872	43.5860953633609	34.0483330245506	25.3619058374421	52.7499295769669	46.5846048728619	57.7587615813035	39.0916191385602	36.0942193604046	30.5802434125145	22.5681671139948	53.9657208481945	49.6211142911487	145.391093108378	81.6700577207457	97.2442244006928	229.174644555715	137.675825506106	494.67650607064	351.742139722105
768.062	-30.3470754273097	-11.3569905629493	-0.979334596281668	9.19486013171728	-9.53273808230692	1.46125290745201	14.8522832321739	-0.722769228126493	-6.53386933164863	0.318879751371359	11.7056341723776	-6.73910255282738	-6.16764894928033	-3.0065267850733	2.0888542548925	19.9147620118669	-3.07814112991115	0.924031740287727	27.8414573112451	8.56495087427997	6.32573828043869	13.3634110102738	30.6183783774108	479.443973190587	761.955195776271	77.7681852803242	17.4442498423477	0.434734110082654	-10.4245763779722	-5.15845983177456	7.66817444450052	19.6128829555018	46.1476490048917	34.4018569999107	14.6646225852518	40.1753600919683	7.16777059749196	16.2990106479258	14.908916830902	23.3196508892156	44.0606998871987	10.0009140128125	15.8288916708279	15.4899273916033	-6.40830593698451	-5.136958735776	77.2375307423284	46.837572137634	98.1539987151813	227.966257062822	-26.7238192592689	-91.7089865831176	-126.797458898431
772.815	-5.45899429994128	-17.8353321497297	11.7445298073673	1.37835053133959	-7.54194414174675	-4.38096652380907	0.824601288570746	-0.722308866296297	1.08828460634771	0.956029930721873	-6.38082456346096	-22.7299842146596	9.68584652629836	-12.8769077267971	-30.0603423830542	-3.31701291172353	6.15236106719532	-13.3899261967017	0	2.67484234383537	23.1796002321145	4.94625899893119	112.524899782833	781.954187613804	364.83312019154	15.8969968943495	11.7673687392333	12.5992590847214	9.11569446463785	13.317533334032	19.1582256618984	14.9133407449193	68.9618775997637	48.9253063804358	12.8233718167055	19.3492870995268	27.6295055623968	15.2027205204627	23.4952403672629	1.2265682964276	7.88644223139928	32.125320045206	14.2369286312968	29.1389387512	22.414784769926	84.7058320806062	12.3501335906354	-31.8292627490244	81.3441544320605	170.865791892886	-37.389516843747	-183.30114661838	-557.553463785058
777.57	-6.80811220232112	6.61778107304418	20.9718900040136	-10.3139492982323	8.91079144995093	0.372522558143077	6.17034323867522	3.93084176551137	9.1613678787021	15.6082912287785	4.70231306186554	8.59012053890557	4.49240384760085	10.5115184926374	8.09429289421047	17.7693013856345	22.4206227837997	26.3834813162711	21.6803228158375	14.1927130201784	8.0632181956839	38.8625654646691	415.965893910363	747.047811224804	108.018594292606	14.4187115914667	13.7860922523108	17.2892241089598	29.2333300011478	26.3013013395708	36.9254319573932	37.8259668135199	64.2104684786495	38.2290397112869	25.2349153042976	24.1860499444571	36.0240330281911	41.5516650868733	15.7878753156592	35.669784306134	19.4474098222254	49.5344961636154	10.4918251235358	18.583077409138	74.0607454515029	62.8600182618958	88.2132013612695	47.761895564941	70.7960973797461	458.092977352722	-185.308191754404	633.849861264187	879.238390275075
782.325	-5.02761158885924	-0.559975288322668	9.12637895636609	7.14054371980773	-3.70146647535115	-14.37387571722	-5.12621550344817	-1.74622954282734	-5.91975032203926	-18.1599448006951	1.83643644776286	-14.8281131571285	10.9478224237404	1.77890157853652	-8.21895547255141	-6.01432386891328	-5.91914163611112	0	-4.71733453388835	-26.6054753632796	24.0163797382105	72.7724167636652	774.178779922401	377.290915151892	-7.06108714618676	-5.03276757385316	-14.4499777048398	-0.900282077905376	0.89950185116789	0	9.70436341148543	21.1909162041742	32.5996963660136	12.3303651972534	4.7451047471287	4.5107534188819	25.9762845867015	18.00175550507	35.6245089174453	-0.635423598484727	12.9376405719037	6.65700769375893	6.55594633770175	-9.43464041670182	34.2829805584789	29.2545659246018	57.581870619894	1.93989962094739	94.1960364043827	-114.551422787714	-38.7392718491992	-73.8571111784006	-761.488651697109
787.081	43.2362438765344	34.5001938997095	24.9901379707892	35.1944306143408	36.3187744859127	17.8669138770359	19.3005512705001	22.7978935511205	10.9994030262081	22.3767594712497	22.2515021427903	35.8260052356545	37.0036885973689	22.8330199965321	31.0929902134405	26.0262867521784	38.3381061646855	36.3508799909298	58.6654069609884	62.6071442201851	71.1803320847486	383.625445222644	787.079216103093	107.049211772856	43.9868769404803	24.8995490619756	30.1392179325998	42.524367217448	40.6402304031839	57.58848685474	53.9004952753574	84.3184985468219	67.8662470696395	45.9557305749437	46.7755023521085	29.3347814307188	60.9677825652866	68.740591605992	60.9675944071697	61.3327752864746	27.268893210502	49.3686588796435	58.0625248667094	109.47254623191	97.6600075036373	88.7535550382192	146.175537266246	175.292507629617	338.533847209091	331.490372668941	517.125827889823	715.055309615446	1698.66371741615
791.838	28.3662075921239	33.3176011084172	26.5260777252658	22.9516942687969	23.6263267858704	20.1776461284859	13.7309024363621	15.86616073213	21.6881359652827	19.6452109628808	20.345882302592	22.8167623702817	29.4804372692738	27.8290661373698	19.9688203178942	31.7298588733646	30.8273493501377	27.4818953396917	41.4020418656767	27.2927873640934	118.704612608403	709.197624211969	428.038088109633	52.9630471502355	36.2174979790423	37.5475016109333	34.742041187812	43.4063563334315	34.6027167655171	26.9396890935786	73.7579510963018	64.7621715880109	53.5985974571001	31.8564924981171	42.3488796236112	31.8768306916319	50.0317449152697	41.5503078430749	52.9899802074287	70.3985905028667	45.4037481492682	59.9432808719058	66.4124287709977	62.9094050386057	66.9338427317005	107.764306318433	90.2449329997171	226.861593483179	330.57442659613	142.437193470583	261.148847639333	541.179266725679	1643.13081864274
796.596	57.1349169707859	17.5549959293093	23.8423535182894	3.48215965889929	9.88484271196326	18.9732680571091	17.2608812421729	4.69230693699208	17.6744521840477	14.8364810605134	-3.07048162419014	24.1542446318491	24.7873707523588	30.2075777623519	20.3416490267667	13.0186931115032	36.6367314682135	29.4947292299793	46.5568628331512	29.5400059180825	385.577939042466	728.865166523824	128.778406539013	35.2762396754276	32.9583704948442	11.4745601509139	35.3906939451329	35.2793429960971	20.2092938025646	38.1406568094319	71.4474421416413	47.0564634935905	42.932792617155	23.8612283058279	25.7845623153259	36.1381806548996	31.5766770648152	44.6775232231822	11.1681376316206	39.8405391002141	37.7127295425874	41.7388929127101	52.2379174130425	60.1403295905799	67.0278807718711	90.3222922130178	135.38760442833	200.689693233292	259.035715757534	123.332087175871	381.687524523024	926.156073758932	329.273894254916
801.355	-6.23611651654967	14.1441449250867	-21.9541705962742	-9.01797698246662	0	-3.75346852320456	0.770717843120187	7.20117017151725	1.52575622206279	1.1914110675903	8.61447969118058	-3.54078281040978	-3.2919732225898	-2.00591135918476	-3.9022297075297	10.4633883298654	-4.92885940413431	0	20.3316406909979	55.5012249691149	524.882235316982	346.266179775125	31.3670809689529	-2.23914678453316	3.82184109626985	6.60364891403052	-4.48084259475244	21.9276541636289	-3.65144177142123	20.4778180197073	51.7294102798407	17.9213538448494	9.6683361336965	5.35556545990124	6.42076636119524	20.7976475174745	8.12979658320973	18.7765764092465	4.82047627356684	0.573209189074157	10.442397144159	-5.33797260550044	15.5243884845069	22.9794124855807	47.8859293197109	-38.3858144973948	11.5431159945418	143.497030773386	84.9732898968715	59.4962992704417	114.823572150247	57.1077870486313	852.742174451761
806.114	22.6767873329079	15.1544409911644	7.31805686542474	14.6005341620888	0.742012310731084	13.3077520368162	3.85358921560093	-1.5752559750194	-2.79721974044845	4.16993873656603	9.60845811708603	23.6052187360652	18.1058527242439	1.60472908734781	22.2427093329193	-5.03792771437965	25.0550353043494	4.7470551249881	11.8207213319755	194.004281874023	543.592859090008	116.038466119568	8.76433144720742	15.6740274917321	15.712013395776	12.3818417138072	9.36903451630055	21.1155188242353	23.937229390428	41.3571618829383	37.8022613583451	31.4619323054022	32.6306344512257	15.2427632320266	18.406196902093	33.0049623646878	23.9111664212051	36.5382027423176	27.8516406917195	39.5514340461168	25.1846048770894	16.6811643921889	32.5272901580145	57.022986538293	57.8621645946507	57.5787217460922	109.659601948147	148.746922143144	35.7782273249985	153.437824434297	-9.98465844784757	314.092828767472	-142.12369574196
810.875	54.9912092823017	24.247105585863	32.4738773403223	6.87083960568885	21.889363166567	2.3885708784029	13.1022033330432	11.2518283929957	8.13736651766822	15.4883438786738	15.2410025305502	16.9170734275134	4.11496652823725	20.4602958636846	4.68267564903564	22.4769082641553	37.3771838146852	49.628303579421	55.3209758336454	426.009402465639	359.440930376545	13.8691393768408	22.6027495217454	30.0045669127444	28.0268347059789	17.3345783993301	41.1422820063633	23.9579925121131	25.9658081523287	44.5693686311277	32.2314017897469	18.717858460176	26.9907717065694	6.59146518141691	23.9708610817956	9.49457821449924	22.4764964359328	33.4933525137911	51.418413584713	43.5638983696359	49.7549510986401	8.67420548393821	54.7049879930244	58.7251652409286	59.8574116496387	40.784927903482	158.717844924949	153.996813512902	100.626264351558	128.386751057269	349.463045674665	218.91318368642	1350.17510954862
815.635	-19.8421889162944	10.6081086938151	-6.40329975724665	6.01198465497775	7.79112926267639	5.80081499040704	1.7983416339471	1.80029254287931	1.52575622206279	2.68067490207816	5.30121827149574	3.93420312267754	6.17244979235587	20.4602958636846	0.78044594150594	9.68832252765316	13.5543633613693	10.3572111817922	173.5281891534	510.511267508705	108.324663949096	13.8691393768408	11.532015062115	21.943638488425	6.36973516044974	10.3182014281727	26.8850555685146	11.3698947515113	25.1543766475685	36.1373259171305	37.404342817731	26.2846523057791	28.1993137232815	16.8906295273808	17.9781458113467	23.5103841501886	21.5200497790846	16.2392012188078	39.6350271382162	39.5514340461168	38.0840366434035	18.015657543564	31.0487769690138	18.7239657289917	34.9168234622892	70.7738454795716	171.703850418809	48.9989861177415	73.7925938578094	137.780903573654	99.8465844784757	-66.6257515567365	331.62195673124
820.397	7.93687556651777	2.52574016519406	12.3492209604043	4.29427475355553	10.0171661948696	5.45959057920663	1.02762379082692	9.00146271439656	24.4120995530047	11.3184051421078	6.62652283936967	22.8183781115297	8.2299330564745	17.250837688989	16.7795877423777	5.8129935165919	17.2510079144701	40.9972942612608	358.404270785497	335.007393957721	24.1268569704804	21.7283183570506	0.922561204969202	12.9870513502924	4.67113911766315	16.5091222850763	6.11023990193514	23.5519248424163	30.4286814285102	34.1296966995122	15.1209045433381	0	34.2420238068418	23.4820947087977	17.122043629854	35.2655762252829	16.2595931664195	6.59717549514068	11.247777971656	23.5015767520404	33.1699673990934	37.3658082385031	25.1347242130112	60.4273439435642	23.9429646598555	123.554340413489	217.876314396976	94.4980446556443	161.002022962493	140.912287745783	39.9386337913903	428.308402864734	307.93467410758
825.159	10.2045542998086	0	-10.9770852981371	2.57656485213332	-7.0491169519453	5.11836616800621	2.82596542477402	0.225036567859914	-4.83156136986551	-5.6592025710539	-3.64458756165332	-5.50788437174855	11.5219062790643	-10.0295567959238	7.8044594150594	20.9267766597308	3.28590626942287	116.087075329254	394.339263634703	119.002626510354	6.4010028697193	-2.31152322947347	1.8451224099384	3.13480549834643	-4.2464901069665	18.1600345135839	4.07349326795676	-3.24854135757466	22.3143663809075	16.8640854279943	8.35628935289735	15.5318399988695	0	7.82736490293258	7.70491963343429	0	16.2595931664195	3.04485022852647	5.89169322324836	24.0747859411146	-0.614258655538766	24.020876724752	25.1347242130112	22.1283231342629	0.997623527493978	125.953453819577	103.888043950876	15.7496741092741	71.556454649997	-28.1824575491566	49.9232922392379	123.733538605368	-1421.2369574196
