Wavelength	500	495	490	485	480	475	470	465	460	455	450	445	440	435	430	425	420	415	410	405	400	395	390	385	380	375	370	365	360	355	350	345	340	335	330	325	320	315	310	305	300	295	290	285	280	275	270	265	260	255	250	245	240
248.336	15.8468261407441	31.2927438314639	18.2548374858404	32.5920434119654	12.9483357811834	12.5955744926853	16.6711040943194	15.0368827936883	15.9794959821209	6.8346493225549	14.2177180412989	11.3776156542055	21.3610190453802	2.00122827639924	20.2444756309561	11.9695384085718	10.6373888750018	22.3756575012191	6.60258964810675	20.9324839749322	9.82745362270136	25.3823198586697	33.1636762765001	20.1241729221502	11.8773404019838	23.0837924996705	15.0620588069927	32.9126384373254	23.1475554700817	29.3268341724078	34.2288894400996	33.4608207034549	29.790604475937	35.8287738753716	31.6782326337274	57.8409663155218	73.1266344781557	69.5360887600833	67.4887776351357	75.0735925637213	109.95106009027	158.675852622975	381.970537397488	689.934015242444	905.411743882232	938.794138130936	1057.41614912382	1045.30125144097	1087.87358532319	2641.82412740478	51178.8415219092	168551.201049358	60819.4794820422
252.814	-8.13420538806549	9.67211750981334	12.0251440267301	3.59538716780171	-9.30496683937075	-9.37764350650207	3.07185444018193	-0.268802088114624	-0.911367229429994	1.06772467973165	-4.35615929993894	0.939794464821253	11.8080855647205	14.3812788489518	0.466286470921996	13.4110670225739	11.7604125303556	3.09224103236798	16.3807542553599	11.3416098663772	5.29667277054111	27.084095056442	0	11.2479777249094	19.814148124414	-1.97482561765719	1.95025873776021	17.5198267392934	11.1868480734124	2.88697617566535	31.9388140784265	10.9732371462292	0	9.37164697570371	37.4284386277699	52.4985043344234	62.9689522111284	60.1830942323851	71.2087926087116	78.9338652489465	149.345470042603	345.757338167051	765.717952913288	1042.08011973891	1141.6784514977	1168.91421003246	1195.63242609003	1224.69970298925	2389.18927005472	45359.9277004293	183033.310624849	78807.6555802838	4065.56754368248
257.296	-1.34133729540631	-5.98102610635755	2.16322510093904	4.06547905045044	-6.13758736531499	5.2442495743191	2.43144660166321	3.72335795425334	-12.0228176823679	-6.69061044088492	-6.2690995603015	9.29837376024967	-5.84148965990467	-10.908830780027	-10.6109621954965	-1.83020375811815	-4.36342926732796	9.6883496886546	4.47095193074587	2.95301208285077	-1.16456771370502	-5.46880408907079	-23.4705014774599	4.76948820109738	3.51870578276828	5.37323162957857	-7.23598431027801	-5.29656257795942	8.66216646589958	4.28458314925992	20.7525169146998	-4.24838194845687	2.86234902338185	17.0806534143406	38.5537439716878	51.9422845556343	66.8328382954019	83.00275754271	77.4362994165757	97.7917320190715	281.696270771364	637.574825803882	969.944371839216	1091.45177812504	1115.41836632454	1148.00481746862	1186.38371647597	2066.57047457978	34277.5240369925	159260.972382834	82685.3032934587	3766.90499946172	4937.95692503629
261.781	-17.6943704503353	0.606917221638293	5.487764744266	-15.9859038791156	13.7906618073148	-11.8711217792507	-7.09343099441551	-4.85772608750773	-2.44000108820466	3.21594353884914	0.397593199274335	-16.0401964739045	4.93964944528174	-20.6953410360725	-1.87258131474022	4.64294152941549	-30.5021802614308	-37.7722476011551	-8.50658088062742	-25.7701791791113	3.54519202211918	-22.7525451821205	-9.41578639764544	-20.4346229586945	10.7116894298638	0.991349144277929	0	-5.86322326069504	-6.83653149876889	9.17853630187801	-11.4863780141641	9.57998444772615	19.8476438421718	14.8563271294284	17.501918078864	47.8173768409999	68.3925225743287	65.9160163727297	98.5439470818733	249.460609744691	559.138986725623	936.384533959761	1095.07677714599	1144.3188610155	1266.00299478155	1242.77749037911	1954.98480307437	25652.7858190814	141607.384671497	87686.9827923337	5043.20696689512	3048.83518070358	19170.2673551817
266.271	2.76872388359002	-25.9260670377959	-9.48860340647301	-22.5528715960345	-1.3573834739537	2.91440357216502	0.313679690259203	6.8621216746055	2.17148063777983	8.7223806555234	-4.04386673952519	-16.3142672295851	-12.5601268665728	-5.87412611204752	-14.2843287615743	10.389000890606	-10.007534079924	-4.21015265372857	-2.30718094461268	11.5813842719553	-12.0192231068033	-19.1903516971452	16.336670981247	-13.6735388590092	-6.22555124018489	-15.12431741458	26.8851069522712	-1.98780173416861	-5.96000902977051	1.96534006890155	16.5504066215537	16.5642437860756	22.6485718172235	23.6725992061984	36.6490446312016	38.6864611218283	52.0246965740861	70.1460998627225	210.281682561996	525.66923514912	855.668427970604	1104.04796543345	1150.76375364057	1161.79291931876	1186.52417389334	1824.16610301349	19040.5414728664	125138.356061406	91514.6825721404	6290.17216116227	2220.9049368391	13248.3724238803	28688.4224597787
270.764	-5.54071858587282	-11.7353865774101	0.558482827326855	-6.29754222123639	-15.3927660894305	5.83225006102487	-1.56932486129353	-14.5562908767958	-18.0028956814815	-9.09117992377008	-10.1156383520573	-2.40057406180791	-16.0864586104539	-10.7755922952609	-17.1513193478904	-14.1751873483858	-8.01075620491183	-7.8986990166755	-20.7768935987046	-14.0278514106494	-9.01974189946142	-5.64755497416352	-22.5466491106732	-13.6816154438146	-6.22922850274797	-13.6199258410795	-2.98899858315629	-28.8401501758333	1.49088236095617	-2.45812617679753	-3.89651352784282	18.036442051478	19.7060432244507	21.6707026461013	25.1456175207993	66.9118110100306	62.5834898502091	183.232940765027	448.341523023882	770.034329939377	1084.68732438567	1094.09366998927	1181.2221889084	1177.03614266441	1661.38367958803	14001.8485207903	108511.5145694	93356.9260048017	7728.00017096171	1895.42698627346	8176.54004049153	25991.4098063736	8250.64467304843
275.26	-2.71181572886058	27.2069833831948	18.0404697459516	13.3563339118337	0.886322606738282	-7.34014575624348	8.90973786313989	8.33413685815529	6.98821544348228	14.9504275565946	15.4469226162854	7.51950349914976	10.3336522027027	21.0957623789689	20.053379206957	19.425889830418	13.7225759059082	12.8863046065122	33.33144983404	25.6717724596382	12.9493989303825	18.7959145666801	0.551754765594112	-0.535699756365281	27.4391626529103	26.1704341014286	19.9932038341559	4.38062534555333	16.5396043737511	15.3995568658774	30.0366040095516	20.5183144160182	62.2090011543307	66.1048636853334	67.1763560258769	96.8934731219898	162.599204928474	441.410068079592	758.39317467846	1023.55095779206	1091.19775342123	1129.27370351611	1196.89298981237	1601.01784530795	9873.38710580779	90343.2870368556	93771.2467692902	9539.01468560688	1985.49728715849	4832.94635996508	21752.5661396585	14211.3424967514	1962.98741103802
279.76	21.0924000574353	14.1076591049805	-4.25206335121239	15.4828694350041	6.89378367501676	-10.308165067932	10.4546815981666	-5.2276291060091	4.43103873210939	4.49907789516257	-3.08065587740826	1.8277004216838	9.09000211619038	-6.99213242907875	6.34779633208599	-9.44336472179379	-10.9592613541762	16.5378162337603	-2.19704029431615	22.0570198179379	10.8731747533711	8.59964187065105	-18.2389926181262	-22.3957567628043	-4.94029555887025	-2.88046196475831	14.2231447306732	6.62517684643324	-3.7836593104295	21.5224602713422	29.2029460830301	50.5679747518521	46.4167309020186	52.2794429215386	55.3406126393343	126.83361549796	351.797698155059	697.530912356829	977.511270328647	1017.16786254026	1094.53481598738	1056.77801210923	1390.39665559837	7793.79530084803	73006.1313865407	87879.1206765235	11496.8870289364	1980.05898961901	3189.56678810871	16554.9377606947	16536.6463878761	2203.65398392849	299.907963053437
284.264	5.01854532584873	-7.27275419956392	0	19.9641530355936	2.87043390294865	-0.754657433722085	1.98999804004648	-3.73145211694169	0.281142258597145	-1.64688019453704	8.42932657204436	10.8716852791956	7.74053800006789	-13.3091856494723	3.88373241717052	23.9666502339765	9.52323683514102	7.15430289700922	-0.522744982539569	10.4961174079802	19.6072691359502	17.9035960093957	-13.2741622210654	22.3059971569804	-6.1123487612784	20.560574742788	22.1096718522211	30.6259941149213	18.4551566797852	33.3969794090444	44.1161860352394	51.6590917805036	37.0364447107869	62.0804996849169	93.0012739114879	298.521374086617	563.146023774588	893.39556453848	1008.09695992957	968.064896977997	992.675986228353	1203.81172757284	5341.32863944944	59305.602182326	69522.6683234252	13450.4134434344	2224.19416039928	2499.69259853487	12003.7152265339	18528.2492588017	3452.07041996159	681.614163487	1193.61697354389
288.772	-4.74448083330483	-4.76002148006741	13.8685298375206	-1.34813598193587	-2.71367851669349	7.84789863851616	2.68760508596125	-1.41107049152579	-10.0999813468025	4.67083049593194	2.42534725948678	-11.9224554003615	15.927029898607	0	16.3184019968167	4.45064384126629	-6.85955777855025	1.35272078925687	1.48259309580659	15.1455107150142	-10.8129638169042	7.73754260633924	2.89598207081619	-0.937238175673922	6.66755917565434	-5.18340124239842	2.98603643436634	14.9025357377843	25.1071106825949	31.9941342867025	15.0145149196256	36.3154142937055	47.2476340754406	76.3836500277356	231.469286716213	465.945494133222	814.365082877126	920.132228698017	946.309140598977	907.992251090738	1015.06190930524	3339.45986138898	48700.5985306653	56115.8726138128	15401.5820670389	2013.98660222668	2285.64197420912	7913.3622159997	18007.7582056252	5906.43179227087	1094.80167600015	892.233662870344	294.373862245165
293.283	-25.0129368065821	-18.7577795286156	12.3768318684363	-8.61500911048533	-10.0331526644264	-5.47096563564191	-1.28809756273779	-0.450859012107059	3.05725399389262	3.28328689365778	3.65327087361379	-0.788153855062892	2.063081456264	-14.0709175478849	-17.2061463528545	0.387831836164187	-4.52045469420891	-17.7208302894238	0.4737115987801	-14.5176801013913	-6.41626226110032	-5.56259724961082	4.16390131121124	11.6790259173527	0.426077812717965	2.89831058100203	-6.54229834319425	15.1010502105335	25.290051566378	21.7903311707877	32.3822576412273	23.2066816095266	56.6113327210934	178.286192885754	417.948948098264	700.356629214927	861.260127325014	890.146889835743	893.631352028719	881.865629136785	2217.44169958741	37581.2788612506	46605.5109816292	16001.3779946085	1734.83861675182	1916.04866037261	5178.74181431489	16637.4216451377	8748.43668978819	1693.77237962211	869.518260682739	1007.29171136337	-188.114072995011
297.797	-15.4095487723317	9.32509328239988	-0.887555672254759	0	0	2.97924620401797	1.74580878743012	5.89242962865577	-0.246643773360392	6.93501285756099	7.39497833940056	6.1040892101867	2.79617463748202	0.389201275458626	-2.27144417414105	-2.62821795183547	-6.36545275953341	-0.836854751558366	13.7579952201551	8.72351697808968	8.12283361207964	5.8339083749325	-11.197415865665	7.82754657349072	16.4994243357735	20.4426380579246	20.1883311310466	29.6337472155863	25.2730630225908	40.6277986280856	27.478962705391	53.4544687474754	127.618261586473	357.211289724883	625.656316084116	820.384632795356	855.164387881904	879.025026317349	850.019326262382	1711.3677686739	28060.6538614687	40775.3439922356	18467.5502200585	1495.4700896962	1641.72182296829	3163.04979851056	13434.4249054633	11809.2917549338	2235.17985107575	1153.8909424245	1025.61697597286	1471.93712346913	1206.49923357047
302.315	-15.1275404772414	9.63624828841897	-5.22787573713259	-2.04688777711696	-14.1264140233568	2.92472337826475	11.5073386723251	-0.856976738387201	11.3801088431872	-6.24075468773852	-7.57528041597283	10.4866632660123	-8.23500654721852	8.40572809601326	6.31797845277992	-0.368588464546188	3.90559960979793	9.03693530958654	-9.00414120506387	2.37885248476043	19.7009118674636	-10.1326371214196	19.346788220846	19.6376442777368	11.3382292515356	41.3175407695484	27.9795768224422	23.661024510865	53.1100701973987	35.2822425450985	49.7727553686011	137.654972422601	315.896957981008	562.572317062937	809.951295999498	831.253171556936	843.620446576214	819.815416703134	1312.54111433485	22261.8699969801	36869.2440237015	22363.9911651951	1248.76222221507	1236.93649143585	1974.89844154956	9540.96589737764	13444.7051983215	3346.24120558953	1484.17373120574	1338.46158363262	1315.55045977283	1201.15573425465	871.553777795359
306.837	-12.9305007617776	-1.44142832099963	-17.8123687389989	-13.4719908241853	-13.38287267415	-11.9905145766866	-12.4520548011558	-13.4599486167813	-5.31208540618001	-18.6703378370368	-5.66570277367179	-2.61439462260829	-27.764944708515	-11.0495467780045	-14.4539862170236	-19.1134415634325	-13.6316859829136	-15.9755901321009	-10.3260434375244	-10.9123717763485	-3.74214692575218	-23.7236890801913	-28.062734365123	-4.68293416685762	-4.44195032933015	3.53168112952126	2.32516461883955	1.16042953895977	22.4221943198367	11.0907307462172	86.0082389099032	249.139456648676	489.393654151291	728.805973989906	778.770965788793	808.299278120558	779.856710762002	1111.31549183466	16442.5880179953	34194.0761147952	27204.0736979492	1285.85845604793	950.470431769652	1310.34719410896	5990.75697822854	13423.7142176237	4897.14703342406	1558.47051686459	1401.37616230415	1195.03171964996	1174.55466106501	765.526825594273	66.8566555496218
311.362	-32.2854023070966	-11.9967236375663	-9.5457784548539	-17.12450310132	-18.9937343198455	-14.2409717009126	-2.68234343414019	-6.82815986407322	-9.40497888171565	-12.7136896084267	-13.2032675031214	-9.69833762875724	-20.6997539623711	-16.363107069182	-8.88352073892437	-12.4814578981716	-16.7263366694596	-11.8642735171267	-11.6581679937636	-9.9508793809498	-17.2855587149816	-8.77544824154327	-13.5757100840083	-14.8814161377816	7.25946084996376	-7.4463496660252	14.7074337812286	31.678325913546	34.7490933315044	59.5850916893967	224.019980128042	449.550734913358	701.585736347998	744.721507346226	787.961988089078	766.892483049693	965.636737536156	12479.261996966	31942.7555058783	30119.9764531995	1622.36781333248	834.815201614338	874.25323836843	3584.36020415239	11599.8818296512	6568.29350919728	1689.7535293465	1514.88345281129	1187.22209001749	1208.36639425491	870.342566592449	908.476528990099	1446.73037258753
315.89	6.45056246598115	0.479384549556775	0.866922056652847	9.77555259921574	6.32485380064384	12.933269438505	6.33368458495733	6.60810268576702	5.54092715619446	-1.97568870801188	30.7765259159948	8.57063843730622	5.07217294522221	17.106896088209	2.95818447086404	-0.733462276021483	26.8128424469956	-1.22609972256328	27.3242457893376	44.0236962039539	-3.26693974624686	8.76659000724558	4.37484074291316	26.7595097993026	3.62606645230984	33.6705075745158	27.4519399896023	35.8915906439218	75.2137022460535	208.718875844954	419.613462716793	693.130244256858	801.0575174493	812.812387924018	770.496225715476	910.328869875737	8724.6300272452	30281.5582288661	31955.7889769556	1983.47325562476	760.191278948393	732.654666001498	1949.15057151239	9178.22382329494	8093.46198702562	1918.84806991604	1418.12460162312	1396.94241065614	1226.33574245937	1207.14662834175	1115.1821040987	1365.83209179976	1934.43829967709
320.422	-1.61522196254313	-19.686227821708	-13.4588008863436	3.26373342635265	-8.44663728477548	0.647698583022205	-2.43993187818804	-2.98908140043821	-7.23886498896237	-3.3923163143773	-10.6946617508387	-11.9434537973811	-11.7237506491467	-6.85371160566923	-18.8886125931973	-7.71368141822281	0.389213936730854	-12.6899774561766	-8.5244539012295	-15.1721857107577	-13.5561292152547	-12.7319028360313	1.31455305880964	-3.40347220538721	1.61416474638702	22.7443653490406	22.4614248773013	62.6209121144123	167.280327002416	356.574811837629	614.146387862811	703.713529995349	787.403608407814	747.903070920741	784.761400036828	6181.31603469225	28519.2218935249	30286.0900029569	2639.47450492024	685.840676493622	639.278953279276	1032.55924312722	6399.07010995619	8578.59937881935	2311.11062946379	1288.88374104111	1233.75336575446	1087.69470681752	1151.79569693962	1060.54341045974	1159.56337637042	1233.01655954502	935.361601383291
324.958	11.666965108057	25.7637835292535	-5.37592954220549	10.9452500641136	13.0738275473469	6.34927591262722	11.581456511451	-0.881246379319175	6.72265205526014	17.5022544416026	12.9830214751354	-3.08104180007251	-11.6942120325417	17.6804568435132	1.14651247812378	28.0479917499351	-3.21296517026321	5.491236605109	18.5182782225204	14.6773305171024	25.0823771268623	19.0270848975867	12.6602576615738	26.3397179109506	40.3912458321314	26.7065268815761	57.5439207744735	154.362920762047	348.41436531774	598.249365388532	745.073973069772	785.582104972449	846.093980918244	791.552497251895	4145.53566745628	27817.8549852803	29422.6797036677	3681.0432575194	729.27583068592	678.449542025032	741.058708644192	4017.7772876371	8915.78094929801	3101.93039752401	1246.65638965721	1261.70474086234	1220.68490018098	1197.99294294869	1201.66765488204	1333.45123693115	1240.48001036805	1355.90369966684	1447.76623626741
329.496	-20.3485820494426	-7.05711801509302	-24.1569020465309	-2.56978409754752	-5.91171216426359	-7.47973698152616	8.70918092461633	-3.8104768046338	-7.85292790376575	-5.93561583876725	-5.2835863969405	-0.783665351630831	-9.02586208988791	-10.3931540198852	-0.388821774200687	-18.509911199223	-3.67749073038446	-6.01655494070607	-14.1304149276788	-6.47086319722163	-5.39822623519416	26.27186282548	27.6012537758976	25.9048397047012	19.9116119126976	28.8180482275896	119.123549141693	298.271946291016	551.995823852031	688.103610769336	754.463014491504	737.986820166497	758.694411292625	3013.19332602082	26786.6549966871	28275.7953867892	5021.65976377546	669.637703752408	628.559323539357	612.416763656266	2217.08287400766	7982.29928240552	4310.4838184843	1073.46883980719	1075.36357807767	1234.56699249174	1154.0426763045	1187.36516256223	997.250775546426	1097.80092325008	993.754471659675	973.209324302151	1472.96182297435
334.038	14.2216180767348	21.3071805869078	12.8440134563884	31.466294200058	18.2207701537036	17.7928018076804	18.0457022576473	8.34659761409858	20.1406906790159	31.6605902009571	1.6617136483301	18.9286324884344	42.1156527551056	22.1265679963662	12.5221213400673	20.5691487712173	13.9818727789109	38.9259940992013	17.0652837029548	23.5447495882721	56.3041750298104	44.5312203713734	36.1118314200143	53.4905703907148	46.0478829669221	101.924592259916	304.424983566677	545.643365550093	723.300451635835	736.532471353474	793.708015363659	723.102377796109	2166.86478584581	25915.5439093112	26938.7139498634	6401.9958946067	692.746207254339	632.610094894857	594.367195079963	1336.37588197048	6312.98049567934	5781.2057038698	1259.26816910631	1034.23781268471	1120.30704630899	1166.56436341606	1275.99618868521	1170.3439795895	1264.10342000626	1214.7005974257	1120.14558229883	1854.3042758868	2211.85242134377
338.584	-16.4586075337945	-17.7145787498355	-29.289285892913	-15.4814390810712	-30.0498118600083	-12.6307404334569	-13.3741188971903	-14.1786339642824	-11.7001435094537	-5.66177792581897	-18.8993612735018	-25.9661777697146	-6.17903581118781	-20.4695187348634	-23.8146308090001	-0.387192145209313	-2.87190822744745	-25.4586460617997	-10.8773959224035	-13.4941666944532	-14.7823367527533	-4.16506671418622	-7.39028152945349	0.896904807549821	71.8883815468048	216.601395991843	448.22469926004	655.608466857117	741.97535460358	691.709034489945	691.278539602099	1538.30216387276	24295.4552700822	25772.9296275001	8419.88625434463	607.6663360116	556.930641849991	526.28508250877	767.008283244635	4389.9870889995	6680.77460192439	1667.40524108111	847.413840969894	910.83573840507	1003.82759789659	1068.86091777257	1061.81499361898	946.382571916992	884.825022368699	933.169708577044	932.94093090183	455.379750110743	8216.41612302349
343.133	-7.93824576936981	19.2153276884793	-4.57225267556643	29.6455376878958	-4.07709505648271	5.45693125145212	-2.82654520041353	-2.69821468130334	10.418822211243	13.3971727426339	17.2257059116037	9.82665056106805	6.5849252495449	3.60895426802006	-9.75114109014372	2.32102170770528	9.42761344975286	-0.431106633249586	4.72496411002439	7.98920753110468	44.7986206957818	40.2253766050827	45.2239497096388	84.2317103018025	205.692651630984	424.545744966529	643.171143627014	715.256288074406	729.902682251784	672.1574824794	1159.97952024249	18930.3783957298	25227.0415726319	10126.3418381602	627.459636042368	519.279563634202	550.194731245009	611.232449913098	2728.216317068	6598.7481485837	2607.45665121443	801.54400948998	901.305828799493	1024.06942128358	1096.71093973126	1109.92292436004	1079.62966462647	1015.68244454517	1031.72187566463	1032.42787587331	1006.85127347671	1118.44825914711	2556.4793745317
347.685	-30.7450794104765	-5.58524512283766	-34.8922655753552	0.431415351775184	-4.46606204551592	-7.53418942272358	-3.09620601546443	-11.7404286337516	-11.4823991216328	-3.58729625228074	-19.6250626008596	-9.47244516933363	-19.0096470176168	-10.0661693461275	-11.7495718328442	-13.5950669486029	-1.23475428041826	1.29864759112694	-3.79554247071366	12.5345596984767	-5.43752529041071	9.7495712013387	66.7252577781994	191.20183420239	352.910255512524	580.971552458931	637.220596650342	679.369893161542	657.33070497614	948.130087672613	15151.863045902	25056.6203206453	13043.1347722048	618.128992451664	514.629558304136	512.326810737426	540.921539397221	1565.01234665495	5799.5187225078	3634.37473961537	814.440567128119	709.605787111981	826.385891757277	929.134677770816	1001.02592634371	1066.2485892436	1017.31999280481	928.272216016293	1017.99412116552	1061.81250777885	1041.02855829836	656.701995042304	1577.88719709753
352.24	16.1616474885152	15.9572109348826	-3.25806208843002	22.7428390637374	19.6197102420926	16.6648278128392	1.04629544490005	4.12001553565746	13.9688168729534	11.8194248599208	15.8490281324105	12.4039010033717	6.70319638074245	15.9196886586413	-2.77935847898377	1.57513955194252	19.1938835933756	17.5539877170962	26.4540577404479	43.20497313117	28.5646692457664	49.890496396206	170.521887994818	357.11708289479	574.949220762458	638.587253110208	616.942602163801	655.168315747953	838.68454884362	11826.9365618315	25448.5869954533	14984.7819329348	707.007595554178	498.967743332624	520.850402843301	536.901765716715	966.607601869319	4568.74534305892	4749.23860764879	1122.17468882325	729.193362724046	783.302836678176	924.262484435368	992.202578286973	1085.93362772982	1073.60978165696	1072.53834807902	1073.21058609071	1043.4179057385	1184.73117253661	1278.63205719996	1910.42579941618	1957.76581656872
356.799	-15.1744869475858	-7.8072775891053	-20.2368467012255	4.86459948603167	-3.43356145414569	12.9889602379236	-1.85142214135372	-5.09169169861781	-16.2170039877713	-15.6284167263633	-5.79651240523736	-11.3283771374837	-6.35427914009143	-23.5265306538015	4.81771207377656	-5.17625267225824	13.9229747230418	-3.10618207188961	3.89074407302519	1.54187489870955	24.8292438608194	112.314811531402	305.895046764186	504.982179528892	566.921046597424	583.641383933311	586.03619469731	732.864856190076	9549.87565255828	25981.8551091492	17908.3628219313	843.33992060571	452.512416463399	496.88394210724	507.67230379108	686.877768640284	3028.74318018326	5179.71405227571	1652.64286463952	671.352547691916	687.91158249612	802.344991928693	886.655807398845	1000.63119581421	1008.67239291759	1023.75338438929	1084.49086714925	958.778014700806	946.776999823722	1091.66564699507	1087.6620575725	1385.37197665328	1351.9106390627
361.361	-8.22778363933507	-1.57233027003903	-13.2692561033381	-9.35164167839581	-16.5190447496223	0.35349788681365	2.92964000252284	-6.29241476319375	-6.32126990820306	-8.33149100501631	6.18022820996767	-2.03701314030334	-11.0907913963428	12.4686216343073	-12.1281625372556	16.8397470821825	5.52300715447081	-6.70246085894621	10.7740631578831	25.3593502688299	117.867358970653	257.822885170617	478.300391132911	555.401785532771	580.119564575379	581.713518833429	660.71194444313	7399.51998055781	26457.2899869234	18961.6201176037	1114.25556176836	402.476667430075	463.18866339399	510.180320646402	550.771038841483	1914.97333159812	5044.51452768531	2464.53369171046	773.675265034508	700.427084875017	774.984886611936	825.240824387513	885.173707081273	1024.3640131612	990.873729747178	1047.06867773524	1000.66564984477	1021.81910877068	1071.67231464659	1063.59906813887	1183.0626913125	1640.62257790377	2114.91720437331
365.926	-14.1478386864109	11.039917956361	-18.5386106079925	10.27354741477	-9.6334204013814	-8.1552764688803	6.94574684542287	-9.11679553143795	-5.54799955966336	0.619031845958659	1.37757746181036	6.12969853185394	3.4229708946148	-3.7520077909107	-21.897349200496	8.4455823188811	11.0797416002063	4.481950522341	19.6490183427133	91.364764807584	244.643397676652	455.21147150138	514.783346109053	542.191996826595	530.196692190652	603.239893756631	5769.09482270714	26529.0714441996	22211.7835642203	1399.27536401005	409.172187425151	421.546615193252	498.986910084499	510.880175898738	1158.41178349322	4231.35884502084	3370.78897679357	905.610919824287	763.763783600589	746.737237589849	782.469544446774	864.565359646313	986.188026673094	1039.88183117151	1006.34888591852	1044.02159125123	1062.32150631816	1055.94257006626	1133.11249223921	1144.90854946528	1248.85883198339	1704.75646617349	1438.63346877934
370.495	21.0493880348831	2.60720194421407	14.6161295944958	0.443047927563347	1.14662095674928	14.0678898626544	5.03451129008793	-12.0569946189575	8.90951690132878	-17.1921083245686	0.341597082829898	-1.62130963581537	-0.424396051992403	4.13503640883652	1.20663843529867	17.9506812061114	0.845365257615838	18.6712960056474	79.9066328621185	194.632781142599	410.688214874639	508.251348260441	496.326187944229	503.598857518681	557.881920526628	4601.89610467048	26404.0455304889	23585.3891827653	1939.15681352484	353.20317186135	409.549506900202	453.514950840802	497.429442153972	797.749750599637	3107.34934028138	4020.98755520625	1274.45607423811	775.02700885197	789.102199979833	795.733942727184	857.342692560863	859.609448535957	959.894189146878	1013.00140630315	939.519350212932	1020.67747454962	1044.75075498891	1152.28334082054	1130.83244941589	1093.66911761239	1372.35251995	1466.10683393125	2370.18551387288
375.067	13.9845787839685	-7.27501473788457	14.0959100831424	-8.83043056332448	4.57068236238595	4.20582684884259	11.6187008368636	12.2465220238123	4.17826899717104	22.6398740489349	11.9147071514776	-0.403930965196466	5.07520694983789	17.7193982115246	21.6446633186833	11.1308319650104	7.16084867129053	65.5674152997516	135.470383614432	358.163055187765	458.851526401901	502.224039446156	505.99762282983	522.122570681322	3742.79361894847	26541.4077319928	23492.8314326006	2472.82011997686	350.371024312667	383.834657604545	436.00339574464	483.531747685249	620.473563812368	2169.61161310353	4354.07690743211	1869.80993389088	851.795045559665	838.200551330321	873.514424014728	887.986349525022	905.614347411302	947.25489091365	992.269357214128	1013.88535560445	1028.57759363907	1112.21125210809	1156.99986471249	1078.00856037432	1315.52584803179	1414.62100372044	1639.10047397841	2347.42959951832	1831.77037464487
379.641	6.73579635227767	16.519212343106	4.52628003969194	2.55195310046813	2.20150968145516	-6.07732136613685	-2.79812513212295	-0.890361646025615	7.04375106798713	10.0205315059564	5.90279073936523	1.16734158274172	8.5558144766123	19.4511886883065	0	1.91473710603286	36.5197367370428	111.814260000283	297.486201998103	413.73320308331	455.178063701861	438.945570457349	455.001627027486	2966.81293010332	23813.9663083845	24399.3730252552	2821.36290254624	334.083980116584	322.213479889165	379.317353846866	455.931692895853	520.710282131365	1383.08515381513	3916.19365377804	2559.32776502201	919.658029730692	835.244260477149	865.847842705688	896.720090243376	911.114306804855	947.936886640739	955.487854823179	988.781285542207	1010.40189360376	999.737984216734	1051.19748365991	1100.25093019842	1100.98103369216	1138.77003289545	1204.77675867165	1756.60918647123	1726.48540354023	1555.6138294774
384.219	22.2816546242296	14.9030924350751	17.9672311873604	16.4613629220157	14.2008290967874	20.7735696855039	2.52437686633032	5.96416927426959	8.98727877445278	14.916322394626	26.0348220551853	15.0598641048276	23.0460587284458	17.3333492523291	11.1123105904877	35.3428723689727	89.3959507688934	265.548093628721	369.489859366708	380.168705935206	434.300699637754	466.94413276592	2376.00590388265	22043.5584819462	25076.7573400819	3545.55363180418	318.531897326144	304.744471966874	393.703878624787	438.902937128421	515.529392955533	876.270144859384	3193.63899573465	3282.41622659938	1155.31353016815	838.823219341564	890.037842903124	931.690598176455	952.098647172769	987.090874791013	992.710756633349	1019.08057694532	1048.74798166632	1072.11837163111	1101.92423899347	1117.53664034293	1135.88701820291	1159.80609955926	1356.55629050179	1502.95363554539	1870.54542443992	2337.21440304983	2626.70674049684
388.801	12.9234615858766	10.0845053992098	-8.25001870641383	-8.97643791266472	14.7835437844854	1.94334926198045	1.70817514881905	2.98947138159889	-1.68928886776743	15.8328748900864	18.8753948258989	7.83891415299426	-0.390842674335636	17.1365144989666	27.7809955343753	74.2079494217067	158.430739784249	300.914526709776	337.432930948494	346.634836380103	429.6451081723	1728.69107819642	19688.4386272663	25292.3742173992	3966.52022056425	300.421670770524	280.41712586744	351.805338143229	394.106685596183	455.619110075881	642.62786398222	2266.42754339712	3621.91631780171	1448.5900463435	839.034458051264	847.843770372728	926.314659581133	951.347695896915	983.561858225096	999.99674737617	1029.17469319195	1003.51464629364	1015.90247991973	1065.49223936441	1068.99258418001	1080.29393731054	1104.89548063109	1262.75674658959	1304.97200299585	1533.08626741412	1637.80111582553	1809.26031619455	2539.16987095894
393.385	8.2440881918478	-8.73059698035134	-2.49291582531608	-7.41805387787385	3.36809469510349	-1.23969438040021	3.26901886473904	4.08649895382742	3.46379492040082	-5.68127850514867	11.4388778608807	13.9301647399238	6.73177378085857	10.202886187431	50.3303461728985	146.936731523176	236.523228295807	276.968424411458	309.14138757577	353.465734646772	1444.49963640148	16597.2863329329	25196.5946143178	4613.71195555169	281.917747475466	236.802824686119	291.302052985123	372.516518165476	424.434375177238	524.48111988913	1481.30206764085	3415.86331507584	1937.73904679705	861.215967211658	847.670110488715	874.224330410618	926.834397629243	959.30216705258	978.693658077679	1020.00206181528	992.061029803359	1010.00980539652	987.53196765895	1011.03339307157	1060.97826316799	1056.62856908861	1163.6277522924	1270.46833471257	1358.5146231282	1629.0204851586	1657.75818587964	1963.78925316446	2131.28700395088
397.972	15.9603794982056	-5.78234874278923	28.9573922815174	-4.91304026645615	6.52055973550861	-16.8001537814478	5.19861692073433	-0.395568755478628	6.9293611153378	3.14252412038676	2.62248446689526	10.3725010879525	8.68838063011967	44.4432842556448	105.672718114281	180.683794834838	215.250908310999	244.212170136412	283.036442077914	943.44095996242	14954.3267400672	25502.3245684159	5337.42603268894	293.215845215968	234.763074906434	240.483950515958	322.157261499065	381.719070876713	448.067640353045	972.545561547944	2881.79949808158	2469.27034169043	932.711121544332	818.041956190194	832.230648647415	897.611597726046	903.483915574884	940.671395482541	998.816375292292	998.967050894443	980.874754043099	956.527053064981	1009.85749667548	1040.81921554313	1033.16022062657	1067.18313735973	1145.44892376103	1239.0580622413	1289.43585973507	1552.10685336859	1718.68684010032	2117.69951681568	2310.63074802142
402.562	-23.0174020148691	4.27644370357511	-6.18683831023117	-10.5372382465489	-20.3746458800638	-9.22990091492461	-8.47513095347383	-9.1275674946418	2.36399207548083	-10.3229318651518	-8.12438028070918	1.99450585301277	25.7561619461546	58.6683039363092	156.685064968062	165.210593267554	182.685091578669	250.837061327269	642.144772619641	11399.0727230522	24145.7028858509	6131.59105170235	274.747426824594	198.927870637793	213.84984588914	256.357482761133	326.635510428958	387.312047599514	654.78673083821	2175.75451523792	2793.94385072625	1075.64799004355	762.693769776907	806.735794863375	866.152474217252	877.548215258612	939.108362592306	961.595217849867	963.931856542076	975.984149626067	936.806076057128	979.521065865653	946.549962418952	971.887732138228	1026.23451923866	1064.63488727436	1086.6120801755	1149.74001211278	1345.70502801088	1494.90223359546	1618.69020734068	1691.35552567974	1467.7972704675
407.156	26.630254822339	8.48174056575788	24.9249542373638	9.72892365313959	12.1230961368263	12.5855432512847	1.0775167853765	10.1830952257052	7.8854645707985	10.4867453960797	12.5019278661528	33.9542012904269	83.8741110947603	141.583210304225	170.756295713902	173.569145009415	226.886500748807	502.562750237462	8933.86825804221	23517.2287123137	6891.63736012983	350.929789308477	208.603681753595	236.727716813556	286.206669986825	327.652363067729	355.044673538251	509.388969578098	1579.84435296528	2916.48064862813	1485.17682531148	780.194006296372	801.337911486345	852.621795474601	905.347846543574	927.961172759611	944.549029563174	986.86121234785	1035.12282814477	1040.57575690672	1023.97909664107	987.618528789198	1003.11329854457	1045.1909434624	1081.30394404163	1115.21669254609	1207.26979730189	1281.41064518486	1507.19015677506	1771.08883523817	1989.81040362698	2146.29021185283	2439.09249948122
411.752	-11.2248618022685	4.17097373081484	-5.27997072457658	-16.6564081770888	1.22290127938791	-4.21981114624705	-2.96732107758459	4.63669490027075	1.25764849956671	3.92910723742602	14.2085671638818	49.9297602832689	134.091490564975	135.942091505963	174.376507175061	177.409143671163	347.230312377776	6897.8685883226	21612.0924460372	8137.6678078304	369.926023020618	185.349061605618	185.752852611654	228.391270792311	286.046626360809	345.075462980549	410.755869470942	1035.90122716109	2643.14801749447	1900.65509243823	808.794865116849	749.229829228108	817.406809734537	858.308226205309	905.99187254399	932.458713772642	977.563230540851	949.623850194029	984.421973720055	1000.69308712258	996.442376359219	982.911084676121	1002.42411878667	1030.77311519177	1040.43466441364	1084.94625610869	1170.68202771821	1321.06265574653	1402.97057349548	1599.96590450206	1841.89650746899	1892.00601469938	1257.48382682147
416.352	16.5716820930421	2.46310562759978	0	6.27841954916153	3.91173199088947	8.02960321932805	-2.50329529635353	-2.19050419194828	4.53863271160746	17.1603673199213	45.4493814475991	96.3695951636102	132.644412658058	143.563833472516	157.059675477934	258.775258570197	4775.55315434114	19492.1930201767	8750.81499118019	490.902733990805	187.840266594674	188.430921050035	205.300761337269	262.253094895497	313.620819998015	377.853005924839	715.512478751836	2144.87608754263	2309.46576174876	922.755933391425	751.038452328528	748.750419855982	838.892963958449	873.239867995739	921.29538269048	937.596245290587	964.085757284275	964.36704502259	1005.0517921136	997.02607999529	975.227712722165	1015.66734981504	1021.39701565286	1030.40747843694	1037.79410761796	1096.11153737039	1182.72105134976	1297.37446796321	1513.47169314248	1864.27265647864	1962.56152499754	2185.34404154879	1846.94990914977
420.954	5.41220753514868	14.0776101271758	23.2759216872513	10.2524624241567	20.3424816652038	-2.98413093998275	18.3951125640164	10.9099253901828	24.8620292203917	45.4672369347266	81.9465670136294	130.063526527562	119.159573726713	159.479756653244	242.305435289789	3546.83459378249	16109.9527005593	9394.73221394059	578.03154531018	170.387489040396	184.825521234941	193.815350991586	244.830172374576	286.886650990912	344.802397986084	502.268051077147	1594.78970229487	2453.48778935245	1180.5762473445	719.373324514097	768.839887637295	805.036340810041	850.163397978346	878.55711116367	945.652083343088	936.644648396683	983.443302582953	961.856924382719	1009.48784913989	975.497330872896	995.159520782089	1010.00827995884	999.570322286275	1067.12839160014	1081.10600928633	1146.56528108792	1294.46194767431	1359.04873221903	1669.78764229416	1774.32022387369	1982.35143357993	2480.42716588111	2182.721607255
425.56	-24.7786330448697	-8.28659865952994	-11.4175523941006	4.35859388684954	-4.04929110743227	-2.39532154803361	-4.61194264689576	12.4579451910135	22.4081511951081	51.343530596428	91.5102536114885	105.515620872842	115.618193564218	193.383829718143	2623.0993123367	13907.1768164295	9105.27754691433	694.027605738466	162.603509825004	155.471012870184	169.031925643411	222.978070712754	261.79999676523	306.626845623069	410.569677963757	1098.30706208316	2270.17791333366	1457.80955663876	720.711065792613	684.391502832492	749.611451793687	782.627035984991	854.835238551719	886.066216442602	905.988187077199	942.576158861058	928.945713328102	925.386784820975	959.799867496217	961.95111656181	986.877554321262	956.478048763849	995.052402372476	1043.59687072302	1052.06517344369	1142.66090316741	1260.92374423865	1331.94114438545	1622.44595793422	1730.95122167454	2007.04203370974	2108.00464133709	2342.71024675833
430.168	8.68144252673391	8.12922018937602	20.3012888355777	16.445445359362	5.39109700870978	5.48293614861709	9.04870594505563	31.844349166881	53.4974224902106	72.0200004735751	81.9108817347191	126.079628602573	169.503447706858	1993.50141155166	12507.4982385345	9236.52734933334	817.1095851651	166.663875792374	141.068001875817	183.48068435273	218.959996091339	256.970269958415	276.257807495268	362.198862290424	755.44182252239	1938.96395810183	1755.92338926439	784.40171124363	680.548930887111	739.79624112085	771.090478668237	841.698479973115	854.34718309311	884.715098992665	899.288196645656	924.674822018287	924.133338855664	954.915355321672	928.836378239432	985.877179417377	970.961519736487	974.617974829563	1001.03902655682	1040.06875985885	1066.46177892388	1190.84712490415	1262.42400914167	1422.13470960582	1595.05913427963	1836.98893367182	2094.84402578344	2060.71353918028	1867.30185415666
434.779	-9.09320026169778	-9.2677945197886	2.44415767276139	8.53069755720912	1.98133151742026	13.8040119140026	18.0531101971054	37.9479644225138	74.3249285804858	69.1154568635672	80.6984742926475	124.870482756087	1472.76721219492	11372.5626333609	10054.6594566324	948.86503743535	155.884965127198	140.905981788894	150.4650123485	190.276529577457	239.476906182044	266.933829990697	328.442449393639	566.261094393709	1550.02495187939	1977.10895772775	933.743179410455	679.269821807017	699.389281108066	773.947048378513	802.090416188854	827.447286054431	860.571970587742	882.234270468345	889.881261182524	880.232032046856	906.146999355095	889.668021018923	902.794102564102	925.148731854794	964.82497862388	966.621158035334	982.227470742928	1026.47140873799	1139.29615564604	1216.36896370158	1327.76369825783	1464.20032974584	1709.0810929102	1834.88123132354	1945.07257513744	1968.80974673054	2597.07656659754
439.393	12.4737221427886	12.6584258301029	-1.38736833158094	-6.19249129529984	5.06095201843875	20.1801627925604	40.7390688817577	61.5749431827822	61.6859576995395	79.2700847999758	111.070190569335	1080.57584685234	10121.2008664714	10969.8902881855	1284.41917474354	152.592384085534	129.972590792113	139.968412563948	171.686279871168	211.737163516845	258.422847619979	300.231456952264	419.023255934721	1137.56191852897	1973.9640432148	1132.19462551437	649.394878759345	678.146963885383	714.796864633198	759.63769158824	811.877816177707	845.858096141037	866.778192513953	895.769206647577	895.347158369242	906.314162211807	892.126261531447	877.962073562235	926.096459902891	926.397126454497	959.80565917159	957.655911164372	983.537748007046	1073.23877111003	1127.93043263741	1211.00906494401	1333.18170425401	1482.40249075879	1655.26637243259	1898.61685556782	1761.98186372	2077.94140180374	2686.54615077247
444.01	0	-8.72287652193704	-1.71462012693017	1.2889554956605	15.8453084543394	37.0906284807676	50.1076791559543	62.3971378814265	60.6079480548289	92.8884389469429	674.04853450873	8256.57225177288	11314.7152494373	1670.97055374327	125.499043012134	125.917291014387	124.50782448584	150.35066329139	189.946368120692	231.066280969298	270.272601375533	355.445010183011	814.73535484523	1792.41459430516	1385.5772552843	675.545699633711	622.48223516333	678.424726024479	731.13407489573	755.282743348544	801.510257642331	830.915189054865	856.684241323583	856.871271852467	853.066086800533	877.740324785648	890.308696503996	887.876581351053	891.083838538989	910.764739536391	940.193733706565	930.806755448278	991.266386994444	1038.76908059158	1118.93115451796	1228.8614228373	1348.47307046742	1584.06704684254	1604.67577447246	1917.05922070001	1910.30426227114	2054.46820084423	1776.66218731793
448.63	-21.706847657375	-17.1245410102326	-3.70271101137544	11.0707028762277	18.5551288422743	40.9272923655744	45.0232785254233	55.2889868223336	72.2135981501213	501.918305883919	6745.63394451051	11056.4757787448	2065.17737341439	117.199642210929	118.306759097137	107.365861160443	135.191334487667	149.169307261927	200.015323278552	236.001986123343	288.85406357046	540.540543570923	1453.38309295956	1561.50339599777	732.126593526467	573.11218497871	633.540266468726	678.221240288361	719.170046493698	765.081523671071	782.642909957391	791.817735573835	829.330589181227	811.934144000027	829.149987674855	822.916580818854	820.684600354866	829.974095570207	861.639967130791	827.632894828255	852.658570787306	866.460842071058	918.082482792208	998.962067989346	1041.75986988391	1250.45241428707	1392.80643135352	1505.82617655893	1586.66378954551	1748.17323938169	1765.04564264523	1863.12529300612	2020.21953715573
453.253	-14.8555985391971	-0.736012758749512	2.6620202721502	30.3300498359342	38.5731706025097	50.3866733805049	52.5485477607208	76.2557014537896	365.807163996729	5152.32965814456	10241.887733106	2587.69589059095	132.985712822132	108.560780734414	118.086407661437	117.396501711447	155.418532282948	195.462703170599	224.200851919775	266.00264181152	417.74662467237	1122.86674937977	1643.26943842006	884.623988924178	548.060220927681	578.867023068147	637.855672523211	688.224741861852	730.174634402306	758.949935062602	785.862217201821	797.84651794347	805.149996107129	810.436458029738	797.174703254459	821.063979809315	806.400710700032	823.793277556329	829.114295107509	824.833789327602	864.384739227284	911.948071769947	929.605085731221	969.547881107719	1113.33993361775	1236.12220632441	1394.72594556961	1510.27236463034	1697.15137888195	1862.4740681685	2013.25175388361	1910.75413616407	1997.06778362485
457.878	-2.45209060838776	-11.2983402911555	-12.1932844535247	34.9926991597382	36.8659981485179	49.9014650637895	69.0813538330414	282.313836750408	4226.34785005151	9255.48257350364	2544.94795684873	154.117928261923	90.1764654917077	110.116551874636	124.820857108571	153.906084066999	166.625625959946	193.891179922366	224.08519606336	299.070448847228	791.610560584727	1578.27006218829	1047.04632341135	528.957069483301	519.809265121838	562.874618138998	617.309429989888	671.034495532582	730.181165841598	725.242646050252	748.691817550008	759.960671410225	754.954098428174	792.223855352452	774.969409274032	768.779613238914	770.334498113057	771.878706542969	794.442479298488	806.131436689536	792.189070354577	850.208777969494	881.249950851015	990.27555819088	1088.95295310133	1194.78206639732	1328.16842264584	1440.09739572428	1595.31615782369	1752.08656593058	1807.05219932697	1728.3956730368	1318.55775278777
462.506	-7.29509080424204	-1.08429422631299	40.1973132467533	41.1506530088053	40.2683126469986	76.7893065291283	262.640066185455	3587.48464407115	8913.67449695077	2916.57442302809	160.770051566331	106.760547581638	95.8981344582289	93.4368441135675	132.146439253355	162.579944140233	189.557033702112	231.412244284577	259.70872842359	532.850306377841	1341.33678342145	1284.56799940631	582.498491603933	521.675626265955	515.486088616086	569.115087930949	623.25281796298	668.945268574568	707.241576444654	734.170497547218	722.798997768265	738.23649322152	761.359782204092	754.66970180649	742.773794701523	737.145510811499	743.049786949068	766.186037630626	769.424269493649	778.907788665104	795.277601902078	846.002285312157	888.178042785531	963.177608704941	1069.19718839696	1196.86541040014	1289.23024256686	1473.25845068434	1634.83640993455	1652.53974204397	1863.27662252247	1991.78708953123	1911.0952745854
467.137	19.2056074961972	35.3256124237726	48.718900299186	52.4501398740315	61.4633632264087	231.763528151883	3786.2113209416	8751.41591853462	3132.33541246766	185.923471922336	89.2950437376166	92.9181635408128	103.388246904208	137.236904824895	145.04953922719	174.975115185482	207.966378119587	251.582553866608	369.760373523574	1014.41506816308	1360.71486307722	680.916129639194	459.798359248282	497.004840065464	540.703833356679	582.551706263401	621.352152103499	657.25855825437	678.990929444338	702.374910002239	724.841024967334	724.320566382702	730.024633523	711.276909406466	725.437176007477	715.290098846026	714.656053712618	747.807740522504	750.149876961599	752.773223751886	792.957138056395	810.708786966328	853.918756639487	964.716304602072	1052.04759359483	1142.61796765773	1302.37308101712	1475.52286683241	1560.30307674569	1691.08274619523	1797.3189820572	2026.59434161552	1969.48674983538
471.771	33.3544622486309	33.994885578451	40.3439967402303	58.3700577596579	165.858281892159	3420.66324643625	8454.56738116511	3539.09671155255	204.115667059219	86.730555149632	77.0175892773971	93.5885186688389	118.454302762201	146.584322666994	180.275836502805	187.732446016287	229.350062504577	291.937128183973	714.049150152584	1303.58026183557	834.978977796921	452.006246626016	442.085899783203	464.049272295528	530.643575449064	573.209236963554	607.77752144956	649.414221508424	663.860141455726	692.246998092629	693.364292541465	686.67755882028	692.844125891176	683.624831041623	695.297414907485	685.443488478316	686.423895202019	705.803385640464	705.743684270143	712.475633601171	758.489290389286	796.597477434455	878.989890365906	920.426723017232	1011.90839111295	1174.31449263283	1265.15102715882	1459.39876747862	1526.50707932196	1651.94384571827	1734.79633196149	2157.22479684834	2726.47823753248
476.407	37.948758902092	45.1236276860106	62.157662376569	183.611785782641	2464.33516115126	8479.37875177443	3540.70633024895	219.929134470801	84.1507942139913	83.6441416129433	82.4464081447266	103.856708150444	126.244766158806	140.896188525193	184.90735378707	193.634275638132	234.895981930752	467.052346937828	1095.92580728092	1003.94244346748	477.397586920421	407.756817332953	438.176780910904	492.58286700826	510.787799994661	561.718188117937	587.14417002048	636.290399249811	641.03360783749	653.512492657581	650.50748328822	655.781208034397	657.125605657475	648.348764111939	636.272172701326	652.391252126527	665.992192033417	693.426803047385	673.777977730659	688.071963471044	744.368439612403	756.244084636792	845.698072729249	893.755200613504	969.11527453027	1138.07306781293	1301.80687249626	1400.27942653151	1485.34897575976	1646.73066519009	1744.40575375393	1988.97912574499	7799.45063076077
481.047	36.2007040407845	58.2512127012316	149.128539735217	2825.91848262293	8611.45002970716	3989.00126422755	243.404490230005	77.8625253353716	70.7150459197675	69.6246826863297	87.8152075830461	121.110321978857	133.662445993412	168.633625892661	188.119112360841	209.389663612276	330.815866303628	820.622078728854	1089.58606407015	557.535401557349	384.333691637819	411.982315852798	433.924721736261	466.381927971063	507.559510771119	539.366143038984	562.374227505136	600.31824404778	623.12839045816	628.727919269432	620.127715231619	620.369229842773	622.762622419294	619.604948460806	625.316954616753	596.616778326078	631.368170919288	627.784469417607	631.584979114584	656.227506312851	705.079992013018	720.790749918591	792.600830768466	880.793495979387	1005.52711012179	1083.66959192251	1209.578892382	1350.03060200404	1504.93649930004	1593.58240785429	1833.25343946473	2223.2242733697	22200.5048291968
485.688	50.4523997051294	125.489609470521	2251.88096810001	8694.46209301884	4765.53125002861	325.754621383567	73.414259856797	58.7703738079706	62.3569448586748	80.2985535378983	92.3407527479508	104.923333862352	137.324320010807	166.134749995981	185.187423107962	248.470753081055	572.439008997976	1027.60815820126	674.643447253209	378.342884999559	382.938198703286	405.616463572613	421.835883044915	460.016721234357	475.635919200043	540.863444267883	551.996294766252	564.274507227447	579.225704372792	601.825146153065	578.501384526	568.997763495857	594.669768332002	604.890647093159	578.685173806259	573.719795692987	586.513017686268	595.277373372941	631.173813083313	640.18849280292	673.774459498357	710.880613145272	765.711810196863	848.571175509083	927.472931715436	1062.14379095005	1192.56011219084	1337.70811915905	1449.94984252578	1585.43581147624	1573.05953774414	6450.47855203679	33194.7133057407
490.333	93.1522835039064	2125.40796996699	8354.00809170654	4683.37855117459	401.211657113672	79.2975855572392	66.3624111513859	65.1138812564335	81.5493856219848	95.1258009606059	106.998247102933	129.696675285459	156.998832468605	169.438679458155	209.069728106904	414.161080475355	885.402419640171	815.678763085636	405.880952933008	351.067067413771	384.504214961347	393.311884737499	429.495698558797	464.405618294741	497.604620384044	516.899441415275	544.538334042233	547.78076057263	573.808476532267	572.410946866314	575.150297999631	574.519902190399	563.217013181271	578.741978476182	577.706739581699	566.646875342509	552.670040040028	563.546810203855	607.779168596179	644.285239076866	658.44195868899	721.643727593779	753.416229700233	851.540948024661	936.417180199926	1053.60153073268	1121.79647809048	1320.04906503324	1451.98665080982	1552.81711695055	2116.55124011825	18223.9519822671	26824.9151136154
494.979	1556.25564681865	7935.55913876852	5270.39267172997	414.999177623031	65.5147966814307	50.3166698072575	57.2217001235545	58.6778309713331	75.1573103450434	84.3223267408577	109.730704259114	122.270181307938	138.90572141134	155.990520179995	299.390815454125	698.036283758145	873.141820544558	456.31153602778	317.96002113947	314.122958864246	362.799549883567	362.62046569898	401.742014132427	445.551107583507	453.380773508671	484.83502869127	511.726742703221	513.328817343797	543.331675682112	540.85938410601	527.79423492361	528.235503578172	536.935771034472	542.093819147832	523.20382734681	547.879340533757	552.495129403794	553.106092142157	567.628741013543	591.34018239112	611.125119541942	625.660468553148	718.732112816662	800.917884615355	911.120560850922	1003.11246078871	1121.44144864888	1219.52975091495	1456.19941941572	1399.92343647	5112.80191077581	27030.4560906096	8275.06252055867
499.629	7152.95386673347	5129.89031127538	458.178446483034	57.7228641704543	58.2666313835833	56.6859778805134	50.3599843777288	59.6389420023342	77.9604609434735	81.4392265783469	102.545618628258	116.232955399952	138.231972996487	195.500300833066	486.209945634388	825.383060898693	539.624860850909	308.106105169964	284.677844080145	293.580571680183	321.492499108013	359.260627930966	386.051504776547	411.4311743641	422.927655453547	469.899348395672	476.198836215827	495.051449125103	497.305350856669	494.753443209862	499.552421904701	500.246457913729	499.137607339098	496.318720463551	508.785506856142	505.090564026466	510.021677668746	532.815394681361	521.023336072562	547.915095228938	589.408934355582	629.101812620397	656.921195041018	754.58756157139	787.143853873141	907.572864188036	1033.92831791918	1207.54039603914	1346.84429675873	1494.96413730019	14000.6372086461	22225.7664205583	1266.91156171232
504.281	5613.17875145644	544.402128298673	67.1970555994934	55.1018435669034	51.6461996135937	52.0158069988717	69.4723543372901	73.2617474074066	81.3880992852792	100.511039554728	119.415633949791	147.416782892905	164.623124411736	329.135503649935	733.042423545555	631.81131329674	304.047802664673	279.434790552878	294.143334131359	318.114446126978	314.998953948747	346.49001220612	379.732084173656	390.114029837998	397.732741576247	438.605732263758	463.119337694275	465.930517154819	480.049737783699	471.826505354911	479.612219809103	476.969893928053	472.531433371324	479.38353213037	487.309166642295	483.956522201917	481.004283741854	484.365082662856	518.213278218645	546.888812595639	560.580721802043	586.224537222792	660.160334769239	740.613555892839	794.182899279806	893.520934862357	1017.96319305843	1185.68181244111	1349.78664361633	3784.64695906206	22045.4411119016	8574.89009581245	1316.99757206505
508.936	683.582355016891	59.2878949289655	63.6992769810392	57.1900479473086	38.8556922354291	59.2764179144759	68.4074599843443	68.0789244554678	89.3836031008944	91.9880829436298	113.77738245743	133.377790119244	242.688888216085	571.652696903749	688.934479779741	341.23330075678	236.903163781823	270.569605393152	269.498861173136	299.954088417073	327.984475363474	344.395550952766	350.4149637265	367.41132189653	385.435825238482	419.268368567897	423.335090163028	430.974141857859	454.29952253926	448.866813074271	446.077544105401	426.357467913834	440.067431732689	451.031749036686	458.485996961106	460.244076324249	472.92505956274	475.219377246014	479.287319828157	504.883574546805	542.003936832367	550.051513681629	626.2058819514	687.50138397952	780.47760951953	825.150371142937	1069.56415547346	1173.55656498783	1282.67209952715	10611.7550675789	18604.784884617	2183.39980968128	1730.82230664001
513.593	54.4305237243159	49.9280567310994	39.8154763660641	39.77058524202	44.474817333676	59.8668541284441	66.5998148734837	72.3079535120371	79.1058489756615	96.1478379890973	115.38659812672	160.900653350636	407.771328612297	694.528686008456	431.120269020961	233.414911179681	236.648630354031	251.850183969878	245.251891752003	282.459145589833	298.733889604235	319.882148934325	331.289039658037	342.232250393515	355.800907592633	395.590411490704	388.152418465251	422.604162773723	413.157415347557	406.789769736226	411.491693518131	407.183761036296	402.660646297656	404.839185809557	405.53067054648	416.279058443242	438.981055334622	422.593222105518	461.411876800958	496.039960263467	500.872657659879	512.958371316401	570.385809137586	643.225625457244	700.668207898453	840.939136774607	989.014641392052	1095.76072905889	2719.21410062363	17526.1212221626	8462.18600224428	1325.81225929233	1383.03196893525
518.252	60.3504655228069	46.5754959553916	56.15161464925	57.4547359989562	53.6109538105549	64.2239633506955	73.1069769603883	75.1710914670813	92.7572946741308	99.530513477686	134.929694495751	284.001729806616	599.498729693995	520.639577477783	241.103297699309	221.436614959255	224.56858252244	245.60132295878	257.575655964694	256.530033243221	293.894070896834	314.826244397884	343.499955839333	346.955001526474	348.817739763263	374.750775265779	380.384571585154	385.512895883961	402.781443950064	392.964864567269	393.944175230231	394.545825302879	400.11401740996	390.727450701679	416.395366671612	381.164542633667	402.500688417743	422.579810837336	447.042121326114	454.40767373867	469.41823670806	514.06110737231	578.647069779873	637.132735865107	710.811594099286	836.770023171993	992.986167929322	1165.72969709877	8097.34907278897	15987.7416253578	2135.66494495103	1396.84160772126	2544.32415362217
522.914	32.3069513526272	36.3571850353334	49.3114228244539	50.1255181017864	55.0582563418306	65.7002506672811	68.8462884370672	73.05516990083	80.4955436374011	90.0649244097302	174.138810669143	441.248953964448	538.776149806632	274.169782932703	206.626801132855	206.238947971802	208.523680347129	215.220039258142	234.600958320108	250.292793350934	269.140143070196	283.824337068583	299.240583435001	320.012046873031	324.587650569581	335.589514344093	347.736535004399	350.406159662943	367.316775423056	364.465159463826	365.411437017078	365.987644520459	349.905339701077	348.988870119068	369.749167132859	361.745627542161	359.878867920695	381.829731885415	393.476809133214	429.949458769947	450.401952438065	478.896100426999	537.189259813086	582.606229412295	643.040423983429	791.152613067178	916.612983979026	1971.61483580121	13823.230387489	7624.70747017489	1203.60543165586	1028.66522882719	2688.57828509183
527.579	36.9187562123646	37.7256044558854	44.3450943753695	48.3724018704074	47.5115588010909	56.2100661856762	71.1054249199356	67.7107381643747	81.3497256144687	122.161776974338	316.341130904084	536.646871885751	335.517098669603	167.260468318491	179.359526541732	187.853935346548	199.885893109232	205.258495193479	223.042218905211	214.371355172331	255.75924624292	263.727966010152	278.242520051171	278.350859536306	301.786230270374	312.589867037992	308.424627286691	317.240974329423	344.102872221635	342.046350265334	332.652686543855	319.397032231173	324.705676558566	334.404540140602	318.227797083007	341.445917020277	333.213879219315	351.788331321227	377.789546710366	398.366769220502	414.046986866355	425.846717067674	485.529306910611	546.17803503704	628.089860829908	770.710560588204	893.981164913361	6103.45955025034	13375.6693826253	2049.75630972614	1068.26834659124	1375.71029480845	3324.61534226176
532.245	50.7938026912691	51.818094329386	58.3348873401172	48.4014776500044	60.1168677104653	62.7246262344113	68.8811892611733	72.9396110398403	98.4716398327579	219.619287866765	470.300733866885	417.998566074219	189.365496992969	162.734766395244	175.232118946591	175.628244825219	188.044622617147	220.887911176111	210.991373423119	236.526297841015	246.892547161972	254.786954067063	260.872143524832	279.126289502771	280.913534093931	291.197214861445	299.476266429727	314.392716748982	313.937558956478	310.567011225183	316.074700228217	302.797050785738	328.459158847105	308.285108536064	315.217423730692	320.451577009171	337.963679146501	348.548806667779	369.27636031975	377.565422757981	423.483876145252	429.275790967445	477.799335181287	530.330669689667	663.006011910134	755.685128864368	1507.53834058115	11270.2111017804	6995.61561914472	1104.05171665724	1173.77193297149	2006.914062435	3215.19602464662
536.915	68.2942062080797	43.948353410387	70.4023943657902	52.3365308690802	63.4122041822082	64.1853453649442	67.3498623476559	80.3230973018689	151.644248848282	353.284371244166	454.303508435827	243.438224574605	152.652823669444	158.065118617332	158.019916209134	167.044430390715	180.368042923419	197.962037081516	192.070049281758	222.111868451413	241.892489072592	236.044770094079	247.905840937513	261.235415330467	287.92760087695	286.296152739264	278.827134099829	303.105283827082	303.211095441149	288.66261252966	299.35596531628	294.963304530867	290.092996215512	299.863870302518	305.539163596933	313.849865900613	338.837622708306	318.418078871701	342.266080349144	348.911915478043	378.189666775258	413.227528630144	452.49113290915	554.011751197452	631.017121486231	789.985148317454	4596.22804607425	11660.2392027126	1978.78639651452	1036.25307590725	1023.31631385925	2821.61552559385	2439.68677519771
541.586	21.9768872795378	19.9489803659709	55.3796134630181	34.1971355635278	40.7884239761833	50.9875212864807	59.222826635642	95.0863362316987	242.18673896398	421.999799331822	271.002195965432	130.85557468655	131.59957628104	130.164741674726	134.979273010069	148.326710516198	165.96306474906	174.550951286764	193.925471543091	187.311592132623	207.842680202334	210.88608748103	230.601039206205	232.26364440147	243.842607885699	248.103420498184	258.001780065242	258.087544363529	273.991449481438	255.728361693962	265.77525059922	256.606060068086	264.357396780928	275.000113068812	265.078542947057	266.967907056685	277.066695282487	297.047587983796	305.299945268439	325.854443473455	330.097309280134	352.738052918175	390.13825370775	495.497440522177	598.818528040978	1058.35387094502	9148.86149786485	6467.60856938095	782.230490861421	760.036671670964	1145.33804410545	2355.10344583063	795.414537286068
546.26	56.876006419873	61.9936152817025	52.8698901806285	61.0534915914366	62.48037326539	61.7691955379745	80.7253411580794	177.144616071414	384.826001051806	341.143140550325	151.141971297682	111.16335230145	134.167342390638	140.779527533776	148.34679636218	156.557609655401	173.599155481899	178.978581805729	188.262854959752	198.257065317715	216.725705923993	208.057550779926	229.193365144333	222.836371985594	222.618551843052	235.893148906747	250.572577621494	253.794996529921	257.901584729031	262.982895262386	244.988265612757	260.482909567161	261.564992013935	273.035199365713	264.694725032504	276.571550347162	265.842747926308	271.686085475798	310.630704393039	335.952231426367	347.655884538227	375.482550239644	438.966600736979	506.397717130899	606.846462185533	3596.31197299771	10053.4672256306	2011.31137927002	837.155426801655	773.64947085883	1722.12919086879	2297.64660641009	1012.92568159846
550.936	39.3960372713206	37.9724672569631	44.2822979018074	43.4203753213191	51.2442590732401	66.5417373560541	128.940732062613	293.987557443805	369.3479641327	177.598956310135	109.50033100794	116.136421480714	106.291742186418	126.640385320763	137.964327464378	137.643830887699	160.232263076972	164.287823060756	165.470241133547	169.959834216854	180.694851878135	188.853349109015	202.415269601919	210.989639474943	199.833851107262	214.478585948726	214.386540241877	219.703564465909	236.996238641563	240.101200910356	232.556490218325	234.991604602432	240.319144442583	248.446603843922	233.573747397585	230.989939044947	248.684637968883	285.504371298219	291.874264011333	289.316652043121	326.081698726524	355.802293029187	426.191718657795	518.566355339722	806.103203234627	7208.72729839514	6098.0926612567	787.916502017739	753.917442384878	922.180453642059	2207.31418191281	1350.36374265885	674.870573796369
555.615	30.6858322667484	33.4074039762456	53.0230668436817	45.8991354764377	58.0916472626287	85.8148016660983	225.025620893908	364.10647854464	237.718785427456	100.227485170167	91.2662966760142	94.7567814215124	97.4790850582169	109.350625510868	116.507809868429	140.834283403932	145.484252206	152.406456936412	158.072435032496	173.01402753425	180.611096845737	179.703557291537	191.681664231312	201.534044396107	188.773561765393	192.149847433412	219.284012666646	207.147247026725	222.75663834394	220.082160161454	208.791853619936	213.454285883651	215.438892480983	216.618834612344	220.348206908775	236.416238780194	230.198864428491	234.453354544739	267.405399298815	269.156366618989	287.627863294674	341.296012426601	439.271865797481	493.592322824577	2566.30085918074	8548.88450717188	1903.59462759176	694.126226421459	648.05162857109	1277.53436519269	1996.82261496687	692.815996448262	593.429282731199
560.296	48.0284153141754	55.3243605689274	39.6968312033848	52.1625956738419	74.5630249051288	176.944205579096	332.102466001499	296.636824112691	117.668201715756	87.63088643431	94.4660065315753	102.93425368877	109.229316997538	120.012154496619	134.630914943332	137.346135247099	143.218670115801	164.018930929445	166.758901199893	169.531069927958	175.135543035146	160.897127958184	189.902846717871	189.753382640233	195.887671070463	186.274215254786	201.229913306925	207.178981731942	211.943152165514	194.326117836023	209.974199571626	217.755707136781	217.222537808508	215.806067519586	220.996214038699	237.116745224013	233.896110239852	236.541777477009	260.983462418518	264.643867195784	290.172066065625	355.027185270929	426.565924032298	662.76534213136	5835.19105001602	5601.1851148678	675.355907504424	666.165541581557	747.211179146536	1819.67362536197	1565.64924064264	956.732295984877	1274.75588887437
564.979	42.4060897309957	44.3008168270273	49.1755916739699	58.4502041191987	110.615146491995	265.516237749121	306.563527744439	145.900256668991	80.9067428383262	78.8834701384881	86.1209819874016	87.0699543984522	99.6671885491093	100.250929921979	122.239209328094	121.233614165601	131.671837772133	121.289784606757	140.675095866977	146.884576592148	173.919128637515	165.320613140522	167.302572983934	174.561120133946	170.118738940047	173.256324367272	182.720774456	189.051419551894	178.221486073517	191.502061242896	187.169223678414	193.863631803173	187.879766228172	196.016754606889	210.781738327175	210.246044068366	208.732581670021	226.372869623863	255.324298063441	253.549208952712	281.846100146915	336.362804150229	400.968027703568	2167.00914008746	7382.90089665589	1922.49999165221	532.215078043061	592.243288599861	954.840782442195	1887.43331523658	1008.26506160797	661.610501874062	1035.73799635277
569.664	19.1205420163534	37.7314394781202	32.4766521466636	62.5766219612635	170.193889000983	303.183556022646	183.807930068274	75.8226483056855	72.0174438123511	69.4208362193614	68.687445289994	68.529508012454	80.0213721128442	96.6682781624517	97.107045937507	97.9734708051102	103.519563267863	106.401802237559	126.109350879065	120.014677777559	134.218593467762	136.673374871817	142.369416710792	144.977346936707	152.457662151759	151.707543146969	158.013595050768	167.359504487804	179.524395490783	161.425526163703	173.660532298895	165.501990183226	170.44370653219	162.222590155669	180.62813786408	182.22439242317	184.835127116973	188.989436885566	211.758955431088	230.274469617383	277.725089135721	349.365077902927	435.172399224034	4886.06898423131	5070.56368754829	548.130290097635	476.99944663867	518.540204529075	1197.86086779223	1492.7025127185	339.737428995112	374.026537112461	117.793051242227
574.351	50.0571874766066	37.322822487436	72.7885407034668	145.190175590876	292.076180468895	229.026947590216	99.2920816400966	67.1978558204046	69.3244175951878	63.767951155358	75.9876573964405	85.6134717328408	92.9170835127876	96.0454890231309	103.583744121772	101.05208129771	116.567260667609	115.11215393821	110.094213872326	133.68896256029	139.999314688671	126.803191720452	145.926430646517	154.972905463581	157.453922810938	148.225581682533	153.759759199777	162.017796578948	164.86962757009	157.274544208971	174.570993731685	165.475718999585	167.525853884703	164.507856780454	175.968379659242	172.319198688738	187.111408220106	210.110691535294	225.610600540794	223.937600615072	285.89316337659	356.224449076888	1554.05895336003	6398.29134292241	1922.26227696708	485.026154544438	505.139635991009	628.339974688922	1463.99722356568	1066.29358975307	656.440626413497	315.501792681036	1103.16191717694
579.04	27.7378824658516	28.0594908753607	96.8122283675074	231.195685269601	285.504269693847	110.563929617388	61.7250063914485	53.3556741862473	59.743771898901	55.2123657132146	55.1455570021337	73.182573971232	63.1033124953494	74.073247703579	90.5616960829845	96.0304280901922	93.9735374478843	96.318148939594	98.3207923957776	113.017945931888	117.896005306916	127.94463277266	112.872778744841	116.458116976207	130.634385573501	140.212368858103	131.916943459029	138.211720070426	135.162405857069	142.233508838879	141.787373502102	136.952321901996	151.070337655937	140.382460210798	151.248331990503	148.748406859796	165.371069534626	168.190759947651	181.016111633823	220.503702711164	283.52410503964	338.947884115629	3937.65085272804	4496.80755947624	528.97250623877	376.25314461886	452.703128029282	905.525723675781	1426.5202903023	598.479211447342	513.139046505477	775.093168615475	479.485880087088
583.732	32.0822956950457	62.0524419302683	170.00392437371	279.087710608592	179.4823609362	58.6438621691481	45.6937522720605	51.2194789333453	56.2055851128979	52.0661910537788	55.7426195934543	73.3630583430692	75.3023311500245	71.0123882950938	77.385109776732	77.8855196607674	103.310927018704	97.2526150201385	111.450431337206	112.275074974144	114.67287997102	111.098149718141	128.177684190476	125.43564074954	127.100140775596	122.296669809293	125.570345169407	132.517079625051	127.957131926176	143.145643513825	129.218113733483	141.349667511716	149.964534185843	151.28772400986	137.406147579754	150.367664821536	157.986852419539	178.610932850752	195.189596503189	237.527965282841	288.055566796931	1073.42848774061	5568.14981447904	1662.63513857364	357.842988671132	402.498160643738	493.838980380988	1206.51697956232	1088.67414826784	416.104645408032	476.140927674283	376.102185938093	448.092165218416
588.426	36.0165165941494	117.273691864264	230.314535655398	197.064588965756	75.0093609444496	45.8465477126611	38.3372864495031	42.0167567930613	51.4271058153671	55.4125243202252	61.9014691647638	61.8374907153973	76.297681124959	63.0848716101446	68.8525585700832	94.8577428435988	81.7418469208371	91.066257516757	92.1317226693525	101.051097252547	98.5369900468564	103.473763522755	98.5024442578291	118.138849347338	98.8759614856698	104.319196811407	113.56459562305	114.256330079007	118.398307292933	115.343478003839	123.108951628708	130.87577507203	130.776921495156	129.515163253609	138.113047158462	132.415782080883	142.530626917826	140.093349004014	181.925131046991	221.787255124084	259.083788775883	3032.11335491516	4107.69992574134	426.913900614651	334.624000320562	370.854781387593	654.367064607964	1325.4451694877	545.484487002431	353.54440097396	467.54608624728	273.026780724131	883.471862080542
593.121	77.0232642308109	190.678723598578	230.448731730275	92.4873985916573	39.6182209131333	37.9746766111717	35.4772966332508	33.3810179233347	37.5372257504349	43.0932828662996	43.0314577613853	44.9324966051325	56.8222120123179	58.6380366845013	60.8007661326247	76.3807491848293	77.8911690188372	70.4014673978297	78.5635062762769	92.6612285652014	96.8374733966606	89.2336257212255	88.0338838774436	88.7980352056221	92.4305124505536	90.7397157005525	90.8218696378108	101.229957707671	109.628499843448	103.671257530657	96.7895962977856	106.9426823841	104.785745736516	98.0052272851253	109.196800224875	127.365366186455	129.381477839226	145.323881734858	174.072041403091	224.601724776514	684.297213834115	4543.16111463183	1672.57851464004	263.496075520103	300.001780133139	399.459900526098	859.332126963531	1046.91098396801	367.137133409297	276.354836098795	277.491409550407	302.535728973283	609.337862773885
597.819	164.71774070779	251.119312865644	148.871300594826	46.844366187951	51.7599715524629	42.7889916352968	45.4784721605459	48.8632685684383	44.406331681255	42.9093783731729	57.1452234443411	49.9009364707494	65.4643319959447	61.9874092324393	70.7808829342273	71.0652567700509	69.1793761025881	76.6224320736283	79.0388846144683	86.8828206114646	91.9088918061703	94.9528119589875	92.0127362289854	99.3730202633076	96.4808829578955	108.868027362053	111.473134669243	102.146495447349	103.607494257474	112.113437539036	110.179956120257	113.848464953712	123.190556581258	137.729423682026	104.732987116276	112.583907367984	133.382698922038	165.190650134595	201.57446498378	228.96213918682	2299.69480746901	3855.8478729677	367.98698051121	261.276207414641	292.129100016304	470.052544247447	1035.06371646411	753.254088336222	382.729084462771	455.590504809468	521.118223234852	622.889246430392	875.749847111805
602.519	203.992356646254	159.465858448296	58.8458481567893	31.690260580565	34.0335675564097	40.0444738510758	35.005099643385	33.3388776153432	38.8257900786617	40.3331964977042	53.8538714808379	48.8133868804064	44.2951725517542	55.8341734594154	54.01604076372	61.7238925426837	62.6266906189437	65.8673569327444	60.4556547571374	69.1498172625034	78.5504369123554	78.298398287716	79.8839890586532	74.1873647011356	84.7634808269445	88.8969589669336	98.8417038581041	98.6586772469485	90.0283612632483	92.9998901543078	95.1382933182006	110.236420755077	100.175904495182	104.340690780134	94.5798413450588	99.1562961571722	105.597469866215	144.28885224489	187.000920734007	535.413042816308	3842.9896677233	1701.74425581544	197.392294688167	236.417505572141	260.62342731179	547.876872593348	1029.04611476194	472.663321592663	299.827324677184	320.238972977573	228.840708112701	513.636503226546	-723.750948160833
607.221	208.847828281638	71.4280613148077	36.1123110143135	36.2180396425728	20.5481502211599	31.0814639348541	34.9307572553175	34.8351064849941	43.6149048833926	35.2709341269103	46.5411524653899	38.2091339183069	54.3840861242874	43.2433104743686	54.5035731494045	64.631219834362	75.0209732413892	60.8960845333118	63.8719589858418	72.8075921953435	76.6423533417322	83.5698347327017	93.9223451374966	79.6205818906041	82.9465369055872	77.1539570596458	94.7781013528581	97.0758699450224	89.9139816566008	95.3676059482332	87.5177539181845	96.6834076571522	80.8640494381157	84.2886186613675	118.559011815908	91.7996012350884	122.914981137472	161.810864407347	175.240077188081	1850.96224826944	3533.69930558188	390.089433415791	198.051791150015	235.318935248835	281.164258721613	810.075571804025	757.347189313356	297.081744427098	351.822636759422	403.911690911463	268.759622884285	223.14507418895	-71.2471516587148
611.924	137.816581739976	44.9746605842522	40.6662305731508	36.2366993596459	46.8908173408083	42.8862481879087	32.5081983279708	28.6186438334243	33.7075028873972	34.6968411761899	46.480466828359	45.5080428211906	58.6934337245717	57.1870271345224	48.4480334099626	46.5664693417229	55.6279306336082	69.0838763358031	67.0217786631486	73.8901819277898	78.1338640657303	95.7172774372707	95.5326631648565	81.7599154317918	93.519250738324	86.1283224990498	97.2525401855639	84.8993829597228	87.3466511743031	90.11210288672	88.0531293250138	82.0068341927752	88.4446522578266	102.181709849934	85.4988989350544	104.13693105976	134.743607179898	187.929379544888	376.478397300413	3313.12687395862	1797.27822437508	170.031707879731	179.563192405348	223.873968462731	388.690478589687	862.069749449447	463.208153934203	309.351997814006	302.009141094977	359.817886334911	435.676878455951	624.997166740325	1132.92732465798
616.63	87.0406575495991	29.7946479915474	30.4852065592373	23.9829833200589	29.0228457542304	26.4416752974129	38.2494281355545	34.864682827856	27.1878161804038	44.0853688450196	42.889464510481	51.1959084509275	42.1177600401372	39.4823558440632	36.2875080985606	49.484862079407	57.2014324281515	63.1694328097407	49.8193309034162	70.0684907420211	72.8982471396911	76.3520914272649	65.1139842072234	72.9453365828266	61.2839609872991	81.0051008558267	68.2981715518626	91.5268232584666	80.4346487037594	65.5291190086101	68.6309551306345	83.8492736327948	77.860942047556	87.3269016357591	104.407472688116	94.768072051859	135.503256016399	155.331174042565	1390.81736629916	3261.48064856166	425.58269016793	165.195144337626	160.945610643029	229.009613509127	536.925983954197	760.857585560546	285.729351624368	244.80053095878	261.998695510045	189.191165644166	289.824894005604	426.208740896921	563.686919700979
621.338	38.5451185132589	26.472358095521	34.2969170870912	22.8282584827985	21.4310524601108	19.1873334889252	35.1362109725329	31.2729524879112	37.3289906897195	27.6822401906936	41.1551734941363	44.533531299552	38.2676202723213	52.0116444628569	44.8008644725546	50.7797854256924	61.8137182205539	54.2330724401057	64.9777710615419	68.2771518660597	83.0865314749623	63.2226277507725	67.4275916672844	73.5174935722656	62.7608543776701	70.3463387781795	80.3061908248742	61.3904560768479	67.07776813208	85.2270556499767	94.7182819174334	75.1519434731154	76.2656248089567	80.9193314100241	93.4973492143905	97.2801283371183	141.804246412949	288.861707133557	2735.10665641747	1751.87377910362	144.736729970314	152.921086408948	162.785262842929	249.429988364885	643.282977802497	477.740720612762	313.944320609841	265.910042828819	264.053719064426	271.345353279666	268.730322154459	88.872779792761	238.238954955087
626.047	14.7612929152344	8.77608523890966	15.1493314146158	19.3196409096802	24.8536988096449	21.5244686916413	24.1226027241419	24.6560787584488	31.0728023160743	23.4862996123689	23.2582826913577	28.2176504801085	17.8569593333938	33.848279653536	29.8470298104373	43.9444868433651	48.8275385990463	52.7145321938551	52.184377012116	59.8744120011042	57.8660012699826	63.4664297165319	58.6114199930966	55.4921275166422	48.9485943075319	59.9464064904694	54.0527872042047	56.8430199241434	59.3783605860863	51.7554541998391	53.4773003800327	77.7643332135372	71.2724701209668	57.286403516686	72.4051060366554	105.002368912247	149.213269844469	1049.02921081061	2957.43899480936	427.123820608135	119.428421871305	121.195896640906	141.039795118412	304.883258389254	650.262162394328	295.657838568695	229.173405322186	226.953656288516	143.00811622064	207.318960074552	196.6065181484	299.094092562557	-185.024717038053
630.758	13.5633581181228	16.1277454019838	11.3016378241026	19.5269568095354	10.0481599110875	16.316583177768	24.1765722147489	19.9006702150661	22.6935407743352	17.09159561553	20.3382639361165	26.0131572017518	29.8621950685022	31.6536308358607	26.1242713936144	35.471149387419	41.180720946661	49.1552842409321	52.3676135866317	58.9243641204405	51.0288841597199	53.0875676448218	57.0326538990479	52.8723914476839	51.8458877288153	55.3210135914164	53.3320374036323	49.3381635262733	61.6375816633508	50.0643559833745	57.5485842999008	55.050988049024	62.7110278861108	55.9272322095407	91.3066055490028	111.543883760622	193.958840801125	2286.00131315992	1728.21027316405	124.979925826312	114.331005548315	117.703091379184	165.526730915986	479.880004046353	443.995073416912	214.544970318442	150.964548316847	180.434076718116	137.404801127961	209.543665852772	226.536548333773	-166.266992234386	-168.309168253715
635.471	29.6130299531657	45.5045899792416	27.9200890644957	12.4275559205595	25.6111799418233	25.2109558253058	26.8398192204015	29.6286652552819	23.0720507492295	35.1634082183422	27.1485626219474	33.4768320584891	44.9720577181095	38.3405920661128	41.0544002125476	46.3113247868892	41.4970726139545	63.0418686145215	59.6034159971701	48.9459244015073	66.8471566674615	66.4977393796171	59.3246767920016	50.0386465498955	74.4394049966573	53.0914204351203	56.6909774915017	69.0152972240379	69.3028932964273	68.5588322463608	74.3305882294035	62.8490332230114	57.0355312375432	65.3076636006812	96.4878174527511	126.223515700849	785.258032538561	2661.88530859169	502.741567540195	112.100462499683	113.231458071292	111.093706430219	219.627671612976	556.751197972888	313.504821876919	173.726607786912	254.314607603281	214.237728284027	158.240399289153	319.243811690361	172.208821298984	30.4625928719976	263.825527590154
640.186	10.4980522119293	14.6538278994928	15.8264338093342	24.555737214038	22.0787386691691	23.0617454006728	27.3037040769899	22.4440551696118	18.8194525264091	20.6102605519275	25.0660513948616	32.9066165657002	24.8471463221096	26.1461817452079	42.701067030647	51.6916538439577	52.4632804715717	50.319590119888	45.6419454447887	59.8900086668508	57.4613255182762	49.5013330680348	59.0641455428179	51.9355397289894	65.6839151361738	67.1532652730436	52.2007051472813	47.1885684655104	62.2272357579209	58.3191867209537	65.1608927507859	58.1476955846237	65.2589803358503	72.0724122129022	101.846913132795	132.654987910776	1812.05358880638	1666.84068238338	116.201016617522	94.7472023001182	118.397060869206	146.788881450452	319.947714447695	441.985348509291	212.071738929843	171.150630749216	207.089746724957	224.523029758246	189.162654651174	198.956100829141	232.716049171466	122.078240347688	169.919292913643
644.903	12.0029640893469	20.5850941037369	8.93429150353899	19.2394026702772	21.4257066499341	16.3832163069282	23.0130716012385	16.6592444606371	24.000009498356	26.4207897592096	25.0827579483634	22.4017629791149	24.4608970986734	24.8125337886676	38.7430597385782	28.6607795110138	41.7159941778541	50.8945596733095	55.0114643228603	47.5650804559427	51.3040764320965	47.055406884431	57.8604475409522	40.8558684317909	57.4381121233304	55.1434431305739	51.4689383243575	37.4530353411606	50.6818670813873	46.2053573022122	50.3218909774774	53.6132511415877	70.9303730305158	80.9581607322431	110.692802561173	559.167662969647	2322.81997064554	539.053131130103	91.3141750885406	81.3384793025825	84.6767130772415	135.414174818145	404.203691896733	305.647617114743	95.8727410727102	127.140190075991	163.563976848784	141.394732541619	89.2845774315444	45.8497467517675	296.24802809509	123.473149788881	267.339101953252
649.621	24.8139241370522	21.2940098287939	16.6113900060474	12.061803069631	16.2202333222684	19.9944712634087	19.7319167204344	15.9667594282464	17.2056743375593	18.6825998180094	19.1467382576325	13.3067634405194	22.4283785619091	22.8460454109183	36.3929240205638	35.7741274735927	39.9373288365271	37.3763665190113	54.2295986047019	52.7736053877683	54.4692160057811	46.9579418028403	62.8708647194834	59.5616501571897	54.7420540495157	55.5830095289766	41.4212351358928	31.2605019494081	50.0555070367283	57.4941615792645	46.0954131355915	49.4292340227883	63.9416947865106	96.7534260074416	111.55141832773	1459.3877546377	1634.12351452704	92.7934419650141	95.7084068162985	74.9045689281774	80.7939484652331	185.314106343745	397.115111055069	154.63561552564	154.908556861104	106.12744370318	126.497851139383	160.777561203714	136.746591154067	224.744002216244	115.237827228793	344.357576469117	387.319057662777
654.341	-0.475458161542005	9.75231759934745	20.7033099664361	6.12456099399593	12.4317980059792	26.0246977232156	16.1599612436244	24.5106263287852	11.9326966244005	32.9526523381894	28.3328105923302	28.0156195778752	45.8984806351582	29.9257248007938	28.7815319023169	32.7616018071247	32.9959750199319	32.5344160747748	48.3363827090793	49.8249054543114	54.0767207562024	56.9920137758636	59.5907616681209	51.0943030946218	54.8794737023396	46.7499281934239	54.7180538330948	45.0588035883268	58.3383891449894	51.299597330189	60.8546529837039	53.8779699438981	71.022333182461	97.9100277982106	402.067595301835	2032.1270575417	590.642743986953	84.8537056440373	81.4456018384597	67.883317893346	91.3372015381764	289.569270168215	288.058771177288	127.057286205745	164.008499890201	157.130774211083	112.707536564727	120.617142759652	159.513131547823	175.766614109396	242.414028939291	182.800562761693	177.000342418852
659.063	14.3837371312771	8.12403484240089	27.4500126765482	11.6255684382363	3.76091376804227	18.1686654093315	15.4267903069894	10.6472453012463	19.1240008813465	20.39105237731	31.0921419248715	31.5749802218882	45.5885879024825	16.614563169735	19.129226220734	36.9624179332959	24.9551626970523	53.9511117563323	53.5374017376846	48.5551766328301	42.4597468047486	60.2081890920469	45.2641512117336	64.0263069366368	44.2010416873621	41.9050730233627	44.4875558359633	41.6513681233399	50.9164614968106	40.500044996313	52.5999312743406	51.2940642764423	76.0534079923078	110.944565699467	1119.88321828607	1501.02744657876	114.182483483268	62.7781868904036	79.4081881286906	68.9398713681882	130.092607828578	335.495384243241	206.77323418038	115.169566332549	78.4750154053882	153.374011035051	98.9904284527735	142.398230698727	136.253663444783	182.536135122113	375.109392552298	120.22066544085	535.468018729944
663.787	32.5794183902854	29.9216341528793	32.1525997656989	18.4226569275932	15.5749353016118	27.2009121401371	20.2732369506227	17.1615804664928	28.7660824602458	22.7228430847869	20.7380808948065	17.8654266818246	31.764746623476	38.171028987266	39.1357186119822	30.8519713797466	45.6971697549293	48.4315111720521	61.995756555514	60.8056707858659	78.5250486207011	72.5611196220895	62.5275655430134	52.6393304096225	62.686479654709	54.1869651326102	65.4046285884482	55.8575554162032	54.7790117044718	51.42956537924	44.4551389605476	65.3694652760115	99.2690246752554	296.511112666082	1762.13694755354	609.161961201743	87.8784101356078	80.240158388701	89.738724187667	91.5826297738583	216.378700943108	333.954039266484	131.779453855905	118.263520993839	100.127267491893	126.70623344899	183.437423560758	160.966380770102	228.391898390143	187.808758413252	290.666436507287	65.0273261869102	1086.12941218109
668.512	17.6399212641817	-5.24376331772209	15.8047580110909	9.28213512136879	14.4134618284857	12.0839798690174	11.5468687658403	13.407320224514	17.3484028498762	8.7473639614294	20.8974926667778	28.5326708661639	33.0758833677225	14.9006413482778	12.1343235011281	26.0747522836183	27.2748451178516	46.5685113208566	39.6066294225256	42.2870542006596	57.8575175018092	30.7658719401127	41.0749719139321	39.8797687289771	44.0709383818273	39.6143006455092	41.2361733127789	35.5311229502566	36.9172596933049	42.4338106120285	49.9657302856519	68.2861099063531	91.6670433946458	890.309721401162	1447.67589368806	108.762766502172	47.5873888558478	43.5045585502312	45.4461369103152	78.8901728131583	254.205045522696	220.499254852071	73.4188919871857	75.0346013198442	68.1269915392668	144.289021112029	131.141800777498	93.9871993075945	148.918987718534	94.6262137660109	124.913560858673	163.817963559906	-81.0724734647369
673.238	-2.46474353346307	-0.439611884933181	27.0298952106421	25.3994539604394	2.25559653362839	16.3078390240499	13.1801540979704	17.9840834413914	27.3943930249701	20.705983185514	23.3272707588047	23.9204183363128	17.174232210615	26.1460061713391	32.2139710123641	43.383330443547	43.1185877613478	40.1027088723085	33.6835295489249	50.355502700361	44.5104327080602	49.4414505863229	50.9508415228845	51.0263251352505	46.1836927005541	33.7492757974899	19.1466961078553	39.2842194488392	35.0173229974246	34.6413642909311	55.8133002384038	73.9016909906328	191.100387510309	1486.80734544288	637.96477984646	66.1229653341971	35.8014054787378	69.8496522769985	72.7784974527846	114.305954727146	273.391343858746	139.948547640743	112.397234142284	98.4284482801453	90.2262794088236	128.449136253524	141.983499878502	169.280755128031	179.000715759429	244.789913173077	281.664774994987	337.849261460019	509.754455672743
677.967	-5.46220965402693	-4.42836463566719	9.20952506349533	-6.7727012892618	-9.08856585928898	4.18153475540551	7.42602428170353	3.15060830171775	5.34103209371504	9.38603824706058	10.1536199681964	13.0806183945827	-10.8126288740157	14.3979911235821	16.395922032113	4.74280384174413	19.7431204997901	25.6727737417351	27.7237830810526	24.9251483106605	33.6276894821515	25.10450896218	7.67847881120886	32.5667962851583	7.07141281966763	47.0168907412909	21.4301535917504	21.0339632155976	17.4589361351745	19.3863670578096	54.476647629376	55.2211959597845	705.016938272737	1324.27472712657	115.30788810891	32.1145623228448	37.7414067151606	44.9782427573408	38.5359693563054	147.324488596761	201.562348853193	83.0641540438283	47.8765937308711	67.839765601392	79.527082594063	62.0657542136028	53.1597185578292	78.3481477726112	43.1184926114859	49.3170922723557	-144.047945849353	-24.9020052700532	-308.096120474731
682.696	8.53567236108081	15.6720046922988	9.31215870439635	22.8272608443426	10.5026874233603	15.10048214904	8.87401517157479	17.5214578116552	7.65078499980238	15.2904739484814	18.1868583568084	23.3202185876108	22.9595687425766	19.1745393556055	37.301946711082	19.8677302875565	14.5186498975196	41.2288072534519	28.8695433873893	40.2362430222848	31.3868734976643	44.6272036102132	40.8634211835547	42.0548361437962	24.8376018429706	29.2559142911809	28.1696707386231	29.9199129466833	20.175432715244	40.6304589431743	67.7953862447233	137.117719506448	1286.81587836057	640.105190089656	53.1694065520512	42.494819484075	44.522342655194	46.8303694928878	73.1789697847032	209.976410989887	157.488478025769	76.3006340842367	85.6990395777651	63.3191924224304	61.8564274326918	125.514866262988	115.18317002045	99.4149426780656	55.489658896516	49.8666963728567	225.10049008286	83.9317350003276	-124.611853501189
687.428	17.1905382896703	8.56706088702991	-2.85392342907206	12.6426534868075	7.6015129892833	17.6388613860475	9.16510183932846	10.0248830151632	7.47760920703294	19.9102155079763	1.77230714850214	24.885014994826	23.8538386526512	18.2357277383275	34.0843927830048	28.2849788498096	25.2195350772516	28.831021014016	36.2335610958499	48.5315622961306	35.1177992150003	47.4124896171619	23.4547778293535	24.7698577956492	45.8535367990055	30.1966860890106	37.0944626009546	33.3957963810851	39.9070164560416	43.7853122478293	71.113270150859	541.980302756785	1285.37083348489	135.757976698439	55.8352386791885	28.6622457975216	30.7427666767935	32.6473913625486	115.798432386643	212.978385807551	92.1896081073989	39.3100970677538	55.3357357978318	58.4478513300375	76.5256431868713	93.1867481559367	150.783605206518	179.883478302733	115.745405626115	80.9017347573069	53.3346260410774	33.8071013789216	-167.309205285048
692.16	924.685931415764	-1.81338173039352	9.42807665454784	11.1705172858474	5.64900708458523	10.3961482255565	19.1208144984589	6.65233698456466	14.808571728002	26.6910518867068	1.78192729911315	23.6105091659365	15.4969132959599	17.9752078059601	23.429082438254	16.300122038637	22.784036459676	29.7605173431265	36.0066308221689	12.0868332429182	36.632485713511	30.2599894628747	28.9604629453554	26.1093567609979	22.4796980240119	24.4365763423769	34.005005747046	32.4821655764049	31.0046257002997	55.9308359930349	93.306554770231	1027.23021308984	664.6153874436	39.2099102246672	46.1410803932126	33.6884439620133	33.4854428822367	61.0902326996612	151.547529193489	165.748292953785	75.0347755101033	35.331590188137	53.649096695113	51.8964594457991	79.6250166127345	104.461830216285	47.9425331706927	12.5815577505914	28.0901976769402	137.438025864862	-49.1554510514725	-76.4788671248513	-84.1086830074347
696.895	-5.11800698840112	-34.2318075196086	7.84130222942932	-5.04147900409927	-3.68006260284317	-1.84707325435279	6.03032845072239	4.66796359760127	-0.917485335409123	-3.22467729014425	13.7542174481622	5.67662043528677	-15.2306729657355	-1.08583664374748	-2.1123751591022	14.6649846226481	6.65964081072203	27.2387463087423	17.0593655337313	-2.25350275857126	23.1063295799111	22.5361121719867	12.0793838265763	25.0734346276079	14.1931734072168	20.5021042243896	18.7745442615066	-2.20467990195673	20.9325311518318	34.1496918881262	389.077990382017	1081.39561292622	146.349169264208	33.5175152466522	43.7445829306297	27.787603646585	44.9504565846026	67.4720086411069	162.748467278106	89.6558472942813	49.9925756097729	20.4988460251198	16.6708109791191	62.2376462001105	36.0295505146543	44.4538189656283	79.577155626353	33.2508725766345	103.023490355802	112.956218076651	-116.974627764643	17.1107188698151	-127.019797285086
701.63	-22.1928854637788	1.84108144511915	15.3985829932149	4.30181507707962	-4.04844467982366	4.96703584001053	2.33890219228115	-2.45598275083819	8.32695240895893	10.5685172772636	8.7442082865495	-0.357778562895372	-8.99064644883774	3.64995643322517	7.10058676482018	-1.40843482369897	0.746195693432399	25.113861247458	14.1925771988296	18.6344418087374	33.6072769615585	25.2511364011878	-2.94028389484127	18.3518180526359	17.7942651696323	22.1785015640285	21.9026004518762	21.1209568837121	37.7738719650378	79.8656207102125	877.993458302584	622.992016761833	26.4326768485512	21.7822000024039	22.6421817391471	43.268906884603	32.6893641580495	106.458068459728	169.492913960015	63.2356996545008	55.4552463518914	31.0073830251166	71.9523425773204	53.4640276819825	34.5165110946105	66.6959551560414	5.26214740852179	116.560406587738	24.4450973398528	-34.1724281911214	-63.5171204649906	-224.313829547827	-128.090186194381
706.367	2.61147181669649	-21.4259883356059	-1.2634856430861	4.74908913573688	11.9493705885345	-3.7698891447767	7.81080909928934	5.79925386063909	11.9377857587187	-1.09693140060674	14.341361286818	9.4136421700675	17.059339585884	17.3602334604248	18.6826126363199	12.4713891302889	7.5513180232229	12.3102035199453	14.3625412128184	33.5757261607604	21.7662354014538	16.1839041185249	19.9783264689813	21.4605054925142	18.7902901590169	16.7379739766065	25.5459821613424	10.8744363325745	32.6047299495469	303.638825008531	1036.89865845199	161.381184978976	30.092875729642	14.8220535350191	26.8639093809788	9.5914547725319	42.7845498260548	121.316684537083	106.769164755922	42.838277451449	44.2152484507668	44.9146294150024	46.9548301300162	49.399568382433	61.5868681762582	56.4299753119347	-37.2761518748946	63.0177398878725	98.9513639633954	92.2177654532508	-82.6428514463068	-69.8461884764223	-367.268389558165
711.106	11.0840449475638	-6.11913492525026	7.66099548539735	5.99907067730304	7.9353934832124	6.34952114780042	11.4811916277171	3.55816968235392	7.33295370041644	4.15694598204576	6.47553206276928	9.51308397799743	27.2001747350732	3.73268505528066	5.80922092318746	11.5228632756312	9.92041311558169	24.880486799009	15.8337394208324	14.4088026300672	20.621404571491	-6.02547627061194	42.0969826206994	38.7867326692994	3.95599645493857	18.8369218698115	23.1583264414703	38.2731119215275	51.5067215891462	713.726833645063	617.649936346564	36.7779246773385	31.5370889826976	33.0297940964674	33.535379995106	21.4926748203417	65.9691050643799	147.685891013074	66.4365971072912	36.3428965393331	52.7022235661523	27.9795753581926	47.450841462805	64.9770667150458	45.5169383275884	43.6081774049529	13.4535434530633	70.2150672983142	49.9983225469478	43.6837104583398	171.671482231746	432.327089521311	-65.4967165338748
715.845	3.20352020618434	-3.3330509374825	-14.2077031624112	-2.02283266274324	16.4034697532862	-7.70760507105176	0.725878974043482	5.71661219523311	-7.17853360087721	-1.12134783029717	8.73396462206685	4.07134496301943	-13.5637139855651	-1.13276503814334	11.3856240078422	6.5566223432153	-9.26328199908353	31.6635073841448	1.3347486217742	15.9860935253781	12.5160337880356	8.27206959296056	13.9050355799363	12.6566490171164	13.6060494344278	9.33302290960694	1.15211498400367	24.1496135168688	229.482226891904	862.215209905277	179.854714425194	17.6622942645803	33.8010006829812	9.71280472872389	6.86546726645764	21.3151076298193	77.5540634713895	90.4989314577296	29.3076479505621	20.0036654615492	7.53323816009118	24.5295988526634	45.9130344610561	41.6818346973614	28.1900242992567	44.1128553216667	-6.80462072970439	-6.60722484133848	52.6843267538222	-26.5135575119467	-122.030113318255	-89.2511052414509	-441.69807169773
720.586	-49.7792162342942	-18.6164730710629	-9.49558016282295	-33.2577369714813	-6.64783686916978	-3.86347713871782	-3.88107319402516	-9.97612113316798	-10.5549467816707	-11.2416286692613	-12.8211252374696	-7.79207994542401	-25.6414985716686	-6.81365241949286	5.89120337005542	-13.5113354635246	-5.03020731623248	0	-16.503225695404	-1.41407868409014	1.85888208821696	-2.18232521937241	-10.0193339189103	0	-14.0413886550313	11.6955657152902	25.4101596899361	36.5075029751406	554.982091070985	541.044711924642	9.78697658707217	0	10.2799784427644	-0.389487511893335	24.6967555497184	5.12846812121655	74.1325343526745	77.7652460414366	-8.61173748322546	3.2519809869984	29.6276639526873	2.52217210951602	9.76357767402066	11.2502042591	7.53621137676107	-17.0090755506805	-8.18604369617112	-91.0774101634659	-21.1266342897204	-23.6267709029266	-211.736177762444	-501.060905054417	-177.122765008204
725.329	-1.08360532090726	-1.44953959057056	-0.873785526476262	-12.3161827366024	9.91655469413294	2.60713256945284	12.0310618105042	11.3871686513637	0.242817173158623	-11.6635063045419	5.69758506836277	12.7699456644693	20.8425745992635	-7.66325881322821	-2.98160458077133	13.3068444729742	-4.30835265541757	1.64774242908494	18.9623619807714	35.7840598703912	29.1648379858883	12.3703938186107	16.7560110754483	11.5591569929799	5.27911831888621	29.5962896890228	27.669278515329	187.880489109119	815.240186531258	209.602132579661	30.1008195398455	23.6431786415548	16.9573171834696	27.2031161343662	4.91776012817382	54.5070887428418	105.23709783056	62.6810515301007	34.3552166158188	17.0072646027756	46.4547741130363	65.1014897272088	55.061949024168	40.6703962386238	26.6991320207646	30.9905470593224	44.1925247521143	-36.8762449761601	113.339739871098	-20.9261074306779	247.663454434853	108.68253631091	739.561617254882
730.072	2.72588373061451	3.40332212280236	-11.8695650579113	1.23928819828499	-4.98915510711104	-10.4934741349206	18.2825086555867	6.70189727969621	6.1082330351859	1.14498936553586	-0.955511146723834	3.02340487703321	5.14416674198334	14.2653165025834	-7.87545301235478	1.85968237260284	-1.97053772633072	18.6525424604446	11.8117074065956	15.8430385244402	22.7198419596975	-11.1137773797608	7.98648604643092	24.1238497588018	11.0326031759806	23.8244808860301	56.467449000225	482.607223439882	574.652281103108	26.7020420489023	14.1856468138866	21.8718349429838	8.14366597071231	23.0087883084822	30.9274097907483	86.1874083775711	92.5408052528863	33.7358645221711	32.5053336294701	44.7150770710487	44.9689806986821	3.21112305922302	29.123061279311	20.4618359259603	32.6222730539653	33.4934331840456	-1.38961670259827	30.3593665461003	40.8842591902487	9.02418220094331	115.018053685936	36.4531195772506	202.954704636033
734.817	25.804763970586	7.34447887027985	-8.85453474759559	9.15247286388037	-0.717783838703137	21.1355718109945	7.96193735437125	4.136703407848	5.41331101303109	6.63031264574492	1.92455560457148	3.42541773246203	-8.76716289084334	11.2601038365811	21.1499325576469	10.4879718112384	17.8604325779408	5.42667216288616	15.0979499761527	26.1085653390643	-0.476682028257384	12.53557979497	14.7455807533053	-2.60300227880625	28.3940951981215	28.3919521717276	135.05992124053	713.861403556914	230.070478740422	24.163051754656	10.8111068581692	28.9825328913911	12.4972755422898	23.970755110561	28.6547145198702	86.797762854611	41.2659581439555	33.4823842240221	44.6865925057774	22.7938418848913	38.7326773283136	32.9854057685326	50.7897676338993	40.3892119136738	48.3136685648611	11.6312496758861	40.5842695024957	39.0672414349763	36.8397066396628	42.4110813837999	202.707012399857	201.911985563335	68.1306571916457
739.563	8.33110296860641	-6.93436938681921	2.68717661425168	0.841695440861134	-0.726110782189743	-2.67259545147963	2.51696970261164	4.62518691042107	6.72068085968062	-1.16647483225415	2.27136256078971	6.54529407103857	2.41878270853933	-7.07010905350273	4.96676397196904	-1.51566311368327	6.42404614878522	9.71241608251362	4.62821208733216	17.6076322498911	6.75096760922864	5.88760894851069	1.35605844207276	13.6048639071567	8.32564998637806	31.9575301504127	395.098961069376	527.152312954936	35.8673894606348	14.9814173000265	25.3883627732174	19.1549209506841	10.2718324087849	15.357597152306	47.4716851748146	84.7004892097258	37.0542671226625	16.9354051230855	10.5127901174612	10.1231434196231	25.3176074384968	60.8476504756789	23.1567211266057	-0.83383190613918	30.3019735802239	44.7114943378938	2.83138509203928	75.6043522647701	74.5341612931728	55.1611136448403	-4.88234756139381	334.234387161334	-183.789425607235
744.31	-19.0857768296836	-2.5030447964876	-3.1685654479479	-5.10417911651111	-4.77019270079353	-9.45411651655726	3.3070519810513	-3.11643239374866	3.01891187603898	-7.07369458082846	0.655900708090693	1.16740400271704	4.88929826987998	11.1155593030697	-4.6337339743381	-3.44671108320375	5.68115170262043	-13.6574337614039	0.935541223746217	-6.42630733620381	-5.36105613739618	10.5279332214582	-9.59392077653894	-4.87915791352762	-5.46954483647982	107.936846139038	594.342911252036	221.65984839859	10.4724980508509	-4.78156684874918	13.0273163551683	0	10.7809745872577	20.42346193212	81.0978337549825	51.9912455404699	0	20.1370730520263	24.9692522866786	-2.27364448114848	1.21849302651611	16.5318156847164	15.3591104354535	7.58474002955618	19.7587241523473	3.56760303118536	51.5099498797408	10.4199360117603	-70.899979772491	-96.0156210583251	-29.6073558826924	-150.137193217342	-162.535508623271
749.058	-1.7012499671104	11.6316788991708	20.5775235156838	2.1484765379774	1.48275198250904	13.6439104793878	5.6537460933008	6.74631910674635	11.6907661208774	13.9942256208174	8.28254994824034	12.5795716323642	6.17408345998104	9.62499430552628	15.6036353738293	20.5047364522278	12.7082571838064	6.89850618535818	17.011843742471	0.998766773235751	10.3393423413822	14.7972569302237	20.3069855819115	34.9512524219934	22.9518419775591	336.61956679188	487.023093404693	51.7063657827827	25.2281021355952	12.076085836498	17.148471902998	11.1757826613802	18.1519264340286	43.7402410385816	78.9241040205703	22.1862684446299	31.1286384522091	39.6686031345262	48.8388042890515	3.44532160079011	40.6212177622621	10.6884930564696	44.3316575287291	51.0817058043938	51.8977102461056	31.2352199393048	11.563640043485	77.1938015221523	31.3357518589217	143.930881123466	363.904297634163	379.178978333806	140.739957593747
753.808	12.7160940476201	-13.4020764811946	-2.79650769462273	6.13158597425038	-1.5113069820367	-13.906666396689	-10.4775028230824	1.14604007608211	-16.0605718825559	5.76618789280129	-7.76669170328062	-5.20886859836379	4.1953230887867	-9.40158876745038	-0.795206594352984	-1.18299729650952	14.2065097543732	-8.34973806494053	18.7844146600245	-19.3420215227106	1.50549407496777	-0.942639007460473	-6.11533582838433	12.7882272919727	99.6404767185147	540.122886263498	204.547655570056	15.3541646212808	-2.48844654970393	5.7440359273229	10.1620459574026	11.7978287860329	10.6897545240217	41.6384617180954	75.6348788821163	20.3060305522166	16.5962459039631	25.3999323815443	18.5988770180466	21.65531054487	6.90058426798355	17.7032914864719	4.51854014284008	7.80981643058308	-4.06901246268265	-12.2449043132112	7.36645867853844	-14.305528759616	13.6882367951347	-98.8648750005772	-60.9719024087109	-154.592499395004	-717.251715297171
758.558	1.76554009100048	-0.524836490282685	11.3894116107747	5.79713504354756	0.384696270498189	8.49570777313676	0.266700035669932	-0.466750804013204	0	-8.03403677767151	1.37528751419593	-2.03983637710539	5.5530814439858	-10.4049189631295	8.09664786199555	-4.41652264099411	-10.6358882124242	-11.1862504350918	6.86572451983913	-2.0730202072562	1.02191099100502	11.517333219197	10.537192612891	11.6256595969556	308.326189044084	470.645100601334	42.7539313715329	0.845044817803543	16.8912712574137	1.67099204301835	23.1768522167308	9.52702283035459	20.0937456373777	79.22394946985	57.8688222327034	1.87956620928624	33.2989872630747	0	33.4182985564927	47.0776810075339	19.8006820886797	48.5292959510713	48.3072953355803	68.9157041206548	49.7159273432111	19.9480595924522	51.0026742570527	41.8761785047752	109.174043502988	-38.9660920733565	103.467456713971	-236.104876128233	632.920215613334
763.31	42.621009719914	32.6559944883504	25.6551744963233	18.1944575822036	22.3666987355276	22.0255729920092	20.6750097260151	19.7579657342504	13.4515910441214	18.9112734480681	14.7296306097892	15.8131350939628	26.142733615179	28.8679977409819	23.9503743427328	9.82897146357622	24.301374535315	8.67175874057211	32.5147748643295	51.2772038345187	40.131265605764	17.1323836508441	24.4276280602947	103.405382144122	521.915608290224	235.661709421016	27.2022161941226	31.0306805227003	52.1190836956199	54.9684077762639	31.2397248987634	35.0684457992861	27.7550539631554	80.8100816388032	61.2976910910862	46.9713204901017	42.0768646971156	43.0686047387691	40.9048342474943	24.3140339268954	47.5609338957562	33.2363149048385	68.827802167207	89.2211560460733	90.8577159496623	55.9554518705473	117.818587818211	120.715105838747	106.621087525165	26.4974846845726	453.817549161047	-160.554600327461	1191.86183479165
768.062	-5.45320815138915	-5.9438787894598	4.8858854824833	-14.6917415581491	3.56462396200974	2.55117118280671	-1.92209279402774	-4.0846724594803	14.1205357595976	2.2269565533149	6.72574421191582	-5.88039636602412	0	-5.14201307065221	-7.08561276202273	11.9877868035522	5.25615590088481	9.21356622328603	-10.0981442577702	1.06715321370376	25.7770011711881	2.47038095977504	10.848711383422	264.762188276245	438.695927137653	58.2530098821397	6.53731147585468	1.74005499779734	-7.39102213831612	1.29029460678098	-6.3916196075505	8.10282030315612	28.4457137380254	52.4668461255516	22.9152464463796	19.3513320669808	17.9092543207932	-8.69430714316784	5.73437804678143	19.0196666576877	13.1522994888193	38.5436596102822	44.9987308998707	30.0186233505877	21.3273816028032	21.8214111622227	72.5880493780539	-46.8632551639228	-28.6982900422871	86.9224964728731	42.6105364760384	-283.599187817216	751.882732122316
772.815	20.5878869313673	-1.08001688826387	4.88277345848543	6.42354290196874	16.2284992983452	-5.46331336201032	0	6.72341066589025	-7.59852250884742	0.635868031976148	3.53761068697324	15.1113880198688	14.9432869521009	11.9903884527555	-19.9936931014172	7.43595596860658	3.06413802113586	22.5588594119021	12.110054794834	28.2615477332242	5.78298795874872	18.2691752871147	94.6193575611149	436.842515987317	212.854389344826	22.4925091802033	7.40423393516023	9.56420676355537	12.6001835390767	6.87718807677544	9.36840449418599	30.6858667428429	57.7166332431444	37.0118313921977	27.4807809255895	9.18602803879257	27.6138213490189	13.5762021511949	26.9344102378592	22.0732864718871	21.0302755862114	-2.13995053043564	22.0905603744114	21.8178205373622	25.5765567660164	41.0494347226856	20.0647573474964	91.7934757688199	76.480029082289	-36.7514788866459	-31.9375470377293	455.494100915	826.54420935749
777.57	8.03230327547312	11.0203258171617	0	3.74541951013937	5.2505130798257	8.91948915908382	9.24011614258106	4.65531525469325	-5.26124604109446	4.86622452290471	11.1901425529467	6.42476139872406	9.4178203529558	15.2935093955001	3.40020936493791	23.1841341940665	26.7994216772601	8.92562315403377	-4.63384245259177	8.70570493191832	20.921272583723	26.7028106587713	228.296107739301	422.312676458379	69.0017212073267	19.3508512238998	7.11074461486317	19.0747396557342	16.4038007509546	26.3151625690532	4.34517068604085	46.532197639721	49.2241360048034	40.9134939696641	20.0960250412769	30.093166554988	52.7008976787236	12.1905936813233	33.3310009791719	38.790026516108	12.7412628293155	53.1335981996244	13.6855265305076	62.1496681679062	22.8356836747025	90.3171409914354	22.048674362292	9.55761708738957	148.761924863302	160.230017711604	92.3343117081902	-237.553791883125	1150.08132007297
782.325	-8.7833966053279	30.213143333672	2.02361628984736	8.55698358212708	15.5840273316913	9.05686082707112	14.5001127248081	4.97580329473873	12.3715866053318	11.8588096168742	5.86450850047645	1.30474220658977	24.5902293405896	15.5290492181927	6.90515397281108	23.1131780277098	0.907072247628843	-4.29304229690966	-1.56840320632624	28.7292981505901	39.7634504701884	55.2513093468146	426.861163654982	223.083904069571	19.7497070594244	7.76816160657992	26.173439881842	10.8103341289837	14.4055701590328	19.5949967430318	18.0895769290079	53.8725247339868	64.7091647036887	15.9783133412664	36.5401347861899	46.5863531486322	43.9756678371688	36.0097297141488	29.0942584814683	12.0703454627039	44.9407712516086	56.9081941518512	51.4980578981279	57.4554934226296	67.3538260399053	47.8477261374274	20.7890915713417	120.339727708903	185.720964208223	207.699277274534	198.542921331934	-83.8999747789408	1141.84308061512
787.081	-16.749784703145	-10.3413224463058	1.0389618350759	2.44072933792526	0.842223827117893	-3.87496581908428	3.50335277922273	-4.34293723154218	-5.48564561348784	1.35300689860995	-1.12910496125963	-3.57268615678578	7.94912203372848	4.10034835677864	-7.09046619071697	5.27410260061737	7.45132129383257	6.85728369369317	-0.536831375117576	33.4714948018712	-2.79661466662874	198.569271388647	388.508028590546	48.8684291407568	6.27705803080935	10.3227030635535	-0.926753489108875	28.2136408916262	6.47157416773077	21.03544841352	38.509235984069	49.8771474097388	39.8674508664944	12.6569212188859	24.3641266097033	21.0892456815075	21.2178014822076	18.4880577667326	32.3138352170473	39.7921456607807	4.19516705662517	35.6683780239133	27.6991004412353	40.6211708850199	-7.93655260893727	61.4147573348752	-3.28415449371295	29.8957888538102	190.705120090128	127.963956414305	209.534265742227	96.9205290756385	-293.121622996542
791.838	9.01030230095326	-15.4968269754143	0	-19.5067560923831	2.52420268126919	-13.5491286219431	-4.08325127927176	-7.91173569062606	-8.36464646075046	-11.8272427109917	-2.25600343509552	4.9076435377179	-15.4155714317658	-5.4617892315114	-20.8078932451374	-7.90342394570112	6.97878809917057	-11.7438573782026	10.1898299493091	11.3351830321985	31.8502560105948	366.311969924218	206.897065474172	7.11968250058976	-1.92951530578178	1.40626592642425	-8.33263165952944	-20.3309382346665	8.31246533975878	9.59375630589324	36.6611801233804	33.5209321521795	-5.95138454162843	15.9227719484555	19.472256419199	17.9854239362624	0.543514606604119	6.9262474361987	1.82729782100808	16.2923216895522	-11.1761812707387	27.2937650565946	11.7396515373528	28.9867715069174	-23.7863935102245	29.9956551808799	-24.6070917012067	59.7331556083545	160.035777651832	-17.7554060236586	-158.411536739794	-86.0674030524879	425.942131041079
796.596	-17.7014498140386	-4.67738107923703	4.75796563771104	-11.922574686891	5.99977213445313	-2.36607397783269	-2.37685016909262	9.35936371540556	-4.70114148865262	5.50768628523567	14.171766166164	11.3619816024429	15.2275282557029	-1.85458793320271	10.8236874386949	5.36732343903593	10.9005983173369	-24.4247065321397	19.6675192471762	8.66011278675241	195.23871449896	366.736006032634	66.69618542181	13.987178039825	21.1295593359748	14.802723966751	21.6920830560943	11.7673453872172	18.3466044175978	22.8033795288936	48.4110462445616	31.3781278055426	22.8509619899459	17.1741798415034	15.8686512085485	40.8301509021395	20.485505809601	4.11574580286256	19.2346161143266	55.7642674661511	54.0780215323758	14.673992630446	24.7718770583486	43.3076897101667	27.6919981505345	-43.0557454740596	25.0665194531729	168.347256683422	85.3933836609472	36.1738181736607	121.02687455443	164.389365301864	949.144659992533
801.355	11.885119605558	-6.5613817711134	1.36911281143803	-15.8671790295095	-5.17933431247338	-4.08505118681685	-1.79534967169594	-3.3664662970944	-4.81921307397296	-0.594317332396079	2.97580145050443	6.66963676281011	22.1825967009717	2.00122827639924	9.34360413736437	-20.8501636794476	-11.4556495576942	16.3514420201216	23.580677314667	29.9035485356175	277.625564841313	199.828081796436	3.22424630465974	9.83848453971786	20.7853457034716	4.1221058035126	-6.51332272734821	5.68860417435254	0.812194928774798	9.64169890599709	47.363230736882	23.1039000095284	14.4927265018072	23.4740242631745	26.5412219363662	22.1422449176607	29.6330152787298	10.1512538335888	6.96312785124416	25.2155578076621	20.27030716748	14.6675157886783	10.32352803777	32.2875524374543	16.9328928998877	25.1783868464236	109.636599363452	190.850647248016	73.7162799089636	68.6999182067437	149.252964485008	160.83129871122	1428.01703171846
806.114	24.9021553640264	12.1133201928247	11.4092734286503	7.2903255000449	3.3295720580186	-7.82968144139897	7.69435573583973	5.61077716182401	0	4.75453865916863	2.64515684489282	8.63129463422485	6.57262124473236	15.6095805559141	11.2901883326486	12.3556525507837	31.0939059423129	27.1089696649385	16.5064741202669	126.093296325187	268.780856580882	65.071038183135	16.5818381382501	0	5.51447947234961	7.83200102667393	19.5399681820446	19.5037857406373	8.12194928774798	19.6851352664107	20.2985274586637	29.0790465637167	23.7519684335173	21.0030743407351	43.6645909275701	24.4016576643607	5.25747045267786	18.2722569004599	25.1743853083443	31.5194472595777	24.5700692939152	33.3352631560871	16.2226869164956	5.9477070279521	26.8934181351158	34.7701532641087	77.8996890213999	162.83587334005	33.5073999586198	-49.9635768776318	99.5019763233387	378.42658520287	936.404610962928
810.875	29.4298199756675	22.2077536868453	29.2077399773447	1.28652802941969	3.3295720580186	4.08505118681685	0.256478524527991	9.65053671833729	-2.28278514030298	7.13180798875294	18.1854533086382	28.2478733483722	4.10788827795773	-10.406387037276	12.847455688876	5.0194838487559	21.6839080913498	17.212044231707	31.5981076016537	240.225173236127	170.014947672733	35.5352478021376	17.9636579831042	17.8881537085779	7.635433115561	10.3052645087815	13.4337281251557	18.6911280014441	12.9951188603968	59.4571432536487	43.7811376559414	27.4856741492665	22.1416654888721	23.8858492502477	27.3973903859264	23.0460100163407	35.8463894500763	22.8403211255748	16.0687565797942	17.1924257779514	31.9410900820897	22.6679789461392	51.6176401888498	27.1895178420667	42.8302585114807	103.111488990116	178.880767382474	110.308172262615	60.3133199255157	177.995242626563	169.153359749676	208.134621861578	1193.91587897773
815.635	-14.1489519113786	-17.160536939835	-1.82548374858404	-27.4459312942867	-7.76900146871006	-8.85094423810318	-3.33422081886388	-13.9147273613235	-13.9503536351849	-25.5556452930314	-18.8467425198614	-15.300931397035	-19.3070749064013	-14.4088435900745	-13.2367725279329	-10.8111959819358	-23.7295597980809	1.7212044231707	74.5149403143476	216.800726883227	49.6286407946419	-7.84544431995245	-19.3454778279584	-12.5217075960046	-6.78705165827644	-7.83200102667393	-0.407082670459263	-6.50126191354576	-5.27926703703618	23.3007723561596	0.79602068465348	12.7469793156019	-0.805151472322622	7.8246747543915	-2.1404211239005	-3.1631778453801	-0.955903718668702	5.58318960847384	2.67812609663237	-8.59621288897572	-12.8992863793055	-24.0013894723827	-12.5357126172921	-21.2418108141146	-30.877628229207	-23.9794160442129	36.0646708432407	0	-31.2735732947118	-56.2090239873357	-278.605533705348	-274.35927427208	-1053.45518733329
820.397	-11.885119605558	-2.01888669880412	-0.912741874292021	6.86148282357167	4.80938186158242	-6.46799771246002	4.10365639244786	1.1221554323648	-4.05828469387196	-0.891475998594118	-8.26611514029007	9.0236262085078	1.64315531118309	-4.40270220807832	-8.95428729830752	13.9001091196317	9.00086750961689	6.45451658689011	181.099601776642	180.418076164892	20.6376526076729	5.99945742114011	-0.460606614951391	-2.23601921357224	11.4531496733415	0.824421160702519	-1.22124801137779	10.9708794791085	28.4268225071179	2.81216218091582	19.900517116337	-11.1536069011516	14.0901507656459	20.1794243665886	32.5344010832876	11.2970637335003	-4.77951859334351	15.2268807503832	26.7812609663237	11.461617185301	17.8133002380885	23.334684209261	31.7079789731506	10.196069190775	36.8539433703439	69.5403065282175	152.914204375341	45.5240076004441	-2.23382666390799	137.399836413487	9.95019763233387	208.134621861578	-46.8202305481464
825.159	-9.62128729973746	7.06610344581443	12.3220153029423	4.71726944120553	13.3182882320744	-6.80841864469475	2.56478524527991	-0.22443108647296	2.53642793366998	0	9.91933816834808	13.3392735256202	10.2697206948943	10.8066326925559	-1.16795051717055	23.1668485327195	0.409130341346222	57.2300470704257	230.14741059115	54.3247798397051	2.94823608681041	-0.461496724703085	11.9757719887362	19.6769690794357	11.0289589446992	16.9006337944016	16.6903894888298	11.7835372183017	21.5231656125321	16.4712356310784	10.746279242822	11.1536069011516	9.66181766787146	17.7084744441492	11.9863582938428	0.903765098680027	13.3826520613618	-2.03025076671776	24.6387600890178	-1.71924257779514	13.5135381116533	38.0021999979393	18.4348714960178	17.8431210838563	29.8815757056842	99.5145765834836	103.866252028533	3.5018467384957	87.1192398924115	-71.8226417615956	-19.9003952646677	-18.9213292601435	46.8202305481464
