"","500","495","490","485","480","475","470","465","460","455","450","445","440","435","430","425","420","415","410","405","400","395","390","385","380","375","370","365","360","355","350","345","340","335","330","325","320","315","310","305","300","295","290","285","280","275","270","265","260","255","250","245","240"
"248.336",0,0,0,0,0,0,0,0,0,0,0,0,0,0,0,0,0,0,0,0,0,0,0,0,0,0,0,0,0,0,0,0,0,0,0,0,0,0,0,0,0,0,0,0,0,0,0,0,0,0,0,0,0
"252.814",0,0,0,0,0,0,0,0,0,0,0,0,0,0,0,0,0,0,0,0,0,0,0,0,0,0,0,0,0,0,0,0,0,0,0,0,0,0,0,0,0,0,0,0,0,0,0,0,0,0,0,-0.476828888354982,-0.0480223211985962
"257.296",0,0,0,0,0,0,0,0,0,0,0,0,0,0,0,0,0,0,0,0,0,0,0,0,0,0,0,0,0,0,0,0,0,0,0,0,0,0,0,0,0,0,0,0,0,0,0,0,0,0,-0.51456386944451,-0.0146749999001348,0.0479787508527169
"261.781",0,0,0,0,0,0,0,0,0,0,0,0,0,0,0,0,0,0,0,0,0,0,0,0,0,0,0,0,0,0,0,0,0,0,0,0,0,0,0,0,0,0,0,0,0,0,0,0,0,-0.542451728778743,-0.0226470155344244,-0.00459300263579857,0.0359730117726995
"266.271",0,0,0,0,0,0,0,0,0,0,0,0,0,0,0,0,0,0,0,0,0,0,0,0,0,0,0,0,0,0,0,0,0,0,0,0,0,0,0,0,0,0,0,0,0,0,0,0,-0.556609082889519,-0.0343687083510035,-0.0191687396529206,-0.0080386209875361,-0.04579202103652
"270.764",0,0,0,0,0,0,0,0,0,0,0,0,0,0,0,0,0,0,0,0,0,0,0,0,0,0,0,0,0,0,0,0,0,0,0,0,0,0,0,0,0,0,0,0,0,0,0,-0.557913901428619,-0.033064103734833,-0.00441467533294464,0.00447302539102734,-0.00998483787606075,-0.0231251745971769
"275.26",0,0,0,0,0,0,0,0,0,0,0,0,0,0,0,0,0,0,0,0,0,0,0,0,0,0,0,0,0,0,0,0,0,0,0,0,0,0,0,0,0,0,0,0,0,0,-0.560089348301088,-0.0513275711976638,-0.0103021461484353,-0.0086501457190996,-0.0191749591824273,-0.00881168420289358,-0.0130354865487147
"279.76",0,0,0,0,0,0,0,0,0,0,0,0,0,0,0,0,0,0,0,0,0,0,0,0,0,0,0,0,0,0,0,0,0,0,0,0,0,0,0,0,0,0,0,0,0,-0.412782989920175,-0.0589031600802318,-0.0122535231268916,-0.013936607630747,5.25352176312111e-05,-0.0123965807066758,-0.0141461340754011,0.00690229084960129
"284.264",0,0,0,0,0,0,0,0,0,0,0,0,0,0,0,0,0,0,0,0,0,0,0,0,0,0,0,0,0,0,0,0,0,0,0,0,0,0,0,0,0,0,0,0,0,-0.0708963848484637,-0.0168240626181648,-0.0141321635086296,-0.00768328498692369,-0.0251355762697594,-0.014503213050651,-0.0132240999271565,0.00218542031321544
"288.772",0,0,0,0,0,0,0,0,0,0,0,0,0,0,0,0,0,0,0,0,0,0,0,0,0,0,0,0,0,0,0,0,0,0,0,0,0,0,0,0,0,0,0,0,-0.0817430608639003,-0.0162668895959566,-0.0222100402409708,-0.0190060782124036,-0.026029183607552,-0.0232799255945352,-0.0140012190479924,-0.0291565730005869,-0.0134753116980713
"293.283",0,0,0,0,0,0,0,0,0,0,0,0,0,0,0,0,0,0,0,0,0,0,0,0,0,0,0,0,0,0,0,0,0,0,0,0,0,0,0,0,0,0,0,-0.0837174292823863,-0.0139365560273856,-0.0200558725336671,-0.0218646149997411,-0.0243860016541292,-0.0220266690304205,-0.0190659453627835,-0.0130006197471819,-0.0287475344849183,-0.046689981900234
"297.797",0,0,0,0,0,0,0,0,0,0,0,0,0,0,0,0,0,0,0,0,0,0,0,0,0,0,0,0,0,0,0,0,0,0,0,0,0,0,0,0,0,0,-0.096071713046665,-0.0117507857864327,-0.0155503120865095,-0.0220893884636666,-0.0228378806852664,-0.030165768135575,-0.0234951344150537,-0.0261562556398089,-0.0218158530409442,-0.0309254010741801,-0.0173188082873833
"302.315",0,0,0,0,0,0,0,0,0,0,0,0,0,0,0,0,0,0,0,0,0,0,0,0,0,0,0,0,0,0,0,0,0,0,0,0,0,0,0,0,0,-0.113314598010407,-0.00682600942195693,-0.0106801080762353,-0.0160666098167307,-0.0211491476138292,-0.0249999106530929,-0.0223200350522246,-0.0187372077833246,-0.0178081353803939,-0.0187350759406861,-0.0170897979259753,0.0113186513662399
"306.837",0,0,0,0,0,0,0,0,0,0,0,0,0,0,0,0,0,0,0,0,0,0,0,0,0,0,0,0,0,0,0,0,0,0,0,0,0,0,0,0,-0.145216359256015,-0.00493290904189114,-0.00759735555296064,-0.0126994166165706,-0.0178188742866195,-0.0257996092458282,-0.0258173184971261,-0.0205257716426309,-0.022065867550895,-0.0223677453593644,-0.0201711145738543,-0.0264943270787497,-0.0339136206473604
"311.362",0,0,0,0,0,0,0,0,0,0,0,0,0,0,0,0,0,0,0,0,0,0,0,0,0,0,0,0,0,0,0,0,0,0,0,0,0,0,0,-0.161077254143196,-0.00486021057890978,-0.00396797776166674,-0.00857937578455835,-0.0127872732864876,-0.0213871791054168,-0.0242659670239984,-0.0202669709357482,-0.0187976017885963,-0.019283464591883,-0.0177988033121565,-0.0146908528649422,-0.0226795120897567,-0.0338668818012834
"315.89",0,0,0,0,0,0,0,0,0,0,0,0,0,0,0,0,0,0,0,0,0,0,0,0,0,0,0,0,0,0,0,0,0,0,0,0,0,0,-0.133838576622044,-0.00810833659927372,-0.00245199312899848,-0.00442376491587534,-0.00847580520873224,-0.0147882924706204,-0.0233434307851792,-0.0209748514688964,-0.0237069154084697,-0.0212787583873608,-0.0183763531350198,-0.0179674951121271,-0.0169574136137234,-0.0317233201584389,-0.0155162832794053
"320.422",0,0,0,0,0,0,0,0,0,0,0,0,0,0,0,0,0,0,0,0,0,0,0,0,0,0,0,0,0,0,0,0,0,0,0,0,0,-0.058985796180539,-0.0106043339763008,-0.00292555330553528,-0.00328027525466774,-0.00516685873440643,-0.0098293211862671,-0.0209365801518555,-0.0222517732676786,-0.0246749246907987,-0.02451930187358,-0.0239557219928315,-0.0205838167132786,-0.0215426035988109,-0.0261103678829511,-0.0279912289930378,-0.0654002067807369
"324.958",0,0,0,0,0,0,0,0,0,0,0,0,0,0,0,0,0,0,0,0,0,0,0,0,0,0,0,0,0,0,0,0,0,0,0,0,0.000144926070473006,-0.0154813577884695,-0.00217991277229094,-0.00178257802432326,-0.00297220631070281,-0.00581459591837555,-0.0167623181776942,-0.0174427681050475,-0.020157013434545,-0.0210777110766368,-0.0224952901602465,-0.0209519110525982,-0.0155976508370005,-0.0166413003762148,-0.0180336642588062,-0.016406541911519,-0.0155592461691822
"329.496",0,0,0,0,0,0,0,0,0,0,0,0,0,0,0,0,0,0,0,0,0,0,0,0,0,0,0,0,0,0,0,0,0,0,0,-0.000125944878685891,-0.0230321150131283,-0.00225952872307831,-0.00259464999249254,-0.00333300503250041,-0.00419999534050221,-0.0114311483846264,-0.015954860346369,-0.0180542920126481,-0.0224344705436005,-0.0238132003998482,-0.0218961745971514,-0.0208055786937131,-0.0197426254049375,-0.0170616486271916,-0.0213704653201566,-0.0307817079364828,-0.0173003434641375
"334.038",0,0,0,0,0,0,0,0,0,0,0,0,0,0,0,0,0,0,0,0,0,0,0,0,0,0,0,0,0,0,0,0,0,0,0.000117909480424117,-0.029227028279014,-0.0021127654589272,-0.00243219621882367,-0.00256654495733881,-0.00237248019190739,-0.00509216179786127,-0.0120371707118924,-0.0139538025462101,-0.0177125128530467,-0.0217475951415654,-0.021709666664533,-0.0197690041567513,-0.0180369189634557,-0.0160177246047885,-0.0186827975787797,-0.0162627384626023,0.00697086292317704,-0.0114403269948976
"338.584",0,0,0,0,0,0,0,0,0,0,0,0,0,0,0,0,0,0,0,0,0,0,0,0,0,0,0,0,0,0,0,0,0,-0.000170688099076499,-0.0397865347374619,-0.00334645602028679,-0.00265325143775236,-0.00286909006370624,-0.0033288107467988,-0.00254586105938745,-0.00979088105743203,-0.0106859189207331,-0.0146469317255762,-0.0191424346606663,-0.0216775027611231,-0.0215095594039044,-0.0222276473839289,-0.0220640479618482,-0.0201040424219787,-0.0223789122576009,-0.0194677361925054,-0.0133609468280023,-0.0401833557008832
"343.133",0,0,0,0,0,0,0,0,0,0,0,0,0,0,0,0,0,0,0,0,0,0,0,0,0,0,0,0,0,0,0,0,4.37444519304497e-05,-0.0479754002920469,-0.00344130175026302,-0.00226429487923994,-0.00316633046528567,-0.00311934724686943,-0.00375071721894932,-0.00655922522912611,-0.00925131066025858,-0.010442435795221,-0.0148178776450067,-0.0181871906697683,-0.0203905939478193,-0.0215896438619234,-0.0189520427200924,-0.0186746880261053,-0.0124075216914395,-0.0147540246583713,-0.0124487397454618,-0.0191277386982448,-0.0232989161322928
"347.685",0,0,0,0,0,0,0,0,0,0,0,0,0,0,0,0,0,0,0,0,0,0,0,0,0,0,0,0,0,0,0,0,-0.0588012556690594,-0.00300386379028855,-0.00358794531933016,-0.00474935202980115,-0.00460333506373035,-0.00495457968383672,-0.0091296341014039,-0.010339611957366,-0.00836288595423728,-0.0115427134261453,-0.0155734127617211,-0.020394347507473,-0.0207680014935255,-0.0202497554720591,-0.0206053349059484,-0.020149206873819,-0.0180996957919339,-0.0186324762625114,-0.0264524239388267,-0.0343918490525792,-0.0348268986731991
"352.24",0,0,0,0,0,0,0,0,0,0,0,0,0,0,0,0,0,0,0,0,0,0,0,0,0,0,0,0,0,0,0,-0.0699325973737719,-0.00394227100038711,-0.00371335732522503,-0.00420656763682349,-0.0043849886040422,-0.00496173513410227,-0.00550381466188465,-0.0104652749053232,-0.00969224916276987,-0.0104399014311516,-0.0125759885754591,-0.015694371480348,-0.018695201232016,-0.0218571392748367,-0.0200709400976905,-0.01788247616372,-0.0184885816518734,-0.0158233187804592,-0.0170206425645784,-0.017244002280022,-0.0135897466590877,-0.00908777413082532
"356.799",0,0,0,0,0,0,0,0,0,0,0,0,0,0,0,0,0,0,0,0,0,0,0,0,0,0,0,0,0,0,-0.0831836276399525,-0.00469672099428401,-0.00330520466003569,-0.00418531784044033,-0.00459127412495212,-0.00617191666724082,-0.00696806568827388,-0.0117473403309302,-0.00971953204299897,-0.00969173438388773,-0.0112131127657293,-0.0120889075414021,-0.0164385299617045,-0.0176843460027954,-0.0189402761720299,-0.0185449873565968,-0.018919705359739,-0.0162444657134315,-0.0163369802610251,-0.019234737304447,-0.0210936575746998,-0.00329852907546649,-0.0285688490775704
"361.361",0,0,0,0,0,0,0,0,0,0,0,0,0,0,0,0,0,0,0,0,0,0,0,0,0,0,0,0,0,-0.0927159465414342,-0.00554410334069624,-0.00321635649321918,-0.0044455474648442,-0.00551504776565755,-0.00639010702995758,-0.00619775587775161,-0.00975135972970809,-0.0110338966588213,-0.0103738380925164,-0.0122643109779089,-0.0128779700616565,-0.0142115377805689,-0.0168397383351941,-0.0177898126754796,-0.0182116141016781,-0.0194788942315128,-0.0175207877757959,-0.0144974598156061,-0.0151404866777231,-0.0182812908587977,-0.0160404717899331,-0.0258036778042436,-0.0333893918194002
"365.926",0,0,0,0,0,0,0,0,0,0,0,0,0,0,0,0,0,0,0,0,0,0,0,0,0,0,0,0,-0.120175983634392,-0.00533440511009226,-0.00302875096876383,-0.00394746876627826,-0.00491070638296162,-0.00658795997323632,-0.00808588888060094,-0.00945615162081063,-0.0123291889830515,-0.0116537588112752,-0.0117233787216366,-0.0133414231674182,-0.0128907104692206,-0.013664562671524,-0.015853037924034,-0.0173659232273036,-0.0191095901319673,-0.0180567416735633,-0.0164461415457439,-0.0147704479059733,-0.0125584379556657,-0.0151342372878288,-0.0176092314372667,-0.00932817518209714,-0.0314281211126615
"370.495",0,0,0,0,0,0,0,0,0,0,0,0,0,0,0,0,0,0,0,0,0,0,0,0,0,0,0,-0.147304043669834,-0.00889834098771547,-0.0023810004552623,-0.00340394117680979,-0.00474137990933905,-0.00651674869367034,-0.00758357867910395,-0.00955936989600482,-0.0135347629701699,-0.0117672177002642,-0.0123188218839645,-0.0128322164632995,-0.0138590621257951,-0.0138251737569609,-0.0153389170666103,-0.0167379862852544,-0.0182105332521222,-0.0188679334711305,-0.0176780746214801,-0.0175875118160481,-0.0157458064976563,-0.0175255757957103,-0.0210953968811858,-0.0189795457062634,-0.0226011064200451,-0.027608949932361
"375.067",0,0,0,0,0,0,0,0,0,0,0,0,0,0,0,0,0,0,0,0,0,0,0,0,0,0,-0.115513556915753,-0.0102062064344233,-0.00242526486548363,-0.0026466273374916,-0.00460473579969255,-0.00553967494458341,-0.00773986193584494,-0.00886492269686678,-0.0121297082277767,-0.0131388024814763,-0.0132121359868707,-0.0142357369281825,-0.0147650354044063,-0.0146309260079225,-0.0152981103093904,-0.0164958580649543,-0.0166485589261726,-0.0175830158522194,-0.0186966435608603,-0.0177707253476316,-0.0157609242563551,-0.0179116085892181,-0.0159739499473058,-0.0157017162592256,-0.0212762391059115,-0.0311130698201208,0.0213535445556106
"379.641",0,0,0,0,0,0,0,0,0,0,0,0,0,0,0,0,0,0,0,0,0,0,0,0,0,-0.120274969921607,-0.011980775426537,-0.00212192463133312,-0.00281893392413464,-0.00362940763628216,-0.00576695015421666,-0.00708592582999069,-0.00804770462291061,-0.0122020756784427,-0.013786166363514,-0.0133622574163465,-0.0139348550240133,-0.0156947576071571,-0.0164581620406948,-0.0160741298867074,-0.0160757904675695,-0.0164529413045739,-0.0184556317009176,-0.0180774749294621,-0.0186891040632767,-0.0174167155977749,-0.0175701839764542,-0.0177990669954011,-0.0212737651932205,-0.0194075277954296,-0.0211162196299577,-0.022280181007737,-0.027469982710806
"384.219",0,0,0,0,0,0,0,0,0,0,0,0,0,0,0,0,0,0,0,0,0,0,0,0,-0.127575576278898,-0.01557967548054,-0.00247671439623343,-0.00273362996378053,-0.00376513874539422,-0.00495156752913974,-0.00700364930955885,-0.00798746604795187,-0.0105424598597196,-0.0134969870891343,-0.0139715425871076,-0.0148347844192875,-0.0151247955601315,-0.0165997564837614,-0.0167479817898353,-0.0169457065149159,-0.0180712520371594,-0.0181373087699225,-0.0181790171333569,-0.018181765639259,-0.0189742414178519,-0.0174801312080925,-0.0174655542887214,-0.0171594236157179,-0.0193641210460289,-0.0187449868732147,-0.023625471490975,-0.0232896239623736,-0.0321398926302951
"388.801",0,0,0,0,0,0,0,0,0,0,0,0,0,0,0,0,0,0,0,0,0,0,0,-0.127474477683174,-0.0180499520747465,-0.0020354820534775,-0.00228876897243264,-0.00339489297369422,-0.00387137121641083,-0.00598847288715991,-0.00700570545129497,-0.00860832519519197,-0.013542858134728,-0.0126790439715869,-0.0132417107767065,-0.0152843393887901,-0.0157511300600995,-0.015726531949412,-0.017615553185079,-0.0178960043157595,-0.0184141242447285,-0.0174933728870779,-0.0189733474325288,-0.0193565305988879,-0.0197032850406154,-0.0181797154578542,-0.0169697645604884,-0.0167960708837725,-0.0184075299102179,-0.0173732659084211,-0.0225395964462194,-0.0223222645748784,-0.00942689029021764
"393.385",0,0,0,0,0,0,0,0,0,0,0,0,0,0,0,0,0,0,0,0,0,0,-0.13100828089363,-0.0201042284339457,-0.000912233775754888,-0.00156555450398735,-0.00265059503348105,-0.0035089572639964,-0.00475240452625714,-0.00572318242231134,-0.00739602071562457,-0.0113900408334297,-0.0130556832115845,-0.0135481846207435,-0.0144373164814283,-0.015196162535675,-0.0156037856144816,-0.0160630231460791,-0.0167851715968007,-0.0171889915728944,-0.0169474326214806,-0.0169402894581055,-0.0181550075152133,-0.0170911437000524,-0.0180793078204905,-0.0170548051862788,-0.0162924915109399,-0.0184012921127524,-0.0172309512677477,-0.0142419158284777,-0.0167262735843832,-0.0228089191578014,-0.00630752201341013
"397.972",0,0,0,0,0,0,0,0,0,0,0,0,0,0,0,0,0,0,0,0,0,-0.130645729000203,-0.0260168223467538,-0.00205195295976251,-0.00185001777918729,-0.00221519043024193,-0.00388010834791326,-0.0047818220396552,-0.00607350343212298,-0.00687674369367369,-0.0101827490783839,-0.0121486917983134,-0.0127859124681225,-0.0138275338219772,-0.0146702460350045,-0.0154355418144836,-0.0164392378639867,-0.0175132223549821,-0.0182726989271358,-0.0182305135157225,-0.0180208479434071,-0.0172630170703889,-0.0183439205316447,-0.0187375553628274,-0.0181394536351266,-0.018290787076546,-0.0180508090215844,-0.0179087949415253,-0.018820781997052,-0.0243384377583314,-0.0236372158270882,-0.024009993198328,-1.34981870081492e-05
"402.562",0,0,0,0,0,0,0,0,0,0,0,0,0,0,0,0,0,0,0,0,-0.133796888298198,-0.0308801261852131,-0.000448629305441823,-0.00157164958600199,-0.00160757275089366,-0.00223155674414004,-0.00371638774117797,-0.00466897524905296,-0.00614787565367518,-0.00806605427488757,-0.0109133287926396,-0.0104576199965514,-0.0121507072389654,-0.0138069935092844,-0.014480198873898,-0.0150548160692195,-0.0153021366139085,-0.0156174738550723,-0.0164960050526662,-0.0169132856999576,-0.0168403875253664,-0.0180732520090881,-0.0170258653603867,-0.0166236592124697,-0.0159824476479559,-0.015702111478025,-0.0166659665798106,-0.0168463542482171,-0.0171448904822393,-0.0151951453381281,-0.0221957068974436,-0.0104577207073116,-0.0075692882587427
"407.156",0,0,0,0,0,0,0,0,0,0,0,0,0,0,0,0,0,0,0,-0.121745421669386,-0.0362981137153699,-0.00155534024100059,-0.00191705403698883,-0.00193939411010721,-0.00306977619940894,-0.00328896295770396,-0.00504448904106429,-0.0061710453215049,-0.00740644123464957,-0.0106028925573634,-0.0113164836960292,-0.0123324617303113,-0.0132899544530953,-0.0145655706685828,-0.0155660194703765,-0.0158180198076203,-0.0164392411413291,-0.0174929348683349,-0.0177017568482732,-0.0175913031957133,-0.0181875762664347,-0.0188057292483102,-0.0190355098649333,-0.0171825785986694,-0.0179217893499415,-0.0186129181562891,-0.017083527264063,-0.0182111092623957,-0.0201826276408376,-0.0222706382290685,-0.0242016395516738,-0.0330769735997796,-0.0598423839075186
"411.752",0,0,0,0,0,0,0,0,0,0,0,0,0,0,0,0,0,0,-0.112345762380296,-0.0388281297458616,-0.00201096943064098,-0.00157458305084242,-0.00196365585597226,-0.00238990363471538,-0.00322967307892398,-0.00373561711575098,-0.00510809763802689,-0.00598848744104873,-0.00939430995942813,-0.010604919992737,-0.011515643645906,-0.0123337764708115,-0.0140979934194446,-0.0148256554271667,-0.0149140845056336,-0.0157740705602195,-0.016462787536403,-0.0174131195049009,-0.0164010074440129,-0.016987184824988,-0.0169195662220644,-0.0180501977741229,-0.0175561815158368,-0.0175415497579294,-0.0182935821405841,-0.0167384896458849,-0.0181450665724925,-0.0192705517863503,-0.0165290698432543,-0.0193084457600723,-0.0239761887855686,-0.0281000122142391,-0.0392435765060666
"416.352",0,0,0,0,0,0,0,0,0,0,0,0,0,0,0,0,0,0,-0.0422476087881062,-0.00191002065562007,-0.00183296538001145,-0.00203019329118436,-0.00266173586428212,-0.00336140077407394,-0.00422858038871688,-0.00544034274001559,-0.00600695661146687,-0.00865506068608747,-0.011032156587438,-0.0109360401393752,-0.0113403846607876,-0.0132252813621134,-0.0143370235329543,-0.0149521468127038,-0.0158247305214273,-0.0163169469738131,-0.0166701667624313,-0.0163858832496541,-0.0169186882033296,-0.017879046443824,-0.0176055545541844,-0.0174956431964854,-0.0172044948933869,-0.0183845359236728,-0.0174997737947927,-0.0175910912856456,-0.0209172958087686,-0.0202745231628889,-0.024439791575554,-0.0229423457250135,-0.026227844271143,-0.0284583220160732,-0.045061274997407
"420.954",0,0,0,0,0,0,0,0,0,0,0,0,0,0,0,0,0,-0.0408490609938003,-0.00202884600643389,-0.000988451606740539,-0.00166586682808986,-0.00224093373452498,-0.00290452658917758,-0.0039723573461205,-0.00455597841976239,-0.00615625651326674,-0.00702110210171515,-0.0101343464205017,-0.0101328480788807,-0.0108918687956731,-0.0120822843524775,-0.0138444997378947,-0.0146386702911991,-0.0146566934670851,-0.015596796865568,-0.0157932588844112,-0.0157808595199217,-0.0166244014238281,-0.0161255066924126,-0.0172807921610144,-0.0171277287932792,-0.0172961106843464,-0.0167710902696726,-0.017013840061147,-0.0172114924846167,-0.018666152093321,-0.0194871579145078,-0.0199518649619152,-0.0210783636356576,-0.025867677184481,-0.0240367164777975,-0.0206050350225238,-0.0173595004679738
"425.56",0,0,0,0,0,0,0,0,0,0,0,0,0,0,0,0,-0.0406128349640799,-0.00226690002985961,-0.00089410208792856,-0.00133224792111046,-0.00128370118458047,-0.00256451964340485,-0.00297610511910432,-0.00411437717723052,-0.00541723163791396,-0.00573049565793792,-0.00863785128654328,-0.00991856915022364,-0.0100268090907021,-0.011198592316033,-0.0122977083091765,-0.0134212058130307,-0.0140027428837665,-0.014552269938566,-0.014656976071525,-0.0151574137374573,-0.0151104394298186,-0.0148381140386765,-0.0156638860803006,-0.0161266944277598,-0.01578805374865,-0.0162335818206137,-0.0174124716965821,-0.0164021303201658,-0.0183595207280338,-0.0164789912896388,-0.0184593240160023,-0.0199169713861476,-0.0217021605991061,-0.0239968954481227,-0.0220312877830323,-0.0194334530657126,0.00617521299432407
"430.168",0,0,0,0,0,0,0,0,0,0,0,0,0,0,0,-0.0400763989492476,-0.00276098069619288,-0.00119553831255246,-0.00140737918041996,-0.00174988335204237,-0.00261819093216673,-0.00310925281580891,-0.00415532642239444,-0.00505911565573867,-0.00596211712022154,-0.00742704983541588,-0.00941712246328009,-0.00987178629074387,-0.0111113541054884,-0.0119357302695638,-0.0128536597390911,-0.0135203345897894,-0.0142678616097053,-0.0144392754381123,-0.0147253056337931,-0.0146685200300134,-0.0145272554542932,-0.0153384667630482,-0.0154600278365069,-0.0154285053871424,-0.0157909215312968,-0.0164024051331671,-0.0160940274877013,-0.0155894932655177,-0.0175499463420739,-0.019075111387055,-0.0195853054803702,-0.0212768369347064,-0.0216842070349532,-0.0238922847355251,-0.0222533457939332,-0.0219590612810217,-0.00342914109758661
"434.779",0,0,0,0,0,0,0,0,0,0,0,0,0,0,-0.0442005923599948,-0.00354178042618115,-0.00173715780704674,-0.00142369058659942,-0.00176941098936417,-0.00278760262629358,-0.00289930958717781,-0.00383974139343655,-0.00534839822579824,-0.0056091438652077,-0.00713964520829426,-0.00942711312473484,-0.00956584728731992,-0.0110474366248914,-0.0121317213690966,-0.0128477268462081,-0.0134837275042846,-0.0141178547580475,-0.0143094881975225,-0.0150167497279567,-0.0146212473085411,-0.0151050271202524,-0.0155445044794579,-0.0152526425531503,-0.0150739993646288,-0.0159636124826271,-0.0158108397230567,-0.0167219347505525,-0.0170750734715679,-0.0172669358275554,-0.0182842393623447,-0.0206323773159769,-0.0216321176587075,-0.0247205884891884,-0.0258499703027261,-0.0283395797905044,-0.0265068947968705,-0.0307271761158515,-0.0488160334540206
"439.393",0,0,0,0,0,0,0,0,0,0,0,0,0,-0.0505451338237489,-0.00498346319569064,-0.00112485402498457,-0.00124926268017902,-0.00183350971761838,-0.00252856984112417,-0.00287133827128375,-0.00386268468146488,-0.00500508713661762,-0.00566240379163804,-0.00687684069529221,-0.00913578915578247,-0.00872391048595385,-0.0102191573198197,-0.0111592268512208,-0.0125874676913921,-0.0127750165038903,-0.0133815086867433,-0.0140927382480688,-0.0142396666584764,-0.014392294520224,-0.0141671184541543,-0.0141795096442311,-0.0139362691023739,-0.0143521132115461,-0.0148387244163632,-0.015812194968214,-0.0155604530167075,-0.0160012515741402,-0.0166701845077634,-0.0176080743428291,-0.0194844803074852,-0.0193759090622242,-0.0204589890848532,-0.0238612370206191,-0.0242219689167817,-0.0261623897790703,-0.0230034796897545,-0.0367202135821365,-0.0481186079825251
"444.01",0,0,0,0,0,0,0,0,0,0,0,0,-0.052329688127634,-0.00579185821076483,-0.00107428188263709,-0.00137002009639969,-0.00177571054480126,-0.00199339402927515,-0.0031957899734213,-0.00332730159232694,-0.0043007911735754,-0.00465479737051582,-0.00599204672610887,-0.00787431460721795,-0.00915560849882901,-0.00963538974534654,-0.0106029594906608,-0.0116646056044397,-0.0121233292733764,-0.0131240561582284,-0.00805173642213338,-0.0137725508972017,-0.0138970003884924,-0.0147035013010825,-0.0143066192554704,-0.0139417740422457,-0.0136895521037726,-0.0141819993027372,-0.0142957731679917,-0.0149818223185405,-0.0151168218987804,-0.0152491844242198,-0.0162283463422771,-0.0174353925537506,-0.0188907888646442,-0.0209004799858981,-0.0240030842150743,-0.025569484480829,-0.0264062974062232,-0.0256208735603067,-0.0242334907545497,-0.0324136868474188,-0.0520390788268997
"448.63",0,0,0,0,0,0,0,0,0,0,0,-0.0502812514813662,-0.00732820063710883,-0.000790965995779593,-0.000899444025366151,-0.00115614001572521,-0.001605738906153,-0.00229802235745557,-0.00248991498295161,-0.0037532022931636,-0.00430459759517083,-0.00518694057229611,-0.00718784612726136,-0.00846359184607078,-0.00866071826743656,-0.00940593969901765,-0.0107680600579905,-0.012107287375308,-0.0125385526103987,-0.0125698228807511,-0.0132175668822923,-0.0131967743996717,-0.0130566553357996,-0.0135717487676549,-0.0139778095802997,-0.0124978340330238,-0.0133205668390583,-0.0130445753057999,-0.0132384378067576,-0.0131546158515468,-0.0137959031990586,-0.0142750022476304,-0.0156696180125406,-0.0175705553363023,-0.0173663506859607,-0.0200738235493424,-0.0207205685782581,-0.0230493950686797,-0.0231627073018059,-0.0238462201299395,-0.0247087162778979,-0.0274229830083768,-0.0262797698576964
"453.253",0,0,0,0,0,0,0,0,0,0,-0.0468642236112844,-0.00955650752256085,-0.00104831640006595,-0.000792856980569717,-0.00146475847274416,-0.00185971967650794,-0.00209980836185078,-0.00286852835787359,-0.00307294493448423,-0.00416904414266372,-0.00494871693328809,-0.0058789140865788,-0.00760919690253775,-0.00848971581922979,-0.00879765146709223,-0.0100693768694634,-0.0105952711017168,-0.0116804827799766,-0.0126886780058313,-0.0124863320971136,-0.0124055776210471,-0.0133701330285276,-0.0132292529468168,-0.0130121606436735,-0.0128740531498721,-0.012729711774844,-0.0129874190274101,-0.0128184054515737,-0.0128843718565111,-0.0131512150491364,-0.01328503439781,-0.0137687230313406,-0.0152218527644246,-0.0158116427609002,-0.0173036523173667,-0.0206994661344597,-0.0217993710008616,-0.0233719133668469,-0.0253845958318712,-0.0241930928938256,-0.0286092947250599,-0.0249356779694404,-0.0335488399836187
"457.878",0,0,0,0,0,0,0,0,0,-0.0408401568529933,-0.0083966153366799,-0.000857166119820726,-0.00120937865046899,-0.00115548381360426,-0.00138644884541149,-0.00230928948221452,-0.00283750365266528,-0.00348325262715884,-0.00412723726155837,-0.00451654400488822,-0.00584647736765406,-0.00755085510254819,-0.00808937523945601,-0.0082082235696638,-0.00964488764246182,-0.00991692682871403,-0.010645448647253,-0.0113977692707431,-0.012075050817601,-0.012540024227512,-0.0125596237029438,-0.0124617684721956,-0.0122886560456298,-0.0123268402655291,-0.0123340589066568,-0.0121608708980168,-0.0123046730717943,-0.0123229044668906,-0.0125118320176444,-0.0128959413977548,-0.0129641762463667,-0.0134365407852799,-0.0150533570057536,-0.0165905926575037,-0.0176310895366313,-0.0194370157238793,-0.0216983493050472,-0.0232523627065203,-0.0227779805915121,-0.0238179546051678,-0.0256217274542104,-0.0239759891958105,-0.0175043567203409
"462.506",0,0,0,0,0,0,0,0,-0.0375487821589359,-0.00924043721099504,-0.000633221020956528,-0.000773405402573268,-0.000791566279814006,-0.00153146442321114,-0.00166965589168782,-0.00216998639354343,-0.00291102969112592,-0.00335268485222019,-0.00401651834404617,-0.00465194429382717,-0.00575050608406122,-0.00713236862868417,-0.0073099250455765,-0.00847725882944738,-0.00886668332906479,-0.00955335270827088,-0.0105687414863879,-0.011116337465042,-0.0111805054168458,-0.0117155452371527,-0.0113996267602216,-0.0118564189550808,-0.0117444750794702,-0.0116506689870293,-0.0108288481871176,-0.0112890558122926,-0.0110467031316276,-0.0107522778000416,-0.011287033492039,-0.0112910524773427,-0.0120173694268377,-0.0131465763109354,-0.0139620627621337,-0.0141897101551832,-0.0171136366565567,-0.0183638004986408,-0.0194491855766251,-0.0224830904974148,-0.0225217033273972,-0.0244167544084579,-0.0221960074839238,-0.0260554988378977,-0.0113405713916377
"467.137",0,0,0,0,0,0,0,-0.0366080111389432,-0.0112302568629474,-0.000345373474914271,-0.000701125201079372,-0.000757741678259193,-0.00126782421434924,-0.00117221173416777,-0.00198461263821093,-0.00239088846393919,-0.00311337554365976,-0.00377540884618698,-0.0041670847075642,-0.00483261065909995,-0.0063815820013592,-0.00729039089259824,-0.00726865454241372,-0.00849999857039935,-0.00897094141532491,-0.00952203646208617,-0.0101957661192811,-0.0106239414321324,-0.0109666789699656,-0.0114544902764529,-0.0112601069706426,-0.0111401048312195,-0.011134754788899,-0.0116828091141433,-0.0108473485935784,-0.0109331804033797,-0.0105278594102513,-0.0105408098190423,-0.0109391197197147,-0.0109035958961099,-0.0123053702240206,-0.0122557459650733,-0.0136107720896877,-0.0146952414984465,-0.0162067477350596,-0.0177946192001799,-0.0198821760102862,-0.0222482723390044,-0.0229613203587399,-0.0227639013058454,-0.0258217430126376,-0.0215092322770908,-0.0262384541620936
"471.771",0,0,0,0,0,0,-0.0352302579188637,-0.0120593209045672,-0.0003119215332396,-0.000749979884715357,-0.000661954637988261,-0.000945129536220334,-0.00106761417544157,-0.00165722307579282,-0.00198080689033465,-0.00284384256153733,-0.00321436866597406,-0.00360981936565151,-0.00463408472095906,-0.00584949672592556,-0.00622350888436969,-0.00671940260247638,-0.00746694777497081,-0.00830521131718256,-0.00850226688858277,-0.00940162264180235,-0.00982837580943333,-0.0101953557314189,-0.0107534431706387,-0.0108192116607905,-0.0109318645798892,-0.0104598780534045,-0.0105117065573559,-0.0103624065341967,-0.0106901979827786,-0.0102194765461428,-0.00998940850094559,-0.00981888502581031,-0.0100460841696629,-0.0106373448030035,-0.0107199174011182,-0.0117552911560215,-0.0123673065549619,-0.013914874916141,-0.0155173428198954,-0.0181326920831864,-0.0181274618617932,-0.0203095208637819,-0.0179673534048089,-0.0219942134169526,-0.0210890414503004,-0.0224618179880607,-0.0107743796358432
"476.407",0,0,0,0,0,-0.0359710397866135,-0.0122611901661491,-0.00087856067797517,-0.000483868544530612,-0.000827887347693455,-0.00107869958134257,-0.00102590085372041,-0.00219621864552675,-0.00225742692557698,-0.00263070277681341,-0.00298750626812845,-0.00390396364195572,-0.00403079591025749,-0.0047642891557491,-0.00615078440154342,-0.00671666605016391,-0.0071427405297801,-0.00797953708475879,-0.00862389273966609,-0.008856798969082,-0.0095028008654283,-0.0101671179155683,-0.0102553336694051,-0.0104413348876808,-0.0106604676324204,-0.010313473429416,-0.0106779392625101,-0.0102839402406266,-0.0105956796001488,-0.00998005041879843,-0.0102392971027644,-0.00994467974935125,-0.00948856251218571,-0.0101716844017381,-0.0101165957075197,-0.0104051493125281,-0.0116254426152932,-0.0123334289597575,-0.0144199861251715,-0.0160989129422952,-0.0186094393565221,-0.0201682886017733,-0.0216229979321283,-0.0224237800220365,-0.0223987570544354,-0.0267528827884908,-0.0299956589636372,-0.0674509883811681
"481.047",0,0,0,0,0,-0.0135783517394188,-0.000803291981557892,-0.000570403877793293,-0.000619559859969236,-0.000751412742614759,-0.00121604822948198,-0.00161297676396868,-0.0017371848221308,-0.00225866096021688,-0.00299958177497755,-0.00356837755106645,-0.00371634019787692,-0.00423881917909724,-0.0060367372361245,-0.0055710950935945,-0.00696554409458441,-0.00634564024175703,-0.00758484231784964,-0.00822378022538706,-0.00906636799850435,-0.00930461339122406,-0.0100555138351516,-0.0100325260706822,-0.0101187276826467,-0.0103571054587241,-0.00997988307772799,-0.00955738447120878,-0.00990033090223494,-0.00977088990709205,-0.0092809836516629,-0.00972347137013463,-0.00894907069235973,-0.00970810138008196,-0.00941502077694439,-0.0101280806955397,-0.010578830046327,-0.0109858096103474,-0.0120105455066399,-0.0141213848349866,-0.0157953576281057,-0.0184894239548615,-0.0175659660572098,-0.0213711814716705,-0.0229056219248796,-0.0240239856744952,-0.0223485203315099,-0.0248893067897398,-0.165301194533617
"485.688",0,0,0,0,-0.0154061738650307,-0.000830989997809962,-0.00045137081818369,-0.000471271739148702,-0.000431075150604485,-0.000778147231290663,-0.00112785254673177,-0.00154777338630357,-0.00191775227334856,-0.00182415236638339,-0.00299925566941893,-0.00314617614774954,-0.00356056338118837,-0.00471933442095594,-0.00556359121112141,-0.0056857975743157,-0.00637538734089451,-0.00712139467008667,-0.00699361484965556,-0.00778625842708019,-0.00780383360817911,-0.00818492246486697,-0.0089167820949403,-0.0095345003510989,-0.00932281500701751,-0.009379146120249,-0.00950942835701712,-0.00947054047915857,-0.00873798183734488,-0.00886766088311164,-0.00886471670509193,-0.00811056477597252,-0.0088264555867922,-0.00831149872210612,-0.0084648559395542,-0.00886269673925485,-0.00958596919946859,-0.0100514111534572,-0.0112837784852437,-0.0119814818031992,-0.0141917066785747,-0.0157058368585702,-0.0175755433042216,-0.0183022343584772,-0.0180631375974924,-0.0195543597833068,-0.0175919741646034,-0.0528210508039936,-0.249430269671561
"490.333",0,0,0,-0.0168626994250203,-0.000859988030245313,-0.000291571450514969,-0.000337217968178595,-0.000649286286713553,-0.000782029923587506,-0.000732251452242521,-0.00135305976031114,-0.00181559880685205,-0.00203293874573954,-0.00229431811410241,-0.00297565072045628,-0.0033806045392743,-0.00405347574883645,-0.00456213393430184,-0.00504895289204412,-0.00549904401902279,-0.00600057988599604,-0.00602537082096234,-0.00673723875055302,-0.00770026098493029,-0.0081025375275304,-0.00852965169216572,-0.00808912089825388,-0.00900251278302918,-0.00891384039815146,-0.00871402421328873,-0.00862679116608151,-0.00901247538224968,-0.00811035118781168,-0.00867195966567183,-0.00850004911112312,-0.00823938707961293,-0.00806541179537899,-0.00783920827681733,-0.00836061420469093,-0.00905753499269832,-0.00933303649914935,-0.00980525053065866,-0.0114706766539682,-0.0116908187365847,-0.0133161213453477,-0.0155885696473635,-0.0162572299372803,-0.0169001572596156,-0.0176975644690494,-0.0168440071613457,-0.0178385353760148,-0.122782831950468,-0.186226352894504
"494.979",0,0,-0.0196047480274326,-0.00134272932102132,-0.000449141920329557,-0.000674385042239425,-0.000477281358311053,-0.000626545466440618,-0.00109563305050076,-0.0011853814005191,-0.00176696555636139,-0.00149316249644055,-0.00233436872913711,-0.00280768465579369,-0.00342049078362423,-0.00384466092359059,-0.00446517461533948,-0.00464961117238662,-0.00497134579953532,-0.00527421678394718,-0.00619735247117178,-0.00674266222031429,-0.00702111404180029,-0.00735543753166325,-0.00768365364637019,-0.00825303680621965,-0.0084564122234033,-0.00846603757663623,-0.00892861632307656,-0.00838090385872225,-0.00828531777730374,-0.0086246483478753,-0.00822983739002653,-0.00821177805188628,-0.00809567556534398,-0.00821702861238554,-0.00795936238207628,-0.00830582751218044,-0.00817997816680727,-0.00868187683740634,-0.00873524939369539,-0.00949372080235772,-0.0108259260567771,-0.0115642221955947,-0.0138172477337057,-0.0157922454198435,-0.0176784040312871,-0.01987678991287,-0.0205915321622626,-0.0202142842613619,-0.04543725448572,-0.19592513987771,-0.0656200084132371
"499.629",0,-0.019508684838975,-0.00139476520649029,-0.000665458186391395,-7.53249858992372e-05,-0.000587795506284471,-0.000544814428212417,-0.000774395132363235,-0.000985096448915433,-0.00119674137569377,-0.00148853696925859,-0.00211570304676766,-0.00196942411205886,-0.00284660378310336,-0.00305590044419512,-0.0041656503592657,-0.00448651608045152,-0.00458220152934497,-0.0049060292358665,-0.00563511577952695,-0.00621622432809177,-0.00604717977526408,-0.0069074057130641,-0.0069472664352921,-0.00710416313255102,-0.00749623348514391,-0.00781886139274732,-0.00815665913512967,-0.00769605122860012,-0.00786165718795941,-0.00799943212986981,-0.00771362381566187,-0.0073044811738989,-0.00744464475759465,-0.00789030099912666,-0.00731342424263016,-0.00722696748001676,-0.00752142782851182,-0.00745488772706989,-0.00807920128052602,-0.00843679899949212,-0.00950523819124768,-0.00963524902115089,-0.0115082299128366,-0.0138661280023018,-0.0144349741266797,-0.0154218873817511,-0.0162296585485491,-0.01634167942378,-0.0212513211686808,-0.104819174610224,-0.165518106864667,-0.0250629777874343
"504.281",-0.0205656552011171,-0.000477977255549947,-4.69224816388874e-05,-8.67698292027274e-05,-0.000345709544189768,-9.34760408781546e-05,-0.000449524017668564,-0.000636998208881268,-0.000687930019632605,-0.000950765048846608,-0.00119576483919393,-0.00130722602197015,-0.00172372201651838,-0.00233571545179489,-0.00315350815907154,-0.00354070097966127,-0.00349458172021193,-0.00386357953899886,-0.00406463391942943,-0.00435092508139162,-0.00489368999874802,-0.00563526072718261,-0.0059543961999449,-0.00588006447962897,-0.00633084241160272,-0.00717741343864836,-0.00666832752659203,-0.00717792410480335,-0.00697442914919171,-0.00702093506850838,-0.00685231349605348,-0.0066683788168775,-0.00633863793632697,-0.00647566931746789,-0.00642105568977397,-0.00624184733537272,-0.00665675370598456,-0.00643380184069362,-0.00644495671427579,-0.00693210186138779,-0.00729577844208841,-0.00738345837823316,-0.0085806400326868,-0.00974310170927897,-0.0121108570283629,-0.0125439799654492,-0.012449892521759,-0.0149769596622787,-0.0167803800531149,-0.0294650053944224,-0.152413469075671,-0.0542366323882954,-0.00173260240018121
"508.936",-0.00224448312836613,-0.000497500269628837,-0.000248263621313832,-0.000741726720936601,-0.000713672663637053,-0.000604425204173186,-0.000886606937940382,-0.0010014622247937,-0.00111834843295423,-0.0012594859311572,-0.0015622543933656,-0.00209576416949779,-0.0018801843954822,-0.00246772871811548,-0.00382710458346814,-0.0036139399084777,-0.00394400271786357,-0.00394198722863194,-0.00428602844106083,-0.0049488395340622,-0.00511453813392235,-0.00567878995937797,-0.00602926226366132,-0.00627207487632747,-0.00653499515526743,-0.00661555309100053,-0.00708194254553976,-0.00753025944702128,-0.00726360473448248,-0.00703079298298769,-0.00692529652774785,-0.00690761842957571,-0.0068535838632125,-0.00677222605501058,-0.00642485048165073,-0.00624855132803851,-0.00674572921041541,-0.0070836887979082,-0.00678007078991217,-0.00701976001539009,-0.00728484431276184,-0.0082245058407215,-0.00896037236487424,-0.0100469442482528,-0.0126505613143332,-0.013324695213944,-0.0141323676369646,-0.0157337178299843,-0.0168880952449588,-0.0825225953683319,-0.136034364294567,-0.024054207882278,-0.0102600258742542
"513.593",-0.000305663995300208,-8.62837050250347e-05,-0.000395407316846908,-0.000615226109875441,-0.000525695157039027,-0.000799495819064679,-0.000819478386910596,-0.000890658016919871,-0.00107214581054472,-0.00123516704484403,-0.00137967535071709,-0.0017166859712014,-0.00171407183515531,-0.00271217632393166,-0.00367178442460298,-0.00316347869725887,-0.00337399852600591,-0.00361935428155477,-0.00454883406436075,-0.00447333636691618,-0.00510524347347874,-0.00545527766363263,-0.00556141410981878,-0.00606994618979487,-0.00599019992265311,-0.00593149329416647,-0.00673332431845073,-0.00672946639265879,-0.00658063347772465,-0.00612760302317225,-0.00624569118594476,-0.00638058810868032,-0.00551864912952999,-0.00594822998354643,-0.00594892675000748,-0.00565253416137924,-0.00624390495063164,-0.0060457229384255,-0.00585608705094779,-0.00650556389466323,-0.00697137481067864,-0.0075024111749933,-0.00844506416568054,-0.00910357757414704,-0.0105135187847444,-0.0110360882623694,-0.0130995215644835,-0.0143617013692106,-0.0276417971648234,-0.125501372211636,-0.0678189617028956,-0.0146174082100196,-0.0329536252243044
"518.252",-0.000559642938184674,5.66292952617302e-05,-0.000367777407074467,-0.000545614508125991,-0.000523183173152771,-0.000607607016124881,-0.000746589764825153,-0.00119314073691299,-0.00103465914020973,-0.00143449534414726,-0.00134041122090365,-0.00175506519794723,-0.00263713482638053,-0.00295990669159566,-0.00287837462964666,-0.00314226200781664,-0.00321258626518323,-0.00379601684984522,-0.00404657521356118,-0.00428887741271876,-0.00435663935645949,-0.00468374447196378,-0.00486291210760738,-0.00554619830090466,-0.00569038251173549,-0.00552297276042853,-0.00587095793593056,-0.00616205897763227,-0.00634114463009377,-0.00614263393365722,-0.00578128366502626,-0.00560522963539959,-0.00537721551330717,-0.00541784369174856,-0.00558022462352509,-0.00537514030279092,-0.00530613048121314,-0.00576418599047733,-0.00587258183445231,-0.00537673046862048,-0.00649288490317636,-0.00763531967536276,-0.00757533533774529,-0.00869642649231252,-0.00944171815717269,-0.0109979374325217,-0.0135690063293007,-0.0147900258830659,-0.0598695578505688,-0.114853489199853,-0.0186293029245473,-0.00978974866191299,-0.0179289178900964
"522.914",-0.00042127253442571,-6.40665502784704e-05,-0.000205462351168836,-0.000458247766078337,-0.000322779738475731,-0.000704658454110151,-0.000789010347672395,-0.00102580428109581,-0.000939706082458661,-0.00105944499299045,-0.00136624985814751,-0.00185351283741331,-0.00239640317481593,-0.00251447334354649,-0.0023951929791185,-0.00292276555316553,-0.00326848332719165,-0.00361674554753537,-0.00375119673314899,-0.00398348986268592,-0.00386084484306941,-0.00430578908053328,-0.00478253083117658,-0.00506702237751394,-0.00500678908017056,-0.00541485768117361,-0.00532680110038387,-0.00564026262407679,-0.00564186525432891,-0.00522561619715308,-0.00524949380249694,-0.00490610944039105,-0.00505099469262816,-0.00514293510309551,-0.00494540623160223,-0.00508283940163462,-0.00465616032405815,-0.00512322983521896,-0.00514438034283688,-0.00535349359685174,-0.00612620224778907,-0.00638825361431359,-0.00750008441875794,-0.00799837162069445,-0.00985127122243614,-0.011035377600828,-0.0125088779966297,-0.017134951439533,-0.0966511883723644,-0.0562005486612709,-0.011066116165488,-0.0068963176296709,0.00736317474139581
"527.579",-0.000143150560766064,-8.52873736531286e-05,-0.00033989069600762,-0.000379980646806472,-0.000758983615074672,-0.00086269713315283,-0.000857559872589197,-0.0010036116601723,-0.00111392424976734,-0.00132668950548116,-0.00193021482871407,-0.00209250310424926,-0.0025317254990332,-0.00243279151901011,-0.00275078913781026,-0.00283008483679311,-0.00313016833374876,-0.00365855410884709,-0.00341299746380908,-0.00354833071604098,-0.00420621747904459,-0.00414293928880144,-0.00449700143463054,-0.00450662974219553,-0.005036106108853,-0.0050603618682564,-0.00513172347224174,-0.00519416142545981,-0.00516746623097415,-0.00507821848245665,-0.00493563917853586,-0.00504000006736994,-0.00494292739916966,-0.00481237529121615,-0.00482439798878224,-0.00510133548835746,-0.0046423124649918,-0.00540847264272022,-0.00508355937315378,-0.00548222054783834,-0.00575354987282283,-0.00650038873639318,-0.00664500035243593,-0.00779388165525398,-0.00903341260641946,-0.00966068987091956,-0.0119762686304705,-0.0447882480827959,-0.0975944497364604,-0.0188161944618765,-0.0101450596588568,-0.0113515497263605,-0.0191929926736792
"532.245",-0.000421562305050795,-0.000531623919199111,-0.000769634579410826,-0.000693332367724013,-0.000504817380564789,-0.000709961067979119,-0.000897509125045072,-0.000997914609180205,-0.00110409848192639,-0.00145018124529071,-0.00145206078270258,-0.00166130172450649,-0.00239838805894283,-0.00246200950318787,-0.002604271077167,-0.00276117231232318,-0.00255643062110658,-0.00352771373766335,-0.00311019868702645,-0.00306629294954621,-0.00404948927969636,-0.00374273162655847,-0.00390978138423168,-0.00450893491264907,-0.00447794220333818,-0.004546881937892,-0.00453887725750396,-0.0047282141831701,-0.00456508927839758,-0.00472520195468996,-0.00446826290288266,-0.004538757970329,-0.00427660576970866,-0.00430535539840105,-0.00430311010944476,-0.00462717320237305,-0.00457771113448112,-0.00490420184988595,-0.00519226263872842,-0.00483107422178821,-0.00505574695732894,-0.00580872108120018,-0.00615919254981112,-0.00676611875820838,-0.00895406069678891,-0.00959883844065156,-0.0135536180901956,-0.0762601869827247,-0.0468725773721984,-0.0117036555177737,-0.0119214967149924,-0.01488770218391,-0.0124837144921764
"536.915",-0.000288836709476463,-0.000221674611751511,-0.000575681935060961,-0.000693262093042298,-0.00060854215063782,-0.000657679447061395,-0.000788830566395471,-0.00119369097724465,-0.000859848800684177,-0.00125512735314256,-0.00181969007040776,-0.00185976405973855,-0.00191707041775967,-0.00223839157454495,-0.00253210128149078,-0.0027076064189265,-0.00255460233111685,-0.00306923237777865,-0.00299598038034392,-0.0029717975991494,-0.0035387529953384,-0.00362344988319274,-0.00397526913095891,-0.00408341626740795,-0.00420248653923271,-0.00419845996148125,-0.00416670943585035,-0.00424358530752393,-0.00433241853332476,-0.00429183672511704,-0.00415011214653569,-0.00449785155341758,-0.0044211593734984,-0.00380993401659213,-0.00445453991194336,-0.00473667026396052,-0.00412739456107644,-0.00436152541010951,-0.00461946333852885,-0.0049368452269283,-0.0047141310458029,-0.0056111218267612,-0.00558038725372785,-0.00664128621212542,-0.00785030375629754,-0.00848143625125616,-0.0351736915767559,-0.0793307856655986,-0.0179759393045193,-0.0110836048329027,-0.0100921218666358,0.0063717310916253,0.024400171787523
"541.586",-0.000608415906925253,-0.000571021842453669,-0.000294599670643199,-0.000455442735466891,-0.000801086656002967,-0.000645778479042381,-0.00105495764673222,-0.000851375523794268,-0.00109331772039771,-0.00143709108324203,-0.00162355103065768,-0.00156980740868412,-0.00182093461668034,-0.00198234390304223,-0.00204679473381287,-0.00228957840049588,-0.00284196261558654,-0.00249331321539038,-0.00282712497633169,-0.00268376180595027,-0.00332528214967886,-0.00339969938877006,-0.00380222942534436,-0.00371238213186291,-0.00345261404961009,-0.00349442512732567,-0.00420822456579199,-0.00386621766109909,-0.0042362190577202,-0.0040696519405551,-0.00367763123591578,-0.00364022301697416,-0.00380047065518644,-0.00389450167859302,-0.00351587295509612,-0.0037844422646333,-0.00369379658267349,-0.00444750789493139,-0.00371757675604097,-0.00414427011857746,-0.00444098562112339,-0.00515722261532563,-0.00515469088034692,-0.00676534977333935,-0.00772386199143296,-0.0107364522552641,-0.0644904290525534,-0.0460831141179485,-0.0104668194627889,-0.00771569061087893,-0.0096318075753811,-0.0175436489240923,0.00787773954976977
"546.26",7.9214438613036e-06,-0.000305528889902558,-0.000263350097898613,-0.000426956091434639,-0.000341885260893194,-0.000467980558905873,-0.000840195505348653,-0.000990308284505362,-0.00120902273353313,-0.00138010684627136,-0.00128789382554193,-0.00144893299417637,-0.00133449788884936,-0.00175768422879874,-0.00176713575482407,-0.00191922814104217,-0.00228117872417942,-0.00284452982653234,-0.00207606077964687,-0.00270801556429825,-0.00245919601413252,-0.00274782047239941,-0.00293503987851669,-0.00327089741390367,-0.00337674543034465,-0.0035404407539919,-0.00343513834967358,-0.00342134820638188,-0.00324311727526374,-0.00351569767043221,-0.00343113922807894,-0.00334164950097612,-0.00315554458256519,-0.00365187331791085,-0.00326621246726514,-0.00321433948467863,-0.00346185267843496,-0.00355155268644079,-0.00350138862732751,-0.00344131134728019,-0.00438079490525673,-0.00471772594596206,-0.00509176178487292,-0.00566308337094191,-0.00608222237354091,-0.0269680637159768,-0.0665568364487301,-0.0155300316802196,-0.00821868797197762,-0.00781070502639031,-0.00482155710133219,-0.00835136742206979,0.0124278102662437
"550.936",-0.000312356890951597,-0.000644332751715377,-0.000232261238614299,-0.000984502876191527,-0.00080671967393803,-0.000798465663008935,-0.000944396987781927,-0.00128919972687259,-0.00134319437266275,-0.00143869222907327,-0.0013738079776529,-0.00169318955166564,-0.00187598766436853,-0.00168940776061983,-0.00227324458128238,-0.00213588230807182,-0.00213154059847667,-0.0025780710305558,-0.00240688445228907,-0.00299662780237883,-0.00289879839466209,-0.00311771249630698,-0.00319819243644799,-0.00359482608560356,-0.00343293452354774,-0.00334463576635794,-0.00334809712046801,-0.00347063415943292,-0.00379882158193221,-0.00378163209741205,-0.00327159795884368,-0.00341315664202604,-0.00390047271266337,-0.00346957353853597,-0.00345877436719029,-0.00337656356345975,-0.00391246805930686,-0.00395525370898376,-0.00412078443584313,-0.00399352780795277,-0.00453915351777413,-0.00467539030852919,-0.00557188658161753,-0.00513464619728619,-0.00851404176548928,-0.0488401544491393,-0.0416015113907202,-0.0079404885551368,-0.00952889279913187,-0.00971019928634119,-0.0108068334327961,-0.00909373122856449,-0.00660005228391438
"555.615",-0.000856408000990326,-0.000836191202292945,-0.000696996565769203,-0.000792700760309142,-0.000770331997997931,-0.00109819136219051,-0.000936772760697511,-0.00125300394535316,-0.0016331188609617,-0.00121014253421806,-0.00126034360571959,-0.00160430249187799,-0.00179490283621225,-0.0018841654903019,-0.00258873359427709,-0.00231912512213101,-0.00202734661734259,-0.00282597653411525,-0.00230062655986514,-0.00260867072653361,-0.00326848372781659,-0.00302776794894192,-0.00323634688164565,-0.00324114355793349,-0.00327099033266289,-0.00331930492719141,-0.00351914590085822,-0.00368851574352404,-0.00355001607139244,-0.00367593401561408,-0.00314297503199668,-0.00311632982260787,-0.00322474312300365,-0.00337854275085836,-0.00347632881991711,-0.003203592333191,-0.00359740035630211,-0.00392396230196319,-0.0036421998239265,-0.00379855268406474,-0.0045278450694849,-0.0043317361303511,-0.00528839084585758,-0.00675869679327326,-0.0210564003575548,-0.0579589585649507,-0.0171455841372389,-0.00833857263576136,-0.0102336465346793,-0.0087591833406831,-0.0150808682668495,-0.0123179869843074,-0.0302899394377925
"560.296",-0.000148965163693374,-0.00048651425164437,-0.000273495386958028,-0.000445300954616123,-0.000606234236841361,-0.00061670892476515,-0.000703372644738362,-0.00104779148092652,-0.000908480346618717,-0.000907175692046938,-0.00112561552598628,-0.00133033401591112,-0.00154443566187059,-0.00168152653832639,-0.00186463131698999,-0.00177521147928601,-0.00176652299084344,-0.0019637089076876,-0.0018415906251813,-0.00235733996771607,-0.00253391256568922,-0.00216283888153934,-0.00254919064821403,-0.00259406169036034,-0.00219841458291343,-0.00283266119588823,-0.00274211258250682,-0.00268215180693023,-0.00277518480026496,-0.00285118773452433,-0.00258582161520745,-0.0029782515447889,-0.00281397337613428,-0.0026398199211165,-0.00279565860068473,-0.00309820425242531,-0.00276576282160825,-0.00301149265089392,-0.00321834806192076,-0.0035544018699062,-0.00290832092855657,-0.00362691391679171,-0.00408593787135462,-0.00549877440407151,-0.0393042733604871,-0.0375508504172776,-0.00744332164718443,-0.00682338585876733,-0.00766724267891222,-0.00815209437534023,-0.00776255458091766,-0.00070869561923489,0.0028021302272626
"564.979",-0.000567432533914123,-0.00106291581984787,-0.000693021702827023,-0.000816432980091677,-0.000825541997846033,-0.000549152244255542,-0.00120063602071223,-0.0012435089517456,-0.000934500929428336,-0.00105546397469066,-0.00131111843073285,-0.00126140435668544,-0.00144322302901099,-0.00181491648969593,-0.00193330204463748,-0.00201937025084397,-0.00191553848068215,-0.00218464830141915,-0.00215049369925432,-0.002371170022791,-0.00273135843057131,-0.00242090749947949,-0.00261293529985164,-0.00268345902382387,-0.00277597174690949,-0.0027424327000242,-0.00246006512979586,-0.00294623078564403,-0.0029381197413137,-0.00282959543553493,-0.0030617225277071,-0.0026465154876144,-0.0028275302898914,-0.0027367361931198,-0.0027641464826499,-0.00287906469404877,-0.00300984075183057,-0.00291875244304401,-0.00319208302531788,-0.00338313647914612,-0.00381616457583765,-0.00419252904650096,-0.00532655108197716,-0.015814740877536,-0.0498516249519238,-0.0141515917485817,-0.00701819893124263,-0.00954616958097523,-0.00693688630693481,-0.00734047025492238,-0.00953697917293928,-0.00426158975703389,-0.0194135965237489
"569.664",-3.38966175541928e-05,-0.000479452634577949,-0.000535990340281536,-7.80605333872179e-05,-0.000723979302038086,-0.00112203625918132,-0.000936282849198352,-0.00097877649456151,-0.000918664449677438,-0.000855955040860137,-0.00117351951489535,-0.00127083411635185,-0.00100803673805165,-0.00163192122462914,-0.00150124548334721,-0.00155722741847301,-0.00174100149902168,-0.00173365725885378,-0.00222229112756234,-0.00171375221489325,-0.0017130959529093,-0.00191681153504518,-0.00236505429208789,-0.00223058227032364,-0.00215250300231327,-0.00215501436376191,-0.00251447412007939,-0.00252668079651595,-0.00242227397350775,-0.0025336953329065,-0.00278223866177366,-0.00236955738526297,-0.00256639191227568,-0.00224836403882529,-0.00238933903442382,-0.0027118257697047,-0.00239855419629001,-0.00299297365024668,-0.00242556296454047,-0.0031088692418583,-0.00320320123861131,-0.00342810700197695,-0.00482498127260856,-0.0328469599498785,-0.0313707547692583,-0.00675786344614331,-0.00791278530927929,-0.00633132511600649,-0.00436817988168981,-0.00663957016483155,-0.00532815996902875,-0.00828803883185487,0.0106559942750676
"574.351",-0.000313717610674798,-0.000634579476080671,-0.000759153670083696,-0.000215390534718073,-0.000682194478968211,-0.000771785685729332,-0.000842284103638731,-0.000819159210191123,-0.0010288580977406,-0.00106332034729679,-0.001049902781223,-0.00125803572142247,-0.00145375801810398,-0.00124952518856597,-0.00151402388886979,-0.00137937782900332,-0.00152855868552524,-0.0017421051671628,-0.00171800960341731,-0.00232660165809461,-0.00197079324447189,-0.00196751668305662,-0.00226056595451779,-0.00207486423032682,-0.00214546259442192,-0.00242078430084495,-0.00224251464357895,-0.0022922426398005,-0.00221136878682611,-0.00263960601024412,-0.00225681860754014,-0.00252735322320703,-0.00229210378570059,-0.00251468696867993,-0.00233269517760552,-0.00270777380801288,-0.0030290560413906,-0.00298811649146255,-0.00251873574682173,-0.00254975459002928,-0.00342448159696188,-0.0039185433033901,-0.0122952007838478,-0.0415758046758785,-0.0136999008362407,-0.00540614246576138,-0.00590854842777005,-0.00675626029290904,-0.00613375417330254,-0.00541199494727246,-0.00507061940281318,-0.0112401314600396,-0.0254591386058888
"579.04",-7.73510141643396e-05,-0.000122430205661472,-0.000174061475315331,-0.000640919252904071,-0.000794505620808111,-0.00120862862555068,-0.000632598743492197,-0.000694455828352189,-0.000923195233141101,-0.000951574702337915,-0.000999371964249796,-0.00115640596068558,-0.0013427267759375,-0.00121825074186648,-0.00149237555738756,-0.00176002159487266,-0.00175294578337451,-0.0015755565346163,-0.00152692311821735,-0.00168334841702237,-0.00149014536482662,-0.0018735646880126,-0.0014512183367603,-0.00180226471228737,-0.00184359379943578,-0.00177435380550672,-0.0022318741427923,-0.00209773703786415,-0.00213915738826188,-0.00201282660350684,-0.00214461157921522,-0.00226070269810473,-0.00221512627258882,-0.00196378282649271,-0.00222401233565295,-0.00214343339337782,-0.00225976708577176,-0.00265352274239357,-0.00286619150185844,-0.00281607490227617,-0.00307335124920898,-0.00413576872499591,-0.0248393368485859,-0.0277267355050939,-0.00508681503078898,-0.00660535084655176,-0.00607216996157831,-0.00494407820809484,-0.00577876442759799,-0.00823489296822815,-0.00893009121257502,-0.00770722002500624,-0.0177268395553771
"583.732",-0.000181140165719887,-0.000284733709282079,-1.08657945261039e-05,-0.000698239854779206,-0.000583208592841022,-0.000483741427992103,-0.000687195773661573,-0.00063415773976067,-0.000747977688696532,-0.000583131583921751,-0.00113658560164755,-0.000812201353622631,-0.00123865169836724,-0.00106176848629632,-0.00103912357303899,-0.00110660389257217,-0.00148379462769536,-0.00113374158115326,-0.0013859465915725,-0.0011399152533515,-0.00176943244607767,-0.00159713720508904,-0.00180450776695924,-0.0019843802484064,-0.0016033114148438,-0.00189904003125326,-0.00163846672336339,-0.00186367832535054,-0.00184980609979374,-0.00205024318357422,-0.00172189703151982,-0.00178370861384928,-0.00234598993962779,-0.00190736719423479,-0.00227092379908228,-0.00149567681919254,-0.0020774263599006,-0.00239967794321129,-0.00245148601487515,-0.00229160852797089,-0.00283987247153545,-0.00817114915763971,-0.0347966791336911,-0.010070545549703,-0.00431282734188583,-0.00462677732082011,-0.00537922945514906,-0.00570104484659009,-0.00636562902979417,-0.00554151233191331,-0.00299936414467911,-0.000443464114004873,-0.0142045892125717
"588.426",-0.000450287341162932,-0.000410563203857272,-0.000430959481443912,-0.00100791928097525,-0.000804496514806469,-0.000631686093875544,-0.000592470172820821,-0.000640643014282086,-0.000747817417450032,-0.000749207029623643,-0.000717729997859786,-0.00132003366581542,-0.00082381627300317,-0.001183233580609,-0.000948644768273568,-0.00162666762606536,-0.00151635886839242,-0.00110646873513424,-0.00195552382947561,-0.00145856881770368,-0.00156739396756993,-0.00219174035471174,-0.00137622839291577,-0.00162454244853344,-0.0017869346498599,-0.00144094375963565,-0.00169036461778801,-0.00210313058398655,-0.00126230305392392,-0.00215908864707004,-0.00147474068892436,-0.00151238971829605,-0.00191969925184007,-0.0018414446284233,-0.00161353318308976,-0.0019326162262465,-0.00208073942720281,-0.00218631820385655,-0.00230805833060242,-0.0027606956281063,-0.00302411167064334,-0.0196881612303563,-0.0269868078065037,-0.00379684920933846,-0.00392229525844081,-0.00418948108573398,-0.00538365427895994,-0.00489126819854117,-0.00715841245279944,-0.00498806575619459,-0.00393898755318677,-0.0130857020981995,0.0109777633684804
"593.121",3.40330816427752e-05,-0.000522325728263319,-0.000923413926776629,-0.000502802586820607,-0.000415679994843351,-0.000372784852472367,-0.000607192548119085,-0.00059230218702998,-0.000673793952957014,-0.000506567158007223,-0.000579302146397272,-0.000892544922801238,-0.000897286480632492,-0.000794924355601097,-0.00116350315871532,-0.00117712780875743,-0.000951119507706016,-0.00099279084865615,-0.00113889634638842,-0.00128171389694027,-0.000909105749455939,-0.00132187400325864,-0.00109232726639749,-0.00124697892024451,-0.00165223476419751,-0.0012769128288529,-0.00134781192116637,-0.00160718842484281,-0.00141859198629658,-0.00160116849572607,-0.00129226489903178,-0.00178966855465184,-0.00158820282160826,-0.00145144869817524,-0.00148328451443471,-0.00169167528114024,-0.00184083102176977,-0.00163430332372481,-0.00200594796832245,-0.00271260670400618,-0.00503573775728449,-0.0288727066556961,-0.0110837928885538,-0.00394893531958807,-0.0042349927972914,-0.00322631307243674,-0.00581066726976361,-0.00603115279166338,-0.00250247653218026,-0.00301788040671101,-0.00232863525631687,0.000735502810130133,0.00146400532703136
"597.819",-0.000780350391753183,-0.00152343869129744,-0.00116671188199858,-0.00074985485245367,-0.00122430653923513,-0.00119718405374524,-0.00100323377981714,-0.000827833077831221,-0.0010575569955765,-0.000794301313594795,-0.000991201517837168,-0.00106774939842241,-0.0013984961891271,-0.00149941655695456,-0.00150808319156902,-0.00151909048797762,-0.00157741935424893,-0.00180427329125369,-0.00187492002560594,-0.00240852556004969,-0.00210171863379013,-0.00211568351545097,-0.00177650267117636,-0.00182931842418345,-0.0020300677957598,-0.00205096422326262,-0.00187898029682581,-0.00198169530840393,-0.00199282642132655,-0.00198394220280894,-0.00179296408872381,-0.00197320180566161,-0.00230295028628282,-0.00214876940052571,-0.00237393115342626,-0.00247216774403228,-0.00233341442697887,-0.00209258131371638,-0.00287344331077312,-0.00302242326098368,-0.0173696037790418,-0.0241975443644924,-0.00482739267347503,-0.00414520005723974,-0.00461679202115657,-0.00559707164409249,-0.00694660818180029,-0.00768285706292637,-0.00706257668451154,-0.0107223509096979,-0.0103828072400611,-0.0194767664239712,-0.0462522418620167
"602.519",-0.000161331138372761,-0.000764871455545821,-0.000129101763050607,-0.000100681618402008,-0.000155912935348908,-0.000420419868681457,-0.000403862279308745,-0.0005201699037209,-0.000548775699954866,-0.000661698562073979,-0.000458372439065712,-0.000525941347784921,-0.000749618303121757,-0.00078100500883749,-0.000687003149113048,-0.00109707139749177,-0.00110470819283912,-0.000510169657397672,-0.000596159844368863,-0.000918381555553394,-0.00102088961121491,-0.00126826828686809,-0.00155303030059944,-0.0011733760877788,-0.00150308036296172,-0.00139117637468899,-0.00119490411031191,-0.00148366818822449,-0.00144467808528329,-0.001636001420589,-0.00121713223540397,-0.00123045295618596,-0.00111343353908093,-0.00137527403433968,-0.00151053365260054,-0.00158828090132116,-0.00158281425819242,-0.00115769905937392,-0.00189165009143229,-0.00395014747865923,-0.0237219249613203,-0.0109744537849474,-0.00251943940808209,-0.00295284988665077,-0.00324747280462343,-0.00373807007679426,-0.00446050828423757,-0.00369244762042017,-0.00387619601932249,-0.00315826522713647,-0.00637292042060382,-0.00150073699615234,0.00112114572086273
"607.221",-0.000722966427805984,-0.000864944739943294,-0.000373143886534852,-0.000802579148578298,-0.00051791818253411,-0.000439861357698737,-0.000947630726498496,-0.000503671868489521,-0.0007608486255489,-0.000616232279254519,-0.000955918583716377,-0.000931414606468529,-0.00110532920306566,-0.00120966985307777,-0.000742232473753266,-0.000742081490701435,-0.00130130640563026,-0.00119166457472452,-0.00146132644876278,-0.00102856281306832,-0.00166518053469744,-0.00126493154930919,-0.0017772021496972,-0.00181071458561888,-0.00117589441264031,-0.00131896014590806,-0.00158377324828156,-0.00166325727280322,-0.00153440652531986,-0.00113847671425375,-0.00132208945454117,-0.00119139850115871,-0.00140901033556672,-0.00149132642945227,-0.00172633346125075,-0.00163099855328372,-0.00159707768660901,-0.00160012347121078,-0.00211984818607322,-0.0130501211549635,-0.0224354160710071,-0.00313407509668509,-0.00247243382581468,-0.00345025909808921,-0.00348155425787752,-0.0041672049048102,-0.00432098292467016,-0.00597922939582712,-0.00629328175961072,-0.00781661637581452,-7.97838560759e-05,-0.0122457975740135,-0.0274658947477122
"611.924",-0.000199271898439653,3.95825735841306e-05,-0.00054325313818219,-0.000537868710579087,-0.000575647860569857,-0.00058478442754226,-0.000618720131952363,-0.000337853643198001,-0.000450361113464315,-0.000329860098425549,-0.000529932785725051,-0.000473319152925592,-0.000913706257046198,-0.000877926250730652,-0.000619521347886053,-0.000657023008643246,-0.00111864159970664,-0.000642718781772658,-0.00113855481792582,-0.00151394540006191,-0.00141490856604047,-0.00152678017116925,-0.000930396889850262,-0.000988930109255306,-0.00103886462260981,-0.00123978259240433,-0.00108119511775735,-0.00129832460306493,-0.00063906691652947,-0.00139839619925807,-0.00125255520802181,-0.00127251546471492,-0.00102535356317714,-0.0014205882362524,-0.00151141664533056,-0.00145253820722992,-0.00138431805442401,-0.00176898694681274,-0.00299303482354675,-0.0210393528712058,-0.0119078369541616,-0.00232557889376788,-0.00155397043013023,-0.00197822205153927,-0.00255814517135334,-0.00301707931229813,-0.00383345881776013,-0.00300411438807033,-0.00452304352230258,-0.00251355701302943,-0.00184343516734493,-0.00335662855912998,-0.00949776442208865
"616.63",-0.00053644030303183,-0.000857951213227423,-0.000615116449322972,-0.00037868698732024,-0.000528785315065288,-0.000421989192493834,-0.000490026255727771,-0.000553885013490486,-0.00061824944328672,-0.000162396515648283,-0.000737347909561623,-0.000831309396921808,-0.000732728559259761,-0.00100371344117395,-0.000801561905804383,-0.000943814228015373,-0.000973421149339789,-0.00121650325958063,-0.00139374094697569,-0.00125850296952678,-0.0017632159208693,-0.00139538355291882,-0.00114079674984894,-0.00156104295528019,-0.001289103743256,-0.00138644561975936,-0.00134200461751748,-0.00139762544393988,-0.00108338174919666,-0.00140759247446339,-0.000908321721998308,-0.000966603213357916,-0.00141898983437878,-0.00140999940762154,-0.00138386721664248,-0.0017233333954187,-0.00172289140028663,-0.00160905855707001,-0.00991600394515047,-0.0204894271600966,-0.00374723611575528,-0.00152466376747146,-0.00188092496623237,-0.00246601512907839,-0.00232568941620167,-0.00470050443110469,-0.00303634017494247,-0.00289547195364582,-0.00493654698587412,-0.0037622825021928,-0.0051065096359906,-0.00833581815457191,-0.0176694929647053
"621.338",-0.000256738565542115,0.000374591075374026,-0.000140759996324075,-0.00046516955094973,-0.000168275676421553,0.000203714622833815,-0.000244987533267425,-0.000315439582054608,-0.000287238069155146,-0.000418064080941937,-0.0004067024995985,-0.000336750999973646,-0.000565573272576135,-0.000473929499241555,-0.000315956891352693,-0.000431982988480872,-0.000795640954186044,-2.12878169227084e-05,-0.000572976832933975,-0.000614287424843047,-0.00115609431954539,-0.0012942490489048,-0.000806596239368598,-0.00084848422509684,-0.000495035544839895,-0.000849598649337282,-0.000634015081278559,-0.000441216265300976,-0.000756636222072999,-0.000924175288452959,-0.000947730101808339,-0.000677364627975571,-0.000862115079646378,-0.000960793280731396,-0.00089529053965753,-0.00107757200249489,-0.00148847002068817,-0.00181956996985978,-0.0175285698636789,-0.0100968380378505,-0.00157463138353166,-0.00113618804780294,-0.00141555411181604,-0.00204194869636472,-0.00337851777107795,-0.00323607048660743,-0.0019535467372356,-0.00248898471234075,-0.00373147242528147,0.000255306820476863,0.00105790360697307,-0.00358642343590503,0.0170319563324288
"626.047",-0.000120333174447583,-0.000181305164528256,-0.00045431616808819,-0.000686610213878761,-0.000139223700839188,-0.000479380008954437,-0.000511160211968077,-0.000431812712185554,-0.000492462128839472,-0.000169938145144232,-0.000399532820674424,-0.000640637879922916,-0.000604444884921172,-0.000556403660924741,-0.000822093274484499,-0.000953990111463699,-0.00132502459152604,-0.000724541660045468,-0.00143347668584224,-0.00115004341636899,-0.0013678559824218,-0.00105739981995918,-0.00138661139059567,-0.00126643158543892,-0.0011173926464459,-0.00105298430713132,-0.000926076994487526,-0.00129590637021475,-0.00106261475407914,-0.000624313550766315,-0.000969810818908936,-0.00106830962953585,-0.000890121672809074,-0.00143465122198104,-0.0011139791645078,-0.00167230652848622,-0.00197211548716495,-0.00807979945070821,-0.0180835725015596,-0.00303233204786432,-0.00156979834658514,-0.00185740231028395,-0.00208366674608203,-0.00127857335025433,-0.00406630558571353,-0.00210751253978189,-0.00270978266508887,-0.0033507969269601,-0.00483841265410334,-0.00206950921892748,-0.00354555571122272,-0.00141877185778243,0.00273802826385804
"630.758",-0.000476343078503753,-0.000116623356651326,-0.00017326554691047,-0.000467097223416466,-0.000421567917748137,-0.000270255719544956,-0.000262497771988781,-0.000258901973067681,-0.000309564198417415,-0.00058315601481152,-0.000180142200212321,-0.000297819174080982,-0.000285126233579351,-0.000344215249260955,-0.000193324920504408,-0.000255496883866252,-0.000351796229469554,-0.000426671071731361,-0.000272940150948781,-0.001005639626034,-0.000642527885461792,-0.000740515932085858,-0.000251690054504291,-0.000688114878852432,-0.000729538960749915,-0.000559685333393533,-0.000929003782809618,-0.000544287324537507,-0.00080551106970123,-0.000670737466350798,-0.000776301241642741,-0.000895381319462618,-0.000586481785731507,-0.000592340940723118,-0.00110480255493575,-0.00160058509131483,-0.00139251990148073,-0.0153593107623552,-0.0103404481948805,-0.0012148457029583,-0.00128151007830232,-0.0013251775196798,-0.000783274220554552,-0.00260127262912461,-0.00227630018698745,-0.002411170634517,-0.00197016902928252,-0.00216058481798515,-0.00272512323889568,-0.00407760749592028,0.0028322164052244,-0.00524210401616995,0.0114602048710094
"635.471",0.000301067881600848,0.000217916122589365,0.000287971752409168,-6.45854996778831e-05,0.000270505193413659,0.000152995232023649,-0.000149460192311463,-0.000111910596252043,-0.000324677148268325,-9.39729841403904e-05,0.00012610674975509,0.000149779107271748,2.71920116238726e-05,-0.000107135919108753,-0.000130164247016264,-3.87427372524754e-05,-0.000538419354482704,-0.000594723202638405,-0.000691046542928239,-0.000614960725930069,-0.000401902245881594,-6.12437674715033e-07,-0.000261285935660609,-0.000767893305210073,-0.000424168358813732,-0.000185964728029888,-0.000332730259357311,-0.000345507869345322,-0.000439750874649734,-0.000528683634751764,-4.80119928294694e-08,-0.000437801340389402,6.52576100158581e-06,4.09603497901661e-05,-0.00102769032859775,-0.00061092220195744,-0.00443426410934368,-0.0162315993107821,-0.00199296460594975,-0.000573708274437217,-0.000696758976382514,-0.000456166563778459,-0.000998587983880872,-0.000971287314253839,-0.00142980126658387,-0.000982756118353096,-7.1573180018799e-05,-0.000382274125096375,-0.00195618716499747,0.000156982176787177,0.00184623780662859,0.0180721108776417,0.00915040051903881
"640.186",0.000414567339156044,-0.000227138206711567,-0.000205199806874819,-0.000443392616409632,-8.03655564852252e-05,-0.000301262682770368,-0.000277985420993151,-0.000395804717953135,-0.000215523516288039,-0.000193085601724439,1.07071033272815e-05,-0.000150744625154154,-0.000260524146239494,-0.000367543867007213,-0.000637360019754817,-0.000818830367390954,-0.000778578265311779,-0.000280068663442275,-0.00017336218000128,-0.0009071953149856,-0.000641169517771829,-0.000917235021700709,-0.000999805176610022,-0.000582896430766116,-0.000679911710856123,-0.000613351879454593,-0.000876747573939356,-0.000217357133125722,-0.000623546124395193,-0.000952073917312632,-0.000976331483753358,-0.000531709825978647,-0.000686253311556588,-0.000996688046874028,-0.00107266408396832,-0.00127649536500302,-0.0111543385438007,-0.00954369021674972,-0.00120855737480763,-0.000919779292355196,-0.000882916603985847,-0.00149394533351016,-0.00111099177815085,-0.00197129504893487,-0.00175186117101929,-0.00402388236115151,-0.00189169780377969,-0.00312455409606189,-0.00271358365844821,-0.00226990457307454,-0.00109761557241558,-0.00384821544344382,-0.0155636503261724
"644.903",-0.000181245653580734,-0.000594693587794005,6.14455777086147e-05,-0.000556618867848668,-0.000517748372261809,-0.000230204120434078,-0.000337118526208589,-0.000441731546480098,-0.000235038755013251,-0.000405358461680919,-0.000568209308727674,-0.000304157121961671,-0.000693108443449584,-0.000365115260774184,-0.000578707884322295,-0.000293447071187212,-0.000828796228783143,-0.000588092634784263,-0.000890869443429705,-0.000488534810665322,-0.00080551773534343,-0.00119255102525084,-0.000769975297591604,-0.00106540589784271,-0.00106009134208402,-0.000696650463164013,-0.000481228991775479,-0.000576139718720914,-0.000527828505799547,-0.000759466187521377,-0.00053743628820724,-0.000833589479591447,-0.00107508099425837,-0.00104290857887784,-0.000759536204487243,-0.00394355325382029,-0.014772796740381,-0.0031659807722514,-0.000977854598496371,-0.00138598376105849,-0.000737293318310022,-0.000811774156123642,-0.00152323942726544,-0.00170874957202181,-0.0019255305954295,-0.00168871995459558,-0.00240447040836001,-5.93577332292864e-05,-0.00121979190796708,-0.00346966077064569,-0.00144721619639239,-0.00535361635389613,-0.0120989044559182
"649.621",-0.000183956934751742,-7.78106158073158e-05,-0.000483173637456244,-3.72292109687244e-07,0.000322226389354695,-0.000437573547668681,-0.000333172629779594,-0.000180069860935239,-0.000324878935102211,-0.000395979760473149,-0.000271314230599552,-0.000704137540010994,-0.000288342637267403,-0.000541201434491471,-4.69422283941115e-05,-0.000462991164701551,-0.00051144892544867,-0.000309405869374308,-0.000637249502223829,-0.00106719858424831,-0.00124625128495985,-0.000727619667056879,-0.00051306820386443,-0.000681932303506294,-0.000479497482512992,-0.000650199999945467,-0.000815632521855715,-0.000681758283144991,-0.000556264342052723,-0.000364619537423679,-0.000340675574113698,-0.000845373685609539,-0.000738459170339395,-0.000655883416291831,-0.000924459009683807,-0.00896217652357092,-0.00918005497980458,-0.000339429893142051,-0.00105597336808264,-0.000727324846018101,-0.00117963479981903,-0.000422885765930016,-0.00111352476278113,-0.00158917993583222,-0.00181561397496788,-0.000514852467910265,-0.00179113508725551,-0.000816083140827253,-0.00073456153191874,-0.0023819898471827,-0.000864241720554628,0.0041031249778565,-0.00736604212597832
"654.341",-0.000412409108762422,-0.000560048528020218,-0.000522529971114937,-0.000386960906787632,-0.000520234380203472,-0.000526851494838972,-0.000267228175880218,-0.000388951021725721,-0.000228713696387015,-0.000690554584905389,-0.000395803306495536,-0.00041564828086865,-0.000449826830286816,-0.000146476048789908,-0.000325298361237042,-0.000664819007183708,-0.00071132644765079,-0.000747558330384766,-0.000475562422126984,-0.000910375874612781,-0.00069299332612044,-0.00142885959878053,-0.00123362863100526,-0.000988296238204052,-0.000973799183287903,-0.000774947646365794,-0.000707919494503023,-0.00105954901005704,-0.000875364504985983,-0.00057969184789415,-0.000608835053504306,-0.000830821676392541,-0.000932169511110301,-0.00106693022278259,-0.00261610085819826,-0.0128566508401842,-0.0030632532785758,-0.000989362873910801,-0.000895210121159257,-0.00195648717152698,-0.00158301872466276,-0.00134683296965119,-0.00178833959246324,-0.00198594701267753,-0.00243575327141529,-0.00247323979346622,-0.00361379554581146,-0.00285578900323949,-0.00388659965844659,-0.00373827238992727,-0.000701847546916377,-0.00684326966318406,-0.0145449908210065
"659.063",3.93452059140289e-05,9.69387658439663e-05,0.000311049653688736,-0.000262950807013056,0.000232976221519218,-3.60717050853598e-05,4.01289036007976e-05,7.83178683364443e-05,-7.55433721758526e-05,-0.000213215118478802,-0.000220016562712513,2.01497292872946e-05,-0.000338326899922754,-0.000456450178264991,-0.000573740374756704,-0.000352250290286838,-0.000559542034391779,-0.000188670121554713,-0.000561953427296656,-0.000533556855555821,-0.000500979007862154,-0.000486286768508735,-0.000485085136924574,-0.000306474306172982,-0.000394341523786273,-0.000622588888865765,-0.000642689215236045,-5.04390473107613e-05,-0.000270714689192602,-0.000436717901569575,-0.0002791311943021,-0.000439784389536905,-0.000742278070067924,-0.000845071289203861,-0.00669839866690139,-0.00880566572631987,-0.000604265703093073,-0.0004899671347057,-0.000517231142656011,-0.000160918014398863,-0.000474346424751465,-0.0005850206180552,-0.000791213949269716,-0.00122554765960156,-0.00133232609636992,-0.00063280041271305,-0.00267530771354499,-0.000588071962573182,-0.000118990849306655,0.00304832925365709,0.00176587273636923,-0.00572062215817554,0.00963103832487988
"663.787",-0.000763557650846602,-6.28255369071818e-05,-0.000113640558280248,-3.82063861747201e-05,-0.000256346097210247,-0.000605595670130888,-6.85038035330399e-05,-0.000258559075756357,-0.000234049677068762,-0.000458426309849739,-0.000469360552501726,-0.000244005470027679,-0.000642546256499021,-0.00081858137425929,-0.000394899701104848,-0.000686781690034061,-0.000560129519858308,-0.000382382394781789,-0.00108918208615809,-0.000629664579882259,-0.00099752884543162,-0.000706297568695577,-0.0010323435558545,-0.000867404269679973,-0.000973269543385841,-0.000396702719812078,-0.000427284796521552,-0.000671898987131124,-0.000757943096926795,-0.000635755293506018,-0.000332583735491449,-0.000545106755173761,-0.000752660432400928,-0.00201475795338157,-0.0102326309611633,-0.00333397472614755,-0.000689123738836369,-0.000713768225333774,-0.000524540139878561,-0.000990244844503283,-0.00119198646742324,-0.00166239218855484,-0.00176452715764446,-0.00144017371498723,-0.000692863679399908,-0.00137155184733657,-0.00160197985204786,-0.00169570884211688,-0.00228859152370425,-0.00174313866477609,-0.00304783339447354,0.0011968028120835,-0.0169906792652232
"668.512",-0.000222521292181161,7.21850933935315e-05,-0.000562858434597515,-0.000107264711798323,-0.000522741147128321,-0.000219684861828937,-0.00024322643232342,4.07074896563506e-06,-0.000194733226623669,-0.000249438302288254,-0.000100685580881206,-0.000448862663541203,-0.000301539502476195,-0.000551880788074272,-0.000397629855833478,-0.0004082908286367,-0.000469100590732958,-0.00050847858310893,-0.00102120493726088,-0.000982645567961255,-0.000916221260246079,-0.000661780402977041,-0.000751217553976852,-0.000633460944167141,-0.000775436425564287,-0.00039193624713458,-0.00059077083305644,-0.000764289570543261,-0.000429183652500165,-0.000618893124509894,-0.000377910169525291,-0.000692041729628852,-0.00108345507530156,-0.00525764915310854,-0.00782253086411286,-0.000260032891942486,-0.000462941865806566,-0.00119250863409397,-0.00101865004867885,-0.000905254496912869,-0.000340822617736782,-0.00178310602152339,-0.000690054281247508,-0.00161961273275843,-0.000950037355271238,-0.0016199425652456,-0.000937211213510197,-0.000632873328689899,-0.00182056233114365,-0.00311615573961775,-0.00388263102979752,-0.00549964042137289,-0.00684639227813885
"673.238",-8.14694339018676e-05,8.15669797421286e-05,-3.29735318720313e-05,3.07885501225458e-05,0.000326168212117305,-0.000190562123771331,0.000106062469047646,-0.000173454407463966,-0.000196068035993505,0.000251029946794693,-3.59642787139024e-05,5.59739218258554e-05,3.68825543711635e-05,-1.49266971839201e-05,-0.00012667296656915,-0.000111490774870592,5.88380423840551e-05,-9.37843785534561e-08,-0.000399527472155637,-7.21948020794318e-05,0.00015854018669168,-0.000965458843988849,-0.000398718141046093,-0.000290666773484823,-0.000336598721643321,-4.48973659738214e-05,-0.000492060607350956,-1.50256214810058e-05,-0.000219677986016629,-0.000275264480500109,-0.000330015003286995,-0.000430555342548981,-0.00107611082767108,-0.00840986155553066,-0.00332427954392601,0.000154526731661545,-0.000569276495815781,-0.000320604115239282,-0.00111181986193701,-4.11087136526825e-05,-0.000498143026274512,-0.000324968676710737,-0.000707375028434428,-0.00055281583095889,-0.000612736519844208,-0.000151340205026938,-0.000340125111577793,-0.000222618635536871,0.000569711897228059,0.000854220797701416,-0.00299880745115078,-0.000692727087601843,0.0137770248347685
"677.967",-0.000286992205319327,-0.000794597176739181,-0.00017346804466393,-0.000217819543824449,-0.000368708652650631,-0.000302747721008577,-0.000218346589617644,-0.000308570678156248,-0.000408734606954749,-0.000301347230840135,-0.000257475421664548,-0.000590105421387527,-0.000543818004624497,-0.000508423504051053,-0.000707263437608255,-0.000743337749389895,-0.000415850758243135,-0.000562122543221013,-0.000915226547499435,-0.000706080791819719,-0.000910504078697313,-0.000570015494617128,-0.000802906675555948,-0.000658068405340851,-0.000639463145402734,-0.000846464082979296,-0.000524675447483861,-0.00112105984798705,-0.00067811670008229,-0.000860517907238612,-0.000816491917807179,-0.000925534680820172,-0.00402835691224244,-0.00681822145257174,-0.000545069539354847,-0.00103466708850908,-0.000903494037362138,-0.000922499751951445,-0.000691462836396003,-0.000416558343299372,-0.00111650608973617,-0.000788386724598615,-0.00170819381034922,-0.00142490030611037,-0.00196293862691768,-0.00175167123676455,-0.00195303507313982,-0.00211683648114559,-0.00315696758759571,-0.00614242502820164,0.00137445423007998,-0.00940752833752928,0.00780951843314863
"682.696",-0.000663788838727057,-0.000415918257993857,-8.39120406839309e-05,-0.000102232302580122,-0.000380070292197834,4.95092029815334e-05,-0.000653451182072687,-0.000275222927132505,-0.000450568559243928,-0.000315758118270978,-0.000605975056525834,-0.000187274119646388,-0.000535314364745623,-0.000279351748089701,-2.15065701861384e-05,-0.000347498451412601,-0.000683675917064334,-0.000521105002293459,-0.000381144403523935,-0.000604229460804648,-0.00043378525036289,-0.00100869170150494,-0.000786849880875154,-0.000600012668924793,-0.000459685093557387,-0.000825922059650998,-0.000419024179019389,-0.00049256313229301,-0.000648596483207357,-0.0010694111537434,-0.0014904520730762,-0.000928144343637555,-0.00796111241785544,-0.00361702696706687,-0.000778636260164639,-0.000573092865577765,-0.0010541453863851,-0.000466467722847182,-0.000817376423368217,-0.00100077066969375,-0.000846749558789332,-0.00127549284319151,-0.000992662622377758,-0.001377525968308,-0.000789485901642405,-0.00174828246174372,-0.00189461391746576,-0.00356705697778783,-0.00120235238262668,-0.00290313066885333,0.000831861055163737,-0.0105834492542598,-0.00570425497153834
"687.428",0.000291994933592331,-0.000419006280636164,0.000294411291100708,0.000236904185142685,-0.000259841103987592,-0.000208012978556143,-0.000236818070316803,-0.000128259795578642,5.10748038211167e-05,-7.1646616798817e-05,-0.000262659272978047,-0.000159538310111411,-2.63378948839289e-07,-4.5006621947402e-05,-0.000223786219006613,0.000149725373278659,-0.000257408280706161,-0.000469128149469811,-0.00045334740061231,-0.00019388527458391,-0.000509724483934335,-0.000538254371968422,-0.000451680887237099,-0.000323125199631933,-0.000713913049146074,-0.000328487765558245,-4.56984359677922e-05,-7.53596365926213e-05,-0.000367992153735406,-0.000430987113005987,-0.000691653073805715,-0.00278103884365499,-0.00636980767284933,-9.9723909954864e-05,-0.000546594916534672,-0.000167616520330707,-0.000185896103681771,-0.000216172509391652,-0.000228177715906298,-6.29182542529359e-05,-0.00108036450511191,-0.000740939940183423,-0.00102679513704436,0.00011145119619989,-0.000183883826291142,-0.00124733822589253,-0.000724861850532177,-0.0031345256727828,-0.000250614134838319,0.00268847642614278,0.00148732797023117,0.000346700447478206,0.026497607260875
"692.16",-0.000535708733957866,-0.000776441332327948,-0.00040652116570569,-0.000819920158216694,-6.18910470707214e-05,-0.000500304217613191,-0.000571125496500309,-0.00047402344968555,-0.000131734683771912,-0.000468354386670701,-0.000570437188794472,-0.000604562227116096,-0.000892845066563236,-0.000446665166629148,-0.000441777803290958,-0.000574457440685672,-0.000327036655853328,-0.000831251156632758,-0.00126107828553493,-0.000843418884935867,-0.00134372858633653,-0.000875216935827128,-0.000830711967290676,-0.00101486397720277,-0.000504804111760695,-0.000751610255719159,-0.000408952266832278,-0.000226807797056167,-0.00100378633256957,-0.000627365195582033,-0.00119109286891576,-0.00625137190988361,-0.00344198276889997,-0.000352255000628978,-0.000597290967329077,-0.00110144943732602,-0.000711461542347497,-0.000510003391432895,-0.00119652408357734,-0.00145103976178364,-0.00101786489065569,-0.00203646280248885,-0.00165227705550307,-0.0016328929200204,-0.00156247134131018,-0.00163552616140532,-0.00343195442890331,-0.00338168302048415,-0.002602379647611,-0.00499655628211797,-0.00506343044705902,-0.00820859639609012,-0.0510972253051078
"696.895",-0.000327865892259132,-0.000969984937733923,5.96990485976283e-05,-0.000328376810653612,6.8940433585969e-06,-0.000522741322976337,-0.000354653160405261,-8.35482075067891e-06,-0.000369201761114177,-0.000432564932820016,-0.000469163973971906,-0.00047648063553287,-0.000207500341367662,-0.000546705121287053,-0.000378980333310521,-0.000607211351365918,-0.000673765029464509,-0.000708144284295264,-0.00100514580588731,-0.000289361267492948,-0.000588849892157078,-0.000751544576117931,-0.000956785395406202,-0.000644769681957152,-0.000984633308279648,-0.000687213674262962,-0.000442115228892471,-0.000798317927001598,-0.000721947691062369,-0.000751894850868673,-0.00280102379834849,-0.00649484778172616,-0.00081536566816252,-0.000470141934829328,-0.000352639980823046,-0.000524939203273429,-0.00114598794858879,-0.000827322697872125,-0.0008633906560093,-0.000203870670031002,-0.0010248635411889,-0.00116262411409137,-0.00291095674535631,-0.00339865552816013,-0.0037644999262217,-0.00575334047801639,-0.00682781411722118,-0.00591646092913626,-0.00862079522640845,-0.0100603726711244,-0.0167966200114819,-0.0400803499314036,-0.0733625270907977
"701.63",0.000650453901601761,0.000702830016848109,8.61157298597358e-05,0.000129162514157844,-0.000118689313318331,0.000167084835119193,0.000183542769027819,0.000122353526664709,0.000491516486591814,8.94662427768982e-05,0.00029257080702405,-0.000192135339917779,0.000232377028778937,0.000271583375916856,2.92797066493927e-05,0.000182140632036978,-0.000216219256275331,0.000259629131509759,-4.45282158109033e-05,0.00036679194567847,-0.000111895044375088,0.000208911552069225,-3.49500086634488e-05,-0.000219880416397618,-0.000408404949784415,0.000225637557650298,0.000199521668460842,-0.000452564448048393,-6.17057688497252e-05,-0.000387000635276104,-0.00503363927504714,-0.00291374366301379,0.000486650159256483,-7.00781694038192e-05,8.8682390556932e-05,-0.00052078063577309,-0.000505663916075617,0.000565462958800618,-0.000172239548784186,-0.000520032737688907,9.98631796252569e-08,-0.000315121407224215,-1.38372818226902e-05,-0.000385943883836942,0.000850431641197716,9.15819852269666e-05,-0.000329174975227031,0.000666851987218872,0.00123575524773175,0.0032817927776532,0.00637307886397914,0.00163167226998028,-0.00134563735330692
"706.367",-0.000830993037849065,-0.000442281519261484,-0.000391988964058308,-0.000376456161218045,-0.000176719902660737,-0.000247495754051418,-0.000327709491821035,-0.000132534894061004,-0.000207836727981632,-0.000204045916261747,1.86313682249749e-05,-0.000157424902159092,-0.000988014697800192,-0.000130290891544249,-0.000550753786668328,7.1093758724414e-06,-0.000679979004846976,-0.000460006629441135,-8.14078382392169e-05,-0.000952339949178213,-0.000723691144119686,-0.000740863784944541,-0.00102084258588548,-0.000265295379653124,-0.000737482850941475,-0.000756667284009622,-0.000412657473106524,-0.000543640738845978,-0.000853153996065485,-0.00229574122469367,-0.00542109224623962,-0.000995672447174056,-0.00104697945663629,-0.000314736797068787,-0.000515507365600301,-0.000363031166201928,-0.00109653152367724,-0.00113563721882694,-0.000768385971869388,-0.00140359440056257,-0.000822480433648834,-0.000676099274162032,-0.000607903604563174,-0.00188901898628996,-0.0013372716089388,-0.00184138759614785,-0.000304624884238888,-0.00195605571088494,-0.00237201019426428,-0.00567713746625498,-0.00722302163702509,-0.00385327795413977,0.00773879256270046
"711.106",-0.000381473254957693,-9.70802907172446e-05,-0.000404432892793803,-0.000190033495961289,-0.000113932228306514,-0.000111570248484372,-0.000197733263040399,-0.0002675946758274,-0.000102430609543761,-0.000383203563252755,-0.000496741056690522,-0.000415763254549304,-0.000213949398238369,-0.000556039220565925,-0.000195390017107312,-0.000402557245415876,-0.000560625042568853,-0.000713615676131069,-0.000118256000485635,-0.000211665448218489,-0.000796845223199563,-0.00073925895841362,-8.0015188792866e-05,-0.000328133164318228,-0.000335758811572789,-0.000589280896687391,-2.38385131766902e-05,-0.000972477490857544,-0.000987559643463492,-0.00432254097735596,-0.00318870735561434,-0.000584107223294997,-0.000248991881715726,-0.000556333191359076,-0.000867840478656341,-0.000375354328846782,-0.000240285051556545,-0.000882823636502841,-0.0003416479382984,-0.000886492491206636,-0.00110438986388595,-0.000979825862052152,-0.00115786605083661,-0.0015470140774559,-0.00131358145093707,-0.00188494099223808,-0.00193570126193777,-0.00221579995182053,-0.000348645057129761,-0.00268535846618014,-0.00272295510489359,-0.00296364395910791,-0.00184352589250636
"715.845",0.000220258200786217,9.40390801357975e-06,-9.49093022346495e-06,7.99396854438557e-06,-0.000137355181842667,0.000139306904786779,-5.20514768237017e-06,-0.000235954176719875,-0.00045925974442102,5.54041946573014e-06,-0.000148411679701686,-0.000122847103508286,-0.000561133888009558,-9.40688581567558e-05,-0.000243463515969319,0.000112906554468834,-0.000311844729471273,-0.000377978366101984,-0.000349946990104371,-0.000302045824395817,-0.000423310150877226,-0.000126909579219669,-6.32258360965489e-05,-0.00015754004030785,-0.000281689426803967,3.1702698625359e-05,-0.00041412305598507,-0.000222723899194494,-0.00221374329332093,-0.00500917804524598,-0.000893946095801766,-0.000777422984562088,-0.000275567602257589,-9.65463978684484e-05,0.000476247685936391,-0.000353479678233345,-0.00057021209809505,-0.000724415523537309,-0.000303719838229193,-0.000515559379724329,-7.19352388631011e-05,-0.000847685699209789,0.000116048744371899,-0.00219761439360339,-0.00111301107543055,-0.000940069330699071,-0.000992788525078421,-0.00134465234144844,0.00101367141412418,-0.000247932854263261,-0.0015791949151431,-0.00787998787623795,-0.0177409048793933
"720.586",-0.000166060790600717,-0.000423670447155459,-0.000668756024673643,-0.000125798270557506,-8.67243459225844e-05,-0.000380184681023538,-0.000200405013485923,-0.000254022087695215,-0.000336671489562132,-0.000330797551534332,-0.000193698063916078,-8.45098628974657e-05,-0.000570509329669156,-0.000767469259747954,-0.000739191093759627,-0.000612348678619981,-0.000784603043437054,-0.000420808602368468,-0.000479717246228388,-0.000156205689888204,-0.000423295259968622,-0.00010865842838003,-0.000522990476087293,-0.000481779010817906,-0.000215994061604157,-0.000726733474739262,-0.000996657422123217,-0.00074798311226792,-0.00499587421968418,-0.0030856423080272,-0.000163643156359116,-0.000724823127132902,-0.000891441957507362,-0.00059649718365655,-0.000980739725618732,-0.000504919815393778,-0.00101177261027163,-0.000745961906109845,-0.00114424542576428,-0.000348327548208152,-0.00065031711056104,-0.00185662836615909,-0.00169632783812168,-0.0012682501100679,-0.00137043213652168,-0.0027136120590956,-0.00153614967651572,-0.00262734105717147,-0.00145857626333684,-0.00148587755765591,0.00137864734437493,-0.00958403818141917,0.0140260761943688
"725.329",2.24069547660891e-05,0.000149621351290835,-0.000288856870566366,-0.000237541879219255,-0.00051980386679425,-0.000330717715319727,-0.00010643604196423,-0.000225862080935056,-0.000230521885260697,1.75918230839434e-05,-1.31170369008654e-05,7.75117691198027e-05,-0.000390443989702886,-1.58298953919138e-05,-0.00028559664679044,-0.000260108144088335,8.90922861669612e-05,-0.000868704760837764,-0.00057854995471845,-0.000266840356631813,-0.000672006435616059,-0.000338553472721205,-0.000529192630345052,-0.000540796301418394,-0.000159736477174797,-0.000678634430393823,-0.000645611628715016,-0.00230433295903234,-0.00542868380267242,-0.000980121613295691,-0.000331141373009311,-0.000189361683599819,-0.000271470434081434,-0.000587426247771366,-0.000738067536100392,-0.000340866846414911,-0.00075871622329025,-0.00120790756639025,-0.00095634580292151,-0.00129684964144127,-0.000658252232847026,-0.000423480726557175,-4.39563086266972e-05,-0.00130090058092962,-0.000773122782096924,-0.00183933782552494,-0.00167079762559576,-0.00104969714747378,-0.000492156844205873,-0.00294462071740262,-0.00229657652516116,-0.0127454783864972,0.000468047718993817
"730.072",-2.25927691935577e-05,-0.000401285987874299,0.00052650949535689,0.000273127358750906,3.66849178373919e-05,-0.00030562303063333,-0.000178769354129621,-0.000111381309819358,-0.000166337293715308,-7.69079692219964e-05,-0.000302340748497373,-4.69298327361585e-05,9.8120566329985e-05,-0.00027103566934661,3.31507946428632e-08,-0.000200244930941309,2.43417702628738e-05,8.57294060249585e-06,-0.000356901124798158,-0.000238632488190646,4.90839774786775e-05,-1.09384284452778e-08,0.000256954258701529,0.000115759724002949,-0.000118449469868242,-7.42174490934583e-05,-0.000317179965248745,-0.00518222990658234,-0.0035665019788209,-0.000200425441193094,-0.000483902672210004,-0.000341341621996684,-4.01902337969868e-05,-0.000254546074012945,-0.000298873068473,-0.000144990687708663,-0.00054400864469901,-0.000101337272647164,-0.000919508537290215,-0.000503607445040816,-0.000883131740675635,-0.00050602058675527,-0.000856298932335961,-0.00115613382125143,-0.000478122437220366,-0.000383713822790756,-0.000898486990674391,-0.0015490445002186,0.000495121112759357,0.00100785983808117,-0.00191043791996364,-0.00803628298083222,-0.0176285663177149
"734.817",-0.000294815057235344,-0.00023237823199702,-0.000338518684200341,-0.000876734261081046,-0.000200166880658438,-0.000533123022901377,-0.000220984109924695,-0.000233469282961647,-0.000274110217031177,-0.00027957402206315,-0.000337858822713852,-0.000165114101224138,-0.000148330393612937,-0.000289194619647218,-0.00047706328635521,-0.000348902642399125,-0.000410506230205665,-0.000138276118477946,-0.000208188228655435,-0.000510412813733595,-0.000227020018453257,-5.56339663206521e-05,-0.000388395476100417,-0.000718659788505342,-0.000281126824986551,-0.000339621303325745,-0.00122851705316566,-0.0061106653971725,-0.00101278222461828,0.000112790425330712,-0.00071099767105712,-0.000351820301599684,-0.000582655776847604,-0.000553953462807334,-0.000739544378717075,-0.000382179968584456,-0.000538012798342968,-0.000652800651373258,-0.000958330603191531,-0.000691579643815709,-0.000951128149777801,-0.000160894439783746,-0.000877331614065402,-0.00136994005689795,-0.00126616385140366,-0.000435935500705311,-0.000641801870516461,-0.00191484215092166,-0.00240265140810593,-0.000507755492685555,-0.000708807537693909,-0.00945105444596363,0.0153571534889731
"739.563",4.5679861897817e-05,0.000153185668424484,-0.000897582894836902,-0.000512876997267739,-5.26406012430257e-05,0.000152286721677769,0.00044702263800088,-1.81636329938392e-05,-0.000133526132394982,0.000108232732067125,4.01909828572643e-05,-0.000342090188594156,-0.000241757438070615,-8.16382941829964e-06,-0.00022948828222547,-2.35463373979438e-05,-0.000191246902395473,-0.000462843893948394,0.000239030977744656,0.000252900216608745,-0.00027978832191079,-0.000150282622994031,-0.000318026971942839,-0.000436072523790377,0.000146431204337254,-0.000268540078134306,-0.00176081769664586,-0.00315131671535265,7.95847676261514e-06,8.96496334060508e-05,-0.000331370462129551,-0.000169850828923143,-0.000343859246262666,-0.000167291771579934,-0.000748350387689964,-0.000505854893286931,-0.000447081669912001,0.000134093024176184,-0.000729838242650703,-0.000466397390462433,-0.000299805644026783,-0.00055624982259292,-0.000315860247406914,-5.17782640034138e-05,-0.00134161068191554,-0.00041641279095197,0.000206744820757522,-0.000538193812648381,-0.00288910707094367,-0.00179757783987614,-0.00122767478166889,0.00233415407090731,-0.00339968525534448
"744.31",-0.000637687702052294,-0.000516543258698074,-0.000308605615153964,-0.00026366356107232,-0.000333677408454592,-0.000202968254313197,-0.000152436527475937,-9.64630735795192e-05,-0.000249276835370139,-0.000158288890339076,-0.000216741772311337,-0.000112543857554881,-0.000151740156412169,0.000139379544106563,2.36176870339678e-05,-0.000705549873631162,-0.000428251406592378,-0.000282538653961915,-0.000851227366793534,-0.000665237723455177,-3.06874610856996e-05,-0.000795965427320635,-0.000189268741675559,-0.000569544189579166,-0.000635839261297167,-0.00114511576405224,-0.00330488205471515,-0.000670519474724733,-6.68841591044397e-05,-0.000362812188160037,-0.00034302960368816,-0.000580404535477526,-0.000380637310838051,-0.000236723374728662,-0.000580702663858561,-0.000947421027742651,-0.00087396746893307,-0.000437999658957207,-0.00049541135706675,-0.00121391526241879,-0.000707227034865215,-0.000713012505466001,-0.00124650268704636,-0.000489762209634455,-0.000307490897469746,-0.000221471437808879,-0.000625947475569196,0.000290217115384906,-0.000463504076433342,-0.00207710010162607,0.000828704098884596,-0.00256894590592419,-0.00981542857634093
"749.058",0.000362783242105523,0.00107462113649579,0.000415242145427262,0.000567950237418126,7.62057700415793e-05,0.000437442213003118,0.000111270843986454,0.000194753447520363,0.000356367219652401,0.000552791539081102,0.000355305393414667,2.39445764576319e-05,0.000238166631723723,0.000464487505324956,0.000524681940715462,0.000344298046390677,0.000322171707898987,0.000784385035473213,0.000810100691918924,0.000506121917362952,-2.11968449444284e-05,0.000162050120178936,0.00023860579160363,0.000305633749998858,0.000343008501211558,-0.00148622729336741,-0.00176632016360037,0.000142162488158599,0.000235427909168812,0.000757767459554935,0.000668288400358352,0.000528686754089783,0.000200389066384997,0.000341227055606117,0.00022993855302218,-4.60343374666787e-07,0.000912445404817184,8.41916178413142e-05,0.000366972215485312,1.37351237146561e-07,0.00031911157869812,0.000942053354113412,-4.57665712674759e-05,0.000443328004150503,0.000935586907708094,0.00177607843598484,0.00193028493095966,0.000439888185100635,0.00215361581319737,0.00222849080612793,0.00595346409307214,0.0123320357305205,0.0252625305496345
"753.808",0.000143163058775171,9.5891387456701e-05,0.000837456764821062,-0.00036215258656471,0.000257548024374463,-0.000223310521437377,2.696801293578e-05,-2.83381947114179e-05,-0.000219125293866496,0.000181464881475135,-7.65925715905561e-05,-0.000198650761743089,-0.000234185047424299,-0.00039762979382731,-0.00027181822323297,0.000187813435766846,5.18308508206304e-05,5.44749524107459e-05,0.000229017519726956,0.000389812422213254,-0.000177133442870446,0.000273152684602204,3.86031023701403e-05,6.60751590606884e-05,-0.000278281288990436,-0.00299993409402454,-0.00111452217739763,1.72068758811638e-05,-3.44581082476168e-05,0.000458276540170084,0.000294301746806778,2.52972582367184e-05,-8.55527471436015e-06,-0.000191706252953963,-0.000344600401647257,-0.00049708185671357,2.0110645879722e-05,0.000300589456356985,-0.000181378187566065,0.000485504305362617,0.000156116508504346,-0.000847094456897579,0.000688841363788484,0.000793433871339468,0.000253769293603585,8.54375471212934e-07,-0.00055298036140082,0.0010452546640262,-0.000334162768390539,0.000734449926895365,0.00489818309338434,0.00669918031318666,0.0151485793010027
"758.558",-0.000377108885602178,-0.000703797446847597,-0.000274552358130845,-0.000976972802389055,-0.000421414431487903,-0.000410570574574947,-0.000220349212479862,-0.00032258377231598,-0.000364872821815157,-0.000618686261231991,-0.000539785708710706,-0.000379539729767141,3.52143910207198e-05,-0.000551291335853013,-0.000444473809831223,-0.000166289936335468,-0.000167307290747008,-0.000804904805490218,-0.00097331038730497,-4.31792824772846e-05,-0.000561136833834836,-0.000506730034305807,-0.000456308585052633,-0.000578021218103883,-0.00183626465790256,-0.00284909817614438,-0.000412890248789999,-0.000454817484528675,-0.000366936342983562,-0.000207564783941574,-0.00120743161601457,-0.000402770034253212,-0.000451198730261693,-0.000647255458108604,-0.0010879289371894,-0.00111935662738096,-0.000154549554322311,-0.000951191484609368,0.000115406167182671,-0.000185262841564883,-0.000900303935337504,-0.00161005982536794,-0.000127398375491744,-0.0011561197091416,-0.0021966484045575,2.64593530249545e-05,-0.00209571732005761,-0.0034208683169725,-0.00515074643990796,-0.00592014923849716,-0.0109584246405374,-0.0134382922409642,-0.0282886701768333
"763.31",-0.000620098490434928,5.54246670571366e-05,-3.98936627085498e-05,-0.00059207896226774,-0.000381490365702006,-1.47930850372656e-05,-0.000118005622379235,-0.000142372244976182,-0.000205346869028158,-0.000188592729032867,-0.000101186041839165,0.000386960135567698,0.000234251939665321,8.78028826678098e-05,-0.000162591599106408,3.38653878051361e-05,8.9761879438369e-05,4.72036569734018e-05,-0.000279088215748363,0.000185982025677275,-0.000140226733228072,-0.000385227797522121,-0.000303391316162321,-0.000629561872309564,-0.00271186121190921,-0.0009186820199139,-0.000357938148665767,-0.000454730151730474,-9.81320323292704e-05,-0.000485029183765291,-0.000131040846169131,-0.00017484576585958,-5.32662147892107e-05,-3.6585744644877e-05,-0.000385641705989334,-0.000337796765524265,-0.000567052431106485,-0.00034572074752446,-0.000176617240054353,-0.000768774746852776,-0.00121550919580194,-0.000175930650499717,-0.000894188715180551,0.000262948878413436,-0.00142815963009673,6.12677334121394e-07,-0.000574150787415121,0.00100850263841395,-0.00128880957492015,0.000207344903023825,0.00176650322071693,-0.00189684380815975,0.00892305590844944
"768.062",0.000312697066091817,-0.000223195127420976,-0.000716573785562901,0.000151301889062135,-0.000196795098342566,-0.000226443959867202,-0.000232654452822409,4.45761995598442e-05,0.000156594197655577,-0.000124898268251499,-0.00029982046361243,-9.54947533502428e-05,-0.000327519175898749,-0.000372564988419092,-0.000569976918698276,0.000128281981360791,-0.000371648901004473,-0.000647878261632041,-0.000209032490282684,0.000109956232116021,0.000119473806177695,-0.000573035148594087,-0.000214568821514283,-0.00238288225068134,-0.00232342713412409,-0.000284179231634208,-7.26472155545134e-05,-0.000288204138386821,-7.21555881281671e-05,8.80040315908012e-06,-0.000573085368106645,-0.000185151854665031,-0.000750381125661886,-0.000830597271837949,-0.000873122063777075,-0.00028065064974792,-0.000530018098780357,-0.000596625939709164,-0.000748678734485429,-0.000585108811641882,-0.000763356194183896,-0.000547529974497927,-0.000393745760885627,-0.00058505513718472,-0.00119748028054694,-0.00013243352261575,-0.00122335540289541,-0.00223060043385429,-0.00260148067601845,-0.00273353238565931,-0.000896534731026327,-0.00724346210093953,-0.0211904563644151
"772.815",-0.000362873787103953,-0.000412420743821521,-0.000201668949710297,-0.000587689974388145,0.000130523086929467,0.000158315944255462,4.52412224588779e-05,0.000103827406232532,7.27472418428885e-05,0.000190194663476302,-0.000226492167744403,-6.94564553846689e-05,-2.73835513481782e-05,-0.000133021900618878,-8.8941144654321e-06,0.000162376654473742,-0.000425749579851275,-0.000561825760278264,0.000104104112222957,0.000165557609129886,0.000173508784260614,0.00011188413763637,-0.000572117822772789,-0.00251261140601711,-0.000987146706876656,-3.67641124762235e-05,0.000225244604087041,-0.000107986370747006,0.00016155602873262,-0.000151256792219777,9.68453711254124e-05,-9.69147231627049e-05,0.000222762127541346,0.000236773683851353,-0.000635450864166196,8.00166316555241e-05,-0.000286038324188441,-0.000663754335068478,0.000189976321723857,-0.000444874860240852,2.73364479851117e-05,-0.000443744865825789,-0.000213196188056862,-0.000169142459197736,4.44441591160012e-07,0.000187735326749007,-0.000128413732106391,0.00191654976647537,-0.0021499169741103,-0.00469164326291353,-0.000561035497580235,0.00510128011293835,-0.00425141527634016
"777.57",-0.000229844063324928,0.000773265280892456,0.000915638824971676,0.000251092428446768,0.000675963191918214,0.000415390906934956,4.60637500311475e-05,0.00013636019473829,0.000217011732901599,0.000120453947971056,0.000193637641373263,0.000672251916431725,0.000454438435361661,0.000370500773307063,0.00032525175889939,0.000209291162223418,1.84160219063498e-05,0.000291315521915648,1.05449475170029e-05,0.00114863634106843,0.000366233857556773,0.00049977872658451,-0.00112755817757964,-0.00209829126246273,-5.7689757245847e-05,0.000158257392907243,0.000717224486364987,0.000568585115065242,0.00068774330541094,0.000208582021732634,8.08254424087475e-05,0.000513077130057529,0.000190869211018606,0.000288299263689838,0.000309461268610859,-0.00013298422619634,0.00047541060852251,-0.000137772719275203,-2.4243902639131e-05,0.000506036971115284,0.000917613328069737,0.000633931913160778,0.000301377601290853,0.00111872626597777,0.00160640374788556,0.00152562635297102,0.00141255663252968,0.00187575379513095,0.000254988762999439,0.00428429429948574,0.0113875331047128,0.00455361343361035,0.0280691258538161
"782.325",-0.000764920106151931,-0.000819749530176608,3.12413031485067e-05,-0.000599601668879242,-0.000873012145511924,-0.000437566472224306,-0.000434798440097818,-0.000687492658350459,-0.00035976174887994,-0.000543802348030793,-0.000824984794337776,-0.000557069959579045,-0.000734550792947396,-0.00078024305443983,-0.000848757379592874,-0.000859452372865423,-0.00039428707236074,-0.000394654258873809,-0.000518809809003184,-0.000834900435256656,-0.0011170141658023,-0.000848289868659077,-0.00272239792668283,-0.00157352633683154,-0.0010512709603935,-0.000880437406898813,-0.000140261382809935,-0.000382085152337413,-0.000717204643708278,-0.000737102315916674,-0.00100413913545857,-0.000529713402797727,-0.00122997554875246,-0.000718126180352601,-0.000334250572661775,-0.00147338545057857,-0.00174503128799703,-0.00081587894918669,-0.00123045941969389,-0.00140939068603847,9.89074007715576e-05,-0.00142522047124908,-0.00115545698803999,-0.00223085395834369,-0.00259495564509265,-0.00207478923784317,-0.0032012962271255,-0.00312001555058909,-0.00688975637181535,-0.00333748826333596,-0.00716961530359446,-0.000663308114096338,-0.0252261516835856
"787.081",-9.29941291206361e-05,0.000652039410662182,0.000353568808381427,-0.000222195567310156,-0.00035690754338355,0.000103984842942666,0.000355716135207237,-9.48596111722399e-05,0.000107285639163121,-0.000321211755941608,0.000155411431776936,-0.000239826858126461,7.7321500908697e-05,-7.53021426726024e-05,-0.000605319964152136,7.27717374714859e-05,0.000144442478772546,0.000374592348455458,-0.000410608394796329,-0.00010596856161209,0.000161738474861174,-0.00142848005774203,-0.00173155003237575,-1.22878928992664e-06,0.000409798281079757,0.00026219213212017,0.00015313048261364,0.000219692435604227,-0.000124477650867928,0.000387709339357544,-0.000431264841709548,-0.000337526773473358,0.000218152052948945,0.000349069293836567,-0.000211880926353021,0.000127762504917449,-0.000732509751008245,-0.000119749757487041,0.000277939913154618,-4.05005988486362e-05,0.000884205349049196,0.000424934122507447,-0.000226589625918631,0.000502923631237742,0.000731894806777064,0.00045478592977637,-0.000958619127439213,0.001290170428423,0.000850810461403252,0.000744768459798691,-0.00284907089494382,0.00315933804535599,0.00787542833174681
"791.838",0.00124970684299403,0.000959414004766313,0.0010609859822067,0.000846758433245184,0.000939166420266048,0.000953823211126817,0.000403700553916981,0.0004525489917163,0.000232153452856199,0.000899528614534383,7.77585887619858e-05,0.000829156131053574,0.000540940861271395,0.000743548685528595,2.75574802970048e-05,0.000817951983478651,0.000250248954609067,0.00068814683842892,0.00075366958062824,0.000844565937775842,0.00100485411047058,-0.00131120103000309,0.000668356729481701,0.000852750233056628,0.000419315068219061,0.00101915193673347,0.000947999762759932,0.00103206789210032,0.000735633101443564,0.000538578028096074,-2.82084618445206e-05,0.00117179127413711,4.73230914258971e-05,0.000843045264391252,0.00104793327038249,0.000383078535461061,0.000900630162679073,0.000227168562569518,0.000567973649049972,0.000229761879204855,0.0013756794939587,0.00139921492411558,0.000958816799581536,0.000763125191365026,0.00167321509636959,0.00144738556098372,0.000958017234811756,0.00157974066398425,0.00430409863071881,0.00900346632907987,0.00415289383078429,0.0192067058887666,0.0337451771758736
"796.596",-0.000175913620195314,-0.000434143962161695,0.000109648439341143,-0.000194910652403724,-0.000159150716519755,-0.000138648633081604,-1.82488394397716e-05,-5.96219989287155e-08,4.26239280210939e-05,-0.000611085463366357,-9.49077390735068e-05,8.45621438152757e-05,-0.00083632209530809,-0.000355084226447223,-9.45035159412126e-06,0.000472237245799076,-1.9427419806157e-05,-0.000721483511034211,-7.90498642746025e-05,8.34856672034396e-05,-0.00117120498470639,-0.00268587423188254,0.000142504889970757,-0.00042892629366378,0.000111877046412224,-0.000257054060427396,0.000351190359221691,-0.00018471733622604,-0.000145925175822362,-0.000211878656518439,-0.000124080812035593,3.82959347626763e-05,0.000144848906045848,-0.00042445964429525,-6.16362605101294e-05,-0.000433564038130474,-0.000424303469669152,-0.00112052673579026,-0.000655729572026791,-0.00105994820039066,-0.00116536196335152,-0.000224223566297502,-0.00072815688385402,-0.000859512376197919,-0.00083999156760591,-0.0013005528268987,-0.000976244956763754,-0.00292138746673896,-0.000866119019503698,-0.00280446119714842,-0.00688623888496081,-0.020022051111584,-0.0469751536256321
"801.355",3.49727906993229e-05,-2.94308487857283e-08,-0.000254308449047963,-0.000274557185681851,-5.37181865092463e-05,7.11659062188183e-06,5.70748359341648e-08,-0.000143446654867687,-5.75612133533235e-05,-0.000318902561972757,-0.000163907243416026,-0.000129639540415483,-0.000229338409776551,-0.00014928636437791,2.42332934321977e-05,-0.000503524148872507,-0.000677276665856936,-0.000685053949468048,-0.000204552099946106,-0.000382081328542574,-0.0017368453672311,-0.000309897531742365,-0.00026711167886359,-0.000176124608939521,-0.000421474570406361,-1.71504400946502e-05,-0.000336972573321507,-0.000311145793644921,8.39718691420393e-05,-0.000349209864793288,-0.000247157646001136,-0.0002224332794959,-0.000383756901489568,-0.000664777390512263,-0.000106520212553794,-0.000140378667463987,-0.000247547793174857,-0.000546748165635182,-0.000388484088186382,2.38174936683495e-05,-0.00132435395212959,-0.000456209735701554,-0.000367760741530373,-0.000970797430403847,-0.000787039484176294,-0.00117274301418947,-0.00087257751238313,-0.0011327825700722,-0.00219629655380322,-0.00130859773019251,-0.00114818830432237,-0.0162905755571477,-0.0212602391396443
"806.114",-0.0001635533023546,-0.000104165224455271,-0.000320523406633684,-0.000372371554437474,-0.000259898806312695,-0.000281865438740123,-0.000195905310221531,-4.15716433934129e-05,-0.000292996084800027,0.000147201599751124,-0.000375379655093378,-0.000129676898012388,-6.77692247403112e-05,-5.80394069539454e-05,-0.000273906949344973,-8.80176890782521e-05,-0.000507867285597098,-0.000186747467573239,-0.000584857188838197,-0.00114624398562771,-0.00203280700905698,-0.000182555622145436,-8.60399111802027e-05,-0.000574022757176775,-0.000114161366162242,-8.55608414445886e-05,-0.000328585081832969,-5.04612092796458e-05,-0.000386484567059879,-0.000623542897828455,-0.000403571361541352,-0.00020605385082335,-0.000408587557232489,-0.000374950286983547,-9.75128138078111e-05,-0.000823536350623242,-0.000782074964924729,-0.000504676783193261,-0.000754765213714833,-0.000202004295894488,-0.000178264215201004,-0.000677433382416653,-0.00110392829241278,-0.000830372018488542,-0.00068400376986993,0.000374946737182863,-0.00189506546516201,-0.000657609281249711,-0.00172894628376214,-0.000850754272026483,-0.00156440591977447,-0.00774789883058734,-0.00791419829323725
"810.875",-0.000397700707793498,-0.000635489294525459,-0.000810655914267038,-0.00109885187130063,-0.000435895447023317,-0.000437313004955011,-0.00029151586951934,-0.000314874233702585,-0.000172834830055421,-0.000251585486057625,-0.000498428498073307,-0.000518875701235623,-0.000577781808276437,-0.000290038067206614,-0.000290197268244014,-0.000503676817346189,-0.000211965350749162,-0.000444927688657251,-0.00067317368704039,-0.00200390847223194,-0.000778485419723036,-0.000439778008250267,-0.000400667518295387,-0.000259463178506545,-0.000465460445138744,-0.00056367691291717,-0.000438594185136023,-0.000596920396356762,-0.000453758759905292,-0.000482348424545145,-0.000131819312883481,-0.000585199729474373,-0.000517230491384632,-0.00067320985173077,-0.000540601960892903,-0.000926793968227003,-0.000900971156729425,-0.000757056796574566,-0.000943476574956876,-0.00153288539019977,-0.00109508490118843,-0.000857101638622505,-0.00154827270629868,-0.000899890321079302,-0.00130478957718484,-0.000997693508445007,-0.00261618700198203,-0.00124251752387499,-0.00299082091995445,-0.00340329169918511,-0.00865805469160565,-0.0073501450656316,-0.038081441873306
"815.635",-0.00107568014049653,-0.000739625088131944,-0.000697774103234873,-0.000566984823162713,-0.000183421990066951,-0.000345683880893564,-0.000371047697263745,-0.000208338594289264,-0.000392658942403122,-0.000184172117207463,-0.000136839919093277,-0.000818755279026623,-0.000679852360026933,-0.000472225401754256,-0.000572485976408719,-0.000599513657078309,-0.000440433458231371,-0.000542795335322621,-0.0015712378981061,-0.00252037741282384,-0.000470196048563628,0.000200169101163427,-0.000429171893756538,-0.000463189962919582,-0.00042150816577108,-0.000794146681399637,-0.000724587181179653,-0.00080690059515135,-0.000411806257991537,-0.000316183109548102,-0.000741164346737133,-9.0660546323612e-05,-0.000483795159513498,-0.000877752967351016,7.06910462651615e-05,-0.000814393689696487,-0.000445606525071655,-0.000557277665345373,7.76776700104265e-05,-0.00079601999887582,-0.000674804637942737,-0.0014653580884048,-0.00168622903672763,-0.000423377251061117,0.000187141708991656,-0.00164660261448218,-0.0032483219783066,-0.00277771948479651,-0.000701135112659676,-0.000654877509870212,-0.00344368576313141,-0.0101402584918289,-0.0173176058072552
"820.397",0.000105230623279951,0.000166937084993847,0.000414768868106607,0.000301385942216412,-8.40917512571653e-05,-0.000155041228954338,0.000217170491957068,-0.000370081202987834,-0.00015190612292686,-0.00026987815891573,-0.000327533047577894,-0.000340237250371155,0.000220846704431358,-0.000223429934225656,-0.000241610230791146,0.000271678589580542,3.38097050154842e-05,0.000186835564926224,-0.00135816894055025,-0.000352890721660939,-0.000254758417500507,4.78718177227464e-05,-0.000238261870748833,-0.000296289211448614,-0.000228342889543314,-0.000503624278172895,0.000379012316443365,-0.000109300956526337,0.000386268540659087,-0.00013317782247325,-0.000387057966726553,-0.000354346845976749,-0.000225164900498406,-0.000519784799270691,7.07564034484114e-05,-0.000458648250013968,-0.000108925020587494,0.000346929077492698,-0.000721477287927155,-0.000297055386844693,0.000280192457939122,-0.000442390587648526,-0.000720486669093641,-0.00104136624065221,-0.000620746245446034,-0.000274042042131951,-0.00237602413419184,-0.00226629006835601,-0.00149534602853074,-0.00117814398926888,-0.00396578934460425,-0.00516970449351684,-0.0153377798385728
"825.159",-0.000642926577598069,-0.000593536744481837,-6.5911039392377e-05,1.77088999466912e-05,-0.000259872953723364,-0.000507490772835673,-0.000201302937296621,-0.00018051893985165,-5.23770103197398e-05,-0.000398620178054694,-0.000177403151531112,-0.000656502721574101,0.000135872955110032,9.93274259357061e-05,0.000145124444962394,-0.000239772694963802,-0.000186329697989684,-0.000623489995244632,-0.00121251635022904,-1.00353996332738e-06,-0.000335728268815673,3.81566474024447e-05,-0.000362428517306,-0.000620357946086235,-0.000386364147820248,-0.000409905727288974,-0.000278168075790486,-0.000193466299151537,-0.000285928178307342,-0.00034090766691856,-0.000304680296538582,-0.000675843707173449,-0.000750617228280507,-0.000622140847556457,-0.000407669552478159,-0.000851778570605357,-0.000702993335452025,-0.000515211277517612,-0.000554961473008697,-0.000202097155655842,-0.00106965268050989,-0.00125802189443429,-0.000459720949676033,-0.000759073194444216,-0.00084932774281281,-0.000996677674155056,-0.00204513781876578,0.000804506522934972,-0.00350470038464899,-0.00117783014803555,-0.00166963252341842,-0.00476647847402308,0.0148403556486806
