"","500","495","490","485","480","475","470","465","460","455","450","445","440","435","430","425","420","415","410","405","400","395","390","385","380","375","370","365","360","355","350","345","340","335","330","325","320","315","310","305","300","295","290","285","280","275","270","265","260","255","250","245","240"
"248.336",0,0,0,0,0,0,0,0,0,0,0,0,0,0,0,0,0,0,0,0,0,0,0,0,0,0,0,0,0,0,0,0,0,0,0,0,0,0,0,0,0,0,0,0,0,0,0,0,0,0,0,0,0
"252.814",0,0,0,0,0,0,0,0,0,0,0,0,0,0,0,0,0,0,0,0,0,0,0,0,0,0,0,0,0,0,0,0,0,0,0,0,0,0,0,0,0,0,0,0,0,0,0,0,0,0,0,0.0132158416681654,-0.0642321938474994
"257.296",0,0,0,0,0,0,0,0,0,0,0,0,0,0,0,0,0,0,0,0,0,0,0,0,0,0,0,0,0,0,0,0,0,0,0,0,0,0,0,0,0,0,0,0,0,0,0,0,0,0,0.0368019449643182,-0.00703372319057087,0.0137853680491121
"261.781",0,0,0,0,0,0,0,0,0,0,0,0,0,0,0,0,0,0,0,0,0,0,0,0,0,0,0,0,0,0,0,0,0,0,0,0,0,0,0,0,0,0,0,0,0,0,0,0,0,0.0274832888216441,-0.00405092517398163,0.00540542892442981,0.0285725292245906
"266.271",0,0,0,0,0,0,0,0,0,0,0,0,0,0,0,0,0,0,0,0,0,0,0,0,0,0,0,0,0,0,0,0,0,0,0,0,0,0,0,0,0,0,0,0,0,0,0,0,0.0378581824913493,-4.15420627794538e-06,0.000859509986695157,-0.00484273575467198,-0.0647160350659032
"270.764",0,0,0,0,0,0,0,0,0,0,0,0,0,0,0,0,0,0,0,0,0,0,0,0,0,0,0,0,0,0,0,0,0,0,0,0,0,0,0,0,0,0,0,0,0,0,0,0.0425397243977836,0.00638067297515171,-0.00147500793532485,0.00808008977745295,-0.0181927580919413,0.024190807766609
"275.26",0,0,0,0,0,0,0,0,0,0,0,0,0,0,0,0,0,0,0,0,0,0,0,0,0,0,0,0,0,0,0,0,0,0,0,0,0,0,0,0,0,0,0,0,0,0,0.0543021525061216,0.00630435126670723,-0.00216889948784311,0.00219755812272387,0.010101724228199,-0.000587977138056694,0.0454500787724975
"279.76",0,0,0,0,0,0,0,0,0,0,0,0,0,0,0,0,0,0,0,0,0,0,0,0,0,0,0,0,0,0,0,0,0,0,0,0,0,0,0,0,0,0,0,0,0,0.0652837434975995,0.00499199928248825,-0.00025439589813691,-0.00634286794308375,0.00227391161441209,-0.00342762388436346,-0.0146686901133614,-0.0598799777754779
"284.264",0,0,0,0,0,0,0,0,0,0,0,0,0,0,0,0,0,0,0,0,0,0,0,0,0,0,0,0,0,0,0,0,0,0,0,0,0,0,0,0,0,0,0,0,0,0.0112351626802961,0.000134680601516987,0.00085558939352242,0.00319518944093805,-0.00558771804380287,-0.0135405041076787,-0.0204411255639032,-0.0752937569435979
"288.772",0,0,0,0,0,0,0,0,0,0,0,0,0,0,0,0,0,0,0,0,0,0,0,0,0,0,0,0,0,0,0,0,0,0,0,0,0,0,0,0,0,0,0,0,0.0163704127403916,-0.00258937174735722,-0.000806424215395105,0.00320419074900929,6.71361628631351e-05,-0.00911612674089199,-0.00279577913099635,-0.00364145267751737,-0.00767390338088596
"293.283",0,0,0,0,0,0,0,0,0,0,0,0,0,0,0,0,0,0,0,0,0,0,0,0,0,0,0,0,0,0,0,0,0,0,0,0,0,0,0,0,0,0,0,0.0203193311094356,0.00152383622471663,-0.000123456706274776,0.00438174669443887,-0.00482837385336271,0.00160975106421887,-0.00458321068643623,-0.00634724343849889,0.00455762042017302,-0.00410917502000432
"297.797",0,0,0,0,0,0,0,0,0,0,0,0,0,0,0,0,0,0,0,0,0,0,0,0,0,0,0,0,0,0,0,0,0,0,0,0,0,0,0,0,0,0,0.0211634550371161,-8.57031378117476e-05,0.00165940540600461,-0.000490603976160235,0.00439264727557376,-0.00142619919508724,0.00282689237421913,0.000434712141291514,0.00532563763888213,0.0033721241891377,0.001280479764841
"302.315",0,0,0,0,0,0,0,0,0,0,0,0,0,0,0,0,0,0,0,0,0,0,0,0,0,0,0,0,0,0,0,0,0,0,0,0,0,0,0,0,0,0.0243652591205443,-0.00208816487200797,-0.000975843527130454,-0.00131625869039644,0.000845019574005262,0.00130789659634256,-0.00158851781004407,-0.00179457226099389,-0.00394118165246246,-0.00576413314453484,-0.0140406896984129,-0.0165356842580101
"306.837",0,0,0,0,0,0,0,0,0,0,0,0,0,0,0,0,0,0,0,0,0,0,0,0,0,0,0,0,0,0,0,0,0,0,0,0,0,0,0,0,0.0408126596923284,6.75846746867048e-05,0.000522318588861162,0.00152049932229512,0.00121614561058567,0.00137470029410675,0.00230579997719695,0.00104969922275286,-0.00238879202661151,0.00185251747198324,0.00521372508440084,0.0175489359718392,0.0247005779261802
"311.362",0,0,0,0,0,0,0,0,0,0,0,0,0,0,0,0,0,0,0,0,0,0,0,0,0,0,0,0,0,0,0,0,0,0,0,0,0,0,0,0.0450475451105724,0.00234499359313976,0.000906176231311954,0.00136326920724335,0.00267408321188592,0.00220897943921033,-0.000149823831595147,0.00361601219527623,0.00254170539519566,-0.0016080653221799,0.00310939025372458,0.00373857414803458,0.00176856677095016,0.0341046634111585
"315.89",0,0,0,0,0,0,0,0,0,0,0,0,0,0,0,0,0,0,0,0,0,0,0,0,0,0,0,0,0,0,0,0,0,0,0,0,0,0,0.052169035492684,0.00207053944399451,0.000411967055538229,-0.000568147993138875,0.000696450343732224,0.000710908130917676,0.000517198709377026,-0.00301764033379873,0.000714811536234573,-0.00101614901650553,-0.0031594679791908,-0.00408597874881441,-0.00373438015091708,-0.0109255042199931,-0.000636715202919847
"320.422",0,0,0,0,0,0,0,0,0,0,0,0,0,0,0,0,0,0,0,0,0,0,0,0,0,0,0,0,0,0,0,0,0,0,0,0,0,0.0683146079157704,0.0022234024312433,-0.000720990518529962,-0.000849398237132185,-0.000667920707779147,0.00060425990971133,-0.00231654733881709,-0.00329223630757951,-0.0012246993233609,-0.00407215523752781,-0.00167581381001633,-0.00214935081415109,-0.00509953867711918,-0.0109544925652827,-0.00610511926795448,-0.0290940079503712
"324.958",0,0,0,0,0,0,0,0,0,0,0,0,0,0,0,0,0,0,0,0,0,0,0,0,0,0,0,0,0,0,0,0,0,0,0,0,0.0252669694796691,0.00714893816358177,-0.00043976315560619,0.000323798073332326,-0.000117640894753858,0.000781110869168794,0.000192349303704403,-0.000905468195211409,-0.000943914617172407,0.0014391665321782,0.000611618548504264,-0.000908228226140149,-0.000488971500232712,0.000873630142080407,-0.00647890688443763,-0.00498671736396933,-0.00594311264289042
"329.496",0,0,0,0,0,0,0,0,0,0,0,0,0,0,0,0,0,0,0,0,0,0,0,0,0,0,0,0,0,0,0,0,0,0,0,0.00161618247339979,0.0114387525895813,-0.000403009238900664,-0.000449471087574231,0.000184667410634444,0.00110829749715948,0.00208001670371419,-0.000373089095422663,0.000680814833186039,-0.000935849121539606,0.0027732751626749,-0.00111733393514845,0.000942342452409739,0.000192860113878592,-0.00210132291082696,-0.000140088015487955,0.00345911292909735,0.0125595394468344
"334.038",0,0,0,0,0,0,0,0,0,0,0,0,0,0,0,0,0,0,0,0,0,0,0,0,0,0,0,0,0,0,0,0,0,0,0.000926105823337409,0.0150644534083903,-0.000492005571581286,0.000303564420239363,-0.000244809742945901,-0.000689043455004548,-0.00109151891088188,-0.00104838942541494,0.000297811596769129,-0.000111675091748672,0.000374679893531982,-0.00086479303014492,-0.000191014232339552,0.00203614870107603,0.00291125808571423,-0.00725146805929759,0.0050814861029148,-0.0196142857598798,-0.024115934707782
"338.584",0,0,0,0,0,0,0,0,0,0,0,0,0,0,0,0,0,0,0,0,0,0,0,0,0,0,0,0,0,0,0,0,0,0.00129758482662901,0.0186066603592452,0.000698169624328985,0.000278721986212972,-0.000327037475677338,-0.00043460282576026,-0.000564982726306576,0.00184690424302769,-0.000544473553709075,-0.000756313174834585,0.000269590896278308,-0.000915379860784815,0.000350380337390289,-0.000723100733284704,0.000893923692516392,-0.0032142394840431,0.000711099900022195,-0.000844870734463009,-0.0107246895550061,-0.0213467548648634
"343.133",0,0,0,0,0,0,0,0,0,0,0,0,0,0,0,0,0,0,0,0,0,0,0,0,0,0,0,0,0,0,0,0,0.00215540551447568,0.0261161346258325,0.00203010085925164,0.00148833896080689,0.00119841948712659,0.00176264684324583,0.00179301770619771,0.00286381647681161,3.37095969026174e-05,0.00107210338176793,0.00189208751113658,0.00143851029960689,0.00244266198193312,0.00139389275417222,0.00293411166596118,-0.00122700605675639,0.0026495811828751,0.00115173748402587,0.0139285184925169,0.0123024184444882,0.0152436255604492
"347.685",0,0,0,0,0,0,0,0,0,0,0,0,0,0,0,0,0,0,0,0,0,0,0,0,0,0,0,0,0,0,0,0,0.0344877364256494,0.000574209589544784,0.000530835407171599,0.000589249552909659,0.000568350469420829,0.000481977496046997,0.00287783141112577,-0.00111517779058963,0.00063391875829753,0.00047341093312813,0.0028351125008432,0.000987371958042221,0.000148052855307612,0.00227824566114789,0.000538155916416768,0.00272992636090168,0.00126789305683146,-0.00238662725362119,-0.00494441108716926,0.00402830767928797,0.0146591016043759
"352.24",0,0,0,0,0,0,0,0,0,0,0,0,0,0,0,0,0,0,0,0,0,0,0,0,0,0,0,0,0,0,0,0.0422795601196412,0.000889900605392064,0.000125094777365293,-0.000207787784463953,0.000864191841584045,0.000665304318611788,0.00189082388320745,-0.000856486780691848,4.46154179352849e-05,4.34500973295207e-06,-0.000642429856782449,0.000322937077349325,-0.000432122597443289,-0.00104728696072918,0.00120901715723152,0.000998143140130222,0.000305452747238824,-0.00166644506396085,-0.003587803438624,0.00372365931983904,0.000270475918432839,0.025226234845665
"356.799",0,0,0,0,0,0,0,0,0,0,0,0,0,0,0,0,0,0,0,0,0,0,0,0,0,0,0,0,0,0,0.0518143734889933,0.00202191745365657,4.04747850539042e-05,-0.000384041249924652,0.000453738129993001,0.00046288664780687,0.000629655816628397,0.000401157026010374,-0.00154093944200275,0.00018562444675358,-0.000367868773785459,0.000138347877395104,-0.000334743536090035,0.000521354263470466,-0.000424974868455586,0.00125732648379189,8.9687718059582e-05,0.000868778386753635,0.00434874320326484,-0.00344435398780501,0.00347571990930443,0.000268252206641921,-0.0117398476368316
"361.361",0,0,0,0,0,0,0,0,0,0,0,0,0,0,0,0,0,0,0,0,0,0,0,0,0,0,0,0,0,0.0559073171509071,0.00323062847783273,8.59597210431072e-05,-0.000124783405632117,0.000206640153464934,-0.000176774990864592,0.000387057786178688,-0.000818934994700163,0.000905447693711016,0.000564875373580524,0.000683985158032955,0.000841104653664003,0.000737886597918565,0.00116490402526547,0.00161086169376373,0.000875198680527796,0.000320592976871316,-0.000498760664435342,0.000616539534453735,-0.00372085260718446,0.00292841940921037,-0.00466626394236222,0.00804081801485858,0.00890052088211795
"365.926",0,0,0,0,0,0,0,0,0,0,0,0,0,0,0,0,0,0,0,0,0,0,0,0,0,0,0,0,0.0612062036252519,0.00538050835561683,-0.000151055714471063,0.000454821764741388,0.000517533366216343,-0.000284498338547973,0.000589367230151544,0.00137978162734385,-0.000717293498363442,0.000103695015203921,0.00067350869431099,-3.15908038931614e-05,0.000503849125685786,0.000818638490211957,0.000329065263445887,-0.00126044046970512,-0.000548111931275738,-0.00132474015872904,0.00283612371725171,-0.00235620296288604,0.000591851678484621,0.000555821813185249,0.000877699985828607,-0.00779747640803106,-0.0257011449568147
"370.495",0,0,0,0,0,0,0,0,0,0,0,0,0,0,0,0,0,0,0,0,0,0,0,0,0,0,0,0.0711731191031116,0.00580179955184775,-0.000208354935350753,-0.000369471726705508,0.000323777500800647,-0.000731948027404433,-0.000234792932741888,7.63899855419914e-05,0.000795694492831261,0.000274814685821953,4.85481994756433e-05,-0.000137075147032174,-0.000627734744632368,-0.000725191467921456,4.17912780506166e-05,-0.000677561660937308,-4.50216763787756e-05,-0.000196547190806156,-0.0014525954683423,0.000383307949933541,-0.00249000410049579,-0.0027932277095495,-0.000541906323195198,-0.000144957922590895,-0.00358954732569257,-0.00480785743545803
"375.067",0,0,0,0,0,0,0,0,0,0,0,0,0,0,0,0,0,0,0,0,0,0,0,0,0,0,0.0705625549494806,0.0103854178307728,0.000289225195291949,-0.000185357163507321,-0.000641719721221085,0.000138150661630515,0.00032696097574554,-0.000763057071260807,0.000292619785864423,-0.000292585141148632,0.000463873521698253,0.00136154101737524,4.81179069137239e-05,0.00118987593076328,0.000356728779841627,0.000847723766108116,0.00115378665882194,-0.000216120750477687,0.000321674946462811,-0.00023613177425176,0.0012164446986582,0.00532795899090109,1.96664662720659e-06,0.00408285233513595,0.00520501134142947,0.0071426953260916,0.0424006687105928
"379.641",0,0,0,0,0,0,0,0,0,0,0,0,0,0,0,0,0,0,0,0,0,0,0,0,0,0.0753691620966918,0.0109054542270637,-0.000591266800310325,0.000523167250875901,0.000732986164636354,-0.000124409594837137,-0.000143904740983187,5.57054659515895e-05,0.000687803457608854,0.000834246721210366,5.13796194197636e-05,0.000627805298245228,0.000775935772531389,-0.000873754234752874,-0.000109917702339543,0.000240533003539108,0.000556646375796173,0.000660006546426532,2.68992771941838e-05,0.000862622566774655,0.00217496689353281,0.000770221098608145,0.00107756088253519,-0.000934667879612374,-8.5872830146312e-05,-0.000696310454962202,0.00582390663469094,0.00921031756455972
"384.219",0,0,0,0,0,0,0,0,0,0,0,0,0,0,0,0,0,0,0,0,0,0,0,0,0.0784855209692366,0.0149069558230095,0.000286854811344149,-0.000330979007371191,0.000341442052727053,-4.54409097452278e-05,-1.46838141316446e-05,-0.00030717557266458,-0.000837810861177402,0.000104838135740443,-0.000417517665721213,-0.000452844019457876,4.49722039911949e-05,-0.000582693182052712,-0.000469285650506228,-0.000203545543644493,-9.85490451284672e-05,-0.000290079248537647,-0.000463235347077644,-0.000112682413734671,0.000114904823023049,-0.000126432812801605,-0.00234899044419337,0.00204029594209778,0.005635690561254,-0.00554064411415834,-0.00939851145956793,-0.00869124734640368,0.00913134306480099
"388.801",0,0,0,0,0,0,0,0,0,0,0,0,0,0,0,0,0,0,0,0,0,0,0,0.101592831093447,0.0174155722729582,-0.000969597388672523,-0.000276008877611795,0.000219162335063043,0.000276008829952907,-0.000227589242209247,-0.00045379188298455,-0.000205554786775718,0.000145139339741987,-0.000330307957008572,-0.000438540120871665,-0.000223337539367478,0.000347592750275974,-0.000239830906689973,-0.00118010520299059,-0.000547248713177502,-0.000618060031910656,-0.000635336235684014,-0.00117537638938257,-0.000675837948370869,3.0742799776844e-05,-0.00236481024399976,-0.00242600805483639,-0.00454068618003337,-0.00089601578063025,-0.0020912158825509,-0.0077492559576304,-0.014501944988653,-0.0120531045580712
"393.385",0,0,0,0,0,0,0,0,0,0,0,0,0,0,0,0,0,0,0,0,0,0,0.139682524610673,0.0222484566840874,0.000590846921893875,0.000464475547099816,0.000770350692110516,0.00114813422310493,0.000944066824497625,0.000926132149753623,0.00100595347139744,-0.00024583824529685,0.000231095847235262,1.2612298104302e-05,0.00103712382984691,0.000291652641254607,0.000709124659877687,0.000390024606864434,0.000533146762390243,0.000745589631800685,0.00064377630739863,0.000749148227558179,0.00120808065359764,0.000891897819685508,0.00145331309919306,0.000251952353049145,0.00140782613981936,0.0016620897391146,0.000115933389658318,0.00224832078518824,0.000255814764583397,0.00509939899827108,0.0247913924043125
"397.972",0,0,0,0,0,0,0,0,0,0,0,0,0,0,0,0,0,0,0,0,0,0.0874650790893596,0.0297793884806502,0.000482533896166651,0.000463683608325561,-0.000159040144878469,-0.000376332115502678,0.000102337330871666,-0.000155326681195014,0.000770442268194753,0.000837947667162289,-0.000559272328936412,-0.000528455757395719,-0.000753920125565681,3.44393580045841e-05,-0.000485792226307924,-0.000173421433295772,0.000190512794389809,-0.000169712361893168,-0.000620418798889877,0.000501485243334681,5.12758423596516e-05,-0.000196922781244916,0.00105248832189318,0.00093894855542666,-0.00180357952443399,-0.001818880204207,-0.00281905317707854,0.000166650056407817,0.00163278904537841,-0.00358883888619166,-0.000945034079493707,-0.00696809226204218
"402.562",0,0,0,0,0,0,0,0,0,0,0,0,0,0,0,0,0,0,0,0,0.0838906954296276,0.0279862479699489,0.00125293782678966,0.000122404839594479,0.000645917755910174,-2.62379716061568e-05,-0.000477211202863343,-0.000161187640237745,-0.000286545621659542,0.000756092819222065,0.000201188362387417,0.00010695609130636,-6.02418792653623e-05,-0.000249071914382631,-0.000291200806906922,0.000324500298495014,-0.000380317447999704,7.48198080435295e-05,-0.000682954024751587,-0.000283842851457571,-0.000230535924162767,0.000633864773357978,-0.00102928887922628,0.000446731894852834,0.000784941282179873,0.000319257188519802,-0.00119820924674541,-0.00233374356047751,0.000374395252106589,-0.000669322705200063,-0.00630609296957655,-0.00997234080060074,-0.0180491489209759
"407.156",0,0,0,0,0,0,0,0,0,0,0,0,0,0,0,0,0,0,0,0.079072015621161,0.0338738193413226,0.00112393396702643,0.000426687227601523,0.000277418253460264,0.000521738573153411,0.000563820280185494,0.00109142095708175,0.000422069801101696,0.000778003332353623,0.000962954918452802,0.000972063713321852,0.000886462554277885,0.000316063103469024,0.000284062473306067,0.000735416583710624,0.000109595019342114,0.000711034244155176,9.86142128062729e-05,0.000102601739788475,-0.000133145386333901,0.00099791769294184,0.000503142229542343,0.000924109912477874,0.000682842635210847,0.00235120470390056,-0.000532752576933868,-0.000200718837555797,-0.000328282572565474,-0.000314748053114018,-0.0017709531631538,0.00460186774293302,0.00941974579080468,-0.0296472729236658
"411.752",0,0,0,0,0,0,0,0,0,0,0,0,0,0,0,0,0,0,0.071539508102416,0.0377997744785731,0.00150640391000054,0.000705924878522749,0.000248083681649227,3.51090170260288e-05,0.000395323264706812,8.77677224298589e-05,-0.000259535524734277,-0.000257816313287522,9.53375303904963e-05,-0.000373875617204922,-0.000294556069151624,-0.000436709235789908,-0.00023828891788814,-2.4823712594949e-05,0.000288680733053648,1.32320827796711e-05,-0.000107182200899342,0.000599835668282831,0.00111451609881829,-0.000422706512923108,-0.00062224514584971,-0.000721895829374819,-0.000884788877948097,-0.000292322150518059,0.000602852818540544,0.000976741648644057,-0.00103623058153412,-0.000242421997997334,-0.00285803637413443,0.00131064355201858,1.20704652487339e-08,-0.0055230316801544,0.0231240937571773
"416.352",0,0,0,0,0,0,0,0,0,0,0,0,0,0,0,0,0,0,0.0425142645125667,0.00121709756284312,-0.000766844737801845,2.4059542637336e-06,0.000233542570428381,0.000115604397222712,0.000157325424021979,1.84969684170321e-06,0.000427763613126745,-0.000240229463820442,0.000641816696397735,-0.000419485300414644,0.000382933439456006,-0.000105592458647691,-0.000271587360686048,-0.000445727938468812,0.000216173566258113,6.46607945286872e-05,-0.000484989805663608,1.38069384159605e-05,-0.000863196609869775,0.000131071278104605,-0.000361701080235727,-0.000226018473275143,-0.00102234352652686,-0.000423678221505215,-0.0020423941374733,-0.00144719441146813,-0.000888180880206564,-0.000759706923984668,0.000972905468404301,0.000574351405731547,-0.00776676868820764,0.00412783667410604,-0.0183195146719067
"420.954",0,0,0,0,0,0,0,0,0,0,0,0,0,0,0,0,0,0.0430407353990055,0.00286354535810762,-2.05594911853227e-05,-7.41694702514329e-05,1.27576814055203e-05,-0.00047755154187285,0.000252331139051806,0.000418167554549915,-0.000362258047881101,0.000667023619278201,-0.00105090427196119,-0.000119295079510345,-0.00011943011549902,0.000338721470702071,0.000330436711198277,-0.000579607803783769,-0.000354207932847434,5.92484339089164e-05,-0.000328448619530721,-4.94950798797516e-05,0.00014866050358108,-0.000224907137237669,0.000116234853544107,-0.00031287895721257,-0.000978119942053012,-2.97477424377164e-05,0.000457945189378697,6.94836445544063e-05,5.9242504928544e-05,-0.00122437155844049,-0.0016452870750022,0.000903328751012468,-0.00574995593673256,0.00559549635177189,0.00787289269095581,-0.0148438560538979
"425.56",0,0,0,0,0,0,0,0,0,0,0,0,0,0,0,0,0.0456135706885525,0.00297972009049416,-4.81410948373123e-05,0.000545295070899971,0.000131510268550795,-3.78624804071484e-05,0.000224565030974797,0.000677174395345917,-0.000486364999524821,-0.00011504975057787,-0.000297045384426639,0.000445850952142487,-5.63292494544843e-05,-0.000312276632165538,0.000288522622067899,-0.000213812173064249,0.000319169442773781,0.000426648020101183,0.000497679159762477,4.33731693503241e-05,0.000254277901304716,-0.00045172487422903,0.000505085089555293,0.000201933550266481,0.00020406631955693,0.000279345272050755,0.000876073090927568,0.000133095203141145,-0.000935349919198442,0.000425501239878685,4.10509644676801e-06,0.00254375003161454,-0.000194635346399182,-0.00102880112413167,-0.000658618517442251,0.00375127385029747,0.0145346808286694
"430.168",0,0,0,0,0,0,0,0,0,0,0,0,0,0,0,0.049442386013885,0.0049087702291211,0.000194303085956546,0.000133093339129247,0.000652015912161255,0.000560020290184079,-0.000185492195768031,0.000367791362796745,0.000376286529813409,0.000362356865044128,0.000660319840880261,-0.000302276116169529,-0.000151559682757662,0.000566825932486488,0.000182336554159865,-0.000109155390472125,-0.000278813632908277,-0.000136016786162546,1.1950460614438e-05,0.000313448508261145,0.000148017913897345,-0.000436944855713005,-5.20327664238563e-05,3.60555425666625e-05,0.000394635958941463,-0.000446087056911653,0.000115984441488628,0.000715220747859663,7.47467893268e-05,0.000901750104266153,0.000648795034628404,-0.000650907688209887,0.000719077111612851,-0.00125323425282221,-0.000334952333723789,0.000646286122938185,0.00901846995767269,0.0392823470612022
"434.779",0,0,0,0,0,0,0,0,0,0,0,0,0,0,0.0535551251666131,0.00652015033794192,-0.000182213093918976,-0.000531472939691328,-0.000219599215358494,-0.000850788683732307,-0.000449797681482013,-0.000776314239398051,-0.000243264508803438,0.000231008354167563,0.000140792176588002,-2.10588668866224e-06,-0.000845921543226434,-4.18264554829296e-05,-0.000223800734507845,-0.000288874602988191,0.00012904986098371,0.000291922069680119,0.00022613716706789,9.07399683831793e-05,0.000321947354886329,-6.85883687997894e-06,-0.000190619019941037,-0.000616166674193949,-0.000399128614109776,-0.000820628105249055,5.45612683672209e-05,-0.000696762883531528,-0.000407916657433097,5.6957773611142e-05,0.000280015889476026,0.000182803803757514,-0.00160959094711363,-0.00150584986638256,-0.00288582017629508,0.00141674666554207,-0.00064453641544086,-0.00756826717802958,-0.00512663733404275
"439.393",0,0,0,0,0,0,0,0,0,0,0,0,0,0.0687443390734141,0.00826417446806126,-0.000326547696993265,-0.000146689149802356,-0.000363992935877269,2.15273784402649e-05,-0.000622893797641096,1.20090363838355e-05,-0.000556054882210027,-0.000335794853466412,-0.00059669286149194,0.000247685322814113,-0.000288178567318789,-3.96665837724621e-05,6.987755769168e-05,9.75238830110744e-06,-0.000543105885196184,-0.000513026403915858,0.000238777608782559,-0.000475981943850186,-0.000198064621335266,4.70089544834826e-05,-0.000352103403892024,-0.00053472155739562,-6.24894328539916e-05,-0.000157854852035291,-0.000340040294121088,0.000354168452850594,-2.65921271057385e-05,-0.00090874637526104,-8.84922508020023e-05,-0.000592307421546263,0.000130836651107083,-0.00126109363623759,-0.000259907904187842,-0.00315369578644538,-0.000196624451426496,-0.00565637741171687,-0.000212099050863911,-0.0116748599242087
"444.01",0,0,0,0,0,0,0,0,0,0,0,0,0.0665374378754564,0.0137905823117917,-0.000185508392432999,-0.000639195655274909,-0.000179472569843347,-0.000693533076903219,-0.000620641450789218,-0.000187404500805016,0.000228363838949303,-0.000268817510649276,-0.000205749480949839,9.89935091053121e-05,-0.000626993819729953,-0.000471505391094106,2.70785339168069e-05,-0.000441791802928724,-9.2484895458716e-05,-0.000352376951305366,-0.00039927778582669,-0.000105740275887233,0.000154331686322639,2.75549335740539e-06,-0.00044728611150067,-0.000537957106076284,-0.000368856643404583,0.000119328858278456,-0.000111052798093311,-0.000396286862997067,-0.000372513560068235,-0.000558523799142702,-0.000479051418209557,-0.000284636222475196,-0.00117314868101733,-0.000983218107341634,-0.00179519189789031,-0.0031800543688833,-0.000707482483987712,-0.00442718313994406,0.000949744779537944,-0.00984270136840213,-0.0280737704578295
"448.63",0,0,0,0,0,0,0,0,0,0,0,0.0625479201784576,0.0169575026082642,-0.000171512258222876,0.000113932789113699,1.63967717425611e-05,9.02251308407373e-06,0.000115627094483941,0.00016626287085552,-0.000389456124814946,0.000142906058511131,0.000494209093342751,0.00045949468672439,0.000177276819818738,0.000229489394927435,-0.0001343798530904,0.000235486865922406,0.000125934656215384,-5.7394828620923e-05,-0.000238353689787,-0.000481485351775453,0.000141869445303083,-0.000246837641354512,-0.000319069655071463,0.000151737629229507,-6.80260411494078e-06,0.000298180090768678,-0.000238533504889261,0.000487213774921167,-0.000199902224420013,-0.00012474443427311,0.000125110711267927,-7.384692454631e-05,-0.000524998544569329,0.000290739977656738,-0.000617447177130764,9.17907908163451e-05,0.00040146706060703,-0.00185405789486175,0.000586609067635887,-0.000414224724956981,-0.00789160746386742,0.00387620742530437
"453.253",0,0,0,0,0,0,0,0,0,0,0.0571306161179092,0.020335649462537,-9.02877259861047e-05,-0.000284068209250257,-0.000189057308871341,-0.000392649773603851,-0.000174229418798565,0.000350199513379112,8.72178637722368e-05,-0.000273256529621241,-0.000185239648789601,6.85626370743875e-05,0.000339250880085594,-0.00134363891120202,-0.000359669648712706,-0.000133805687778896,-1.56447062208184e-05,-0.000164848648699377,-1.58536780496675e-05,0.000279235144119563,9.8598592383762e-05,0.000236841010659413,0.000100364218505332,-0.000123611836377983,0.000445967937288343,-0.000329061577211461,-9.57554348834282e-05,0.000581121434052388,0.000721639863968166,-0.00013924936493884,0.000289274649875586,-0.000718614568287981,-0.000284239456588861,-0.000588770154210706,-0.000507295638010444,-0.000561559496108866,-0.00150534199348889,-0.000106380313913821,0.00050545662629673,-0.00147349374984389,0.000716748768280491,0.00136185018679593,-0.0305971554091395
"457.878",0,0,0,0,0,0,0,0,0,0.0483879022104861,0.019648574795803,0.00026638412188534,5.06312151878046e-05,0.000476736566814332,0.000283513072635422,0.000234232818003841,-0.000279604005125794,0.000277651513630875,-0.000103546935668871,0.000152105772987165,0.000514113080146702,0.000252344723924915,-5.69145575098004e-05,2.3156496363167e-05,0.000181261912313699,0.000249965876806558,0.000238559184784868,0.000671330231918002,0.00026254114795304,-6.32209256390656e-05,-0.000295228411250421,0.000291187681552914,9.94849254267216e-05,0.00029327381591236,-0.000568314564540856,-9.79944531135141e-05,0.000166172013218495,2.2412082384898e-05,-5.28983976784813e-05,0.000672129762807278,-3.54967284116759e-05,-0.000173829184183321,0.000718930429156274,0.000655203202906252,-5.87499130220647e-05,-4.52267289996044e-05,0.000266350902156663,0.000606778571004904,-0.00367773499060083,-0.000124018904203188,0.00324498462375448,0.00520484691347625,0.00618936165357369
"462.506",0,0,0,0,0,0,0,0,0.055947726848281,0.0215935530033133,0.00098179712264283,-3.98550879946056e-05,0.000295916927416976,0.000192385901365794,0.000343404616646856,-0.000146312705992529,0.000711143265909575,0.000292392983339638,0.000679027193558615,4.7763129816308e-06,0.000351469572846087,-0.000260506096473833,-0.000303737777973098,-0.000105390392944499,0.000178793638601793,0.000486845875862499,0.000513289066250165,1.67328044265293e-05,0.000154678771065033,0.000715837824342893,0.000367025088383113,0.000487121814875147,0.000291355678700974,-7.23518132591781e-05,0.000326230558371081,0.00039949469857274,0.000489553435481928,5.19778032076922e-05,5.44664279696289e-05,0.000780790156064405,0.000173697755370073,-5.22380846729028e-05,0.000845474020812209,0.000256736248947171,0.000101337019991831,-4.61343448904287e-05,0.000872880576893974,0.000917898457415258,0.0021632479042909,0.00416256738895572,0.00593316090740091,-0.00325541447761248,-0.00575418469057558
"467.137",0,0,0,0,0,0,0,0.0577890643777699,0.0273243109001962,0.000853897918406457,-0.00014330974598484,9.20704300960553e-05,-9.66870259100461e-05,-0.00028390790271018,0.000177878220919379,0.000450203185008138,-0.000144779548219586,1.72808730880937e-05,-0.000451391877094748,5.28180888256687e-05,-0.00074921963848908,3.02591473834955e-06,7.56104393879618e-05,-0.000184383331814522,0.000411114877251485,-0.000154185325166576,-0.000272390577416876,-5.57317880568442e-05,0.000144904688810243,0.000120578438141045,-0.000281320431368697,0.00032396320336956,2.61296782517492e-05,-0.000160127856772524,6.0441762536967e-05,-0.000229861493958542,-9.21127010170991e-05,-0.000369376961609942,-0.000379740721305289,-2.19191662761884e-05,-0.000642309604919299,1.44066260234332e-05,-8.64195240100099e-05,-0.000200372872873251,-0.00157877539916075,-0.00137680577062369,-0.000771973887242731,0.00101177251833458,0.00040118110400157,-0.00292216705749794,-0.00248190748104478,-0.0056764797868699,-8.24386939576108e-05
"471.771",0,0,0,0,0,0,0.0558558973976861,0.0326260063299457,0.00188699749454069,0.000586226094335538,0.000432611154897296,0.000344391507947626,0.000418422207004765,0.000807937507852356,0.000534561028330283,0.000915598923313745,4.82070141791595e-05,0.000328913082744104,0.00041083720653185,0.00088749785283956,0.000229745811639908,0.000797764919040635,0.00110142814938749,0.000692417998590471,0.000515522468125093,0.000396112088053509,0.000486641239307906,0.000405626341031962,0.000660077856591388,0.000567012403872206,0.000242123785313678,0.00058592434563965,0.000569388267962852,0.000622631449726757,0.000420284271487887,0.000453236770120939,0.000685481084862895,0.00057821321034829,0.0013137759791276,0.000619103674747533,0.000844344456986506,0.000105097913505139,0.00110335550038836,0.000953099609176783,0.00133338194086023,0.0013707083558234,0.00315854666225044,0.00172832863650614,0.00467887326526323,0.00346045079051983,0.00827611074596697,-0.000756340364395659,0.048528429930888
"476.407",0,0,0,0,0,0.0603891217997594,0.031567704147347,0.00167688030051161,0.000256418740079999,0.000421811829134614,3.85193341325841e-05,0.000808268087565227,0.000208402350129146,0.00028897260352654,0.000455896000926616,0.000467153228407425,0.000510443015697526,0.000187342146147432,6.33563728899417e-05,0.00059612788658741,0.000205405782898566,0.000351943981359108,0.000332622582658627,0.000837313198913992,0.000496713257636606,0.00034606148929162,0.00053174094578159,0.000625401391913878,0.000648862460224905,0.000330069803853101,0.000861482345628235,0.000506394025696157,0.000755448849492997,7.32257550330605e-05,0.000710441339127288,0.000697406031883989,0.000467808311479139,0.000506487540472632,0.000408493378934407,0.000795276098439797,0.000396757856620593,-0.000207460550874506,0.00180534688979609,0.000766109960939807,0.000332560789961409,0.00152801331174201,0.00158674812190552,0.00364663401987024,0.00145094776028644,0.00528945102194072,0.00480617962771203,0.0130615473157982,0.0259307876470181
"481.047",0,0,0,0,0,0.037273827818413,0.00197229964431358,-0.000368277144219784,-9.78037517990725e-06,-0.000184059373099545,-0.000345645371001437,-0.000326918044944441,0.000119951878863544,-0.000232664950520664,9.12656137689638e-05,-0.000389599566898417,6.49259104911521e-05,-0.000692604426638063,9.01422738848606e-05,-5.26457895098226e-06,1.07966525213571e-05,-0.000393060784795365,-0.00063381265227728,-6.86605618556093e-05,-0.000386194106676932,-0.000407747053218509,8.70650683712218e-05,6.3383278386608e-05,-0.000195974719648539,-6.88793120977815e-05,0.000108644730491609,0.0001480974805737,-0.000499072222520006,-0.000549580380183137,-6.54771501651935e-05,-0.000358363700379908,-0.000202330211896966,5.08196965034896e-05,-0.000529939735956274,-0.000534160152654567,-0.000822966244311679,-0.000426444356240169,-0.000530082859529774,0.000150574336638338,-9.53764699993876e-05,-0.00224393756001627,5.97147286214477e-05,-0.00201745023341446,-0.000610885331050288,0.00128936025244952,0.00126935393736723,0.00110482767781818,-0.014309479304458
"485.688",0,0,0,0,0.0419628661931804,0.00233267276741372,6.14338075996144e-05,-0.000312591443791826,-0.000206451478406376,-0.000311128819136913,-0.000237244272865154,-3.82473192089849e-05,-0.000111514381309152,-0.000209830731111207,-0.000227006987508987,-6.68518174914644e-05,-0.000599306535367009,-0.000215037961262241,0.000433863809824511,-0.000502840271917932,-0.000209521274109898,-2.5277698187261e-08,-0.00014316843336565,-0.000303553316740976,-0.000404190899823583,-0.000328489266875505,-0.000458637261309099,-0.000591303076337969,-0.00047277581771719,0.00011731397410731,-0.000695416657775095,5.76766271083711e-07,-7.7679406654081e-05,-0.000711329369237927,-4.90209694915829e-05,-0.000130488542656293,-0.000594202406089884,-0.000482833329969835,-0.000541455904387095,-3.28282947266118e-05,-0.000561590179870115,-0.000388640218221271,-0.000632180179402217,-0.000811653309138911,-0.000718722197278577,0.00028263046124449,-0.000111943190327641,-0.000924594305615923,-0.00363502350054299,0.0011064859946974,-0.00440093114435977,-0.00695930153145326,-0.0172363935285993
"490.333",0,0,0,0.0403823428398527,0.0040782943899022,0.000412618840166348,4.59438746112532e-05,8.74232605774448e-05,0.000255999610050561,-0.000103856962057494,0.000391523995229432,-0.00025927221005604,0.000112004114852579,0.000171542752973902,8.40755012829415e-05,0.000506726067232768,0.000207556343386799,-0.000561487608005434,0.000113360092400461,0.00101941474682881,0.000335124174762583,0.000395261169632471,5.44853606403815e-05,0.000618607386945996,6.67917429147474e-05,0.000120617015278869,0.00275862146907026,4.76363368402517e-05,0.000521943217783969,0.000211831088106398,0.000620167972642027,0.000341829644789756,0.000369683223766157,4.20204039135849e-05,-7.43833073252155e-05,8.05742892902969e-05,0.000607002580311087,0.000119479188827,0.000313737385088942,0.00095045684147835,0.000706947826086346,0.000806610621037187,-0.00056047319700839,0.000482091050141787,0.00078024896189395,-0.000702372237579509,0.000424755927771554,0.00106568193986512,0.000835384031160701,0.00190654883444007,0.00499496544768501,0.0109538428729455,0.0372962021143559
"494.979",0,0,0.0456205421719611,0.00408131392160758,0.000590561110980573,0.000730457443315151,0.000684290377552531,2.19426635158748e-05,-0.000108249507949221,9.80526888027165e-05,0.000397851956312388,-0.000198040357892113,0.000247916870560016,4.69493411563008e-05,0.00029830546208229,0.00116474777473506,0.00042182024500553,7.77116468220892e-05,0.000211390745387851,0.000456147089219031,0.000392549246001674,0.000718200332489054,0.000322375071560524,0.000495964852801481,0.000487174916133906,0.000979138709228122,0.000332705713988686,0.000118800182349573,0.000229404107533228,9.43674795481354e-05,0.000232736202931252,0.00030313562513425,0.00025143042764212,0.000305106944360396,0.000433946249069282,8.85627859493485e-05,0.00058703941087504,0.000594167334315563,0.00085642674835806,0.000123208142274337,-0.000442780008247993,-0.000480117230819385,0.000360681063857929,0.00102957574445162,0.000311966721898931,0.000681214772916668,0.00206511251674215,0.00298818253665389,0.000221246055562721,-0.0012236071657091,0.00509222051615379,0.0190010009102782,0.0545950364188846
"499.629",0,0.0451601707059844,0.00433036224788531,0.000325476252016654,0.000193910159355586,0.000561686525575647,-5.9001990796147e-05,0.000134497102381956,0.000171434422603274,0.000223855358490326,0.000229876955927135,0.000158872445862807,0.000373838211651891,7.83077369534951e-05,0.000182313425074956,4.66293009192958e-05,6.72912355324049e-05,0.000699661999526346,0.000319693712258679,-7.71227416090886e-05,0.000409687263935112,-0.00013382288738888,0.000383994544392629,-3.40530871189297e-05,0.000189269357443749,4.8241593733651e-05,0.000276283290360438,0.000307017560363769,0.000346397209678798,0.000312011992163031,0.000386315464210753,0.000163332542472716,-6.15474955346313e-05,-0.000118361420284679,0.000290733777016073,0.000158758004851946,0.000251131599184819,0.000306063061958049,0.000229107006452263,0.000245128975934098,0.000560597710902102,-0.00046471932157286,0.000102066624303309,0.000463526574648489,-5.70060671176014e-05,0.000607946784601751,0.00222324181803846,0.00270150802426155,-0.000783824581796114,0.00244855333048556,0.0053625371281783,0.009330464778329,0.00496898704522623
"504.281",0.0481129454258242,0.00466157893377038,0.000221514036019349,6.11683012531269e-07,0.00013644005706991,3.98391298554886e-05,-4.40559820003163e-06,-0.000199120574837224,7.84546759073759e-05,0.000137899212487421,-8.31376319401239e-05,-0.000227639259281169,-0.000102952615219506,-0.000423601956275809,0.000370004603541994,6.61111243690209e-05,-0.000244755638584356,-0.000241376872140782,5.48173229299795e-05,0.000357509949063069,-0.000161803811988798,-0.000259009075920132,8.93997216038419e-05,0.000103853919923023,0.000346059110745253,8.0282144320943e-05,-4.70541901579101e-05,-0.000440440644405335,8.69032664223207e-05,-0.000256582487900504,-6.099523718506e-05,1.58006227647201e-05,-0.000155503492162136,-0.00011071806091416,-0.00013224070503126,0.000158455806693692,8.02591599369153e-07,-0.000727533488628794,-0.000280159020209422,-0.000656368973283072,-0.000369055255571008,-0.000646545480707691,-0.000415149445519397,-0.000875781127204563,-0.000755548796368575,-0.000466128971317871,-0.000673541439291171,-0.0014338467719254,-0.00174591905161838,-0.00449088262405672,0.00400503831701965,-0.00104106291861755,-0.00836619743539607
"508.936",0.00716827971067335,-0.000280203079400998,-0.000271523054845977,-0.000453870700592649,-0.000399063057746155,-0.000177153580233157,-0.000202013027147226,-0.000189597957735624,3.90315356421534e-05,-0.000257238731843472,-1.91077455205955e-05,-0.000498267658694141,0.000128320065629533,-0.000124327400138959,-0.000969743442644609,0.000106416023603208,-0.000472681871925716,-0.000381143870117379,-0.00010895521479054,-0.000807654353928329,-0.000265609219698547,-0.000213582954761871,-0.000168940783491038,5.18663941330436e-05,-5.71372276740202e-05,-0.000429244606368713,-0.000533619248820603,-0.000266162572133292,-0.000250120065872022,-0.0002627217775357,-0.000222085586034678,-0.000237498717702498,-8.51487073417264e-05,-0.000428360740011944,0.000190442025361159,-0.000199478640207631,-0.000451126869400843,-9.69878265438954e-05,0.000155561184843349,0.000199543123404887,-0.000687582872588964,-0.000501993638156768,-9.88839395009594e-05,0.000148695452078348,-0.000442495404126795,-0.000486230541438155,0.000477484998788245,-0.00129074943287179,-0.000823559717789673,-0.00278425142853023,-0.00329378357512899,-0.0109091016865757,-0.0248770056695881
"513.593",9.82178521885881e-05,-0.000105370785596482,-8.53891332369905e-06,8.21104260845736e-05,0.000375738333454701,0.000104906013797006,4.47694687310286e-05,7.30997891162075e-05,7.27445149361708e-05,-0.000107979655881617,3.79233293017002e-05,-0.000270664161659646,0.000531956773371922,0.000623184252657706,-6.05533704398408e-05,0.000200389299357752,0.000148993422757616,0.000107108731534891,-2.7189231499161e-05,-0.000353790383453916,-0.000622170568511724,-0.000141526703114765,0.000741531269342653,0.000196870289643033,-0.000235904894485188,-0.000901547118678375,-0.000210670603931124,-0.000287928346487308,-0.000279986508715044,-5.35018560696922e-05,5.35358927156316e-05,3.06529442154871e-05,-0.000424211265746465,-0.000204945134967136,-0.00031193690167813,-0.000225109645998317,-1.80760453697599e-05,0.000312358995286728,0.000195467468957779,-0.000241951647951611,-0.000164880889249534,-3.84404410988106e-05,-0.000312245415237078,0.000229407877345275,0.000825989195885075,0.000162903878919187,-0.000498368914493616,0.000611745831814627,0.000488356814981022,-0.000305486377024378,-0.00211998994015686,-0.00147198348350508,0.00689744842370401
"518.252",-0.000990448579876904,0.000826910493594457,-3.42730638574966e-05,0.000196720143465642,-0.000133799575521335,2.41801090849201e-07,0.000249955802532599,-0.000123520009951125,7.23848628109767e-05,0.000214886962908836,-0.000100740874636212,0.000348460784538587,0.000211559508729505,0.000212496743596486,0.000492355246446965,0.000243466981045269,0.000117108918149705,0.000246029289341313,0.000593071595366665,9.51726676205665e-05,0.000243944430588077,0.000308264146133615,0.000211134721285536,8.90338766220341e-06,0.000469858200974141,-0.000259518392211985,-3.07706122171441e-05,0.000178161196871572,0.000294362013152472,0.000421947152417953,0.000706705263248171,0.000471504303037366,0.000331037893412222,0.000346419059113489,0.000514955934681953,-6.82736762726218e-05,0.000602767643937926,0.000117102667746327,0.000113227708186979,2.2319575949634e-05,0.000270270758876484,-0.000178087443614351,-2.73109592142032e-05,-1.5409631458627e-05,0.000382507877456853,-0.000617520350543334,0.00113971708022531,0.00155175040303637,0.00620639395757008,0.00281144391093857,0.00537583084704356,-0.00786033425539657,0.00262880533154289
"522.914",-0.000202930939273005,-0.000486203090715724,-0.000276283812582322,1.65078221834154e-05,0.000315658517693449,-0.000323119556891133,0.000214382332689067,9.34777811846536e-05,-6.7148787126957e-05,0.000118060466011219,0.000243715727915129,-0.000405769402739399,-0.000381776636797676,-0.000233312932271708,-3.64090721665617e-05,0.000249377262130117,0.000333471256197488,-0.000171178717128284,-0.000187730162761297,-4.73604873167275e-05,-4.65468335774014e-05,0.000218801036129895,8.78793588782022e-05,0.000136274827565075,-7.39842660827972e-06,6.27058480139699e-05,0.000138731946673025,-0.000107696045507456,0.000300246636224178,5.35113578387602e-05,-0.000354177650547682,-0.000112914554593729,-2.98132957571518e-05,0.000414296877257885,-0.000243382553216898,9.46600230827038e-05,0.000272754068894668,0.000482320440243302,0.000721894480057242,4.39429458159998e-05,-0.000104657977047022,-0.000746870285369658,0.00036541982469704,-0.000662883140534482,-0.000131800239011068,-0.000362238032896627,-0.000519321406820399,-0.000851758132227647,0.00160421726741955,0.00201814219659321,-0.00677546487358654,0.00308415585364509,-0.00519809209747379
"527.579",2.1863810357885e-05,0.0003447292243282,0.000233831106008377,0.000220135891394005,4.22756018449058e-05,-2.55137409442784e-05,8.80459211812753e-05,-1.68739532038377e-05,1.91960781505827e-05,0.000297933107750604,0.00036210503975471,0.000527537773632798,-1.17233780760773e-05,-3.74134826573848e-05,-7.33338050453631e-05,0.000637554816624693,0.000511762853347642,0.000277311925493837,0.000795445817537093,0.000246090188754392,5.61815668143901e-05,1.79458722208162e-05,0.000393572862127961,0.000441965306981518,8.51481700215955e-06,0.000211467951324657,0.000208792576785542,-0.000184452370037335,0.000485193768122875,0.000266917302334997,0.000513745614128329,0.00012128121442333,3.92977081033725e-05,0.00022734085731783,0.000366136295359143,4.40692895767058e-05,0.000799419445614971,0.000453754445275297,-5.01917084362891e-05,-0.000239220807174146,0.000677643310203265,-0.000252406701656043,0.000984203833708661,-0.000759026108590261,0.000628340373829047,0.000187935046057593,0.00108078364628659,0.000893113140794544,0.000619704331911552,0.00402840142637537,0.000572625945214044,0.00779465803485757,0.0318195738663712
"532.245",0.000450497481067128,0.000363363912013683,1.76197703122083e-05,0.000399009879851193,7.73902044207485e-05,-6.4691546140252e-05,0.000477055605135794,0.000199581593392117,0.000153601504613353,-5.62604640914682e-05,0.000386915035522573,1.75022164622812e-05,0.000211396708745314,0.000136945951716764,0.000369841852728947,0.000242026287584461,0.000209462466684085,0.000456657903639372,-2.68998233850238e-05,0.000217626788007169,0.000550434658062382,-2.61144594074693e-05,8.71778638158154e-05,-0.000135192698002612,0.000209492778922278,0.000618437251023482,0.000115934009836151,0.000100213186079743,0.000462089168681529,-0.00034234238006666,-3.73994096150267e-05,-0.000105920376342968,0.000344221829286445,-0.000280636432531326,0.000365756722800972,0.000189293162098785,0.000118545461823956,0.000511435269019127,0.000630909876539395,-0.000130609681561679,0.000806205541608757,0.000241109885715851,1.51447577198766e-05,0.000372607985960587,0.000116380359994952,0.00151394396862204,-0.000697547959577265,0.00101513020791683,0.000652999968800583,0.00054302623280907,-0.000763731775161058,0.0090630266290604,0.0232437252740366
"536.915",0.000573486310958595,8.74641711305632e-05,0.000148758605685372,0.000394122606509241,0.000233850592973653,2.64348366931778e-05,-6.83217108163919e-05,-0.000115312183493705,2.42803733345024e-05,0.000124760652737515,0.000598450217293418,0.000267639546904195,-0.000203759091922042,-5.33231081585911e-05,6.7313021405087e-05,0.000162823757463291,-0.000140679399414963,-0.000147846620514534,0.000297917870216122,-8.56250579022544e-05,0.000150997211000304,-0.000494071507711952,-0.000184403398650251,0.000385913223265328,0.000268491920871619,0.000284800370010851,0.000366743626699379,-0.000240502984420321,0.000241530061921117,0.000315943700893897,-0.000113524652565257,0.000732488538020321,0.000393954962522241,-3.04774882877924e-05,9.9017271046596e-05,-6.81798658389955e-05,0.000248367933912668,0.000282523482313293,0.000431577755513066,5.56686197505426e-05,0.000141885013161903,0.000371135404015848,0.000965034568672366,-0.000341045474478705,0.000961576381209478,0.000422736218540832,-3.2611959737458e-05,0.00410423420629805,0.00272937430490429,-0.000117178285242546,0.00433275067914242,0.00436291539149708,0.0184508728563397
"541.586",0.000371845600040776,0.000506961513105412,0.000158876950591296,0.000107907931045107,0.000601025252756786,0.000587375524165713,0.000392312069280497,0.000221242283591213,0.000308557368683159,0.000344160071585879,0.000158995462785731,7.52425545935665e-05,-0.000206519368050518,0.0002093248302649,0.00019583738882558,0.000269225686017858,0.00046685788351293,0.000673714367834162,0.000620101486347343,0.000752583945935936,0.0003613100306913,0.00046415369722074,0.000151554044350976,-7.79708037125775e-05,-4.92653907097998e-05,4.80020172997823e-05,0.000189203672203259,0.000361390524341653,9.45984096175535e-05,0.00052121902052074,0.000115820748817984,-0.000269555734239763,0.000710107766527834,9.56734431273579e-05,0.000464350233558766,0.000463925779141619,0.000611136905906685,0.000471778191214567,0.00116252454857373,0.000222428227499282,0.000321949729798037,0.000685450343391869,-0.00019996075729119,0.000760919244954528,0.00151347436459305,0.0010898648481382,0.00447153024997801,0.00331373682805261,0.0022703247110069,0.00232315102250198,-0.000389265982287074,0.0116396816073575,-0.225489489238156
"546.26",-0.000671208714254409,-0.00066684844731379,-0.000762795336988197,-0.000525754944597186,-0.000755938185743082,-0.000677372201597857,-0.000378774266457282,-0.000412245761673639,-0.00034942546741039,-0.000161682478631088,-0.000648950761293444,-0.00115095484105676,-0.000607628532447525,-0.000818716311431993,-0.000675001059917779,-0.000805220938588128,-0.00102732263460182,-0.000945991349649173,-0.0008074443273025,-0.000796215294066731,-0.000766177133034877,-0.0010242522358288,-0.00117522249680693,-0.00110702592813712,-0.000462706151284905,-0.000474043097658827,-0.000784784999345484,-0.000656207011798003,-0.0010825881934371,-0.000625617903888038,-0.000836867634236044,-0.000814086234204512,-0.00121633012404774,-0.00129140662251548,-0.00052517098926763,-0.000994952852077397,-0.00126646028106751,-0.000989214565264957,-0.00189038835689534,-0.00154334376374491,-0.00140178335101731,-0.00198950095504007,-0.00149806340593503,-0.00227419509843367,-0.0025695710548668,-0.000443389148711698,0.00113155996825404,-0.0027259348157039,-0.00491513029745957,-0.00564870065796251,-0.00979978167037687,-0.0149502392252736,-0.0320575513145485
"550.936",0.000676481168330576,0.000514088643655939,0.000482908977801366,0.000395660304728778,0.000384739571838416,4.05990790946546e-05,0.000224540522553918,7.37721116171753e-05,0.000794438796577833,0.000372269990579543,0.000207029872198084,0.000314685589739837,0.000652736989832812,0.00027515640529262,0.000527495024372834,0.000811353446533995,0.000682046337056188,0.000269942054679169,0.000397694812283982,0.000127459451667623,0.000781703534461454,0.000914887258512692,0.000614757557289995,0.00066787943631657,0.000358284985802936,0.000477596433463607,3.22324251065863e-05,0.000318723955061844,0.00050224661477371,0.00046555084257792,0.000547036917759001,0.00039162383892152,0.000720170174236302,8.15191335499378e-05,0.00052980702829468,0.00013379105161884,-1.79389620651855e-05,0.000559500832425422,0.000579199677564038,0.000721441635693191,0.00094237031517018,0.00073480858249852,0.00119422977819979,0.00140897053279112,0.000774614502109328,0.00602301033133851,0.0033168546424243,0.00069615316425236,0.00553040715370995,0.00563897404516021,0.00720863646356453,0.00731342063575251,0.0276101042233643
"555.615",2.26358318950227e-05,-2.93679313296661e-05,-0.000321776400919205,2.58183332697644e-05,-9.41583775020155e-05,0.000115119829308346,5.2250327886456e-05,0.000206796943628535,8.9655587993836e-05,0.000174756859224524,0.000136046278145937,-0.000161707644556476,1.73401929084104e-07,1.09564097989167e-07,-5.33211531153672e-05,-6.06133601093551e-05,6.44201100336553e-05,-0.000160456826288546,-0.000351699287672001,-4.87060146373286e-05,0.000106423867748772,-0.000371360925707584,0.000145453737772066,-0.000386602411700532,-4.96551880634699e-05,-0.000137472003003058,8.80937565130864e-05,0.000239268377584784,0.00039149834601306,-0.000101993916349611,0.000125536772349519,7.97425610023061e-06,0.000246381204220696,-0.000282728098249554,-0.000277453148632499,-0.000141751840243934,-0.000121456436864299,0.000320129562290155,4.28414691873314e-05,0.000225963657351045,0.000581065690610644,-0.000169304815716578,-5.40006059691774e-05,0.000388306952992583,0.000643636997467369,0.00693241002813275,-0.000243578133672942,-3.16517768771379e-05,0.00035572032065325,0.000449854184970039,-0.0026692118213123,-0.00677865717548454,0.0130865041562773
"560.296",7.85546240994739e-05,-0.000695428238508273,-8.97340900083686e-05,-0.000845352343486597,-0.000867569830465336,-0.000131464692525053,-0.000212025824642136,-0.000217170126182851,-0.000249526774257164,-0.000345178384708442,-0.000325520609839356,-0.000687375068101543,-0.000421203094691651,-7.1007010418495e-05,-0.000599545674632099,-6.08332882055523e-05,-0.000548675415783586,-0.000508812705543999,-0.000287998478685734,-0.000767312550080904,-0.000155103266038576,-0.000473164596128663,-0.000644492730528595,-0.000723522933438252,-0.000577527508298723,-0.000293117417726897,-0.000819243227434034,-0.000632711880608505,-1.53882174028832e-05,-0.000364084019489338,-0.000266626284048751,-0.000313691293764294,-0.000691423902683689,-0.00042944326308574,-0.000345898037680306,-0.000749060253833017,-8.63360700790067e-06,-0.000590984172290597,-0.000814359616984976,-0.000373687651992682,-0.000485204154374717,-0.000248870313249992,-0.00147225511416453,-0.000582689072846217,0.000607089869746252,0.00265088031140764,-0.00176991165769899,-0.0023642039306895,-0.00466843368691264,-0.00290173005590878,-0.0044684513016236,-0.00397199183373934,-0.0344065100042974
"564.979",-0.000775479229008602,-0.000601184004820153,-0.000843193874813417,-7.5993062542168e-05,-0.000764209733912474,-6.22992181236711e-05,-0.000250496689149229,-0.00027033107980895,-0.000110792061140735,-0.00025975696717339,-0.00028245341845918,7.62992450466677e-06,-6.52060262733972e-05,-0.000366629708639294,-0.000286651316823595,0.000146351690255682,-0.000309319705009888,-0.000984231931623991,-0.000225110299565735,-0.00036711842583256,-0.000597071955734055,-0.000110229177551145,-0.000200824290105723,4.480837178951e-05,-0.00010129089864263,-0.000582932042005464,0.000194625209517938,-0.000201909314674597,9.73754516455841e-05,8.05452239102516e-05,-0.000355991699330609,-0.000419713630921226,8.77430800640767e-06,-0.00039290263503775,-0.000204250230082133,-0.000125002658304973,-0.000341666363531671,0.000213304319311255,-0.000971410653402682,-0.000514403298201163,-0.00090571131458103,-0.000197347595466307,-9.88868585308075e-05,0.00105745855628762,0.00270621766579973,0.0010139713285116,-0.00109482948445808,-0.000805471093361829,-0.00407978446916697,2.85986173597999e-05,-0.00551131635804264,-0.00324850716712184,-0.0318398467345571
"569.664",-0.000294476882315156,-0.000555367623362654,-0.00072141764650045,-0.000737320428895259,-0.000256480220766308,-4.10072746191165e-05,-0.000159371536184101,-0.000623319284133852,-0.000273973464310391,-8.92015863196466e-05,-0.000615359652296578,-0.000180659346159061,-0.000568068395619492,-0.00040941171845091,3.95198699762306e-05,-0.000418401074627635,-0.000303278221946283,-0.000336125059866026,-0.000481639596431203,-0.000520096680303561,-0.000591631640716027,-0.00106439652029007,-0.000840591205540644,-0.000591788009815482,-0.000476137467910563,-0.00025597740032139,-0.000334578998602888,-0.00024421514621523,-0.000577263259976114,-0.000410608697586523,-0.000286799977790806,-0.000686201627606556,-0.00033080362872904,0.000215484572180121,-0.000429005935737571,-0.000380402934072098,-0.000104561358527095,-0.000448108723060871,-0.000451068274442486,-0.000506472115815008,-0.000726927508559367,-0.00109598138436511,-0.00021624196509707,0.00127941100145382,0.00327289269313859,-0.0012005399111749,-0.00183109921068784,-0.000705310326513315,-0.00374279221348326,2.24987602508962e-05,-0.00605644293629929,-0.0105686361457608,-0.0330771939750558
"574.351",0.000799798957886407,0.000153233245963705,0.000175536073163568,-0.000256181283602304,0.000259109235158254,-0.000602479170563346,-0.000102326627099073,1.37467186751965e-05,-0.000107462252488104,5.99731813699229e-06,0.000273610646262351,-0.000197913937018491,-0.000116276962239376,0.000631677734996644,1.57121679811257e-05,-0.000234467887557546,0.000215098556101733,0.000278325541123961,0.000400098732401007,-0.000413740746647884,0.000218814381484297,-0.000280241622669221,0.000213877666264976,0.000361924657791891,0.00022314432859427,-1.67090436139079e-05,0.000321018484492543,0.000533825699636458,-0.000410458318539348,0.000114080019414437,-0.000168950627379866,3.21491280415732e-05,0.000366790546194372,-0.000200114285521999,0.00054622128290179,-0.000192214353884807,-0.000154544193915469,-0.00029790510603824,0.000152314278561555,-0.00012744201291528,0.000312624448782245,-0.00016039451446605,-0.000426572284819789,0.00425545150270652,0.00159850182685025,0.00083347957927771,0.000326693315024715,-0.000744971554938981,0.00174553010400971,0.0041582076002918,0.00417408899359598,0.00736284592880639,0.00673679115393424
"579.04",-1.11551616683675e-05,-0.000441561914849489,-0.000388437126710381,-0.000123464141561711,7.30580830079226e-05,-0.000408545316567663,-0.000140622188756098,-5.45619527484467e-05,-4.64573536312474e-05,-0.000272323342054356,-4.04223547537821e-05,-0.000319700336003947,-0.000418927254305869,-0.000310242778417019,-0.000373357936378898,-1.56978839872732e-05,0.000225363419209321,8.86375049871416e-06,1.8110397731526e-07,-0.000396698417691185,-0.000270755219237206,0.000113538471253277,-0.000488552630479141,-0.00033795456991924,-0.000527868774204004,-0.000303015679667585,-0.00029055080126471,0.000124514586485644,0.00332478084155894,-8.98270756679439e-05,-7.84792352053333e-06,-0.000422306608477118,-0.000188536515775882,-0.000461619744595534,0.000210396199293477,5.61329873900755e-05,-0.000262731798854408,-0.000268888088714146,-0.000437521259913497,0.000129665305666465,2.72674146123075e-05,7.1413964878518e-05,0.00210528988856315,0.00296750806579849,-0.000239947188990479,-0.00201398065428,0.000121616407680377,-0.000815511442547051,-0.00132141322078556,-0.00360140219696224,-0.00328710196493315,-0.0109519732641222,-0.0141814755634393
"583.732",-0.000162056776348026,-0.000535827638770828,-0.000791439534425572,-0.000518656630410124,0.00013943354265105,-0.000230497961159693,0.000211366969377353,-0.000160667907682005,0.000109134564945455,-0.00054204837381231,3.38607031975444e-05,0.000136443714294767,0.000244788171439779,-7.98822542449467e-06,-0.000511717558578451,-0.000420569394494995,-0.000125847813541292,0.000150375034193654,9.74184755694987e-05,8.21605870419177e-05,-0.000272438092386615,-3.73362420095927e-05,-9.10526001631989e-06,-0.000302928074197676,-0.000391511164798504,0.000102003919053872,-9.18263985291968e-05,-0.000158368983512017,7.54527804507378e-05,-6.53731728372061e-05,-0.000326547805341465,-4.02262195455511e-05,-0.000181546792422803,0.000119557678007102,-0.000131634965166199,-0.000853486530317292,0.000207720000432852,-0.000406380533788252,-0.000946741316671026,-0.000163863144047072,-0.000149014017410953,-0.00021570855131927,0.00224477958707721,0.00229362648226496,0.000228702509530142,0.000103600841813359,0.00215312111906719,-0.00393155879105799,-0.00101011161681605,0.00110403626167226,-0.00134388540578181,0.00372946632200381,-0.00936144663642686
"588.426",-0.000641002205771893,-0.000287544258552462,-0.000662323028509676,-0.000860624941499522,-0.00040357367592482,0.000134179769189114,-7.91130420141057e-05,-0.00024941371906353,-0.000114900227906822,-0.000159165947298149,-0.000381463050249612,-0.00030737366565193,-0.000746116232984653,-8.08165778055979e-06,1.64473809275094e-05,-0.000311117164741192,-0.00057412283941987,-0.000665601117841223,-0.000398517579388493,-0.000226222891348384,-0.000344967504621376,0.000171885512188278,-0.00057983195463601,-0.000323272202164937,-0.000262168445177085,-0.000366111382558949,-0.000134176042353504,-8.36444246515814e-05,2.54022221561743e-05,-0.000281272298588777,-0.000295618433846834,-0.000714857524516562,-0.000623362211664096,2.59666659147725e-05,-0.00043269836216712,-0.000484929568656419,-0.00111498708577543,-0.000324787146332313,5.60344844153247e-05,0.000309301751441398,-0.00123031750470949,0.000994166658700106,0.00478386225326111,-0.00136944612374967,2.30313129667536e-05,-0.000296151046537252,-0.000709636297281146,-0.000377407824845549,-0.00185816954463025,0.00045779869647043,0.000103965469757483,-0.000398855772016975,-3.31874740546701e-05
"593.121",-7.99823166410178e-05,-0.000630689871439916,-6.04651037691244e-05,3.09847751001676e-06,6.95929183992195e-05,-6.33424051305627e-05,0.000101482191215438,-2.77690314508838e-05,-0.000110235812682183,-8.61338973957576e-05,4.10403461247964e-05,-1.63030523045305e-05,0.000119321722767593,0.000157985873526435,0.000363953677495817,0.000320918162728412,7.65370160216053e-05,0.000241001331453962,-5.79824659932822e-05,9.32422658046362e-05,0.000123124089917803,0.000297097580127946,8.64531320608213e-05,0.000251514998243801,-0.000237687269898576,-0.000316470323572333,0.000422509223181801,0.000101328320411542,4.25570379184181e-05,-0.00024086946043927,0.000429695627219765,4.18299161549176e-05,0.000192466170003077,-0.000409949877494708,-0.000239373357638063,0.000404010014131974,-0.00056493272357621,0.000433517606800485,0.000301761026776995,-4.65176176697602e-05,-7.70329692997441e-05,0.0039019320070016,0.00215276403699899,0.0010822372740568,-0.00130611347432476,0.000779119947044576,8.17878755450113e-05,-0.00104423119430257,-0.000466540774414933,0.00288197284322787,-0.000939869728350692,0.00278271474297297,-0.0327146140561483
"597.819",-0.00045679551174004,0.000197761536915923,-0.000244183042808414,-0.000643247092807554,9.29459828919946e-05,-0.000199154591655964,-0.000176414238925159,0.000233517960419202,0.00015315551898437,3.09474590129274e-05,0.000172170993426498,0.00024506171025493,-0.000342951760250419,0.000342598456479892,-0.000553031723418874,-0.000492240902934611,0.000179387182749898,-0.000116573983465244,-0.000186939168455323,0.000177163169943538,0.000205407096556402,-0.000192735803889506,-5.72565028177055e-05,0.000439535143789337,-3.50982100664501e-05,-6.0094955488633e-05,1.71769924595231e-05,-9.31638245254695e-05,-0.000576307338059302,0.000109435110294832,0.0001165356970999,-0.000132243562853305,-5.02107420696828e-05,-0.000180082659219295,9.83924747673039e-05,6.6997957099186e-05,0.000250144472758859,0.000192078730428172,0.000706875904733544,0.000648930396885844,0.000882132339269009,0.00386864032086792,0.000100062687557798,-0.000746698137492281,0.000712624951945733,0.00010746767891061,0.000331548176438205,-0.00109420119098454,-0.00075215274199169,-0.00118360983600443,0.00273171164839645,0.0101957184322722,0.0158641274333102
"602.519",0.000587377261159578,0.000250035363686029,0.000154548539779201,0.000550813988302929,0.00058373827715189,0.000416481978126007,0.00029719790042408,0.000282561509592979,0.000117102718919415,0.000386766872604177,0.00032619337697212,-4.12506241263323e-05,0.000311189343157534,6.74082556423433e-05,0.000508302356600326,0.000748060957931195,0.000223887946051319,0.00052472826312171,0.000208435107571496,0.000356921233980821,0.000641711665210468,0.000815961288723921,0.000358983849853211,0.00031989250457829,0.000634088090943176,0.00045158642447339,0.000599742242902385,0.000487194787040898,0.000179495773080093,0.000481994891663387,0.000117793057464599,0.000914031946509788,0.000636547808981307,0.000537920988847623,0.000784486291872566,0.000828638040285516,0.000312928150179252,0.000985497737459605,0.000397001399867538,0.000887815891212411,0.00288004788371414,0.00202946437211485,0.000829320368852342,-0.000195305289750499,0.000929342326955375,-0.000185699897528415,0.00137404592404578,0.00200915035118588,0.000237766821699583,0.0047142899100541,0.00720058971808878,0.0126943569048916,-0.00458099832772581
"607.221",-3.11958409958523e-05,0.000141509062487037,0.000261571813002266,-0.000317857955410274,0.000133663808025726,7.98938104874877e-05,0.000163539240500561,0.000190098469730904,0.000145004869613307,-0.000214013312973349,-0.000259112945207962,0.000166106370821472,-0.000296311770047666,0.00022965713380859,0.000480082441667607,-0.000598831404932545,0.000260514203980976,-4.55022170898503e-05,-0.000280084338541074,0.000169393988544686,0.000240521316395302,0.000205752082159698,-0.000518045413248944,0.000265737722681682,0.000171432128983969,-0.000280024736286825,6.92666989088132e-05,-0.000120605825577584,0.000129329068715814,-0.000102033332191608,-0.000321243519829298,0.000397376302149838,-0.000187354332113495,0.000218960668526304,-0.000327266784833896,0.000192315120563484,-0.000140955822620487,0.000120472559849129,-0.000533477412878502,0.000815237706217498,0.00457408104142512,0.000842424288750156,0.000253114583166909,-0.000469237449685179,0.000746494932791222,-0.000460853092747803,-0.00118378303396395,0.00262334966795187,-0.00148302379658136,0.000201265708803139,0.00406016896467583,0.0052892224187564,0.0156865873913416
"611.924",0.000208457118406152,0.000335314106753443,-5.83031205595912e-05,-0.000220604282559077,0.000174384099210763,-0.000307243471720051,7.71130882330643e-05,0.000129576188929274,-0.000178937649558632,0.000254199439750295,2.12376547412648e-05,-0.000268382100172014,-0.000308153611365127,-0.000128690364014329,0.000292306347586479,-0.000488736334761685,-0.000587258903738464,0.000165857594461774,-0.000181660723753194,-7.2882198914332e-09,-7.3740132634486e-05,7.89339154118854e-05,0.000217216450534085,-5.73969139186955e-05,-0.000100180370062319,-0.000521841247692564,0.000278945262060509,0.000278293650565973,-0.000286995232742569,-8.58449615991237e-06,-0.000136400654980199,0.000299328973594574,-0.000604559788786146,-6.12488589494002e-05,0.000211167267261402,-0.000746277940630074,0.000309295216964875,-0.000150540043647119,0.000131622678203511,0.00291192835058026,0.00148978564987613,-0.000471416088744355,-7.77740941955438e-05,0.000147769673720444,-0.000209282581725535,0.000521012074105653,-0.000271616006659411,-0.000414645635998341,0.00159521754093224,-0.00473356745695845,-0.00323617437068528,-0.00430972836093078,-0.00663931990788853
"616.63",0.000209178967488311,-0.000447067990842721,0.000177920548903961,3.74469489004171e-05,1.60561091018502e-05,0.000288316114475513,-0.000161158545668435,-4.36039306640741e-05,-0.000148034152813052,6.42623065188218e-06,5.00578053484673e-05,3.3841612566532e-05,0.000560723285783988,-0.000433966128809372,-0.000126496299564558,-2.50965978282893e-05,-0.000124075872862412,-0.00039117002121315,-0.000286024735304734,0.000280920487343227,0.000394551610490866,0.000290112912119246,-5.94029315897312e-05,5.81789577761601e-05,-0.000386162640108407,-0.000196539760516511,0.000168015399671167,-7.03163719889174e-05,-0.000185061361059619,6.11626441830043e-05,0.000275611681667853,0.000155097596414202,-0.000218339994916775,0.000508779689852537,-0.000166692322639065,0.000265120958398024,0.000147211133889367,-0.000405446169235965,0.00117632609130527,0.00346774406071355,0.000341278701473728,0.000840626523243706,0.000739711316477522,0.000796241713648079,0.000814463829907216,-0.000654836658794381,3.42814064610616e-05,0.00164453101627669,0.000440280791411151,-0.00211864695178538,-0.000763505738939982,0.000205085170363275,0.0248007417368308
"621.338",0.000320816187294659,0.000209480725545534,0.000258633706761882,0.000627422946462848,0.000500557088730571,2.23340139587122e-05,0.000453846255862691,3.91365908661102e-05,0.00029286135596486,0.000181333799440722,4.32141660688181e-05,0.000290551237308309,0.000278229070179403,0.000542302040329141,0.00043387693294546,0.000211025864952565,8.05141578173669e-05,0.000694937906547662,0.000329406121897505,-3.25187429268903e-05,0.00073059667033061,0.000383101774624559,0.000392651842012174,-7.82938309801503e-05,0.000546930686887453,0.000468396665788159,0.000373659192752894,0.000212984749692731,0.000868979315116926,-9.61973914561132e-05,1.74677587011585e-05,0.000861358274678177,-8.75787001361035e-05,0.000298069052859449,0.000243560876482555,0.0006730863000396,0.000797153540019547,0.0002600087306762,0.00330990943504462,0.00336106437613563,0.000552621515744163,0.000628045952425116,0.00115029374110958,-1.60389074067456e-05,0.00154804474018204,0.000725712188389139,0.000984995055035642,0.00292994931825758,0.00211767357526658,-6.94971610930039e-05,0.00692564564486031,0.0144351421996922,0.0369599305057217
"626.047",-0.000124198745914439,-0.000288111308693101,0.000110737886717314,0.000104384262463244,-0.000179305342541734,-0.000247996960861973,0.000164244755670128,-0.000143085939834088,-0.000195258628764047,-8.50018242497783e-05,-0.000334679529522529,8.61971137598762e-05,-0.000135788313947214,-0.00010586939465673,-0.000137275823815823,-0.000195951904082598,-0.000351657500953921,6.60834884912218e-08,-0.000103314947253937,4.39081491020537e-05,-0.000227711533806588,-8.14006470340844e-05,0.000234035417221321,-0.000394658562698331,0.000206044285560663,-0.000318388013626778,7.18695623210883e-05,1.80413893622419e-05,-0.000241295839868779,-0.000273739077696803,0.000237759885889307,-1.72665451100156e-05,-0.000328311082081086,0.000155359875034813,-0.000207550648509075,0.000181766090002606,0.000352025108445475,0.0011942036800696,0.00216514088347528,0.000727457265957126,-0.000378789646613033,0.000236622660119382,-0.000161869822320794,-0.000651840672115552,0.00056900119880007,-0.000952488726093528,0.000130932036773163,-0.000349218437659517,-0.0014907660972714,-0.00319912838902913,-0.00133180117568779,0.00464692707755812,0.0236581781542609
"630.758",0.000176571483167112,-0.000201170682645635,-0.000253717950625824,5.74310031906831e-05,0.000140206742765994,-0.000144316844972975,0.000137451243114843,9.98014228901133e-05,0.000214270464221507,-7.93050285591279e-05,-8.08755669607124e-05,-3.49797120615806e-05,0.000109907228487423,-1.75790543535926e-05,-0.000173384192430101,1.71430695981006e-05,0.000100277502838189,0.000507889499280273,-0.000304540454633233,-0.000210966619508263,9.92035155198648e-05,0.000133967305000513,0.000555003530330725,-0.00040836646724755,-0.000312043328445231,-0.000514765595730441,7.28566996011908e-05,-0.000135525258489453,0.000407225370924642,0.000286910640566966,9.80871655302999e-05,0.000302314447805101,5.01533238359529e-07,-0.000541363806702794,0.000229579682575113,-8.85589083193992e-05,-0.000506376151579032,0.00227361186842768,0.00278499472656136,-0.000472885032146863,-0.000561155988878237,0.000105301246704704,6.85538921172315e-05,-0.000160166461312627,-0.000389540735742095,0.000353005587053415,0.000616006667800741,0.000590583346298674,0.000502797902651298,-0.00154490761521461,0.00235582567280544,0.00191827971987603,0.00155878684549316
"635.471",0.00027950203338946,0.000124587984629664,-0.000286418072389524,-2.88338427148365e-05,0.000307321652274617,0.000375320826954529,0.000149913532312602,-8.54589840760581e-05,0.000352284995519128,-5.32766209688668e-05,0.000103718664103526,0.000465895218382675,0.00072856215217122,2.69839137362084e-05,0.000341214420797092,0.0001388752806535,-7.34768606975327e-05,-1.93399944250954e-05,0.00063511644706364,5.61237001831233e-05,0.000375562789951995,0.000134835752963187,0.000299565720223356,9.69300799492646e-06,-0.000276251788267719,-4.60947257423357e-05,0.000457045334804557,-6.38853200713659e-05,0.000309830472801934,0.000433377480104395,0.000152290654806407,0.000134520407896046,-0.000279835887353535,0.000361512488597942,0.000376282851444565,0.000266589649415054,0.000630579180546041,0.00310437751750881,0.00134658787388969,0.00105829807682646,0.000249574278523589,0.00046571687024206,0.00051974278440916,-0.000179606721480267,0.000814866197357462,0.000380520156647409,0.000328089867161684,0.000556105884299096,0.00010158063431773,0.00056859382629999,0.00327826634232528,-4.71776955519496e-07,-0.0155362303164006
"640.186",-0.000647899302013947,-0.000532855398637612,-0.000666449058180542,-0.000819766054072498,-0.000923489013791192,-0.000805692633213442,-0.000190706536056327,-7.55290954006173e-05,-0.000278945682184779,-0.000386973722032352,-0.000497357902254497,-0.000176233827957444,-0.000637712842837708,-0.000585640230817879,-0.000131843027201811,-0.000286944858288103,-0.000220896025881415,-0.000512656694793056,-0.000562127743362572,-0.000168441110832601,-0.000597855069859331,0.000550657435820349,-0.000570146840747174,-0.000321994207542702,-0.000315211356477301,-0.000269290161402104,-0.000421413844686506,-0.00018286675069931,-0.000200439238831385,5.40065833618476e-05,-0.000250881920620231,-0.000546116217298965,-0.000480740390599239,-0.000944581266343888,-0.000345845456466879,-0.000230200945330877,0.000172584764991886,0.00158164699882433,-0.000348952349440969,-0.000555490976376509,-0.000401229517540643,-0.000795624848999078,-0.00179117255946258,-0.00164089220726112,-0.00112440517975067,-0.000867417392001173,-0.000554596111430189,0.000595895606692269,-0.00106525698245539,-0.00468556665459732,-0.00917349803758625,-0.00279894876060927,-0.0214568849691507
"644.903",-0.000102430613194201,-0.000159940553757452,-0.000331199906360391,-0.000536263772976356,-0.000328124311046935,-8.52629658076994e-05,-3.47082550559177e-05,-0.000325887273456468,0.000333952160875224,6.07332658715699e-05,-0.000488066601303184,-0.000320802722253117,-0.00016800801363826,-0.000172847186703068,-5.30446320285972e-05,-0.000343035577755764,-0.000251201217121384,-9.68916975945889e-06,-0.000557654593585262,0.000397525310306631,-0.000435902600117915,-0.000303823106300803,-3.06320853875095e-05,-0.000416927880416087,-1.86550116660014e-05,0.000329083010669897,-0.000138573420996648,0.000120422241586489,-0.000369328451803477,-2.71713753353101e-05,6.39398103505576e-05,-0.000271661731100048,-0.000191301708182206,-0.00027930329990815,-2.79269964704357e-05,0.000637376622695748,0.00315198497548232,0.00101049952816697,-0.000646174182496314,-0.000248007134846716,-0.000769329155547242,0.000168594892929485,0.000181694044516192,-3.2236628629459e-05,-0.000385761840788354,-0.00172628002669464,-0.0013867828056574,-0.000279673488003527,0.000924629608630406,0.000647265793535521,0.00515465025327753,0.00130722074211433,-0.0316155392547845
"649.621",-0.000964844482162472,-0.000243870961725212,-0.00048375256627109,0.00013835473252898,0.000341248561123617,-0.000590618179397625,-1.18826958480581e-05,-0.000247909881460438,0.00014013729414748,-0.000342185946655684,3.04397033486544e-05,-0.00023475666690112,1.875414826091e-05,-9.32730518339963e-06,-0.000152960009155153,-0.000276467227051759,-0.000821384169246437,-0.000198384079319233,0.000250205199382972,-0.000506448305278838,-0.00057919747808142,8.52895623395446e-05,9.86011457425432e-06,-1.03775490015854e-05,-8.84498061002793e-05,-0.00083787598197477,-0.000460645183917291,-0.000206289317627883,0.000486649356865261,9.56520756584936e-06,-0.000257571837758594,-4.55130336698444e-05,-0.00055718683967975,-6.52176581359511e-05,1.45918707332676e-06,0.000994187793574731,0.00330620130358093,-0.000162205279569804,0.000186289759772504,0.00037141811633134,9.95154760615663e-05,-0.000397601688349343,0.000867624773722901,-0.000450833651497215,-0.000785391601159028,0.000279126516398879,-0.000269069522294641,-0.00093631207094387,-0.0010404849565761,-0.0015302416151181,0.00453061838879748,-0.000885971262045754,-0.0148494458449548
"654.341",-0.00052945102356883,-0.000519315449217561,-0.000106558633028683,-0.000170666117492732,-0.000260012048700249,0.000199845945468023,-6.59142870007538e-05,-6.2884952055058e-05,-0.000308351494363161,-0.000250199945344035,-0.000262926252363873,-0.000550597482125957,-0.000125067719308498,-3.75024197067232e-05,7.31325726719091e-05,2.73513374539194e-05,-0.000632590663458536,-0.000272049957454723,-0.000684381062709899,-0.000444263092607746,-0.000529643618841127,-0.000335233260357933,-8.65795340379531e-05,-0.00034595138905921,-9.89218809504725e-05,0.000203328929397135,-0.000105000906036977,-0.000485353198981053,-2.83131288873768e-05,-4.70497777223748e-05,0.000102946595672512,0.000326701340231366,-0.00011235249187667,0.000677799547097926,4.91698234623347e-05,0.00267823870115379,0.000833312070506303,-8.2656943817416e-05,-3.7291178039382e-05,-0.000187798629089292,0.000534385184964609,-8.78480181171091e-05,7.92887380325321e-05,-0.000859313161775547,-0.000186851599768048,-0.000393683168842616,0.0015681982499421,-0.00119884189918372,0.000846202983524923,-0.00502852687743429,-0.00542672798410292,-0.011001345824067,-0.0330211872872937
"659.063",0.000266927346809583,-0.000118931072889781,-0.000365958405205049,0.000506912755495521,0.000306064562287529,-0.000225689107345858,0.000370063481909895,0.000121655886561552,-0.000257129682803401,0.000567685431612733,0.000140354423959339,0.000499493432325483,0.000252378757653497,0.000321874605797445,0.0002580693755755,0.000191849005089285,-9.66460324720077e-05,-6.08578733069519e-05,-0.000289601029019426,0.000460033562681643,0.000290761470552274,0.000600035459387055,0.000130782238685266,-6.33765297233362e-05,0.000361531820452918,0.000146443955429955,0.000317881622549314,0.000297803688141572,0.000403221329476766,0.000304155003415963,0.00041425822636796,0.000480506571120678,-0.000112908972549205,2.55431742659726e-06,0.00143623675104789,0.00340677777420464,0.000591226279963136,-0.000335048613497097,-0.000113795835108591,0.000611206988708623,0.000321432916111282,0.000323616113694062,-0.00034523101716868,0.000323681650722107,0.000592673240012918,-8.46194862531892e-05,0.00113467023085256,-0.000457637892070169,0.00191920877561389,0.00186452374560736,0.00368797574239632,0.0074713166112072,-0.000628701097322139
"663.787",-0.000500783109126431,-0.000277673803648643,-6.55504099994076e-05,-0.000811559588078314,-0.000558485601219676,-0.000188168724042059,-0.000307286531351226,5.90561946283959e-05,-0.000139487540532068,0.000341179541439642,-0.000229329735689078,-0.000497248189959575,-0.000216490161444314,-0.00032637419881348,-0.000541848820760818,0.000203802346958474,-0.000235239270465938,0.000175101835067954,-0.000576287838226387,-7.16417733210578e-05,-0.000412585287597857,0.000420576763354112,2.16598967427739e-05,4.24441547737133e-05,-0.000844234524948356,-0.000544031810980772,-0.00074168082065649,-0.000107206032819128,-6.79894816555256e-05,-0.000472195658289746,-0.0007633443901736,-0.00024737319547131,-0.000221071366492128,-0.000266226284866821,0.00200778781478689,0.000598760081466334,-0.000538359500442254,4.92583424512308e-05,-0.000436983581941771,-0.000192473818074471,-0.000556766952891109,-0.000553765125418476,-0.00049528281192078,-0.000653664333611696,-0.00124727413238969,-0.000259048343391957,0.000104272784304437,-0.000211837923526012,-0.00335057017235115,-0.00355495457098081,-0.000844564992946891,-0.00872030862720731,-0.0137127387905022
"668.512",0.000340916921894872,0.000584210414643192,0.000748566863084976,0.000372948264353579,0.000455558408263488,0.000815730845638106,0.000675251511404768,0.000324330299986284,0.000110003920358789,0.000300827199931732,0.000302805016124958,0.000349470098551532,0.000813468876337427,0.0007256394937578,0.000536137581555337,0.000634808725456024,0.00058288032977711,0.00061280022913106,0.000512183630459566,0.000759244949519077,0.000653278212017223,0.00069134667198867,0.000912349155221049,0.000551553041598844,0.000297396660261876,0.00065799856963034,0.000226576730977113,0.00108868861443408,0.000745447295764718,0.000466038215213171,0.000798470427130299,0.000549246293049976,0.000692927347633536,0.0014122877486505,0.00259542121049158,0.000528148253350706,0.000833218646162145,0.000111024985900173,0.000959052496230202,0.00016711990423056,0.000645142493040567,0.000294834766329913,0.00136055296768481,0.001505514908366,0.00239498402369299,0.00148717905401436,-0.000242736389061407,0.00217531984661088,0.00179758631724235,0.00205755908355145,0.00522798534417112,0.0143416735343611,0.0449678708598681
"673.238",0.00049441498293096,0.00138284695534132,0.000841806459669053,0.000135616711997952,0.000575089128694215,0.000372958800400144,0.000274425478969883,0.000146769158305259,-0.000178291512685961,0.000165730211533678,0.000505088024644346,-8.5591331105076e-05,0.000119691546435566,0.000214057427707469,0.000217453983363536,0.000309964976085093,0.000298187274804323,0.000386625930442224,0.000801841185755745,0.000339293478256938,0.000645173113823887,0.000762797178207519,0.000470324255173224,-0.000151694081178579,0.000185465454363835,0.000200368132755302,0.000257144996875698,0.000128277559282576,-0.000206802822832999,0.000556428638133725,0.000310201700846534,0.00056342328768024,0.000486789405307807,0.00280091895784133,0.00147492145819215,0.000275676127548819,0.00126798827576297,0.000296725887841711,0.00030017713750548,0.00113208064805129,0.000215937811057472,-0.00033896768344904,0.0011522131582104,0.000353262914132868,0.0016301259279063,0.00140635342676437,0.00180050973719253,0.00248796458313405,0.00219166627734617,0.00782018049840973,0.00660488998553229,0.00860654292023767,0.0168234152339587
"677.967",-0.000774622800862328,-0.000530346904696644,-0.000446533348014154,-0.000871413816705228,-3.40114497847916e-08,-0.000542904297723318,-0.000339174742425375,-0.000137013033075313,-6.19352706776997e-06,-0.000399218149224059,-0.000363400446599984,-0.00045978242171073,-0.000100639351801737,-0.000539304685875992,-0.00057222769199426,-0.000397640906940517,-0.000400536320584926,-0.000852600157217929,-0.000830810227222203,9.76770349056338e-05,-0.000493887181050603,-0.00065568475435058,-0.000553017258292583,-0.000723560995651461,-0.000457297015064551,-0.00108108159951866,-0.000458712577135583,-0.00053682417516551,8.96784050231715e-05,-0.000461685593814443,-0.000408617214848654,-0.000564561500277103,0.000421888845855731,0.00152212068550905,-0.000207428406227022,-0.000276497847359043,-0.000561519501606707,-8.66807377611252e-05,-0.000485551489438678,-0.000461937004109612,-8.51604476593375e-05,-0.000915269338363773,-0.00103263631966284,-0.00173348112733919,-0.00225461530926116,-0.00262503052273898,-0.000248649077893203,-0.00203129321184152,5.45553142934608e-05,-0.00278310342673031,-0.00985686099903368,-0.0213380878811748,-0.0426375159402211
"682.696",0.000894765415325388,0.000324110764677075,0.000710501139415605,0.000625551561956637,0.00022878857742287,0.00029532900348374,0.000622228674473491,-1.66083066999695e-05,0.00037572180092301,0.000249539507871069,0.00044916055501496,-1.94873696078186e-05,0.000203376164422132,0.000862489585387012,0.000520983056911806,0.000124300480315617,0.000556709745854682,0.000234035910730814,-0.000245188867177444,9.86982386853595e-05,9.75384342573406e-05,-2.29633857790847e-05,0.000456024867298978,0.000532334185746644,0.000115296562685326,0.00062253195149812,0.000211631043693517,0.000643316282867925,0.000763505452575867,0.000139582950883149,0.000316331606954751,-0.000231796842751857,0.00262545364222266,0.00168151726744029,0.000647508651994217,0.00047121189050628,0.000237962670299826,0.000377555970710569,0.000757520023195816,-0.000266977938737332,-0.00025568928306498,-0.000876214143563166,0.000935088180110733,0.00124615028728784,2.16882641095804e-07,0.000985155802619079,-0.000108821701085328,-0.000698617098647151,0.0020089071166933,7.72714117310601e-05,0.000249160313865127,0.00877738190134453,0.0124096907532582
"687.428",-0.000534991229130087,-0.00057722507706519,-0.000147881097109414,-0.000437725341423684,-0.000267271307127793,-0.000424986516237709,2.57469385338241e-05,-5.57485978808943e-05,-0.000523380890903309,-2.95627405785724e-05,0.000312474645502882,-0.000292742584376584,-0.000112424553976534,-0.000129624930475093,-0.000543477034608654,8.67415281886957e-05,-0.000438155556814874,-6.42993347702093e-05,-0.00050515459909381,-0.000944718126597259,-0.000318868571778492,-0.00104698985434965,-0.00017237598507707,-0.000356822237701163,-0.000698365078620456,-0.000256803776019853,-0.000314599208938806,-0.000232710995475524,-0.000747895803169918,-0.000299543691157145,8.04862233845097e-05,0.000101831247834489,0.00224150440575087,-0.000230028846668676,-0.000533355530480565,0.000259840805184063,-0.000595513335656002,-0.000607661405608139,-0.00172272528096819,-0.000297221769731944,4.80311121042411e-05,1.6708719419035e-05,-0.00167928170693046,-0.00144600546020285,-0.000997705548444981,-0.00150136387453623,0.000508914065282646,-0.000614431674864508,-0.00353999332425318,-0.00330276630228492,-0.0027599090143627,-0.0105034267843403,0.0213620001751011
"692.16",0.00087764230474411,0.000302918600206742,0.000947689805478976,0.000461783407578283,0.000315209539904503,0.000316269211449943,0.000167036808362165,-4.4823392085483e-05,0.000329684918918445,0.000297231246538881,0.000264586314893838,0.000735713861863322,0.000823269231406072,0.000812899784949875,0.000449276665885931,0.000348712075903483,0.000389439855742524,0.000980485730844086,0.000543683233931432,-0.000212449987063412,0.000357617356649739,-0.000184901751776249,0.000323688299355119,0.000740485228434085,0.000702138858037976,0.000610095449643596,9.19937448625826e-05,0.000254342202722461,0.00060040444367433,0.000212241735401673,0.000491186702560018,0.0019416208044983,0.00225947577880042,0.000382831738592631,0.000676847288875173,0.000635485097117519,0.00124774182622356,0.000943095013143862,0.000366160685656904,0.000175007965756745,-0.000631925814312909,0.000267542832210547,0.000371592393216703,0.000470332370818872,-0.000175836360577368,0.00130043880511952,0.00138545350110362,0.00238896401131776,0.00367245969050564,0.00134289239366192,0.00290106581983678,0.00696164976498702,0.0196796200326547
"696.895",-0.00118303746277453,-0.000902336979590572,-0.000609082523857515,-0.000367468553033025,-0.000223722753515381,-0.000258038690896785,-0.0001619076269515,-8.4696733704096e-05,-0.000185105506846328,-0.000336655527047577,-0.000441172910860175,-0.000572791225075752,-0.000455769779025049,-0.000535319207236212,0.000147415687717169,-0.000516547374533176,-0.000247570307208909,-0.000270999391964632,-0.000225823053780219,0.000163714422649936,-0.000930584309992872,-0.000791525971638174,-0.000371662036347077,0.00021500292401067,-0.000727571455365675,-0.00086382689192098,-0.000123455088110691,-0.000829823440648055,-0.000378076592993347,-0.000697752361315621,1.26953031859538e-06,0.00157665368516677,-0.000146808174600325,-0.000320810640171372,-0.000572749003488294,-0.00070672002821179,-0.000373568667289978,-0.000357592295368856,-0.00117343618318936,-0.000665375635061114,-0.000356631919560099,-0.00117916078885566,-0.000765520021399097,-0.000817560653193256,5.10177682767239e-05,0.000760718129732486,-0.00172205524649458,-0.0020920301602427,0.000398621233079741,-0.00294282713536445,-0.0096512396856838,-0.0002410657459515,-0.0349660428165507
"701.63",0.000919605988205502,0.000845654739038658,-6.55792229742785e-08,0.00068648332143794,-0.000404676046015037,0.000442447066320609,7.83145917427826e-05,-7.40175215074729e-05,0.000347592715702535,0.000279139333929894,0.000209840645805243,0.000308686410573659,8.3498735938397e-05,0.000102143798416976,0.000515410814794907,0.000235938185707204,-0.000374537511874481,0.000361013616249131,0.000803230784036346,0.000710709085316893,0.000537746304485218,0.00102170946624124,6.94466524242722e-05,1.12520642131603e-05,0.000464355372463976,0.000451495675832105,0.000248689618666114,0.000413292840687839,0.000444233187293746,0.000103755437809903,0.00119971023295223,0.00157836602454498,0.000164983563744448,0.000555856739627657,0.00042525865306456,0.000633179965969873,-3.62638252345658e-05,0.0010241195360738,0.000726906067099118,0.000102962337521809,0.000454074764971712,0.00108799349839812,0.000565232953973225,0.000890204450460787,0.000941957173593679,0.00177881277218419,0.00258832979405856,-0.0013926867574209,0.000975024532282659,0.0010436322314726,0.00115253556934926,0.00755667866973771,0.0406944850401061
"706.367",-0.000247337257546664,0.000129390203551117,0.000515953214786796,-0.000253871058706098,0.000199988431335768,3.50915392385947e-05,-0.000112269587394661,0.000218880990089334,-9.11966605316189e-05,-0.000473347069482914,0.00028882646401148,-0.000292146513935991,-0.000465424517405814,0.000144302637058952,0.000341076074647115,-0.000228907707552641,-0.000379088784525663,-2.22820933954225e-05,-0.000667604166835229,0.000552210384583591,0.000290959011740569,0.000142719364520451,0.00041495085656386,-0.000334229558231613,2.21169310899524e-05,0.000361183759596693,0.000597963959801408,-0.000303075362693819,-4.09830833699148e-05,0.000620548775250576,0.00215283673653961,0.00028416903561603,-0.00026960139571626,8.53040435893785e-05,-0.000220418552593087,9.35327524753899e-05,-0.000455198539382685,-0.000636870590135506,-0.000356986410605007,0.000828346930956049,0.000222281478984561,0.000447011174694003,1.95465236457182e-05,-0.00123078896420641,5.16770532478365e-05,-9.32653904368377e-05,-7.46666257869822e-05,-0.00168193720001151,-5.8517092030409e-05,0.00146303062733411,0.00103669851789964,-0.00665520786026031,0.00550713571623747
"711.106",0.000470459977213201,0.000314291989145567,0.000308305823339361,0.000691734504121079,0.000606281387298991,0.000168686839296363,0.00021366778614028,0.000122280331883105,-9.21562328406298e-05,-0.000285465881859406,0.000266097708047136,0.000447925083568397,0.000277789625381324,-0.000103957661399357,0.000202889487506365,-9.97654235972798e-06,-5.30605226318053e-05,0.000581678005757236,6.11487415487281e-05,0.000726649649089333,0.000755662085743741,0.000780823356577903,0.000539981256804747,0.000652762305246662,0.000276350972389975,0.000837590228044941,0.000275709242181961,0.000158984581654383,-0.000209830144713498,0.00111247530351219,0.00222579618183557,0.000384757371920288,0.000503781998099704,0.000183040302538746,4.47604513139538e-05,0.000836187804163001,5.2478112017062e-05,0.000176689941880069,0.000364367371406285,0.000867259930051292,0.000865768272353044,0.000434982760793353,-0.000268729883018406,0.00162077584364864,0.00148527616421161,0.00263551650990509,0.00124698247442011,0.000184584166449409,0.00264002606170431,0.00402534112473273,0.00117867799273704,0.00124267136415438,0.00494849206768594
"715.845",0.000431499409567456,-0.00063599104209948,-0.00083920982651684,-0.000507242071327142,-0.000749162095415813,-0.000709095690071201,-0.000195592079955669,-0.000441680606979955,-0.000206423601788853,-0.000405837584132602,-0.000347355190822296,-0.000669771169822177,-0.000561980815777967,-0.00028445250089186,-0.000656369642256113,-0.000640796365212922,-0.0008071267050661,-0.000339383530092912,-0.000595112039935408,-0.00111576500455105,-1.27487838375426e-05,-0.000473785785887775,-0.000630705599564768,-0.000423755417971738,-0.00110555513347566,-0.000499427459707155,-0.000920530072878268,-0.000416350439899085,-0.000709781514874843,0.00116493812747715,0.000488351477421051,-0.00040828097519969,0.000276513618373255,-0.000974971145939999,-0.000337681100312417,-0.00018915940484622,-0.000498680727438298,-0.00118637259032794,8.54637574024018e-05,-4.50215588937843e-05,-0.00100403007762872,-0.000280983125169771,-0.000467232868746719,-0.00141392732171954,-0.000289314779559001,-0.00183954932332189,-0.00122222817113464,-0.000602211712696451,-0.00302527558626429,-0.00323672389748009,-0.0123204541935035,-0.0095807301466923,-0.0307854545275866
"720.586",-0.00101355891032546,-0.000438617744790326,-0.00012041479016637,0.00101794393257762,0.000195310115319536,0.000144268958833376,-0.000216479986172894,-0.000236222845835907,-0.000387189368264858,-0.000391207915641442,0.00023504382432108,0,0.000151744790609159,-0.000105699011075642,0.00039114734849272,0.000397864225505504,0.000172757848887138,-0.000294830492651573,-0.000323145735842559,-0.000171308422275683,-0.00131048565500273,2.41882689607603e-05,-0.000486191043273996,0.00013009560350162,0.00023543726164612,-4.34733881101499e-05,-7.42845079165669e-05,0.000343517814720734,0.00120501009325834,0.00150656556279264,-0.000555676749593677,-0.000671703427645037,-0.000308143653161867,0.0002830544740953,-0.00019118144115633,-0.000320934025500442,-0.000297538384487618,1.57528655801219e-05,4.27022314753687e-05,-0.000227053741849883,-0.000486678323656432,-0.000704887198379636,-0.000741341995860668,0.000293086449952868,-0.00031736330240308,-0.00028547054381518,-0.000842951260176951,-0.00060388183885698,-0.000118801190444719,-0.000747966294941741,-3.94685626341857e-09,-0.00353996516680387,0.0151256768824113
"725.329",-0.000407550035770525,-0.000900824969767762,-0.000133464817325148,-0.000331853422394105,0.000316127180095882,0.000491874827935547,-0.000342611357303617,4.18818053265008e-05,-2.02674762505809e-05,-0.00022967421803746,0.000105744738208138,-0.00025101740372933,-0.000614197994230397,-0.000203086408787358,-0.000374693299137202,-0.000350835115729182,-3.27834054815276e-05,-0.000378782604498558,-0.000767786497977541,-0.000373055587962256,-0.000656826544868701,-0.000764508549640974,0.000516745012047648,0.000334967006000761,0.00018164476687895,-0.000286530232596253,-0.000260636647397508,-7.33490588041286e-05,0.00222274303494106,0.000393545361610148,9.61175939577401e-05,-4.17077827693938e-05,-0.000387372353261229,-0.00019713974533841,-2.27743407100988e-05,-0.000492749885475974,-0.000608165079047051,5.61470842397906e-05,-0.00041544099250347,-0.000567512089352017,6.5519939178542e-05,-0.000499408200708775,0.000118936692384325,-0.00138992124092606,-0.000748528947481031,-0.00074015097343988,-0.00085434254696952,-0.00188431303045269,-0.00746564627454953,-0.00252838997653324,0.000403372541081868,-0.00230575098791217,-0.0209604140694469
"730.072",0.00088022158233511,-0.000122555818616886,0.000930337980921699,0.00037941428092119,0.000168738944681287,0.000247400842992725,0.000337826622436153,9.61414100181694e-05,0.000299170704210247,0.000478146924652615,0.000132996012654286,0.000115692577888119,0.000518860062147979,-4.31105767681872e-05,0.000617846786867459,6.21913032756869e-05,-6.88679691469006e-08,-4.61656697896804e-05,0.000379678729693496,0.00012044661238817,2.64023998415511e-05,0.000235330543884918,0.000520299361407286,7.17549217134223e-05,0.00041105024051325,-1.07676346873934e-05,-0.000196550179444708,0.00126186168164696,0.00149966768563586,6.60823016771409e-05,0.000320866018713394,-2.1696897063541e-05,0.000260050317879518,0.000519735804134257,0.00100215912156689,8.7378699617068e-05,0.000234887333560752,0.000232342000574072,1.43656626681698e-05,6.17666971079511e-05,0.000727677412332901,0.000233865932224749,0.000656705046120121,0.000665011048865481,0.000672261967642579,-0.000356163888179452,-0.000351398261551201,-0.000664537891317204,0.00205990965989669,0.00296873837944396,0.00148801823398427,0.0193099750054764,-0.0141374346158139
"734.817",0.000780235502440969,0.000409096929945613,0.000197538945955511,-2.26453221201543e-05,0.00090060747966361,0.00015675614205646,0.000187632078940305,7.87765229453651e-05,-6.16242033289165e-05,-5.61796339465457e-05,0.000124998024027246,8.48241501139986e-05,0.000433629561464036,0.000563713373641656,0.000580238454405502,0.000230113813543409,0.00015493255387901,-0.000232642613937626,0.000281279483576973,-1.3466481735516e-05,0.000533214100119436,-0.000137172703251532,0.000150003470033622,0.000230312835350838,-0.000264160001640444,0.000357785069377732,0.00073042968403314,0.00128549285065536,0.000819430665723014,0.000294109640704039,0.000269488253308447,0.000410315691499275,0.000197396939794754,0.000903033093401375,0.000452903329786573,0.000249135422285138,-2.3658104836689e-05,0.000908460426705878,0.00066811695005589,-0.000590343533374507,0.000583615192744933,0.000651137192922168,0.00012125262663751,0.000693230219966825,-8.1366050288427e-05,0.00153414411713762,0.00145563215551423,0.0023889041422871,0.00323413812667294,-0.00273170627253862,-0.000408669842777567,0.0116593916501053,0.0141708390090686
"739.563",-4.58864310126579e-05,-0.00110304941133553,-1.22335876914292e-05,0.000352429485004619,0.000627843815551801,0.000140389504199003,0.000358493117725088,0.000263564432752923,0.000124687034006428,0.000316626279505474,0.000144502308850637,0.000107039312047471,0.000101353176045858,0.000712701676777824,0.00065117532469204,0.000201179237813809,-0.000246208907586163,-0.000152952034383594,0.000245397581784676,0.000669309550568005,-2.67374827885485e-05,0.000480899871636124,0.000517949644364175,0.000196703430603771,0.000290984672782279,0.000316757009653231,0.00108055704402519,0.00146497541718154,0.000634759690680428,-5.42007750336886e-05,0.000120154219570803,0.000491073004255401,0.00044216629177113,0.000553166210457176,0.000658265692598536,0.00075917463800978,-0.000312255731641192,0.000237620124364626,0.000162228829325537,-0.000267350251465018,-0.000252176506665521,0.00111621019725561,0.00115681235625532,-0.000513386506306331,0.000822825520481785,-0.00145034431522062,0.00242681045073438,0.000677254230500998,0.00228442257796886,0.00181664362057732,0.00468564302102534,0.0188784969977605,0.0247056415609302
"744.31",3.97372934363095e-07,0.000544180691800599,0.000265132948306859,0.000617701667758752,0.000174197338832272,0.000264761713482606,2.8727565656289e-05,0.00020447777128568,0.00041307387877495,0.000451300569727304,0.000337792449333041,0.000357012125123271,0.000363814342053086,-0.000221532172808191,0.00035625091055482,-3.19012348617355e-05,0.000373740075560561,0.00038097239838207,-0.000312994319398056,0.00081461211022736,0.000558823967434034,3.89776186808907e-05,-8.79487291462433e-05,0.000620647699439622,2.41829471271381e-05,0.00045894370176379,0.00220217076398346,0.00059932105909007,0.000977834580401131,0.000545088951747636,5.53730063044133e-05,0.000574055496658665,0.000614549223031641,0.000822176500064276,-8.95905836219551e-06,0.00026632642433694,0.000199972669837787,0.000690226820230675,0.0007282868728473,0.000461487987718079,0.000409479859499964,0.000573565951318865,0.00071819858234445,0.000614740115731554,0.000777123029908272,0.00297227095278788,0.000846592373905649,0.000441193009594927,0.00499228182508498,0.00410709750994866,0.00236785077374755,0.0172208464228552,0.00845990273143833
"749.058",-0.000457884760007618,0.000365999067349108,0.000394839987527558,0.00055084193201156,0.000506513587235014,-0.000247819051006905,3.58484942951172e-05,-0.000231407676111382,-0.000233398903916952,-0.000174076085531052,0.000304336479496802,0.000197045892451742,-0.000355890569727316,-0.000582191923950129,0.000315746294439731,0.000367334856777228,0.00044584973099641,-0.000733026638698598,-0.000171768057981022,-0.000278866450287957,-0.00053608947920397,0.000335506282937962,-0.000746035567437488,0.000350527880219731,-0.000188889662625455,0.00044498038500047,0.00172045472419278,0.000488398744963178,0.00017046430633548,-0.000437628321839414,-0.000578419063652215,0.000112290463630007,6.77519730650118e-05,0.000392420537910658,-0.000560652984740299,0.000545165083773709,0.000134647901087908,0.000923249785680803,0.000360355342841922,0.000883094610416934,-0.000275274271858458,-0.00050393216197023,-0.000744662911170093,0.000739958977193967,-0.00243524677773817,0.000270278695032583,0.000163115508296728,0.00202214012535778,0.00359187812066657,0.0077632579839623,0.0101309273144912,0.00375121034004902,0.0100365628172413
"753.808",0.000434660061980578,0.000186359883352194,-0.000220692255515616,0.000354493885866486,0.00047364964302308,0.000408263900499167,-5.12087447812385e-05,-5.70806242020604e-08,0.000100928789667266,0.000397101421975622,3.7617944837587e-05,0.000323416545690065,0.000608313363385384,0.000501969255388784,-0.000221975520782275,3.29320121158953e-05,-1.0109743948006e-07,0.00057561752888373,-0.00114137006316996,0.000255747311788158,0.00028029289961612,0.000854612939608327,-0.000733994074324019,0.000549640606535081,-6.97034185212061e-05,0.00166870207461946,0.000887367052423592,0.00060168975560337,-0.000659239698197745,0.000537976558012937,0.000227243497299514,0.00034059087920482,0.000219111270127053,0.000213807475879661,0.000111830478208772,0.000373494469008116,0.000763647154954579,0.000666040434428876,0.000397616398536374,0.00031095375339955,0.00012262136295258,-0.000837251770227209,4.09006340294774e-05,0.00102175810235942,0.00165452556934965,0.00123713083381442,0.0010348758618469,0.00392225079116961,0.00147790658408098,-0.00386466054463258,-0.00157752469832079,0.00435737445833881,0.0346507896793346
"758.558",0.00106517435572109,-0.000116777761083836,0.00031743852915849,0.000261309021583308,0.000214507694501831,0.000227949372724292,0.000111513879214926,6.49229822260843e-05,0.000220195772015713,0.000146243769087852,0.000153113640534471,0.000238425810221243,-0.000226421028381574,0.000383362374724118,0.000384072408112921,0.00053810727956751,0.00046272123745159,3.74091709999176e-05,-0.000177969535018405,0.000839236415250454,0.000699477028225148,0.000187710704516139,-0.000106959100240222,-0.000180673726302574,0.000735936484160335,0.00198484581347658,0.000851678903085406,-0.000270714662432854,-0.000223804739738789,0.000455083976086326,0.000635218260196336,-5.7288364432888e-05,0.000281625903948864,-0.000115785112635414,0.000411374844906115,0.000315502795173157,0.000221297964871104,0.000663439502272248,0.000186503248802948,0.000666777407109188,0.000732540607465133,-0.000619526249543429,-0.000150207793238791,0.000792554044237502,0.00075534174740226,0.000105031771965872,0.00160241509617864,0.00184312977430453,0.00255091304138628,-0.00100587093942232,0.0037967354375235,0.0205608378440008,0.0229415948404451
"763.31",0.000116844501588516,0.000656264186883406,0.000579709144865623,0.000215692305972915,0.000394066212649512,-0.000131002430997259,-3.7720180251826e-05,0.000311361262061455,0.000277020613298379,0.00015794535484458,0.00021474613942029,0.000300812374304231,0.000863092187136767,0.000746677768467706,-0.000333830922239815,0.000171447208651768,0.000798813933020291,-0.000101672676858056,0.000879211161138361,0.00122537947405013,0.000611778114020206,0.000887841902564827,0.000260439573087208,0.000175450684011433,0.00104670805044968,0.00143386061117814,0.000542560224777768,0.000552832402089375,0.000468748815351624,9.59905128731998e-05,0.000412799881402435,-7.02075709898803e-05,-8.19189361269931e-05,0.00041923552158295,0.00015295163287406,0.00127286808647748,0.00102020976651255,0.00136896826391818,0.0015085526556048,0.000714150223714623,0.000273375787674603,0.000909358995714293,0.00083314092763032,0.00113720164854363,0.00260818138353512,0.0011771139040135,0.00120483447770071,0.00365649348328568,0.00126790534029539,0.00140238930494242,0.00491539419448429,0.0147385521976886,-0.0163729569169152
"768.062",-0.000151463911619329,0.000511697489440386,0.000476375502413888,0.000602133002807094,0.000121560516081785,0.000479211000808327,0.000406196564875699,0.000307569791799147,0.000377840977754022,-4.42844981133971e-05,-0.000413901456002835,8.17422872629189e-05,0.000196396830039578,0.000275136123215942,1.1837442524326e-05,0.000484845647443073,0.000598678147467022,-0.000783287950753973,0.000563248594393007,-0.000208548099082711,0.000632008302848922,-0.000675118456179846,0.000455541528151479,0.00118593020203634,0.00164990976351618,3.82484536089263e-05,-0.000109038526221641,0.000169987272558637,0.000351786552209625,0.000264202420685628,0.00035664944433942,0.000345287562556945,0.000496416897063441,0.000556313626913105,0.000858044090001621,0.000148216106706743,-7.15054353568643e-05,0.000759486894481053,0.000464680050739525,-0.000154188151365815,0.00102973848194979,0.000438481828769841,0.00163829269214343,0.000331911604863431,0.00107746177917815,0.00151235724458905,0.00143190428180004,0.00121340112379535,0.00410823858277751,-0.00207045647718922,0.00751710022892483,0.0177376956120873,-0.00429015024984717
"772.815",-0.000860241320400313,-0.00126343654867912,-0.0013873829465423,-0.00061462668466103,-0.00015459975902803,-0.000651903547590977,-0.000107020489340006,-4.00888338167623e-05,-0.000196349939345729,2.65536939684996e-05,-0.000295398478348524,-0.000409019802647083,-0.000759961158785005,-5.9946173799728e-05,2.32000489540972e-05,-0.000126875828189981,-0.000451869536596542,-0.00110382514269626,-0.000605252678049982,-0.000595653458116297,-0.00118901502322729,-0.00117127106901346,-0.000767982847854681,0.000537327382869891,0.000526801876197826,-0.000394207523443139,-3.65800768856153e-05,-0.000121242049546256,-2.41095450055853e-05,0.000599623266072396,-0.000285306160169503,-0.000189701630452688,-0.00120045212445901,-0.001178463082633,-0.000856821012730962,-0.000850427367700974,-0.000857423581774263,-0.000698072653964941,-0.000144141123369213,-0.000720396040621312,-0.000441109061779462,0.000199395836877606,-0.00125956300218125,-2.57616013738313e-05,-0.000657763761321125,-0.00377836502542617,-0.00329666448734865,-0.000368714223835777,-0.0062583484440924,-0.000469119289899412,-0.00661079006263493,-0.0225896294018357,-0.018513763843613
"777.57",-0.00015453399724708,-9.14594487056258e-05,-6.93031957988934e-05,-0.00024780532663089,-7.87486451307752e-05,0.000322442393565759,-4.65870856348219e-05,0.000190879542773794,1.20466869722941e-08,0.000135475058457584,0.00044210107152344,-0.000214883841934335,0.000137729711491255,8.55319455968675e-05,0.000130929731228466,0.000117943907999625,-0.000248984221542238,-0.000235533890756492,0.000387905671061451,-0.000182074552510325,0.000435199268248196,0.000591123108666262,0.000724891859466089,0.00204824534190367,-0.000100344950362471,2.55713270284445e-05,5.04069981598614e-05,-0.000135632719524158,0.000309634833328024,0.000123248154314076,0.000279046793881072,-0.000616700313014578,-0.000327983572141416,-9.82746115684871e-05,0.000117708612223612,0.000193493784973841,-0.000348731501259965,0.000170771320047051,0.000327419822311575,0.000332798856435482,0.000881843055829293,1.86983138232474e-07,0.000723397536734507,-7.70142990936963e-05,-0.000455698783062966,0.000294361665197811,0.000224252424129337,0.000915399303181551,7.01107595571528e-05,-0.00518605575549035,0.00337283449620391,-0.00204869697558201,0.0276081470047067
"782.325",-0.000593451568691132,0.000202837209064841,0.000126829091248819,-0.000609210491167491,-0.000319966225567366,6.36549358115094e-05,-0.000245686614827226,-6.2222731649496e-05,5.47797919262475e-05,2.75116327782334e-05,-0.000500003489274529,7.24746257472214e-05,-0.000228422075350652,-8.63082672446021e-05,-0.00030104622188988,0.000430459219901778,0.00013940276527702,7.98992251566659e-05,4.41322753980308e-05,-0.000554836041297616,-0.000577773160710927,0.000330255401938809,0.0018268992040342,0.00128251909395025,2.72792949116727e-05,-0.000535522238410677,-0.000767699470989332,-0.000715550765493799,-0.00027529018543969,-0.000656811474895481,-0.000417752431531602,0.000458567463807488,-0.000596145718514299,0.000447146218555155,-0.000185081945490366,-0.000669593890166438,-0.000412309283159317,-0.000596494168914989,-0.000447510082088508,0.000480257387865796,0.000266899995661853,-0.000102611379720785,-0.000777374517308645,-0.000394779636903997,-0.00160841433185503,-0.000408007757312007,0.0019797880547128,0.0004385814562597,0.00104784364867839,-0.00302346711979421,0.00202380028065035,0.00591665471668856,0.004326186237918
"787.081",-0.000538187139726706,-0.000255846715899123,-0.00043396373567346,-5.4781236251178e-05,0.000269984386556264,-0.000292528931560545,-0.000122326053924885,0.000156338286987604,0.000176765775695209,-4.70844755123103e-05,-0.000230529507191274,-0.000273386785040817,-0.000600068996092328,0.000534178343337784,-0.000284507040580982,0.000356090009025778,-2.58639714259823e-05,-6.8454530523888e-05,-0.000568609358302456,-0.000997771196589093,-0.00031166026867589,-0.000566521471412387,0.00279701588209755,-0.000309667895729192,8.07001998079143e-05,-0.000471682688496399,-0.00106012802699403,-1.26995540558299e-05,-0.000180639552778206,0.000229436802939894,1.30280240669574e-05,-0.000566715771955591,6.51433609478009e-05,-0.000443574459693583,-8.1674146636676e-05,-0.000387265088737135,0.000152424134011761,0.00092052037637124,-0.000732256390393185,0.000401466837657773,1.95586684129118e-05,-0.00106051826746158,-0.00171627437709931,-0.000650594531752936,0.000349799833883465,-0.000534633000679557,-0.00133836897216292,-0.00112042409624986,0.00157724715705606,1.24881846191752e-06,-0.00559464648822084,0.00577066616329742,-0.0303628661010271
"791.838",-0.00120078023195623,-0.000143699031307564,-0.00154677684922673,-0.00138674519990193,8.21946706621822e-05,-0.000584787905201222,-8.16610323647398e-05,-0.000262652551323189,-0.000457527164757993,-0.000696170836628472,-9.42122816408056e-05,-0.00065816499852749,-0.00144633977250531,-0.00105441060285177,-0.000518639499573889,-0.000748186554200322,-0.00111609844813297,-0.000395534528334654,-0.000852432584305833,-0.000632894746429567,-0.00110707398994486,0.00162237111843596,0.00174943962660278,-0.000354607604642193,-0.000403923297164253,-0.0008641488209653,-0.000593918723469418,-0.000824617135718483,0.000386326508742046,-0.000802892841422598,-0.000617213474877695,-0.000642232485550963,-0.000382762154354668,-0.000430426374829757,-0.000693372145614304,-0.00196580107866194,0.000196687473870649,-0.000919016348467504,-0.000289844974750837,-0.00244205684179719,-0.00091785500448816,-0.000317647680029757,-0.000469031604351601,-0.00124506667906284,-0.00190571237799033,-0.00214185754455337,-0.00267363006324697,-0.00419865105886589,-0.00278828721032691,-0.0100088384932056,-0.00255505729950542,-0.00729184490719546,-0.0220394253699372
"796.596",0.000109343987699163,6.51619188693272e-05,0.000309418796512463,-0.000290669003743967,-9.59715937588683e-05,5.49352614060092e-05,0.00029010112803887,0.000144617215915506,0.000196245325526101,5.75003134163874e-05,0.000255894389861301,-0.000682969551880996,0.000743297796625064,0.00090612900916706,-0.000491155269622724,0.000174750593089903,-0.000118945144406086,-0.000263894821264307,-7.60441424012209e-05,-0.00019334962450187,0.000147115248743278,0.00175649211523847,0.000478578047965453,-8.71644702322149e-05,0.000301400809479178,0.000146958253476141,-0.00035530255192259,0.000196812737228914,0.000433210164782434,-5.17070570810639e-05,5.24256556632043e-05,-0.00011545117314386,-0.000520791798020473,0.000266939254101945,8.30792006103157e-05,0.000774904878841719,0.000247626309548158,0.000345548346700495,-3.47277557788824e-05,-0.000742706419839935,-0.000318157310212675,0.000582180872286417,7.17606321010808e-05,-0.00159958571156773,0.00194165716603947,0.00101262732525991,0.00220743266590885,0.00188381458144987,0.00539318294138505,0.000104260393476883,-0.000813345628534538,0.0244582478165901,0.0270063547147712
"801.355",-0.000724278555919713,0.000225707465791691,0.000394787630545772,0.000347613970351127,0.000392382388937805,-0.000323112375887435,-0.000464911323882237,0.000293439144404865,0.000141180827755648,0.000537736617498008,0.000138030086096192,0.000305571334164462,6.8951904518734e-05,0.000123071424170434,-0.000749773184981106,-0.000388083473379336,-0.000262178382777796,-0.000539541895208579,-0.000327608547869448,-0.000402886063062241,-0.000403652289093405,0.00115263643611365,-0.000385007284373271,-7.42613050638707e-05,0.000747083977915233,-0.000125889507346496,-0.00023800689967028,-0.0006000057687109,0.000159847442988838,-0.00026764610371342,-9.75183393220401e-05,0.000168189308447591,5.76398146625601e-05,-0.00036621052953711,-0.000130710217941998,-0.000188654100309943,-0.000158619786273414,-0.000268492745093069,-0.000777821168874844,0.000112861839319134,-0.000857623935260777,0.000280643766314329,-0.000576897350685607,0.000929555636424842,0.000364069404967099,0.000304867744930489,-0.00186263326072615,0.000497008717195815,0.000127289221696351,-0.00149198054945096,-0.000982885022030546,-0.00588183435557292,0.0298884854197257
"806.114",0.000173237045218096,0.000155012169149808,-2.57110383826555e-05,3.56838238310363e-05,1.93822294535526e-07,-0.00011406671292831,0.000157330364426817,0.000156020510404185,0.000127054004444588,-0.000182003132863094,2.76267305845191e-05,9.8430629657535e-05,-0.000320887531804823,0.000513951838599076,-0.000326515896172474,7.05928612471736e-08,7.9826178559931e-05,0.00017991299326626,0.000289344638004073,0.00100327253897719,0.00109269739896193,0.000606695124638407,0.000540381781457717,-0.000237204817676436,0.000568775825500236,-8.05558927172363e-05,1.17119202788297e-05,-0.000215473434827965,0.000453070936719386,-0.000212006681640672,0.000101032191809626,0.000122915546357973,0.000180651485599355,0.000344636405568312,0.000609782396752402,-0.00025237344607648,-0.000360353837131518,-0.000495523145144354,-2.97655633987694e-05,0.000721520578292461,0.000550188659727124,-0.00018596670835278,-0.000929591130097453,-0.000428517427372137,-0.00111746531485231,-0.000738808390489801,0.0038927677673827,-4.69595065366191e-05,-0.00264219690484129,0.00510577130750643,0.000842533089516246,0.00214177922010021,0.0166575365745316
"810.875",-0.000252126843052481,0.000786696729259615,0.000457872675278188,-0.000286927139730713,-0.000350814973208428,9.5261943542608e-05,-0.000379248213188334,9.98341237167084e-05,-0.000112936763780416,0.000380553107753827,-7.36384515516549e-05,-0.000229300439996655,0.000275121079581942,-0.000212211422190514,-0.000119273557371735,0.000194127036397008,-0.000376447544112611,2.38641760877376e-05,0.000408360683749986,0.00107451117236746,0.00093803640445785,-0.000733411120967598,-0.000462806753370188,-0.000449228758695186,0.000379013817277996,-0.000460275846366368,-0.000499888117753713,-0.000158495095379245,0.000226708445174439,-9.96982382813155e-06,-0.000565826031107375,-0.000454902425814651,5.6915402196752e-05,0.000126956129908624,0.000562019952360843,-0.000895666305048348,-0.000106497154215799,-0.000751421473360898,-4.45873875805399e-05,0.000449025038106834,0.00101367417432895,-0.00102475799466036,-0.00154934980686205,9.51943014939727e-05,-0.000195274419954723,-0.00104177138181745,0.00101666411975998,0.000935799496798283,-0.00132020878333031,0.0049311211077835,-0.00308938050109632,0.00159866663050962,-0.0106571158695275
"815.635",0.000740893402754641,0.000548190045042024,2.55672131093818e-05,0.00087334220074716,-2.0508480206449e-05,7.59973097002413e-05,3.0690344144933e-07,-0.000387028395607487,-2.11751350381596e-05,6.61831504392476e-05,-0.00042343150387271,0.000153054559033632,0.000114419861744661,0.000558514764950972,-0.000173811610122414,-0.000161693113361937,-0.000376458543053251,-0.000503590352308935,8.08604516792483e-05,0.00172930409020025,0.000290034801186294,-1.2379422779101e-05,-0.000231453252442735,1.24989151210438e-05,-0.000295624461504972,-0.000276292110456302,0.000306686732920528,0.000498577508973359,0.000148102642268554,-0.000234271060585655,-0.000288399657270201,-5.56448421074354e-05,0.000494316509473375,-0.000171245244685401,2.38562612493173e-05,0.000214250256506832,-1.28010244844109e-05,1.45296630702295e-05,0.000404441039761479,0.00036880446781197,0.000394832417740343,-0.000428290534523729,-0.00163235312615287,-0.000309374976644081,-0.000306954596111855,0.00053858842410143,0.00190644375779971,0.00142891589396334,0.000566207479669948,0.00105616174406204,0.00266809100367117,0.00775410853534758,0.0392377551504443
"820.397",-0.001023638376371,-0.000575352966779952,-7.60783964772959e-05,-0.000932013573916313,-0.000608376550461049,-0.000904011251684364,-0.000500576153855897,-0.000199668247433417,-0.000225870042961964,-0.000140640070940975,-0.000699598288974626,-0.000568161403805273,-0.00064124523499006,-0.000670155478549493,-0.000325656468470849,0.000172661294065288,-0.000832842255132191,2.42762620490686e-05,-0.000350425399830761,0.000336818256811938,-0.000465423438046993,-0.000591666147781181,-5.06443566023945e-05,-0.000299081611629012,-5.90077354553575e-05,-0.000114793483632582,-0.000715116861792537,-0.00057740912455597,-0.000417572950840826,-0.000233711403053186,7.8368868963516e-05,-0.000421580769220706,-0.0011236024708791,0.000311745531439781,-0.000620745370780518,-0.000819316670775457,-0.000853014288377974,-0.000595040343141994,-0.00022406465197859,-0.00108953972801745,-0.00139014810065819,-0.00130376514832836,0.000393867243711223,-0.00111794125032315,-0.000417656904275913,-0.00174444601777958,-0.00348162006725684,-0.00246051778449492,-0.00295487261063657,-0.00430987467192178,-0.00491485912421977,-0.0173822494685868,-0.0280627589428528
"825.159",-0.000267895899563315,0.000449248721741053,-0.000381171035950041,-0.000849186024819656,-1.01263173888311e-05,-0.000494866867775922,-0.000157350824656247,0.000162422576372064,0.000239990768225004,3.30907462290569e-05,-0.000294571067344353,6.53723721576064e-05,0.000137605314040514,-0.000569733295778541,0.000967993245539218,-0.000442018435176749,0.000787371067822023,-0.000431197541164293,0.00113648043706076,0.000390323361888881,0.000480789064943097,0.000167665267107629,0.000399370383753383,-0.000112101262456249,-0.000236843481234719,-0.000253467049846072,0.000102539240162848,0.000736497144428187,-0.000338258766693603,-0.000447267905553002,0.000400544987338233,-4.44205102444265e-05,1.14748393516864e-05,0.000264767230542077,0.000729196828046787,-0.00044200847015557,-0.000439619285068872,-8.45409396519385e-05,0.000284601577816794,-0.000544659255827459,5.22609305143242e-05,-0.000800547467682633,-0.000661338478159059,0.00023833692714675,-0.000418041066701762,-0.000333438507211603,0.00158324183821387,0.00206826798239351,-0.00188659943016591,0.00229052314108798,0.000561731154001359,-0.00775098281425083,-0.0207843916004335
