Wavelength	500	495	490	485	480	475	470	465	460	455	450	445	440	435	430	425	420	415	410	405	400	395	390	385	380	375	370	365	360	355	350	345	340	335	330	325	320	315	310	305	300	295	290	285	280	275	270	265	260	255	250	245	240
248.336	2.28600295925645	-13.7600975646353	1.38228620419533	4.33403267375196	10.0931378962952	2.75616118838545	-4.66673368055261	5.88463391576748	-0.767353164051275	-11.3893139774676	9.00836503417926	4.74656403963449	-0.83050144796352	6.47620999745943	8.27405409041304	-11.3232929455333	7.85602777859148	12.6076870990479	-8.09831447481343	9.0712930727625	-16.4061793619981	-0.46663776384311	10.7110809386623	0	1.71616693073933	-7.91725787664979	6.99731939272875	11.4975018461534	9.45358037646949	-4.06441335194474	12.0839764683157	11.6919194820442	-2.44705390570104	21.6628352651685	21.6490350242449	27.4129673586232	49.2998316373417	46.7334737831732	74.7915009558025	74.2668577192445	77.7496284457643	129.714800531152	336.688013677085	688.228937613474	858.944351974866	1028.59040100587	945.311966721274	1026.92056606668	1125.15862145656	2640.59989213988	51352.8016238357	173418.605096275	61279.8992689067
252.814	-20.5346676303143	12.8181889758761	27.5928366177641	9.86269057839988	18.8044813354806	17.3305977566334	14.5944588536932	4.33726254019494	18.6875984957563	11.4871838926691	23.5767451950021	15.633696069049	18.4018611133962	3.87829243654184	22.6511327094795	12.6266498027363	31.1989217702191	10.9346867177563	39.368097979277	30.1797976556165	38.7040576735985	24.5913394644118	24.5418765812975	29.262619906995	12.8466287186884	27.4494410583452	24.6491760636085	30.4920604679767	20.6760418051911	21.9058449482175	29.4284966885157	39.5959982652671	22.9583023057537	35.4258213695845	43.0423780115181	53.6266293256842	83.3599379463763	84.2668704498058	105.156906919913	109.797333348758	157.933331415623	422.384947276476	769.764594492901	1100.77915151456	1176.41890157862	1147.38750651429	1341.09154910163	1336.52844263987	2569.98254607452	45984.2848320715	185693.037281259	81717.0468400191	5209.79981609181
257.296	-6.7723678533433	3.0196144574745	-18.0183243894015	-10.7853742211548	7.97367794023196	5.30739878569602	-2.1506131400633	-2.68206837403624	-3.334190895524	6.39308114410188	-3.16297632834541	10.3120384116338	9.84156435243223	-6.23545335832906	5.13588734249636	10.6420752102192	1.95989652750001	-10.3036515261344	-2.25802866011338	-2.98600437771256	-1.76741490298173	3.31783569557757	0.551860369892459	0	-1.01684153169165	-10.8634460842023	7.80416605548658	-0.973193489552876	7.79313519259892	2.88983377376165	23.8661498499537	18.154954182281	16.4321710006238	24.6834408853316	23.6020710296272	36.816072275479	70.4488841166592	57.8141333343787	40.4610784845846	110.696706064177	266.821377801838	676.501486201378	950.459617765484	1179.96119932728	1209.45919051193	1125.13362381978	1219.20376686255	2115.36694645909	34297.5450374611	161098.429951955	85943.0518398068	3934.22903922728	4673.12834372057
261.781	28.863141131916	5.51540951644099	18.283871667721	12.507800004751	19.7784668949034	30.6565903860889	22.7583555506587	7.89262749387243	-0.307575358648388	20.9035221129071	13.640762099137	15.6960200246332	17.4765598368753	5.35391079500113	21.7938721203596	22.0673462173676	9.44670853559096	12.0238282907209	21.1945863832632	15.7560571249349	28.097577570734	15.1502971878411	21.8397457265474	37.5401856992839	5.67505047557983	25.0535169566291	31.6767236616148	12.837968632481	23.2297132337022	16.1283268051111	13.0776552957691	24.7249544213256	40.2145898856727	50.5953766031597	75.4942798284984	64.2788600117543	86.5982345710127	82.7501854558222	153.150539296017	264.424562788506	656.689890874675	1010.61604593775	1148.0037896509	1250.17533289586	1209.05675821881	1257.35069904667	1975.59791543509	25452.4716784489	144263.161302875	91596.8587229293	6070.94115509036	3459.91552832936	21008.4932001063
266.271	-18.1729544796021	0	-14.6516137347401	-6.89082034424147	-20.5736027664165	-12.2193475528699	-8.56129910758771	-6.92024555461102	-14.390214216508	-0.366563621784674	-0.408053968486868	-3.38634757803367	16.759448837681	-15.8411356256451	3.8550005274712	4.77540422214459	-2.02276203891382	-22.8634241579424	-6.40875685477025	-27.1196926587509	-10.3366028570359	-2.85354864495836	-12.5303597457324	-5.53356752733385	-11.0193055709247	-13.7600606402562	-5.03405748113465	17.0749628526782	16.5889087685047	-7.45631972698121	3.94106862309461	15.2856850014478	11.9712340454314	18.342133418106	54.5432682265519	54.7603566643264	66.7973297458982	106.775345903813	189.572173550316	526.531524630907	895.365107693488	1150.17237534634	1120.95098841127	1179.88469164102	1191.40256384329	1816.27239660696	18892.5876502048	126729.024766239	94341.8956323065	6622.46174767454	2458.72105352043	13770.1305460421	28675.0657985677
270.764	19.582434034099	11.2259240115053	12.4048421890286	2.65188098578411	3.20222856021266	0	2.53817956516332	4.70854654477024	-9.07745020722995	-5.86848225397964	5.71612992701875	1.93619874330059	-12.1958895890687	-15.3551646582749	14.4647908900186	3.34475744581453	17.7096222540549	-0.532021603633227	10.4932510885158	9.86753146117687	8.51752456895786	3.42628098956094	-26.2153186342673	19.932609794671	-1.57511633897741	15.2979870345637	-5.0370309609763	-16.0800457086603	-1.00598226560281	8.45548716687432	16.26651058049	26.6424047479973	39.9276837513983	38.7451538513916	61.9935125881298	72.1250874671137	78.0748286107623	204.878372630537	494.107310267839	824.345256186686	1106.73733231486	1167.38697696104	1205.84853652616	1203.77161325662	1721.38170065967	13905.6701794496	110154.680481268	96133.6367466691	8119.59733413445	1868.77747245143	8322.45040972258	26261.1360105563	9710.23967409403
275.26	13.6918683534875	-16.4830446630227	1.65582294266498	8.82585980620475	10.7470583420704	-1.65078509629925	3.10567806359638	9.76033053691996	12.8688354005765	7.18058598096724	3.59700170491061	15.6360827681372	-15.4201292632828	3.87888451131295	7.07955959904657	-10.7576770740755	2.47648291392464	-7.81168289166383	-7.98894946181493	-10.2626977059539	12.5062968308565	20.123258458232	11.1571014713034	-9.21371265248523	4.62549237607745	24.9578469033543	15.2848222419521	25.5778904202706	32.9882448877185	21.9091891772425	12.5452085771008	44.4315605959973	51.2976543983799	62.3789253684385	73.6500091727524	76.0738719138218	145.323185148089	429.396021854465	765.425435262983	1056.43939901912	1129.54472757342	1132.19684442679	1166.02633838394	1558.04149290735	9804.98748442748	91189.6751213891	96908.6566058898	10075.5944346063	2025.80393819009	5041.97020806301	22013.3556313344	14063.4720633411	1946.81577548885
279.76	27.2893011144059	-3.56123603517123	8.04933009442626	3.02855309054032	26.5573072082681	-7.22235598470286	-5.13311735651418	16.8701069657297	5.66003861604474	-2.44345175683053	-2.72001946436081	2.30334961586295	7.73788267959907	12.2564880980883	8.71855319538211	10.4591006184645	26.9667864670837	10.1264956242698	22.1920522914778	-8.21706057577074	17.3702684295151	13.0431618608582	8.13557932362525	21.6045605416278	20.486848429437	1.94121188197016	8.14935914100248	3.82584352296021	28.7217895132962	36.4485582656337	34.2454782811367	39.4419941013085	43.6990376743875	52.3995393132031	69.0845392775131	110.677640836989	364.201143312782	704.569309982735	1049.68060200744	1126.45134774022	1075.73803102318	1115.72276407497	1408.14785487993	7777.63742776602	74096.1569761668	89255.5723552847	12325.4999936292	2350.53029341126	3489.11853099888	17081.1534409826	17368.42422718	2532.89391635392	1837.1123520359
284.264	5.06769403217539	19.7710345699876	17.3643782669814	13.4509765168624	-9.94437026734893	-5.72808543518799	2.01160244308725	9.53308139631395	4.25274061248197	3.98656470217973	3.32834489842601	-3.94588305752095	10.5862424558403	13.9080497645024	0.436719579391564	6.05907576269585	11.9158865448985	16.8658824983478	-15.8405615285767	2.23439672691631	-2.75528876746457	13.9652028530583	1.54856814687652	1.00300573900354	3.32890330179586	-6.92813036227411	14.5994453498162	36.866684096194	23.2349778690982	26.579908592594	24.1093764410588	58.0944671067157	47.0142191529972	54.4875854194587	83.5067129558343	296.760447048888	610.200544025241	920.450194338752	1015.22772446709	1056.63804777673	1045.86948546983	1150.97468849043	5300.97199757058	60121.5740064022	70532.6652022041	14153.5325618391	2578.07750732726	2899.89301029625	12096.0580220562	19222.25317043	3783.09160873215	789.318212568405	1112.6355046599
288.772	14.3728365354416	4.80634239794487	-11.1050112425835	0.908315289019591	7.05097858084169	-7.94239997811967	-0.543356611230343	8.06379479056936	0	7.22364263644995	6.29316566929262	2.90141990577563	-2.6108149829145	-15.2692564251349	-8.25740344828631	4.90987503756505	0.433275225675423	-4.10009935714843	-16.4730532952293	0.52809388759783	16.1498932801845	-2.93390184550003	0.48800010194717	-9.48231249379471	-11.2396812264835	2.61991310869651	12.0768940248535	15.490391889811	21.9661077074272	20.0175155702885	24.05901924219	29.573335187305	31.1982040232636	69.8467790802725	222.773987502437	475.41019932373	807.830785154684	988.03833766466	958.649946828843	921.719399729024	973.76319224271	3311.08340813134	49414.7070636888	56888.8603103423	15795.8150485049	2377.64008412473	2666.11948900456	8472.62964267184	18740.7666139721	6467.56327682037	1156.78940072563	695.793456812477	1477.63265823313
293.283	16.0732084056868	-5.63090475928146	3.70249476735067	6.09463868978803	6.75869261621832	4.49868645976016	6.24999257766722	2.50072845139147	6.67997948938305	-10.8378769866065	-1.34050966918282	5.16498659209329	0	7.72471185688439	-4.35330898985989	-7.05951715406806	4.56846016263826	-2.18340940064809	-3.34943460931643	8.60544557092869	9.98737273992061	28.1228208432925	-3.27439638845887	7.27139187296578	-0.430950397271034	-1.67420613369357	16.9509631839858	36.2957584764531	51.6067186135518	38.3754490610846	34.7948376898765	51.8352903057437	77.4251112018866	197.925085758624	411.421916269746	748.49086985583	913.191388655913	898.076206600273	861.206678958777	910.902313155305	2269.76792574477	38099.5110213044	47309.1911222543	16251.8190066248	1908.23430656443	2389.12055647534	5688.27136015298	17179.5654204448	9520.7761853264	1958.90209585685	1337.72503698382	1092.25236310914	1080.28981908029
297.797	6.66876896007321	-11.3981197033231	2.24023899083314	10.5360984076406	-1.45401893610166	-1.3400538341124	-5.29428645348154	5.06199331243939	5.72070427534852	-13.9895206903049	4.21767579143222	-18.0777170706297	-8.88343047348762	6.29750543922026	-17.624001503555	-3.79684067785465	-18.4950227431155	-14.7962989313757	-17.1393784556947	0.490054432461212	-5.31782239970275	-1.8150454399103	-5.88703266979892	-16.7186438164192	13.7676908759506	8.10398846197664	2.40149482597478	31.5442478532859	29.1768883618542	16.5994916540446	29.3763279628365	43.9089921896214	154.669443034133	364.992863499724	648.390865780153	852.120532215359	863.850124068685	836.966960866607	826.882374335229	1676.23675681183	28139.2802537729	41311.9876750406	18628.9145414263	1544.52412121013	1763.83592574249	3503.68535401459	13871.0645562085	12460.6633646755	2475.56426259176	1475.67430896574	1226.11254244185	973.190296024388	1487.39947690009
302.315	8.18340577872849	7.78401675701613	2.63908877643752	-4.55104255776673	2.14111366616204	-12.8264142862352	-0.494990129057762	0	6.59270780898583	18.0252189573978	-7.96247810584976	11.705388242991	9.51366096319336	-18.1603756813101	-0.752237685908366	-13.7912140704045	6.31532089068306	6.64023481038741	2.27374496703101	2.40543002674398	9.96641209355059	-3.56365702408829	-9.780345036593	9.50207669671233	32.3558385431719	6.76232659387816	9.03725720783935	33.3188814158104	38.0597779105561	33.7553917408984	51.9096875848305	118.539902291238	331.709501228738	623.568318984258	822.935560182455	834.345252390234	828.200994643473	780.469194015369	1304.80098312038	22136.6888293994	37335.3275628961	23267.2336102365	1323.47758861855	1310.69154360474	2152.14586681912	9882.93881218161	14241.2000081422	3882.15859416023	1798.82582678695	1448.66817126966	1426.039009419	1552.49259375472	1642.70110310847
306.837	-13.0571345457397	-21.8318281183079	-8.33393598980501	-2.88808560391165	-11.3876015165019	-16.0705428252504	-1.48085181967884	-2.37005611238528	-4.13945147094413	-7.98898932747456	-0.635231532914043	-5.27164279507139	-19.7651558560289	-19.2659658014499	-10.8771946273411	-13.0095606525777	-6.29780533915288	-12.4159089555672	16.3255588711939	0.479751712624326	-11.8318693277893	-11.5497629527504	-11.5265318239314	-4.73786133669627	-0.816863280472344	2.77676464116071	10.9713646146541	36.7445684276232	27.7809232309789	47.5907798502435	81.6747963429481	271.732081965609	541.997826543852	779.281468699216	797.983170785552	764.18129063237	755.966705210525	1114.16840192236	16258.0693222669	34637.6680751773	28030.2666664899	1367.96704135321	1003.56608342125	1376.75507699605	6105.68565796128	13956.4943985222	5589.15593773999	2148.32574300625	1666.16926562333	1499.1653932314	1123.20524049875	1575.66935841226	1205.85678708504
311.362	-5.97695756347563	11.1443893186923	-2.6284435816353	13.5980555571064	0.355412855857781	-4.91333725125323	0.985987011358508	3.44299803954166	0.24318944619628	1.70976298078802	-6.34428812189765	20.3077846184084	6.31685737385853	1.92416200484123	-2.99681365029192	10.7657287526027	2.3586926303817	2.48004387779744	-8.15246440575171	10.541200263438	10.3988876573513	21.7393548992872	18.5962529845961	13.7654523946677	31.8174104748726	17.4318932044449	18.7842865203006	29.6708329997162	46.5035531281764	82.6955867496958	242.799933971304	478.763404501769	781.336345321782	833.747882497501	796.15146522988	758.871763746036	1014.1875800545	12120.7397006588	32350.8664516646	30865.362688772	1651.10393893596	877.424371039991	1000.16384844765	3617.29759332849	11885.6133937714	7147.65753002869	2242.03390238401	1852.87383181234	1601.3912514503	1560.79153403063	1675.45702818205	1454.73744097546	2249.60312557346
315.89	-2.17124517102964	1.45214866893109	-8.75263447257654	-4.93975607994634	7.10108180197412	1.96335102497233	4.92495861358378	-3.65449272090948	-0.728831887629127	-1.99270993623324	-8.55614337686419	12.773475900461	7.88810115543525	7.30443482437834	-12.7236014021918	-10.0131468782583	-3.92718614375713	2.89046384388532	-6.33440502520873	14.838515827224	-5.66639491003203	11.0803114587172	11.9426665485776	7.305514699485	15.4851426970484	14.2480610687327	38.3125385949141	54.6016252106794	62.0722783874524	206.916315469817	424.279686824786	694.252894928998	803.789751274816	765.640679747	711.04258087076	863.98884615868	8310.51414609921	30631.7266105527	32326.4465612414	2009.24927820587	788.681497298182	783.494666978622	1924.40235199622	9228.41947167029	8296.46218651676	2229.07594391163	1699.66441646695	1690.41413542491	1513.41714145626	1444.39003241921	1471.75955214364	1517.2493751307	1430.12055459784
320.422	-10.8736033634529	-10.1813118140541	-14.9032961129318	17.3168209327779	-2.4893569642639	-21.9591802248325	5.67276826671361	-3.66034244976133	6.56998672781099	-11.4051408994625	-9.52204350472483	-1.8814591678905	-9.48087312103842	-10.3966015233752	1.4992903540609	-17.82964422065	-2.75343066015792	-4.13584370771857	-7.70408972176245	7.19141988767304	2.83773254050156	21.3082515067497	15.0629861476534	29.6992584417404	22.4485824463279	33.695104696091	16.0543722133484	52.7358462767663	171.656281280886	382.402616860568	658.322153910881	773.607035558895	768.217455336796	705.041362158146	755.018682742946	5941.11879943849	28854.0281864588	30658.2851423908	2694.44462468299	705.41164990299	702.96134526109	1087.46517187556	6354.00234947892	8886.73849993037	2566.75288333929	1574.89411847282	1588.05617082954	1437.45885722045	1349.33516183058	1410.38318038789	1416.30694386373	1290.81085585515	1477.88306679612
324.958	32.5386202151696	6.0033454903833	23.5198422717874	12.337993054674	15.7792094394893	15.2188375758081	4.07206627196731	-0.222177688919775	-0.753268194823772	-6.47278217631361	-0.982557124861129	14.7548920913656	19.5661770088707	5.56267027660287	8.89572276014179	13.0319079800982	1.62354280456521	6.40151880263078	21.5108657626489	10.8836286797675	20.4973231566899	12.8260301374479	21.9432547404482	37.3081271972967	26.1123266452606	28.6334429875152	61.8199357876442	150.351799683248	358.694393370742	643.955330040187	754.82953861942	739.297150543679	736.655526805064	755.323838266901	4031.44014675306	28130.6028357528	29759.0802775206	3719.96218043674	715.034132785374	659.550389577928	724.148008644267	3953.31816264318	9143.32066363882	3273.97863489731	1338.17340591723	1482.90005771195	1480.42073152851	1483.27976148803	1403.50363328766	1380.38782646107	1297.41289235972	1823.17540466004	2346.14237887005
329.496	5.1369660489094	15.7785406104874	-2.3008807585034	4.32852141133797	7.84023583327215	11.6987896409797	11.6519983684138	5.87715087072343	-5.6201007787301	-8.38145445497238	13.3287552235707	0	17.0036299193788	8.08496836217219	9.05053570473836	17.938245604518	-3.30359488870902	0	5.70918808884081	7.0464782839529	8.93744556070992	33.5551950575707	45.1153767437871	35.2461602931932	34.708188366925	29.5479208889592	133.60217438748	303.476149709732	611.648820323359	757.455106565998	758.7132937557	745.720684173521	707.521258748365	3023.1154727334	27111.2058461311	28607.841722914	5073.83908365004	680.62043413531	658.735592733987	626.988722246866	2218.32691477401	8225.74086346287	4499.90434394018	1203.51429604152	1214.11302703046	1357.95794478827	1494.47471687371	1388.22372175812	1328.04199522547	1305.91142003025	1325.0493084142	1153.30835184275	2458.58164863329
334.038	-13.2120246058963	0.512250616756983	-22.2301655607394	-3.04940397444105	-0.751479571726063	-17.6607662643228	3.90891757014646	-6.36984514873119	0.2570980450817	-3.91635509425394	-0.33535667338509	-9.54188287178482	3.33906694406501	2.44105144003275	-8.31654796462125	13.3437655607577	1.24679601377583	6.9916897318418	-10.0551777353697	11.6506262406217	11.993045958259	0.469034321349366	1.87236363332014	8.64068478274952	22.4247506367237	103.871788985205	268.091178071932	533.252267938749	714.72558537918	728.406736244358	693.133863973444	663.378265205725	2135.7713196541	26191.7193437688	27222.0353511788	6499.93076534318	634.473053737436	607.041992121499	571.443624400829	1282.43407698265	6314.43393728246	5842.01902894003	1265.68023621032	1033.74927411338	1143.69239693925	1296.92948643467	1274.25483281681	1203.92891050517	1220.04135313365	1237.5427628204	1114.68514925604	1373.50386938786	1081.02883059215
338.584	-25.2162384715168	-9.19900984687821	-16.1716968951478	-31.2921574717631	-20.9923616280748	-2.4183741686849	-14.2992754249382	-14.9796224558056	-7.43845707090777	-6.3116672271837	-8.69894108621463	-11.1062375808144	-16.2399928948154	-33.2832419457808	-15.409001504208	-11.3549067674589	-26.121660969613	10.0271171627241	-20.5411616875665	-18.6986066935364	-7.47817465377787	-19.1855639037291	3.26899558956344	4.53712401133195	65.3964171383437	215.616365428375	457.746626237384	636.186970084408	709.761538763048	654.15962486243	608.309246017278	1480.5292349003	23447.2888006865	26072.5749342984	8462.35435975194	593.315093417905	520.547512266852	503.658718509703	730.981316000725	4356.74101943447	6730.08552958988	1695.74280336591	843.319771675174	985.558990190864	1090.35822376554	1158.41133954159	1215.43511724768	1115.45456525999	1062.19756035983	998.57267066909	1020.68150751101	743.050544379806	814.872700473637
343.133	-16.0319766383991	-13.7858565883721	-24.0044801729962	-14.3290818694944	-5.24327602776536	-21.7454008777876	-7.79244974512038	-6.8026730795141	-2.56263218642492	-6.00559730182377	-15.042047954669	-5.548024590837	-13.7289265407185	-18.6539588687597	-31.9739523138752	-16.0387620769897	-17.8127145402311	-5.22674019320744	-2.86357926733396	12.6226036294815	1.99235053019957	22.4405430644963	12.597416033215	69.3543161978573	210.194157363675	406.623420931101	642.484230801066	686.61618489121	647.753026314406	588.814376790926	1079.90852185196	18280.4054131718	25537.0454149358	10154.2641066835	594.294004508317	496.645814535361	507.9640715929	555.162802623143	2651.92392179517	6675.0217823415	2606.68418420246	760.793612624668	807.315123200101	975.162150579272	1080.24624433658	1126.86002427306	1146.77632380149	1052.02314131409	1081.71887058889	1080.52905678273	994.378381421913	665.239664354468	143.669147690247
347.685	-9.19886778934695	-6.66497767136472	-7.87994593339742	0.872006604346693	-2.63243756799609	-12.1305437242533	-4.433911609225	-8.87990474170129	-3.85978300862562	-7.23640405205888	1.67822356039262	-11.5396780897138	-3.3419348770933	-15.0660797358775	-24.5747069646288	-3.5352070291817	-8.73506823013865	0.874711863975521	-10.0638141529126	6.08380851804196	16.004462420948	16.8997383400367	73.084900635704	179.789578107689	374.210727061726	608.255717172925	633.536738673267	634.916950336142	591.292158921467	915.890354037685	14229.9580959011	25367.1144584003	12646.3381370833	625.70461563732	516.595745504673	506.505295793489	512.00149959427	1569.02210135894	5836.02119410981	3732.70119346064	835.347490733823	710.235197925798	807.630034110722	946.251074590009	1054.19865165524	1133.95114073959	1076.30634018745	1027.70987174045	1074.74147448327	1062.57645879249	1008.66313204885	1452.13053731928	841.522366987547
352.24	2.91427236415293	25.9878942029716	2.34957904315024	-15.9124854123597	-0.762492848885187	15.4600409154023	-7.13916818402708	-6.46319814556988	4.17385495415422	-11.0042337353815	5.10407218445193	1.61362058894134	22.869016866841	6.19206541606548	10.4475809687457	-12.7428936978549	26.9881254432943	-5.32061710929986	18.9475760842656	22.614797655925	26.3657539975342	87.567115066622	219.427359638577	378.378986248029	581.524284303118	625.989823847759	636.812667502769	594.671517149187	765.86173104553	11466.753663424	25749.8555982502	14961.5781501979	724.575713916701	489.024495600743	525.48320100293	513.9532866873	947.418769499314	4502.74067198642	4787.78542836807	1081.10272839735	665.437289649954	747.586376170906	860.731264130653	978.621330056655	1072.85287357745	1104.89014887546	1059.75387412533	1069.10329937254	1173.01186996676	1109.67027222465	1192.99514415568	1491.77638031407	2266.86839288976
356.799	1.76804965657589	-21.5475557171774	-28.0340043956143	-13.4081803339542	-8.86638703612045	-9.23728578991139	2.67360299413446	3.96781514212818	-5.53923429174794	-8.96330910306192	-2.06438107475512	-1.6316030050442	5.56685817658454	11.6873319154292	6.09462132055171	14.4955150962855	-2.13194413522838	0	10.8074890295797	32.7411288655245	49.7303660750773	168.905349781439	372.669278786045	581.358824650798	601.720562480548	582.689625731597	557.319076803309	682.600969366006	8701.47118390949	26291.9404659716	17387.7844091959	865.615351052585	439.085596813523	498.77029418848	490.707434354208	635.113138978525	2969.13039613616	5274.75650992234	1638.11877366581	664.147381526004	652.327472092699	742.680318042436	823.258015272104	977.091514409327	984.76888413764	1039.37556226952	923.449303045009	994.756376016206	1005.59302449848	1043.29718455507	1242.84429476464	1468.70618554856	1330.9145970544
361.361	4.7476352881243	6.35052398154612	8.61231268501028	18.0020820869639	18.6326336592871	-3.21979113650026	4.0383349411171	14.3366110410423	-0.531220216397363	1.86739325009472	4.15751690097797	-1.23222472441813	30.1841536956135	17.2327807295488	4.50051601431938	23.5165334971695	19.7504868939663	32.052826883586	16.8188074382273	49.192071582083	113.059795462595	348.400955912727	603.034950852141	637.558783342218	595.664215129985	536.554004181235	654.377762356099	6895.29575867737	26789.8586375589	19131.726058952	1133.09986151136	414.051797957561	472.212760478615	506.569938582431	546.729715366352	1877.80786496232	4999.41017472075	2478.69651663076	750.757289034475	648.890398346355	738.898694084419	790.647286490368	898.915907552446	947.223960682261	970.640482794794	1025.12583257106	1051.63263187305	1033.10249771762	1069.24522786163	1288.4265962475	1551.22909086287	1588.85582882698	1911.00275139124
365.926	-18.4532593921407	-11.1473500625336	17.7571408165217	6.77139324456841	-21.8044464352426	-3.58846918810035	7.56124202482929	-9.42976108786887	-10.3904231910706	-8.74111021335495	-4.86524643958778	0.411995710491599	-5.6227444606987	-4.63754589942556	-2.46232235010616	-16.6745144993048	8.18271841084887	11.3206673304675	13.8930738123489	95.5350371645273	242.862775428904	557.977088078595	654.837933536588	600.390544600619	521.065937666148	583.330996680686	5402.34585107125	26810.4240196264	21501.3501576983	1395.33879170993	391.020137672648	431.273583417824	449.016054225431	497.268749208978	1129.72012311778	4198.70800948919	3398.15850946811	895.440475192281	690.954064911845	717.348829646706	769.012898138826	808.542639513544	856.460681084532	966.265445324159	971.499092820607	1010.50548525649	1073.16218694446	1015.86545605797	1046.46671306726	1106.79087881703	1223.67458494406	1182.75122094135	1219.80581027649
370.495	8.85647227759181	20.0075567425175	-0.952049273803055	15.6715855208531	-1.15860769588303	20.2881381283753	4.55346649437245	6.78104789692238	4.7566286803079	4.64470290215012	7.58328894970005	10.6248830438694	21.8792930867036	12.1269517474402	14.6539354210006	37.5154711745774	22.6400817470785	25.15232653343	85.6342849705741	212.426927585372	435.554072825697	645.525155289336	675.018767494715	550.640083329574	541.655871627402	4264.54032131388	26711.9606232366	22810.6785622952	1927.44227092722	379.593713513469	383.682727551546	443.182045349614	482.869322988765	790.630968494306	3089.66011331135	4074.44952264652	1259.3401746653	732.711591158466	739.094218955179	758.277756430029	802.607953699388	855.021634396007	909.796613858834	943.288905995918	974.048221921489	1046.31342091367	1003.87972030477	1049.90464752316	1155.38404956846	1258.85582657602	1485.77966805915	1779.6006040885	1604.96693666976
375.067	57.6629370063345	22.5621296766343	19.4497696393779	26.7730172515622	13.8553923927325	12.4147093527876	9.07555756374267	2.79628372439601	8.16374843805448	18.5148034391128	32.2896956848549	11.4027608592757	28.6443576326578	20.8365028983286	14.1977979592757	18.8941121779805	16.6022864543703	84.1490387999738	182.939898645219	388.107626894433	526.187487261512	566.912164474914	579.196975977211	542.221441119717	3511.72543275934	25959.8530129194	23901.4069813374	2448.23390418898	344.466328596094	392.095038311112	442.078818843727	470.711445984468	612.634520080551	2164.27820536279	4364.65052411539	1840.6386316552	806.146857329636	766.670160401135	818.572523316131	830.33580575914	854.275645401489	854.858181886925	988.315677230583	979.059553787039	1005.02557948352	1032.682592117	1065.30515470287	1029.79609420331	1289.4783016687	1372.43700103062	1783.0493023103	2140.05255832006	3100.44801082385
379.641	-1.700440703433	2.52726739172895	16.908375475569	-6.877579262257	9.26885080782007	13.3260878912433	13.1139682811518	3.81608873160229	3.29792539012848	1.48630320339334	4.96360155080251	20.3997517642807	25.534392409205	2.81010417744937	17.9754732505714	2.71079218980908	49.6201668490493	117.281569295912	290.565650336871	448.84508126873	494.065669099661	474.380892809382	509.915224586856	3013.72727218342	23583.7579254426	24541.8198851192	2861.29263392016	322.547796026448	323.677438022214	404.317224108102	436.249251680477	521.421398167053	1355.47076277222	3980.54039870553	2570.56560169957	875.004955926781	798.147104911805	837.359449162344	837.459968339644	855.695973398558	914.239441466511	878.444717599192	986.938800478432	1017.46938832143	991.210364756612	1022.56896782982	1013.14512628362	1043.2105242797	1167.78193747073	1501.94801767327	1582.0396129449	2023.37371241623	1517.0623711385
384.219	5.06247033508633	0	-10.8840654723508	-3.41259973782956	-1.47172144758936	2.37364545903476	1.78624792516132	-4.00979151583703	1.25877243146791	5.01494385684212	11.8219167797597	0.77863026272602	5.3132094402769	21.5128468205867	8.53149079999239	29.2073074645203	102.554125405143	215.232868619954	378.843867665872	392.848464252507	419.840168990882	447.803705481888	2595.70427088298	23722.2403631715	25600.0107088895	3558.3111226775	305.867203904169	290.18374809525	363.69000154988	422.8399781284	478.518873034744	869.030697773482	3143.09301235501	3268.34540702964	1096.08109694614	817.076859293105	836.310058349795	867.880942498974	905.228439871323	919.420410141771	921.357115515476	903.67224796588	938.18342231247	1039.39304173375	969.736859320396	1029.15812476134	1071.78442039547	1047.52743811332	1125.32955065711	1280.71059347793	1550.05437568913	1164.99778164624	2328.83329478896
388.801	-20.6625418510701	-16.4861792988875	-28.9337021947882	-14.4325668612947	-14.2267528405403	-6.88362610983311	-8.88027399336267	-0.861369413973597	-4.62392719209128	-9.12530312946248	-4.12675719389951	-2.63438649483527	5.53123087821996	11.5532866145064	-2.99897192864352	54.2389100540967	161.293408212132	299.887789635102	360.326495077492	354.343511124537	348.61362424419	1784.79889346358	23295.7318965437	27016.0759016945	4053.92651869583	296.555607462794	242.021865488473	330.911773851597	378.944505789622	413.002304298407	594.790037652913	2245.55599334445	3618.85389744138	1412.24852082196	807.847685501897	807.669830967255	853.046157384508	893.194861363058	913.734941521488	902.028966801281	959.892308671712	916.623910167593	938.239914350588	968.6948238838	944.149881705672	961.274016101551	932.878129357308	948.270888377152	1087.82714334826	1210.78728846128	1652.57368196451	1501.564536451	500.271837688255
393.385	21.8526682080248	17.1671363941784	11.7455439626613	3.94575908923275	12.9325576710521	10.9779451024153	17.4666901669188	7.21194708141809	17.6980741472284	9.27750656991464	9.7200964622801	13.3241099309823	37.048860794633	35.0076477059314	56.3166869614045	131.526981646623	245.057942328031	294.475212604981	328.306877034846	339.521121969183	1365.0961350012	18615.7581892629	26641.5379588563	5086.74533419222	274.985998597654	246.209196674629	293.040680339455	348.417334151948	416.861762460112	500.279774609047	1454.01937077556	3463.49156825866	1932.64196028808	854.878214419054	800.602324339166	862.268429000125	902.944392615371	915.456565640768	983.374281317596	949.758417452129	946.244010803902	951.51798544342	968.619309785761	959.8557088352	1006.47225901899	989.636265015589	1080.78384494495	1113.15632915176	1241.64712779652	1419.25023032055	1788.76574501249	1909.90462357282	2219.41531308723
397.972	5.54011086324449	0.449124474923386	-4.06055775740838	-13.7500303020606	-6.58872546028063	1.82169157410735	9.13922726509837	-2.39351592826546	-3.15581141366001	-0.264133169282222	4.4104453441074	8.01742503821861	21.2249836939981	31.033386199697	82.2917656018743	171.361423574313	229.561435766415	255.930980093273	293.028668697216	884.697908608639	15127.2969950571	25800.8117493959	6533.67460880265	295.060119106672	196.612830234705	249.344582928067	290.552265345974	370.918329706115	444.81131399688	933.428924000636	2907.59903128959	2477.16063423895	907.892870503529	769.139214177584	818.85542334762	855.603803188796	917.91298233618	919.643167936745	907.954849988104	932.139091235731	938.428184973755	951.423889100181	956.075341628308	964.807506754785	965.349015919549	930.066129897783	1064.26952421439	1028.90162031422	1157.83151160019	1362.60428862722	1494.98604878804	1653.71393777337	2422.18235258482
402.562	-16.4636648944559	4.74986469033518	-9.75994861915952	-14.3214698128355	-3.16732950495597	-8.46532093271091	-4.83274629943563	-1.15061003313597	-4.55118125477477	-4.31711576113573	1.97884171009395	8.0434088403018	91.477555368998	80.2504730829934	157.56939350954	179.310134184661	207.046405008344	235.748100258222	615.929568380611	11139.5663018519	25461.1207191861	7161.84717499288	290.806263787678	198.194303185486	217.385977093989	254.911360685456	303.412055584865	366.357116059954	621.289678662879	2187.11080392689	2783.8759700859	1071.25947404847	746.063394991537	796.662392818204	826.166781118844	860.547931583899	890.29843081589	922.472305283824	933.098883927953	913.401231514814	919.105983991174	945.074794472122	941.39610947713	944.389674451772	882.745620638647	988.057163120021	967.350148148075	1060.10081206556	1296.14748461408	1434.05875398765	1488.82494939615	1834.55241233704	1640.27189863873
407.156	6.72276400211918	-1.71285568606273	12.3888139376943	-1.45664997502066	13.8203217020409	11.0002170813183	2.17842968114709	2.28207746199457	-4.72824255732415	4.53303954169944	-2.24272091072657	38.5530836976207	246.330468403773	164.607392349532	170.825144165165	165.351566997633	197.333481685754	456.250019083929	8943.54449456461	24180.1311261742	7270.18769567871	351.702421611083	196.431989608753	204.909275959662	264.244858475935	296.556627020646	351.727854251597	478.89241235624	1537.8862480726	2933.55386180786	1488.15481917971	752.044995761682	760.761093192973	805.437054198589	868.408350715905	906.750335956861	927.158980307476	949.750974107124	929.435380487562	953.092110164786	933.410747475168	961.055115848356	932.9364813426	961.141342231879	966.254207333459	978.815254871374	1002.40420365735	1170.91625149367	1165.04156978004	1424.8027712779	1723.22273564398	1528.20508151254	1626.62736445309
411.752	1.41684894411433	10.1077499588993	10.2807780240931	16.1172222267634	2.47137090119285	5.12474936276068	9.2128599047344	5.79820138779138	9.51200448666501	25.511541022435	23.7118895032021	81.7191059337843	462.578868757775	182.967420602186	168.98646379849	187.149313332408	344.425613608739	6710.11621491493	22702.4974638696	8493.04277832353	390.303656410727	192.812588834103	198.197509667788	237.052520478322	291.09060865221	350.897983958699	402.395411839824	998.328855917025	2630.72472350784	1909.13850910188	806.875875539358	746.313565138794	794.059546522268	846.212295312722	876.63765686664	896.713920465988	939.837329357977	940.46346122705	979.954653167623	951.288499430822	962.231683532784	951.35672631357	941.673923487984	970.213928147636	987.907645375123	1085.40720975537	1052.49663667299	1258.98426501137	1333.68234243591	1732.5884807541	1799.43976776745	2314.17016460536	2271.34633991337
416.352	6.97248978482747	-11.1918361632515	10.118597335424	11.2803348105264	2.43238468499667	1.68130191201556	-4.21745384717061	4.04994023157185	2.49652034836925	18.5270977111748	46.6756623638188	105.845848136395	443.122767008767	154.402245999482	159.590940608562	252.476932214263	4641.30165848194	19419.9355022378	9232.7561186358	478.351764025376	179.133607565014	172.312016880535	218.55518236309	255.025075935094	302.550911735161	367.731436850111	667.890870496763	2089.40210242621	2310.41081412149	944.138925132248	709.621718824772	725.358611331066	803.094970698822	865.730441226881	896.264419931421	907.465846517075	943.094784265709	940.664790845152	954.797878879577	958.461855012001	927.322089042416	928.65593523662	942.032592363174	972.423502399242	992.871095223019	1082.14573162508	1110.99264561008	1184.11579088206	1353.3167748601	1622.45208673749	1746.34098527169	1972.40989876614	1380.18785433304
420.954	2.73260576979338	2.84292054980495	-2.57029926818737	0.34538312509796	5.95801197787576	6.86378337001401	9.9172368025786	5.23061836236388	16.5107950325137	44.4258603311658	88.8050396563772	117.890452454986	215.758009943085	161.924882620342	206.915683166421	3362.08315035216	16266.8655290594	9346.30629591988	563.363298569004	189.560403925239	150.155643314899	208.617951795948	224.15650025246	288.448802908269	324.470100993383	493.45656690931	1550.51978513868	2450.95991227077	1176.55909859278	705.123570215535	711.965733268612	777.520982010471	839.83453440932	858.518005064444	883.66377299083	906.958592788521	905.153135811105	936.378914413782	934.197317038256	944.169029793783	920.468957568816	932.492021900698	940.276904097236	971.295828311616	989.707631729098	1062.20614856242	1111.88871672914	1209.81510691488	1485.35868327911	1703.7376296507	1832.09566006781	2078.23677975968	2171.26987532543
425.56	7.14894300774377	4.38283871724167	2.52162100881457	-0.677683999771155	1.46129366725217	-2.42416507742878	-3.8512274509683	7.25495986897564	21.1975151332214	64.4394341365692	95.470314381736	118.750207787973	166.220817737413	210.123233175154	2502.80771977953	13706.791729054	9092.06301684434	673.328434062899	150.836273520332	135.931729767488	195.897596237726	219.259999866353	263.238142499989	306.332282952442	408.220839346218	1061.06992152933	2288.97284399361	1485.10151223307	728.813805226836	694.629274423631	731.233175533828	780.762380972555	832.538283246582	851.704029516626	884.192377425348	890.853525350966	905.393001843175	921.857112440008	893.623945400063	909.050168820869	923.94679956525	913.775399385819	947.037215496285	969.736399267184	974.914023633512	1101.09343262594	1189.37238230467	1223.0802932137	1441.23387999947	1693.85673775918	1749.88973681149	1941.07163455161	1233.24400418673
430.168	-17.094603848801	-9.38094582064764	-2.47373056872202	-1.3296269505272	-4.58733083447582	6.34166803517981	10.3400227168303	18.2269095534683	52.772048197037	78.3873503976122	90.330529162972	109.51735273633	318.484305146055	2055.11706948846	12158.8219092062	9069.12984113391	796.928823921274	122.371737133053	123.126987464715	158.47406086703	198.659288429677	248.738106391386	291.456174814154	340.768109552098	735.452624750863	1940.25610951805	1777.64870432328	767.185485099164	670.207652154335	706.998604449149	762.141135298371	795.619174486279	819.54199822077	821.150409437982	869.392356902957	873.584086150569	888.939245312414	896.077782970289	873.742601191993	912.700685391009	900.674643169994	884.503308012387	973.23703409102	983.029878381271	1026.15206780174	1082.04875839131	1215.11888872331	1285.84783536478	1466.16276570817	1666.5672740404	1763.26200424467	1727.07141552999	623.24180382812
434.779	11.3685046580941	20.2756269410264	13.0434249033704	8.28982550262641	8.86619616044833	18.9784317063236	24.0015385502026	43.2911687040515	78.6707491368404	92.1835059380469	98.0226943029105	142.538506796097	3062.67301051608	12276.0526076833	9790.12338935639	954.462361246307	165.449057506307	152.008132385654	165.103818292853	173.123583612011	233.927796659081	283.83125015233	334.211586965277	557.671640682665	1560.52925387245	2003.73217071729	946.640218566624	664.460284050109	695.926057577419	736.364370339356	796.332287470831	811.562301755859	849.987596860846	846.23245609246	877.202213003297	887.175654332441	874.559997174683	878.560493215066	903.532111487384	886.051194681536	932.257625544628	934.544377008426	953.681455850857	1024.11885867744	1067.70918885881	1129.69123236874	1252.5117632003	1399.80439324472	1690.39429157652	1961.88140005216	1968.15940950616	2429.65125659319	2724.57953040376
439.393	9.55549707149136	-6.58446474119719	-3.15161409632269	13.5048524564979	6.81847873387516	14.66278473706	39.6050326566836	62.612535672376	80.2856432154989	83.1420329456993	99.6525849012199	1005.86070245463	19901.4654803621	11424.3962484629	1237.29477744196	146.890513867727	130.095884027387	138.771575938529	170.522004458846	217.166863019277	272.800096035277	311.023555396406	421.532469261004	1136.80630982236	2004.36382966918	1153.70338546722	642.535343503327	651.925100460444	718.160082805976	754.940765113576	804.809340766321	810.452003708673	839.062569741713	854.216005982411	865.771315465904	860.091411742103	847.435522927104	869.982559149513	886.810850733389	903.96735360018	865.073891600105	908.301313733902	950.747562794249	1005.52106124211	1109.75664880927	1171.20594934938	1284.27655471897	1466.23683783946	1540.94526864474	1854.52921267644	2143.64250862418	2113.62749933086	1489.45600685137
444.01	3.43547440481207	1.91473063884386	11.7716019777306	-12.3752992943458	1.96625760783075	33.6540946225109	62.1457063728439	66.1569747140394	64.7714870246872	97.9677557496529	642.555657243614	8389.62898103614	19668.2264116134	1625.35159921549	140.036141237637	126.160422331011	121.48036838475	149.290976032434	177.186589239999	221.151288268359	267.85058815733	349.586758242783	807.296357469968	1816.83799292442	1415.28528568182	660.042240337495	617.956911032839	666.467753307504	719.004145462142	764.126230405279	787.848509321219	804.326313288783	823.455028327004	841.436120722286	830.61407650724	838.016387420128	834.957113343688	822.723316205408	852.358554602759	843.618280716255	851.095292550676	877.226969044526	945.62961858914	976.686810827972	1051.66109830676	1139.68211726573	1251.04723034124	1397.51752337053	1612.35430312349	1759.47158110923	1902.53781280201	2125.90603952374	1131.41128110987
448.63	-8.85207825311387	6.3902201930922	8.49622256104159	19.1801758357346	24.5392679090902	57.1750162509766	60.0453406774074	69.1123398260206	76.0305675539381	495.410239151562	6879.40474243036	11263.4985380846	2196.64477636397	145.39151236114	116.824590359265	124.701533554442	167.124115108946	183.738936674775	204.492720852142	246.072927127076	303.255144917882	562.394529089494	1488.68744205579	1625.87162855333	753.790132148643	587.956657988118	635.723998810158	689.026635202709	721.22717131462	750.356884972744	777.204861724052	795.167046637803	800.77312645899	809.043672095066	815.959486520739	807.422346818169	822.435809712882	810.60559672782	840.26258740668	817.814712449683	841.847701854827	864.563577186982	910.007454956699	970.775164022879	1027.82581570616	1182.44428314795	1310.16868120779	1461.05093160405	1559.19579446665	1898.37577499127	1998.23376996653	2299.69883375196	2326.92885933606
453.253	-5.83375551428402	10.0328635333609	-10.0786268306571	28.7565621727409	41.4294742824626	56.01739137073	62.0037202074025	77.5617058655317	345.023879135869	5285.4431914677	10453.9706687739	2516.61452609841	157.137973465191	112.147069219635	123.816841991688	136.653064192315	167.922153991751	195.580692614628	228.546724473813	267.504729167652	422.301702700721	1119.38419849887	1705.9193194586	903.907052495868	572.158870091368	594.586996826054	638.942577833756	671.849040120261	712.961894495467	755.982460873643	761.543165222193	790.463847635321	782.675181810518	782.154554725835	772.513183759023	765.522949217543	769.31179647453	776.228109348327	787.165204425853	823.249180547682	809.070844104293	846.281514784695	870.665669558527	964.046365201021	1030.78290854396	1154.69276991286	1250.27254516922	1457.28396565763	1574.47420702658	1888.21874850573	1890.41307393168	2133.01435077711	1951.73763379572
457.878	1.65073663590335	0	12.6433254507283	42.8759494247786	49.9384631379212	46.5218775720488	67.58475067033	264.602505993075	4335.17495121188	10023.0322931326	2477.68037968664	147.669105248872	112.745507272998	108.144307969099	131.44438483865	160.430897592449	178.546604397591	217.556298075583	241.13748979082	333.708316867498	811.699127970925	1602.92807442401	1090.90595464086	563.585643257435	551.158472265319	578.329805067407	638.43701017866	682.280685345071	707.87711154403	741.952223585477	755.954919085345	764.510653037378	761.885514438528	745.141860466156	750.066533283761	744.294647115859	733.633201720514	768.011587216361	758.060355840258	765.882722627759	780.618937893526	805.933759467835	885.5133173806	917.443170178914	1031.80235262598	1105.77661434984	1334.53979706032	1417.54727849747	1593.78151316065	1798.81819837964	1886.8356044481	1855.36374113366	2019.23509287373
462.506	14.323817412728	16.787634911979	40.2541336927012	50.2783631809705	49.2554397447703	73.0264639480809	245.254658321928	3586.26661606028	10021.8162263286	3122.6337402863	154.343613992303	103.103502149746	128.460048077682	119.418631832735	152.358523713669	179.507958730784	206.966721561582	228.82248521905	288.254675309045	553.599880672676	1385.25166625226	1334.63305814841	604.946102294559	529.738469367218	541.044303602535	578.294281308398	627.232184991866	676.900306938691	700.81246128527	725.012562899659	717.93883811727	736.210375129565	745.619119677193	732.67985545866	745.688687251756	720.437065041527	710.918210008586	746.178366967757	714.885887068232	762.836897750382	769.672522654802	798.263336087871	863.682488649834	937.569936193222	1008.74828982421	1118.37216542102	1269.91527315769	1492.42277708012	1608.19768655505	1733.73653313846	2077.83910988713	1805.47728294094	2378.96885973537
467.137	-6.8686006723865	34.9487810603562	38.7637898086731	43.8158022928189	54.4417670259511	196.557993553019	3737.86990009646	9205.4076670688	3688.62215690001	191.127445928681	92.9353595764948	85.5701069558459	108.327648077824	114.176410511736	157.38018754961	171.146879239388	229.467728166456	244.961760783423	381.573473563677	1009.00307987969	1371.10910670419	713.243991241617	483.977698007775	497.716413118158	531.417912913465	565.620274533802	616.90911487619	660.724276549836	669.504513979168	674.681049298932	706.794144755693	691.482453424801	691.423306352881	686.820183638081	683.533511489106	667.002411830227	675.545310299337	711.615326007059	691.979865936951	719.067309568774	718.086965695456	767.550095291104	818.820388116269	853.152828458666	973.028945778635	1024.94383932377	1229.89690811356	1391.61376243561	1465.5678906738	1691.3944420314	1757.79166675151	1904.92281374088	1638.98246003464
471.771	28.4685626723076	39.6890883296705	39.7623666470315	50.1725899901952	140.053541418644	3453.39348867525	8601.10602071132	3621.7936427702	196.327777733249	82.0104077761758	87.5475928548693	90.7478295308654	128.481140490953	136.879488489228	172.770453652447	207.925098741906	240.48851205988	293.733923509825	699.528381596156	1333.70190801359	848.993733141377	467.518159969416	450.894509269687	498.061714376599	524.06928165728	558.399412073231	611.355790014508	638.130617377189	658.073678575698	668.984834160964	655.924951572253	661.902575058325	666.426364531103	669.326208997011	657.987110663064	629.559348550366	622.259775905186	638.830735327871	661.626369782472	681.445186714317	687.320445115563	738.492607163151	777.953682019115	880.513658201262	969.181269775262	1067.54494008424	1225.69408911021	1342.33185907825	1486.32869036697	1640.59824713105	1996.68736741191	1816.18246057429	2632.63147676838
476.407	19.5593743637494	30.6124636516709	46.3426957569477	142.27615541566	2375.99715943536	8731.8802812418	3418.16138113652	201.715308622606	78.6083702070522	72.2229371444641	79.6985463567671	99.7349519244663	143.277973197753	147.292537984715	178.051412688794	205.085364039199	250.386315295768	471.878858924624	1095.66938999988	1037.68670963768	478.503165368684	413.602910786285	455.706981929251	489.19595658873	518.427132926392	557.064143816887	588.494896814225	628.964553244966	643.644667311595	634.479331084097	636.389929976811	629.372014223542	634.67231546743	630.540442166949	617.844219047015	613.976782205577	622.175179460665	625.210324298016	622.324727923643	637.464323779608	663.82521630261	700.739887746669	744.684112044749	827.23886528974	933.787441755267	1032.15881756414	1155.71690296232	1349.99744258243	1513.01605388238	1566.59129131534	1598.68859366431	2023.13740518402	8814.06048733206
481.047	36.5552326255031	43.9363891240648	116.606572552727	2646.24799235593	8616.74624252432	3915.59365516896	219.008876829803	79.623551908952	60.2863040235834	66.2652768385968	84.4361695663103	114.127715222349	142.043193810243	167.72280907661	186.548216179394	215.817571623692	333.466588381863	851.771962410307	1119.12561308239	583.73618825428	400.26443433248	406.838782928632	441.636300341253	496.388540364756	500.537271668568	542.340406015505	578.354364851215	601.24122525569	603.255994286601	603.592792779075	593.143123174921	601.256856825852	592.913373976926	603.028178344917	587.013484573193	587.01837132112	567.570535422724	594.848809221454	602.136377127735	629.295469885439	622.72417942981	674.508879140488	727.742576272921	815.658159742349	908.425998990007	1042.65683286891	1147.3575009639	1254.71162288706	1476.04758062013	1658.94008027671	1679.3710648463	2234.6432318116	21502.0182385974
485.688	40.597993053084	132.389693619433	2098.9807915755	8746.17595664555	4680.23065952239	303.283857976201	70.419464078366	57.8495204249586	66.9806680271033	61.5777166965973	95.734180567013	110.466366038611	134.188709132492	163.781433775465	187.965103721729	249.090873214883	596.083844139241	1059.42193994932	699.033272602263	402.926821060842	389.86971632512	428.009347074838	442.716504360664	476.125981375296	501.692755973049	528.177837387405	542.364811256746	568.810802944687	585.96803273727	576.885529448549	588.828267830638	577.295968328929	562.115649662369	573.596138609974	555.752557773512	562.567521348296	552.384446511038	564.392542818899	570.706146543808	603.298830336726	594.333235357844	638.492422245161	684.175414577097	763.66370432791	844.529734306224	985.098102246997	1119.72059134875	1256.85908755805	1405.75331187728	1599.73962633906	1756.30645858343	6246.26363592061	35187.8393950437
490.333	87.2887255064618	2312.78784649701	8417.67903900312	4747.3911394313	364.995675551199	69.6802763463184	61.8391995004223	51.7746518095843	64.3989039799625	81.3131547628551	102.384008579472	118.34574051527	156.097664099418	162.31775427597	221.478382674657	432.708955000109	904.897918880891	833.810497408524	399.344239636805	382.404354639496	368.226697361111	414.291026468781	425.150165329267	450.604234230303	481.152584510917	498.695803899334	527.051063386653	555.577216078574	554.97200822945	553.318159146171	547.236188511826	555.89366902547	544.132287643646	544.185507366655	522.410482220768	531.175015302708	521.474190667087	560.529216597754	552.230792311324	577.439240056556	570.007952984068	628.552233150895	709.661574994351	746.714387420433	818.230309673425	938.940615851312	1053.83191518813	1246.21218084945	1509.18591177358	1606.42448762337	1900.04057686102	17751.6905664857	25836.2192123278
494.979	1513.72109285279	8643.82720182267	5250.10841520947	371.669620878371	49.2588216875637	55.2461774394201	44.4667502879349	54.4408590715313	72.0468787302969	75.4363979790668	88.6271859209402	111.138086949933	143.020113831486	172.990074906498	292.006216779808	684.3839100946	881.837693725092	461.330160493245	314.193086425846	321.848833135437	364.643962532789	376.420279942032	403.910941192656	433.427362523872	447.198669374192	468.614075744668	509.091872830121	505.587034311711	513.817091799487	500.152393230351	512.801351956821	505.121282490499	498.748551318269	497.250794811351	483.001293149779	489.596650743284	491.317870104629	510.582551704847	519.937771710303	527.904498921183	542.073397254816	590.199920382794	628.582029379237	710.445334646486	804.585086972699	903.84745197618	994.232724244264	1180.05249495917	1337.55229882134	1379.66823592449	4999.26760773862	27924.0656241391	9031.48324483716
499.629	7475.5888748928	5348.82883577798	431.897024941494	66.1550506827505	51.6135419881048	41.3531763550744	57.3824834333099	67.6817403099867	70.8100781580863	84.4283199293644	98.1513355016302	122.125471704845	141.462078545753	226.071057084815	514.204651676823	846.318657103245	555.969960290267	324.562126273345	318.948947889295	330.078192167296	340.79922972094	378.803417597325	397.428237823261	407.781121463789	445.327255260906	469.521365234464	470.924815815271	483.476582439015	495.069704136737	485.318542095394	488.515321302784	480.572728708549	477.370429407459	465.356703263843	467.740844965194	480.248012255145	463.113122981883	480.669721804545	491.469866102105	512.461953290682	531.244573358542	561.556251132827	608.921485797812	677.117759039272	780.349958320436	836.965501177127	998.56208812793	1121.23083159884	1326.33336175612	1547.3575253216	14176.6965367787	22894.5668647419	1840.64970373738
504.281	5770.16179073015	502.977120474896	65.6034959524703	49.6675260841263	45.6952979756225	50.4886181391237	52.9400376674508	68.5376161679999	79.2328532234514	84.3073416420464	106.826633075833	137.91078133708	166.41122389555	349.998912342765	750.348320250618	649.496277320341	322.784092748101	285.341957120196	284.207335486064	325.168756616903	340.115284378433	368.49937039623	383.283583806442	417.629534801844	417.478463464011	438.749661435001	448.826852418041	469.145723809168	485.018458616243	464.083455130429	467.758073862369	438.786459944157	440.47278738243	444.426116796336	445.369016269509	444.569165034035	447.813825103055	435.510609118724	485.201889157617	495.260127904914	509.761133481608	536.797804788222	578.890917513731	639.529023014452	740.448683776987	862.347548593083	940.55417486829	1161.94426087678	1277.18402629319	3703.35142930824	22280.57434681	9096.43730078168	1925.54828896002
508.936	607.743846949023	44.37041063375	47.4381933735109	39.5304052057249	33.3209447692893	48.3254400634297	58.7596918853148	68.4991790849029	67.1618706369182	81.3901170738341	100.285148701092	109.872575664854	234.134660998093	562.162861671414	696.409609107526	353.975932122433	244.561634311604	261.349594355808	270.242734588885	296.688997896283	306.424526372501	323.081996224641	351.714911109792	371.720770494222	365.533991034927	399.646312141522	405.002700895519	418.223174279294	421.754856764959	425.476576395349	399.954454480333	418.708668691279	400.452968886275	416.24152138464	421.545721355537	399.040546256853	394.75523195387	430.085147968141	428.040188614498	436.594351755082	472.336117521141	482.696329077314	531.980447271475	595.779260705511	639.59745952039	753.631289959878	952.950227914444	1047.76958376203	1287.91606223439	10727.7707614178	19062.7526243737	1835.23227310449	1122.98534410878
513.593	54.1783904674412	35.7098590802541	19.3079768493026	38.1094223795417	40.8309780034932	42.3640890547883	53.9651460002032	57.6833172271317	74.678086104611	79.2692800943598	93.2839305199207	138.579340514398	397.366938416591	687.908777427041	423.317307578632	247.306699676056	232.912864907712	236.53358874585	237.908710112123	279.729500241115	278.343663860822	312.225992397982	323.11495133999	337.8544004677	365.469752021565	364.973716632995	375.50097320438	388.145098328086	395.299928884652	389.495363742855	393.752869513617	382.759586324321	374.588041663658	384.914661119862	363.76860219925	373.492577573408	380.504763062763	365.843753097109	404.327428152404	410.537203442648	433.69515156754	465.963857345566	482.626261166982	564.501031902445	622.685512060798	742.555534630514	916.193167877193	1027.00022788605	2584.26334123164	17604.3611365035	8418.38805020036	1256.03175229754	1247.7966912843
518.252	36.3305112777016	42.5000405068662	28.3459484216738	27.2553505814606	36.2846176658219	55.5774213809686	60.2547367806846	66.5252204391723	79.5531158633505	88.9150880210402	115.399650394897	264.428777766925	602.60420337346	511.575356378945	236.464168415318	208.981706640119	225.257622031051	244.573288683779	249.754225218441	269.730600600722	264.729742507862	288.669051810628	311.963155800244	327.829060992679	334.623892256652	345.789371915361	360.134319666163	354.784219722797	367.77304520097	364.782805994762	364.267331765437	350.822941696185	347.919391941428	348.265275795978	352.494272228948	352.902720473684	352.848504673667	374.561258406386	374.538168444206	400.173208930638	426.868183804127	443.796073366011	466.936349273078	532.851868909618	624.433648067141	727.225259008348	906.641897036952	979.32915310732	8079.48466923375	16310.1342756858	2049.16453238347	1052.46714875504	1159.92560334962
522.914	28.3512418568496	39.4816259988738	35.3824247877238	47.124265433937	48.0127605112475	49.868540627673	61.6653195678154	63.0612229840196	76.134337641322	83.7120969006552	166.648719489514	443.521290884238	580.748636117727	277.814394127803	186.890365509734	197.414982901749	212.42402559101	213.603394989176	243.765994945643	246.239665946336	247.307351341967	272.398979291242	275.648764266501	299.47543673951	298.560207772844	313.473794196021	330.342996409305	345.460606483798	343.004076563731	347.188696152644	330.664811027313	329.598992206183	318.452560061192	308.865310247115	314.836261094419	314.829328721635	340.609259837907	343.759993206635	330.736349853715	357.22817661847	396.059404325542	425.598871172769	456.078935722792	492.282701846273	561.735455009071	702.305190554084	843.589724640716	1890.39450490153	14214.2258634653	7854.56858944161	1214.76003272598	765.129758543651	1965.25007720858
527.579	26.7952278303203	29.781582199612	30.682755613646	48.5923263883112	55.6285991831596	48.9274383390208	54.9650557406541	69.5146121008634	77.1700123888442	120.973983163391	298.579202281482	537.550983345215	335.493275150793	170.798521378369	187.140507588485	191.559418122004	182.060605057815	209.447521503762	212.991943282866	238.682752556631	255.72957754978	259.372992263	276.255717520125	289.301716253694	285.996100477226	299.003777038306	304.021212565855	307.481235557039	316.438969286725	313.462286599417	297.515589087097	298.611055283761	300.686265100819	324.688523155558	307.45134376369	308.280186782114	321.528535617387	307.43559340275	348.382126187371	346.155440399482	351.221343168672	407.655058361458	410.788303083209	473.506819241339	580.908902326565	730.361762686304	819.609233921667	6027.40866903046	13550.279364149	2075.33068895024	984.103913587738	1078.92762395942	3231.80139950241
532.245	44.2969865412836	42.620191334827	51.6907933347054	53.0416738479002	61.5078211909215	50.1280641941782	60.6389244248139	69.5563960822673	88.8684218999407	209.895790234609	475.92687598019	433.257583973764	196.222017839268	161.819479794866	171.447662949147	180.524517321419	200.16214096756	199.523351523116	229.962276477042	235.742381172026	247.432720923469	249.693449512091	251.091023478055	268.557075235256	292.293928234164	281.9011224523	300.845676917697	299.290393006723	314.672948904507	294.306606906	300.433099469614	278.779802088458	293.102692465352	296.842288215454	304.397871995359	293.244130007217	286.230529467146	319.492229820722	329.061562834479	358.98723515095	360.736323660373	392.741643092807	421.718066612299	490.189655932875	579.883943637958	671.211126229378	1352.22145767949	11237.9997596219	7306.9907197871	1062.08319086468	1032.89731544778	1648.80720773714	3184.99406791741
536.915	12.9305699695326	18.5191287288395	33.4864813738603	39.5212574326604	31.5249557704386	41.1008502270978	60.0819672824006	68.1235944099234	133.809054907251	335.984047699996	462.769818327052	218.042463029655	137.228516485051	147.638459238927	141.822552096176	160.892629343553	174.629276017648	174.075320284431	195.640818096772	199.369829813746	205.540665959582	230.355884318145	231.489023802772	245.066440810309	232.093764605156	248.84348601664	269.791088596658	269.147456981198	263.773562915197	259.159867839615	260.151569778307	260.114386668162	270.399380332398	253.350931375296	255.004963872127	267.202650386846	265.438987632887	263.023289803035	281.291088690772	310.289167294607	313.019433439472	341.383654481292	392.944164159792	427.574353731884	550.807903275665	637.626045398947	4575.0940177204	11758.3060923666	1885.73584106777	800.529802991065	822.846142056314	2216.88421571799	1655.03936360016
541.586	55.0840024565441	45.5870354986325	39.9374768432265	44.7787886891302	57.0268017033616	62.1129084386028	62.7422127578527	102.483317503757	247.246811161653	443.301005386124	287.109713201679	134.945091826115	149.441647920566	152.403401960913	147.53216396892	161.096313697753	185.214856411467	189.920508845625	189.936072079065	207.57594794635	213.391961831012	226.178307449267	226.046296943843	240.00768458677	239.788566531641	249.937366259504	253.448446711348	265.372099746968	253.945242399843	275.91445466908	258.917999066816	245.737018568926	252.26153394176	260.562782210496	260.304411274935	271.506050518843	255.049110324147	287.378384006947	271.709830575714	309.79164183702	323.045740288134	349.478950409141	373.024986986887	486.785519214021	563.373017938157	1012.88676400864	9279.56622707659	6737.02291401709	895.263298490824	884.632260929179	1306.23161564788	2996.10503726203	1375.53614254353
546.26	50.6527301466257	44.4580185472138	46.94743996709	43.5548992816242	48.5241266358562	63.9556037422669	82.5064109497415	164.429286628658	370.581490092069	350.357259795025	144.130270491414	120.355773541356	132.436879410192	144.628286760523	146.282722292216	162.406477013911	172.268582914142	172.939667728667	184.51048043782	199.065255170274	212.684739899771	212.980563227558	216.777218550048	236.501543015324	236.242963373679	221.594257542986	230.377194530568	229.254455191638	260.457383932665	239.115530643866	235.005071279786	238.034836898307	236.524237155812	240.145438328396	245.361777143223	257.950076372069	250.620399964181	255.898195950627	277.24229024514	291.94610446744	306.895177229122	340.414336172634	369.161920034228	475.493926467399	589.569109601198	3484.68683630331	10320.2198211109	1951.27986894032	731.293678613994	839.264105720262	1844.74441004095	2243.08437104442	1034.12741607629
550.936	44.6039026119361	39.0586591455576	45.6802965603287	53.0242473378872	52.0428073947286	59.5912940059608	118.309138604043	284.701349846891	374.98437865175	187.347892994104	98.2945227098919	119.313194580109	109.198100452832	132.907932992857	130.205701615446	147.154185116887	146.816163360782	169.653760387566	168.814340165616	177.882610168828	171.286319871673	194.566317322497	197.449419111325	203.284263953476	216.900978594057	210.953516583496	212.428077872965	223.181418600673	208.948792383958	205.18962455177	238.470021495171	207.506632340222	213.06601486601	224.374659224548	224.981112666694	224.551033115022	227.694819802037	229.294416937771	243.885634358077	272.517643596538	277.712301583661	298.794109943682	366.148673006057	471.193000114974	741.7877968115	7366.66031134464	6263.38661637346	755.842068603515	719.207405078474	798.593568252213	2310.79351141575	1366.78830662692	436.9245554675
555.615	25.3524693381893	27.9907974469766	43.4754851438037	37.8422356675146	51.5918894991606	76.6592609762435	230.024437421819	359.381377073132	232.161323325354	88.6392717257536	92.0939708120058	77.4293858005628	95.0291137569845	108.019725621656	122.071605700812	136.370157305276	151.396443406023	131.634218459891	155.641933134984	162.881701876947	156.481845069088	170.205097134141	180.028278774643	174.906151684161	206.339874138031	193.067869063122	213.895701979564	199.795831877274	199.122273851763	194.898232711265	192.300861465758	202.697760068418	207.057263754509	202.992955940426	208.539131346596	204.609047659656	199.43703095554	216.247340751845	234.317353449531	248.399992502679	261.472223566677	297.32487197583	369.314262071842	442.157094746631	2466.9642957379	8703.33773942795	2012.39380705332	617.832681441942	653.027749195145	1267.95505595454	2050.28447819236	867.340630519885	723.654716857047
560.296	49.7112470458477	49.7358546314316	28.6742548318814	55.782287360397	49.4352572754922	153.005491767606	330.207531561273	282.023148090958	111.96890525182	68.2499897094274	76.9188108739519	90.9105340704865	89.2723015246836	101.902229879492	121.205148347999	112.107205832549	122.809354706243	128.20537355851	142.164419638558	146.121223295308	162.43074656006	157.409525883005	178.499704352509	173.1011028731	172.034419471672	171.50505455882	181.6352414529	189.332775704553	190.679969551922	180.792855565477	176.89394434941	179.907772623472	173.628705300981	180.889381646745	180.962575714263	176.412839693259	190.727015434607	201.200560413542	219.997529814745	236.341676729832	230.490136855624	300.996608673908	360.325504313958	589.649937372086	5813.48303439788	5647.05928354568	615.65106564825	619.23984130121	618.873707579991	1615.40604083283	1439.60107411055	762.19759511724	-16.9017927242535
564.979	33.4414666670993	25.4571895426471	40.1135609346704	51.3398902777967	103.768780047171	264.779889228697	308.41165311898	147.782110199961	73.0110664092476	69.7246328577737	69.9977708212017	85.8077173904313	81.1924465672228	95.316820482816	102.342285568139	110.059239586224	120.677800082853	121.612483648723	123.057745295707	143.850491963949	148.649073040444	164.831324435193	142.566479144332	150.779176791957	161.960786444407	167.411100659621	155.085561199147	171.124806788698	183.610488163049	166.770941715805	177.636316217966	161.688376589321	167.927864914669	156.072333579009	173.643895960737	173.122688047197	195.561333645429	175.540306474107	189.506412267735	200.808219312003	242.345867786998	302.762870565269	381.747191413481	2103.39492708576	7465.63896227592	1886.68869033887	499.917114216193	557.545385388836	849.952209843106	1838.92575253136	939.531562731804	535.631453305686	443.433027575452
569.664	29.9887066848092	45.7916024307127	50.342918174563	91.9035476881438	194.544558652357	328.627291980633	181.14437668808	71.0960739487746	68.94827110582	73.6814484025759	69.3103567480505	86.4350249363686	86.5618392388628	107.942613532707	111.870154019261	115.635195948496	119.182327235703	130.939152705079	126.696763082768	127.151617435728	156.525718223395	136.854198262093	142.269719261044	161.638305289704	159.752394708561	157.851925716618	155.923462731647	159.093450533284	167.521141364573	170.035237927067	160.694006412775	143.453482697178	152.738347915223	162.603489913219	164.020160800075	168.805268467381	179.619666984224	188.636465901992	208.033127901951	202.693316171429	265.131349306075	316.145767128644	424.336338195736	4887.66409538724	5168.92369936922	541.619742745147	514.106793137098	601.280300846078	1316.92691745821	1628.25560514569	651.560082759793	719.39633452042	1219.76579338902
574.351	9.52943133385986	27.3408379529626	28.7274794190926	125.99662317178	285.102177641763	229.037351766195	77.8149791664348	51.68672420251	53.7767291183262	58.8851264432861	63.373231848702	64.8080403888698	67.4342868053695	67.4918182241985	90.5483780169562	82.9401311255186	95.3232588972236	93.9238832616945	110.859547205563	104.127131646928	98.3962425616494	112.992261540312	116.816426285097	122.677177257742	130.016410455047	116.004481227828	127.717055517035	134.259291357735	139.157852368162	145.267057864501	135.496771948498	127.729616137147	134.532135112745	134.398467473004	122.420880219209	145.077900196599	147.16919245529	158.977952330768	154.414494840443	174.984975906984	229.975111147288	281.13994006436	1497.0854028118	6415.1348522507	1861.54320239415	382.999176090143	511.072919623254	527.723821175055	1463.3353741073	874.150219306549	477.253435979988	202.319224617953	-415.847041094302
579.04	34.6983743616486	50.7003428849724	98.4178354925465	235.873610959661	284.660633262666	117.187642554257	60.6882661077577	61.2578945048284	60.2482094213579	56.3457717113389	70.2892547738468	79.8585498704917	71.0788667089187	84.6800707553883	77.2410366888184	97.3965028472686	106.464866039133	96.995481282655	96.5249808304193	105.433097381989	124.375219555916	124.591090118858	119.571264086161	122.457611203875	132.442151701783	113.695757798815	125.253637185594	148.383853208549	153.038431651535	133.790298342891	145.261249141038	135.66252269512	137.831505744931	133.170377084962	148.544173071605	158.081183375766	154.50443149108	178.816612574706	158.579627333049	212.636122551293	268.444530620718	337.044245875359	3900.64242059854	4583.25146207906	472.347041754948	428.297040566401	480.29458916497	929.55157095661	1516.41346014124	505.008260150191	574.155192207544	732.08984093557	1381.15160424371
583.732	49.646570608206	88.5442171004102	178.763061731027	298.647222528414	190.990762838201	63.9154155475674	53.6336412222558	53.8194276754077	50.6543519720343	60.0168673674962	71.476890567884	71.6347345611165	77.9544710431087	82.2432894710548	91.0791899328861	95.4340334115001	101.059685748719	118.421238353315	117.484608299063	121.320696814539	132.858881101567	111.99224035159	136.794555011274	141.562818421943	115.603524108535	133.444567066389	120.905518070904	127.872240377456	138.890205600472	137.042034560906	140.262058111966	126.144174279108	137.814661227136	133.411006519783	145.990456634204	142.277300403292	139.483161240877	159.925416126534	185.132042836995	225.105520004095	267.418597411103	1054.42237863394	5649.70728707864	1724.19272280701	310.965947971629	433.732105075768	477.979881798894	1242.10933574803	1181.41832972986	496.536089977336	536.829411588436	963.487668533778	1090.89301670211
588.426	47.3645933918101	112.758147225641	245.145882428535	211.667953283124	80.2194046114089	48.4381135045467	43.1660216518141	49.0718822633829	49.2114742113834	54.7809949849289	58.2657322537739	54.7341904418743	66.0644542997653	51.5167409354878	61.8093128837564	67.6097914674319	84.7516520002028	93.6158547038819	94.4712156316518	89.1278823341291	100.432704134398	95.9939078697341	83.3949638653677	104.793211890184	100.641660552109	106.688174072605	108.125996554328	117.895214249255	110.406363056456	115.791743353153	115.350259259591	108.296254571159	114.078310248735	128.548496724632	115.342678724359	133.204842751788	123.3909628746	122.366217964454	155.204075562494	208.660547421088	240.718235845713	3043.56051338742	4155.68571642157	372.235672707761	303.592563957833	371.10941113629	588.890115029748	1330.15241091397	645.890313633309	395.505734104701	209.841015935825	427.254894077359	336.025794517852
593.121	68.852288505934	184.196166219842	227.526175418513	87.0246957581588	28.6342779130651	28.1834321122992	31.6206598766231	35.3469516337175	33.8595049546465	38.3379586219758	46.1510647068711	51.4781244768412	46.9397264839379	49.6674030470924	61.239539385199	55.4618920074937	70.4160176725091	80.5050899220197	69.4365853687814	78.7050422269722	90.2131630005352	74.9583816913112	96.2801657778921	85.465355859519	91.8921883367726	90.797811025418	93.3617930919061	90.6960711556292	100.565947873312	104.885128007908	92.5621990820503	93.8466390849856	101.30370315503	104.716525093233	89.5158424047873	100.233612496855	109.99001448726	114.958141959264	153.15928405983	198.485817081394	659.620893054231	4755.49238036496	1648.11216232809	235.092504454287	285.572423783593	319.556040931731	835.982860213455	1074.74055218173	363.440717901557	264.989764931204	289.975064012644	164.600521322515	799.832604977455
597.819	120.579205752107	240.980189174557	153.406317006798	38.2631483889437	32.4434436571951	27.5806766739681	36.4674062552668	36.4075182628494	36.7436060239709	38.1214493642582	40.1896849465489	46.4626808601079	51.2626267526919	42.397035363963	58.6622411660819	62.8086875885395	79.1946581362739	53.3442711411006	64.8669708189574	70.5090418841475	66.5814210252149	78.2049808853634	88.1520669426756	77.5196523205785	91.1642139159599	81.3707297350095	77.6050227856573	74.6548872433778	87.9510506319313	88.1865557404569	91.9168153972268	92.3029875721024	89.7110893102741	91.9476180499408	104.95909141098	106.993070155618	121.865753715198	119.496056804735	185.714218103679	193.175303820245	2302.63188346344	3946.70459876258	360.501870702291	215.892457820619	286.544334559258	375.223031421712	1034.03121045793	732.369486430438	353.735300636547	309.438519654708	337.194032177744	359.992389788324	286.10570523793
602.519	211.161439384234	159.864788136445	65.3185153450012	20.9157716546289	38.0537926887252	32.7330826949061	33.8211485708388	37.5465917108265	37.8034853031144	36.6126125971083	39.2471881343905	45.3360233493806	55.422409312331	46.6975512758921	58.5284501312026	72.4288498989643	68.903839075019	50.4847118196589	75.7931414629475	74.8625568762225	78.3504577647019	79.8743756049392	81.1183637219635	79.1515714999054	78.9389055738529	92.3783619295686	83.4904483239196	94.4380547295039	92.3605447664872	89.7981162901153	82.0076028079548	80.5629626363424	95.0281998244167	103.663920641795	91.090792129668	98.5309269340288	98.4035497706858	139.409031251956	183.493734802177	501.822620550079	3981.49871227756	1781.49936756818	200.283527360022	211.09174384412	257.551770445632	545.22271350741	1029.99019425684	413.345764309331	315.375616952557	263.887568045851	465.848741781314	203.177948098102	-162.197541855458
607.221	219.589787363071	98.1029875795816	44.522998272606	46.1662054436422	35.5530135825199	34.6013083032207	37.4798700472358	30.652794096149	34.8362202409265	41.275895760221	41.124552929779	33.706998708506	52.7631642409563	44.3473215973784	50.6628630254748	55.8517207052971	60.717052634666	73.1027409221877	67.4159444872391	78.989229335393	73.383632970761	78.465025290954	79.0158636305728	73.6694719174282	66.5937802087108	78.3108803471602	82.364959264049	78.4193324898785	79.7466831079923	84.4237189887367	90.4096098807694	95.0940786366367	90.3003093612125	89.7020466681985	97.5133806090768	98.0297443408784	98.9239632621346	141.448779817456	176.902682253407	1855.44648326993	3704.61507264599	385.0118391143	192.413617685578	216.273870668911	265.258409217604	745.565153537335	751.587071078941	287.078628282902	354.540928334047	271.110597798734	404.554113653154	380.736145356639	1109.26119392404
611.924	108.435553351182	27.0125006071265	21.9445337643742	11.985402731301	24.9827156601163	15.6143743517509	20.3141490162477	21.9065807853045	25.9361742045604	27.858471801056	29.7302219288405	23.7001257942838	23.2858024263472	44.462607414854	23.002265032614	41.6914975631975	33.3500629791804	42.0790492751694	48.3033884193854	59.2305920578048	53.8481240236174	55.5609330396322	49.7253919633616	60.127600546852	55.6985888568537	52.4956101347379	70.1929832558975	65.2940717207952	52.0967197602447	67.7509755588917	62.1931599693521	59.7727279354536	61.4053635949567	74.5634208215457	77.1639539965264	84.2313943785543	107.300329835652	149.514678599374	332.226295612558	3348.10144608657	1803.2176720572	136.490367084222	139.662356371725	182.622036641836	328.355594231677	814.445190422615	443.57760601286	233.784168786404	167.624592944908	185.735983997048	11.6697771842766	29.5688710365547	-330.468810195696
616.63	46.6099682529941	36.814033972478	27.5575215164812	17.5052467092496	24.9708660502924	19.5348552285365	31.4150548130336	28.3037962781158	22.4504571130715	37.2483176946511	29.025047948111	26.7294524489433	33.5441235296568	35.8408666471862	33.66390226377	41.8529951149251	29.2256051786185	62.8091735990918	76.9629599481605	64.5882248440113	49.814518488976	68.5037581190358	77.0473630630139	63.609371756764	65.317314467206	73.1479804413595	76.0908515725876	68.254602397742	68.3211187848002	54.9312938874529	78.2170326550441	74.8442481528079	67.1584799913809	72.4824196805434	79.3694284319789	97.591097829072	140.031843830933	157.563811721487	1358.87465890854	3342.16211237316	448.341557937366	129.615806904024	125.528287474989	156.557803100743	487.427933280898	770.57706361328	293.70264530698	199.065611167876	160.665509944321	269.354178957885	200.597837376875	351.307459113043	631.177705156796
621.338	17.8954514603042	19.1498271054692	28.1343698551579	17.3032717317746	25.4593649226344	35.8700628480522	31.661463206317	25.1594021932318	27.0317195350247	34.7249440965428	29.5138948975764	35.2995216952939	48.7604301524317	42.7760402175006	54.5931555997988	41.8756135457713	67.0016697304454	55.8145133980784	63.7687196342611	65.0948316541396	56.4322528725125	59.9086593763172	67.808522283551	76.8591230528876	78.9283948909598	68.1762872625587	67.9878178968696	54.6462354315372	65.6393880132025	69.6799539633201	68.4249077936725	72.9064024666425	66.4081668273414	82.5084342241722	68.8066553331644	97.6412468177475	127.509057636428	244.832932990828	2708.51915763452	1770.48717421335	134.388857607245	130.632466684293	133.541379901743	208.358153586313	669.240687174664	513.618187766665	254.703132557942	261.929707812088	263.351708127824	259.014286358367	229.920250419766	82.8658058177954	205.806258740899
626.047	36.1354094785697	26.9872572113153	38.9660777771712	10.9614588012934	23.0453464700288	31.586304045574	14.3438174300838	30.0525674612758	28.302725914058	27.4788247760025	40.8733380051319	37.5150509963109	27.8968726912737	33.5904974634331	46.7107151549419	40.427067290948	49.9996583490332	56.3517579022954	50.0752992616805	67.3146503404643	80.5514890142876	60.8541251018267	53.738373480357	60.0765934186828	65.10689186091	59.2815965538991	69.6181929348578	62.6367134400373	59.7740254987962	75.1691991458483	72.5854643786315	74.5641157343271	62.21223324294	76.0589157159661	76.9976114886892	115.552933008009	129.500414669697	1040.30688908337	2988.60199505892	444.360097005007	120.44272980189	124.414334537855	121.817184757433	479.956042185855	631.755137859581	295.359082394335	244.412882432435	218.031344570845	229.955986149378	352.029242404054	268.15404875614	121.692266851968	793.369514931463
630.758	30.5881570814851	27.2768530448788	9.56999650130098	9.69419886659081	20.0077824932368	13.2104488952569	15.1190702373739	20.9732533919978	16.7551992984651	24.6611262127104	27.9855098389414	11.6912658149618	34.1671956979273	21.9872829317452	37.1400753437719	32.439174705689	35.342307347234	42.3700490506341	36.9129846746972	43.8818474397956	54.0124821568951	51.8151064445178	50.222802782841	54.9382878290849	50.7251062518029	51.5958296426038	48.0062015671788	59.7005808786767	51.8784848991793	56.8195291137332	55.0232753243652	44.1235144967356	46.5897130591979	62.2322169070739	70.9061837711607	96.7191307397963	194.211508505943	2244.88693632254	1713.60477865423	97.3343395227858	121.735180993226	111.717281992716	124.917458567561	445.88500557245	463.361245067708	181.839855175958	187.325601525148	199.044777075915	177.949323453921	81.3272709718874	60.6787087834298	-176.809807017072	267.294344384119
635.471	13.3413575120898	20.5122348781649	23.7378794647676	8.02426466302379	8.72661202030953	13.5892639195542	15.8613201815532	21.1343706217743	20.5901381664309	20.7490227878831	29.8119523390452	31.840752723265	37.7723555642249	26.7177584934231	31.3992650600403	28.2880155497555	36.6123261120427	48.6449153070357	55.2196227712469	46.2473414180625	44.0221681061857	52.9644201861623	38.2376209954489	42.6128821918048	67.0018038623893	51.9921905211316	46.0556381211407	42.9708590897346	58.5634938900434	43.8417514044779	51.2307755603536	53.8742371176414	45.9627017462919	70.4233168015651	69.7081828605299	123.206843986145	738.070458092755	2653.20991730799	507.385561742544	113.494961107593	92.1279398566942	79.4010757901316	186.105345927342	515.874799231324	297.723019807456	153.840484134619	159.270167550974	196.27583469166	270.804262639813	266.344096756	220.121440709263	271.125317570908	-76.9564881209749
640.186	37.3334776120252	38.2241052418561	28.9846427659096	27.9626803776159	29.8465589355178	33.6199162029091	33.4546989015196	28.1101688211414	35.0686934213111	28.7645484579527	32.2894084431402	47.8504457926722	29.1357553301058	54.5147521279687	45.7570675179125	55.107336959206	55.0211906481679	68.3704858114334	86.0578248329379	83.7260386882621	72.5719379734476	77.5253495615061	78.4961545663237	48.8957654340131	70.5872618971589	69.5645797434639	67.3868948505402	55.3042565221499	64.9712446919967	62.6077169558184	59.7727269537582	61.4534476562456	78.9405518863779	87.3538261290461	128.153724789397	146.650821848532	1782.94544674765	1672.43642181941	116.702740460922	96.8616929400492	122.398125325933	129.676682360801	325.237442554856	508.503400471532	219.227490803375	194.378210206428	198.573528645711	206.690331111331	333.638816405689	279.671130078193	465.569842852926	628.634846765593	1445.63254174285
644.903	41.0232785601278	13.7183723310318	28.5641436242656	42.0697604809363	27.4432694045749	31.1938156719562	25.5892041785143	27.3236500753573	25.4545111615241	31.5380310380961	32.1140527422438	45.4933699024203	32.5171540353517	41.9310326420334	43.3874100595869	51.5965491889281	44.182633876293	58.5129865067839	64.8922875635794	60.0178516688353	59.6131055478292	74.9854505650572	54.7014519577805	55.7285398865745	59.8448172622436	73.0786551746028	57.4129395926889	54.9313410442479	56.6612415622	68.2961129554037	45.341783560884	77.2834635348809	51.8976605807897	93.1093753905829	112.312102047785	526.969045191687	2353.69666747737	559.240782138004	100.794980809076	106.014188819169	99.4432426959421	120.687784592427	432.705358917062	359.035958806438	171.451123165742	204.542648678408	211.601920156774	226.473052464136	268.848397724952	238.749919110586	301.534574598778	172.691268540984	370.411549653243
649.621	41.1311988651061	24.030783092895	8.00444698013711	24.0216205485198	13.297384197568	17.9552102078846	15.4421699368274	17.9743276555307	26.8728094787546	35.7035812126942	19.0443704809877	35.0120221840165	30.9163507956053	30.135525440447	40.0903170729708	36.8226394226706	33.5205243741212	35.9643936505908	40.1958490291852	30.8506082883108	60.0456692621089	47.0950249820707	55.0905135944546	56.8916758460309	49.6893015515709	51.0173884884146	55.8421258536841	48.2357593403938	49.9828641159601	60.1847164886789	55.6468270277797	59.7002524530338	55.6687601641912	87.534849380135	108.170988972618	1429.80383812089	1641.72166001413	119.3791027361	70.8378820916133	65.7568446250438	82.8417956559474	190.580297746362	406.026425486108	177.427451962588	112.017588663921	175.214613541335	162.463407577586	120.728612498703	218.123200415117	186.860788116144	293.235616069383	183.096463772378	395.426104377012
654.341	-22.0852679894544	-19.6944395113544	7.7416718624349	-4.00509582270666	18.2145514609529	4.92030009885361	4.79171785433143	6.27462950390524	10.5292674792003	16.6182753065456	13.1737104857285	12.6272779470302	23.3729347086597	0.340039199373902	5.62698849545293	32.8021862423751	21.8835614975624	29.5835636206932	20.4100438104922	35.1400868376939	38.4246028628794	25.8733022942435	30.516035583374	30.4079996871717	17.6613404680362	31.5058894026885	23.8594216374047	36.2211971887847	29.0051967630479	21.5112904239263	27.7479250925989	41.321463386605	54.4775358625203	68.2455926780603	360.107177962526	1995.50426748985	572.928363439692	67.7351924523023	61.9213071705917	60.9288719037981	70.0198462022273	219.648030439685	285.992459898769	81.0461179815161	105.267869313148	38.8595171207799	75.1057731073438	101.671210886014	84.0212763856386	-53.4542880201102	12.7624090162585	-8.08434514983633	-803.134085640253
659.063	19.8502908551973	18.9966336102137	5.85509840995915	2.20297542489633	9.50057560337926	6.12914846790215	8.78550488628534	22.8170390077216	16.4684925142074	13.2033316894838	36.4618032550943	21.1108086376961	24.2731259846927	31.5467764599981	17.6905425125412	27.4548489433429	37.4799849762996	38.6716715050832	33.8993384516093	58.063314352498	70.7569359520738	49.8100122279083	44.1865107973146	26.8308283721892	33.0755558276502	36.0070533808005	38.0080418208919	37.5695015462094	36.9097047551295	47.8606828516472	31.0524756179052	40.9859763375306	70.4836968236451	84.7011713234988	1085.37477709606	1520.73327344173	93.7663406998468	55.6881592134384	51.8821335184775	77.6619672240333	102.751729740113	333.67454672439	181.278957843498	81.7279101050552	130.123552522255	68.0606221399252	96.8447906543317	146.251050287914	144.422892141391	223.701461866313	150.147333795354	203.808846777445	323.956147380099
663.787	28.4792831115941	0.87573358830599	9.89694119883347	4.84082960369477	24.0884007880507	9.17615164422782	13.3652173296286	14.1955827298403	12.5265983226155	23.4336329845648	20.6394904372904	26.1681539551804	25.331039343996	27.1256282272433	23.357825743043	27.508876908883	30.9067204880278	33.6174057385484	29.8780905077672	41.5673356749576	38.8704143442331	44.9037040989124	37.6112338718529	42.3721577646331	35.7565438797238	30.7895898369158	27.5842792960915	31.7520835379871	28.6047243024001	30.031746062733	40.4910221644913	48.1489566399183	78.4918502885614	280.615902346721	1746.20764960411	599.808222814499	60.2140070432622	42.7998915425845	36.7861651515875	84.745815491151	158.184629904313	283.845115407391	120.210114459817	71.0463294508516	98.9772119914341	96.2183373225626	115.847730657051	105.510186704609	64.4476009794138	51.9352674226562	87.0156998531636	421.668579091218	41.0690143503989
668.512	-6.43235535446748	3.97109373313146	-5.18596941207481	12.3827185163391	1.29459019569166	8.65012739101109	8.30523864482626	9.40583204640708	9.74398461698035	3.37339503203184	18.4872394251001	5.82179487815622	18.3354027549785	17.5218849384182	15.350462125578	13.5221147238491	16.4670999241083	30.8646357521893	28.4580204024983	29.2335377532775	38.7387768864594	26.2605077276826	30.2396394101865	44.2647630154871	34.9170279986467	31.0262666586077	24.5890498152901	21.3307726417498	20.2839821817339	34.8371760849782	36.2686871362635	52.3587122597713	84.7448679829632	901.338847215728	1425.62316566163	99.6816502136017	48.123032231604	34.6809634776986	56.3072462446861	59.7780742936034	255.794851264197	209.402185382548	65.4254013050757	82.0330227605036	118.985733078027	36.8861800813232	57.100226965096	49.3083984081706	129.886007841352	52.3344891756064	78.9161235757485	-208.289170452569	41.3847081884121
673.238	10.9510798949195	18.6433738800955	18.0595407588764	6.79488570320986	14.9774453630361	20.7052837335356	16.2588744856588	14.9822543067335	7.35199906292168	17.7517164146556	21.2139988923516	18.2596074988188	33.2748185046366	17.9799543952276	16.8156093938051	36.3894919769537	6.8425893971757	39.0024706146354	21.5757811989079	17.1190148957469	51.5297394315087	42.269848495849	45.8354372007557	39.0141801057313	25.4112436431354	27.583682913699	38.3604791970899	28.2546555744758	37.948255847676	29.0288072332262	49.4680964050026	65.3157971904732	186.495801487743	1503.65834857139	642.24488828106	46.5594809368653	41.6771419003877	54.5712588412568	48.6214444701701	110.168907475724	263.294658257639	151.818773680899	72.3361832947192	48.76598224737	48.4090167624804	101.78281567765	86.8044167620545	111.612029310669	188.083036795614	157.948983091388	141.140225637085	108.962641740905	312.254532186221
677.967	11.5328342773946	12.5200827380853	30.3200142269257	-10.2670898749935	19.6790945114415	5.13872013345929	11.6011784423471	14.4964072461429	6.73266036526933	10.2558106620473	19.3204646161503	19.4346867080072	12.0230805482	13.4950952798624	24.1985040892662	24.6659961922246	19.227228941715	36.999902247901	42.2141946374452	29.183141919216	57.142104286647	43.8081666366765	53.935016352856	38.1094316374157	35.3849682229314	35.0981189371184	41.1698273907503	35.3071734267487	38.5872368839633	44.5758158770056	67.8549075837125	70.747196070159	693.485647477082	1312.19331394429	122.705062083554	52.1122193619527	49.6160909042087	52.7186101282693	58.4883934607885	194.464289295805	229.207602316285	102.547676588044	77.4619753134897	87.6668814143622	66.4964995960341	123.889689884137	64.2949501365989	67.1461184776096	103.705864333015	97.6976172108233	257.693088974868	481.263667276656	314.544937262203
682.696	21.8016722128204	25.7713493397467	15.9421128533891	15.7645141639351	30.8425263494208	22.6178280874122	23.0009124862953	23.8944818405259	19.0615350843182	11.9655050950099	23.0877370746035	24.9150062572386	24.6825345872734	25.8546099196312	37.4013597816297	39.8361298031812	39.2498264168415	30.0840692624683	32.541756748837	41.5799722288587	63.953758232097	34.7747263862284	34.7047806954268	41.7453121472776	33.1148920559666	31.4227846291837	40.533145567756	30.6005544805938	38.2879696772389	48.3178076967102	66.4670055662176	141.640534560175	1285.55909966479	637.167723888953	64.1489516152969	49.8556592359964	64.3192655550179	47.8388272013341	81.7384950252441	210.014749043668	151.748901644297	51.5455654245852	76.9976878796382	61.1337012286709	79.7885664964894	143.628939012977	105.318584422676	156.315047246864	108.894731002205	76.2066421957518	152.744939109659	162.209003448114	84.8134181442312
687.428	7.65833488099154	-2.27642869058539	13.5836647936219	11.2283638190318	2.00373364307057	-5.54004673034534	8.33814244642945	12.3339514513495	14.1674608140075	3.74859310309736	2.38450642056801	-2.47355992273485	3.70968210803586	11.5711684377526	6.33574753360838	24.7662008723463	14.036515294193	17.0889900750138	11.0648456747834	32.4157061411937	23.5394158921957	31.6825239367771	24.9622088563775	13.7427939305766	16.0981187007598	14.5181772379187	30.887898361276	24.9448367725418	28.2738863059978	50.8337562557682	51.0979241917602	519.012832579932	1218.38586507007	121.698717993685	47.9641244322653	37.1426159689085	25.0437612605076	37.1619066273862	91.5084636248933	207.334401686398	88.3510531526158	48.8877015512773	44.1149076454082	63.8690622031851	35.2076474458509	42.4108192962461	47.1350789576263	73.1383514714809	34.5210321156791	162.003971609023	67.8579781530186	-25.790772691591	-170.811185154441
692.16	-3.07996184560283	-0.915514092840351	4.55246581425685	3.89286613962327	12.0876599129779	-14.2347468042614	7.21904078399325	-4.87904286253536	11.9468845349723	-1.61526026101591	1.19872480605627	10.6585135717554	13.0543644126506	18.9052129177228	16.6331386651843	17.1849437307043	4.82803101131779	3.51444881518228	24.8170981738947	-2.26330971021151	21.434435082539	19.6994921110743	35.9733767015169	20.3196916746075	16.9562379918932	11.977011246079	18.4854518145173	23.9737571940457	16.9825775281505	38.6973320337533	83.9370864431021	1018.67310328479	655.359977687463	29.5608102686034	29.1680295507935	14.7735405498823	16.9311774175375	22.1414061451833	138.251162502886	149.048771803809	48.0467537015029	37.0165063844191	28.2255050267267	6.96315317010251	72.6128326057329	28.427351224309	30.2775385848981	25.5775127739318	24.5000566524675	74.2976617288662	-36.387367381004	51.861531973404	-322.009415182856
696.895	6.201755717099	5.06952240675458	2.08335527175243	-6.66281439200646	4.05658239341958	9.03502245781198	2.8134446211604	0.614022053753261	17.11679171115	5.42076496426941	4.22402870092449	18.9579154008594	1.12654427723095	6.58855321264678	11.7578959746623	7.76808624618918	13.834636294305	17.6915771400916	24.1240575399903	4.1016237131049	20.2312465086376	19.8332713111726	8.84385009311012	5.72815114153563	18.2353460167335	7.53646693659277	28.6609191639449	23.0225677057267	32.709037887233	32.34425514515	380.646218166771	1099.6026248339	147.894924967918	34.282300589782	24.2759839064174	33.8793651472873	31.9069092558389	44.1191249131821	165.655734919955	100.215537311379	35.4360635135004	39.1007322059194	33.1533817516262	66.9886481752282	31.0700271199572	83.6596345491375	62.2916610326708	62.7685733931393	36.9996547109703	74.8022169579666	141.958586358636	113.129734256985	-583.553124522945
701.63	6.77518570575034	14.4072302608724	10.9247402840531	1.97616516640369	9.54512298173016	9.42533803413736	9.69360733264971	5.36636866251874	3.49885823960581	7.1063790917576	-3.95536547768395	-0.360710806052054	14.0111304550051	35.4350644880083	15.8093054976662	16.7353059920373	21.8694800319566	11.8937753976543	19.5487631181544	21.6000922235866	37.1764932860392	16.170540380631	11.4664843746843	11.140242349554	15.6502249223933	6.07998106619125	7.13177169074448	25.0888822765872	42.7301473753094	57.0794322359368	835.66280340497	627.966879613601	39.7957888681706	16.7157429605973	15.0042119256746	24.9986814958528	37.9057217198285	92.7284320645105	152.718868023542	29.1010609950115	22.1214693696941	0.616097374144936	48.4433919998116	50.2721174791444	37.7825280692335	78.814325142625	30.7400331426292	94.1347744343097	55.9671731771746	26.1112746335679	180.098054243324	219.390523773336	-130.771265533413
706.367	-1.05481881950953	12.6985048822382	5.95299930160202	-5.59952636472671	15.8690654506859	-2.5435231212967	5.74225971371094	5.63950445029349	7.55361923219665	3.04255005069904	14.7793225163699	14.2361902327432	13.0292792559246	-1.49414246310466	11.2717625620153	14.0530447523995	19.0787751997055	27.2820759550408	16.7055350388156	13.9524034176354	8.71722374814135	26.2688338922317	0	27.1402756306439	23.360526492188	17.6892776457925	17.8530208154282	33.7261323783157	31.4831120046518	315.445940082267	993.616173227973	154.779067432494	26.7227846485144	12.3024896650268	17.1817767328621	27.827860087871	16.0575337014181	122.274938990462	80.5248854405742	34.268581705413	40.7547032313624	52.9954160742294	46.9521118899188	48.4894281037599	46.6280425355181	51.6743076918369	83.8567849387804	42.703695862319	67.1258207252609	17.6159811235583	74.7712117811209	-53.2842833870573	-617.574179823926
711.106	-18.12134528961	-7.1292481201057	-1.28911806748107	-10.9131636278656	-4.53211077637919	-6.74727858955125	3.86861237433332	-0.633230870459705	6.67923596372895	-5.59034597519708	-12.4462042866531	-6.63995789371721	4.25988431421995	-3.39733341857369	-5.87913950058867	-1.09242271409383	18.5091028421785	-8.10890367047664	0	10.8098396249677	11.591195896015	8.26852806586225	-5.64603464893922	10.1268827946326	2.80086579277233	0.388611735464402	4.60636920405097	27.1893313261185	38.715473970305	700.099047007957	604.045122995718	19.9277565626265	11.7909473888642	14.3750180677851	16.1518864088097	22.5826752821378	57.2458102864557	138.89269069251	49.5329233313352	-2.70551412315469	2.90036753503508	3.15030809701529	30.0039421155728	68.2809881124642	20.733064800721	-3.40566349737113	38.2708575754529	44.8145999766435	-14.8388865688363	5.93402301169849	-141.676994666348	-233.33767789133	-1515.66651576927
715.845	19.9485106254125	8.17332231860877	1.30403704505386	3.67982059685157	11.2850730935108	9.42550393558963	10.5172191449511	12.1706259074693	10.8587166991007	9.04806897704178	-1.2590244345747	19.4040952428498	-0.783488000407086	6.10960141438398	10.0358643037864	5.15697155950009	14.8226195402408	15.5852213934912	11.2351190853674	16.1646968959299	11.7253409336005	16.7284396642128	14.0587723569894	23.9028564147128	16.1901728194071	17.6899114508812	28.3463791568566	30.2156551128693	232.654625206095	868.09298614826	194.558644807159	28.1456636307259	16.5444638246759	24.7596475548328	41.6639715380395	34.9125662519824	105.329300415215	112.884560957797	43.4594317736158	28.4629807057173	17.0168144184158	52.9003263446719	40.2329569734125	96.6996866343895	53.3858405504674	74.643341033776	85.7233403973905	47.0122487178273	190.849275400058	27.0121388637408	401.286547434631	-136.175825425289	45.0943335595792
720.586	-19.4580870383402	-26.5094845000841	-14.8161879957569	-9.01769839667482	-7.42442084454264	8.47166585648081	-5.14921055817665	2.78272505821486	2.90292705873778	-7.08654944533988	1.26218509516931	-2.61864714605413	9.8181859025227	2.67966080603016	-8.19789942286247	18.8332714176548	-2.73733716253428	9.04567434926035	15.768653290284	-7.14938683394571	4.70191051285465	9.70919910299864	3.96395593938278	8.13025683577138	24.7519954704892	14.1874562272238	21.0211939980424	52.8159637636599	567.158729422887	556.605220399026	20.1904189106427	22.4967961788514	14.657392804569	29.1557701128283	13.1038635166413	29.3828931139007	95.994290512721	63.1409145607475	32.8045421374562	11.5235215443532	22.3538714902949	28.1139471410328	29.0121452059717	19.5514168662812	7.6456943720474	18.4198710184166	52.6720087892181	-57.2296117234464	-51.5941710412836	0	47.8921355935023	-236.630648503562	384.264077904993
725.329	19.1488065914129	30.2486718103869	24.7014027772787	11.202444903988	11.4516823343414	26.7150822775199	14.3954543708482	5.41680226721498	13.4677049824964	16.3548172659289	8.3044797687124	24.9918787701977	26.236820570835	20.5368429073446	18.4821296476061	4.11172728403541	22.5621839926646	18.7286644661592	20.977823110753	47.7626878875677	9.99469812534485	21.4426270017929	24.0744345990451	21.6569201853517	26.697449020547	31.9130305677243	35.8575852884695	192.618682530503	780.669162022954	210.110860113927	35.0902837348199	32.8067806640722	36.7009250698481	25.5240036982161	36.4760735083212	65.1700326194318	129.556786434249	57.0297584864054	47.2140685529973	41.1030141432454	66.0949318982767	42.6863587863941	70.9099546613878	53.5989618443916	29.989185309794	104.878179211224	92.6011218143428	83.4860646393219	143.618160637339	115.735069515353	169.671256158002	571.169966148169	388.960782013072
730.072	-2.20206355700541	32.4007263340023	16.4222063291054	2.08744598669377	9.00234210079217	19.912185870979	17.2322768956049	5.88657833927134	16.0154981455611	18.1889479360951	15.426823502097	8.38250537937356	37.2002970869261	23.7839419639531	17.8381569298553	31.2180591364128	14.7368341149515	18.4265131658796	16.9785462262864	17.9618670938714	18.198272896733	21.1266579801519	38.1309347816	30.9443404362159	26.037132231046	37.3299320799226	36.0808890362864	497.994158073072	564.996190373944	38.7602103567551	30.6527024042913	17.4764570146027	32.6079457519272	40.1296170055595	37.5373931957257	90.2218485318923	81.9428365596632	33.6394313588304	39.1550233529608	49.1836565204656	44.9368508499612	55.9680036428433	43.2433622185686	52.2732810882101	78.8468200939586	51.5930848550628	79.0599489199993	70.2907142661056	116.047953026086	162.425211071586	102.436732147484	528.377990682935	1197.17165842021
734.817	38.2545994440234	26.6974191604553	19.2204231940719	24.3858526851269	12.6925317434835	19.7189782825555	13.3301228899939	18.0043615752037	18.114012572755	23.5514016544407	9.06270857115122	19.9535058873027	25.3786618413559	35.7322285905969	21.40448875651	22.3483018258083	28.8801654663064	20.2440048445819	42.9780231787393	20.5335365110722	9.16357391983713	10.4117921451739	35.2385345265436	24.579645699795	36.2106700961941	33.1476552584484	154.928841431679	714.637277681205	235.653414654138	32.3317709189872	14.4579963734743	36.7649045530109	21.365045258462	33.1393188124347	70.5660148392486	111.249044939781	59.5479419837378	66.2607098267143	60.9886363498407	39.9632867583817	30.170053815912	54.3981546136559	71.8568388322627	68.5200661469658	51.956482759639	69.6715609941544	96.6812206563791	127.764596978018	59.5374306651889	287.028636964183	103.162159669398	532.119811886908	1507.0621054151
739.563	-16.2645396699804	-5.00132100640499	4.52172035677003	-24.6687506917867	-6.9701644522446	-2.02858335394174	1.52657710240717	-1.99901288388498	10.5426625334209	10.8828507787422	6.87588315715537	1.55269112703197	3.2600733123309	9.53321006974426	14.6929715899364	9.19629656731388	3.24613350856855	7.25292733793529	20.1020872112591	25.7173975270336	-8.78199128312766	14.6540220890501	3.65613676767726	21.7566928960287	6.73668904988335	9.40537264370389	398.278325531397	525.472544337275	48.4034940056931	19.5443364680739	-3.16231832288717	20.5739719252165	16.8100326795367	17.5795352863584	44.6154028797827	88.7762855818598	27.9849320847982	19.6552358793029	10.1054054913702	11.387858345762	53.1048936143956	1.98900804364416	31.5726167997395	32.121567318203	16.8586193649455	27.4751818406074	51.7779584979474	29.691828336945	40.1520792369055	56.1984057017483	323.015748959589	103.881082931975	656.7272460394
744.31	-20.4063795507904	7.58220758857369	-9.14015113436442	7.30781870822393	-6.30315557301672	-5.46740531795528	1.80005267784113	-0.224487810889821	2.28330120217393	-8.62101953734943	12.2442051779179	21.185490369273	0.823734121991832	-2.40878951919944	6.64346489927222	11.6183020329635	2.46063570911276	13.7985694781827	12.2847331273334	12.9962094973254	4.43795288381099	5.55402449395012	21.7095082101719	26.4769828607722	28.5115614923006	99.605861207478	601.35674374933	229.705409601901	24.0528841241398	16.5283076694827	13.9830954730108	10.7968792547187	50.1603587150751	28.5106885985453	72.577483503149	62.0829046828529	21.5726968474593	20.8841686125137	25.8024569627965	24.7457258580229	24.6771478431526	8.71120668666934	46.010133523589	34.1737630342697	16.0366166497167	25.3543052860658	-10.1756027368255	134.15945737998	110.471765769575	141.998476546443	281.266525797843	124.081437635641	237.053670523394
749.058	8.01691808023958	7.65969754819719	-2.30839080888357	-9.5538292504443	2.99650524946133	4.4876666694398	3.11734143131845	-3.17494898473879	-1.79405059528376	-1.80188816429451	5.01459755219382	2.77433404845183	-3.32861065112258	-1.21670364196701	-2.36871562362774	-19.9529693095407	-1.24289167026374	6.09857083970832	11.4556456363605	-5.55458978980609	6.47589026368641	3.74052431757452	16.3318778341849	21.7607405454638	19.3452641808066	340.28390797457	482.537701681103	39.4983817481611	7.82500635977606	28.9147093631981	12.1080020025795	5.25162592411216	27.3797641002597	22.9581694089772	100.217400102544	44.863534678098	29.0575589796127	7.71863570470971	16.2913483661107	6.3949974811585	30.5384508552026	29.7854107252562	25.4892274086563	18.9876598902945	-19.2381061531817	29.2724864123949	76.362721505913	-10.6997813259021	25.0532372859151	98.8209025121109	172.514216336151	269.983638881818	119.738176361428
753.808	16.3426175274171	-12.4915341434688	2.82341526126172	8.40993367285435	9.92618989256823	1.75926563231047	6.88431365455918	-0.231149464203263	9.92668906629702	-2.75488368486903	2.72595691691626	-14.5427784499899	11.4504077195105	-0.826756702341492	-3.62149891149398	5.58276785855568	21.1137902286072	8.880025403748	7.29766231903534	-9.26437203210204	10.1547748696225	-0.476569967897004	29.4879066586533	-2.77247640777038	88.5110913951828	562.599618798342	209.763591658221	24.3231735617308	2.93841622656266	2.90564597106931	18.9231414810682	15.6465359813095	20.8261541685946	54.8843408008186	62.3497103044742	23.7969754880042	33.5661063051539	6.81831109581436	25.4611363611936	33.7758839381262	12.0694838740455	6.20979983513258	58.0731685781864	51.0224057449322	48.5054735771433	9.94540638364585	79.3301178075952	83.6114314332792	-60.3571451700018	240.437950377919	222.381473518665	98.2796475961546	-585.811714712219
758.558	-7.72559996462144	23.3175272370274	4.79124949016559	9.4641920164825	6.99692171607057	1.07475122226207	6.20069565304141	12.4736639392777	2.92576059094481	13.0898697930634	11.449017497453	-1.64524339937082	22.0217912520645	14.7312992427306	15.1590802553156	2.8421359786868	0.429953488130135	7.68525730656056	18.8235434031683	8.3847234488494	23.780633194996	20.3798620434949	19.3703524786553	15.5258657767035	304.713930179907	481.83466796563	77.041964547103	3.84290840489705	13.2495840963925	16.905574264916	21.3614564174965	20.1233890003057	32.2313091323279	81.8739653573153	52.2274227179163	16.6281873894147	23.6219197344643	14.418580388719	32.1232949551725	51.8866459243834	23.2842834337707	35.8286584293541	61.4630772553249	53.7414608275085	45.1842029107212	39.2391434981211	62.4843656158347	74.0275023699385	63.8181756037427	152.178888483351	326.472884263913	140.093151381414	571.610141032304
763.31	8.48644803495493	8.64885976456489	10.2630663655434	2.2984936542162	8.72300752441693	10.2318409547469	1.37496499066683	5.28141028638897	3.52694355603309	2.22532338957534	1.06165788690791	-1.67818259893058	5.28533802577631	-5.15185118677669	2.08953759290731	-4.55563115164585	8.77123059609821	6.91687307846128	-0.505273870139376	15.5015746009252	0	16.3333378641665	6.42140321311143	83.9825375088916	511.50157195595	204.194617017013	14.4071421057213	6.96861646864851	0	15.0885337064809	8.54475737214558	18.8157536402682	38.500238188326	45.5124591199037	39.9547957580549	13.5688784963218	21.531569024967	25.0568011883957	28.7424834881633	52.3100492264488	33.6464778876641	13.6151687367008	40.4730973342276	30.1495763119174	20.3648317877091	49.062590863268	26.426855258528	33.9793187227887	19.2876654282916	124.855407531267	316.895808327931	183.725919972684	-101.400742911037
768.062	0.611845965772548	8.18416378437932	18.2517178663302	8.3519904700094	4.40230807855585	-4.42609953054746	2.77565712018512	-2.18079034557033	-1.36920772811914	-4.17140757286368	18.2170349721587	0.423470734828799	16.4489214351592	5.20004964700076	-0.843634556082022	3.3441830099703	8.85329038270215	0	12.7500247716824	30.2141251696238	-13.8386003452972	40.4659932786247	29.4159433594319	285.79007065873	441.875491094463	65.1327401637282	11.8979419161539	0	4.40041654518756	26.9783175840781	15.093222155536	25.4662579357246	42.3535018489677	49.5062734336791	27.3492772750885	2.9348192084027	17.5933881907628	5.49809165891242	46.4182168926541	-3.72701923094596	71.917961459794	33.2714278457451	12.8162340023054	52.5637461795531	44.3562950061971	23.4575995005943	29.8122219527408	53.3512222852591	63.2713651925137	105.587256727865	-103.005938712304	-175.142291374233	409.397615159033
772.815	-12.8405813673677	1.09052679327103	16.7611661609343	12.9837100389974	-1.59981966005498	8.1093473328559	-3.60605594509962	8.71760523741131	18.062030219366	0	24.9878475462654	12.6960302603109	0	2.5983687593796	11.8033609412529	-1.25326986018778	9.73241648857601	5.58170995801991	11.7225514497887	-3.77436006683206	11.7021265851388	15.97638273651	60.7874452305864	506.83324897137	228.600658013505	15.1582373279479	34.7903231882723	7.02933166032046	7.47594335218483	10.8714249878056	3.01672173071966	23.293254583388	59.7807623101404	29.4174134640002	10.1915400404056	29.3294989979146	18.6164282423927	25.2751125983698	17.9756023387001	35.3841307028228	54.5695983422731	20.2392740183831	41.626230129173	33.1770101936425	-7.56820240094946	35.163987567429	12.5445192870209	106.634481338608	60.799100984896	197.424523249089	-27.0895605102532	30.887776932857	536.992119252005
777.57	-1.8717616083848	11.1275672674991	-6.0362948953296	10.8825958434522	-3.26486263207381	-4.88956767784437	9.34043141388818	-5.18893082243611	-10.890582870836	0.981629739483811	-4.37095103797718	-4.7501056304743	-13.14682493349	7.07022779184571	-7.74255055316373	0	0.451400351647344	0	-10.9213793968029	-28.0594628410524	-8.68412330977221	13.7548585939074	275.052257484162	433.193465816018	22.9513428981636	0	6.29105229952661	3.58631082603474	-2.69235435418242	-0.887442755863122	-13.6321009518949	7.04239343855485	50.313347490512	17.737362593483	-4.72695015001376	13.4673158665899	2.63832171685311	5.60659461271371	14.7919576524945	-13.3019973716524	28.5200369110449	13.2761848956921	13.8859803602735	0.940369713829637	-18.7545871161188	-10.6313454151183	-46.4008485270212	-52.4610871376261	81.8907741696428	111.144242619375	-386.984778511422	-199.610272026593	-730.584639272711
782.325	5.70176747330803	24.2927343168968	-2.04308721434205	23.5417344679604	4.97271860823162	20.241406707754	6.32285742464932	-4.51615462934978	1.70127875862444	13.2899747592453	13.6846637878512	10.5234837821574	17.4921901894462	11.6660674702976	0.436766435809408	16.4478273116902	15.1256325272746	-4.81934059107974	12.6738088724029	22.3463645930205	28.1069607502633	71.9026469413169	523.988436643536	253.286121699994	32.8169960193606	24.0200954713621	14.1447301329948	4.55193081334371	-5.01200350395463	27.0333156590898	24.1119631787957	64.3576986443912	50.1840215048292	9.69798357009198	35.998134715129	21.2718021401695	13.3947764162272	46.1128417048944	51.0672279610611	48.8819888267155	30.3382958082276	51.6758453635336	37.323112276501	60.1557152827371	23.5242395438316	2.69877047081746	73.1102300708836	53.2690557237175	163.784238475663	42.3210028839799	-5.61349777943192	426.704270226298	900.801570572597
787.081	2.60212651181393	20.3038040157567	13.1119820743847	-11.3467539221139	13.6164545329269	12.1570426108152	2.95115575822225	0	9.89930191422475	3.07049290172432	17.4699500404224	-5.85319604129939	-2.36337165170234	7.37178299014317	5.83034202582969	9.33352422961815	22.5913542725039	10.8870877674459	31.4503388394774	1.14730347256647	27.1635402920615	225.746191190184	473.378515335916	75.1924603232158	25.3953674312651	13.2810019494319	12.1816956168169	18.6963602327073	5.61437413784333	19.4311622913756	10.5455217429093	55.0707109678731	54.3162485650088	30.8231435879723	-1.47856837447225	37.4445757434531	12.653909371261	0	46.2685665966829	46.2311544720766	14.8682283774206	38.4512025753234	14.4782370292774	-1.96095561980343	24.1555547935105	66.5087238495155	15.0144549000435	24.3105007012079	173.35444236802	-10.8641907656092	236.329989354525	481.97121088477	-136.025911732847
791.838	4.54927197363858	5.79541864405501	3.66776771530715	8.37853652005759	-4.25098436013579	6.26847174997567	2.6534449767015	0.772137102853199	14.5435725704889	3.74915778846369	13.279365389094	9.89573015208328	20.3051367362773	2.30143126624003	-4.92854595804321	5.77225039381929	3.76154672586647	-1.48315227814748	29.7944566639191	6.8770946829942	29.9637696309114	443.09150346409	259.494770209793	4.11610904582346	10.2458005425818	36.0132110895329	3.27648271279297	28.4840904490035	1.86962945215707	-1.84877868422596	17.4060119478985	41.262676205742	26.8996942772342	12.790949437631	15.2636112724578	22.8604376035926	-8.79411846233072	11.6800239143311	56.7006522036741	24.4125905942605	16.9756579359614	52.2425396109876	27.226523114786	17.6313562047853	43.6673426234825	33.2218692274937	18.3330697479947	99.1708836370418	175.769910089985	-47.0321601120617	11.5170279178173	459.613902529478	-298.964603049701
796.596	-19.8608972120122	-10.0361578322852	1.60124868359958	-8.03291138111336	5.19642305327382	-3.19275375916783	-6.90763148681357	1.83529108341912	-3.55562615054341	-8.67990135994851	-8.116379007159	-1.8328161459419	-2.40514472734189	-15.0041615139797	-16.8873536038478	-28.0431791765698	-19.1588842198136	-8.56144670300386	16.003114994292	-1.16758229528423	184.291076020796	441.093698170407	49.0916545509746	-5.76531867283816	7.45506799806479	5.79246272819327	2.38404030186208	3.80536444209191	16.188559810934	-14.595546985802	56.9258152463904	54.1759604416336	9.92138705904756	-12.064595743529	-2.00626982913155	-14.819161875609	2.23957735625773	21.4165733354807	3.76690983532859	1.3442371300021	20.1747031258556	25.0437346674287	30.334999922877	42.9057420662873	16.3883394318684	47.9430310285825	-49.2350350075063	65.9738500159977	181.684741871561	11.0562175516999	-322.631569625516	100.327530737284	470.662671320278
801.355	6.28650813795523	2.03853297253856	-3.68609654452087	11.2684849517551	-11.5884175846352	9.3020440108009	3.62968175154092	5.20563769471739	-0.511568776034183	-1.79831273328436	12.0111533789057	19.7773501651437	14.1185246153798	0	-11.0320721205507	4.6855005291862	6.20212719362485	19.1289045640726	12.8620288717625	47.8762689951354	274.927793551059	208.58708043787	-0.465699171246188	13.5734758627232	9.86795985175113	20.4181913660968	2.05803511550846	9.85500158241718	6.98742897391223	37.3926028378916	49.5443035200942	29.0282138864545	15.4980080694399	14.5807545054019	1.73192280193959	15.9908976258635	45.9165098583085	16.9473036796123	29.8082069026749	19.7271340816743	49.7597622052891	35.1310918105205	-27.6832366801159	53.4044982879041	62.6524115558138	-18.2590012012877	8.79359969043046	147.71994277909	97.7410519649135	50.9031304508893	349.407682875916	-86.6082595786289	23.9001167195424
806.114	-5.71500739814112	-4.58669918821176	-9.21524136130217	-9.53487188225432	-7.47639844170013	18.6040880216018	-8.03715244984061	-6.33729806313421	0	2.69746909992654	2.33550204589833	-9.09758107596611	-4.56775796379936	-12.5476568700776	-17.7301159080279	-3.12366701945747	-2.48085087744994	-9.99920011303796	-5.24008583664398	112.887202683267	287.356717310148	51.7967917865852	-6.51978839744663	-2.71469517254463	-5.57754252490281	3.75028004683411	-15.2294598547626	-6.15937598901074	-6.98742897391223	17.8834187485569	24.1679529366313	5.24120528505428	4.0784231761684	-2.49955791521175	-0.432980700484898	18.7321943617258	2.89999009631422	5.64910122653742	8.12951097345679	23.7886028631955	5.59797324809503	-0.675597919433086	-1.49639117189816	2.58408862683407	31.3262057779069	-8.5208672272676	33.7087988133167	90.767675683537	-47.7340021223996	63.6289130636117	-86.0859508534866	-28.869419859543	23.9001167195424
810.875	-4.5720059185129	9.68303161955816	-6.45066895291152	-4.33403267375196	-4.48583906502008	19.9821686157945	7.25936350308184	2.03698866315028	-2.04627510413673	-0.299718788880727	11.0102239306635	-2.37328201981725	-4.1525072398176	-1.61905249936486	-8.668056666147	1.17137513229655	16.9524809959079	1.7389913240066	23.3422005450505	214.183308662448	165.056107520708	5.13301540227421	3.25989419872331	14.9308234489955	-1.28712519805449	0	11.936603669949	-1.23187519780215	6.57640374015269	28.0444521284187	16.9175670556419	11.6919194820442	5.70979244663576	12.4977895760588	18.6181701208506	7.31012462896617	3.38332177903326	26.7048421618133	-5.41967398230453	4.64167860745278	-8.7079583859256	11.4851646303625	-15.7121073049306	37.8999665268997	10.1052276702925	43.8216028830905	172.940793911799	85.428400643329	43.1879066821711	47.7216847977088	15.1916383859094	48.1156997659049	-143.400700317254
815.635	-5.14350665832701	-17.8371635097124	8.75447929323706	23.8371797056358	-4.11201914293507	-2.75616118838545	-2.59262982252923	-2.26332073683365	8.18510041654693	-7.79268851089889	0.667286298828093	6.72429905614887	-18.6862825791792	2.42857874904729	5.91003863600932	-5.46641728405057	-6.61560233986651	-0.43474783100165	77.6485446702699	258.027891847467	60.6531479443565	10.2660308045484	-14.902373479878	-5.42939034508926	14.5874189112843	3.75028004683411	9.0553545082372	13.9612522417577	28.3607411294085	34.1410721563358	20.9455592117471	1.61267854924747	15.0901657518231	0.833185971737251	9.52557541066775	4.11194510379347	15.4666138470092	-6.16265588349537	11.3813153628395	20.3073439076059	27.9898662404751	2.70239167773234	5.98556468759262	24.118160517118	0	15.8244677077827	74.7455973686589	103.225984110689	11.3652386005713	19.0886739190835	101.277589239396	153.970239250896	47.8002334390848
820.397	18.8595244138657	15.2889972940392	19.3520068587346	12.5686947538807	16.4480765717403	16.5369671303127	17.1113568286929	24.8965281051701	15.6028476690426	20.0811588550087	23.3550204589833	22.150632184961	17.4405304072339	21.4524456165844	21.6701416653675	36.3126291011931	29.7702105293993	30.8670960011172	189.595832998573	204.104094137156	37.7839282276319	28.4649035944297	21.8878610485708	30.314096093415	11.5841267824905	15.417817970318	35.3982039867454	29.5650047472515	49.7340532849047	51.2116082345038	47.1275082264311	34.2694191715088	20.7999581984588	37.4933687281763	33.3395139373371	20.5597255189674	50.2664950027798	33.3810527022666	26.0144351150617	51.0584646819806	34.8318335437024	54.0478335546469	80.0569276965513	57.7113126659609	76.7997302942233	111.988540701231	249.151991228863	144.160426085618	177.297722168913	200.431076150377	354.471562337886	673.619796722669	1410.106886453
825.159	53.7210695425265	18.346796752847	29.488772356167	24.270582973011	30.6532336109705	22.73832980418	11.4075712191286	6.78996221050094	20.4627510413673	22.7786279549352	13.0120828271478	32.8304012741386	21.5930376470515	16.1905249936486	26.3981725741749	28.1130031751172	40.1070891854407	85.2105748763235	267.244377668843	107.343634694356	16.4061793619981	8.39947974917598	30.2704461310022	34.386138852232	30.0329212879382	20.8348891490784	33.7517758943387	14.7825023736258	36.5812458045993	32.5153068155579	40.6827207766627	38.3011155446275	37.1136509031324	40.8261126151253	39.8342244446106	37.4643887234516	58.4831336090034	31.8403887313927	26.5564025132922	39.4542681633486	34.2098365161363	78.369358654238	45.6399307428938	68.0476671732972	101.052276702925	163.113744064837	105.523196285165	181.535351367074	175.024674448799	174.979510924932	65.8304330056074	663.996656769488	1290.60630285529
