Wavelength	500	495	490	485	480	475	470	465	460	455	450	445	440	435	430	425	420	415	410	405	400	395	390	385	380	375	370	365	360	355	350	345	340	335	330	325	320	315	310	305	300	295	290	285	280	275	270	265	260	255	250	245	240
248.336	-36.0170429086394	-16.3045200975267	-11.0546564169203	-20.8155341668339	-22.0729780306201	-25.1826999833275	-15.824534472686	-13.1381764267011	-4.86393824553888	-7.79394387484717	-18.6788682591658	-17.4092602396592	-31.1421161707061	-17.0045750902834	-10.2407517879869	-28.5281553856275	-26.8680810141612	-3.47727613726791	-24.3002040274331	-24.1896948631104	-23.8765546670754	-3.26866018820804	-23.3016660029207	-23.5309761352677	-33.0575474245218	1.25160811800809	-18.1305998660602	-9.04336937761961	-29.5831158854182	-7.72390780089604	-6.84655341598334	-9.67054163431844	-23.2462091100206	-11.6545063812605	0	13.712251372932	10.1474285654062	30.2853132313896	52.0266507689522	46.3975095253673	33.5493676416872	136.314840207111	371.529778789791	726.638951284676	878.517247140563	948.144887680239	948.889119360732	963.755487443981	1022.08118912331	2615.09629027078	55036.5296651609	187978.473489513	65214.9029884692
252.814	19.8570682223939	17.6972451191955	7.72345586667477	7.27149960231829	-4.92891388792548	15.2872997652679	13.981805221274	-9.4956514849471	-0.613216840580009	4.3083879081475	7.59041915885189	14.2166909222886	12.4330159820983	8.24356452121817	0	38.3808253610777	13.3670841737911	6.76771671729728	15.9789192283496	35.0079574490469	21.4477900065754	24.048600907568	22.8849754852886	15.7175273178177	14.3975157408917	14.4908793553835	7.89639937927692	27.5705380998337	12.7948262454769	44.7941122145789	5.78833891463666	17.8562767191648	42.495815057944	17.4483162095588	45.6288824744428	45.9850246559953	75.2366909957145	81.1528199480616	68.8034360343102	127.812147467596	157.752433000112	427.559999209719	850.570804678928	1131.18198897305	1272.32015053102	1294.28969145094	1411.84157779232	1439.67313128404	2573.43761279652	50677.0425543544	203234.983623176	89450.1818953303	4449.38140196772
257.296	12.871964916523	10.8681166173704	14.7374218174354	18.5000356894754	11.0833914120141	23.709978904542	8.91503080738722	10.2003350019555	13.0444763460968	21.668931851539	0.395263102047636	1.87547541194951	38.8720720446676	30.7057854098064	12.6021892955763	12.9667938150364	-7.34747799682561	24.2086623858497	33.8777638922268	22.6932392554846	24.1678502480596	31.5406276712141	21.5379973049036	13.9422764691529	36.6299346233013	-2.47195672518247	24.9031001750537	30.2011180795743	23.3709517260702	14.9337513701179	23.8625486272001	24.8294239312714	47.3616803983479	37.4863527457153	68.2311855738221	57.9555500108817	77.3026209773916	87.5923731475025	104.038334962208	158.07247791142	341.61135823102	758.095378901133	1132.11836817505	1263.05020908507	1358.15908660108	1302.18376996828	1415.9710112039	2292.55738506311	37229.0200276691	178958.361026482	95005.4254737764	5193.94034407083	5765.51480047391
261.781	-10.999298599821	-12.8663346310841	-1.66162404326538	2.08585358305563	9.44725677850779	2.90372161213041	7.17474465493601	-8.44396248990103	0.923492157581482	-3.60463613240139	-6.01632511156967	-14.2733659663525	6.99024501291482	0	-9.94615658932708	-16.917291692216	-2.98230494405758	7.8400342129769	-4.58360554887241	-1.21198335096379	0.598146998104612	6.73799190782701	24.6573926324911	4.35315461183118	-0.516246844489691	-6.02012998162889	27.2520823081922	8.40299327912687	-4.44663450188089	5.8660023379632	31.9627781630944	-2.42262986819856	4.90404887810887	40.541365946906	55.7017471157486	59.3593002284743	83.0902854682708	80.241846886884	104.268259513332	271.986153547234	665.649773504274	1065.45227502113	1274.6500774876	1261.99443262674	1307.74855347753	1344.76202964052	2135.88943399376	28129.9491915627	158378.420256987	101547.985288657	5680.94522922823	3000.12318740959	19943.5244923296
266.271	38.456130876841	7.4778144048747	18.5901691373547	7.95560067120714	0	-1.26571544586268	1.58637737000686	-1.93928005028203	11.2712568335839	9.89881218149246	17.5414860123663	1.93563303724344	16.2507058459037	5.94200665352374	-12.0429780426619	6.6913579179955	33.365882946811	17.542784440633	11.0720678554219	33.2826812960285	-1.21673446899836	17.7038948336819	9.68949814352754	20.4773483179599	2.62533847111435	25.0022210472336	6.04750361635264	8.54657099164028	23.1155719603413	19.3902532345181	13.2990995658626	53.7157259069582	72.8224916013214	40.2159505116355	72.0081803125456	82.7341140494251	67.9625932936839	122.419348345059	269.764277270885	611.430842713681	1047.06873112181	1322.17723399037	1311.05763933921	1345.68209964559	1405.42830317859	2039.7155661469	20903.602272893	136974.620185339	104988.716184515	7131.14573317714	2582.45582721253	14031.657428186	30924.7476399741
270.764	1.39923075853855	-34.9170796099175	-20.2921634628764	-5.83755320615346	2.74695796507088	13.0867850494453	3.49209167925004	5.82127658963832	-8.1451604405957	5.86942763772524	3.67364245554195	-5.32613499728794	29.471802255418	-9.90919405677907	1.92801463997818	1.43470935424328	-9.10516125266722	-6.38296235738254	15.1602001782605	3.08355004296866	-4.26108606250486	13.1429063517731	-19.9607500742352	20.4894437266162	1.57613351197546	-3.06330479684672	10.5893824943587	10.0607284905696	12.5702313562102	0.994959309020029	18.728307008376	25.6409873794716	5.48986687926583	52.9737888237028	34.4360028101128	63.2059260750962	89.2905502372409	212.947036389823	510.003104428551	925.495087706455	1247.64492375968	1301.48697602234	1319.15049451462	1320.13742360424	1848.64907113954	15137.3219297991	112756.535962213	106939.650570304	8705.35485666309	2123.10921877729	8247.6714500337	26229.1174097377	8300.3535295336
275.26	30.8173960511782	28.0757777580643	23.7256645157546	28.570966666436	-4.48151486775946	-6.19850010088701	-3.4182963800251	1.35672873242379	4.59982842434193	17.2361825716709	5.59379427224844	7.58339269121025	16.9114831124551	12.1247397278128	14.6263549302444	11.2351272359521	6.43698603568541	30.1990380265029	6.84915369878961	16.2992957102307	11.3213950510238	23.4929170890244	30.1457886920071	11.3833952797558	-2.57137745000394	12.9938062510914	33.5648207120763	11.3253425680916	13.7811472098201	33.1137461347747	51.6205680434941	62.2651716656595	61.0665267666255	66.3137237545624	63.7864698556015	105.12467406523	186.962778022598	503.593228841538	895.230405858878	1177.57969174414	1237.65257662705	1275.60052821834	1339.62966465427	1737.76903822876	10604.6897692337	91604.2687835675	106441.040728962	10843.9272804374	2111.30280676274	5115.67611253582	22139.6239261223	14089.4293601423	1291.95309522693
279.76	-15.3139455855354	-2.37361235136899	-26.8222849189358	9.59603191181392	-4.79284478075636	-3.21411327209157	6.64684495290785	-2.11051694177786	-4.47216141427074	3.14208692349406	-4.27313857566435	-15.2066426558561	14.5077435996207	1.4145864975794	5.96339537401217	-1.82054987975758	-12.9980683519814	4.55599734628965	-2.21968575538183	11.1515314468029	9.84852298991789	-7.61362581541851	22.7959669573759	4.21617225995088	7.50002866579444	22.3509871094302	-11.0377128775559	7.65983353615507	21.0550295177448	27.4601707514354	30.0189027030638	24.4025190637917	35.6229849701368	32.9637434256358	63.0244851742672	116.047493551673	414.759130744655	777.168465397999	1136.10612388658	1234.05634615306	1168.57035686657	1240.98250544677	1573.21164560978	8583.05216860123	74015.3737228587	89098.6250093169	13095.9463798108	2060.54649155472	3235.12524333339	17015.651264191	17532.6725528929	1907.22749513653	-55.826456974842
284.264	8.23786097099138	10.1656265052933	-7.14768895483677	-5.76807861548647	12.4403837176092	3.82369315357201	9.77650500303936	3.76618766870135	1.98625998503601	2.99040518866943	2.21828521437714	-4.82418471200302	0	-15.7068154256926	-0.436578248365695	8.66332144720639	-6.87255388410265	9.15390490026458	-4.22506439938214	0.558589483126519	1.10271687227135	12.9394359189242	17.0464720429675	10.5331797742596	-2.37932359219189	24.50905623446	15.5289472939517	19.1364106356897	24.592845432238	27.0357444380415	36.1586077758592	59.8477679364955	50.6289486728715	60.4380926872338	91.6525395887765	330.829550419035	702.171182359532	1051.4427410911	1134.7238834257	1105.69852836688	1125.93141828949	1351.61662182899	5810.91711976893	60084.8861367775	70472.5609899449	15462.3053916283	2269.08745277281	2516.87749016528	11910.4845947782	18944.9295993875	3721.16205101949	544.547283665249	1168.89254647767
288.772	6.58983645677438	8.54264722922012	13.0320344451413	-0.45442348760599	7.84067337908286	7.95273589130834	-0.271841373240401	12.8178534963691	0	8.16717237292501	6.29143167933984	2.0730610543957	3.48089795404196	-3.39407104311401	7.42925807144197	-1.63804289451458	8.66298845896884	23.2291766678911	18.9730778270984	25.8761512133259	21.3711910264462	15.168682982634	18.5573095813052	29.3996890399443	24.7432670048125	20.547520491191	17.271654261122	49.1051326088799	31.4303144585039	31.5231528259153	41.7804123293419	53.6238172033554	53.4197369528654	86.7967325888113	267.200506119016	613.072631130267	963.584807303617	1094.07086860892	1080.13887312374	1093.93529658302	1156.23999562166	3801.591755124	49387.3943956605	56879.4124450813	17451.997658642	2139.95102610883	2301.68648469341	7978.63665634826	18512.0821175683	6376.33425738742	1162.03715749741	918.581422292749	1883.62316085802
293.283	9.76212069342555	18.4241851964952	-1.85063915373868	16.9878601628278	7.51565200004637	3.46503143506693	6.77488929897782	4.32303194193623	2.05708475622719	10.839622915502	10.3860874126364	23.050660905545	6.67320685492268	-4.88006366102379	-9.49505492431308	18.4491531776679	-1.66077588977807	-12.2246088554076	5.74313119713787	11.6424595106514	18.9863623951519	12.6637767318646	8.42591786339909	17.2722113636476	13.3680895412136	3.77152832411849	-0.827784404576836	28.4894737721719	38.7942195679231	15.1082078750977	50.1617306844937	60.3050349190773	58.1692382288294	214.477118027712	476.156152933829	849.809687783567	1041.583695811	1021.90719245939	1046.7950678074	1023.53852008741	2534.88490680657	42251.0538931558	47274.049885896	18290.0270181434	1924.09325804585	2140.37450208729	5145.03120992513	17028.2678328692	9235.09001721881	1650.08433002698	1195.24534966493	1180.45489140781	1011.10288305615
297.797	-0.555923627266429	1.98182664008599	-18.8118248401086	-25.7231284479641	0.363794850985506	-7.37988748829638	-5.29746420710195	-10.1324053646105	-2.48932774678634	-2.04046709031134	-9.08172175599006	-9.23392857818189	-12.920653023142	-16.1416519654339	-6.51111014182604	-17.8606112444724	-13.264316038161	8.45331042257198	-11.1198419407396	0.980091847915138	-6.7718306090878	-16.3463902410737	-3.17221516651551	-16.2811827965659	6.262082602792	16.6333069441762	14.4247942133759	25.1823216721948	7.99077758230114	47.8317729552388	38.3792765195744	44.6675402263872	158.233272019166	409.199068850927	735.020415368342	967.150433881248	961.368672371487	977.328073973933	964.918446065481	1875.748276292	31477.5510834691	41254.9391026488	21036.9800734164	1556.33557976206	1766.4845009005	3260.03299340491	13685.3738787903	12081.0852551215	2288.12773622108	1325.53979377728	910.921200420092	955.453637503875	69.9177097666421
302.315	1.63724920787318	12.159734184838	-20.6660699841249	4.55370652975772	2.14282251154944	-10.5379331734069	3.21936701854909	3.6760553999211	1.71063960177547	-6.0093742439597	-9.23392962701326	-7.93182211854003	-1.58552421365285	3.8649379361053	-3.38397411164243	7.83422709275647	10.2594167305843	5.809025185061	3.63877968447507	-6.2540094832573	7.12275016411997	21.8420724787481	20.019605393791	17.7111388141015	14.3441222953391	15.9306368763483	29.5016829016606	25.5062713883847	39.614923589884	40.747297450149	47.6728147818935	118.85680922163	366.736569087389	681.834805205825	928.617014771859	946.39643111685	953.000340075453	927.591376658164	1511.16617258183	24756.1980359346	37289.0047984474	26048.0518241562	1349.44379147663	1347.86410036906	2115.88273298223	9633.60564881579	13858.4738247239	3617.23777448626	1574.11164867317	1565.17744725304	1425.96707937915	1360.97317012233	549.105233487429
306.837	-11.9731941622447	-6.30552475522873	-10.5236183537577	1.65130066115606	-11.396690081314	3.61236775647903	-2.22261099197184	-5.60660919001138	-1.7058951403913	2.56830310109663	-2.54022601654486	-13.1830386642342	-8.30091548987782	0.770843705041432	-1.12486288486663	-7.81249885270064	-15.3464433353947	7.44803208693653	-13.1539922738169	-14.3923014900078	10.8912593163943	-2.66712164809752	-4.88010868634052	-6.03093261545071	18.7999882049869	23.0353571866441	26.6740063473259	19.9571079248788	38.7227732942335	32.1204346216628	101.598850426547	300.729104200122	607.202951392933	901.044320684225	940.053692995573	925.061512230397	911.71730642565	1293.46249372066	18746.6445723746	34620.5227638376	31642.6115027555	1442.20818279908	1029.02369169529	1439.19810985333	6042.61962337625	13917.3726694185	5152.19467049667	1777.36538167902	1498.39376377317	1264.39849961549	1412.37139725254	1155.45278476315	1003.90086378331
311.362	35.3306437529495	16.9549602806246	7.88274000837778	3.71073142810457	7.11393029209213	6.55964168879082	-5.67282823598442	6.67635590394834	8.51869729037205	1.14002561015288	10.1480640734387	11.2854683156924	-3.5530396723485	-21.9412840496187	5.99168764517327	8.5457337426139	-0.393001296181475	8.6783903024906	10.4192934611008	16.2906630123381	0.945869252024949	5.77146114170264	19.0526818051037	8.17449421756838	15.5107997630939	25.7828643401973	31.341528591288	15.2420326108348	58.5967282241382	95.8530311681451	276.459149274017	552.427777559833	864.674871010987	901.488648863363	921.166862281118	869.136917317695	1119.6000969852	14045.6401639146	32348.9711612403	34618.6812044839	1816.96934556519	918.125592449298	1029.14481980943	3721.14291037924	11910.5963455388	7122.67228732709	1970.0061909486	1628.0380643652	1451.15180021071	1332.28497199542	1511.68669672254	1767.62370509673	2574.94196106308
315.89	-5.97299658255948	-11.6145225395591	-9.18724672129581	-11.12095707084	-11.3707988003455	-6.55302016458045	7.88466350089893	-9.0362547002377	-3.16089362797723	-7.97212380817239	3.16806883571546	-12.0256814743751	1.18315103797212	-14.2282109418628	-10.4748690077262	-21.5283577658395	-8.24469633496429	-0.412839525798082	-4.0729992549781	-18.6674861169253	0	-10.2007392594424	5.31166029309883	15.0430784858249	12.2330073451082	13.4728076972739	36.0063751009769	24.2064641237702	60.4888313280316	226.26280843307	474.325902701936	811.731319889143	895.177808074947	865.788962266076	860.614857941457	994.157220374953	9742.20816802302	30604.9686177735	32312.1991069233	2208.92582437571	797.809765296712	818.49257478718	2031.36130479545	9433.2979636304	8325.93225615746	2191.33305776893	1578.586555526	1472.70628266891	1328.87971195485	1394.31821935806	1163.88185116772	1125.37951777286	1343.08160110825
320.422	-36.439214042388	-25.6897930847652	-9.20195270275998	-2.47527962958296	-6.76221873995308	3.60993025377337	-10.3651858323458	-9.48170560805062	-11.6896735574565	0.570348910589787	8.56747786014834	-3.01123273116063	-6.32023947800265	0.385161782984148	-2.62290901999169	-7.06368179274238	-10.6172917464553	-5.37550462843604	-4.07951888521819	-11.9854917127004	-6.15177536752532	15.5477114640499	-2.66008132104075	30.1343157378368	23.6883380777319	27.3856404508647	30.9680088718172	48.8814743830786	204.818603137585	439.714350392205	755.538647951015	831.04689227148	849.277739009058	859.255421669315	922.121869629788	6998.50354676079	28839.9214014424	30636.3782325529	3042.84994203682	749.809319325383	700.383044681743	1097.77812963816	6479.3282371872	8934.86230754168	2517.82044040001	1526.44348919778	1505.88861330971	1341.42828411457	1380.70352737698	1127.51771965159	1103.12221285514	1127.18090733283	228.005333108778
324.958	-19.0809838209805	-19.0062300301625	-2.71293632243829	-7.66254733512891	-22.0350739435516	-13.545460218747	-4.58382422324765	-13.119384185371	-14.5752759998826	5.00250106667652	-7.53086236615613	-6.99124446300295	-16.7118702908419	-15.8975729908189	-11.5993616474233	9.97421031878858	-11.361499829197	3.41344981884841	-7.48366035726628	-7.42052707789101	16.6021250752667	4.12542394768711	6.40470818188407	7.55161540208838	4.21438538229116	9.82907617349173	40.8540591237625	163.827938046462	412.208228191965	699.551574840643	872.924114326637	834.596107880416	867.942400236405	887.462510520252	4719.33100820602	28120.9033092536	29728.8742291786	4243.24460726832	698.511731452717	656.999189610577	748.323672781582	4050.15408749395	9159.5842349755	3386.49089774283	1377.84442111218	1431.90990584107	1487.76779360446	1316.113262783	1219.59195361176	1222.72349919737	1302.31813016437	1087.46177626923	1129.31186390586
329.496	11.4194421435281	-17.8103918882401	-31.741722252252	9.96142679816203	0	4.4788876926625	-8.03175016038501	2.48855457908578	-11.7608760284421	-9.28096230904069	-9.66068494270934	-2.37097120863788	-15.7586076459919	3.23484793426268	-11.8012262266707	-4.29329672749118	-1.23848838010735	-3.90696114095104	-4.75868691981456	17.6158898510726	-4.96795680283962	29.380533116559	-3.25808490448323	14.4621868110602	27.0126905196714	24.5836586667934	143.214215985494	350.190217033787	688.163873879869	861.541592556582	851.513085875978	843.08424516492	877.752243178217	3496.89430434894	27095.7238675703	28607.5545806649	5927.73184204971	679.784051386777	619.737122917222	598.346001497582	2204.61711915151	8231.16894138559	4520.6280637027	1296.65655039233	1249.53876741604	1370.6337956178	1415.67384106523	1283.96523156211	1181.8381199665	1269.39045909497	1340.15402736643	1346.90586052513	1603.76415500174
334.038	-28.7317612555059	-36.3614448341106	-3.70381030141966	-18.7430178722171	-4.51247601296364	-3.12066163417519	-2.86826011501765	-1.59378552017583	-6.94741043187766	-2.71175953837583	-1.34105708299279	0	-7.51249339267171	-9.35985392136191	17.0236110647379	-10.2128962505613	9.14051602135805	-4.80581024918336	4.78921666229725	5.5719418930537	-3.99986330660469	15.4885375927082	21.0792047968447	11.3710704260245	27.185992629944	119.932777254378	325.955992809439	615.628332142508	825.560591162564	841.735107545279	850.094321312475	827.432670851553	2405.42671808731	26166.536802833	27215.6009190748	7681.08462833191	653.256490212008	557.222384677501	537.101409096784	1246.34169575255	6309.69922308484	5829.23896989637	1295.38612996237	1073.05665863093	1161.1325632777	1229.14417300154	1343.80415411133	1268.96798963941	1068.42360779915	1207.26994817962	1058.64299635128	1365.22952337178	1084.06560506781
338.584	42.4238475129876	18.3937962920213	19.3996603936127	20.0039142436744	13.50586019133	11.4157434671708	11.7064294216062	18.1722169285009	20.0234949980021	2.40483200223148	7.02413186996566	14.2837082556981	17.904662629513	9.33802773392563	16.1939643283752	16.0673967388995	17.8238934630179	30.5111138753074	2.86682922994613	33.859051264361	33.9195564186953	31.3730950793097	47.2007796186077	57.6303358177749	122.697466130248	294.949091758765	587.170738279248	823.183171791746	828.167732575614	861.378061902063	821.053180288136	1757.67932312432	25557.5658053559	26084.2320944551	10001.8880283883	660.025679782936	590.678608555726	571.365306714833	737.471621789214	4445.65944068618	6761.00401080682	1758.7693088622	925.045786921899	1116.31197149708	1157.41231599055	1301.85371660403	1349.48108550863	1257.09333519738	1266.36384484502	1366.96051850705	1360.84003184436	1603.54346216543	2066.93867534653
343.133	1.14553863904548	29.0967941015727	8.30651312326453	17.3787508583179	24.7380292105642	12.7877282481469	10.1362650406366	10.6663835655852	-3.33418771313766	2.10229767094618	18.0454840054687	26.5591814858762	19.9682652711962	26.771497978502	26.0444188200083	18.010298298689	27.332507195169	23.0800797907911	27.6872600970027	23.2251874270767	38.8720341547491	53.3321175669243	23.8121926652795	96.1135688825312	245.599939670801	508.686178891294	796.762799580367	802.660093567399	813.412049717712	823.525164372698	1323.05146854436	21603.6598228979	25566.3991037896	11919.4414600799	644.523247198773	554.096140069802	543.177545103955	546.156136877128	2688.73199395463	6654.81805771404	2624.86168172763	753.839482218782	918.205634602297	1005.74300625409	1158.37391475472	1221.49946503063	1176.5951997077	1177.5552142747	1151.42496501493	1241.55138721839	1227.69097111018	1524.86412799519	2593.30925136534
347.685	-20.7046361072062	4.10058318545118	-3.70699151343844	13.5240140750049	-13.925418019178	1.38815199036952	4.17559806672269	3.19030885316577	6.95337758023751	-5.42817735097926	13.7576414331477	15.9215457672032	-7.51894589221323	7.7386943194341	12.2833770536063	7.8628216407193	-7.06919255327157	15.3043480918983	19.1733205303187	15.2092572218535	29.5243286448158	29.124670475106	80.1697771604381	210.317869000408	472.924290613907	711.820615880984	758.177338986114	788.598378344603	779.975418748974	1103.37470336144	16993.3955823966	25359.1034166118	14759.6372712052	671.223220863546	514.781117045345	530.169105018363	490.484707825616	1564.66109509558	5855.94447173298	3670.47242076159	781.264677315598	697.882778457938	865.585875972833	960.517697953143	1072.7352581241	1129.92514567023	1062.11935486648	1051.82260669897	927.67640916778	1074.05055589873	1197.09030221629	1405.16530323506	1036.774635675
352.24	-13.9933624177999	-0.51963856978616	-14.0928425138677	-30.9590552695897	-4.57860841479396	-0.70364363535482	-7.93717030942841	0.462040907607502	-11.2265481567159	-2.75150161588358	-11.2258648300795	-17.3515962278811	-16.939094272538	-6.19371317323165	-11.2475999208739	-19.529460581296	-17.7058148939856	11.9689566509546	3.88752386003074	-9.25134750391367	16.2339325381747	18.5728981477584	187.740253920112	391.820925996421	648.890543057181	722.909333820448	748.03657974108	749.161548007365	939.905148639501	13889.4352530733	25730.772778837	17653.7534617124	757.825114488995	463.555595450728	496.269039450593	481.072515229689	899.872163941161	4454.53031123818	4752.76040761673	1042.79834100211	615.252157757931	665.52071843276	819.57563935276	979.904515698108	1024.70170026987	1063.67935366312	951.312558191752	970.207652977528	977.526791775416	1001.35867716713	939.888157355895	1031.55990525271	342.207625762192
356.799	-21.8135140765899	-12.0848783968436	-26.5998042695261	-24.5960529264396	-32.4074315225477	-32.3725738501304	-14.7136426399118	-1.63516484894458	-8.18375372840175	-17.9295060965071	-9.97509261261598	-8.56847121595667	-23.9790123093964	-20.8757892966168	-15.8408873518855	2.82101423608776	-8.95156549989756	-19.2740976692624	-10.3184733116027	-5.71660578449603	17.953737570564	125.680716324949	338.814893155341	613.180551286298	678.700963788613	694.825981978896	723.228378906198	843.986025603914	10569.42431439	26281.6127344662	20750.8879687143	911.243819151066	423.509504796222	471.296917572322	486.620542430587	634.437693949905	2996.29326716766	5201.84516115431	1602.28119418214	602.867151839094	586.870742729279	654.148017512445	831.792674980624	918.910013525765	978.848094182741	971.489730543076	921.142249836381	929.676692790957	822.122254754353	796.251987894927	793.709260430284	804.643010814358	-74.1474077039412
361.361	-6.53026423030743	21.1635539057131	15.3057477289623	7.65536336475601	-1.55395871338546	16.8363464780067	-4.57952668928484	5.6453243985449	17.0131601680968	17.4318113946693	6.58092131663377	18.0780208352899	9.91711292074335	18.0782136543568	2.86303790119528	19.0730107879152	14.5939473391824	41.9761600454421	8.41122461384058	30.3520278138485	159.609768094827	354.453831811853	603.467640934065	683.237305918292	703.4892552556	720.460095163106	781.751295231504	8319.78830580374	26785.291507266	23011.1431722145	1295.61228738048	435.572900637636	468.384998228803	527.742514357381	540.359220996655	1870.52928351657	5076.93903485955	2437.540413139	681.50546741641	629.348988206955	670.956683762574	724.574212336016	897.35779479088	978.950905007788	1000.34539993894	1014.86136378223	965.572195612096	978.619831061223	1066.06057282692	999.772169474178	1072.66024617181	1450.44206136161	2389.24182720019
365.926	6.55020337917784	5.3070433836828	5.7571805458	12.647332895336	4.28643458449506	10.4201033161851	1.35103222460789	1.17970031685594	8.79919590703049	-3.43456078561901	12.5071865792706	10.3029654930097	1.29748608087799	8.43414543046839	13.1281359694625	15.874864754134	16.7912294132576	26.2586129984619	33.7476279338906	128.077716164269	300.505905575447	564.188615406616	643.657877006871	650.444554174003	694.905125089179	743.083850394748	6671.39845761778	26848.815755116	25524.9849182629	1615.37225055665	400.189832006406	447.395238568577	480.434830377099	510.27807825351	1114.68099390486	4216.18554593725	3404.35548172858	878.440230762935	620.364480738259	665.099463252837	707.302733740363	754.902122591448	849.486705661882	931.722044706889	981.312382477837	968.581424668551	1024.95389385694	1039.02269631518	1078.77859354041	976.347595775443	1323.82253631953	1565.24026722997	773.881741684505
370.495	-18.9003651054973	-27.8988706463225	-9.99323300506159	-6.72032526413821	-13.5278779171494	-17.4633767304111	-5.36023481253821	-0.234023681730048	-12.1659210725995	-4.02605765556502	-6.20279957872343	-15.1245365741696	-0.428982492844464	-4.18282028427631	-2.44153218665609	-6.86360787957272	4.27047323268527	6.28680428447715	64.4857493861204	209.820013379196	484.098833599875	584.691883031832	571.024009582962	613.37086940266	672.849907163034	5275.71402279832	26717.4584901814	26652.8242576491	2177.19249691067	334.309916723582	371.974620870458	441.679917260512	455.465713744242	743.934444737748	3073.12477668302	4010.52610038716	1205.10998627613	667.664829899693	658.99756567839	684.263694752718	716.320673019251	752.953638728243	847.220741191323	890.354620472452	900.31512598163	882.852480567449	886.524594249128	924.03468612132	823.631048024322	866.651489641279	946.87519424646	1015.11372833458	1634.23669505466
375.067	4.12021074328346	-3.67206168856278	-25.1341245775169	-11.1619537293067	1.15553754395475	0	10.6835352047698	-3.03182643012572	10.8061799276826	6.78985489719388	-3.43412752451809	-5.70308130237459	-5.557559176286	22.0925705144615	-9.73248224451099	5.23055857411088	6.80921679262275	72.4966759461166	166.300413267847	421.307381555942	604.319092851103	594.696413557946	628.073545877125	636.41614044671	4348.95337279994	26946.600428922	26614.380573391	2794.06815508238	356.186451760035	370.408238147713	432.889911274971	448.870128091064	559.287864025432	2166.69012661209	4326.59705133108	1787.7660732463	769.628086057355	712.928365044299	719.219476562238	760.128423857525	798.926641513912	801.078291709861	848.150106851289	882.85514553456	978.305621824575	881.062364966543	913.622888944761	1021.54067234622	989.161342589132	1079.5821013045	1016.59963766093	1805.04108821461	1085.73758893942
379.641	-14.7422676695237	-25.2668723877418	-8.6798265917462	-19.3545142940768	1.85524967507138	-8.89561994320599	0.514581944679046	-4.04392452612414	1.77728031972001	-1.18923411164726	-4.30060271579283	9.02565891650237	-7.82463158668261	-8.03100562345194	1.17193408921861	2.71314067122848	35.6669510373362	135.794814914639	328.433908758461	492.821343230806	533.803138789038	562.69292138968	589.319204394151	3459.85649519692	26689.4277069913	25936.2075924166	3367.5197309065	330.229638065747	310.92768745565	378.189754229091	387.052874333125	453.58518304384	1302.03213082751	3885.44898927616	2547.01860190483	814.17410274277	727.977442616841	725.977271299255	744.974327241121	778.262168260557	779.479225393891	848.661427239422	868.19559057734	911.095890298055	886.334696562282	871.649414526138	883.013779047848	878.2544531717	1061.00450820419	1115.61553166354	1044.59568681401	907.630044702375	2044.27916555019
384.219	7.87768705907321	18.5550851282619	13.1472581425735	-4.26824664688196	9.20560027494219	19.6929423683379	8.93660036314202	10.7016691010358	10.0785400906735	8.55628237954422	7.55081018699932	10.904075682487	17.5735093834564	21.5185715578321	31.7889021389286	34.617565742005	128.562278297043	271.232443262879	444.112408879853	509.900517034834	557.644381631808	574.952846047604	2865.44224625432	26841.3864969261	26537.7121624298	4228.66410361559	318.775714525486	292.515626478739	355.066025855067	408.919254980168	455.059465629116	832.444294223165	3203.19487416313	3274.93874715333	1043.09084197063	765.685199123476	759.529784464179	815.430165699372	848.115392336578	864.238765574652	893.395950987331	892.676748901405	921.916305576023	920.257229669748	947.168235590107	1001.40267691714	1007.44378404724	1085.08173169124	1137.87314817794	1169.6680755371	1315.73541552552	1545.44163171836	2099.47884269286
388.801	7.61515753732689	9.21075002092128	7.01192629967495	-6.60160686870389	7.47500636502525	8.20545735498401	10.1197158260456	-2.15521424376684	-3.40993295194699	2.85211661596821	5.07768630914936	9.78778320771434	14.6174606632097	9.24508882774147	31.104264550699	64.3250728916946	193.889175772274	362.273571032463	432.938759239328	459.82344677828	499.305366905746	2037.90449023509	24250.2480705024	27033.146752152	4882.06819584018	296.518006113139	268.163059099606	302.322476019065	360.433950640668	393.357817520174	565.19518379379	2215.51964085553	3576.43408010742	1372.21589067121	764.48480639876	759.737859905981	794.444931823579	825.372729214898	821.913863038515	868.545877557987	854.756130932877	875.126787780085	908.973970223728	892.046431436127	897.348762681973	884.758803938069	923.713608678128	989.707351232741	1061.05458513351	1215.33849801257	1218.89228084573	1530.59976279973	570.087701593443
393.385	-18.2168772803333	0.92774030004457	12.9997226206022	2.36884125359273	-8.85565424534441	-8.16565757382406	-2.83413633726389	-1.2373618756775	1.86450186832699	9.55191292874325	-2.42935455789066	-0.720437019770552	-4.91437840443623	12.1637873264439	50.2024499916691	150.497603067709	281.490196929469	333.987354961672	389.975945911279	438.158164677225	1666.99625381259	20533.6540222319	26647.0767674734	5675.83344360441	282.199010466607	226.756545561299	262.225581468887	316.603955735203	376.685821329566	467.809393987437	1411.26761291259	3390.71193434662	1873.53976482731	757.886607594327	731.121966499519	771.499458793944	795.377898016739	843.987838441175	867.384967460216	853.265966343925	882.375745421611	843.530307477386	880.663305667702	908.443764394141	873.359460890772	883.123376669239	1019.85934695571	950.263532652332	1079.39839792994	1226.5693001675	1341.50663915647	1657.53232437353	1658.32744234497
397.972	4.53439120963032	23.7981328788435	10.1480591385878	6.87903947019841	13.5176671826266	8.51229049401188	18.9752791459936	1.79662971691214	10.1521012053578	11.6237316730477	12.639792982752	27.5463274357526	16.4667671447128	68.8624985567422	121.835705335259	243.144531080367	273.572351161637	336.703043234956	380.011987353246	1132.94436765014	18442.6035391995	25831.3243637776	6639.39514409299	312.652305726602	227.385805187188	253.323402111694	297.770947350127	344.506229605071	389.612303628806	910.684614956965	2803.52327939668	2397.26827859871	828.073206480735	674.569273529216	719.16387185358	775.402538860528	798.022741822334	824.209098056508	839.141830457174	863.774463769859	850.845226712454	861.725864190281	859.060608034866	946.890559178976	913.034889885375	915.915045556677	948.498772859639	1007.59852632415	1116.9045340676	1296.51580047257	1468.13612208516	1358.28459111123	2260.01364832296
402.562	12.1098375229138	0.43170675670026	18.3426749116598	9.92066742394884	4.75478607603317	1.46143747478567	7.03366840137062	5.37397858044734	6.50708545051632	13.2074225777409	1.69568268783557	15.7563747874909	27.793596748163	113.889944515331	201.236431737129	228.801929401655	254.617650972925	304.568866194658	760.187751412616	13998.5127611309	26416.9871337304	7598.70285232514	315.496504377789	208.193532040708	212.070013014527	255.220243092837	294.667845196302	350.029344545712	567.801039383133	2105.56512984795	2746.94373275706	1008.51149367377	654.467466881948	686.998215543102	731.047567671271	781.131611259245	813.514651200926	810.693647528641	830.202173144167	861.916263381324	855.93724386813	860.51624430213	862.670906272753	876.822123633151	868.416137986433	872.357138289122	924.331040139436	953.678717940556	1083.45799903176	1241.13658811372	1321.42638196237	1616.06123165008	1705.80114132044
407.156	17.2931073675578	12.8434686551184	9.67558091829445	11.2956453920977	10.6878627904599	6.95654672344446	3.92352700537339	12.7521946140904	3.44157681513775	15.3644420734497	11.4907776787722	38.564585103252	95.2472701587174	184.722312494745	210.483783144303	242.988424003785	273.685975426925	566.818404749489	10982.8760100289	26523.4533479857	8615.38437930092	380.580472516452	205.579263263236	217.868405527534	237.721440025279	283.244516409607	340.342392893199	445.208594817615	1474.49744072423	2841.56528023565	1400.62392049208	664.265341884809	670.269053321234	729.896590597273	760.978255921206	795.372632672463	830.702219179661	838.454214496515	862.912745163398	872.77701779138	865.522054041817	841.450753407572	869.941495772839	893.400556527012	879.858490184232	883.485133117752	990.465549711119	966.662544703913	1179.40887098128	1278.86998946531	1429.56452843575	1788.78080066105	2376.31139964259
411.752	-13.2285131798455	-22.3161571437633	0.380644454073546	-3.9420715915521	5.56502248881207	3.99110327866534	16.7217301119456	4.67985722706863	6.98126125246062	18.0839078533141	16.8142641665731	43.4875339703905	157.50162604118	206.102236846947	197.249819915978	233.493409970099	399.663652869546	8411.35472271389	24608.4587229101	10219.5438745367	412.303341097182	190.626898316853	189.096704390304	226.992124730134	254.026149918405	297.193893506211	360.953170867748	962.704350283125	2576.4649561567	1829.89577561941	701.25038751304	629.675195048035	676.410212795559	725.778012634835	741.638616845335	777.730905382369	797.044820898882	829.725443290129	831.224062893066	812.860518151439	848.689700474805	839.850993760711	842.63037370676	867.292184049732	905.412063845917	882.987344998622	922.106177273549	996.283115995741	1077.38338373435	1228.90751971934	1565.01517955163	1608.04680880128	1782.56887622039
416.352	0.92998796880601	-1.65766918434634	-12.737751003865	-25.3956100548853	-3.95577974488875	-5.89221461249293	4.85298304999505	0.552723820205136	4.78897001779938	8.04595680373086	34.4545104588198	110.704662966089	173.254312231768	169.261990394593	199.904657352268	324.849017575889	5988.1328497744	22127.5828478884	10825.2305863114	529.98979615175	186.513889131628	162.93292581146	184.218426543999	220.098769427163	259.796125990844	296.577622897631	611.648896181528	2034.1202591731	2212.99496307145	812.06664626678	602.071981732361	634.817672894443	676.686142042563	708.23496468145	747.192913327319	767.320913322898	782.506220581373	792.838723395023	824.723280480193	807.113335212416	812.561898250509	782.69241576688	814.137291351923	844.507218802092	841.028720207794	884.877130573621	944.481550561693	1021.06198901917	1165.68731778586	1175.92351956911	1289.09706935192	1143.9169740406	1013.68141725903
420.954	0.911184730212055	0.406038276618428	-1.10119491117462	-5.87495004168328	-1.78883013901241	-7.97235011437519	1.86059800468247	-4.87393568196153	17.3405277460545	32.4886576788872	87.4515202638532	132.745152373244	163.46423247951	196.491025915893	260.208785838064	4557.77090448616	20460.4288347576	11549.1434075103	621.960172030859	167.870493881615	149.841169979548	181.593579390385	221.346246630755	260.725693152499	284.992768072276	438.199079133525	1497.0559191137	2364.46778125669	1081.83341287128	607.750392234642	588.615026004614	642.85431617961	685.104507232648	703.534590038411	751.06045618297	760.912791692311	773.231165404296	788.262209808353	786.886224084943	809.743961663458	795.637766111991	826.560354094158	838.185746627067	850.07348048774	826.438263859064	912.514851525964	944.056346480309	1021.67266922528	1149.35857576013	1319.27248982718	1376.02006098572	1896.12823286316	878.58761340569
425.56	1.34089204341997	-3.98348418558259	-0.360113218096955	-10.1712102744582	-13.4546314584158	-13.4851099239767	-0.60845353374933	9.20906407734651	26.4188213341306	65.8559927958842	126.476350631253	134.561851150529	143.487537250111	230.753914669525	3394.09468722811	18067.2953207409	11252.3865199476	798.586769418803	148.261323007265	137.5053623631	160.614787993457	194.582598014974	233.914450471877	266.75526556992	357.801506176871	1015.38628391155	2240.90850765072	1413.73043097046	619.974436588169	583.209519130487	594.785116653119	651.786113158629	677.549882209149	725.030195984454	741.574805930712	744.357959364678	752.164831014831	778.550599267251	793.59234240976	780.352108514034	775.712072194051	776.085371273671	806.531589104894	832.62794475454	854.996922028075	887.630131742521	960.522354867205	1021.78605586868	1061.8889971648	1229.69697187496	1298.49520969217	1182.40572958819	693.306209804712
430.168	8.33103083106925	10.9419244142008	6.00565756542589	12.3062485928478	7.74729905327761	9.26030119809319	11.7389906398112	26.5812967393289	66.7561074994016	105.989413365052	125.097614484599	160.228290918859	218.468390763384	2545.35912638245	15972.0943799999	11883.6472761791	928.265055603694	154.683792235333	149.830848015712	179.343140374493	209.45001860264	239.235614601482	273.793652338336	323.814193121921	707.939266148822	1900.68960062073	1704.38441394574	704.317363082511	590.237546556663	625.449206242594	631.984381844984	678.655745252447	689.079640654074	731.053182257295	714.209432021974	742.490846707307	773.82871122836	762.189651738744	766.882174943221	783.324437488107	802.435812721722	808.962489277974	803.82755722298	849.170372558871	874.384838015037	974.258116115783	1057.95939744114	1186.49105080537	1294.31305688824	1454.92235691335	1627.24562563218	1810.11238199663	2334.53112590602
434.779	11.8098523269357	14.8134029958494	-0.70481834960745	-6.30395527012904	-0.286234592421501	7.39010590034309	14.0920006858204	49.3929715978446	80.1070905290583	105.959304943239	119.942635996495	179.51284644446	1949.96555694951	14805.4375067422	12283.0400104243	1183.4224949226	140.416926169912	141.33552044052	127.226731466902	163.866916604313	201.32573490801	244.008882660018	281.680808806274	489.206209342138	1504.05510190995	1912.31589726713	836.076883216905	549.431675321911	584.706015252954	609.921963752514	629.204784500787	671.445290281553	693.009267181357	706.653239215053	721.404103852386	742.072077115577	734.594672268675	735.189171427913	743.029130120838	762.770271700901	771.000443664827	765.677913148882	796.14042203795	854.996071774519	869.926637048902	1002.5639055731	1030.7218612439	1180.86568261094	1230.32355403902	1419.7565981425	1487.66750337486	1709.86964300119	586.788357343281
439.393	0.434491525071155	-3.09786034283778	-5.25096438178355	1.31831781258012	7.39258068643174	28.8393801987723	46.3321843850755	81.0852404792048	83.6597789882125	107.988143192487	154.634421176523	1371.51802313846	13434.2836890617	13679.5072081553	1434.46219627989	156.818956521193	121.576059635334	131.475875443039	171.645290318028	195.331882133018	215.864057535545	274.679659315402	381.103595333673	1120.12931745299	1962.91520004426	1088.51577178365	578.415867428425	575.142132926544	600.800509129045	642.629445241517	647.974243662996	683.207985068917	709.474651136097	714.921071794373	700.153015423135	726.713114342222	721.994729796286	717.423491733568	745.498916800851	743.590052293112	761.148546472351	775.969235566317	805.614505068407	861.08479990315	875.6498745782	992.19764605893	1115.12098415342	1223.00987164392	1268.74407371953	1446.53343981659	1624.00630044863	1581.35499600537	2422.61140670461
444.01	-26.2045841534458	-14.9314705662651	-14.5366130839742	1.95513840443335	4.21677192590305	30.5873161550544	54.190834268957	69.7864145642479	78.0980910056907	118.931742524417	859.67952934337	10929.6613283661	14396.0842826164	1898.67490280256	129.632093834919	117.753855899072	103.43022259919	136.849479381253	146.076327031722	182.90105762679	229.871680623357	292.98011305334	763.051995130724	1757.61222756712	1317.80726877377	589.052264759146	535.345829168816	574.204923906815	591.543731337954	631.704466865715	627.944287347214	660.957030367079	669.283089305577	691.206891793597	680.858236625755	687.593112711442	679.345071177835	681.162437248064	679.251514750678	700.76218867029	730.608724776561	733.229611563536	818.420926317988	800.897256186806	848.30646405715	957.241064430499	1062.91251514956	1166.43825465375	1273.18537847839	1320.36168753859	1255.61161964784	1194.3337238156	1008.52407782691
448.63	3.79506454014221	10.1468434299361	19.7047601871397	19.1914030327032	30.6295806548444	68.9537476363792	86.1038903760979	89.5531854356583	115.556672142367	647.608366168656	8996.97772419533	14080.7280349659	2459.91278485191	156.777938698045	122.887585759203	122.215373855509	146.953347526713	162.862860467067	193.642417355373	219.30590073165	277.738096174977	533.841810071377	1474.97492064033	1582.0641675285	675.112668547632	523.432377662338	551.626700201866	572.728374718829	617.927889313133	639.563231706085	656.484544357454	669.59145358221	670.496485490366	677.866348299102	663.213233415136	684.035610229382	670.757411171716	661.805907130735	680.335831130991	701.976246114217	717.614969342086	757.059713769732	767.512802279226	875.053483732128	913.125902248622	1036.44698353	1107.06591348117	1277.42581090205	1346.90846752081	1495.2633237401	1523.80982260387	1911.27531477898	1573.32147374793
453.253	-6.25262171635526	-17.8321074048026	-3.69428234399003	18.3390868898803	59.4660107171702	58.6055497494897	71.4983960782065	97.9411459468674	455.436328244452	6854.74128951606	12919.0972027427	3068.0930498741	136.844921141323	93.8743635633783	89.314562010023	117.110556544995	144.666482416365	163.531826202536	190.381039676048	234.797464413881	376.107999046587	1074.17363532973	1626.61131085972	811.001897060517	479.245989208427	496.444453399613	522.170894392168	581.450449940525	603.356889808172	605.557292449169	619.009162976287	635.476461410382	636.942374776506	638.535400960233	636.67357359943	633.205245858511	602.823409973967	629.894136896777	646.854653945461	643.187045201172	692.17725613866	701.640560265698	749.996205160438	820.455833338651	870.265781855212	934.166109867865	1045.26532704551	1114.98601549081	1227.14104191651	1394.72226030262	1292.20937935616	1362.59546627814	17.4751818016748
457.878	-6.19241087379496	5.88679654740341	21.2870256308795	43.2141933717214	48.8977072371423	74.4820500038375	87.8567132643485	382.267001596429	5683.42260745747	12040.3562339906	2971.24110427977	151.141704125959	105.54326432392	94.4321804963852	105.804084481707	135.172188832465	148.944626541715	181.417021894342	211.256031292596	292.94496285298	757.544245187128	1568.93802106363	1021.69139954874	507.468462211992	475.561037454532	493.471432195634	531.722515995842	561.009731919766	596.953353747949	617.045505772482	601.415498349891	599.387634909643	606.071213183935	617.057739341178	626.166003886925	612.585178755327	611.673443885833	616.785821656794	615.188458839673	650.394919363753	644.237529320697	680.752393845008	744.393390149014	758.467646644199	880.114773829267	954.136809663764	1036.25714558776	1145.33737615415	1292.40937842025	1273.44981382698	1404.0859026037	1829.44167462906	1384.55208991359
462.506	13.5100009256545	36.1216160307439	54.754022551625	58.0713422643681	70.7272514784778	93.6251607649849	339.215599592467	5169.67325252015	11560.4869201901	3462.73416859779	176.514710822099	103.417596535212	108.828308117768	121.189979145809	139.898836819943	155.596404762477	181.450304818273	211.345450073523	250.784688897951	515.336964762765	1347.18079023477	1266.64711661381	553.986257821208	447.835562564927	473.14304377113	495.043725250959	545.890027246197	552.811555042059	596.696243981552	601.724773060524	596.702016082473	606.521505219728	610.37607993993	602.983836306894	608.557709534315	590.470193608793	615.582962220682	612.391269112378	615.893325710932	617.159512229013	640.659110048791	667.358786863594	710.365887841705	795.932805482281	898.103875259299	1016.70950309826	1111.52762615954	1250.41161798092	1310.93711264525	1442.61698909317	1620.85031995512	1793.53188112618	1750.62214399557
467.137	28.6964650783555	48.6288904296641	66.7560172414769	60.0903791002407	91.5140062167083	276.319726889357	5268.0340764422	10080.2402607801	3717.56511113508	193.489433619438	99.9840992387888	89.5117749379115	104.505561914558	129.090887171007	145.077066366666	169.637456478122	193.456725121634	208.651502897962	361.107974293111	968.725897211936	1340.20711860889	649.019576398367	432.927210968138	432.209689109911	473.182385516183	492.862886559819	537.766498485323	554.192739754187	578.923616932242	574.79902854863	581.408486881042	580.55889934752	583.566485748572	570.873827084975	564.073138591162	554.50739795711	574.941124003353	579.18258497488	567.046796219466	590.431778750243	626.782845598448	637.860525540736	720.336872285516	706.660794309643	863.097562290901	979.687362936635	1064.23153888732	1215.61654156801	1202.6998285256	1408.50353070881	1517.85350968488	1818.34224617541	2863.56842561924
471.771	37.7038546639109	54.6940229101189	67.2183329626904	80.0188796690697	197.648849585566	4628.10432954928	11125.8112982376	4206.47795473466	203.315867336818	91.0672490660293	79.3327712924099	92.7180956321646	117.695163740634	141.176781862421	158.344691870239	169.993734975985	191.406914887794	272.937132078071	667.587511938924	1313.87864307273	824.329250176789	397.06787214663	417.540167568151	420.036314502153	465.972850309593	486.191256488738	519.514853752425	540.176593623902	559.535117686101	557.026835842382	575.295859558246	539.679449688044	539.360371503654	555.731528206922	531.236294511816	541.956727011431	528.87337216604	542.729846789896	559.3165935027	571.704225512892	570.149461134203	634.908209304557	677.62613731081	743.574822287086	832.452192157577	989.30109444957	1049.98175337211	1131.5278814371	1266.86519723822	1373.27956261985	1534.74276576881	1770.73472649049	3043.59793624138
476.407	71.0770817212625	65.8372758343934	72.7083901011319	220.50568170486	3319.64380385919	11054.1662165241	4223.44489146363	221.818207637647	76.706792965412	70.5595673399361	80.6084764870863	87.0523053543137	120.938615959765	137.151421951665	166.989538789635	179.878115058142	220.864954321738	446.888403775555	1092.91144643183	984.87008237929	444.368278004495	372.786387913275	399.395910290412	431.114919071063	447.094811636827	466.239625691059	505.677162628175	532.016486422958	521.444904336016	536.645344837309	516.742661697372	508.557182107889	518.430751691216	523.299644741097	517.368074130855	511.117705478031	516.718464319539	510.184241885755	526.15235467097	532.687514463136	557.182778613005	603.78591998315	658.406953680164	708.375611190366	795.577003576549	913.554494301973	1013.57571750558	1087.96209747591	1234.22563000148	1369.35198470972	1531.40983309636	1594.60178542037	8604.45785897838
481.047	35.7729652717282	59.8673003295887	169.408269854857	3721.74971309114	11353.9778977904	4763.73217367445	255.934263166767	68.3505090126283	64.4299730351418	67.1096116218086	70.4986893991281	116.362471217042	119.228982137498	135.959184918407	165.675692418681	194.268237784911	306.642706607681	786.021586284387	1054.7699068653	529.417806966467	344.110900662998	352.570917929528	368.078311221922	411.203795852386	438.476808430001	444.666281992626	468.119224311339	482.419616583667	506.197578835904	509.028525603772	496.171396965821	506.504036951523	491.383732533961	519.451773361059	483.691369581079	480.489863627662	472.689258154715	489.999371600068	490.204010662363	518.953155694681	551.170774094169	568.173324844505	593.537648613219	658.436413427082	768.056712543576	867.951536478168	961.075226928682	1043.4098965903	1094.33690112426	1329.93148700605	1383.56297306862	1573.89084005932	23795.3143203006
485.688	58.1310216617596	148.327583057006	2897.0597068537	11265.9037571181	5834.30865512773	347.16415272957	64.3189138594891	56.0045155994887	58.121879224257	59.7086917207718	78.2852655641552	97.2724696792568	122.324886268206	137.319764930812	155.535363001504	226.172319123818	554.456107231552	1008.95571146892	652.395345067338	337.989365646772	318.717452506109	334.312368409919	364.488911821731	380.392079995525	426.370379647893	427.993782170444	448.832029878657	471.793977515799	472.725530139028	481.587704028762	467.289123630688	457.980838563533	464.673793560549	458.305763491742	446.831039207606	447.887771334563	455.662164210563	461.8810751051	446.128233486811	482.680978104981	491.537330489006	511.808206637603	571.125385302208	643.973661884642	742.647210025957	822.028606410899	926.006223742853	995.660372127028	1113.61003801437	1168.44794249987	1357.71863421126	6547.8576869331	35837.5202585606
490.333	111.2420408279	2782.38385636588	10916.7399132574	5701.95822337901	411.469693799722	75.5451034294637	45.7740004570577	47.2362622359258	57.4893718949235	64.1829304666689	82.8151457841456	88.5788247663666	134.369926089389	146.266036906277	186.520043027649	379.391247154934	866.293407673326	792.413776138885	331.308167908236	297.342341043742	313.267551670733	349.111181996111	352.325025070727	384.398008259687	399.42291306591	412.882763383955	434.806137310894	457.262427168495	451.324819518155	442.571683756216	424.97095431867	445.416257501839	442.572187169452	434.27485790923	439.004711461473	429.709192423578	449.562190064128	425.29839079707	426.722771002183	453.02268104517	469.262960559732	503.585002528415	575.055806993877	644.878279996774	711.999085265322	796.902518396602	887.477758883701	979.697295792068	1100.91788440006	1221.05911229585	1257.21250319335	18831.3803981275	28650.1149683118
494.979	2144.4185313888	10400.2645606316	6395.81505727905	457.451465221532	70.4259081034455	51.95088552159	50.462072494106	63.172324769265	65.5028637849445	79.0015292415979	87.6725532270198	112.550538195071	127.379431319757	148.195688717898	249.896202476442	668.083997332353	841.522856083996	410.324670776501	284.695326529176	291.977878450225	331.202468974488	335.652719950443	374.633015503097	379.22838762364	399.296502530166	405.480209789417	430.35919089595	437.342713239578	441.4421813788	452.635037118075	425.398039834592	432.914336410953	423.665719621441	415.85489240013	418.039268870277	401.529842703671	400.233024458612	415.500977679782	432.633250667614	434.278906984618	472.579742847004	504.837100187979	554.026166616518	596.053508116355	687.836749220613	803.430315007138	837.170825777651	989.305083768013	1155.99382410684	1231.74955238838	5009.60657687615	30169.0293540738	8923.17355284786
499.629	9838.69213273487	6330.36891745534	492.156100540786	55.3620662140918	52.1738783683891	40.4496045897934	44.4576196105387	52.3358731369634	58.6133489183256	79.6582652996349	85.1644792706978	105.141594611662	121.575888620613	187.365864988957	456.649605172719	818.581808140526	521.393143761638	252.419438199412	263.479123411349	270.281792934697	300.605360964004	299.034694642532	323.990916769693	334.061458035915	352.083380652775	367.330409787392	390.533542390551	399.000507678633	411.07855695338	401.92635911671	395.112376273569	402.298576478745	382.562256728433	386.113871645218	379.066175408784	370.089285569806	395.27437227749	382.500920028442	391.053448267734	392.33535218218	407.352636952714	463.99528611259	488.580677759726	544.777560603016	639.661130864009	715.194394403169	807.710510200559	932.690423037792	1066.86555804257	1247.82138771024	14695.9431074302	24455.2649261948	1662.90123318058
504.281	7158.7227961452	598.408912223964	70.060708590647	56.9251954248023	50.4088804981733	51.0335098393453	59.4581580179528	63.7174698907374	69.6974552379089	77.6585292145681	94.518995685314	100.853298855133	143.907625030548	313.255055000044	698.675940421585	617.488161108554	288.813624264124	245.736688409188	247.535644459641	268.460824622662	290.896781771161	303.883925250825	324.001819682207	325.291977594282	359.603256119616	374.953831801225	368.900137774802	380.284143508562	392.954043324853	374.389282081994	382.653403103747	368.291630739342	371.343972825899	369.745417635	361.416857046159	371.106384336209	380.580178749891	384.321979155738	366.991203651015	406.838888953743	411.225353670819	458.850135609185	498.950004812003	584.207589597572	651.543110157359	718.465747736611	833.970553468954	984.288252772899	1037.9948014615	3568.57043039215	24262.9722229447	9246.26346443849	1881.01889243092
508.936	762.017394842052	60.9072931616076	58.2438736264824	43.4489693321148	59.9738678096285	60.5450025463341	54.6721434420001	60.4170553400615	66.6869654219342	87.2029497462913	86.4288936137993	113.186110386039	223.506145278787	546.646040887817	686.386491966552	333.490097421053	222.783513550247	224.054243916072	227.830043017279	262.55823989675	262.59650056609	286.516642288974	298.190023409636	303.613433688744	336.994947517733	332.961680375785	349.926258759566	344.251120747581	350.909433002864	368.257266849846	350.637836805906	347.471585921283	349.433166273108	342.54116301613	339.821630343882	337.937543559938	333.88880806628	347.947899698985	365.859514254826	371.091343044526	410.835222707958	433.650520213637	470.566245210931	528.268052767555	603.548674778949	676.986955569246	834.75602668283	895.695225953063	1023.25913668006	11355.6374763309	20776.232653535	2110.01835815344	1291.74880152315
513.593	23.1712643006484	32.2014987138426	28.794239671366	18.4700566659326	40.6065620799871	49.5285864111684	40.988229507256	52.5961568406938	56.4507477913568	66.5145510281378	79.0518144607912	117.9634826705	377.948782652146	661.947683155524	385.840874338781	183.895718590184	182.584741487045	191.09942607263	202.282556872274	220.179298577323	242.615747426913	249.242998715729	272.763829357565	278.53182511528	279.882878886341	283.734748767853	311.940171716896	325.869424437242	322.335202511733	312.495510319362	301.840871105361	295.07130507636	296.970537676189	304.233964037459	289.368058066658	297.663829191307	291.116295983009	291.971600450673	324.267188761709	338.253725341967	325.645688387039	346.755679225014	403.636100489257	435.295580285457	515.406710516704	558.645671760196	746.405071636057	802.533485738981	2457.44414326609	20944.1646807731	9030.17894464588	549.250076106155	609.186471790529
518.252	87.536118705236	64.7802695182616	41.5603984698835	55.1354636803503	48.8443180923917	61.3090439164699	62.7734696694299	66.7353788633698	78.0442792708147	80.1184332170963	103.511868739685	256.393931851943	571.066386128927	516.416247402247	216.195077571796	191.265049740606	196.372134738758	207.681653665784	225.706851569322	237.345028245186	241.412934323595	265.881731915916	272.048667797746	285.811918544518	310.77611179809	303.431391565472	321.941891602482	329.030568997429	311.749784084842	325.951704487535	308.878514952034	302.422195312881	305.255268203748	300.734050829789	293.851929473128	302.436799086927	318.07882566933	319.295806476785	315.99152242956	355.209405224847	374.143540438424	379.171207078098	439.958949028235	461.974121992959	597.751528967649	681.342879542709	807.766354611938	909.161296756393	8674.07788151175	17932.0234415119	2080.21243942772	1211.5780735089	2015.09342727311
522.914	15.9288268102729	10.7337670497549	42.5701661817621	33.0062948752781	43.2205481495293	33.2889583324456	43.5442175240771	52.7999663556695	56.5392758983874	74.5585479280966	154.135925536872	408.161316626087	548.549151263895	244.046477474994	151.498158183272	150.579662673323	165.170714842685	167.18528667527	175.821509080809	195.207472415586	217.357096780907	241.801580119095	238.475833090702	252.163882127276	262.867639487976	256.016111339794	271.061154635801	280.182465128683	273.91313309791	262.445732412982	268.487775482886	268.895463218214	273.820941173362	259.663534087383	263.601558388689	259.362041948288	248.907706661227	261.272863844136	266.640203385641	295.990007300811	296.809866607149	323.764255876263	365.765017631681	431.197411828056	511.920235187272	664.979742105907	742.355137000704	1788.38789872778	15110.8189885707	8622.22971865331	832.739659618458	851.015754309476	2475.67897590023
527.579	34.5739561486549	37.7377589793828	24.4129452100205	36.8339167514263	50.842919593218	43.3653370438105	50.062324872437	51.2557857748302	64.0138335756606	94.1060333729549	284.671334870031	508.943791862767	317.699706737984	149.66042009526	132.749145698061	149.237757020345	161.503784501487	166.283498978332	168.034581286133	198.95591322107	202.46446520242	205.92448882448	208.052962690667	230.308509043468	241.255365284046	249.471739431929	245.8360556054	259.20724239309	245.130584422236	267.393227779483	248.485181386537	245.049690883401	236.383893694634	238.143926811194	225.922934474596	242.566103373668	246.5858839493	262.294669752736	272.875415671509	269.163986992325	282.850498184738	305.391935833861	348.459992018838	382.015492054419	506.382825386065	636.007733662616	696.514348096519	6327.63934190543	14759.0567881705	1936.74239292656	887.713296982914	805.116070927104	2622.0185097662
532.245	55.1960987214233	53.3496159620751	45.7234927075767	40.6890868787856	49.8560107493946	44.7986919182749	48.8577441982586	63.4536847395802	79.5432233427691	195.254912693901	450.168992579596	412.134471155417	171.931987760948	144.244849665277	140.05954637545	147.201803338438	171.999525650179	177.318062871975	181.417971009937	201.474002061939	183.64655505803	212.080496002823	218.000726743925	214.755629441473	237.897592895349	244.515794147948	253.828409848862	255.729728649162	265.950555191051	243.5072651055	251.920460402682	241.90942848731	241.517149357887	235.740059390727	242.247834631592	248.616548517172	244.434317042242	268.385428248565	279.30349880766	267.748466066172	313.012240691274	337.693046621485	334.438039124237	392.781733468314	531.40365190864	643.828351441644	1367.97993741371	12126.0971935679	7807.86834003189	931.145725875662	922.675059313351	1663.59677212335	3894.65279087673
536.915	40.373059366001	40.5231281692992	46.4235421080452	39.5443913676902	55.4050820545598	48.0133933834776	51.2248301883152	59.6382995691415	133.744630292597	342.409539057186	434.284599367599	204.272332941169	123.555908505858	119.918771992472	115.851781380241	136.649466086158	147.088114959029	156.159141255666	159.748038720734	182.43577548172	200.878126167562	204.258126425909	208.649371932898	210.044928626065	218.40910621384	218.824267634883	221.776786040945	222.367607928179	229.028166221545	216.845297717852	228.357626740524	212.171823639664	223.693931950615	214.890769338127	206.290519916739	211.846424866224	228.598160083662	228.056258965893	247.466147258957	250.911735122274	288.806660415029	283.621517094357	346.986709743389	415.561991395219	522.714951814798	605.900690928109	4896.43674389919	12897.3096328457	1979.27146734981	771.219573316773	808.917639233682	2450.31917908662	2267.69336335351
541.586	49.1567408315668	45.5765706568708	37.3691965878788	39.9937249592307	48.2520484702726	46.1668913385562	58.462631602736	79.635909995969	237.15637385377	419.676002800975	265.751945489747	100.964651673442	101.349920490601	117.070221660146	113.071388410262	133.324457675668	139.300749638099	143.164946284724	150.329783623353	158.649569271787	172.462357328426	176.790232887072	189.045666516876	194.859727880375	197.372810210923	198.167111867002	197.152586637904	200.381122915014	209.692609605824	210.570715920773	200.233217923082	203.40650066996	199.653017018449	203.76727869663	195.426032134624	205.379176942282	212.431960744104	207.867597733064	226.227303490703	241.295834533527	237.375596767706	292.459463186794	307.905592468167	402.374097963515	482.440937930849	947.415112598875	9937.65558280816	7190.8293841824	710.302454318663	652.18897397515	1060.38185505731	2431.40381232559	565.055517079692
546.26	29.125454052194	24.8907752126087	44.6818502014714	31.1720876081476	35.2472329254475	32.7416589461203	60.4686002040633	147.49288829039	356.060740479438	316.941347140085	121.976497785847	88.3608652148588	92.4399880596973	91.8294948859227	105.278480138015	122.728573285677	129.236041497767	137.110264503579	135.004460630753	139.272919390461	154.827328849168	168.152673107397	172.375357077568	168.955651128595	169.281965504593	178.771312385845	196.409523098323	178.148237476487	195.272403087841	185.826274739847	173.697630935199	181.939157201313	190.12362560146	178.646005152873	199.403974384801	193.3047278732	194.241280318742	193.802628890772	208.395614498741	191.851573237882	222.428423970609	268.912021973981	315.105888799034	382.734842869886	472.863617333366	3697.00188099519	11020.5350631682	1980.53629188174	664.154692118354	607.604179886952	1678.56206158939	1929.41679765833	-66.9053185381935
550.936	15.275104274649	22.2117519480677	30.1196581972378	37.1996828001368	39.1947836004021	38.5664477372496	105.97668326306	268.692325264372	360.175877730949	156.815845808273	81.8504444915811	79.565859243393	85.2516496858037	84.2638480674258	88.898945112753	119.803747646035	111.315373962395	97.4928933726318	125.298083791812	115.869728282676	146.197446365045	138.881751187889	146.472999410054	155.907053181657	168.74262295702	154.886698400703	169.491704071987	158.38761923735	166.694133042435	159.210519132791	159.994336770123	171.690104384356	168.324940227942	168.574321080935	161.026105418067	171.617610820591	176.334442467152	173.242474655723	182.144312869924	196.555320466047	206.189079952259	229.651990602304	313.794013952658	398.322835243777	645.398580420916	7850.41017715947	6627.61165774757	583.871855108698	579.712399803129	674.726667909153	1954.64044334	833.105520884535	303.335960556964
555.615	44.6841398477082	24.037857958798	31.1363829577753	29.0090060008522	45.3106493426733	79.9168300655082	221.759745366814	358.563701597329	218.113597758822	79.1549563198642	81.0297589376067	76.6166668525871	80.9896544232487	94.649319820297	104.836668529433	115.574770937987	124.283675188102	114.773963839914	133.867625273959	133.425831314642	136.252017916534	149.933781949552	144.060331107875	150.397811997666	136.943374779802	160.986921232351	172.639187073883	178.878845831493	172.433084847361	169.746603525	173.555116464017	163.711161680432	172.589621474778	158.853964871919	168.575938060842	178.94732996474	172.847594549023	176.746912891854	187.751172762581	196.432199121297	205.175897293339	269.900087176264	338.98932904111	401.325852558345	2667.82162692897	9447.85924520404	1991.06599133875	534.636213276313	556.563915047532	1147.80505819493	1911.12530201878	705.436743930687	624.428841942912
560.296	26.6835856919664	19.8177105569741	17.2640476687227	24.8407149472435	48.6810001170133	132.224358125404	311.142763863353	268.320995690251	96.8547630357704	71.0168627025919	62.7446813707021	66.5943443427022	60.7840945874953	73.2975078558152	93.8687732929807	99.2151582240012	95.0034557422235	96.8261127138515	113.890944271287	110.836369353056	125.583154414698	123.832816462637	146.659340974815	138.886194640345	132.372918247609	144.274216758898	145.118101837436	134.301948706074	145.573355845475	134.255816504178	136.993797738606	142.47619596078	140.743989087107	145.116074358892	132.564787459348	151.274635100798	156.849140441544	144.839061921989	182.045938891447	174.721774269871	205.621811790762	240.999364297711	332.522192381059	552.225254919781	6244.87288581486	6105.11041010755	523.990878821575	479.099042077932	502.747556749798	1543.75129882887	1221.09254939803	231.61862784219	-474.579628090713
564.979	33.0451090753171	34.5411119619456	33.8552401760072	45.1807926248619	91.8379178856389	262.416599308629	299.710959168174	135.619994936826	64.4857601789277	68.2384692770431	69.2644177942271	77.0805766332699	78.2249782307495	79.4518208635275	86.5692939660264	94.8166081366419	104.124436696128	112.592765219993	111.183966532576	106.807135826619	108.264214255251	134.952652069633	119.056925246364	123.354395597355	135.718264589041	127.12461735119	129.379908711626	142.853609245148	152.464744048952	152.589233442575	144.559198467207	142.906049287834	138.528427461092	153.264023083734	141.49062957521	143.840362184999	153.444521065212	161.171185978471	176.349464660468	192.447512761654	201.280220171645	276.894469220919	318.46832113429	2187.16170272989	8179.36954523361	2023.71574612809	474.406882277779	488.520703537799	828.225215956679	1750.4907362824	784.107943840333	412.446607066617	495.987779010453
569.664	27.1224875647928	31.8636390778508	30.7917970277661	70.1369571494051	183.405085386605	295.579129781642	164.843357729383	62.0369090222304	50.4200292865655	55.3777273614362	59.4610114329512	63.7079658473517	68.3502990080826	78.5775235453915	79.5578231150369	86.2397097336086	87.6523144094639	98.4187458291755	101.03685963585	99.618483448227	105.837655864529	97.6748609873183	111.217500809267	106.040625106746	109.244918725407	118.757318265965	123.513273258164	122.328037863288	130.54245237351	126.821033776092	126.21984662678	128.020614084095	122.831395759756	141.818299551689	128.210274321835	139.306521320505	135.80993606932	142.424742267729	160.887671768792	160.08623338753	202.305113558394	276.493358901687	436.326257396986	5312.93627240792	5663.11087845165	468.341857549009	391.562849351983	392.395512617776	1124.89032872241	1459.50903221259	385.820587065465	180.033467098181	413.473453894155
574.351	21.1378120489019	30.6590353765686	44.4127842834635	127.956715615478	271.49719621276	232.336529279373	76.9213270023612	52.8792540060311	47.1401022340922	46.0725382299949	57.5521882692411	60.5246725062906	62.3131282880981	65.4551328989849	69.9595372943631	74.7957825158791	82.1100293519433	89.8082854595109	88.4304960674137	97.1836355034742	86.5493908664941	103.589446357597	112.508038775336	113.838306552404	111.42567744406	112.213052960512	118.596631972571	106.091341068911	114.681799755968	114.645083107694	114.746112749586	114.511202792925	122.405230955814	111.046793671571	124.91452996143	121.943226584783	121.209081106405	132.108500544422	148.907371631241	157.673352706863	212.59592197801	279.840230731787	1592.25046273043	7059.91678734289	1989.76984055697	399.209308286092	409.779395640191	578.810326049551	1437.50537548043	875.374312135316	312.034583568716	230.461354368276	834.03043741695
579.04	42.6561755034761	58.8883475794641	106.808916284795	235.694460573715	282.424816791626	118.854212136787	57.8782226475016	49.2127670290591	51.6841969149101	56.5741283062423	56.1183130103353	63.0954981387318	66.2151839168792	85.5910936476827	74.9110835564819	75.4690698009803	79.2207268677564	97.2937311758962	94.1060938414696	115.384568226653	94.2419849987091	100.081450900347	115.225316023618	115.194059340832	103.635389355287	112.307607187741	116.348567493108	119.374711492397	133.446942402008	128.166637108489	117.841241630508	122.321245090249	123.507082996936	136.708787881241	123.822204093141	122.037868836222	141.387474908645	126.914428202066	155.797837506248	193.032447970498	242.686755153112	315.926446309727	4256.51635591673	5041.40749881103	485.300398564256	370.792037167617	417.752739845271	831.15624909973	1423.86214041712	590.385666493647	577.830271768754	676.468050780042	1314.90329359895
583.732	23.9901415100208	53.2643751650229	164.801335547135	274.239454843152	168.558551992157	61.2050030920216	40.4881020508054	43.024640696766	35.9963336701425	40.1648143894653	64.8271470261983	54.7615762545955	59.6090113228528	70.6407481453508	63.2128594028692	73.3637398035352	77.5986066485954	72.3182790340504	81.7308687418205	89.7831769935601	94.8463530063241	90.4103045451484	89.8894473197208	90.9472762492628	85.0203003262268	91.8351109898163	101.016933454404	100.77255572031	112.22142476728	107.14131119936	102.586361929881	97.2979861154431	102.381647478181	108.474976555818	111.867800875817	111.716171838621	124.507411017888	123.193589217122	148.019521450394	194.697320901999	241.498785884395	1088.49038513792	6132.39076614072	1862.16632833391	302.563056581267	350.797607142232	357.906013008371	1123.16953588647	1019.98354823163	435.102164607809	559.169097578044	319.12790552558	299.956089032539
588.426	49.4962571520633	121.403975277306	238.930184870359	202.806745055784	63.1193852157228	38.5456498965252	30.1383695613191	40.5640636706945	37.5075446925673	35.7132024676799	32.8271490320186	40.1113428701063	61.1447153079491	62.9150842342606	52.462621848558	65.9332785973272	81.3624322505751	57.2516739551562	77.9203709484849	79.8034964885279	84.6598026387198	86.3834879657066	67.5914921087732	75.0073136806746	81.6454564949807	93.2337287109017	81.7171637485403	86.6904870617498	85.1311388959702	95.058193467025	82.5509056713349	94.5187160102224	93.8548386253272	101.948969484631	99.6292627992954	114.320260521679	97.9729679529779	112.432214048004	144.369725419902	198.273946938106	250.096994334372	3280.27326996882	4610.09346293618	397.539064360839	263.769598692131	321.119970261319	576.462534639685	1260.52679003225	574.801617359612	338.586263941766	138.637963644504	449.077567041127	-266.028743766871
593.121	91.8349139422416	201.963002961319	244.236240118848	106.1032750162	56.7578133140903	45.9218135305778	37.0415289724801	31.8387103879008	41.6931909391114	42.1339619441359	46.6344597282608	60.909432715547	64.5386254551516	57.8101759215026	64.7347289767585	67.716315635901	81.4621250073423	70.4680502300841	67.3255505104883	78.3288963131503	79.9044085907674	96.5390671008636	89.7642281923449	86.1515575329597	77.5841035603713	76.9458791103697	97.1416167949432	89.2641366783043	91.3627524818008	102.487227969731	91.9492144576807	94.6919823178924	91.5947951798354	93.7918386312657	96.5862616439794	99.2560370345166	112.478007375071	126.355636655183	169.677126268324	208.754868465346	754.969139437478	5174.62788632733	1834.02868608816	261.870214634421	284.614366212636	346.230599226229	839.617355746987	1127.98461682187	420.589859073014	503.331396325351	553.560835307187	651.913205734471	909.023383997336
597.819	154.412060863702	236.731557769174	151.977435009031	40.556722335306	36.108142132704	37.4243225227537	38.2361227834023	29.1502347466262	41.1793440966109	45.7531086516251	46.9166392416103	44.1083104731917	46.5998619074527	50.2841479492453	55.6963595813348	57.3077577237165	61.8528622937717	56.2602697292606	63.8115492094074	75.0323835209251	74.4332412664569	76.5107328567742	87.1692864413545	69.7445591917502	66.8112739723503	85.5271879450433	77.9985504389302	95.6476913334242	91.3007576046054	89.1163958732207	81.3567061535942	84.4119828973462	87.8772152089988	76.9200077868985	81.6233825481677	93.0171286376452	103.758842516978	134.033080368673	167.865516343194	215.658998947244	2478.49035547833	4323.89303317959	361.866212230345	217.72055947922	237.984190153882	390.161049518604	1042.99907403711	641.240773295898	341.566643993008	351.848803437511	367.485071058915	619.821708387784	1631.79732453294
602.519	211.665819654199	172.122558450618	67.3810034139325	29.4300207983583	23.6968130446831	33.8161779682276	29.1466813443983	32.2827584711359	28.5691884329252	31.4195863496453	37.2242523935041	47.7363666163167	38.8248940242387	39.3829225098289	46.0354006208724	44.4968753640439	56.1044790766731	63.9124610915971	52.8151862208009	50.5408486920578	63.7648114775171	58.4496019904039	72.7426387048277	59.7140304412294	70.8966567963854	77.704434939696	78.3000022211269	75.9408423864138	68.1609815617512	65.2927289018841	62.8630084987655	72.0094742471873	69.8079490118132	78.465292508414	81.2846645540637	87.1986516184709	83.0755627263351	128.504956400305	177.356088549709	521.731265262333	4323.14598881739	1966.21327462718	170.79753774332	214.235730345491	217.008945276309	529.797226214698	984.933824020996	394.200022275317	270.602438162044	210.849346014519	320.732135326207	225.177632380547	108.43545295379
607.221	213.576251084656	91.8777500115605	21.0275764624168	34.9748734062083	21.9181355115433	28.0845307702613	23.8830859292724	26.1971862063307	29.4113772530605	18.2464287756229	34.5148033684046	32.5128738844375	27.4859070049531	43.7430238401073	44.3531194926907	46.0878546434688	59.7559089099244	39.6857326540276	69.2431910956879	37.1933117275436	51.0937940976261	56.1348780475691	65.5983114034792	58.5314771190286	59.7771158679786	70.7873970133997	64.5848537292838	68.4944948622615	73.1528480091475	63.0982930294278	56.3825697150706	83.6962822910568	58.956928324986	58.5883873493315	67.8545098133626	89.0289886367034	91.5461359925343	137.866492479397	172.35936317727	1934.54658034946	4086.57561926665	391.760161852404	176.320535924446	184.071482787023	238.175286534503	777.821715803628	730.88367795663	239.466522125278	214.288334739048	270.775792256799	327.479668190156	190.563240341912	419.420940660588
611.924	112.864815760526	20.3525736775147	13.0916287533005	3.99747281247749	12.3576338970122	19.3446217082481	20.3263420400195	16.7046076210131	18.878332643388	20.7245154528628	29.9782545983708	27.050518706011	27.4311021956771	20.8376743401796	29.9537800497122	28.8190734637884	34.2929619678949	39.7332513388008	47.5818195958608	29.4212211717368	37.8288872301476	44.4786265660226	38.3052848421861	40.3229724247634	31.0002865271521	42.3037627330755	55.3930776587714	54.627539806426	51.7622583746337	62.4556058499823	44.8589425166849	46.1194134817545	53.2579144495696	49.2396008013881	65.5136369922497	71.6268131345358	97.6226081346348	124.602022184661	349.280666098025	3674.1647566427	2047.8919709613	145.665277021885	140.115124307473	136.900338843166	283.903060736356	774.092011101859	373.453465959283	158.446815982354	144.813457886137	195.270116894792	116.691885555418	73.9979635069829	-349.808099999588
616.63	46.626145436641	10.6854918498051	19.319704448227	4.71570978290916	7.26476615166167	23.3115631036386	20.9559405720926	22.1692168859068	25.0540366053914	22.8182699074095	23.8354343555198	18.1322777768611	34.1873496267008	23.9002694552464	31.2055164760735	29.7474414242282	40.454473069126	41.8642764424377	39.9701897988207	54.0183046950338	32.8414299679027	51.1403336575077	47.4199372996375	55.1834645801147	50.3534883785826	63.514941015226	50.569573975302	49.8086646552852	59.3604348425856	51.1530113812683	53.4923775199367	57.5877474574535	53.5348635677471	66.9235405882228	59.5187102272603	69.5851061212196	109.220059322569	133.167803388053	1533.0887209075	3683.14041865773	465.683235163545	125.274414440695	148.064222965949	119.033428091002	478.446724330939	715.685176030412	189.945777288488	168.500082994777	139.371085966058	162.89377802102	200.587719133026	-134.681217622907	409.556386651998
621.338	6.26558188732755	2.39317889009656	11.8990918827404	9.84487466617387	7.32174836498786	13.5025348401849	8.32627662314001	14.0087717130785	16.2324973666536	10.0906293171797	13.5778731352078	20.132924658073	22.1035301645746	35.4977141097248	21.5835264001896	28.1452123317689	34.9472429217327	31.9847468438233	21.2608425082379	38.6617135908312	40.1082319118049	44.230614648505	40.8602351940378	59.1587435671922	33.2721580160649	53.2354086111761	42.9019476541927	56.9569501670434	40.2056698574095	32.460075279249	37.8329491183556	36.2746531501827	39.2688575726039	54.0891070178596	42.0237776546617	78.3605538826576	100.241706808059	251.145815403191	3052.46930195856	1960.43835844195	105.053421339576	90.8627940030742	117.624873266905	177.928708108241	620.535407190339	443.436964365256	155.899685856599	144.7660709314	117.349890312974	106.960192489805	166.485576412016	-150.819565181513	-262.671054338517
626.047	29.8220597385413	31.008086278479	21.8429581779853	25.020465157465	19.2197826699816	22.0846563994289	21.9387097240171	21.1259038932712	32.5751574777959	25.3509302445516	32.6896607627056	31.5845876304971	25.2699148611262	32.9594468980723	33.309527037634	40.462091080942	44.4312362686468	45.0035408751581	47.4500293627936	80.4575342188922	47.5709679917582	59.0497295072191	43.8318828317928	26.8240320687457	59.0412235733199	48.4719674513484	54.7135601886415	62.0536244404414	51.9586187587084	52.3717735024666	50.6111726867641	53.1841502820566	52.2177909828654	52.9648717699604	69.4591986219082	103.318892218328	133.287165229946	1154.21981396277	3409.52516435134	478.096085145058	117.849574036885	130.672454927652	112.848763286299	346.3539991817	669.605784503674	289.183025500866	237.257810581393	186.915542160553	102.323157640067	221.00226162168	208.109062585762	236.020490285464	1231.2829450054
630.758	24.6616980327512	15.0598788555676	8.46298469637251	5.54278480391936	11.0578922965397	18.1880055925999	11.1906826428879	10.1334384770122	20.6546355992047	10.2970801647755	5.06264931393149	27.4984747495108	20.2338443207913	33.6365577602453	33.981610655506	24.0382733007656	23.4446283921643	37.5002929887466	37.3016061057061	26.570198588194	48.0814442517622	32.8258603615379	28.6661524353025	32.8957433168717	34.9817706730797	36.660764222962	31.600389962711	41.3751752660988	34.1355158169338	41.2428732225474	32.172498669824	41.845101129033	43.981776282259	41.5630660926053	67.7837072109271	99.3157502300116	182.968682892488	2534.95801653728	1956.40466360373	112.582961434351	74.4463740617248	86.7919323233728	123.614466217882	416.78354480939	431.565315512075	179.64434289739	115.80768166071	171.875771179466	123.379642205877	58.3817888104126	-28.315302457147	-7.69526411225205	248.899128092915
635.471	-4.60206481793962	22.9684292797899	18.1683427687484	16.4070086918146	16.2625223570041	22.7708116576916	20.673858038103	16.7756806735717	27.8197643715663	26.0611099792152	26.3132102061835	20.7026635808494	34.7620535097092	13.6883471772714	40.9009532300973	46.5583707152615	28.9486138055752	31.1404172431898	39.8894740971331	61.2563798832014	66.0692829612109	57.1347785935819	50.2697811344122	34.6055242143559	37.32406072761	35.9348736115611	48.4281166718754	35.0750809382657	56.5578323394307	49.4135043637736	52.5198311760812	50.9242260319605	57.779686310794	53.2743554938818	96.5322725568935	96.7672696464615	825.405417363529	3045.73207368972	552.298125216145	77.4993389415415	76.518639053749	109.730754709385	180.527647328573	505.229828886007	282.06275377669	158.518643390603	206.283141628122	154.588278258486	235.856483598984	232.763280365644	289.404332883716	341.192693027032	713.847203104481
640.186	24.4365563339776	15.6148662729134	20.8026501276707	17.8366433873387	15.991213422303	22.5351825643437	18.4111285535931	18.0858498537918	15.6907850926194	21.9999629244447	20.4443239930037	25.8469492576939	22.4366643121012	18.2852604798635	36.5302767902021	25.2137503672186	46.6710915870996	27.6931855167785	38.0427207190471	50.397323013481	39.3145336207813	56.4884454202462	48.8603925073798	52.9177332189246	55.744549624374	33.6467984865541	50.512599078548	46.4122107239883	42.0834920321399	54.7515705883941	50.0196249213314	36.0710817395642	50.6517711288925	59.416319949033	96.7127947711708	130.861681062025	2014.37290258199	1922.51129374333	104.896864831333	71.0959564391952	106.725159585527	113.745620970228	302.044962267467	447.15565311175	178.349454263276	129.404883688104	194.859254013749	159.179518480008	199.662272616372	161.445159866889	236.856919645717	334.061866998002	521.889675667786
644.903	14.4563979424943	-1.66245129418439	4.88436664276491	10.2582957949313	3.96719153525912	1.96973756900187	-2.96251146925411	11.2711395762042	11.0672881613938	8.06916809917567	-2.44870201401165	1.93646560762483	1.01610598331165	5.2840555362076	25.7027372102386	16.257430431007	18.8817488388828	23.7549922392054	26.8175890606814	24.2533682698928	30.0256929136215	26.281595154969	22.8086255766098	19.9324763058363	19.961154544793	15.6543790416915	14.1169112426596	35.5422036852341	18.0982288330635	31.50198949237	18.3967879874869	26.622906881058	31.2705870926953	67.5646958379288	98.8772689093703	564.101606276822	2674.34515295404	576.979220543882	32.7127649088103	70.0159998319967	52.7053637698179	80.9170425048839	339.643519366167	277.398571526397	86.4870801653111	82.2979645990896	51.3617500906021	150.845310584483	50.0227476196075	46.6542542135514	-37.1736203500055	31.430602496358	-625.603523466854
649.621	18.9174595409052	29.5047134280898	36.1986964400568	13.2734361657835	24.1400875452428	25.3983063162208	22.7479513983434	21.7370399650825	27.5304380905133	27.2779626202884	32.8355890845705	21.2753305403807	34.6931352740027	38.1818233374516	47.5714803797502	42.0271076269368	50.2661873879789	50.6994939565231	52.0294210992911	59.6156809294516	69.9543397495598	71.0763103633481	59.3708146557396	51.2852510236275	52.2074592176324	38.9996652020302	55.9034568222783	56.1082666258045	56.7627213102892	51.7892378220986	48.6419810154105	47.3329116249447	69.8365776582496	83.3271517657319	111.020849596221	1622.48744410457	1865.16286907673	102.761572832751	77.111366876952	86.8397523275261	84.2887756835067	195.386760502964	411.857318985904	180.902789239818	164.563147117719	153.85331368973	136.884483947135	214.761165293277	189.770881127122	252.344824026099	364.431596953385	621.57242463208	912.034907887151
654.341	-13.4478724115479	-0.856083413341075	1.16086924878526	-17.4870118798668	5.97159801798535	3.47767282966408	4.3587217769209	3.23507282988078	12.4735619932387	12.8434632408199	1.96150137520216	1.9943755260588	5.23246293923151	6.80259372942971	19.8535323231333	12.4756296166522	10.7649751395073	14.9713545303437	16.0113436965886	37.2563126698511	31.3414965542521	23.5369957363786	40.3257300203131	19.0079223417156	27.7714575998218	19.9779083836795	25.2703002386262	22.4465185051074	19.3298057728247	11.9530729301919	27.405399869128	28.7730915737783	28.0943624965728	62.2420516810648	397.153338142266	2315.05247817855	654.785600558092	46.5727474116018	44.6178620595219	56.0312831049604	54.8034529921305	257.380515924547	280.091638307683	57.8621090736478	110.281442113457	88.8438566107029	41.8261049432667	86.6410318277208	53.4267747760801	50.7188613813173	63.8088263734485	-178.037933013938	-583.907903332116
659.063	25.6690380873696	0.431642563459518	22.6322755419525	15.4298546210876	14.2622371693772	15.1966897086554	11.2082421415653	18.4223296771772	17.1327770585431	21.3318947932654	21.4754535817001	28.8265264027619	28.4929946730405	23.6663784784559	14.0143836838679	38.7349423491566	38.5196381388207	36.0862280946281	25.83365996322	59.343092403047	48.0398335742935	63.6889120776168	44.6130210309233	41.0191444973746	37.8250459906759	27.9216082107331	32.11541549959	33.778903238695	38.2886738414277	39.2603848434043	31.7301590442746	62.467894479018	69.0992766552749	99.7903415661862	1264.19782367587	1737.43994453372	105.204920441199	73.9256582892944	49.5843486214039	80.5776786338805	85.7915282658087	310.997494363433	167.822171076933	107.216045150516	97.5218905124387	71.0551264612442	101.723321914312	132.561213305894	73.1177298821295	80.7560977594801	150.139760297273	293.785623484023	-365.474463178062
663.787	-3.4383478109506	-1.75106511434464	3.16598065435391	3.72589477212119	8.03587533154876	16.8942357205431	9.80704225842251	14.9858742342856	18.2556292086386	13.6503585218336	19.2009005042259	15.2976393165714	20.691840070249	9.3921391971821	20.6429893946152	12.087530819328	12.4301279551945	34.7309293217898	27.0189172909592	49.7933396488404	42.738048179454	46.538671861363	36.8374075054323	34.991565390767	21.3940083251759	26.8839229755309	30.8008719966742	29.6668296385211	31.7715344522336	40.8651976941618	24.9137922297692	44.6594664319724	64.1228234097658	297.896305051645	1970.62392130041	702.557888335818	55.6321403216334	50.7180048549418	42.3721294748434	67.2701991712114	158.537239066735	283.520777328	127.170591981879	88.0252873757298	81.5536035089883	78.3295498723475	106.940854263888	76.3874203849401	81.9608463594909	16.3803569814649	139.218097188298	405.547903206266	-205.921917304076
668.512	6.92955616574586	10.5871523710465	3.98789658039729	-12.7654203321242	9.71717566330271	12.2454054060454	7.86102236390474	15.2971870916532	10.8602647136878	12.7171526925334	15.5943102960791	10.9619419740446	16.1774196153672	18.2276095553855	7.84325270089982	25.0375846510835	18.6095776083719	26.3425075345933	20.6262191592657	44.0677022266285	54.6945460985579	37.5979842538591	24.2090695828161	37.61124525067	28.9924146190205	37.2043928055305	19.9782481658141	35.2332466000168	19.5651862965218	30.2685635368627	51.6053436600073	54.7708006306234	80.1517522840748	999.659710709914	1653.31068096956	104.868067527677	35.9786645230753	39.1086306653318	61.9353287029735	65.7787866041131	216.773158101802	197.477831381878	75.7239014656374	73.0486481383935	70.8151106343632	103.137371826926	102.691703791434	60.0401908465858	49.1612333635213	140.303306217369	26.3040476704964	258.543361694036	-269.756266850562
673.238	-29.8769474939122	-7.10060729732914	-2.40714763617477	-18.5080162663938	-4.88784750654271	-5.10794041409318	-1.5816726955095	-0.789195421341727	-3.34459225773427	2.34987037004343	10.1682928624653	-0.344623675909295	9.40324333186244	13.047751825048	10.9780685927338	3.06345009814692	6.84060263136319	1.13576352603864	40.2558450557726	-0.438941478696712	17.7636312121076	29.6901275397717	22.7312053480933	24.8310233820385	20.5664845497985	25.8001918278097	4.66573768910812	23.9883215437514	15.0306644102452	10.2683094351468	24.2041390838008	57.5573612218841	188.620666549747	1676.73743057484	722.471148381613	39.4130619252675	18.9394207135706	46.9447279792938	49.0914030858384	86.3810070138038	235.936176904658	77.5859657249957	50.135509764923	48.7424162417527	47.4943850535919	70.9369280709536	-16.5806397276307	13.9388696385288	-19.7829180198461	13.8380636356025	-233.751707576912	-302.052050491988	-480.135277442854
677.967	19.5624628120537	8.49382016236619	11.7198869834963	5.70727764413	17.3970738670586	9.38280182574347	10.9253098719387	13.9122237705309	15.2733668281769	21.5669731148344	10.8281851868458	7.98448474216598	14.9369570506022	25.2212299097055	17.9702142125873	35.3166478053243	13.7815576955955	43.475587856383	28.427592089792	44.2161139861682	38.8429179107207	32.3660904277244	38.0269361638746	30.1746061684634	33.9011032990238	16.8382272609995	36.5150827438394	26.6889032549993	31.3633243513655	34.9543293720452	38.5159838430835	62.5754875641428	759.659016875896	1507.53345852696	122.687827086606	38.9000951983439	30.9493111038388	27.0223258728865	51.3534718076345	151.130650062239	218.588026955212	61.5767165208995	72.8033959245618	72.516841384642	34.5531038076753	86.3886211678564	127.194131410782	85.8067958887064	173.373833761464	-19.5153932872083	217.695249142062	160.585688214016	462.628528050293
682.696	15.7229397742696	30.2856847979401	16.7541506933224	21.5446232043672	19.2504757150523	19.8928652703736	11.5073590839335	9.04324221081265	20.4400293025373	11.701489730842	16.8671590817942	17.1999931563454	18.7871795684097	21.1920543334871	17.1221826393947	28.4295009936262	28.2370011108865	34.3197213557961	30.8579561295253	38.4496293117379	38.834493684067	40.5977871566307	40.5179624444267	32.9196345528126	35.4215373465368	36.272521396993	26.3206461427732	34.279935495797	30.9838154590751	44.7208159143388	78.247730035238	155.143591193317	1420.1084082155	714.162226349095	47.2407951151075	51.0931418950927	39.010602114676	36.431294101172	80.7734198713167	216.101870626991	178.031829383512	77.2299996567555	64.9931923396137	84.0182180230842	96.7518656378809	136.95830711216	126.013405467133	88.3405619536699	137.020752277842	183.233872137134	300.982197568921	179.467439153684	1020.62006329321
687.428	-5.10732860154759	4.09663101512335	13.579201861412	-6.19858559406187	10.3608863607357	7.08816085290709	3.01280315305336	6.2732859909112	8.9191887675264	16.6035866393746	10.4293411452351	15.1992582285044	7.78991015740574	19.8932380907157	12.3155222582327	32.1192174538763	16.9866375933029	24.0750490071615	13.6212203746732	44.1206117518513	30.6623763412036	25.0293332619598	14.9880718553128	31.1281723243171	34.1347092685895	26.4625543170573	40.4928625326342	26.8075266519656	26.4283598708205	49.0279286828721	57.9262284345509	593.949879620876	1401.24108167554	148.366224566758	43.3163499569653	40.4249045495364	43.1681070617503	54.5699199443228	106.029093371442	206.730176494359	77.1492442852136	59.0804972886279	54.0939326851355	56.9159834757655	61.343174829451	85.7893729353803	87.6479092041839	95.311460573551	115.657562277851	124.901260997865	167.374569904075	51.634427410905	363.993416999257
692.16	-12.3241233010844	7.32243143837697	0	-9.34834762864049	-6.72072622320881	1.8591223459857	-2.56313264574976	2.4415500487245	8.73766393869166	-4.84656141459584	8.08916297578483	-5.6862364205641	-12.6806951868993	-8.72780480452491	8.84455098676141	6.66932254314431	-5.94046668112656	27.7194641856261	10.2713676577082	20.8220878069924	2.23397194827638	10.4854972645357	3.34876170653519	6.09684491447536	3.08494326011672	6.37049717130279	8.88276203576511	6.64595480373171	15.5002248411446	41.991231308294	83.9244209672098	1155.62190416411	727.135059035756	35.8909021538051	33.0524569993241	21.7590870793504	20.3991398387181	32.735252569059	129.970020215753	134.400745525961	36.2728119830187	46.0662277969481	38.2727250212819	61.0914746257963	26.3030630816473	-13.1020315313371	1.31527858789545	35.1372320957808	28.5613154903217	-99.892569153624	-90.963829965154	-363.402907327493	129.165595450963
696.895	20.1627016347637	3.22531914747958	-11.6629563816755	11.3726306151968	29.0953766278951	1.87174764104044	10.5567499347289	6.55501495681541	12.5010019780409	9.21678497901957	3.92123162921726	13.2387194115446	4.13043845021022	10.9838441305416	12.4664600335689	7.77481608932581	15.3258214610161	22.4047788554538	38.3483218132632	11.3932013867202	18.4429713373075	5.48948620969053	16.8575156932195	27.0082937192582	17.4706486978303	17.3548778384226	15.6503984872042	30.1098935954528	38.2705986497359	53.3050180826593	441.77434638606	1280.80053219873	155.265867101497	45.5446989427601	32.8854230183548	28.5202425635081	26.6552742772023	64.0583513619921	177.900788773157	73.9503796532139	42.1374698718525	45.7688125964394	60.84100262866	38.149506163865	53.8765358549979	103.329557917011	112.557904518338	98.0875811747855	88.3197741668079	94.8240285139778	187.742208454478	-113.245716236564	715.235172720212
701.63	21.3753096545249	2.32321338297099	8.82092960961513	5.14103699988803	-2.38818526125032	-1.8875207564035	-4.02171307885953	-4.3379789975918	3.73521399716156	-1.09346521455695	3.95427563445427	-1.08245524690796	-2.27195205268703	3.69213479547445	9.69802524992425	16.0370469016209	13.1932682027567	12.6841166067847	9.9937535249288	11.0296428229347	17.2375315015267	15.7555842307647	7.64980787666341	14.855940621006	17.2263646155604	16.7402079069232	13.9034402634795	31.4882068436743	34.846199704792	73.773028251252	965.549892643844	698.893697767223	28.6371018428395	23.9131868035788	28.8198322389495	38.7642614735404	6.16915664740957	89.4076087766883	132.449549142254	63.9957461854875	14.1641866780071	36.308209723531	39.5390552626547	47.1073346610683	30.3882740008911	27.7128485293194	60.0916361534701	16.2154360451952	18.6413107165933	75.3394164029156	152.382974630298	149.338503012622	0
706.367	0.527592460702845	-15.9870390657827	7.22626702856958	-3.20160232636819	-1.38102006253087	2.86518730257085	0.957617725213415	-4.59897293570438	4.72493158055123	6.36272039854592	1.84690628621894	7.66792775819489	-8.81344644999809	8.21997036372242	4.72533846386969	11.1800462996612	16.0215179221561	11.6326394685665	9.2340052191443	0	25.2478376217104	16.8061183471295	0	-2.08803455296079	19.4136440051514	28.8761611654968	25.8582712355274	26.9337618014218	35.6426797922515	329.764144106907	1155.51311359095	171.052121926598	29.3564113295654	21.1266004624801	18.3779236397299	33.3231217410373	23.6343495609358	128.374990973646	95.5254473558039	25.6907626619952	18.9206301236066	0.622763063565645	10.3480752061223	43.6988486198827	52.185535396313	90.8649100374558	44.5949290994254	19.691549904169	83.8424479617272	49.8503082169614	228.975285882154	44.4490925687438	-22.1181799880647
711.106	-6.93115446964671	-2.85104461935111	-18.471288204902	-1.61771136211958	-7.67584721837125	-9.97323027838392	-1.69353380230941	-3.16878721131248	1.19371094906812	-1.39781163813764	-2.17748561042453	-0.737993196551342	2.32344731465345	-0.755163883475264	12.4891284033133	8.38249665654399	3.08395477835332	6.08044233246679	-2.22179748021397	11.2796368075751	17.1643304725443	15.2417382604494	3.04235389008786	24.4770635246222	0.80076415024868	8.55981777037948	16.5242848964612	20.3178701497703	49.0474134671912	789.330577220874	709.871279081896	29.6866621675385	11.7905401080658	14.7507523231695	16.1496177353888	-1.27880253286468	9.01283510120597	153.666716746481	61.6608047126151	32.9935646255669	26.0734088257796	20.1389335691818	14.6403431674178	16.0583509511556	-7.53382881829624	69.1519867008144	68.2818354809245	-13.2663755084389	-46.6004686267238	94.8271175119803	-47.2232828053091	-71.8698149282569	-581.147508743764
715.845	-6.47203273528	-1.92269319339125	-19.1195928270611	-18.0007646885563	-22.5881596586154	-18.5500994573767	-4.40519936818928	-6.19722193308185	-1.20752577901022	-15.8366715091094	-16.0481384917784	-16.4237479984939	-6.26756425594506	4.58342042042446	-5.20209744504522	-4.055416574259	-11.3087146508379	0.410054090563575	-7.1920331740416	10.9347521613867	-8.44685195248106	11.4534687911187	10.5516448632614	17.9298990982711	0	3.93585483435348	6.21972860550825	19.7774238360005	243.423788639371	1031.63891370228	224.544548506001	3.80129446016452	0.384741682529347	0	10.2103233994095	5.60560922411487	62.4524140755494	93.9450157314294	23.5182186118887	24.0740586642813	26.3751566728779	-5.72962546936901	14.8097760199101	4.87325832699733	51.4418708389593	22.9351748863745	-20.7216185741743	6.70995370905137	-25.7126052887218	-125.900975531445	-229.295032207586	-81.7892607227082	-927.030713285096
720.586	1.08138002588724	24.0939991377303	-3.92064356020027	-0.820270631321305	4.2459122017616	10.1139771758097	-0.736043033411027	-2.78503907134803	-3.87378290287563	11.3403056859897	3.15459329621913	-1.12261215335628	14.5301274977368	5.74365832453904	-0.74502240197614	11.8271921752413	8.60056173018694	0.822166984388014	2.70378303240745	10.0089677851606	6.1158189210126	0.441623908869518	29.5306234130868	11.983273598325	25.1740121801498	18.9395300256234	37.4120558407874	52.094662837813	658.272433271907	660.522298636805	20.5682661455903	24.7704421045138	21.9853297672877	42.908486358106	19.2435962293135	33.7180894241094	111.965348537192	71.3638442832958	35.3658882802623	15.9068257815607	28.7917128943811	21.0613668718862	42.4198701375388	46.4121756775706	77.3565161137949	44.8358653321938	90.0190989468338	30.2705928313911	47.258116268934	111.191200059888	311.28317930418	91.1050942779197	294.67446730637
725.329	-3.28379188720115	-14.1453243888062	10.1418857718127	9.13326113532717	1.07445206650591	5.28392062984311	11.4239373001485	-8.89094296065546	2.94084793613712	-12.3398321704532	9.89876689638233	12.8784450502667	3.57755433034064	1.55036286205999	17.3449557044349	8.23057891730311	7.122831472629	7.07383598529249	11.8595978659288	12.0610754076704	7.61916319674801	15.64575946316	-5.35371300112967	17.3282004221567	2.05497612336363	16.3752464432299	18.5401919502272	174.721934979956	910.189129462262	214.043991423457	10.0242825355908	15.4296622649711	24.5965788642785	33.0727887166419	9.1177375313578	45.0693824698864	107.782809630834	44.2261809998249	22.8278065631589	23.8742649685056	22.6011765037336	25.1949353197674	35.0663199999404	20.6050231987598	25.133979630069	25.6011607896088	42.055091960598	76.6014450523805	73.9279511137171	146.011128700504	72.7125847991232	129.106088897193	-160.610236720065
730.072	2.75353479947569	9.81614803248763	11.092439723023	5.01280291685351	-7.56800265053325	-0.664603292400238	-3.9982887207405	-1.0910135933536	-3.20575896200541	-4.04263957478064	5.14085762201072	0.381136641030481	3.99981512592304	-11.3101288633667	1.89706214385375	15.4343288512709	12.3434922215171	9.21138501961308	4.58978989300114	7.28171158110373	2.39581614705471	-2.69883320699582	-7.63165890359971	6.10263923407567	19.0235164170109	32.9544471612823	26.5942263557008	532.973615934216	653.844571974636	35.2435015919657	24.0529213011055	13.5850319151361	9.03562465691653	23.2550301864889	15.012848296489	79.6928113152294	86.5770360160369	16.8117156786107	31.8447271617464	10.6147884920184	25.1358126499713	40.3029207181787	43.9258462015961	50.5893528839278	3.89084645132538	19.9059123648082	63.4754861865625	-27.4056824564977	-54.6973078965855	104.068627710966	185.352356064069	-213.423734652494	692.616170637496
734.817	14.9743865280747	-5.4371147457572	1.34051918350788	6.7310695302166	-2.54053235737312	3.34654911036642	8.80819505416976	-0.219747967666483	6.45692245285334	2.90804884813404	3.23578981216882	1.53534296510884	8.45909540296899	25.5298122977439	7.64198637282743	2.27467761016986	25.6638044674936	7.58995969355395	15.7157977879537	-1.46665571430918	16.4069218774659	15.4016915564542	9.94620533239996	12.7307024863733	27.0714197248561	51.8053792672239	155.898477936425	771.226298111973	250.316128576778	25.2395277866061	16.0186055564065	4.29981740890677	21.3643072708852	19.3818336268852	41.9976804919996	101.984252882817	65.6269944160111	27.3880125935854	36.2761758014032	51.1992791168043	27.7246569960907	28.804624433871	28.2826187017214	64.3109202600916	32.3268025461162	45.989901910832	39.7755563970944	34.4997020374917	116.779476072022	-33.9076979510354	58.9468320710454	-112.140073176911	488.264755629138
739.563	26.9299608747747	30.5010547882846	9.04046947834974	19.1507513657885	-4.40572257724393	18.2810094211602	7.38288471552496	8.44729524846619	15.827123168167	14.1205672899831	12.7659788432492	17.4729862789373	26.4866598941626	28.6072407951134	27.8303052429511	14.5734175778918	18.6598481592955	26.8730353826486	6.07869114218283	37.0917562676045	18.0617209080823	-9.1649206742895	18.2938006081133	3.99674178021109	50.5577958363981	54.0440676692658	451.284765379004	640.193849150832	58.4664065104603	33.5111820732155	30.8279512398433	16.2125151640371	24.8139529972436	20.01515298421	45.0339851737755	99.5789326985488	59.74949436148	36.7730709378604	17.5507450319527	25.6120403672714	40.2403264914634	47.0194017775909	68.9591778575874	44.7794833598405	44.593394690189	81.1177692492836	94.844331034493	127.384744021418	44.5789524157286	127.849397993047	144.107449556281	321.416165888961	2798.9313944079
744.31	7.37152798331174	-5.55900916020539	19.6448684683825	-4.73135647521251	0	9.23825313234876	-2.31574257159584	5.16751319647948	3.04692917876574	11.0010037458842	1.32333313144678	10.2034643446548	-7.00136051255479	7.2282915509416	10.9386363777972	-10.8531429920879	6.96977689298975	5.60453012565932	7.56147270778508	1.49953659835385	-8.88074887306091	6.48405114000831	8.32024540818637	23.7880658342491	15.3295380465029	103.036981194371	685.392301242832	253.189593655785	19.5613722684547	13.3058947045919	0.39945672939803	18.3841710192956	31.9558988766861	19.4035133155982	52.8152461037985	71.176040754132	22.5258521006698	17.8194692664655	23.1137149962022	3.45145801959802	16.0217735544721	18.071832636494	-8.8974416530896	-1.70786243360579	15.0234252638098	-7.23399189442874	31.9528649678296	37.0368066611895	-18.0222716286	-18.9097489109916	50.2236318909977	229.308272187195	261.491549389663
749.058	21.1949229007902	-17.3579955378451	-15.6919002100464	1.73807665904808	-2.24917259391632	1.38261745678894	-0.779803133001321	3.40455981112478	0.256505726152162	8.10980297843224	-11.0290748766556	8.32548511726233	-2.49632266959906	21.5008176888091	6.31453082871836	12.9219300073553	-1.24253079303791	9.5815216949387	5.72906306810935	27.7724667449697	16.4477681317193	17.7794344899292	9.80615777711576	16.3230651397657	28.8215491567824	393.786327096293	593.719066749454	37.8929162310996	-1.64677408100614	10.1832428743228	2.01769583267011	5.24862473581515	22.4751493945322	22.9382961440591	58.9941645990622	57.7059599195996	28.0819534284029	33.4315127116195	19.548784086607	22.0826349147073	12.4503966565399	45.3032318917727	10.4864354814622	33.6436764727617	0	9.74389746524248	89.5020348275523	83.7390536394227	-97.8597158600988	63.6766868041718	76.1053741070283	-183.391005659035	432.268340825946
753.808	12.8450847262052	19.2533610380165	-6.11538985243098	7.08619491626508	6.87746221570931	15.501684601592	3.17928266742157	2.31341679705945	9.93493057415226	3.67376997751527	3.06585654668162	10.5062511275573	5.5128604354506	4.13488354391758	17.2971175228139	13.5698965503408	8.02091071562479	-8.87822153236588	27.7371214526229	17.499065563542	9.14428420676822	17.1680521074015	21.893822302982	25.8804256821557	94.7066433198493	642.958800334264	273.539243861941	18.8915195289357	5.03546350803103	33.6291033219319	11.5166958998308	10.6994066477731	17.4933652280501	57.8124733142092	55.2668020775436	42.479137707193	29.6097504339189	18.872496239598	50.3666211138427	27.8387242444831	31.0909109981912	39.2837929726122	13.7422085150596	22.8610600444136	49.501580494193	37.2432993983053	4.4865085959235	-5.44798145584303	53.3516071127503	129.80595877844	144.799236789755	216.436891189781	-195.819116318865
758.558	-29.724158969315	-9.00697652136508	-29.2170194422024	-21.6451015343291	-14.3940401790469	-27.2624631040314	-18.6132523635089	-4.23986148182051	-20.2311286057011	-12.4685509590182	-12.4863958775755	-19.3373770736932	-31.9514553069566	-29.4704387139677	-30.7179212421697	-19.5058165655912	-11.6053735467424	-19.8872135338679	-19.3230829449138	-23.5816252600087	-18.621085312415	-13.5957081068256	-13.5689757757591	-19.7632314754748	315.624992719469	534.911900972566	7.28417691803777	-6.41166636402028	-14.9537986916365	-5.07267213597286	-0.418788884983708	-13.8269236377756	-8.0575489510514	36.3569301560577	21.6083118291935	-34.2209510477148	-14.0691158728005	-11.2091174576287	-20.8510738834391	-25.3294663590129	-17.4432100371919	5.61375976509835	5.44135859284045	-30.4387779147038	-39.9012685596318	-53.0886232110814	-77.6573746133988	-96.148605131212	-59.0452488714237	-148.686805333522	-105.308521557063	-671.13314508148	-2043.63922753972
763.31	0	-5.40429647170305	-7.32835315759029	14.2590023405697	0.396816793121604	-9.879257814824	8.52989971473355	4.80527465040415	0.543057193268377	-6.35909108078037	-9.19849980895597	-12.1704535279381	3.0829467303599	-3.00604624528773	-3.34217820406104	-13.2642266187181	-1.31530257655227	1.3830935996178	3.53768294238384	9.62149993878901	20.5767202203341	14.3631883290783	18.2894150779761	85.4353741515917	613.833971976408	279.669636892409	34.9647645014144	14.8240758984887	4.35805334540465	-1.72474381033331	15.80541586001	-2.56431829805197	29.8474682480714	64.4569619536558	25.7144171317551	19.8770757039555	14.8633200504803	8.16680979237967	33.3398585651799	11.0728218173369	10.5436670982818	18.6099943369438	10.3076987194026	12.7845482652284	20.3500632786728	-9.02525058076412	6.21271706629336	96.1875531295251	86.7274357767108	222.440011365606	96.6752005310448	10.2174598900296	152.528389540683
768.062	-25.706449548809	-0.545485669929639	10.8488072230139	-13.4638611635953	-11.2148186361019	-9.2330405723444	2.77732313401724	0.485023069255414	2.1925511927865	1.92557518439581	-4.28518012565782	-8.04834427986224	13.336240405123	10.4028668419825	13.9154653998457	-5.02062033959566	-2.65521594119611	20.0098094399954	4.59100279600608	10.2510430542583	8.52070850882272	15.9973120217736	21.9530541692513	299.883487394049	535.465055205564	54.4919376736775	-4.41148493792192	23.764389010583	26.8328348251107	15.2326978736727	14.6597748530586	24.1575500637288	39.7323251366023	72.1898552692148	12.5140130071271	26.4244876331211	17.5889910911004	34.0719548498516	15.6654799106182	27.3201238004042	16.6286078491432	33.9558753944918	22.4089019062672	3.68690139765686	33.5133650481728	42.9456666584195	50.1667241793251	59.013935145529	-38.906142057443	217.717393992769	70.4741926111667	-123.75659956351	153.955378257901
772.815	15.9033804058526	3.81596759168001	19.7125403013794	-1.85590144407567	11.2076754509306	20.6688376477585	8.04910700952835	10.9060681017989	7.12125266318531	14.4326152900958	8.92177232484509	5.50325438965832	27.9882665959128	7.79718061704962	-2.10706091821943	12.5435562433864	16.8056565825045	18.1368723254262	7.64679765845888	17.7931028079379	13.3051270540961	35.9710260015104	82.2715175795258	540.317942948466	285.705686710702	17.8548293405154	24.6885804446023	28.1472622000068	11.8692636822975	28.2712774199885	16.3740183060895	30.1777038921858	56.2879705197875	45.4239210086441	38.9076871895897	17.1160738364051	26.36668189494	9.33635969422104	20.294169147619	9.30774629845433	21.2710609870039	36.1002632797172	27.9932859289286	35.0032540374091	25.9293050244298	71.5305212905217	7.83355795357374	79.9034374805821	21.8707656270928	285.572070938385	287.134857468601	505.017576471887	-25.6428862773472
777.57	31.8309912705057	9.45626092418858	16.5943570708726	20.3576321185747	8.1686708833921	13.1813520473317	5.66426530765635	15.8270346633962	8.66380420047941	10.4724040024164	-5.09803780058037	18.5741342407567	17.2259402802335	8.84013654363342	26.6601546964362	18.3455936755445	11.2817321559277	24.2009187116998	19.2465969442066	12.6540478477639	23.351316006381	53.0172938413658	266.600364709074	546.88587207655	93.7394462625516	31.4274172069738	26.9912644838445	25.5796694731202	17.9425387674897	25.7409136206482	29.8981609670046	62.9054217412226	69.0114998606804	30.4455019746276	26.9398313890658	22.9539708978487	65.4140256223789	33.063174816339	15.382979719423	49.3869002721008	38.661430410096	42.7299364103551	35.9089247034946	59.2146628390925	104.729041374479	53.0826480793711	111.905384676607	110.650891308163	183.491979120708	263.641591887951	16.584225378327	662.544191528341	1360.6115021404
782.325	23.448735273141	40.1020511516717	5.10603988789672	15.863918077882	7.87975503000647	4.58892408526644	8.62725347787521	14.31304864868	9.36480173069965	14.953630172716	1.84876934844178	23.6849022359963	38.6648508200146	2.24407151968043	9.6057519716374	10.3971011403863	5.040413585234	5.78203391933584	12.14836342784	25.6978730983892	19.8510333249484	68.3275518496119	516.615181490035	291.449240505515	35.6936831105687	32.8364093523224	19.6416581516501	28.2520180127812	5.01019119378556	34.2489505245853	18.7509193391778	58.5141699504389	64.1971612985575	29.9915841055487	21.5958470777484	36.987976013294	38.5673145748516	54.0572388871397	42.0535701944874	18.6445916633369	17.9066408306725	47.8764498655396	51.3782284569794	54.4002980606265	50.3725282343169	10.7800379015572	134.73137717926	96.585927165411	226.602964333241	190.209325276308	230.141799916727	331.03484279152	106.274359911916
787.081	20.8242371718985	13.3394369121009	7.34029750395028	-14.8087771206082	-0.85170762305167	11.387517268351	-13.5834647078887	1.80491500428157	-3.78816967338737	16.3786002298167	11.7699832602266	-6.75570254383005	4.72648709362078	2.76515425477774	14.3469666775096	17.7935433946986	-6.5872318186564	10.390109085923	9.22019878790802	-9.17826842132384	37.3702477200631	253.537224489019	469.474338409338	90.6569046980962	9.77375660032761	7.12344367946428	20.6378186850251	25.7348652134776	22.4493760563777	23.5996344230185	22.9215880497517	36.2341658541492	43.6371880682757	20.8468359309258	27.1032794383818	13.527342268329	31.3518507431372	35.6419545813866	21.5910766680245	42.2509302988365	19.0943976344244	33.7983940586072	11.9128835141761	27.4401119194323	33.3334800320907	-9.68567214496978	26.6693273921183	107.274146089573	155.12284144544	112.124666041387	86.4578300360084	-197.372181940559	436.505693493617
791.838	29.2554701680569	-2.89704413138295	13.0948666609133	14.794307526727	-1.27631313466954	16.4761518644772	5.01507109016235	9.27335020843125	13.9734212998955	12.6128350089547	10.9998710616956	13.4982031505392	16.9987279066116	13.3518534318589	22.3952317447988	14.2209259185891	16.9220454740574	12.8513752763886	16.2550407713402	10.3154629205552	58.8289132491085	450.823439598316	290.418709739645	17.4961535420284	38.5686164801438	18.9772890468957	15.4632401693487	33.6563604456149	30.8377311899124	10.6325731832661	37.0966901691056	68.2736136562727	21.333503365324	37.8663028639269	21.169132151497	19.2316390801949	29.1232368424959	16.3442559240401	-3.6977108773307	42.8691728282471	58.6402395569047	38.3697383975361	31.4532863552385	90.0722724189196	58.5636693610925	81.5566129443144	21.6476559848398	190.073904215052	309.942543138132	162.602578308591	287.911174845581	536.765955008176	1880.59148796554
796.596	10.5961549041244	-3.54136022043354	6.93646456138187	14.0658235895314	1.73352345776349	-9.19111244868741	-5.40921725809979	1.83681724485491	2.66893362308666	5.20877978972456	-3.86387745589541	12.3751997337967	22.6071349667968	1.87601927987789	13.6880177228369	20.3715538884332	13.88615800183	-7.04917092113285	8.27926560063449	15.178306302834	190.7300961816	452.749525178499	85.8370740015783	40.363436735155	16.4117410714913	19.8148954622357	9.54663469846576	-1.90470794191514	12.3750105666105	8.47650450757269	28.4586127842199	54.1450000760619	18.4247966616407	17.8401453677971	4.01197606204637	3.17687095385223	24.0694394225948	4.16235301231776	21.3449118245135	25.5298986863542	12.2348968546089	18.7613386703378	12.9894065982207	44.8796595381012	18.715948185155	15.4893645880889	44.1036589328411	123.588949229455	165.757902748921	18.4042729623549	-35.1943959213939	111.589319713443	277.638137870919
801.355	26.8698574080325	-1.01903250609542	6.9091602605752	4.3365696180904	-4.48941926046511	3.44968492922294	-8.30139513321234	-7.24864906300748	-2.30397074788684	-1.19906828843803	-4.0026146269641	-7.12197009804238	7.05887966536006	13.360737570937	-10.6346268567556	-0.78159329823637	7.85374675798559	-2.60795710295093	0.952949177546395	41.3240620578136	331.287196005671	235.810485006437	2.33016660029207	17.1957133296187	3.86386917948956	7.92685141405125	19.7788362175202	-0.411062244437255	-1.23262982855909	21.5456375498679	37.4546745697912	6.04408852144902	15.9053009700141	-0.83246474151861	11.2559169987271	-3.65660036611521	3.86568707253568	7.69965590628549	7.04527562496228	11.5993773813418	8.69798420340039	11.4720410075291	20.9312551430868	-5.16567974846926	27.2643283595347	34.0359703269829	-27.8223661540955	119.135825938647	99.9368273809463	25.4201340488047	151.908721129343	-9.63300571330907	-766.952185090413
806.114	5.14529184409134	43.818397762103	14.7395418892271	25.1521037849243	20.202386672093	6.55440136552359	29.0548829662432	9.28733161197833	16.6397887347383	6.29510851429963	19.3459706969931	12.2656151688508	21.1766389960802	38.0578585353962	29.5406301576545	32.8269185259275	10.7472324056645	33.0341233040451	23.8237294386599	141.106553368144	385.506872228821	107.865786210865	39.1467988849067	34.8439454310695	31.7695910313586	30.4557975381969	44.9144405772855	17.675676510802	41.9094141710091	37.3999746148651	67.6600572873647	56.8144321016208	29.363632560026	37.0446809975782	33.334831111615	28.3386528373929	16.9123809423436	8.72627669379022	36.3102666824979	68.4363265499168	54.673043564231	24.2937338982969	65.7839447354157	60.2662637321414	41.4013875089231	38.8982518022662	196.220898139411	195.596132138077	124.921034226183	276.443957780751	349.390058597488	626.145371365089	2013.24948586234
810.875	13.7207782509102	19.3616176158129	0.460610684038346	10.407767083417	8.97883852093021	2.41477945045606	-5.96662775199637	-0.226520283218984	6.91191224366052	6.29510851429963	10.3400877863239	1.1869950163404	8.71979252779772	-1.61948334193175	5.12037589399345	9.37911957883644	-14.4674282383945	1.30397855147546	30.0178990927114	290.276338357325	224.837556448293	17.7441553074151	8.85463308110986	23.5309761352677	0.429318797721062	9.17845953205934	-1.64823635146002	9.04336937761961	19.7220772569454	30.4891097403791	35.8437208248539	23.7734148510328	13.0505033600115	17.0655272011315	25.5422731894193	4.11367541187961	14.4963265220088	13.3460702375615	1.62583283652976	6.95962642880509	13.6682608910578	13.4965188323872	14.9508965307763	-24.1065054928566	-1.00978993924203	13.371274057029	95.1817789482216	88.9073327900351	129.463617288953	-133.455703756224	-131.654224978764	-192.660114266181	-191.738046272603
815.635	24.0113619390929	38.2137189785782	14.2789312051887	19.5145632814068	-3.74118271705425	-2.75974794337835	12.1926741019056	1.81216226575187	-3.83995124647807	16.1874218939133	13.0084975376333	3.56098504902119	19.9309543492519	19.0289292676981	26.7835046762734	9.37911957883644	24.8013055515334	17.821040203498	91.9595956332271	321.017408912528	88.0447953348404	14.0085436637487	19.107366122395	12.670525611298	30.0523158404743	10.4300676500674	33.7888452049304	9.86549386649413	18.0785708188667	47.9695326581965	28.191690536402	29.8175033724819	37.5201971600332	18.7304566841687	26.8410328431186	30.6240280662149	47.8378775226291	43.6313834689511	36.8522109613412	15.6591594648115	41.6260672591305	24.2937338982969	40.367420633096	59.4053171073965	14.1370591493884	75.3653628668908	243.07962008315	128.026559217651	2.27129153138514	187.473488609934	25.3181201882238	288.990171399272	71.9017673522263
820.397	18.2943710012136	-0.509516253047709	4.14549615634512	4.77022657989944	-0.374118271705425	4.48459040798982	-6.48546494782214	2.26520283218984	3.32795774694766	7.49417680273766	-4.33616584587777	11.869950163404	3.73705394048474	17.8143167612493	-1.57550027507491	23.8385955962093	16.9475587935478	24.3409329608753	208.219395293887	231.817909104808	24.3739828893061	21.4797669510814	10.2527330412851	18.5532696451149	11.1622887407476	22.111743418143	0	9.45443162205687	24.2417199616621	30.4891097403791	18.1232296305441	18.9381440338736	8.56439283000758	14.1519006058164	29.4385521505171	14.1693264186964	6.28174149287048	33.8784859876562	3.79360995190277	15.6591594648115	3.10642292978585	20.9196041902001	25.4165241023197	-5.16567974846926	32.3132780557448	93.5989183992031	127.397150284543	64.0132796088253	140.820074945879	66.7278518781122	162.035969204632	385.320228532363	1054.55925449932
825.159	24.5830610328808	22.4187151340992	0.921221368076693	8.67313923618081	0	-1.37987397168918	0.259418597912886	6.56908821335053	7.93589924272134	0	3.00196097022307	12.6612801742976	27.4050622302214	10.5266417225564	18.1182531633614	19.1490358067911	14.4674282383945	69.5455227453581	266.825769712991	74.5848924945904	28.353408667152	29.4179416938724	18.1752994822781	14.9331194704584	-4.29318797721062	6.25804059004046	24.7235452719003	6.16593366655883	23.8308433521424	38.2130175412752	18.5259680667784	12.4911162776613	17.1287856600152	16.6492948303722	17.7497152672236	10.9698010983456	21.7444897830132	3.59317275626656	5.41944278843252	2.31987547626836	32.9280830557301	26.318211723155	15.6984413573151	52.5177441094375	47.4601271443752	126.419318357365	178.648877410508	88.9073327900351	74.9526205357097	-22.2426172927041	-15.1908721129343	183.027108552872	-263.63981362483
