Wavelength	500	495	490	485	480	475	470	465	460	455	450	445	440	435	430	425	420	415	410	405	400	395	390	385	380	375	370	365	360	355	350	345	340	335	330	325	320	315	310	305	300	295	290	285	280	275	270	265	260	255	250	245	240
248.336	15.9982266887516	0.509714196414884	14.281581816112	7.80434546855539	-9.35271948756106	4.48231248033595	-0.777745374578312	9.7316823763873	11.0009685842723	6.89499629497598	8.00924210806669	-0.395860649506805	9.96775977624951	-4.85799123313312	-2.36325146026315	7.03369004908719	8.68759715182095	6.08739609641592	-11.4288303451587	10.5817906439479	7.45932926480447	-0.933735916841816	6.05565003222016	7.68808069904104	23.5954885205977	12.9328769524784	4.1191154480266	-4.51797019015741	6.98169585907409	12.6029658076784	17.3133815917211	8.4619868235393	1.63100962248099	25.3915779097755	17.7445480669101	35.1860714240378	58.0187665375852	50.8386154211887	62.3399441828447	92.2678674696565	77.0693905080295	124.15618522667	411.280872920966	692.514893274463	1007.27642092269	1067.8691292695	1107.45004854688	1052.86639324844	1104.94234113947	2640.89187335529	54452.6998779302	184730.694549699	66627.6942280507
252.814	20.5297989287189	15.8726596425263	-6.62133392466657	12.4630646688857	0.448071711867712	3.71664356343534	-9.6255931739848	10.0293045806265	11.6438255918392	19.0296892719368	11.5911841180728	16.1202167191329	19.3999474901437	4.36382791717018	8.01968355714577	14.0404685914836	25.7651899964133	7.81167939986472	4.56278659931626	19.3125434892283	23.8241895847233	9.50588632431724	27.8956860541736	28.7074427723201	21.0668579463805	8.49438613894991	-2.96008948942504	23.1205499491071	7.87012469405761	18.5030910958962	10.1270362944763	9.16972427753336	-0.976733658308864	27.9188489011607	26.4363131976514	42.1425107366807	70.6474844352739	99.6375775756849	88.2992680016923	119.545004288239	159.302884200031	416.205095039548	844.572900118142	1147.16921126185	1282.65246741107	1305.21228176037	1357.97863696824	1229.07106955199	2535.14412215861	49415.326000812	199219.24106699	86831.2267352621	3962.7342616177
257.296	52.8119447496005	6.64420704555385	22.3832021879194	-4.62413210390781	5.31989289696442	13.0747230492299	18.1255810039742	5.63199820516795	24.8599392997097	3.55246611200362	27.2868255034765	-7.97471179930988	5.41380674696104	8.15545404173527	27.0713815988933	20.8375654921779	23.5312695954769	11.8510029012	51.9161064395992	31.6475053865834	44.1970746502412	8.85192639825926	18.768089934446	19.8287107986032	31.0112920892868	23.73003789495	21.4773346112193	31.1497375972666	25.7935795755947	46.7311577927795	38.6475712967158	20.0551577790756	37.6890228029879	51.299949431693	83.0844679870134	70.9373716438265	90.5249044585329	87.0198438449397	121.409903952458	116.215433377781	366.049965830351	726.039298180567	1144.88556423795	1293.22301973506	1330.12149270356	1360.56486875504	1421.70665190541	2229.77461624738	37018.0742386219	174350.61671306	91473.6861614125	4935.98368015366	5937.9463030889
261.781	16.4893130153561	17.1617774783041	-1.66193249204044	-13.5554779278935	18.4441762054403	-16.9988734097634	6.23481660673949	8.70857215001234	-0.615275993212435	-7.2096420390797	4.81547277569922	7.61622597474266	26.4691317964141	18.9853056479774	-3.31538699951679	3.28916959529107	-0.497459678829464	8.88853020919596	30.9215894452674	9.08884369841367	2.98989563265206	-15.1577708998612	-4.48110281764049	0.543809158647203	-2.06349671028307	5.51827885024619	7.92503981067829	4.93887667149189	8.39534275127529	6.35523950451422	26.1447630973534	14.5362308148048	37.7541557150502	35.5382230988357	52.0425528288678	73.0817942585825	76.1615978417813	90.7723041999498	99.7326836000874	305.636329149778	662.172997398281	1044.25506318481	1291.24237111969	1272.92394930299	1291.41040016334	1379.15384400738	2175.43852001253	27592.1854291999	155391.507828212	97403.4445747516	5663.80582865802	3524.6606896942	20094.4683774262
266.271	-6.28914659966395	23.688945024784	0	14.8476392073093	7.3207112396511	4.21690843786354	3.17067388841787	0.553585695920873	7.1965723973383	5.13298069213712	12.2443808321422	19.8500490137198	7.61926316478706	19.8048184618386	11.5612640461685	0.477909996999491	11.6370689997548	11.1675579399267	10.4833103550053	4.93020810212913	21.8950738051669	9.13586020405754	6.26679510021004	9.95581713160404	1.04937731946412	-1.02046670921957	9.57178553053456	15.0697943065286	26.1186509788141	-2.48608779999713	27.5763553250212	13.3061436603049	41.3913906757756	68.7272580225174	51.3438243774003	55.3287225533838	98.1591360828729	119.957465321204	244.641611434724	625.265780199363	953.220052015974	1248.60439424479	1309.6469472572	1307.31500043137	1335.71744254536	2060.19668078208	20612.200954061	136966.307299852	101528.099726062	6872.24479246939	2312.9133462101	13903.2209496281	31463.0885827705
270.764	31.4643071313181	-0.623761511463962	3.94643089468951	8.48937674344277	8.69847951757731	6.32909887522778	-0.634509343724068	-1.66173805147645	3.44387197262897	2.56800630160471	-1.63354843366055	1.45330052881921	6.09901092384163	-7.43119373457504	-7.71206197873969	3.82553828273561	-12.6564594539187	6.38523103454666	-11.072252701412	4.31648021086418	16.4310049690715	-15.9971988861914	22.2317611137511	26.0110997067587	-7.34998010528678	-7.14748629663681	0	9.5498405600776	-4.52320590295449	9.45271380301766	26.6071923539676	27.1211177005826	40.4178674016845	48.3921930847688	70.9704776999172	66.5455256764444	92.8920916342042	189.782999553444	550.602913446917	944.488868402727	1226.83582853832	1248.51617244456	1244.53345458716	1315.46560845501	1861.95990735776	15008.8769430591	112820.087318284	104087.45250047	8580.44002479047	2055.88252134544	8090.67156855295	26796.3229858104	9799.51423211297
275.26	5.47544882276305	-4.88464086852188	-11.0372412708522	-4.67436274777848	-8.51466220756342	-25.6074532819218	4.34770571443565	-8.13311002065646	-3.98402214128957	-12.5686944257749	-10.7934396256724	-11.8549100678684	-18.9053986681318	-20.8525829968586	-17.9290881852011	-5.61704482497906	-4.46004058978203	-16.1466020513807	-4.5634831715515	-31.3876741994693	-38.1245226807773	-5.59255148754463	-33.4799336579576	-14.6267789564501	-17.4727443693745	-9.49517503272819	5.92108277573266	2.46000847016865	0	-9.73995570929809	31.8326873105541	14.4807223614857	40.5406349615621	37.3970237920707	39.9197427060866	72.8027220962894	129.154050439322	439.825579423364	844.16597449905	1158.7903791763	1232.92453173306	1220.5158020714	1219.12958487083	1637.44197073951	10621.0155874212	91585.6922460155	103508.158525156	10730.9810970056	2083.43859004179	5023.47054594031	21797.3911196573	13871.5552260486	86.1595484260165
279.76	-13.9741329059476	1.18726724127209	-31.1196261981955	-17.1685911059449	-14.3781695272443	-18.0702038116152	-5.43476096084317	-11.0703288122411	-4.76731897873899	-13.9655470479863	-5.82992810554895	-29.0452181125742	-0.967404440767069	-12.7300762394112	-27.5233754660333	-31.8566805972153	5.78167113832675	-23.8008870584139	-11.6466653999581	-25.2348126973133	-11.004083560608	-21.7493268553796	-33.0932188201196	-28.4416332217703	-6.9949735937761	1.94350294405711	3.83782980255009	0	15.7840229664398	15.62488263353	17.3502976385386	31.9119778961805	29.9177439634938	54.2962252063093	40.3239282110956	113.889998671308	362.630954142133	716.484991285068	1072.00797055008	1149.60708641183	1171.19852383418	1159.92164939649	1455.27152876232	8447.50575244413	74022.705515737	89111.7476009553	12790.3262271548	2400.63842138357	3481.9366015291	17005.2235390846	17153.511301117	1796.70993019508	-167.536426316574
284.264	7.59973874808976	11.864505073665	3.57450789340335	10.0922239102686	14.0987438214232	-9.5543773143116	-1.14942271541197	2.00684143564227	1.41786889545712	6.64568571331319	0.369899532399878	19.306280486219	5.06387070538801	-2.69234266307738	11.7876179314316	9.9618995783883	8.71239551005482	9.1571584452249	-4.22264073779854	-7.2608392951719	-11.575277613859	5.1748488713092	21.1692209086114	1.00254207817838	0.475521202462759	18.0343984551477	27.3942122724927	-5.46305438594106	24.5815557931438	33.3462027141156	37.4883506641561	45.1105399949186	58.7548181304784	74.7443675878755	106.017354253818	337.838772711682	665.598666872382	1046.75212403528	1124.20615389651	1088.96499372851	1080.90315608836	1252.76309357311	5696.73174200287	60117.853741648	70515.3893045535	15124.5083483615	2724.56961874992	3116.64278836097	12433.8634589985	19090.3616994454	3950.70010162467	737.426802580306	1142.71596458663
288.772	5.98726199315171	4.27298299284091	-3.37930278349751	-7.26939739344713	4.70428466637778	0	-5.16159863478893	-4.50596193878782	6.16601749402146	5.34034814417111	15.7364636064192	7.88152725113472	4.78733097822208	-5.0906258018101	13.2075757598237	1.228418713535	4.76856286436885	-13.6690782026324	-1.49701532607677	-4.22419837228874	-18.7596817848289	9.78449717638982	18.5487847075406	-7.10844681924014	14.3856904145941	6.99468050478206	19.85529041135	6.88628680025343	33.1373044085124	45.1576545647002	35.4410988941739	45.1805252306719	45.7187931058531	84.6205868116827	224.038410460807	537.74237218482	912.463300447731	1062.23379776439	1042.36323483425	1001.52410307742	1068.11628111603	3666.8867504387	49387.4845220459	56887.1468556389	16987.7063438526	2629.2821408646	2999.44814419777	8584.00452914631	18894.9498789479	6524.95921027195	1264.46420950073	1081.0964743058	477.347097094157
293.283	-10.9042340187243	1.02396349215306	7.866676430629	-7.40356083831443	9.77009970486336	-3.80959852662008	14.3220972801453	7.04707529450868	0.256974610474325	6.32343768924771	21.4529935302539	-2.38573021465366	10.0121030385463	13.4189077751989	-7.9125492779657	9.41997414242871	-1.24660648493477	27.5151460757933	-1.4349591783206	8.60431971171089	26.9730480616337	14.5372918801223	22.9266839289746	17.2615724773271	20.2531178299825	18.4380027652548	12.8260640885313	41.6677257707713	38.7764106186062	44.5107907404232	35.1852341646656	50.9977884037495	61.4349541560849	214.907079154355	488.189674882398	828.94467924567	1028.10116460043	990.347240443287	977.373971652246	962.922089033539	2450.97161741577	41066.3784298104	47288.3862787933	17510.1500216162	2142.2467385866	2658.33772487825	6075.40146304179	17601.4232859612	9780.90788112379	2147.67987899558	1507.42111773475	1094.39075768195	746.544462766282
297.797	6.66718781706861	-16.3564216641804	-2.23991867811666	16.0212060429064	0.363785620710401	-0.335279041246867	-5.04189510908048	9.6832194733354	1.24388463068791	1.74906149905505	5.84117629285127	3.84937269548135	12.5197496195326	2.36196990418328	10.7241861641953	15.1991164102641	4.02279598560102	7.18786771373783	20.3746824711461	19.5996127256069	23.2111888337007	3.63188162052399	18.1186166367157	21.5482854748838	15.0181491528402	15.4157506470112	33.6458015368184	33.9482373728768	47.5233004570946	40.7188887646183	51.6814875252258	72.0972170940568	159.393355571995	426.626761546658	732.702183531634	966.022458179419	941.236905249153	901.828371430581	923.52849327701	1849.73679909442	30663.062804402	41276.6120742156	20076.5857609947	1690.21464162641	2007.10228167489	3958.46543244238	14479.6266030705	12840.9053065485	2940.37428653537	1720.2633937737	1548.0764823714	1772.04872143385	1049.12293071199
302.315	-22.9081034570002	-7.78525321813488	14.0731276564429	5.38063290693758	-4.99979233467402	3.62057453908932	-7.67191719113996	-1.72836509830377	-1.7095686271457	0	-1.91142587647706	-5.29049610553253	-7.53296505223598	0.772914592535295	-2.63198103139182	-5.59535970467735	11.4526083150519	6.22616771727596	-9.54631738895765	16.3547841887915	14.7162190330107	0	1.33402725128301	5.18055499571612	5.32397082209016	1.59301356338523	20.4471761479892	32.9348729509454	35.6762687889119	48.8998627022374	56.5010879921795	115.398545563687	333.971840718581	655.249263061537	907.689211316742	930.458356510007	908.780484237494	849.538592675485	1437.04536723826	24021.42183382	37301.2016055864	24652.3159763179	1404.12642779812	1468.52232789955	2427.51965785134	10272.9378408263	14601.9907956158	4302.13661954399	2053.14921586644	1673.59418066941	1408.42639642184	892.820164651375	572.179476881099
306.837	4.35134624748021	-6.79320320629161	-3.94708944845903	10.7314194277365	-8.19116316285506	21.6631972225356	-2.71474291277789	11.2032145889924	5.60157487579394	11.7006475733548	2.22381195641803	-7.16004537380053	5.53521121475425	7.70770912806533	4.1244990729388	0.74397879553695	0.787644447551491	-2.06963314406661	5.43990895086548	7.19533419327942	-10.4148025395505	10.6665789272283	10.1991761567389	13.7764979173865	17.561215815381	34.1547997667185	27.0565797196447	42.6183875675034	39.0959567102837	65.0189851507154	107.322632654774	297.286092791989	596.60960381822	886.432518854045	908.879765672124	910.912313348231	839.98195225043	1237.28715794171	18046.1283411367	34654.1627090114	30063.3810944341	1453.63352912473	1032.91141318515	1525.94641351863	6435.23454084199	14183.3704175513	5868.10562927072	2382.13019925905	1982.52494722709	1799.19739400969	1597.58130919674	1303.39007818385	2533.43086109625
311.362	-4.3458475975701	-15.992315893399	14.4543726956568	-15.2523370875025	-6.04668732663567	-6.5563097481133	-4.68317593506764	-1.29104509194215	-1.70267280339539	-3.99029429315592	-9.83586511445888	-7.15099746526559	-5.92308916553602	-10.7771568173681	-1.49792257533597	-2.22911596366273	-5.50654389427016	11.1618962186449	9.96056365494158	3.83266223544007	5.67362274755343	-3.99491247381461	-11.0720519574396	2.14985765942098	16.3153714395974	29.74852281535	17.2316684943714	33.9735256565872	45.6844663836397	76.9192127757677	241.553589229451	530.607658014601	830.398753673425	889.269951571577	872.343716747148	838.509628701093	1067.38267950883	13441.6070828006	32347.1508259114	33471.055648766	1737.31376221343	884.678542113599	1010.27729165562	3736.75159084474	12109.7716133984	7379.9089886762	2467.95228477436	2502.55691011578	1794.12265132669	1527.68774988261	1769.0979978525	1925.11292869863	1322.10187462871
315.89	7.0548737220005	-6.2936437943648	4.37569150391423	3.70628291250322	2.84262757454584	5.8947224285489	2.4623413572965	-1.50469884524727	6.31782939495384	1.42366655539955	3.80358830690302	-0.375988368764787	-6.70605822550496	-3.84509928240114	5.9856420864758	12.990050608534	5.50098540259619	12.389587803371	5.87984630117022	-1.43579753120028	-1.88929853361109	7.98175974805929	5.7516552359058	10.3089000978116	10.5942863986534	42.398384274188	25.8214113979592	24.1865788631748	74.5036327277262	207.742530357892	489.885576140724	797.213046282869	836.531617897801	853.580676143746	814.735825660104	940.526514659061	9383.21046940507	30630.2287774335	32334.0637154666	2134.12957705008	830.589456775849	797.906431831891	1975.90029509408	9408.94109895819	8453.98543338219	2406.27280678508	2000.75225184426	1733.12942153746	1677.86279001502	1571.47670910813	1671.00091836623	1291.27105379518	956.417700198695
320.422	0	-5.33391523042758	2.19134782608779	11.136646624994	-3.91486941281999	17.712474246829	-7.15222016412981	5.16722540373634	-4.62426553712414	11.4075632926423	2.53978446155962	-0.376590211531128	-5.5314762427852	12.3240131656179	11.6157450950425	-5.94781427191669	21.6456067275149	2.48188395134842	-9.5134169998308	3.83492214766776	-11.8270170290685	10.6593814831285	13.7374398740564	2.58135037610484	17.549366105177	36.5130383832829	39.1859751613631	67.5963854378804	178.547962733637	438.582009742384	739.643447005699	833.756064546554	825.069848421681	780.500479046318	850.624912564137	6666.38711919603	28870.3620977345	30663.6256935804	2854.90291987589	737.541583779227	705.386879835959	1098.31582535938	6433.7335583038	8943.8293396742	2739.208332358	1798.04776665296	1840.90705979075	1747.74703054292	1650.2683830634	1356.05478769444	1350.51640003139	1623.55193878751	1322.88144611433
324.958	-8.41316519385138	-6.00429909872112	-3.61791990301767	-24.6857494408204	-2.57069340094999	-6.09236093824661	-0.25448988453075	-5.10977349009355	-0.502281065646484	-4.41419792857292	5.2414869078864	1.55437809251455	-13.4540985189869	-21.8570986601164	-14.692531266735	-9.97328918094029	-5.68542268018071	4.26832881384802	-21.0357209195406	4.45181103962625	12.6921796100584	2.29149237102304	6.85903497986839	3.55151244939702	5.89588035794528	44.229451098873	40.4350800018123	156.839200471459	351.143393546809	696.403328054427	818.555039966205	836.99537038133	757.307061543053	808.240269487952	4572.65850720974	28114.3948427051	29746.5039058926	3995.96540953909	669.427504834012	626.044772750496	717.499996798805	3985.51906628204	9113.32565217317	3288.25398155506	1445.99028756302	1623.74103665767	1708.33537524605	1501.42744607397	1377.02826012112	1233.74090990951	1508.03738287286	1154.72986656994	1176.76727905393
329.496	-18.260437657938	-4.07252825057224	-10.1224278106002	-5.62930425138095	-6.72539496459117	-1.37741928051612	0.258918791484862	-6.32885128466255	-2.81062265828335	-16.4670680285694	1.66647028313626	-1.18607179014158	-9.95508452805877	-4.85181369214391	0.786748763884237	6.24421852092205	9.91605690270948	0.434261086714434	-8.08512715764998	-7.04555638601471	-7.94650005170346	5.12901705421941	11.630672151695	35.6815319643807	40.2755543321866	39.9992707771291	132.055467096325	328.982224789076	641.089068455667	826.677708320366	802.641057648506	781.134778648057	753.38271064283	3351.58345548376	27086.971421192	28599.5643817397	5507.67115206013	712.374154129985	632.351860316609	629.985120346635	2200.51264149552	8171.08396851052	4494.43801847971	1233.58650420557	1325.85571126913	1501.37567654481	1498.13067562057	1429.8643102966	1269.2949249945	1306.05581964367	1144.38185904013	1309.64178499079	239.449330030056
334.038	13.7831917342723	17.9316195028935	21.3008625976994	1.30740450232492	-1.88015063396973	9.70379358058725	12.2472555831107	0.909922077738933	6.685910485693	-2.41057655870957	18.1133459129369	8.75366162041039	-0.834912681791755	10.1727935354149	8.31386025210949	-9.42641821809228	18.2960693139604	18.7930263316269	9.57293876198304	14.1815154506409	21.9930740377705	33.3178645693686	22.0059445864523	48.1836414113664	60.8009181338882	119.929003682418	308.036117371453	592.003900527212	826.832796533908	826.669068331793	763.677660513277	749.289280115117	2329.56773219344	26183.4635528052	27223.7736758513	7119.28688216467	699.800870749061	591.517881818435	575.383267024704	1292.55149934582	6374.63657365424	5850.38883845069	1301.06091926078	1093.45561862394	1298.8194835597	1448.6604618715	1438.53905020123	1303.17825907581	1325.42781756822	1260.06657220725	1498.26007850277	1909.2253526045	2409.85536657357
338.584	22.3454575367051	-5.11137281900343	-5.08180660170068	15.2174840250695	22.509195863278	20.7453543478169	15.8583079391585	17.7021045997073	12.5709870345358	17.4359262848534	13.3860055628337	10.7180783294468	26.238421247771	19.8921804515416	22.5135701443084	24.6866466256467	24.8910065716935	14.3889232216667	5.25283862580402	31.8340027338588	52.3610862404921	33.7083422603281	55.5872522900944	59.8623515008639	98.5173215282364	260.634755378108	555.567814740966	804.384602551875	805.13664912541	761.550601748148	711.426730861599	1670.45335024098	25341.4175283296	26090.682758251	9300.23281592314	683.232517438308	600.716251734416	572.63005199132	793.112309119374	4478.46564906336	6734.9756834676	1774.84183635965	920.841788109863	1104.72566356612	1240.06873149284	1447.72163428312	1492.47439309965	1426.76475772802	1263.05988179171	1442.18771620368	1255.80705717698	2310.86702892108	2812.95593191382
343.133	-6.29678323603429	11.7453728751553	-10.15428952855	18.6786153718918	3.74809114430018	-1.38175489499869	4.93494169817248	4.53483728904169	1.53789244106179	-0.901030928963431	-2.34040201493536	13.4844579402995	3.744907316352	6.48944724729911	2.36767548779457	-18.400127077871	7.46045178012379	8.71255965068655	12.8815033681624	24.232228226648	4.98219546322271	28.5322583002125	36.4019175742396	67.5099091300899	241.554338714753	464.783264583474	688.354654928388	740.276703484976	756.669061167526	673.280692983015	1235.18177469154	20231.3266299616	25547.3476887032	11128.9855836841	629.593079433172	530.610370504457	536.225063702549	586.510260228238	2689.43744843265	6684.21073024399	2638.96381154472	790.949292590872	914.75276342271	1064.87951301674	1218.68717121528	1233.1510341155	1231.33593758422	1224.11025691287	1261.90120333555	1224.09745558364	1163.22268163787	1304.10403073275	1561.31969081331
347.685	-9.77147969131935	22.5619692774532	-7.41535929125642	1.74470324713697	1.1290593000576	2.77489376954071	8.86732643793501	5.00886986659815	13.6406773326042	0.904742628375657	12.0859356743145	9.95588654826847	-0.417814895201012	7.73796353983374	3.16990516101705	4.71725729624919	11.6529533616909	24.495660272693	6.70681268827794	21.2905439850976	24.5133234837443	25.8317813409156	64.6686954382663	194.719918169833	419.929825607689	681.58037019054	725.998399904378	704.89965853376	682.113547542364	1020.42058612047	15861.4408384829	25362.728870981	13612.4391479773	653.672712196576	520.291329817868	554.861922474801	526.760619303376	1565.82078371744	5819.85256462613	3728.03405105445	835.341955916817	742.6179741364	904.980138494627	1058.86811867585	1178.98721638478	1210.08925576337	1302.72339783069	1102.1224942364	1157.31467727362	1133.11343067221	1438.34094040285	1328.87579278153	1254.20110266465
352.24	-27.3876651584967	-6.23808534719927	-15.0351558197107	-9.72814416823638	-19.4585920430913	7.03286222715175	14.541935311349	-3.69302960944148	-7.82757180547268	5.50328548897235	4.76487544549767	-6.86332541648339	-5.08289225625283	10.3218804818914	1.60680070100559	14.7453736510835	-5.0629654325168	6.20833149549644	-0.971323456213484	29.2926095344718	0	47.1381571783556	161.049896873532	379.587745916079	632.233447151365	684.593596437458	690.21574865714	665.188160446153	845.233113716839	12896.8784434908	25732.4908012881	16395.1296777704	745.624480042471	494.147010222856	508.042151360841	498.663027165098	909.760240260571	4498.78273758659	4747.92599604379	1076.53807499818	663.667052253687	770.058927905655	906.015443359159	1043.59705862003	1116.93044334018	1117.61351137683	1147.37902855127	1064.71407368048	950.67164362457	1281.77843338718	1365.09350404913	1189.85744583515	684.648412064
356.799	23.5684061048766	30.4867500215581	9.5016935768813	13.8606016123696	8.48744528624881	1.77780935966661	6.95097836516116	6.7682107725452	7.65097659384808	16.07555410051	19.2719035659701	21.2276580506751	8.56589454428798	4.17476359123807	-0.812353557656282	2.01482407850049	22.6106296067662	24.2132837910468	31.4287367107551	43.649127080338	65.6409556315946	165.137077921401	356.913221715736	604.408300590788	680.865471197342	664.688771081718	627.394729672214	791.195765805866	9884.40780802288	26314.7254010529	19082.311144332	907.947836040593	474.309734683318	518.111857618464	524.861617441915	667.267103782547	3025.44473525569	5304.59949834514	1663.63443917203	661.259681246862	705.673753575315	812.736541449715	952.355704052711	1074.76829356778	1185.63818564499	1146.37344723751	1140.52736325181	1193.95773092408	1134.76286449815	1368.24852718317	1385.53473211316	1650.5577355157	3387.21848649797
361.361	-8.89970557414163	-2.6464719741049	19.6141295906066	18.9096650539003	-1.55391928603681	18.2599472571111	0.269207247419346	-3.05515598025013	-5.84461239782314	0	4.15845485997933	-2.4664036166291	0.431277584543065	-1.26115161588216	10.6341454900812	12.1731378881055	27.063969431874	-9.93337364660285	24.7247047283232	54.9414016168765	135.294572729816	321.423897258357	594.48358096802	660.744679333706	642.394937212912	610.400681917661	722.871719049001	7655.28737973557	26767.4513651715	21104.8437452959	1194.10416706453	421.778217793509	456.86568741126	516.965546239419	549.190299168778	1849.66234258105	5031.16861956769	2463.60490650262	766.120810086707	669.480578973429	722.851068344045	791.770917953082	906.185783268632	1039.32114328174	1111.01528750901	1137.93871207012	1089.14559315442	1063.7623263438	1114.33535709994	1215.88055127939	1274.09281834618	1341.65727313883	1817.43824404587
365.926	19.6391347781511	20.1745994998086	-1.91941641881181	11.7417255322879	10.9106475627589	5.38697093341979	4.8605261398316	6.36469842142038	5.32950728652683	5.30822983079888	1.73798002368586	-7.00948079289019	-9.9496717462238	3.37333959123958	17.640940529354	11.8032964538367	3.44718794469141	1.35868686302657	40.6723243575308	102.345576662369	261.055983036048	498.925872499639	622.49901466552	628.375779956875	598.777783134231	627.473285744639	6129.70543376023	26824.1930142805	23507.4710363151	1528.24344615166	439.510569853033	449.927388801305	489.689097567903	515.075498469356	1145.01031346833	4209.90686165294	3404.80918024055	905.010200034045	691.105870945979	730.759139059082	789.148146252309	804.027970772524	929.203554776668	1019.16850934942	1060.73924566059	1093.27371665907	1065.00677225407	1055.89566835355	1068.00794719139	1113.54148403093	1209.33108040289	1707.29961668943	1748.07021488436
370.495	-20.0699108580744	-6.84577771729599	-27.1295247287188	-26.8762048456226	-11.595029730127	-11.7550756621706	-16.3379938706769	-6.5468171778377	-5.02190833646617	-6.81367780591219	-14.1356814118771	-14.3140684209834	-20.1667953287332	-11.292548290057	3.25537769201321	-14.533356731186	-7.26577613048826	-11.2304264008319	57.0691290862158	178.561037977873	430.018052918931	571.564347334439	551.992968621962	519.081776680442	577.071969697098	4713.08150979235	26701.9341767179	24697.6834248632	1998.41473478138	354.911837426613	373.1286528359	463.341207250366	476.022725916217	767.627963604677	3075.36005527057	4001.98032776631	1233.77768314263	718.339743794565	709.57432897906	760.195551594699	783.380544518661	844.901086398611	915.475834858402	945.93009993418	996.803588112688	1012.7710282761	944.364498452507	931.562993332725	977.1233438806	1157.09203164911	1215.22258670801	976.213957943338	99.0783898406036
375.067	-18.2359920895019	9.97089669997006	-3.79453437702803	-7.14229607919854	-18.1029621983567	-7.09974351043146	-14.6802265594327	-12.3494957875987	4.21440567312979	-14.8149887103957	-13.7433959235306	-12.2269313550021	5.13122966794821	-4.16801590020265	4.46072300621314	3.62082151508352	11.9259311351179	64.016724572669	160.811933727046	349.666199404692	505.33520822373	525.854115609651	524.193298565199	522.415140699672	3933.71472133792	26935.44400581	26065.4086969554	2602.75098535961	359.828410976354	365.408961670542	443.558707781157	457.181376494726	593.60811276291	2161.238570698	4340.9331493554	1838.13477907021	781.521237563157	754.460277490213	788.056130385014	829.868902997807	863.869009043959	884.367608013748	953.895974128683	1031.35141828343	1036.01664802442	1024.30833323853	1108.520110699	1116.9539754152	1074.40969509539	1330.00247062634	1268.45567686917	1568.4735486749	1481.05563876328
379.641	-6.80015013832574	-14.1549454952213	1.82767112332892	0.860037556731835	-4.45248624794088	-8.5491360123219	15.4273336813745	3.3669306402829	5.83597933452285	6.24379932345912	5.62668421592971	-12.5636477559578	26.3626907812188	11.2423461364761	5.07838330457399	10.0764489702548	48.8259589199072	127.649370467547	304.15842595364	494.264708760159	501.101459058247	513.973216478677	488.794740690973	3202.51125110544	25942.1472080703	25946.1495018582	3079.52360840703	327.921579193524	346.22176871899	403.212980389353	453.64404825768	507.951258924458	1358.81161271061	3934.79186739566	2574.17800658326	908.241228809175	788.81759333924	820.497950200732	841.40744623227	869.067975094548	911.699787874225	924.203600706236	957.470728816702	1080.65491995465	1003.02331321585	1085.64907282337	1032.98827537255	1028.35615561472	1199.60542045172	1243.34653982773	1297.35336591613	1692.63350186867	2734.56038533412
384.219	24.1816235252027	15.0505083601585	2.72062731310382	0	15.0968014021473	10.1808307377307	4.84811561601993	-2.22752535103446	11.0794532766684	0.295059353240332	26.6053137077742	17.1434487861155	17.5775346117869	13.5474508077909	29.4628979704206	35.3835769363096	96.9081988040495	248.646782133468	407.299151759888	473.141922200727	465.96001678638	477.433403986945	2606.91851494365	24165.2915164528	26516.0216894387	3836.3920785768	336.094712253716	297.126371924141	393.303697937083	441.756880553622	472.777798687842	902.668926857214	3229.48832052387	3300.52097923174	1250.66305941328	843.754445070927	831.348917291022	893.601656550593	927.836249134154	926.418872524781	959.812425411436	964.318144578795	1035.55484652878	1028.34077133217	1088.85691524893	1074.98656748414	1120.27992800201	1232.33107774945	1324.7326443192	1478.14728969864	1497.06127409123	1793.62320858052	2784.52697530123
388.801	15.7650432130713	48.0115002482368	8.7665349123754	14.4382772687183	11.3901968878954	8.5293410067786	15.5396089018593	10.5511282769477	22.1506876902913	21.9624243705292	16.8282673313068	16.9487705122011	19.757849737687	21.1846612001911	28.8557762908683	76.2163128947094	197.984739850487	336.752852662873	400.521802395121	432.443885122511	427.247590198222	1865.63513453332	21623.3354431742	27031.9857023697	4411.58826280168	347.316053408975	275.121435649132	339.979930854996	395.044948498974	447.535793792158	634.391171726676	2258.91110709159	3642.49717541697	1451.104446065	861.030373164417	863.460851000252	881.845922393225	920.497833466598	926.31405515772	957.383205197072	985.186810681209	1006.01136334521	1043.02122477337	1062.09025302938	1034.30621302504	1113.22241046386	1092.7020714532	1128.65378774966	1319.52169284237	1501.54225059685	1630.47892424705	2192.5397680547	2623.29680455492
393.385	-7.80267393316548	0.928100720419301	-5.87193228362237	15.7892810928014	-10.5583967806073	-6.90589296231646	1.41613878429507	-2.26647294921816	-2.09625138634861	5.73144171632254	-6.68407394205081	2.52277638727675	3.78115695945066	-1.8428240419557	41.9549232348925	152.262471509992	249.707905819499	302.04138167555	355.936139555412	344.064225075642	1524.36868940514	18476.6015639738	26631.4429065268	5111.15601226912	285.901049425964	228.648484672972	294.757520662614	339.901392405067	417.641418487413	510.403583490501	1442.43604603674	3436.30698377725	1929.24611012893	845.469236557978	810.501386908987	864.49797933568	863.183686103064	926.150103472399	937.19921894662	949.379435973671	948.924558350913	954.026366272015	1006.21002908743	973.941898598193	1018.2150568228	1031.99552185761	997.567595745698	1039.50113867743	1243.98803499626	1404.92341568565	1629.40192999697	1975.09108307767	1855.34016931669
397.972	0.503527029211967	-4.94115398280418	2.84198402095733	-1.91048203558571	1.64845417191392	-3.95012740297551	-3.4270182301402	-6.78121260794178	-0.225461006934018	-6.60473174517108	4.70553638952133	15.3498445890167	11.7123831983825	42.8120180768291	90.5958210522696	205.586231580094	251.922756885249	284.325888177495	311.808773776731	1001.37187592456	16303.1718553874	25815.1851566062	5923.28491400842	291.735356710475	206.805737609705	263.242161066696	320.533659039814	375.351716040535	436.122029907483	948.003361773078	2900.7491940922	2424.3310636341	913.801497673212	778.420398414843	840.242329800674	857.362905735975	885.830660906173	932.707533766345	955.449060674077	976.266215878941	966.201691548149	930.623151450546	1010.9045613395	1017.91337368554	1000.75736305332	1015.03839042285	1096.02135143391	1076.75591772057	1254.25734600471	1477.71988134258	1702.3509034837	1597.47124086521	2176.26829616321
402.562	-1.45233188948015	-4.75061918806974	6.63581612644871	6.24516196099638	-1.26791078310877	2.92139028830449	5.27179152679777	1.91756579451234	3.90180694828286	10.6680807741188	6.22061989315082	9.39141793865309	32.7265386000456	70.3169695261344	171.868670460627	205.27365476014	236.249598908124	277.046182444096	678.24884273916	12320.7431258077	26404.516977573	6878.19531879158	322.455862024265	214.579309160616	222.458246612824	260.514405615379	332.255146294027	386.281988607114	634.698748976463	2173.21350582355	2832.90225317582	1107.21204701309	772.501150574799	800.601714964645	829.843972499102	849.081718514544	902.05987251752	931.984715103493	958.565560640748	920.920074585326	959.487708790942	991.929531281371	975.091221832393	1002.7452319203	967.30349457255	957.348439427334	1040.10497441674	1065.37321647525	1265.6088995599	1350.64450938713	1615.22781667053	1846.31359952392	2315.8044937856
407.156	14.4025072651482	10.2787665995973	-11.9999474863705	-2.55014605119475	-7.85852324697468	-5.50446876483094	-0.217830764427375	2.28193752297893	6.87884431643568	10.5793387838802	11.7769411256321	24.2810926620847	77.4715649540636	157.832521419187	181.691270712403	225.892698216817	228.027513842572	500.526558132301	9674.17525600247	25822.2698959626	7663.63060346595	343.245739458255	187.871839153535	232.553814451706	249.805819676204	299.36040364716	369.293290289313	478.318236827223	1522.13122652094	2918.60510093503	1509.54493319755	760.102968556537	773.955153070896	835.562687603505	884.397874266494	881.566283615363	944.930765634283	975.578263032431	941.026642093928	979.571923518754	964.562043598541	963.834553779593	997.139184894454	1041.44633580443	1030.56462183051	1017.85493733816	1027.7603518921	1095.36425566677	1390.71378450212	1371.4908868746	1963.89875667283	1928.17397165511	2981.4737218707
411.752	17.4703271717839	16.0064795988224	6.09144181516913	13.2571815537821	0	-3.41920801336557	14.7825981827826	7.10703683237262	6.34262774245232	18.0848354037942	35.8516404058661	56.9215975472729	141.063171011077	181.326077318121	190.41451452939	194.075490573112	340.848225264655	7263.78148097867	23631.771966366	8987.46433873069	399.858984165597	206.411243472976	200.558299518388	236.569210856368	280.43245025424	333.039754213848	408.13951735616	1016.89938379993	2662.84450906326	1931.47402506384	810.210580441103	758.897067060609	796.917155655948	864.101958264114	891.996262107416	916.506037646428	960.921311721735	939.978130194559	976.586151672537	958.63140427033	997.972419574221	981.963606606914	1013.4566351744	978.726317445967	1001.05558228813	1069.42576495666	1108.87686807441	1184.60100791783	1382.82320966203	1606.5684620096	1939.91020069088	2430.25342703892	1941.68069234631
416.352	-6.97083663062255	-25.2892759461412	-21.3584289668946	-23.9801957539976	3.04283029081582	-7.01097820049494	2.31946967065023	1.84076903892816	1.04042865277254	9.26551638564834	32.5717623164519	103.675952793729	171.604970984818	155.745838816719	150.569279818543	281.912395496228	5303.27294008974	20396.5117232653	9504.06804460259	488.535307185472	170.68713960647	161.005145683978	223.536917835756	256.010679454885	315.089452009518	356.628460207447	663.359549089411	2103.93909133798	2290.47726118305	926.198351490597	691.97877447586	742.336965099256	801.922980531469	852.163446659141	884.965194169239	896.472948204903	903.29180759522	957.728485952994	955.0076527079	909.053560784931	933.193632204432	957.691866663862	980.43925498804	980.801080049377	950.750799092531	984.297602590989	1067.55483385321	1184.71882464435	1259.30314881916	1464.76781802737	1752.60439814139	1701.78930587149	1969.55195534438
420.954	6.37456838206436	-8.93631242993751	8.07692839787279	15.5483900917404	-2.98130792076562	2.47292087423803	0.413195051388168	2.88568144342234	10.8055598251287	39.4184078794933	75.2619643800093	129.971605179391	135.037819913411	162.597906947735	227.878965337377	4370.1981342943	17887.6420013036	9922.2381572297	586.690380442778	172.670147296737	166.839756903361	199.791629177626	248.343311371248	283.990729369078	302.906741753339	502.682974899254	1580.22520231117	2436.82483252991	1174.61190041887	702.391545942353	723.229764008582	790.587661767837	820.802767030068	853.178205852286	902.941599752323	893.641948507687	920.475702313932	924.041317799195	943.474434382363	951.254193237693	929.184607861126	968.441036047939	974.917926517793	959.59764649436	1061.95775004605	1048.72038608635	1145.19723842852	1165.01712171674	1500.17739511032	1523.89812064726	1785.85559816303	2151.45957701646	1853.30503300769
425.56	30.8225070735923	29.0907317040722	34.9374664252376	25.0842289235384	7.89708331066588	17.252173085008	9.72887167076138	19.1094541157766	30.2026097692482	87.8906191915311	113.494415471197	144.53208530176	151.313366270957	218.388430255173	2973.76038149234	15851.6450138449	9934.26988727596	741.079968939131	167.163686598393	180.824640775181	211.889812360873	226.303261801833	284.792943625371	333.769049134525	415.568523746079	1070.15020094944	2302.90380604894	1501.19581970228	730.463400561159	716.423843218819	754.2326253783	810.898781489166	841.280799969302	862.729479313432	922.38449261856	919.23149572905	926.479068668609	939.462462988167	943.406325784934	958.645219985436	953.862101997359	963.288477823179	973.408459536395	1012.80528884846	1074.23048565128	1108.73337687377	1181.91733805907	1359.86396897882	1510.8707993486	1736.33294524188	2156.34919704549	2434.85892421453	3224.0349369956
430.168	-10.5172620153353	-1.56373932463419	6.00677240107537	2.99284432286963	4.01701610451017	9.78448875345928	8.94759530439781	19.2672656839496	52.3903581256331	88.0607970553873	110.571083164762	132.678760852905	183.160492579711	2145.82356631365	13653.8629485393	9795.43123488628	853.830598065392	165.076921682431	154.492908201726	184.346920093958	205.195783074155	249.935029379363	308.322947317058	346.853953376064	753.164277873139	1936.46658800047	1783.70272175098	790.052305984916	674.697510868188	718.0962173868	764.613079497728	811.568923430157	847.507323516014	861.3495622643	876.319851373659	882.847840798663	907.770982135844	896.807408040711	894.306971042176	919.520281915297	927.165967104656	952.23907142996	946.318660996607	1012.72810092521	1022.05894134374	1070.88550667433	1215.64634515917	1343.58585874369	1471.71403061776	1879.06104775517	1983.18372397817	2159.36826273358	3070.86231785577
434.779	-21.8573254295026	-11.3093573412453	-5.99206807824265	-17.9131078051231	-17.4598671312601	-2.37418461291891	20.0332197603517	42.9422059387502	70.4657646226353	86.4690625259538	99.8320839293258	135.382663841555	1665.69904589106	12446.3452861396	10519.8438128037	985.994680462388	133.252594745674	118.7640341165	135.897846625941	164.233847987586	222.956087193147	251.823575001528	321.467559288618	525.235392175623	1522.00675160981	1948.32397996999	922.128585690019	639.79618888392	672.417452591008	725.980766515739	755.656100654552	792.009431686511	833.889854149933	850.642235627244	859.605080096972	852.018025907792	861.898977974821	876.146200110553	874.283685689694	875.978895862484	911.581601750803	922.030295081417	940.569378288775	952.256871709557	971.632395497278	1068.2640245945	1152.14904673605	1261.37578692705	1424.62462716352	1599.37792137838	1745.58438948	1777.85553192821	1155.63313533018
439.393	9.55323149482488	25.9546596524825	8.05297332201659	19.7710182487052	32.9814462295148	38.2582798110608	49.45426021891	73.1008128896901	91.5792709786301	104.803995252628	133.153715565132	1197.7007360526	11455.7359795304	11634.6518286434	1291.07641803769	147.004194359599	144.313470554521	140.7754521385	193.985442509377	209.862206472189	266.447372444721	321.111939805604	436.510101877334	1150.71630604119	2000.29779836172	1161.40629697094	652.715355064051	682.985996956202	729.743637781753	752.356774188483	807.544831205491	817.670100542031	839.497375863375	870.290517254924	891.053739470857	884.898144392604	885.560208993492	898.806622051305	888.241645236905	913.812124245514	924.410502361084	934.869544286005	966.136635050871	1016.61925425169	1076.50320975706	1173.92686871586	1322.61242305836	1392.20307124357	1650.13898314524	2004.66064409416	2061.49708236764	2396.22604516111	2368.77273437188
444.01	-8.58664966305964	-4.59608348745688	2.42321858810297	-11.077017223798	14.6177717820489	40.6760116604252	63.8954538515837	64.4523287602785	78.8181539850685	95.9612140046995	747.518748476362	9075.96770680947	12168.3201690298	1684.94907370264	123.120947355349	101.006447626904	122.788419283693	145.71971657284	174.618518616638	226.801867358019	278.757961332342	342.742978096408	819.755313343899	1818.37686081136	1370.36835824233	649.535864919908	623.675879426244	658.605001385785	708.847697584815	742.635928390618	778.151830007529	819.636403751226	818.677621409832	852.014315220485	825.702729741426	822.710048626125	846.492471447289	833.474282810935	827.291239603108	876.018401397948	881.743288374867	913.154331121448	912.518717430213	970.185177674504	993.740727626178	1136.90409195219	1208.6056620402	1443.29546046543	1617.83139555306	1762.05698332561	1798.19617064361	1593.92851400407	1243.06907231986
448.63	0.842855186163473	5.2633702099904	9.17460837912769	16.9491921411131	31.4566090154565	81.6343544176912	83.3703883114111	80.1253354156469	90.9533416784404	538.41149010423	7459.88756805853	11681.2003263244	2101.45255709592	132.875418223828	116.786835401976	125.086258890319	144.938292939402	170.6177894585	206.175852153463	257.933940800095	305.902990252125	539.944696897101	1491.47629364468	1606.44049403912	728.418145686346	590.189131231799	622.826350124222	674.349420669143	731.540361194993	752.351650899383	778.079350417195	796.817780973003	814.130341341793	808.695038265963	810.8190719712	800.484305643651	806.657170997177	804.492842817246	823.654246604618	824.791594331909	861.382753635136	852.046801128603	923.846435100085	983.452023413158	1022.3904252703	1152.75176636647	1245.77844174574	1379.99162089232	1591.39764825575	1767.16319072359	1869.79628955847	1863.27376792216	2422.67945936563
453.253	-28.745263725977	-3.34481907171312	4.70268669431931	2.8451808820912	40.3703958082361	70.8942932743595	101.695526638147	80.0321715122283	380.909319489104	5777.05837643731	10927.889561705	2664.08100317303	118.101202615285	96.2268950259146	105.684158811158	120.803625912598	152.326389869741	168.979541199322	205.896341255208	263.428293004271	403.196448380143	1114.83030293625	1671.71568527178	869.19618134338	553.659736965886	558.482437397386	607.88001320159	660.931423983254	694.410285535902	735.42979408473	745.38309379089	759.187329199398	773.880835457065	776.664639506793	792.691338817859	762.656962192541	739.951195046227	767.191654122281	770.342395318298	797.145592311892	814.351139086319	816.698987148616	852.738681451072	933.244137162287	970.89510506604	1066.82340483099	1264.61242701912	1340.83546151127	1549.95235875537	1677.31340119733	1626.56418253764	1827.86015311421	1346.04740209789
457.878	3.71327681637306	1.10420316096497	12.97418920731	41.6405659289714	65.3753862759433	60.5014875404775	112.135727855661	308.711231345373	4738.23913705045	10224.317883426	2576.0772791864	148.072051805282	103.16817912509	111.37852395004	123.438153283243	156.040327964858	169.380901558813	217.903395617926	234.861726756188	332.209195494478	801.500339869091	1609.4499855465	1077.73236531361	546.017153739842	539.963834445214	566.359647431708	627.309039467109	670.582537707203	702.254780500906	733.925664230067	743.729464531162	749.257821269498	745.228883367747	758.064115713301	751.617993729522	728.254856773792	743.299616447913	744.600339200388	772.318887181779	797.012023609872	796.186586188121	815.168670165864	855.866625509905	944.78250936284	1008.96637082149	1134.71561492693	1228.10520631308	1395.98934213332	1554.7276682448	1808.20748167942	1848.87485632445	2026.09692013074	2181.41243284247
462.506	9.41056255748016	28.4705113463077	50.475424989936	58.0603329829139	70.4575575143973	88.6394721308928	376.122711526543	4136.26266345061	9696.10412485138	3023.47340354185	175.169338526656	107.153921087921	107.366169284295	124.657344561611	156.258044267076	169.573225339428	201.744371233624	236.641578268323	279.285495202311	586.002987666647	1382.05745104736	1326.93333018353	602.099903393599	523.340449966969	543.460584958906	582.561792923245	630.645934301525	671.770163108667	718.765364160131	722.58139707641	729.182454158382	737.543830615502	742.242833762077	751.461328324124	725.531770991228	706.818228145255	721.191252768257	722.595095163125	736.005122245554	750.905778643534	753.513664682846	779.880394375087	882.484255001994	916.570369771633	1033.13161583666	1177.53586225686	1245.16528770243	1375.4640611327	1636.226203941	1825.06769966613	1924.26526819393	1967.81841662826	2867.19112342818
467.137	1.61575815292838	42.1614114139719	44.946538890488	44.4461893960806	75.3781214652609	267.647793405088	6710.48712684545	9695.24548395683	3195.59997578095	187.353157123858	98.8545703672886	96.5526010228352	110.989187149687	138.237274035135	154.823195121793	191.446092113953	203.267400805338	253.606291903536	381.437163155458	1002.45875484891	1389.40227134388	696.432570673047	482.455865351149	486.935530382144	540.779446338223	583.099502373893	599.60170706583	653.044357092888	682.601413663945	682.329783490557	697.969525625993	683.417110204193	698.765890407719	691.266358142701	692.417745869284	690.37829125109	672.689872558808	694.506059529181	700.179942662617	705.231634628578	720.620540517006	757.059500081848	818.369300303793	861.043372402222	972.821514664698	1090.29826041994	1230.32922816035	1354.15946570085	1509.28580923133	1660.0892578317	1648.82862255813	1997.2682387368	2627.2444610931
471.771	6.01305905714981	28.2516759486987	32.6457302261073	54.1469973241393	152.235623086134	4588.01594859374	11445.5509626062	3599.34163109009	181.469657583406	71.721766128835	75.3922053310064	91.6529964402108	107.232031852555	134.346704181278	173.54364847712	196.297215446446	225.813744193016	287.98237920802	709.969797281115	1300.64882619715	823.400103243607	463.490571585267	436.957520824148	475.938312343663	510.484461334504	542.959905978808	584.931308610649	633.674601781005	638.80468545694	645.199556281369	646.338254316957	666.633671602801	660.557853187432	641.039476313515	649.504651972248	632.553896480999	622.46324064793	639.509900290038	640.093003212506	658.345352423862	698.1391075398	717.221938354684	767.032191225459	811.595213418339	912.268021960377	1005.21555789984	1157.26051844882	1292.71178332443	1405.30195487358	1549.25317022529	1764.36002023244	1697.97128882198	2237.2178381465
476.407	24.7427283236549	25.9891258329622	57.9200870113753	158.988373410419	2758.02513675438	11041.3265640025	3881.34057391964	208.816287432255	74.8718516890133	64.490983457054	85.077579764825	106.173379067592	129.959016889296	145.621262471044	180.469828679365	206.3358061295	254.853760848042	473.165489055349	1116.5648902324	1039.31070200988	481.755922157264	416.741744038927	439.881998945635	478.546040176929	515.091333351119	549.854057364614	584.614725080494	593.54445044065	619.021205954236	649.126549627313	631.352454214365	632.690682945596	639.373981758711	631.773875689989	613.950124372007	621.104924825442	624.742507109745	615.84425846205	622.840081941774	653.371938954172	675.913209456933	712.597690461203	764.121168966064	837.441321869694	896.89404846687	1010.06065113046	1128.54776652554	1222.33075001996	1386.30781840368	1531.20673906405	1841.45267593764	1690.37098422181	8808.3398690899
481.047	18.670528027724	60.5993223453996	113.386880740875	2892.3702598836	9402.40849901158	4727.03254172243	223.322466747649	67.6601340088752	64.7453794122164	57.317049030091	70.5340289189019	104.585350736419	122.721365493686	147.204842600383	178.82028943695	212.452772091039	318.399903973855	810.183226325174	1101.50956504343	554.581927388401	384.466260711586	410.285407245998	406.772873396863	464.402378031937	473.356274635904	525.867321303747	549.284690647818	576.257731848496	595.337160177437	592.726606347656	591.224315396471	594.768516987212	578.041055509242	580.255358471756	584.653850687815	558.526589488596	585.908178644233	571.603368069207	599.630446267498	603.573105703042	624.414549558417	669.451991653228	689.90878273919	786.888796443007	847.121579290512	964.837307368526	1101.98209831791	1195.70200799542	1267.71795870896	1482.15034061824	1561.57839012562	1843.50299361691	22753.2697845669
485.688	41.7821429154371	109.336468497594	2282.52779854062	8980.93899001266	4889.4184666613	329.698454130817	79.4431497987716	71.2435417289903	68.0633668089681	81.6339018142313	102.49586995354	112.208133522291	141.443429062807	164.655379420429	184.338289720616	266.700846009684	588.045567124074	1068.06228988321	691.487286536884	401.470363205345	388.241295679046	402.533759879254	423.689976118651	459.527916476546	494.18480225889	534.612207045468	552.806670867703	561.511392081937	567.181837077493	579.584153777417	556.623519295522	565.477978394986	554.040353315674	554.867623827709	566.966603320858	553.754029241669	545.830571676818	532.525996229516	578.382215174269	595.310718296677	622.020364830727	640.521908807927	714.004377074275	753.442830577283	833.091700803465	985.970888853674	1107.94900676297	1227.47542938159	1407.64357988463	1599.91651565948	1525.40961503031	6963.58014437691	36484.2375473454
490.333	92.049839482362	2184.824343998	8590.2992203566	4696.95677540798	367.88684084449	73.1020576817672	62.5589602066802	57.7693919535486	65.4825787365314	83.6302573347943	100.777903008126	114.298337811164	139.03521066553	162.910296654978	216.187538934743	403.611024757811	906.533381612644	838.486166849432	398.869466475137	349.671463847845	381.503428031868	401.145585648328	418.762297853868	440.618430056141	473.037308039962	497.247668118125	521.1208956811	542.535163232016	561.677256663585	544.105705043178	548.98116935407	553.626049843452	533.206020780141	539.389894196769	531.542118243252	526.805316276256	539.516174090793	537.929910327371	544.790831719915	571.864004828529	596.019101078248	617.891902665578	682.15145185782	770.720598306957	813.828199701039	894.897337979037	988.951398630311	1222.99790315273	1328.75406455799	1515.62050456652	1849.32851449402	18916.169570651	27723.4965821329
494.979	1675.09555891025	8172.55189424548	5196.35988672989	397.51132449606	71.7282716367337	69.2326630686449	55.1284514908209	60.4335374835543	62.9646721528507	86.5299224280102	117.963571178896	124.749995847038	144.492943726285	156.084718014526	291.088013245282	694.176515699371	872.211761077372	475.34546649163	325.701173775999	328.130438267511	348.098381329243	363.911386563484	399.468280125237	433.542304962875	465.11082713215	456.369032836555	505.447908967347	513.441227021979	515.686176037734	525.792939832766	515.401756762655	510.186151954272	490.394288559938	491.623951523741	493.052210776768	484.902562665458	500.917064795616	504.820990155668	501.154766076985	538.102205313436	569.397264845091	595.585361489205	661.081264015007	694.810223614467	775.533568222821	891.222216373075	1012.12878789031	1185.41173225039	1315.65254815609	1490.73886113573	5100.83458136447	29753.4552540167	9260.52853015022
499.629	7614.54761219394	5087.62309547654	442.383431515369	69.1894632032766	70.3421009813457	56.6963718305429	60.2572258913539	59.9833860374404	76.3271539711359	86.5262090171601	106.045880607509	125.518192758701	157.911960088559	216.278998784676	500.647784285458	856.733893741504	551.386195576995	302.890312428551	309.91423671848	309.757433075191	366.766725553183	367.005120285494	387.834828176624	415.123195440075	437.554105624781	455.892192300063	474.416949731127	473.619788978788	487.824838488958	494.471340317245	473.232972099344	486.743281528821	483.77206513013	464.979574457445	488.558736299757	483.184691558524	489.765563784747	498.453188695925	506.62230795657	506.100517162829	530.412188515696	554.775191596713	611.180174559151	686.659198625333	753.546606354464	852.301071155097	917.779274034903	1136.47354757899	1291.91932031124	1487.92338316798	14844.8472111571	24337.5616686675	2811.26047329482
504.281	5667.60072145181	495.97669250836	51.1954075056755	42.7610861765459	24.4243017645448	43.5839480868225	56.3581752247462	63.9749982703661	74.6290928318892	84.3252480871491	96.4206187509608	100.903167679976	150.575123286646	327.846411462804	733.692131129696	643.75677006906	294.51040853106	276.325537254121	283.444327073922	297.128262727608	321.554508416353	356.683613133897	392.117693377485	375.033222795898	407.911674678747	406.23549613059	430.277071131683	445.011954280759	436.415170092476	438.791778618644	440.443704619468	439.38892450796	434.428486044103	443.487739432367	432.251366992771	431.316343415462	435.535565406614	435.839039360799	456.69449098345	470.349425716256	494.267584594125	523.948671996705	545.332681404431	597.633537010332	681.348246559397	791.515656865919	907.535471399037	1033.88781762512	1174.82366322452	3692.71151692518	23991.087166262	9308.45126154976	882.548355488422
508.936	605.625744604373	35.5724073728775	31.8331614696498	30.2587169043599	37.2242148459894	44.3135839008611	53.9197452447906	56.2972427296757	67.1755482034152	69.393079673488	98.4630329262543	105.856724529131	212.078143695106	547.153882111243	699.178302760194	347.769698022303	245.549298164129	259.286243220229	269.159059213897	278.544771617086	297.915274164607	314.853873350535	349.230614532125	360.924322536816	360.76302176084	388.875475552634	408.148560754086	403.566795305426	420.557480236792	426.43023482268	412.591000034759	410.686308098169	405.154411235501	412.165084887453	400.430193442658	397.846694123384	389.873085722341	416.928458436772	424.388524856942	455.10789986521	456.518790108606	497.485137225156	542.538142309733	583.857993228131	664.592768935446	757.204978410514	907.945849871825	961.000168173328	1173.51623524557	11241.2206962819	20641.5843422038	1992.06070061993	381.030049372543
513.593	81.248317426102	61.9769516407689	45.8894482632957	48.5491689890035	48.3154429039325	66.320382796073	62.6886707602759	72.760477240812	81.3717536140571	94.1136499529382	115.083778622255	160.172459074969	409.704728836994	708.050274562662	423.99222869513	244.545296357065	235.310296920191	252.699338095742	271.845271655632	279.346748362544	311.554173062679	328.415949989304	340.158162034809	348.882337738672	360.431680283956	387.185438994649	389.644113926808	398.67871822694	419.520500909138	410.822245850447	400.232353020974	396.393280150906	389.631335836999	399.186172173301	376.396006804284	400.239967913564	394.911077092387	400.74403476922	427.132091385373	421.763742274907	455.142781740673	477.439094060805	542.462794444154	592.885741682553	648.926240317815	791.231758041328	958.008836450615	1045.81661448591	2825.3491794289	18996.4519400018	9442.23640378066	1735.39256525049	2766.97818057076
518.252	43.3519420985993	29.9638038265082	14.1709477378183	41.1955727280714	48.5873558789876	49.9650587671777	52.9857559456239	64.2006361331298	70.300803077828	79.7127086329279	115.425685199666	254.626570421538	587.947007583177	504.468337777067	237.195451776985	199.794755247285	214.06616229816	224.99412057949	249.339496435854	259.362157775023	281.45607038831	299.980957325812	321.277525852034	322.113179846923	324.627770439366	351.045385746831	345.759479131893	356.55469634962	363.260390167214	357.652590736006	337.148551738783	342.921066448176	346.170369790739	355.096347056254	349.383787078686	357.336881888234	337.430823520701	363.655398555572	373.508822935354	374.452830131654	406.578061875721	454.316522952879	480.991288600326	508.1075275771	593.223623833679	739.920886491385	839.108525976434	992.004128954879	8418.48507953709	17295.0038645646	2075.93486611523	1159.98041770402	1655.23391106439
522.914	35.7218606598811	31.5210409894668	36.0035138222617	43.6071923786615	44.9990760247661	47.0963515515771	56.7289158381236	65.2105340240795	71.6295321747383	86.1745448580771	179.386226188787	441.72086655254	560.811122187722	271.809639822153	186.294637525248	190.132418949276	216.191765990525	208.908143374619	234.29420134895	248.946893277	262.918136625716	274.436963972468	293.446936614528	292.883120046184	316.029770603085	320.080947134179	325.548807462779	331.588565848337	340.210834268802	329.87379801714	317.124146433494	331.337697624452	322.26168716234	340.579710356435	322.641437158648	326.684270664475	322.978187617194	341.294904316174	352.543682245128	352.552101217603	364.927348455334	391.139789879796	450.745991033624	481.146483871699	575.347139081306	749.658091158011	826.252664851204	1959.14690065486	15124.2589667166	8545.19334313314	1112.88448697531	858.360948769944	3079.36005010178
527.579	31.0595649514939	25.9764356593451	46.6436419751692	41.2461657481052	44.7406340449896	59.0406166124294	66.0600679890371	67.9725098145801	75.2734690910624	117.740426844204	312.025566635398	548.467786599403	340.067347917353	187.057859221981	177.712644796772	177.369421791912	199.867208417514	213.615808616077	221.976104836519	226.667589450619	255.121486588738	262.990563637292	272.212104920748	287.631487368339	292.095974498567	296.238369420649	301.167290642369	317.323844288871	313.946823565905	311.610246718144	311.348855746363	304.74723977612	308.100842259945	299.817712771856	315.258959509798	312.370204465595	302.907295195776	319.977485752227	338.513229812931	351.335981187245	364.470683628928	392.937000348222	428.854366312901	484.027620615039	542.340662308381	716.529672325338	796.313180865814	6508.92807113052	14857.1165100478	2183.66225818001	943.967985833401	1369.317246651	3616.68577516233
532.245	38.8477928707702	17.6745937463565	45.1055149159675	44.5136762100141	42.7326392509737	41.4939307971772	59.5779309895795	63.5509513929591	91.3217671461581	196.284055622894	449.713955679931	420.681918139769	177.054266543462	149.736237065859	158.270035569598	164.988949036972	173.828662739979	185.067600247469	208.510987981022	210.0162401997	223.830385581505	250.134053453134	245.454870004424	250.291413744519	264.269483636974	280.81556807625	259.898920131728	296.011835402821	291.797004673896	301.846564386362	274.304985887661	275.615454052737	279.453529151508	280.469760801145	284.550985956078	285.838297618541	276.790940650546	308.298745580008	307.388173179272	336.948683649913	334.263731715846	362.435027170328	372.676778177271	439.81044647689	585.255682016724	680.574833598538	1404.34560104044	11986.9639035963	7707.4045565232	921.583438186894	979.007482441366	1540.58839649747	3358.04098274067
536.915	19.5871275367801	36.6946678155845	35.6927486530392	41.9150535281459	48.9912137704333	55.7901735270808	50.4802450106375	74.4813671187005	132.783857214347	334.205562693124	455.781240624857	214.415588341482	139.815314902594	144.333039060777	149.608194258923	168.786692414688	169.900295326766	174.101817457252	193.938450319495	202.107610818979	209.686546255129	222.787202615003	229.313061377135	243.402817198611	241.782594356126	257.718250541517	258.976425220874	258.230147591957	274.257108706806	271.491947526079	261.979066204008	251.961868419334	261.952805861068	268.271563610753	265.577362362977	265.055822996225	267.183244418214	284.483322950177	288.786255384697	295.616795182891	301.703555900248	344.19963428926	366.580025246162	432.285911669329	546.534327014076	687.961914331952	4900.27102795944	12724.2133398551	2127.76141910946	839.88570420195	935.092014762346	2426.15879068469	2301.3422184957
541.586	61.4100434852298	43.8270567919273	42.8068537128113	48.7049259002171	41.7654983750886	45.9043558855397	68.1317091843916	95.7289283504034	245.523151950971	427.180991226205	280.69512685979	136.699072359457	133.340231261815	128.568580948522	145.026410295988	156.343714650166	180.723579889012	170.954476128848	165.433006262147	209.29583426514	205.517434718777	225.642414785314	225.458560918777	219.513353118852	236.497908505294	240.107339681792	253.921583078645	258.601128801176	251.74343937112	258.79008734644	259.651171191795	262.369008492143	247.964789976095	255.444771326266	245.486877347201	263.948347869111	253.120948355882	262.433878671494	284.549836259441	302.597329692386	311.165420760228	332.670299879961	374.893587746667	467.65838216861	598.281084131333	1039.87343640922	9848.92543877753	7236.6164285903	887.576169478272	794.271391807758	1160.17357163913	2727.84871276923	831.247081176142
546.26	27.1147165161863	46.5994043979986	38.2599079102017	44.7824692748822	51.6946299843067	51.4937940065782	71.1035154279831	159.838841616709	366.371907744355	355.243571483718	139.271965551574	123.76637968681	122.315392359789	116.683076932969	131.117120856042	152.987491363564	160.234379626051	172.055644709684	177.133251133946	179.346285764294	198.512056395067	203.962695463839	215.207670353773	207.671665624569	213.470641095606	227.67877465234	209.85009250633	228.163454836114	235.881662659855	238.610417471874	233.224343096852	229.469806470783	230.496264477424	229.202420075855	220.790713887332	237.584808668131	262.512013532767	240.829749085364	258.387567252299	275.387746446518	307.097186464731	309.855187501712	358.521249058441	516.956334031829	536.562734750314	3723.68976362024	10996.0190907937	2082.69586084445	783.813314030329	799.387529864629	1861.15790495945	2415.70008650897	518.692862194177
550.936	38.5672018806902	25.087526994789	35.6320153444243	32.6197660150781	38.9307435778643	49.2139131493478	122.677334064479	286.434323685484	377.938908494869	177.691584049802	106.763956607674	106.047489497932	121.774248851506	118.413684469088	129.33279056697	137.376930659879	153.002739493231	150.724387695251	156.365345193868	166.87599205623	175.17790488909	186.783891135194	195.207616680372	201.918364753587	212.058015146134	210.322478316625	217.508876160736	210.528689679051	211.953770922321	217.248976776985	224.218638078969	220.144151404715	223.626989763724	205.753988789575	222.449557548467	216.878704703928	229.80899562388	246.24985155891	238.221891837152	265.216047594913	262.644187784917	315.978730212855	367.524319448035	453.615587741499	758.678619620888	7902.70133983836	6673.34248721638	695.279511181088	719.364403428516	876.984016086596	2135.37936702307	1450.818491294	522.589902750717
555.615	55.9231382682269	44.8641725600604	42.4960763654889	50.6798112099873	51.3683281617385	88.8592784826882	227.820965118564	359.040617235771	233.649773696392	88.8691889606128	96.814479752284	87.246816701936	87.1496214543449	113.739495121113	123.696229873033	132.623559376076	139.533604313311	138.08388181367	141.838402525085	140.861820443215	150.920664520653	174.891467129377	189.258829195111	194.887216974292	189.709398653359	192.41444458833	196.071097579158	193.192409107424	193.753576084459	195.521575281872	184.568402745461	196.062265741573	200.98215182291	203.414658209747	202.658886070129	196.600303874304	203.928059974442	209.001439681909	222.535879967567	248.439048838396	259.524194879072	273.675512684127	398.597547642546	420.916023901691	2660.65173480972	9346.10360116666	2038.22540768892	568.552180446004	685.188452959478	1171.75586615093	1909.99327564037	685.725846397497	67.52881803704
560.296	45.2547934592811	27.0346494459885	35.8376936801293	43.539664129011	53.4419158942983	149.469300280074	321.388881236365	282.486000357427	101.679062660065	83.104591233014	78.5881677121801	83.9839577877237	86.6445173223113	96.1938944307553	111.69553346367	127.39265718683	116.438392501972	129.454863509085	153.900309699078	155.010771113191	145.593373650582	152.204587996349	159.439354474311	163.426568411636	182.033065916089	179.96830911439	181.478324275924	176.017581573074	178.906230847117	174.802400746573	179.385255909494	179.240623092289	172.437002741098	180.44841807973	184.251200795955	185.168635486995	181.899551128313	200.461209684494	226.17954699322	216.270220764946	239.106778659367	303.964397585595	401.375027705587	612.169771069199	6220.20820534113	6092.19095095078	582.198947665986	576.036210045078	686.537036863396	1635.835723677	1441.36489052614	511.399428772526	813.842234887688
564.979	28.5408249565595	39.2830456926014	35.8340407600217	45.7910247919678	94.5052269347204	273.601347315673	304.694383212086	144.058534293168	63.715128434911	76.5850314104632	68.1084317506506	85.875758014182	82.6885148090152	98.5109544157334	113.270912124115	115.442501699498	120.741997009102	123.802977156447	135.247200172875	127.650608773461	133.784110698818	128.931697622315	145.262502009721	162.972773721732	146.641354800108	161.059143008571	167.839717379749	163.252762191615	165.582760785441	161.592398201976	151.705747636939	158.150440733458	187.094995907156	173.174154880558	178.201586563658	168.913546930258	170.438954501509	173.69668429098	205.408190538442	224.029541977659	234.179475445871	320.685581147557	378.868796924747	2217.04178499032	8040.0905006016	2032.66155737179	535.213401010387	533.034739510353	835.536146384798	1891.35127360026	900.884574290744	550.441132489709	479.047894373414
569.664	9.85696322035288	18.3195505002441	30.7975129369174	57.0339104948591	170.761399292842	312.282323424108	172.562032859969	66.3739574918997	58.6639404780046	55.8115449483514	74.6034048248975	71.4223496966499	82.3973951919024	80.6071059993072	93.4309368919559	87.0744008193939	102.89032942909	108.142823403301	100.636599596742	126.04835828169	131.187562405563	124.50478937873	121.546405690804	130.031053948326	138.770411809103	156.838694994869	129.094735766772	157.951057303894	143.176526633762	156.052381437314	148.184058751795	159.59626677843	142.739303262193	139.133236379768	158.349591691718	157.009536224703	151.527624279786	165.000067570986	158.20225941487	181.868685357528	214.446793104021	289.077890123983	449.903488379175	5245.38168557269	5494.62333015026	519.311619876886	450.675759640666	506.249750451591	1142.34846339806	1509.50495422372	492.002131637235	34.6540748749544	-120.637507776481
574.351	29.4099655455577	36.9529472160788	61.1206635067046	143.648975423758	276.64347041628	237.46780326035	74.8034462099332	62.3484152258635	57.4971760174105	55.8549511756201	63.145592068907	75.1910200015524	80.9955116613184	76.0147019203581	89.3769178792941	98.5853351995181	102.871921434576	113.797593948758	109.784244166646	123.474968079959	126.182438295752	110.001797524357	137.784362552181	123.604053746994	142.136244379941	151.830674355176	147.52080216412	146.79793528777	153.632839774353	146.189133764087	154.123804222445	146.649004505298	153.421506118147	135.496646954078	160.961052548127	137.152190403861	174.908189041702	171.253203114901	178.02833199285	183.005847956223	258.639280671053	285.683880495771	1597.09561654382	6952.59029863752	2017.88989128236	431.176146741697	459.846197294194	622.760472711712	1522.99216800103	968.822397157485	577.081485352762	391.450277019152	521.446604709954
579.04	46.3928478509591	45.4884144529988	105.817745749738	235.015457422359	282.143990538579	117.280543337563	57.0817023789325	55.2942760293649	49.7803957084091	47.8053975071504	65.6669279217146	64.2849849200575	69.2684400405268	88.5443609838527	83.2665874813838	90.3258470710171	88.9696636991007	91.2850507926232	112.514191951099	104.313506572898	102.582166316613	110.650484055878	117.898357292083	128.686459445728	121.76213332449	129.088649742194	136.494893906278	134.899784519461	144.501155490298	123.41654942257	119.873198578609	146.790054521068	131.537432462238	140.065741834525	139.932178211155	138.386789773192	155.262296226496	153.637087821834	159.804076573962	183.379736630321	265.059291677747	337.614334639917	4197.70444316497	4897.51726627863	472.985386088407	361.213346306596	455.413101159193	863.841123966704	1476.83015493316	591.181021262428	456.178157690926	359.708450606509	648.906613328297
583.732	37.0157827308848	73.1731567444683	180.772463992709	278.336983222963	174.062584941186	66.5044213380714	49.4317967561782	48.4844986975731	52.9248016478885	44.3601196427843	52.5756201263035	57.120086245384	81.3314299612116	72.7203159785107	85.2504078126615	76.8090569664804	80.7080220027916	89.3096072121587	97.8104366516469	113.514606229507	86.7655482107459	102.767480081723	119.340295918372	99.547567100467	117.805499752104	119.166896106952	104.013218387188	119.73918894452	126.984801717071	117.324194565013	128.052376420246	122.812858949753	119.17289483762	114.609840343514	127.447560719862	132.882442010886	142.376294949692	142.14671077297	163.223365002788	213.17896763236	259.8956587905	1104.28316192615	6055.07428366631	1830.03689724027	342.138377409802	420.834972904086	431.372834960267	1226.82212030242	1094.64058306155	538.754380141158	332.196913775645	383.310252636839	494.213630107148
588.426	49.0445549539289	138.424125222249	259.769754243912	213.997553475592	75.2984086700898	46.9456756840592	44.6983093676956	42.872462531717	44.8672868896609	55.9017927404643	55.0686001870006	66.7876517072125	66.6906651340099	85.6762614781279	77.2366719612048	98.3124756148807	90.9192454150322	108.430739693073	116.637319875963	116.708691941736	119.962390866587	119.533369389524	102.374751197352	114.114908068763	109.522758280017	127.497743103782	107.901186449625	105.158835576543	118.217181177389	112.512729393825	116.793455094416	131.197246469226	121.294631329114	116.431541862707	123.619614401433	124.098094429912	130.228975190288	139.458046554695	175.695918615895	225.869763315793	275.490137289052	3264.98257868702	4464.37540086875	413.653553646342	337.917698073098	391.500000218212	640.632291359657	1367.37016020372	728.467593946842	485.018988910497	498.983024675169	763.429604516432	975.771030990671
593.121	87.1072382136824	194.460170909641	247.365076091582	103.826071239462	45.071237575796	46.4113200160126	36.2460428793498	43.9285174153187	37.8618746814281	48.6014541087588	48.1469165001524	55.9348531515734	65.4800120299144	55.9983193969085	74.1081162515321	63.9322472890565	67.6845629187201	79.2238928305538	77.911182048694	82.4421139834843	97.2637110285992	88.1889869832758	96.3049877877289	100.896670480387	93.480380756622	103.625463705462	109.360062251687	92.2452871877197	104.759325360739	115.192076797771	99.4118366715813	109.678298352557	91.5777656608978	114.847179275047	110.398144615083	104.668822783518	119.734153303491	130.608425490423	169.318505904917	217.505610361509	735.850977425428	5040.15403758639	1814.59397819113	274.800127342652	325.332892314809	384.413839304215	893.311185094847	1148.04219506979	404.099037519495	504.009473468928	463.774447082413	129.069996766173	695.372341568129
597.819	120.123132365487	237.967601267699	138.218286471327	57.4174314510112	27.7101966898166	44.1124725787776	41.1205160959457	31.6641322321994	39.6222677068744	48.8955356687984	52.43315473517	40.2798416791452	36.3562178056478	64.5151331211724	53.3388653610605	60.5184199219487	72.4273758825435	57.5815439781856	58.4306753328258	75.0238695494525	88.9227598940871	82.7844806451969	89.2203443560608	95.4167530654362	84.0957578815151	79.5939661047635	85.9834132527695	85.4283435434197	89.415231874252	105.5472816401	96.3984248215563	93.7605082022852	90.9116017626026	96.2331824251012	97.4662137263576	107.695392193343	103.095241231296	117.951483813957	182.510391260294	203.625758549077	2426.91211560245	4184.14564294308	360.303270371121	208.797162721588	261.538797058854	408.579309853023	1085.03577892642	785.073073361788	394.63704017455	266.622664390858	295.880437907102	79.3533789954176	53.8138427744519
602.519	196.893668947362	174.879886609621	50.0240497068234	39.5595267657752	45.6998370514259	30.419101072593	31.4734096902857	36.861665878304	34.5316425414872	36.8464407109372	43.7855858865037	46.2674716809378	42.5918953114072	49.4529532396762	52.569480787717	55.3949669285667	73.6197128636489	67.5417770513914	68.2253672153292	88.531439948518	88.1207364234279	81.673993380249	86.7593133571893	87.9813161845971	82.491310120642	88.3978105345022	82.3098054076552	78.3561220187738	88.5685988849851	89.8215243763281	85.3142352566178	79.9117304579196	93.7773828065249	91.6525269274519	93.6622787287633	104.405750608643	102.44606985688	152.565549684112	179.037669458965	543.908973855962	4226.41566143497	1900.89943439531	200.173191247801	205.889437940303	271.209716163863	608.049283485432	1083.61022685356	450.601435514557	356.589391171569	316.70009652255	294.379523785752	479.857070086366	1120.88140245164
607.221	196.49713060481	66.3172949302951	25.9388251242429	26.7210157242308	22.7715110652076	24.3975203582183	16.9636223931798	23.9352646466589	14.4044987996064	26.9148628765125	35.8016675988835	27.7098467146118	42.9763168283937	40.966709737596	46.7506061361819	61.5439022990544	57.2869539479549	49.6247975436776	48.9134477377064	66.3269361711621	63.1871770308321	63.2292505727057	57.0620349374546	69.8504185794885	60.7132094337094	72.6897034699448	59.8606315705686	56.2505980472807	59.9952954433132	75.4753009886847	67.7032757913892	69.9023635012699	71.6658860910648	67.4595471741601	76.3964246592805	94.2222148319623	94.541901297361	135.969570778684	176.116646325156	1949.34195410653	3961.43667391821	377.34781479539	181.497425609361	204.470955372049	279.807181103721	766.22764287941	789.113679071021	257.104170186644	264.666357647405	251.773391566351	177.450379012619	183.404588759633	91.2095272348198
611.924	149.228124850084	37.9801270953184	27.9575853559839	29.9753622267742	31.0369906632749	23.0428387039418	39.2319918449842	30.5977919996929	37.3399747273094	33.1609255104428	36.1457501880569	43.7887728770269	49.1320620750165	59.7082935374929	55.9742602603286	51.3292338143275	60.3798361719413	60.4560892710432	51.5783692169479	63.8677717107475	62.2664452872591	78.5409470312605	60.8309063677333	75.3853048878922	62.2853684572016	83.9639174353704	73.0926813593317	64.0478659337445	71.2981717200018	69.954721564865	71.7561915051851	78.9316497853315	66.0901803612451	91.7697823422788	83.4473899487238	84.5970165423706	131.848000626122	155.027598579893	378.104953556828	3574.63350876894	1973.25673780912	148.243110896917	151.648353660471	230.917286700655	359.329150208647	861.414914373096	482.744787405836	341.546245245876	331.829427290617	244.416475702877	206.418660710294	422.18133725679	1344.45740399057
616.63	42.1609250713243	24.942500533657	24.3330328371588	23.2373062910434	17.7255796617209	13.3906448846845	16.1093820121762	24.962065927435	23.6473315994788	28.1750232156334	30.0684388808441	33.2077001953257	40.0019089954115	41.5070743549841	38.8539446013776	33.993936216891	31.1691403779952	39.852745355831	53.2630151205023	63.0142044049288	53.304063347905	59.834370218609	56.8054205897123	69.2002955376819	64.9790872198915	66.1053075805434	52.1511968529898	66.6760207651974	58.0572022595442	58.7349657055589	70.3669414900812	75.116786902676	66.1935280488701	57.5509594803254	80.0075099697718	94.0586280576012	119.798295721534	145.58750222273	1519.59607074542	3600.510867919	482.761858357936	124.214299431984	155.081429519669	191.342662724466	501.449356991448	781.271058529577	314.039403814324	272.138817965696	238.401962591963	212.541474982804	216.596052416849	299.570419876884	651.788948844879
621.338	24.1531314859487	3.19214483030675	0.72129095284462	13.2371490327252	16.9860252230363	15.9248980197956	16.4386849394881	23.7405152050127	24.4336399776685	19.9476159266435	27.4306027139139	21.382441595843	30.561878556461	30.1068249049221	28.9836054432352	29.0603069706497	34.004433919818	47.3134042235823	46.225125633311	29.190226224788	38.1505203100846	44.5881825412527	55.7923581397062	44.2532219364579	48.6967701180612	55.8464321911912	56.4297184992137	65.5913718331939	52.0826280026377	54.1035617284221	60.5174395525022	48.5780012458658	53.9447403891553	76.5761606752954	64.3725269767686	87.9996678031525	115.81759512592	259.691005757772	2970.51999202144	1883.42585264422	139.152862070094	101.946827864509	122.345494343323	219.140324733152	639.834865809717	452.254603617635	224.762727283831	179.600333158698	179.758978427532	151.938639615322	273.860942247416	294.372138963461	-563.058297411533
626.047	51.4807496972674	39.4801688845434	26.5805323690659	42.1497777052969	23.6545169499619	29.1587398749412	33.1938321251775	32.1972049405319	31.9481527583849	38.6206876319433	45.3664528542123	54.7528308412798	47.5971029731232	48.6345906814231	56.6573514797957	48.4882567132579	53.9498846219494	60.4842625753488	69.6287292279853	74.4745132176102	74.6772499459109	62.3601239906349	71.7923590235742	71.486692536015	76.630369478222	72.2110671394983	69.995258322537	78.8829504351003	83.0956264558216	76.4740723725034	72.2379643587792	74.5238192632597	86.0466545382293	71.0623888460553	88.2524942561957	118.101116652177	156.674132516804	1162.40569663196	3301.16634043239	507.264747885361	133.61503808719	147.725851754569	159.5753419642	390.760951056974	716.262392440762	322.028655946261	275.553229000548	269.885145744462	246.178493878756	284.169306723393	332.597840695926	640.135198848706	1364.3472822625
630.758	3.65145131115003	5.70054630078823	12.8808456119934	11.776184732293	18.8278253840734	15.9752801580927	16.567915899655	11.9323262187059	22.8898108397316	19.1583410554485	14.3957949562542	12.3329977444482	27.8693807820661	25.2250360471651	36.4987831805996	37.7709409301232	45.9363931315783	31.9560480342265	29.2915923542463	49.1090364460596	37.3420438515868	41.3979427740063	39.4443672431609	44.0748207547584	54.8337539202506	46.9909555676295	44.0930839046652	32.8104652042192	44.2901840639969	43.8436341158898	36.6673909468921	55.3660077358982	41.0420258148674	56.5288940173948	80.2104186630287	105.861919600065	204.703292157288	2449.44280398225	1888.9303392672	110.329596034265	82.4195121341791	104.032625326764	134.406432335244	448.623869489963	461.64831040348	213.750878767329	215.318767975948	191.799308675864	127.13440617609	149.963736084138	-64.8032565989814	-77.0243315167692	325.594358032415
635.471	36.3350810798956	17.2330142609268	7.7878780177116	15.3568408851455	32.5242194821235	14.7102439300153	21.2863687549687	21.6796196772893	16.4754650910959	23.1666192819865	32.5050454765227	33.1406406482936	29.0864555164065	22.1599930982005	42.16921853588	38.0610985539775	55.9467533032805	51.1024367043706	63.6332140586531	50.7031697710887	66.4510479559052	62.3860349759943	65.9956501161362	42.593183476881	46.2760529866018	51.0460647579129	52.0581636211934	56.2062776906959	51.5729329328217	65.1252446797332	65.7952756649753	56.1156994528013	51.5325237093889	61.9893112304798	104.865542790783	116.97482446424	819.265323431727	2912.63715833874	530.624588847323	94.3604396431112	102.565033861981	104.288637426312	187.808673196284	536.660038095224	300.912660814958	194.832686839251	228.764856839297	221.905712502797	226.939586527519	192.096308250025	171.415328097421	597.643469438559	173.697662495984
640.186	-0.921595702920826	11.0990836434006	7.43089705087213	17.8332618807368	10.5599673424956	10.0105492973694	11.7084886625715	20.4425055131909	21.0455011125834	19.8251592251279	19.6471549775487	16.9205639246061	12.0582824510136	16.9775670702789	26.0476871714938	31.8294200578679	24.6892973248363	39.625850781747	31.1080073988909	47.9533009591277	54.543632501097	38.4052742914135	44.3298287934198	44.8611863106029	43.5946765265278	41.7207173789164	44.5148990824348	50.017761773318	45.3763127174703	38.0334466740807	42.2137008680231	51.9959674462646	48.0115822052368	67.140795298011	91.0999679076118	136.725838321675	1921.17284012239	1811.48160696152	83.0651397753444	84.2408023147098	100.250573433073	99.0418070635037	284.049062855613	447.358369587762	178.44083828845	154.980562690119	165.396767394482	119.049144729817	165.022243325156	156.530507498857	73.601094407416	-85.5373007465697	58.0074964922757
644.903	22.3710284055425	-19.5413914472776	0	-0.707334552183075	-3.35676920521354	8.43744449831756	3.17203768471486	13.2917714099421	17.738312084769	8.31411476602244	14.6995769829622	5.81226938922472	13.889962551939	15.1902250893256	20.5621988836	36.6555262339287	22.2717945645333	28.0195730892897	31.4634585676973	21.3734244695185	29.6116273902525	35.0358608819489	28.1177155329687	45.0048936278688	34.2944037510431	22.4599240963397	30.2396925017374	44.558772028487	22.7799000465501	36.1466837171703	32.8431151112946	37.1417523930082	47.2297637579347	67.2288902318175	73.4303026214132	594.899821635092	2577.68702805016	561.298930650769	72.9597622123438	47.8085563298706	75.5400737742311	93.5686482564011	387.329384186868	302.817685800439	113.726976366248	137.901570782498	172.066268313911	132.015172057602	116.835492364459	121.983554067906	57.8994007809789	23.5949128366834	-1075.62236468961
649.621	25.0509963229398	17.2880458228827	19.4365917671456	16.857654831734	32.1859667442056	11.9796294957516	12.8677540480493	16.4754566659871	24.7618819779705	17.607588037014	22.3614786488729	14.0814088126469	8.93295174231823	20.093798818614	33.8865489913514	26.5069581537279	43.1207437828005	44.6026363600846	43.3329791632033	57.524688458174	31.2649277792968	40.9388136126192	30.4424657539783	45.2678325717531	51.1050826127193	35.2021299792522	33.7345155311082	33.2975339426639	31.5958666146511	46.0751703947802	44.9658215578202	52.3344929846906	59.0296080128829	77.1335273134685	98.8155942841616	1552.15224886722	1769.8474695412	100.679762921932	63.6784130672719	80.6488091853481	55.5289310757212	173.040415663585	411.370161414972	163.171336241392	101.964421319038	134.82289021511	174.501900726007	147.125135383246	229.45551265008	165.824385235376	75.4958293317102	287.146842514478	178.502402324307
654.341	26.8800385251466	22.2668158839172	22.8346665925603	24.7685702642346	30.8000925016203	20.8554381677622	17.4234524347781	19.7733773562928	21.7076038578141	24.1771708256304	28.3158497314324	30.2629855229541	25.4704856728832	44.8928788940657	33.0892352073134	53.5089428225555	71.9413809175949	38.3549013211575	54.0072865099374	46.1417873162567	67.260863693638	36.8680329873499	62.6131342132126	44.0712172627955	59.1068992480493	44.5107813034126	54.3289937741096	53.8273896345933	49.3373804262	52.5968614612568	50.3996776561293	52.8087263515685	78.444059268939	107.705682348001	429.033434810775	2242.30820391348	658.412860634488	83.6928378895452	78.7848507710621	80.4387564415283	104.428317238574	282.29808026476	345.514722470599	133.143183521696	156.170635425992	156.330238906714	158.752329291698	146.421778402244	215.829018157857	187.110695327137	242.78286776964	453.609663033922	1188.35526245091
659.063	10.1648115306922	22.022322926631	22.6364767917454	17.6307764552272	20.2835559894291	15.7731617956563	7.90651144556124	15.7217014069258	24.9245043232214	13.96802847119	33.0774683816205	28.1700644058333	38.7030532362523	17.8338473638329	44.3789013391509	31.1175070045466	44.8597211998907	42.7294926252487	33.8872285095331	37.9923447824965	68.6692563472635	59.7223979722732	41.0409094930515	32.948351019854	40.3418196631162	48.0660662907708	29.6612268883718	40.0142551662843	36.1835825887855	43.0514019020044	42.9783968402967	59.3975482857538	69.4318617036304	108.964380848806	1223.8653505616	1658.03750503432	101.988877895515	77.8713621322478	75.3145070265189	70.30004730549	91.0903903957632	351.553862525844	190.047997909875	107.99434268009	99.2836465158231	121.582688965486	163.810789404218	188.333592523496	107.859299318182	207.553219266666	154.626475989101	302.227633608383	589.020562436913
663.787	30.927059282499	18.3933265995732	34.8322519402907	21.2335739342799	13.49992802546	21.3292476240223	22.0513731941748	23.3337735519563	16.4857228604963	18.2872672735482	31.2529444935834	23.4679787371526	25.6923056545615	21.9129219858314	40.2707676550062	32.5661724356352	46.5624622090549	52.675285828886	46.2331250779417	50.2206259984782	47.8531800662056	64.1797932926473	49.2273876929186	37.6899020365373	45.3373005235589	37.2778669094993	50.6085930889852	47.2867794609008	57.1625088305423	53.0932015753245	43.9340691153484	70.2802585209076	90.7361939887715	324.378009558372	1910.18272998944	670.975063202417	75.1882683619724	68.3871460664112	83.3692437791253	77.7789757256577	213.60159584511	313.060705346303	104.081873276619	85.1050187707954	118.92094155115	174.511579556094	151.031612602207	161.972648827299	187.524856657838	210.497777788003	226.518012570283	173.968165095701	370.785724133584
668.512	11.8723020264826	13.2390817536506	6.7806826573231	25.9013828362516	14.8992913130319	2.68665045521713	7.85586671139727	18.0267392721709	12.8469591191289	12.7178049741742	5.77856570294588	23.3056449172251	12.2257389403156	29.4418195415092	20.8016794283073	37.5529085716917	27.5791568249171	39.9042608505859	38.7550478536271	34.9011499698243	45.6377540800832	50.5258887657718	40.3299139973305	52.0751503618444	28.6000563475349	30.3404918947903	31.3831488092662	32.3595108355418	44.4459196916705	31.6784156829169	42.1802059143795	79.1933631693102	86.4913141815365	976.28977271104	1554.65633418035	107.611538012329	64.0454904938602	65.800639528092	62.8902392355701	75.8647770415734	234.077341264234	221.995419424918	84.8119402049303	61.8957801306056	97.9673615539474	157.951827351165	451.504651307284	126.262763045939	147.629955819704	148.756573894616	280.934444629706	317.21937270787	373.635920813094
673.238	4.97658337736083	-2.66376218690286	6.82151768531256	20.3927225285122	8.79790228399159	8.40880494355961	14.4515232482097	14.7842127450005	16.4896583768121	10.9666241924549	28.1948237563806	11.3782046933495	10.1288892420285	12.3413024199268	29.8466372177798	23.1439298235856	31.3485243100193	32.9488490047928	52.6758721367154	36.8669004255446	36.3835670067667	38.6309282578364	44.224342396891	19.6950227109638	29.519625591225	44.6947006483645	34.8011157676927	21.1066912472227	40.778789097734	51.6989103485465	48.0453633723971	64.929528338204	207.763794135169	1616.64549767564	678.156172709222	47.7615893730016	37.9006994313166	50.5422338335273	67.5183896941062	100.582842536753	264.178537117227	126.359083351075	76.2042432305803	79.5236680850195	102.077251619009	109.113430539911	96.9691107520949	97.5909568014461	63.3681159116308	193.993883648413	-57.4084681323737	537.481684158275	20.8825585080935
677.967	6.51701297601055	-8.49711994986671	0.808418107360312	9.51032607832599	2.62590678717741	2.72265557617524	2.72953612652078	7.34704352880233	6.95849919261018	14.9924453788225	14.6400177429753	1.04196949851613	20.0419709898065	11.721436497117	8.29394869797677	15.7710268661471	11.2520976331861	32.8090303671762	44.2881794266209	29.6214348265654	6.10840709628382	20.0715803087464	20.0264935317336	4.76147684233699	19.9495715061119	12.4452546458454	23.8527973384745	33.1535410945905	19.4579544681621	28.5359588218045	53.3435373222262	56.5671698928249	742.345450791273	1436.0341990198	120.373743490759	48.913788786834	31.8155860470356	22.0773029932049	33.7690105626827	152.235509698074	198.496585907096	69.267229496474	71.5144395612683	72.5497166450458	68.2551857858174	61.8931986849719	38.5580466295503	37.4502065222836	37.9007990474155	55.8333828625703	151.246548261571	-67.6780179295857	-546.929065385084
682.696	17.2344443184597	13.5660226418177	11.4439829727177	13.4628367072	19.9137799532739	16.8238745047752	13.7997743772347	15.2594055658522	12.9372472368129	19.4148309996904	23.0929457968591	18.2620795302725	26.1606917258649	35.5561908411476	30.0511910155968	44.0269900627031	32.2974031747997	30.4744004651849	47.3165553148107	45.1508361306298	49.8530249846221	33.9635028032327	40.9126079319425	56.1696348838377	46.4334195212947	39.602425228962	39.8322661794242	32.7942526825427	39.3495992075999	55.1832212455265	69.655050293263	162.655592471032	1378.24384240708	697.953054941884	50.6826798982427	65.6749306029851	51.9011724992507	57.4028714954842	74.5426486680841	237.848210152707	176.998597426403	82.6102957183366	84.2527523744176	67.245045914395	86.0457245166902	133.798040855247	187.141194137338	129.380838805331	145.224669361986	160.898478272169	211.406116161674	496.133751279532	978.427435820466
687.428	3.06260764607553	-1.82143223402084	0	15.8808642878154	0	8.62468229095245	9.72728789542235	7.88515753733505	7.54228095053332	15.2653706602093	19.6766161227574	17.6822951043832	7.42066137468805	13.7431211329035	20.0567165690174	14.6617668436225	21.0659734413383	9.71113142323135	31.0555840614507	23.4082803942791	29.7652557648232	43.3764199947587	22.4717799318347	26.66485611815	40.2422152852165	44.7240366721542	28.3348544792548	14.6769888526454	24.5817673657498	47.9414640481634	59.3504049976296	585.328793397704	1329.58373445756	137.590318590692	31.7045238827279	36.7408213906101	54.4232017214872	50.4635154761702	105.088356412255	204.77491369718	91.0605741874823	78.9674528782595	56.1153151504508	72.3314580709264	59.5694708239281	96.7029715696526	94.2239148629052	119.162365907213	87.3369657001032	153.494417374968	163.058684538336	111.978817004195	771.072181538611
692.16	-4.1056421291512	0.457829759366126	-0.41380135417237	5.45216895426054	16.1293336886646	5.88423037481475	7.91721408236014	11.5870162288284	10.340755552364	2.69267222329206	1.49874405632298	0.355565505494966	14.9218820137431	15.9994644724624	12.3823768706859	18.9531661779048	18.5792283740466	30.0726389469826	34.2182520032024	20.3671223918509	41.0935475952321	10.9029672130735	18.8281313400077	14.2172089241985	23.8910513975578	17.9867201777081	22.1989536210953	9.9607428718001	25.8218487966831	48.2016921384499	109.580521574286	1135.75139381392	668.766629554254	28.0413170418632	14.7720909180584	22.9850456680692	32.1363282289619	42.8961936568234	151.914927937556	165.751614759714	32.3791558412322	51.516547735557	53.0615831668732	44.8723021982237	79.8570882363463	57.8997481550743	74.9988313031	84.6651565248971	87.8110340717475	34.2950202023497	-31.8779559155317	207.852262674388	775.257590667404
696.895	-11.8838801609889	-5.53126656096845	-5.8325606934123	3.13668263974938	5.07464623503998	-4.98879172051185	2.10996525779092	8.59578161926251	7.63471837086875	3.52424559943676	-7.54461011671231	5.0117220989551	25.9150484210956	6.58968414316919	8.19224879661485	6.0072575994219	8.23037594103879	8.65053204585118	15.0721497781169	7.29082149954252	32.8282696225803	17.7320918416158	11.3735958788148	26.5826933418799	14.74234238236	-33.9541274025491	-39.4844817622178	-25.6280981968521	-17.4552661506589	-13.2351899196528	373.57466785978	1151.11652520518	108.776519985191	-9.78700512522831	-28.962057975086	-16.5293836099256	-27.9823273090142	-6.03696258886536	95.1014002349859	28.3376434326589	-22.4820983482802	-32.9504165862191	-57.4792855760303	-49.0716014286284	-32.8906626203924	-112.186422828891	-152.341000699851	-170.480234768815	-271.390030982282	-365.420461224936	-687.737979255077	-1037.59960981734	-3577.39416359111
701.63	1.04208912795204	21.8466897844189	20.5859897757785	17.001744702074	12.2817840055213	15.7213499889296	11.5843939090401	13.6214851182273	3.26626606578665	8.20140975008325	13.3904111175889	23.8257907231937	21.9672336386156	24.3657885251507	21.9103630554839	10.3340313248761	36.9715373324427	38.0658746529076	24.318659140613	35.8422716680186	23.5815809096248	45.5552989478823	28.0364102368492	26.8067042499472	13.3016726352103	24.348627188417	16.5279007064107	28.4659264283752	45.3167159147568	90.4611167524482	923.448094039533	693.770923601532	48.7112059885087	25.8124853274856	41.8357930254047	35.4209361276467	52.0271824537002	111.4542236135	149.292010281753	62.4448203466818	56.6788844145348	50.4574668886059	40.233599559984	40.844865194528	60.8076891432871	107.586134655926	80.1520539184425	123.261146638062	31.0996613616978	92.8503532690908	134.083145213571	360.50487069273	1049.46637650735
706.367	25.3096494111732	26.3418233885144	22.5331322172999	30.0093315017104	13.8098502301597	21.3188933570658	17.4650615050159	12.7403213512355	23.1376699434348	17.1525608095258	11.0869926104708	26.6683576027713	19.5473358293339	23.163183475059	34.894822586998	32.4552013562891	32.4511716991992	45.7445599513788	30.3228984828667	53.0121964397897	35.7959752058803	41.3615093981683	36.9697866651876	26.7103797745907	27.31784595295	36.5753199653997	38.7735185228159	61.0249776469626	62.535557480352	351.920835140594	1080.16364044928	207.500107473356	31.6087189565381	35.7251351708679	41.5379923938559	40.9056093086984	54.4349907251404	159.231458817724	149.078807408952	62.1215702813009	72.844209928037	69.7428413727594	93.1624001290653	102.54012827598	119.342341967147	116.731463979565	97.3343032686641	144.432625523347	151.066066185273	99.8349309426103	495.966198148799	507.191723965546	907.154315580626
711.106	6.39425251014287	3.32751093441442	5.15573498981846	12.1305350486798	13.606838461131	13.8268087124997	3.62662092418258	9.49788060270969	6.2034107527403	8.10772333703567	9.64798447031305	16.2438784480003	13.5565470971997	22.6527771574707	18.3663734409699	15.6701768788016	19.2905720031385	18.2478104575377	12.8790332294764	26.3161661003123	28.7537789707424	13.9328117375808	22.1555386900338	31.6318794586555	18.004187176264	9.33768921138492	29.5794034555283	37.9210707921153	78.8994446826538	782.176950407411	675.146241910488	46.2224416729778	36.1255825292294	19.7981564953407	43.1876512275374	37.5022607029998	78.9078146688797	139.362596812833	81.8989445464504	35.7184016052641	44.0522964568786	51.6011179936182	50.2114821593786	86.7544071261054	40.5150786854809	110.024643946432	47.8151053534036	102.834293327724	19.0827331744105	189.909733097181	222.232573783784	-62.9446738154904	715.502140235522
715.845	2.69510552698636	1.44258010930913	-4.34616863963235	14.7251062370529	-2.4705172786163	16.589026804923	10.027484384599	10.034812998467	15.2052993191256	4.52499537014322	11.9634305363386	6.72212824033521	9.7953122613226	4.96490323260776	8.17472818043072	16.2201681943982	21.8554806457009	-5.33259785316662	8.98488442943844	20.4409125953714	13.6049976832131	24.6645985618445	36.0348919333899	11.5192639971074	21.045613139739	9.83932749096348	33.0304769928318	39.5223539360409	237.113009126746	959.216655954999	200.177848025661	21.6680515970129	14.2327955668067	23.1688150179212	18.3732318463353	48.28253153636	89.8556576465589	133.224214644602	40.9119812011939	0.547451076664783	33.4215856261986	19.0969384023189	52.9089377027491	52.0049877534269	0	57.3700826602493	69.0978144193329	77.1793903843182	49.3313656302404	96.0537802634786	-43.0476651965712	181.923237765222	203.56387154258
720.586	1.62112279920273	4.33860470668175	37.0351738876769	6.56092098216814	10.614511184088	10.4349314336079	13.2400853909075	7.9195779618951	-8.95251457968832	6.5210102245845	5.68111433024972	5.99022533445125	9.03431026063547	1.53149758399367	10.0578068853948	27.3478560439359	25.4316524689303	13.1593472757292	13.9615321916725	23.3516081430982	10.817258269013	19.4279773920874	20.7059956357624	19.6746804600789	22.7214035369754	29.9866456759658	44.0213393425739	59.8208033210871	635.053926401381	606.350306605705	33.5101955117631	28.5821673303283	18.1248839219888	31.8878852089887	41.3412214466089	29.3879851337883	121.175260906882	76.7355217716017	38.9639524814035	29.0877462162259	57.018110008947	51.0530118459869	21.2167042150251	34.2139489835249	72.6186123377886	28.7570523866993	31.8647878261604	121.105787278755	94.6099618143701	102.313346236364	177.418010355356	63.8329785374027	612.224697599612
725.329	-10.9395808416422	-20.4942906647241	2.64620045719506	14.5274335076438	-13.967522468835	2.64061834298782	1.73728509491346	3.46654086661874	7.83735138382636	-0.860962681309133	-8.94530355994839	3.03172071564122	5.16876211571559	-2.71287880211387	12.8201903344106	17.2078029605677	14.2573808776626	10.4063973788203	3.64701376567477	12.0597068299027	-7.14096080434856	6.2571847185623	8.91875601263126	26.842166926192	18.4814341432754	11.5821269544843	52.0516818774652	195.417717357845	846.865761536254	219.89552098304	4.2399721315119	17.3589093475165	16.3946705404689	15.9395742755073	36.8746548661067	57.3070722984274	107.382151652476	39.8199224407584	23.3527459044896	27.2211400678477	57.7150192620157	26.4844687122479	25.0553652917808	29.6846847577361	58.9983975361693	17.4651229108441	40.6684125321122	34.0516706224185	30.4711085122914	-24.3679719545305	33.9758278811663	-18.4609094762546	-252.47349599399
730.072	13.7596340939925	3.92798461390827	-19.970097880767	12.5296314490744	3.24334741442963	15.278111332951	10.488624411771	1.5260563549421	6.16106142848045	9.24079297775062	-8.67954593223114	23.6421562784536	15.6028520201608	14.4288017440533	9.48531492419482	22.9611490514155	8.76710325928158	15.0785329001888	-5.96330411386012	19.4156941886338	11.4966900228844	9.44422717092124	28.7177527159979	12.1977605790173	21.0760646155008	36.5702479943442	26.981490576637	529.766283207184	603.697808760552	20.7558247514105	22.8832928502503	29.4998429332282	20.4245706993589	5.61359338987072	26.6817383786008	99.9215065284132	70.7919531790155	35.6159126341403	22.975993864701	31.3036116571503	20.3559894771765	44.1990068856827	51.1431217040879	45.6340296165535	43.7944508131998	37.4909595163116	40.9216757918416	61.6747104083697	63.5117977525279	73.5591717951078	117.213987261883	139.31906337873	1154.75354165627
734.817	22.1713213944116	20.7679577332818	29.9438192316374	36.5932518330696	17.7832752893763	7.35866834054703	17.6048363966682	14.2708748727449	10.9202584415607	16.8675484364042	21.3669181834869	13.8249193008016	10.0726582934235	20.42192117527	33.6247549465993	31.0843897029425	32.1061431529159	7.59265737016071	6.0055345212057	19.5531905595765	13.0253695653395	17.663487169333	37.0551896052029	19.7423704555678	32.0460702447616	53.4226164240888	168.629746241328	746.287598163554	252.990085050926	36.678518366457	27.7325347271469	36.354131164976	46.6762879614918	45.6305884879119	52.4818179453527	102.402322331443	75.9836289278962	28.3956063209526	35.2339345028363	60.235831223488	50.0444710057484	41.2390695340015	34.0950594715946	60.1621484207398	75.4678549207341	73.1531407189577	81.0018574789938	108.69507774531	99.2507121721888	172.853559029489	29.511015765291	458.331891199706	744.275951773291
739.563	25.7928081542037	23.0097310562371	25.3180134728679	23.8275280170198	22.3951882047496	24.7006634718816	10.6854410788098	9.32815474565582	11.5490771313781	12.9445172586051	15.392353169193	27.5821212243755	15.0804751914804	18.2751223682755	23.1919313169859	27.226765533993	25.5769002802908	21.3353863373059	13.0850551312205	36.0985461776868	29.769074650546	36.6531274656434	32.4565792939795	25.2971064857791	40.4170394458087	40.12236354475	459.612054045376	588.075313939884	49.9759054091045	30.7205347110613	20.9419103643898	35.1941141181316	42.0158169442069	34.7220822939927	71.778565058735	92.8276554233317	48.3965494392702	32.7566030158771	56.9218920947285	48.4060077284914	66.4834760935348	47.6771201603183	45.49822917233	56.6336891879138	39.6588833660043	119.357715312627	73.3161259087739	144.862718340943	189.648430838262	171.736338198661	109.46235780952	406.875615149693	776.438672415852
744.31	-8.50064219411381	-5.05560799538822	-15.5360352452391	-26.232548109575	4.08166396994721	-14.0213327674586	3.08563172205145	2.9181625862739	1.2687589990089	-9.21752994904404	6.28898333078545	-9.81587465477025	-7.41490325000167	-13.2506164443472	-5.85998637160501	-12.4024464949561	13.5406958093711	-6.90033492552657	-0.944641894047651	-25.4892295649734	16.770039992938	-22.2270572801906	-3.23416459577495	-1.7942198854201	14.8929588886549	104.275109584934	650.828260054975	205.318401673612	-2.44404904839287	5.24204903240896	3.19484722160568	-8.79270278598153	-6.06644763818171	20.6431763099508	71.2583622413312	63.4533788360218	8.63190025076021	12.2240867603299	12.3663936558798	8.05801472938829	-3.69877703122276	31.4553887926581	31.8926745497457	-7.68886509222349	24.0497969258106	-22.9204837403895	-10.1706112215843	35.2799706269238	-18.0401438441477	-53.6498005250151	-95.5466357345274	86.070712383167	-713.401723690559
749.058	13.7400296495134	20.4291046978342	-5.53934580412407	7.38542539171418	15.7438086922426	6.90957581215682	6.75386139149216	18.8217576004323	9.22842491175923	13.8174100497871	10.7002215965236	7.53630640056514	5.40993798492381	7.30147494082573	29.9940347330396	5.87306210991973	-7.04679948844508	35.7256378440545	30.5374754894982	15.1468993013472	18.4362613569563	31.8101410526512	35.4726490082281	15.8598716925676	38.2577040953089	369.946851621457	534.898745117024	39.9194936036693	8.23009054858922	15.4795123145128	21.3821773976986	26.2439390149307	29.4165435431059	27.9445596895644	104.510696470872	48.0764030083618	27.1292561289105	42.1924733883378	43.9963046715425	35.4687437817474	20.5511813868618	17.578689632726	25.4751854038401	55.2351650751556	21.2586370586543	26.8107405485999	118.89127462708	92.6653805665737	25.0587062464532	124.336817779114	416.57346443067	299.495659546143	792.761937337853
753.808	14.5881631669632	24.9870367512315	15.5265636082215	15.9409158777688	0.382071539965226	0	15.8859876724185	4.85384108817174	9.92871064414337	9.79722242835007	10.2246446550027	10.9157325326235	17.81485944373	4.13449307901238	22.9287473459259	10.376021380576	21.5475225665424	26.6441312760411	28.2075473827259	22.6432799141108	25.9015338761808	35.2835745937147	29.9712429572805	42.4916531604858	104.277360478084	619.504758866822	235.580196590016	28.9432006417709	26.8434768983114	44.0112514722565	25.4948184461611	29.630046635573	24.9858754579968	59.5161294006898	81.3290496942565	41.5352520251989	44.9340357451559	47.7250838880038	37.0928463052113	42.0783300851636	55.8585554166833	46.8604266553558	59.5685754645699	36.0664763507201	43.3360764231957	68.3176617914695	121.180895771321	72.6538004464104	150.925801866324	233.965494992826	393.527890336994	492.360289756242	97.9429131224658
758.558	-13.6651284431754	0.530027980375737	0.958112886031647	-0.901708250524947	0.778036484897564	6.09508499186449	-2.15664288227269	7.29546925164372	10.9073284907012	4.05248690908976	6.94036391494376	13.1723838680789	7.77375579329916	10.524162773027	24.983920352563	11.7836758290034	-3.01127547233658	0.452142772420906	9.40840951177905	-5.76374319601566	25.8553600755762	10.6804319412292	12.1095914708197	31.5076405186127	327.88812642167	513.638088759188	53.5409465051219	6.40639927272404	2.98938679438894	16.4872315904209	12.5604953599651	5.86614985102485	13.9920883577963	47.612897059633	44.5541690040379	33.7373114693884	28.6572272998244	7.47581632185818	24.2386870509005	32.5851095802337	21.9741064217714	44.2041611781319	38.8792514376813	4.47832018086567	61.9837130185477	11.3825113621734	-7.6163066692905	-16.6443229345959	-14.1849126002111	185.28174058955	68.5378625095179	180.472401719302	124.654599786087
763.31	2.42412455036277	11.3534316035025	9.77295136855959	17.01558278523	18.64991607534	12.4342277577429	5.77452945024379	9.84202470229594	4.61309622719339	26.7095524416094	21.9458796588708	13.0162280903092	23.7881793763272	18.8933635228316	21.7241679569173	14.091939244013	20.6233570675953	13.3746568214623	20.7088281675995	13.8961451505862	36.9222095273647	17.8269765552555	30.6330492629621	106.968276557429	559.241369329108	248.24324328106	27.0879898108735	28.7525081430221	12.1969476412667	23.716733705754	14.9472952640036	0.854799322569526	38.9242420915284	73.7322437034816	27.0840883243085	18.9027845963031	18.4616651627564	31.5913101107368	35.6485099593373	33.2374917308325	22.414047087603	34.3536509084983	-5.55207068728929	42.9390123228694	82.5135663419136	68.3723503156639	128.961942775038	103.751735469496	149.512037462258	60.7471848343177	215.107846002708	388.625188703855	762.901757822585
768.062	-11.0106161842166	13.6424396788568	3.94575312615191	5.106013628825	2.80363352287486	6.64441249726996	6.66120390309597	9.4495120094725	6.29963821428918	17.6520112083848	13.9338166399469	12.7141956887555	12.450008744259	21.6705926656492	14.7588334819549	0	24.3595001771769	16.75835285571	14.2749264556831	3.23680416694529	11.1802912579499	15.9944514928165	30.9196386369395	290.98378443199	482.259605879671	57.1700701756268	13.6707065816979	14.5107519995209	26.8205168921621	20.4566364007518	22.8462339130618	19.4129201280787	51.9479958587276	64.1723067923606	27.8008222131189	20.0580733616832	16.5638972490416	26.389129285188	22.6338524124709	-4.34887277563054	29.2777851647943	30.3406675247408	50.4361208307005	53.4843062048442	60.5712924219058	92.4500538632048	23.5244194250603	60.9293912456756	51.1149505928863	255.481286888987	445.096616370882	268.389102203096	-282.347681762008
772.815	14.0601594707861	8.18025014442876	25.1381544365482	-0.927774799280133	4.80316760895704	14.3870575206809	3.32848055242029	1.21070425918334	6.56934856933872	11.2259432136132	16.7813398909991	5.50597557808089	2.22179978840228	11.6946664717157	18.1207319297717	9.19775840236902	30.9832531231449	20.4693851543673	16.3038104689884	34.5039201230293	13.3013929341715	21.9783629455099	95.1917649117981	503.695808606105	259.336310071918	11.1589172219465	22.9169017818633	21.5325444047699	12.3032155090973	10.0043181805884	29.7242654991044	30.178641469751	76.7817126961374	47.2078602385534	26.3939589757701	8.80037452939993	20.6916837660902	28.5700143618928	35.9591033353307	30.4227195817741	22.6093330774677	25.2677852413968	48.0038056802835	69.1166894252543	52.9661230371963	46.8462263185296	84.6339686724907	51.3764292191243	245.681987071642	374.467221648139	65.0946023113575	185.68949123317	153.909732415406
777.57	9.35658909957413	-4.45173393550186	37.218496204037	19.40708557658	14.2948113459453	4.51702513319083	9.3399081575925	-3.21199829636658	8.93768266370905	0.327279410861387	10.5655147765332	8.21123378825613	27.2050829961226	21.2143242066052	18.4901154862996	11.9448647412454	4.96804531224473	13.7661978583856	15.0765171362029	0.550113564567071	42.8892146351213	41.2849317887497	267.494984787811	488.289951587827	59.9499378411466	15.0300309609376	11.2423332975164	6.72596214320196	14.3474416248077	37.2823117644779	14.5057393340665	36.9525845749226	53.8634771534955	38.1725897377153	25.0420246850873	10.9752701553926	41.6991133277302	30.8342715356024	29.5904150378724	12.0370327838691	52.2472513793617	59.668901091661	-5.71460670918435	25.3892175439908	-7.72083076378132	41.162116103321	17.5916882363065	31.0659059457644	203.530585839593	156.313873494532	154.983566752066	178.948322113404	1073.15530678778
782.325	19.6347648552912	-11.8657780374465	-8.17118036272398	3.84506922775709	-1.24414027946829	-8.40875412994378	6.0351167048166	-3.2614672239783	2.83604204224873	-4.6524791184999	2.95951375661142	14.4812639184574	-1.84160509711007	3.14140345084347	-0.873250566359653	18.6264191980391	-10.089119269742	26.5104079639107	14.2529415493795	3.3515161493036	27.0118789404652	51.7540409001803	474.551251812426	253.670359601873	7.13358332963289	14.799042787879	19.1780060122623	6.82955065841307	19.5763019860952	15.7735448250826	10.7121065302155	37.5217021655112	44.2968458448374	17.0730760531617	16.7918801652906	29.3804365245645	3.75176373666085	11.9544062373306	20.4313790737037	26.3746928879129	16.5356654394506	16.4559672265171	43.9341156097558	25.7802443282275	39.1987077117089	8.08956114645155	63.3311178566815	35.487406206724	83.1701495416025	70.5428041315113	236.055771163815	10.6884916291187	717.596310521403
787.081	-25.364718173413	-12.1842175181526	8.39046867430801	1.48059696429617	4.25843006678476	6.27957684405575	-9.73826842821789	2.83376462681529	-6.40673512124836	9.55467351564669	4.9382736448189	-11.2650717149617	21.2740636490754	-3.22570865867883	8.96685814853295	-1.33439250946003	5.17993945956096	-6.92920134081924	9.75696323567997	-13.7658404362009	20.9441076875536	219.480398402545	435.323580538373	87.5123915782099	2.93001034395953	7.12321954701322	22.5059225981447	37.4017809359506	-3.27236443369393	18.0479255370487	24.7490666155406	57.3343221474974	30.1690411819307	26.0599851473756	14.77930324335	15.6046103513348	20.3629450303879	14.0288276743742	17.2773932912692	18.4953693887407	29.0065258093474	9.98494113165138	22.982179194791	25.4916552425868	3.45005789891403	13.844431766113	50.0236324870499	62.7573894785209	248.442676338114	101.410325899644	-161.593834706752	219.506730261004	-545.817997994768
791.838	8.44664480463238	-10.4334106032236	4.71502709023085	17.2567532576309	16.166222856128	9.41016164387301	0.294810703244483	3.6030855220298	5.23675237687345	10.5680524362049	8.34891280959456	0	3.77836032904918	4.14328735582268	8.06228700221245	8.88725786765115	25.4039473431181	13.844861694627	12.9965729972163	37.2460559557949	62.770929863889	426.851863928155	250.556469794084	5.65703364394399	8.29358442230841	-3.7953383888713	15.9261186103367	19.6167488018265	17.7469066808683	8.32167276224508	41.2081406776237	54.5289425732401	28.7485063783535	40.2351704338337	15.7491866114883	13.5107813985289	26.940793936134	63.0680407461841	24.0414269033299	46.1932441026238	28.9781836548975	24.5543012618824	11.9050417650873	51.9129851934573	1.14889562061402	24.8956279740439	44.9772791454026	123.369685139335	191.320774783379	97.692979785861	28.8278467946537	274.115313946854	817.927022284613
796.596	-27.798663562808	-15.3518560571241	-7.47142542846696	-20.5924798379528	-17.7681646132409	-21.9675831535187	-7.50787447538858	-5.76770398832826	-0.296362521378138	3.12542817346357	-0.773162867384003	0.917134732283091	-11.065600052936	-6.56544743335156	-10.0378841132987	-16.748397418121	-25.3990259181157	5.54060287534946	-2.75817209708534	11.0905806233701	194.132940084293	412.647690685117	70.1490155439768	15.7163278122146	-6.95753070594264	-4.83274926956074	-9.54321640298344	9.99150207224363	-9.99061242607054	23.0763945812888	39.6454346304012	20.5383967279651	12.7532569017281	14.9479749379302	-9.02431826427114	2.11739000263761	13.4418578815899	-7.13839503141736	11.9311685729754	-9.41113940618024	-8.63977231172357	10.1614270012557	3.46494724388468	24.9444475429197	-11.7034612515279	-45.0852317417981	-15.2723431160801	168.93756156594	121.149601654652	-88.4595206392158	46.9857253345118	-189.878572988966	-249.959449060382
801.355	-0.571365238883987	-17.8399968745209	-22.1134170055927	4.33574748253077	-11.2232633850733	-18.9636297244982	-13.7401682842169	-1.13159097399852	-6.90758492500818	-6.29543139976068	-5.67321315988057	-3.56274584556125	-6.64517318416634	-3.23866082208875	-19.6937621688596	-1.56304223313049	-2.06847551233832	1.30444202066055	-4.76201264381612	5.54284271825843	309.313520180559	178.810428075208	-14.9062154639265	-4.52240041120061	-8.5801776438537	-17.5219623227127	-15.2407271576984	-10.6788386312811	23.4092155274837	-8.13094568237316	36.6399470894562	-4.83542104202246	9.37830532926571	5.41131988241117	12.9838156587147	-3.65569573236756	4.83489721146543	-5.13521367890795	20.0571994327413	5.8030105326828	6.21527342806689	42.5099982026098	4.48670043186508	25.8401079580024	-1.01030734295155	7.29751113396012	38.0869064315063	23.1203768787664	45.4708782361921	-54.0905564422167	65.9110892377182	19.2839599717834	-623.360939161323
806.114	13.1414004943317	3.0582851784893	-6.91044281424772	1.73429899301231	11.2232633850733	6.895865354363	-1.29624229096385	16.068591830779	12.5359874564963	-3.59738937129181	12.0138631621	7.12549169112249	6.64517318416634	6.0724890414164	16.1488849784649	14.8489012147396	5.37803633207964	23.9147703787768	10.9526290807771	125.469803349668	327.21591041609	63.4940423452435	14.4403962306788	14.923921356962	4.29008882192685	15.0188248480395	16.8883733369091	12.3217368822475	30.801599378268	36.5892555706792	48.7190505255407	18.1328289075842	26.0961539596959	29.5541316654764	12.9838156587147	29.2455658589405	14.9881813555428	7.18929915047113	6.50503765386205	38.8801705689748	35.4270585399813	33.0633319353632	16.4512349168386	26.7014448899358	-25.2576835737887	69.3263557726211	104.006552178344	163.621128680501	134.139090796767	66.8177461933266	86.1914243877853	-57.8518799153502	431.557573265531
810.875	12.5700352554477	17.8399968745209	9.67461993994681	11.7065182028331	1.87054389751221	11.0333845669808	14.2586652006024	11.5422279347849	8.18676731852822	13.4902101423443	10.3452710562528	2.77102454654763	-2.07661662005198	5.66765643865531	11.4223820579386	16.8027040061527	9.51498735675628	17.3925602754741	21.4290568971726	264.040871306129	202.396467385028	42.4849842163026	20.0302270296513	7.68808069904104	22.3084618740196	-4.17189579112208	19.7717541505277	21.3576772625623	16.0168316766994	35.3696137183232	37.042583870659	5.6413245490262	9.37830532926571	7.49259676026161	32.8923330020773	38.3848051898594	28.0424038264995	23.1084615550858	50.4140418174309	30.1756547699506	53.4513514813753	9.44666626724663	32.1546864283664	18.0880755706017	66.6802846348023	1.21625185566002	140.628577593254	154.728676034821	47.7444221480017	89.0903282577687	471.517792239061	241.049499647293	311.680469580662
815.635	14.8554962109837	3.56799937490419	-8.29253137709727	-9.5386444615677	4.11519657452687	3.79272594489965	1.55549074915662	4.30004570119439	5.11672957408014	5.39608405693772	13.3487368467778	5.93790974260207	-5.39920321213515	-4.04832602761094	-9.84688108442979	-5.07988725767409	-8.68759715182095	4.78295407575537	100.47846678452	276.638241120353	62.1610772067039	1.40060387526272	7.91892696521098	5.87912053456079	7.72215987946833	5.0062749493465	1.23573463440798	9.4466649430564	22.9985275357735	53.6642415036629	20.5344758413436	-1.20885526050561	9.78605773488596	27.0565994120558	19.0429296327816	9.1392393309189	-0.966979442293087	26.1895897624305	41.7406582789482	39.460471622243	8.70138279929365	39.8109506976822	20.1901519433929	42.2055096647372	33.3401423174011	14.5950222679202	112.795838277923	23.1203768787664	54.5650538834305	44.5451641288844	167.312764988054	48.2098999294585	167.827945158818
820.397	24.5687052720114	25.9954240171591	7.37113900186424	17.7765646783762	17.2090038571123	6.2062788189267	12.9624229096385	14.2580462723814	10.4892956268643	11.3917330090907	14.6836105314556	14.250983382245	5.81452653614555	6.0724890414164	12.6040077880701	8.20597172393506	23.5806208406569	17.8273742823609	210.004757592291	212.139707671527	18.896967470838	24.7440017963081	8.85056543170639	32.5612829606444	18.8763908164781	3.33751663289766	16.0645502473037	18.8933298861128	23.819903519194	26.8321207518314	21.742386184952	18.938732414588	23.2418871203541	35.3817069234576	6.92470168464785	26.9607560262107	34.3277702014046	18.4867692440686	5.42086471155171	59.7710084866328	56.5589881954087	35.7623794402908	26.1724191858796	49.0962051202045	51.525674490529	58.380089071681	147.952982676236	14.227924233087	136.412634708576	85.9085308199913	60.8410054502014	742.432458913661	431.557573265531
825.159	-5.71365238883987	-19.8788536601805	11.0567085027964	12.1400929510862	-0.374108779502442	0.34479326771815	-5.70346608024096	6.78954584399114	1.53501887222404	-5.69586650454537	3.00346579052501	15.0427046812586	-4.98387988812476	-1.61933041104437	-0.393875243377192	5.86140837423933	-5.7917314345473	61.7435889779329	217.147776558015	71.5530605447907	-20.3888333237989	-5.13554754262999	-6.05565003222016	14.0194412747219	-2.14504441096343	16.2703935853761	-7.41440780644788	12.7324614449891	40.2474231876036	14.229154944153	5.2342781556366	17.7298771540823	5.30078127306323	12.0714058915326	25.9676313174294	10.5101252305567	11.603753307517	15.9191624046146	13.5521617788793	20.8908379176581	11.8090195133271	-4.04857125739141	-8.97340086373016	62.0162590992057	10.1030734295155	47.4338223707408	70.3142887966271	16.0064147622229	-20.4618952062864	-6.36359487555491	65.9110892377182	231.407519661401	-575.410097687375
