Wavelength	500	495	490	485	480	475	470	465	460	455	450	445	440	435	430	425	420	415	410	405	400	395	390	385	380	375	370	365	360	355	350	345	340	335	330	325	320	315	310	305	300	295	290	285	280	275	270	265	260	255	250	245	240
248.336	17.146075687217	24.9763641727665	4.61017232466363	8.24170123485747	-6.73172679290094	-2.41409011356012	1.8157964250703	6.11510354456092	5.11657055895437	-0.599356653895493	5.67305375180764	7.91998232813917	-7.47612356706274	-8.09937873217067	2.75872334351991	-1.95470348989037	3.30910700934002	8.2606873205823	7.14612452161581	-2.51985127647248	-5.46700801974288	12.5990907941756	9.77829510948737	-6.78596394635894	3.86184228279018	-4.17090268362474	11.529631870277	7.39309010414323	-3.28594346184854	18.690682366293	10.0619787175618	6.84498666246917	19.5565950161503	20.3965585731856	12.1232282013278	21.0229113229294	36.2342398916981	54.3750598169844	52.550008657407	53.9344132262186	78.2908341036621	117.366589932074	333.40735483531	608.1168481376	772.277947155439	786.36392488061	756.794304648668	835.73945926602	992.16609502095	2049.96665542405	40975.1670993674	138870.179306145	50990.6298184185
252.814	-22.5895223435353	-10.3784306015365	3.31297406320885	-9.35158869911876	-8.06261844999331	-25.6092437132148	-8.69914909419237	-2.71262448308324	2.75766246258983	0.358926035212847	1.59873909305248	-18.4973046788146	-11.4414595095282	-22.3115205859514	-7.55230844275145	-6.55523923337678	-9.41291315176027	-11.9767792530093	-15.4060999407227	-20.5226504464783	-2.97629967103375	-22.3555345572309	-10.596124991465	-15.7133184807345	3.08356352915015	-11.9892198711033	2.95909076204502	5.90315744235574	-7.87117754365013	-1.45995075253226	-4.33845923773886	0.482251193425822	-12.6874685625056	-11.4666954785674	38.3743996996176	44.8847184494776	45.7124616902149	30.7194554576933	40.8781500334344	46.5379703503532	75.9084586267978	308.608744145157	582.868965267761	834.60404003694	911.660567386888	853.034396162268	906.415829285423	915.779951530535	2140.06667145701	36752.6777432785	150699.172686938	66322.4766020812	1118.73943765335
257.296	3.38639199408178	-4.22819414702163	-7.64837084972319	0.514028275043403	-10.1930828774789	-8.58219691131083	5.84045201725925	-13.1510331853865	-4.24424797575368	-2.1307393601185	-11.4680536935118	-8.44676602903867	-27.0701335218223	8.63809466949802	-13.5435292581215	-0.92654095825369	-13.7246917286858	-9.78903601675631	-4.51640677391909	-13.1386676868296	-3.53371905875742	-10.5063722717661	5.51782075028967	-15.5468364325275	-7.62723320916931	-8.40238778123453	-16.5905227061503	-4.38046027503443	3.8938913493209	0.481494208813864	6.20026826904935	7.15712638877793	25.5889000063506	15.7846347818137	12.8269676706372	18.4135568249875	45.8006478895422	55.9249304202698	81.5320798678912	82.4684815814053	230.466844228433	534.742988098022	840.679141989145	927.833311485634	910.375575982096	949.136026316973	1039.05342200871	1725.76117472859	27703.676059891	131555.621472122	71219.3267320319	3892.89303841073	4115.34699545286
261.781	-2.7490394910554	0.612929668546804	-7.76108965857742	17.2129263950903	3.59767119782344	-5.8057853979592	0.93576732620624	-1.08937535993367	3.07628435988637	16.2160604570496	10.4332311822647	24.7613926020738	6.99213020642358	2.92179988507749	16.5865346273229	7.99166574430641	13.4295695993877	20.3894117136945	8.59306476724902	3.63608193342824	-10.7573930378517	34.7892155897708	-1.67974209427254	9.79197508068513	-9.80354463262205	17.553980309822	14.3592882308854	8.39614482529321	12.3477439169007	6.84026404754631	3.38780910864942	21.7878162653762	33.3148930417846	23.5253547140104	22.908171772534	59.3521270626068	90.6274991456313	62.3006764029415	81.4307765278001	221.064892562351	541.696322320514	810.285807203148	987.905754736827	1015.04644882091	1003.91100140626	1023.04525782871	1571.86873754303	20928.8090758317	118142.863070334	75739.8449925893	4733.45350063294	3000.34792583542	21283.1868990207
266.271	32.1541258537151	19.9488796474663	-5.07452109900061	-16.9765187840798	-15.093964021043	-10.1228330193396	9.51756311045157	-2.21597793570632	-6.88346401782932	-10.9954240746702	-3.26507647598224	9.20202082304958	-12.1913163641885	14.3633288369019	-5.78397956152164	-1.43439093714174	-3.0353408642145	13.2934585377752	-28.5503077760222	28.3529420566178	17.0196431888537	3.42422336021029	-14.2370250094961	-3.87305552100309	18.3677289535128	-5.6112308456987	12.0865970932161	8.5396055217264	5.02348943843743	18.3867276529905	16.7362323521087	22.1600937046329	25.9113918732715	43.7819057738229	45.0105757672629	58.6894067613943	61.4506703753576	95.3614540013264	200.760875066824	534.088688023632	763.733482112517	949.524020202627	958.157699328338	1025.01582154159	1075.38938964674	1587.54464549829	15797.4942242725	104483.473479519	78618.4048385043	5830.60653680515	1939.36396652921	13820.627298574	29584.9937895065
270.764	-16.7859748251997	-6.8614778733039	-18.6175677585069	-14.3323984816639	-5.94961924112155	3.79830461230507	-6.03135042035127	-7.4833431294294	-16.5926856475746	2.93384500545112	2.04187816700434	-1.93841183255837	7.62407340048309	-20.318769907991	2.8936979998957	2.39206365428651	11.642346068144	-10.108996070856	-8.74505254918303	-16.6517741911715	-18.2461030990898	3.42624595513953	7.40762590366932	-8.30430691884336	-5.77612459845313	-12.2499169004392	5.54296247770653	6.03151738782919	1.50793700280773	-2.48616056612086	2.9551972916568	24.1441326706568	13.9605291660076	21.3944906388025	40.2685215691303	50.8941965879707	52.618654967826	132.454946548259	456.785304494457	716.797079914494	897.251568455274	953.38664997628	1013.61241581067	1037.21616647612	1391.04901421114	11515.0098005164	91260.0542318818	80765.532326729	6807.08029217084	1594.6404744695	8251.81513983465	26337.1854798575	8265.24377368546
275.26	-14.3773451470305	-23.2023864972999	19.8808790060518	0	-15.679707010678	-6.19673064122964	-3.41804459037977	-1.08521544103281	-1.53226858764259	22.6157923036706	11.1928821382044	3.3205358930887	16.9160439566213	-9.21703496069734	0	16.8589028081735	7.43238170734202	-0.520809029276722	-9.70161785926469	28.9775767225504	18.455875073932	11.179473718785	10.0399667077196	16.7995599101276	19.0182113785622	8.49366055173903	12.3314271167367	8.36408307427721	23.6171375620267	0.973449089418778	14.9458631625185	37.6213356257235	37.0921083243273	40.8875032288606	46.1600401237368	65.6949815416379	145.2605002803	383.437332168215	673.619007789926	941.322039435424	940.813132675165	966.367553915824	976.969464724644	1319.68050613567	8019.96804826408	75784.6043567069	80621.9522056743	8290.13883248255	1626.37260801327	4530.53996577815	21270.7858498266	13663.5004077853	860.700175877862
279.76	0.665633608107803	-13.6537747482026	-4.29535344802297	-7.57785489655072	2.17778870400418	-0.803298938185971	14.8032460075443	0.263773894036714	-4.76717082241844	0	0.777301905872086	12.4523047506996	0.483721872707565	-17.4507941463531	-0.91797713770108	-1.82122094010352	11.5617566992054	-1.01270822738062	2.21937695182674	-16.4344318924859	9.26123209689746	7.06497376642957	1.62688501862436	8.9569669147119	14.9921886473029	20.4019231385478	17.2644071742398	19.6123263193676	9.5673542554951	28.8661537285259	19.6872218786938	34.2324754017975	37.011643252552	53.8115566524123	43.3661092778657	119.227051748213	346.601440891756	611.168941325989	861.242531439782	907.766262908639	906.740899909685	941.117428038477	1184.92319857078	6441.34802326221	62728.1966889464	79378.6259648644	10075.4987304228	1511.77677716664	2691.79810314033	16508.7313707315	16880.6516687271	1682.97385150435	1283.11123077679
284.264	12.6700135540798	-14.6896039922155	-1.53299951006606	-24.0401333608238	-9.53422539691354	1.52904064801154	-13.2260618850921	-10.0416168052509	-14.4618132827988	-1.99301325866092	-1.1096674164719	-31.603145844632	-11.0488940623631	-17.9549956832515	-24.8993819653293	-19.4996582424606	-19.2563387373551	-0.481910273570597	-2.64029787922598	-19.5513410357349	-11.017691899671	-24.826773432912	-12.9029037057236	-29.5852948979801	2.85369054466199	-6.4723455352941	-13.6924847641648	-22.3076168331688	8.65022298201514	0.45037152835113	27.6591403010068	26.3317242571683	43.8053688262604	28.6059324275849	95.9828953817161	233.528319538911	518.366409572449	770.436375989186	847.289205387882	888.37157639751	853.326599240364	1003.34746099377	4423.88511524664	52908.9263140248	70419.7105012717	11689.4075488279	1270.4356616725	1618.15384309402	11274.1695298893	17938.2089833981	3155.87293128399	331.024124357978	265.471752538284
288.772	-19.7638645717618	4.27304604543059	-6.76331542908583	28.6363896585813	11.3649210283513	0	9.78556858448939	-1.18665508066941	-1.07231754254923	-5.02446431108798	1.04906809582385	-2.90473624984827	8.2693621971473	4.24361679282287	-13.2152242085304	-9.4222184227554	-2.16723136095398	-2.73355792311197	8.48677502225954	2.11241549177714	-2.08320238838956	-23.4709747660457	4.39137780499271	10.4293542049147	-10.3417564894323	-8.3042058370225	18.5541179375865	16.3550372807242	27.115967005394	40.0229988705097	23.6181491242053	30.8007287891647	47.8172367171266	57.1408320716545	207.797431203913	462.14343468698	733.062327470521	842.85795184221	793.070711433293	827.095356387316	876.394982433617	2850.61067919472	41588.7311546781	56889.263173671	13516.2289858966	1237.94119033627	1286.9560636818	6989.31415686597	17334.3100197444	5485.23361873671	706.066618531627	60.5703450317468	-225.87682364707
293.283	-7.46301958991894	-23.5515078429369	0.926136290924017	0.43570346496365	-0.751297112900823	-9.00650994664328	-8.07715762332814	0.45498574926948	-6.93809885738939	-7.22427591797105	-1.00558081574948	-8.35297649205211	9.17813400166811	5.28801662086098	-7.91713140025611	-18.0632737292109	-14.1262695549335	-7.86072920479778	-20.0981627366362	-21.2609145866996	-3.9936937657854	5.62450665634357	-18.2404773687041	-17.7219963770196	-14.6540843963457	-8.37891529683564	-9.51290135137831	4.95065300913514	2.4754211520969	5.71377465901823	21.0220215477514	23.4573758233541	52.3829222159124	152.191342514368	380.536263401173	661.954341154168	775.465380971191	752.786541274565	773.255260327605	806.207524777845	1897.32489886284	31898.3827127056	47239.0936669145	14143.2150521097	1135.6852061595	999.841019796529	4043.40974408613	15281.6966089519	7879.13867466811	558.666819667221	45.7983516858557	-77.4126766536465	168.399385490883
297.797	1.66729468228933	-3.96525164152027	0.448295921560623	-8.01427970607872	13.819273173921	-7.04242711101553	-2.27017457103868	-5.94636335887419	-2.48769194774488	2.91409002288407	0.324500675849288	7.31636639625233	-6.46206879178887	-8.26967867350917	6.51488358501808	-16.3465824046004	-10.055610939141	7.60996600076529	-4.63262289331519	9.80127397094089	0.966572978895698	-12.2514314447302	-3.16949093489631	-3.95922722203071	2.92077224068737	5.67813509531731	26.8274775939935	11.9818085891161	37.1450268633848	20.5455748754604	26.2220002364188	50.1165634245374	128.364414350716	325.435176386219	565.436565680895	748.38442814567	739.922235499376	748.225956397479	748.587832972853	1474.69541990471	23994.9969591408	41253.3278385399	16421.1730084794	1073.78662114792	923.739362648749	2220.71951802605	12282.7442611913	10632.2497954535	1335.69084160669	407.951601167226	468.005357367477	262.301038116189	1234.34969184212
302.315	5.45593907744357	25.789031825142	17.6036684769566	-1.24225442194296	-6.78318416045717	6.25511169150214	6.4382597638406	5.4051293329952	8.7917939899161	14.8759499852593	7.32692664597525	9.45061902174188	21.0138615141971	15.8500851194179	-9.40537571416462	16.4206215134138	-0.394863376605487	6.64061949338315	-1.81913672800728	16.8383285649988	3.79553537315938	16.4817452054813	15.1129342500691	-1.29558996058785	12.6981293909433	19.1116122144182	17.2956192689275	28.622158654842	29.7995511336954	55.0784487606633	50.7158078097174	119.154763542276	287.423632546851	529.684173440283	710.910168488597	741.232470913192	763.73774538072	738.93995991757	1188.43959440404	18982.4031976288	37304.5504806571	20234.0460795128	1093.97778382182	872.416255750979	1362.66040969954	8632.13585908114	12362.5872504742	2429.06263798878	606.857895625928	700.850024133311	662.561487766415	432.233315217267	342.950945344016
306.837	-19.0428245791089	-50.464539895846	-23.6990403142707	-7.84579050766156	-12.104663875909	-11.8189196152523	-8.8897891031581	-4.95892714312887	-17.778359038309	-9.12904093334244	-25.731958163444	-4.52371570385149	-17.3970849004745	-25.8295211546006	-39.393017542865	-30.5171924882637	-9.0566691167009	-12.0027406278543	-31.2930757821216	-29.7451686020145	-12.7744035199951	8.8843421954387	-6.20571350217972	-7.75197983986576	-9.39506308228149	-6.35286871019493	18.8156180117758	13.6848921505409	21.5056527891892	15.0852243349523	70.8818354331051	226.149450660221	468.143627154945	667.302488873177	704.4045493749	704.37140383805	688.493005992188	985.450660650675	14173.2430129311	34603.888924094	24820.8354241442	1204.61401823291	730.14231531581	874.096497781312	5332.69522804165	12498.0804116625	3967.29614024754	790.514373777944	639.756190062812	508.295429518667	487.103000917524	-128.393259935814	-615.599586731156
311.362	-24.9960856256557	-18.900288582744	7.45138101442714	-3.71173075866174	-25.9565834178411	2.95099611100599	0.246626538212402	-8.8286560548117	-1.70261988859385	-12.2516471708623	-19.6711774852575	-6.77699885468464	-3.94888654304043	-11.9358704325312	-1.49879001567418	-19.6996016309552	-5.50578883127827	-4.54701051207379	-4.07654762278599	0	6.14286637654	-8.87311535100115	-13.281153323004	-3.44097063273501	-12.2389445961334	15.4655494589289	3.91496694751959	26.5541923672893	29.2888320259492	63.7414531105031	219.264689324335	426.844060379308	650.776672460812	686.642983024575	673.463771955	713.475180096856	880.0839216475	10669.7032179058	32320.5361876188	27665.6629153963	1515.2993418797	740.709496350174	709.318927592358	3125.08181083815	10906.2612159158	5800.87768737647	882.362942106584	627.216752777045	474.893599222712	501.609624230621	284.185747019825	219.824594899383	-660.364020476794
315.89	-8.14266969498754	-21.7860115293669	10.0711038107454	2.05999111782172	20.9574319987207	-0.327557475078853	3.44928619059105	-2.796504230237	0.485971773281325	1.9924409210801	10.4595739386903	-6.77015792279858	7.49531076643508	17.6934132327008	4.49183125900061	-2.97052319799251	-5.10735745166254	11.5625251785361	-5.42991015696029	7.65873362478353	1.88820478751627	15.955485350795	0.88451645850566	26.2109161544403	13.0416962042213	17.4306992935135	30.1148158653892	32.7691259419321	59.2987808933449	189.48764347156	401.770623547301	634.83936739602	688.430384980646	661.042172843775	703.215502922349	827.78546628419	7363.95091250383	30595.5271648795	31209.9147131161	1848.57484577187	750.688155468884	646.42550244252	1679.2043074928	8676.110707611	7333.17678498928	1193.63602313004	643.725006488771	601.250049470101	554.202072585614	473.935032251756	466.749006617562	732.008988391317	-318.474619784625
320.422	8.15570362704967	-13.0925305756941	25.8759239174392	5.77720789983934	-1.06733788774188	-7.21779948444567	5.42898312996397	3.01644062575134	-3.89399732761757	-2.28072024187605	12.0636372142767	4.14394131671327	14.619495449731	19.2627554280716	-2.24951065580356	17.1078490757574	21.2491361384589	26.4709331583022	16.3158053637871	8.15042998038456	-5.67368168340612	15.5371078519528	18.6045782943239	35.2907457539643	15.5118042314283	19.4425324080802	38.3892988254733	45.3250381135354	157.080707016873	351.364518296501	576.62710388357	680.671876735829	665.501432648767	679.523991959384	753.768584763459	5362.04498048767	28846.1781069338	30628.3972494773	2463.00210360666	619.56868719464	599.383832760791	888.733817822281	6065.47931858976	8050.84728155963	1666.24313093864	535.336661957418	572.342278948808	519.32367283414	583.167622237828	607.728823004116	477.135224952237	623.203604897716	45.5692000815272
324.958	-8.41567747830299	-14.5106036054204	-5.4306616783724	-2.55487030742681	-12.4820878887666	7.44787639936961	3.05565772101723	-2.89026554557063	0.251132728005177	3.53013182888477	-1.63791863456867	-11.2731830045398	8.96976343012042	9.14331938015423	-14.7010396466079	-7.29153269348978	-7.3088268289004	-8.10906023131073	0.467663701718422	3.46303824059864	20.0030041466241	-26.1098657983756	12.7984159065955	22.6487796949813	21.0608730643605	6.96038593465483	42.4425091638403	128.213854490996	311.676412273394	575.955408738998	654.666678515955	670.748746338918	687.115122532675	705.679492731032	3662.44139684424	28126.0290809784	29732.490352236	3441.8088249816	574.353346140281	530.582918759956	588.602402862913	3782.80369545615	8526.35501174879	2596.66840523851	540.086153359298	468.884842654533	469.882647510299	506.203787368029	492.549135446203	293.271106884268	472.451833207387	397.189704218137	-705.326680015324
329.496	1.14161815441184	-16.7994269240759	-0.460430991628613	-3.03255506293482	-7.84369432436961	-9.98851266011563	-9.32650669918756	-5.88113011650222	-8.94261235374922	-9.87680920464362	-9.99854074817217	-20.5657688185439	-2.07406020685638	0.40445396816063	-4.32962401637528	-8.19931493184338	5.37046098481477	17.803026101794	-9.04024728989634	-12.5832348584443	6.45279349951037	-13.0491090912243	1.86016395985164	23.0429381428828	21.4273970515375	36.6572699795588	114.738456124954	289.604685645731	527.133499177294	648.066586787501	649.981199015659	670.759944628299	682.389690035019	2687.2591707876	27096.4184269182	28601.358921229	4715.55896396618	584.044747895451	477.759300585228	442.510680437756	2042.90226756878	7817.18423112526	3813.63034738931	533.361192812077	373.045075597766	402.999747210622	423.967629519996	358.733395559136	326.522284308523	288.852322386863	394.658610470482	423.344980734663	-550.161176262027
334.038	7.46812493969899	-2.56169772911006	10.1944683292378	0.872003047507382	0.751811064995399	3.46641199119121	0.521463425583849	3.41472749105159	-3.34285135217949	-1.50608707218034	0	1.9901644402845	-8.34946603435833	-0.407048775447201	22.579260094913	2.3576909436628	3.74186465550411	-2.62203554076463	14.8445061922353	12.1574050788634	15.4861499639534	33.7701258272045	19.1890044265831	16.8246777141135	28.0343261352326	100.196534020408	245.435197190649	485.495888958335	630.012801542046	656.308370170572	673.973970020103	669.397260957697	1920.2464841215	25851.3166188204	27228.9140713627	6150.46440161524	559.416294066064	477.967489302723	408.945784308169	1104.63033340705	6081.83853517201	5298.45147623826	746.129663987063	326.398704202934	392.688247939257	376.265810981823	417.85960839054	403.930111922845	301.232355001364	345.013094679791	112.028110853468	745.606723482113	553.690779977984
338.584	-3.43878926020265	-6.64488271585086	5.0853479547252	-12.6145596177583	13.1260136221346	2.07499721146797	-1.82086599848073	1.36270588336696	5.38739843990508	9.31596522775847	-0.334640735945617	13.104455678932	-0.416499798219946	10.1524895209939	6.71846193165719	-3.1362574109839	0.829586449704602	6.9757899513418	1.91095359702427	8.0860368657318	16.4468145423062	20.5891751221179	11.2063947522794	39.4684772522911	79.1736517323296	215.819453313099	425.722794668939	611.632814229135	608.361083274584	644.999042301977	629.216830092439	1382.91373572185	20808.2956934594	26074.0438006409	7999.78978467617	556.371074381626	436.024839493995	369.342390933092	584.553356456666	4170.9417063657	6230.9060712974	1305.45942090503	307.351264007493	271.220687487094	333.0572760834	355.887702934111	362.572695085873	358.409850138745	362.001940746456	312.337397677376	157.489684922929	473.370575757196	1729.25102115024
343.133	1.14521155278651	-14.8096017192403	-4.61880260782726	-15.6450879892426	6.74432864469986	8.29237478227858	-4.15816139876105	-4.31127668044573	7.17660835369681	-8.40670116756718	-1.3373350019663	1.1902212907136	-2.49670631205798	8.11454084043593	-5.92261649549387	18.8002820354479	8.28825421695831	0	-3.81840113579189	5.04913692047602	-7.4689667820931	42.0755880100688	28.4567909525316	53.0296051785743	184.425750343584	393.634543244558	562.709209418315	582.678495998648	630.847661628653	627.717074668662	1061.7114179242	16661.6315064884	25526.2725638067	9525.508606146	512.297680450732	403.84606441264	407.067219535172	373.628964587218	2452.76331530255	6146.08858324136	2234.22072615235	331.809620113014	253.14494565504	223.508653387145	318.592094581333	320.248638845419	309.443960120208	261.880178129018	191.070866932085	238.814443144621	152.269558504376	154.428187864235	503.902197862763
347.685	-14.9490786621285	9.23003271992532	6.02917804498656	14.4004082165857	-17.6827347393041	-5.55102288192317	-4.17529049469284	-0.227844027274314	5.66199198340002	-6.02952261667601	-0.67142200439762	10.3577437472432	-1.25349561177223	-4.07398390668096	8.32581970257347	10.6187218666501	-2.91283887416954	13.5588193375036	-19.6499194586881	33.9685731675083	28.9989729458316	25.8187806811732	61.832296103485	188.871305837723	350.514227225335	521.553402485426	557.570858057604	580.120482291429	610.719983897105	913.980062161667	13135.9652139932	25343.5012908883	11846.9771541594	527.210613208801	354.553887165498	342.982097248426	325.634410893545	1343.27721434082	5450.57201834423	3277.06481404431	409.429633218026	210.355818576109	257.195887905945	244.359394648473	318.888930398402	281.219048462561	256.232466820377	314.835223622897	317.479247789322	322.928260713735	152.896816473701	581.491267776094	771.014047146842
352.24	-25.6471726235278	-9.35726609557119	6.58246459165315	-20.3500009817638	-10.298194204592	-16.5309050756502	-19.3123584448343	-7.39151335622858	-21.3946980207242	-14.0590671030801	-16.3362567779616	-0.403866242255136	-11.0133806660381	4.13014261602713	-17.2831103159867	-20.3340738624581	-21.0927966394258	-9.75502979737286	0.971745756545682	-5.65380631570598	17.2337297989572	41.4035929985168	143.889734283676	301.745897265427	494.946167133424	552.989322706257	571.97606264033	598.170564935495	766.592429530039	10667.2616567544	25713.7965431096	14117.9907783264	569.266868921862	320.517026585781	310.426587334495	245.168182514561	653.348280769261	4128.28111149334	4223.98030015598	633.455071038177	171.732701759815	187.114515247675	198.224349756039	217.859926279013	221.357374438742	223.118274565123	268.721957061224	194.043975717352	120.406414846286	119.931190025212	82.6690429859686	147.37673987563	-537.379051329226
356.799	4.12570269097075	3.67948964156717	20.9182930257886	-1.78928558881539	4.62798166114263	7.11282034903986	7.75753102572271	-5.83897298957798	7.12310166063233	3.39941688461093	9.63568102839476	6.12550477183467	5.1397455406672	7.93472206820629	7.7218278860813	19.7543784949419	23.4606435238147	-12.1055005996725	14.738625430769	23.3869628170837	56.8900625384501	119.820518660295	297.228808835122	502.916004181671	532.32156183256	563.883199368987	583.445841663463	708.607658314718	8186.78571679614	26291.5807616641	16520.6263910591	755.703579688447	345.366515661922	311.640465330148	288.435806881826	374.678318023031	2702.80081364344	4743.48420504647	1199.47032695781	178.817741179454	166.598132742118	171.810063349232	229.727500789029	239.829446738668	232.152555116738	251.925288732952	279.264316801489	309.896135889539	161.550550512305	213.037886788808	318.688089262988	228.495994905738	1037.33829721555
361.361	0	13.2325551286285	23.4576123248171	2.70262059430768	-8.93207534865455	9.6691827124632	5.65664568508544	9.40742159880685	16.4706685108775	-4.35666268951883	7.27709152476898	0.822422110831926	2.15647553454014	5.88735620125158	9.00333388028522	22.733666061777	16.7515885286314	10.8353860638959	41.5555631200621	39.7730652200107	126.442675095321	255.84676458602	463.69564587379	538.363331259644	537.811221013001	552.218315641446	638.820099851859	6389.89691778363	26772.7383464214	18314.1875232711	997.204868979945	304.804783548535	297.848371140848	268.857259091413	267.065174314726	1560.40524294197	4566.81059446425	1972.50521358979	238.526963479576	134.896783151177	154.208687610852	168.103611997727	195.619175142351	221.821981747714	227.47962175584	266.300708291111	299.44985243731	262.199560565087	353.642758329054	211.221256374356	368.254613189926	570.2164874107	572.022505779188
365.926	16.0731812359093	28.1386724082054	11.5245240026301	3.61449683609232	-15.9710117505961	15.4460874321033	6.21429045859767	3.3026509954918	2.9311379123418	7.17922835104963	9.73241465991628	-0.82493324917547	16.8718679850102	11.8106646603628	6.97836412650781	15.8807162786388	27.1428826938921	10.4156173080494	37.2164701661279	96.0617712795547	242.786460821394	431.11551952073	511.186118775522	530.111721383039	524.257475303182	618.635220658938	5184.49496074625	26829.5007677519	20257.4454821534	1292.92441252478	272.490482643078	280.572045520322	259.715591795038	243.66420135295	799.583051976063	3743.45940008342	2834.60297700135	391.644879564799	138.813198269988	84.5679184710667	101.609572247415	170.022031053697	182.979642730903	223.396455279754	253.410051217783	174.700031445748	227.178996145533	209.288848777673	243.576152123049	324.420099941086	443.254825834376	431.476752020997	1022.80576515523
370.495	2.36187105927022	10.5321211297187	18.0989536340201	-7.61841978353632	18.159527582096	0.35629370477502	2.14393599235267	4.21177602088478	4.49314676623655	5.26328598471089	8.61907574524061	-11.0461437995508	-3.86188366306567	8.78605096143228	7.32884145038196	14.1361661139521	28.6317793684395	15.2719400801769	77.7658850406329	189.001060660044	388.692013187764	496.552734356202	473.841165083627	508.045424599888	560.340236818993	4111.7072026627	26715.4718615704	21637.5583391895	1766.98772309836	243.471443432593	229.111925978997	228.375094923798	204.148623104841	439.505611315252	2680.75569999141	3443.45135246536	681.307633410662	149.97988958638	113.058999692717	92.8682836976349	114.906902432474	178.397151237292	152.145550165115	157.510065739493	166.872546174235	170.769741458825	169.378407851532	235.14499051233	248.63457529768	272.532240268367	251.231180869084	756.415907232107	1410.39994400026
375.067	-7.06120165253317	-2.09916712243747	-6.17041533884943	-5.80577906242985	-4.23545964554148	-6.74625766922207	-6.94378637031547	-12.1254336916191	-4.21427469996843	0.925615197352165	-4.46647817084073	-0.815413878424431	-7.26953737142512	1.66776781846162	0.405755108288789	14.8924617882887	20.4416500099039	24.6194960391015	144.695565956472	316.510867457758	451.826413330854	448.720802894448	486.111266545851	501.171592845739	3363.71183049549	24705.486763442	22592.5455082002	2272.92889172652	239.776736515732	195.7794322796	214.233713165079	200.642501105409	241.61749352754	1748.96572276031	3781.04985092581	1261.02503051729	176.579438429486	110.909069978239	83.1076902438115	86.5774715422315	126.665823663713	121.531028467617	131.610431802017	159.627872812014	151.746589981709	158.919396923738	90.4258185422814	120.828913901551	177.652131919722	215.965761100508	203.422076934614	19.8371022347243	-394.537768455787
379.641	5.10163556606593	2.52770613698152	-11.4309048156966	-12.0460521217834	-4.45101095553456	-11.2873714649379	-4.88816838839815	-4.04330028660291	-3.80595519581605	1.48610255297423	-19.8583274655689	5.10576720726085	-20.1847551819084	-2.81153304404224	0.390871090298804	0.775468783804372	23.3840171401225	99.1776604544784	243.810532262488	368.379821527238	406.662770278703	435.500347005031	465.970531333364	2736.99222903473	22408.1928464844	23457.1287813215	2701.94401820998	231.787067528626	172.726668570183	194.239612984569	180.428550851119	193.282478927	963.34466481048	3385.30739351304	1959.87929584117	268.790032968576	117.394409793654	92.0864853838727	73.6113979164771	88.0030817786953	98.601562714814	113.059063358134	120.851309918512	140.103706012403	114.14068908913	156.706169081864	239.549184465165	93.4700252290273	157.624755331752	258.478470488473	226.107800317163	171.984890847098	451.327458181012
384.219	-20.2511256142705	11.5388933427415	-2.26876936141042	5.12327534505906	0.73618532726533	3.39436563917449	3.82968947081168	2.89792130881381	-4.02876689274204	-5.6041805871716	-3.28451433847934	5.06688157809734	-2.45277889799313	3.18870897136778	21.7220756452911	12.313004758886	77.3530799319799	190.425795619159	341.829888849685	361.109961646587	420.19741334161	448.25840775322	2226.40690824646	20797.6729926043	24361.4451772543	3394.99197045034	209.532375977245	155.234377159157	209.008441919159	176.363658722706	160.435914423647	519.1563441553	2682.35581093883	2651.56642052319	452.146129726083	134.945829253574	120.779935544207	81.7922362053706	77.3165104898675	101.032118828535	116.809167076959	106.886855102279	133.174807321011	153.449011359092	149.04130424848	198.57774471122	102.293690155995	168.014772360993	143.016486326158	253.381723657413	423.839766264761	739.591884824217	-212.158486837696
388.801	5.98162963933159	-6.78960527226551	-4.82495422089966	-7.84151937381427	-13.5213771292685	-11.1562363696876	-10.1189704138942	-3.44781048734958	-4.13791195760191	14.2563612760809	-12.3827166960197	13.9405302653841	-1.97586524788133	14.256298772975	14.6237269504985	63.6048667434564	146.008482353751	275.499087460208	325.452129377545	351.952713104762	398.155271422665	1597.42307348882	18755.8616518102	24651.2194491198	3925.40675130162	211.514730658252	150.443000511472	159.439898752884	156.710402103551	152.316481811285	289.499977230602	1816.63880634492	3009.68389519155	816.248058575817	157.7765209693	97.4016687887348	109.400221580897	84.9232259913806	76.8016726816306	94.9062490528259	100.501524355598	108.458924960667	143.672960011762	120.471140622438	159.442332487564	203.523855626708	169.914520920189	213.170423320212	194.414569093532	266.105044283642	250.649179365813	531.625367292732	865.927763163643
393.385	-2.08133437778757	-11.1373729868622	-8.81403637600376	-18.5609204161848	-9.19297598061	-8.47730065641273	-3.77857010199233	-11.7531232705417	-4.4252820624577	-9.54908511295943	-1.82287803557241	3.60522688800642	-0.756262116794275	9.58591214046272	29.7801298210781	100.368717968074	196.199064531706	234.327184318033	293.200293657103	347.327498768938	1318.06216858556	15992.2507529649	24833.9855697835	4563.91585009713	196.888769511152	121.132065994107	124.461169581432	131.623835562847	125.645738001075	181.629840686382	1075.08271586613	2865.51166898614	1325.69902740417	167.881533509755	115.890000238651	88.6243401508773	88.4081563244201	75.6566803562548	84.8335984276017	87.11748683648	95.6016667646493	85.3588239551431	126.587739886555	167.03224673131	138.780206746533	61.9648941989981	153.258135185624	114.93962690479	57.8761136565829	109.953501315093	92.246090845125	140.330708120786	283.463047332331
397.972	-2.01470955666145	-22.0109198049811	-8.93817417825411	5.35180492950777	-3.62539753626712	-15.1961795113901	-4.8006206048965	-9.78014073860726	-8.34179800633553	-6.07424276209872	6.1758429752165	-8.72455327543327	16.83723489943	25.695861424783	96.2052676611408	167.094284888929	202.677057040318	242.918624942727	296.410097983332	889.600109114888	14215.900488108	25186.9933004133	5263.53982886596	200.53826227168	110.04086262257	105.859909426365	144.064471294754	108.950433637019	125.243493121461	580.084569648552	2389.56531888581	1866.10393679767	313.095959659925	115.18593138796	78.9840806911321	88.2039663640412	77.4886782901112	79.1117341640534	75.4339966240414	86.3731359254313	91.9938151125976	112.348173351701	104.08936943079	118.417505035588	149.461884387041	146.740110419083	144.482187395964	86.1875851793399	112.046925790262	75.6240304651821	200.909779918569	161.308377856806	147.748039970812
402.562	-14.5276557534516	-2.59128506656893	-9.76535355940589	-2.94024863450416	-4.75309001981826	5.25967302383668	-5.49464867625574	2.49467633416121	-2.81788410937661	-0.507827406117535	1.13099001887964	2.01315062878918	24.6338793246981	73.7719011032597	134.569289583602	160.319758303954	191.356963574039	243.12931257612	592.968905407852	10834.8934325916	23772.9210750783	6083.19829396798	230.008138933067	100.044127263634	93.0728028978769	108.138984564793	102.224697418628	87.0010124462118	288.158370934069	1769.54352022679	2243.88235333658	501.15986600993	121.513763582931	91.69907791869	88.4113648829118	70.8625734664873	72.863276733587	84.3191881133802	81.7056075624632	76.1632576950798	88.4464610450424	108.587452082375	110.843229231257	123.33883536419	120.604111846292	111.217687377638	117.826159178664	94.9170873963704	161.589461938209	121.17984700785	424.957588757998	489.752209201471	223.222621314918
407.156	14.8870349827456	-2.56972956854152	1.93682417365947	-2.91579029741927	4.71355163638522	8.98297445374796	4.57711100086983	8.56358471039759	0.859828817400244	-6.79864137439043	-2.52355933129706	34.9370755694597	62.8173344952299	131.684818651944	173.186817614351	187.892716820571	224.868249190177	442.029227584887	8591.17457935376	23252.3735326422	6865.75478843529	279.163393168435	115.416764295317	104.913748470265	133.40029230658	93.5716637666202	97.2224951592198	154.608918212926	1142.35510483084	2386.08219019352	911.053771729826	145.815599704401	100.647355586707	101.77868588171	94.9519284293001	99.4575654210234	110.009506405781	101.289581800139	89.6747794279993	82.3517339030462	94.4978620687318	69.1445734957338	126.252331793423	134.616505445427	145.047865451392	137.865659536228	163.584437981576	165.843731910615	211.752700227864	248.355089386121	549.126413712922	938.977902892751	-201.241593763224
411.752	-21.2540400569206	-11.373192799672	2.66686295381791	2.50926659704125	4.01774924573774	-6.55494078364221	3.85857655371051	0.748661571509711	-0.211414354316174	3.21946855001659	3.8608374035556	38.6155054122943	118.758735238203	154.948794539469	145.254791621753	186.734353167506	318.240907868767	6406.90283248059	21365.2823237928	8176.68129785425	302.698321594884	114.529506667935	86.1940649999856	94.9597373420051	85.81296126366	93.0634868241387	98.0021033048168	649.312798664816	2139.45376733433	1351.17249699585	198.23263081185	65.550409668832	82.1537383551829	87.373560296625	66.5516293043217	92.5308624912434	73.860989159382	83.5113699045712	71.1842118947506	80.5151841592602	94.9943121789526	84.1700692769461	140.851236354534	103.925157135395	130.977697015559	116.509889244885	83.4683641173628	129.31271235407	144.470497840891	233.755903690988	217.705015064075	262.720395129737	-475.019519190144
416.352	26.0322280076586	-7.87710382344496	13.1239641178924	-0.35281179586086	7.90873739653761	0.841504655265853	-0.632951162895228	9.94749298405263	4.78582306675012	11.212255812258	40.4421351527026	103.390129660569	151.680634764099	143.611107569511	168.607032405643	272.185182770345	4677.45026075533	18548.3151397689	8760.73421896088	425.892785242857	109.144189624045	100.577571724861	80.6683696184835	90.518057738064	92.4863687863071	84.8105532477587	368.743657650537	1690.71210516064	1758.59490651372	339.074021254415	87.7319960578348	88.7509082974314	95.7700421178107	71.4369826959454	82.0532902594968	85.4953891480737	93.5221924817349	75.5183144420674	98.702671308885	101.414791069168	81.8719661616777	99.84962928523	126.468824788313	135.913906534431	127.269321026203	170.030792317215	150.01603676795	83.884336566309	221.597074049483	196.46287957121	477.98845891764	634.68640978752	584.407526099632
420.954	-20.0403403012944	-8.93644429511036	-11.3890575319486	1.7283918276913	3.27835209948492	-0.824490442887168	-1.03358941897666	7.58050738347862	0.611616453703164	21.7322984937539	73.9301703188022	101.930856359353	112.53608863436	145.871040287083	231.779704724901	3501.13490675981	16145.3899600614	9073.82569067003	519.746654198248	89.5609520456009	51.4883899761927	63.9606431465209	61.9682526429258	75.7091756208005	69.4155861818741	173.171617669301	1148.18081446631	1919.03246537792	619.626020698056	95.8446708151194	54.8464382797185	60.0031741560431	62.6640193537802	65.348553178592	84.8797886715939	63.3713864341639	75.4610592174099	73.1738401148402	78.1427275710513	51.299711431525	71.7988206729489	76.3295173410199	72.083293470813	71.3879001986471	86.8850164143394	88.1393060785826	79.3241009142489	48.1793460107864	103.130407629442	159.564606452896	363.354910579695	506.695700029392	515.332357705649
425.56	19.2139648817884	0	15.1381047102401	8.13915957217241	13.4498321234006	11.8635091401842	10.7485539725929	7.25987198865215	29.2016158118429	61.8535054418086	102.272553501847	108.97877846157	127.290234933861	213.396191096647	2603.58567843557	13995.7464839068	9083.04015258772	646.854235749121	100.192832784594	83.1366298566205	65.2786798223551	71.1402043064774	85.185319784448	70.0310333014534	96.6161142452483	714.45929337771	1834.36142812607	954.028175920637	149.002356005012	70.8397865059802	62.618335243341	62.3295412365264	66.2552649734599	66.0635504163367	80.5642300906638	78.9645847061047	79.6976291984215	77.0016739397697	94.875511699577	83.8802648994543	89.3847136437749	86.4856674499303	85.3293089147486	106.400698013167	156.272458229942	106.424686344292	92.6994988113975	145.971275916938	218.329847618047	231.086772010993	590.161554508431	504.631326879695	468.122783511698
430.168	-24.9859562021696	-4.69128719801195	-17.6792892176699	1.33076354238066	0.860503950285031	0.529009011371527	0.596853862009616	18.5866647515863	39.4387068273307	68.7233245500948	100.842089493062	111.464845416766	149.082770794186	2007.0874819279	12597.7973228716	9179.87928225108	760.759948270012	76.0282627159985	67.5971966963562	59.912058262212	58.7023359569407	49.0313268059236	62.497051853323	47.5355466905375	403.149150918047	1499.02880455747	1256.31870321177	220.825462670404	57.9649625501112	53.2894297265942	43.5251358508016	49.1019168037376	59.9971844963239	62.2548319547276	66.0831843511655	45.918105264755	68.9205084997671	57.4413152051058	60.6640708732483	63.6057948388573	71.4840699124257	70.8750604331375	95.7490393373033	79.9365392463983	107.622886413743	98.8104331689361	66.2394870311707	100.921200153676	53.9811678149578	143.819154370316	73.8262533329758	66.4989052786972	-1175.63450920138
434.779	19.6774670891632	3.50985234516834	2.11632132853752	10.9519235920485	10.8730346616595	15.0398495659457	17.2663908865963	44.3601713966107	69.8763782673247	77.2677801573355	107.233496419903	144.216306516235	1513.55339463047	11710.0235792524	9951.53070559269	916.458585578919	80.3836533137225	70.1872517118008	46.2909656662386	70.1761425139002	63.1216456707962	58.9077703230088	52.369011856538	213.213254934865	1174.97038766068	1483.23298657497	391.599147232869	83.2746022932215	53.109229825464	50.6720096738444	50.1931196612801	53.6026341403325	69.8253662700086	63.3763308774051	70.2278396625511	63.2887911886458	71.7088604423031	57.3007013135988	75.4372146712714	78.0924191556103	65.1289596930455	87.2157946035676	102.94992190754	83.6949501376594	139.798970227391	96.7087654880873	153.433813149676	80.2672271899626	112.909244325533	218.848105235449	383.731971121767	398.016712756315	568.053981044671
439.393	-10.4248191473788	-18.9820461114522	-3.50373269076229	12.527392041109	6.82148650666424	15.2018777952154	34.5001490521956	62.6549287764079	65.133975264778	81.0810080350371	116.411120267392	1055.46488428518	10479.2377194557	11034.7124056615	1178.90553163567	85.56914207789	61.3012375114073	59.4769779739458	51.4140091898736	57.4526373732455	45.7042095338884	60.2890122804081	123.858465664953	792.510499371646	1543.81083060308	645.389115218224	101.081979434554	47.1350798790934	36.5232795497914	41.0707631129619	44.0473397075706	56.0000713794182	62.548540503775	58.842019155474	57.5853622912875	61.1310000482054	49.9356383736656	55.7498529120965	49.4078675025235	64.7909205432102	66.5845231007195	86.6354725766999	71.0172966243546	94.9214017554854	94.3693830360489	96.9889831261877	40.050101283489	120.275414553549	110.432454479949	214.97645395456	246.418534667252	197.684181860664	527.869438319628
444.01	5.58298893900188	-7.27723957060684	5.19622982956672	-0.325944156553296	20.795321058131	32.9108494442817	55.1614261049453	60.0751259168081	75.7399697041462	101.332272554962	721.168571933772	8562.28111792347	11437.8929660636	1568.05679034719	79.660370708484	50.8202644344347	51.2843318922387	58.478408829808	45.1055309051326	59.8331579411892	51.1631795892896	64.8674914490296	483.889233160118	1399.18644232129	925.689099458031	151.062625484568	49.1965295119613	41.6645980089546	36.7279758694771	50.071558217836	45.3643380547383	60.2083457067646	58.4743368973688	54.7367237029964	53.681436189573	67.3086734611421	59.8993030800199	73.2364723003324	76.1241747485194	67.5452232126228	81.2399329972258	77.5472858793027	89.3135547409892	111.971725636656	91.7862236306879	107.765870569036	93.494523176855	112.236022966124	168.895497827922	148.067145902914	247.441694304758	441.57463426162	557.899975075759
448.63	4.2155343703763	1.50384225052536	4.08044527931707	14.3974285767856	29.7911237143929	52.1456939436544	54.1457913075723	71.3307973763912	84.5349185774508	513.68940927151	7185.23505891686	11326.02657609	1975.62946871892	95.8817378252316	52.6135780389789	42.0991078586192	35.0855119323051	34.3127489945195	41.4639317133272	39.4021502627101	50.2211606966622	251.594979851155	1125.11493936064	1144.18678313983	250.66076352899	62.4504033394462	34.0161051288307	34.8385833846331	31.8103576176605	43.7551658123358	48.3882753092133	51.0812227496879	48.382358352309	49.737618197257	61.6349021218502	64.0468508368163	70.5557211201038	60.9156540101142	65.931681906601	64.5905689068627	70.1198467949851	85.572227645671	75.5387923150032	101.650956676127	71.4813233627121	107.574590076313	98.25119858087	98.3656499826315	192.579448267804	295.370270146455	265.306012483901	504.500790487092	671.285805838698
453.253	-0.833444853591949	-1.48660819031896	7.73122632576792	19.9254072879162	39.5389717392403	58.3373657080662	63.1711779617851	82.238046521292	368.959460805991	5482.03846858358	10680.616367325	2540.27986756301	94.1819648567425	53.149307284236	50.2865163234147	41.0465601846115	40.7153324096755	30.4324703567759	32.6520584969876	37.4807668909454	147.84974529836	794.10820805231	1263.64070166359	424.194124916486	63.1985021147553	26.7618493040995	15.6122013962392	29.3483007988084	33.5421976818779	36.1435284742077	35.5084853834411	55.780278414076	42.7777451546237	64.6463206628935	51.1421115504799	56.6483598138126	66.2245678456266	44.5086309202574	64.7810969151895	78.2272619869209	55.7248461533716	43.7712184925647	57.2312205585679	50.8710551270894	63.3015058501963	80.6425189797571	82.1828937048238	57.0465149767961	193.68331001528	206.243599999823	313.979944426248	323.113849202317	-157.166729525906
457.878	-7.84148081845689	-5.15302412195099	22.3045242204714	44.1655232951682	43.2090741904401	50.0555798442004	69.8681027471162	281.299849387963	4576.63320124664	9921.05340022818	2498.41148340328	108.662280468507	41.0889964874319	30.1203447299282	18.2134025101352	31.3353726995616	25.9860984146014	20.4068955303052	25.4572824983936	61.1385575665445	503.877696545179	1220.12680435889	666.42072895	102.90390231873	30.3654066307204	7.2284020491939	14.5698302300698	20.4646153726258	26.6939972158341	28.7537440642169	39.8166717311709	31.4013588577369	26.772837315353	24.647658664241	33.7664190628643	48.1824505362045	54.4231270585084	55.9334788290468	42.2499125970582	46.4843743693539	57.8803417788229	24.3537724670404	46.9635125367015	68.4188896269982	53.9442202403666	48.2706327991984	23.2547135633182	62.9173078702668	54.1025688743629	71.1458836582299	149.990740485044	187.827472911125	242.127296124078
462.506	6.54843316745699	16.7905493226756	49.8503304665991	50.9425932743069	52.2230849566601	80.7564324888706	273.618714791277	3887.27962602672	9688.6580364011	2919.4153945809	132.388931473761	71.7445098940004	46.398346005478	47.8497409554417	38.3815892326316	36.6738171018269	38.5068605268603	26.1526561593961	59.7023332460528	271.030881074618	1036.74379687021	919.597551269237	189.393956298202	57.6652562505078	30.7274102558505	33.4519943436954	33.6152384297962	23.8238775438443	35.590116128511	44.8086625526349	46.1144786944698	59.3970451284135	48.7239412900001	48.5872541769095	63.5606083082472	51.0544450853397	65.0413693707216	69.7945350571275	71.3826745135287	68.939008474806	73.8622270398225	78.2499714498314	58.3499852081216	97.4570714596742	79.5204480864592	109.663923853688	82.8110589732612	123.5147202865	130.066923246459	157.039935462883	431.718328811787	558.796019091189	926.152300310505
467.137	7.27308288034647	33.873770546232	40.7408158840831	53.0532408912478	59.2249284585876	222.601847633598	4101.47972428706	9440.2901682128	3139.79463077437	143.855893717368	42.4661639346142	28.2760108997051	26.1334364837004	33.7836266298563	22.8468595486407	16.8594448008012	23.6869090850418	30.1225135386428	122.597962871963	688.002043733567	997.176342796835	310.432808965789	42.4654866534744	24.3072837579049	13.6510823749307	5.89742738751551	13.3911474163103	24.9720672095227	22.6499502323197	33.3217548036301	39.83583924522	39.2830609667029	46.6626682921849	37.0795036258981	35.8136562086263	46.5264662539863	40.3034709104477	46.420135287599	40.2154475687265	38.5401510998638	40.4138990202296	44.3486839262759	68.1761664668998	42.017864412717	52.0999861900743	54.1330379191972	54.8486233058867	43.9990848865693	72.2300654654558	224.693046164574	261.45984573018	279.242010359488	558.7675854743
471.771	24.059418550319	16.0929642722023	22.3180705090735	52.0414959300438	176.324899531048	3618.53060452701	8950.87923064605	3496.96503322955	155.976490216127	52.3534224704189	29.0322073901633	29.7281846507164	19.5240163990375	25.5714065163776	22.94978373793	21.9427606703514	23.797156800866	57.9570909941148	435.8602937005	1007.36706840777	473.87836115077	76.6093352963739	36.9158339805848	18.7267622050259	11.138947144593	14.9241851507524	6.06690367431058	25.93500875078	27.0887115410847	25.3715924905996	27.9556101592153	33.8996587333618	20.2955464478526	36.2136998175397	39.490624022676	28.5374674181659	36.9466260637158	43.9080457874093	30.0274563431135	44.7575278035237	39.6709099785	44.0117443850955	43.5320184848217	53.1808656510899	40.3717382913959	47.7526770284319	60.5940134385504	72.3588137939191	60.5308729099916	205.147063552003	220.374670281209	94.6265007808235	739.363124685686
476.407	59.0809240592103	43.7905431197876	62.4684846974093	160.576215415161	2604.30123672292	8899.9681932622	3491.70854599099	182.868948307326	54.3206099219953	31.3970378577802	34.2631583994213	26.276039394873	20.0168225275657	23.4769614153563	15.9654140268586	24.8481670726033	41.891982063884	241.722864811409	820.90056035287	712.103089082847	122.191718131304	40.4146859889018	16.5865515826626	13.9032088768829	15.2849591390155	12.5268130088785	18.4068496824552	15.7782293925658	28.4018988509445	40.8669192430737	45.5407818552743	27.8420341362561	30.4493386833844	34.0164321923613	40.8259312106356	42.1357802199891	36.1063636359577	54.8185312615567	36.3257318581715	55.8990179608298	50.7771497064173	42.4013642120365	59.0011997583291	61.3655440280412	52.8829341967244	48.3878403193832	42.9416457151969	117.988243900235	104.661983899269	144.292089027042	329.082373847952	322.981516276206	5302.93201252149
481.047	32.1864758980762	49.2598251532357	145.197884546212	2830.36516711684	9085.71464087865	3937.55300399949	199.466134454696	50.3889091991282	25.4348942917784	32.5031057976769	24.1293845093329	30.5606173674933	15.5934658423004	17.4565464691346	13.9741439774251	30.9856537138388	116.759381506624	574.631762005228	819.78402574788	241.067281681992	43.883946249899	8.43516762033349	20.3952635905443	11.6376941845473	23.8664012854635	19.718955063083	20.0401227466266	21.1314910185522	19.4188693608263	33.6170201482743	24.0650497951239	26.5945237730512	14.1633809676694	15.0490501059703	28.8985737686961	33.045573525063	29.2228165806916	27.4618338542022	59.8884550455647	44.3527571477436	55.7281996346999	33.2964946320504	55.0923261912063	40.7226634602274	47.7272090392282	61.6860680711589	69.2055863129142	56.869028498394	142.066075049449	269.582589491227	299.394242327698	629.603495920536	17251.2034859109
485.688	60.5026874587556	120.342888820382	2260.68003987316	9019.50044765558	4809.39984369401	288.700476949333	41.5512935911484	35.1748707489209	22.0931811379661	21.7058236864935	28.586480200208	27.0276252621272	25.4550663951474	13.8199155098737	24.9769323928695	65.6168719054933	354.622652324584	778.791393244593	385.543197410382	44.2245116758728	25.6139372815641	5.19975666626618	24.6459199711413	28.9864955401021	2.09188429805729	9.00490938572943	29.5380778320974	40.6190194029895	22.3127088530372	16.695788451158	35.8790513433492	27.7617267761716	41.4278559030962	27.2506124076639	34.0742486723079	29.2826549669462	32.301056033651	38.2265634028285	43.3896846975325	31.907861420772	50.1979475392892	57.7813847695891	46.8565623145827	61.7884293643957	33.0443834029385	54.17349702274	90.7329256658119	111.455923708944	164.446214457805	196.999300985849	218.755447366876	4522.11749674792	25404.0064526472
490.333	76.5318040971106	2193.74389468969	8631.33172980921	4759.6174654918	348.20297960834	46.4205185105895	35.0968457776241	20.218422205509	16.4147412005444	23.6173420544994	18.6189508199127	20.1611043607115	11.0074013789223	17.7934229392091	22.8131598108465	196.854488783477	647.6411131307	533.366411790551	89.0453725353586	27.0640552059455	10.7452360467982	8.46147411368707	8.11859907183126	20.1928446223601	6.28446857967196	20.6531189491598	10.0513106252291	18.3328805521891	21.7711280730614	22.6701583174881	24.4207995585173	35.663556177393	33.8139734286459	32.5144251550652	14.7963150362769	28.0488422257549	30.9986627992332	36.8492241074755	38.1609934400014	36.8062560186256	48.1017187165825	30.577771815903	34.4097481108297	34.8423604336604	40.1313985351898	55.9448968191007	79.630447317091	80.6090210933331	161.510349682738	272.639912936894	544.123586856353	12913.5299327707	20796.0717391416
494.979	1630.56786454481	8218.51650159804	5178.12430532557	374.10433261766	36.2433680327614	25.2466935591142	20.0748296028902	14.2115789671262	9.63169016971832	16.9238873723073	0.93065291198574	10.4915000161498	-2.02703747551599	11.0114900532604	117.052173129437	484.076073892141	612.252533394587	174.297115402707	18.268453416788	8.7842499656906	3.46510818159975	-17.2429307184975	-11.0378003563282	-3.46954676949935	6.58164535035581	2.61717244091779	-0.574178831825375	6.58629383893794	5.72743102172512	13.8810774545418	5.05098016390416	16.5628652516354	8.52183324784004	18.5737913682112	25.3570838658349	16.8877063412507	15.4944261257282	17.167019164374	21.9072983755902	22.2384990183368	38.5558386087325	29.1572593434195	4.69075336537673	7.20648277679501	12.6690624102331	2.54214505518044	58.1730641211195	92.9809727466556	158.293367071837	141.81652139557	2811.59285257959	21385.8827151961	6328.68816228634
499.629	7669.16525599955	5138.62466254043	408.14640755253	39.7269608101922	30.3590364121364	11.4853654755765	9.53878655516142	18.2283007245725	12.0699655120714	9.35655540908878	11.8082706231834	5.22030601831879	0.576344437551765	39.0557207180017	304.336063382621	591.039163143219	278.668704764585	46.1532361656241	11.5689916978964	-3.49665713323917	1.72415050914418	-5.18016470776313	-1.93839928257143	0	-7.74058022971292	8.97098014204896	7.9995136814706	11.9688087967006	19.0938297981695	9.02122361867198	4.74723194783756	26.5396648843543	11.024648623939	20.2165480088797	-3.00405855325217	15.2203419149917	23.4641094886411	30.9643009382638	7.51759972385908	38.6280146375442	30.6088397883735	29.9518296267652	18.1533385123641	19.1240758596092	7.70465201028029	45.5366633923189	16.2500775992896	46.8818554019555	233.137859592875	313.129202026104	10288.4619974712	16843.9147570786	-33.2347835804666
504.281	5772.89806637875	498.108139720567	36.5021473453491	33.1399885894254	23.6369682733015	8.86244524034189	16.7551557213188	15.7302800388872	4.7974354422946	0.208138173284058	7.64853608920987	12.651687372004	30.2893300860325	190.136200369327	530.46933759795	408.642739601176	81.589743500933	22.6474990150537	3.30883966849533	3.15024127554971	-8.62965508071248	6.48189274256933	-2.91060156208667	-0.314207604790164	14.3050593648255	10.4286708608052	15.1575734852599	7.98744588284556	13.9785647642831	11.8525833756019	13.6973284214598	23.211231360097	24.0528938090151	31.5125623549991	13.2315075377813	19.0450746962464	3.35547722261961	29.571161154395	26.3387706672867	26.1813941917111	20.2831142093593	19.6761865634432	22.8449071342603	2.99122266172773	39.9653349576189	18.571132348189	85.4010088861694	134.615773505042	163.995785564706	2024.19720653524	16981.0019380225	6396.59191836593	282.787389895941
508.936	638.189995864972	51.4222585478315	20.7059742566087	17.9837257231693	13.9544553478937	18.1106560847372	20.6125684503941	17.6841279415234	13.9650089050235	9.11114935162893	9.68461635491752	18.606654068824	100.734036311834	416.659763696899	504.60399305328	137.767321200798	22.2936193234676	16.5230579532226	12.8383461579079	12.5363918777987	6.52492885333122	9.9954485748572	11.5827451267473	18.7558475054264	14.8247432982778	20.1740573331551	13.0882142322055	21.2853066520963	24.9757147495779	18.5300424702493	33.3725802119583	27.265590912474	15.765406956392	20.4213439180991	31.7125575157612	13.894817821622	26.372429314984	31.9007978974631	20.2143588563884	36.0653933249345	17.173765164837	19.1092766840747	38.7406349512241	26.7830481707824	42.5507468424197	66.3455114047654	127.445061406793	201.503248383035	263.558714425189	7796.15722841597	15248.6928142909	772.178121802783	99.2958548365969
513.593	32.9801770942992	22.0599184705743	20.9021668602902	24.4347181606867	5.65206142602024	7.10733698966788	11.4045802682557	12.6024587738644	10.0173775651986	8.64639041115552	4.58488226912527	31.0119648997411	265.91944375913	518.280396199702	227.956729116663	25.7817464231903	6.53550085913873	-1.49335411390294	1.63636258287559	-7.27033487417616	10.2425595135264	-1.28222915738635	8.63650094963418	0.310778169537235	-5.01107797603976	-1.43261758194685	9.90046674763153	5.9251998668354	9.31138438220542	3.34949078216431	6.08269838342786	20.4684812819321	16.5133137367736	19.4446417066794	3.27177289005779	20.4069734238761	19.9131221511845	4.93346593349997	23.0740039517606	28.2860024026241	35.4281669706237	12.5109191579819	33.3798122369653	30.7691779858508	-0.693493530342887	47.5909497815395	136.759163544881	169.792329054818	1303.88544658166	13578.0641013309	6417.57160374944	350.752224999672	575.854778086599
518.252	21.4871064548213	19.1631805657725	-1.57564700341268	-1.7790423262949	5.62404027069096	13.4369919619357	7.44715119822309	5.41850975520753	5.59590991483675	2.66299561910893	12.5459176005909	146.170502825947	431.82217851242	339.101385792141	51.4535378289184	5.0773400307534	8.48230420044916	0.297190106120481	-11.3977500577466	-16.1910318453123	-12.5698621262422	-4.46555292988992	-1.27313835188602	-4.32932399806491	9.38585339570265	6.27226649017255	2.25174476012718	-0.561507102516349	-2.5268785763234	3.88836589512115	9.62904451179671	7.15597471017367	8.63347156649241	1.99173071649401	-2.66363383245636	11.5586873054199	-2.64191988142886	6.66222426097865	17.7751821263339	15.0639328309856	8.91931360064832	5.53284174583932	12.7747405972673	25.9063826247417	27.6022162403022	14.9542132786951	65.0387869930405	104.530557176791	5791.83717725345	12661.3026359921	827.654833970339	26.3406267934446	-425.657046244607
522.914	22.9154253655441	-2.77112141690432	-6.26584409594349	-2.35822741018025	16.5196089735722	5.39033433734399	19.3907332354922	9.85036798142702	6.78025470444332	6.72050185227265	75.5169846361313	319.969440066343	423.095131929237	107.329411603172	11.2484279265614	12.2208424568553	-0.843285259630909	2.65911746253628	5.50377500607115	2.39737170153286	-7.43039901995008	14.9040990872406	-10.4421569151755	-1.229738330347	-1.16639176552311	4.81849494928022	5.31671572901603	6.41968560984619	11.7233523985497	12.9776964909385	13.6755820609251	4.6516286426423	12.7362702707097	4.52598624061762	9.12125027736063	-2.79518119563856	5.25303511990721	8.71497851799146	24.6665431411484	-1.97054085656404	13.9343509541047	-7.79249602308595	19.3044015915919	20.4872095229045	67.2311753615604	102.417322046267	170.104519363153	960.666415692602	10940.6433322054	6019.4454180705	416.579017023785	-26.1870616514491	1302.07839130497
527.579	34.5640842285039	20.0887400037616	12.2172463938544	12.6742797315038	18.5510460384317	9.60795279291033	10.2232428312922	4.77082307594065	10.7778523011167	43.37370339363	226.302881995242	431.608657241807	207.153174063111	31.9206162611898	16.0676708497019	6.90678279281319	15.7398437911088	6.20402363917305	7.44558323261961	25.3412591924144	13.8462589332119	11.0977529391751	1.58199612774134	17.5221224469315	5.5398396098411	18.9887521533432	18.1870530083307	11.1636201745294	9.4894399763269	17.6700942397736	20.2379571406483	11.2175782566699	25.7469932946524	27.7190574731236	17.3581655821381	22.3593456415509	8.86366273020198	21.2625468646491	11.4118043653713	14.5806303605119	21.1106665328366	14.6668477173969	7.61944156451062	47.9940891192071	83.688078293063	147.830449806109	174.067193432169	4389.65121356104	10686.603567046	1256.90262519494	289.168141114226	418.953564595364	2815.47959600899
532.245	26.8129814080489	15.2488941254804	16.9263553301088	13.2717537343169	18.3079200704633	12.1930208276961	8.28933152425446	8.46945129830342	20.0031939921527	132.236871737524	362.120739576002	308.284889276997	61.5620387506192	25.0562248996205	7.23479797677484	3.4554671677808	2.53113825981592	0.886821823721517	7.12614304562582	9.59434808478401	5.06874939149675	8.56626963320636	-4.74884111136785	6.15180865935723	8.460627143271	6.80602959413117	13.7184809384504	14.2421712925942	3.63049620003954	20.995849555538	11.2196620851424	21.0798222549284	6.64837918674295	16.4150173077855	22.3731109148654	11.4971258518991	21.6797546001377	27.9020687195274	23.5740155777102	24.0527855514771	8.87180942520389	17.4273506383064	48.285469332876	55.0506844533089	106.388927556633	133.871105588791	598.155800425396	8748.30956753544	5526.35152148403	276.598350895206	279.008313630476	1106.96423306872	1954.10769717122
536.915	-10.5802073191259	-11.8822582449872	14.2238316981775	-8.02997072895943	4.10261620606516	-3.78322657755687	0.889254461775764	10.2487504480845	59.2860620227871	250.669848173035	347.088711970491	98.8285747803025	18.5099077486419	-4.99782619100251	-6.48497465859273	0	-7.09002497590211	5.36564603958326	-0.653275314972489	-6.21962702248403	-12.2672286002132	-15.0369664687044	-10.8544967845132	-3.10175306982142	6.76654215381019	-12.01064357581	8.46965257920824	-3.94247058464644	0.844847427955068	-3.06441050447805	-7.45064861355795	2.20851627350692	8.65965580889174	5.99331416197952	3.26542614643959	4.70016622795548	1.32496624744991	1.40682735919496	-10.4003036880203	11.928647258149	12.7805210946912	12.4866498706591	9.73824844199005	19.4887150889345	95.5164596016059	95.8305704092342	3268.82749593794	9254.6281413112	1095.87882644188	82.8052000566111	156.30721905079	1492.75907653937	903.159253981817
541.586	11.8893641325297	12.0172735426861	14.3854537427042	8.12121339227568	8.03913945346829	4.06535289433461	11.331921515937	39.262138568153	178.105190602491	353.470798404063	177.251793630327	36.2461630617602	21.3122635132575	1.6848717703813	-1.6396654739972	-0.813253667593205	-1.43411745146739	6.63252896766072	-0.66069832828459	-6.63976024268458	-13.4405030773578	-2.58856646329016	-5.48891693558046	3.45069731415735	8.03359030254193	2.31373670204572	3.14082678934878	-4.84168250824419	2.84815743333246	0.845244730423559	-0.83725650848056	9.77204866306779	13.84337478474	12.9887459509789	8.70667109015249	9.19024134241869	12.0601937375282	11.7382056547863	14.6507398407209	14.4770275959149	31.8834997484728	3.74178747491528	12.9590813973919	81.2297534416259	142.802646976905	423.917336522297	7103.21797400433	5223.03448268479	207.812069822867	138.842211811192	621.794317706221	1943.93272227283	1395.0439585874
546.26	24.7296239237915	25.6122643183949	9.00860471776529	9.38441706559238	8.61291690340667	12.9966534223506	31.8613464602978	113.171067885841	301.729669533479	253.89629461896	58.2224298643842	20.4507046764448	13.3334991653767	11.0222094458028	8.52617307384728	9.54907422150616	8.37145916314476	12.4402406074105	-4.98715561910487	27.0818276937712	-3.12163323498474	4.55917033090291	18.8475185574273	9.78733206450127	9.58262168285321	12.2253608803386	1.43684444909701	14.331968305921	23.7919770721652	20.7001039372691	17.9765232308734	16.2979889507119	12.51085590441	11.329422280218	11.1800646137099	14.6715230076042	12.1378770291464	10.7398317504391	17.391667744639	28.3310969522599	26.4516367774002	23.066072819599	52.1702187661474	89.5676013587661	115.541602582129	2436.04932240479	8109.25107678803	1263.2903202642	172.707732983083	259.510709259687	1308.16840384304	1855.60601746452	200.575693038551
550.936	28.1303156215296	13.2607456570401	24.31148603734	15.2498774513574	18.4070884806399	25.9461125910404	87.5474371783468	243.648961711843	302.377706412729	104.302235704345	26.5142595795073	21.1612292603319	12.8496034585588	18.2236249491323	15.5178382235156	18.691875509709	16.577871287388	21.7047113590447	17.0837253099719	28.3483623303289	23.0639689413696	16.4050866646078	15.3877381199248	33.7178005468283	15.0853402922156	24.0478908744552	13.6078135696803	18.7715413298629	13.8625913248131	13.7132895466432	15.8476363090256	26.6124354875516	20.3396481956462	25.7558906286277	35.0099243530067	28.278136210542	41.442963730359	35.3470391845719	23.6170598584558	43.223701778738	28.3979385272341	43.6331079637236	87.77884692374	138.086195746429	301.671450564686	5813.70318185109	4893.04908629653	232.551463647595	247.438757568184	402.246867372011	1909.31446866592	1219.27013940931	976.732843657968
555.615	10.4635667585285	-5.38378014966518	-0.973870776180489	-6.4142440596887	0.263340039564764	44.9252068720286	172.061196753442	291.208296589978	168.431572195986	28.4873481818632	7.75433995375918	-0.278841324288364	-3.50952331223702	3.13673129285166	1.66503849972183	-0.27527945751878	-2.91261944303188	14.0826159030937	-10.7347570171263	-2.48408163796739	3.49961239113105	-5.91440235818923	0.983621515678132	-6.3710821395916	2.11501271985881	0	-4.05927398075485	-7.51951382031517	12.436594522716	4.57773056813052	5.38468008963691	9.63974446719525	-8.89358005249227	9.6724763499635	-2.43900761120046	7.40160292132847	8.16454624659326	2.88966028561774	17.1662918239193	4.49198828123148	10.0630847594209	9.97418576750734	100.013088281139	83.0932645475306	1827.58335809767	6935.56191472857	1267.81341602534	96.4110238137145	134.290456700683	707.191585606549	1537.51648414064	94.969752231922	-590.26316055743
560.296	2.82926919688668	16.2210290232837	-6.8465093177042	5.52164550144758	26.7121041912578	113.407333684815	269.11132843104	218.627833884721	41.2492986163364	14.4110955494983	8.96776715155876	5.88093339977414	11.4551642928801	3.43665318791791	3.34444536218692	-1.10586884946843	2.92518659168866	-4.91943600076098	-3.70599436953169	4.63319956231651	1.40588490091076	3.62995194910638	6.91505899642744	-4.79892869986839	-2.73103510595439	1.1798391356644	11.6479675060707	-3.19505934259876	-9.8760155766965	8.90762178481493	-3.98477836649945	4.8406686514102	3.16940281747448	8.83110037693163	0.612382813894448	-3.23197338877589	4.44154425500067	-2.90212837184982	9.57797757396629	21.736600766115	18.0159422544365	58.1952875356943	117.890261170991	247.309681388996	4595.45435727918	4502.12495564752	168.735967461391	77.9646060666652	141.292258318853	1144.03052946738	956.585077358558	170.320572302702	-220.186565155243
564.979	4.89417387965733	8.36595725203569	-4.93472647554041	4.02403070137674	58.1788506579233	206.231083336892	251.931173114968	89.0525411827638	18.803593919292	13.0448724645448	9.28725245650489	4.23877284059356	5.63134628247024	7.80261436348563	1.9686241877379	3.90565238136685	0.59034445350435	-8.68710920856009	13.2586282704646	-5.03486241752043	-3.90125535694017	-5.66081588489338	5.64868600084058	11.9447394233295	4.28681485062149	8.0361583929115	6.1706565000953	7.6204656387439	-2.63795435230764	11.0180715684834	16.3709132980834	6.32122185159474	5.2333427256789	-0.594080749204692	-4.32556608596878	7.17484254267577	11.0322104353801	12.079876364565	-1.15978364306311	-0.413844965908254	21.2831683013537	59.6858784754612	82.15153925612	1492.40152547956	5972.7423473496	1360.80818124386	166.088324264664	85.0163625446848	427.721950756756	1365.33191025111	365.13682221063	89.3701257218634	0
569.664	8.21658886861922	-20.1518029080191	7.95328381062486	41.7817036077507	147.854567633927	253.10414584596	132.014140894613	16.9313454112156	3.8617694807095	-3.44661995005802	0.239875590322909	-4.26976089469037	-6.86672857611459	-7.27745954243698	-7.08220017683893	-4.77724907263403	-3.86529154049034	-1.87513229054994	-0.68490036168277	-0.362262169954302	-0.714504718043986	-9.39185874804089	0.334704787832452	4.5526724352735	-10.7953853038976	-7.19547349930888	-2.95988943807529	0	-7.38122064453984	-11.0986204939971	-16.2012861302033	6.94629152444345	6.15020198504785	-6.58266232067318	13.071565957294	2.95662071630374	2.7782156811914	9.21832404591186	12.8508861759028	15.00733543897	29.4782969801289	66.9102116952043	176.788615462372	3842.48504147175	4096.32328332106	182.592807594715	85.2295921588692	83.0815300266452	781.729565931919	1158.27883602185	145.665821177159	-138.497656428513	-550.912685301499
574.351	-6.62957695941853	-3.32581432479141	18.0481740777522	111.009545260447	239.949361973277	178.515529039741	39.1160329901526	6.73203336576289	1.85468997255952	3.04162537860429	-4.35474605381778	1.43544505422106	-7.22665895247919	-3.22951085692591	-10.2857262736638	-3.1176396864109	-11.0954494886968	2.20639352788949	-1.72691784339901	-1.09609579486067	-25.9425029211826	-6.76593450128199	5.06357744322518	9.18334018023623	-10.8878573005065	-7.25710907620554	2.08967045120505	5.35979712363651	1.19111156953017	8.54255286990465	-7.87824535276749	-11.3844130366655	0.590750846619059	-3.6212992523608	9.41681103484304	15.9037161624799	7.35528556579547	-7.06593821263276	-4.32032178347431	21.8629471715875	62.1644096045665	80.1976122779127	1089.32815021258	5212.99282643224	1372.25816159698	62.5604698501598	43.510444571615	176.610275929437	1045.19908853393	562.2108991463	58.7654309648545	111.747208808103	-1371.71585406046
579.04	-5.01694068975522	16.7787611132684	80.2617002214737	197.046672485114	235.543631866768	68.870355303942	18.9750686467551	12.4255480583551	1.6842467591231	-1.5345025500441	-2.68518925897757	-7.53150560917402	-8.81081743875154	0.592469429512947	-1.44143264349332	-3.14570366394789	0	-3.81643673855248	-8.36382237908366	-4.05519580539954	7.27111913531286	6.48549727901867	-21.4584640996579	-2.97835894895894	4.39434649899193	-8.84794254495961	15.3617900287121	4.50670356042404	-0.600916784061611	8.32222773092524	7.36033588216655	1.17814275043348	-10.4312003849655	12.4841481152742	18.686436934364	4.68033890276754	-2.82723636267066	-0.375239130956267	3.56662792941261	36.0592072288965	86.3591213240788	119.405640660947	3157.95941884968	3663.29253780318	183.876311961304	59.5673586177568	115.644586203766	491.676089377427	1096.12761592529	165.066776406848	66.706220524312	-28.1882802008692	-665.75210832774
583.732	19.3549370743361	65.6691865983645	150.352736107371	251.959489433303	139.314058350286	27.9279187858824	13.5586957558455	7.66987582770362	16.0087841089291	5.5155114991848	5.15914485781621	13.410423678341	7.9500116305035	16.9936636282395	16.5377116631495	6.90736770881145	14.6168069860297	17.924252783598	11.9247336591486	15.5827694579942	10.2448477202143	10.6494599737772	10.2838456665196	15.320345899139	3.15894797905627	-3.68469676634694	25.4640305061373	21.1661555979099	14.8168754405818	7.77734068563964	7.11123576950612	-7.70703769457327	8.09853044893003	2.45155281623982	10.5187622469308	23.2153142996245	19.206228965853	13.9728841009367	24.7276700644326	55.5030452898218	86.9129370156173	735.428992551982	4599.73841564017	1301.85235927363	93.6425418403579	96.6347898919233	127.162708485221	858.751165461073	748.80960975816	128.688643205893	175.294342162362	276.598236470104	687.653680994133
588.426	13.5335725017006	112.400539540448	221.401648335051	175.256810080262	50.6435405650005	18.1189397133259	10.3652998580292	-1.67594223173206	6.24714959235067	11.7530395837446	17.2856219704757	0.586061518930229	12.6010523640303	8.69037872557915	1.45813961087409	7.81076626683288	11.9372537390234	7.39961991622068	7.40316806946893	1.49170824416697	18.0207183751433	-3.45298296087994	2.06735038646793	15.0643985290683	-1.27007980032128	13.8886989561291	5.4846498731029	14.5886036492045	9.1182259153898	16.8373735116304	7.74347191419193	15.1954251193628	17.7878316468709	17.249155513001	0	5.07277125884354	18.5900359368843	3.41629516009955	28.0619658290165	83.2537363606002	98.8548152103327	2431.26535479212	3406.97945869134	168.269442364707	58.2674208387444	40.4716404875087	309.793526836337	922.380390861941	354.490331085731	65.8512627651153	-37.4885449622593	413.467460708779	53.1685679754094
593.121	56.1053119429319	175.130457422318	209.823994125906	65.485609267597	1.9468773167027	6.41183022686091	-2.31492503224025	6.56887845969438	-6.65891673882086	-6.46308550763543	-1.48903805103153	2.65047245217481	1.8532831815707	-11.7455372650688	8.49952539953567	5.23323162852728	-7.07514311206329	3.8799881327207	-18.7776724217458	-0.74958600384622	1.47843959637139	-10.0637538961614	0.692564791988005	6.39234870998772	-3.51019527576023	-1.24072809543999	5.81831967492962	0	-4.58192448343071	-2.41737418928005	4.48974022084426	6.88712696424336	6.66593775801957	-11.1442253643905	5.15189258871686	4.75827601605596	3.95218390731506	12.9705791403288	58.4192030785352	66.8499791659454	476.415199360211	3854.50987563292	1322.02216301713	58.932753172576	31.5317487319138	66.8863641749482	533.420817207574	768.308699376689	50.6536526690584	-33.0903748084434	-3.76761189302965	200.603704731819	-160.303790857586
597.819	133.842590252739	221.953826308218	139.349379115077	33.1031979894355	22.104850479866	14.4494054684528	7.18087479364061	13.2172519081936	6.12499112597345	6.50219286159446	15.2301550874813	21.0358022358016	13.6729792866832	8.18072868461588	16.5121889783226	4.09492011009919	17.949623012056	-1.6264439478277	9.62386668426222	14.3283115153648	30.1195554993003	10.1246484619704	12.1932198209942	17.9391834913872	16.0519774803359	4.99294236835876	14.1716936263969	20.8962771850228	13.8289474740809	0.912000536282362	19.8743912379859	8.13380886248139	7.62076425747258	21.1775757183619	19.7604393989078	22.2256718013108	15.5429289259639	26.86571702804	79.0391357126552	95.4579721221757	1806.08386031134	3338.85261203543	199.111722232134	103.756359318662	77.0404629202574	180.958459733733	795.115914872321	444.350865347848	98.5229602163516	164.075103405998	121.293096319023	526.167141300412	698.853002630675
602.519	177.558895379015	161.814326752905	48.668384636461	-1.96252976970129	2.82004288949425	-0.780150567845887	6.25922886818079	-4.61111073574506	-5.20852163902085	2.03375943928073	-5.78758723219275	-7.16650148748692	-0.939565274477972	-12.2147178547764	4.16044592983863	5.30621845636865	7.48572386974648	-4.26194334149352	2.5146589786346	-19.0010082229236	8.61958980054237	6.33358616615445	-2.10667156109353	4.43471155973541	-9.38321696480759	-9.43524210280114	6.52046309299736	-1.85826001152327	0	-2.75747492291992	1.82094308948819	-2.42893229124503	-0.921669034061137	-3.1387921199224	5.55022905968135	-11.3723627291996	7.2860076736735	36.3599663655389	62.5020447106801	346.783107328042	3258.66147291485	1420.0786196	25.366150671756	20.1347279225455	31.2102891188632	334.513694764188	696.495649376727	132.742496497615	25.6800544820031	69.5003220354824	-30.5612641401145	29.0573548873269	0
607.221	186.119215757034	82.606972273474	22.7999806827874	9.9012148380784	5.69099148100623	3.1487678801292	5.13152474880616	-2.24020295845178	10.3164150084694	-3.19217972044029	6.60154044244607	-1.20519735904977	-10.1124853910523	16.6387016564678	12.5939905553059	14.2776287287686	18.8832193521764	4.96201194028662	2.53735552717283	1.15035033328781	-6.4285038792495	13.1365441171625	25.1539479121899	16.1778986337702	9.1414274797176	-5.3948943157406	17.5448395023611	17.5002996210436	-0.937551898349021	2.47321160396172	2.44983782534669	2.45085509672788	16.4297833883159	-3.80054628566264	0.329430808366436	17.3863730647864	21.6877184527736	58.1546055019108	93.980958011309	1470.25263199427	3107.00457531706	259.173491456412	56.8779952156343	56.361786333085	128.272226345624	573.343579641312	481.143941856289	37.8821870630397	27.6392905149639	108.818706480813	19.2731880202632	-43.9794266269144	328.013095751728
611.924	104.051843151902	0	3.54140102886095	13.6617103299136	6.32025509452383	0.794757512907561	5.57936916461376	4.17550725448172	4.32344165515484	5.98530978381493	1.28172817557447	-4.56292600203601	8.61441281185275	6.84387931096918	15.1369391099666	-11.4117547711146	-6.67264575449461	-6.0116410006337	-5.12348307632098	8.12984282440133	8.78097643519975	2.86763173769127	6.08065994566556	17.3759373902235	-3.95540738189065	-0.320396679665229	2.53049420110441	2.83957898506374	25.5571880426099	4.99396228134311	2.47338272139579	14.2278561750077	0.938925663102311	7.67414513529495	5.65414732148346	20.3620251782642	49.3591284595105	46.4979535815957	226.806506794356	2766.06651552428	1518.79269650307	61.14137415293	43.0684785963558	72.1218374333988	173.707338626919	666.615584473828	208.025699111924	86.0540964843575	73.2504311390078	158.693225988021	108.967144909356	214.610169356469	625.534952899448
616.63	35.5145388559623	9.89796372533218	18.6205804132824	14.1509392872607	9.0050967183627	8.30404783855106	2.61929962127199	-5.10165117022809	3.7755070360873	7.91419895173332	12.4417630371979	5.84413889362787	6.77479208765323	5.97651513624302	8.26507093085766	2.73291487563902	9.95990576732457	-6.7540658353516	0.740085724635172	1.56580475384663	6.17660344882409	7.97390089095899	7.23346779473816	9.4876086887196	7.66571327341206	4.21159033475372	13.7530358886276	6.38052186009767	17.5471060274611	-5.99644200111777	20.9455080774619	2.18924535037162	12.6585717459024	11.6395456718537	3.02674246133667	17.3941743091441	42.7794753793333	84.8684356437761	1115.53575940275	2833.84052113699	311.778098514855	77.5406906006235	65.0325900601308	83.6305704167213	360.697175186226	605.131891523253	101.19289710748	70.4394468826278	86.4115382214318	-76.5281980123892	-3.93506854616058	269.382613113818	186.031901829446
621.338	19.2387923937612	27.1336314384391	10.4660071722226	16.2993533330685	0.878296399242715	6.74934016428192	0.609194876680711	2.30488506680291	4.80646832289866	-0.234596325953266	2.87360144327584	6.8199747782636	5.52737281192492	10.7787028548927	7.40435482237165	1.53019493176851	15.5427525470548	0.68070422990415	7.08596156382274	6.31234545312626	28.7908585865785	4.01822265108976	6.56118406350661	10.6244734217614	13.43624412484	4.24462453487626	13.2162162795743	7.71668205500389	21.2216870607644	8.27001970174289	7.87678996676838	8.51046558554609	8.29260966997374	17.2704063993703	22.7091522704334	45.0787061766385	60.1341099118645	155.808619231417	2358.83690028804	1514.97367780118	69.5572307341508	38.5464128939165	37.4529613206989	126.092661652856	543.708981819931	340.618473627601	73.3386914545738	68.2079505910534	21.3279965520384	-4.97602952764552	178.467021396405	135.747776731335	1106.19730811133
626.047	9.48612783678904	13.6974035670951	9.10926558755832	9.94231366950019	3.54700188487443	-2.45315022064389	11.6861153525174	5.54916887059719	7.88569136522901	2.36854440897832	6.06627381978828	14.0842241147562	4.59576906981315	13.1229587857492	9.03304771176911	-3.70781730078	2.94231747043594	1.03088455756244	-0.376535143619452	3.58487164675597	0.785621242670855	3.31928197396338	9.20047078431706	6.43604379204085	23.7397565149083	5.60409094809342	7.1598889573812	-1.29849320692856	1.62317857076325	17.3415248142645	12.7241732440106	3.81883705003845	-2.89814900796734	9.54080481674643	13.3459979051516	39.7332333985067	71.7863608420226	857.898171748463	2625.17687700135	349.730689513342	34.3767338204777	51.7122183917574	48.4485034131204	211.042646900756	509.846277744557	118.154593100631	45.1209375903901	105.404829410331	61.0109880811281	-22.6076691138534	192.197185923956	312.179515845444	151.436616686923
630.758	21.915250102178	23.6168974487066	18.4140312468968	11.0885550431006	-6.27386231622525	6.33643502131388	5.59492917198406	6.15149506882595	8.58341230567625	10.5334278314983	18.1275287246418	14.8680422647014	14.2670483656372	11.6462450682011	2.20378824354795	14.6781206818565	2.64345866393435	23.9647766478002	9.5143920131626	8.4544607391745	13.4988774626868	18.6383369152857	13.7628153017712	0.722789769224433	5.48445804589882	5.99741738414706	0	6.2340288422859	19.0309209537679	13.9571740112073	8.68098212646557	12.5444031845084	10.7405780897309	3.99028370870478	31.1289498948113	54.0329220324395	107.291273440142	1932.95378612436	1488.31529746838	42.6218748151546	31.2710624246704	45.8010965684	54.3429764503915	370.879485816447	358.867328307188	100.975114064199	12.8629834034166	34.0914916343925	92.4985304905691	96.4789106228672	84.9885848098115	177.004332935872	746.175583715792
635.471	-8.28135141824893	6.97537060483055	-17.8132689091947	-21.6491167774001	-8.12836071655985	-9.43886081203939	-3.96741786939486	-0.729264830404753	7.41372888372774	-4.82470271557515	-12.3569427960947	-7.01297232578941	-7.35549448186592	0.325991997499282	-11.1035890904799	-5.03519267842827	0.665941450316968	-17.8491683738039	-1.53399710222353	-11.7648970210082	6.00113659769198	-2.62941241346951	-11.2447635457623	-11.653476228152	-23.4880067984468	-9.73673347622817	-7.62378206549183	-11.2413284846905	-9.58855856059226	-5.23326269244401	2.59190213918376	-17.8267265095737	-6.88741936124325	-14.7434364029519	21.6091242045479	43.0433550951323	586.079285158692	2339.26285133439	372.429570119576	8.86996360883822	-2.00071668354087	17.9182010563404	98.0873833332902	404.237051037831	162.527711934006	3.91349262489162	-15.3184876821707	61.5498122948719	-7.31051821778432	-46.0516096523109	-163.126609416415	-201.62896690208	-1137.50143671685
640.186	0	0.822166475752191	-8.55148672379557	-2.44882605091919	-13.5726022152053	-8.34398131144719	-5.23004897755442	-0.913285759371297	-3.71379654197243	-7.49227414175814	6.45915712583447	-0.638735189340419	-9.7140110731228	-10.7778536486453	-16.845449724539	-5.67518495264909	-2.00156042455632	-4.20765825598862	-3.07373157178037	-13.0062325131719	0	-3.01066240190318	-4.50631682129189	13.8643820056623	2.07634685659741	-12.7823376099521	-2.98879790090718	-2.31871923466017	-5.63139059994292	-8.19226447785356	3.24593647562399	-5.52038334271402	-11.5004988753774	8.39261799855661	35.6169766121717	71.8730820500936	1482.1598026259	1465.75594830394	37.574753432541	12.1605435715906	-13.5300926205939	13.0557886301916	204.98206541843	313.296474072514	23.6105892953823	6.8614194851933	-16.5276831391146	-20.0769490114197	86.0592255289202	-35.8849006733618	12.2573750832203	-271.931190742092	-695.366631026497
644.903	0.466202264499178	-16.631216852868	-8.64919905593016	-7.43042162790608	-5.49107504030201	-12.9402946730462	-3.17388562762483	-7.20502604359917	0.834718156353196	-4.64450926264478	-1.63324043874782	-11.9516216932555	-1.01638001611028	-2.64266793744965	-10.6085235929211	-9.8856100408373	2.69924128885288	-8.51147291478704	-0.777213280786852	-8.63286792167981	-16.6215599171638	-4.18696204090849	-1.51926920060128	-18.0820333468007	-0.350011989180265	-6.46419657537091	-11.7559126607591	-12.3961298015269	-1.34017338212745	-6.96013265530961	-12.8038002359956	-7.22565568141561	0	6.11173082885045	37.0834767765672	417.526405198997	2018.10409973995	441.864079235995	8.83816184745743	11.8264368002913	16.725735004464	44.5667694289981	282.9366419304	191.812046431106	18.9396056136085	-8.92262636652473	4.77615266613776	-21.7568093350608	0	31.1099437076358	37.1922966457869	-102.157110101759	-898.676620450309
649.621	13.7112420707251	14.7583056694911	0.762750451907984	7.53560073087499	7.11569183388877	-0.570585527391763	2.1458750752823	-2.06095284352164	6.98390350893376	4.71025321937277	-3.86483832823613	4.25865920881375	-8.24613662673747	-4.69013200283298	1.95612533896126	6.14468753876933	12.6607043476806	13.6672613150191	11.8232233513112	-6.25361992301621	14.8011290510823	13.1247088235953	9.62984224832702	4.49093587155159	8.1642290130953	5.86562503599351	2.72510170369455	6.4556862276726	7.47529092287542	1.34450566169396	4.99424637958759	13.3235205118062	15.1670052615371	26.8590556001902	62.3224927555358	1247.62562247073	1425.59551343228	48.8008112321871	9.85959457399809	23.9876847529677	5.65416370858883	98.7651717188231	348.78254306658	113.296052381845	47.6016901043309	50.2718218097612	12.1094001538715	48.5425189015265	37.5636909949862	-26.2919259812811	230.503539670362	103.60316440937	772.706633396529
654.341	-23.5270571083821	3.42571453160171	-15.4919182113669	7.28821719845529	-5.96946791880331	2.89723339423507	10.0243216470513	-0.190269026386704	-0.859680365937211	6.79746757300319	-2.52312363285662	0.665353211454818	-3.48924938527887	6.46402991271512	-0.993251911112141	9.85281171514485	-15.6372861393619	-0.730500678018943	8.80501390568677	5.92735563695828	-1.67010994459208	-6.66426729523828	-5.4764600762091	-6.08090636900851	-3.2443117402639	8.40948390105995	45.3165407125063	43.1312010659558	27.6050241580977	41.6442649528547	32.7976830688001	40.9295622741791	45.8653643888909	82.5279133967357	303.720963683113	1819.87438917638	532.50019580933	69.382157959576	88.2939268638475	62.3621420557164	67.3376769947571	254.43076516201	307.098164883992	114.331912081714	106.010835231759	130.694501173654	104.528395137452	171.790417469634	169.754383025463	363.123232262482	638.408843894177	849.790151260425	2032.18917419117
659.063	15.0096787281128	2.59089975180717	-3.1244484756746	0	-6.01968545309271	2.04512425031866	7.47161103281564	14.3902233736742	4.33456169254284	6.09302272812275	15.8315058262894	6.37402905503462	8.09278537395492	-6.17533379892135	-6.34351442351896	18.5466352947254	9.4612999194577	3.68322969882593	16.14379123393	-0.85388841514461	5.89455850395063	6.72032975774992	7.49486245877225	6.13206136778729	4.36213890502089	1.76671412887332	14.6511906925319	8.3508552680478	3.47965607272428	9.63810332165372	4.09157816919348	23.5363436545859	37.6222464394377	58.8902650519723	947.80496442416	1341.54265750343	56.0718235114969	17.8173848262814	27.0781687400614	20.1434144013263	47.9013759112732	267.999696255098	145.024714962472	29.9179899896869	40.1953928163295	12.355683300874	17.3612730941149	25.6087388990694	30.7743684127388	83.4670370672186	85.8372523422695	-65.290584641451	-40.5798961662989
663.787	-2.4552614697608	-0.437942809844022	-7.12974384280509	-2.23613891177513	1.92792213461281	3.55566589355569	7.57761081452235	2.5296921072768	-0.219802807007535	8.49676364750309	11.4686481969238	6.46445743593647	6.42333737663298	3.13147164463389	1.69302891926225	6.71777017820517	7.10779809406057	8.5916125014947	12.688938040385	20.7840608208646	20.0696198421606	19.2442478354513	12.4019450192474	12.0494228443931	-0.368668715889583	2.50848991501969	3.18408154402473	11.6453272264371	11.6457725016153	-10.8221433334566	14.8694910467142	22.8324167503514	49.3577529702042	209.218914926011	1498.04942027216	531.664855856075	22.8299438744063	3.96662052086835	20.4803793460522	25.9101910770598	120.651597466128	241.086466188529	59.0897846239005	22.2017829203116	39.0309367478941	10.4424778661416	5.03073644546145	47.3607974256542	25.3589086770689	182.955785474621	126.229787489245	-24.8313234300774	-102.889008371619
668.512	9.40171241083119	5.73702008140881	-0.399141641426576	2.25332791147612	-2.26653221611871	-4.47874747385016	2.2458409502139	-4.11783770050365	-7.75223440301368	-0.518913788441176	2.31136133385506	4.79989936759579	10.7878549936961	-5.25923831154723	-1.70604308105413	11.5079954298571	0	4.8934574327394	0.412466992630917	2.61797825455159	-9.46650320647889	-0.404003680132909	10.0784497264118	14.8837979296921	-7.80155542563964	-2.16666210215118	0.713012731979488	3.55601327717494	7.11229849251266	11.9606869079509	8.01458614779722	21.2649026844219	44.0932283689913	774.11409227358	1272.27785060878	64.8916406410084	9.20217424395972	12.8795817508058	0	25.1051542280248	209.804530285271	153.58926649376	25.8886967436145	22.372446038765	22.7245570157759	3.15682447769794	16.4755736155178	41.5668097484509	15.725440208419	66.0401732148206	43.8621050238869	125.110997955549	269.56775812552
673.238	21.4056986444236	1.33190074682993	-6.02318063726706	7.17851044748173	21.4988575412305	1.20152524044845	-0.903746394545552	4.53717318484218	4.23369962799898	1.82713587608082	1.4533005942082	-4.8288056053491	3.25584667555304	8.81818467907674	0.343263462912458	7.83170264374288	1.0808353713088	9.088480802592	0	-2.19478699831452	5.19464342278458	13.412410934376	8.92244739075071	11.0330551708269	17.5657764503159	12.7149767661065	8.60768015290883	19.3181139570939	11.8059654850347	5.6624551829614	19.2807331925483	36.82395690251	136.979879338311	1290.70883995447	558.135226724019	35.0295992231278	21.4607817367765	20.9995123684965	20.7620964299598	96.9843608528443	219.727228661218	88.1259814762424	39.718022905214	19.5062215452116	8.79285007175679	12.7033427708268	0	52.6586155118548	87.0107858629273	69.2061294275117	13.237876195799	83.9096325362032	146.026011931697
677.967	25.0729193994957	7.15557501833162	14.9661571728955	0	15.4220907059845	2.7232616197495	2.04834471004065	6.7563227321084	8.30504737988378	0.788802010088472	11.1261008505186	5.55911448468159	20.7716138299232	3.90846129271461	17.6348473348419	13.7202584976731	6.53258016808569	-1.14439316694816	0	9.28572072979074	3.92455982483109	-0.409417931675182	14.7074630057235	4.76313568689419	9.7885145400586	9.14874418357104	19.8706245496318	6.48660448055493	7.56799458898058	12.8339766441819	26.4847615732454	40.6268306406279	574.816820141244	1174.90647230751	95.3510300096135	27.266874416063	16.9554492655619	19.3532433049934	40.4027942457969	114.487203229667	178.270526055928	34.3253243860864	30.8268815484141	21.1607854875141	44.2867306810982	42.6550750856356	60.3638023446858	10.9210025453633	5.97606920563315	44.6168066524998	71.1198761828766	185.955252009983	630.416233651965
682.696	-18.7607311164752	-25.3236159371717	-24.5399098471105	-8.85106755403936	-14.9303862722402	-19.8871865381009	-12.6571626047003	-6.02789750181007	-15.4334293370749	-14.6225319239447	-13.91458917131	-4.56711684196916	-21.0030987697064	-18.6822684620179	-23.0758973582375	-19.4224254997636	-18.3482809781163	-8.87145741318962	-15.2155051192775	-14.3073577409259	-13.6685760320545	-12.4194181455585	-30.5689216210072	-9.23108347287077	-14.8464009135431	-15.1711487618932	-20.092068601355	-17.4903815948863	-8.38112829931841	-15.8607805077021	2.85652432026202	66.798982102155	1060.87609587776	556.147951615707	-12.2917800511519	-4.05452124110971	-19.7160666139853	-0.910182395758282	1.44187252241803	153.836273556282	71.6618937065148	-2.99205653797278	-38.4656312615158	-44.3215440451534	-51.0495134552557	-25.8782614308643	-62.3351634517425	-41.015777741319	-112.796474349738	-129.702834511539	-247.199070539213	-376.055183452807	-1083.65102012368
687.428	-3.57410921230038	11.8394842232409	-10.2963539857176	-8.13783458807898	2.67282337554238	-4.00520811009374	0	2.63032674240202	-2.28546865313711	0.26772050316594	-4.76995472528763	13.0894753042995	-5.93677029482578	6.51209179667404	-4.92906383417947	-4.19100739529889	-5.91244487109622	-11.6522591432289	-11.0657018754252	3.6018132296003	7.9920064926617	-3.75183947090284	-6.23966683944098	-2.4249223501597	-3.83334865022478	-8.57006646401573	3.67860965773718	9.5401046612917	-8.07270491108742	6.533804378392	20.494840298288	438.483936126962	1111.23293946296	107.841299342543	8.50960157804475	12.6567737753193	17.6957121729893	19.2472846849403	65.3372909046408	174.079882222522	44.4075342077278	24.103578630971	-8.01397273253985	15.3900002761377	11.7241629997201	-14.1152622178864	-6.53858258501586	14.2968992393228	50.7071557318654	28.39313709404	203.665937957999	-51.6382953320569	1305.1813124512
692.16	-3.08015109689525	4.12052863635498	-1.24226915841233	-9.74048459969301	-0.67183289062113	1.54882635848143	-8.62081112155319	-2.23774206277188	2.98723654308712	-1.3458685011988	7.19376933143952	-7.46948743124814	-1.86531103430894	-10.912399464385	-3.8938577701149	-8.77865904759114	-24.1496850023562	3.90516934968234	7.27453991320896	-16.296138039618	-0.44641041154869	5.44873997525074	-14.6382506395266	-1.6253899472715	-1.15624686374939	1.12390240574885	-10.3560164144464	-5.90270074599815	9.96118837411093	27.3719588211182	67.2409157051714	884.621370524686	562.840875153016	7.10381604939438	1.16669891169129	-3.28399360639142	-9.11285533185306	-10.1366360219522	107.053538704032	128.664060201599	6.13917974895898	-15.752368952157	31.5584354519154	-34.041783122575	17.2283262958243	1.09168310754408	2.62962970399181	-15.9716703913004	-16.314366752577	125.607926937272	36.4038123405478	-17.3061966543866	21.512555512413
696.895	-14.988497242727	3.22661977220552	-12.5070540506185	-19.6132644109549	-10.8223248967664	-8.7323288319996	-15.7166699149094	1.43368817667499	-14.1122226448741	-10.2980630094558	-5.43196665030615	-13.9661093020823	-6.76072208422843	3.66216851366395	-7.48421090108035	-1.76765497970659	-5.23679378942397	3.53852041019404	-5.16984091411061	3.19021209713856	-19.3260052905733	-8.86158380320339	-1.26322791101575	-16.3642796620965	-20.5657478201813	-5.28049584573672	-8.93686636731145	-2.59996886254624	17.4576012813676	5.87900623420761	315.557928106083	953.620977484866	113.480001842561	6.39920983050344	-15.270085492874	1.65314759924958	-13.1067724412843	21.8026033126402	125.417354483381	44.0533468429395	-6.74276825759351	5.48977266313871	-11.4922708084242	-6.23144741525944	-14.6065884759977	5.49548362355343	-79.424625375802	-19.2961607564617	-49.2754727252998	-129.335042091491	50.3951669873088	-487.864243753983	411.514297206445
701.63	8.86040263332134	-5.11313050470987	4.20415010449456	11.0759848198982	4.77466676700463	-6.6044367683741	12.0642505257146	6.8157718615119	0.69989240537721	3.82599524086481	10.0425261515932	6.13909271919465	-2.27256477359367	2.58512058570138	6.82849137289534	21.3906109426261	-1.50883541865386	7.13667865769129	5.21340688174372	0.919170240176694	-2.71937643961576	-4.25536185093683	3.82161919133245	11.5515263884828	-3.13042328396278	4.18392409006635	2.25304421328508	10.487514633823	29.5909048370181	44.4641122450839	733.697829319312	582.72233716003	20.80659847883	8.35111668858289	15.3987656711212	6.66831433589563	19.8258337475155	63.152232115807	122.027879705257	32.7895724255679	7.93285406459876	5.53603467818498	20.4513803791974	-11.7824240306652	19.3327015888696	-3.32507625873113	-12.0140898547946	37.2959728654496	89.0291967202327	95.6449570579011	55.4398301596745	8.78527587764436	-524.187923067752
706.367	17.9330217761629	7.05594966729931	1.70179885709996	6.80523715655687	21.0530435468874	10.8209510275543	7.89976429828215	3.97122715040405	9.44365342149674	7.19051109043811	11.7026078108791	13.521566799152	16.0984600144088	10.0905898270056	-2.90958583536847	7.21559180612071	16.7959501915688	16.4504399268326	5.27584033183276	16.7432006802829	15.5943407571361	1.29189665351073	9.88331775612911	12.1073574324309	13.067636363599	0.769823438279568	8.36009413129592	22.7423752729712	24.6385152640417	268.104710359209	895.883970794948	165.354025776972	4.88794639360628	10.3718364061891	12.3866258557122	24.8838809784508	29.871963616061	116.928913099483	72.9936348175848	21.9430980367609	4.5873453764658	23.0318084114849	24.8355564551987	25.436853586259	27.0172581988057	8.97305572863879	16.2106203598898	-8.20491584910331	64.9524767097254	-58.6608234370456	177.661884478449	320.057440116364	663.081706624707
711.106	-28.249715146987	-9.03194866783527	-23.2169753755718	-11.7315659321379	0.348777691131337	-2.89462739877217	5.08022717289934	-1.26731922486825	-1.9086824511656	-8.10490735661082	-7.46919745364424	-16.9881767244725	-9.29629569310211	-1.13302029210635	-4.41048223838323	-14.2190379288726	0.385758537199226	-15.8132782013674	-10.2188465612245	-12.6900516761558	-16.2225750431921	-2.61108742688767	1.302746220257	-1.26571598587557	-3.20137635134058	-5.44568873449353	8.06438820897001	-5.74565407103626	33.7091260824799	632.059689288893	529.245556043942	18.7753659618702	-22.0381289652361	-10.4814001802472	-12.5174730291006	-4.26215999438613	8.56063961396895	130.602428079684	11.6204678992362	15.6846824057467	-22.5995454196409	-11.9520819083624	-21.6120882740594	-6.42638948693893	-1.88294188265823	-5.66740210269085	46.4152774339225	-34.8246745306574	-38.112739960347	-20.7481722082371	-103.943417873258	-395.313592722826	-1116.81037750582
715.845	0	13.9451468296824	26.9650235664815	25.3715448058311	22.2272882487612	12.0378552532511	10.2780413956881	5.34160801748221	-1.68942519739418	-4.24070976133826	6.29636546493509	11.2074659220927	13.3221659193164	-3.05635399575453	4.83331853098779	8.1138228268339	5.46312094989971	9.43370680025316	22.0225373851478	0	9.84619144955049	33.8967548200819	11.4211319437951	11.523277178105	10.5248842239569	1.9673970536107	15.5385094522004	18.5988754841329	191.420745814407	816.084148392753	174.280190776091	10.6358859480383	-8.07166734408079	10.2100088901859	15.521575468423	21.9885786962714	72.0123418146727	113.724412024957	16.3547154115296	18.6017533745799	24.0334538077102	14.6357515855774	9.87325396551135	26.0030486525969	16.1902321130874	43.5707316726244	53.8572128251656	65.4228730480099	83.5332747579961	71.9598549716335	133.822635152797	72.7070111416543	1016.76171265872
720.586	-11.8917838475845	-2.89244581839493	6.97618495038401	15.9995849707772	15.2090916272855	0.978492578849089	9.07719540875465	-0.428401409139002	-0.725857001998558	-1.41711855272247	7.25899767243526	3.3706803584623	-1.96406028595114	1.14901000520664	0.74545417162055	-2.21841594657168	14.0832915255418	-4.1119083565955	-5.85738157560582	10.4859656242663	-1.41012991039757	0.441322719293593	14.5324430367563	-6.84575126807821	7.30475026655406	7.88934406403727	16.7458312008182	36.5142337783171	506.945713674514	531.843994358862	38.826156566595	15.6130728314048	-3.08264018820184	22.4396726197787	18.8364442488013	10.3735430225776	87.2714321955898	49.0000022819647	-10.75972561292	13.1636126822037	15.8666405475155	-9.56901733179422	12.019048360878	15.4780690509838	30.5522374484547	-8.04633639030493	48.454732499838	87.4494812297497	68.7121863106313	63.1229404003742	-9.58275600693278	473.781978468102	226.514265739618
725.329	-15.8671289443635	2.92779901152117	3.97206676803274	2.07630018132423	-12.5308027136316	-4.29195995420279	-4.22157888993777	-13.2259463718071	-12.0005713472256	-8.89352439488859	-12.1397137155408	2.27458587905052	-7.95226479570389	-3.48916166665349	-9.80935222641764	-14.5959498471357	-12.2755056282373	-16.648666184643	-1.82429968523237	1.92984206051662	-7.61261523659946	5.8073187646938	-24.071019052879	5.19706808378213	-9.85871102525678	-3.59359754378231	-4.33617664665128	121.497920536851	685.368844167582	163.370443173616	-8.47662436062201	3.85461099846443	-7.41075536883872	-9.16527550585047	7.46087262015201	21.0006692704991	84.1755865413361	20.6252890796656	-12.9657587844049	-3.88631430416233	-13.6812280555877	6.45731703531159	15.0285293346033	-4.9475530158262	45.4220705657443	3.49057864258694	-30.829527180426	25.5341367696579	-21.73500859985	-164.300056769427	-189.147701932114	-424.237497799322	-458.565715637786
730.072	7.15714631115863	1.4730159658745	3.55271367486198	-0.417846075499515	16.9318688557342	17.274752843502	4.49774348536115	7.63591625495929	18.9754794710686	-4.33011724628712	22.1804385750115	2.67020938674033	14.8033071814365	13.2633640459976	3.41669081812132	22.595148282252	5.1798506529655	-5.44451246571023	22.4868416621698	23.7877872803038	26.8100802651103	17.5304518356376	17.4928879309844	-10.89465191119	10.746781849779	19.2852092595649	33.3188311035473	418.197606461146	518.711471558107	23.0925768921683	17.446525954859	11.635846970295	21.1933117304269	23.256366975909	14.5975964878494	69.9979324661451	68.4113700562379	33.107146190595	8.87162222836086	17.3180011794556	7.78102460411908	4.54827106410546	23.763331062987	-15.7648193013751	10.6969002226871	18.7323535090147	56.4027611041322	71.9408229648691	67.7981276283233	162.26169683481	0	46.3999396016074	1222.76682065915
734.817	-7.76227971736914	3.46137736457768	-8.94468243232533	-5.47046683845844	12.3353269494247	3.34559378511904	-2.51644178509879	4.61399497271416	-6.94903940646947	5.52365706473682	4.20851714396046	12.2931156244798	-3.22338161125649	5.5000611571041	1.91160380076533	17.8248758300384	20.4648597124252	7.59194160864493	-15.2514463588098	8.80025347067366	13.0178289639776	-6.79022979291996	6.77567982313561	3.07210531812192	12.0716821812601	19.8264020231615	115.843902313747	612.81247954922	194.449886024193	-1.18251416392802	14.4465079543897	18.7491979156071	-3.16198469308888	17.3638907105621	19.7413058942116	73.1537749962497	23.9026382751837	-2.98581505907959	26.2777897336974	-5.06341227799421	6.63056949585487	4.58048061372558	16.6796112559428	16.7120644470851	3.91732821760097	58.9531583046518	11.3604378523946	-1.72500683845203	28.6328164030829	18.4993344427517	-54.0617434370795	336.445420679431	464.689095909524
739.563	4.48704525811231	-11.0048163692576	0	-10.6421715672058	-11.0103775843563	-4.73816799000025	-1.01825391678608	4.00073271327976	6.27647729077087	-4.11727952343356	-8.18719184525305	-1.55446586429269	4.48356667169061	5.96128591556575	-2.32053616618359	-4.60382822681719	-3.6533418784687	5.97334501278015	9.81805807060768	-1.97829875375045	10.730172106964	24.7284094196605	5.48342708315453	-11.5430510962084	10.1062548764381	25.3774936441869	339.440514403601	489.730050056239	30.2314058988529	3.98744133550279	0.394975690491577	5.92709550470697	6.79716648915202	1.63398396187021	26.7687307573514	63.6869355658324	27.9728608398278	13.0886306269266	-6.91148534073841	9.10604880430918	-18.2931548598151	16.548636938855	-12.471429036742	-14.370048618206	-2.97207958316047	3.57822410433377	2.87305730856383	-3.49003696437108	4.45615123699066	-49.9038493315221	159.095007096745	37.8164991868248	1057.67979940864
744.31	-6.80254448030081	5.56125085612288	19.6622076024303	-19.791000977392	-4.08031154626195	12.6562144187906	-4.88842976806172	-6.28991453931819	-16.7470983129176	-5.64749166727931	-3.30989822135322	5.49881254714318	-17.7140996625369	-18.8784455652808	0	0	-16.4107140547421	-5.17476332205237	-14.1757889113664	-19.9945465127351	-26.6193500930649	-6.47962898673737	-0.923677795171837	12.1152035562037	1.70238850269214	79.015098633584	546.462274492982	172.321919625654	-13.8514640476134	14.1052904089579	-11.5767870853121	10.3834982785757	-8.48629182480381	5.36723772688047	30.9199944764986	30.3708181800374	6.22942421326198	-9.66705402787518	9.67208768644872	-11.5042859439092	3.08146359774887	-17.3946321294383	-11.1218808651511	-5.9803559961512	-44.0566567192365	-18.0824478990993	-39.2010535007682	-107.584460720668	-56.2975656526086	-107.179730756314	-40.1990916855859	-152.88363307237	-118.776734610226
749.058	8.01741068767566	10.7254382297303	-10.1625443369883	4.78099802789802	-9.36820959453775	1.03666707511511	2.85906754163749	-1.13467808899912	4.6140690577259	8.10740209506604	-7.69056817395796	5.15822381743397	13.7334774545948	-4.05774101620879	-4.7386427598778	-16.4521548175493	-7.04583322401368	-15.2473103573812	-13.3659540900728	-15.6541399403355	6.47385534901954	14.4943835210603	33.5922392749974	11.3324264943447	26.2267497347294	297.14078809055	462.927392466132	34.1581388641996	0.823119155369617	6.51403250344271	-4.83935236179614	16.541319674319	11.0224562158848	7.92459417820287	55.9644928272013	20.6067809102186	-1.45225125295789	14.9057726744704	-13.5707446736308	18.0138821317989	-6.22591214730272	10.8137875732565	4.49421847655662	21.5766966970041	27.3110612180582	-41.405766746115	19.0674790335521	-80.1766999504991	54.5980082632741	-50.9529904706818	71.0673693310311	202.710505896577	119.990629674644
753.808	40.8590542891619	14.0554155727084	9.4165961137397	20.8213034054448	5.72917415849286	2.81768352747778	8.7423833293001	10.6400745601251	6.00929599864101	7.9574784655111	7.8386739753093	15.3682565600429	9.75615272839597	-8.27177087123625	25.3569753117972	7.98523438611725	6.33663763175604	-12.8767827717704	1.45964540280947	-6.69106187058925	41.1139149630999	16.6797783205185	27.5815473968033	19.4051215692665	87.6453355537009	513.291287166242	217.417621959529	21.3929392961248	9.22867961301637	27.3878568662636	22.6075168816516	0	21.6372536964266	39.1106859350408	63.2328963476875	10.7351879236659	12.828563506257	24.6228618816591	14.938658880327	30.2064699177198	19.0374343290584	12.3997957590509	29.0115346347574	15.83440061557	52.5810389415423	55.8571281905144	97.1734131303715	23.6082171259317	60.2869178881734	84.3931541747051	269.047972094218	531.293983574969	440.285120346206
758.558	-4.75450749029456	22.7915394655648	-11.5053667813639	-11.2765264263384	6.22222951446275	1.79307109235363	-2.15789928377852	-2.11960349826707	7.44867576858154	1.86972895216605	9.02221957259123	-3.29424784910508	3.45514294800294	3.36886622495905	-5.32752540318671	10.5695451713706	-14.6241895923482	-10.8504035716845	-12.880263140011	-4.19244099476899	-7.23530975468312	6.79321788508399	20.335984537425	16.4649494002879	288.241566249325	426.3395690943	43.2464885857159	3.41676845067407	20.9285069601648	-7.60522203168528	11.3000201277991	-2.9308513503863	1.69466579381531	42.4188567758138	24.3123016666204	10.4551381243195	-8.54041314735648	14.9356449483061	0	-8.44273411833796	9.04566453858167	1.40280498642533	2.33202734797199	3.58273258240798	-7.34822262678563	5.05535152195446	7.61078377185735	86.9046420191377	-33.0524036437946	-145.415876691635	79.0210719900788	-30.0529889322062	24.9050135289411
763.31	20.0049995195019	-12.4348942917459	22.0044641276741	-2.76055014337194	-1.19002573970023	9.14484965259262	11.0055114935175	-2.88271973114293	12.4821077489145	-7.62865018863891	3.89351440594142	10.080604643143	0.881079476503853	2.57723538611975	0.418014390894177	26.952891578213	-3.94861196902061	17.0626086763346	-7.07438155708371	-2.13818864951993	10.5430956145849	15.8382262811714	31.6085768877762	65.2589859218352	469.69165565844	238.893833944144	5.67782346791987	2.61388133847962	2.61398128384449	0.430971398431873	11.5262563297868	14.9476476798249	30.6825518881073	55.1889273887634	24.7990550288646	15.9966885839128	11.2735759847112	24.4842902869855	6.32084100884134	17.2235299533317	42.8385591528398	5.00811625552983	36.4736538853561	63.9530849220032	62.1042491605298	3.86742303245174	20.1842114832982	37.7210843886755	0	-26.9685870260304	306.29194102864	367.856109979854	990.741706369368
768.062	12.849554786275	12.0055240695649	18.7553882944418	5.57275327960337	7.20695459162328	22.8914040409671	9.71991495325832	6.06185248469828	5.47777603245986	4.81251280878703	4.64447504077887	19.0779644232577	28.0136577944638	13.0067343503907	8.86042815428844	15.4859521139091	8.85678544630101	9.77478427451282	6.63052591339939	25.8983112571937	17.5588581187865	24.4791777256077	34.3968157508655	268.321428578578	448.819679692777	66.9802277448252	16.3111445909779	4.39722610982707	14.0716615802992	33.9302634701	24.9917508842314	8.62142360904829	27.4800714982661	40.1077805679803	4.17184401857315	26.9105776442278	11.8962760089974	9.88534182747324	9.85996294795833	20.4890703431988	15.3000734193679	35.3847899634311	40.0161797767721	47.0303071249685	12.9693660575646	45.5420577054751	36.0446200471752	125.64415482513	160.42505041076	95.2731265446274	287.462212756434	10.3138225114412	589.749871254958
772.815	-31.1861851831941	-17.9968158767462	-19.7299391645614	-20.8845141033461	-14.804859707485	-19.5559943268237	-6.10576933026761	-9.20814698625976	-20.8022906331132	-22.1234585869472	-16.0667888578196	-9.32106407123227	-23.9964126247147	-20.3642380504781	-28.6726357779778	-10.0385438697735	-11.0639302383727	-23.258472160035	-22.4274859100214	-3.23522694298669	-18.0794218521246	-12.481421386516	35.8694681593319	408.034099812732	214.396405543026	-4.0162539148525	3.52448764183901	-5.71275293334201	-20.654588793245	-17.3890522419712	-10.3348272815163	0.861593226520421	13.0774134742743	4.45358158352714	-15.2870182568725	-20.5368065709906	-25.3280973907231	-31.2836438979696	-28.9814197847493	-33.5062145467186	-49.8597657562283	-22.3720369268661	-15.9962767219583	-20.2746614586322	-54.0046055335433	-36.4104400574012	-21.9262288773873	-3.80497354026947	-75.3031657486417	-95.2124431214851	-102.986852940848	-61.84351924941	-1281.24833694438
777.57	32.4458614241211	41.7356214914942	20.6354288823352	23.6780402287098	7.34918136949725	16.5661121653112	13.0268505869838	6.18148106510422	12.8475195479787	19.6299443961604	8.37931075044339	22.9130324451576	10.4290388524279	3.53691141154111	26.6756052996431	5.54838667300811	15.3536708197268	29.9030588723013	28.0857201325373	-1.10039189792936	31.470055075231	19.8679259244194	218.07888659292	406.967739745203	52.4665527175883	17.7585354893405	10.3394569473289	6.27760540324715	12.5556908723284	9.3153484270755	18.894018005619	29.8913191232452	35.5839762379795	27.2661959107005	17.9620677040746	24.9469533340173	21.6249061924936	21.2808986137172	15.3775408434907	12.0295420396491	21.7071514747597	8.83667673336866	-2.44835312187807	34.7933737669266	56.2075762125269	35.8257712625843	36.7559482654714	5.82380450645375	218.121311702592	364.324908867899	182.518131544419	673.111184799071	862.861592657496
782.325	15.2056475307529	6.21549925863645	8.17687460427221	10.5787935745131	4.97491217783877	25.2318775746376	2.58798539987951	4.51921238465342	5.95550320086328	15.9458167406916	9.24822062213427	17.5591870012069	18.8772191762304	0.448923052664176	27.0864441189101	19.5017503953604	-1.83413378895941	11.5670874858751	-2.11246492917271	26.8161445491747	39.6679464265172	35.6923158908256	394.355043759488	218.152272596122	15.2213158516227	3.23651998236004	19.1715353971788	11.3826582943487	5.00856115144758	4.05377864559701	15.6157060721295	43.7421329590697	36.1320154902559	18.9188559025834	24.9582303247446	-5.57285710904377	18.209038104129	34.6875729047207	12.611610463163	31.5013586661208	-4.82157149245132	0.747731081908714	8.2868697541166	12.4129750633337	61.549578561747	92.9648103146137	4.86809183512158	61.1061524827509	133.391762330974	102.172795475948	-33.696208510518	448.532416192567	690.300612230357
787.081	-9.10800240715097	10.4437691226489	-3.67338813233997	25.1817009187775	-2.55421144391888	8.63634012003768	0	5.92951956376967	5.53291746835041	14.6681522898281	9.49641324490833	-1.80304193445594	-1.89110471043684	-14.751062709076	21.9815245002466	-9.79005618256365	9.88761934536759	10.3928221851786	14.6418078762432	9.17860132880314	-6.78875117774021	165.722568144668	372.606811413766	73.6390107422898	11.7223554155106	1.42430477711883	6.56201266923577	12.6231829794816	18.2341837084704	17.5752916780777	-1.37440985242423	51.7909345312573	13.44936011221	8.5287412996325	-10.3497810612107	5.2021952236307	3.84952860555625	-3.5034566822621	38.2335272975062	26.4055136695501	17.6820251055342	-1.5355955788669	0	47.0625214513458	-13.789390282731	34.5868435110907	68.3160563327987	30.3609899585621	193.827693433167	0	-86.5012670752628	-54.8297130660936	245.362870342407
791.838	8.44916708654675	13.911419412981	16.7762234525056	-4.43948752670326	18.71258205412	15.687093797102	11.2093331738921	7.72659894146933	0.872764938623319	4.43022468135845	2.27691224146595	11.2580011860014	0.944628459986421	3.22364207981018	9.41144847644948	9.7804903598166	3.29265273135475	0.494412733443041	9.75166761820588	8.5965308962722	50.8658843812386	353.408292048224	237.748207325944	16.4625585173501	6.34340500695672	1.89721745987687	11.7064302754244	13.0779173989844	1.40125901263151	23.5648438330782	43.9381415146962	25.1833463758815	17.606079805552	41.6553275226298	10.832033492382	11.4336467971951	1.09879064209596	27.4169288441297	8.62494149518684	37.5910909582096	4.23953953754964	23.0114273232166	20.4022762404943	28.4058243525819	-19.5158820305463	-37.3172927598028	41.61542987884	184.010034468169	185.892773000253	57.8274616757514	57.6111647005201	109.552278367827	272.359030347876
796.596	54.2897880640927	7.67604129536915	29.3724829850464	15.0745838911646	10.8306568824262	0.399499508722442	22.8372350111316	8.39558265126564	17.7811986704434	1.73574591525257	18.9419579977065	-1.83491106813835	9.62265185816707	21.5794492016569	28.7614959762864	21.2847990357129	27.7913491375564	17.6275290592286	15.4524790671042	36.7795377260571	181.354523134859	392.43964511464	62.5694945645855	19.3902239499581	2.98238760917424	10.6295174652493	14.7869946427911	9.99156690891746	6.66129930018978	24.0048122519034	50.3533017609894	48.0420711067506	9.43936571958884	21.2165275432181	14.5451786179519	16.4118497619657	14.5509735735352	34.4653496007951	25.102782377509	45.6828020594458	41.7473757273654	28.9106445585261	40.7004290379278	22.9493813652793	64.3184692630918	-1.40792692078167	13.5655720102373	222.462911838029	89.4216489637375	-3.68169573487161	152.585670642186	44.6390715358188	1109.77648482166
801.355	18.8606832559387	17.3305384055931	23.5118788557845	27.7615199489936	10.8455598330071	21.0370709895953	8.56018314675998	12.4566924055871	7.41902731048384	8.3909931545369	10.0112713267194	13.8599690742436	14.5369069359553	17.8186332107755	6.69975669140549	10.1644581474299	10.3409594041876	32.1732032485837	40.4947056224896	34.2699773600258	276.829406090617	215.584442478115	21.8847557212336	28.9534461711315	31.3238318492981	14.1810691243241	27.5887619753056	31.6259965566127	18.072689040167	34.9434496413305	36.6256025319248	35.4328721351345	24.4457437701878	1.6650251896478	33.3388775536515	3.65615849094424	14.9768191552352	26.6745576460678	20.0448486631346	22.617657159382	45.3589753140265	46.5419235937535	1.49510024589825	49.9586079206527	67.6374149796267	-1.21540019301485	74.6547573251104	147.588032168255	183.902640038208	82.6343147922871	253.308401949601	356.447910810085	143.703043170743
806.114	-6.8584302748868	29.5638596330705	-0.461017232466363	10.4105699808726	7.4796964365566	5.17305024334311	3.6315928501406	-2.94430911404785	4.34908497511122	2.39742661558197	7.34159897292753	4.7519893968835	9.13748435974334	-6.074534049128	-0.394103334788558	16.4195093150791	1.24091512850251	13.4779635230553	15.2450656461137	98.2741997824268	300.188440356791	63.9287199556315	14.9002592144569	13.5719278927179	13.3019011962773	-7.924715098887	4.52949823475166	0.821454456015914	2.05371466365534	13.4085330019059	40.6503940189495	16.1058509705157	1.22228718850939	5.82758816376731	5.1956692291405	-1.37105943410409	-0.483123198555975	0.512972262424381	13.5438166642802	23.7775370137093	-13.6698281768299	22.93370148098	-17.941202950779	14.6430402526051	-30.2854096923702	26.7388042463268	84.9014887226746	103.133805611551	56.7600740858667	19.0694572597586	96.2571927408483	269.744364937362	1029.87180939032
810.875	0	2.03888687124624	6.45424125452909	-6.50660623804537	-18.3252562695637	-11.035840519132	-8.56018314675998	-5.20916227870005	-19.1871395960789	-8.99034980843239	-11.6798165478392	-17.8199602383131	-2.07670099085076	-11.3391302250389	-7.09386002619405	-10.9463395433861	-11.1682361565226	-8.2606873205823	-1.42922490432316	215.19529901075	149.10021872026	5.1329629161456	-20.0222233194265	-21.2626870319247	-17.5928370660442	0.417090268362474	-10.2943141698901	-22.5899975404376	-7.80411572189028	1.62527672750374	5.63470808183459	3.62381646836603	-12.2228718850939	-25.391634142129	-18.1848423019917	-2.28509905684015	-11.1118335667874	-10.2594452484876	-2.16701066628482	-23.7775370137093	-4.34949078353678	-30.3534284307088	17.941202950779	-21.5338827244193	-28.2663823795455	-31.6004050183862	-26.3487378794507	-74.6831006152614	-177.091431147904	-54.0301289026493	-253.308401949601	-57.802363915149	23.9505071951238
815.635	3.4292151374434	-4.58749546030405	-4.14915509219727	-2.60264249521815	2.61789375279481	-8.62175040557185	12.4511754861963	3.62376506344351	-9.72148406201331	7.79163650064141	-1.33483617689591	-0.791998232813917	-5.39942257621198	4.04968936608533	7.09386002619405	-16.028568617101	-19.4410036798726	0.434773016872753	60.5038542830139	246.441454839009	57.652084571834	-24.7315485959742	2.79379860271068	5.42877115708715	-11.1564332613939	1.66836107344989	-21.0004009065759	-6.57163564812732	0.410742932731067	8.93902200127059	-19.3189991377186	-4.42910901689181	-17.9268787648044	-0.416256297411951	12.1232282013278	-14.6246339637769	20.7742975379069	-7.69458393636572	23.2953646625619	2.89969963581821	-30.4464354847575	-8.09424758152235	2.24265036884738	1.72271061795354	5.04756828206169	7.29240115808912	101.003495204561	-5.33450718680438	15.8928207440427	9.53472862987928	-5.06616803899202	-86.7035458727235	1029.87180939032
820.397	14.2883964060142	11.7235995096659	-17.0576376012554	10.4105699808726	0.74796964365566	13.1050606164692	-4.92859029661938	-1.81188253172175	-6.13988467074525	-6.59292319285042	-1.66854522111989	5.14798851329046	-6.64544317072243	0	-7.09386002619405	-5.47316977169303	23.5773874415477	-3.91295715185477	167.695722107251	180.925321650724	28.826042285917	4.19969693139185	-8.84702890858381	4.52397596423929	-1.28728076093006	20.0203328813987	-2.05886283397803	18.893452488366	13.1437738473942	33.7244920957027	22.5388323273384	6.03969411394338	0.407429062836464	18.3152770861258	-12.5562006370895	8.68337641599256	1.9324927942239	22.5707795466728	4.33402133256965	23.7775370137093	0	15.5139745312512	7.47550122949126	15.5043955615819	3.02854096923702	42.5390067555199	71.7271197829492	-40.8978884321669	-81.7345066836481	9.53472862987928	106.389528818832	-298.645546894936	23.9505071951238
825.159	8.00150198736793	15.8013732521584	4.61017232466363	-3.4701899936242	-0.74796964365566	-2.06922009733724	9.85718059323876	1.35891189879132	3.32577086332034	-4.79485323116394	9.01014419404742	-0.791998232813917	-1.24602059451046	7.69440979556213	14.9759267219652	-10.9463395433861	26.8864944508877	53.9118540922213	219.624226964326	76.099508549469	-20.8740306208364	20.5318516645824	-4.6563310045178	10.8575423141743	12.8728076093006	11.2614372457868	-2.88240796756924	-7.80381733215119	26.2875476947883	7.72006445564278	5.63470808183459	12.8846807764125	14.2600171992762	14.9852267068302	7.36053140794903	21.9369509456654	16.4261887509031	-2.56486131212191	20.5866013297058	-1.15987985432728	-1.86406747865862	12.1413713722835	23.921603934372	9.47490839874448	-35.3329779744319	89.9396142830992	73.1909385540298	-26.6725359340219	93.0865215008214	200.229301227465	60.7940164679042	134.872182468681	71.8515215853713
