Wavelength	500	495	490	485	480	475	470	465	460	455	450	445	440	435	430	425	420	415	410	405	400	395	390	385	380	375	370	365	360	355	350	345	340	335	330	325	320	315	310	305	300	295	290	285	280	275	270	265	260	255	250	245	240
248.336	-18.8453153451588	-33.0963464400954	-17.4981022516821	-7.36078934689118	-7.8453717496778	-8.26153942921177	-9.58390187726852	-4.97933480029298	-10.4863429022926	5.69386408363685	-14.3428298609328	-5.93631884689934	-29.0572545663201	-1.21405042974009	-12.9948303973185	-7.42166593817962	-19.436825139901	-9.56668442219848	-4.28729072739071	-19.1538988618953	-26.8240770051137	-12.594513720953	-14.4377262769233	-17.181507943696	-21.4426743305114	2.08387765870093	-4.93729688814327	4.10430489864839	-2.46152258508006	-6.49408647608386	-11.6672505456406	-3.62347666575788	12.6343257447311	19.5749019154678	25.53098347246	43.4076806694627	54.5911374805697	69.2577903945998	56.3349464507868	81.7851563986494	110.615555193965	195.02398270187	503.064836768281	998.588249371971	1344.64781093717	1438.23978501166	1360.23571956078	1386.84050850467	1459.84122143506	3180.13426454452	67509.0677650088	227272.884289532	79693.0881590665
252.814	15.0474107533155	-26.2231451630088	-30.33330061201	-3.6301379907579	-25.9520609382441	-9.48259495891745	-8.06610012705981	-10.5721393952201	-23.2810957368386	-5.74279222769687	-7.5904866064651	-30.3358075501397	-21.3783715130735	-4.36222043549093	-10.3759765796837	-10.2924818111896	-4.95309999639833	-7.81231331539518	-8.55817790951711	-42.8629016955231	-19.6333583492771	-3.91079729331167	2.78905282876862	-10.830719353085	-19.518308053008	-3.99339093233297	1.97114065024238	10.8146364105719	-6.87907804048618	-1.45837417673637	6.74602875594241	-9.64411946171361	5.36948566696047	20.9508020378002	49.7549612191088	59.6511884076201	78.1136793647249	82.3359096079055	127.159919436742	104.206848327301	182.352579766104	579.507365638101	1085.07846381731	1552.75544246715	1691.49868708554	1766.23264994777	1697.47985853079	1669.53207695856	3059.80181225227	62707.5929059679	251845.366022794	106118.77882123	5290.00008002234
257.296	-24.3621555933307	-4.22365542173816	-14.7331245478144	-6.67025692983371	-3.541668935077	-15.5009058151976	-1.22779078219086	-0.536416818248267	-15.4573171223768	0.355121721819373	-14.229598115204	-3.75180009404839	-30.9899467699429	-6.71378223560261	-2.79983003954477	-7.86901666712576	-10.2913063654872	-11.3366617976821	-14.6770074882844	-19.711118814458	-39.4393340136046	-9.94978937735253	-15.4532163163854	-13.3949603353575	-17.2787215102419	-8.88993247050505	-18.0398724903127	-9.24095721615984	0.486156746734832	-28.8584550881992	-16.2096331395379	4.7709701801961	30.9096503741347	47.8737242075671	38.9720156021469	57.394804925023	85.3009191885451	108.212793419795	114.900341678292	149.842707645941	450.683196511564	988.399215006159	1502.30629968829	1717.88580805901	1672.38105204951	1823.81151461371	1844.15150436186	2802.87320726144	47449.5998115821	223506.59032841	117267.191150309	4238.05739403291	4922.74471861869
261.781	-24.7211958665545	-12.2454344700584	-17.1651084975931	-26.5535841439315	-5.84003016656541	10.7621884340896	-17.4423970041467	-5.44322327276311	-13.5322614621232	-20.1799008320189	-7.21965428635169	-10.9453915433592	-15.473755760779	-7.7859742051098	-7.10273220030634	-15.5002694082787	-12.4321140030017	-15.1640172832301	-16.0389510578868	-25.4565994574559	-15.5303728008101	-24.1192389946003	6.72041142774116	0.54369480862482	-4.12549854115221	15.034914911495	-7.91599452386052	-13.3254193685322	6.90650158462839	0.488062668831079	10.6431629812934	10.650822471838	32.3453471955794	53.5874411980733	69.2061483565093	65.3833913693868	97.595655954526	112.892075755427	117.245061087669	431.741235998953	934.079239611289	1471.99036313385	1735.67607560615	1770.11742822333	1834.19833252027	1931.02793518488	2668.05214333639	36686.0900822963	171557.693585985	125758.838382182	6509.31784794159	3236.94774339881	19521.8396998932
266.271	11.174930882286	-4.35913311374772	-11.2634839085564	5.82510216541022	-2.28454454602388	-0.842005886583991	2.53434663626033	4.98260599774835	6.56893382527795	4.76466357490862	9.79068384225677	-0.484017823221175	-12.1843726679086	6.43419499415531	-1.44481860137427	0	-5.05781410853918	-10.1048009284107	1.16521432384081	25.8915635466871	10.9355070850968	13.6919175512929	10.2528595678328	16.0365547888731	9.44097492643016	15.8015358918593	17.6121118556367	6.02360182026165	4.01400542715967	18.8632740906787	18.205710989069	24.6200175210281	59.8145742666932	74.368665138626	90.499678644363	95.0008063369411	149.485688157239	146.820302467531	336.545395192671	919.38152268961	1455.46033163847	1787.65630327614	1832.0697707174	1843.52911993394	1911.21996957088	2656.33291729259	27692.7210532978	136720.679531697	132972.394302844	8430.2306448708	2420.94346895391	14144.9420495494	29345.1125543084
270.764	23.7607546665985	6.85411246811609	18.5957259508813	7.41814550104155	3.20025154946014	-6.7400258911496	9.50941352020387	1.10789979702407	15.6495569393495	5.50093607440402	2.44911673274448	0.96860743857851	-5.58780275306085	3.46661295985194	7.2283600807001	-2.39006465508691	27.3283287521569	2.66072883091819	22.1521490963767	14.8039182765439	17.6287236275988	26.2583429011192	35.3362650204327	0.553311280774183	36.2117805647555	21.4211779322893	24.6715207866546	20.5927959725195	20.0818819509913	41.7223935061123	36.4329292075773	29.0687806712509	57.3561590513294	101.42538316215	73.0779680519315	108.476721281523	141.29716393932	322.693209195446	780.212409032316	1364.98067898971	1837.3207298974	1875.42264919696	1853.27634646068	1870.95467888865	2383.02388861791	20769.6901067723	112645.878700167	136760.148968776	10710.5408232814	2599.62778347589	8496.84566113151	26694.7889218144	9699.83287718922
275.26	-18.4700961178442	-1.21986737150653	-20.4091538564564	9.85473592076392	11.1879408956397	7.42229421470474	6.20563963720746	0.81336564445766	-1.22550789036017	8.97448272507507	-8.79032625126366	5.68883226170518	0.994494661209846	3.39335607997407	11.7926825175647	7.95449557753247	2.47692807767546	20.3151155288949	-19.4014980487675	13.2834900954313	-15.4710680893877	8.38155927942212	17.2947674198653	4.87456776522336	26.7133411885508	8.48725122925972	9.8572078600938	29.4989656740318	19.6575092186318	20.9065543862631	56.3861328378582	42.4406037854264	77.1371138256092	83.81600186547	107.818873498713	108.373746850464	248.844518018056	728.230955170314	1269.8466990722	1798.88478475577	1847.62529986911	1919.05231979088	1838.28891925349	2243.89884631016	14553.4628335112	91498.7071485223	110170.821670191	14221.9051906386	2927.21376214669	5385.63201762398	22254.0417030454	13462.6509135202	886.567771966691
279.76	2.66036496746271	3.55803083470001	0.536289276731054	-3.02564853342261	-12.617810195715	-6.41448037336138	-6.03340376556735	-7.38071504902615	-8.04258616044485	-10.8194939572575	-9.32329428282415	-5.53094024081914	-6.76824909146051	-8.01228065602117	1.37584557145763	6.36894643913801	-11.0776353602468	-6.58375830672235	3.88356183956709	-1.76111050549578	-6.36378461412978	10.8652417852497	5.96652623978708	-5.26586159787004	9.48973982992709	11.1640509558327	17.729703821231	4.30203446339988	31.0568704834511	41.5980063347272	53.8840370838534	71.2718951788278	81.6414261857871	92.1609827995363	108.858173654611	200.088708462745	639.728832114204	1190.18906835596	1716.58316154348	1766.52109864102	1759.433755202	1757.33167652356	2036.24897839183	11682.0940359399	73977.3214587706	89017.1885908188	18751.301086689	4183.7249711235	5090.00893400516	17997.8988948028	17554.9373055216	2362.51386753632	667.324892988412
284.264	-15.8246123439675	15.2382138300789	-13.2704088540952	11.9982823700492	2.07046474028955	-3.05241323015143	7.7518971285703	2.75959236507896	2.26795162720805	59.7901443925669	-7.76406724033755	2.63196926073159	0.920216753756569	8.52261117745483	9.60246999199604	2.59778170301132	8.25094280924031	4.81994818210098	3.69608599581506	3.91088670808096	19.2709299946802	37.7436678668936	18.067944855183	25.058281690652	5.70418751027118	-4.15765382053378	9.12098191365278	15.0126430234334	21.3724364545818	70.6319732374674	55.2962669956129	85.681643880336	84.9281819715827	96.4831835190449	167.395801773272	517.097359825419	1096.13777531552	1600.15686227117	1688.35382059488	1680.60078152623	1683.45303436657	1788.43580751541	7964.73704542819	60071.5988032503	70444.1694526673	23535.5648695632	5941.67383332955	6270.82755751968	15058.011865457	20541.5230274696	4942.2816716962	1918.12214123398	1349.60942396244
288.772	8.97625488091834	19.7416236806384	23.1613056847368	4.53722081130356	-2.34887513536826	-0.360714986252772	0.814284816731398	4.50626467235226	9.11241652548154	163.608425821246	-4.19432505619734	-2.48823651090103	8.26465229234207	4.24062549432778	0.412639808688941	3.27455459667828	-0.433353109687268	13.6701874443865	7.48766027950765	14.7892473399779	3.64370757114788	17.596836067236	17.0812481499561	-4.73796805558374	4.94328987291911	7.42447216381931	15.9523315944975	30.5360186611057	42.5600585515831	66.3494200033621	81.7874567819448	67.5021164437318	84.988056931328	134.420931566595	386.793361450058	898.235588352689	1521.76336248255	1662.2211199225	1591.0436403181	1548.09913684154	1600.63580449132	5271.71925492812	49369.2889030773	56856.0174964091	24884.55866076	5828.60583812793	7168.24836262511	12714.5605121742	22216.9857913792	8701.50690700261	2984.39799262452	2397.6818516839	1350.96012790122
293.283	-6.88332796809767	-3.06863825770524	-12.0256469305532	1.73965530848905	-10.8822820525946	-5.18643267638792	4.4230037083558	-6.36552790599188	-2.05521817935255	-3.91313287324013	0	1.59006068361688	-0.83390059054897	-5.28428913156772	-22.941003802202	-5.49292392685583	4.98467058847703	0.873567584824197	2.39242414669287	2.53146160722102	0.997904016317863	17.335928668211	4.21024498255058	9.99144055838629	6.46141970627978	-4.60492590866539	12.8114249912908	35.866303249972	46.564909746731	57.4837305491742	60.2122064708576	86.9459119332388	113.805413094049	320.448507988484	742.823001329004	1316.74376938617	1618.33074838856	1504.68455167391	1485.91509369463	1497.90820626228	3501.13928630007	42650.8161826313	47243.9352729743	25217.573724789	3583.42745724971	6271.48607506267	10706.9885468585	22029.5362073276	13267.6046205336	4538.23661113025	2754.17013503685	2269.32010704569	2302.14834224837
297.797	1.11062410039875	-5.44636835877871	-8.05985979407757	-5.47351671437299	-10.5351290285433	-8.03357048523806	-7.8081825258683	-1.98079159940491	-9.94827582883895	-3.78830097641055	-4.86525131525939	-6.1573461831468	-27.4481500646996	-18.1017654172044	-6.50958385264121	-21.6506173975659	-12.0641395712285	-5.91990082940106	-22.2345984752219	-5.39155335018545	13.5249817335006	0.907183753428147	8.15186996965807	4.83635302572054	20.0169457058319	23.5059515345622	42.0092496503114	38.3140866899812	55.8506508800178	59.2020809459954	57.1177393872086	91.2192524942959	244.524944298238	653.256489292495	1152.95862946447	1516.00148695629	1552.14170125822	1479.63173827509	1404.27550405778	2727.09007517164	37994.5957180731	41258.7251894228	29896.8749441903	2096.92945820205	3446.53570771288	7382.5643583092	19019.8768112361	17308.6888628416	6507.04390353635	4356.46584570828	3255.54981036775	2047.34906614969	1926.9038520127
302.315	-2.1805974051555	27.2195383232542	10.9893850989906	1.65333739833608	9.27243101538155	15.4444919481506	9.64342421994782	5.18544365612739	2.44155340793848	-7.72401822251464	-5.41304132887911	-3.02233066633288	-3.17009703271995	10.0441884115882	10.90136056162	20.5086239152968	7.106013124065	7.47200756278876	19.0992250470001	21.6527039265902	23.2355596771905	19.1475020969335	21.7850830781227	15.5383969477803	38.073072364722	40.1836718408504	51.0595966337615	68.173390687084	67.7524037774195	67.8050692631631	92.5579227381969	220.992143646413	532.233864401729	1055.58276954075	1488.35258267191	1512.68358970653	1557.40222609415	1386.43898909587	2131.46676086772	34819.4226229714	37304.6002597916	38174.2512305595	1702.57153269071	1846.5350896529	3793.9863983645	13552.164676859	18791.8721984765	8280.68154790542	5606.77591032091	4104.2163217528	3075.45868178033	2689.01857461658	2734.9009399903
306.837	16.3091213634821	-7.27072631109432	1.7534249637901	3.70969169556415	1.77821421436301	7.53698090288027	8.13718921998231	3.016452728756	12.6608651315467	-0.285281320256229	6.98568361894782	17.7069458389336	2.76614166855421	12.7130352977496	-3.37379760698212	2.60294913677416	9.44840611532496	-5.3814828449184	11.3370555470198	14.3951000808371	25.5355153925503	14.6538391532829	0.886720902817219	12.0519009190251	38.7839815180849	40.0722223694801	57.5764882084868	64.4678817754064	56.629198822782	71.8672239771987	176.176589523722	482.534678294215	937.361575035801	1392.8351784122	1465.27533318407	1547.20080268618	1459.72304061058	1849.96995061895	27905.5171451783	34638.9205988833	37111.2152077876	1781.39360384626	1290.10940880941	1922.54409954068	7580.38156739577	17128.2557814608	9509.80848524104	6186.94721407406	5077.63551655797	3857.40480936609	3235.17734295196	2809.68975211428	3045.50251862226
311.362	-3.25770241506345	-4.84102569252086	1.75120921963389	13.5850142374152	20.2460254514558	15.0549133471884	3.44777852687413	12.6961296710401	2.91804600509663	7.40794131600365	10.4652840682476	7.90161645759136	-1.97331870596964	9.23416019098462	-6.36467581011243	-8.91311957997058	13.3683275165665	1.65374844493393	17.210548522637	17.2522913723946	12.7516235102747	9.31338646609463	41.6232180214069	26.2227482702385	41.5891273001145	31.3040115993216	63.3714583629251	74.5321541414603	100.633591099727	130.046502273989	416.551877456283	831.406605525575	1285.69349924092	1479.77445107011	1506.62289591227	1501.80327143086	1671.92108166892	21529.6952387662	32332.8111638906	34622.170849617	2356.25365403304	1100.33516627201	1240.1522895404	4107.04829058645	13079.9817938984	9607.74372643016	5587.4268349979	5184.72816618416	4349.2223128251	3481.74690048384	2957.43078962723	2714.73405464391	3291.34203604199
315.89	30.3745304804576	-1.45084169922957	5.24832446943094	20.151325823061	23.4191023909098	8.50070927431345	20.4197680340025	1.9347427782129	10.9316266153193	4.26949816699302	10.4547200565052	15.0355053307715	30.3584322782875	19.2184144111011	14.9605908024824	21.1472906419715	12.9620438664921	34.693661001575	37.5535151542425	41.1722045563137	11.7951403612599	27.4689087410907	27.4258992819622	46.3802957252454	68.0232681697053	66.1075044212033	73.0771633082961	81.8636280702655	131.70472385384	360.447296898408	772.65168274673	1273.38365288338	1395.10609371403	1536.43090810789	1451.2603422022	1544.55380449865	15507.0157545539	30615.4686865367	32325.8978119921	2943.00728310037	1024.06555246505	1026.79741695451	2246.35013491036	9811.64407440782	9308.2099266401	4445.39833080452	4469.04126564637	4349.69598927034	3787.1950420107	3463.17502467123	2637.89773120415	2803.30662979655	3560.13161459882
320.422	19.5577398287535	4.84388018177274	12.2656926864885	-2.88336885042871	10.3066831487221	24.5605278421192	7.39245320172046	7.96667437005771	-1.21656942413964	16.5351516840919	5.71170265986371	1.50595725915523	14.2162723048409	18.4792101448788	16.8576054164319	11.1479689515725	14.1630459791118	16.1335548108495	21.2992826936974	16.3034383253662	15.1219466054154	31.9504390730396	21.266941770202	55.9174975674557	68.1321526865995	66.6098093447011	59.886112557874	114.011631909767	295.053699659253	673.397128263874	1195.66150200353	1427.09375163882	1422.92868651973	1423.59235954097	1389.36388154399	11259.5163625342	28850.2909759804	30636.6560461793	4093.64781442072	906.056380932829	912.197382681665	1307.0573592271	6708.59330351999	9206.58861399336	3412.1351639778	3244.91551417581	3786.0510274611	3750.20625402635	3260.60538174114	2814.18641034124	2752.608864331	2570.00025159701	3497.69341536847
324.958	24.6658728313768	7.9972564413726	-4.97226631024815	8.07576013602038	-13.202344949118	-15.5439686735857	3.55977880305779	2.66614789085511	-1.25534918527044	-4.4126460870367	5.89377074443385	-8.15829861355047	-6.92723310325077	-7.94510809779052	3.86554753522857	4.98477426278021	4.87150394051688	-7.25674781875051	31.7982837452164	-0.989596000454038	20.4802220108074	41.2111270260412	63.0914543775259	54.5930218920379	61.4633381318183	57.6866965145835	102.991769474654	267.523561674959	632.27581398013	1141.50299037648	1428.47741199919	1459.93726138244	1427.07838380165	1372.89325363389	7471.98024037156	28125.0021819943	29736.73540925	5989.86645433389	833.76747096073	830.739785812074	924.804096640474	4248.87032289271	9377.65160830075	3625.26782590469	2224.71822263789	2835.6053593504	3269.25351738289	3250.93782269899	2941.74858254959	2639.33622108387	2651.98651873944	2283.86200631699	2999.84376014539
329.496	-2.28137590051254	-4.57674373563872	-10.5774889054043	4.32437010961116	12.6858782379097	10.6575853931068	3.88042489954526	7.23345884486248	7.15229829047978	-1.49647990163095	10.6601608678313	21.343572280898	-0.414575780680264	14.1459104895539	-8.65220390117713	0.780234564785103	21.4772267525622	11.7260008256623	19.981914881525	28.190904432651	20.3405303860027	61.0290099206473	60.0031719783459	46.9632786757213	83.5200884664541	82.8328643974405	230.936033089655	576.741366954913	1075.95643004122	1381.48145690907	1526.86806538998	1487.35514412942	1344.86225172513	5761.01358196277	27091.0945539607	28605.7932528301	8801.15627375079	844.895326541302	750.898785134798	750.192180980141	2467.68639043316	8393.56443721247	4674.86797370125	1655.03272288403	1908.54466190503	2601.0683574601	2841.17654864362	2844.63950927787	2531.09792538968	2359.10996423882	2309.80892227094	2362.01497938634	2384.414274131
334.038	7.46203982198567	4.09431662830584	6.01693675569289	-6.09295884024574	0.751015618836484	-20.7599225766058	3.12425606455648	2.27495802739259	11.5685107089819	-1.20486455199926	3.35267249868899	-8.35352921768034	-8.76194603082227	14.6434265767269	2.37483076857942	6.67454189561912	-16.2112617340429	9.17873439502725	25.3770441766134	14.1858827349943	32.9533600712973	61.4205464911858	63.6650023217379	64.5343241105329	65.5205107359492	206.944507394709	514.461782436496	986.379262133406	1364.08934389086	1385.04091939251	1473.17533296374	1353.23732858303	3795.0164553365	26187.1662885299	27208.3560494886	11760.5171239616	839.097020670652	726.558515455295	648.456800149942	1437.71627509145	6566.08188180828	6055.08792843372	1522.95610939222	1453.65880996902	1793.95409543566	2185.53299617465	2434.53655506082	2382.76653119402	2144.0461026272	2084.23657302378	1913.50357809441	1720.06514124752	1679.79817431503
338.584	-15.4619428207335	9.70132665007934	-14.7763837460236	9.55232253789028	3.37168948500928	-5.5230700365827	-5.45469860338592	0.680895919908256	13.8498410015745	-1.80308240332386	12.7104468025388	-26.5895870513399	-5.82767606748239	-1.6232532953093	0.394882152483204	2.74193194110358	12.4411221458952	20.9310412780166	14.8085640672927	24.7674048296534	37.3596776452678	56.1318964450044	78.4616110557268	63.4770223014112	171.590275102139	466.002140139295	950.195051543271	1312.51708334959	1333.34468816081	1328.08535637417	1282.94629167643	2781.31369216219	25521.8872087188	26080.9943835644	15669.8874683249	816.96819391065	695.194665055056	652.84083988257	865.852057240645	4572.39774299913	6864.22534044981	1932.67670080466	1193.33613296839	1374.30255858757	1649.059167484	2014.7721107506	2185.38684540016	2099.42381496059	2004.92979536625	1910.86420318256	1888.78640840572	1947.4322167841	1987.1161175438
343.133	13.159201837899	-22.4456205545141	-12.9174749443817	7.37456880932723	12.3515202715715	-4.82825297717524	3.11411125165166	-0.680271294389973	-5.63735159577554	-6.3049991575535	6.34939338438317	-12.6878542677831	-4.99056857187203	17.4339650472132	-5.91779856099246	2.73941660710064	-5.38620731104294	20.040513346496	29.1127012194584	37.8745167022278	49.2695351744433	46.7336694869509	83.9888931923592	96.034169423363	408.173488905727	864.757935890322	1286.92470661439	1414.52393857729	1314.85861931555	1157.70469621862	2056.87707434679	25221.4319609417	25531.5485636093	18440.2779961295	793.375647249442	649.129655217832	640.347601686639	695.930340072413	2863.26521036825	6778.2117175409	2772.43350927836	999.932295900026	1108.36513563671	1304.04475381782	1550.45341615904	1780.4761681296	1902.03350156187	1869.77971464111	1825.94649358283	1607.338262174	1967.99971837219	2022.70099987725	2559.35391024388
347.685	22.4053469604838	28.6848327303628	9.72801531347119	23.086012942339	16.5365346970465	9.34998899693345	13.5500711492382	8.87995677888474	18.7828139119702	22.3091391442899	6.711104235125	19.5083095317024	20.4621006062413	25.648006742371	9.11133698076846	18.0760373599527	26.6259456454143	42.8708841548045	34.5040853215589	48.1720131221984	33.981108152897	114.499888426615	142.43223561251	378.896225958435	812.375584995495	1283.40326937158	1363.00461075899	1530.59327001947	1216.68359156761	1628.76983866271	25337.8759987145	25356.1107304362	22872.4768123802	842.580501433419	637.315097902333	634.336439305617	632.779326176292	1725.83284264352	5965.91323179741	3765.43052016725	990.259405030838	944.310689404153	1145.26608115679	1316.3447553632	1569.02695838644	1758.48224271467	1715.64478484721	1866.76380874577	1666.99665990733	1808.52776053123	1833.86763900436	2437.23995732619	3914.88965749835
352.24	22.7141982953383	25.4452143666112	-8.92286435775846	6.62384350872002	8.7632541103665	8.77673697753464	12.9443441589615	12.6956421833143	10.4338244707656	14.0590075265017	13.2670490512834	4.84340229297229	12.2771587845387	4.12723130475777	20.8835033395401	20.3170810883307	30.3670988242086	27.4962706134304	34.4938849577434	67.8564071786524	61.8065062309807	129.874420704491	365.738914702303	702.297173650346	1225.08265415007	1269.21546243229	1412.84477514377	1368.77071638221	1425.9211057531	22518.5447574431	25722.4382153328	25740.9497022509	970.555997517912	568.755553605695	619.620784541567	617.45056330767	1013.49434172278	4634.09405933556	4885.81048424647	1176.61260230803	816.310533993402	918.786871159004	1103.87728402805	1254.59637260497	1454.75488047294	1594.41539600904	1660.23562110657	1550.21732443716	1544.32803116427	1558.60081167947	1663.44730038316	2117.85995733201	3092.29829956933
356.799	-7.65577617808295	-20.4780081216904	0.949716002144499	-28.1301743426655	-1.1557712678877	-11.0044372581815	-5.34228480055156	-1.86721806773914	7.12131782846636	-11.1253172048902	-9.28723771567552	0.816229642210608	-0.856136357154284	-3.33858060339862	8.12162771342178	-3.62532309070496	5.97051662456232	13.9013464713583	30.4570980401608	31.1875493541317	92.2061606745978	356.925808199608	745.873147642406	1123.23567139343	1295.34282402377	1196.97152871927	1279.66337600349	1317.99763442414	17385.0854335776	26251.4693413933	26021.1243482729	1253.85209237097	536.287231623598	571.228390674913	574.761675900827	706.319206092906	3116.71324545853	5294.1369256004	1726.07408644606	751.279298202342	820.921703111994	917.195668871712	1052.97001411157	1210.87479431896	1312.73123066586	1419.2729062623	1413.27678153951	1373.38770349721	1407.25452275923	1258.81427520039	1432.03056629055	1863.86480276654	1181.76729798439
361.361	10.6741312726919	-2.64367014706975	4.30348633362425	1.79848170517817	19.7849507674166	3.21708705331634	-3.4966692324472	-6.8158058458688	1.06235766294574	14.0034993035257	4.50277564850058	-4.10957135539079	2.15524729054255	11.7664124825978	18.8098387594977	25.5540014966219	19.3246015804891	32.5118609574858	39.0785176799955	87.4099012691962	227.994233049011	798.746302266465	1277.25048558893	1236.22950599637	1310.59882013408	1172.84891498911	1236.87875543911	14742.5733949585	26736.1675820281	26451.1564969726	1736.68525098786	512.559154912754	530.28825990154	575.206709069231	619.655579153961	1948.66975396963	5150.6000452906	2530.99017259857	832.48578634148	764.944034519882	845.352929639916	953.014815207109	1111.53330766637	1165.67268204504	1315.58409824908	1297.97263329973	1385.14943818467	1338.69817293696	1348.79187926623	1718.64267515809	1562.60790461886	1597.31547534664	3148.53561497618
365.926	0.5948179487106	-31.8209062054188	-19.1850060515505	4.50993272522334	-4.28037199022683	2.86836438187364	-0.269795828427281	-8.01534389517849	0	11.8612835339031	-7.64334860466686	1.64884771762358	-1.7294624030625	13.9099000047144	20.507904004803	18.308590483089	40.4901997302341	33.9699280018416	40.6863633607872	183.228748811578	495.150886462913	1500.33944440324	1501.38599045526	1225.87572317025	1234.19682817368	1131.28289702593	12441.266365951	26800.7122968476	26789.1722812992	2212.29692306433	481.487648439649	522.511192318703	522.992763468965	574.793979645419	1211.54456302902	4296.64153521629	3483.13165968573	1001.91465947575	765.065876261813	830.716180827337	860.232364284741	977.01127233943	1071.32669708921	1153.98882907735	1226.01976194448	1281.69189182283	1224.84707984142	1326.13957667983	1395.41000309728	1608.30377068213	1462.1858582555	1562.13781461989	2834.87406716221
370.495	10.0297729582931	-2.10416309966629	17.6019907750838	11.630584134976	16.5964575589149	0.355633324623928	13.9154318832267	18.2387874309451	-1.58541937107952	5.88247117294578	6.54745773477719	17.1722800433247	17.5830052779203	29.2661924332463	25.2232518830545	35.5126584834911	30.3346179769213	57.0551957532133	133.863458359565	415.034908081089	859.604242568666	1889.10639545042	1258.23428460499	1217.32012958073	1127.58539876528	9357.81824729715	26699.5124168795	26633.9113292413	3126.26791966897	440.291291264334	480.486369290459	524.922303484424	542.324158008038	836.900936597099	3154.47301453758	4091.32975470321	1289.20154636366	822.052155710944	818.731659106237	866.515589229321	900.754797181977	1016.4836886257	1082.7037052479	1163.29247190459	1169.12957949731	1277.55641001892	1243.60876234336	1243.82101484098	1325.52797547448	1460.93903579814	1638.11937568301	1867.28544568708	1825.23486235591
375.067	1.1759080167986	-4.71805601905521	-0.948180971474182	13.8194591981936	-10.0004943052948	-1.77204044061735	-2.40014251764562	-9.55402537896014	-1.05330483070333	-0.925611274973391	1.03024741193702	-1.22236554930585	-4.27376289863443	-3.33318443906111	-6.08137551479224	-4.02162607007484	8.51552349859955	111.478726981399	297.702857093105	774.795852674991	1010.58268747061	1489.74974432935	1095.66351660622	1086.50672485485	8528.20328749104	26908.2823377684	26563.895217335	4489.33034960295	415.624901094663	421.22341353314	491.671609400575	533.891134014568	632.34998814613	2237.91156121033	4362.55408306056	1856.32470060802	855.014466907122	835.593838084254	892.315455981999	897.569822963372	967.390634719535	1010.20257528101	1068.96880075507	1122.0599315794	1203.55729646565	1159.34639600131	1233.30080431369	1135.32701305337	1213.60396107	1322.0669018766	1486.90460693352	1227.37061904165	1351.91971023219
379.641	32.2840317176393	6.56498125035537	10.9607945053472	3.86492808769157	-9.63365348405049	2.04844557200656	1.7982998789886	8.97908492773395	5.32700290326393	-1.4860962554792	9.92455599338342	23.1580193481206	3.29359326301593	32.1091567117264	32.4159093079025	37.578805901206	77.10965489248	230.305051961475	583.958973433708	1003.33140509609	1014.40367623416	1114.03173546784	1055.47209286565	6707.71574338776	26669.4328090075	25918.3319880187	5417.49701924091	421.718654131316	399.565058587585	444.014382203229	494.78400524443	552.640221652434	1409.90643528602	3983.24797386693	2638.16640978536	941.698676242236	863.89879299698	859.385364360601	917.605173264141	917.570629374574	987.375060332405	1009.28765307984	1085.35900795393	1116.75947669856	1167.41781177616	1215.60982762913	1214.17175307085	1268.03552727025	1330.95969004802	1437.09064973543	1692.79094909678	1744.91662928612	1775.9021289404
384.219	5.05865618859784	1.50345743462604	4.53221536108193	-10.2279805734694	3.6770320688077	-1.69403713996448	-6.6285291047345	-8.46516502879667	-4.02775797214608	4.12937872343353	8.86407333180846	4.6742333677572	-4.08563648534269	33.8561510010666	9.6894665870225	54.9777577899818	159.150281850405	467.37404482781	796.125062722548	983.783405240098	1001.29988121974	1007.29678533184	5775.32423165572	27930.8761967203	26492.0657634482	6864.03059017817	387.950834956158	383.765921131315	415.096311360037	486.573618312281	536.157487781781	926.072220615701	3219.93291848169	3279.4038987985	1140.58929316966	881.009511666843	889.177555092455	934.640222180527	949.003324523022	1032.75457544581	1042.85462000981	1063.370713951	1103.5787819594	1138.75662285521	1090.96256718548	1140.59419117314	1250.9910080288	1253.13490008126	1363.21435445887	1435.50774450944	1615.28713273772	1637.0028649143	1456.8981723721
388.801	13.5835357631955	3.39115850910801	-7.44799930552796	8.23927154121341	-1.06634770829807	10.1530093171618	3.20381432994167	4.30687230844853	4.866912592826	12.5455447598364	13.6464032151696	7.15423026137875	12.6383351835438	17.3265197821001	38.9648822137309	129.704959015601	341.137859291102	626.394585516535	817.183341057884	974.976896521076	906.489927673744	4080.86967904096	27824.3340530871	27012.5354212565	8167.5403205157	386.625222233102	319.825734570268	395.18775659551	429.366950239704	480.784866312444	669.872158107125	2307.55082493177	3633.78867132386	1472.91488279588	895.89636921069	905.991333918496	942.741690360914	992.328796762286	1015.81477067674	1045.24645479867	1051.26283322769	1055.54157648403	1135.07651348749	1131.93074915827	1132.4042277736	1148.81297735195	1256.61526066118	1238.40532855579	1401.89815632268	1487.21855475815	1705.59099058819	2112.98047473101	2180.66478196914
393.385	21.3162944362956	8.80762230793124	3.77301252916364	12.2201221238234	9.86349014414803	5.64105881537696	12.970051740298	6.59381882897624	10.2454552151646	7.09357602411032	13.9689128329608	25.5813048724835	24.94243552398	42.3693398297567	113.28753910569	267.070624956416	492.839491444219	660.744396015097	797.554810703902	883.829026750704	3085.18440154711	26679.7409652897	26637.9671460448	10090.084728097	406.831946656781	302.791368023026	340.494628118329	402.433108963037	452.308867504955	530.259393052495	1535.06429954534	3476.26510771853	1965.06417004263	902.816560045679	871.049147265092	906.023028158305	957.943643477456	1009.31799099192	1034.1448214066	1064.59467160463	1075.51557143396	1073.915204681	1060.94628775657	1137.97694357422	1158.9315752271	1166.7302013574	1189.1073677165	1227.03131111603	1370.33332416687	1521.22524115383	1797.5390319255	2310.6941387953	2847.37065033487
397.972	-12.0784076829991	-6.2820835251001	17.8553761346308	-8.01315855072965	5.59695902298608	11.8310507866299	1.59789282991739	0.598382488630655	1.80318031937331	8.97927733678281	17.0491745887211	4.88273291876807	23.4123757494653	72.7536209637654	214.810891844089	396.904553927394	541.20636643715	652.239800353817	711.572410707859	2181.04215062615	27464.8728595233	25790.7638728858	12819.5768254439	403.641767643945	269.84609050824	289.425908469962	360.41541260083	408.359375788917	481.938584011399	1004.7518104042	2929.30565678249	2489.6793054626	952.15812390961	843.819740877003	885.114889759199	953.528433006091	961.764858099506	1029.45381455935	1040.66275971198	1046.36256049375	1091.47168385358	1013.3716311385	1092.85931231277	1099.27365772657	1124.50236118445	1081.20972408167	1219.35829328299	1231.57025275928	1422.35735325603	1416.64637905229	1744.44880262427	1601.29345635974	1914.6292514602
402.562	18.3867033641938	-25.0222002083627	-14.4357675836242	-6.60356986021961	-18.0426320302116	1.16664986020324	-1.31680870467023	-7.86254796819064	-4.76753272617776	-1.77738838953414	-4.80447697386489	12.4067630567567	29.1921064721314	161.49801296093	335.315432152448	426.610482267794	545.215088466308	555.611098816688	1417.50871034881	26751.9932463902	26364.1382402668	19335.7723388163	417.102603909292	240.201671519242	276.88199813621	307.221970727947	373.709024897521	422.519442124327	661.488299284821	2202.66282769416	2882.48001116242	1114.79705086033	781.803485642982	820.456382238766	884.715545763769	930.696848590266	969.704842863196	1000.18948764675	1013.38487810552	1042.38186768004	989.885252757892	1053.77118177409	1018.4172482246	1005.82756183091	1066.60000557223	1009.66989434953	1078.15520287423	1167.52989528077	1281.08041848989	1499.02724370752	1587.33247301719	1832.79323538081	849.599832659506
407.156	-8.15720588450042	-7.27308481280291	-5.8036557753829	6.18482509558429	2.51123440551418	6.652434505689	-2.61170977146441	-4.56418167042099	-2.57884047364752	6.2950116338221	6.16583793316441	41.5660740189497	132.538840870869	299.907337124084	413.589707151726	470.980293013555	500.024514616295	960.577448878103	21301.8993692622	26505.317102915	14947.2960543878	550.677075435135	267.276543954645	239.343293784935	290.073368963612	333.031845876536	385.811549834166	525.566428720913	1564.98961746251	2957.470268146	1514.4382622463	799.37344025824	786.943284734308	859.82471903671	923.532711536369	968.641919880982	989.24135245662	1027.21638660773	1048.64877679646	1024.93820482272	1034.91071774771	1072.22206588659	1048.25819873526	1073.40940539632	1086.56694097088	1119.66797517876	1090.07876546791	1304.03711001861	1407.56100604024	1577.13642874309	1739.60271815983	2286.07050386854	2026.08999090986
411.752	40.5857353975248	40.8153881334772	29.681610063296	27.194091798881	20.3762221711276	23.0420044573355	14.9838761187142	14.9631880409455	21.1361410002932	16.5925752910834	49.8919484803138	118.391365614624	262.080914781791	391.279264319025	485.524330561643	466.768557448706	757.667505828483	15551.4675524257	24616.6099111493	19672.8754604184	602.208166150745	279.473829239534	266.335282912774	281.73092793573	331.010157355724	365.77349345843	458.675397189635	1078.24050662506	2717.32510004177	1971.2389629719	853.789962640956	802.501332430619	854.805864515066	902.44329640586	958.01816902435	995.345555088518	1047.99330203843	1051.83381013206	1055.53793611779	1092.88816275832	1061.50532465033	1072.95311595746	1097.07762707297	1087.01945137848	1132.06058864576	1156.42527224959	1272.7558357175	1304.55605495509	1521.11231955814	1765.99682688307	2007.2143960115	2590.02079275631	3156.74721410399
416.352	-19.508262477193	-7.45450882268276	-14.2321587945688	-13.3825506284922	-14.2814374193498	-2.51983485165149	0.210678620144773	-11.9658026228327	3.32843447459732	16.5745687902724	64.0262733998852	188.3049155556	303.526113208736	396.627068349893	457.366881806469	543.280030998989	11780.0801154372	22129.4627684212	19362.6309693671	795.344265067846	214.942596246698	223.087273892171	262.133807158853	286.480436008829	337.299152545502	386.105305227411	722.169708371353	2172.8698717472	2316.41844541301	954.06015436375	735.935600732985	785.584739002614	822.0947742789	889.562136229103	908.765019014665	975.184158278626	1021.63762472387	1007.28405584543	1005.40263080718	1037.43390161162	1022.01479561717	990.162654701612	1012.89336340305	1022.25948431389	1062.47429406927	1104.5903124071	1205.09283036484	1278.19933147228	1393.86714514872	1573.09224054645	1696.26253450583	1501.34745022019	1436.96395515032
420.954	-10.4670967593577	1.62306391487342	-6.97220082761597	-17.252594137868	-0.297716679265279	-4.93777364115543	0.61925685524037	-3.9680785626044	25.2738158678561	53.4946619105429	152.044723657144	243.473777756578	294.08118035361	437.627146209515	489.228472660109	8796.2619824447	20663.1732764425	20104.6021527918	960.818826291439	215.703311582602	205.054696552811	235.676256553507	258.689512125715	314.918407742631	366.363892247701	519.454959045708	1591.20898278484	2476.29166484667	1187.10123580339	731.643669197797	750.231538657863	798.897827696142	850.293681710785	902.111299678285	934.875942554007	977.314678119323	968.256950308044	997.138757780512	1029.10510194217	1034.48546198923	1052.85459050396	1002.40914509829	1032.92056628228	1068.8206823746	1065.93110678558	1100.64938218978	1176.06500291413	1304.71405075326	1437.94328380925	1622.14056517857	1694.15919431734	1731.4801782776	1807.45237577406
425.56	3.57177843961031	13.1366821621357	5.0401149827738	4.400721401198	6.71780083169189	15.3401515136079	4.86023122786875	15.3947611558891	49.5903226944006	113.163320186847	227.920232372561	284.345609587994	335.893765665647	441.045404529467	6815.845404414	19143.2859504008	20267.3120910039	1174.94505094177	192.546675068099	193.490719984213	221.366010534264	270.599257279227	308.043839791261	340.415262166693	423.800119139354	1109.4925381886	2291.91190639299	1506.21773348567	742.52080203037	717.787251488586	751.435539224761	814.61478236116	887.08382872069	911.401397928572	930.703138562359	942.015744026195	966.538240191599	981.46290038328	1026.9784836061	995.39385583123	1011.05163680419	1031.43531119682	1017.44917554058	1032.4258666581	1110.46142579872	1169.07588962006	1263.56782850018	1338.31262169605	1499.32289753867	1698.00963372419	1827.88653567715	1646.07387193477	1885.21442004847
430.168	6.13190110242218	5.85781421093547	13.4204966184391	11.6230779138365	14.0400272109087	28.2495251972091	26.2235934130268	48.6053769735764	102.985750590855	200.193184044598	253.011533948879	326.296234127771	366.76396083042	4795.05377941507	19017.2324507577	18864.2020917664	1567.81825573261	190.104002115961	178.659831995973	231.181147025312	241.163942103151	294.08108646977	333.627332532115	403.99988633025	791.374778926677	1967.14939264385	1792.71157680374	827.575907616991	717.406088989968	744.935069822819	781.597844381831	822.3027882316	870.236398116364	926.993698038232	936.259539892269	958.468719464754	963.002947667591	981.31615666626	1004.15055786688	1015.63795953127	1005.19522715939	1013.39907331496	1058.32299251854	1085.44522434738	1147.44047426937	1195.31918238611	1299.02474183207	1400.05867302765	1576.90191019724	1770.32718910817	2126.24433212582	2057.22593884289	2618.47238682751
434.779	16.1660676703482	0.779129937520494	-6.69382190734543	10.9320751079309	3.42995701779775	25.0199560610554	48.5534302850495	84.6780222044065	146.56666809731	198.556718286385	262.855346483199	356.079098071944	3434.12374416831	19480.3465209047	18955.6150910577	1827.79917544633	176.8693080387	160.028392515182	181.50264869147	226.37313934369	256.155758256673	316.201962304426	345.282117347756	572.863579386352	1591.0151992404	1994.85876595344	945.000164054684	691.77890135271	737.935498745348	764.538451434052	811.389029208128	852.633210105945	874.342490874167	912.934379472323	926.352850337881	935.846340817378	942.903738810317	985.194058023267	964.807612969405	988.743773365525	958.041783996933	983.038035164869	1038.57518390863	1048.53932865763	1126.09504494193	1216.55694262712	1309.27322799176	1399.34857075655	1588.65073530252	1768.41931885173	1970.36444822629	2125.74513231206	2283.27139687265
439.393	36.4571370792521	28.249018523003	12.9486020376275	22.3768106250988	22.4303024583301	71.9442745963613	136.619883606396	150.511785068449	174.359834168479	204.979207871312	314.341616554751	2790.57779702641	19900.7256954235	19401.1667198489	2536.9544219897	185.541739750635	167.520702166543	174.826895346644	208.895961651562	256.279292874843	283.898222840083	313.388972658607	448.817900149566	1181.40106751905	2057.91450758782	1192.87884288365	697.936631528898	684.368552764996	748.615027082476	781.352634052179	835.954889738405	850.019731018315	888.658154260716	904.327594488635	925.122132260588	937.953625427507	929.653711213077	967.331729728724	965.386451602746	984.809774931189	982.838334576839	999.576007889245	1023.1431869089	1072.96638486643	1150.82526931997	1260.16105331711	1402.82787665659	1510.14753187068	1667.66540098977	1833.76207203867	2049.35997777946	2374.63748060681	1905.18620859872
444.01	-0.858221515799545	-4.59121760144072	14.1863654544416	13.9901978616626	42.950240174481	136.572605264247	202.614861681425	147.621055434459	173.543312169991	223.380418677819	1907.60321818721	18744.7978437035	19661.2596646679	3403.93068785152	180.495527150887	153.507437965767	124.609678543617	186.575583638118	222.285922142102	238.612986308645	303.086777325687	372.589693706973	836.051813194416	1822.07148239226	1420.14251496628	697.432794277035	668.101884979396	696.375505802105	738.000496382413	781.675723592208	802.62925450381	825.291284619751	852.588637282883	873.769908265404	878.253825918875	872.080601561099	871.960148067366	899.351649077756	925.989113519681	962.352941898879	953.991491113456	959.381288482913	995.296664761232	1062.78632796901	1132.51526737338	1161.95131770006	1346.31674884798	1467.73652942093	1578.99015711571	1789.22267555275	1855.46163959987	1871.02611303375	2314.21640380348
448.63	30.3271164175982	21.7823054436836	19.0197381345024	53.9723496496052	108.567442451638	253.136079351526	209.201072441091	157.757352333139	202.983913978967	1106.50528645605	15521.5851359347	18416.0141738305	4027.38852679224	184.76311437785	142.318680519332	150.681051727003	162.883795076152	201.422306028096	242.085512423762	271.025574948621	334.145039677176	595.55772244661	1531.73534946302	1629.4472140962	761.367243920345	631.410509667222	651.248696824728	703.533679038618	766.473099228193	787.640584306167	808.623178095891	837.415934771478	846.510168532286	849.695005043804	870.062672937211	862.090122584591	872.653104338178	894.901345514841	916.131369253024	918.109003400607	944.677008693005	991.988482803061	986.343963976858	1020.99510349244	1157.08294321191	1262.40801062446	1417.54137748091	1607.04930093986	1650.23601407571	1919.98056725991	2014.97473690175	2077.6717010535	3469.04315866586
453.253	9.57680615645971	18.5626550150965	23.8379603975402	99.130776404662	185.772745282581	247.223277972856	165.254037645625	172.28701157938	821.465829519898	12632.5173967317	15330.0880863061	5219.68038597638	197.336547488962	133.959869859242	130.925701714121	144.112519116586	170.364580934183	198.796942134905	239.658539157696	263.141900735905	429.193137705789	1134.61121884939	1678.87732622151	903.95856254316	573.783962882295	591.659112295007	669.884781706341	698.164474845665	746.621595289265	773.583253939743	784.395910801015	804.62845473161	804.418451295305	822.344493098042	827.278260579071	814.897190929803	840.108686468326	845.369732049941	850.338745684015	875.022576317398	914.367444452186	920.592341684071	952.149611668373	1044.44403961148	1138.67039639236	1191.25646863399	1347.97454884746	1455.27539876011	1649.50519762371	1840.18286618314	2006.61050543312	2025.82247919804	2611.13288790003
457.878	11.9588238468978	30.8849558665942	65.5050196578282	183.220509085766	207.1841148612	213.274055725083	199.200876061709	593.111872372893	10751.3049700445	13648.2612747743	5438.65274760031	213.475266238127	128.592260891293	131.208755122413	144.166925511197	160.21277345894	185.745737398439	211.326924746001	268.309487438484	330.85559115443	839.000560342535	1652.85478508908	1102.08363386856	588.67339592738	570.11666435694	601.912290975685	650.955612950635	716.633183550565	734.988155687712	753.824157102131	764.640703751718	790.484154506208	780.485605054756	805.102378322924	808.3751662461	812.329128697394	801.319473401602	835.376802309051	821.028034915547	837.695867996216	866.073024503924	915.625670891618	958.634072617014	1016.35919549238	1108.02335353773	1215.74873898757	1371.95977843086	1460.49545729961	1694.18607093245	1788.11958004696	1808.61390626218	1950.7763102023	2723.90785880477
462.506	35.5780922518254	60.5269403008635	129.590700933108	204.641324679174	183.523753640256	213.472317707211	647.536745942333	8858.82900473768	11553.660117873	6552.99108491957	224.526796418536	131.497614990689	129.306313502315	130.986893416563	166.09092571452	182.65640997148	218.553500386183	232.301240949287	289.615666243024	547.922708385292	1387.29739081639	1306.40968321842	618.664162155375	534.562745694355	578.580481841636	607.352135616306	666.755314311703	705.088772165874	732.400763054889	751.623829331968	756.840796519458	751.619304162641	771.075891116984	770.96776337748	759.198868739311	766.308780954323	805.033621040243	805.651889433955	802.562701388853	830.313511358519	826.384266331998	872.733927539424	945.308432935983	1030.71517536583	1063.38598493459	1181.28122328966	1323.89101788166	1523.37294342249	1714.1846766586	1839.09209278991	1952.679120437	2182.39495315215	2974.79818183556
467.137	38.7581689879513	68.7547352787782	121.753514240541	161.932376485001	175.637977534487	576.28058185545	11516.9794005371	10063.4432762936	6535.68296421823	258.473411811759	102.107310538111	92.0501303866594	100.072204478061	133.894850632251	138.08321875416	168.177403666624	187.407966772145	229.032751061617	365.403508597071	999.203973237314	1352.40602130338	688.903877887394	469.525501504779	488.751063903814	519.663617945697	607.271298861211	612.588604078714	669.406245881177	691.450946264669	708.757369766621	697.703054281649	704.467095085225	715.722247965557	727.573766682775	712.810360769148	697.426055378859	722.70642072355	724.29498435414	744.846363740704	754.528673814976	772.356172388613	805.313854038594	853.461577724203	898.900262223096	974.8943948349	1100.95652746313	1254.28023069765	1451.22873323162	1432.71505272024	1725.98810384281	1906.36911896967	1665.20913795362	1637.22590631768
471.771	88.1459870416019	110.386400497472	154.104786364848	195.333546832292	468.915910092653	14395.8528237277	11450.0147399647	7539.4663304053	296.442615616553	108.701223773156	106.011990366478	107.455171250009	128.435630765046	141.679303509588	168.253599387693	193.757093116105	217.029846298016	294.107565608918	705.201578584163	1363.29038252524	866.059671044034	469.634438136399	492.098993921479	512.636390689756	545.80388582456	588.621856920362	629.584543905695	666.912052811486	684.470633742957	706.789773732571	681.393815163536	684.991366409321	694.271685480548	694.578464272229	705.876762838416	696.615442845118	711.453522399712	697.555923778253	733.866757518078	784.608124226775	779.132192260629	838.492408372037	865.332942668799	923.477551466026	1051.77095456534	1141.17058340286	1256.03875489315	1379.15634199782	1467.95198850437	1721.77294446326	2065.48543857394	2232.63917288715	4187.59553394836
476.407	122.453140227994	105.624636840064	164.028612653584	414.926966814798	8093.49503686926	15141.6704199254	9631.00962713836	327.077914772268	94.8586198342912	97.3304049109077	90.6270982241962	108.909123861487	127.570805231543	143.589031668678	169.700812619471	204.07578755668	226.168081399311	464.699580254456	1112.62490284382	1035.40605390975	493.36996338549	432.671009504649	464.52318976892	496.446329967601	549.651093117887	571.432051240285	608.6617842151	641.566649987894	653.611886963346	653.448095699921	648.557390865626	655.491878452232	653.30374552077	670.524650638377	662.820980221949	642.434467311249	660.691119880977	686.550440397284	686.694008378657	709.387618465872	720.954597657338	747.54173391051	861.459618079541	873.046067737387	943.414441306757	1142.85010794281	1229.98494489111	1324.61240996461	1527.87966493068	1656.48765321846	1728.22924404968	2007.76750854413	10088.6203875408
481.047	144.919644934337	131.336529046185	374.574443399879	9616.03636269397	16304.4114445882	14791.4670275427	447.519491257564	95.2026308288594	86.2435976002804	95.4253805946404	106.444690696518	107.033687853496	129.582933376045	165.720293874963	184.527670841862	196.621631333958	314.837544489267	822.946904118299	1097.91542234186	551.24827515225	388.878869502516	414.145993851394	445.877931730349	480.965626125154	515.523973580951	559.537780391726	582.69857163846	592.110339286233	623.516082465895	632.954200091627	627.680022694769	635.129643417561	619.987054515311	619.090821374092	628.791622113423	621.061582598162	629.445617701008	644.165612026038	660.19372222128	683.549556858203	709.869786751574	740.358564994493	812.293173680375	860.66130125376	946.104578593707	1117.33748167073	1229.4261748635	1309.89292450749	1438.91606208634	1659.9095632544	1769.45145270611	2199.07973768669	27670.3626776443
485.688	171.417175796	285.463228943539	6772.480062573	18930.5669890854	16333.6177028271	1005.94170539593	96.5121549590498	76.4500867117225	73.0317405510824	85.9880909894985	98.4962835253866	95.0895192306828	128.937425126411	160.367121866587	177.438784044675	238.036442164123	571.709721346164	1049.37231534051	672.151949292754	359.468753863861	375.014366722375	396.01254291744	436.910318884728	475.490915733064	502.069980376233	530.017956943434	569.081984376009	599.98397475946	602.868546562641	591.353758213605	605.778439419207	589.67107967247	597.205374932339	596.945528383427	588.579826114273	582.98320274623	586.110426070211	588.458795613417	614.921598073311	632.608072958113	662.178732486381	697.917725115269	768.392029963439	815.969984505348	921.007604847289	1043.11038362211	1150.03952009517	1282.45412057748	1378.22967063015	1616.37900371402	1860.40053536662	8215.46803650544	43630.0540429961
490.333	243.348077787606	5448.11061191604	20151.3655823591	18948.4022790758	2196.17795109634	99.871209510796	79.305333445864	77.3467318753713	77.2369890653209	91.1249336336528	97.2388722982048	110.679598142211	127.960535301484	158.052270831245	191.145094146834	383.027858652037	869.008135075789	802.161260331049	372.428817826599	350.130684143626	345.747309554686	387.134469715275	414.137478968732	459.761335113396	477.35235883255	510.706301365311	550.65579275206	552.451510883694	560.511143460459	565.858859086468	570.433661584784	543.888430754697	557.113507285478	553.632878581761	555.001941986195	556.077916383347	558.9684900976	573.184734755932	579.14050711169	597.088867550382	642.738911361559	685.249605333571	744.969285185723	784.095352474076	861.753354881176	969.176468376846	1094.53130951302	1202.519022845	1440.24167288327	1607.59325261418	1746.79566201151	22749.9921780095	33534.4378807823
494.979	6408.65960451505	19997.0632685448	15033.2952282075	2597.98465540531	89.0799799742029	89.7596421622936	67.5417033332249	70.8524317890771	84.8803033744615	84.6190782789593	106.277752917508	110.920491558965	126.472978722618	157.155809359807	270.428636475105	668.044082677901	843.936876716867	436.57718017881	309.207399535688	331.042892649838	341.135589313623	372.377042655595	403.940373283013	432.505429833717	459.261387026387	500.374458955844	501.71556944459	530.815140804263	546.890317706846	546.720022095045	525.092896020936	529.119888627191	517.155962484284	518.322103281246	524.052893712031	521.496535728774	520.393610933716	551.900212615996	557.808096868212	571.018060669323	608.74064135385	638.924762943845	679.067718825332	759.839628475911	826.28942266302	919.748722248522	1072.77029291859	1214.51886263616	1480.87744427072	1512.02996165066	6062.56079631365	36155.2081028351	10786.2157262392
499.629	24881.893463288	12751.1647161101	1602.55530373267	88.6228328682768	84.5006358992387	69.0233010344437	68.1126832162409	76.7901739207129	94.0511721437506	95.228538177849	105.7622632254	115.050398659969	141.699978886397	206.652865275924	494.519470130787	820.638365231909	521.638326748092	300.19951935319	289.529403745511	288.519842477514	332.24328017931	358.272443056963	385.178032081214	418.800402993559	427.576529561769	443.29467424847	483.010420239741	489.51233203318	510.649790177648	509.711936704906	496.865306293735	495.546849681973	508.143761112857	486.044320514863	489.085471071902	512.626603441167	497.422866128164	522.527393587644	528.418497431596	555.772685869323	576.468728168012	610.542519309828	676.292597547488	742.416704980895	812.475844874967	911.07354117907	1067.56692708879	1227.10850927646	1374.6094730127	1619.08810475322	18246.6149613572	29389.5400082935	2418.44003948195
504.281	17845.9830590244	1311.65595059555	76.4366522326944	67.6634891747874	63.3111878847334	59.0531535482203	60.807022496154	71.3675689995119	84.0229145808729	90.7478589978948	103.091487325676	128.087951551022	152.801919896276	320.698936664332	728.59686713863	619.369928661061	299.289576609015	246.145998041857	257.404672096613	302.821079965952	298.085721165882	342.443581276976	383.311512827225	399.13483625557	424.443818348901	434.778990831898	454.361499740975	468.068238044452	473.850373138381	467.389567352731	474.74490037545	458.868181026904	459.415135645022	454.437670505598	455.328221434672	450.955260447996	463.040725247123	477.102666065914	512.410543515982	524.520858459618	551.167373702683	566.178685703897	652.590246718356	681.600211687379	776.154801421896	865.612182059971	989.433445773201	1216.04263806349	1324.07368480068	4611.23869738492	29218.4198453035	11044.1439797238	1028.06936202204
508.936	1619.82383235389	79.1615645844119	68.4086416744595	67.3167498865869	67.8914579032565	71.3569283041504	68.1915817070675	72.7221573773303	89.7778218134467	106.641409824683	109.477571374254	114.03211228607	237.206836462619	572.118847985126	693.572180470314	340.621698233885	246.320121044688	241.879911703815	268.593647988702	289.775773229106	330.538816888406	351.002874650732	348.20060755229	381.155916144395	396.488150537669	411.240213083905	429.857928812106	441.847317913791	456.681342127725	451.813058577171	430.056972954338	430.922857497242	426.928090734512	427.07169768656	434.755508282922	430.332340790125	446.981378798922	460.123812312275	474.601333223953	503.396473796412	515.279187084445	547.423490047686	609.475228625962	707.848925688873	766.597097449627	826.762900244579	971.224810266085	1150.91560039454	1298.49248236062	13975.3366747079	25907.4577955695	2404.77182901403	841.33635164914
513.593	79.2448511790752	43.3729136883354	46.816536825629	52.945089356488	55.1776128912203	57.6991984564006	59.4315855691021	70.8995870550252	76.2535633712468	87.286999976812	107.465595446599	141.098869354247	384.394040501872	662.753361098671	402.792698172442	213.863336542074	201.988798541394	221.951352858859	247.068621636712	264.889805203486	270.604135992141	305.059675275189	323.138496006583	345.392325449864	360.890333440859	365.041814555651	392.873750337537	385.705586243523	397.658073127224	415.724810265996	415.117148457244	403.523160953396	393.086111298536	390.539174171192	400.1205049836	405.227988709887	381.987577154131	420.441447273188	423.464515438252	462.214516110825	455.075674406317	517.350160974974	545.848822634758	603.196550633859	699.028804705121	795.248231433492	990.691318091264	1116.16087305385	3304.42082402064	23878.3411570713	11142.1484320311	1235.01426352372	410.019534464727
518.252	67.141289863736	49.770785959203	36.5121247748227	66.0012400168114	60.0114138931622	75.0606265917618	75.0720465496411	80.6042859487761	83.7427996478618	92.7947618071753	130.872996957765	275.658830031856	607.498163963536	501.792908295401	245.753220353709	197.049767700313	217.665680583604	237.496553039898	235.098244924839	239.802991813912	277.411747500617	308.0112153368	328.540241093749	322.663576628476	345.616537196154	379.470660596812	365.051765804778	384.073929123599	378.019524015687	388.139251049325	388.033574297831	375.653444233302	364.11429362868	371.806243083681	378.022936042875	376.358550623584	386.037927535008	397.667118099344	418.402965734675	445.25304310905	464.288714459585	482.95717703774	521.682663044475	597.263903804617	667.961522406334	826.17954971068	1023.77129276076	1133.68950218576	10861.993472447	22097.6512006122	2443.8143434283	1150.03210422815	2154.17022832657
522.914	37.2557346749182	30.4496145370996	38.8026573211429	42.9596518723075	54.0762124732024	53.1016511385399	65.3050812295789	74.2896321749651	75.0855514834301	90.420914480268	164.790902337676	421.162939184153	541.896483589687	261.809167963496	164.039931816772	175.461440481521	183.515639214157	205.083474922041	207.182385386039	224.360977285031	248.788868551326	273.248216104516	295.2916615567	304.1902606648	323.784037290577	320.329730976355	329.930476255072	341.949927467449	342.639073609819	341.193079922634	329.450372506781	346.924237816656	343.988878569444	341.05248116477	322.886808807907	349.634110909759	350.628636237398	360.136893852196	371.054333857945	390.62628213493	418.084267675997	448.04039552024	484.099047663937	527.676106401847	631.138366537247	777.611954219677	910.45635172416	2316.90988890707	19496.1407366795	10465.1403336307	1060.36185637272	868.928860598261	1622.43293495522
527.579	46.5652867394045	55.0117407937431	49.4374437563295	47.6630740252415	61.1790658621075	72.7447563536437	75.3313880814458	74.4364367710379	80.9874418906581	120.753507600984	313.231911336716	543.480342248174	346.37494622804	161.140480640899	169.376031147715	177.037472811244	196.705759470299	201.813882427418	229.173949496009	230.84743649989	238.976860513661	259.593077974641	286.719264580562	272.209306361034	296.944096570247	319.733191393076	317.877675021277	326.021088816698	337.310228800398	324.337356669204	318.75766955382	323.637822498599	331.771258747084	322.342097173138	338.440573915124	332.524778961806	337.464723517778	338.141257825516	371.019422438098	394.136760088359	403.265565087133	440.202979609186	462.720607218498	554.534238396568	674.294175904121	852.651349343569	931.241633297851	8315.95862414511	18899.7423789905	2432.3722018303	902.423720630972	1469.85412604308	3195.89216139735
532.245	62.9009229977663	55.7371948743623	49.4671597134231	59.173064268949	60.4538165984869	58.043548280749	71.3260530630005	68.0179363518473	91.6438546894129	190.10243221852	473.985669928113	412.76594080646	185.709861602896	149.405930426594	161.981189917749	175.284805576512	178.828659004551	193.0654150714	198.218589717217	213.850720349521	247.564025864505	244.208569374795	259.65906978011	271.450670513998	284.584536109127	281.953720433903	298.766420638024	305.845929364379	302.924872872614	297.211987996704	309.101778751776	289.615073521804	296.778463096346	296.766964056382	309.516501025431	303.521929584122	315.660050927577	309.742189175132	343.251934439392	348.626323039399	395.057532258157	399.632562677124	450.801188358651	509.799202359735	684.994997991368	770.572975713392	1727.36286794051	16099.8206940543	9663.61970370509	1004.57640721074	896.099488529804	1902.15400002688	2694.6039780037
536.915	40.3286445650749	54.4600740491516	48.9357201011706	51.0611799542836	47.6424523867058	55.4631501122535	63.933733615765	74.3311912178946	138.884030568232	345.18324620792	450.29698501008	228.467791557478	137.749119560274	135.1236491796	147.413158086552	154.529196414584	161.617824756617	174.71223325504	192.372350681766	195.603650801006	207.412655522545	218.756352437993	237.572942852104	234.361575007406	250.810034719967	265.463526941705	277.29909137016	278.868976221833	267.216401763499	281.899601545067	287.701261724441	262.236715428804	276.079558976683	293.835350466637	279.778384042777	280.070538798877	295.789048802012	293.351184172106	313.4540784975	328.887840536904	344.266285571105	382.633173574487	441.264491424247	488.703816593477	666.526687842867	730.409008621961	6509.23225166128	16847.5107754886	2418.33398889955	776.067812033873	830.924111021161	2168.61761533248	1522.31387036485
541.586	50.6866198874853	41.6622380828243	39.5934121167369	50.7406544218723	65.7993859849934	60.6285730227969	67.5339841082073	104.995009474323	255.740406090242	439.291064867814	279.40052460707	137.760138035405	140.753527941346	130.20490489204	143.627073571673	154.659927127809	168.32920129269	175.189789752205	187.291201577514	216.350615014324	217.002865451992	232.562893342289	229.938130178443	244.235635273523	254.849425552945	255.474978387067	257.911269466574	266.66934773672	283.05416327714	271.874892770454	264.746745725148	266.053975000482	275.260075558506	273.781416295961	264.053602384247	275.64880918829	279.050363925001	294.194307107607	319.645061078397	326.994022122316	338.698005328655	369.199473848479	440.576892442659	567.082126387147	677.600274798628	1319.06210961117	13302.2935179398	9422.02685712669	980.840153788746	853.041462073387	1106.48151250459	2813.23812351146	1390.6168963324
546.26	52.6072670763712	36.9557803525634	38.5630113383101	53.1827115364389	72.7412527865996	65.103055168004	88.0343042728548	179.119984369591	380.548258861658	357.210077065186	143.160711293939	112.961801267857	122.250693021474	128.784221075995	134.933724623542	143.661619186553	153.251357921191	164.179289900912	177.194392815145	186.43687013923	187.893888575337	204.437058732533	216.467987614546	233.502610894065	231.64996907707	231.233995551765	246.0770769604	243.181003806168	246.798309705435	241.901352237406	243.428803421185	249.785406250546	249.443568046954	251.710869167701	268.472393341907	258.929388740282	271.070395478164	282.842257615888	289.193363424645	308.860417689332	320.929959633567	363.100541915958	433.503154652198	574.940285712893	665.056678872071	5133.90470259942	15063.0058407348	2628.44257875151	798.901936737431	836.408935111112	1797.27984572523	2240.93344730417	-116.631189415946
550.936	48.1841052054739	43.6776849282697	44.0331084586759	47.7978325406604	55.162839135722	58.5730969753555	132.770394623082	297.911710520363	383.587226703413	176.575561883691	112.809208133012	107.410403530037	121.709835753755	114.955543900592	129.025537117143	140.346563966511	160.799866623542	158.686217500412	167.807448590668	184.647911469678	167.999963322734	198.757418347876	202.048372806173	199.650502474642	227.359640737438	220.077292476788	224.203703671189	234.907619604488	234.518011597888	227.451858288161	232.245210529681	234.960109031822	228.10590445093	240.716930795067	234.586488322335	239.991942668036	236.420985235291	253.945549188397	265.086047251445	287.526300222411	308.921900617478	342.104294762524	445.169489337028	547.179698440899	987.335011245353	11088.0272287826	8995.46123437454	878.984520685496	733.180102241496	896.197358340943	2151.63646006435	1311.39935119564	1175.07462271116
555.615	32.1693566735938	29.7582720268664	34.0454886756212	33.8424165213055	52.8753444705586	96.2283778300582	225.800135920646	367.830190227382	233.223810342792	102.554018870862	98.6458004717717	105.894273872939	106.687201267191	103.154211235323	118.398846300394	133.123915430067	140.940481576053	134.114519354801	146.24796585083	146.229073745843	167.194444892025	172.440734043949	194.143000080603	174.151783605055	195.982169899496	209.538266071637	192.370731295991	204.903214162924	203.37059226566	211.205606737575	203.119959677087	208.936043804641	208.635259662156	203.234714170689	208.722382801616	219.748844278764	214.652513878747	221.079872315126	262.419379668147	260.170306126482	291.866973557588	350.678758213128	458.447884059994	551.610817155271	3622.40215407156	13643.6456216532	2655.07662578893	688.953646787509	689.551046388398	1189.96627166955	2083.64497654952	318.171246242186	689.256865170867
560.296	33.1158625290796	48.970930391658	43.9616385752522	49.2985440525627	66.5775060668275	159.449729835689	348.038257028599	296.750272780735	121.003815732031	80.5322515124055	77.8418377490896	90.6783731833397	102.450649182436	104.744036744579	115.011025789275	124.306278440051	112.303022151835	131.617999567981	134.077605976065	141.156710391935	163.70038226799	159.98973823874	162.37410818364	193.448695211639	188.942536551623	193.937082236869	187.963387941008	206.367815136866	192.643075658349	190.302442632974	195.176439644248	185.921189928811	189.360109108041	200.87174892648	205.032678405548	214.557551844568	212.503865432594	218.042967846955	229.841552469338	275.239427323977	265.879176715516	360.304660392279	445.624666311694	759.758901283354	8760.26068537294	8692.60491755765	788.168270677522	724.576170993264	788.710472746442	1683.9035390507	1374.85426923815	645.886944573816	574.045068771718
564.979	52.1619845132687	50.8685548854309	55.2040959682027	79.7167970436965	106.637238730905	273.400666896853	314.966882624102	156.827617386287	89.9791289430399	84.6843869760756	80.2141450584707	94.0426505187265	106.34220320339	107.715690838392	110.153273992139	114.284234838808	126.011450808205	132.501656976714	161.128896911646	157.544182441278	147.816103320985	155.449449118917	174.149833674864	168.423563022306	189.432399902481	173.985376541094	192.898137072459	185.687872723454	196.147168966941	201.586753839885	191.205078179315	190.193476104803	188.460374150602	200.910715198844	202.87828708254	203.787555869754	207.881422139519	232.468040823421	229.993826752861	249.590100003216	310.419437929715	401.615898041248	475.804362098599	3034.6602640323	11451.810835972	2982.76429286598	727.47600262475	771.698123794256	1114.53482790884	1957.11027790311	1026.98172299514	885.002563525863	1039.24711140904
569.664	25.040176375253	39.8943390828522	46.3397267432476	76.2534735141627	195.230075757794	321.17557483249	187.494349742559	73.536873551137	74.2744839036531	64.6238502129712	58.0229541565831	73.6790137415663	83.845727537867	88.4315292429296	106.146584150042	103.888530836933	113.852959209836	119.716943581315	123.955863520015	126.087175643968	141.755400560389	149.209244060664	139.267096079101	158.929537353463	165.231107706451	150.691334426447	162.958746400054	181.144881316842	168.681200300126	159.005690256542	174.383711912375	161.486134087118	184.564854619047	169.148544031815	177.610943155332	185.57074165523	190.301555393037	199.134589162821	203.640575078542	235.987981972782	297.054356419944	389.514655905014	553.431917264406	7439.14913290718	7863.78221091155	743.938902947464	784.310688350247	764.575515980517	1443.68204950406	1661.46092152499	700.549094356602	304.068132800315	120.129714082609
574.351	36.8469739973674	35.4372720297014	50.7426674348815	155.382827045571	279.509312437774	236.830865819809	84.6914422065439	59.891317106829	61.9311318389298	65.3946685229489	66.2581500420138	70.2933751826673	71.6235507284553	76.5734706510992	94.7800888631451	87.7873313436682	106.133646002702	101.827162423248	115.347780966127	122.416723782793	133.60640826273	120.389882270337	134.382443636555	135.050827228229	130.581179679776	144.428354389493	142.878164479665	150.263446632109	143.655433597748	150.363122889063	147.585399466896	141.270236816697	156.303391013104	158.5197548891	162.819059861519	159.665971022814	178.272286376981	182.987876772158	196.74541690878	213.199257207786	311.312529755558	390.405045580869	2258.16020859306	9958.6864588373	2800.81961088093	641.991792886886	690.29474497526	849.653346500575	1723.92193464839	1075.75340228865	413.679484047107	501.828127436401	415.401363557456
579.04	52.21721694113	55.8691669003463	103.409388008875	250.216991535739	289.130654461811	121.621710753291	66.1272253715273	57.1191823013304	57.250049138751	67.5178260877851	69.5385275058278	89.4537762374132	61.3369457494581	90.287899740825	91.8885921972232	92.8635754989058	104.36642416366	98.2904867295617	132.763789453036	113.563442441222	128.268486922912	122.156028713271	128.437753050193	131.966839352725	127.67844757745	142.679739045563	130.01874887672	141.408254697595	144.348371914614	151.419741318358	146.85384126225	151.671655644855	159.201029600388	148.369603777942	164.284704034085	169.459208885622	157.613276654094	171.125190600326	188.610444369374	231.66597732496	306.841581862917	438.346338472363	5969.8885958572	7050.26742955293	638.01708103786	614.004963871165	715.766854569988	1172.94452930871	1739.44011869653	823.354977341842	624.258020917542	886.104486529266	890.673926729151
583.732	40.7804161878963	85.4657276545008	182.381204397355	268.397217736428	178.221333424944	68.4232900126579	53.5842806371204	45.4885134866513	53.2864863197035	54.7136422168844	55.2509003462684	71.0896272272262	66.6198241588225	83.4188030312918	75.0839116710259	87.7077743840419	81.5929647689842	87.075929992113	98.5455903115298	106.870177643521	103.857967130192	103.708662405993	124.118389220824	123.160049548118	126.91865135582	121.503237618368	109.346691968099	119.351302212764	120.810036653107	120.418602065273	132.690243321619	136.046099622747	127.81753136319	139.81605033943	145.586861285499	148.008311097383	153.644810845522	180.909272361976	175.463857649245	269.021119472623	338.089038092534	1595.22127935305	8729.40558928724	2578.73433143651	451.111050383592	624.202449594468	737.585292646295	1478.52454916374	1214.90294506488	688.584098654527	516.735665669178	276.029315612336	-492.133360302016
588.426	28.312828980285	133.756237616984	236.816060267735	197.367288072018	82.6579089876377	39.2273935766368	46.768070716982	45.2200882390803	44.2868763345331	50.5600315028357	47.63681248845	52.1272670830314	69.1127302948563	70.0729374583425	73.1390628070561	77.1752520118585	87.5210454275962	80.1229826862483	94.4700647513183	83.5488748040179	94.835235522568	105.277720486249	97.8756014481159	108.403095691486	119.955382223812	115.035011401679	108.995863729718	110.246607632771	121.127977000461	119.836736733899	114.319612681976	122.445766765009	123.951330178656	125.742153386295	131.285989971692	128.821082925579	139.420713467436	158.682903634672	183.58154408099	269.97591086663	347.645802814939	4779.32416760793	6502.05329746536	484.128944134254	437.744737888596	613.031744701022	918.878120548657	1625.41468122094	801.801096210064	492.700282959428	455.871048665387	490.871972661926	812.66423951792
593.121	104.474702870624	203.342215653543	250.329077415452	129.445837370562	48.0647739404973	46.0796118022537	53.3589127856776	45.1097073834355	49.2636437254064	58.6132512236807	59.5338818512836	67.3981554687537	74.7065141704863	67.1130388217615	79.0691387516333	77.5613984538905	76.8872002239325	90.8723282990907	100.256705457487	97.0867416223168	86.0743034260287	104.763777874064	100.789819482826	102.556711902847	112.263396396969	113.131005501247	115.660846118513	114.460977925666	115.937181848607	111.380976046439	113.994020254965	117.36959200242	113.66014668738	124.512902827776	120.357651091853	146.116075882546	146.585303829545	149.557259531444	229.215182904972	277.36580441296	1095.29502630816	7645.23251328813	2534.89695029742	302.173955162673	394.890455431319	610.678823337831	1186.70438079301	1369.43306425941	694.550038467607	483.375854280655	469.418032646052	679.219780380782	106.530052925559
597.819	158.087563805782	242.668073998196	148.832444145868	52.8043359919679	49.1941446701915	34.5112786425536	46.898884620594	43.0119247913994	47.4567936856579	55.1562988192426	56.8994085073068	68.3981655198292	64.9096605428798	65.0969207522609	65.1111645595284	77.4462134340074	65.9042749911188	80.0350808426714	88.3890812401878	73.5384917270094	81.0203350026173	74.3367819980996	89.5523005120896	83.8949607244887	100.42915218721	106.331785588875	106.51005507187	120.988014974885	125.847022529438	111.143913269124	111.97471860409	113.260198393001	112.823252039267	114.04843644932	114.934496996444	134.35135170849	127.953884701176	163.128674311786	215.201642266307	275.572334135978	3634.94949362409	6440.88058841869	464.187566882869	290.476844135641	340.633517968893	620.735828144039	1367.87922368877	1020.33601978386	561.376544149603	588.305241312378	600.712716304517	805.609701677976	875.259670068231
602.519	221.337155793945	187.364908814908	55.2085339237686	38.199973907806	38.5937106480644	35.820410733812	34.9619302706937	39.4241523247273	40.114858995604	48.8100197049532	42.0034147864452	37.8993200198706	52.8986975993339	66.8284400835939	59.980458600573	70.101368297585	65.7978437628056	72.7936470216541	82.617109804761	80.5770180011168	78.6596589060965	81.6032322787769	93.7670187355716	83.8715220648422	95.396556414659	92.0813274274192	89.3515768774617	94.7027911851978	93.7339545192291	98.2437325040378	95.2580991539889	83.1831302226575	110.942849105312	103.637615772312	92.3429416314919	101.64048505838	120.943775122336	165.95635672974	233.637371740569	812.21127939667	6529.40705429402	2819.04286702893	244.061081237656	255.107219466952	359.292423926248	775.826737761637	1330.08768109437	661.460889209866	490.572713978104	473.381683897903	453.118595683922	289.975882905548	1188.17386736934
607.221	222.900374115119	118.934824454176	50.1011107098725	40.5214093922006	48.8907435869861	40.8581124806127	41.3869947949863	45.8072528696046	54.877367484661	53.5827896730443	58.3711420184368	46.9736731747169	65.6937171505489	62.5051027355036	55.7280161685155	70.4368799413199	73.9433794053194	79.4061193306989	80.4632115653229	96.2612014513576	88.8183810492019	96.5362683284242	102.054829354554	94.6050539200305	83.5319988261025	105.27960845562	105.497425338938	100.2417434475	105.817192745203	105.615620274668	101.627811421487	104.457902638681	101.400965886558	100.136586387373	113.589605446059	109.510936557362	145.192692420292	217.807597810719	267.069021680152	2959.9722895211	6160.43313819467	555.547761894219	253.088768121793	284.26419100843	373.288453600268	1024.05508703936	1057.20399359762	618.792335526507	577.788010148313	535.551772147888	618.575944183381	716.853137123971	2034.49351464816
611.924	150.028416364247	54.3675105469767	53.0586947788413	33.5934642196766	36.1595258868759	21.1542520714202	30.2442049469781	33.555514824737	36.9365218459007	41.6667876966908	43.814761434907	41.64899030872	44.0041437186336	54.7124408316663	63.5234271059027	47.4092230360149	58.4525204539709	48.7696425896511	75.0157120764132	57.6922944668166	75.1718439187426	70.9481016893149	81.9276583690032	73.6328298215996	71.4869270758909	77.7976426672941	86.28366693143	75.3521184799186	93.9132323204029	80.4406813664374	86.5339458307034	80.1015045261088	85.7825374891667	83.5026376144989	93.0746719136228	96.1726291549443	154.752511098283	203.349221757781	524.291771215055	5572.71041442074	3028.90587382563	215.127645964545	192.358620876478	217.561632965395	422.62849616297	1038.56267395686	716.819572661259	506.066214281412	501.499140308826	418.919831245234	500.392564444507	428.337497208276	1338.79824371772
616.63	78.0683226048606	52.996136106034	41.1318179460613	36.3221823486216	26.4063476100878	33.4220021142211	31.7885290770741	39.379425587984	32.1831036494875	35.8465139366897	40.4169652185267	44.8798634867625	51.9104896410525	62.5520086008455	66.0667796381457	64.9283379188386	53.0010074773829	63.1615944643608	58.4615362152568	74.779003184651	59.4188797101043	61.2318041032584	77.7764794672754	65.6737776557915	69.2859205303127	66.68714820873	77.9777202954585	76.1921498794828	78.0712926182438	75.3474739229059	73.1238576866964	73.8019222400901	84.206326917686	84.1100315272454	102.179042238501	105.052743434814	162.106398781048	213.984275173763	2242.56204072777	5582.12289195233	626.049810405193	178.213995311762	195.664262293884	230.016831000849	602.19653945832	864.266701028127	470.331730323986	504.811547995589	410.24980889734	418.664517868928	372.614287952392	761.680845497736	593.412941516958
621.338	37.105085134774	50.2230534426057	34.6054465129201	26.4384470174642	39.7739764033356	23.4441699871921	33.2544947239393	39.6883036416848	33.4366331423265	43.8693270522006	44.6507103369191	48.9495741752859	55.2422463687267	52.5883362535359	51.1717930290107	39.7518206493972	59.8914832692052	56.8487747962537	53.699320237582	54.4525911297611	66.4956152346332	67.5546485554344	64.5321667262889	87.7799304259389	70.1650925221796	65.9051654380197	71.8255120367482	71.6490357162741	73.2239735269055	55.9212181792338	75.2721460197585	85.7270213999882	75.2953662088661	74.0105215529952	90.1079356649791	138.068991215858	191.742122365395	392.369551192689	4527.93656504752	2948.26590142219	173.185716205027	159.53757713381	175.54805555572	243.95116893141	727.829786868027	656.137043438383	435.091595288599	394.784138642685	408.144042923718	426.912470289517	339.95975660628	692.394882805424	560.688243039742
626.047	20.3108537702732	16.097294335914	34.5745992695521	30.7995359905819	15.0588083141576	27.2067041905589	19.448693687988	23.9706407066432	16.1717262736108	28.4224124646658	33.2172085174185	26.899896440807	28.5431557485238	37.7418927432638	50.108193783373	38.2820937797433	33.3390974063926	41.5863049633718	44.0506664632289	54.5783443292922	58.105726989977	53.4578931300288	70.3066935047753	50.0301624194665	53.8929883899219	51.0575661781233	45.8514744603213	65.2021429914195	65.822566039219	59.9882078848375	65.1854373613676	52.1858791267461	65.0680725170825	74.0645607042138	89.6072234628284	149.87088416284	186.332975231992	1747.5850862852	5038.17678871599	698.202622452121	136.051134214628	149.872756422785	171.920665376941	366.727454305081	711.697393374583	389.791016605642	361.827657588748	321.393555028115	292.034093551701	253.099969857862	359.196332284568	182.363361753439	150.956044497328
630.758	48.3567435236315	39.8615778190356	16.5531854022992	39.4313849662672	31.0376823422567	29.4235607148445	33.1071906224063	24.5894756591224	35.1423141976066	34.9516806020478	23.1818107424047	47.7380439285992	39.4607387728352	48.1685366642033	60.0830201870508	45.2457212476333	50.8756420056323	61.138270233286	65.0726132266566	65.2304417998529	68.6497314446391	60.738904731418	69.5729516298575	71.1550321048611	65.4340836225159	70.250008596274	72.9663603120098	63.2788586296992	76.688482493835	68.7378047074118	70.7057802589499	67.2188313628908	81.3939447249246	86.1714127090009	107.161538190446	162.429422179411	296.778032947028	3883.4849584664	2906.1427706394	173.296060545308	137.511076635291	155.254564857207	185.111032768639	539.145813099217	538.694447271369	317.313873489942	322.479432463937	373.072249092718	363.980003508014	382.457500656835	423.559277457456	637.440944459179	209.791902467292
635.471	5.05670224513276	6.96788294229073	4.44809267275772	19.8671490882028	22.5548905166853	22.1679203636568	20.850950725849	26.4181180892842	27.1768649901414	22.6760066711507	24.9709213682128	32.1760376561039	34.4174737851162	26.0609766250399	27.5778976715027	41.5056251756772	42.2781931045878	33.6043289769018	32.9779840678555	49.5015333031621	58.3806748017669	35.6719189361273	39.3651251470401	62.6024535910126	49.0210395853233	66.4282225428181	50.6739379215658	42.9504972035617	42.2715109556116	55.8700966424976	46.6356727069458	49.5860618420047	66.5996031598502	71.4112388801877	108.681432538832	146.757768426315	1273.23216814223	4638.08301726258	760.459788696672	111.126480591218	106.551859192523	126.5701593453	207.593246281423	532.893016967877	332.363144929065	270.85982419711	249.604444924243	300.178792880612	197.073730743498	193.973920157066	203.244320908273	208.95325600721	730.303106525097
640.186	10.5928771520208	24.6385178078555	1.85683788432009	32.1262419372033	5.42329674380957	16.9346491627445	20.0543457469993	18.0709287105289	26.4026062160215	29.0022286163748	20.1754990055659	34.4704018469214	34.1470617929699	48.9557109460781	24.136088998807	38.7480224885984	25.6811711620287	31.2122735426707	56.4747595435928	31.7077062775894	54.0830812332407	27.4623141175819	39.8143477849702	47.4042918722742	24.9022203796032	41.6793108954985	34.1776227729873	45.3478617169587	41.6888341607462	47.7911599044	58.4036059140755	49.3540933214318	61.7937933049834	81.9574039714583	129.824035035884	191.252431194613	3204.22815520617	2835.38622755168	120.573053389843	74.8465848822465	112.765266281326	132.793444243422	317.096371530246	451.966328592758	198.651011700235	180.257792941043	225.300016935594	210.518103998714	199.270441825339	245.477892860993	183.26196201732	426.44150888984	616.142168646366
644.903	6.52151356228672	22.0127075518196	-1.12683286507741	1.41275338332154	5.18052830433599	8.42368057072217	10.1417469210112	5.16936949632188	14.6039095756722	20.2890860648638	12.7877797029382	14.2039630463295	30.1354334006214	16.1749314679434	8.99384925362886	12.7449662406866	29.0106071379754	23.7653638007705	22.1485947925415	36.1815495397361	30.3894743200811	23.5906673206348	36.0903930792865	23.972975094951	41.2783044156105	33.9964141468212	34.5681484600204	24.7743479366809	33.4644330345441	42.3778531190449	32.1608485467423	30.2135449365053	37.2339658150117	76.7787562700556	116.129438912395	913.890870803082	4269.76047468911	831.084158654503	75.9983022209218	70.9704455726856	79.0772752396459	110.090810999644	378.644275142209	303.34937593415	130.927943252924	190.244329737897	177.765873807381	157.882094629112	171.962440794824	103.451171112201	-98.8565218385531	-31.3683041024354	-467.386821335926
649.621	-1.41724861927695	-5.05455890400657	2.28556681891663	21.491267846608	0.309050571630126	18.2248948320218	17.3564528208354	18.5361340178404	20.100141846176	21.567910187071	10.7613391047004	25.8635639897579	29.1884331573388	25.1079962068148	26.7119656049632	18.0955232985215	32.5002269479774	20.5044885767439	32.3139163399898	27.5202799527399	45.6130722347082	42.0609866846116	41.9951296713328	41.517957317277	34.7672499339133	32.064205369813	34.3767399847957	41.4223529926028	38.6894667993585	32.9048169502903	53.9163966235957	46.2948923333871	64.7331772141892	111.97483117273	157.508330406154	2566.54018898504	2963.39930077043	126.894082566921	71.6968124424634	75.813715553801	83.2811156370611	184.221127907621	424.197722250886	155.245948238985	136.121663370142	172.83964330011	170.602604856786	201.247906149289	221.277410902165	204.585309068416	179.6250747237	381.747944584244	-316.001850126762
654.341	21.1091230026793	8.55509305605021	19.3421792019806	26.1900307948997	-3.76620125250165	14.4593172766538	8.7041961788121	15.2113121791504	19.7676967693757	12.0843355877595	17.373452271824	9.97413540929515	23.0159295002952	13.9388637802276	33.7430932733284	34.7841753164035	45.5120932116549	52.2399616655085	21.6103713548065	33.8759610727754	15.8577902381499	56.8216298670064	43.0385706933152	23.5503526625776	36.3880149052076	47.9679133113744	34.5649586527532	31.0320288450992	39.9796150939604	47.3959169627547	36.1644903190031	45.3227029872043	98.6077180736743	157.099977394502	669.990913718876	3779.08570755436	1036.14982913129	130.588681364786	111.035644501016	124.257783139946	117.46453508897	362.258914523257	366.104862823225	195.986337829858	229.827323852536	278.593056236993	329.301770346512	258.077196723801	359.923003525408	439.497604480102	716.93195319987	985.344341443951	1865.28551385954
659.063	16.4488146615266	32.3514821085284	11.3128381100401	9.90388189972757	13.609084450848	13.9977166028222	14.9216128661663	18.9823537737898	21.667380960103	19.5483650810638	15.541584770519	28.833053150121	28.8361058831362	19.5414393437385	20.6830502101403	36.069533051896	24.8743670971147	35.3652083679329	40.3558636647514	31.1718569357323	27.3533551916943	26.4763835209973	34.3259514248387	41.3682983647443	46.86675413988	39.5445336181603	44.2667806672224	36.5085963583869	32.3222618324179	41.9492438030557	30.3337954484025	52.8665388939765	91.8413446635055	129.136509375513	1990.22233368964	2787.80449651068	132.603482905418	65.6263169159516	62.8682446670319	71.2507760683787	123.190801132904	358.44616663045	164.011719919551	123.977708347947	115.452758467322	158.477108104875	110.277637668746	194.057939593623	217.002341361418	171.905874552235	256.673279093084	179.179802327686	323.608952465761
663.787	7.35978267985991	1.7498908128539	24.5291955422432	34.2253231642307	24.3945093351076	25.730797874672	10.6823335480679	20.0295012260059	14.2836045287888	18.7957914498049	26.9388161999963	20.4014705679245	33.1683409588364	37.8988675144315	34.1713637911523	30.5403110447951	40.5057411883493	24.6585176401931	38.8819728720757	43.306975644119	43.9594767611414	50.8985749387079	43.6162044950489	36.1280808055351	51.5847396970617	48.6995989871348	38.8852543838713	47.6055565595395	35.248191308282	41.8469291084479	48.7386955305993	70.5663069297991	118.006122234904	479.860251116509	3200.75551949606	1067.03015009031	88.4112571303538	70.083575421366	97.2691442495834	104.156391274946	180.46673612049	327.584156187172	134.22686482938	123.517699857606	125.764071552749	166.987453091744	98.0189603319787	210.542043344028	239.55714529806	141.655072018221	238.621812128101	148.681494856031	266.662495314257
668.512	-7.91078044873309	7.93503930119943	31.0965232792367	21.3678193385973	14.8785957405659	10.729070985627	16.3709308619989	12.5411828874404	16.1648968654492	16.0862592743976	22.8141011178578	21.928847836199	15.4537852707917	27.6791305016131	12.2735177845281	16.5711924445416	24.3470452046158	35.389668986467	44.1300157644449	30.1115120183209	39.136528432799	52.0975415518171	33.4676394819044	24.2705294197047	19.6786224975855	40.4138398970218	30.9911098303363	29.8489309767003	40.1366293305429	32.3292620758191	44.5851647287185	85.0516347604744	121.383232371531	1631.66200224092	2660.76231247639	155.073976314554	61.4852459301997	67.9573090808225	71.2849770594458	86.3761221386884	249.645683567205	231.363712295377	78.9548128072976	96.145298489762	131.10083660281	127.25499721674	120.29974633698	213.697855835943	170.745350961914	200.390561870003	266.687648640947	233.060171868791	186.03159649747
673.238	24.8700663076753	8.86980684890892	-4.81289147695868	9.0511586878046	5.85712115197578	18.8889474046798	22.1097677160699	12.02530089953	11.80683618277	21.1424826867865	11.9115346253651	10.3410511125587	10.4850862124031	22.9111188715893	32.5835013458942	25.5168190705262	20.5314581900459	26.5127194897369	28.2141393878785	32.9270123328954	29.8536603694947	26.8150767866757	36.1031076486531	49.2272033002197	41.8354493071912	31.2189387153505	33.3279357258975	38.6083143945899	41.0930034421007	34.9986061919394	75.6905649925471	90.4732382700724	319.12993038181	2742.8271796797	1166.90084547511	71.2382884820641	77.8453898808077	70.1539267976684	65.5808160469348	103.063055300888	280.918944952391	126.370617606831	106.775156233065	110.970526649763	138.045243269895	147.065859587274	143.955127913071	151.572017053053	195.466537324443	162.934857257497	96.7616661778358	159.100381845829	145.562609870642
677.967	21.5451411284521	19.6567082707351	15.7566315226211	10.2572431435402	11.8001669496129	10.8728565301349	19.9992967811328	14.099328026856	17.0547441651317	18.6682351300772	9.36500013395438	15.2781248712559	21.8524032971453	21.6589164395666	37.3140036551172	14.7369522118778	15.2394108814531	28.2333170695246	34.6904502049129	47.762688780191	34.4309921314683	45.0196115462407	26.1522164738563	30.1496789137766	38.0033374089465	37.2987093807718	36.0993527574619	37.4510823713954	38.8747624714525	48.7876691952352	68.1269982236074	104.206880193967	1222.94774505432	2444.29911819128	199.32705705563	69.7563331223277	61.4614951184535	74.7195709911154	62.2597339717863	161.835544862651	227.365033142856	105.390532586459	80.0129249929864	112.539802577387	125.772034799475	154.53932695433	138.5946290988	200.981745390257	208.833646949263	191.948636899867	239.248027479199	160.267392360037	1361.56725754633
682.696	-10.1326727826468	-8.13099615417824	5.71926134510565	-1.1523947623512	5.9658357307007	9.46707865347456	0.689392322517195	15.461225912468	11.7990786257595	12.2297021480565	8.8775310323567	29.1412788035979	11.7844975311251	16.514972590178	16.7688185890735	25.2973607810032	35.5880143655219	24.3043421215396	6.33922603522184	9.39068864096705	25.5601603586244	28.9681148047497	18.5932015475746	16.0450925019695	23.5887641426258	20.3361837342763	22.6310257917959	19.6624634817118	29.4809956458669	41.7696299052107	76.3816178204772	220.737433036346	2212.82134221065	1122.88942030328	49.5233250935627	46.6171125379586	53.1459211002458	51.8852923062248	65.8369444884486	233.108511450235	163.189595321889	75.4336768189452	59.6837304820439	87.8275677253524	97.6192295096173	112.077255689632	121.972979713533	66.1651541026464	100.552833423971	112.514648493009	268.793641636078	-8.52912942396614	423.61260347519
687.428	5.61188097686096	4.09388372727629	6.58193566834078	15.8593586892066	0.333749427696283	8.3030910338802	11.3386933909028	12.738417950256	12.5669296786336	8.29930042895301	-6.85362793832529	10.2529834261813	30.40861833289	14.0995865065735	24.6252706782046	19.1927315030514	35.4670445007254	9.71191947874572	17.8737637277563	32.8717443377289	18.6383136068287	34.5877275393581	29.5407662263556	21.812112931488	19.9222591911641	13.7762252594097	14.7026048523002	34.4662287985852	38.4829335358314	71.0690406924964	90.2132948550032	963.926790067132	2201.69239245843	201.663509261292	53.7349229153295	34.288505741628	51.3590472388534	52.705871717631	93.8798903294429	226.963376353726	95.4884722924992	71.1374810372198	81.4694952533082	75.3669317049	84.7731800779293	92.2411733210391	126.74453954984	84.0770860376423	176.183529098689	101.970211725691	175.93574797117	283.42645730461	895.797634980958
692.16	28.7246526267215	23.7819427956186	25.2298389121793	11.6673979692992	12.0801971622181	7.72977826649688	11.8655561784579	14.6372143627318	28.0270454729211	24.7638754824335	13.7816593828987	18.8399228117202	21.6252840639906	19.6284732900963	29.7107251008691	41.7514970032152	38.6311910478534	39.4491300341428	33.8021874421483	35.7666260258123	29.4477591288366	31.0046368308177	34.3026957687073	42.2365376046266	44.297995514532	31.4455206287463	36.5864675978484	23.9623971485297	48.2726520716162	80.2043742482668	163.698996617399	1932.89364518479	1143.97803792434	57.6102482560906	29.5397227134756	42.6828691156427	56.4110705301604	70.9631480336502	163.478676523009	192.246760888647	91.5413553821072	77.5849415484459	75.8690472890055	91.2405214352622	138.730849094965	137.476171784595	182.609478439542	177.041774001745	142.526324134473	190.808015672033	249.461291401382	768.541718595239	750.550048845763
696.895	12.9105900306228	14.7344282509429	13.7416190908761	8.22264186716342	0	0.622581693660843	8.4325659810711	11.8711626050938	22.6664176435122	13.5500254874672	19.0030605991557	8.58922174139973	20.270614325219	14.2723895900189	16.7367506695644	28.9653156937339	24.682435905717	23.5942746382689	22.4006376773714	17.7768502094167	30.096946948511	33.7461505292309	24.4276515445808	24.1238325339309	8.14413291168064	32.0359607338943	12.6503786966344	31.5482413336579	52.6814271517114	82.9512885453964	733.825902109255	2049.41929560015	236.614860502312	29.3773726341661	53.2195323369991	43.7991269921719	51.5516203063118	67.7336269738448	185.652315064663	124.314084093653	73.618016074581	54.9223739200682	78.4121748675511	87.9677569546034	94.0282085171351	108.750535231229	120.361954555525	117.223573774325	186.542486044107	88.8838442513208	132.427383440754	512.942608112044	-1057.9058452073
701.63	-1.04155094953594	-6.03630400538954	-0.839843573700198	3.55368583802311	9.19854317322131	7.22002379012876	9.44847417225433	6.19200012693251	0.932956175906191	2.45955794648221	-14.6005320801378	6.85710209388888	21.1985238239845	1.8452131075982	25.496236494213	9.2615186047959	7.54255559028227	12.2931028574728	21.2861716323706	-5.9755515857715	6.34191062571316	4.67919753133473	6.37073328436277	18.1422610383539	8.60384703187632	10.261882385707	20.6362956225421	26.5741277850179	44.5205571084655	129.176813150862	1616.13447012259	1144.40781823708	50.1747478815155	32.6633889371765	11.8385317137359	8.33362638647836	40.9720508398751	78.5968605860821	159.060181097349	46.5477938618991	32.3022007006493	43.6927702867128	26.5848711179297	76.1484820839588	57.9970532395219	67.572577514705	90.6987274364271	100.3987321562	2.06719197151275	-43.3707404335956	73.6790851221388	157.809706021785	-304.805931460077
706.367	4.74310845928474	-22.0849099242249	-6.79920934477468	11.9874773484234	-5.17150047178556	-1.5883668684618	2.62944685055665	2.08871759199541	11.3295461466811	5.53113893845531	-0.923461348810515	5.47833134945305	9.57695890603839	10.4569391467806	11.9922781411311	15.1400799522722	6.86959370366523	-4.01300632537074	4.83575386288554	16.2806865389331	7.33469547023518	21.0933129839968	2.57881054499615	20.0285724167948	24.1418116508378	-5.0000764381663	12.530056051403	30.3012594489913	46.1895235231361	550.238478555548	1914.69117098755	295.751600985507	30.0892553619572	36.1293931783964	35.9409141671206	50.1788859042095	48.1502484705862	111.732095318496	106.976749316224	24.6231882051824	16.0577728261792	15.5690195555694	57.9454394643058	33.366359868861	54.9651494341207	13.4521567382908	43.1928918569462	98.3236092319322	33.4711639412271	73.1502153298527	172.423314249435	-88.7219806196985	-506.749392894724
711.106	7.98868781334509	-4.27369897233057	-5.15327502726524	-2.01901801378038	-11.4974861229501	4.4944080066754	-8.93793270124166	-2.11078193753252	1.66967890379159	-8.10487301132709	5.91037060386154	-3.32172130054116	-4.64550044360075	9.81258748865658	-15.7913715856292	-3.27857431535893	-6.17080999086728	1.21661941747292	14.6605102775727	10.3416776274799	-3.70608807413827	23.4912496985676	4.77776205322691	-6.74671531373232	0.399948126671296	-24.0984231181778	10.7438701251938	38.2766867182816	84.9376557817167	1254.04823804175	1168.37930555964	28.9113523307786	2.66062175438732	27.9659099407188	34.706331105567	20.4540321978235	62.1752454027014	134.920733366842	52.537887652987	17.3101198910444	39.9889511634716	-10.0694298975185	11.1538192440932	32.9159989990143	8.47308484901519	7.92998484692231	35.4649454538758	-16.5603765036756	-10.570231069366	0	-65.930435563926	-268.977608373466	-333.979880289557
715.845	-17.2397674352409	0	-6.08173292513724	-4.90172191550206	-5.28661211650057	-1.62372208570233	-1.4661683504908	-0.854084016044054	-3.8605762653907	7.06781965157347	-15.1042645588112	-0.746703026152197	-13.7061833747012	0	-8.91579086660341	-1.84250960664922	-4.29152957939657	-15.178625530919	-14.8301765242526	-6.65723034861904	11.2469360165404	14.0818454457409	-5.27242379565285	-15.3557890295829	-3.64119057665933	3.14545992696269	5.82225484945424	33.6861070141389	399.027838074878	1576.41626518738	329.064914200965	16.3321503942688	13.4570657960629	11.0014954482355	18.3704587624647	-1.29317168358775	64.2620784668065	105.02351571652	0.511018357736644	23.5296673204259	-6.44882871139088	15.2789452807003	10.577721109571	29.2363342397058	39.9986717814158	-32.0870345950814	-13.7982237144846	-43.5552778000211	-17.1080967516545	-14.9556909758496	-80.9849026240618	-308.369221085864	-1013.53509935186
720.586	24.3042837536688	20.7069434231469	33.5335029413148	34.8076928098315	7.06651153506545	6.18563348268888	13.718590910287	10.0606803206233	12.5783705884997	17.0053505706411	6.94016692067887	40.4231878502476	26.6960062243373	17.2230011303957	33.1457252756268	31.0318688574744	34.0273059766993	31.2559859882931	19.372680892059	23.3587994135394	27.2483284067922	20.7346324677497	13.6546209227364	24.8019894371314	36.5033143783493	46.5120054794135	60.3143343298087	86.1734408574639	1056.52811844254	1030.29463962996	62.7820242670039	31.2232176100698	31.9925835251733	29.9361656263537	45.4275542434466	41.4853781628685	135.243454425852	94.6128922041165	52.2547244927137	40.0459941887031	69.3520099849023	47.8665675423377	84.1272520473006	72.4601640149557	100.247711566707	93.0562310177472	124.495765535365	164.582026083497	165.078808072729	194.912065525304	296.098168483088	54.5547092758783	835.443129987212
725.329	41.5489385010797	26.3219056762886	26.8902016999184	22.3834022262108	28.2538864358249	21.7495634890842	22.0692468609193	24.2674163659231	23.7502838222916	15.4918800715963	20.7556634071435	42.0538547638598	34.9700361874959	18.2083336002945	23.7494795367341	26.9238504132075	38.4021973680848	34.5520429584886	32.3784194821408	28.4696728291644	32.8123238642706	43.7623451244729	45.9231009535913	52.3745039054905	36.5389298243722	45.4845536242551	68.9291490288883	353.228859506444	1435.47894617137	364.855206847263	46.9880290182771	40.8550452768811	35.1147642388683	28.7072178136183	45.1542779684529	58.1770222723922	125.334277630833	84.4734402369178	74.6730533857333	69.4100344995682	89.2368705499379	91.7350694726365	73.7060256460074	111.25488828012	99.5401796983241	166.292439576229	117.616265039298	108.795850118785	282.110973094978	321.741631570218	294.88310711106	589.029433387049	1851.29749832832
730.072	9.90182019123584	8.33813034769921	17.7427284639517	31.2816600836544	13.315240588972	16.2479614359956	8.48345211856626	7.63079441605787	7.88393868393371	5.77346519602744	18.3144680172755	6.48078991102577	22.7921059583047	1.55929585706047	5.31052885364756	16.179657281351	34.6577036365638	7.95876038491433	32.1211826257339	33.5023865637992	20.5756016997381	26.0614571678207	28.2638110325319	31.3590746122461	35.5271572194719	45.3663374749302	84.8154228374601	955.189648440985	1003.38669223533	53.5638411379668	22.090138727007	27.9234141251337	26.3037846412684	31.6943529052865	39.5997276907771	95.5115232629493	100.519544642876	29.1568052610114	47.4830929483108	73.7534547757188	64.6506682147121	37.0525494427797	60.4841031364714	58.8762135915467	86.5460781154372	92.4399599059743	95.806108620946	87.2365982558127	157.219102622338	113.005429070275	340.497783312059	407.479616927397	137.98714713378
734.817	19.3898872970431	7.40927522866865	10.721026423219	2.94029752965217	-1.81209936476942	-2.67151425848365	8.54352949040968	8.1239668543763	9.42847743762083	5.232916096803	12.2961105471297	16.1247511868188	24.5642859575224	7.85169171280783	5.7301462436224	17.431044198495	1.60474204788999	8.01512204056755	10.6288439885584	21.5151332925196	17.3480753324109	27.1510519901609	22.590450179514	10.9656772825538	27.4581107299774	43.6660332369637	275.007786170271	1390.77210975356	351.821690263089	35.830861343527	-1.17087235506274	24.215443097077	24.9085643421439	30.7066967603246	27.2864263517702	99.2907442004099	56.2396639963393	33.8424306113372	18.9175468658612	34.3244021923687	45.2142400571441	53.0265007299775	37.7076973536157	62.6336176369443	38.1932576511698	78.9536422981252	28.3778176385464	75.7959380970352	30.7868717257419	76.8957439655063	161.657142823653	298.447469501766	810.625272835996
739.563	7.28550738476368	9.9936393877168	32.9880918267176	15.2969536159707	4.0328669937432	3.71594608918008	7.37166538935168	5.33073226216657	0	-7.35225370729691	14.4027707777803	3.49538848373812	0.81472963776928	11.5170287631865	0.386441409114263	6.89997135106921	8.92847181041708	14.5092400344728	-2.33742352567754	6.43048792181895	-3.89985083093867	-1.37330144082582	9.1410079555438	12.8677513372038	26.0932164000536	62.1688427882169	790.583353411993	1075.41938003727	65.6246741772938	15.5342279271833	20.135744116161	18.1747218243012	7.19929322230626	16.7576291304691	57.3292529518665	78.4707866248746	25.6014427960836	23.6624496236901	30.8318455227018	30.7380361454935	32.9319116975296	29.1386774572617	11.0034060115389	48.153770546976	35.6643083791029	34.5704135582353	40.1898364825664	27.8819053520883	71.1863482476626	80.8993165054894	-84.2440214812615	339.648447161005	-117.147037308053
744.31	1.69925042138085	3.53517892667306	17.8122434748091	-15.8899984279702	-2.96435957348631	13.3156081908753	3.33987835536537	3.36733689618297	8.11777180684784	22.5898709420743	9.59425045566491	-13.7385426746031	3.29376937771383	-0.802771841235602	-3.51516607029164	1.93715542842536	2.87125769493089	-1.72522372142894	-8.03222765382459	6.99919819227328	2.46347236116719	-6.01461252626022	4.61938087950333	23.3199538521812	41.2598212307252	239.760077453882	1222.22590959812	433.546701259687	10.5796812895903	12.8823390606561	16.7597092064791	11.1811803659984	14.148326805703	19.8284897183746	69.9599998117261	81.5759506829499	24.916882606805	25.9508568288233	19.8789267308344	10.9308929020781	25.2712497773849	25.4343379451006	31.880418646923	39.2765159249328	63.0799784366538	46.9884225127591	24.6619157842963	-42.2701110514117	6.74508881247376	132.081038808918	280.477402625935	457.707523488007	-710.398835922368
749.058	23.4604284442427	20.9176632581858	23.5309869375836	17.7877877118212	14.5989443407255	1.72457607076418	10.9006535826737	7.48385217708038	-0.512545951157424	9.60873213536073	9.02386871981819	-1.98270717354976	28.2831687107836	22.3018440720174	14.9934952231883	14.4814529793157	19.061098016689	15.2499852917584	37.2303947593724	13.1313553640165	35.338815559883	24.7717177248511	36.8660675496297	29.9008978562709	64.8856270230275	685.288444271753	997.255587818183	89.6517399681181	20.5534718280933	28.87480411927	22.9777761982979	14.9261326452734	26.54399861073	47.1566335029087	93.2216114510438	54.4819384024357	26.6237362805745	30.8424398758618	39.0786593499277	52.8882724533915	69.7391800739691	43.9507356078705	43.4409690519494	61.2420083019117	27.3105660584188	17.0400256705643	82.0695149871322	87.1834755237379	93.1249870201657	88.9539356719478	151.791361184469	433.486202051479	909.034851267512
753.808	-2.33290067668532	18.2004250369791	6.11360667221403	-0.442203582175266	3.8154083088139	-7.3827102089141	6.61344021382151	3.46726228145452	5.2241661703132	1.53027783557129	1.02196126317966	4.04178072943731	-5.5112064381401	-6.19945511440762	-6.43462803823089	-3.98928064364912	11.4034962069148	4.44104890660169	6.32456362758327	-0.514778478421474	1.01463026274121	19.0556786179106	3.32952238124162	20.7795904165864	183.952216122674	1080.29065836897	430.703747789385	20.1199845054565	7.96073127618089	14.093660006469	4.51970406885758	33.3054086674976	21.2279150384844	39.9830922410213	64.9650319196469	27.0656061857887	17.7620459563352	17.8139639380901	29.8734303279642	11.8476484785214	23.4825206981934	26.8782862029666	45.8043723886686	22.8585458189832	-1.03098207113455	12.4058459606551	11.9500026664258	47.1515117287157	74.0826522420892	32.3810786695741	232.07186368022	166.915190066794	609.566541880347
758.558	24.9408256681723	10.0598699280742	7.6612459230559	35.569243310519	2.33086730509321	1.43179814925652	8.88846244124001	5.17777763769746	12.765960691156	12.4648068601279	12.4865068302886	15.2264882454396	16.402581411092	20.198949195464	22.5211950777535	11.3730749098768	13.7609848012245	21.2524347927952	28.7303215033314	20.9655206398474	37.1908060385308	38.804285738127	29.0576459296239	51.7180846855242	631.903648181967	960.382057092028	98.4029005543968	33.2894243917589	20.4769787240895	29.5439249885012	22.5910466935169	13.3969212644947	28.3946974746993	69.2937055834378	71.5458955743852	34.6846968882259	36.1699795847495	19.2047841849824	29.8533094888653	47.6490815968788	19.3860586828697	37.8927396029573	66.0693281770454	52.8144231730552	82.9284375232248	114.945786248583	97.3381903289491	90.478133305339	113.144398980037	138.473248538417	540.844576995983	769.773477969869	2135.03423078864
763.31	-6.66289973537161	-4.32053778848142	-10.7451172262937	3.21480497269656	0.792511096599149	-5.47673996180945	0.549479828309955	1.68045857509514	-4.34051543148016	-9.85363140448702	-5.66066556664212	-18.0499307295769	-11.0072206018125	6.00931032166011	-10.8595329500964	-2.07156673784866	-8.77280728127927	1.84492995462155	-3.53687400305415	9.62337084466963	-18.9676991130713	8.41100100255299	29.6394051990298	155.862689240987	1051.21128476125	446.924840168908	13.9649407938028	6.96531436628606	2.61086819939381	7.31860199668548	15.7889545264347	6.40553402137826	35.8797651808265	65.821705144556	22.9491529704967	4.36180864899798	0	27.2073341918924	9.19275430421195	6.76751433965687	0	33.6410203728433	16.6498113156368	-24.6532028906529	-17.1318960517315	33.499171590492	23.2703871815655	60.2707487307493	76.939765308635	255.58728171656	246.3781233382	-50.9860396443283	-557.106375413346
768.062	-3.05692495595744	34.3425509055194	9.36669239907681	12.5159706440387	6.79936660416048	4.05385048854443	8.31930780892256	14.054064584835	6.8455052972035	8.98331917527392	0.71420303388129	8.05016654276827	-12.4434232498888	-3.4660175962794	2.5294915333026	-2.50913688924968	13.2823227279874	13.5008797484757	5.60994255648812	13.4908373357094	10.1043860876844	53.435111669427	29.9166984749336	561.514497712227	926.521306892041	95.0401518705265	14.9765650711273	0.878809849084474	7.46666728874081	12.1669415036263	14.2137859186674	34.4824607379594	39.7060853980004	48.6019325661468	34.7457827711038	15.6537451297154	31.5499618881315	43.3897610434011	5.79922355109921	38.5010318742151	9.97959149267341	20.9514208330575	4.80159418516987	320.725144841374	49.7150018529542	54.6203137005388	29.7515866430505	85.5486779379709	82.5133037594681	244.400631375597	43.2492398268811	92.633476805957	-281.159209164053
772.815	28.1057964326024	19.067042613456	18.7214527249886	19.9201460792918	11.9912396546916	6.62934832739142	14.68808238155	9.20197056369703	5.47291608777013	11.5426251322303	9.27872566682172	13.1261163550923	7.10599858014758	6.49464364741218	7.16232778518901	22.5678484389636	-3.09723462144431	4.65251050887938	4.07735952754718	12.9429546810383	30.8253216120601	19.4639438150683	194.334681342219	950.096590541445	446.906321375774	20.957943621676	6.16289300650733	17.5650019696504	8.77871936153113	22.1470994806648	13.3438396834978	19.8147860177996	65.8439564358342	51.2446076754643	26.852957341449	30.3098133017318	28.4285680683784	26.8954948171768	23.7616721145558	23.5823764612888	35.2387639321129	59.9262175182254	57.5824301977276	64.4725871106891	41.0427560716565	62.3834557113073	6.259502445924	26.5981919532756	191.599972362384	301.913911895531	324.162694382832	195.435002114244	1047.28956483677
777.57	-6.85795510809089	-9.44991935458669	9.5515408620886	-10.399456249475	-14.2749554146878	-6.38868011330996	-0.56556576641041	5.4360546220315	10.0520625559383	13.7409028487372	8.37542223764039	21.1706661658021	-5.89131675848248	-11.0450570786745	15.476461088673	6.82307692125609	-2.25740746883649	20.8883399717363	5.72065284940362	19.2599041390456	20.0652804873897	61.1098713390815	548.619245145575	893.940502221015	108.619903782836	9.55507263062204	17.5180228078959	0.448076430072775	28.2166601577497	5.76041696407219	25.4748129213153	27.2512942153674	67.1861580035409	15.0047291410282	29.7624422601063	22.4474996570261	44.303238094613	18.482524333282	31.3424469695942	35.4614007437358	31.2080416147495	51.5704239924984	29.3781120007767	64.8470219744592	69.4316294185931	68.9597094508926	70.2580976952315	94.9913474781804	150.960064900794	235.378027704516	11.0256871865847	-52.4786481723403	-260.643445234603
782.325	-20.2576770491879	-3.9510719020509	-6.63591632989277	-9.11967296214582	-8.69688491331172	-3.05274072897789	1.72282863185666	3.76348424541235	-5.67048739939629	-5.64745283063068	-2.95805724223813	-20.6193045868041	-17.0258364807019	-0.448606609658739	0.436522739001079	-16.0213726122944	5.50121871168048	-5.30251185517431	-2.11227574596205	19.5565315702434	15.4183980855366	113.76024437567	955.638690510734	468.640143452756	-0.950799920443491	-0.462011100286937	1.8243921039942	-11.3744346640274	3.1834703571964	7.19893518135898	16.0554773700355	55.3419987768678	35.2399411553654	18.4676622719311	29.7411267675253	9.11728807259607	4.28433954814089	36.3969534257288	15.0118684839014	10.9308640530894	-6.19996026810226	26.930404395938	30.6591999437053	0.954286231520023	-3.35718887155238	45.7834703334863	-8.10683673403534	49.2113964667655	168.36226267951	98.4130633000673	-39.1842395979676	-74.6016421095075	-211.726153090194
787.081	19.5012452091894	4.05710601803986	-10.4830816488216	-6.90009583599199	-8.50502995370566	-2.35099988498489	5.89687944911765	3.60685183550806	0.873399768099697	-4.77565725234279	-0.37968025312831	-6.75723213373348	4.25256212534933	-7.370332389382	1.34471283387166	5.78019876358632	7.06106725434658	1.9799324695742	-5.96464677084169	-5.16377989158498	37.8841414360054	580.880210325993	968.561666434056	134.843678430494	-1.46447451785708	-3.3208699899429	7.02507354447653	13.0812506296496	-28.4861678386371	18.9423370866936	7.785223176844	44.9118199740752	45.0001259816235	10.4298013501167	13.7919344205705	17.6837152273552	17.5972700016581	-4.67171638616571	-0.616589558255777	33.0123924607313	16.2695543272753	28.4212727071247	11.9121060950614	16.6582357015542	9.19276018399064	15.2098138982868	1.66487965373897	14.148980367629	134.175962142018	-14.4363078196284	-120.707457287257	-426.792105599794	0
791.838	-11.0399080205284	8.68530393600472	16.2328999443968	-6.89335378135269	-10.6208996558571	-0.782900910959614	8.24756468619063	-0.772141627658502	-2.61763911857192	4.43020590787753	-13.6551336893577	-7.65071362669946	-15.1054469858516	-12.88547902002	-1.3433989206137	7.55133586510611	15.0488915524501	8.90099048646048	-9.20908350658055	5.73192709328554	96.0300186583415	1095.91033210158	497.842567907352	10.2833529190127	15.6057982502514	1.42183936364306	-1.87152249990495	0.466731035522915	13.9959020280852	16.6160446320674	33.8555061077658	47.6149533637663	32.4425871993484	-0.947237312277761	-14.2705461786824	22.8624472916317	17.0306984148812	8.16751542551113	44.3510705656811	0	55.8277798137345	20.7195828331775	-10.2004001367978	44.0522444368245	68.8783348248996	45.5848573591671	-21.6222877887513	119.139167434933	164.978288459531	133.405370016405	45.9388626811778	109.326945853148	-1330.3241299181
796.596	28.4458382932288	-8.84746327246408	12.8020467043159	21.0661693087534	11.6847334236715	27.1156152540962	0.600110799526607	7.34120735367798	13.0362802095493	-5.55436339158729	18.5467765914099	18.7962247430948	1.44257567588668	14.0636334685586	26.0011372384322	14.4796675811359	33.5340742670914	3.52612431415677	23.7284676439264	41.4565115009041	367.69921070643	1142.30856940359	148.364711333819	12.0466510015069	11.426088759747	23.6569693070582	19.0646484032153	12.8370192435438	-4.27716393361303	19.2771467554744	67.577067327779	42.4409565783513	44.3791563271526	31.3599892708599	21.5548398541766	19.0548831157871	54.2845505484256	17.828587220502	26.3544919835184	2.01575359355802	53.2707403993826	48.4666140185924	40.6974846367584	71.799557983681	50.2844370046319	77.3932522948009	79.6324168246435	238.613101659158	320.361558724415	150.587593152754	228.133260080257	111.368139244571	359.532776347151
801.355	-12.5635435634392	0.509174560616853	6.44666925061972	4.76286369504723	8.21896088061484	8.60577023876226	4.92146312616492	-2.94233420017313	5.88258260372509	-7.19224936880444	0.333554182812391	0.791509179586579	10.3775909165429	-5.66556867212043	-6.69430656831561	3.12491197397036	20.6774735530862	10.0015337141166	27.6292069098513	55.4454967054863	606.522185615626	490.719571646022	25.1495877081889	6.33002924241433	3.0019744062716	5.8348574443626	18.5148633305373	4.10430489864839	4.1025376418001	21.5116614520278	52.7037869475491	17.7147748103719	18.3401502746096	2.08243637398593	10.8182133357881	4.11230658973857	15.4594371626392	27.7031161578399	3.25009306446847	31.9020113611753	24.2359924301385	50.6117602167484	53.8197150777358	22.382150416958	29.2753652531366	-1.21472954815174	51.1916668651908	150.936547020355	31.7356787268492	126.824895894099	156.539838485696	134.594770729841	763.984068630955
806.114	15.9899645352863	-11.2018403335708	9.67000387592958	16.0205415197043	-0.747178261874076	18.932694525277	6.99365812665541	7.69533560045279	15.3458676618915	2.99677057033519	-7.00463783906021	7.12358261627921	10.7926945532046	8.49835300818065	20.8704851835722	5.46859595444814	0	12.6106294656253	16.6727972731861	240.431835713791	631.856036120456	148.801847295704	11.6433276426801	18.990087727243	6.86165578576366	19.1716744600485	14.8118906644298	28.3197038006739	10.2563441045002	35.7174756184612	30.1739238249327	-3.22086814734034	7.74361900483517	9.99569459513248	32.887368540796	23.7599936296006	3.8648592906598	22.059888792354	9.75027919340541	29.0018285101594	15.5358925834221	39.8145847038421	34.3848179663312	28.4081139907544	54.5127490920475	19.4356727704279	102.383333730382	280.564405049601	147.344222660371	34.8768463708771	106.043116393536	586.448643894308	644.611557907368
810.875	23.4138766409549	1.52752368185056	11.5119093761066	-6.92780173825052	10.8340847971741	1.72115404775245	5.43951187628754	0.90533360005327	11.7651652074502	7.19224936880444	3.33554182812391	10.2896193346255	6.22655454992574	11.3311373442409	7.48187204694098	13.6714898861203	22.331671437333	20.8727660120694	39.0619821828932	531.268668432569	416.766677912785	52.2439087683977	23.7523883910673	18.5379427813563	19.7272603840705	16.2542457378672	12.7546836277034	26.2675513513497	27.0767484358807	54.7938546419575	34.5994326525895	6.44173629468067	24.0459748044882	17.0759782666846	29.8582688067753	38.3815281708933	27.5371224459511	22.5729094619436	24.9173801609249	23.2014628081275	58.414956113667	47.2376428689652	35.8798100518239	49.9294124685986	44.4177955564831	61.9512069557388	172.589048288358	147.38509885517	145.077388465596	76.0949375364591	90.8940997658882	528.765170724377	381.992034315477
815.635	13.1346137254137	7.63761840925279	25.3262006274346	19.0514547801889	11.2076739281111	20.9980793825799	16.8365843789852	11.5430034006792	15.09010320086	19.7786857642122	5.33686692499826	13.4556560529718	22.0004927430709	21.4482242587416	19.6891369656342	32.0303477331962	36.3923534534316	33.4833954776947	195.309910914466	661.817610675487	152.9965873625	3.73170776917127	27.9439863424321	13.1122034307154	27.4466231430547	27.9239606265924	23.4521602186805	22.5736769425662	39.384361361281	58.85265868951	30.5762428092651	24.5591196234701	34.6425060742626	40.3992656553271	39.3782965422689	26.0446084016776	45.4120966652526	57.4583149940383	39.542798951033	53.3633644586933	36.0432707935392	18.2202336780294	38.8697942228092	40.4600411383471	72.6836654560633	75.3132319854079	201.841429354181	145.609374772578	138.276885881272	123.654273496746	242.384266042368	124.980858534853	1217.59960938058
820.397	5.7107016197451	-9.6743166517202	1.3814291251328	8.65975217281315	9.33972827342595	8.26153942921177	-5.43951187628754	-2.71600080015981	6.13834706475661	2.09773939923463	6.33752947343543	-9.10235556524565	-5.81145091326402	9.71240343792074	-16.5388750511327	1.56245598698518	0	14.7848759252158	404.910790920234	410.296675620599	22.8501396710228	3.73170776917127	2.79439863424321	15.3729281601491	4.28853486610229	2.08387765870093	-0.411441407345272	15.5963586148639	25.4357333791606	31.2527911661536	31.38088077793	18.1173833287894	0	19.1584146406706	9.52002773549357	18.2769181766159	14.0101149286418	24.1119714707125	26.0007445157478	33.6421210717849	22.3716853201278	29.6922326604924	39.6172902655555	41.3208930774609	41.3893094958138	78.9574206298631	178.439524501522	0	18.1346735581995	133.166140688803	106.043116393536	28.841736584966	787.858570775672
825.159	-31.9799290705726	-11.2018403335708	3.22333462530986	-12.9896282592197	-11.9548521899852	-11.7038475247167	-3.62634125085836	5.88466840034625	4.60376029856746	-1.19870822813407	-3.6690960109363	-0.395754589793289	7.47186545991088	0	-8.66322026487903	-0.390613996746296	4.96259365274068	126.106294656253	468.267420558341	160.79194044591	14.4055228360796	8.86280595178176	23.7523883910673	-11.3036236471684	7.29050927237389	-16.6710212696074	-9.05171096159599	19.7006635135123	39.384361361281	18.6704986187411	6.83942273365141	3.22086814734034	15.079679114679	13.7440800683072	9.08729920206204	29.6999920370008	5.31418152465722	38.9895708888117	21.6672870964565	10.4406582636574	18.6430711001065	14.1712928606896	0	-6.88681551291015	-7.06646747489505	74.0985024372562	14.6261905329117	37.2902057344406	-9.06733677909977	-53.9005807549919	166.639182904128	259.575629264694	-501.364545039064
