Wavelength	500	495	490	485	480	475	470	465	460	455	450	445	440	435	430	425	420	415	410	405	400	395	390	385	380	375	370	365	360	355	350	345	340	335	330	325	320	315	310	305	300	295	290	285	280	275	270	265	260	255	250	245	240
248.336	9.69037185708607	14.2343904242948	0.459776311190703	4.32305150548269	-3.73154099868959	14.4385831633176	0	-2.48503293997098	7.40271069368129	6.58016537817268	11.6524200817312	20.5477648559687	9.94356914822297	8.88266767510878	12.9627462755034	7.40699402995141	28.8893210547311	4.77382627934535	8.0853011277848	16.0927989549048	22.3254712792843	18.640688415259	2.32434138991378	7.67586128199369	11.99164282632	25.3888589316335	2.46478993419641	20.901907210161	12.2920681970554	18.245689046152	11.6492827481146	10.4580502955136	27.2590919503921	27.4354056003465	29.8200365437251	33.2874833260248	54.4994017384695	47.6581735581953	77.8990112827635	82.2339160964936	105.508047710188	147.57080775834	388.185870159343	710.074984418782	931.588749356277	982.492972474592	1007.75293174958	1088.63961060497	1177.47392501676	2625.42286359377	51305.3974254175	175149.767254368	63970.9774216771
252.814	19.1160949540481	32.2705478245772	15.9696065247588	-7.24883261917082	1.78771315167863	-4.94090109569307	0.30974584782441	0.270575887031222	7.03186041605013	15.0457223978174	4.38621989068352	-3.31290444577472	-8.43586466973622	-7.25373388438117	10.350358384882	1.40074562462046	-5.43727885494227	8.83634112366834	27.9121303235772	-5.42092929783312	-4.75365582654171	10.6048659439908	9.46517088307272	12.4381462325561	1.0258887681281	-9.96994974930913	7.3802240532722	3.43608109887238	4.90742117553299	10.1980391820651	26.9425589507883	4.33580272319505	19.9788306135784	22.9020789490515	27.4337120827932	52.4298917476784	29.4600238225347	69.9695246553841	77.1020705450217	134.559382116827	137.517516397816	395.459530001968	800.219335726023	1104.77417522612	1267.91806333322	1268.26002438345	1331.1875969063	1427.03511648493	2505.93355986703	46791.6887321737	189816.931029078	82546.2173454316	4851.06667694132
257.296	-29.0458252234427	-4.81941773927598	-33.780185002082	-8.19660742447365	-23.8784273280836	-12.2213810625389	-7.04867433742604	-7.76356520992827	-12.704740889287	-8.86090089658939	-12.6247215929203	4.68257763067148	-27.9852798901818	-25.8367709984217	-11.6371553493048	1.3859047747459	-7.82497611582593	-16.9711631391062	-16.3444013609254	-17.8783158183164	-17.0494299214168	-27.0596252964116	3.30525449490073	-19.7971950931567	-7.10513659283796	-12.8236140340432	-7.30203084296329	-32.5397554479827	3.39879905638984	-14.8947490930319	-9.99641381279197	-7.14977508027849	-4.82125746747276	-1.97038541220708	23.5581213700539	10.8071664409991	24.5756769539303	29.1487158063813	71.1567616096386	152.348907832671	339.048114623727	673.942010081555	1017.32088994892	1154.19135776674	1232.97906786926	1198.76547632334	1306.69934618651	2063.2459036249	35422.4445049981	165709.86525709	87820.158090765	3871.23360670336	3500.9356178918
261.781	-2.74175736331062	11.6148056939186	-25.9849541667258	-12.9959467773053	-8.5254895061156	-2.89368220715074	-8.08549700734086	-4.61812720923747	8.59465238354818	-1.43863832265274	-25.2212230948873	-6.17706400495307	-6.47667216246562	-24.2755033315533	2.8340782468209	7.50042515904258	-21.8358185830793	-1.56557070448437	5.71906172142337	-6.6519932244513	6.56233372337836	-20.1735329599308	2.79497174227948	-7.05828278574987	-3.60492470991064	-17.516966421921	-11.8554326771928	-2.46412791849279	6.40508008537156	-2.92534108937729	19.3214041799137	-13.54293877529	3.42461794088441	16.9951057873309	30.6611611585685	41.1241439607359	56.2551816367635	59.772811756563	86.5164318960023	331.472181439783	651.520994631982	969.902314414039	1170.55406243459	1181.53856557836	1289.94560553213	1321.44817979037	1996.83853838236	27289.9811928507	147663.471150114	93369.9827910843	5213.46356293547	2588.04750367977	19510.2715420187
266.271	13.9430219500435	5.59575569698519	10.6840419946135	6.87336102554004	9.12753710520292	-4.20446442444544	11.3865920598754	4.97333098813644	-1.56098301403857	-6.58448824881791	0	-7.73244108977214	-15.2015441459756	5.43186305779662	4.32375407091276	14.7803759680993	-13.6281985857126	3.18464164467314	5.23510240288047	-1.2301186329509	14.562460392949	14.2487694122677	15.9192768910571	-11.0444370885587	27.7607961193163	24.9427780023354	14.0676672293173	0.501246246148841	10.0223391719139	17.3560620257989	21.6166932063598	36.8955539647978	44.7831342286525	41.1801441289613	65.5414672619103	80.3074780592206	94.3775432289717	94.6382687738967	222.302386303771	801.051848376645	1028.51671661738	1219.70119378912	1250.81286811577	1302.6593644626	1329.24923324071	1971.53644000953	20182.7519199019	134891.141853755	96380.1396898686	6770.51266135567	2685.22278678474	12973.321682429	28993.26806676
270.764	2.09268865666919	2.48847153625543	-7.87710203775224	-4.23225903482832	-9.132928491314	13.8829280251066	-0.949443150654954	-6.08210606483618	3.1238100878809	-2.92816778917271	-5.7038483240342	4.35206724237382	-17.74561049525	-15.3170197113926	4.80700888221042	-12.4037666004134	-2.02018494655713	3.717609846121	-0.582021626049954	-4.92338092130877	-1.21425516994597	18.8194852164024	-11.9465099788455	30.3901420211806	17.2952337889572	15.7894457460639	-9.55155556014702	-0.501542318574356	10.0282590930919	11.4121490529005	36.8684004457301	24.1193334763891	34.851900532686	59.0088679133837	51.8294977377696	72.542630230792	100.335370049338	179.981632482671	484.587691008021	1080.03900249613	1222.03755817195	1216.29859179562	1305.45063036136	1259.24478221552	1855.63238780856	14481.3172975311	112483.561846367	101589.375401669	8349.08592288564	1949.41615806829	8072.77976721225	26032.5181659805	9738.16227239617
275.26	19.8018351924919	31.0575319392973	12.6674835730943	12.4284672914336	16.5388711541628	23.0610584974719	20.7561400312921	9.47160179588218	22.6277004589151	14.3314469853563	31.5058428271522	31.2407248020664	7.44454634179213	3.38559259116973	39.5255834006148	28.9531623332505	31.1455329654081	17.6753802257557	24.4980578423864	30.7232889717848	24.3662053801696	30.144746622919	38.9801830015637	20.5531179697221	37.4506565226459	29.9144153984788	12.794341293327	27.0019016456397	19.6326814439371	39.8269941126638	57.7428687934197	58.7831873857963	53.6099237147531	74.19414597329	92.667625260827	109.791844525912	169.854299264806	447.505004514466	805.483232430462	1356.89861981634	1260.15013528878	1278.57862309857	1350.29683279387	1704.26877040185	10512.041537531	91426.0120272167	100526.130336017	10636.4328706281	2408.66744494822	5174.57903880753	22400.6080758315	14444.6281959061	2625.6839284552
279.76	3.98322218120469	7.69690195289935	-10.7094790851249	-1.51043981241613	-6.51885372975043	-9.20862704315336	-13.8549658155271	-5.78833829597347	2.37834320786595	-10.4502611248614	-2.71417526564629	9.66434217138993	6.75539661558671	-5.17255572825909	17.8418320711507	-11.8046605011686	-18.7454410072594	-10.614144120012	-7.20082721446683	-25.770689816611	-5.2002280655099	3.2564541363367	-17.3249364239799	-15.2499336404372	8.47932603165138	12.1183953267673	10.5255088788925	-8.11440014988771	24.3369215541181	18.4163738337338	32.7484680153989	36.5395959464291	34.1162146422411	42.6031667019284	88.5856769283087	114.710616202214	365.667228170127	689.928427556488	1062.23053974826	1214.6973965976	1158.6758303654	1211.70080221676	1467.57593472181	8135.65911648753	73886.8663298275	88891.3327785667	13313.4948043523	3066.43649172259	3974.2297219717	16870.6825097274	16964.6052966645	2070.19000659317	-305.227135770994
284.264	12.6364510470554	3.94441393397825	31.596711380703	22.5212177578638	5.79055052458003	-4.95361491860469	6.01975427631205	1.75283528357574	4.810002504745	-0.994578312174282	15.4989037444983	-7.44584115327979	6.88851990366671	-21.0340156850435	8.70796507104328	7.34583073699814	-5.03194148924045	4.81035942680521	-6.32604280261402	-10.0336215124266	14.29766350158	10.3308380524117	9.27483129314236	5.00474320100385	16.6146921805295	6.92003368701471	5.4640354639593	-5.90558185813405	10.4456421709106	52.1325953944314	44.5250884244986	55.2844082503549	48.2529602280673	53.4477024343741	99.1592031541209	294.160725845051	613.1691711917	959.94146733048	1076.31032976473	1106.63268103166	1157.08765255132	1248.06266456771	5753.23628673247	59992.8349488163	70360.267686058	15584.9857061563	3825.3599196898	4221.37214596872	13297.3013450633	19605.2106035163	4486.76830679843	1501.6524684041	686.618730326633
288.772	-0.597318504676551	-1.59814634036254	6.26331698151013	-6.34209719045526	0	12.9685743637284	5.42001277846331	-8.52229205329754	5.8847756098952	3.76105618895333	-4.53529862843769	14.4925142306555	-7.38064684781131	-5.92329301258706	15.6415981761338	-0.817020280567059	14.7039040489135	9.09532807613919	-5.48219413641401	18.9713639564638	16.6361392769199	23.9283351799195	0	3.31200271308336	11.2195415039275	7.41441202654096	34.0071471245607	18.0376301356736	29.1962495282947	34.4149562547554	39.9888800776617	53.1082964655413	42.2071690840522	77.5357334660113	245.908396469971	493.119579543934	870.789164833789	978.401852378184	1027.16945061746	1093.53292179642	1119.26257822682	3671.05257872414	49305.8141430352	56778.7621888985	17050.7439638643	3804.21977066716	4635.73605469553	10181.4765952439	20121.4027880284	7632.85506818666	2015.09300979268	1288.75729589997	848.852165828045
293.283	10.8785965373781	18.3827758029388	11.0837208897249	21.2771883169914	20.9895917775403	18.6464772492359	9.09183737687133	9.98435211428524	16.4096946804031	21.630889161283	8.36018417130774	15.4793812928735	16.2301827909433	23.9276745271532	15.7823190798888	12.5304341784798	30.2614617946328	4.79506345155014	28.1855839613115	20.2054881101555	27.9064052184063	27.6173316307606	14.0080896901374	37.6429833935917	24.9503357534357	4.59868624801671	43.7383377744973	41.9897857468242	47.7407726127982	41.9481418148092	62.1369106408763	76.764199715896	78.8717793178402	232.150695282775	472.731680521935	773.598286100665	992.619944975226	1006.30343521481	1037.29701790606	1119.1684105532	2562.78332766364	40254.880143778	47226.6858787421	17358.5236639126	2860.87223888066	4210.61870226922	7915.97963192309	19417.3304103053	11513.2475655724	3254.22902048647	2200.25567695953	2055.67318396661	2034.16121594504
297.797	7.76009764087771	6.42646021267458	25.4840868094124	7.98714629743699	6.53143112117295	6.35150314908845	11.3166011461895	2.19678266683305	-1.9857766268775	11.63380413608	-8.41722749532646	9.22189374020472	10.0720690323961	11.7784899769649	10.6951958193032	-1.51633798195939	-5.61842980845029	5.06410614825594	0.462482076707836	25.9182160384847	-3.37702122447549	27.1894758042022	8.58877332499258	32.9296479819885	2.08227596391699	25.9024563216326	33.5548711862602	25.9045900934092	49.4052407643418	53.6209238412704	48.0456339926125	66.8838273428423	151.920168987188	417.55664518445	703.496859121663	906.773965747351	962.36157972308	971.211717888363	952.128701190062	2117.37656273817	31827.293941015	41224.1079014231	20281.2568769842	1864.13198078859	2815.68668992522	5589.57478378775	16498.5811577532	14784.189424423	4465.43255329023	2904.04976084948	2483.44083853596	1962.06613911759	2571.63485683111
302.315	2.72074322468393	-2.42648089952687	9.21704943444517	14.4439003865801	12.4675836975701	10.173327195606	3.20941035779504	0.215657961197982	13.88972557295	4.5683581154263	4.76722201689674	-2.26328124354702	3.16407721945952	15.0318132267064	27.7485842993491	10.7922605588104	0.787943943085459	-5.79999997722598	12.2584926947942	24.9638164959936	16.5760938300421	21.3535075872728	25.2947736581938	11.6377223265342	22.4858533067819	26.2230566709109	27.0585040444307	26.2129906445229	57.1061119790903	64.2512932852468	55.6026155451527	137.07922005214	338.671847807788	653.959250463579	871.322692666699	916.296931951318	934.620622975012	933.869958355065	1444.40156478996	27709.3102544149	37263.0858948325	24173.4783400395	1474.42572850139	1766.00717240649	3237.68267511906	12020.1435788177	16522.8898680699	6123.64991055709	3765.49552676015	2841.83341502903	2389.81003313351	2072.91354434515	2046.95000855826
306.837	3.79847613523804	6.77530294358043	-12.255314579527	-6.17307437493541	-7.10457419219347	8.18154149844087	12.3096502060526	2.79577783594073	4.13106036467111	-4.27095728217556	6.33866682641197	1.88083669148195	9.86031764613196	-2.30617268787774	5.60911288400168	3.34003289235589	-0.785758579431433	-3.7182302157773	-1.81103611077899	-15.7984830269591	5.19518057459567	19.5197599697958	10.1783548604674	32.6671787634162	18.3464908040036	22.58437330583	19.9442944852363	33.5532066188146	39.395346148446	59.8272849148144	108.219983834561	286.417016577177	564.30769744115	870.186856983237	908.813222609078	898.996583589509	919.172886493296	1190.32104745976	17864.0972539245	34584.8143157462	31233.2032668575	1465.75837621212	1225.87254782102	1878.95288386231	7188.75896323207	15841.1508821597	7616.34920699743	4125.12205727496	3395.06703401522	2791.7437964061	2512.9115510068	2240.95246609452	2268.08087753275
311.362	9.75516718807248	2.90003195190645	-19.6711520635591	-3.28814595651109	3.19301837132631	2.9416329934588	3.93411037282583	5.15491367172183	-11.4067343460741	2.27496544911856	-3.16532843316154	4.13261187110312	-18.1200577895874	-1.53550563667493	-5.97549315913997	-7.41291601137897	3.13906257096376	-21.4559604324216	-4.06968202204622	21.5161622935725	-1.88676930895487	11.5198279805837	0	15.0250847656474	9.36524577986058	32.8444603158789	38.6664718343994	33.1211460186631	21.8153619818719	76.3279565872084	265.052160908616	502.126098111142	770.155696745305	844.583634788027	906.432103986143	898.727631080401	1050.07293269855	13254.8209784151	32279.7378042219	34555.9767501565	1816.84151432892	964.832672582836	1157.60669758139	4130.76124183273	12927.2488587802	8643.44277858358	4086.63576872085	3634.42078809202	3125.97328030704	2782.19389894512	2202.61731502796	2201.57990452664	3103.34424860966
315.89	3.24843999744323	9.17416444492818	12.2274726542951	9.03327367457935	15.5945544605824	9.14250900767576	3.43887175514604	-5.36428138280095	-1.21225744708248	13.3519305044856	-1.89727994614148	9.75813155410043	19.2823167983807	-5.75233367004184	10.073465933988	1.48108663264082	5.48781431628699	8.65616044738082	-14.0036435964281	19.1061716902551	10.8379722561018	11.0655764197545	14.1290176326032	15.8676275332298	27.253829405498	37.1597923448502	26.5319793949993	48.2691334032227	80.5575276648728	242.231421656388	503.624903378852	741.1586564985	816.908927412095	874.921890983176	880.88836860776	996.56767870005	9472.26631166528	30571.399241131	32272.330175741	2237.01490517067	906.030067649623	933.13814062403	2197.30342705169	9713.90170454427	9217.86192299091	3576.00587536801	3429.14242426056	3241.74292929356	2724.93813657906	2568.8259538941	2358.5921741892	2610.02597848793	2557.10886100972
320.422	21.6909317310756	14.0250860570535	7.8731004283263	13.982860387839	7.09978026754807	15.0438784062178	14.0235322437052	4.94303852513919	9.71358321379499	7.68253569424743	6.33438970996613	1.12774054017229	3.54731912628447	4.22513036203213	14.5738529188296	11.8676592068955	12.5636540209462	6.19286880115058	16.7407802890706	27.748294528181	34.4538434719557	26.5998936827929	13.2671567652213	42.0950438720052	36.2607977402649	45.5342180018892	43.7696807162613	60.0431066619793	193.335709914815	469.037995156143	786.071724772316	841.0692609419	824.796342086632	851.80432946298	919.300665279589	6722.52505337433	28806.3987021781	30607.659541971	2859.29118309952	828.034254547228	813.012645345893	1210.91871723732	6648.6230500253	9322.18277972653	3382.86306272427	2780.91792184263	2887.20231552101	2869.10716031247	2645.28833178271	2271.65708119502	2227.92387894342	2376.54894042602	2130.55742659029
324.958	17.3463281465463	12.9750348397334	4.96470695627747	-5.51681098493757	9.89022847096275	13.1611620867646	5.5851249092011	-2.88295032587654	3.75870620231489	6.16577631535363	12.4189828605208	12.8005763931904	4.88052616010767	5.54885161904064	15.8096144828609	-6.50566442084295	-6.48206856356283	2.13009156451253	10.7381497564269	3.94935284896181	-2.43507570886772	26.0754104865491	37.4195108710174	20.8319726436004	39.5187181537487	52.2971063518002	50.8105093951047	172.996986227566	370.439832368264	776.930035202745	909.710328465868	850.900923696764	864.666881713125	899.359615337233	4792.65924243698	28072.6797192158	29691.9732384031	3911.19245176719	750.88461368174	760.629358196278	879.747824092027	4161.97431824716	9328.65701242185	3761.15422718807	2030.87859688153	2440.91489344103	2652.35133164761	2561.99285104036	2305.0537333112	2362.7222285546	2284.0780538465	1933.54784543161	2245.24776042705
329.496	-35.2964152479776	-18.2780866591221	-26.173923955319	3.88579878629282	-8.94431011077572	-7.55344998900462	0	-4.06124658170079	-3.56917797064847	2.68846276836895	2.32752051562243	8.68223053644669	-17.3791181575009	1.6129767739435	2.3538659143469	-3.89346058652063	-8.2435956241166	-9.96894387139224	-1.90000462594218	-5.52486514127355	2.47745351795306	-4.18882150304085	17.6425313223152	18.0378834546565	36.7846385875151	25.7722553732132	123.493058279539	302.896913633451	626.098302360171	911.124368987664	941.18844217166	832.366356830864	782.194404364652	3477.78999738505	27040.4354211566	28530.7180389816	5411.70054708388	712.428148317482	642.389889589238	659.348266117724	2350.45739455263	8330.17657077059	4623.23000339185	1582.3293724671	1803.41317719528	2144.19900023215	2217.15449495116	2137.32428431336	2064.74356593704	1945.21333112515	1885.27480835477	1861.64058623642	2474.68214411717
334.038	0.572949391405361	-8.17571164836203	-17.5612299270433	-6.51788074008351	-20.2538093823869	5.18312029157495	-2.07955588083541	-8.17460367808233	-3.33549944171215	-0.901903606547841	-2.67708904292015	2.78025112009009	-17.907058523218	10.1457809841188	-13.8189761052301	-21.943260635406	-6.22236231110342	-8.28804819004226	2.86829138993623	-14.6590000462554	9.97339128896514	13.5839068446565	-1.86902299106506	26.7765702677389	54.2395326915528	136.381570886452	282.016232132733	541.297280852429	766.434102403974	976.878452464954	907.657992750703	806.575487093919	2336.69246893292	26135.2372931872	27171.779312759	6887.39719016594	681.105451794307	621.70800164595	624.217704655318	1358.0073102272	6474.65926979643	6031.35656850437	1466.17456044847	1366.09460573826	1678.17534799097	1944.598122334	2040.5372192772	1995.99075169791	1850.3898664304	1798.53097231282	1902.44312369201	1999.13354214539	1963.70971934017
338.584	-9.71742668042729	-5.09790422201074	-15.2149791314927	-13.8723876969142	4.49035103228886	-27.5788469564531	-12.4482394614105	-7.02282728963359	-16.1266499123884	-1.79960092583279	-21.7006266341796	1.18875765819193	-25.7592714406319	-14.1709709372848	-21.6648955559386	-14.0734872495233	-20.2789845772506	-0.870391719998638	-10.9694775471287	4.03443222389839	-5.4725739185739	4.20586467313844	0	9.50841920362411	93.624169072664	243.745734397029	480.740097208969	690.044764334372	788.066994162869	966.875231786487	797.182602740389	1723.13558687724	25464.9802939598	26018.0181373204	9078.03270177076	604.505680838971	548.933812226983	569.897591647774	803.948976452031	4476.83927974952	6776.96890637043	1834.58147203701	1064.50279354142	1274.11734879208	1504.40935213433	1716.25682420625	1744.32566413541	1737.08533713879	1546.34322661229	1562.50229811092	1553.83492313901	1146.58039215147	812.322425815412
343.133	4.56871167928598	-7.13051866421945	9.67337734632185	-12.1272040286488	-19.4403376766487	4.13303209087606	-5.70020915095349	-0.452669989728029	1.27871872987025	-10.1883835996709	-6.67099057981225	-7.12600284898032	-21.9998221104323	10.5173499448356	-1.96772918948634	-1.17171473494118	-8.26954346228177	-5.65235618308917	18.1068589141605	12.0921936121299	19.3849627902619	14.9404671584159	29.8072649913738	74.6404731004549	245.001647321591	491.214163977185	679.909246408154	739.505988464603	813.205720390412	888.806692420434	1351.43176738131	21272.8084366316	25486.0496818109	11404.5086454355	623.929190389713	534.510457694201	545.047854077071	606.340512717452	2701.21859142013	6769.14892663881	2762.0240953252	917.461902862331	972.281393811284	1218.68888041122	1428.28184637948	1560.34883336753	1662.24698531165	1561.40972240827	1463.25464891454	1602.31667978436	1759.73454699037	1771.23744832156	1169.62601529422
347.685	-17.2032449725244	-10.2284172346722	-9.71322577755372	-3.91408737858399	-6.38167578364431	-13.1418492862536	-4.94318728950015	-12.2724372987294	-7.70391763985462	-7.5223187819376	-6.69847100364469	-10.3355166006722	-19.589642563411	-3.24943847072664	-3.55650306652163	-8.6279709046792	13.700954770364	4.80246499848052	12.4399382148276	0	-6.98737022194592	23.9094578939155	54.7158777641994	175.787001679788	443.336639832133	675.375515953721	709.15887482057	755.745903422646	772.863105779339	1146.99274021085	17973.9709938117	25309.3772727207	13432.5827052045	661.145303029442	500.416938549738	534.418673311115	531.281884847066	1607.93103666319	5890.53626999629	3751.85540827518	891.584419479062	843.962769262307	971.029673947646	1167.49635015148	1387.50947841955	1454.51527545098	1451.6419883053	1450.11987234511	1471.5603252633	1481.4782598657	1660.35526337156	1652.87658508025	1438.09489359207
352.24	40.1128896656797	14.5171782796215	14.0673140457988	29.0989743716573	12.5587233635715	11.5699788431404	-2.90129499592932	4.8384036384872	-2.86370844951076	7.93105227895958	6.11172676900007	13.2989857302534	32.1135254525114	23.0596173904081	27.241770508685	12.7227709519314	30.7259622132622	40.2771427940483	44.6250218719888	36.4152497452321	46.0439793642527	67.9643753869101	210.97609962571	405.692931816032	804.114286723211	745.810418144259	745.328873986643	754.46010941302	979.918349359248	15657.7391311727	25690.6090654322	16410.5876639254	760.990525789809	526.541228143529	530.234576526049	550.621469125542	996.54306012797	4526.01172454075	4814.79461417491	1174.73727103227	807.663909284144	865.904948219818	1006.49395611982	1176.57608885316	1338.7718891035	1444.87611946799	1459.73624595512	1408.62877397429	1438.73012829403	1482.52066123618	1549.40697036602	2087.22688289225	2454.16301478963
356.799	15.2834456223563	6.29098275768946	13.2758100378966	0.89161386237396	-13.8531049672018	4.60866400643824	10.6677361373659	-1.16483892692045	-2.63238365596988	5.24347806949823	20.5994557222235	15.4846447673413	17.9447227784295	10.4091951020431	10.1269693576481	36.9855965195814	14.4702028384726	20.5867676995623	31.3894465588181	48.2304109702129	56.789429650303	172.04473594489	366.251723152588	592.738322093497	1055.98229285622	717.638991478662	743.044214380037	849.932069977389	10747.959045885	26242.2420178875	21638.5177651055	894.713375454569	474.940729892405	523.835662967628	521.882077140036	666.792550542477	3058.75585552745	5351.17033771015	1715.9798789035	748.887481917227	755.862796391154	909.604065497404	1018.48029351808	1150.68185465885	1267.39612795304	1308.37586678602	1384.13005016802	1309.13727897572	1368.36506364874	1374.93837948804	1629.13253620147	1961.8613729437	2063.83222361748
361.361	12.430293453608	-25.3391851520993	-6.68413468832	-14.8140878228342	-14.3370733434718	7.13963235835844	-4.56536341016922	3.98803490991969	1.32535844197893	-7.76470037736731	-3.80286877100584	-10.6685440986926	20.220853358388	-2.51560557834243	-0.815799888401945	2.83372041478862	14.1424222715985	10.8157273986606	18.2734086839749	43.8663458900548	126.219010521718	310.191969755276	532.929241247483	634.84459414319	1068.67337433368	674.230680772019	780.639129253194	8076.75198184609	26696.0172108863	24591.3980969282	1228.44877892159	419.354836560237	461.349214537498	509.786009363394	544.814092285276	1899.71998452486	5051.29602430593	2470.18879484029	732.516834687088	708.399887937077	748.88194295701	841.068509017404	969.759972817819	1114.06188530979	1113.94681733097	1257.02970406201	1198.12639561092	1209.62762340926	1142.7593659733	1197.06210131329	1624.7551875102	1576.42884132822	1459.69215280805
365.926	-0.5937260679293	3.7065808534148	-7.18343963224927	7.20451895373587	-3.49804444208066	-3.22264445322795	-10.7748306804127	-0.941226295506823	-3.72233461150743	6.23072694842431	1.04031279297476	16.4632597588038	17.6933272020867	7.99040753424634	12.2743621022478	16.6481831944518	18.9141386190276	15.3690646881354	39.1353268250465	113.143589930062	267.161123092063	528.111283910831	641.080389870728	655.594898913321	887.258220971771	755.623281328285	6793.04274446544	26761.3861674572	24032.9435605166	1552.45082973154	407.943859183881	410.161285660256	480.132481578174	524.764762897574	1155.07538340772	4230.90141544381	3437.59276924665	895.655502248251	734.753461215785	765.453557769416	844.902993899763	896.977995700214	991.382298318999	1100.45083499449	1125.74919453735	1140.84535861376	1118.11613443254	1220.70807198026	1125.02177842751	1283.18398161964	1361.60153706755	1801.41518992085	1811.57430568206
370.495	-10.0113617513722	-27.3109556776605	-16.1502117249477	-13.3987528433865	-5.39720563157712	1.06548969693889	-6.14520555833546	-2.80074405170996	-12.6586306413499	9.27017844801695	-6.87908690267121	21.2284017774621	-14.9813797390754	1.25139581925762	-12.1746657562634	1.20826545778566	12.7912580842051	32.730263177881	87.9534785652544	207.303776908616	432.596777333605	599.410047999645	644.518130771495	668.929053613855	775.631218580116	5337.9905440597	26638.258275715	25065.4488088818	1983.62102188792	371.97472609481	397.990318252598	438.827674034307	493.466176571414	760.139721645024	3129.44881122882	4052.38082372313	1256.14232346714	757.082478084129	752.817594562524	799.322057843083	841.246387492618	897.350209531192	963.277751078747	1018.68590026147	1057.23374743483	1087.71939013999	1122.61444637446	1073.41111664654	1186.06536985911	1433.08369397156	1470.47448431009	1330.16105898962	1279.95514842141
375.067	-11.1506198214952	-17.2722401806659	-4.26032751872816	14.2427638796712	-16.1358331460013	11.6800073077335	-6.12403394805161	-2.3259123840062	9.72407700862652	8.31441654524191	5.48430952535514	-6.10248033925148	-11.9438124228478	6.65111722785881	8.08848086960048	4.41504327921185	27.6189102227888	86.2353084476287	199.294619342836	410.590296165081	540.415349279149	599.26412660658	659.049049652309	686.613878999211	5865.3169163343	26884.2486662412	26534.6410830865	2559.17763016273	363.634314241151	384.468950236103	442.112485853691	495.293289744498	601.093967322105	2194.24265552034	4371.65142458105	1851.13786853906	819.811962266778	803.541359854505	840.451350845132	864.538855260704	922.055118714358	959.472222592022	1016.8341187836	1064.7402683132	1079.54186587164	1128.92931519343	1159.34646985341	1177.41445178406	1233.26814317336	1480.31613098131	1522.56968958371	1523.4258718823	1815.19924598593
379.641	-37.8782376692291	-14.1176468548992	-12.7681525660333	-6.4313938992897	-8.51215442949892	-5.79625722307581	-2.05196190887431	5.82554086529265	-3.79758478418404	1.77987219595087	-3.63215366842124	-9.40580402317966	-4.52009104008637	23.2258794449153	1.16876655590184	-9.27946794422538	33.154902468184	149.787857941475	335.854144605134	513.73868838415	515.179109130951	584.676881382368	610.437685546366	3579.85783921966	26624.4110770065	25874.5439846318	3003.56772094349	347.54039833216	308.438741707013	398.515162875448	437.050132880637	522.603259714215	1367.5134019525	3945.09480843952	2613.78548024413	897.270129354148	796.436159922951	811.6761828448	888.491395615136	902.897832108618	946.708860062007	963.707059810837	1006.18833175438	1029.9462018404	1065.94036637989	1116.38977585958	1109.57634545712	1148.29211553713	1241.92830896799	1240.69567568227	1391.63040719924	1677.19217645714	1512.31448141558
384.219	-19.0753986807942	-20.0144665186366	0	4.25494151312616	-11.0182508927687	-16.2412596920511	-16.7997565257263	-1.33411694422859	-2.51244153302841	-11.1866721313314	-15.0733264624907	-13.6123301187104	-13.8647856104238	-6.35834225223726	-1.54648694069553	24.1730877242065	95.0513605655726	278.499683814759	412.875438636969	507.35116014836	528.346174655038	560.500941869707	3058.68327311186	27112.8572630209	26446.9305380897	3915.05726241503	302.435971255396	297.294183359056	370.21121639134	433.79094712761	456.257674278188	888.785393090518	3166.69639412315	3264.10910227242	1101.27128659209	827.603280536055	864.423215756826	914.440463383317	954.669236496611	971.259776874214	977.982722912271	989.528592681981	1053.63142667306	1059.33099496906	1076.67638320807	1079.23506963875	1127.00080748912	1108.13499818434	1203.49668872369	1312.29058581423	1614.51550128106	1740.07403898349	1078.69760145559
388.801	37.9640830026673	10.641108606134	14.8733521719431	13.1620561991219	-1.77517664142267	10.1395886074513	0.984235920970653	-4.9436834362818	8.98623674122764	10.5292928472299	-0.316760807435055	24.4375662886797	-0.394197993324457	18.0551850554698	14.9494916394923	67.8770307529704	197.903367629985	410.021402561645	440.74722592836	511.018017505415	509.322566658777	2093.24136784507	25151.1766583325	26977.4220017935	5854.23426844919	314.821097694284	289.230263838668	349.387289599636	404.654535574663	466.398783349619	661.578844371779	2289.32335866942	3633.68061857864	1453.87244314978	853.630221925389	890.263997804913	915.460360572677	938.086457376708	982.044519835791	1010.52092770205	1038.09927824017	1036.69191660794	1061.84450727068	1084.55365521678	1131.92492645753	1119.43664808573	1214.5062801136	1253.3949124247	1256.02956551647	1476.46842958466	1834.43525697478	2276.29958589833	1858.81385727164
393.385	6.74641819141867	21.7528960599243	8.37172534430434	7.87152338480771	-4.07669150302305	4.38169060555971	2.35447591193392	7.40423765555915	11.8522646337025	6.53527330083623	13.3364164841546	14.0302120531202	9.42995129561823	34.185510249236	90.120170755246	151.194633736466	287.058914613835	384.436974315043	407.450904198812	447.773973252783	1689.26626164656	20945.6899581654	26585.1168753603	5465.18568834216	348.185351957591	254.257780869055	314.904696201519	368.647309341017	420.776222581558	510.883915776546	1489.54621805709	3455.44269389947	1955.3595572695	847.344329895122	831.768459705868	880.100661123996	931.74496693972	960.614586899736	1013.56874135707	1032.84570672549	1014.23712440856	1068.66817146449	1052.75225850971	1053.43467615224	1114.31848526995	1113.12349701837	1131.54785093219	1181.58570095027	1257.52368740571	1507.94258418664	1929.93795870247	2300.59860766222	2407.68717649093
397.972	-3.01405897216929	0.448012174251027	4.05187057805767	-1.90488774390422	-5.26159206219218	-5.75622634209295	2.96283995629202	9.35720827053583	4.72412137484515	8.69835325754079	14.0831011781298	7.66113116164	11.3188348610128	66.5382406437911	126.006641897165	205.446407306	307.330015376086	375.573020486215	394.827281997853	1195.2851591536	17899.6662486974	25768.1435514512	6312.67368091911	313.952664181827	226.077035080396	254.555093458652	327.269901088706	372.016272945377	454.609398367056	1003.71050116753	2929.04253539303	2472.46734003217	902.461681534763	805.200639355286	843.229264698849	899.346724747034	922.320791021097	954.25164309093	1005.91406844256	1014.58393539614	1009.11813165723	1045.74228444271	1055.8941643814	1062.13850338856	1091.08755941871	1077.49171450827	1154.53311994101	1176.57525602348	1321.03680560304	1562.93793689215	1712.47947940022	1955.99469649826	2015.66754355227
402.562	22.6997034342793	14.2143035581277	11.2973190331216	-2.19772052410508	2.21318165354236	19.5155544663051	9.6413832671333	13.2074616770832	6.70479149467422	0.253422360467172	29.9009342302317	28.1236272606754	59.6775220143932	141.286799993758	228.316868989144	243.43705491294	301.423678083534	372.489619926994	832.143332468443	14894.7816784709	26357.6839044928	7251.82540713908	326.524103579245	241.783176118997	261.266635950328	299.047381188166	358.158151473662	406.286512130089	678.358185030654	2229.58100590483	2846.04757521381	1120.57257895337	790.78932718732	813.598676170288	885.047408577632	902.530202210235	955.407402816894	1023.83282785885	1017.54407936418	1030.41631545493	1058.54967794987	1036.81909658602	1043.64098865863	1119.51221600968	1090.87242752747	1094.52288207802	1174.3620158477	1314.48192284007	1379.45535381543	1572.43663028217	1903.03373872204	2222.49181615005	2180.18453994855
407.156	3.83163861903335	-2.99007385511261	4.63586596566594	0.363239812750589	-8.77908557269124	-5.77707914352339	1.95569628091192	3.03712369888995	7.93592466546984	9.047313972228	4.75554223773853	40.5064429431225	72.4098128086908	240.191162693301	269.324754536374	265.323944887243	305.504939931838	599.485623038075	11676.9796374331	26453.2956811516	7835.31735186531	355.541939883748	213.267946621869	211.697353331119	281.044260363623	297.259201287672	376.924470161286	485.55439032365	1545.1106568246	2958.15270751125	1496.24238522434	763.14023082439	768.485932805217	826.041045998412	890.03159773875	924.524569201364	939.760254477838	1011.87144791832	1012.26146365522	1004.81409247299	1033.57822006641	1040.08427241258	1049.38621234682	1098.64254474107	1080.1037697758	1112.93578154407	1218.58902200529	1190.32505126114	1430.76671669534	1495.49195582094	1789.66257950945	1937.58603039698	2001.8970043597
411.752	20.7266778466824	-3.3609057093023	2.65968455191532	-4.28703624277883	5.55068039873302	10.7955403274022	9.40359773760423	1.68022512012485	3.58613966655745	20.0209483879107	35.766540902903	96.0050488856056	169.138901089884	320.648801015493	302.541177042298	246.775853421558	455.308816783503	9206.3036191324	24568.7055863619	10128.8065372157	377.601100207134	221.054493472726	205.142983658587	255.969258936873	288.091574568463	358.398815523315	427.744767540634	1026.56670593236	2689.51374495953	1955.79327210496	810.316098684104	759.204855472517	813.985878486643	857.084218959352	921.434111432175	956.767251768824	982.860457514239	999.429002573114	1017.48311371808	1018.40318979035	1066.80612339559	1085.86653818239	1032.70750311754	1059.93318123784	1096.46216989578	1133.68535885613	1192.4698940272	1245.43247543517	1485.77811318621	1703.77099373606	1947.86140666208	1977.11333782222	2421.74999229518
416.352	0.927259620465493	-2.48091521928546	0	-0.351617304654937	-1.21402614473095	12.3029085387211	2.31381367217864	2.9399454889615	-2.90670291027457	6.56837172361264	47.3877368410849	122.773443539525	183.993944444317	507.703378842903	309.270337744316	342.445907035801	6737.67059242147	22099.5579619082	10966.8062751706	499.023811258904	198.5331599423	197.857396215871	234.423654319819	264.784946834075	329.179129423832	385.243606813848	711.017214574976	2142.41632981548	2320.82449464527	945.816166509007	723.040181785323	773.073756379156	829.272911531788	866.216407442486	912.171026364181	956.509470994283	986.969560987808	994.083030014981	999.232194708527	978.315547209835	1036.34759937181	1034.75649311385	1052.2399171724	1095.652900513	1114.42680930657	1195.71281635004	1195.04095990598	1307.98534736153	1397.8789382992	1684.62139282231	1966.39615906931	1914.66427778841	2054.11328937738
420.954	-4.99681350187062	-2.02562841365384	-7.32800101701057	-10.3352407652511	-7.1368799743331	8.49270259363463	7.21328090525684	7.02122685689394	10.1711888292549	45.5256786895111	100.022653679557	166.581147416528	212.300473648291	741.974483392269	349.659383436883	4880.2926668162	20625.5626978659	13004.158510434	609.455858398239	199.982082572869	172.774041484211	233.222546631786	241.168084373733	291.455428552162	340.612144080799	523.062968900646	1573.00820161523	2480.90211355955	1182.9897292216	719.253276552969	733.710502222386	778.919516223738	836.174381714563	859.965584686595	916.114276030901	949.161705594592	968.935952487764	997.261468182806	994.979634497958	988.071173320058	1033.69373822393	971.949830121967	1031.55979300883	1039.2467621227	1080.64607844284	1153.1712627076	1265.15418754322	1445.44086409858	1452.62250726815	1605.13210653321	1926.6379929538	1921.89375141532	2430.28720102685
425.56	-29.413080553062	-11.9235932417864	-20.8487316955139	-17.5751406266664	-16.6290763961213	-4.56908528870655	-4.04381163999163	11.1271788689457	16.36483710532	71.7889429582718	109.320707651683	153.54040698868	243.586913407027	612.073529370311	4605.35982038123	19003.3386030087	11463.7665801464	816.346629459008	156.915116710647	126.20939795474	164.071649471557	224.433521172778	266.76633772184	305.351008641248	400.792751728915	1074.14751260338	2299.24938505221	1494.44293532946	712.752545356884	700.242597467963	740.228541268483	780.205841634141	818.111695765281	865.778357663342	880.518625988142	918.351660765583	930.600972406812	960.345565338972	960.910271434483	985.204925382925	981.606902664183	1003.06329576222	985.759756885951	1014.86007648461	1045.20347048172	1128.4867141238	1241.19374665213	1322.41933701572	1497.69497673285	1547.4969617586	1712.57838323651	1908.03128564583	1266.63844131407
430.168	-5.24626718145719	-2.72933295575562	-5.64214458534674	1.65782258202004	1.14479004943902	0	4.16536246116503	20.6188321394149	59.7131876180264	99.1004237968836	125.884611767325	174.566684613286	288.214602332364	4696.75663047155	18960.3370507355	11562.7906779865	872.993869845396	158.437694942907	138.249676857223	160.454748808652	212.704935137192	256.985419223628	300.919266851456	364.310403089145	762.711870263453	1938.30781746514	1805.9781017129	795.583049237331	703.615562978284	721.77283498126	771.767623881804	798.089218331372	817.552235033955	860.175427238302	899.262557857185	923.992725321003	924.024235988068	943.28586056554	971.703978939032	981.595454686197	976.768530432975	1011.92112883862	1022.57570673844	1035.14563459387	1070.97584086405	1149.84828410279	1279.23024923787	1324.50119639077	1563.03283433117	1680.8480855388	1947.15845657127	1849.68629200315	1516.68162667906
434.779	-6.54178067873726	-17.11381046573	-6.33187446285004	-1.32301144239574	-1.14198765218827	14.9921301267865	25.3267250674919	54.9641838759482	83.9797222303664	135.014166222195	132.708582728363	211.627685705725	2762.87653019627	19439.4853520756	15381.4246158049	1027.52126621238	155.036511119189	140.783896631345	162.655218075348	202.001274691297	234.579359352747	298.072172143626	337.527624663903	570.691544970985	1560.02670850744	1974.32314224847	939.437247781176	680.438176994459	719.448307747026	742.651564940788	790.162590148043	824.755786716851	864.732979302745	886.05720381947	913.924497156123	919.288697347611	928.773266048048	936.27185329626	953.597551615605	971.217226904588	982.449770441442	1000.6796643166	1032.63776755979	1060.23564791252	1067.58276282135	1238.90754734607	1333.08739622818	1475.90313636107	1581.72846962981	1788.19260043912	2019.62417778978	2080.39764891786	2005.13944598401
439.393	29.0255281034055	10.8181420455501	10.8323352217229	12.1564268150088	3.40316706533934	43.8933144142693	54.6404753679512	92.0275924120303	101.463134288028	160.484330571707	169.526149290432	1609.68107891711	17464.4957026092	19355.2454860159	1542.53614095311	156.139510980101	142.713316232714	152.05078165608	189.043945505994	233.526743741614	254.887550405543	326.901913591068	433.852479953634	1172.90830272041	2023.55646079942	1185.25240872674	666.561685854051	698.337161922704	724.937370696266	792.25253579859	799.253665628286	819.879367975077	835.788581577407	868.156425484157	902.916576870298	908.666663185523	907.198452318363	921.473801427931	933.273891615082	948.030114413741	958.932085703409	1030.38166480677	1033.14227156282	1032.92750374805	1178.48051206778	1224.21110516434	1353.07693547969	1544.23782051681	1695.1104115197	1807.5839456671	2105.91977914153	2197.99662473455	2752.30202904315
444.01	7.70981505153454	8.02195220910924	5.1822431243101	19.4904377585768	28.039363509124	76.9788618546826	79.4802287716917	116.281324386109	112.592850356373	171.032529224565	951.130557104022	12934.4804137702	16408.2705185389	3069.99920288009	166.767516697328	140.021982923375	139.550611048372	164.681660432232	191.196964649428	222.575232425169	282.577293127602	365.579965772159	834.848643420061	1844.32552835871	1406.95672534579	679.912179053231	651.006274577602	690.75644589047	731.834402916506	773.553560700728	814.674281919684	820.591748242171	835.518647170345	855.538218744442	876.804516253587	881.270026742794	917.969844021923	897.972269684941	908.50414740894	932.098969743842	942.037016803545	970.134116830865	1018.10587194825	1044.51364771927	1162.13761094526	1255.95356993984	1411.32125263275	1509.47388681331	1655.54400330842	1920.4287567301	1945.59737488357	2259.80513162726	2846.52992654646
448.63	13.4539761255518	17.9982894720621	8.13892386843394	29.0162279874961	50.0920445779313	111.060225659714	90.0340981212766	115.640001314372	134.61950016231	913.541984214361	9869.29325066783	16092.0636415779	2467.64533439182	195.954743007037	139.939192708275	138.881589133429	156.462969032946	184.056399960883	212.934053630938	257.424709120597	315.43112163135	574.364459120534	1500.08932892783	1608.21665115779	752.123574440052	607.22380320028	638.11092620673	694.0596164067	739.212516549656	753.927793412159	789.600754659517	832.184067059723	837.840112158477	825.069057566949	836.43474356367	848.900139919299	848.064131439248	869.721522493455	906.539920016828	908.529996558486	953.073827875532	934.379586337089	996.607399164602	1031.62265607328	1142.22755351634	1191.6749533281	1401.49460050204	1506.52864251283	1703.55939307103	1880.397935137	2174.0907740119	2636.32417604842	2671.10793280402
453.253	-1.66247416356451	-17.0506942086093	-4.02282582464001	20.4883581958644	57.6802946623373	79.2074009038402	89.3794340934397	127.986415283699	581.815309201112	9601.6634108246	13807.6160918126	3270.38407200748	156.481935078232	127.765575277714	104.825648498458	122.509299220411	142.031503954705	170.555638941922	228.179468071622	260.708145244472	385.248646151744	1134.20531985531	1685.25033933728	875.386662418939	563.014748572326	594.499064163688	627.802920165184	670.865527967189	692.501199170865	740.557658060583	755.949153243203	779.535228688116	775.731928288531	795.003667164677	777.061772954613	793.95486832867	796.146711733079	820.148249599043	855.129961196767	850.826622065616	854.362243368013	883.875090632332	950.895246341378	999.742707277268	1095.32228559026	1173.59634541165	1320.47461443254	1436.26048401291	1578.37153096088	1660.26347837844	1921.00974484821	1695.37383912512	1980.37273960011
457.878	46.9242537472808	35.6084916968764	55.7772213223975	81.1642461890259	94.8488091981458	107.73728312602	123.440686498938	450.408806167737	7064.22644717762	13633.3555430206	2947.88408309328	175.769273372478	149.589827903781	153.649924213925	129.344785523878	187.76525409378	199.671049087624	223.128435889749	263.416905549813	352.61585747814	824.338800567805	1626.03497648171	1133.94126123189	585.905095540861	569.96342831783	607.107668662271	658.244085124348	706.725991049487	750.924589558902	768.560508043043	792.18003057935	793.812642953709	795.584372246465	798.754514636647	806.715924106769	780.382370078354	807.634833217697	827.792394241904	845.72341702743	873.578767332839	890.055137965423	910.397651788657	977.316397234436	1032.94807183668	1138.6493805554	1252.51078163048	1356.27248073026	1561.9840452839	1697.25192579775	1957.57990773779	2051.94194724706	2407.56042643917	3716.1518273915
462.506	15.5113305645196	8.73707410060079	48.3991641449292	65.0105199693994	91.1205918008426	107.333604115259	378.72425030289	6255.54438208214	11521.4497752706	3849.32404895591	163.309930971079	87.4366798084467	100.87508382534	132.422001128307	137.83296409842	157.170387388141	179.391524876543	208.220106137772	262.58843274311	543.791593851292	1352.8791274294	1296.81697649409	600.537843066913	508.281933134619	540.381524642696	585.069666407995	624.234799766148	674.140889342475	708.002780647212	732.552813915072	735.539248465519	746.88515928039	750.218467097163	751.330008695109	732.539881089955	760.504039879559	738.750879730954	747.147168156591	785.61784401509	786.690478939505	815.098196299208	859.397714150474	886.863335252503	967.106463326451	1056.98123113482	1170.86887417393	1329.30447014356	1463.92559340594	1559.90073253684	1728.11897514296	1832.47292907499	1837.09627288554	2252.09425479493
467.137	14.910623195716	38.0968666045379	63.0595505807572	73.6563174864594	89.9591092099852	330.777502049476	6017.26994857911	10044.8701153803	3887.05660523515	193.269299890223	80.261083332688	87.160233938981	80.2572304859636	135.301192658664	141.630179791445	148.001197410213	189.359257439819	217.838593451953	343.637636618541	994.791045366748	1363.69399344506	704.058956653704	476.212561158275	476.265989202283	525.621260881903	580.260232720631	607.274777979816	678.586444376894	677.542399597914	686.237506910632	700.320453593745	703.525143107003	703.838632747196	689.736309388172	695.704257222789	714.381842580984	724.901671755037	729.290859799082	743.095795008723	756.601407212618	775.749449533734	791.276962696687	854.44827631739	915.882936009034	980.78371776276	1077.90940485324	1222.52917368282	1401.39355032077	1541.61806823909	1571.75334868101	1794.8419350936	1895.19312650329	2273.91912630279
471.771	63.9884955521774	74.5448291370709	86.4513502822453	114.649616123062	256.569299575179	5958.68656801557	11428.3464123258	5191.83309393241	208.824632027683	84.3588355572937	85.4908370508414	105.904643269036	118.017792054932	145.037761977987	166.184604577489	175.869189393966	209.637154800451	270.990663102182	684.389493234799	1328.07199075803	842.352526664845	449.240688152671	458.569987347098	483.418342653655	539.055506963769	570.01141923719	599.778835732823	638.637907327405	670.669938630044	681.023811029519	686.262944617984	667.701748848422	677.082613491874	679.829675761707	688.902566827908	666.724188880649	686.571440051932	714.402076740824	726.063857570213	724.443243851084	778.99989929374	794.247792891565	867.335469752103	913.146452118345	1022.14028720662	1174.39424799161	1261.4017458745	1442.99273851515	1455.23732009632	1686.46333457216	1784.74677092218	2002.13595182588	3276.31132499313
476.407	65.6927659473047	90.8997920521046	109.50729534781	285.944976321029	4391.15385130667	15120.695015217	4631.43923164448	238.421826755555	86.2939249923491	75.4159857531147	73.0162994908076	96.8747159465578	107.939889824402	143.260521540795	162.422753812099	175.898847441704	224.841244353669	461.350143788948	1080.28885848362	1010.91462405573	469.536652053953	411.750906032511	433.788916877191	483.77746887052	518.993853412166	556.703828461331	594.511821284631	615.741225718087	646.77649375209	659.850816583803	653.731168578483	653.194347016389	646.487400177069	639.622936461963	634.20142738458	629.661084789025	656.549103514222	642.124095259334	683.140387450418	706.639020150156	735.19847196664	777.043791907182	818.612013988098	883.24038930641	980.242619779028	1099.66704031547	1204.75006747594	1359.75349377816	1442.39721562551	1650.15842879977	1794.38461775834	1858.95369000171	8536.8596925462
481.047	58.6540715505711	102.85342516931	238.14846797753	5327.47697439855	13780.2947695939	7466.74364754291	270.24631166403	89.5280753038478	70.457659674955	75.2779226993538	92.5876385738203	112.08986193963	121.271313087809	158.042560049718	184.618281581224	192.438370173101	307.881748976728	811.050913499887	1113.3592509257	544.74592282488	390.117699211509	413.74978467438	438.585921514657	453.932645277454	514.230602387422	535.051007728032	575.504388252944	602.943101212085	607.345522898455	639.909474211316	624.199826646572	622.791279578076	627.963619536109	621.659804688373	618.671848757226	590.947551400399	605.921512186178	630.983401338944	670.603358735812	685.68113935344	696.010771368233	732.251458431871	783.715172200814	858.269211016234	972.941341651796	1089.56181664444	1199.22260110064	1352.28215293599	1486.15763462419	1596.34834630153	1803.69756849778	2237.87824454723	23190.5826267959
485.688	94.0865326326456	248.191244336066	4406.72288895301	15142.9836480693	6488.20823754935	488.41956434396	73.8460585128841	77.409125938153	67.9115649179474	79.1562699306937	105.266828284922	123.840116952344	124.941452085129	161.125007894533	191.773544302717	244.896471289433	573.128553250034	1035.19483813611	692.279004204748	391.22119630242	375.927947210196	394.984569959688	442.897883705093	462.885527505728	494.231882300722	514.22662497437	560.753933794663	595.697509828534	597.826730823159	594.694221229209	593.655047027994	587.719984198694	587.669200591963	593.194347747279	577.592641302435	565.91785675404	594.530520157046	611.363357130421	634.452534754827	640.069526504366	669.538692193958	675.31240863485	775.178322206356	835.191314858119	915.624598072081	983.297670570754	1170.76006311951	1291.620834733	1458.73795773136	1704.95068840667	1863.02695710525	6711.74192330928	34314.4329902395
490.333	166.174753800097	4615.18365400774	14645.1512831613	6989.67987579089	431.489254174884	74.5646387204258	62.5867762956043	68.8522508453367	71.7455659719273	80.1018585830395	98.9133540139888	110.234738318824	122.805333036995	158.817032921104	199.439740596918	401.030731695518	878.170297206314	804.197503944392	366.527695811007	320.22086448385	333.897121951495	390.664244390143	412.071617813454	429.84124776244	473.420609662352	510.88512278876	527.734550189967	555.660135661738	550.373138819121	553.395752741027	559.469601224562	554.601817086213	563.524843080704	556.049293249058	547.96169470436	549.539710492458	536.838209361511	578.626787471345	577.619551249078	627.236502492165	628.925958991931	668.271864224915	705.460846924498	771.014196867379	883.159497808547	952.533075593681	1096.00993659595	1203.16680693548	1388.14256284112	1590.28319464937	1767.08170670097	18327.4182483791	26170.7696677012
494.979	2892.83066883577	14895.268511606	7548.17477495243	479.836461033255	78.8298351280988	66.3918590317398	51.3878560949706	64.2627638339422	66.9176060954565	92.5884620417159	87.972527718392	115.709843450593	127.099401382841	160.737279597672	269.760950553112	673.518404685195	855.160972626697	433.288054375066	306.724722937917	312.75642046006	351.43224082673	366.497340573197	389.901863593036	426.871989175765	453.563605678161	462.843114206476	503.222666849767	515.766009811645	529.345100635645	516.471159380674	515.882251467634	513.482319819554	523.917915465841	521.095003660093	514.342455458572	511.215388430432	519.855392273701	535.212233247267	579.699723268877	580.20192898614	592.379316013575	661.013317293126	713.565109232368	757.58437995019	802.745980804488	933.626734550634	1096.68134238158	1221.32846132715	1311.92422292245	1479.3785154098	5081.39128632842	27981.498393875	8371.99586102767
499.629	12996.3213582025	7947.11420969267	503.386697904958	68.986861958546	61.1010066188647	59.1527736948063	53.830109894102	63.0106068574893	80.0533219621697	79.2730623477125	98.8644153071839	120.906034556497	131.369758378685	191.332868116077	473.948122532746	828.482873478158	502.819314336025	275.51367794024	282.467955952989	280.53419158489	318.747841786694	367.629679058387	371.238816692803	401.932382254139	418.677662515439	442.694011308493	476.55505323803	488.525281239235	480.723616846397	494.83651469721	473.80348907538	490.339956559095	478.187404400639	489.437719943671	481.56261723273	472.668699415071	488.890560420393	487.816742656877	477.04917437613	540.422045596219	533.957259519143	604.509331330722	666.596564419722	690.089896731769	768.772962231762	885.336395669143	977.868457229644	1189.57103177575	1349.55088179352	1485.38684365033	14221.218437391	22379.2849168106	1884.48069279749
504.281	9500.06940292725	626.016789669872	67.0598055124365	61.5517881350812	53.6481766722522	80.2252296328893	66.2794104135887	85.3561401039897	87.5822566876919	97.8433780496023	110.759249747568	132.557644264368	145.605565890466	342.399246769826	738.802138530699	625.997540113729	317.882957343301	280.922316713849	289.696517544293	300.034485328274	323.21191562399	348.589308109369	371.299321041636	400.152259761762	443.203646338509	436.21338796622	461.640158903137	487.321870961052	494.026027872699	476.479825742615	474.850771059527	461.792244515296	463.139623969917	463.670423114502	478.457978338128	481.391140145945	469.297056120031	485.829073288744	511.356736769447	532.935817927787	567.699934170734	597.645481178429	653.285964750641	730.805802041205	823.48556116829	906.469317113644	1056.98567558433	1199.41954407609	1358.80801712563	3770.09204352863	22799.8825056091	9062.39301888224	2167.73602588336
508.936	946.083957697979	70.9573463548038	47.9720958425155	45.4045265575102	54.4046256961976	54.8722062113954	67.7267492593118	73.6794910240855	81.6655561336298	89.2818187381738	108.351305793219	123.141074593385	216.716555695907	557.418490816242	688.602668954591	349.106993553159	242.965183224338	254.59318240314	256.334483912821	275.909887193434	303.043895777715	332.634607233905	346.590384591822	372.83034717604	394.76772286509	415.284473856681	433.443856919228	428.469409678662	456.670783478202	445.741519031102	437.166526027612	426.629529093007	422.814207319791	431.135014731033	432.705703687439	431.031840607601	442.564444833648	436.598939386179	481.075404971235	488.988885365917	508.6118898684	546.159516728404	597.324176067803	666.472411128703	749.600191622195	831.421516951009	982.944711077425	1136.91734218963	1303.34115830265	10891.2449829615	19795.3513149089	2244.02956113592	1366.41286574333
513.593	87.3225883246918	74.7351363363721	64.4327955534151	59.6920759319102	63.5726205427756	67.3054703838443	78.3474150400605	78.3720231910401	92.7638290017641	96.775461408396	107.949417402989	170.199782138196	416.110471116879	704.505950392046	432.560460104797	233.793726253856	232.762315025679	244.763862725989	267.258051128609	279.486184342397	304.688354906828	327.497361227174	327.647974711387	359.18399050283	397.177499365541	389.708087683605	410.884966787054	418.937161746471	432.33972062715	426.156779368551	414.477859805313	405.0807113861	416.720092558573	412.063356877523	422.765252912461	412.234377953663	444.958512419954	432.649836949214	468.613456574726	480.971280160455	500.109256915335	559.182394484771	563.078487238425	660.821961431404	711.300187039481	819.916729379812	975.217441663908	1171.71246119112	2757.95328701999	18074.7140727083	8765.22277059492	1729.33139718605	2062.24119035497
518.252	55.7184880679662	49.3447497557129	36.1423340969675	46.3940008863502	51.5242111437304	76.8413179595284	69.1201049272185	76.7480973284358	84.6264809657783	96.5001283195221	120.841017643887	267.134081246737	583.404857892178	501.748839366112	232.526651116503	195.327833256133	203.397834238008	223.378137823682	251.628600910853	262.975207704498	275.708675200296	295.930299754971	312.359841334794	328.391258754318	342.513961718926	361.601865474017	356.899530072271	370.355636577525	382.583441878087	376.373718216731	383.317256458925	380.251838480805	367.93253299587	370.524393612987	371.926030452062	387.748607086829	382.751829607334	385.667932052626	404.907048426602	439.793140419322	457.327366906216	496.992172264889	517.423439741057	571.753418760138	640.235486152247	786.832718042457	905.490776413154	1053.19139427956	8214.26683934717	16495.7272838502	1990.68823848495	1490.88567203285	2035.73139146933
522.914	56.5557553510813	46.6387648721402	50.304275372982	49.6488900925947	65.1709078276034	68.4502972476281	69.5958723463437	76.1471355454658	87.429047172039	106.506924649688	179.186670584701	458.38161920786	560.576317514554	266.149036019337	187.659621247627	181.73766303814	206.699398582863	229.743806932615	230.122827436035	241.962072029611	256.23245857288	280.904053018942	292.847873953652	290.576578031433	329.166544097054	334.320689532494	341.977221826051	345.636780089705	358.356002271961	359.851537053479	359.243986976359	333.206537442518	361.640245752157	342.940333703832	351.255141583798	353.570624824489	364.132782802248	377.847552955263	381.591978475865	394.726233822608	433.572980726177	460.666626196965	512.884961246115	536.873671873864	692.685105290999	784.718356534894	920.062104767212	1974.81830661028	14549.2939344267	8025.45281349494	1131.88431778218	953.3052948719	1959.09951226013
527.579	60.0364198539837	54.5794928085584	68.4198744317409	67.2693852017715	58.3186712062646	75.4517604017255	69.0621324231784	77.3680351333517	86.0331891450507	139.421518997249	309.022679821053	549.093271793085	333.32994085212	181.348412973786	186.57430080513	186.2238431512	197.986492934375	207.310269934068	220.082725778364	249.115472395573	261.265094166383	275.177739444843	289.345645963703	310.491900096316	300.325298088436	302.330957224193	334.966575856508	322.768201043148	344.95828427331	347.970696344461	339.284393723171	315.409487950113	328.984252210178	327.655155057632	342.999502205889	343.002502843274	335.914478556456	370.847725839658	367.955329167028	422.234695045951	395.155310623873	460.623283417945	501.169797162735	560.188693664178	632.332539824152	813.491749845712	837.604481934991	6419.06160411621	13969.3930599575	2072.34752114116	1135.20745185252	1168.6684425152	3577.85335679958
532.245	9.68911397818167	30.4169769694199	34.6994111545721	42.3258254364715	38.0567775060203	53.9932914092475	59.4326509322967	69.5809255330442	85.2171107933486	200.310120874595	457.700908483447	424.224657815372	171.835711723498	146.044397130179	149.028666050826	156.11916614688	163.030162815624	174.091862643262	187.554637083573	184.982824787082	221.618507474	235.419972225938	250.010891963549	256.340487687749	263.524966556031	288.929325780163	291.316782263873	297.325866562549	300.313601145514	294.97422417391	289.234226080542	281.687215910148	299.030034130734	295.632154649345	290.902068749221	312.825251625683	308.571242583944	308.702895075827	336.177144302337	370.120394365197	356.570909821777	382.556292320681	434.980447768995	504.998912232828	562.106556111751	673.781410734723	1426.96815811527	11712.6671524527	7189.80927582716	951.742660421576	823.605900621534	1620.1339955366	3158.82700589706
536.915	28.5299699045383	57.1625536705045	56.4269471529575	60.761880008756	64.2168311386868	61.7537750465121	66.1380872604786	84.415636379167	145.263934633833	344.721819428795	465.427720861175	228.118373742365	143.16884613445	143.94978114762	158.899314680334	152.085423658982	180.528970666447	188.647092232574	203.478627468512	218.259044342943	220.079369986617	236.759326379811	252.430614750657	263.447867892659	263.977721961185	265.10382466732	270.387634427467	296.452509360806	288.791065365972	296.897089268177	290.838595444007	276.608322604733	281.458701673563	279.876135905699	290.383602063121	293.569292309261	302.236157367156	312.351171248465	328.617060973519	361.319127024399	353.184544087862	391.777169071364	427.375662340582	519.851956266504	631.808393799143	711.04564427968	4802.54105127789	12384.8750466067	2040.00039712292	961.912106018062	1062.38267680552	2470.38657871655	2074.57599903455
541.586	50.1983144017097	60.6321796643274	44.315462239519	59.6536989311557	69.6040306213467	56.7343569962607	80.1599212849843	100.100031612185	250.9937468224	451.509038699319	288.570540871823	135.357425099392	141.348124725775	148.945112753968	153.89532256538	170.573532936613	167.985303514896	187.480396866562	183.694589525665	209.928784154527	209.851389139677	227.170101797603	244.339121978649	244.524917962387	271.134837370412	261.478170104664	267.478048160226	266.286544505064	273.889026301982	276.653867311655	277.430636836175	271.941748540389	279.296612493785	264.032151750004	269.109673336832	276.036325307235	284.601210720625	299.19920088875	313.220241951422	330.488502400561	349.451240680399	376.604298997602	441.54940359288	516.817433339531	620.111485676576	1095.92981280332	9522.8141247936	6956.20858493555	902.837711763955	790.571447176648	1284.44534517836	2898.21011849866	1503.39804272425
546.26	32.2224739337025	35.1235478228099	60.0026648429761	44.3496386003195	43.229344103065	65.0169989872813	85.3688337577465	171.534191798537	390.495172714196	349.214613755836	148.932149899266	93.4852905797065	109.585377255734	126.517154334228	133.504032087698	147.186507182708	139.113336441524	154.46370312192	159.652121872625	163.198777397306	200.816066379473	212.697333202017	217.68814182825	210.177572009181	225.65758987679	228.016011620254	241.678811514513	240.829770303761	245.62875717223	270.795868257946	236.606121091218	246.745132315285	234.246370807855	257.61002274311	246.412921465789	255.538291999254	268.931956451351	251.057903989296	271.82180401868	274.015205152628	326.147446369661	339.057960225097	407.925150271494	476.350920362513	587.517868885292	3657.72491615065	10501.4923411246	1992.15890815264	749.046255257237	773.561981879838	1666.09267302888	2152.45505908127	365.800014041041
550.936	26.4526106858304	52.9024323899706	50.1084966116342	54.4097241357741	53.7867324754132	54.8699075729129	136.561691455135	303.23440598685	388.403485628027	181.912825159237	101.12648652642	113.914283635284	108.369502482832	124.628778041445	122.078288835594	148.566455947182	145.381821006952	154.403636915362	142.793433418069	174.679379093205	181.045845183472	177.92413724195	212.132735088388	193.343052974305	209.586341100239	219.779088412538	217.498727660043	238.316620743345	239.4075340455	224.080148971425	231.322657798356	235.589246292599	239.439128488096	218.626161926999	233.374491040478	234.052909987592	237.041043504499	256.187024678241	273.103320721009	295.618992119225	298.050910277429	318.863263762433	403.641491728577	487.183185330893	784.044069070026	7639.91585037854	6289.90600894291	812.823853318345	698.949113381839	933.02190197948	2108.02230247335	1337.65769761777	653.335695114189
555.615	37.7296081637441	48.6835983085324	40.7924750392431	48.7049735946095	57.0178544750168	104.089437974965	232.546433983044	370.167910705336	237.802021996102	108.463665391945	93.7715294846457	94.0461158129317	108.52677962091	114.006083342936	127.234190801178	133.409753792158	138.908912632671	152.794193276945	148.693905271037	169.62116455703	186.548730703972	177.854215020814	187.890457392821	203.161763567508	197.224707763135	200.169069788934	222.731840749442	216.729782977288	214.654284620999	213.841746506702	215.535633180087	212.139780729283	215.149052918716	215.430993196796	229.148477758797	216.732876174236	216.669055358637	252.589565440042	242.64525641709	248.337806321094	312.468057262228	319.800512900039	434.189529891741	464.887967229813	2698.44178444167	9028.66265344831	1988.95230572748	644.211365361797	707.935750765855	1286.71826361899	2231.91800993986	974.253851744286	855.60200228075
560.296	44.7452820377898	41.7034112701542	35.7661362189261	53.5009148046722	70.1944222380687	164.587446144715	326.640529706327	303.387147688348	118.601695648106	90.1065738323677	90.1736423129061	89.7013595439233	96.1031559363357	109.643958691665	121.11622313953	118.822425510791	128.709509224991	134.118322319106	146.64474907374	155.77166696052	169.109462580384	166.757441080497	156.812630492368	170.83023083986	183.840881493577	184.549825068496	182.440416317589	194.478237084607	198.194937734359	191.538890454422	194.591788447851	197.410204382841	199.677348871028	175.498953142541	193.461940738219	207.348942248489	201.914611478271	218.164300915548	223.798962580442	252.276089123745	270.803690896434	349.295558860607	383.270814600496	640.155212833079	6129.59725337148	5763.44063801778	695.10881059861	648.244817970737	699.780991552545	1708.84243413377	1377.76683800918	557.177180724242	454.920188119194
564.979	49.625628408731	36.2773461769062	49.5425328393433	66.0174659631387	108.377042124148	273.039273454726	315.0243000497	150.732097503617	86.1605746578401	80.679016399428	94.3177132046285	99.5383909193481	103.183712728969	105.164282938818	116.328424003588	126.576900645003	125.754008501244	140.909407711169	125.575139440009	147.854140330021	151.879822476065	157.628580478093	148.614981766024	168.191237597744	179.396275146263	176.125690156849	190.8377629276	189.223332623088	171.046518718274	184.307010442652	180.017820505919	181.979012108848	183.778608530526	179.464061130908	192.441324500092	197.190229745607	197.895447302979	190.157061075871	215.406259535884	231.009107923794	285.661062605399	339.000332116242	402.196232586976	2185.72064825835	7757.2226757527	1989.06568541521	652.430086019203	622.494517649195	980.824516849833	1925.47992151371	943.651493325132	918.768686248807	1003.10264383845
569.664	22.126023065095	35.8117049194495	36.3544313735378	75.5117895684756	203.049617873239	306.912773255916	178.275865560851	74.6991011077981	67.7075695718402	60.8441240217514	72.5118184611219	72.4301697978598	95.8969970152263	90.2608048710591	88.660629010449	105.084277058782	99.0840709337496	118.854869848205	125.125677719398	130.860404184596	131.592933123625	124.612891978142	147.696519179952	146.052430765483	142.53441038939	156.171553322612	161.227597859875	157.90599131391	170.235301480144	164.961374234118	151.592798847275	154.685369687574	165.527856995116	162.847850785085	152.531187761046	155.693252312925	175.42112329181	169.813983880568	194.816285570944	206.472579715867	245.813847195602	307.572954435248	448.064910770132	5003.41336508458	5252.04700734055	584.167398356111	611.006799979871	577.340524639864	1237.02827521751	1548.00273820785	486.159247275826	345.330393374393	428.150824272147
574.351	24.3818067795238	33.5385734894287	49.9988715582221	139.467421884765	294.874398234732	240.505467423206	94.6824740061346	62.5640968498854	61.2552229545006	66.1357555495165	72.1674947071282	79.9259484932851	80.4985768714337	92.7902506205313	88.8505308115082	108.528042573463	108.011214475667	107.917132695024	109.302197197986	126.512498952371	128.404040459869	122.301808313847	147.276583368164	151.231591949975	139.098042789261	152.379687187374	149.206842258637	164.309707569481	153.870660549753	161.965197983552	154.347432729503	141.429976375161	161.046606007888	153.092358567208	154.151067093056	163.638561385613	166.783860648718	178.698898038416	203.936588063173	219.576909923981	286.614692862887	323.397517009412	1669.60562781998	6568.19325067869	1937.69020344399	509.149532774842	589.769795454813	728.821493901528	1656.38570272253	1003.34091240516	581.80191920165	494.569602938355	777.272964676431
579.04	18.3467201719039	60.9872329319365	80.7183121972768	241.600599396936	283.334728911644	115.425619150313	63.1853758176385	62.9620238268252	63.8606190495784	57.3230986224859	66.2416637333429	64.747574025754	73.6464079168788	82.9929672811649	91.6617200722827	91.2541472353022	95.3982959006771	108.888567592075	123.506515767044	130.22642202349	123.027460310381	110.448851708499	121.058182253617	127.491062316708	143.796255719943	138.223994504178	149.948955860599	146.901441831915	148.66188041663	153.635562236261	138.400077947439	139.172285051777	142.258661302421	165.113094989473	152.061193895814	165.778699948942	167.932395517019	169.43655775428	176.48936931205	222.824330989152	289.194705023156	356.86926373581	4224.41989837041	4605.60555506912	526.580429701327	509.296351749108	601.488894762297	963.648864271732	1568.59986360166	773.758509527993	380.283197483119	358.452104683988	1132.83404414569
583.732	25.5983402184728	68.8635037243512	163.825840021291	279.431508950211	173.61839861384	58.9687143840874	48.7400850516422	51.5574713086201	46.9811061701327	55.2685791343712	59.3135482161143	58.4719733796579	73.2036521139894	80.5527691303205	72.8742455555529	70.6015037138808	84.160734033493	88.5001781736864	100.839391420122	114.030958323354	97.5191333895418	106.697144108382	101.642844659949	103.045810685915	125.17039137456	120.725779881997	127.926193947172	121.292023861333	123.975531399678	121.786281022604	123.318346754221	119.33638410191	126.697311566588	129.142845347205	129.174135716745	125.215295817164	142.024651730357	161.468817671025	156.911988274615	214.873874455802	256.324416368184	1094.34006119918	5999.15878278782	1742.92440791022	377.798732343116	479.522698666663	587.06754590321	1275.26598243925	1168.57454836164	526.918712346193	457.036867928963	304.162469408785	385.879606925988
588.426	35.8533252617556	123.388214492138	244.281191493683	203.774030678019	67.9269818767944	52.4036457837893	47.0771288376431	45.135912056324	48.9228261237993	45.3719017345942	48.039855654354	51.1703380341823	63.1563860358118	69.0163054518116	75.2838530845111	83.946071414227	74.2103641585297	72.8985309830944	81.6496366935495	79.2647701578589	87.7414922557699	103.452789229126	102.165756373394	110.92649068504	117.25769992243	110.567321748672	114.905139668619	115.850548961858	129.464463268256	108.911408383432	127.519756435848	136.023069846322	129.456550695028	136.266835215926	126.640687727663	131.258276346542	146.32419445412	141.064060134179	186.140724565523	251.118806089625	283.820744256807	3178.24514739142	4467.2763217449	401.39551784586	402.870082412524	438.90677701704	708.969925337914	1413.02699288552	748.987331121875	534.316484723874	392.160606895854	398.156436125904	476.015894473435
593.121	71.6415204907058	205.667803713289	246.529233095268	115.417437214385	50.5063720957702	37.0706207934283	42.6968081430254	42.3376329902522	35.3095588577956	51.3821977545968	51.0037228802679	42.0226899876578	56.6937844115683	59.7530913025902	70.4022747273719	71.3197922050188	61.3840952934589	81.0091761707585	73.9230934533294	80.7833626537604	86.3357264113776	93.2268057656083	100.948374765162	98.0500040725691	98.734496399308	109.263377550926	107.842497026157	105.152935900159	99.9457010180151	100.108835009391	123.975495769141	113.072175072513	128.591446118912	114.381488003169	113.775541465977	128.184782262427	116.56904024296	136.434448908137	182.646718817699	220.936037986191	758.334470475147	4872.40290879563	1746.55258642523	283.213832011939	349.401486933734	465.458219411901	1051.39741580151	1243.40904497897	479.931641210656	499.306433327961	165.156213761941	342.984524749652	744.174107326999
597.819	129.223251251595	236.960197157476	128.310423088309	46.2522602767484	43.5531257877432	41.9246461973365	38.5048518853037	41.9177206526219	34.9502577120438	40.0565620848759	45.3342035483897	50.5549712196857	43.7075721103422	54.979227710972	61.1297935695214	70.0013070239943	69.7837410800099	59.4198469814798	89.3156396936037	80.5196529551318	70.5258349093083	85.0742826470306	79.9952612612055	91.8869029454418	87.1557552817086	88.1264542366558	85.4436851205053	107.322380547629	105.761917239326	106.175010663204	104.58922529362	104.126193074268	103.800028920548	109.786431394478	115.434017358189	110.196331726571	112.222565818225	123.840723882143	189.822989929812	217.94009043098	2580.84380672164	4070.03183067131	369.743784898952	245.693712203608	337.183489248786	489.147358499398	1192.16466025023	835.723903659936	391.351000457153	452.568802948826	237.904543471037	244.417417057147	-392.164150949222
602.519	204.597447383016	172.88571917995	54.0845133992069	33.5760320896212	12.380626753415	31.6254603301806	30.421610545008	33.7292272688827	36.7644339014445	43.9795190892944	47.9494017135323	36.649503174949	40.3016199771953	51.757273658928	58.6475680225015	58.4982948066087	71.8874389824072	66.1038922617304	71.0091321666866	81.9100319474176	51.2519537453258	81.173761746798	90.7886194810273	73.5417032579163	85.5792081721065	93.8396269448751	79.9190115910059	73.8610329603609	79.0943403602808	86.5238682991012	92.3852768657691	98.5740217667624	92.0363895012491	88.3930856522469	100.697641030323	102.121288980353	114.921718264123	146.452028916393	179.075309492161	589.956124289469	4450.13565394918	1796.17023198167	209.402111307223	228.175266191495	282.811418698232	653.961546722218	1115.61966677377	487.989370636479	338.076420819157	341.493551065142	277.830723595601	36.2258396727432	305.414290810301
607.221	191.264369931827	78.5200998644695	24.8375585234998	31.5766174715776	22.7134009672129	26.6796067023881	28.138171202498	36.2681900722848	20.781673621629	29.3567383034075	37.4898555582004	49.6077067206839	46.3396078616436	48.2307870497391	47.5208464827352	57.8398247137114	60.603899239472	60.0965134575321	53.5565948354331	50.1252863002609	62.28393301399	58.5045796267894	72.5083021225663	77.9844505299207	60.2832065022455	66.8189683283469	81.5780146571173	89.4955825248566	81.678727064783	76.1988946905917	80.0767508263082	65.186992507416	80.7943613507701	98.6792878736482	98.6470945323903	102.002166300954	108.252832935154	138.416148988418	175.752411043829	2155.5248777267	4056.33479264216	385.035027249892	178.916707058893	224.348024028221	296.103493658548	839.826915597817	866.769349200321	348.048230559688	375.585149087119	279.516007759329	360.983615069674	-80.4161668291284	-1033.27879096621
611.924	128.735048748539	48.423979522346	31.0804439489493	35.5330213908739	25.5115105449658	32.7457485985892	27.8126168307815	24.2954781234525	36.6684316818203	37.450677804326	40.6633507696399	43.4065461792324	42.3292571818941	44.352154428134	51.5985076350795	44.9197781349245	64.0396005940262	53.0064842574795	49.6871556482252	74.9447624185356	72.4101875599677	70.1642644936765	88.2032960707402	62.4322017496685	67.44231418122	79.9302747914455	68.477255358243	87.2074240193674	82.4637247973946	71.9478275512204	77.1434659247783	80.0267338120382	81.2583275940909	99.3083550894038	81.0040730755433	110.338380534879	121.88973677896	142.1083502509	381.478515961224	4030.40580444332	2014.28690237761	159.428149779484	189.811413421011	228.485273718422	415.895766221493	960.64084646666	569.9367239008	454.904442172126	393.110228334667	362.484091037161	430.364660351616	302.613658579399	-329.434555113294
616.63	55.3444716382633	22.1126901442283	20.7132046583639	9.73780601590961	25.5060731497267	27.2363038870693	19.2841193769984	28.7776962212922	34.697927792389	27.1814550262231	17.3258919822811	38.6727004972181	39.9048288768511	44.219370651513	39.3591310786648	37.5476525074785	57.3805936986971	42.1363244909987	58.3683042404226	49.9993419087073	56.6471633987794	62.9830829775894	41.8852017673621	58.5689419384274	61.2084225737463	49.7859478060951	77.2176780993886	67.8059888529079	68.4250112366336	62.9869330261646	77.6914535382543	68.7341822501344	75.2118463379522	73.2935939591708	93.6560840283575	100.234504641096	117.25472165603	152.44947428482	1457.20701526078	4033.05434152152	449.770555361805	141.316481207379	150.178877786216	211.668454578111	531.73438987129	813.070006567064	417.470228228526	272.68023681527	297.240080756058	214.011295599948	203.859862948279	417.933763454343	-758.743990293639
621.338	36.1445158044149	35.8170012869874	44.9906715244758	35.5341212340424	27.7509396987436	28.526403725871	34.4168135701973	28.1191675696558	32.9717952402021	40.7407713317711	43.5241632557165	48.8747108733628	48.3262610705457	64.4787740762465	58.7330181423308	61.9512826350133	59.4460481861319	67.2674534426348	62.9216138915646	66.1388683819081	67.9660516410601	68.5844524760805	68.0514508681184	68.9253021155624	74.7638034398908	82.7585618376582	65.2815669308802	76.6795421624087	67.3579516655968	73.3205317603476	79.2442209450954	76.8303966548536	83.4456580920181	82.6546016245665	92.6990992705483	122.081562380571	153.286954519509	289.639316783094	2902.54809268369	2111.22605458678	182.193888208682	142.424916869389	198.107970344179	265.819680754976	730.851464063055	624.793061926728	391.018185831474	383.081089599301	301.344137638055	431.379846490846	403.015468720306	323.43055502069	671.439780275354
626.047	9.0104755741387	0.803594645681454	10.5383055384575	1.02503303231752	7.07824605883684	22.0083003160824	23.9148645455999	21.426286473271	21.385767493211	30.9678903174811	18.4192662290614	24.3602669213506	25.5418209222428	24.5718386629472	39.7392116028322	40.0551112646986	38.4899634890595	27.4403792372741	39.0937034056724	38.1574230385684	27.4481044765951	34.9906296497951	47.7638647921059	50.3180155894848	41.634366514919	48.0277675244086	45.4551288841944	45.9970818715167	46.9567364271322	50.6326943923397	63.180122186269	55.3162617433856	43.7322363690933	55.1954054362474	70.7058947677769	97.6682911460524	123.886176313717	1113.81570258505	3216.52337418935	460.454588673102	123.122261404347	112.373780423254	146.913573683345	323.412882257122	638.279617845652	321.155554214322	228.557968000728	215.805584256025	202.233265642775	205.250763507488	11.967491408041	205.039096871823	-998.023488349309
630.758	20.9464806743518	34.9253691884888	16.8953088593038	17.9578965586929	15.50077004033	19.498237189281	21.69236375122	18.9491823861915	26.5092745815084	32.9727315327868	28.4572925438691	29.3566100590019	28.4636912483161	35.1567680379563	34.5173525200246	38.9278231712631	44.1779750769874	40.2155143010869	47.1119060537358	40.5755759704084	44.7845564469777	46.5343531067587	51.2472670573518	46.5296320974518	54.0554456606095	45.5507599360897	57.100461952497	50.0920588710171	52.0430263003766	65.4275769517157	61.2909380139935	67.4774069599258	54.9268886113769	59.7725338764871	78.3694231237699	123.486508708343	198.033253484566	2403.00270327269	1844.83411202912	149.426237970986	111.057117255227	117.347690137577	153.260844756997	476.590463828046	515.458789954332	250.960811500461	233.344026355199	232.285083192152	289.420740060404	220.102865795605	258.046135396467	-15.3510620601269	-133.228901956492
635.471	27.5313811763758	37.6490391543925	26.6479813308773	20.1838323766938	22.5286261602055	25.736143189951	16.8626611625259	18.1854767954427	27.534855701178	23.5952960648491	25.1919142677869	25.1289048662083	43.6905568077116	37.0519280629122	40.1579957103016	38.9130530589287	29.5674948191285	55.5464460672065	46.3252610898826	63.5574533300865	55.9115310245513	34.887522676383	57.6283068191515	43.9793487413995	57.5734628628013	48.5810142064619	40.3435136271805	61.693949450818	55.4112842127502	50.5900001722629	54.324494985712	65.7292449552487	73.6892824202283	55.5470200323008	97.7576218419677	124.068070874888	814.912458449026	2850.89069397222	516.027719365691	102.558234568633	129.396240115925	122.046150338084	215.732738048288	539.764099624469	304.346813387279	237.266232794249	226.906802520478	212.660708741152	264.302447324945	239.639173710262	288.469066585441	77.3449471459607	556.18839335689
640.186	35.8577268620807	53.7092104899218	32.6306627178343	31.3783100356801	24.9783036311183	26.6160223048908	23.9855862577056	37.1677492577191	30.8802401187268	39.8010658791385	28.4610281226043	55.7693936509211	53.1281644250535	34.1905953450746	54.8057107489187	56.5923240512871	66.900903545454	57.7503340174563	50.6311555880719	76.2493397073329	56.8163194144517	58.6304442220888	68.6084537709498	66.2744625758875	64.9344449970824	55.0495567025219	59.3032265337355	69.0810064085804	64.1065000440385	65.3994929937257	69.0045014547552	72.3400611812363	93.1861893318474	85.1525771993583	111.882134556729	174.314323175526	1951.82366304437	1747.78803378329	128.702830995364	104.151162475305	124.632883595958	134.230102993706	333.536045068868	513.734822030711	248.811426273937	239.666397913161	276.802158438281	267.395440844177	317.756054035799	298.832084816356	419.265887297399	457.188567413904	1421.89342707252
644.903	13.4840519292677	21.5632929369076	21.3772750050311	21.5105315166459	22.5242756872107	29.1634919903212	20.2515373411243	28.9314375860604	22.9042650741605	21.4697850823341	28.5146657187799	30.9430681233937	39.8789725680709	47.4257407012599	42.615306715363	36.2513464608432	47.1300855353175	63.3662277058241	39.1831682208054	54.1485006339892	39.6593045435265	50.1772416992265	47.7783726635863	46.0382817189954	62.1829830708556	39.3824049660869	47.5825708201337	63.5185005315236	56.1492403514705	55.8940213992695	66.8439726640078	49.8714348008603	64.7145730373976	88.1600229334211	108.225189023249	590.662632718882	2553.61721515007	539.649259135467	95.31343064236	104.868848541007	101.756841941373	134.114910131177	400.066923046083	373.75092105438	203.132827623589	217.669716458808	233.502722118432	202.476532033962	145.917017126807	227.330811132341	226.437973528966	384.037555453877	621.898589252895
649.621	44.7971562410707	28.597302782801	42.9794005318507	26.4641194551774	18.2127509098055	25.5948810985414	24.175175152025	25.2294946622588	29.3523513975729	25.9799760108184	28.6428841624175	44.4565207010756	35.3023486573109	43.4209583329187	32.1701876306656	44.8268800040661	46.4315864194163	61.3910914747422	51.5411248257709	48.258621846933	61.9726956999706	65.536945447068	47.3010020982168	56.0279553559044	46.0573900612221	52.3350030886667	47.2366163026634	55.6025751911386	49.4870859170934	58.697705190917	69.4516860441126	52.9065961400187	71.3522646110135	89.4079456751173	124.772772742681	1540.93912191248	1732.3611241814	121.666681132467	97.1101233889965	103.478874857624	103.710649429771	195.1010931128	440.93026560917	199.121206769346	201.003965292203	234.798657733693	212.643918197648	215.609759196214	279.106237313624	188.630774338566	354.903201908157	1001.50375832691	-39.4188555036351
654.341	16.7605247146501	6.4061948825248	8.88387568067916	15.6166152374146	3.76181564698533	14.4402042931313	13.4702483080336	16.8910837862319	8.57789676697686	18.0915038644798	23.7736059110582	2.98766430078893	16.3590077931525	1.69597240907783	18.1498823826008	29.1478445822382	19.0690926881813	18.5939708895149	20.776800346812	40.98089005934	40.4285253722053	19.1834220065434	26.1657241803997	41.3459275236658	28.4233844501823	36.7139144386423	31.4049494389173	25.4785966724729	30.9794897695966	31.3374480878062	50.2823424913926	32.4396870663337	59.1303881582125	75.4308923737228	414.259779707787	2165.5346250645	599.657198768281	61.9933325170728	56.8077399156999	72.4898066514947	72.4735459536919	266.627715529602	324.231322321812	80.1632265809098	149.070935348439	116.165543850686	160.73272960462	111.713348452545	205.446976965605	90.4589816570517	84.8034876808247	96.8625750811008	-540.418870478925
659.063	19.3160238894373	6.89075875992954	9.34811516892199	11.7194332318618	0.94836538345589	2.91233620501559	12.9262960922877	13.0141137493479	14.705097648688	16.4700040358356	3.66655042354967	36.8230832337972	25.9734115614397	16.4183001826841	17.9697924650134	32.0351195384232	26.2220583643514	27.2064493312324	34.6506950288261	17.8935750337033	33.6236092203228	28.0302212328837	33.0807554307767	19.1255715056198	21.4061658416379	33.1441909297048	19.8367142806694	26.0401345377058	36.099672888167	38.1273793144949	46.2813818982338	51.454166371813	71.3465780775097	98.6033572091859	1228.33782643456	1613.57366812213	100.511237358896	58.6076672291653	38.0376577749794	53.4755607105306	106.733051123147	336.801930582553	221.345473363704	122.348787091906	134.950833640115	142.831979469182	162.084877144424	129.175583901075	141.953431570191	96.5858384405374	-25.6550664870375	-390.709686086523	-262.390598209433
663.787	0	17.0345125948807	14.2211053857677	27.1142460247563	13.786084483964	14.4729023106333	20.8866112307988	20.3804151411423	19.5194262595114	16.9606435095275	9.4394413183242	17.314728337654	29.189669068391	23.242337249834	30.374549995432	29.4751027851214	23.7573699438384	33.9312282386769	24.5178729809873	34.9986174471335	24.2966971124651	44.8439893668914	26.3607710672381	23.6642254184309	23.9176371062595	36.117608301395	28.9418825091198	34.5084996410246	32.7394151757705	44.5904635715524	31.4070281164483	49.0738334878634	77.2526023365809	305.721144453411	1939.01072173856	639.385110628065	65.05747540845	68.2449321880968	64.6053548319848	66.6732597450946	187.166467857872	328.264305181166	116.09117766149	104.880988625921	90.088605719989	99.0038996959114	184.461857124675	169.091977175028	180.931909184342	146.934153293493	199.47926863116	156.850021654375	0
668.512	21.2211960137517	7.48237798125682	16.7188253752452	15.7198927933409	27.4610426730581	19.3463270205662	22.6145067974388	19.167939063908	18.5644439186314	26.1544373377994	17.0063056388095	35.921992862982	27.6205079641235	34.9567149496993	39.1102687882837	40.8398034859108	40.0190889656638	28.1802647419907	32.5300139073502	35.2676486873959	37.7990315982062	33.8915258250232	38.6376784805613	46.1285797340343	34.4836700820417	44.6832663307191	32.7209849711473	42.9349527565129	42.9238784491659	58.2727780842357	45.907643398726	82.5345150567058	83.8346235756036	991.874082809682	1590.59665667633	137.782293111079	59.7116687591175	81.1924067873532	60.4183754192538	98.7731112824197	278.340437232906	212.357499542717	125.385694309869	133.225413327674	155.375359241062	151.222636516452	192.202241052646	112.059453704614	170.559960670214	211.12775869457	218.492008606056	515.760750080023	495.062257371988
673.238	10.9227419118782	8.85581035330825	10.4120779124006	10.5430413740796	12.3506349074905	5.98856480460047	19.3718807988885	14.3641454618874	20.6772699329135	15.1098304547095	13.6289819466076	22.0271691655299	7.93909880576485	20.7486676736655	47.2149611535301	24.787271484677	28.397745079031	29.4839725423423	14.0845723383815	32.8518885244729	42.3478793384621	30.4425262282111	34.8213682805671	42.0803597065533	22.0084843123371	22.8386993061047	36.1382821886946	24.2740432676424	28.5503320117204	38.847037975306	51.0824259390468	74.9736442560565	206.95069950794	1620.59687491151	675.303481903649	54.8093507793973	48.7291403952317	59.3640547020415	57.4839699602933	112.986905968771	283.260111865585	147.902103298771	65.0210306449743	83.8609268396864	95.7185765213837	122.551855948424	136.115075029495	120.455832496048	59.1679713618218	251.0172656318	272.5617018816	301.277493849014	1079.09457622985
677.967	10.5027308174046	5.79849935280346	15.3292746946162	6.82738405270528	-0.327400724467152	-8.44548778392891	2.72288018600338	9.91062143881225	8.0628150601063	4.19880329271513	18.110531526438	11.7877679799336	32.7163604533021	6.02228179650888	14.4751738867125	5.81471901998986	23.8987204572475	26.6540608100418	3.3383255275551	11.0309530097417	19.5880883352886	36.7989887051952	21.6170884508046	13.4694087269395	8.26674901735147	34.3267446647614	30.9969191880257	2.51712740389558	34.1522035410429	21.3447181355203	47.2277662866731	62.1128510700326	708.579382402815	1436.62972754434	136.885580161611	45.2093188490579	33.4296478059451	42.7139239150023	42.7172593343608	161.577605029084	216.726070216431	67.3988690960881	63.533024759966	67.1282909990983	76.959623583615	93.6523165514125	120.454839035436	77.7816557710911	111.257014135172	152.826560984916	70.8544407093468	227.615536284841	-313.56051849114
682.696	1.51711090306611	13.9812850224198	-6.93425911737336	3.06820907442473	3.31049373898478	3.65983147282351	22.4846688666505	15.0316024541637	8.83205854845261	11.940738706888	7.67937702023752	16.8270131491447	8.82158963814528	11.1041924619682	12.5455623927357	21.4429551096943	15.0116249439978	15.4006294054081	21.5189961231066	3.12308784939346	18.9260999998786	20.6717152212557	-3.29932009162966	14.4206637430371	28.1162195628476	24.7396017070185	22.2312073628588	22.5430140698979	15.9941415809349	34.8918536996449	42.7648534274378	147.377770753776	1338.74532878535	692.94502791206	49.4599125493073	26.295171742221	32.5185698224191	35.006583252159	67.6695236471841	208.589870709889	145.910683835811	52.0091966414625	68.2147288980114	57.9618596784112	39.355867839863	58.1089123790212	69.9686174635855	136.84835048897	48.2129549318759	75.8600369406513	89.555079150067	170.483074365913	-317.054928619098
687.428	-14.2585659929371	8.17484721253275	4.92894684628499	-22.013624927347	-4.33369025083357	-1.84269236229642	-7.16215735005688	3.02731087385228	6.84132671195738	4.54244153697829	2.97422887606125	1.05903129831374	1.48053045340388	-2.16420442635959	18.2478928184477	11.1446047119168	26.1772452093891	-3.48933552700015	10.1972910905952	-9.43468053585251	15.5125238808486	7.0774559388614	-3.322356222554	12.5044958613779	16.0692734303492	4.09008496419809	6.23884045811112	24.8972252900927	8.05290701266601	33.3243647810487	51.3172674752873	578.175546255752	1296.1170326984	120.691617488267	31.273061333155	28.1082294225248	21.5431692219515	30.2151447141821	101.971358655381	196.595024263502	83.7220608435312	45.1485596856894	36.6796654719627	43.7749157004922	64.8501608058049	67.1834683248414	35.2285721236012	74.4457511335982	-60.6869773078437	93.3651865807788	-54.1082161558767	-223.175422025798	-574.683539129964
692.16	11.2639701675798	6.39272712876716	9.91140271447403	21.3565151691269	19.1047061632057	13.8952092489373	8.59478229241341	10.5516432057158	8.0248719758163	9.94015464995298	17.045126690087	15.9716964072119	26.0499195077852	7.25317270100155	28.9317179255154	18.5584436455996	20.3882182543863	23.778313572258	19.2237044521586	24.3922945902304	32.0846944124285	5.02296892156627	18.3721455417194	30.822586331589	30.0049249643318	20.5614305047419	8.4866010466127	27.2411067620335	29.8102771979905	69.5598139544197	119.788895750008	1143.47949638152	680.811253779909	39.9510792956735	25.2318867341899	27.032071440875	35.5225744367526	48.7907619530991	150.628945740597	158.649883177492	39.5796822752498	67.7878174920718	59.0060225459839	63.3162677867671	72.4468554946744	94.7852970793496	108.883070914752	167.217739951866	42.7114719702118	210.500795484354	194.940204773301	69.0421005245958	856.004360352896
696.895	36.5987694070304	1.3791728833295	11.2260499028268	14.0737399910424	32.394856713207	13.3678128422462	12.1611829922387	23.2895409649057	15.9278986110914	27.8591566512691	18.6662204612373	35.7336892362303	7.11870949192912	16.7955866496292	15.2745403089494	33.1385010362305	34.7087406736556	20.0152359665104	24.0852920989244	24.1031658850443	16.1512907446997	19.3854729137847	10.0892240371036	36.7483055161256	42.2147054900744	36.5091476953823	36.4058646164127	38.5447906617278	68.1770400406035	62.698980390722	479.140185651718	1214.8997919078	165.9318428356	43.6055783996489	43.7717304328111	57.7301585387815	38.3806721589348	57.9270045891914	203.017821312343	125.687035376897	60.6145707311204	55.4516335634272	56.0313497762091	49.7531694813194	89.3500813316818	100.913408142843	143.962072493438	179.576869538591	112.623042887559	128.876537337179	214.5211634987	95.5775772202874	603.272238628793
701.63	11.9558487404422	-13.9079509805405	0	5.12501117228572	7.8266715345908	2.82149218727543	6.83935142188056	1.8541421571604	3.72455006252425	9.81923565882368	-3.64326187427954	-7.20696301759621	9.06782964487139	-3.31378476710603	-2.86572242375607	245.300559480144	6.02171687565212	1.58305123679952	20.8185064652766	8.71357277465883	0.904855377309967	11.8992897967661	8.05461092441921	23.4700549398487	6.63942743774319	17.079962610297	14.9847570830447	27.6572193066079	35.4967315377099	85.7821238438464	1013.97752457159	670.524458219569	21.8901958857945	22.3655980492233	16.9468345896916	20.7916597994871	29.0280779936383	75.7060373806867	152.436506509276	48.5860407167867	27.1668295178891	25.194239337958	18.3806640782237	36.8453832228966	32.1796534277115	71.8983369096111	38.6246032838977	90.5450770157348	18.5845272761703	43.3208576312344	-69.0411452081994	-219.052282396955	412.81298704343
706.367	-13.151115962819	21.5809098702098	-4.24304530179934	-3.19162217510014	9.98659166229717	4.12429496143389	-1.67064811178722	5.42055667638984	3.29800942034288	11.5929642184018	-2.45792797579404	16.0451949072113	-3.05880731786148	-0.372607687190606	7.61260774400492	11.5124948524734	9.9024742179395	6.40803662703664	17.1176034829836	-9.7461250453855	6.86768643188698	12.0417904172764	10.7250912826616	8.33372698779935	22.1329731509237	22.2778060219519	11.7522611164633	25.7190977519889	31.7624554901403	361.45643324004	1229.63930597295	178.918600904388	29.6616120403562	16.1119392985267	17.14978236943	26.5112208922739	40.9479529673767	129.579436149623	91.3590595279166	49.702319144921	47.5385395093639	46.017088395847	59.9358555741898	83.2999118330866	66.9909038281624	67.1624857154777	93.0004708455064	88.3569259857688	8.35870548340049	204.585028765688	111.788722179616	-319.212799834875	-21.987192231899
711.106	6.37921866831867	2.37053061337353	3.4302936567367	20.5615243108262	6.26405329912362	16.67144920503	11.0945175235739	6.32055829251182	6.90375703280288	3.90514249324409	1.24194625327629	8.47586051729032	6.56862848815204	7.90741896240895	11.7227035000909	10.1798445602246	1.15466305900277	12.1419908732797	18.1855255472015	14.539116714091	13.8804676406403	4.78067656481145	22.5438443247376	-2.52652830601709	16.3756757916731	10.0920970246012	18.0061656397567	41.6616972791378	55.0251100871244	898.817787956874	760.487269043715	23.2575406829248	24.2834997438436	19.3834989721527	31.4375291387785	34.8711825835947	61.6209770615141	134.293653011225	47.9278315687974	26.4638745886324	64.2472238136691	46.5031938142476	18.7972737116468	47.3010627973934	75.2206310286394	58.8223673551959	47.6724800348429	31.416954547422	25.3410101343483	44.3027528740024	-14.1212014791306	8.96068975931022	44.4389116058632
715.845	27.9631968898806	7.19389437070018	11.7112246299656	2.44699800680149	29.9225842684439	16.2157577596479	7.31929206319084	-0.213123539438169	7.94691694940561	12.6975109830026	1.88447896638672	16.7751229779296	19.9339418936632	22.4731888063149	19.2698520245151	13.9753903037355	10.122891889792	36.4381137926778	16.6012564115003	18.5028304773322	29.9543604166484	33.4123870393496	13.5951361341241	33.6509433042129	15.7571335375789	21.2030854084951	30.2284041070986	46.3968974971905	269.805677578824	1157.46704397357	237.986755195753	38.7052168809313	25.3321746082463	32.1568320470595	25.2780009304327	13.3355751470448	92.3636920676802	119.410730351674	55.1169483809578	59.5499061578069	40.9851624765969	58.4838726009316	50.0019203133423	44.6045138721233	72.2866022078756	38.9058856696932	101.959724817823	90.3236494014727	72.630465449451	203.163460011839	276.169441783658	353.511284897359	247.242619902414
720.586	10.242971551417	18.7510802841308	-4.34837945958137	-6.13285240396701	10.2345101140316	15.2810779185049	9.04978861778899	8.54634262914701	1.68994146902501	8.76913317821102	10.3906537396574	-1.12114902146584	12.1471276211431	3.43671949836876	5.57256552333893	7.74263047138465	4.29351341821442	5.7462273568598	5.8475167470794	24.2567508556109	3.75369474719477	2.20370168722515	17.5861489353917	8.54061285655805	10.9361702190283	2.75544807602347	39.2401699035958	29.8460806727595	637.068839965533	748.145156612684	25.0741354811683	23.2053464755261	19.6240030192486	33.0238406222178	32.6986566935324	37.9508596600254	105.823499765756	69.306078707338	21.4881777505476	50.3884848338362	28.1746641000243	42.6984378487221	30.3588753580537	49.5946517070472	19.0705449522855	74.5656201966725	58.0143076850451	35.2140437819947	64.2465858494877	56.9087671619155	205.260306344711	172.655797001947	1171.71741291441
725.329	43.109748005831	27.2537169188356	23.3280980799475	29.3836423953799	20.719204767606	33.5685306135091	26.4908879810134	11.8948515287943	19.5496793003692	14.0303039431023	35.6962819044038	34.802139396641	20.6248724536063	31.6950511673897	27.4512934366006	25.7510152342421	18.9643256415518	39.8843051333945	22.3100338583988	25.9975390147455	44.1700551547993	28.5521489911982	22.6963990668793	27.2317541157048	36.8994619864261	12.3518472627255	44.0457039513103	200.882716075098	879.419691749609	259.28720674966	46.1465572332893	32.7305403584469	38.5592562025832	64.4672783130845	55.4396845322827	96.0367940968548	142.206968776962	80.4553938941376	79.7530031448054	47.123596125204	74.2683114636445	69.0235017916292	78.6114733676269	67.4830789684637	98.4485461257217	90.5724066671409	121.64131419285	83.1703851283195	151.740973611604	215.258323014677	497.679519739122	312.739334771728	1436.93167158075
730.072	-9.88364386150312	-15.1808328150223	2.21446926642811	-7.91219663990138	-0.718904620084885	-3.31152737576208	-4.48416344108871	1.08808426613443	6.88499884612837	5.76231751409765	-0.962104851764409	-6.09023831938485	-6.38563514224763	-8.55650632346914	-10.9732213525385	10.5147629545294	-11.1314153507385	-3.34439044586694	-16.9512630533778	7.26651087490629	-10.5139005272292	7.18248950125351	-6.26918388470199	16.0928506800045	13.2015125474996	12.8296966301331	39.1757137139909	507.308253950885	625.189887978269	26.9494500707969	5.41729250255942	12.786284970495	10.189737383851	8.40891196330435	14.1543867843677	69.4014029980277	89.200560121604	27.6436594632953	32.3083072459872	39.6071905884209	1.79353964854547	20.771094391687	33.0786115882778	38.9202019367635	24.2798127919922	-3.50524799748829	25.3238974412264	27.326801689982	-26.1747331223614	39.6589440065637	-14.5857911000296	111.06597336038	-206.554312718488
734.817	-13.2715159855985	-4.43855006528979	-1.78412120150276	-2.51628269825792	-1.08599354425159	4.33547226023301	1.25442194414762	1.75326362633448	-1.4858049494784	4.64249967364631	3.87567280820801	-3.45001929655739	-10.0482130885345	5.48360975540881	-4.57279885040643	0.378186624514764	5.605122418909	2.10504653665517	5.07525344155731	-0.487864681220807	12.0322238086939	12.2062845871432	10.8232807624285	5.694286571785	14.5414082936599	18.1695274559498	139.879331808402	732.357505009417	222.989461563787	7.47341548425184	20.6535556614685	6.63352042646409	0.39468839146061	10.0815017418723	25.5744726268213	110.147645996715	48.1912606563943	20.8795679412128	36.7354415811329	16.85394817132	-0.602080327104578	24.1866563985427	47.7967190850865	25.0186108281536	47.9254406900967	32.9473308010864	42.505390018396	-8.60010070391882	98.8503564980446	-129.036268070057	34.2745281298619	251.66814905394	762.729260510025
739.563	4.47515920231992	6.9845086443456	-11.7313210654798	5.09094771914537	8.42253908259622	1.34946697547335	5.32969238060319	3.99060691747535	3.75760408591949	0.880566915026295	6.8611097233492	20.9402558953049	-0.406591258923149	5.54722460165332	1.54194915471305	13.7726615641073	8.10020988892836	-0.851786794218225	-15.8691321330532	-0.987048707934196	7.78995745080952	7.31726729376287	-11.8612440211398	-0.886206993871095	7.98548384376355	15.1126997052822	447.082003804712	566.700653846368	41.8180740122614	16.3139299548251	14.1915774143794	16.1840874384227	14.7728839855344	4.89525902639267	40.715267728939	90.3933439107863	38.8109367450439	7.04059662166535	44.5939272225836	5.68315641831361	7.30878005910251	13.88681390541	8.05853406221396	19.403451209059	3.95766687882854	23.8068212273498	-4.29984910907172	15.659765408717	62.2204241746823	-59.0507359583048	123.829084784691	141.437626567017	-210.430257722881
744.31	-21.4843283200766	2.52114317005993	3.64823865812649	9.43321543729744	9.62294997197222	0.340974538822177	-1.79556267728379	-8.2906360622192	7.59557569653487	-17.5030124628504	-3.63234788658813	2.35157674235387	-7.39690811665175	14.8173015680077	-8.96102273256106	6.95997310127304	-2.45605002399236	3.44358315823479	8.01941819832677	2.49401048043309	15.7465262804372	6.00885840883673	7.37728491614238	14.3309452530561	36.106570611002	131.276542485613	676.776010831669	226.421465452635	12.5983033859204	8.445273377424	5.97639247196087	27.5279031275034	10.4919591805522	19.3781346773679	66.4411959446725	62.8665408393197	28.2235712107506	19.314554927459	20.9257350801188	13.2110436200955	19.6985067856621	54.1362315367022	18.5107088770929	24.7268518010562	3.99999010971577	45.7166809386897	57.9444217553685	-17.5858118974149	42.6725128888097	3.14116966592531	150.183973416337	238.250264078651	94.5247092342568
749.058	30.8423807763117	29.0347647217003	15.6634751302189	19.9255746272982	18.3209044983005	16.534045897344	16.0660890516557	22.4097634609635	16.3694981927802	17.3821996860398	19.0145283599382	28.5073175283936	28.6445998956608	42.4788397167146	21.2539401694215	28.9056491241435	28.1197089513757	-3.04392942560119	12.8668919909368	4.03119872179495	6.95951171984988	-11.2066500586066	-4.6579253571945	4.52418972871128	22.7435961935927	387.845636119072	535.5112157576	38.1910238282716	1.64220099496808	3.6563930770389	4.82997683508732	-0.40303242846862	26.905627837725	33.7376696704803	72.7496612723938	18.275981356091	10.1483444490538	2.05388938572909	-5.96245002278734	22.6302758794798	14.3029992190338	2.0255371252309	9.72394167099356	-3.44545649212824	-31.3167417413376	-23.0919521001711	-43.9024591518858	-15.9889845839901	11.3443749563331	-130.104165786432	35.4010649124778	-28.8822210518856	334.217622358268
753.808	11.6430913747685	-3.11514940947108	4.69562471882636	22.0753299113363	6.09754464552854	-5.96857971012301	12.6777999083554	1.38432322010988	11.2100622243488	-1.52732310214935	0.340012495133476	15.7388370539004	16.9253569432624	9.8964347082788	16.4480238080655	4.77767307083467	9.6942434065015	13.7398631818348	-9.22885170466966	6.67685197855205	16.2138028713375	7.1390430929296	24.6876665992067	20.7509268075336	145.21300925937	641.005089300347	240.397569172825	32.6480412606604	172.404148141165	22.3608497641615	4.92299305618935	25.4692324000607	16.6204723366571	55.1896437213338	63.1163544832428	18.6279421999454	27.0908585990622	18.3176298524622	39.2260511878915	53.2294435443574	31.0584325661757	13.7636342685622	30.4960196956982	7.90157130601375	9.26705118546114	65.6548921061999	41.7647416688763	79.6737440613754	99.4404770407363	171.422328747936	237.115690613971	186.443440777604	437.983742328269
758.558	-2.37095646731252	20.0879910418642	15.2991970078328	14.3850857574859	-4.26828067267786	1.78738191663918	5.9163058210753	7.28237813335214	0	7.46444352996683	2.42336145465433	6.98525447184958	10.7706802296199	23.5115265407442	4.90158336991286	4.05378266153187	6.43728328573904	4.06151912255669	4.45104366314007	27.7159356409132	15.4768097315774	15.9914543581728	16.9188181707593	32.8661099181659	461.81865987978	521.954591711464	72.6188972861066	8.52349679488967	210.050003353956	8.85399183647207	10.8604195714448	29.2784098124199	31.3069218258898	66.1349375158234	62.0169257798595	17.5441322730838	14.5439829404367	20.7821808670812	18.0007872445979	57.8103938713669	41.9490460853396	40.6402527618742	64.4297637778156	46.4835808501279	35.6453799248898	23.9645954448204	10.6310237094815	-27.6553454255862	49.4469281738902	184.418644941881	299.159360369371	-19.9824521851832	1238.74172940078
763.31	5.44145641156907	4.85293500999685	-17.0685158425705	13.2974856815924	5.93691184509039	-10.2097343744076	-0.548614126731932	1.9169490731963	-2.70753389856513	8.24837884256976	0.706251214983103	8.38247685149806	22.4120899191504	7.28032519177741	3.74978798961039	0	-5.25293062346652	9.20629834980989	4.03569548185243	10.6682387573016	21.0488918445545	13.8401599990349	-23.6674938267641	80.9367990246519	757.246677691198	246.336445269765	4.79294527299458	6.52060844402777	8.69190209208884	-7.74107694081173	18.7471385353766	23.4650341877278	28.9129568621512	83.331726036262	33.4628606098486	5.80390735619078	36.8321365017878	48.3755121877924	25.8204074272911	20.2701840302717	28.9647954470009	30.7330681406565	23.7541097060792	28.2661710746952	51.3303971880857	27.0174808403509	46.47371152732	-9.40300980762315	57.6421697768952	251.934195717564	267.674377355913	61.1475546182912	-657.042054771453
768.062	6.71288968932062	7.61963524243988	-0.492234325455669	-11.1077719660703	13.9823949732243	6.25676024696264	5.81434055887152	2.17674360899646	1.09314575930405	13.4489606313107	0.356429295802748	18.1909342014162	1.3306922119426	18.1549613114327	10.9340670442563	2.92153933264864	17.23174290035	13.00939981531	15.2754437955772	-1.61520691804187	16.4655074349593	24.4468743155364	17.4190016284428	293.421674492061	732.694163470109	62.3830619032549	6.15718213968696	28.9590945461237	14.9144735172015	19.5337476540442	15.9121262735042	17.6557649638485	36.5882107418735	63.1947642260298	28.6864015942105	45.4010978016865	23.2354511357496	19.7506890054494	24.3245070459665	45.8796030506312	20.5979340560889	56.2699133324705	11.1889599446341	63.5036313301152	25.9053109359429	40.2560752760917	56.2901990281258	127.179135262187	72.7268057960536	139.012512586325	232.353614433961	-195.445477017883	-204.058169868577
772.815	16.4665979269402	11.4221729690078	-0.491920800908505	18.0386325654965	5.19015305840326	5.5171544609294	2.21357606215556	8.21801590118644	12.0169443815538	8.96026295202246	7.83644996499808	15.2199189524372	176.42605539283	-4.75184224435958	-0.42027318005651	4.58806618685404	7.06493016839563	2.78595291142025	35.1111427268979	0	14.331791497379	15.9551367071919	59.684251682306	552.17027319764	356.491226199838	17.3670698125978	2.19759299067465	9.64688309748068	13.5898291146839	2.16903397738168	-3.86805190802114	11.1892073429956	55.2826557816322	46.6987595003959	12.4845082388839	23.4178993296504	21.1565935970789	38.9279371330222	7.5242185429448	42.7523817431742	33.2013135061756	26.6751370407983	7.98702373567184	10.1173190643632	62.5646260136182	53.207994022449	125.009656567672	87.2614023933795	-7.26804830638208	196.5265913199	48.6011760148556	-185.040937564852	790.221762288534
777.57	-10.5792024106949	-36.0750284675168	-10.5409164231007	-17.4624275576376	-3.25904748433996	-20.2666296660259	-7.0584340193854	-0.986533732354257	0.557359308032822	-6.20412033110425	0.363463305749312	-19.8441069381709	-33.0191888515326	-19.8356177659986	-13.294048475516	4.68159200094662	2.25279556902263	-19.8992037903522	-17.6538193670468	-20.8630446551647	-2.16650949403735	8.64894948918751	261.873828030983	523.005268408104	87.9004272438963	0	2.69086800777822	-7.15893147830666	7.15708495927316	6.63974648887157	24.5584921965244	22.8345893282851	40.8636252538818	-11.3454033857288	6.60540726643042	3.4847259172409	3.15919930631435	3.35674368020148	-1.18116870726508	27.8181207649207	0.677562168465628	16.919855870809	-9.77980305674652	15.954587148757	-2.20137861377617	-76.8041895781989	-39.8618519487285	-9.67828148445361	-14.8324088746344	31.1171437009957	-176.326722492698	-20.9792133153663	-1170.47918186503
782.325	20.8523812765766	-3.94483713714147	18.8581250576048	-3.35458380201451	5.79117180301069	-3.81088184671582	1.43342860629037	3.50604669676111	-4.24457521627094	6.63123348162986	2.2143666641937	21.9018824434598	-7.80782684986887	7.60886450748606	6.96711949124186	7.34661888419983	4.57498306832994	-4.32978798491587	-3.16336076748023	27.8741612151812	13.1992592522238	55.2759135949178	529.237428844531	286.30202565386	10.9193977259156	13.3801672227458	18.2154057000343	-7.26918828120666	4.99627790983205	12.135612908717	19.5931408640726	39.684195510598	38.3359035211699	24.8834965033465	13.4142781612685	9.60421555076444	39.5635457547767	17.6102830152177	26.9856052397544	7.70360612724177	28.8958950883131	15.6864919209407	12.4130308391753	46.695006633232	-4.47056538262768	45.7165602824885	-1.61903104076885	43.2402939563912	158.138895106472	101.810583412384	128.686712098312	340.837125301426	-422.579937764539
787.081	24.6562336812063	31.2482874754901	7.85035813717287	5.41295870929836	7.64561353778142	3.13052296847833	-3.23817392651937	19.5436049909769	12.7848923289356	1.70229863770531	4.92655187622163	16.6423475300493	7.07414463252218	10.5706133785559	8.04835649836031	21.3000807712209	15.0328350779481	6.42197923997867	21.6550349291516	41.7884330696758	34.448441290938	237.646591167737	497.40412705837	77.6080484617147	17.0624077673548	2.36883587226579	20.1070675155033	-2.33258437939967	20.5214480306039	9.69211747247651	57.1561307246645	61.8105724744532	42.1434022587853	37.3805907161484	42.3067000227424	29.5858858118977	32.9394361743479	31.4992218401609	40.6410582734973	40.8701222597239	48.0393583122412	48.322401377723	61.181552795645	48.9266847591409	64.267574558384	59.3696527326827	132.998451898322	111.001812407682	113.410235078124	385.727079817553	166.611621221724	612.472178790159	461.040669292765
791.838	34.3553561969006	24.8585826096474	38.1677462481347	40.8033261452616	11.0328732813422	16.4191867751302	20.2923349551501	19.7814104511147	20.6100095175184	24.1490216698319	21.9585241122492	24.2650990151432	-8.95182785301142	18.3657128289626	31.7152759053801	20.3926323621671	34.7294639153253	21.7146916497271	34.6142014168661	18.8722035386722	75.5996847498641	484.367746298402	303.437232277552	56.4804236822092	34.5784933540373	35.4978193903731	29.4304074886939	20.5066859448592	29.8202132508911	48.4132367261572	48.421040585714	81.4187527189024	33.3116498512663	39.2349050979779	29.4874620864914	42.0020207534241	31.8103428167205	76.3401143492485	59.0565062782228	55.3183195442568	57.1674405857231	45.2100946029223	81.495696743417	75.2734731997068	113.504877127847	118.623285789073	112.938224719486	219.77046322479	216.298897336024	295.315096969611	286.980733977447	721.136901726882	2682.26050887465
796.596	-11.8857020385246	-10.6002024418523	3.72825358139974	-0.500784896158101	-15.9937665927029	0.796463900000125	-0.898747993818009	11.5147086377716	5.02692623665251	-4.15772907140265	1.54265528761529	3.66194690046251	-3.35961807100926	-4.67715266282365	2.73020427995402	-0.9031901683406	1.91231793773759	10.5573284362349	9.91700643833648	5.24306122291015	208.619816357932	469.118483162004	71.0828209815306	7.32262921527015	10.4183935813526	-13.9820920688815	-2.85522753934958	17.5662182995746	-2.84784120097749	12.6815498025717	45.6024395559449	24.6952859842425	12.2537987095023	22.6321659869055	15.5196379839856	2.11289981570066	21.7890708245288	29.6814601909887	11.9064931511319	28.1755712907948	-2.87579198597976	11.7086927788117	0	9.95829477687141	29.1979986774725	8.43056141097031	15.2267879973367	172.526518791805	60.3304553239979	73.3728756207717	-239.717832378972	-77.9122186728274	-469.189657090518
801.355	-7.41028436130111	7.62556629872934	10.1150788461955	1.29691545164481	2.98523279895167	11.0008252672896	9.05156993974949	0.225912085451908	3.31845651785713	8.97295278841729	32.9597025168969	1.97574662076622	14.5010383411585	7.26763718872536	11.7843147959122	10.1358865673019	6.19056879744237	26.473036640006	30.9143866650595	24.1391984323572	333.393704437312	258.173534551337	18.5947311193102	15.8032438158694	20.98537494606	9.98905925179024	24.6478993419641	36.4758772883201	9.83365455764431	39.7350561449532	69.4939970835802	24.1339622204159	39.0578033916066	27.4354056003465	14.2617566078685	15.5037593573266	30.8669177987792	18.960778727454	24.3434410258636	39.3796217926871	26.68732971493	20.2151791449781	36.5790531496304	-22.3510285652401	4.03285172881505	15.7684057310737	61.3414828021481	230.493728629717	144.919867694371	145.680882660209	85.8034192063057	307.465716832507	238.25317475485
806.114	6.27024061340863	3.55859760607369	-0.459776311190703	-4.32305150548269	-4.10469509855855	-2.7502063168224	-4.65509311187116	-4.51824170903815	4.85005183379119	5.98196852561152	-1.33170515219786	0.395149324153244	-16.9869306282142	-4.03757621595853	-13.7483672618975	-14.8139880599028	-2.88893210547311	8.24569993705106	-3.80484758954579	124.719191900512	339.843285029105	75.9608052921805	8.3676290036896	-6.77281877822972	8.13718620357427	4.16210802157927	1.64319328946427	-4.91809581415552	-13.9310106233294	30.4094817435867	42.178437536277	-5.22902514775678	30.1070567810301	-3.32550370913291	2.16087221331341	2.73595753364588	-3.8583647248474	-2.5622673956019	21.0976488890818	-6.9493450222389	-12.4127114953163	-4.04303582899562	2.2395338663039	-15.4737890067047	17.139619847464	24.2590857401134	138.748592052478	42.5526883624093	49.8162045199399	-66.5064899100955	-151.417798599363	-307.465716832507	-285.903809705819
810.875	-11.4004374789248	22.3683278096061	21.609486625963	-2.59383090328961	19.4040131931859	9.96949789848122	5.68955824784253	9.0364834180763	11.2316989835164	4.48647639420864	10.3207149295334	12.2496290487506	11.1865152917508	0.807515243191707	7.85620986394143	6.62731044785126	13.6192513543732	28.6429576760721	36.6216580493782	301.237080437124	229.704293384636	30.2911186747959	0	9.93346754140359	9.8502780359057	24.1402265251598	14.3779412828124	35.6561946526275	38.1054114108717	57.5752854345241	34.5461488392364	26.5473584424575	27.2590919503921	20.7843981820807	27.6591643304117	24.6236178028129	31.3492133893851	28.6973948307412	24.3434410258636	9.84490544817177	22.9635162663351	10.107589572489	32.8464967057906	41.2634373512125	65.5338405932446	18.194314305085	163.577287472395	161.345610040802	63.4024421162871	31.6697571000455	232.173957852356	86.4747328591425	166.777222328395
815.635	-3.42013124367744	3.05022651949174	25.2876971154887	15.1306802691894	14.9261639947584	8.59439474007002	10.0860350757209	4.29232962358624	20.9318026510988	11.6648386249425	13.649977810028	11.4593304004441	7.45767686116723	14.5352743774507	16.8908512074741	9.35620298520178	16.5081834598463	26.0390524327928	120.328305019386	327.387878738845	97.2398304608825	14.9125507322072	18.5947311193102	20.3184563346892	16.2743724071485	21.2267509100543	13.9671429604463	6.96730240338699	37.6956758043032	45.0060329805083	9.64078572257761	1.60893081469439	6.91648601726367	25.77265374578	14.2617566078685	28.2715611810074	19.291823624237	29.722301788982	47.6049513394666	4.6328966814926	21.7222451168035	64.0147339590973	38.8185870159343	15.4737890067047	58.4763500678182	40.0274914711871	129.985523080742	81.5593193612845	47.5518315872153	104.51019843015	302.835597198726	163.341162067269	1381.86841357813
820.397	9.12034998313983	23.8934410693519	13.3335130245304	10.8076287637067	2.23892459921375	-0.343775789602801	0.258616283992842	2.48503293997098	6.38164714972525	0	-14.6487566741764	-13.0399276970571	7.04336147999127	12.5164862694715	12.1771252891092	4.67810149260089	21.0479339113041	21.2652261534475	239.705398141385	215.744085989193	26.294443951157	-6.99025815572213	10.6919703936034	14.4486800602234	4.28272958082857	23.7240157230018	9.85915973678565	2.45904790707776	20.8965159349942	29.5985622304243	15.6662767991886	8.44688677714557	9.35759872923909	32.0079732004042	44.0817931515936	25.5356036473615	8.68132063090665	7.68680218680569	9.73737641034543	20.8480350667167	34.7555921868856	8.75991096282383	35.8325418608624	23.210683510057	-34.2792396949279	90.9715715254252	143.130126538346	35.4605736353411	120.011765434401	101.343222720145	65.6143793930573	163.341162067269	-166.777222328395
825.159	-13.1105031007635	3.05022651949174	6.89664466786055	16.4275957208342	-9.32885249672397	1.3751031584112	-0.775848851978527	12.199252614403	3.57372240384614	5.68287009933095	8.32315720123659	16.201122290283	13.6724075788066	-6.86387956712951	13.7483672618975	7.40699402995141	25.1749797762657	80.7210625416578	290.119628702867	100.579993468155	7.93794534374551	10.7183958387739	16.2703897293964	4.51521251881981	3.85445662274571	-14.9835888776854	21.3615127630356	28.2790509313943	11.0628613773498	37.3022976054663	8.43568750725541	25.7428930351103	0	11.6392629819652	12.5330588372178	36.0234408596707	13.02198094636	17.4234182900929	24.8844063819939	32.4302767704482	43.4444902336069	18.1936612304803	12.6906919090554	40.4037824063956	63.517414728837	146.767468727686	121.222454109007	83.3323480430516	126.804884232574	63.3395142000909	-10.0945199066242	259.424198577427	-190.60253980388
