Wavelength	500	495	490	485	480	475	470	465	460	455	450	445	440	435	430	425	420	415	410	405	400	395	390	385	380	375	370	365	360	355	350	345	340	335	330	325	320	315	310	305	300	295	290	285	280	275	270	265	260	255	250	245	240
248.336	-35.9449284327374	-21.3544546793971	-29.0025143912631	-9.94478585863715	-11.5751384160188	-8.93765402378139	-9.05340799017675	-10.8663150538809	-0.768174988204654	-12.595924443154	-12.6772430346278	-19.3966964661767	-20.3245247133499	-16.1782774881332	-29.8901429018684	-29.2784796914443	-31.8301051066829	-25.219838494777	-18.0895583762705	-21.1387228663585	-15.3801419744258	-29.8310251939078	-46.9958992622949	-23.4968259843256	-25.7070240501483	-17.4785553464976	-23.8329905369082	-5.32638277274501	-13.0983042910737	-23.0839097926337	-12.0451400292932	-0.803791815300754	-13.4178270877391	-0.830824217204669	3.45342280411117	1.36763168747322	13.9800299002409	12.8023088258401	5.40713291912147	38.7705923824649	21.7133445129156	40.4234963817029	237.99324695404	461.360586269154	651.011290702454	688.771265813609	598.697441448061	602.90463790387	747.9379019981	1812.52737106125	37779.0411909133	124866.055076003	43093.9376639713
252.814	-4.78348856395298	1.2179201533594	-8.82195240428715	30.5540818503273	4.91933966826968	8.23435929691001	14.2512023223652	17.3528437169596	3.68018609385853	7.9022918195806	1.19870440297368	3.31878681372423	21.8588153340293	-8.71955698144506	-14.6024497062379	-3.74047599272841	5.94125536930132	16.1445382227737	24.5167246593751	-2.41123240857622	0.594221384418387	4.46609357283069	2.22919575796926	9.74154830111918	13.3420796085407	28.4106209284937	25.0998051050502	13.740314660141	10.2951817513057	16.0065626539168	-2.40441943106751	25.0303287557103	11.6877017053591	29.3549124345469	12.9255609633369	27.8463131173673	71.5947890393355	54.5868361687043	60.2281634536357	56.8317608970257	128.544768979776	264.67083901754	592.430086072023	802.620842764112	872.657702323425	849.634575427813	900.700493506614	892.007743075817	1916.48722724131	34137.055884318	136562.650559662	58948.5892515813	4157.77805270532
257.296	5.40892305534664	-25.9078511557258	-15.8203774921155	-4.61141122029536	-16.8140307932309	-26.0707729734224	-3.37178966889372	-8.04796451129044	-11.5304497364235	5.68623077813078	-18.9760667620466	-0.469089197991595	-8.35597212326869	-3.83429937181667	-7.92295269811296	-28.2189490965311	-38.2090018753034	-5.15273787638646	-14.1028900215468	5.367792346444	-14.1102151216591	-34.2455098995007	-11.5792819197008	-8.56741061753181	-21.8319612428846	7.39726616164534	0	-1.94210521670865	-11.6412624780279	1.91963317505045	14.273668158319	-0.952505127551344	0.4818279551308	19.6907784308596	13.3001597107399	0.540221224004594	3.99882027130614	38.230729293126	56.3862821795621	62.4011752218502	224.22408515306	484.612997512092	701.969424598849	868.438319700992	776.23478745989	813.330126036151	861.74075099482	1588.60251520207	25700.5193259386	118738.555198806	62364.3557665902	3105.74323542078	3801.65073601633
261.781	-1.37215943152165	-9.17081557254697	16.0535322569109	2.0797210942178	-10.7758924080774	-3.72023356022578	-2.17730662231248	12.2498585715352	-0.307904767414212	-10.097556534874	-8.82554240641529	-11.9000614477746	-1.49631516938421	8.26796664254233	-5.67509519352605	-1.40827029539798	-8.45033204887688	1.04573539729001	-1.14485864823087	13.314646518037	1.1931805131304	-6.72584657921846	4.47616495822556	0	-4.63682353913567	-5.50460847506847	1.4823450494866	9.85363615953082	2.95320675494827	19.9662210590606	9.17321779889278	11.5985134723663	13.6900107135372	23.9771684483026	39.9694338093452	53.1737316903808	55.6491891884519	40.6415003049454	57.8674783546591	184.395795201807	408.059516560673	696.720486909352	849.574435703483	863.674282024078	848.265000575649	870.519536078351	1436.33040762724	19335.6477102399	106273.967644205	66588.1493201332	3858.22795160499	3475.93512072613	21332.3837479176
266.271	11.8626410413862	12.4366835703189	5.06725785757142	-1.0576281203685	10.0466800981055	17.6577301446874	3.79630142328704	3.59931454513192	7.20281296402514	9.16972178211893	8.56832454829471	-3.8730853766949	8.11670374827143	19.7864405245797	16.8351828336911	-0.954888466941442	2.52785841620544	13.2950418894345	28.5282966430173	19.697668617927	13.3492456614309	1.71019193276519	17.6415068679255	-6.07902509084866	24.104258656959	-1.01793871758486	9.54859650585298	7.5165002070525	18.0220002652052	9.90603600916791	18.1688615862895	21.1357388092799	35.3070956097958	50.8059463442841	63.882297894176	42.3737486439499	56.600038846603	67.014296400784	173.262162586138	411.894518611657	677.556524257237	847.054068384699	914.27546718131	905.751087715994	919.45446062543	1450.44389309091	14728.3784129082	94027.3744042159	68888.7557488482	5050.81144338299	2234.41436765696	14636.2524256705	29983.2719943269
270.764	4.18928752181004	-17.4216414100259	11.8305855452537	-5.29126416162274	-13.7081105410934	-5.46871621589883	-8.23017822149194	-12.1894911316617	-3.13350759491981	1.46802209369008	6.12384687347754	-5.32863801541543	-31.4708049933936	-11.8788766997583	-23.5831776809667	-23.8863123349712	-1.51761093175139	-19.1561686652867	-6.99064837378443	4.31141013868786	-9.10713456486051	-11.408013975251	-3.98591905029335	4.42372058503967	7.86472708114897	-14.2595598053721	-2.01141823162458	-11.5321079966322	-4.00725452600738	-1.48678308498808	-0.491340363110176	17.7054891163219	12.9369959738238	20.3343824099663	31.1676186250278	30.1254472821843	64.3025867952565	130.974400945217	336.141862327652	601.211346380118	794.112820041671	846.729930756381	873.730976000335	881.053066680245	1246.80634090496	10688.873662516	81419.3631336845	70410.2847129318	5866.15882990928	1468.35852552434	8230.72221215658	26766.4393606618	8554.96760661065
275.26	8.8849778259983	18.8806443275737	13.2349487952906	2.58972426710686	13.4184291088448	7.82383556603526	2.4788483416933	1.89825703239601	7.3614958499343	14.3699967514465	-1.19888740171517	8.53532607150974	-0.496867099621269	1.45348135699106	11.7779669123883	-1.87052351396035	11.8843247675705	10.9382922931627	-1.71073028896449	26.5276056806485	-10.697617808986	-2.23338769177166	6.13122420738582	28.1465469499507	4.10588198793994	0.498508038617324	-1.4766845256527	9.81600879176587	12.2580398245658	22.3155845062544	16.3525481919692	34.1812432422428	19.4824766567404	26.3736927951944	52.7443396514296	74.8142608034473	133.971990331405	330.02473309538	609.498429934426	783.982125629458	857.591385252012	854.662219825693	894.589817820773	1205.14421901169	7525.55827087458	67994.2160047583	70550.4834312882	7179.63440660092	1517.67692808728	4753.0720815514	21527.2083439445	13238.9103533746	-86.0361267890933
279.76	5.31592470038912	-6.51363832017541	-28.9521367297271	-23.164193884479	-10.4368033526012	-9.60844686106177	-4.21758499339845	-6.59132648274814	-9.54290599686164	-0.349279033185945	-8.15928821332303	-13.83071729126	-10.6276870898341	-20.7260587586807	-5.03847193725219	0.454651908283752	1.92574641766103	-14.1796038804775	-28.2752402495618	-22.8605050812963	-26.0017707056144	-28.228207963171	-5.96105371613646	-27.3653470525997	-15.4687067762717	-26.6569644590586	1.43569954081918	-0.477178404398399	-7.62740556883935	-13.678052631228	25.7184652060751	41.1896418661129	15.6269402170615	24.6740867467063	70.3849102128034	81.2327377933079	236.36542975885	494.418350065492	775.205523191488	788.506459658674	766.594717812451	779.154588258448	1017.47232637051	6065.60180592272	55804.7134784885	68889.2311456516	8516.86229559727	1272.16129917121	2462.77652592481	16399.543630913	16279.3309995634	1436.39746738776	-808.599431540864
284.264	15.1779080531694	1.12712684299807	-14.7977846042387	6.23038026547732	-1.655495835447	-1.90512641014226	2.00699222443661	-1.2546270930217	-0.56763936483228	12.2994610801329	-1.47912478026291	-9.21413532804749	1.37926963500948	-4.03476644414217	5.23117497996096	-2.16351975402752	4.58195637139731	-18.7967392367213	11.0807017284956	18.4097120903722	4.39938773466571	19.1158463477232	-1.5472605306929	-30.0511232263943	-8.54823908930762	-2.30637461874314	12.2975306371078	4.08728698492674	2.26849958169872	13.4666436962571	24.0318918207869	11.1367172804207	38.3081146761372	48.3472807392886	66.0301758591053	215.764194861585	446.704144512229	717.462103781621	737.783096165643	760.704394443994	769.471196067259	872.226081755037	4103.30985320639	47096.5174416649	65492.9139108026	9944.9662721275	1236.57512535638	1533.09092342215	11224.5352566815	17813.9403927619	3146.93362469099	-160.201936843746	-53.0734441572782
288.772	-0.597876552303422	-27.1721384545402	-8.20084248775315	-12.2333615624347	-3.1301772728598	-15.8495638336084	-5.42111338939263	-7.82833573104099	-9.92784708885366	-5.65675942622798	-5.94298437815867	1.65922823185744	0	-26.7009851913604	-13.6001214486791	-22.9081349667214	-3.89856073712183	1.36694175528874	-10.4755807822706	-23.2058018112807	-22.8752460854328	-16.6066322953873	-10.726936726213	0.947000700465573	-21.1014772051258	5.23301449128044	-5.59768359903952	-12.4509206803474	9.00738735331029	8.48748375706287	11.3597509565679	38.3238757922736	28.1207328293255	33.0831756930602	166.012304165827	391.720409640042	592.546670461808	760.919947317028	707.124815806054	667.62009564676	726.800018981875	2654.5133681316	37222.4387266519	56718.9386061921	11138.8555380689	1109.31625433763	1069.58466794924	6921.66270950187	17128.5960607309	4946.22515186483	95.4570639526019	-40.3875343398064	-100.350170103962
293.283	31.5200944978543	24.5136612302539	-5.08645883659852	-1.73722207262305	19.5027381750382	16.9189738326604	2.07855625238314	14.3254855944901	0.771592344336463	3.61484558277267	3.01586207936731	15.109254406557	22.9147305840696	9.34389334004788	7.11073758532399	7.45021158775346	12.0412921350342	13.5395349885461	26.776890487648	10.6163810220198	18.9369483562675	8.89548339649252	14.0212777588621	21.3319944682226	14.2017623478204	22.9904081143954	14.4459577012506	30.454290642263	24.2574338825841	23.5933849621239	33.0698479735869	28.6615504709982	50.642797001955	158.558853011753	342.1090131868	600.313816810885	725.353420364203	708.802524645904	668.57917667551	710.275095945097	1769.09770392326	28618.5784057161	47183.9189153641	11752.7411751682	1046.65677518885	951.273648985044	4045.25175379733	15340.9375656119	7915.60365100661	777.97571285982	437.166946622742	503.273418150516	1226.42670244375
297.797	10.5414002446037	17.3043331603723	-1.79061707438179	18.0793862837806	9.07720484805677	-7.35394708369716	3.01837310493908	6.82417849222758	9.95970620345236	8.16556831067219	-6.81252553138126	12.3176907528344	10.8901963746706	14.9452613477275	19.5043824292638	15.5639111814541	8.44139593368749	10.9934823633408	23.1452566418081	14.1930287054181	11.5786391924974	16.3169256344435	24.8856453978451	16.2575541614076	5.41616060934631	5.66541734581702	15.1838453640106	22.7097056441451	31.0461197545358	35.0487188794663	23.8159583444868	52.7588087526346	109.520558207583	307.809309924195	497.422864763852	662.730138520652	665.650212977948	645.856292600286	653.03471684494	1374.10817117172	21273.4477106594	41221.6972158556	13596.8251641416	984.980512497285	842.756445099828	2130.74984881729	12187.3781470232	10401.0855639958	1168.08675658565	324.104747736007	388.772770384	290.457251641539	977.778746416592
302.315	15.7950535327799	24.7534308820371	25.0493227010229	18.1612738377177	13.1884043437081	6.56305762212414	10.1240419268315	15.1274290864911	12.7106652665967	14.6008104529025	13.6941697081878	7.93554967981229	17.818160338644	1.54439472850988	5.25615864855611	8.57119005185072	15.7845923123253	-2.90561706815284	6.36206986498225	14.4137418594523	31.7321489209101	14.6834522493513	4.44185749097598	10.3524497006816	15.9511203201952	24.630541713841	35.3036075679393	37.156830096466	35.9483494635775	64.1754069530895	42.5441261484609	95.1461665599276	250.741834811761	438.591599073301	623.07107034267	641.897893864856	634.600484017246	650.168556191177	1084.9901306848	16901.7825885494	37251.3708264103	16921.1354822725	995.651042838869	791.442828870197	1241.96190685663	8527.92526063671	12244.5238935137	2187.04768290218	463.011103219565	545.440021380493	579.733498881858	892.217353637266	959.884535409738
306.837	-6.5177569362196	15.0044724193657	2.62945772301637	13.9947890826568	5.68727623151684	-7.19934046965616	2.21618697410977	-0.646520277439971	-1.21878963637361	-10.8488622196086	8.57481629163488	-2.63784680713874	0.789721850908421	0.385027836879921	11.9807558514756	12.6353133345687	14.1667323506574	7.45086429014185	22.6586594825176	2.39562755429549	-2.3615029671982	11.5366945306518	0.885907598573318	8.17295859023931	16.3147485796455	6.73480469047414	33.6409954968458	25.7426230310571	30.0037586216956	45.8776659520189	74.9146078461547	208.511458868044	432.742844283165	614.53978829932	634.082156729363	602.795478855488	598.421976752026	875.536918597572	12500.9459353367	34558.1475235061	20619.4998602767	1084.54124396601	752.834749242591	846.498893977449	5241.87347549327	12367.9627301839	3874.18499557762	580.694872012333	481.145364025378	438.163612175355	356.510791102268	385.249454394353	-364.65611210544
311.362	5.42460055498503	4.35063244999183	0.43768916095412	7.39964347324967	-7.10011176476924	-8.17073057412516	6.64015935949365	4.51992304056226	-0.730349695739995	14.5419157037266	-4.7577669914845	13.1725672442181	1.57744781193011	-0.769082580303132	-4.11318055955067	5.56735875620024	3.53720758185901	-0.826827653724782	13.5780158979462	9.09188106523107	7.54726020902312	-1.77263323042632	-5.75112269508081	6.87379427144309	24.8485515753492	25.3225191314416	19.1433225652284	25.3205460813095	42.4191815977797	67.7669392636573	185.522914372447	369.114750406878	571.751240179994	611.393472893816	596.753345289533	578.628546834604	761.748858470134	9384.54816539913	32269.3237710978	22883.2955802877	1299.99283658882	676.421234434337	649.031440395716	3110.52599075608	10796.2648836066	5447.52445179035	652.517394904233	446.772333923123	362.01917463755	331.979938972608	283.885899242293	403.084657501846	546.292962660823
315.89	0.541912477968959	5.31207205763685	0.874494685419122	2.87473434220924	-3.19182510230188	-7.50948414131273	10.810077353815	7.09556646441021	7.05292040850211	-4.84241220070439	-4.75296434054471	3.00783323640228	5.12153031893494	-0.768306242331203	0	-4.07860850902815	-7.06727400974908	9.08592328514671	-9.04287319293472	4.30233319560189	-8.01086935860017	18.151149713436	-7.07115977512869	31.7592072933246	12.2082632492703	19.3679832574821	28.4908551284735	41.6394395879706	55.2059031029315	155.014254592086	355.035971233867	519.521812528525	608.634465136711	585.13001948551	558.020261113218	682.82854891339	6525.56309769522	30544.9917167404	25718.5274447688	1534.5290883131	649.340289922683	540.078822512956	1546.89118313433	8657.1059226563	7173.97265982485	905.276628901947	470.170439747225	380.636318417106	374.569945245289	394.958839656511	341.280555933966	539.954282786447	-68.217689508142
320.422	-42.3368333431448	-33.3745163213911	-18.8317314240468	-34.9633646893015	-12.0773071339161	-2.28915355453113	-10.8273809924365	-13.1370418941402	-23.3849709819921	-20.256564899043	-17.1380605954101	-23.7246019017511	-32.3567479137273	-10.3887368967155	-27.6868031803462	-27.4818315209168	-11.4043894595994	-28.1287164249983	-37.5879945170151	-25.3765173041542	-37.2865701859719	-26.6051768358081	-13.2796472745677	-12.4660983647217	-13.4505854530335	-1.58359065263346	-3.12728332084421	21.0479340976086	93.4551057895009	262.751728733817	467.136443670412	571.20352125372	559.710529060745	542.200554440512	582.731983966559	4721.09701040055	28746.605599329	28023.1217079481	2020.52961045152	526.824867244095	479.227136897366	813.978698550778	5970.3516244703	7893.69060711811	1431.33900104176	279.169999492344	208.373026238854	278.343027376601	174.647878858529	-39.257126936886	-43.330163079537	-348.323834406533	-2368.66535479024
324.958	-6.16089917382788	-4.99106858216698	-9.94196259349495	-30.5600766185417	-23.0918852710698	-14.8476325166285	-11.9342806945322	-4.44452540916147	-12.3165572582502	-7.94875045875181	-8.51469135479875	-19.8178349989572	-28.5020895922427	-34.9389060858366	-23.1643432613607	-14.5621398498529	-32.4632261324719	-19.634799987614	-29.9074017223722	-13.8338106975021	-12.6627006763106	-6.40575881695619	-7.30824192729626	-5.76638389025999	-15.9822710778927	9.80441820814882	22.5887873205065	81.244642640932	257.157629389283	464.335296699625	590.41414585289	537.729400436156	522.071922975532	561.115063426333	3223.49888393292	28036.4690892054	29647.3254046037	2774.36135985254	484.078981738926	464.659991489667	521.298872836284	3655.32865699408	8395.11376809452	2362.29241691073	274.02495446825	192.839520170228	194.947107717825	304.622584742467	142.392107639081	183.846268479131	-24.8396496648763	-359.42711780855	-470.032634439243
329.496	-9.68709110537718	1.01558570620247	-4.1379477259304	-1.72732866515555	8.57708520226705	-4.11982554617085	-10.0752549346559	2.03484322138612	-5.88185254481493	2.39617279165936	-7.3301234605598	-3.95347574499347	-3.31407013035918	3.63548357843801	10.9981545806997	4.67859975319026	11.559865150225	8.25116548696124	1.90174265783863	-7.03728078236211	-6.9370380294537	-2.32758526011472	3.71771391067983	16.6976352538164	13.2650727562161	24.1063593523108	103.008166622258	235.69962595501	447.22884666062	591.329131074383	574.22355756484	548.291700922206	542.121842626878	2390.9756872569	26187.6327587171	28530.7640736678	3845.39693528373	529.853045715318	460.101902881557	416.109393078308	1979.59765324575	7733.27438938177	3638.3800728329	388.697543189695	252.625457642428	250.694276975203	240.632830017762	281.588050468781	246.732005548399	247.280834159434	121.305292755273	192.464344984981	-669.497707732464
334.038	-9.17575475317375	-3.57735447578861	-0.92544334793156	-3.47682096503587	1.50123690245212	11.4022057094444	-4.93994814028102	12.0598433264736	-5.66221465422576	0.301443204105701	2.01195012628573	5.17249146670973	14.592076697112	7.7241487838086	-0.79062243819953	11.771539224875	9.14102231751128	24.0381885798011	5.74183032701623	13.1530824821693	17.4538579010699	23.8936843386939	26.6586520946315	16.3505775786206	27.9923043232401	88.6781951670047	197.4254717764	423.768954091518	561.594039057425	556.859138420773	552.079265702182	523.128153421014	1674.3989997797	22323.656967583	27147.9336600018	4901.56353760637	511.195830502897	423.101776754285	346.203312437412	1056.83527867515	5968.16382442955	5301.00461209736	658.405132798757	231.433242190569	194.483146546021	240.114093793201	264.192686711313	253.094549749424	189.083849413588	201.008191276548	376.424238203306	300.233629217402	866.305188848299
338.584	13.1593894316387	3.56901246426038	11.0794237454139	23.4138153622547	16.1006639037049	12.0650483058383	11.6725943006709	5.90235372258036	0.770319677686907	-1.8044416229946	10.3708354376704	6.35129817201592	12.8942724325724	27.5798583338871	12.6204606473548	7.04645354573321	15.337688073674	17.877590853281	6.20581106944799	21.7024487758375	28.8560893296732	28.9794890496963	26.5964869430913	38.5155063882987	63.5876973374362	159.832777765003	367.146236359868	541.931812794362	550.022841103303	527.538904896175	503.684675494632	1214.69616822621	17953.8402204233	26024.4968972518	6387.18961105345	483.664706021285	418.154754729877	357.92488847878	560.116281162757	4111.29195263641	6199.35935160351	1197.84931639836	246.887283137953	174.89325959836	167.754786396482	233.474118015848	244.54052833184	115.582981727239	320.46569342165	197.356295421108	96.4240902520872	531.430431987712	912.300893451861
343.133	11.4324500492372	-3.56573840108116	22.5997390526759	9.53021116853221	5.61135831145194	8.95438539076979	15.5491817993296	3.85569098233216	5.90036647549558	1.50232191959073	12.0325025796203	-10.3113916034534	-14.960257275291	-5.67299717808879	18.5192971458443	7.8222104701579	4.14151835630696	11.7622475322144	21.9388794916425	31.2631969994986	24.3560565497482	33.1557454473051	18.6470796036838	46.1762086429601	169.125470720159	341.469869440564	496.901216700989	535.277335834944	506.459005421664	494.595842602142	924.384949627246	14387.4276379824	25480.4919212756	7609.19745019286	488.276643476168	372.692198439623	356.916630082842	345.283319248129	2504.39704175944	6217.80614774174	2172.91303796923	255.819754151575	154.723592126042	171.2898085885	202.9384332866	155.506625731774	156.537922661025	165.220867953959	86.2874116262096	248.059184209423	65.9138553985889	-38.6140305363038	1415.16776876504
347.685	1.14795447901212	-10.2297916416557	-9.26238213559536	-8.6995180383514	-1.12689473896332	-15.5618169446114	-4.68397049135725	-4.55479304013352	-4.89429458859374	3.92212748765177	-17.4518776928488	-23.4953164483592	-3.7554711090756	-3.66194987748944	-3.16520602323104	1.57088664395126	1.24757366790789	-6.99893383001041	0	3.54425607251702	13.4759692777009	20.6318645905456	61.3207536043298	142.735862086905	296.54225730857	448.795637223549	510.936131153771	497.500920205527	475.60310227304	761.042625753457	11362.4861440422	25290.2068517059	9561.72055375099	463.037867363213	347.848295008603	336.621272425098	270.123827607602	1307.48738039415	5415.09284667972	3168.57189519238	332.022800580502	126.06460455437	129.842734035212	108.037323128068	167.277505838089	175.665620755421	180.686728359234	160.549816878497	100.323315378383	121.347171957803	91.6412959293678	222.945306926101	-794.795155515289
352.24	-17.4566805747025	2.07416128193307	-4.22552764743064	-17.6388768400236	-14.0899535029955	3.15526643295531	4.74853769226809	-8.54252219825177	-7.57321423018139	-12.2344396906332	13.6095745098599	-14.5337446998745	-15.2289568404193	-20.2121124369093	1.6044187439737	-2.78694652164916	2.10795186009848	4.43463258879653	-9.70996579855117	8.21282887850396	-9.61381118298076	27.5714454675481	123.857535556616	261.295693761479	443.07969198912	466.866019747716	485.71030713004	456.722618033894	628.267990834782	9205.5331987654	25655.2237224345	11394.669066322	502.175743064636	324.950980693713	297.611561215495	249.669517700593	622.916814367472	4134.25645216313	4206.50167955583	604.325510137104	100.60026847906	62.5269656107036	98.9146548836437	135.81296775248	117.16669799399	87.806844564896	116.161305643646	92.2323385811035	13.8690332379308	262.226646441554	0	9.82689324205764	219.75032199869
356.799	-0.588374009747193	11.0106991504957	15.1915289787332	-2.22943087233635	-9.24128039219734	1.77246064912342	-3.73446583068988	-4.20213467385634	-0.264055558650173	6.80393010946341	2.40821726834191	-0.816428378151435	4.2774084693634	-5.83924545059234	-8.51706772042649	-3.62314883304331	-12.3623704081228	11.65853718037	13.2545362918008	18.6847960619186	33.7675065480975	98.5368041204956	277.346593103942	422.6389809721	463.481547393291	461.769156916373	452.138379043035	573.779724168417	7032.70771394078	26200.3893005364	13336.7869300006	615.869646230727	300.637958247249	284.020106777375	261.75410309661	356.347332502247	2724.74780267321	4705.77481303962	1143.08180848176	144.410711117512	95.3238015292781	102.130713397593	107.710587158403	92.1416426735718	108.08010268477	101.290359061958	112.938291986247	93.2601888092625	116.863264218511	186.586289199557	41.7510606756554	288.155760382782	-913.485808320302
361.361	-29.0311151989234	-22.1747662626677	-7.17062359510765	-17.510670347702	3.87735052560833	-14.6354005566946	-9.93839691040855	0.940311206232741	-4.7861023101752	-15.8825963210817	-10.3928112437278	-19.7307453867562	-16.3673541771646	-14.6997821445564	-14.7023739646853	-27.1601789134261	-4.29257520666728	-22.5764096676968	-12.8525197855446	-2.61318420380845	57.7015179915743	207.158395768792	389.443264920415	438.25138616051	423.553297416207	427.820906450817	495.823652548618	5455.25880169957	26533.4799873272	14684.7607804765	800.085018718329	252.069957323308	264.731949090737	221.724066772384	245.198414197769	1528.57414775705	4506.29559440391	1913.81829813278	165.637866092507	66.0983904895871	50.892798822933	37.7786947743508	86.7685897727854	51.7445677513592	97.3216619190994	80.5892704872545	34.8756207826611	11.0481998954549	89.4346401314631	56.0361064975633	-173.422572720787	-220.123367125648	-372.91126113314
365.926	-20.7998265756826	5.29582701708602	11.0285275723504	4.05326226078488	5.44486517959188	16.1122911388802	-3.23310559905645	5.42329822869411	4.00059660931012	10.6207275768553	5.90724164576166	10.3078073735495	1.72813993203001	-4.63403777544542	12.6990340798006	-1.21984067045038	27.9869324748536	14.040112804228	28.2627111069432	65.0048462793338	218.074907716797	373.82946211039	467.69260122488	418.410152250903	382.004882629489	457.302208832012	4378.45384977245	24324.0346890686	16396.3200881358	1035.57272889442	254.266282523872	232.746399492879	236.741641581063	232.785552427173	783.703431508448	3694.21436477971	2799.30081033757	323.766251787158	116.582130284842	71.1220452480858	51.6943717364924	69.4724179576457	108.014820215415	106.489738788601	66.1288770602404	95.9919630721297	132.323626219092	35.0927905568848	94.4291736128908	145.477469322926	453.329693379839	170.614688845358	49.8733183765372
370.495	-7.66289963954444	-6.30337511299633	5.2316718816895	14.2945434716939	6.94368028340235	7.45799688187917	1.87065973956706	-9.35521468398147	0.264540164494967	-4.33771988846688	-0.344662418536587	-11.0420107440309	8.99904295274837	-2.50712651954647	-17.8780351631731	8.06621819524669	-4.69778075314416	26.9536925011452	35.4102975284106	150.272672115467	327.018288237008	434.839178675562	402.361816341387	419.679987394936	417.854669099267	3466.61502527262	22334.6841524678	17347.4195223957	1411.15271396444	230.53603701947	214.453852855507	217.569283992905	184.830500313549	411.576405656917	2678.53795611004	3456.50746535975	652.430281009914	112.15970623742	68.1521541970778	41.2505208281441	71.7842906198113	86.30918604246	84.7850631171013	93.1983481999818	81.2088418693566	98.9706649266657	128.231635890905	108.087240892466	138.151729171792	75.4273783220119	266.65148533859	288.684595929386	816.225813568031
375.067	9.9861913047405	2.61735773881292	-6.63555149045577	16.4711229982323	-3.8443098604184	0.707838324884788	-7.45685959020391	-3.02996975869231	1.84540135041538	4.01400579484519	6.86949958532342	-9.3737509806587	-20.0713259026484	9.16112599175288	9.71805890486366	-2.41152847977941	14.8959867817118	51.9309399143459	113.706748046913	276.191653501032	362.669376542556	405.027524759351	359.297123400669	414.047102615908	2839.47434389401	20506.5168161195	18262.334812778	1804.61136225012	217.033219347543	198.470220372934	210.821384428396	191.993024809808	237.358722735724	1761.24340550705	3727.96712292229	1178.0819657417	169.742304785575	51.1415529184433	71.2575525277676	62.5562662560411	70.25953162233	62.4279422574637	99.0871980463437	97.2999856240359	133.844213309315	103.623597100763	109.748929286025	69.3756700468236	205.346904482196	71.8993613135032	213.628338427926	734.105549909661	838.062633716431
379.641	16.976250264721	-3.0256165421149	1.82632697325144	4.71719386995958	11.8505339276219	10.5690347412564	2.05237858901802	4.49049783575954	3.55541568370034	2.67698973801508	8.60276398061989	17.6671966824396	1.64553737265521	18.0512899868708	11.7019730686562	16.6486550292983	38.5388402791559	98.3269561066481	220.015726583167	339.439053582526	362.159519632946	336.082621594547	365.4998579284	2270.35872553018	18715.0514991733	18836.3508884104	2112.29804117713	206.431597588502	171.31720823226	200.428048966092	193.929108131609	161.432899663626	955.740604928813	3364.43364562254	1928.33102103293	229.686279328323	70.2830949470587	70.0891539348212	62.7445989648155	61.9833193465662	63.3752001529596	66.1517380619404	86.573156681804	103.103881526101	132.932472998675	98.6197683457034	83.999167040058	103.763630808368	161.848075184266	198.340980241177	105.405641261757	334.475557370668	-47.4894467547657
384.219	9.54660998093653	10.0085779454962	9.96829695986659	22.9807683330971	4.41010500560244	-0.676680048581356	3.309714900423	-0.891259622183302	-8.31679568647993	-10.0360509744639	15.7610679717277	-1.55845715069594	-0.408251231456477	13.5348794125295	13.5483256983241	34.580634125414	60.216047821856	166.053952783248	296.117879771972	312.085211144722	341.333576546284	351.873656371318	1897.84841786443	17312.5075974454	19689.6009315462	2675.09440134109	209.904181298547	160.903355689274	172.832564590416	179.370166634979	139.893342022247	482.588090075492	2694.91175086131	2613.07066170802	435.498652797025	95.5720030715497	79.2373164060328	56.9547459669753	39.3823792721021	63.7894476574188	62.2819261919409	76.2576907146825	49.1985087121791	93.8625542528662	84.3098105589078	143.222455815177	135.099762034209	139.624901477444	187.384676359976	240.570502594333	209.205739414531	256.05888524306	-259.202713777203
388.801	5.42850730372223	7.7400279760324	20.148201515324	12.341621050347	5.68418016133913	-0.327064602444317	6.89105048882483	4.73856768906801	1.7053766031164	8.27488767008252	16.1880578750488	-6.4027119473133	-6.31433550286681	11.9293652336887	7.10970126106286	49.7708903084977	138.050446836135	242.848687949414	293.043438240482	293.544050019145	294.555131451076	1387.19751443254	16091.2771149189	19995.6510478223	3047.97420180249	200.350353571311	156.384566650556	155.151309558575	162.009984487928	133.319588435303	252.126146845958	1829.69574768084	2973.77759310076	775.068519423683	138.822486338416	50.7477877018935	41.2796460203509	57.980052561343	63.2784029542174	57.25907475252	70.8309843804203	71.1523020372923	72.4031523898271	80.9253808319252	144.78257710238	59.9947684499178	69.4667374561835	124.848917193958	114.290681982497	265.775222361166	211.863990818239	614.230045817394	387.236198554967
393.385	-19.7387231113095	-3.24022836580266	-0.838230543605882	-1.1809383851222	-2.71952384256959	-5.32031684631592	2.35495402186233	-5.56471855371933	4.19613833580882	9.82927852980823	5.77076255484154	3.96426574104714	-11.3288012492274	15.0971347030617	43.3249583534579	72.5029721917321	191.935765065658	232.771614093602	237.933228104369	268.971299029046	1120.63401189064	13711.2480813039	21116.2113772783	3594.6472763647	211.026114738216	125.028369647273	130.93536881365	140.627014097432	119.99395097449	136.418924530696	1076.86614964375	2854.31727765661	1291.5392382699	159.977130743123	56.592729679816	46.0690506989759	22.8219017057332	39.6283144895109	43.3199655197386	51.6288075249149	67.7763706806388	51.5228994293732	59.7716173864416	83.6928518504163	36.6990125183018	43.0556030767738	71.7886340294163	62.9611568601112	88.7275402625168	54.9086101319049	124.400827204724	377.206998136899	326.943959256546
397.972	-24.6378114461963	-22.4036187142303	-25.5590451033288	-9.52613171196752	-15.7948210542252	-4.5441266129417	-9.1182818560615	-4.18956876840977	-9.2519172089914	-7.66456881397042	-11.7600775151929	-12.9075075314537	-2.19323184068083	28.8712961169776	71.0521515637638	135.203763989911	182.877399760836	182.785465856419	206.823679669065	739.390775199902	11781.0991751142	21391.1826817445	4310.96233307971	194.725886396162	93.2623769796913	100.48836495923	103.567991377312	114.099850892804	88.7379062924975	546.766945343347	2379.1798698729	1815.16632992569	250.469241270674	51.2526305402275	38.4228975376824	22.4980511775029	36.1108741331698	42.8727033908088	36.6916079299962	31.6175560345849	20.2287653287307	43.3425498861097	23.0118200294103	40.128326422228	34.6361477180204	33.1281628535875	7.72118163885057	-31.2542208568226	7.98951776293903	78.3277172966798	49.0594616377613	169.829007036771	-654.055107253503
402.562	5.31765996022604	3.01556045091854	-3.51049545219525	-4.0298704862945	5.06192009892572	-5.53394190852495	-2.63000211479246	0.575430813189741	2.60346028808655	7.3690169953507	4.52263986034752	3.01859607422637	18.2750454559524	77.4482362204612	107.966795889375	166.043461850136	222.759003785702	190.105557420979	508.212937677324	8953.15570613546	19315.0602337284	4921.60500703782	225.115553762313	104.137120483359	94.3853749115879	105.075946701627	106.189405674838	114.907352484886	281.265687961904	1736.95056177766	2191.16307884428	480.135149128038	97.4957064196905	48.9243151923347	50.839979824249	44.4197944044734	42.8874480737805	49.897287214547	35.2767505890293	70.1123421539577	68.3333692914238	53.0880014920412	51.8344634327177	73.5221810767333	55.5009175733293	72.9484112366686	77.9461912430475	91.6495520223194	167.071225530078	153.304225291226	180.094816757379	73.4761199605099	385.414525891997
407.156	11.0262527432074	2.1360540254234	-11.9911221949175	7.62939196996554	16.3143913569258	10.3981415510619	6.52031137648776	7.60858820915182	-2.79695380356246	-1.00796112154291	15.6975646347384	26.941374064739	76.3258178525431	111.467732270368	123.922081652292	139.405279614274	185.130336225172	371.567990511056	7041.79585606759	18906.7869436507	5358.87670310792	238.902708358499	102.042744586635	90.7416749011877	110.160275471137	104.55154749707	104.615541850909	162.148509645583	1113.98432135457	2349.29918946062	885.232729251392	124.269467093423	61.8372060959002	40.1402455659893	51.8679204696598	60.5212682410734	52.6570455104185	47.7610980373558	53.1564464935218	50.5666294730209	56.8182966639114	73.5917295500227	66.4481431952316	70.7449287591711	89.7562917024949	93.7384020473108	88.340341787103	101.3168441324	91.4104554076045	189.369419284521	140.325982850997	89.0571145259999	120.697411908341
411.752	5.6580114117548	16.3866169300594	-0.38043511873638	-1.42926609134412	-0.308567369635491	-5.39745824527431	0	2.24495582973239	7.82935762498112	1.23918532023106	26.7422813180686	46.1249917537499	90.1499657640481	119.323505631357	118.954529531941	127.752069345135	290.028406857632	5453.6308893787	17243.7239819753	6371.13810276834	278.390187894579	107.852877237412	85.3644534493631	70.2019547981797	94.1819524318774	86.6647091144063	89.6478695291531	647.046075020642	2114.80128531578	1318.2749293603	186.803277843162	55.1324346310059	38.3052765025506	40.508546265494	48.5159090304386	30.5153543925002	34.6589063196764	44.8579740255993	46.9182541981002	38.2563137207044	42.5522246713637	52.3354517182517	78.3002540678909	58.2191092104015	24.1512436793702	80.1682071651032	66.3699872422347	58.615867689922	33.7139475032568	70.826817641694	267.661922339982	167.21594796076	573.755908777484
416.352	9.28125917134092	20.6770715282912	5.99093923783024	6.68191630444433	17.310881583271	5.31231259839525	10.3090811570814	-0.920642226024464	4.99838817119436	25.3684496251192	32.2899975226405	85.6432534273852	102.897302209924	129.612933881673	131.152956927424	237.820291376196	4705.77450022182	15107.5793132796	6812.22190049263	323.806653934913	122.270337171667	105.772370810868	85.9101106298854	79.3851808940144	84.6811325467293	81.2357727591695	349.258245597345	1698.90338895313	1726.21023995737	333.345699008661	66.6193815369907	56.8777833851711	43.3230852586885	34.8013592563968	60.7415261201646	49.6858277009645	47.0512514497168	46.232896201789	54.9739431892388	71.5403486996365	60.550781882997	72.8809618873024	55.8266553055541	60.0958505890211	81.9663947774594	96.6568397590374	91.4521881790068	56.2489144498674	101.389766316805	111.018856971829	156.41721420821	297.80797846333	993.101598163768
420.954	-9.54828343335486	0	-10.6390299895682	6.5468159905138	5.95118469148442	-6.02673097598075	4.32884739891978	4.14932855672006	2.85677395032912	39.6732499265739	44.9300454505683	97.7917723384105	106.105594865929	120.868321250365	186.483451429065	2787.12039155696	15049.7716512527	7049.174155356	391.121749458017	94.2554021322086	75.1209696785761	60.9173477623103	75.273751679229	78.5002941670787	64.8728664746942	164.492785083025	1155.60959474638	1907.15135485229	598.889512096994	80.3605302275343	30.7164318774431	21.4583991972759	17.8213202362081	36.0839924267937	32.3367636778727	33.786233733215	26.8916268341396	43.6657578475862	39.2118535199379	44.2698245448754	56.8545796294694	46.7101014460917	70.1560117374409	37.6563158246819	46.5792970380387	48.3176299340547	33.746635217578	124.354444987186	102.952143040113	111.303821469234	12.0990510157222	7.67859629465217	-38.1577363869195
425.56	18.7349017304459	-3.97506514399432	10.7974552172604	-0.676087101969624	11.3850295316519	11.287676046968	7.88703394760515	0.17698893277764	25.6244134227393	55.8036708919785	81.3768488870616	97.1776501021976	103.44751360857	141.346437556655	2122.54705874556	11144.5777576631	7412.59176366333	476.954591292837	96.3938190846895	66.4999340420116	55.4676470423491	69.9671991161315	60.0243671480959	62.176114682586	106.855355070388	713.184422608826	1796.8028242863	948.809731255525	137.286377144051	54.1421725314979	22.9149288885635	25.1367210808207	39.7359242706945	42.2209070227748	42.5241230173376	59.1644788289035	22.9903187514445	42.0380579922332	38.0464911755855	38.4548936816165	36.3768423056454	41.0849045303385	32.6638244885599	49.7053320686438	41.7577343964946	76.7921380355433	69.6399476079757	101.203987206509	124.037983480024	121.604487183712	265.094658765185	218.462024737379	168.45784423175
430.168	-3.93837639846438	-11.3087559004555	-2.11847814893489	3.31623452813628	-4.58207421171389	3.16380038187564	0.991954356534674	9.72314403361831	35.1535812914349	51.7536413063673	67.549600274515	91.6887959291949	127.887473724549	1604.38444210668	9981.33893624594	7051.08267517686	576.393219609769	86.3757255653324	51.845414284724	58.6746732237095	69.2544485607929	44.3289584222223	51.0331369576469	54.7571178364917	398.601557437755	1508.7576422069	1238.5705069197	207.086635558619	53.6832554608084	17.7046361289044	21.2479642092214	20.0357026425202	24.6361579187285	28.6747273887848	33.7705064854692	17.1325345738901	23.6628861004642	26.3148397897954	22.8090591808317	26.629102008676	27.597154774377	33.5871858797894	50.9262379191105	56.0096381890544	22.4146332644444	40.9220139058427	44.7982628608153	61.2011888326775	64.3177677190873	63.2993791263236	120.326268920949	-7.39010379610473	73.4482245720175
434.779	-9.1670493154152	15.9491025678391	14.7930454330022	-9.26272627657264	6.28492904782727	0.263004627781677	14.0512705425587	27.7124062611963	62.2987348022648	60.805075148943	72.7443518697375	104.487414749161	1232.90195356695	9234.50060299408	7696.81698756891	679.488105310397	92.9839255614243	54.8923028672631	45.8910624221281	61.6116211835137	67.1869793524566	51.35277254084	48.0601982643768	219.52944597182	1153.54095837184	1487.55241361687	368.146470558019	60.5005787344943	31.3168661633855	22.6188526876878	23.6534515590985	35.361006939716	21.1538959048139	34.007611310793	37.9813856701988	17.0905948594318	47.9475757389456	39.1797346022582	28.5449532136098	29.6630385304275	53.6352515012072	63.4017046656505	46.8059433488621	62.4457676856144	28.5279737347561	77.932600887031	54.7435333126944	85.4719193030833	104.04376307821	60.7157932153892	201.343522510613	213.788380972239	-329.707919018634
439.393	6.50432358353081	-3.09131305562741	0	-7.22943049448954	-0.567555453213403	18.2878241549092	36.5654395204151	45.5932693478248	57.4083056996871	67.2382773741223	88.7407449074367	872.155072454423	8349.06998868777	8542.60388718496	895.210220400746	77.4357611903365	41.4701002015722	43.9521125758889	37.2645085911853	47.8138014388679	41.0997286477574	48.8856165907714	112.101560608012	803.248428754757	1526.8437377207	641.413358095488	96.4990043391887	24.9110947639253	27.6865543184756	31.7019183808692	20.4446277362027	25.351606328889	29.9746272614363	25.8884953465779	41.0094159775765	23.213279930848	23.4478961702591	31.9136111442036	50.1349610950914	27.7065205475567	37.2477098865295	33.2820283974169	40.2574355004044	17.6296534237584	61.2716810384828	6.45117066397273	5.54890584620911	29.6487367821042	37.8955390144714	101.323821632881	215.388718585923	344.179155951301	236.537952011164
444.01	-12.8616966376104	-10.315324453174	-12.7990212151681	-11.0465445980791	0.280572067583454	13.4317768546344	38.4847944657867	48.1401483371763	39.2508447944344	68.7322449468568	538.963820501246	6791.34164765326	8938.26264970173	1184.96482112787	65.6065660787615	36.960491426733	27.9556626034692	26.7921825263814	39.3474857149731	21.9349870131166	14.9120920317286	40.9783058912523	456.976757051498	1378.85557613943	897.580184444123	124.144271353256	20.6873700493531	14.4699427268797	11.3801177193633	11.8680414161788	8.74920373614143	9.36171059069867	22.608924529488	17.1680818134	2.59495413260034	11.9893566007482	33.6878259246679	24.2420182290812	23.9717086462771	15.6534499196675	6.99245807574965	15.1874133200515	17.9392326745236	27.1141146646424	69.6664632727604	30.0691089338247	-1.09724466730578	31.9787057401187	-3.40613244310416	-66.7861533060458	-79.8583527375788	-238.927849687456	-719.587480301303
448.63	4.62912503835606	3.00011798797302	17.6566211213549	5.10266122083589	10.4654341312677	44.6243611549516	53.8024817668005	46.2519425093767	64.2135939597237	400.818817646562	5664.17711971236	8844.40844560191	1508.27450662545	71.894966249576	53.6655123900764	41.7507626980358	43.905506585346	50.6734586230794	28.7917042819148	34.8952618120506	34.3981952297044	248.562526713606	1119.51959622369	1144.83197607012	247.124873115979	44.2005718970304	24.5496168651487	20.5497757208731	12.3782174191279	13.4417613160888	19.249218751419	24.9001534121165	24.2919524718275	18.0775809865979	27.7005358882473	21.5197403384187	11.7336517680932	23.4179639422144	27.1197143686917	38.4130946406889	19.218395295533	27.3309335652216	44.0223366762112	19.6443223149203	42.3681997761005	25.9378417299242	52.7750651724721	32.6978253033142	25.0756392808889	79.6043013677482	97.0518057526318	-184.780186910464	105.950760215506
453.253	5.82409568259221	-1.85358536246316	9.39845626158674	20.1767385127464	41.6542502462523	41.3559048232496	50.3568668594421	66.1894572166771	287.890061982551	4283.03942021596	8249.18078141027	1925.99966082202	93.1490492953194	55.7362165345846	32.4038217398512	29.88683661291	31.647545899341	29.8020097801631	27.767561770222	29.3577544354159	133.483752970277	781.662779684616	1255.96748580744	425.668744379561	73.4128032027975	21.5435854784479	20.3733690160535	5.6760474008446	11.6394670697421	20.6697843037732	29.8602996813058	10.2561654958932	25.4958851479088	17.2646349082725	20.1438802618329	24.9294418514588	17.2230306397537	25.0164963520156	27.9916684928435	35.4413545364679	52.4710868281201	8.84216309151624	36.4461908976581	1.25285148485376	48.4957109043355	7.95742559394765	25.5527813595616	34.9089562255001	38.0086837143058	46.2894321124171	158.669322337711	154.560663675983	-610.963281423007
457.878	-17.30403424562	-9.54582668015889	15.9564891267205	24.9780533334582	38.8264776511965	41.2058882997095	53.4208855174059	233.437307004043	3530.32007239868	7525.52091535824	1869.88914189511	93.1859187570438	50.9183405684958	17.8157096219776	25.8438250922036	29.8809310559515	31.0442869134886	24.805181008484	30.2501854693074	58.150096405334	492.609009477025	1210.34418971593	639.408463408133	93.6458973041491	32.7949837812376	7.21221204930735	5.34101815011734	4.4379385210392	2.36459129174948	6.43366132420286	24.0641038190786	15.961631315501	7.34022312211079	11.3989211553119	13.4038396206942	19.4223114170788	13.9242270211282	28.1036601273272	35.1407120090799	36.3536388409663	22.8470355041894	24.8115446371708	26.398000505462	9.30590180007835	-9.46020084459913	35.9014131536361	-18.9800368938948	8.96331686196234	13.0931031887657	105.440461656486	116.94242611704	76.5361457822235	-328.471940896014
462.506	-2.8600198601894	-1.45637468561408	9.23053913540641	16.1007044713002	28.6102868411909	45.0479690530652	213.388230477687	3031.00685379389	7246.70809453189	2164.14297939311	97.2320772269476	43.3707623042122	22.8712014243386	17.9571707963721	23.9390691863147	32.7074778030868	18.6492698055575	11.8323726580957	1323.34729505468	251.209562918967	1006.51247087492	883.519382240261	156.273510519733	23.6212378192258	5.52264330034491	-1.19203819202666	-9.12191825232619	3.22742115304189	13.4833206873966	1.45003489042736	18.9761659252347	-1.72678699603005	1.45583511517417	9.22178048995	-1.85474816874737	3.26453880267182	12.427579162517	10.2678675316409	13.5521757478457	21.9622807378358	13.3276588829139	12.0613679916945	13.3563531904897	33.2226215857008	11.5464883179042	0.868361620221348	43.9184264030045	39.3645541236895	50.313812947402	54.5548846887671	-43.4886874935408	-186.299032952212	17.1442151850927
467.137	8.06732622469097	20.4888036498091	43.2861831036923	31.7909487475035	55.4352925348563	176.922928836717	3213.97083368204	7202.36986991679	2351.71148542527	113.85643776488	34.6705797705029	40.0193727027318	16.4215782905884	14.2969975534207	24.1900185519224	20.9750691128222	21.0417760335061	27.0520093829591	222.121630679924	724.452270844655	1011.57120039504	313.050469835138	56.9098241014344	22.0423298664284	10.6015934907862	16.7700226464795	8.42463501189939	22.5936383726018	17.941524246833	21.1869666167221	21.8566638704133	18.4684092763484	14.6602365151455	17.0337274767556	9.76590046351137	23.8496587522859	27.9464407727728	24.9804312254323	21.7893588329267	27.8188451108295	16.2279235310983	-2.38152518315104	24.7898762479576	38.2656684049635	37.0477550126142	60.010504100535	6.19408763554277	60.1746391750226	81.7192416494425	114.451421538291	189.626722535629	306.540572952902	406.216411638622
471.771	2.80211212336944	36.0288967895655	27.130936372077	36.7065329109728	123.650789351614	2900.18479619486	6950.77478722271	2655.31330414968	129.348619928566	36.1909179424675	36.2796687483968	26.6620364603678	24.4452227937591	13.3370734218635	14.9004215128456	18.3506924412989	1.45013270438651	51.5574474040468	421.162650067703	973.193194378252	452.862482015105	71.618086784645	23.8315256425189	0.63405400170952	3.90781774872238	-7.00741568104234	-0.288297543743173	-6.61161036991259	-1.43590430229489	9.94472899168708	10.7044557293508	1.40985348954071	10.8403235054655	11.3666936093206	3.33152323052406	2.87859657730271	7.77908171745732	29.1020581941772	22.761909447654	8.52584286279011	22.6335364856821	4.72686304656766	15.1796704894393	-7.83609968578997	4.94930750827468	15.314033245887	11.2695513273979	52.252779066887	41.3442716196399	64.5857725091911	198.83807126874	108.164134428814	470.318541757749
476.407	39.8509937717331	24.8587517463234	42.7650342932157	136.806862826284	2274.95313179167	7021.9664310583	2669.39977522905	148.473425921087	46.6789950090542	37.2857463592391	26.7966893840548	26.2662078797639	25.7843630324614	35.8771628480489	32.6891360482407	17.9958877750656	37.8234139105069	242.966488277948	831.240047841397	697.450202423193	114.701402058338	28.974789778175	27.6248289935651	6.62776702217524	12.5687453137682	19.1841367424064	17.5074326429527	13.4502067744312	18.0114106800188	30.5492357845674	28.3239653492122	7.29842272442648	9.08783245107538	26.4035684489216	25.6283574903883	30.2491786882277	19.5290077642617	22.5336177181251	30.9687003679587	42.4384013032801	0.433312044401597	26.8225190258397	34.9132948335652	16.8022065062091	37.3055935742584	73.6865154905173	45.8963492197887	58.2116149230424	93.3997461154077	259.403845082459	307.526435418903	437.449918632787	5451.3410846179
481.047	9.91703874885603	27.2191681142447	94.7396422089469	2223.65878322537	7612.59346343732	3018.31166449585	152.685102787433	35.4134714468866	33.1128666073074	21.8934892968076	28.7612549908808	29.7235291358097	28.8382728214579	8.71723813952524	7.10939549619757	11.1279724783648	87.6581124201438	575.304834361292	809.222890190874	221.152300117113	26.9053211945735	15.5551559651643	-0.64701375535885	10.6814374501886	7.44707092142799	8.10138371617362	1.42845143280291	5.41237088915765	6.83000885160468	12.6704475158487	15.3531755476421	-2.51478592557641	19.7884245226297	2.31054305719151	14.1059568529401	24.7222179211003	27.1481380495123	9.96899205040658	12.0298981824312	4.02320869945668	30.6240027548276	19.6732831339698	30.0847822407146	-5.9732560584778	7.70714652325884	42.1542743037383	17.2590701725059	33.2872869274596	-23.6367514616236	37.5182276636846	158.335595939136	415.345508558287	14614.4715980777
485.688	29.4046754135228	92.4202839833515	1771.39322819998	6935.94600670226	3776.4046858795	222.648993358567	43.4158878441541	30.5865420973811	19.7947254585079	16.291570621987	22.7695732735393	15.1628896860934	11.266175745526	21.6895534223901	31.2253163250096	59.5413900655262	350.656773219047	777.9756569111	379.609830701939	43.1143817058093	24.5326574929327	1.9477223666955	18.7955128473851	4.72046424238773	2.68553402496558	6.08643705039473	13.1642455618349	9.98722102905857	10.2625478277098	9.58961178630881	18.1757169719456	19.313023588287	11.8933756901823	10.9938635953099	13.5288186580942	11.4297833095442	17.7939992611955	17.475594823259	26.3604416246692	18.53843471676	10.369492855268	25.3375127504524	22.3424092652434	16.7537423443772	11.9314306239747	46.4490644294614	44.7469891000286	23.4644784159453	156.269561226453	238.759036176657	186.803317768696	3885.42975078457	23659.9414567239
490.333	42.5772975073984	1730.79345175466	6714.42271986699	3575.22214082993	254.943786436789	44.1128639854358	21.8286390128487	15.1568701151303	11.786370366214	11.9221025400393	13.2621310771656	-1.65645705423281	11.571283936267	4.2311730567978	5.76011208675478	186.226122575108	629.64712146811	521.602897332905	79.6806467043967	15.093680439381	-10.0344572995199	-5.5262988507917	-4.86773682686337	-14.8115652295359	1.49405917370409	-3.1926122046139	-7.45111275789735	8.85825045833892	10.2769640797882	0	-3.08021140317614	7.28759405043084	15.0293902477641	4.34577914162995	14.1499486592562	0.953819935717991	0	7.85720731244646	15.8384827774995	-11.3001161127595	16.0087581456639	4.22885091140964	13.528340938899	-25.1659155941221	25.3020520145257	3.38285916161314	-20.3681123466859	-6.18353684217947	58.4858177586297	108.47802910226	331.776952613268	11807.0636231842	17899.2856976608
494.979	1290.83742126375	6437.81845692591	3986.35956955809	274.327132765793	23.9503629206058	16.7767565824708	12.8044865628011	8.04953890045948	6.42689464425283	10.8728619069827	6.97785991526365	3.03587682537877	12.7243840046046	5.0758007552775	94.3262596997365	458.885781026934	605.526524971288	178.562136826868	24.2285263632594	-12.6325704115247	0.691812521725853	-12.6739673522944	-4.54178318647825	-16.3820773689144	-5.67562805199386	-17.6988826943056	-7.44875460786439	7.14148949454589	3.9953322873472	-1.69412532771888	0	-6.16447416646627	-2.26786923807255	-2.89626918446222	2.70870710591061	-8.26382325587424	0.67220210816107	-3.57032756382595	-0.376987384952089	5.6482699094244	-5.19038648007693	3.28806531842637	-7.80234199030156	14.9749708400587	-9.83657280155211	-30.4360968997597	13.2350830213645	24.7263194331695	67.9484930757151	154.919568081787	2611.0345068459	19152.6949121494	5007.54315649055
499.629	6080.85583873938	3992.25851226524	313.976225277553	46.4994100182519	36.7875604006798	20.0344591077794	13.9986706251556	23.5602806204888	21.6743899672199	7.49085519424877	26.3872550936174	19.5001603670204	18.9939984643912	52.4761590757366	315.169750487911	608.067439176472	293.12063169586	44.9519690948317	21.4687060213457	10.1268784470687	15.8345099363398	11.3189044514228	9.68518653839842	9.4053563818915	2.37814693955897	17.324297725052	4.27651451708799	0.568548032685526	-0.283996666045528	7.86757132450021	6.40717489654668	9.20186099454945	14.6696495622743	18.1579930449579	23.3615961881601	18.6615647569855	16.0545998052893	12.0802341507711	18.007624562814	29.7103315518592	26.6869236323615	27.5792708790132	7.24686433789349	22.0554576208654	23.7729493121915	39.543279798157	62.8150022321	82.4313960310088	155.680759296797	306.133890099129	9406.80145625662	15763.9426655491	332.216971028349
504.281	4472.72299322562	365.490378021602	39.9669969855861	19.820195715736	8.55805044939359	4.53628357203662	7.72518532228608	8.49045996173409	1.60058160130443	8.7483560493823	1.8536494636064	-5.22374169686712	10.3710618058179	169.108401068787	526.644838179883	399.651222005847	65.1732844294566	17.8181545830093	-5.62069076770872	-18.1772927439712	-21.708789290158	-0.971193714131182	-9.0488424133625	11.6119186389206	-13.6884662141866	-12.4285682772751	0.570790775467315	-2.56110824060029	-14.7830771699401	-5.06294746675299	-4.74062849979845	-1.39566115642513	4.51839960360231	6.92447411798142	6.89578964174743	-2.53299475301021	-4.68742725913485	-13.8710488407713	12.3930267959107	6.43048929965705	-0.430878755787053	-11.2302718455972	4.14534175831178	14.9177256721344	-25.8972786680776	3.36886090301013	22.3122120910768	92.369240846584	59.8179605184674	1805.63003548412	15697.7078257611	5594.6842616378	-581.980082281137
508.936	506.600198086439	41.4559007789291	28.62877496089	17.6272581718013	10.3202363708752	17.3395652795976	14.1200518976933	10.6369011125643	7.43110421385737	12.4336077018226	11.2954218057624	16.9585428444749	93.4344583527112	413.338269196651	500.303269917162	130.016793304972	13.9961497775283	17.726846045532	13.8152520283887	1.04331598932661	10.6273625885869	-5.15315661019384	1.60758427195168	6.86900277030385	7.69731137595784	12.3648784946409	5.67865777220687	10.7581543586235	7.9193271151075	12.3126729286497	16.0910263433595	7.49794934243378	5.90000934585489	14.0650210087928	12.8260631793617	6.61503807845899	5.99580860766687	13.7999671147134	10.8350319753902	0	36.0083414886587	28.3973368446233	28.3531812647552	7.12381453711002	12.5341146142646	62.842449148836	77.6925586714951	150.709272326213	241.177881801457	7064.87275113679	13494.632189702	759.001975796779	777.511257310665
513.593	36.8430133059847	39.4682485146807	28.4621580843992	19.0098105776596	18.9813210308985	14.8771915969939	11.7278444980449	12.2856563181181	9.67457315077855	4.3264358310212	18.7925315282929	44.597011104805	278.102153349142	511.79039400002	240.455447957869	24.6720536845898	12.4948267749139	13.1430814565214	11.7727272970734	3.45747994931229	1.7041148872848	11.8473206942026	19.4983849810699	0.310410263477992	16.7766646963237	5.14587182319058	3.10508467415405	6.19215640128718	15.4652876494141	-5.56409740351789	7.99868901394818	11.0434251208575	8.10021347400809	11.7001983325226	14.5306840937576	7.82921328115258	2.31813304519749	13.7196525563898	1.11434204182271	17.4908343213231	19.1779158233404	2.77692461478696	5.6376336637214	44.8549123521933	29.7683438733717	16.6604564768927	100.312201323393	127.905500745033	1278.27699948151	12335.7301274535	5562.51657029427	463.341453635548	444.055909156869
518.252	36.6603571526221	24.3281452084396	3.77614021250165	15.6644529892867	13.5273315023864	18.7980128602148	20.3335708090453	12.8437224468328	9.27655110629382	16.6049487516077	31.0135793604544	148.821659625751	454.779046315577	345.031414298888	69.8971569501153	22.4149775784832	13.2805777801307	5.64728457057436	2.27779257065274	5.84857603402622	1.69566641789349	11.1513645470322	4.13479237727075	23.7830936679725	15.8148864306526	23.610549801067	11.5161196362008	8.40198766875005	11.4715134348105	17.7168395082872	3.29339338424435	12.3622596766468	11.3952503780053	20.7287815961764	8.85223193887626	5.29747097107957	2.9656805985592	23.8028504272467	11.0881748200457	20.964053910277	24.1715944278915	6.90789372455191	17.3390233862613	29.3635103326264	41.3312954253962	70.4559013321776	146.727880594539	184.240481460011	5482.81924854002	11239.57757963	816.403554183044	151.486001179771	981.89870809863
522.914	34.8957079101023	32.133244121562	35.3513476782927	26.4449371447394	30.4493604350624	10.9794473101867	17.4025011953105	12.9226853849201	10.2665221657718	27.7173748087992	89.5510629219147	324.153836755858	421.403308400419	127.807891886563	18.7087541886561	17.2438026933617	19.1024332172685	12.410692856701	15.851591710877	15.3912679249881	25.6238670735861	19.6386813823088	5.05930664555044	20.573732527551	11.6464341262017	14.7059138382438	15.9168759828221	18.6550429541272	10.2919875219839	14.3110100355545	14.7338684543814	13.382649195832	22.1050075637301	15.2442246772198	19.9480803096531	15.1801621217136	15.7247507245711	29.2320993829306	22.0470621213043	14.1567174630449	26.560219389723	24.2655938145722	42.0808470572185	50.2107936014905	46.5690464360147	86.5263559988853	141.903142350815	902.576361589312	9909.8045331153	5181.48085970516	309.525232704583	412.520827782482	2326.54866534437
527.579	14.7323570848908	0.690972490287322	16.5791605608417	17.6282993451651	14.4620853831933	8.87616474188701	11.6005758964927	2.92271334542673	6.61171417472395	36.6813092142258	210.141834934212	429.564291197466	209.413511187811	38.201345133902	7.48279757462039	3.18317174294202	2.52802534302159	-7.97755189552334	2.9112429087284	-8.20790389626022	11.4622304046736	2.85050810846131	-1.58088457192093	12.5887114777321	5.5315357149149	7.35226510085517	0.837651495283839	8.07381111807623	-3.61576349528965	6.3292742644319	-3.81953241902805	0.546179186179939	-2.48657937390588	9.87958636556746	6.15985694871089	16.1080441011472	5.24109040954902	15.6585798321292	13.9618255924446	3.14564122195472	12.6465335315053	27.467898946004	-4.05560364270607	10.5082470867335	53.4124097270916	112.061687982464	102.200339042691	4054.58437694762	9479.18994002357	815.327013334811	192.575357568766	333.914012062865	2830.63901739246
532.245	3.8792664314239	4.1483269284426	11.2680855819651	15.8750058585806	5.07746606395118	3.97330265155719	9.49708537669831	-0.615677923322482	17.2356091407097	109.090535352165	353.168830110151	279.909451683714	54.9935131173582	19.2496511454172	13.3701702669292	-0.265423757512422	-4.21590815587761	-2.95642483640566	-2.91299280441054	-10.2660468993391	-3.37327063086462	-3.80296199673175	0.632733925266409	-0.307226300621556	0.873925361275646	0.282949400576769	-4.47015996006342	-7.80008951499762	-5.56605671632036	7.7098349113795	0	5.73832858884901	-4.9761480239705	-2.82443565914413	4.98954818916029	6.5090817977596	0.983295137738304	0.348177598276925	7.72038351793658	-3.5409735115217	1.26541351350522	6.41302886125411	9.13059313428585	30.3754053916679	52.0741427860622	66.782740778227	577.828641152192	7905.4651028828	4789.44451728051	140.286007835247	34.4091269907136	805.806093660957	2034.7273444879
536.915	16.0386519273452	6.62338084756086	0	10.9687277149116	11.2642973831778	5.42081965545072	2.83759860773312	12.8826758550033	70.7507235599308	266.896194049933	359.567717457984	125.117928925902	21.6134871678849	23.2937015461184	1.34825281363077	6.42370268846726	2.55080223498594	6.26066598347319	5.2221733289328	8.28185510913668	8.84420764571101	24.9269842598001	12.4419980604422	7.12558663591277	8.812695004772	14.8370144336091	-1.69039706204487	16.8549396987215	15.4352873349086	19.1588984471039	14.8652182601568	7.71540178471292	11.9873624950145	-0.284817115140208	10.0629569414253	-0.625122063503038	9.91558379300741	3.86213906676503	14.458345032606	17.4569047532155	22.9688562873252	35.1061454899214	32.2256311862671	68.9190049008027	89.82273752644	123.879625983991	3115.66004976551	8266.11952491182	1017.84074902946	161.052368807212	308.814766040466	1691.21880293669	1887.68031178018
541.586	26.902948378837	28.2048032077284	11.1726717026806	19.7881606358024	17.0884364060492	11.4415620533315	16.6809541337134	42.3836848041952	185.012264346822	356.439204582575	192.236625899254	43.6438149586908	27.6114645782803	17.9492437198957	9.5450088463216	14.8882564116903	3.72635813204662	-0.603028995647896	19.145479740981	5.93297157830308	12.7289994141914	11.9586958587683	4.51710845371513	12.84646403653	9.50702035136904	12.1199108656689	18.8056510965057	15.6259202026063	13.0562007954142	8.98624764801627	13.085259754783	13.9340537059195	24.2471441350299	7.20133562095103	26.0419145716498	12.012278383128	4.34557596754652	19.8852112683381	17.9970852884132	38.9218307748513	21.078934318377	30.8333314535297	26.9011710868833	83.4042405265106	99.927709316523	424.631252897186	6482.35941810126	4515.08854890925	209.024471815387	226.714648583996	670.267834590301	2044.50520047909	514.634929696014
546.26	11.5472192595227	-3.19347885672069	-0.642550754350865	9.65605917993768	-5.21166912208063	-0.239901261550872	16.4273602319107	103.008008683689	287.704811078179	241.947384213712	41.6750943013551	4.97263446111466	-11.868354659248	-8.46790318706947	-7.6851928677233	-8.99049365722053	0.288489285544887	-15.4762887573597	-14.9499321712605	-13.3473605428053	-15.2346916217336	-11.7104354974593	0.32472889225356	-10.4064388695129	0	-5.80856133954989	-10.8972392056077	-8.29219219165263	-7.14146720894639	-3.10891994167956	-4.20304653230505	-8.41428425185334	-6.52647122672479	-2.31927090035302	-3.31386484024124	-4.45408269810374	5.71928007171704	2.85904254616007	-16.6035923741339	5.24992775345655	-7.36020550952623	-0.470180880359405	26.5537870328489	65.3544317899458	101.977966021088	2257.00250710124	7172.24553109867	942.989853176442	71.1781107127965	73.1046068462831	1133.72700771023	1358.33412462208	-350.869250654909
550.936	-9.62811787708287	-2.85997518730352	8.41591872405189	-16.7210433402539	-4.7257428670605	12.568591697005	76.5701022228963	218.865262116269	295.447671773805	95.5238991990444	14.7779724391537	5.00999483288812	4.37470387342979	1.70630483878781	-4.42453326824517	-7.41112444483757	-0.290656761767983	1.83441942715449	12.7192366478675	-14.1554124881024	4.53497697215276	-1.9664030469136	0.654337287408468	-0.635431786227062	-8.73638238567141	1.1704404385733	-6.06740415883383	-2.59277370441862	2.01463428426861	-3.98653546208627	-0.846924967998409	-1.97808389548313	-17.4393851518579	-1.7525220259552	-1.51761934208728	0.320539077816166	2.71164712351495	5.40098079371182	-9.12454821782683	11.7993671561119	16.139626718319	9.94798225979049	40.3922233792441	70.0740594053373	247.294531567533	5143.90682951425	4114.1106794645	87.2772052230009	49.4022101693994	216.497697951582	1398.449387621	508.121121390797	16.8335904624993
555.615	26.917504619893	24.345069996468	6.15902011146111	19.4854524094614	5.25844595397442	54.7043106967875	181.229982439504	305.262005663531	172.549523867024	44.1356942436275	24.6656996264854	22.2989593801749	16.6480010219106	13.3854527845969	25.4779890244002	9.34607141649473	11.9342223216671	24.1882427543632	25.8105947942941	17.0111475609966	33.5376635393172	14.1130077571712	16.7098167151695	19.7269737268216	29.2641023792122	14.651738799457	13.5991362398951	18.1757562585133	22.7695846315839	15.6841187588946	22.6174430386373	17.2626052200795	18.0373079597347	17.2581437777108	21.2775061764744	23.4333122645789	16.6329431124662	12.259990324971	17.5140988704108	17.1135396018272	32.326100459864	41.272882071766	104.541793682231	134.906845500491	1685.32062789263	6176.86499676104	1138.2406358065	197.283023152233	151.613588466659	780.075812414565	1621.4196650052	359.593382273353	370.876464788774
560.296	8.47323239725008	23.7309913027129	7.48782502103937	6.72702482245596	14.5231204147984	118.875347586546	269.816694636953	223.010299640234	45.9944440586152	21.8449336864839	12.0321751503858	9.51794862387832	-1.46665197802033	7.72269356527876	3.89381383878159	3.0367755433516	4.96968678845153	13.8375617143267	9.08951857618826	9.96598514657717	14.0343205404101	-1.64812808008416	5.92302880953118	-8.30829587832508	-3.63592192583506	6.76888022308258	7.84597754168164	4.63598212775433	-5.21039144097877	7.44630138937474	-2.27150310601631	15.6318011922218	9.48887969494328	20.2703380557573	7.02134561471162	7.41495441562053	8.18189861351798	20.6421959259977	4.97099295267363	7.77524324275534	24.5685460109927	35.7335889323555	99.7168394065972	229.055278455504	4124.22389974686	3919.00335068872	118.755610147653	97.8131082530497	117.005751834718	1290.77058419901	1023.57554712234	-170.351381333029	-524.853523824385
564.979	2.03573735187913	4.35386649786614	0.65702177657901	-2.15983366874982	49.027188525697	220.77371600667	253.805724408006	80.1267262027618	16.993252998044	7.91839473248038	5.23743405164192	-1.69487473987959	0.295991326811619	-2.02034248176065	5.33239935328947	-1.67144917771213	-3.83482338349218	-6.20581707793143	0	-5.02819552751351	3.89444883815321	-4.32400536621842	-5.31267489144593	0.967345863004383	5.1976154163172	-1.18787543702588	-8.21037976162516	-2.6313959222049	-3.50510482135622	11.8487636500756	-2.86513615824698	1.4339640229091	5.80300458573382	3.26081757880571	-3.08045190478604	-0.975941580441832	13.4161954470569	0.365428956443053	10.8038798064039	17.7562297852195	4.86974287640698	50.0000720946746	79.3258777919308	1342.0436243215	5323.04025568892	1088.58411675797	100.03441702918	67.0656664013873	384.931299653962	1384.02629917796	111.953449718582	-130.641503324775	119.590417229699
569.664	11.0733472031879	4.0202212947079	10.9201127077547	36.0531876095125	144.130822271693	265.629763017663	136.476597697589	24.0835692005029	17.853720079171	6.03610613049769	7.19416764212554	0.284544220614686	3.27970727356051	8.14044974516289	-1.97893039266023	5.33161693616131	-1.78285768473859	9.68933743725374	13.3452604582922	18.8126890723914	7.48921028021358	3.01542682351376	11.7064365129481	-1.94883552047967	-6.15954494512263	2.69225896949664	-7.97503119575013	7.65738438326793	2.94227442328996	4.36660443258555	4.0405149087033	-3.46667325077197	12.567670506276	2.38884085410375	11.7912932793338	-3.93230527077675	14.5538358463424	12.1473154567669	8.16214714313261	-7.48717904073753	40.1346303722168	92.4983681161006	155.521353908007	3447.87817087199	3554.5951184892	169.972779361075	85.0210851588142	118.541586590786	785.265865364592	1156.84321591368	80.0316700857378	173.15338632474	464.649546456957
574.351	15.304570628857	16.2186321436563	29.7034886760064	109.712976172825	242.817114727753	183.67076340068	43.3189957352984	16.2479510474197	10.2099578517548	13.6975740824783	13.3022853942067	11.4792637132387	14.1333309431945	16.4203597541401	8.26865266136422	7.64140775354747	6.89282949424302	1.26094647204589	8.62793229780565	20.4333622198495	14.0276722331817	11.1512742507832	4.38535034477634	9.50005690862068	16.7732285767246	5.12893880180228	5.66013122465853	2.07926294000089	-2.96747759879817	5.872011001168	3.20188430776674	7.5754647903024	10.02234896323	14.7569832206666	14.3959373916416	-4.62698708931249	8.38771559244783	10.0238464861621	0.392003006304305	27.6881488872248	73.3109141936281	102.570924746875	1002.78085293658	4594.1954217042	1217.17591993463	69.4506202276436	75.1630242918549	294.393042599733	1128.83558379738	623.648824779632	80.7172119275932	41.9127834717876	937.259359282318
579.04	10.8513722209768	25.2907871669524	65.3297611618394	185.028106716919	227.522179670592	82.7294863947316	13.4343492880007	8.44550202507021	7.11765188374252	3.071305596721	8.54129069619877	13.0304208467388	-0.606832110100598	7.98822505630144	2.30154051885102	-6.56794237135916	-3.0238593484567	4.45303985594037	16.0183005695101	1.84083006202249	11.6134931462891	-8.8649398235193	-4.42482584096793	-6.61074022638098	-4.07434822888788	-3.65301729826966	10.5204139956211	-1.79826838980093	-6.58721770543412	13.6271985450241	-9.39841928133843	5.58574909639082	5.65114031859661	6.68522565615297	21.4725151191916	2.33431886040784	10.9316579753164	10.8632688438006	19.381052797943	28.7839761229017	73.0632175679385	98.073108234557	2795.29575023094	3199.51050649709	148.909227699671	54.1091559267808	32.0449087469878	513.664003847752	1046.15298888734	164.862185615727	-3.70199099966316	-183.256964385144	-140.103150061936
583.732	1.26011093057763	26.9502092653189	124.041393683133	216.454671344806	130.571549843461	17.967969020777	2.0947258071675	4.99980147412322	5.278218800872	-0.220785834937042	1.71921309278958	2.33137495606336	2.1375329038153	-6.55066544683399	1.15815007776148	8.9092142407642	10.3470539814184	-2.88102659431298	-4.55594183032337	-1.48210815287586	-4.01773960427845	-22.3044753326463	-5.48086396896666	5.65516431959781	9.14721741335878	-3.06370322645686	-0.605021757622915	-2.41306743134367	-7.2321394082498	5.06843503732475	-5.61609763968193	-10.9472682045207	0.598671655909297	10.397969008693	0.635594618457122	-7.3834787794498	2.83916439232117	-0.75399546989434	7.16522777929462	41.7488156733437	69.8780150328982	649.747130388761	4002.33254963269	1091.68525935019	64.5454607974634	47.3143638236146	80.6260269006929	810.684292024086	685.778513780926	107.497099763871	108.046217515132	-99.3096353509137	-299.628448615981
588.426	43.0641856797373	100.454512467548	210.865118515581	162.856229631267	46.1423770987188	12.2098526350492	4.01959536149472	3.18283151806745	3.22111939545725	1.99729520641665	1.9749231489875	-3.51505341925052	8.90105142463101	-6.8836553595489	4.947460257612	-3.46647041753534	5.50603346225017	-5.46993571911087	5.63616040091264	-4.46919901658561	6.60830606978676	2.06946673127417	2.75453040911302	0.334368110254662	-2.2193080439785	-0.307946475211066	2.43253740867651	1.81911127237744	3.33178352283831	0.299677064998055	0.891314243999517	-11.5983760277477	3.61050949035784	14.1402138263457	4.7914837359268	12.4815527875812	8.91803361135281	8.3366192195567	23.6068505736892	44.9609963610853	79.418883205161	2167.65994906001	2953.01425058878	127.785405602366	73.8261449659155	81.6558062549984	285.263670584547	1009.05547061996	280.083204631808	42.2804853682312	-67.4081826309066	14.2600776624634	-389.74930427601
593.121	36.4906915089327	167.127544665926	192.063363947454	54.0211033295139	-2.77684134871509	-1.78951276051921	-3.07787231273024	-7.4076473689191	-1.3329796402651	0	-11.9088280723122	-8.83160248039448	-0.925405638966734	-10.8283268899696	-4.38724842300714	-3.19349699657116	-5.22616163304033	-18.7555096321112	-31.8620302564941	-21.3349131247265	-21.7689374094295	-24.6112188338565	-17.3019544028947	-17.8101794337493	-16.8874078212423	-5.57077114212258	-22.6135546588057	-19.80564297016	-10.045362313968	-7.830588985937	-9.85351329172692	-8.66758581699521	-16.630967273258	-7.7233502167354	-8.0257632150967	-14.9171942409208	-3.22655580016317	-3.80833250055957	10.0529523184388	37.4397943898227	404.156300325363	3331.89140286387	1095.79072322525	44.0861185050147	24.7318447159555	19.8397380812275	500.623277613578	718.708495328209	26.9685845456394	-108.590758192224	-210.763651879232	-451.439981172225	-890.225943787159
597.819	123.794567056172	194.386727663621	113.662068405307	17.7924929730607	19.2761414066158	9.77327910220693	6.5800543152056	-5.92810125824724	-1.9157790570426	-2.24381615264543	4.24323079844019	7.10803315680968	-7.13770620607258	-1.51303441598772	5.29655416337921	1.75244752540595	1.54640720859793	1.3013101357026	-0.712329412751266	-15.062461839269	-17.4462873867781	-16.390514127178	11.8365195862742	1.69037232923241	10.2578665643394	6.84991903328915	-3.381814218579	0.306545915944716	-1.22498734479062	0	3.00398052027148	2.40552616206534	1.21684358241852	-0.621606662483707	-4.19864959494765	2.72862843476076	5.41013216947539	19.1568813150177	49.3552538429693	77.9303546644499	1582.77641925625	2794.55305657993	151.268937194007	38.5677202711038	66.3506510324077	149.698394646713	815.021164288614	400.666621753095	-10.1744130790627	11.8747638939579	-121.165118523716	-86.5088743360407	-17.9122518805009
602.519	170.370342501631	147.221811154702	38.8789798529732	5.86869908365777	-5.91269573139895	-0.518420209909105	-4.29109831997501	0.512110931951275	-2.31697789529132	-2.48756924258047	1.50936476245767	-3.88040252686457	-7.50649668070554	-18.9088760517402	2.66906189604904	-7.35917285497663	-8.72784682342284	0	0.358960039747124	-6.45178836247393	-7.10810751749309	4.21765631790458	-0.701730451092034	1.36291127700623	-10.9845231194337	-5.0208582805319	1.85910335290705	-3.39847001744635	-8.33356060329587	-14.3527165304734	-1.21102281910997	-6.66711584850814	-12.8771358738399	2.50594119268965	-5.20812602797789	2.40628839587594	2.18103728283948	11.9704842961916	50.1503413959684	295.405134395986	2825.04548826076	1183.69627787471	24.7530297800885	69.3189090347022	30.3960906358684	323.691789791996	779.576142571574	101.621367941932	-37.5989762009468	-23.9359242679552	-156.461220248798	36.3282637852966	-631.849222048227
607.221	181.024389661857	55.3196209519916	12.6096074107081	7.89555757328103	12.7844184173312	8.63113867012929	-6.10112193600718	-1.37795490601565	-4.09130791017118	-11.6373714233305	-0.761493915294501	-1.20474641909391	6.62746703580072	12.0016472780263	2.39391292306315	-2.07916646421677	4.71783306387951	-11.2485666946327	-16.6611955882504	-15.3176946955121	-14.3445262761178	0.70928726723821	-6.01854448544768	-0.687606250219195	-9.77970537389662	-10.4489859852146	-13.7564757394662	-17.457458205664	4.6715426618832	6.77893011571508	3.05488285857906	-10.7025087465966	-11.1371665654133	-2.5285590571385	-6.56891624052227	-0.346858117776208	14.3046973110126	51.43114404689	48.9573576843319	1301.03530674033	2640.02148473638	190.178096815278	39.167603971611	15.0348120622991	43.7053720442337	551.736648318448	498.854448751781	18.8886842344881	-25.8670453266806	45.888729042417	53.9079874179835	-146.624606662594	-109.294645938678
611.924	88.9715305274818	10.1547793899717	-10.6089964985118	-19.5964571112605	-0.860485791871996	-9.50628087153531	-11.7234115013478	-1.04339861402439	-1.96696602064052	-11.5188390660014	0.768812479361123	-8.8183562018672	-9.87743003472655	0.310692120092566	-21.1480529416004	-8.39659565101472	-3.81054016291156	-15.6989322518866	-12.0674708267422	-17.0114009586522	-4.95450136934525	-4.29662450259073	-4.28921470567905	-17.7024747193086	-4.9368480725279	-3.51646969233961	-15.4669462700934	-6.29472796680618	-3.14429327596548	-16.7991080135138	-11.7201223364521	-8.0268450929867	2.49871191592057	-2.55286052703107	-11.2744829029726	-3.50191701020916	21.1077969563186	34.6169589162346	174.866690726498	2426.15819521766	1253.35003386161	13.9734722951043	-12.6082433287648	16.4992484797841	125.409075742188	582.189880538622	191.812809128468	51.7620245197006	-47.0081668854693	-109.728370278464	-139.952793050575	-7.40168930568687	-680.461170553813
616.63	17.2836073711426	4.34414778636917	-6.79393540807471	-0.33584610120409	2.03018329686662	6.94218607727928	-4.82200882314763	-0.175838417436083	1.98889391401029	-3.02828551960302	5.18255507948418	-2.45976936191965	-12.2427963723156	-1.57077870257727	4.27676262297806	-3.03221484499954	1.92651018359703	-1.68871757394494	-11.8322423754109	0.781865700327159	-2.69754936983777	-1.08613090342143	4.33703121176975	-3.50976927706019	0.665584592908337	-18.1016007488542	-16.9160565265856	-3.50069615168028	1.90760766423248	4.71844050095868	-4.67793915426482	-9.67716149927583	4.42149357081263	-7.42129505426988	0.670598337266924	2.8327653272652	27.7085968087533	61.6527850684338	983.198416528542	2427.58543092776	238.526474288235	47.6208044558213	56.790113663293	14.6812014024117	311.538544062513	530.283105739662	74.8583399682254	17.9054718901185	47.532217662227	-22.1903261724915	-110.065665032842	67.3578353316631	-762.430465786628
621.338	-33.9450565818743	-19.9010078157968	-19.8209132994521	-25.0475464367694	-23.968685802518	-17.2224937563075	-14.5794927791706	-13.8229751986548	-7.21617869763778	-11.0342923235735	-16.9754168282112	-17.0435574943965	-27.6000020919178	-30.7121269220224	-20.9357817681701	-22.9199883590774	-16.1801753059613	-20.0831665546356	-33.9118615909894	-18.9119609694285	-19.0309558395025	-26.6364863424309	-28.7760747230734	-27.2371995678624	-21.465766371673	-26.0622617084263	-16.0837169727029	-19.5652195964832	-18.9052741523972	-19.0218010060983	-26.0876261217998	-12.5846008699683	-5.09277048735867	-22.1133192014541	-13.8550945243647	0.356873064980802	7.17017200658328	120.664816585183	1984.36025293211	1239.8475902215	23.3112620780437	-10.0207931155427	11.0966892140411	21.5219715882735	397.605524494595	233.521925596194	10.2880229820429	-26.3748002681161	-55.0020867349303	-193.824618966133	-237.704958279407	-693.947474365323	-1143.24518214336
626.047	-1.80377873067817	17.6814577684332	14.5539637651641	10.9356291676186	11.5094694028534	2.44522539252192	0.817768232481082	4.65200957278164	7.28563827205176	4.26657572465518	9.49226637180781	0.938596954850444	16.0637373630762	0	-11.5011778597361	10.4904078219133	4.24733871529734	15.1214410413151	-3.38620365222351	15.5138739400067	3.92125284788801	-5.89432915092336	6.25192426349964	3.21421233064431	12.529348063012	5.26262497965293	14.6146782055687	7.12422944728882	13.5875321287354	9.60244800054277	5.07734620870651	7.94108398454977	4.17770528788567	9.52145558236581	5.80009201378673	22.699414007638	52.1983609293154	771.836264993457	2176.9686891661	269.8396980133	46.0906389612492	12.7796824443607	38.3277658089062	205.747719198381	512.941770612856	138.011531042015	36.9317358168498	-4.20452712766276	109.271683326209	110.389391229983	155.995447055862	236.080867104409	189.221234044983
630.758	2.27891848071713	12.1849054046725	17.2844144585689	-10.0167609606222	0.298281426473334	-0.823821568468015	6.19907677005544	-4.34024263844381	1.02275267529666	8.14556822665924	4.79706316316736	8.85424292596102	8.61508126708421	6.78505380099096	15.0805558237656	3.11852313786253	3.30224323911983	-0.347356971511903	1.52112908825405	-8.04120552734679	17.4386571455936	10.4257654040449	-1.11511987729369	-0.360967057368024	-0.342264822793217	4.65421017748332	13.1302274860908	2.29112494091458	12.098416553018	7.44087589365167	1.28295759465686	9.31050620796064	6.17139812403228	5.30958828222164	17.5869955514229	41.1517260308537	105.131887479944	1637.96294106406	1251.77749369962	35.5942684336298	36.6734789779506	15.6078231056424	57.8105894429676	363.750656935981	355.022848636354	30.0296376038239	58.3250690942136	50.9957426291002	3.62112327373433	5.07154371331726	210.225878171314	146.247420376052	918.008333239863
635.471	6.42999058308507	19.6456164048915	5.55867890586059	4.5247665747258	-2.10400984015143	14.3892700144873	8.53715432130335	7.10707485584872	-1.03060949534792	4.82831926621274	6.71376994702335	-2.23056537861553	0.333894715683512	8.13949620219935	-2.53273419248843	-1.57123986813873	10.3155946625262	7.70055834491535	-0.766407226238652	-0.405148916776186	7.18879970025157	-1.50083664006646	4.49474506104508	3.63740018302446	7.58767047587805	8.374935669264	18.8543094204359	3.62799711823236	19.7697680937877	0	7.43367657590503	2.26462788907352	10.1464745945754	-1.67199272372302	27.4518795183517	51.3761034880851	536.294536754093	1996.40195787478	312.519209604526	16.7693165237951	33.4594431458722	24.9474225652883	105.098671698496	402.507907389708	171.979662004261	28.3080471634582	49.3694243396849	38.5406202144311	54.7341129465163	127.76258701794	-16.2954492581553	286.985432793762	790.155846973111
640.186	10.1231666214241	6.15073597018945	7.05416043889037	-0.69741972461314	0.903404780645447	-2.21787368810202	1.87751401616583	5.4772043009438	7.64077238210706	2.41867428329582	5.65011314637286	-12.7699239685334	-2.67615298036589	-9.45947246113876	4.12338970149598	0.314835639685208	4.33398426630291	3.50679951664631	3.07136184900965	-14.6126366662132	-7.20224326690044	2.25546496696615	-5.62893819242403	1.4576809520117	1.72769544528223	9.39746908186615	-11.2674618048039	-5.61738994765768	-7.59258327029592	-4.57255753769123	-5.82853936674134	11.0201912493024	1.63958858445203	10.3857407078931	37.9474759099693	73.5316863643736	1344.0211792313	1212.14068043862	53.2014546177441	19.6007890612252	23.5154431364815	25.5374254982304	209.387053505959	347.136724270824	55.266447083665	22.4931951782053	38.8628025295361	25.7417959432866	78.5989398029635	-25.6003024282214	4.08148072676722	46.6252079937039	135.156938101834
644.903	10.7042392334824	4.97681317552473	2.25308330139728	5.2904151803153	-2.43660641422385	-7.01004969548368	7.59586863927656	-3.13921364624483	1.46206891825249	-1.4677865501076	7.89169177036428	5.48923100832042	4.39843894292765	-0.659831707696838	8.98262619776894	-7.0055274036906	-4.3835059136811	3.54686945654886	0.38830704038507	-4.92653528523769	-0.809393184765233	-5.70309178188977	5.31370601481185	9.58319006832786	4.19384810064111	-6.78917707831654	-3.01664325050995	-2.00526220423001	-4.67438015747969	7.92823749979596	8.51519981411089	7.54001685888272	3.97997545777736	10.5044118791514	35.916237455833	400.492603925553	1735.30143835115	369.67702311068	14.11392875568	9.91237732803198	22.2660024331	51.1088924462816	321.929310971646	196.225359248141	55.0759126392697	18.7936520986452	5.95558526494924	13.0179654346584	16.6389151970853	113.928410635461	165.124687151867	0	-117.172533771725
649.621	-9.43979119901506	1.68242032018135	2.66580550339091	-7.51142289013158	-5.86885552919878	-3.12808247388822	-1.9258474194382	-3.93274392335813	-2.54188250735404	-6.20234734180457	0	-8.84159815260663	-2.05878448851122	-9.70299048192124	-5.85628525710147	-6.45881094909896	0.683931587053545	4.3164913229754	-2.75662522896155	-7.91076301306546	-31.1923116674114	-7.71176024761985	-5.38892258529278	-2.6166113181277	-10.987466551293	-2.75411169461828	0.339927159837629	5.08411772860929	-9.48109388538638	-4.02023164295517	3.65357984076353	7.31428003014891	13.7907354194861	20.9625593429888	50.7088111209242	1054.81351343656	1199.96231944822	27.9593805267911	13.8664106676867	20.5840774964762	16.4226779250691	91.4032821639241	324.01757933344	69.6510389470481	6.66931620161593	4.01256421045242	-43.4871919042776	-20.5368136349822	33.7488847333302	-65.6483466218142	-8.37310300477365	47.8254946286978	-79.2207562679506
654.341	-11.0243490347967	-20.5025782145603	-18.1769496541287	-1.0897249625055	-19.7621000433724	1.44393698437811	-13.2556774465032	-6.27600151904789	-0.430226292757667	-11.0856580415895	-17.0961807002755	-18.9554714404598	-25.0890871301857	-17.3288806169076	-26.4321463923402	-8.1988947626832	-18.0583778573843	-28.8582136043453	-7.99838690541151	-21.9867401228172	-21.673549357015	-28.1934839502628	-35.1810781611466	-26.9520777313956	-29.8749158542774	-16.7812970852789	-8.28494888967235	-6.53989335917808	-17.1934546055475	-15.9904400550119	-20.2381072807172	0.675260933034315	3.41583037332366	16.7512968035051	238.261120530905	1483.66400760441	390.809813482815	-1.72082349447573	10.4477537170154	-12.6394747564452	3.64825144918919	152.251979944961	193.66916289736	-8.66114871198465	-11.8525578391839	-55.0108670236985	-65.0170798590125	-61.0775501941435	-83.7784504131401	-74.6680039137632	17.0062733625167	-372.356361444076	-80.4510488112942
659.063	-0.483351749393771	-3.44584234049639	-2.72997935323396	-2.56408171031039	-5.69381333583148	-1.45608395560085	-1.53393977505124	-1.34247224696468	-3.25384145364146	-5.08132499934422	-7.34819696013008	8.71909196847265	-6.67642754667402	6.16752636742187	-0.333181301282302	1.6535734241539	-6.30356265067036	1.47346735975889	7.6623888862019	3.83740984219999	16.3919068947101	-7.89740520316026	1.57675712707389	8.80440301607765	-15.9705344862613	-13.396953848625	0.348110215385098	-3.81810552243846	1.38704742178324	8.23402109908247	11.2245970510479	23.4924816158985	24.1119598626732	33.0805884197179	826.84965360572	1159.76354426819	45.7398089222723	12.5809231509472	29.316575636945	13.7262494239832	48.8773721383132	273.391091303379	132.095024017429	8.73400973382877	0	-26.7095305046916	8.65940010277622	31.5467935301733	30.7211738188935	29.5806267465329	150.056697755333	48.976796217305	507.048968604395
663.787	-1.4706271889709	-16.1631194159918	-14.6346077983213	-13.0022917494174	-5.45378085454627	-18.9022902488528	-12.0011280636409	-7.58559976867387	-3.08000347014748	-12.1105223867181	-1.4331626664987	-2.38075109144426	-9.62215492229974	-8.68753485236113	-15.5437747163788	-23.1430509603492	-3.19649566217706	-5.60389293108069	-21.2682606410599	-6.4864186568545	-17.0507271351494	-6.40755658304986	-24.3866804674504	-17.0821604112639	-12.1478314019504	-12.8719103659548	-13.7689054108049	-16.1931416525629	-4.57185777826786	-8.00288564623487	-12.4187350510583	8.28722419677418	-3.49343376476728	168.106428295242	1282.90527225305	437.507331915172	12.4255499495734	9.6795514793855	-16.2599554888195	11.932271820573	91.1463016831484	224.015387925955	0	2.21447979299665	-16.4510592353209	-17.7116845624678	-52.693506322434	-24.3766461271763	-64.2613439733765	-87.2735628818901	-213.05977398871	-231.80094121855	-102.848494952799
668.512	-14.3253404294611	17.6079609389105	6.77569584377502	6.73829444700508	6.78881030459722	0.892855802925701	1.79161180164086	-2.7439675470144	7.75919795297643	4.41407347031743	-8.66507555796732	-7.19715513608674	-1.79557769742468	7.35362473046622	-5.44808985099094	-5.4077564108966	-6.08423736118669	13.929191567878	2.47289398353396	-3.48601556085069	-1.28863459115658	2.42130408640744	4.83425679301388	-2.73850650335331	8.90269868714054	-4.32361852967351	2.4903389815783	-2.83784641448856	-8.15084834746278	1.75313111130717	11.471347026364	20.5293630627138	35.5549035226179	673.998015208239	1079.36127886309	58.0196513057666	9.59948243071543	4.87697866268844	11.7035316511042	17.5349914340844	171.877305539055	157.491191278346	9.0429861661975	20.8273548092389	-21.8125224413745	3.14961753470594	-2.52850269475959	-1.53525170152942	5.88684683397289	57.7135301856642	4.381582559275	-291.978467887062	766.929207758362
673.238	-7.95123384361075	1.77140006423025	-7.21747147752116	-7.15547832455316	-1.95134122268132	-5.68880780888935	4.05540304235362	-1.97178030757578	-8.02895230659249	3.39579589053149	-2.61517766648789	-15.8601390659996	-5.78045162109776	5.98878441854281	-3.08300605863523	5.10030311369444	-6.12087821513821	-15.5280039871217	0.829262130628379	-4.82213771856163	-5.61771202450756	-5.27775258189836	-6.88977408178828	-12.2007076389821	-8.58313333529338	-5.79954197440773	-2.14743124133836	-6.42360748712919	-1.78259453658238	3.88011562649716	5.94507023214798	12.6018281939163	96.6826104115281	1114.77782027199	465.852619120511	8.73550568001852	20.5742329159292	-4.01428562066982	-0.941921068108387	49.3936567493889	204.793118077174	46.9450797160671	-3.89890515948472	17.2112142266039	6.14428726901657	25.3486827810922	-10.1749199727169	-26.2564555466015	-73.0416870625949	-49.7666537308399	-35.2637566785066	-109.102254069288	-20.8526447074609
677.967	-1.00119457553786	20.0744255956687	2.42347068292215	1.13809960617339	7.20739955301743	5.7305355436016	3.40429138209521	-1.19174605818959	0	-1.05252438462653	-2.92706682901589	-3.12583189001007	-4.36713867635968	10.6459632336322	11.0422047523897	-0.685028550985017	-15.9584770174853	8.39321613421409	-1.25301722456761	0.441591670724836	-5.2236168623301	11.8598069906759	-19.1879185742342	-7.13624547254327	4.13508705516727	-4.01643134106265	-12.979096643097	7.90866391337362	16.1610297366308	8.17247813492454	5.63640250971743	21.5097239817298	526.914518053224	956.388621579398	68.9322686527185	23.9988576001287	21.1481082712286	23.8130804247278	21.8230926148427	138.605894371259	173.636402899725	39.0137752903258	15.0554314426787	0	-17.683874205558	-15.9591355232577	-6.40597099996112	46.6747908856323	63.6345531390109	-19.495659173628	128.768766612412	76.0863637529344	84.0224002557965
682.696	-7.08646526501285	-18.0427918807612	2.04206545752259	0.383594307018304	-9.60654121490209	6.40433497173614	-2.52430185402361	5.221784640899	-5.90631776831793	-10.6425402421017	-14.2064972057485	2.45829661375883	-18.3991972794406	0	-6.62937449761	-6.23396438562344	7.33469225131311	7.3294681456102	5.91257900333109	-4.4651289745972	0.880305062740428	-8.68384479720808	-11.5584919537219	0.801752653254646	10.2628710198078	11.8143756411625	0.364548319227832	-19.9920009428575	-4.72077174942502	-1.4371399341807	8.9050253559618	72.0227179780191	931.74529946627	443.352673784542	5.36157461660239	8.89764622574242	-8.55351559007297	-0.908621145577691	12.9519560788478	162.225555469584	104.021960866413	5.97705397164763	-9.92818276570089	-3.8110159128105	2.6821422707802	-5.3789962657474	-12.9547220287944	-22.0243092564421	-26.1396343044556	39.4258490030627	-98.7752991384018	-341.930188641186	-42.4793852295208
687.428	9.68449483508331	-2.27109602177478	1.23379399838316	15.0646311970699	14.3436358791481	7.3703435179694	8.31903297479884	3.64032247937453	2.9737780883606	6.16218722909856	4.47052755202105	9.5482053561273	5.558298607622	5.41988217032011	8.43241433561881	4.88249257247158	1.10788555360957	19.4227450260034	3.82748215384599	21.1326329425282	12.4103199762457	8.32807250799849	-5.81959715930749	21.3947897829193	10.3345272501541	7.80731739868859	6.97477889997301	13.1770386184794	27.4253802439299	34.0085929083713	24.7494747419302	400.68591444366	942.972953249379	88.6958600866598	22.7529689544551	-0.81452457650223	27.9930201094564	14.6394434398178	78.7373777634879	190.239961685599	54.8681314570483	13.8432084122226	21.3280046388303	32.2360478754772	-5.40173842829551	20.5829009097263	27.3948632784468	38.0195740109688	46.5699460756137	93.5812199221784	298.394869803319	482.044603647409	727.19165791021
692.16	-5.63724679238587	-7.76364029902789	8.68343755393251	8.93249383405745	-6.3722879052286	1.8525875057282	0.929354333577435	-0.203337904902816	2.06994452464426	4.57938299425315	16.4809104005628	-1.06667037532914	13.7848908508835	15.2580441912738	5.29886612584739	-5.96092241239957	3.34169759559755	-2.34338069096885	-6.84134732898438	-11.3017774882505	-6.68447339201677	-3.34931104093064	0	2.02933221845308	11.9299750804169	-1.49518015513841	3.32177602032228	4.04817235939219	6.25016248356148	36.7394944389596	60.9473170382015	784.423506445751	492.671556650886	14.5519451002513	21.7132624471018	25.3873212533909	-2.59799698036736	32.1976088341559	82.0788077568066	121.10465707599	28.9760586221932	14.5234955207005	4.6908255317025	27.7808797452254	-12.6724716298533	32.6757247558833	10.492786147914	7.96373868849137	42.7511878172949	74.1308709370964	186.37268649611	-199.057262179972	-215.04084761405
696.895	37.1489191907427	7.35657709201609	13.7380677593603	11.7302013608311	13.5064465177925	8.08239649836501	6.54965903521209	-1.43303140463255	7.40978315580558	16.8146974991645	-13.5759536350114	10.0231985568943	12.0030304943434	20.116461527392	23.8289998470944	12.3558297493688	12.7099217646447	29.4911822899363	17.2195172526092	8.64768115080967	20.638260742963	19.8108301959609	11.3610629779247	8.98969899657534	8.52392945899827	6.02133567885656	25.2683027893308	9.26287156236332	24.8002759116282	25.6359352233964	316.246236725684	840.631828376571	116.926239850893	-3.38094630504938	25.7644166485626	26.7964874455443	37.9267795817877	60.6647202194318	152.559147191088	52.3292182359327	19.0745459363872	32.2905250287229	16.8667175563756	17.0924964392697	13.6698539485655	8.77270013823779	-15.846063947357	41.6926661703611	20.4959576302176	163.621335728867	96.1074439393628	470.525618035962	995.905471494637
701.63	-16.6497649369741	-19.9374083967859	-18.8915968740822	-20.1093869183089	-6.81013230325644	-7.21006336550172	-0.707662784459282	-6.60620563282701	-10.5078163987059	-12.0335699628839	-17.0368892791011	-15.5224832396386	-1.51302242227106	-1.84418016839641	-15.7807678108475	-11.7479544159581	-26.0110265648504	-40.049466539491	-14.7599314081459	-12.3923671890338	-18.5499849543658	-30.1791919946227	-12.7297800405283	-13.1861159274061	-13.2843565923719	-10.2466301846626	-13.8647909381506	-8.96729210515586	-4.10599897517393	25.4826540259336	631.231865136012	443.099172702067	8.1574042762236	-0.378826372811614	-6.69221278363662	-14.9661969146981	-14.5072500465502	51.369108672995	119.821395573312	5.27701937061276	-3.39446225213883	-17.8172911354153	-2.04106229592089	-21.937406877582	-45.0311602718118	-46.444792822056	-45.2755272831748	-92.1734021450302	-82.6747037926497	-89.7369311937637	-309.212453372566	-333.900871249828	-895.135096037353
706.367	10.0041858656938	-3.75370603961539	-7.64713370598631	-0.79804737345113	-0.689168742928047	8.24811326544924	4.05811216175761	9.19231310721891	0	5.53530848324865	9.54407823090068	3.28779912954158	18.3737004982395	-16.7963872743113	12.3402623617493	3.96288090367466	-1.90742920943345	10.0319507920129	10.5435457444788	-2.32236531219414	23.3506999748256	14.6250782695437	1.71763016588021	13.3440270073	-7.1171174959022	4.22454563510348	3.41290448006729	21.552365999529	29.4639369747828	236.201509180096	762.54775348076	118.684673482346	18.3863451353695	6.51717150228262	4.3821125491381	6.31059393979768	13.791225931389	102.078227160485	86.825515591538	0	-4.00763163214225	-2.48698801612894	4.13101030664269	16.6500896543099	-10.23009731367	27.9767827828993	16.1709624460754	-6.54577052317946	87.8480183716229	11.7176233429471	-4.67037977108372	97.8130189733563	707.008653423423
711.106	15.9629462085277	2.84501897393567	-6.01060044032418	-2.41943284381494	6.26803951885775	15.7087270224763	12.5441752615259	8.65604755361923	-1.19399809445655	7.27191553939796	15.867412692666	16.9818203815841	-1.9341450669472	20.7457767448177	8.80279042618925	14.5627022996404	18.1192378977136	2.02758483110841	11.5428336667623	6.57131388270428	9.71656291348708	1.73877312058431	3.90549262027522	11.3779584300944	10.7884496558212	-13.1956224880438	8.4307837439724	33.6253191177979	48.0983705570358	555.951676854787	475.542176414386	23.987681820514	21.6141334406872	8.5230797837205	23.7523453317075	31.0359813141497	44.0586209759273	109.365034589076	64.0420887661138	24.2848189167795	31.2425994007534	14.4512422692655	44.5295849022432	10.4160793219746	45.1119875554729	6.78535629648235	42.2162799321444	54.573067936137	71.866292488952	139.136490555344	269.023796275767	260.594725263508	267.928949749678
715.845	-7.53558659492837	10.5524628359729	-3.04008059266256	-5.71067692235957	10.2153782591795	0.972889242433059	9.51701185484208	3.63062949955298	-2.65719574457784	-1.6975554225952	2.83253760604753	-14.5642542575974	-1.17391736944732	15.262449343454	-11.1308315207567	-9.94358471412327	-7.01959099296281	1.23063005559502	3.59274431007285	23.2657731968923	-2.80828937227098	5.27668788309601	5.26758790576346	-1.27884840757129	2.42517877829784	10.6001488367665	3.87652422589266	11.209312430308	165.658736537451	695.723084953809	146.207569813625	6.44546806160472	8.43884261374782	14.5001612160189	8.14482423235986	-6.88113119281855	65.488425621123	104.350370938127	10.7121907073908	7.64271430010349	9.36419862140057	1.90675912891092	-21.1148091928392	-3.24203837616145	21.8663247692239	58.3430080459832	49.5927283402419	-31.784491223626	-55.5925896747137	-47.9137765755832	81.1637297840317	90.9002037534568	361.372925909114
720.586	22.1239044699749	23.0813537150521	32.2186742032827	21.264334116447	17.3037974669381	11.7039790554761	24.7084934312388	7.49359027560948	5.81207210336298	12.7636273001363	16.0913410533204	29.950392670546	6.27661001004501	24.0987037171022	24.9212628494311	36.1821340413615	28.5398083009565	24.2631488846583	20.2599199773182	37.1282860505275	16.892035887136	20.2780822655419	6.16094696244756	25.6411766871348	22.6918249412767	27.1572742726916	26.8151655010551	53.474773197343	464.157234874931	456.93644709149	35.6943350663909	26.6067891500025	9.61366763879857	20.0368834264464	29.8032392802676	31.9051259715347	105.318078344484	61.5081770249977	16.8757012899344	35.5731099490212	21.1223397322636	31.8590977598509	49.3915704442062	22.7512404270228	67.6698471446821	83.7202254796761	116.006861012419	80.4992416500187	111.46429912298	30.0212872096693	162.734967151547	291.610880106164	1290.62292082095
725.329	-14.7474763829962	-2.43369455710468	-0.881418108162898	-17.3849626370221	-5.36182492999642	-11.1888636014959	-9.16226066682781	-4.11766989900538	3.43181457817566	-8.9001908950269	-14.0524085440904	-5.30538123207687	-9.52998970607055	0.774388965303718	-12.0481744937758	-10.8378248418774	-22.9526171387555	-12.0717206460469	-9.11446611965792	8.67279001046502	-17.5734587409383	-6.24702310148701	-10.6907138066672	-16.8704759594493	5.33213058905363	-6.77270308303113	2.36025360022675	119.239315933717	579.548975599746	131.041267299419	-24.5995659298149	-3.46268483381018	9.73117160258051	-3.97682081038799	1.23976077520931	29.6765686353589	73.3777005520053	22.0606180680771	9.31743608084988	-28.8063245252486	-8.90854563806675	-45.147898042015	-12.1417068729971	6.57980560549385	-74.2854227655462	-18.5739186563481	-39.1415886216218	-28.8586160711887	-101.977962651259	-30.3882252376427	-24.2241192220003	-175.260228523389	137.515545450554
730.072	-23.6329856222593	-7.83632138587708	-16.4077823684455	-22.0747874618081	-21.5808631590599	-1.65566800703709	-8.47180647175222	1.52648364888922	-12.0861519249677	0	-4.49906550778418	-17.540524788211	-15.9822298097437	-19.8698929008567	-27.2772106063688	-4.13649977481075	-0.796398447197614	-20.9429267246436	-15.1325239212439	6.30268886284978	-12.9037362081084	-10.7758740832374	-16.1359356245228	-15.6697265976451	-11.9688276366803	-4.00875306558817	-9.103983131835	342.974521350573	401.783726525142	8.97254014679098	-18.5645701219291	-20.5183538381863	-18.0168616689746	-10.8042836376366	-0.831654271604501	36.0093111673476	50.6162144754385	-25.6510233292821	-14.5840497898011	-17.8373639518196	-22.7088602018706	-25.9594613583648	-48.8692782708484	-28.9659188940753	-22.3273355935238	-91.1117418116551	-7.03309706399852	-49.5359808712416	-124.445592267806	-174.291570158276	-14.6249852122388	-102.098332196073	-853.293543338368
734.817	-26.5678299238563	12.3309624432781	-1.33978196526589	-6.29182493426637	5.79565136931023	4.6687003228058	-9.78647804489092	10.1022161880991	4.47125237717478	-8.14622796078071	-10.6800412662052	6.14425799927753	-15.2906408032949	2.3541889149005	4.95992971845098	-10.6038374359324	2.80713409308983	5.90554678499934	-12.4688357265959	-7.81208947142387	3.36910434585151	-10.4000113237741	4.5139460241976	-2.63011585029654	-5.81897324549765	3.63342771330097	103.643403512731	510.751816369425	148.112495806096	6.28596946059585	-4.28450895506228	1.94940178567298	4.33889067405723	6.44787939073255	28.0577175794856	53.9542303633426	39.7508847485632	14.9034672177098	-13.6382348537862	-1.1227301900781	10.2311716602849	-11.1109019939662	31.8452306548176	15.0022528529108	20.5301947316919	-14.116456769851	-14.1658068756425	-29.2439747543476	72.5576674941407	33.8734102299137	-88.3713309473017	-158.905743230361	650.308568897005
739.563	8.39876276416217	9.4802497208265	7.68017302295822	3.39456843176287	12.0922027488618	8.77102846395533	11.4230885371864	5.55402774868137	14.5745073146713	28.2539368900597	8.18480259895073	17.4811977120722	16.6891860592383	17.0674140961667	27.7890612997388	17.6226847168887	11.3587975774303	16.2152961693412	5.13882743774182	18.768952385918	19.4753657811526	28.8174624293149	36.0738639450044	29.2669033735118	36.5802599482874	21.6450749784664	311.311259547818	416.960349932637	34.5454241740708	30.9996004845148	21.6710657227955	8.28246978005104	26.734374966771	17.1220366780109	59.3082053261258	90.8177878559171	24.6003013553901	30.1527219067579	18.0415125147787	22.1472201304811	31.0495875905593	32.3970663614528	26.3574525361339	37.0976041126458	56.3712726540814	40.4606246666597	107.476073117701	114.852545368664	71.1751779292795	186.907486409194	263.223082338884	595.717601158252	352.421109675314
744.31	-9.62038954303485	-6.0515566551754	20.5472770923298	-11.5791858997127	4.07383886188706	-1.36381934034216	-2.56561041700734	0.673610692683311	0.253971842752942	-5.3542657634988	-1.98535938156389	-2.74837754816464	-6.17109511000946	2.80812859035168	-3.51077963862582	-10.4543656312335	4.51010543900991	-4.31281639631842	6.61026797724703	9.98403541277973	8.36554489790095	-14.793973813336	-6.92271594509799	-6.72270072817992	1.69983672209098	78.42535748946	471.960626308329	141.827716381278	1.21795996840748	-19.6823638186859	11.1505243961382	-3.18896852914371	1.20986292430035	4.1202713057684	25.2614595517578	43.859764617705	18.1693906018959	-12.6979894447877	-11.7987605883221	12.6269068673766	290.433922157948	-5.34588083403875	9.61975399035543	-17.0428751548435	18.9913687358446	-21.6493994046606	7.24169470994221	7.03519859302503	17.9840810565295	-22.0390651011931	0	0	71.23797915875
749.058	1.71506641199143	9.67955538812187	3.69018128302078	6.9318665903569	2.61893760962896	5.85546953513489	2.85101397585511	-0.453663317348482	-0.76970228466606	9.01497702834212	19.0536721649032	11.1058635740449	1.66244361004886	0.405261084251159	-5.91109952172065	10.1700530817993	-1.24259961722238	4.79258259153137	-9.06276214704483	-4.03442879552015	17.3992011199252	19.1484962843791	15.3856250189157	8.60244829740241	18.4599968372918	294.807325399621	382.08601005469	45.9800730341986	17.2257048158651	8.52150730831113	13.275997183235	13.6916287359733	18.7408245978671	24.974282212686	66.6105622597165	31.518069142647	14.490853649964	9.23598904229035	13.0029202988798	19.1339302789162	14.2971386217625	27.0025779689473	-0.747543663072351	20.6604634620417	-2.01952210721483	59.5367849338962	-17.5576911288354	-15.9909708043848	43.1487099791777	66.792911278728	50.7088466431693	598.586894350551	383.818823512108
753.808	0.582698449386713	-8.82744265683925	0.94031179924193	-11.9227970820305	-1.52535622627602	10.532179070455	-1.05669785970984	-3.23680010523242	1.30754215880057	8.57601587731082	6.81424907482172	17.7881652252931	10.1667547833226	4.13065646447588	1.60664963240823	-9.16984264251896	-0.422176578761908	5.32895854931919	4.37556022565235	21.074636861399	3.04016174302069	9.04458395617711	-4.27688810861849	16.6132708781808	93.2023677535264	428.41391104387	169.962205794987	20.9221260266098	4.18034269511092	12.4080220374461	16.4020215589329	13.9553036166685	14.9491858254349	42.8496534370662	43.6457286890562	12.57067078377	18.7085654489692	-0.522992040411839	2.20888865955301	18.3204491363644	-2.53434338746646	13.0732333673851	32.7634174429308	1.75486207688072	46.3143213988818	13.6227930450047	-16.4045008059982	16.2989266656161	78.7004666609347	71.3210839050869	129.213507867258	98.4055719516427	48.9013060388391
758.558	1.77987865842099	-24.8490116791921	-4.78704123746354	-3.14729684979452	-9.31853859057201	-7.14911452013615	-8.33830561604703	-9.65154809500864	3.19515713265999	2.49484064394848	-1.04072153565926	-13.5836879651424	-15.9587220094857	-8.41151747715288	0.817930610962697	-16.2375057169719	-6.01793441519153	-7.23446395798805	-30.6907940241749	6.28033438984517	-7.73859247758663	2.90811463817762	-7.74159843498902	10.8070151451875	200.932025656319	373.022970917136	6.83663819203443	-9.37311118801981	-5.95888768770144	-2.10560345396413	-4.17505946664063	10.8657322506185	4.22805198295543	35.8533145183446	27.8306610551304	-11.851135831083	6.51666688932126	2.13000365736986	11.2452498317798	12.0345456002221	-17.4178485539501	-16.1132270739572	14.7400724857718	-11.6139947146466	-40.8688744280248	23.9580988975323	-42.5161219394663	3.68783745219643	-120.197060044523	-9.90243014061435	-5.26251306085114	-60.1168503437017	-1095.38910662918
763.31	8.47239573888626	-4.85358710578208	24.4144097710608	27.9755451685627	2.77232194572219	26.2520855723556	1.92053935730365	10.3250136504394	2.17275129946507	3.81718427563383	13.4463973216073	28.1311583908036	18.9179423489238	6.4349425134406	10.4288286384798	16.56259466209	15.7845051790737	22.599119112289	21.2067824847625	32.0303606522113	21.5756372130618	10.8765712552248	27.1445348244572	69.4952277907023	419.45307074282	181.417504715227	24.8431422611355	18.2523771857834	19.1028821863721	7.30238216749145	1464.54897073233	21.7402675103038	38.8143112508149	69.1767138270467	40.2924393879742	26.1109566302997	25.0545903356467	33.1328847093746	18.3526231759136	40.509109209114	17.7665689862215	13.5774230088939	60.1407260762937	54.6762321236861	33.1359037631631	61.7375010017324	54.2091644617059	120.373476990988	48.0798076148234	191.913022203121	75.1502239014586	511.003681825516	558.659873215779
768.062	-11.6058239567808	5.98766072431497	-5.42142046188584	-0.925812199991832	6.79577082250316	-4.78430488095266	-1.38464791516264	-1.69654115462633	4.66029204137486	3.53182149612455	15.7151742204695	2.11898068440678	9.76949923378544	7.3611643485014	4.21055847415406	-2.92557073091297	7.52352854099856	1.86208543340958	10.1929446861426	10.776674219573	24.4332808040055	11.4773425804869	18.4317095623839	195.923343713779	350.444473823249	23.1678051115446	15.837198192328	7.45698459924942	-6.13505466446661	7.80427064371694	204.178266379303	13.7685709291707	49.1894536043814	44.4738221798413	11.5538061873813	10.7373197102877	-19.0957680305253	-1.64473089085673	29.523138616734	9.91226537419213	-15.940253523255	-12.2618740107955	-4.79237181577668	-3.67918393144934	-16.1835042320089	35.0522381162839	32.8297929777355	-77.8357058812437	29.1177727249244	152.927744423972	167.960870682326	-41.262752652689	358.83683180205
772.815	23.1968634480649	7.07181910354438	23.1494967879522	1.85044502326916	14.7813744458782	9.19472607282983	13.8376597522441	5.8130076236269	1.6437613084367	6.41740351252108	9.28032451943565	3.38820962773971	-14.6449149491249	16.0111530295499	9.2573285069326	21.3012961378797	0.884557234383406	15.3524199974236	29.5407118876704	10.7698101068325	15.3937788838975	24.9348525714768	54.7620718989673	370.325162499879	176.944249737873	18.7005392307097	5.27570360702008	3.06856732622521	28.0281005375058	2.59976659287903	282.660477078331	24.0796520173665	59.1637584048537	42.2232202023328	14.3175943877774	0.48774912109426	8.25236979043614	43.8315544863165	8.67774532349621	26.0031235785681	41.1527596553644	25.9497824028105	33.5252354817008	50.5565569566416	42.0503103383955	37.6247201734619	35.9335377735483	62.6083477942643	60.6233883385428	261.509690104829	124.536756656768	-82.4729413732378	819.676054115676
777.57	4.3602119154523	12.7667253256952	10.5542379139937	0.94408278633274	-7.74516338610499	-4.12814895935653	-6.77747264172026	-6.92008725053274	1.95681347934215	-1.30964392088101	-7.28423081616933	-6.48239412508603	-7.24530687387127	-1.32466489465671	-5.15238288240059	14.9165293311008	0.902588564379087	-1.42412478824952	-17.1502632753358	-4.94520668567229	28.1653062525687	1.01772556531886	184.398633791235	307.824321002028	31.3391952213627	5.90625345051455	-20.6357787210889	-10.2879617395739	17.8746510422629	-3.09488870797631	0	21.0604334336048	51.4918770823308	1.36054493436515	18.3796338821579	13.4376754500206	-3.68400852047962	12.2993866678604	-14.167420063515	-1.26348506660144	-21.6731052816365	22.0656315710585	31.7651595978488	18.7589568244185	-1.10019200928781	-13.2385118583053	3.18835025581512	21.2948642768011	0	166.342102428852	-93.9252856426766	-42.0770589288551	235.233227343926
782.325	18.9744206472878	21.4177077142671	18.3716345604176	14.8586546734337	9.93404073917922	21.7207712856649	2.00720755819016	-1.5057140450239	7.0962533483248	17.2875837021081	26.2572817377415	9.65393935414929	12.4147585736428	32.281594731091	6.97564832266379	17.3100150551775	23.8287294836178	23.6189498112192	2.11083630411938	9.48480860961491	7.69975456735544	52.1866926864108	361.066192437547	213.886772790283	18.523171864238	16.6076789311043	27.7862908784868	11.3547931033135	11.343714865201	4.93829913732157	16.4680629456903	33.8592529620215	52.7356506368862	32.6954783651127	19.1412348851376	37.9017584164875	25.1164442500155	30.0866861731144	33.56643885981	38.4883311180592	26.8209083162118	19.4180747220685	31.427348644617	6.66675415669612	60.3253650076458	2.68848041226875	14.5685473785901	33.4171051216736	218.585349475406	207.611149365656	33.6606552382688	384.525900464494	1937.38855529325
787.081	3.24727222153615	10.9962451980521	-16.7685959060285	-8.85914325170851	-7.65047893309472	-1.56517103320385	8.83317677437789	2.57687097955311	-0.87440328737363	5.80338385397939	3.03796541824833	-13.0671629491484	14.1643677041703	-4.60387907601908	-18.8024875057732	0.444364010537669	-8.94030979027056	12.8688362512235	-4.33496878054509	18.3328950517962	14.6832981664553	167.659013633657	323.087417333192	38.5761373717055	10.7293856007279	12.3163269993063	14.499861705267	-6.99571163093311	26.5577679605458	1.38295289197404	25.1365058314294	48.949581254724	31.9351500500818	1.4185740968694	-13.267073920701	4.15135149084664	14.8158129301752	-7.57780215379575	17.2336272887888	13.8324321313457	-4.23703009195341	-4.60135238273083	20.3815313884707	16.6251948971125	34.4135025577813	16.56378369779	18.2838584285067	-40.3693096472611	206.392165705818	7.22653449867109	207.383996531359	274.198155649179	136.259031462922
791.838	-13.6252171670883	-0.578184253320411	-36.1219557912503	-7.37540585006121	-10.6152828920628	-3.90910427791483	-12.3543642802702	-9.78254189304973	-0.291182970532258	-1.70520982117885	-4.17312092313482	-0.450151554453581	-9.43368517334756	-0.919876129024926	-24.5982467162938	-15.0936140272436	-0.47008285532378	-15.8230918958915	-3.78939146317382	22.8937275713709	41.1859013830728	289.936302245957	195.779573919685	-10.7907645412057	3.89778253205616	-14.6705029156476	-18.6912180017286	-0.465925076700163	-5.12017549558022	5.52640645806412	-7.76187392678131	40.2182640052964	-4.16138430641683	-1.88958401877574	-14.7267896872627	2.59205951422102	12.0603482279981	-14.5584575291573	-3.68931179657148	-15.7930474514855	-7.76029853070886	-1.53228547355259	7.63560625493153	-2.93099126277468	-43.5478445408305	-35.853131804444	-56.4585248916106	76.6267434325167	-7.73214377955756	-7.21947348218654	-374.077460069464	-32.8716285340543	-435.602858675184
796.596	21.1498778873704	0.588979267007959	18.1315457724199	20.0349564762843	-7.78570270753611	-3.98208937556113	11.9857399656241	-2.0979341594618	8.00872689326724	2.77927522184834	10.4343595071931	-2.29278064096323	-7.20736289514141	21.5521664543716	10.9341858884043	15.3754199897598	-15.3235058324248	12.5925918796669	14.8891170508277	18.6569327083954	136.784352773571	300.209069634518	81.390993518169	-25.6485459286566	9.92639061641245	13.0160983042709	16.6601690344514	6.17011395854184	11.3798660724958	0	53.4871245446164	29.3301946733689	15.0722830544458	-1.44364768316132	23.0026784885228	0.528090934320506	17.311416620238	9.49137397089263	-13.7800419142786	7.37362643209992	17.2476818496326	3.1217881492868	2.59272238873349	12.9380959923793	49.0304755213737	-43.5460925391325	57.5126361813658	67.7866949483374	139.15162541187	36.7713248441344	240.361988568812	524.60396820075	416.002312847877
801.355	8.55831629350891	17.7953788994976	1.38107211386967	7.35049389551441	13.068704663247	7.90638625180661	4.39736959522871	9.05526254490073	12.0347414818729	17.0944688871376	6.6722331761199	-2.37510568973592	14.9323038710326	28.311985604233	14.5517800969622	7.41721485516589	18.6020094779315	4.78307281797494	16.1853943366631	57.3765334944017	256.004943832379	177.587821857483	25.1265203976626	16.718895411924	18.4233672359396	17.4785553464976	23.0111632770148	15.5694265664854	18.0101684002264	10.9344835859844	44.9685227760281	21.30048310547	32.5280656672463	0.830824217204669	25.4689931803199	2.73526337494645	16.8724498796011	37.3827417714531	17.8435386331008	19.0959634122588	27.9171572308915	24.2540978290218	38.0490770992352	24.0560454665481	39.3025392219748	44.8671423153231	48.1878428482586	173.778395631115	147.321101908717	165.063788608029	151.824679936691	356.512388132736	2178.63795967855
806.114	11.4110883913452	28.4726062391962	3.68285897031913	12.9714598156137	4.4806987416847	3.43755923991592	-8.79473919045742	0	-0.512116658803102	8.39728296210267	-4.67056322328393	3.16680758631456	-16.176662526952	-3.64011243482996	-3.53962218574757	-1.56151891687703	3.30702390718783	7.82684642941354	-11.4249842376445	70.965712479918	221.771724598979	39.6193303356588	-24.1959085310825	-4.51862038160107	-8.14055761588029	6.65849727485622	6.98553170909377	-12.7013743042381	-5.73050812734476	17.009196689309	21.6812520527278	3.21516726120302	3.6594073875652	12.0469511494677	1.29503355154169	5.92640397905064	4.33862996904027	10.7539394137057	-0.540713291912147	4.6293244635779	-6.2038127179759	4.71607457786534	-12.6830256997451	-6.01401136663702	12.0930889913768	32.7408876355061	59.8697441448061	88.6624467505691	31.7306988726467	41.2659471520073	-45.5474039810073	28.9064098486002	430.939376639713
810.875	34.8038195936029	29.4894850334532	29.0025143912631	28.9695935882039	22.0301021466165	27.5004739193274	12.4161023865281	7.92335472678814	14.85138310529	11.0964096284928	18.6822528931357	16.6257398281514	36.5011872403019	19.4139329857598	21.6310244684574	25.3746823992517	13.6414736171498	11.7402696441203	39.511403821854	180.685750214827	158.266622252963	26.1021470446694	3.25714153303034	13.5558611448032	18.4233672359396	26.2178330197464	15.6147179379743	22.1249745944793	11.8703382637856	42.5229917232726	37.7414387584521	16.8796281213158	13.4178270877391	24.0939022989354	26.7640267318615	10.4851762706281	13.9800299002409	21.5078788274114	27.5763778875195	19.6746289702061	44.6674515694265	-2.6948997587802	44.7636201167473	45.5346574902517	56.434415293092	110.348917586335	102.216636344791	127.673923320819	108.79096756336	114.27493057479	242.919487898706	713.024776265471	1268.87705343915
815.635	30.2393842370648	37.1160759903807	13.8107211386967	33.2934135267418	37.7125477425129	7.90638625180661	25.6082111722143	15.1675647627087	17.668024728707	24.2921399975113	25.6880977280616	13.4589322418369	1.65914487455918	30.3342702902497	27.5303947780367	49.9686053400649	38.4441529210585	22.6108896849724	84.7352997625304	247.121736366239	82.35817960499	34.4921228804559	23.7306025977925	32.9859287856878	25.2785736493125	34.1247985336381	37.8040539550957	44.6596709407081	34.7923707731646	54.6724179299219	32.5218780790917	33.7592562426317	33.3412673089274	29.4942597107657	32.3758387885422	-1.36763168747322	34.7090397523222	35.8464647123523	36.2277905581138	34.141267918887	40.3247826668433	45.1395709595683	52.2242234695385	73.8864253615406	64.4964746206765	100.647913842482	238.018738917156	141.859914800911	183.58475776317	238.072772030812	328.953473196164	433.596147729003	1316.75920639912
820.397	15.9755237478833	26.9472880478107	6.90536056934836	18.5924257357129	5.97426498891294	-4.46882701189069	6.98405759242207	15.3939463263312	9.47415818785739	5.99805925864476	10.0083497641798	24.1469078456485	12.028800340554	3.23565549762663	21.6310244684574	2.7326581045348	21.0822774083224	30.0029113127519	170.422681544864	146.964454213731	31.7525511730082	16.7799516715732	12.0979542655413	4.51862038160107	20.1371688392828	15.397774948105	4.10913629946693	36.4652359057158	38.8855908641251	36.8532594935029	21.6812520527278	19.6928994748685	-0.406600820840578	29.0788476021634	5.18013420616675	25.9850020619913	20.2469398555213	19.9716017683106	25.954238011783	10.4159800430503	29.7783010462843	10.7795990351208	28.3502927406066	31.7883457950814	35.2715095581825	78.8206554188109	74.4721207654905	93.9821935556032	158.653494363233	50.7888580332398	-50.6082266455637	317.970508334602	1460.40566527903
825.159	28.527720978363	25.4219698564251	29.9232291338429	14.268605797175	18.2961865285459	19.9378435915123	12.6747711862475	9.73440723576828	18.9483163757148	17.0944688871376	9.00751478776186	26.5220135353844	34.8420423657427	28.7164425414363	33.4297650876159	21.0805053778399	15.7083635591422	101.749003582376	216.598659505344	94.6209499732239	43.6597578628863	28.8988056565982	20.0081551314721	26.2079982132862	43.2734904844163	28.2986134181389	24.2439041668549	15.979148318235	42.1601669368936	39.2831447348328	30.5143547408762	23.3099626437219	34.1544689506086	27.8326112763564	28.0590602834032	29.1761426660955	41.4580197041626	35.8464647123523	58.937748818424	40.5065890563066	40.3247826668433	56.5928949343841	52.2242234695385	61.8584026282665	93.7214396831706	162.491812709549	102.216636344791	99.3019403606374	158.653494363233	317.430362707749	339.075118525277	510.67990732527	1268.87705343915
