"","500","495","490","485","480","475","470","465","460","455","450","445","440","435","430","425","420","415","410","405","400","395","390","385","380","375","370","365","360","355","350","345","340","335","330","325","320","315","310","305","300","295","290","285","280","275","270","265","260","255","250","245","240"
"248.336",0,0,0,0,0,0,0,0,0,0,0,0,0,0,0,0,0,0,0,0,0,0,0,0,0,0,0,0,0,0,0,0,0,0,0,0,0,0,0,0,0,0,0,0,0,0,0,0,0,0,0,0,0
"252.814",0,0,0,0,0,0,0,0,0,0,0,0,0,0,0,0,0,0,0,0,0,0,0,0,0,0,0,0,0,0,0,0,0,0,0,0,0,0,0,0,0,0,0,0,0,0,0,0,0,0,0,0.519085623505624,0.0230257362233998
"257.296",0,0,0,0,0,0,0,0,0,0,0,0,0,0,0,0,0,0,0,0,0,0,0,0,0,0,0,0,0,0,0,0,0,0,0,0,0,0,0,0,0,0,0,0,0,0,0,0,0,0,0.533290863061315,0.0194970231960334,-0.012672372439814
"261.781",0,0,0,0,0,0,0,0,0,0,0,0,0,0,0,0,0,0,0,0,0,0,0,0,0,0,0,0,0,0,0,0,0,0,0,0,0,0,0,0,0,0,0,0,0,0,0,0,0,0.559359276738831,0.0332924282672078,0.00932621830778805,0.00580045892533071
"266.271",0,0,0,0,0,0,0,0,0,0,0,0,0,0,0,0,0,0,0,0,0,0,0,0,0,0,0,0,0,0,0,0,0,0,0,0,0,0,0,0,0,0,0,0,0,0,0,0,0.568568511088742,0.0395378300695198,0.0112501084408769,0.00657250557423236,0.01284073236551
"270.764",0,0,0,0,0,0,0,0,0,0,0,0,0,0,0,0,0,0,0,0,0,0,0,0,0,0,0,0,0,0,0,0,0,0,0,0,0,0,0,0,0,0,0,0,0,0,0,0.567185278633596,0.0491647612731703,0.0161273908618122,0.0145367467346764,0.0107635376888081,-0.00307506150231193
"275.26",0,0,0,0,0,0,0,0,0,0,0,0,0,0,0,0,0,0,0,0,0,0,0,0,0,0,0,0,0,0,0,0,0,0,0,0,0,0,0,0,0,0,0,0,0,0,0.54739048454786,0.0715920510626845,0.0309499687089102,0.0308056514553064,0.0254872117543295,0.02783097113486,0.00567057057037234
"279.76",0,0,0,0,0,0,0,0,0,0,0,0,0,0,0,0,0,0,0,0,0,0,0,0,0,0,0,0,0,0,0,0,0,0,0,0,0,0,0,0,0,0,0,0,0,0.30025912352833,0.0786399386260047,0.0404125942734538,0.0399656226614453,0.035827492035666,0.0300027583229009,0.0235626044195188,0.0046978330982239
"284.264",0,0,0,0,0,0,0,0,0,0,0,0,0,0,0,0,0,0,0,0,0,0,0,0,0,0,0,0,0,0,0,0,0,0,0,0,0,0,0,0,0,0,0,0,0,0.0877391271362003,0.0345772359911422,0.0452828539871861,0.0418813848680388,0.0439704567219525,0.0308682163674108,0.0295171610976879,0.011797625468977
"288.772",0,0,0,0,0,0,0,0,0,0,0,0,0,0,0,0,0,0,0,0,0,0,0,0,0,0,0,0,0,0,0,0,0,0,0,0,0,0,0,0,0,0,0,0,0.10565885646794,0.028810516399818,0.0411418500624074,0.0452665874805367,0.0512481549152561,0.0470203835506986,0.0456666656973489,0.0283708303331269,0.0065028122896712
"293.283",0,0,0,0,0,0,0,0,0,0,0,0,0,0,0,0,0,0,0,0,0,0,0,0,0,0,0,0,0,0,0,0,0,0,0,0,0,0,0,0,0,0,0,0.100994425019865,0.0247771852988006,0.034780926283434,0.0469986186981112,0.0505872843647273,0.0527978404139733,0.0496761965574956,0.035455405041832,0.0285329537141167,-0.00115659546894094
"297.797",0,0,0,0,0,0,0,0,0,0,0,0,0,0,0,0,0,0,0,0,0,0,0,0,0,0,0,0,0,0,0,0,0,0,0,0,0,0,0,0,0,0,0.110101923380896,0.0177087437028811,0.0282284630568385,0.0395460521730022,0.0488055162034065,0.0546802307030571,0.0506348217640885,0.0454237440369665,0.0385813848330221,0.0286257321258527,0.0415292353077205
"302.315",0,0,0,0,0,0,0,0,0,0,0,0,0,0,0,0,0,0,0,0,0,0,0,0,0,0,0,0,0,0,0,0,0,0,0,0,0,0,0,0,0,0.133592340704866,0.0114935899300456,0.0193778910784146,0.0317316050498567,0.0386512189642477,0.0458579161060866,0.0489101911539771,0.0426170493565235,0.0395380530668004,0.0336966915390285,0.0255547388410283,0.0143013602268844
"306.837",0,0,0,0,0,0,0,0,0,0,0,0,0,0,0,0,0,0,0,0,0,0,0,0,0,0,0,0,0,0,0,0,0,0,0,0,0,0,0,0,0.161047359044022,0.00809057448100598,0.0133080984320821,0.023953841152059,0.0336204138589238,0.0454753890844714,0.0486478441424856,0.0473688475577307,0.0455708891492384,0.0409679319489313,0.0371715185510819,0.0354950754887527,0.0271904729390731
"311.362",0,0,0,0,0,0,0,0,0,0,0,0,0,0,0,0,0,0,0,0,0,0,0,0,0,0,0,0,0,0,0,0,0,0,0,0,0,0,0,0.168294227053183,0.00861358045597749,0.00867148786934296,0.0162022520775619,0.0260475620540763,0.0406730654425294,0.0468350410926155,0.0480281760377136,0.0634803512933313,0.0431128620873333,0.0402637412935773,0.0343044171962758,0.0348764888179635,0.0394204543753857
"315.89",0,0,0,0,0,0,0,0,0,0,0,0,0,0,0,0,0,0,0,0,0,0,0,0,0,0,0,0,0,0,0,0,0,0,0,0,0,0,0.0896213970921569,0.0098290607024797,0.00480076274281725,0.0103820260052241,0.0194127844815548,0.0358384241468791,0.0469377026173981,0.0515567939568302,0.0522527169472464,0.0486971138609257,0.0444351961367887,0.0397110370459596,0.036493773657994,0.0366741812474016,0.0373605493463922
"320.422",0,0,0,0,0,0,0,0,0,0,0,0,0,0,0,0,0,0,0,0,0,0,0,0,0,0,0,0,0,0,0,0,0,0,0,0,0,0.0306313571510126,0.0136281949704492,0.0043753070601908,0.00556158965851552,0.0131727402509394,0.0254875979696347,0.0436527916376492,0.0511558223967687,0.0568776022222998,0.0567857436512452,0.0515197814475577,0.0471751651018747,0.0411268446434533,0.0368488921183343,0.0302522521542753,0.0153611246065702
"324.958",0,0,0,0,0,0,0,0,0,0,0,0,0,0,0,0,0,0,0,0,0,0,0,0,0,0,0,0,0,0,0,0,0,0,0,0,-0.000348389554965689,0.0189027742800119,0.00402316796761494,0.00461181358949398,0.00806861770503632,0.0150384974883073,0.0329544604329788,0.0437454999419118,0.0543783264724666,0.0580292050231764,0.0592614621778699,0.0538905172066681,0.0487144995829885,0.0420533646334588,0.0361845085880039,0.0294675026219628,0.0410978944002651
"329.496",0,0,0,0,0,0,0,0,0,0,0,0,0,0,0,0,0,0,0,0,0,0,0,0,0,0,0,0,0,0,0,0,0,0,0,-0.000475948932192272,0.0269348510999032,0.00404281618152109,0.00515519537085604,0.00639732168089756,0.00742664112550286,0.0181217573661919,0.0313404159581387,0.044783413879653,0.0537265674016983,0.0589835004749902,0.0588039459437362,0.0555698093740265,0.0472853500374451,0.0415613960149682,0.040249206105845,0.0373891899144803,0.0260228004789472
"334.038",0,0,0,0,0,0,0,0,0,0,0,0,0,0,0,0,0,0,0,0,0,0,0,0,0,0,0,0,0,0,0,0,0,0,-4.70192413042914e-05,0.0360579672927931,0.0041091938512783,0.00387247145305085,0.00576450356285764,0.00687094554197412,0.011867630172121,0.0195423433469424,0.0319688564781955,0.0454691759230689,0.0552566625578713,0.0595125265021079,0.0585226726936429,0.0551257127086234,0.0474128292296689,0.0423707807047825,0.0335968390087866,0.0362936888940667,0.0317421004241836
"338.584",0,0,0,0,0,0,0,0,0,0,0,0,0,0,0,0,0,0,0,0,0,0,0,0,0,0,0,0,0,0,0,0,0,0.000567917329435896,0.0473541952939146,0.00440521853026618,0.00474564063853272,0.00530765060117681,0.00763186402014269,0.00895899924396616,0.0145023154497736,0.019941336906967,0.0328289527228034,0.0451378391641025,0.0518732540215564,0.0556947169247087,0.0571405376428764,0.050946711868496,0.0465295413515977,0.0425672346978296,0.0404923554305849,0.0317540562846704,0.0696946264572729
"343.133",0,0,0,0,0,0,0,0,0,0,0,0,0,0,0,0,0,0,0,0,0,0,0,0,0,0,0,0,0,0,0,0,9.17398693755511e-05,0.0601958620964387,0.00476364868479086,0.00456353788406477,0.00603899723221841,0.00702055638962625,0.00868833790243801,0.0130195807536218,0.0139966779626685,0.0195315001406392,0.031076600839125,0.0405152906019155,0.0468155997496267,0.0498111672995754,0.0480788913157765,0.0446785636927078,0.0393182721538138,0.0357512399306101,0.0338034644292057,0.0323391628084624,0.0276408310547545
"347.685",0,0,0,0,0,0,0,0,0,0,0,0,0,0,0,0,0,0,0,0,0,0,0,0,0,0,0,0,0,0,0,0,0.0723324387496778,0.00493927357786629,0.00551613066212913,0.00715083291950243,0.00857992926894366,0.00980212915521148,0.0122411083174763,0.0146994050298415,0.0163992177396212,0.0210688596354871,0.0313893042076152,0.0398446099226223,0.044852430630962,0.0480202701589058,0.0445494008020597,0.0414902759747245,0.0369046912859825,0.0341717615647958,0.0325281699601412,0.0366263431998903,0.0481101966058708
"352.24",0,0,0,0,0,0,0,0,0,0,0,0,0,0,0,0,0,0,0,0,0,0,0,0,0,0,0,0,0,0,0,0.0835394005846703,0.00461095321270454,0.00525936876583993,0.0076386279587726,0.0088335112143285,0.010280463097112,0.0127691064100518,0.0161329815872359,0.0146353726104301,0.0175117301669433,0.0222875889898426,0.0289694671001789,0.03668737727304,0.0409411890420507,0.0398428352249348,0.0397715114498548,0.0377190401781209,0.0324066735684515,0.0283446476310799,0.0300322465910171,0.0173589487045723,0.00760558405258514
"356.799",0,0,0,0,0,0,0,0,0,0,0,0,0,0,0,0,0,0,0,0,0,0,0,0,0,0,0,0,0,0,0.104377112982253,0.00572806406893915,0.00601294420547404,0.00734151053311001,0.0104554466552913,0.0121472824444915,0.0133878797474776,0.0183482138978445,0.0175021952764084,0.0180204837178562,0.0192887899057963,0.0221412734428825,0.0290792778671774,0.0356652608061923,0.0376984963899569,0.0393216210416749,0.0397255380640041,0.0355604596236409,0.0322969234416098,0.0321481001578445,0.0327787940127617,0.0375339322253563,0.0241834782606996
"361.361",0,0,0,0,0,0,0,0,0,0,0,0,0,0,0,0,0,0,0,0,0,0,0,0,0,0,0,0,0,0.114764312384492,0.00594683298784864,0.00457335713516326,0.00614548116719938,0.00872212619757209,0.0111196627061472,0.0133507979530576,0.0162107560420695,0.018408475822756,0.0181466739372879,0.0195032967336424,0.0197201738220904,0.0218658564911522,0.027222422511735,0.0310007488237474,0.0322202495697803,0.0338416804153551,0.0327290601109532,0.0274192114255072,0.0257835981675855,0.0246351439439848,0.0198671979632908,0.0164398720258676,-0.0180354306988288
"365.926",0,0,0,0,0,0,0,0,0,0,0,0,0,0,0,0,0,0,0,0,0,0,0,0,0,0,0,0,0.131566647967723,0.0076240933514751,0.00429450326010925,0.00577460032331904,0.00817139993599324,0.0113232161405854,0.0137056573185019,0.0176557470918288,0.0200243834406781,0.0214007082568879,0.0215407270426589,0.021886934793041,0.0218746279789995,0.023537770653874,0.0268876818290903,0.0300079532569303,0.031542072493459,0.0326778320858396,0.0300044606469473,0.0259859809737908,0.0263001880968998,0.0252207309952021,0.0305065653197211,0.0251146631413269,0.0125723996767552
"370.495",0,0,0,0,0,0,0,0,0,0,0,0,0,0,0,0,0,0,0,0,0,0,0,0,0,0,0,0.135974602040468,0.0108602809764288,0.00507597713339105,0.00653643484625611,0.00828670188650591,0.0115455406773178,0.0142472591397685,0.0172678703294264,0.0218132330693377,0.0227280146969189,0.0238464858751178,0.024556922010091,0.0234819144676011,0.0244045178052674,0.0244685623799056,0.0282330401486088,0.0306653226300051,0.0312374514405084,0.0315810673393434,0.0307415233119463,0.0299201053725222,0.03170533240082,0.0309412787892856,0.0339720999786704,0.0403716879558306,0.0760885459942733
"375.067",0,0,0,0,0,0,0,0,0,0,0,0,0,0,0,0,0,0,0,0,0,0,0,0,0,0,0.122910328319574,0.0132688271918996,0.0042195331335071,0.00559578083150988,0.00807282564060728,0.0103643019334496,0.013162274567137,0.0158224738685109,0.0203307896520131,0.0233270818158226,0.0254487091995312,0.0254971348483234,0.0261305209485332,0.0249109625932213,0.0246537992410223,0.0256620570897406,0.0264003168966377,0.0294983977647863,0.0299145828088223,0.0313179676119691,0.0293095367880967,0.0268463937871912,0.0271535053205685,0.0277559948331552,0.0332925908376274,0.0307681510440962,0.0332470156044234
"379.641",0,0,0,0,0,0,0,0,0,0,0,0,0,0,0,0,0,0,0,0,0,0,0,0,0,0.105094813478952,0.0155283397295188,0.00359492574696763,0.00498669668592172,0.00707874393347822,0.00964478017381185,0.0123612042556801,0.0151780225303952,0.0191419209785247,0.0229417124093509,0.0241338644709341,0.0266803883892311,0.0271349855403946,0.0273457085087755,0.0267124538965098,0.0260934907021443,0.026043934615045,0.0267170932543739,0.027105619139109,0.0296797461641997,0.0282941196640607,0.0268228681404708,0.0281781699534948,0.0275835704089757,0.0332535679501314,0.0329220379977528,0.0384654344119763,0.040450001305713
"384.219",0,0,0,0,0,0,0,0,0,0,0,0,0,0,0,0,0,0,0,0,0,0,0,0,0.0961791512274891,0.0204091828429943,0.00298501932387235,0.00482091320006414,0.00638839867329445,0.0089081814646664,0.0115040407150854,0.0148855076754034,0.0187446854021089,0.0222269637888535,0.0242143821460196,0.0273451294959917,0.0274163321560086,0.0295443762181931,0.0288862722055868,0.0284337705058356,0.0278267050720972,0.0273521651067884,0.0279689772389803,0.0290063600223221,0.0286591881138224,0.0287049260738803,0.0290423376570457,0.0300190318593287,0.0307909552869989,0.0326130571419453,0.0364370609349991,0.0368363909935233,0.0465812379451112
"388.801",0,0,0,0,0,0,0,0,0,0,0,0,0,0,0,0,0,0,0,0,0,0,0,0.108203945121688,0.0224496133191862,0.003308191530066,0.00381891031939284,0.00546591500259102,0.00803935105642949,0.0108457719296686,0.0139665664312805,0.0160779048216566,0.0208195817391885,0.0227815692058527,0.0253418527347336,0.0275385222204758,0.0293820811061416,0.0301605768574552,0.0297878008332771,0.0282135504937591,0.0274977517942197,0.0264996664312581,0.0262077961140813,0.0276247735050595,0.0277189337560505,0.028496383237076,0.0280529081052686,0.0287309362045775,0.0305990656518872,0.0315727937766339,0.0361885409939468,0.0419593483055959,0.048591158784609
"393.385",0,0,0,0,0,0,0,0,0,0,0,0,0,0,0,0,0,0,0,0,0,0,0.0985606059960238,0.027694028569298,0.0025088981611607,0.00336309614182692,0.0050504762748642,0.00694348578742761,0.00944198700181683,0.0126517725917219,0.0152774677368171,0.0184421294020756,0.0222443660631496,0.0239575382753462,0.026769156593547,0.0279746474145006,0.0291659066895811,0.0295972076140659,0.0292818414176442,0.0277495000454956,0.0269367281771008,0.0258653547456471,0.0267895389164728,0.0265898484490848,0.0273290082904427,0.0269609042072505,0.0280162861083952,0.0283923905826142,0.0325690246290354,0.0346745655319134,0.0370460686304973,0.042440580316333,0.0407956255304593
"397.972",0,0,0,0,0,0,0,0,0,0,0,0,0,0,0,0,0,0,0,0,0,0.084670023596781,0.0317646307857607,0.00317297571271115,0.00306949488054497,0.00427574020920259,0.00611260832799074,0.00800366128537681,0.0112478948535341,0.0133837128048249,0.0166051576708327,0.019967738481724,0.0220162646630226,0.0250990186632898,0.0270794811105821,0.0286692945443603,0.0299797241058748,0.0297098497752764,0.0295152302576112,0.0280677056225273,0.0268134127856477,0.0262131403375456,0.0262348454961642,0.0270547356795716,0.0274533352945417,0.0264110166025889,0.0282540198523667,0.0288880408661138,0.0320211418370479,0.0341692888309333,0.0404035502032302,0.0463055765514762,0.0466047383280507
"402.562",0,0,0,0,0,0,0,0,0,0,0,0,0,0,0,0,0,0,0,0,0.110902405618018,0.0373550063741639,0.00217848659944833,0.00278670215124593,0.00396097106370042,0.00492993510731302,0.00679263233943789,0.00936383002051026,0.0118395813142621,0.0149047843683667,0.0184421077061717,0.0202004516044288,0.0224883288252817,0.0248760972471024,0.0263551017251725,0.0276585214347332,0.0280523813600805,0.0279106121469169,0.0277157315499076,0.0269475695478095,0.0255127935563979,0.0253250031848269,0.0253978502656292,0.0249925450442435,0.0246582964936897,0.0258683418665398,0.0262068459969484,0.029706512565343,0.0292397062671983,0.0325182868524367,0.0363293984309259,0.0349685077748727,0.0229588271263177
"407.156",0,0,0,0,0,0,0,0,0,0,0,0,0,0,0,0,0,0,0,0.122164728966268,0.0418391074325271,0.002556763511527,0.00298415668537227,0.00377332903743055,0.00540265096627896,0.00641216860590595,0.00851582787111703,0.0108668048571008,0.0137770003111806,0.0171790558432014,0.0191993857930707,0.0214629226251833,0.0234959894257286,0.0252955513591629,0.0275213991166621,0.0276514446347991,0.0289816288266407,0.0280884793030535,0.0279455176290286,0.0268279725339408,0.0257969270951099,0.0251838405607965,0.0254177651437106,0.0256285519971592,0.0259535462432253,0.0263609411407531,0.0283242967655586,0.0284431522727136,0.0323265178349728,0.0375613517490437,0.0418043713214722,0.0366596661391992,0.035424583047549
"411.752",0,0,0,0,0,0,0,0,0,0,0,0,0,0,0,0,0,0,0.119247937640395,0.0501192494472985,0.00216140214733039,0.003057013981811,0.00398579317101918,0.00476711454095291,0.00667200210932545,0.00838336773263866,0.0103750964068935,0.0127539361844168,0.0157783959687295,0.0189383763396122,0.0204934178341471,0.0223008880931343,0.0244023000061606,0.0261736080016514,0.0270951670040738,0.0278952431133086,0.0283695063013247,0.0284575280429334,0.0275605739556509,0.0261215309097534,0.026411566801444,0.0246663003863206,0.0255199955819898,0.0257412857368536,0.0273993376045135,0.0279068207995618,0.0297619999620603,0.0315849468578099,0.0344034307129163,0.0384818109856038,0.037110588028669,0.0430437738863957,0.0431206008427382
"416.352",0,0,0,0,0,0,0,0,0,0,0,0,0,0,0,0,0,0,0.0527080543294859,0.0026213350976687,0.00277725068653524,0.00388305192782835,0.00453532692093689,0.00654007047665561,0.00811676858735424,0.00965842804613957,0.0118237788521197,0.0142266483614866,0.017533755309643,0.0197809638099019,0.021362121750235,0.0230717203743579,0.0247376181797717,0.026351511851412,0.0271525094764858,0.0278536115106538,0.0279521479351071,0.0276762714518822,0.027341881838673,0.026490312855209,0.025351533286114,0.0249921383787397,0.0256770080647007,0.0252814706456361,0.0274847772860849,0.0283800254153309,0.0310385540818973,0.0334111994007626,0.036427822239892,0.0390709316975917,0.0436412572341262,0.0445355705304611,0.0529505650856692
"420.954",0,0,0,0,0,0,0,0,0,0,0,0,0,0,0,0,0,0.0571316187033427,0.00324875228447216,0.00216701653371411,0.00322925462381144,0.00437721048707492,0.00583052192930514,0.00708520057564469,0.00868834372095765,0.0110028365723898,0.0129516723838558,0.0169118384624915,0.018247753940121,0.0203523557736731,0.0219505023829825,0.0235626261408836,0.0247344263186042,0.0260573849966289,0.0264768543166202,0.0266490936294095,0.0269858943902252,0.0265523476935973,0.0253863067143787,0.0254657333394824,0.0251122497317674,0.0242807496193448,0.0245820560097216,0.0252968930795268,0.0281296331328258,0.0290442908279385,0.0310229553280846,0.032910383499386,0.0368369316517762,0.0394519244581184,0.0422597740852658,0.0475135965661701,0.0376711815346361
"425.56",0,0,0,0,0,0,0,0,0,0,0,0,0,0,0,0,0.0548054910073366,0.00351172758786846,0.00246364897738234,0.00311211188896157,0.00436084531846776,0.0054349230265379,0.00732510448011868,0.00878140220133396,0.0102899618120333,0.0121353674897469,0.0150415393133306,0.0177626588608608,0.019142657517839,0.0210453681152984,0.0224395487432835,0.0240798707090839,0.0248998196399854,0.0257183006793069,0.0262653598529671,0.0262211595937835,0.0258096515934624,0.0257114108958564,0.025119716272369,0.0252339435398966,0.0243610273055203,0.0240635103548223,0.0259629434981196,0.0262436324092836,0.027669728475345,0.0297530371210725,0.0334207698601541,0.0354668215843911,0.0405817493463885,0.0416180514893889,0.0445130410880306,0.0476637395077025,0.0594724836926842
"430.168",0,0,0,0,0,0,0,0,0,0,0,0,0,0,0,0.0579846364960384,0.00375978881479013,0.00192907528049284,0.00256177017454722,0.00363665837117923,0.00479607609322983,0.0062921763664274,0.00811216545042835,0.0100345213006398,0.011609741799826,0.0135426409749498,0.0163624610010782,0.0178806594777624,0.0201086884528795,0.021736835692242,0.0227876421824434,0.0243502670585688,0.0246469443795736,0.0249905629687247,0.0254617733727941,0.0254872328563038,0.025563514448021,0.0253557162630616,0.0249739001268573,0.0248023234729422,0.0235766755977871,0.0243204149225447,0.0250741347896664,0.0268500280384257,0.0282398307744285,0.0315568036997898,0.0334790133832204,0.0372798946341543,0.0401061690704869,0.0404885914725571,0.0445059832560487,0.0434584256468907,0.0535489091166867
"434.779",0,0,0,0,0,0,0,0,0,0,0,0,0,0,0.0559852714258121,0.00434603284805892,0.00181686946238448,0.0024513028158586,0.00337235498537221,0.00452732110425683,0.00591089401270953,0.00757786532341978,0.00944556570325074,0.0108674318105613,0.0129050124377913,0.0157920236949047,0.0177225593112952,0.0195604562109061,0.0212412521490721,0.0225486971815055,0.0232309993499019,0.0239841589735233,0.0246581752054128,0.0250853299497758,0.0252423799948146,0.0254677259214095,0.0250141359144773,0.0245296465775382,0.0241249592945877,0.0228981707538204,0.0238763072923577,0.0238573180470548,0.0258897435234711,0.0277852970813326,0.0298578949132039,0.0326968703275689,0.0357309283759094,0.037293565321215,0.0438992750698228,0.0460528392141304,0.0473840586927736,0.043686038826339,0.0525352755348996
"439.393",0,0,0,0,0,0,0,0,0,0,0,0,0,0.0624874571833523,0.00546149598609565,0.00182407834066722,0.00247082124629145,0.0035924570621215,0.00428287568187933,0.00608072265113005,0.0069734020207753,0.00866332849484238,0.0113261731955936,0.0130146765144729,0.0155842081625914,0.0171194864020608,0.0186638222520745,0.020503022954631,0.0223025202922201,0.0231116637687057,0.024241403679651,0.0243491561442239,0.0249064485453581,0.0249569952245172,0.0246164190681493,0.0246181310312222,0.02503339895763,0.0242173416794263,0.0240277102821625,0.0236311214202482,0.0236016035325297,0.0246182635967973,0.0262838727390932,0.0282030449332478,0.0312524887482302,0.034784058880935,0.0375022734736809,0.0401571516873346,0.0429407784557273,0.0457467881733811,0.0483766883525227,0.0486910618272254,0.0544353468686333
"444.01",0,0,0,0,0,0,0,0,0,0,0,0,0.0653236507804843,0.00639810686814386,0.00156195561009913,0.00210785102076751,0.0028882255223416,0.00390503036874038,0.0047256814243277,0.00654886028548314,0.00826347164466991,0.0101802888668667,0.0119237253273801,0.0143519270769993,0.016346226240053,0.0172149074818602,0.0191050964558514,0.0212377164625213,0.0225412137105429,0.0233314137176247,0.0236576613334874,0.0238703804376754,0.0242127236924353,0.0241771567681035,0.0238954654482208,0.0244293500119172,0.023371767484556,0.0233531259977279,0.0227206413123776,0.0224092091650206,0.0226978024948432,0.0237806467979717,0.0257371623518699,0.0288973437149717,0.0312611185097079,0.0344192696179584,0.0384371394257614,0.0426148415217579,0.0437736584615116,0.0481766823748174,0.0504134788024883,0.0455837044907089,0.050542549731477
"448.63",0,0,0,0,0,0,0,0,0,0,0,0.060546848273146,0.00793735810785271,0.0015558797719578,0.00210476571699053,0.00293011105435482,0.00373210008135454,0.00481463740519693,0.00612273670635633,0.00770973319101864,0.0092533369005366,0.0111301082338079,0.0131285544597123,0.015268152349401,0.0163577448315728,0.0185366217619185,0.0197918515143075,0.0213926024428506,0.0226077682517061,0.023025568944691,0.0231085488515839,0.0233808199812523,0.0234863368556681,0.0234078158172173,0.0231526637699025,0.0229376035525007,0.0223302383106253,0.0219489175330834,0.021255059581213,0.0216685891701281,0.0222868202432672,0.0232664615410187,0.0256099591126463,0.0286089745901243,0.0318081249727479,0.0356221955459887,0.0393625421202529,0.0423165640629527,0.0464339258412165,0.0477230124196782,0.0468337304158009,0.0412479718220165,0.0512637545427192
"453.253",0,0,0,0,0,0,0,0,0,0,0.062569820204093,0.0108066864392048,0.00129540427785838,0.00190695815852488,0.0025756021055681,0.0034567382208749,0.00420389866141465,0.00564778117162624,0.007106418945927,0.00817630002729693,0.0104747274192451,0.0119836979377212,0.0143296936906221,0.0155659847328424,0.0173983622448898,0.0187789998451308,0.0201104177402971,0.021600206146193,0.0225090003898937,0.0230289285409178,0.0226821474629061,0.0228658295854244,0.0230807705323087,0.0228421653811242,0.0224527618860124,0.0217262933517758,0.0217184512413025,0.0212275881025712,0.0211447160559663,0.0209795707977062,0.021121317708709,0.0226906774894517,0.02541677758274,0.0285027428335524,0.0320096932002297,0.0364422434485402,0.0400646483869691,0.044436129835344,0.0443418920372799,0.0505362625849999,0.0528464850118649,0.045205193431147,0.0519650948897598
"457.878",0,0,0,0,0,0,0,0,0,0.0532807822017379,0.0111179413240031,0.00128640368744534,0.00150713419267911,0.00209353299834748,0.00268961669466864,0.00387933050110716,0.005214761193527,0.00666434576805416,0.0076830606491869,0.00905730087099766,0.0106228576798904,0.0130411359260122,0.0152182812458597,0.016351080435034,0.0176565331076813,0.0189105722505268,0.0200483125156006,0.0209074668023828,0.0219566461631556,0.0220534892858443,0.0222148387505405,0.0222407237738974,0.0216246177503127,0.0216974833949667,0.0209836500994884,0.0205979796137135,0.0206276735207787,0.0203869137934425,0.019628099194158,0.0203412029218926,0.0202159216583839,0.0218149395216686,0.0250312629457567,0.0282473616690702,0.03265470727421,0.0354828594230358,0.0394826718528686,0.0419644795351458,0.0441681224663783,0.0472177261750997,0.0478812696387533,0.0506467985012427,0.0370892777263033
"462.506",0,0,0,0,0,0,0,0,0.0517361191328808,0.0114772864157357,0.0013977500817962,0.00116818003964542,0.00177122544936385,0.0025178867289719,0.00364808941215457,0.00448259163717125,0.00559563066682743,0.0070972141346117,0.00859713344975126,0.0100477261560646,0.0119107559102794,0.0138728990011681,0.0152245397310491,0.016362941734886,0.0178286385082616,0.0189539036229286,0.020214702943071,0.0211379898224578,0.0217246453026929,0.0215587284565821,0.0215452562923077,0.0216190609812426,0.0212125518687055,0.0206272122126654,0.020553052371289,0.0196705678323452,0.0201171557300566,0.0196659324015315,0.019262865890592,0.0193763633319281,0.0198569979994194,0.0216779515725719,0.0244208992262803,0.0283531141404676,0.0322496429054625,0.0363810261136164,0.0410318133019931,0.042087853050386,0.0445293395242713,0.0455261420351181,0.0492745924986096,0.0502393857739253,0.0555816825445594
"467.137",0,0,0,0,0,0,0,0.0434088644508123,0.0125199333264236,0.000963580300082765,0.00114260390155347,0.00161744402080082,0.00198112182426134,0.00276921356940523,0.00386066817848018,0.00498127093073061,0.00615247229200138,0.00770413033654615,0.00920035232585701,0.0104684596881787,0.0130789713307459,0.0138418793666457,0.0154675143811781,0.0165938282911799,0.0175828459243814,0.0190854827501796,0.0204190140292992,0.0206778021428376,0.021376688704189,0.0214464106177417,0.0203001437741378,0.0205724302275687,0.0201177018696286,0.0201256242006501,0.0192751088471893,0.018440658580839,0.0186993958840293,0.0189315103117742,0.0184596474041084,0.0191166694003006,0.0192937527071471,0.0207654646439856,0.0242230065764295,0.0281785644594606,0.0315091141948794,0.0368567607022987,0.0404446614479187,0.0419590806583969,0.0442838278466861,0.0453609913583887,0.0518486999689007,0.0493708786544198,0.0503383535705877
"471.771",0,0,0,0,0,0,0.0498523100600989,0.0136332928471363,0.000687849288708838,0.000894338344812887,0.00155087414026142,0.00174472151708941,0.00245000874434822,0.00306415859098188,0.00393670849166412,0.00510638490234811,0.00662308813536864,0.00815645643439046,0.00974909725121664,0.0112321365456371,0.0122967563567214,0.0141282939630644,0.0151107791040129,0.0166226744413468,0.0178719902963543,0.0183960961205837,0.0194703849402032,0.020155483157912,0.0201394724276912,0.0201153387741642,0.0198177171785712,0.0192317336571257,0.0190022734194301,0.018975807382393,0.0183202166862272,0.0178886901149187,0.0177112699719994,0.017706672956851,0.0177254189152712,0.017855107355837,0.0187126781329429,0.0200490171236366,0.0230498448429458,0.0271578134474729,0.0311824509586059,0.035197779081636,0.0383460076371557,0.0414863061750916,0.0439228208526527,0.0459457467314207,0.0459189908860916,0.0481695794488275,0.0592582827049367
"476.407",0,0,0,0,0,0.0547221161708354,0.0141570142303104,0.000760374156010283,0.000798923140530231,0.00118693078651162,0.00148002770026726,0.00183359776719823,0.0022622054481357,0.00355456348361717,0.00425055830072939,0.00552868576655209,0.00672541527263422,0.00769811296866235,0.00977777961459246,0.011448341079413,0.0125310457866164,0.0137273809991608,0.015018369498699,0.0159598058942529,0.0171882588982643,0.0179314993262657,0.0185580298388912,0.0194124811811445,0.01962393905386,0.0190836489989679,0.0187660625012186,0.0185776180594407,0.0181767331398208,0.0173512361924731,0.017026340211295,0.0168757396744933,0.0166242809278852,0.0166498068202348,0.016695009326106,0.0175270113419929,0.0177370627878683,0.0189768139497448,0.0225304103829408,0.0261870417919745,0.0303488468929207,0.0338505366972172,0.037637857559809,0.038728771234333,0.0417662524734578,0.0438570108341012,0.0456049237356349,0.0437101028801307,0.0859216312880145
"481.047",0,0,0,0,0,0.0181206584833857,0.000728443143678849,0.000695853561722677,0.000892896506002999,0.00128922760172096,0.00132140150420489,0.00217687487177131,0.00246299479181701,0.00327232130629478,0.00450672782314778,0.00585942021430845,0.00670253788560657,0.00814890746573421,0.00996005221548599,0.0107490686618107,0.0118883555051153,0.0138080431156973,0.0145197865790707,0.0157472629111963,0.0165858483720916,0.017552999772293,0.0180184362760829,0.0184337686195844,0.0183379136680566,0.0175447915327767,0.0176100052805658,0.0170872956838846,0.0169053251569218,0.0166646750202696,0.0161148522401275,0.0158791699212597,0.0155449426300633,0.0153926419559091,0.0156889513857045,0.0158087164773873,0.0167347172183731,0.0181275606445518,0.0212552738360584,0.0250286320766286,0.0291731733270893,0.0326538453374715,0.0359256150066751,0.0378250079765752,0.0401850216920739,0.0401790457004845,0.0433297374680835,0.0418537890373289,0.174336034918337
"485.688",0,0,0,0,0.0211559747086183,0.00116311843338081,0.000873834596071318,0.00103253866295184,0.00114359712501904,0.00138686801403557,0.00167396140533123,0.00254559910957096,0.00298718059577214,0.00395245817621147,0.0048700654318847,0.00614734175207103,0.00731781087937324,0.00865512388147524,0.00990547127184274,0.0110052198818112,0.0119989037183436,0.0136533250698292,0.0142181188608621,0.0152979724679093,0.0159756904756468,0.016626155479127,0.0171212812266631,0.0174692989982292,0.0177876781712906,0.0173585805896781,0.0169800142154906,0.0164386294459165,0.0163870143692156,0.0158101632085987,0.0157319590403864,0.0154146417028321,0.0153449529338009,0.0148826273856581,0.015311099727883,0.0158234419392711,0.0162192773648635,0.0176544138001598,0.0199744152824568,0.0239577937838433,0.0281740076321911,0.0313278123129044,0.0351216445848775,0.0377751320379997,0.0401073194706411,0.0433201032630615,0.0410671998166704,0.0753181233917923,0.225776456392281
"490.333",0,0,0,0.0220994818264641,0.00142940059550129,0.000593064149347007,0.000773288633874888,0.00105822793169983,0.00119389186895809,0.00142665818475642,0.00200228783606504,0.0025239214410372,0.00306639573063699,0.0038848725559966,0.00474284915626674,0.00551185448712166,0.00739153722046928,0.00868228929613468,0.00936492435907722,0.0105331281656803,0.0118251310439948,0.0130075109986525,0.013698098465035,0.0150736858333716,0.0156784378782139,0.0160948618198895,0.0162731987449806,0.0168989029920985,0.0171033932138345,0.0162520634988154,0.0161367203300183,0.0157398464360859,0.0150791357452161,0.0147393459657091,0.0144793236825037,0.014304620101395,0.0138080916802763,0.0139823555398909,0.0146145839532352,0.0146367869238243,0.0156042421339418,0.0166549170167554,0.0195627172749055,0.023493739294006,0.0272605461836977,0.0308104480172494,0.0336110803712596,0.0360461066758778,0.0373986467334608,0.0396204587388964,0.0422670260273207,0.150776483530834,0.175260167758559
"494.979",0,0,0.0246518364698703,0.00116835507608593,0.000383439584059624,0.000791031084301299,0.000709605991591483,0.00109595141838121,0.00130967098334472,0.00149915384063026,0.00194503712928811,0.00242644074759425,0.00303441620283508,0.00375028108022825,0.00457388885506505,0.00569652161040289,0.00712558183189428,0.00773513833962175,0.00879013149200756,0.0103424380274329,0.0112816484833186,0.0122987763392463,0.0128419172561078,0.0136003319147091,0.0145320446856687,0.0150297033754988,0.0152820971887946,0.0153890963268935,0.0156182483960894,0.0153892844634226,0.0145694615888141,0.0143902399533662,0.0140134556790678,0.0139707131417455,0.0134589608214492,0.0128127773088937,0.0129369962025568,0.0130454666294135,0.0130990592033774,0.013547486102343,0.014183938113367,0.0157338177638697,0.0183096249141891,0.0216158842957933,0.0244372385138373,0.0283077398686669,0.0307799975427922,0.0331030129413015,0.0351854889587634,0.0357793705790763,0.055132799002599,0.2069810034436,0.0557754863003413
"499.629",0,0.027435475910397,0.00140409462659587,0.00085153363922602,0.000745232863247371,0.000721683162306484,0.00110411128862367,0.00137445361787435,0.00174820216191159,0.00199205618782789,0.00228808091535206,0.00287858416588771,0.00349834520052618,0.00401877193083038,0.00545635025014925,0.00676378538939146,0.00750052009143962,0.00800633154857195,0.00881327246251696,0.00996171970454865,0.0112480965654121,0.0121997296940135,0.0129422826733362,0.0137018422268122,0.0137937495219481,0.0144539068484353,0.0146370084880824,0.0147008790875388,0.0148369833433104,0.0143491073508602,0.0140162377592527,0.0138075204944269,0.0135733783940233,0.0128287049732299,0.0130031322192392,0.0123918245997072,0.0126638823335225,0.0127863306225405,0.0128052379703324,0.0132350745169452,0.0140888464897853,0.0151696036911059,0.0179345585711131,0.0216118876948125,0.0246953492560547,0.0284305840895238,0.0303176260467197,0.0319512487349407,0.0351855653386645,0.0377835524367678,0.11213075598996,0.168720954550441,0.0415087366758764
"504.281",0.0342507543171647,0.00203595931953478,0.000534633639282686,0.000930578494637443,0.000979384892267615,0.00113171499758909,0.00150616311783447,0.00156203672876619,0.00206608458418896,0.00216840027197704,0.00263618827252435,0.00320368348833603,0.0038798583147596,0.00439109947510095,0.00534120406157718,0.00624572185970948,0.00736574199144119,0.00833663502233971,0.00917065124140547,0.00971065793134482,0.0106956868619248,0.0119455390203414,0.0121909569750474,0.012727724047181,0.0136125116834122,0.0138240379287741,0.0137923040034097,0.0144329704134027,0.0140411573079478,0.0140663266838199,0.0135263250776372,0.0129104032553494,0.0130026719542064,0.0128063793838876,0.0123404384415444,0.012375891046504,0.0120449933972988,0.0121005812813067,0.0127724050233813,0.0128104807249993,0.0136269092850987,0.0152858844097261,0.0172765068872694,0.0213680206213626,0.0236744259864842,0.0267306848386727,0.0305062338313808,0.0333203313178237,0.033127635769408,0.0442496806203727,0.165986794771002,0.0816894424609206,0.0503167523939988
"508.936",0.00264183662290661,0.000332343681726113,0.00074511339901264,0.00059256959049629,0.00100568627770453,0.001169385648638,0.00134772851034786,0.00173436839298194,0.00204461097930214,0.00213171529317083,0.00271400715297047,0.00314971704011374,0.00380240025544339,0.0041336258528753,0.00533871954117762,0.00588489805972659,0.00659231913989938,0.00757105695957035,0.00828052700303363,0.00923041708189673,0.00968632667143108,0.0107286901238168,0.0114805706073793,0.011889367535116,0.0122349787910393,0.0125968704797618,0.0127619054428554,0.0130413661260052,0.012954023514749,0.0126462480441041,0.012070390339072,0.0120139887844387,0.0118458203403311,0.0113100957622135,0.0115542046060064,0.011268444789536,0.0112265780368705,0.0109898171438855,0.0114447901897584,0.0120078025573225,0.0123916175936732,0.0140426366890156,0.0160473525728672,0.0194504578261829,0.0225767692117547,0.0256753337056368,0.0279138212445064,0.0307380495364793,0.0327389961649423,0.0813217497215812,0.147718780474819,0.0337141281686775,0.0197262312839948
"513.593",0.000245288187077284,0.000399942199891914,0.000716744820463726,0.000852323714662198,0.00101956045960153,0.00130697152236651,0.0014621680438545,0.00173146975496941,0.00184298071197081,0.00236387422811409,0.00239813527883376,0.00290777442595139,0.00372678887649065,0.00460509821666198,0.00484107677702834,0.00564624515005483,0.00624668565282798,0.00675841278969967,0.00745389890767851,0.00837932276147022,0.00947362885681209,0.0102263481414466,0.0106720201178145,0.0109328483037276,0.011516019254003,0.0116147198888487,0.0120141849941869,0.0120304097668511,0.0119772813973363,0.0118813055840647,0.011040290448377,0.0110679124071551,0.0108086823588225,0.0104433118313096,0.0103632830932521,0.0101747364233402,0.0106173970619901,0.0102292404280842,0.0108420656541498,0.010985370068876,0.011939882427022,0.0131722922316445,0.0146782870633115,0.0176849707129978,0.0201626469768074,0.0229665873527984,0.0252519074481006,0.0277653491022754,0.0385397000173692,0.125270139120624,0.0749416340850885,0.0286608454430028,0.0153343464470474
"518.252",0.000595166910880453,0.0010509756644153,0.00111108774163371,0.00132243565969173,0.00129815814729656,0.00158100926462712,0.00183326383562534,0.00205404662444504,0.00259919800766769,0.00256734878079577,0.00296272252005245,0.0034358331416836,0.00437282157680044,0.00468806584856104,0.00517416044285176,0.00557351242895532,0.00636668172646718,0.0065936055369389,0.00772492590789322,0.00840116529748799,0.00914654359201385,0.00983524616077672,0.0101530102282802,0.0108266102077442,0.011320207046835,0.0112268397980304,0.0112545206918256,0.0111347395562964,0.0111754709001381,0.0112151899115949,0.0109645889780276,0.0102297506696313,0.010239296066546,0.0102520578087672,0.0100765173608358,0.00969422731479175,0.00992754934425222,0.0100819952887209,0.0101300084166925,0.0104082895596214,0.0114833289215141,0.0126120953235945,0.0147074139209283,0.0173804822849864,0.0203066282895922,0.0225072735401991,0.0257757303946618,0.0281728209927665,0.0668405407601567,0.119994699830711,0.0344783841470533,0.0358094307703542,0.0313023397012768
"522.914",0.000260390380582806,0.000633171578221762,0.000490081279987164,0.000807141839174477,0.00109736286678085,0.00128585251886163,0.00138740745011345,0.00179200589685639,0.00201861052832087,0.00221423349663117,0.00258329762524313,0.00291927222537672,0.00354769442406403,0.00388153714379769,0.00434788161931266,0.00510388660112588,0.00544299585229625,0.00606927760051154,0.00677653681946774,0.00730203597306114,0.00797902782570078,0.00886870247525669,0.00926350414479934,0.00920517276237194,0.00940731879650447,0.0099075096822308,0.00986494117990002,0.0103110868639237,0.00991128645646699,0.010102775655268,0.00949931418104993,0.00933687635952,0.00914129752760623,0.00911856183223308,0.00878017196513053,0.00849688222063455,0.00855726503045856,0.0086284056887374,0.00934872781097179,0.00888562985018768,0.0100887901269211,0.0110415234055791,0.012907748545848,0.0145849135174397,0.0170860698938037,0.0199079238383473,0.0223853632932083,0.0295560055000598,0.0986307332524188,0.064927540540914,0.0221278817559145,0.0161727275272422,0.0100625875189655
"527.579",0.000485126314591904,0.000807345076254668,0.000880731878502775,0.000766929098603384,0.00100828531614533,0.0017218213384088,0.00178750025536841,0.00185749050642679,0.00207137456664203,0.00257005676626471,0.00265287642633787,0.0032702910385083,0.00335999924429523,0.00403231916562305,0.00459238397991226,0.00518842549258697,0.00543827960270971,0.00595626060433907,0.00640586164878153,0.00705078645220552,0.00775652942415035,0.00821994859790029,0.00856275413268922,0.00885693189311741,0.00903720352413134,0.00914165611606166,0.00977450450681563,0.00944061747898409,0.00968006722814405,0.00921954092601368,0.00906769943938372,0.00873732131015932,0.00839886167650671,0.00871498792311499,0.00836535674217863,0.00806378583069319,0.00851134774584788,0.00832310033987636,0.00860886251915262,0.00907827742454792,0.00988068273283121,0.01048531688362,0.0122913583686937,0.0143051574806425,0.0166622415675142,0.0194609229505405,0.0209556175031427,0.0515550452732796,0.0968802554502168,0.0290389525571181,0.0232954661515147,0.0202925757899137,0.0135293524630355
"532.245",0.000680762102799186,0.000681027481067422,0.00102882034171568,0.00102788306897993,0.00130311431197188,0.00163704990318261,0.00180472778153551,0.00202464206281971,0.00227301979242096,0.00248577995953649,0.0032425614772005,0.00335085424525789,0.00359556149873649,0.00395089674244009,0.00453386686235265,0.00487565946794824,0.00551871107462401,0.00579781133510313,0.00620227362646731,0.00679898330813652,0.00728130416468978,0.00764910068002815,0.00780480000895338,0.00850527916590681,0.00862414398932858,0.00913866963228378,0.00896425580295966,0.00900282639219739,0.00888758769811503,0.00865906695794465,0.00829048046447577,0.00824827349352738,0.00808590513203306,0.00781061043823865,0.00811823507340931,0.00812589520540529,0.0080285210489542,0.00787916069900411,0.00841079761704273,0.00860018980269373,0.00936840472746582,0.00992205217045273,0.0117921151875019,0.0139453498515052,0.0167778466640122,0.0182125371989074,0.0238692938029476,0.0820796820032956,0.0605938829701297,0.0236281998365471,0.0229918476056154,0.0223007548886443,0.0278279660424129
"536.915",0.000823749306740857,0.0012939211517109,0.00120098567296864,0.0013808007772445,0.00153651485633398,0.00166896020507947,0.00182812506240922,0.00199904916934093,0.0021096525675743,0.00269096196730462,0.00320006605883772,0.00312866026145122,0.003643550142432,0.00383185612242651,0.00409417623996017,0.00429592547479944,0.00519790361792684,0.00548800454606406,0.00627945880185879,0.0064399979278556,0.00722811385667838,0.0069084718608779,0.00770968538291971,0.00791844783499614,0.00791538961620584,0.00843937809171493,0.00831993702898185,0.00877320624441436,0.00811428690941224,0.00804184538104562,0.00821261549010953,0.00762480938937691,0.00772200763681559,0.00768825908997422,0.00750085037450438,0.00736465172494885,0.0074213834719418,0.00757351108840324,0.00784391828237687,0.00876402890121947,0.00868283509852837,0.0100054384119643,0.0112232318391793,0.0133739131244611,0.0167804039244732,0.0181219376908184,0.0400260034367272,0.0839540993050675,0.0270177007509764,0.0231214584786759,0.0199178175198292,0.0275389920539995,0.0347004459749003
"541.586",0.000917636150902836,0.000861616407917111,0.00118082237676249,0.00127277527766265,0.00150279942095148,0.00154915514234107,0.00172254076803088,0.00182078567417313,0.00201483360516962,0.00248238557580834,0.00271404898198326,0.00284336159028664,0.00352709514712611,0.00378130380148564,0.00393657718078975,0.00435301180987202,0.00470193488600644,0.00527489400017724,0.00590260225215915,0.00619326962833199,0.00640490688766259,0.00695250193653568,0.00705844359932948,0.00729473436136908,0.00768745010480712,0.00767925217666884,0.00757781481446775,0.00761146794985169,0.00774503587750339,0.00735347158016073,0.00745647956595669,0.00725433341184113,0.00692325573711261,0.00713950047850614,0.00668603583520127,0.00705551920680444,0.00707475289318761,0.00721253807726635,0.00733438771249058,0.0076801122941156,0.00847098645151614,0.00929440808629727,0.0106273864966422,0.0121971314827588,0.0139348193504664,0.0186511375613625,0.0631438200030824,0.0538075875179804,0.0206462168724839,0.0212768599172764,0.0177576445732931,0.0175742668753137,0.00654796478473567
"546.26",0.000346397424284368,0.000650181404779983,0.000928780386205007,0.00130834118972684,0.00121816109894662,0.00136444567062024,0.00164770980001437,0.00185652125259851,0.00212156812200507,0.00227763654780617,0.00242231357551767,0.00265162319808161,0.00280787837109375,0.00306514431977789,0.00337500067709003,0.004131655258109,0.0041822725838389,0.00477749227705509,0.00513944024732919,0.00529951475962652,0.0057469476083231,0.00595910090325172,0.00618181692703756,0.00658985603491196,0.00664013107299399,0.00670742774636822,0.00708707619318481,0.00704760151733219,0.00694913542553736,0.00706696047624355,0.00664105652744711,0.00627763336601605,0.0065892108306575,0.00609629103166399,0.00635012546408172,0.00619298065749348,0.00638697709414639,0.00653463754017236,0.00701074861588254,0.00691662665257769,0.00760757379740086,0.0081632715508788,0.00933557024703608,0.0112796317946834,0.0133309391234141,0.0323503000898877,0.0688896360064798,0.0249626000544781,0.0172298710020182,0.0192926091065467,0.0153567840197305,0.0103606826881845,0.00761873719335971
"550.936",0.00120593136849113,0.00115765229160856,0.00121685985088969,0.00123957695065293,0.00143587517903277,0.00152649408852973,0.00167566889623394,0.00211115573880819,0.00215137777299261,0.00230824203462775,0.00262241999776339,0.00255725186902581,0.00294479049610979,0.00309255106128767,0.00366222683644059,0.00395330702853378,0.00404103492288889,0.00436176931480061,0.00491271578447013,0.00500447192079703,0.0054699323823679,0.00533348325720752,0.00597854937774408,0.00611952202812773,0.00618827081743109,0.00622576741923622,0.00638931089567031,0.00668607198304081,0.00659974996663384,0.00656102297235058,0.00609802009468468,0.00619925289406631,0.00605991511505414,0.00611059073290132,0.00601601518465246,0.00598885212546377,0.00613860628659609,0.00641818662787021,0.0063746205359723,0.00664382018951365,0.00722264318613705,0.0076356064766321,0.00904292406666441,0.010871884889853,0.0143600977112603,0.0537452754869981,0.047884644416967,0.0175806366759856,0.0179513297257899,0.0194375932359715,0.0170604851909645,0.0174487297473195,0.0214497231954008
"555.615",0.000643711771938786,0.000831171092291362,0.000957052836089297,0.00100879741431617,0.001237335394059,0.001368828875333,0.00165329846700407,0.00193560925400581,0.00206830220828674,0.00210801319452396,0.00236859315712462,0.0024253222310926,0.00288667466563556,0.00293198048176488,0.00331221102499743,0.00351868103800335,0.00371852720417582,0.00406048646562531,0.00427543339180316,0.00474655895735811,0.00476715333879957,0.00495545911800743,0.00519691920641858,0.00541354078793115,0.00565306560523895,0.00580478531071655,0.00567733939049554,0.00567542138559025,0.00577814657918864,0.00573057382156256,0.00589886067806466,0.00552705263383749,0.00556810623583604,0.00535685167595629,0.00569366847472242,0.00553968513753796,0.00545450460857331,0.00566897912029202,0.00579931914001558,0.00609630644720929,0.00678364320577804,0.0074572888799596,0.00839395044543581,0.00996640197147198,0.0241979538214766,0.0623196906340135,0.0208493439238514,0.015864929955861,0.0173361097349352,0.0155282892820857,0.0116952797018898,0.00612563554583474,0.0142348040401998
"560.296",0.000898930273788585,0.000411707770405379,0.00104037248403357,0.000985002813236243,0.00127846044376702,0.00143280312849266,0.00183373098546088,0.00180748867868046,0.00188559065987026,0.00205625440098342,0.00188297672570878,0.00204817837753038,0.00242033731656309,0.00249963573230681,0.00321604845631463,0.0034580507024409,0.00356072813030218,0.00381577839050247,0.00453022766832701,0.00407669764993175,0.00449777575722853,0.00459940094363529,0.00509879016727796,0.00463103252007598,0.00497350838982921,0.00508757080180895,0.00543055967765261,0.00554470138544968,0.00509699774277349,0.00515777161277449,0.00503624551360367,0.00494088314145378,0.00503203272435401,0.00479877773246886,0.00523586212697516,0.0049057443335392,0.00520601328093733,0.00559305940442445,0.00522535509522141,0.0057076332688269,0.00594331685760181,0.0072773712748444,0.00788693187307277,0.010140277620742,0.0453266992284617,0.0416555633893411,0.0141554465407115,0.0149229037327651,0.0155995192765223,0.0135127660942921,0.0137399185014249,0.0105580482771892,0.013751906273409
"564.979",0.000969180215003695,0.000914403062534351,0.00103015049949773,0.000979760753187653,0.00119200303986106,0.0014888702531224,0.00179185487070336,0.00183802896546467,0.00177328052651369,0.00207845201893527,0.00207405015516147,0.00195075359596025,0.00227536260664095,0.00235504528396264,0.0028208074978478,0.00305588952240211,0.0037190867724585,0.00356698173669267,0.00383022380871022,0.00394917405404413,0.00399696468048007,0.00454473997538503,0.00492202935670285,0.00482561880289549,0.00478038344688042,0.00517935999263975,0.00490604705460579,0.00497736130349702,0.00502242214648473,0.00494302570722292,0.00512596280232331,0.00506500069052468,0.00463711155604711,0.00517848884912487,0.0048013329473413,0.00460604102207723,0.00510018292032763,0.0050830307849482,0.00551579579284821,0.00555671183004566,0.00608577894033854,0.00667172132763803,0.0077458888828247,0.0190029752529248,0.0553092482017484,0.0196442899117757,0.0141558114623418,0.0148623447557999,0.0151886410272171,0.0155239050926481,0.013595939440441,0.0202836313677287,-0.00528071487388959
"569.664",0.00123907997747808,0.00118915869248286,0.00102239900668978,0.0013474213213524,0.00133397535583918,0.00175247106732853,0.00171452984413724,0.00161643312450022,0.00183948608421178,0.0019428534639728,0.00203802859427437,0.00219456505131419,0.00241475852732592,0.00266494982146745,0.0028198285778357,0.00294124802301989,0.00331142935338592,0.00333609189037564,0.00357103717087142,0.00373505584221136,0.00443555512114361,0.00423533398332566,0.00425847037751006,0.00444376503619382,0.00450940320302768,0.00438504793516475,0.00457146639734656,0.00450875250894214,0.00482001029644877,0.00462642349585537,0.00443777705229863,0.00464138691732992,0.00450067090680414,0.00448366875886608,0.00473647114122532,0.00431307933946543,0.00468539148587161,0.00482081322382008,0.00500700728667443,0.00533539035379474,0.00581506708010123,0.00678741833955537,0.00867573708573938,0.0351966638134131,0.0389708394128221,0.0118135551404101,0.0122290263339758,0.0143785684975267,0.0148173189125433,0.0150750973407312,0.0163365738366007,0.0134073711063085,0.00549956574220286
"574.351",0.000839457430080764,0.000940214971859401,0.000827583096673082,0.000984199205562512,0.000959526830984169,0.00172699590295452,0.00146810504030941,0.0016281344888066,0.00170892267249992,0.00185716541993312,0.00206655133523203,0.00210852471562415,0.00221530121411241,0.00257149404103902,0.00251299855066674,0.00256053376580133,0.00265427499715383,0.00305743546819043,0.00341729779936556,0.00325414016104179,0.00337290540289197,0.00363179516199067,0.00394475259299809,0.00418638819165904,0.00412071883782175,0.00407660187823031,0.00439188111867171,0.00451101590489965,0.00457452228714378,0.00448592790250904,0.00408309251560415,0.00408699365364116,0.00402833134321521,0.00402328297190824,0.00410969350127126,0.00400008545117096,0.00431244659677044,0.00449703247182265,0.00459842687243879,0.00478801229814555,0.00527750471395792,0.00629817611583438,0.0137975956104486,0.0452901546293902,0.0177402415294973,0.0104899569365377,0.0129074241089051,0.0132062052892762,0.0128297626381327,0.015491189697676,0.0118897593722384,0.0144813492143199,0.0119503995568817
"579.04",0.000745110587391534,0.000999728283894554,0.000865059578556651,0.000773937692315591,0.00133443731766504,0.00126374211234617,0.001424457523341,0.00144956051173522,0.00149130129644486,0.00180719285014424,0.00173952666007423,0.00167821346608578,0.00190204220620416,0.00212531612971984,0.0024345404474839,0.00243109534568252,0.00273362560085889,0.0027024079862619,0.00312401143149402,0.00311484958884559,0.00314793994437664,0.00334700086314249,0.003606139064125,0.00376436191141478,0.00359738309397022,0.00403891447062665,0.00355796147772862,0.00388169371292581,0.00388080241509003,0.00381275936204284,0.00369659252828761,0.00398410796356848,0.00394142551121677,0.00376582031649084,0.00396260774007528,0.00407714798144564,0.00410779077674496,0.00395085659110687,0.00402645290677442,0.00470748139851866,0.00535973679349485,0.00542418674171411,0.0266462026211595,0.0327628483595809,0.00977021070124751,0.00951650358305795,0.0113373591027042,0.0131637331316409,0.0138434422212746,0.0145929909170661,0.0121698683787141,0.00670842708737229,0.00291322703753861
"583.732",0.000974238861823223,0.000857294947629708,0.000889980925923801,0.00113339855135783,0.00157572509999573,0.00112952326806674,0.00125904228992492,0.00152979648373959,0.00143806604108595,0.00164090227795786,0.00170575947007476,0.00191958510046497,0.00194679191432959,0.00195277694307345,0.00253860428806906,0.0025519309267001,0.00273723805185493,0.00267583861314861,0.0028658613461281,0.00341790859769779,0.00355367500564603,0.00347856405179819,0.00302263130343168,0.00347320753952158,0.0037603104406004,0.00365740424838848,0.00323833673776427,0.00367107214816216,0.00360523706363523,0.00358107242141193,0.00377920866653135,0.00363320238229475,0.00351218101185364,0.00356009263004256,0.00376375344907113,0.00378908215616215,0.00395436930008392,0.00383742783789937,0.00422956453517767,0.00479647219743142,0.00543622569103889,0.00988934901704287,0.0380660898873662,0.0144091936812585,0.0088834745610432,0.0100737261094774,0.0118924244059333,0.0135097813831509,0.0128511450627002,0.0143981910158959,0.0132247099240559,0.0163377058950671,0.00288518726578661
"588.426",0.000283503002821935,0.000700492721420424,0.000406155939355755,0.000778890496363251,0.00079464763015185,0.00085558080061197,0.00127444983937376,0.00122757968484078,0.00111766019446318,0.00146386686359978,0.00132350216473865,0.00149716238611761,0.00139027581859643,0.00179394700419347,0.0019515380277064,0.00182902151296499,0.00197252529757314,0.00246428187644167,0.0023056007599716,0.00259921105701149,0.00262268422704893,0.0027487121491844,0.00284895471650155,0.00264771116935366,0.00272321042772223,0.00317263037255692,0.00295746447172532,0.00298907720652579,0.00339618644018029,0.00321334182270167,0.00277835383655396,0.00331906883677364,0.00297187080286784,0.00308340143840523,0.00320976773273971,0.00313073778361638,0.00324107197956253,0.00318207419798737,0.0034954818901348,0.00431452335627188,0.00443458128879741,0.0196872753541607,0.0289292018042739,0.00670857886593949,0.00741228991231052,0.00801986834459192,0.0107491764277663,0.00961341519437868,0.0100146882747956,0.0103007859787211,0.00901576227015884,0.0125947518332342,0.0111449653054569
"593.121",0.000453318573333915,0.00080156311949046,0.000569559005380044,0.000676213573814225,0.000896594418103719,0.00092256426218564,0.00115742128852778,0.00115955641903568,0.00108581965832837,0.00129815312373218,0.00139438600641718,0.00157185904399465,0.00136907696703798,0.00182584856402471,0.00156815502114669,0.00201535795725725,0.00218864029214151,0.00206295010282027,0.00205777949903994,0.00235504326398536,0.00236497846110877,0.0022489901898364,0.00260435131343122,0.0024811774154257,0.00265405608877548,0.00281938096735058,0.00271053867733271,0.00321401179660646,0.00286686180498717,0.00292453845384638,0.00238941921862716,0.00258880680853249,0.00286152298952041,0.00300881258140601,0.00304853156172436,0.00281875836076747,0.00315821901480043,0.00275361137194913,0.00364262597860535,0.00393271384827111,0.00654489027482965,0.0297743569349836,0.013375675477942,0.00589689540530783,0.006259912179371,0.0082689084097909,0.00918728460315927,0.00949880733052988,0.0100414418507295,0.00831075688945427,0.00528244353147792,0.00363266123178166,0.0128205133706233
"597.819",0.000221692084512983,0.000457512784994234,0.000679502171038314,0.000552648326087331,0.000940232161484587,0.000790431601787186,0.00102245572626862,0.000968539497187613,0.00112731317802882,0.00138458941031174,0.00144465105649986,0.00140122674540323,0.00120228401219395,0.00167536962291585,0.00182933424671516,0.00184931361575256,0.00189542334465338,0.00206060451502308,0.00186922403665116,0.00208163526392545,0.00183402197173163,0.00228401964549661,0.00220026231165663,0.00248071377704974,0.00243495935986044,0.00233174565714426,0.00268940151325913,0.00262801733728375,0.00240027467325332,0.00245878546002151,0.00264798503195836,0.00278424620207637,0.00262221232064706,0.00239781089347704,0.002834105175329,0.00281490658084322,0.00275661653126392,0.00272304946779363,0.0030930606762334,0.00440895268437185,0.0160507235907212,0.0249258380840054,0.00493002129205808,0.00552718736389404,0.00635586316998308,0.00789836640219693,0.00807499510769422,0.00809789054584135,0.00839622646246972,0.0090213847910662,0.00584156557657803,0.00342293307711251,-0.00116246521458564
"602.519",0.00127387983261856,0.00112343719117379,0.00113588790559913,0.0010404993266731,0.00108093791242341,0.00108238096658776,0.00105461689211812,0.00123045013374369,0.00120090295127602,0.0013234838613215,0.00148271332513804,0.0013485966833037,0.00181766095736312,0.00151177226480961,0.00195240555734132,0.00196263458691901,0.00201954676411231,0.00202192980982267,0.00245375478060972,0.00256771455206825,0.00258128067737458,0.00226981560251375,0.00220683113786882,0.00273956474784649,0.00264174763880617,0.00240311417567245,0.00308985588443143,0.00280481905868737,0.00321474781820374,0.00260000925644994,0.00294734919111853,0.00290371185926271,0.00282619681249943,0.00292573684066295,0.00269655574032316,0.00273165684109784,0.00320246757709309,0.00355120016902204,0.00393769446141277,0.00562831174185922,0.026053925368154,0.0141131649340168,0.00446854394961351,0.00567021162330693,0.00660438345071176,0.0089479923397382,0.00941670034245558,0.0108774072011446,0.0115312366146789,0.00994279533244638,0.0128993794291432,0.0168635871806664,0.0263945783198037
"607.221",0.0005567437457961,0.000377714375641546,0.00033016809226705,0.000728389158449367,0.000475819324392808,0.000463836043862706,0.000814250559836079,0.00104008406369769,0.000972156863718787,0.000908502347724152,0.00102064644406478,0.00114541037552057,0.00119373013923758,0.00122497852146355,0.00125698880037763,0.0013413678167271,0.00141918909306369,0.00166232044217606,0.00143675476262225,0.00166667180615648,0.0013915642042728,0.00184074063290436,0.0020321678993325,0.00188157703575417,0.00193311922297131,0.00213912416204214,0.00212773317362678,0.00205215888755581,0.00202535958802837,0.00191906101738837,0.0023088696888706,0.00212829419027128,0.00207827403207865,0.00198756312941513,0.00193485305385982,0.00218672381425759,0.00247682127786086,0.00273300434374266,0.00290545487712788,0.0124745580677399,0.0227298509511052,0.00458727736329167,0.00349697659391971,0.00413268601318196,0.00504584679099186,0.0066347128708718,0.00670092847859741,0.00710779406367388,0.00651078972064722,0.0057803040174902,0.00766565825386506,0.00585733645191322,0.00809520526908355
"611.924",0.000869602656550005,0.000166820316885494,0.000559678015048008,0.000431029249712986,0.000629135977625601,0.000504609065785495,0.000570156168511408,0.000746653035428877,0.000841080079278904,0.000882153689680912,0.00083144529601412,0.000726129649357671,0.000913588026432886,0.00107564896865007,0.0010660228537618,0.00127647304051576,0.00152485398474987,0.00144434161604029,0.0014057870639865,0.00146425528599175,0.00141669275588897,0.0017054272266093,0.00194802552508876,0.00168741137106219,0.00192153021226494,0.0020571600393531,0.00164106741627322,0.00195136980838138,0.00169278913005691,0.00207115140136935,0.00175888198098026,0.00208246037469303,0.00209346030177881,0.00181103061659842,0.00182626773554951,0.00206262388187793,0.00220494775823011,0.00262634673704275,0.00338554933176154,0.0215094271607103,0.0123454060471304,0.00313012605998684,0.00348673347840139,0.00439574550050678,0.00505908715199529,0.00619457127315057,0.00638531079599914,0.00675418170156293,0.00606162377375283,0.00621270058044846,0.00245766907601946,0.00682506286646563,0.0124336661619699
"616.63",0.000615427621591261,0.000766117563756127,0.000778460872595509,0.000548622103614309,0.000897021620384873,0.000755610128723585,0.000874485761187548,0.000960710558501148,0.00098655086514536,0.000916904739788383,0.00122342970424124,0.000944823868652135,0.00085501072180302,0.00145660902552787,0.00127854839966098,0.00156368375706986,0.0014929665730208,0.00153246750578474,0.00150634273970304,0.00164195190581697,0.00193958776112339,0.00164706540233891,0.00168834551137495,0.00191532664641436,0.00220245289467397,0.00158095487355273,0.00187925343309345,0.0019634357265998,0.00201410985115612,0.00192052540426573,0.001917179204057,0.0023593838035349,0.00202476454809245,0.00209332368689088,0.00200609070196109,0.00202054892017971,0.00238472018904383,0.0025577514134216,0.0103134575075102,0.0215071298015694,0.00363927233245629,0.00305257499430394,0.00324077072209493,0.00451659410039322,0.0052129183883809,0.00617713389951557,0.00728288584612472,0.00710703624710274,0.00637427465225348,0.00609191492824867,0.00715951904909061,0.0121915981991496,0.00743015736806643
"621.338",0.000647480848714788,0.000522758025595011,0.000603502597543135,0.000578879641332173,0.000721188966450856,0.000773867559237697,0.000890621996591288,0.000938499431880588,0.000897074852373398,0.000795624538663295,0.00101429417882958,0.000999357875152237,0.00124320391238787,0.00134249863412829,0.00132149437513205,0.0015013492105596,0.00157385155046142,0.00169485067984286,0.00161473435785899,0.00163666207236564,0.0016875541094814,0.00181050991947702,0.00161819239971366,0.00198438903134651,0.00185058420824803,0.00176779543437689,0.00180548621218812,0.00180204466576297,0.00208401151162735,0.00194535225578993,0.00189368216926614,0.00188590825364794,0.00181607946841813,0.00191525841727102,0.00186111500668206,0.00207455656194986,0.00262929231274909,0.00335263859650948,0.0187797669882119,0.0119923070787379,0.00305076617877036,0.00280939457141628,0.0037059038548573,0.00431408577036938,0.00520627163841678,0.00606554289377857,0.00675652460393237,0.00619478767196092,0.00730311851947464,0.00947841129735823,0.00635821123471843,0.0103128608260299,0.0224957607296312
"626.047",0.000736243189823867,0.00066297217393055,0.000830974592725782,0.000808989251530203,0.000971234706198734,0.000619243444851516,0.000599442801235762,0.000830831019770702,0.000773731231436364,0.000940338357259643,0.00106819221385874,0.00105664555972906,0.00109013907528709,0.00115552179006466,0.00143866474792369,0.00121922255574388,0.00133986404112481,0.00145997985456381,0.00135470553860017,0.00173764564697604,0.00171571136600827,0.00156355713911049,0.00150463635116178,0.00169783358612929,0.00201854580141777,0.00170451793394797,0.0017932121868842,0.00191360726292904,0.00172196542632576,0.00215069877143888,0.0019168125724532,0.0021913841732719,0.00154768053781414,0.00182787846868681,0.00232393252817237,0.00201162684176786,0.00210483360166985,0.00780593553732221,0.0205274819109489,0.00469070933876434,0.00209352653764041,0.00319611950159854,0.00320703725405443,0.00458541982363313,0.00559995759054782,0.00621355120885958,0.00732191809816089,0.00601569643964772,0.00742950517963391,0.00747761877945343,0.00882904523876618,0.011002808892025,0.00637943737913116
"630.758",0.000417266170608224,0.000657730095192931,0.000750395668099818,0.000596080909136231,0.000518010623520585,0.000785468294612982,0.00065018308592477,0.000861848729883176,0.000763442566277222,0.000990774459456389,0.000840188430325161,0.00101505730997037,0.000970440163330109,0.00110880127621982,0.00123334457397096,0.00117046951307824,0.00106716180852314,0.00140693910656602,0.00131720614826306,0.00157195814379338,0.00124909224115545,0.00151218990886397,0.00153781410773985,0.00164980547788761,0.00150141504849746,0.00147383008855304,0.00136542181099625,0.00141806159715157,0.00180569700091698,0.00156831543354454,0.00144566122141825,0.00145687232140015,0.00160912420927081,0.00170496531421744,0.00124849073785778,0.00189899965091404,0.00249375476556247,0.0152794189173158,0.0118982091188536,0.00237867067108174,0.0022836306908414,0.0026933815479065,0.00344308152795948,0.00445519427659234,0.00513779348771177,0.00524870375500293,0.00667853735670041,0.00583857130134191,0.00745367442251605,0.00885014083591821,0.00648928712275247,0.00733994485491512,0.0167754875094341
"635.471",-0.000315300349290266,0.000174964125709061,0.00021425274611148,-0.000165268623974786,0.000347804131120782,0.000431589255894799,0.000441934345899302,0.000414407233936414,0.000412389658928872,0.000406955275626906,0.000499026329224391,0.00072224340044846,0.000830171406824482,0.000585918917219236,0.000643182531440653,0.000963696389961217,0.00110077735669573,0.00103388289667385,0.000783308037355408,0.0010826730911741,0.00113022421324851,0.000933595510230062,0.00092632081839564,0.00140131787138068,0.00103311529389385,0.00102909110908541,0.00116839726316207,0.00126228361178965,0.00136455768226622,0.00119519463854482,0.00130309717472649,0.000902590460230979,0.00131525959146952,0.00146695412173191,0.00162591002946771,0.00175015124836861,0.00520807552902593,0.0166053738766103,0.00364715187053589,0.00155961515306756,0.00171795749760836,0.00178990988711693,0.00208447487239363,0.00290435242589458,0.00503877385054853,0.00495748176808585,0.00383739096279419,0.00243259134331441,0.00423448428014948,0.00441920525972522,0.00238715108211626,0.00225774363222063,-0.00626755972246841
"640.186",0.0006389513872985,0.000388220269452035,0.000717877526590405,0.000463141999729033,0.000532005248936307,0.000385576218228735,0.000532059919375583,0.000587174745161055,0.000560572850235752,0.000433494858447038,0.000598325264431748,0.000893587064868804,0.000530515631340413,0.000820877684993139,0.000881787393275983,0.0010087213701308,0.00102656400173874,0.00109992424156432,0.00107186461931161,0.00101632105384448,0.00112007263376401,0.00126256592385791,0.00119731496231275,0.0009360513802603,0.00124630303784808,0.00111308787612229,0.00145451907923653,0.00118876592833682,0.00118474297399708,0.0013477370793922,0.00142466775310874,0.000993753085330368,0.00153398455782946,0.00131046130570433,0.00182121992744626,0.00193941472362571,0.0122478451430143,0.0113611034419758,0.00206875919978517,0.00167008188510207,0.00156733048471607,0.002552278447955,0.00315101612979106,0.00431662975856983,0.00457184174941904,0.00481576592380255,0.00557572257193256,0.00531829956391651,0.00684512241885832,0.00525747701054636,0.00629764823606501,0.00393196727453175,-0.0151793925739403
"644.903",0.000184643737285967,0.000335806265346211,0.000497469486243389,0.000495569153590751,0.000747341274546946,0.000467510959960865,0.000580205752440578,0.000644691112888085,0.00042135431527586,0.000587579375790373,0.000667261724865532,0.000898927857613744,0.00071218441196946,0.000981223581844541,0.000911446845434738,0.00104940510762068,0.00101783430054178,0.001242182932483,0.00106058829212654,0.00122895685139456,0.00108965019726329,0.00121898788030086,0.00110671685017333,0.00116068292539545,0.00129271177453744,0.00152049716514116,0.00107137405362011,0.000828792632716544,0.00114212094590536,0.00107431601014186,0.00121506376242593,0.00128154675980306,0.00105299281650527,0.00149690683237749,0.00135585897376974,0.00450817964985922,0.0144423101431912,0.00406590594457426,0.00169968831868564,0.0013484097732078,0.00212974354741981,0.00207525096232291,0.00297137943006363,0.00397784085246535,0.00452244942745983,0.00557344542213342,0.00455223068305743,0.0045721994766377,0.00512091302545071,0.00455790456517318,0.00452409868366078,0.00507330054428623,0.0120040804995714
"649.621",0.000244881114599633,-4.51082158922985e-05,0.000115827521053386,-0.000120466554155066,0.000258619826554576,-2.65161776288076e-05,0.000382231789984447,0.000383335101270984,0.000349902908825837,0.000127787476098074,0.00033634495551319,0.000119393870660471,0.000402818717861699,0.000295956074490341,0.000690787504773554,0.000635574245171284,0.000380439703994708,0.000558549558850884,0.000961298146516604,0.000610213495512015,0.001205559943436,0.000305833915332788,0.000540602074587956,0.00056591075859883,0.000796218575221733,0.000768194908198047,0.000712093827209099,0.00055512742150706,0.000882863050704397,0.000827325730355965,0.000875771824479446,0.000922433192898987,0.00075835523126907,0.000659203542950802,0.00149009607258114,0.00931327874795745,0.00980289438125818,0.0015017193074677,0.00101621169558807,0.000742283127803444,0.00167092259137495,0.00210447159238603,0.00256762355027889,0.0030720680114138,0.00308356940114522,0.00278712721604864,0.00297104100929172,0.00302272577248361,0.00356793345639588,0.00328391876211939,0.00238959614040667,-0.00969100112833821,-0.0192313363746916
"654.341",0.00054852043634329,0.00030669666818095,4.10432626208485e-05,7.76565173437736e-05,0.000305775837570898,0.000415151151647614,0.00020562819407602,0.000493558334348093,0.000424166857356635,0.000563089640132154,0.000222009239078,0.000293386774936864,0.000361472714129965,0.000419765919589948,0.00048450088987009,0.00074053841394195,0.000735958156091419,0.000884321379038662,0.000829749971433571,0.000464787743164442,0.000777902595342107,0.000848925168310167,0.000692221641727906,0.000858794849941184,0.000929763962084284,0.000769451371134474,0.000760189285110323,0.00108030646528672,0.000796397916471217,0.00105947310144536,0.00136003002903976,0.000864382294129526,0.00134643515130983,0.00131167377063089,0.00308764133807816,0.0128010167477741,0.00404345562617328,0.000897727208698619,0.0011786016408291,0.00153080043359123,0.0012404393268782,0.00207616378381481,0.00222287247719412,0.00300872886383327,0.00358779917606924,0.00397870716493915,0.00324565957572179,0.00424734220534796,0.00347680609686242,0.00424127885298432,0.00183751075371854,-0.000124012037393005,0.0114438727905764
"659.063",0.000221287454333368,0.00026971346009696,0.000474780058074787,0.000525850961701482,0.000327494568422506,0.000320579853948696,0.000304347006918201,0.000386858954072045,0.000450604734822711,0.000316401339120416,0.00036592957121436,0.000744808303688738,0.000653889701543109,0.000308295822495181,0.000737952068601044,0.000938511495532547,0.000608455041915714,0.000970230698744983,0.000965925740990205,0.000742212482252991,0.000829313664137913,0.000729323280960848,0.00110726423530235,0.000895468005514308,0.000870887813349231,0.000829760079477633,0.000819753541083883,0.000956456745286677,0.000850919953471919,0.000742060674319291,0.000829061350138732,0.00108042123022521,0.00128907603064767,0.000993562407354769,0.00739967920399138,0.0100933148189312,0.00131583258681797,0.00118506833934827,0.000822761783342866,0.00144566455938641,0.00100045538799809,0.00197956460207877,0.0027669093219977,0.00239589346539165,0.00356519670004618,0.00428167564110451,0.00294725567362889,0.00379408057357394,0.00368395069946347,0.00298942439689591,0.00562382396609548,0.00476466705456548,0.000589620154302707
"663.787",9.7242911138127e-05,4.67046373691819e-05,6.01782279818017e-05,0.000306439374922476,0.000136640377219607,0.000280203548271843,0.000390367391600205,0.000303922811032391,0.000457362329786466,0.000282134619032104,0.000493275234106551,0.000626130355975304,0.000636020794472538,0.000625424411824173,0.000640014681944808,0.000639656081679762,0.000671569272029785,0.000819242641463257,0.000761361317358803,0.000607528560182836,0.000658662062060114,0.000758141427863482,0.000750699034219042,0.000545879963662799,0.000630180295616192,0.000705045123522321,0.00082611046109257,0.000705984483693534,0.000712120315672266,0.00077397724509245,0.000941383689608,0.000799275830678713,0.000916223966254366,0.0020267863029815,0.0110948122138147,0.00406230995179591,0.000940655247681981,0.000932184935328615,0.00144093820547743,0.00160397208814564,0.00127629588270283,0.00128798798287255,0.00210757230480353,0.00279321839449417,0.00306876649082109,0.00284670136669176,0.00312543548304447,0.00295094870077744,0.002923617557165,0.0050124837318596,-0.000604404997175176,-0.00584881062245847,-0.0116669252132887
"668.512",0.000361800722924865,0.00070606034704911,-8.50758133086501e-05,0.000371548064396393,0.000576366671337082,0.000113456708578808,0.000451636794858926,0.000261701036674131,0.000601891900321054,0.000505279155666582,0.000378364465438482,0.00032321276967971,0.000460102984249166,0.000715691400601897,0.000691754526382176,0.000907588558904743,0.000878521285650058,0.000596114096662391,0.000918065917190761,0.000905040550622779,0.00111064462637204,0.00118303717504395,0.000891752471605713,0.000932965633223204,0.000878798453578077,0.000848225015061665,0.00112092589284711,0.000657111591318987,0.00118503727474412,0.000607754663570206,0.000810003346289038,0.00116282669409591,0.00131201277034398,0.00613322444159517,0.00921353620204088,0.00146437409658894,0.00105685325010817,0.00116387476836861,0.00141599948664095,0.00107714050788559,0.00183843790821727,0.00221142469047212,0.0029477244341196,0.00250575892002454,0.002823538807239,0.003079240395915,0.00428426080898561,0.00390156429067342,0.00431168399009379,0.00606897794784798,0.00466489915256711,0.00499207581909792,-0.00511665745778648
"673.238",0.000599051593826195,0.000439717959478058,0.000305297058989538,0.000109326194815913,0.000123803584226463,0.0001923279587454,0.000333591244609309,0.000146172798267079,0.000382264607297117,0.000408994736393606,0.000385065308795347,0.000514032589149664,0.000264522156479199,0.000343874253206515,0.00030349331932899,0.000544696216913349,0.000581818732205888,0.000668929766006781,0.00077814006367734,0.000341280352001334,0.000575022986448272,0.000694212445203744,0.000909504016747781,0.000709817392471354,0.000553190802662435,0.000598320174329778,0.000421277166401151,0.000792181846754477,0.000585138316348899,0.000589756415184782,0.000750542192772095,0.000949734864151905,0.0017272749100703,0.00904308544106385,0.00412981906588901,0.000943865366308001,0.000934382446230149,0.000711922714905922,0.0011208195429961,0.000959476813914103,0.00125163477026495,0.00156725615847216,0.00208678390936585,0.00208344215298472,0.00209680563921308,0.00329346277287591,0.00261686368693939,0.00280012106614573,0.00293225882705863,0.00401344510881665,0.00544233316305763,0.00425618626377541,0.000277249657677982
"677.967",0.000343731634467786,0.000258941988814548,0.000368924315392232,0.000480953567803749,9.98400564016698e-05,1.8331471520297e-05,0.000284308302715719,0.000240980637469434,0.000156623662667279,0.000336104039670212,0.000263066189594299,0.000243023214545267,0.00053302809758588,0.000351797018673602,5.799189540449e-05,0.0006375502299223,0.000315114120907507,0.000261392550890377,0.000305901924193462,0.000634001381071719,0.000526095857327752,0.000974078872172941,0.00052352617499692,0.000569746733390683,0.00060905014399208,0.000479909959646565,0.000523783876382126,0.00055586774872619,0.000297441045351033,0.00103022377264747,0.000675010683152703,0.00106485210751257,0.00440998656548939,0.00817505473445589,0.0012085425563618,0.00107370459940823,0.000707502253529139,0.00049650203512591,0.0010634785974337,0.000997261007395537,0.0010352840817936,0.001560745784172,0.00173988191918499,0.00237700811931826,0.00262967316969616,0.00323551921966816,0.00358812651492752,0.00286884651887432,0.00270823264281015,0.00227916513986611,0.00424927498923694,0.000127890264399761,-0.00064837806552287
"682.696",0.000803261290464803,0.000757920488169676,0.000771116491627418,0.000568189338982932,0.000530031480003352,0.000620378131050221,0.000581943802521162,0.000387001065629387,0.00042384073935027,0.000618845331045287,0.000441766967983133,0.000769313250013692,0.000651142881708344,0.00082640025711615,0.000655539549618716,0.000977553389757452,0.000738006326699983,0.00100441695588614,0.000844188460121182,0.000763729084116161,0.00107057512524994,0.000814433016055884,0.00100832230189664,0.000643527001200863,0.000778517174796821,0.000739301346963975,0.000892107804425753,0.000973810817880302,0.000997088813744647,0.00115744987520973,0.00102107170385926,0.00127872994197783,0.00837055523588382,0.00432225189010499,0.000781387615201799,0.00102375320267847,0.00135860090752358,0.000899623616905831,0.00142877662869355,0.00151282394380492,0.0015885289342919,0.000963376291778784,0.0025425330342821,0.00215728802446946,0.00267274998032738,0.0031720756159655,0.00366822080802555,0.00287637443060433,0.00557060746362212,0.00230450594564407,0.00810864029683593,0.0045938167607048,0.0130503232078849
"687.428",0.0003655541724586,0.00034693072547585,0.000256415096227462,0.000241636464860182,3.02707974834659e-05,0.000436843492843468,0.000338513612782086,0.000306953978643418,0.000353985337435848,0.000276884418596576,0.000376772951326278,0.000467982964784032,0.000514274083806075,0.000446368563360542,0.000391784617856376,0.000564016239691439,0.000546018806697712,0.00045543758200614,0.000525630988239226,0.000583684222982013,0.000582994055499876,0.000686526367345198,0.000805926421062165,0.000376529944146068,0.000239805961670719,0.000357818540342521,0.000555684782757089,0.000644391647037219,0.000431800470994881,0.000815840024963802,0.000929215221658388,0.00358166676284565,0.00700831892535759,0.00112208656230238,0.00045554073194312,0.000468337478530788,0.000753385824257553,0.000596550880426557,0.00094893132678296,0.000800436233021711,0.00117441999070931,0.00117334953484588,0.00137214290150345,0.00226680063539309,0.00238638346755452,0.00217381786581611,0.00213954073786475,0.00321580636068908,0.00112703483992867,-0.000438672222415641,-0.00118965126871397,-0.00517691276999917,-0.00996490247650014
"692.16",0.000172041508149415,-0.000118550331814472,-1.90360855521228e-05,0.000112601476263865,0.000306530076856858,0.000519424057609743,0.000116855624245744,0.000135582910830928,-4.55264996259724e-05,0.000311024357815362,0.00043811365907746,0.000329957793005157,0.000164742156284342,0.000531917555113179,0.000129510937208494,0.000540334132107584,0.000396239635558769,0.000285386649647321,0.000267387381082673,0.000497047900360117,0.000204473408636199,0.000396163707205343,0.000293478628480096,0.000868513149556285,0.000552958156415488,0.000491318960087138,0.000705579023736085,0.000557737726000333,0.000434080759614993,0.000842536045129131,0.000851187140837158,0.00640525879515045,0.00418414989558785,0.000618197474581236,0.000606722152869316,0.000678234280042999,0.00063128418387188,0.000783375288409471,0.000551151568225364,0.000869161974191885,0.00133509523048769,0.0012634354644655,0.00150329879015005,0.00223161577733636,0.00108834322784844,0.00141220824773729,0.00273969634761537,0.00291228982269402,0.000786764421335062,0.00206905523708776,0.00463131218886283,0.00957551016384355,0.00958413405198653
"696.895",3.93670526309165e-05,-7.02819392234137e-05,-0.000183991668241083,-5.97692585568049e-05,-8.78140959516543e-05,9.49245179398077e-05,0.000203706682910446,0.000118027654706918,7.71993086790871e-05,-0.000284769541371099,0.000229714758147635,0.000168761349972377,0.000360440359357712,-4.46485784490149e-05,0.000168424359718577,0.000199286001220771,1.70209853607673e-05,0.000221455884075652,0.000374315957838862,0.000403155944651415,-0.000123665389153207,0.000154369291694284,0.000372580774173424,0.000524832618378532,4.13528143016729e-05,0.000247330299976127,0.000306703791512448,0.000153067305471398,0.000601768972107163,0.000522388496132519,0.00253710955699563,0.00671589472876227,0.000750017651144539,0.000484091576637621,0.000556944500560704,0.000290676337892664,0.000816299697072814,0.000710534268252015,0.000577293389404148,0.000835364062543127,0.000353073352189006,0.00104749474603493,0.00155499234967519,0.000872430224535071,0.000870950355206123,0.000676793926015895,0.00267642899354102,0.00216168455971991,0.0015540864011852,-0.000887301891241693,-0.000566214207991345,-0.000405503743688421,-0.0122926878872775
"701.63",-0.000182584505974228,-8.51039862974484e-05,-2.55736813205914e-05,-0.000114470482418678,-5.40899361762756e-06,0.000186952108306625,0.000226960583718208,0.00018471088021616,3.89182545576584e-05,0.000145417675051411,7.87875826803385e-05,0.000175697147507562,-7.51661185897255e-05,0.00043316189705534,0.000180788918305273,0.000152056742569629,-0.000132345701396565,-0.000120818264877898,9.92273277924131e-05,0.000105058064763085,-6.93848027657256e-05,7.78108933217466e-05,7.12385015171822e-05,0.000239375223530852,-0.000149416067461867,0.000197068496092622,-0.000109047460016053,0.000400340089130292,0.000475043001527916,0.000860970415688836,0.00575091802257864,0.00364998794500573,0.000130796116218267,0.000209391014153321,0.00016305053581169,0.000669370732090847,0.000445124447923215,0.00052907924012143,0.000635235193281542,0.000826574972709706,0.000616834832238649,0.000603552962103255,0.00100341858476808,0.00107260401611786,0.00165702058473878,0.00158746171893928,0.000514805838930164,0.00112744622548775,-0.00102453362766143,-0.000492536282343902,-7.11178260256948e-05,0.00444774066840966,0.00498146818638294
"706.367",-3.21232976266465e-05,5.01458352225539e-05,2.57695331933322e-05,0.000127973109408043,-0.000205048695727147,-2.9172884312317e-05,-6.21222206226168e-05,0.000155376822150466,2.86523574984483e-05,-8.50554903525423e-06,-9.37460228136508e-05,-5.01327191933264e-05,-0.000128475294675244,0.000187881648126817,-1.66260166379299e-05,2.19842850568237e-05,0.000156991063864301,-4.28084962737831e-05,8.03333593667239e-05,4.96086780330578e-05,-0.00018926192697772,-0.000105224985326278,0.000183544414424734,0.000369708947340719,0.000290067732518079,0.000187885476893154,6.37798788975774e-05,0.000237243556471989,0.00041701877711978,0.00200567867751708,0.00630217354402372,0.000920542250691922,0.000166892271744608,0.00094070476801535,0.000421687389541471,0.000186851658710762,0.000252447565516543,0.000186485341102688,0.000420858229838388,0.000385175099931197,0.000553805262620292,0.000505784383541087,0.000623960289753051,0.000682972990755466,0.00147609004142912,0.00188307330705368,0.000458500822594113,0.000380316007256236,0.00080941506889431,-0.00176471237037272,-0.000865864767341352,-0.006978779089779,0.000638520292462723
"711.106",0.00034911082420752,0.000268100664414703,-0.000163454796701409,0.000381789515802017,0.000281314289104835,0.000529587776923178,0.000121506394250563,0.000256442924540447,9.39860563737113e-05,0.000178489839979744,0.000222692440210672,0.0001460069636547,0.000235944898961191,0.00017254858633924,0.000560249599102594,7.77385936242569e-05,0.00038790204903415,0.000358079398857062,0.000203151517333011,0.000186306533525045,6.36738989639572e-05,0.000298541452439102,0.000602850021127157,0.000405837200948804,0.00047630845328094,0.000207593558629619,-1.19579782995142e-05,0.000514730207953329,0.000983520564818022,0.00463282739846507,0.0035799698227776,0.000338946051447699,0.000453640765384479,0.000802025539483652,0.000568190662049331,0.00053474887434753,0.00103474644515318,0.000812111836992008,0.00118450815368628,0.00101963769055162,0.000506406240083333,0.00108027927771404,0.00102625861555162,0.0012941031768901,0.00162199400179519,0.00150119794480163,0.00172796369433524,-5.14284224492544e-05,0.00196206373109249,0.00246848462210849,-0.000365298284930226,-0.00111828425406522,0.0123441137376283
"715.845",4.10535075387883e-05,-0.000256479286647621,0.000251155630432801,0.000193181055061108,-1.58380744245496e-08,0.00051632037240027,0.000294469992145024,0.000233476084840632,0.000194357050914111,0.000115905608053068,0.00021569193456555,7.38253344421727e-05,0.000280627551936658,0.000279330005245752,0.000181355143862297,0.00026407068495835,0.000160515038989466,0.000374733116128163,-6.17539295938479e-05,0.000152388169657685,-5.02288994722101e-05,0.000221462542815081,0.000502600607285195,0.000234689842392088,4.93790892939847e-05,0.000191977249253331,0.000480158824437066,0.000532503259679465,0.00188244279821163,0.0054652725210139,0.000998111536050254,4.64156458044473e-05,0.000335342972322964,0.000847447387550386,0.000593510080893718,0.000402246179477106,0.000711528141551505,0.000747480035787304,0.000751875344990776,0.000242865906009663,0.000970922892631025,0.000780541815244274,0.00143843758542876,0.00134648192242971,0.00128925805238318,0.00121843475187752,0.00117250051565509,0.00204810858133735,0.00152257754239229,0.00124833055893809,0.00243219649979976,0.00111583274716654,0.0156241662244862
"720.586",-0.000395186721402404,-0.000301318184824737,-0.00031167725113472,-0.000300062555124746,-0.000231775851420884,-0.000124406286978202,-0.000101143740384474,-5.87857688840099e-05,-0.000257702359611132,-0.000254659775971246,1.44647033177394e-05,5.68589493711392e-05,-0.000329340115548233,-0.000198424095164237,-0.000170442348385062,-0.000152111556060943,-8.36117412512849e-05,-0.000225520878518495,-9.62716623000929e-05,-0.000261993348235511,-0.000488353153188046,-0.000383845700431804,-0.000497190909275366,-0.00023502915490934,-0.000117744811617539,-9.06451139086271e-05,-0.000291616195216314,0.000355758794015351,0.00362490214573824,0.00331773942487967,0.000110491930328557,4.07166782541335e-05,-0.000141564298901771,0.000162908128562215,-9.39534496704839e-05,0.000575121528632578,-0.000119688184387003,0.000139855627805043,9.40045090105298e-05,-0.000277773058635917,0.000883132871723768,0.000224888439159733,0.000823717479377112,-0.000237457954137558,0.000103329680840582,0.000548714948117169,-0.000834046181498796,-0.000416272941784675,0.000165367742318634,-0.00185525685056792,-0.00628254377215199,-0.00981549149118918,-0.0219903161823503
"725.329",0.000825057472267156,0.000780876562599687,0.000382567429995145,0.000297316773850414,0.000103667323164828,0.000513747212443167,0.000242408486858112,0.000276386348232035,0.000398219966708609,0.000331801715747106,0.000209204080435142,0.000461248811858911,0.000472570189311035,0.000631933854441956,0.000546346410600367,0.00026229120392317,0.0007119948212278,0.000583224802174713,0.000111278936537143,-3.67739142438131e-05,0.000392424098388701,0.000361202583956052,0.000836460951171386,0.000456260268835876,0.000727308586730061,0.000249660594728051,0.000595643727724641,0.00141669217071914,0.00514089629343322,0.00133159447100633,0.000441974393631093,0.000501400768435561,0.000764179965628889,0.000762368289120588,0.000798809449264197,0.000903550856710116,0.000821095219117382,0.00126456421840168,0.000293948007543528,0.00137018583801769,0.00101280940919782,0.00135644439384179,0.00163537690313558,0.00280861063664015,0.00123386886934598,0.00258089143735815,0.00181708469723918,0.00105227638651797,0.00382884183301314,0.00220583814978516,0.00419014086670971,0.00169828231424767,0.0264998557783388
"730.072",-0.000243187839278484,-0.000202011071327322,-0.000121533170212437,0.000165509849729539,-2.21023310260342e-05,-0.000187619584585934,-2.67039978579471e-05,-3.65053602714782e-05,4.09334758787443e-05,-0.000144845635987874,-0.000166337159779305,1.15425115575913e-05,-0.000396124291906876,-0.000231785975633805,5.20949877747102e-05,-3.44208615670956e-05,0.000145728015775932,0.00017848612852489,-0.00011911103694672,-0.000348181752120354,2.91856275776778e-05,0.000322190647982733,0.00017790724074988,-5.31885551514687e-05,0.000239672967915046,0.000336739459878883,-9.12085367561885e-05,0.00261470569645608,0.00345022601263011,-5.40089808546684e-05,5.92579549623579e-05,0.000177997721807994,0.000108124111807457,0.000141253788536317,0.000165852190581342,0.000518105169964203,0.000256123201324871,0.000469245518493128,0.000615790715389048,0.000667789538583649,0.000183361514498731,0.000677440347982809,0.00111524963997421,8.91197711203109e-05,0.000568639381985267,0.00133438937658941,0.00128401900324486,-7.95755648122657e-05,-0.000372082331986757,-0.00132217046992189,0.000750601059046448,0.00198860742206932,-0.00463690101377324
"734.817",2.53011279268315e-05,-0.000135528034751515,0.000231439009887637,0.000314155185118336,0.000309205399772295,0.000244924255659254,0.000122717197196895,0.000180117867786937,0.000169584392298441,0.00020370298968711,0.000468170078956611,0.00058430144661371,0.000325360937897634,0.000131655608274833,0.000314693248891001,0.000421793991112805,0.000495341641323369,0.000539626601914477,6.33226560739407e-05,0.000395316468961707,0.00011043175745069,0.000186480332856947,0.000358343111856253,0.000502537311888101,0.000660730686785198,0.000660446130576351,0.00130359079618389,0.00472581381643771,0.00170428525112357,0.000464086845176127,0.000274682058313935,0.000262983983792621,0.000471889213091649,0.000321414297727986,0.000931534330594532,0.000738692160076934,0.000688849799674629,0.000976525795681179,0.000869830839930051,0.000474272106482132,0.000794885186015257,0.00153513911519402,0.00111227642690108,0.000961532761563214,0.00140100788817347,0.00192509388000441,0.00170987577015556,0.000986473069696083,0.00207566042428954,0.00380502121905038,0.00325989561293239,0.0037279672856323,0.0161440069415293
"739.563",-0.000290486953033384,-3.80435240725582e-05,-0.00018560683118397,-0.000330554815331446,-0.000150711357686461,-0.000206484672386005,6.99372580264198e-05,-0.000111290736871167,-2.27744061661894e-05,-4.00468899408175e-05,-6.98401984077043e-05,-3.54538979741961e-05,-3.10295621300626e-05,4.23865763254569e-05,-0.000424461001809146,8.18489932897895e-05,-0.000166988386622972,5.854023972948e-05,-4.28427554582474e-05,0.000249078011333441,-0.000402273533243574,-6.9768378065446e-05,6.97132216376293e-05,-2.70222835742693e-05,-5.7909267713735e-05,0.000274662235602778,0.00235236558890912,0.00359931702688635,-9.87041296937855e-05,1.21600957814584e-05,0.000289981502469197,0.000241842535055762,0.000379441008519279,0.000306312862438676,0.000435422778964823,0.00061690663374354,0.000464740960220341,0.000208270813367808,0.000554130305386346,0.000191838125083598,0.000261792961182513,-0.000324819644729394,0.000517323840958214,0.000713303279338484,0.00050295091700734,0.000551089414971161,0.000132841601361351,-0.000593222098355101,0.000275917211797271,9.60768356882737e-05,-0.00199244172852851,-0.00131688439391826,-0.00828366253415006
"744.31",-0.000241768380243034,-0.000100066270167199,-0.000361439083145608,-0.000439218410276671,0.000113040043838588,-0.000198230199568991,-3.55479268806298e-05,-0.00014663530626653,-7.34288007305838e-05,9.95605863967715e-05,0.000120966723084328,-9.55507438479419e-05,-0.000156975114439595,1.22205410314098e-05,0.000154918686064886,0.000159500205173012,-0.000118828720653729,-0.00020358855001474,-0.000194576098898779,-0.000419366763406619,-6.02885081863079e-05,0.000190612467502435,-0.000112738447259663,-0.00013004614971304,5.18332478131616e-05,0.000541474258743864,0.00326014754138545,0.000951013759825993,-3.75977144136956e-05,-8.01822800331132e-05,4.87917350175312e-05,0.00031777491366273,3.71115965593822e-05,0.000328626726503474,0.000696239107326075,0.000214295526788455,0.000264256350929112,0.000499143730117456,0.000436480939557591,0.000458256375694434,0.000358995052366544,0.000728349743925536,-3.42556639258203e-05,0.000445668841086914,0.000585450917136738,0.000519931114438936,0.000425889396782211,-5.45945191597409e-05,0.000521692072486664,-0.000340786525585221,-7.76430532264182e-05,-0.00765325018174502,-0.0207818979755302
"749.058",-0.000113355504984024,-0.000420339421680738,-4.24485704454758e-05,1.317957235352e-05,0.000193673632475567,-0.000216256840935466,-0.000174374467957127,-6.90342355598575e-05,-6.6345029623121e-05,-0.000237801256103093,-0.000274884637623776,-0.000247422178704083,-0.000209320365102165,6.79890007549109e-05,0.000102327069215824,8.94981923404492e-05,-0.000284165042252574,-2.65089691704959e-05,-0.000233035331594819,-0.000315728315368759,0.000296759060224394,-0.000164093447764841,0.000234871385421115,0.000373826305481784,-1.98415451094026e-05,0.00191492913580458,0.0031814814185727,0.000175819161731969,0.00015092958932536,0.000217853756258176,0.000283724016672289,-1.24221325440816e-05,0.000143715485678696,0.000261895685461178,0.000152600118044234,0.000356868463834398,0.000800652942450559,0.000638248043362111,0.000374341626740224,0.000195866044155562,-1.92999608289429e-05,5.17780358515524e-05,0.000390527332015811,0.000304563808300975,0.000762629521073732,0.00114427245913237,-0.000181292377366147,0.000523384947546931,-0.00109008085105543,-0.0014742431383463,-7.98543452568976e-05,0.00474576326853815,-0.0154818915490483
"753.808",0.000204549173404223,-0.000293764364908005,-0.000222310510758905,-0.000229778346201287,0.000330993474279188,6.4201264664561e-05,1.18807934736048e-05,-4.60525206307906e-05,0.000126736900127623,6.47466941280296e-05,0.000103789332004798,0.000153623318882617,3.86613993580541e-05,0.000321274708511278,0.000116592791961494,-9.12768036171986e-05,0.000231546599066869,0.00019597568861495,-0.000163366368235789,6.24247492285526e-05,3.86361064590339e-05,-9.47715870087606e-05,0.000522323488125752,0.000141266475708803,0.000461003399245974,0.00370387010506061,0.00122343623356576,0.000147212078312374,0.000115249217863345,0.000526543485156581,3.12952877084781e-05,0.000604020875009946,0.000369396534479174,0.00046239808408262,0.000121718366157022,0.000620911469644688,0.000370122261239726,0.000850730246495659,0.000474721009358477,0.000235704802911768,0.000681077024897961,0.000517449863525882,0.00070224375149703,0.00116073555219899,0.000729959360064854,0.00139541849866283,0.00154559955611054,0.00117824391758813,-0.00136253409735382,-0.00030160113665989,-0.000164169251892881,0.00300305583204811,-0.00160770109643573
"758.558",8.14863735420244e-05,0.000153407845030252,9.46375853469461e-05,0.000453408241527298,0.000118135406670628,0.00026779618327587,3.27300670010445e-05,0.000196590377597792,8.88238360208492e-05,-7.62387803841272e-05,0.000242977107515364,0.000225460414314368,0.000124963120109835,9.61842575634604e-05,0.000449774917714409,0.000154839880718992,0.000190116922771408,0.000240937341524232,-0.000136093179241202,0.000647489188722942,0.000544628160691963,0.000392207365158044,6.64581251067052e-05,0.000610643692044721,0.00195993428287816,0.00305759725179168,0.000450384642462852,0.000352200253115197,0.00028718846766491,3.87123022117587e-05,0.000364852238046132,0.00025624549994672,0.000538235999149528,0.000629867339734249,0.000640418165418821,0.000225120292145645,0.000215188464613396,0.00080950927461823,0.000828838324153984,0.000582292233147562,0.000832278183216448,0.000333330140303719,0.000667388629411993,0.00103066889736047,0.000629868924951924,0.00181043534698692,0.000728145250320393,0.00222872150433954,0.00105740952007304,0.00122290444233082,0.000891974259440866,0.00169196860260713,0.0175931834828646
"763.31",6.46280537445818e-05,-4.12590214237189e-05,-0.000230559091819843,4.20434536655169e-05,0.000199339689809948,0.000156041708499008,-0.00011753355842782,7.15621405189998e-06,0.000164703677236863,0.000106521945841342,0.00031791636670666,7.66904578208644e-05,0.000234839082575236,9.16133411522247e-05,0.000108327773913285,-4.42492433449963e-05,0.000314316469815531,0.00012638414810913,0.000285010153809397,0.000122232126104907,-0.000136820719010611,0.000249076545645653,0.000271228159466197,0.00061584219325101,0.00283871994496721,0.00137407677202125,0.000219990402452439,3.99505975109387e-05,0.000406251071127835,0.000164733759615428,-2.61710535927462e-05,0.000372451107669824,0.000634999554969553,0.000277479836335288,0.000463590198307957,0.000415331355204914,0.000368897491191708,0.000349837435314427,0.000669249174457884,0.000112890252191224,0.000242452770243859,0.000449749936760987,0.000534869872052827,0.000813006121056659,9.90233987980034e-05,0.000953021258006067,0.00107834924284539,0.000612023141524934,0.00148823369790421,0.00353597608004936,0.00132460909223288,-0.00282736120886323,-0.00392780098215454
"768.062",-0.000158447812329504,-0.000116555381499959,-6.76923715942708e-05,0.000126920778368,6.05803081137226e-05,0.000157625265060398,1.66835495098788e-05,0.000139556112439388,0.00012049223701097,-0.000136974392760316,-8.69742163057779e-05,9.66244220172846e-05,-0.00010167951936608,-0.000297258285368044,0.000115789872183234,-0.000153072948527943,-0.000101264461058359,-0.000219827994798276,-1.83527267628764e-07,9.85216903399594e-05,-0.000203367636569432,0.000952522158334998,-0.000106501430601597,0.00154709472290385,0.00260595077932035,0.000319368986274282,0.000376644067529392,2.68089840695563e-05,0.000120823255135351,0.000252717886283309,0.000494231225751997,0.000257209949058162,7.34257887539887e-05,0.000559774389314457,0.000538823608058141,0.00075618022205305,7.8930559407569e-05,0.000698501137893527,0.000426558582989761,-4.76434043459501e-05,0.000693574359819059,0.000941167620927112,0.00055212870511881,0.00179685818934044,0.00103084816561892,0.00134264859362776,0.00077378633706971,0.00314776850280488,0.00183961807286516,0.00383023813814095,0.000415438128717385,-0.00334460127203723,0.0444855277901769
"772.815",0.00022352320465936,0.000199441865066423,-0.000105142396426918,-0.000226137731990907,0.000170361043989368,0.000455794585970038,0.000109984604563641,0.000147107930881606,-7.49194736176136e-05,-4.39369490456373e-05,1.09041382441661e-05,-0.000296490315904251,0.000277587325869986,-6.60042297478332e-05,0.00025710078197221,0.000210272298568298,0.000444979112110835,4.23915676113662e-05,-0.000186696531728048,-0.00048545334166725,-0.000349366985201235,0.000525364094731103,0.000676356019468041,0.0035425616485913,0.00118309545617506,3.36973179189492e-05,0.000100697124983238,0.000234882559451742,0.000127564627712197,3.31597439706477e-05,-6.21526086721461e-08,4.60355778561581e-05,0.000320248055702567,-6.78303241230519e-05,0.00039678144916297,0.000576122077102374,0.000625360856850358,0.000950611258598784,0.000470661075289654,0.00085589851263729,0.000438170654097502,0.000973797815197133,0.000674563175791922,0.000452461309626842,0.000697783658177446,0.00132194811937502,0.00178901847092312,-0.00041191071490812,0.00409044877761363,0.000995377569782394,0.00075088260065841,0.00284326610133397,0.00749805376869413
"777.57",-0.000484664761620503,-0.000356331766214522,-0.000482512095124156,-0.000490733607087726,-0.000217741272547181,-0.000482838536496532,0.000193897391221932,-4.93179036297682e-05,-0.000106461924066571,-4.02166253910317e-05,-0.000155194692898054,3.92713349008523e-05,-0.000283347814525359,-0.000303136247815924,-0.000196731271210564,9.7513362895998e-05,-0.00025476852517812,-0.000253251872327181,0.000190016686514419,-0.000294043196083442,1.62782349190382e-05,-0.000357680702387717,0.0012715994909432,0.00257416439857253,4.25388694293969e-05,0.000291428845505261,0.000239985823742742,-0.000452109221959562,-0.00021277752792928,9.49000388345388e-05,0.0002216280745174,-1.65726440678983e-07,0.000272311307163432,0.00010464019193805,0.000281955398868789,0.000411909425321642,0.000476404527448005,0.000308838185258985,6.32025140532712e-05,0.00011602142158898,-4.72461435502497e-07,0.000259609344499697,-0.00011297749446775,-0.000173114854761844,0.000661711304173915,0.00134885336068664,0.000566905443306753,-0.00132032905262186,0.00045792164179149,-0.000857482421040826,-0.00333015045102434,-0.00842832490795285,-0.0210586985763427
"782.325",0.000559719820701181,-0.000180754818528178,-0.000162772927455846,-0.00029274073830983,2.54445086176875e-05,8.17262918973133e-05,-3.06140727419519e-05,-0.000110559217575248,-3.41334354384783e-05,5.06951540123773e-05,-0.000332245615028622,-5.34026246943407e-05,-0.000406837151851315,-8.88974594343175e-05,-9.32256843793736e-05,-3.30256838687177e-05,-0.000258549613545906,-0.000154123609356707,-0.000241543641478924,0.000238634979847602,3.36769908728941e-05,0.000338923200203292,0.00213360584202167,0.000759609736403236,-0.000116215435860661,0.000296323120264413,-9.05007852488403e-05,0.000229515178785588,0.000250635209424523,0.000144664062877415,-0.000170630854842828,4.08268865403707e-05,0.000124422624195479,-9.86718224228926e-05,0.000337696121357333,0.000155037950683597,0.000377361340842023,0.000514375041804616,0.000589132645635751,0.000345010289736416,0.000316891989232699,0.000527411536696135,0.000165207299377138,-0.000366243424442374,0.000550577314381955,-0.000871778279630001,0.000175336070098945,-6.100212808098e-05,0.00186583607290473,-3.6784293379574e-08,0.00173443496810755,-0.0027872019432916,-0.023559201869807
"787.081",-0.000118926865291537,-0.000150416691819668,2.4682886868259e-07,0.000398724655354673,7.11909367243867e-05,0.000551066912663304,1.80978953451291e-05,0.000227168697797573,0.000323133028982784,0.000212937457773499,0.000254474616819738,0.00068571109168039,0.000281037963041584,0.000393239777686237,0.000184628004475135,0.000562741656427841,-0.000236775159147391,0.00024115236348483,0.000611963519203255,0.000376345589630899,0.00069130456743317,0.00196735216662748,0.00270027432359834,0.000574264947327251,0.000477084299149344,0.000383807600770076,0.000279065790895437,0.000128515316413191,0.000364514871388947,0.000339443204057596,0.000574543070035257,0.000469758149439677,0.000745357645602578,0.000862926312267153,0.000520132180935784,0.000708647076066274,0.000656959356999398,0.000483321594981147,0.000888435074823263,0.0010727099587297,0.000651059301004247,0.00102423094130583,0.00114854069862307,0.000797275461991379,0.00162599503345388,0.00153437610093783,0.0016201693223325,0.00175187303919077,0.00275403239854864,0.00256640036716225,0.0046257337863476,0.00624708939214946,0.0121388392552077
"791.838",0.000237617948953847,2.63476155788753e-05,-5.60589483004551e-05,-0.000307989032513398,0.000245915049538672,2.40065886315521e-05,0.000368521483350895,-0.000117553229567293,0.00022969712963123,-2.58841189390666e-05,0.000202209564614958,0.000301243142417724,6.97015042035263e-06,6.3111090041991e-05,0.000341580900985479,5.41770319925423e-05,0.000207736136790015,0.0001882258384127,-0.00010749176969639,0.00017469003118061,0.000388147118238836,0.00236035246740702,0.00144573286210921,-0.00027477112193268,0.000201008255528774,5.76959235456658e-05,-0.000114525769051353,0.000363778794959156,0.000385413590998837,0.000303708927696725,0.000314803735853754,0.000511369237532591,0.000822637550911002,0.000369565064607609,0.000414191474597016,0.000325936939442557,-8.44469750435992e-05,0.000124689486826347,0.00103850294460235,-6.09189648715968e-05,-0.00022781369148644,0.000529238360332682,-7.85866970331707e-05,0.000375714229217298,0.000776969346155648,0.000723701136130605,0.00138750391485709,0.00103092876216316,0.000796485283685328,0.000557413106136651,0.00257437900565345,-0.00589386702651709,-0.00971998243835002
"796.596",-0.000231935897592068,-0.000405056704215749,-0.000235768607344687,-0.000222128073195053,0.000131817846198197,0.000158326373318318,5.94065851592681e-05,0.000146992330703248,3.59827940017683e-05,-0.000179590729940256,-7.05911253368755e-05,2.79131056816768e-05,7.33275154466993e-05,-0.000371663087663154,2.08852916695097e-05,7.58884751420844e-05,0.000175150374630329,0.00036817729824225,0.000302944366009374,0.000658800957749112,0.001150640657615,0.00249498702620564,0.00040311182920262,-7.19222638243648e-05,1.5119363439125e-05,-0.000280237681657695,0.000189167676686508,0.000392370985190769,0.000305486982012855,0.00044621597886459,-2.87191106943642e-05,0.000106904429920528,0.000202272621653087,0.000273097764596121,0.000245480605552516,0.000429162494820944,-0.000163113562584518,0.000245641460130812,0.000673267512390747,-1.03387627425479e-05,0.000242645518904761,0.000239541283150257,0.000185677625378191,0.000673599048643282,0.000521811760880695,-2.16143837233646e-05,0.00115163135952537,-0.000414458154955659,-0.000895033474366591,-0.000170211556575952,0.00126434481759699,0.00823292549930718,0.0213513774245734
"801.355",0.000278596063635859,-0.000147657465297599,-1.44030929784447e-05,0.000171707438354318,0.000215973950160477,6.81749119432899e-05,6.31548392129597e-05,0.000202712881458881,3.0754817197474e-05,0.00028266646954707,0.000152505968106074,0.000180631025839915,1.89935669747607e-05,0.000363926916601473,0.00028836444764934,0.000214415991833404,0.000170125923747063,0.000258207165199717,0.000355853650478071,0.000637715672300025,0.00234349401114088,0.0011797186824473,0.000255695780452913,1.19425315739716e-07,0.000235692010283535,0.000279694174287167,0.000571859369567321,0.000457909175755743,0.000138026013259537,0.000459659057772578,0.000338382443859649,0.000548268975141006,0.000798245913153751,0.000350440559105012,0.000741704386012741,0.000419333965410333,0.000288448418229491,0.00110852168577216,0.000531263694964776,0.000693342190017306,0.000419327124360506,0.000827369626138314,0.000343522505678233,0.000700427057203036,0.00183220492333057,0.00159120029904694,0.00135527865990537,0.00252769835379992,0.00231472556445248,0.00475495150788267,0.00679469885223267,0.0088785171449774,0.0121216345693457
"806.114",-9.57241984181572e-05,0.000178370641879461,0.000462284043127502,-0.000106059164243593,-2.31546946975614e-05,0.000183645083386786,3.90954345222269e-05,2.03494471522185e-05,4.61285648944603e-05,0.000350614699028559,-3.03359102298017e-05,5.88755322127689e-06,-2.5558878313459e-05,0.000160358808056095,-0.000210233827343073,0.00032160337964579,0.000365361895612436,0.0001985524415268,0.000435616717101618,0.000836615753848693,0.00175098645035195,0.000469041926395551,-4.26667896702666e-05,0.000235037235299176,0.000235640404915367,-6.77225612366302e-06,0.000534047152633631,0.000288442961872209,0.000332558211756638,0.000409864494154547,0.000332222052124889,0.000270977100122385,0.000174604085201524,0.000968474103204072,0.000397334078313249,0.000894937866082159,0.000502930120092512,0.000463237545063561,0.000996249176066992,0.00064865052550424,0.000790708833751099,0.000786007265999276,0.000756365275249132,0.0004361265786011,0.00124265184161015,0.00104804137943262,0.0013097910660257,0.00186808181254762,0.00224380226120522,0.00372472373642393,0.00405869872250583,0.00561463035158885,0.0142096194705608
"810.875",0.000269881989615482,-0.000139955859708426,-0.000336596757303659,0.000317219437418498,-0.000364322150751657,0.000483915758766614,0.000228995067855729,0.000202685670500111,3.85441962950045e-06,9.00142433207534e-06,-0.000243811365566744,0.000427577501518763,0.000158174773392691,-0.000271474686136878,0.000222276300087197,0.000524128895952956,0.00025209882952492,0.000145623048932989,7.98140309461372e-05,0.00207365170507052,0.000992839918643615,3.53551414071113e-05,0.000134957232181075,8.98617497791833e-05,0.000261930370287839,-1.28347396073367e-05,0.000483833786395718,1.87921539826379e-05,0.000207257139941258,0.000614934115320873,0.00015997028284072,6.10713680481101e-06,0.000480194041547117,0.00021034487654116,0.000291383113848168,0.000258641672590931,0.000517955076563054,0.000865241663999829,0.000830279050058403,0.00024890417384729,0.000590793205417324,0.000599896557606454,0.00110052760546174,-0.000105713759280322,0.000916068444186016,0.000280652538817321,0.00119675056867015,0.00129125139082913,0.000736635963905105,0.000784244927938194,0.00312321879983122,0.00473820061417714,0.025370175115183
"815.635",0.000182858012026157,0.000209557220087374,0.000133120629429664,0.00019821480262985,-0.000335999954775735,2.61573365813357e-05,-2.79394725636424e-05,5.83483788000345e-05,3.85075872774923e-05,1.33586784683011e-05,0.000396299708666625,-0.000114526014397715,0.000139094708013825,0.000561384611596069,-1.79898973842712e-05,-4.17371424901338e-05,0.000302465025518878,-0.000172241219383892,0.000638377887082265,0.00154235425759932,0.000477486169383739,0.000199057706391577,0.000227301901301807,1.48376907433594e-07,0.000255370780286763,0.000387967025985734,0.000257635203791877,0.000439032364458291,-0.000125763840033709,0.000117939393289475,0.000338438826549233,0.000462081585856678,0.000106012386416481,0.000274075070425848,0.000178799079620295,0.000363517116371543,-2.23048317085771e-05,0.000825543026806906,0.000340395030987675,0.000604374531686438,0.000523952704824794,0.000206785251051389,0.000366558168694191,0.000158592116938779,0.00130456468077459,0.000318030622412988,0.000383082489423267,0.000301819761565429,0.00255981144607432,0.0024016692088861,0.00304558640329928,-0.00431018393929811,0.020558569548064
"820.397",-0.000539726377711056,-0.000504951050953581,5.59897920975959e-05,-0.000138909295047738,-0.000222190729134834,0.000136669263685575,-0.000194011295043872,-0.000168543167256659,-1.1658442334035e-05,-7.31016756831682e-05,-3.55051522523437e-05,5.4201812062505e-05,-0.000373444425603083,-9.25581730349436e-05,2.40274157560203e-05,-0.000178716030956406,-0.000170348551948726,-0.000304713416133923,0.000586735488378713,0.000197710249469298,8.33127523131056e-05,-0.000569594816012906,-0.00037650895742554,0.000511048595863109,-9.82883955681499e-05,-9.57648328302722e-05,-0.000201421649371274,-0.000150654246486791,-0.000138370878747082,-1.25766485784001e-05,0.000104559219988538,-0.000197297120576749,0.000130958679555337,1.28903415419618e-05,0.000324495084707281,-9.13029986159694e-05,0.000577114592456395,0.000243737957222723,0.000282249562258491,9.76668522902794e-05,-9.55497079168357e-05,0.000165434690754042,0.00041276074078444,-0.000845777544457116,-0.000263568391931408,-0.00106758194959213,0.00128728673520714,-0.000357592258129367,0.000280091798724311,-0.000245501693815167,-0.000860087893461743,0.00072547534291996,-0.0169537126119916
"825.159",0.000461407568518974,0.000706896324850655,0.000448785706636423,5.93277879382109e-05,0.000290286555111938,7.36972733743857e-05,0.00024904808076221,0.000171760138129918,0.000221656840416717,0.000364805434069766,0.000508052949136953,-2.41022324475533e-05,0.00028486198538744,0.000462669371401384,0.000408485968074186,0.000333543314622384,0.000523218037683725,0.00044338032789575,0.00151636002621121,0.000468154584683269,0.000379462579775651,0.000334406801201879,0.0001491469236454,0.000296968886561342,0.000366744700182174,0.000381690484086825,0.000314071973520188,0.00028852221552863,0.000119125771678419,0.000105510823274603,0.00052940242749508,8.00401207475615e-05,0.000299339360345434,0.000554229520892732,0.000258270467318738,-2.81741232302403e-05,0.000762117166038216,0.000581778650231277,0.000738967159027826,0.000880151179695726,0.00100065242147261,0.000506813178786028,0.000699301101942576,0.000819361080600116,0.000745348900513701,0.000710966222798966,0.00106166471722845,0.00153878484581527,0.00252645061943847,0.00377467023501364,0.00234412385388011,0.0137661887799988,0.0128626689825766
