Wavelength	500	495	490	485	480	475	470	465	460	455	450	445	440	435	430	425	420	415	410	405	400	395	390	385	380	375	370	365	360	355	350	345	340	335	330	325	320	315	310	305	300	295	290	285	280	275	270	265	260	255	250	245	240
248.336	15.6111377167996	-5.66705598314547	34.4968934714403	16.2142850792804	0.756458521376583	6.6295715341483	0.262121552402224	0.457787732494042	-2.33040098654637	10.9333981281803	12.8457762691538	6.41599571907089	6.73054258019628	14.3526939570748	7.17924487109735	22.9611425901828	39.8269269278557	9.25223296399455	2.41596079132958	17.877214572669	22.6697341612231	7.09084816120117	12.2737264560579	11.4638004921932	16.51489395882	6.33759976726645	25.8458595226051	16.2161224614774	-5.40291833642026	20.570212616518	32.6245478821863	25.2981016326264	24.3697118556881	19.4202385558451	31.171885242444	41.2774230428855	55.4320057528901	47.9685207542715	66.6047616814389	87.2366094698933	105.506111896073	156.407063212949	374.979926751861	732.807587629873	948.500599526462	1075.67739758895	996.299114787467	1100.34797387062	1192.26941800942	2485.97541945137	49253.9654623013	170515.18100018	63844.7862795473
252.814	7.61751121266697	8.02154079038891	20.1002007435805	12.0718420009019	8.15412294180388	2.50745262707535	-4.08127359951401	3.28976614625487	7.75314276214872	9.45748445596588	7.28784099100528	21.6125605407397	5.54207507788541	-15.2256800781087	3.34390497703765	1.89659726326308	-8.53594758306971	-5.80456362644872	2.31488539566712	11.623449568061	7.8438068727432	27.1767669577522	3.95777187713784	-1.09841949560842	14.054182320325	16.6992557549228	30.4564128733381	18.4261142078314	-12.4444207382523	-2.95644397102609	15.6298251411509	15.1498231618756	26.2194681714103	18.7088924759012	34.1796572118591	49.4381490563033	84.0171244851463	71.1906529366591	64.6093854675991	121.426963740619	122.581741872871	345.080509940004	785.268167288712	1101.30800105555	1221.1325290924	1199.18477676913	1306.1488422148	1269.96822352431	2474.61947467995	44280.0275815255	182734.148839645	81555.3577429875	5070.13860418066
257.296	-9.59229594066215	-6.10504065550046	12.7057365608967	-2.07720717669004	2.68924343346854	4.54829146938548	12.1140979543879	15.1895855599011	-8.28467837075042	0	-1.20177109599037	10.9293834082635	14.4561229745156	7.77515589231733	18.4329400721768	7.03688581118677	-0.496794677837151	6.7872580242974	10.8792065209134	12.7108573807247	-2.38790831354331	2.24073584018932	8.95049011525715	-0.543390890137588	11.8452374626418	0	10.8679019977515	5.41999437955185	25.6101508933921	10.7254420266501	18.847027511685	22.2422039037653	18.1102251352518	20.5118262042021	34.8580641938658	47.2655551953584	64.525127494395	87.1186935266332	69.143206546738	127.82385022919	282.244989172741	651.958009990644	1012.19595989075	1169.62276649774	1145.95434188348	1282.044716728	1411.08223941024	2301.81104034571	33583.5786553959	160637.331049779	86117.7941079501	4475.67015647174	5251.10701369642
261.781	18.0768038013361	13.6290317795313	12.3324241850797	-4.21564054737626	0.90962549676599	6.2936215581342	16.0749789572542	-5.22956134044485	17.1249117114916	-8.76478786577587	-6.50390584405702	12.5370378328282	0	-5.91730740853216	3.83684057441347	-1.90415807569507	-3.52881375478338	-4.23832989333248	26.1462793476506	8.59879013953807	13.9328273395139	-6.25283714285349	1.70294982513913	6.61679016492456	7.83900528971989	12.193329148809	-6.01531038765903	-3.99990706567126	7.99617958501406	10.3888045719275	17.6536503733781	20.1167401353446	20.3638432242739	43.1512280661839	31.6762291475832	35.6927532245142	54.2684581609447	72.1014244125888	101.271873599931	225.393656047352	603.196976011291	945.330429595734	1204.54874978307	1157.34682812931	1213.6167472288	1377.02603807544	2075.86367666378	25400.01661778	143138.730338294	92712.3715308629	5788.29257926934	3170.79742449723	19706.5042089309
266.271	-0.707141270781718	10.0813848573722	-11.4028564579395	8.03938326273693	4.16325514201288	5.97441366555363	1.9234875322004	-10.3578894815974	1.58341058635718	-13.0003815959935	10.3359918849643	0.490432764684283	12.8619108785384	2.50767227455335	8.78039715646842	3.3892135643975	-9.22913695929348	-2.15537405041939	12.4100795698539	10.6197947631487	-9.85801081081224	2.89076191853232	21.3619163399995	10.0947718871419	-5.84682737731411	22.2196595036783	12.7460228449642	-6.61090862647304	11.1826086307368	10.0631550871404	0	37.4276794000596	31.8254333433551	45.437538348594	65.5088453286269	63.5295803028636	77.9939464704133	84.1739724912467	236.972508421011	517.603138089079	841.442456209404	1142.70470607674	1227.92099692603	1209.28362892159	1297.33040948067	1998.40779270624	19210.5681031572	126812.220828112	95787.6341255303	7127.45446263482	2638.42937428255	13457.6034557922	29156.5259863197
270.764	-12.7360612756369	-1.89137618535356	-22.8191836257157	-23.0598447977281	-20.3657141735384	-11.5288892769179	-16.3593013105153	-13.7253073663346	-1.90121503633393	-10.4064484521962	-14.8926197839782	-27.4804571934223	-25.2242357915846	-29.6080111568192	-13.666463216812	-19.3783741714256	-26.1646670133557	-31.2713839769276	-13.6000203270965	-26.8777003619997	-33.2904386285862	-24.8752369466625	-35.2390969882143	0.561151921796691	10.6368744328489	-16.0282861740097	-33.1592340858223	-21.3709359524349	11.1892138912975	-14.0967387640259	9.48200019192429	-13.9812537778356	16.6803118716379	8.26625037412635	41.9074433565032	21.567410789723	70.2360138220922	142.925052667985	451.322053025781	781.912558965858	1120.2665718001	1110.63972393078	1167.21398140798	1178.88981708807	1740.45781784817	14006.2271233071	110467.431666734	97843.9732811117	8902.11541867268	2289.61868311876	7977.21621464749	25778.6477915541	8785.44849923238
275.26	-23.5486291312513	-18.5140739748512	0	-15.7482846963853	-3.62460790267072	-7.94147884350168	-9.10576947711744	-8.49985996714763	-11.4764030515838	-11.277952938813	-14.5779071606722	-10.087401331401	-5.03901922908948	-18.6665861465005	-8.12215185620217	-24.6595284645381	-8.53725071306679	-13.1942040296703	-18.5219103585169	-29.9808409653072	-35.0007885845899	-13.0241888522852	-7.91675217108107	4.39434873790875	-7.2884663106778	-14.6773438989373	-14.9808503923066	4.98079113730248	3.48496975414644	0	15.6322112492885	16.6184717321723	15.3382565843	39.9521119740784	53.6439580177987	59.4459496896845	146.905508490718	392.857515932594	749.055784099388	1006.16185619947	1095.83617161902	1052.65623326361	1156.21512129093	1607.58813765437	9766.85064785008	91388.2631888576	98176.819252023	11446.709574911	3669.34351848779	6049.38340596968	23089.6649249805	14665.3433164253	-177.92675897155
279.76	30.3022630794994	-11.4001398360089	18.4594579734722	20.4149270111672	2.20250492366243	6.09557780371879	10.6847049881688	7.7307906469983	3.015642850897	4.59819912099728	5.90554218281398	-2.33510195240696	-4.40924633592037	-1.43277631821584	2.78707895276625	13.831794135259	-12.2063258800005	-23.6035244505856	17.4450946906074	-0.594872055657014	12.3209719283821	-8.25828650039806	2.19914995080453	1.0680961904213	19.7400641483253	12.3017052904234	1.94200811847372	2.90553036529478	21.2975421929214	30.6648263766575	29.4467903352118	34.6905242771885	57.244939893027	30.4845773390921	62.381571396551	112.891336764906	337.07451734694	694.075139090824	998.160272678275	1053.7490647536	1067.62889624148	1071.37634216084	1404.93439027682	7714.80337864048	74472.9219408858	90955.662675774	14286.3447951278	4814.66271899752	6174.10604118341	18709.3353127423	19427.7926536602	3821.45815194385	1585.72745164931
284.264	8.33139538091686	-2.28416993627971	0	-15.0577948633822	2.09618075889063	-5.41456408016284	-0.290540268426722	0.507420200522782	-5.16611718470301	-3.70295939003646	-7.11924534855205	-10.6674085058624	-3.26386160588131	-7.27258766209781	-11.9364072478999	-8.33724770827483	-9.75834321370853	-11.7203912209863	5.35578925417181	2.83077541319736	-22.8939838625834	-17.8151484592879	5.2324693616647	12.7066837567071	7.2258185882316	14.9860483840441	-12.9378146013377	11.521950871843	15.2020652746923	44.6887754144419	37.9697207373016	32.1113226452803	41.2044853420007	46.32714378455	75.9159306561024	273.487703272919	561.132533730443	907.343543239837	1011.59817376464	974.786459265485	1019.59130838859	1211.26980863327	5188.26552848859	61163.160043899	71859.5039660184	15697.9327277798	5175.0301695105	6346.18895940603	15271.0477899214	22112.5276904574	6084.56455440216	2329.4254579565	1454.29853631159
288.772	-8.48229308051736	34.0110323848683	11.2354520732115	17.4499475017256	10.304879541262	5.85014041914087	1.0986950563175	1.19927452055287	2.71332985667127	-0.63649809082921	-3.54234784349979	5.88283362635838	-0.881605999133084	-6.44571481830187	-12.1204489595837	18.6677709467646	14.0578083389367	12.4653786871148	-1.51899232628774	1.07047431630273	25.3390074161705	-20.8051410648542	-1.48401672110481	-12.0127673706657	11.3853569015389	5.75560988799623	5.67880675147009	47.4923165670907	20.9045458074168	51.3015143841372	38.8875296132546	58.5775574043455	54.5360118443388	79.6312772205314	222.671445971274	501.066863161762	830.173993392133	955.046186056725	950.009515301819	921.553034248629	1052.62267129237	3389.35968405639	48892.3103428426	57904.7688318385	16321.4634155871	4246.13280952295	5906.64482726281	11936.3496709196	22381.3870788671	9605.16359664277	3578.83602288733	2898.19768663233	2931.34534738096
293.283	-2.90381231457019	-19.6641945329942	-13.1109465451315	-9.68381555158879	-12.1571800772404	-19.2762387702169	-11.0580810641299	-17.0134983050106	-12.744182252324	0.915169766310136	-5.77236023298736	-24.1670188473306	-38.4502557941353	-14.004643072576	-18.0279573850813	-3.57878624116007	-11.3695873777634	-28.7652643090404	-20.8696939670064	-1.02609967885946	-0.506012984469813	-16.1440907919481	-22.2858240546841	-6.90887948652158	-31.8671188806287	5.51702116320848	-12.9804195962215	18.3765014175911	14.6110303523027	6.61175125771738	27.0349890456433	16.3939641993603	50.2008996718892	144.179459574237	378.813660128487	719.279384925378	905.639600600661	894.507760050979	868.608032004923	885.127843936643	2219.13910986754	37181.7007720386	48061.2128533105	16701.5148522554	2889.19372387472	4508.78218861199	8842.79852239996	20698.1881698329	13313.3747957828	4804.50394008018	3733.3247737371	2489.29926417394	2188.18741061745
297.797	5.06012131182328	30.5592211469601	-3.17317435974658	22.5849731495624	10.2981872371268	-6.10733853208641	11.9797627661794	5.11928866883341	-2.26609589468179	9.15507664230565	1.64359340525874	13.2577745168495	9.81722995185082	4.78513566056692	-1.93920576845295	-7.69915612143697	4.48428808888937	-0.856850173297948	0	-0.496683161706598	1.95948315095793	11.951651011065	18.8206482175696	16.4982531532214	13.9461316717253	2.46508800805523	17.8360875332409	37.197852181879	52.5383019151898	52.8068590035899	47.5864590140146	57.135543653571	137.765391625672	352.644829939017	637.400142581393	839.749733953895	902.984701342433	869.521353040074	888.537220490291	1658.75871608138	27631.1690826697	41963.1534848068	18681.325521736	2095.99304533451	2999.31745384962	5942.98975764987	17127.2317915271	16079.8402216517	6049.96746236779	4442.40559990316	3624.33862237368	3113.57624669921	2407.25292958622
302.315	13.798657337463	10.3278552621597	19.5806441485946	-0.418332986370734	0.361061476911651	5.66248170640099	-12.5111942249649	3.93307918734238	-2.96616579573144	6.37824758499365	-4.84054260125158	-3.82798399502946	-4.0156525039868	0.391463622457972	0	4.15704013619265	5.20262561351294	11.3557823307189	-15.6828440910592	8.28908819132446	15.8698888090707	-4.51266357161354	-9.01278722078086	0	12.446277451489	31.4596714833121	20.295300992729	30.1662989853844	34.5167847395179	53.0186390188737	57.615888120052	106.726639927359	287.837433150825	579.940652876911	810.98294267191	838.106510196985	831.201920060999	831.210460873159	1348.34984907141	21648.6307872148	37919.1216420471	22776.6374750575	1559.62938129676	1942.15930958484	3434.01822432588	12090.0928885509	17296.4672105721	7246.91468595553	5009.6456443614	4152.99022883524	3682.06896541797	2961.96363692311	2481.35798800884
306.837	-4.9537392269709	-3.4330703136022	-3.10646273700323	-12.0980094377925	5.04084101344049	-22.5871072211316	-11.4783748570833	-4.14006916361897	-1.9719594204341	-3.75851125365579	-3.21807823294544	6.10778732150367	10.4117392236492	-17.1766274917924	-9.87187051067751	5.27610437381294	-6.78456416205802	-3.355344311754	0.459980814721292	-24.3120540981196	14.387157863402	-3.15010338491671	0.449389512126147	-0.873048653624779	0.827450512210765	16.4906299950803	11.5084577734287	20.1870298461889	23.3430125387409	47.3886118627201	85.7959187309807	250.927697815447	498.583011785726	746.727729526269	834.646594107569	819.446080410671	821.891820512002	1140.11677178973	16085.5414160704	35186.2453915589	27600.5650454168	1526.81304542768	1343.87511842927	2139.54557280852	7296.04469617428	15880.9286037837	8182.78193228149	4988.13010194911	4539.9831009794	4023.76365290476	3424.42704228474	2840.50586769145	2615.87456311021
311.362	-12.643558347353	-22.5316678104149	-15.0694664219439	-16.2491773108801	-20.1378842887338	-31.5156417951594	-17.6942341625588	-6.31106775927211	-7.87787008653875	-6.64127078738119	-8.67783147042146	-13.7251555111806	-17.5976007459254	-9.74711475301638	-20.4772065782957	-17.3138648825247	-33.0827783017466	-17.1744094144637	-33.5361673278009	-24.7669584084698	-5.7475909183494	-10.337260317126	-26.0316547553755	-9.59139952543559	2.47921467248096	6.02553341727883	16.6463595427695	15.4176330753784	31.611545435741	52.413633179067	213.637163909407	434.107231245571	708.836837073664	766.255045838925	786.423185056626	789.748565710698	1023.26816606317	12197.2677738899	32827.0055525293	30544.7186228506	1735.31923094143	1071.59275386007	1422.44718711882	4422.86270231563	13163.6756728253	9027.45535516511	4636.64457024185	4390.44018336122	4056.95701628256	3672.18777772703	3311.3682153617	2770.94161558617	1365.12612867795
315.89	5.49165022255214	-15.6583816227893	10.1837605951228	7.90827492285502	5.74787326489677	0.331408724634396	1.9917040004576	-2.60884020165293	-4.67276375193313	14.1345120146033	6.742611379618	7.236519906215	15.1825866144035	13.6321859599435	-5.68237116480651	6.39214327365136	-2.78729739739494	8.78776908969907	6.42510146582532	1.94054571002924	2.87089455282777	3.59193931717865	20.1765860088407	3.91979358094547	25.5926913830499	21.6700237440891	32.0712868498353	53.3148576750955	77.7648528434581	176.229007561415	411.736962873542	695.653178334257	774.029557301663	764.679590821791	783.127338614962	915.81791823831	8585.56465431093	31101.9687626102	32835.1716230073	2079.27072651403	939.090758629479	1108.30146029108	2587.00637510261	10314.5909643676	10077.0079777465	4440.23460481035	4366.26562532905	4353.1866789318	4145.57431116861	3869.36659296799	3584.51730090491	3342.4874467782	1857.51899673642
320.422	-34.1027322193837	-13.2329074938551	-13.747909236414	-14.1743023395508	3.95798827729046	-8.298480224491	-8.72765298752268	0.435502693261061	-10.5921298504852	-6.64518678314024	-16.0795339168933	-15.2591649867069	-41.6188549468005	1.56045793533527	-7.20919141792918	-15.4410224122041	3.98822715839983	-8.80183562924732	-9.65307914207502	-28.1829530165656	-24.9209131589232	10.3433556366602	13.4725883817587	3.92606797560292	14.0571670054722	8.03878179498439	28.5534428478513	47.4668431202966	148.66186970117	350.28255288727	630.038711067516	751.110628456412	726.544113233039	758.674315059519	835.754075833617	6150.52287541889	29274.1390957977	31115.0483914544	2728.77467678902	841.114299323812	890.709420950941	1488.58450637931	7324.82126929633	10432.0025440939	4672.31373088404	4135.74485202318	4400.29400845243	4408.60096831544	4293.71247998309	3726.97648909321	3372.66380707986	3064.92188407228	2260.85142492159
324.958	-42.0007313726277	-22.7578732342904	-17.8470819282586	-45.1689215972093	-25.9900734163667	-10.2756063225886	-13.1228223593419	-6.96546623231334	-12.2006712708119	-5.6644872735374	-26.879186366638	-20.4692423959049	-16.1045666443276	-23.3478941719916	-7.83051993614299	-15.9332254454869	-13.992214410237	-22.9222622408608	-48.8552730238325	-14.5406609790811	-28.6824502912502	-35.2675151393388	-8.80462848360739	-13.9541904781623	1.70650091946384	8.70978003843809	23.734584101586	111.021132939136	294.969893089393	589.221262968604	751.403355123537	719.778156977631	746.054489218982	774.983895414535	4087.00164981116	28520.9065570627	30166.3597497289	3691.29334000667	773.779587593237	785.183659136604	971.816987912703	4440.42766541726	10035.6850679245	4893.51868249742	3484.7658764029	4010.59694714989	4277.70018335972	4193.84169064786	4024.48175142573	3561.49780822473	3163.79266484825	2549.55854059965	753.338445636623
329.496	14.4363761209161	-1.54359534969419	15.8297688746699	20.1326665788949	16.2431766879735	13.9392446486931	16.754446860617	4.80065878286179	5.94789606692461	6.36970538781513	18.9065450213563	14.0171433966042	9.66285179431486	11.0579986688374	1.59335901488005	13.8382424534959	22.6096761008203	25.9613137256782	8.20382122721241	8.16204867083997	17.6095941547391	29.2715692265662	38.1887549847405	27.0201659068311	26.0429892852182	39.2431524622545	126.983273456169	319.757340107418	562.019137893105	750.268889653419	751.446860587089	746.160022444355	770.588712921081	3047.20850986823	27493.7198305405	29043.660564144	5052.10587475435	779.538713467138	737.218245802258	828.871307932925	2506.21183468953	8736.0105398007	5587.92039064984	2958.1436563855	3336.61589308473	3924.26564302461	4128.03897678621	4108.79679295078	3785.80629737541	3668.97542252987	3509.58744560268	3029.55031744851	2991.62293966501
334.038	21.5029109195905	9.83882326996154	38.8911782808042	14.5356601763357	22.810306196442	14.7301066552742	22.6582270044662	21.6265253870798	24.7250109279376	10.3790193097545	24.8041505225118	14.5101307049271	28.3288951534501	40.3939382014403	6.01343002150771	27.0582157685313	19.3836591567378	27.0135611729873	33.5114877705767	17.45562753382	26.3306753341809	40.3878368599532	66.4287176076421	51.6215896494645	53.730643906827	121.457496204903	274.870334081969	564.210179935944	741.49486761603	742.263269268148	763.236150420554	734.131764115463	2157.62437742916	26568.386068613	27629.5088409782	6460.22832523752	754.887234847464	736.849104750825	745.820886468091	1519.07712627168	6663.87663123209	6543.535574989	2434.97932583163	2873.15608442622	3406.67420997075	3763.63000368243	3999.6491150174	3893.84820941525	3810.09444519765	3407.97132129716	3401.47835991509	3337.9428941381	5076.08637758206
338.584	-16.8143319970991	-39.7801459795132	-0.934951522277998	-18.8962386654654	-10.9992722401926	-9.44727274772596	-3.41709390074183	-0.918131686031624	-18.4356020253721	-13.0957973845719	2.03394327715951	-5.62967012915647	-3.79650024699855	10.2805468924216	-10.7989332119449	2.38192225383946	0.420401272125284	-17.23069127922	-15.9898594720498	-4.09762890829817	-24.2485615289435	1.42212906015838	14.201531330989	-3.21882584831174	88.4706178624694	201.674659485689	453.565337907847	712.582743121877	677.667131576039	685.662859139677	695.61615262472	1544.21927442631	23215.4486273275	26427.6868584167	8345.69001476203	660.887407942809	608.502937515941	665.0685932599	899.742721998841	4555.47063141697	7046.19840709444	2334.77041805728	1993.01854542907	2620.33299575857	3026.94568092954	3458.74521413882	3519.28430445775	3288.37418167939	3150.97211906599	2802.89910554188	2601.19768041854	3002.11363535553	1638.4336559692
343.133	-50.9759943537498	-33.5498372289297	-8.40684453071571	-3.07330996068916	-20.4626146964171	-12.9343862928916	-5.51485717135759	-5.2744142243174	-7.52312689037276	-24.9504715207513	-26.755686061972	-28.5242789303745	-10.1147133227079	-6.16266956848862	-19.5800855307319	-33.7129433508692	-26.4609836525305	-19.863328340416	-8.22964387005492	18.9341483542878	-9.58958377685517	23.6804076378733	-5.675401375384	65.2362815007782	176.343501162853	381.391126175612	623.550082197396	678.186361894582	663.30469283242	660.715570752195	1155.84528403226	18493.192177821	25864.1131526086	10027.3360880392	662.432962882183	591.046873167763	599.098315670277	687.442900145743	2833.51979758639	6892.78265685559	3033.75719721661	1360.12728154668	1849.452237396	2424.72410369252	2739.39556313197	3062.78063339582	3052.943642988	2917.28089879849	2684.71747456325	2516.70907409258	2484.23459263471	2324.00712395756	2182.5741670248
347.685	4.65327131331179	-30.0600991519083	10.3173590875226	6.61279313252675	-5.70747450650564	-9.47748753068724	-6.59235122466419	-1.38160215729795	-1.82340769595497	-14.0542634788114	-8.50186810617051	-18.9600526156298	8.04046733354255	-9.90088963027171	6.41983463651744	12.3459579454324	-13.0741204944841	1.32967687814159	4.86090882203308	27.7474556377776	30.4076432511942	40.4225260749981	65.5359766380356	161.917326559489	351.516600058493	592.507594401806	631.151163816055	647.934975198974	678.580176391354	990.810316293834	14809.7348708197	25677.6851457902	12245.0730047796	654.480881941341	570.201768177245	606.079114166629	652.395869122073	1756.10931021087	6065.27635292354	4038.73669484556	1224.09472887022	1328.46417079696	1798.15266214975	2329.77559020388	2658.47284763153	2848.23738958829	2826.23779991874	2543.23839305514	2534.45111484394	2481.24857470587	2180.69855234552	2523.05938810275	871.645188404667
352.24	27.1251381750159	7.35590632685453	18.5419844075802	35.3074626525269	0.77148672255186	17.0811235564679	18.1783717583613	12.60582435047	-1.58446530205036	13.9382584271024	17.9276529946499	8.5882902660932	7.29327100567727	10.4555943516746	23.9994677265125	23.4173006746096	11.5441056522755	32.8014816618474	16.2621197227625	26.567171620055	47.7815461445661	84.3700510864328	168.024207469377	354.020023685497	576.207466823392	640.317978897496	639.85140308409	657.714691478734	881.640886692878	11957.9566032979	26079.1299051815	14673.9326437648	744.351844192841	541.221876979509	592.838011362102	629.569908455353	1096.1446389533	4724.64592845544	5046.87951387784	1421.11057586773	1143.67556312677	1374.76164131978	1770.96651112786	2276.06895940356	2456.69667484792	2628.10540212523	2637.8727725224	2633.94289171338	2420.05991366644	2196.87222284606	2311.48888168322	2618.49925859134	3559.88972242119
356.799	-8.34747703753744	9.03171335626642	-0.961467636140107	-23.0474384120698	-3.5103792587446	-1.43928983447037	-1.08123259439496	-7.78940888013908	8.0106140375593	9.70891641936668	-6.27488352541176	-9.924570728802	-6.50695433775599	3.3830761517306	5.75825248570953	11.022641248606	1.72929700721063	-10.44988490837	4.98283245010956	25.2830493540992	43.1189734158354	125.284243987061	283.810235021151	512.122048295705	590.695972403017	597.347996519212	622.478360512596	768.381359003894	9026.95060553838	26615.9521962913	17216.6302119707	886.999258138378	513.691165685106	576.858124448084	627.968107224434	797.765080531681	3143.47351364757	5499.40399165433	1950.42596619134	1047.3184314392	1144.04225605355	1361.07792030533	1688.73512658563	2036.57907995151	2249.36711643324	2286.35626911004	2355.6510578182	2190.65467542599	2111.49158143323	2026.7342968404	2063.85470112939	1768.52769096333	1940.18925118294
361.361	-47.4316734476964	-27.2838440896288	-46.4718611796419	-6.37081041525154	-10.6044818533354	-26.8123046369077	-9.25448410191359	-13.3104502697252	-11.2929655086188	-17.0300917248193	-0.351032496260709	-12.075709198946	-31.0140874737936	-11.4974018167335	-9.11170199921372	-16.8546572002281	-6.09469241840335	-2.74504254785735	2.5087676857977	1.59119581716515	85.2691793517089	246.422982231944	458.827570132865	572.352578336886	571.342411875891	578.693908497251	665.34013624915	7356.50589925648	27057.9848997375	18903.0980511161	1091.288299091	458.87591698732	524.131370114513	600.165106690095	696.624331868441	2044.90494356323	5290.04316877548	2789.42647297926	1049.45337972062	1011.76693283335	1161.8505664381	1366.99540441512	1672.06256554769	1913.31711766046	2050.07928666405	2152.83111112367	2093.99660272675	2132.25519230342	1908.99191032354	1750.26495285181	1673.3787204937	1482.32151401876	616.958429475223
365.926	-57.2122452782808	-32.7332591293531	0.485559956241303	-26.4739454574742	-25.2133001333006	-21.079215774375	-17.7464170642131	0.476824702319392	-13.2153546315761	-24.9904656850171	-13.3799641423997	-24.2251610076676	-22.7838982719978	-21.3564950921023	-15.7864491081665	-12.3703319133222	-23.5798776629132	-6.42465625543863	-10.5689968388469	58.5219905149327	192.047914211496	402.275496033673	532.999706600064	537.32336869567	557.243282150898	601.584531019563	5714.99391418663	27126.5202028271	20889.2076373392	1360.09828971407	436.234043018134	473.027079470678	569.614404673939	660.482411874788	1321.13396398755	4401.80578232664	3671.67268436901	1214.86796008477	1071.0046983885	1122.29712339417	1204.88081053632	1382.60167813513	1662.9076643481	1854.33501548848	1964.08789766945	1928.08583775849	1935.22607440678	1854.60728345885	1738.10528151824	1694.60339323263	1808.43559042201	1652.05283647571	1134.54406328764
370.495	-14.3362228761885	-33.5318935500141	-13.0036341856895	-14.9404174366407	-8.20591719291429	-1.8024140994848	6.22849727755831	-4.49304188712587	-2.4075946358044	-17.2571098279603	-12.9220433242524	-16.9855905592006	-16.5145369728205	-3.38928491508667	8.65323040855527	-7.36191364166238	9.96170644257013	-10.01388632466	80.3708321693074	171.501483477955	393.987555716437	513.289469283106	546.715536929593	537.222726631707	587.739055812863	4494.66133911303	27032.3233257109	23129.4001483455	1821.4129783427	415.256129400077	467.65997832814	560.661321073439	646.492851252443	956.942985908486	3335.65447016931	4384.26074838863	1563.47171888492	1112.34950574428	1152.15805640259	1270.29350701688	1300.83183820706	1518.07662307393	1691.04856093886	1833.8399059522	1924.72752886227	1908.57994068718	1880.8701108235	1863.97059621826	1788.81745307821	1842.19984584712	2013.93737718103	1986.84412277242	1815.87168057075
375.067	-8.92926960977784	-5.83460405214155	-12.4788769461935	-4.51180131831411	-2.72588198974852	6.10709488857482	-2.96858373021728	-1.64962823455604	-7.19789979823236	4.37758496440344	8.70102972241984	-5.36712019786536	1.299287423057	9.71062319842762	-0.821277913392015	0.407586122187123	-2.15812741988379	35.3814603131414	140.288758589369	359.175246530604	474.060746088995	501.78708398357	522.474913327706	558.033117288985	3728.6143015485	26417.004261432	23534.8277560743	2346.79592785109	386.81861702487	461.265042584019	531.967396818964	635.187467950421	783.750090731375	2388.02720564188	4670.28091440018	2197.47058523947	1193.4377139531	1247.01476244678	1308.57231442979	1367.26324971909	1438.14864536436	1547.45410878472	1768.23069212182	1891.59799358706	1949.90563857853	1928.82923248579	1912.8944075625	1821.97074819097	1854.43932410993	1919.60547491422	2097.98286225394	2061.64844279853	2293.87892412152
379.641	-13.7627579853876	7.66442391459979	-16.1822815356428	1.30388946273908	-6.37716253019486	-8.30551452941859	-5.97935044565037	0.68104976917297	11.2996310408097	-6.62672248166435	5.69966222309318	-15.5107261546385	-0.417208870808479	-9.35441550707185	-9.49381891357152	-5.10425419988847	29.9370586974647	90.0156300358952	245.365376223468	428.067205862309	446.678318773819	447.279240598598	490.19989527651	2988.43296422181	24358.8236275187	24107.4549884483	2704.37479501427	360.014582678332	366.446225323031	496.980678976786	603.053161761923	704.156077897499	1589.88409868176	4263.37232694684	2951.84666694692	1265.88554219177	1200.74488628386	1318.14071423523	1395.41760650228	1472.02853511122	1551.44087151959	1671.66831741329	1830.85654719466	1922.18800615319	1884.5071541638	1859.30591342655	1813.05158844034	1820.07498234589	1878.61630962984	1900.82531330308	2304.5861443016	2182.6583913546	1497.70876307455
384.219	5.6908085560583	-7.09898140259159	-10.5530814197852	1.72527868465621	7.07313438992599	1.37370992635821	1.03196723276307	7.20920405308493	1.27426963817761	7.47301502900116	-6.98713664823942	-11.4457766183254	-7.03853378941856	-3.63254559814857	0.392563074642334	25.7165450917044	89.1271723087315	199.474911642257	347.172984268891	399.167795831962	451.705600844322	487.608642276222	2427.22169485492	22507.2510531619	25417.6464268083	3400.82152889754	360.654495597871	360.546680804672	466.329712160684	565.676799937898	680.342188002053	1131.72371689477	3484.84711608403	3664.12269853253	1512.4323196403	1256.24453159358	1308.44245065839	1396.36908576083	1512.65019366689	1611.65651817746	1722.43999665104	1811.52933931714	1914.98257154139	1946.37250193604	1899.55009417428	1907.42363751209	1866.97264126452	1910.03918873656	1928.35859920883	2001.64323876503	2051.67960111971	2156.27830427994	1973.61437283048
388.801	-1.6503474945443	-5.39188791464288	-23.9510953853462	-5.00334763780076	-1.7993203047004	-13.2793006644748	-5.48666905089782	-2.61335707603476	-7.39082217939487	-4.33438289421086	-5.46775480880662	-22.8917337420964	-2.00116754322491	-5.07214995963871	36.0506599539378	38.7959221698682	151.5724048736	276.2460214667	337.442119383135	398.500631119314	412.207336866175	1792.78237417537	20081.7163288165	25790.6513536276	3869.11978177722	338.476868399297	328.010806671711	411.432979110389	487.563830427188	614.933728089473	822.959638483343	2528.87492601094	3934.61801560903	1808.76451129352	1269.04155162084	1302.19232675719	1401.58949828622	1473.35805107093	1587.41031277957	1738.52967915201	1763.01725664436	1862.76828868508	1888.07191600456	1902.35830171708	1883.27922475746	1873.36855053446	1831.79730130512	1815.2377486706	2014.46055945364	1990.66324197847	2156.41242153575	2141.00935239159	2261.14639496245
393.385	1.57917561813552	8.44259016282042	7.2149873458031	-1.19689408212369	-7.57558523928202	-0.95299692509697	-0.47727766527404	-9.58584431064508	-2.35736336786825	-7.46542970852612	-4.30866944937587	3.65075313955328	15.3189313281567	10.4535017429073	37.0377689185274	110.647667186156	238.545700771698	250.293884728754	318.930657781147	363.644435237726	1446.09314979659	17136.17333134	25750.8480941963	4534.99460439037	315.347141585038	272.720741958929	359.407928642621	445.550828682192	559.617915622938	698.906050523898	1698.57214495696	3748.59769817689	2296.11463665012	1229.94330146903	1259.48067348476	1342.30584766871	1433.59199353949	1523.74367378018	1631.20778625223	1720.97438778533	1857.23806912689	1891.10555301729	1940.98680444922	1923.26490618281	1873.31947448097	1803.87419709667	1795.02007534185	1854.5181181722	1900.07944770029	1943.32615341934	2129.67278533826	2156.97762465782	3200.37466870911
397.972	-11.7194599771432	-4.54018752625926	-3.69742821232207	-18.9234855923441	1.99993254438166	-10.45489680729	-0.692999561005774	-2.82404208176634	2.96647349094443	-1.07058616489776	4.17074623318349	6.00761340426716	-8.15570949133928	33.609132440472	77.3282026103095	169.206177304377	227.954058814229	234.516377264281	301.482500450129	969.136190387181	15199.3811111968	26043.1305823538	5279.26773412065	321.670068665964	253.547396638672	309.044213141697	417.704090360931	485.153721270395	600.306406253169	1191.00373546002	3154.34786859622	2797.23522362287	1280.56960987292	1215.49964578442	1276.81399211087	1370.04727458018	1449.95385705927	1581.11021550467	1654.18188585435	1792.11193059357	1887.42550401321	1916.41583263264	1994.81672552282	1959.03368048399	1906.83451934966	1818.29426254432	1817.97855041303	1783.93411659887	1992.86946500802	2093.31846867927	2359.2729333979	2472.32046290996	2705.23348192279
402.562	9.30797472979642	2.61906858860224	3.5548524642414	5.19822316076703	1.60234464007952	2.36511711540636	1.33255390270982	7.95149546150025	-1.75512857442112	5.91849522845957	0.286422783493274	10.1928619290169	33.1469708080569	82.6938364835089	145.989228032804	185.825825408942	217.387925373843	259.816847003751	671.010992541511	11768.8954693861	24712.3062290324	6017.59985257654	315.981013010536	250.598881956741	271.019669273791	367.650192286627	454.22503013823	525.984589137517	829.994925903297	2421.91774868437	3099.40094910963	1446.15522772841	1163.99584809022	1214.41552662526	1326.52934783214	1375.37592447463	1487.97618484821	1552.39079742754	1665.95076551294	1805.91077066874	1898.68596387059	1895.40977984705	1968.16242902535	1905.7728510239	1830.68771506604	1796.53553664936	1823.92557489744	1827.63794529922	1986.91372276761	2133.90576178484	2541.37410152595	2855.74270038212	3041.39551656946
407.156	21.3760029435672	6.92608526531168	-13.709428329837	-4.78676895881507	-0.635606240892421	7.03632895847779	4.40489702663611	5.38511794337088	8.92020912477278	11.7385249396603	10.5094869328229	33.0197052220409	66.8028407465932	134.379499886711	154.493502880917	172.970435538429	228.260745398311	466.075235961475	9172.28604701202	24162.5761998168	6881.83199592824	353.905786896196	245.922244994487	258.146622132248	317.697998495479	394.767481166404	481.270294010455	685.114304695	1750.24621313888	3156.04064158544	1820.52800518648	1115.96421795376	1162.98963373774	1254.33060339197	1361.97597159732	1418.10261750335	1493.73436396707	1604.31584158451	1761.24543879108	1840.41515667235	1906.77965265804	1907.31012838853	1976.07588906993	1943.68598661262	1899.3960802654	1800.355694101	1768.53087458048	1879.67522907529	1978.19690433278	2269.2617730781	2555.17636862296	3206.80917392508	3203.3017391068
411.752	-16.2455794727021	-15.7525925925242	-7.70484245167322	-8.69146171245582	-0.625130399438803	-10.3805379401723	-7.79813467688246	5.48551809489224	-8.55920910638082	2.76077393705332	13.1298605727822	54.6781140172984	124.451065529921	146.058941682435	148.651159998885	184.187178902798	347.834298676522	6748.10641446506	21639.1678680154	7976.0375142597	366.354967769704	204.702766896798	243.039373972242	291.407315181516	363.102172719597	439.936093799212	538.447998860882	1187.52193794778	2901.16910826918	2168.73694408888	1107.74479517404	1110.38471123597	1190.92620406113	1306.92299997078	1354.40394210938	1414.27685829001	1509.24826524477	1611.48252376775	1694.91630712122	1802.28839330018	1901.97944021564	1891.74772519858	1964.87792522652	1900.06067599542	1790.64384489582	1807.59344289415	1882.78581573559	1850.1980784804	2116.52855914199	2307.15227065084	2543.13367596088	2801.69567555381	3355.0843454017
416.352	-27.2758701988509	-10.4757386998254	-7.20413262621994	-8.19792134459314	-8.61376433857668	-6.52738947436511	0	0.558515512940937	-11.7938609661521	7.16358619051072	32.9942175693924	91.3233732578326	121.461398484806	127.745021804613	151.821034108939	265.643553568456	4872.30939921699	18618.0608135056	8344.7065317369	421.67483281063	221.672086630938	209.932365843634	252.64389969172	343.501052039323	385.299567451407	463.580682370486	834.431584442949	2306.80183709535	2571.11322831964	1197.59591340339	1014.31261446928	1128.71086629633	1229.58710117942	1284.24582230868	1361.60568486412	1415.73172693705	1455.11642820592	1596.23909771527	1655.6428040551	1793.99272035126	1861.18448797489	1850.18803081477	1891.81390124098	1870.08695725313	1771.61024025827	1740.73185077122	1746.01209177227	1893.49635647472	2137.95950420916	2400.4385311713	2498.78732557252	2813.93856917486	2577.29360231308
420.954	19.8129060447166	0.410557274336676	-15.6029419209186	13.2705404693707	13.2622354544103	-8.89796661864263	5.43106515621099	7.47871434397883	12.1744427385967	34.1256324060266	85.3974599045974	111.846155562135	130.403314003647	169.279385392888	234.25166316714	3611.00572753015	16189.6169525183	8664.20180951589	531.768355515942	207.592145896181	215.182840937491	250.140457469045	325.407930674914	387.349865567994	448.85506274145	646.799757786348	1715.18254667731	2673.3586824244	1427.81522167196	998.964751063857	1067.90103551012	1140.35728949554	1230.07166366339	1312.78294963317	1378.85973152828	1447.72166948838	1483.94323184079	1583.49385030906	1674.36833424635	1769.93325975832	1854.76846261614	1854.87354799847	1864.47414559343	1853.23231176691	1837.55779231155	1810.34031819502	1882.37687532155	1975.51104870979	2235.49263303954	2419.32408521088	2647.1086958695	3049.33818971721	3965.32772422839
425.56	-30.2866088533241	-6.84729114572123	-8.01818373697513	1.02783260525129	-6.50553263575228	4.09192979958964	-3.48382802150697	-1.78953093432819	12.1463125339586	47.013535000646	82.9872666499982	93.7390022069143	120.369438354177	176.974018782954	2628.99890990644	13808.6573972281	8682.73606843299	619.674297764185	177.17309647585	184.891886946383	211.107546564817	283.470158089583	337.698585315221	394.712595182453	510.68867687625	1206.66933870348	2445.34022389991	1699.83240987785	995.911128168272	973.612749826415	1057.24123167718	1129.92561897152	1210.3278314508	1287.59041269256	1336.95637760239	1373.16564737727	1447.78529463708	1520.89349684076	1600.91363489737	1671.89652929919	1747.52755092783	1792.39207631358	1802.4037912831	1762.62408239286	1716.60445439081	1751.80494105793	1797.60570624938	1888.32961245917	2125.92508387316	2358.24140888654	2657.93763416875	2387.06984355119	2670.90374481947
430.168	-15.9643385265322	-9.87830573182686	-5.00557462568556	-14.1163691797937	-6.9621600437142	-6.42274587334156	4.02078049040533	13.1665822117408	33.5623597001231	63.3576707905676	87.3744178039108	96.8795858479507	165.510326539943	2070.77464743756	12191.156814094	8538.04531188298	713.81193207421	173.687282638791	136.007725765616	186.08143864101	254.622609743149	302.378295284137	370.387535078497	433.288293382521	859.982345480756	2087.8501174905	1975.90200554174	1008.37463074452	926.632908588752	997.088014519389	1058.74366514868	1144.76826511151	1226.94053997845	1246.94668300906	1318.29960922856	1366.65082289038	1398.09116788234	1481.21163078259	1546.4449474071	1645.56894637863	1710.94678519843	1730.46581755389	1747.17161041106	1682.08765034437	1678.47373932124	1702.35810683005	1787.55990779412	1991.95956237968	2169.32816266366	2423.26181240222	2587.52358246724	2904.35938148338	1727.79862724669
434.779	9.28973412862252	18.1315882711414	16.0499609753674	34.8692510144282	4.91945785562734	18.4201918873847	18.6508607287458	34.1493125470601	66.5641855577459	74.8206941172866	95.9541728235996	140.515023389974	1543.87811543233	11734.7382045667	9196.73958548866	858.680824086	173.52564055393	187.419707367272	211.460427301146	278.243483110416	292.927877661968	364.931449495692	418.600484931259	683.07400993666	1668.53779665547	2145.4508357091	1138.94391691757	888.200516751557	948.530944203981	1024.23479170774	1108.881498712	1184.42282804449	1236.89377271238	1285.88492669176	1305.3311904298	1341.65992051649	1398.79715984333	1449.26263604708	1558.24173341861	1639.73677289181	1694.67435913896	1665.87202878172	1720.78108785956	1718.87971097807	1742.91537628245	1783.62242921228	1894.20383939166	2113.71118954885	2320.49560428014	2561.72228024263	2994.81609332376	3071.69136535952	3958.52671887466
439.393	-17.1375685039024	-2.34925345442193	8.14872965663451	-7.32710756546685	-1.14981751826217	11.402868649537	31.0771465443731	51.3180300637105	59.0368540416974	78.2467244387842	123.576428515262	1082.81209031792	10287.6562222461	10583.3044606683	1087.91139531985	173.903028966115	142.421160772599	177.466727222677	206.381136188744	264.746354763369	325.436788312866	386.933592851791	532.415632983769	1272.0239285154	2134.05564742462	1319.74242491718	836.088954833221	892.086757379816	970.331361946134	1033.67837685846	1104.91241907407	1145.84135421234	1211.71223520562	1263.2111473852	1277.96011563532	1296.42709951957	1350.34394652849	1414.25867887455	1495.99872873155	1577.30940771964	1609.93561146824	1626.63425780296	1655.57141861302	1664.80642052284	1633.48155394309	1700.0922141207	1794.05734280262	2041.59209155953	2243.2339347087	2596.60911107216	2583.76813080759	2847.83589914517	2351.78661534621
444.01	17.8128979926131	6.96814623402338	23.8197453305675	11.8543709880934	25.8628540806465	40.9012321979701	58.3007814255024	67.0777822340829	71.2113411020849	106.117142835271	700.315045229461	8341.66715342513	10731.2374706938	1477.52189396919	178.920674192192	172.236027050078	194.680117821706	226.776354474769	251.976060269551	315.872324983385	369.456800237258	448.987173094934	935.745649282082	1954.01634086776	1567.52098487864	847.665962688304	831.029562490648	917.31478416182	992.161108516213	1065.28051339755	1111.73614713545	1167.85022702289	1214.47383814013	1237.20386804216	1293.54486320996	1292.93416838002	1331.40390044181	1393.58125865373	1469.99976459872	1505.8992361119	1575.60856643108	1580.42393541635	1656.87310871271	1652.58678161356	1706.343673913	1702.32960625668	1898.56337290245	2090.96150583903	2350.6178647465	2537.93653943817	2894.41049474729	3039.13121322681	3906.36952731473
448.63	12.7938483429787	22.4195030712079	16.5043588575574	29.4134945812519	28.1764094975489	46.0674362916131	56.2606665494551	56.2195728023617	91.8633703773207	521.488566154556	6873.709440489	10401.0266086208	1839.27827552798	179.059035012194	156.210396726927	166.728853227448	207.484120846289	234.949602609344	281.906775329044	336.80496117558	387.921245105917	675.724790412748	1601.31087971372	1757.04674330885	907.48867718512	767.550775291506	828.642516056913	894.904823166724	985.235555201771	1042.32863879601	1086.45416535583	1123.17397363338	1173.83362076211	1200.10043142183	1211.76291179172	1228.42070447422	1269.98449622211	1328.69623118113	1375.53758927386	1424.26272551946	1491.14638064127	1519.95452868296	1556.24048872486	1582.72056832756	1605.04284295481	1699.35456413521	1870.22720720688	2104.78029799301	2351.90785944423	2541.60809179354	2745.26427181129	2836.94053669982	3012.77842331886
453.253	6.74518965473547	5.6345530038189	11.2167127858409	18.2126997468994	36.6783809260772	60.0409084736801	49.8823184418094	77.9389278543143	366.829571433987	5116.14953641828	9662.72125718146	2244.01553313316	155.197243047643	139.034226415339	148.313208214472	195.126201270198	226.197761889022	254.743929597107	327.999325234212	368.69767152756	534.074339307121	1265.64815695529	1802.90140788848	1040.80920165504	731.360311836639	755.982078696938	834.039825702061	896.16964598624	973.944737385006	1021.08458426107	1054.37873389571	1105.83974883115	1118.82095632136	1172.80307562022	1156.90116934841	1198.78748683425	1196.4144889007	1267.08924330389	1315.62539953549	1359.80592513838	1403.5794260443	1435.51191997843	1465.75591538758	1526.23494933731	1557.36397150082	1692.5446136144	1841.1592295862	2036.89799618094	2287.67433280402	2531.46124378305	2725.17417713707	2920.07570799205	2436.75157619615
457.878	9.60283857863907	19.7170387105878	43.7615425329302	45.8844028845164	47.7962885396172	58.20292915242	74.7654288477494	286.109464484985	4172.02702705821	8732.17033760071	2131.04196771529	160.129082727953	136.692160853355	156.350870794058	173.957918247853	206.397152470636	245.513313626799	309.239193067671	352.056239276699	442.602697281477	946.183275946984	1738.86901595565	1240.12878580122	734.762383991179	739.695160114021	773.414865908059	847.079915931487	905.554821616639	974.169589752511	1017.49047849154	1032.15171585817	1058.65502288661	1115.80188935251	1109.37860511806	1126.42149475822	1138.0122735714	1151.59592952031	1190.88189373126	1243.33355490788	1317.76817953106	1328.47540969886	1397.41564905498	1426.92533559041	1484.95293649101	1537.90502399378	1635.93001507722	1769.41789186738	1994.95658585573	2334.45319526249	2467.13987371254	2650.13309515291	2849.00642281819	2323.90542295366
462.506	-2.48425387708018	30.6208220220327	31.3797917093983	42.6784780674966	48.7530245848714	63.4657639110949	253.777642178035	3546.54222618221	8363.28967834961	2425.81254271509	161.948455318507	134.676202091564	142.48369507578	170.320651152633	202.50065474751	233.596670722995	276.794877191313	331.907403313346	381.653566388989	649.604021784874	1531.02831940352	1464.08730062892	751.478378804824	685.635096141716	716.114960252043	773.033633161274	841.228957426399	904.276272416317	963.984240861461	991.940968983219	1016.55872739411	1036.99384320424	1051.80218802301	1076.57090240606	1091.27264483364	1080.05790965006	1104.431086804	1141.4000111159	1202.64112610784	1263.33263308512	1271.2805501624	1337.65183907989	1383.46683440566	1424.897000656	1493.40273440393	1582.34361992607	1751.48816613075	1986.17930398106	2190.21557814326	2514.1943805084	2572.25467577501	2548.45951174554	2942.76863472925
467.137	4.08764659039302	25.131387016959	35.5938178032458	37.1774737983673	55.3513246864474	217.078634977389	3751.6564524697	8242.71089509737	2645.01711673473	165.542530576502	121.167812161101	120.202220138126	128.771732738362	179.166332949285	216.273931549233	251.330033091585	300.237674138539	363.185385973383	467.313712277211	1124.84429294016	1503.32131595413	855.892173156822	630.431056897144	654.202685038722	705.450631056078	762.283939651381	813.117934618908	868.057322820715	917.319233530059	931.88824489323	971.310482153771	979.351452622205	982.912920381842	1001.96054365166	1002.55865849945	1013.82875465854	1047.34953108191	1077.08817999052	1122.32261509286	1138.46663511977	1217.55769230465	1245.9142944407	1289.4747106616	1357.15779226437	1435.05039826528	1578.83956314641	1708.01071822359	1913.28714856729	2098.21740975906	2321.11782928236	2407.16484718646	2529.99175676685	1820.16175335696
471.771	21.4999304829853	26.7477301318617	43.1730364258969	52.2679415904341	156.566026872854	3414.31083545098	7804.00130198124	2990.54865418026	188.026426018507	106.54009056496	110.048754829268	133.074737715579	169.112266725887	202.548221684104	235.618153551562	289.694470487733	325.605107076548	397.828788186067	821.417000332362	1463.55125744231	1006.61707704247	627.838488721451	617.030088402216	645.371725608164	705.884398956237	759.456792512642	801.968177788795	858.836729294066	915.598546154544	935.776602303329	920.154914938494	942.710554603563	954.869885246827	969.171019050451	991.861394818016	978.142076554861	1002.56613278569	1020.98351607243	1062.8175892684	1116.99709095061	1148.91140359491	1211.42107666518	1242.85648991766	1299.49188668869	1365.6209761697	1576.41947449085	1711.82699820813	1943.41241179477	1982.80958414689	2214.44858414863	2352.40499446871	2705.51129351513	3091.60850209068
476.407	31.9036200296016	38.1428170788147	59.2600123930779	168.34524424775	2396.89007371259	8060.96295907125	2946.51604613114	196.484420319589	95.1296660857477	93.3356208441181	110.972839147538	147.323459701189	169.236743154139	221.404761332653	271.614505325578	293.927924968632	333.810601587072	579.147206577767	1214.29195763214	1198.35059118984	617.522969789398	582.104988587815	620.862592681273	657.856442307509	708.795839875917	764.910512040405	805.657642727964	845.408667273421	872.892096599751	881.301753930858	901.224670607894	906.85635536334	920.30365690346	910.575796845071	923.331299414487	919.341876707422	941.887366811773	963.243877226347	1042.29704882748	1078.64972244252	1085.96253702261	1146.10596276048	1184.16781014873	1268.57314456261	1352.31514215176	1409.04729043435	1670.72919290839	1814.03208008254	1926.85857621802	2256.80898512636	2370.92188951369	2513.3794606546	8610.84001373369
481.047	13.2656843220059	43.6988065427734	121.541464001817	2707.36815960994	8095.41672027242	3440.44222234845	202.288240928937	84.8215670394762	91.0927033015391	93.3296976794048	125.740582195141	147.762721080984	179.866439146343	225.80600613847	267.040711391463	306.066091058205	439.832542962956	955.711443941516	1231.22885249071	708.467016841239	539.736116606113	557.41378190126	607.511409093773	640.491654098579	683.183993919568	719.394747949404	774.137500167263	810.30857318543	839.991730360827	841.504363677148	843.219044487587	869.787819824774	878.174437652596	882.035637853909	865.982236246786	879.653962575046	894.251680479401	922.57400387993	969.010621372786	1011.40977261748	1044.96204734789	1092.19937722653	1131.14117844719	1198.76199994908	1285.9652693206	1421.55962695221	1559.05729536041	1771.56763054985	1960.03022162672	2088.09426361224	2266.07589658533	2474.27935110049	22650.3497431658
485.688	31.8115974608059	129.526793922875	2146.36224910919	7951.97038849521	4079.52894063141	278.972467917377	84.7048559371186	81.7784954539662	91.6092767751325	109.776054116333	131.135280200791	155.835313140555	192.478869510707	242.18588526578	273.608816914979	361.456292722781	689.053259042351	1182.87606281011	837.928227431765	523.277519496048	527.32758514856	573.512216879186	597.701804636309	641.268511869513	681.023827510766	714.740943465257	753.687954458955	787.949794144372	821.457385125312	811.71383281417	831.029485007275	833.481381087391	842.28109128282	835.619177615378	837.193330829337	843.690848922882	854.102031433608	905.63363554584	934.633204155618	967.574114881555	1006.27088787613	1038.170865771	1107.65045356066	1152.58580393932	1257.32482898681	1370.42011618318	1544.01428890316	1739.13304410791	1863.03047520792	2152.85446996058	2222.88988806511	6827.99575349773	34602.626425822
490.333	93.5526332856707	2142.52978345584	7710.57827261049	4003.72847470391	330.788117865092	76.168155425541	78.0598742073352	73.7519268329644	91.5573778093881	113.954683265034	144.993693701233	170.317242132607	206.244634531535	255.109995551224	295.690088106248	508.019714058807	1014.85745495389	957.462899024636	525.704526584555	513.681954725822	519.636116320816	558.492793263609	586.689117237697	621.701781573925	661.97573053179	679.206323294208	729.743528344746	751.358254640189	778.263354726236	770.102491547039	789.250277007406	796.234872433606	789.595489416445	803.815944229603	785.397166549623	799.591699023302	818.352787216071	843.633319930816	863.005286253314	914.669754783913	955.251363233833	1017.62143224207	1061.46439220933	1102.8525555946	1234.670571751	1342.92544705931	1534.7068398781	1726.35473117098	1961.2802283051	2155.87867927469	2345.6515863986	18162.1253188311	27209.9378116273
494.979	1579.81352082568	8010.30269495873	4472.25413075134	333.945822116187	80.16567977473	73.468060543965	74.3801265171616	86.1762688909657	97.1248125965013	133.822615102498	147.068993071598	175.295753611244	210.578636765661	256.458793788402	372.902084861721	804.569996758037	987.645651383501	554.759544387576	438.9591086829	457.253042974184	528.603684136816	543.814324505208	579.92090995166	592.092234388264	637.222698878296	663.673556523455	703.354755486238	718.942009720278	741.796514710839	753.796140213915	741.802625448608	744.775973473117	755.364282413233	744.398227273701	749.334805880119	761.829223424937	755.847525701791	783.02200979246	835.100168924077	858.901024628557	906.056356263469	952.253432297881	1000.14406277187	1071.9463286327	1192.63454353149	1317.41505225041	1359.00077100848	1595.19980062738	1886.12204735708	2032.69048094219	5081.24070670203	27417.7193806633	9337.51113254038
499.629	6947.71104086579	5024.64758788662	350.611126895215	65.978731087026	70.8544339061079	74.5642615580775	79.293459336217	100.210137655937	115.158054742432	126.43055866166	155.737421922775	181.679283602783	222.98291912999	287.650199986638	598.287729300591	968.766486182955	644.571490375764	414.81576846342	427.778247027189	463.186124215236	511.010037448789	533.304947359938	552.215772461407	580.630204284435	605.184379572832	639.348072515829	675.358421129553	680.259089936578	705.325602195516	695.906066083169	701.98757243282	705.775643337442	688.939349177599	712.374629204001	698.789351184272	720.806563631309	727.675906151456	759.327418007835	789.038819108205	839.603338023433	869.224595107337	875.764793385958	940.937090932101	1007.1453618586	1138.26111521088	1225.80412822542	1413.64632153092	1579.89107932335	1815.69782913753	1957.36002107819	13932.6855524092	22793.4467741139	2335.9371215779
504.281	5012.86679635459	499.512820470068	101.665668136911	87.656670658383	84.8504303594749	75.8529718822651	99.2191807790183	105.241867883344	121.75119090588	155.45924460605	163.880991569566	195.235371894282	260.025837200898	430.924028674942	840.462307313513	752.552326433401	449.278381146843	412.796130483531	444.999788730899	466.147733491738	488.095186133437	521.379352090021	560.982747000868	573.904725214877	603.394559695318	633.552480502852	637.837707854268	655.837047505926	672.569819741259	667.765368363566	672.972556695887	680.148725231454	666.987573867513	695.223887724173	670.542566864509	688.372472875524	730.812302507432	743.815700296417	775.708157573225	802.806831532556	826.243147840174	886.674647399142	954.059037510131	1010.01185017832	1148.01990854582	1238.27218361664	1431.73003612574	1639.62967236018	1845.0140293622	4074.69964566997	22539.8863036386	9818.05098973823	3232.42418768407
508.936	558.525641448713	82.2322079796065	64.1012499301007	78.1233647946433	73.7003221075628	83.1794623737431	100.159700327502	109.763710359701	128.105071188832	135.775714370501	162.10685544623	193.126564402722	307.525345408584	664.466944773229	803.359575186294	465.575599936614	382.377453801316	396.372396744357	420.683594841605	445.406260631196	481.06871030937	494.20940795926	527.446318897437	551.635917279574	564.56661868896	579.799648877252	622.471125552915	629.491600777999	638.969634961928	628.240895933825	630.073868033716	638.037127644596	624.754363248964	640.902461336891	642.230211860582	637.415333673467	677.918209133062	684.521752216745	713.919648525288	740.857898620235	791.887675893185	809.133513255621	855.093898130078	940.027482455942	1052.47383368184	1145.34034108756	1369.60883021169	1550.79712406018	1737.59858321536	10810.1839561549	19956.7296352583	2589.20423178379	2377.68352969023
513.593	66.7283349309411	56.2719749468907	54.1209221721917	62.6166214303389	60.2800111885197	81.0174884589112	99.216646926419	104.564921490183	124.157735857634	140.201335507808	156.518929611024	217.621294667514	487.211891050847	763.985789999418	524.418990839125	336.135350333837	334.936997034076	356.232831663715	369.109208674886	414.041650655357	432.58767547073	458.534311580007	470.868809811587	506.844654202859	528.141435189956	532.598371486634	565.869707726438	572.985395475866	586.71486655353	581.344119165004	597.831983171401	580.786095011442	588.487645854601	571.04805993472	584.505642907232	582.410205773775	609.27139906438	634.691134006589	648.884510741949	673.378936404863	748.652816071926	739.863124979917	810.406869979848	903.244144015801	963.5745095767	1091.79799144817	1302.03406170514	1418.08006054847	3003.14326216914	17884.5475435047	9191.8036995439	1682.04078979178	1496.53536095738
518.252	48.2172442604943	51.414952365851	52.5779896128052	50.9233265488106	59.9811617193706	76.5611867643692	87.2576388126469	97.1622401602192	114.161489074196	134.523894606372	176.770567649079	313.301213821885	659.334669150442	596.217383432561	311.346601553825	295.23104029555	309.204923684559	337.601712953679	366.948993373698	377.074642694613	412.880964811294	426.53298513071	452.07760291027	456.688343290996	483.338633613998	498.478126136731	505.219133722037	519.553606712663	534.374358632016	527.843056679106	527.966362331959	534.675298527308	541.807635997841	544.264717141862	557.299159397353	540.52864899681	587.808457152371	575.945804896907	596.377072977914	630.555282996192	674.549681188084	693.055018784415	744.519167101686	810.687059764732	889.105085481596	1066.87945282796	1185.14289016836	1362.56425559016	8114.83496943618	16470.2540709141	2387.82788821438	1070.62703476648	1742.942597964
522.914	47.9361390301762	44.463225905034	45.6187299098104	68.7924045839619	78.1377924274874	81.8056660588552	94.9428731630077	108.573042311092	121.590214107962	143.02709782273	227.198509828861	506.589171554202	622.330308447462	350.851663530708	286.221734680445	288.936370586986	300.849670353051	317.070366491545	341.496020063576	354.744061567719	391.644802888183	391.921588954123	418.645120296197	432.212677709745	455.416746488014	450.781030740974	474.511269441582	493.919606899396	499.626325857564	512.184787717161	496.343719056234	490.79704544019	519.842514467985	507.524475968904	482.444288978334	511.848016245913	524.043237987591	525.108601253027	568.95976061671	597.237592110961	610.510550797089	669.434952931784	708.648684433831	744.009615211699	863.62572253494	1053.07138990977	1191.44927342467	2160.47144968283	14222.4097371376	8451.35965936703	1466.02882473001	1300.16686369411	2843.10716472621
527.579	52.6462153038096	65.8133857329545	65.5707543038487	73.8481002710334	85.8406815261838	89.6221227782556	99.9210890969699	111.362441439872	123.51418144091	166.126956508464	360.864789227525	602.999654292532	413.895039749954	254.406219314564	267.494576182314	277.880063803701	297.687808407224	309.256725114708	329.643985825042	372.064436433118	377.230739070481	375.181431294997	392.944077178278	412.541992785557	432.930047964998	447.006387473319	456.904277378825	482.006618460064	475.574658352916	472.440420408511	474.128531772707	466.629214954937	474.045030863836	469.609608795834	491.945443096481	487.218337687768	489.660996521083	508.761811386359	540.853653465374	586.767773749397	593.281432857192	623.224457438464	673.437169000366	734.409562423502	880.339496652864	996.487806103044	1179.13918190127	6337.44577392326	14075.7813548405	2416.65803079032	1462.35862314886	1582.95578069883	3700.73802553086
532.245	45.6017295485093	57.0959044188135	76.703674319868	76.5740712974675	80.2347035626789	88.7270407150864	101.050466974934	110.184358398971	124.116579247306	238.499339573682	513.237067389893	478.490961116713	260.841966877825	219.149488184705	242.435556175281	253.014779240284	282.759626069014	291.169623017652	300.93166340793	326.793918920603	353.481057364365	350.336961682506	379.699802427919	397.201219470528	415.165303929065	402.461387297597	432.520163198413	430.561155830915	434.886779550837	437.479855082065	430.32716889535	442.21869139118	438.94478647238	443.770831163298	449.554372843989	448.409392307347	449.598213278601	484.961352870244	498.138947018828	514.181271058042	561.851346659461	605.408816928708	662.981882318834	700.879788544386	838.855839537325	952.378148229255	1633.47913242386	11549.7899023906	7561.21375811324	1398.21219097792	1431.42810708986	2109.62967890595	3820.78400572542
536.915	66.2024700962375	69.9386008606891	72.2343283270654	87.4331250478562	87.1327323536837	98.3242435449993	105.134566741779	117.544660089361	188.893366101498	396.466537459991	522.880907570396	282.358885033068	221.502302661659	221.272297056274	235.995645199644	256.226726507957	267.027406572242	277.304474807141	308.429912269601	292.768951770652	323.293292474289	344.854173702246	350.848243051177	375.073158910826	397.498005877585	391.938817962414	409.288215050295	419.640262719978	406.341807792014	417.744524991798	419.124530128947	411.524644166515	418.845147564285	413.633675779044	409.383712654827	424.512778083855	430.505844160151	457.220795532125	511.760226311534	524.160114402594	520.658001596085	558.289121289824	622.14050323948	694.749824840378	824.016233228907	978.245182754943	4870.84844364749	12106.9878449027	2444.38342798527	1367.57413371488	1411.38046049968	3051.70554903232	3326.72650670932
541.586	62.1435960359132	63.945758114611	58.5087385089934	79.918204973946	90.2209629684009	91.2151763552146	104.329833809097	136.180628603855	296.25520002578	490.895247199782	324.653749017512	196.310114200656	194.266633592586	212.98111171437	238.953774919472	247.608717868557	277.329110345988	278.011364195944	287.140591858298	304.241787574654	331.857326927977	330.088420138691	352.87081835145	350.082032226336	364.344640545284	366.802063954237	367.110581585732	388.368409000593	380.699021410987	398.528215204777	385.428888407302	394.131595764634	392.098988966323	381.740477090677	401.249054530341	401.678789808569	419.750479971384	437.831025851972	442.000091818048	485.973747364181	499.413054783343	539.897439585473	582.269532178468	717.839693692944	801.243885373353	1266.38176258827	9515.26308725172	7062.46961328748	1319.88116914654	1150.71437776412	1658.11140436958	3237.60717207021	2918.21246736098
546.26	56.4912477200143	61.1217921595534	62.4642942019172	84.1029278216376	78.1320421167522	88.1500922781515	110.306824951794	213.573764526666	415.260393340253	393.168681922562	195.811047248183	170.70893717895	171.151609997256	199.757522653856	219.616823302156	229.864110657762	243.421457725673	246.594833670675	251.222475558054	292.299452217909	280.204158012052	308.791342805419	309.021197377282	328.335855590378	333.934932505343	334.960982724967	349.692323162768	369.396820180852	359.077370601996	351.424903886414	345.790560343388	354.241113587427	356.286358089772	374.47654384562	375.951328087818	378.04870359781	376.579934601718	408.994201128851	429.481095812646	430.691285928343	457.216868255704	488.798199202993	564.256675512037	713.287430601346	791.311794832306	3614.07974497381	10490.0481654722	2305.01023552759	1080.22347012715	1219.43904888972	2111.38439851701	2621.98923986158	1762.20572461596
550.936	52.0371908325945	46.3668796954083	70.4725215245797	60.7009362659758	68.3472948902573	86.3590004067553	155.184344490251	325.744990981159	415.103195113633	211.407767386556	147.129747404581	145.205944174171	163.564220385332	177.326474223406	190.418490891006	217.951743385643	222.258112084088	237.295289668	238.161182874616	235.596443972597	267.786569839129	259.591844207757	286.448776030989	288.888133865629	304.357924911517	321.435540382345	317.439400168652	323.933043904678	326.415901422828	325.427598965997	327.743304672494	322.187793753736	319.17521392992	333.060146583342	331.544696033862	340.452205220968	354.230275336654	385.671299900889	407.163399171624	392.48234418103	438.88544200296	474.141659676775	542.290677817306	628.045267183797	927.598830616225	7440.36332447642	6542.42847103921	992.360519748338	965.778656377121	1157.67611107415	2445.23826771259	1519.49379632371	1201.03667505308
555.615	50.4841903677887	56.2288803414122	78.7811705376473	70.0462447680971	79.8986236826959	114.98485263506	265.414433897752	406.966308779675	271.667279807799	140.715350044889	143.296693100814	142.028332326364	150.768563015404	164.301136024657	178.899288598693	201.821294744888	217.562279054591	220.887010820068	228.980163681578	242.771946859779	255.404961592264	254.309863666083	270.576713013396	278.006328237968	282.153884460154	286.201260293451	310.268150648087	316.790820623897	314.598346046102	291.137238174717	300.939168905169	310.300816766815	302.187746376588	313.03148370203	322.751402721597	330.822420475831	338.509721397614	352.454168544703	366.668806163018	382.675715955735	415.055058394258	452.609875075513	522.725682165079	634.511816598992	2704.16559300459	8903.12902145264	2326.88087939356	989.958723799743	1013.00271190462	1585.52277877565	2452.44742210817	1165.70523125161	1307.3692879235
560.296	37.208737335126	59.7504823172896	59.3408171514448	72.8277163816614	91.2099572869589	195.922860120236	357.204725481241	330.053338631335	141.363795107637	121.992672981414	123.594757510029	137.820271662982	147.849286058753	165.59005023531	176.568547423743	199.612521831171	198.637272922601	207.196139594263	206.048728627565	211.310182005582	224.08733337216	243.372249069607	255.052274064786	240.940703419177	268.311437517469	250.386159119321	269.155226280124	276.697210808535	295.381888183072	285.701824376581	276.570510640903	280.187155940666	296.481209920378	288.706094863459	307.998883159156	298.467268868822	316.380521639035	330.007859698417	339.444786545062	366.402718468681	373.508229068898	436.127985888895	532.511565733404	742.011403873408	5877.38667184729	5808.36212335837	1022.99789219724	964.647596063727	1025.59141885235	2031.87470920619	1738.82498996894	806.194710517367	420.163272130162
564.979	43.7352207677853	45.9546537082193	61.5424332501622	79.4299819947953	126.315208697492	304.020025509889	333.509908783558	174.28228341557	106.984626987431	106.194838570816	111.207057492273	115.319777566537	134.181389127434	153.631174449588	150.277807786196	171.760679025457	167.232109043659	175.749354916649	191.022405297129	193.180081575428	208.505048140689	208.135786182662	212.899595996609	225.456364443386	240.972719370402	239.692997066017	266.539738147118	252.206340822654	275.521460607073	261.284381393512	250.560342107014	251.864534485829	265.864032180823	253.064182684065	265.677783471219	298.196147093415	283.894952563996	309.933247656385	317.384662786424	333.553050589815	391.323149138606	435.189033187419	512.374800195327	2197.43732404987	7572.48630536224	2188.59840910963	842.261957893031	870.86705340832	1169.23235127426	2180.33753280804	1183.33397266549	863.025945412676	635.962141628091
569.664	31.5865695823899	37.032488545419	55.9606587722075	86.3107166566234	206.354991826943	314.017801294681	193.881417181075	94.4417719100104	95.1102067132973	94.7459098995004	95.9824722926336	107.227233734878	107.94844457598	141.489658022999	139.048426765326	143.421452952496	152.78447658372	163.099478774738	182.69375453333	193.490881469696	199.165762123229	178.055868933599	207.669440836107	213.590383693523	208.058039278623	224.741538309129	231.031792396392	238.508235318522	230.33371299168	232.734940101276	222.198846413709	241.387156084945	237.523426055934	227.298529378982	243.004057173118	262.704109555633	252.119403606105	269.473130978259	297.547172993154	310.993421140627	356.945386452063	422.591167666723	523.228169940403	4834.04126733997	5191.58414985085	784.808498549276	786.05144724423	877.233630806312	1602.11514472725	1808.01090215919	863.161462453562	406.16480630323	284.716186074995
574.351	45.270667530106	38.4701956064668	69.6206125829802	154.402632913278	307.659502062076	253.720258504174	123.900391646443	87.6174136992324	101.181068946353	103.704098659706	92.3932958294184	122.390731578445	117.412186309014	126.350411954816	143.998496065909	158.713177101868	162.603289060689	169.607142701534	180.05506742481	189.223495409082	192.836920837551	192.604129516151	185.491806398895	220.738985412292	200.387976833127	216.558540538754	233.615221297269	227.589232934202	222.062329287163	236.518064125267	220.554383814866	217.127411767591	243.750289109348	221.593821406938	253.042925967236	250.159993726667	252.145218635399	250.991451455813	284.133377658447	291.009071026674	366.415204591595	422.72973008179	1590.29871759788	6416.50280319724	2011.3975786607	710.579033720623	866.5320824566	1053.5224747327	1956.1925969908	1290.3667092832	727.346986688349	510.258273569061	394.838168074784
579.04	35.5274728213578	33.9173229177818	99.2328571352681	242.985033917623	296.595220446843	125.322079109018	74.2041057065347	78.025095804116	75.5744996812087	87.0869273986999	82.0973388504424	93.2793351213391	92.9290024973389	120.288467457929	109.992190393717	129.73517889982	138.920274567179	142.772718845215	140.32163077236	169.629702478436	157.721871472844	164.599350986109	152.975209708323	177.442857109569	160.227467452335	190.383146949828	184.793271122402	196.789049504978	192.747408632122	197.718990720802	195.691784358516	200.576364596518	190.350127042417	207.838515607182	202.6507980162	205.254261820503	217.813643611583	237.994722818239	247.633424302829	269.051793433099	328.120780044832	398.433875722197	3865.76232698915	4610.91597148026	630.547308952149	614.420720759296	790.072511398579	1184.07420221016	1824.19390453092	780.713257530379	547.568824649131	384.325732101346	-470.827349587297
583.732	45.1197938098781	79.2686668319856	184.294767031693	288.419121369658	188.788383552119	70.8975769165726	71.3994564689314	77.3458988221975	68.6248008385299	86.0803138500224	86.1079611515937	88.5637072782702	102.196137886612	109.285967379875	104.531386215403	119.492269306826	141.971599053026	150.175368390415	150.11454654895	145.147501137707	146.494547108881	171.571163435267	169.942655958986	160.013786597715	168.293904835672	176.673875598801	184.750759119722	196.826618614836	189.3939711664	191.718020658237	187.039361719486	195.254049780725	176.974957798932	194.563563630565	197.809248229845	202.13183875889	222.821844112692	229.924775584971	236.659098451111	306.360107963616	353.480279834704	1116.1029049166	5553.05358292031	1797.85740154301	488.263541843343	653.982938450519	755.492367647488	1511.6772097041	1403.01185881116	733.019196693817	574.04203080949	627.622140960304	145.798995751695
588.426	53.481034283223	164.308897555557	262.858625709932	232.181758716634	101.876848363209	72.8114973397679	71.9607423319323	68.0893521098804	67.8282171458268	80.2305689354483	88.8022774572932	91.986643138928	108.947465530947	118.648193812008	116.874681724385	117.177569911084	138.35888212718	144.101508722435	150.52927402906	160.634835294196	153.585467288949	174.552657886376	169.419667231798	170.337912864241	177.199619700289	169.766647895947	177.989382750089	168.917150510397	182.987325888607	179.309403119908	186.492763173822	186.898530312548	187.360419813886	189.941254394343	203.050344731838	198.366989321355	209.811351906582	218.761328097381	252.540241630602	313.170251173653	340.338845023808	3047.25537450403	4185.7942388398	546.15355552066	478.582282963753	639.903841904164	932.065859522324	1687.68427446208	968.243138172475	835.510553966319	777.020266058319	762.889587954773	366.372682929313
593.121	109.647198439014	219.152997398447	276.307808063781	118.627132469823	67.7889231119612	67.2075699306302	66.4727550076008	67.9193653239487	62.5832446311999	70.468304844336	90.0007963489243	81.1146979418673	104.487208990574	104.908430827079	96.6964276798867	118.647096996174	121.280048423012	130.078146464959	123.253870435177	135.6084003417	132.999140704893	124.80208708249	136.213886949893	138.793647203979	136.715932376666	158.361882203807	150.358365859033	154.610498745996	159.794623397444	175.617276234036	157.704623847342	163.25447233278	164.645452728787	172.367602747706	164.559070216532	176.250370363978	193.35018320403	188.060161886275	240.704274595131	291.066155996769	749.390879843541	4661.86010251474	1731.45416186744	374.833236709784	478.679209635659	589.590357618367	1091.36768680895	1403.97248101278	743.210887632665	699.339216657857	498.698729241915	545.541310526672	1104.61748692191
597.819	171.738557663902	246.304410984269	181.366939744394	74.7545172179244	64.8032996468088	62.1319996031469	63.5410306938904	63.7064798364922	66.255321499952	75.2120055454569	75.6230970006704	88.2059591577034	86.5504441567957	97.5661153666441	96.9831165576709	103.666887628334	118.877295327596	124.931797413418	142.075417683986	134.136026943258	131.165515716947	137.582450880543	148.340212223146	133.458034830152	149.899309340902	141.301765049324	141.911372477692	152.435107733665	158.584866437046	157.288217256668	152.861724357152	157.526077424902	166.877834692274	162.039392935278	177.051658310219	181.827836115235	189.014835464487	196.609975323468	255.339563420034	299.001433231947	2297.69977801515	3906.8506349126	455.258015809563	361.361426929437	434.573857560071	686.912119797589	1368.82675696183	1107.65775371875	686.848016590403	679.225822676733	618.394503559847	615.593407878176	518.607317494566
602.519	212.761160036601	206.67035564347	99.4801519857479	67.7410116656657	66.4527230152235	58.4099146085033	63.842074473613	67.1406425096988	63.6513300218824	73.2831919011323	74.4322839264226	76.1984891622167	87.8641271935273	112.246741380361	98.3457849233084	112.540434867826	110.642752940256	108.636747354931	114.771000627242	120.167808011067	129.535864938343	131.533092080522	132.062264016909	134.851243144776	126.169580506001	147.826831149184	149.940655735074	149.869080151403	154.501858201658	149.526287739706	156.214003902822	126.763784442883	151.057348709267	158.535967834236	159.901886500976	165.768744476731	175.332420487442	206.409432014651	238.250344633021	587.139930315319	3897.34881379116	1833.23003732921	305.122665522527	345.029254477258	430.99546394746	781.180075817196	1303.99247773572	698.06231395421	620.38607043109	699.278327241535	658.526113499407	710.124827129424	1288.02686929403
607.221	227.439188440407	82.7087078972074	52.1398245819075	38.6774677598052	41.7279538296499	35.0436839146893	55.0447338984889	52.0726052348125	53.5871935831377	61.4664684870672	66.1018849010322	68.6484228508697	60.4917099021265	77.3786278381097	88.9155757424367	90.6642265013429	98.2444151385373	106.935501591503	103.307097660584	113.868445533627	100.424382048759	111.859089213631	111.344494758218	111.994734918469	100.854665961738	113.478142567125	123.382297923513	114.839950478304	122.060830014194	110.809246438381	121.320791603674	141.567984564195	132.307493336735	139.087656018373	143.306528391951	165.500524919867	150.041765633408	213.826352109641	246.264152108436	1832.0321323838	3619.11520420515	422.254220661889	255.792221150095	304.792196147895	398.057356877101	978.916537151053	956.089974997168	530.001880511574	565.862586906502	547.141565091065	601.186935018652	399.750657964704	75.3421570316328
611.924	151.898976190507	46.6986982888584	42.9721876691556	46.7917007114263	39.223544981264	48.2461113762511	40.4721931130309	49.2323012190581	61.2627957874037	51.5588100520187	60.5049112194828	76.0849896627605	68.1821196703877	67.0969738455914	73.5318433020582	83.6288540345999	100.476786276721	103.901924084337	92.793559866838	97.6987720938481	112.612046870742	110.755350524402	95.0084719253838	116.593557650861	119.517959332174	110.998626782378	105.354511517693	110.513785930021	120.679860845098	112.822298243155	124.053108329397	119.734017876966	145.001512530043	134.911201233317	128.495419194999	141.083331202672	178.99203653375	199.459989215323	385.631673032066	3287.24166699692	1869.41350541261	251.360969876646	260.587697871316	292.907766216893	518.175922649226	1076.0063579206	717.064223535461	542.081203958503	501.673671154597	512.407269554276	523.107839243995	395.977626366534	513.447223077476
616.63	65.1195670041767	47.6194626366991	36.5714645662133	27.2306983056628	55.5251370449387	39.5692143169239	50.696127877978	41.6028155583496	50.0795253780379	47.1797210498693	48.3133654865115	35.8190971027238	57.1795658148834	70.0746233437278	74.0417838705421	80.5637187145117	78.8027310614951	95.1359746365737	84.4452268558071	94.0270618700104	95.8677884983984	85.553062203318	78.8341270666828	94.3859161647167	93.8446891032203	96.8117960368009	88.7202105826268	116.267308845148	108.78967091721	111.204082530108	92.176500275463	117.582547229566	110.0437074622	123.954197985912	115.605136104971	137.612740513557	184.416689938431	198.443688063689	1395.54154404189	3268.94779895639	474.035629238554	211.003379712314	236.907158827508	284.598543344396	660.740211442317	902.974004614796	508.935021226555	461.95017634282	440.473288446975	439.769829304117	278.601714510497	577.488485170381	-96.1428099049324
621.338	33.4941053025137	29.441067211678	41.967391763261	28.816500416731	30.2009890891389	47.8008676431804	45.7586776173888	45.6920040012064	49.2561304157914	52.542508906937	45.7813643496076	46.4591937788593	72.7760094323496	56.1783914131451	67.7535204879326	74.3776777592665	75.1544230514432	80.7065890670508	86.6206085799075	75.5717507455623	80.0563567936748	99.5462896919882	92.7561436111011	92.254509641795	113.63301516156	89.3024111763679	92.0267890625887	84.6294711937163	100.207825568346	109.821918481355	103.753736663867	100.936722085121	109.936819968036	107.740800915865	128.541153560165	135.061441455319	167.814490117368	293.469694421324	2681.54803031175	1753.42231792551	192.881966624229	206.214219973038	228.643150578837	278.596454026883	805.395759373475	664.331611391599	414.557377354203	511.134261531246	402.082511307849	565.486598315212	476.117029602052	380.251823495228	775.175356267473
626.047	53.0096548508703	41.1256133442912	40.897564227166	42.6017449870255	43.9439058027392	36.6783421602147	43.5059065448815	38.71454189948	45.8418737599957	52.8082212508963	49.4281871127087	49.4418687852154	56.8528709260915	60.2843414251264	69.0361514490106	72.2775925369454	66.2688423723074	76.2601361021363	80.1983380919354	84.3731553724184	88.7901875052797	82.9442143131106	81.709659989434	92.7800863615651	91.3692428298208	88.1583947042817	82.3693227504425	92.345327274154	98.2160436523319	99.1733108435133	103.140846078297	93.200937890546	101.201342295238	97.766607534632	99.2423294522287	152.856820290113	170.980639019532	1083.80323653401	2950.12113716962	502.672010502313	190.743921479893	197.355436675678	221.826620724714	427.459566051326	799.310768292248	481.471554936649	757.878769437828	474.36737214257	450.038138962176	378.04805046994	365.660615546436	642.464896594539	743.504991467478
630.758	19.8609930088595	28.8087602891454	29.0472205788116	4.20086803214513	21.4523653493679	26.7586873536483	36.0157854431071	34.9244225646254	42.403696676831	40.7590127258377	39.4267814132691	35.5572998244967	46.709649224227	56.3450202343389	50.6599897936443	49.9671180197463	55.258469027403	65.8158634699791	52.1093142722723	73.037609699701	76.060194196019	72.1276871194474	77.3069724031191	68.1339028610853	78.8097159471579	80.3289738675348	72.5968030016626	80.3821256312091	79.6815924424188	70.0019425616134	72.6475696590098	86.378136324277	90.7387492276416	98.1412149067487	110.47830079045	120.781906901968	199.070805780656	2206.69425695784	1760.66077683642	153.973693396595	169.070433727751	158.9209763738	223.599398769498	539.182908805501	605.504682557049	275.530356297176	469.645080840079	369.03716238517	380.603355163864	278.130720871897	369.584459675217	142.542237532245	494.396987934566
635.471	24.2024516861553	28.615354855621	25.5177517425476	27.5154050601209	29.8377744654446	30.3347795393756	45.998582901788	39.7990892051831	37.518535566737	36.9160169482175	41.9066268893774	47.4511393785313	37.248432901139	58.7584877349479	61.9653344228492	67.2408484442065	67.4945047556885	76.2519495777227	93.3504351231915	73.5986870454221	73.8058062794205	62.0268546009125	97.2810578857277	71.6103123385175	78.7154419872907	88.4284729661651	69.4632122455267	87.0243891985233	79.2900377208816	80.1436964994101	88.3063678897861	76.5310006682621	102.075610348755	104.672518235451	116.981703469198	157.177324903174	770.019970355173	2658.05041589259	558.310352555511	158.003433132953	185.117620253481	188.8568962355	298.790063126631	631.527028834351	462.591241615256	325.586038227091	401.000557297422	346.983039361821	432.169632217845	426.949297583587	564.912232251522	614.448243552458	1574.29608001873
640.186	32.6411507583153	32.4082851176715	31.9568396911533	32.5147589209183	36.9094118396685	33.7683419269765	34.8805485379462	31.7511333756302	39.4681327910753	42.8634714694634	35.9871387957613	39.1314628735023	48.1742617905911	64.4906303688826	51.7879557241232	58.4269508581682	67.6207242792459	76.749869616302	84.9518814266411	74.5601913415274	65.4118481872935	60.236626860851	64.7215104098007	71.3744131030052	61.6881137831503	78.3714742875159	70.9379078537716	72.0970506303126	70.3883810264822	92.5698606784266	72.684769755019	77.9904129715947	72.6192077581768	92.6109338127935	141.986064945515	165.700159504325	1795.72142030455	1675.2686401722	161.591280533891	142.611631341297	158.968974314936	177.038663917135	398.722815911762	571.204567222569	325.582217727724	322.192515771361	351.079228062906	378.434750880066	374.872571569271	417.250846489998	293.465230228505	231.848335823539	578.986881563903
644.903	26.8829264233571	15.9690584802739	11.7880198531637	24.307253489979	23.7561875862525	29.0310623715349	31.4304763481375	28.1930459462582	27.6688009234869	24.5255498907474	41.6374957517558	37.9431138558686	44.9502680682003	41.1435146804642	40.992811314075	49.4069255427218	47.1914340987323	60.3764318530893	54.7854930741261	49.5803589703514	70.2685385132	73.6497354010107	65.4610414323791	48.6253633827727	51.4033107937041	66.5153309082878	66.9879076798493	58.3366857612587	67.8025368861558	73.492629798681	69.8561596425105	77.21739128375	75.470512261122	107.444012746472	117.465264427637	559.906078144723	2336.42326508338	558.849363699495	99.6790246405124	126.932223104781	134.503179868648	163.953250697049	474.628084696695	381.102489698734	277.218887511071	279.320573293637	318.483486974108	252.20546428311	314.699479210289	339.738166120374	216.253455577605	283.014245210587	-60.5795784647361
649.621	47.8306309103721	34.9473290242601	45.5056784617918	42.4147841160919	43.1786966400974	44.4516513779191	34.4774529417496	36.3555485823091	42.6261924244043	36.1784930187741	49.4977368208527	57.0568574907548	52.1983375135265	48.849845095611	67.6387294739549	47.4863536914085	59.6508940864886	65.9691910017653	71.9494869190926	92.1135713556037	84.1822640407461	66.8710828431814	89.428077188762	80.4192077313705	80.5333063745363	79.340462160439	61.728772319663	80.1444860286064	73.5756560189398	83.7219243573145	80.6283429640697	94.850119428724	91.5732220306146	120.839284805309	139.103741888075	1441.44834375078	1628.90155067724	142.768307509148	127.95626272097	135.555510592431	177.695071829752	231.535184379548	537.346333632695	319.784631470921	279.439079434796	308.933325940038	318.041620246633	281.353031331259	434.511021619726	433.37580990669	576.238272647447	1016.87216235432	1146.82576406646
654.341	6.3145468237378	22.5058907464222	21.5396678590732	33.5015975834506	25.7376083303274	24.3297696642094	29.0673009714632	26.3440636445208	33.2818624768155	27.300115508018	21.5833271848213	27.6239627753144	28.9782390503113	50.9864929351434	55.6214612791916	51.5495935133833	52.4768194615753	54.0391072111424	57.2357047925184	60.5032865165407	59.6734395521824	65.9239254572901	56.3144025866699	58.554495495296	50.3847750715991	47.9176337146083	58.4849073226536	56.9374558647222	61.4505485051965	54.607702904106	77.4267444393872	67.8718174299006	82.238422942722	116.686515624654	379.531773327195	1983.98785639987	596.319108187898	99.4311358712628	107.284242254956	91.6087243986009	117.826280143145	299.10034727081	369.971021974381	212.082196492528	220.620672890255	254.320176876441	289.04895005133	285.722423303776	277.251196137522	344.430864389384	480.377561122995	133.246982266846	935.868121230551
659.063	43.1042094071796	36.2250614716755	25.2751919678298	36.0109049827414	32.3625488194272	33.402311712943	24.2044629141312	29.6682415785454	34.4392765149779	28.3016377672858	27.4924985718125	26.49750034656	43.1202911689302	44.4673829688416	52.0347177635545	47.958739549093	45.4599948908451	50.0147709271478	60.5825868896282	40.6748427902246	58.4683316452427	60.0709370720798	62.3869725725628	59.4355467863151	55.2267737006529	54.763500658271	57.5642850912437	58.1209325018118	55.9819982497374	50.1877226576811	63.2225233578776	78.4672299906586	85.0297450877041	103.004319544468	1082.34055083763	1535.08420082188	133.39925473038	103.80124962676	96.9950261151246	77.3989344377342	167.521944770234	367.286371541509	248.077885261087	200.499671377425	198.920273419212	248.051107076962	276.272863997995	317.400871429851	281.552441473172	248.091681125501	277.439793978746	520.675646549332	566.24460926971
663.787	37.7544932563204	10.6233214245508	24.832715886818	22.5907990918542	18.8480914298281	23.9831436956347	11.2604824523236	21.4360575951173	22.9144603169824	20.614082780445	22.3641164392944	26.8734205115917	22.0467303784495	34.528341489279	22.6169719521734	37.7548494853402	38.9010397983487	54.8882683198462	58.5360283795013	57.050495824489	42.8502510411718	42.646214621941	44.2093217754326	59.0968227204128	31.7391565162362	52.636355897708	45.4869977600971	50.7288497700653	58.5616306986016	57.2622031358275	58.1630088841876	57.1436675266621	95.1080853807742	276.035950718702	1723.87266220063	598.915858459545	101.995680140589	77.4994935010133	85.6017701837233	111.921519755055	222.008047851966	384.874340959558	194.089397719416	169.453467650738	184.930493271548	205.733264407827	209.50161833654	201.58055944985	263.581686753546	184.514996600342	500.223704305964	434.373970922302	382.851949512347
668.512	5.5064709913201	-5.35249097282599	20.1803247996297	22.7644525428049	18.9929750219187	11.1774687384156	14.0703305587993	153.583916100267	23.090601722806	13.4101216568405	23.1213787620453	12.8456382222463	27.3150019941263	29.4681825929399	30.7330843431632	30.8473521361808	42.4667409941602	33.5675632987969	37.6506316539699	36.7045395697927	44.9242688876862	25.784419354378	49.4536489903378	44.4648173820059	35.369581903169	49.3829691408852	36.8136892016032	49.3188402260014	50.7357451740294	42.3863107127178	38.4849469722804	82.3117896192033	100.130478963074	865.907834744602	1412.88612687137	126.887701967318	65.4052711493719	81.7065650644149	81.9706228334565	93.8998211986883	239.577008521958	245.884829905642	128.411994553341	169.238209813894	217.55931641816	211.611395685075	214.997536169853	240.921736039714	187.13277916673	270.448504533553	247.533824585316	429.130357612073	-814.455896171557
673.238	18.1297059921165	14.359266827773	9.74489085347908	5.34369406078626	10.2125521518829	-2.73521732874114	6.62091784396003	17.5442293743554	11.0510029725633	33.8594657488853	18.2551714577917	15.0186192789512	24.914746679419	19.6447062571206	26.7494253307263	14.1373115360381	34.689198612724	17.6523514738886	31.5644779282614	17.3505755289642	38.1742607708333	35.4097489456898	22.2031361212548	17.5735198705442	42.3962735035057	46.0003390530438	32.6782859799074	27.8862812535217	30.4075764125671	38.3415815993356	48.662291022484	68.5916139966033	202.906031173365	1449.90976728939	643.20317740816	46.0516177058035	54.2629425149759	60.4000932694729	83.4231580385945	122.702223644489	294.946608662152	147.58286516958	115.935547950359	148.116308503863	149.80003690309	152.370021230378	214.989341338274	223.363011188854	89.0691248939754	209.726186953414	104.13753382957	-43.1714691822919	-86.2485011181162
677.967	28.9159233561207	36.1614822037194	15.5425861376623	31.143865689989	26.8801421573773	21.4299579374345	21.848305264722	17.2712601011335	9.31458309167698	24.7814679754387	23.7278376742919	16.8879423863195	36.9080849839771	38.4982134676067	32.1947833784398	36.8182197729873	36.047129447898	37.1099112922066	43.242567074363	38.0927347549804	43.3163054718874	34.4251972662171	41.0043285858599	33.3932063746902	59.4851018702381	52.2689867419299	44.6221548688101	47.0612585407657	31.7245683802314	56.3099048040044	71.2031176443801	87.3529323295005	672.979297935445	1301.63705732584	134.823060931409	69.5841134827287	69.7250096313732	66.7902044503243	88.3817133751741	195.488079873934	274.383356833609	121.580605645601	126.128817260968	159.96995898164	149.091657245591	199.207393909426	189.003316893243	218.618373603292	187.60149071898	214.119466905185	68.4139491330828	487.067105378194	477.846263776174
682.696	-3.59065256216014	-2.28527977111717	-2.89501528537452	8.55309536839116	2.01331128321914	8.04840387241566	2.55799664059376	13.4024021042101	5.97263599461597	9.96916856340717	17.9942007279228	7.11506106485104	6.71749190601864	0	10.2614518734846	-3.51212573421666	20.8279138294267	17.5891289050874	24.0055940569178	14.9537563996446	17.4302282338571	23.4854835790278	10.4700234385174	25.6291211096468	32.7729602930024	27.7376601681899	17.012246818286	32.0926968869989	25.8099785911763	38.3232761507948	54.2688135775112	123.801783946925	1208.51929060802	619.119004822074	37.7816575710552	62.1303886461225	46.5661658759499	52.7324443744797	89.8550074707356	208.648137112903	146.847647042326	51.7302995809381	107.290872787301	118.203904186752	76.7470725789735	164.003745826782	160.585171121406	154.89965830075	94.8460883005321	49.0746200904975	101.458682148077	211.069338710344	-571.020889990593
687.428	-6.19838194447761	-5.52296588896121	12.9102977583077	7.82983072822801	4.05473678453392	4.67572990760677	6.55672637125977	9.40628825814622	8.79018549283216	5.96900083907932	12.3818891317878	2.50765865728542	21.4205810019369	26.0105793706866	15.6778041582826	20.1588918448068	16.4790497763734	6.6911764589276	29.7848395803234	3.65046419079498	22.0524218014909	34.6295681924144	21.0862520490171	22.9405029271865	13.2007135454614	41.142089547893	27.1861962266349	26.3734566308818	27.8466278965627	27.9324265674538	46.268405479532	508.142259471533	1177.84342603332	141.056995137607	48.6354235436799	32.3179250591751	38.5648031756397	71.7324256029477	111.135970061913	219.58335415464	91.4328925559863	72.3152378502026	85.6165932362266	108.065996746026	115.924390661173	107.512999186069	109.58614881137	81.2401983171409	122.499791070441	136.624198324207	0	53.1357606551821	-619.239175656037
692.16	0.519335583118754	14.3451072911645	-10.049322848189	21.648911204869	6.45484791253254	9.08881256494365	16.716231204584	9.4573459485756	13.4894247192909	23.4600213194979	13.6636446917579	30.6154253610951	26.0709269893566	13.9967197158148	22.2113645519146	16.7124703262165	19.9575097800604	36.0118925971227	26.0404459325383	32.1149416810815	31.6744616939769	32.6945181468005	13.9924679579162	35.8331636056403	31.2291000486346	22.0109523095164	25.0871531994861	20.1675646317631	26.1312617551252	47.6689708489805	89.7424431129694	1000.54397181016	633.299569563681	47.7798259141826	39.8293650461513	39.5752315209167	41.858440539056	55.2621522637471	153.765033292053	173.125924056473	83.4172313878735	69.010762573848	79.9326574063675	123.611996699981	132.27912278399	148.214903608625	122.274021709286	127.422630197526	235.891760666147	151.979182612681	158.751628525754	240.408826132565	-177.885836986856
696.895	-12.025834963646	2.32943949641388	1.68626129562036	0	6.15664683289133	5.99517788568307	8.0593174222136	9.10758942309733	8.19544996330023	10.1618083227752	1.22279417489823	16.6808634499241	-1.52162171520429	7.04588570164553	13.7058656630411	20.7639564001423	19.3348132085215	35.0611817085858	17.0412362468903	16.1665170835879	12.3002599686231	20.5194056323188	13.6605971119666	6.63475982109988	34.9783091749685	19.1038177843607	19.6028513371792	29.3287547383158	42.0939505380499	55.8054543104907	391.647757587674	1088.51613804264	143.43205462081	54.2127809491539	47.6433815779167	43.6186803039022	48.7968118008741	59.4094670512311	207.573819181925	110.337723866452	52.5612382202165	56.4520242685975	109.364113678422	92.7440708135275	88.4745164106563	141.367671129422	112.282020822459	88.8147394272181	77.7634242226111	73.5631119469577	-159.829710425466	62.751484924213	-805.922366610863
701.63	28.4725002196749	-1.40944173365911	0	10.3903573138343	29.6629697877286	6.68208828331109	8.12723285090751	13.5677729064285	12.7509622562553	13.0170200649225	8.93996481207737	10.6048159377557	28.0036091771097	14.5844830979989	24.7329675981597	27.7982388093432	33.6431706482764	17.6783201880259	12.7784721196017	13.973786950282	12.8633177960304	8.19071061168105	27.1209373693316	34.2896867251951	11.0971454544167	30.4383912927972	32.31314802405	38.6761854964564	59.8829507722856	82.9128997800825	823.366486157183	617.682626100705	44.4468967446109	47.7396761152146	43.2403827821703	53.2910367380083	54.1288218620079	99.3747019444161	177.698689412593	65.0404424933157	54.1564334516997	87.5811421546795	88.0898511083681	118.305912534079	129.603914891998	102.959255236978	152.78988087689	64.6845162860542	129.284937134915	175.071937306072	9.480975687335	216.960988346705	451.507683595831
706.367	13.8731542745384	0.950880388771793	9.46459480220799	-9.30154290145332	11.5186117685232	5.47408905644684	9.19215639982227	10.9842036329137	13.3815755408281	9.80961094617087	13.7265220069638	16.6528156237406	20.5748671698327	15.5160193983753	3.68075862584957	14.9789177409256	35.9805019363483	1.21977463057331	7.58053532568444	8.95604952517777	19.5260447828639	12.2150721097501	25.2674934965367	1.26952407860761	31.6847555726944	23.7845238800321	6.15531594592025	25.7091837407585	46.4089239007763	313.602777650323	980.377463982927	160.035470342853	42.6920964826409	31.9478515804778	44.5685476714204	23.5405354092487	53.8716389446809	140.983145519031	124.456352791585	42.9729562180655	42.5613196100104	60.1417688142806	77.212010813788	91.4098929918358	35.1650128660111	107.627158972195	147.716962949484	87.2788658441625	145.846841709459	57.0542695488065	-19.1890312998696	-210.410916272509	274.148843696297
711.106	6.47063285401378	12.0115636806599	15.2163690836683	6.53899167947563	11.6402896014397	9.76220304836507	1.22227085842399	13.0214309270854	5.79554269270683	8.21382378606382	0.630523785775139	15.7068137844648	7.06150580101761	28.682788145159	26.7814125500586	24.7363163474478	21.8945458196706	12.7374848417654	4.50624291405969	32.3918268935379	44.162788631242	28.6559628192141	21.131924531051	22.6651815363993	12.969907919813	18.1253375566718	24.4925814588182	19.3886305111589	61.6278329965197	701.357893814872	616.87914243887	31.9646719144647	21.5715390333994	36.6162950515841	34.3936864525812	43.6856362386974	73.1976021167892	159.977578285199	90.8631725402882	41.2280740707656	52.4379706194559	59.4975639878244	73.7715930001191	98.0978858269794	119.095235175364	82.1515980804893	83.7069440878039	115.339564642597	153.88989722228	-42.484081070392	82.4148791068589	120.184214258848	646.437955967242
715.845	20.1820124741933	18.4688719316453	28.1462277310619	7.44150093986088	11.775002801018	12.1793900623181	10.3858961850938	13.6040011425601	6.83971700070094	13.7526330357124	17.2211628010266	23.0762838976517	35.716143426579	35.2045443662865	14.6744834881908	27.2634189645818	13.0514597159805	23.6915827727047	16.4102173663108	24.5750233968186	36.1193113330114	15.1627438789349	9.35221198015103	17.7363570414214	32.3900217418198	22.3209940892024	36.9674163666789	51.778360511598	238.385911773776	874.811822123247	201.978793500537	29.2551137555969	47.5390138644496	41.0228575398203	31.8924145504814	49.8791881876975	108.290401202763	131.332349997031	59.1993195821333	47.2659012954718	67.3490612225525	85.4254747680465	72.47269805945	70.2901647314684	91.3267049220609	150.988757553344	125.602266783983	163.000986997182	100.857181239226	36.8363569781683	328.57063037731	46.7596567277929	-93.4170270773183
720.586	-9.84292418380982	2.9234583585289	6.61333269083385	0	10.015992696546	-14.1899596239601	-3.22275230504132	4.11309366784618	2.44888837749124	1.43616226119228	2.55768813117919	14.7907274339478	4.77410738579094	-5.42968030962478	5.65820091440005	-5.99054491484619	-4.36140805302111	1.66674092831523	-6.39777197487659	-14.9752591377137	10.005390706607	6.70623904379199	6.69692129650368	4.77048066316293	-0.822059083490085	10.7889246062696	13.7990179118713	31.0663580764239	551.86519243337	560.28902096548	28.9265488529703	8.87574718769234	13.6724791855906	35.1366412863504	26.1592997000663	45.1794186662231	109.026195168291	88.7609307763514	40.0858851239446	12.264238496231	9.56008985604226	47.3614749260459	38.8450517593121	43.9380110383949	48.6999850490583	22.2944822306902	58.0069747238379	12.0407505036699	30.7727223878081	-43.0836363231773	19.6654015261709	168.757352568115	-1240.88292622137
725.329	-20.4799733069586	-6.90477807918714	0	-10.0684865335363	5.79337949512783	-3.34032505818978	-4.26587891604244	9.20323086787378	4.95764029552209	1.45371589053173	-0.970856143780937	9.59712083441979	6.84598410147311	9.81436623530065	8.78195017731426	25.0130302858385	12.8428095309687	26.9938052362406	9.71395402371404	19.0701138969746	1.92908238908724	11.7662249224705	18.9805701447687	21.0710762843201	26.211363524099	35.9981703746097	47.0910277282372	160.414760020107	746.007501398199	202.436475141329	16.7872609669096	14.0622759372983	21.7479308485184	24.2496151461118	19.7542001321656	78.143365020071	98.6184826208175	46.9194836025456	37.4140849923964	53.0422316122564	38.707755841188	31.5224252328824	42.2324197587178	89.7892469248655	43.3797982037322	30.881128682444	28.6419368144376	43.5282847063471	64.5226073000206	40.4952137117185	174.17543289976	113.880003535101	568.777238663969
730.072	41.7719852101088	27.7911108281399	14.3698193197894	0.422132842160323	6.55814010217311	8.40281747920903	13.8873212583723	3.30733719685503	6.98391972364364	23.6968566984218	19.2124092965442	17.7686722170559	14.9928735755862	22.9111260698876	21.1310954792075	28.2195629358302	23.0187167571842	26.3130999605599	30.7196932256904	32.4734780094319	28.6311628117961	23.2236332358045	26.8292273076266	39.754306472403	13.8152641811576	44.7691961577482	44.5733556026157	483.039646182876	562.889870146365	56.6706084017593	30.2481140178898	33.8024170791953	44.1646123369692	32.12749623798	47.3669917769777	84.8846636363497	125.222129556067	66.799498339498	51.9635777919833	50.5335874618402	76.0718927277927	103.746684917851	87.1888849179109	86.1265226843662	72.4192296954988	119.513236379073	99.4300521931224	138.40597087148	78.3570622177094	216.274652901384	260.386454334996	353.316679265156	1597.72473761679
734.817	-2.80452016095727	6.4971955969807	17.1850039264538	-10.2029343775492	0.366921275954343	-0.338492952787645	7.62854578893777	8.21587172927825	1.75834445941587	6.18713693445666	0	-4.66813170035096	19.1798728012442	3.9781682906353	7.73845084709273	14.5937489126014	4.47366694197667	14.5319519430808	16.4061127956626	15.8562161725062	5.86452620039309	13.7577037280076	38.4680480011581	-2.66905567034788	21.9236725932943	24.5924938632368	116.873191602566	696.614511500912	213.284106705387	15.964177168461	25.3193329666383	3.16667870608732	28.8501881769591	23.7543140324763	37.4804816658675	108.431978843486	71.8582883948862	27.3136682185597	49.6615909217904	19.4416782223412	60.0627198297287	53.904410962288	40.5827582859891	63.7767985194194	87.9181261075893	60.1797974001812	21.7683015806481	56.4602014028611	31.5647857727052	50.5057966119472	5.04289300833637	9.6167234197645	192.124103333131
739.563	-1.70223308294502	5.56140450309884	1.37244991240014	0	9.65062528341745	-5.13629667028497	10.2893917845496	5.61566438669329	8.89371424893213	5.96086984191088	13.2697802140254	6.68990553726713	3.30253220765132	26.5605030939907	10.1766910633889	-8.54702873608045	2.05707524348589	14.7005357646374	15.1738867042599	13.0326321613299	9.39322003618275	14.3812157537077	26.4061404517042	23.8501690407492	17.4865055806831	26.1216785497137	373.096443858274	518.626782162923	61.5869900970252	20.590454529433	7.20367317875707	38.440980611239	20.6726208711857	32.3160530725143	62.4740561410337	103.773006202363	30.3284126598366	37.3523852308667	8.6430469530399	31.2361718633435	43.3996441789937	37.6995809488648	37.3214137150737	45.5917781697735	79.8421185473013	56.0077026168754	44.0416672412814	74.9636881124914	45.6156655910718	86.2172600450343	91.8251125313243	-68.0980029298335	291.52937575351
744.31	14.3369728190011	8.68681157871865	-4.16138061420607	-1.73861224558577	15.3810379233841	6.22946898081141	15.3391539217729	6.12977567579854	16.4367058233879	-2.71107688300483	10.7293496374136	2.38639316041161	3.3378494380844	14.6424767563815	3.95596940255459	20.810764469676	1.24744414537288	10.9248110853022	3.8340390058898	9.62569445346041	0.999333788620443	22.0369480095554	8.42795599766519	24.5600379115157	28.0189729457545	111.470987657601	594.985999240433	218.989651208631	25.1455736939168	26.115323663932	10.9210637292882	30.3531780371834	20.8936935720883	40.1989421103247	80.9961407953343	82.3421614965534	49.6282526031327	41.8890180525256	34.3959350526603	30.4009439469551	78.3281416606742	51.0304549663799	78.458698988075	72.1619789705286	82.7388843957062	82.4488136210618	44.5126481773684	84.7850330478122	101.427653452752	193.64281365524	149.52253215282	245.808007010286	368.308733215951
749.058	5.7933985197538	-7.74316814267935	-13.07883053013	5.26914244929716	1.51592504598326	-2.4473298841795	-3.67699788692726	9.17395825178533	8.30234425957773	4.56464002757815	-3.38718853280017	12.4557071806052	4.21495271305871	17.2574762253468	23.5787558965033	12.6934037303048	8.40128660877511	11.036462363641	-10.6513626516568	9.72406879442027	24.7339003564766	36.4720576045	-5.20305468436439	25.7299682835801	37.8855903225439	312.429853454344	510.008679579307	66.2433284713245	17.9067231779919	20.1988883943286	22.4739710754132	29.8456963961255	19.4517578138341	39.3407187834732	87.542795270067	46.9360520424731	41.7795433525179	45.9741579966055	32.5412726187057	54.9265883260276	56.3396010658593	28.1817517218689	67.8287354557259	79.9259276519614	66.0420532074686	89.5072172781132	65.9524305091906	83.8291607673789	165.3400258467	244.527297567051	114.590147099462	645.632411568287	1314.65736326712
753.808	20.667389472872	33.6737575252046	23.3287321331532	13.4265404243359	16.9963078558711	15.3231165285261	4.8186127460484	6.3116761552922	9.78445541649567	17.059336666088	24.1669356550331	27.8483702366941	18.0437238764424	26.8035391790009	19.1448032730509	32.7489446711036	26.9737004354644	4.04964135378553	23.6868823772567	35.9937990586998	32.4131509405914	39.5883651768272	28.4447350077487	36.0600333793115	119.840260830033	521.682945752423	237.98954927249	51.3824214863693	37.3520559782346	31.5120624364571	47.8959888237033	47.0892177052964	46.402123570123	66.3994127157109	77.1222969047743	76.2597249169437	45.5900775370793	77.7442257845192	38.227474710494	69.227985100425	32.2610085690369	88.2752280623922	91.6621197790607	89.5221427372833	116.747542324	50.6838650214096	77.9170461445625	124.450390804659	178.018481104228	245.913278542031	430.025084976525	425.211922815322	-328.673156933953
758.558	-22.2456234685037	-6.96434436130975	-15.5120899108697	7.29101732590788	-3.9330293833615	13.7875634452252	-1.09027182691706	-4.99833680229621	2.96178069714311	-3.15809164848487	-4.21822819647835	3.75282799323816	4.37423549768891	5.54345848706367	13.6864958018182	-13.1730866188777	-3.92344680366828	9.6209648198228	-25.1224475971451	-2.12453488671363	-3.66694183104022	-3.44093947749147	13.7446343420309	32.9010507839939	284.259446105489	465.705623847318	37.2794767853759	23.3479220871753	3.02520742904846	17.5398025542332	15.2661344452065	11.8802708515865	22.7638816640922	70.2406915231977	62.5456851547608	16.3973457412633	13.7726649115255	2.71088172674538	24.6127664737273	51.4859126834698	66.3520871658591	56.3534712776918	49.0371088886398	57.4243775853555	26.7725695453602	52.8955174082266	17.111192125499	62.4109337853114	125.670241607678	84.5893226637197	145.947887823732	-144.314329978568	205.937838217702
763.31	-9.19905411124137	-14.7539975012749	2.47228990663929	0	6.01765806332735	-14.4336972221157	3.05827503944064	-2.67059458258569	2.47179118505305	-1.2885277527549	-0.358556731907442	0.425329207111059	1.33854344566644	4.78452897415392	6.34568696194445	14.6965254146837	-6.2253296170642	-4.20582209079418	-4.61257574102136	-8.66827966990719	3.20602044544848	19.053363235555	4.50636873444048	74.9014896539976	495.082525683065	220.933510340731	-1.76864391805731	-8.37948123972625	0.440824957877805	-0.872729981041218	-0.432549324864465	8.22301283387709	44.2487370911229	64.0344804010112	39.5826411736218	27.0561739772113	7.28435846251798	34.2879335283777	11.0931435497049	31.885142505022	8.04124912745396	40.7465333149012	41.9513139559209	16.7354466917898	58.9865319446515	31.5831404113764	99.962518263585	0	-61.6280138567418	141.503913780988	-5.51369967035082	21.0290897156681	-525.152230804414
768.062	-30.3313803282646	-1.10311329119588	25.4532795805261	-5.16076483336099	7.28874795955934	3.36201520685756	7.57690425676541	-10.0471599330804	6.65310981149752	4.87718494984517	-1.08573369431014	0	-1.8014216947877	10.5366347538665	6.83205805449921	-5.93360786436678	21.0948457372826	14.1505663923403	18.6229159067533	12.5772284208964	22.1127662054537	15.6889516451231	46.4960675157671	273.444447880791	460.630500610162	56.0893670457294	0.892595287434745	16.9157519823279	24.0272526338118	7.4876063098744	28.8153403983753	23.5893137746726	73.4060363587921	61.4696784092826	17.3912880372255	2.97919632815429	21.5323440533874	32.9341010870842	39.4838974254203	38.49392550526	39.2296510500172	45.5342835826493	26.0577181848885	14.076680159391	3.30768800374641	115.55999177776	108.905479595917	35.0487458703727	12.4409157051608	254.303089040957	128.001518804648	-63.6774859685678	715.588188421329
772.815	27.2189935587448	8.2680800429078	24.4395352744225	4.2197545041167	23.0663339324494	10.0796213979569	3.36536809369286	8.81627749321071	19.9466165061187	17.8716210477896	4.34016858116485	-0.42903495622921	18.0027429426746	14.4786448568592	9.81482799616879	10.5889794684613	19.7357876650212	27.8117215040164	2.58486863830931	16.941119185458	22.6376738991885	35.9098731476206	77.7808004777376	473.439533089184	239.468292440024	18.5338652987402	28.0988428238543	22.6882594577971	10.2273114729802	33.0125168007363	18.3253551776265	30.5592632048877	60.9854263704337	53.7517100841235	36.639363311051	26.7956887851615	34.6397445762765	46.8593629633287	44.1702408429259	39.7306991572817	29.0655267964695	54.3127546232829	61.0338772000208	66.5871802408809	114.593481581509	86.282932670439	84.828147021161	132.322038153201	213.847454964268	302.88050430769	383.759967915272	148.486163291913	397.295778052481
777.57	1.89367100323846	-6.74929712269122	7.63399744884778	-12.9173173148862	0	-3.80929269361915	-10.3019091525856	10.4953259015099	-6.21903943148409	5.96812142715409	-8.48822878657968	12.6956389870664	3.67394426859016	-8.50611920559589	11.7566207624546	4.32193255797193	10.069046729282	-4.32894689052	0.527512021307797	1.11525527926327	25.8490302695063	14.4503192370125	228.307039126496	412.003522786029	51.2422784298496	17.5278896450919	28.6716260059475	20.8810687685451	27.2238024738948	22.4569754505389	18.6989098936491	38.3095612647314	70.3453612869679	35.4895046371622	21.5689854451942	25.3165812186404	18.7440173615355	36.9993708171498	36.6574479823623	19.3050442263922	25.5196876937196	35.9480415926493	27.4023320165335	22.967165785562	60.7133536635498	54.1795533767127	89.8236478572033	59.5673680887288	116.715182781968	74.599385473397	56.7511238658201	692.630819429971	513.499683091226
782.325	31.4063210987476	35.4084326382803	26.3553409990141	30.6046083153489	33.5424905894423	41.3871797830376	11.3322861992793	11.6719167783187	20.9537231699934	9.4267261126529	23.9831888337036	34.6727973508509	42.4347532879248	8.18253894478518	22.1068294929503	10.0935405898052	22.7719104751845	16.1172669934885	35.887638038177	26.6121438418297	16.7534928283142	61.8356784006276	411.839521014895	242.469538273663	23.6068732731159	12.6458349725314	36.5070362524888	42.405328463147	21.1930312495853	20.5225577230297	32.5489667793842	59.2540084268645	72.3445242955069	33.2280819769805	35.5285739371418	34.446695674772	57.0980984076007	33.5232941635338	59.7993109606418	39.2047337466232	56.7278549958426	55.5129837150236	73.3551397858968	106.887411768741	116.447011449501	79.7702834196206	74.6239485245759	122.985724602741	234.449130995543	364.313312421784	420.663701328321	956.046031105957	521.408242283246
787.081	-17.769948708061	24.0436442639123	2.65319940634809	19.4541520871788	2.15266647577069	-8.7378816923703	13.7249946028474	-8.07695136857897	6.18954977870403	-1.38281560730051	-2.69355852636426	-6.39033664899355	21.5473678827636	-2.80071069477809	4.54002119926363	-13.9694341604752	-4.29484327752863	2.50754588208864	9.3501896154439	39.5359647155867	24.6577808525947	178.647371106156	404.622181719406	91.3436325454665	23.251001814894	29.817886605714	10.9138692188836	21.7716758350421	12.300138971769	22.4782052756751	30.1730693379468	58.0574391638993	55.479432384968	27.8725267918254	26.4869656855853	43.2900454124955	40.2037224028731	42.1384412607578	43.233522179886	32.8764383140734	30.9229716621694	53.0984747927056	65.8000634181541	23.9467478353488	89.0929195952698	67.7884653939966	42.5703423940617	113.864667482988	171.95785343945	33.3347805412298	-201.183574061279	361.086250927558	986.26531246357
791.838	-24.3276175310041	2.34342939708885	-11.1325493007116	-6.47838117231428	-1.2903378686431	-0.3967883611316	3.27885703589998	15.0969498701298	-4.41678713973627	6.21659008792253	-4.99743522877772	3.64805295880759	7.65380054761666	5.59594826425998	21.7708087854344	-1.35055980823282	12.8719404126419	10.5214022320966	-17.5831596884156	11.0360198753254	40.1013522953361	351.569943807277	204.529111713004	11.9934329401076	5.9306255384037	2.40231868339034	9.95510051243428	8.03819234729524	-3.7809601715935	3.27486861271781	35.7085573326354	69.1368480890658	18.7882114117872	13.4425550787134	19.4713647156027	10.5482309490431	34.586045137654	32.0176404255414	36.9316732512717	47.5907419753274	32.3296293731146	3.90048474236513	48.4368834915036	17.9425121765177	8.19790882823711	4.23263934808652	-34.0229976731499	59.9790711464437	237.862847275776	40.7027002155566	-76.8479699904899	-169.093797688814	-816.392784754083
796.596	2.67911647011802	25.0654162006084	-12.4204381344652	21.3209318973644	10.9535764724016	11.7217018379174	12.1457275476889	14.8485140417238	11.9980025382459	11.6098715287592	12.5310524448513	4.64520510837488	13.1569332010889	19.4764611521316	10.1645873984487	11.4647957713485	20.8824985373705	6.63485489325219	43.0994189083649	29.5843904044434	163.400265194329	372.919291762246	89.6825094887649	37.1832599472432	20.6412912435734	30.3449238288672	33.3203222452838	13.9682248835471	8.18454959216411	27.1646706607481	50.5474329268683	46.7942240575054	37.7995200859543	12.226370424039	17.8005563601919	19.3413098583289	26.7079663243886	33.8234059256401	43.9976834961495	50.5277075222904	36.5924901034078	50.0636922484409	19.3840532224415	58.8941944199008	-15.5089410052786	18.6838817577448	50.2544269720342	210.685906706044	126.536468410875	98.0026076798789	228.826538824241	401.918698134055	258.093707883214
801.355	26.5967531471401	2.06074763023472	21.4440148606251	13.5849415529106	-1.13468778206487	8.37419562208206	3.40758018122891	1.14446933123511	17.8664075635221	0.303705503560564	15.8881969644796	7.21799518395476	22.2949222969002	9.02169334444704	28.3181325471062	13.0640983702764	15.5115399613754	18.5044659279891	34.30664323688	61.804084665513	293.195228485152	225.01624831545	19.8267888905551	6.41972827562817	5.21522967120632	33.8005320920877	4.58555572175253	13.7213343904808	11.6370548784436	26.7412764014734	49.3446286718068	33.0507456813344	28.0871255285897	14.7762684664039	44.7821449961871	24.5809373176734	13.2448155338764	32.8480087773816	47.8893741015305	49.5126702396691	42.3287993834543	41.8457493683768	32.7061599398175	24.5437948010005	94.7470740026433	40.9427383165343	74.7972308398999	169.144399289203	141.770827482602	149.679148291574	187.139077218242	793.047757689343	767.424728447447
806.114	1.73457085742218	-16.4859810418777	-4.66174236100545	-2.19111960530816	-14.7509411668434	-13.2591430682966	-0.262121552402224	2.74672639496425	-10.6162711609334	1.21482201424226	-10.8174958056032	-12.4309917056999	-15.5643797167039	13.5325400166706	-1.59538774913274	2.37529061277753	4.61153890743592	6.1681553093297	3.38234510786141	101.644734284604	288.661281652907	60.5085709755833	-2.36033201078037	-20.6348408859477	11.2996642876137	9.29514632532413	-0.833737403955005	16.6319204733101	-9.55900936443584	1.23421275699108	34.2557752762956	4.48837287030468	-8.26091927311462	7.59922378272199	17.1225848514833	12.0585730237643	-4.90548723476903	12.5135271532882	22.5685556110661	11.788731009445	9.47659687689276	26.7538397601097	22.8182511208029	3.50625640014293	5.14929750014366	19.8510246383197	50.8621169711319	121.85671776749	34.8616788891644	-6.50778905615541	-5.19830770050674	-565.046527353657	767.424728447447
810.875	-13.2983765735701	4.63668216802811	2.33087118050273	-3.06756744743143	-3.78229260688291	-4.18709781104103	2.88333707642446	-9.61354238237488	-6.7322695166895	4.55558255340846	-2.36632720747569	-2.00499866220965	-0.841317822524535	-3.69069273181924	4.78616324739823	-3.95881768796255	-4.19230809766902	-16.7421358396092	31.4074902872845	222.699015819534	172.289979625295	11.3453570579219	-7.0809960323411	15.132216649695	12.6034717054153	-5.07007981381316	9.17111144350505	4.57377813016028	17.871191420467	27.9754891584645	12.2342054558199	11.8329830217123	19.8262062554751	9.71011927792254	20.195869312006	14.3775293744882	11.7731693634457	13.5563210827289	7.70633606231524	2.94718275236126	23.3756056296688	21.2658726298308	-0.760608370693431	30.6797435012507	4.11943800011493	14.8882684787397	116.683680110244	83.6628211537993	23.2411192594429	45.5545233930879	62.3796924060808	79.3047757689343	-767.424728447447
815.635	16.7675182884144	15.970794134319	12.1205301386142	5.69691097380122	17.0203167309731	15.7016167914039	13.8924422773179	3.43340799370532	19.1610747782701	4.85928805696902	12.5077295252287	14.4359903679095	23.1362401194247	7.79146243384062	13.9596428049115	6.72999006953634	19.2846172492775	6.1681553093297	79.2435139556101	264.582775675502	74.0544649266621	18.9089284298698	19.8267888905551	24.7618090631372	25.6415458834311	-0.845013302302194	10.4217175494376	15.3845264378118	31.5862918129184	43.1974464946878	15.0888533955112	31.4186100921327	14.8696546916063	29.9747160318478	32.4890071540965	29.2188500191212	32.8667644729525	28.6768330596188	53.9443524362067	26.5246447712513	53.7007156357256	48.0197123899406	51.7213692071533	69.2485639028229	42.224239501178	90.5702999123334	172.03363093177	110.944175877864	83.6680293339946	133.409675651186	155.949231015202	366.784587931321	5074.90546231377
820.397	6.36009314388134	3.60630835291075	-8.39113624980982	-0.438223921061632	-5.67343891032437	0.348924817586752	-0.262121552402224	3.43340799370532	-7.50906984553829	2.73334953204508	-7.09898162242708	4.81199678930317	-4.20658911262267	-9.02169334444704	-1.59538774913274	-4.35469945675881	-1.25769242930071	16.7421358396092	161.386180860816	185.412253996539	-4.53394683224461	-25.9997765910709	-16.9943904776186	1.37565605906318	-6.08443461640737	18.1677859994972	-2.91808091384252	0.831596023665505	10.390227570039	40.3176167283753	-2.44684109116397	3.67230507570383	14.0435627642948	9.28794017888243	12.7321784793081	16.6964857252121	8.33932829910735	18.248893765212	0.55045257587966	13.5570406608618	-5.68595812613565	17.1498972821216	-25.1000762328832	28.0500512011435	5.14929750014366	31.0172259973745	110.699901643052	14.5500558528347	-41.8340146669973	-29.2850507526993	-88.3712309086145	9.91309697111679	-272.312000416836
825.159	7.51647371549612	31.4264013610794	-1.39852270830164	14.8996133160955	11.725107081337	14.3059175210569	7.07728191486004	0.457787732494042	7.76800328848789	15.1852751780282	7.77507511027727	1.60399892976772	4.62724802388494	3.2806157616171	16.7515713658938	10.6888077574989	18.0269248199768	67.4091258805317	215.503702586598	75.08430120521	12.0905248859856	15.1271427438958	6.13686322802895	-5.50262423625272	6.95363956160843	17.322772697195	22.5109099067851	4.15798011832753	39.8984738689496	28.7982976631252	17.5356944866751	15.5052880974162	0	13.0875520702434	28.0986007819213	17.6240682655017	38.7533491546753	22.4200694829747	39.0821328874559	49.5126702396691	34.1157487568139	45.2757288248011	38.791026905365	31.5563076012864	42.224239501178	96.7737451118083	91.2526216246779	134.588016638721	60.4269100745517	146.425253763497	-20.7932308020269	644.351303122591	470.357091629081
