Wavelength	500	495	490	485	480	475	470	465	460	455	450	445	440	435	430	425	420	415	410	405	400	395	390	385	380	375	370	365	360	355	350	345	340	335	330	325	320	315	310	305	300	295	290	285	280	275	270	265	260	255	250	245	240
248.336	-4.62726171875719	-5.15578545238508	9.32303635227154	-8.33331104954443	-12.489503303767	-12.5702897856911	0.787636270355141	-7.09998744749306	-1.81353066001183	-6.99032979556933	1.01523693541788	6.0216627062962	1.26240846370127	-16.4197224398845	-23.1603271643739	-4.36130740338186	-31.8887015702299	-14.1053872922653	4.83234236214042	-11.7598217862862	-22.1815976971585	8.51798120764677	0.472310419886046	-16.0552619204651	-7.83025961578001	11.4180525323188	-4.17394200417713	-3.33147568928592	9.16421968390955	6.18258279587107	8.98354597462124	6.94890802521076	11.9980838088776	8.02972298020851	14.0647279476361	13.9279246883114	25.5491254978933	54.2696984850673	38.5770420377112	60.7796367525927	49.320654116706	146.988866634582	375.402837765609	676.562827132671	978.471282855488	1090.7876529799	994.545063701519	1043.65159028194	1163.94307488612	2632.59633496373	52861.9753727787	183548.052893445	65426.7133853123
252.814	2.07828430511004	-6.17510665412692	9.49130500001793	7.87961279842374	0.906589843174094	-8.36416151835543	-4.40232513333958	4.38899914179497	9.61918289478004	13.8325756020553	-11.7542190215921	-11.5394745696739	-14.1119263230142	0	6.69567489087128	21.8439649688444	-11.0559368889672	0	12.1542066630224	1.22476432053625	10.2645211854539	1.70033718822076	-9.61670014025583	3.29647834488372	-2.08407466410493	5.57148010411569	-3.49940394094705	-6.98271510755861	-4.49019235728237	12.8351709148426	-8.80333533412864	8.32273735625374	10.4059758647855	44.5429791160656	30.5322617943074	41.1477886989239	40.6042425039847	76.2488900873481	72.6061144048643	103.893370644863	124.201745504085	403.103319146944	735.08117348358	1167.66278655002	1317.63741171922	1365.9600722087	1352.624840605	1280.52671888823	2665.44211144333	46585.8594764287	194116.689843375	87096.2119520509	5920.80537231967
257.296	-4.11252991421895	0	-11.0479352499546	18.190966691782	-4.93341505887163	2.89644023400855	-8.7113653115031	-14.9273363683521	-3.37709509517559	1.44063367973576	-9.223542078896	-19.0286904144393	-5.48523288010315	-8.75592570571093	-7.57112509085017	-8.92691412739589	15.4137631184067	19.8491711300667	-3.4358380792669	9.6943038903557	-1.19479634706153	-12.3370292938036	-9.51481154566616	-9.78465682359427	5.67048341050833	0	19.784730749432	5.92177156314442	8.88523785918851	13.1876128426041	-20.8073758531382	9.6877155895945	29.4163569202235	14.5234134936785	42.188114814467	36.8607103546962	72.1968291096528	73.5859283814068	81.6327900174866	116.778015125766	307.214581113766	711.386866707171	1102.67005454371	1233.28141228792	1331.77884585571	1417.73717470705	1419.94040182362	2220.95640879705	34664.3079655548	168346.101957673	92229.778207912	4593.56665335017	6209.55912987136
261.781	4.86866196964745	1.23994476123032	1.12107555585068	-14.7672466458632	-9.55714175536484	-2.09937634231748	-5.68269651366149	-2.75405996898653	7.47679734702244	1.096398897224	4.47627073254263	14.4818460650141	-7.59009842222533	2.96165574695883	-16.8059182392597	-16.2099037509272	-1.51363793745602	15.3712979316841	-12.2026595837445	-12.2964686122126	-6.06202402804575	26.7448111767075	16.4703576694576	-20.4093221215991	-12.031201432971	-1.52555206095405	10.5400630961722	22.5339165076122	7.51348762347259	10.9038248925756	27.0063137599877	23.5931747834729	30.3473821774405	43.1959861304385	48.6235530515616	72.5748276217903	70.8975859204039	86.5925763930207	116.632895568771	276.73429794129	654.658607188004	1054.72458868024	1301.13456897546	1264.11934652567	1345.20699032215	1413.23485320641	2220.73618460789	26698.2089983604	149733.838818402	98087.8826998312	5740.54426675845	3194.93349229736	21102.6510575475
266.271	18.3925869911235	9.45848304486731	16.5333467311731	-7.50978357458864	21.2923919897369	16.6549291596335	6.10089354622758	1.4005586020547	5.06969974419042	4.46053005114609	10.3471693529266	18.1661244226211	6.17582928790118	10.0408668884925	-3.90698799930384	34.4284726136369	28.7373465172842	12.9384327351577	46.0985953258406	21.2611726993838	33.2942550033992	20.2566493653039	-4.04353271066623	8.41542402403069	33.5181160062638	10.3441226693779	38.7967544828232	19.8630832276962	9.67969794793836	51.4178896180979	33.4607222083678	38.494063739769	51.6118538672825	68.227001788806	86.5451286082954	84.035398585912	100.351660007606	137.85204540248	245.33960503255	596.123601603794	1002.24666661039	1297.88001615406	1368.99972394142	1413.43201182128	1453.94029462765	2125.68450008552	20390.4102328065	134250.491567689	101193.172534517	7702.64991141233	3119.87865502756	13810.4757725553	30320.5789977105
270.764	-5.66260030411629	-6.94031793523082	-15.4022082139938	9.66113922601155	-2.31575748069145	-1.28190513615474	4.8193398765047	8.40831524190837	-1.58521696154388	-10.7859815131139	9.52501865100207	0.982532684034619	-8.75425933984809	-16.0748764055762	-3.90929575007963	8.7335007640254	-11.8098103616696	10.7883959274288	-1.77407017319953	8.75977162596474	-7.40309355726758	19.1104078752417	8.09184222932453	-11.7885526982352	21.2939138026223	1.03502326592523	2.04314056120131	12.2306558811028	-12.2342090277882	5.04394713302517	12.4927188583172	17.5076368766551	42.0226880858725	48.6145935704895	65.0816525578811	50.564650023198	75.1578854670281	197.321492991659	472.085616184514	880.271061955094	1228.78688427404	1268.38691082813	1307.37491256222	1355.20486855293	1849.72721308103	15064.9387342615	115337.744692112	103463.827733291	9608.81698315004	2842.85222685457	8919.204233935	27273.2989715227	9770.02173098716
275.26	-23.5574846168697	-14.8225184861549	-3.90878104996504	-17.8631823210471	-14.9610160689596	-16.7308768456861	-3.7739976076469	-16.7356137601135	-8.37927702194896	-3.27663647414771	3.64841797191577	-40.8752116459496	-22.1792696761199	-13.7682826696409	-13.8717296613409	-9.9737672776478	-6.031431670936	-6.86426926494746	-17.3658031001661	-20.2116964117725	-18.7205137874587	-7.93611825121658	-1.69732381094473	-4.39597546362423	-2.605491033518	-5.57233066731107	-9.499832184317	-14.4664037386693	-0.997972854890321	27.1554681126196	31.3055263450655	40.1510971067842	22.7975221950807	28.3498595007663	43.6993897598419	57.8381531010625	123.596995263918	431.934644236434	763.140743001456	1185.41347657473	1238.41984945147	1279.43133642118	1294.34171927274	1687.11510297893	10761.3190592448	93554.2736102191	105039.997106132	12650.1318013567	4603.88780864848	7130.62144735914	23074.0524345519	14927.9689222383	1302.77603826256
279.76	26.9454740230596	9.00695215137026	-2.17159650017501	11.2377258296476	2.64468673846471	6.91326922556498	-0.30577094262096	-1.86717785036778	-2.11211062868065	-1.76983016858358	-8.67082847886136	7.48060819908949	-20.5835222408839	17.2107612763139	3.25541601903099	9.69694802918523	-7.33003861862235	26.1816475764441	6.75352794825139	9.52762481116819	-5.28414123611974	0	12.1015769720549	17.0958653522506	13.1725168919474	-8.37276599912256	7.29171069304805	9.2149296112008	22.8014480403283	47.0431633399454	35.1923763518766	49.5099788892824	43.8477229941133	75.7982959740549	66.5451594222072	106.518033733942	386.249765311596	728.06917996092	1063.51875364724	1218.4883209257	1192.26510597755	1195.92410707142	1513.82583571483	8318.97691180732	75578.8657581893	91067.6638506538	15385.6812828199	5737.99210636629	7100.50102741739	19974.7131811106	19905.3066041489	4352.93951300562	1957.50029366078
284.264	-3.84670542023599	6.85771898827122	2.06676441484259	2.4307349084796	-5.45353596668917	2.70922098560987	0	3.04635656920984	3.73313604160483	-4.71630048899789	-1.87551162828718	-1.33490396575847	13.9927636833583	-1.36499379432634	20.3600167120351	7.47096216343286	15.8126902229387	5.37441655152404	-20.3537714842784	22.6692158466211	8.94053962925181	7.86790366226059	9.9468307867844	11.1860210802677	-2.89306711558087	16.4058946732035	19.8938330040498	10.1548367099803	32.7819483324558	21.9292370107916	33.4934925120502	58.4468290938927	79.7933582757467	81.5079202900902	109.127191452352	314.934456880284	616.485299267802	1008.72817660106	1150.84115652867	1201.52727501168	1159.23993106539	1304.92360597372	5637.22900061602	61244.9604647722	71961.2131053107	16801.3711865328	5740.96603911185	7148.75553900129	16480.1915271787	23257.4652636511	7149.58999846701	3307.65054643762	1205.47287337207
288.772	0	-1.62080414679432	2.44237212092898	-11.03035985322	9.51824581864448	-6.95201719370596	2.47606139733115	4.31999097813788	5.15816120627997	2.22937084566158	6.02850358898563	-16.4060571922888	1.3228614028594	0	1.67375210187209	-5.81656381012355	-9.23330084660516	-5.54281942746168	18.2294952610888	5.89359158967892	-0.528268354625424	-10.9094109335566	10.8884147541925	8.65239431554501	9.57276502619971	20.8276647371328	31.4915005117742	18.3278026374663	40.5947813817977	53.5568240042784	36.3712717918827	50.1150250166172	62.4296403618797	86.7995514202485	233.048505520013	519.578121486647	896.367114015603	1066.83139186783	1099.54314669326	1066.0377516417	1115.81131201343	3700.26407655113	50296.7527370209	57961.960869438	17810.87561901	4371.60422399658	6249.88591959809	12837.2567659638	23586.1873710361	10901.5004681554	4757.04392485979	3210.12873748921	1579.95765006386
293.283	4.06686601454752	11.3931880358124	4.6822557267816	4.84601132094555	6.84276270976958	-5.26092118422486	5.53798142300474	-2.76060888015395	8.58753558462623	5.49503018443961	0.339917796111735	2.82261050844636	29.164563520562	19.3790028082231	14.4393267662674	2.78772417363888	12.2221888348958	-0.442754296536061	17.9592074561712	-4.62214069787034	-2.53184957722737	-0.950652765022671	-3.79529258026113	11.9798242302881	-0.436949658206813	9.7697591235745	-1.67700419596034	31.371528012824	26.7781476725463	33.1204643162166	43.4769156517644	43.5212394161491	45.2968643047136	189.750195668226	463.55194149355	806.283729293578	983.575590326354	952.37227568846	1035.69628707914	1039.03586626879	2440.80091322071	41269.6042107636	48141.422424393	17701.5008435133	3093.46240081307	4753.18171381611	9488.70544858613	21677.5583682856	14284.3212597981	5946.4200812695	4366.36917117239	3146.765300708	1911.69954204931
297.797	-6.74936556736129	4.51216502372938	-0.453288822949769	-2.98544902499141	-4.78434190467334	-6.79079176186717	-14.2968416776443	-7.34949426740715	-1.25963434964249	-2.65986728376558	-10.8594473278963	-16.0050358681799	-6.54705899060939	5.18915688501032	7.37764792251221	-6.55421318664938	-14.6883621991937	-4.28630099771877	-5.63879843087705	-12.4296969873702	0.980432664694391	-3.22114178106935	1.37783245419756	-6.69095698907885	6.34515950690112	-0.822443167128882	10.9586688369338	20.2471683690562	24.7087214942666	31.6630977609376	47.6490217082826	49.2875188049716	125.923231269799	365.339265444519	713.748909049672	923.221895730292	972.7429639628	937.21362444442	907.267744431417	1862.58893885587	30489.4568700736	41993.5393357369	20233.6542475804	2156.28729877141	3034.88277790175	5976.33916607366	17426.7627335162	16643.2360439402	6840.75166691472	5281.48608546726	3994.20968792357	3422.3585241105	1922.82065609239
302.315	27.0555388193502	-6.39829440667071	11.1248309706607	25.1212515613633	10.1161506708404	16.9996114654743	-0.250628516089329	15.5231647319261	18.5487289981078	4.06185013600148	11.9529171505281	6.13156278458931	0	4.70232992326042	8.76739478789485	-0.378486195350786	15.2206384889282	11.361216383185	9.22600576720092	23.4282673933381	8.6624089618406	14.4557351017653	22.0927428387477	33.7183338365898	43.603262551907	28.2587106843723	59.7673086620514	47.3063731660749	53.2848367445397	50.3633583384443	68.9960789886122	134.230780393908	343.999711865893	623.306241802449	911.312252022032	946.213336313633	950.250632674286	928.530145174617	1474.09354923959	24965.3039839373	37965.5929359166	25321.9835513544	1694.41167792211	2074.94118677991	3673.24196419204	12324.5441799161	17542.5039793825	7585.9881626951	5755.55927469642	5041.75754486039	4303.78087617676	3842.39126589765	3775.26269396557
306.837	13.7655613488301	6.38054872797516	1.77503619776629	4.59278925126979	-1.8014452700847	-1.66200617830796	1.99946718032961	1.09014867692408	3.45282636004703	-8.96915158956337	1.93293498124888	-4.9680774702239	10.0147126374514	-2.34464400224363	-3.04107074987854	6.79385634023174	6.79034759070958	7.55313735552235	-9.2004174269993	5.84082226504674	-7.19865313182116	21.1729743340347	11.6901670042116	-6.98697475105016	18.2211663713849	30.1932161891133	21.8538994468392	40.0394290429474	40.8441512751958	48.6541856328765	96.7930782368867	287.173158301368	588.021955065131	853.311249012346	912.55040875365	917.51325033933	930.309208364109	1249.84036564778	18188.2971089455	35236.7003672903	30602.6903276506	1617.01714579585	1463.54739669044	2244.6119017395	7537.13648804878	16248.7763716035	8589.36761859789	5440.93699795724	4994.99995606658	4568.73006207018	4356.2715581659	3690.16784678485	3223.60314784214
311.362	3.84948655613527	4.4117209683248	11.5231554374334	-8.75697231427945	2.51883638199539	-2.32386833979495	-6.73967425803462	-2.61305062249084	-1.47791277407142	-5.20131343026585	-8.68721578344366	-1.14503064872522	-7.60156361024585	-6.24448307859245	-15.5657927366213	4.14655460539405	-15.159243562325	9.63903512927888	6.89159337669131	-2.91672070719336	0.958607524794779	3.59935638441705	-11.2263408974305	23.9873753145144	7.44469400301083	34.5778044693937	23.8104909917348	44.3440519511124	49.5055071539859	82.6859703845579	230.612184188999	516.491660109834	827.618745953748	885.582941075248	900.532357935202	886.338376667768	1108.51385196545	13237.2223072706	32888.1818635923	35215.1754543946	1846.82662392557	1173.51713496728	1581.15321791466	4654.5832891191	13560.2887948677	9386.84400742532	5035.46212142999	4883.38219954955	4492.91771229035	4327.52920979479	3974.59118031624	3553.54290046103	2961.02721320336
315.89	37.9066360055956	-2.44848201552572	5.31301088056007	-2.49946649434506	1.07841162143485	6.9645676454533	11.2214516714316	4.13315379127007	-14.2720688829384	-1.15468067745492	1.92854369199417	-0.762583210704011	9.99196096684657	-8.5774970684479	1.13781073894366	-20.7118446645597	6.77492111196089	-4.18665441789765	26.6205955076445	-2.91377647064907	23.4621769113565	15.7312884414394	-10.7664083032136	30.9342632163431	20.2456541542087	36.1495469971217	32.9045972961048	51.0232888740526	72.4029026843633	214.140141658218	452.61406676185	793.561538702889	906.160805602992	856.590895595415	859.964761034417	1008.03000249087	9543.28921533357	31125.4608529943	32871.7333481478	2269.90653937665	990.346014262323	1184.72782720572	2686.83828122736	10503.2887955468	10122.9820141903	4645.61472452981	4498.31982186374	4480.56475825435	4273.91290489127	4137.48465547858	3822.23865417247	4133.76819933539	4084.90996728676
320.422	-17.0577782930303	-2.45240128886495	1.33037884785539	-5.84142388268447	1.08013782970994	-9.30095439367128	-1.99811800798878	-5.66494802501233	-1.2323201823003	-9.83049623853739	-10.9459073145608	27.1150375258316	0.400318202020714	2.34306191634193	-11.0164429286268	-0.377181782078231	6.78576569547064	13.8380747188471	-1.37913139481019	-0.972813512858615	-1.43875914518243	21.1586875322179	21.1179656636183	17.0192591850976	20.691899260258	30.5751474065083	29.3835879148448	76.459361162729	168.814250292999	408.968336532273	732.256377871422	895.935636719727	873.369236247784	839.06596541121	934.931627346519	6779.98169519407	29330.5388441006	31150.9585642207	2952.18185237112	862.261084089268	949.222269565075	1560.38470604594	7354.81431593967	10547.6496328796	4742.47493976635	4143.66182046738	4501.24557352714	4508.52937945359	4278.53957164494	4063.51902911241	3620.3478510709	3310.42180147626	2563.03393253547
324.958	7.94907244672131	-15.6895639269268	-23.3373693958613	-8.61089571854679	4.08675172815449	-20.2231658262804	-3.86589499687331	-8.76828861554024	-6.8666509063879	-19.0943177820332	-13.9524279208337	-17.339324941953	-13.2185239913891	-26.1922929356432	-29.0069962352498	-8.95171386771388	-0.411886527138754	-6.4905371236834	-30.8336824030724	-14.5554368579799	-12.3718458154198	-11.6133769741396	-6.49097453000591	18.9126760362614	15.8000958994678	26.1530994056242	53.6749994261307	139.397627696235	369.245238290934	682.976037795735	837.370961577593	930.513617525493	840.695226036666	851.707072387587	4633.82876930626	28563.2032848901	30228.3506673437	3909.4599962543	795.788940903966	832.399836201698	1028.5160564604	4564.04086663331	10262.2804605912	5034.92043853285	3615.32766370167	4000.12795470863	4325.67013004181	4221.34888175255	4056.15400691399	3895.60166080845	3613.10002891505	3299.16140488338	3299.85163699137
329.496	1.73301659215738	15.447687686854	17.2256847579152	-6.13252625742474	2.64591967914903	2.44111487985729	11.7995203908806	8.00592137149988	-1.03498544564283	-4.24957261246789	-3.71780176236841	1.2028010824152	14.7093701310221	0	13.1606707840122	0	12.5716385976171	8.80465658455243	4.34357769319707	25.0216746823062	7.55229239748855	14.1785825558298	34.4348167398241	33.4441066518728	48.6596597840968	56.5953122050076	134.230025007117	338.546599076314	654.824511686357	810.123378368605	829.921310611214	963.853476591573	860.284320520925	3363.9743227426	27517.3262656546	29066.31865879	5454.18107374006	771.83864073783	756.799735281193	819.776367883043	2581.62109590324	8749.12194189389	5702.21327846262	3030.58264793919	3442.43411709404	4023.83380740563	4188.53170504322	3980.1150305998	3843.10259958066	3637.9950529305	3629.18444365382	3544.70369599333	3702.88147918528
334.038	1.16275660058499	19.1743787511656	5.15400467337733	-7.9352613999964	-10.271165625433	-6.66839213750848	5.80566368429644	-3.91353794789912	-2.34365732739298	-1.22195316878754	-8.84390856007998	-5.64908283549439	-4.22963979712609	-13.2032406600088	-13.6464709284839	-2.39111247229244	-21.930641141475	11.0764294675922	12.1429007464362	1.54176754706594	9.62761000759494	0	14.2420833303132	23.0538835854562	17.0526942105246	115.191996205277	274.797293654115	599.396800379679	807.662240194583	833.963796594045	807.746247059388	847.190435177774	2408.61389505933	26571.3061167055	27634.2256009841	7012.32736133069	725.469623564026	699.688345218214	731.742774581647	1484.58977824124	6696.29731370233	6595.99998154598	2547.17445402172	2870.09349130596	3354.6661921264	3747.45506296652	3942.90783962887	3725.54721486903	3472.3250885312	3491.04025893019	3165.82091920761	2879.8648430505	1888.16305882422
338.584	-12.7604969295681	-3.10210802139215	-9.81651888128568	-23.3104517889723	-13.2834260166208	-19.258227287099	-0.789835294341616	-8.72750915890316	-10.3919651861068	-13.714916664309	-23.0762851605128	-20.9333791567912	-29.53843707748	-30.0496563576875	-6.0064627078501	-8.74696772181702	-6.31139457993105	-18.1229846689491	-15.5066685295828	-16.4071712910362	4.54981236695098	-18.0326103563268	33.6276644463824	11.5000621860324	65.4343428260808	218.396830438927	524.873657008494	738.729298760061	776.120848692447	781.18035958523	773.922989481003	1774.04946026494	25895.2826569759	26451.7082662466	9246.93215426155	689.029315794214	614.890963780544	637.356159525042	893.065001977131	4600.78673847896	7044.64501579718	2394.2046241039	2054.0629141595	2712.92700477346	3098.69937220598	3424.76886690015	3490.62616770651	3397.22796975675	3111.7357928167	2907.86170307468	2808.6610668641	2127.52232157064	1189.74319747495
343.133	-6.37439549094831	-16.012855097189	-6.5383424108593	-3.51533098154381	2.27506977524829	-10.1450228579181	5.26073821589896	-2.06514542510659	-1.55736480460059	-6.39442308016377	-7.1199622752691	-10.8592835613769	-16.4420321449171	-6.58018412191752	15.2024133280109	-32.969650924135	-1.2611209539555	0.883237043838187	2.90483312974165	18.44113504095	13.1318447255609	29.3946372495923	28.8648699380672	92.8352610696879	231.860907729312	471.134928762375	723.861904805158	774.766453964163	766.227492612308	785.006118844493	1314.87124959591	22807.2382646075	25920.438585067	10933.245034968	688.700422709143	609.324574351	618.264881330812	726.693227453296	2894.27733686704	6932.98153817766	3086.41092661465	1452.68397020373	1999.53907702045	2586.4772675654	2959.50270338622	3186.38248256077	3128.77756746335	2970.75995325759	2880.32130681703	2679.95999866914	2806.08451834431	2244.76149728927	2228.72208128833
347.685	11.0556753040657	0.51867155874281	7.9721213488235	14.1192480285276	29.6977418270578	7.37665854544043	0.528240925772023	1.38243504547869	1.56378020039229	6.11501353724619	11.9154869823637	4.84622986886045	8.04321802630993	-2.89068958428808	-4.82053832358253	5.18519344380193	2.53263201052142	-0.886875443266098	24.3066606290882	14.9165538260108	21.3003645167239	38.5608668941168	100.730498967604	213.662319620751	450.315222979509	676.004780659429	736.081535884263	759.943914512509	760.164686990058	1079.32055380135	16752.5368655827	25728.6804092644	13838.1175875123	679.393416505042	596.030998740212	644.995123360224	663.813844843999	1747.04859172793	6002.00709481279	4148.90521741568	1275.39937401707	1415.82710958679	1974.07045164637	2465.59810412776	2767.35767451338	2898.30471613021	2813.18505891861	2810.76071078964	2718.88947517798	2487.78179190125	2608.15362858233	2523.2927566001	3282.25782241053
352.24	26.5454399450051	33.1267418148683	25.672282223358	6.70963024055156	8.491750878457	19.2300266192563	11.2459741102904	7.70820335647792	19.0240375878208	18.5979217784925	16.9116340136302	39.7136896338572	21.4581355236392	5.02377757367537	-1.22174701830378	22.2397571023013	37.2293825248359	17.5324649952645	43.8622634370545	30.2443485552504	44.2162529173528	82.5284368937074	206.646548418292	418.244468610485	660.161091426119	748.291976256371	761.127233512137	748.759439335171	944.399199004867	13659.6181817741	26120.9127592595	17593.1664619864	819.841749724127	571.954157582129	641.0039885956	669.037796749927	1113.4227408727	4730.64449458444	5095.53672087989	1498.52350441292	1160.78040144738	1454.25763899383	1944.5910974371	2402.03650034491	2625.69181691483	2805.21821787506	2767.94793506437	2591.30457335812	2454.853682515	2578.56432314896	2612.24958226418	2628.85242559605	3100.62762109671
356.799	4.77178063694572	22.3306072744661	4.80710699407543	14.9256872799844	5.85435283055008	7.92176356731805	4.60266938624674	4.48751480716169	4.80901103845092	0.313419660826979	8.72454064049268	15.3173380467167	9.1128525689635	6.77301768214725	-8.23574893267845	1.6354618255595	14.278861804517	6.36384332599826	11.4615126542224	33.2177230826391	45.2288772468738	131.272228836832	401.825859203257	647.603526865472	690.396661829104	754.450554958327	731.30104802905	826.243651807477	10346.9399810699	26669.4593845585	19342.2205788911	929.042622240822	527.337639292432	609.271045726629	666.277425697888	805.281186795025	3183.43628615391	5495.29842670682	1983.41100144817	1064.91594741674	1142.41720104442	1423.00691739169	1872.03209239654	2179.04722981393	2418.9098289273	2463.66349395215	2431.18227850098	2379.76426455429	2227.7482911302	2194.02968595024	2120.60475639726	2525.24129245439	2880.28865278379
361.361	30.631962265583	12.3138323948883	17.9101684817761	16.8514113878703	-5.89512545308219	-5.43881909021994	13.3589122645965	12.1293248743001	2.9593076218704	14.2021111996893	-4.21694528511448	12.9228238819906	13.9829622903478	17.4767326295832	15.756902884168	31.2901878951817	23.528138554222	37.5335337193094	28.1006449636104	48.8462577605632	166.470710492404	317.935496646995	702.820276607619	738.331868136905	707.853230057082	743.896034977331	790.139265416775	8073.49433129655	27155.9304256987	21241.0519362717	1195.33807985865	502.137842193167	600.179095560332	644.672764263685	739.378703911233	2082.1831343662	5297.4408384729	2832.89327599828	1078.15784675853	1091.94091795502	1244.26820794737	1451.46192138879	1799.67239438706	2093.98874923988	2258.0264074593	2302.79078654551	2238.14256131657	2199.63791635575	2129.64987963655	2216.0766452887	2270.52393608199	2336.93129718743	3567.68521767659
365.926	20.4836614738762	15.5735431473269	20.878074035987	7.30934683615049	3.15366682891591	5.09173063527996	4.37541277746883	4.05545329544529	6.20653621809478	10.7632478860071	2.11491053671075	13.7985579601713	-4.38301784271946	-5.13075954782177	-0.415921424814654	-1.2389103011949	14.4222088240245	-11.4780904092749	38.2530337541508	123.553623019161	293.525983233599	532.3319388535	849.107963556461	659.360661262036	699.593149550964	747.048359382993	6606.91728338598	27194.5007972936	23424.1934305576	1480.69793986053	484.443835298384	536.028607045558	595.547673138667	709.14835192458	1349.59491333999	4459.9702262563	3657.55675450594	1264.78017182181	1090.63412184455	1173.33330877261	1275.07042902335	1475.21026143559	1743.30315374029	1998.92791580075	2137.12312577656	2158.42190346442	2137.32984291908	2102.01239883138	2080.38455096518	2110.85252360091	2082.24606054703	2302.76161335818	2445.79112339941
370.495	8.36594151586027	22.3715893422488	14.4477875958184	-9.0624724410767	-17.2042844881522	11.1829708877344	0.271242141076378	-0.946473785830798	-1.87360317564147	12.8737893315087	2.09773254808392	-1.2442256001434	-6.08638457233606	9.32999073667445	-3.30034540992395	9.42116393905792	-8.66973755821003	16.3942007615699	70.3930073813144	206.539144224635	485.930885146355	592.053601360835	776.825193409962	632.678866409312	685.821193319409	5498.80997215196	27072.4369506498	25032.4263795469	1986.94294620866	437.322515130166	468.274818533772	586.15141772998	651.405726172473	957.498946861972	3326.14898566078	4341.24635337442	1560.8836361293	1126.19921671238	1187.10642395109	1245.4949004213	1365.31613542348	1554.76858556548	1807.81242884735	1949.14848995908	2007.91783712994	1984.30258704644	2002.36559569753	1881.71405510785	2015.38706366096	2002.82308650398	1963.1424086807	2478.66366213464	1659.84384214287
375.067	1.19101699607681	3.71575236725174	-3.35953607028988	3.16093756741866	4.67591232889769	0	-4.05461476672851	-0.235803242883658	5.60144457848547	6.25826158158842	5.22626347338918	4.54644286844365	9.09812342029606	0.42262940126107	-6.98907183331204	0.816409210261996	27.2155853637395	48.5593316684474	152.739005125055	395.862744454795	558.478303237886	591.475480302953	656.470449949291	639.000258011709	4202.86598337154	27310.0709853284	26473.3687439438	2536.03531418197	395.847948090807	464.247838482723	554.107987405676	626.637276777848	798.247130913327	2407.90862805764	4664.54893986914	2230.78051431629	1172.06747961004	1213.11477823499	1270.96265270595	1385.19083325255	1525.96902738232	1654.78056545694	1822.75154722332	1983.99227329886	2010.55395688837	1991.53616071645	1930.69913513127	1805.84757674307	1917.36859530321	1801.36235935997	2235.09594326342	2255.77449747035	3435.4910245924
379.641	22.9465558072341	6.13620023956919	16.6438319902905	20.0099159224686	6.75658388324113	14.1987491356088	16.4047056497839	3.18014822888839	-1.79865696074215	19.8946913464305	9.0621940883646	21.5001934131411	19.198173623007	17.9135614204259	19.4060084839374	17.3021522977238	44.5277204113705	133.339344747668	309.609055199951	483.776445714812	553.491822956682	605.918001345313	692.817966264154	3648.32067631527	27061.6279580279	26307.4367727761	3024.88562598737	366.760932027612	412.725915349978	531.838066672752	609.92091510844	713.516056044953	1618.35666253582	4252.28587257226	2971.6529777992	1271.32035989899	1242.61421326777	1310.93965169654	1412.36463367919	1552.6785951044	1582.87644431474	1677.87081600299	1903.15698484729	2008.690378196	2035.99436722375	1920.9464272736	1932.66741221082	1999.7328393625	1923.22536546149	2142.44598044914	2530.03045779043	2143.52945895486	2500.48800548419
384.219	-10.2473074625889	-11.6714780544476	7.79972854830698	6.04359303950274	1.86253488887902	-0.687346886199993	-14.9877220650122	-3.15592815388425	0.509988100556486	8.97416952893877	3.66388661216042	8.29750735849342	1.24251912611081	-7.27246283087085	4.71629679673695	47.9990133133365	98.701631138173	248.161411440579	428.058760961079	484.621164007012	519.505338178087	539.356499907412	3459.55610050267	27568.2586984569	26876.5059132933	3827.63414585518	380.0067649691	386.920589471488	460.421665969695	557.807777281108	653.102978225355	1134.94264100816	3464.93906941642	3637.55828282915	1467.37253589703	1276.71729575503	1325.99941171906	1431.92418337246	1533.41560206081	1644.81595289801	1718.94145080919	1834.77872737731	1926.88543327941	1996.84690295637	1977.86614055031	1933.21765378381	1925.31923074935	1973.74671958426	1981.89676537605	2033.13096333454	2372.41359994124	2244.29810839774	1994.88654336355
388.801	15.4090356875086	23.0555797513316	9.75738441681257	-2.9210930024377	6.12157960454069	0	8.24331213575834	8.28061964079816	5.42291622992233	28.0494866029284	12.8792181310349	16.0419740536101	21.2196328409878	25.3864824662325	23.5554680739245	87.1403592545742	197.611309245201	358.159322736894	414.253168873924	463.606117011399	506.029645071538	2153.96526797236	28226.7200326205	27414.6205666242	4410.84681011285	363.730781551437	349.074912728584	427.118885849272	536.233522084029	623.924750934198	861.727610578238	2546.20481850718	3952.12760798818	1813.45530499162	1234.88966909461	1301.75316896194	1358.94249773541	1498.89266765718	1579.31661554498	1715.20266483039	1829.50667321901	1927.20890240809	2057.55912951288	2019.63540456183	1974.73579839075	1995.26917155634	1903.90904727932	1998.08324125123	2039.8804665757	2182.3727156281	2461.76147161663	3037.3073897477	2328.19692166558
393.385	18.9572336245392	23.0000776014059	15.2780619694494	-7.98605637904442	15.1608059254058	1.90735891604167	10.0390386722716	8.54905533857292	2.35865948281544	9.68447892915511	5.23761366086599	0.73095989022138	29.1159268526597	34.3820709382566	61.0751247402057	145.467992056054	276.566895448493	341.910955021739	391.548970840181	486.903586254296	1717.44293392645	20556.8934647903	27017.1717275463	5415.35891703545	333.071932411537	316.089314234722	388.361071527437	459.881402160901	560.51292205863	717.0967489397	1668.46210299841	3742.23702488536	2328.15034031301	1241.60745525419	1267.26606560769	1314.51010381084	1422.00658780512	1515.96529155538	1639.14888744908	1743.84457857411	1838.11012862503	1917.26084460551	2030.52522082661	2038.7914745917	1981.56576054888	1914.87769358121	1937.71030651023	1916.889753153	2051.51869161439	2180.21154557618	2592.57864724762	3005.60663258389	2295.30138996467
397.972	22.4282674800214	17.7201917549999	-6.9836952031492	11.9821474299586	4.00240881879999	-5.84662666938781	5.09021476694174	6.0551668579403	10.7308393609257	16.0705245838591	12.5257695874186	17.6890351219136	17.4295218922742	45.9429115670481	125.982057389328	247.380945224021	276.218536013119	318.147058291508	358.57397078162	1157.56658566781	18265.3622351091	26176.0744722941	6831.6320886646	346.853125110833	265.2886833371	315.66080255202	435.518979758135	520.393502821483	630.674023719479	1183.0563037451	3178.64712495997	2791.76152697705	1286.69177589472	1211.54625197877	1292.16023860232	1382.08188181578	1448.79722668588	1559.87172673579	1677.0130263061	1781.10869886852	1874.55930928261	1927.31499518477	2033.30362007377	2008.32815781076	1984.46516185208	1793.36449882449	1816.28415441958	1852.31865015534	2035.0841973358	2360.22661039473	2651.81388818573	2752.13066635935	3703.04558390708
402.562	7.84124210781905	31.4527148026396	8.29425685691316	24.1550617531338	10.5822001394754	5.62117613369969	4.00412623974924	0	14.7072836599472	12.3606659846857	14.6233587542083	24.8301206849926	42.7849168881689	108.863166259501	183.377812072005	262.364971206614	283.698434354483	311.481237324149	786.531036027426	13800.5041097683	26784.7116645329	6887.59456562894	369.368649646816	282.562526565366	313.29494378628	373.000836640056	459.395107005023	573.011700642811	850.590752982301	2449.83683999101	3140.4960617943	1458.76994974289	1158.20313406435	1238.23408429844	1311.97271980642	1387.39913221965	1468.6965550645	1573.11624887522	1707.13503427027	1781.42483126387	1875.67305535459	1947.27553859271	1989.73759207396	1957.65166101229	1937.64502346099	1871.57940650303	1835.08203479661	1918.23958847066	2126.23518724077	2260.93260633524	2792.16283915935	2797.20669934732	3685.90922174338
407.156	-13.1220254112508	-0.433209398484245	-14.8838063846456	12.1613269634909	-0.636010457197366	-0.880171043953605	9.04464118370833	3.27150690862975	7.18362801477976	2.2983458051498	14.2173675952036	21.2504802467757	92.9902520022075	159.004633039782	189.233853677627	251.187713509868	263.358220505965	572.224639017485	10696.9245327945	26895.8303965986	8020.63015254441	393.245260785261	270.257448393585	290.233380331337	342.123210229845	406.49698652187	488.891197037128	685.813083619366	1761.93164288931	3184.44277457378	1798.5609663523	1125.84764734629	1178.46482687856	1300.37417213473	1359.40921179295	1409.40611012652	1459.78193736942	1560.90726038557	1666.07702900551	1793.38039407538	1878.66573684355	1950.69962959065	2008.37580596261	1982.65700986556	1873.01214991095	1860.18625259697	1807.2318008507	1951.25547802068	2102.68024260461	2398.17047046452	2580.84114552803	3140.4646261731	3011.42602261575
411.752	19.1196336931377	12.7820817461547	4.62268315381428	10.8735347213463	1.56381988397727	5.48254101190296	4.77323297642233	2.08196810233791	8.56391509231838	12.306977566457	26.5677795665291	59.3832136517784	153.356691841691	186.575239970267	179.18515438099	234.924693210758	413.665390328725	8032.46469241845	24959.5705904008	9276.2418568867	438.686245917269	262.796117504034	288.051000427649	332.456205032614	400.114527298811	481.923426451245	590.866370466131	1226.50650533721	2929.11776999102	2217.40575205561	1137.54704239197	1123.50597436307	1218.53241859325	1300.59515923458	1373.68887627195	1446.02829721694	1511.24391067153	1594.25952060439	1657.74515438662	1802.83435434637	1879.5771736835	1931.03647158251	1960.80127287675	1997.11553269576	1943.53629840925	1888.04754219369	1954.44753162089	2030.47836375498	2273.86518441257	2571.35347895641	2774.92623442513	2588.94070746482	3635.85592037887
416.352	-0.470450470986439	-21.3867524997629	-7.58293281777518	2.4971340833073	-0.307830082003765	-13.6321343309485	-13.0260913052195	-3.53939732810371	5.05729089165355	4.44961223304366	47.8933519833675	123.749714925052	157.440443766741	186.63687698124	204.939600999017	333.445133115728	6110.16789280765	21833.5838702878	9745.44419489775	497.374957000987	208.297324099986	259.420265644797	317.312663759536	369.372344359396	444.752875645306	524.539196904497	895.912572706787	2352.3326806256	2599.32890072292	1248.77670808932	1092.03549183193	1155.65243986794	1240.02721342193	1342.29456162456	1371.68057247049	1433.41250694219	1489.00232947859	1559.34801604197	1677.31448746362	1789.27300557924	1838.09775224525	1945.82586981474	1920.57923434477	1912.79478482572	1846.62630167271	1849.16905823406	1926.05235160727	1996.96585935483	2188.7663394169	2432.73847317001	2578.71503434704	2943.2165542943	3136.21330146053
420.954	-9.21877056182283	-4.10869374073683	-3.71480751662385	7.68945582263899	0.904818383559961	6.1217332755561	2.30147399024479	5.11049363939261	11.7682165568763	27.1266888574069	97.0862192875767	139.482778340613	148.221036479393	188.751567529435	267.303666689668	4360.25645388898	19915.9693784752	10003.1828103412	578.796118354385	223.693921170722	225.779962768647	272.276590562785	358.698335346584	420.759187560926	497.81391279565	697.264728859317	1767.90373324145	2714.28722918792	1512.06383312648	1059.29600561535	1102.82249574359	1189.61750088626	1265.07020177742	1355.56947305131	1360.40905093414	1415.89989961656	1500.00871262268	1533.64172434334	1621.88152077396	1742.7505327305	1840.23771709966	1867.07309630979	1919.97706314934	1875.51897134593	1888.99051218437	1911.77555823511	1933.66098659833	2111.89753968943	2380.11163004453	2500.39218233608	2816.98761065326	2765.1996958368	3072.80283921056
425.56	42.9598481415378	36.6810099163565	22.5956129389584	20.9169752210131	11.2439752040635	15.8334603092116	11.289434730171	12.7133291484539	33.6232744498443	74.8489028497295	130.700773842965	160.066481218354	190.814639708113	263.80479973852	3233.06021570751	17575.0596761599	10527.1679009562	711.295047681667	214.968594644077	236.646271471217	275.500492036358	325.575637709666	410.986679768187	502.808278386462	615.924049507558	1306.9535183149	2592.6588047619	1801.08366808903	1081.22467827542	1103.68289808048	1140.67831478136	1240.90943849616	1275.72144128358	1358.64227235188	1359.72932273628	1421.75178393007	1471.60042021943	1543.76166550173	1612.70809774519	1712.97442913108	1811.81253226319	1896.15327601183	1893.14032883535	1935.36060113969	1863.69464198273	1942.58820903833	1984.86578101215	2268.4110192427	2555.25295642944	2715.40848983008	3036.3379779118	2922.10574331644	3710.28651018957
430.168	-20.4065480242952	-3.95432603112603	4.29028620497005	-5.04583317329055	-4.64439177130249	-0.80341822756546	6.0409236103561	23.5384749901683	47.291322176648	87.1804424638418	118.355551746866	160.413356723865	200.423148340477	2634.85684817953	14790.0460190088	11838.5144828928	831.881427277716	195.069102971486	194.57840361006	228.230418101873	305.066688615938	380.730174271988	425.27833671731	529.496979966204	947.544539914404	2201.32293669906	2079.5533358987	1114.03997442778	1057.81477415021	1081.77346444727	1153.46512899899	1225.17981759497	1267.67613339996	1328.62529649251	1354.13145507109	1389.4088378823	1395.7939478144	1474.02016622565	1562.21384992779	1673.65299589087	1735.69559164072	1771.6387556193	1846.67357414495	1823.89856697813	1840.16129554659	1942.85576412824	2011.50061556992	2103.79552041658	2365.67593280108	2646.34528487832	2731.11487487038	3208.77754872414	3222.75819711475
434.779	16.3737818605333	3.5501814085796	1.78324323632907	14.7648781536162	13.3199396822893	9.08311693183672	17.8775358708951	50.8167731635122	75.3223147625439	89.7574143960429	121.690650281149	176.606307497915	1854.1246192059	14267.6417638268	10985.947045801	1111.15368615018	198.713371575159	180.089956417141	211.478841964419	278.91741613872	335.947568409401	401.521604196701	510.241081895643	761.591842405071	1785.94271236804	2220.52399579844	1233.62828278422	1029.74860602808	1081.99633193081	1131.47331409986	1185.32007439996	1258.4582532197	1282.61563370644	1325.69621893313	1363.93132324332	1395.95334786095	1401.77489734468	1459.23302475498	1536.46422195938	1631.63203255245	1717.41707850344	1730.51591530615	1806.61494004069	1813.39134114173	1888.5096871239	1972.31826985955	2098.25337464713	2256.11360868955	2480.99593094735	2737.08604774171	3035.1097473773	3102.31597772228	3498.53393614147
439.393	7.47303135291129	27.4287921030748	15.2338488954543	16.3332976939354	11.7931246799608	19.9029686206355	53.0762089212418	76.240160788994	91.9512312235387	110.641778736227	147.114672576325	1430.90834076915	12412.4774218524	12445.6138824784	1269.15460781863	194.958466510655	178.576816662329	198.656846026898	244.593961354995	319.805954356147	409.190183588888	477.253257474202	605.558933510652	1380.56971576413	2269.97597898343	1466.21399167	1005.58660244704	1034.60694176638	1127.98270037431	1168.1130378928	1221.50151407123	1274.93722068534	1316.21526510161	1337.75250674625	1365.87914580802	1356.32054409397	1391.70085700606	1462.61083977475	1516.18871824552	1578.61907035977	1683.8838380318	1711.1710460474	1794.5939701173	1811.32893958693	1861.83896009287	1997.90653206683	2100.22857607524	2403.05905704447	2609.56165793416	2941.73236197978	3058.43692858475	3420.73303082575	3606.75130896788
444.01	2.17312153058297	12.3972325664059	-12.2595734421345	1.64783578289161	16.7788878927424	46.1780287820652	62.1433897965338	73.141649516798	84.4882909390508	122.409338993947	853.645252494502	10706.2054389053	12952.7186942814	1672.72812052593	176.730670264977	154.026160612087	180.658250102778	218.273184547095	285.404078513887	353.076122924628	427.296347823587	545.112650293372	1033.1173752178	2077.10480908644	1672.29975287893	994.927130199539	981.681668559343	1068.29233315672	1150.29726572969	1172.57120509971	1221.81739233722	1257.15642730874	1283.00484256874	1333.43782296141	1317.09299743738	1315.53261843918	1350.87460905574	1369.23577519932	1434.04674868535	1525.75738768913	1598.81872889466	1673.77682343119	1709.66554125075	1735.47983801819	1839.25743211638	1973.47038622649	2139.53027874829	2285.58470835583	2620.31488021686	2896.26028847297	2933.91431227522	3158.60495522266	3343.13259486453
448.63	13.2252814652377	17.4929003141439	27.5059419283229	31.7029167429622	48.2932555705942	72.3699481768606	81.9132151241924	83.6200145553688	111.022792687365	631.713228337844	8404.73878443078	13141.0904002367	2125.76357854201	177.121319563015	159.339376829598	173.415478938109	218.802263538797	268.224310853719	323.276499992115	393.715539061222	475.204073126555	787.779879461698	1752.28468301428	1877.13261574932	1045.67607064502	936.371341692743	994.393061961218	1102.06763553544	1158.92050653836	1191.41509516078	1194.50226218222	1233.10512537258	1274.33477946681	1282.07911038461	1302.89229794459	1278.98341836598	1315.49279502132	1322.85655706469	1396.26154942592	1486.34879823698	1558.65437706572	1610.53567244188	1692.22815481457	1728.76831887198	1838.09381993867	1982.95156642858	2167.52713295155	2318.7336328283	2680.24066614991	2883.78786794434	3121.80611778858	3261.32090226911	3883.20143651322
453.253	-0.421732886879666	-15.0368968266652	4.07860849821159	17.2687595839831	54.0867256449117	54.4828671374651	67.1915965523992	84.1646681331681	437.301784329599	6393.65421800235	11603.9555379608	2722.73198664584	152.795786186108	129.896946287997	151.107996023725	194.555032709292	232.815179324818	264.186271780878	330.494263585969	399.269160743344	585.543703735675	1323.91274637508	1916.09942254747	1152.23740235338	867.806984623988	904.364960672279	996.996641284329	1060.2890792353	1122.86010848985	1141.69833407744	1174.85856299639	1202.87968813987	1204.52715528329	1191.2754811466	1206.56224102705	1219.98173638889	1227.69416625569	1260.89802736743	1308.33413446454	1407.35872994691	1430.14282101398	1523.46776497347	1585.11266629753	1680.80456486347	1729.82385578255	1932.14602004452	2067.33278770284	2353.24977908359	2569.75076110969	2769.9686497728	2881.05398843195	2515.54539054419	2018.4712961479
457.878	34.2490816664945	17.4982129063498	29.285162370298	66.1928803345428	66.957358689922	91.0229680086575	90.0531821184506	344.662952033866	5328.04456779613	10956.9304510901	2521.89414734094	185.236696146206	133.396417039892	147.913348048083	184.254692177151	222.74328084838	279.354175215703	327.530247409742	388.028374627841	482.557970765305	998.179393505868	1828.52172734183	1383.33216414152	849.314176231295	888.349911203282	920.696709084158	1025.67403433455	1078.04483501008	1147.54137916364	1165.82470782027	1164.13476682477	1180.96545810188	1172.31384432029	1199.02984231181	1169.23546820641	1196.50000492776	1211.61434257981	1223.13272701199	1273.84785508192	1348.21250822887	1410.43519057195	1516.73305159356	1552.25301416789	1661.45064009481	1754.85992342955	1935.96784412524	2135.03272861972	2354.26285210368	2654.2685922921	2926.80840574468	2902.1812437817	3221.53636380552	3676.79473816187
462.506	9.11235630522753	12.1837986085801	38.3883245111658	57.1622499672885	49.5970964182426	87.5154576809107	328.075514588692	4360.85680463836	10496.7792662694	3163.21652419385	161.154239548289	119.876804203178	130.177619267167	158.147390743931	178.718968358926	239.0617201432	279.134098931792	343.114060933497	398.989014266072	704.086672299178	1566.76482385673	1535.09872012739	862.465322836137	800.53221749993	852.302347385545	923.335709709552	993.829754615297	1068.18426943391	1098.32414231514	1119.82444508417	1131.35207755585	1133.38360437213	1149.52799954588	1156.97825027907	1157.93739821255	1130.3631921321	1150.8724003813	1151.30317627804	1237.99627537777	1276.15008445446	1337.12376342296	1387.05509298357	1479.90695219197	1591.0777069247	1752.07843784834	1858.48077338054	2045.41301450359	2326.85704499879	2510.50241428606	2680.815188316	2829.57975770268	3187.64389441272	2637.31112585158
467.137	38.4383272875599	39.0014868747181	58.6610637305819	59.8444459290407	73.3135652611319	274.504915642907	4996.12915208883	10107.8080934595	3186.05922882598	204.554636514245	118.9063623739	118.916396172486	133.278226966197	165.418175182307	215.116744833417	249.468990643226	299.603696540437	356.814975327314	535.339441899719	1193.22124795538	1563.54480880387	926.715637236767	734.93701170421	796.165577435096	856.200421094752	919.040574812084	965.52218053564	1032.48791502978	1059.58675139325	1082.82166634786	1107.11575702053	1087.14878048998	1087.49139328119	1075.90179687145	1073.57393588583	1083.46086514142	1089.65687768725	1106.37686260196	1168.05975974756	1223.5887863454	1259.7308457628	1345.09508789799	1412.05454262464	1510.62013672695	1676.53358339051	1840.06122841776	2025.694302327	2280.45773781229	2415.96334961752	2759.51195158605	2926.01068253236	2999.82445442799	3617.21279672569
471.771	68.9879744166332	63.3028525682856	58.5424384788236	86.1613347849033	201.27546018359	4493.20460254062	10021.7056950262	3632.3759682331	195.94582678417	110.882642846061	113.729220750181	131.250654717607	148.208378311445	190.36963400156	227.770585032304	267.6020775745	322.938829458701	408.534040830783	845.221176343982	1512.39036440859	1055.07612707909	705.8587910614	707.48266246164	790.116702009378	847.558983538842	921.849280729989	966.386257707378	1023.47489456773	1046.27592591897	1070.25721037484	1047.13551729108	1030.99588544753	1050.78256735344	1032.14658575865	1042.90645692169	1038.74768663426	1049.31948959366	1088.81834348018	1092.29446190302	1160.05719419355	1218.66202956455	1290.05858847297	1370.34019499856	1456.66233195645	1627.62662328296	1829.56789751006	2021.86358203088	2217.12812751553	2503.76916463729	2649.39518578276	2896.47518134262	3025.72305637012	4456.81576851689
476.407	43.227481819225	53.2964932036969	61.2106953893051	208.618676436187	3025.17956872152	10744.8360255981	3639.31394420813	206.680966076608	84.3247109333594	81.72833311272	103.292710499112	114.400365431605	154.011096177583	186.076958667208	245.158894115372	261.973421393389	327.940770408071	581.579482726864	1262.66309162944	1205.28225767805	668.310736341886	647.501368496882	701.016989455504	751.97693914288	801.227539635385	863.374405816269	920.079780955772	964.502295244637	989.80399444611	1015.08654705817	981.127928995625	990.407736309153	990.307526834512	981.183099376338	974.691479363636	962.758662256298	982.164895455493	988.817047819981	1033.51612392787	1083.9736024389	1142.98512712686	1192.17261927187	1317.93507460716	1376.59310001581	1513.75874641552	1705.9696205397	1860.07401423272	2082.53197766171	2193.3895408942	2539.68110765447	2454.43810062453	2520.53648459613	9805.99305349002
481.047	70.7769221115132	81.0117854005711	152.0005475323	3408.27140019047	10137.4815151935	4652.85159175452	223.607037947986	87.2612386189327	86.4595612485522	106.921556969482	112.700695415482	146.81006749623	172.613827323343	190.07499031263	233.484266089288	298.536473126888	443.124686687882	953.104134490269	1250.82242721145	725.539124591556	594.443966550835	654.729902995194	702.397956067357	751.07825690929	821.444733746775	853.238823898939	911.505459960405	918.964027772846	953.984532302946	967.731037846036	940.286865547258	938.119350243936	936.576415260848	925.555451624599	893.21313479602	891.525473963532	943.498682099692	951.990967451548	990.841829442714	1037.15310721208	1099.93357310417	1142.29104173369	1264.7704475937	1351.97430612902	1463.80267706905	1629.90587548235	1802.59591421525	2060.31392528421	2197.89243408347	2509.90682576177	2689.30444947138	2888.07503909928	24814.9431346152
485.688	75.7320167830886	157.632931874128	2702.059280717	9893.17561818675	5325.97559700664	323.917647752612	87.5845618969363	78.3186107972924	92.9226715805587	101.812828360923	118.550048514053	146.222583070594	172.323126345522	223.277237539537	253.351027288634	336.048675458818	676.490707708395	1178.53027941083	840.693570276616	545.174697408769	572.991129227077	630.473357266769	671.364120734807	727.764163897275	767.40821233027	819.651192723609	860.159463358092	900.525182820792	939.081113667408	911.689119943955	918.860681254652	896.453772007516	898.992531081542	881.22407584901	887.395392250864	880.764607156507	894.812382707502	928.544175440769	961.832720391318	973.584234081082	1038.84262802368	1128.93845619086	1179.96260365529	1315.17522017638	1449.79229325931	1608.46895661585	1787.94765757509	1959.82366379173	2225.97288529381	2391.66924388979	2632.27007120613	7477.65760373795	37423.8358352527
490.333	159.341320990029	3094.16131563504	9591.59432164126	4907.04165172361	439.219678766439	97.165686918664	91.003497084123	90.8877587688338	103.532982472819	126.967887194741	135.473792210284	161.546748153557	195.749975980257	222.159445166435	294.088373401145	488.881400526768	1020.69728801623	941.320385125347	553.385899690054	513.847355480299	577.311942132715	613.537062873545	672.307215428579	705.751970404545	742.394706301563	792.783819406816	859.33006038639	876.232207288133	888.688434729514	878.474728756754	874.300506625914	850.675062282583	859.57076703084	836.481987639968	840.209589587222	833.433471782364	861.117519785573	895.638850297257	920.520877328491	935.855024848735	1003.69953632014	1068.72871634195	1139.13493015585	1239.9107804682	1386.39231355998	1539.67963657776	1723.60431114929	1948.60367615175	2147.92355790626	2415.479837955	2882.86278640814	19712.6032191747	29736.3392966923
494.979	2622.8556018888	10765.9271223843	5516.92318437505	392.940588702349	86.5495557816019	80.580610766458	87.862885502092	85.2701282597622	110.002847425592	128.834798075642	137.318455980765	174.650377350969	195.981409797384	218.082372739497	378.073500618013	772.066522280825	976.493481173201	577.459577827183	472.68861131701	478.036936171814	542.332768660747	586.288495702029	656.617499601142	683.780676495249	732.454351768065	748.306749621684	803.184399715431	819.338651964801	819.28625524543	814.401003341296	817.084143843799	805.662635532297	828.43435566596	804.689684426902	799.187563354973	781.703510455218	819.39562990826	825.502394662337	839.925591783237	900.58852536453	954.888030576898	978.360266519999	1112.22955526907	1216.26975285917	1352.16733213771	1477.6939540499	1675.02202845867	1881.95351951647	2101.79946401943	2305.6783730048	5774.7898004621	29742.7171221221	10236.4031200816
499.629	12491.2394804779	6128.45564301963	416.573260565671	76.0767839255843	82.1908949702896	76.0712550716433	83.2470393553488	93.596439149743	118.097410874749	125.468567625887	156.375434172855	181.602116948281	195.322783728483	279.967411911694	551.615042726782	926.497476814902	643.374231031513	419.295919684545	436.532743068491	468.978036493417	526.410801865843	563.088219498685	606.571624666274	652.456190688673	685.439195723521	693.330233970368	749.477892574855	778.092375053797	773.405158398933	782.711336441682	771.756616869588	764.035218567986	766.718470973872	738.037317810485	723.037889510587	753.10894592729	739.401611119622	771.535055918463	802.585792370486	843.814554195483	867.339327690988	950.263321264104	1035.51131291612	1108.08553822835	1241.88029762023	1392.94894410666	1583.76046792416	1802.05726357896	2018.92364317544	2260.58611714557	15152.5713860275	24494.55989339	2606.7110679077
504.281	9675.58273406303	544.295605487152	86.4440381928238	72.8045121098392	78.069982117595	77.8474201241421	79.1390048879714	105.146240661403	118.939121103552	129.186655534304	157.477082664154	164.224090183076	238.487271454734	403.991356762904	820.372831513497	738.824161208891	411.193897686459	396.76782022352	426.579174441756	470.882804741794	512.948986139038	539.34810450293	585.87556407092	620.31417474135	653.818667360198	684.941092173334	722.131918054128	727.991452551767	732.54265011321	717.677646018716	718.100482381218	726.497846335078	707.166876539608	702.109000308667	689.289556613129	692.943736874417	692.049325714139	727.753296117854	758.248854778987	779.111106826497	838.371597409327	914.034473706101	989.511447126782	1080.58489673145	1180.86141061873	1345.2042039396	1545.86512472682	1800.12316445587	1946.63544346752	4310.86373150891	23759.3250634781	10156.3567159837	2128.72348637858
508.936	938.42014753515	73.0321105756124	64.7423699641071	73.6436692912944	73.2241623878086	86.6168511227069	102.680041916998	112.203725244796	129.070585688726	143.015166293992	162.983667676467	191.398888341213	317.516599674464	643.867984893243	788.576942936359	447.652711577403	351.971164026688	381.637692732963	421.721944172042	438.439667349106	485.936486491672	519.907940733858	565.576353349857	585.438662286315	602.975600779727	648.995947513808	656.999870421609	690.882155003059	703.74743984705	683.241258182701	678.868864424099	664.591409128182	674.383580856973	656.460232791711	650.224274627485	645.122782778055	654.892591357728	682.91900338793	694.19695878266	750.654025307454	790.383646331522	859.516606558394	916.566408104579	1006.53063136985	1144.17529534937	1281.65359185555	1435.48282821537	1699.02527491076	1822.45494345487	11274.6322598464	20892.8646338822	2425.03459332778	1844.54847351744
513.593	78.673683221879	78.2739636012034	70.7701100860213	61.1632064652638	67.3381540670935	96.1872209124738	109.116403343502	123.508190603279	135.616349250062	150.534245431772	171.101644874874	227.790406361554	489.691160277108	769.272843913912	525.310026570713	327.929672997379	331.763636759211	358.522944605256	390.386897341453	426.053287426505	454.36429733211	505.17913214446	521.078654844244	567.220699601044	593.190767579747	601.933118860866	628.517212473665	639.945310741073	653.008247273215	636.509960901526	644.902856654445	633.485900041492	629.24782837989	607.349750554509	619.869863623248	626.378516709483	625.429455041596	652.776078141351	662.520236922654	703.721487257303	744.95247096691	801.195625417951	856.830159746268	980.779822979342	1107.76805187591	1240.91010035963	1469.31465324065	1586.53766297077	3265.48497376186	18850.3042471166	9709.71043358911	2084.01655418479	2275.28695723603
518.252	67.6086013525724	59.2073853556947	59.2668834424944	72.5522895089837	79.6808040896263	94.9943171454339	117.010224409794	121.95654403467	133.527270776981	144.59418694208	186.677275435043	331.484987825949	661.573716775016	576.900206915194	330.819484421602	289.987685301139	323.235404872403	340.475012495057	370.614423225633	404.718659455821	437.294015726447	453.183482050634	495.573038765525	520.510150127403	541.781028471279	559.346604701148	582.033982516301	589.519974293187	598.518097265458	599.545392596367	570.249935400015	566.919575603263	556.275608524136	573.71733200209	571.731223015815	574.40140582885	589.751388079693	605.666453230707	618.928116199955	668.770589569142	705.384875905163	767.175074790554	822.913649852706	902.13878554697	1012.76901054208	1222.01983635533	1367.83782500314	1528.87172288364	8780.41810876895	17402.7580677336	2597.77093439132	1450.22390623938	2500.54481847666
522.914	52.2779016936713	67.2710947427981	61.1388296188202	73.9176416630854	91.0472680951487	93.0167766714349	106.871942823915	118.599617456374	131.340334956829	147.468910364447	242.162535837622	509.878732673811	634.55369139354	348.9759994059	267.562990388998	285.602699843791	299.110157773448	328.904493372737	362.542728413208	379.426773221651	420.013304819252	430.603127005218	449.995292254972	477.573857782994	486.59306734691	506.655795420097	528.718793927769	554.387624782937	556.24714535199	534.98853994901	536.123279794106	543.614331331004	533.91397423542	531.313829112574	543.009798538028	533.823813640418	531.221086054764	563.837067346067	576.370751384508	621.562784335017	645.841035067525	719.292838635502	753.950118032283	837.84273527371	964.123647990136	1169.30525284575	1295.73807394182	2442.08306695365	14914.6731386585	8714.86032833521	1648.63522745061	1394.60846727156	2905.89351888299
527.579	36.9448150656389	37.4860932186749	66.201104373787	65.8639589511542	73.5510415052595	95.3806786930962	109.716295235501	109.25078484589	122.173748531274	168.520040508413	365.854078433471	611.305902848195	417.181941694511	244.901757880844	251.800297569654	263.214702139224	276.558202964841	304.013343282376	339.523469956118	349.859717565798	366.192478217897	412.233957898762	422.352415706129	441.683084637669	455.214349481166	477.872554148103	500.590595645222	502.835181036156	511.472784271302	508.051258036866	503.886269634525	482.735214213967	494.224567991595	480.147642910111	466.80113372937	476.042756419622	477.753520598865	516.27014438309	536.996681636291	547.3247574274	595.509949367414	636.614614931804	690.236669554432	773.366394952347	928.302064492295	1044.25596197453	1204.01721863491	6659.71241719754	14584.2541487557	2490.67464916623	1323.02910290151	1468.57990856599	2552.91478034388
532.245	50.3380724134316	50.8294456818589	61.4867653257512	88.5672123594429	83.1163157443144	86.8913228116235	109.068212871127	121.774169026534	139.862053122689	254.171865061074	521.154984252683	487.755587929061	244.909111119196	231.93130867308	239.734167156292	251.242126391876	270.162929848026	288.012249358601	306.543332161973	341.379098039974	351.331061430884	372.906662754643	393.383509169907	419.804360219216	439.812085924968	456.020104899759	453.782150213764	464.913705026962	476.377605042368	481.173290133153	456.15791181603	456.067114347375	455.139937110594	469.804587561595	456.024762592781	474.119286623624	463.00796354677	482.520214624949	512.963976051574	503.119264161479	575.23178193549	603.839789851604	668.906906622353	768.461566703831	907.829256556731	1075.2925469912	1772.99574141313	12175.738767564	8056.23364963712	1408.9077620119	1313.20543995467	1934.56779476442	2621.67164121616
536.915	55.9165182623938	58.6799664232125	68.7151934899166	67.9609377318205	87.9666103379512	86.6639124319998	112.684898378588	125.938114586406	185.622272200656	408.00872382501	524.606477847978	281.020395361721	205.709858075158	213.897813082155	229.428648541571	245.741992831116	257.473899819357	271.090570596388	293.216157514775	326.369463163052	337.347034954801	358.519995562699	381.145609657983	392.824639649833	408.612036428431	430.277964468746	449.0102816625	456.257869589746	438.683154999547	449.044634048599	453.272002416127	438.600291337131	428.896612743597	429.13007457576	441.776143735577	429.401973994401	437.254532780359	452.944204282713	477.600628997402	495.20979379822	547.550913098194	580.187419582303	635.372102292898	752.658543755649	897.078453322256	1022.14821689662	5221.96883879226	12802.5489971047	2542.52038756282	1306.81981065256	1267.13099398972	2916.04180917263	2525.07547427917
541.586	85.4294424973063	82.9424220806807	85.0113713983676	102.187355651345	102.875316930235	111.376742686285	112.872991031164	148.173801319629	306.11904126327	503.055776769792	347.532244395319	217.962018097484	213.299536437736	223.159702957139	221.513691797852	260.356176074212	259.817616653539	282.117891670282	297.218068303763	308.805446188963	336.286251035642	369.48469610226	386.786507826597	383.928641745682	405.110557038042	414.640360944954	416.776088335579	427.657026301481	430.669727896206	437.570227282065	414.8170803034	423.176304452114	421.72089534926	411.441373708272	429.728702600271	419.794397487363	437.453213807161	471.84086633356	465.066818130676	491.016417526542	548.51110753525	576.778021372306	645.231750066064	756.951452131375	912.991345412327	1399.88691643807	10028.7668682597	7476.81294790765	1401.12006779808	1434.63204941054	1877.16939263699	3567.88437808198	2536.62793336073
546.26	91.2273074010977	75.9206001774641	86.5349125636465	88.1533498068398	94.8217609758845	106.002079828778	136.503273278865	227.608363894713	438.270075243355	411.484897577227	213.735703296178	186.587152191121	189.417760707437	209.127439884501	218.203041105415	231.043007731219	252.413657792745	268.246375349399	287.329112229854	308.296779001279	316.63943205523	332.234320395442	354.338491328327	354.388248315329	364.00318199975	379.239653322808	400.526678528396	406.290037690381	406.117362861552	397.816876092761	384.146912243083	403.080830344119	384.880921198835	395.215619950381	388.633571068321	397.874277022634	413.525546587603	417.705148157726	429.602102344124	461.233920168127	494.677523957859	547.418048919019	628.131320435319	750.803978196054	840.440659792801	4028.16492481337	11353.9904830838	2514.25628896678	1220.06793661019	1334.72978932306	2205.34866287197	2995.8478933013	1552.479997897
550.936	43.9228908031771	45.3145772760696	75.3855835785805	68.4620736421003	85.9541466195627	99.187566945601	169.280475849705	336.247810118106	416.606565630209	233.359535295246	152.523677309965	163.14962808465	172.200619962463	172.888348495853	189.519347479873	204.343614628287	215.957060859972	229.660511603961	244.297863681183	258.125215576446	268.329925779916	279.496608087415	295.89546843837	317.701060292493	319.328174505552	333.324294372398	343.372377321474	341.411617448	350.590419683758	344.003201299903	337.361923113764	366.446780147198	338.610138066113	355.09777428927	346.742677052317	359.40619380132	352.72116579082	381.217386942819	406.092763133015	404.122392609588	438.818027541788	461.218928693805	563.247736307703	667.596572442587	995.372165660959	8145.68517925407	6910.75817295585	1143.62978922881	1171.94664988804	1248.54010479832	2690.4606914474	1533.57594022634	1042.76272177902
555.615	47.2449056435175	60.2650948697681	55.1441673459409	70.7232799372437	82.347918594567	120.722216547819	271.759482473843	413.339978944508	283.674419870208	149.806545525995	145.119698406686	146.143205647482	165.635479957568	166.78022411264	185.014390692413	189.843549802671	205.929678643636	219.130413167881	220.833681291784	241.938563151144	252.035325592017	268.23964930251	273.377183091384	276.171198746458	304.169612623324	312.070326284974	322.709440391062	319.035107449389	324.994110514408	327.95937133408	318.874345193566	322.65334690421	318.126209954089	318.11751897735	316.606561564969	334.755739180545	348.389523094255	354.212614093111	351.190195855718	383.933286484206	423.42613644082	470.594045784851	561.384262080622	640.142157854483	2988.99823373938	9686.65689483862	2376.18635839141	1082.44610896219	1099.88473929285	1713.78537812778	2423.09593043807	984.309223788092	835.420870341933
560.296	42.1312215491079	28.0749060406364	49.7779582108637	63.5844036208976	82.9708751094095	192.853076925649	371.336121907207	325.393275257012	152.800812100951	120.36233552398	124.925014143849	128.888381131128	143.733672784513	152.404528998528	158.138448256686	172.717950201163	187.234274699847	191.709176688696	205.72493624798	219.479693417552	231.019108312948	216.521587542219	262.532347808448	273.469989966874	272.257389883816	281.118143281341	291.337448603142	301.563911383762	291.046582959133	285.360674805006	298.592161174751	291.958931377592	292.581352296906	292.591970027539	288.75520490962	303.039754583854	320.011124330523	316.255175067766	325.81412719149	347.615094391872	389.032807437215	447.366075383221	548.190063804717	765.775845581854	6400.44540839167	6318.70566460927	960.71909649054	1051.05108657372	1078.29051720887	2124.40141565153	1748.76957208106	862.3575765585	594.309715509235
564.979	29.3053621541775	59.2345890545062	59.2109530276901	57.5885948184677	126.395539354482	291.280872713237	339.482438218461	180.924830734974	117.581404893879	108.007481532093	115.674154881423	133.781701158455	141.43412794137	133.575045220867	158.433185754869	170.323734883467	173.363024334599	175.518905779985	182.762980649708	200.673608784396	223.401669883504	228.61646661642	243.680339588666	252.382010491102	251.755622020548	258.620985079929	275.215600839861	270.422436104229	277.932343012674	280.596160257116	272.452872956816	263.396536180253	252.721578239561	270.215114985909	273.810607305299	280.941356058827	273.828342030369	300.877766977582	323.657284857329	322.134305859558	340.671532193618	449.95389556573	502.628409103599	2322.55097543627	8277.30696072941	2282.85116579523	880.720825013649	1009.8958861487	1377.11729955043	2313.39961708755	1040.2049769197	749.911570963464	-123.467845681266
569.664	56.1288216497837	52.6261089572827	61.654287659459	105.61531000137	224.441547935709	347.624711728062	226.655122694669	122.980022535578	109.502054541718	110.981763483448	118.952368348512	120.908621260831	130.973857459826	143.698707139603	162.17474496554	164.4439522459	170.106311362611	172.366163742046	191.393583497407	203.978299458411	228.658624410476	198.652986727869	223.393997637769	234.113133950533	245.466026547917	260.511664617996	267.026581809596	261.024471909275	254.213482624602	256.278910400171	263.877818472475	258.858022953883	242.970769590445	247.584042584815	262.227074320009	253.627783738649	271.238913079149	290.324114098488	299.878163976754	310.067560117522	364.069938650617	467.561481789763	584.574630823496	5201.96982042695	5712.70314602202	860.876416847136	951.75842790268	1015.96961121045	1728.54279945305	1941.53633026206	935.544213742818	748.267531447253	639.619570717809
574.351	80.0921212733551	71.0183846431933	83.8110757119138	170.431997254012	310.873347176953	257.192825105585	123.529732556489	101.451728168289	106.307926020508	115.23751131994	115.309838733064	127.765041041966	139.112398186368	139.870468695474	161.247965458962	152.342905823094	170.042469630156	175.760013930827	178.66941843494	204.613523482284	217.094561964229	197.610040869267	212.980706640942	230.464977415034	229.276962425374	238.216392497257	242.07991011149	252.08992496851	245.519340216582	233.672597997905	243.343238493188	246.851059481646	249.551147781984	240.8196161548	255.869932815911	255.127170643336	272.84991174283	266.70769033748	306.442220278494	305.878723676336	374.523120906209	446.668640725194	1712.98973153866	6924.1208541402	2174.44258560157	772.779045550549	919.733804645699	1164.64040869041	2133.19797335429	1421.97432499026	864.299105172629	1027.79834003469	1361.87456146321
579.04	48.6570927471943	72.4119602752099	108.775804509491	249.607613311743	291.523679984124	152.486486949437	88.1518389995087	90.8049267928177	89.6400813545395	95.1541727067288	97.5341302619489	111.002102623662	122.203427971683	125.515205354487	134.073708119188	143.85333310461	147.939627610776	157.02841136525	165.784825831532	168.680036055355	169.26496368831	190.042509214767	182.075864684931	183.212977303425	198.883114685382	201.692666372529	202.429674970609	215.672194893962	222.743185683269	227.936941492588	221.637507846754	225.152543416883	223.954530314431	215.473555944121	216.698294522313	214.632988368828	229.301879075724	233.227371989355	274.934663010653	303.452304185508	367.256056496477	473.299242862442	4204.88668120041	4836.72337868706	661.44799452407	688.857104916057	873.230602489123	1299.03176808193	1929.3271919039	1034.37229589608	902.544894810177	1138.57964082419	1518.77936691077
583.732	37.8978466289853	80.8471826846196	195.610736333465	311.911630067728	202.561119447955	79.4313088128306	84.2716295367493	86.6661404498932	92.1222301898774	97.5543791253726	98.6578827280429	104.029923766592	101.921308595283	118.765095091224	132.581732110191	133.976043802379	130.354535113376	141.810021872681	153.685145529863	161.857120594348	172.206118791014	174.887326963172	190.197718666351	182.699376787861	177.100275989239	202.674780550845	183.75452589523	184.864884530992	204.545106919181	211.495879387418	210.432882495266	197.105794730159	204.374573534712	207.210443927697	222.94155702731	213.616907058804	210.154782928671	233.954720462726	246.269158050322	315.390019844407	362.628666590515	1242.41382293935	5995.45118261844	1891.53889935718	546.51843790928	679.555546438354	878.830576210199	1607.72050416421	1564.67075096583	937.864547399242	908.332859270677	1116.68685392518	855.242888422203
588.426	68.9094758932329	134.675481193559	263.190926981115	236.273146418338	100.541340131884	77.7728973237347	71.2999967982589	74.2316290330033	78.2178761071227	89.7349694296758	81.3857761431324	106.050415989509	97.774878446051	110.263414997816	122.921831028236	129.090916390879	131.025156971113	143.191932666569	141.245228338516	149.825965141221	151.082500782575	168.783583978424	165.31324899681	164.969862949849	170.607657425708	175.866686845535	172.963088318267	177.495823567647	180.32156609273	180.254102013117	177.97516427358	184.50853938311	182.464821617649	186.072812152481	194.166670109005	197.5386100249	198.510888156995	203.494969828417	255.284361599669	276.40352625687	367.769547106176	3313.88365844923	4490.84377317524	536.355570413519	514.996927794766	681.212956006495	921.035573366894	1791.2033465634	1062.8351140213	783.56542849919	785.878468585827	674.926287297933	896.223313860306
593.121	81.7286351444144	205.516263242791	251.334413090669	117.096795075	58.2623692340792	64.9186329606444	69.3137465134627	64.3834515678795	64.159011503613	68.9376123329223	77.2629166570585	79.4133234299277	86.0593189896339	91.2774664180002	102.749416345158	103.199745493228	110.150004112667	121.945153599002	121.467743670496	128.521614616026	134.592594452387	137.954797456474	123.639362965648	131.339890072446	150.756533082888	161.965333673091	153.031169780723	158.563488069884	170.691139607052	160.00581026222	158.519314384986	151.385246812953	165.839976264206	166.88913020734	146.762218197225	168.83426152499	173.926684028687	172.303305025276	225.823457026407	289.196384058319	804.112667734085	5125.95292124773	1882.90691330015	372.628811184564	488.436232144452	565.436302631626	1141.73895916816	1430.37991693716	758.267453129667	605.758460628532	526.540408134572	376.015949569459	-808.798632496745
597.819	164.879084095847	255.749550330574	143.342745177576	62.6763753188492	63.7118563379573	62.437744106016	59.9115844459145	67.5147435736334	63.3842168217374	68.6725677182607	71.6537796589261	81.0952550962333	82.8020148879279	95.5152513374584	99.7860144518526	98.4846647392445	107.049375119314	119.714891273292	109.548601507789	137.332670900306	125.223184846561	124.627346856194	138.522431931246	142.087608714349	147.437640487672	131.938287008478	144.588554180744	148.618048436959	152.401128693827	146.78853913813	149.091007486007	141.291531061531	148.270898856869	147.97874113243	165.078908444475	166.38232244314	183.433965663795	190.914731991513	261.000360931415	292.270766513891	2509.72494313969	4267.92538651856	466.026324296352	354.530846605426	439.706859702835	676.680389137851	1485.9576237814	1013.86554984586	701.896854503626	777.624810015494	708.898619423464	489.553287762444	129.45109161351
602.519	208.915819654527	185.05615153147	52.7254600438505	44.9784657044061	45.3764053137728	45.0236434034652	60.5797693586677	59.5822252334915	52.1602735530708	70.5866031810964	62.2641004163195	69.0179014820398	80.5961128361526	90.3837608704586	91.2349128768012	93.5772089709272	100.296145499422	100.379196847285	110.408385916837	119.904375106715	115.181972900082	109.547957522283	101.858035716809	128.674955635853	117.760554442915	145.729075394092	129.357010119893	138.479978575096	143.859989891218	150.73779474064	139.176299632712	153.804812446734	141.011348211582	128.426233181874	143.174884462406	152.984816099789	158.939456971323	208.545909459295	252.659830414648	632.735510424548	4255.43720875802	1953.637975864	284.221919178674	313.641724253675	424.498589083104	794.407409974951	1363.21825658206	661.987352596929	607.35074975446	710.023120811273	604.545073701438	231.746376815525	-428.677546274409
607.221	205.520392497	92.186358952261	32.6301576777154	33.7046117338637	63.0636793397787	44.3673227746383	50.3395067955511	51.7554750846153	54.7993770207716	68.4487472209889	65.1434325941466	67.5027402628567	65.9553191729529	87.1392838862312	88.108672395833	86.2767962202446	87.1545076989508	90.5529835473396	102.948421047071	112.428058286704	110.85159686963	102.615507091544	103.136736877549	115.526417889859	105.584046576387	123.234131782947	124.808143694882	123.887469427048	128.677557104022	118.542599057739	135.461402036703	131.245389523997	136.617893900791	134.087094365485	133.097038719309	122.574066088085	137.196402394005	204.472666955947	237.32925644594	2072.93036446371	3942.159100363	467.210021664117	263.033126972318	297.110314055454	424.407548723124	978.340450758814	1029.07754134131	557.097145827383	565.01032290188	542.901434931059	705.066685022479	528.021401552226	-244.482894595342
611.924	148.84588542175	40.7934100905977	30.7952534701707	45.8206082401947	40.4114075529232	38.0880802182212	45.781314616295	58.4106340585202	46.1713738094113	53.6976915107242	64.2097616592202	61.0588058803523	53.3360116400066	81.6701840106017	73.618317544603	92.8927463115425	80.2565600036404	92.7776887791672	91.3168143823757	102.118447136691	94.1031955186951	105.055783268136	103.765148001446	95.8464880681815	106.932958998693	100.37942460486	113.182443471987	107.803909841763	113.274987403823	109.55008796793	123.588848414959	125.912824013791	117.273047043427	112.650827523446	133.025692802116	144.793524110629	166.444418126706	206.036962298069	432.229670895864	3770.94284195112	1999.73773566913	221.604159669568	232.219715452602	283.113771035561	490.26452635066	1066.95339790893	734.065841451132	517.679051568302	532.888011974666	545.61632368945	483.893233397905	190.391467318228	208.858328687913
616.63	55.2601296536034	40.0467750147298	26.7936458566006	41.562009134589	37.0402989837593	42.0384987316214	44.2524069215893	53.3690967873321	49.5033603613252	53.1159629078486	59.4055888370126	68.5994381068966	64.3898747230471	65.3630625088782	73.1983700537865	89.6168580611463	75.9367272934275	77.7201455223834	89.7074078600803	80.6197882836101	97.8932771747646	94.0972321493908	93.5492733498536	97.6276025648113	83.7969184897384	92.6296647147491	102.772846111062	84.0993657592968	100.301450979401	103.728095315286	119.25749147931	105.091682960778	109.582444315747	105.700135623905	134.167281214282	118.640717400692	164.865260782245	194.147719656232	1517.46902509138	3736.89615144908	499.000113250313	182.460762355291	244.271834916482	271.274853432713	600.642206239175	899.361559322929	471.177041727968	492.326114055784	390.560392637151	432.754640006739	319.452308868638	323.423463740912	441.5721865577
621.338	57.0519500013229	64.9810289029482	61.6708532837374	51.5016474452276	36.1457240625442	44.2816376968875	48.0934774743163	45.8988414219235	51.3113279287673	51.3912820038796	56.427606489694	69.13750743145	59.953687745176	63.6263311203438	80.0244195219334	67.9726182919155	88.6855531008443	89.026769313687	82.0886853157712	78.8505998017877	94.7146721655102	93.3534954859066	110.551486364161	107.729954423008	110.675855646307	103.618781521807	102.598716841845	98.4508511718732	98.4794522803432	115.834786200547	112.521016845953	113.595693165276	107.850955654105	112.15342240137	119.736476108347	172.269886495668	168.081534286145	327.206902272274	2997.91328584751	2015.91162026968	224.23236524371	226.907572522068	252.148779402921	324.236291743057	816.823558466798	680.784420163486	463.147531059888	528.981760557728	482.918097671977	423.396116705423	664.293043021696	426.852749045523	715.927027829757
626.047	47.0866179830355	40.7493826180755	31.3164484966509	44.7177453474381	35.596261226713	41.6721524009813	38.3886091174183	41.0911164029379	46.4813695609683	60.7738217011835	60.98277715524	46.9583770213548	56.2071472981406	60.021071618218	70.0641515683734	62.359595063576	72.6262391239477	86.7482216308136	80.5872521295054	85.2671124710167	78.8917399676934	87.8937979951995	98.9235281593669	91.7267631087726	80.4536423087739	83.5592393297792	92.0400424136688	115.19692920638	100.415058712439	103.919144197265	94.2397579165867	92.3974257548296	102.022199872225	115.905123221737	118.457328286209	159.617538256741	184.067550999323	1164.70236752823	3343.42855147685	537.278610230412	140.931972343578	204.66247162017	237.724489845214	427.228939345338	789.644918921101	452.660729858608	401.312125046645	431.865357859875	384.53353374473	406.870492867922	464.954942807626	430.961434754185	-97.6781361997073
630.758	11.5514312530309	16.8865296010691	23.4600883629879	19.9710343887352	25.6987420508823	31.7986990457375	30.2015099593578	35.3113977025177	36.4251410542325	46.615760154475	32.981294507028	39.1243116182716	27.9009150861764	48.8600380379754	36.6839631840389	63.0287656566346	59.662982336534	53.1708614026891	76.8196783120083	67.8020311840546	52.3534386804257	82.4104675818112	81.8745588323012	78.4196385187713	67.0691307320269	65.5377782685101	77.689807176263	69.5271871754824	58.5662194743228	77.7056141253278	62.3046116387765	84.5724901847124	92.2103793653055	83.050792497857	109.546287481835	139.819652176822	231.179703763471	2445.27574583874	1878.51747426101	168.287091178726	146.990384607472	155.829874217418	198.911593590144	575.517618792715	614.444146499574	339.416941475335	331.434617968708	325.919726889181	308.696379956071	221.234854696255	249.527945886682	63.357965275667	-612.103086464812
635.471	24.6771598316786	17.0162524828278	31.1451697136446	22.5958765348061	33.5126784773997	33.7294502198939	36.7738354134584	34.4764643174659	38.1648165702407	39.1448866447011	36.5036406528697	63.3383091198817	45.3908869037792	48.2440660487898	55.2879351712926	48.8315682092594	71.942922301124	53.9341516727727	82.0777378537054	80.2588149705199	76.6985545573005	64.3777960235735	69.9569033749546	81.2376325866134	83.6925469829725	75.5729672602498	85.3424987375275	62.0159808978698	75.1114345154172	84.6065701916851	82.5057207952097	82.260790410981	83.2605220116156	88.791766534918	119.940618312941	146.499603570341	840.459630063694	2892.93968950723	577.599882105954	132.05379871626	153.209589203327	163.661906653059	275.834365685191	635.742859738276	415.819474204307	339.024140074099	360.506253454336	350.416095012146	395.393403106578	388.16811122683	372.976494662122	295.281660129021	-59.6908338119356
640.186	2.79886504249859	16.6322674000285	22.5566843825076	30.7737112730678	21.6713619947323	27.3156257413835	26.6791278315703	33.063250580639	28.2070235590825	31.619585357906	43.3950216717972	42.4124238282036	35.9733711608434	41.7131508305598	43.7977938701771	45.0857975602535	52.1123424647951	71.4541939916067	59.627384105262	71.3371308025855	71.5565586788192	71.749462550718	65.8977005560501	70.6609298757925	56.1332605840127	74.6911279469068	79.7795140989432	76.237588262892	77.9394660335399	68.8090652249307	67.1818427150934	83.4035994260382	81.7479006064217	76.006101149064	125.127478692724	190.580985300167	1926.9639773335	1802.05218281794	142.669962536155	143.722396081147	130.0382259724	146.241699456077	364.782258144659	551.299809611018	315.150290751119	288.559127213902	306.822167723364	356.947069962115	396.132816887574	299.553496652673	424.056996744404	543.694657636289	119.604919831788
644.903	35.3855733879191	15.9811979289294	26.616829271385	31.4831052145681	31.7979666111955	33.0393637280328	38.3343744059098	33.4410430542208	35.0805058585199	45.6161417654788	49.9638190185222	54.6855437286664	53.5468759481338	53.239484467765	55.6985261973093	49.8053081290663	57.4994145216371	61.8435456183648	76.0756902652781	72.1522542593189	70.318104470556	74.113325062284	52.7811673237363	75.9584834788157	61.3876002666641	72.0950513797675	87.1600102434589	184.789145875463	92.0816300148792	70.603929670963	83.6045150932555	76.3543916631042	92.1313505087214	115.13949636958	121.537962912033	618.039462871785	2613.8724259533	593.359281489086	111.933769225562	140.551221360534	159.376249076315	197.216945579526	475.163381202272	432.336188894034	285.11001095716	286.789356778931	315.215082602601	358.054269550934	360.783140213036	499.645128894949	433.148981621601	436.690937420587	665.343625276661
649.621	-12.9191267701249	6.82417472806162	1.92811398632711	13.4245901116621	24.1077828648004	14.4426907430518	17.5923877989757	20.6517901644168	29.3618048661908	19.6110005145566	16.5170880928223	32.8772648159958	13.2281027034902	32.9391867981181	31.3816388699468	40.9986300472888	46.5118229170295	44.122054402001	43.9729598702386	59.6385856702848	66.7260550091681	49.325334180054	45.7139456164692	41.7423941332117	34.5469895115258	53.1749609009806	47.304482546798	45.128747029787	42.0405084663964	63.4201032723657	45.9408832857196	59.1753737276524	69.8199252377697	80.410010054763	142.892431640637	1560.05673520593	1771.71916744499	123.891435436162	88.8998062203433	93.7254259629587	89.4469742584864	230.123520727125	452.283136103858	243.909294698775	223.469615444322	298.04306026748	190.814962493475	227.516649345571	194.499472965716	226.405783325875	198.106798358755	-213.234851990817	-1124.60282874749
654.341	15.0634279905888	21.6567301932505	34.0701997228298	8.47461295401837	28.615529182475	9.68020988393164	23.8207950575564	25.2054948154309	34.8236981553727	29.873336874591	32.9785980053146	24.2820700588502	29.3416667392005	33.7955828430425	40.9264968174904	51.6278163541921	41.2417561950053	48.1400385772155	77.1328434199166	53.2626333244527	57.597959893429	56.0546093181129	73.8020653932918	49.3273023502193	63.5888468832565	57.1981778164182	56.8053800499303	55.6252314003054	51.7919867512849	62.3274317727115	62.7775335036823	62.4981374660338	84.4594427743557	106.51144124651	419.82651833932	2247.32795382953	643.497488162182	82.4157022538835	93.9842255447595	110.053002302656	124.302003140881	313.904551235732	390.858793471456	222.632591760144	207.884044769804	250.486880414178	285.634254606501	240.230759609263	265.967572604654	194.338705331125	87.4710358389138	-91.6157734574122	809.829914627602
659.063	6.86006662542519	13.1033491238192	5.13377647143194	17.8349316793108	22.7643784519049	21.2981316064775	19.3503990628551	22.8951827983017	17.9972825770779	22.4003757466422	28.668988849804	17.6845792307141	42.4220669673282	39.9917014387622	29.4308069506923	46.016205264704	41.5886982230132	51.905820197562	36.8439705114118	38.9835723946362	32.8849430418116	39.2876877227123	48.0147855936987	48.1878174777346	47.9085723932523	48.364673700645	45.2608390805242	56.7987474349465	47.9930046286647	49.2338746526106	61.5759806629436	63.716466905517	96.3857449129949	113.851905247088	1227.62726650862	1650.31503224266	120.70823920077	96.3710928637026	74.6993955989368	85.9835839590997	157.488111956512	357.859049977192	254.808521879456	172.467774834655	228.84919228433	208.390112293411	225.8617090714	236.079658915337	216.9305126247	240.136615384834	273.441318459628	176.374192373514	272.214175136531
663.787	31.3082569065554	24.3636184017346	22.0279627740489	26.0014366651017	22.7621630409107	18.3002442559907	26.1665643567381	22.2360986945996	26.933729555034	27.6796094073072	25.0051157021129	37.5955053483848	47.3624544846818	53.255814337839	38.4254517065761	51.0974861938837	50.4702599991443	60.9740686281222	67.2600169773037	54.9119896165949	64.1041470038218	56.9215176252122	57.6235663793242	53.9950789021178	44.4769379486378	54.1375756321891	58.0959271972786	51.8798756090779	58.3370787020945	59.8480010066137	60.3445180691715	76.5611411673098	79.9798663147751	314.448202274473	1940.25906032063	682.096039522394	88.2273519395732	91.4615378190278	88.0700191802198	117.623235855172	216.222836158536	353.493760695257	164.867645278101	170.390923159613	221.465531371596	264.716883168671	267.672641162701	258.207661167345	276.010170414414	209.951236813642	237.064411021962	434.414148018949	573.388779358126
668.512	17.5271781531087	20.0870994731477	29.4618573079876	27.7202237518202	24.5755004477168	35.3702826511204	24.3219342266825	25.1831172620183	28.935197581575	34.9970429402916	33.6941011129137	28.5002650270717	26.5956973791418	43.7140265103322	39.7579896628472	49.4306572776019	71.5647815222393	43.1244292210346	46.4398228188943	55.7767659119939	46.7018199555861	47.935792741127	40.482991860233	55.2044427706505	54.9878060150793	46.1326813271055	54.92877048994	66.7003740722146	60.2280998227582	58.8806378325068	62.9296035715918	100.152998741508	112.832530145546	988.283229207096	1579.58852757852	129.026841804996	73.1662880580116	74.5448925902983	89.2241399745697	96.0480615813927	299.454905018403	271.767017143363	170.749828338586	182.337029668166	188.353722025754	209.74431024667	213.968681597014	173.461653567688	249.915562687383	338.504181091725	256.915889137004	386.253044734154	1176.99260065045
673.238	37.2806320217361	39.518001973889	18.2707916590632	15.6626526987618	15.1637469607457	17.9437111782076	19.4375197517864	12.1686721866184	21.8885032976707	32.560600877984	22.6962626999559	29.7208729962251	29.3214943126587	40.7594336780485	30.9545270392331	37.6415918331313	36.5460726805113	46.4555789442978	56.8210079985933	45.4245408018368	57.5213292019358	49.0488244978137	38.6698822945769	33.1623205256634	57.2134416544726	52.6722389936037	44.3530725332311	52.5935072768865	50.7946902184913	61.3892407377681	55.128259563875	85.8029370971324	233.150120193815	1607.48756970425	703.629978443537	76.0222070948848	70.6112841663633	62.7221050452302	84.961392209566	127.464728714458	293.547849959174	173.494669315196	132.647203127378	137.576332881333	121.236421743002	193.694013461567	223.084793039557	160.228497672012	212.896491865201	102.162822295287	194.980937497273	103.621109508367	452.103561029311
677.967	3.0449260229599	9.04724291064127	12.2698726492857	11.5445408512085	19.9238790297685	27.5725362795329	29.4853196570745	23.7120615083706	22.0490567369039	18.6663449916151	27.3165218351779	31.3477656652695	22.8908411078544	33.1348543558488	30.831225452924	45.2229390969964	54.1167861527633	51.05054542479	57.6617770374063	44.8605219991324	33.6159321578695	39.4438407080563	46.4127143563973	37.0278585804234	45.8011434931312	33.7645591288897	41.3824569870851	42.0180525883925	45.6850644756442	54.9684749987366	69.5053544309687	80.3354219109189	750.318731178256	1428.6879744905	152.324538796194	59.0642339681627	52.592515678916	79.2066400724663	82.1998876838935	182.762461806357	266.297372251616	120.529146732105	148.318397628623	147.824494133277	162.834263889581	174.404263925778	166.898151346343	215.737729727257	189.948602823209	100.053520498736	456.770078988365	330.540391766201	325.299833450283
682.696	14.368011322639	-3.6592272127067	28.5352069071719	10.5058769318919	8.39413190208086	17.3474390060049	18.8666166198199	14.6296163331469	14.4801134646007	15.3691283911982	21.616391851842	29.560230221977	23.1459433362525	30.9548924287346	32.9461141040678	37.2850244326773	34.9909433190047	37.9324875796923	27.0086451100824	39.9172054838084	56.352767107395	43.6618431385489	28.4931846692451	50.4632932111238	33.5758845032689	24.3863151794638	41.4733375346924	46.1807761476511	41.3899962076935	60.3347030303061	73.5403521299523	162.461406698249	1374.58078477433	710.4945145885	70.9671392848278	44.0710589525626	65.8194420527355	71.7563469106155	97.7834673811653	244.479421538271	204.192676607919	88.3574601267681	125.651630761799	111.325420703126	156.416489724383	185.165269855194	200.649410134125	234.30063883323	196.195885299581	211.008682063305	198.599997088051	360.610138244631	219.283379958433
687.428	27.3864817640096	23.029851534256	25.4029126046345	16.4565797666593	14.5387135540865	31.817734808593	15.9492278399603	24.1437203135829	27.079398983181	16.0194698159496	25.3952058750089	26.5389162144439	31.9538995544024	20.9029206999005	39.9540690829317	32.586531590723	35.9849392688274	47.6482225151033	34.5361545985379	42.4797693432946	30.6249478380422	35.0888037112518	32.0676707782699	29.9156544268011	39.6396786684939	41.5572934398126	46.2375051445032	52.4556256384909	34.6084426105687	68.4885423765639	65.6634831127197	636.854790231295	1356.45769848077	154.03996878277	72.2479415443883	64.7017534656872	56.6224560514703	72.7235322607402	139.822003703157	246.186397462538	131.053464734848	111.064570097091	108.84209981665	159.138803824922	172.246249886483	189.787718469772	196.698033775398	183.867790739242	216.282495963168	224.124809722163	172.081526585178	327.700831681157	-242.89587849674
692.16	-17.1445190329378	12.0405263910436	7.5366296794745	3.93950159703613	-1.6997244470037	1.88179074607694	9.19700343171482	7.20014463644865	12.7987289273063	5.1868145430624	3.03964904980884	8.65393636574666	12.8509386146146	15.4857555620476	5.38003677985043	14.2449619667879	17.3363778837617	27.7147117482947	33.855527705285	16.5330391536735	33.5080501508651	30.1786501462563	31.3932685961204	16.0690886539383	23.8347598575595	25.8294093147892	19.8700778733526	29.1755165108337	26.1907623520036	42.2047004838971	107.098960238828	1227.3864030499	716.098719602511	37.5802310186877	29.2139557217761	44.6196564343017	56.4884885795012	74.0556921849864	144.045986589727	175.969033379867	85.7607285207962	61.0777671159074	54.0324938191448	107.193870352025	91.6841695140948	127.211928949414	121.081051949422	145.602292539496	152.637725453416	96.5748718773542	51.4370677897792	-115.763104199278	599.435165201714
696.895	24.5837735945568	5.59490472678395	17.7048921284248	19.4346482368635	31.4873177926142	11.6831815567657	7.12266173714599	13.669619794469	13.5884984294703	16.7654910221964	16.5255730127817	23.5969099851275	25.4958830433664	17.4469811081272	22.3885000623961	42.3080134269125	30.3549724891122	35.8751857940598	32.337469198549	38.3766984258993	49.691631789124	38.0864760853027	43.9927756867858	17.4226917776437	35.4048516151296	23.3278503349251	43.4071091491713	27.4907212548361	41.813103377473	55.5368908938792	436.105560584741	1291.16825672896	190.435665686184	40.5106712796027	46.105842214674	49.960724675855	46.6528959747497	75.5023839995328	204.329632406625	125.935882882647	72.0479093064231	66.4616407071078	101.224252743707	139.663536486951	117.481377328897	177.508599326734	116.485388035877	148.238168088997	164.199924007463	126.694563577971	254.224031487169	-179.306540217241	402.337285241304
701.63	16.8789376781972	3.29119739900058	8.07685036905759	7.99935630954718	11.0444033751762	12.4184802310806	18.1961328492187	11.696204914969	15.5930780293412	21.8956567082945	18.5164812399296	18.3044306612069	10.7447849684744	17.9683464174495	37.5072286036192	21.3322703751627	11.4790395704882	33.7656704276191	22.9151177707414	18.184382820602	45.9728261119972	10.7886035796647	20.2435390220138	25.0993026453403	31.339481147148	20.4392613359502	32.7345153942688	40.2544206965997	58.4998275550825	88.3298714965493	923.502018606157	742.164123324149	50.179529933399	47.0184000456657	42.0854244103615	58.0025085230772	44.8057498920022	99.4560965075872	162.328382409446	47.8929883715537	50.1665842913595	72.6590493684766	104.854876630965	85.624606046734	111.889642798995	117.825716964573	144.784911971738	122.911831843316	214.409569354564	231.754709705168	132.930707023649	144.654037327729	946.698105773315
706.367	32.0270106649075	13.7982468983895	37.4263704199891	28.333035693107	20.257707586845	19.6563873131506	14.0528212753815	17.1203241420852	17.9316066142447	15.1458854046402	29.0442509389724	27.7854546146602	35.7270820385719	23.865879673223	42.3785032344664	39.5165340429332	34.075088550962	25.627524848083	37.0140719684119	39.6354020018666	32.101129647746	51.0953185750459	40.5360617143483	46.143116730555	33.3206009781713	44.4901839100487	37.3636436727101	56.1087500977339	72.655030915937	352.605833670485	1109.03806637845	222.184630677703	63.7619281433658	55.3817128048751	73.4160491880044	53.9842133427751	58.9450208016229	147.84053378833	153.083526024114	90.9428214230982	70.6074736255487	110.927645166904	104.705134117064	114.99346906179	154.144475110139	134.141338718225	170.017088719741	205.065133439881	116.007635044985	330.74757888118	494.851089428408	612.992840474583	1368.62191812166
711.106	27.5105311034682	46.1594676428894	27.3881471813944	0	19.4128204828164	26.3768256970277	20.812205221829	17.0875813718873	20.0539383864309	30.0448760471438	16.726949510457	27.3301961258308	22.7615251075181	29.8603672323944	44.688179634506	36.9758984294192	39.522038723838	25.487160153355	32.4477743931427	58.6506375469139	33.8506775530082	34.8647042427592	37.4404598558332	47.4861599454684	42.1921559195773	39.4387366169618	48.268390453449	38.4482500304919	72.2570915403857	790.692638304359	684.333676840983	62.8993717912417	44.7575807853193	41.3838586896644	52.8768761058046	41.5653182184105	85.6858332024145	184.927878596068	99.1934315965837	78.6958144897202	80.1987972434496	93.5229603371112	99.4199154104747	113.75310925346	133.656902939604	150.62039125929	121.526323933447	139.28664936972	182.362586843881	21.2699110271964	475.802836007602	323.602813175809	968.155630329016
715.845	4.91098425573383	9.72784826449711	10.5543278133111	21.1021216903529	16.067033400901	5.27053530684719	8.17354292185804	6.48200105213802	10.020806461123	8.3149526991899	-0.319255295869922	-4.54462829361778	25.0098534954999	8.90688021266638	21.4725443037277	20.5721014997337	24.9376628306663	21.2078756490984	23.2498324304993	23.1529373737712	11.4141439388739	21.8752088426819	26.2888442807243	28.5617781494332	5.74544468131676	15.9580646198321	36.6202508002698	40.4646549621013	246.395236193446	976.376572154027	221.890931181651	28.15026305837	39.8112689441338	40.6667146973823	36.0738558711888	44.6742512347466	88.5315399564553	127.993929610309	46.7913256187822	46.2052073241535	46.5286854916656	80.9976905699193	69.6809914924286	101.824156505494	78.7877768023794	103.138384599542	96.0853673603243	134.025512109651	57.0988077112342	224.381851389328	166.984861772405	18.7055926909545	303.135270931588
720.586	18.0521469797672	30.7196476601691	13.6668969501163	5.80728140626951	12.5279530084371	1.98141243088146	7.945756917057	6.93149172980144	11.7611271086806	2.87442296337481	15.0426675225245	12.5291021594618	5.57169740978441	11.2586070633823	9.06376803173777	25.1234721511552	29.7622219659847	22.9286545048095	21.9371283898765	19.8261142725195	27.653428637936	33.1189634780546	16.5276114711561	23.8612331379712	23.0394722857861	14.7982663806497	51.3181044892841	61.8339738382636	621.277102902273	624.485038232326	39.0056331325487	36.3392817929582	19.1730328950133	23.5819556022996	19.5370982129374	46.1036487837785	136.151101832769	92.2882731896235	28.6664832500122	44.0888540439211	74.1543708047671	57.8151316056836	56.1728008183393	79.6720205465444	93.6125226561023	106.922211742852	90.6603110569866	55.122859633697	61.6453910310358	-9.24432084644035	-4.92364886233229	600.08164143518	70.1299068639374
725.329	-8.85953505793495	-15.3007740541723	2.23128095052769	6.29813727171566	4.34779786331315	-4.67980434154829	3.77009750811475	5.0429027662527	-7.19253082043661	-5.23720056680564	11.6628724737804	-18.4468949788539	4.83411257948002	2.75081086848898	8.41000489583797	22.0145026549908	-1.60671965570486	6.75168062760555	7.40175234018549	-2.93684499996495	-10.1348263981467	26.2753819266372	2.71291163815926	12.2960112908325	12.0769849670861	18.2178724790521	28.3701498985732	169.032178777013	823.074932462938	210.311374823841	16.8093314528678	14.4785889150355	18.2191703449338	17.8014963514619	25.6665835550506	64.4451188097758	103.479005962755	60.4458252294769	38.5132896408794	19.206872964343	-3.63197078851836	47.3434645192589	59.7752437484212	55.4440008155149	17.7668832348235	51.1412129689313	63.0907855191381	62.7711795106261	2.22853063088981	-49.9056556482693	-159.482516068986	28.4726341952848	-1159.45557951184
730.072	15.6007389466394	-0.496647093410966	22.4517629218767	-2.95743421548618	18.9577866900688	2.01812053114979	10.1162022857506	4.85368546596035	5.73994537835643	13.1745383153599	9.77958601565738	13.147922785498	9.72843420246825	7.11756409350771	11.9242604027809	19.8600537024223	9.70035318500079	25.0518677164547	25.6019736639239	23.6410740339689	13.1116386974665	0.91169008045558	21.3834830237813	38.0015108227779	29.3328835292742	10.1840692237526	39.4026605628425	515.068210591623	625.564344675924	42.4830336064	29.1078343677977	32.2875101593108	29.8901585072594	24.8330382866483	43.6085497356507	100.176587807863	113.589189061245	37.1970801497262	31.3210243594814	42.06352423091	33.5003987171891	62.8560860338202	77.7516400566234	44.800481872655	119.183512100104	112.49328844705	112.539258893439	161.41422525535	53.817812277252	-9.4155832505996	255.758140920747	28.6499480293	571.43319657795
734.817	25.8112881929216	19.5064040149728	13.1142407186654	1.70193023734864	0.367154620992245	5.75850146351131	-1.78287240694968	2.66621338509455	8.54522594745089	6.78133871309803	8.20736852964125	11.2938219228313	11.0219942024188	-6.37152767873633	12.3960821582968	21.5392120459835	26.8648828270852	8.552297576227	23.908131890443	8.928184999365	11.7373258290291	10.0996104859054	2.74913804811005	11.1251821541062	23.6324884698905	37.332531154447	156.702219087216	740.503128472604	240.44045861461	27.9894582951855	32.0869105821657	36.8780850760079	24.0814656213748	23.3689709471165	43.4909907007216	93.6798660911043	72.925916863848	44.5476206584292	35.2852006230806	58.3900461505469	34.3510505378662	7.32961434360882	55.4025388052703	49.3741371546446	90.0206516315487	80.7492080006796	-10.171200093096	77.7448025619959	-9.03315576163001	82.1796014646062	20.2015173829555	19.2352258228573	-575.479922386581
739.563	5.67624403134746	20.238662555785	18.2984521438585	3.8737668860577	2.22848368540811	-5.48264028505307	7.47187213841774	10.5638135235322	6.61039165501812	-0.596522468883582	12.2878205428058	0	18.9960566380094	16.5164481439929	13.3236309504143	14.3963606833157	10.7059096306391	18.1681751667859	17.5463343607387	23.5829289993969	15.3365905437402	15.7895615597104	19.0037087081729	21.608149164506	32.4447349000096	41.5006839260267	450.98356005911	610.554224042017	51.5074840919617	31.5500655544613	26.8489247602779	10.4296076558878	27.2029295826188	22.8105959857427	50.4654558752098	90.6661579889277	40.9844020199613	61.4514728976441	38.9394992186526	45.1692063127762	29.1648041468087	22.9179921441243	90.4196837132271	80.9484596683234	91.0649728301392	96.3162953962093	92.6027571458697	98.308390973026	54.8276913637645	121.502017541087	403.608497780454	77.83348754726	921.747018031942
744.31	16.6371425323413	6.64790571669275	20.8059024595653	13.9206858370381	10.8861894415801	10.736213645412	5.98933976720511	15.22009461358	20.5571787240208	22.9102635100066	10.0696429568039	13.537882673318	11.2690957612748	8.55011148057626	18.6149218270647	19.2693362808981	32.0450262362969	27.106496487472	15.3374915460146	8.6212152418762	5.50021283775278	20.1827011929864	25.2969375782158	29.5739524046121	18.9846675026616	129.608479118895	676.878671662227	256.911596863698	32.2265693673789	45.7871241870815	26.7310311400069	27.5691398972752	25.031702623701	36.0489048332539	82.8288479932719	94.3986271867283	39.9607113621709	44.5111877266118	44.2754073513001	47.993385911118	39.5113107270083	55.8638911350838	89.8761076517362	75.7215803475789	68.517788444489	65.3082775038398	99.5354655081915	86.7139195179165	117.754787998822	197.128496241051	134.253692503354	314.663350833488	907.08826783723
749.058	-23.761866245634	-1.03320725170281	6.53910078222885	-17.1392262545796	-9.10133462710229	2.44908265292147	-2.89374162005547	12.1628225296235	-1.55754544073213	10.6586079309526	-0.339085147988152	-3.62018103715435	10.1193472176292	-11.1053486471124	-24.4067045909598	7.54814488378644	-5.04506891703876	-3.97502770059656	7.74712015057099	-16.3940213309088	-15.153885999467	0	31.7077147710888	8.73304232001114	12.6405004242969	375.002494422295	544.527738510716	48.4024409627225	19.6170311571556	5.78188342210706	27.0042215663486	-12.2871598997627	29.4330220165291	60.5543870502735	88.9601159789239	37.6801642441188	11.8153489077208	36.6003065300224	33.6839747031075	34.8847407948821	24.7093570721281	13.0763604107231	12.2076825651534	62.4273236164185	70.2511434686135	56.0171261552421	90.0472077446199	7.30001112216645	60.6453766411427	101.203892965608	125.193010767925	-178.807051068071	222.898058702433
753.808	15.9494102733281	11.0576011322168	5.23681046339225	-3.13551454903214	1.54610152046654	15.6906976535817	-0.268133601094394	5.61376097819834	9.78983506186062	13.0366470791015	13.4789961844454	16.3995505721137	6.87615114060991	6.28845370197395	15.4969803235815	4.85905760960184	8.14186005781088	9.90386031053304	12.8315119335988	-6.26615219369043	7.20800322207183	11.115750676665	8.20017719185123	39.3527806836649	104.404281099629	627.970825709998	250.225347013111	38.7021277700336	31.4812029414902	20.6263104745825	28.3583406557106	16.6983831550754	12.2534583753594	68.1947336170919	85.2867857650192	41.2506879941573	24.0857803733596	44.2332602277847	10.1309501403988	33.7485945201985	52.9535238604004	9.82076891662745	61.4362235270282	34.0552552323281	100.035066580658	30.4511520454615	55.0688080202341	126.490124064119	64.1907262289676	139.75552646751	159.504989293284	-232.875685879254	-732.058773507539
758.558	-7.81896909318794	-18.7644114962788	-9.2098604577708	-9.5775704137614	-2.36131836538005	-0.726180949889783	-4.0951308064727	-4.76319048666696	-2.42460747009302	1.58019943152366	-1.05569746000247	-6.26164573239434	5.68845153532704	2.98796789899533	-3.7370703460422	3.29826896016512	3.05417101394326	-13.2924520345257	4.52243436151851	-21.2669378927298	16.2507686954934	-10.3336925074409	25.0478105689282	6.67804672497766	329.311656038381	570.788260412652	70.3126541757838	-1.29909222438977	9.52944392160611	-3.85738740947373	5.94463530939528	14.0266399468929	10.3251697941945	63.7216526846802	48.9031914792072	13.5174649943204	29.1218941360409	26.0457803632137	11.4612753712531	31.9077577620427	0	27.1410304139098	60.9696110243266	36.4994073535651	55.7515931778204	21.9617369799222	-10.9025100073983	5.68190854523227	-87.1437619644972	37.2681353341684	16.2405057969857	288.655356449888	-642.559337829032
763.31	24.5400357993924	17.4995120332375	29.6660521599235	15.3517912095723	18.8673197192867	17.4069134723653	10.5820344868533	6.31611979791259	4.3967114918918	17.7302003388729	17.9472239770002	28.9544422047124	28.565362549731	30.4778960740687	10.1650392934458	30.6992663797562	17.8018180921449	12.6235040751262	16.9142505368898	50.4355750029474	21.923259685634	46.1777877766643	23.0444571574811	124.557659637174	586.91051640471	281.688449947326	22.1359180510337	33.5692298237879	31.8116672265491	19.235898735381	24.6877262576964	46.3908727971103	60.5583597210733	88.3068333757891	56.4089286857503	33.9778089005378	42.7334220393117	57.56235218973	56.1155522066415	79.4887596195493	76.4575187842372	89.6100878309294	88.0355848100271	80.9755917793789	68.8975128926174	97.5121070536068	73.0794621078687	117.845194056836	118.517940863214	342.128481492029	254.006707030046	672.993113140665	524.339146384015
768.062	-16.100254047576	13.7993982757427	-6.98683877105824	-5.6346966673449	3.64669163383838	-12.7100427084862	-2.81079877907464	-6.62041105405121	-8.87569039263366	-1.30153282306903	-14.4921042666427	-0.42978422451838	4.50509493025899	9.66838208375512	-16.6727257822624	-9.76286206571029	2.24604551184512	-0.47191126084757	-6.20817921699088	-14.7795759066284	18.3503507073147	-11.6524517266558	20.2261312973005	309.39636280394	508.10528351116	58.8568383130781	9.83092527649404	7.13332396112702	0	10.1492002603058	15.7381223981771	13.5660883099912	51.8232993441635	45.2451743043532	22.1158950123737	4.47335091896768	41.5551726625592	24.5811416701816	28.9102780250506	2.52700540449355	41.2942292074519	5.14747222425003	30.1632170995802	46.9730827023551	9.93458397234714	-18.6208300790531	60.9347855906208	29.2494349200817	34.8911332988107	62.7871428209913	133.765086458983	-137.980647502026	52.9244633474903
772.815	1.23769224039044	15.9971062823926	17.9547134461465	12.2007333376711	0	-0.37358668096517	5.33711608205834	11.5170788595427	6.92971648100233	5.85316720167901	11.2242270723404	-5.58363620154629	21.6106821486079	1.31757598478792	23.4978421173504	23.3311044812608	0	27.825030173505	33.6062185822457	10.9408608733721	0.539372429544659	40.5044514599595	106.624885477249	538.890200505089	267.155515262574	28.5047618944479	32.1534443475919	24.9507315747875	20.5011978984296	32.1921614898453	23.1552555838257	24.9282099252689	77.4641103593702	57.4247718254047	43.2631144666859	30.7967891817719	69.38973400436	46.8977439325718	65.4489161015424	56.8214066133572	31.1200762436398	60.2605534214657	68.4350381288381	107.030412983371	92.6637247383365	62.4729696959882	64.1010249339827	109.128337683012	129.513093106552	202.185264572324	94.6899191813557	562.178183047984	687.579796177043
777.57	11.3662987207184	10.1316417619849	14.7583519658428	-14.8435633082232	18.1801050098299	10.2924564169336	0.286626892926326	7.00110195173383	13.0105955803793	14.599399397946	11.0835757316635	12.2714443273106	16.0790050192844	7.61846058715242	29.2081454541452	10.3883778795772	16.9487413295372	25.0236619245549	35.346383237862	6.1401371654696	30.8205694372198	7.23277061426777	357.848730554822	494.787567644858	78.8359359613374	16.1587886485325	22.7839436731222	31.3695461749361	32.7429489288318	29.2485622216665	26.3020506115069	51.3189741071444	67.2996251613905	19.8393710917491	46.0643634745333	39.0272871502269	23.6014049225804	60.386855903378	31.285760150634	61.200781006249	46.9413549681822	44.9919070604775	68.1674373911272	91.0101527299714	86.6732497472629	97.6541439923276	65.4076975705495	95.4453199670603	45.7453258092192	284.561002476581	90.936596384847	573.637950647959	-296.829002172227
782.325	16.0296589169982	19.4322885011113	23.2535943186795	4.37579227140639	9.64959884486933	-1.93536547338002	8.73123953254358	5.07780569701069	4.88231706143104	2.02148850395911	14.2554176999341	4.45015729990446	-1.39942649917788	16.8367297121398	12.8370398707671	8.35079476399618	28.3728704254333	10.7499863644061	18.2132231421334	22.6716480669749	32.4129334240409	76.0645622947218	581.166672625282	298.495403306881	36.6494485598162	8.90701265496533	20.3586643660692	18.9269534480412	42.0208079787076	-0.913816243229349	28.9704528330686	51.2031030638046	62.3739140502203	36.5419534638451	31.6697700608981	32.423201871987	55.5549886863753	55.5322791652455	60.4806255835075	52.3312439413375	44.1595836773107	45.6848406140245	78.5025521917201	89.4935585648628	62.8629499154899	41.3158933745541	142.792380505502	109.029713993054	175.477260168726	162.530780578376	259.698199418353	219.801025257688	27.4000502430362
787.081	15.1430561350909	-4.69500915055317	-0.530614362606548	12.4811792274508	3.87726385056712	-11.9238269064366	10.758669646293	2.08563109581333	5.89805037065235	11.4165632971766	-7.70420392422379	-13.2517972817843	-0.478994208185373	-7.47613994189173	-3.63628825061443	9.47752475622477	5.25372756385396	17.0594715174076	-3.30035430368221	31.4281113641444	30.987427732922	217.080512347102	576.3335894054	85.1115646085037	3.96136867201694	7.2205644857897	20.9050257161756	10.9025005374231	3.31911629902486	20.6434831806038	28.3534929268013	58.6259382830037	54.6290315918063	41.3710965629623	26.5160510601522	32.2364054443346	38.0306044400482	27.9173085556449	25.09241691979	25.5244322920219	-3.59878456158315	35.1831565679951	84.076376342791	53.9385333619306	43.4245388374689	33.9397437062257	18.7542927621164	70.4906399878676	137.789682466732	111.261724134315	-23.7037926551843	45.1399561663968	196.94765887338
791.838	-18.4170120748048	-1.17260541921148	6.36115081851707	-13.9652619900503	6.02540616588617	7.94145079018916	5.97119855300097	-9.11572040065662	4.41921555781912	9.33169763549803	-6.54217475210856	4.10860831231843	1.4355785548735	20.0724941618777	-0.908183812162142	-1.35260918666011	11.9286231107578	8.52140138974561	28.5751226918207	23.8387690117354	102.617219601993	446.113912718515	324.407980962379	3.65152648586025	6.43093430742373	11.5416148841274	22.7831994582709	20.8365783042955	30.3165550120209	12.1865028527009	22.2891453230448	41.8347536608001	29.1697459936929	30.7577101681109	26.9899563444914	30.0931101822939	38.5521720271255	52.2196318942553	33.214966472707	44.9596314717449	49.614701219536	35.9298632370053	43.2959926128098	30.9344581051575	39.8646406136503	72.0514853162704	45.988285143646	159.484582904292	187.952085789367	118.563211489399	207.205528066348	326.944913260931	-224.863111021363
796.596	-55.6125720570243	-27.4734677667228	-23.2197024233992	-34.0407881259878	-15.3447594198065	-18.2018744659327	-11.5570997320424	-7.95935643944719	-7.8029894970008	-19.7159936151322	-3.92018864941673	-15.3461669479159	-15.111276381711	-29.0065760366844	-4.16313043490476	-11.4821927833015	-9.72106958062718	-5.10617680985028	-7.83694039022688	4.73831253897693	185.706916910574	436.353086599175	42.6759248498656	-3.71970246638711	2.01569333534489	-0.979758591300138	-1.45053588453492	-1.92960077505023	-1.93016134634457	16.233733463927	19.8671337887683	10.8907124198092	26.3595137696028	-10.2808037402779	6.10974966046796	19.3610304477419	18.2130838234429	17.5300388841997	-0.638398262577816	6.15211148726073	-22.7068416356599	19.0960138833417	4.41043522839478	20.330336271371	15.5269457664092	-8.63490889843391	-32.9663450430491	27.4286909829154	45.8428352730764	-120.776850971135	-78.3989765702149	-252.657977505647	-1145.30713648732
801.355	-2.89203857422324	14.4361992666782	21.4429836102245	20.1753846462655	3.02775837667078	11.8719403531527	6.56363558629284	0.916127412579749	16.3217759401064	10.9413857669781	13.5364924722385	14.4519904951109	20.6193382404542	16.8302155008816	3.59384387033388	-5.15427238581492	17.2031153207819	20.7172875855147	48.8066578576182	54.1974395367973	342.806509865177	270.209292753684	47.2310419886046	21.5599231503388	15.2255048084611	19.4529783883951	33.3915360334171	20.821723058037	2.91588808124395	28.4398808610069	59.6180778315773	43.3284853336671	18.6177162551548	37.6129129072925	27.6899331469086	39.9267174398261	28.9884308533789	35.4840336248517	35.2704384344788	31.2749587173535	47.4237058814481	43.959287217819	47.972370748952	78.098692107403	6.18633055546146	59.6330379761222	95.85976517605	187.602292843001	155.96837203474	231.329628443595	286.331361581921	366.818513398371	1310.01730616606
806.114	5.20566943360184	0	28.4352608744282	7.89471573114736	10.9756241154316	27.2356278689974	5.25090846903427	10.7644970978121	16.0627001315333	6.07854764832116	14.5517294076563	6.0216627062962	24.406563631558	18.8826808058671	24.7575911067445	14.6698521750117	22.2381734634498	15.8685607037985	34.792865007411	130.89192944736	368.516998105065	108.840870986598	41.563316949972	30.2756367643056	10.0053317312745	19.4529783883951	35.0611128350879	45.3913562665207	25.4098818508401	46.1632848758373	44.1010438754134	28.6131506920443	19.8588973388318	47.3331038833344	44.8313203330901	56.1759629095228	56.9942030337619	50.0951062939083	53.4567582522569	59.0093560704784	33.5127521562233	51.5147897083817	7.61466202364318	45.6306965121905	83.5154624987298	79.5107173014963	83.8772945290438	247.707881812118	183.903005832007	159.65002526389	426.894029994864	475.87266603032	519.06346093372
810.875	10.4113388672037	4.12462836190807	6.0599736289765	7.45612041275028	8.32633553584465	2.44422301388438	7.08872643319627	4.35160520975381	10.1039565343516	20.970989386708	6.76824623611923	6.82455106713569	10.520070530844	20.9351461108527	15.9726394237062	6.74020235068106	-4.19588178555657	19.3949075268648	25.1281802831302	272.009790882794	205.683905919106	15.6162988806857	15.1139334363535	21.1012013811827	22.1857355780434	19.4529783883951	0	32.4818879705378	35.8237678552828	26.3790199290499	36.7508698961778	17.9854090064279	26.4785297851091	28.7379559291673	21.9761374181814	24.6060002826835	-5.89595203797537	29.743969362008	17.6352192172394	32.4551458387631	29.0865396072881	28.1614183739153	28.9357156898441	38.6105893564689	55.6769749991532	69.5718776388092	163.26116256546	116.568414970409	55.8692675945339	48.8724567134356	249.889188289677	148.710208134475	-370.759614952658
815.635	-18.5090468750288	4.12462836190807	1.86460727045431	-12.7192642335152	1.51387918833539	-0.349174716269198	1.83781796416199	0.458063706289875	-1.81353066001183	-11.8531679142263	-0.676824623611923	-1.20433254125924	-15.9905072068828	10.6728195859249	-9.98289963981634	3.56834242094879	8.81135174966879	16.3093540566818	92.297739116882	282.747019470273	83.1809913643444	0.946442356405196	-0.472310419886046	-1.37616530746844	16.0955336546589	9.72648919419754	-5.42612460543027	6.24651691741111	24.9933264106624	36.2711524024436	14.2920049596247	9.40146379881456	11.5843567809852	26.6248709343756	8.35093221890894	-1.39279246883114	16.7051974409302	33.3967375292722	-1.10220120107746	38.356081445811	8.220109019451	24.0402351972448	33.50451290403	60.5484242180989	49.4906444436917	47.2094883977634	134.80279477882	147.531900196923	114.06642133884	-13.0326551235828	-57.2662723163842	-69.3980971294216	865.105768222867
820.397	9.83293115235903	15.9829349023938	8.39073271704438	7.89471573114736	15.5172616804378	3.14257244642278	9.45163524426169	-4.80966891604368	3.10890970287742	9.42174885489779	18.6126771493279	10.0361045104937	5.89123949727261	-7.38887509794801	9.98289963981634	7.13668484189759	21.3989971063385	7.05269364613266	224.220685603316	222.41402074063	31.7600148845679	31.7058189395741	16.5308646960116	44.9547333773023	19.1406346163511	21.5674325610467	7.51309560751884	26.2353710531266	26.2429927311955	35.8589802160522	9.80023197231408	18.3941683020285	35.166797370848	21.1308499479171	36.4803881141812	29.7129060017311	9.82658672995895	42.2677459354851	34.1682372334013	50.1579526599066	64.4962399987694	32.2826015505859	49.4953031536806	69.3235581627509	47.4285342585379	163.990854434336	158.767736072833	32.7848667104274	107.082762889523	74.9377669606012	426.894029994864	277.592388517686	963.974998876909
825.159	-1.1568154296893	25.2633487166869	0	17.9824080542801	-7.56939594167696	9.77689205553754	11.2894532084237	9.16127412579749	2.59075808573118	6.38247503073721	5.75300930070135	16.0577672167899	11.3616761733115	0.820986121994223	26.7541710347078	26.5643269115077	24.3361143562281	75.3756633430428	273.993811933362	92.0333878926747	2.52063610194983	12.3037506332676	11.8077604971511	30.7343585334618	7.83025961578001	28.7565767480623	8.76527820877198	8.32868922321481	39.5727668168822	24.3181589970929	31.4424109111743	33.1095029436513	11.1706297530929	29.583189927084	20.6575691730905	33.8912834082245	14.7398800949384	37.5713297204312	35.8215390350175	36.5858007636966	24.660327058353	57.6965644733875	63.2016947962384	61.4259376125641	53.6148648139994	150.324949898141	161.763353734584	18.2138148391263	97.7712182904343	114.03573233135	140.562668412943	-59.48408325379	370.759614952658
