Wavelength	500	495	490	485	480	475	470	465	460	455	450	445	440	435	430	425	420	415	410	405	400	395	390	385	380	375	370	365	360	355	350	345	340	335	330	325	320	315	310	305	300	295	290	285	280	275	270	265	260	255	250	245	240
248.336	20.8075737519083	11.0389946579606	6.35182736749718	16.208535445316	2.5749341177225	7.78923055072658	8.42082227675183	8.0345303893604	6.05422520165915	4.7240977286494	7.88292133146753	4.67855695598219	6.94130250593666	14.3377943336348	-3.48462097633611	7.68433622010542	18.726191676408	12.8311499374779	15.0089197421321	15.3769065543633	14.1670268632531	9.63547219843336	18.3049204558857	19.1049341951343	11.7990504955555	28.261715314754	13.3431851017989	11.6881545411585	19.3321793937792	19.5196673491937	17.3638320600212	18.1690266900049	23.5404463638341	23.2488142174586	27.9759254573596	38.9363773146142	75.2787788916213	77.3735992554537	76.3528814694979	106.622975366486	111.226869178297	160.961226648408	457.088491572053	808.693048130263	1088.02491826874	1177.9303731899	1108.96385413089	1094.23073796504	1340.6592086818	3065.55279538228	58400.7594066224	195182.167864634	67995.8091235906
252.814	-22.2271246308558	-13.8224269867316	2.71700402012548	-5.10869299446901	-0.440572826976372	-3.24493749525556	1.83375553733385	-6.14802265527949	-10.8767577724904	-9.19436763438827	10.2281932505229	-11.6740166853208	-9.29170209777906	-9.54024367520893	-19.4765465757054	-1.38053443544776	-8.77634655415446	4.61037722132325	-6.1793353996155	1.18819276388988	-9.361605337152	-8.79272148414326	9.86574726963299	-17.0285118179976	9.58941812695513	-21.0944160960308	-11.6226842281879	17.378011260077	11.0947377565097	-3.81694538079137	-21.2693902749667	17.9765792641536	3.82298236825494	22.471569654416	38.5836887078107	30.5534861986603	41.9620587358029	69.8039010755127	69.2211903862944	97.1356413401592	133.216904838985	440.084697925646	885.900660025771	1268.61198213839	1313.7459216631	1318.64871018462	1333.32589092687	1364.31047691357	2757.92475905484	52540.709018132	209030.878984477	87409.7536065528	4080.27089541199
257.296	-17.993151031979	-22.595095518372	-9.1399393624766	-2.52728328730777	-11.7694342873803	-16.4541071791188	-5.44298088868845	-8.72761699860091	-11.9572432358686	-12.5957819597781	12.4551703486343	-6.46818530142375	4.3547006111894	-3.30370779694771	5.96458362816049	-10.4719592050726	7.71854353404615	-8.61622416310754	18.8974026452865	-13.5194448958258	-30.6817644708304	-14.1367897352373	-11.3880900345341	-2.10601191791821	-33.9564033544163	-1.45611080307487	-5.74977115190849	5.73129728377211	4.77269104615394	-25.0193454976586	0	8.42500328625644	6.61933651150732	28.5168601392313	49.7278249272021	55.6864241378414	60.0320206451686	82.7581210502726	54.0362414105463	125.00564783287	350.040773626975	731.696601839863	1145.61233583109	1350.8031660391	1335.99795418519	1369.21011828654	1413.66886944522	2356.11169069601	39834.9138860191	182838.664869006	94166.7358797556	4024.03793191342	3789.87482173142
261.781	-14.2009212448742	-7.24045058708442	-12.5480428214354	-18.977517830135	-11.5005586000705	-10.9953230136692	-3.06844305052692	-11.0032089260255	-13.9534842704844	-5.68062837784409	8.29416653496458	-12.1893775346189	-10.8017031188395	-7.66262079572683	-8.8459431451976	-4.62012651983238	-9.79037065186457	-6.17167540909853	-33.2758359241928	8.35050658074614	17.0355524910115	8.82777379556225	-15.9581799556819	-3.73983667460083	7.09405530183968	-16.2532745721736	-1.45862727837912	-17.4472889534089	9.20175542143578	5.74824253316929	9.49074711424268	21.8478732959143	27.3473370423144	27.9562111922434	54.0286228020803	55.9689467333517	63.1940116351573	91.2276592750797	96.2758567996661	309.618075432447	707.475632388002	1138.31079225514	1378.48838681681	1370.71079432545	1378.18351144506	1399.35390157794	2172.29629209407	29997.5101161047	164091.555890549	100823.172596382	5690.15384993141	3084.94296431826	19535.1864286826
266.271	26.1359751806125	-8.59152527139457	18.8662229061393	12.5200716427657	4.94875735986447	-7.86965542989611	-12.1714007647818	9.55347640154724	-8.33002851096301	2.88884520644384	-4.82050558841728	5.721992901797	-4.99375744447796	12.1774189634927	3.7882481342749	-11.7476707348415	-5.47670958040199	26.1546988223453	2.86816977689797	9.09984372802338	-9.55952021708694	10.1009357085876	20.1486405555777	11.9546031931309	15.9766645263557	15.529108141361	9.39581734933885	30.0685978152991	10.8367150508015	19.0009945359622	33.302542013318	23.1873150254541	40.0139963401496	58.8631301186396	69.4673478895163	84.2931733542868	85.6983678309028	114.907686099384	286.629312883868	688.775341297904	1082.31927270628	1353.00656279944	1411.86514703086	1448.62182717344	1401.73183874035	2151.54653062214	22940.2904999205	132896.29322602	104674.38362874	6915.61431791293	2396.43007946889	14729.858527793	29647.570806603
270.764	7.57014586411761	14.7370286571428	2.77608333340487	6.26373345304331	12.1541247538233	5.80211860403543	13.115404699134	9.83223707485545	6.1740361708118	-3.97450840622662	-4.82335292900634	23.3786052988339	-8.99407281634561	1.94953789300212	6.63335006016445	20.6881131813078	10.4617122706317	12.5616708894761	9.18356456386921	6.67716042137118	-1.19564584547346	12.3528802889391	8.96024080247292	1.63113606132683	33.0035643961735	9.52346240135558	19.297543202546	26.6338255682414	19.7147563663647	20.9621889698481	23.6636004741174	43.0185414835633	55.6620730770591	63.3901115893062	74.695572912138	73.9370130392055	91.5428380163626	246.551866992233	592.41433776117	1025.09776721761	1338.07861656605	1411.12250760155	1408.23135801392	1465.93713340715	2017.08342850871	16676.3667420971	109652.671163186	108571.7554795	8919.7386096371	2521.04320382103	9045.87246965586	27627.662978377	9642.56993968966
275.26	25.5987781966885	11.4202698366163	11.9566427561721	14.8174714298254	13.2192025946435	4.86814931950388	10.08719516959	-0.267346140679923	13.5980228242649	8.84208777045878	5.11487736256749	-0.934063910783927	16.6297947652579	-9.54170012484051	15.3053370948231	5.06273237451211	-1.95059697430365	3.07405403928173	21.9118974228679	0.594187078942424	12.288982801174	17.5881276284278	17.5417838433292	38.3200007735834	17.1626310972265	30.4198479035879	15.9836305627067	5.79355475097007	1.44736063318419	27.199887641886	25.9998900827325	52.991690718515	48.2725207396744	46.9043483459715	55.3455804644798	86.8494806789481	191.126657365847	525.414730923694	952.095460312212	1322.0616466058	1364.4076062735	1339.42090044096	1338.23784264429	1860.91495807793	11955.2617167611	89192.550551341	107253.624325719	11172.5141918655	2890.19788768094	5992.62520797138	22814.5315253126	14114.1982180642	1637.90975846035
279.76	-1.30991004952634	12.2720720637225	5.81239466404908	17.3868129756808	0.856820477018123	13.4102662147317	14.5622472803924	6.75807651763099	-3.23170548079859	3.09480407446879	-10.3283625600681	11.3517402034086	-6.65751027965501	8.34918550638398	-0.450925501492643	6.71211489391136	6.16349069687238	6.9737138099725	24.5812367987385	13.2869982290151	15.3615926106818	4.80936764276832	5.86262748336382	17.0758680496199	9.8154628543513	0.954050101454449	13.6563716886958	16.8982685560452	22.9840955775907	39.8994163824642	39.0664173866541	47.8408547387257	65.5199495396336	60.3283478760404	106.137962479219	147.507629733175	431.195236269418	881.814206040608	1274.57205432376	1266.21315426336	1299.63997086748	1263.06301898225	1647.20379499687	9481.02252237727	72182.1080739142	86785.9730595445	13396.2441400075	3025.15695492042	4576.47488319717	18162.8771864826	17822.6452146728	2270.77960771203	2483.14238898385
284.264	11.2200766998325	-1.66852108480961	1.00578290134047	-0.945570198640607	6.52366522663594	11.2613791162697	0.282842172086604	8.65824046680027	3.63491520570502	8.18168022607952	-0.364065522693846	15.9895411470948	18.5557925697773	19.4238861651995	11.5872506997424	0.425872860817772	-1.8049086491801	0	13.5168784050842	4.94827004721153	3.79037659404806	6.61151004777577	17.2460791031354	-10.3418917432239	7.47330338428804	24.5158405747158	12.1007680702957	25.4639870675862	22.767395784689	53.4275555539054	47.2411278791794	61.7300382282437	66.7795104822891	62.8411832213956	111.350577722565	391.396460993893	761.458880323523	1219.60668402939	1270.63914614301	1232.11890638922	1228.8165705072	1381.96439161961	6458.51164687421	58674.9637362592	68725.9506531413	15570.5690789316	2837.09071638281	3583.11735002489	13296.0155061646	20060.3036003772	4843.26055246409	1850.94524951081	1900.89162979603
288.772	-8.83945369859456	-23.1352377289554	-1.42628512488384	7.59842441146132	-26.5969367223353	-19.1635043679581	-8.02188190312848	-1.40321330850182	-3.43641123162301	-8.35366591236724	-7.91622691312578	6.94534852320037	-5.13437687779356	-5.42547348820139	-6.49153596405767	7.24708434394627	-24.7419584900465	-8.51554353967929	2.94893469453054	-10.9154343944137	-3.58338281988655	0	1.91814879650812	-8.84596342100088	-11.0393495419382	-2.14602056097809	11.439940949039	14.3595659316145	13.9273332272071	39.2390634750626	44.2477432681084	41.3893188174833	43.4820958268119	73.5137955139528	281.163333848702	619.048489235971	1070.13861178399	1208.28453377246	1149.02088187028	1147.59770150666	1139.41887991516	4088.84495961647	48209.1198934437	55502.4158558555	17661.1371096469	2376.8758166121	2871.60773644696	8997.61042271098	19608.0531902754	7210.87839361869	1750.40362317008	1710.76137341981	1457.09455276534
293.283	-15.2514533360749	-6.5520611528824	-8.20296584224515	-36.4172251949362	-18.8436923559183	-22.1109715985432	-8.45828372640094	-19.9515091259772	-10.1352640744154	-11.2696449781259	-14.5163147028967	-11.7484257662924	-33.2203968840607	-24.0026307208101	-21.778542495635	-10.8059298020591	-8.99584701388751	-24.4876398012738	-8.0089600233269	-16.9400210599537	-33.8577082040843	-31.3393776755693	0	-29.9005819366422	-13.9678870930592	0.411412207637252	13.4025445135549	3.23866241931979	4.4500000090815	32.4107513201836	40.4315899058617	38.880125172592	65.7255573270364	218.773621458654	550.086247909169	943.125572156522	1135.63171174578	1080.47940641519	1048.66410592447	1081.22705409546	2711.84538581011	41679.610186914	46133.6860158082	18195.4795629109	2107.59791884279	2308.07449803329	5723.91625171263	17540.5042859036	9963.68612316701	2517.09147043827	1997.66728806442	1611.73313330957	535.3990794467
297.797	8.749582486021	10.2464580330115	8.82365003417863	10.7840316789676	5.36546009549431	2.30522006502656	4.2182965873888	5.42557328716549	5.39656781872121	11.7714612142285	10.5399249675872	4.54945684120154	12.3083935112946	-5.03466787541892	-4.14145885338234	3.36253258045257	12.6674511907506	1.66361161964414	15.5069362882534	-3.37639267867943	11.8759498975688	24.5394048676703	-11.1248840159461	19.0097933409734	22.9469349210556	30.269876387376	21.2318070738227	31.3534663984318	38.3807346533905	60.816806725147	55.6427429937458	81.0408364817971	210.285630490338	478.719204312327	877.533725954092	1101.91379242521	1126.10664875729	1083.1420104874	1011.08615042882	2108.91201176403	34772.9879012036	40362.8285943174	21257.4356223978	1745.23593071181	2017.384723981	3777.02968823383	14319.1115905563	12694.5935734875	3262.37363373686	2263.37831009873	2129.23957035424	2013.89833375031	1757.77898424379
302.315	-8.05261634189001	-8.14295048899086	-7.79595253041056	10.9938541999697	-4.21381396549909	-8.7288396830358	-3.41031604108297	-7.45679273397585	-2.16728422421185	-6.20079826011107	-2.82191865570357	8.56021241128721	0	1.52077816164756	-0.7392120934528	-2.2006635179425	-10.1039458756054	-1.22487454790513	-14.7754061360888	8.5232615738226	-19.1201196942331	-6.13207946308634	8.30017952920787	4.66547435097372	-7.6430844781652	17.5949473188604	30.4928974104481	26.1627198300164	39.6006974054506	44.4926449929151	46.3365870257963	143.656353173994	412.493556539213	767.42970609366	1100.21044740051	1086.4473371606	1019.6252156502	958.762200543511	1585.80347325927	27512.9112761383	36471.3736905633	26317.8636417097	1529.28562895908	1525.51606336009	2444.79780203481	10173.2936059531	14091.0331993702	4064.57210620796	2200.25904552583	2116.28881625748	1725.52705683975	1558.47922987197	1592.8708457369
306.837	0	1.43300576543888	-11.6614956673623	12.9936150869443	-9.80496287501276	-14.1853233437752	3.40085752466143	2.33706355414852	4.32254651662742	-8.15110953548002	1.87606137351509	1.11345269346668	0.777395256862631	-4.54968084371808	-11.0574283148023	1.09727998726271	3.48781935020415	5.29306854523721	20.0923998082098	-6.13861610241189	3.25535683181087	20.0923798620159	12.1979184812248	1.26887308668628	19.6564438025686	26.5141787576762	27.3290012332162	42.2046665265145	48.3092132682372	69.0188248996394	115.70801878121	360.212832928541	720.906150159087	1002.92902058639	1033.80705742101	1057.87133524694	973.078606122039	1383.21665073801	20596.1249981725	33861.9461096078	32408.5457693456	1509.68295143049	1206.68944837903	1724.54985077196	6512.62713222764	14042.1763387271	5512.90765840413	2257.49203050815	2158.53039410791	2002.11760299343	2107.79151733088	1900.511726265	1610.51486361294
311.362	-1.06935130681906	6.20184467173875	1.29408438083138	12.1661207742705	6.64496002823227	-2.57589051413475	4.85222853626267	-3.18287766209233	-0.2398380144427	5.05291608775556	-2.81053598677854	-9.26704717287641	13.9754319951887	-3.40794867378676	8.83476433161609	2.92238237718962	-11.9984188017735	0.813289211158626	7.13493678873321	6.60246347351757	2.78677984017038	-5.23486690364964	15.6632199195547	28.3023556158467	16.8270896705257	40.1104321943321	36.5207650264825	32.5714852931916	60.8845911101858	112.108549489128	319.295759364853	650.793316493978	976.052455386199	1037.72612589847	1003.48425793356	979.092216601456	1221.67581095357	15711.5794879815	31644.0948102755	33847.1951951906	1811.04109641055	1014.80045726206	1322.48764656625	4124.89774544771	12262.6800249931	7325.12051256584	2455.20582715862	2157.82437961011	2118.12850934551	2037.59145209963	1876.91719634466	2004.54619464542	1850.85336509722
315.89	5.34135933718775	2.85950045535711	-3.87833426484908	-2.43076797608475	-9.43330601482681	3.21661290389554	-9.45229453865632	3.60362005874322	0.958383655352166	1.12173677851869	-0.311966548520322	11.4795389504656	0.387814575594246	7.18729588080144	-4.41292311082531	-0.364929053195516	-0.386655070708727	0.812468249518156	8.01870135996234	7.0669272038027	-21.3437452392174	-3.92218698893991	22.6018129068854	21.0998404930735	26.0156368906119	38.1248004853729	42.2445154778786	63.9287916612269	75.3594781914976	271.66447712436	558.859478348081	926.99769425167	1009.55266519111	990.190779997512	925.574913552323	1074.17145783027	11261.8882558833	29964.599150531	31622.728016918	2223.10253794787	877.474063435006	963.65118430004	2398.18686463241	10039.5482440968	9080.87862646318	3001.07736063897	2571.713135433	2262.19905261732	2149.4447924359	1956.68322482556	1912.24386440165	1878.47265680031	1276.68015433275
320.422	-3.74493645770082	22.4352748774383	12.0852426979805	2.02888241220548	7.6987010729151	3.22176172063869	1.45652688936645	15.9237721586929	1.91983547088305	9.55002486588993	-7.81164779670351	13.7233169400706	11.6530604553826	13.2609483827071	-16.5749507082752	2.55859235358179	26.3346311577087	27.6681379597474	26.7717895216973	21.7066002134978	19.9836985429095	17.0233492637606	34.3923332702644	33.813783849385	38.4845981464034	48.7064115681327	66.545450364349	77.0673985391519	249.812329671653	540.787942457316	888.623620022169	985.219985726326	986.876311297053	921.544390569072	973.429462857294	8077.48387590584	28276.8068308547	30007.3056922816	3116.79206250912	853.004874245588	838.982167718604	1363.06938096481	7100.49334808988	9710.94126383699	3782.41844750129	2913.53113096517	2937.42089469855	2705.84898322185	2471.21086579434	2439.53125676348	2246.17252031695	2058.97758673328	2204.69608636391
324.958	14.3531561293012	-0.98512463695454	-7.12598617704254	5.44324488586382	-7.58301157347166	-1.99467578465546	-5.00985204134911	-1.53359392473515	11.1433093221214	20.8682355233876	2.90183558862063	-8.41991482211259	-2.0040861976725	13.6836586698845	5.70109973577164	13.200754362126	-1.5984754348752	10.9162133637445	15.6542662631593	9.25156543177094	13.9069873576354	5.40492032628784	11.6798037360144	42.7422626492634	36.8157267110748	37.7947626789181	69.0635918956057	205.73379318635	497.364246880943	863.826236540738	1016.89602679473	979.403202750039	923.159209964438	937.306669932858	5476.25620331922	27546.855147946	29141.4513590519	4358.93525803343	777.620818996382	752.703581248473	872.28888418617	4333.52914201804	9667.08759093018	4318.30899502556	2658.05277846447	2882.05698002507	2870.34906581811	2854.78824699206	2346.84966665034	2143.02053634465	2029.25287694176	2033.03219652364	1797.22921757392
329.496	-20.7811143299848	-19.5442423111814	-13.5937504881069	-12.3539422087077	-19.1037582783901	-24.690902908195	-19.368747744659	-12.9280606117385	-10.0775441669499	-5.60273240929141	-8.20093459901822	-30.3719493221796	-8.15585385312488	-25.8547647983273	-29.3882698165985	-8.82574932381145	-15.4497913404417	11.1061890610828	-21.5478864196948	-15.3573529022531	-12.6853208558915	3.20773983176309	-3.65632869387427	5.76856554859201	22.3055166519398	22.9078770044233	182.932623141529	426.678934225049	810.919037021716	981.505800916749	930.148504811918	930.570243468187	860.325336895049	3914.68415552214	26513.699348986	27994.072945154	5958.37512670842	732.609125100549	652.410641530539	657.616281480129	2355.25393329778	8403.48247460553	5028.87216082411	2284.46531484027	2556.80319777695	2722.93871341113	2809.40442729325	2530.42282921952	2257.9739936339	1805.66989280591	1560.65694394079	1257.81884487219	763.806527409221
334.038	31.0890283550309	1.00869897360562	15.0490585284436	16.7205102486181	2.21842153747216	-1.36160599459984	7.18163508599903	-0.448655228784166	-2.53554936753822	0	2.97127740999635	-2.3512925407825	14.7747211128368	10.4082552568304	4.28085446232906	16.6061730577017	13.503001424962	3.00931123208181	12.7288146337967	27.9202979950807	33.3898427013278	30.8996280376656	34.9579685923308	47.3377592647475	57.1804459112538	142.034308942915	411.698947889874	754.314341477844	1010.84103188243	996.211266721743	928.579421399786	866.270087468351	2793.24187077733	25655.0208053198	26661.6453012192	7851.11102268145	730.480390788153	654.993207036268	635.278175418847	1370.98521061675	6585.09183449547	6100.19917139485	1991.1340001864	2211.24620843099	2591.02108344893	2870.11027805593	2894.67997579475	2603.90470068307	2336.62899797568	1971.78274279683	1797.1609869843	1866.0133947037	1747.06088688613
338.584	18.0459822752346	20.630109287164	25.0232761979596	-6.84370042694174	3.6887473559058	3.0564694658617	7.67666600791134	-3.80467660486258	4.30038244969953	-3.55296530306174	8.89304611787	14.8567939797821	11.055201021712	-6.78952820176642	3.10608870064398	7.32050081900844	17.5537907828639	0.428899119599951	22.5762353546735	-6.96379770475081	39.68044810672	15.64384320759	44.0544635548244	52.1283263899034	126.348778104821	354.873850401006	724.976476127042	991.821081821916	1021.81183821822	925.578366984673	846.475737411727	1946.74103297636	24994.1323537129	25550.6136325495	10651.1809052672	674.537500996145	617.68003993228	602.07530423038	812.450898262485	4475.88078119418	6861.07424226144	1931.63527477299	1531.78729634831	2046.7657908778	2389.47647609387	2520.32973497276	2605.27535697428	2333.03027337227	2110.42452348292	1776.01632999108	1881.39064613773	1543.58913628594	2045.10465988961
343.133	39.4393729707091	-7.54067710439252	18.1820515549384	14.5295223909116	26.1660805158091	13.2325508824262	21.2192923879817	9.39116628445009	-2.02185292150563	15.3820591638086	8.55581808203822	11.3276785347955	11.454135716989	13.1675819099067	8.14600317409723	11.1631459794465	7.74921082974996	15.4262039556978	26.314779000957	15.9026500735562	57.7530560048876	22.5248564034337	42.6386107702666	118.850385572594	305.660864909668	637.694518877046	966.15364646185	974.759454294537	919.594038981612	840.118745959701	1496.48037965695	24439.5588083339	25008.3793694569	12847.9709216794	706.228140995426	573.929438979045	600.511584956594	632.228342874147	2752.78688860858	6715.04885965334	2735.94450953627	1030.36193247231	1387.00021935412	1884.02588290294	2200.83952588708	2336.54962246568	2329.04758102679	2095.72606752996	1843.82467858428	1635.76309553644	1624.46221381179	1495.44059344674	1300.23636029086
347.685	-24.8925846399796	-12.6195668462585	-2.28211881860721	-16.7348715370844	-15.9123431082089	2.72555096285241	0.770121793982748	-7.63368985817886	-8.62827233479081	-8.31676671110762	-0.991276482555094	-1.96109339323501	-7.80446700010932	5.20859746677396	-2.33701707220063	-13.1417402050383	-15.1527324217616	9.89622950760299	-9.43684995912717	0.499004978741396	38.3330097511579	22.1560605178735	73.6589349048674	261.028264026832	537.957848401721	845.520964847891	905.864802354952	888.763262589974	821.684561664325	1201.44960267336	19529.6205925277	24846.9878628434	15707.7695090757	695.083460782975	553.493871364903	554.682666228652	567.263447861802	1641.16393624371	5852.03280303474	3706.26579845205	914.71924005937	902.543104466872	1317.05478549191	1770.00895450083	2011.79666847056	2043.67306214843	2090.8861525713	1842.18242122969	1778.33774187553	1497.11996080688	1379.82816566058	1191.89571370138	979.194407459869
352.24	8.60308699049111	-0.511740959428556	-10.642455016012	-2.17507140783873	-14.6310678846878	-25.213487407008	-1.82172130900365	-6.37322667185702	-13.3780868224714	-9.03365461563438	1.0049409469076	8.35013133295192	-6.6627784065656	-0.406184346255045	-9.47692875119125	8.62069699487573	-1.24553582660591	0.436202009411888	0	25.8000646422334	8.46979653308676	36.4998977037887	205.821045909852	505.237170899429	834.606169329136	865.948502215946	886.599266111136	810.584312778381	1032.22745084353	16138.4458417907	25212.8912459129	18938.4473475011	777.211800217451	522.883052328652	552.909952899208	557.308016070635	987.925982266749	4621.91498826694	4811.16073746313	1119.2246184349	746.945657381745	917.0027523928	1266.69951414213	1613.50974776084	1767.39071168024	1876.25080114535	1749.48537688941	1698.59680353196	1486.2861440122	1379.77939420413	1069.12008125418	1389.09878689193	425.439567361637
356.799	-26.0968830266684	-22.7675304150945	-22.9257280855835	-9.67696712967227	-9.10407296915555	-17.8112051225138	-1.84202282896842	-9.8965280318431	-3.12165556487532	-2.43582051748123	-3.3871338365899	-18.8966552263258	-9.68447969297147	-6.16066383101664	-14.7730840197485	-3.96216693711547	-5.45747043421119	8.38019901987254	12.5756143762707	10.7419464403319	50.3775596692517	214.815674462316	455.398477763961	769.73773728705	839.127026016729	822.378570011903	766.38586213547	921.030707462736	12548.858163728	25764.2802741556	22497.8444317503	985.7019228878	464.940664430385	548.478930850372	559.508775859047	723.205453260031	3065.16006999362	5296.71793698645	1710.90111408709	707.676420282383	796.637195888657	912.255795605217	1254.46155829468	1455.51183271856	1617.5165992649	1676.19091861633	1654.47517789477	1463.01196043278	1355.28877288191	1268.32350086737	1086.08606979068	1029.38331321328	1314.44110747335
361.361	-1.75190897929038	-4.68942848419429	-0.471130494883711	-26.1326080879955	-4.58373912886828	-0.351671592285649	10.5991519507081	-2.31754706309411	-1.57169816279446	-9.81113912834953	1.02321705597649	21.4574006168044	-7.63194304363314	-5.37642712150479	16.4841842124997	7.18157058611715	-7.18639557680473	11.9916420023311	21.4300260383039	39.1463647963751	190.231552615399	433.099972766951	764.125097743468	844.765171392216	827.467837810184	757.502222437059	851.498891301341	10073.4111340894	26239.0276157656	25183.4025464587	1319.12041685165	455.67841334069	517.482521331662	528.156914834221	603.900241405668	1957.00572383035	5108.12544656998	2518.37235342075	813.23113963797	746.762957649993	797.136212730864	920.664252461795	1183.58491680176	1359.1513334728	1513.24359529035	1552.63887339318	1447.21545002917	1449.90230189813	1380.72950949372	1229.26335844075	1027.52243168273	1152.80132309297	192.522985975221
365.926	23.4301088214305	21.9508189910771	7.5611043003097	17.3268406470127	19.157228605338	14.4625600446364	4.51839379725811	9.99588033430659	8.40798452979735	9.84109591980071	11.9739817229465	21.9290102434604	14.8852005514151	17.0081978090374	23.3902910852835	16.4079685730312	17.3848154682081	42.7671346527086	50.3189160854633	158.613538022947	394.345616649758	704.442885306481	850.825839448227	827.907900388221	743.966408426624	779.866407755227	8241.96929630608	26323.1457974205	26304.4618417562	1754.72317974338	448.037116994248	455.835544927984	531.11446717006	561.207368743079	1218.99389052569	4284.90206923167	3408.58216006686	979.653555724996	806.32549327956	793.938409217013	877.438020812727	949.585524316242	1125.59528406861	1304.6364315672	1462.48252373413	1489.56023384416	1454.59984295942	1457.92472908288	1265.71164699922	1386.74348374897	1275.56907430864	1117.4532828409	2196.63563493527
370.495	16.2678613202302	11.4046571712823	-6.56222924115961	4.8473633529665	5.70048821625378	13.9952101911908	5.00895204929358	1.84459359171859	-4.16984607759658	-8.5410179313791	8.8227101216268	6.04191547696975	7.59306760951595	-2.46878805594766	14.4001909008313	30.5646762358463	33.2254931406953	36.2335502344794	129.863457846003	324.899655437155	646.520888067733	809.64434307018	796.164214688647	750.953596303164	722.250957044504	6313.5112884136	26230.6779192165	26146.3994197415	2405.02795696267	393.859188295919	433.389990153489	503.548958986654	532.571481791946	811.165360914227	3151.69905006796	4092.89314055922	1326.04319310248	812.861488608694	801.419632236584	820.301858557352	862.148092988897	976.630647438397	1114.94411442309	1277.53857371499	1316.32627928874	1312.34787718073	1336.89262646829	1344.44707276061	1244.05946814358	1219.82513413748	1260.14765503672	1802.31732604365	1556.28132041506
375.067	-19.6857752264469	-7.74911288969532	-8.40808400250056	7.90472143624171	-0.757446500916557	-4.88144774451857	-0.52544158810335	4.36581656438022	-6.2332200351004	4.8637669774689	8.79231390809589	8.42953961382879	8.40767532222346	6.9708004955512	1.59450877956747	-1.58230514684133	25.5667399510412	79.7033887031274	239.033374328578	560.742544225946	753.436089873445	753.474018913326	712.8541283142	720.005319307187	5178.03925018574	26449.8498579029	26110.7505287599	3071.91774789969	363.657927126953	392.502255128727	457.087462445403	497.340898487157	644.113833578434	2216.40552256785	4375.44383280922	1922.81968793772	876.921041744599	858.685349749241	885.457407774325	914.405000526424	929.263679831613	1024.88366881909	1143.42860870109	1248.90342082185	1269.21378115669	1301.73229234281	1251.67532336045	1181.66720904264	1178.57800791817	1392.9008536536	1291.10995170913	1536.77684616696	1025.99295458016
379.641	-3.34652758695465	19.906287591828	9.89958004955723	15.6525587666982	17.8767102949595	8.73300102207112	2.53083599238529	-1.32810584437754	-10.7581903921357	4.68535296933221	17.2653449964723	17.7873785166825	9.31415212250978	29.2304166518719	25.3443065658954	33.5337772871709	83.1729860291358	202.766246722425	459.599811639373	699.568616382673	705.933369906009	671.681684223729	676.719885687661	4295.9636843785	26214.3619198152	25480.0155838563	3922.40352261089	361.759518533457	354.712085267495	448.82610009958	481.808429207723	554.703013224641	1413.50572735259	3956.69569762818	2618.67919556236	947.227165654081	892.179998746537	930.336023047476	941.324605219465	938.799231570634	953.648967140797	999.065412998571	1078.31113999294	1166.40612805424	1181.6405186361	1265.72320096503	1258.00126466327	1239.31486572074	1279.44658502263	1427.19375026017	1486.66885718682	1683.95998754604	3102.98192308343
384.219	-8.30260090825404	-8.88960640131758	-13.8431692684941	2.09910115592221	0	-13.9997151077366	-2.2604049835821	5.27196385065911	5.95884044122158	7.84631681506501	-1.93968133247026	-11.5121148731902	6.430062849648	-2.35198355603971	-9.90808149711133	45.0014502016821	132.223533091532	359.50536915565	616.749917546454	651.766046057445	650.551527749332	634.953927124214	3538.44552896302	27445.8730444209	26030.8882613402	4820.30857611146	354.589980629217	332.426127886549	383.723256478823	438.350312741276	490.1798337459	914.742681135152	3264.94513003742	3323.18530239577	1159.3972297624	888.475327944889	929.654394200629	945.998034282171	975.905422041927	999.750705181254	1003.81519310319	968.082289773408	1088.06543432474	1143.45707437662	1209.46786580201	1195.49313159256	1234.40884969819	1231.5749420047	1126.69828069113	1228.69151811267	1427.13242306156	1515.03989391059	2166.94968211455
388.801	-25.682914657276	-17.1867078961695	-6.90675396700101	-6.89910019977931	0	-1.9333092355601	10.439804595766	-1.27406797683154	-8.40037602714528	3.65195649914929	-4.06258682501414	4.82233503297261	-3.8848602711523	16.294147895523	43.1004943675992	110.764947049237	261.444047418955	474.082149500448	595.303778663451	596.065498309735	574.025294125905	2542.9217142565	27333.2809308481	26537.5607247095	5479.55859674874	322.673363466129	264.677705943271	334.769237953784	404.656806714963	437.386620196097	656.323086801277	2277.72594045295	3629.52132755394	1478.54409017919	899.753302806142	899.744372294486	917.141969526976	960.362886718992	995.344399859847	969.131329261871	979.036614115077	996.701925989519	1070.56229878796	1155.73918320092	1154.17223946118	1150.02063840341	1124.19429815738	1180.67915426973	1248.33375894341	1401.30447138582	1342.28648478006	1056.25129315309	1367.08991253697
393.385	-12.2876644959626	-27.8660275332177	-11.9786267564462	-0.776655744148118	-17.0795585828105	-8.63302777967992	-6.27252946926986	-4.87649320282133	-0.91864074854133	-1.3440247912853	-7.17671296797537	-1.06485460673619	4.08905658013385	14.5036804109108	82.8360313811515	179.445310254697	347.271871967734	453.247784621467	510.276710011606	517.975339512045	2135.7049770817	25429.1045082846	26153.2727016096	6604.62960314296	318.423788623519	224.85633271282	293.019837481747	356.291582185253	422.039682174556	509.917641480273	1486.69462446958	3408.94938541529	1945.18334108818	869.663467177071	872.914106148848	907.391884536703	966.383339708756	977.038577571716	987.658835560698	995.493348024662	970.569404133667	978.342489838985	1034.36527161325	1099.77486641964	1039.85536665951	1139.22606108112	1178.10012191729	1104.62116951711	1252.62047079939	1343.67198867862	1346.83596327208	1469.3370417692	443.077519608387
397.972	14.3723137674873	-14.5925018026997	5.19784082903817	16.9153763806932	-5.18677056676519	11.938113051942	13.4927596887915	9.24410411672671	14.4500603162926	4.16320548246868	-4.34186367298352	6.52819696429728	13.3138220422822	83.53448050574	161.392426554659	303.384470181994	383.870186593	427.43133109046	448.888268673328	1454.78753866649	23134.2288911748	25374.4813475401	7952.06077079646	325.768726618443	250.669661545379	255.920240498428	345.64181624305	407.399356443048	444.023404348305	984.030146006543	2917.85586174035	2465.12375651595	948.314959871554	828.525452304071	874.108528099626	918.969681846243	953.807297495147	994.025207202149	960.715998877949	996.114404625137	963.068734395568	955.164083462122	1036.00249929608	1033.45559000476	1121.10954689898	1143.44707296914	1155.4430291209	1244.17631495758	1321.16539041842	1474.08156464426	1502.30320682479	1282.53879665861	1776.84793783436
402.562	9.05324187056483	13.6046578655773	-9.61039997511621	7.95085188385098	5.29843739050897	-8.03443899783123	-0.216207803887711	2.26918574579516	0.427472449031722	10.0066724887152	6.12250904505452	5.28544382355654	65.7319407316585	140.379593369287	269.987511634584	310.89270990002	345.957993441562	371.086440605592	976.01978915332	18314.0943561619	25941.7300991704	9056.22547074238	347.801220352399	224.740956810404	239.932514393111	301.578243130811	342.933926589033	397.8365467015	667.140252048899	2189.86820066658	2827.74364259733	1121.44779882329	785.312834839691	807.981211534129	865.542451000424	912.73180303291	962.357628275698	968.040089395705	991.507665921139	969.23625372545	937.261579993787	950.750503586308	983.061424607248	1052.01016652383	1067.03315003652	1102.3640349717	1125.36234840977	1222.5221420307	1298.19862968541	1331.26754857921	1407.01873070574	1897.05090631247	1453.06338752374
407.156	15.5932517941729	13.4914880798333	0.381218250360489	0.358396047733933	-2.47264120350547	7.68304753215828	3.8593671872759	6.56340305160282	-2.54349922249541	7.19448848712831	9.93531142783658	28.500531605904	131.742623579216	232.912136176072	275.549407052944	285.708174984133	308.874756716727	689.639825435911	14553.1926164576	26090.6349194165	10391.9247777707	405.190689232281	226.093571391763	249.750428283946	268.032798757844	326.946027730176	390.362987350578	506.281634229826	1552.62302269425	2930.45809832511	1480.19904448115	779.910427213594	817.668967364558	847.183426573573	906.78005526536	935.974935926704	974.640735814852	996.715241300865	986.82400015448	969.274818867393	939.678909358167	950.047452173946	1008.01396866807	1008.64857305975	1078.01303644892	1137.95633354528	1136.33549270216	1144.1940604314	1359.5383895812	1475.20638440401	1695.78045839013	1669.62745029941	739.960720346473
411.752	6.04155272707604	13.2691260559814	13.872600308494	9.51720538865556	-3.34384598542987	10.3550916202838	20.0331695276606	6.63966238686031	0.625394537779545	2.6839664025769	22.2574446668947	88.6030899702876	244.295864753633	273.505691788761	265.568541691495	266.393622209461	485.112418430194	10848.8402241747	24223.1282502065	12851.2146805683	471.126002689516	210.06271381339	217.450894527877	261.422271192017	311.671838576966	363.19064021445	426.365194311927	1062.82130294112	2674.97080664102	1927.80409942353	823.4548312944	762.160110751516	806.830208796546	864.230265707082	918.807044700131	932.753464129549	964.05462860646	979.042125968508	979.323026510531	988.450731724195	929.716505289563	983.997855987968	1001.05476895257	1021.20156493393	1048.85385884043	1110.39602978344	1149.3703673563	1315.03124800539	1384.43082004835	1450.89254479683	1704.26439913548	1804.0073232794	1934.32261586339
416.352	0	7.7542584858891	-21.0341679281633	4.51007081942943	-3.88947751006163	2.47907155728749	7.2642107706832	6.71644637637525	13.3364584783941	26.4162646307868	55.8344275163819	165.848746860816	279.630135036142	237.121403793625	259.17475881999	384.692967085364	7898.61388412204	21782.9358491641	14233.6465327781	630.185115934064	218.1387874042	195.17996126429	257.569111474003	287.653716157286	338.973034099945	392.441157283471	728.777838463115	2144.88838927642	2306.82914941568	960.684670034035	760.07146619634	768.448623875349	853.489654105981	888.084219793193	917.413722214184	947.160137921194	976.957653028856	984.438771149412	962.580280246162	954.406238925944	935.81298660905	1003.88754225935	998.32856529156	1046.11613168676	1060.33813137765	1131.39495239455	1220.39487382237	1318.15073279712	1444.955486529	1540.54427554967	1912.45156516747	1995.59551291508	1696.46293987387
420.954	-20.16699385876	-1.99933597429978	9.40054282279414	-4.41888260997093	3.51769564723572	3.5084800270225	4.88045976873922	1.77855348808275	20.5048423830619	43.2937941070736	131.397953618346	219.353369270398	249.246893146945	236.135734989657	326.751756569848	5828.55626010045	20346.9675135233	14534.8713980579	774.832257409012	199.2263376483	197.766790462637	217.560279126613	266.948736361001	314.411910845465	355.290528313391	512.457687779288	1618.84077697654	2458.68038237433	1218.99934776826	743.802364248245	738.414007501082	819.641132636353	858.17231537025	878.579227178087	913.38977912555	918.73673477607	927.020912787905	958.929171317299	943.54060823662	926.973977014385	906.720429874752	922.082902762379	964.178395145487	1009.55695185701	1052.23871157201	1154.74712872985	1232.0226499532	1393.27880813137	1450.82672261113	1560.85301532519	1670.79081704518	1910.64057619651	1015.76597155407
425.56	-1.31900374477266	10.5919436533762	-17.735592841128	15.6733954634117	-0.575179147195874	-4.50112111693608	0.997506240311433	8.89883651737752	36.2885995397711	101.33709870648	167.171405796206	197.519844919039	217.073104886053	285.220262054466	4458.82922756414	18827.0679552975	14247.3888252884	929.595850295735	189.21441259334	173.348408866911	184.473040330747	233.16970315582	298.028578471573	339.372548317421	408.192846979097	1091.96535804932	2307.98496087049	1503.04291787546	742.486283752964	726.289780841071	758.36771151352	818.323004987877	862.819422774037	863.534447111721	906.364553238943	905.885680760838	903.912008927313	910.915061216953	920.696629262776	924.937329841327	900.477555927411	928.859901077092	951.055816535534	989.122754678292	1045.3973358544	1130.10099876966	1220.93239216185	1321.01393691307	1492.19388419799	1524.08066960267	1554.89284734646	1487.8945817194	1431.37748979688
430.168	11.2142621326691	6.54234437411649	25.7501644608655	19.3014451514613	22.5702154913245	12.2079352572731	22.7026308696475	38.0004385208812	83.0007962997847	151.722968211102	191.455205966885	214.700351772169	277.148771502399	3315.18131214524	18700.1485914098	14398.7648550944	1130.88310425472	182.060170559696	157.202167891007	186.795500316961	215.439930909187	285.04692723628	331.327501764217	393.24257958622	781.489166382349	1984.12571098424	1793.08672441824	810.509802364095	718.191355298103	742.743616522705	784.825407088612	827.925196538863	873.361991400324	893.745418771503	902.480081183288	900.351757604597	931.409037893556	907.102104220612	926.390933598274	932.599903641201	914.14240154926	927.409517690484	1005.23602353828	1026.43000269129	1079.91665267583	1202.15969050446	1362.6118311592	1518.31089107738	1639.44922132127	1740.39425268616	1822.16941383405	2253.85062870361	2204.04957461942
434.779	-4.3026192680437	-9.21364093259228	2.08274020181531	5.87416150261426	-0.562874114143276	11.6598358264388	26.1612541101559	65.398828696565	123.134912961475	134.183320551719	169.626195990936	211.490132441722	2634.12176786667	19096.1496576386	15749.8550157313	1380.73432774721	158.222609970029	151.83626250443	153.228846116738	196.584938164418	239.580765483299	296.284787609699	346.271976136771	576.522335974809	1576.56211682598	1997.13096001453	935.183675557915	676.546683963205	721.67169016126	759.5171230841	798.604541883366	839.497238302534	862.371376548995	883.75604928064	885.352815617105	887.532950360106	896.890204656487	885.277071201767	891.669325473656	912.09244655221	911.90461991048	909.493150140602	945.793033911825	995.618122665677	1136.78674941808	1218.23766595881	1321.15548827356	1408.95548167755	1531.01055697771	1667.91178019876	1761.49102218829	1962.83065735283	1932.68792674491
439.393	23.5069462377097	-1.1440418274801	10.3444096599092	8.42844257879454	13.698656246732	33.2024582152956	61.4771363988757	106.859306758806	126.725086201367	139.797930822879	182.226954444189	1866.15252646615	18680.7854778968	17796.4773557609	1851.75947239524	144.250430502501	135.203170430627	151.47607659598	174.666389443971	226.189446419168	257.66414915494	308.959273906681	447.610440155289	1195.00977890439	2022.12226891718	1166.70971668697	679.435319700965	695.324625391128	743.193782184679	785.041571009862	807.087096580306	824.90581592989	877.85958601522	884.385327995504	871.73026618776	886.729437477624	870.052669579867	904.588257074976	903.870097413561	878.437634820018	887.35988977208	900.934732069919	957.257679408468	1011.99326204991	1137.45430229642	1202.93386909744	1301.54553459314	1513.69810510944	1587.74634392939	1691.86619871562	1861.45776667314	1999.40076474498	1831.76257587167
444.01	9.71913216657939	-11.3111830437247	-8.18204428068725	10.897303055568	15.4787555627493	50.3862278404891	102.774479208228	111.354048088944	138.183055488916	150.199156173227	1194.78831559404	14798.0732499365	19339.8784734406	2554.54869369312	155.649149716804	133.093615169096	141.935014552559	163.584458564483	194.191845547908	229.597908113064	304.309270834085	343.049445779925	826.651106413948	1811.15978461424	1417.60767601253	685.716415856911	660.214761854997	700.795388416425	772.62779438231	789.643485384534	811.610451557522	823.897578339254	855.950653394092	861.522710512964	859.016303265741	847.791519960547	864.493333052389	843.403076923621	856.606435141318	867.235995136569	875.509109815304	884.31344923005	949.736119307408	1040.35646481058	1099.44955182507	1278.30133079975	1343.53661291716	1503.0832037513	1604.54821081972	1686.61685148017	1619.57844011474	1948.77486203778	1723.99961510103
448.63	17.0064132514773	25.90681567668	21.0824147435464	24.2247919808334	55.3486970705614	104.162628433794	112.551399231699	122.637537785675	141.406728540741	902.895193946107	12632.9885901578	18142.0595171301	3415.18518313515	159.510335338034	127.652614187407	135.460730238831	170.849240267174	199.059467175566	238.011010403473	286.103510859988	323.20815890862	599.351258968762	1494.93630073036	1606.42165640072	773.611786375084	635.629895167732	660.286381892993	713.457884639748	751.866746187223	789.795671754567	784.733044774663	821.546391328084	833.422236513311	839.944359711114	848.514997161404	845.385939725294	840.544449165477	821.945029587612	806.419002820787	847.921895104686	861.630689532496	907.929733548936	962.9475243174	1015.00099953802	1184.51258048495	1286.19980442128	1400.69931280728	1530.14741503495	1670.80447788521	1793.90432943267	1947.45438906668	2449.60517234593	2427.27807906413
453.253	-6.15055589224371	-6.58540879364621	5.62371060195596	32.9662414782483	82.8762234855317	89.3878897920246	93.9583391979584	122.533930626124	636.762948695385	9476.81028193585	15086.3932071399	4043.48475689437	166.122952407526	124.868154488231	125.060498418084	132.507632812179	161.470772945983	193.036025010371	223.656022475076	271.25136761092	408.552177181963	1110.69593759842	1691.35019446172	894.10714293063	571.792946018079	600.870378437452	647.707639738027	686.474133484209	741.782045434255	772.030931247427	780.919262389274	792.260152835402	803.216239108453	808.31157058174	783.778177854998	792.950275943163	779.821247576092	804.466208847178	790.605158206685	793.958072634485	816.303466495758	869.146510874836	904.529477095567	1002.75613755024	1051.04432665619	1187.73174789246	1316.14148548901	1507.57824691311	1616.34463229834	1667.97665914587	1753.69579594588	1571.27540022996	1419.39971741566
457.878	3.65479674748802	17.75431512956	26.2096752087484	77.6178700645021	98.0156556875732	108.335664245949	121.79880375563	475.423904761385	7948.83015173416	13444.1452948969	4068.8124798027	201.297192751384	130.026430804731	121.652549439066	146.502597855441	179.229660754976	200.188786209116	236.269010290806	261.128838339342	340.992817580977	829.343318853362	1606.26546040659	1117.92033016906	582.63146699332	567.503920703811	601.59106438901	680.303168427143	717.116396499065	731.730601060662	749.350603744683	772.259381517142	784.916145511169	765.805815744068	778.732686065366	772.557617131197	766.893451110975	756.243344831089	752.457252948973	791.798136899758	796.550942224599	782.10907390982	863.635036041571	923.236788229929	976.103081560136	1071.49665064373	1240.40912865276	1405.23658973992	1489.32184431723	1656.41755145774	1685.21928085997	1786.33026681089	1711.08529078899	2192.2714796936
462.506	13.2894679331311	24.7930449730614	75.375910367542	86.7465983639313	107.73711077802	119.560459897927	422.659008162699	6751.92806673516	11387.0154995974	4715.37935060319	204.865128705758	123.96171614158	125.436312243998	137.467748279983	163.306047259034	191.495925465745	217.472524166161	235.222835200253	298.254055604738	560.871466424869	1370.97620798872	1327.09342101782	621.654555687215	521.152617170451	575.75979344193	604.213719194754	662.773749019207	684.599483439954	736.892979129409	747.967890840356	751.989384557392	755.477708445193	738.865073072345	745.968998928823	755.204967035749	731.03052124246	724.186833903221	731.447892083341	732.435021717985	748.500713402259	770.381463648734	853.145545949166	878.956945394029	1008.91966519477	1088.67385907374	1197.87813152415	1343.59778295032	1427.49820820568	1636.33564749617	1583.12959320446	1876.70967993523	2024.20038528645	1991.48581665627
467.137	24.6498316657084	66.3362624471853	87.2453128361449	85.3393171933139	107.143997923107	347.405495961758	7146.83465166449	9925.50511053985	5145.83559828402	232.325352523823	102.636248566492	119.900910629462	127.590068124906	137.123331635159	174.363275653375	201.278376485628	220.744324517748	253.39082969863	398.571714087235	1013.81315617012	1380.78499533349	700.015567014364	504.701973294624	525.503461720845	557.993777002097	576.531759545624	642.891340552212	662.196103235311	701.873834616913	716.185035170425	722.316441470248	705.637451617212	722.395130854058	717.717271944479	695.533763233799	693.868977081529	689.182653316788	699.036290542076	709.22922178756	709.289173586614	736.069014019691	798.431673227872	870.334248379239	933.062724442981	1052.52132720652	1133.22919255956	1271.11789690587	1411.74273392755	1536.10465545509	1660.77022493575	1672.70385355922	1734.58360746213	1736.72258306167
471.771	70.2312043924273	92.5876339841987	111.092943193459	116.711911178738	271.244657491141	6476.66009219944	11278.3074992494	5831.98463172564	266.717171854855	107.511926462767	102.086913206794	116.528101049057	156.986751947407	174.922056336107	200.203156418562	221.044956750303	259.910257987163	336.687953149624	720.994961576236	1330.46046724137	880.511878274785	495.108564222577	469.402742417413	501.249012766145	552.867460913321	605.486350830283	645.666455403396	657.16506214362	704.735945608416	706.271967990411	706.307396399483	687.251833754287	690.873019308799	698.242328702104	689.952045835064	681.375350316729	650.396992174324	673.632700660792	685.612409847465	726.183224971879	736.446760227869	770.149723703633	841.69338191557	920.665641760433	1015.51020916794	1224.29032750582	1350.35208732966	1447.0313926765	1490.45480542107	1650.3097752891	1904.01136767915	2375.93174332435	3967.36591833874
476.407	77.7726667936736	79.9068059850581	101.088887171463	268.427527800927	4618.26726886716	14896.2509778066	5834.38372509547	285.422643036728	85.2775615731343	90.3264794128475	91.30637584522	116.823455808381	149.724694559929	174.973618503794	201.740896672023	234.546997514766	265.286627425956	497.991588452349	1130.86907041698	1049.41830857602	509.768973532795	438.411449349743	474.013911692903	489.385239184955	543.623229192421	580.461681793175	607.47451563875	644.37075583125	668.668466648348	654.696985898135	643.884278001443	657.139647557044	647.372092923391	656.657582134744	643.046575303677	635.187693092344	648.808493553949	645.701780715291	668.840815151769	657.967834100525	717.018489533996	749.193619600885	845.575832877263	881.31550775692	995.834591193769	1160.92918576827	1333.37034893147	1374.25265903427	1473.02017181396	1675.13698154147	1789.42354716966	1811.43943317279	9064.67307927392
481.047	68.032102768736	92.4480263550315	217.022127384575	4998.72941542369	15535.6953092253	6687.45039045791	332.294586976146	91.8596172206286	79.6247552452875	85.6012040449163	104.360722842883	131.467178119789	153.579851394671	197.707427434387	209.698547615365	236.142173217589	363.980006976651	839.162875201576	1114.26724310332	589.033608931247	409.272622283613	418.535663913093	467.384793227518	486.831007104034	532.6327114652	564.699064802274	583.322326995187	610.87080354636	633.678629200493	624.273890663992	627.485930590722	620.347433504874	624.429057483313	626.137836220828	624.771650951819	600.224121315612	585.593593969547	611.999557960336	616.373757616596	650.217316850113	670.626139965287	723.741328483915	776.716108504508	836.944352818405	992.634793132768	1088.11030265121	1260.93961408506	1365.54759658629	1424.93715780871	1609.7318816176	1665.4176529782	2101.48782121792	25022.9449215131
485.688	82.2482392678572	185.561963654323	4111.83497677638	15256.23681172	8119.56441328005	478.795827083605	80.8610831654562	77.5614891600047	66.9360224677671	89.8603123693676	115.976902731982	128.433823503941	151.852135396308	186.39605435343	211.136051498079	278.557392692546	611.546343811202	1052.08933050108	705.8977865102	407.294628597738	399.426074940057	437.786002217432	450.655691548994	483.951048951657	517.989950812095	534.287237362898	559.258265304374	571.496160769685	608.677024955838	582.617094623176	581.01250468613	573.820066582295	579.092569884855	583.179832691914	584.807048414554	580.368138330549	572.747043525136	586.103731727428	588.625202238749	626.841110425022	653.572116237315	678.577629467927	774.485788875724	845.402304152796	949.07438053994	1123.77661792157	1170.89358609506	1277.73418201656	1447.30710292455	1659.5981438572	1675.09123164771	7367.79596250556	38494.4408941236
490.333	164.72755397043	4005.85998803415	15207.6004592498	7961.45075638787	571.841132344231	78.8879063144798	65.6695693904823	68.7982683196535	68.2615736775058	98.4292164805729	113.620021716909	135.412032961143	168.866687487744	194.990834740589	236.005275221878	416.413324942077	923.860548740273	849.53553748955	413.796890830834	352.515896488046	381.589119474608	395.840884373697	425.117829950465	453.334381058402	487.271258336026	537.894355948632	545.380092583732	564.428450310478	576.948779686033	577.323340804071	578.801187734475	562.781015146229	557.366512231165	547.019081904175	551.631943019333	570.258906836656	547.79626663359	555.040273987478	578.358241769545	594.496318537187	628.208874780684	633.523351722789	733.815997256403	846.589877933587	939.420216095405	1083.24730012905	1162.61003961397	1255.45514718859	1415.56320267679	1561.14147451557	1827.76518060491	20052.421028363	29238.6855140472
494.979	3059.82614682283	15060.863010026	9163.86996230095	628.375794929333	75.6571312442398	57.6124469214448	59.9556664313036	65.6644362516621	86.3552198368015	100.25074855139	114.042063172692	151.406891147582	158.280208598606	194.37376984084	295.588088123375	718.983041137574	883.264942269027	479.501689527751	355.458393034602	343.758493852047	379.424772567537	404.352892373467	417.325930882071	445.13693469679	481.828681718322	492.889980785937	509.687249367821	535.306725066729	532.680357062325	547.144868528948	528.817788646247	541.123204825393	543.281225694908	518.977574858063	522.791035087325	512.040888348865	504.710917269826	522.28733478539	538.989413958448	579.677829737896	621.65368029323	648.040594787219	693.875545324647	777.748769563912	873.219543829942	1000.36602032274	1072.91520319397	1244.22797971154	1416.65003318534	1524.2037105972	5618.17226387213	31337.4394181373	10147.0885995364
499.629	14348.1835877824	9359.76678690078	704.496560686493	76.35333814015	61.7634564368923	74.2509389148263	59.8419044767419	76.0304627339544	88.3866863932433	99.9693474659771	118.730369307056	127.408888366987	171.677278077194	234.880474697282	506.375326597676	867.978372280178	555.576845053675	322.271792782253	321.842870587337	335.208006121197	359.620340574302	385.837533218731	415.936750815484	439.895184958707	450.839071524988	459.807539844465	488.980007181373	491.603495961679	509.138684825601	510.218466911707	497.229502484908	480.400987975286	482.23527690936	494.386952819521	496.433537554502	487.200109638391	490.108696960941	514.525118104883	510.623208389512	526.498582555303	552.431028065291	604.162162120043	689.496750067862	750.06301430878	833.459572724122	966.765507144934	1080.55132389773	1278.90725117621	1399.08699992506	1563.74437656207	15807.5244070481	25068.7443335319	1993.84717041982
504.281	10431.7576590209	879.963438428547	72.7912259101461	55.6947720708446	53.9072205421852	59.2739223052239	62.7393806255026	75.023921650247	83.9226611125699	101.918185407029	117.027982777473	134.580911930304	169.302271341102	341.619935599067	779.036732416122	646.585826486859	331.089136379708	294.384122590653	306.538821651611	334.865147974059	359.991715654223	377.313038951508	385.53610793306	424.303087480392	431.695430781348	446.343046568834	459.997923845554	487.912267514592	473.859278008472	473.670672184395	470.608317575061	454.835925771019	459.45566566491	462.036532220276	449.547893370365	460.660416645506	455.429982216732	478.41626584633	485.74030161745	510.892265201463	542.448052095557	565.841514561561	626.817088252456	716.390146327819	801.494559448876	913.496739799832	1015.42249446654	1189.12559716279	1238.46154231027	4102.39439168758	25139.1996315712	9712.58820023949	1625.69778340436
508.936	1108.2414605368	49.2334580274606	61.1322549470218	42.1464858961909	59.9853556923124	51.481898872357	65.2390216490655	73.714181459433	86.9787234205179	100.783861332279	119.378700960344	152.479781097024	247.432530900629	587.822557287037	702.543002929908	368.228991003644	264.132826488254	270.710407540262	278.06856688788	299.902777652728	330.804911535799	337.65133370421	360.477248789845	368.710284620215	403.568641126851	426.50863942549	431.378027905161	441.131710969246	453.063560344445	445.919537096678	434.111326713806	439.131942731426	436.699819987192	428.103599125539	430.84231730402	445.311524930394	431.504561177956	441.248033916106	455.772873579088	471.045186022813	514.469775567674	535.13665224277	578.701389837963	710.976439659895	778.337118187545	859.734608161273	934.477162656739	1162.75822956073	1308.17157442522	12048.6514979523	21266.7727547807	2172.36098437742	1585.33988115624
513.593	83.4456467948954	69.6287225351272	50.1795476546502	55.3799039476866	58.1200706020507	68.8634297728228	71.8711566109193	78.497924393647	93.5774712835362	105.470850937257	124.550433670271	163.912589933746	427.7520597288	720.105198474732	456.415659168695	256.550487059755	257.002506902874	260.908066567087	286.438528154234	295.090609131363	319.147503808763	338.207820264202	355.864361378073	371.447880277894	394.561857774357	396.452020225865	408.59068286245	408.385377182948	424.696003813286	427.725877291247	420.198805961501	410.528180836168	402.637937901222	414.12419144063	423.967061522423	422.121081299742	402.648700328525	420.732441069706	437.093553133226	457.005236045051	494.356832630817	515.254895699821	602.419715445401	634.653304488803	725.106110033397	825.453849756117	1014.11896639247	1135.83534006842	3029.09063159221	19971.2565393854	9277.61526194521	1480.40019970711	1353.22863098831
518.252	47.2820822626994	45.6173704700811	50.8611602061218	53.0644088769049	49.7857479559226	61.1142397577554	62.2702403537491	71.3962849645615	89.8373261385097	97.0768624435108	119.218110972124	272.099774048605	597.000368279652	518.072330868323	257.776758543712	224.813243753262	227.066756138457	256.983337150404	259.370000462276	273.962049397598	297.529606426836	305.794794250313	306.553087522662	328.606474138968	358.040307362778	366.208933772126	363.448673346906	395.065279226797	387.902283761658	387.755606315254	390.600888074057	394.45349768103	379.914231561211	378.335908829832	370.001247262798	374.752157753954	368.289610640738	389.111219281729	413.180250817088	427.990161707404	445.78978155107	469.862656647469	539.539707142838	591.858142279433	658.917466355044	815.696945250466	889.401572893931	1071.21652886925	9067.80129037536	18028.9920750895	2029.14819160842	1141.46272717868	1251.47129340516
522.914	48.5350933593169	40.2366003546798	41.9316535265648	57.9725767120144	55.9949072711582	51.7823398230711	69.3638168472593	74.4683821748917	88.9707225340896	95.7083214554081	187.047711574451	452.268796872939	562.997578702703	282.56136124408	194.441922034235	206.792114705214	218.550172599105	236.301947327378	255.626724423714	266.971494531242	291.811245595189	299.334910885472	306.009833724647	336.352539657714	330.18000175835	339.85801801632	352.536961532293	355.238766354347	361.281680337125	357.611585065374	369.014782424022	356.18627761242	350.585246970221	351.184222285048	340.191026738226	358.577078162794	361.959845070103	345.529412119171	375.099166134015	391.578723267246	421.712811557169	450.088160790631	495.20945127479	575.839695451832	656.414250695415	823.009035277278	917.108461391547	2209.69829575493	16008.767483305	8562.84387291581	1115.18421566501	874.879934007173	2598.59387575202
527.579	56.9373897500878	49.7795841788818	45.0106280275181	60.2858071310425	56.7395001085946	68.3462574613825	77.8535587075672	76.4328581133866	86.2197742269542	124.990931244386	319.156397739036	551.837883252914	350.418452331856	207.571047023177	198.369979947227	207.555888004442	207.741439238018	222.62024748429	241.898290520507	275.372713587187	288.796242589222	283.406076384642	311.889212681431	307.64002710933	322.417781467394	315.612392599165	339.865308766043	346.71546970431	331.691059347015	347.833195222098	337.606031388533	331.729327539247	326.422987438643	340.896568172709	355.712437475688	332.390052057549	342.944792372953	364.273907822617	368.57861983967	379.980604760559	410.93513042095	415.082094744749	472.339720697338	556.935395302914	661.705008355664	806.038576695519	946.041862361256	7083.50422813032	15335.6174646786	2185.42996047611	1218.26573311084	1489.69159775356	3810.91242639766
532.245	60.0304923823801	50.4918277875507	51.5157060178233	55.3918767990449	54.2725653235914	71.1504639806362	68.7049902261019	70.5607981060741	97.0769885672759	207.37277858188	463.613244621133	427.315107010394	181.838518663493	173.576293257699	182.431070401512	190.961701015019	183.509138195285	201.234738733656	227.055478462756	238.102807866802	240.476044774835	252.691865352293	271.316917408169	283.356032837906	287.657217862502	289.067532083095	311.478457484279	301.708677263797	310.257310594692	304.706268815438	293.000305513016	313.398722477639	304.103087161281	307.823282281363	304.914957331922	298.509275995178	315.145178963239	329.990729947241	334.55186106723	347.432365960613	384.320991555956	398.736270281335	457.730033634719	521.261933471417	688.881422640449	784.790414339676	1564.13352343192	12911.6962302059	7862.50687710332	949.121975824338	1032.48465387374	1737.96104138349	3513.81938297931
536.915	35.4727189325255	42.3154423952801	37.9504922124972	58.7818388387925	55.4852687996056	54.7981197851788	66.4830737416526	72.071877536344	147.185091369003	365.800230804698	460.30296683397	226.412821605519	140.254468892949	152.916660321473	148.657900870414	165.433302158968	189.237960334512	199.113648969291	208.704150336342	227.180303635392	237.472807427469	243.175677045047	256.026515344035	267.45981405168	269.561338395979	264.256684558861	268.631093412018	293.467083433879	298.781547147801	290.059958699229	284.639764850555	280.8274260771	283.953330704883	290.834700537308	282.193293549843	301.017835390529	309.029060555553	321.396138530894	312.642721477209	362.795192860294	356.296593134448	397.111893587556	421.025966361399	530.829682951397	631.886889141048	760.541754608231	5338.9295652069	13275.8009541445	2085.91245776671	1039.31571197531	890.024952835957	2564.88704549167	1366.49302630006
541.586	35.0958786560166	34.445772486311	46.5614243948947	54.7174435648496	51.2693759049474	52.6027722390749	64.7612971395174	97.9615388677829	258.008041417262	444.275655572867	275.812525995909	145.718043604054	145.811967824884	140.017299366992	162.160049253646	167.313081749665	167.111843910822	182.098592140494	196.114931648845	213.251877096293	221.878852574492	233.848688621543	220.856907152189	229.215466107713	255.676594601817	268.111419937748	258.50585481955	272.766892980006	259.726593526041	264.351732959808	258.594093245381	267.859206401001	271.686501508952	275.472848640385	267.470451428914	276.197782615263	271.831430125091	290.557454013074	314.724531595172	317.759249348535	343.065400381612	377.380353589214	404.038487652317	517.625300087723	657.501492088964	1159.93216924922	10622.4930689944	7440.36792104351	850.256948825843	759.027535920662	1250.00309241418	2503.46656987992	883.850105034057
546.26	45.9185241311925	40.2705001354032	45.2781869746894	40.483814613346	45.9518978956934	55.305066715844	74.0826029011168	170.23956446549	380.438479572835	342.255837205324	143.035184686625	120.263900401004	125.949561609738	132.302831522671	139.966833484355	152.034364300074	159.94930898319	167.451686941984	185.594395083823	194.893796997731	200.80677202401	203.654102992065	219.724575199115	207.126608297186	228.797337349943	226.961540021109	240.700472422367	241.052205750278	230.481341020665	245.203834800852	236.574758114344	248.635255179006	244.199413089159	246.220608024667	253.8108333391	252.990171046658	250.453432215245	267.884618680077	262.726347822429	276.663880862853	314.310704235684	340.679112381416	403.073993125769	509.226156873917	586.148874721253	4088.80438759389	11707.2531036797	2158.44008796083	765.090459305139	755.33332459482	1712.73212397481	2259.16918156484	598.420001990194
550.936	24.5157108974254	50.4517183988661	45.9373804033788	47.6859441685412	47.0730732383446	64.0548599133414	130.259757577006	294.39058339479	371.945101553166	182.067138803104	96.7660596854548	98.1401651918229	119.718478400578	124.615751204181	139.385013454641	139.6689889446	158.574912573939	151.267417828486	177.425000785163	182.058461142809	193.728228274357	190.021212921479	194.668782405918	210.557187195342	209.479498441867	229.24273306806	232.558360866519	230.110830448134	237.876723770302	231.360632394053	228.917994249121	233.006950062163	248.839537150576	232.870815359794	232.768733526631	236.954165968962	243.679842700539	240.929254494039	248.296302170573	273.957231365548	288.039204506871	346.949389603146	427.151920354668	520.736031835624	850.866705243625	8646.92244374498	6977.63261175716	849.475339444738	704.280368528449	838.83868446593	2393.79670432865	1429.96865030733	48.885084979885
555.615	43.9547300472813	46.6384054161564	46.6429946589718	44.150988651264	55.4299867466938	95.1486296761292	230.172063501607	364.436330738982	230.915774563924	102.912234840445	95.5188141654509	101.302452762889	94.8787402829785	126.19881565772	121.866259146075	140.142236022949	144.185815310402	157.811457892647	158.85740105135	169.050150884893	173.714078703591	185.127633543219	188.506634795439	203.041450418474	193.760447775902	189.197845155051	204.709209405522	212.849253060713	212.698174385012	213.744143114151	215.634150039158	214.154633898451	209.86799015338	209.370938343466	218.481428849298	225.322857765372	234.032123533053	233.8495067436	261.724197657464	269.163250655435	264.062485574238	340.949789290216	463.24811885879	501.958034089776	3099.87479883063	10201.6379866397	2121.08716657683	732.824338023761	703.752378370208	1203.79172341521	2097.18081424177	847.40216581189	1093.35138400993
560.296	39.7697140275165	45.0654085736114	37.5395672418076	39.2135607952885	59.5711951868897	160.941759562947	328.431420896061	286.462234916695	118.096783376166	81.4322148682491	83.8524781646423	99.8095264082127	100.196897574702	105.901092425678	121.844462840939	124.987604429498	132.716618471026	142.159187512083	143.953403041133	147.680150641977	155.462620087268	158.021222994572	182.523886708954	169.983632285169	182.080311700654	191.752116203047	196.156379081815	191.820827896833	192.823959871121	198.326953557436	204.285118502516	193.850109734409	194.126073167532	198.448188611389	209.532045088944	202.2413226454	214.283220535204	232.371347696409	235.480707860071	235.030007174099	279.386057513493	341.487866529349	424.453892572095	693.764771722369	6902.62721648238	6451.4642311921	704.710468059751	692.046793726264	741.038556755561	1700.40801853351	1506.92411696332	415.633207339093	917.788925770836
564.979	50.9657132703752	36.1645348191538	30.7573505753627	55.3969983603789	101.323469722451	265.836172124783	309.559509694749	147.95456791586	75.7851461944598	79.8532814936634	78.0503493580271	87.0822575710224	91.1992054846491	101.746045633445	99.1886896091806	132.427494033145	131.015549182803	131.850790849151	137.226498120144	135.923069266904	143.974453335159	148.649765294678	152.829916131325	158.526460108202	154.563454061882	174.200883539802	175.429981349631	176.016765668582	173.305185829462	182.501327281162	185.017554748928	176.724205990438	173.963669204164	181.620642662425	182.394822318388	173.736015036959	202.375032186459	203.645623734711	199.779779270183	220.164105459503	258.499406250281	328.580311030239	418.925377306679	2459.50189477988	8697.24509899908	2122.96920840822	573.961878168432	618.26980453425	933.130135004082	1858.45358516027	852.930943215349	758.920803710574	16.5377607069329
569.664	31.5306120235301	45.4459793580664	60.3337692924962	76.9576822237426	186.412606095304	312.328387005983	189.294649407724	80.5340970128702	67.0914430865465	72.5843640679975	77.4404510595292	69.2222493620861	84.5283939499038	92.7561972117443	105.758361370596	105.225117196692	109.148694082992	123.284017153886	137.892563160331	133.351210673943	129.927332743016	150.066303173283	146.052469375593	147.868668075473	150.24111025997	160.164552895092	167.993117194524	165.135666033144	166.755490433709	172.954294536731	165.0950166276	171.202153311007	173.801446013546	165.650396058961	169.40779804758	181.118479436479	176.628539818778	196.105596552922	199.715745484079	220.958297125356	283.544612138781	367.494825692913	502.816524876742	5832.35607278342	5982.8141505508	587.16979913281	577.134606583317	614.105420557128	1346.63141727853	1529.45891603037	679.586534969585	523.057726378188	283.197253622928
574.351	51.7780620477159	45.8352642544165	45.7201664456385	155.233785296633	278.413911828051	234.963829807528	99.7129761578516	64.5584722932538	74.0669915965608	69.5672128033019	72.865127525745	77.7294725503456	81.1082376742443	88.0647359095057	100.769670342298	105.290821691563	114.51060530721	131.781852209778	123.43218986343	137.729955560072	129.977786227524	138.711387198258	148.96236121496	132.385757418621	138.697052980085	161.536503555049	155.9479087395	155.154658753201	150.372756280788	162.594959844165	171.086773595752	160.928327899744	166.033960047005	163.225264544897	165.020220974481	170.664968689499	170.247000862732	202.520608024154	198.351273450664	247.109687997225	303.15826535724	353.425789780347	1835.27922035202	7582.04364150209	2122.95055881949	445.436959814886	570.725683077846	665.661802757815	1592.77340785447	1032.08860885548	688.959128749051	561.354726955779	823.266547415668
579.04	13.9866231843848	45.5137653917791	99.23299011191	234.010681220446	278.498378199315	114.204150309006	53.9451796170123	60.4051490186137	55.1737823317883	62.4181614939198	69.6767985232304	80.1403498044588	62.1254609713473	71.0859727947725	79.8686575014821	84.035306884095	112.265734463524	107.625952194765	118.71068056197	109.942130554375	107.919991258035	111.766636233093	128.879197506538	122.852254121504	118.984549907429	124.639872556029	148.182710947934	136.798131946665	136.701033740702	135.209918735304	144.336823608589	149.086312093327	147.390095070996	150.97001813647	147.281559887035	133.897921719163	174.203816527966	187.069980212005	174.150016283332	230.25028182218	280.100195267497	384.112776851829	4658.07502506975	5214.57272817378	485.45692355912	429.528964559265	511.299848846587	920.367808005101	1539.47710420248	593.788534588804	369.080279369965	307.088598504447	356.00456780072
583.732	38.0888619096238	71.2942659122702	187.38031383157	286.381834690387	189.835115067632	68.8123286483644	57.1090052587149	57.9993534962732	64.6274505531799	64.1226344698564	70.1236315128056	67.7381182787949	76.3512615198804	81.8039923037496	82.376119583347	88.2513601019333	104.893874484614	108.001278223057	99.0995777365605	137.669926892926	112.208501812002	123.292603276531	126.673610703496	124.948458836934	129.36462491617	135.992957523552	140.202877877194	144.203123286341	131.944119834342	129.918353711436	144.971921817344	138.411200086177	150.097698201275	144.13107937134	160.084152792451	156.172686490868	170.09271511823	169.775576846491	188.92905456195	246.757794234492	306.059014209345	1269.97037505945	6618.27807733478	1929.63513770323	377.663259734325	418.338877917998	531.347134464604	1344.29867454847	1205.77004029869	552.324004283877	584.217876389633	638.719739876336	1347.84383995061
588.426	57.0110814853465	132.554370703953	262.540553993956	229.779114551792	93.364375253703	54.8819875787404	48.9056819951639	47.2327273735354	46.6666184582216	58.9904417904613	57.6027596968788	72.9911472497344	74.326922480502	73.9728856938779	77.3563189035865	93.8229959536167	89.7691040294714	102.227053044034	94.4033388783602	108.647061854413	103.38695546525	128.680254654515	120.214042463711	118.029490645883	113.503539774688	125.781426883205	130.452093765561	114.226196281628	132.622919468614	136.777073268722	124.108299230803	125.678584476191	135.221937282216	140.043490162169	147.106669475295	143.066854839756	143.640957656652	143.880532927852	202.064100641031	251.804329161872	301.786728451714	3660.6128011126	4823.90925055165	447.878410174603	396.364232492477	431.879363486711	692.092744778685	1424.01155595631	734.677329405463	414.098849099899	579.973771162268	717.941854754896	908.901667022428
593.121	95.354486992321	235.836211151391	246.308885420866	111.340678446484	43.2226845193752	56.1640159473882	51.6173891900769	48.6308864178665	48.2133181430573	59.0660242201723	64.486149541103	78.285441898676	78.0390083208148	86.7828751565943	82.9262627349037	94.5781740620974	91.4292472282634	92.5601143736393	112.316069536785	113.617326613813	113.350093296881	96.5665491232768	93.9298232530636	115.976707545509	116.891902895981	109.962143483254	111.860068043461	121.391852475923	115.315285101478	127.092579046054	126.783639749282	121.607606505863	138.865736967456	141.654181927741	139.016286911728	135.461932453393	137.669827167162	156.557064774252	218.059312790566	249.690042582006	883.673747978793	5605.47261015873	1890.23824246177	325.711377601587	364.663650291268	412.030116471347	927.407508589724	1236.03995056286	507.515563866055	466.477152659994	677.592966888522	450.958798414528	947.919144389899
597.819	137.165165637135	226.751565744549	145.624503033428	40.8485515727015	38.2551047526764	23.8177695968361	28.4467950435104	46.2534657378448	43.4091897352895	30.4848800664558	34.1583799257532	51.6309902717857	68.1245155471991	52.7423681221637	60.8329455331378	60.9422855256762	74.3169662487219	75.84015026772	72.2891621104271	79.0484572397058	79.3134729403929	75.8669273431615	83.8842551654463	85.7636607317338	87.9629417971701	99.2889574232677	95.595878174914	98.3041972279296	104.261073343365	93.2883009433685	102.749249370626	93.0873996373756	108.660219779305	106.19686809201	106.87520014996	117.530320178941	125.750670120358	127.431938824269	185.65870039044	243.563022224533	2769.83396337784	4592.55470088001	366.022067646579	250.321540827471	314.565400643023	448.181132842995	1091.71760103839	764.447866301332	413.410343137525	407.186547681457	524.097306857564	258.252882297168	312.105236483002
602.519	214.147413577955	171.020044033893	54.3963189460479	13.1869928869212	31.8983088527731	32.4318841682793	33.480470055948	33.8264008581416	32.5270874272991	46.9767624584124	44.5810396942022	38.2186870936502	40.6413118705988	56.7601306681138	47.0046312449639	53.0187140083732	62.3145419990405	69.9851335689353	64.0147079662662	74.4324123174858	63.3593777141625	57.7792520774148	76.9510330420963	84.7616395088334	79.1206984230727	85.2432983015269	90.8580834710763	80.5370203783272	79.2650655765925	94.9216221806449	91.9502927882391	91.7331452635472	83.6390737278376	86.4239293430197	97.8055928276479	108.666054215639	116.741409034607	156.846256178513	189.914570537966	627.371518851957	4770.56006589732	1985.74608997243	226.292162314643	238.340704866453	249.46956969565	557.035490061108	1036.95234093002	460.706830542911	346.935807358801	326.914731360633	188.382818268698	14.0691763070155	244.653711740716
607.221	207.094728061292	72.1560265425141	25.1998220334764	22.0685121545117	21.5507689084009	14.1720728188909	29.3171313035052	32.0939937916952	32.0529321421995	42.4585010711604	40.9848888801194	41.5300710040317	36.0374458301411	45.1512810902487	55.9719711031309	45.3118740325557	44.6023855951497	53.694800427789	51.7453611412907	48.6856479952158	68.391559308006	62.1409192319993	80.7792474065724	87.8930229529734	83.6822789276111	75.4169136991511	60.9136641209348	85.5571114635995	84.8835064162677	77.8956882056696	84.3729401581153	81.4417477679578	85.3047009608411	81.9282807474948	98.3658454478996	100.793369395903	97.9824531564606	163.996029786846	178.718960076096	2216.69773305042	4305.850162135	412.077181997669	177.778769186314	224.501743072364	247.226184756451	753.020466457638	772.277578494383	346.679005821598	294.793384953995	290.094363089465	249.717019501847	-106.4712031592	-528.989746865669
611.924	147.741932188712	53.5771480955737	29.624261046679	37.0251282711639	31.0826985591466	31.7383615446682	38.0277159676553	31.7166766949055	34.2987700091254	40.1448747193548	35.0710445377793	53.3099931814038	42.9705158427855	58.4347462857058	47.8847101611855	55.4871172328716	66.2957126556439	64.0673685352743	53.6838525966371	65.9191098707578	73.9273085937451	81.4186013654945	74.1734124528029	84.3008577756553	79.3072813642439	92.5027633900213	91.9380380676244	86.3793835645648	92.5057476027327	82.3164366131299	87.9121391962294	91.0233962440498	92.2544082058504	84.2822616796832	99.6368302580104	101.762074091501	128.019478793892	181.396075437288	432.55905319456	3997.64571684275	2144.90254147541	183.441658025433	189.022631260309	230.533903320448	357.763190077926	878.479468573312	492.096636711831	326.146490317237	314.537185974071	283.434581965122	361.242267639858	609.135366080761	178.024586791838
616.63	57.6589010796344	19.87694928214	29.2497025512433	16.2341281389413	22.5718878644962	19.2026998548751	27.7486148197843	31.550198507756	22.3370024741654	24.9975876482649	27.2981012084235	36.0371425221837	45.0353047317521	38.6689669351153	34.8854024508648	51.629174040884	54.386710349681	40.1978112524297	49.5462827173948	48.9309574009064	67.9213738163626	74.4856659790786	83.5311437575252	60.0480695346658	80.1914052336715	51.5391381959273	66.267522972627	72.9418173306906	66.633387697739	57.5522076649051	70.807227767645	63.5063112817454	84.2954817512644	85.5386568649074	70.4574645890842	111.587110720152	153.350150838027	175.613259531647	1738.40516101706	3980.0984645673	463.12725678848	157.817396408037	173.548191073623	191.967928829286	578.190658075899	742.066430375064	314.029888047285	249.347666240954	244.517446365738	143.297166594396	228.293390700716	65.2156999946994	-324.016594236097
621.338	42.2626594661085	43.9937250110494	31.9653181084697	37.3976292625497	33.9794198616455	32.6090168228089	37.7544577178578	36.5149032208408	31.596078441147	42.528746711648	44.4823706707027	56.4635622540811	62.968615895241	55.4965159070267	55.4664023583428	57.7488662749723	71.0660810065123	64.9549011175634	74.9023589137145	81.1557766552269	86.0456874072684	89.7965367923545	72.0061818484318	73.3880615794422	78.5112435576791	75.3499831836382	86.0954788313157	80.7706882377408	87.9649486024969	92.618693905689	85.2644221615039	86.8852433730166	84.644324517084	81.4201695895905	92.2467753002501	107.207109428392	161.965586952557	305.99726640567	3401.97219679932	2090.23575940352	170.336422061294	141.49721120902	176.052639636165	271.126348189731	701.429176841689	547.709017563563	296.433608452489	335.071279561313	286.071808711928	387.530053741576	406.481807470445	481.99967562467	562.405554471731
626.047	15.1121004654156	13.8803712853394	17.9294452051204	24.9469866523474	18.0254438602533	16.5952809244342	18.5547277123764	24.1659994142205	29.9064445995659	29.1699107439196	27.7770374887827	39.4427185817739	34.8531473369887	29.2744666008144	46.8199196967374	37.9588085669561	55.6626569022857	34.1422309294767	50.7862587026677	76.056302414787	50.5799285656851	74.7045621724672	56.7850096029141	68.124764972028	45.6284579881049	59.2415909128361	53.6884726424739	74.2215577202612	61.4360216349421	72.7301542379023	72.9852254989067	72.1127416996519	71.5837977749513	67.6973147625389	89.4495138224777	113.191147838158	154.543836601409	1335.44234428745	3693.70478521089	508.314149958588	125.379151645134	137.645358123363	160.434197440181	355.458264560922	668.491553292942	309.706792072755	261.032218582114	260.542884048347	337.542940473449	274.611222596057	282.630113914552	-29.4932836338081	348.018101883837
630.758	16.172752170108	10.0209423388747	35.5188125597733	39.5257281963316	30.8545411949881	30.5708052341075	34.653826382559	36.7271246957509	35.8698073620055	28.5394745699827	27.0255715652334	49.5210120064089	36.2056827133935	34.6791189814424	42.0642991827505	61.6927504181315	67.316835238024	64.5755095138367	67.8171826815133	62.2112096407696	64.0009292526524	71.8408548469761	62.5123286615763	59.2727768554148	66.6524213091188	66.4212702242099	74.9368214486752	68.900668057144	75.2865071192965	65.2366881745692	75.9751655372083	66.2605197369013	80.6389594676651	82.1085162609164	91.42521764495	127.27643413493	250.755623831628	2834.00102244986	2131.82515235076	140.448257136263	134.493131077871	135.433556174869	174.404968935852	535.215486467406	563.185284084849	283.71317664056	287.714776167518	259.20251665841	295.441906277837	282.470562128576	207.399143575709	342.812369100613	499.858996391548
635.471	23.0874050357111	19.7919301600593	5.11309560837407	3.43356604778446	13.0288470425786	21.5366941851233	18.0762550831621	25.3315833985029	24.5707225290188	18.3010009396928	34.3719784230487	35.1506956949105	36.1551329448215	29.8159067591407	42.6991108695401	38.3515813235633	24.577523697157	43.0367597385067	39.6436819668528	46.7173683560253	52.6951621555808	25.4851988217718	51.9412258083858	41.8454439450519	57.3272303782104	59.0184344472589	51.7520934816719	60.3456707570716	48.6313208780485	50.3455641821638	59.7222246700875	62.3182329020866	48.1769351590893	71.5760408789699	87.0093520280498	139.422376646308	978.332627367827	3293.37922158556	577.065164764949	94.9601759543246	113.02013726208	99.8330922804025	238.048913881363	545.417297213505	324.179164934573	212.51355188333	229.189731733291	227.849839985803	241.00454828554	175.734575971942	331.233222982407	398.013714155671	447.732382061127
640.186	13.1526828161297	10.9261519770679	6.5862738781249	17.1999353023066	27.8864072687985	11.744426346771	19.7564279624781	10.0795850681334	13.2238318122502	13.8109487863172	26.2245337709906	32.3865382994272	25.3559219301426	18.9508409986857	34.9725814543621	34.3950521562593	44.978900023319	36.5634208256187	32.1525197148371	55.2055826980156	43.3381167475171	42.1847218401333	46.8714302728695	48.7318197822885	56.4148901678154	40.9607351198723	46.6313768645556	43.5561391110736	50.3463404032359	42.4079123801961	46.4667594875996	51.6042506812636	51.4848314173776	85.8545051199518	110.759801129464	165.670661085274	2270.37176316686	2018.29782036335	114.174950306972	94.2229720992741	83.3305359415269	121.300593062778	329.769595249199	477.96311758462	209.641433738057	223.41330204932	225.02596617316	201.829333118693	175.765214330765	220.698956045059	0	346.091873449332	-523.331285697143
644.903	-3.21106173695751	26.6042546368103	25.1657837345387	12.5254568788213	10.8019330037007	16.0223278127166	13.113300337475	12.7434474950532	10.9057138033635	14.4504389013659	16.8790265835692	15.9012613677353	20.6497423218559	22.0912176911336	25.897496705642	31.3405966385974	21.9162610708509	35.2368109109352	52.0318493652366	38.0334771462271	40.6454361548921	49.777862740786	35.0886456131376	41.3154834363255	35.7481247358204	42.4310759443399	47.823842791013	52.6015845553254	42.7084518060616	43.5423663516954	30.9026006968004	43.1727314566189	58.2567978903982	72.529275937539	122.052345262673	723.188750123363	2936.23849988772	621.301178195995	77.8513846800859	83.2714928103137	79.324894414805	114.615128879916	415.135266183991	334.625749279816	206.414681632447	195.064754706479	233.40324382649	230.884297506737	186.752033396446	37.6214731851476	147.843419185644	7.60970527009293	-623.830886608295
649.621	20.4695225900796	9.54706758589859	9.38309207066018	14.4670290605654	13.6935456549066	22.4125890547002	22.7981515271848	19.5703765047565	23.5809388463149	16.1204865268207	25.5410721002188	28.3823705439205	39.5196628298731	27.0164957345353	12.1711594630695	35.2804942419793	35.6970902021216	46.350128182291	57.0364005647957	39.802865060661	44.4537828122106	42.8911282094565	26.8782829856813	53.2942569497157	35.905549021709	38.9657092510749	38.800639073911	50.3454484057078	56.9732518412889	54.7040825615778	48.3158844934646	48.0315370473911	69.6434786635324	80.979019081108	120.273504435368	1870.40196356172	1982.58995247425	99.3356867455676	80.7079062892649	69.9060133180814	63.8554048540153	205.734969050118	430.676130327598	226.705238981901	190.602125725876	217.412661555528	230.818876732631	192.747493708657	183.932212697529	231.467676779772	72.9419216730138	100.326488194964	440.945780660045
654.341	42.0472667532317	17.7045208498681	13.7214875568594	11.8250276039038	17.9235536474448	15.6479502584625	12.0048471152539	15.9369410998983	17.8014205697018	18.6032232977797	16.2800602307565	15.0666448554382	29.4997643227208	31.7856791927787	29.9246382735662	25.4994902790782	48.9052760945937	44.1954419868217	52.7998027638261	59.1730112464901	70.9994308824076	52.8083161740495	70.3537075723074	47.0300760001345	51.3316324023691	61.5928787072593	43.4794043114801	47.4028035401112	47.7075085385171	40.8285736194906	60.3381976265586	58.7320476472875	82.4566779602492	107.250255084487	488.921469815853	2594.25955397251	700.824684775449	73.4428247171288	74.3887832897279	78.6149128631943	95.483487819138	264.903312014243	318.362096814727	170.903929593163	168.746500885317	156.143617522803	203.309138201233	156.592678536528	186.78866649099	232.479250070747	275.722510728831	39.1863658498146	506.201501952205
659.063	21.4387003091531	5.95115276959183	21.5240949128434	6.86562376341461	19.6324659124885	10.9022601291278	21.4013898019883	22.1212711789188	19.233399843778	22.5116651982067	23.3733766636295	23.4506694183171	24.5593359507178	19.2318437679249	28.2083516766187	31.2473949761493	33.7974496229898	25.001129917722	40.1316533024922	66.3942683212837	60.8365076526292	59.8605426813706	44.1955890815705	44.4145553759039	27.4881792730285	40.5977074168009	44.1877107170497	40.9727783525216	40.9436962063346	42.1844669996112	37.1092434160941	46.8455225604699	82.1363077832363	110.571232525084	1441.03957283723	1911.25752177129	111.101886026451	70.6555673363902	50.3091735467283	71.1083963827184	120.487141616223	337.547274995233	223.305477744022	133.885242006089	175.17094767012	157.457159629684	168.839551501737	121.356757970418	207.009512552677	200.57213058568	78.8477307658379	142.257661625352	314.129150752104
663.787	9.18031497378037	18.1067454077864	24.9479512583251	15.0254780228045	3.79256986684595	15.7124802497016	14.9084926940231	22.4351057596728	26.4418247773224	20.5479344707132	29.9134206704534	12.7291244897922	30.5207755637665	22.5843732956754	47.9026778194207	32.3509248758164	40.2229329939778	42.6271774481113	34.6562981035734	57.9602769689744	52.4656424147047	35.0855248019033	48.3612178101473	41.6090548531788	38.0156648246745	43.9889607771863	53.8470023812393	37.3986534207047	48.0992873533574	49.2859448479873	55.9449779382119	62.7812302836431	91.8716969626577	375.318251687237	2235.01741926408	720.593164581207	81.3560209520491	65.1828415047111	82.9122288054623	95.5065774510447	185.905776093	317.964452904165	132.99829609428	151.674368306593	142.970860421299	159.691005111682	176.127304147245	176.461869623438	96.4618399343826	219.268374215157	172.55895263053	288.55174351192	318.585702526707
668.512	20.9362094230263	32.5820184631237	36.1383531451144	33.9748764036733	16.5607997187201	35.1850237316865	23.4183507643834	20.2888380601776	21.6218277958239	31.6978974186816	39.2432454644122	31.0547746319932	41.3606915632305	37.2403265761734	38.884892808115	30.6037094459275	25.7290868248992	49.6202563105144	58.4752151983417	61.8414484564846	69.7870022688367	56.4094586624029	60.2228524948189	52.3149577160764	52.5365318922927	37.9439975846553	37.1074675083338	36.2903507996513	47.7716262669033	46.9056458567628	50.9083531792872	76.6005220112334	111.577103699997	1171.33549138463	1825.39218641201	136.0045022479	77.8823275342687	76.5587134214608	97.7805380089628	94.2766314758717	257.322262892584	218.174851639791	118.216321092557	155.023708110912	193.513960184543	177.317876782412	176.248670785145	197.243846567269	259.208889241367	175.698258537669	212.055363240201	153.46184677472	1344.3325646796
673.238	7.8371321678934	-7.8667765970498	7.11312802278508	6.6872899395057	-2.88355381371366	12.0939466627912	5.33419973001663	11.663441543011	12.7436194206025	11.5725448925468	7.15209754663125	10.8667111415013	15.2924819120362	16.9978266310959	17.8733671427014	16.7326157143037	23.0474275812091	11.5484444246559	33.4989179438441	31.9710184207372	35.7418868188471	31.5717219162996	28.2998199891586	49.1471435097252	34.5012119935403	26.7564295585874	25.3568637462204	23.1691100569571	20.3462811969417	40.5956653369035	58.0894245908954	70.8693617051879	238.398910998138	1887.48381785928	766.083480127511	34.3033418262065	49.8974419268443	39.8227219016515	52.1865819027994	97.8082769604296	270.518513876203	109.169800666936	59.7821151796991	79.0769413781129	72.897554487708	112.393321833495	99.1944536786571	81.1766045952017	67.1099039108283	18.7468865582668	106.666207792968	-138.134872330732	-1635.02548033131
677.967	28.1245765757898	34.7796616031586	13.9325340558978	31.8105019927622	10.0050944761738	14.8568981242842	9.85109838888138	15.2736916307937	27.4448229529497	12.6936461954446	16.4263935995816	24.629442968264	41.5567387368031	31.4495020538536	26.836850504382	19.5522064866661	33.5746044451444	35.2747217976616	39.5059134987585	13.4915048440582	51.8629848933564	44.2830791864964	53.4011874283169	46.7788730583671	37.7120914777424	36.2962885520404	42.2166677696253	37.8375618157476	43.1112711452825	33.5535892455469	70.2878657898719	93.2218097247009	900.378393379313	1690.90490006846	145.042925907866	67.1465677167211	41.540035167683	52.4578466030235	69.7823542077043	166.199928869698	225.041437101556	85.0824916793873	101.221893958754	93.6707024624521	124.40289137728	129.836850180901	174.86358879615	115.086574379611	156.450710695019	169.959564511093	42.9794442416319	270.111016906599	81.334246267283
682.696	-2.99347421926323	8.9031028669336	-1.20752591060499	-2.27047111982654	3.26341747590229	-1.20179741938505	7.69704511271108	14.6519109320466	8.95183099579807	3.40523270850091	-12.5299390837188	13.4896237039954	25.3568115788224	26.1466539247409	18.2051163978212	9.88505099718247	5.77851398416181	12.9011313073698	25.7985739074313	22.8831168464907	37.2720881013452	19.5388724826873	24.3592357352248	14.1900571504714	21.6831101098016	17.0785831223343	17.9357742280429	37.1865458487573	27.1554950636505	26.1524635320714	56.7168977363659	162.941360184132	1593.57579932483	761.697630843457	40.2373024525486	18.6611627438431	31.5022271018873	46.3564288032992	38.1024157533519	203.272611475323	157.990435677921	67.8881523726213	61.5395210967096	96.2061646109961	63.7681734141272	77.720003688217	90.9320501692984	101.057404821635	58.5904604346534	62.740219094846	-95.6085234254679	-322.779615459161	-575.684612273759
687.428	23.1102076320792	19.7235831791776	13.3755265410252	20.9579676214815	10.5158493815616	13.3120731727129	20.9727164938704	9.96906203306687	13.5215001513166	16.6175019080951	16.7254227427305	18.4600486629775	34.6530888935135	33.0894151639116	18.332226054716	23.6838199546225	6.54621756274536	24.454038764007	30.5878262241068	33.678068095248	23.5668086967624	28.6931378664097	38.8380804556053	26.196744429788	39.9044372700157	37.6888554166635	25.285404641294	33.1254717404324	38.1392142628791	51.6024868145805	80.0285696074718	701.129104491794	1559.79057677269	166.885162705412	29.9153380602523	29.1867303935608	35.5288397030663	56.554728416081	99.0000747717533	233.06500958016	73.845464836625	72.4874555203309	65.2307318096265	75.0991350076905	124.908273436027	125.8548041235	71.218735316341	164.979402830663	90.4659674160965	151.078487502349	288.82821057981	408.375159150358	331.259480429426
692.16	5.05122841697674	14.8729826541392	9.78045775114352	5.74683498187043	6.27767707585749	4.56284032234548	11.6892871416419	3.40787932352347	12.0088242421065	6.36483898685403	6.78548783142131	1.05058021750417	30.0734457747318	21.1061561323637	4.17322280943381	12.4238486765949	13.8948069925013	11.9092197298754	23.1707150130622	16.0393613351684	0.877582601137851	32.55802770709	32.8832800282174	25.1417167478924	6.05600604879481	28.3280996185975	25.7858355619694	40.5455559002901	29.3023119325381	56.8919403105827	106.69318628138	1315.14520673911	783.411835936412	39.9327977446334	17.8943395404284	26.1292494514482	35.7216915962988	42.8719239296115	153.354350256741	144.163949944833	51.3172961608328	40.2918908344949	42.6301243568929	77.0169114882533	61.9087297229221	57.4205818025569	113.801301527084	74.411177856067	92.9343466525887	88.3773365985265	70.3990257193442	-150.829653690588	603.666844697924
696.895	18.3079126660443	10.8901709388863	-4.92343840724816	1.54289645957454	14.3038566779649	14.3939898854985	7.61502115676857	13.7240888928665	13.0028573544026	22.9622242879692	9.20776564848177	0	24.3698355469265	32.414473196239	5.25195394345633	22.2368337793814	18.7749341088884	33.2628447770535	35.6283209350955	23.7738634339	21.2050142956288	31.1194264454846	31.0374284044169	13.6606895042786	32.009944943795	29.2612672458607	29.6174185279417	39.363011356302	40.7919263211595	56.9180524918849	533.163131942163	1433.37426770621	182.209355793653	27.6632898654247	40.6315139389822	32.3774684517602	55.6590009110591	74.0587361038666	160.149659225841	92.8299541314712	52.2154278694905	52.4965461850722	79.2362315472143	98.0652095536618	91.7128947130538	100.633135807218	63.0801367161154	101.449432463294	107.500745367866	97.3191481317768	-4.42981908258519	16.8726597199595	-272.446982099144
701.63	3.07703207472031	-7.77887545292003	-2.48246397719229	-0.388974590988343	2.34815724396582	14.8241231528257	2.7924336454717	1.8317304320321	8.28153582611882	-9.15458923048178	-7.48819273208822	-6.75531072509703	15.2664113900167	15.9806182288202	3.53080791540845	8.75946186162485	11.87962318771	0.39003661578145	6.84353501979332	8.59452613627925	-4.45493912405216	8.78686708372744	9.59835359743739	11.3447825566683	9.60705089444432	6.72330767473772	8.48075390980925	28.6684098333858	41.5029604974174	91.5456952544539	1093.30598152718	777.656001340227	25.1057284420332	24.5488380733241	9.27711248888546	12.6519957503747	22.4512145113553	69.1847029482957	139.740353156928	33.6176506145197	11.0853567230461	27.6726233984507	50.6058356030495	72.0605455397881	54.7731166115734	55.0589303582164	37.6477464922957	83.417385984537	-44.1656715257266	75.7074224231797	-214.423148475568	-153.133602334919	-993.30117419656
706.367	3.63286145485793	-1.85224278059542	12.5609643274308	2.75542944799975	-6.78936495528872	-5.00055009374693	4.70979098854287	11.3279614788531	0.698392652380478	3.81467904322146	7.88098272964363	0.719600982336786	10.5506971867592	-4.41054409900219	-5.00232782847175	7.80063793910974	4.50820810861014	11.0518105996757	8.22401956731038	10.9862531014164	0	0	16.4703769482032	6.56036722528243	9.33321665073064	11.3397050458228	14.5526222056248	24.920332181991	49.0619253587009	401.081065335009	1292.13410185467	191.365749925942	7.36416913573882	24.4664176519488	21.1234749214015	21.8898726941794	37.5755174280647	118.697923452139	102.268127104193	37.1605706085877	27.4843696024671	52.9641218907955	43.7996245121157	54.3047420061237	74.5111889293453	16.3877328542763	36.7848544171481	-27.0769442574558	-48.7577236717816	-39.7258093858824	54.2477462658542	-327.153531909436	85.5486390468145
711.106	31.4677499582614	28.0771365659166	26.2335498227909	30.6299032688735	27.1012857032212	15.1601214870662	21.655921857277	15.6103982198939	21.6436189278943	16.7966799621508	13.7842514299196	26.9064942900945	43.0293925721149	25.6285277213236	40.8024463399165	33.3237627052947	25.4367227904531	44.2753523075088	35.8680718455563	38.3954794760487	41.9144014323857	54.7719747438157	31.1548336311666	32.7339868421588	37.3342434709118	40.4902085377835	47.8899091868974	44.7290454756754	95.7799224889518	955.896430903457	805.993866264029	54.8851456790432	44.2796689100143	39.5597931697596	39.926075345816	42.1553194419559	80.8018404176361	149.93974879943	91.4806811079717	56.5941377623071	79.3562944947388	77.5169565950576	53.7957252222378	94.0772481544261	138.659053947795	86.1163995171403	173.918567844502	170.616189925273	139.606210066575	140.509097205984	324.356381878078	669.919140592868	605.166375486876
715.845	-8.48851375323021	-2.36683946468238	7.27631559222498	1.2071837718029	11.7988302803128	14.6965876672779	6.49974444105308	8.84299221689922	8.09129810983363	10.0275156142135	20.4508725275337	19.8616987297218	18.4895032377739	11.6475208056481	7.30524840710744	14.8611416997935	16.8980373070856	-7.2628786129796	9.73450994611107	9.35899536922931	44.703796677507	16.4486121373178	22.4493180944934	15.9276844305314	23.8524082618141	23.9570352294657	46.9183399591463	34.9806383143085	320.30160080556	1151.10591192192	250.925473426563	27.5738561976359	35.0056048276725	23.8566575351355	33.1902538728413	49.8207489432007	96.9230630501839	126.07984637786	54.5232070053164	16.5861885287175	30.389702467684	45.4303687825215	42.7080358480612	85.6494046637878	74.3119240816511	41.3228454559883	67.1493623446324	60.2439350925093	97.6092366285378	-34.8086229877418	189.472065295308	8.80093665162045	65.5896399220773
720.586	44.6765726204529	28.473374269243	24.4583046465393	24.2042858272976	23.3090046419983	15.053775134935	9.17075312185594	13.5088635493682	19.5632960105148	11.448895503116	24.2298874879078	29.4986068554197	35.5271787919924	6.40338495165018	23.069300736873	23.6194925971368	28.8757810497059	21.4388279406386	23.0666031903173	25.8018481413931	46.2020838035497	30.8100852974672	49.3393643429564	39.0787697520537	27.4991305728263	28.6656629644138	45.5064939226613	76.2357692735319	823.142811902595	758.404587084262	49.6392699045026	39.9703961772544	35.4708323353998	40.8895810307559	43.2957359301597	69.8394929143123	129.405915079754	101.687295365217	52.1527390838516	50.4198612149437	47.1360645072672	70.5002625264333	63.5323068864591	81.0941737964538	124.784949091559	81.7335276603788	121.172281929753	128.951853169706	135.330380726458	218.10004194506	236.276428238158	423.505467000679	1183.57733607641
725.329	-12.9207532180599	15.8517660315353	11.7271177545519	-6.12503125115255	20.4245711535884	19.1282661353194	-1.95428284652221	2.99118245000453	5.55433458231008	7.91432341402254	4.08767326399056	5.22535236531525	28.5345995262793	6.10037734687701	26.3165077626413	12.5058193668972	16.7577983315137	9.00790666095866	21.1034853055352	29.4412226887311	3.7413434521049	13.177463866826	17.9617473278631	-2.12668890961074	28.2386505965226	23.5265122269567	43.7402122131245	242.306164110881	1043.33612004844	251.696478367961	29.8453628287542	27.9809478672949	11.4588440250364	17.180488147515	22.7240337155017	58.6967057254217	126.455148540327	52.4270532648416	27.410286226002	38.0056233221043	43.6391977341689	44.838044825742	35.649463727589	73.2330128126767	49.9584901697312	92.9324235990328	89.9457691945103	69.3946219677685	25.2894404547431	-103.024035509084	-56.2739621820497	35.7234835588169	-221.859948561425
730.072	35.7533479536593	32.8676623214428	38.4597435466765	18.90040330822	26.9298996631337	23.4883375952332	25.3180846613529	23.4335214283816	20.6547202367278	23.6064153670235	14.8705444706885	21.0315733590752	35.7920442711605	26.0880621083657	32.4478070768266	26.2777255906485	31.3714564048156	30.9000121340422	40.2107825414533	24.3685966074586	43.2933914496629	40.2205644949432	25.1267183506323	18.4034229613489	23.9493704331182	67.8626687964562	67.3821300234148	693.009565485032	741.789238432461	62.1647810134319	39.5347776820847	25.1113943412877	38.4340139308824	41.2542134977383	37.1565155620067	95.706696285469	107.175708965635	54.2054760626442	39.3284405320254	48.6223579617265	59.1334283033377	48.9300019707633	85.10682428938	63.9718323419864	86.3119676846159	115.178382357307	120.674544088133	94.7649132793218	142.078697487757	118.474993732466	316.152951806467	503.243330600302	1495.71862166192
734.817	-15.2755030472704	-9.24864723073977	-7.04220080119836	-0.413788055154688	4.99590174622551	-17.0839321302752	-6.43623186150369	-0.433017814644027	-6.85209116425691	9.73857871743253	-7.96587946621713	-5.67335167561506	-5.54546357705342	-8.50002685300236	5.63406778086473	5.218217416412	7.5034847620232	-0.829835657250728	10.920146631023	-14.4359811829905	15.6391242709649	12.4631984563649	-5.77123791599442	11.6374713811564	13.899069184919	19.0725356455288	196.909676771228	930.165356907687	264.903102237382	-1.93225352289139	16.8447026105961	11.495102738712	8.51536236783017	6.33087451297554	30.4291637673796	105.067748637316	65.2201145174434	31.1939106735892	28.2906808961	19.2565625152149	33.6086640885459	13.4390482347973	32.5837868883411	13.0480734154616	47.7600023378574	41.3444112191951	46.9544352607145	48.5551635843373	8.54237958357301	-62.6398497991708	-137.81140045623	99.5514055169655	0
739.563	2.20753039085164	26.0981482152115	7.56914026187533	7.11600232159575	8.66375783530534	14.6233333538703	-0.751257460166677	1.53314424899106	1.73289540897972	8.11304534555926	16.7612450559333	14.921836020548	9.61679311495576	2.34508223813603	22.7977123066192	12.8198298577543	12.7840538781771	10.0735500414264	10.5865456422737	9.24885271590631	-14.8617309443691	3.60222367466414	28.7418560480074	15.6966354709231	21.5040050473834	34.9700022700431	592.423612241705	702.454000276865	41.5007417974865	17.5920247450464	25.9474500295673	10.4656107198433	17.6198487829221	34.8234812934294	50.7489824178203	97.9418117646471	41.8162354186823	38.9516762163111	13.5289243587931	12.2445438368969	45.9278726406451	31.7215578917631	13.6146517165808	35.4735027947428	49.2803429120583	42.9858228813479	39.1169464763268	10.1624374172191	64.8110920036529	36.2094450656435	28.8434767619136	91.5511746400552	659.548923357627
744.31	-13.3868261286062	-0.49768380047244	-0.900009945357875	-1.69225899878862	8.02670727197417	3.35902615086557	12.9079537371039	-6.19815868337767	13.7612118817999	-1.75710131402605	-6.51557290842146	4.64043381956156	27.1339809240111	-4.34529427346594	19.2012589198375	0.762172054591844	3.63396553894385	26.3016307933119	14.8866198320874	12.2996839600481	24.7114118001536	15.0180764299471	27.2336447157916	5.72884543753085	22.5698904259602	155.594722712199	877.885740548659	265.437751052048	16.3783481399765	1.97557262185323	14.8738418456549	17.6292163426936	10.6849651106418	30.3412785221973	62.2227074579409	73.6870278373926	19.722928222608	25.4149299754232	22.6140348627881	24.188451486471	12.0568895141012	60.8500665672599	2.17267051579806	73.3732865080727	-11.7193755689527	25.8324669712786	67.7747357513406	65.0503910238788	72.0545989460205	100.640837918448	281.801975253412	407.132974791072	275.835364038252
749.058	11.2696992792654	11.0609425444936	0.909208023030085	21.7968114687653	3.31721182085071	21.3781384446133	9.20461600978479	10.7340063429437	6.571784156713	0.295843140443287	15.1389723470477	7.81309821601999	32.3207741705477	22.7466431561168	8.92284782632717	9.6245179086421	17.1318213265311	14.142327113952	14.5687994187342	4.47313910491826	22.0270250917316	16.5507935684674	24.7607746555428	32.94362787034	50.6678980111669	489.612484817033	673.347424889991	56.9416009180716	35.5127958320999	11.1762723600332	24.9112811350299	17.41362232056	22.7876820245152	40.8684874408476	84.9440836094951	47.534044420121	41.2721703349644	17.6198714882741	17.0010416348441	55.1222956092425	20.7061880265152	54.2010765098273	54.8718787651568	86.7577890094857	84.8472221385986	61.6825751354014	69.8937957404238	63.9858568064452	114.700961862726	43.1324661946506	294.498604071169	46.7379389716527	580.529987734561
753.808	-9.7637225214017	-20.4981006970235	-6.02366472747915	-3.92057238410165	-1.50270891030401	5.18805737340279	2.34546987740577	0.455863458698217	-6.69834429334034	3.92002675914776	-2.01267656465067	9.15809827144043	4.1700267300595	4.47424044599965	1.97710543559397	3.92394717003303	2.91029130194107	2.18404266563726	16.2864024592994	-7.09221847609702	1.49674826301926	7.96616720775383	4.20627005943334	20.4190904504189	132.982439748316	783.072656800201	293.191049578215	13.9950241734378	16.0417215919717	13.018864266376	6.04548221578511	14.1185034454371	20.7816318299642	42.072092605277	57.5756641190233	9.14140759171714	-5.31881537079691	6.15743893600354	31.407814810067	22.0101667856354	18.6220147550256	11.4532082302186	16.4057248361331	11.1608887353652	10.0559557213917	-7.25428441156923	-5.81549535412157	-31.7277259886647	-31.4757384055589	-91.0664544403359	150.085045167055	-9.52760466040155	-355.025938563359
758.558	-15.7890336354028	1.04353953024347	-3.77426773666996	-20.4028143252329	-1.53003068287105	-12.3255649357866	-6.10295917608749	-6.49812551130506	-4.19700396672672	-7.36855279632702	-8.53862669136866	-15.0004561608688	-6.79335171476978	4.96973416812166	-0.805221013594156	-12.3854024778445	9.31293090247631	12.453012490963	-1.46316323095196	-3.61058346152288	7.61980830502337	-7.15676956843545	5.23446869699406	10.6261757298353	431.177603149364	632.481675435948	38.681692252348	-5.86743179844732	-5.02565755104355	7.87049414758079	8.20719898531443	-2.87504031148246	7.05315893671477	67.8606478110185	49.3663043543981	7.91147167854273	-1.96928013452455	6.2693915204671	5.51359683603483	-17.1026344542852	24.0167527402118	2.05790237601841	25.0560127133456	4.37069709348688	-36.8596436061282	19.6964786386627	23.6849233191809	-52.0462828421227	18.3131544054701	-44.7624392432607	91.6883060602436	97.0083251967308	-963.949084203566
763.31	-22.070011847416	-7.98324072423195	-4.81228981210841	-15.8346820135881	-14.4361348214226	-13.2907524875311	3.5185606193122	-3.31411180950776	-5.08372505546299	2.1921893038183	-11.4966421708561	-9.09776007094965	-21.2211665529468	-5.4916686020817	11.0881201934135	-5.2978644091604	-12.0901249064024	-9.0730947142147	-13.432113248811	-24.7278446071763	4.66341808497168	9.24673544834559	17.4739657073818	96.1365165416643	699.047844281793	284.124247547878	2.14435506928321	-3.84743755999814	-5.9806548355292	10.9857776264261	3.76718140171367	-7.54097428713771	16.0815313650925	52.7796985804784	26.5261158394118	13.7662423448126	4.01741366103351	19.7176397072672	6.74878059109615	-0.601553242308184	16.7615082335032	11.8949190747695	4.64684651193975	-24.0742920929343	-11.4881572772601	7.53405720794542	-6.03977900571655	-16.4756776213099	-112.078797823624	-68.4879331402773	-88.3282084870176	-395.802063959194	-639.111317504563
768.062	34.317834711785	5.9091475103381	-5.82877378204154	1.82660849757625	-4.33197628762513	6.16369226917675	5.19062275822154	2.86724330237733	9.45236923746498	-7.27029495808039	9.84598763514779	2.08701698275278	-7.43132535024472	13.2180333534795	-6.21769765719849	8.6381543850891	8.2807664799687	9.15797860911731	30.6305359544831	10.0898842989203	-0.523005219923378	14.7367008154769	33.3151728818735	402.413699865899	631.600358732727	67.9683032976431	19.9126337766042	29.7729824878473	12.9355868982802	5.97076078512209	20.702094381876	17.7602234489777	50.4045791607609	51.9634786295469	30.8584951371654	13.415894192346	16.7268701378792	36.0389546723674	39.7361954643019	-3.03590555308136	8.45916077666845	29.6623831925756	42.9946033908332	22.4995561216146	16.8663788193652	35.4878652003149	73.1554143502871	31.4118762444451	129.625097594857	243.596287581493	83.9101820865604	-199.752507240112	1290.18112538422
772.815	19.2538814053389	8.58964905909541	1.94168706440242	4.10725137269721	7.08417338967487	0.724678394918368	10.6476499336825	-3.10420178864865	11.8754097059526	4.10667976768108	-2.81134751870375	-0.417137534939286	13.1057506403969	22.5841791800806	9.11348144160154	-2.46647210991909	8.27549211484107	-1.37282182665632	28.6037456907868	-5.83779126022071	-1.04534419222337	35.345554552398	88.1310522188018	657.427499509157	291.703677715141	20.1583904959899	13.843443889141	23.2857538708938	27.1474301366513	18.3270845450415	2.53333571700802	23.665214963754	51.6531305129826	44.9481448345345	35.8274759707898	18.6745218917142	25.3276001477087	24.7274029581898	33.470603767711	37.6212510437407	48.7717660660488	55.7579930671324	54.6855506105788	29.6804972864982	46.3529987802282	34.1986450184656	82.2474209468377	24.0055466620586	54.1723323875939	315.815521243207	120.544058281888	249.53159568381	-148.7722333015
777.57	-33.1532388128242	-9.31254206157641	0.990633772360735	4.65663997500265	-3.21270280319334	4.80642929979769	-0.55716399144075	-3.16747964637068	-2.47857647233038	1.61168950790639	-3.22723762242148	3.83076638522702	8.91527059777865	11.3048727243043	5.49501488349694	1.25837505716899	16.8883691345795	-5.13628949737436	8.19279188970345	12.4551109600404	-3.19995929171933	26.5486267110312	322.740045763773	583.034215017645	48.304858144536	17.4391983478656	0	8.36014927094384	9.67330193176969	8.26308873852192	16.3715191516012	23.2852054749885	45.7366619161963	18.7019859049386	8.3296262537175	-1.95437889491858	27.3945262668826	12.6157303729551	16.2081502631015	-3.09581810827441	21.2334754812805	-19.4449886709259	15.1457937418742	11.9306601166632	76.321587662446	-11.6319233740495	31.0829630709457	-15.073778283382	-2.40333099004283	194.694695327359	-42.7830603802079	-101.847277241464	759.024465888142
782.325	-3.74042684058381	-11.6809007237621	-20.117816271418	3.30985077690199	-10.194320566004	-13.1396852645311	-18.9524587545509	-2.22664356636901	-17.0579705641741	-15.7105114618648	-18.2052291964576	-4.75415739530809	-10.8630927533595	-16.3354749311367	-21.0309704408934	-4.68510408819147	-18.0510230102863	-7.58602908804333	-34.8356930723186	-10.4474686846285	1.08308093436343	59.5099746756809	588.966062043689	288.126465986972	1.40139472654801	-4.54045757827966	-14.791414468298	3.12749182468929	4.91114164565425	0.883194841174406	6.9994365131161	23.2059790903128	46.8833615210658	9.04286698753117	16.4459424697063	-6.94567600075573	-2.62419220743152	-15.59481783479	-14.1066657754241	10.6878922165228	4.71635903887476	0.73127654234338	-2.42827240302172	4.65938758135739	3.27452276677599	40.6825745710088	-18.9370085397668	-80.3561533046237	48.8069079069116	119.297648098351	59.732715402711	-372.297085282015	-513.809616169917
787.081	22.404712853503	19.9906311491075	18.5919426270124	32.5301900414289	27.6352651905099	5.39692493413825	12.4899481810961	15.242663657013	28.4272038441589	1.00825820464901	23.1803110616795	16.4204108087144	34.8581980383785	35.814472274849	18.510320856766	25.3662329162266	37.0709093138974	0.486850863340249	20.8216759525258	31.054288981852	52.8269995013475	318.592217113071	602.167494218165	97.6081359158052	27.3410697840613	22.8453136993186	23.0126797894654	26.6089391376988	23.8393572597983	31.2879451943868	55.2522071007148	79.1294447503771	38.1499161007063	33.4279748751347	20.7472529283334	41.7735862435259	25.8683243705787	37.7457130306547	43.4557305187808	50.3546023001715	47.0456155322875	59.3212313552083	93.9195528967476	40.1892172222683	61.6440086298245	5.39024059107639	59.956086368355	123.768982661198	373.369631081015	300.998070911532	462.806115007513	467.241312654523	659.498275900671
791.838	1.27901836015679	1.71180843320872	-10.3187647322311	-3.88040655874248	1.25492104041123	-13.0940110807107	4.06252140170127	12.4360122601102	-1.43431453246294	-2.01454607959019	8.96425613309852	4.87697382263877	8.82211502069588	-0.452904786133194	9.68640854764954	8.3015087216651	-0.462933593552761	9.72750326815958	26.6683733082935	19.7425110696629	58.8862162209518	573.949203600816	323.166637397089	8.58920714031014	15.8135739124542	15.836361545654	12.8745087501904	5.04159200355503	-1.83200491723229	5.43606502167737	13.9117466052282	34.1361460533537	34.9365866465308	19.9444227677725	23.619117740938	28.5004279156987	31.2270169853068	19.4257618637196	27.1332938169633	7.09435142729518	26.9556801603605	51.7615892307298	19.0976906497034	48.7535089014071	22.3941005556693	26.9248690482538	64.754057868506	51.0293533526968	215.291368683272	45.4552508197738	50.1347612274697	647.133435478186	1185.93698923305
796.596	-5.8630424707681	-6.97507530140633	-2.62785541698638	-12.8467815268087	-3.40893625882347	-8.23847502350263	5.02516464034113	1.2926734036556	0.876656377759289	-1.02607937391652	8.75113933931486	-14.000810605733	0	9.68857604822956	7.17618840024017	-4.00571165996296	-6.60207540854894	8.91820892841032	0.54332572612312	28.7301635172758	293.703342784197	550.116751585388	86.9385744769283	2.57340361689976	-17.0851141539928	-13.759676917988	-16.8619921884888	-11.2052100249584	-8.86449485397065	24.9190168716923	39.7715910379142	16.4716514620117	12.0170216039077	15.5919596911136	4.41920194586959	12.9609581995592	14.8081231553834	6.40214603361596	3.68531828439368	-3.28491218967689	3.52037914525918	-7.64174002659454	-4.22918584675287	-5.84279568970347	-14.8279368655278	41.1413564411042	65.9630512594544	187.935281232729	94.3547219473286	-14.2473615424869	-244.004954445522	97.2613427906233	-751.6936474256
801.355	17.4333726029502	16.5584919869409	6.80552932231841	8.10426772265799	17.6566910929543	8.80521714429961	6.88976368097877	0.446362799408911	5.29744705145175	10.03870767338	5.58373594312283	-3.89879746331849	1.22493573634176	12.3464340095189	8.13078227811759	14.216022007195	4.88509348080209	15.8250849228894	18.2921209357235	44.1466026883332	448.948196114814	274.381541650626	27.4573806838285	11.9961214713634	15.5916024405555	13.9260626188643	21.0256250088953	12.0911943529226	17.7211644442976	27.4868785121299	40.6471523223224	15.4041748023955	26.3333806781873	15.9070834119453	8.47755316889685	21.0345946412283	4.26106295612951	31.150410089858	33.4043856429053	17.0143045797585	33.4288404634226	32.3241807613606	30.6672789872623	68.0916183976625	1.96927587016967	82.869473490747	112.462316400951	177.769347019557	99.0634883262415	83.0189824225894	171.449973094429	363.832546922892	254.926346407463
806.114	20.2452068937486	-1.50531745335826	3.17591368374859	0.426540406455684	-9.93188873978679	-2.03197318714606	-0.510352865257687	3.79408379497574	-1.76581568381725	5.60986605277117	11.4959269417235	13.2559113752829	11.4327335391898	11.9481619446957	18.9718253156077	19.2108405502636	-3.66382011060157	5.13245997499116	28.6107532584393	177.082439997022	422.079696891403	72.4954574929748	4.57623011397142	12.8847230618347	0.421394660555555	29.0808954688049	10.5128125044476	5.23951755293314	15.3046420200752	34.6573685587724	45.777375430965	1.97489420543532	15.5606340371106	4.48661327003586	16.107351020904	10.2935250371969	14.2035431870984	2.00970387676503	38.176440734749	7.37286531789534	-6.68576809268451	22.4290233854339	21.1750259673954	17.6533825475421	21.6620345718664	58.0086314435229	62.6372395144536	163.962019095708	70.4451472542162	116.841530816978	-73.4785598976125	111.948475976274	69.5253672020353
810.875	18.5581063192696	-7.5265872667913	37.6572622501619	-8.10426772265799	-4.78202050434179	-2.70929758286142	0.510352865257687	3.57090239527129	8.57681903568379	-0.885768324121763	-2.62764044382251	10.1368734046281	13.8826050118733	10.3550736854029	-3.09744086785432	-4.99481854306852	-11.3985514552049	-4.70475497707523	49.7170466458125	360.117230918314	242.793529346097	36.7065607559366	16.4744284102971	4.44300795235681	7.16370922944444	13.9260626188643	12.5345072168414	12.8972739764508	48.330448484448	40.2344163728278	30.7813386518558	13.8242594380472	25.5353994455149	35.8929061602869	16.107351020904	8.95089133669291	5.2079658352694	16.0776310141202	2.12091337415272	22.685739439678	28.5664636687429	19.7903147518534	30.6672789872623	43.713137736771	12.8002931561029	37.8831878814843	121.003758152922	169.139767067152	4.40282170338851	61.4955425352514	83.2757012172942	102.619436311585	1228.28148723596
815.635	9.56023658871463	15.5549470180354	5.89812541267596	15.7819950388603	-4.78202050434179	22.013042860749	-1.02070573051537	4.0172651946802	1.51355630041479	4.7240977286494	-2.62764044382251	10.1368734046281	17.5574122208986	18.7187870466899	12.3897634714173	7.30011940910015	12.6198248254054	5.56016497290709	152.434341131029	395.831336463931	80.6054976702333	2.29416004724604	16.0168053989	19.1049341951343	23.1767063305555	-1.22877023107626	-15.7692187566715	20.1519905882044	22.5542092927424	43.4213008380022	29.5974410113998	23.6987304652238	26.7323712945234	5.71023507095473	5.9342872182278	21.9296837748976	25.0929262972071	46.725615134787	18.5579920238363	24.3871698976538	13.371536185369	17.8112832766681	18.9845060397338	25.2191179250602	20.6773966367816	75.7663757629687	199.300307545989	62.132975657321	143.091705360127	67.6450967887766	225.334250352678	326.516388264134	-46.3502448013569
820.397	25.8688754753455	10.0354496890551	17.6943762380279	0	7.35695462206429	11.514514727161	6.63458724834993	1.33908839822673	13.8742660871355	6.79089048493352	12.4812921081569	-17.5445885849332	-6.12467868170882	2.38963238893914	0.38718010848179	-1.92108405502636	24.8325585274106	38.0657448145178	284.700446358568	279.760493440673	24.4259083849192	16.0591203307223	13.2710673305171	11.9961214713634	12.6418398166667	12.697292387788	0.404338942478756	0.403039811764088	26.9845004038168	43.4213008380022	21.3101575282078	18.958984372179	30.323286841549	32.2220407575303	26.2804148235802	11.6361587377008	33.1416007698962	33.6625399358143	47.190322574898	17.0143045797585	1.82339129800487	39.5806295037069	37.2388387702471	31.1035787742409	30.5237759876299	123.120360614824	132.39234715555	41.4219837715474	-13.2084651101655	-9.22433138028772	53.8842772582492	429.135824575719	278.101468808141
825.159	39.3656800711779	16.5584919869409	11.3425488705307	31.5639900777206	-1.83923865551607	25.7383270371835	18.8830560145344	11.3822513849272	15.3878223875503	19.7821592387194	15.1089325519794	20.2737468092561	20.4155956056961	21.5066915004523	13.1641236883809	24.9740927153426	17.9120094296077	121.89592440604	364.435332488645	98.2137902504491	25.8914628880143	-5.50598411339049	26.9997576724314	11.5518206761277	25.7050742938889	24.5754046215252	35.5818269381305	38.2887821175883	24.165224242224	29.4786813028639	29.2028084645811	26.0686035117462	14.3636621881021	16.7228312792246	30.5191914080287	34.4609316462677	45.9247896382847	32.1552620282405	17.4975353367599	17.5814480657504	35.2522317614274	37.6015980285215	31.3974522964829	52.1195103784577	73.8478451313627	159.819698875012	126.698052654236	160.510187114746	74.8479689576047	178.337073352229	475.161354004561	419.806784911029	764.779039222389
