Wavelength	500	495	490	485	480	475	470	465	460	455	450	445	440	435	430	425	420	415	410	405	400	395	390	385	380	375	370	365	360	355	350	345	340	335	330	325	320	315	310	305	300	295	290	285	280	275	270	265	260	255	250	245	240
248.336	-26.9944981678814	-24.5783556336988	-4.07916511101485	-17.4818364767224	-7.72016854847443	-9.81079238262691	-11.2200524076665	-4.68174111664765	-5.28898921970903	-19.7517526945611	-6.88834782674727	-20.2383166094729	-11.8196291428861	-18.2909056482602	-23.1917568049321	-11.1222717004338	-5.27938463277788	-2.13527869276249	-21.536532785914	-14.8512072857937	-35.1280726216608	-20.6146566480541	-15.5400579559616	-16.8578964183546	-7.57260245822855	-12.6775433235373	-16.5489214970417	-7.64791390416197	1.20681521205143	-13.928053314146	-13.8010006453605	-13.0170075470248	-11.176440762277	0	22.0472641005305	6.71448886250561	9.47196838691828	24.1162615041444	21.2131044581759	52.1780595167927	43.1264753566649	91.6577300229852	281.807362637396	524.090189619654	700.673642134088	715.460662062502	797.691236229587	839.502851838073	749.962957936136	1993.45351104965	40968.6098713003	134486.714654969	47697.9788847012
252.814	38.3935705482515	23.4299292457424	17.3711423645459	25.0235489384236	22.0154272344637	19.4489854259654	20.1574583316446	9.3455694867134	-1.50824890129343	20.4789863419108	7.07160355134255	22.3749413548924	35.1469768151526	6.19113617238886	19.4438075755355	24.8049803970955	19.9422168558492	21.9939201424185	15.1401906941561	18.3802673918925	26.8800011759575	37.3097321181266	17.5175482196556	13.2834051578085	27.209216671671	38.69457910231	24.6550360217386	11.570450193868	37.5806034971095	13.8219717265026	39.6708443541696	42.0471776332111	36.3336231778954	12.2143974965081	46.2106821341107	67.0164375483899	77.1434005093115	76.4226502170166	107.979866645447	130.422028712392	143.31824097626	331.705913305207	670.671761724831	948.599211955469	1100.86050070376	998.548419529864	1255.13105016161	1143.80661929466	2278.51120151091	36944.6662241727	147181.39693663	63521.8767859807	3187.6413493916
257.296	-10.662959168916	-16.6432646024813	-9.66774134896208	-11.1160276996193	-9.58415681038145	7.21609654495058	-9.06540490018639	-9.77492799810018	-10.445883406289	-6.98690076306509	-10.1063157927785	-1.8448233041841	-17.8702784233463	0	-11.4510721003444	-8.18072417184427	-15.3997500724798	-13.6638180066197	-27.1855283261016	-12.9058593720803	-8.0941938984073	-9.22860920965085	-8.6659752108954	-11.565547799951	-32.4048303614996	0.969230668821265	-8.60958239840421	-10.4938732132901	-10.0106564774996	-14.1470983754689	-2.33634126040577	13.0881719107125	16.5553084318534	27.5537689719094	-2.00971787283544	41.9056452965056	31.9896024215289	67.2776685925898	55.3032499743679	85.3547235461868	282.15998689169	544.641609990208	813.236059004502	977.364748789502	990.07300603253	944.526233440135	1204.76334026487	1775.15685416388	27289.6104647742	126950.233184099	66413.2906512322	3179.42614678935	4689.6651907265
261.781	48.6904763024351	18.6980339212405	27.2506135545724	25.6360262023816	26.0817666233382	9.35645706289202	22.0776178155744	16.8890863224489	10.5998309015297	21.6241067785129	7.09979460121946	18.7201161519567	10.2920681344746	31.0790861316001	22.7748740283972	1.38354810057519	16.6033749005919	14.3787157733101	10.1336981889485	7.7385815393336	19.3603529729552	39.6619071935849	23.0834391100632	44.8101684060861	27.8235696929508	5.40933153948775	27.1801201187486	40.6580158634281	5.80467986410874	9.57039532191816	36.035755344503	19.4472671002741	30.7187096357117	51.9955031639612	65.258762812573	56.518223618927	76.881441631402	97.8726319314574	105.859498653345	285.07155443271	688.77093953396	847.636223631687	985.875996282912	1063.47507922646	1114.71589870576	1221.52132977276	1827.79367568949	21168.0828349468	114422.039856247	71435.3826824112	4508.49970055375	3203.87858646242	21818.0309509431
266.271	-2.06343441414516	-10.4289613776461	-16.0754140141098	3.65036784924049	-7.64349177444535	-2.89627317021265	4.05434736559483	7.6345162805683	-5.85251293033681	-6.12936031042999	-4.81407014300595	19.0399773449628	4.98472548441723	-17.9934522501762	23.6367518636176	1.87625078653616	22.3505317089334	-8.87909857039524	1.71780793071363	-3.02723337815273	-2.38680649332771	-0.560272086376376	-0.558996528669013	16.8196468153621	16.4648593513045	-4.5014384144788	2.46826188724685	-17.230299539966	10.8237460913959	14.1141837752053	22.1837906112473	29.9105431907547	28.8026796917478	33.9255362342332	51.3359908980851	54.7465924100471	35.9118127226695	88.4843842510998	184.852144415886	622.890671660829	921.176172567032	974.21906727987	965.219569814609	1121.70711032462	1107.28395820859	1715.3410003145	16068.6475319961	102559.464341873	73929.2958071864	5316.28998111936	2256.84905955081	13410.4813879569	28502.7556452581
270.764	-24.0876209971131	-0.613830675260075	3.88256431880601	-11.4793612105039	-18.4451923294758	-10.3499425693869	-3.74468506847192	0.54564469858435	-2.7738804549742	1.08229072158461	-4.01409473529476	-7.62048949518536	-34.9136887763993	-34.5483706689904	-22.2316706386701	-7.97877590501542	2.98183114076018	-31.8791138735806	-2.29176345706325	-16.9625202990626	-16.1204601231088	-0.560603023748648	-19.5764349411503	2.71444866450755	-26.2563693539173	-11.0100155998051	-0.493943964384685	1.47775517193128	-8.36874406766644	4.86983470237612	5.30795290553881	11.102400680184	6.35010176936218	30.4511776803392	20.7540661258641	27.9372541583997	69.5477900256947	140.797866302667	425.73555604489	857.848134520377	1012.40566908257	940.902649628319	1025.64900458837	1143.95370413808	1537.86611592208	11755.4344091455	95337.7951457269	77147.506628806	6252.10823891463	1716.67385463045	8319.93358764878	26312.3816330952	7108.65685400402
275.26	-0.673674243083129	27.6395200710947	-14.6591389480058	3.57533844684498	-7.046012221675	1.62099621512805	-6.10925322586827	8.27876807760261	-7.84409161258914	-15.1850146185589	-23.5756104301638	0	16.1114903057984	9.04996502752148	-10.6494249198723	-5.05363776685121	-18.4858519458474	-21.4857132169321	-7.8516677311073	-5.9300236751394	-9.35099296642048	0	-13.140166886046	-7.43984250946124	-13.6066852667267	7.34819361320878	8.70310586564338	11.5722165824946	0	28.1248561590928	11.3362573300285	22.2080791636547	17.213291055491	30.784980725256	33.520556383196	56.8386149141671	120.271306121948	355.088560162105	698.799919915794	1044.21490055625	1005.56368783586	944.716278876557	1005.72395222993	1403.49726408057	8469.90387536492	76119.4214223362	86552.5388479291	7981.024334873	1628.13282247327	4536.33460657962	21436.2038892657	13146.0028977097	304.951372646538
279.76	-9.82464891438459	-14.0203787318734	-23.2259352673548	-5.46245210127406	-4.70968577287741	-16.942063402153	-10.6914465600231	7.01041332729418	-4.98647984782304	-5.49341715021532	16.8089354809091	10.8786259337208	0.949352738972779	-12.5035375224095	-18.4568683447875	-3.57336392699303	-9.45935897872424	-20.3920167203716	-13.6316906948221	-2.30617498038218	-3.97751316056804	1.06705141824594	4.79079939812595	-10.3333595236447	-12.7390710770298	1.90513238958672	-5.64103565699294	-11.251032800255	4.68501818475035	9.73270210103206	32.6056333293234	36.7518295396404	27.4276917962648	27.5551111834902	31.6026204009951	82.3702806040981	292.333020312311	617.323722741485	872.108854105412	971.638084087937	962.798714637952	960.734455975085	1190.37782030914	6933.25078096118	63365.1651991586	78533.8655612023	10835.2924977225	1828.95639478803	3122.34508234117	16480.8913990011	15967.268875918	1388.78251641556	-269.534117000315
284.264	8.10365559526247	-5.00383355804989	-5.52618045158685	-1.89045694258671	-17.1143488340966	-1.87490684103088	-9.89267759160792	-6.42488044100914	-8.37487326840476	3.59440594429593	0	-6.4709181011487	-23.9433725988829	6.6110773568566	-2.14218021678628	-10.6276957485486	5.85176539005643	-16.5674705957169	-18.1630844108931	-4.93840400958818	-4.86707386099898	-18.2797265502523	-18.2381095454851	-11.8014298222653	1.39893491571579	15.411890992815	4.02653937706369	10.7078981845475	-4.90473794417484	22.9366148421634	31.4686875461871	36.2893267564999	33.6250302404661	56.5192030503337	73.7827121592966	243.616552418484	518.120766049602	835.897528980429	879.385772212427	867.526569966962	920.359995821136	1034.22335070525	4607.72016459604	54019.1413063692	68661.6800570701	12434.1787911172	2594.21157290432	2707.48878827929	11944.9714591327	18205.1654025461	3059.90875314295	371.739417317327	538.697403164208
288.772	-36.5376118685623	-27.8578157168728	-27.0718589352058	-5.80845991831605	-6.5489376601103	-14.5346437563537	-14.1622587954212	-17.5211985645813	-7.65360126343599	-18.8440878084281	-8.2493829229592	-20.7996327020553	-25.6254529318811	-12.5000882807797	2.02519501571074	-17.2813794182419	-22.5543475766436	-48.7781705297955	-26.4926963854624	-25.9373114554912	-22.4951529119063	-17.7615050505981	-4.78947780216206	-4.18385612477211	-4.84930818931093	-10.7134134601673	-13.9577117966114	5.90516276498266	15.5968068131855	25.8540457707632	18.1806604570201	11.5736327070821	20.9136550870795	39.7539063776858	175.494255083421	433.888239856407	731.016936097044	804.463879494308	812.467615926682	808.858715364821	936.931573675598	3004.40364508442	42198.3881525437	55430.0716859638	14409.2008036188	3436.32872643834	3599.84114993262	8901.81083892526	18330.9709274009	5928.2605527159	795.008763097438	-19.5243666344876	169.759650676692
293.283	-21.4657153026106	-28.7183409410943	-20.4865598286372	-14.9899087372142	-4.80041282296745	-18.0098337757059	-7.94020381500484	-6.94188702886767	-6.32442640622961	-0.296113756735229	-14.4969352106151	-12.1188241445161	-9.82527786929004	-23.1650434381137	-14.7534551921215	-8.47512145127257	-27.7380937641469	-31.7427120400284	-30.0971710444348	-13.9227903629229	-6.37078465538231	-24.3874958826688	-9.64097061994129	-11.1400602742221	-16.0577243019187	-12.7339415154574	-23.5148157504204	2.83018729383882	-5.65685835529713	14.7894440172291	10.2977804256663	15.0559637669267	46.1074471532586	156.521328302235	364.546449733813	655.551733667198	782.535221585312	792.816499335241	767.60177012073	840.841622370359	2155.54454349298	32603.7661489747	46125.0148780755	14411.6374789869	3631.63912640423	4359.37467815623	7428.25084108047	17991.952959442	9655.92732395231	1844.73158975512	973.46133794167	533.378019268258	1371.51873479951
297.797	18.5934750985726	11.7061912232198	9.25541077210265	7.04854938240721	-7.50713819421966	0.986904139445717	-1.23982343723018	-3.25182367009141	2.69397586605638	-1.72000502427073	-14.3534372914315	7.56917709222949	8.32286356802197	11.213030520292	10.9000383088293	8.20475867012137	-1.97450202971854	19.5177633769846	3.18686468360859	19.2552040360978	9.01411418211444	8.90925144454047	23.1113167231733	0	17.1818361005992	17.8950761923931	26.6896193778717	23.0934612285295	42.2465165799633	48.370437746103	53.6807031673986	56.0012474366672	131.969033125629	345.103445698342	616.78042644551	772.62309299108	788.42726264096	826.64060522426	766.836605865497	1608.73367980127	26538.680737405	40338.6733258014	15748.9830633179	2460.75400608073	4024.87765724661	6291.36278056298	16355.6428989381	13607.8618040234	3616.40174772569	2085.02618170206	1327.9373975572	905.899749545574	765.153432402579
302.315	2.68429384580559	-17.2379364425207	-14.2780449663097	0.814065262302904	-4.91316730853755	4.52126698669674	5.84224117399456	-3.19231243697968	-3.36594839430246	10.9754282273867	1.25251171246951	-2.97226179776797	3.11258965517907	0.759160151725051	-0.737969518709938	-10.2513146532977	-6.20277409925849	-12.2301517924418	9.83256137939529	1.41771126505966	-4.65744629723741	3.06117150762518	7.85366283494366	-2.11746294581614	9.63851050782347	15.2252364849148	9.24747383646404	19.9810710175108	16.5125447348003	32.2899470119155	39.9001407378676	109.576200195849	297.973932633917	568.540360603511	768.603496896121	743.1000853581	786.205100003878	781.776086793799	1222.60848288437	20665.0713365478	36452.513165586	19535.2099647772	1418.95569356043	2427.74652900642	4637.93806310862	12980.1203796264	16470.3178547972	5756.24208248841	3126.12372569995	2278.86636183766	1630.71185078972	924.893826894311	773.243111986668
306.837	13.9196145555059	1.43251058342689	-5.6090843104864	5.27674843236214	11.5489172039399	13.5261817387119	-1.21375785619495	5.09353368618588	5.99395166359425	-2.80640714397117	12.490378694421	-3.70502278177163	5.81991915621564	8.706128129512	17.2941848410461	25.5572065435822	6.95876703346736	-5.6915746761715	20.5019715814278	14.6090521553123	5.10898174959179	5.23316801840051	17.8392837934995	15.2034491469956	7.20883356384995	26.8622471695227	27.2812351155189	33.7203366727487	34.4652847709484	36.3675001950013	88.5878936145138	275.997022264952	494.359206468422	724.625969482037	764.857299486496	774.703321969836	776.810992072996	1041.70911232043	14715.4260538413	33871.1419884696	26898.4027389343	1329.53597633972	1282.27519747048	2568.12889820089	8649.64857820121	16553.3432282518	7965.96267730107	4230.54158340639	3148.85825337554	2395.54454224981	1807.91220293777	1525.38966151096	1982.82476856533
311.362	0	-6.67660171724123	2.15461396126378	-2.83773559075665	-18.8743470965642	-16.0822489973287	-8.24312368424653	-14.2014795687925	-10.0571138782183	-9.52972665760101	-2.80678388016073	6.29057947744999	-8.13759060815575	-15.121959109906	-15.4348487654116	-18.2320791151452	-11.9693987600919	-14.2109560616753	-12.9088229120476	-17.4145765785451	-4.17479375550941	-11.759748839945	3.4764372469334	7.1703341670452	18.3992946751513	17.8855348341303	5.37260070854954	16.4561612834851	21.8004303614809	57.1307616148285	214.4417046508	430.161289067121	702.461615701143	733.018454870243	777.999575634941	754.572762480045	947.835639768406	11334.4531331643	31637.4137812574	30956.9619654135	1660.32900983676	964.858455728282	1275.79597641705	4965.26976152971	13811.8444346983	9477.13636190975	4773.5378149044	3815.45978828126	2902.32197884143	2053.23618089343	1572.94363536185	1337.457986991	726.117017849997
315.89	-24.0369085949444	-12.3868868121548	-35.2999999451911	-20.2490791747191	-18.8552946921518	-12.2101714237003	-7.26600246737969	1.90573577663231	-6.21954783497833	-8.68009758540654	-0.311550068618714	-22.9189548430415	7.74226309421875	-6.04267779714301	-0.367125435880022	1.45709400302072	-7.7143977058714	-10.1404364585141	-3.55745994745929	-13.6354846962245	-4.63397730830438	-28.7170354818719	16.0622920628105	-2.5281515961846	-1.59832363519326	6.99162283184232	14.9514228230475	21.7919614656973	51.5804785333622	167.061633218889	376.017728846285	641.031400414708	704.406372506043	737.315357635976	790.503391886205	860.526569727639	8310.04280484231	29951.962056396	31095.2246764198	1988.27393378263	873.461102122666	963.25818925056	2472.73995885015	10432.6551222729	10184.388522597	4752.31793901351	4237.96119762329	3505.43532788822	2792.85841077999	2144.66390873442	1557.40890740965	902.536470126198	-65.9440046154712
320.422	34.2405466431501	6.20335722103111	30.18238187714	-2.43377901335725	3.84704146267603	9.6550390943201	8.24798420543627	3.81757255737542	12.9381994422665	-4.20677021404731	18.4108771532408	-1.11075682758337	2.71412963407897	4.16099081909123	-0.367713091792491	21.891395495332	15.0671549048057	18.6882694993858	13.3618288365721	15.5410779784236	25.5276719137309	12.202485994746	23.0449771215196	40.5151743397902	22.4123488976557	35.0140714437435	47.6139507994142	69.6927291768466	162.260224431585	389.929681917521	623.072894930104	691.966115221506	695.660994343148	801.362775563467	824.843141775417	5951.14058600523	28285.5851730156	30007.0754816347	2485.22286883463	761.296450303878	833.832162187922	1405.17045594373	7209.233281293	9977.14414870675	4689.35933702781	4057.91758441668	4024.25622144807	3437.25052912918	2899.84883402584	2232.96717387948	2044.16987958135	1453.45989771487	1937.45378538021
324.958	-9.93712764426758	-15.2641554474109	-0.444921218012981	2.09279911810691	6.13494609520048	-4.98140312435545	6.00769385103885	1.53193550887336	0	-1.44695552812614	-1.28798293142224	6.49492747525146	19.2044304663043	14.0518731619514	7.96812310234578	-7.15325069179297	1.99326159183206	3.35373614485627	-1.3787754821782	12.6347948727024	-3.83147640066704	1.34908461341832	18.395513536421	20.0323527243734	16.5191229947783	38.1374241812427	47.5468146986663	139.482087082045	353.029812788674	589.866409961659	675.448599557182	673.365933742894	707.25664727824	836.11738028039	4252.76712071982	27548.3183752924	29146.313975658	3336.49816615269	674.168334649361	709.29004893604	918.845722692948	4454.10240172316	9809.78230571354	4789.35643572161	3676.70608040179	4082.79050587839	3954.32969821021	3453.74732652098	2862.74919245215	2234.68939666381	1936.3557901855	1243.72900281321	1522.12784350409
329.496	12.9184154150088	-9.01730247902619	-3.16864951235349	-0.851688104586104	-6.60887262214397	4.05447589159855	-2.80144617835074	1.78125245700426	4.27611816136065	-0.29442740120344	11.4659807240628	15.1594358016867	19.9457017790949	7.14820949347283	8.4928307189992	-4.97950581050874	1.21677028559771	-2.13256341992339	16.3656548709164	-12.8546791756824	-0.9745389694886	17.843316871691	28.3017177607154	24.3685598071948	13.4452852460813	36.3505348410946	112.067071706811	294.271267179245	564.071319013277	682.004199255516	672.632406551126	683.114806787995	739.098988805737	3153.3397404384	26537.40451775	28017.4614126307	4685.50015870228	632.246860181916	599.567460702473	647.99776798963	2487.235241576	8481.718008293	5402.21686834522	3143.05892226721	3689.58435644394	4129.04102979093	3972.02355127562	3572.38868117568	2905.98031141591	2470.21380188709	2146.03934125192	1553.80448694261	1294.36690826322
334.038	15.2623892642885	7.56262809629731	-1.36670496029559	-12.8572826820568	7.02078751358465	5.44065028136878	2.05048660645069	1.12042514177093	10.1260045759397	19.8531937155193	0.329701190136593	3.91197240858331	13.9286655442388	20.383196667696	2.71960091592968	1.15648897719734	-14.286726699039	9.44347823659788	36.235430130074	38.3138655725887	33.8372965176192	13.8136862465352	39.968487201719	55.7384051865872	69.3491658994146	113.03966043578	260.868447089237	527.988717020166	693.034858794359	665.980257325675	693.990329580071	664.897990301245	2063.01460457449	25660.8165867424	26671.0073436299	6029.5325890057	602.178867600567	573.17778459719	555.439420403194	1328.82292156104	6472.2784356469	6069.21122278904	2474.44233686452	3164.06767371453	3829.97444718295	4072.3255111138	3976.06820872666	3576.2481688053	2997.57366575715	2482.96954269728	2066.33057176961	1882.14600128563	1907.48257130337
338.584	-12.4070213992204	-10.5629899886343	12.2716615424798	-14.1100309475287	-28.3863165866819	-17.9801283036666	-11.2513779894136	-11.4016867765865	-8.08191344509565	1.77375207507871	-9.86797085703603	-3.51256509314717	-32.6969067582982	-24.3230505490874	-8.9149941686378	-8.07654517222817	-2.03620165234419	-12.847441426528	-16.901734884336	-25.3175403456778	-9.78504102262021	1.37814741941105	19.2501375501041	4.89354176366498	67.0780774878903	198.485872511512	457.377832586609	646.640245412614	628.489178161472	663.629151117537	627.919339846375	1460.78854285954	22304.413540103	25532.25521604	8034.85483946937	556.614112670935	472.546068810752	447.900283814182	700.391462769411	4425.90565968228	6660.62884403639	2149.72098624198	2189.73859694369	3209.75008421457	3785.5171231343	4020.13755335531	3764.32156686944	3486.66275322945	2807.53169306958	2282.83044263177	1874.99434571587	896.839181502384	1067.55595253947
343.133	22.5375267550141	13.0659904046005	1.36226711466713	6.40776681528873	9.20788187135545	5.42298387437635	4.08765688891485	8.04086636094808	16.9059831915698	8.86062454452124	4.60082858299992	12.8675903122504	13.475101191648	22.707246607008	-1.16175859888851	10.758848115389	-0.813733490349492	14.9749316728681	27.6746546200973	42.6531587793885	25.9065712803601	27.0787022341423	17.4008136790056	69.3356555161585	208.63640700851	410.947729793433	593.641341376231	617.817773008716	637.988248241874	683.752210873677	1141.70162096201	17610.9944361678	25012.5098594339	10307.5858248003	532.673559870848	452.955268612973	462.14838976121	494.302125530688	2696.45097625672	6446.96212439558	2631.98840498791	1225.49192558211	2252.09632972131	3228.68356381991	3763.31169356909	4076.87411054821	3871.98489971642	3433.37972120483	2943.77176533268	2373.19855037903	2187.12130793401	2053.37105105555	2411.3906219203
347.685	14.1439797860741	19.6797215073221	13.6787882663647	18.444600362945	-0.739665019547919	9.18898301750279	13.5961415065512	-3.13988493771091	0	6.82112911187549	5.279749941139	18.0105290931828	6.97031445512001	3.60012420825435	-2.33308867544783	10.0315131669966	24.1040245335866	17.1847077525399	23.5497096314903	17.9283616122664	31.4122754384011	29.0336567987074	71.2693852485515	160.664483645346	369.474520450042	593.247978909506	600.959426644527	614.69369466271	630.094561518608	955.992083751814	14067.0604817509	24832.6709068225	11978.7333852046	548.670258274591	420.131445930034	434.106541337011	384.486748619804	1503.67269878353	5615.71685250043	3443.87139363898	896.423695940909	1156.24343974761	2253.29463954198	3176.07949320938	3682.78464914431	3891.42376644809	3734.87807392151	3471.80148953849	2940.41082340824	2478.9126268698	1964.70008089878	2071.20164404768	814.868682335203
352.24	14.9125085452716	4.09251299909414	12.0183669422357	-6.95771309118158	10.4980552803202	6.9004818775385	6.76174663581034	-6.36633471693146	1.28430072609932	16.2355846769412	8.36332780047042	-2.77851290862207	-4.15670485720101	6.08291816073795	10.6436233764592	13.2989623295951	12.425233045227	23.5191519821824	-7.16230070407835	9.59262446036475	13.9323120651686	35.9747391658352	167.344522770117	322.591300191906	554.342917679353	575.984006962	563.13856929721	620.703961441541	807.398525435222	11632.8829035008	25205.0254556386	14108.7553516626	624.880835880014	407.294403713194	383.97916802818	347.872426677555	790.199735990529	4277.54438076463	4415.60861422637	915.639138316002	673.996822134708	1122.41631418916	2202.45243080766	3132.49031987754	3535.83317906407	3756.91849319102	3547.08625049116	3215.5129037314	2606.36298372777	2280.91369962781	2021.73453541998	1795.71599841613	2360.28975811217
356.799	8.69924749038185	25.8632533929697	8.88052789027579	10.9925794220228	26.9167265582619	17.0945854680916	5.52227347820371	6.89708791241416	9.35001471647309	9.12028684957556	12.8539254609797	26.0880011741042	28.5805887960787	27.47315820669	23.1188803858373	10.2831283536204	19.6831325065614	28.6255820004633	26.5544341197301	52.0711397094294	61.8847076344401	149.754285962617	306.368055634173	533.426689506236	585.249443286602	564.690385077087	623.941508403348	710.224754657121	8812.76562987877	25761.9860337601	16541.2835611377	772.057829313515	340.825619377381	369.766613680808	357.652340209915	473.615019069918	2838.03355697773	4860.94360196232	1389.10272223997	481.344859619411	645.803937631283	1106.36456258895	2111.05450635317	3014.96219235633	3414.89427166576	3531.71255731852	3390.12877885028	3144.68720822173	2796.43621311646	2319.0221120305	1923.12339960241	1988.65416023734	2863.9117932704
361.361	21.607588987088	-3.12520535313381	-19.2967067522711	-2.65659292993606	-11.07072468371	2.1077927334779	2.38317142932582	1.62052862072763	9.67666433409645	0	-7.83419135460357	-4.04149091987019	-5.07875968589365	-11.9741843742856	7.22479399391323	-8.36344802180228	-9.27754773852119	21.7295737568418	15.5574530301774	31.8715188063553	139.830359057607	267.344019144938	476.991175082407	540.827101621912	536.028376289972	571.171144918917	660.979663542075	6989.11524093676	26208.4612165573	18342.0863911562	1004.4091150876	317.036118842184	324.547162588842	318.968617362497	347.37529557641	1649.67450777816	4584.9699510208	2073.8457231951	397.605150977045	412.257629531005	571.458082734966	979.176314922052	1896.80594205696	2772.57008964278	3077.94829268938	3232.11522987939	3041.65354676624	2840.80030952357	2461.9246710812	2111.55856320376	1590.89190769751	1673.59041326626	1826.44308223664
365.926	-12.301212231766	-6.79195331296354	-17.9393609174948	-6.66176106091037	-9.95578320796714	-4.22845710326899	-9.56179229445679	-6.73411756449599	-6.82058037076193	3.68473855354417	-14.0079385021801	-1.21614929564668	-0.849044481798521	-17.3948730666387	-4.4286328665842	-3.1958036240082	-3.80694898285886	5.78259145542423	16.5802650060111	88.6877317705746	230.713110338671	500.534106684997	517.485108749397	532.312738623865	526.710185052347	607.417822816858	5686.9829327154	26274.2192615643	20694.4144772233	1277.46675357845	294.069612932663	293.352655774739	302.255697399796	282.977065975662	884.5592042732	3848.87114817435	2894.64257283443	531.164920191921	308.228671135192	356.214836764944	514.36422882514	901.807035174204	1777.12648366747	2531.71353336461	2805.46710032875	2938.97181071857	2812.49345191584	2576.55674385474	2160.18886357623	1858.46204273468	1524.37407463095	1242.04427245531	747.271251699163
370.495	9.87724107645761	-11.4007162373234	14.515873686434	-4.84561152468113	-4.93745955549995	-5.24264025577856	-7.11309623950893	5.2974717321997	-2.34179356398538	-3.04567492760666	-12.1997515495461	1.20627133702549	0.421074133710129	-1.23239901939397	-5.19132790744442	3.16984627150848	2.09779317207703	30.0017222640948	63.847603036396	202.529552243802	457.174316341847	519.659227769185	503.365716845133	518.82264427323	578.06543991728	4447.65143517666	26178.576434729	21835.3071984641	1765.87095682179	241.742168644258	278.645058143575	286.079699187799	285.779739111082	523.427723907344	2795.50885496548	3538.28337821305	791.665051298039	309.881600084018	298.054614824096	382.032582052573	492.615400715795	848.838464384964	1617.12102421632	2354.09478862952	2631.19339618934	2646.31506568645	2528.16573768053	2308.08037159777	2049.4847136338	1744.84222330194	1299.60569205121	1357.07651631535	1267.21576261187
375.067	22.581485819485	-0.516429009772498	14.4658632485892	5.26790978954307	0	9.40424073340705	1.83778260009165	10.0993788355055	0.518605680080774	9.40906387433839	-7.76743265123856	8.81551338759702	-8.81209221809991	0.818768752395052	14.72441360915	14.2151644833446	3.34490528717686	50.5634022774477	191.846956263827	398.057146417305	541.997341776046	512.209116036354	529.395354399732	538.045447656605	3652.2217394235	25898.4052871422	22968.7334402688	2244.09757600496	258.438967437678	234.763666966944	270.783534118796	266.818828301449	337.398022416566	1888.68350905811	3846.18746772298	1391.81825397037	343.270742769179	299.503013999055	301.395805027566	398.234019693956	514.68242485174	812.647743743542	1526.612593219	2163.5285588423	2490.41401573643	2455.78402543379	2399.41185021097	2131.52341781788	1874.86351378297	1729.32904289698	1738.59630126279	1505.86503634553	2001.49798693445
379.641	-3.34663779761272	-9.9497044393605	-10.3390360951492	7.61200635914953	-8.38607541820394	1.67764293444807	-9.86348200262938	5.08556695960633	4.74602944717208	-4.97053571207649	-9.43446358016213	8.10613397524406	-17.7861507618246	11.4366496243598	-0.383359154317231	18.2582933297364	50.7497535087806	109.276734480998	306.932484492626	437.463325040968	477.114022658108	486.150582094149	495.016637659774	2954.53569940022	23703.9587522351	23990.7738377189	2646.12733432802	231.947108116245	194.698579796489	236.413699478735	238.559000930921	242.556181342883	1064.1385932968	3475.35376166051	2126.09108576781	408.000457984679	277.131374880089	290.509769871286	298.229594884413	362.81334388909	504.236773643445	767.141981073434	1404.72140835124	1927.56146586833	2148.2225443784	2242.5478259311	2136.5252647777	1909.72057955578	1714.47604256995	1430.95965519462	1640.83877608671	1561.50240023	826.319356960282
384.219	40.9608467266474	38.0146200417288	22.3049864812448	13.8490607942833	23.8811154336117	19.9783916519149	17.8198376366166	12.068518899008	11.4028760558015	17.6996165021318	29.05637744315	32.5606565088391	29.284101090047	28.9609152369605	42.6092220994282	43.4106738677436	128.306355463143	248.413519514172	407.355331612099	456.0574334104	482.123969163368	509.050324765005	2448.58529169353	22099.6323875752	24989.6577738371	3441.86237615582	262.994710331872	216.314293269662	240.727821374461	238.921589943868	240.235047303173	623.12537713178	2849.87771609384	2803.67482125339	633.470386665719	319.861157432527	314.176231267404	319.451145731361	363.292693784492	424.245137892226	519.527544723397	765.84254554686	1348.03463259224	1807.06919760451	2015.63110688391	2072.99134988548	1994.29779382171	1776.40947628024	1681.93666551923	1474.56272853552	1686.15307648901	1861.36581654397	1640.0521831286
388.801	46.0167375062399	14.7945510375772	20.6991906714437	4.46251033252273	19.5874935742425	13.1969416570002	11.8883516204954	14.2117073471901	15.3361629280949	16.82927626128	8.42641590232134	17.0338267786334	27.9204042103948	13.9978860737184	13.9749205380911	89.4015275066673	193.966630482856	319.773630094916	367.052781313625	418.721844815204	473.948245897676	1864.60877986499	20193.0778528805	25632.5678425248	3915.06759390187	244.741381759334	165.51846951547	194.935315058175	218.926786636789	218.086213551955	372.54190671405	1945.56418217263	3103.15917041158	948.564721625602	343.292466969588	305.794377270403	313.619340002443	341.789047325183	379.442027699234	413.884167153731	471.006150467701	712.087744507272	1199.61177799153	1627.78042774962	1759.32437467544	1810.38016282133	1772.25662221866	1636.84331312422	1485.68635853576	1302.49021641736	1448.33662009566	1604.33271137852	1915.68716944292
393.385	-6.65603746364554	-16.4398416160222	-10.3159010613487	-20.5739391476907	-32.7998567916143	-11.703831710657	2.55372000523545	-4.46528481956683	-5.96163138509872	-2.95230965130978	-11.6465894208248	5.31496838668805	-3.71060082491888	9.41215586118572	28.8559006970122	115.923629547364	224.053101613083	280.322663708037	329.058898595738	357.3979662997	1543.52980135795	18022.1393695506	26120.7105237913	4614.39085150981	180.781104799281	135.150737234012	153.603285583137	163.808071318496	172.129680884583	208.681160925955	1169.22656737786	2967.74040672653	1409.62519452325	352.070094010555	260.937466432839	275.083065908951	272.499498305537	328.42149663375	330.729698693919	357.30951006694	421.384903629076	617.142984342784	1047.51349950747	1350.36298318031	1480.07667475342	1495.44696499691	1411.03193161244	1318.28977977631	1155.3129249328	1061.47238617133	975.906631816823	907.516799548577	800.652319869176
397.972	18.337693871661	-7.95679597840697	-20.3707924773578	-12.4001263426214	-9.07140364791729	-14.0124126603756	-5.84284721889095	0.58941112458735	3.55125896541244	-3.63720555475242	-4.04699607342292	2.74391088493822	6.4652798900866	29.0846902919861	102.531631230313	204.146253506254	226.186147374938	292.801388894907	324.714483795059	1023.03931907436	16483.4806931971	25319.2546519876	5442.95153466567	227.927807314788	115.674124304694	132.266069256032	152.599146532395	155.371898773244	154.211851528196	643.177259533382	2493.98852807589	1948.76415882008	422.8233184004	269.620339475635	249.969172205253	291.524534483423	281.723445022663	292.670655316807	334.631049053712	367.863657227079	425.025603463334	563.101971134376	930.341292456396	1216.83649702591	1293.0710952114	1301.67270216903	1294.43800189297	1151.51975678898	1114.45426965068	943.450944284217	871.336913103484	960.566300401234	387.511468031936
402.562	15.2480674013174	5.09998376656194	4.99232593108063	4.33526097843499	7.78714568616982	1.71984037996658	6.48177971745564	0.377788644497622	5.33487440434115	0.249782288560435	3.61301637627275	4.2869182152127	40.0584965221706	114.884796842589	186.348314108443	202.773359082475	235.012768775108	292.365906186714	724.351780323391	12623.9282399223	25909.1938985917	6514.24353010172	242.813070980466	149.224830744533	122.620165897977	125.433281418419	146.372810537033	144.946963973365	351.405852533901	1814.66671504642	2307.61201559585	628.327213445604	260.753814966743	237.448786943411	271.583862198419	253.733973314402	307.777177070862	337.576913620831	335.207610695531	358.483959471492	436.942320583928	554.797313514962	826.422804650006	1107.2911709105	1172.33548692617	1162.30251745877	1207.17570038891	1089.58934046644	954.083091168591	870.579380481928	995.331652869574	1491.84986393526	1333.40384067603
407.156	1.41761502947652	-8.00780295617337	6.09328919825201	-0.716533048110337	-2.78005270886053	-3.69532357707154	3.85671678001206	0.187323012614393	-2.75105816517141	1.48622690932637	1.92928704147622	29.4317838188527	71.9164399109294	177.742810657282	163.687670302732	175.950772595653	236.811318261122	527.119874533359	9977.8904801957	26031.1273377442	7556.0934523468	272.905859513738	119.052479332789	114.062856682394	103.925713953196	125.764343536478	126.16294330945	206.987369223581	1230.33658453431	2424.50628689215	978.383257154672	249.903072638451	237.455252313229	262.55132679857	272.17469989145	258.393431285741	287.707759397542	317.038290387722	310.139092762714	356.455013701339	384.311717698019	509.181764631482	772.313798599011	950.587435428466	990.593874871731	1066.18640548081	980.885128047371	887.885006890954	772.439989734562	894.355615622613	719.725436746019	861.049719344422	447.252580044283
411.752	32.9972592440157	22.383912677391	19.4768005918517	23.2558721705823	24.0004883063303	26.2796417251869	13.6974922956758	21.002860650053	20.6050693657536	24.3621905542077	27.3780584872021	65.6125185793718	177.501475160168	195.186295703325	191.654555874021	232.636074661304	384.936301043359	7705.1921949949	24169.1321164618	8962.9001788331	376.577355189273	148.02185707288	121.245114704433	150.677048830481	148.104328466958	137.209740290995	173.783708850239	741.455271116729	2228.30297320489	1428.22853175123	323.576728311617	236.005042465773	257.951312229539	277.776259390471	296.06943096499	303.333970825513	322.103599933541	349.180708718888	364.19230233963	375.420610633914	406.087515156042	506.238895954372	715.542145897651	891.887479939203	934.418256061575	1002.68206185759	1019.94601120667	877.52485438319	865.123055781004	988.931491295893	1055.72735923785	1362.67182564219	2008.15293116056
416.352	0.457418632912097	6.52764544395438	16.9576800679614	-2.08081887140826	-5.08318878590105	-1.10064156421676	4.56293960489182	5.62120760164793	13.7248630758515	10.0707069306099	46.1553137749154	92.7509770359802	153.816761552686	174.319500849308	180.771546417388	305.704202160396	5535.64056646871	21054.1318033254	9545.91299192492	446.933917842418	121.032358295868	101.347333495382	125.280491534738	123.403000957328	101.284781313718	110.763704852792	416.279403249078	1745.98618745706	1789.07216033271	445.046003063806	200.448301155706	206.294676197183	218.494437056815	251.828002668788	276.915162876294	278.888302595098	297.376999567961	306.894082711916	335.154526085911	342.743116131663	378.931589384595	458.564301468577	624.684314739056	754.171896266803	799.615319193066	786.798493657458	869.700321767323	740.298667712387	788.867118970305	755.645116155667	816.130224272512	916.848781296518	658.824680737382
420.954	-5.82621231548633	12.7913286026826	5.41787483654423	10.5335272807085	8.20303288037365	-0.269596978775598	2.64176690354674	12.614074242238	11.2395868563746	43.2272485572977	83.9092308227109	129.024833239211	153.629963259695	172.062465268589	246.115015497302	4166.42926684476	18299.3394427836	9960.96422669033	521.595769089241	125.451702286518	103.810676342421	88.7112705145304	100.164849914169	102.524277156666	92.5317271890268	230.410229761559	1255.43237510494	1958.0007234534	673.846794132725	213.425532698906	179.42690825099	201.494956463212	221.710979702568	258.764333612012	265.910218494542	267.898677332732	293.628884286687	295.884434646582	327.95548148547	319.994333491936	374.174377171254	451.394636700836	558.528318442783	648.565960514855	695.614042220651	730.366796970413	709.341267083621	666.260224582647	655.489848489819	764.882340044688	830.834088571	876.03902273256	571.732147770509
425.56	11.8714246498093	0	10.2761829649297	6.33376364702174	1.43708529969674	4.23185837700779	17.3446889896238	10.9807930096068	36.4275674263372	85.278119678281	118.479388696076	122.017035704276	173.344396469011	238.128404799842	3037.06099969992	16075.4288024874	9989.21437803678	669.09430670834	118.229412755359	98.3058305958437	91.9271769547469	112.460055953372	98.9825279951742	99.195249196224	143.404968194513	777.57454582128	1876.67398114484	1018.99320728879	240.909178137951	177.960435635741	161.847833569092	203.229938906763	231.243083850482	245.5716310741	254.244624872867	271.924145691551	280.66257480355	292.637565444694	321.744414086403	317.037907927211	358.06512046196	396.963044317613	506.854202657379	634.96965343058	663.974862813485	679.552132639933	652.551986325063	679.248684939324	646.514596502442	815.334575430281	838.059666969457	975.983250821807	1447.49485069232
430.168	12.9399593655823	-5.38595122936244	6.95242652171571	2.61619927380946	3.66545993254531	4.67042313942185	-0.782311721216007	22.228445363428	62.7789987575416	111.921538762194	106.16609949717	129.848798673061	186.307247207678	2443.1028282655	14095.8830815026	10184.7501195898	793.316584688431	101.209359959281	63.1987166918058	82.3906398940822	80.4521995885947	75.1891200456759	84.1322678372631	77.576872722221	445.276090915215	1537.84632695571	1282.56212080474	291.433197018553	153.956384536104	145.585590440825	161.193445271747	171.839574802412	217.66706780444	211.498234909052	232.831652256471	246.503891573999	263.70872675098	268.968738860412	292.856166111567	290.572289858671	302.348592048401	372.734353557105	478.190053548998	511.469310412776	512.487406872045	577.759978198701	551.823400654143	487.862253676926	560.016928054361	575.70310185594	713.275008808733	850.270495712977	177.500516914942
434.779	17.6413199586167	7.29161188254869	16.2982071030624	-2.93601929567406	4.78155997911179	3.8824917855227	22.826602172326	43.4952148039855	91.3366182847531	122.47398962767	121.967814628967	162.881427789311	1771.82277917575	14291.1313506528	10898.2473237047	983.58684417005	104.708768469349	76.1296235468711	75.9393743891439	80.6739474117983	86.60102046333	90.0761705283659	83.2269296676715	283.073382377021	1225.69606512754	1522.81783630501	453.649915212971	149.671412661928	142.191847116533	144.011348167409	164.720773772758	190.431932733197	201.253806353639	223.152447950305	232.91046596611	261.654529056691	246.75761007905	279.073479343561	276.720805400319	302.444766392441	316.944478746121	363.74979817147	428.982375729242	492.224707292174	528.55002562362	510.296616275143	586.372944867366	526.234490735119	592.299405812322	812.01378194082	876.304065393939	812.550873568362	938.449817036862
439.393	-7.26602266544751	1.90607749723691	4.13355601308534	3.88864456384642	8.38190140553037	11.5699746408143	49.0316531476152	78.2787499875475	88.6233543992423	127.484360269743	149.077040986962	1305.62115071788	12302.2673357505	13576.534781159	1300.48613332869	88.9015120255458	66.3578364204077	48.0352531082171	56.9313842472576	73.7412308608988	72.3053183908795	75.5504632724534	153.535848152489	828.06027951812	1538.55164049357	673.513223351776	159.822297079106	120.83709914387	119.844854961329	136.097045065021	155.233731642049	163.683033622754	197.184444759416	222.597695871783	220.082682317142	220.790407743132	245.115718526298	255.833466673113	263.9972148823	268.535649742261	283.90597887539	328.253528463361	368.423154032845	431.501135107752	447.998350838842	435.000296576674	505.745024079373	415.304161363123	484.727030091811	591.514552019721	662.154871022314	807.144270647118	1108.09332980965
444.01	-1.26775464067897	-1.5076365880265	4.42743364149443	17.3012264313278	20.7180408039006	39.1477441661789	73.0040775922289	86.105551504117	105.222377879748	139.113864008203	867.844134151877	10016.9824026868	13413.13046733	1955.54116308101	103.978933319838	71.1823610038835	48.8247319476947	54.5523440943867	65.7869110049932	62.1207813461754	54.6245694979234	113.250316196564	532.335401431989	1430.40240715062	934.452039155885	198.511586786541	110.702807977696	113.725320018192	135.116061546935	141.437134910081	156.739384580571	186.731548887625	209.053864754403	210.887474528916	205.808739221502	223.678003358964	232.026598496883	248.413145509616	264.601469598224	279.565688784103	276.134661781052	296.302567343104	357.129686688674	371.720633600031	385.259577103328	441.638277670044	422.035504652962	448.176671347438	580.059420182589	721.216466064271	739.267749762444	868.028789725966	1078.18580077634
448.63	9.12569300149419	14.7987791156155	11.3662405986241	9.12032569310528	30.9116004639551	68.6195607879339	67.1459121475479	90.4398727628413	111.83018185844	730.599325266841	8703.73639556743	12884.9110401799	2353.23783377853	101.769116771337	64.7168555733183	49.5042748932777	56.3127781803298	52.602960383734	59.7410994362077	67.1842511664631	65.1342704611504	290.245776323521	1160.02551715658	1167.16443764135	300.370420901898	107.382265015323	91.0995891548159	105.396671352973	111.562058444785	138.539471834308	157.343551887887	179.802135145508	174.585968084596	205.801089190185	199.204867468633	206.353038850923	229.151780700592	228.645713511334	239.389343736153	251.828999772132	280.906837537617	278.201507339221	301.55199822387	328.326897603915	384.698780268554	416.934117671779	412.167422760249	380.166247211715	532.069581358473	576.333647871972	902.557608012192	982.602130212381	1143.68372426485
453.253	5.33065732118204	2.92583696625222	13.5492739427769	23.9385209478744	43.6916537747815	71.039838730099	75.3009792467849	102.245013737532	465.516139424873	7787.79568947012	12580.1236523638	2857.9000094983	114.114404547262	57.6944245494374	42.8380188494685	32.4382101586855	47.9687451931809	41.7246547905582	51.8877614405112	48.7278966496107	156.167169022811	832.367321728703	1299.69580126896	472.577882651441	98.4648167982924	73.6501701620139	86.8182938528326	81.2966313223097	106.177252590329	132.019220640517	153.527854434388	160.197525607175	159.197486799255	174.889256821642	182.083271350248	190.932982513883	201.663120522121	204.045646939836	221.178882665454	231.98844267613	254.214841035429	237.511497489381	277.335935168059	311.704171712493	320.735256435435	343.175953716762	410.554235779029	399.690408393977	476.261280643566	612.346366196407	613.843425335186	475.481848983593	489.354261744581
457.878	13.4013627378586	9.41740165433059	26.8375971237186	52.034442179341	55.747806479046	74.7529808922164	89.306886593761	387.333201130263	5829.75320727434	13420.7132948988	2884.75148863847	117.194734318608	62.3939836700739	33.3070653192552	34.331162621808	47.3579194218457	29.9117019778821	41.0144795290547	47.3311429896183	94.7299658488851	532.690091235186	1247.11339483039	693.096991243011	130.381266493646	83.542284786401	66.4441774409757	83.0676072424544	87.1990283673844	104.573832255058	123.563964343877	140.944694458463	147.26134460336	147.864478559654	161.717031421932	180.02370215152	166.467680968027	186.725610770372	194.46190617385	207.943366410248	221.973119132908	221.063557654445	240.462122931639	255.159295396271	288.688440885749	275.720155171847	310.837044393565	370.663790908069	301.237879826916	373.210881992214	466.499736317355	646.811691415088	457.448729222255	1504.06115978118
462.506	14.0953544168757	29.8132122065754	50.6322594955988	65.9524423700089	75.8182769100103	94.4810322341881	325.404716765678	5233.88259606366	11370.8190469392	4270.92673818593	136.472718110666	54.904912451413	51.6598396408203	44.4197296766272	41.7958613911905	39.274030648045	36.9332569666991	30.8872946407938	45.9316933934929	303.450742756098	1070.14532209027	915.254199612299	222.564843989836	80.3737516647268	71.399461137586	77.8984795868731	74.572633476573	91.9504814336544	95.9262991724677	124.246110046155	134.689842777735	150.556101597708	154.352328040145	172.056721896123	165.774580901983	168.929792667768	185.511785612389	192.844595363052	205.834164464524	233.123429788794	209.655659406522	226.184971553956	238.398659244156	248.396474357407	280.474120007215	281.999640084476	285.104404013508	314.780144290506	429.954022540835	491.258303699071	690.503574602607	827.233533951224	430.892830724585
467.137	4.37350125808739	56.738686317591	53.5115826645546	58.178571780465	69.3939003991289	282.221856470778	5092.33643760351	9912.09233846275	3902.98144502896	151.936079079236	59.1341698122956	35.2195304405914	27.0854624867598	28.673459819917	24.320637478919	28.7411351664505	31.0074646213185	37.4376687191077	146.630471417402	741.257346421819	999.93688948489	322.247251900864	80.4591821844081	48.2995467159127	51.454256347564	71.7014007506585	63.6345902325272	86.7944146108201	91.5752140735637	107.470257340507	115.410526610098	126.048650763829	128.116153710342	149.099266596125	144.177996724759	138.927675317049	141.964138261688	160.904984873304	175.465865129786	192.461507670977	177.782294776725	190.669028994891	193.552528117628	212.572469061672	221.240920449162	239.946727879606	243.27073942907	269.332050806058	390.266888166242	382.777431297579	564.047818710614	612.51680618084	16.3615534310815
471.771	22.0959380286825	49.2691619151262	57.5569464222551	56.8391000622147	191.124380439062	4890.20364617329	10960.3336568425	4399.01643899192	174.759210465166	47.9854107610234	27.3862854550702	24.5755896528209	36.6021180351036	23.1550575889082	20.3392088831974	28.7918568977865	27.6377116343568	68.9132597302243	459.542904309016	985.349353912984	478.883567986456	88.386651489339	45.5357460917912	48.2438410451005	48.4068582263571	48.2028910463143	64.567070363201	69.7552240284594	89.1860642444826	99.3945952236301	106.787453876504	112.083745484059	126.302639438579	103.032754483941	114.823045271288	134.103455623122	135.901405274967	140.295006804527	170.039897523145	178.66390942665	158.10657168988	164.700413832543	180.30098096744	177.369250752246	196.775507982287	228.997036870467	254.391464322031	245.515914027036	388.844867017547	442.461372824412	618.14259400765	385.633645556925	617.015362279045
476.407	52.6357604099794	54.3038378938732	66.1632977256859	179.284097875677	3465.66689091138	11538.5883933647	4326.07382051931	224.385176753046	52.9495123612672	25.7384821288404	26.5763812509768	30.7179032186521	28.1827344803139	33.6050720029184	28.8873868700717	28.9308597383586	31.4850953285421	256.522282441101	810.655929722865	704.671597050253	139.375749440903	48.6350382786108	46.928117604354	41.2110336449005	49.9532393584288	48.2727673274459	70.198408851687	71.4110120584097	78.3909281573534	92.5568768589084	100.250373106608	119.296360740391	111.797461900383	129.923986946947	119.93569778526	108.17823208858	136.285465664715	133.701353853179	146.68358214458	154.49228109845	164.611216555471	161.66034293674	160.116748050555	184.201503547704	171.837473119524	170.979015876277	202.602224315345	216.724396282681	364.062429108304	442.629554641334	519.65060831032	540.073273006615	5269.64874120583
481.047	60.2143038040324	68.7017655010482	183.08376511134	3502.23344496069	11804.6567381322	5050.37368556067	242.357046461764	50.2201537827628	32.56951256622	20.7012770687708	32.3838922645075	24.6239296728241	10.201247412833	27.6453635491633	22.0364269396841	28.2648246215149	115.480375485417	597.092423340171	807.587608975243	241.614250127714	69.5377467852536	48.4118977733692	55.9282605824828	43.7978766848879	40.656723943938	56.2967763951081	56.6868254115863	77.520057476965	95.0918651627315	99.6024003183647	124.463873392645	102.568439154808	116.279843852589	113.1619018383	120.269762015364	110.171658800093	130.391823190264	132.738611796669	160.021706097362	151.811878307949	149.075148246471	136.620379979292	166.488331992079	151.82375072698	167.628090923823	214.593133029347	212.547179901439	268.46406422407	345.572202634929	436.321085697116	619.358476343791	965.080870208149	17184.5500606261
485.688	51.3089246648216	140.433394378418	2969.70752872897	10865.290271331	6117.1283025779	338.335932157681	42.0899249359122	31.2084179868995	18.94369700603	13.5507199020945	20.7885770026405	29.0029661711215	17.8827373496821	23.2618504908368	18.8437803846105	56.3592952322668	360.327141040172	759.614158909145	371.389204174982	74.8148544131817	57.76414415128	42.4329112629763	28.0119914736517	38.0025283860441	50.981134707579	65.2223568254868	56.5027379267773	59.9916433718876	73.682247732008	88.6869972168008	89.5257005544286	93.1289081310525	96.7413914033888	106.25310075663	108.664272240097	114.101244255053	119.730408846947	115.120387101877	127.423910950205	110.992596866573	147.215133456097	120.321485379211	150.502716265595	129.855997084934	137.758828398302	159.779004727623	134.678559958684	219.700932649189	340.036866164507	518.482459216191	405.65826378064	4541.69690023385	25869.2964808453
490.333	118.058634890254	2888.17609345092	11207.048620399	5817.19593683902	452.532148725564	53.5585961740184	36.6358835602266	34.9838706980345	34.2519450902509	39.0644467707064	26.7657166679508	30.1294540028751	31.8361920301651	34.1098437438427	35.0447519895482	221.474168372575	654.54142523369	547.726220763508	113.956898955091	43.847159752367	59.2063535835202	41.5340407747584	49.0898470116086	64.0453156675779	63.9626409908364	60.1801277745563	63.6196856532156	81.1305598233579	76.0301859583165	94.3623034742804	106.426734664078	105.639340632671	109.126140830921	110.66983345597	112.956691763932	116.759047010944	125.513685338687	138.05820090433	133.150861481229	150.307597714346	155.470831667893	127.848705114611	153.259980906186	161.669376475062	167.464537335501	196.292896340416	185.443154672008	299.357265003516	412.605445097774	557.829779020738	850.00671709565	13761.1810114112	19917.4798093716
494.979	2131.44063469214	10918.5087203103	6654.35043998632	456.619216673379	51.7748237193525	42.2200643031942	29.1572008943584	31.8641056644136	31.4315783754478	23.8423246875466	29.0441898587549	18.4518419914391	27.279528358868	29.6633999671685	131.241483613757	485.056754949412	628.285484249377	188.472522960392	52.8801576896447	43.8332828745671	43.200156347348	45.3535940482233	48.436982199606	40.5182660906923	49.5700240651305	47.0453957134218	61.9110674506457	62.3020211474813	67.3116962673945	81.2923669081019	93.4719323575611	100.655630666114	91.0024351942922	92.4326804916282	101.687969521271	102.05381012883	111.605787607706	112.443291920192	104.638244961519	127.325602609879	110.954949548603	131.026436354836	118.089908980511	134.681842396943	155.061506199998	162.426312095529	235.943864644961	292.051378392254	343.473491462809	495.453451465015	3207.84514942462	21187.3304369597	5937.85483486405
499.629	10169.6631850784	7038.71561462289	523.904244149019	36.6836910026044	31.1182712833584	40.3722244265079	28.6619258489621	28.1518949308106	17.8238575847545	19.0222519551843	26.1722921128847	22.1428255792326	19.7948418748988	60.1425746596302	313.773602656384	618.414651623053	306.842827457252	53.0378288614199	27.6111836872263	35.3773969316377	35.8819333648413	33.0556023799002	39.6398383429093	35.0891445338582	46.4106789571554	59.5855357884503	59.6504311549458	77.080871442406	76.1956736058226	75.6521166558379	74.1412608333328	84.8412493475182	94.7152129199357	97.0788625155678	91.1929362109663	88.2039802555414	92.9918364255652	102.137332678128	121.792452988511	101.917322374795	110.838211645557	101.567652806608	111.438653584135	125.870320006136	122.901288654061	171.484478134631	152.915603209643	258.342055260825	398.266783156493	501.587971270168	10347.7605085647	17018.901108313	1332.7485606662
504.281	7724.86391940741	664.360556413198	38.4047558861359	34.6485816891286	38.5550115747796	20.6768873983882	17.5337094982954	21.6776669333586	21.1658230305839	28.2557166131965	22.7820172924216	26.7610186037452	31.7044539861962	190.003770473486	545.509734267821	416.875380102308	89.9760737111682	44.4910058485593	24.3879682804999	19.2541759106202	24.0589448955552	38.1804674481487	40.950558633664	42.2120802194945	51.133686553396	40.9008472925893	50.7412097399437	72.1282671358063	65.0986294701045	67.4386092878286	71.2052938514166	77.8057977695212	77.3474669833082	85.8462732019792	85.1031444161799	92.0258448097111	86.8381523331741	85.4931334085361	91.3465865576146	105.173847345254	86.9058957843375	108.542306593136	111.553734780085	98.5835716464432	95.0051155281775	150.306540265751	172.824938652913	278.962315266235	288.697911235699	2360.96629626515	16821.0020639874	6412.13369216818	-176.811730043493
508.936	810.224243544094	44.0175249055784	28.4993740316805	26.2215498373004	24.3861855620073	8.18161963984018	17.0914574065061	22.9530034830477	9.57152703548353	22.6109583066815	8.6128032104465	9.95033998350405	99.6952043961515	418.448904234341	496.508789937689	133.034527993053	18.8009549218591	17.7052052705915	12.2932497625326	29.4173880994241	4.0454629245226	19.6254866748848	42.6356255563687	27.5884593014974	45.0577504077033	46.9079713645061	36.2572069276608	45.3358901685266	42.8060737889956	53.6194236306258	65.1186797082703	65.9595579701384	65.0912551397843	73.0041136067007	66.796139284018	65.572646710267	83.1206852032633	76.7231057212266	81.3509010256299	90.1349217997911	88.97881785667	81.5591107414987	62.5535367866031	74.284219402084	107.438027830126	127.473566723033	200.432101820791	253.710225795036	357.123517373862	7669.42471774059	14167.7630250341	946.269842918234	-159.914240221749
513.593	39.4061864791589	14.8168339893027	17.1246490563524	19.6249344620957	19.6984613892927	20.6836085307649	12.6126086644169	8.72957642746856	18.3395834768028	10.3283566979545	10.1400128006282	58.2851275560727	286.70550009926	512.710091920805	232.338224606603	46.3701376900215	15.9017537142184	22.5894419776888	16.0811896877491	23.8050315071407	27.8182709863582	14.7908000268428	28.8862895349369	31.9992131292063	32.0793712288193	25.0030869799609	32.164295531681	40.3712745503022	41.451571088762	49.206797024347	59.0512698179476	56.3625673483227	58.1315048543236	61.9305452425406	67.2811732762695	52.5833226127035	67.6711870551203	71.7897263031354	72.4982512804804	68.1817840269894	77.1947136871698	59.3411294856016	69.2108738713261	87.6991217207303	102.080537876938	103.98496993959	193.404852054872	229.733939539125	1447.37530656285	13269.4158525688	6042.32474249687	332.786783568564	127.186843065576
518.252	43.439441071082	28.4581458272882	28.812668849064	20.1105547980113	24.124064701342	21.7373053032509	25.2744652363216	24.6873730184946	18.9372902873657	18.7406888156117	28.4754934793907	170.263979734142	452.442758326006	360.678342243771	73.7154235727984	33.8187052545198	36.0873563532415	19.2663862108924	19.5217862894332	25.3789431381275	30.0148446002077	21.6065012408237	44.9891692169177	32.1438145578961	26.1689206034774	38.5766277385254	48.834963749713	48.7006121177556	47.2954903265328	46.2426870319927	70.3484938023045	61.4757488943989	61.6631480374375	75.2866447695933	69.8457793503248	70.6814487889977	78.0187613514399	88.6054054680944	74.6763742921367	94.9812640503239	80.1336066827448	91.0494718254905	111.785330045133	108.506313601812	110.991953539587	144.695551900795	261.454429359655	352.319083167141	6062.9700172102	12211.0974300127	1150.94872650758	815.106290780997	1661.05131176193
522.914	37.4535101753011	22.4974403618587	32.9567959059519	20.5728270625816	20.735666986272	19.3115798052173	23.3942112503163	17.5743195737744	15.0615091176206	18.6314311065363	95.6280931534151	331.930528744753	430.970828544997	127.271368733821	35.4608054741233	15.6379270312986	24.5619242745306	26.9898170321233	10.8175597263766	36.6690309314209	23.8718870941952	39.5366385825384	42.5526600696148	26.5298556127981	36.8803295495225	41.1308376970703	42.2414667437692	52.2462574767613	49.7534658093273	47.5956731845841	48.7692806336039	55.7561761562957	46.6558779242696	61.2642495267969	63.3879156678499	60.5350917440761	55.6786603163177	79.894527805787	85.7735976004727	88.6462487562593	82.9686653596757	73.4903938718821	84.8386152030544	86.1848276922281	123.051252818647	180.819528870117	229.009097524456	1049.62376222357	10774.3949125677	5782.50093575836	498.941305182529	690.067285178141	2595.00595754188
527.579	43.1821270415091	35.788014887106	26.7941259201251	28.1038939190684	29.2270454850481	24.5969598017369	25.1247516503522	25.2985795825107	22.0767258081504	42.2673342508791	238.936295295151	423.667470906851	226.819986581583	52.6870103135703	35.4574690703811	25.5395443171256	25.9393668717338	23.2148624851376	28.6320227657784	22.5375588706522	36.1359843794369	38.5990702224258	27.6410979623548	35.5707775061011	33.4464540439335	30.8452258624025	52.9340001747141	56.6175798335753	48.3820597978224	47.3207905292286	64.0371505810298	63.2558631346063	56.958212347976	70.1284922811131	61.6533530014927	61.7460674537617	64.0405255089298	80.9112032084071	74.9547466465593	67.0565045319123	90.8029303363021	76.1718993522442	99.2171146026175	107.863575203284	140.425716358143	216.963019305751	241.548049289585	4537.79003790562	10410.2335009165	1174.78661060664	478.938586800592	765.965921192645	3097.98833210468
532.245	0.764744832573119	3.75147419620569	19.4143054868949	14.7851558746571	11.2479282060469	4.14029348264734	8.14878016031646	5.9116027426356	28.5971262556869	118.459760981561	360.404051873281	284.467097083676	56.5312455361155	21.0874718106393	0.525611583947626	10.6913339057915	9.66408031415003	4.64576330417743	0.318324810655687	3.02925301675483	25.5425989935934	21.4914252303099	20.8209746001331	24.1302769219287	12.2996752010205	15.8489611100273	22.2291774391754	24.6311354961538	35.0091869885654	37.6088203107547	42.3596295444177	41.0337475402237	39.3519290048833	40.7710863733642	44.9705805073565	41.6960390182042	47.9787630563062	46.116363118943	58.0527302681399	47.8161181761588	61.122325139435	39.0055211005496	59.5660513340071	69.0970244272322	123.113632218149	148.749203317812	650.638200658168	8564.16165779557	5039.27280349434	278.186007543687	129.790501793233	1007.12220159165	2328.82167822561
536.915	3.47027156901272	11.692909618734	8.07958501157074	9.93960316635237	21.4246307119556	9.04602172040259	5.59472982882718	13.9096571202692	73.9067471185863	266.601484905105	350.388754352483	118.745725422852	19.2815469788833	9.26922078275241	3.7102003785323	6.3109345431283	8.6315457609175	9.95520966277616	16.6919944012848	9.84295353208778	21.0741131160682	18.2170695901011	8.77442528581246	29.8079968710911	14.7105788071994	14.2998182447568	20.2020588110605	26.7699805366306	31.9936980891826	29.7396467728883	39.2010288940925	19.7427210246444	21.072843716406	39.9949707684502	36.9183271231081	33.7599127652402	30.1981351645767	47.1928544252396	32.7245497955403	48.9956556224968	52.4738698523311	41.1417367823399	68.5760600808226	71.4052357930731	107.280266352694	217.296189853247	3549.60126329385	8964.6993995471	1093.227059397	240.448952446585	184.576068529019	1667.09346948736	1205.93113870138
541.586	25.7378252728507	25.3906311077606	0.628568571559807	13.6005014264837	3.05902217466079	6.33379121409643	10.2556713313806	43.2852593020717	185.119915832868	347.719496431495	187.875311240724	27.7972708414201	15.5439873290336	23.4363618803016	16.3495620805342	4.78698315280817	9.01122475295465	5.92254609528225	13.3105408741057	5.83557047424373	24.3583694771769	28.589067705856	34.228775612543	28.3009818978205	28.2968621470286	25.8052870056957	22.9505756615394	37.1223039275549	35.4255934191495	46.0821506223701	36.6387983848557	35.8312867231876	40.6870980771411	47.2381387363818	49.6857622902725	52.7672561585715	44.9909023101832	44.5936076598326	50.0123243831876	46.0129258646932	41.2767584896641	62.1852088581871	50.6242873548016	122.302300769102	142.618532976824	542.033010856656	7447.06828337492	4888.89167328318	259.255660556116	317.841986485875	661.841922862523	2009.0317113374	208.621579567683
546.26	17.2690735023824	10.1516604318242	23.7231513191974	21.1272945028754	22.0642047593702	7.5550684982854	35.4142155247136	119.645613455879	305.130379047385	266.224152721378	58.144927209387	25.5317883918878	18.204056169197	21.922334984261	12.4085938613107	14.1857960716695	15.3043909807356	11.6233552004701	2.94064639533182	8.98247865066286	32.6870252976089	21.4200625765069	16.2677029602261	24.7680668974097	29.0663292146838	34.2481404758063	28.1687891942302	47.7551981361152	37.33821075359	37.7697078140219	38.8010952831918	39.916050151328	44.5705314462664	37.2937496100793	42.6084949061591	50.9203809111714	47.2637985227794	49.4390594973417	49.2241494651174	36.4141573416527	57.2270983485405	68.1080354083465	94.7676945852817	151.811106351784	184.744027641784	2593.09785986847	8322.63681298064	1227.08805057674	193.391917743739	276.951139938586	1410.77632259872	1911.44665461758	290.721285906592
550.936	11.862831420684	5.29030956982979	11.1539810565058	17.6883894512961	7.75464328939536	19.5053174506276	83.7321364956295	234.818871691725	303.52697093661	108.201784356914	23.0636934562188	18.6085716082168	18.0542513721967	5.03249052741787	14.6760519660782	8.62935953031494	9.13740791270752	8.7079443144686	14.4845068855577	25.7575948646941	16.1232566309348	23.5136221598808	27.6379133906319	17.4679079475679	15.0860628357227	14.377272262283	30.0832524047994	29.1514188315489	35.6388063228502	29.6593292123188	41.865141393727	33.282163212377	32.556413937823	39.5817128624541	37.2644278054977	37.1395629904661	35.2979263573161	43.451716941005	44.7464482040771	59.4181940904423	44.4172881173964	70.474332036434	101.126351829985	152.36114570239	366.036624841617	5783.93018218119	4822.94536056195	218.171894512176	205.669626071633	339.596997430656	1641.63737903217	753.292137657128	-16.2725295324099
555.615	8.31603360026103	-3.53199161299871	8.29783973833451	10.2081027699961	15.0140687658066	48.5958490638109	173.632733670473	296.696774050312	155.175931067708	34.4589344867799	6.46720645102036	10.6880522662957	2.58292194100498	10.3595769731828	1.0886926951987	-2.43052969442443	3.14554249391582	-1.2028389231106	-0.329671098055451	6.62303462897324	2.40482116365901	13.8705910424417	19.953924579358	0	19.8477086169176	22.4610953752883	23.5899408117696	18.1397911702268	18.4117808746203	25.4992078060572	14.4380584360488	17.4984945255722	26.7012759009002	24.9899039422302	34.6315771262543	19.8575272843515	36.6830847483849	26.1796229035236	25.0196921482223	30.3512518546657	39.7769505243636	60.8258956495997	131.603644363366	145.485418427384	1943.01751716383	6790.74262377584	1268.56140480743	129.879291850875	179.641363728377	749.497389776065	1595.7677383822	45.9191109310333	-195.553751117575
560.296	1.19313071271454	11.7058628991027	7.69259319284749	9.95061415256243	24.6981169145996	120.099874610412	270.499344838183	224.349832686862	52.0078604913212	15.4274911463308	11.3664436569513	6.05517183931989	10.0880365288011	14.6222252902726	14.2140713463565	10.8489633730303	18.9546878473312	5.13412257396473	11.9193673613017	13.6533071889734	14.8362120038656	14.254402506128	9.37355786083054	14.117735718293	19.9333459991998	14.4602620511653	12.2740261492083	18.7873737153311	21.6205064540642	23.3578689811784	28.4430033941489	20.9214234496681	27.9455996718447	26.251647028153	35.3806752813913	25.3247073415523	19.7603669606618	32.332768216604	34.8786717112641	33.6908627179383	41.2372408594202	88.6014129224889	156.437334993236	315.984531092692	4591.77762695359	4339.57107362246	203.121585787004	158.478122123733	228.631211996945	1263.97937693282	906.900853807816	-92.2344784307977	65.4658371856159
564.979	8.02636090016746	21.1185172421367	11.9669965586228	17.0390701495654	70.3067379705501	222.824251008747	256.212037897056	96.0903346843521	23.0047767907171	18.9333739682116	13.3421339551163	8.6096877884925	11.3429267193454	17.876092543036	17.3771125636958	10.1263257339847	17.3878493618956	10.9708866974481	6.34784367209946	12.0108595672502	23.6747501963769	27.4598110813039	17.286387883102	21.8435661532773	12.9090943689105	32.1011626219596	23.0425475904015	24.7025909862078	25.8354896893343	30.1011375623036	37.142499833716	24.2075219910121	39.5926851714596	34.3493947272194	21.178932582509	42.4842549839075	41.2310829595274	48.7598456878384	40.8716962159206	49.7805711308374	59.3828245525442	111.050614777812	165.150145292396	1606.24171897528	5959.97799320148	1348.533772852	185.685382346732	193.129018795514	491.229499019358	1429.11363159213	513.449543080402	279.21353590672	693.626924273375
569.664	4.85102314094395	5.04780836467042	4.23535879118939	38.3116881760856	144.548268268854	255.82318790557	128.675955107105	24.5187096407928	17.3797169651458	10.8073469047225	10.3744845875787	5.59524512084671	13.769614749912	14.2910935304241	1.11137460421452	0.275685282304935	9.04939874206442	4.29764637257583	9.75964525564179	11.3869801296617	15.4309470632887	5.59797033519554	12.4846218702518	8.60996979677391	12.7010616131256	13.8162233989935	12.76605158463	17.0710203616511	23.4219268045806	28.6049014305606	32.3121207097234	27.7869814961079	13.7722470960703	30.7885894705719	5.79059300254907	8.36590880482832	26.5535705006161	17.696317700255	38.5020357028583	37.0987748911119	73.7887920516034	128.45223566823	198.894292266623	3958.6281047717	4066.73782332517	240.566361887364	168.645199355826	221.80142140046	839.456187948498	1063.63902175842	116.106835690401	46.8757932903602	116.449627763496
574.351	26.0937409745419	21.4551278880014	46.6594345555429	131.684648251177	242.266699405564	191.303555639737	48.6205995079153	22.1427226140734	14.0593895507643	10.2587495181106	14.268206179527	21.7262173216075	11.5237230245603	12.683888229049	9.24737969039764	23.6339754415892	18.8426628620779	16.7186295164376	17.6499569555657	34.4535589732116	16.6242490122916	19.2625570313564	16.2364899928836	20.5836368166819	21.3497623468681	10.9697690833051	19.8983517538987	8.75453324115832	15.1650978495822	32.6004182339989	43.1660024643396	25.1653074699391	34.7255463487694	28.3906933895168	28.893594034522	39.2671535878724	34.6779942366715	49.1727919667964	53.8263123130539	43.5841232265344	100.402104468726	140.069722921693	1187.18023206416	5221.90017104382	1416.89407148684	254.629775306521	240.187406401203	404.911933908626	1329.76175155573	684.686608374442	337.110071171525	-67.5390368630425	234.89424306667
579.04	13.5756989858571	19.0798223417887	79.2393519394853	199.616947359187	234.497496896591	90.8210232373651	22.0109331763044	18.2650288306852	15.8440453698539	4.0973086123108	9.59776261777771	10.8185455450911	4.17395850228039	13.0889295631626	12.4408287892904	21.8828731998261	8.61493864052957	-4.06108569069723	13.0141494739826	7.96668095094585	16.0601123202345	7.37225776858516	14.3766073546245	24.6630972672003	14.1561359147892	15.5557513357037	25.3920947135925	35.0389101744224	16.7729176931335	19.212352696343	18.1717737236516	16.4469855727281	20.1469272871334	27.7510616325362	35.9768875785967	33.3992034676224	31.5257825435884	27.9316491618948	44.2245405352495	62.6457023643807	119.523179039772	150.977723874704	3143.9331694484	3678.28128736318	344.814515119146	294.984368858963	288.115065159821	643.098697081187	1164.76480549227	270.039062278572	250.632882528739	231.699804372898	880.317971278605
583.732	17.8029891327506	36.188723958635	146.815497724613	222.870196425538	129.367693208637	21.9169042206435	17.4588489588463	5.58029897466364	2.96663297685917	10.4174763750167	-0.241482811861697	0	8.10139983314105	9.36737284057005	0.284559342115753	7.05872009907344	13.4537364434175	6.91668015327342	-1.3786956218732	8.01777078201948	3.95098117943398	2.69801294568704	5.04725708594142	3.59255081568231	5.88459670435263	1.50533744275948	15.1546693580001	14.2239781646779	19.2496717428792	11.1325953375921	20.9009236366283	7.55024448881651	14.6928465818057	12.6131091802085	19.9766097260054	14.8294369804415	27.1953903709	15.5349009217231	26.1582985503081	77.2435588972109	98.8253453711545	801.963846824353	4507.23642274103	1294.13957792858	218.068397824556	228.098341221287	310.898666339293	994.946497530781	832.22163835925	178.915780646224	302.68821080081	-27.4336095123497	340.755152252451
588.426	14.9815074802808	117.661667765004	198.885198071692	156.496225423071	45.7020586002177	14.2692102384803	5.84955591400068	3.79432851986353	3.72736889371144	-5.235535058647	5.09722802779505	0.287998374076534	-3.31755041425153	9.70980060277995	6.29251229034315	7.37883576140647	-0.300510011717672	3.79214383721109	-1.03934134386391	-9.15797613686609	-4.33233533964609	-3.05087978402657	0.338214880100567	1.64137865922929	3.1130897877808	6.96017628368917	2.38943279376616	-0.2978573923671	15.4789628734249	17.3737425459239	-1.45892017465026	20.7240465575286	8.56569252672586	1.20742843558163	7.52976801734588	15.2369669033623	-5.60724097615577	24.909358526756	37.2809386424474	75.9622229026997	104.727450623705	2460.72033998243	3287.33987117974	233.062125102332	219.190272364137	258.149563592993	486.108179540254	1103.38815092719	387.330222360603	141.137294945672	32.5977236117094	20.6810583316885	205.504920594104
593.121	59.8076346576974	174.204830307003	209.655243253993	69.1267690824234	6.83492989450034	17.8628604099285	5.87882417221527	9.45038549657135	-0.187300939364194	0.438477588580508	0	10.1303780969016	2.7279407296618	13.0111781316343	6.61145128487047	-2.85221375872951	4.22819059359738	7.30464251185257	15.668125338025	23.5617230812318	7.25668697228073	-2.04409657582498	12.2366569879348	13.5266486502383	3.75439936236093	19.768482590182	11.7067680740079	7.48369305236335	7.77820593895961	4.43915391920175	12.6094909941505	12.9073314237678	9.49909073312686	28.2131729623483	12.9277154979511	21.3053288080771	19.371332789062	25.781275883217	44.9609686224946	89.8392811595788	519.029704887809	3865.24739430304	1284.05239230605	153.029124412913	193.940374212561	311.329458196638	766.648931017856	971.73755783459	250.243861803705	178.448243404143	196.564958104634	-48.4972507260074	-103.266582323471
597.819	152.738021116092	207.53358525107	152.936740702039	21.6929503959313	23.3793765961864	15.186715294902	17.17082776749	15.6791482899105	8.66797664295035	8.60204989394734	22.3328258779093	8.44453137527468	14.9419901548216	21.4198481575653	18.7975941239577	6.02589153921451	21.8765564584578	21.4074963370253	22.0681037950005	32.5934018258625	22.6318485714235	34.2744193106034	26.331218437688	24.8935916637562	25.1807785457664	27.2313975077783	22.6492390792736	15.3591109991267	31.0001117558279	26.7960882375943	37.1723134458715	23.6098766101472	29.5656340752276	31.4359183946328	31.7218037837765	32.4862772646375	36.1423951354735	42.8528896035071	90.0692631893115	117.115854687899	2092.31681553018	3223.59104681308	221.767335248602	185.374490415663	244.444564253178	400.806818451731	1082.99450009138	650.0253063701	342.25931979369	296.911712628445	373.535992653107	355.475112851246	1731.52393345169
602.519	172.59577759727	159.235749529029	46.1385859598584	4.17973055395824	15.5237718396641	4.84687059749452	4.61482447685964	6.05190828651169	6.83687476272665	3.11215063056414	9.89367185659264	18.7824721198163	6.14663726613979	-2.69849503908588	-1.16585388952384	-4.33798951461801	8.26809489607616	12.2368572968799	2.824292538209	-5.9725834222564	5.15052616707307	1.38173678613379	5.16971632465148	17.3950172917886	24.1094876908239	1.23348859302122	12.4787600118209	5.76693062554958	5.76334820041364	6.30149226715993	12.785353026196	11.302709097728	5.71874625440233	22.7622857416851	11.5094772378249	12.1513893408312	15.3560824961451	43.9469230298158	75.1802603285628	397.726732011779	3674.71909234289	1387.76480881889	109.55188231902	131.097232226557	250.815414672683	555.546184042699	1005.71872149217	369.158855930806	232.174867701128	102.067039814301	59.0537511105401	63.2232412935877	-401.376145460803
607.221	177.148845015395	53.0487930304054	5.51763186132499	2.59535725110836	3.35654671962112	4.1184142990225	-1.35813897380417	3.39251720747822	1.53301829306424	-2.69163424917044	2.24616805542866	5.92249906598947	-2.17074023183538	-0.30253898178851	2.64684719879884	0.583619052139379	-2.16292746199985	-3.89914845977778	17.0987024715423	5.64983451287088	11.1364569699744	15.3362871518589	4.868618173785	3.3753883532819	3.20093323783377	5.60079758969103	-8.29189065383033	0	-0.91821575236216	11.8083970147917	1.2000697433692	-1.20049725460582	-3.64443910862609	1.24149898500486	12.5811381424233	14.3045747741043	22.7015105953757	62.3103677788564	66.9817192170591	1609.14967900478	3426.43234942816	238.816985982675	82.2111473564858	159.11999292489	291.265704739616	816.996501964472	755.14672844553	213.78871755722	207.496646707601	107.669550745044	26.0692041489519	191.381625228368	-633.91123518186
611.924	107.570036958441	28.5132297473745	6.61515958793527	11.7913531722228	14.9672256676408	1.81912305147103	9.01068879336121	3.25386590426071	2.51509671065973	10.1906362566161	-1.51183701499703	12.855750865362	4.69629166572677	9.46884530609815	-1.18768244982501	-0.883842145286485	-4.05547056673991	7.87324477464674	-8.99116387713836	-1.90137797671061	-1.12434872064253	11.9646626736658	6.67091286402005	4.77095993966752	6.78656319608673	24.503378132988	7.75146512825042	13.2958404433917	11.4334999726129	19.2584298272673	15.1450421381425	-1.81805248651811	0.613244179348839	22.5617540535459	26.0554931642002	22.0069381337354	52.3878633693311	53.64651286829	263.168985952787	3055.7921285016	1725.4821602956	76.4872759887709	70.6632366296142	141.293930114743	340.178021192426	884.804437693876	445.646061204714	221.140168195113	209.490855028952	198.503579271099	187.998214282474	-35.7816583956111	284.446056846068
616.63	27.0831030072911	16.3635958763748	14.4339548632698	8.2797250788803	6.28207156094869	15.5035377144641	1.18840965227653	10.0435860559549	5.08627041696379	6.64051169072627	12.4843106016199	7.85990145848196	10.7635982756681	15.1337365330053	0.600461414037183	9.83064816466439	7.57048850697431	8.95614337407193	15.6372047077725	0.384514937871828	13.6425965934052	7.11649746065472	15.6206501122278	24.1207348993799	0.326772397211003	14.6118078454371	-0.627030326155605	-4.06448432251159	7.49900207876489	8.34562471373478	5.51299689733427	14.7065622398893	11.4714924717771	16.1594026143454	9.87973570152333	33.3784098410106	65.4791386282852	69.8545162094272	1140.61717323967	3169.59377944775	348.188713803087	78.3643325748273	101.505780034625	124.602718897753	527.421207598874	723.817891744616	294.887206912868	262.435146372586	196.451787960388	193.548066042969	34.21692599433	246.027775117717	287.617084072019
621.338	36.5407943492491	24.3452536754021	20.5789228697899	4.33922749783031	13.5260570886363	14.8306431491801	9.58184888195058	11.8675995632532	11.2381316041506	12.4620780597625	10.0144303825114	25.2880304242022	16.2720361050231	5.29166289890282	13.0111811750992	11.7091664581561	6.35822391376633	22.0645141251855	9.89572436274948	9.68827336937925	20.2424728725042	11.4757067322963	2.50459568459762	21.8789363432298	17.454780566632	4.48195318621704	25.9098895888587	28.3594477567332	19.5243723490563	15.2645612909119	19.7555159557529	12.351596021421	23.4354136492785	29.0596030459593	35.8460236644151	59.5712195257375	80.4518154928768	202.947786794938	2357.24920659279	1759.94709597596	87.4921946878399	81.0438045265984	70.8683933193807	188.041343120712	637.869731872435	473.061011868608	245.997166080311	215.913137380072	235.869546647706	228.781330988325	279.71419131183	393.814898230644	235.521852356422
626.047	27.5582672143494	2.77511497130001	-5.01513937796733	2.35899724321241	14.2373697453864	1.6042924297639	-1.41080323059192	1.40962724094216	7.96231903408804	1.86400477297501	1.03700765374875	2.46086180475971	13.2073566452394	-4.39978657241796	-0.916494470490768	9.3968737597212	-1.92582756453529	13.5011496116234	-7.03068681160769	-10.5640504294895	5.01292693058109	5.79308326961396	-2.16746036217124	16.8301202224358	0	5.17153643385664	-0.319015684337295	13.3617972083425	6.0408676188967	6.91944486996879	3.42816260686573	13.7175354036686	13.2501555331282	23.5359358136648	20.1061448827655	49.5308670977977	65.1306914791569	906.966076166656	2632.26785009671	372.949147912426	64.330453307072	46.9054171914073	95.7853995979621	294.070434543592	634.676096742485	271.053225574756	224.764724163569	207.091845822425	85.1741309055121	126.43305917913	112.18891923948	44.178397442042	-182.914519989984
630.758	14.3762531420177	10.8188779185464	2.89654629519093	9.53724502383295	7.04823606192466	3.24301565772558	10.1853023486425	4.45235537440005	1.60955227490253	1.88400710265858	2.62033903225438	7.46180672825564	7.16292238389828	-3.17642854353066	0.926329222427947	3.98291067525585	-1.62207775371793	20.469042352631	3.36606250706516	4.35005654643173	6.62571054402998	1.8297649676927	7.30239674680689	-2.48073021639651	18.8201201702706	10.780752146267	9.6731696806499	17.0422515379156	9.64056501968902	9.8547538754116	-10.0798535501919	7.56258328778101	0.318865256673264	10.4278338994094	25.4023757847967	41.8378417251502	118.795941676093	1987.1167565184	1520.0517920919	67.9599526599769	39.3036015030465	56.8905018418384	82.2329472282937	412.6275949151	445.738921544115	238.063403565204	182.877193249191	179.018650537685	142.308933958976	137.619775583357	86.0221242460954	253.030655306865	221.852814866243
635.471	11.7704372472117	18.9775362304984	1.82424853757576	8.23758039184724	3.84712295806512	10.348440604086	9.64773340908479	2.51247276918231	-0.608218840869408	1.18655006740733	5.28093712761751	5.32604940771444	-7.54603674594163	5.76149395175441	2.48918750482357	0.617462696533551	0.653815443578056	4.12525724328831	-5.27632110622294	-18.3308905427134	1.96370866843806	5.53146384900558	12.1415151022627	6.78513687133456	4.74117423976517	18.4351495026651	12.0218911264353	13.2849056209728	5.82877449639243	11.8524826330518	2.22190660130505	0	8.67549933472898	10.1795677140148	31.0583214517736	42.8799122095467	657.253236142814	2349.79571174232	409.827125214776	15.9791387642882	46.4509338550048	62.1048312822307	152.800088654426	484.75893610781	309.740340702076	144.696891313095	164.823707562185	173.455651694498	141.631758933789	198.109964677598	122.144155499568	134.986470994851	-894.228382260621
640.186	-16.3280060333757	5.25892196693877	-0.365532002413371	3.43874385540426	-7.11566280290405	-2.72836655892452	6.58095343430039	0.719191791979275	1.62495000894253	-1.18876900041125	6.08443478392134	14.1247310263743	-0.986106309296055	0.962044725859188	-2.49384246246851	-4.0210130719527	6.87790031199204	-4.47738608166227	-3.39826384407917	3.99242839382026	-15.345571357671	-2.58617710388626	-8.47809314469514	1.43112117048171	5.08932918508668	2.63851779188488	-8.78913699402765	7.46644475125815	1.62213186644335	-7.06060128663314	10.4942909876524	3.81746525811116	12.2327955239194	20.3972084590574	53.342404665438	85.5591921397686	1593.87867265933	1454.65440423239	43.6255626775182	41.1660537173609	35.7606255740066	49.9894986573806	249.0588788278	426.735350025102	149.207367025829	161.18095348309	131.876201776872	127.902099208079	74.4957257072186	54.5821222098696	27.632516654639	398.203443367902	-354.62734178311
644.903	17.8907902810394	11.4563341454504	-1.10912610367104	-4.52144701721656	-0.299873704153391	-1.93167929267919	-0.624014039197904	-0.727409533468693	5.54687077383597	5.04987965278065	-4.81614081039893	6.98432789135177	-12.3009449035356	-1.6217289857349	0.630584498599545	-0.312842969156017	-11.5941494164848	-1.39339885822836	-0.381899290749104	-4.03804730218563	3.97972187690332	3.36307845124966	4.10107110488208	11.2179209466719	-8.5791361207563	-10.6746657425653	0.329243140843232	2.62669878520912	-3.60946722999055	13.6333493499391	10.6142024930576	16.7313682266936	6.18628590058251	32.9418894891169	45.9974651189915	473.214013609533	2115.07252957854	424.579869726832	38.0678025716945	38.8606695910102	42.1148675787434	78.530443450639	357.907170847114	279.51975090713	135.660492214	125.402049574936	161.219532206488	106.865544719593	120.196309676105	25.0935440784825	119.778238408817	37.9956092165562	585.213823253114
649.621	13.0264888151968	4.14946458735921	11.998144056596	9.52362485294312	1.82471085815782	20.1499467333508	1.26569416523975	4.61066350483534	8.33390790825829	3.90198987305634	-1.08540316577392	14.1663848966731	11.8007392780076	9.21023534815505	12.1507004155592	16.1808375189016	7.05496015100487	24.0230858576762	21.301783333866	11.0570580054188	13.7225891601603	9.09515599672857	13.6116739174626	25.3223608805029	12.8768517502414	19.2833988390239	6.01026557930524	18.9801466487867	4.65889449443499	19.7519030490691	7.50249451390796	18.5997621727077	17.1705478270087	37.120209464038	64.8871064620219	1313.83439937777	1448.42166922102	48.628394080449	26.7614347201911	53.0168424430053	34.6712920496016	150.556218420891	343.043097562201	154.244516573525	147.349844022867	169.243425628696	151.738919930144	188.235904178084	127.355818986468	246.852857630912	234.849198397121	161.840467562354	918.964090629544
654.341	5.19702434135517	3.79251492167442	-3.42688341238492	-2.86563734799255	-16.3685949433931	4.26309873552042	0	1.68561603771017	1.69266657755289	4.95323436254277	-7.99138063152769	5.23141375152188	-2.73920089024064	-4.34258947043422	1.94832630050403	5.47737491353812	-7.5056909352866	5.38150646068816	-5.89979958247306	5.40644640683914	-12.2962058513685	3.46365116373785	-9.5993487615209	-8.19918168684807	12.7234005226292	12.7116866421185	-2.71271313938126	-4.73418766856183	5.06919298366415	9.69501351752532	-1.32504481813669	11.598272440356	29.8444473227343	51.7472656672045	323.774982770096	1847.5513071466	504.495785642833	24.0586717976378	17.8210084207221	20.9643218180442	41.333166793662	236.543063458667	275.99778043225	88.9037398655595	126.489729145863	138.093497949242	174.402561858126	120.198584096673	60.9715757492918	31.0127584864802	131.584214758478	62.6109859701676	-330.520918879372
659.063	-1.42929375642956	-0.424935451444486	-9.59919921189448	-2.52852619876078	2.18007657437837	-11.4638976392856	1.51219037670017	-5.28825456160511	-1.92026920597946	0.499490293666492	-1.11153204115171	10.2211310571589	-0.690561033929878	-12.1267967739772	8.18631831216682	-6.17327073856382	-2.40826465967266	-10.1299852821885	-17.45166438123	-4.61316949129738	5.78650166133943	1.16426292418594	-5.03365319323921	-1.87912646787599	-12.8304348196074	-9.35412985747672	-12.6518427121465	3.75101063458195	-9.54209582246319	3.70835482850575	-11.0235808753231	15.0375107740859	39.9019130141925	51.8370041841739	1046.66362010943	1353.80506880376	44.9360079684502	6.81012291851546	21.5651109831918	20.6602119711479	71.5264446264802	282.664347914057	168.84721389609	92.4977170249978	98.3748346041165	85.1560546697866	110.822006176749	102.225083876345	180.727145658955	65.1534377591169	128.544554873765	-252.550777774489	0
663.787	11.5965692306854	5.60253216562869	11.2930443929196	13.1883346909043	6.31715808925307	-2.32530720206113	6.79185124208232	3.06473088830826	6.05892645385357	14.6907203811819	-3.9455547305048	-0.668783115657613	1.75089506661016	1.70817218030745	7.97035934350829	-7.2494063750414	-8.02512951513603	-1.10075351059009	5.63157993613593	-8.93190432098614	4.19185342019809	6.69108852475872	14.5298022497978	7.24198544767819	5.06040121229458	-3.16227898093844	9.0166134082851	1.72919374569094	11.4055891500402	6.83811868421387	4.7430186237603	10.8450474751007	42.5256966452614	240.781665335821	1644.72531856844	528.051764777984	20.3453193437124	22.4468990367661	20.0484673735229	19.0041725911046	128.382251062269	281.009004261091	111.652716936419	114.736824850184	142.04610549051	143.262907386808	129.49770959004	65.1673638839936	158.726332925412	31.7173295493082	121.957364377178	40.0208932617328	-437.450511281673
668.512	-6.32976013614511	10.4226430689432	5.49372214495256	-4.7990627531307	-7.95714689769716	-0.292897703803726	4.19474620324742	-0.579054225071534	-3.05275043964313	0.510470573588551	-5.39584237685148	-10.782783865884	-5.99880373701395	-12.7376403277394	-12.0474401737622	6.30897756130611	-2.10960468718533	-13.3105788518244	-3.64813032029818	-18.4297243817939	0.42240758223069	7.13914128366118	-11.4757636389959	-11.5226114869319	-3.27812146942771	14.5166747328082	-3.49458588794261	-6.62144643241522	-10.1001401182152	-7.92428509417945	2.38973889173235	27.6625438482908	41.1246609394851	838.795144931009	1333.97030954663	65.4965286912114	9.02075327682711	17.3995741083624	11.0195880807655	41.7377373598641	203.519703632844	119.319235733444	54.9913223597017	90.168118067987	117.577643835956	107.50522295173	66.4776408709395	85.0702971809684	3.80824876290633	141.161692052224	-131.370345910884	-104.85417874551	-280.517461772613
673.238	-9.7967378336429	-3.9320290973419	-6.71112249823963	1.85690921252881	-6.72425619447997	2.35729287737921	1.77684549551001	2.71852671841735	4.38733556260973	6.162537115885	-3.42842370810236	-1.3559650730482	-3.90495476252778	-7.27300928828193	6.39666296179899	6.01292070850544	4.95205497093411	1.48785984519331	3.67010030639946	7.76122867991567	13.1734943345312	1.59603000941847	4.37909000944263	0.386400121302448	3.29786316635145	-5.34296264987026	5.62500990349669	8.76489802446921	-4.55491569411523	9.70505223419773	29.1930134398191	19.9270348346816	154.016299719878	1467.76010502238	587.172834566774	32.3606518222761	23.9252071932413	11.377833253971	30.0244503422783	71.6284524737329	238.07599072633	123.483868536863	75.6709980222998	99.4896306627601	97.7142961134219	84.4620673850632	130.040529208553	82.5797138681026	128.344631295936	120.576060288615	119.371670351581	105.485637779987	-967.566207825524
677.967	-30.0992222925691	-37.8483205809488	-24.2577227761399	-31.0507938356369	-17.0952231982053	-23.1521916321503	-16.7801133760799	-16.6264084208989	-15.0263575382964	-10.3462328041622	-7.19494040528836	-36.8796011953086	-32.8991818663278	-21.2813233898906	-4.06963127687314	-18.1710774903165	-13.8961974754067	-30.7248543580294	-25.4683648544574	-32.1413151604416	-25.2560399361972	-27.7334629388497	-31.2794953894183	-28.024875976918	-9.96615955095931	-27.628388430276	-15.2280997566107	-19.4242159299024	-7.41191165804311	-15.7118132480576	-2.76773137731227	20.4192904579302	593.617383395902	1277.73870033657	57.6599786812614	-11.3896693161897	-17.8677603251753	-14.5470223289383	-16.2855976899697	92.0583620296938	150.288636260521	-1.15711283593886	23.7005362980585	30.2131993196052	67.3475510390294	39.4280592504569	84.8344582230168	-3.02492512187078	-9.64821243274781	-72.8762956039741	-236.199991630275	-514.949308125098	-852.830441742007
682.696	0.498928800478531	7.56502240349842	5.22729103503669	20.0485800853493	8.15364970071758	-3.60157021957396	2.03605390408501	9.29588005909705	4.02189238101136	3.13846027457654	3.49205900425654	-2.41698322039618	11.5707199900413	12.6994359435282	8.57288424605131	2.04150903250318	13.6907771550756	0	9.96859035923592	-6.58773798187539	-2.16419496882284	0.812827036559364	20.2744123298949	6.69072621743627	20.9009118326574	6.16775173530348	12.1750095172737	16.0696514236926	15.3459058706546	7.41389146879297	28.3355798260063	98.3349927092448	1175.67728184972	638.027326678519	28.5870608674177	17.4734607372666	15.1257632418294	28.5268142554604	16.9375774153612	172.080142003913	126.097369667922	39.1952693337643	60.8831953678018	110.277702422772	110.877662363922	122.749802045561	119.839535773339	122.345430886249	142.43373003638	180.127323094832	95.5329093682239	-140.503125635788	328.508431855179
687.428	0	-3.13675848189077	8.90794963649354	0	14.4506193393108	-1.20890556212107	4.10053960805662	1.39415941998827	4.49997063617079	13.4315863919836	10.5493225635348	4.17232937301965	-3.64109616628577	0.355225124319702	5.17964450779348	9.25093359275766	14.8747647345398	0.763028667235668	-3.34606396573669	13.2674682472705	10.0248055782035	-4.50176244885529	10.2079849926869	16.64544353723	-1.87918247861266	3.65342088099773	-1.44235487761782	16.5414477749348	6.4687195585229	36.9727719960667	36.2832393447565	472.202532834788	1156.42836365629	110.056489136189	27.650342682802	13.1965964345102	22.0008715268071	10.3234029712927	72.0135340348787	171.254934442442	47.2096919456148	51.8397939201242	78.2658982578988	108.796704337907	101.1020413217	140.510352568893	147.352071571792	36.959897098545	55.0135616657524	54.9651476498799	214.263476428318	282.968260599278	723.629605586301
692.16	6.56681319875718	21.1754130761543	27.2760116289701	9.57459681029488	20.4727633350881	4.25413641622366	15.1169241410419	2.80345394069246	8.82257346347986	12.710111580032	3.83015558165088	-0.349581411295764	17.9382148563432	7.50021929591225	19.0951193223536	4.47833052437066	18.6031897972435	-1.53434083172578	4.20528316026103	20.45387633996	13.1468094837015	20.9851006835605	11.9055374152409	7.96942649421545	7.93540756083798	13.9583567962851	27.1909506516165	14.823492406234	22.0407640485342	36.4585873469991	88.1899645712272	954.137267853133	584.041708541695	22.7170217105981	8.7590395243113	18.4951057832318	28.9265371232478	48.7382343429936	142.427127925991	149.260539150532	22.9145955616326	52.7134684556501	72.1331678195817	113.913626241727	127.284513868007	149.770675060686	157.092105337527	176.512454922312	140.255878333332	259.738452640927	254.994640616569	242.665366745037	-166.298855910484
696.895	12.2056770650704	16.7832120066719	10.6566017431748	-2.69909300430827	10.9707934838133	7.03640026071047	4.38139514460168	-1.81445926446663	2.73307308834051	6.13162075092684	5.93256332049759	10.9106179504947	14.0057400537074	6.11283835802774	-2.44679199270585	5.54922197588532	1.10173670653866	4.24809147497674	5.92737771829284	10.2963892807051	29.1193967525655	6.62826994451998	3.7199134828271	11.6341429310141	3.80442709195664	28.476115605739	0	22.5682399928023	22.5542205714717	29.8687522953635	382.968828153309	1018.76034677488	130.307467326071	27.2979948070187	23.0048403629246	17.0015141728952	37.2602796046005	59.9734856925894	177.444513605928	84.6253841956302	36.8024754977349	51.2825203552513	61.3994657252725	87.344566484213	99.6713687458765	102.664011798189	146.586313705924	121.591839848808	97.4536538932294	194.735781980692	106.231575957131	278.011693745104	251.142286517839
701.63	28.2070562594862	26.0730990139588	17.359576250088	33.4397254000586	19.4444890373082	19.7445443401242	9.99934882506804	14.4346913977749	16.5366272778406	15.3238095797935	14.0590082644624	15.6165383828166	30.1059215423517	11.2408751956226	23.9691351903885	15.388958659388	30.3679068337166	29.5977848349417	29.0327331211226	37.921092910033	24.0257326271133	19.6346201664473	38.34622346372	32.7692014060415	13.0440550918612	23.4949764109374	33.4956404243836	24.2267065678139	55.3933362518789	64.5956738130108	817.340505178365	589.212794163846	34.5804108556914	35.7120434874157	36.731276423301	25.3089683425863	47.5076976381689	115.001504742406	163.947572920766	59.4783608186091	39.8822055615014	62.538677178869	105.192111364788	114.887757894524	139.997873699815	147.744732799843	162.08507520038	138.336550176682	196.549781046962	244.068320754632	424.043518647157	492.744243089257	612.041734791819
706.367	-5.7089702926198	-8.33221228150369	-7.52891436043402	-9.05028196268369	-3.39264614132438	-0.312203066434549	-8.2364739723553	-3.0861031403025	-12.318571078073	-4.35293213512509	-7.26504138694196	-9.3384643919306	-12.0361310478864	-10.274636973275	1.78354256835604	5.30906250254966	8.99460861250462	-11.0350338691028	-9.07336384650321	-12.3348918571206	0.900498301932728	11.8373012531627	-3.3743861599835	-25.7923795405578	-12.8120218284434	-8.68025178096191	-1.86245985537956	-0.742934389930936	28.5852058060424	263.31318657822	895.904375149367	133.232255206256	13.2610852531329	-3.76455365538036	19.9550405197963	14.87151715925	29.7200977840725	92.26838106166	84.1790001732358	14.6551141265106	-9.52940127823445	23.1243200096117	20.8861215788561	46.5054411046495	59.0310109101241	89.4901662430173	48.5517357292304	17.4991509233746	75.0962473674793	-34.0677482463629	-58.7219135412835	-292.309213989363	683.444165885562
711.106	24.6505492531685	17.7760417719581	38.8876163961535	20.2800067215473	13.7139385869885	26.5020882017811	21.8788634600018	10.3956781757331	6.34179023441791	22.2695056846247	19.5780967151025	15.9704973204978	19.3852207100328	27.0704178578523	25.2333644028617	19.3145228454108	20.0729194985881	25.4893791676366	22.2680840890356	23.5453636753799	37.3104424787177	36.7414900248776	17.4764128445368	24.8236566958511	25.89472541658	21.3577824351143	20.7034751892661	43.1699903233644	69.0290769068027	676.927148134785	575.508305229698	27.9579633155276	40.5757642758518	39.1845046251056	19.3750201353815	25.8826124709295	63.6015145958263	142.910226684515	83.0899012041655	46.5454775288093	69.1098848184653	66.4160089066781	73.5332071236579	104.959308454943	129.404572161221	121.315918938227	125.976717038763	154.333131832823	237.923941138693	229.517505306947	246.49848328821	278.020750284676	1251.82811272451
715.845	-15.9164874451814	-23.6602159195886	-26.0825810403491	-24.9394482875955	4.5086112984519	-15.3193126628642	-5.53301694686248	0.210319749471867	-10.9295724724898	-10.0121026305932	-0.618896070115871	-19.4598221651485	-3.84501295735496	-15.3798886049205	-13.4919920720678	-16.2817083589362	-19.1558713365178	0.402880750516843	-8.39196205001923	-11.2084020838348	-20.2519318555385	-28.0911102330976	-5.60543117838335	-41.8515685796746	-7.14392873416866	-12.3456893063603	2.28469928021781	8.73391941923275	198.098861480016	807.898121939027	157.35293741935	-2.23275166835227	-0.753125652148107	-5.77252242642034	7.59970819741694	3.80063500108762	46.4660268393667	72.5190545291145	-5.00306556813279	-15.5163672353713	-4.58424224757676	28.6156808979387	16.5298239418721	21.3932693994265	14.8541472565158	60.2443191611493	36.2182680863683	6.50496795270387	4.149610991831	-46.4347427840233	-253.968828000877	-114.25305429095	-1026.15224245373
720.586	4.25505180446452	-4.26953027373967	17.5749248135398	-13.7108051174123	-7.64911186177418	-4.47934968079942	-2.17052884856884	1.47593415980815	-1.66737110526419	-1.67287284299994	8.68629649425501	2.20852915359651	-10.7930633864211	-4.88879215859648	-4.75233004281685	-2.90179236137223	7.29750492233973	-4.03892144162208	-3.09953709919237	-13.5774854790029	7.38282632589693	-1.73302340199255	1.29680840261229	2.93696430617696	1.98940635692918	13.5369959158846	16.7965218633744	39.9723362793633	538.720644383388	529.161867962609	21.2568168926365	-8.95342711266961	2.64255705758595	0	5.21285394774006	11.8538813003717	90.9257990235428	38.4888211884396	12.037500687367	1.07278066161105	8.04256346232868	48.0204102836198	26.2379241030365	30.978964118556	105.170775044877	36.9083958042055	82.0318750349094	99.4497953153415	81.1205497810513	-58.1891409635483	-32.4044499529189	-79.2968370033687	372.093214767549
725.329	0.538382447298344	10.0840016949577	-15.6202559979027	-2.04093922533876	-7.03873077854063	-9.06819791354278	-7.56764540406915	5.54904593266225	2.65217968181804	-4.23329922464523	-4.71024941589525	-8.94209244189574	7.02320311703388	0.761314751393124	-13.691183564918	-1.46862989675288	-7.77547301875997	-19.6237802001708	-4.03382762373054	-24.6434053194112	-3.73653181015994	-2.6313081671375	-2.18776461034829	-0.849389037354011	-11.2768435620878	8.61297053969857	-2.31842985594818	146.044588934781	741.322405640592	173.336747911665	-2.64239320106998	10.5733380947266	-17.9597471710905	13.6680742733419	5.68245843752174	25.7116424741411	92.0371482189516	4.80978450036032	-7.1077009385005	-3.80062488719453	4.65192254652774	10.1002273868266	44.7303067231963	57.0869263711454	48.9887098239203	70.1905986217708	61.2549718535722	70.9608062970294	50.5304943928439	123.690762832215	-89.0299731220012	62.4291500843376	-221.553623145602
730.072	-1.62520570058874	5.79817142526387	-3.49278475976365	12.3218952631925	7.08256459919746	5.53997838231071	4.17584328544513	0.429507901118665	8.97652350709796	-5.96352703881911	1.26388868736084	13.4966692215609	2.74825453735137	0	-1.11700910701542	5.17221535411184	18.3861530497179	7.81612010715196	11.7258508083625	15.7364768186645	23.9687321924207	-0.441282447562967	3.52222232516584	12.8201793395426	14.9943429033104	13.3938486752916	37.7146980232034	459.086110008735	535.138579015622	27.9832593569498	17.8522701890157	31.9175512352454	13.8420703262784	12.1813990254523	15.1114502700852	70.2849539312582	76.6430161576362	24.198687592853	20.4341836344306	19.1214667301524	22.2342392639594	19.6910580429872	63.2937171107553	38.8343230761195	70.1488519866041	100.245784516633	45.2000547359466	121.218564330911	72.03066308468	130.387765880616	268.753226571961	323.063633431522	423.573369293804
734.817	27.2785823445901	-4.37942430774554	-3.51751965846392	3.72274661614814	-1.42654425757993	-10.8302329592185	4.70017016242	-5.40686940924151	0.244326828889929	3.71785082491038	-5.40956653248272	6.04099944771582	3.95388126687374	5.4003658804887	4.12470463077665	2.60442174901274	-9.06119671567865	-21.957262954834	-8.17538532691715	0.96047988052705	5.67964044025446	10.6657795953703	7.53772709603373	-9.03767771777836	-14.6924061412482	12.2985206479631	126.083855922286	628.684910370012	195.122475295016	-8.10698635682489	0.382525422130577	-1.53064676989664	-6.97004794675914	-1.1871933092331	18.5089441884071	71.2169414352664	30.7824241625543	-0.974802229985075	-8.74602937844499	-2.7509827809604	-4.7140412130038	7.67632430774495	33.2874601876949	55.4048935176574	50.5975429551311	-42.4472814310559	-19.311578170264	51.840917551328	0	56.7025353942312	-56.9803073155542	-45.187705182549	-22.4512102244318
739.563	-17.660824728777	-7.38371600235359	-2.66874455740362	5.02124513740226	3.96850702792453	-22.5757392992838	-12.2621117655456	4.81324271812975	-6.92051476717659	-12.4401688035701	-3.86281581895873	-1.90971266246481	-7.59952476314897	-9.75538396837557	-9.8624025977108	-16.9369418780325	-22.3179838978133	-0.838188193137211	-10.1080554800628	2.4290557954992	-20.5881470891333	-11.6886383374198	-22.4269751950207	-4.78894060624993	13.6242804289344	-4.8159463126448	391.353989069524	468.885809720338	31.9765438203092	-9.37261114375335	-0.386963063939324	-7.7420183028495	0	0.800643885523311	39.1116552069697	58.8645025652205	13.0135341728829	-2.95833245970104	-14.5723385310633	15.0276420508528	23.8436418311762	31.7086212447519	28.658404182337	15.6603701478425	11.5889480015742	-8.12372861452587	-8.37240428172664	-5.07506314929817	28.0579390769108	39.246545840411	-28.8206652779073	-118.851001212747	-295.251640112281
744.31	2.78901395725234	3.48258276414523	-9.89004159772811	-2.96038298407115	-8.38652383761122	5.70429098010557	1.5175399110427	1.32674058118619	7.74393579043563	2.63160079204106	-2.60274980934593	0	4.851027769403	2.36632989595318	2.30027791956336	-4.18441595811652	1.20839207606317	7.20079000453548	8.8230393923961	-14.7301924928364	13.5496013954091	7.7243007638707	11.7867406462183	14.9604743495956	-8.76271345200042	94.9152354357489	590.906624783565	205.210307289968	7.97987666803148	3.55231564060309	16.4262521305765	4.69488679903291	16.6280546064364	17.8025311058528	65.1823061006686	53.7221928400359	23.4869655611824	-2.989968823136	25.248299833925	20.8136612957013	0	35.9719224968513	11.5859506925976	42.4852598740726	56.6122535245994	44.5718483738148	38.0787239200703	32.4857933957211	154.878254503142	48.8199973161556	184.482862617149	277.204597053396	619.77265637129
749.058	19.1591197181994	15.0778914310524	-9.08283414496564	9.82638206350141	-7.36715990250355	0.338975804823752	5.87668832598549	9.82886545367275	2.77593111895886	2.06771886381675	-2.95801857346523	0	-1.63353504800407	-7.96837908156328	2.32378669863958	3.07431314746749	-8.13827873932172	2.13952408429651	12.6661414073804	-1.48807346678141	16.1323775966723	2.29507144469455	5.03766188610997	26.6706529394407	20.2337557716766	336.008199245956	475.615253054154	22.1827146188493	18.5412908286292	2.39241347456245	9.08726056588772	4.74286841708333	7.59909201789861	25.7504947153822	62.8746657735042	30.9480580428754	1.42362010342233	-3.52394726235844	6.90796621282275	1.70484132647249	32.2570093179526	18.5001368805291	14.6304485001441	96.7791702221188	63.1071219287233	62.8013339023321	49.865780046456	-1.72725249152914	107.980200011697	188.028444981298	9.80885645052056	28.0037620652682	672.484991703309
753.808	14.9332438694932	-14.3437122360427	11.5721904454478	-6.96738754912729	-3.00361498882475	3.45503837873656	3.64600309727172	0.910740983403711	15.1758207185158	-0.602154062684622	0	6.35971733517162	-7.49247229919532	15.0253947420404	18.1587946800855	9.79224564261058	19.0785151791037	9.59519999965903	-9.56301284530767	15.6728864630185	2.98964667006267	18.2463074125254	2.3339444220883	16.3105675709762	80.3454057156058	517.895196904157	200.752789634994	23.0210010630106	17.6658592248785	12.5988486443865	18.5245280435552	6.44560945968424	16.7138359273428	46.2436581178667	54.9922982746618	26.9724563513569	13.5430057911684	-4.10492779816037	19.4981554528126	12.7429378767399	20.4713434849935	33.6721688141797	26.8419658938006	44.6037705251941	21.1058025186847	10.8697532002044	55.1826235972161	95.0678698615781	101.07522963368	53.4105212144277	194.956251335076	352.031092719451	543.621481544655
758.558	32.1639055082148	26.0794732539032	41.0034212361272	11.0844786876649	24.0835278241548	25.6803545012122	10.0762253742392	11.5912473067882	7.59492434593212	21.4585782310821	13.9846530999102	19.0213338122424	31.7862418045063	16.125532021456	18.4889520744677	16.7500790008276	16.0470651351649	18.6511630882684	29.2106534546015	12.3544613184344	40.0793790109231	15.2435330752052	34.6951400101506	30.4463886676774	295.727298594127	483.93578635943	43.2309850097295	21.346743543561	19.6602685710141	31.8628903124328	25.0117704387034	31.1733069748997	21.583451714397	72.1113129472533	56.8739167972302	18.6188887606993	43.8300855219963	25.0773736912962	36.3965519063538	50.1292364152104	42.3187164369313	48.6838272865516	61.4924953396435	55.0217066641085	88.0047888632122	70.0934293068321	100.543254614111	195.38525215185	208.112848613579	351.881033192974	361.373403320943	823.423967548795	818.2254232469
763.31	-12.526635464523	-11.7047070464551	-8.17257321683926	-18.0902393009763	-8.96843050033028	-17.2237791567375	-15.6874128514042	-3.78346052142157	-6.41129488338368	-14.3836726924621	-10.0896219872898	-18.9893455500932	-3.02611212675161	-19.8224056496466	-27.8786945892881	0.406795954942293	-10.7686455886126	-0.4529660844526	-1.98636507115606	-12.0767329996275	-28.4620147011114	-7.77436091304638	-13.5741571286558	58.8180904753295	475.229491965711	216.882513381609	-14.1280070388414	-8.11192849706429	-6.40017580742062	-11.8184774570923	0.836476320404017	-21.7561319457834	6.7740218874533	38.075552170203	10.3433285613087	-13.7689499180757	-24.1119650385145	-15.4542476939317	-20.8126359119244	-23.4609625970833	-15.4624383895469	-1.39883154157585	5.42056048080465	-9.79930441890747	28.1825752137782	1.25432913235818	18.0981560752053	9.14206579504576	-69.9822357072099	107.677798985365	-186.900040002576	-375.48901080266	-1030.98512476256
768.062	37.3294004127034	31.1465566739174	26.688045442105	-21.4548932839647	2.36147874854375	6.51934398022048	-3.27603670467223	10.2631779690712	0.269636506102964	10.7308730625744	1.40469187110823	26.6671325757001	13.526730891927	2.97989335495496	11.5868592942665	2.4636105569142	12.6084950840866	4.57203836478585	8.52103168425456	27.5593615688789	10.4466519374154	22.0699530677785	9.29720959998323	271.194699239089	433.284376058964	59.1061241854695	3.02488719198248	9.91157175130681	11.6280954815579	10.6509338829266	24.9069097669733	4.6453153946155	42.3063918665896	74.6799173599334	8.17051007503591	-5.27156648008717	13.6898696297702	10.2199236652524	13.058622852123	24.8948352826301	33.8153793936003	35.2979598996145	21.8850914693365	34.1688483368852	42.1425763366978	75.9638451360953	62.4138711605822	11.0731139437579	68.2823935182107	158.087542178545	309.174085933575	-39.8949390849662	718.530631269145
772.815	4.81362887258436	-15.5633590672411	-21.3368373713633	-3.19337434852586	-3.14663283247381	-18.0977542734986	7.09355846425053	-7.87137559244103	-11.5869848253326	-4.4157804033819	4.91329007518819	-10.4102137375293	8.28529638442244	-18.7188278309503	-14.8879017525879	6.15510345180625	-13.9039605057417	-1.37073787292741	-27.550484448913	-1.58895045366	-3.65399931036503	8.3322273004426	36.1871209827292	436.672866750976	196.249128946947	-12.6887839551852	-2.1592575109432	-4.73729761921876	5.16475069473226	-5.1091919325334	-8.01576042123814	-15.6151994718129	36.3005337260044	9.16537639065063	27.2176864560187	-9.09963338146478	16.7214055329645	-5.91302925639275	-21.5613739263934	-23.6653700066888	-9.09834179956109	22.5763053814576	5.46778798572504	15.2763273988896	-17.8991869390656	17.7136074730206	-9.12791958527274	-55.3303050810408	-51.7674426062284	72.4106394171371	57.6059112011333	-348.85837294295	-965.684337859876
777.57	4.91175268787236	-8.2141094717852	-18.8029008182952	4.18946136641878	1.60538781465643	-2.95466711041513	9.18689245597763	3.89422075067383	-1.37478845051381	-14.1610676230352	7.52016816373682	3.82407177570919	4.00461569659614	-12.5889021900073	-8.01767563589756	12.5611453328809	5.32027010134995	-6.99339896150422	-4.08903121082558	9.72804327243912	9.05489107689318	19.5047632213376	223.045632587828	426.201466915309	47.3066681396673	-3.12524402197875	-0.88130922959915	5.27330776774767	8.34421730451876	3.04111539516522	24.5374750545856	10.7658843209672	39.2193581861978	4.45343274410041	-2.31437563611343	7.33036232338805	18.6133793509014	-17.0036800525056	2.89485441234838	-12.3834762543595	9.94693682074628	17.2773854572321	22.3169862459151	41.261635472696	20.4127666750146	18.0746919674373	37.2559536635615	69.6317679804675	122.452623458109	73.8867000763875	37.4055714170805	-61.023378044017	-50.5317646151936
782.325	3.74055002346304	-0.5560411586914	7.0340751921793	-1.41799482979746	2.44516929470308	8.25047521368174	6.50159991068682	0.741411897440886	3.62950112347499	-2.61439388689562	19.6353989453675	16.3947513561376	15.3615473938923	-2.64471466842626	5.14178413223802	8.50306881029208	5.40220914123556	-6.15429216963088	18.1650331604171	1.64631128656955	1.08168801288475	65.0015566738427	404.321470638386	218.349876343939	20.5199134788674	25.3870145725744	11.1860316433647	11.6014676417527	9.81052836440695	-11.910673948273	14.4246959438351	38.0422911606589	34.9560841636294	27.1321282059937	13.6301160807712	23.818430025605	-5.7750151140787	3.8986745485388	8.81831674202016	23.8909758263475	6.73342167429851	16.081522908807	33.9910450425965	38.1729297512801	43.6361045898547	58.9919965664216	74.083247747113	3.82184795984607	119.462530562954	136.408456018089	32.555713363589	175.562448118685	-230.895086127231
787.081	55.6935488936201	48.5318994202228	44.3689187767377	29.1209853940369	36.4064522098404	21.9499008214281	17.7061306013144	10.1507869105677	20.9280067387618	14.7650571522118	25.0162492824456	28.7962554853401	39.898440677803	42.9984303842366	22.8790169879363	32.3056765960912	45.3020282549048	46.1806229108131	38.370907490144	43.9528182329135	58.8680039093268	238.304043415722	475.002739028648	112.104843864449	43.5778364483	33.5164123777197	52.8366529760497	35.7384416337887	23.3529267196283	33.0671568620422	41.2935269666264	48.4922785898934	32.7136953516311	35.289672334621	35.7136879674995	33.6292555577391	26.4154457452526	52.0429323358018	56.7444919612712	60.6847503082245	58.7700637521273	54.7934664575121	78.1168106681484	79.3507712518594	119.859147345851	149.418710299494	155.379890766947	202.107327132829	280.38519380057	304.650558090112	445.72539261371	805.930742892606	1817.70204253151
791.838	33.2555725284638	0	5.66954915139053	0.969751046720261	8.77917783892593	3.07767770745177	17.6888300155252	4.56339087870416	-3.72326376612915	6.70483194405814	7.83325263013116	3.98327798563477	2.78089228458944	6.33041931769379	8.79102384484656	17.4454653271753	-4.61813916668444	6.31327894986857	3.72685983422215	6.75536494137812	55.4815888963559	389.144823982021	223.495733641843	29.7645184453574	30.6182025336052	-0.930101767557209	30.2940152112819	12.3589113759283	21.0428431169012	15.8386253133155	33.1819050368395	42.6135667952664	15.8869525390154	25.5136250253428	33.2680630654544	7.12650835982951	29.0824552552878	10.855489524196	32.5660483666038	22.5733078966145	47.6608487543518	18.746550682103	0.830217904901917	42.9794663566941	41.40612372561	5.37919689750224	24.254385895119	-7.84115918108629	175.069519128878	87.4577256638763	172.549827029837	688.609376813494	-473.719819175426
796.596	-30.6191190220226	-16.8506071575197	-3.67525626994008	-8.89071142386997	-8.09136700902616	1.56756980997989	-14.1789561194802	-4.6485918621525	-13.128850802069	-5.46401183518155	-26.9783220551497	-15.3288922428816	-4.72135508706631	-29.0187525633796	-16.119282652847	-4.44279540734846	-3.29305363126009	-4.45233551051041	-20.0669094545171	-0.573457605814348	173.508603001484	430.373238595905	61.4175542974198	-16.4448749302551	-7.31012366858817	3.31613545255574	0.935140027589883	1.39885099514515	7.9218981530417	-11.0635481422136	39.7395181203471	15.5359189158886	-10.1725300675117	-12.2861715346077	-19.645910638588	5.70394325065696	-3.29171560808832	-10.4761585922796	-14.7440329588566	-11.1688852750508	5.62906697480415	-33.6099437586288	-17.7600889955676	-40.8631218901806	20.5196100904835	17.8087956212231	-44.4730111890024	167.738715417077	40.7630084640444	74.8361114338475	-368.552989816898	-21.5835719219935	-670.22836833773
801.355	-2.24954151399012	7.02238732391395	-4.98564624679593	-5.54302132188759	-2.94101658989502	5.75115415533302	-4.59002143949994	-5.12762122299505	1.76299640656968	5.89604558046601	4.92024844767662	-8.5623647193924	7.33632153696381	12.3264798933927	10.4362905622194	-4.60231932431741	-3.24885208170946	2.98939016986749	-9.36370990691912	34.1577767573256	302.003846566778	169.95639147618	8.68415003421385	-1.33088655934379	-2.10350068284126	2.86267107305682	16.5489214970417	-1.20756535328873	-4.02271737350475	11.9383314121252	29.5735728114867	9.07245980550213	6.38653757844398	0.407926965148419	7.63174526556825	6.2668562716719	0.473598419345914	-4.52179903202708	-5.30327611454397	0	-17.6150392301871	-5.27526503729411	8.76085065193976	39.4747418463521	1.9681843880171	18.9212737074381	1.4219095119957	129.286886833379	-19.7937437578452	-83.0605629604019	48.9469651986862	232.901625545458	-69.4293724668139
806.114	6.74862454197035	1.50479728369585	2.26620283945269	5.96940757741741	10.6611851383695	5.41285096972519	3.82501786624995	-1.11470026586849	-3.2741361836294	9.72847520776891	-4.92024844767662	19.0707214204649	8.15146837440424	8.35019605681442	1.93264640041101	8.05405881755548	8.52823671448734	2.98939016986749	22.0047182812599	117.81957780063	310.785864722193	69.6317291223161	4.11354475304867	5.76717509048975	23.9799077843904	21.2655565427078	16.9525537286769	11.6731317484577	19.3090433928228	23.4787184438461	32.728087244712	-3.5500929673704	8.78148917036047	15.0932977104915	14.4155188349623	7.60975404417302	21.785527289912	21.1017288161264	26.5163805727198	0.567152820834703	12.1483029173704	27.0357333161323	15.3314886408946	18.4775387365904	0	27.1993309544422	100.955575351695	82.7436075733624	83.5735847553466	3.07631714668155	176.20907471527	288.798015676367	624.864352201325
810.875	-28.1192689248765	-11.0351800804362	-14.5036981724972	0.426386255529815	-15.072710023212	-15.5619465379599	-10.7100500254999	-10.7011225523375	-21.659670137856	-9.43367292874561	-8.52843064263947	-23.7411021764971	-22.4165380296117	-13.5193650443662	-28.9896960061651	-21.0939635697881	-14.6198343676926	-7.25994755539246	7.95915342088126	236.13419584412	166.370455055366	-10.0782765834931	-20.5677237652433	-14.1961232996671	-32.8146106523237	-24.1282276157646	-16.5489214970417	-16.1008713771831	8.84997822171046	-8.75477636889178	0	-16.9615552885475	-1.19747579595825	-11.4219550241557	-25.0151650371404	4.02869331750336	-29.3631019994467	-21.1017288161264	-10.0762246176335	-6.80583385001644	-8.50381204215927	-21.7604682788382	6.57063798895482	-14.278098114638	-25.5863970442223	-11.8257960671488	0	44.819454102238	-32.9895729297421	-52.2973914935864	63.631054758292	-214.269495501821	-1134.01308362463
815.635	-13.4972490839407	-5.5175900402181	-7.70508965413916	-3.41109004423852	-1.83813536868439	9.47248919701909	13.0050607452498	6.24232148886354	-4.28156270166921	5.01163874339611	11.4805797112454	15.1787374571047	3.26058734976169	3.18102706926264	3.09223424065761	4.60231932431741	6.90381067363261	4.27055738552498	96.446212041267	283.1630189158	66.8409159606601	-13.2850009509682	7.3129684498643	15.0833810058963	12.2003039604793	-6.54324816698702	-2.82542562144615	10.8680881795986	19.3090433928228	20.2951634006128	11.4351148204415	12.2280979987203	2.79411019056924	17.540859501382	17.8074056196593	17.9053036333483	-1.89439367738366	21.604150930796	8.48524178327034	-7.37298667085114	-3.64449087521112	6.59408129661764	60.5958836759167	21.8370912341522	64.9500848045644	28.3819105611571	106.643213399677	105.153334624481	17.5944388958624	119.976368720581	166.419681675533	-18.6321300436366	486.005607267697
820.397	-12.9348637054432	25.0799547282641	14.9569387403878	23.8776303096696	-6.98491440100068	4.05963822729389	-7.14003335033325	-9.8093623396427	3.2741361836294	-8.25446381265241	-3.28016563178441	7.39476953038434	7.74389495568403	-0.795256767315659	-1.93264640041101	-1.91763305179892	10.1526627553421	15.8010623264424	178.378673726809	199.006177629636	21.955045388538	-14.201207913104	-9.59827109044689	5.32354623737515	8.8347028679333	-19.2207914905244	-5.24721901125713	-12.4781753173169	6.83861953495808	23.4787184438461	7.09765747475681	-1.97227387076133	5.98737897979123	9.38232019841363	2.96790093660988	5.81922368083819	-11.3663620643019	-22.6089951601354	10.0762246176335	1.13430564166941	9.71864233389631	23.0792845381617	9.49092153960141	36.9550774731807	31.4909502082736	96.9715277506201	127.971856079613	27.5812025244541	17.5944388958624	6.1526342933631	24.4734825993431	326.062275763641	-416.576234800884
825.159	29.8064250603691	14.0447746478279	22.6620283945269	26.4359478428485	23.8957597928971	28.0791644054494	21.6751012420831	14.045223349943	8.81498203284838	15.3297185092116	22.9611594224909	25.2978957618412	13.449922817767	13.5193650443662	11.5958784024661	15.3410644143914	17.8686864494021	91.8169837887871	262.183877393735	103.958451000556	20.9792655934919	24.7375879776649	23.3100869339424	31.4976485711363	16.4073053261618	26.9908986888214	29.8687851410021	20.1260892214789	42.2385324217999	25.8663847262712	22.8702296408831	29.58410806142	38.7183840693166	25.291471839202	23.743207492879	36.2582398575303	16.1023462577611	37.6816586002257	21.7434320696303	20.4175015500493	38.2671541897167	50.7744259839558	78.8476558674579	42.834294343914	115.138786699	127.718597525207	152.14431778354	101.705684308925	39.5874875156905	132.281637307307	215.366646874219	773.233396810919	1272.87182855826
