Wavelength	500	495	490	485	480	475	470	465	460	455	450	445	440	435	430	425	420	415	410	405	400	395	390	385	380	375	370	365	360	355	350	345	340	335	330	325	320	315	310	305	300	295	290	285	280	275	270	265	260	255	250	245	240
248.336	-9.54647572740543	-4.50993467074039	-2.26335593067989	-6.81856080949411	1.46970828460394	-10.4889834938416	-2.54930741695373	-6.24061703762431	-3.27125246340012	-11.7819199511735	-5.90218120670844	0	11.8166581563967	-3.97236297759178	-13.1299525930709	-10.7318846356538	-11.7730799531873	-8.10769832852904	17.3104832736018	14.8298770556655	-1.94972031139896	-10.5329428432637	-12.7961855827639	-6.65534267855009	5.04998597982691	-0.408538082771684	-8.47566125044741	-3.22098606327648	-1.60926427722125	3.18451493222148	0.788290615465751	-14.2002961591055	-5.9856342808824	15.5069942172892	20.3415313144148	38.8947526755155	49.205635055674	61.2431332235981	62.5006381707122	61.7232815382514	83.1244138580083	165.226250223066	482.516786904816	832.366523036014	1136.493436436	1151.10091474628	1060.54200134191	1076.82534528277	1254.86533925026	2917.39897275709	59880.0734150899	198865.588499205	67761.6999399584
252.814	18.1596528332843	-10.2029624667226	27.108312394445	12.76034363942	16.2825530267333	11.7522042900037	2.74798492010705	2.40249026594262	1.80830459958722	14.1112567543371	20.0290262676761	0.465934786468612	6.34438679652104	0	17.575895582772	-5.04963835015118	3.88983973801709	-6.13302665751123	8.96555290131266	10.0650246643301	9.92455110169588	41.6855091111495	15.3260471114085	28.6960783107978	6.55242267963687	22.9974683904603	15.9520999511909	12.5378142926233	22.165362453569	22.8846442852238	19.8269210516948	9.92119126476808	14.8159750888315	49.8532902310745	62.9381129635743	95.846093989735	80.4673080195586	74.5536450991544	96.4263346312258	134.966259565501	182.402747805813	525.872893517885	961.150470581298	1318.51900508208	1382.37802342588	1373.016646364	1445.59408260003	1430.03975989733	2842.7220436617	54203.9492676875	215360.816694459	92165.0832158163	4033.0627866487
257.296	-41.2581341302938	-1.18763087573158	4.82779814267134	-5.0500593016844	12.1913815904719	6.41527729942219	-5.73983691578723	10.3004891919102	3.87648230000665	7.6789616711029	2.3313905234792	3.68798579234986	0.965718191532214	16.0048491548784	-13.2710712711494	-1.81677731350746	5.77294053733875	7.07938870225425	9.42497338774748	12.3015357550443	2.31044725580297	2.170729085823	-12.4558702985431	-6.83512179657764	3.98953845865983	11.134843697521	12.9134356542253	5.24825932987969	17.1630166146743	-1.88684852468287	16.8144475981186	15.4252632247797	26.0079038677436	40.1370882480794	55.7428446399967	75.2287505172703	76.8114231530208	108.861020936672	105.447301170509	126.825930188201	425.650823689308	854.167783272975	1245.49916511462	1413.92466934468	1371.22683327992	1436.89669402941	1474.07927773888	2423.48152471932	40738.47836163	188367.950029997	98952.9521510216	4713.61349138748	4700.93981120106
261.781	-5.40208786727626	-7.8333692597003	-11.9752072325765	-24.5975288332201	-11.4874068961935	-9.35787090745968	-8.27681940525546	0.268007536461065	-2.72327014805693	-18.0635771415453	-18.9259974312409	-7.48467587578415	-30.8684433489085	-10.9863711662311	-3.25057197404569	-17.9746348594006	11.7160399212451	-3.07873802851028	-10.1264559836365	-13.6716722181222	-14.6531109827379	26.9833258002921	-0.549540879284703	-29.8775302956036	10.1208369345487	23.580406601822	-6.30921248393809	-1.45243805431284	-7.74042608407032	1.91465618756552	26.0673303515224	7.58913694270128	25.4315186115648	52.5055620298871	60.1314835972901	55.909113554993	70.5473480373302	85.1126649520401	119.739598990613	337.739372050245	782.132477000301	1218.99956800876	1402.33549259105	1375.23302906752	1413.89703281764	1428.22953409943	2194.98509092519	30540.0471675941	166354.385955617	105686.461004248	5596.69448958318	2872.08365555252	20661.7108500187
266.271	41.894728484757	25.1273675259226	3.87539777072571	14.0725206087284	20.2217649753007	21.5184232570279	15.9011223580052	7.90501854001441	8.0016481798422	15.4903034603973	12.4318889340014	10.467273797061	49.8347252191825	40.3238891163329	25.9766010400547	18.7505214247729	24.8254708177774	26.6164144294672	33.7594120260183	10.2778106210375	24.4417093442683	30.2448228538836	46.9501710229459	17.3645900586778	17.4994031793834	40.9714932620482	23.1999766529658	6.40143890347319	24.1100912120176	24.8289796531567	37.1178215685737	45.3480011244628	64.9091547713866	96.8235834975374	97.9579311251091	102.79334643317	98.370712540651	155.329335961365	316.771934969258	815.144056233661	1241.47895961173	1456.39535781143	1461.06246962739	1500.32622054517	1530.63942486821	2290.96841942525	23496.780172941	132743.608657639	110871.612085926	7549.24763643699	2977.70645956506	14276.1627332377	30577.162213759
270.764	-3.4360225043549	9.19836935617084	5.53955266002704	15.1238575175023	1.79855194825586	1.24218078462286	-4.99153402834723	4.36396569263504	-0.615874964169984	4.32542878835742	2.00632775971163	-3.80852964688461	-24.4334390007905	-5.34728651400214	-8.97903544411098	6.09751897432971	5.46482959952021	7.31078243584444	-21.1836619165394	-7.2592104297894	2.98245687711899	10.647982688908	7.27038978137451	12.4881711707832	8.75486979871493	16.9982145856427	10.8659779863617	3.94167388188332	5.90799976711327	13.639648483026	23.6343838492992	52.1327339383922	38.577835275477	79.9016697201993	79.3461174882604	82.0644124841433	114.061629604955	263.540100219329	702.624955265293	1160.72453581643	1430.80875011138	1425.8388230241	1434.27466171774	1523.80248594874	2022.40744437731	16984.8739702037	109472.267458744	114518.823980349	9474.70076375959	2514.14419366275	8980.27596204803	26931.466244274	9822.08275868543
275.26	-4.70877689190021	12.6055836399803	23.8589567495834	-3.06295000360176	18.4857196993664	5.26903377712623	5.49680887572738	5.60666642475446	14.1672151872106	2.82268220641788	7.07014728510806	-2.7960355069973	8.297772386747	16.6545495948971	20.354143856748	15.1512277410404	24.8015140447232	8.1786172646991	8.96692161648018	-8.29010924741961	-10.5099524694536	15.3601637288881	8.75907819636846	20.7281093951343	3.02465676795263	22.5115967331654	4.35123688882314	25.0794567254135	36.1446950568204	39.5774051904281	46.7420200602441	45.8334509293264	96.0795363632523	86.0344958822194	71.0700079572988	114.068908849731	204.032769623783	629.59341126599	1062.75505171993	1381.74995988831	1416.5626609458	1404.38171684855	1423.17387975558	1957.9779992359	12290.2039659279	89047.3520818977	107116.312352486	11933.264344332	3095.88100428725	6216.91382085515	22986.4936750247	14383.510423102	1188.00119888752
279.76	0	-23.927832393662	28.4687481768675	-9.92646214618171	3.4233625682973	-1.97030505812368	1.78141547088725	-2.85531446867344	-5.27515196606356	5.48867883049208	3.05507432642941	-11.3268011993958	0	-13.4164829565627	2.69853000370889	-10.7132432432378	-9.45613907559089	-17.8911493327372	1.08975588757286	1.15143135402314	-4.54144513071915	14.9338464847288	7.45147577922657	8.78455657133698	9.80236075579696	-14.7497955352766	17.3919300452367	19.6942709642026	28.1132069549869	44.5057675649777	45.444707770464	59.2620091710202	67.8521376807538	76.9929220974029	79.955654106398	153.59799171993	547.170292511142	981.027737746177	1381.79056384144	1351.3138489168	1334.14114647845	1420.60227018656	1720.67934790364	9799.61509278889	72058.6619321142	86622.6643602765	14498.9367350421	3365.03878371407	4724.81134029602	18040.1048804296	18351.4004318961	2543.58396573125	832.694995921075
284.264	-14.9385689193814	-7.77605599362249	-18.0629614087523	-13.6985416741404	-3.665365286105	-2.62526621877529	-6.49910640770599	-9.63468921371441	-8.64641360322081	-14.0387401011538	-10.1765756931323	-6.89920571185917	-11.7428529957353	-20.2539791864336	-4.28043437443457	-11.4705787371197	-16.1993727356742	-7.56776373277159	-6.22289275872181	-19.177321200164	3.24165787268975	7.10646349100123	-19.755621995013	-3.93434782314143	-4.19812183131353	-3.62264798581336	4.4736077090064	-0.89254979879245	-4.01340965393359	44.12217417536	45.8721675426086	40.224099536129	41.1344286776528	74.6331160687536	107.097875364139	425.665573778862	844.852015403479	1245.26348909788	1291.01496323751	1274.78232977935	1287.89485768286	1450.52529742675	6692.65025208094	58526.2184464685	68573.5493358345	16754.3887727301	3183.05407660064	3951.20301352009	13636.3302851172	20300.8142390987	4459.85340483181	1174.34285549625	-178.951005607927
288.772	0.588448688091883	1.05020041309645	9.96131316323219	15.1832974443174	14.6308377844023	7.09114149822777	4.54135632079049	-5.37170042900716	-10.8110783497783	-1.8519180918619	-2.40520734544609	-2.03826178327178	-1.70793411388389	-7.9089162053098	23.4707345792237	17.2703391975436	2.97786210533906	-9.83741762174535	8.33433278596616	0.51800117342296	6.64003127083423	9.59768152393094	3.3522390925743	16.7377127870844	5.29181459866617	8.13393308100457	22.4153029734438	24.0485093664276	53.1193035433938	55.4778205280489	56.5837043003728	59.5212222927502	71.0857071601756	107.760355825939	325.951447333855	775.325749038986	1183.9415768202	1307.71511224985	1208.85654880795	1214.06680978422	1267.15509795038	4335.35888851843	48142.6478546403	55421.5245085629	19101.0261602673	2651.46291458772	3265.45755311729	9465.84866770604	20097.4260428178	7732.86518743777	2438.58864273292	1509.49821012069	1353.42743537158
293.283	1.12811115723322	5.53666407136271	5.45621964402475	12.8416768659079	-1.10718489753746	-11.5552241053819	-4.86523203869204	12.5367589523333	2.02203395833465	7.10060028678403	0.658715339590698	-9.37809221678245	-0.409283674320724	-14.763128408432	-0.387893041294416	1.15496006104292	-4.07774292658516	1.71447721966893	4.69932213002809	8.44098181829968	2.93759095708532	1.37997396754672	16.0663894685068	0.891326679216981	19.8671024724179	3.69319980068515	26.350896806402	55.0003577812399	32.3284672212541	45.1813802069546	64.5314929379789	68.543890647818	82.9692209210138	252.494828808533	639.352085925491	1059.76973353174	1238.46478123393	1179.38483719972	1168.85395032301	1184.78494492556	2894.87213522624	41612.6438375871	46075.9631018343	19962.0008363486	2183.36119820825	2698.24651887336	6281.60689889131	18093.2688454548	10637.6498118345	2970.47741748599	2312.94763838358	1726.9745300701	2247.14958556075
297.797	-8.19092668882646	19.9783320346819	6.60270264086846	-4.97280706643487	8.57491889854522	5.9223196170684	-4.95792364077405	6.50187153453292	10.0323389257424	6.87408576986348	-3.82621093377054	-7.56576998800117	1.98113607853836	-3.86274958158476	-0.375518960045373	15.2809181472193	13.0272774872302	9.54375857663716	6.82411530236863	-1.9227548511173	18.9591972323471	-2.22658625796068	11.9986916134436	14.2377292916488	13.0950310705065	6.35623810689913	31.7897376234101	45.415539379646	45.7721033413664	48.3850221493603	72.4378903139365	88.2206728643283	242.519444602035	566.656486253037	973.76409355124	1209.41824452754	1136.8466225901	1129.55804677974	1090.36256104139	2225.69908465119	36908.9398310456	40270.4465678704	23411.9148633024	1715.89154418632	2072.6024358108	3968.24656556386	14479.355911719	13054.5475384505	3613.70129764722	2592.02731663638	2400.80094355065	2096.63132428377	1996.04411894085
302.315	-4.82461531594567	27.2664518609316	16.8528551763629	13.0181341962159	4.2089951705697	-0.645992884383368	8.7609406998592	-1.48933903232675	6.72596761954722	-14.6212819015892	15.0247516342606	-0.74273097431955	-1.55590363672809	0.758411573397792	11.7966922499541	-1.82942242752414	7.75082839505631	-16.7014380627175	10.7187647849416	0	16.2856988424859	8.30618353047574	10.4703155592697	-5.92970692518883	11.248457924337	14.4297996433577	45.0781607843946	56.4991902997235	38.4054987983544	54.3394665411817	62.082090900004	184.132220670615	511.588722414647	913.119602444429	1156.59841291689	1120.28133386903	1090.29695246256	1080.61289894246	1765.64223972554	29414.3456954308	36415.9240841843	29543.2696694214	1481.34470559594	1485.84284486936	2462.62882728934	10243.9233719863	14540.0773829566	4588.76149456195	2643.36777407497	2427.32868191283	2263.5230193636	1960.67115984907	990.765887896391
306.837	-17.1066106256385	18.6042509541922	1.29277798141598	-5.67963741729486	14.3408485145009	3.22100611096922	3.39758308488961	2.75824407557905	-12.9355324818301	4.7667770353885	0	-4.44402605339469	-23.6617221204082	-12.1009298850139	-2.9409935267782	3.28382733924492	-9.27519775368952	17.8737836686616	-14.2520483672901	7.9999092032014	-16.7045455886755	5.23146083277747	13.0515951550983	6.33563665129705	26.0400685772097	35.3910770318553	42.6478473926803	37.9449420526583	58.5974410714681	73.8937581176552	145.957293850658	447.600947636143	826.984155394872	1125.80260718436	1134.42963504841	1083.12701729686	1080.06656317546	1471.86550685718	22041.0813777413	33812.4076469024	36229.4395318054	1571.01199092487	1184.42563787988	1683.01237411806	6547.5487286935	14183.5856513844	5758.48779137169	2566.8437574379	2443.56389146915	2300.73602850339	2057.11824676901	2432.98253296239	1536.91688467039
311.362	18.1528056756836	9.52858532715514	12.9114434135909	21.0691380733081	7.33603062920294	15.7629855859848	3.39328967341146	2.96666308109765	13.8761630462888	3.36053182557411	15.8994060272952	2.58907266749297	23.244414686505	9.81958115684982	4.77307527477428	4.00849493864937	19.6848886212347	3.24567221261161	13.3444111247698	8.45978822152012	2.78057276936934	16.1099542026356	35.6292796015422	32.0599946363819	33.6092563067499	39.6189907784954	51.4197291482974	62.3960580384081	67.321027766279	144.951517673045	389.352169089358	745.933951443982	1118.45132548386	1111.57646968848	1068.52974485701	1069.00673472406	1349.95156791963	16927.9731166071	31619.6239883923	33804.6750895301	2010.97236177266	940.039165286497	1170.45515187514	3947.32889810228	12242.9133050229	7391.26888353486	2628.93193041436	2403.06797501209	2227.35227802219	2154.7618238019	2175.37277889684	2173.66320534951	2368.2467332166
315.89	-12.8008105550038	-9.04301850826688	1.28984101658603	-17.8097362999277	-12.2143756528893	-0.321368855002606	0.242133169430858	-2.54028722659866	-3.10703496057003	1.9583314281267	1.2457534611004	-15.1492608526413	-22.8339351382426	0.37729495921031	-9.536514342271	-3.64040784387723	-8.09736036479573	7.70069031306487	-0.444364694159526	0.939027625013813	5.09257093612466	-11.3090810545385	-3.03845365134744	2.94991349148987	30.7773858210045	25.2219105086968	55.9679280060783	22.5622780825783	90.1802551584866	314.941855153222	687.697735546763	1052.76950988023	1058.95473885144	1044.95116255873	1052.96084789036	1200.83474149956	11981.8145078012	29930.1884264211	31580.1599143259	2543.45407757103	908.230995741977	915.331649564489	2224.31986562515	9759.53813153446	8759.72174854717	2916.25614011168	2442.64126449953	2273.00072738175	2300.24813550162	2117.58532401462	1885.2773822983	1527.09001325038	1336.27060033454
320.422	11.7528590214271	8.58078343357285	-7.75143395323801	-8.10829284492036	16.7779572274521	6.11578210296318	4.85041501651947	9.11726653667716	5.98463149313159	8.96670226188562	1.24774753265019	12.9529965133362	-2.71344740941896	7.18007897516368	-6.61277035019739	-6.92784655155541	19.3102899295995	12.178447532944	16.9128874900308	14.5782261909826	24.1125067882945	38.7738202573729	53.04067275873	32.9230802134528	49.6429185480552	49.7472651796847	56.0575155981844	82.3500776883732	300.826866603249	633.542768683531	1015.76223067315	1083.72423326797	1037.87278463745	1026.0484911154	1098.99306604853	8648.53670541474	28251.823691975	29975.2321987794	3570.51027395596	870.543667059826	827.143600055363	1302.55285406655	6927.71625086252	9510.14685202652	3440.84873065793	2739.91232483362	2719.74264246984	2712.62615179949	2594.53474890819	2486.1565670214	2460.3648456026	1900.86647430666	2150.23175571702
324.958	-7.71749806768519	0.983811918496025	11.5534194726687	-6.6934043317772	4.68887705760255	-10.296455442014	-4.00402273369142	6.78243339168071	0.98806392729913	-7.80682030457526	-7.72512682361726	1.52753033450851	-1.59996693611147	-21.8369155757417	-4.54904077360625	-0.376246359623482	-12.7525318322589	-4.1888838907685	-5.51116047518425	8.24934676420447	9.0911802399017	33.7161127369929	10.7668356253175	45.29672931383	39.6583372675624	47.7236717936693	78.4465464338021	244.649228284316	570.675948137448	1015.57949710346	1119.71947002104	1055.92818350076	1022.77506940223	1070.3722089011	5875.21423958396	27513.4566502494	29117.5544780079	5076.60599846026	848.549030000588	769.330485321621	868.99577136851	4255.15561248425	9569.07809708876	3979.18666724182	2394.36416760382	2659.03098389084	2679.4435788453	2591.06530713795	2504.65306594678	2182.55466024281	1972.4831901489	1514.42889417075	2060.28943698926
329.496	-14.0210826387649	-9.00839945405194	-14.0149623084087	-0.425618135004372	-5.50439762792127	8.1101771185298	-3.05527878602194	-5.78748979314789	1.00525927951044	-1.76504066585088	-2.61985593248808	1.55411406192698	-12.2085846244214	-0.396731162324789	7.32799612451404	0.382794203840035	-4.86542442021171	1.70471334319323	-2.33627984295093	-6.91180887586173	1.94724099915586	21.9538411709242	30.5805076357885	29.2462701577672	39.5079202998778	70.9952321735126	213.637533211415	515.104539796203	931.382771447428	1139.40173843663	1072.68018034073	1031.75786642004	1022.64043387452	4267.55942150619	26522.1000354333	27979.327012781	7068.56820960099	805.676759886638	762.278752094989	736.909769582212	2399.66492564295	8357.96910190011	4776.08298972025	2025.47539705033	2250.45897406556	2479.86411180027	2586.93077309243	2543.23841435548	2201.45259286152	2174.53220823048	1967.74846198872	1382.99342058253	1543.31541094234
334.038	2.82220720667356	-5.54045162764048	12.7398883951929	-10.2803693453399	-0.73862820507013	6.46174848974418	-2.81864016064974	0.896095369851417	-10.1170860207545	-3.55272885523416	-5.6029106409475	-28.935565228244	-4.50520025662077	-5.98914634984794	2.71710875538595	2.31150030689509	-8.97717140063057	-1.71565007012053	2.35126843605963	12.421700262771	39.1946736392106	32.6817257371062	44.5573110232628	26.7580927087653	52.8741842710027	177.805497127128	459.630613333487	875.346740750257	1090.21463645669	1053.88643402973	1026.47532631989	979.301896246648	3085.59834151095	25656.8317572246	26644.1214278305	9392.56795629729	739.021813128171	696.308020863195	695.829397534482	1414.9737225891	6510.90464255346	5954.8739860244	1734.1131699876	1852.08114099352	2185.84298073217	2514.78025084618	2506.35956397209	2325.76593509334	2208.94934276694	2077.36124651079	1670.7859109419	1728.15592976107	1669.12836858796
338.584	-11.2625044742014	-3.01501738995976	9.98657025579876	3.41879887116211	-5.52679351778893	22.3937318360628	1.2782124502272	4.246527409459	10.5981687507255	-11.5194438711409	4.93221639449996	5.46153064583786	13.4840838211796	-5.97518029525848	-8.13231823714007	22.6767496425445	20.3550854279044	17.5444058987194	21.1120697451768	13.8798622750424	41.547230552301	42.2494002575148	21.0809976537292	48.4971804712562	142.638399195959	421.559373865345	827.267603051005	1071.14172797078	1051.76627314372	1012.70883638259	979.023681058192	2173.56898084711	24993.7676720727	25559.7638954483	12622.737505881	713.716364426938	659.013903597371	644.848256428889	881.169913100023	4572.89298499948	6790.2076092705	1911.01775872398	1325.14399051516	1752.68162006787	2043.7098094161	2312.18479601724	2231.07524148224	2206.3122610815	2069.36661026595	1980.13145576382	1858.09188230311	1164.9500359958	693.848390882459
343.133	19.6913022640784	18.0735092325349	27.2111154348096	23.9096382536769	10.3072171401283	24.7461027199124	14.0474385858041	8.26196723295197	11.3447640350779	7.08238548540535	23.6529205674783	15.9798099344195	23.2693243287624	16.317177031783	21.6662879668535	26.8799370453443	11.3883910120388	34.2015832048501	22.0301558535042	46.0586800196748	44.4391721633046	70.6569449201773	58.1484928449302	132.91151066972	395.901148545345	740.019588341618	1055.7799518537	1020.54373964489	1042.740042461	964.321483497433	1684.57152309441	24731.0584095666	25018.8141475717	15509.0398272624	745.554096565204	625.720539089198	605.793485607373	683.485444704279	2826.81498160477	6791.49184183464	2726.96485683505	1004.42490277427	1242.87152040008	1667.00879106492	1911.81945288458	2053.12683014174	2075.20421193648	1969.53244324858	1737.20176449516	1655.26197756639	1611.48136394471	1685.3002084405	2310.70627769174
347.685	2.25970496605481	-22.1808413421251	10.9292834721425	-3.85844969269694	-14.0459896793049	0.340384131675568	3.8469014969998	9.19286654137599	-2.02515512229601	-12.7415460858123	-10.5557138730212	7.827140015749	-21.3156026176142	17.5832519654541	-4.66190140620986	13.1097520752853	0	3.0049663810201	3.29460312503775	10.4431902056894	34.3247957879337	48.373642199359	91.4899041301901	340.566007592318	707.429186616939	987.195454391361	992.323085755062	976.143122350806	897.690271689507	1327.09925127068	21752.1327436265	24822.6180336031	18975.8884558044	748.801075890516	551.237213271942	573.428856195617	575.923062164347	1684.1896971523	5943.87430074851	3739.28596343942	968.074563856526	903.931610752636	1196.66389945126	1530.37666273526	1738.70365060184	1835.68997251528	1869.22779547652	1726.32351985218	1629.39395520658	1421.10984958668	1327.94016870096	1374.36279105983	788.876493935597
352.24	24.0539707407246	8.17694470214146	18.004903371116	11.3002856032735	6.74507825610675	14.1481254345742	17.6796823943042	3.63691223095498	8.21228523848012	-1.20159857436177	0.334413168321394	9.52204189740934	1.66226401051308	18.6358880966029	8.66463471694203	17.9812190829391	14.9052042938504	40.0382552688501	27.6744372765441	36.8029382233792	28.3354762866614	103.218490100742	299.227058549609	626.718150974432	992.293377166965	1000.38700861714	968.132835702402	928.826924238956	1183.74057367414	17807.9846650908	25202.6644970933	22988.0045808255	916.903113571066	563.931897569593	558.403660486908	593.643999727792	1049.50400423845	4627.14643989616	4822.26770101032	1196.04066295173	834.144436754346	915.049351916125	1179.70847981504	1505.26203764704	1617.28590603161	1670.55588677765	1706.51002881179	1651.72005484361	1593.58030223959	1525.26223813137	1351.23154045129	1383.82970555519	1481.89143285281
356.799	-3.47457594189831	-9.81833280508414	-3.73447232025089	-28.1260740542852	-12.503784997621	-2.4424526590363	5.52074783518605	2.75808187149557	-3.113926540077	-13.3648829473534	-6.08651848754313	-20.861006571782	2.10098564473368	3.68678525277693	5.57530567485206	1.58100907234682	12.9780724991069	7.04077343466115	21.7108281105987	37.7228435288089	66.3502651093702	244.156809476026	558.466665659718	936.598401141914	927.839876937908	908.738856139865	904.420565105378	1033.42785156955	13810.5663557041	25745.5343465581	25492.0621162048	1159.7076585048	537.014283666913	549.175237567188	544.960803071213	716.899968923789	3102.60675366709	5325.80097409111	1705.26449499908	777.827226640924	782.747600669794	898.772378376791	1153.01830989408	1363.68967582962	1451.80578421051	1424.70634973851	1460.17460280428	1368.08280183367	1296.32366963162	1244.57529912855	1351.16487592632	1312.9960824524	285.410636305918
361.361	13.4119693594445	11.9681257234158	16.4521045561189	-23.4541214784637	6.86774594744343	1.40540749324125	-2.91196036829226	4.86025841756759	3.91951684002603	2.75276508424866	0.680989780787689	32.3173738288919	-4.6543594963451	9.07490676274813	18.4464431584625	37.4124701230455	31.6172376911237	18.6107483097169	24.2911478968066	85.7241785731265	282.434072892819	485.056834839063	899.295205980227	940.817670699704	875.307079204043	874.341522470316	981.967580656216	10989.9047284898	26222.629301878	25945.5068244387	1640.82771190937	472.684406375733	538.268091267244	573.76395027295	609.484611539615	2018.51444791182	5112.5302278061	2550.60585116019	865.170559040685	812.057446820095	848.684342298086	972.020640106787	1136.82845542971	1290.4124860285	1329.20096320607	1352.40448374228	1365.53030679422	1297.10108767441	1328.1727495176	1345.72164145128	1350.42151438568	1476.55100198545	2203.38756326228
365.926	20.471835889606	25.5751634088526	6.12944001628226	2.21940896228855	4.97518344872457	-0.704849343509438	8.23149083772958	11.8395248380721	-2.6209896511415	13.4990544354452	0	1.21560187188357	1.27324659848062	2.48253152260181	25.7429794939613	11.5773871874481	16.9140138784179	12.4450488952213	34.1114440085058	182.269563565896	470.129937009347	839.993340993418	949.16616485728	860.967213693417	830.639799981421	879.989877825274	8987.44569208706	26291.3270003259	26271.267562908	2161.40237002778	453.641977029603	471.662539664355	548.639972589533	585.29196806041	1310.08929694857	4277.99304095908	3454.07813623071	973.580446793498	824.780212075026	867.030629439993	892.986280101078	972.245970516308	1141.81795972306	1257.64573558422	1248.26674083667	1299.90901647095	1270.48905777029	1304.65072004874	1242.95510070315	1381.8171006994	1273.06843703585	1684.34208711811	1945.86235323544
370.495	-4.64127017267992	-26.4028390999933	-27.5922791069622	-6.16387017005444	3.41638158236914	-4.54430813697067	-15.2757631006615	-8.51969282560405	-3.89955168596047	-5.47748621244026	12.1953774434982	-16.0763781282074	-9.68227072417142	-12.7222325856133	-2.79276885492318	3.16782121311643	18.8737118746017	22.0427967425009	95.7029600280382	361.06751852397	759.392629716433	856.826822439633	814.921923526707	815.011301526592	813.023772619155	7004.68619840985	26167.9187262999	26104.4017638771	2990.96441289334	419.475099723838	432.854898599854	498.802969932462	539.236616050596	828.015036150471	3135.66338254813	4054.80078781045	1327.59002039558	812.679451165135	835.04463412361	871.103821109677	940.895589140459	945.986996866179	1105.43498445931	1163.3440159129	1167.02951033087	1178.24191151456	1161.76487131672	1126.73470977729	1160.20471806102	1145.33394895864	1111.20078318132	1373.01475883529	1429.67216942796
375.067	-23.7045597787553	-22.7004415236736	-1.3981636028152	-9.21395138400073	12.1052849145232	-12.1925245536316	-4.19948542717078	-2.75362397012882	5.18148914202145	13.3432812209604	2.02556027253859	1.6020991402853	-1.6780718489979	4.49878767988572	1.19277734586892	23.2821917735924	22.9883960870798	114.227642713344	323.691002757102	650.430706774931	837.572766158831	818.984337566256	797.998790238194	817.685092721924	5769.04575600494	26381.9158633471	26063.2206379013	3914.37775542342	388.529593977874	412.292248514981	474.784036944458	532.010352381398	649.949007075033	2215.41803078305	4360.92975333145	1922.14496338874	924.552540740115	880.685908438414	921.055882099701	973.044567914537	1001.37198584283	1074.88597083537	1154.15638781894	1159.33603507366	1240.94763115798	1235.02108098204	1166.54434613736	1206.22423731	1205.98556877849	1283.66630148327	1419.45013720399	1798.86342710723	688.627537067708
379.641	4.45561419371394	-12.9218450775481	-3.59166877218638	10.1439574190823	22.5936439714582	6.04042718882393	-1.5170395400579	6.18943452214687	-1.9965681456036	-0.876396776672639	5.52856469018385	0.385832627204039	27.0766491338277	23.2447231353344	9.57519638774486	12.54455744227	58.7852530144109	227.269787720039	537.792009296848	779.046953475015	756.571725810416	778.9497752376	756.941663522504	4628.89211022493	26170.1874957178	25405.6583950575	4711.44579971121	370.170694129563	378.267611615277	423.22520933739	479.258993495693	592.303388125465	1443.37149058542	3998.34674389085	2608.84088549909	990.997889444797	896.738115114576	962.393907705909	970.795717472584	1011.48550320271	1021.8076626214	1060.91876497526	1116.87960881003	1202.52529477999	1162.27472504148	1213.1604190024	1144.90253002686	1197.86178534324	1214.05860411435	1309.67674602102	1338.28826248282	1825.05134553968	1669.8551555308
384.219	-14.9231704840213	-24.6604462247754	-26.2868197927675	-6.29168801784816	-14.8271674626734	-5.3283761509474	-3.51280004924855	-4.16798634084414	7.18243812403126	-6.37796221778739	-9.35925363361759	-4.59472941475806	-16.8441519115557	-6.25564497378748	4.56109031666629	53.945743938998	165.422896771017	418.317952901766	629.475988007018	646.613044774876	678.847072619369	699.546830771952	3800.41473946683	27398.5047477107	25987.0286788717	6157.78291350646	348.780340208298	324.949517230267	399.145370637849	463.882714681982	528.368177707647	948.853770811982	3283.82743977557	3283.88618081642	1168.31163031528	923.607360317307	936.476228108261	1014.84845492748	1016.57690929057	1086.82671668398	1064.18936256298	1111.1498568153	1167.91711640747	1167.76519565402	1130.19953839387	1120.16994045293	1155.772289401	1183.65151765118	1219.95357634519	1317.83760052813	1496.51378087873	1253.17063216668	1089.62466013922
388.801	3.20574338183919	-28.1295708004619	-16.7969647553539	-17.435104052841	-6.29255483379506	-1.2877010569005	-10.1872004707323	-11.6631414635974	-7.90074423522641	2.2419680336654	-13.7270135692814	5.18187458888095	-5.81528877644655	-9.07075673654328	26.0871083738168	127.634876116499	318.27509751803	544.041627542396	585.796416386575	600.136889419762	624.688157762921	2759.40045895158	27286.4643016026	26491.340140291	7185.14838907062	332.339539586353	293.764345523795	348.980040213854	430.628981468727	470.011448768266	682.888279865112	2308.46864982264	3639.86267732652	1491.32290495878	915.678238506817	912.393979344699	991.247646674148	1029.26735306814	1077.44100059993	1109.87247897529	1107.23545586292	1081.63570632454	1131.76939278326	1148.00867953405	1135.56274831481	1178.41721277439	1147.01276276187	1157.31959235884	1281.75447605464	1332.35641025755	1576.88563658032	1308.67415204134	1799.40824547151
393.385	-8.17998521052503	5.01832531406626	-4.12117669981373	13.9673372833798	-4.68314463840148	5.85280013229218	5.57021342600205	0.60873621600294	4.12364813062579	10.9945717456031	3.88080454861658	1.41668692442884	18.9193074470894	20.9756440077259	114.966253311123	240.422755643328	459.041632992624	513.198268306824	550.737156559325	584.606758028797	2284.93368947731	26184.2817707634	26130.1121061887	8503.75831623558	357.461237575285	274.118545563008	323.719297295768	396.244217208574	457.109607509677	562.449330401589	1535.4547833163	3541.23089577995	1972.31894016016	912.825091428649	906.282945551856	959.740776125979	990.712682240296	1050.69079240093	1095.59276602893	1166.14752417813	1127.98195245932	1120.68953450365	1144.01069285219	1189.4054657919	1136.71398534045	1148.04059766412	1142.84710754298	1295.63801931548	1270.4954830057	1627.17247648221	1731.43077398797	1819.12817771931	1511.83147285743
397.972	-27.2186019341768	-21.1971733866393	-18.7494996483778	-2.25337234022048	-6.47604890875327	-17.5927079496517	-11.0084775970948	-6.28533533079923	-1.77406558359763	-3.37449199391258	-8.38005762653618	-1.37133788587978	12.927309549735	55.3114426436774	185.817176682499	378.983056871451	401.415303848093	428.704265707699	489.403601468374	1488.13774180844	25608.929002364	25302.9232776216	10079.9323724713	348.390127952996	241.063388210049	270.024259184606	347.146736727792	391.011406405816	470.486618456127	1001.89100876554	2956.28244598638	2495.90653946261	966.372629322945	880.727966014264	908.643425402963	970.781381616447	1030.71581971414	1068.81729808623	1083.39432995252	1114.34637835614	1112.72816883838	1108.60028452623	1104.82084100413	1118.05636255299	1081.26627282184	1125.87223586395	1150.11349670535	1176.72756660052	1313.10568867395	1418.11836339922	1637.23008504806	1728.13587218547	1077.25208707384
402.562	45.2010538492843	28.4467953203528	30.68341132586	22.7480455179094	27.3958403623567	20.6412031592511	14.4719754129279	16.6181615685564	22.1735308010278	21.4627482473967	32.5054886694338	45.1571870276834	83.204060380799	202.280585215481	334.072545986555	383.529404004083	404.166921058418	446.159293345282	1086.54397500114	19709.3061723734	25912.0329279719	11592.8357406894	436.39244019559	274.054851686408	282.756708473321	343.380020656394	403.521897558274	464.629489037462	708.68407319086	2263.78956795195	2868.00035168929	1190.80740720534	853.711448262408	907.620172572841	938.237138476092	1038.65189036613	1054.30934083106	1119.89997127185	1118.35912664036	1163.9762254077	1142.82121864083	1154.53332872612	1196.8480436857	1215.70960240106	1235.32449385006	1242.6734723794	1252.71762711133	1391.1980366773	1530.60679450062	1860.41171676322	1967.62150207782	2795.41063711795	3165.76242087346
407.156	16.0426497405962	18.526076422982	20.539016527512	19.3361287189893	28.71158267031	13.3620348276395	13.4947794859774	16.6671959409648	13.9546092223999	18.5618121459417	22.316602916519	57.5295809767977	168.447593237356	312.078298737946	350.437868231101	344.591670276349	372.492701021305	779.84137766842	15745.1046866331	26017.830392877	13112.8168091747	507.924142416398	249.212733501557	261.709391857066	321.775780185767	351.508261271579	423.225585738118	543.647967596454	1617.19199820617	3008.55187097005	1561.82794949812	820.632239902087	852.309832504448	926.815113815589	976.010466737671	1024.00162641765	1072.57206245749	1118.5982193237	1119.29217390869	1124.31826087561	1158.29555343734	1160.41635842	1199.75317260518	1164.70518575373	1201.91878930131	1213.4689869088	1251.85307752326	1405.68339576667	1602.81638723687	1648.83087766219	1930.71440872117	2514.46364935282	3236.32408741197
411.752	7.42505428504427	8.69626039298076	5.23716655929963	11.9739420394063	2.42910695312426	10.9049031890852	10.7442940306334	4.05207692193743	19.3392290952347	19.2295298833626	42.0007679507742	122.16438288909	265.680192060339	324.333171919906	314.344575763451	320.224546260539	549.865596880681	11877.9158628052	24170.4173992777	15837.0829665384	586.890900033429	222.906475722075	260.96727172032	282.328933250188	319.254558259625	403.108886708954	475.285603488437	1109.30240206627	2717.61237878736	1993.80685973057	867.061516564438	829.924909584777	874.866260776485	944.588461815577	991.092845231881	1047.02513310002	1078.74476620047	1115.92588044035	1120.54140568354	1120.76233258187	1141.2105706306	1125.51507209705	1142.03199168303	1180.87269327057	1176.42205777537	1211.04875219346	1273.51430252284	1399.60107925759	1505.57032197614	1766.31012819391	2201.90789139666	1897.00689334455	2744.60905903872
416.352	-20.0967883366299	-4.07575032765741	-1.84091054851212	1.03985748135003	-3.58618118479091	4.95363546462277	-6.01312231532035	-5.61967274409858	0.818673122316351	26.3529108131237	78.1425330056227	205.985347705186	274.745783050734	271.075780641444	288.027136873697	423.348051061899	8648.16579128406	21722.0598819122	16985.6549609034	790.057465612407	203.380598245209	204.86341673888	244.955809547055	302.775656404224	348.10455806522	403.063227371621	750.102013338014	2170.83446707727	2357.00565751917	958.027771083731	804.334788110425	828.382603516982	883.459958704821	968.189321000194	980.973177285611	1035.23526916871	1052.87648365217	1055.85898950991	1126.98987629321	1099.85811279762	1117.28580719143	1087.94980720827	1111.56673238966	1179.9884512014	1217.83606702854	1196.75051838585	1283.4881248859	1383.12755973264	1583.70602194134	1715.96643315182	1805.31433218268	1950.23072023704	2157.29815574942
420.954	13.4253105266349	28.3527392501133	10.4613993933018	25.8104312705155	15.2259159560803	19.6835533626622	9.95467815088988	17.7614507026146	29.6784598350817	79.3380844056503	186.311000212163	276.534485248502	276.334537218346	269.393690211602	381.605705927967	6624.09233099664	20301.5221445585	17961.5200922891	1012.99205859515	232.815939465548	202.375987848647	245.244964072939	289.533327139635	334.13341161618	384.663764885624	547.930651967938	1627.15119375049	2485.97870670201	1234.02575628674	787.977520067031	820.738307030715	886.44734436831	924.427559798745	962.92257689462	1001.32725560831	1061.33185279722	1033.0967574872	1081.71584560608	1094.91738096012	1092.51204200013	1124.6740454324	1135.72231663333	1133.81757542618	1184.21464521565	1199.48058333721	1247.89847537887	1376.49379176244	1496.58257136108	1737.32720898813	1908.86738122248	2088.29029329921	2347.7651540901	2591.55569991866
425.56	14.9271921595038	18.4132586890646	7.07811968884429	5.99722435043174	2.585346250835	13.7556180084648	13.3537139034321	16.0310653197581	53.7079298095381	142.084366633003	207.649126215881	243.011789901287	262.181210678482	338.51699639643	4995.53856728977	18789.9312720019	18180.8977233435	1301.4425021031	180.692227932116	186.280926527943	212.262157930814	242.748547855351	309.775203819329	337.864976764784	446.800604000552	1135.79343478931	2356.79501416706	1517.54313856903	792.005432538205	779.278478547632	826.148711624386	870.584307604656	916.903351982026	951.385926292056	969.441893135583	1019.56107370484	1020.92923253735	1055.73496648242	1052.23359798516	1087.3163715502	1057.83503629302	1079.21708245108	1103.79675686317	1139.48288514556	1166.77180164434	1273.23542957947	1414.88943680132	1495.17933397587	1651.16113801596	1848.706638927	2060.20751434616	2172.5145820027	3101.45870699046
430.168	-8.61393883982574	-6.53362643539107	0	6.21017692531188	-4.22707590941534	-0.778521480373492	5.86571693486939	45.9832240574927	107.884773768125	172.820456699678	194.400404687527	229.147100681773	303.766988712158	3716.33787570916	18638.2789356488	18498.6284753628	1574.26122159804	191.787029700864	178.695842446578	177.056067206418	220.567729818739	282.394072893402	323.170013705086	383.853848696041	777.218350347449	1995.32313530509	1804.9907241683	839.316861594389	743.947394012195	778.52241292055	834.340028085046	887.026315304329	909.589338218715	961.79878808318	970.531971364093	985.796444804043	989.564887272864	1002.18840927946	1052.15529588471	1039.30458928108	1061.01252999696	1106.68369643713	1114.69801727515	1124.27738473014	1174.77362641458	1257.2120651004	1333.50036634348	1540.78286139904	1739.47563432598	1867.76849108369	2054.82737012399	1789.11317958542	1875.06360119563
434.779	-3.43714091386675	-2.68373098672682	1.03900420479818	13.0420519513112	2.24892171079711	27.4404211515949	43.8851843235468	100.096940084627	164.222606445899	165.411361172539	197.938482402411	274.72008353232	2891.1922086118	19125.2030122955	18592.6532231669	1965.33046738584	183.255621709015	163.56670504476	168.593790448846	214.821542552368	273.35655871589	307.280275842166	366.784678678753	582.178933759229	1599.24972795041	2007.62995806753	987.211331095656	715.585064763116	767.982154721337	811.640510164044	867.278222992196	913.82696985754	928.428660043217	975.991872591785	965.886527871867	985.093488872743	1003.79394282196	1021.62710414067	1045.52723342531	1033.2944387879	1067.23534334779	1066.20172897487	1083.52874567862	1127.94492228157	1170.39346886011	1280.35645305125	1461.84562812092	1546.23842993064	1716.72193703766	1952.47932309283	2143.30988812125	2175.8105700098	2170.45512854645
439.393	5.12140596905211	-12.5676907997513	-6.19254487339294	-5.82987236071657	3.35093653773129	32.6579737089495	96.2924871340667	154.651481456065	154.332734466818	162.967596953128	229.765469454551	2386.84528021743	19522.1068105851	19031.7592847725	2588.02305855699	180.311081865138	148.71437139764	163.775586822357	212.628981332214	234.806502251662	279.317069249478	310.108308056497	454.648697466306	1193.02844179843	2010.46774096973	1200.04035481554	715.62061164351	711.741640615949	786.721414312831	829.232173800985	860.608819992686	886.162028793163	923.160838960578	957.092154029994	962.036245610804	972.083172884617	961.876012409975	1005.6729815221	980.201168739566	1008.77409878655	1030.62188944936	1072.61511409084	1090.72171583937	1105.77261941774	1244.04801219324	1305.96835803654	1464.0036064003	1605.34924386805	1743.71426390793	1881.13978325196	2110.47051036036	2281.4070794255	2261.18459189613
444.01	13.0808443649582	-2.63575910136469	9.86417531889048	6.40446216501481	30.9221090173704	78.5615640265467	135.240523725225	143.860842145416	148.807690372209	194.547155284117	1311.03180051143	18406.6749245707	19302.8025314719	3455.61135384263	170.624542705052	153.505912122103	146.424336997129	185.332571612299	216.906499676826	245.526113169957	306.927835490961	371.642677534862	865.715668245141	1847.6751489411	1437.53454896474	710.355642401067	702.684320966396	739.098394753859	800.809600723593	814.779960970508	862.733731680577	894.824667388802	918.129705235103	945.053937831262	947.029055715358	946.657072240396	951.365820150804	970.171400989221	965.944455900592	998.229616025163	1034.02493663677	1037.2505865498	1094.83119993715	1151.28710241525	1215.95880543931	1312.52870311526	1411.14550378418	1667.48159116197	1874.29009643185	2049.10927713053	2244.59654473445	2081.05066681292	2096.99697915432
448.63	10.354838094538	-3.69604197086174	12.3536054901137	38.9765660013798	52.5753331913431	117.045225763913	120.716431949228	139.568157153109	169.082336334972	985.892858542829	14349.5464585747	18093.8815049381	4358.76719759146	178.43307958389	144.981028435557	145.873639497671	168.880829051035	186.011850735737	222.229898938916	278.924641687332	323.207305942645	605.297736138124	1532.36097394991	1633.99183364251	774.751918181489	660.514337484444	699.570215841436	732.320318171922	796.7477071421	816.51364041362	862.547577576885	876.894411037168	907.111569954276	888.825750231429	920.527692716326	884.381578929231	923.03109368323	919.725684581248	940.346013088504	984.444517785285	990.372552172329	1011.35528439101	1061.23298186861	1096.05070774888	1189.21971034246	1308.4113029793	1516.2349081208	1641.86300811513	1865.7158109755	1857.35631017216	2001.33265831755	1885.07356493636	1854.24942031544
453.253	8.18893716565779	16.4415836745961	34.325714212707	77.6812375582694	121.359211127685	130.506088105947	133.831423615221	166.732496775459	706.190731450714	11186.7900678989	15074.4783542956	5780.451621492	215.099119249676	136.41848575046	151.203525876047	167.676656827346	190.62565750527	222.771892463814	256.183289220481	320.42135206096	464.505974264128	1164.3330645389	1716.39578895596	944.3144809868	638.227705638432	629.11472755552	680.664844841411	751.229331352444	785.563586016808	823.119557897718	852.950148394751	872.884915633309	867.038884588653	886.970950120572	881.242267318287	890.870924662857	887.960069095325	916.871962886871	934.590155891435	931.87456988503	960.442222476331	994.005565288366	1039.50523304933	1126.31563579342	1198.52959577714	1317.54458179604	1490.56638617976	1636.86574100198	1831.51566574065	1972.65673970487	2106.72582544697	2154.84962396799	2808.35731925118
457.878	0	26.4150601096366	53.9346416028099	109.552863845206	122.047808145307	129.005026528293	150.399110512687	549.457390930238	9415.69449476256	13415.0927824163	5757.72648529032	240.745031727979	150.355242691087	148.012920848556	162.853872394218	189.033889165011	214.587380493331	255.754376546112	273.648762936635	364.097309204502	833.831671853697	1640.89069832136	1129.28485970917	614.189344185506	609.29035736288	638.986967368673	701.214552884599	751.554375983544	789.619443158572	811.168941489443	842.17496576875	840.553019324071	841.976814324943	854.560919533927	870.920079783201	845.489584165575	865.743250164331	881.218348151455	896.522211071748	916.358405206244	926.219699165337	978.254146510419	1027.91613405497	1113.0459426584	1226.03378271561	1304.00362328894	1486.47842086276	1658.42716470192	1844.03069261848	1920.39742139724	2068.78693183324	2248.18613611683	2881.2411317983
462.506	0.402131493093882	42.343200782054	111.834520859773	116.271063834154	116.822919695815	143.923624728888	491.258233658909	8350.15562592338	11360.4437204009	6748.15388206628	268.621019699409	125.63943845414	128.095870527	149.34206911074	175.049907697563	213.536193266132	234.89695736691	262.183407223962	305.88077454387	585.498431803377	1399.33699525416	1338.98344195918	646.343720385653	561.740011217834	599.401250378753	633.672607602187	687.29008929324	740.402392082737	775.27363026187	808.128272637656	817.953616469023	827.065506882261	814.971413451932	818.523348494304	844.254660957582	815.407387279051	822.290387413271	830.033151848903	838.240525292804	895.761021457833	880.715647786843	927.693159901786	988.572095652293	1064.73268330325	1150.36347780367	1321.08657826587	1428.30399686015	1579.24371216688	1819.25168027712	1873.63827764147	1866.02857771828	2276.07462851378	2295.7322572034
467.137	34.1424869643551	81.8356000313592	102.088326359564	104.846642834434	120.788796341964	405.217006453156	8631.52898151913	9911.90697628579	7376.22204639075	316.312533019766	124.716771306381	108.086289899376	139.426262435064	173.836962312509	192.475699980439	222.736982299682	256.011514982459	288.406086947	413.777935129713	1037.94727950004	1388.04752573536	729.109618264715	536.008200906041	552.070295623579	596.223642274697	616.064170681336	690.228224280827	703.354311254764	750.601312451152	773.625171933888	774.368105774277	773.5776393478	780.039516549957	785.875376261797	780.164053085251	770.246689725037	777.690885206788	791.061391384711	797.973453833075	839.105055203775	863.484116765116	892.599168279309	937.323890660192	998.958783257021	1129.44480677762	1290.87882132928	1394.01695561144	1545.71500726981	1712.16320542924	1806.33416576455	1818.04839798773	1997.38870610856	2511.05237790649
471.771	90.6175638723892	104.06623625582	108.2997927477	117.205825396064	302.900097288814	7685.97041953384	11260.6517622962	8508.21826046236	356.978661592006	108.080702925272	103.754506962083	119.274427842836	141.22579179766	176.418055497071	191.284304990408	239.599586093637	281.125113290472	337.110877402273	737.566081038201	1360.23604950324	889.494100833862	504.764114544315	507.567503244307	531.066106519479	578.407289528282	618.836019653624	655.534701766739	688.123735019189	726.551355502982	733.395801965617	746.085674632517	732.830063312805	771.313473094985	754.995830800403	741.233569981032	754.043881342718	726.637252067216	746.309418677763	769.242348715379	802.932835051654	822.868197918767	854.412215759959	915.883887553026	991.957883592878	1091.89382005705	1228.00432382787	1368.4645516063	1546.05945631449	1699.1550294522	1902.49410289174	1845.39703032103	1917.0091343944	3187.78573305901
476.407	95.7031119378117	73.8503025548426	127.733937101812	307.181116640091	5538.66274469551	14875.6183716941	8311.8010416875	417.357668132821	92.4482163864581	90.9327714855083	103.97716425027	114.936497660776	144.578085175478	189.501089604409	214.433903671608	254.857251221683	272.494389804033	518.603341307679	1161.68707075835	1074.13381559362	498.079575222636	459.003370598961	478.163469675472	510.095010913306	563.179078993645	602.940040339948	634.558802873648	679.981719506197	683.677945802901	697.58325338392	701.727147559308	698.141723779523	716.019921254759	698.601351881431	715.420101838205	705.39126057357	720.74103598693	710.360973563364	731.393667666878	744.362028459407	780.620112875447	819.322925642819	889.893322952642	953.526062305408	1043.74586488143	1158.12168978095	1330.56448091338	1418.79986640118	1568.75091985346	1608.7018673943	1949.8236637341	1824.04210305303	9456.11367927522
481.047	90.1884781932142	102.428308194439	258.701886966328	6078.39871388521	16032.4174901949	9375.84342340206	486.529844787191	95.2992635551274	93.5986144945589	92.7682162579474	111.707167951967	140.103891101932	165.728602380128	196.36471610094	237.077245245698	264.613587228584	380.47569181624	857.999819392018	1181.07817740253	598.012789018395	439.877699240815	463.265343802884	497.893461283542	518.551391431707	549.184317015943	589.380245314986	611.7242784322	665.384941654655	666.835263780693	678.607564056821	683.435820570715	678.483865129162	695.533705537611	681.777597716857	672.950985508726	675.734712247411	676.315810095884	708.148835491129	711.466563005086	742.521657662067	757.633708195594	783.527084117192	870.100985561442	940.983976025226	1023.91955864292	1179.10171462984	1359.05386885888	1459.00730937935	1593.64010909751	1682.45464530897	2107.4329383492	2364.89830297877	25736.6766136851
485.688	94.6448775098059	218.119932704616	4966.62406607691	18630.2798667865	11585.8205733247	702.22383850857	96.2296912282096	81.4922672429255	83.2438036639439	89.2345277452801	109.843081114512	134.112205566217	167.714940027917	194.210914815813	226.725000663394	294.963201494566	612.969646885509	1086.52009621077	726.93341926529	439.637560526562	426.033398669803	447.154392561818	480.921905555683	505.533637676261	537.814604170305	564.781748749559	589.440975272217	631.473080009445	658.450054580434	630.421998244615	641.508875411299	646.129864601523	656.149047014256	657.934439217014	630.71698216425	636.103411089265	663.963412948994	663.561797496338	677.27137049901	671.227376880024	749.633938820502	750.484282016548	837.071758220629	947.269477563598	1005.13118983335	1134.20421252876	1250.48933505876	1401.50835352916	1544.32882620702	1634.00422527093	1872.69664382317	7436.9366401102	39177.0650500672
490.333	224.411967793434	4853.25843069104	19817.0561236219	11550.052226625	875.871610801476	89.9070865439311	78.940963047527	72.9020237584114	86.6951694901491	96.5497547639432	116.171871766735	147.323687252941	161.414390483455	209.998103163068	256.938897558418	451.486588884771	929.806300358028	858.294791117509	449.954889451934	408.537462333835	420.172898016459	444.58864604264	502.952230183504	497.579463976062	536.809103847812	555.602765176331	578.446720188413	612.984982799392	625.985380236999	614.928007529507	626.466607164816	622.828625136976	613.099069394546	623.852354934666	607.66294938756	630.761075584472	612.100390527364	630.884122932793	652.364597006932	670.195631189086	734.18371745003	749.243045262895	802.155706303187	880.717596363167	975.002961608895	1109.42192075182	1256.21189365821	1325.37265124853	1589.4139213795	1679.13465045105	2171.96998561709	21006.936772074	30819.4757246123
494.979	3774.6440715763	19559.2158165901	13468.0889571579	974.852114110457	97.8575381891564	77.847634436108	76.9608539596459	76.6083648089697	96.3169733597459	107.197918238754	123.222090127226	145.107234021584	179.54508649425	214.362917119579	336.014948444457	730.594244383632	905.170365418745	489.406411489883	369.896562426887	386.350679687632	408.825262393926	436.146471154781	477.621538988645	511.03303800542	520.50189378506	527.228328581675	549.842907721968	585.000645735787	592.40820571345	575.046316449781	582.575201092504	589.629840337677	587.031149225468	580.977800687072	588.265580329797	586.30058741006	593.434016974506	618.084769351609	638.125286998239	642.347198779202	689.533555133673	718.256292223184	787.672907764399	822.522952271514	947.276826102451	1089.29539948632	1210.22043381401	1329.75810074195	1532.21880327588	1691.44968630269	5876.43829257366	32397.8531858589	10387.82898678
499.629	18560.3729787455	13159.9198374341	1118.41496490877	74.8068557586501	80.8125028857982	64.7931262135985	75.7031800318371	80.1027461932102	104.753876983872	104.83869011098	131.042044970197	153.040618841655	190.265428239392	243.089194936039	530.246950807858	870.120506018128	587.563141487019	377.783337558431	348.626097564596	368.356825729714	405.151347174615	416.23762199188	437.572207274606	458.376142198369	490.530880325891	516.734382605756	535.134718044215	539.702121678717	568.878740049058	561.762048513836	555.410938499628	567.064940014317	537.670599361904	550.129549952242	567.476471664013	560.192967067094	563.965848990242	578.167670142252	582.845935229576	616.051064582843	639.88180516303	679.604742820576	777.278132749234	823.772931476851	916.761805218355	1035.63313523267	1145.16854287699	1336.45764543988	1550.7083058252	1772.73447754988	16251.4255221416	26527.6566936724	2800.39113673151
504.281	14870.4184261102	1332.28173450877	84.2585630746076	62.1567693123467	66.3499961698304	62.2750357192815	75.4272391919165	82.6622384080978	96.9974007835194	106.788130273471	137.554048048377	161.304411129542	202.348094561814	384.59895741688	762.530999447133	670.567552456349	354.142572863193	323.640617945211	346.711535394268	340.927432309228	391.689641843776	399.173792781793	418.344739373548	439.743611832243	460.055320453037	493.433387048838	504.572066992218	517.329197648417	525.317213592648	518.659742290866	515.74338027186	521.898783466041	514.945220990943	533.692072195652	520.674900072229	530.342011140147	520.843407766748	533.788440347026	570.940123482466	582.47054880871	598.823051398338	651.503259482802	697.589698361582	803.643806863562	884.933228039282	973.499055316874	1089.08295497796	1307.92191543417	1413.41079989562	4240.18693658261	25901.459355134	10385.7748611289	2210.58892961996
508.936	1745.7228570996	84.8318581030648	65.0595926868669	64.4884596985269	72.1032174787102	72.7105200656176	80.1491202957015	82.2386385308782	93.3706000617566	105.223264946671	130.052013371744	162.628268510431	266.068607339307	588.489692406405	735.675276058437	385.87147017274	289.492253250639	298.393697808868	314.546938595732	342.254503325431	365.76934427532	384.47076623989	391.885715983568	407.138705679059	438.796666808449	445.455883239473	474.377152066709	491.587195306784	504.83374545638	479.694718704673	492.674496415047	480.52099466882	477.840147289028	489.788969924996	480.817994642089	489.627928340741	481.558887633737	507.466117439146	518.239905688279	544.270496863	568.503145706405	622.692919085688	657.752895352221	733.429901898676	828.77011504775	946.461673080743	1106.09540887892	1246.45638648609	1447.16839719113	12349.8123536302	22481.7627322584	2472.36359381547	2008.02076746134
513.593	77.9248071712385	56.1106838084835	62.8151550667117	59.4290774852559	70.9263623353726	73.2170922808052	78.6318993297408	78.0854095951318	103.026082329194	100.36169059704	121.861779160721	190.009504726073	433.589051556817	722.598610154312	444.884750104266	264.878165803394	271.074444183188	281.41382468513	300.503334179844	309.020936071161	339.196986766411	364.930444615473	369.198591867033	387.700614774325	409.935352105557	423.498622224044	438.899843969687	432.026218505403	460.715893839736	455.573564341396	440.25785922305	453.065914269751	446.824254071965	458.6248082453	452.10996292305	444.089259922369	459.580006498021	470.372752751353	487.934400394741	499.090589708966	523.096687814055	575.657204640998	627.387301582546	679.589958932651	767.215988362318	870.32096050875	1045.94471954947	1201.32775080708	3096.39880680718	20682.6288459872	9816.94091960572	1449.24739793555	2281.52487831134
518.252	68.3259876037194	51.0370747226326	55.696399437009	60.2996574516614	70.323575953841	72.3915390592515	68.8321078789439	79.5264814985455	95.4630834063753	109.528399196843	143.222963670136	295.168666115684	625.016224215513	533.559976257219	277.697356160404	248.369387165352	246.697995488921	266.601101904603	291.658119401595	298.0277096501	330.185306866528	343.086958495508	362.057625529618	370.007696365715	381.150565848115	390.680761165967	404.997288772805	410.619382985688	433.681440750241	428.826168833865	415.982845084371	407.679108557654	415.968579404434	421.762131783615	408.444717017141	407.661178302663	430.458533373588	432.354396884016	469.222911810931	482.68158167165	522.577056283889	553.904817567951	589.899331970974	659.014128941675	721.075241369161	905.590418751385	1044.64630832466	1189.48341127173	9530.0670036419	19037.2137650217	2382.74979317559	1270.53963168072	2396.33677888016
522.914	53.8078567473159	61.636610216178	58.4478959861389	59.3689032667701	72.1608139884266	70.8198258463864	84.5423783618958	87.0902977978315	96.2745583548783	115.695467315444	192.301760132139	474.010791447063	607.250296606734	297.753494978413	224.904162154661	228.949273112773	243.880339162511	251.417502194038	274.69682569087	305.02439486875	329.585301491348	327.082295725394	341.623402328293	346.744381742129	352.045995882976	362.583597124135	394.133630699098	390.714470406135	406.820416892203	404.414692371339	397.754630422558	377.156353823771	394.561169526542	391.016938255529	412.111249546874	406.803582094434	407.371410385929	418.576230995518	445.970549960291	467.938215155891	496.440204123197	502.362845049258	567.142710189034	634.644509185902	750.276396505525	913.160961370185	979.624030951686	2313.58053481996	16746.1612015033	9322.24693506605	1358.85427259422	1256.81675788156	3463.8350674725
527.579	29.763247812746	36.7741855734325	50.445016180177	58.205008787268	45.1898908318953	64.8354281090567	78.2982779821621	76.9351455525048	93.5297133017843	130.695557022105	326.191527830842	542.166571198997	349.419868077332	208.380843817184	198.904685176452	216.426558868132	227.581843176008	231.096765977603	257.821950228296	262.672504716251	294.777205705416	312.114820238688	310.848046580835	325.004586665732	319.127836034812	339.508435935172	362.009354987132	366.602332182539	353.47399695383	347.574572034709	350.312529669631	352.193902575283	348.428453364931	369.074168654748	372.909752191525	368.184878449674	372.611714314147	381.356313355925	399.14027941119	419.411731211812	448.155921613109	480.397980458633	517.561895291043	594.103646741671	678.725821968891	844.815256855378	914.809341570184	7218.72235571055	16217.4440078438	2320.43054695224	1063.06223723009	1199.86289675999	3761.27692163138
532.245	32.8356136536984	35.0927579354772	59.4008548157645	64.3247703427658	61.9548580554301	62.343837833937	69.6788215710369	77.7390807282301	95.6390057977367	217.489570786639	477.988391492988	426.111823233818	191.437606627878	187.979590753272	188.784209579385	201.702582799739	204.256718190583	226.593552644651	233.801526429214	251.739084307838	266.453180161638	272.135913314783	285.244785834595	305.591410300075	302.724191931372	312.213294665546	320.241555547979	331.50916259935	332.623928839823	336.95754754755	342.751559685192	317.004124189445	340.498481500901	324.902802874945	335.388309944512	331.626362074613	359.968188922463	348.819697354833	383.1745067207	383.087626504366	419.135331064902	434.587359032551	490.12094689813	583.05075650915	705.871342696621	795.503640200171	1632.56781150603	13587.4617540161	8496.11545428126	960.467306963525	900.821974748752	1933.57230788362	2712.88346682848
536.915	44.2770750404567	54.2839898059648	56.7964083305891	51.716953459376	59.7044124478495	64.2596578858332	74.2844772343602	84.1992129195941	149.581105881074	365.12488600623	449.18210864959	246.719896552767	159.242307337274	175.396823888669	182.427537043029	200.769739082766	199.293002263952	225.864622626245	240.257093083434	228.774176418493	261.340073920683	270.969006532655	271.661771264314	281.997870539068	294.303908628293	299.431291522733	311.587207090052	326.841724251371	321.351429913427	310.859367187266	299.42154911764	310.202469619638	319.557263697574	314.203281494943	322.516781260223	342.076222796278	339.637093353283	335.574628568024	357.705490956911	407.272352801891	396.865489537758	430.56689168818	484.245001647837	599.456375746075	698.322097717297	810.291669523843	5541.23343788872	14144.6249782109	2291.80235544212	907.478662806363	995.544156662477	2739.94499280194	2783.12108039603
541.586	45.1695779132902	40.6543943000481	45.2000832956406	52.3046010027497	63.1853977287242	56.7781144530757	71.593092851853	113.129136950445	259.288593318409	451.78841553284	280.575073475811	158.615902839676	136.470158728279	157.006514716112	170.308078261091	176.207903630646	192.830869167001	203.575875014632	224.17098896267	222.118736085899	235.580313065415	238.482063201102	235.136633356855	253.513018511546	251.541753449681	271.105529782321	276.226499947533	299.007596027454	302.685076736069	287.893263540843	290.525004786842	299.504196764015	287.217015046614	313.246005068049	299.440460518735	294.812687877393	313.969406134598	332.773975206203	355.526267640696	357.320385279062	368.137427855147	407.615486681581	452.852051174731	603.358702361569	696.712953928758	1243.99921276195	11070.3842002937	7999.71635339323	943.290707923124	932.696232979484	1264.50301752008	2622.85787204068	1023.54364682228
546.26	57.2175618422904	58.0521314659262	57.1799494021742	66.3223550120501	60.2589214035379	71.7839963004239	86.8209177179152	184.474580206924	388.101503038673	343.901727954228	155.378937982259	140.904611916336	141.899073671201	154.691148957346	170.866073505578	185.63496274929	182.456904907856	195.059730895577	202.759592342973	218.029728896797	227.913194304373	238.42020637711	241.11633561061	251.739896338399	260.21060283852	264.583564664427	267.584061874532	277.892925569008	277.680902199124	273.079539038556	274.792066144072	284.641212450008	272.636470924592	283.651906781243	290.426495668564	276.431686970209	304.435128338419	319.152527535027	331.941171016049	339.862541947208	367.544640738704	403.809508397092	481.711214839609	580.308494714982	703.945114494849	4354.00020116019	12338.2083396729	2372.32768739187	868.080073669138	940.847166404422	1975.50462499914	2406.26085922817	820.890099621335
550.936	37.5103261015223	53.2032021377552	70.0226617191034	54.2355930494103	57.0947936661696	73.9886631386892	140.530747194335	304.021511750548	395.971451683869	199.234356585175	109.513264883941	119.807140669786	118.039394578707	144.12247460955	162.646284455696	168.704000252173	180.973271191764	168.321628620167	201.980258147923	188.733593363327	221.742882395738	218.315549076338	212.722570018877	232.105366329111	225.770163500133	245.314658831705	227.878275665033	246.57559904769	250.630652393913	258.057988000119	243.87771430418	259.322139093112	267.38984095458	263.115508646262	254.170135569351	256.504508846535	284.100799461172	298.96067411878	310.227668595681	316.933874865107	353.667899059497	380.923918913325	472.51809237268	568.149073967541	940.115232165542	8934.63429569659	7509.92357475376	914.629672051706	914.778197938115	1045.08271596055	2516.29358653308	1542.16748672504	891.92487020231
555.615	31.6334863188501	48.6933604826038	36.3371299755051	50.1131989099455	53.8142640871958	97.4446356075962	234.7971782098	363.628952296675	239.026239971581	102.043206957973	104.361758505665	102.175615191597	123.375251067458	125.311191486391	128.891863417024	147.897707556328	156.366005393849	162.556434524576	178.224601966381	178.565099766679	178.132269997327	181.871192844297	204.342707655628	200.57514306822	222.83822306936	216.328284754863	221.104108605348	230.490125330381	215.299931448698	231.524134691324	227.024424862856	216.369119983332	230.968979979685	239.360205742921	241.110812613319	253.728775280972	244.534692384432	255.916953148092	272.635711131754	276.722772141781	305.903165323342	350.884451882271	476.796514003717	552.430265005728	3158.80259663465	10781.726260965	2327.42085945625	749.750297072331	741.241026316555	1340.68524474914	2137.82261217147	497.350969205401	1055.62283829343
560.296	47.2578394154258	35.7916619395863	40.3353793586747	53.9459090486739	73.5343632259822	170.12731911454	342.1772779476	291.74852521676	122.253189102307	92.4851054420482	93.6815674192494	113.07070006864	107.482622769776	129.503826396931	142.556654062551	140.133270134712	146.992374668817	159.636575094259	155.502750829309	175.83973900538	170.972692354125	182.008200805582	196.175125573903	206.774665502416	192.848684959266	213.216916222078	204.64738579409	210.699414105129	215.659867805829	222.670423784692	221.871836387999	213.955283086789	226.039420230409	215.285909108899	226.567154988085	216.25223908446	232.206152166222	242.466098211629	269.317196143691	287.527708540084	312.372042730286	383.588242057792	436.071345935457	729.268685022132	7133.27895796778	6910.98871195002	759.047137009732	717.651002686648	775.522336240509	1691.77431701666	1583.49017827765	690.094403122488	456.691871724048
564.979	19.234905443637	56.8564229097712	45.5466700559035	54.4352765164122	112.482020820729	279.115663645163	311.080642271699	156.024635086826	88.5262966686656	83.234989553665	76.0462953341991	90.2222259405621	114.854611410225	121.607646859903	133.378021123801	108.856835042765	138.476047536823	146.163819913288	146.229921262014	165.088497898132	148.175564636742	179.737728163738	168.277816183953	187.753708203084	186.48984739555	192.994620155937	180.582850440296	210.024956149975	213.309825441096	204.23814629466	196.602123111819	199.007288362888	198.475253007349	189.283192384255	197.776561277068	209.919277176999	215.743155817815	233.918957040607	266.090745739935	267.102920120496	309.144060980582	378.612574880203	474.355502905822	2616.61024119929	9277.40691238987	2328.49610522619	658.397857880265	699.571623639643	1027.20466384577	1910.92381282453	1043.14096733517	736.146247124664	1316.6706512664
569.664	33.9071678970683	47.1864295107832	59.2205339274712	83.6283372157814	181.973627399775	319.09766230933	179.583472338553	83.1485994428038	68.0106044541283	69.6578480730917	86.0302089441369	84.4501707562745	89.6264469356335	95.6559109772569	115.19945304511	122.326067297327	126.940274135669	137.723610844752	139.227777050277	132.183520724054	151.361056662068	155.04611123551	168.194015471373	143.200186384196	173.030648132019	175.023710086352	167.977432623893	183.487378534801	178.720320255244	183.698838408976	188.68990649565	191.672442275808	180.708070159588	187.733631728265	188.865300993196	184.781158537645	201.335931376399	218.308690539471	226.536136566671	245.447097635374	292.650067327588	392.736709438685	549.601621473027	6102.61099722708	6342.51692003593	646.48310306142	603.9411278185	635.331950299156	1396.46919500163	1582.73955255551	808.282287473326	360.743318275188	298.416674026042
574.351	19.1343785323279	34.1489965831258	68.5885291036034	147.989397071663	286.35315155261	236.222002794364	89.6367909570486	65.4405403008798	73.1538917069034	72.8170042008904	87.2425699102835	90.2501308116245	93.3482345594364	100.507091312768	108.067199650153	112.259132373256	111.840228107742	125.910150028058	131.601714189577	127.223400949825	148.06373472104	156.706222637188	148.761720227638	160.831650648657	155.902176596959	156.382741036267	171.757120028369	165.502389965115	175.001181969654	176.903379348373	184.305555960415	171.008791282959	167.501937493769	169.815869353233	182.495097953999	199.976644884039	187.968212940706	213.263994139561	213.116845715997	258.223347583244	321.109564064542	377.01164836163	1970.46703248363	8043.08091337612	2338.50164777504	528.642357737414	551.39799102303	731.956412250756	1588.4682033714	1070.87714261239	567.099783072596	646.814938613672	50.162146006872
579.04	19.3066199788479	36.2891816873703	101.987702105143	235.048952574917	280.330078332541	122.268024718156	59.4876936532787	54.9431609080082	57.7982377974809	54.9427630140245	69.7986884058804	64.3129140082718	76.3046278304784	77.8749818886093	95.7630959869591	111.026689121318	106.313731370683	108.002626694218	120.80819985197	122.221394678837	113.027943519021	135.0023028363	120.682400344382	121.709553607854	146.53120400262	137.468950527548	135.513081370294	165.225075494843	155.387307362896	153.745164041443	160.016063705037	167.642941593193	156.166163112913	157.911565614691	158.718154917592	159.263025553158	157.819471114244	185.072693691215	209.998392373137	235.280039387038	292.487750516776	395.814210188121	4895.60044049105	5741.35680315899	524.984156409849	494.498194184821	542.842431840964	951.538669661904	1525.60276439118	628.991086091402	550.746957054031	101.974586894715	-657.977961099967
583.732	38.8608642718602	74.5194363222578	180.289554927822	270.753438841449	175.822705211374	63.2697145409006	51.7990436815316	49.7167327057952	62.0591706847734	66.7878161747309	70.7290955286635	75.3219766298594	82.1935403199927	82.4685738366015	87.5639627899535	89.7295592270637	92.3508772471692	111.52257369831	100.917280615098	115.726779124817	110.52321038464	123.056683488658	122.129217346376	135.555676836098	135.078386964666	138.651292407981	132.519443984268	157.985241357517	153.125800771265	148.577043521825	146.533927180177	148.100159976707	152.467306190078	143.00177603633	157.240129533968	156.66398329454	180.078761576137	198.824682005543	208.225614188597	277.226412564647	319.824331914523	1380.18009748365	7186.05155502932	2121.25888269901	408.205312130001	502.889688636083	575.628363386347	1347.03915166817	1213.42441544664	513.202221764788	503.889875589189	561.036038340848	543.341565518443
588.426	35.320925182849	120.882751104457	231.127134925995	207.815120668944	73.4097776903309	47.0704717805688	40.9355789667746	45.3545840880233	48.971730707244	44.4636629776663	50.9540046468008	54.9829289060878	59.7008972432532	62.9044968235983	81.1561759099996	84.2351604163326	82.011307587408	93.7819855207056	91.742873010031	91.0824358886182	102.435303500709	100.64618894414	109.568698428737	108.345803951296	115.220470469299	130.899936722782	115.281759023063	131.984088880097	137.539787447732	112.816096912848	128.038292765892	141.856801801687	136.420578999652	144.039432341442	140.801648977339	139.274898697854	149.495586303147	154.157500864093	190.091709740922	260.634491314145	1126.49088996942	3861.78383704434	5283.50603693307	447.669175001744	352.106022375553	400.533562992054	663.800229779658	1380.74252926841	661.872624202453	472.666201981626	441.363048775961	206.31305267702	204.801315070468
593.121	82.2710321445705	210.926303191065	249.115723211233	98.2473844932809	55.469436912535	50.325520136125	48.7238840752851	50.7197957515786	53.1466162308852	49.7242798468661	55.3544397301645	73.1951995709596	65.454120802549	84.7846810510609	75.2440391477924	79.810965362207	91.4789755496577	111.070465720583	98.8126114343229	95.9496448622384	98.5979299581901	106.939489842935	98.2215786173335	113.177436094659	127.689638615795	119.402017566508	113.457357491627	128.452546782487	128.354541618148	118.709163221831	125.454631208173	119.97887287274	134.135558633205	123.819988632757	144.027417861879	148.283623056207	148.132436488235	154.555505579431	229.64530328553	272.045530932651	927.270457203967	6044.89156090786	2130.26462962972	327.603704939372	364.103630197069	431.541436283752	1025.52758823256	1217.23778573751	498.479638481817	369.976213530863	498.108877524925	387.044635076313	960.521513618071
597.819	170.999591982175	259.4420393905	167.646528107724	65.6820152530584	52.2313517446881	46.0733307694425	50.1631120422664	51.6937107651869	56.1039563599472	57.958660326062	64.5211791853086	58.5029924149041	62.4966946479152	79.3536121710959	82.3446929767755	92.0512118145486	82.9203747476629	95.4600553993482	93.8099222991174	104.297024319698	107.217621511197	91.8254782912622	105.996300113437	108.882860075014	111.774772093219	116.150920701103	126.222591192002	118.686574121822	126.723158512642	117.640513596938	125.918850189209	118.04875366136	129.573193372265	124.874525196287	145.850106813301	130.44963920092	161.772320679093	174.645354118027	244.90487671689	277.504687262295	3008.82578438925	5029.47489891014	450.989531379301	327.074864205986	381.01789308464	490.742802703639	1190.21562003085	861.08936956906	550.823342386324	558.322342727349	526.72769290736	639.706550021497	1156.14902556371
602.519	215.53294862704	183.261491498819	75.094351094404	42.0964785445353	36.0177218595588	34.6986320222385	37.1006275148144	43.3601667612466	45.539020890157	42.8662134479033	41.7857763239042	64.5356854625521	64.8307231853007	63.5018712769115	64.3544008672251	67.0513746277755	57.2447204400567	71.7547374879836	69.8512843100906	70.0770613990797	94.4598354663277	85.9850553842405	85.8071707414847	90.3326318723694	98.689523509926	98.5789666887206	85.518948571244	104.741717396962	104.358435288862	105.356699209408	102.833400244761	99.3443345099737	101.402942319252	105.2378267908	120.152272126134	131.473463918051	127.008631526206	182.829570113012	215.274677066804	684.902277190534	5175.91997011698	2272.8862719533	252.271889488447	270.799861943293	284.670234384358	630.941997815627	1106.29380237332	474.198147324942	447.431459282253	416.817996987059	250.684681159765	-21.0237143931678	156.522489713503
607.221	210.214765277195	97.2236418392217	51.3183970755152	26.2640512595026	31.0311658768213	38.8734081801059	34.7199589964394	36.7987611414502	44.8012912112275	36.5298293936231	33.1814712035447	40.8468489342989	50.8445590534021	57.7279660321512	65.8167180551982	58.0329975687396	60.8502385023622	69.4803050607445	75.8212666146792	94.780893785434	75.6565364127058	84.3220624680712	82.4090310481667	86.7593419391966	97.0187149589146	78.6424492511925	100.416715448362	96.1905637186743	101.014863775277	99.9473320268266	102.262099029795	88.5362004870917	93.8169611816509	103.082768792719	111.886024814521	104.427312234843	137.514605727505	186.389462407691	217.217680948687	2459.72477564532	4795.61083625129	490.834819910432	212.955874700543	257.92192474799	332.120766108692	862.336983767328	855.597470578948	370.984402148395	374.552755983883	434.599405346126	401.73980557042	502.05207734612	421.160571169036
611.924	131.999877331903	53.8906878615539	39.9888248233718	34.3732015229604	36.1275965560033	34.3086468172305	30.9412066450414	41.2614507346237	41.1725972154581	38.6910162206081	35.2635490683102	55.5835657382593	59.7844159983955	66.8268499871429	60.2196502361383	60.3572959799775	71.4143565781655	58.3474569540562	68.2840103334904	86.9580371377417	59.5343201866116	83.7253165849355	75.4777435895095	92.7056101716096	86.3133827428976	93.2066600066493	83.0896711111219	92.1664951282862	92.4052226223141	104.271502482593	94.7673307001361	94.5382252584266	114.030179723439	93.1018750108146	117.518856769787	110.238867715122	160.642968623672	197.821224393525	485.808065864143	4466.48951997191	2411.52852293341	193.669864665559	187.567329263212	240.419513769297	407.812757407314	866.993344441447	543.846500069961	340.138917195314	359.582517624224	422.263167600285	255.378310205777	228.451695035616	690.963422940985
616.63	75.8955147235279	15.5689901510303	36.9185692072871	37.0734898161873	33.9618096455475	25.229907153426	31.4841552282614	35.3160708686536	42.2179530573362	36.1481332464353	44.57083739144	39.5839852808608	49.3735078360599	59.8581605353121	56.3916499089162	47.6332986597189	52.6600512914063	73.2502253209793	61.0505332188314	76.024609360333	70.0417138381056	67.2289621372984	91.9379834704759	90.6374382880876	87.9293610832895	83.4566611834157	81.5080222166319	80.9974476652316	86.8730134443809	85.0273624767239	77.4550240256948	77.8218102708945	84.6163479603354	94.1397821054668	102.041494620155	111.120567591349	165.373808001411	192.228245023381	1867.39133099781	4445.90781905431	574.492608717447	178.444621882774	192.489066305481	233.975342963758	540.64857995466	777.518199847735	345.625752373935	343.930812850298	319.209151075419	238.531056379454	239.23813436338	295.966818733831	-71.6580859528736
621.338	47.0374532637335	47.4656008265529	20.9074339630323	33.6945747752537	25.5992374306434	36.0227187528646	37.3189732767681	39.2570706938544	43.5340282659876	36.6622463708171	51.0809518142437	42.3307712059965	63.4768871765584	53.1754173100309	51.6947241504823	51.0073494461093	64.5140051071279	67.4778474982124	58.5994206171286	71.5902526553424	75.1699777481491	79.2282450211465	99.0987413545581	79.1917391390966	82.6891482920385	83.1518211332123	71.0890458170978	97.0767986706592	72.4371052095197	92.8614450426521	93.489935473039	93.8716292763108	89.0286217119588	91.6836291653251	103.505367355014	150.13948596776	184.819554225057	346.995741552876	3728.83278795255	2408.84033361212	188.566441916283	165.4155100936	204.26941033489	267.339550131043	714.205096363882	591.181957446802	309.38532646765	285.934779314422	340.637201863104	360.60301231698	413.339369589756	640.228494898038	758.31153521822
626.047	37.7258708360582	27.3276966822886	29.695260544763	31.6611572987906	22.0704373719226	29.6838947756303	25.991905317253	34.3502821723117	35.7988777259544	31.1951494970907	38.8738441657026	41.5083504393546	43.1546569861166	44.8963628770749	55.5497137651568	52.1041850464091	64.4932628572605	57.3349050985607	66.1891335625862	77.7491355037634	78.9754996534452	72.7518674157799	71.5177570223567	75.7458965631607	75.1698289469928	72.0051577202734	67.9454056756744	75.4177204103209	60.7333089060608	80.8560688436705	72.2720780230119	85.7341391723267	88.6240178935427	92.8886631483051	101.487190788633	134.270793267981	180.615421597938	1446.57325512619	4150.28151008106	608.23045580155	162.088023144889	155.041437303793	166.486290552089	355.462604787254	693.106782431518	336.266140597814	310.116107320967	280.516665965418	319.598722756214	385.918449458381	289.804154029946	565.592156616408	455.720648088791
630.758	57.4203496993535	37.2282311824517	36.5229574378339	34.3839543276161	34.6349743538314	37.0300234822413	32.9912625676933	32.4042967918448	38.5952315892464	51.2949111806226	48.7208313392245	49.7229863634341	42.6412259126573	57.7539943119957	56.4543020922885	61.8487669543343	69.0769909517468	67.835771511038	69.1418362375954	74.2396400088149	66.9734210768556	84.507564105394	76.3010469252641	85.4196755582582	86.3980144400097	80.2840671893746	68.6745166868226	85.8760049232993	76.8116320065707	74.7279170633678	93.5135452596478	73.734793931037	98.5006532391329	101.383231416297	116.794720967886	146.425707284539	261.546738402955	3103.44554521644	2405.86365834804	165.111409971209	137.653760755665	151.446599085883	181.082523868921	512.103806009151	587.452028568224	276.620125911616	288.459252749501	322.064473653537	344.095346280813	392.512882598583	437.41823239009	371.20872294868	1031.76844212903
635.471	26.670514291722	27.4297520328477	19.3127424216209	2.05830255491854	28.0982960248195	26.964485007368	26.2674192936101	22.4266673605935	21.4714712124099	36.2771144046278	31.6742621840074	28.4971959986532	31.8165903136045	44.1278978760435	38.857913878201	35.1728891145893	59.4769529110327	49.4642808816731	46.6997312385782	64.0659690106602	55.7167654860787	64.5126924410289	55.1821967255305	52.8598718138493	71.1399324529522	62.1555019504014	71.1514308775943	72.5992450319612	74.1631366000799	72.4180738121584	72.6569345046236	71.1259609551315	80.9477323948647	77.8534032237037	122.126710722102	163.025368681247	1080.12235804451	3687.36111166867	674.945314423178	114.414603093626	122.593368316846	138.832723702762	224.131567298247	614.652358728441	322.098523815862	279.696479484297	218.578600026864	252.418898391812	258.284948636682	210.124345418403	137.743279310162	568.571748261809	334.187524800259
640.186	12.6808630745949	8.08266106462696	1.82536402106752	17.5282896800618	7.40811627276576	7.36770286686226	16.6534362506632	28.7598167339025	20.9028048322343	18.0537032307895	9.78449438623538	33.2566121412757	12.8161597360945	25.6292290916473	25.8499057444352	30.6019984818079	43.5452077618247	45.7711950443622	47.9190081308596	28.3055289560751	46.3864313828195	49.4906685274919	33.1712348145118	56.537015663724	45.1395471508401	41.1850113485755	42.9659934380032	44.4852521305782	45.1002355658401	57.1439076782111	46.0915160704964	67.4415266550206	66.2953045421556	84.9102979451548	125.772836477489	184.242276979505	2480.22733209226	2295.09495389744	130.286349082838	87.227315572478	110.589297287488	102.461159154078	296.265857253485	471.663578282218	214.869621696021	187.766148852944	240.771440240924	186.194428117369	207.368844543558	277.387491803629	149.829514955175	74.9519760346436	74.4027731636343
644.903	13.7418847834422	11.0362721775983	12.9235489621587	17.380955057883	16.4840809034445	17.9397324483274	10.3973607054684	11.9989801140321	21.1416477228662	18.0197282290232	27.2816794946016	33.9539405803775	35.5640611855847	31.754545291219	43.7854621692166	37.8298162153499	43.0493248522193	44.5538098200604	53.4276904658409	47.580521760353	64.4107322100043	67.9867336420378	54.4259792060242	59.7164530145824	57.3266144665129	48.3205029049147	45.7614727777459	44.9935564607689	59.0705183081423	53.2510343116918	62.6934066079705	60.4900087722636	77.4687900711213	107.184206449941	125.827244714667	786.962610291288	3337.16636614293	720.268309452119	122.269961918204	98.3859333237804	92.5508756868988	157.864163477583	442.342094724691	351.800902114009	192.464766198951	234.256479742558	256.278525135824	275.455989418121	222.286760981147	280.557020051118	95.7104338996468	515.497147200643	752.529257415328
649.621	8.82638914211425	2.90175739665195	24.715084831308	16.9219065119757	11.2462619166967	18.47357560675	20.6672933509725	21.7563895891907	23.5225539100773	26.5593775739583	29.2953781265962	21.2400122993066	31.0112891328778	16.4306312374221	23.0012827178756	41.8530598073831	27.5385625010944	48.3615115037134	50.7007148801039	30.2610040931343	60.4837768478469	49.6281979504236	37.8057464504545	44.4119509827992	50.1310426202734	64.5507410508626	58.0950143099706	30.3092765048479	30.2861515011072	35.2348477302508	57.3857876818271	43.7255235594773	52.4869530578123	112.077240817479	126.907209702754	2035.56748704301	2263.445349181	110.047140759286	86.3185207756215	79.6355070327953	96.8725331687821	190.049210979385	399.763634430056	205.461267312205	179.736669570386	156.426289399135	79.9711381142839	200.964655525491	189.073068937614	231.179293096237	121.331542771717	15.3762974215115	-629.624704031766
654.341	42.9302668968225	22.7326228188711	9.88744871983114	30.7892586115783	30.867339299125	13.0754783124393	20.5599231704865	25.2773367630781	21.1396968581382	28.703979453866	28.3730029626372	37.5838611440836	23.6196691365685	36.0413231125476	30.4958076344585	33.1652468212447	38.5388351546772	39.0749582751618	62.1001430270646	56.4785123892578	60.6041109999709	75.7907426362842	66.4196597789319	54.0474501878654	54.0914224185282	37.0667361668984	56.2847095069701	53.1039169653759	43.9378474514325	49.8273299807672	63.9060116992908	65.9441117157544	91.8538843839629	99.076331126993	547.55378646388	2926.12591767172	813.630816947931	95.309031109298	78.3146762965961	103.706755625185	87.6727280856572	295.860612607131	353.311924807258	157.193954937936	177.572456473128	179.705372859211	175.563578717855	208.427869183404	140.314532199545	193.491338396942	275.181981798518	281.071623499739	77.5033611608093
659.063	16.1748137781014	8.49031802516005	18.0238236776636	22.0226101728719	24.5903360143322	18.0583671508115	15.7656285702427	15.4828025185853	24.9415128864156	11.7278973285759	15.5558691652603	20.7626259557724	31.0674354410252	28.2679576920627	38.9311670926331	40.2629758219484	33.3603079323693	41.9341834063745	57.4700654594542	54.4409718221283	56.5716847815977	50.8228959579117	48.0076452760529	49.9915986217949	38.8598970100579	47.7614885656285	44.4491918555949	55.9382567180679	55.5547509333753	38.106403965568	59.4350433726366	64.4938690196618	101.415980725911	124.109406234886	1613.03966076429	2173.57288324517	142.691374335544	81.2263912722639	78.5247774342622	87.7889430251075	116.166977266797	353.000447748899	214.881933275566	128.661238811362	144.91874589666	201.241117608983	215.579915479997	145.95919942676	217.827696176697	213.330177034254	260.929941478143	228.323532729408	234.466050622
663.787	38.11584085843	13.3466938222037	12.8345620379245	32.5871968754386	20.8352803691979	11.0468782399516	20.5889560021589	19.149337942053	18.3769696686991	26.3192602277398	21.6927704895367	33.0898628188891	28.3573703675263	32.7645661074078	39.1516897666005	23.0515570949128	38.3679895462271	52.0614892181167	44.216505455449	43.3212251343032	50.2548328870512	56.2655011431442	61.253563511645	54.8941313744204	48.4504691973993	42.4719478630871	34.6767636573252	46.3540750412277	60.145188482957	51.9853716347538	46.3939329260214	70.492432750317	104.226166662673	394.089262407367	2518.15032961855	862.711874887447	89.0245688863788	73.3214009476162	73.2677041235141	96.3323072467546	178.807780023605	326.901885957497	137.772132602085	121.835514011041	159.644942363558	159.418367319658	161.230514183522	165.793514087022	132.173173611973	232.187670840574	197.423690845785	726.627970368843	317.056562148521
668.512	17.5027597592319	22.9939451338733	14.8927989810282	17.3412529421755	15.5875231202528	17.8694597596759	13.2429073177185	22.9628792550579	20.4789857442054	17.8510594404283	14.7622738376534	28.6288771597668	32.8087362596431	19.2595808970534	27.081900588744	54.7534876854416	37.6084775524251	45.811608958538	51.847440030156	50.9299367675702	50.2191278126919	50.3541758386632	40.7539401268663	46.4808876084929	34.2489025381748	57.3003719002063	46.47461671229	48.1047348071446	44.5848416841456	56.1759967177016	41.2906396447293	80.5966116264286	124.029001488129	1310.06738126415	2083.64704564898	132.762603787033	69.2274104105459	75.1888692185539	71.99659817458	95.1117383025813	294.700430141534	253.045241636791	105.385482579828	122.045590853768	131.932160878609	168.82947348444	120.621576623528	195.40983904517	228.324303375852	167.503023083218	215.872440927138	450.592919723422	858.639446589312
673.238	8.80408295692994	11.3479799315591	8.27979559964628	17.8168712792181	9.92088269245636	3.53647362820854	17.0974130726377	8.73573567130939	12.7120670124411	17.188910439732	7.99678711781394	6.77677357091941	14.1962662240338	15.2236598515612	28.5904266541667	13.3535096669432	28.2878247098664	41.2557444804335	17.1148945894674	29.708645823759	49.2479076297549	49.0619123875249	37.0188494665542	47.5337134679605	29.6900832193345	40.5653163764605	36.5599089117425	45.9396438554871	29.0845897012277	26.0035137084649	63.1672039172251	82.4562562434243	274.576572858755	2165.31653670174	915.770480602305	62.6924305212776	45.3306197608611	57.2778009563388	54.4379699406189	126.757335772732	258.953376689336	129.577988552406	83.1655000331763	134.473969695845	98.4746413669064	145.141305292721	163.448314426634	111.048946046505	114.849665747366	90.9428598337872	136.265085931793	137.610903924295	60.2658415694947
677.967	4.92703411958668	22.8624360430181	14.6952166692519	19.4431889836287	26.1124480084759	12.1715807124743	11.6309977474852	11.5375323355981	14.1299980801351	9.30357784112386	14.6724158833902	18.4315003132482	15.0154164918249	22.654459274557	36.5931179017273	26.5666304064404	26.3581687265695	40.0607592776149	27.9130825381555	57.6845295847838	37.6345229465767	30.1352343634276	41.3001036744681	30.7537211764384	46.5233404207847	39.0706343860453	45.6809813167164	34.6191462041398	38.1226036132847	56.9288388125248	77.1174467421171	82.7149898343671	986.273091789797	1944.1746513088	163.601206145896	38.4405201658537	66.0039679510593	63.864128677657	55.7667209517866	182.836014812999	241.155765429622	86.6339273908335	111.274359845814	128.098368830684	140.600906486246	105.765988422336	158.410580259997	158.725231515313	133.045908900941	148.19253540412	132.975079533471	130.466153292716	323.775440039205
682.696	-1.99277697154791	-1.77824782438968	-0.401594174644797	2.2684464886602	13.6906792122215	9.30546232692373	11.3082855655833	12.6547633577577	4.24159173934236	16.2013915913503	9.59971913829785	13.1148600195474	18.7976938003586	21.4972701365347	25.6950849377401	19.381945724491	29.8933606087828	27.2571867561457	27.3940319147196	56.5731758508672	35.8917777891038	32.0961939746513	36.0841981138031	27.5538161367521	29.4944682583293	21.7464489704514	24.3482505446543	30.361438041421	32.4797984099943	51.5597391695762	69.9344090796873	185.82065030469	1856.46239027208	931.873848471504	62.7860888972691	53.5439101669393	38.6165865639692	57.8955889438147	82.2327940009809	204.466174687442	142.645624923478	87.5994012162885	83.4158733770071	96.7722499280079	95.0692677797169	140.495946286682	129.906482457591	110.053105315975	122.83047129915	144.395162312357	112.770380984443	189.635152753969	102.30740257517
687.428	19.0635617288608	26.412289583236	27.0946753140608	30.0764188139776	32.824449257714	24.1817647718511	14.8034132589054	21.5040149695915	22.9296369901355	26.3137275367512	13.7677885987002	25.7177829402708	19.6569770704093	30.1643623033323	35.8792930581764	41.0889939008839	38.0809427715104	36.5966649748402	35.1085628143518	51.6688094594971	62.7048472013711	38.4570566677017	47.767735955486	38.0519303356386	48.4981233499791	41.6067405686352	53.7238170617325	36.3284216495171	54.9901757170319	70.0560789169368	104.929818556052	796.397040646571	1799.55267072428	205.612460140046	60.9529289367882	52.7195858542679	63.4014306940857	62.7844224267859	124.447016734654	226.634916678295	129.548451693587	89.387174652776	83.3471404995037	112.43990992191	142.282146843149	145.700091893077	143.513840316802	136.987694140178	227.743138795656	178.324852788266	218.380294784632	257.379793153129	1092.03024770636
692.16	21.6890183442363	26.1055606228659	21.1428478297671	11.1006401014945	17.8214156730444	4.25477925438577	13.5098805876593	8.40806539251096	16.9515440675272	21.9589443440413	4.71234746514584	21.6642913884135	28.547531840522	19.9808629895929	25.6680720643335	23.7544152504836	18.2322131320317	26.0633467538523	28.5754889660478	34.6328464816296	38.9654432168539	30.0276981008659	35.3019129034589	33.8746937621573	38.933499378583	21.6501967438355	19.5760625982666	38.6954521418261	52.036390101037	70.7938908812919	145.150155895556	1550.06620534202	939.785836849358	46.917113734824	47.9612220678593	46.982369115605	49.7215493356448	49.1474916707642	156.522087600009	184.631765991593	83.382852633285	61.4916226987224	84.4542359478032	102.498882480143	125.393415334539	141.183314144618	66.4002444498012	94.4000829416694	150.020945071996	193.084561246457	74.6523282524462	400.686751679528	517.904636521612
696.895	2.53910562928497	2.26576236359475	-5.32160721370673	-6.16608249367295	-12.2938946639485	6.42551017398639	8.06876127653447	8.66671607963294	9.32977520455505	3.99543388164287	-1.18608725115575	0	10.3174249430336	10.4175006496328	18.8579558010365	40.5527619784006	17.9889074834818	27.0121176648338	22.4233218677646	24.5864370884619	52.8944594712839	17.3935325628778	14.0513492499843	9.22834052426066	22.4531641133211	32.511112530804	10.5844648903147	21.1175467825595	30.1968807960548	56.8757324133023	600.582783749015	1642.27858174672	200.99753297625	44.6525238727369	36.4068097404884	39.6199980664836	35.9399443838208	59.0143374384029	172.912447897235	83.4692913873386	52.6739484676869	52.3847179729168	75.7999450489547	45.5271847617361	73.7910691594843	79.0865762055311	47.5671774716507	119.969980851223	87.4440582185215	124.968727288087	70.7381571962288	-50.4259767970431	41.713738045756
701.63	12.2904121634148	10.5103367699366	12.3841202484818	32.6447296077161	19.4339105234646	14.1935356909448	15.5760763228846	9.95925002701886	16.2925894276514	13.9675577087528	22.1275233599469	32.2833025595744	25.2677540646575	20.648325396978	19.7211993137558	20.2724861352472	26.6554271409374	43.9727349404889	23.4655756386889	32.9079031405979	40.8941519522325	35.4978354209044	32.507094645233	27.9183217407755	36.4580625736474	33.1576396531969	34.2293221626465	55.8089049337781	64.5715336700001	116.888080997736	1304.38075708833	937.411694148707	68.7767702620211	37.2138911222345	44.442788561422	55.4461919776417	47.0293584365964	130.925625696329	196.588409059731	59.3856349327708	84.656539906207	67.2332959917443	82.4208667374321	107.125293021942	130.894985081373	137.951194764267	136.125472048765	183.828213986643	220.452361328833	162.428138947852	383.421667880802	330.530939409819	483.750460593569
706.367	-4.14586556401062	-14.7981967368629	-5.84846592567608	-11.0118894734824	-6.78160083525679	-9.36750729352847	3.7642050171171	1.02842016235982	-10.6821732934677	-0.815470787830574	-3.0260152394828	-9.69327091449046	3.00827641034888	-5.13225277649637	-19.2446083823343	6.36680496534021	-0.374647787804884	17.7209732883978	-8.2033670993985	-4.10572523871531	-2.2491240320972	5.91671981999882	5.90447939534871	16.7878119811372	5.82547392186371	6.03230936616572	17.8783160534091	30.4679888601519	40.8405085858343	476.457706395944	1490.23034211926	228.240925225079	-4.41907367485107	18.4531786121613	29.3315319775796	12.3772480141486	29.6907721176058	138.979230377407	88.962076112531	14.1096860550852	16.798107667842	24.2994471945991	34.3048631275757	28.6507327704279	67.1385402744843	1.09065029007003	-6.55979287463956	-50.8799067896278	6.08433821174994	28.3402252322809	-67.6767481102692	-154.379645279861	-1383.49290045087
711.106	-23.043134216988	-1.40198613224125	3.79944430187024	5.56410725121673	-15.0771254726059	-14.1996926276624	-0.475496064531969	-2.7021383116503	7.27490164053665	8.79024088214206	-0.917394242478207	5.44203700244008	18.2403275609991	5.18646776423735	15.8464373924015	13.94046604144	-3.78605411504957	3.18367471885834	27.4879745277092	4.61010712855236	-1.81830627574147	0	17.4743518889254	6.62054691030547	12.9514259820052	4.19102212242508	16.9379767146002	22.9046371074421	83.2942602693931	1084.37521173144	921.521381407221	20.232628737528	24.9337983850151	23.9761418533922	8.69480424406754	21.6805266147806	41.9179300780615	127.338930006289	52.3604091353228	20.5959504416079	41.3071860323922	9.82245458686168	34.6672454604247	24.2582433443289	50.4273921192227	51.8020589473377	38.4487092594421	33.7426562830893	-59.4365694695661	-20.0477197245837	-4.55944381214392	-156.010447763837	-817.355180219103
715.845	-11.1251378617487	2.36368555528139	7.25978447928451	-13.6692160479575	12.4785926276071	-5.10720918279529	9.1389807286105	3.57445947667994	6.40953362081544	6.39110375126806	-10.8267979882531	7.34002367536171	6.53487900483352	-1.49899737506116	1.82157140757093	3.97743054591836	0.382987016096238	11.271817974879	2.20683279041535	4.19711395414809	-2.75902433140276	8.20856889958664	24.1436252270521	11.3014685911136	15.0863603981442	10.4061064930555	32.3642224213177	44.8201000246237	361.703103844902	1338.76636367986	269.207330971755	20.0946578783834	31.998513256353	14.2441883531724	35.5815094781689	31.2101198748574	75.8791362785073	96.1358928061702	7.49524198954385	24.5737987107408	40.6404336040519	32.2924223759267	81.8263830379599	32.454785635975	33.3890109051205	30.1030265557868	0	50.3870463274332	35.2453552485978	-20.2797322054427	27.673261833162	-26.3026597319373	-304.615846577043
720.586	5.84208243027507	16.5873355347999	14.5560189496875	-4.43349542360041	14.5949054330084	8.32004930845297	15.1895043635003	9.06397712232389	-2.37986079363009	16.1571558433018	23.878750787197	-1.10376751556387	17.341634632326	8.26518255641788	10.5916368739546	13.7747081096423	-5.37527855789923	19.3716253668735	4.86722023339839	27.5834860071287	23.9715718534466	2.16557255995142	3.88996641839683	9.65134505622984	13.5322087108234	24.7282489588803	57.6384226624067	78.0609017290337	907.859542612339	886.97102492719	38.3949785597129	18.2798162275996	25.285675827506	24.3145043983159	38.0756087487479	37.2079101512924	112.762030282066	78.3361744296948	45.5852856774117	25.1710429915848	35.0040832309284	23.0349828551715	67.5556002943346	61.1046839321949	65.0860599434129	50.2976622147331	63.1928215994039	63.5492899870228	18.7061481247207	5.80875501035543	-32.3665217329344	79.1060701411471	-523.509523827886
725.329	-15.0525144927074	-6.71603032612813	-8.6670183945546	1.22391388406407	16.5320184106237	-10.3652207995062	-2.6845516622327	-1.28019941046631	-4.57700284865765	-18.3284738580245	-11.3005454407629	0.372419472874844	-4.68095850801312	-16.3521270427253	4.43631482457653	-1.46769166156969	-6.6069023543647	-2.45104961171596	-15.2280136358676	-10.4110815446667	-5.59951538357539	0.876816590316845	-3.50001057919065	-2.97326811959646	-0.805741612600585	33.6347240620191	36.3194297489589	275.588932078675	1184.70598378394	270.944147653094	8.30110510798951	12.0837505396118	19.1005465646098	19.9237496406422	16.6334805356417	9.8436569234353	100.099209322351	36.5231337978875	16.732978604435	22.7681986148537	16.8446851591629	2.52070595849674	32.7951156733521	12.0490016342175	14.1174815312439	49.7810428209156	-2.72192348298091	3.29877062596511	-27.3502461453242	32.3386418792404	88.9257668043291	-62.2789623401248	-1015.65732313994
730.072	-5.9503141867151	-16.8946363099975	-1.74419848103901	3.69460748839823	0	-2.60744259892935	-1.96455982202345	-2.14695312496904	0	8.51197604020363	6.63303654285557	6.74529699135284	0	8.0356549831829	10.4158647921127	8.86099042440663	8.60335488405093	12.3315678330401	19.3788939266928	16.1900531428343	18.3117560107811	7.49935433995456	18.0492606551186	13.2493300263597	12.56677043296	25.1863701597446	43.9324881858635	757.06249798049	847.945146198705	19.1723950164564	33.0315288037436	5.31956351072719	23.4477845793229	18.0823520912064	22.0439403620424	98.6189343453358	74.7443572092832	21.2766528878552	33.1641493678567	38.1833132920056	14.6117118400832	23.4617342205855	23.8718686483107	30.714227080385	45.4572748724986	47.8141890041966	52.038611884422	139.411178696827	21.1696694522064	35.4982160123094	-122.445704916679	8.95240081167778	-199.953067914445
734.817	23.425041994041	8.2640785040171	21.5177423243873	-2.06709535428245	1.06932612396157	19.0378312504043	6.92465294692884	8.86484464502181	10.2526887198038	12.572641268395	15.9047852451112	14.340915522931	24.9031907319539	6.16576090232414	25.1001787866369	30.4894498315775	21.6607034321223	16.1445653919812	34.9474880472925	24.4570596752213	27.8985805616508	31.9869004824755	32.8074132896443	41.3207472836238	44.4993016609485	59.0522685519554	265.07009637931	1095.98420847125	341.892250458891	37.4578467203007	25.2358575628569	37.1179862715363	28.6462917079823	22.9609468422788	50.5667787735881	117.966430073831	54.1603273383952	54.5422895408959	59.6043841331104	53.2858643652395	60.0379661730731	56.1960472080347	63.6377356777947	76.5153479785091	51.5015890198774	84.8406394449926	96.5394580880822	90.2561455490335	132.181439228285	101.290545189816	237.140058150156	793.390324628453	715.978944440959
739.563	1.65326467851109	-18.1951837909395	-21.7673676497753	-6.69144171212617	-18.7500087973574	5.31274134022195	3.00213651474686	3.28086032283853	0.493887105100457	-0.578113423146716	3.53964493915843	-16.7979068038309	-8.39736344304346	-17.1525456314169	1.13692672942818	-6.77044868059405	5.5775967509847	10.0503735335526	-2.75477225473972	1.45534022044375	10.0452002939787	-4.04474719212117	-1.34545982581718	6.53126647279219	23.5402333325341	47.3087567365835	658.678558738144	800.112153939608	24.4785703867753	26.1730953067452	0.386797218135867	-1.54839540513655	13.7061015336267	13.6160120355711	46.1628237281579	85.9913593334057	24.1441447896703	27.0948805894317	13.5145868547407	48.9026239904886	25.0083074825579	16.1499921363076	10.7293318541123	4.94061672809196	12.5423648901927	8.11856857609849	55.8053733448397	-3.38159995150504	15.0968394611307	-75.3423583634862	119.945548943424	-82.0835153099244	-452.678093448291
744.31	34.5328564400837	-8.94637109989973	-10.3265998734529	-12.2579373015731	5.83092957331257	-1.00679169699296	9.861284283814	2.43169358260176	3.99334981180172	1.1685915190342	-2.92704369514731	18.1351031452075	8.89131542422323	0	3.83028335668508	13.6857035166793	-2.81862174394595	6.77190138601039	0.928077249454262	-0.490301202390037	0	15.4435618213281	10.425502508124	22.4437799144903	48.8361535422975	181.938893811774	969.560909200439	323.866759067031	29.1297597006346	31.9804804473477	26.1925526638284	24.6480242813826	22.9558604012869	26.7137357874765	93.7333052837388	80.2596014665362	28.6258241705216	36.8447787308305	14.1844620939919	35.384227719704	35.5064050274715	56.8029956959038	20.9652042615795	21.6382903103658	58.5068896350141	21.0995702434446	53.582047420501	23.924339118525	117.706768753025	27.4133046333833	344.288215414732	239.666021702981	-915.038052527615
749.058	15.1921950880115	-2.00840061650626	7.2571390950528	9.3941616577736	10.6765702518475	17.2903783824916	4.59787677533805	7.81628090171829	-2.52135108782887	15.9372156586918	17.0846462439338	13.253086726737	-3.26624888402272	8.75657394983228	7.7388575011622	10.7532219216627	20.3387713078761	18.8130526040161	15.0009947876295	11.392177555274	28.8155524034335	27.0730082970239	21.5220169872514	48.4583111269813	45.5402379054277	571.043729895774	781.311166648398	77.8607855275454	43.1334077038507	10.3702508981598	23.3008082300684	18.5761355929509	33.1863603570224	46.2045861894345	73.8846580588712	58.2341481728359	42.6664613082872	41.7482500705463	39.2732441478974	56.7394501343421	37.6931412128227	34.2981963397044	41.6286096956729	45.4003609729708	65.0153113378011	65.1298000509512	51.2807253329602	89.7699965580074	39.636576264959	153.85259931476	186.150135333366	242.115402061925	554.633830232921
753.808	5.73509927381749	19.9590164943405	20.341469147703	18.2796894923819	1.87623807019815	-5.18334069902875	2.08285475029099	10.9259076925754	5.13981508458831	1.50408669420924	6.36268500571199	5.16494439788662	21.6394793001126	15.4162701026102	3.15515730545913	0	14.9259294617645	15.6889279837526	21.9792105250883	12.1164201956209	31.3617048099692	21.5142649036132	20.069554991557	46.6727269442679	176.643449404845	913.324476527021	333.876693233453	38.2409432340294	23.4201150273201	15.0418694581059	29.7875558074126	19.3367252832632	37.0857528741657	53.7626326621793	67.9499039561365	43.3752664362336	27.0592850437047	32.8113676548617	29.7517093429647	37.5908940279434	34.081406310264	31.5972998689306	69.2283809557332	37.7052997690723	68.2754858244836	73.6259761421937	65.3353689236564	-7.03836899619132	56.1109746905076	213.269092873773	279.609525202253	294.2354113071	518.205443319775
758.558	-19.8538682465268	-15.6322345736235	-8.47280913988849	-6.20401498585239	-17.1931610738494	-18.2956194756114	0	1.62233152814627	-9.15821472616218	-7.35088088257145	-6.81933611425253	-9.30412235211467	1.27113008010571	-3.30453974582819	-0.401565420749102	-20.3263878164146	-9.28724373818179	-16.4179062480693	3.40547405402816	-1.02805975588157	-7.09598073147485	0	0.475219842291004	13.3797878679872	504.99467928797	729.84018700239	54.5594163167646	6.69870586279388	8.36699370692174	-13.6596417624397	-8.19706584205819	9.43397681258289	19.9173806590645	49.2236806740642	31.2876411660166	-5.57859810331757	16.2355688231078	6.7859864805096	8.81240593519159	10.5990534373133	5.67835585107609	27.3802483953821	-2.27377642665873	11.3427497963144	21.4684386187778	11.060353782503	-41.3922604326133	-78.8297220604001	11.4262332955635	-60.6733379747607	66.0895151705773	-77.3122852659076	-767.457874725379
763.31	-0.595628232514258	1.59452054655794	3.36094971575532	-5.42419263925688	1.55887849492685	7.17765909342704	12.9790997602798	-1.18200858012546	-0.800706010860123	-20.9320615326648	-7.65145165045572	3.71363437168125	-7.34728217070076	6.74139899426933	4.50565619567418	13.4156904115339	-8.61198401039242	-1.81044399656841	7.93978193762725	-8.91346043141642	1.55101037552887	36.4304284172424	-6.30154402318568	125.182010727216	851.217890877587	350.126539066589	21.8326069255937	12.8115370557717	27.7371515737333	9.28874642382931	14.2140029543803	7.11254367638345	33.4369868215875	47.1793170487887	27.8686043123658	9.48381079155714	14.5532712335759	13.8436956288954	32.0227351750044	22.2231366720626	10.940522756474	26.5320034759868	39.4280898419775	60.5191708358256	-6.25664439334111	62.6766203134809	-10.5552423451416	-29.2392587108197	-23.3099927892359	123.776141630127	93.3406401808833	-19.7150360649404	-684.970166031542
768.062	9.01801003543924	2.14591757529699	16.4773388238503	24.6372255300054	7.86731339219176	4.70912658057046	1.63756581566405	10.9762157928024	7.27377358614403	5.04546691822327	8.77617645040073	10.4121597393083	-5.23483773200936	17.0111714166061	3.30749755561254	14.7722200660598	11.3003201425169	14.1622083035153	21.5377944609471	7.40917129480785	16.1770497997825	32.8489882716751	27.8883396004213	474.061851128914	753.754939596965	81.3524795916578	17.2838142907665	7.758837706578	12.9215299380009	23.0129538419799	2.53182051742902	14.3581710312543	54.6832341964524	58.9797735449086	25.860836336337	25.367223489765	36.9768290939949	40.3073399240874	39.6940843660073	34.5559366420796	50.6673202442457	46.5130228272988	17.1673168369208	68.2718747918842	32.6284238737271	89.8334533042152	59.3579585666477	86.693874650544	91.7594763483974	95.3444729171698	136.086736172733	467.637810451722	1061.75975711472
772.815	-0.600817739278625	4.28910150199918	-19.3727573180561	-9.11908631656986	-16.1177198637463	-7.96421516284404	-1.09101518785271	3.33845965591527	-10.4998697797346	-1.2605633125403	-5.26235192281522	9.98930668898413	3.48766896385818	8.50016814644346	2.06586929539818	3.2806246719389	5.6465612489372	14.6097422483445	2.50279955144686	13.7511253006441	21.9033332400155	3.42979787579781	106.592730621526	781.371540765636	337.240201085225	13.1130101303968	29.3637693660534	4.73849186532848	-0.860886645153601	11.9250423356371	6.32551973868002	24.4777497474086	57.2100481119329	50.2100280746015	4.080689130375	4.30489800821679	0	27.3915332201253	2.26678866000662	16.964034083201	39.5992042968669	37.3275761743693	1.55967111433444	57.4554859711911	33.6595008736427	17.7023561253223	-10.6472065915616	-14.7470052272892	115.214115765547	52.5703415451314	83.6923426839527	159.094451897735	-98.7054398227994
777.57	-7.96984705534734	-10.3942659837352	-21.7444291784613	3.25674127964224	-2.80790024360403	1.84694599194496	-9.18435438567294	-2.18990106159354	-3.29658622842896	-5.7881671626993	-7.87544672959523	-0.849411211346271	-16.4592818344543	-12.1428167364186	6.74553977171387	-3.7659361910572	4.87525419026369	-14.9075557457553	-18.8982537594229	-7.01571812498767	9.57849580514534	25.9978670628691	375.690279556089	692.187695981763	59.7261832256225	4.46010445611375	1.32186783298722	14.9448052271776	4.39217730034142	10.8644012017506	3.44238016970019	29.2830492273664	49.2277341048407	8.01916255385165	28.2218009747147	12.2018098810734	18.0784848607861	27.9498981911879	40.4774335113726	23.4919241358596	29.8080129446315	-10.7797594057368	10.3445183333079	-0.916042063592927	38.6388402176028	-29.6752756508137	3.10407012960847	-22.5714251598452	-7.19771678102189	0	58.7113836066642	-314.528956414396	302.152527037446
782.325	-7.47008585246112	8.33238246477281	5.51983037708117	-13.70001141496	7.33151709928824	4.12586096723696	1.13040064493103	-3.45897746442034	5.02103687937895	-6.53034713603055	-11.6316200639753	2.58747972745132	-12.1958095575286	3.52280909074167	-2.56853617789591	5.94834563340177	1.80012342167684	-1.41910794216709	8.81671060054934	24.1112190238242	25.3957111279568	85.2867114728012	715.838176819072	351.178217706719	10.7296846522974	8.60471208207682	23.2652559896008	3.57058224817033	5.35178701302655	4.41269081216424	6.55386989268309	32.3576383541242	42.4659014848253	-2.26185222994177	39.9311233211768	23.2926990419835	3.14690004124349	0.556477701351698	8.80732250014662	11.9268650739886	14.12464428319	11.6755004173622	43.6313241420917	8.37135266421549	10.898313423834	-18.3414080790639	42.5503371223305	-1.90992119144306	158.352370101076	44.2553488502335	-146.32923642899	206.047167161924	-332.373238931582
787.081	-3.19606626364301	-5.13359815470209	9.27485173042501	-7.2763840578253	0	3.46629752341283	-3.48221093392296	-10.401715643564	3.15075776195061	16.7640018470218	4.85215879468014	4.87101889371034	6.95728112625639	1.80867500222341	-2.63746746281317	6.54426447834735	-1.84843296916684	-7.77169202369374	19.7042909660983	21.9448452270823	52.7093364834857	351.344700541267	694.473028675487	71.2114607962414	7.18541414676823	29.7621389357882	27.1055314626309	26.123137337997	6.41131380937535	20.390009855856	16.1514114501957	54.7780226485951	26.7992444414851	19.9739566590911	27.0135743531904	18.3200173936344	27.4664984596735	18.2851769810582	37.9834678833314	24.4938878702316	9.66913633306394	27.7241773673147	35.6758650612043	11.4613506123889	27.97697313188	-20.1788922117572	4.85469465525218	96.0976906121102	182.614599408158	31.4605527780532	-16.6951382772039	-126.946087940154	761.346084121905
791.838	-8.30165284189879	-6.26826705697175	12.8691518219204	-3.39232802232148	6.68525839603876	2.6933749256338	1.15960282675188	0	6.29535833956894	8.37381090563924	8.20332238121193	-2.65432333179428	6.02375210329561	1.80690775348085	10.9787100185037	-6.53787010503199	-3.2315970278933	-12.1314036501295	10.1085330199483	13.4913249298757	96.4469809236766	661.903239397967	368.984320613239	6.05462811720927	3.34991687744313	13.0082130827812	4.13070204840513	5.95208706831475	4.11753171959989	10.8640463268948	39.4426510474439	52.0331304562044	16.7898844653922	10.2092484692986	26.0233516638305	23.3860383654297	10.2226188260785	23.9758451775741	24.092923426357	27.6896859157848	47.608465541497	0.748569951084799	26.5235395895096	31.4879173809176	25.713665993102	88.7003722043638	16.1665038450316	105.800099468905	137.451906983351	-6.9844028453704	116.751778694356	359.329140111731	78.6829837306707
796.596	14.3112524995707	2.90240863800104	-6.29252441675619	-11.3543266312857	4.68192711057289	15.678066838356	14.1750388876577	-5.93824551256293	1.74897166231179	13.6482471971674	-9.4960032506334	25.2362225586746	2.36008416272543	5.98209202996187	2.68408523777954	21.7557899103296	0.940552199319619	11.8635873963252	1.62588391824299	23.4779927796793	332.574105443173	659.407423796194	114.350235128551	23.1287674084893	19.0122862964401	7.57204770187827	39.7405646905673	6.52961697556244	11.1850887217575	20.7504074358923	46.5711909952865	38.8395902123515	13.4053367783881	20.3270004140758	25.0364872155603	13.9828705762507	37.8173771538893	17.4453480103419	0.613568784442097	29.5186053915151	12.6514803709116	32.0269386438838	40.5281226949003	32.0758138813279	60.3595202884476	32.8568931910475	75.7543697155594	167.650691794351	188.388135284642	42.6888326141414	67.9609129960369	0	-80.1520377242236
801.355	36.5012307224325	0.501103852304488	19.464861003847	27.7004032885698	13.9622287037374	7.44379473756501	9.68736818442419	4.68046277821823	10.0653921950773	3.53457598535204	24.9203206505467	5.83534810422154	3.66723873819208	26.614831949865	21.2396291946735	20.6972060830465	11.7730799531873	6.82753543455077	26.6675012593325	76.1267022190828	526.424484077719	338.42803309443	21.0223048859693	2.2184475595167	16.833286599423	4.90245699326021	21.3909545844625	17.7154233480206	26.955176643456	30.6509562226318	64.6398304681916	18.5392755410543	29.1300868336277	28.9735944586193	12.2896751691256	14.7531820493335	23.1834242089233	55.2192184802933	44.4919797147443	37.9399987436958	27.3036395883969	32.2553237487261	36.4438660804242	25.1723746885891	62.9200518442079	91.0007910015027	119.417598006327	205.02754574184	101.092479169023	73.7027108907055	141.780056257153	492.563612975879	1199.32212283112
806.114	-20.7776236420001	-1.00220770460898	-19.0121898177111	-7.67088091068087	-10.2879579922276	-3.72189736878251	-8.41271447594732	-5.34910031796369	-12.0784706340928	-5.00731597924872	-10.8206655456321	7.78046413896205	-4.48218068001254	-13.1087978260529	1.15852522880037	-1.91640797065246	-6.49549238796539	10.6680241164856	6.08206169072495	201.191998721862	496.203819251035	72.8146918295187	0.457006627955854	-7.09903219045343	7.57497896974036	-4.08538082771684	6.45764666700755	-9.66295818982943	-4.82779283166376	13.932252828469	18.1306841557123	4.73343205303515	-1.9952114269608	5.7131031326855	2.1189095119182	-4.47066122707075	3.3119177441319	13.0518152771602	-10.063662078335	5.09641774169049	10.9214558353587	1.97481573971793	0	-5.87355409400413	10.8143839107232	-18.9092552730395	24.1678472155662	153.339929168267	-32.964938859464	-46.0641943066909	-92.8903816857208	-9.29365307501658	-1614.47208842651
810.875	-0.561557395729732	17.5386348306571	9.05342372271955	2.55696030356029	6.24626020956675	8.79721196257683	10.4521604095103	3.34318769872731	-0.251634804876933	9.7200839597181	2.29529269149773	-5.44632489727344	9.37183233093531	8.34196225294275	7.72350152533581	14.5647005769587	1.62387309699135	10.2413031518262	40.7030282379285	412.764911382689	314.879830290932	43.9635875197094	11.8821723268522	11.5359273094868	-0.841664329971151	8.57929973820536	14.126102084079	18.9232931217493	12.87411421777	23.4857976251334	22.072137233041	6.3112427373802	28.3320022628433	7.7534971086446	22.460440826333	23.2474383807679	17.9789820395732	28.6135950306975	28.6019869594785	24.9158200704868	41.8655807022085	32.9135956619654	-0.728877321608483	44.4711952831741	42.2744098328272	13.0001130002147	156.380187865428	143.002405853552	65.9298777189281	92.1283886133818	34.2227722000024	0	-138.38332186513
815.635	-10.1080331231352	-9.01986934148078	-0.905342372271955	-0.426160050593382	6.24626020956675	-7.10544043131206	-4.84368409221209	-7.13213375728492	-7.80067895118491	-2.65093198901403	9.18117076599091	0.389023206948103	-6.92700650547393	-4.76683557311014	5.79262614400186	5.74922391195737	0.811936548495674	14.5085127984204	133.805357195949	479.005028897995	111.134057749741	-18.7761155032092	1.82802651182342	8.87379023806679	2.94582515489903	3.26830466217347	-2.42161750012783	-7.24721864237207	21.7250677424869	30.6509562226318	20.8897013098424	6.70569540846647	15.1636068449021	3.26463036153457	22.0366589239493	21.9062400126467	3.3119177441319	6.02391474330473	-5.8263306769308	30.5785064501429	-5.46072791767937	15.1402540045041	24.05295161308	25.1723746885891	30.4769001120382	10.6364560910847	109.4661315058	103.375233147146	21.9766259063094	187.327723513876	112.446251514294	120.817489975215	-322.894417685302
820.397	-7.30024614448651	14.5320117168301	9.05342372271955	2.55696030356029	-2.20456242690591	-1.69177153126478	-3.05916890034448	6.46349621753946	-2.26471324389239	-3.82912398413137	-4.9184843389237	1.16706962084431	28.1154969928059	2.38341778655507	1.15852522880037	0.383281594130491	8.11936548495674	29.0170255968408	349.016770867755	301.540833465198	18.5223429582901	6.41135651329096	10.5111524429846	12.8669958451969	-1.26249649495673	-2.04269041385842	5.24683791694364	6.44197212655295	6.43705710888501	24.2819263581888	7.48876084692463	-5.52233739520768	10.3750994201962	23.6685701211256	11.0183294619747	8.04719020872735	12.3014087639185	20.0797158110158	9.53399565315949	32.8435810020054	16.3821837530381	17.7733416574613	8.7465278593018	-5.87355409400413	16.7131387711177	66.1823934556383	153.536911722421	6.89168220980976	50.5462395845115	9.21283886133818	-4.8889674571432	594.793796801061	-253.702756752738
825.159	18.5313940590811	16.5364271260481	22.6335593067989	0.852320101186763	-6.24626020956675	14.88758947513	10.9620218929011	4.90334195813338	4.78106129266172	7.06915197070407	-5.57428225078019	6.61339451811775	18.3361936909604	5.16407187086932	2.31705045760074	12.2650110121757	8.52533375920457	125.88268457453	401.416071587847	136.434868912122	20.9594933475388	11.9068049532546	5.48407953547025	19.9660280356503	-13.887461444524	19.2012898902691	5.24683791694364	-3.62360932118604	31.3806534058144	24.6799907247165	24.8311543871712	27.2172343049521	35.5147633999022	4.08078795191821	24.5793503382512	20.5650416445255	25.5490797404461	11.5458365913341	40.2546483133401	32.2773123640397	20.022669031491	30.2805080090082	29.1550928643393	13.4252665005809	85.5319454757201	111.091874729107	169.174930508963	56.8563782309305	120.871442484702	110.554066336058	-127.113153885723	241.634979950431	-392.086078617867
