Wavelength	500	495	490	485	480	475	470	465	460	455	450	445	440	435	430	425	420	415	410	405	400	395	390	385	380	375	370	365	360	355	350	345	340	335	330	325	320	315	310	305	300	295	290	285	280	275	270	265	260	255	250	245	240
248.336	24.7647375416844	10.5424736601876	-6.80561585299399	4.69516429662599	-6.26211941769476	-12.8908925923662	7.15060321948365	6.25717862506036	-0.505007255991245	12.1146787237401	14.1415554013277	14.8232936100474	10.6273393562028	8.36845450612112	8.91405082293719	18.8539686063147	7.3331523676715	17.1284661631263	3.75430213478046	-0.992075046172527	11.7317698027949	1.83686068302168	11.45562625787	4.8924813325122	13.0740283986577	20.4925923738972	16.9837349271153	10.0864056148907	10.4802518264253	17.5480128148748	14.6206514711855	17.0017145393072	14.3976923772268	19.1971030990072	40.3379551743471	50.6455781965389	61.6209002758335	75.4372202222422	68.9694606215038	81.6992266194129	89.9682296652403	139.875479765745	455.069552051463	811.532099720613	1052.02223240245	1156.94950977013	1056.8733764377	1095.92759018733	1261.00750070045	2691.52560904681	56731.4923012124	187035.514899225	66140.2053259497
252.814	2.69643943935605	5.4114713753154	1.63022313970857	1.02243976237332	-8.82372665272352	-2.84411438842695	-1.52934081561119	-15.2561518793445	4.83879509053085	-1.4155905739614	-15.3618300772703	-3.73766804415339	19.5821700854208	-1.90913035214326	-17.63926531864	4.60846534254791	11.7105979679292	12.8217739997767	-6.18274798743254	22.5760393321653	-12.294792740621	9.90007212098562	9.3299082977976	-3.72892937765464	-9.09221844779381	2.45440669897975	7.74914025484505	0	5.3105644229675	-1.91066647715158	7.09914236712485	10.4182931030392	10.5381092438283	34.2440802056444	25.4278654238245	59.5848287002686	99.9187473387845	84.9303974677315	95.9489111816412	108.723909952713	156.536473444945	464.657210094641	858.239236487756	1166.37062933736	1238.77545143687	1284.98384164018	1281.17547249487	1349.80472077387	2738.59758997464	51375.5694079417	203913.083063034	85391.0233029032	3651.03572566363
257.296	8.67057996928965	-2.9745205718492	18.2801111492336	9.61026697120565	16.1509432302492	3.6179756974802	4.23678501198402	2.11852820981819	1.79532308599949	-7.35311032248796	10.5224344865633	-16.6413041311117	17.4372279233512	8.9722901251123	-0.459273103485731	13.6789164504127	11.586524600625	6.08924532580479	-2.22445163392048	18.8099764223948	17.9571631127324	0.544176733909937	1.62901027985963	26.880070958095	2.49885742166873	-8.7422484515286	10.5421777870116	21.9926718664066	3.82130849639096	25.5207109597138	13.5795926006712	8.43374590333556	26.0661458817206	29.5251027045507	50.8200853572445	67.4513356317006	78.0770200979207	70.3234498357128	138.312012560573	149.928452712702	376.029316285545	830.336229465416	1178.93695712615	1317.44831766063	1305.0261417101	1295.22520251214	1451.58090430984	2298.78412383333	38627.8462292492	179009.631936314	92628.8951806813	4629.23541844063	5555.36125683404
261.781	-7.44476929403898	7.84773063280847	7.63803622326648	21.0435725322352	1.32883538500435	-1.63168713805034	-2.45670008784121	9.67387626287602	-6.67986689861161	3.19777615410022	10.2820468234298	3.75256831189196	14.7451760173515	16.292299587281	5.12645867251632	0.462683705631616	6.85841475443236	11.3281416048644	0.564308691067547	-5.96474711568873	12.3438061097756	8.28294908478392	12.6731381518295	3.74379480857278	23.8354356269453	13.3066326247103	30.147625219051	24.2573821531737	-3.87762550172985	7.19356266265612	9.50325760118578	8.08259264759251	35.1067603873997	39.2921082592732	43.3996977613317	79.2242124221332	72.9578726332955	113.691964968133	118.659886094109	307.005017042453	733.903025091695	1117.8775307062	1408.87220578347	1339.89810631602	1366.90074308898	1381.23979565991	2173.49267158554	29353.3645660546	160366.325277051	98820.7330191981	5620.55282699409	3161.53588472572	20854.9891283386
266.271	55.7572654185355	37.4531593835878	43.2818852141281	34.4538245841549	28.8328645488217	37.3402564670631	30.6087869350346	18.5850968349655	16.0585511717496	29.6331139353371	20.5132415320794	19.0834327799777	26.9948149397208	33.6287286831533	35.0763490715226	23.058878100884	33.3832335097747	23.0433997061074	32.1412419640699	50.9599754534593	40.0555304703819	38.1909563372559	32.5044045802437	16.3189849039091	52.096014263096	48.6221350428746	33.6301046796233	33.5537239159121	25.1422384108106	48.7765029571237	40.1123851496877	53.1927377619717	64.5653804480253	80.4264888423811	91.398345758473	116.207549961961	114.785034960084	120.555181964593	310.153558068189	691.808678045008	1109.99918773774	1370.18373539823	1373.08996517032	1367.93488252336	1452.90215130983	2147.81260862388	22191.6596954139	133008.86198717	103682.931695015	7152.32832380248	2792.37964959901	14367.3754395746	30673.1052101627
270.764	3.44383948812954	9.21523326363277	5.55223726127929	-1.04467198528617	9.91715152037804	-4.98164164447851	-6.25038096059639	6.83679211121717	0	10.8477868550902	-12.0737400834553	0.477367621022832	-11.5045829788751	-12.191518931847	-4.26856228905059	-4.70867313233874	-3.48986066416	-2.09609189191086	0	9.71239545045067	-11.3657404973523	6.74356141568635	-0.560751793819695	5.4428746937396	11.8704562067783	-7.52332806278319	17.8146895029518	11.3557572525308	3.94621007721506	39.5323042599275	24.1783605040249	26.6120786274528	47.4737969135965	49.4840090809476	65.9911715720823	74.043800603988	118.333224285161	232.021169689614	584.31607018872	983.823399145355	1356.88842393819	1304.78491971474	1339.03950271308	1365.65549421836	1933.52536206844	16076.8088525213	109695.631189002	106207.627279004	8515.62949310873	2366.67471782462	8286.15476800428	26412.7938043581	10965.1883181955
275.26	20.9005959318831	17.4396253131381	15.7612294853919	17.8954274080584	15.4438790032805	-7.7209175788221	-3.36506343922365	3.74769707325525	-1.51235431227025	8.14088842934818	8.27301745429887	16.3547940966972	9.79257978673255	9.54710903596665	25.9986752354803	6.91375333240893	13.1764339710498	21.5438687859722	32.0427669580204	23.1736828723225	12.2966697101164	4.40070377928301	14.271449915161	18.1147077290429	20.2080144448935	12.764863269477	19.3758081696594	11.1157860314555	25.5911711955314	28.6643725006844	44.0214021238685	60.6247773033464	61.3219958189752	66.5415127561693	91.5542904160709	97.712561949888	199.868002624264	548.216032406459	944.38310483274	1266.82692001088	1315.10711551125	1304.87443833032	1320.36770654775	1821.34718041813	11422.0733467956	89219.2958528893	106613.143519186	10688.4468133279	2164.3232616631	4965.32941020619	21821.191536278	13591.8321319419	2102.43239469006
279.76	-21.6315058238128	10.5241612765563	6.869281034029	-0.497106988492271	6.00609530561072	15.0132511447806	3.56909127459795	0	1.4703793220306	-11.700346447747	0.766038291733042	18.626734778267	11.4249472184585	1.39231973596691	6.31927223605658	10.754982326684	4.27024185446985	1.99484994843705	-3.82585964211628	11.5541043538584	3.41582254991435	-1.06964085514562	1.06733458709908	-8.80596942571912	4.91178659954081	13.8425676541199	-7.06426416973307	15.50608355616	24.4114442197501	35.3004806249701	52.9242363844011	64.928465184994	64.743615679302	45.1911303604161	88.0241896852822	141.456901441267	475.864943929385	876.229299313156	1191.27565505623	1291.79611724401	1251.7035382195	1254.8264739321	1609.54314860706	9223.22322215586	72216.1381564857	86816.1330786855	13126.5917361205	2647.19339142911	3670.26840887172	17154.545824155	17169.8737282599	2236.81713936015	1264.10207111655
284.264	11.8532721583679	15.0241737040223	14.0811396548088	25.5479154813243	6.12445270208985	9.40032792470841	10.4734550918944	4.95397852271805	4.47807339361367	0.982546021308902	7.65511325752603	5.62092859957757	14.9509484069255	17.6680881808846	9.45090837385905	20.0450968792471	3.61253274850131	0	26.528519373875	4.39853568045591	3.25092644651567	17.306081562701	11.1739084930659	5.42291477596469	15.8938916929576	-0.454287198782893	19.721511225574	17.8879269893187	30.8284055202257	47.3001639571176	65.2611723039954	51.7142075181316	63.3913541110355	56.5915324508302	121.897174728125	362.651561952522	758.674491062133	1141.63683284373	1254.31880913559	1169.69329282601	1178.47634875748	1347.82859356411	6185.66922326573	58705.35950859	68762.7168771423	15519.8623758121	2922.32876759652	3284.59655042381	12713.673583553	19347.3071923879	3975.28103549906	1002.41334097407	691.130233151711
288.772	-27.1302210640756	-1.57818871022309	-8.08238513862662	6.70909305507523	-6.56199345612517	7.10957821755117	9.36628008901667	-1.8733760182321	-10.5838106496225	-2.47703691714777	0.344622137149707	-2.04383374943267	5.13980798314959	-11.2746787559978	2.84288804714159	-10.8864156367419	8.96503410634956	-4.0384567843943	-7.86816871333799	-8.31666025732314	-13.3180330015116	-7.69928963522644	26.4092437331368	13.0499537080688	16.7936761674007	7.73061152484061	18.6445126900827	8.03275403289541	35.9030830513274	41.3737521678557	43.891994219537	36.4603962538079	50.2905150055651	101.865997923272	289.658121578438	660.802435902685	1053.01606113556	1144.11239015756	1131.89384573046	1107.00498774663	1183.55274421692	4032.15938897298	48243.37760207	55542.6201862472	17469.124077737	2722.51896410008	3203.04631006526	9026.30808547263	19168.2749415201	6641.20523863715	1252.72985532156	1279.8446135652	967.981292674462
293.283	-7.91474334568151	19.1617237190834	14.583235806207	6.85971131304663	7.39997354494736	9.20006519532393	1.79560347129896	6.50947955278565	-7.10155412447192	-3.56153353681618	5.2853828830348	0.391822040378952	18.4752984281933	-15.2102835037255	1.94645793109772	5.79729908232175	0.409209729671697	-10.3227990220687	7.07063209067661	5.48068652733218	10.3109654913351	12.4539678083328	2.76158125090032	10.7219920620097	-11.4377142379727	11.938579135975	20.7148520693087	34.85159182472	51.4197355580447	45.2669733347478	66.2840779080428	78.2380897391098	81.1464465114687	224.005266823848	560.419691235274	958.443461846935	1144.10584696063	1059.30395975384	1065.25607338857	1083.91122404449	2715.93883783007	41718.5504651481	46186.3044370239	18114.7434435653	2331.0774266454	2835.65793826207	6285.03938196115	17781.0023061422	9858.83626947362	2091.03608357081	1397.65261474792	1217.42608123041	1577.35405074996
297.797	-3.28382444988098	-18.5504502469417	4.41188111238788	0.830110167061352	-6.80571335503825	-8.90657616070878	-4.71830355714729	0.651912644911395	2.45536042121717	-1.72395896230684	-9.91375189870703	-12.8969691170241	-12.7188781807938	-6.58752861439362	-12.0599324905646	-2.24494434362702	3.56540066953963	-22.0689657612843	15.0591618801067	-16.3998953139614	-4.75335137975269	-4.01889227351379	7.12929259026861	-0.432498017076288	-6.56168444878408	3.18833915488144	18.874383650533	16.0852533449153	38.4124558897745	30.6372645182419	43.8043742004149	49.2132291778534	175.782830262202	484.160297852884	850.147435118712	1064.71699337362	1063.81992376006	1030.40173633522	1015.28086219755	2029.7047576575	33880.5897959741	40342.7863051237	20940.1395314858	1763.09118671167	2233.72569390992	4329.67518121376	14739.7438260299	13034.9409746695	3083.71801007774	1937.48787321254	1562.6964515625	1287.38212450534	449.128018857042
302.315	-16.1186378717735	13.4186026155056	9.96162155799117	2.8522144732545	7.38444311140269	1.29534488647642	2.19408368795376	6.18649334486385	6.26710543170905	-1.12827266472703	1.56972927740434	13.0333239229289	9.75477462808489	-11.4123018477869	7.39951569961711	-7.34619962576903	-8.16701830361642	-1.22632552519245	6.71980271513913	-7.57635896760402	18.6654434758973	-4.82208590151399	10.498230398579	28.4470558400457	18.1169995849596	29.3436538521759	31.6536499593802	34.6629052577649	49.6379812969696	61.2952997064657	65.6357238517404	132.104721331722	428.360361843005	790.346653090356	1031.58279646387	1022.98365973912	1000.91187035542	960.175109949143	1594.31536444705	26749.7981938672	36486.4397335281	26334.3324227688	1473.38165917833	1646.53163876654	2722.25161228453	10649.8349438974	14861.5889407487	4499.41307297052	2445.35580344751	1922.60851978206	1767.95409372564	1530.82652601701	1565.22546293336
306.837	-38.0416409755338	-35.3650918408517	-26.34667705073	-21.1291143315959	-6.66263260044746	-10.0110799032419	-9.4813263727198	1.48914985093155	-2.88448781807231	-13.2204349367974	-19.7237329506821	-26.3656998458985	-19.8445482832491	-28.8309795244333	-16.6027345475229	-0.732582493059146	-17.0643881396705	-14.6750917151154	-22.7839621311454	-11.3330188877436	-41.4154265227798	1.31146686528101	-19.6295878903896	-4.23405341641099	17.2637853024254	11.314744085336	8.85383836421816	24.5808125442954	24.9420168101653	44.799907194962	124.136295492162	356.446277934333	685.68388510076	980.235723200582	1000.02258783909	989.853483220106	954.817105390212	1340.03813203875	20097.9107602266	33852.4748439758	32616.225094281	1486.07356614187	1220.35642876524	1731.6285976145	6758.1531273234	14560.2127108915	6126.1146410717	2814.39686807374	2170.41430878769	1805.87479507192	1655.77510061689	1224.8148090169	637.544294764383
311.362	27.8262759116651	-12.887173762423	-9.92143973350026	10.1453914328949	-9.1057655078074	-10.6434891891123	-7.52691536725907	1.48726806234745	-8.88259859579873	-1.12372159300361	0.625359007387093	-5.19230075448088	-1.55446834470493	6.44088546511967	-18.7926547942857	3.29245538940272	5.03537995003769	-12.6209157264757	-5.35415783634397	-20.7509458436921	9.29507668340468	0	9.14889856549545	18.6062931362297	15.6380654852178	31.1736442034994	36.5239894048866	49.8666809025444	60.1684346509378	98.9661017828946	318.589562056437	627.033870890148	955.170090229193	1005.01559680731	968.077536475128	944.712090481684	1200.57583439326	15338.1291752547	31656.8065590016	33853.9289582536	1874.90382554174	988.62737445888	1200.0633160751	4153.69526645423	12574.8653778576	7695.36195397519	3042.93597858378	2582.75703701246	2167.67162922022	1847.51142698603	1895.91233970878	1675.34400563741	1493.04235519621
315.89	-2.13832208673034	3.81456741134792	-5.17117810258733	1.62162405305592	23.7910392740754	12.2437673048948	4.12349666299126	7.21658142347318	7.6744927137807	10.1032854337446	-2.49891099540533	8.15109345358307	16.3054417236434	11.7332881377186	4.78544908013738	-4.02005006768496	12.7692156320897	-8.13430693369033	4.4572943069263	17.9031810728858	20.8928113168063	6.10627473206244	22.6315473621918	19.8548416314535	37.6537002547688	39.7062750024951	45.3208448508559	53.648370233259	101.838521191031	277.658720705645	583.241062122974	956.12514785614	1001.30843022708	946.197327304946	934.030173321696	1112.33237348989	10807.3315317179	30001.3957191007	31649.0383742435	2284.82734204178	891.470205179706	904.282521476438	2263.80431291239	9771.89840032328	8857.23402248999	3053.66754897897	2571.7766367952	2381.8029390406	2123.67880722336	1942.16999525722	1726.47041512588	1797.62714241059	2083.762450517
320.422	3.74805355499614	11.4620201129514	-5.17945558240599	-6.90293406010095	3.1538543129684	-5.80896276825697	-0.728840668974444	-0.637776438574493	4.56402398459326	-0.281096047609792	-4.380094232796	-4.45316774700813	-17.4980804630101	-23.5041391107678	5.89921123122755	-24.8909978258482	5.42591435013646	4.07366373976041	7.58952942988066	-2.35945244847103	7.44044598719845	23.1536141340465	10.4620493403569	26.2334178126795	25.6775981963899	43.2789355256167	59.6269102101434	80.6013673806579	237.364471093512	519.783546685439	891.674567289477	979.471805041651	950.78722999658	917.403771129034	1000.9635670617	7881.93290197352	28293.2986191972	30018.7990974358	3140.79776244353	786.93646833241	799.790671057332	1271.03482629081	6791.16567130046	9212.32023531908	3170.16858186635	2253.07958738809	2350.9599256498	2234.56480908812	1905.15859681914	1775.3598845461	1640.67481598362	1623.11498017729	1406.04491385913
324.958	0	-1.97123119662527	-7.57145658114093	-13.8269499617942	15.548740731157	0.333007285975244	-7.52073430282113	1.31621281393848	-9.91475429866118	10.4420288267338	-13.5591466071165	0.765853060822065	-5.21613587305911	-10.5619491280336	-2.66317467489982	-15.1084890218801	-16.3966981937127	28.1635650054386	-0.460673866410901	-5.35625886219171	-1.439553760159	4.95864771017303	16.6431257311818	42.7874998124205	38.916155152885	36.611930717156	63.9093103481685	213.867366896631	501.336503350239	865.602199732149	994.574599799824	962.953622338564	942.620524664623	972.70909883346	5282.72883813706	27581.801589097	29170.5237335966	4435.74775676891	737.968237472141	708.429939731013	855.718562997683	4271.44551021188	9403.99456096044	3700.02436622853	2029.64669636224	2141.23242320803	2192.39828309288	2144.8463361561	1799.54367609934	1744.2841695396	1827.64184442582	1546.72301825228	2493.67328562352
329.496	-10.6802653583744	-18.5512143282405	-6.34383088704822	9.8046779671354	-5.51837325248248	6.09844747105862	-4.84602487138256	-2.45505143832628	-5.0436507635896	5.31187612712622	0.656910355911177	8.57099386333287	-7.34803294874924	9.5517862557703	-10.4510138442292	-3.45857022306456	9.76510313464129	23.5216921290868	11.717275224878	-14.3667957380138	20.5044899432122	24.7660859590349	18.7633367634631	26.6523269076293	40.8570356409401	54.4409790834836	176.890867636847	441.222781825682	832.925676087701	1009.71921064433	961.368024907513	951.280191445405	951.435902568964	3833.7224590088	26575.6256466462	28051.5145112676	6091.76481257375	728.299159865534	654.906554602782	690.727183560502	2379.30497084506	8431.27796470631	4763.03518323434	1720.94795624584	1922.31968655736	2076.7859799833	2082.60793253982	1980.50322050648	1861.63205022711	1710.05179339172	1575.63788476721	1378.09959821053	1314.66399773692
334.038	-4.52580440772214	-8.57821431247477	-5.92849237445595	4.71927771416322	3.33226609460508	7.84245382179412	14.1179642930179	3.3692754821631	-5.58360958623564	5.93994988878226	-1.32224963532084	-9.0180718511715	4.93011656734226	5.60762213455894	7.01204211498917	8.89527290102497	-13.5131589271551	14.6339693361955	30.1886677910495	3.98868057464477	15.7226957440188	22.6171067586589	25.3318121000958	39.7879203292166	66.9775963810586	153.247916194127	399.135302078602	743.333363727362	1028.69306515787	985.731275208235	969.521670399871	893.398691928351	2810.71330767204	25687.4973395194	26703.8714458763	8101.21158933706	718.949965811805	633.388581188751	614.314402300858	1372.63884330938	6386.94462316228	6019.67167430957	1648.27935153702	1587.44511327979	1875.24657417593	2040.11853319937	2060.17725130139	1903.00313479038	1769.61086362777	1690.06912264502	1787.6583412765	1265.11501754738	2042.67812567742
338.584	-4.5152507114644	-14.5993008204352	-5.45969331554706	6.42037207998838	8.49593320819971	-6.80362265268166	-12.804584269486	0	-16.4585590011885	3.25935420531953	1.31916628929637	-3.52058191172711	-21.3140202512258	18.382078906025	-7.38434026342524	11.189624867458	-17.1584606742065	16.7468804220842	8.94136170817121	-1.9896896971221	-3.43131951832091	30.8533168610245	27.570262907794	43.709254306982	118.417691663198	348.524713530349	678.002062877041	967.35710525514	960.407706334121	929.841773620877	863.441781695917	1994.75430653426	25041.71758297	25574.7597901965	10793.0652285476	674.61285403295	608.898138054177	566.85444758345	833.136314075579	4480.96952578144	6863.99059049622	1890.28286758573	1298.70136518076	1510.37505690788	1771.10693786881	1858.42489324114	1881.11634501621	1747.9956139306	1650.72783791708	1334.07934461549	1621.35428315575	1626.79031993356	1528.43611257051
343.133	6.20277433707618	-28.1658913697561	9.09114136768488	-2.5657929193686	-1.84524769422191	-3.73855971116316	-0.255856757558552	-0.2238890042326	-6.57738424224415	2.96033109973811	2.96540131761457	-3.12653535708166	-0.819017986846432	-22.3576542042753	-3.10634365374814	-10.7938648008401	-3.26528004152855	5.14815924075687	15.9856534410203	34.7876276786404	45.0559718199263	23.4638161054164	33.0539653181955	100.260820240015	299.1529093927	610.179973302582	911.546176519515	946.259117283137	904.200425277687	850.674022867054	1491.72283402843	24681.9983398781	25052.8035452389	13266.2964191728	681.073290089116	566.226798359274	585.069741051725	641.409022055432	2824.53701477089	6703.35153230212	2718.10725227608	1009.38537592181	1251.40557480055	1501.40664000681	1731.98062347951	1818.75516890743	1823.73674898901	1670.31162879895	1527.94782838152	1409.98835821956	1516.78447997292	1513.2084551477	1688.99213937998
347.685	8.49317181103892	17.6761985696571	2.73857740224177	-3.00575616326779	15.5639315363775	-3.41269118486142	4.11057170856505	20.4578274590449	16.0031608110991	7.13406207208576	5.29354127548343	21.5834766205159	5.75674289972701	13.6302078716073	10.1372046759603	-1.54833270841344	8.60666889948338	7.75404978850815	17.9399169177062	6.98618630930576	32.4559125146188	43.4251850812844	92.6557727481828	293.072716289408	564.707275454624	861.316832260047	888.859157910359	894.55203461256	847.099465516199	1259.00021152638	19648.7820715154	24892.6595906754	16245.4890772447	703.459658899334	574.099461996141	598.317368934142	569.836402342146	1672.61067549417	5863.41548166006	3793.83753981122	978.464423384526	981.019770252426	1283.01451211899	1518.58966461244	1701.45927180948	1782.16960971564	1712.31852507216	1609.47956433111	1545.31161154078	1502.54130536894	1301.23182948296	1810.19936451689	2323.21884895074
352.24	-14.9244294656585	-19.9678439321478	16.1952461578157	10.8828202036379	-21.7893238696224	-13.8389366485439	-10.938991272177	-1.36746150273799	-10.3007998926524	-2.71215115819906	5.03110428399996	-5.17187242153811	-7.08669038382128	6.09621900446892	-0.790534089152565	-7.45596116335181	17.8661096873099	-9.60781208355744	40.6819250898315	12.6473016078979	27.4194233640381	74.9341087757168	211.699760287835	498.514185822055	831.424697019009	879.877746662055	852.447665749696	841.87068339537	1068.02361073964	16093.1385305576	25250.5593391826	19959.3538849413	816.986114521709	523.203710664124	536.976519442116	578.682211497827	1030.17610721399	4566.91475978085	4815.01917220961	1183.29247410158	819.600568991581	996.561541940984	1201.620796158	1462.33242338679	1615.41103872	1642.48755533067	1590.65688036085	1482.05241501246	1476.83602650707	1341.09114642985	1374.13431263427	1283.65585731288	1154.06944238295
356.799	0	-11.9071403440882	6.0824133581518	-1.32049198697404	-4.1785106715193	-3.49828992904623	-1.58012813404614	-11.7529558408855	1.04155934637877	-12.4930451032036	-7.12204027056382	16.8953351519302	-22.3400158581295	2.87660619465999	-5.19573543365194	0.396792181540121	22.6865454793591	21.1961081465878	15.4862269055324	30.6917878225908	58.4745228803262	218.309964523131	467.338462841356	795.320161122543	857.216971948533	822.904155035789	788.971746602636	970.660966610377	12425.7977081358	25799.2428463526	23482.2594348279	1045.03124929279	481.3019840993	533.246423887893	539.895561224665	723.3256044218	3148.43254107164	5317.43000249255	1761.12775103662	813.254846659554	843.779414676189	1021.955693338	1281.29889641676	1463.01870468973	1568.40192892912	1508.14537588471	1512.90857280027	1404.24066346132	1270.88859242287	1432.25396159043	1404.60547281266	1442.17899974477	2572.01020396211
361.361	6.42901299503786	-1.04261457277394	16.4897769818295	6.20521323059055	-1.14753051720482	2.8181230069174	11.6683081653833	6.26548725857258	7.60389630383488	2.7614750219854	-7.171641698427	0.405071491960768	10.1866880743318	4.55186334393678	11.6712086463313	14.7835586609445	24.9597815839994	15.1184742673866	38.0105716717501	70.0525588877975	185.782131701997	433.93850126706	782.260148436734	849.815954665139	793.55400669351	787.778059601802	888.106092886242	9812.33619024003	26269.5038576823	25991.3457563583	1393.89837742369	472.163781193034	520.785029071075	567.922378000978	611.557504869206	2000.32271451308	5103.78212421062	2571.47926780326	877.055559772664	826.577709981463	919.092875606503	1026.33255978407	1296.29056453215	1430.4176232405	1543.52429704918	1516.18949941683	1533.79873117054	1405.0596536749	1451.13340094299	1263.14947125266	1521.23009052878	1626.48981713608	1534.76916220841
365.926	-5.8624027172429	-14.6411724850211	-5.67090032845514	1.33374854714022	-9.9756308048565	-8.1268421615909	0.265998534872956	-4.4225089292072	-10.5201567195902	3.38544159263754	2.05529691254502	-11.7829411329086	-8.94056760295601	-3.73562325211485	14.5326350129298	7.6147367923912	14.8518599014922	20.9628794300292	15.641694792309	144.149562715365	372.69877724626	758.602039295098	817.103712457394	799.598331574493	734.038393084052	805.978548154632	7965.13246878247	26337.7353405349	26313.6067119128	1860.17563426636	428.048456608033	455.896734160319	508.628450496307	570.932743593128	1218.00425489052	4330.77122491032	3469.35895394331	1023.03680144852	866.471198613464	870.467971282923	963.05539666779	1031.52798857625	1247.75171572731	1369.08988937412	1467.1830410603	1467.78146727548	1406.44251340236	1371.59934469858	1295.10831433559	1417.76401413735	1541.18471255392	1204.16994277088	1178.64549604725
370.495	-4.07035046803618	23.8579856556843	-0.468736619880923	11.4652668805594	-1.5222469998887	8.06083331639362	13.7195764465291	20.5477011162803	2.60867714952503	2.44214104662721	9.51348125041512	0.80601629429389	4.64511636079884	0	11.2113526331851	18.6834583867184	7.57606025995859	19.4654241227886	122.177852048492	307.481146798706	704.497100878524	827.399814613279	771.647837681981	733.827731491494	759.011913000443	6277.32061230368	26237.5892604594	26177.9983931473	2530.69797879298	405.02468767472	430.695338761322	515.100608120196	596.637153668315	860.414611026511	3212.85644380707	4146.03431030064	1378.03894488761	916.008368984914	931.235594714558	978.282988492219	1032.48079977671	1150.61725372577	1282.14110082094	1345.80618153053	1438.98340734338	1477.88107740809	1397.96200952485	1399.68562879867	1427.82638528891	1393.52224490078	1781.75722602261	1627.83700848904	2266.56846462456
375.067	13.9074075377543	34.6299543424474	7.00682575772927	6.59178834623033	0	15.3675967532382	4.20686444034625	12.1941147539803	17.9378587377837	6.69275013945952	11.8508814694304	34.9409133576627	24.408049804565	35.6943192571995	22.3454540218182	24.5613523512552	48.235849387558	98.7552942701843	281.683672648726	560.751903775344	786.620310117548	756.939981748032	703.412946559328	759.690620607389	5215.31786958108	26484.8987264624	26130.9580121793	3253.70693619697	398.818820141637	432.37196242479	491.050499183505	530.42326751179	686.404110444411	2277.98343317501	4474.80832439517	1971.74100981669	959.937445336653	979.646601331476	1041.09475841057	1076.55116416041	1141.5795485445	1243.79257208783	1349.92012250521	1457.19070314398	1506.03132513417	1474.00864246569	1528.06088130417	1385.97891789617	1425.17297921852	1632.85717572413	1992.52663599438	1823.80746501538	4065.76733099012
379.641	19.5376595673381	-21.4099240141138	17.0994920442355	-14.8166353850177	9.4988102531253	-4.37387317450379	5.82553646734417	-0.664913601371985	2.00346172522503	6.1541882937439	1.63088060695161	16.6361570030427	8.51322155731485	7.11413185654925	5.38144301717176	8.39562091668459	64.6489725073831	181.346758957366	433.789051161134	686.297123003811	699.587534806949	665.866307229115	671.702093867765	4173.02579235763	26228.0749925992	25488.5766326563	3909.11385001212	367.335195914466	370.196916866991	446.968739746	490.281775943386	577.630945610962	1458.50344650206	4014.93719405718	2701.11248189381	1019.27315305911	976.437890360958	1030.00163516429	1093.40853841808	1132.15755813435	1193.75743680679	1268.84034039082	1354.01187661283	1398.7332296613	1402.91560348665	1391.75129311926	1439.51659869668	1391.62467704697	1359.79842873878	1542.41735186937	1924.29557038997	1738.41232106459	2267.52017711308
384.219	-29.9142416767207	-19.2704129750363	-11.1639881299002	-23.5260665311867	-15.2273699579465	-13.0216849965141	-6.03252423708201	-7.47829552973731	-6.46166078703544	-5.23484388668266	4.53168740179266	-4.99123078865731	1.60921613047701	-8.23660889388981	-9.53653184876895	40.5222603264908	108.665249022905	316.941791430237	565.358383038679	613.207354074381	623.534485264483	616.500995780441	3327.06890994938	27463.9768645625	26042.0196710085	4996.44553631977	343.079180006829	320.062392290872	382.056719594525	471.042070656379	516.106237990392	960.445231859048	3294.33031113303	3364.85599340823	1243.31286879581	962.103823806742	1032.9171499642	1104.8206754244	1126.33299700869	1202.83023795769	1210.99166103287	1329.96087654652	1359.51638383741	1393.87446330435	1351.51112180827	1363.66875360758	1355.6535372145	1284.20133105274	1303.95536073548	1497.32893666375	1649.23462778785	1798.58413400429	1568.35654591887
388.801	-5.89056687711583	-1.91058592437773	3.45342089236185	4.06107922117727	5.95805760676075	7.4235319484298	3.64467879885282	5.74073683516043	1.92194503000113	-4.77925627073128	-10.0129501654964	6.68062311812	-3.88896964721258	2.65403934894302	20.6499331249782	99.2108894315329	258.152173292075	463.643416584791	510.7973206399	563.982707600176	602.754755252196	2475.13843411174	27370.9839053466	26567.3400037428	5811.51835089675	335.358023215798	305.868246901939	357.763215520297	434.905377406459	492.151253023494	709.823450450549	2378.65139831936	3702.80818114466	1548.63659550093	982.510492487198	1024.70820486932	1081.92781815997	1126.3781802093	1169.05618794659	1260.45019829052	1285.15309568015	1329.58172356245	1426.10151422654	1436.23727881612	1376.76181967248	1375.68454827528	1394.49762819939	1356.34926137392	1436.38385917279	1526.53989831428	1813.36866872652	1924.9284361098	3054.15221616328
393.385	7.17377041012987	0.457047791162815	17.7616379192456	18.6525292951226	4.02431580663589	5.86801720747281	14.182502483497	3.051758516914	9.42518457272817	5.64918404477587	12.2758328092345	18.4672761074088	16.0014021819356	33.7401724376994	97.3855982291101	219.290297783027	374.23788880337	446.377560028328	489.196233501671	502.62962122831	2110.78403277226	25203.2572777025	26208.9552534137	6988.60517337794	350.171626157746	270.895569562955	325.442720814504	405.144844815426	476.333852368255	578.764610978473	1567.79982210014	3537.03541925456	2047.73656807224	970.547356906241	958.694727893514	1049.47582497855	1120.71457721527	1186.31552845504	1241.32352244369	1303.20005123859	1376.9438160739	1340.72066387272	1379.89556067842	1410.28341892536	1367.60882120542	1406.91784730742	1416.0548486411	1385.84642191887	1500.66326014069	1693.4111182824	1788.69342621535	2223.87912119425	2480.92089571789
397.972	13.3922574875319	7.96351327571877	3.59855094346585	18.807760534463	16.5558534491244	5.97913504190787	14.1786268048592	10.6346513137726	11.1261932838458	-2.34357862034802	9.56426579778711	11.6882368821982	34.2202974005997	69.1832825685608	175.899041239391	317.388744740053	363.694407072183	442.277725852618	447.068324750016	1353.39465081651	22975.5237882451	25402.5508355389	8251.25361402943	370.797333113254	259.05351034872	282.811869415939	387.010467198938	437.331243564896	506.555306497743	1006.95222553185	2948.16806773735	2538.76442932158	1021.4044459408	937.679757013762	1017.81336930775	1054.19423608489	1132.04307144123	1196.65002786088	1234.31605375512	1292.98339425534	1368.7601014272	1349.5526803032	1421.98305498249	1394.78408071088	1376.78403571913	1367.09945992482	1380.76799226982	1349.08939525496	1524.38465133551	1655.4874475138	1891.194680565	2851.08358620304	2727.13286371736
402.562	1.43064905290568	-8.93250624335106	-13.4547310366706	-14.8276651325337	-8.73899033537609	-7.1857185985802	0.432758341980377	-0.946719515871736	-4.27886339817436	-1.25178243351891	0.835950924104885	12.89010708013	47.7926477105989	131.005187833674	256.465592050675	290.805327026939	309.628871968886	362.455567205782	916.120311201587	17138.8589902132	25945.9459151553	10108.8765696816	375.824413754981	243.067565110462	246.205503070298	318.786838031081	358.724796634702	414.656067753642	692.964874193564	2253.20995506386	2861.26902040218	1173.53272714781	859.011853776767	925.74724764268	987.559852904282	1019.99936708037	1071.12093143706	1158.60241412762	1235.2674835581	1271.48702725818	1291.77178784677	1291.36351447066	1288.54995725214	1279.00913449459	1266.10595006014	1259.19900630304	1224.94305163514	1302.91667724714	1361.18361211171	1604.69686178092	1697.88106695635	1895.89179557077	1702.32540934408
407.156	11.349986061782	-12.2327545329121	-3.43100787713325	-5.73827192633964	-9.90433760508052	-0.570075559565968	5.14990151458302	5.25752790414681	12.9419730405126	3.2275607856373	3.59232077011652	42.9373703715251	118.144273694846	247.442010930795	278.430250348656	267.371579979691	310.134038667265	666.709948125284	13606.9897009576	26088.9864559942	11032.1798373926	427.908394707533	227.161052661763	246.277615489165	298.729655529828	348.850520865738	399.911054037017	534.602698828007	1575.2436701119	2978.73045624458	1548.22276555727	870.751675357046	889.166849211985	951.336366237038	1026.79583093592	1072.14516301632	1124.74070403751	1203.47600576728	1253.07583876316	1281.88565885314	1319.84521436247	1337.16827750659	1344.73015164255	1343.27069316087	1308.54471703137	1314.39438030524	1344.00796373122	1393.58850756743	1636.47491255685	1552.53488494944	1980.16446867216	2506.8278637437	1979.22756241252
411.752	-8.83731129530416	-8.29733690930637	14.6226565166515	-7.05461965014027	7.91464192212762	-8.69053646688846	2.11042609386175	5.35554926667869	5.00800049815511	3.17436524900321	25.003571654915	90.2619361073458	211.789410204032	262.793340401437	252.062071703001	281.725345825149	478.070611766026	10188.2767039107	24236.1178530509	12965.79710731	504.141414573743	222.00236058042	220.009006141998	298.821978514088	325.173296003029	370.874108577583	477.86524906659	1125.26729493068	2708.82681233162	1975.50213883211	899.973481673458	850.19208184404	918.13835429964	978.186623644298	1025.66276228113	1070.40081750958	1144.5911866802	1174.91304396616	1252.15236924347	1290.76495022106	1297.58962605773	1317.3105117349	1308.6831448681	1319.04647223668	1284.53565418747	1289.79518745242	1372.47076443055	1500.40801090829	1518.57072245242	1702.54539637686	1870.59870136076	2473.21591946392	2175.61916429735
416.352	8.69790149300155	-4.49154490250418	-5.1663525476491	9.72066487554478	0.898821618024157	1.37958742866296	-3.94655428021467	4.72578218042653	5.33974848425732	22.3506842782834	52.9631423938187	177.676083278058	263.635699616205	219.753342394299	239.25932679295	381.809175447258	7330.31136684066	21803.5154354825	13904.8501787566	657.227073444605	204.359692610732	200.198513042448	248.963178943622	308.940036466939	352.631151642291	407.69293431327	766.665670120339	2210.76610913649	2380.20751306019	1000.06590632217	813.782848726585	848.679057434745	945.616957781466	992.654837071308	1062.32263603507	1094.70790209361	1118.43885496171	1152.28814918628	1215.13899613258	1274.0946458236	1271.18677724337	1317.45883840342	1302.89133043764	1269.51019241593	1241.83871196073	1346.50150997504	1384.41656926669	1482.35384466165	1621.70208932125	1760.84950430286	2044.32692944453	2396.28470068773	1803.1987136559
420.954	1.34558532353696	2.00033239309636	5.06189511070112	-2.7211784911512	11.4484308324275	6.75846914774668	4.68081437084751	7.30152055425533	12.274572945645	51.3326248236187	148.338570173602	208.900423795426	209.445535514814	225.789893732161	326.769769090756	5572.39969580648	20362.9226405352	14503.2911378934	793.959155722636	197.64847520297	192.047272699946	235.673650069887	290.305250034989	354.796644042309	386.504455046586	561.12418840929	1648.63069721339	2504.30406091536	1251.486739309	818.392109446779	827.874527511732	883.509467034968	936.059099798858	981.37296435227	1043.5507554279	1076.86023538034	1084.87088977171	1122.57782793105	1179.15507694795	1219.39759315335	1285.69309545182	1273.47024120233	1284.11575279701	1289.41402824412	1274.81928224637	1329.65744457511	1417.71986451004	1488.14184811745	1552.08410842908	1825.86621599603	2045.94226656711	2035.78072532614	3257.42725052112
425.56	-1.32010161734053	17.6620373531101	12.0603564745618	7.00781226509012	13.823522270406	9.01744216394938	14.9744530115267	9.43450973147023	37.7056164067575	113.888538319505	171.241099667652	193.355009070416	222.096165611734	277.593136545832	4115.43788523652	18862.2348784682	14538.3952063191	992.966700880158	203.994792102846	162.104797215682	206.372158291865	255.982815926549	303.794379751436	371.722845146605	459.637611473227	1137.84374027882	2356.24306358221	1582.50676958032	813.376143129187	800.398360391085	837.837396199339	877.287034307687	957.415889764972	981.627593232912	1024.11917420832	1048.05616849358	1094.71289279503	1074.58086943253	1161.38593946942	1196.74729334477	1214.29279775625	1240.06727512249	1265.50697507986	1273.54139393359	1254.52639934935	1356.321114297	1444.32219067106	1508.53362165646	1698.18599840764	1824.9935949923	2072.31358538245	2186.74333561437	2852.69057574025
430.168	-7.33850528750248	3.46532024864736	4.87171467773731	0	3.10772617734425	7.02491048039041	9.40163795527239	38.3924809082743	84.049471881133	141.639928505606	152.854766085163	198.059984472714	275.560975106995	3072.55230143142	18708.4516061179	14756.9894949474	1193.28862029133	174.065214365703	176.725151422435	205.059990228417	247.067341762473	279.649705593605	348.632713912823	404.233665185278	810.599690778946	1998.28185764555	1825.18973116316	864.261153366383	779.688429686183	815.47950083371	873.447113236042	903.990522723439	949.355082214208	987.106199431099	1016.06737008794	1018.18285853586	1039.74862996043	1068.82986537737	1108.81124279509	1164.8807311673	1157.66210127129	1188.17786565238	1258.27949899849	1260.31929665281	1303.22799774118	1337.8278311759	1396.13541343508	1520.91800371697	1698.00383010246	1849.38138837797	2021.68303325062	2166.66499625154	1824.34674776776
434.779	-6.02868077355885	1.92046516242699	-2.08276668335821	-3.59222882290791	1.12731585313148	0.778634866547997	27.3543175098963	66.6804201919534	122.867759028765	132.702573437403	143.925567860914	214.885350893936	2343.57085711018	18589.8860492355	16065.1001713506	1456.92552649328	167.069122892086	155.619957200489	165.1620498177	220.497597471242	254.690415645581	310.234526743045	362.854385628786	594.487320545765	1635.94571541334	2026.62899667251	996.524169753882	740.525243062833	791.040900145538	842.470829155862	893.98354297467	899.055016694208	960.800535865092	973.752279915966	1009.03196472446	997.516321863924	1021.24639471041	1044.66597721574	1091.07835644344	1126.43468489888	1125.06218315303	1175.67806612686	1174.16460220382	1205.11742486633	1260.84820734287	1334.55288566262	1464.64212343561	1533.04023840565	1709.00089158122	1748.25262160486	2084.20841241186	2104.29545327194	2067.24326687158
439.393	2.99428337610978	7.24920926475344	9.99972314704747	7.78543990088125	10.9181947570509	35.8366990402897	72.0066098511813	116.169047748737	127.615396382371	132.717848122471	186.958031866214	1695.78562340376	16971.8039038509	18032.1952434302	1919.00230271335	159.373829373964	146.141650649878	164.347713702783	195.092406429434	251.451464930031	293.118412752268	335.043553441933	468.397876907802	1215.88005903189	2071.87182180313	1234.11370222564	723.442763923834	763.807561988337	823.457976382725	857.779193940709	896.143636419705	924.023870443429	952.887742702912	977.206549396072	983.923886754179	1006.54774760802	1012.28968755333	1034.27497305188	1071.31907500766	1108.15977744587	1137.90413927107	1156.82357007973	1171.90328374671	1273.79486594902	1287.6443247829	1365.27214446031	1501.44462500213	1589.73435998495	1819.72494806765	1991.72993072891	2081.51127459972	2501.26676772323	2316.75581814096
444.01	-7.61260843156013	8.29900151890241	12.2732224701313	-15.7157141981752	30.4470375213607	65.5107316639353	101.512670783993	112.337970293193	116.497317953899	156.085767049509	1074.47964463577	14013.3388450925	19111.5556567999	2608.99719483824	167.453815629331	134.732556247754	146.633651804756	172.787651494479	216.514774937266	265.383829826666	297.153428928727	385.088327705925	885.92824325434	1867.88672276091	1459.97653491276	734.197804547991	705.851034800388	768.215320665521	829.603042131061	860.975564324379	880.675836259826	937.65093789371	948.734960875733	965.246915528642	958.451486817338	964.867437054853	987.31979875407	1002.56283444348	1036.89257081512	1083.70464016632	1099.92703169551	1119.95840274364	1160.86050810567	1197.47798285569	1266.43705179819	1371.2050838224	1457.72664952357	1592.52564766632	1767.74935087942	1885.92590417985	2032.22675556043	2262.84057438669	2325.29071200067
448.63	-2.49081490785077	2.22169088420994	-3.01181182877159	20.7783566866813	47.5466173961149	83.0704627512565	104.917756843355	116.533043291109	143.406058840412	822.288094942853	11764.6663541173	18140.1795602495	3380.81109884955	155.485820441634	137.213758349328	132.251854022908	160.160186390521	200.558633008932	235.373355602561	270.37598923998	348.64859385376	596.803393573766	1562.8086480501	1638.30283555239	791.35980912487	678.660222619647	702.995666533657	780.258054256927	815.22027742207	865.42031883971	869.707012861774	895.889875507447	909.732922076006	925.181220099002	922.326582480261	922.308999307227	943.619102467701	950.348067467287	978.278792342721	1006.00252200636	1053.66965902138	1080.35840614206	1127.09510827625	1186.5949952941	1224.22916961753	1331.98348202886	1413.02709519578	1649.76577425507	1741.69426836216	1917.07314349547	2012.87822483406	2118.02640943292	1822.57519656566
453.253	-3.69340518390737	10.9811513264428	9.59351065156448	36.4122371339429	86.4831873859997	106.605608930586	100.736140019586	126.440334111177	578.833358282413	9072.28485310049	15111.8420493154	4345.12810182813	180.60393847414	129.587829336649	133.380598020421	148.691437801268	191.890782355264	227.296764570641	268.946050638463	288.97794697937	444.092792961268	1169.54841451196	1732.33141069124	944.021943243152	634.688771164256	673.572271564694	724.718224937284	784.259805084111	814.694882033764	850.559165075245	861.180737660882	881.586918705153	898.724157432959	897.603379683809	870.890188315972	884.942681451547	879.581052013794	907.188434305643	924.903547474635	957.243001263021	1008.35220472444	1023.7189525379	1058.78920255688	1133.14046352061	1226.0003046054	1348.66554964604	1458.10752774663	1628.34266937214	1726.54821574089	1937.76573100486	2061.25802129492	2114.14749304436	2256.32011603015
457.878	-10.9735164510275	6.5252437104374	28.8310093043413	76.1300410278744	96.0241845001949	105.33406644377	129.824993529985	444.088935664808	7576.35919704386	13449.64444545	4286.30302127816	179.150997928337	117.177090249153	119.419449047968	149.167936016895	180.601377274771	208.576531259052	227.272465635856	272.455941987877	360.340861624267	860.924551685321	1660.33154874846	1132.6265257261	622.431074680751	613.045214681886	649.328585102613	718.031410569558	761.849374215501	810.92461655152	838.048700734979	838.335377383475	869.10032892931	859.457326227129	855.336172659508	862.503781078375	851.176922581917	865.292138600588	863.589333769359	909.101171092113	943.518441413313	945.96645393499	1018.62523455059	1043.84623189515	1094.90166927767	1176.49523381441	1308.31486309371	1423.49565001111	1612.66222546437	1706.74378850198	1859.06409357286	1928.19369195226	1905.28057156088	2251.26850358448
462.506	8.4639732671196	31.9953725668416	69.2037631234604	91.3909585185396	88.8947800846983	112.231638639635	412.021402006969	6543.84206192443	11394.7860033868	4998.89249332234	204.419529309623	110.619129190075	108.885005115126	119.56771309656	169.297692953536	193.427289819636	211.217892515393	233.354980572667	276.238995454969	560.170402758038	1420.14024148104	1369.30717253141	642.160500310753	579.989822824441	623.047120510392	656.25500919004	698.449725726474	759.846913691652	779.067683879985	809.944812125172	826.269623593854	813.455548079902	821.951554600223	825.70069966851	813.977836900119	819.38468064033	833.656199748218	828.316263983711	844.173018264345	896.668104315898	908.062411108692	964.795793018131	1026.27244879221	1097.23763951681	1151.19197826034	1289.80183901844	1442.25614178556	1491.72696552053	1731.94730917582	1872.27099388486	1898.123009987	1582.31805191997	843.405903086859
467.137	37.0055234240622	69.9184844186537	79.5482084212217	73.025749755729	107.293197885326	349.9107094942	6978.27263897744	9938.84352344104	5531.05091363155	238.768386542891	108.114570238244	109.209105503542	123.390472034568	154.104684553044	170.42770833239	212.451735514373	232.431127094395	265.800349943007	414.385186219218	1036.62459730264	1398.58235654817	750.921276250234	546.183967173499	565.364752757543	604.37157263756	656.292820252269	701.839745345183	755.295593077838	772.271861058473	784.677179703689	792.27103135303	786.314974433045	783.482796674245	782.54564698842	778.386580887304	781.373561066487	796.221082552369	791.447528852496	819.910002496736	842.721463992144	878.867331367694	906.318987365257	968.263484050996	1026.77024991178	1119.10823537385	1294.29085314527	1366.47424271282	1537.38001098501	1714.53830446159	1824.45708399628	1828.89859385786	2043.31698574119	2432.65960330834
471.771	74.6334044403806	91.9293379624401	79.8988059716923	112.599470714405	265.16132467797	6177.71052109893	11283.8424209249	6318.37192225599	267.861199272446	99.093766608013	100.601766855182	111.116241542373	135.35789591272	154.890979002805	181.641101808985	223.795642106155	236.38183982584	318.159458001424	737.526529696431	1370.5050410333	898.21061825543	516.786293256042	520.815903666346	567.93453144513	603.626493376832	646.130682684515	688.563637455446	724.647470927631	759.334365983088	755.771039095606	749.656106445234	777.012076180365	764.622883332298	767.430061668352	744.171619098539	742.419674711978	740.6197668955	766.733677443967	787.625078533392	821.988808544062	844.894202807682	883.231386762083	934.770420234934	1044.34033317421	1120.97237568958	1268.6717664959	1385.07304673931	1546.28458988683	1682.98382139355	1739.29544409528	2017.81641297171	1916.59132156443	3289.1142428772
476.407	76.2649281164711	61.3625445944086	109.646393988682	247.146646275057	4448.97261911564	14915.479166445	6367.34600278852	303.898499237678	83.2437628423675	83.3780035369135	107.272323236456	119.065141769543	145.029715594739	167.001086745166	198.965002215077	220.106406503169	264.917084502691	512.937781693119	1144.60476770674	1082.69625369661	515.892052628709	472.776403717934	504.722427358911	548.306360664896	577.064354098252	628.352726400304	660.626843456841	695.196619888003	719.61681362823	725.925011156615	725.60065928955	711.121124581151	706.17045123392	694.955834619977	708.810686816631	690.887770836579	692.940583142089	725.013666010444	750.749411523869	768.775023838986	783.792743260268	823.977446987942	903.546223889845	975.05375610344	1057.47379691402	1181.10941728711	1316.19724929248	1411.58525253897	1592.4466275371	1785.28377577504	1758.96968589007	2116.39606213576	8565.03473178442
481.047	81.0021089700911	85.5134133256087	224.595522353917	4838.05236969498	16070.8187374826	7239.79230102111	357.237920640933	86.5407479877902	77.2440838566644	80.1193798960149	92.1464689048644	126.112749680293	155.16321557726	172.330154404025	206.405358174215	243.975639810176	354.056966772681	860.699403728018	1130.54381925663	594.906285246934	449.631845587236	470.926549141424	496.353637116203	538.059951400299	572.950650988692	600.963927480009	629.200302076025	681.628312926538	696.417524487184	689.043415810081	673.643919281928	659.751572256444	672.900239742668	677.000544698539	669.247444536081	654.687532037217	702.943581603065	695.463158346672	713.370054371646	737.63580203464	756.528717100476	825.701666263642	850.647188510654	955.37829255901	1038.92494419721	1149.34441193662	1300.25552030891	1397.90928101271	1592.79067726861	1755.68202908558	1859.90483804681	2553.95153232949	23794.9971157817
485.688	96.4281326192371	195.444131219907	3936.5166723539	15980.4427664979	8879.97635728031	514.334218193146	82.8816067351009	79.685275578625	71.3972118367826	87.6647987059832	109.024291390888	130.403710180509	160.837474432897	187.056781466196	213.776541958634	292.628710920647	615.411137880499	1084.05294640529	732.107486503814	426.301917546865	421.464045987939	464.376720000059	480.608442718474	528.758801398135	549.258685128962	588.005940494898	619.857058999296	649.919622135663	659.711156860213	654.392252140087	661.862350556633	652.619741218348	646.477070934241	633.498590035202	640.525349719674	637.70387063415	631.5202092874	664.079917543699	669.882878153996	710.448721359357	742.15902276081	781.164045397006	826.667175523652	914.25825159957	1020.80830012374	1094.40573892813	1245.93758832715	1300.5378382727	1492.8274112614	1662.17360857504	1825.55336130712	7363.29419008903	36573.8417770939
490.333	179.780991751672	4038.31709701003	15845.7104749495	8725.71053173874	615.540280789404	79.0211054251865	63.9405456386229	75.4333029029265	81.1831294594331	91.0851451260653	115.140916361523	146.910255755386	146.524942815046	190.93253667149	233.808673515224	438.754614663557	929.101576661	858.008024146484	421.225855475426	383.657168325126	392.05533870774	439.087347168397	470.417942697057	508.718557876163	545.324111747838	567.965563776272	590.551572952079	619.036620907479	619.875119183836	618.318114252925	638.26465624293	619.343033717944	612.240640457035	616.727026542502	602.335504100954	611.405274896136	599.018342017159	603.281635680852	630.493056870581	664.3598680359	679.183633198704	708.176626565697	789.620965188164	886.217036251715	965.909030800856	1124.02302746014	1195.03856480097	1296.34643950002	1524.08622216663	1651.62201920754	1971.63358598687	19825.5921060979	28572.1802566459
494.979	3231.10958758528	16113.8549728968	9975.04831272819	680.885210718569	81.1557468293732	71.1910930381544	70.6862476049971	75.0978203368282	92.2483658685653	102.386855568585	115.563059797023	141.424362604774	164.432169238794	210.042671026414	316.690221403911	729.148394902401	906.084411821632	479.472602044483	365.470374831467	376.273122766329	411.016608190925	443.430715659999	465.157443191134	499.874867134144	526.921000292776	546.926041707078	560.197997210758	589.586418442953	592.137653096393	600.326729714496	599.767876908657	587.445371480155	579.701802618385	573.246466459536	572.244859266406	561.839863219632	577.017119251257	607.999585188724	615.497894122715	651.096043595023	672.187472850425	723.592776918467	761.870394314259	877.728018420783	953.928190041715	1085.68882495229	1147.9861770117	1354.89705212547	1503.65739918275	1749.86467731387	5581.68055889732	30174.2448363014	10159.718070257
499.629	16056.0996599578	10351.2060297852	781.629670093666	78.7749053581155	74.6282778760486	67.7860028561777	73.3555764846574	80.9355214821198	89.6986130817717	113.16581797769	130.975106624035	154.000285253044	168.739326441579	243.031733373505	526.242888666925	882.320374359777	583.978240822151	350.878311921071	354.255232223018	375.136370947122	384.603728573765	432.040103266824	455.588929587141	489.426882193969	514.123714031864	515.836803262258	550.186146536962	553.415392296045	579.197413518862	567.807032897952	553.266413607548	551.402164375174	554.9687509015	559.6971351003	544.133311259329	540.45682658314	552.841383006931	572.250802431748	602.205782247808	601.487978955382	649.103907957297	688.496455948759	732.834943467659	809.287803061844	914.445702359086	1040.98531286345	1115.7352110188	1338.74568290365	1533.00970861616	1638.81749758616	15647.4031883162	25266.8955594021	2323.31807938308
504.281	12193.6746099079	947.696082796263	80.3549723612716	78.8562551414074	57.0523700169255	59.1383928525349	69.5291818396568	79.0013853923864	89.6158701081192	98.3014584381598	108.268836222559	125.169781201933	183.959664980066	369.767575863041	750.206187519616	643.516349654762	331.621148177677	320.310067727505	332.783188631638	336.93784064187	365.98851335754	397.402571175339	419.778340522748	460.58579404149	454.313802374125	486.480417404508	523.230643229403	522.322496635661	534.442149379121	526.844174455024	514.866028727788	514.898871231645	508.876343441686	517.438901906258	492.496499601703	493.38820153551	511.272631712018	523.242044921026	543.871420499867	551.670666545089	604.598242797454	617.26226364837	690.976444889033	747.626630064194	870.920417428336	980.375616928094	1129.74794399613	1267.00849214705	1352.70383662403	4072.40002081167	24446.4544367903	9713.12916358734	1202.95724413322
508.936	1278.72753160258	75.2745412659582	69.9111086516299	63.7055124887632	65.1594699813956	62.3513963188254	72.7021105386946	90.023155182822	91.9482338091179	110.252122309806	133.392674059194	158.490630890769	272.830853167848	603.300237269894	724.134286258484	390.299422740645	299.800922803094	294.997812019799	310.000418026792	365.716119913962	356.344372371421	385.529538849758	396.413385112944	424.419495197735	449.945776871971	475.774687426687	473.048886439454	494.276894784268	502.179813236469	505.680828412897	503.763299376906	476.197164821482	493.280291038915	476.686269572068	480.877415807935	484.975725804179	490.311004770339	512.568120906437	538.884839630148	550.019742190262	578.817736770729	614.099123814159	678.855232834448	746.700893339376	816.770540328538	908.255372053955	1094.43253093671	1268.86353590718	1458.29977519025	11807.7449121781	23011.0045058849	2551.12560328842	1643.59534913412
513.593	98.5942185436786	62.0763181844533	54.2320019102562	51.6060943671211	59.4662430697362	67.1153866552616	73.1561630611663	83.5121446745043	96.0965071993808	118.338705674111	130.808963053755	193.744609064154	440.278496521084	718.870897318033	445.690050441814	278.333375327715	271.748808868785	286.221028877446	320.124340977313	327.808203553312	342.517431296099	370.351868022186	401.661048388058	403.311530838931	410.243018545144	445.132170385055	451.961749459647	473.107853018321	469.905391713444	459.4503053948	449.526758250228	456.313966714146	450.022784306447	456.234996944543	438.409008835847	470.14556400133	443.823974318395	480.910067164283	481.080356371767	498.099978163162	529.513367735552	569.732798104621	627.736320045992	686.895165268667	768.709435928524	885.886203059326	1065.5581319053	1196.27084104668	3008.47453515795	19659.5347732599	9440.96167974644	1646.01898696089	1507.11483927874
518.252	56.9396158497289	59.3664523956555	58.3049981463148	65.646623184267	52.6248019312025	73.7391755219747	77.855853796137	81.8760864029226	87.8531158503109	112.702618844415	130.610057396864	278.643661926344	610.763566877667	541.519511167877	277.638901056649	229.347995490701	247.566415691415	264.605384485264	276.835507795833	279.730771423048	331.463511911908	339.951097780517	368.660879344452	383.070581945944	389.759030177996	395.859273384641	415.169661044004	438.219886124175	441.400322662616	438.907403566245	433.792766203116	423.241053198402	410.885801569865	418.515200708149	422.303840793212	416.958642006301	406.954720385181	436.242329739792	456.936432476297	476.627504623923	495.308155641154	546.162195419287	597.162703844258	645.550036379564	742.005328271127	857.210667621797	1017.43601626543	1066.46923078484	9045.3633271215	17915.9333634719	2253.92770660025	1070.66239118702	2052.14309997821
522.914	47.4280389809579	49.1267633063864	48.7153345223872	49.8906297116755	66.0858956953742	68.2375670573993	81.2199899911412	82.1580677403952	93.3466962687874	102.206438893449	197.566551111296	465.233163138305	574.981638526784	295.178616244967	223.081270881246	218.336128329478	233.941538924162	255.496778422517	280.643078282875	275.403221814947	293.986908680201	319.557204692473	320.736571178826	333.686007186643	350.515007272765	386.866899266927	391.864451708206	393.167853390099	389.520569512206	404.367757282045	390.983837764158	381.544360414372	388.378381865768	387.208138374666	379.444669675661	386.506802645269	395.240717712962	399.522606770644	395.505506711521	454.956517012131	466.80804564542	497.244174902898	561.912364494654	609.211403323437	707.556430430478	829.680604662939	970.850626771216	2220.195300223	15840.6664666959	8594.96705544147	1271.88822431377	1241.82386812805	2181.42233389007
527.579	31.3607522777443	36.8416058344032	42.2365372930261	55.6866258394772	61.3239434743436	67.5396148906961	71.3211006972592	76.0763756034426	95.0536840201202	141.750406182638	317.998586936809	569.09494122407	361.898833264152	206.87637121563	203.572134407527	202.628238243193	204.575776599868	235.6866958719	235.016463967744	273.692014274801	290.969832225067	296.748348341218	304.204026163343	325.494580380619	337.299548122738	352.575531398548	346.489888718038	371.747174353381	370.58491184981	356.362982990395	363.022261861467	368.075065468579	353.285089307079	370.796702991309	362.386056923949	360.888469863702	368.79221076895	367.362184018904	392.223796436041	417.518262316542	442.393254792805	439.811217517305	499.816706952354	541.152831075502	665.321588797479	797.416216831468	904.945093639541	6910.92440857432	15176.7180777571	2218.11733208376	955.491035574663	1115.002229712	3216.90290285164
532.245	43.2426231793814	44.373033202054	59.8453535291711	68.7794960519171	71.1284424107203	62.0446312532817	73.7948600334071	81.1361345281614	103.523147840897	225.209233122659	478.290817156062	437.355210057649	195.92635204551	181.532045794932	196.316172022891	197.779388422618	213.562559097231	231.170024867571	241.220139033315	246.201063669107	259.903171278148	280.690977778918	304.386877724879	293.332889908575	328.039611699763	319.905214861325	337.350229432082	338.504241230036	352.445421731991	350.069313758723	333.686879631985	323.401795211784	329.02454273862	330.751738333825	332.290658149242	338.860082267437	341.297558382029	349.460302126075	352.059306777552	375.722276245655	387.275108999112	413.608241457723	484.224636870975	548.339499320137	664.382021739794	799.505812969481	1611.47995966826	12626.208047297	7946.79269416317	1067.84887477074	1006.03393706097	1749.57723148946	3422.95786587713
536.915	28.1702593377018	40.959733580757	53.5046529176541	44.4824427690688	52.7844063915139	61.1705060852556	66.7108625985656	83.3501437688592	145.250125120735	348.654959102478	459.536312759405	223.858456070497	154.415087403364	173.494863637379	176.17639950044	187.306125391617	200.273870573072	214.029157983494	225.550702048737	233.645918658987	249.351599549812	249.360890701427	274.899412983895	279.025900257762	281.928692813566	292.526057790134	308.85599479982	304.558462284119	324.454199024663	325.120274451136	312.920428652992	315.547087973804	303.820505247534	309.167507432628	314.70446127632	311.593204054123	331.816028281339	339.294209566531	344.832941246339	368.376879093783	378.442793670469	423.869581411096	475.773522281171	559.290001643976	677.394287744394	748.579096472859	5248.11866699582	12993.823360686	2129.00652999195	998.700244761905	974.177474855709	2339.58872061266	1678.36077975122
541.586	40.1987149183092	56.0457903268497	53.7980054492952	59.4905601385331	65.6446654054911	63.7474146151147	73.6668112237028	99.0182557265125	260.7091129903	453.013014546409	292.127031275653	147.418337231399	145.115918048615	156.676158786989	173.878322761398	177.161223427774	197.182113886436	192.409885174516	226.811934789543	240.08434631825	246.761591282906	254.104882712143	250.697338063191	264.000134775236	267.58558623136	279.934882756167	294.980660819674	306.900036161294	310.811478585734	301.98946767898	295.92567553874	295.005713756378	296.734511014119	295.120549003598	298.25903672386	275.35356511156	296.80166220919	314.553735501953	342.865100474442	345.023708196495	379.370765289048	403.065408769939	471.556032099498	558.647410891956	674.1626835341	1174.22080755881	10439.6979050794	7418.62917918487	985.801461474835	1020.72528278068	1284.21827367311	3206.616847089	1008.85085506241
546.26	56.5621469634737	63.4138535584908	50.6615526444685	69.4058968549335	53.7280465378551	59.6598661446494	87.864594411863	181.221195205993	385.740931290615	353.444479540596	153.545531496393	132.578290900421	140.34554917383	149.34221592829	157.687825818108	162.996294439737	176.84424409731	178.109499436241	191.592030485055	212.898198531826	211.16662592821	229.782909086934	245.916408762361	254.836710133068	258.419086335532	252.56312428159	251.727757860054	279.594104282453	277.931425887184	267.47364412695	272.46096194617	268.208705475003	273.24701213664	276.497949051609	256.916331330892	274.624922053206	278.865380150193	294.468415278005	316.564297191654	321.905457412697	342.784488152576	350.867417372118	442.987884813697	556.963765973215	642.758186361548	4001.53821127664	11489.0490413578	2157.17839338928	855.461726013845	762.952986532812	1723.32040691541	1958.48539786027	1208.7490038162
550.936	30.4722737744866	50.8298473180392	42.747828063519	50.7198425466386	53.6137089720453	62.4933445020779	134.852086029985	306.3996157107	388.639078080602	189.476767115941	114.232256509351	123.700296147852	126.167879607528	122.164644975349	139.251939637845	153.399110618977	169.292909060569	180.652017599485	180.492700538306	186.944375421516	199.692386248305	214.073465032316	209.42342956129	222.038315565415	225.072579980117	240.916340534764	252.197406185101	255.31246157876	243.458318051479	254.060148304822	256.726118590519	242.423006275763	242.96136286361	246.984314992797	258.249485159833	245.489901143918	255.630773338144	272.635169835789	286.488887195856	307.170328170147	312.448122659618	342.369582493494	457.615281884367	538.678757360846	872.684562443077	8318.82301814311	6860.29367231984	803.339659476806	708.69865586462	946.240655884938	2294.35420757184	1055.43249412683	698.222860501929
555.615	24.5717259201127	41.0056913918128	42.1709149190358	45.3834989599635	50.8383462890973	97.9368586312693	236.468513526132	363.335116285651	234.33974472874	101.117711858208	95.177318583964	92.0171633771097	111.096768148248	136.091381620156	126.081731714674	147.661107561558	149.744757369475	157.093829179603	158.61468407394	181.976443602733	190.344504272489	189.485840675669	200.692957067603	208.267285777077	212.926544212324	218.466925236947	223.804790549078	232.955620111214	229.336220429985	240.949191852632	224.822245372195	217.9962115547	231.204597754644	218.00676212931	226.632609369712	228.804212771551	238.645719110726	236.555908479097	258.886635625831	280.050524939825	288.931007525263	351.22906168914	443.363480216439	511.036717524109	2949.93174623765	9701.72924169883	2139.30559853235	696.346948760034	703.528702585505	1173.13304592816	1949.23643828389	558.024602966502	16.2613068471248
560.296	40.5988726698443	29.4668743886942	35.9357691403633	33.8071749495077	79.9730296567673	163.852414873925	336.99933020011	296.631688486514	114.818361472949	83.3745858821697	93.2622407680125	92.4141920290684	104.927801993818	115.542715721895	122.240432574815	137.413951112666	142.612026822916	147.475607377932	153.657220836844	172.237919883221	174.227047519002	178.287674823418	184.708309170506	205.706014513646	197.739762443299	201.439414846119	216.477389239213	214.273817347633	206.666044059126	199.119006626205	211.819996029856	213.624162235774	211.555702742215	209.415390244992	217.100748390576	220.916735890822	235.652885138094	243.2670389574	229.613621795327	261.197605596243	259.655273608283	352.277924830145	425.647114011367	713.661691566349	6669.29361858954	6244.77413702409	652.719831335547	643.208092687129	687.88852803358	1581.08949784364	1413.66356983554	474.719145920579	212.309108648737
564.979	36.5491357972064	33.6748562529291	35.9379928725871	58.1763062151545	115.13336592784	275.483963252162	309.804867703418	149.741017900468	85.5885953904751	83.2874963545374	85.8943259871461	84.0664531160397	107.629725856794	124.837525629494	130.263530333338	127.677485053252	124.427575758385	134.757125739453	151.032510816662	149.022310678743	154.878070061137	166.797169486474	179.84409555885	170.120225158061	179.068568956232	195.077597362923	196.221907092376	185.987435114336	206.239664265939	203.771271670691	196.258695150304	199.761683412659	194.068017398109	197.324574545185	201.799074420422	202.451718316021	200.921216393177	237.219586325946	236.239619251983	251.825963973001	279.796218802261	375.719111470614	420.647133403591	2429.25754526615	8389.39717679992	2197.09005202424	594.606408543226	692.148238295741	931.263128520009	1900.89381770124	926.517645210527	645.353846581009	560.307078761285
569.664	36.8163326109703	31.0341432563765	53.1596185771549	81.6127148461363	189.055238255164	321.634234264718	188.343262457267	76.3013480230945	77.3206152295938	74.7633559304183	80.6122758010481	93.6538554126168	104.597011988168	96.5325869843711	109.764415998112	130.823546939763	119.480339018605	136.357895033972	142.35402913429	150.468316034457	143.71221347558	142.929608080025	172.924373289978	166.88798633657	173.101933080984	175.881154465368	179.053454428792	169.946457273457	181.960069258483	184.906875652858	188.320070557427	163.421874831635	179.675344459072	182.03194447267	177.330927482055	196.844089831952	188.761113622299	216.179088374734	209.746269921579	223.895764094743	298.883293719003	362.340739380896	540.810401665721	5591.0226068644	5807.53063673739	591.592591465533	564.142385661211	616.570303265381	1300.32809131366	1545.11420684086	577.583903073545	227.860212527895	415.002404740477
574.351	31.4191282067571	44.7662476981045	52.6281988680357	153.793099497093	273.994683974396	240.771144460009	98.1257231653052	68.5303959641445	69.0130664431725	74.5469089920074	82.9717632930951	89.6484383288065	91.8618625603398	110.648897447521	108.175858724998	120.786096998307	117.550269152844	119.209827399643	129.624340895106	140.609168390056	156.283537368818	140.491817255895	149.822735243125	166.382844891072	175.501961451192	164.908192767603	172.965017958253	180.177055154196	175.628581785865	171.166718680423	167.301640522735	171.987889384614	173.965845366916	171.450499670744	186.545703112384	187.4827241987	194.158088017168	194.696447270289	211.927555230934	238.564489431282	301.884199604155	338.179668493962	1822.20299694559	7341.13647545711	2108.10564108087	536.564841540849	582.39884972723	704.431685072863	1608.22175265894	995.736196091064	550.563231022029	547.493380406168	569.237882259559
579.04	27.9965298961624	35.6212539187214	114.169172680441	227.926702789396	279.425102763287	116.134026912431	58.8449829794378	56.0697837062597	50.9789567368515	56.1973234472787	75.5392399482696	79.3268390517822	75.645998725804	91.5313466310536	89.8712476906117	110.0519382955	92.9794636768624	97.1033952917664	106.074734113541	124.095169134634	118.357156794572	122.609276738201	135.752579260726	137.623024666165	144.997270554493	148.404248836167	137.251194292547	158.188697057483	145.070033756315	143.533940597979	151.464385212031	144.32416353247	150.372267077944	158.951163294367	148.157244365127	158.02447909293	157.418140720792	176.951290016146	177.74328168081	212.075545368307	293.040139922124	361.011939363787	4499.53504051215	5119.4150391248	463.317684386465	456.504115234606	478.240087395657	917.818453091173	1584.06276415936	518.118570650861	480.25532740359	259.160815163309	118.250995134031
583.732	39.7779810449586	72.0689660651494	176.694200280193	277.779904414719	171.930185620536	72.4248895214523	53.5821281876556	62.3519703513472	61.3439889008362	64.1712517409482	62.4653071659589	85.5791224158579	74.3256309133647	86.8376627991224	93.5861462123285	95.7445032201851	111.271146680162	91.7364483346665	106.064014032248	114.665990938898	109.399748842329	116.972231782216	142.020609998213	132.284301198904	139.717463995524	140.60580916208	136.642893019749	139.599778249504	141.845877132692	139.75671031285	156.217519062374	138.554829243425	146.036869984538	147.34125667854	136.916199169574	162.007467257418	144.469269930516	167.349069826717	199.974163370698	249.773918729869	285.073824380161	1233.27202239817	6444.93023433595	1899.43394464105	421.327928238484	483.841678450877	524.299576720488	1238.80571772455	1030.4113024975	589.455306785471	432.837470190971	631.465720033737	782.061320860505
588.426	50.8112498346769	126.305173781502	249.450270915257	218.25045110449	83.9541432859735	57.4849118021162	54.4247108412257	55.2313911614256	57.3620933274684	61.6589531127521	66.1936945406132	75.3391325449426	79.2449299785441	84.6304899792352	84.6034901976576	78.0146664805668	93.1527492570122	97.2782730296722	106.60967089081	106.813590264331	108.51569084216	114.855532899354	127.831878681162	123.749465221986	124.208064977179	124.34540683318	131.959753568968	144.49764718874	135.417008939142	137.229415350242	138.014905639241	134.878952247284	148.267890639656	148.40151181807	154.587498755074	153.223034654861	157.138171224359	164.860699311056	195.11419201306	243.921779396675	313.979920982682	3574.33397195793	4766.81248647998	483.524408179833	397.983715023777	441.640988143983	706.17582990205	1384.38348972178	726.301431913919	544.633032864257	369.804608728124	620.916219950877	1452.54783929493
593.121	102.968107018217	207.579561346795	255.759601399937	115.861071797621	56.1581578665152	53.9883102550806	52.4179822248618	47.5305810245216	58.5880151109874	59.770035947273	65.3020106554072	80.3576914688139	85.4169557548482	93.0555287640201	71.4801605130218	92.1401976811378	92.406944763161	93.9435715367881	103.653089461685	106.610244995552	115.602168149598	119.869836224153	120.633702658657	120.399433681808	120.124909230859	117.652394405119	125.402598568293	134.719148639253	136.694103605854	134.653512805953	136.06065577854	127.614658427012	136.22048925411	136.082544671338	148.729716210186	143.657044960103	142.76648871097	161.945499154694	228.837945084106	279.740630986085	823.235279296842	5507.31547241547	1953.42158977499	333.969045140889	380.92859704344	460.583207564313	985.118714334281	1255.2596200744	530.267031602645	485.522670302878	655.861634852761	589.355031764292	1408.29275792218
597.819	145.280277881924	242.639924129974	154.452194287693	53.969864424268	56.2223643081228	43.1474196068518	49.4869771693836	43.136682440301	55.5419939123752	66.1006524964233	62.7444645901798	60.9977638161244	62.0802922027598	70.9593184339088	79.4519107874509	86.9401041561743	88.6987922380408	87.1432796006495	108.844738635045	116.162347869341	110.084278482126	127.466672960469	97.7080174287899	110.479344657488	113.594353590377	109.471640628646	107.403585353831	114.706104340247	124.553213122002	109.508503541703	115.597454648411	126.611906130558	134.052499771171	135.072401785576	140.734480258728	132.119166620507	149.304637077429	156.152531049823	227.841002729243	258.086653432725	2711.14718062902	4549.89976644411	431.741043442646	288.171071318028	380.285599834689	518.301209587289	1154.128120345	813.495581285644	446.209541094303	405.514385371676	344.577980180029	432.483661082951	691.128862543438
602.519	205.413106982845	195.711123355681	59.8709235967794	33.1510333488079	30.5539135735932	31.71924308013	34.2772828183399	35.3868213226985	40.1746234174674	40.1053477528255	46.6217219257204	47.9457874150984	47.1568045277451	71.816725992067	65.7554152496094	70.2140141268369	70.041395036339	68.4535665293852	73.9583572732739	77.4259624212684	89.2009323639316	82.412847673435	91.5643545324607	90.2174419557581	96.6769744507629	97.041674506812	97.5743411886187	90.9639572263575	97.2635429798294	94.7300042836111	91.4755675363683	101.66708700783	112.185070708448	105.949282186855	109.501007874241	126.734861521136	118.308082974903	174.822400729184	212.827060298291	647.285857296414	4609.96519278702	2025.38956139813	223.623531800646	266.335720134246	304.536434442918	647.380458695364	1097.6697225401	517.956090343496	338.528277968304	325.09991515079	336.198895871227	449.938558290066	505.001025249856
607.221	191.850541922453	78.6854464669705	30.7234613348344	11.3665879408986	17.6570007916439	25.810912370007	29.7289823178081	34.3459753804562	32.8524449319541	34.6220459597124	44.7904801210021	40.0681089415815	46.3384424960473	36.0808607241919	44.5274864599922	55.9170214876669	54.8650062746963	52.7809813095597	77.8394377220029	63.4056231386864	59.5081209254424	68.4819726026905	82.9773857004707	82.5715204328772	65.139996542728	62.0560226018396	87.6865000236926	94.2407554475881	90.4741162076899	84.6610075675751	80.8762942221821	79.4204154355793	83.6810356245535	89.1915475172517	82.3823957189002	93.0957168282357	115.0480687771	158.798529886847	190.528276561233	2177.3813281378	4292.65707073301	434.235973346493	194.51887061276	206.673538364688	319.276701033035	798.284189117529	800.880010420265	305.962372141129	299.722980033178	213.222209388989	219.942485466617	283.74972945272	0
611.924	140.514895257873	64.7873865663394	34.5039898058156	49.5100090816376	43.0104475521639	39.3490535041056	34.5267155159465	39.8259786366165	39.9569925526056	41.7641664003833	53.8104070101512	41.6518086340436	71.5886211601348	69.1818790549807	64.9025429560637	68.5729186015672	68.5362390054092	73.0246370389613	84.7159227198212	94.1172942598533	81.4835562094285	86.0724179340329	89.7587834771535	86.0983805440856	86.824136747943	87.2096645500608	85.1123193187497	89.2579396646348	94.1303999075885	99.8736257018755	104.419447946583	100.533362410038	94.3162912071117	107.619237145583	97.8519485513929	121.189139968218	157.66327114524	205.138364458965	455.630964266845	3994.78357990856	2198.94364694368	209.828279286945	223.321611875494	252.588222475675	427.523569822918	986.068475599973	556.922526520613	381.819911661167	326.270874305619	366.671142472927	451.639948938452	716.191976840109	975.692944510246
616.63	48.963424751602	12.0880886093294	11.2771371389712	5.63611364301483	15.4503703787161	30.5654007000394	27.7706084741942	31.9382455722825	34.3224580032036	33.0493747643798	42.4042633341928	45.4490787450371	20.9540438084325	42.0956853204994	56.594969503247	37.9562354211853	43.6686736467638	50.8888485948909	41.1898668443994	68.1962521263886	54.6748366652597	72.0510489212331	75.4548916182538	74.2758555840015	59.292398135668	68.7627693861696	71.9270263890269	59.5419059372968	84.8477582385904	78.9929181802973	66.6035603509037	84.4558368186415	90.7080753071756	93.5906721838362	79.4840572405579	95.0382538394548	156.843670399671	178.518541050191	1674.71105697048	3954.26555976323	493.891844764092	151.182128437791	161.131623562229	216.211651630348	593.728775118993	811.262009517287	375.051979369004	262.746486767205	300.848899240723	227.239277682449	197.892442344212	188.285796884013	143.50109773425
621.338	46.2632589828677	28.2957752428837	24.8622301976491	23.05542171344	40.3707047024915	36.9130613359204	32.1866958120548	29.914551979687	36.3706712455948	36.3156287609731	44.5390241750045	44.2787128096405	37.4371632696114	55.8399301782616	50.9709141254899	56.3266829946368	57.7248282506717	70.7305131467362	68.6984139834558	64.4597310443258	86.482174525473	68.3023582849934	54.8827834726902	66.5021567396903	84.5188474843853	75.0772964744235	75.3401950936123	89.3817238944367	82.6733493298356	76.4904510005977	69.6006650405999	73.9755216357977	84.8448626760804	84.0929249808478	101.38086302524	113.677357918198	156.589633818292	326.37344758433	3359.08111034682	2107.0071265813	175.598053077354	149.785439118046	201.278907361135	283.740631152	690.148536425281	584.018040710617	308.862151526085	378.296251039008	258.416462917212	306.165799258523	303.002433088049	642.27356081578	560.428341378046
626.047	30.694201540501	40.8683073740347	32.2734117127005	37.4461596131902	37.2656405018136	27.0798942163302	33.9094016884648	39.7401256855899	30.1349701950413	41.1023742104127	34.3106425526264	37.9221037640678	27.7827895110925	55.1175887329536	45.9478003567397	47.4413997601465	63.1103329774652	65.3193701343256	63.425155444154	77.625769255762	77.2695678308529	77.3075708308699	73.5192489835055	86.8279688658774	77.3324752985347	70.2931211768612	71.9105527754576	76.2115014286051	67.8584866925423	70.2920688813163	74.6430020432372	73.1250739643869	89.7707649547463	92.9729312499591	83.5633452061409	129.649358438415	152.102697701269	1302.9554399078	3666.48424120358	530.476799200709	157.109124523618	151.748677093101	164.535944435633	390.824617946672	745.060945900698	361.27120182814	316.338148857572	261.900037384041	257.425141277964	331.018440718111	321.408562635879	530.554734738482	912.61736050156
630.758	10.3411919953478	17.2446108224177	28.2704347499142	13.9798875385321	19.1270279594588	24.9315300917003	18.1566769932173	30.7051116408282	26.0207041527673	26.2006904127443	25.4836815915685	32.7199118908967	29.3870114700348	33.7437653347017	34.0566296920015	52.2537343563984	40.6808415918506	51.9952634272296	52.4842482733309	74.0999387360949	54.6691144284137	60.1619337797242	74.6742221019055	60.7567192390495	54.2419530337825	48.7837158783244	62.6682193211443	67.3603629401512	59.8925806957809	64.3558970100284	64.711366911933	67.908546737559	61.9803224713278	74.7196852592893	107.864641870345	125.312053438241	206.368259399409	2804.61832841665	2125.85048856054	139.141134780794	113.633145590412	148.633446636036	183.806979284236	509.224519707916	544.529574051967	226.089011882883	257.15158398537	266.089143984201	228.543099159249	260.768219167611	301.373867269338	230.88456874432	571.894514840312
635.471	10.420633376031	19.8017939605838	13.8785788261493	21.3027183648558	26.390502396059	33.5884321409175	31.4529443818914	31.1208788020351	41.6683890988509	35.4404755237495	36.5336477849355	34.5413276913665	29.2837327638557	54.2123079663839	42.4298411279002	49.867523730648	57.0627476116974	61.0122409222263	59.6872469578829	58.697160473433	76.3377312162103	66.908305217407	53.8538691467744	64.8037733453515	74.6888269219676	66.974296799346	58.5924482461222	59.758470132567	63.5974450987915	69.6658960871594	60.1190393030828	67.1571020334033	65.0319813841959	82.1983453770489	116.212921244931	144.674733212035	947.0473458735	3301.03669619649	585.939553860096	131.989238578061	126.739634661644	136.497305689849	218.734807957815	561.877587729779	313.210265888727	244.984266290135	291.231264931565	261.186792389554	267.500884627082	223.10783430796	252.416857214629	510.347088839364	725.007266873649
640.186	-22.2419962770564	21.4583206192244	8.78181016136002	19.6213820950854	8.31815647575433	4.10381035336087	21.4197608951292	27.3943336004971	23.8259438931779	18.8257274290224	22.2794589678174	26.4263407650707	39.5575219234338	35.6734879346386	20.9420264155969	41.271948320774	28.5847295037866	25.2102976556823	48.8231250613155	51.6060799697187	37.451785459795	42.590299879593	35.1074320042087	49.1420975599254	56.1213752546836	47.5977057318848	55.1146746065166	55.6402613333401	43.2361128582	58.2170871166463	48.7588059566631	46.5557953844644	55.1547766543698	75.434488909419	102.047687665269	162.295344333683	2219.89863051202	2021.88388518075	114.240835106166	86.4796429820069	91.6781194978655	92.587339970059	317.522954968295	465.263663132135	200.193898284681	163.309926589446	172.308595338782	137.797062745835	156.186089183694	121.696978104038	59.2708346923756	210.53590113593	-242.121027339789
644.903	26.1689806330639	32.3505164424854	33.6781682020905	47.6990328083651	32.4509246745259	35.6960367842281	32.0801408587456	38.0976076390228	37.692037033416	32.056092491899	40.2393428549494	52.8202070511837	49.6784876483666	46.1578111636632	50.2661115984308	55.5534280049571	55.1641827695893	60.7769116683272	63.1617383946089	70.8081871898468	57.4176852310444	73.0435269832767	76.6237822592604	58.773614975068	56.4186220825214	61.1799170411144	65.6398962486381	42.4538447567051	66.7460093826653	66.6898935798794	55.7624697265975	80.3072045294382	80.2520977403671	100.284827519095	146.161712117903	724.964434389743	2938.52355232495	642.417070103541	124.634094271815	107.367869420576	139.336429090144	158.766416008628	431.37919436611	343.674264774726	220.158331360841	251.144740521733	224.23699171534	275.927574601205	292.604869422293	336.606717721413	311.730038637929	418.278062921284	1469.32553044436
649.621	-12.1056947783424	13.7047932585146	12.0105105592689	8.82741280100286	16.759861758232	9.54143352569304	17.745949998107	22.3687239879183	16.2928681818171	16.6215789196238	17.1397542935282	23.5569626355873	31.1081616394954	30.6580290916335	29.1758811270832	30.2388745681706	23.9283014386341	42.8626651768267	36.4923982411158	35.7000727824988	33.9677590229265	64.5803608189238	50.4156983355429	50.4071772336657	33.4930179232793	45.0934908305808	36.4624401435281	50.0637062939711	42.0149870586463	54.7669648299072	46.0913503273784	57.5668215024139	63.522405635676	98.3254962596317	115.563713882965	1823.79168513669	1977.46576533073	96.5200906822918	66.71022169047	81.196418839212	91.5238258503336	177.38806971162	413.919247720473	171.834617842929	114.896843180746	160.656761921838	153.178468645202	125.639478781353	123.796190109117	152.852889436609	137.805765991719	0	515.812197788328
654.341	-6.61968210169823	5.90444811268638	4.57388734076256	11.8331424754659	17.6390554088504	-2.27990853873139	19.9524229415061	24.7812094181927	8.90932820158809	17.3761729060432	16.0245101350253	21.3011237686654	21.633151674277	26.7820611081949	41.6759285090145	39.7594031086153	34.9097244110012	38.8517229473972	41.0015823552372	37.504647205264	48.8683074301176	44.3651661512079	40.0350349294702	53.0582450705485	46.059490260964	30.6439643627017	44.5023815697679	26.4374198329535	40.2970613568892	45.5661378463288	44.4833866200585	45.838605360206	64.1729200686178	90.9309562344717	456.235277379185	2582.56902520617	701.646940255412	61.2619003888904	72.6489139955497	75.3079083113391	91.4131206880933	296.542916899713	319.709469653349	161.07987403775	108.405921553892	144.250022573433	162.73688761703	153.688738326309	153.450809965884	134.529792467053	168.758266390491	78.3248454384502	97.0042080455558
659.063	37.1913443340739	33.172946901069	24.5992783846351	18.8030228348615	20.2839252547523	7.47203611241404	25.5289455499886	23.8537843006063	26.0971855941948	28.5363955938752	29.8111494898794	32.7161755485399	36.3585638925474	32.7464269584528	31.5198922251859	39.4419420671674	41.4157633806246	47.1593766544476	60.4295057665655	44.1235097200848	56.3193223259553	57.965383896018	66.7687883915355	53.5045920946732	52.5207943398269	40.9708642679101	53.0984485291793	43.7494513320594	54.2952348038331	48.9902312648266	48.5399387081389	57.9477514360864	92.1564028131332	115.91746296836	1424.10495154	1912.49919918607	126.491534599627	83.5058132722896	88.091857907947	75.4607863852979	138.530678198786	358.845064389606	209.775928040103	150.323564647849	151.042255058654	178.568999756121	182.205809811739	214.927353444897	262.874452698868	146.097011303246	249.040870144755	497.597594362378	958.638410396413
663.787	18.3759124151263	6.03858978486243	15.5926677909693	15.4025157545355	26.5849576246558	22.7341257741812	16.8950560288658	24.7682027689179	7.59311415751424	22.8483486123159	32.7771339038028	37.5373318174196	16.8568608062163	22.5971757172981	24.6412793386575	28.4308217989578	38.8530793390311	52.6112696539863	60.883616696333	60.518358127888	66.7780415210472	45.3730872067092	46.4563513177528	43.5637849862404	28.2635425439568	38.0307521745148	45.5134199878647	39.8637841876026	53.3339013865978	42.1468032906343	51.2656195372908	73.3773930427478	90.3712730727486	343.561739993179	2197.65491834433	740.502683703044	59.4595755844057	70.4313940587717	85.2391963076787	82.868339600507	184.890664734351	338.426468262719	144.345028414596	109.82627146488	142.182848063238	177.032643082733	137.063348513	164.594521779661	122.902485806008	251.359296055204	159.963542306976	264.344150101473	515.881715748616
668.512	11.2077586162077	28.6864657395196	7.0706372547953	11.0863667962553	19.1352241534341	17.0348089223299	20.3414709968821	11.2216933036469	21.6427626544686	13.8143890940293	23.9176160267678	33.7731052927276	19.1097427350375	30.361170913064	15.7708466006083	36.6445391628056	28.5701882713183	40.0398201382099	41.8491207401561	36.933703735665	37.2430159422492	34.192004189679	48.4003539848804	38.5075928972564	31.0367712644112	35.1295002328219	48.3139870629818	39.8209073246096	30.0128129284097	42.1254910852441	41.7382956262156	71.8875096493429	95.9135660164455	1132.67328570204	1805.75369236324	114.082833749331	70.9971098055147	55.7332369134259	88.6503931531746	70.7339359999596	228.416287525477	218.783407399049	103.715450868682	107.030019336994	120.249327855992	110.726985827992	135.650568239129	137.469338313313	142.900645633568	258.623924521633	139.983540407028	250.232131446517	719.788503227422
673.238	50.9837601238579	34.1063545366938	31.6143042866866	30.8569978965263	27.9131690758956	31.911015021073	20.6864070910065	17.712480441634	21.9930312922216	24.7068140884831	24.6345506344548	27.8607264610193	33.1094235157824	36.7916529280194	23.6299487399835	38.2057756029962	53.2263802745651	57.8106231305205	62.1298479842093	59.6226241121855	43.0022455285252	41.9974571671699	50.2882870142017	56.9470585318019	48.4885426131084	49.6202750188197	51.7748342218121	50.60301365938	53.7164459688753	60.0950691436229	65.737901651155	88.1620539247157	255.335872465962	1927.85541678325	807.349311251778	69.4865200140661	70.1860946567073	66.5817913280732	78.0939970251625	135.401503201505	288.034048526791	150.565159727847	106.248711680073	147.960990021489	169.877681507751	157.807900940368	158.798535111181	174.374748452642	139.927597540996	249.45229389035	192.036214854868	422.272028951877	844.810465458415
677.967	27.6541617459654	33.0351217522025	17.5154083716629	27.7128535718313	21.0076367377839	15.1796230775353	19.9418788662438	25.8812871593763	20.38200333432	16.332776250376	27.4121908900329	29.0918579604289	43.3938306409434	34.9636998422829	39.4454284393753	40.8491936729869	44.3232203877703	33.0622627813378	49.4096636976793	51.7908346522939	53.6109770912136	58.824805698468	49.8530726939585	40.5845981252002	35.1530291189778	40.6346720494911	60.3148500472192	48.1422902674521	52.6958066823458	52.8376668400737	63.4464765072588	83.2581822146658	897.248076285045	1692.21383185299	159.822891787434	57.4126197679334	56.1448432525487	65.7464192161238	80.5287576077869	192.645042239049	227.210541635631	100.727114952206	91.0058886400527	123.959292732018	689.680544560546	134.02967714487	134.969061005531	157.482714847978	210.465523676072	278.301615203178	283.719057030175	515.351411162928	425.503599572406
682.696	-11.9838633483112	8.9075399496243	6.03770632003883	-0.37867153672251	-0.653592368796432	7.22295964086287	5.43751469579641	9.31800486576612	5.37629904542278	10.223443586513	9.92001191931927	6.22928459314585	13.4170635926576	20.1514069575014	5.50138204563674	22.1883296468006	25.6614448683583	19.3746208374711	16.6534331470731	32.1249117721161	36.428067312005	24.8513860193836	21.1391112555333	15.7834172141744	23.1976489993088	11.6354029648431	19.3723463785693	14.3172947149428	23.2442897361629	43.1657857013028	65.2052400178659	166.267420603372	1601.9637973405	789.22397186382	39.9301270696196	21.0738319733886	39.1085927114526	38.8166653630529	48.4791788697177	208.38206992983	136.443400278369	64.9730509159809	60.2666753089788	60.4321383274023	82.145934021339	92.4500324803935	72.0275199511963	70.4320809711691	82.0005738275651	98.3544779884903	-104.320329157676	49.6280607636605	-696.588010888384
687.428	10.5590937306127	-8.96973314422033	-1.21597241887655	20.2097190251017	-2.30354532028513	2.72752160766675	13.4605547090311	12.3776588421674	11.2788267050758	7.39115607368011	8.52026335521853	22.3032106067113	10.5895010048511	23.1401206252942	19.3892760554464	19.5933119192901	22.5650442932146	37.489604218555	25.9930486721558	30.1335112563004	23.5815500236441	28.7170989239597	29.8832607838478	44.8994718762783	29.0111371668783	41.0082481511409	35.7639438448526	28.1136555827559	24.846988453726	67.6947773968078	69.896670337359	694.085731035335	1582.77948550233	160.187512242443	36.4156279986685	42.8423381722287	35.5705245691636	54.8126179793424	103.796781975504	209.3301584193	99.9244069801075	64.8372685191589	78.9589563451372	99.920897791761	87.9994509099838	118.485215415943	87.7999847266484	109.46941092217	108.131451927306	118.299207817385	74.4094975951516	-16.6581893554109	-557.035131508022
692.16	4.54988952556848	18.0368423937743	1.63009701788694	16.4855656677629	2.316049051898	12.188118660859	11.6985521137265	9.43399558905902	11.1132476333079	10.3507052303119	13.8836568424978	9.8106195609527	15.7869031869007	6.80075070035825	11.4878431937529	12.4418937862808	30.0060856995964	13.8464446100159	30.7708421744475	21.3861720716575	43.9065769890493	19.7986124085679	48.9782290813367	20.7738563867474	18.5618431872658	22.8242163738738	27.6041764021764	20.2937233868564	36.2055925392716	54.0915595300642	123.160591042862	1373.68773002508	794.966984513705	44.3915693720697	36.2319049394513	38.2440594510764	62.1605476011604	48.3343057060036	134.381620773393	170.717306322347	56.2395676497995	66.9670951608862	80.6997394486934	70.24875426289	83.168488359952	119.128357671755	66.5272674192078	48.0559445985437	120.578581949584	-19.3625437887941	-30.8055156616248	50.2458319224575	62.2287488209378
696.895	12.2154341695924	2.26991631799154	13.5396277708683	10.421698040588	12.991330866616	-6.13544407161878	9.00670355072388	6.87093834421155	7.30691766159132	10.9554069373282	10.7065077857564	11.2882782320893	24.3956137762062	20.5408037424519	19.977389548871	13.9182073943125	37.2097018532479	32.1405413808283	25.8872358895873	23.7742602517471	15.4716612540335	20.7636090982821	35.22202864904	10.8596760188555	22.8831387140301	23.3498480775458	25.5975597434607	18.9721424378714	53.5836529984403	52.6556204967223	523.860415913914	1442.01274610563	197.830991857276	25.8554732922285	54.9089228092078	23.1022648560795	15.8599941754987	61.8514576054447	179.912507996461	90.8124374277948	39.5800709652362	69.808483346606	72.6606083643722	58.5579315014124	50.7744389887181	101.732580481488	51.5223491696924	20.2893484234245	115.427065339877	72.4064148737621	44.3067369128564	-67.4494016498671	20.8837813645401
701.63	-0.513265540317211	-12.360841807116	3.30999405483636	7.39558893770795	3.02326340857318	5.2590750557706	2.32887244889521	8.76294390555164	18.4212316462683	5.65859216207766	-3.29900112158686	17.7865686524274	-0.745490735877781	5.45102630951066	16.9648319341943	21.4041304384858	26.3777414335106	-3.51448785232306	9.84301447473658	18.9987433053442	13.3731772287723	8.37543316022465	5.0144248609281	30.4199719911864	32.6909627088988	26.1629066386186	17.7005273035767	47.0942022110434	35.6558799567029	88.0139853624468	1137.62895350898	818.846417004216	31.3653324398412	36.8751748528632	25.5561402965773	16.3487343038429	26.8001626996765	98.1452409126556	147.561944995683	48.1171012805719	48.2289454966512	69.1933922871651	47.9604536843846	51.3823835314565	56.5920295156598	44.2756304327261	24.6793494691638	12.5909696349807	66.2274513215927	-64.5915898105516	138.508332847488	-187.048933724563	442.255124891121
706.367	19.2182506945768	11.1189953510485	24.7035439395989	19.6951453497251	16.6571072096486	25.3580287071354	22.8605913332857	15.4672413449728	14.9134689213301	29.1771520977576	19.7275502084231	8.9997863575538	10.1846484338641	27.2137732304324	34.335990484307	27.6969775701892	5.63949920568396	37.5416334563074	20.7879444592459	37.9947594822633	43.3066511100815	44.9213882682927	35.5213277337114	32.8365526322949	37.7529194507002	33.2843933870119	40.6763042933062	41.7009088153565	66.2139428547122	419.57653759765	1359.84203184567	222.2146227583	46.5041822052726	40.7092097485085	41.1443920770558	59.1466572112581	63.8658386638765	153.157911166601	132.68256089083	60.7357668989892	53.2944692792361	64.5420373789989	63.3648866820631	97.7867498358023	69.0873181575633	122.396484023491	160.365137222088	84.4141169816345	83.2679708762347	136.414142736702	275.812576848602	378.577897699133	1022.974574279
711.106	-11.5477787829028	-4.21366942575994	3.80814436104599	-15.1264294836466	6.18357525620461	4.42916796956358	5.00148148171896	-1.66726729189453	1.88387607698459	8.54248962635284	5.21401608624748	12.7327989102823	9.52984706656602	0.37163848964033	5.42167213025475	3.58840473630643	13.6777740819022	4.79219465522587	12.2543981435521	33.3074778925787	12.3086600421185	1.28479016505883	32.9051802691881	10.3698201070695	17.6992541532045	1.14668167844853	27.5297009876081	32.7348529615128	63.5301376887409	971.500795730464	810.372978806354	26.9179415799627	35.4330646241602	20.5696224701887	31.6792566509586	14.2113955950888	54.8152114241969	147.740543769565	65.8051434054785	39.1545191395254	26.6452647013082	41.2263847996222	42.2353544305328	72.9383710107176	35.82721037274	8.83495926209719	71.731107129013	59.5531284677177	61.5713993801889	28.7198260645758	45.6928108869382	-8.69493266928621	193.833909938758
715.845	18.0531057285394	3.31522665317398	21.8292243265057	10.4694390336575	3.12756892032606	13.7613108217908	13.732558565194	13.703321081128	12.8633278199122	12.8226512847252	30.4051223101332	15.8241913280176	9.64013609147742	31.9548546073011	22.6689244326442	18.5126602573049	16.9107486921772	1.21191369416894	30.5478239833899	27.6094971712823	10.6064996630972	27.2928401711549	10.8071403514082	21.3992535044021	14.7211388710792	24.3589970006147	46.9224823280702	56.3313411342394	330.073038333495	1174.25113995877	236.34488826033	27.9754759047055	39.9933892452594	40.4593679335661	34.0487486013781	43.1275926978267	114.029395641631	131.421415993556	55.555672804333	62.6229137021317	47.0254832490413	41.0810579326131	75.8009018016963	83.3028085587496	84.5642911689666	98.3092697708555	59.1239831279954	68.3831938944508	78.8930234256852	107.493143431691	244.97455573629	105.546710648345	457.513354457321
720.586	-14.3722797296562	-4.2731347024957	12.8729555936978	-8.47731356803482	2.43866029819146	-12.5125217175075	-6.03817229907308	1.9021461175259	-1.67165444131237	-0.279453072306407	-20.8393596755464	-2.95142631609138	-6.18517550874473	5.65324839137839	5.49818530701825	4.366855181824	7.32070065275246	1.21495608774927	-2.21916749115237	-0.938264683965103	15.7185344823667	-12.1606027731946	-16.0347205547175	13.0400431937548	6.78074629815109	8.52767070783643	8.03126676021929	53.8017468758485	789.131827424471	756.258880331377	20.9282961098349	11.2182822660199	15.8862182153529	27.8132141571583	20.4805348396644	44.931384337477	96.3837880115102	65.162213560233	31.6107551435532	42.3899972745943	18.397477554487	19.3440883053482	19.3432126938878	27.0419590315946	42.8540962668452	88.4764681642166	59.2724082407554	-14.6903278653215	27.0574736509958	-23.3001069625286	-55.605179085543	-352.705585282496	-1070.21109541958
725.329	3.23287695126269	-12.9760904890584	6.94949147380491	2.04307817535643	-3.87901965753143	4.54657437948166	-10.7570750007128	1.28359685247312	2.65899290822068	12.7290921284629	8.18575878844987	1.49375020197008	-10.9563552044734	3.81489717039219	-2.96820661225843	1.8417622846339	1.95004700269681	-0.819870669113719	8.08664931402748	15.1957234077153	12.6349325150475	20.661933356148	8.33468709403243	2.1289397350754	0.80748524851495	17.2638019424242	38.7115699014384	217.837375302861	1055.00313930465	247.022446398467	9.83547230359909	4.92067280646453	12.2517249698994	22.2879213440361	15.8530106781943	66.504596021622	103.007160440775	30.8128069562658	26.9182125631886	18.4667828245411	24.4418244884446	16.4223743453005	41.9563648803296	59.5754018662926	53.7508569047933	11.3364405292506	55.9061751266249	-33.0441817551697	77.9509914549493	-44.2216776149615	4.69040155470833	-44.6270703404707	-66.3239909360182
730.072	-20.060226790227	-20.7943211432862	-13.1114429158314	-16.0352515510113	-1.77417105508585	-13.7246647559994	-12.0540722481681	-2.79844602834016	-7.78342351615035	1.70778170336871	-12.9886986769601	-6.76373651020631	-9.84338044702411	-10.3643671773366	0	-1.11193913513962	-9.81095477481461	-11.9621582094012	-14.4657938949942	-0.955647190282531	-1.88349878239834	-6.63529975923634	-1.7655982117073	-23.5641751950282	2.84379857023338	12.6336818726929	29.214485166756	654.472750049068	729.977175308978	31.1181196722305	5.32900462858848	14.4730786596548	11.1722706663629	22.0332685451502	22.4960373608162	63.0331494677023	87.6675716154176	7.75117356440507	-2.55526851027774	-12.5700310577092	1.75671688454145	-12.7112653635054	22.5160794059367	29.1631177640197	45.5457611104739	0	-9.60439811611175	-16.6249824913133	-27.5587466016994	-142.390620467078	-61.3549444756165	-467.011856603271	-177.965399373069
734.817	9.2821321203123	0.974027002532229	16.7254395601009	-9.93772836794042	-1.07204113502221	-0.987275635050291	9.66199986390937	-3.25184286868487	6.85872555064176	13.4723598301276	12.4425989155591	9.83902883879523	15.0678944299861	11.9841001531449	7.14362489433191	9.33177973997088	20.9465182552554	11.6314614416524	27.3154434252052	8.18052587875976	0.948418589960196	16.9284655851659	24.4488979795965	11.2183145063145	28.6393753509861	37.3742530659518	211.049321116832	938.95426601804	281.154495452548	18.5709565985455	24.1503439910456	28.7675779869372	36.4700210700431	32.0952401412333	41.1915415228551	96.0888808299284	64.8367997597376	16.5878884433354	30.3656974197102	30.8220309067287	22.4093276882056	44.8044901315006	70.8610369209348	41.6069936687532	9.5558964816655	37.9098052872119	56.6527088472337	118.873282488002	2.13491613319372	-8.96243687207113	76.0485447065268	488.408296639062	67.2096372104582
739.563	-2.76170978554909	-23.1551750789909	-4.45249205981243	5.02650751476363	1.80746297403634	8.32274106480367	2.25555872879803	-6.79843886978154	-7.18608916531687	8.11919659196713	-1.61371081373893	-2.67969974901286	-7.6213478352183	0.391068599461071	-13.6923109041874	-2.26560884350534	-17.5912970186707	-6.30342693371768	7.82915941336653	-2.92073908159992	-5.27681608148131	0.45065397732545	-0.899364631594469	0.872958240651472	28.9716180780866	41.0255158107704	559.538541534562	679.027754387233	45.8863317651162	10.1759647909161	5.81678806744556	-3.88017439745087	23.156311456983	20.0417123666802	52.5034449589857	76.9711756712047	15.350608932157	26.1575623123406	8.85093965801588	27.838923587254	6.56216469306085	28.4895366486884	14.3366178426083	60.2460018547536	67.6672748296195	18.5937422588697	27.956064218616	40.6486716746899	-2.15968309649268	54.3984556068884	28.84904129756	210.439043403626	-45.3262199696476
744.31	12.2814712637043	-6.97104566997141	-10.8002566652256	9.31381167118325	-4.01894230378435	5.71998614730806	7.34563439678287	3.10309605931389	-0.751338320300662	12.3090347398009	2.9357420638328	-6.57743701604978	-0.405413179784195	0.790501362523821	-5.38173077316819	7.25115123107495	-2.82854378672858	7.64500282539694	20.9458702799513	5.90394684401438	1.93936228158951	14.5751444567417	4.09042090629895	13.2344046468901	25.5166835435982	149.189969010115	838.256367552344	278.917562205118	12.3938640086541	22.9429850627107	-0.39193284751616	32.942018969092	17.0571122449322	17.8253135644281	64.8571195805488	53.3446657933079	21.6266464652007	8.97870256833113	34.2037321118555	32.6384938427783	19.2940811198074	18.9779976499415	22.4593968027401	30.0280791968845	65.4598687629203	39.9342398583096	22.6040207636965	99.284805919103	37.1072381632628	-61.0891020934517	0	258.926317892581	-412.29844104199
749.058	9.02326368940756	31.6903030697855	1.81843916678473	4.7044992892072	6.64366219706504	0.339908485493946	11.2590030940075	1.11957486371337	8.85519807578301	8.88202339073111	5.27243603473701	8.20810724651826	16.3822596673799	3.59361119428171	6.60174590084389	4.24093872836619	12.2462204095641	24.0275297131905	5.64264973770011	29.8214251176222	32.3265114555512	11.9633329114973	23.4159410944691	22.7284218468615	56.2033217735974	496.496065402808	680.700089239598	42.0428717292884	13.328305031245	21.5790161204733	34.8425783886133	19.8087413843059	19.2350907659219	48.2928081756958	77.4326771817972	48.0517801141794	25.6472650363	12.5978675964665	39.8691846266702	41.4993148583577	46.2917570231389	55.5325514331607	76.8496058126267	37.9187067081993	73.0378529700954	80.6847334522407	89.9129434372474	83.0064777859963	68.357686330602	120.34119062531	211.09805047964	625.905715846345	694.186866881631
753.808	-12.6459226938889	-15.3812373263956	-7.41383546699525	2.61550857274596	0.75240072987103	-5.54327168336005	0.521628645661752	-5.02099733803793	-17.5357087539924	-2.11238401889651	-13.770806282468	-7.56940083640902	-15.8628634616333	-15.46522881499	-7.91633299295313	-3.53668188216521	5.82496108083725	-0.874651946539685	-11.0233566293456	-17.7308421369736	14.4776168077318	19.6975542872028	-5.61573831623836	21.3491770383804	107.679871201387	750.505665838793	291.565008700438	13.5974399239686	0	4.48037886762889	8.07126831055284	10.0951101440454	11.0281062619584	36.7085559197241	58.1087938107809	12.8164547956889	-3.38867185298365	10.7860021128287	-0.541826529814622	1.73829506275568	16.1416377243881	22.2365013240337	11.9359365957818	-6.01205878015076	1.00600572858077	20.5596422140339	-37.8215383273746	-14.1008375992831	22.4755245533808	75.4822980985293	250.189999741861	-104.739615535304	-1108.50376289526
758.558	-4.09686034985787	-0.522029802058067	-9.43578931395097	-12.871470744714	-10.3420886290205	-0.70550720941983	-2.92112001931911	-4.18278068591594	-6.30160143509748	-3.3798139716044	-7.86554150110505	-8.5182910772213	-7.22557127572104	-12.8457576936287	-15.7175171913735	2.400656466981	5.93086865932517	-16.4752598846344	-19.5196169953086	-18.0532186351542	-6.60796464315012	9.0728116526508	0.952973645561318	29.1372867971903	424.517066618732	645.671470360028	34.9006947345897	-0.839070559134998	7.54471679893387	-8.70896666670286	7.39621577548182	17.2681424268005	26.6159781006592	64.9832364547491	42.3870872640493	7.92289825313196	26.1235758308423	43.4054814004279	9.9302012352876	30.0883031851748	12.0102798658718	18.5242894984004	6.07647598783953	1.74896231689705	48.1419403331931	20.93345105005	38.5091974350239	8.97325907281016	-61.7872518424149	92.8660874832244	178.317211982575	-271.457346898575	-72.0420142730265
763.31	-0.596983292390432	3.19488774830053	17.8056986971175	7.24367931076733	2.34425471371421	13.6730094353838	-5.95920675042222	1.42217452747548	1.60694124009566	5.32792483901536	0.697653605453243	2.8962782171289	4.7689746037053	19.8657491096359	11.5102942161065	4.89743938245048	-3.45691988168648	6.35868984435329	17.4216145725692	17.3623934572861	17.6283770821533	17.0476843334727	38.8821201733929	117.467293585887	723.333990497968	316.474993807925	15.869628501149	47.5007561036477	11.9711955561245	2.11507803131373	7.96342189735935	33.9695979671298	53.449304467368	74.9488659843506	36.0297612565425	33.2768534273938	9.04978612274789	33.6059433374876	21.9461936962286	41.5227078500936	32.8835547510676	25.8933699259442	22.4682296108766	51.7353637146985	58.5090189074198	25.1206551681358	60.4310537871723	36.6116460031259	32.6792595133408	199.249868006899	129.919483712611	573.562328078921	489.895719142576
768.062	0	-14.5114997259233	0	-1.37089649953001	-11.4365682412932	16.7063866655318	4.92132966153775	-3.58869942155653	-9.19119210624008	-7.27580723785207	0.704180546611582	-4.17624932269944	-0.875198370643402	-16.6385653081013	0.414927838594679	-2.47162883870611	-3.92541897147376	2.29220677063104	-2.51208622254347	-38.2359892270682	-12.0366444198583	23.5984114167602	3.43401487073417	358.079646915137	634.831334336937	62.3075314523697	5.62798030296574	-2.15969154707438	2.58925560245699	-4.6967047022539	1.26914592316793	-2.9631088690391	37.250743543637	56.4095783628819	4.0912694888695	4.31847990946593	26.3884167522194	24.2288184318468	24.4234626757177	17.0074337772213	28.6355441208712	26.8419849641268	11.7302237136646	-28.8106908070141	-10.5457863620809	26.6234566505952	6.0996420222782	7.39083370122676	-80.1064099515751	65.9390040608909	20.9815925476208	409.24243711129	-494.478968634261
772.815	11.4415075013059	11.2795330256266	1.94171175248846	30.1405130057076	18.917435279273	6.53311787161976	6.5575934155543	7.17282725879696	1.62094197407735	12.3293802587855	8.09291828390052	14.1902036048137	6.99712736274008	0.426358141352166	25.2944767799332	25.1122213125899	5.23055827814327	27.0308118700828	8.03355574457903	29.1894435041546	12.5519768135061	33.4097891910919	89.2275176938682	657.171568682786	304.127871330741	23.6793214102847	19.0364159035358	13.8132220771877	15.9569061191606	13.2277371306045	13.5289338801061	21.9976457373364	78.3051047100426	48.9445632580168	34.0721965741644	25.8943757382855	9.63578016415276	37.6652672481152	30.084163646759	37.0283093958495	36.4220244817338	28.2367244060332	47.6725257984838	44.9880313716499	46.3719049703149	76.0185687485319	64.005447514869	42.4702254853105	98.8919484519309	266.882869287503	241.13462771878	339.155617094434	988.328028760701
777.57	30.1085344703917	24.1150623960413	20.3082505446543	14.9114738338107	13.2708532694545	22.2209758413769	17.8433792535846	4.87936156561582	6.61593679845539	12.5807095288958	8.25788904501447	5.96213263968731	28.5590435333018	13.9215767710547	10.1547911334314	16.3826363116655	28.4649654684326	35.5291288171463	38.4249207426924	22.7444952961287	22.4137263375713	42.1122064563702	350.178397681449	613.270855593754	82.8767513164175	20.5824567904489	17.6586048142262	18.9398859458035	25.0833599031313	25.2531607668531	37.962967762708	40.5755674033414	79.4647023402246	41.0240138659478	31.9854045527645	25.9329213757013	47.091070441163	54.3553248842016	48.0733130472711	45.8352555078265	31.8552619266036	68.4292558357351	57.416235152661	79.8748628857391	80.6542788013947	121.523475014546	125.955331416596	145.081268452959	156.166863577163	285.771222716695	112.327199684463	193.39159096549	1285.80522093249
782.325	-23.7090878339001	-15.0257856742522	-6.03542161939024	-14.6679695080818	-12.6585602646526	1.50421384040886	-1.98167707168113	-2.97270602631339	-8.11737886045897	-10.1540648842706	-2.18740988234217	6.05395719273823	-9.96836834712234	-1.32524878660392	-13.3186178970788	3.41229745586811	-5.41938051531572	4.74688465108048	-8.32356569905744	-25.2942937410914	22.7589267092391	71.7770385048444	596.852324990063	300.757539287595	7.48028093024582	20.8994532428411	15.2409846402296	-5.36695386501455	1.78734569011613	0.884210072440323	24.5303205388467	52.1580590443089	39.0142495272564	4.52780834053331	22.1227100568655	18.8797779675288	1.05090843572462	18.9549887289219	0	13.8365663486258	-14.8251923216857	15.3594342344803	-0.809729436476702	22.3738038815523	24.022961306475	11.8144238636862	-75.7897519463312	-51.6561572140233	129.297197961406	71.6896688399335	76.0381225495581	206.705338490392	-460.802923826393
787.081	11.5320144409019	2.85722771103009	23.7566731910858	0	10.0631810178121	23.1687318364436	5.81388267910347	15.2624196777577	4.88616538981014	9.08120392195388	12.3536212695346	20.4253997640448	19.5412396361527	15.8761658969807	12.3525585324979	26.7170285080699	6.02855427635541	25.8336619125225	27.2433825497934	46.8645274099123	57.8678370238042	318.858267012695	621.736984194275	96.698887719602	55.2073866926823	32.1904914516718	30.3794192510117	30.3104214508086	33.4944499168968	26.7842134498455	42.280924345531	92.7135272852491	63.733833920846	36.7296297020691	31.4163154966189	26.5288273325805	60.4302413376351	53.8113503681521	80.922612474896	48.4360073041294	56.7404702870455	50.31901720598	45.7302989703788	54.5638321659073	77.3667538600703	129.402508403601	155.647412322514	127.6947702756	383.271121911848	301.465177912489	128.272219387769	689.82110526104	1997.82634928928
791.838	-18.5612027879894	-17.1266155550578	-21.1537366623499	-13.105359461737	-29.3222659506482	-4.62921875318951	-2.61369088144842	-4.82837716335284	2.29712524147999	-5.04018373098404	-0.373986381761095	0	5.11294299293872	-0.906323049257856	2.64439047845898	15.3144642526778	-4.63281830870063	14.1215882745558	2.66831011325605	6.76897391958911	60.5906837671032	571.817458318886	309.522580230333	16.1850309768125	5.75514196040233	5.12680320051491	15.1748678240752	13.3052023135883	22.0022285790672	22.2227812316205	36.3979633872054	38.6678281879546	22.2850459508614	0.464477738421099	8.69140211449687	10.7030967050935	16.709884386495	34.8860113080523	15.6860606461923	15.4843778191922	38.7117274033279	-24.7597772132876	60.6372722615451	10.5195736635651	43.6863073343798	12.1196315396753	56.691005689114	68.6915385973829	100.103693937142	126.071421301779	-89.1456592287654	434.692776035362	814.106614847055
796.596	6.51991397031522	-5.81545958634922	-12.6138663817857	7.41669090713445	-5.1205248966755	-28.6868634041696	-3.54998654425543	-4.14191628168138	-7.31254317494032	3.42285779710358	-1.14290673121398	-0.451878757998292	10.8903001352362	2.30811148072072	-4.93856491944484	-3.12007872174383	7.55090486389274	6.944601511894	6.52350938565414	21.2606758662178	259.911675408512	578.237939481482	80.152410342867	13.3958616072902	9.28243983990507	3.3234239803389	-5.62116030511282	11.2167870282676	22.8799600842489	18.9417427991155	28.8380813080611	34.3515501613923	-16.2150856063616	18.9259915914847	0.983741700806341	33.2279750925714	24.7091617647315	15.7296476356045	20.2809469607884	29.5752741631918	14.083748698549	5.35013302443025	-5.92309344140185	31.1737594500971	9.1286060293588	54.8707183808699	-26.3997520098216	201.925106738883	152.959026317206	-64.2126215670426	-249.727656887792	-10.8002128291371	80.2554606791159
801.355	7.87968921780869	30.6233758700686	26.768755688443	-1.28049935362527	2.2101597944805	8.14161637412599	6.12908847384313	2.01123598662654	7.32260521187305	5.31863943969077	3.61760719568848	6.24138678317784	-2.86120674974692	6.37596533799705	17.0529667917059	16.1605445196983	1.62958941503811	20.5541593957516	-9.85504310379871	43.6513020315912	441.89666257194	290.683203088181	27.4935030188881	28.0205749043881	-6.32614277354406	15.1645183566839	9.704991386923	2.42073734757378	-4.03086608708664	6.77991404211071	36.3540523067314	22.141767772121	9.9983974841853	8.57742904423724	8.06759103486941	17.4794473421683	26.0703808859296	37.7186101111211	14.3244264367739	25.5310083185665	12.7657623173652	22.4328599624308	52.5923077812284	-15.1373863160322	50.2370167158473	23.6837156554785	101.129393163176	198.475075388257	50.6163569216586	104.704657560174	210.679175140524	-83.9100560337484	508.060236442351
806.114	-24.7647375416844	7.02831577345838	7.25932357652692	5.97566365025126	18.7863582530843	0.339234015588583	9.70439008358495	-0.670411995542181	4.54506530392121	0.886439906615128	6.57746762852451	4.68104008738338	21.2546787124057	5.97746750437223	31.7805290209065	6.15639791226603	6.51835766015244	20.9823710498298	-8.91646757010359	170.636907941675	456.072551083651	85.8732369312636	21.5365773647957	0.444771030228382	18.9784283206322	2.04925923738972	16.1749856448717	16.5417052084208	18.1388973918899	25.9232007492468	33.5879831094801	31.2357081070992	22.7963462639425	21.2393481095398	24.627383159075	35.8552765993196	15.6422285315577	22.6311660666726	32.3625930608595	27.8004312802169	21.884163972626	33.6492899436462	39.4442308359213	26.9109090062794	40.3866212813675	22.4995298727046	142.435765018557	189.84572428442	6.60213351152069	132.420596326102	161.6840181311	-177.143451626802	-461.872942220319
810.875	-16.3222133797466	11.0444962154346	-14.5186471530538	-1.70733247150036	-4.78867955470776	-5.76697826500591	-11.4920408884559	-0.223470665180727	9.59513786383366	-7.97795915953615	1.97324028855735	-3.51078006553753	6.53990114227866	8.76695233974594	7.75134854168452	1.92387434758313	-4.07397353759528	7.70780977340685	19.2407984407499	349.706453775816	236.101867281247	-2.2960758537771	9.16450100629603	0.889542060456764	-16.026228359645	6.96748140712503	0	-1.61382489838252	22.9759366963939	23.1314714377895	17.3867206684368	9.09394033497825	4.79923079240894	8.57742904423724	7.21837092593579	13.8939196822363	14.6942146811603	2.01165920592646	16.4465636866663	5.6735574041259	31.0025656278868	6.59789998895023	24.8352564522468	10.932556783801	1.97007908689597	9.4734862621914	56.9743060074229	65.5830683891631	28.6092452165897	21.5568412623887	24.4975785047121	-438.196959287353	-92.3745884440638
815.635	-12.3823687708422	-12.0485413259286	-9.98156991772451	-4.2683311787509	5.52539948620126	-5.42774424941733	-6.89522453307352	-6.03370795987963	0.757510883986868	-9.15987903502299	1.64436690713113	4.68104008738338	10.2185955348104	-8.36845450612112	4.26324169792648	3.84774869516627	9.37013913646914	0.428211654078158	130.461999183621	382.444930299509	96.2982771312745	24.3384040500373	-24.2859276666845	-8.89542060456764	-15.6044855080754	2.45911108486766	-2.42624784673075	5.64838714433881	1.20925982612599	38.6853918873376	19.7576371232236	-3.55849839194801	19.9967949683706	3.67604101895882	18.6828423965397	8.06743723484691	6.63609695278207	-3.5204036103713	-19.0992352490318	-11.3471148082518	21.276270528942	16.4947499723756	16.069871822042	41.2073294158653	41.3716608248155	15.394415176061	109.675539064289	44.8726257399537	59.4192016036862	197.091120113268	171.483049532985	-400.903601050131	207.842823999144
820.397	38.8356111449142	28.6152856490805	30.8521252002394	20.0611565401292	8.84063917792201	11.5339565300118	4.08605898256209	12.5143572501207	11.6151668877986	9.4553590038947	24.6655036069669	30.426760567992	15.5322652129118	24.7068656847386	27.1297198958958	15.0062199111484	36.258364484598	58.2367849546295	302.221321849827	276.788937882135	30.7958957323365	14.235670293418	21.5365773647957	37.3607665391841	26.1480567973155	29.099481170934	29.114974160769	37.5214288873935	44.3395269579531	45.8641244025136	22.9188590629394	24.5141000334196	26.7957052576166	18.3802050947941	49.2547663181501	32.2697489393876	26.0703808859296	31.6836324933417	37.1374018731174	64.6785544070352	39.5130738394636	48.8244599182317	65.7403847265355	78.2098292994995	47.2818980855034	123.155321408488	189.439567474681	100.100472804512	79.2256021382483	209.409315120347	215.578690841467	550.077033999017	531.153883553367
825.159	40.5241159773018	21.0849473203751	10.4352776412574	4.2683311787509	17.681278355844	9.49855243648032	9.19363271076469	4.916354633976	4.54506530392121	9.4553590038947	10.195074824213	23.4052004369169	7.76613260645591	28.6918440209867	4.65080912501071	32.7058639089133	3.66657618383575	111.763241714399	358.066566104686	97.2233545249076	23.9523633473729	27.0936950745698	18.3290020125921	6.22679442319735	11.3870569923793	24.1812590011986	8.49186746355763	14.5244240854427	13.3018580873859	24.7267453300508	20.943095350617	17.3971032495236	10.3983333835527	19.1971030990072	21.2305027233406	22.4095478745748	22.2783254843398	5.02914801481614	20.160303873978	35.1760559055805	20.6683770852579	21.1132799646407	26.2961538906142	58.0266475447899	37.4315026510235	161.049266457254	150.981910919671	46.5984959607212	66.0213351152069	200.170668865038	-48.9951570094243	102.556735152359	1108.49506132877
