Wavelength	500	495	490	485	480	475	470	465	460	455	450	445	440	435	430	425	420	415	410	405	400	395	390	385	380	375	370	365	360	355	350	345	340	335	330	325	320	315	310	305	300	295	290	285	280	275	270	265	260	255	250	245	240
248.336	14.6098669000092	14.0352916101136	2.71770258261805	18.3252515058664	10.652714947421	8.7894848604859	11.7195349604638	6.45890665674109	5.28304834728802	1.17814582100047	8.84823417908373	2.33337662510019	17.929099574056	4.76717402853579	6.18272326417035	9.96862145710426	27.2092536390059	2.56101678344174	31.3549183645411	43.0444839963613	8.28793158533252	8.70255932821595	-8.22749302443628	11.5305615940678	2.94535474463415	16.7565439659058	30.6630562826877	26.1580041315402	14.0877767139876	19.9102853378418	8.28177017702192	11.0524585257356	14.7746744839026	21.2140800294351	43.2354191588231	41.1569608391199	73.7820049752437	79.311485984846	66.7510131742992	86.6872402264235	111.031587801292	151.530829876884	465.23207272818	758.945393817182	1038.69016078373	1223.50422942966	1186.11870798629	1111.52529071938	1230.99168633879	2875.17153421727	55232.1271299755	183229.1092237	66389.2793839368
252.814	2.69204632478737	-15.0090444536665	7.05250910002112	-21.437809375617	0.439958724533133	-12.9565590582788	-6.10284259987334	-8.00261440000229	3.0131095127154	-5.29151389684932	-13.7375888600525	-12.5761289832351	-8.78472021155612	-23.3144656701037	-6.01662306092039	2.29605024300197	-24.8062792682693	-15.3367046852638	-12.3311385865812	-7.11097457153332	-10.5104029726619	-16.4575154950927	-6.56940277948357	3.18697009779313	10.5829925529238	-3.91597767158666	-5.31550044986357	-12.5318221142526	0	-16.6926447245545	15.1148375632441	10.4009538547579	7.65219107932746	32.2488640166761	30.4607350105293	38.0420091035455	41.9186415675591	66.7346834779877	77.4099476476759	78.0389132185021	161.323658128915	432.417588388811	814.854818901266	1225.73173620286	1282.92008819513	1373.36661393853	1207.69694189106	1370.49463463442	2614.36347593034	50035.2928346077	199233.463603478	84886.2045201369	4967.94555543714
257.296	-1.99764314257855	4.1580067658158	24.6906345250176	19.6956282257343	0	-5.60843709024966	-11.4725480808551	-0.263927566206477	6.55860859504688	7.3296306944887	-2.71840791932533	-5.99101887016644	-10.1402541503695	-9.41528560769376	7.32661803622588	9.54123942519507	-1.44373280148311	4.04645675913908	-13.3096261239063	-1.17260567497816	14.4431189284383	1.62831487060926	11.9163003512985	11.5617489658308	5.98335207127232	18.8881291364475	3.82486029993086	-15.2603666540832	-5.72373349151392	-5.19067583564023	8.41201672443033	22.9203204492411	11.829869356389	22.7217857172229	35.1610053792607	48.241478016499	84.0699629533697	58.889509523088	106.095695498307	120.853711908926	346.550270047971	798.679508556206	1163.96603239633	1302.28335050424	1319.44796905445	1294.37715420922	1289.28011068572	2364.7864927706	37145.8551626897	174767.81289309	90610.0500031962	4829.73827300467	5188.38314687847
261.781	1.35138910320626	-27.726735936848	2.72331693445829	-6.66196499208126	9.71767777979405	2.0325329013178	1.83815150106005	7.49888247555835	1.81507279043083	-8.14599984346229	13.7923539568131	6.07931224978111	3.42989913225018	-10.5094489948244	-4.64662185831358	4.14936626493131	15.1384365812622	4.61935340411979	-1.12548153172514	13.6837016012244	8.20734665814632	-1.65231236187387	-16.4889794967927	0.533279166700076	10.625181805862	-0.982897193308741	-0.970307412603138	17.4209267138328	37.2685628692941	24.8993682886384	14.7008714230786	21.8341454890194	34.091966383422	52.98124022131	47.40235911565	47.8765648869147	86.4464071281235	100.802888444114	114.666703560034	275.247014399825	755.115380311562	1162.19976996253	1292.48037476463	1358.82855430431	1311.68982981406	1356.09778151008	2308.73123886122	28443.3754677246	155821.868547663	96912.4543038929	5345.664348385	3505.43959198869	21835.2626095168
266.271	-45.3578270622739	-20.8438394771273	-32.6842167703041	-29.7092533839595	-42.6796950081734	-21.9129747297714	-2.80433860447504	-9.26137183848987	-14.1533261895196	-12.2476669092651	-22.4448271358813	-32.3428211445267	-23.9211709073167	-29.6377335430337	-16.5410572072108	-2.81350959716088	-28.3107957077186	-47.504851013674	-32.6242939269079	-28.4401252810919	-13.7138838196168	-24.0878058003655	-27.3921733570654	-26.5771609179353	7.20448595609014	-30.9904353356891	-12.8295253644496	-5.90619643715838	-10.8301005789053	-10.2273276200452	-16.399031142506	-3.86212426650065	15.139561094851	39.4169797628861	45.6202402388358	39.3933904419852	64.2072732890613	76.7404615358051	222.237237904609	595.240268397626	1104.90656070739	1317.42626191721	1295.83580721471	1298.87697555428	1367.78538220334	2022.63833202348	21676.3046395092	132589.096019205	100454.055192435	6585.74970716873	2097.12973698803	13750.3853967899	29113.2313641997
270.764	-30.944058196433	-17.175654062882	-6.65156388645503	-36.5065987337113	-12.1371834509337	-31.854635764503	-12.7828663409906	-11.4472757540788	-16.6245881144362	-2.88350618131122	-4.41140949078785	-7.61457062656859	-26.4285609550915	1.94460588460889	1.41864236198968	-22.5213716816107	-6.9576360292634	-39.6978156363462	-1.14538821766874	1.21093293974268	-34.6032645928231	-16.8153724237291	-2.23741658477017	5.96982556135982	-27.8051455873458	-3.50098683480355	-3.94987797341729	8.8645275983825	0.985136147510639	-2.43651633863896	22.2000296953839	-0.48305068968732	34.2062984941279	33.4493363750496	53.9466753858358	67.8842461218654	83.34512272395	171.385883333705	495.304780225736	913.841760374215	1405.5228765751	1306.11081089863	1210.04215893388	1310.94544039638	1844.05006929921	15846.3668474333	109472.38871944	103145.228160941	8637.72239742405	2281.75203397757	8632.60412444002	26040.048636102	9052.1464748453
275.26	-11.4429435366738	-15.611789222723	1.08516704041487	-20.9305801965504	-23.7613980758588	-14.9833084704447	-2.44150971314968	-13.0729323119242	-11.1502071699567	-2.11692868773844	-9.02893657490895	-18.1682928592878	-12.2028629446142	-12.3728295623815	-17.5897369300146	-23.4232878203799	-20.4318192964547	-26.5876798105109	-9.53006176277738	-9.48274687969138	-7.59200543867711	-17.5573631590036	-33.3995622540615	-10.6248554422833	-17.6410136542289	-18.1141616853174	-29.9646672657058	-23.6212703156856	-1.92863626512274	-9.06310481851809	-4.25169704571556	22.2236118214474	35.8751216799321	28.8329310265654	54.3299370494642	71.2726707952744	124.642013860194	419.109688274143	847.831790965413	1211.48457458016	1334.39393623799	1265.88266247667	1234.26113036657	1730.76813769346	11133.2989451576	88996.4143031366	106160.671604251	11155.5476759852	2878.08209045739	6016.19065129553	22553.3168177998	13211.9735812997	-883.325152136683
279.76	3.27216108626875	16.9298522009359	6.33029111325089	4.96333110494137	-5.56157015915867	-9.44915723895461	2.07702797993333	3.63145616148713	7.91080745812089	1.71514491424048	0.76333398699081	-2.71754411395336	8.54220653347277	-12.954765363718	-2.25020243115854	-2.67919773169129	0.945939981229062	-4.47399447481761	8.72052465170856	-7.4908890641849	5.11012478373516	5.33439475973958	-2.1293486110917	18.0774394773144	11.2709147620628	2.37991999500143	-15.0363901544812	-2.34343553707883	7.50042992160439	34.3187103421411	38.1218292575356	48.7302329617323	58.5974209866575	65.0928348977449	86.8848247686369	135.983976660622	378.971065132585	772.277847347487	1148.22090558381	1274.20052509118	1242.94828648087	1216.93703575921	1556.69379035834	8949.47009481372	72098.5942929927	86650.2505937375	13519.1832672376	3401.89649990732	4974.29632592639	18130.7711955186	17796.7742856909	2616.63086285001	536.755436454903
284.264	-7.47408030048442	2.22242443001752	1.00411689490557	14.1711907888239	7.73605433035063	-2.24825168144148	-12.4253555757813	-8.14664050634044	-1.39424436130182	-17.6293547753737	-12.3502390310683	-13.3628436936423	-0.903315371187078	-1.76134063146695	-18.8458662245571	-4.24976933770482	11.253443558826	2.83867731167989	-12.4493224414316	-10.4197057889728	3.78267368439378	10.6614503444145	5.57302902430142	8.8481651325335	-15.8570387938422	8.60711878596718	0	12.4897251336892	16.953587572445	31.337866813173	23.1677229670783	56.0034051798972	57.5391115250402	70.5422097079616	92.5570129076762	310.40835730555	689.374491170744	1053.81063391632	1165.01786936459	1157.42453278123	1125.11004929886	1318.84729741143	6133.09783440029	58573.3467448963	68624.633774527	15764.1462025916	3676.15871446391	4301.61583632756	13673.7727303068	20146.1972890623	4873.36454874952	1358.35369056353	587.47059629458
288.772	-12.3653568419065	-4.20211412951752	-10.4420989714155	-22.3288286137346	-19.2462782448482	-13.8155802269382	2.40275508112003	-4.90111341760431	-10.808454402825	-3.70369102795499	-8.58513839303789	-13.4481325215939	5.12391004176326	-11.2397841783252	-15.7920634460958	-12.8566014951655	-26.384445021617	-19.2328691741554	-23.0485270977378	-9.85068205916744	-29.6305475699525	-11.0391510382285	-5.26868398558858	12.0827254606356	4.85005543381271	-15.4176272679107	-7.18729080040718	23.1936118325618	20.245574277577	25.8710238808097	35.9532024308958	32.6770168082153	47.2834425270503	77.8048545004272	244.740334054229	579.413204970222	980.317124889997	1117.769826726	1069.19777746697	1028.90850359189	1094.82083966881	3902.71285404012	48135.1802067846	55418.6232844472	17786.9648267931	3801.687906398	4475.4002837268	10311.2232513139	20017.1072909988	8002.09095176823	2196.1122176119	1770.60289279968	917.598596583795
293.283	6.20859519060338	24.1675370991864	-7.27944731041883	-1.28419356845447	-6.64144469903352	14.2615625942723	-4.60630615712592	-5.36908153945619	8.33886566831664	1.47923375200055	-18.7627048680141	-15.2344207923605	-3.68363049558062	-7.9806360117995	5.43394963342599	-2.69579922573602	8.56621299332861	5.14481979799734	4.23059185246208	-3.47875658111045	2.44847113185409	-3.22046941731284	-3.67293085167343	-8.01820886130744	6.76218892000487	-15.1890308876161	9.72614717862204	21.4237190577961	48.5158236591272	43.997491128296	44.3659361596169	45.1994823894833	85.0314932158695	196.283647686921	497.716181656997	877.577461887805	1054.64567585281	1053.78747803103	983.902299505285	1001.62270698766	2556.55519521347	41646.5804849138	46095.1413186145	18134.6548175486	3647.63638725442	4575.00825185455	8054.0611805407	19118.4685883794	11585.263195994	3674.74679945187	2512.35205424184	1865.0611557766	2013.73211638261
297.797	4.9177115268312	-18.0348594302678	4.84496886379212	-12.4322682282138	8.5727701232875	0.657457522206639	-6.93678456882271	3.03205220472868	3.18021345895134	-12.6019966782133	7.01072857500012	-19.2864100993791	1.98117772116282	-1.93151192249472	-12.0242343594728	1.86414370894126	3.15921688499971	-8.71621827503273	2.27535154122718	-15.8766847628921	8.05923437612307	7.12624916195072	-6.66705296421569	-5.6061936212995	0.409154373844384	8.7432098659438	23.1473611721463	12.9137631208346	38.7487090718995	22.0714041850354	52.5378232878707	54.5050616840222	186.770766930135	411.38385559071	773.662244084056	1025.32767871259	1013.64311084517	935.726095822595	910.787803100275	1933.8308812054	32927.8135072438	40289.193836689	20204.5888279299	2594.43993395443	3862.21141095169	6257.93244013513	16666.0553638747	14798.4812780038	4809.47021528404	3219.9883520372	2617.47182536064	2202.788439894	2420.05970429182
302.315	-13.4103141133557	-0.957016521145978	-5.18869273361355	0.406824892852392	10.5198511129484	-5.16340377057922	-8.02587733008471	-7.44140745680018	5.28340620192674	0.562334957075528	-13.7648521524124	5.93990645720466	-15.1703793262158	7.96388693337745	-21.3950767855769	-10.248158141594	-4.65210065625294	-12.2238625925224	5.80764757786702	-8.50152407363602	-9.7733299576097	6.99583253481631	-3.05435201463404	13.1239581361885	-5.62333084537723	8.58320143582422	25.0346333358014	40.7214414911468	26.5124300965226	22.8078716598441	55.3410308943789	128.493533460631	352.220150960699	685.034949534144	987.718781214955	986.491802199307	944.525233889774	906.142623220995	1467.61031474278	25577.5587352131	36403.8656373255	25987.8301331172	1619.83725069405	2422.73702654579	4469.46028624927	12440.2858673946	16704.5375896084	6366.439693663	3890.47700869858	3205.04479446798	2611.54098328837	2375.17797976206	2221.7853593665
306.837	-10.1635716468545	-7.15771675841015	19.4036320758363	-6.49114501487565	-4.54595885935894	-10.298166125661	1.21266932542747	-0.424043925860969	3.5923313640429	-1.12155064053428	2.49575914822989	-4.81278859599127	-12.4129675958477	-4.15998999510708	13.6107291008795	-5.83984849161079	7.34539691000422	5.2823158665873	9.35556471068686	6.59395728790442	-2.32052943166251	11.7727249217631	4.351258235642	28.7081935395745	9.61325919296268	21.009426335237	34.1831196500376	44.8225901909542	55.1768302616337	58.3778425875461	110.750510390906	300.99079860933	670.555329565867	947.611944317984	985.786371127873	953.944984992798	907.236982543098	1278.74794765687	18920.6155261889	33833.8914050388	32921.1439969728	1548.51029220707	1400.15045905762	2571.06466977968	8341.07734798495	16499.7810407072	8167.9913875705	4488.44148528863	3726.92671452272	3117.20207467537	2660.10425357515	1917.85119847412	1996.25459741357
311.362	-2.67124428504784	3.81262495598302	12.0581143564359	-9.72441355984212	-9.77892307330901	-8.03527553083755	-5.32900243033385	-4.65858883394457	-4.06616410314263	-7.84093362296584	-3.11575667666337	6.65544023571379	-20.1455828375181	-16.9966356367806	-3.67392694061232	-8.38417400274605	-4.63333564987367	-5.6814593033472	-14.6830237686075	-10.3488388548995	-6.95279116998864	-0.435475856489455	11.2989752120686	-2.95152076068105	9.2010649389371	26.8114544935799	19.5633270017961	40.9397998705721	52.4282875451236	85.1845214676765	275.589019123046	574.575023516056	911.926614046095	937.105484098524	924.895959300698	861.29353639103	1111.59097228051	14320.4872566049	31605.6565325439	33801.910343292	1857.4709173563	1018.50788890852	1405.31411140109	4921.71327866222	13959.3540563877	9407.21940954997	4789.40267376997	4097.73638575871	3387.82366967768	3063.61431223398	2354.8401818738	1915.42767441505	985.911427392576
315.89	8.00564352212302	20.9482699986159	17.2084892684581	4.04774891993832	24.0737350333027	13.1645497011348	9.92129769799029	5.07696686922747	9.07989788370633	5.31526270240623	20.5432360747601	21.4236598074532	7.35345570942695	18.1114439016876	13.5798079115848	6.91906538887427	15.0431404634523	11.7568573670095	18.6686210171239	8.45868468018635	30.5614002645295	26.9722488906161	19.536178230493	17.2700281753157	31.9713985139059	50.4633436751006	44.4520623070656	66.5077986000139	87.5471423848916	254.539168583259	527.39816188417	864.179320482437	964.862397545115	926.472456810511	884.910335075115	1020.61171870675	10256.5638369638	29957.991739402	31617.0257974997	2204.22422673377	950.848842726078	1083.18418595222	2737.14611410476	10718.6000813991	10606.3221663823	5060.39899192348	4560.33367234871	4175.43925617398	3653.73645914113	3075.10960278067	2640.14106311686	2865.83229263453	2517.00810512225
320.422	32.6083963426778	13.828914818278	22.8377461287292	-6.48676501134245	19.5693783435451	19.2960323886931	8.72532761383171	5.93260913650978	12.9236665723643	-1.12079385636802	8.41750344554218	-5.17950578944165	3.87643492130173	10.959846026502	-1.83804662763998	3.64744247549055	3.09071178374423	5.27875153978424	21.8149210867473	11.7669784109852	13.9137817047094	15.2506421511466	35.2214094539734	34.1734500075106	34.4242681004107	58.7089395073298	54.5025581397819	69.6769817862046	190.691112572653	453.448870753302	823.127663403467	943.294261027079	917.022850383541	852.663378747891	912.134320712537	7354.46414555275	28241.7002828032	29973.9504712646	2995.66201236787	855.396300235441	933.323444639706	1538.06404077001	7486.47880760624	10739.750655868	5287.78880919042	4726.62567554779	4861.22829429499	4318.1934996204	3780.87407955815	3226.14348683473	2904.62118208272	2472.97690040978	3156.77685016762
324.958	4.96443425157671	-2.46029823923725	-7.1141824977295	-2.51007721295532	-1.44236987057696	-4.31407577661769	-21.7583592109591	3.93539072625186	-9.13737306565233	-7.22825402793358	-7.72073112234007	-4.96285158027203	-12.0000042504392	-14.8189591006177	-9.10385662784342	-1.88185476680298	-21.1286640799155	-5.44701873417511	-8.72848389810166	-6.31387454219581	-1.43573019183761	-8.99244374945428	25.5755048798138	26.555916201214	37.5867957833212	36.9098910661665	51.091176162625	163.943305223312	389.192971077878	770.457072920815	957.762695579396	909.04045862203	876.480662540206	867.027959019143	4960.28388294468	27523.0922614846	29098.2995290814	4047.01827232714	812.831709005519	798.123300210071	1007.14826931347	4515.51565836112	10234.0663410331	5322.24033705708	4240.71194351642	4762.41041951392	4763.49232865863	4330.65853638603	3692.08290836941	3211.38120671204	2527.24732694963	2469.78396754301	2850.22788035581
329.496	23.0093397695771	8.51059099303214	11.7617356360976	8.0869075500442	12.4735081233067	-1.68813614146587	4.58007343509764	1.7795016144476	-0.502507646974369	-17.6497149274978	10.1461651467205	8.54483463556809	-2.03480687393262	-4.36435264185697	-0.771857645173533	19.5289692604665	17.0348575330531	14.0676807237352	-2.80433253851743	-11.8592407098258	12.1726359528449	18.755326870515	17.8035666080935	26.5751516508349	45.3848301131843	48.5730018542364	131.361118291935	365.746373592767	724.798909112666	925.844060256495	920.470726190088	855.082077255188	832.710576068224	3622.99472998848	26532.2636535073	28002.0787443475	5550.23165443413	797.620979731615	756.078580334282	863.506614869687	2568.65789171185	8765.76823957217	5864.81147742087	3633.94537733814	4251.64250940236	4859.45853042112	4825.08580790084	4302.75910021296	3751.94570172197	3273.40483649743	2615.14014096749	2160.4222622039	2600.641741559
334.038	3.9536269854985	-10.0766957421931	1.82110677022737	-11.9940059655416	-7.01520957735368	-10.1937990960535	0.256080959347797	-6.9398078374662	-2.5286576280114	-9.47357232389506	-0.988186325167091	0.390893396194107	-13.1063125934074	2.39582863677143	-2.71883346207976	14.6443498052096	-6.1229093018927	-18.8772440961833	-0.940774653904833	-15.9137661759026	12.7407597070882	12.4303082006304	11.0263303605251	26.2998859167038	48.2135557428003	122.827757496415	320.371356476328	667.825597765644	926.88156692041	920.176614512184	846.304207415407	789.548258323025	2545.06390269099	25651.1965581442	26651.7831673775	7265.53860871189	688.84098759567	722.514818671562	706.615208658094	1521.11614203866	6723.55249088933	6510.88128011039	2877.55745947806	3675.82401685409	4424.25224609298	4809.83712219012	4871.76613511072	4432.56038643125	3727.40785726042	3229.56728224623	2548.44278059592	2267.5994776505	2825.78599228397
338.584	-12.3967094313952	-5.52925887557876	-12.2638059600563	-11.966037214692	-25.4168794100926	-4.74601317719524	-10.7303198389261	9.15705234136721	-4.03641770623485	-3.83966413886061	3.94352791751847	-12.4794199750086	-17.1619219555586	-6.37397818210095	0.774998123021125	0.768957933336601	-24.8417673935166	-4.2802782644233	9.85509910465817	-13.3959293096946	-9.77773046588488	3.67446578939423	32.0851362026916	-0.889442622707469	71.307810842093	288.935257554235	592.720983141274	858.7637436656	894.044169703748	824.98988999392	770.773098304913	1799.45555118927	24997.6677634943	25539.0156197633	9691.37008972276	669.770642465758	643.126453214051	666.465717642439	946.685763489861	4670.31736295389	7014.51954204783	2435.88697310786	2547.63932621032	3704.29533817311	4389.2765019616	4616.06485455668	4650.75791200593	4256.32591666127	3626.1337976344	2997.17140937817	2380.83822717085	2448.5101678269	1270.94926831687
343.133	-3.94078911138237	-1.50659633566344	-3.17658850339818	-18.7865229690722	-13.6168381438421	3.72558951494089	8.1679819360331	-0.223137854718764	-5.29293826028765	11.5084253733702	9.84977572370658	4.28586533224167	-8.16484682101989	1.99004092511282	2.32286151619949	-7.68252523400067	6.10302752267314	11.1185144607272	24.8495760824763	32.7155655269912	17.5837694107728	57.819746056791	37.0930273370286	94.6387419676286	252.510030901057	535.984811806146	819.346946687288	893.052973880524	806.119547508444	739.256483440981	1369.84038095183	22639.8437126564	25021.543322391	11900.8978850452	660.362097641098	583.550838648703	642.062628870657	713.630886685661	2891.58963170624	6880.97957787972	2999.20981704831	1610.5537934542	2618.359123331	3605.01029084986	4242.3597954395	4477.99955002254	4437.03604203826	4019.34099933107	3400.37357037902	2926.71660307832	2280.76714360903	2343.9487821051	2193.26215426042
347.685	15.2628020962635	17.6493636228111	13.2143641948676	10.7181318281664	21.0637048757122	5.10127728791651	2.563009079303	6.27359731504123	3.79624424764818	8.88910237413907	5.60453212508084	8.60704098141743	20.0862785087739	0	12.8283666107355	6.94275530884552	-8.57943559781057	19.7522513455597	25.4227325660158	33.3480660887444	26.4843057692081	55.2932649943391	91.5051824916002	225.748683513369	485.089399953802	794.337952589536	864.527970427967	817.382177115385	739.793583212826	1097.22857500408	18018.1566502617	24846.0682558011	14648.3939929163	694.004144906852	573.960703562487	609.806940371018	610.925813084176	1730.57610076707	5945.03600123626	3870.74956852645	1275.67294305994	1599.29317914499	2625.47727815176	3618.17158491327	4097.55628088661	4304.98153617691	4131.9674487115	3883.33851237706	3580.23504271221	2861.51808745113	2491.65750246399	2820.58943053157	3454.12907363959
352.24	4.01156919898419	-11.2468117646668	-14.7823673893395	-9.56197283953398	-1.49853067059971	-3.1029581665913	1.29916971521836	4.77005780217132	3.33543114215574	-7.20930889755424	2.00533729632961	-4.36284329657613	-5.81804632704551	-8.50829210797854	11.42881387488	1.1730765359958	8.69770067718449	3.04721116487127	15.272994194474	18.6699568460649	21.3800653484035	59.3253691618928	204.645818203755	425.608283743381	720.928489103768	849.470125419231	796.618774488513	717.424183883961	918.708710653708	14535.7278485092	25202.5530657426	17569.4754447605	751.373552576457	511.347431469023	570.200553022035	593.119440787485	1072.76346390897	4655.61744121187	4885.34407189989	1347.52126958739	1085.96522448807	1597.14992008289	2575.40062350232	3521.63340826129	3917.29676928229	4032.78049523759	3994.56394552662	3697.84502598927	3259.67901090394	2813.24518760034	2496.11075048433	1950.49971334227	1292.58979411636
356.799	17.3840344011712	-6.20298972323171	-6.07226107418609	10.108011581907	4.92449915220957	4.18338396178447	-0.7881887077817	-3.21547733405468	0	-4.85976697048247	2.02768505883111	-9.22396900972291	15.1274146071185	13.1095005238806	-2.39093341932412	-0.395383155618037	5.86308605592749	8.80334204898655	3.86079965056648	38.7764683499792	54.2971954574694	163.427785951881	426.108163590355	688.745049873234	800.123254702913	799.932254060455	703.977231562452	847.014136515279	11168.1171186788	25766.1737718017	20572.6684005299	929.722558569072	519.263373328391	582.255173358907	596.662247838972	784.26132396399	3206.35762789927	5339.5497690993	1823.05566727482	963.475794681813	1137.48517775797	1586.41371995207	2562.74243951757	3379.93473706538	3656.65321418647	3881.45531569578	3770.68790962694	3500.92064547365	3123.7244508289	2581.67712448856	2523.92776178281	2383.91676289987	3113.02349617157
361.361	-1.75051054560324	1.56154760658637	8.93665192633704	14.1612644144856	-3.8144583166301	15.7969467251179	2.11647478839058	1.61893575809758	-4.17980324018472	5.50531440315981	9.52843203794238	9.69204450147632	25.8110815515658	16.5010020006476	5.21643431372114	17.5180192178702	16.0249243598062	33.6856810123475	46.1662971140236	31.8537456666316	152.382220196994	380.97499594059	682.059639348376	790.250830389067	775.547660771823	680.306595283306	776.751575768297	8880.99488447024	26231.371337842	22680.1936799943	1246.16743306795	485.314346967565	543.197869775799	594.359345166287	674.324334644463	2069.53961421259	5123.4676456581	2642.23752715641	979.764730286645	953.123825754563	1120.83574846252	1567.36022029664	2445.04906501755	3173.32130828299	3449.24247428548	3595.46497228207	3464.66044799902	3240.7732816279	2837.32305371806	2545.43122844108	2338.59102634805	2294.47249583771	2536.47815816869
365.926	13.4615585114851	-8.87578811655369	12.7382285464555	-1.77556295483981	-1.91305258670576	16.5494104849664	0.265367139481889	8.11939463655008	-7.59902518809676	10.7374633852898	7.16814422035932	-2.4304094139895	-5.09309344629614	12.4135389379995	9.65974502167195	9.58445878483878	-0.845992314768221	5.77961783135705	39.9704759659769	115.951231952268	311.280780216778	609.226638678494	757.460156178637	747.856988918766	692.016254211108	704.094082989721	7259.63021785549	26277.0849634959	25335.0406399774	1567.39684187066	443.220582508219	490.496487838807	552.758938199587	642.066364410951	1281.68450398233	4352.54668580887	3545.94742760608	1099.54464661776	946.889272032128	1001.47516570578	1168.49529403509	1559.79382674701	2290.73526277292	3067.58269745448	3264.09256880175	3377.42355981103	3248.59321312339	3065.78783218384	2612.44606521365	2489.21325001573	2137.10900551468	1934.01538797598	2472.21659226062
370.495	-23.8017823580766	-6.73223818619975	-6.08340514258862	-11.4474181719574	-9.4875707687622	0.69851024727099	-13.4237988212927	-3.45147697824182	-8.83683851981904	-9.43307877394872	3.72424497786336	-16.0711256083819	-13.8922456505881	-8.20847476844049	-15.1703686177231	3.16887023504941	18.0410991582093	14.111197298927	81.2255881949345	234.10810143367	534.398624357329	742.453137558026	688.502074567714	656.104235867255	648.576343997297	5761.38430535374	26159.568398793	26092.7572495502	2085.02591118601	397.820047884439	441.657768157424	541.974127702071	571.784185021311	891.423220030597	3209.49671287398	4162.82682577301	1422.88544384667	949.036249828034	940.292967314016	1064.75369723153	1201.00185180719	1509.68875105487	2220.14743379091	2804.14531193384	3019.09975458542	3048.33307117779	3003.27919961615	2848.60563004352	2484.48927555641	2300.79873235084	2054.13938211625	1803.20828705711	1023.70744919871
375.067	-2.89265608340166	14.9663291839863	11.1922088281596	0.438768432730703	-6.0511257352366	4.87272606053508	6.81992787212502	5.27403166208733	1.55406946425709	2.72920055911765	-5.06101925361062	12.4122116588299	11.7467498494023	10.6342531533562	28.2469824781565	13.8160433553997	21.323863254868	69.8734496514387	200.918909819667	484.431813928653	722.290522550027	713.958803859559	598.128442337659	613.206869052996	4851.89594855517	26399.2793849105	26061.1350291176	2717.99700056886	396.588612064945	418.588322141028	496.168252107885	584.404612438648	718.229085759108	2301.31488254114	4506.79252534496	2037.62600628235	1051.80078804616	1021.2212109092	1076.13879602317	1129.33551391519	1310.55373039367	1588.59774884615	2230.51684008241	2743.48700739013	2861.85841045171	3007.40388862533	2899.2200659919	2712.82017045619	2518.9302596391	2229.62032469398	2187.89225811319	2523.44095334274	2325.0626434227
379.641	-16.1619719916599	-30.3261085040275	-8.08623991075119	-9.72148845521357	-2.18593376769981	-4.02341435391794	-13.6448808453097	-11.7073963202984	-9.23188646672186	-9.63998673119097	-25.0268972001216	-19.2853283437279	-17.7820537914173	-8.27413296200823	1.1497529185042	3.80263986797045	38.2638682166833	116.840578007049	315.154916365805	565.293735812665	591.836975170378	585.103498970873	565.761047998082	3798.50923156606	26143.8908096461	25394.0075915068	3221.62595125519	350.436394797119	341.720962082442	431.274279728332	509.64965658596	611.903984312631	1500.99362473897	4057.50090162892	2717.88747120016	1085.70760537063	1012.74926614049	1026.57598718516	1110.22308747243	1120.50123774811	1261.27613828133	1512.02844283424	2050.33805289259	2480.4817878122	2634.9363219387	2668.46077553879	2658.86875294306	2486.82982832607	2380.7465941642	2184.39164843844	2175.46735007622	2108.60026418922	1142.74187261544
384.219	-21.0164661699638	9.37389738354902	1.33744248992247	-1.6778172864517	-15.908094771762	-5.65642692432166	4.01213663680315	0.65763580452501	-2.97132201973793	8.4069843443958	14.1921667605213	-12.2486085646436	2.40635799547882	4.69206685337629	2.66232487822372	24.1515448557173	129.905749319581	277.273455457215	478.113944317935	551.249064212298	569.575290064334	558.557494160687	3034.90107521103	27395.8002671833	25992.4040086811	4129.57196232255	351.040559340832	329.943391178495	426.275008354407	496.185844585223	578.353453393674	1025.67075921077	3398.87398461589	3415.46172337872	1327.10827165615	1063.34891023564	1078.12122080344	1161.54172207665	1183.63107627896	1202.86552054288	1327.5109389108	1547.20118731848	2014.62660963834	2400.44312659675	2512.24879549304	2636.50267130754	2633.0195622731	2500.11682399129	2204.67441338637	2285.66665110434	2303.14609110612	2266.15806963771	2086.63125724581
388.801	18.177543020557	26.2306740735229	-12.9287126811465	-1.62190283256608	-11.8829584302968	-9.32763245860106	4.36323299740187	5.5095700729735	8.37754341964507	4.20352531775251	-6.85960135677809	4.44015561611047	1.93847033710141	7.55950064957555	26.8389819502073	87.5500404498209	239.947803774885	420.324666131104	484.443485021142	502.280161804015	509.31085077977	2258.26109728479	25734.1185744108	26498.0059283043	4789.20056425529	342.189452165591	309.399952269876	380.21027436775	446.152872309725	544.815830749648	735.058101227735	2409.24449846056	3751.39394211483	1632.57627251305	1047.76045085172	1075.58333539614	1146.59126974326	1204.97934663996	1212.23201703906	1275.98437641272	1328.87500473178	1533.24999189784	1917.65448124793	2250.1542929704	2377.99051056367	2441.78994655232	2378.8350489449	2375.80817422144	2346.62288897993	2244.56653714477	2235.6881106992	2049.30533824437	3201.03855351176
393.385	5.11577335906308	11.8652021425092	-15.6701321081913	-1.93994705406006	-3.67869157594072	-8.61760314664977	3.0153260803407	5.0691997352138	3.66457536333672	8.04449331301963	1.49176781481742	7.08112030230871	11.1292383075048	19.8921091855026	74.582007835826	181.511223760288	343.475626909638	408.415555373389	429.040931395232	439.178684590132	1901.89460646161	22750.4618589583	26139.0531817707	5671.51492134726	321.778661015792	269.759647063542	318.463255131831	403.382404939512	483.711854556482	590.926503168164	1571.15697428716	3566.72612225863	2082.36852609627	1065.58915543745	1063.93391373638	1108.6181274325	1119.10418123378	1185.91823424911	1228.92428094214	1242.62169203155	1300.84261783602	1475.52528914441	1823.00510869107	2071.33228507542	2142.90630484574	2173.97666993477	2241.2874411104	2234.12777549196	2087.3236115036	2240.05567161491	2157.06340663773	2459.61258936506	2307.73409279751
397.972	-20.7984598064116	-12.810626824813	-17.1643794041882	-9.76481027599736	-19.0995569536426	-5.66047203053398	-6.2866539033696	-8.24364486411304	1.10852187609997	-4.41262428239194	-4.04324309142328	1.02816737885931	17.236775034929	40.6112842107764	120.891885714327	243.953991137133	312.796750264539	361.863866793798	353.856463621828	1162.86752546942	20645.9919418546	25313.1440919149	6697.57966145693	287.258854667586	238.800048326841	292.099236140408	352.713833767065	433.02790585997	518.597908915465	1053.83297871125	3001.75866336523	2579.76149982767	1090.20102001047	1010.26696603631	1057.1458540299	1105.85276774324	1167.47593308708	1198.38669428517	1203.59175297298	1228.3095449159	1285.40178144136	1412.03580638103	1713.88215680707	1865.19360643353	2011.89917871861	1999.16699528877	2086.82156702059	1965.18248073557	2136.7395010367	2087.13846858585	1941.63818087583	1930.88456159359	1076.3153631913
402.562	1.42831819944565	-10.6177921987302	-21.4916375397266	-6.4995725700775	-8.71467395348815	-18.3316202595127	-8.41875668745913	-6.98222015243222	8.099900626706	-8.23538296013049	7.49699829422116	-3.62457492393498	39.0135122416795	85.8322988839165	201.029133354259	248.19093723174	290.06825664875	303.788454234739	822.772516938224	15440.2511097893	25877.0314365056	7835.00004997452	334.997779921765	237.854638884221	250.269246184972	340.742649401569	398.936256190671	450.086495432239	727.43815152252	2311.82862992636	2945.15210818334	1272.91806602359	947.676496678654	1014.86368948104	1082.82337472788	1135.22801689422	1150.10781601871	1190.87954332726	1202.51591890607	1228.9508527651	1248.17346869429	1335.81608332355	1586.00897555395	1808.20826100636	1798.47474500684	1931.0919726617	1917.180877869	1943.42816918738	1944.4572319009	1952.00074229744	1912.29798564407	1809.23080464424	1718.17807286003
407.156	4.24931038011348	-5.89650237788266	-9.89525653936025	-11.4586775884991	-5.86433730893511	8.52146692121005	-5.77988695864411	-0.9356944380897	8.6666684059016	5.69206597354792	17.622838098718	33.0033480662171	71.5574938861689	180.584328571644	224.032976787811	247.737145829771	261.380767771207	577.05904359575	12161.460727125	26022.015454569	8830.97666025968	365.996508180276	230.435455280666	250.036070806142	296.976366226896	370.874848956697	449.180360613421	571.453616215547	1627.43280947009	2995.23282477601	1605.13308867938	932.982779899108	1006.56189446536	1036.58681240699	1087.7061097208	1124.28111727754	1184.65219565079	1217.66778724943	1218.33058698072	1237.2944332292	1273.47647926961	1351.27573578724	1540.34241710071	1731.79558764731	1847.15210962208	1876.29065875758	1882.11300955998	1831.6951391476	1983.69275675733	2095.78618788503	2081.10398512602	2254.42717003645	2110.49451422586
411.752	4.17927472129619	-2.48542211668807	-11.9780508991556	4.22618236560352	14.874551763396	-2.51430571832391	1.68433329419205	13.25192611861	4.57376103601338	4.62464239296279	17.3323845977804	80.9878057550274	163.991094013353	222.256222244517	220.659877142984	225.91069192559	411.450690745552	9118.51298915743	24166.070915434	10551.2629310922	412.958681567728	214.99443898417	232.681164702853	276.333766848379	325.114754786017	408.331038954538	476.452462480713	1132.71692620416	2755.1647655145	2029.72566835808	943.165498638994	936.199184511884	1012.74144876803	1065.68991102078	1110.0620111647	1174.88365605402	1169.81738269789	1208.79887351213	1228.45848053211	1210.81492585057	1266.02517690257	1311.58205152886	1555.32972446086	1667.1756902005	1712.66386319063	1800.42883408516	1899.27985061551	1935.37260795458	1985.51308735999	1982.55134815334	2204.2504093735	2301.66486217532	2989.78423814061
416.352	-3.65630763307854	-2.0385118671942	-7.36818468576339	-20.4509426384556	-2.98773544113705	-15.3977736856328	-8.70325419913198	-4.70992714100872	-0.818474422910464	7.42643835257558	35.4506592396164	109.759696640919	167.038341708746	181.59166330045	189.835134689868	300.620519708182	6667.30635318454	21718.8959612912	11263.041064365	499.803945197869	208.178737361139	215.700815057054	240.907241182352	313.816804192958	362.764905088221	438.122779877375	771.168960348214	2188.45414057558	2405.59988079969	1042.90123575937	881.134832446029	945.509708094519	1014.30370559509	1101.96947747596	1120.47634833815	1134.88191590861	1148.67055475524	1187.68850146323	1168.14475985328	1180.65416155849	1248.52088803021	1301.07304293933	1409.208438991	1528.88923677767	1595.24386891701	1646.07157795831	1777.93468866533	1837.56265668613	1941.67593846281	1911.3013965321	2105.90360719087	1797.18225380552	1930.50864942067
420.954	-8.95595372189673	-9.18755979756338	-1.08288132754065	-4.07541338983957	6.44011944995358	-0.53880175766539	1.62424473585692	-4.43720968943986	15.6375541557396	19.9511032041369	97.1504278654207	163.01526353355	176.325273429444	184.884941899986	256.515587401789	4877.36439985538	20293.6356193715	11747.4104619756	606.774552040883	205.815315942538	206.300694885545	221.924834509572	290.674438821213	338.218986289529	423.833789497945	585.597501003767	1664.19820492768	2544.12025353102	1316.4085702892	854.897416718721	896.632723991428	965.084079866469	1036.11873608725	1096.26956912061	1111.67110626358	1199.63595142363	1157.10604782245	1181.27600034819	1175.34531757872	1204.64339870196	1197.1678208856	1247.46547730137	1402.21698652859	1550.83096669446	1555.9353372103	1655.18224998732	1815.65592257706	1904.78090555982	1963.72938612379	2168.85524408207	2386.44921303798	2249.14705201516	2460.7552958321
425.56	-6.15043739732398	-0.783787729110023	-15.5814693036671	-6.66371691331683	-6.03096291709156	-4.22878020013106	-2.7885962444727	7.31333312193654	27.3391586907137	67.4701586519879	120.419205432485	159.9279579508	173.623041652214	225.486962478557	3430.45731077609	18789.2591745455	12270.1940531608	751.176035705775	179.280067465672	160.915040636617	218.020996381896	258.186607887919	296.604793355437	385.902268596333	472.388226214193	1166.90746397417	2387.82658223648	1581.63107027023	857.838082074118	834.036867620496	911.100783663229	985.999694296052	1065.51002631203	1063.70635217733	1099.56507959491	1126.55201915237	1145.91521495365	1142.81366791637	1153.49992766509	1122.91469452986	1170.22579106779	1226.41545945607	1339.74420067772	1445.9778868996	1491.86279942125	1651.56143367732	1736.79351960317	1808.07818015493	1972.94071893775	2161.40163659828	2180.84074067378	2083.15835926288	2450.18377690707
430.168	-12.4982309701362	17.3002970341303	-4.1687855969001	-0.980574014026665	10.9876432983238	-3.88918829875592	13.8735796827859	22.2065964065563	62.9014312414049	101.655108089796	145.026142060664	152.416550924224	209.703635591552	2573.40697870252	16587.6556012365	12206.821368692	956.84297932753	172.523963281448	137.828723191666	160.894703177652	250.150278509924	276.468566712157	348.114331483987	420.070038519932	841.636949453647	2053.77148315523	1865.93622863855	901.263401863539	837.532842015528	875.003404750167	931.908375526313	991.190599592704	1030.57333816559	1067.59742759282	1096.23762760379	1120.93967658577	1106.37748860372	1094.5446854164	1115.74638061226	1123.75051464694	1154.05040699029	1216.26131307391	1297.52158138651	1405.63794272066	1520.10919806707	1594.80871983493	1687.44666822039	1853.04209277788	1955.70217623865	2066.16567124434	2049.49919217621	2129.04165737138	2368.30227234096
434.779	-1.28975543104019	9.20423821030358	13.8619352914336	1.30423148084242	7.30716401054431	13.9668038335997	20.2721161423191	55.721392637155	106.247218014229	118.307304170619	137.149228704451	180.904916938761	1965.64050466958	15038.21598873	12731.1378683944	1132.59530625314	162.501253132317	151.854381151946	188.33447033561	225.231131325234	274.902014933154	330.459532131485	385.730277107702	643.322356713195	1639.87864118712	2054.0596656511	1030.38939312921	815.001462104588	841.949657594885	900.281164609276	962.817295487652	1003.86445476335	1071.12784195483	1079.02979756717	1104.25612636575	1118.5379339009	1100.77425383221	1122.58960005349	1117.06830418968	1131.83681792879	1160.97361987423	1224.87744745929	1254.73387429725	1380.35792717792	1485.53348990014	1633.41323540751	1779.07010251172	1942.11785099737	1972.77839989366	2242.07163921992	2302.37838572095	2329.82004065387	11600.9562552878
439.393	1.28117357394301	-5.71437153874155	8.26181991640211	0.647776651040053	1.95422315193347	19.2692647525414	48.6004258499713	81.9257032294694	97.1276337880619	115.95316875783	142.961317688205	1444.99863156203	13741.0153674805	13770.0207381491	1469.27853626673	158.225104890245	144.753300585632	162.197809427699	207.354389028513	231.252893327471	302.714412478501	323.387263759785	490.157708943226	1221.45959966927	2056.51501700962	1241.19460494415	768.723199258604	811.107791217836	863.573087331997	927.278193251129	982.186876680932	1015.48459978913	1050.34410535012	1064.71888205108	1078.22406409778	1073.69616495275	1089.49589109335	1088.41514841245	1076.62020446192	1119.56909132658	1136.18740376366	1155.13984943096	1249.71021718164	1381.38204142255	1432.29148556351	1591.10006081971	1744.53401423357	1872.87795403949	2036.50089115624	2280.84766886248	2361.31382503613	2511.8814443039	1926.46528547609
444.01	-1.68893461265275	3.76654657792982	14.2948598059973	6.40459124427637	12.4209483329587	45.7238206852772	75.235884482812	88.6986098460583	105.104186539805	132.348850341763	931.802572627158	11673.9932668917	14293.3882426356	1870.16863483278	163.473798349219	140.016094400426	151.967634188701	177.043580985923	207.473587564462	260.241304204195	326.037215979282	400.614168975307	887.498157965236	1912.46400612215	1496.11245667499	766.829954644433	742.152568305127	814.645704970693	872.267325978872	933.858727101423	963.090666532858	1001.64045434594	1019.27571613361	1041.04253467385	1041.83748569415	1045.76815944665	1057.64206292649	1053.86585839914	1051.32175517479	1055.83331269392	1098.27777217417	1160.90303367493	1239.97650311845	1320.35666094013	1436.06743309235	1597.99796485114	1739.78843304625	1825.82302728748	1973.85357022314	2049.6552081715	2228.18585363434	2483.50629480381	2718.53095262297
448.63	-3.31567573669502	26.6198165527848	10.6907902234708	13.8306731334121	35.4930038831722	64.8294855391971	99.4070926170323	83.4514477528616	112.446791328662	680.191618595101	9897.70923737021	14573.0079249628	2325.9469340635	163.209001694263	136.522581480735	151.860629285247	173.731661358081	218.80393674635	245.764991016074	303.985177451515	370.017073222744	620.93773277892	1556.55347377953	1674.4469565728	818.076897429471	710.207137465709	768.959576633376	805.582908516008	895.692377360381	928.706527613361	955.829855449027	990.476839110768	1001.0978175574	1005.92682276174	1009.21147711501	990.547510809779	1009.91209907702	1034.09178605495	1012.42738231729	1033.88585654569	1062.3933122604	1097.25168408844	1222.52445905389	1277.46932290147	1353.03829453838	1557.24065206105	1671.04072339979	1850.67501521844	2003.98615338061	2229.42138444013	2417.76708665809	2376.15059285109	2311.54715603986
453.253	-2.04854876936506	13.8883418395693	8.25646372527257	34.180433404122	65.8871628685215	81.5870931515461	80.0632488535034	93.7001347130461	474.714999382121	7353.41179244311	13843.9408580699	2990.65234453512	153.008805080415	127.448822868102	146.228011794883	162.979770995902	187.138134749136	214.740350061892	267.516347469451	313.127615169832	467.440546094939	1184.56247834236	1735.34563258646	964.246659510053	658.987593546833	695.2143442173	761.323984144513	801.632533288907	886.895123653313	887.867895465177	932.224005219877	940.847369322328	956.725056216631	975.956546191974	974.466389796076	970.388926782578	967.302057941181	973.196927396638	961.039160474792	984.857482942679	1042.69774678395	1057.77639720283	1136.20548696701	1243.24125828702	1358.33054220018	1481.64579790675	1645.66875553962	1795.540703435	1936.14294915379	2100.84562912998	2001.80834591923	2213.53543265917	1764.19825124841
457.878	-8.52105184858394	3.25766873796792	18.643460807558	51.7001462603681	76.3933926550646	89.1012795108949	89.2267937702137	359.45087034515	6088.06945839089	12572.966297898	2969.87090428833	162.878059977549	122.993762217245	131.385137551225	150.9586809158	189.927072479448	220.233187796342	247.19321398972	281.499011937742	357.986769814092	873.775805172166	1663.65158656943	1160.16924549998	637.921806076435	652.945580689098	700.619644125453	748.457171235175	794.784849426605	837.372463478771	881.61837217489	901.888698442083	929.506996454818	935.689810392607	927.082971026717	928.658589731484	925.509963061636	929.298846017295	934.827207678889	935.334991841715	956.553477081036	986.215803284179	1028.08479062862	1122.1047989056	1197.31989992033	1295.53137522856	1440.91568604738	1624.68655344602	1759.58416616585	1865.11648734493	2069.52442668163	2190.66207678022	2467.08523527474	2063.37128927792
462.506	21.3266536585591	31.9467991069561	64.5472416898462	68.0550388767643	97.3280376888277	93.2018942374937	340.255628846914	5191.7362606407	11360.3887183361	3395.56377120561	174.363505982636	126.155366516336	123.138026436842	144.23200964959	177.651463109745	214.430582651581	252.717628738125	293.125578036115	334.4531942183	593.099615020243	1442.90113963667	1386.1072003926	697.185837233387	605.622135453062	649.021679065978	709.426070577424	782.96991301068	826.214619648394	854.908228214333	880.27434386965	880.549805882417	899.445747770656	912.180565980967	911.484711096808	916.078461951751	913.327685767808	884.99170313444	900.811665641813	916.554263431827	919.791096624035	957.593051350376	1023.30866784646	1089.27417540473	1176.54044122674	1321.38346690647	1474.64407750887	1640.70907678876	1717.80081500877	1922.01464239575	2072.10972587271	2238.91031542403	2572.88416392148	2821.79033665148
467.137	30.1918033037	48.1953198829371	66.2862685354479	68.6940125351845	75.3117701942156	304.00430626429	5632.26367565142	9909.4350582578	3631.63597224573	188.863873487445	119.548765397487	114.924447373254	134.531886745127	181.151537629769	200.520341283182	225.52133446877	281.078138004379	302.666710685652	463.192434304516	1069.99138279771	1433.81498983577	765.496860144949	564.857625026459	603.546027339026	618.736098178328	706.450939202486	756.445976706571	796.621142443825	807.01794429101	825.981155090311	843.954144796137	856.725685654077	869.78205904709	854.873014933928	864.845198184043	874.486593081293	871.704795657705	849.937649375915	892.137148548031	860.40033918249	944.529061846223	965.550554320693	1056.83059878899	1150.26636690188	1246.82338392531	1412.38917235321	1643.92655910477	1728.79930496931	1867.98812165732	2023.98073018766	2324.34399277493	2172.5304754775	2769.53059713201
471.771	41.3954497833133	72.0954182004456	68.6427735546677	79.2351268420814	210.044015437931	5536.99776237887	11258.84567753	4139.20531409399	204.215661082344	103.943523876368	103.925392684424	124.146758499988	148.090076592804	201.236777063389	210.112515991936	267.654921093073	286.350722616382	361.159362121093	773.892877203971	1393.36859189206	913.269371147751	545.01648055568	556.397143979045	586.825794956076	623.777150209242	677.857586755001	729.468699618915	760.075437632711	783.660213219551	803.501619944344	809.319762537744	824.460953915531	823.110958933418	827.483506647802	806.825639762564	800.047368351839	817.298424014124	806.500939414857	852.650646565791	860.621204205194	892.65632483375	937.414164782554	1041.12716243556	1132.69185751165	1224.9288182292	1396.6822299161	1527.663460974	1702.36500943411	1809.07053541241	2008.60351764803	2145.59385509362	2338.40740511765	3702.37644301581
476.407	55.7318343969562	56.0177258527206	81.6229834368043	191.992067342045	3538.60134917141	11933.0155806946	4191.57979230702	212.653045606189	85.2214876552815	96.0722625087194	114.676030663168	118.158489829531	157.957724212841	177.860648723113	219.96800517834	253.602667795927	290.742000202329	540.506673509174	1167.90083794429	1093.39431214466	535.974399318714	501.307809664562	533.474358303435	575.216185751782	626.862812952244	650.559466757767	696.614317801308	745.71105167745	755.693630643671	758.741655498949	773.74472470748	784.653362977329	775.35943370963	785.026910659856	776.272625517159	751.784167705025	758.142121781719	780.802686885535	780.37972727485	793.451170711913	840.350101932082	896.40485568883	969.236674212906	1052.564295613	1149.37070209449	1320.24846452245	1461.22421323094	1577.99058586548	1744.16475541758	1853.71829396816	2091.63232446097	1964.80766826814	8546.55908947021
481.047	44.9278544822708	66.5643512979151	185.800815584219	3824.59429328719	11963.8367712442	4781.34411591638	242.84822286063	87.1794917642612	82.2068630137313	90.5120190506365	115.972642815412	157.903358535803	155.533188328443	196.931059701325	220.839406176471	270.832259080872	402.912486980309	883.159263775341	1155.0589574992	646.697274061078	465.385342590297	480.537803801537	517.043994662126	567.335373489884	594.147700551171	644.733174464441	674.063089149784	703.398517129351	721.443385475183	736.711216225759	746.34036100805	722.04894591545	739.042095000423	738.312047330534	726.44268218634	729.673217238408	733.618631266191	758.723380660892	749.174856158842	785.083721625205	833.119861966821	845.570435796322	907.500612742556	1044.81658470858	1103.06573611764	1273.0969292592	1427.82251551112	1534.80671811168	1673.50163010988	1823.85668633964	1830.69704731337	2769.09307572267	25522.0408741072
485.688	64.9633774330099	141.734977410145	3038.78401505315	11675.3610679047	5859.50918505321	322.315446402362	79.6684714045375	69.4906894510253	80.7706935418308	93.9489931223341	118.909940993389	136.77684033008	169.988766038537	204.1849454434	232.251334126277	308.946096172263	634.110625983572	1093.35323769246	741.480730124549	445.193037096133	459.391154716672	465.410610166477	514.108921689519	552.863271473361	595.164596523926	616.803885997283	669.596980326281	688.626926081284	697.168565011347	682.506339367426	697.355413804425	702.666596195501	695.254489763713	703.4918910651	680.157627829887	688.549774119985	685.465388702776	700.59061194795	723.154319175588	752.09766213059	795.670720524522	824.9933527578	895.849684971252	953.053541810005	1101.5285049201	1234.9346618067	1379.75131883186	1502.6282835633	1667.18029609603	1752.10209648774	1833.8303228491	7429.21554350452	36494.9483178272
490.333	118.744302449189	2902.65678811427	11347.7151577694	5720.89976923575	401.703492091336	82.0477279353511	65.9209864418253	70.8309544001389	86.4986740847649	97.3676387533231	118.848424352604	148.631681723175	175.342909020027	210.844199542491	257.640989481597	455.647076157915	974.877244036283	876.982964850494	460.853413991671	421.319109904991	429.435385325216	467.342156838645	497.298164968321	548.691166253368	590.131613957128	594.582521499455	626.923103819742	643.003855896141	666.70739136032	675.133532762314	664.77973312239	669.517100179017	677.572149641604	663.508737060205	655.985205623721	662.061129305161	662.678730785067	673.917873043445	678.355318611348	717.195599529875	742.625439169981	787.555600010664	874.731277765061	954.977854788504	1070.83422496782	1170.71372594415	1294.40403344842	1439.83820423317	1684.85304044531	1788.84053523431	2037.42303929828	18887.2619471769	26983.7704210212
494.979	2215.07526615326	10889.1192553566	6448.61110147784	435.884448226412	77.600533811702	76.1293933251957	82.5971899250038	84.1627793543971	93.1364292614906	110.684700205406	135.261538511245	168.648991844374	184.378497523583	223.795264820977	347.813023642384	759.706080506993	938.326761083963	517.809715408002	399.040614745835	423.60043002837	450.373559912334	466.555571252308	499.371538489524	536.76798523213	545.060928104052	580.432062976251	616.035493020453	628.490963672289	634.785193194624	644.380504134958	654.121002838322	646.738175242326	640.329935110594	636.84643931223	620.018656852825	643.449503865242	621.909677483156	664.955179283457	663.735682690927	693.267177399357	720.393657976249	764.339422345109	806.83674224759	928.92103610256	988.888057341643	1157.98043458795	1288.04497722821	1509.06881897825	1573.97311025212	1698.32526634896	5490.44566260332	29736.2429785016	10523.3924892194
499.629	10239.5748678249	6396.81991411665	473.914681297317	63.5723246791083	68.3038599121506	58.1687725827357	64.8734143792848	80.2003960148921	96.873818346099	103.608445958834	134.378091746142	146.514823665729	179.526131479455	236.491313157163	534.605132640625	898.872498273873	588.047516308228	355.970317928074	371.129303575371	377.606171013753	416.731268949743	449.356414731173	461.43034921586	508.010080269817	521.689705260639	547.559113904527	564.61952286225	588.027664961022	602.382997102743	594.839300294249	594.03474530547	599.23383156609	580.705073108119	581.392524159791	600.247902682123	573.905683916567	578.530568515699	595.90517105112	613.835402742793	625.434840478195	652.492168562256	698.465025670608	768.519491505548	889.465854402752	930.178077712208	1130.21869662164	1182.13497814076	1403.70509279499	1525.15940594244	1792.38809912196	14893.3016346071	24213.4015357273	2398.2480500226
504.281	7224.35694138781	580.00910251336	67.9517789828966	59.1981162438919	64.8025995616712	64.5682731445666	75.5573687619322	89.4098264671992	92.256211456217	103.306307115313	139.751866979929	158.820779004289	196.40913202091	384.902180299177	779.654815103989	703.010945465411	374.290800080193	351.298202628425	351.035493360286	387.617839231974	401.924387156416	437.413812721248	452.700471053535	482.045304878769	506.739858660781	526.267713260635	554.2740399199	570.187665214862	572.533325530516	562.818412005373	569.722823456271	565.58319087378	568.269776734607	569.525691321621	557.885558693169	567.041366232661	569.930287026871	578.739988383431	592.024615202227	602.076366734059	665.386513377435	688.204336990077	739.431976032972	855.981853376647	952.316428576919	1079.66067023651	1162.61245516309	1368.0509364466	1549.63543377248	4217.84857266854	24249.5103419188	9485.15450879182	1968.59424454384
508.936	711.317567353151	85.8974445281964	58.2141787016551	54.772124452929	55.8406085726889	64.2373951874359	72.1774538552524	86.9510061804695	97.1722484847191	106.033215771171	134.73330514618	146.720699572442	259.879879986798	619.550159647028	735.608235005036	407.458372296679	304.464539514839	325.903185941269	324.013978664389	375.033475635638	388.748027707032	399.725538349063	424.16632270967	431.770790721715	463.439493074085	491.941995118947	507.107111213272	511.373396177296	518.980701173998	520.312383557672	519.660523598028	506.498216085122	509.898011000308	525.450634817282	515.779422700841	531.987581435616	522.56398133767	538.66109487258	558.241751026707	565.322268742603	604.541159867208	653.721486216231	691.806533647757	789.52407592872	865.198299022174	1023.48468858445	1177.29168600853	1386.04639685427	1442.96518212656	11610.2184558434	20412.1104959301	2456.96664994389	1990.35187921774
513.593	79.5188969938423	55.783869869798	60.6757989456446	60.6013151599786	61.319527152118	76.8684782931078	79.9832344858533	90.4229573248884	97.125176599186	119.781839425588	135.75016675434	208.381140562714	454.872187729796	728.653805218435	471.181682235834	294.728449065451	292.091368574232	303.774381400384	344.310730716133	356.536467374804	379.787359642134	389.532996714835	409.451837629266	415.548479854885	452.359928756065	460.441709032825	472.005121929964	483.51647041847	503.517508474984	498.409220203305	482.771690058821	482.670860201709	494.31205210687	492.12517965862	476.670633465651	483.101323720238	513.999325443252	512.422304088627	519.691651034073	539.068227101422	582.683670980407	622.761584734036	685.275619946345	746.288227652827	839.216300667804	993.165895307203	1134.29114175602	1325.89115145122	3027.69194450255	19249.0009848867	9191.89460369476	1588.05264839234	1472.20354943604
518.252	61.4560521455954	57.2204994720443	65.6384477143285	53.0181586639025	64.7819144632475	64.009083331148	68.6152315539265	83.2760468577882	100.770791708231	113.953390434179	154.78991283351	299.591351981657	630.87856704388	561.567620754203	282.363980081373	272.562974585774	286.479327085581	286.804826951173	299.738291009112	313.84700878433	336.248353579256	367.564240202427	386.488415933455	405.000290238652	429.121384093129	431.898650898691	440.983231738839	450.035020761232	452.04715771159	456.470069685574	456.655875645699	454.105479891769	448.734824448417	453.43304244861	458.951129962354	440.953196168869	454.874630711283	462.530798528173	481.626885322281	516.643940349353	552.837347251726	572.387947522679	604.618641827338	724.224509262242	777.233834115067	934.910954168458	1137.41704239539	1220.36896242609	8860.73982866821	17538.892125272	2240.6657338222	1719.79383935497	2283.99139230251
522.914	43.9140186104713	59.2713865764444	59.0995719295855	63.1350329816922	62.6568358567296	58.581796343101	91.588437300194	86.8771034005407	102.234835885532	118.092821019353	196.200984514564	481.255790676731	608.647609447728	312.082936845146	240.277635385083	248.305927540755	264.110820212584	279.621549453183	293.22042746701	315.715770007876	332.631503378205	338.652836009386	353.173339668933	364.665696775114	389.447667394303	397.16325460661	409.623510483705	424.16563013714	427.255709115941	407.264362903965	429.069497263859	418.463796355803	422.23887879292	422.511229439494	419.69276594874	433.518290614406	437.759310568575	450.965049751543	463.698413173729	476.283871979813	527.761688068538	569.050941265118	624.87979836211	690.335010258124	755.32345806354	922.230419165674	1054.4337193037	2266.06849696905	15505.896336001	8487.65494197068	1381.04728566636	1552.03985974887	2129.73728728813
527.579	22.5276810890896	38.1481075247908	40.9349141629913	68.6311696852089	58.9068605388305	63.8596357085163	70.4593322204194	77.6372138949361	90.2590543937378	137.495143689981	322.665695860467	555.995010742337	358.841258082941	194.088684787179	209.533893588975	213.632427525197	234.835069119504	264.22330317118	267.117120323626	281.394288178107	300.466521707874	310.610047064014	321.770584522406	332.085775091512	347.667993308092	359.079560468688	362.978916029561	382.01394785146	393.847845209096	386.932387881067	384.813133602956	380.337072873606	382.855400297705	371.741633928998	387.682438274418	393.351954960135	396.902997058731	398.394568748988	415.417408427559	434.659578444977	462.984853523212	507.217982096541	559.415475750462	616.67928380293	709.135210431523	853.063201607989	1011.81322888582	6790.53995971052	14832.2797393331	2202.07414246367	1085.48070301589	1608.67043648673	2661.92113314945
532.245	44.3183349221599	42.2607917007483	45.579014072148	47.2304003847334	57.9432468936455	64.5875675701897	69.9820156232274	83.7411028557008	98.1815123046441	211.673542283355	476.379516718721	423.064037513346	201.969534994081	180.970213018217	192.582284697035	215.846309721461	216.752451276686	231.298081298583	259.322986768328	256.333731258427	274.460662542968	283.080405806546	304.871311892196	322.636445445647	324.990327496096	341.233369821382	350.304147842761	352.966503025569	359.875849148189	370.649537352587	357.426347945937	368.756878308289	367.881566369232	365.862745720196	348.720442287768	377.467692538304	373.345231416078	373.036816736668	390.813529081489	400.635676057679	435.211592499041	474.374854837198	512.155480441618	601.067165976723	704.88009200036	814.192514169596	1639.02033682343	12409.3529390872	7608.91485770006	1069.32669006729	1039.63205178027	1874.75412414289	2976.87659729687
536.915	36.6001991574764	49.1457965371092	49.9992493924256	55.5164926591366	55.6597836217804	65.1303371337515	70.0460825637185	85.0556440319668	151.787110778513	362.485334545312	463.980610420605	253.571851286484	160.083789565681	171.051282964366	191.286338798205	211.876958670239	222.193653251077	232.949173441924	244.175710621938	240.509048641592	267.07359183662	276.35224420165	290.510399542582	306.191770839866	304.065475828117	322.804815376667	320.329797460213	344.896027541157	350.481475138713	332.811341090092	337.44686436529	326.929965541801	330.727313679666	358.028633355323	352.813439895085	343.219922278477	345.028058342515	365.846745803634	380.658499527851	370.206106972182	417.653480949622	467.520272446915	493.961208785039	607.845140578473	735.755948391984	791.856745689714	5313.31843954582	12869.2784763923	2207.9622780874	1053.03994956565	1021.57336068742	2762.56175515942	2496.31114222826
541.586	44.0296513723766	41.0146781709106	43.0293846741756	54.6697525894221	58.3299604917104	67.0424689270102	74.3752664945473	107.952344282788	260.446778465494	455.038490550195	300.639873531477	154.788744178488	155.686621173712	164.455341261858	169.076432823274	186.103134742496	204.161442116608	214.87786819801	230.400338179839	250.103444784774	268.756054344453	268.376195778044	271.941943679018	297.985259266811	278.927512432124	299.550102657952	311.659902539892	312.538239775491	322.087682003963	325.548108673553	320.771506380733	315.043176707587	318.979349532134	312.308514379251	311.558252339336	337.813687118434	337.797919839485	359.21344959207	364.779528095339	367.733746755342	406.411959019232	439.483049676288	476.820098176259	605.437518178233	696.372694087855	1232.02067957818	10344.0374072469	7199.63661763701	954.191004257832	1011.75512441949	1456.61619954997	2974.20706648798	1374.19080870202
546.26	21.5684006126454	40.929045003289	35.4038946675631	46.3968426322117	49.9895537753776	60.8684329475029	80.1883781445807	180.457763510912	380.633412749852	353.754739168331	154.375706272312	128.916807711052	127.399040551372	136.404030680084	164.502310087409	176.331341629638	182.236405193137	202.559411944198	204.123604949664	214.768695218109	227.617523794299	240.377366540385	262.209954888012	239.242838578245	261.930917722523	256.699748811694	276.218775627078	289.274940351698	298.881052443898	281.791426319678	285.682457996035	288.698472345831	297.625261848958	292.966912797122	309.423665885521	303.461832311772	305.316255702188	316.686660995672	328.678592440219	342.423828626047	369.651135874324	403.691887673226	475.820248823654	588.244875410163	678.892063593146	4035.83975606887	11376.3999022347	2163.58089594865	915.848766037584	868.210982376792	1936.48200019803	2151.07601640235	707.603078164829
550.936	35.558915252234	46.1708412752084	34.7144475180413	59.3307395399973	60.6964447855972	69.1697405417332	135.606813161679	296.601995227263	379.955425741474	195.913009192567	122.124218296721	127.697841487568	134.086402512105	147.763957996153	164.108035725887	162.559424093691	180.750130520682	197.178531094945	204.999122252069	208.033138230044	215.958781649423	234.132059745403	231.398530842541	247.900455026216	260.348646930693	261.21466789067	258.719861100419	259.473892083701	262.636737355452	269.909143326603	275.90530033418	284.206431980584	279.084466452988	284.841451986608	278.666136219504	284.037906972747	295.970853022564	280.947486413856	309.915806081834	349.777077899611	367.309106216789	395.143898271946	488.624177180879	593.254777057046	891.472806601196	8301.05436695031	6893.92362091158	902.711530928102	840.812337798681	1144.71365669805	2394.13507621915	1214.1752089369	1555.46059197553
555.615	37.9845568673633	54.002984205009	44.9710170058513	57.3162509211094	54.835409219168	97.8351276721999	241.109729438309	371.212154708972	247.471172650284	109.920284844355	110.99434181275	99.9515139705925	124.525545239719	131.194468011175	148.564617083205	164.415201506624	173.291543624724	185.7430484785	180.252425676312	202.064102730975	211.466154615497	204.477520094961	230.125094160683	242.639247621237	217.173316692657	235.117832786177	239.492734238197	250.49925129594	266.135572324917	244.22412058874	258.255600313813	254.600502208183	249.403610801901	249.921162106085	261.759236411114	270.589882357116	279.415654989279	296.554064368582	293.578987934766	315.974363380423	328.964554391262	376.233046873109	500.116110492849	574.016331341388	2978.88996758751	9790.59802502936	2210.17854187001	799.664779688709	846.676174663016	1384.30186830375	2263.45362889022	745.251922223526	64.9049182837368
560.296	21.0611232949816	34.3849100688234	33.9538707789525	51.8373372325354	52.4742726012664	161.132342392848	332.595978261068	286.816218532944	114.573428005417	86.8576070522069	88.2979395355708	97.3575427745102	120.45222702245	125.57987111718	125.431108542491	135.299144898995	153.648511716803	159.377806826661	160.511206734649	178.443683285001	176.867220431675	171.025183000617	207.521355379474	197.583380251261	195.198357284523	210.120175097649	217.700354060688	223.120800605298	236.826605995148	222.18627727218	214.189338358894	242.020809689295	225.629419497998	217.821407699238	231.114199759363	244.550026200536	243.160492722029	271.919604011488	265.248736651055	276.46845555862	307.214162410381	395.561126889969	499.179883230976	711.859084368093	6442.57711644002	6294.12221999488	758.343905032411	715.369606954864	823.902293861539	1666.1573940595	1620.27369173039	341.406218257256	-146.666171439944
564.979	34.4846664544079	50.4355996521288	42.3425139617615	51.6993492638935	115.861526073783	279.111737607363	307.978656603618	159.887185649229	87.2481499362556	88.486255772359	94.0098942610272	94.3554905074669	106.715261764215	138.90903920196	137.598924101757	141.17770749504	156.201521045695	149.858349133906	180.668651838691	153.582657251551	179.16745804384	169.634981840938	186.897850521182	208.236891792258	199.371150943486	199.193867744134	204.991809268264	209.350230190524	207.092488613792	208.573057058398	216.976612616305	218.020077797211	220.267467292383	220.088485442122	214.457087782691	226.975895394518	237.941194997669	236.774608121626	252.155135625513	250.674468451228	312.165851204192	408.552252417125	473.527305946733	2453.89917174302	8208.04740552159	2172.18607655846	664.749580968877	726.778015944423	1035.29876383717	2047.33756278751	1073.71290205544	563.130339885558	591.986583504104
569.664	32.7171910260013	39.2742577840273	57.3035363088375	79.3413035966758	186.416817132811	319.78938451185	194.30591011266	83.5698442429873	78.6633842637156	82.3581791946487	82.2122152107642	103.431636470665	94.6076825584282	128.787698328582	130.827430567423	135.044193676801	152.38085595809	157.090244118682	152.386731152492	166.441716451875	160.151686170081	181.410771379843	174.793278939937	189.038335592062	193.267356817484	198.593655083489	188.219503770202	201.334669631621	205.713169414439	194.354827952156	193.900112409661	208.548120902957	210.970443424705	209.087691898406	219.376487105058	222.525427531458	227.781650995475	254.021068517885	266.945997910207	267.168753943839	335.382100155068	384.071515685799	566.621098400041	5525.42848717934	5651.3212025296	644.948416022021	736.05909107122	800.221529213914	1411.03124681291	1691.3549560445	716.359517125057	580.594163625547	1308.57876074567
574.351	52.1441068619117	51.6028995845547	69.287594521495	156.952252413326	297.732650563745	242.876827263828	96.5998802750967	72.3371470553344	73.8656741147742	90.5372427941717	81.9661037076562	103.189861612858	108.71162147225	106.85036794652	118.781289064459	138.702616705514	141.909417263034	146.676949082614	148.602916918849	164.997907724141	175.661253233588	175.991467802725	169.994446914477	163.971979747649	178.450507638329	190.517080901486	184.859288954956	200.433512118974	202.222745309355	185.04947668867	199.849657143478	200.318589997134	204.961271665457	193.428720765245	206.197964692151	225.080200194757	229.047032181209	240.548587745782	243.115908914107	272.743354474745	342.653577505978	398.347016141144	1803.23795423478	7119.93564361249	2146.40142083544	647.044915514309	659.879187899586	858.299230589994	1709.9726607665	1193.6446423154	899.578064346236	834.601903736607	1820.973167432
579.04	41.5153328501541	35.9338477788672	100.062617370648	246.588154776866	298.800509992299	130.07386877753	65.0417493146904	60.9321989657325	60.1765495295205	62.0505710356107	83.183378996499	74.8175668023123	98.0654306099207	114.786574309863	105.434537254801	108.539286093134	105.756255003727	116.462000287697	129.74311499594	124.862373881896	131.237906445238	161.15831098744	142.770056602281	139.819782191968	179.133492497076	162.335933324939	162.322520019225	177.804367692588	164.588869472752	159.334214999405	183.762779471378	190.571976004777	171.462257519447	171.892758729302	184.489097657835	191.764108279605	176.445371093322	205.260341382342	202.676429466257	272.297312342147	316.445722540442	411.571482712214	4418.78933887473	4983.61933621079	625.972985410259	599.256286649507	688.706740721349	1027.38088660029	1677.12580144071	746.002416065812	700.411226588305	651.959781969106	960.823886052831
583.732	40.1268525375735	90.4107232927193	185.069183995774	299.62311176664	191.463509884007	74.6623713505063	58.3315325058408	59.3553719885489	62.2293146537426	59.4128066503211	71.6538852111229	87.0357400567842	94.7945426485154	95.3427799478917	100.421101580125	105.565937559634	116.300579292185	126.63585024663	140.910913366047	132.219444643234	129.56714469653	153.424684421317	139.984128721089	141.042926042285	155.810960538336	160.368199373542	161.878361693186	158.798533475215	163.273786398878	170.323299766552	164.618025731202	166.512152428004	175.795531413896	168.490015701451	172.877994960734	192.6645385268	182.799754447129	193.272978296716	214.896511749871	273.62642467389	319.368407545141	1281.43454992871	6280.41235836401	1924.64731210341	518.472316016495	603.099280067123	664.853992018006	1366.36203878623	1260.65137198517	701.035571769465	737.270911606275	656.140759635049	1034.84422797113
588.426	52.8075022464947	127.968034013939	249.704255219437	198.98935362602	92.1469574642345	47.5294369142367	54.1069978709001	53.2331942151913	61.8048231228305	58.628708785897	70.5675154249812	67.6270508430109	85.0303378825779	93.7755105289408	92.9313358989916	96.4627563766314	104.878446820202	102.335231938536	123.628352447736	120.817873375765	118.689452854418	130.827695121743	125.145643419643	128.641819149404	140.733341090866	123.692365608358	135.841427998277	150.383995514708	145.945090130082	152.930402419697	144.161675914061	142.248867522977	156.606960477908	153.055102440959	148.674620097135	171.145311864384	182.340260720352	193.524394389148	212.081885480319	283.000050345835	333.133539995693	3596.92026252201	4573.60769727195	526.192317649934	459.272511334843	574.710972068404	792.457673665355	1551.9195571722	832.829399398147	600.08232063065	506.092402483584	638.906455311032	613.869690642852
593.121	83.9954066993277	194.58998313339	260.04861520373	100.784832102583	51.3578371427349	50.2813163095575	43.5779655925163	48.8618149603061	53.5078981702804	54.5412354573278	55.0792289056871	54.3723382816068	64.8494272067429	67.9507359473976	85.6372392011858	80.9779289216061	91.5105200151572	95.2289503356407	95.3603865636672	96.7699619466918	119.645878906676	96.0570109693724	114.214400212415	112.794983885716	116.717229385086	121.575804860257	119.418466066354	128.989715819874	124.823696241049	129.412278907788	131.391860458411	133.273340606892	135.712223395354	130.156157815582	144.690079713367	141.061304324541	155.817470186137	168.734544392609	210.385179228135	266.297686122567	831.135160151934	5531.63703999582	1818.31486894765	339.64683120443	483.515195624499	525.71803695419	1098.91530286468	1276.45509425109	609.765000664567	493.433045227029	388.734543434323	421.164480473217	582.666677730815
597.819	144.623167005762	253.522564082417	170.461056322532	57.7120600361418	55.2414257782976	48.3092122008343	52.2287490078706	45.4914909748958	51.5729966478592	51.1250274602762	67.1815346750888	67.503779756856	77.1316882939676	72.2258310348454	76.6147189919022	96.9582951574439	85.0758645870076	101.234128865897	105.391086287511	95.134467215783	113.074699822181	116.514190556647	102.25221383998	140.685546607541	115.219813679503	121.699888222616	114.707537904713	127.060398175586	128.590475988317	125.726389564064	122.449915582124	112.225351102211	137.429682291915	130.638486980349	140.491400495521	151.621289496975	158.529606624344	199.425199263668	248.520015093416	276.811061698436	2773.59588678015	4530.95443723143	453.373890398758	364.314625290928	465.835222534016	613.80597154675	1320.50606526759	946.372708512069	601.942062324442	625.119906531901	614.04271540712	562.635157179661	724.119929398347
602.519	205.502157992101	171.979444739641	71.0420930870153	28.9218276972057	39.6095658596583	37.4721960826364	40.3435005562436	37.4513614602642	47.2352669618333	51.3041825743906	52.8820587334835	56.8901474318881	64.2175637578696	67.4006391979809	65.852156458481	62.7369248550221	73.1882670502666	66.3025346747495	71.2826731836075	70.8848771602905	91.1697268504894	97.0513203964244	74.7922310235062	86.2776991413937	91.059068447213	99.2334754962923	103.438568505623	103.174387937635	104.711708834512	124.310999278688	113.300177998086	122.333223941409	105.386741920252	117.82063795979	118.261385523662	122.451421769016	135.522432339829	153.297742697674	219.311496349559	632.733081423632	4701.79352992692	2044.79732591728	279.327964951161	312.09783431327	426.473137224309	742.5263385131	1162.50043523901	547.070714119219	518.815768422134	396.082594775754	335.216909080658	336.030198045861	-312.772771359781
607.221	221.465782035645	85.8123687353501	37.9094361525964	26.5888346819801	30.1849198311213	37.038767753758	33.5353322516193	35.7558765144749	46.5131258973185	41.9068121605981	53.3593561416186	44.9760326599944	49.2954562052844	55.3139678834019	53.5100277950415	58.3439348322757	65.8150768774425	79.8914391322029	67.6532143605011	80.5593567580914	80.4935224866818	86.7754155220381	87.6394254138003	89.0809832629972	94.1219384906986	85.2030457188689	92.7070483356884	117.578099171426	96.1630050666851	96.347081287602	108.321594630484	90.7009359556211	96.0079602524882	109.571984590792	110.943511484574	101.432165498991	138.904757987955	173.013967402444	220.081695252979	2125.70361844887	4360.14955600326	451.148625179125	220.263957603456	295.751566183559	428.077194182365	908.427896021411	932.76734621884	479.893295580663	444.890049789256	334.216519255677	271.337370164448	452.08413946801	-52.599293907029
611.924	140.717613580967	53.1374176915735	47.6682483895569	47.7960815987751	26.5245553087673	40.5109681842797	36.9889753811716	37.81039669322	44.6411341887754	46.3821489961039	56.8930521514308	53.1754954119711	50.0822388615632	65.000592236863	50.4622599734356	74.219879908942	70.5031003484408	69.183348682875	75.4932489604125	86.2744224015003	85.7611642664306	92.5352260189209	80.054880669044	91.2998062589018	84.0370632900961	84.4521719917202	96.0774552339963	104.487875148127	87.5021654124773	85.9551196968474	118.753904205289	93.9984097261254	104.292496640562	113.132142267381	107.776839896994	123.025870514947	154.772359444511	188.558367253677	441.951988171538	3783.91464970434	2191.93862361726	230.778825192267	212.85826344604	250.870531653732	463.170108703202	1017.95525250309	635.832964082483	463.324886770791	369.801916491664	412.937106043624	270.192465638228	377.980289419822	265.524075433143
616.63	67.6514829141484	26.4755525603007	26.738496301877	32.1089374164217	42.5129544727824	34.9232317990358	37.4013314155433	38.4049050654595	39.0812096078741	53.5337448044883	47.0909317547952	37.7586376803449	39.246433718507	58.3195649577349	49.2239413510946	55.9876600647929	64.9803068532238	67.6338410899503	68.7013683244007	77.6287036806227	99.9709626428221	84.3168646674988	88.0479825923243	88.5284675494153	71.2473596207089	87.9332396593597	90.5675045880751	90.648778521109	93.1672744062822	88.7691553530331	66.1653085360968	93.5133064374022	91.1876951648596	93.4793290018515	101.076591577831	115.362926626268	178.907079662204	198.068504905194	1610.16312288356	3777.68869278967	515.096185554741	188.3188075351	228.258377315052	271.273980986525	628.01009971982	878.718508515749	466.173162112835	440.380665231514	346.605812860486	458.101644823256	375.656314959334	598.530294846033	286.383102835146
621.338	35.6306545957612	30.2148195604117	40.4223351777929	30.025473750306	37.3827745237141	32.5507542837783	27.9219955628642	33.9986358985119	33.2826475354508	33.2022426143464	36.9420683077798	46.2746402735333	60.9263331344766	50.3802879890474	56.5675413297491	57.6273775021336	64.8541638775871	58.474308373907	85.7260079036237	75.1390766910311	79.3828052134934	83.1854264705104	76.5728235948994	69.7812974938725	72.4649707508106	79.3447407220225	82.118511131124	91.9898624943891	77.513151245175	85.1012614337405	97.2479162427438	86.8306502404548	104.094144803305	93.5738181100645	99.2148228165122	129.925755449785	163.2789935223	324.975320213812	3153.10314846365	1995.4718709868	172.887150036917	173.291920148014	175.248058217182	308.234191873877	814.654832420718	630.199577858285	430.86274210284	346.703821193003	449.131453996036	365.508406604039	397.724182960063	399.727377334874	432.944083368143
626.047	32.864787434223	21.393575067943	23.2696702932375	14.820414875668	20.3229404517664	27.520321025065	23.5594205933995	29.9251356817483	30.6204950444845	33.0562509350678	30.3043450510743	45.49058318216	35.7482657664046	57.1448825995924	43.0630845579376	52.7275025612057	60.0218848589321	70.1698754497005	63.6188061595445	71.9519010348935	69.7432220569766	60.0935245046088	80.5612279286941	69.0509304068659	71.1671443061567	64.926627914379	78.1257372598716	71.5648824064392	65.852301393729	71.757702157777	75.7419269507299	78.3070350491565	80.7946044332027	74.4833215597095	89.7843189057959	138.247862144498	166.345884958522	1248.14176230044	3367.68592688378	480.943682101161	160.644723084215	164.545664855766	208.057016588949	423.339677120948	782.071170363309	439.126028109645	409.1567170897	275.129526044315	276.2424478093	308.331452445924	536.690348095555	205.456346761058	509.9633016605
630.758	20.1998031574883	4.00428629913056	-3.98020163723687	10.8941456861348	23.4754543937755	12.9626269882894	21.5734759372045	20.4607035404492	30.1452063873698	22.1171224061707	15.7074543643751	30.1347115665957	24.4134287477883	21.2625954002933	28.7081023670464	48.0864948362448	51.5822952344795	42.2809339100496	49.3476544566416	52.5668080277507	58.4184738737789	49.3956690716968	51.1192843788131	47.1183924610068	60.8386903515409	57.7877216426139	52.8575961038836	55.6159119254895	60.7712167201836	71.5734101620939	71.1990224721905	64.6422457226056	66.3500484481762	76.5861845044203	94.811113135208	132.941361516141	218.003456576175	2594.44813231439	1938.69424363069	138.951690172866	106.145426822104	122.10202392428	204.464444482153	540.553710719319	553.167263739579	317.297108708504	323.793910892987	331.770974800531	252.866499837213	260.109065453414	241.955885061271	207.661065141117	202.492570602472
635.471	20.3549787168514	32.280378876768	22.6062014607997	24.7001284697682	18.9246348918632	28.3014470260889	25.8409407185129	26.1757475513321	28.1491521215319	25.1321792428558	30.8648331243899	46.6449990306321	51.1700249195423	51.8059929720805	47.2812163709106	54.3199863204498	54.9207343379079	65.28298480227	51.6103335960275	69.2999193311657	59.2596948423115	71.5287028092906	73.9564919184094	63.1881449679113	66.3866675021345	74.3522747917477	62.6822221552577	60.9023883204275	69.6623470574664	75.008169057424	70.1586753817069	77.5310947471822	83.896130771626	73.233695458323	108.846736526241	132.882277753142	900.033250111973	3002.69685213162	544.582199349368	129.985178103109	126.49706591584	161.755193094812	262.973635098276	631.886296830851	419.646104994055	333.056870464159	298.80498593471	328.770776591572	314.972271581404	333.815814264608	239.882104694137	403.565768383233	575.04471664563
640.186	19.4866864645544	12.936298192315	16.4384104827353	18.5597395998603	7.99876067549551	10.360251579757	20.1360950896433	18.6806068377311	17.8543725706553	17.1028380261992	11.1004034820683	24.7774902763153	20.0462096589833	23.7087201596247	39.8902194591853	38.6516822142528	45.8528666805325	24.7850786373154	36.9873807431848	53.0696868357049	53.865963655272	39.1557807032439	56.0318853943174	61.1603346384513	63.7960881365025	55.0444701110676	40.0224425454996	44.1394366807251	58.7556480402421	62.6236997229474	63.6107485011668	55.7103057227679	47.6622503077521	72.0545822474422	103.580680759077	153.33490583028	2099.04620082029	1837.94065049494	127.748301824388	97.3284887758499	103.246311789886	128.052139412715	332.860322779024	547.079057824157	269.710371392001	287.917921628186	294.7758219705	293.250472064223	225.147663484261	250.210721712092	106.37588417683	374.370800989304	-446.028457670938
644.903	-11.9172803568583	13.9018700003838	14.7788814346176	-4.51913939458201	26.3679202942205	14.890686872914	16.4176327067272	15.6239326619685	22.5729787360582	28.5901816115047	24.3256880633998	27.5983896596551	33.5705203869663	37.5896815512354	38.1395963789587	43.4717830684068	56.977208801298	51.8774164422679	59.550630909539	59.7297732034786	64.8210016034616	48.9435632640064	56.6721256674551	59.6886770513578	54.571713552098	50.6728205358767	57.9222485161438	55.1482106829154	52.2038383880404	50.9962250510099	49.5399424232644	56.9908357579297	64.1672342000775	87.1872636195337	105.801500107092	656.109089832314	2716.76936906431	547.855480303494	104.144240324614	113.691959111896	112.8395134005	167.133863160884	500.83186964015	408.834302258378	268.780528449808	279.636604475916	238.979265785081	278.327245316202	247.444084706348	228.013310734929	330.743850042709	249.908006739117	-620.296789255627
649.621	4.18360563752793	19.9039817622478	23.2315231546268	3.17292141861334	15.8015965989248	17.6183787747515	19.8114252199123	23.0306577775277	18.5221166792249	27.532954554885	17.0792467192765	29.9193297168632	32.0231999216725	39.4363148329274	32.9254992452708	29.1799741418385	42.6658955660721	41.3125835015338	40.2623879934027	57.3009216963632	59.2856914579998	59.4878623026093	64.2805016992622	55.3973994703004	44.5538109685763	43.9520630049391	51.3993808287135	59.2579425198053	35.2951961015663	56.988719857632	51.5461561872891	46.3686578789659	71.3518547823145	101.920869699023	123.779728574091	1707.53014334574	1819.73233652886	106.305144940963	88.5266448848096	101.708862838052	113.432947864446	204.925653773439	462.678853669316	280.581338585936	237.596626262254	274.793694945923	272.951451898322	228.094564114718	216.396071851456	251.569753698136	185.898522714574	99.8421684448248	171.566512980503
654.341	0.944128161489946	8.84322649936524	3.80521080773005	22.9133984418481	11.109457548639	19.5959900408834	19.0489305643025	23.7625353615304	22.8253313465485	19.0527568836969	15.692630344357	18.9491455220013	22.5932018895568	30.0365684357107	37.0077534122108	22.8690513830218	47.0813554673933	45.8985735635231	45.9986174217489	49.0465321146945	57.3394227664099	66.9530991968708	52.6070113300384	58.8656906642325	50.1944799328246	49.0980988571771	61.3491383782548	56.1212557785089	42.9443645741521	43.4889454651486	46.3831201932066	52.7261464696099	84.5366011721488	106.588240494139	468.978919604156	2402.26150182811	649.638352386528	81.3887453866873	79.6651526645654	86.6289756377113	113.665422000184	296.664787007467	339.380416167759	208.767002185849	192.533393428569	255.226810578347	255.684218719428	270.72557544017	192.056264269067	229.670895009687	295.490368422161	311.977569258853	-503.333793048447
659.063	10.9488112381427	6.79437655760012	-1.15116652556711	1.44413469045162	20.2274849048089	8.01889130593553	11.223339798192	21.3209069492287	9.16431412177609	20.2111160440791	14.9917670351222	20.755842331775	24.8544707720769	29.9527007755811	34.0454740533529	30.2072316601403	33.3718114836094	23.5039444393244	59.4686872501171	57.4228894006264	56.9957592606083	55.8755877937734	42.594539150697	45.8356256432602	54.5377505747683	36.3543273684912	44.4335918206522	50.4567395759053	46.0335432967017	49.926993674979	43.766457554037	64.2049204509524	106.559695782715	97.4621950881461	1326.48582691394	1738.40287414999	107.380857897519	63.7876319906719	79.8865268469277	73.9180817493534	118.219608752991	358.880911749388	227.951028164296	189.89764607191	216.651484130853	237.344784138	249.401276300773	173.72919866363	171.32515807098	244.61438101396	161.403748309239	133.705870587452	-409.958798923557
663.787	18.3459738645454	6.46009538488622	11.6749813060948	18.6739386123173	11.6774574804791	17.1366666419733	15.5415796452172	13.0123035362699	19.6693924284323	16.1958330822602	21.3988630236134	6.01437301911384	19.955606004326	35.4974668327748	10.2921422893188	25.3651096633461	30.7049759069978	30.438519784915	49.456143238085	53.5615406886691	41.0494718871754	56.2747652003313	51.8385936993219	51.0582790868153	41.9354995879778	42.8395289436806	41.9441579970685	45.6403998985959	47.7241018726473	49.6089167927806	48.7922262574979	60.3677691773766	96.0635188444338	359.276645433448	2020.87052306647	671.094951984944	65.8301934499946	87.9819189087878	62.3579955177672	95.8990344963151	200.696802178329	336.235738789793	170.412769581699	164.460349345381	205.358477332506	214.304772572993	168.626355605865	220.612524795159	260.633623370483	353.652695102942	176.285398222599	215.369083721784	-336.579669925286
668.512	21.4059973644539	32.9827513706203	20.7843489885784	9.59322688606675	14.3114850621568	25.7562496696462	13.6758433152331	15.619096527571	20.0383979612927	19.1253855489677	19.0097990697529	40.0673328326343	38.8068478210918	33.3627141376092	44.8305950596782	43.1533969984417	43.9502873707139	46.9326173643603	58.344946168141	47.9762341854921	53.1835913623149	67.8108802281428	63.7133988267573	56.4422511030582	53.1866093705913	55.1994908258419	54.8417595107297	39.3712832818864	51.2273192580625	40.6817256510472	54.9717592029156	87.1466952710924	101.642048042841	1068.10150196425	1657.30833646762	124.328410780365	77.3922616318239	83.8776373179053	89.4400035804748	90.2591935523003	268.952324037698	248.126015956874	159.727380421502	179.534919777539	209.491827959824	257.914373335202	241.339304180703	226.784360648535	235.992748173326	199.461487903848	181.870023738598	498.352800328813	438.921906470525
673.238	-11.256884682482	8.29534551148631	-7.89038404674675	6.31026908966598	-2.87953450672561	9.71676017969217	3.55050394513429	5.81968843485868	6.57361121289593	15.6489917089356	7.13592574836436	16.9363986106292	20.585018703954	11.072538737212	11.4434298632178	36.0664155170419	15.9173882603158	27.1394788626919	25.6796376166971	23.7016408256356	55.202412499785	27.9260107860458	42.5986920768621	34.3783151418658	23.4550851130149	39.869068229862	34.7900066810584	29.4434029871736	40.6677246262503	30.8684594699786	55.9898048518266	60.5105360168454	235.115013770987	1734.03616520283	728.423682099183	49.8750000992361	48.1980186909883	34.5400976402515	51.2186073068323	117.451393246549	255.775117027977	156.084414419853	114.959538803392	146.247874968394	146.499343851396	174.008033683961	213.062992169328	192.126412491181	109.133835373138	37.4570367115378	-106.37516985358	40.4317750021603	100.355729074047
677.967	-6.40925693850267	-16.712384702379	-20.6654772237033	-7.85221534447539	-4.18983652978778	-2.07624946206355	-8.71783354937267	0.977062697756934	2.42800397833209	5.42687438288772	3.7378994520213	2.72970049203371	-1.78758715588005	3.83410377970496	0	10.0919346565097	15.3215146371914	22.0955392081461	18.8877454809885	6.94559817705705	23.5261761274675	12.4579477208904	8.82285449441311	31.1285232128095	14.7669559503644	8.96462280225716	20.5315274433736	21.1852657522336	7.76941848544122	20.962841398488	33.2174684541273	72.3833313593885	825.084687291401	1529.8427600182	106.364561393349	29.4379899100682	30.292849899924	34.3530278230024	35.7906396785943	146.64834989567	207.079200958027	64.1634286502047	89.571206159566	108.280649526278	132.039827651441	134.834148221301	119.791156216849	87.6958508551216	54.0028328861849	35.0366586559993	-38.5759576384387	-529.468477371224	-1051.35517924653
682.696	28.9138190153183	-7.55991449720867	15.269992599076	9.07396883300909	19.8790989926486	22.4934406428034	2.71230388807103	1.77831246641605	14.730374188842	12.0199162228506	15.9904279478817	16.9057415702705	15.5445735298024	5.99146787377813	13.3699254520597	17.0073368800027	20.8965395464369	29.1579141302794	26.1562797951444	49.599951304252	46.2791705912849	13.0031305641095	42.1728460182509	18.4918142907118	35.0890795822772	33.7200411123162	34.0039999150562	21.4213605500236	46.4218368393908	55.110789328986	59.4781366506158	170.543187973508	1512.33117678682	726.756828396623	56.7833489350131	38.8943124933731	55.3865531624499	51.6584703777187	86.4788076684964	221.167330438414	156.636511754994	80.6597376922971	104.154825960519	146.727959650486	153.581646975837	160.457901915406	187.997869175234	178.875165702614	140.411973215745	182.585912895842	91.0136719170516	74.1280193919004	613.310647421224
687.428	-6.0239374626923	15.2253969146542	8.09295209171337	-3.80721835337268	13.4546517708327	6.34213768747101	8.42132771904302	15.1217098153314	17.30542671994	12.6300942165667	12.8816595707039	12.5072661178409	17.8372615245772	23.7783031820807	33.4855824008843	23.9765169551086	19.9540388286443	29.3614971439706	22.5762044099572	33.1501741222631	39.6337280850569	33.1439837787347	20.8253107648361	26.9409137735955	16.1634596084969	29.2090127148916	52.6236540145418	33.0754203184365	34.1605077811603	60.4759498445917	63.0642460255888	645.67727879451	1419.43801912353	154.894531859034	57.9371636064728	30.3735363819641	51.9705440116759	58.7457689348591	116.425663358191	207.526661693169	95.9389639560849	77.102908057687	125.07672296091	138.00226649707	152.896535534924	196.428439520618	213.450749474433	200.137874648833	157.102601606352	153.674650971652	344.775325071786	315.170258207964	1111.66710128501
692.16	-13.6274301548048	0	4.47528451891354	4.97624930322093	6.26892679305724	-9.71666750789958	7.3228445459058	3.80094775783919	10.8463550551981	2.91010748608124	7.65320737338305	7.68481757635597	13.5420625666717	9.27748791970024	15.2717846422032	18.2521872465301	33.1940701825783	25.6869929260226	20.176665694374	24.8864855144277	22.7707779820312	25.9185815647912	29.1494695177688	18.3236603470479	1.88967389325838	29.3675603468603	21.0187619053627	14.0972091669505	16.9921980935138	57.585168892262	107.330659379587	1227.80852168789	733.477504543521	38.1093452894317	18.6557567841376	23.7074460587988	42.0570046180782	37.4226365332034	145.608266844928	159.288848555577	65.3964232552109	65.6860934263148	83.1821188002001	113.866595409345	174.046628493085	136.972103292589	117.524177857263	150.144233634806	120.440962383692	85.5316587050777	171.12942237135	-291.864092170813	186.283545432095
696.895	34.0458614020102	33.9970540031919	42.5991201010535	36.6118526879198	27.5712853618381	26.5965888547854	11.2892538828694	19.5366167617259	24.7975286678914	15.4484055521471	27.8571902608253	19.6941949341172	33.9008230927878	38.7989639289365	23.7621290881072	28.0842860763252	52.1490958891314	34.7392386654267	56.7090383498349	36.6883954466837	28.6567678456934	35.206992694484	52.4946870878421	34.489919126914	25.8740906275688	26.6102958360624	37.5799056398741	39.303535231468	44.0429497893153	67.3388505589616	483.236563967761	1313.96347390934	183.441047716022	42.7952394959211	48.2977233779753	61.4915826457604	59.0230371783204	73.9917360301087	193.067412288822	111.183436361605	65.8405301968033	83.4099410128004	107.486317809124	136.656790527784	193.907767290297	220.216044817702	160.763973160135	180.773279150625	228.60280023894	280.560093607886	313.658997190675	663.252717055637	812.710584870088
701.63	12.8107328435024	-0.457113937659711	14.4570530746063	6.60680462293393	12.3943879758588	7.70710254585709	5.11135779228514	7.71801576417822	10.3237827896726	5.90911974696452	5.08045746643075	11.3486610522955	6.31707129548287	20.6497914718308	9.86685875202804	29.3698749291429	33.3307733312068	16.348259356993	25.1793165462735	30.6809088510181	22.2294283588998	2.50614212493047	32.9293503893519	24.2655096249331	29.1617925532018	16.7715870930274	8.46234521847341	36.6988370193224	52.8564464055695	89.6944326820092	998.353617347944	732.171576977427	42.6052495375072	40.1796055677701	16.621453995323	42.8356955951145	59.5204210959377	102.538762699429	176.336101762623	52.7017422040877	40.9438082665344	65.4878478025512	87.1126686431715	111.777916214856	123.78335234815	128.284191347955	180.27601930937	99.0059369007965	174.4003691416	106.446788243646	187.108334472823	-16.9327066216656	399.272456432404
706.367	8.29705504125672	10.6395270261452	18.3922317347501	12.5852701868779	-0.677990144471387	1.87185585358665	13.4016564281572	10.2768990791198	14.8585469675726	13.0470212639306	2.11700537722012	22.6102424369378	4.13646700915161	20.1638531966052	18.1870004942143	34.3213662711161	25.4848344129532	35.8454175409412	35.8459455784393	21.0032819348853	26.5448530054666	13.9488501472477	27.4182322802126	31.9229333969696	28.3461125217327	29.7960546383823	29.4144015048265	32.6817269024594	56.8325212665449	395.412894879166	1179.54357083452	212.009305925249	61.5408861315994	48.567041243314	32.4674867066585	33.0275633520698	33.1719134573826	157.503059379405	119.780046756897	69.0190145892151	61.5912790318805	66.2721012418016	104.306589004379	103.81927085968	123.450281594092	133.093250820667	82.6863329196884	136.769469495695	172.431694326264	19.8434430156934	13.5249329253471	51.4064556333624	701.777941645574
711.106	-8.38470168629494	2.33737360277916	0	-13.9105484836895	5.13864113173903	-2.83744404261993	0.712801366480836	-3.32334719189338	-0.234617288896873	2.47215835879812	11.0024667934819	7.25367861958253	2.2800888706005	15.5605080433131	3.60374910143758	4.64836080589888	22.3454219384571	2.38840046051019	13.9661136449304	21.686568231346	12.27596727029	16.6591454657895	26.8553173466513	14.8893018521412	9.02530998627779	15.2459786279121	25.9624492298751	34.9034950922582	62.3127940328863	855.627385088475	720.498427624556	37.9168987537215	24.950871615687	17.8818908165557	28.0667788289277	30.0388075383107	43.6672427663724	153.081064748363	63.7340840591449	28.0049200664322	48.6618520107902	40.5519574833157	70.7256633093035	119.009165147336	88.9792120194307	105.835430297984	79.5807590613954	96.4285432976719	114.8021024128	71.618074678416	173.125526226161	-242.430963086351	21.490643408693
715.845	22.7946706899013	2.36442405319075	16.2377641364258	7.23678964163001	20.0993613040111	10.2054464488235	19.2280166542551	8.19440779339553	16.3759436979516	6.1129900936463	13.9122480783611	19.0778263572611	20.7582872775891	16.4901418775595	10.5718204553262	26.7661206854243	19.1559540273794	20.5363522851138	35.3193590793592	41.5413126390601	29.4353473766427	25.0618623715399	18.1107428197741	15.0616159062298	7.14502956366006	31.2304015251551	49.1002285406535	61.5032714755145	294.284964034647	1040.96460030263	224.343322410663	43.9414946594307	31.2670022562162	41.5658408223267	39.1884000698813	32.9186509040142	91.9147118678352	122.650894375909	59.9736551766642	42.2262770534822	50.3697839769562	76.4487225029008	94.9336130964496	106.130168264983	95.5765345374167	128.249275657636	107.335664081665	102.421737484274	31.106439751775	168.076834550847	267.302325553239	236.478168599553	847.834839587487
720.586	10.0973487473906	-2.84443165674251	3.42705841945996	16.9282327919729	7.99044539845694	7.35357886533278	8.43337545470595	5.68729320335981	9.2792044011818	8.07826131688469	10.227927195504	4.78142985455589	6.1660441407978	30.0573432796059	7.67467448339115	0.725224715540406	11.1383450678295	23.0100135227173	18.1466127904651	29.9473964130258	16.137866721422	7.79734482932666	12.9687200784864	11.7439985090088	23.8765549265458	22.0321202534255	28.6183081249317	57.8516405789687	687.500479256612	674.126430203151	38.0438880916457	29.4923105187426	38.143313289019	20.0634238016776	27.6610993629892	63.0409258324136	114.510856665825	84.9792463089564	21.0434746584828	35.9020620248719	57.9559032203891	80.37920751037	76.5513389132304	80.1944506680354	82.792872394227	59.2545683513494	106.260056014616	105.938503743029	70.6849335283952	156.878170191721	120.125990091459	193.169634741916	239.733223788178
725.329	1.07586995256418	-4.79866332037959	-4.33618245720851	-10.1994879294793	-1.75828464664718	-5.50168685035884	-5.85356789856964	-4.05108618469257	-7.22509258180432	-4.51144752076682	-4.39215594148537	-1.48919117971664	-6.63149727462974	-1.90154512539444	-7.39855135197799	-11.3783770719885	-12.4408105334932	-11.4413185372112	13.4403010865943	13.7357735595048	5.60061028346597	1.7539219145424	4.81331821250999	-6.79288036785072	3.62525825727984	-3.91252805809823	33.6029938053781	226.915108736383	901.669011351289	218.814573472162	21.1421319085715	0.377883330113685	2.67590757280376	-1.56220391542011	15.8256290011903	31.6915923803785	118.174352956797	34.5993840805552	36.0082932629435	30.3744655119198	35.4308986052604	56.7639418545566	32.8098086546134	52.2411016948202	91.3378333027797	29.4235686064107	78.9672419989747	-42.8933388578375	-12.6262741459599	129.389030624657	98.2107334299282	-106.653092132085	-573.568002882571
730.072	13.532124396991	16.8999147843556	10.9079652757559	8.21040433704433	18.4000377126047	7.81545699206815	9.57128428163239	17.1634290345142	15.5095188776395	11.632578015384	28.7268031078888	38.2108611765469	-2.35510413226743	21.0472573449616	23.4505717791417	27.3304346014907	10.9535001638601	20.5581599127741	27.949601652893	34.314984826159	31.4648090231725	29.5611452803038	55.477722532626	32.4671199659118	20.2657478740018	24.4087390546669	74.2315068454372	618.695839811782	667.668095141328	49.0987584905537	33.0503599489861	39.5446069458383	41.1578837579647	46.7649938976201	38.789677479306	89.6338119645297	87.4742332571996	75.4321801091151	58.1761838365774	74.7717206371455	68.3808325088681	88.2147133651502	102.55453869441	101.089296310366	132.648760607815	154.866361483842	161.65798972332	101.261074270269	148.223885739467	127.235830307919	254.114595032804	608.131231535585	932.302927959949
734.817	15.2633096181014	-0.972548293027096	7.03053590628414	2.06713701572647	3.56352721077584	8.52670413209704	1.48293313361214	9.29067433683092	5.1251001495438	7.1432662149655	-5.08663526654455	0	-1.58118820230248	4.23926159553339	16.1192953296119	3.71945687720067	22.4561061885888	16.1489225803706	16.3437286679703	4.79972134652783	21.2827390961759	3.99902088661349	9.75518409781355	9.89515768536857	20.4092640810476	39.6477334444777	171.432725448821	834.673681012784	234.284435145406	15.0657188294624	22.1896087383932	26.8050532190151	18.9814789862763	11.4772179370866	43.5876182387209	101.98612801586	62.8585259907145	47.235498765083	23.1269095519592	13.7411008196482	35.3154286814573	17.2565788857338	59.4218304180183	44.7942799385855	69.6566735421658	91.7429885795996	42.7702284810006	86.9322157094421	74.6367823675693	101.317531380057	203.78349907153	423.302626288528	-156.484204930152
739.563	11.580283388967	14.2655456608286	7.11209649878502	-0.418223535958795	5.40730103727167	5.30807485101	6.00054601133214	4.80851164805975	4.19702149080376	3.46854459901541	9.64808409131691	1.52658350401014	-4.79859425828292	2.72900782930674	7.96353881986671	-3.38634535513408	17.5356344732515	22.2005648864285	36.7407349836323	10.1963451807239	7.6549824607973	12.5857298174452	26.4651287153974	13.4916723974495	32.6207274845848	48.9313733929004	511.949772130966	637.809164674535	38.7103833540282	17.5851863434313	22.0600105937834	26.3412728273867	18.0260682125125	20.4182264746798	68.2197826314967	99.6571145846032	57.5538685797176	39.9016633451179	41.5914714249593	45.03765256508	37.5113756657841	27.1549768790025	40.0741183603219	69.2067358840177	78.1869189626606	112.528839669138	93.5112557618669	130.219894909299	148.848055269839	36.1739670454807	110.264980624488	337.104103487532	407.056020744227
744.31	20.6215496383751	13.4237493879692	21.5644594596892	8.45392024495356	5.10078485872002	3.01772212015355	14.6563964232739	9.27805543691005	3.49333301582625	8.47195647845548	17.5522690070152	13.1147245055091	2.82911437321931	12.2148493935629	-3.83271465993394	18.2536473713222	27.7931377246053	27.9416322314243	23.2085249115443	39.2586085516806	18.3750062329559	19.5347793318554	30.3750137189785	29.4712514034801	45.0723277280761	147.95856838132	772.335183232808	256.654499670301	25.1513688981334	15.7984373913764	21.9047635282211	30.146593862238	43.1707265287307	46.9381005399787	77.7782008253063	66.1132339080746	23.9244902307997	46.8008257685208	28.8999218772943	38.7756868418223	68.6036108049759	21.5642206991216	49.9050760132158	47.4639215044901	95.6081330121035	119.594707050858	81.8157208527332	70.0793642321496	146.079259261299	146.243243649588	247.115295098372	331.500735991493	411.409071791084
749.058	-12.9498089326766	-14.0631967769572	-28.5926125551357	-0.427015954235476	-12.5142215214596	-3.38729239983622	-8.16892932655781	-14.7288065828816	8.31843913892935	1.4756102841444	13.1345575768958	-10.5210714499517	-2.04144846197697	-10.3494130824336	-10.8412777247164	13.4459785551293	-9.76597664415834	0.427684772252714	-1.87565723344348	-6.44472245389883	0.488494692297047	0	4.57991724630293	19.5520546201371	8.01042915393016	445.955050409758	586.18197976308	15.7260071089324	8.46947173947771	-9.57593820046043	4.7418492060225	10.6789177105609	15.6042686051431	34.3370324215851	62.0090347409936	47.0660099783625	4.73901919290078	10.5623585977732	32.9110410031077	24.9792293690003	43.1634771009072	11.2223730250347	22.650264367978	42.9017382004875	77.8595347064541	47.3792006948368	11.4002586677112	22.4473769533401	37.443688832968	-123.114871420743	73.4237667155958	232.561572697705	-646.510140185799
753.808	12.6253196028608	24.0606887753772	0.925182609800768	3.91715526683428	7.87822520810222	-9.66707069050579	6.76507606060082	8.1886121169626	-3.08314056285775	13.8370552822017	-0.334687608010071	11.5180346066017	9.98766191659317	-8.5201225920916	7.49825515913121	17.6206148714932	1.6590084813947	-6.53881758420472	15.7721754727422	-1.51588514362709	11.4517500572579	27.1311482153961	20.5397182872161	38.0454904241985	113.876007438485	691.206342698368	259.590733708641	23.4267957798078	3.69967617887759	16.6739358002792	28.1934814911429	27.4129998591318	24.0610733712684	60.8303763814091	61.9045153738536	20.102725169361	46.3707239212912	30.7593418644975	26.5112488021444	12.7301410473872	50.8108080628145	55.846768288629	53.6201782410109	26.579731005633	29.1317709064696	15.6947812168723	23.2396121870386	80.958835806988	110.004375911922	210.188767013875	299.351078518048	350.819597897663	-164.740175758687
758.558	32.7214850429153	13.0309321913292	9.89104183168709	25.7028658186225	21.7725467115626	34.0983901721955	8.47763262625323	19.9173487898507	12.0335894124159	15.6200096930499	20.44636746029	27.9032474486706	20.3385087793733	16.110775078865	2.41092190582938	16.3462328303322	28.2936317160665	39.946225639293	38.930763928175	39.615126377808	35.9937960862363	26.1955878257244	30.8944481075011	30.4363882092377	407.781528214529	581.378220421918	69.2241862621357	30.5482386450852	13.3935733594006	32.7119653972035	29.5262602459227	37.7625016335686	34.4640535759278	84.4201273233392	68.7600474153142	26.9808440041094	48.1974428688599	42.8020844469757	56.1900677584328	81.3045592269062	61.1982864621521	75.3594843321075	94.7831304935528	89.9189839510605	100.235195636462	103.256280875398	110.916315841693	143.35791905086	178.292782479066	207.621983205056	579.108189677228	405.468099404479	1677.35428920408
763.31	25.6284588319128	22.3302622264215	13.9325239487884	22.6012581733139	3.89621964512445	18.6455218005238	11.0794327969335	2.83480623967457	-4.53623280933421	3.74887901936369	10.0802653758639	0	8.64404306752674	4.21367352992599	19.2636601156463	30.0936315952269	10.3379443910641	22.6366576204039	21.8406053698664	35.1604301633875	12.4105092157498	25.7484081660016	35.8763176838484	103.015446814179	661.407167395904	284.804657289517	23.1087647455148	38.8430893077509	10.2462932344123	19.8511861218909	30.9539960686506	18.4219102734891	37.2717678999045	87.408436576556	48.5561652861892	41.2815358470417	24.0795416181704	46.3211546170726	70.2390216191803	44.470968685147	45.6914492275652	61.4945972462864	75.0242782642171	71.2382446483353	89.7225636832849	122.877488019052	51.2887536895174	151.711621489795	174.867652494521	172.68113897949	383.438424549394	216.640245047806	1393.19104953658
768.062	17.4460138634566	15.5627632529145	5.81911884098466	21.9001974071127	21.6296903203422	16.2865048197176	5.4551644443931	9.29931419161667	7.27200817519951	16.7124541689069	2.80677846007056	21.650216325854	5.67119341320661	10.6327370286374	3.30959701635831	19.2923405062404	-1.30433270810129	49.3526223241935	13.5275746673476	27.0143009268783	4.17553883233938	10.297646765725	28.3823476364963	363.215063142248	568.942299937147	62.1318438282322	31.0999469513588	21.1111859622779	9.0493839276163	17.052685202544	25.3326389839316	36.3433216465287	63.6982893848395	64.6409720442469	24.5052177365137	45.0203251998243	28.8619728579923	19.3466958721295	43.6720266137754	29.7224859276829	41.5719827717005	31.7402967927552	38.2534273492974	79.9939992443249	49.4931689073183	75.9349444321311	42.632955461772	77.4879601578365	98.8420370327407	236.780379145278	156.902313357771	-119.27292881848	296.047396626438
772.815	13.2264772051831	8.58088313417486	14.0539133043126	10.0311971187429	5.89524912805557	2.89353444734967	1.90809143801837	9.29339107102129	1.61497251783525	17.016937788206	-8.76559595608061	5.40910660029521	7.8474201145943	9.77588742785079	11.576211486521	10.6655609081575	18.68352758112	15.5270405354284	21.5301929938961	19.58612730492	10.9538080515	15.1916057491085	115.413235481371	567.488267634123	281.813957221193	23.1752836749138	25.900115082998	14.208681615519	14.2114028540276	16.6157780460411	27.0042704755913	30.8299143509634	73.9113093376576	52.3782158240811	39.4554817184879	14.3590371955109	27.8315336944523	37.0575485482188	13.0365822319138	33.9469193579764	48.0369888197242	63.4401601510091	50.7120212165677	54.7924259748868	64.1949004983589	54.3853811169764	101.949594667228	127.220565107515	42.3338916093585	236.629563858107	156.802375738226	139.063118741746	-690.337273982801
777.57	56.4382088559887	27.3618776721186	25.713814343343	12.0967114093551	11.6298145534831	25.0964024836673	11.960063525318	14.3458242348599	9.88735835098793	11.2543284012302	6.08210970011434	19.105508009428	-1.77941922177811	22.9862493504698	25.7336946878979	22.1845237504356	29.7049696271965	19.1054606999009	15.3272630170164	46.4525102909829	37.2569895211632	63.5052450635549	317.369082910582	535.965970697918	77.6316394423135	12.4931256688644	19.3805906197751	14.4983196593383	19.774222321579	12.6071802212649	28.8463697536896	49.9886416053846	73.6741926533832	33.8490851304701	49.0521277685758	39.0713071335138	68.1572829396514	49.869254490401	65.354913463158	54.4325777900839	57.6271573288601	55.3829869197987	79.6088686171115	52.243160037893	40.8054507617472	104.535217609133	147.502096819841	75.2544366513003	213.584426577401	338.705125461298	250.66467185511	415.558025513024	50.3149650825706
782.325	39.2431315909979	25.5606230955544	29.1225142232292	25.9833039418423	31.7619462597898	15.7394503024489	15.5333608927593	13.5791909564031	8.92412129440583	12.0806687337715	33.4218793567606	7.75990301622411	27.1023686848366	18.0556784904626	14.9926383655302	21.2511265149531	22.0591158830393	27.9166551376075	35.2768647620315	37.8440440999879	31.3455161401738	82.2542983481943	564.456403492154	308.244153963639	38.7139832430136	28.9955107671563	36.2273913428856	34.350429240708	13.8320421878996	18.098456245728	48.9634598375889	61.2602964361892	81.8913671129867	60.1482084281404	46.5184132378324	41.656708581072	49.8080633165669	46.7421281555939	42.2834104668272	55.2709098818111	46.4082024747079	34.3258436030821	88.1100934794356	82.8289777468227	104.675134671787	72.0738979401587	167.116051638595	143.275223056708	263.172826064011	374.568103621949	238.278940566135	442.541481225565	1404.97171687367
787.081	3.83774205345388	18.258496249014	-11.3429228136715	0	-23.4154201258661	-7.69611749560422	-14.2102018366603	-3.04224282598011	-2.86363004037413	-5.02900345643897	-0.746061207835619	1.77070088022255	-1.85531396407997	-10.8528205318847	6.15799710529331	10.4742905716321	0	14.0899934555999	4.79429772791503	-9.57411840184214	24.9724624693678	265.898071267371	502.081188882113	72.1879599682697	1.91580446102619	12.5607617215125	11.4813637355634	11.9101221231942	5.49803221980665	-0.453272215817515	16.6095253984765	48.5261948040501	25.9085240045909	18.5751560027897	-9.16736920081243	23.9334302108681	21.5346325131255	1.14277469469207	6.03030024794482	33.5365751442066	23.4815086958245	30.7474172722216	18.2609458392361	19.1127735366575	5.59813958591531	55.1696973072403	33.9964069461458	13.7312253105578	195.170113571096	38.462031191626	94.5329757171883	-84.5428608893914	-1416.44617344215
791.838	41.5349156280934	21.0907584411145	28.8446828510047	30.5315675394906	7.51903104126837	4.99758847350561	12.4579925643152	10.3841733996145	12.0154943978912	19.4264799347572	2.98132893826096	17.2474646743911	-8.34075515071714	16.7150834417783	15.3799503805116	12.6440678918269	12.0072136651412	9.70774219463211	9.04704723065055	63.5775460895418	77.6161928305608	483.878326822733	313.429156787618	29.2504242946016	11.9620783533732	13.0132474930671	17.8934267355715	22.4240674943634	20.5974754336262	27.1697595264363	57.4038358521835	52.0698008084818	33.148671040559	38.9697132214598	16.8707585842858	36.6281539763814	43.565022006275	38.8163752075982	42.1708564684311	21.9063351484255	57.2664969419714	60.6855439537386	73.8016445444124	27.6864428626541	59.2822984729099	59.1486540006593	160.112177656248	117.581216468752	319.96621731028	66.3695047226897	288.877153710906	464.531399284488	183.433984979207
796.596	-7.81114985289278	-4.64530472290256	26.235025650649	9.87352649826032	10.6380769861855	-3.52446657342295	-8.85390003086104	8.77204274930677	4.37136792749206	13.6477123134101	-7.21285592156986	2.70299756876958	8.96850832856464	15.6465823246006	17.4576283864401	7.10628386155065	14.1131479136017	3.95559640323038	14.094998428091	18.9135479745191	240.01974953701	522.625305418704	76.2462207014355	13.870805703455	-2.43708336918583	2.36718069352576	1.40211590156262	19.1133105510604	-1.39880276497127	15.2223685223527	62.1303213985767	24.2346942124742	21.2781977642246	-2.36293445888433	12.2755319998737	30.5751287150098	44.9262861404416	22.0964959364192	32.5255012797016	15.0956700334583	33.7363046794699	27.4749226589499	31.2544243553198	40.8462509793014	19.3700986699173	56.1448329516772	62.6046387610891	177.668506996534	71.2994100385842	181.47587518547	356.520206812781	129.055759780347	80.0823415696549
801.355	-17.9813746461652	-7.51890621970373	5.43540516523609	-1.70467455868525	2.57134498730853	-3.71862821020557	4.84067748366981	-4.67713930315734	0	6.77433847075268	-6.88195991706513	2.72227272928355	0.407479535773999	5.95896753566974	1.15926061203194	11.502255527428	10.5588148449874	5.97570582803072	5.61580627424616	43.5392481802275	382.219903700041	228.098660286923	16.9120689946746	2.66089882940026	4.20764963519165	14.7130629944539	0	12.0729249837878	-0.805015812227862	28.2726051797353	57.9723912391534	20.9207250665709	26.3548247550694	19.5822277194786	16.9550663367934	20.1311221495695	7.56738512566602	35.1380001198685	3.17861967496663	47.5929946341149	-0.606729987985205	30.9649956704936	12.3964658877415	15.9512859319983	16.7213378156472	35.463890708106	116.62078423846	199.902222827051	-4.3963988797814	79.8658759504796	146.55614840786	213.532099318256	1106.10392586913
806.114	-24.1624721807844	5.51386456111607	5.43540516523609	3.83551775704181	-3.30601498368239	-10.817827520598	6.62408497765343	3.78625562636547	3.77360596234859	8.8360936575035	9.17594655608683	10.5001948129508	6.11219303660999	15.0960510903633	2.31852122406388	11.8856640450089	3.65497436941871	7.25621421975159	-6.08379013043334	149.418783527599	375.882073664199	73.2847101323448	-5.48499534962419	7.98269648820079	12.6229489055749	14.7130629944539	-2.82422886814229	6.84132415747975	15.2953004323294	21.5031081648691	32.7327106996581	9.07880521756851	27.9520868614373	5.30352000735877	14.4118063862744	21.4731969595408	2.83776942212476	25.6005429444756	31.7861967496663	15.864331544705	37.6172592550827	32.9414847558443	24.0637278997335	51.212023255363	22.6229864564638	26.0068531859444	21.3330702875232	182.66927258334	8.7927977595628	95.2246982486488	53.7372544162154	92.8400431818505	944.79710334655
810.875	5.05726161923395	12.030249951526	7.7001573174178	3.83551775704181	0	-1.01417133005607	5.60499498109136	-0.668162757593906	-1.76101611576267	6.77433847075268	0.327712377003101	15.5558441673346	-4.88975442928799	3.17811601902386	14.2975475483939	11.1188470098471	-6.09162394903118	8.10988648089884	17.7833865351129	294.384689400402	245.225269848368	25.6496485463207	14.1695713198625	13.7479772852347	1.68305985407666	12.669582023002	10.8934542056917	14.4875099805453	25.7605059912916	27.8743994729785	26.4227905647842	11.0524585257356	-1.99657763295981	21.6220431069242	16.1073130199537	24.1573465794834	25.0669632287687	12.5492857570959	6.88700929576103	15.864331544705	14.5615197116449	23.059039329091	26.251339526982	51.212023255363	13.7705134952389	-16.5498156637828	156.442515441837	141.310191998433	81.3333792759559	30.7176445963383	-9.77040989385734	232.100107954626	-1290.45458018065
815.635	14.0479489423165	7.01764580505681	3.62360344349073	12.3588905504681	10.2853799492341	-11.4939417406354	5.60499498109136	3.11809286877156	1.76101611576267	-1.47268227625058	0.983137131009304	0.388896104183365	2.852356750418	3.57538052140184	-5.79630306015971	3.4506766582284	-12.9954644245999	17.0734452229449	120.739834896293	325.554832983974	48.2650133498776	-3.20620606829009	13.7124883740605	15.9653929764016	-10.9398890514983	14.7130629944539	11.7003767394466	7.24375499027267	22.9429506484941	30.2636337135195	17.3522803709031	22.1049170514712	37.5356594996444	4.89555692986964	14.4118063862744	19.2364056095886	27.4317710805393	17.5690000599342	27.0182672372163	22.0967475086962	-1.82018996395561	8.56478603651951	33.543378284477	54.570188714731	63.9345269421804	61.4707438940504	86.7544858359276	48.2522606823917	32.9729915983605	138.229400683522	53.7372544162154	-259.952120909181	576.095794723506
820.397	4.49534366154129	2.00504165858766	-5.88835559567244	-11.9327219107968	15.4280699238511	-10.4797704105793	4.07635998624826	-4.67713930315734	-7.54721192469718	9.42516656800373	-3.60483614703411	-8.16681818785066	0.814959071547999	-5.16443853091377	5.40988285614906	2.68385962306653	9.34049005518114	38.8420878821997	233.99192809359	210.76954232701	-5.36277926109752	4.58029438327155	5.02791240382217	6.20876393526728	9.25682919742163	13.4869744115827	8.87614787130433	3.62187749513634	20.1253953056966	27.4761937662216	7.49303016016269	24.0785703596382	12.3787813243508	16.7264861770546	22.4654628962512	46.9726183489955	7.56738512566602	27.608428665611	6.88700929576103	7.93216577235248	26.696119471349	4.6118078658182	10.208854260493	19.3094513913664	12.7869053884361	39.0102797789166	68.2658249200742	-46.5289656580205	-37.3693904781419	125.942342844987	43.966844522358	371.360172727402	691.314953668207
825.159	-2.80958978846331	14.5365520247605	17.6650667870173	11.5065532711254	5.14268997461705	8.45142775046721	-3.82158748710775	-7.7952321719289	-0.251573730823239	8.54155720225338	13.7639198341303	-10.5001948129508	2.03739767887	21.0550186260331	13.138286936362	7.66817035161866	4.4671908959562	75.1231589809577	285.938136130367	96.4790158539132	21.4511170443901	14.1989125881418	28.339142639725	15.5219098381682	9.67759416094079	13.0782782172924	17.7522957426087	20.9264033052322	46.2884092031021	39.0241592621699	18.1410203877623	10.2629972024688	23.9589315955177	14.6866707896089	21.6177095794115	13.420748099713	24.1210400880605	5.52168573312219	14.8335584831776	24.9296638559649	42.4710991589643	25.0355284144417	12.3964658877415	27.7048650397865	33.4426756312944	108.755931504858	135.109445154314	82.7181611698143	87.927977595628	82.9376404101134	464.094469958224	46.4200215909252	622.183458301386
