Wavelength	500	495	490	485	480	475	470	465	460	455	450	445	440	435	430	425	420	415	410	405	400	395	390	385	380	375	370	365	360	355	350	345	340	335	330	325	320	315	310	305	300	295	290	285	280	275	270	265	260	255	250	245	240
248.336	30.5331559387718	23.6305612485574	14.8626250940147	8.74282962831083	11.3081293900327	10.0946409887157	14.124388116986	5.47074530545	6.69858598362315	1.51038867491595	16.1469280437352	7.18648124544348	25.1407265311369	21.6489186283525	19.4723503758653	13.4042415969757	15.4440967244086	31.9995271953591	23.552687561325	37.1315831469587	17.064965806186	24.4778253615245	44.1895273158697	39.7374960540526	12.9958616374004	11.7881635526869	23.6851238881992	2.90238053894099	29.4446124325327	10.2545574631981	26.8217759413841	14.2380874951859	35.8017290050472	23.9558154569745	25.8030514727526	72.0299790212783	78.6165131589606	87.1753559454867	96.3686538954953	101.390125151751	125.641607584722	197.795942321733	468.062364037541	887.396891712252	1136.6195849843	1244.71767934099	1263.16098108248	1311.85962471707	1377.64905258321	2965.00463308371	58841.8641355857	204473.803622068	76718.0610346281
252.814	35.8796994092856	12.9206727186512	23.9201350019061	29.8432764221812	23.0244527565993	3.33528149091453	1.8796490068652	20.4760482487991	12.0343883379332	15.1955922992888	29.0088688893519	0.478182213061976	25.0926312336806	16.1444741715978	19.9903874679887	8.02715922175528	3.49951979983071	14.175359824421	22.4521856275979	13.4027190260618	6.01140698412656	21.4241061337375	32.6564613016609	13.6763712086325	9.8579599938285	29.2459505391075	44.2935447730451	26.3197529912231	38.2461606484597	25.0551332452224	24.3367861124389	19.001935793024	50.7658426360233	43.2896605753056	53.9517961883416	68.5740818220284	113.459080065456	111.868181637823	118.044363876091	143.19549320499	201.645209604568	533.435835447437	928.296182226791	1330.11496402755	1498.57043195911	1564.60594385062	1617.90600003934	1703.23708207604	3029.17558026355	53159.7865433183	221803.238338487	100836.001862863	5156.54511230384
257.296	26.6246664564364	5.47876227967406	7.70543786883553	-5.18019087265647	15.6336829914369	-7.42487468088519	3.40951268672044	0.810364209950745	0	8.59119745227834	1.99316117773108	-3.31181122712772	-9.93071028071033	-0.968086305711636	5.18010691172563	8.87647784542989	17.3122125625676	9.86956575821984	17.6575249025824	20.4938364401528	1.78431490253612	15.6189294168303	1.11415404345785	12.4489529005145	1.02668581681108	-9.97796232326548	8.37092535070785	-4.42203896854794	5.89728996500197	5.83286470662737	12.5210481409539	26.9957490733888	16.5801100171455	55.7799176132435	61.1539912858455	60.7344931289574	102.998677108867	73.1737229306203	107.709734540526	128.482810208504	369.24014090065	847.040947482829	1274.19651164365	1490.59684924761	1496.02888354215	1537.80616672781	1672.9660358136	2545.98794206776	40192.6140166683	193904.17671278	105360.969203999	5362.10486121465	5015.43862129315
261.781	18.0113671750632	-31.5038685493858	-5.58499836423097	4.20522765971122	0.453259609228544	5.02286645825469	6.29047418275944	4.38563761310126	-10.2235384317582	14.1664433372947	-1.21352138187127	-17.7632742548083	-12.0924784181571	0.491176798529645	3.8228722736899	21.3330695509543	7.02694137229501	1.05421260010854	5.20192882856871	-11.6212197285589	7.24244585405785	-8.49059749058939	2.26114805221713	-7.6892996657904	-4.68817526556917	13.6687685946641	8.99395718362969	-6.48152456368835	8.47761950469618	17.7564818092438	7.33014151872199	13.2076296588483	40.5766422813838	39.4192367885686	62.5811477741061	67.181789196461	99.8192560621813	113.562080715468	143.534772100373	308.674797649136	741.809656229735	1211.37158166585	1538.476748755	1537.72170550134	1577.12678249034	1644.93964865417	2521.41478753378	30332.881545639	174455.727704394	113284.429527159	6533.61741293131	3238.76758514488	21117.8952903457
266.271	-36.6382366627745	-13.1938302912784	-32.9464732209945	-6.95025543229779	-2.76602536684456	-16.1775172147902	-20.4734603066093	-8.36357398762084	-6.30195326185242	-23.2752663508223	-16.0453307341548	-1.95316609431347	-19.473569465272	-9.99138578036896	-0.486023970770968	-28.4479342393485	-12.2520123071438	-13.4028174958351	-14.108830841587	-17.4186314915604	-11.6631403059358	-18.9984785146789	-6.89934944928013	-7.82068285511018	-24.9010164947146	-3.60430517402647	-7.6230269988636	2.02839111026064	1.52161276198716	3.00997964462334	10.4375431352305	29.8517817166243	32.2106965264201	50.8869816575187	52.9528873218049	64.3767332742132	87.7891068097	136.445212286923	262.509234616511	671.621423262727	1149.39810365347	1510.6825904288	1538.86948734727	1559.73150715168	1660.37961523386	2330.20627663925	22976.8747058599	139068.915574068	117694.60197982	8211.40247058526	2347.2346189522	13463.9127825771	28350.7285310759
270.764	-18.3299389327171	-37.7189243582138	-23.3035049276769	-17.6533773081936	-11.0706367290042	11.0753656212184	1.28034708867024	-5.85795988515347	-6.62095943564644	-2.21800137266754	1.2349852516495	-0.488579944004167	1.53829515546785	-8.99755867640391	-2.91786631089268	1.44735954176682	2.55401025732477	11.8014460721941	-3.52929113536031	-8.71446009999182	-0.614212073862762	-0.576051527135072	27.0384134317786	11.7379534773272	-6.36146166203557	-2.06081950762836	2.54250990402408	3.04438383797985	-5.07503845653247	12.5489898214098	23.8713332708907	28.8737672013927	49.3517625818272	50.4027256761819	80.2790380934161	63.2846753583586	129.669990682429	254.001500903784	629.188188368145	1065.76194622599	1494.48511366181	1562.48935953238	1585.12048923751	1621.45745228335	2204.71408205697	16963.5458106195	114432.119648015	120919.104397789	10620.8541297482	2830.87611773394	8588.52314801858	27195.4296495975	10209.9095106988
275.26	-30.3643804874468	-20.9223780033253	-18.9164825386508	-9.42563128720217	-22.5764389769776	-23.3505346730867	-24.7524901555598	-12.5605601757914	-16.3569219055072	-11.2175065616624	-12.4918364205278	-20.0867189949152	-2.00771695756288	-12.7218306075153	-3.80827414781721	-13.6954797451639	-5.00007721391504	-8.92658911491229	17.849333619351	-23.7629927406805	-30.662856011927	-21.9912551560298	-27.0301628361782	1.64141509141379	-28.0216372184524	-3.53022254059693	-12.9416626585943	-4.47007433164313	7.45168820489504	6.87892971746873	16.0647309623614	38.4969769057555	58.1678052764354	66.4547389845023	74.3915013554452	86.2837894649612	177.81869047304	537.049247313322	1034.35767280452	1474.9983367185	1478.70644505361	1535.18982185081	1596.91318701618	2021.58217836855	12012.4528621046	92793.8205197638	111894.656600057	13643.1286541421	3847.86143403518	6488.98071197397	22909.771600103	14501.2011740973	757.57424055854
279.76	24.8250030194137	-18.546828605537	-2.16370124885009	-8.14580036163447	-10.0969245322023	1.21620250801423	-5.7879029945882	-14.6012388032995	0.900166409673033	1.05543558013231	6.66023194186228	-23.2490684178825	-1.95199330933182	-6.18436979744065	-10.1820854173471	18.8251717167296	-9.23647267050492	4.59467683243938	5.03823777948108	-9.47834142370956	-5.84545424083273	-2.74114022299589	6.0224880562699	7.44733758393149	5.54968418020226	5.39352338849639	17.9058230709359	6.76045784054533	27.047509394716	32.4846047455326	53.0094596358621	41.2187317992816	47.4473217239162	73.9102736506547	101.86871139842	159.711761271454	452.681482325605	919.79460899232	1372.32555793194	1485.93476918241	1501.31770105739	1518.00019365743	1902.2105397639	9665.94790383827	74988.0349374081	90331.741124814	17187.9672634097	5122.27721897549	6200.17033742535	19272.3344510878	19751.0977798094	3741.40901269118	2011.34253273371
284.264	1.91566993303608	-13.0962706906579	-2.05925030046486	-17.9278143323876	0.835609006146043	2.70081304272759	-6.08833835143492	-3.03193650993764	-18.8476551060825	-8.70553901611257	0.372865562838745	-10.1782995823607	-9.28881196256459	-1.35826714350275	-9.25007368297211	-4.36985404846014	-11.1039023177225	-14.0903668825339	-11.7211621453398	-10.7121787049522	-7.23225049236409	-9.91349270474279	-2.08427536691177	-6.07527712677834	-16.8056560386726	-4.66650487077434	25.3318610153335	7.81283831503235	13.7902566949381	25.0059412186092	22.0720807743356	56.8143130901043	76.6297894156864	70.8081574059974	103.737656431689	395.614121958999	789.67210290118	1288.35654473927	1448.70228768016	1405.75751700503	1465.05128074132	1576.26430705326	6721.88445730154	60815.4977841377	71374.851356007	19708.7563251659	5793.16297736092	6833.81739268617	15784.2305307011	22486.7141927536	6404.65343678588	2486.04318785183	2453.47096820912
288.772	-15.0921211395239	-12.381078827676	-12.1674620671584	-8.70342253687118	-1.5799522197705	-0.364760101456966	-14.526674328673	-7.8824938790604	-8.63921365086734	-4.74814991853951	-7.75507140642405	-18.4081826812342	-5.70800537773756	-17.54925331465	-2.49854970463102	-1.23936444314682	13.5592894066106	-30.7758425719284	-18.636337321957	-8.52815404484171	-1.57783726074254	-9.37211344620167	-5.91135710902635	16.7518870919851	-3.17757867228632	2.20583271449961	-9.57939173649815	11.7309862341788	25.2051876323112	40.8333458732089	31.5130009185087	51.1539655629654	72.0137898660591	88.9614637939632	290.092976921932	674.958926248725	1156.9188889421	1345.23633933693	1351.80129652275	1373.82048474444	1400.18501825666	4389.7889393403	49922.4215574151	57550.9763308473	21249.1266638628	5272.82444322894	6783.316715851	12843.6070527916	23037.4751428578	10227.0338073183	3801.15729011798	2216.85753024497	1580.30919173983
293.283	15.6238239929987	8.2558907095644	15.8617904905592	16.246188626756	16.2804242351009	1.39855844186323	9.45814856150094	-3.43442677475532	-1.55270440946403	20.3292457788849	12.8398519669819	-0.802050168956855	12.6262846489046	-3.28229849026732	-3.19330227170224	-5.9399438068496	7.12750380367349	17.1716906479119	13.0357463887761	10.2182929489845	13.1077334377155	9.9292519444009	19.3598998664725	13.7635431084243	16.9697786987089	6.76606010773464	20.8688518953983	24.988219446851	44.9882393003924	63.0370807517759	45.3100270084882	65.3779567146607	99.2027559757303	256.243313625129	600.503190542888	1074.12541485028	1332.61681155281	1280.09015533853	1313.91424811272	1285.08258807037	2937.31769625842	43127.7359623627	47813.4798436376	21879.0958052597	3852.51434126147	5917.04849200269	10068.145374714	22284.6656153272	14363.9376215789	5580.46976670982	4026.03440085397	3354.68472445153	2663.11655572012
297.797	11.2040090345414	4.49579337457693	-5.41968966459741	19.1285549125399	12.0957021168216	9.47760359219165	1.78041625852299	13.5211215883576	5.76215919924022	-3.81864861366651	18.9724883421935	-1.16469624337353	5.29684853690819	3.57478952303289	1.54571675761255	5.75045510904922	12.9884819656022	-10.6563466250811	-11.6850890967287	11.3761699311809	9.273159608092	8.69702498684881	18.2851750491861	15.101072435716	20.219606067373	17.6037100027044	21.4153069285456	44.7534912593286	59.2805817336638	49.8579658678611	65.5993160401759	84.6535187567298	190.875749720178	514.937211442325	945.804701545683	1277.37552073938	1253.54363840534	1293.74920812807	1247.50714589587	2314.92595146328	37563.2078413822	41724.7359740984	25252.1831863685	2821.83456491133	4143.46534068935	7267.01916387755	18866.7696100389	17750.3016524035	7173.88699980131	5242.44573054647	4212.81119906703	3781.00907641051	3216.78819188969
302.315	5.49948290769311	12.2597677828144	10.6410091543359	6.67679485662294	2.15897093273177	-0.664582507927799	1.24845219652305	1.95841079580812	2.21349389405009	6.05569566899771	5.78025779567648	-0.381127092593381	-5.19991155015311	-10.1381734444375	-7.5871439075227	-1.12904334461623	-2.78923341427085	4.18453044387324	-10.0946926866104	-0.485564174617535	15.3321307479666	0.449361146349255	4.03887155943204	13.5166469233977	2.48119618667277	26.1232681576274	34.1134220007192	37.9973734131876	63.3422530081201	37.5901603145133	58.9675675368792	145.238329705126	423.083883459319	836.504329226938	1167.29937937574	1201.54647004763	1237.59474806594	1204.1911660383	1797.55145586722	30068.6308753443	37699.1476138896	31107.4410481497	2234.80716575091	2973.23455703184	4870.42068005388	13906.8807967023	19135.7532087444	8783.45075357476	6302.43180337901	5229.66152505373	4420.59589560071	3693.11397369023	4017.05763249809
306.837	-19.194805293918	-0.978061223945588	-18.1279728462	-17.4779764858933	-3.22947453563917	-0.662739287390765	-2.73897714765165	0.650993046887544	-13.9799135152545	3.1632334320146	1.92140874746873	-8.36154079324345	-19.146423094248	6.99926898868432	-12.8623716201592	-3.3777358238514	-1.58942712651646	7.51126435685521	-9.60911799463095	0.968434923368373	-14.811806840722	-13.8915601195655	-9.39789606788815	-7.39179658789454	35.4651757254628	31.6617600560602	32.0409706796922	29.2084071419694	46.9801388016824	44.5145109419001	123.024201627914	371.77029558877	722.379654310316	1151.85446117091	1205.69498707057	1210.52138616933	1175.59186410252	1550.5850911653	22652.3206771592	34988.074941081	37503.6883389331	2060.84886395937	2155.90559754808	3411.43768451025	9074.93708571023	18179.7929468635	10397.9315922782	6899.58942450734	5986.19161108746	5159.87270096072	4398.53906574196	3589.63387333457	2917.60379186668
311.362	-8.21594977029447	-6.83777696609471	-27.8199781367074	-12.8841093999868	3.94214768112116	-5.95711625438057	-5.71971526090612	-5.85153367981329	1.71466198212258	0.574406574602041	7.67592291141859	-26.1916930490686	-27.886583088159	-22.9130572568747	-3.02261597028827	-2.24897832845969	-10.7150756911539	0.416765145816858	-5.02698704901452	-14.0245615985234	-6.68075016838302	-24.167623045189	8.49211357100852	16.5019600752642	3.70678181605638	24.4167944232599	33.1856846042131	42.9688273400098	34.6977134375305	108.025770772548	323.013417322016	666.407046763958	1088.06897585651	1176.37178388373	1174.64923314686	1149.28839762244	1356.09510725776	17079.777208826	32661.665707187	34959.4636157788	2275.61692309592	1586.80675190785	2490.35721450794	5998.73109420054	15393.6967817503	11775.686533752	6923.19471721623	6447.6284049292	5794.33176915121	5073.59808090658	4407.65666219262	3827.20827273946	3307.06443423211
315.89	-7.1133021376556	-22.9322221491552	-1.76456480696659	-0.415196894972069	-0.358015303991162	6.94295342967919	-4.72021261521881	-3.03106582270074	-0.73411334756435	-4.01678724422833	-6.07063820535258	0	-5.96966430597523	-22.8899280418111	6.41657528390212	2.62115948926986	2.3787243402884	9.57592232656221	0.913075025134886	7.72987847263118	-1.43014422710929	9.83612969328861	6.69753264024591	26.0294249029906	30.4472183130757	44.7855819003911	33.5468547308041	53.9521750628667	91.7773454012398	281.284751276882	592.494129738115	1013.86357640017	1164.75099382799	1158.81795677297	1147.29422790814	1256.45052905362	12055.7183623021	30949.627160021	32658.3394564771	2695.29569980621	1183.20032533922	1732.90695114539	3800.71220573812	12287.5519665658	12506.7780779199	7032.52825300169	6751.06414362759	6363.88829663125	5845.46897388193	5160.40787608145	4701.31580725045	4334.98479564361	3742.68279571454
320.422	-17.5376944394812	4.88700630774812	-1.76738933733252	0.831722997273965	-27.9698934340415	-15.8950102439052	-7.46489721593593	-1.95166133686735	1.47057687850994	-11.7822780530817	-8.96052381606348	2.27888146646035	-27.5044116264984	-6.60596022482506	7.9390453861459	-4.87565959512821	-7.94177317617905	-27.5227187089827	-4.5726828995932	-4.35501655412452	0.954955634711908	-6.2693745791045	23.7024951643561	17.8152448864585	41.2107500383899	34.8444864907335	27.671043662857	73.3661876285288	229.613370041745	531.472400687049	937.523218670493	1109.9143200026	1095.36573943776	1090.70464771214	1165.35665465781	8729.72715177203	29140.48711051	30966.587778863	3589.48439303519	961.756986868272	1189.27765713033	2213.88520121872	8806.2729550101	12546.8800991779	7080.44850167913	6748.34013589825	6826.90211891671	6490.96736262347	5984.34761816953	5042.82762153863	4508.15252336966	3782.87780398857	3077.61481956239
324.958	6.22075151143343	-1.5128358312593	12.7660904873684	-1.7164705380245	-5.92030170653427	-12.6429653207272	-3.8514253491041	-1.56634576464885	16.6919880990978	-3.26186320544369	2.641757821835	-7.05457149131971	0.822642062692714	-1.60389034194687	-1.56040247030765	1.93502988464998	-12.7021379521542	3.01212564628984	12.7397966973588	6.99041540216998	1.97079221985676	17.0972221567801	21.2277359371789	34.9727827696806	52.3050086283777	45.4605984998265	76.2775532942697	186.819988635108	491.77763069642	907.983179128501	1115.41146518608	1106.55876178244	1128.26216926303	1129.59793405674	5981.17990196194	28417.3035341485	30052.6018742609	5017.35719701203	892.785441655805	949.265817920594	1299.95535651692	5241.79479977858	11846.0371403332	7250.39510921656	6019.66270103314	6738.43466604532	6758.59493986304	6385.68642712456	5873.82665819606	5152.90054500919	4722.56810351857	4239.96739100882	3844.2900491559
329.496	8.0551058337134	-2.05221843881618	-14.379858995629	-5.6756128204014	1.88229161581912	2.78118741938161	-0.783690399893836	-12.5211821426314	-4.8888957709831	6.33556571581096	-2.68773253556392	-6.77860147605747	-33.8968219036881	9.38286706843726	-13.097355760693	12.9934553624934	-10.0050535988936	3.06454589963748	-16.8019552751767	0	14.5369029916898	36.1999193139815	24.8836887856694	26.0018045751848	60.1375891163042	49.6155166161285	187.995042143583	453.43790451466	837.483065053339	1145.00165829142	1132.79368751207	1129.47285547312	1082.96085028468	4403.1043743134	27374.1095108478	28900.7846006035	7026.98671083548	831.77693513295	807.154869899382	940.03167129817	2793.85313709953	9670.13995980785	7242.34266067022	5159.16195521464	5946.63728884355	6438.45394337406	6566.02124372444	6195.43689441172	5570.42467822025	4920.35333576115	4439.90224034618	3893.1402167343	4445.6411911363
334.038	33.0061920794199	22.7192307420355	27.0768587305609	36.0296972607281	29.1732612029188	19.5932124723075	9.990430904639	6.87355243841689	19.9400046146003	3.33992059882349	21.3016852280186	26.0844623170285	26.9545005179681	20.5283991614914	4.39379430349176	19.020823172118	-2.93686220128258	19.827043346507	39.1339918945599	35.2772268455617	36.3231699484148	37.3784527806781	59.0644625291943	75.2921734629622	73.5860124677722	137.529613752603	399.2854072066	807.671627552402	1096.71322995051	1150.28606487807	1125.35602078936	1063.93634784339	3083.17998213668	26447.8683616118	27521.5968335475	9031.42472991546	833.39392167875	794.344863921383	808.480708628206	1595.22870887063	7053.75354604396	7390.9994008037	4064.70668956625	5008.26252939676	5886.07026385457	6342.26210711862	6403.50865105726	6128.02550789898	5364.9371725283	4835.17558024942	4478.73028177149	4075.62921419714	5696.61135110969
338.584	8.0878798582877	17.5148310164261	-14.9041204774979	9.64396287986594	23.8133718404371	9.07563576084667	17.3113384837157	15.7723052978733	10.075931933014	9.69347565944535	11.4693397855122	14.8134544040369	14.2861866608554	-5.32493756863618	5.97756605564638	11.86029289263	3.34858714269997	4.39573528501983	21.2083995703433	27.0338129974761	51.8411419588855	53.3407062210911	44.7843151510583	71.4523756987114	156.385741814111	347.877357651792	712.537531669984	1047.35837642399	1095.4034230213	1084.25928496994	1028.18597319279	2172.27125191702	25784.4250049219	26333.5133793117	12070.949578157	769.53883043985	682.102824365939	717.041834827038	1003.16530115492	4737.50091347244	7490.24758214137	3172.20287209995	3543.39594096095	4732.59353560119	5529.68854679644	5799.77129383856	5886.37195535308	5343.62960574942	4919.69700835979	4468.01243439516	4132.90689638201	3732.19228487373	4292.98554702116
343.133	-30.0131385343512	-5.66136470736809	-6.97989752765123	-12.2628747952429	-10.1963684769913	-19.5295910947287	-4.19283825062007	-2.96886773560386	8.5179673558719	0.60528645432303	-10.7847701567562	-4.79995626771975	-15.9522671218878	-27.0094982875481	-5.57394365346727	2.36988255091929	-21.7458493753625	-18.8843221294641	-1.44470071834992	17.8361408617607	4.02280272290719	16.9779101995513	25.4329949680249	88.7759274631829	266.04588243051	596.838464447073	949.178505942361	1036.84332812105	1039.138482371	1003.12934886081	1642.44838955142	25475.6053059057	25770.6662764623	14619.7710350071	721.208988984134	632.829958034872	642.829072844631	762.652686620231	2932.6776022343	7075.36495212575	3356.50513277918	2088.9452711351	3228.02470633974	4360.57674437119	4913.73067578751	5251.182476254	4959.37161417581	4701.48373434496	4200.79450439541	3924.10658268811	3391.95758464414	2629.76306664535	2875.61128553109
347.685	-1.73866006216456	-18.0876375484941	-21.0259513806864	-5.71693124832548	8.72157556343159	-1.05053791778391	1.57879132278403	-4.12767368997581	9.07142324313894	-2.12722953230964	-5.41459842520396	-16.0657638938875	-16.8610323790714	-13.5603804965367	-13.1927044335357	5.55250505983887	-21.4155169516764	-4.85077336188965	4.35195601988872	-2.04681313302972	32.3149937873666	36.4634545135032	62.4256439613088	237.098356853854	536.026836011734	868.663111454405	978.587842855217	1010.24811685157	954.138138252603	1390.60700479881	21710.4300984203	25592.4173509306	17886.1288563487	780.909301944701	611.989237265974	657.732861782063	677.407133043997	1745.09237777146	6139.59552689136	4209.05436657124	1511.05635756515	1976.78863632628	3061.79813996371	4035.65783177463	4601.54150265218	4759.54233203073	4607.54948237908	4230.04245233625	3718.9845651699	3369.02951623306	3012.54025100389	3162.80352694793	2789.57715488351
352.24	9.98821964726151	12.5739226198198	10.8947361603574	20.5079942996096	-3.45983478331351	17.0403085466347	3.73462719489036	8.13666874555332	5.78063843170774	8.3181321758889	16.4677113730874	20.3590323492566	4.27336422861265	-0.416585044986526	19.0486187650175	23.3203283027366	14.0481153750284	22.7999667762897	36.2760045206016	31.644175015537	58.8664278168352	70.5716318279815	246.911926583788	524.986937841049	831.912176243501	979.392431015087	975.973621275776	993.727966349448	1191.03213888791	17577.4401473272	25985.6564281112	21575.6406090023	883.866048374381	596.64866759768	676.624897866631	683.752052420951	1140.42497803613	4772.94215675384	5184.43690343493	1551.66363046816	1367.86962260501	1925.43473646072	2952.85264967512	3813.02373010537	4212.14353701753	4356.33610296645	4226.99395857104	3868.17862257837	3433.70432350944	3392.43759089528	3027.8295702247	3166.44671039826	3150.52540944496
356.799	-17.8226996116326	4.76776807206685	26.8219271265878	3.60635448506197	11.661305571868	-1.076888009723	-5.39463772663355	11.2832159081849	2.92252934205441	0.934536735280463	-3.12210560214753	9.05780316571095	3.88888848367046	15.1641909956586	-5.73728914339632	8.53766345075902	26.6875609914915	28.4785358504104	37.1759487633586	30.9477460412437	66.7686541426705	206.792838261065	468.300946385639	827.578907462987	939.015892193631	921.276318155789	944.856391950618	1062.09731619628	13491.5536871446	26542.3963481387	25458.0324898368	1063.87173051294	567.378091537357	621.934159350934	696.342271211117	859.453338180295	3252.94579394174	5675.88284957174	2060.97344421435	1158.58546417476	1362.38285055466	1867.41271753177	2795.49448196638	3398.85947471366	3743.18329354135	3888.9048499524	3705.54830707792	3430.52777820205	3088.83966638811	3004.37418618067	2637.09072658467	2949.23135587972	3486.64022148225
361.361	-19.1432807989563	-49.6100561762225	-35.207806607854	-25.8742303757876	-21.5279546151166	-26.0253118320124	-17.3830677271	-14.6756555319091	-10.4338589329938	-20.0756333554959	-25.1507959771547	-25.7043156781793	-43.5108070635553	-26.2979922607501	-9.07853017693961	-37.6635907781415	-22.5390028114809	1.82075393822001	1.9965258957742	13.2047803070692	138.636858028647	356.342466651347	739.074031404001	874.132254821888	870.88285844902	859.929893778269	918.212062837107	10600.6517341105	26997.0511047353	26702.1203817936	1393.44948348763	483.681709754186	573.466204836189	625.829195884014	719.357539273046	2065.5463738949	5369.75445764063	2812.17478399702	1095.09040289182	1091.79866763279	1319.6839563916	1755.76534270635	2495.38483182638	2972.65041440761	3250.82108445394	3308.11498850353	3166.55982819375	2868.98842392154	2681.42045816679	2361.94373141426	2233.36200411629	1993.40811187566	909.303776994763
365.926	5.40048707927502	-15.517037105742	20.31839648942	13.2042766037947	0.785224977642766	-2.90053067607954	2.17951802849881	2.37426860800451	-4.56197924992705	6.60743054601961	2.80306555903865	2.07925804991283	12.2202249578208	3.40365020656068	18.6264205784959	20.1212059217949	22.6078221603769	33.7867965668893	31.5412961519452	141.457657912176	362.288322442021	732.021592765295	866.191526888733	869.665080641385	899.712126317983	880.096086188154	8540.16983849454	27075.9570074262	27081.6422053973	1834.99412587622	477.471319957768	563.122901330817	616.793996658703	710.037929367088	1352.00267061451	4439.96024520869	3806.41622963134	1281.47635523631	1097.29345388365	1211.11621746211	1394.38125040238	1775.33466045868	2389.5891902072	2755.64594000076	2970.9027879433	3088.44380099309	2944.04798683857	2729.0616290479	2506.93556145129	2406.12110796796	2406.3190708725	2744.20442548795	1824.16039005817
370.495	-2.97590142967601	-3.1843453867711	8.63715595277678	-0.903243254546832	-1.94711781488819	5.39432179900059	11.079303294063	0.235498402908858	5.05726953826454	-5.3054270725005	4.17044722852925	8.66195249780894	16.0169938663135	9.2840128061272	9.44284460834132	1.62920611982604	20.2680215937089	19.0205339031807	100.31097968324	288.49989680408	640.910944211195	870.51293932518	856.727672236565	851.27619685824	823.482470492557	6716.52106390847	26956.5773244432	26898.0166029053	2498.29228321566	476.31684119987	515.998202999744	588.388749840435	688.310363640189	973.90834766139	3376.95180206994	4442.05947247443	1631.4757727824	1184.7574077799	1203.78093274255	1294.52358844037	1489.49445342589	1766.55199941174	2258.46765948154	2654.91313362517	2800.91327302543	2784.5240862419	2689.8408793592	2505.27827655173	2364.98641534601	2413.24348661208	2535.61531848304	2205.8642882679	2839.66483918112
375.067	3.55877853882453	-6.34674920660912	-2.39094417081669	-13.9520363763424	8.53780205374115	-4.30058972123204	6.46310201640142	5.16311527898854	-2.12204046794752	-4.04311370204835	-9.35117798227482	-2.87737004343924	1.72560126843776	11.3547607790776	23.7303517289939	3.65308456418891	14.6114592848351	76.7226348389942	208.343700271788	531.021918592174	803.029326973899	830.680837858062	798.600049961851	817.776664260885	5512.15019601812	27189.2059965938	26835.470170193	3266.51879252686	439.356195253197	458.205754350187	571.12363417694	618.192678042829	815.161579914199	2395.44426744519	4709.37318320411	2230.96691870017	1198.527599242	1275.2365537229	1341.69551580726	1465.04891374736	1549.04092937618	1811.72790039037	2240.56603787076	2522.81182027034	2690.14602896084	2584.60630647029	2519.92294919788	2476.18271152827	2306.94575649821	2189.01715910859	2362.65887158239	2773.04019565222	2654.57916007988
379.641	2.85686205625515	-13.2468614320651	12.8981379173741	-1.73422503564857	2.99076949199524	-15.8808649418145	-11.4143714122252	-6.33018972213169	-5.36602292332212	-6.59120527667408	1.00090617299922	0.395974511682811	24.1033833310623	1.62048035420431	7.8827133054374	-10.1662343867911	51.3340955289341	163.032958493555	398.065287007067	651.283819772188	721.801778916979	786.203578009747	759.514426153781	4469.36472321872	26929.5640974908	26171.8016891794	3865.27841379324	383.673141034977	400.617476398236	512.99772771977	597.734311560648	704.048349695474	1592.9668570772	4257.92409019067	2972.50935011224	1275.83127059901	1249.96930067008	1324.69662741993	1401.09076751841	1478.15288939895	1659.19754254805	1844.03292941044	2188.37528234838	2374.07316221043	2501.15980205537	2444.57249183557	2352.31838914103	2161.33204959995	2199.43481317684	2057.5210086213	2459.70347637633	2263.33555621448	2098.83656693932
384.219	-3.96914578964488	-5.05614348464975	3.19997635773345	4.7327971397705	7.04898035729444	-1.02782060506735	-3.86162704170177	-3.5897022089416	-7.60736454459457	-6.83832499849766	-2.31766091849566	-4.7155051388677	9.8978530190371	4.82441622644489	1.95566959926925	31.430517649529	111.74622939854	341.703217349175	588.529120005094	690.379770665607	737.546655655429	724.15519622852	3665.00609089158	28218.2216164276	26762.8413103111	4898.71599083909	386.487808139826	383.19963840882	490.223002886788	585.797497187892	646.780324087884	1117.09729793766	3504.73057235812	3667.0601031278	1518.62595627232	1301.56208384583	1376.94220916198	1443.3105631383	1515.98897190858	1619.75692156281	1775.16965905254	1900.47619679118	2199.98990234397	2323.38922100275	2381.41676217265	2342.25914402811	2294.91130191506	2196.44780700021	2250.82176595373	2041.85088585824	2415.6490546635	2361.77680972953	1819.5027078843
388.801	29.5987205654544	22.4831619788596	4.86095479672819	5.40690482136878	25.8217316546753	13.2475700359006	8.71018300875661	9.5427002846811	12.9917905593229	-2.87410128536354	7.68145104235414	30.7689136495405	33.4880001066576	15.1568271590611	35.5413157670659	104.277708376301	271.644079015141	490.051723202254	599.099613316918	666.40446627332	682.404821765022	2712.75401335501	28096.9358780277	27299.1234879003	5774.79151835484	391.350630471957	351.072751877443	446.960944289442	557.930695703133	626.3762808452	855.287391994397	2516.21143555824	4021.04140025066	1834.60623473379	1277.85691135175	1335.06602085134	1408.6414106746	1523.08088840808	1622.79824193121	1712.42959585325	1796.70103435248	1965.63106043288	2177.75413181079	2263.37760020989	2297.18743301941	2212.60931871427	2164.70300265573	2083.70732164776	2101.16209345425	2222.44889815187	2628.87486809508	3401.30675610541	4721.16793771764
393.385	-9.44075475003293	-7.01529355108381	-11.8397344137519	-11.1434183578315	-4.46119545668685	-0.316906585876534	-0.23813008528546	0.622579611149122	-0.469113756517399	4.12523182745037	0	6.90614634271072	-12.9701164457121	24.1719718392729	78.8709684509939	189.870452947942	387.233888565566	456.546597389518	518.124916435061	570.055373205343	2215.27425854822	26912.9064022059	26877.11287028	6832.97852727213	345.482707841869	305.481438723365	360.143961943546	452.599303154884	555.01307301046	680.025572446938	1679.35364788555	3795.43112104057	2302.58509322051	1229.75999245557	1266.5464171826	1337.1826826058	1403.46267868519	1526.84230341394	1651.01811164813	1754.36417151791	1811.29812180721	1971.52139440577	2047.35154926565	2187.98971301355	2169.24671859876	2121.67763130726	2019.93766981964	1974.10557866725	2008.44777565526	2091.35733113967	2370.28832610676	2826.61872307603	3233.15979254384
397.972	-4.06157789284451	-19.4667581775962	-2.04656019219914	2.3114379717508	5.64712510629796	-4.90819531122604	-5.53217739934556	3.21413571537193	0.908194260858379	-3.46075648948368	-7.70780988096938	15.1293831128799	8.8623069665071	58.6755158287619	138.684030467216	288.71764528835	364.906361322168	445.408993721064	485.442708212631	1450.56799973855	24456.6955978725	26021.5390278306	7987.85238392098	348.987053482031	286.70332826855	317.5929545323	402.812059022449	486.709150714118	597.549963118319	1150.23363519588	3112.23472853183	2784.84997158755	1244.99476452069	1178.17213141736	1254.13872786624	1347.27683957201	1440.7290879104	1563.02339817611	1658.00277625966	1764.31607639618	1855.18357304638	1896.99133906592	2044.45427310152	2112.57332821486	2044.81065620289	1949.49852360277	1857.05591545428	1953.90876619473	1883.14701780738	2101.1800890109	2466.72167135431	2537.61590930197	2593.76289219695
402.562	25.8703616289081	4.78784071893462	29.9081768989652	-2.96307613399536	3.83249471169336	3.24426535734305	0	7.532353011186	7.20368198429647	18.172215097603	22.231771958104	31.4599149199537	56.4487724078489	119.05553331969	253.204220157853	317.668864472952	343.408327601163	437.518876991953	1013.67816411133	18740.9190317232	26661.4207545569	9581.76711935482	370.429235058093	292.185729266235	279.685273254759	376.688917779885	442.906699882142	531.879182169819	805.365294397699	2433.49144957863	3138.22026673645	1434.20797354904	1123.06857929873	1210.0136832798	1330.28382182323	1408.38695719693	1484.88275651995	1552.43336821296	1664.12254889452	1764.80929824312	1859.22897218517	1920.35059895607	2067.48725941809	2053.26840720225	2022.30482812424	1958.90386062816	1902.54546694202	2025.54265492638	2021.6948710329	2364.59505051335	2668.05330543998	2697.01740637908	3256.29558012552
407.156	11.1333713606511	-1.29491270815724	11.7076527481916	4.04033837253307	5.70092139358345	9.06687456000492	12.9667437376168	7.66122609549286	10.3909213856104	13.7061509135891	11.871374242724	47.3005224184558	118.295679803056	225.490755306969	289.163332201555	319.995218976317	354.931328503023	726.692737561208	14943.7944704464	26766.1093435194	10626.631242361	421.628273770278	266.623428435506	298.582173749264	342.512543555079	412.113726535914	509.05107900037	650.434643462416	1759.71325338781	3189.40332666015	1766.74167031139	1082.85877271433	1118.22139449068	1262.45289514843	1344.94082258592	1424.99273956984	1497.55851068734	1600.9956555924	1711.00916773924	1783.1222291208	1871.73884470257	1929.01908798606	2030.59296254999	2033.99105299322	1965.0804522012	1945.71531686916	1890.46518889766	2001.10182849309	2092.13037420867	2347.63616030056	2676.12230956625	2814.48361033326	4353.29968837968
411.752	20.9475869528873	15.2828448761388	8.06028389539459	-1.08374915940378	8.7219390002471	8.05445965978316	7.13305088373113	5.08609558760137	8.7292944762516	18.9722049582911	31.1352383275194	89.0826350269986	199.10396902849	265.319019519938	286.367863604025	312.766378973791	513.273945280625	10992.7829771891	24830.9470622007	12582.1932439323	473.257656662874	244.684034601905	276.214582088964	304.607280356898	388.417744103854	444.287933061928	549.078916463546	1191.36957025197	2907.59325412722	2209.07334080758	1092.14331261099	1088.54392068165	1191.61056480286	1280.54469113783	1349.51858517408	1443.09763067772	1483.36799247595	1589.18831014432	1690.95372171724	1796.83817061003	1879.30625235976	1924.28057635214	1985.25266089594	1971.65271801417	1923.39275721217	1826.06096606248	1820.00876297641	1957.6675231472	2107.23050168324	2346.27026284234	2627.76334624968	3278.00873881189	3437.30079564739
416.352	-7.96571159188667	-29.2478586832673	-10.577509076397	-4.26661146886438	-7.97118141094056	4.81306395166725	-6.59503959834438	-3.33724115300795	0	3.43974764979991	38.3050945707025	140.933212521779	219.478645687532	237.212942594294	262.456996971396	390.56241622715	7898.82229383288	22311.1630991606	13363.9362925383	611.469600671949	230.242472317848	214.789071322589	281.033875369051	323.949684110184	412.944101051785	478.370465125721	835.46661852824	2300.63572353895	2581.08487312885	1169.68428970484	1005.50129697588	1088.90834485864	1203.60577276507	1263.0785986067	1319.69264840713	1375.26648861234	1455.99603778396	1598.72677554756	1653.1449055398	1807.10409945355	1823.60119253162	1834.01152324503	1878.90195375143	1892.33721191076	1825.65003598173	1809.28307768651	1776.79343795442	1856.23914279599	2092.75777847807	2191.17049383658	2711.85904768796	2915.61718045035	2433.44128066511
420.954	5.509167868776	22.5158231145028	27.75976221518	28.2173335746321	11.7150205599826	21.3595716513684	15.0078096626129	19.0736358709039	21.5579778399655	62.3487016274335	134.037898618363	203.307585783714	243.089884138679	278.314213857932	349.623247513157	5869.74017238746	20882.5781851223	13947.4982262385	724.727025458812	235.508004278797	243.586228772376	280.970186476526	331.920562657473	397.113754341344	451.199225456912	640.140677960704	1706.35693229241	2700.51594535691	1444.56548384566	979.326839805233	1037.63601184902	1106.11827896056	1208.784862874	1302.85066261227	1385.7164306627	1436.1380038874	1486.87299309028	1561.85375517921	1691.71756877515	1767.29731405169	1799.74641563319	1856.71897527496	1875.86304220694	1900.61937385802	1888.20248499594	1853.23425113478	1875.87496358022	2014.54695053836	2199.4008070705	2607.09438104641	2743.13592392705	3098.62503250587	3314.67515493433
425.56	25.6729477582376	16.8682702619546	4.3574443158666	21.8729343235977	24.4597865060869	5.98715657989223	12.2696504028184	22.4548860228882	42.299393305397	99.6635201279823	180.943158096749	205.075706423309	242.744744942821	316.474737408907	4350.90351697212	19336.8269251717	13826.5573036989	900.297054814487	211.196035621123	213.947855176059	250.745079135957	298.466365964897	364.59291914047	423.160041224727	537.823008219402	1225.75267295298	2532.3397946748	1734.91208945726	980.470058144033	972.3243603953	1044.67321288755	1117.29233173089	1219.03004267643	1256.16143586366	1353.66005665015	1383.30913714219	1452.6052791615	1524.56617006866	1625.85997750096	1702.66934319905	1782.85149350233	1826.3542147734	1842.70124927855	1773.98257044871	1773.2575779994	1829.69838309019	1875.20331379813	1991.93385577266	2201.04617044772	2477.00228929395	2699.22974824671	3108.85648046407	3651.25540552629
430.168	9.72066874810881	5.90996761360464	8.54937611003691	17.0989653692412	15.3222668245571	15.4845472160151	18.8573809024126	35.6650682135053	74.4952832086116	131.596606095961	177.764702915541	210.061055840637	267.700518264333	3266.61046408988	19191.6773911969	13921.4898358674	1035.96942645892	187.936072285428	201.655166915655	231.731294685335	269.849837114986	326.73503436181	387.233945091795	465.218479083061	875.13938976088	2124.34791473588	1963.49432667206	990.58557913152	931.632224677213	994.126461536393	1055.06667234695	1143.49752505121	1204.40001227583	1256.47998489579	1296.08597690178	1336.85185443435	1405.16838000534	1474.51874124253	1568.52472131196	1666.28689601452	1705.62827870556	1720.52461591849	1756.66918471185	1723.57694064521	1745.85724046863	1753.35976005439	1843.008902368	1974.89152685909	2261.89665067598	2536.36275534136	2675.59026435827	2914.59990975913	3563.25524571666
434.779	21.1568137424785	21.6168343041416	14.5694313195519	5.68570261025505	12.4008418573784	15.7129631130687	31.6188571952056	63.8306900129153	108.216960582796	129.425527111219	158.541361653705	230.623703605112	2521.38113877579	18772.2664430488	15094.8396955406	1237.89520629429	186.503435041387	167.353363832395	186.083603240775	248.287287563471	304.517946045869	370.593725690291	434.841517312434	666.066115665881	1677.38733917963	2161.02162319409	1104.12638319966	888.551534720194	969.330565267597	1003.61830306449	1069.27390859313	1141.63201486705	1188.85785912318	1240.54215209336	1267.14863875868	1316.62252818779	1389.77354643885	1453.04388849608	1537.4549117785	1588.67077907766	1637.52832776242	1686.56829279303	1692.20175973637	1690.01257024998	1678.9647253365	1743.41024854688	1877.15462847743	1953.46712224105	2213.98667338896	2485.72187741119	2472.20863567814	2825.03695930738	4503.64856960647
439.393	23.643044081285	5.85627240840571	24.0031513376272	-2.65782151479231	20.3395654043249	27.7776809404545	59.0399713797247	100.99912594425	111.217193086559	137.517935739693	188.165627390227	1763.22799610653	17188.3041747652	16747.1705435928	1630.90949519705	195.055465757381	162.421888498409	181.231384019737	234.161896288659	269.056601176291	347.503104094551	389.950778981495	529.484818048954	1289.59656970935	2169.94607704586	1335.53222673585	840.032807241109	870.664834999532	950.588676659338	1043.38942981308	1094.58908695151	1140.8374919654	1177.19435005665	1215.35896887006	1237.44498314335	1263.29563828776	1354.91964838602	1405.51650187371	1509.33098037361	1556.2747191375	1589.86968467529	1596.55506761092	1647.03589742536	1652.26757569971	1737.77045638208	1735.55631285718	1833.04067482813	1991.28101622965	2281.68332912542	2434.85396901616	2627.81843637063	3148.64543435779	3863.63437249067
444.01	0	2.7020549599955	-3.14100036914648	7.22644387254214	9.63004607064231	45.5115956023692	80.3857604147874	98.4879352290921	120.414865929702	160.478946030123	1124.58169887482	13996.5796060471	17649.3457695017	2204.37599278826	175.581823410002	158.192001258525	165.605457473379	214.098680826982	238.379146151893	297.358348787334	361.303316253305	443.554467848922	927.25833012635	1949.09517873937	1569.93264227644	832.949964233589	816.180701350383	891.673533385558	958.236141541164	1026.0550044178	1078.55978441371	1119.0855172238	1149.36308054192	1193.7347496429	1218.53698641722	1247.29022274612	1288.24559063027	1359.2262828269	1433.03412585091	1490.69282931043	1510.07202593441	1544.18185578214	1578.99790173405	1592.99212601577	1661.2529928535	1687.2436032639	1814.56727737858	1979.64903509962	2283.652270798	2434.01646163507	2621.33124097567	2840.77490375655	3107.16834464792
448.63	8.92327492370646	10.2303177264109	1.02772270705528	21.6025975635146	46.1515992950204	88.0635427717784	94.918340919851	106.930481665229	136.060468965431	831.291075531238	11868.7123290363	17514.9660887119	2815.1816857539	183.780456635971	166.486791567321	164.002922315554	196.114350504018	237.315395904888	291.778561585707	323.77294431876	386.858326350357	660.372764825986	1621.34395897375	1775.41961296402	886.977164191483	751.4717177486	826.591441488929	903.69723057564	962.922578308099	1025.01322512343	1050.30841497405	1097.5807133223	1115.14939494301	1159.66610632766	1161.58589892088	1179.37070060221	1232.47199523673	1287.12423525654	1359.80111848101	1405.32146028456	1456.78405419672	1491.60293980109	1517.5771099563	1541.80147476832	1588.40896330284	1706.17238998766	1854.59586731934	2029.83062849853	2238.20144805823	2417.75742499723	2679.32952648887	3055.75903681769	3139.66369037715
453.253	30.2434766634764	-0.374558447951243	23.0280863422335	33.7855720545931	79.7023091634113	104.820523325154	108.515441371727	137.616016761865	555.85068521991	8974.21417815394	15468.7149691421	3614.33902654728	184.224453800408	156.656880570951	161.971086368757	200.92958970502	230.083765390429	279.341541769648	323.481526426597	368.275854974297	535.028934949078	1242.11401841853	1833.44333535515	1066.03217094316	743.205890554251	769.258989126814	848.930872915972	903.921868696945	976.682503309954	1018.35083174872	1065.2361130692	1098.34990527223	1099.66934624553	1128.90947079925	1136.79455061555	1156.0919377541	1194.84960894719	1244.75459268941	1318.26762228621	1358.44942943384	1403.44578862141	1403.39453613396	1468.20815164909	1502.52251722546	1583.63270466759	1709.08392232893	1845.26105526818	2069.80924325156	2411.09237130109	2488.85115442726	2809.94284106367	3006.45752278884	3103.683085996
457.878	-19.9681607969767	-5.19332189864813	10.0616174493464	54.9252787539657	73.2188319131255	103.057057583098	119.18078563755	423.357463623652	7064.56945799199	13744.9442381115	3392.75740775327	169.808758950316	137.367320904226	136.860877668371	177.342069518688	206.111819809728	235.102037665193	263.673633851633	316.201386295779	396.317320092364	906.80689242892	1734.24696972086	1231.91139492064	683.065492259628	676.301756729415	736.314345657984	796.347691213529	883.24122424567	954.100814766372	969.150470916004	992.471855072522	1040.77240088011	1037.67172987463	1064.32158700926	1078.16089429278	1107.28283418943	1108.23863056642	1177.68686237865	1212.65678923092	1242.95242000957	1281.96641636462	1302.21241851965	1388.00049403204	1389.22778278691	1451.65907209549	1567.14738376624	1787.78700007526	1927.22420815904	2179.58099535159	2353.05587777053	2288.72698479537	2107.59349947979	1967.22916049246
462.506	14.8515664255397	24.2791833958063	62.5284018812208	88.9025657186073	95.2835994784719	128.123836410507	405.703047865384	6058.89961612326	11631.2792833351	3927.03690313318	181.873556433735	137.804933154874	143.126116574662	172.285833514386	229.651753190326	235.452505169275	276.189201942808	316.09971701087	375.184444637431	649.450244155351	1462.47392056727	1453.18680660148	741.954080631235	654.815956042383	701.698195795932	778.72920528413	837.929326762209	906.477549983751	925.080400249049	967.55228815127	989.455909954587	1011.43333866946	1011.06575606963	1047.94576051097	1034.11791315426	1036.57366298939	1081.53793493867	1116.24187575137	1162.57708265825	1230.51654400508	1264.55659125414	1281.613713905	1349.382413942	1383.29184405602	1507.7189092995	1597.35701837378	1794.20177325074	2008.24362610964	2202.76593300699	2472.10878373811	2476.02761690756	2763.3744735638	3083.06819050159
467.137	6.10927444065265	35.2282028956274	72.5672003130285	82.8246031125675	95.667959879581	358.062156716341	6634.2915539688	10135.5430052771	4246.66260530254	204.591117749659	122.240281477864	125.887091550016	157.298160714042	186.838842829177	222.510252586701	252.797728135073	298.342066880764	329.424970442791	484.920912575427	1087.43909559748	1511.25132682341	833.309556877626	621.492166073402	640.011009878237	696.428979144224	739.634336059284	801.103248291884	851.246766234672	909.477243316966	938.689940010815	954.72102273298	950.512049267561	958.029823186497	979.322778188981	980.742025357399	986.474128134265	1010.10093553393	1038.54870059068	1106.33817692373	1142.32287030672	1153.39479778221	1218.02240234532	1224.19641915359	1323.13671115784	1398.81440361514	1543.88785766476	1666.27051283631	1890.66685343057	2084.95972568652	2333.3938472916	2459.01694748843	2603.51437098084	2476.28696072268
471.771	42.8442048077945	65.9565134214583	80.1624619957423	104.891071291142	238.278413968835	6516.55299825953	11556.3493361161	4920.03794954497	220.526108798045	117.413727650394	119.42344213313	142.577819653925	163.158593198817	209.778905310118	245.355254289161	280.196799630727	330.925038146518	387.508864576675	827.578776681896	1459.6015283024	988.460486755882	605.041763118172	608.524780296292	651.171439520492	699.040045273572	762.075891249086	795.016858865622	867.469767041102	882.49102876711	899.038592612335	903.558403100528	918.174166164791	918.414671112697	931.190687559285	945.675388988685	958.246529155752	966.45443478904	983.694374021137	1026.0946144243	1086.35749393196	1109.37174309564	1161.39392967591	1206.93774412213	1267.21490232498	1377.42019515998	1479.41456183784	1689.06042331249	1868.69586258353	2133.88038974891	2383.57395560224	2545.02345113549	2542.50434597652	3327.82849122143
476.407	51.5048204996051	41.9801657409433	65.8542282664666	241.513040438412	4289.29580720174	14489.9420361119	4944.72385262555	239.455696471519	91.0547041033667	94.9452652568375	111.605183100161	132.737253194053	181.744072716146	202.848603107488	253.416655575884	288.029583599568	335.857731328842	581.417029926928	1214.66085487746	1154.63853946109	604.023540948321	556.961244651568	600.875746005988	609.016775759777	684.413404734671	736.316492334638	767.369154265771	822.463693136189	860.581939321808	863.21331009932	879.360776684491	874.285330438222	856.818443749926	863.029251102272	881.571346550131	897.519676369993	913.698049007671	930.362931422918	975.608702554019	1019.2740915953	1024.98712332264	1068.53988083901	1146.07988108317	1225.01155070762	1287.65033422963	1428.03204294373	1575.62778219852	1742.9563300564	1937.36217602855	2206.14797486094	2249.72115190587	2038.58080584861	8715.56158991842
481.047	64.0856415743587	81.4321646867364	200.531255322605	4822.99162213207	14347.4515879759	5806.60604465261	274.052686014588	99.0513045269245	94.9359248760584	97.2399294173307	125.827589225868	174.04287948444	199.554751406363	243.380673209355	276.56759973217	306.991450066708	441.402644307335	971.287260541615	1219.78189547015	702.689397781344	555.538927998202	539.678443951269	610.212005843966	630.674711228837	673.442547232027	723.571604894579	753.73696016774	805.14143389745	834.143663108481	838.4345619437	840.008018235549	825.303768715419	835.434733846259	831.602768743457	856.242213718089	850.705991521494	860.279234624193	892.542840302136	918.978430924461	964.478923607436	1001.06673423976	1026.64952015462	1078.78613696349	1179.39121579139	1261.8264284675	1379.49549968091	1611.79313698624	1731.19062063328	1997.46209141458	2281.26504262958	2407.53310768962	2839.55684509822	26449.5084547527
485.688	86.2624685922737	195.700136035092	3948.91387056666	14295.5447671587	7074.82790569529	394.670691814409	109.298632835942	88.7431129150939	103.53166485429	113.395306090079	149.471002551182	193.526582423105	216.52999962609	257.73662210653	301.396199276649	372.040501669292	711.348392451936	1193.67213270926	834.21890037629	531.727221795169	526.078558491764	572.402239067051	595.541180876397	640.024822429955	661.320476856077	694.902803278489	742.87247981518	762.627235006919	816.220028379901	806.731849362708	821.916696760467	800.934530644508	829.413063436651	816.927537720068	805.319293997145	821.29121821049	849.168822247878	852.872373400851	898.814983491771	935.517176024797	993.154791752089	1029.83169571966	1055.35454830507	1153.48332953659	1290.34880116485	1417.90496585098	1602.13212511387	1766.87346791479	2053.9161831433	2298.65130033682	2379.4027096296	8021.66465832425	40623.0665213138
490.333	134.195988472214	3821.692506313	14432.0985512119	6935.25573194174	452.688958949779	87.8817489660855	79.170402554575	82.3497443117995	96.6694627042202	109.762421664951	148.273313004406	167.346064756142	228.815571695462	243.285065522733	294.059300621712	516.639194621881	1029.94932681547	941.2990729572	523.962987423981	485.292907502447	505.114780795032	548.912350011212	578.345450940576	612.891436862059	639.590379904812	672.389378518637	711.168650736563	734.492339554536	761.255808090679	761.521564805329	767.236209710901	770.283664226823	759.689161370154	766.780541857439	755.513631095427	766.413044076605	775.439952482813	795.443571480691	825.230236977832	859.170799626607	910.867525802098	942.325831449628	970.349388357453	1105.85978462421	1173.00572028568	1320.19456553659	1497.63114775882	1633.25120561305	1887.81537819989	2029.61490304475	2440.16070726847	20963.4961818895	31027.5064912082
494.979	2918.84315376666	13980.3818927963	8097.79747441208	509.281900243472	106.434962079502	107.997241635512	82.6102349132994	104.096547731839	119.09213716528	156.483049928195	166.754685410052	204.31470431866	229.327429176719	277.667292977084	407.562990543463	816.355929103801	1012.45327539018	596.568457184379	446.04863898176	487.976392629024	511.603668674922	540.533804627226	570.951772117552	610.149868565284	635.159603616664	665.718987168521	692.402262187332	726.165681803749	737.016313960241	740.975928317259	729.309564982339	751.320681026384	737.069812748184	740.459172291053	738.809112421609	713.375546276723	743.873547497338	775.655722220749	803.972629497611	859.716107364846	864.152411616534	928.712723646603	975.314258299048	1055.06597627569	1190.46651690026	1249.31991496788	1500.26545784632	1718.40246769164	2007.88402406407	2109.95151392552	6245.55186858675	33268.761707904	10667.0995115194
499.629	13199.9913418414	8073.31187279533	557.815730267485	94.3258121774709	94.4114919986288	83.322083254483	96.0018715385729	108.336292923526	129.597295801404	145.035045414236	163.145084378676	198.337556437302	238.971734493948	307.778520954297	611.550015909148	977.063803631343	665.227092986735	445.864419243903	436.21468266257	457.376400432068	486.835031347473	520.275540072155	542.741423012059	568.844865840829	599.918846743713	646.13220593074	672.322267898148	675.464533453829	700.639477004893	711.199291163665	724.362307568297	692.920251123742	696.37744005049	711.498639694526	674.8418146694	693.897442491812	699.948945497291	716.449639665003	757.524046471997	774.22046103554	798.939877124643	838.081175533575	889.789067148004	1006.40223300979	1124.35743985198	1295.41899743466	1440.4040270039	1633.59090013508	1929.29864037088	2198.21161008893	16568.0726111707	26590.565716426	2531.48484994048
504.281	9218.80660118628	692.52928572882	83.5490876807792	87.1365417252805	94.7707872290217	102.023856155024	107.364267909692	131.404352399041	138.320224631811	157.563295787061	191.583863990501	207.970366926629	254.642582373562	449.094417479177	848.71879294998	771.341290478227	453.992783756907	423.186597418985	422.309955615181	447.603655057199	464.330416351975	500.542642741796	534.812812504331	555.791307564815	587.300053964451	610.833665309461	614.719247716769	657.443790810303	668.815165373396	663.502870619824	668.095052856122	657.753234294992	655.367961105331	652.686012568255	642.73377713286	634.00365631462	665.061639652965	696.646893518449	737.770452765224	751.818234228602	761.369233818916	811.944979813352	868.125132878618	956.585107593145	1094.25414450109	1226.56926462171	1362.41717748049	1626.49281821127	1888.01726080683	4557.82049297252	26612.767100896	11414.5276464353	2246.90118447407
508.936	902.427871568688	114.652592965308	96.6000150401822	80.0447859199575	97.9315240312519	103.906276189705	120.730639001384	138.291320741236	150.785073678363	167.401073358405	188.975007796334	213.249705045868	345.407824277761	699.966367285837	828.992425132765	488.982072130152	380.1380590171	403.450334634363	421.474366768723	436.874693676306	457.095630124104	499.603943623486	504.786429196574	540.318900220368	561.840770002108	583.267331052229	600.084273013524	605.943092206105	624.983156190855	651.883373286586	624.796752918027	622.619183262601	620.162594124928	622.333856063084	606.803279600056	612.888127572411	628.250339950961	629.613618133993	677.237986192205	685.196393644843	704.944079746246	746.517015598185	846.434274982136	923.373558048693	1058.95631183662	1182.81516450631	1422.18044692387	1598.18065199017	1868.77507159755	12702.7415973069	23454.3776742674	2632.59674335698	1294.17142943056
513.593	107.645268587433	98.1050167888219	81.6799993235636	93.3926340116925	92.1827644428637	106.888410488612	135.660386532326	143.906689160933	159.110813307523	174.519888787863	192.034788683015	254.794307498237	520.997169725571	826.933697635085	560.728912860165	345.847342321074	375.91849736731	372.4951449147	394.256564557183	423.500026161462	458.572874590241	462.742445717689	487.962201844191	523.368411807624	526.431505373693	559.917046835778	582.319304928972	578.775624814325	580.036712921446	573.418292921335	574.259385579327	584.901933400288	584.043615815346	579.446963282759	557.004882974839	579.505354117434	584.340876999083	591.728859741921	625.150178964389	657.052278928824	679.263740712335	735.144206908642	785.407563909841	851.52996869258	967.051773092218	1141.2205726653	1360.81830055514	1519.36591228069	3451.06318914195	21381.213935635	10515.4887191929	1756.06386931462	818.770571158822
518.252	92.5412694366367	85.6796720585257	94.9267248579442	86.9534409888765	111.822966212527	117.779537159834	130.696821005389	143.816501518201	152.510394566189	169.731440866274	204.649384785345	372.518810081012	706.303584206942	641.905466175876	365.899364636704	339.551488963083	345.52278867589	361.959016838163	375.216785996106	411.665121478225	422.677351449849	442.429371516696	470.440110597272	483.620194265804	511.088818672573	533.255452730572	533.986673353923	541.045769967842	568.65673405583	550.388027543811	549.189250798136	558.088083985544	541.767308716772	538.365788437843	542.285639741395	536.864599452101	537.385002790358	570.351064217009	587.242978414365	599.712526929225	639.825465827468	695.134411068688	742.231320905503	836.582926913076	944.774557563167	1085.86082670563	1329.69240138592	1513.06852859018	9767.13023517336	19762.3281540193	2542.85934118327	1613.46069960097	1978.58473721092
522.914	76.7333797542432	81.6891716457985	79.8543346773582	100.408655035402	107.07256977278	129.866654985618	132.423354643247	144.682019024415	151.446180799574	179.006017673265	269.979631329034	565.423605833235	680.829835968958	395.000520899163	314.075774888947	328.730743814341	328.474589088067	348.826946446218	358.003584393893	382.994728416799	399.7482275922	399.863654766698	427.764272920519	452.55482436848	471.016625426441	485.228609287547	480.045227301581	506.051918288808	515.458408847903	506.761045057991	502.905019476994	494.568422063458	498.059350125011	494.670965814118	511.187156611774	507.06364753611	512.351046517033	531.763126159541	541.400369690738	565.150844970402	596.819617667726	620.165958000802	705.017040122799	774.836907235313	914.933217193332	1036.81807281466	1277.5053615416	2492.75280110899	17358.2158286282	9945.24166207551	1489.5473223114	1550.80765266407	2644.77262748355
527.579	72.0286401261581	90.059074031984	91.2084244632862	105.15183310295	119.869014242713	130.327494266306	141.830730821819	151.793402771949	154.408050558532	216.141745208454	413.045972165712	652.997394006169	456.975773640582	303.36960548314	286.773078529027	302.446691579306	336.66895747521	341.645484976827	346.538380323661	383.304324149915	389.820166040617	404.94380598124	428.043461246778	432.959246572906	442.713970315415	456.861544812779	469.553001089972	498.397336384494	493.711407241142	493.334794686211	484.079930080546	467.432372974648	468.09259229463	477.489628388867	473.100804838053	491.014817546928	486.422256970115	504.210692698331	536.884693334797	545.584080379964	562.613910164458	600.178888543681	672.58052159484	726.785500188609	878.002986310232	1119.62466673261	1259.20893319499	7454.22580711937	16846.9711749084	2733.80721148465	1499.89595807268	1756.97296054824	3537.05056717527
532.245	69.7217634430793	64.9653352210041	79.2632363299506	98.3790326838545	102.513731066993	125.909078956103	124.487704140178	150.799752745099	172.718651227325	292.469942740054	545.722231617403	519.834506250819	280.902770840184	270.225116826366	285.054098454112	300.752136610266	297.706839052459	308.768502383826	329.09887375229	334.079838544475	364.460353942793	375.102220063734	380.037009178991	399.058813902152	407.046853321173	424.217772874228	440.735403409652	450.772394325546	461.863801162611	443.152645385112	445.134924594061	441.990487506168	453.82470364982	437.485666274285	440.081697407665	437.940824924304	454.178460373674	472.761150105741	472.429796960949	462.232076297899	535.188896303887	556.948350550419	621.572666416245	679.807697204254	885.48664259079	1023.93697226027	1841.95484498441	13809.2340678587	8963.570225996	1421.46904092986	1283.89904265045	1698.09623698817	3340.718122258
536.915	67.9377570937021	76.4298259683665	80.247778244417	84.8194373198545	115.004929810964	120.762008867615	126.789190383331	146.12812014306	216.564461793277	432.243127773512	559.764536704062	333.683266997052	250.800125340682	245.890520474887	272.736526252718	279.492913245952	273.021026632113	311.964363855531	312.420598579771	335.143596348755	332.07849380362	365.021987214914	354.222486034754	387.380608191609	391.755905193029	420.277778741269	409.396857781641	431.249719883491	433.330634136412	432.533930479368	432.157768578823	411.398368665529	409.956044796516	407.448238419786	394.604358860031	408.697389817028	440.92082225707	431.551052678649	451.99803173808	482.591307712081	477.663401419521	532.167776715712	597.763388272058	710.024766492926	866.974809044105	1035.07663402777	5749.58843526319	14536.0613667328	2675.43747649303	1252.02565494582	1365.24367474903	2833.79850873066	2584.96435612465
541.586	81.8923962183049	76.9420667807546	81.4816767836598	98.8174201725696	108.470465249723	131.547704552947	133.126904778782	180.507499586872	337.291712332188	532.670895634499	379.516023817519	237.533556369391	232.439778242577	250.950434604801	256.270806567177	272.007138942983	291.174046079238	295.447866454425	315.637257870291	324.138045691188	335.503790421766	341.098390825587	341.622665473496	356.626431143883	383.290795781666	379.803803644233	399.930165581854	402.798959874396	416.399258233541	407.868304487073	406.070525341494	402.250905477362	388.932733502541	391.386649671282	383.015455856048	415.262350462247	412.748495823016	421.702281915361	442.326482767613	478.727899546962	473.943177676135	507.946010093226	576.765998196435	727.763891385468	855.543853880851	1386.09892270827	11315.5471741452	8406.25246255689	1318.51589672908	1389.29782854079	1548.44540465924	3463.64722584796	1855.33572000621
546.26	78.8014553049687	81.3812587210267	100.158166257938	95.1829047622626	109.169155749009	120.977488292188	139.825697118005	242.279962953157	460.470388779606	431.748670744221	234.998500246812	208.135774709829	216.684138770561	229.761744950223	239.062744959916	256.700854436078	266.54112320095	265.841524288058	291.169886206689	298.182555752849	306.490416264141	318.985585856005	327.091306394263	349.042013247499	345.853511312152	362.858599164778	377.857077600649	368.066054072011	383.482643445003	381.010821294406	373.801763200894	363.676369901229	377.365726899301	377.482646063993	363.812530553549	384.102634511706	374.854671606791	402.328545473297	401.231262692774	430.685517147278	443.237998501972	496.93801331446	574.148598077768	700.209162569986	811.076368705948	4385.47699220761	12704.5183686063	2611.63923672445	1238.43422962056	1186.59583813326	2064.72616576723	2631.55623263868	1341.05120552254
550.936	72.9124034652589	78.0194778286955	95.0323823858872	94.6685705201803	104.953707221328	123.110174931977	195.130137277152	365.589423498834	463.20538498346	258.913982590987	208.85383743449	190.329702378958	213.892855067522	225.743870864493	240.300032666082	257.797891878491	255.336631458683	263.523833330824	271.051517106651	267.161757112881	291.50072273493	304.50217485926	310.708002703508	324.6874362442	326.52143218955	324.142012190237	344.174887138601	360.919245839966	359.537052152571	369.164530580856	354.893686796921	346.38640574912	334.773590686866	329.78688529171	368.083449848559	351.276448993571	358.787476415946	385.649273970282	391.925919624614	398.894452465129	427.574630801318	467.10167022034	571.018839821436	680.34028428872	1063.90373439777	9044.81857514503	7788.65106671544	1222.24677624247	1130.91542607496	1313.47409507267	2543.31811416458	1687.20849019687	1180.09807766565
555.615	66.12205618933	85.0054923278941	99.7489433240333	96.6528328526936	107.229381081462	145.103372568004	301.868471915897	445.090212183774	317.113065892673	171.86719806702	180.732447646916	180.204130247674	203.876674368043	217.730433733272	218.822496362488	232.077227250062	235.72089254935	243.225910957384	253.844976968645	258.953522597068	279.554127369121	280.747448782045	281.367121714157	291.066848845816	309.608436474368	319.869245441785	307.807689250443	332.247326634315	336.405348779866	343.41691994362	318.4943106469	321.968099494025	333.520852108975	322.571148779092	306.719448941314	330.653072499107	342.460242604475	333.228551789564	367.81922020246	376.363340092769	386.614235653379	475.463841037055	593.145422769951	700.969543786227	3297.19709325228	10964.4701693617	2664.16485719748	1067.5190303757	1113.05790403658	1781.10222993757	2572.37064370076	1303.44979628947	1627.13075545228
560.296	76.5925316904989	98.0872861274302	81.4572932883376	103.2526569689	118.088060618326	231.394740440985	403.796330735581	362.702477636958	182.379749731775	169.831636470749	162.242935949372	182.393374738035	197.644692808448	207.981920624671	226.511411688042	225.550919031995	235.262040649551	237.145498929315	256.979769935558	242.445011281839	266.562585340554	276.632538245406	275.932175078369	301.689969371478	292.563366872345	315.592545400853	306.491096575763	305.532055497619	317.913906205115	315.601137099485	312.108911824003	297.465703950778	317.498917132997	302.266352695958	314.228458243054	319.671656315479	317.348290167775	329.895877784845	345.785942250511	375.500485798768	393.613477373	461.598158350682	549.181963993326	816.805687218717	7371.66155581752	7166.58942018722	1125.54275428816	1118.12806340583	1184.76887673991	2183.50681747985	2092.2465983448	1281.36855616925	1152.50675947469
564.979	42.3435940982516	57.5533389764579	82.8591016398186	86.4084979512354	152.244149593927	321.426606758382	374.982056720825	203.16662214187	139.17471317969	134.942178308934	144.510642137956	157.266976053949	154.586578082967	171.392704409634	193.969329327214	192.993246864776	194.504044816508	190.498982814255	209.575382867854	215.606434741365	216.688841185877	237.153127531846	244.217931676323	244.128076846409	254.721558299312	262.875941707562	267.165430837417	274.277836141591	279.662328351745	283.339379674883	266.220161749476	266.199733146483	268.695571956686	278.016456943196	250.292647666188	265.899114902966	281.200509727976	288.824291936756	320.008632304566	324.956510029308	346.079166610889	442.423238470582	542.292754041642	2622.559767393	9420.63326570716	2558.2788039678	918.358680201539	1019.95707723888	1277.85228842283	2235.54677871011	1398.91690684039	866.654381103992	1388.61094177527
569.664	50.107100881577	49.4810700371898	57.0899594375315	99.2949546343796	224.887691404701	360.557837555926	230.131135429236	123.05330172798	122.783892200516	126.157457537159	136.136677382385	150.09407880372	154.8131231484	154.147938575519	159.109301802523	166.34873803065	165.021890353991	165.738927790056	191.067843376023	190.126226711525	195.904501054223	210.464064086824	210.5220684792	219.975405672089	221.708272083167	238.1666418647	244.327408226295	256.314304403237	252.194688713884	256.515874385526	252.391902093533	234.810351008284	266.222855373411	247.119767250456	243.005794999233	248.592823488718	261.143317375276	261.842198714748	259.767694439801	307.953406401333	354.931148462748	425.556457227982	613.656154319556	6149.42144765822	6512.63536788999	828.283813923942	834.274346504916	994.941610354897	1635.53281104896	1822.84814395982	662.038714326471	436.495080629484	524.535955343353
574.351	53.4599007152281	58.0982639618326	86.8735567581613	178.740708775846	326.83085203191	277.087907094088	141.461110324993	112.70468807004	119.166125507464	117.821173490575	141.204841718724	135.749733669955	166.77128310673	148.065096787812	164.793727129471	176.348124809493	172.185036610662	179.870310616654	196.886160951473	175.160657939512	195.39936278885	210.560549066974	217.096732431983	211.594539247627	238.996110425858	227.692801669342	237.684116394902	235.664804873244	244.733967313282	227.191785688444	247.482920750606	241.540447670772	232.404513424393	251.064707086491	239.063214603382	239.675733031009	238.599841270784	265.589866541032	273.107681353557	308.041985953471	380.743167331159	461.342405691553	1971.85902559978	8225.64603690738	2401.59777532388	764.795988026587	949.156959920573	1110.88460840573	2037.67026083947	1372.99930767845	861.681181121175	560.94338117031	828.812207221427
579.04	36.6631113469679	47.7237063706493	108.040579173592	275.321045568095	314.607736301896	154.814166335135	101.597879366235	98.5455402029026	107.800321536926	117.555942439006	116.884391752238	122.077130461781	128.120048511565	143.123217503123	146.800627692384	149.961892503461	160.30029856745	162.891586317311	186.000581513557	169.295822543003	181.370935597051	186.975006474661	196.698827100206	201.471117961724	192.030709880362	203.873298676999	199.701080015986	212.309091721532	224.488166196412	217.835057231424	213.443177704759	212.171663753947	207.705538903634	209.361805104783	208.583952070666	223.594397992316	230.03186906956	226.22726565904	246.72779418703	285.092268902619	364.41052780752	441.546950653647	5025.18718310416	5863.85640635807	687.001992029266	727.507136750401	843.559530558534	1315.18868851634	1882.14627773227	899.185054143537	590.916569144352	788.091255652131	338.067770065285
583.732	35.6258768621653	62.400863498345	186.009401164719	307.6595229056	199.521111285126	94.3042247288	94.5470157284335	92.6327980830441	88.3865445024093	94.0696512342277	100.298432557571	110.809141941283	115.677339509878	126.299048614453	131.35877407291	143.377409382568	133.672015397237	131.342585403031	145.791450634223	151.28379887445	147.061850917246	157.33153919441	152.623195485648	160.058465210344	174.127320530615	173.566776860584	196.699034514345	188.030142753578	194.175780472959	185.109129792133	178.611071610505	180.888518539141	172.986139538264	188.736713543628	190.925616102409	195.455090072959	207.78117147433	207.431509345048	226.542605293397	291.66660212647	346.398303882878	1366.77791058849	7205.07447410701	2217.2191818198	573.913575414599	695.881512147568	865.379713141651	1625.59517439163	1461.00993185278	795.69223929562	617.433701380302	591.253721396607	-35.8142923913114
588.426	58.829330548905	132.666302656338	265.327239610697	237.430809614143	109.059942808502	78.0466923951218	84.5816813055501	87.3743601072897	86.5535001493671	101.930124035802	110.27355930754	102.811578998624	104.800237706309	116.067480337324	145.8555521593	117.859254249413	133.741958594733	140.776260507385	146.897172463952	147.169006244953	134.447914397128	161.275899622484	166.975108222316	162.571837832005	172.779249475311	178.821201099234	175.264780991375	179.793059656099	178.296418611444	186.972020122613	181.334275160832	172.788366626611	199.150540953048	187.219718636198	185.111789695453	183.818813867381	191.144835166493	198.131324602523	209.47522315595	314.417388619831	358.407311552758	3933.67771459336	5439.85950435515	528.935810907208	517.059799677889	646.568754241982	992.993762058317	1863.94250829356	935.758582501033	701.901530093697	494.965150629283	543.562943517513	431.982510923722
593.121	116.105203879974	267.424266572239	273.217552473721	149.543113958163	84.376708243251	83.3557033232452	82.6706555488161	87.9810581389769	93.1177826934913	86.7146727188043	120.581943437697	108.670444937184	122.463225073977	117.25576691209	128.26217297614	130.762964250566	145.586196459601	145.066549355111	151.206801473371	163.792899472761	162.368706424014	145.979580637658	172.705043234179	175.274006948474	163.656818750723	174.706429775136	179.540944624917	180.075955910736	184.12314864984	174.790612719988	177.708208696923	195.435160346161	185.151268304788	185.343502143222	187.989444217544	190.576014988096	189.196105970638	207.226504652129	274.046814031059	309.888689312551	961.002127201063	6176.04693768685	2230.80619378261	456.382888490068	526.494379093447	738.705095108962	1244.41356073113	1596.44424002369	928.427723371411	748.602076351306	914.527449991439	961.457483691764	940.64519423563
597.819	187.926847744781	294.793621613047	176.181384126037	91.2499713123787	76.7087546396762	72.6613725122514	76.7129110953067	76.234102438518	88.669474313797	95.8277048218098	99.9184510490047	98.5744232940342	127.279693503041	109.713810938115	115.361404439325	129.194478731428	133.038365809934	137.745209976142	140.254082526855	152.605958989988	150.959021480552	149.680398934436	156.867463711379	151.046278017959	149.738098352314	151.194457972659	163.528353035934	165.965037721265	174.68773025215	164.186411168657	160.540285461634	166.181536226587	176.419214428405	176.08835802471	177.674622055045	187.583672044989	184.130169049595	196.833457205937	257.270080390196	337.195996328363	3050.85531269939	5144.33815467661	500.683013018531	411.534262094295	541.927072829512	784.667306664118	1566.59697245396	1232.96882885942	799.377226355859	728.992938556385	777.624901406802	798.734780824223	1055.52964745092
602.519	221.113543869786	189.807785281627	70.045022166184	52.0811833523958	58.2673292587731	54.3331597720457	64.8893640247142	65.4880361547894	58.8645940966521	74.4848942733233	81.4245639902678	80.6826812395656	79.6212242855841	101.642658367514	105.778824760954	99.5886565242942	113.938657002081	115.027500296855	116.34592053128	126.571603696922	122.244904174706	115.359824336714	123.004985460619	122.956416684426	125.107784947887	128.254089911689	138.178709155334	143.506223468904	142.285494296507	117.53365660898	134.527122149743	137.730996865024	132.809840177321	142.293211368862	139.825586750282	179.655339087618	156.118904510606	212.855601746389	246.077055426548	711.061781925591	5233.93348596644	2294.83086718745	320.443248000292	368.094975138638	481.379290577746	833.573048019474	1379.42967926972	776.653560648501	685.586449631903	586.311812778179	628.534364822789	967.481383559792	476.882091683013
607.221	206.452761523175	98.8873387358562	43.4664947722255	42.5731664222556	53.0573073634321	54.0290101112856	59.9026922592411	60.8760316592012	66.648851280359	68.2620188932663	74.2250730277471	74.4241424012716	86.0784228048078	99.4521737165083	94.6390988000246	94.488258967246	112.108736336706	115.39865932083	103.864394613828	123.456867214906	102.344677660588	91.3300366399367	98.0045024961587	111.207783954443	126.236969834468	128.130368704668	117.927094902326	116.09355094559	125.899600591568	133.886925780732	142.543849557465	134.640846410106	138.39199844038	140.379789398771	124.117166386465	139.470757547264	161.986325584233	213.592341062039	238.299492134909	2452.09470090997	4903.09317939112	505.97371830552	274.432419740501	385.345436961473	513.74661664282	1048.32333007643	1127.29841820282	621.431327647593	561.847183590006	652.973362095839	348.422542850488	409.860662023137	721.779427005234
611.924	150.021489885874	52.4838633168573	44.2410249248143	44.3255262837836	53.5672304177634	58.2917808673133	60.4784049238562	58.1341448209294	56.8001699286188	63.8130290334569	79.0729695541042	80.9665563096463	75.6401507557942	82.8365904725569	87.611706980697	96.9105945612543	102.925686193644	82.1615223446402	112.61654001808	111.358511187269	107.954931591641	110.649349389173	99.6686404810402	107.364479130477	114.805017496889	111.251151245491	141.723452965653	106.698685784191	120.419617452056	134.858595779077	125.495339458112	125.935047132858	122.651940524487	133.980671382904	135.724538008899	161.38309363828	168.419429796297	227.603274379768	492.115378042162	4525.88160057593	2456.28762983365	249.39301333642	282.878528253192	379.67424142208	607.489141904705	1152.12078694414	836.761520964654	566.329074399287	657.651971241795	604.724607233071	470.34571027784	519.13059543348	653.976169497263
616.63	76.5181828131468	37.1083688426573	35.7152299269825	39.7265263644241	62.6550381691236	35.6894226580686	51.60387454444	52.0541424446584	61.635825371742	67.8093014003102	66.8900235686222	63.2625465652009	69.64870696458	59.6473149988885	79.3282967814809	89.7229741819062	89.1592063137699	85.1203540155083	90.7242477045164	97.1915312247003	99.41213408496	82.6324517301959	98.2237461348065	78.0506702974468	114.738961376743	94.1788363919525	109.414080349388	125.279100294638	116.608115071004	106.731947167277	109.848858881339	104.904569985973	118.585439921384	105.441442000221	116.855783271195	134.132186235483	182.813242299245	218.452211303791	1858.56293979137	4517.1577609112	555.28822220516	223.035599108274	278.396727266472	349.375573342924	746.96738725242	995.532711413545	577.141749547695	512.29052180947	471.403417162979	583.900029361215	491.575351906055	273.87021105856	302.293370403986
621.338	54.5691347062027	63.5388225799704	50.1753605450583	58.5172624680153	61.6710966703297	55.044017018557	57.3323555054181	62.6337251132304	60.7074729261191	60.5375098035517	76.3681976932326	76.5730148615	77.7393294919995	77.702051077692	84.6168921439708	95.0560836507844	91.8190890102449	105.690825195185	98.2088824558682	117.066816235607	95.8698841430385	111.286453416642	95.6821050129693	108.69778633347	104.787185196099	118.976501444309	114.826302722707	128.209226428144	123.041771233523	120.092085682303	108.165405465502	117.510277014888	133.689936145124	114.822606432029	137.971686860031	161.209050290211	193.039040736099	377.7750458717	3768.57076840244	2421.50189206385	217.857786098761	210.902800492698	292.419205308323	403.295593559546	877.763466588172	828.721333673208	543.27851152932	588.450514217754	560.004905614147	636.467565101161	692.797950066591	789.719169520376	761.661127246263
626.047	40.9792996675814	38.9774689737266	44.4178068703418	19.6935074585589	42.6021726799002	35.7653458458607	39.4853004274134	45.0403192112671	50.0923137399082	52.2864344997259	47.5913363701131	59.6391976519049	58.2861591684351	55.5283772410301	81.0341718068175	68.2391551337305	80.8263690840627	78.9917517267351	79.7792376836257	75.5796109249117	78.5448820950741	85.5703918670951	76.5393763636869	93.1380514190247	103.399148812423	72.2061271443659	91.3002144110031	83.2369630719049	96.693149421992	89.4771603695742	89.6136144703854	84.2385923140897	99.1997971634808	104.30183467045	103.697075465692	150.353001536026	173.284787982687	1427.62671864339	4145.86188972109	599.853947110382	169.80707903053	204.846794905413	246.825099581893	526.368244001307	861.146181911289	543.512929328216	519.144481726287	519.850331640517	461.435479818618	443.695791808621	439.199895591858	170.301495569381	538.294765700743
630.758	19.7890977561802	43.9098238444397	24.8589087110595	20.9524581674404	39.1448451016949	38.0956299510083	44.9237555159089	42.7922211243738	46.3077861108416	57.4324555916893	56.1638241383683	50.7110529147803	60.2505188065159	57.7557618517394	66.9832881504652	72.4357361374322	67.3556250107809	71.7854247792823	64.8922462736644	67.4513127374793	66.1564452919029	65.8065691318102	79.6139323665623	77.3532950520686	80.9769460343722	87.4426239972049	93.9396532344129	103.672211544572	94.7491317258139	89.7819821754141	82.7838246845605	97.166489730057	108.153943284838	89.3057561447416	122.278137082712	156.023770689623	241.847333532478	3141.23740799145	2423.22980330909	158.712439247914	156.574053509159	186.340475055981	276.656107952913	608.615866249938	699.578659505402	452.865282513548	435.679928361657	474.906764152516	449.796223989641	443.302340247891	501.457139602316	430.322432509128	602.36445273327
635.471	26.8973223082288	23.9844313375071	44.4915702272552	42.2268312952212	39.1421297407369	42.3111719624374	38.1100646286238	45.5063667771141	47.4930978242896	52.0376549399341	49.8255065859045	55.2786547695623	66.4474053505415	60.5011164424092	60.460164850196	67.2797576197096	63.8409905972003	71.9840199558969	71.5815909665806	69.6072946621631	96.9667800783868	84.500558380124	72.657083086758	84.9333887827687	82.6451548260757	88.114361141629	78.6056737871153	72.7608953117348	98.4815186123177	94.7641428088563	83.4197727777912	70.0781476586584	83.1464472754038	103.186093268192	130.610530704507	162.425927094522	1064.83455071606	3740.13057967074	688.917679844717	145.77842804142	165.362286583308	215.223988075236	325.042056603052	727.669394380797	527.891091473576	454.360103413453	437.830577645882	516.373950955243	404.954274715715	475.276325883346	418.329871736883	488.817225308016	19.5803818220556
640.186	45.532189257573	22.3720919345365	21.725519431872	26.4411240453592	42.8632658237383	27.2308529516232	31.2200956221812	34.5612733095893	33.4527862027163	41.6592509739908	39.0667960380584	53.1281099681236	40.8891963125571	43.8135668028451	58.6502699862252	50.2362308350687	54.8712714720215	69.6439761414263	65.9006871212908	77.1214321622409	55.8601660402611	77.4455175264199	54.2155877648172	67.7790845357609	67.7769754669848	72.3209888038749	65.0128441083329	67.5467275171896	77.5947090333469	72.1157357207658	66.8606189480212	83.0043331349419	76.3324522718644	96.9390516711628	131.20748999132	201.084724415216	2500.28698039494	2347.28875441312	157.647820696082	146.523701168988	149.96566251456	177.121745052585	429.9310587942	658.025319063673	396.864984797608	409.490028638233	432.656874475249	486.736418946295	390.823070098016	327.851398512191	307.072289084656	39.494463570974	235.403982341538
644.903	57.8005318417362	42.3222234388496	24.2469108440869	50.63388618062	51.0397454064087	40.8870963066385	34.3504678087894	39.2327369937124	45.1834246865706	47.5561756192267	52.6842495461991	44.9421427416198	61.1801449447371	65.9715101581184	69.045089321878	47.9159932686553	60.9459311542662	72.9426883962865	72.9269804802969	80.0771876459082	72.0559867891118	69.499064719849	72.0908670098746	70.4164207631344	78.4454386047071	77.9551614889405	77.9577934180463	79.1412795617462	71.0391383597919	73.6089278660326	83.5362609361472	82.9572828060574	90.9672228158259	129.586213486693	144.835821711644	792.438053178325	3373.66696925478	739.872308020955	125.504801659491	117.12417297302	132.206890815248	195.279832339162	526.129921052646	485.648135573905	381.371445691062	401.100567950524	448.510275375125	483.454365164214	376.465479669319	413.181068382183	726.088028464919	695.055899908828	1527.76849906022
649.621	17.1566955864214	33.9970716585374	33.0429881447346	22.7823168615185	29.622959061352	31.3873533643301	30.0764103772729	32.6224576827332	33.4614502300025	35.4848014297321	39.5159416612307	47.2296957150077	51.6473640010754	47.6447189874874	56.5439392191136	52.8340208322818	56.2838389784632	60.9207584808282	50.8967063824795	60.5924365720377	61.4502337772933	64.2523107645589	57.9446160538093	66.5011616486217	44.7949602837606	78.7103564640883	59.4678485663763	67.5706128939857	68.2709409535959	63.7925675748524	66.5647191022021	75.3818775105392	86.8080993297772	126.553105114119	155.207129886331	2065.66880756631	2285.92993252841	139.938548956057	110.521881560254	127.508936404966	128.881472216604	244.31076025458	517.313605918656	334.598064478585	313.13969112554	350.70604001219	365.116571083511	426.020918045582	402.793117070361	376.326062324606	323.490243756	461.82746711188	985.978233837781
654.341	22.2628983159194	17.6940848920063	24.1916382152401	24.9723249369968	21.5330957720347	34.2142312810241	37.1356160137473	27.0011593680734	29.6523010313535	35.5283302227014	33.0645471615732	40.9196270667807	47.8733178142332	44.2667964536692	58.0897608549904	51.6673245175282	48.7420323912058	53.3969865643403	57.3404081856002	52.5598070763008	52.7065467970681	46.2682842431051	50.5509727336139	47.1970007826029	59.3197720484495	60.4800688213774	47.824387550598	50.5070915571819	59.9244401543789	59.269792415704	74.0851856383638	153.788610029282	92.9961722398355	118.632429755815	532.004938550432	2887.89525322706	805.670440838194	101.134766793311	97.0585111417495	114.718516418083	132.466254042381	341.502340711536	411.638629408522	287.06763875716	305.110725126718	355.117152156443	347.066436717135	390.132304800152	378.030571624714	325.251385968835	255.030623546699	370.262853043863	1001.29040360408
659.063	35.1394163310665	16.1021604561274	32.6580205505213	42.9582152609824	29.0587633208998	30.3736039560491	38.7775309055551	31.0904745990384	31.2113135651022	47.0871885021423	33.3426992604595	39.2344890912522	62.1199136399529	47.0614677497085	53.5285699024983	58.7817103818162	68.2471183889439	63.8727138842896	51.7147384872568	62.0510763419881	66.3311191242033	48.6514221652985	66.9062987083793	70.8106459084887	56.5159153536134	64.1987907091614	58.4352779392108	62.1721377648933	70.9684114199129	70.1931132288291	60.2487255122729	73.0610139247841	108.071869215621	132.091914196838	1592.76873861798	2174.46081049047	151.816923724229	91.4353230267708	88.1338915455039	94.8307410223811	158.593715555624	405.045320452575	302.998469259919	256.251148731163	293.810285568411	330.959588187685	353.762925773358	396.475842163579	406.624762548205	322.521070938075	169.99772294964	638.890647566527	1215.77766747441
663.787	39.597710444212	19.8615428319751	30.7270263071379	23.6617483712953	40.8060278807314	35.5896817104574	19.1020101341594	26.6353510709304	32.3181808297991	36.8545678448497	31.5035454718295	54.1982346410149	43.9208429530322	34.7439983302455	38.9234573452299	42.340658231607	49.4907616626815	59.8827985175682	39.6460465370001	40.206169194462	55.6289007369058	51.7682781648457	39.5823742360571	53.7633194151607	50.9904275819374	64.7478593773515	68.546659672789	65.9040803605454	61.2858484440463	48.2816100356647	55.8660338023136	79.3402807077058	110.665779718973	388.898321662632	2472.83540599238	845.785338963527	90.2008487676802	92.2866869891701	85.6207002266147	94.6654857485473	231.550137652033	392.039440148224	238.43137287727	252.397058066747	311.16346613775	306.007160850857	315.370445693779	378.81296459607	372.740324050057	410.256851532766	375.764254472506	286.109819959193	1086.73470130688
668.512	34.9143326881707	26.2408619405259	27.7462640570349	28.7637490893221	28.7185207503593	24.1097522076082	23.0986146919282	22.4983146171569	29.8899003037687	32.1687145774413	32.6194455553998	52.5408699133519	32.649682531206	32.8891891642551	40.5988921093784	47.1034042988975	48.7870363551673	39.4697086289602	58.2615864669625	60.7728456284674	38.6746499655433	55.0190562394729	50.4688103078005	49.8266477975409	46.8817394485278	59.0490636940997	57.9210679454964	29.0771081589513	53.4987508383781	52.5591713487953	70.7211854496001	94.742703395951	114.723001175214	1263.35586068087	2064.73554560564	161.902514139554	64.6828597063346	83.1124444504872	96.2341118354923	109.093253915684	281.192615728522	289.351234675569	174.14242548186	246.035403569008	274.582370269106	306.225435352247	288.202453844152	333.227034624346	311.672686744767	377.097378357428	365.288506998521	593.57760111388	800.256859244564
673.238	34.6228159060388	26.8463300448081	55.0176356209534	32.7444681343645	27.2499102646169	20.3135184330785	26.8828531679093	32.9579971877329	27.6014799888856	31.5731150363537	44.5358484193095	17.7350099800719	41.605322680921	19.5677322699474	30.8056070766044	48.0738423820206	34.5383720766063	53.4522765562842	54.0071886860293	53.6072397807716	51.148139003431	43.8703132744568	58.1429839651025	65.2442980334285	43.3909475570699	47.3037206598878	34.0209258433503	57.4210205947126	54.1821485020005	43.2294544057308	73.6248459940068	100.628134779318	282.08302374495	2142.55558093949	906.214420523335	82.0420166384805	62.5205379561779	83.1610071319851	74.3986735988565	132.210756351871	291.093555587308	203.765647951729	189.022037052243	237.646779017094	267.325138503214	296.262058465417	273.111319914711	299.034857713413	375.857605766742	309.114957135347	58.2603511896038	290.045392772289	635.586484275353
677.967	-6.06552630707611	13.0709038913286	1.22252631979981	-9.58856125126002	2.31504252459024	8.85691132457596	-4.13085362837175	5.99995409741108	9.26797948099414	19.8779410396986	18.0040382120816	12.6106569213848	11.3967149482066	-1.075159784689	23.7095126203796	16.6033600456486	20.8750278215257	20.7685358100774	25.3038765314195	24.0993752677796	30.825914098698	18.5854645357644	24.7476617406328	30.8576883707709	19.00400985658	31.3977455517128	41.1974814618339	33.8322343450057	29.1091081060827	35.6289913286002	59.1892860167578	81.0216136984986	965.467301606849	1889.45539012832	171.521275927644	36.0553831507557	56.5526879141695	41.8854989675409	73.5031538669517	167.632636097805	267.323196770946	114.897883118471	132.688867345036	204.972849041639	209.145447476023	214.094787132131	187.755940501034	217.201455328888	125.529955456575	178.337154495735	189.606396773405	42.9666018418466	-149.391327853551
682.696	19.9326474954156	10.0263633475762	0.412050170223677	8.91978546371385	8.69455613217578	27.7932889701879	16.011408099346	14.7625937291187	12.1140736930752	17.955523521484	19.696867404289	7.08399653915003	21.1887815017657	11.2337973578436	10.5766492780401	18.1874254749772	22.9592148192775	19.8333205337568	48.1867224592407	27.0754952825854	33.8411139957502	14.6164560798749	33.364609228325	29.5807144115562	31.8982215271572	8.59054091600556	25.067687439256	27.2202798798149	33.8485347987154	58.2239211776982	58.0462307579085	179.006929340556	1768.0875684272	902.683378883502	48.4990937340512	51.6135568049458	51.1180716502581	54.7817576415373	85.4949270200868	242.292530620122	182.245072504208	116.783434247406	137.521780663734	153.122802356279	176.078917380226	203.360678297077	213.579391068745	163.514198621485	163.779223219444	183.186891078423	114.118705901757	52.1345210635253	-129.476733004276
687.428	0	-15.6034782222003	-4.56419853160705	7.02944151458183	27.949491047392	3.10970489511221	18.2262273304684	12.8292746077473	11.047838650409	25.6370835446091	12.3213650952947	24.2537558399256	17.9677670398817	15.3262507246329	14.2006617795046	34.1634216615135	20.509249831608	28.9786879458151	27.4821472375533	26.8101296945165	40.3548104671233	23.1290862125738	38.217228756187	15.5056914957918	32.8949360943661	38.3631791850739	32.6670392471094	25.5582845619407	34.0848681212077	53.1338412362624	71.1583653964612	735.927340491128	1738.52267506773	176.090222822788	44.5399992662369	50.7364525556263	59.7633269475761	47.2836415628827	127.181156530823	205.239959431715	113.365564641232	81.0396055005032	117.540793476483	144.068206834855	157.201186690008	208.083471943899	172.587534869811	161.427322094256	204.091895153245	172.93679755284	9.19323938588185	244.993133854648	86.9205003103622
692.16	-10.3491125725843	-7.84408724773099	-3.75461441577324	-1.17793293174746	-3.72425567983477	7.81646122889794	2.81925538240692	4.91387138981871	12.2648699407619	5.15524852183696	1.20860935938242	6.0963515372765	15.0544139689755	20.1790314477892	2.85554870235198	18.767934914693	11.2475862653206	7.87459063950729	3.88565456878554	5.93938185214801	19.3852876696481	7.6106067618242	5.48923904677879	19.692450920821	24.5132933728678	-5.6722670560026	14.1827905998585	23.4624927806726	33.5248846452127	49.0011017131469	123.377959745333	1463.76664703037	883.035548231702	39.2596778549633	18.4626571191821	34.4226318035489	28.9473709555849	45.6759735179855	137.215956505097	170.031492717564	67.1471740163957	96.1825577078969	103.915849622042	140.935343877854	144.270659718252	126.191942283669	156.17191191604	154.188377951482	82.9089752414887	98.5294528716024	4.62157031946467	-175.9449756453	-174.784616184062
696.895	19.7968474017884	19.0465654931554	18.9005599629161	7.90621514165132	14.6573204448668	4.40694396628394	15.1381383383184	13.1926439406623	25.8612420969461	19.9415168153188	23.4237276816538	9.38714988033823	27.6608834310975	27.3343449576938	35.5773914869955	39.9298763429192	35.8592338829879	33.6942845979453	30.426993636173	41.8580132528694	37.2183375551632	26.3923335059912	25.5069990229953	23.1305460215835	30.9476394239405	33.1225669602782	27.4309139547014	38.2448619663193	63.0047638272986	85.3142079379209	570.731263735141	1588.11619455413	215.466583159996	55.4888305095486	61.3009730060949	48.4354447427474	55.6384547289236	58.6558149697634	184.197052948911	137.266933813585	97.7121453102949	99.9196737571854	132.657379911169	171.847505137328	188.73300563577	224.007291219844	244.58384994853	178.11227705565	206.593224449126	189.644317604971	158.200483313711	354.27963504188	461.925392411685
701.63	-6.30431821766493	1.40539535579644	-15.6714190269253	-5.58098827003957	-6.18732706832766	3.17434360208191	3.1008466541579	7.69126956859658	9.86779533096398	12.6717793558042	-4.29474875604767	4.73312744039574	-0.38210931764776	3.72495810715721	-2.53677173316081	6.11185870527164	8.37422304461017	8.39462017008282	8.76668578666015	-3.24698064994924	-3.66165604462303	18.4586101817761	8.57398170455378	5.83136646808013	11.4562603968095	8.44640412174797	13.2626376302412	28.3581980395666	43.8698891574581	99.4992037720527	1199.63008436198	888.48517391815	45.0326027592986	24.9121100747369	34.697594244752	26.1060661288544	39.6313588013326	100.791777771235	164.777579534801	64.1345211354206	79.6304818167131	77.7482186747186	105.503181920454	120.829997770831	154.871041335774	125.871834362888	82.6667122421638	108.756628325639	145.202606325059	91.2079328916197	60.9981527100935	-89.3162825546411	-44.3636202399201
706.367	1.06330265639846	17.0667089720065	3.00036894503473	12.5058953620921	8.34856500653701	17.9892055509779	15.2071387858711	6.31084605726958	7.37059518807538	14.2173930307201	15.2116326725936	22.475258914067	13.1472998421312	16.2091361841077	17.6033210541906	20.7381142424874	21.9566824819063	7.28155750329508	0.887167173000257	18.7763717203487	13.4324607524385	23.8925913343474	17.7871528139024	24.8693442406013	24.7860082966384	16.7065838224842	23.0082258859399	49.3602215902536	72.3336490566268	439.481108418987	1453.27023474014	252.280662710694	36.0777488231096	27.1497115758107	39.9563058413159	43.0369158289336	67.1436965382488	144.618038776003	119.252146482489	67.0659866588153	63.7715908559423	77.4204281312949	91.4145752009165	99.7522929562269	128.401785099869	137.615049812682	191.998965585099	128.402224419593	221.477025964933	131.006733596187	90.2187808820469	262.11909482447	1436.63677736719
711.106	-13.4316868030498	11.0189132170232	-11.2619505031607	8.15354996711788	4.9214408725211	7.7911011644687	8.53765593719637	7.86559716535233	-0.240272745026861	12.6772761781107	-4.70581287098868	23.8296951805014	9.3784817362786	6.09501870501894	-6.30036831062876	-5.14737829842988	-0.778548202126517	13.0817366291791	3.13788593551854	16.1285098889646	8.89354338409327	21.51098463226	21.9207913562398	22.1502845895962	23.027850511695	12.1715121486555	1.5500850155083	51.8150394752039	76.9653576067469	1024.04727733645	854.643241503371	26.1774552263843	16.1186535341802	28.6123602805251	32.2211376347531	24.544730462045	64.2098619404134	162.59921577361	73.0220269543335	34.9803581420809	48.6268685438658	85.2351834373233	69.8140751263323	73.1656703962102	64.8790841266424	152.86070101882	121.959930998145	92.6847230098569	98.9958115086199	93.2752196515293	14.3955496784364	219.217665208356	158.792026299559
715.845	52.1745863506341	43.6164856468855	25.4135592481242	37.5279954620514	26.3143828841446	45.6456752202743	25.9093869697661	24.0849213643131	23.8192355664645	38.1869937390205	28.2442882175907	29.7551975607436	36.7621986581617	31.9838239470392	28.8672209272489	54.6729641229335	51.9788510361294	46.7294963546898	35.3696652098514	33.590046229131	57.7667974767207	51.5133072102591	47.0098995412675	39.6424993665793	48.632068375308	50.0438394280489	66.2490210321214	75.8839621373268	365.023724999173	1304.4505563206	296.356900535117	66.3929050177745	69.4911877403854	73.3499440621307	65.1880664299416	71.001618672162	138.658453737797	187.978260898329	96.0789005008415	85.6984978561606	103.120424603961	106.811846651811	104.149666576729	132.399991313404	191.098915223464	219.737026789889	221.507695342092	255.701902714375	252.530716747411	197.840489085043	383.469937707294	489.708237663153	1285.03782533065
720.586	15.8006396284266	0.971688459296165	6.58897178311773	0.413430834180121	5.34738701941424	1.64605267368108	0.989502095663603	10.5636056133419	0.487327173110174	14.2846487088038	12.089632883278	1.88796804698263	7.13312644776112	17.3841594301679	16.1611252093117	0	23.2912954519296	7.46232312618998	18.6384199028918	24.0531220228798	5.69624414798625	17.8078022234541	14.2272946125854	32.8303627576225	37.2825887644718	25.0847348536436	56.1975893532589	58.0361871821927	839.348098502691	835.221736488683	53.0400011896725	15.0047603729648	30.7462874842613	32.1960035101599	29.3669098352566	54.585783324028	122.381175328336	87.3545023479752	62.1419983252467	50.4396184080855	52.8779170902727	49.6696327983831	72.2296134322571	89.0378623316009	96.7568943426427	118.885941122179	68.867877807002	107.66440352609	74.2034380496152	155.618378240042	-34.0636483104694	148.2075783916	46.0094210735088
725.329	-6.61810942497016	8.85208512217275	5.78023863313837	-5.02180838077013	2.52594811654242	13.3293736678243	10.5167619774089	3.92793806352538	10.6055968768291	9.25391627607855	16.4238783661061	12.6128898413468	4.0112843120889	17.2056025447902	12.9347513299322	13.9643885842441	13.9857481885593	0.839281341976472	3.22106361695968	-1.46082681517604	12.9732008217883	9.9140028755557	12.6010404356183	26.2355012981769	22.3941434274416	28.6156319616817	30.6300990772294	254.828626129427	1132.28013001541	263.877924081627	22.564642627396	31.934074698579	7.87900934096142	26.5544255078742	42.7047417848344	68.9556981156375	122.007149470395	54.1461792832258	49.7970483744994	19.6369697785127	34.2795581938543	50.2767245923462	70.9407898939894	92.6296398208178	101.857095239317	93.2037630247528	75.4002033552624	32.8670872400785	39.7643276135	101.924989692513	49.2571349715474	-121.890485895593	558.86130699353
730.072	-8.32415477336724	4.45360581956952	17.0013028094617	16.422515789722	10.5298109418309	-3.68840520910146	3.52741843299698	2.63493291161536	7.69351037206897	6.69267311514259	16.5261583596788	10.3839028661021	8.07252931245294	-12.984563054654	4.59363625519635	-0.379766271935557	7.63954425661885	2.11126995351637	0.463017549673546	6.36967127357118	14.5044351775603	-0.906885682195404	20.8306295485279	7.91966500422933	11.6840906272134	28.3882893264434	51.6349281104128	676.985048559232	808.158300121334	34.3755161936201	23.0966326899028	43.888900098084	36.0727458512163	14.5744329072523	21.0640619220936	95.182153094809	89.3705774697486	26.49191656362	33.756402779423	54.1968256616105	53.2524045262775	69.6431340426516	75.0245430283706	77.2522280547297	52.2312003996285	49.8599497043988	35.7876223857668	107.91839956394	73.3552612253586	3.10787058703145	128.86610009642	-207.56079563413	492.048922475621
734.817	3.35324161886196	-21.4290260017544	0	1.69628875187157	1.0970048316455	-7.09136674078766	-3.55239859742589	9.95097281198604	4.49883499546389	6.15397577350387	15.0115063904057	2.71118780707103	8.12969664698175	9.11393539507767	2.31308353403648	11.8561256962778	24.2957220483656	22.1127021550948	15.8540812380961	0	16.0678665647236	11.8730038203469	10.4890730426922	21.2686661269945	27.736108718759	31.4482597435954	196.715417208673	989.082717363757	298.517069842495	21.4876264520011	35.4816555411568	31.9658607459005	31.9368814759458	33.4324132830873	32.6683766023825	93.6165747950969	83.8453417884957	36.2438826241643	35.0578139284401	45.4838600150761	37.175010097407	108.512807377513	65.2861187530493	57.5038349808037	79.3978668112329	107.599379037222	96.5900409364951	73.6237283964089	105.215541808802	81.3768704863456	149.744645553277	646.094833995637	896.679615367751
739.563	-8.48035565673295	10.0826149476014	-15.9529340664515	-0.428991809939084	7.3982072171032	-11.6144534708872	3.59360964282377	10.0664131211352	2.02267802728956	1.18578428066909	11.5543015596969	-0.783611441259238	11.1024114762188	-10.0213753381327	10.1396420699821	-5.02960250279563	4.91551489157992	0.860354982849524	-7.54729550988843	0.49916897813119	-5.41808946293702	16.6302573677746	5.53604650566275	32.2731029139086	11.4782206638084	26.4420472328523	566.816633779953	757.233236436499	40.2911505649339	10.4659159732387	7.17865498474445	15.5695191986963	17.3652158172234	19.3847829397455	53.6483107108726	77.0308326976038	39.2942257117902	24.9521233621616	26.3297166944228	38.5346430089447	22.19386658077	34.8056465022594	56.3966940149152	46.1945633427274	76.3030063685062	41.1202155571001	93.3354727248214	1.77328167655033	45.291973410078	110.816617671594	-90.8890915470044	96.1161941195483	954.823065372756
744.31	-15.4278800177645	1.52856574234019	4.14605173029028	9.53874772378344	-5.23412647472746	-3.79780120305744	0.778294210935049	-3.16526410470972	4.85523272575043	19.1754406427931	-5.3384516979015	8.7119050742526	13.2991294812834	16.6108117948114	18.1312100609642	0	4.1400677790876	-7.39122265331288	6.19775501808237	-2.52253541888889	9.95641896594952	7.47026715259697	16.7857467145887	7.24849577726094	43.8258813222411	167.447688368168	893.937218963563	326.941540332669	16.4533428409397	18.3077970981695	22.5724284011351	23.4022852704937	25.3059764885558	25.8448761339734	59.8611155444706	83.3502180523437	31.4809566171771	32.9390511010129	21.7234990156178	16.8575406772861	46.1085931137065	33.8248630476794	37.4998680421206	41.5009487269186	48.7067302652201	44.004657739996	78.120013233254	32.2604122408451	128.173710284998	3.20004825534075	51.0339211908889	233.145742256416	-410.139419854042
749.058	12.1220964205179	28.8248360123297	-2.32690237141939	12.264297145522	13.2190477697557	16.7415911136369	7.60040078474929	2.74081115962418	16.2634601957261	6.35624493507809	7.75245263986318	21.6023085296835	20.1525693455933	11.4599040919795	13.1401053909145	18.566233198701	19.2389441430393	10.9805305176241	30.3422340220244	27.521809167841	27.1570679170714	19.3381960276117	32.501485148023	25.6290132387112	57.2954808569256	483.853795956325	737.364083258773	64.8102243649747	29.9186920198503	21.371887098679	50.8998170049971	30.9784595897463	16.9056244946258	50.5335678962976	100.349948204354	70.3225954355851	54.3092110499805	40.5547439285895	53.7665058626754	62.8341792918494	52.2449351582441	75.1752149438232	73.4932444479175	99.5720823793985	131.212031336954	86.4390803308529	145.924584404192	63.3696637676221	131.795850086808	109.913590551712	123.73316761514	657.517022113144	804.28965385092
753.808	-0.588359289360053	13.6406900734952	5.69211386707003	13.8398219242187	18.093149052203	5.3325007820991	7.74677013267711	6.75118550025878	20.7866100207069	12.9573083876964	25.7665768011322	22.0183281453293	8.55861238574451	12.9320930518657	8.52291934761877	9.26057502376847	19.6094498293561	20.593270382141	19.1450183332575	24.4154792060551	14.8652183178594	33.1715196368614	28.8064367797173	39.6503439949976	136.264061456382	818.656763252246	320.401503417098	38.534035598391	12.7061956068822	23.0402078428659	37.7686773003937	30.3286627454543	21.013652263978	61.8080986353504	96.4760684168757	43.8549304991258	56.3524930214728	43.9854792814406	44.7362833480938	50.2777264403925	59.6668658490516	66.8709359466732	106.570977126587	61.4279475116576	103.438701319678	105.724480290056	106.239154270656	118.107508424264	164.971565381909	112.030318476079	278.506242772588	640.17151684365	372.626705361962
758.558	10.1839630448099	-13.3545199381091	12.0741792917208	-5.00019304894935	9.01507652493713	-3.6196364033426	2.44788189157269	7.11096558079169	3.21486767282404	-4.08351481654797	1.39920301096984	19.5125359645027	-3.04997781813848	9.34447887268689	-1.23969719143067	15.5782616414781	3.90638789441973	0	-5.49805580091808	21.6858540232956	1.04382710073859	-3.91589954696846	28.8413497591042	20.8980608227395	432.441260321167	710.086144282681	71.2946294965023	11.6410497339864	6.89984831448008	15.7815881561476	13.522769338291	18.1896413402052	20.5398871348291	73.4205193251216	71.8535469292069	27.8476627433817	31.4812275495864	13.4895208407125	16.511753249704	44.4881640255055	24.8232792369914	48.228123017137	36.9558331666572	83.3930810632864	98.9363973134671	35.8822429869128	40.1777110721876	75.1593133438335	81.5859267179207	137.551645089266	107.007529872317	499.042728366424	-480.575467520925
763.31	15.8873073659312	-9.26288452537066	-3.44845615281919	0.927327499964107	-5.1974939247529	0	-1.10972915989764	9.91288881344335	-16.3961605573406	-2.56324327647596	-12.4881423502078	11.8572218711721	-22.6661559948746	-2.59951730262603	0	-7.52691408088203	-12.8392575399322	-4.18450734465491	-0.509830149617906	-21.0409980834073	3.19417627341017	-11.9828977549384	11.4683374170686	92.5328068502246	745.273703510206	342.949729849467	4.84813398690181	18.4708434468759	-0.879748657633966	0	15.0866481795009	-6.04077656434075	37.5374116638954	72.2158024403779	24.5853304692358	15.6718328828352	-12.9481891228545	3.30230225895364	19.1654132638667	18.6488447868742	36.6477488087214	22.4265359958578	22.4570252727907	17.5672931997779	33.6390632607589	24.8361462693653	6.30493902903466	17.2494152938837	26.9239066151692	126.617202128451	103.692417743292	-166.215182544584	-1031.99369499142
768.062	-9.25150502645286	14.2993026043081	8.95041873301913	-3.74401267739993	-3.22838116825578	2.23598782495926	0.560055649608412	3.90463588434131	-0.551651861484964	-10.3488954255725	-3.24127952563732	-2.13717014976843	-4.03733128403393	2.62383724642292	-3.82904181220438	13.0842950124897	6.70312551852558	15.956032871663	-9.77739804106867	9.25752367609492	-0.537343264289073	28.2216771454791	41.772926201427	392.664911394589	656.244335851176	62.200304637374	24.0225921926525	13.3168918266373	3.10792720083282	16.2481508469933	30.8906642648242	6.53281223628832	41.8536807711469	75.5911041053533	44.4803264842196	33.1198832007996	13.5920997695809	41.6649643822146	28.1377694034457	43.2936249594487	20.8492523870197	57.6861792787189	25.095743711282	25.1976009178771	47.0971725833333	5.27757944448807	14.3188318651365	21.2798584266766	56.8221165615762	238.33304385618	236.867805086673	-220.198412298959	260.412143848466
772.815	-17.8748505578457	-4.39698301009395	1.49078630641258	9.82177339436805	20.5678210959956	1.86213635930646	7.27608604885011	4.14603316278203	9.64775860009349	13.8974707083608	8.27799393919154	0.42716177941415	4.03475973955375	-6.55541503794505	4.67695914395801	0.843610392253963	14.2908928397802	-2.34498085435848	5.65699339465744	17.4148276209313	15.5730292314095	19.6418636029054	102.102443551421	688.558484082042	328.608395523505	24.7741867171961	38.2338341380512	8.87227316232245	23.072753841651	16.2378017228605	22.1749355550723	30.0317955937564	66.4829514228376	43.1674039898329	21.5241239486488	28.1586701902573	24.03224423735	40.5280681979191	35.1498091074523	36.3685633026073	28.9015104217663	32.108546938166	8.89926938882363	52.2284031446737	87.5668361528589	59.3349517607489	50.8789745942541	-25.1329051980827	66.6617370908095	362.44971245331	93.5857646498311	230.537118698058	-260.246276505915
777.57	-1.25787737415457	-17.9464546935569	0	14.3171230646561	7.40720736837384	4.18020950975707	12.2788253503787	9.45651977007177	-2.5314233482388	3.95742274820698	-5.14149232452149	-3.48695435187109	12.8084650794376	-9.81059850784451	13.4492006472867	2.58242111389395	16.4049825657261	-5.26412108253902	-1.04951069885366	-2.77653462699661	20.8220068762564	27.7508143296654	335.132979243504	639.266216799641	94.5858788435161	12.8694099786334	24.9503118467143	17.6536049572717	21.7320759672052	22.3902736933558	23.9579601461128	47.0762609911513	73.6785516318349	18.8118905579131	22.9177922408927	29.7408368906363	30.9192092885543	21.5268521389396	31.6819189097524	15.9956557261882	29.4906556477976	23.8276845563053	47.0544186359846	93.2628503482773	37.9745360613625	21.5269226613719	1.62237878917888	-31.5633587442469	113.367681293024	144.412971814691	213.455994889961	53.4628458257108	-345.216674688414
782.325	-8.3021270308561	-5.12517749194799	-19.0501089799902	-12.1146877293026	12.5354799017639	-7.33156479102665	3.18947178002588	-2.02150787452033	5.71202342557877	3.34864348031764	2.98324454596767	-11.0645561197456	-2.32245214391657	-1.35841287439237	1.32158087711073	-12.2369041139728	-4.16441012815724	12.1481712611851	12.255256990041	31.0122653604062	42.2853854195261	75.1419006892952	641.504564945159	362.53042759051	26.8919346356804	28.4687338449607	4.60628707556501	3.21739623400792	17.0098080737639	11.822258689266	16.6684614346803	53.2127637953927	45.6178637866869	20.9651904884388	9.69614828306003	-7.67768243401255	15.6977025486001	37.9645781859778	6.06978517602311	17.5413702712418	44.5690788955229	54.4379888545036	18.4410629082815	54.1138393450371	66.9118878988554	12.2953866241424	65.8946208255476	18.0278298492428	135.578346229962	196.708329479959	114.075522767705	-54.2862427911016	377.497570070547
787.081	7.21340191138575	9.9406949232714	-1.05737042672251	11.4446225770524	-6.43594601784708	-14.6604136240611	4.76373380053954	-1.81628883774614	-4.98551846465018	-16.5048496647784	8.0411763477209	4.99905708289075	10.016073150218	0	4.97584220944878	1.79504334714137	-12.8285086766679	-9.48038384642549	-10.3956012143914	10.4218478972341	18.2821851533924	287.200966646569	631.964989590303	116.981014277666	-21.696422028371	5.27147833358522	15.6086867256955	20.2944080464189	12.7456760769327	18.2092953750658	32.3812234852718	62.9758648965038	44.4999960954572	24.8766024660801	20.4105417918894	23.1255987356132	7.22574903247679	37.8021099419166	47.9916265352292	50.033679085063	44.3350086645273	76.0846548992508	33.5682962313317	41.6745611144216	39.5942036434233	42.0845180781125	-27.065208564695	-4.11369757016493	244.286144142853	80.7949404228714	5.85684722279619	-445.944893506449	-553.754851231874
791.838	-1.9653691981901	30.3771211427227	14.7887218433196	33.8032141626794	25.2899860960405	6.33344388995836	5.65140652181547	3.11059568495467	9.3753357844954	16.488722845543	8.41585836468636	24.0628312579108	10.4827763199676	18.1155702709188	26.2106235842295	9.86309179807429	6.17065414562513	5.4832803492306	22.4106943348262	-1.15685163927313	71.3450066684435	584.011371406754	349.085450477266	15.5822283493736	8.37451780170914	5.26632759426222	35.4396262352301	16.9740656921444	19.8072347361929	39.6481478890444	52.6836081111629	73.0916497653699	51.0080018069263	34.4108708894357	30.3372322676796	34.1294359697446	61.6364965357649	55.4675988119203	46.6994163493411	27.9914831770153	32.1471937117069	65.9273122115627	77.3896079773297	20.8169205379603	53.5162867770384	28.0289316482569	23.6589178552695	242.471007520014	288.658277952685	106.398358398141	310.109599665572	768.503305528764	304.267578831833
796.596	4.67148198388113	30.9442784747338	24.7493722840767	13.1660706068053	22.268989096594	12.0969238564138	13.6348137179854	5.80923235559591	9.25192906523886	12.2475035131276	15.1975678745366	10.6373252746967	28.1523970717406	23.6587151230566	12.4293057578088	21.9212532499529	17.4070069095977	11.6790992606868	21.715498831666	31.2289432054095	298.848056941616	636.357484603319	97.4777161947552	16.4022622399139	1.00363230499208	18.5324369024424	19.7353791285003	13.4485405502248	35.0696285353609	37.5374544151994	59.7871880385479	22.1483961674504	33.3690313867529	31.6453768561834	30.903644852753	48.1384399227119	2.8282560074452	58.907600845409	38.6913400943007	27.8351922264691	57.4898786989321	47.4057959277269	78.8345139438821	56.54822330148	66.3666529034341	84.2291286749578	55.0871832848602	154.897096486912	114.945913073144	231.719384666317	488.75019167718	317.67894227328	1267.97080745732
801.355	32.2614477843627	1.54112355968853	6.96685551281937	10.491395553973	-3.39243881700981	5.91754816579886	4.44656662942151	1.82358176848333	15.9735511917167	16.6142754240754	-1.68197167122242	5.9887343712029	8.38024217704564	14.2964556979686	8.34529301822798	17.3466655960862	4.59148821536472	6.13689562650723	24.9946888405898	33.5710203794421	427.627966672662	332.804279434574	21.1545609490866	20.09712444113	8.23071237035358	6.73609345867822	2.07764244633327	18.6581606074778	7.87954417208622	20.9192972249241	58.1138478729988	32.5441999889964	39.5053561435003	40.7669140232724	38.4859072813937	24.9334542765963	20.9969569306541	22.3127399146186	18.0691226054054	16.9960325398889	33.2950260099514	48.4259031201485	34.7833097669255	48.8155461059785	45.014637029081	83.8027744506806	32.6935783338994	180.696918005106	122.303852239381	58.0740842170912	102.906373094763	489.710695076083	729.721569765011
806.114	37.4463233211352	29.7950554873115	46.9101604529838	32.3484696247501	40.7092658041177	24.3663748003482	18.0478292605932	7.97817023711458	19.5804821059754	31.1140067032685	25.2295750683363	21.1601947782502	41.0631866675237	28.1844412331381	35.7655415066913	29.5681799933287	42.5756179970183	19.7257359423447	48.5473764019149	206.003988692031	487.355346994313	124.272036450817	61.113176075139	45.6752828207501	46.7851018946414	44.2056133225758	56.0963460509982	38.5601985887875	53.9126706511162	45.9404174351274	75.5886412893551	51.6639174825318	51.0277516853546	49.1724633064214	62.5395993322647	60.0249825177319	63.4791721159309	62.2681113896334	47.6367777778869	73.8448310353796	54.6540992993541	57.2926177759503	99.8129758529167	97.631092211957	92.0753939231203	124.471767934099	237.771478791996	321.640514049088	168.456249310845	325.860139218123	571.130370675937	675.800759204994	1045.93424999652
810.875	16.706821174045	25.171684808246	16.2559961965785	10.9285370353885	-5.27712704868192	10.0946409887157	9.15469600175016	-1.3676863263625	5.66803429383497	1.20831093993276	12.4465903670459	15.1714604070473	17.5985085717959	1.22541048839731	17.8827707533457	15.3754535965309	19.2007689006161	31.9995271953591	39.4147016332378	370.298527821725	290.606329464168	44.7191040258622	34.7875002273868	22.3808885821675	11.6962754736604	30.7334264052194	12.0503261887329	8.70714161682298	38.5682951581062	35.2756776734014	48.3604748034046	30.5101874896841	28.3944747281408	29.8396999551788	21.8669927735191	32.7828750673767	21.9735595785915	20.7560371298778	36.1382452108107	57.434868583073	55.2823073372777	29.3283638614984	58.2242359142014	38.3550719404117	-1.02305993247911	28.3450560642008	164.953963411947	186.117825545259	131.534331653674	141.958872530667	-36.0172305831672	391.768556060866	364.860784882505
815.635	14.9785293284541	-4.10966282583608	5.5734844102555	13.9885274052973	-0.753875292668845	1.74045534288202	3.92344114360721	-0.911790884241666	1.28818961223522	1.20831093993276	8.07346402186761	-1.99624479040097	2.09506054426141	-8.57787341878117	12.7166369801569	1.5769695996442	17.5311368223016	20.60243531756	131.702783506185	407.430110968683	93.3554011750177	-9.88527562676953	29.6163853287212	-1.82701131283	25.1253324989741	18.1032511701977	22.4385384203993	10.3656447819321	30.2740381348576	35.6858599719293	24.3834326739855	26.4421624910596	40.7398985229847	25.6369253136043	27.5524108946341	15.6988415815607	28.8097781141533	12.4536222779267	27.9250076628992	49.2298873569197	32.0386099341041	12.9590444969411	36.2956275828788	64.5062573543287	69.5680754085798	89.9647431602894	148.607174244997	117.452996703319	92.3047941429289	138.732534518607	174.940834261098	528.887550682169	364.860784882505
820.397	13.2502374828632	10.7878649178197	14.8626250940147	22.7313570336081	17.3391317313834	30.6320140347235	13.0781371453574	3.64716353696666	3.60693091425862	14.1976535442099	22.5384203943804	19.9624479040097	23.8836902045801	26.5505605819417	21.8567198096447	23.654543994663	28.3837453313455	46.4650668864119	299.45559899399	322.485256372216	66.7541309477277	18.3583690211434	29.146283974297	24.664652723205	43.752734179248	22.3133095818716	25.7627663345325	28.1945538068554	48.9361164371671	56.6051571968534	15.8492312380906	21.9673349925726	26.3369040956669	37.8249717741703	42.8593058360975	51.7138310921998	30.7629834100281	46.1821826139781	45.4465810984438	33.9920650797779	64.0772198682083	44.3335732790092	58.2242359142014	31.3814224967005	90.029274058162	146.654855288691	185.758967806247	137.329657683881	106.150513264368	64.5267602412125	267.556570046385	558.270192386734	948.638040694514
825.159	0.576097281863619	15.9249434501148	23.2228517093979	19.2342251822838	26.3856352434096	23.322101594619	12.0318861737288	9.11790884241666	13.6548098896933	-0.30207773498319	7.40067535337864	31.5406676883353	8.38024217704564	26.9590307447408	29.8046179222428	25.2315135943072	21.2878089985091	114.409268465599	353.770980512964	107.834186673359	38.1452176844158	10.3560030375681	23.9751690756314	23.75114706679	41.1535618517679	37.0485140227302	34.4888646091322	32.3408117196282	43.9595622232179	45.5302351365994	33.3240246544469	29.6965824899592	23.0447910837085	24.7963703852894	40.6726065587456	27.703838085107	34.1810926778089	48.7766872552128	40.5186385696969	36.3363454301074	61.5643877165138	50.4720680407181	66.5419839019445	87.1706180463901	37.8532175017272	162.675973933674	191.703254776047	130.101780963676	154.610530189406	232.296336868365	102.906373094763	401.562769962388	1191.87856394952
