"","500","495","490","485","480","475","470","465","460","455","450","445","440","435","430","425","420","415","410","405","400","395","390","385","380","375","370","365","360","355","350","345","340","335","330","325","320","315","310","305","300","295","290","285","280","275","270","265","260","255","250","245","240"
"248.336",0,0,0,0,0,0,0,0,0,0,0,0,0,0,0,0,0,0,0,0,0,0,0,0,0,0,0,0,0,0,0,0,0,0,0,0,0,0,0,0,0,0,0,0,0,0,0,0,0,0,0,0,0
"252.814",0,0,0,0,0,0,0,0,0,0,0,0,0,0,0,0,0,0,0,0,0,0,0,0,0,0,0,0,0,0,0,0,0,0,0,0,0,0,0,0,0,0,0,0,0,0,0,0,0,0,0,-0.136318883522879,-0.0426414730509499
"257.296",0,0,0,0,0,0,0,0,0,0,0,0,0,0,0,0,0,0,0,0,0,0,0,0,0,0,0,0,0,0,0,0,0,0,0,0,0,0,0,0,0,0,0,0,0,0,0,0,0,0,-0.120892484347491,-0.0121125253749295,-0.055720120085865
"261.781",0,0,0,0,0,0,0,0,0,0,0,0,0,0,0,0,0,0,0,0,0,0,0,0,0,0,0,0,0,0,0,0,0,0,0,0,0,0,0,0,0,0,0,0,0,0,0,0,0,-0.14168519896995,-0.0156954170584438,-0.0246130701613679,-0.0256299934476503
"266.271",0,0,0,0,0,0,0,0,0,0,0,0,0,0,0,0,0,0,0,0,0,0,0,0,0,0,0,0,0,0,0,0,0,0,0,0,0,0,0,0,0,0,0,0,0,0,0,0,-0.141783758975931,-0.00873814426873251,-0.00236402053339097,0.0156287274370041,-0.00461385848693152
"270.764",0,0,0,0,0,0,0,0,0,0,0,0,0,0,0,0,0,0,0,0,0,0,0,0,0,0,0,0,0,0,0,0,0,0,0,0,0,0,0,0,0,0,0,0,0,0,0,-0.14146323635421,-0.00728141841714713,0.00417434003125809,0.00647602661055918,0.043806629940416,0.0132564825268532
"275.26",0,0,0,0,0,0,0,0,0,0,0,0,0,0,0,0,0,0,0,0,0,0,0,0,0,0,0,0,0,0,0,0,0,0,0,0,0,0,0,0,0,0,0,0,0,0,-0.168191458472139,-0.0197428892531433,-0.00405617014989634,-0.00485585079519121,-0.00123920640289832,-0.00665482849632371,-0.0434601585130035
"279.76",0,0,0,0,0,0,0,0,0,0,0,0,0,0,0,0,0,0,0,0,0,0,0,0,0,0,0,0,0,0,0,0,0,0,0,0,0,0,0,0,0,0,0,0,0,-0.181420312042067,-0.0219138018959569,-0.00212168152839425,0.00382333421053505,0.00595786263447867,0.0126708381234594,0.0110036154209057,-0.0148752070103108
"284.264",0,0,0,0,0,0,0,0,0,0,0,0,0,0,0,0,0,0,0,0,0,0,0,0,0,0,0,0,0,0,0,0,0,0,0,0,0,0,0,0,0,0,0,0,0,-0.0241006042976913,-0.00107342176843734,-0.000368569392853312,-0.0057689850984069,-0.00173094055255696,0.00668265936137509,-0.000592997613202539,-0.0148989117336823
"288.772",0,0,0,0,0,0,0,0,0,0,0,0,0,0,0,0,0,0,0,0,0,0,0,0,0,0,0,0,0,0,0,0,0,0,0,0,0,0,0,0,0,0,0,0,-0.0281826464622693,-0.00226054023047936,-0.00148651754357544,-0.0015427613577142,0.00167018941147512,0.00675240666654528,-0.00814901742014742,0.00282356596699483,-0.0394523666652419
"293.283",0,0,0,0,0,0,0,0,0,0,0,0,0,0,0,0,0,0,0,0,0,0,0,0,0,0,0,0,0,0,0,0,0,0,0,0,0,0,0,0,0,0,0,-0.0336308844871965,0.000208084927712075,-0.00087432182969157,0.00175859458309802,-0.00597344904117025,0.00431932892899464,0.00117643610230195,0.00128541731846605,-0.00297959846672916,0.022286621167731
"297.797",0,0,0,0,0,0,0,0,0,0,0,0,0,0,0,0,0,0,0,0,0,0,0,0,0,0,0,0,0,0,0,0,0,0,0,0,0,0,0,0,0,0,-0.0338407412000047,-0.00209649864108277,-0.00201901607124541,-0.000930147690450432,-0.00159199968946139,-0.00413814051258515,-0.00323833969738915,-0.00292294130964823,-0.00742336876642214,-0.00865197568047053,-0.0470662754204996
"302.315",0,0,0,0,0,0,0,0,0,0,0,0,0,0,0,0,0,0,0,0,0,0,0,0,0,0,0,0,0,0,0,0,0,0,0,0,0,0,0,0,0,-0.0435749412573531,-0.000270986608411111,0.00110638403823153,0.00127517795152069,0.000103283992662823,0.00272339194275756,0.000683883784530583,0.00121988500696507,0.0012831800468572,-0.000932130718126473,-0.00746077015894684,0.0224623324279035
"306.837",0,0,0,0,0,0,0,0,0,0,0,0,0,0,0,0,0,0,0,0,0,0,0,0,0,0,0,0,0,0,0,0,0,0,0,0,0,0,0,0,-0.0561845807885607,-0.000436835367075054,-0.00245700550507996,-0.00166460631640293,-0.00174763289866864,0.00195638640645518,7.38651200961615e-05,-0.0031073061501052,0.000554681084692338,-0.00589766771906267,-0.00402728902210093,-0.0110350024596543,-0.0172752472782209
"311.362",0,0,0,0,0,0,0,0,0,0,0,0,0,0,0,0,0,0,0,0,0,0,0,0,0,0,0,0,0,0,0,0,0,0,0,0,0,0,0,-0.0629290706179739,-0.00224037018273106,0.000239498556892946,-1.50938884022934e-05,4.29733635781415e-05,-0.00346178580551265,0.00303326070704493,-0.00154575398962214,-0.0013614825964614,-0.000710828681228329,-0.00302312236764759,-0.0010661638278892,0.00103084304225777,-0.00638026214734355
"315.89",0,0,0,0,0,0,0,0,0,0,0,0,0,0,0,0,0,0,0,0,0,0,0,0,0,0,0,0,0,0,0,0,0,0,0,0,0,0,-0.0459210180026015,-0.00209578966814828,0.000684228933299617,-0.00130058847029501,0.000844199756940736,-0.00231864428901943,-0.000416015968504546,-0.000278263387707749,0.00240705449089627,9.80648808273105e-05,8.73875486205079e-06,-0.00133667522456865,0.00484766376171257,-0.00204787578300827,0.00830371437763111
"320.422",0,0,0,0,0,0,0,0,0,0,0,0,0,0,0,0,0,0,0,0,0,0,0,0,0,0,0,0,0,0,0,0,0,0,0,0,0,-0.000605194834144895,-0.00463328449675747,-0.00114637820941042,-0.00068605542018645,-0.000583399208854612,-0.00138474605373612,-0.00271537346021439,0.000442954054269917,-0.00241447289314966,-0.00333611877393581,-4.39526991992296e-05,-0.00197972002216585,-0.00100537493337611,-0.00106956655510423,-0.00794983956307334,-0.0153505829568352
"324.958",0,0,0,0,0,0,0,0,0,0,0,0,0,0,0,0,0,0,0,0,0,0,0,0,0,0,0,0,0,0,0,0,0,0,0,0,0.000641341522785721,-0.00576170074004832,-0.000816773826071707,0.000134196094007106,0.000654359349667934,0.00158894033203279,0.000492274823684857,-0.000904149068302024,0.000639501165342955,0.000802664282850828,0.00124497895864632,-0.00199135344373568,0.0057258210946128,0.00270778325844206,-0.00291007924655312,0.00397336257615767,-0.0230919447830954
"329.496",0,0,0,0,0,0,0,0,0,0,0,0,0,0,0,0,0,0,0,0,0,0,0,0,0,0,0,0,0,0,0,0,0,0,0,0.000957989470880549,-0.00880933769394604,8.17357351871259e-05,-0.00087618100607504,-0.000510971221015372,-0.000822704935749423,0.000186087749640934,-0.00220181115137583,0.000362815194567561,-0.00070099891197104,0.00040904109187275,0.000573374831400809,0.000547062076925769,-0.00265009797114109,0.00213553437422908,-0.0050802066358225,0.0145457667150155,-0.0181239068329767
"334.038",0,0,0,0,0,0,0,0,0,0,0,0,0,0,0,0,0,0,0,0,0,0,0,0,0,0,0,0,0,0,0,0,0,0,-5.9572939133723e-05,-0.0132531807241804,-0.000543188447393631,0.000486026403853508,-9.15646905873414e-05,-0.000911645148405367,-0.000252706858890756,0.000920997107603932,-0.00131637235667396,-0.00168936990493673,-0.000535654070968762,-0.000439727735295172,-0.000530743848585125,0.000849103189133038,-0.00107536716772392,-0.00364860525503681,0.00328029843868596,-0.0108378348293351,-0.00675478204553949
"338.584",0,0,0,0,0,0,0,0,0,0,0,0,0,0,0,0,0,0,0,0,0,0,0,0,0,0,0,0,0,0,0,0,0,-0.000135476208425134,-0.0175080543644051,-0.0001399373570154,-0.000666193636418497,-0.000146415790099129,-0.000652435987565265,-0.000671868226297653,-0.00190224266362363,0.000483911931910247,0.000775687711837884,0.00108570905604591,-0.000591032488638363,-0.0158377557825443,-0.00183943126972796,0.000251021142539177,-0.00285183364671921,-0.00186390185596294,0.00242242992491696,2.71173075369786e-06,-0.0229156357817527
"343.133",0,0,0,0,0,0,0,0,0,0,0,0,0,0,0,0,0,0,0,0,0,0,0,0,0,0,0,0,0,0,0,0,0.000158552294456937,-0.0206957092769876,-0.000106713699679154,8.67162240088971e-05,0.000845619609132745,-0.000504927718296426,-0.000820263962647089,0.000589485518525362,0.000601484292516614,0.000209711485263039,0.000460967617149816,0.000771309350828512,0.000734916367602548,0.00227760492503092,0.00102356898655725,0.00372468172327728,0.00393753402003875,0.00409272821575339,0.00921747457435688,0.0189134757128404,0.0303027443464541
"347.685",0,0,0,0,0,0,0,0,0,0,0,0,0,0,0,0,0,0,0,0,0,0,0,0,0,0,0,0,0,0,0,0,-0.0225409190439226,-0.000982985976734935,-0.000569681981289592,-0.000774205725719391,6.07325579764367e-05,-0.000874197138716594,-0.000400650326836338,-0.00106246048168135,-0.0011821242907412,-0.00189402114708045,-0.000313886554456572,-0.000240910205706245,-0.00133065228870201,-0.000509809135674806,-0.0025443695648761,0.00149636331580586,-0.00331170778612562,-0.00303376588343546,-0.00939229659718729,-0.0203458297816624,-0.00136361371882099
"352.24",0,0,0,0,0,0,0,0,0,0,0,0,0,0,0,0,0,0,0,0,0,0,0,0,0,0,0,0,0,0,0,-0.0319688234563764,-0.000517712259244813,-0.00085392372509656,-0.000417467287390214,-0.00113761292313374,0.000221165723070123,-0.000848490194405721,0.000304251836980324,0.000585990706903704,-0.000122029470547652,-0.00115140669248324,-0.000445881038898489,0.00181458475123974,-0.000630486829319064,-0.00148512824690367,-0.000331599598758006,-4.92965135521599e-05,-0.00109359648500362,-0.0003561344628648,-0.00287617362255987,-0.0120995894126675,-0.0041125369383278
"356.799",0,0,0,0,0,0,0,0,0,0,0,0,0,0,0,0,0,0,0,0,0,0,0,0,0,0,0,0,0,0,-0.0428485120765508,-0.000364496990204466,-0.000836571720046501,-0.000623744986810754,0.000586857501235648,0.000798459772324034,6.02950162370275e-05,-0.000433381013813239,0.00112134935354905,-0.000364999479665909,0.000180228633372176,0.000234109585137196,0.00159289136147447,0.000694563304058107,-0.00145112079935269,0.0016095376005973,-0.000588198175614282,-0.00163364082687157,0.00287643167117711,-0.00191782140418465,-0.00320593496249035,0.0194682035262763,0.0194121107616845
"361.361",0,0,0,0,0,0,0,0,0,0,0,0,0,0,0,0,0,0,0,0,0,0,0,0,0,0,0,0,0,-0.0487871264026456,-0.000738366523293357,-0.000609175434218078,-0.000842131909931595,0.000312979245041714,-0.000161958487968411,-0.000834752923325126,-0.000584544874783655,0.000684679286539647,-0.000816537682825203,-6.56705762787698e-05,-0.000161118959049508,-0.000605525191072447,0.0018422790525367,0.00102399450606794,0.00108303459529802,0.00218427641762783,-0.00266818873348823,1.62657905926258e-06,0.00375224200346013,0.00700868656854156,0.0025043939750792,-0.00476028254222887,-0.00418815653010395
"365.926",0,0,0,0,0,0,0,0,0,0,0,0,0,0,0,0,0,0,0,0,0,0,0,0,0,0,0,0,-0.0552928225216492,-0.00258839931814352,-0.000325387024854682,-0.000470270806380433,0.00049445400391604,-4.89052462655827e-05,-5.94810337333079e-05,-0.000157483004598627,-4.97973804638452e-05,-0.000569297125048423,-0.00152749667869339,0.000321300808523918,0.000199673298266948,0.000491268529790741,0.000153024786076979,-0.000600119546182232,-0.000586001594303101,0.00134309366623324,-0.00314484654781429,-0.000308030185938939,-0.00316195342331184,-0.000640804005876022,-0.0004364674255996,-0.0067402337501611,-0.0217045565173736
"370.495",0,0,0,0,0,0,0,0,0,0,0,0,0,0,0,0,0,0,0,0,0,0,0,0,0,0,0,-0.0641541610791001,-0.00265784936387685,-2.90110364036663e-05,8.31547056350116e-05,0.000114562338560468,-0.000108291996101157,-0.0007211919725129,-0.000699454041077449,0.0008527639712511,0.000126085359265702,0.000650222825785996,-0.000265586194020174,-0.000600859497509886,-0.00085911245885567,0.000448354069929896,0.000302416719691548,-0.000198059468949172,0.00250345177043212,0.000246636327212034,-0.00231778930920567,-0.00260943866469406,0.000854086472380726,0.000824890365754901,0.00278236083686956,-0.000554019775822843,0.019450207908709
"375.067",0,0,0,0,0,0,0,0,0,0,0,0,0,0,0,0,0,0,0,0,0,0,0,0,0,0,-0.0703305370883108,-0.00382300382769087,3.58344842864965e-05,-0.000391706151846128,-0.000484093993432186,-0.000695743613513452,-0.000471158248223053,0.000198970408786532,-0.000281700562093687,-0.00044258611454813,-0.000330048176575076,-0.000737756237042352,-0.000544825853125314,-0.000349082729506405,-0.000945762802005439,-0.000542361655412723,-0.000600910559795108,-0.000667536311249161,-0.00075317136856498,-0.00125575048212863,-0.00231018151074122,-0.00270260207559154,-0.00162698470633545,-0.00319593785067256,-0.00407712480443398,-0.00638690928268716,-0.030454893242217
"379.641",0,0,0,0,0,0,0,0,0,0,0,0,0,0,0,0,0,0,0,0,0,0,0,0,0,-0.0615464140900883,-0.00352738805012402,0.000311469017218269,0.000806667140715514,0.00103846875967528,0.000926206810208068,0.00081287401904622,0.00127439657603281,0.00161610208930274,0.00161462526837571,0.00147312932830325,0.000429610500849001,0.00109338229968924,0.000584707941337451,0.000594609002165242,0.00165274659216993,0.001943711720411,0.000993870344242958,0.00245542871783308,0.00176101539498407,0.00255688492812556,0.00400816844905474,0.00235954864324273,0.00483791965722197,0.00695494120702956,0.00744487870312277,0.0195268602165371,0.00732995351247805
"384.219",0,0,0,0,0,0,0,0,0,0,0,0,0,0,0,0,0,0,0,0,0,0,0,0,-0.0488483460238829,-0.00510830286879646,-0.000142176429782914,0.000702793963513521,0.000248342117468919,-0.000129641017019237,0.000299751723719978,-0.000457168214728057,-0.00042444910510113,0.00102243648206064,0.00133397722981203,0.000856119615846764,0.000174323317413133,0.00102858567413395,0.000208261338607089,0.000494839058827914,0.000786539424768697,0.00129868065129988,0.00152032356137406,0.00059199890974236,0.0011376434452136,0.00143634073257869,0.00120645833847407,0.00385339543081162,0.00305706794117366,0.00166496705862094,0.010725724208794,0.00212924089180398,-0.0119038089013345
"388.801",0,0,0,0,0,0,0,0,0,0,0,0,0,0,0,0,0,0,0,0,0,0,0,-0.0473836357488387,-0.00736428722887326,0.000124199410517602,9.09313686870772e-05,0.000101283622595975,-0.000239335784917988,-8.28278216053963e-05,1.27718466664825e-05,0.000458317010075891,0.000375081418059989,0.000572767966636072,-0.000792703213234863,0.000232547910494674,-0.000242460512499656,0.000231180356830447,0.000143771827240731,0.000308948923983836,-1.55544298387259e-05,-0.000787854863644831,-0.000178086360587612,-0.000410908316968627,-0.000722534039229625,-0.00151473019926046,0.00252507959478621,-0.000517231207216778,0.00126802339200519,0.00371710235558931,-0.00605241877891751,-0.0087217356867476,-0.0166306192186378
"393.385",0,0,0,0,0,0,0,0,0,0,0,0,0,0,0,0,0,0,0,0,0,0,-0.0292242341901306,-0.00774041847321416,5.75057395382703e-05,0.000107501673959579,-0.000634785192957166,-0.000164106794228277,-0.000990005335187781,-9.95072475755941e-05,-0.000267575457777773,-0.00203613776193375,0.000346719464313791,-0.000634980834197806,-0.000461660290623769,1.61089612548196e-06,0.000394051044233982,-0.000521921249248756,-0.000701997553777929,0.000236408639228601,-0.000125556522421846,-0.000788430303723575,0.000209325753345145,-0.000459016461676623,-0.00256350462889071,-0.00120239409864233,-0.00155958544399675,-0.00148795748065271,-0.00241825342705376,-0.0062966231380105,-0.00759616763867898,0.0039314044380862,-0.00979665059393708
"397.972",0,0,0,0,0,0,0,0,0,0,0,0,0,0,0,0,0,0,0,0,0,0.000650660655665103,-0.0100786182890755,0.000448152306636865,0.00109979023512494,1.15193720322086e-06,-0.000391756458211665,-0.000159075225962147,0.000343316881386463,0.00113174502868971,-2.0192453281484e-05,-0.000101701776967139,0.000598070411683759,0.000429803208219327,0.000841504234564174,0.00130517462145701,0.000583477257477453,0.000807419911796,0.000279730778472265,0.000542458115130975,0.00107063809396503,0.000647996541884756,0.00161851118453434,0.000466515705291217,-0.000222564236061957,0.00143517146516781,0.00266186299779501,0.0035816274933508,0.00284807521477852,0.00203533041779662,0.00561334326095002,0.0109345539452598,0.00948211676819394
"402.562",0,0,0,0,0,0,0,0,0,0,0,0,0,0,0,0,0,0,0,0,-0.0531253257928365,-0.0134742667474469,0.00031071475382302,-4.08825667778108e-05,-0.00027236149693332,-0.000403209425199269,-7.50558549910967e-05,0.000371148975803515,-0.000174023822625798,0.000349025559637894,-0.000181885419594796,0.000177659781094266,0.000422857546873812,-0.000443109964695148,-0.000204550940740386,0.000703784628250796,0.00033281011198968,0.000133085167730012,0.00080690829362995,0.000370988466306746,-0.000675480362694027,0.000319790964778442,-3.48144920679417e-05,0.000529934705966334,0.00119392675436759,0.000145015432783467,0.00214492429098761,0.000757004918642834,0.000539112744311661,0.00113188769533387,0.00528533316344988,-0.00273649100170354,0.00342698343803389
"407.156",0,0,0,0,0,0,0,0,0,0,0,0,0,0,0,0,0,0,0,-0.0712382477675296,-0.0159312324171348,-0.000808969550272785,-0.000305129791877508,-0.000157825129888616,-2.87660679524431e-05,-0.000282609219578006,-0.00038385607166156,-0.00079585209399919,-0.000344032410743551,-8.67487728890698e-05,0.000110915105341829,-0.000340948520219978,-3.90173794087478e-05,0.000204863567646153,-0.000355105176986043,4.42195931406623e-05,-0.000769375656952418,-0.000253097911403571,-0.000190585513468978,-0.000774257807990928,0.000715078142460723,9.56285661710622e-05,-0.000542998207666013,0.000404522723062285,-0.000591040587889454,8.67121681615585e-05,-0.000548148422017941,-0.000998470521438791,0.000163073858668547,-0.00513836805409215,-0.00118296171421849,-0.0043020181592734,-0.0287995078698601
"411.752",0,0,0,0,0,0,0,0,0,0,0,0,0,0,0,0,0,0,-0.0661659626417546,-0.0167729426529493,0.000230524483230188,0.000172901037254222,-0.000246559678097156,0.00031453851279537,0.000219190376124014,0.000549526285677429,-0.000453584826194871,-0.000384916309961646,-0.00109324260132745,-0.000483716675880923,-0.000211956730835352,7.38590965951838e-05,-0.000263842964684394,0.000383906555482947,-1.97837300875111e-05,0.00100274763076746,0.000145916884746483,0.000769057874680104,-0.000199931259401309,0.000695952895912148,0.00012948644436571,0.00070104981959452,0.000517954197435428,0.00119193295652336,0.000210127824195979,0.000757595164804268,0.00226051116481275,-8.07854212461984e-05,0.00261987899441436,-0.00146143357350704,-0.000112779992215306,-0.00422992194362583,0.00222603957298256
"416.352",0,0,0,0,0,0,0,0,0,0,0,0,0,0,0,0,0,0,-0.0180212563427611,0.000461334791757851,-0.000101256952630645,0.000625848687635378,0.000265253698807886,0.000473881623124972,-0.000125634898740059,0.000445940245676794,-0.000123094609909597,-0.000563058553463447,0.000422654381366391,0.000929312517751765,0.000640092972491857,-0.00016489191152843,0.000165989964336119,0.000453426752635342,0.000285175835835268,0.000499075537218668,0.00061519687392528,0.0010131557613178,8.60358445495101e-05,0.000619196212008999,0.000381540998325921,0.000613325612672903,0.00037369303981738,-3.86652498835943e-05,0.00181044670603583,0.00151737116839342,0.00102943369938406,0.00120971789109171,0.00288533454883519,0.00259789366827711,0.00310897051365095,0.0125048325996703,0.00711450260822103
"420.954",0,0,0,0,0,0,0,0,0,0,0,0,0,0,0,0,0,-0.0203158938123867,0.000299258620302646,-0.000391856133520589,7.76695443102441e-05,0.000291221804476923,-2.00724541037055e-05,0.000202244609698469,0.000230066184997455,0.000122466290461339,-0.000249365151669331,0.000804894205268331,2.86016191441141e-05,2.90099128273319e-05,0.000394247892052571,-0.00019738118354791,0.000316897072957699,0.000296180736639776,-0.000365747652949162,-4.97152579015346e-05,0.000398779386475403,-9.15561765308451e-05,-0.000120513978478475,-0.000476564338352788,6.97412524435536e-05,0.000255599448153831,0.000681885707317809,0.000134334735326721,0.00058417633462296,-0.000350760146004391,-0.000812500974808883,0.000790405762515747,-0.000907576428475854,0.00064148664160512,0.00654107463936973,0.0163330307989708,-0.0278646206641824
"425.56",0,0,0,0,0,0,0,0,0,0,0,0,0,0,0,0,-0.0243626764545388,-0.00142248521590435,-0.000186950219290837,-0.000263495778894927,-0.000368765344404684,-0.000121967042311648,0.000326054769126694,-7.82475100576119e-05,-7.35707592890112e-05,0.000244217011205,-0.00030169311190207,0.000350034598450285,-0.000134011650354786,0.000364221825182071,0.000237446294428797,0.000281061855396885,-9.82392814206407e-05,-0.000154473879820402,-0.000132107564150542,0.000240235176129253,0.00074968886664134,-0.000269012468980809,0.000709127828519462,-0.000176691420633937,-2.66958501123184e-05,0.000854682302331693,-0.000244333729383156,-5.59735132202159e-05,4.44169348109513e-05,-0.000556318771199398,0.00143628171231378,0.00282833319842078,0.000397896740482539,0.00305338178711882,0.00188235432502655,0.00105493655000991,-0.00420072188489405
"430.168",0,0,0,0,0,0,0,0,0,0,0,0,0,0,0,-0.0345183589461371,-0.00156477611838767,-0.000122323035737739,-0.000622525607805064,-0.000452909495559427,-0.000351085695364779,-0.000489442879604352,-0.000718005427239478,-0.000299202187154129,-0.000269917620043303,-0.000260724323899654,-0.000545309115352728,0.0001186702703279,1.484258226837e-07,-0.000650651582615912,-0.000585549018958925,6.01032625747659e-05,-0.000113929662364973,-0.000178300491766785,9.47883328893877e-06,-0.00031198029379861,-0.000505844362745109,-0.000373840398820011,-0.000463837175570324,-0.000284750685265662,-0.00117043766503305,0.000275104316884215,0.000224499001817413,-0.00151094713758099,-0.000236894487137939,-0.00161141762540192,-0.00040621303647165,-0.00174692923723278,-9.41185818031168e-05,0.000140025038794494,-0.00313865808407742,-0.00227029802472692,-0.0185517815586483
"434.779",0,0,0,0,0,0,0,0,0,0,0,0,0,0,-0.0346081224225397,-0.00141038042360466,0.000380741654611298,-0.000130883904425432,-6.08928690954596e-05,9.73125237440598e-05,1.60276092296295e-07,-9.65946448909039e-06,-9.54598577417335e-06,-0.000586403159260015,2.51645559340707e-05,-0.000599150058621635,0.000465521235591017,0.000150286955443462,-0.000315296610624988,0.000468765483182838,0.000111946340392951,0.000404110553172344,0.000286814124235467,0.000177682214028915,0.000656567701418318,0.000293604700191669,0.00120817631189613,0.000416115669024925,-0.000370161855562763,-0.000296524252712514,0.00110196636766569,0.00141291243613962,-0.000143323509856556,0.000147338271208161,0.000215845798204778,0.00109017765339395,0.000281590976028379,0.00094862820070209,0.0010190465752877,-0.000878548076362241,0.00455094013401288,-0.00804604193155103,0.0349762190350883
"439.393",0,0,0,0,0,0,0,0,0,0,0,0,0,-0.0400549758236511,-0.00164079159124583,0.000497378019262235,1.79119480670433e-05,-9.28723256805651e-05,-0.000343795765366562,-0.000416838411295935,-0.000347990425450338,-0.000485154063968764,3.05989209628335e-05,-0.000632363143684967,-0.00048900236834936,-6.40914060117785e-05,-0.000408404185764759,0.000105089664988871,-4.34629050602633e-05,9.21236652892481e-06,-0.000332818412428705,-2.57854312689675e-05,-0.000268261908939076,-0.000415030957084055,0.000496007120354621,-0.000532536463102419,-3.00450094619799e-05,6.51435655539118e-05,-5.74709246058424e-05,0.000344725090435313,-0.00079065686568502,0.000257949108452378,-0.000919427712194357,0.000182839316972317,-0.000277898546954157,-0.000643686699819414,0.000124528662547306,-0.00278626212225408,-0.000576346383340264,-0.000738838301317581,-0.00214785601423847,-0.00532623559331627,-0.00663993113869875
"444.01",0,0,0,0,0,0,0,0,0,0,0,0,-0.0429207780588717,-0.00167299645274657,0.000173520213658328,0.000344211327455764,0.000182658727761879,-0.000128293294453343,0.000270281610094243,0.000571545838050572,6.2715677292215e-05,0.000568311076619858,0.000160397750941017,9.48586084012354e-05,-9.55674416709303e-05,0.00059627114402705,2.67045345169227e-05,0.00034481805374298,0.000387216854459038,0.000451682342699838,0.000253431732437313,-1.70460329832537e-05,7.66487521498911e-05,0.000366552862284659,0.000345138684494139,-0.00030623961808381,0.000294410052809359,-0.000129446201226128,4.54097961465046e-05,0.000207131152374911,-0.00024720774185253,-0.000325312594972436,0.000266872362647069,-0.000703973855521628,-0.000211222180949276,-0.000101478890926315,0.00101210540339028,0.000261228601322912,-0.000854349341773712,-0.00146476701472134,-0.00138176519042646,-0.00182232278122094,-0.00049987853532904
"448.63",0,0,0,0,0,0,0,0,0,0,0,-0.0446470700754054,-0.00208042561055392,6.63874726020844e-05,-0.000162385944175818,-8.88182384928903e-05,-5.94687552582234e-05,-0.000152735145833519,-0.000490850578887513,-0.000529277178963352,0.000143444657025352,-0.000719800163072609,-0.000413083040266098,6.20754521200792e-05,0.000577698104687213,-0.000102600853356762,-0.000677473375672544,-0.000135010790637717,-0.000405354984990179,0.000117371505378503,0.00015752583935064,-0.00025724086210164,-0.000444869780186995,0.000188471379674051,-8.90643889238367e-05,-0.000319528750032448,0.000219223926046854,-4.23671777703637e-05,0.00020069804873711,-0.000751613568950503,-0.000793108771341807,-0.000750166981152833,0.000492459394340574,7.11484320692277e-05,0.000935058318914035,-0.00142534831052633,-6.01320210321769e-05,-0.000219141893520394,-0.00177477450607828,0.000393183067788417,-0.00260757927319367,0.00218749344309606,-0.00396852497640834
"453.253",0,0,0,0,0,0,0,0,0,0,-0.0426227206896486,-0.00486625369799096,-2.50196513170839e-05,-4.97115834933975e-05,1.60094333615503e-05,0.000254508855512143,5.07777170985167e-05,-0.00043453269995487,0.000601953540053116,0.000369831452753233,-0.000546088219821498,0.000802082265997827,0.000788081187334984,-0.000196763539247993,-0.000191264537121505,-0.000279862347492227,-1.6288915729579e-05,0.000167413473940008,0.000141956696099718,0.000256556306814784,-3.25818518762791e-05,0.000245834494810798,0.000281723836375353,0.000135477203351538,0.000123433160973109,-0.0002132211062591,0.000620052520807122,-0.000313434652310208,0.000529051584112863,-5.84452889435079e-05,-2.48022519204955e-05,-6.84500773911668e-05,0.00074562016130985,-0.000402799689704407,0.00160225043610838,0.0015083078764878,0.000684870745776749,3.64606892943994e-05,0.000601868937753787,3.8065442242545e-06,0.00485166519478015,0.00196807524589818,0.00245490717537284
"457.878",0,0,0,0,0,0,0,0,0,-0.0525513669155192,-0.00585610953756709,-0.000112919512556917,0.000117512782733675,-6.55156628725361e-05,-8.74341123765839e-05,-0.000126421878096022,-0.000325357092844385,-0.000175795345391827,0.00011548135666114,-0.000141860918604655,-0.000238859524215186,-0.000276525257812209,0.000183857901294597,-0.000390911740360431,-0.000362941713722438,-0.00052117395243701,0.000307206266798061,4.99190433013689e-05,0.000322493871385736,6.57981711382028e-05,0.000113678091649792,0.000178471082809259,-0.000279537608113184,-0.000234930930998088,-0.000270420519971666,-0.00022052558776214,-0.000126233982205134,-0.000382820787141743,0.00026197698538771,-4.6347026718715e-05,-0.000676070264686109,-5.41484478876049e-05,-0.000738051116534931,-0.000711245465237669,0.000488216689317161,-0.000562857755278576,-0.0014731057128506,-0.000357416618145585,-9.06724637645019e-05,-0.000640525001381926,0.00123016358410134,-0.00330942191388456,0.0155383846198465
"462.506",0,0,0,0,0,0,0,0,-0.0435098154422818,-0.00923818693189463,-0.000536868318139798,-6.3893240637849e-05,-0.000340543856300993,-0.000121618173388909,-6.30832375800787e-05,6.22801506293357e-05,-0.0003971523354724,-6.12483026362107e-05,-0.000142817572907147,-0.000663116644251119,-0.000324644228079221,-0.000116998432761636,-0.000520371392493736,-8.0801683116504e-05,-2.54189089739913e-05,-9.1518124590606e-05,-0.000378203224063339,-5.71543136324076e-05,-0.00050011523451984,-0.0004618927496638,9.67234675605125e-05,-0.00016124249201187,-0.000277205677126175,0.00014970922095762,-0.000752657134800553,-4.51408033448864e-05,-0.000482329607203366,-0.000431057664814882,0.0001082353457527,0.000197262751991182,-0.00074496871424584,-0.000863036850781861,0.000433582485222156,-0.000894557921747888,-0.000483539599146162,-0.000436507665842188,-0.000642841159386973,-0.00298029318501094,-0.000994804289109228,-0.000250060215137981,-0.00394713563440143,-0.00501773682177622,-0.0144411574372883
"467.137",0,0,0,0,0,0,0,-0.00158174284016355,-0.00819643953034542,0.000131598605971957,-9.32673297679009e-05,-0.000188143614026167,0.000279004706248634,-5.60880565417885e-05,-0.000342330642256167,0.000308710381293287,-0.000204193959992278,0.000214522055558232,-0.000206534472422302,0.000105240374374423,0.000601946597987884,-0.000275004137695274,-0.000110098426906756,9.30072682844027e-06,0.000177863686169264,0.000238765685382197,0.000633515630918769,-0.000145615074604122,0.000113334009323946,0.000192170591639258,6.3684902681845e-05,-0.000310047513973869,4.80536714445596e-05,-3.28760627179239e-05,0.000136763182072306,0.000766763468995862,5.75541442704999e-05,-6.35925929967705e-08,6.41173261220244e-05,-0.000228600702709994,-0.000208268909458315,9.34460704803454e-05,1.9039916418159e-07,0.000526843112019601,-0.000716656569610974,0.000431589882225815,-0.000259499615272189,-2.79894010490694e-07,0.00143366863150599,0.00213654678477014,0.00030130176449947,-0.0022861186342082,0.0109274975811462
"471.771",0,0,0,0,0,0,-0.0477548506175529,-0.00782551117360442,-0.00080615235048445,-0.000423114773009278,-0.000321358338654019,-0.000171145922879638,0.000651364936969466,-0.000135024361809815,-4.63456721891018e-05,-0.000360280496388026,-0.000437787247370109,-0.000196718143221657,0.000338038556645295,-0.00125633437897245,0.000274314258052003,-0.000100236634088466,7.32826781378945e-05,9.07299527757785e-06,-0.00033604925228584,0.00024524264138542,5.68150847122927e-05,-0.000337308517588725,-0.000136544870998712,-0.000190191416203354,-0.000433301943039696,0.000481068358484987,-0.000343364457158305,-0.000277170671020367,-6.77294071665122e-05,-0.000124731868852077,-8.81916174061696e-06,-0.000321731087302544,-0.000487927681622145,-0.000953238585653741,0.000195142788952647,0.000238119085812277,0.000219727463707614,-0.00129806165059848,0.000593198359578654,-0.000451502495037561,-0.00108772077279286,-0.00159888694675781,-0.00355192011167001,-0.00354404280400392,0.000997799876217904,0.000191186359194295,0.00943922137021467
"476.407",0,0,0,0,0,-0.041783288882321,-0.00720284975050361,-0.000153467561004702,0.000200572939579469,-0.000146107142988417,0.000129805317435128,-0.000440943614386434,-0.000218699333589496,-8.69635886324789e-05,7.66168488065214e-06,-0.000129802866202622,-0.000161305136765206,0.000107830194143243,-0.000805495623923829,0.000241420058991127,0.000204022052027458,-0.000172789015172547,-3.62321429960098e-05,-0.000211426008929488,-0.000367968989797763,0.000203411709362676,6.41879152555232e-05,-3.17118573506428e-05,0.00024793523733721,0.000166632420482306,0.000282616094042312,9.40804628355887e-05,-0.000135340117816506,-0.000129885895300908,-3.36668322946278e-05,-0.000311299807493163,0.000575012318174663,0.000289932553691756,0.000211155504152836,-3.35582491683568e-05,0.000182155048690486,1.34421416969018e-05,-0.000145511942781608,0.000117677598423247,9.86114129975186e-05,-0.00146793726331384,-0.000769040655518419,-0.00131466915401203,0.00216915867556333,0.000252170146448679,-0.000587099677424971,0.00320470722000284,-0.0027561609148003
"481.047",0,0,0,0,0,-0.00898133063230939,0.0001024540839436,0.00017299422291601,0.000224272253664949,0.0006122200644122,0.000440673196412964,0.000638572678716713,0.000532492018377037,0.00014933012543998,0.000405458394053119,0.000265600427275743,0.000707717506590495,0.000762862181670494,0.000549382882508581,0.000383492020258617,0.000144859529261465,0.000362498537849351,0.000470410389985055,0.000632401255262497,2.50726458319089e-05,0.000631494751741778,0.00016778545739389,0.00044622626330896,0.000493575672643959,0.000268143650304578,-1.55929313721651e-05,0.000211019322531576,0.000853893398334405,0.000839981608589177,0.000714095042908353,0.000745184129429509,0.000281508085587338,0.000537591699143232,0.000662158633178032,0.00052908075383452,0.000989256426780562,0.000471663697370607,0.00111706674517376,0.00135339977441228,0.000626656937481746,0.000377565734922776,0.00235521048084409,0.00158507345200062,0.00325886738689029,0.00438308401523191,0.00413706649007177,0.00975232445136624,0.0179450995866102
"485.688",0,0,0,0,-0.0084287384257995,-0.000199657263571457,-0.000200176065917738,-8.26732577793872e-05,3.02524981947648e-05,3.52188385227304e-05,0.000181429553386085,9.23561099626955e-05,3.24130919742114e-05,-0.000252160552096919,-0.000222274034240081,5.28311502169022e-05,-0.000110776200081325,0.000279686931056001,-0.000239401336433371,2.00674788366599e-05,-0.00032859139774492,-0.000290402423846287,-0.000579813974268196,-0.000158086144117236,0.000375660225803058,-0.000867550980813059,-3.98181333313233e-05,-0.000318830676272097,-0.000781436370398287,-0.000117889145420033,-0.000172006064924925,-0.000477731466819615,-0.000253765427557991,-8.09839019489184e-05,-0.000126182064633351,-0.000283837019231934,6.62676382697118e-05,7.96903908416729e-05,-9.47844289111825e-05,-0.000292634521067282,-0.000821122901238976,-0.000117735827147497,-0.000333911174934503,0.000318218477527147,-0.000470377932582257,-0.000896602490713505,-0.00161941799799355,-0.00334668386967809,-0.00145265633125329,0.000128772975450165,-0.00501905795086582,-0.0234356197797627,-0.0792953174751967
"490.333",0,0,0,-0.0124984341630507,-0.000266738752853509,-6.02186180908156e-05,-2.41234291027612e-05,-0.000365608505578651,0.000160011587398642,-0.000239565456793376,-0.0001370921666853,0.000185189577675922,-0.000623060117268474,-4.73680086791211e-05,0.000176486981445025,-0.000168916521204826,0.000462909163705651,-0.000437781429214639,-5.5319935282838e-05,-3.90462671995533e-05,0.000164604108347621,-0.000372691852555824,-0.000217707374889259,-0.000140847079133598,-0.000183799036199682,-2.43057652035972e-05,-7.98977139189141e-06,-0.000175647044910465,-4.79020226154005e-05,-0.000418665152472509,-0.000391701309100464,-0.000345162837040404,5.53868095760334e-05,-0.000202595589315581,-0.000117893583874117,-0.000239833798156623,-0.000535876629508434,-0.000569521537084598,0.000242492056271934,-6.73057302133898e-05,9.71260728234525e-05,0.000328702165490347,0.0003201841200435,0.000972269336492478,0.00029496263231511,-0.000945476842001912,0.000797238010447547,-0.00183115507142082,-0.0011449070120152,-0.00327212379590785,0.00158927377426054,-0.015293702379265,-0.00164212599716029
"494.979",0,0,-0.0117618033174648,-0.000196599819871751,-6.94315291090066e-06,-0.000248228986340448,0.000323943264376437,-0.000233200024702208,-4.46104911362592e-05,5.28035506152431e-05,-0.000215131595018728,-0.000455568547067132,-0.000469176587291742,-0.000134136144595238,0.000429499073070616,-0.000772254031174445,-4.50680734179164e-05,-0.000493337030061127,0.000241437486181145,4.91910898579867e-05,-2.89916733342599e-05,-3.63122224920305e-05,0.000417413224120473,-0.000325658088417178,0.00020890409309922,-0.000154235408039885,0.000144393417082965,-8.75836588786081e-05,0.000183632314471508,0.000284731819634398,-0.000352280615479652,-0.000674296672845283,4.73965542236688e-05,0.000623614091726975,8.51061986456439e-06,-0.000391032194008205,-0.000131136305487211,0.000569069533036952,0.00090642406378758,0.000835242078128033,0.000822829098595769,-0.0005514311773257,-0.00100355514015358,-0.000636420918959894,-5.85658481603388e-05,0.000236754675103995,-0.000966957468724829,-0.000966624165514478,-0.00118758595232819,0.0017380299662338,-0.00336337002304467,-0.0323191652412271,-0.01633227300072
"499.629",0,-0.0110208615353078,-0.000505991798272737,-4.23240803634605e-05,0.000152495018270727,0.000354120933829468,0.000116185832695151,7.9722123300899e-07,0.000238679785020516,5.82915390618535e-05,2.54948483477516e-05,-0.000138418610503123,0.000273758906965825,0.000227315077012957,-0.00010728443024445,0.000579174045159031,0.000314327506410732,7.54597458930109e-05,-0.000156901495559724,0.000625146404555699,0.000134884650369329,-1.806420979035e-05,0.000252815289954898,0.000350749768808755,0.000257827386554067,0.000242535621560231,0.000255362687189501,0.000159217066884062,4.76985770689618e-05,-2.32569604061518e-05,0.000428763849490472,-0.00018733381111117,0.000781067427713354,0.0004190917683748,0.000226460996930915,0.00051382513358939,0.000131365932671233,0.00018871603089272,0.000409050681301797,0.000303511303219509,0.000361351224870573,0.000405519513113121,0.000159404318523601,0.000500413902176363,0.000840456115344144,0.00129432474184994,0.000368555649954772,-0.00027371612075844,0.000444937454480024,-0.00066667617636317,-0.0126548989664417,-0.0187286056569443,0.0485179602920406
"504.281",-0.0169054946999879,-0.000896925589788282,-0.000500451917464831,-0.000235500968206482,-0.000348216286581417,-0.000421173185701544,-0.000311345477787893,-0.000412679819813603,-0.000292994208894777,-0.000291026847001004,-0.000693720264036609,-0.000207628737890884,-0.000709115936651504,-0.000613442392968913,-0.0003522452847019,-0.00081441430710795,-0.000457162724316569,-0.000557302399704958,-0.000360566642516742,-0.000684304467922614,-0.00162933797414282,-0.000389184891083343,-0.000903653172513911,-0.000921103152605689,-0.000224520938076609,-0.000161694910339162,-0.000406878361868744,-0.00045342798144521,-0.000349889308637017,-0.000511258026054448,-0.000803497920491306,-0.000203159756574884,-0.000403045487572588,-0.000363114191307446,-0.000176178331761677,-0.000283382972594903,-0.00033726206678829,0.00015905876329048,-0.00101850054647987,-0.000516768442631444,-0.00155406510151291,-0.000824062768044376,-0.000535958677900945,-0.00136861095493057,-0.00148638485980998,-0.00167173895962697,-0.00144527358108579,-0.00110003601826713,-0.00417478682388318,-0.00591463920593021,-0.0275085088040617,-0.0156714833112394,-0.0242781251121399
"508.936",-0.00124646773057378,1.00366966327946e-05,-0.000462380417278551,-8.50375369731776e-06,-0.000187545686868341,-0.000445600491050089,-0.00047467858332662,-0.000423641869091571,0.000128744783309167,-0.000185280040205026,-0.000193671332795078,-0.000543218023136964,-0.000600956875556866,-0.0010176553013114,-0.000563309285927136,-0.000189644072401962,-0.000215487298926163,-0.000327693855238669,-0.000459873975284243,-0.0004181469922041,-0.000230147756056341,-0.000459241506947985,-0.000566278892790187,-0.000401297979388513,-0.00034758335063581,-0.000426213585124479,-0.000229932630772955,-0.0003085816511795,-0.000712012407702429,-0.000171862059815353,-0.000667427724787209,2.3207801577941e-05,-0.000526761278829105,-0.000152553045307317,0.000125346488424986,-0.000175789479273124,-0.000446711146966719,-0.000148596879007541,-0.000344749632974698,-0.00033521411431195,-0.000143433538931139,-0.000858887899870379,0.000288556079812671,0.000182959727853046,-0.000602850886162666,-0.000350858726017722,-0.000563225381369203,-0.000854156911888788,-0.00143790768812698,-0.0168051748373171,-0.0238056031991734,-0.0046493109327593,-0.00510489396983245
"513.593",-0.000547954055861023,0.000185758444905388,0.000141535359312977,0.000340813252501321,1.44298653814651e-05,0.00013891716319555,-0.000114241417594171,-6.4998920760593e-05,-9.8303284710018e-05,-0.000155481944638267,-1.27539512002947e-05,-0.000220885348859784,0.000104575321521149,-9.53816357761386e-05,0.000400365101727758,5.98031009086945e-05,4.76828414758134e-05,0.000158557387337918,-6.40321708776442e-05,-0.000125791194496129,-0.000400533728731957,0.000304386266938924,0.000241278885114587,-0.000347014891133578,-0.000156339474957825,-4.80537532099368e-05,-0.000165887212517466,-1.05869246665668e-07,0.000157306925902771,0.000178944561371655,-8.48592772895204e-05,-5.4103401434598e-05,-0.000289017251973583,0.000239410963346913,-9.96169943360501e-05,-0.000367913078358256,9.23881028736344e-06,-0.00054113666676071,-0.000145395181639622,0.000878122070449414,0.000238322859633367,-0.000129409870028198,4.30252765430103e-05,-0.000528256412975501,-0.0004257051783271,-0.00142051625919158,8.46978584694326e-05,0.00115822348945858,-0.00244553851600657,-0.0307300893401197,-0.0111893392409444,0.00537283237474117,0.0240124099417384
"518.252",-0.000294249506999224,-1.93859709934574e-05,8.81165806613271e-05,-0.000132436317201208,-0.000135593519898968,0.00057916979057272,-4.91778173542481e-05,-0.000172638019909707,-3.90025579692132e-05,9.74918636169497e-05,3.14742175353941e-05,0.00049813389916154,3.33492125312255e-05,6.81205663586124e-05,0.000624236427271759,4.4611044071339e-05,4.49561799874981e-08,0.000157854636254727,0.000136520736512526,0.000279104068510764,0.000265674433024955,5.34872564077385e-05,-8.89217163162101e-05,0.000595827485694038,-0.00019654627735482,3.98967361698282e-05,8.64081174006733e-05,-0.0002113060254194,-0.000172164813181943,0.000116448842340493,-0.000245653829293018,0.000207439015286271,-3.89180207864101e-05,-4.76639844655035e-05,-0.000255978579368153,0.000479860092308221,-8.2648068495724e-05,9.71218837022609e-06,8.26536736238085e-05,7.7596985240761e-05,0.000178161808878297,-0.000373342569007643,0.00052774755965515,-3.26721142698922e-05,0.00038538699415342,0.00102072028084699,-0.00192382827259573,-0.000336957249829998,-0.0141820544513396,-0.0128395010485411,-0.00336020172828427,-0.0140063362104591,0.0165522363827347
"522.914",0.000184777541370232,-1.92351142890774e-05,0.000122615675956236,-0.000181004753665605,-0.000298080343814751,-0.000202759958451977,-4.56171513893509e-06,-0.000154576612385059,-4.3642078846003e-05,-4.54829000430443e-05,-3.33177229735913e-05,-0.00017574998533715,0.000230176783970137,-0.000323320789660091,-0.000456184172808934,-0.000289503287393799,0.000369209744245603,-0.000256024294981073,-0.000235199787565233,-0.000277349617101684,0.000150935563561434,-0.000363095078539856,-6.18789789670961e-05,7.73471442320317e-05,-8.93600379608891e-05,-0.000284779365594829,-0.000522768039126024,-0.00012446345902911,-0.000186724134069839,0.00011570464312708,-0.000206018457927486,-0.000298108532290374,-0.00011603989881389,-0.000284236242539192,-0.000279156318767651,-3.44822971500425e-05,7.34544592680034e-05,-0.000175279992487906,2.05325135844199e-05,-0.000626495232053395,-5.88282690008557e-05,0.000384227084194109,-0.000609440729982467,0.000147141116168635,-0.00049703832923507,-0.000229079627038049,-0.000720019769131148,-0.00271797213403419,-0.0241752827321455,-0.0084439360741074,-0.00191776762263171,-0.00183031994209999,-0.0091160478876113
"527.579",0.000651076295239544,-0.00021260271614764,0.00045499711121682,-7.41100941256503e-05,0.000277062083798821,0.000150486584782305,-1.94051433139172e-05,0.000120665444237523,4.86915187094258e-05,6.8669629468257e-05,0.00047111277280108,-0.000101219519871902,0.000473817639136523,9.97607899381873e-05,0.000628074430608111,4.4445864115818e-05,0.000487011776941005,0.000429348347614778,0.000814174314548508,0.000353937398903622,9.4346703100018e-05,0.000194889577992866,3.54334014617578e-05,0.00032616486038118,0.000105931251396428,-5.52908959187222e-05,-0.000319861311650291,-4.66983416265844e-05,9.33796394082792e-05,0.000354266567873837,1.53987386946474e-05,-5.35459711263139e-05,0.000610432516213806,0.000299945528312604,0.000213492830086074,9.05876885721774e-06,2.94895661983132e-07,0.000350216299744692,6.16204018365983e-05,-0.000340667090211497,3.55764570767422e-05,-8.94273700813149e-05,0.000411255690757612,-0.000326395439505985,0.000402585593690767,-0.000228742584482299,0.000833219568981798,-0.0101906852689168,-0.0147556869749128,-0.00111436579382337,-0.00172320305215073,0.00806565952226606,0.0183029800926745
"532.245",-0.000716253543829512,-0.000299790056091573,-0.000297592270470824,-2.47188141145619e-05,-0.00031964558478156,-0.00028143800459272,-0.00019202030457023,-0.000111769879575251,-0.000354985973600209,9.48816331229358e-07,-0.000121412455807551,0.000117985396373628,-0.00052050081128331,-0.000315333176165299,5.98477543614609e-05,-0.000475164193082304,-0.000251472914562267,-0.000247813611760861,-0.000334931733342344,-0.000220112456344671,-9.43867219345779e-06,-0.000806412251936049,-0.000274258721529466,6.00846225827412e-05,-0.000138499462944396,-0.000158340335941278,-0.000210938744672447,3.90103698139939e-05,-7.00632146197084e-05,-0.000716220511226478,-0.000198601321592527,-0.000298192810641394,-0.000920207274347729,-0.000473935430290202,-0.000230005537165779,-0.000355502476886773,-0.000412677083225853,-0.00037009429574719,0.000627005521771401,-0.00046199254771661,-0.000849150929929861,-0.000627549630864978,-7.08686225508486e-05,0.000588280911878122,-0.0015122391482189,-0.000897780825591077,-0.00404533133506312,-0.0180371020761358,-0.00706079858625219,-0.000959707857022988,-0.00288351240232282,-0.00567534214301243,0.00413675571876743
"536.915",0.000788281963220203,9.80623029724282e-06,0.000565058367554561,0.000373318464885877,0.000437071915376637,0.000679955687221725,0.00045216335865762,0.000239029561805879,0.000211913631111159,0.000105574547345061,0.000600435518244543,0.000469656689863523,0.000628567659343203,0.000503936370456232,0.000135793107423535,0.000261995322827974,0.000538916327171754,0.000749728673780657,0.0004199015556326,0.000714247112592967,-4.7533851055256e-05,0.00106344001474481,0.000918920689331515,0.00094398908202272,0.000632609344786939,0.000550961228059229,0.000606752547143054,0.00066009536894501,0.0006673075832726,0.000450566644734617,0.000593105686047175,0.000547275394403174,0.000639230328889291,0.0010513659347247,0.000298273930242838,0.000831311531215115,0.000786126179149847,0.00123725565527769,0.0013267195115371,0.00108749807999398,0.000666314889731282,0.000891475193764768,0.000600955525903832,0.00105483815170499,0.000773492566534604,0.000815109005078599,-0.00771826709943398,-0.0137341335929543,0.00323987984826159,0.00596639142346774,0.00757690942405648,0.0122196686847456,0.0387327031728895
"541.586",-0.000896185393390204,-2.95116679509542e-05,-0.00051769456605168,-0.000369328048053532,-0.000333197719163198,-0.00028703234068611,-0.000320993894388568,-0.000446650059903593,6.68709922560812e-05,-0.000264613675494662,-0.000139512863030708,-0.000115453960853183,-0.000563140030370416,-0.000290225714384201,-0.00025944037895904,-0.000272607143555315,-0.00032055376452425,-0.000210693400758338,-1.84285308527831e-05,-0.000478183086843857,-0.000327246835897151,-0.000777177673427693,-0.000234500195510718,-0.000612883649878404,-0.000922010823857549,-0.000621589486701251,-0.000135293305421448,-0.00057970062240533,-0.000627203185737127,2.39097135324168e-05,-0.000646443606331137,-0.000818765597407739,-0.000599446962650725,-0.000346447296816846,-0.000720505779113755,-0.000220717531787731,-0.000532796628831928,-0.000516601843419433,-0.000503193776325592,-0.000235328107835922,-0.000637176912492996,-0.000378618755559337,-0.000549492776229948,-0.000515909808012151,-0.000369892845477692,-0.00345045572297213,-0.0143347884504531,-0.00871047301417324,-0.000915932065401292,-0.00263946893527467,-0.00557441796936187,-0.0110112626691203,-0.0186349754958971
"546.26",-0.000411909478264006,0.000427007982678299,0.00027859532317064,0.000134998204117243,0.000145904899437956,0.000181431658360822,1.0738255971434e-05,0.000104860167018168,-0.000106007951175848,0.000312148222603825,-0.000248567000219406,-0.000131494881519329,0.000340164364667379,-9.47287005083031e-05,-0.000168957498003725,0.000403834242255943,0.000104918804653924,0.000144067323333527,3.71992684321414e-05,-0.000206227451289698,0.00058128309511346,-0.000236474574430769,0.000354170123282573,-5.28778360529836e-05,0.000108837221492758,0.000138215964858654,-0.000112017565409418,1.30195562694145e-07,0.000183802343568339,4.7738465191772e-05,1.57902791238777e-05,0.00054918814561495,7.92477072808417e-05,3.23832213584455e-05,-4.21116102791624e-05,-0.000311123293202453,7.54190195687396e-05,-0.00015998673644353,0.000284841253295746,3.4029133862132e-05,-0.000459751624682689,0.00042091641191308,1.5053134669159e-05,0.000101416078585179,0.000236992278438405,-0.00713825776102418,-0.0124825400144107,0.00104948262825549,0.000932270606223047,0.000378462516456451,0.00171394830849712,0.00528672243213695,-0.0126624225052884
"550.936",5.63934817782493e-05,-0.000590116803796886,-8.96670787857732e-06,-0.000553101913757398,7.34955867155255e-05,-0.00014885483631447,-0.000287775390699989,-6.00654042593064e-05,-5.15128202046248e-05,-2.27458560263225e-05,-0.000197188141229241,-0.000132439352718691,-0.000228395948012112,8.74405485485031e-05,3.86791871659343e-05,8.4363666243773e-05,-0.000365698181838152,-0.000239294041748234,-0.000524125993392924,-0.000564136735553828,-0.000458697234762401,-0.000513132498229791,-0.000146313226977616,0.000284338010861174,-5.04912723088983e-05,-0.000540186833156612,-5.65426887060543e-05,-0.000297915906537517,-7.24325009848684e-05,-0.000541425062708112,-0.000347428183885529,-7.90789151080198e-05,8.79147437023693e-05,6.53163450895804e-05,-0.000620124520050226,0.000296350438318794,-0.000454990872795306,-0.000201568946106037,-0.000425206296958988,0.00011402955951736,1.24456871286961e-05,-0.000860747081127276,-7.27549732481318e-05,-0.000337163918548097,-0.00114566892537434,-0.0120147417242235,-0.00798858774473984,-0.00167081833757354,-0.000574579573752819,-0.00254746987748956,-0.00433141953346871,-0.00132010730569479,-0.0207942192015171
"555.615",-4.46689067185505e-05,-6.0059910714323e-05,-6.33829262471345e-05,-2.56092161670136e-05,0.000191396108297117,-4.72195857264619e-05,-0.000330976125781777,0.00020516326199348,-2.29581367347537e-05,-4.70217287733866e-05,-7.91650671554869e-05,-0.000311876117133042,-0.00033496117541986,8.75686609267696e-05,-0.000123983739788173,6.15104639707488e-05,-0.000423187264542732,2.55635642482093e-05,-0.000131189316831536,-0.000654157192644273,8.79943547259924e-05,-0.000578157227589245,0.000174099617203484,-2.65470416150712e-05,4.22576823053845e-05,-0.000106515125190073,-0.000145409632569947,4.04922291040038e-05,8.06267265995366e-05,0.000239521933744206,-0.000126482778440299,-0.000110935382921402,-0.000376592890227018,0.000261743328503113,-0.000102060086290055,-0.00030511043214819,0.00032319381334882,-8.07852357262036e-05,5.32135354199114e-05,-5.66544136357399e-05,-8.52164006215594e-05,0.000225873874559524,0.000617777469104155,-0.00103148513616465,-0.00414697788925497,-0.0156226849420678,-0.00151080569517977,0.000454610119797707,-4.15376617115774e-05,-0.00347673467341043,-0.00483944205918301,0.00436944193232374,-0.0127758857073199
"560.296",-0.000451380787005527,0.000402441546458616,0.000136545709042112,-0.000231068827867162,-5.15667602202646e-05,-0.000326274196953142,0.000115940632518276,-0.000167941007476866,8.66065330547298e-05,-4.73413059087686e-05,0.000138497455431561,-0.000101782693658104,-3.28303795819185e-05,0.00012797507180704,0.000147859750483886,-0.000115824495219433,-0.000523160431380867,-0.000317949145830182,-0.000348369396319123,-0.000248884555982227,0.000196314323657578,-0.000313348477132763,-0.000211692975611685,3.57496104262095e-05,-0.000499913788998773,-0.000123521119816031,-2.43995426398062e-05,-0.000275604805069748,-0.000226705898249025,0.000280351215286732,2.98983734282703e-08,-9.54158064031779e-05,0.000281523999825067,-4.9306671797995e-05,5.98206453641426e-05,0.000153283423794374,-0.000295626132077784,-0.000364552131886638,-0.000395568318618889,-0.000228847256116388,0.000233372137939492,-0.00083898535404007,0.000148196131747422,-0.00144299281864123,-0.0100751299275572,-0.00519616300431763,-0.000922281431503524,-0.00192653378351226,-0.00129582061485151,-0.00398187152127748,0.000425227336384289,0.00285957286448799,-0.00951320917973273
"564.979",1.15000145686735e-05,-0.000436475725736554,-0.00102890931643748,-7.77720857469083e-05,-0.000387229336799643,-0.000287521804409715,-0.000291868181445715,-0.000146420142670182,2.57402060799477e-05,-0.000107601119000208,-0.000625918599769401,-0.000316023672731163,-0.000331188088063501,0.000137190059516576,-0.000164911695010809,-0.000296119398221509,-0.000148446061078189,-0.000407632822138467,-0.00011400396355931,2.02062716296493e-05,-0.00111932365755586,-0.000790546960198385,-0.000575552398236464,-0.000441493819570042,-2.56300278290608e-05,-0.000365560999327127,-0.000254007651108467,-0.000155130517513995,-0.000220579032064457,-0.00024240842516916,-0.000280566616993703,-0.000152531729689513,-0.000422101696236745,-0.000248719724051227,-0.000146509762969259,-0.000318387681714411,-3.83497308551531e-05,0.000142955891622684,6.47116747877994e-05,-0.000265429026479651,-0.000977740778656027,-9.33883607642612e-05,-0.000967037941909358,-0.00520312776129606,-0.012303583101341,-0.00279014677940324,-0.000639656264946244,-0.00282765236479469,-0.00193403811368011,-0.00014938596175753,-0.00352164222349021,-0.0123117079302681,-0.028776902210858
"569.664",-0.000837683340195418,-0.000593133319346064,-0.000453469051769419,-0.000609095371767662,-0.000171724175383311,-0.00058703893006483,-0.000131761414099705,-1.76728788466345e-05,-0.000138771831299044,-0.000409846834505084,-0.000804525863266589,-0.000891186895959274,-0.00101760170053911,8.14999051233347e-06,-0.000506233341038293,-0.000470955360347262,9.96575880131685e-05,-0.000226975884555157,-0.000555047921865906,-0.000222685074034835,-0.000828220363292399,-0.00047781266391965,2.80454220066512e-05,-0.00031786377607765,-0.000697720083964283,-0.000184216057261564,-0.00031385536290833,0.000172772136411751,-8.22165700846355e-06,-0.000545643794866014,-0.000371435840061244,-0.000177746404993598,-0.00035151684981778,-0.000434213327759782,-0.000712193165960529,-0.000559435504344413,-0.000882100374352409,-0.000329463786183717,3.26045418535042e-05,-0.00083731590973175,-0.000286544490862858,-0.000784740745368599,-0.000853523177527257,-0.0102004133019043,-0.00789774009126588,-0.00226520660400026,-0.00023398948458806,-0.000212886568281251,0.000747175889014177,-0.00316230273978833,-0.00630767741697917,-0.010661559075445,-0.0318976990500979
"574.351",0.000636612188277888,-0.000433174755143644,-0.000391848418233441,-7.08370145036906e-05,-0.000293639072659324,0.000154397758845098,-2.49275873742912e-05,-0.000132722376959823,9.34914103355384e-05,-6.68099377527868e-05,-0.000121707290975276,-0.000489650002940119,-0.000319649117550199,-0.000295204309957632,-1.59592722539552e-05,-3.96061119011349e-05,-8.38507567475347e-06,0.000220200364033265,0.000241307300481015,-1.01486076621655e-05,-2.01379597678663e-05,-0.00026455528264581,0.000358451898414998,8.24656551666047e-05,0.000217178315573752,0.000278678325439775,-0.00016651573758544,-9.96171415494725e-05,-0.000141106310396199,4.14169358711624e-05,8.14527367272888e-05,-8.1538086756009e-05,0.000123800480842657,-6.7392949792682e-05,-0.000122622624169267,2.76614595518623e-05,0.000489116482668928,0.000134901154826795,0.000405510221883171,7.06472621124713e-05,-0.000665975650809446,-0.000231304075651351,-0.00315268427113185,-0.0095475598159673,-0.00219246896126669,5.00111315134646e-05,0.00106576749991796,-0.000967699322301974,0.0027340829439189,0.000274381045318517,-0.00123039819742131,0.00664695980561902,-0.0077952300088126
"579.04",9.37042158186534e-05,-0.000124768583269801,8.52739141900469e-05,-0.000594312653511352,-0.00079301693410373,-0.000154553107008804,-5.77778459218491e-05,-0.000166281240266947,5.37958294206053e-06,-0.000190018480659134,-0.000491635159285831,-0.000453564108196513,-5.93829263606655e-05,-0.000744613271089622,-0.000474931370561212,-0.000255720165605959,-0.000169020273121995,-0.00112018652506789,-0.000944551645488628,-0.000164632298071921,-0.000304600569472498,-0.000819844021557411,-0.000171147766503822,-0.000240014198437046,-1.73274322474377e-05,-0.000468281185142196,-0.000109183706759103,-0.000955317796472047,-6.69752953046438e-05,-0.000223420834210415,-0.000139533645543376,-0.000419526608042126,-0.000249714425359573,6.79383397868286e-05,-0.000318179757769431,-0.00029821680368792,-3.92323407281779e-05,-0.0002096071097322,-0.000464481550963993,-0.000354455934407662,-0.000975968071744582,-0.0016384325702635,-0.00693505302468848,-0.00781564827682034,-0.000595574721233042,-0.000494859382487102,-0.000655830720060923,-0.000357545847080937,-0.00353970678655611,-0.00382030082325863,-0.00517419416696399,-0.00591565681135374,-0.0147501526524316
"583.732",-0.000281956150236776,-0.000345492568316207,-0.000292916090277106,-5.48663160248146e-05,0.000100977110161693,7.15538571914175e-06,-9.58225624423984e-05,2.33015330993818e-05,-0.00011590799233284,-2.95017162498808e-08,-0.000288552392892851,-0.000179250560597118,-0.000341686076152671,-0.000199819210684534,-0.000372638590842636,0.000241136555564198,4.25482390606938e-05,-0.000474038070512351,0.000176362934248032,-0.000393805489698639,-0.000735771418774626,-4.79988995842557e-05,-0.000143683196909637,0.000260314733040585,-0.000652617140377792,8.50921113354803e-06,-0.000388925704597873,-4.23230232496857e-05,-0.000497328123488261,-0.000125112052112723,-0.000132334576875016,8.25885713181847e-06,-9.20852824579444e-05,-0.00061578699396444,0.000124542842904029,0.000131275480777737,-4.98161934285428e-05,-0.000506091096794478,-0.000634393436335635,-0.00166712263543706,-0.000126655275266578,-0.00225332924102529,-0.0100561847847006,-0.0036537559385946,-0.000165199657544479,0.00032514575673842,-0.00141111095746488,-0.00152459066285733,0.000668080980296564,1.3726502923121e-06,-0.00218962462202915,-0.000596195488394735,-0.00841635252987917
"588.426",0.000602800881823643,0.000484631889461437,-0.000341494206902931,0.000518339917424891,0.000278669532901722,0.000491573871513451,-2.1284010572473e-05,2.82369597752256e-05,2.64683173996136e-05,0.00022953646385157,-0.000144910050770271,-0.000483311244960775,0.000549495435901418,-4.180598788617e-05,0.000114006256563367,0.000420173597773003,9.41026165662593e-05,0.000305735219576988,0.000108361793377454,-0.000218790792859739,0.000431409872885955,-0.00029901384675372,0.000154020941677654,0.000504666317405684,0.000168418905456631,0.000318687164707538,0.000620500632384816,0.000322138147980708,0.000220295080812597,0.000376939999679285,0.00050703647666884,-2.4972744918013e-05,0.000269244382417917,6.87931728637551e-05,0.000768950557324515,-8.51239537009761e-05,0.000968205898557203,0.000370868468060793,-0.000212575366689519,0.000599615960438817,0.000296358427948267,-0.00417192076084523,-0.00513030128731583,0.00065889104848371,0.00112608297458083,0.000627920651777532,0.00217678593546116,0.00158621258358085,0.00211481123469593,0.00164125566902599,0.00565505255759904,0.000597861950674311,0.00795813763640424
"593.121",-0.00015330862360078,-0.00039075233066877,-0.000362407894910415,3.55647342394653e-05,-0.000512717074932704,-0.000193270032383796,1.03762018117086e-07,-3.75878011039819e-05,-0.00022879162872404,-0.000199486812563859,5.54510401006074e-05,-0.000123593139316423,-0.000483238835330665,0.000294350138905575,0.000261866979664606,-4.05959641133007e-05,-0.000378181341672816,-0.000388627461262967,-3.9580207916727e-05,-0.0004605534548026,-0.000299404845377539,-0.000377983919215597,-0.000174107199610791,-0.000131352074972799,-5.33123561265362e-05,1.04385485101641e-07,-0.000264555591193063,-0.000255598745928184,-0.000195832036669693,-0.000319933578466307,-0.000492790458833871,-0.000108723511038824,5.91849144508146e-05,-1.55698734215833e-08,-0.000359391274344816,-0.00038870661710111,-0.000431152897532703,-0.000692459539832423,0.000247290025283909,-0.000347880420493489,-0.00141276592523993,-0.00931960144878775,-0.002068961656114,0.0011621780807719,-0.000334538883991106,5.12800180520762e-05,0.000703640976570347,7.85992059869692e-06,-0.0001844022550354,0.000728519603239951,-0.000418113325412336,-0.00220511766516617,-0.0199974599547932
"597.819",-0.000607162513032445,-0.000595217476999988,2.97415922286826e-05,-0.000760722042690823,-5.46618844946072e-05,-0.000288094682659124,-0.000557873373393541,-0.000359848068312007,-0.000176729543420238,-0.000445261720843427,-0.000265266399111245,-0.000256822199846008,0.000225739804473568,-0.000482316002136982,-0.000403433686482712,-0.000351347298097163,-0.000994476878880291,-0.00063650289343402,-0.000308757552657222,-0.000452875682351085,-0.000508869737398998,-0.000438793899794079,-0.000866372493095056,-0.00018883109402042,8.06729430972061e-05,-0.000827569120106065,-0.000524323215031323,-0.00041986023346724,-0.000299827651422311,-0.000635611702611684,-0.000773160103591951,-0.000504750083909212,-0.000468131529442199,-0.000139072282874258,-0.000659888516638063,-0.000725171489997279,-0.000332677191841156,-0.00100746765939543,-0.000723958722909739,-0.000979574738069742,-0.00498482348368137,-0.00598580839548728,-0.00165316983940206,-0.000538913175823507,-0.00160110831589681,-0.000835304213504926,-0.00213030684745099,0.000151984914761876,-0.00255720858733095,-0.00245404739977436,-0.00560995800020518,-0.0131151119013744,-0.0165979848333527
"602.519",0.000652687069447608,0.000129335061191648,0.000262432415631269,0.000319325647231077,0.000393989641405893,0.000558985850292249,0.000120207621145954,-0.000109839363254858,-0.000393938097369837,1.89682192948297e-05,-0.000105451509025125,-0.00029211564537514,0.000157464166966979,0.000213201288642696,-4.14855169871766e-05,0.000403457458331435,0.000217874732818015,0.000146555845470127,3.01077359062754e-05,-0.000116821553094797,-4.18790566378767e-05,9.78865828123773e-06,0.000215813604744946,-0.000609480288193697,5.4214335395679e-05,0.000298509011232407,-0.000311842155415082,-0.000190006771692027,-0.000120863147676745,0.000256440101834315,2.54299264992648e-05,-3.38760776124294e-05,0.000531682200232015,7.00645251729134e-05,0.000191385066479902,9.71906426989172e-06,-6.08387697656179e-05,-7.58252709494037e-05,0.000478719565689288,-0.00101984288500168,-0.00650908352844738,-0.00197455292605204,1.61113656196494e-05,0.000978742929534676,0.000382840190049199,0.00105209466124134,-0.00107019027125246,-0.000671342481602851,0.000668589072448257,0.00207668622817316,-0.000320487158611014,-0.00528747625518716,-0.0192630735634048
"607.221",0.000294239111520107,0.000671329255916387,0.000744472916478878,0.000359005373270677,7.15100863685267e-05,-1.46926401736086e-05,3.84369773922733e-05,0.000178202904025551,0.000234099060362795,-0.000133965183526567,0.000220089915055425,-0.000210561687264263,0.000203055995565457,0.00019792191031329,0.000159078306304886,0.000290856862143539,-0.000131950092457393,-0.000221938153545499,-0.000283637019454434,0.00010702792005745,0.000401327359598666,9.9120163990075e-05,0.000237580684697207,0.000422974100031418,0.000127532325211031,0.000327779825124027,0.000471798140877036,-0.000226575159390802,0.000357175407832385,0.000215346155498379,-0.000145205591495247,-0.000128362126131488,0.000225009167445649,-7.95523385342361e-05,0.000441286324682594,7.7763434161752e-05,0.000308284986660323,-0.000152948002322212,0.000471539278855779,-0.00343798672967618,-0.00523807270959303,-0.00032744902029677,-0.000253864980981531,0.00133493649866368,-0.000192196686885296,0.000470701243930439,0.000656799849918044,0.000867678307927988,0.00134949273616105,0.00148650944420028,0.00301492022487564,0.00512834552044078,0.0255680938554689
"611.924",0.000663813140060221,8.75144317249313e-05,-0.000118529830312877,0.000473990868565829,6.42803808427528e-05,-7.3614706900828e-06,-3.88757385432174e-05,0.000287049906673197,3.29985974195449e-05,0.000682679250105569,0.000121754129979882,0.000187079710443336,7.13324349763736e-05,0.000469183610717837,0.000245126780802471,-0.00013430827936806,-9.76238795947504e-05,0.000784039219086676,0.0010124447258069,-6.47433139521108e-05,0.000938364662012965,0.000330465525040323,0.000409789817651361,0.000242652422049965,0.000165706144312129,0.000125287808019081,0.000149981824519897,0.000281663079382487,0.000175927012279135,0.000321896159785279,-9.4786520715126e-05,-0.000190065991398166,0.000218368499440808,0.000115989801489638,0.000297037757464754,0.000255093042752502,0.000342666007648879,0.000714736172130365,-0.000487977509777494,-0.0056643130481616,-0.00171184182269966,0.000941245644060362,0.000304813477358542,-0.00107036579701468,-0.000193240086650715,-7.0336048285935e-05,0.000754370207425771,0.000533274542755272,0.00160680734623973,-0.000339654463344523,0.000433226286129294,0.0111870331020707,-0.0103256519518439
"616.63",0.000632979512744509,0.000740417423972034,0.000240065512945508,0.000375942291017481,0.000430190309985633,0.000209399664449201,0.000298359374912605,0.000358965283825792,0.000327988510421939,0.000319100517894018,-2.1778482569349e-05,0.000472819698839512,0.000234317898094073,-1.20078881739728e-08,-9.40192219395891e-05,0.000525874542741077,-0.000287306105451986,0.000292540581372864,0.000827251578109535,0.00062319507000562,0.000431292464885952,0.000435331115269052,0.000404215420423419,0.000117704763801123,-0.000251155631890201,0.000669398701000013,-1.78383610642464e-05,0.000747616752468512,0.000551412270962347,0.000220063502378651,0.000331624733774839,1.74231419679175e-05,0.000273690237935941,0.000397024438305906,0.000506842326736118,6.97996012060838e-05,0.000147831206527503,-0.000334217246206026,-0.00229091126165139,-0.0056523608629496,0.00114940377423326,1.51727303858318e-05,0.000421664101691753,0.000522950719432202,0.000900165367427513,0.00111222306844443,0.00266352761717977,0.00084743665619523,0.000296440869502019,0.00606395287189666,0.00143081643089093,0.00146782862544752,0.0198449849593675
"621.338",0.000625124723092041,0.000634862741486828,-0.000201504242866649,-0.00010429462513479,0.000122706577457523,7.56596762817619e-06,0.000198543445593686,-7.41488099554501e-05,0.000302674422667663,0.000334751752493995,0.000131284078557289,0.000190536942022046,0.000917462392739859,0.00038067145698786,-8.62797454138095e-06,5.12295728912921e-05,7.23770364746762e-05,0.000894154374872827,0.000823409014360953,-0.000220258181404758,0.000336907521634321,0.00047961784519485,0.000631615157340928,0.00107786786811828,-0.000271956711019035,0.000246163918205091,0.000171052486642829,0.000385852969562972,-0.000152356867681946,0.000106684394035283,0.000457310275566825,0.000360784061499858,0.000454002138176576,0.000181874903679165,0.00070947554634969,0.00058043231037727,0.000191527977600183,-0.000651534691652919,-0.00502020885204066,-0.00201770692272489,0.000340198846313314,0.000649233589060931,-0.000113950882631918,0.00054632093472079,0.00231983590556779,0.00178210416115721,0.00140620593567593,0.000504801552571161,0.00183570056864428,0.00160154688960458,0.0025497637353947,0.00823623041532054,0.0210600855393852
"626.047",-2.50828232090611e-05,0.00016868190442877,-4.06588093288484e-05,-4.81781694885454e-08,6.61440370735442e-05,0.000502202778650125,0.000217609846235919,-9.99848848060811e-05,9.06003792807432e-05,-1.31947716142434e-05,0.00036110890461481,0.000428751137046302,0.000210954671274987,5.35987377506796e-05,8.69001589829803e-06,-9.50397481849633e-05,5.48654892972229e-05,-4.81735220283503e-05,0.000178929930969937,0.000233732005421432,-0.000109682176344331,-0.000185365476072004,0.000349696184731952,7.01745754252476e-05,-1.8892423238071e-05,0.000138195051629401,-9.04953165091753e-05,-8.13088778936384e-05,0.000162915447098533,6.28322177895177e-05,0.000470674056069972,0.000453129719642794,-0.000125990860575224,0.000605971088708323,4.78260491665233e-05,0.000202701566010882,-9.0001969055226e-06,-0.00258766475928493,-0.0060843832141692,4.3236203847356e-05,0.000192567845698761,-0.000312401322336007,-0.000247091209760549,-0.000169463532108708,0.000761599314329967,1.41050344932463e-06,0.000903412291268229,0.00105808200802344,0.00180279176438737,-0.000486320552670452,0.0022389633462208,-0.00106397364907439,0.00372567961093797
"630.758",-0.000548110504334704,2.27478343061152e-05,-8.22205025903923e-05,2.9010930280148e-05,0.000358945786130363,0.000130735273924359,-0.000231141798229549,-0.00011119203617692,-0.000120040461876099,-6.69605091145014e-05,0.000230880831571901,0.00038908629940218,6.49263111663194e-05,0.000795046763725042,-5.27522913412083e-05,0.000244308486630436,0.000110836680844961,0.000757136710500649,0.000265860060628966,0.000404836667059087,0.000709717729560597,0.000801698348148814,9.35635906491986e-05,0.000403662674601246,0.000612490361517779,-0.000353489319742956,-0.000284350400025967,0.000311339214343942,0.000128072406621654,-0.000253388666332304,0.000206421457269821,-4.49002103063397e-05,1.8077103745435e-05,0.000167017670430243,0.000637210332131381,0.000174861720942202,-0.000805523079724735,-0.00421372503213623,-0.00262214803533276,0.000310896360831558,0.000236057905606086,4.53843366737122e-05,0.00108368925385077,0.00176841766106617,-0.000289202154306957,0.0014362130887104,-3.23354795160001e-05,0.000633801542113365,0.00227651102959252,0.00404172759889637,0.0065550866164076,0.00172225292517914,-0.0021469523999798
"635.471",-0.000758583006269537,-0.00131697530211628,-0.000787781656697213,-0.000886436243842589,-6.74106258562348e-05,-0.000224776369717318,-0.000425862673845111,-2.56951792126277e-05,-0.000322777944880095,-0.000242989723690656,-0.000773321485666667,-0.000463306674018345,-0.000513780258562634,-0.000436938972547876,-0.000761780196136479,-0.000246000524920537,-0.000725816677620085,-0.000753078373557672,6.42409718016078e-05,-7.94510953081733e-05,-0.000301724900568717,-0.000954769902767112,-0.00043997720679814,-0.000915198131890866,-0.00039554079754461,-0.000600005889755471,-0.000795288169576447,-0.000701171829151591,-0.000414783606265284,-0.000702568275830477,-0.000560714247307887,-0.00021714675162691,-0.000457616933109023,-0.000355354483985303,-0.000622385485402651,-0.000810301140162851,-0.00247220179123671,-0.00613992363780089,-0.00126598695005785,-0.00127642588228806,-5.56840643703724e-05,-0.000469930716944585,-0.0015108788413916,-0.0013324360436938,-0.00110975617195148,-0.00221054885556899,-0.00147838707793125,-0.00275233412180756,-0.0041812582682219,-0.00607227313902682,-0.00774686218932128,-0.00238963642669921,-0.0259874456318194
"640.186",-3.83882649669883e-05,-0.000447463052357811,-6.23533678248953e-05,-0.000273282035520259,0.000134843120625495,8.541096820398e-05,0.000309740965151587,-0.000122486930259817,-0.000248174919644601,-0.000229875626892982,0.00022569697336378,-3.93681950114171e-08,-0.000299447953931785,0.000237160474782805,-0.000159746221937946,1.75396211361024e-05,0.000997435718488854,0.000705632644525245,-0.00013956645502409,-0.000227049777083701,0.000291068272836475,-0.000199719709273454,0.000577137124932843,-0.000203651814747305,0.000241577727038591,0.000779496212768133,2.7832872982941e-05,-0.000230885603570913,-7.38543626258227e-05,-0.000127840473770666,3.62432704049448e-05,5.43485637825941e-05,0.000376043487367676,0.000187341108477438,-0.00067214987209177,-0.00020368223618143,-0.00354190936835796,-0.0029682203798323,0.000548600891934327,0.000391937078080786,-0.000209497980955772,-0.000288461393916283,-0.000604143057847674,-0.000618041985151238,-0.000181249946587296,-0.00164040085307221,0.00118535512109845,0.000639961961491836,0.00143007168770508,-0.00100052783306197,0.00570965511125892,0.00891726425968747,-0.0135596804453712
"644.903",-0.000820409987215068,-0.000139271473802612,-0.000189068698720442,-1.96795691340078e-05,0.00023852941660171,-0.000298460082371989,0.000188907894594231,9.29957279636067e-05,0.000145903136612373,1.36447077761795e-05,-1.52419251775898e-05,-2.69802493788411e-05,-0.000198765995862667,0.000433625860549881,-0.000143614640188857,-0.000267153296398873,-0.000245139526225568,-0.000317112047208332,-0.000228053792325131,-0.000631611559031544,-4.53309395728428e-05,-0.000308336832102387,-0.000583734778152051,0.000185419483222387,-0.000127097127199537,-9.61785227069853e-06,-0.000281129963881522,0.000224107936486998,0.000504317963987796,0.000166256749651564,-0.000174154478299499,-0.000238416062859304,-0.000157635498937014,1.8890963169734e-05,-0.000532025597897885,-0.00138293527464606,-0.00456085336325725,-0.00115990101762881,-0.000283649416894896,0.000145376632314297,8.51503773926931e-05,3.10778042767544e-05,-0.000746605610506086,-0.00105735087826154,-2.26591787729885e-08,-0.00113374214256894,0.000832280408604043,-0.000242548876890048,0.00175671504561187,-2.35739333725223e-06,-0.00300305040342689,0.00615652026542457,-0.006583276880831
"649.621",0.000594283703495609,-0.000141203409721991,-0.000425939171982058,-0.000480499324047008,4.32231123764526e-05,-7.96383308612284e-05,4.79684680979374e-05,-0.000204174273052512,-0.000301951967467833,-6.93355096088362e-05,-7.69303811186601e-06,0.000109903607528543,-0.000201557302966627,0.000121596648921048,9.10240591574291e-05,0.000144525568231273,-0.000114685102906705,0.000110599073687487,-0.000539697087643521,-0.000116455635230257,9.19018919299419e-05,2.16075769620926e-05,0.000656577690685231,0.000282076488359089,0.000217949686971373,-9.6357025888572e-05,-2.84458866859571e-05,-0.000540059782149102,-0.000322024168762724,0.000281348151462472,-0.000130095498334232,-8.37220446812507e-05,-0.000216462645868789,-0.000365320083607007,4.02582920039261e-05,-0.00374425831548978,-0.00271056740164202,-0.000746914496411845,-0.000262637696017919,-0.000160374118636905,-0.00043029809400254,-0.00077814322370975,-0.00146455487314999,-0.000735190074282775,-4.65996241055533e-05,-0.000840955010388301,3.36537135178839e-05,-0.00151627795853055,-0.00141372508307977,0.000222303408212952,-0.000698729769755149,0.00133897792321441,-0.00055890046751084
"654.341",0.000871678400088927,0.000382422399153325,0.000648939755613251,0.000335434250103242,0.000430126297340188,9.71032284299453e-05,-0.000109360412875984,0.000356257145381368,0.00038482870738203,0.000211288343375354,0.00019600633487942,0.000706890487803513,0.000360655924537864,-0.000161540484473607,0.000406760752345063,0.000321083137396604,0.000456394844385223,0.000245031793248082,0.000637493307577519,0.000165475446529007,0.000548121258083598,0.000678878891422548,-0.000349759895552015,0.000116771311939222,0.000422783801352224,0.000410808321850547,0.00017358114678345,-4.82145761349118e-05,0.000144284821816436,-0.000171357821723382,0.000198146486661011,0.000500559843055959,-0.000200937927861254,0.000663549533672747,-0.000333559835711785,-0.00418447355263173,-0.0001016444501095,0.000144266404538617,0.000571485490655222,0.000245050845935281,0.000248220288654239,-6.1228703576036e-05,0.000913158865354043,-0.000363106273312595,-0.000757040763815656,0.00207946788881738,0.00154305836696122,0.00328875981336876,0.00202203328632237,0.00670735481390162,0.00332411656716766,0.0160856897319856,0.00395542211620203
"659.063",0.000189228033404643,0.000156663620497712,0.000218141884069159,-0.000184508610308186,7.07992829067744e-05,2.44518252977527e-05,-8.592042591532e-05,0.000118002867789285,7.26318743070141e-05,-0.000284094369687873,0.000166131007725765,-0.000562666617007561,0.000108119986055312,-0.000268228926949108,-0.000111855581971663,7.40012200884536e-05,-0.000430863454520313,0.000504532421165991,-0.000101531354808972,-0.000262509716368508,-0.000493934093174224,-0.000165623503273117,-0.00027556909038527,-8.56303891433681e-05,0.000182626909560276,0.000197286363836984,-0.000515948905309069,-0.000145881143410472,-0.000378296509197742,0.000182254132392081,0.000266482117153419,-8.58230834522364e-05,-0.000453193273537235,-0.000364261627834292,-0.00323012505194499,-0.00356260817404017,-0.000524499265933965,-1.21733439052622e-05,-6.40329045609861e-05,-0.000658046691277445,-0.00030792252367229,0.000401246820040486,-0.000847552995671698,0.000712498963341175,-0.000310216655097482,-0.00132130781587861,-0.000760448278549492,0.000881225569914324,-0.00123473363240366,0.00127588112224269,-0.00324437081611275,-0.00160091717132447,-0.0296210547626085
"663.787",0.000630771524055314,0.000330007968518621,0.000365029369345694,0.000395156357089749,0.000368116374380341,0.000322610823536784,0.000124395171774121,0.000108858131374245,0.000485819004123647,0.000381775814051978,0.000809558555549381,4.75000409982711e-05,0.000169499898651346,0.000359527226525648,5.0748131967185e-09,0.000609861615718741,0.000585919005536905,0.000605533782851048,0.000674845960380619,0.000253973811038075,0.000214693047476759,0.00141094907131577,0.000626049554971908,0.000358085626254781,0.000566240660159948,-1.0024990993133e-05,0.000740118746477426,0.00034460516803059,0.000285297047768253,0.000194783722987281,0.000772115276353634,9.51658531697609e-06,0.000185315294558602,0.000219004727097697,-0.00428009374998398,-1.87498615130885e-05,0.000672576613821514,0.000455180787201043,0.000259757754055676,0.000681449422247595,0.000746690731845942,0.000779160476654365,0.00114755114112281,0.000103399711712633,0.00135526767971368,0.000961535476677017,0.00112231655306901,4.32303099556464e-05,0.00152452747810241,0.0022125545636228,0.00693293780552339,0.0180713582416273,0.00924078597227864
"668.512",0.000525323459883058,-8.61781210922793e-05,0.000412478014302304,0.000628573333927174,-0.000316649325408863,0.000250055990306275,0.000182005726042698,-0.000109404033669978,0.000192125176174556,5.8101391970533e-05,0.000524881346279806,0.000603796501202871,0.000110533032779676,0.00103792188943402,0.000123854664619057,0.00045384272562241,-0.000160093906162458,0.000357694800386369,0.000726185824382373,0.000134066049903998,-0.000264337180836134,-0.00049651771579902,-0.000382906724956382,-0.000163877867427263,0.000290406041293785,0.000181502747578034,0.000447780336228713,0.000138855297905674,0.000277580234962173,0.000686675684844811,-0.000243054890079886,0.000165278817921012,-0.000158164735194798,-0.00165159171473076,-0.00250460671509456,0.000752676910204379,-0.000139547437896432,0.000669494442745357,0.000562795568304058,0.000364659283862083,0.000483047377936047,8.31229538701328e-05,0.00088531628655974,-0.000124644297437856,0.000683139372718817,0.00176138002450829,0.000106193516281807,0.0036463700000798,0.00202874218446996,0.00222923941620059,-0.00048676273225093,0.0130753014961489,0.0355097234298481
"673.238",-0.000361266313403778,8.67594594965539e-05,0.000594437685009955,0.000242409887499887,-0.000272968387769423,-0.000335366020999798,2.54671684677582e-05,-0.000165369413909727,-0.000255429970230545,-0.000438089045262882,-4.08184857449459e-05,-0.000154282574845358,-0.000141475998302015,-0.00028571153546695,-0.000383391978435708,7.60222923447557e-05,0.00012084221646049,0.000571435713757502,-0.000104314202128016,9.81355216901247e-05,-0.000737494298848006,-0.000499505947391161,-0.000113293014754481,-0.000429000504198541,-0.000406972038430385,0.000233291815317189,0.000110126628595886,-0.000179371252418076,0.000468743733470228,-6.90082816850409e-05,7.83500887329134e-05,0.000499210225975859,-0.00101241667682289,-0.00450632087558069,-0.00104975995714694,-9.95267858086784e-05,4.81952760385111e-07,-0.00063639980765763,-0.000816405560202518,-0.000548705891567138,-0.000117997917670951,0.000197644120616295,-0.000327005803818221,-0.000878870737707928,-0.000465855680450899,0.000708893576877681,0.00124449295067063,-0.00233043050991616,-0.000550356828406904,-0.000383090681132295,2.66684176972133e-06,-0.00845444412003066,0.0286965496608879
"677.967",-0.000756142002663454,-3.7406012454282e-05,-0.000497013345784987,-0.000626448124431195,-0.000421695702650572,-0.000413873278470949,-0.00045123720956691,0.000116668410097817,-7.53251852724521e-05,-2.2107935098769e-05,-0.000573161946451027,-0.000660503409276037,-0.000132312721102122,-0.000645013021811803,-0.000473082458283703,-0.000747378546085115,0.000111551851853613,-0.000735680372664786,-0.000724163529774251,-0.000246937331943487,-0.00051148540256262,4.56908393192299e-05,-0.000171174447148459,-0.000254814238385503,-0.000126137920018817,-0.00073559052710357,-4.01038542226662e-05,-0.000130509969224204,-9.04184518720593e-05,-0.000566270368160982,-0.000689729482155771,-0.0006020648228548,-0.002941573335435,-0.00342794311062727,-0.000360010952070789,-0.00011116722967872,-0.000390338154183574,-0.000264096969982653,-0.000729554595752926,-0.000665535729280708,0.000108690127574842,-0.00114020337911789,-0.00153754689319336,-0.00033723005301248,-0.00187798470319332,-0.00196267783681164,-0.00121721297779518,-0.00165149675391176,5.67139805023309e-05,-0.00801611927622821,0.00111437101520792,-0.0153794665701415,-0.0129760109889258
"682.696",0.000325781770980191,0.000530128889382271,-0.000422546524642034,-0.000161106303173653,-0.000139033790796391,-0.000119544747546024,7.08522496995262e-05,-1.67479085943417e-05,0.000228652821562972,-2.97283724484255e-05,-0.000256566978841179,-0.000442022486900147,0.000298526549554461,-7.02785999498325e-05,-0.00039050553309223,-0.00015510863466195,-0.000410122506106533,-0.000183270068791736,0.000413386244486128,0.00043720901228059,1.23738861407225e-05,-0.000173399268791834,-0.000253897675090846,0.000806861327767959,-0.000223228551446984,-0.000371825981689077,-0.000346223661748827,-7.0987460207773e-05,-1.01523710491619e-05,0.000301905429382936,0.000199567141730674,-0.000419710013957133,-0.00281945476317828,-0.000351889227736452,5.37062326884366e-05,0.000125007869340237,-0.000334771449319643,-0.00058477043308737,0.00100585824947986,-0.000241496983880183,0.00097099504940299,0.000100496984911032,-7.39398194728476e-05,4.27913115852954e-05,-0.000524575916347259,0.0010828518655277,0.00199139345560551,0.00109954371692176,-0.00213375383744408,0.00110558167176031,0.00188583036100397,0.0110060223443109,-0.00537439614685466
"687.428",0.000470776340055497,-0.0001143781211469,0.000115016059882641,-0.000118918849736896,2.79776741508172e-05,-0.000180632902618423,0.000103618735825439,-0.000158317650126413,0.000345250950306756,5.99413710342779e-05,-4.15928024503044e-05,-0.000395591147671903,-2.07467096095249e-05,-6.06203712199332e-05,-3.93320900020397e-05,-0.000292623796059908,0.000165194798101809,0.000564543327212316,-1.190116713271e-05,0.000653920632126214,0.000148842049441922,0.000104837908534173,-8.14540566692636e-05,2.26166790276621e-05,0.00019271641592009,-0.000176722595335295,-0.000215593511207729,3.06180165640494e-05,-0.000204559754998304,0.000122013993239269,-0.000481466223472219,-0.00117863554890043,-0.00185335226374003,-0.000446529978612358,0.000237528971311778,0.000547199673868937,0.000252928565475588,0.000447758100882475,-0.000364715573096511,0.00073979925296595,-0.000294166408734086,0.000235700482161557,-0.00020503653447908,0.000686989683110368,0.000427582685741377,-0.00136275629735177,-0.000984349746733748,8.86084211729723e-05,0.00260168271053506,0.00182259931210787,0.00202560589685789,0.00987548917163936,0.00300216408390623
"692.16",0.00015780585287923,-0.000293849343950749,0.000370025925140065,-0.000228255526572925,0.000159535285083467,0.000337239596761648,-5.19726405220821e-05,0.000227268113190248,-7.71723250836467e-05,-9.03016475290061e-05,0.000100552347758762,0.000527081832268667,-0.000114626892483652,-0.000253944606055547,-6.91866490717284e-05,-0.000245200251468764,-0.000145365244671013,-0.000218298171983376,0.000203299131941802,0.000720642645206824,-0.000149638209597667,-0.000187287294160476,-0.000572642738110856,-0.00022697550684298,-9.68235756150487e-05,-0.00017780004812245,2.06602211686597e-05,-1.03026889813751e-05,-0.000329060792553405,-1.96778287397288e-05,-0.000503894223061889,-0.00286483696699583,-0.00124350159417551,-0.00029220466245212,-0.000390657954340211,-0.000240317033743756,0.000133210173218711,-0.000206011699142086,0.000461566154291394,-1.28389251546276e-05,0.000187002964002486,-0.000169199738780249,0.000243619086780986,0.000129441248382505,-0.000505553700854441,0.000731365335733713,0.000293336741582317,0.00218074198167012,0.000456601436101994,-0.00374530289566114,0.00343292536746407,-0.00411828410825884,-0.00966389403181798
"696.895",-0.000245524404678248,-0.000180113498405609,6.98222781978654e-05,-0.000722193130859081,2.83461285637151e-05,0.000139269648303998,0.000235639556084828,-2.8792845036912e-05,0.000135876454257249,-5.31487947600703e-05,-9.26870439857625e-05,-2.99434229408048e-05,-0.000629572334967447,0.000112510826343916,-4.97561021078857e-05,0.000394997346001546,0.000334418992155237,-0.000538362523532269,0.000120329107740299,0.000369177065475742,-0.000113044821778652,-0.000223926757292675,0.000329471470986249,0.000433903735761796,-0.000140877001705214,0.000179007487790496,0.000322036395581831,-0.000238541713691344,-0.00027954967157545,-9.61460542096566e-06,-0.00134813698835902,-0.00286434314901906,-1.39492350882805e-06,6.30118353617716e-05,0.000207597210590076,-8.09058309240641e-05,-0.000585528819295599,-7.78213877082296e-05,1.35338393901004e-05,0.000249577995019544,0.000564950509234756,-0.00127776660293579,-0.000301951547299052,0.000521525809926772,-0.00086582203455332,-0.000122914443993292,-0.000258601506999303,0.00067220986136729,0.00257647689294319,-0.00296935317407864,-0.000387117612246953,-0.0107291102212508,-0.0152070490550097
"701.63",0.00030565732153169,0.00049299226209477,0.000481351741057687,-9.93726249757538e-05,5.15566611625557e-09,-0.000140427173988985,0.000158524129979849,-2.88148845067127e-05,0.000378615016858764,0.000229310034229619,0.000280568271559281,0.000484592176477955,0.000232812946050866,6.18710350717331e-05,0.000561952832856092,0.000179170108585758,-9.48326968390513e-05,-0.000365811320267588,0.000789192425050861,2.90729131144661e-08,0.000253197643043273,0.000261485464156687,0.000142398845364439,0.000207588315014713,0.000349784024142194,0.000594786269287174,0.000513581360848022,0.000857059556536154,-5.21331469264413e-05,0.000321605680193867,-0.00234944373119762,-0.000619317421488862,0.000559880926470317,0.000773348209851978,0.000132265321677401,-0.000278782673261147,0.000639975834704792,0.000195435905587382,-0.000220706495089817,0.000575860848780673,0.00023750894101597,0.000257805115394202,0.000646853675060135,0.000723247308406905,0.000334051682529528,0.00234969581541095,0.00052132615673526,0.00216873387980274,0.00427354307061439,0.005421253065732,0.00555041507299269,0.00639476362245793,0.0171682670373979
"706.367",0.000824962204534309,6.56783202252939e-05,-0.000166336767462029,-1.11665639723097e-05,2.89638429893812e-05,7.11203130582639e-05,0.000307501159997777,-0.000315200401433892,-0.000310374031652446,0.000286314254959066,0.000232540077865582,0.000224720027644452,7.49925597740288e-05,0.000459221591098836,-0.000233562494784236,5.03664607926777e-05,-0.000159994492072029,6.71735687004747e-05,0.000417749093772271,-0.000571547722847837,0.000179380814631051,3.60805035403961e-05,0.000636482351143199,0.000303131393194424,0.000331725016884767,8.60702957367885e-05,0.00039238623807193,3.20703765107074e-05,-0.000338067348592636,-0.000944393995059803,-0.00246989668306882,-0.000374694147884339,0.000136325583021939,0.000407357505788497,0.000289973179063821,0.000753601726679397,0.000348717624781887,0.000329704511860033,0.00015338001077248,-0.000970574941902344,-0.000143853252922251,0.000643415999409089,-0.000365693608088428,0.000377072235745616,-0.000675540290520959,0.00140838441692135,0.000828627524565658,0.00054908943560639,0.0012289712706297,0.00163855551412067,0.00300341311919098,-0.00348382143721404,-0.0223306455049264
"711.106",0.00151851073981306,0.000941930710468567,0.00105659515263128,0.00137691694489673,0.000652919887163946,0.00108630203743216,0.00091831959327326,0.00037186069594817,0.000373767299176216,0.000930416777571796,0.000617845993883511,0.000784630276874373,0.000692524982324767,0.000337530659010224,0.000523379500466879,0.000845266809409018,0.000862289964731806,0.000770626741771339,0.00111742873787733,0.000196888796642515,0.000828485785423131,0.000704956043289939,0.000849402304691705,0.00103644783678453,0.000838013179315655,0.000922939249960445,0.000450326023967639,0.00103685938227227,0.00123874654474306,-0.000797370566785915,-0.00116860287715924,0.000524249897421436,0.000519625204343557,0.000715036378603194,0.00113818229699917,0.000809101085455698,0.000440997467517543,0.000894171396462785,0.000775411565996502,0.000513044836514477,0.00184429695344864,0.000158196238712642,0.000583516964504547,0.00186015558697929,0.00246914883388448,0.00259236874308276,0.00357741391970508,0.0058686679846042,0.0020666443715246,0.00744669548730354,0.0122743609219318,0.0259028377937662,0.0683383640950142
"715.845",0.000331389628393547,-0.000295269249692578,4.85817864652411e-05,0.000308228210530305,0.000246489863465978,5.44571545561142e-05,3.41333457227505e-05,0.00011344545367949,-0.000479309901129348,-0.000387471341824246,4.40792026519352e-05,-5.21863886437954e-05,0.000109454196093341,0.000138655671989505,0.00030105849926103,-5.1492654647601e-05,-0.000436191502939077,-0.000240770905236881,-0.000175854357908796,-0.000491334207021667,-0.00024877509647606,-0.000454939643817875,0.000184165495709333,0.000286054106642884,1.13109695197467e-05,-0.000911725287877299,-0.000389916475301577,-0.000312927466649834,-0.00073408852226502,-0.00237342795308739,-0.000549657226665359,-0.00031831595319407,1.06670728367769e-05,1.09433446354272e-05,5.70143698255433e-05,7.23088924000047e-05,0.000243151503068115,0.000120898444353235,-0.00011411510721243,-3.0669409194444e-05,-0.00011462076508864,1.512663660052e-07,-0.000275501857224504,-0.000612070377338702,-0.000983317426553588,-0.00041571341550521,-0.00169386178677434,-0.00308515922337311,0.000715624098178817,0.000836282648959214,0.00293725425185068,-0.00381818636238938,-0.013315803104767
"720.586",0.000151510193465174,0.000874593046218607,0.00025585448353476,-4.58979227251474e-05,0.000346030179008219,0.00055545863656435,0.000164645683083903,0.000449306453811768,-0.000175899109729426,0.000428217693860933,0.000441023329350818,-0.000115257088465527,0.000384166651170515,0.000438478556429334,0.000145679671025313,8.2621632866841e-05,8.75759008869861e-05,0.000528499601851987,0.0011206533756814,0.000359590490832714,0.000236347785980742,0.000862926699720415,0.000603079723160079,0.000764672982699404,0.0010653427429873,0.000947210980480542,0.000576488651196191,0.000358609055034974,-0.00162316093589353,-0.0014539591409142,0.000276568916017737,0.000446485234334067,0.000376172469334031,8.7830886954769e-05,0.000491462685516527,0.000109544821490105,0.000563604225275377,0.000270364036638624,0.000671967727328374,0.000842204691342326,-6.52462703525344e-05,0.00076626254901752,0.000473937910552883,0.000159248841109253,0.00106601891885133,0.000642001706907632,0.0016602427229171,0.00028161266053227,0.000779978966373913,0.00545605202529487,0.00616228955491015,0.00102388765469232,-0.00126034333524561
"725.329",-0.000672306526637883,-0.000177063421601977,-0.000542256097347584,0.000150577275510861,-0.000460178079049558,2.76359464101525e-05,-0.000478432882365974,-0.000739339256234237,-3.41661809609978e-05,0.000192642157887316,-0.000124955830450352,-0.000137818038960188,0.000166656031318375,-0.00027070919152597,-0.000653136146772036,-0.000271776473438287,9.95298147259903e-05,-0.000581595824151848,-0.00119802033891398,-0.000875921435663659,-0.000451873366668034,-0.000823484992325886,-0.00012454988943499,-2.40870827974604e-05,-0.000332670893474487,0.000133805905807134,-8.75746962066342e-05,-0.00066602582653411,-0.00305660501179688,-0.000928298727474013,7.53097775909544e-05,-0.000484448694092085,0.000119754230988793,-0.000255790704393477,-0.000381735018765073,-0.000707425939840331,9.17755299053513e-05,-0.000534890519628948,-0.000144729895842144,-0.000480213728773798,-0.000265810643510159,-0.00061320179165131,-3.9830228482633e-05,-0.000828048999406903,2.68791458254759e-05,-0.00162285061934438,0.000586115900852708,0.000189443236011121,0.0016365787109692,-0.00254901144691101,0.00230211429914912,-0.00309729833729969,-0.00579149826194158
"730.072",-0.000799562098560358,-8.2241257986964e-05,-4.96242983738687e-05,-0.000396416693998311,-0.000553537979361366,0.000231854795889382,-0.000390726582038926,-0.000341469531141183,-0.00046180089091631,-7.26691184170948e-05,-8.96514910219034e-05,-0.000479868177205025,-0.000380009249898577,-9.80591028827859e-05,0.000233193953588773,-0.000809998400508042,-0.000233828906632266,-0.000269210590252283,-0.000577088541102385,-0.000691624874615555,-0.00105635684791056,-0.000577523433748231,-0.000325825279060633,-0.000571719045425705,-0.000611642432678308,-0.000392432836427095,-0.000453271364493718,-0.000796847818233574,-0.00229301647961398,-0.000468650583336798,-0.000508508971720433,-0.000693303534756608,-0.000504083023854829,-0.000447662400315798,-0.000127962321315444,-0.000195042563962982,-0.00057003239091128,-0.000745077940862553,-0.000495128539302503,-0.000763789122743723,-0.000584843447693237,-0.00150618437249427,0.00050234171574078,-0.00178249357204229,-0.00130230107151637,-0.00124092149448525,-0.00141505106219364,-0.00324573112687036,-0.00152498525014883,0.00111043858200197,-0.00354412889712533,-0.0122068053612954,-0.000645174605425994
"734.817",0.00020114808669376,-1.35033724880891e-08,-0.000237378558008603,0.000305255670936964,-0.00028399268635565,-0.000121447242975729,-7.73644738723522e-05,-9.83830745607859e-05,-0.000159789607287507,0.000382276529229939,-4.51722537767132e-05,0.000708852904346451,-0.000258923214016189,1.10324182232548e-05,0.000288229188614545,2.12053960496059e-05,0.000448490856922656,-0.000129571179917804,0.000116210144657946,0.00010920882186862,0.000188519652255685,-8.85350142319118e-05,0.000668870919317089,0.000269340567817082,-0.000476444445017453,0.00027126617005101,-0.000342649149703857,-0.00124290228678324,-0.000132894020240072,-0.000131870883439847,0.000414103845512652,-0.000196378206304408,0.000463523000659963,0.000247936918129738,0.000457166829864962,0.000249013591671621,4.73638624599025e-07,0.000472416929581015,-0.000557289804581841,0.000502399014571963,0.00055511383386549,0.000731051909502749,-0.000283526401632863,0.000163160285333562,-0.00117478528547154,-0.000789341968830719,0.00130643900235773,-0.000384296540245744,-0.00129038490101706,0.00249449368184492,0.0037044490287493,-0.00131153410740994,0.0208678536359824
"739.563",0.000125233208784598,-0.000335036511975288,0.000252665848953992,-2.37802179175992e-05,-0.00017431750571137,-7.55835555923635e-05,0.000355295444046499,0.000205138442936473,-0.000245871659694417,0.000304459111750263,9.1621271035668e-05,-0.000293275772620972,0.000318843995242349,-0.000288587645871593,-0.00080993429952707,0.000149976953724558,-0.000306226612944885,0.000119341747300792,0.00014374009239938,-0.000234806417326013,-0.000449539914154487,1.28066806975391e-05,7.66256006917994e-05,6.20257054586405e-05,-0.000446535674527749,-0.000148207283007505,-0.0014910032843861,-0.0016764354127405,4.50110960452827e-05,-0.000266527919557468,-0.00049593303379092,-0.000441456816866643,-0.000513508173544201,-0.000216600342924827,-0.000260698317667135,-0.000398798697078947,-0.00035714840447984,-9.84248244175644e-05,-0.000237362377837542,-0.000698469890919218,-0.000766137865924967,-0.0011831429211433,-0.00104411037144665,2.36347497077397e-05,0.000276403845177219,-0.000365685652386453,-0.00148186048717442,-0.000339731744043087,-0.00447372109326599,0.00618198236911759,0.00111206484471565,-0.0103175584690136,0.00857830114016101
"744.31",-0.000126529371513588,0.000126980297998374,0.000306410723344518,-0.0002880830609336,0.000217676403641561,-0.00010504694141117,1.45126065568652e-05,-0.000125367674748434,-7.07050918361725e-06,0.0002578476179987,-9.08510770693792e-06,-0.000417315267739128,0.000425825193444138,-0.000168243923003936,-5.45684266640808e-05,0.000129956245635975,0.000447138991587918,-0.000241029978474066,-0.00079229574149654,0.000139580354880421,0.000206529758187728,-0.000672187002832406,0.000309701514449619,-0.000100280207071214,0.000606236772913742,-0.000945980684954873,-0.00116054330324168,-0.000427893422564025,-4.54279105552336e-05,-0.000404424681875545,0.000133649743098779,0.000702677271870568,-2.26744383795641e-05,0.000161310348846411,-7.16695338477229e-05,-0.000302372632438201,0.00052177091008671,-0.000113707550095911,-0.000524830254521934,0.000224900399419108,0.000395915495362587,0.000598002681150143,-0.000165547611201339,-0.000333472032684101,-0.00117312707307025,0.00181604459299585,0.00097151323684181,0.00132717302874754,0.0025751020939998,-0.00475180198952985,0.00196721441279093,0.000535463001430794,-0.00267094825131441
"749.058",0.000192351726051109,0.00122595427885491,1.30564920279527e-05,-0.000109263354887559,-9.40652701446463e-05,0.000328034446970517,0.00032677460196244,-0.000278861946150248,0.00012915155795916,2.53373118994412e-05,-0.000112403704600615,0.000421378050893296,-0.000581289003790039,-0.000396683320434366,0.000584346677897763,-0.0004377688598916,-0.000439981317536161,0.000206940350747262,0.000160187486658379,-0.000592236009451237,0.000556459357885925,-0.000313367664472274,0.000365165533779236,-0.000404615861327058,0.000108478480128841,-0.000789720278949173,-0.00109415604885442,-0.000791136033738692,0.000114752187482766,-0.000135771917266061,-0.000168657127410516,-0.000439532578923898,0.000204817333831562,-0.000814907962007161,8.51017931956313e-05,0.00039696240025051,-0.000715805425737966,0.000186450982436601,0.00056044522543886,0.000486972124228315,-0.000277596808969644,5.70733141675454e-05,0.000230149821923263,0.00016865029831664,0.00141151910691433,0.00234437276709188,0.000736731299552109,0.00258222856370061,0.000889717614597682,-0.00106284529942885,0.00411795695458517,-0.0137741185761632,0.00134619327639303
"753.808",0.000994565264365747,0.00143833828499261,0.000894136598304699,0.00025955087977088,0.000629534450867266,0.000265478452932192,0.000318250126806467,0.000284300924795381,0.000329068133524638,0.000453821180671781,0.000371476897119946,0.000757475974132748,0.00103099696567735,0.000716117245221365,0.000640560335239664,0.000691351747418836,0.000885352073960401,0.00155123757479644,0.000856578724207176,0.000546467410656901,0.000822248587128853,0.000426008608574599,0.000797301005908671,0.000606665590021117,0.000796626793026619,-0.000957427947293178,0.00013356388580048,0.00119399910333488,0.000526227210883515,0.000914356031492403,0.000332694926991394,0.000918551576148984,0.000975543428862309,0.000533778912584059,0.000469182256692326,0.00030008424994523,0.000716586679733789,0.000409449497042888,0.000926358786915294,0.000495861017646425,0.00147072378616803,0.000711992805337151,0.00181128858811008,0.00299432694268886,0.00233026025330945,0.00373953025492396,0.000667144842517532,0.00121505112918799,0.00142255667290724,0.00453142104201044,0.00520998221872373,0.0192816985831901,0.0460079033921656
"758.558",-0.00114542749366789,-0.00041427851469312,-0.000937036765532233,-0.000402639587063672,-0.000641133296116106,-0.000540615598818226,-0.00051983387517418,-0.000394912842418709,-7.4471908347854e-05,-0.000636473168306556,-0.000475244337741937,-0.000322348372566072,-0.000615406449737868,3.53197661128207e-05,-0.000286061988723068,0.000136315815487416,-0.000817278617421712,-0.00133929138946365,0.00051219344967679,-0.000351307145787592,1.43963114026587e-05,-4.06894680922999e-05,-0.000717056980135206,-5.24308931940497e-05,-0.00141621076904423,-0.00192016836928131,-0.000405365374356476,-0.000822011411340309,-0.000380980334973943,-0.000659761154571532,-0.000794186144691387,-0.00085350619060577,-0.000508669609576671,-0.000145070914462319,-0.00031397924865526,-0.000265392479431008,-0.000560781808761556,-0.000238280805428363,-0.00106896705783488,-6.71209920666483e-05,-0.00155143562826678,-0.000293956343768352,-0.00147536982775998,-0.0020491623311612,-0.000175621862804252,-0.00211523926273898,-0.00364986565796097,-0.0017003531418786,-0.00164542448863599,-0.00498089828905237,-0.0132385745395733,-0.0154231139074149,-0.0286687301093111
"763.31",8.47752631545159e-05,-0.000331961771735472,0.000122926575788316,0.000372195298533214,0.000166300184376232,0.000142965464343522,0.000222879304678171,-1.35415795924124e-07,0.000296009002426833,-0.000329013574589746,-0.000376045625313266,-0.000199675561723367,0.000110811811724206,0.000287898171227803,-0.000431847281836458,-0.000324357134628245,2.45494992617002e-05,-0.000193286815676167,-1.41007313765755e-05,-0.000134341275576308,8.83953889708961e-05,4.1508799190507e-05,-0.00109008028105355,1.15429625115009e-06,-0.00177199060177201,-0.000652239415006131,-0.000438153152312588,6.09771828931162e-05,0.000291465651089389,-0.00026416962502631,0.000643447395088378,0.000441250909480228,-3.6449995944333e-05,0.00046811508681539,-0.000397222031546058,6.77135081992701e-05,0.000172018181039033,-0.000273454682354884,-0.000352780996490806,-0.00101250002665039,0.000294438966070284,0.000180002923992221,0.00104013763243834,-0.0005354659818307,0.000478362546646103,-0.000862927548454089,0.00168835901647985,0.000525578876477231,-0.000267397384340612,-0.000747590179543024,-0.00104930402009568,-0.0094381827303528,0.00856346720830317
"768.062",6.86779040008683e-05,0.00041129686026514,0.000578950974682482,0.000375631996005525,-0.000245970522761086,3.0988435543579e-05,0.000256197354373478,-7.4343292322844e-05,0.00016863924790651,0.000170625168608076,0.000499157739606695,5.92090896908847e-05,0.00027333918733983,0.000472122652184164,0.000129582479826305,9.3457888492886e-05,0.000185700632240788,-0.000130222925323303,0.000655694088293378,-0.000301391715449459,0.00109980424679213,-2.78169578903973e-05,6.98922165184864e-05,-0.00080727747974575,-0.00139154920694511,-0.000136414249449209,0.000443132506885076,-0.000183661703235322,0.000355510556841341,-0.000521282297241599,6.02378546606806e-05,-6.03498502174803e-05,-0.000378026348660925,0.000460044277906142,0.00041405270613746,0.000396607052840157,-0.000230779303726539,0.000260532714286726,0.000890163239811598,-3.42484115356291e-05,-0.000538533919165215,0.000827069308819952,0.000893688067546734,-0.000179973292811807,0.00039255981894561,0.000581288485080096,0.000393784244871261,-0.00132509734169891,-0.00142140539126146,0.00390228960164757,0.00515542852469354,-0.0098137803018793,0.0187226894234967
"772.815",-0.000375749909486427,0.000182737015428215,0.000358223530272702,-0.00050501480892226,0.000626057449884074,4.12286640649099e-05,0.000162983523391036,-3.36342861826326e-05,0.000260499268801414,0.000152561412770051,-0.000299638686351389,-7.11706905737856e-05,-0.000273073896915679,0.000145170184637863,0.000435598761561222,0.000128519522846689,8.66366842542871e-05,0.000103919728032579,-0.000142369046700223,0.000361697222975569,0.000237703586052047,-0.00124097017859414,-0.000737167748909855,-0.000547479815790028,-0.00148386175675773,0.000386393756911377,-0.000343942971915101,0.00034350836393414,0.000134781190489663,0.000339524711094387,0.000540918539464592,-0.000264812718899853,0.000291388198226157,0.00022364548916435,7.76271432145117e-05,-0.000149923890240365,-5.74752483163419e-05,-6.14847331896218e-05,0.000469046323793823,0.000242678949538148,0.000278750725946983,0.000100984986148382,-0.00044647121254169,-0.00174833355847639,-6.01701669305943e-05,0.00177816755919295,0.000829953302670105,0.000530913151663745,-0.00250447440079587,-0.0013219506212829,0.00182158817475131,0.00057885934493816,-0.0158142486130439
"777.57",0.00123748528968643,4.66459008397661e-05,-4.20256545573596e-05,-0.000118961827843176,-0.000239569993679685,-0.000178615885102141,-0.000292125923713322,-0.000303843261879861,-3.90354039217796e-05,-0.000228801242118235,-0.000458369274340342,3.61739551054781e-05,0.000202694602995065,4.93808483827698e-05,-0.000348383857262791,-0.000119334150708984,0.000151544471787294,-0.000212258551085009,0.000203530219800689,0.000507139887206811,-0.000363618138110428,-0.000227535913090281,-0.000736628238141706,-0.00186909420529286,-0.00120242322700752,0.00049590863966084,-0.00016297015525708,-0.000375360520965561,-0.000362462689579877,-0.000704782023623324,0.000367949090251726,0.000196172197330945,-0.000199230169112169,-0.000570773301874074,0.000277024846739059,0.000139518707730604,-0.000441693302558552,-0.000359816128358428,8.24971154255516e-05,0.000583267186938224,-0.00100341812616781,0.000905078711970678,0.00034182176545408,-0.000891826555772638,-0.000276411559427829,-0.00111006674583668,-0.0017374148243644,0.000919655734057226,-0.00186311680206937,0.00397461818220325,0.00278004243149778,-0.0176640760449561,0.00881416140368742
"782.325",0.000530777369448816,8.81732042668773e-09,0.000413908771490861,-0.000174397623889546,0.00019700866360624,-0.000170729338143569,2.41433817542123e-05,-0.000105163682300212,0.000277739364723132,0.000130113018270375,0.000154980544153637,4.90445196297586e-05,0.0011190608910075,0.000476407825599066,3.65808443228986e-05,0.000544653155787936,-0.000666179629896978,-5.38431134308754e-05,0.000811661686874688,0.000140549477051421,0.000277060699548989,0.000144695654552269,-0.000760821095547959,0.000101257914627372,0.000106431624701683,-0.000232354356019212,0.000725883621970546,0.000229053589990009,-0.000609227077979858,0.000615329985334966,-1.24110851219496e-05,0.000722709159506113,0.00022647141913283,6.43636312322599e-05,0.000147379120656813,-0.000169611260476208,0.000358731813250406,0.000126935003200654,-0.000117323461328313,-0.000340702624776687,-0.000173013470210594,0.000563936942951838,-1.94969456893362e-07,0.000639423196921398,0.000468414075439434,0.00161642141818381,-0.000768576312925686,-0.00120808633102668,-0.00147225699869293,0.00197062701963516,0.00392371692515395,-0.0137503235512086,-0.0104416118066339
"787.081",-0.000763261804681823,-0.0003724406931193,0.000366369705033617,-0.000730042721387813,0.000154587912400147,-0.000131522634865608,-8.25006886960416e-05,-7.92503678934949e-05,-0.000464343885346845,-4.77334535516624e-05,-0.000201807883529722,-3.77723902616413e-05,0.000145297292292196,-0.000154529467738693,-7.51469650313737e-05,-8.69384617728186e-05,-0.000118389381060821,-0.000193564847513794,1.5157291038046e-05,-0.000688876201376361,-0.000505600113644754,-0.00105237575262961,-0.00220321940122079,-0.000516716261962268,-0.000491024903288996,-0.000543443356186755,-6.52118446667018e-05,0.000495683238060595,-1.30403467192975e-05,0.000257961150515456,0.000306944466256217,8.93227080737298e-05,-0.000906570047304196,-0.000423181516833066,2.74878961160137e-05,0.000479071048147498,0.00036832197610215,-0.000521592238877736,-0.000413009936166316,-0.000699645770487574,-1.99454741445736e-05,0.000471764141578435,-0.000688487103839085,-0.000382931481908957,-0.000256556851720036,-0.00127324806486816,-9.32483477950782e-05,-0.00073278312883111,-0.00345673759369893,-0.00494951369199035,0.000320482480152465,-0.00798206133599246,-0.0420886336666218
"791.838",-0.000127067894025754,-0.000841214026538965,-0.000673372644704717,-0.000660563009720639,-0.000701066995107886,-0.00071161951359127,-0.000666975438529707,-0.00060450786166573,-0.000358087486018349,-0.000467155994957599,-0.000297105720289945,-0.000314737444354547,-0.000633357434653018,-0.000115809740026811,-0.0003128438224149,-0.000745034186013478,-0.000736064596316482,-0.000690959816776381,-0.000408748119597134,-0.00100839695202101,-0.00162573248012749,-0.00201369967488173,-0.00100429080803878,-0.000904688792326766,-0.000558245702010741,-0.00103274013714683,-0.00047015183481652,-0.000234712572898918,-0.0006510065146765,-0.000411930216275402,-0.00122610852824079,-0.0011383317821569,-0.000982911935135825,-0.00076627203549296,-0.00114042217547481,-0.000594311405935415,-0.000674872713565007,-0.00110757488101748,-0.000979944755064489,-0.000699165291001916,-0.0017556868175996,-0.00205648099958842,0.000213581623567292,-0.00278742580344397,-0.000704586623484688,-0.00185030160291318,-0.00204178399356752,-0.00411232314570497,-0.00726941893266092,-0.00585200954102283,-0.005146916377565,-0.0349569994853159,-0.0695684983485682
"796.596",0.000666081208673888,0.00100532218868238,0.000909796985953276,0.000813008951613389,0.00105317882958971,0.000256584220257348,0.000453094766189863,0.000689412889473515,0.000190644395956155,0.000903301829589639,0.000680506142506865,0.000974505095791385,5.38368083030271e-05,0.000196481990814794,0.00109624701882017,0.000316165311448818,0.000923955581562691,0.00128081789509502,0.00165020334218054,0.000505730313861068,0.000129372138393194,-0.000571687378112869,3.08174771093107e-05,0.00160970576761783,0.000499832332717255,0.000998337505722806,0.00134453551915438,0.000544785399298231,0.000809115248674492,0.000892937626661234,0.00110630694156301,0.000273248640316832,0.000737590973842298,9.41462704302818e-05,0.000601995609133892,0.00138970164879758,0.000453583056486239,0.00137709417650301,0.00164614197921546,0.00112512824396523,0.00116617870714206,0.00152760412914541,0.00183705597852767,0.00144775456621749,0.00434000471683442,-3.84763070983179e-05,0.00288434693285073,0.00413362789574933,0.00367108431832573,0.00360020026983827,0.00589783969654234,0.0246807177815092,0.0249282905176402
"801.355",7.96132702441415e-05,9.95594681243679e-05,0.000437651446781392,0.000459914606572411,0.000188048398167138,0.000365852349579769,0.000311215309549338,0.000177162288468784,0.000622695868677653,0.000628722507092559,-0.000242514372508376,0.000553569011549149,4.64360259947407e-05,0.000508955652279155,0.000638245744572143,0.000753427876782174,0.000127097079097038,0.000619747198322291,0.000479259161990548,0.000760299164767615,0.0002924803926025,-0.000833189644746156,0.00100191535563374,-0.000202152135092898,0.000251549976833686,8.13958955831238e-05,3.45917343583592e-05,0.000469534469199478,0.000160316432770607,0.000249568046237764,0.00044948866038068,0.0004609414921916,0.000545897445597223,0.000720252264089508,0.000688775639097478,-0.000306090684724492,0.000323662581881074,0.000257827652230134,0.000680289003452959,0.000469162281825434,0.000589792592767582,0.00120577333122423,0.000938803346131643,0.00105742087013331,0.00109849524199224,0.0022036693971578,0.00134642996552182,0.00307261969627159,0.0019001259107212,0.00115192781789168,0.00523379139347798,0.00970787212513036,0.0537879251897191
"806.114",0.000127499370865931,-0.000270307837054254,-0.000128653941796688,-0.00013312215588722,-0.000480700045573167,0.000154021226823488,0.000137619482627477,-0.000189821537261943,0.000186079977278854,-9.22327496785097e-05,-0.000195989922936195,0.000542516506259363,0.000440924684737228,-0.000350583432958173,-0.00031911770403205,-0.000240259068859224,0.000647211470578441,4.85126330747349e-05,0.000505930445802974,-0.000632466813712103,-1.28642299912756e-05,0.000273965364469146,-0.000663454947811694,3.77943097867271e-05,0.000515258905931072,0.000128213000752112,0.000333067161172513,0.000951131318224305,0.00027480755505724,0.000159101705015931,0.000516999117236709,-8.4658588255025e-08,0.000352606406337613,0.000429805187459544,0.000664558932215779,0.00016599847084867,9.43373924572103e-05,-0.000787927482134491,0.000211652305649498,0.00108407028872806,-0.00058982498271938,0.00101736663835481,0.000751199869629685,-0.00028839202784574,-0.000140859789842199,-0.000372502097342848,-4.05050249553575e-05,-0.000147797270150657,0.00335670617247433,-0.00186132280653689,0.00311306772783293,0.0142926884131547,0.0107638573743383
"810.875",0.000590644465366754,-0.000199075189164004,-1.27336841679013e-05,-0.000399427424733746,-6.2538633036591e-05,-0.000673902824211147,-0.000231614306417156,-0.000189882012433848,0.000479656182069263,0.000226468337622279,0.000214449232187215,-1.1062268190405e-05,-1.1586203586346e-05,-0.000316706648885332,-0.000649262380265298,-0.000131172395180498,3.47441534794155e-05,-3.66248941629347e-05,-0.000133016565774609,-0.00039217953487248,-0.00113758611013671,1.61484575859189e-07,-0.000377087729142463,-0.000101041864814062,-0.000323266309230601,-0.000523870911663886,3.47079071966734e-05,-2.2640406987458e-05,-1.14294263027688e-05,-0.000157813980788224,1.14593388105145e-05,-9.55822770637286e-08,0.000238825204236088,1.15738332339524e-05,1.21288201406752e-05,0.00029357408898895,-0.000701033851064768,-0.000959725131665244,-0.000665189241663155,-0.000242576627325152,-0.000659015625249501,0.000376941660260912,-0.000855300052289875,-0.000432530063214883,0.000479169590703215,0.000780453479298507,-0.00110062946117636,-0.00024665583559266,0.000255222529968441,0.000887489547945862,-0.00438346071330633,-0.0210342487507303,0.0228773496855605
"815.635",-0.000415198187310866,-0.000128047357170454,0.0001544655881009,-0.000629228359878512,3.13428130901352e-05,-0.000134808477867939,-0.000340487184476426,-0.000335661597729759,8.58981224820889e-05,-0.000519823457511333,-0.000289238561785671,0.000431724600744579,-0.000510500221899974,6.79047271722125e-05,-0.000143048418809017,-0.000775394795288924,8.090307803367e-05,-0.000534663850094623,0.000399792632417473,0.000157056925240432,-0.00047175265946148,0.000169516916957671,-0.000169175472372507,-0.000581052909467013,0.000215499199412991,-0.000372505959970502,0.000183583697530541,0.00022917810599934,-0.00012593055838223,5.73306748472328e-05,-0.000685116697649819,0.000742116078171,-0.000455110023768007,-0.000371743407959235,0.00055582058020326,-1.22139330282657e-05,-5.39365305285617e-05,-0.000515644060637354,-3.02250355735362e-05,1.78637032774442e-07,0.000520464292942319,-0.000320238143951362,0.000271348605304296,-0.000192366265470569,-2.79849141397668e-05,-0.00125408012596789,8.41970519733712e-07,-0.00232838330012312,-0.00183726186298287,-0.00284177514786471,0.00509265281742468,-0.00970742142831792,-0.0073876438164014
"820.397",0.000973820136867005,-1.41653986209086e-05,0.000553593814004482,-9.68059940166831e-05,0.000418042687305141,0.000519859138631338,0.000239106681322776,5.70976491083444e-05,-0.00011447885684663,9.21903189571636e-05,0.000652873631749742,0.000453888188727866,4.64494834512022e-05,0.000305296437681258,0.000759262860853524,0.000130999590824103,-0.0001039167718562,0.000425172935593332,0.000573292313691488,-0.000575675460396522,6.94535633602573e-05,0.000690743792592857,-9.09658587493254e-05,0.00011365655121928,0.000155988512909409,-3.47191537061549e-05,0.000597638954286018,8.03972728414187e-05,0.000126000626932024,0.000918851065854093,0.000157347698817984,0.000652035998666373,0.00105762701871765,0.000162624067005915,-0.00020541025858859,0.00057393312984095,0.000364193639938833,-0.000114555503313322,0.000846582148645249,0.00119769603044838,-5.19354937093259e-05,0.000923140843878736,-0.000417269137999169,0.000408667188563649,0.00242233281318827,0.00172959296593323,0.00175577154869213,0.00341909804006733,0.000569381354130865,-0.00514236785553839,-0.000421520315240085,0.0115995977411339,0.00672770985804803
"825.159",-0.0017075495850278,-7.11332226976772e-05,-0.00106848121334979,-0.00048412803146025,-0.00038660376331337,-0.000269547975270043,0.000101725211826666,-0.000252889319467213,-0.000185993724000129,-0.000285012540888511,-0.000373061135299608,-0.000675442711055578,-0.000649739517328944,-0.000429827944969822,-0.000220100880754183,-0.000142053251847265,6.94795378315577e-05,-0.000158771083551053,-0.000691283850578327,-0.00123796461093334,-0.00102718313636207,-0.000586383829780484,2.6214563780809e-05,-0.00095968006198203,0.000179786950807139,-0.00112939212737768,2.32071169844801e-05,-0.000263353663724113,-0.000652594225307515,-0.000327826369576875,-0.000494207273726062,-0.000517440216472174,-0.000409674423045473,-0.00047632244445011,-0.00039868000177946,-0.000650057101109602,2.16993548517045e-07,-0.00057299864508393,0.000801236004511474,-0.000420385496703344,-0.000572189251964962,-1.86232439720417e-05,-0.000876072821079621,-0.000888862261643765,-0.000647523536124801,-0.00115138858528779,0.00102124903162642,-0.000148692359857378,-0.00386101748030088,-0.00229975366901692,-0.0121654739284164,-0.00970201306656873,-0.0322602104410423
