"","500","495","490","485","480","475","470","465","460","455","450","445","440","435","430","425","420","415","410","405","400","395","390","385","380","375","370","365","360","355","350","345","340","335","330","325","320","315","310","305","300","295","290","285","280","275","270","265","260","255","250","245","240"
"248.336",0,0,0,0,0,0,0,0,0,0,0,0,0,0,0,0,0,0,0,0,0,0,0,0,0,0,0,0,0,0,0,0,0,0,0,0,0,0,0,0,0,0,0,0,0,0,0,0,0,0,0,0,0
"252.814",0,0,0,0,0,0,0,0,0,0,0,0,0,0,0,0,0,0,0,0,0,0,0,0,0,0,0,0,0,0,0,0,0,0,0,0,0,0,0,0,0,0,0,0,0,0,0,0,0,0,0,-0.0104596161346924,0.0471798390737411
"257.296",0,0,0,0,0,0,0,0,0,0,0,0,0,0,0,0,0,0,0,0,0,0,0,0,0,0,0,0,0,0,0,0,0,0,0,0,0,0,0,0,0,0,0,0,0,0,0,0,0,0,-0.00890044207147156,0.00218790271434975,0.0347005741801856
"261.781",0,0,0,0,0,0,0,0,0,0,0,0,0,0,0,0,0,0,0,0,0,0,0,0,0,0,0,0,0,0,0,0,0,0,0,0,0,0,0,0,0,0,0,0,0,0,0,0,0,-0.0374018492250712,0.00653905387499808,-0.0164340267364472,-0.0742699267135651
"266.271",0,0,0,0,0,0,0,0,0,0,0,0,0,0,0,0,0,0,0,0,0,0,0,0,0,0,0,0,0,0,0,0,0,0,0,0,0,0,0,0,0,0,0,0,0,0,0,0,-0.0213995822579776,0.0131583282116327,0.000611178243923545,0.00369524837172497,-0.0015602157960044
"270.764",0,0,0,0,0,0,0,0,0,0,0,0,0,0,0,0,0,0,0,0,0,0,0,0,0,0,0,0,0,0,0,0,0,0,0,0,0,0,0,0,0,0,0,0,0,0,0,-0.0252000195386248,0.00566852718555166,0.00641433126698522,-0.00244725361609865,0.0157494112833364,0.0121551471668851
"275.26",0,0,0,0,0,0,0,0,0,0,0,0,0,0,0,0,0,0,0,0,0,0,0,0,0,0,0,0,0,0,0,0,0,0,0,0,0,0,0,0,0,0,0,0,0,0,-0.0258244664198561,-0.00630890392063002,0.00533168547804892,0.00193916472055983,0.00250365490063098,0.0179792590528167,0.0267867000080144
"279.76",0,0,0,0,0,0,0,0,0,0,0,0,0,0,0,0,0,0,0,0,0,0,0,0,0,0,0,0,0,0,0,0,0,0,0,0,0,0,0,0,0,0,0,0,0,-0.0244362408023395,0.000334246238673064,-0.00310876342376848,-0.00795375935383803,-0.0106042760304201,-0.0148669700862886,0.00441253671260926,-0.0212548460024578
"284.264",0,0,0,0,0,0,0,0,0,0,0,0,0,0,0,0,0,0,0,0,0,0,0,0,0,0,0,0,0,0,0,0,0,0,0,0,0,0,0,0,0,0,0,0,0,0.00186108715013805,-0.000480457124323541,0.00371356331550975,-0.000269607221301649,-0.00224388364793227,0.00478811442124742,0.0108510004601784,0.0382891721358022
"288.772",0,0,0,0,0,0,0,0,0,0,0,0,0,0,0,0,0,0,0,0,0,0,0,0,0,0,0,0,0,0,0,0,0,0,0,0,0,0,0,0,0,0,0,0,-0.00578358759275827,0.00095420241198247,0.00232408494355811,-0.00212349685138291,-0.0039978131190157,0.00549134431952741,-0.00541950277532752,0.00683566397953403,0.0198865849319796
"293.283",0,0,0,0,0,0,0,0,0,0,0,0,0,0,0,0,0,0,0,0,0,0,0,0,0,0,0,0,0,0,0,0,0,0,0,0,0,0,0,0,0,0,0,-0.00436531382858452,-0.000564009638922083,-0.00183820150811296,-0.00460172946155192,-0.00672366980241046,0.00352378994135574,-0.00471905098563941,-0.00159111825645244,-0.00137114234974317,0.00880242154186989
"297.797",0,0,0,0,0,0,0,0,0,0,0,0,0,0,0,0,0,0,0,0,0,0,0,0,0,0,0,0,0,0,0,0,0,0,0,0,0,0,0,0,0,0,-0.00356051542525077,-0.000728331177153409,-0.00126066144769332,-0.000769921837221327,-0.00358913398661753,-0.00484146976869237,-0.00128936032478044,0.00112198038590749,0.00318837766563877,0.00210758462588127,0.011172750316044
"302.315",0,0,0,0,0,0,0,0,0,0,0,0,0,0,0,0,0,0,0,0,0,0,0,0,0,0,0,0,0,0,0,0,0,0,0,0,0,0,0,0,0,-0.00407508111633909,-0.00054474071900729,-0.00116708783581928,-0.000189429830507092,-0.000582445304098483,-0.0063710919908892,0.00181551555955438,-0.00277677945030098,-0.0037909586246329,0.0042246256598614,-0.00468700358484834,0.0380947108810102
"306.837",0,0,0,0,0,0,0,0,0,0,0,0,0,0,0,0,0,0,0,0,0,0,0,0,0,0,0,0,0,0,0,0,0,0,0,0,0,0,0,0,-0.0128164997989637,-0.00146165188463248,-0.00179675374192888,-0.00193075787769947,-0.00523351588809651,-0.00208996630474978,-0.00179704492613311,-0.000411437441152109,-0.0044803085366857,-0.00377888073271144,-0.00369192757309616,-0.0101127836176098,-0.0244544081516191
"311.362",0,0,0,0,0,0,0,0,0,0,0,0,0,0,0,0,0,0,0,0,0,0,0,0,0,0,0,0,0,0,0,0,0,0,0,0,0,0,0,-0.00598526940701893,0.000806880861479328,0.000415990837184219,0.000625712983188972,-0.00174636295958239,-0.00209927630083451,0.000797924098483144,-0.000838783974278258,-0.000786748111077944,0.00511433800397337,0.00280491776258448,0.00107717930239995,0.0142304814268435,0.0385494537184979
"315.89",0,0,0,0,0,0,0,0,0,0,0,0,0,0,0,0,0,0,0,0,0,0,0,0,0,0,0,0,0,0,0,0,0,0,0,0,0,0,-0.00893824352558836,0.000107423972522357,0.00046465560604577,0.000731081836642061,-0.000238976991399326,-0.000396489278977924,-0.00473486352770713,-0.000958265928090212,-0.000596793344016026,-0.000878402109196617,0.00328006535333767,0.00245750134869391,0.00801430128303449,0.010857412596951,0.0629246710707798
"320.422",0,0,0,0,0,0,0,0,0,0,0,0,0,0,0,0,0,0,0,0,0,0,0,0,0,0,0,0,0,0,0,0,0,0,0,0,0,-0.00937919415440813,0.000215484479500185,-8.68052601686632e-05,0.000522216688772741,-0.000554485233333495,-0.0020973396672242,0.00386159843425365,0.000775283154628825,-0.000508968065078977,-0.000793856105614461,0.000272593150694394,0.00267668991932796,0.00280841838798211,-0.0026019151355154,0.00414126306662238,0.0160746417076948
"324.958",0,0,0,0,0,0,0,0,0,0,0,0,0,0,0,0,0,0,0,0,0,0,0,0,0,0,0,0,0,0,0,0,0,0,0,0,-0.00164143222760671,-0.000490743454491432,-0.000900866765619924,-0.000212891932978007,1.90959322360559e-05,-0.00296437552359635,-0.00190240536342468,-0.000125878245718733,-0.00172725553720319,-0.0030525994215538,-0.00342064276900978,-0.00312485190503196,-0.00234272805618487,-0.00733493751988263,-0.00183373061865227,-0.0171148322512734,-7.17759361433534e-06
"329.496",0,0,0,0,0,0,0,0,0,0,0,0,0,0,0,0,0,0,0,0,0,0,0,0,0,0,0,0,0,0,0,0,0,0,0,-0.00159498117982171,-0.00053212782980748,7.08994932455721e-05,0.000802735712762985,0.000261783586580607,-6.47482624566431e-05,-0.00053702780448095,-8.03674262641468e-05,-0.000196820247429447,0.000929313069165754,0.000193154600867591,-0.000873341766803001,-0.000970191966772551,-0.000718481472147347,0.00205080998569629,0.00199225893129186,-0.00190678867330431,0.0358133050822554
"334.038",0,0,0,0,0,0,0,0,0,0,0,0,0,0,0,0,0,0,0,0,0,0,0,0,0,0,0,0,0,0,0,0,0,0,-0.00159682230463876,-0.00411580814957521,-0.000394118580156541,-0.000317617270637456,0.000504778234280863,0.000220287219873931,-0.00369569429956113,0.00214953156065409,0.000363994301815607,-0.00114439189695715,-0.00274133921666485,-0.00219233726393741,-0.00221149610372958,0.00286745392743838,-1.06813534016866e-05,0.00242262427113021,0.00459049341006571,-0.000554293952874974,0.0285827600385471
"338.584",0,0,0,0,0,0,0,0,0,0,0,0,0,0,0,0,0,0,0,0,0,0,0,0,0,0,0,0,0,0,0,0,0,-0.00213540583584226,0.000330902703851194,-0.000615343391500975,-0.000154966363052398,-0.00084942602057325,-0.0012568206492499,-0.00243829218756242,0.000292712017375213,-0.000581849532933679,-0.00158432550204411,-0.00311532309394407,-0.00318972894241726,-0.00249226330024516,-0.00324328988969841,-0.00217727554021953,-0.00277646501052092,-0.00658739325813926,-0.00775133404267137,-0.0163833958857806,-0.0467409461983973
"343.133",0,0,0,0,0,0,0,0,0,0,0,0,0,0,0,0,0,0,0,0,0,0,0,0,0,0,0,0,0,0,0,0,-0.00134713044868018,-0.00431159428195074,-9.10959514286002e-05,-0.000737825145599136,0.000615012367038285,0.000403781029486927,-0.000858454230536182,-5.16866012905959e-05,0.00218517186115096,-6.9103341399296e-05,-0.000581577073624303,-0.000766209261320254,-0.0015258186641555,-0.00252253570024207,-0.000915970598436181,0.00447544319212262,0.00469091452827523,-0.00225658199366399,0.00960812625620436,-0.00873102384471013,0.0209806099216322
"347.685",0,0,0,0,0,0,0,0,0,0,0,0,0,0,0,0,0,0,0,0,0,0,0,0,0,0,0,0,0,0,0,0,-0.0026898850563673,0.000561011552598674,-0.000108825355950968,-0.000113553611965312,-0.00024593242544748,-3.15693822708837e-05,-0.00118025467999991,0.00035109079060866,0.000226881021426451,-0.000584904398271661,0.00099095253593776,0.000357249403849996,-0.000411674810345974,-0.00218822091773688,-0.00146208611648111,-0.00147625265645481,0.00225183373731135,-0.000550240079346134,-0.00231468994673891,0.00465078817239657,0.0340221348992091
"352.24",0,0,0,0,0,0,0,0,0,0,0,0,0,0,0,0,0,0,0,0,0,0,0,0,0,0,0,0,0,0,0,-0.00388017032635918,-0.000854108698852919,-0.000262548541099885,0.000192312917739385,-0.000386502457708633,0.00013806027373579,-2.29337697394555e-05,0.000417344350461188,0.000143305804088258,-0.00133501711324269,-0.00109677333014598,-0.000654626015110033,-0.00306519289878224,-0.000764154528271484,-0.00225253277749043,-0.00139634232052715,-0.00221544518551185,0.000584141249724006,-0.00605490376565509,-0.00292909519916107,-0.0083399175490196,0.014453847234159
"356.799",0,0,0,0,0,0,0,0,0,0,0,0,0,0,0,0,0,0,0,0,0,0,0,0,0,0,0,0,0,0,-0.00624856326497786,6.65498607620163e-05,-7.77728737252174e-05,0.000211121154869973,0.000337699170371336,-0.000263333257663976,-0.00110388880128777,-0.00108806039364839,0.000590940485000448,6.06441045101604e-05,-6.05789385714358e-05,-0.001070214271529,-0.00120865691488518,-0.00013612797787717,-0.00171581229030374,6.39789704705062e-05,-0.00128387407998939,-0.000686223368359508,-0.00245653229026655,-0.00464018753216969,-0.00399912912429732,-0.0047861920487421,0.0146812764165889
"361.361",0,0,0,0,0,0,0,0,0,0,0,0,0,0,0,0,0,0,0,0,0,0,0,0,0,0,0,0,0,-0.00647007126192439,0.000329314156394835,0.000863279199792493,0.000569573631023437,0.000691939133481019,0.000237562475764175,-0.00027702606291815,0.00244165492220186,0.000781849853156276,-0.000329785075394266,0.000830587251095105,0.000924265934246376,-0.000581306635556837,0.000628984407699829,0.00084965971647836,0.00064473734399719,-0.00050795569032577,-0.000261498563095618,0.00139971916900801,0.00419421562626691,0.00782582213963106,0.0074220958663522,0.00790592223518359,0.0583359699173053
"365.926",0,0,0,0,0,0,0,0,0,0,0,0,0,0,0,0,0,0,0,0,0,0,0,0,0,0,0,0,-0.00525404036543253,-0.000206506946636011,-0.00039887646315852,-0.000639982621602347,-0.000950828641302707,-0.000344869331734657,-0.00145161745198703,-0.00152095270432084,-0.000208772975798299,0.000480202065259732,-0.000643241274683717,-0.000156373672751738,-0.00051675225144128,-0.000721556480940495,-0.000955358254630676,-0.000997193319258973,-0.000304533435674649,-0.000401804244724029,-0.0032814837016139,-0.00372721869816467,-0.00147631399435163,-0.004311219507981,-0.00507894251954041,-0.0107826581999343,-0.0218427132165708
"370.495",0,0,0,0,0,0,0,0,0,0,0,0,0,0,0,0,0,0,0,0,0,0,0,0,0,0,0,-0.0114287090160831,0.000996987419816103,0.000231427859483619,0.000463612571321176,-0.000316105220380644,0.00108421146315412,-0.000223564502583682,-4.11739655014065e-05,0.00107200414844914,0.000112347960052033,-0.000411144233495773,-0.000351829946386973,-0.000393021910647862,8.6568818320349e-05,-0.00150467446977417,-0.00118832999400065,-0.000689036602995924,-0.000597230691994835,0.0004901067981049,-0.00278460347890787,-0.00141156709375586,-0.00325865496449274,-0.00214350066546993,0.00161613289624945,-0.0073209691684591,0.0363508577206585
"375.067",0,0,0,0,0,0,0,0,0,0,0,0,0,0,0,0,0,0,0,0,0,0,0,0,0,0,-0.00726277799812136,0.00106210347338194,0.000759581226832504,0.000527041038176613,0.000357036481520447,0.000566608364265637,0.00030642718312591,0.000564999399452079,0.00152039074470979,0.000946694548480037,0.000331503617634625,0.00138737838535709,-6.55829097582308e-05,0.000943874191210907,-0.000492435859287216,0.000309866759999801,0.000103229258352714,0.00114603514405288,2.44289316490781e-05,0.000842438566755042,0.00234298455088331,0.00299372696084751,0.000654410869091601,0.00924169932048225,0.0101611344926875,0.0235404020490901,0.0348386975877834
"379.641",0,0,0,0,0,0,0,0,0,0,0,0,0,0,0,0,0,0,0,0,0,0,0,0,0,-0.00699362707770734,7.72346808511626e-05,-0.000339718934890126,-0.00022288802875173,-0.000107259903134955,0.000288561020778353,0.000264408258314619,-0.000444307583374048,-0.000476155828815203,-0.000946189136227384,-0.000334530787760457,-3.2829090917696e-06,-0.00135684229320268,-0.00185770555572513,-0.000702003223689884,-0.000248205075091144,-0.000609553106932896,-0.000466928222941326,-0.00218055657032,0.000448969839235633,-0.00126673670494081,-0.00176917721968249,-0.00249981758091041,-0.00376381585701087,-0.0106924728026747,-0.00142445668049696,0.00702853680867938,-0.00336332534729854
"384.219",0,0,0,0,0,0,0,0,0,0,0,0,0,0,0,0,0,0,0,0,0,0,0,0,-0.00309203803777558,-0.000512534475069215,-0.0003993016117567,8.73528336310693e-05,-0.000895603321268998,-0.000479132164167125,-0.0010240372899977,-0.000368436709786257,-0.00103304245162962,0.0002691118190674,-1.44057598098699e-05,0.00018592592022371,-0.00029895472705582,-0.000489094457177786,0.000253841468186502,-0.00145567683971356,-0.000418623534440853,-0.000605973265052086,-0.00127633899465925,-0.000843889656433714,-0.000875346847680869,-0.000544622013024313,-0.00220265464229419,0.00192308948215645,-0.00430207592729016,-0.00531316188275495,-0.00944869487656547,0.0024093621318656,-0.0146220189842775
"388.801",0,0,0,0,0,0,0,0,0,0,0,0,0,0,0,0,0,0,0,0,0,0,0,-0.00619423272428665,0.00178601743358874,0.000629369497965815,-0.000339101960608876,0.000161741491406179,0.000537664390950399,0.00067427764336413,-4.0196938852299e-05,0.00041106839847195,-0.000657634424630363,0.00122775563571169,0.000493963378802497,-8.97627961902606e-05,0.000335901522029664,0.00106168376613303,0.000493241586878083,7.55340560445552e-05,0.000180901349355591,0.00144958914810285,0.00073998944253108,0.000828951544526843,0.00116412009241692,0.000976216620424618,0.00279674438432642,0.00482802875836586,0.00280715318251001,0.00307409986664928,0.00366926229336967,0.0150207980762959,0.018654026051089
"393.385",0,0,0,0,0,0,0,0,0,0,0,0,0,0,0,0,0,0,0,0,0,0,-0.00551799568710243,0.000375019585148309,-0.000262581587247486,-0.000253311297976708,-0.000133372456238458,-0.00071211944404679,0.000303881315150876,0.000278774720109907,-0.000321394460237257,-0.000204347709040084,0.000902599522897438,-0.000438980612428965,-0.00044905376473912,-0.000437477152894746,-0.000213099314191999,1.15728899679618e-05,0.000110413526789694,-0.00039022035062551,-0.00101040907562381,0.00013725699426251,-0.000464010572074599,0.000395940841677276,-0.00122480713756962,0.000123575960228091,-0.0010192983611577,-0.000643202113368452,-0.00432361781828993,-0.00147538624899918,-0.0037734861806982,-0.0118956482231949,0.0172283690533685
"397.972",0,0,0,0,0,0,0,0,0,0,0,0,0,0,0,0,0,0,0,0,0,-0.000310661507508359,0.00248357086324369,-0.000287544726644815,5.38603457544582e-06,9.90699420365237e-05,-3.62651865991942e-05,0.000549485125902823,0.000120464889632145,0.000299688303825967,-0.000402668942817055,0.000695457637394134,0.000452152680539238,0.000244838907417864,-7.80620438882984e-05,-7.03516720249745e-05,-0.000302919732273682,0.000216248045041688,-0.000326102327322932,-0.000884223764700151,-0.00039031149012,-0.000406430471188058,0.000109110955369989,-0.000839922258064366,0.000575540603722443,0.000208672411357317,-0.000366266426774328,0.000572723524846642,-0.0018121664185607,0.00380100870095524,-0.00631191344064866,0.0199177751651732,-0.00303747984978537
"402.562",0,0,0,0,0,0,0,0,0,0,0,0,0,0,0,0,0,0,0,0,-0.00719850965547397,0.00186872806462479,0.000659705363364717,0.000625625685420626,6.73371110195111e-05,0.000154668892253049,0.00043901739497559,0.000893126930887595,0.000780371090957709,-0.000336528584965336,0.00166947219034675,0.000259578661712969,4.35422638329925e-05,-0.000462399957961279,0.000173730074037512,0.000336695514603606,-0.000511222779597392,0.000108288978131633,0.000634372671117441,-0.000585860438620164,0.00108548247878606,0.00119549648869576,-0.00034453953645534,-6.64612277750123e-05,0.00050485036066282,0.000752903359687745,0.00136725215462379,-0.000130646038055164,0.00260945738512223,0.00311785971062394,0.0132180193448848,0.00645787131974107,-0.016598298175685
"407.156",0,0,0,0,0,0,0,0,0,0,0,0,0,0,0,0,0,0,0,-0.011228048680628,0.00129365845295257,4.06570322956457e-05,-0.000935179641696625,-0.000324545998309971,-0.000207553692929009,-0.000648715320167712,-0.000884432496723726,-0.000208723025520051,-0.000309410513145286,-2.07060078261379e-05,-0.000743270233160589,-2.35000130297024e-05,-0.000186265611544473,-0.00043723954209513,-0.000289705205987114,-0.00142422820303219,0.000217209035927956,-0.00015971891028976,-0.000194767355517079,9.60527621515921e-05,-0.000444864443176998,-0.000723378713540799,-0.000180157176628078,-0.0012096209772308,-0.000168824961533064,-0.000983246744525553,0.000626290906083522,-0.00198735137482001,0.000592257414660451,-0.000451671839205673,-0.00745154931636011,-0.00342620472326257,-0.00969595928862526
"411.752",0,0,0,0,0,0,0,0,0,0,0,0,0,0,0,0,0,0,-0.00628820742298342,-0.00134413342586756,0.000525771037792193,0.000745945087652019,-0.000135117078737367,0.000557821175577764,-0.00017450767453556,0.000103205684573124,2.45324715672179e-05,-0.000650930440679678,-0.000808968623355687,0.00048904363008602,0.000229954270855898,-0.000359854934591379,0.000197883271065015,-0.000225847716117863,-0.000296006108058679,0.000222199960279974,-0.000148585191360598,-6.16431729350769e-05,0.000771036754788091,6.63589159700822e-05,0.000142483087158754,-2.33796489316346e-06,-0.00138454843874341,-0.000708457060100391,0.000399718960222364,0.000594267522946271,0.000204854578801158,-0.000750799220013451,-2.05825096495573e-06,0.00052063063576321,0.00508357922260685,-0.00427599971575577,0.00331672231423693
"416.352",0,0,0,0,0,0,0,0,0,0,0,0,0,0,0,0,0,0,-0.000354737637878549,-0.00027380995951288,0.00147876886720692,0.000520518313990883,0.000456064630914924,0.000382581173933518,0.000331452508231803,-2.27826561422636e-05,0.000295381316239386,-9.22972876202591e-05,0.000997577611932282,0.000982048104623425,0.000173625072386145,0.000285465361118413,0.000578904259618438,0.000486431518018142,0.000715616553113456,0.000996710737049768,0.000409405498337147,0.00128468989575372,0.00114532701871086,-6.89022783243519e-05,-3.14495999536842e-05,0.00130225302166105,-5.43546123887369e-05,0.000809100738701942,0.000323170968308953,0.00256980871935186,-0.000304478872889139,0.0055161527159669,0.00203341994481551,0.0028416250017063,0.00907467175383154,0.00973668381236518,0.0549914730237382
"420.954",0,0,0,0,0,0,0,0,0,0,0,0,0,0,0,0,0,0.00142188004638752,-0.000294552775135813,0.000343716773534066,-0.000163172062400785,-5.83894998970307e-05,0.000467927881138137,4.84721734870467e-05,-0.000119624703399059,-0.00059187313085938,-0.000678689558219689,-0.00135630254024152,-9.77579391785721e-05,0.000107436485944882,0.000107503181380226,1.64004961039879e-05,-0.000378719152210878,-1.23817691280506e-05,0.000124744580594121,-0.000394667132192889,-0.00091730649771666,0.000298329397674207,-0.000320673678912207,2.42789232070167e-05,-0.000171483793389662,-0.00119058310685984,-0.000222567787665186,0.000229010536808593,-0.000436596159192001,-0.00107118734432303,-0.00112363572626645,0.00276051934523474,-0.00471327332075612,-0.00143761093910133,0.00443755163956244,-0.00347658074931091,-0.0058775204319174
"425.56",0,0,0,0,0,0,0,0,0,0,0,0,0,0,0,0,-0.000782472556151492,-1.43791739606637e-05,-0.000606020341397057,-1.64140122739334e-05,-0.000740358920126075,-0.000313507729050714,3.86566734809763e-05,-5.14684899322511e-05,-0.000240979269896327,-0.000442305088212667,-0.000223184042026023,0.000274395663610538,-0.000393193472260886,-0.000351086066850795,-0.000321176571655058,-0.000624504394773466,-6.44842562108505e-05,3.49665356381308e-05,0.000199142043149518,0.000251738281106173,-0.000695637804441611,0.000214507011120339,-6.17585742149667e-05,-0.000655609682463014,-0.000180895400208671,0.000102513659011953,-0.000763064285814908,-0.000497443154770673,-0.00123052672811269,0.000401043596002265,-0.00255869439105159,-0.000550861817398934,-0.00301511673181216,-0.000986732044143038,-0.00324540280978378,-0.00340649032459941,-0.0349127955372847
"430.168",0,0,0,0,0,0,0,0,0,0,0,0,0,0,0,-0.00181236494412984,-0.000320277350874327,0.000153805896648071,-1.49632754774106e-05,-0.000191063467215145,-0.000102002265192684,0.000269154788727786,0.000319946706286972,0.000547732085943883,-6.49373210862177e-05,-0.000702414124867774,0.000377178949298479,0.00037736033795967,0.000168055983800838,0.000131253720414074,0.000357085385744376,0.000418173848892672,0.000254664836025844,0.000187366777023348,0.000374137501155791,0.000335584894806019,0.000355271481074478,-0.000235946042774308,0.000209782013556974,0.000326158059985157,-0.000164344693255426,0.000261646921515355,0.00116605825680387,-0.000170714559025908,0.000546104515990812,0.000524891050669025,0.000380323267432763,0.00103909465701552,0.00240979258926006,0.00275047597886127,-0.00582408494484129,0.00960194875086597,0.0155593942535338
"434.779",0,0,0,0,0,0,0,0,0,0,0,0,0,0,-0.00224873149407648,6.21839439015025e-05,-0.00080280865552677,-3.18017298028776e-05,-0.000580870286004252,0.000267115532728156,-0.000390955207504291,-0.000265707761951933,0.000179471436370387,-0.000359128046346268,-0.00111124866983089,0.000268114506219788,-0.000437195543465576,-1.9220671934874e-05,8.35551486995975e-06,-0.000237813058750345,7.76603243461828e-05,9.49753938439319e-05,-0.000160137002972418,-0.000199923853535276,-0.00063898943524722,-0.000575425198860727,-0.000691825827110377,-0.000135752211722497,-0.000705551265806718,-0.000579182495130117,-0.000445632214610216,-0.000849564928109676,0.000402475334810658,-0.000300433388158729,-0.000920542444352865,-0.0011072373552462,-0.00107825208504832,-0.000809596783239501,-0.00255610553994521,-0.000206723255307118,-0.00416321156459039,-0.00999956261156582,-0.0113382830346792
"439.393",0,0,0,0,0,0,0,0,0,0,0,0,0,-0.00249959880686104,-0.000557453556596917,-6.47854327521318e-05,-0.000120337686867878,-0.000255923676383585,-0.000198085249773276,-0.00058982076648348,-7.86497986123701e-05,-9.30243771904127e-05,2.37151518457279e-05,-0.000277703176182288,-1.30330964115202e-05,0.000334954416959569,-1.32989355686348e-05,-0.000574555632892002,-0.000133017237083181,-9.66614781709253e-05,-0.000147726554445423,0.000120196356172422,0.000436444526648589,-0.000440806882142407,0.000231131228867641,-0.000207791361129839,0.00035194689479691,-0.000134805594257976,-0.000642882054741674,0.000434986555947626,-0.000350011565645709,-0.000234762248737157,4.49623002576013e-05,-0.000613894782123372,-0.000349806931342791,0.000233720234815547,0.000219664223827921,0.00133542366102139,0.000534374520213808,-0.00225950613518769,0.00456298547492089,-0.012834084334973,-0.015369127497945
"444.01",0,0,0,0,0,0,0,0,0,0,0,0,-0.00435746043350099,-0.000318290280865552,-0.000148110373766311,-0.000144286658727125,-0.000152334563911065,-3.20438508444819e-06,-0.000185089498654692,-2.52540742398469e-05,0.000367811321862756,-0.00050058218397691,-0.000392420877413069,-5.30807128983277e-05,-0.00069810573819314,-0.000282030413940308,-0.000220198204733976,8.66818965634218e-05,-0.000716103927970175,-6.96732199702742e-05,-0.000240382932958016,-4.38008585345739e-05,-0.000330491053884321,-0.000205603556193651,-0.000941137023692297,-0.000273732634331441,-0.000206618119342675,-0.000743706423078189,0.00013609061802697,-0.0008770146838575,-9.44193151595654e-05,0.000112754483076152,0.000235600562968461,-0.000735578154371902,-0.00116145189092177,-0.00150208228302201,-0.00133970447004411,-0.000379992980220724,0.000575756260987181,-0.00317729463281953,-0.00463476061302325,-0.0120755498807733,0.0117054572868226
"448.63",0,0,0,0,0,0,0,0,0,0,0,-0.00362660501776624,4.33812607420689e-05,7.01750830514342e-05,0.000161324293939053,-0.000458301223217637,-0.000477178868697752,-0.000265146720873974,0.0004557268951007,1.91122532642351e-05,0.000807161453000741,-0.000640577367184836,9.75629487795573e-05,0.000144821590177743,-0.000109251220748132,0.000355271760540107,-0.000292870721571613,-0.000556883893761882,-0.0001201219350273,1.67691619064642e-05,-4.37097318780038e-07,-0.000160376528752981,-5.14772325546868e-05,-0.000270614219614485,-0.000344374850830415,0.000504068951290912,0.000110537400600587,-6.47729377095637e-05,-6.83962942445937e-05,-0.000847994891615634,0.000544514427703392,4.12367131716928e-05,-0.000188965216909543,0.000502027286199538,-0.000654064160058727,-0.000279284611636376,0.000947156103130192,-0.000593559818356415,-0.00208497341045779,-0.00132375323210747,-0.00865660425892742,-0.0032131272337128,-0.0120007533205091
"453.253",0,0,0,0,0,0,0,0,0,0,-0.00567755528633934,-0.000437469865345333,-0.000407847393661369,0.000103244729236847,-0.00035218281158494,0.000303741703309112,0.000415157588871347,-0.000110620400127141,0.000154559147369536,0.000162525264902092,4.97454775608887e-05,-0.00100766513777918,-3.74493083339436e-05,-0.000125265632165375,1.46693864675181e-05,3.28705555370982e-05,7.49221041801331e-06,-5.13663923320276e-05,0.000185820468251348,-1.73577024698347e-05,-0.000457240026299241,0.000356124817658957,-0.000388944815481415,-0.000190127984688809,-0.00034112098723724,0.000224751488549473,-0.000120779548412134,-0.000499754205692572,0.000613360859244893,0.000417435569351958,-0.000732550058242592,-0.000572580864492953,-0.000449483728732275,-0.000181369012078091,-0.000480721301884362,7.28404793944935e-05,0.000692996097399161,-0.0013226329644258,-0.000563702988861884,-0.00340910967860679,-0.000215264877675651,0.00277696181772993,-0.0123074118640316
"457.878",0,0,0,0,0,0,0,0,0,-0.00572771976317629,-0.000266078500744213,-8.85805126255436e-05,-0.000181040245480754,0.000163422091273378,0.000480910292290079,-2.00448436373424e-06,0.000226909143300296,0.000131009010888976,-0.000138007162839107,0.000355174556835108,0.000245421929159001,-0.00015933703028348,-0.000281385582207371,0.00045036203567317,0.000103938075469406,-3.42940511359921e-05,0.000327756687810764,-0.000168253915789601,0.000184172325451873,0.000223663944678512,0.000426713233914461,-7.49636008461354e-05,0.000107090773655316,0.000407351950624619,0.000255731763699935,0.000232298133299443,-0.000119555190664211,-0.000158154195343022,-8.97083169249992e-05,0.00048538567871014,0.000253436983295823,0.000178034847169418,-0.000276305572065759,1.66040255369501e-05,0.00026718378469384,-0.000472933908127122,-0.00152562338782713,-0.000619297456404975,-0.000510547803826698,0.0027220360967133,0.00537556426373439,0.00569713330188056,0.0204667419625923
"462.506",0,0,0,0,0,0,0,0,-0.00562071053575255,-0.00218091868280344,-0.000521523467187258,-0.000164260602549191,-0.000372187965091491,-0.000477308332016234,-0.000855287140011545,-0.00046845755235366,-0.000462767921176953,0.000103965863998917,-0.000678317080921503,-0.000278334539292263,0.00013224024835674,-0.000316522779271473,-0.000744693748256731,-0.000193319491446967,-3.56605515959332e-05,-0.000228643394861728,-0.000334323411228278,-5.8722853769097e-05,-0.000723547318852932,1.61038687565534e-05,-0.000277659346373067,-8.26151235667729e-05,0.000180491052970772,-0.000532759940566176,-0.000589175486266416,-0.000315638452829293,-0.000686403498736791,-5.33754158377083e-05,-0.000956098106147067,5.76531503964254e-05,-0.00040500795482494,-0.000835920672104738,-0.00125947995154006,-0.00047286563334688,-0.000922530084638073,-0.00108503641548602,-0.00219553228553017,-0.00198190217978766,-0.000873942733358535,-0.000648803636435449,-0.000212196168441918,-0.0126758223428699,-0.0028615050042815
"467.137",0,0,0,0,0,0,0,-0.0034057384718571,-0.000937732821271658,0.000218345139705224,5.00882156993369e-05,0.000116790260171498,0.000164142942833239,0.00036140406750371,0.000494599920589108,-0.000197223229096638,8.0946130600451e-05,0.000572616644238227,0.000267835972802907,7.05262568146438e-05,0.000260462860173859,-2.83920077565059e-06,0.00055704363480331,8.98901112722128e-05,0.000145007965500269,0.000358206123424018,0.000377822121739746,0.00056641081549381,-4.97475410109787e-05,-5.09514613235588e-07,-0.000177672104018682,0.000530868950214002,0.000129187365139901,-0.000184196411395361,-0.000130768078124887,7.20407857888755e-05,0.00025070234827163,0.000378372537557054,-0.000120512382051222,0.000497841824364041,3.588257457058e-05,0.000119839748854666,0.000401827449705802,-0.000260405685878907,-0.000385462315935877,0.00177287551741477,-0.000878749027814456,0.0010300170741351,-0.000320923750098721,0.000758906885731672,0.000197980323637479,0.0053859043634014,0.0114665712407832
"471.771",0,0,0,0,0,0,-0.00318714913946547,0.000868255715757063,-0.000270223556598094,-0.000129146832026668,-0.000247926332396196,-0.000167706325414616,-0.000389166367176701,-4.28955205904701e-05,0.000154309636974333,6.77825703265606e-05,0.000343063652662369,-4.79184248222487e-05,0.000369030033450861,0.000555599347617959,-0.000471062969376554,-7.94550431413989e-05,-0.00022339950266284,-0.000449440320892459,0.00019513279433195,-0.00026523040921883,4.03704844487541e-05,2.38800901064173e-05,-0.000326262225545617,-0.000355230979716085,-0.000152297967217441,0.000119199793787958,-0.000146529589678326,8.95398493959188e-05,-0.000233529471078014,0.000316377233283927,-2.00051491373145e-05,-0.000164022199386326,9.57064828593735e-05,0.00014886876591688,0.000603310741622723,-0.00044411811968904,7.2701308241828e-05,3.26044225144009e-05,-0.000262213136455803,0.000264356156154857,-0.000727374745772567,-0.000567334846736571,-0.00270797466607453,-0.000764141528688183,0.00370411224020008,0.014894764358893,0.00621923177810819
"476.407",0,0,0,0,0,-0.00620890752534517,-0.00135160541647152,-0.000463348659966814,8.40896328136941e-05,-0.000281390444221158,-0.000576031861461555,-0.000338350296537766,-0.000412154018441308,-0.00039334905265672,4.53147307030564e-05,-0.000742465392250381,-0.000762351326977556,-0.0006006391098005,-0.000212396242715605,-0.000407754886714375,0.000275762854902891,-0.000380685217514992,-0.000534891753652718,-0.000393679550447656,-0.000314469418021566,-0.000264445354198705,-0.000342538533194751,-0.000194987583049048,-0.000381448494304728,-0.000193002264615491,-0.000461739792980833,-0.000398528484043761,-0.000411435811251015,-0.00058573783201728,-0.000488539643160677,-0.000606457905002797,-0.00065021712186606,-0.000224446341262558,-0.000246855176205203,-0.000391343098834383,-0.00109552828000958,-0.00157557697928591,-0.0012134035671645,-0.000189238079728001,-0.00181799170091117,-0.00187534098423419,-0.00052149522876872,-0.00126688854917509,-0.00287389927248324,-0.00276841667002926,-0.00840733261491454,-0.00818300903203305,-0.0322381725792948
"481.047",0,0,0,0,0,-0.00152844167565536,-0.000108546329145793,-0.000242442503739436,0.000135200528551837,0.00029316107734146,-0.000152203910252734,-8.70216943453755e-06,-9.06487376193258e-05,-0.000318607644752793,-0.00024071739386932,-0.000177559791611382,4.20163156829392e-05,-0.000193559372088634,-1.30054633162187e-05,-0.000634824503264956,-0.000432813567384071,-0.000111380765816447,0.000191686133028233,-0.000347136839390933,-0.000362807664731952,-6.5756124959981e-05,-5.68115948720568e-05,-0.00036350463579379,-0.000395706887425073,-0.000519186425829571,-5.56926217541502e-05,-0.000325070708499191,-0.000401242034160142,-0.000238209136945282,-0.000161835197583386,-0.000297636202427652,0.000303379652622941,-0.000181840204124014,-0.000203506768890353,0.000341971497343235,-0.000111039416885867,-0.000625094697415494,-0.000765133433135069,-0.000440462085373253,0.000218186219321985,-0.000814272465544929,0.000633432487898316,0.000208079532701591,-0.00183261401648934,0.000993064835345949,-0.00199770796798415,-0.00493314652373881,-0.00139284688851976
"485.688",0,0,0,0,-0.000619054826332344,0.000269652580115305,4.91787029036391e-05,1.18703976217495e-05,0.000266415037530658,0.000713311183855745,0.000406186519360303,-0.000228379742855378,0.000489239245006099,0.000429149938289656,0.000603511306378719,-1.93873541931577e-05,0.000307103441760615,0.000315008769074948,0.00112965233971749,0.00111726695636557,0.000782058705392398,0.000513403217918663,0.000283554180139276,0.000436194778839771,-3.43313826515529e-05,0.000804763732388867,-8.87036370848782e-06,0.000493102585221593,0.000177341724034869,0.00039941292597486,0.000498840236489494,0.00046720133644919,0.000224010486407414,-0.000157017937169759,0.00051889044515666,0.000610651864029091,0.000798902010073095,0.000413611896672287,0.000521585865289613,0.000913642000948971,0.000905080696025648,0.000437821642494405,0.000602076688211403,0.00150882190363435,0.000416072553914645,0.00102824140731099,0.00305700886811002,0.00199201001943213,4.20413447222872e-05,0.00443415021248587,0.00676869425850529,0.0158399923040595,0.00104637200710456
"490.333",0,0,0,-0.00225673617675845,-2.58935398543009e-05,-1.49527295728567e-05,0.000463996970324367,9.29176840001916e-05,-5.63305576924167e-05,-6.69500518295709e-05,0.000110670932433331,-0.000196275528607865,0.000294294966257805,0.000454599174903289,0.000262384073257918,-2.84859967764018e-05,0.000582223414785692,5.79828730938366e-05,0.000239346015147989,-6.14915480685277e-05,0.000949963761323346,-7.46045326961631e-05,0.000257112060961063,0.000169488122979462,5.93680056853124e-05,4.1372610492825e-05,0.000820277074865708,0.000558722824545281,0.000380377771120386,0.000376247124578143,0.000229806186995569,-8.32157606744423e-06,6.40047708821977e-05,0.000303393351042897,0.000358453124258436,0,7.60370537987563e-05,-0.000111778259659085,0.000416140943806467,0.000434561484075319,0.000858065801205809,0.000558682955724897,-0.000281542978293906,0.000661779131854038,0.000995468765653431,-4.82295677022817e-05,0.00187729394953076,-7.3250239600273e-05,-9.43335432564561e-05,-0.00075886346832011,-0.00171612625977854,-0.00160585369600319,0.0327378371593419
"494.979",0,0,-0.000504492542145324,0.000379354823723426,7.96590387387531e-05,0.000270776586397728,4.02098991452945e-05,0.000142218929638744,3.97111601199957e-05,0.000128619563370871,0.000347900212703462,-0.000110337415177244,0.000244957842564879,0.000109963916184877,0.00010974644583725,-7.81134456845755e-05,-0.000338491056611472,0.000647698675203891,0.000449452233821328,0.000277131292110816,0.000165661049789636,-0.000516015801550157,3.64020051680368e-05,0.000187318580780315,0.000287263394900247,0.000394645805699222,0.000105187006778746,-0.000372571071119757,-9.72270003985981e-05,0.000351999525986134,5.51319044188246e-05,0.000325456655479289,3.12838440905943e-05,0.000204171557727801,-2.64243059726829e-05,0.000305389741252212,0.000571539785366816,0.000687128956988345,-0.000331472106895429,0.000308299426364193,-0.000283147296526684,-0.000173867693005861,8.71755238067414e-05,0.00122181769156164,0.000377169247800704,0.000309502164780857,0.000721308778257615,-0.000283620158309851,-0.000362107279278033,0.00550552617757326,0.00327405461759191,-0.00575605501890286,0.0201422515291184
"499.629",0,-0.00259366584073702,-1.68013494888149e-05,-0.000129357939358176,-5.25129333162668e-05,-0.000325179968041576,0.000101066150488718,0.000163539900978326,6.95760685902714e-05,1.06023274159865e-05,0.000425702639235142,-0.000544971571120884,0.000137923846040584,3.91126634660135e-06,0.000227827131480481,0.000350029593764518,0.000101125695113289,-0.000276157479152506,-0.000421938062503966,-0.000346395218492966,0.000302227793996606,0.000338336656388853,0.000146198362040257,-0.000381927901406288,0.000218687862893526,-0.000131166991167592,0.000427974520763848,8.84593569422848e-05,-0.000144946502013672,0.000191091844116242,3.13247664623997e-05,-0.000316501270182463,-3.99518620991007e-05,7.31641965615011e-05,-0.000323906692528535,0.000259761589524866,0.000113385474326379,-1.11936604077517e-05,0.000361232722286669,0.000683002081645145,7.30505364394546e-05,-4.07532017515793e-05,-0.000471158477497142,-0.000169305704101864,-0.000119047414996342,0.00078605923868366,-0.000805550122691683,0.000832725406362819,-0.00183234746005999,0.00129693387253426,0.00028133535742686,-0.0115032425549333,-0.00231834942446686
"504.281",-0.00163049079696659,-0.000487950967790094,-0.000564973264838006,-0.000120648437356271,-0.000118438850016129,3.33568161285484e-05,-0.000193856809153922,-0.000258664674437664,-7.09904212823607e-05,-3.05606135698944e-05,-0.000203740178929034,-1.00559434451869e-06,-5.07979339639911e-05,3.28162411427461e-05,7.45967152947034e-05,-0.000266226189364557,0.000311614429103001,0.00033257283124329,2.71318718203234e-05,0,6.83445779832681e-05,-0.000156571912218488,-7.35202243750204e-05,0.000328777712800718,-0.000135081095741877,9.8095460510798e-05,-0.000122046247185304,-0.000322920071079039,6.42735930354017e-05,3.97839806751508e-05,-7.94259640903037e-05,-9.5086444861734e-05,-0.000465198761791899,-0.0002219575212003,7.91352441423395e-06,-0.000242871007937331,-0.000190079721065912,-0.000727164517648024,-0.000288275121841187,0.000352636493847738,-0.00033020183801934,-5.38163000034715e-05,-0.00102972274121333,-0.000423925308814967,-0.00021948447484066,0.000190068009148057,-0.00069117493591762,0.00079932435526597,-0.00187922196519512,-0.00196361753396161,-0.0142186311573105,-0.00788120227326644,-0.0234613520311885
"508.936",-0.000224655954804072,-0.000181310543667539,-0.000362448200763987,0.000320622150148455,-9.58319802625659e-05,0.000147387534040602,0.000201744422842304,4.80213377095383e-05,-0.000150791331011618,0.000145504653729925,-5.28395567668165e-05,0.000672162135303975,0.000609861647383104,0.000253126747152737,-8.84017562701768e-06,0.000142499907479544,0.000265238610721488,8.4250264146026e-05,0.000502530702732419,0.000137801314196665,-3.95368371387588e-05,0.000227494006081609,0.000409568471492087,0.00016803812604693,0.000209650826188777,0.000219841598394437,0.000426041348884177,0.000296773806535631,0.000344765463704777,-3.99713856159481e-05,0.000353905558489728,3.8800844686866e-05,0.000517114135885117,0.000659176743483984,0.000108913011081561,0.000133023152866117,0.000443518625069579,0.000872272904229444,0.0004975245589073,0.000169554710655592,0.000582837977858995,-0.000330519168074061,0.000613244431122651,0.000100305728183276,0.00106561229507354,0.00030783538813618,-0.000344403847380796,0.00117599976541478,0.0015014814529282,-0.00443847613049864,0.00346305428285232,-0.00302846117253426,0.0177269274614488
"513.593",3.24614462090134e-05,0.000168408884292998,1.71744308657523e-05,0.000496628796372249,0.000232528624063132,0.000240615555503388,0.00027143173745846,-2.66173709526208e-05,0.000128891615831277,0.000133969879129378,0.000266227856077438,0.000290082813817227,-8.90441009408207e-05,0.000393381054302908,-0.000320024256610159,8.94409198714216e-05,0.000442104229414564,0.000161277640620647,-0.000101888257123401,-0.000518329774733175,0.000135879955329643,0.000426724593277483,0.000262732920810514,5.32877459831919e-05,0.000308865062630427,8.1371590902076e-05,1.5849647086467e-05,-0.000295175072704168,-0.000143478932343424,-8.66783838042991e-05,0.000164144885999729,0.000211113021492884,-5.55434939159331e-05,2.42906277771856e-05,-0.000159810379577212,-0.000595250016641154,2.81716107293949e-05,0.000419510399575211,0.000526406286549972,0.000529713255277125,-0.000157151024938726,0.000485699535801789,-0.000261828157586438,0.000285880427651353,0.000372952562384959,0.000754078747435605,0.00176318298125637,0.000582275671897592,-0.000356209571950455,-0.000165661853102239,0.0012313416717088,-0.00336827467398928,0.00834465933769238
"518.252",0.000220948175511667,0.00029521426317484,0.000472356941366425,0.000335419878436013,7.20293666628586e-05,0.000186270897590009,0.000179954748523473,0.000104850360241029,7.89287964069138e-05,9.25935332835414e-05,-0.000110743851981904,-1.11813655589562e-05,0.00035769031633562,0.000318432590980642,0.000407878881888796,-0.000159210754329092,0.000896296550343232,0.00048843111135105,0.000267618665820297,1.02297480926038e-06,-0.000105068984195299,0.000434104812489931,0.00050495806217882,9.65372192134749e-05,-9.10230705850733e-05,6.49552875254499e-05,0.000429990280971141,0.000293726725228943,0.000222244884606537,0.00032187342231815,0.000389277251612463,0.000615196358929452,7.1045012367595e-05,0.000152990829999374,0.000552511433036856,0.000212160144279229,3.48091824906624e-07,0.000268246612289072,0.000440639411322045,0.000393115254069214,-0.000168259232827565,0.000444770118023801,0.000709115726079727,0.000733191244059974,0.00105448816423742,0.00183112348651832,0.000253862253073269,0.00219455718201761,-0.00441632329934669,0.00111053359313601,0.00280499759746746,-0.000561572223435646,0.00876069562936182
"522.914",-0.000649502254631963,-0.000872927241547516,-0.000435806977026303,-0.000242838470739682,0.000135723169213739,-0.00052346433936633,-0.000393969399880914,-0.000514266257053373,-0.000305595004982569,-0.000180525691524224,-0.000423302720507379,-0.000322975512181163,-0.000297454533889211,0.000192751725476114,-0.000501129115078713,0.000104395854383734,-0.000581167578930664,-9.24662272673042e-05,-0.00029341025746707,-0.000136106529626126,-0.000278251864236016,-0.000306045535678317,-0.000779883652908309,-0.000287170320566392,-0.000652063997343065,-0.000353823602236724,-0.000515132722662598,-0.000331790471426017,-0.000536765630279665,7.66913642786412e-06,6.16911193500013e-05,0.000131161914467549,-0.000517634422481584,-0.000265194493638967,-0.000458270695783579,-0.000703365887649854,-0.000335143193883185,-0.000375463316361598,-0.000125887510901379,-0.000580678213386968,-0.000718359386421861,-9.86588231897891e-07,-0.000231725686864809,-0.00117641658003734,-0.00114837048813676,-0.00124253292260959,-0.00180364485527044,-0.00274195516771158,-0.0075766192370833,-0.005014289471959,-0.00438692154177489,-0.00684960376242732,-0.0370933015612176
"527.579",0.00038496108701729,-0.000529347953174946,0.000141216015726085,-0.000233833785228699,-6.48055087456142e-05,-7.29773374151432e-05,-0.000159637639777642,-4.45815166191275e-08,-0.000256132224223249,3.74729993187253e-05,0.000235388263251896,-0.000329015535764662,-8.46161318424875e-05,-8.76424659547702e-05,9.0382509273355e-05,0.00023225940248048,-0.000230526930612347,-0.000117290217009557,-0.00023806519184067,-0.000388029829251634,0.000257733694502951,-1.81392265439766e-05,0.000206162047199684,-4.32368443900227e-05,-0.000198149827296299,-0.000344635868413065,-0.000546235618233359,-0.00010247845439721,-0.000181465044196543,-0.000202834793044723,0.000154788545331347,0.000363748673844838,-0.000125564921653911,-0.000144347756925149,4.96256219972413e-05,1.7612164872659e-05,-0.000743686530636854,0.000444106499003604,-5.21806538995911e-05,0.000601928612758072,-0.000179548274358389,-0.000429168729476714,-0.000302978485655064,-0.000894440714992775,-0.000817505180559958,0.000439715493557157,-0.00033949239336541,-0.00555906449452574,-0.00616255744140415,-0.00126315199996399,-0.00273070762374632,-0.00315359358759343,0.000154020235568986
"532.245",-0.000121921535419927,0.00031326100762729,3.49390539955272e-05,-8.57066716966035e-06,-0.00010815047237484,1.94371570163102e-05,-0.000159509515570792,-9.59020403619184e-05,4.19126200520634e-06,-4.43341612683941e-05,-0.000171871596288902,-0.000586559430999299,-9.9034291296663e-05,0.000177606053916824,-0.000287924266879313,-0.000593736867538568,0.000103747209988687,3.37196433703043e-05,-9.1769446161462e-06,2.90143433559133e-05,-0.000468882505384543,-0.000170466629618827,-0.000349619213678108,1.73833229705967e-05,-7.43327572608715e-05,4.79422977654535e-05,0.000213693633714926,-0.000142313944096885,7.88943831700269e-05,-3.90441375296559e-05,-0.00016276545467533,-4.61873166922626e-05,-0.00024372695616458,-0.000304686244422339,-0.000683244387079497,-0.000237313342416886,-0.000567605965842993,-0.000375789360331481,-0.000521353588347536,-0.000914809113904713,0.000573403618653719,-0.00018174538408219,-0.000115643976223395,-5.18341810397029e-05,0.000773830166207431,0.000883009924995599,-0.000572556444562307,-0.00444728822830462,-0.00371935138761481,-0.0044060538136202,-0.00691795529266147,-0.00390964276967241,-0.00857384330439802
"536.915",-0.000244318344274874,-0.000484624977379137,0.000133508563490356,-0.00063093556589259,-3.64924617805853e-05,-0.000126662818780051,-8.55127465682161e-05,-1.79104167919113e-05,-0.000454566095445221,1.31255405227612e-05,-0.000405821960556255,-0.000346775894355862,0.000135780263831226,0.000195411221002533,-0.000518992175599816,0.000120950610196489,-0.000553490018400893,-0.000228327980259953,6.5049101164915e-05,-0.000400672732137268,-0.000434037844973409,-0.000895969409559402,0.000271251669050024,-0.000596884421221073,-2.50433038745926e-05,-0.000226512472685324,-0.00057502260190153,-0.000931988482673893,8.74675206589558e-05,0.000117890861318397,-0.000671297334887786,-0.000148364462951007,-0.000450988557878981,-0.000339053333521527,-5.08729684122104e-05,-0.00012470039238417,-0.000656523129170479,-0.000119873370908187,-0.00067314601269922,0.000247035173173703,-0.00016894382445007,-0.000393427272266608,0.000362196570168123,-0.000754348861315094,-0.000826885960206642,-0.000853332518108619,-0.00346006189519989,-0.00556874995300688,-0.001487507473439,-0.00160858935123382,-0.00373854212258937,-0.0144125511361812,-0.0129134017017417
"541.586",-0.000179989127670872,8.88573359402465e-05,8.90558217763419e-05,0.000126440176913016,0.000124215775465996,-3.40865238755854e-05,-5.02766344445574e-07,0.000122528616876888,0.000373695674103043,0.000488554187982774,0.000760564768850555,0.000369668321790522,0.000381344629883375,0.000594001602299002,-0.000278647171796055,0.000236794907416611,0.000486497274835453,-0.000137305851081395,-0.000197090989144775,0.000285825254926245,9.6182368776211e-05,0.000474925393291142,-2.82512774472722e-05,0.000762407097451427,0.000816111793313599,3.99962425112478e-05,0.000386950472960765,-0.000145483811362008,9.64071574960505e-05,-8.3537261422299e-06,0.000157454650867955,0.000275694406137141,0.000326750413064361,-8.24369432283441e-05,0.000126359574120327,-2.79958514884884e-05,0.000596209065459872,-0.000142067481435547,4.12664119739737e-05,-1.23929137392413e-05,0.000388829264203203,0.000369264867480771,-0.00036873434103809,-0.000140597234737546,-0.000183790152924133,7.64804904068803e-05,0.000721030767188491,0.00393029807796572,0.000658502872092984,-0.00312613790757645,0.000268845840961863,0.00164468208955003,0.004744513801487
"546.26",0.000123304690568642,0.000341562800217686,0.000499357797667365,0.000487212286882573,0.000427834316669861,-0.000237985087737527,0.000147568377916255,-7.46051187183218e-07,0.000330637379803942,-3.26755201803339e-05,0.00043864543556159,0.000100720847468872,0.000761958381373066,0.000223374226149603,0.000349598313423361,-5.38999356877315e-05,0.000767474424680618,6.00730429373455e-05,0.000376229076948192,0.00039795831907725,-0.000294433690004579,-0.000295105326280285,6.47521314487656e-05,0.000125105018726524,0.00011853036441166,0.000189802037320581,4.88357104968681e-05,0.000202406193944099,-0.000105537014676297,0.000272355212824439,0.000158814913264637,0.000365451299829516,0.000385982656750889,0.000501331917990883,-5.17634945647256e-05,0.000568373747065018,-4.79116065733619e-05,0.000374323427087692,-7.49391645053928e-07,0.000595643778680448,0.000981388353243153,0.000265908644493605,0.000470623180875105,0.000640991045827961,0.00113282354939168,0.000710972318122796,-0.000239655474474992,0.000724340132468859,0.00366933924446128,0.000997024459200949,0.00214857035551787,0.000537902420806369,0.0202624755901492
"550.936",0.000863278491841965,0.000131162120445301,0.000228275121265397,5.10852261090233e-05,5.17729651236949e-05,0.000184478288924407,0.000110207187759194,0.000191534893931654,0.000241535532143277,0.000271729546821097,0.000151264670405797,0.000329860048508765,0.00016450445065255,0.000192804679851711,4.61417771609201e-05,-3.89883747291924e-05,-0.000362668629289274,0.000276202899430821,0.000161633534672234,0.00024022020289402,-0.00040649726303989,0.000379827775133782,0.000295822718161578,0.000431986503579799,-0.000333083653895574,0.000298359747955196,5.67371569188037e-05,-4.11164182177819e-05,-9.83141688625113e-05,0.000355134187202591,-0.000376432786705214,0.00060818484985718,0.000234559080602678,0.000944403207180547,0.000274838077257074,0.000508077898462343,0.000557613941477637,0.000408019434480205,0.000150173396241753,-0.000785286332984336,0.000135194172145414,0.000159780673408304,0.000769711033558666,-0.00012662512309972,-5.19669978163865e-05,0.000146365411482996,-0.00240202599650358,0.00306875827219486,0.0039241912021148,0.00131495497151029,0.00435873392615135,-0.00174148177457848,0.0114298867376078
"555.615",3.39721072335078e-05,-0.000559104662635937,-0.000423116220089714,-0.000595629615400315,-0.000908367683158629,-0.000529578031965585,-0.00025003989417064,-0.00019023887450411,-0.000282512820810561,-0.000444156315579873,-0.000267180228872007,-0.000174394969743085,-0.000644980385962836,-0.000395008393741156,-0.000494180639799165,-0.000902845942986126,0.000123443135488605,-0.000129837699009659,-0.000360469503518845,-0.000652456394198832,-0.000682820749214268,-0.000679080113185026,-0.000816662695198838,-0.000955360045633775,-0.000418900009384303,-0.000448977452226521,-0.000435047302200563,-0.000547874366215603,-0.00044995722325806,-8.09296308413103e-05,-0.000681351445025058,-0.000345224010891262,-0.000657743154510733,-0.000821358745659819,-0.000466478750278407,-0.000692595815672964,-0.000818580541605036,-0.000716008926385938,-0.000291941544311017,-0.000393558359468476,-0.000743676726106618,-0.000485306323489668,-0.00074948759003675,-0.00139597534607791,-0.00150342664928994,-0.00316849471534647,-0.00258555434608601,-0.000713285025821386,-0.000547312628149922,-0.003507379137814,-0.00258837754770565,-0.00249811260892041,-0.0123682550843217
"560.296",-0.00100650000997904,-0.00031617607587455,-0.000572645889391365,5.19478494060766e-05,-0.000733737274489554,-0.000596775791927347,-6.31674592328248e-05,-0.000210161503106092,-0.000217165022333071,-0.000258798925245596,-0.000174401059238428,-0.000602955478578409,-0.000473847300466223,-0.000631410688256235,-0.00053596204859744,0.000124716436540614,-0.000405797881035415,-0.000304903448761615,-0.000743762511543168,-0.000181855241938294,-1.07174522787238e-05,-0.000504637784974289,-0.000522518770498029,-0.000353112363235547,-0.000498172401702506,-0.00030053437583822,-0.000288903144517725,-0.000583350856820202,-0.000287600801516669,-0.000308789618195605,-0.000354450083339954,-5.6574779635531e-05,1.61532626018516e-05,-0.00036653328350239,-0.000208220567149126,6.30127158597616e-05,-0.000686739092093844,-0.000771325219871234,-0.000433957288922949,-0.000917253787494156,-0.000610602769296785,-0.000921110063674538,-0.00121665542843893,-0.00101385974624498,-0.0025900574116019,-0.00134878609849939,-0.0024341672949259,-0.0021395498979892,-0.00227632572004468,-0.00494634373383249,-0.00297628068573539,-0.022720623974533,-0.0229234722368475
"564.979",-0.000472709528264614,-0.000144002757985966,-0.000316587827483172,-0.000227576555261113,0.000186025290459687,0.000214231414763855,-0.000229891161890279,-0.000136607741646981,-0.000269423061819643,-0.000170187023984078,5.3619653720127e-05,-0.000423790308187527,0.000285482361027939,-0.00022036241617528,-0.000159112841328768,0.000134308722896863,-8.34145119876396e-06,-0.000430197549307302,-6.68797597319977e-05,0.000264608380482313,0.000833273874343391,-0.000310544898739305,-0.000582981327395254,0.000429554303975443,0.000190987539068159,0.000109305784943151,0.000390980953875514,-0.000314977775892211,0.000563521029799393,4.92302534590345e-05,0.000154436444677851,0.000463570986318703,-0.000156161723654264,-0.000176297371390213,-1.76172646147028e-05,0.000304327005287852,0.000126548929151393,0.000455936394567343,0.000525089557061635,-7.05221121370823e-05,-1.36277787904725e-05,0.000419670214981485,0.00123420015994829,-0.00121783573468916,-0.00160333294152504,-0.00105879991967196,-0.00032621618011373,0.000605211816349525,0.00039942177290115,-0.000895397883644782,-0.00430221511234497,0.000193480396410548,-0.0193280135849868
"569.664",-0.000302684418090478,-0.000705539870110103,9.31760781063299e-05,-0.000548165035339293,-0.000462153733753566,3.25926311283429e-05,0.000321180276143859,-0.000175988526008423,-6.30034734848944e-05,-0.000348571998828817,-0.000584567160933892,-0.000233656110031944,-0.000194480858514225,-6.60698299623456e-05,-0.000272540771999349,-4.75640622813754e-05,-0.000134740283678295,-0.000628651678719943,-3.90919671695937e-05,-0.000113200785242387,-0.000374658670334101,-0.000189262684678948,9.34335660106718e-06,-0.000110540209950838,2.58383263988073e-05,-8.49766864682928e-05,-0.000368545138729754,-9.20413961383232e-05,-4.18520153050273e-05,-0.000396706455314572,-9.84811081725929e-05,0.000261919181796668,-8.50162817545317e-06,-0.000195761205118385,-0.000458275748875368,-0.000166956653736407,-0.000442491849375262,-0.000282782235157281,0.000220180953989573,-0.000555236260076945,-0.000216999472645194,-0.00015586394702036,-0.000268295737839467,-0.00167683669964307,-0.00135241217964689,-0.00099555459458169,-0.00116236749225454,-0.00145070037182254,0.000710977528924753,0.000531997386885041,-0.00154998981060696,-0.00254429950229509,0.0150593376552271
"574.351",-4.67318123304071e-05,0.000501463319312819,0.000555801796708239,-0.000129764469075156,1.32175848317154e-05,0.000325039817169736,-0.000182298215699726,5.05582660529144e-05,0.000193948279151764,3.64885348598768e-05,-0.000137533181889879,-0.000308748795663699,-0.000374756354555607,-0.000149408680274883,0.000338832018559853,-0.000143952803564307,-0.000221224703075145,-0.000535764842248853,-0.000253885817323561,-0.000196628613939235,0.000194178104821549,0.000402235217197321,-0.000171996356162417,-0.000240940228264065,0.000123314019873354,0.000222297021940239,0.000506749072984049,-0.000244320624876588,0.000311407664053153,0.000141527371331224,0.000148596857329069,0.000412813191057818,-0.000142056539138561,0.000409959694231238,0.000434409634535288,0.000449603768600187,-0.000109155807556991,-0.000505564858996058,8.80794560166382e-05,-0.000334010174734781,-0.000117891721094485,0.00023103028469224,0.000689959017784621,-0.000669038785139825,0.000196561693813539,-0.000177613359675647,0.00138036809815081,0.000976380960426615,0.000471165677362585,0.000170551826601553,-0.00445844914385196,0.000590298981310434,-0.0283905841373682
"579.04",-0.000685825461864405,-0.000306441799124075,6.09800143972824e-05,-0.000628426624766483,-7.17316395403228e-05,-0.000380384161410364,-0.000397112504611657,-0.000267636823867547,-0.000493018352176764,-0.00041614556379296,-5.56024779769808e-05,-0.000746196709778141,-0.000618425936653511,-0.000594381064072528,0.00030110605613432,-0.000355647383129137,-0.000256367372362168,-0.000387014051697366,-0.000799266203373378,-0.000302211464639026,-0.000637783580882202,-0.000560621758535681,-0.000617367067837032,-0.000786521549012097,-0.000408199012764372,-0.000517748914104494,-0.000588122155928413,-0.000705171884191223,-0.000382248305613345,-0.000369796662013847,-0.000591432792740315,-0.000525378992882659,-0.00063290575570873,-0.000569303180287602,-0.000331354827963476,-0.000255362738824031,-0.000230053726442333,-0.00120093843359702,-0.000864782673917855,-0.000829895606384388,-0.000170714113237963,-0.00118015532718975,-0.00195388024918482,-0.00180871479368776,-0.00146921933139562,-0.00133592660296008,-0.000274032063402385,-0.0019363039698041,-0.00436060374589657,-0.0025713780308279,-0.00858857906346542,-0.0242974614845443,-0.0118643858683325
"583.732",0.000119388253733944,-0.000415040292750682,-0.000250604334105694,-0.000172780985099391,0.000485234382631906,0.000193182209117794,0.000253630468440405,-4.53412713450874e-06,0.000208213480484881,-6.75532793114288e-05,8.38879031762416e-05,0.000247973992179548,0.000113070928029488,-4.1508426378897e-05,2.51898589447717e-05,0.00018744956477032,8.70693907305747e-05,-2.64367792493978e-05,-0.000127677497725078,0.000505299941451851,0.000218652402099398,0.000214786459718488,0.000572962092049078,0.000452652034054396,-0.000142597937539011,-0.000112420821607754,-0.000324905643540958,8.59217375959623e-05,8.88233676222823e-06,0.000101729169428315,0.000201259957225434,-0.000217861817206563,0.000399871052606711,0.000373567009178351,0.000172122908182639,3.82718968439164e-05,-0.000432305135481482,-0.000213173104294274,0.000711136501709424,0.000820650407517934,0.000101004911770147,-3.6887090749449e-05,-0.000747976145067775,0.000827997593957498,-0.000233906786731097,0.00108639729089786,0.00149326805136934,0.000962309167009266,0.00125380260238358,-0.0017839650141927,0.00179489544979009,0.00621823859999794,0.0213338189432506
"588.426",-0.00013281848142021,-0.000250946856701206,-0.000374889418947985,-0.000235243986407535,-0.000870805585401937,-7.7210760405375e-06,-0.000195614473389584,-0.000118783165617722,-0.000241416152074689,-0.000534397784275829,-0.000398709219412757,-0.000506758371936973,-0.000617332650701308,-0.00028026044412611,-7.17437112324919e-07,-0.00115297026597411,-0.000641835642441321,0.000300491810896193,-0.000499316533745042,0.000198926274308774,0.000196839272729583,-0.000645565323868797,-0.000195511295628847,0.000208005740898304,-0.000206952018199421,-0.000262277328898444,-7.80719217890858e-05,-0.000103398840471216,-0.000215131135836944,-0.000382730821484769,7.98970895062387e-06,-0.000295383969328788,-0.000503961381981831,-0.000288526818755276,-0.000472168958252385,-0.000240084903990332,6.98755728440115e-05,-0.00103239419399013,-0.000716364338040165,-0.000792178992751145,-0.00117735911364295,-0.00145092796950724,0.000440238022555051,-0.00118200773125773,-0.000573980945811766,-0.00147974635861754,0.000883418461059009,-0.00037958765051839,-0.00319544533159414,-0.00206315206802264,0.0012692035073265,-0.00544506982573382,-0.00545979571712027
"593.121",-0.000374815276937786,-0.000661792083430807,-0.000133004033901542,-0.000868755077192154,-0.000503552912741387,-0.000383916909075807,0.00032701268816806,-0.000242863593883807,-8.61791845855282e-05,0.000265647893277424,-0.000105798726152754,-0.000516219626903657,-0.000331688184266884,-0.000101694996821121,-0.000305731836044942,-0.000460381500250063,2.64132911343555e-05,-0.000943205565010101,-0.000200098159300289,-0.000445029842007841,-0.000260984645288814,-0.000343249888944296,-0.00068577311000975,-0.000418645766769073,-9.86988725157349e-05,-0.0010529788406828,-0.000337787312501735,-0.000198437820082168,0.000293790594263933,-0.000409892762338251,0.000161027506380463,-0.000178012862222073,-0.000565225907206246,-0.000236768495397548,0.000109331797523207,0.000384565140336585,-0.000498188041000415,-0.000485818068842431,-0.000959718604815273,-0.000795586870000408,-0.000784355892671888,-0.00044826402991735,-0.00175476577698967,-0.000818143430940791,-0.00108641367230225,-0.00166454550572948,-0.000224609858874479,-0.0022764893077349,-2.03747403087606e-06,-0.000201271440037417,-0.00319574654219498,-0.00384228175639167,-0.0376776945681619
"597.819",-0.000429530479958213,-0.000332460383184065,-0.000331580218466683,-0.000514207640920794,-0.000126914078510925,-0.000145899633945662,-0.000301634357427116,-0.000139235306686166,-0.00048774964152627,-0.000399562538988605,-0.000332478518338937,-0.000394616095988967,-0.00028137306851512,-0.000778780159303771,-0.00079967373724994,-0.000446453867989673,-0.000350051155895239,-0.000358666118840518,-0.000998400081818316,-0.0004478186379639,-0.000304143933840141,-7.88360136848429e-05,-0.000237068899645738,-0.000488239769736595,-0.0008627050780473,-0.000132321064748659,-6.09565796534355e-05,-0.00042580426179393,-0.000295429251276113,-0.000352305860063669,-0.00029790490940991,-0.000400717495709029,0.000233053960391326,-3.56281019193195e-05,-0.00034859320560873,-2.94095141052997e-05,-0.000787755902951441,0.000368311265965506,-0.000552784898211507,-0.000542992645996781,-0.000742287250163468,-0.000403444632959812,-0.000168428985346534,-0.000586017991790494,-0.00132788093094344,-3.0781882385182e-05,-0.00258481768743775,-0.00321566587192211,-0.00182680942629427,-0.00222123771572396,-0.00310398885137231,-0.00753539833126365,-0.0141692797354915
"602.519",0.000210351028221744,3.72511066930978e-05,0.00032062280490213,0.000499200988738161,0.000382145431332804,0.000264292616637078,0.000231988767991106,6.74090887512173e-05,0.000163915403870425,6.3621045554322e-05,2.09877001384058e-05,0.00021965275054665,-0.000150930493821968,8.42759260443744e-06,0.000101235814942659,-0.000241893205783572,0.00016760751772284,0.000129953074553882,0.000335839398979858,0.000343997362029997,0.000541109170416583,-0.000100429232118917,0.00042716854171043,-9.65530712355975e-06,0.000357179470167557,0.000177609093025106,0.000509179362089724,0.000148987147515102,0.000183849324455359,-0.000112676052481747,8.59035701151829e-05,0.000257486047405332,-0.000548174666851795,-5.2976060009398e-05,0.000231062169284665,0.000554951186436016,9.71038103905769e-06,0.00066533048471782,0.000390324123072581,0.000296833760278699,0.000836893637236671,-0.00123613684637765,1.36842608425517e-05,0.000108124467046086,0.00025565426632064,-0.000714981136821167,0.000393220969511859,0.00135705338951373,-0.00135728702547696,0.00230185538730145,0.00150778254518522,0.00143744364224051,0.0153061920710294
"607.221",0.000223680657418544,0.000621028600656631,-9.07407908372758e-05,4.58494647742295e-05,0.00072350866935775,0.000363104456192879,-0.000262404752133808,0.000301817021969439,0.000258458917950328,0.000393555441653706,0.000171913556850064,0.000263532641759154,-8.97043383140716e-05,9.43974164630927e-05,0.000380616018354958,4.92798968548006e-05,0.000106908753619323,1.81306916543305e-05,0.000511395936308119,0.000172396154149004,0.000105740770157161,-0.000111491172498174,0.000701687217855142,0.000846931836281557,-5.30078085191901e-07,-2.73442293859263e-05,0.000424829364149866,0.000246852649376594,0.000715462301971813,0.000498041653214841,0.000658067731552902,0.000450310507671683,0.000683412259811109,5.3433426255456e-05,0.000315651700535137,0.000746665902003262,0.000342869195053426,0.000570838539719693,0.000708035353439674,0.000406877588927067,0.000481889007684089,-0.000186240297016579,0.00018892315312749,0.00125758313804534,0.000452250801589842,-0.0014638900779036,0.000936599948607498,0.00144902556457748,0.00146329178317172,0.0026611738377853,9.41468425417254e-05,-0.00207375157254694,-0.00714460573959198
"611.924",-0.00051451944152367,-0.000100637187875067,-0.000180386121334173,-0.000433256543973155,-0.000657841196337503,-0.000119732527396925,-0.000512052016343998,-0.000103384799677429,-0.000322644311305148,-0.000110777305503747,-0.000246932138855272,9.46408357618726e-05,-0.000325359906702289,-0.000325976893018783,-0.000334131107035359,-0.000288712742638039,-0.000251651839012992,-7.59844845253808e-05,-0.00023853866555103,-0.000504192041272908,8.6644691707098e-05,-0.000628927206053137,-0.000465922821678371,0.000412738542436902,0.000176612926887188,0.000189973045536733,0.000107185811324129,-0.000276968044010159,-0.000321265546570102,0.000414571681174112,-0.000419698816551763,0.000682292528575218,-0.000362912981295599,-0.000153807786237046,-0.000630890957062442,-0.000169067502386658,-0.000642313753082913,-0.000359520558144665,-0.000398731133658404,-0.000618358981658157,-0.000672479752817638,-0.000237858066983877,6.23831471326785e-05,0.000258844282148985,-0.00134604324334447,-0.00013457074634543,0.000314130890136124,-0.00235674265261257,-0.000594653770799713,0.000754498274696172,-0.0064954138378448,0.00982495718310241,-0.0311192698580271
"616.63",-0.000353934223062689,-1.14454982762648e-05,-0.000506887861120258,-0.000657261063714613,-0.000385932886570682,-0.000332801431789894,-0.000375575646582261,-0.00050251517630894,-0.00025884684430944,7.95190347123751e-05,-0.00016206827258599,6.9544811753265e-05,-0.000346932677667805,-0.000302814091858983,0.000172861921688318,-0.00030899505440248,-0.000454949565491127,-0.000286397588410061,-0.000712095755523534,-7.78834528174465e-05,-0.000503189510199604,-0.000420859751220401,-0.000849803562903532,-0.000377622186882,-0.000424064540252697,-0.000238466467105654,-8.10951662269201e-05,0.000324622099329931,0.00022529299918968,-0.000455111852927443,-0.000583668399942591,-0.000124091618408569,-0.000143346544561803,-0.000156031563882572,-6.66519415986926e-05,-0.000482945797010967,0.000369517538776674,-7.08912795042594e-05,-0.000146246812186852,-0.000675429094549762,-0.00102645760014571,-0.000328662422357663,-0.000479254987195192,-0.00106223895981256,-0.000325760765904711,-0.00354959710685909,-0.00157797702027668,-0.00242306677150746,-0.00254469981563833,-0.00202595260564527,-0.000339090298126795,-0.00718696763269125,-0.0173338356441594
"621.338",8.80738614323013e-05,-0.000474270182943876,-0.000255446925599595,4.78183022463688e-05,-0.00046341872418866,-0.000213598254056598,-0.000281126365943791,0.000100356178198202,-0.00015320929669104,-0.000278920721644606,-0.000273521791376428,-8.76128703109371e-06,-0.000110056890054636,-0.000366923524450946,-9.63131210789252e-05,0.000251268628694152,-0.000724098396697212,-0.000240812878787676,-0.00026355623764472,-0.000423266964443727,-0.000364157358965342,-2.05214025710457e-05,-0.00123814499365236,-0.000420843799252647,-0.000721914802522531,-0.000563539283122048,-0.000337757021951601,-0.000491127065199412,-6.35961269134298e-05,-0.00026978899286079,-0.000409712832627893,-0.000196335551118036,-0.000414970177198027,0.00011961401489256,4.76571569443004e-05,-0.000497400417866098,0.000372266409045614,3.77060406840128e-05,0.000976471314825519,-0.000925784848099957,-1.65701821464258e-05,-0.00119813901207963,-0.000332711495550172,-0.000749127199749274,-0.00105062561177843,-0.00251554384192257,-0.000844170976836336,0.000275041899858012,-0.0016094122240016,-0.00119730145883289,-0.00773261874470431,-0.000213395489245522,-0.0264700470190298
"626.047",0.00065157575086527,0.000534877672099436,0.000371285657176793,-0.000193448274529286,0.000183890377180882,3.07080191244561e-05,0.000202556301907351,8.0926362367931e-05,-2.27382270737519e-05,0.000187736988382088,0.000522796737903643,0.000230253919297758,-7.38390451528876e-05,-2.70196191890777e-05,-0.000299529929784352,0.000489530769555579,9.40442918000417e-06,3.91495353478669e-05,9.60815156458987e-05,0.000721393724751154,0.000377948819550718,0.000198259892395386,0.000468763959231797,0.000374138295327524,-0.000115276933667321,0.000335461323585818,-0.000156661452762099,-7.33449595901381e-05,0.000229284342201904,0.000253985391318091,0.000674631180891421,6.3242517541596e-05,3.62386292468697e-05,0.000688919677265133,0.00042556076834751,0.000120737150983789,0.000321706463394627,0.000473134127585147,0.000515690610351685,-0.000555765512669501,0.000248525577387045,0.000436268131480334,-0.000369907004028013,-0.000243991445323245,0.000770127155842673,-0.000738858179290596,0.000654261754355251,0.0032980580785778,0.000304308544644851,0.0047530268050123,0.00542694741796527,0.00795891369041165,-0.00857071742194038
"630.758",-0.00112461227637333,0.000391335170770701,-0.000146107463821771,-0.000195608521853803,-0.000380423322419749,-0.000264410571923055,-0.000362861475883018,5.59893182083919e-05,-0.000300884306323711,6.1034731558931e-05,-0.000128084360924593,0.000125413647727489,2.80358379448743e-05,-0.000320311518188683,-0.000480844108914409,8.77682046172099e-05,-0.000234308414552373,0.00022600332833692,-9.73066089747078e-05,0.000158595215062343,-0.00026961073891743,-0.000337541670951172,-0.000168347275845054,-2.05472911813237e-05,3.86370105089602e-05,-0.000132137224958228,-4.65092878408153e-05,-0.000269223934004262,0.000565572523576916,-0.000275374581247144,-0.00011832164247733,-0.000118419927212246,-0.000451441836366308,-3.78661102280201e-05,-0.000235967179739706,-0.00030255729204753,-0.000135158660260782,0.00104073475998154,0.000277863181167029,-1.51119925010843e-06,-0.000409635306124198,-1.69391489703016e-05,-0.000696469878403736,0.000582002609472677,-0.00017589241429437,0.000437268045573713,-0.00082751013253813,0.000601141193545205,-0.000309563669927495,-0.0034464491235278,-0.00252148509955418,-0.00130606806381643,-0.0307336398835691
"635.471",-0.000299924597335058,-0.000325438919894258,8.34759867613367e-05,-0.000207581547424344,0.00010180789371832,4.67675715096255e-05,0.000194453027535389,8.24143177171154e-05,8.74120440212169e-05,9.5117541466454e-05,6.03381932844908e-05,0.000441278269260799,0.00035892419715558,0.000413697220361431,-0.000135056374573211,1.74927008665454e-05,-0.000274349528105519,0.000188450183907025,0.000195032723131157,0.000228688606375352,0.000225222107445406,4.21011558263629e-05,0.00021188459429851,0.000154328928130863,0.000283064695131587,-0.000218568753196914,0.000140454764448116,0.000271088458547694,-0.000458132940403667,4.58118434923634e-05,0.000402853237799156,0.000174068089812656,0.000120247329335074,0.000151023121273412,0.000283333434541281,-0.000201631841068131,0.000646925055536294,-0.000407305720883974,0.000649386234221219,0.000328669090956193,-0.000242367843784947,-0.000217963924154775,0.000453223657877237,0.000816808485080329,-0.000100025881899233,0.000191797201459248,-0.000300874820700231,-0.00190488827227664,-0.000105940953547984,-0.000147645170836503,0.00229882687888527,-0.00132299908821038,0.00165953934429165
"640.186",-0.00026102738550913,-0.000906648278110873,3.06632978151942e-05,-0.000168787288453273,-0.000725161186515581,0.000101810810420701,-0.000236673542678094,-0.000279227369805329,2.33552717201713e-05,-0.000198826765007025,-0.000267082483969519,-0.000316906197310375,-3.86633267254601e-05,-0.000562524770022482,-0.000107934384287788,-0.000143550715729206,-0.000227219306520635,-0.000228994700678751,-1.18649191479179e-05,-0.000482716653031867,0.000260152550228398,-0.000373709919682462,-0.000107060360318196,-0.000289396047502316,4.89299690879702e-05,-0.000267112184554385,5.5983605117508e-05,-0.000675149865715875,-0.000683717890168566,0.000175675985229078,9.13696595609995e-06,-0.000368198486129507,-0.000223621966703277,-0.000580449462586888,-0.00018995894949064,-0.000631066680778085,0.000623337628315235,-0.000432899863104477,-2.42482928316796e-06,7.80064696024547e-05,-1.14216721283579e-06,-0.000819000236277658,-0.000185286329917115,-0.000355645849758014,-0.00110957498855144,-0.000998901969350264,0.000734320571597333,-0.00211110378569306,-0.00368025838833002,0.000214294957579858,-0.00335008132652178,-0.0166935328974593,-0.0135990396274014
"644.903",0.000501151991060152,0.000822472608076656,-8.53101287736028e-05,8.01392241506789e-05,0.000414068579714993,0.000595892586865988,0.000227200173262564,3.64511607514946e-05,-1.15877785415763e-05,9.66516455935301e-05,0.000292482210557742,0.000447406403795239,0.000307103283242438,0.00024249424902569,0.000108660723971159,0.000405738948130114,-4.64122092577301e-07,0.000853269929081476,-0.000297213037855804,0.000558687355696492,0.00014948204107384,0.00036628278678603,-0.000397664204203845,0.000197808350135838,-1.98998098597057e-05,0.000278996737094071,3.80807188949089e-05,0.00036006241321407,9.47944383791211e-05,7.50880771343665e-05,0.000436189088105153,0.000259796724503725,2.72458755685672e-05,-0.000212747522724774,0.000617057791915039,0.000533405183252731,0.000277514798480288,-0.000648239957428257,0.000837009826342471,-2.76137494700232e-05,0.000716144133445582,0.00052744602371952,-5.22900576688315e-05,0.000245846185234304,0.000814641810646955,0.000363845751640324,0.00172316676085061,0.00171982127518966,0.000156727505547032,0.00263563694967285,0.00443966425067033,0.0153224972592712,0.0171033944090916
"649.621",7.97755295622268e-05,-0.00047731131297289,-0.000863775511821026,-0.000405581580259894,-0.0005511047708695,-0.000378587579202007,0.000212072900444303,-5.28941885208851e-05,-0.000299294667455384,-0.000449317917519718,-0.00021103971495301,-0.000213580989007247,-0.000252122863875543,9.45792665262054e-05,0.000378067093035316,-0.000612986224031956,-0.000251764388840407,0.000172874473932387,-0.000278787570574543,-0.000224756456133964,0.000337012622240898,7.63375932114403e-05,-0.0002293014934883,7.38692665788793e-05,-0.000341580564370254,-0.000302272153412269,-7.72560699926002e-05,-0.000297767763469678,-8.64708634348147e-05,-0.000152114551703154,-0.000612113204091791,-0.000235984541478284,-0.000248432647277173,-0.000451101659734482,-0.000154833959483972,-0.00120345838585594,-0.000394240486887187,-0.00025467850203373,5.02524910264902e-05,-0.000638914187670476,0.000129926755905843,-0.00057479895735559,-0.000912640834886354,-0.000649414476388033,-0.00108850286830248,-0.00036899606096232,-0.000103186365689384,0.000415055896510635,-0.000795210829777869,-0.00683612976703834,-0.00130826344116031,-0.0119391028082756,-0.00447688150773144
"654.341",0.000407429224154478,-8.484408844007e-05,0.000788584527832715,0.000329344448391781,0.000301777589401164,0.000163179490651028,-9.21812168269539e-05,0.000161247943355495,3.02018472814504e-05,0.000577635709434964,7.96572984916068e-05,0.000196954760352258,0.000168608711295792,0.000365571590162252,0.000449228109832914,-7.45776720796315e-05,0.000639210836385918,0.000558192213134512,6.85185102866009e-05,-0.00010830412552102,0.00051947857364748,0.00035467576536381,8.89075988413802e-05,-0.000215234864667277,0.000163178928575943,7.94546518998798e-05,0.000332365801069982,0.000497287585302864,-5.85068945882105e-05,0.00011584468561982,0.000793578524017762,0.000296100301339357,0.000337597519677651,0.000878547571806127,0.000302317935925847,0.000832121142908926,0.000348808768740565,0.000425291106854019,0.00108141120372511,0.000440395942682089,0.000559254850701361,0.00125718506899434,0.000288599171982235,0.000367345601373745,0.000143150009466362,0.00184812400083832,0.00173966636141114,0.00379949330126915,0.00237357260968303,0.00565865960619833,0.00180201815570348,0.0116624653534657,0.0130426645737383
"659.063",0.000657000954489727,-0.000549713796280968,0.000330612464235861,0.000342239132962602,0.00027741165280988,-0.000165058415849782,-3.73836969293939e-05,1.63104657691232e-05,2.4306048313992e-05,8.53621148462958e-05,0.000319910058175298,0.000122682865558996,2.91619862561268e-05,0.000435772781294604,-1.47422746781168e-07,0.000205190144525138,0.000395929997528247,-0.0003654340494143,9.05487847138595e-05,-0.000109613682190196,-6.01788212600023e-05,-0.00033604838940791,-0.000201149237957101,-0.000292657382171469,9.89920638781275e-06,0.000338982927846775,0.000374762096297253,-0.000196935761326541,-0.000137877181069346,-0.000185085870167059,-0.000318376876272876,-0.000260940088402492,-0.00049024538858963,-2.73011675145686e-06,0.000455611498753797,-0.000886497802130043,-0.000222629485505567,-0.000186147472858122,-0.000274020076623716,-0.000209679603961887,-0.000480024869618405,-0.000435426026135965,-0.000778144709266408,0.000680338870307565,-0.000629771876424282,0.000726790005427212,-0.00161484747229814,0.000722973339505893,0.000106850335490914,-0.000152219287355183,0.00182177532652136,-0.00369209162979123,0.0234430775282354
"663.787",0.000347956227392689,-4.93803963518253e-05,0.000124476175913871,0.00032654085118223,6.39805364261292e-05,-1.65458200179438e-05,-3.77724789709448e-05,7.18536453123426e-05,-0.000410276975301488,0.000145999832771606,-9.67392164265683e-05,0.000154408928551768,0.000171594990456973,0.000570444804942289,-0.000362985259780468,0.000342156360169384,0.00030152693966432,0.000508335403503345,0.000684615509704703,0.000209626247333043,0.000277905867112618,0.000579109152562136,0.000408047590639833,0.00023117434603266,0.000438358804214685,0.000223707105974508,-1.96340962303504e-05,0.000678750157026884,0.000818250195459426,-0.000157641412196526,-4.90334939788721e-05,0.000439752534787287,0.000533225750793313,0.000301830266504211,-9.45141317952869e-05,-0.00134965470292398,0.000716297205857733,9.92547827397945e-05,-0.00042178243259752,-0.000268377582490687,9.07599484283386e-06,0.000414193736440826,0.000671660723550927,-0.000544311945384107,-0.000564694968620112,0.000738088129931287,0.00174400874218264,0.000346312428053355,0.0017113828852964,0.00108129324435285,-0.00159265398866697,0.000936476969495835,0.0388746117177257
"668.512",0.000616395943778147,-0.000624131336647517,-0.000302962106176833,0.000424439069195126,-0.00042994258345484,0.000126801943918829,-0.000145722055452634,-0.000249666052527684,0.00020676857295223,-0.000147100292474625,-0.000351536832060947,-0.000591633948815072,-0.000436692509891168,-0.000534200660275544,-0.000597473547830927,-9.83045032454907e-06,-0.000516061605500375,-8.56924083789482e-05,-0.000105197765106877,-0.000284130542273847,-6.11377072458537e-05,-0.00072031949416722,9.13112328802561e-05,-0.000265735772821216,-0.000199357197296391,-2.03003229520092e-05,-3.01885582284308e-05,-8.05059976693608e-05,0.000643372414558003,-0.000517059508152389,-5.92924920708505e-05,-0.000346284352183387,-0.00036141094034055,0.000781885397102843,-0.000355200601154113,-0.000697319190494285,-4.79403016494562e-05,3.721350049078e-05,-0.00037185007254969,-0.000512360513764379,-0.000361357365191861,-0.000323513678806396,-0.000128797178226854,0.000653292427221917,-0.000444747715489944,-0.00154858001730779,-0.00164971583101356,-0.00326445413080475,-0.00517066736203626,-0.00590838694898221,-0.00830377668676355,-0.00895460412098887,-0.0216612863958562
"673.238",-0.000578900590224246,0.000199042650818276,0.000135281845637986,-0.000214454455534248,8.23560035622762e-05,0.000177648233244656,0.0001335485561631,4.41152083355617e-05,-5.06903414016701e-05,-0.000148315559543933,-0.000214799783090985,-0.000498842952663354,-5.13448580993819e-05,-4.14461880526748e-05,0.000106143383340641,-9.70083371287169e-05,0.000335462144816004,-0.000494546203375997,-0.000493438563458015,-0.000772126248938932,2.30709113076614e-05,-0.000449715829961887,-0.00048277299804565,-0.000524032496829522,-4.27674004524473e-05,-0.000309551872552261,-0.000883250005128452,-0.000415295951703517,-0.00017228649443231,-9.03666349354366e-05,-0.000536108726381831,0.000217078819731926,-0.000299951976292893,-0.00061926321612444,-0.000659709242405057,8.81620329236185e-05,-0.000334442802454657,-0.000141211774142349,-0.000749371388475896,-0.000445952698400703,-0.000779210544396838,-0.000470803914762962,-0.000500153464954711,-0.00153003607956642,-0.000922969864319812,-0.00185949923019482,0.000648562248835708,-0.00144669351459462,-0.00145872692168959,-0.00164646144086446,0.000241455953355502,-0.0168417410695026,-0.0311706442279087
"677.967",1.46239718740227e-05,-1.25132405445008e-05,-0.000218672921423484,-7.52324039442172e-05,-0.000325006531107236,0.000136539217096168,-0.000231890608276423,2.7891774972992e-05,-0.000406860144128098,-0.000215665038269625,-6.67721572365747e-05,-0.000197391895784389,-0.000165322670055842,0.000241055852574197,-0.000235283011896427,-0.000214134822176772,-0.000174772538096621,-0.000335330616376004,-0.000177395101889527,-0.000513224254704561,-0.000668163512573791,1.08960341645579e-05,0.000693298695952309,-0.000314665905713544,-0.00102287581184378,0.000123696202033665,-0.000889482924316231,0.000315670974749296,-0.000275152992198765,0.000301917011193828,-0.000170448395625646,-0.00030167179887662,0.000292862030525467,-0.000199526980027141,-0.000574845700807395,-0.000432030070678809,-0.000240530930715043,3.7286919495314e-05,-0.000915257721583353,0.000253630037237274,-0.000720770907569313,-0.000470925860337481,-0.000261922178847949,-0.000387047554899425,-0.000252407699063227,0.000270011882002353,-0.000727473125695428,-0.000177769427960404,-0.00220137214899441,-0.00323543466843435,-0.00427219375844733,-0.00716489861403438,-0.0313787537970093
"682.696",0.00061660469607242,-7.64412079377786e-05,-1.17901904549041e-05,-0.000108458387346829,5.63074365772898e-05,2.59843621924628e-05,1.96719572396881e-05,0.000125183812690109,-0.000122087616276939,-9.08244845061388e-05,0.000109098183395356,1.99673677573605e-05,1.05696971001687e-05,-9.10146564148966e-05,-7.88385389541731e-05,-6.09804006266776e-07,-8.19794331219868e-05,0.000513906703570957,-0.000191050013133847,0.000291374788426197,2.56693890306554e-05,0.000328972863405513,-9.33508624554165e-05,0.000125019498591506,-0.000204383362175303,0.000241110712326676,-0.000578524658122567,-2.24455759326251e-07,-0.000659434121140183,0.000427626331126023,0.000433545564030307,0.000421242247240327,0.000485676095722316,-0.000156420162771278,-0.000229202855169367,-0.000333460996968926,6.10758196119478e-05,0.000167399419488149,-8.31010022871386e-05,0.000197240020269308,0.000306309759881873,-0.00040667244791226,0.000394806610645326,0.000128880309657776,0.000939361714285824,0.000762468810985988,0.0004780841035754,-0.000802344113926285,0.000911444826365806,-0.000878395710040005,-0.000628807585523583,0.00266039958567993,0.010195946628989
"687.428",0.000476590544171699,0.000411964021410117,0.000721957175317897,0.000109932863244706,0.000708105014936324,0.000722090498058933,0.000150539906113774,0.000331675403706108,0.000699078179426434,0.000507708492031376,0.000405343326774133,0.000761057976464065,0.000944653888779336,0.000940272546738042,0.00034767942458289,7.90700104007405e-05,0.000449839149573266,0.000428343645154508,0.00069884309568054,0.00067486789358254,0.000691168225418925,0.000789584358609177,0.00123618326546621,0.000651688615702079,0.000618537622137016,8.46066895862632e-05,-0.000176683796707871,0.000539169384469345,0.000746632474744204,0.000954076265315838,0.00075185299010538,0.000328625511644535,6.86549568998454e-05,0.000646705641979738,0.000775998642833834,0.000299932498711199,0.000866962961637367,0.00155637876333872,-3.42948454063732e-06,0.000433235562028438,0.000201935112499727,0.000972553276801384,0.00215435577409838,0.00158856189905732,0.00135287614893519,0.00178030676439945,0.00151681929264438,0.00309780450775405,0.00172078916423274,0.000642747902639743,0.00703247646088284,0.00195063668162961,0.0494991623116876
"692.16",-0.000188666613360527,-0.000453098558111599,-0.000820022736481003,-0.00045099279918222,-0.000360971229320568,0.000113833304953708,-0.000408055706869761,-0.00010361236747242,-0.000318909467593912,-0.000831129535166469,-0.000356780938195971,-0.000302408735980205,-0.000274214600734872,-0.000328576031170119,-3.98094789747022e-05,-0.000218741544698303,-0.000683671037405641,-0.000520493985972195,-8.52180627636063e-05,0.000231938022912814,-0.00034106572299783,-0.00055803560471975,-0.000994249254084291,-0.000137976129576947,-2.21734076040983e-05,-0.000424103848094953,7.31798248694658e-05,-0.00104333065533453,-8.36046907859697e-05,-0.000774373746652453,-0.000461966909927619,-0.000586645579163443,-0.000287251022064474,3.01658922323269e-05,0.000109338400509017,-0.000511779394605812,-0.00067569922019884,-0.000614159549015927,0.000931672968436618,-0.00083005842162791,-0.000301580331984361,-0.000703387104358849,-0.000856044750492348,6.50492263735127e-05,0.000101995641887479,-0.000740902758679208,-0.000744016970161411,-0.000406797591915,-0.00103965870514041,-0.00193723491949673,-0.00141502678962033,-0.00171036963486222,-0.0042664312060973
"696.895",-0.00147713259137152,-0.00108181280918093,-0.000660786603198356,-0.000410196814787248,-0.000707606925722524,0.000123290296757053,0.000126019675717703,-0.000480605586187331,-0.000157007684530815,0.000207528783813732,-5.91237734182958e-05,-0.000557512469026044,-0.00107242966514022,-0.000248452215831043,1.00368170584775e-05,-0.000400028071113493,6.34241724565567e-05,-0.00102462115206172,-0.000621309208755272,-0.000155327404938281,-5.10864668707129e-05,-0.000309915210576597,-0.00100170351535789,-0.00033560843086267,-0.000142620848149404,-0.000501505090975446,-0.000200383086503706,5.23636246837211e-05,9.41279504088801e-05,-0.000104400388686915,-0.00013243596429794,7.65472625685916e-05,-0.000110414079394009,-0.00091735543548222,-0.000155050933276738,-9.43447065557779e-05,-2.87818489487767e-07,-0.000658231057394996,-0.00143593034783128,4.18333519730573e-05,0.000270730717697147,-0.000621846701721142,-3.84834917697443e-05,-0.000440850730617099,-0.0014223283835342,-0.000125666475890958,-0.000299654189050913,-0.00372892912982186,6.00617764847484e-07,-0.00146144265505164,-0.00686188977380996,-0.0179748777429793,-0.0153120149425621
"701.63",-0.000751485454125647,-0.00119549427660026,-0.000415993439793211,-0.000625534383298421,-0.000366016878039164,-0.000123938354918627,0.000133958907710016,-0.000321082011664945,-0.000138501223333572,-0.000184627187169919,-0.000447820625301087,-0.000448790859717655,-0.00125277936580083,-0.000468689122823384,-0.000202427935376698,-0.000775855540208064,-0.000543102294487368,-0.00105490342356371,-0.000823287789677994,-0.000349887475629654,-0.00066672292151132,-0.00046865885826808,-0.000841318878606715,-0.000198250532624256,-9.90102613875396e-05,-0.000268425901979266,-0.000626288292074898,-0.000720291208097631,-0.00109053376534251,-0.000514550844444346,-0.000601166371886251,-0.000893418648988393,-0.000263143444044188,-0.000805864398478308,-0.000424738499217315,-0.000542288442948057,-0.00129740108763202,-0.000744459941699524,-0.000690996034425364,-0.00083862721758297,-0.0013627095628067,-0.00127140631459716,-0.00142674537989398,-0.000733675618811681,-0.00119788801971423,-0.00109911860896112,-0.00120854026001385,-0.001558379214596,0.000996856515132982,-0.0058175298302197,-0.0112252837695468,-0.0091806083578589,-0.0289593987578248
"706.367",0.000328825645020304,-0.00015938138474894,-3.64023945277808e-05,-0.000135541089198154,0.000380801395732729,8.99865699233997e-05,-9.4170333014856e-05,-0.000147704249172165,-0.000254068912354419,-9.40124001254899e-05,-7.86245582281002e-05,-0.000238207100067898,9.80705927434323e-05,-0.000243232199396659,-0.000287205927690136,-0.000418293650062363,3.25281098283639e-05,-6.80378897947507e-05,-0.000386134269469356,-0.000170784320445631,0.00067523641321413,0.000572517072687623,0.00029178753626611,-0.000306948918137573,-0.000280449364531203,-0.000457062049515035,-0.0001717408848406,-0.000171685465945085,-0.000482284215302297,0.000121488914125543,-0.00017025877297671,-0.000289114459285064,-0.0001920093220739,-4.31896767118168e-05,2.32090426620419e-05,-0.000131051859283595,0.000226993782183331,-9.88261599735498e-05,0.000123954956086556,0.000136414215473386,-0.000146885726885905,-0.000476205164842908,0.000253889905602457,-0.00026931883573369,-0.000976052712541658,6.49293850265861e-05,-0.000955675169494961,-0.00129954872854494,0.00231145377747029,0.0037349948529919,0.00780393067987717,-0.0045229647687366,0.00372545372155432
"711.106",-8.98822144446109e-05,-0.000107752005944499,-0.000631200128651408,0.000274911222740288,-0.000137653503182723,0.000208971313556536,0.000334870803563379,-0.000119138327234921,0.000108467298960748,0.000467807950522677,-4.27977522373594e-07,-3.0881581782601e-05,0.000296306794746707,0.000214298849776127,0.000311497885864146,-0.000329481634885708,-0.000359382630687412,-1.13231069892012e-05,-0.000137839745318231,-0.000398372981230974,0.000118825603969411,0.000185402633128788,-0.00046652644914612,-1.16014489126452e-05,0.00043099979893387,-0.000428672240801733,0.000369355016201762,-0.000216889237994636,-0.000228019937664757,0.000264539121839704,-0.000555421699285968,0.000509373259014794,0.000129328690839711,1.12043828009233e-05,0.000114081544717095,-0.000337333807318514,0.000751112121755678,-0.000154655665102684,0.000155818663986945,-0.000183763423631974,-0.000967685904747534,0.000962644778600649,2.11129386033416e-05,-0.000339954168422668,0.000159976242510577,0.000930399540975778,-3.82322029207448e-05,0.00122049637451334,-0.00407153215146778,-0.0046056190203153,-0.00200003649748308,-0.00405762053326362,0.0478662235344588
"715.845",-3.21968113171661e-05,1.28069181249456e-05,-0.000197293007943568,-0.000347571121983483,-0.000200257941134872,0.000128300127515746,-0.000131569714348325,-0.000145243615533697,-0.000102905774941021,-0.000329421153509198,-6.30644007523691e-05,-0.000793848685017024,-0.00014455314156914,-0.000561676711293348,-8.49373912069005e-05,0.000176959945664628,-1.15360714777624e-05,0.000196717805139074,-0.000688595383813222,-0.000257401057877171,0.000410651331227189,-0.00031198635032058,9.92214000578092e-05,-0.000290323052797207,-0.000459148766302496,0.00026668720957266,-2.29930553426309e-05,0.000229832750750498,-0.000190675102192862,-8.31977898821668e-05,-0.0004664876578534,0.000654986774486476,-0.000196914749595607,-0.000167846534607795,0.000275950325805037,5.95238998442871e-05,6.12634826037419e-05,-0.000143646407373479,0.000562145307122001,0.000184744421378926,-0.000101005613350219,0.000323412850143859,0.00099729055295028,-0.000622091831304973,0.00010633999635672,-0.00233880150114671,-0.00027441130234645,0.000234556924743241,-0.00212273590575863,-0.003056533776302,0.00283479090997344,0.00461417680263508,-0.0108104083119036
"720.586",-0.000182757000089418,-0.000926992809524173,-0.000344135630653782,-2.26448001403537e-05,-0.00081002965646985,-0.000533942775464066,0.000194127961628612,-4.22010457968555e-05,0.000370226308236661,-0.000368929965263948,-0.000196381077911638,0.000180553520460777,-0.000399990871210544,-0.000518852596610396,-0.000252842074272567,-0.00077342278237917,-0.000220764736391392,-6.95553154657941e-05,-0.000407709869187193,-0.00039060938614279,9.39692034518937e-05,-0.000511564637117143,-1.3165451212948e-05,-8.43192414315603e-05,-2.32740534209595e-05,-0.000625049094293353,-0.000287076262629835,-0.000253055990677116,-0.000515759617081489,-0.000587442682648685,-0.000474381687984921,-0.000635695321841649,-0.00035970078352284,-0.000200263231124574,-0.000103760405457372,0.000219275859419833,-0.000637954508830023,-0.000469619714181242,-0.00108798494011596,-0.000651917407432042,-0.000250554983171724,-0.000867275000719197,-8.01517205581934e-05,-0.00096820199177732,-7.99759598658521e-05,-0.000682435636185623,-0.00109672580126319,0.000190526907692425,-0.00273164144675253,-0.00552170580181117,-0.00636031272089093,-0.0234310851775202,0.0242563451106259
"725.329",0.000200133094783124,-6.90366698109528e-05,-0.000362796945006247,-0.000997628348275228,-0.000324135489917233,-0.00022398964667434,-0.000168232364036949,-1.23154779135723e-05,2.09342111463903e-05,-0.000260369376826472,0.000289026699273926,-0.000171780757179789,-0.000236322230604057,-0.000668360676758705,-0.000266438645212774,2.14611471816376e-05,-0.000391805725421359,-0.000695471491842421,-0.000606481893160925,-0.00040946501393922,0.000147735256252806,-0.000227270860308861,-0.000101383292659374,-0.000269515890478141,-0.000395455714899926,-0.000700947160884233,-0.000602606394953042,0.000396492704910607,7.84813369789431e-06,-0.000366741737431716,-0.00079594737346573,-0.000349036629040797,0.00086024189234103,-0.000349745172092918,0.000327630545205513,-0.000151031528348055,0.000153541890432341,-0.000682491238551634,-0.000498754494153135,-0.000424371825854019,0.000454126561218342,-0.000109288961960395,0.000668856181151451,-0.00118910656440637,2.74184675691519e-05,-0.00204158611251804,0.000594775945626194,-0.00154141929218277,-0.000616119975647102,-0.000172012629489855,-0.0065768760190012,-0.00573974976190649,0.019439214129538
"730.072",-0.000140323712579315,-0.000528187861170594,9.94094937858244e-05,0.000259507639286866,0.000132237317807791,0.000169044665910375,2.79999286245638e-05,-6.83149499669688e-05,4.88959652605482e-05,-8.20269581880655e-05,4.5326309566911e-05,-0.000346383560469162,-0.000803151472053828,0.000275420536467632,0.000203207449182352,0.000649664441987999,-0.000169939121275686,0.000793892074287518,-0.00102642873171546,0.000837745912850578,-0.00017674793534183,0.000368975278719196,5.03644161104441e-05,0.000197296084762753,-0.000175906438224862,0.000351690714914909,-0.000225719599908469,-0.000278612351914096,-0.000536324546522785,-0.000188792876880389,-0.000362004843757813,-0.000121390066588134,-0.000366203473681407,-0.000295715570279821,0.000175797919759031,-0.000427327008953933,-0.000108639935867876,0.000194446134980417,0.00023626243531435,-0.000111198262990573,0.00128738408613164,-0.000920751884433858,-0.000817283996805634,-0.000211045597266635,0.000136931860708857,-0.000532073268400121,-0.000598362953855283,-3.50707927563925e-06,0.00129862253505902,0.000775209331973892,-0.00276009701336165,-0.00970523242183064,-0.0344421912022618
"734.817",-0.000564719921095775,0.000153178476883604,-0.000556544974750396,-0.000559151411569244,-0.000533411183809338,-0.000510233929109127,0.000127851127037053,-0.000323290109241037,-0.000168496049803505,1.66829926429425e-05,-0.000219837137144999,-7.59708603984036e-05,-0.000160153684061684,-0.000443921084173402,-0.000345800015488261,-0.000943076371898419,-0.00102226538319604,-0.00035749089288784,-0.000182870340670937,-0.000719443502312967,-0.000696332358274962,-0.000180189803541038,-5.08388035834789e-05,-0.00120405080744989,-0.000765587976446893,-0.000756172112715352,-0.00058101981661312,-0.000250991926499028,-0.000307673178033593,-0.000133742227760931,-2.22394034095241e-05,-0.000409250401314868,-0.000257423243748521,-0.000171751153825593,-0.000572135293768956,-5.42231554081297e-05,-0.000239789885966533,-0.000760980482726477,-0.000521371152908513,-0.000366486937333579,-0.000563527748514734,-0.00140905967732763,-0.00051353416401987,0.000142284291295231,0.000859918028376962,-0.00136836946411388,0.000522047916419097,-0.00136986257253376,-0.000252203403168086,-0.00261855478743945,0.00416767469775064,-0.0166446942412262,-0.0373508152767248
"739.563",0.000254034273195214,-0.000381447754745983,-0.00023071210069245,-3.73195251259352e-07,-0.000664265070640162,-0.000382307306167601,-0.000194012254996464,-0.000439965436445195,0.000213392389108218,-0.000449282958198617,0.00060329386636122,1.19506019597235e-05,-0.000265284583594804,-0.000425906462118716,-0.000218522471623557,-0.000509307992153455,-0.000711810478699742,-0.000748115573031383,-0.000767203451191691,0.000195627054647886,-0.000469131829724351,-0.000700095106115142,-7.76073082848066e-05,0.000502330598244098,-0.00050063710061728,-0.000104968844129977,-0.000574975015865006,-0.000603332567012874,-0.000763950746718211,-0.000597570168574539,-3.34849915479323e-05,-3.52448606492e-07,-2.23454265181642e-05,-2.35803470949597e-05,-6.16345403046173e-05,5.86073022496854e-05,-0.000147799806119081,0.000726648101898307,-0.000692622952642784,-0.000595978943381645,0.000102932244487654,-0.000299777851145885,0.000145500394512488,0.000428113049218442,-0.00103646888172627,0.00158552876186459,-0.00158550408127132,-0.00113315048188737,0.000757403130996044,-0.0064377930083197,-0.00435172852390829,-0.00668230967782566,-0.00267123080719867
"744.31",0.000255907633818245,0.00081403111418262,0.000722883652403841,-4.95713191731612e-05,0.000366579330498566,0.000579451821719108,0.000457445576410765,0.000387229999892009,3.54359607474451e-05,-3.39889841466439e-05,-0.000235128470250128,0.000199506288615853,0.000709957408087161,0.00018074851361301,0.000275408435399496,9.78692851158408e-05,0.000323592642846179,0.000182347759010156,0.000694662600459636,0.00108762462244932,-1.60931364187675e-05,-0.000394872724504401,0.000482913969297676,0.000443784144846764,-0.000134092189503869,0.000474934215643282,0.000426773989938548,0.000248582190669162,-9.27089311988121e-05,0.000147913530509748,0.000722193619665744,0.000157593713495707,0.000239874915183462,0.000184971604278974,8.0938301381811e-05,9.85741473432424e-05,0.000839888184014026,-0.000187916277177756,8.98715712644179e-05,0.000991863435992362,0.00114965759560012,0.000661272207724359,0.0010042404908812,-7.31101964110052e-05,-0.000171706848445202,-0.00071916724529994,-0.000781573526083318,0.000745479710755583,0.00413865750860773,0.00124426349779505,0.0104951617054913,0.010255374309743,-0.0234270503126811
"749.058",0.000372986301522694,-0.000303250886187955,-0.000209778935005672,0.000528129095675331,-0.00032867395240419,-1.04122838379603e-07,0.000264348853915102,-7.07094066493149e-05,0.000493600647613958,-0.000161297756957454,-0.000142155627540447,0.000504418695775656,-0.000247193622620987,0.000125693327283413,0.000112106268447725,-0.000576184872186817,-0.000762092582240686,0.000629415712124703,0.00036502884176965,-8.47887273669192e-05,-0.000464958248622255,0.000370427682018506,0.000290153420065132,-0.000294767011040383,-0.000134221596131928,0.000129169104836655,0.000308015770153762,-0.000699344965657456,4.64558076472762e-05,0.000275976977978188,-0.000878469802384747,-0.000342713941608951,0.000277184044314584,0.000269650587889181,2.11197482450256e-05,0.000219430976256474,0.000109093430797717,-0.000379273568691238,0.000138431114756789,0.000707507313452286,0.000176506630051427,0.0012448586853578,0.000422448545618895,7.32650594661906e-05,5.73956416913644e-05,0.000172625237782367,0.0023237376077292,-0.00317468728109512,0.0033467267899332,0.00125967301947876,-0.00401579558465037,-0.00518438493126995,-0.0108157778829208
"753.808",0.000148570626671912,0.000161961184019125,-0.000160079045928658,1.29170162710215e-05,0.000280809522383767,-0.000397928278417359,5.9461615310108e-05,-0.000248802456389174,-9.5958430957445e-05,-0.000104297605498269,-8.71984244283231e-05,-0.000686968163926153,-0.000251716410450457,-8.13062362858504e-05,3.40053648573826e-05,0.000733979880473332,-0.000536937416096996,-3.82807433578298e-05,-0.000577927405309711,-0.000145418843995629,-0.000488765548358871,-0.000243012403705285,-3.717960170905e-07,-0.000327199408318881,-0.000436599487650316,-0.000480069798992306,0.000229604943507448,5.92044857531162e-05,-0.000118635853171592,-0.000304794966634478,8.13022946126043e-05,0.000128123123310235,0.000317440576208154,-0.000194449175251725,-0.000228001288956562,0.000579637642391837,0.000222995486168989,-0.000236603681795834,-0.000438499429127243,-0.00043583395509675,-0.000376793458013289,-0.00054625983349106,-0.000779063687299461,-0.00146701817573473,-0.000905600184280525,-0.000140133925259154,-0.000930271193121755,-0.00164525732363736,-0.000131270914339215,0.00339173456521188,-0.00161002751267405,-0.0102966715353207,0.00761899841779301
"758.558",0.000941116340986927,-0.000135836082777289,4.04971307311227e-05,-8.98661933828633e-05,-0.000703843666372967,0.000840593935882338,7.65922918504014e-06,-0.000206426174455043,7.43250841820895e-06,4.36313747569793e-05,-7.95658352990448e-05,-0.000105445706397333,0.000256965303270156,-0.000321794184513384,-1.28337481651553e-05,0.000287419953485712,0.000778269795934857,0.000102323581772748,-0.000379170590032756,0.000488962952241845,0.000612913731585375,-0.000508541109121608,-9.69104741193608e-05,-0.000519308489829572,0.000266432994615144,-0.000326059346614256,0.00047039771271273,-0.000507558509796807,-0.000301926193950781,-0.000525657814049703,0.000769076773353758,0.000259535890667593,0.000107356198628807,3.29066141566187e-05,-0.000308343534787818,-0.000107408354241036,0.00017044188657294,5.94554840344897e-05,-9.60075704688798e-05,0.00069930917248185,0.000914486872263142,-0.000159946010923766,-0.000308582531555393,-1.34117451110573e-06,0.000891142745394117,-0.00103700316280356,0.000990193038377818,-0.000263186655985335,-0.00133856199968067,-0.00234244025713066,0.00817799127707029,-0.00283546701004716,0.0267228275861363
"763.31",-0.0014242425045917,-0.00056523178082425,-0.000829180736695931,-0.00081824349700094,-0.000571562403969512,-0.00106406774588955,-0.000326380254702934,-0.000190218993017825,-0.000676079380252117,-0.000620954762347783,-0.000750994977379192,-0.000261290206509536,-0.000709795611312394,-0.00057023919701727,-0.000708683470697517,-0.00048037073800354,-0.000806948699241097,-0.000522310055219327,-0.000743860846627226,-0.00211823508741093,-0.000536197020119182,-0.000392360431232634,-0.00113244003094183,-0.000707736727019758,-0.000623391307658686,-0.00109685951800059,-0.00165573563272758,-0.00103486883289474,-0.000270834404352567,-0.00138859704810006,-0.000941846424927332,-0.000821684431781608,-0.000526317942719244,-0.00106531751958985,-0.000806950166871222,-0.000795784735475199,-0.00142168543352161,-0.00174171917070668,-0.00162697983012355,-0.00148064097735219,-0.00186528325096357,-0.00107357743692021,-0.00255927693174492,-0.00134420904426228,-0.00190961597349444,-0.00415759388325373,-0.00452502493775068,-0.00239969088926719,-0.00551886830569548,-0.00972116803783952,-0.00819850280490798,-0.00981440354024362,-0.0422930990072313
"768.062",-0.00026080728317561,-7.72308494059964e-05,0.000640097056931726,0.00027467376563223,0.000169367072672188,0.000719010955247577,0.000211748580130119,-2.78146948363575e-05,0.000115955876931839,0.000216993321783156,0.000120690838803912,5.89862809190256e-05,0.000137675781070623,6.04300501004988e-05,0.000286215931781517,0.000804159922792375,0.000663106283710306,0.000763437720097647,0.000590666133061489,0.000166448113754123,0.00088787078655579,0.00125751916301008,0.000888261884969672,4.83927837006291e-05,-0.000341674601167234,0.00018717352393472,0.000622023583860873,-1.17767015228674e-07,0.000360122452779171,2.44947041236767e-05,0.000267890269620293,0.000218785124913877,-0.000410148518017309,-0.000155283198259855,-0.000381414808359429,0.00152194486241433,0.00090708990460893,0.00153757080684368,-0.000263876504264143,-0.0010721333053608,0.000375162780176586,0.000285699704313265,0.000564448161763344,0.000600542362366465,0.000518637200900621,0.00246561240785829,0.00172962769381139,0.000965667441493448,0.00295655047149835,0.00201608825711532,0.0045973099539738,-0.0069992350864104,0.00510873925654259
"772.815",-0.000172295234128981,-0.000215627399021943,-0.000124179487502198,0.000512040683023149,0.000747398031174919,-0.000343705324710157,0.000564667589719824,7.54092258869514e-05,0.000247931431706247,-9.00011329452146e-05,0.000262872793877219,0.000120962629291266,7.63157452780636e-05,0.000478272964431373,0.000178920631781064,0.000107297306792055,0.000814043450121656,2.78897954835844e-05,0.000303388791770051,0.000549990226674899,-0.000450778463020929,0.000777619917741032,-4.3876227416589e-05,0.000331540456839181,-0.000397507383100507,-0.00029034384250236,0.000211815707935364,0.000534522712391797,-0.000360353506179968,0.000639122416754321,0.000414263765349831,0.000743341886035952,0.000688373115267862,0.000125472931084255,-0.000143824367560218,-0.000414892119169477,0.000351260168994047,1.60104721441503e-05,0.000296320139266436,0.000509503825037472,0.000453195495001655,6.10913355550596e-05,-0.00101842712111455,-0.000364372229943985,-0.000122197524258552,-0.00018462024291907,0.00252678895748426,0.00220691959339767,0.000276108732588373,0.00307605855653964,0.00183928570011585,0.0101980517661851,0.0238092163970028
"777.57",0.000829583667456251,-0.000660766432687055,-0.000427315976899099,-0.00112510571049651,0.000161596080781608,-0.000372373814450858,-0.000224196525084837,-0.000357060841826069,-0.000110636137317562,-0.000325140963214721,-0.000299744743044875,-0.000232755057378159,0.000435907247101266,-0.000725044486688462,-0.000511624234569919,8.4259906030485e-05,-0.000269755528020549,-0.000336660747690311,-0.000353447544467461,-0.000732101476265769,-0.000108471884442812,-0.000463357090652646,0.000637326648311276,-0.000360039983178373,-2.260630835194e-06,-0.000245974371280206,-0.000483888996644515,-0.000583381834507598,0.000152019563773014,-0.000439274818513244,-0.000310863511932215,-0.000809778257180781,-0.000518981512231039,-0.000297794936253316,-0.00078990795434284,-0.000792045148849544,-0.00111942981163905,-0.000445353447217728,-0.00112264596956556,7.09071107972683e-05,-0.000692005304858582,0.000103433844012084,0.000114017974092958,-0.00109100049808318,-0.00227786348629225,-0.000566405278777601,4.48085955595195e-05,-0.00263918117280278,-0.00161382499443003,0.00156489829082174,-0.00391803381028713,-0.00714261042036419,-0.0530952751100638
"782.325",0.000143572320604537,-0.000271418494582906,0.000246818436600475,0.000190315855591122,0.000609404723812356,-0.000658784420882808,-5.69610726683756e-05,4.97189344015784e-05,-0.000650505483832653,1.88121309285371e-05,-0.000166793717482016,0.000832094879834862,-0.000494130597633983,6.26410665596827e-05,0.000122484096539208,0.000367550509351106,-0.000272051083855384,0.000109182774793169,-0.000210312484865731,-0.000348580806077642,0.000123934084662539,0.000201927029547506,0.0011662443917135,-0.00089938797483573,0.000390408611825751,0.000170013137223855,7.7771687042992e-05,-9.75525321981319e-08,-0.000476435691042387,0.000407596567283236,-0.000341077596583424,1.08571251066336e-05,0.000240733271324621,-0.000378536081634437,-0.000434719505052872,-0.000760045710363372,-0.000137062816749083,-0.000626941328658475,-0.000271680796227321,-3.64138194616959e-05,-0.000370307636839532,0.00110157236625199,9.40474245901579e-05,0.0013771158180544,-0.00152076495098407,-0.00175389044896149,0.0010097479495569,-0.00033360261463957,-0.00228143113147673,-0.000102985215351393,-0.00650805731651574,0.0205280339473107,-0.0239804309588759
"787.081",7.39223561953874e-05,-0.00121404739987974,-0.000326800641938551,-0.000264954551899161,-0.000324859687227759,-8.90581291874678e-05,-0.00060906214078528,5.82754245934698e-05,-0.000535903474852495,-0.000405341073594256,-0.000418972258752671,0.00034396750896079,0.000120641094899322,-0.000195566867963204,0.000342610037940489,-0.000125513897963927,-2.76340862825615e-05,-0.000504697356249142,-0.000583787886616043,-0.000406267130475812,-0.00033785929663489,0.000590740636488988,-0.00108298519017269,-0.00112301252141866,-4.15332456281957e-05,-0.000147837437641978,0.000371368761620454,0.000674226011838662,9.22840507812522e-05,-0.000993799785344721,0.000440324471722054,-0.000520343058782057,-1.66004308992346e-06,0.000281715187524518,-0.000614101281600992,0.000146708471928171,-9.37710733135391e-05,-0.000330578538811527,-0.000524195186502931,-0.000429624890800512,-1.93820157415687e-05,-0.000739637187860857,-0.000384632968812662,-0.000138942886635003,-0.000716134958704444,-3.91715959837684e-05,-0.00108492065317929,-0.000800614647135901,-0.000224378790552717,-0.00511526689664537,-0.00602837807701301,-0.00898610568614075,-0.0400260502490472
"791.838",0.00106658889200182,0.000294890770714454,0.00109640495360829,0.000584664053309913,0.000348223577921986,0.000309500768350358,0.000141456162075871,0.000429622449887166,0.00013130787726524,0.000105179175275072,0.00020356266110395,-0.000103252998185181,0.00022667472047465,0.000233326378792065,0.000594815733248793,0.000790872848313224,0.000239064717702337,0.000209958982637362,0.000214122636697901,0.00118230902060226,0.000589149192512343,0.000293399142558545,6.52678821406417e-05,0.000523143686723748,0.000661791955587686,0.000495824334447187,-0.000120114883098233,0.000197630455774349,0.000329738934471422,0.000339439963401335,0.000141291690803849,0.000814176057744204,0.000470457970210932,0.000427872928147801,0.000473129119226771,0.000910750662418542,-0.000140579497287749,0.000743034415601248,0.000121682887441224,-0.000728572395260435,0.000398658921819734,-0.000110406966803802,-0.000580254878435496,0.000358991822329453,0.000519268880811953,0.0011338708581925,0.00136514792184967,-0.000518788610951727,-0.00285487900541265,0.00255029487320118,0.00634711354651143,0.0182641645727119,0.0131008281422982
"796.596",-0.000355917633196991,0.000167158155475234,-9.11204700030099e-05,-0.000355342869740034,-0.00013521621234423,-1.12293438619876e-05,-0.000466497836167312,-4.41244157153551e-05,-5.84510071855339e-05,-6.90235107502355e-05,-0.000261711537583178,1.28933406849971e-05,0.000409095054135513,-0.000171788629124149,0.000284467050477381,-0.000435686588386296,-0.000515178895749632,-0.000270908767570817,0.000546813606667487,-0.000445495539089895,0.000575508699118559,0.000146188810454986,-0.000507994399725688,-0.000311246565473808,-9.87882241468286e-05,0.00015049989913765,-1.37343436026568e-05,-0.000444235042814514,-2.37926501271094e-07,-0.000106730689049124,0.000421453012650445,-1.39606232044229e-05,-0.000627346784396069,-0.000873937678091438,0.000269800037923542,7.57310671776978e-05,0.00115639709617288,0.000605453150233124,-0.000568551788801192,-0.000228338719355722,-0.000223659028931804,8.81204103556338e-05,0.000734827324364688,-0.000875028640250806,-0.00152185751331795,0.000277336518025324,-0.00105528535178224,-0.00151831225387201,7.20435940929356e-05,-0.00187398954835981,-0.00513658362825526,0.00567623454020965,0.0242298546509652
"801.355",-0.000404674575558597,-0.000259437234764173,-0.00123930522060999,-0.000870635297392895,-3.18548114711018e-05,-0.000672079864413739,-0.000527560743575493,-0.000179720897630501,-0.000941876073772456,-0.000458372764508795,-0.000264388549378391,-0.000100233798059084,-0.000424146144727146,-0.00125941499959628,-0.000613073891605852,-0.000995193072876614,-0.000421621848540018,-0.00070304191590056,-0.000189356375242373,-0.00117100367053959,-0.000313402761393667,-0.00109387967580166,-0.00133182640233802,-0.000179319812130972,-0.000874268215982608,-0.000566424617574273,-0.000606240363003911,-0.000685577745999206,-0.000963839985173819,-0.000574829594627195,-0.000741258125446111,-0.000866922566174084,-0.000704010040924958,-0.000719235386847935,-0.000502572944609601,-0.00195279742954373,-0.00105363785730785,-0.000857115633993923,-0.000705512443112799,1.56769171530669e-05,-0.00145982483832175,-0.000688132781951197,-0.00137598356806284,-0.00129197809503948,-0.0015161239174595,-0.00172129510128567,0.000414033490305205,0.000296223093874781,-0.0018653362843643,-0.00458419382085926,-0.0120293430812234,-0.0103521663697276,-0.0236268252932537
"806.114",0.000825109897524519,0.0006923613338971,0.000861950821733351,4.91123640452507e-05,0.000401927125189371,0.000633057906798272,0.000117180792214163,0.000288610259190823,0.000275476622964201,0.000441730284579585,0.000633746229096121,0.000516119117926077,0.000880982839767729,0.000662501268956869,0.000312658167699191,0.000122175198935066,0.000526855117636978,0.000394515098967328,0.00115976219735641,0.000849540020649111,0.000207239854213734,-0.000371998367926249,0.00116013094744013,0.000678739376166895,0.00059488541654117,-8.23641346944665e-05,0.000209710835969233,0.000545988490617919,0.00098700223751109,0.000769367282147604,-8.01279174218906e-05,0.00119623790892016,0.000368933043695155,0.00101311661379686,0.000870475414620293,0.000931284399537443,0.000519690539401183,0.00146671045565571,4.60700401856812e-05,0.000377874955329156,0.000792413262066999,0.00137559550744153,0.00190543484621284,0.00082876138193349,0.00111440585246448,0.00148035099105395,0.00107639478934866,0.00623364919747544,0.00276458381668007,0.00440585619886409,0.00515989871829282,0.0215118796865175,0.0425607499362625
"810.875",-0.000485887224634889,-0.000274054269493673,-0.000105162670416694,-0.000270012367543136,-0.000475832475543027,-0.000525737781209107,-0.000183406020921093,-3.84733490170292e-05,0.000202447055447435,0.00028809056750083,0.000150898885534475,-0.000280782127784747,0.000163279188519412,0.000490317624971395,-0.000268038883647917,0.000241680259634359,5.82366639603951e-05,0.000170676052825013,-0.000136278305268391,0.000368541791172079,-0.000475617261735244,0.000131008328820554,-1.32894867152027e-05,0.000652386983188246,0.000472905583609542,-5.95139059430546e-05,0.000279987936695877,-0.00010507969660641,-0.000696892141328839,0.000102638669621797,0.000101649793667456,0.00019319612616493,0.000460036665509466,-0.000530695858957034,-0.000183611945555624,-0.000401258731928037,-0.000629182830504142,-0.000102725424944608,-0.00018454861266302,-0.000624402469998704,0.000949980813559606,-0.00013477042178512,0.000105028305828791,-0.000147421655505582,0.00114124805442162,0.000101925233133908,-0.00149251684498539,-0.00236546868916909,-0.00186284563364092,-0.00125986132710354,-0.0011499005954935,0.0117130560433175,-0.00675156605574319
"815.635",0.000194230192971902,0.000273935902062485,-0.000376930826854464,-0.000171724258629188,1.05487380849762e-05,-0.00020446584946966,-0.000403069197385787,6.45414168318259e-06,-0.000275353719179379,-0.00060258192463276,0.000426079566207466,0.00060513025641971,-0.000129218057304032,0.000343897870931414,-2.10542145884833e-05,-4.35933774995075e-05,0.000304968840927355,0.000307075083452472,-0.000503163900046408,-0.000472959433383211,-0.000664701878470151,0.000713074760920627,1.3143867751602e-05,0.000294462601091692,-0.000206117490340224,0.000247774785244692,0.000337948602824817,0.00102211085261022,-0.000487864599132913,0.000275233747008934,0.000102314968178622,0.000147794550465949,0.00012632240752284,0.000318182643267811,0.00023344914065961,0.000710986213502535,-0.000204749022011791,0.00042099014099439,-4.58015882653869e-05,-0.000328181763745553,0.000739007115706793,-0.000535173024452114,0.000995159720338539,-7.38183088219505e-05,0.000399436819047565,0.0015810178553491,0.00240211309881453,0.0023118368248152,0.0016066056612743,0.000808940245015996,-0.00386086029220678,0.010072882548007,-0.00677057674535023
"820.397",-3.279680183565e-05,0.000648628597139787,8.96010507608583e-05,0.00100456400716588,0.000359282886537708,0.000204206058893037,0.000425045402176727,0.000307229115823824,0.000687797711702708,0.000220663448291577,-8.49451571412681e-05,0.00078404589352177,0.000328782338502351,0.000926317991429015,0.000267268225221147,0.000396914000612288,0.000608080991705344,0.000613424300164567,0.000489833440585592,0.000457480909931003,0.000898984233396227,0.000434604377793227,0.0010278913656243,0.000537608827488314,0.000849020746631696,0.000258922682273623,-1.20563263702211e-05,0.000197141853818891,-4.01002027244175e-07,0.00105576280475001,0.000511719969877362,0.00069442628178881,0.000656342398034972,0.000529712673395324,0.000280897738037549,0.000801155633976613,-0.0006292464854382,0.0009719824808145,-2.95297112323659e-07,0.000573705024683968,0.000878058452350139,0.000706024314793664,0.00118411993927234,0.000901021215252634,0.000427156423292185,0.00103052293919935,0.00132372688670793,0.0008029191580448,0.00526645196911272,0.00179338094982441,0.00256768345069192,0.0152480252478263,0.0365251403507119
"825.159",-6.4488335853101e-05,-0.000446759908816588,-1.24040827632875e-05,7.41544657142946e-05,0.000233067086131224,-3.88141251541725e-05,9.55890874859598e-05,-0.000121469600037032,-0.000318541298465442,-0.000254553490144642,-0.000141804716224338,0.000582500104161601,-0.000552278081316431,-0.00061795215572027,0.000489817726594015,-0.00104998221113865,-0.00016367955936454,-2.76098078741906e-05,5.68279996748392e-05,-0.000260873888245953,-0.00085665323169011,-0.000249822098500217,-0.000645991106009841,-3.79648737534421e-05,-0.000485442232774984,-8.23001614605952e-05,-4.67847060671263e-05,-5.80916054858807e-05,-0.000615926953789515,0.000149169885855772,0.000170786985408163,0.000114376146508668,-2.26982054090107e-05,-0.000530422751856558,-0.000551460129254363,-0.000645995843215568,-0.000601645315815419,-0.000522717589229272,-0.000414388754942867,-0.000147164486240277,-0.000298507191623307,0.000191832527975785,-0.000507629032962039,-0.00190014439906039,8.58787598250536e-05,-0.000242421325825049,-0.00244405558912831,0.000452071264194826,0.00115831024216889,0.000632991812244198,-0.00157495322761071,-0.0160605881151257,-0.00407638471030457
