Wavelength	500	495	490	485	480	475	470	465	460	455	450	445	440	435	430	425	420	415	410	405	400	395	390	385	380	375	370	365	360	355	350	345	340	335	330	325	320	315	310	305	300	295	290	285	280	275	270	265	260	255	250	245	240
248.336	-11.8038198194013	-1.5043979846393	1.81210102833309	0.852862864357875	4.04684356839567	-5.08395477243825	0.255285186252746	-2.67824356099491	-2.77094278052317	13.5514904320865	3.60680891726368	6.61546209739253	-0.407612354480696	15.1061079013792	13.9146264336246	18.0308908102323	11.3714683381239	-2.5611425860151	-4.67958512311794	3.46343714464063	10.2342272949675	10.0776026539076	0	-7.09529347287265	1.68138211230822	22.4763310979721	10.0894119574235	22.5436264197688	0.402603958972344	14.7316958029729	8.68160942235032	15.7893045662471	29.9327583184541	1.63066143102277	44.4663355603723	70.2069443183823	79.9109320701997	94.7873405464795	96.3166766923454	97.3419010236464	120.056439774349	221.693217820201	659.985614684534	1180.28092031106	1493.83890727456	1493.87289172196	1440.91734606044	1470.63849238661	1495.72271620429	3528.78330019558	75530.0390810596	248891.202777319	85211.6676090015
252.814	12.117845418631	4.20425601739799	-1.62777096060602	10.7255143901181	18.0658006957967	12.584087788619	13.4532718133965	0.534623993040075	-3.62047659985499	22.9346551278757	19.6358669223945	3.26256317826923	9.27578269661707	4.28510158014268	13.8880071513023	5.97327217453055	19.4566529610117	5.62373462079342	10.6490429534858	9.48153994848727	26.8499339239445	6.03499425844067	5.47089877293517	29.2120944617394	12.5862416669237	14.1941815466844	11.1174019653662	18.8039888571412	22.1812235620437	260.848276121686	-21.2686391322506	30.7302429399371	28.2024679000972	39.5492682954334	57.3152395161039	74.9821830996626	118.929176733961	137.554132649728	146.417068516749	168.101923782339	210.604620104797	720.142311172687	1316.5735864653	1808.47879345977	1889.23003559769	1739.71400096707	1739.39527973898	1827.31348958838	3464.66410463926	68859.4058223569	272339.89977027	113893.763061272	5160.56383619621
257.296	0	39.8143870037689	18.7894558297062	9.0958953841243	11.3349816767228	-3.21309931041428	14.2182849843089	1.0579193418487	4.77615703941428	5.23653767902019	2.3313390736219	6.45599287579232	2.89815982426395	13.6612590417258	18.3211522819358	3.636914196392	8.66272968794452	7.58747911813678	12.7543676128434	17.0032136104868	25.4104398400569	30.3980916133852	40.5970109684445	16.8160543208916	10.4604283441529	3.87415026208218	11.4778575532456	23.8522580341781	16.2211149103388	25.478187000611	21.9785563783393	29.0013652465459	37.8354762844187	57.0045547504896	87.8221031416897	106.512411849924	122.151759738113	130.153661939839	154.899778663717	210.583707376558	568.356061706985	1221.56124332725	1736.8327151058	1864.86700850793	1794.67808622542	1763.26427601129	1791.62196289054	2992.19306790917	52206.8099933515	228579.270913611	123162.181092748	5493.17844928312	19038.4435132203
261.781	1.35179482052514	27.1351050739907	9.26080719419253	6.66607302426149	-3.0967010219917	7.33601870516221	1.84185047401866	11.8086161451244	-4.24072796257275	8.85618633168689	17.3484481191941	7.95495433870796	15.1945043628958	14.8186344652659	9.2955812618383	19.8365109654404	12.2088857434752	0	-4.50168232307434	-8.32942096409581	19.924718119932	-6.60987583677017	7.14052116706793	0	-0.505456676057599	15.7249841178448	11.1617216491595	24.6878593018106	31.9521055614611	10.0542069150314	8.06685015084681	30.3780918134695	41.2725623795627	75.4921917526301	91.1533383278243	88.7241543463527	122.246225084896	159.20986229743	176.910008283709	530.134831741171	1106.80101130209	1673.84667989735	1921.85403890087	1924.6296195571	1824.67272445961	1823.33156460901	2799.58966067458	40057.1154757485	166078.111074362	133943.506805995	6449.68467380029	3957.63573944197	21330.8492016736
266.271	63.2450438474833	36.1850263919553	35.4599226009738	39.1152280124176	34.6457407137137	32.3325840963662	27.7875984689231	10.0996411074814	26.8033772562254	26.3019219746321	32.0815860211025	43.3099866963407	14.9556050357006	13.6132685218732	1.41816152632548	7.50714323131371	4.47029741628689	26.102848655307	45.2136779710302	5.4461195894121	19.6691275710357	15.126334773672	26.2568307514954	33.6261746241273	33.4160553752446	35.9857552473214	17.2754466399754	25.1096883153136	26.0969230275299	42.3648492010706	16.4093687101699	66.1392052176972	74.6813741440546	131.626437939726	111.356582912273	92.9746889449797	143.997261398975	179.104616258048	434.945426156082	1047.93089791052	1642.59083204324	1931.74617124234	1928.85493464589	1934.94387086499	1917.15073240655	2739.84406218431	30625.4431279478	132479.988124779	141950.96758592	8912.55753167055	2773.04321966414	14445.5733042786	29908.1460286384
270.764	6.87852184372066	18.4100338452835	21.6211538191583	-2.08737772298711	31.0645213668646	18.6644319623147	1.5620231371951	2.18499604082053	8.0149361057308	16.944116665353	14.8464977774661	23.3345370025206	38.4087265148077	7.7836054323666	35.4749798871823	23.0042060789141	33.7955307886888	35.52084297434	26.9151654334321	6.05481829228033	19.6807455858388	24.1043180690596	29.0672697231648	19.5364083973117	26.2342378385894	27.0052582853133	32.5957986005699	15.7644046558741	34.4879932745467	39.9536733616486	59.3983687291264	48.3053079082316	105.983206181166	103.766934479862	133.188586307616	169.094990722966	197.317550092352	405.67835611035	999.281555394422	1581.82822354623	1961.88508218654	1926.44692689531	1932.66861335039	1980.22874674804	2538.86878387181	22574.7940715081	109377.902443256	132524.562009616	11011.8446466529	2249.1354187231	8759.63865100143	26502.9759832628	12003.9808013934
275.26	8.75311332615774	8.40979571000094	-0.542673154089575	7.15143452510239	2.64417932036529	7.71400546892877	8.56247995316164	7.75323135599173	-5.73329641618734	-0.705789428275335	-4.71332750592017	-19.1122159132766	15.1364822079864	1.42858525331137	12.9641188571319	-2.29776310646958	19.9461138693162	13.2944929268525	12.8929147137826	7.11224057713967	11.6756664940285	18.6564663488685	20.2454157297172	7.43694104119522	13.595216180522	16.643994774402	3.38407366650318	26.5224942302694	31.347818240033	21.9394013115474	60.0339896121045	76.6009132654132	108.046284531392	96.6907480882525	122.764650030475	134.988534293277	299.633995762174	886.128034804072	1472.63539053664	1944.9921237601	1897.90994730133	1892.04119717013	1844.70607103581	2431.77045335768	15956.7184463605	88958.2249271106	106938.9744048	14041.7616405293	2159.50619667266	5104.05755019535	21535.6186129724	14015.3916298904	1647.23989383898
279.76	10.4740590797364	4.08819203746132	13.7178965444363	-3.97311335360726	14.1393495603113	12.6314194631781	-0.297315378845389	-1.81952749741729	-4.69403815121061	7.89130495755924	1.52750345304548	2.26606847101055	19.4635903410968	-10.1855251735776	0.450153685671591	0.446797860959705	-3.78390532744413	18.8911268202883	-3.27001964542099	31.1167900728609	15.892256081952	6.9353704226468	1.59596023948462	8.77993016942591	16.6447435507822	22.8452402008538	24.4411113529933	9.37686163005079	37.5110989692935	42.6609581689952	68.93830187655	81.3706971581105	99.004934083009	99.2297400841914	135.140140013382	220.299010256181	759.959306587888	1319.46089931751	1899.56647169539	1891.0093865479	1792.9770504754	1788.19599440999	2270.30466106575	13123.6930383664	72044.2586663784	86568.983743033	17160.1191492045	2173.50834621157	3261.74024283157	16820.7736700131	16639.0172422376	2289.06213422458	587.224436439051
284.264	13.0835673272948	-1.11166795270365	23.6006451730799	5.19930741287605	12.6412211093685	18.4081481702198	11.6014713793637	-0.989537863880743	7.81801511979504	11.1022691137054	0.363441111188145	30.6247967404974	17.1685863614886	13.6594836224628	20.5642980621411	9.78026818078419	27.9096124967508	9.46272251175663	23.3412154552455	24.678876585933	28.6295970165619	14.2166143727913	27.8468031332792	15.7291031682239	12.1138831868125	13.1360360459811	33.5498599582465	18.7408223721547	50.4266464158929	90.9121316234307	85.2934685907997	108.507134260512	97.7645378170934	119.743868320103	199.965578137265	639.897278574673	1179.77336917703	1781.08499016607	1839.54220915091	1742.63816046218	1744.73133230222	1981.14264609564	8959.34627112223	58558.5954904924	68605.5959325554	20934.2140410264	2091.22908393852	2352.65678945728	11770.5051594338	18623.1329791765	3372.53513927618	1377.01401681938	1752.84039012455
288.772	1.76700988562445	-24.6975454789138	3.3230349054473	-4.46851949124019	-5.78268370698127	0	-13.643011272196	-1.40324828934895	-3.69553530774198	-9.26115032217308	-8.58983666634288	10.60227488036	-6.83410691959685	-13.7466657653729	-15.7960356503561	-21.306378741417	-11.4904417896908	-8.94595996905115	-17.1628672618075	0.518470102598473	7.14954241086599	-7.20012865425451	-5.26521592040468	0	-1.32142382821335	8.13637169245374	21.1451270168003	34.591074444379	36.2819766991423	73.8479990582539	81.0490785363115	76.5225064828971	84.4794918436081	131.573664966436	490.807981487371	1042.14859992442	1624.21264966329	1723.23457040865	1619.30031520391	1568.00439283877	1671.05393056969	5841.51388814483	48096.8256256874	55386.1823672519	24170.615837499	2015.8520421492	2008.26603570381	7548.50478907772	17684.37789466	5845.16673261288	883.952324993407	884.068263805845	1176.79335358526
293.283	4.51669756373178	22.1626614450683	5.00544678069789	10.7082121100656	15.520323516481	7.83007645886237	6.66694250314341	1.79343878644272	14.4223979888478	-1.47954092666022	11.1979136485177	-1.95438002866799	17.6053045349745	13.1768218185335	10.0941591101187	16.1843910518363	9.79033391567734	6.86009669660272	4.70040304762781	16.400268482102	-2.44756094833595	16.1038731808042	18.8113800323436	12.9174302769576	31.6661629596611	29.5544563876931	37.699582645154	60.248989583358	63.4900166733841	75.5858619776754	78.4820792488256	96.7432303159687	133.893560382678	391.461853188016	923.059132275126	1515.49059191653	1724.54085766967	1615.53079807853	1526.12828422734	1560.41987369243	3854.02465104346	41594.8046648196	46059.8855832183	25650.2863857123	1968.39874784744	1914.49571614959	4929.46916513005	16174.6986681752	8860.05726125106	1427.6384578671	1116.68552384672	1015.04245203535	1772.58941625747
297.797	-7.65207011975797	16.0917418431583	4.40524476770402	11.6106054946234	14.6674702858526	5.93240173090238	10.9225972262831	4.99165185848652	5.38896275412881	-2.00527943367571	-4.78265811968447	12.865830032574	3.96364697939466	5.4118362842166	13.5306661897691	13.0567472854376	9.08309757671888	13.6975872536665	6.82568495563536	17.3204591122589	30.3293683689606	11.1358196088909	20.8763485626043	21.1297368902356	23.7072977136977	28.6116468869291	43.5608608386204	57.1526321167196	84.1713183840597	91.7586452605282	87.106597178076	126.283478837557	324.831817635824	800.760802056702	1364.30385527756	1687.17360698532	1569.75052490652	1517.17673309945	1463.03457457195	2922.22415430364	37097.9328031346	40248.7082266634	30601.1429231669	1697.50474904509	1713.5157342975	3106.26153605077	13162.5899839985	11470.567992742	1989.73842600748	1188.48316598581	1190.1169529736	1226.07347656668	1181.17209240511
302.315	30.0481220265639	20.1055894007682	15.5686496906978	32.5660605790025	10.5358848875971	17.7950469941872	8.28572588828216	3.83501757863288	18.9971299863006	23.060520946571	5.00814002110969	24.5177848771031	11.6733262610418	22.3896357366251	9.22433548499973	13.916465669124	16.6706679482718	19.559140887305	37.5243059397919	30.2284079596795	26.0525249717317	37.1688826750701	23.5466345374679	16.0864423801208	36.515214339344	42.1320428778263	62.7970845058118	84.1600330256525	79.9406005571338	89.6992995735205	118.662678412702	256.98833809968	700.256281485978	1255.04574987785	1632.83358866029	1559.82182364338	1516.19662622964	1441.05667125283	2287.00243105229	33983.0114088152	36409.1680027472	38781.1481625687	1576.46314626532	1350.12783169983	2039.60350107189	9458.25703849361	13229.3303400677	3188.71034162126	1394.33450403144	1187.20187666171	1247.46714461347	1371.79017876395	2100.32713228815
306.837	-22.4735876378338	1.90950728759863	-4.31263056069315	-0.811893464084273	5.95377603760871	-10.9700643963601	-18.2266442992735	-6.16150296693231	-11.750349740955	-10.0960518550462	-14.3584685705781	-17.4112103634182	-6.59653848857019	-3.78432848302722	-14.7180028437251	-2.55644942951822	-25.1299550871057	-5.28257534514036	-6.68218432563479	0.942017794591681	-4.63933361721972	-22.6755450087042	-1.30451821738184	1.68861332727927	31.6121011853661	24.1198310647125	41.8766743590369	61.3162484409772	90.8335374487174	78.458717443286	208.116813608142	584.69912518536	1147.77309878899	1579.10619888563	1560.97961361644	1492.49254747485	1383.25386549501	1953.16014777875	30048.0783822221	33774.5434434141	36185.8168381263	1714.02496928219	1108.85453318599	1361.55601520484	5917.5310997477	13203.7101702853	4698.91467068487	1329.58370572946	1158.72276274053	1218.90155983497	1016.55819814101	979.654144245739	1439.97003698646
311.362	-1.60322775149708	0.953547153729557	-9.47579783588758	14.1901812783325	4.8969137832301	0	4.1261520310892	-1.90977420502376	0.718500074643102	7.84256185522723	4.3644465129221	7.39966314997839	-0.387541333219674	10.9606844277493	-6.61473188933479	5.10643786070336	-8.49477511656171	1.21751536900114	2.66949610961407	4.70413699193121	-2.31673552367798	21.3403392994136	5.64576888019559	48.4862851479911	42.3626370613167	42.7391722740702	70.6015701227659	77.6966832967337	94.5465496965977	188.138682053001	550.775113243057	1060.21062731158	1576.62059055397	1534.86323729182	1488.14309907803	1409.40121591172	1740.70641782604	23107.9041666404	31585.9854631829	33778.1380591071	2342.27445885979	1000.72138170198	1020.18682120721	3663.97895334834	11515.493604826	6535.68948697082	1650.70769023091	1313.18541265987	1161.42882474148	1284.34526852392	1325.88242836563	1419.14420097669	1438.15039527924
315.89	41.1079745787771	30.4827075512775	20.2233151961769	36.8572287962998	34.9426476629419	32.8354270023624	16.7304176354263	22.2582081673027	16.7480785818131	25.1827884900134	23.9802249113791	19.9589229351633	44.1351154913182	28.3179836434303	26.4322190208499	17.8544913735785	26.6158097282513	40.5428789267797	32.0016171592959	37.1251689677239	49.0652149684345	46.1182153008148	39.4804889507793	65.2851123913429	58.6888829530721	84.2276226364152	113.078474132368	123.500965145614	187.755042933916	499.936160887957	985.372019671568	1524.03744648825	1567.82679728121	1491.49624275502	1404.58606128146	1592.31115125675	16564.4800255323	29944.4068253052	31597.8316977537	3056.93836287924	912.236667255595	883.494790399616	2066.68159486086	9210.45745073044	8016.49067351011	1943.8097715547	1379.36987938013	1236.70971112713	1260.24263144565	1201.58539064974	1634.83931937323	1963.66274624762	3178.15162019558
320.422	-8.55558980055827	-33.8708840040381	-7.32652492565318	-10.1418203254013	-18.8992333027771	-9.35050596904464	-0.242857941074621	-11.6777240242863	-1.9171299600374	-7.56692953738465	-13.4129899673876	-22.2120789852552	-11.2453255120132	-12.1016798306598	-5.88322865471177	-14.2334646509496	-17.7722756842421	-5.68508860042308	-15.1360642746404	-20.7104073676283	-3.70896252234812	-4.35773929295802	12.6018337382998	34.5932151248476	42.7874991715284	50.928480854695	59.1252869768904	102.252446530321	385.303289233548	839.737225973889	1439.31670438844	1520.84420953807	1437.0704332921	1313.54724881755	1414.08609899198	11911.0386526596	28208.6944712762	29919.3414157821	4404.68862113787	811.894151001982	755.068949513811	1098.93931923994	6400.54404868131	8667.37920061284	2323.34265708934	1272.85732286579	1164.14476005246	1145.41943787716	955.562036775413	1089.86023536521	714.357661789651	908.435045235552	1177.36232257515
324.958	-10.4836187817361	6.39939890981349	-7.11535774867572	3.76743753937101	-2.52799443903788	-1.99625497797224	-12.7805673339888	-2.40999338777041	-1.4836807618434	-19.6649336881324	-2.25311226673621	-8.78604539114178	-12.8041767189023	-3.5120916275261	-11.3826831702523	-13.1807982400657	-0.398669358742336	8.38044046658795	-16.077915374216	0.485694977796005	11.4815718402287	17.0872624097367	47.0817605765371	40.4843966856606	55.2924166915961	65.7901568872807	83.1954324287492	334.713712407523	770.272197823248	1463.32637673179	1595.59878527555	1464.70159015869	1374.35650667442	1382.23053754954	8168.81271365657	27509.8058937236	29088.8531275314	6345.44523698734	832.236876464443	735.552547787708	798.184684674127	3989.55771924031	8980.81343967325	3089.64414258759	1211.72525720956	1238.08002303051	1261.17672984083	1107.63838077092	1119.5007811517	1061.45492938337	1115.26623785586	900.989018367548	0
329.496	0.561371894864603	-10.0165663680421	-12.2161278340191	-5.11067005793325	-15.0645088737108	-15.9094683240731	-30.8502276799941	-12.0367702831111	-7.29592329698473	-16.1822650286466	-18.3385868167996	-17.877899224169	-29.7178637956313	-22.2333242577724	-18.5292430037827	-6.89666640761372	-17.0355121494654	-12.3631145752417	-4.67363444772079	0	5.84069325721951	14.6396912390041	10.4926280517326	60.6761947815764	41.1414786250159	78.771194202551	289.399435422859	719.272541961262	1349.01865291457	1572.69640943416	1460.20275655389	1393.99962248459	1325.73007815473	5908.10954341527	26488.9600503173	27970.6967790397	9147.84762102933	788.389172723356	716.699629354697	663.570182092199	2260.61002433981	8085.1262533211	4297.54696802931	1151.13275290696	1136.62218106413	1177.06664012898	1223.57673858523	1071.94324775257	1073.27295021014	994.267538295545	1100.5863440619	583.334817716566	457.790803438594
334.038	5.08476079670763	21.6737811959293	10.4730937804621	11.1441589497987	31.0618815156794	0	-7.69788838553113	9.19766147379687	1.26598808371468	9.17942897449404	11.535149693855	12.1254453588004	5.3261750019502	-2.39742470952464	20.2021287730229	13.4962188106057	17.5530145010152	22.7396155336544	12.6997700287319	45.2559205770696	40.1674587782172	48.8050942792856	72.0830984527205	56.1624010772212	104.358571483634	260.832195960849	659.991192675838	1258.40629425057	1609.37915905955	1509.94999321868	1419.99014448165	1344.61923774541	4281.90882021326	25641.08199178	26636.3419404402	12388.4190716986	828.878191504386	737.996584461737	648.423204026645	1409.60496089631	6332.28653761634	5789.65919558189	1307.71307909793	1071.67125178145	1204.17227873965	1249.90277728546	1262.81880031339	1232.69060214796	1150.69959110661	1111.48716807738	1352.70194540805	1612.13276484043	1267.00144319223
338.584	-26.4918302943493	-32.1834273265925	-40.8861064003686	-5.98670797422245	-18.077178291527	-4.41839563498599	-11.7759045125836	-5.14763196451415	-6.31517966833123	-29.8374314648467	-14.1387083065646	-17.1701769235309	-21.2550197051432	-19.931951409738	-13.9534750728278	-11.9259188233297	-24.0282065383989	-8.98902589360685	9.38530037842964	-5.45773927724137	-0.488704786842482	28.9391605302518	13.2836639546333	53.8079666148769	174.508908496696	538.479192565119	1148.14307736706	1536.03546328652	1476.83702530077	1398.62724922565	1254.43353159069	2977.4684577634	24972.7848210313	25508.522677507	16791.0769795039	760.979733452133	654.823112494336	629.656502461753	798.688499176526	4439.15201930254	6600.86627099453	1688.12119128012	880.976673417227	1002.71699116204	1123.50719878684	1142.77640236528	1140.29277581818	1010.76049593625	1119.4258378105	887.73058465818	870.360400842776	799.538242882814	804.393500970748
343.133	9.01022222779645	19.0913802581428	-19.0626796227581	0.427229715572789	22.1150143372908	1.69782399350454	12.5323910360344	8.27337654090891	4.79513365328055	4.13208750391509	0.328505535936231	-4.67847974164113	-1.22512622518644	18.7188466687017	13.553433771854	-2.69047901224617	19.5304385604473	25.2317144968421	46.8834534765114	61.4671672074956	56.1494939871884	67.9216939175013	85.120514552265	184.378688046804	502.41097539561	1035.84672142917	1502.49762659141	1481.38834459816	1402.07114665227	1278.47221900691	2256.30433719876	24737.5368387011	25011.4528174838	20340.5566994968	824.803595767149	671.126635409761	640.484208306334	685.856768148927	2764.47948361823	6588.54850685477	2678.99006264638	835.047853842108	913.740435078825	1050.54230328798	1214.04699473214	1269.50695942405	1267.25196808635	1178.71323246938	1177.72460285717	1141.63610022133	1460.66869991592	1727.64754710822	2112.46610631032
347.685	-43.54031827952	-19.1700251332574	-29.1675524094643	-7.29282391665198	-27.0174396074023	-6.81927198290393	-6.42041676775006	-9.20556136845776	-10.8968488190534	-11.85459768931	-8.57632825255105	-0.782958705447216	-1.64023066680191	-3.99913977276726	-9.33206789189066	8.87656134803886	-12.2568075554551	-6.87068578018	27.3044191781404	13.4391138136347	31.3771385053435	42.3955208020193	147.966200510608	457.71520414314	971.326022791807	1401.48137379992	1429.51747510604	1358.70719080452	1274.19048268647	1837.6890393456	24820.7538896632	24827.9245257628	25102.8413572954	869.435294449893	619.020816358786	629.804924263927	586.516407313276	1652.3324651377	5811.53992488622	3669.37329295218	872.885946323813	720.689149371498	924.832800548625	1033.7725006557	1128.08914540143	1160.68743260391	1152.50855923766	1046.8700767841	1032.54779921221	1090.87093305571	1250.85240961464	1109.87615109438	1221.97732215126
352.24	-3.43952019602792	16.3657081911421	30.4936694112039	17.3961256940377	17.6345721149832	3.45663685375439	4.9467794938652	-2.50383003776408	-3.59671681226076	0.901350745989401	9.69776786321454	12.7000250959419	-3.74139175498915	18.2442004965727	4.73035389667955	4.6950898546252	7.04126635805321	16.9781533090556	34.3623759269201	40.3684982960674	65.6074308340685	116.326117590403	424.395496412366	884.179576575962	1396.2639549223	1396.21042131485	1343.44327291107	1285.060061001	1579.58704841608	25248.6457044844	25224.0745851303	25231.3617392837	1065.20337809112	614.91532762036	622.802918449043	593.336481721044	1048.38878876835	4572.66504418881	4779.81453802168	1145.71137342911	721.663038962022	792.34758854072	968.041607773444	1132.72011015663	1106.55393941224	1191.13983597705	1156.81295410544	1236.72251657698	1344.2638618211	1258.98597815704	1452.09316020391	1427.7436739463	560.975969188007
356.799	-10.4335520869213	-1.03425562239288	-12.1465284029419	-2.19874882244937	-6.44954474000329	0	-9.47729767131824	5.9840963564719	-2.8574850332296	7.59496271838392	1.69066226898448	16.8545422134239	7.56617270791382	1.22983442984643	-8.37037185188928	16.2203263837557	30.5729806780341	22.0094362195243	24.1286910451987	35.2058446006944	92.4719451182832	353.339796307134	801.724241272533	1315.21171595777	1360.24073752635	1322.42812584358	1246.04592389316	1425.99794583822	19538.6970439951	25753.7912480294	25525.1154652158	1401.10371095157	570.845186582983	591.079007172858	585.198557451798	750.281742466489	3081.23096429338	5220.97079781815	1714.71792801469	725.435679297046	767.847621812037	849.343253965752	942.771410964455	1118.52635284182	1180.70801267784	1161.79071762639	1184.34424883229	1193.74422898815	1119.51088450058	1282.4928441005	1407.9354030878	1462.77590507578	2032.56544032992
361.361	-3.50207217626191	4.68656411642163	11.290267258305	14.6128092128998	11.4608163084416	13.7260504751571	10.6036692024505	9.03865886609517	1.5694832613146	-5.50645762550441	7.8312096536536	0.404093467179749	3.80943364739494	-3.30239895467468	14.449143910739	19.9186497532428	56.5111153238075	38.1198798986713	62.1996422164495	99.6739261758768	335.521115537117	727.774016413981	1291.12336098883	1387.91923259703	1297.69283254979	1235.73306512554	1289.92668450057	15496.7497048781	26236.7949469481	25946.7972546868	1972.2591953175	547.620924611249	567.361012757197	612.975243799306	648.201588133289	1998.12351198107	5062.30983356034	2506.021070401	816.618991939491	783.379299428041	834.270166836299	845.694909003705	1037.84129874634	1104.53913508455	1180.76671666013	1194.40783376429	1205.86001928632	1135.97165569687	1243.45457011005	1227.80777829223	1483.56465258991	1472.96340343008	1689.73497405089
365.926	-23.4184347361347	13.0579828138446	-7.0779627112892	-9.32745364672043	15.3277468443583	-17.2982072106572	-7.71113324962221	-8.60132075202441	-15.2179958716575	-9.81914798171937	2.3906890114359	-4.45860034289892	-7.64213032425653	10.7655675322768	8.85699352410797	2.79712555647526	20.7276082028456	18.6735286934113	68.7259987795019	241.184680631997	650.756304666429	1217.6145124863	1347.87687784847	1244.35004488168	1170.74531938045	1178.63757708885	12683.4947884737	26274.0891497356	26276.6477022876	2681.52169159037	489.535194008134	529.146774853845	572.003261917138	604.656036546567	1216.11152375866	4250.18552374052	3437.71215746556	958.559771242219	761.234347299927	799.918645536767	844.39620574069	870.888694091132	992.449944244712	1076.45676842943	1096.33743906988	1140.24309486259	1097.16394736878	1153.77274968007	1169.58360452087	1186.88883934384	1477.9368455797	1004.28712643686	668.409026693488
370.495	-17.421166966088	-5.69884552447817	-14.5089779566538	-2.20278405857937	-6.46138121522557	4.20188707761722	-11.86836350726	-5.07275883339401	1.82173676981142	-9.73939368033061	-5.0812951300349	-3.21628083366712	1.68445743681167	-1.64278863148477	8.38573350965275	20.2135323167369	28.9507832217317	32.1927501366308	189.999568029876	497.87571003612	1089.54640327732	1275.87212547658	1225.55756243088	1163.68867773585	1152.98502959313	10015.3641544149	26168.7062407949	26103.1042400228	3863.66724048785	457.824357173114	508.389681859598	548.093928295434	569.418884062999	855.815648164734	3147.9335177939	4093.23663329677	1320.43871384296	815.541327588917	807.538632698257	836.688349908285	898.927947456348	931.77847282121	1018.25553635417	1111.91261417722	1122.96964525825	1105.36072699518	1099.98560609687	1078.6516617709	1107.97072504393	1319.65764164905	1425.63201207854	1637.86756491182	1965.26211916923
375.067	2.31481961890946	-12.3910073989961	-7.92912424820765	-10.5369358745065	6.43912030894903	5.23426329374434	-12.0903070982936	1.14892773691182	-13.4862778394666	-8.18930189799445	-5.06378892959797	9.61560007628793	-19.3045221897482	20.0548284921466	12.7342366148208	7.50458727830065	28.8510412856867	141.511672947528	408.561171614506	935.267479418715	1251.87278928847	1170.55065798392	1129.15899730401	1076.584363506	8386.2782797601	26381.4104963038	26053.203175409	5041.57288145833	421.553675712863	440.259956280126	516.795305922482	564.087353553925	671.004676335273	2221.98760125894	4401.51566240295	1903.28917475558	844.642358079736	848.875958413685	873.953551623815	921.789468754692	959.506727243204	973.946897850268	1081.49724798747	1140.03742040246	1144.39689254028	1150.18617655071	1154.65969100084	1241.39993577412	1149.31317067246	1267.80496975165	1501.04380460736	1431.77609132102	731.484721366366
379.641	-6.68972034957769	13.9258899892449	-3.14516834486636	21.1467024153561	5.47316361731801	3.02535518406444	18.2297851860911	9.73968565432913	5.74627159795652	9.05762560865261	11.382087878997	3.08762601621675	29.1073907203653	16.55929018341	27.2176634543202	45.2782598306713	118.421153211144	331.911278593178	798.287334753179	1118.34818174943	1114.11528768779	1116.25430507411	1036.54584134407	6782.00639293105	26144.927901334	25418.1389007303	6293.7910698769	441.585006870223	409.683848392744	486.107712756811	546.760848991479	610.732525450517	1443.59270760762	3993.08292765267	2657.85909247139	980.60160984472	894.321404423119	940.596814418151	959.991189530306	1003.04257993129	1029.55006636831	1043.91690219589	1074.3373658155	1169.76884487431	1171.62353424855	1194.66663075647	1209.45476968546	1279.45353372009	1396.44933454734	1424.84884142753	1837.70301876738	1967.73755524707	3023.18525425946
384.219	2.21292376678768	-12.3391340372013	-10.7013074653232	18.0476578736317	11.5871570975145	9.00694204832022	6.03031558774826	6.59011909497693	-0.74380537487503	-0.869868633268331	10.9726758994096	19.5337050259584	2.80833274435982	26.6060916998831	7.60855582078542	72.4976182794502	243.432743011943	603.729587584101	983.811251191558	1014.86942794412	1047.11090878185	990.530361141811	5426.0466751168	27397.6058218486	25969.8035183751	8046.05065532291	478.250594075757	389.486540880365	424.395428377049	487.10807826801	542.985108367315	957.297443814902	3281.58102382709	3330.31325012421	1203.76695125279	913.275284838979	934.515233305148	975.884429002156	1025.0814638081	1013.22818163543	1049.75824552572	1048.91598949024	1096.26851760421	1188.93186337004	1183.01382683087	1177.43177371685	1296.6542518717	1340.81290360135	1346.95935073718	1510.47458141226	1895.69546995129	1815.87613925722	1691.81989428511
388.801	-18.7177944539281	-16.2219761274457	-4.31028282755642	-17.040481103763	-8.05072367311752	-14.8337721428419	-12.1444813200834	-2.12349956366928	-11.2646080007381	9.24967606911586	-7.79926740752305	-0.370249616055396	15.9006379176992	19.6677954191227	42.658972675557	180.314074494978	442.819243283636	799.265291508815	861.532516819392	926.440894270907	903.713885379711	3978.26339721895	27270.0147113152	26474.4349655658	9458.07090321016	381.819031778133	344.814512139428	381.102840164703	442.045732920138	477.314817076528	702.481194767875	2314.23819697898	3622.95320215205	1522.00528084869	890.86959562041	880.712412028025	960.957305273944	1018.75503056605	1016.59922181717	1039.76933022176	1041.88879822044	1013.33421712447	1103.39925905336	1120.57711717876	1154.80987470237	1143.81095478132	1249.39025060614	1184.84552639111	1329.19745137639	1495.11028207296	1642.30912665615	2011.16712018547	1068.48667844517
393.385	-16.3753895326923	15.0658560177228	7.0114803523377	-3.88228660490914	-4.68910709778621	-2.77709868789205	-0.697244750901635	1.42234597441294	9.40279816399031	9.65539657928458	14.6273251064943	13.8170158472877	21.8946362764317	49.2205292006698	145.682631016382	358.348070831346	658.877382076002	750.029250228074	827.360840701359	819.370556665468	3366.23345571172	26192.3261068213	26118.5204962674	11536.5248054964	404.501189703382	301.732416045359	348.315313263872	415.611150701031	477.229640793059	565.838255296839	1545.20245572828	3475.46387414588	1964.26420093119	912.642567246839	904.499714774562	952.652827432946	983.657891681107	1020.93646992198	1073.93637946534	1083.03495264113	1069.27219902702	1076.83850928048	1122.79795905982	1155.49641329608	1165.85081007282	1220.27402538861	1194.217367965	1285.64586067333	1439.59511441265	1667.67753662762	1713.53895051281	2380.22193671202	2357.79752337717
397.972	-14.365152741557	-3.97734231839596	-10.7794140262583	-4.5096146057551	6.80850875016139	-8.96067338017955	-5.62437923624581	-5.11388720558238	5.10589267808702	-5.97126081032766	3.75649465539136	5.48706645696262	25.5043735613111	116.660059281325	282.038476931597	529.105944404592	614.522492947831	679.750652454731	733.655661249452	2172.7468597377	26937.0967699382	25319.1763087985	13579.5652734754	417.379012045414	285.978053084627	299.276577547766	368.819246336774	429.624330609866	487.499020342639	1025.62549299589	2941.74863743912	2468.45714034078	966.872457429302	847.501981337267	902.417090988302	926.886826299175	978.839489402919	996.653173263727	1050.28572037826	1048.86507040257	1020.08220595753	1054.54272194354	1072.73313429592	1143.64326390228	1131.12949980462	1119.81006252516	1224.79863158158	1252.07064905929	1349.05951966123	1533.30947549018	1654.39037424281	1920.02461419584	1656.1989499764
402.562	34.2899283025116	8.92260334376341	18.0406041488125	30.3500421683259	13.0919345655775	18.9533140439081	19.2506955032547	11.3462115727858	14.3001462506592	26.7081503640639	25.0036702523959	45.1713047494903	85.9958492321302	246.89015043988	476.499937117766	547.059098246476	581.191117858479	645.220505369273	1501.92458309359	26286.2354795109	25891.3614223409	15864.3805615084	495.779981027473	281.049477542038	297.032031750671	350.061775303609	400.759902003462	461.492186418914	710.89680045558	2238.3229590072	2836.33701983833	1148.17376152617	836.934523423152	851.089661863702	937.588464614859	961.618567585778	1016.81492720353	1034.28425143067	1050.5898331471	1058.28956410621	1082.9831024054	1081.87938485827	1115.30905523275	1098.12196053769	1169.95001308345	1229.71878602319	1283.41836788985	1399.07775376953	1427.11423694954	1832.34823953774	1954.16052550164	2207.3290772464	3301.18151309332
407.156	-15.1131950876327	-13.9045987702129	-4.56779594725208	-0.358304483254931	-4.94591613237062	7.4043476323769	1.93050600533809	1.68777428691711	8.88970186693767	5.6932479763422	9.09174869236999	62.1252140978357	196.590381039472	417.190545318915	493.646056278362	474.49339218993	511.179421101375	1072.39981104919	23171.8957063012	26017.6868052617	17918.2776000768	555.397492027786	240.26273665973	269.768961536941	313.633489851936	343.716073842002	404.547315145091	538.156964341527	1578.77003667937	2933.95632800639	1524.24612520219	821.546312509952	826.283751336958	881.346384832003	950.783265173154	976.163576619477	1004.38355791331	1036.21552861993	1017.39395935823	1079.91989995928	1101.99550455328	1059.61391388925	1107.86764754352	1074.89035557162	1102.41338496684	1177.81443670307	1246.50019570882	1435.13281880761	1453.94089255742	1631.7920074047	1712.56714011603	1986.42958302259	1348.00267030207
411.752	19.9736406257849	8.28813818142203	9.3593981663718	14.0959613249474	16.4173475002231	8.96284522416101	7.80571764333534	9.03754354100686	11.4494087796004	16.0678831908383	49.3159424113999	170.440434617497	387.711034583721	457.620637215964	463.789771193435	466.672956788931	763.86440337661	17730.6661704562	24172.4965236796	21778.938117592	704.78931495236	257.412102471913	273.673381754728	284.745519176746	342.506521900854	394.786907856547	465.582624111865	1088.18264509233	2672.64519005852	1939.965436887	845.927285795815	810.615498692738	851.583450547457	946.326596963943	966.959815140481	1003.68095553152	992.909476945637	1056.85209801718	1077.15949080824	1049.02575142449	1078.32093362396	1108.473286151	1120.30982381617	1125.80406724771	1132.97384817178	1215.00473833832	1278.74816766943	1370.2580033423	1571.3441446552	1739.06072337936	1740.75454464183	2214.18193210561	2708.39008881327
416.352	-3.65740533863673	-13.4596962399813	-13.6333935102687	-1.38735955944768	2.39383134566753	15.1618759648961	7.26730670410449	2.54142144213218	19.2593912965213	39.5360253036546	126.412092983016	302.269596601435	409.443637664992	417.745067045096	418.748347364484	584.435964819554	12926.1856965712	21732.808725452	23523.5989280518	967.036511899832	234.262662508968	207.152019796389	279.015815182749	318.125730142501	356.591158258859	401.189753355625	736.922848710895	2172.81104362149	2322.34425786071	966.015516873855	778.660581610718	819.017723669813	862.495545636975	912.166732240203	950.672551207182	970.389468981761	1004.16757598877	1008.36283670213	1064.90196221449	1057.33401141865	1048.48775056626	1048.717241894	1093.74932820132	1123.73709947925	1137.48298589461	1213.12709355918	1308.22597486745	1424.18833050084	1530.50176018108	1684.22084062976	1971.08117898236	1839.92286983417	2199.63953672498
420.954	24.1883347502044	9.19132786028555	-7.94244159653284	4.41775365588086	2.05225208474061	7.56270890438504	8.54444460013739	16.3630999975748	33.5243431549919	98.3676254326081	261.038684086862	374.926811681142	401.165179590232	396.310180979503	498.991328813628	9814.62878188271	20309.6267283844	21346.4634243251	1233.24817153704	242.095420946053	226.80756925173	247.863888051798	282.838812677889	349.15338666767	388.908634026771	559.818881131252	1631.8688138323	2467.33146382726	1217.90434147863	790.375882277773	790.905299719952	843.351765504262	886.403328394509	947.977499027157	949.000173832102	993.532600237964	1014.00973177405	1025.54357934526	1057.70989474747	1083.31139985388	1050.96551306106	1053.72551770258	1109.3686596933	1129.76190773087	1177.92312655186	1234.71262742425	1323.63372083364	1421.43663467873	1600.92549992175	1708.75376351082	2016.71525384119	2231.23768915222	2410.86306807349
425.56	7.03118159608896	-16.4662928075438	5.31274204640061	-2.33373910903045	-8.05353996916467	5.29962902788333	5.98758820450874	26.5226837317907	69.7177222599537	193.009330818503	312.748572067653	342.574245520353	362.655823762729	440.707328029525	7405.36612224288	18798.3063710142	19900.2216213113	1608.88385604109	206.343841181515	174.457991194603	209.938658368925	258.927335622031	297.838035629804	363.342933768767	440.368539721701	1117.92258277793	2317.20026607328	1501.27131384874	757.948292643297	746.769069573825	786.724723186091	847.439296830402	872.112162489752	923.330875643064	961.156556962553	949.893930086182	958.577130853273	959.853610782179	1007.47463801194	1011.46918872656	1016.83999981219	1046.62709863486	1055.89578676599	1082.13212161684	1164.06670251371	1198.40294798682	1321.87334098316	1507.47626196974	1611.75721766231	1705.13025073477	1913.71413231518	1638.11148414924	1236.35680953815
430.168	20.2618348728114	-7.30756565730345	15.2880723352409	5.56001249112933	16.9298308552659	9.09821301291348	21.5375320278777	60.4256270301748	156.107536516415	269.554950167169	288.95360371745	319.652696167828	408.602070736678	5548.12730798796	18660.1368683791	18521.0284917884	1981.97455810819	187.264809392543	183.76167868722	210.989915816621	237.34884660323	284.575302194811	336.324049080744	406.439513498486	785.346571898888	1962.69778234191	1790.94361295416	836.416119314803	733.981071007676	781.445943727823	824.748826259579	844.665684769454	900.85185003742	925.805704069102	964.014520409511	951.745962722073	942.910509950465	951.625051850958	983.470080922393	1006.14933647584	1005.43406787814	1050.46326193443	1054.27961426152	1071.23107866771	1167.58695265105	1302.4457530625	1382.78412549556	1536.89209405077	1623.19862129303	1811.3589670566	1989.5623821705	2026.52729489614	2320.28454519312
434.779	-9.46104606002096	-12.2773508177154	-5.89229573539679	0	5.91093557280507	11.6690669681379	51.3682253156699	131.654709954569	215.664249453889	244.327140647928	268.92949361057	374.24821791663	4147.12252416881	19131.6991799995	18601.741643162	2420.92411747226	181.772248905141	162.312547868483	170.780755258639	217.287309241208	241.615042093046	287.733816469666	345.985140334482	559.81885805124	1539.83353058026	1995.41269344838	949.785153277578	725.029052766178	757.134644623839	794.459576835089	839.637352639852	875.516681584402	901.394757851854	947.867662601777	963.598699745675	944.626282030038	941.687615560563	965.794991692445	966.486338318234	982.902484695567	992.766794357219	1017.69316247682	1045.01071412816	1119.9533152378	1193.3018241061	1271.24839489948	1442.39530957925	1480.49019628259	1647.75030926779	1851.45346514708	1824.27518219113	2064.12573597285	2489.9534199032
439.393	8.11653533623929	11.0523159654619	3.09869428316764	5.18540876678552	27.6804236280283	44.820167327659	119.708388440364	197.270590291695	212.889119541175	255.687290503051	320.717606732757	3009.8499457976	19529.5001284161	19046.3944581874	3250.08727740106	189.224701262373	160.191577797181	163.179011589499	200.230186771592	233.890973231402	274.452870446639	321.32909945888	434.984648366418	1185.9966257961	2036.25562287521	1164.37260234227	695.023609851464	711.944175240001	775.657169019613	810.052553859818	858.643163856158	884.99095639953	916.325994731014	937.223118642644	940.772606915088	919.988673606237	927.515769472305	955.557166956195	968.099503865207	971.200998280367	954.825100335835	995.422773113545	1049.12996685394	1095.28781117126	1174.90487868548	1326.51254347448	1473.79653994885	1541.22989838609	1753.46160481687	1962.51909480105	1841.78311165602	2078.57539744732	2072.76681295813
444.01	10.1366500122259	14.6955562216952	12.595171138825	17.6234865663523	40.6369402054789	119.189008147737	183.576669006179	205.439923878793	223.166298967851	281.133685141823	1888.03138120715	18434.3601956049	19309.1938983122	4426.57490159954	176.584493162678	135.486840958995	152.278641627532	183.146468461304	204.649302902236	245.376597043694	291.859623664369	365.543444620092	817.924144989277	1832.70685167018	1420.71123838215	693.679556943863	663.51859328064	713.279079036848	768.407669911649	802.397792602813	834.414013235388	885.671658590921	884.982369039374	916.527141557001	910.415898405571	916.988497193218	922.012453766099	922.528689524227	934.099310353196	950.87429910554	961.808114532238	972.808896599989	1049.86826466837	1094.89139110085	1214.80344325784	1384.29182033668	1473.14887759034	1663.40611810784	1886.91412233789	1896.61707205833	2073.78942822775	1811.2702000187	2411.00243068691
448.63	-2.9020872798032	4.80832698085536	8.68770201323306	29.5655672163166	77.3352946647351	168.242082857852	187.72837692515	204.785100961699	242.282260403101	1420.4202950231	15244.7869565227	18092.6496764759	5588.72215353837	189.120171624466	141.403409045122	129.313741743312	156.963601490466	187.015716268452	225.042270140281	269.688769374424	322.790877778457	564.573062246615	1501.62275182365	1579.16240003521	755.563750048201	614.595123653417	665.887685129786	713.804642246529	775.937254283813	797.315129455445	831.56644355316	853.642697590661	861.328763315121	865.373815792345	875.224216692266	898.125884087087	886.900714183607	883.718276316003	896.993463838751	904.981720824	923.973977597974	969.453857214015	1032.14993506012	1086.48804899374	1129.37139785328	1275.18545521784	1397.8592536578	1530.0170654405	1714.67467256855	1764.54483235038	1816.22154237368	1942.03679233633	2079.23675391982
453.253	-10.6556517061914	9.14081435399897	12.8822111794747	78.9743967805279	155.580483625845	169.279505848512	190.416526952468	225.546164153631	1007.79737914421	13533.207655469	15062.6700945162	7359.26425874924	218.14576714521	135.939359826786	139.782923343232	137.621985768336	173.523989076834	189.229777284589	250.782993751695	286.800425152069	425.692475044904	1135.5777086065	1675.91920296976	918.920300694669	586.000128419882	601.592540148855	660.022151752715	723.822728298034	759.999809467353	790.210017724076	819.7348588332	834.650005280836	836.035066004954	846.836656792689	854.695701010787	845.772932873399	826.056393976578	843.605729289951	855.844836687964	871.502590218772	907.195773751646	911.338041093774	1001.20040876166	1038.56185362115	1141.50901635891	1266.59913035507	1435.66423064451	1611.55945950026	1741.3977798189	1800.1593229883	1930.50758821224	1683.18828385518	1871.59162717368
457.878	6.49417909292663	27.8825965759594	67.7163845595925	130.561781478903	169.756179177058	181.844527090953	211.257060971748	786.161227440497	11467.6055431836	13411.1834865208	7459.28413003016	260.49056638178	139.222517032215	122.286801737448	148.763799284433	166.492547778966	193.261315528919	227.478245889737	254.788427963278	328.698785490202	817.84855148287	1609.56179963193	1107.29004628863	581.843664326799	568.519297280287	612.914971414279	664.449065539739	720.05017495224	773.322559231115	786.91317667365	794.17375898146	819.486609450036	807.234261274635	824.846128964105	813.744222653489	815.99343084444	812.297161051639	832.584856101064	825.05660493794	863.11028573739	858.615779304862	925.838735740979	985.772866954955	1106.70236566408	1128.38759903288	1254.40216653982	1467.96954943106	1628.33406193731	1680.28558058969	1875.7258533644	1855.58096421543	2075.35624477786	1853.56876989668
462.506	5.635146973141	60.6879025430962	126.520516915866	168.257620530657	165.973295157092	194.89464196347	685.536869605049	10070.8475747271	11366.6391269601	8728.53128774497	276.363603946682	129.858719451991	123.470054886523	128.955872142361	156.106896444849	187.360326801922	212.302598774191	229.254413701164	291.541604336161	545.637143017738	1354.76893457464	1299.31163480487	589.110415150255	534.134102782997	556.265766321561	592.892706210708	653.142915481237	707.142981408	740.655207249668	771.244753909187	765.809568831739	758.681435684223	780.22894519857	807.476549954998	804.550348004757	772.701358596578	788.949758838832	790.823896427045	778.402954485018	814.999574988767	859.290478240693	865.377496760059	931.147383935139	1035.024194188	1129.55959861449	1277.79598861009	1447.62792342778	1548.27830028987	1645.89426744757	1774.57748508802	1808.72268896405	1785.89604585263	1936.62539106359
467.137	49.2750997035151	106.002284806718	139.320242647837	156.164213559304	190.126940001157	557.10355045982	11352.709433091	9925.27918329714	9469.88970667709	343.232962030214	118.45513702225	120.775358178961	123.625249372488	159.069884888924	180.349746336623	193.108712741673	217.922885516992	256.811588381844	390.714743031836	996.561876741574	1362.30696835626	698.533509738564	504.743320841462	520.741947337414	562.54801315189	605.270222705287	658.798086240546	691.01421920167	729.791182387092	732.139638258698	736.798127625847	759.057130848264	746.582602355382	743.577198101317	757.46943455711	739.457452691793	766.858887042305	742.096378697017	765.487812182713	784.605810390802	817.473179709353	828.302506237813	908.463331414693	999.8881218789	1105.43422867699	1238.96652243658	1370.96471184488	1529.75895821564	1559.79399963648	1734.63288811743	2099.36587746432	2097.40591601743	2138.78022561939
471.771	92.2804129946183	136.157901248869	152.882539172452	171.432921467305	398.01413959248	11238.8558099456	11273.6214538358	9856.13531250778	388.289212257929	106.445389496544	104.672414324085	109.482834333072	139.27292452614	138.058954461377	180.064261920373	208.3294567932	238.2073665357	305.473171720773	709.171865951283	1320.15824077923	835.655662277521	457.008777696887	457.323397638211	513.052055087795	535.27068123788	584.615536244288	635.954424940139	669.947594229165	695.71737281651	712.33058873047	702.960073445827	710.363724319663	700.028754768396	729.919343932219	695.558802213768	700.896647844509	721.222765226774	725.550407687236	748.904421761696	740.52650594203	764.466999464063	829.394170656919	880.606617319695	972.280839902173	1065.31749110539	1200.55456026526	1333.65654172101	1472.27873788629	1557.17571722461	1672.02398357721	1720.78523901159	1463.53419488059	2411.96684413503
476.407	127.200954192537	129.594119241477	175.296910652878	397.921815379609	8019.21304147157	14908.5178623009	10790.7657138769	472.026929729465	111.021301437205	89.507735578501	110.845455749792	129.106157567739	152.599886490027	166.317477839499	194.376442395429	213.291955220184	264.372641070732	486.569344802755	1106.71650682831	1027.76143306074	491.864742202268	427.767749897619	459.742989946113	510.445841602347	541.682598443054	590.847169237572	616.194880853034	666.94883576027	686.698000647425	688.563093148818	686.583515901821	679.337824950256	679.891103211714	707.859417475991	698.361213858917	675.895815037309	679.023311242491	683.070025062504	714.133334290044	709.936967351988	764.00972284172	799.950951846822	870.559308504326	963.827411624572	1031.03211575438	1233.12299311197	1294.96576268698	1464.48727360322	1596.16034127304	1739.42271881816	1822.06621655172	2214.61454953197	12181.9389332403
481.047	109.422399938457	142.945429083069	343.315839705731	8789.7169507943	16047.2023651641	12304.8289486799	542.937725033595	95.5860385712652	96.5009078670618	89.3018895066913	98.4825134564901	117.421039659083	140.84734184906	170.252942152313	197.246832657016	229.650504926564	347.303015592895	827.112155780212	1106.19373977387	551.4266106397	383.554531356234	420.07252098579	452.869952052669	481.280439731703	538.028334337101	555.177962395933	583.625298283093	618.267468137581	640.160883565832	638.067869398116	641.456185152382	634.780491446406	650.966157796023	645.091015512969	651.580957533003	644.813466096003	643.690510676841	653.435986342506	639.108873529273	675.201794358563	720.87723050164	776.613829272015	802.243813725969	910.997628519797	1008.53613618295	1107.59247972886	1243.62229735882	1351.33549828239	1540.0436002222	1667.55128794732	1715.39340545832	2268.91147605462	31550.031495448
485.688	153.453550067588	295.460512966399	7091.35186537098	18646.0045796307	15115.6397724753	823.567092324913	100.097125337961	84.2472446942892	80.3503821897439	99.5081302478258	119.203374193052	116.808952820173	147.901527134013	176.358344925075	190.316332740612	253.021193939216	600.47662419994	1066.35419075168	689.29530370143	389.726082031494	376.065176699805	403.883258823764	448.555061745643	482.721847378198	508.210634426727	535.920842837536	577.878521276116	606.989598323301	615.180074904404	616.976510542305	627.713195677564	626.519989785292	630.121926459096	615.53206553872	609.340374793465	611.036309635168	608.238607631122	620.324725318812	642.782697896572	661.379804297036	668.058271451308	732.127765362467	810.719544823683	883.929877155868	956.18996358085	1148.96585716569	1209.16921182685	1362.03376887166	1568.64530759078	1742.93890121496	1779.45567647836	9388.19201047194	48252.0114921159
490.333	265.000817342598	6953.42537913493	19827.5014397094	14896.3593506671	1031.19067884998	91.4784136937798	82.6115623143589	80.1628765844278	84.1526170740967	93.6895848328118	115.940628309177	139.770569229573	144.982223348555	164.129986312427	222.122985927429	420.867401739149	887.959792392029	812.722708902895	387.069794004626	354.041255193263	386.110254021191	386.879692255953	435.168040988279	478.142239010684	492.21446029553	522.708188453665	550.262413476947	576.116547012657	582.069152558065	587.020464925469	588.688548644361	588.032730209768	587.863681755275	587.96514698047	582.433294498222	604.409709241018	596.561605901024	585.519318384148	620.064151522658	632.311570607458	667.728081207007	698.746507590232	793.06067559596	843.048404297287	945.19558728786	1051.74694433648	1176.21498654889	1290.77137685002	1457.66208036972	1681.29717575799	2101.61910317784	25966.9478309845	37402.6847900653
494.979	5274.82564344608	21964.4297232221	17074.5865117479	1142.56092034316	88.2352146458279	79.1616792839192	71.3723109548129	65.9772868241597	80.4377886570967	98.3840092802282	109.502928802325	137.284514796489	156.588083844921	180.153255544321	288.075635012957	679.380088459814	875.503270013985	452.65934779083	328.872572819915	337.371115613915	363.22291604593	376.856776791033	424.839270754916	446.145466082678	461.286698485094	496.61506602216	523.357633019431	547.025237280878	553.253840819255	555.188914821151	556.587203843491	547.941309045021	543.434856589131	546.850543071074	521.721054725085	551.528581964923	563.405816807885	569.599226256202	588.136578219985	599.361610374397	633.274288462967	668.713055801041	736.942250834703	825.820687394978	922.284713831373	1033.30045097338	1174.85296796643	1251.98776580387	1504.60182908024	1588.93165816623	6887.59345725578	40295.4982990008	12415.6788422579
499.629	24484.6266101291	17293.7712825035	1279.906749827	81.9553147630889	77.852348084075	58.3190236629004	65.3582063137345	76.8066183709201	87.2134693020071	87.0736951062073	106.469311888264	145.258543235722	159.505104994138	207.136706899065	502.290509520931	836.056074143767	543.26745542083	322.225233520653	306.822570981697	312.04792436306	344.554631422113	370.897196403564	397.74151476666	422.443918562106	442.717151603543	461.882981371368	491.698068640929	521.747970495488	522.078113484696	516.031288371935	511.996879109083	504.202440952992	519.200249380717	524.964486149536	520.071976457883	515.345153192251	514.743154619162	519.513080124971	543.42543449204	567.397435093743	604.540196492654	625.304016055784	696.977378587163	770.01516420095	878.262189610972	1011.08210808201	1151.42507500941	1321.09965671898	1425.78634256968	1781.00309274313	19970.5129237772	32837.784739033	1939.98179481127
504.281	19302.0970162246	1627.19921311956	99.1127148989579	83.5208144161506	84.3206750856309	73.2094613633139	74.1136665485981	82.3113543686187	82.9296089537018	103.736978341523	115.68859988568	126.489221738231	185.998358536829	347.885184917855	732.3350491968	640.812256114639	330.302463978391	298.247554342347	298.689025706421	327.83404195324	335.43302680282	378.279501235913	389.586431618598	419.492201383471	437.33541553457	457.534842396803	482.955956678018	492.369917847102	508.076808503223	496.100723422114	504.303275375555	506.093909256106	498.669770905287	506.253134968918	481.489836845245	501.901135816678	527.754289205114	508.206516328322	535.532776453452	560.908153299826	616.113889437749	636.001507043503	689.602029537376	740.513947788944	881.899498143368	981.778855773333	1103.31498577704	1337.9942286874	1383.08530361313	4940.04754809366	32850.0798192018	13135.8001153338	1830.55980823813
508.936	2042.93323996896	76.5771000467521	57.5977332676364	59.2257296942238	57.4509645840994	73.536883616647	68.0891750891006	69.8605787588942	75.3681617367319	94.2487015985492	102.408036221414	143.856735242132	231.517759039574	562.004469004916	682.378144812973	343.019457405387	256.489661657014	259.260608508629	273.55387333804	292.307890563111	336.744814804155	331.711849929304	363.917980738743	375.669558637389	397.626237180442	427.517365803263	443.950003202533	442.558906530297	462.075377959724	452.015924888458	440.640156522949	448.950020208609	450.887698353778	464.504170219793	460.294640723063	450.19962032696	473.753735837387	479.958250308536	497.683657853503	502.504156070664	551.786662690619	560.013334148164	632.209569230406	708.896610847075	792.494375129554	895.964113290084	1113.35597095175	1239.62200360629	1483.5922653079	15387.6420481423	27803.0643421976	2459.95033351324	1488.61601370157
513.593	100.779917773843	71.6531089528509	54.4616355636982	45.9916591352521	74.3021323961952	69.3836110627713	72.9540086521821	79.4198017600867	90.3307448058035	102.199983284199	122.309585587947	172.692707180242	412.458540908309	712.207902935298	429.347843582593	244.039725435231	246.348223196657	272.413381175264	273.890621774931	292.306139422243	321.728375862087	331.66937799126	351.758727147007	373.178560282558	373.655107761664	405.377966979646	418.909805532318	435.005441993856	442.238675290605	425.862938543976	426.961127107906	427.626804298379	428.797692880258	433.795898213328	434.051319316299	440.206878883105	456.704223459381	458.905195513285	471.156642568349	503.856184531258	525.665942789719	545.456337246805	633.534387889369	681.144071966995	787.206995022591	871.279744892194	1135.15776197634	1220.59152816771	3656.50950528618	26341.3284239282	12420.4757904744	1528.52102840309	1637.39414841069
518.252	61.8587182722803	37.3628288396622	45.2113042310007	40.2253711193057	65.383602257302	64.6377732618402	72.4178246795215	72.7711045176837	75.935564587041	94.6452566578999	123.272130891187	273.714877154779	597.927902782988	527.43176926929	236.463356588612	217.130797009032	213.202110458357	235.17400388838	258.778170080122	254.66895765867	284.488947330884	304.349490498991	321.289247936711	334.044049141062	343.644482498162	387.445799508024	380.97044839043	383.592661344015	387.207626664731	400.890282776588	389.238381402674	388.271549538072	390.115564200354	383.436989358239	398.899069962698	386.977655168409	397.877434344952	404.17933365437	431.199373255869	468.089081593559	459.646100980425	514.872572218206	560.681758341622	633.041419896676	693.956526124503	863.731309937123	995.616653291249	1133.41410337141	11771.1466409129	24263.4616359402	2616.43356963897	1248.44079337145	1174.95898529196
522.914	61.1161079426764	67.4744119489599	70.1923354065035	70.1288964274034	71.5026593864162	73.7043002625724	77.8940679352977	77.0486379047175	86.4487425415726	107.306603980143	195.862707853343	455.647478633585	576.159999299062	280.143256053101	203.039705236969	218.471994709361	210.855194023633	223.650212425851	243.595101686859	266.633606780151	280.180919500278	281.718624264061	323.141109874689	332.09658136661	353.924125486621	354.638644731297	365.036533454466	377.526349046048	391.242935209107	385.024484690834	385.896452656471	390.836389205693	378.891019447444	375.660841698793	394.558974864056	383.202148359005	400.377776845862	404.208696500528	421.133147481559	428.439000234191	462.323060946706	500.247610174431	571.274068093642	603.12785530452	702.600327990745	968.640940339512	1090.14407961836	2662.72284156842	21548.0197577176	11623.8594441377	1146.50728930526	1316.76621937119	3177.25649680092
527.579	67.9852729483319	59.9716119807764	56.0254521097623	61.1396897564813	66.9961879434296	75.0791912457176	83.0907528586514	76.5864197926888	97.7377973125298	132.319014301467	338.438522034283	537.311992827605	353.972692177521	184.493579040213	193.040287632861	196.554159003329	204.488217614768	223.629169829788	251.203686947957	251.143208627265	273.200366936511	270.797947864149	302.935686373707	300.12438659399	314.188788037062	337.388733395568	342.515201428736	349.589332659329	354.000506886456	356.851379786836	348.319894423674	347.615856588027	346.583510200714	364.545098728419	357.112777741597	357.034227148617	367.888781626631	375.544750070088	418.935914432488	415.708243735029	437.558730109024	459.522929892318	550.925662550226	596.230982766713	707.208879748704	905.959178476772	1043.73886288114	9110.6109243342	21006.5229223155	2712.11744685029	1113.26648662928	1404.83846552813	3628.58387752613
532.245	42.4207937165059	34.7771664962541	52.670938945083	40.0111311931717	57.0310166311852	59.9151018368457	69.4285571722456	62.6716905203342	90.6031045493243	192.488661833149	451.225351877228	396.347033544196	175.984167707595	157.576001190362	163.197381140197	171.89263719762	172.304110989159	195.611749916612	217.310439361711	230.773491396079	243.542991910647	244.176096773312	260.258909752534	265.329529761782	276.938122163732	296.747124149541	307.323947866682	310.38544034095	313.426752161532	321.06150856348	300.234215215217	324.207068734996	306.359923365769	306.279987344423	323.063157518569	322.892137617065	316.349479773429	339.96658058637	353.34107308069	382.096588015066	394.534278732425	448.617255128603	485.383358277769	559.516413489099	704.292922251506	827.816961898947	1877.34965626185	17226.4225397237	10691.4942097413	991.36138316074	795.668322189224	1556.96714570139	3599.59958953404
536.915	33.142759082127	33.3503314404144	46.5908470659047	39.470252920981	48.6819507520912	54.8415036900733	57.5848770628168	79.5717847053516	137.478527609066	337.51463796569	458.164632313447	203.841006278569	127.158579360225	146.09007344903	155.558620678193	144.403793322153	167.904663668586	180.866408209382	191.544027391108	212.019701894195	210.505401755068	219.846482694746	251.171496479176	241.411422398093	254.768440302504	266.739057192089	269.784748106822	283.460877611937	290.941439922513	286.633699695064	286.253075987136	279.840444124205	291.14815045739	291.24498689617	299.936483427188	306.290014864363	301.17723195807	308.094166757451	332.725716405886	358.533944918136	367.91752298577	392.85075587727	452.003484674184	542.937970699063	722.340384133075	800.767326517884	6914.53392718714	18230.9014442187	2721.6496662519	865.27998547931	952.796347257308	2065.8569875025	1508.50878635585
541.586	52.2278282142289	47.9859908023121	41.7799531126897	52.0422145236419	43.8779238932685	45.593826371094	54.3447858190404	100.130640887404	247.163993871772	443.080538572674	281.250977803743	122.507029335709	132.277836655384	136.448283479061	146.605501765001	152.163064464071	165.869945409585	181.14561315991	194.044986938438	202.420817178109	208.166273315783	217.580020426372	238.821977814289	238.619534251109	250.667929905528	260.135309103721	262.775777847625	269.095650186314	276.380327788883	277.742852113898	279.928481398165	277.545926454859	282.556374604072	287.487292398583	276.03476813566	276.59171363632	282.631555852903	295.597905007775	312.653711018518	334.74515473452	337.621198488477	399.13926298304	457.139493653789	602.621936100316	737.362982530924	1468.24084770867	14369.1317587156	10133.2372233538	936.787999852878	894.228481206793	1251.01900540877	2642.1999151724	985.315376918803
546.26	48.6415384609579	38.8460448836956	47.739921812643	49.6990423861848	51.3494821391143	61.2621908587645	80.8842210975441	178.187481054265	370.057587645383	345.39882311464	141.188054598236	117.593008396767	128.578428704683	127.06232694556	139.457518860133	147.520802063108	166.371509492484	157.884943983398	173.414022942515	184.388090982426	194.542338844282	214.186302270596	216.133002882479	210.136984381069	237.321614223627	244.699093229007	266.439937596672	251.443913727231	262.988180574977	257.024836610767	266.033929692659	258.397429923593	264.600963729006	258.328306585523	268.946424460944	272.443846442493	277.192272087427	278.251813490886	292.877244057581	312.413793749515	343.181181381925	349.373132343096	455.000263151082	594.795039297555	693.415706779787	5410.53476631134	16040.9114223929	2740.48901983181	800.48047702877	767.448602508237	1796.73718005662	2393.9442109225	175.940047525634
550.936	45.8452504110223	54.652026417386	58.29168218693	56.6688104470042	69.3252762792542	69.3484073378449	133.905225396416	297.065707297621	377.797266440857	183.318200314801	117.580068497979	115.740329581099	117.793748887675	133.327718673799	135.069882625292	146.471199540183	158.198136372137	167.174789689141	172.413680107173	175.684615159145	196.689301926575	210.964282587495	217.114501656522	218.263695356932	204.52462691012	225.849098193325	235.241240008143	226.159905721915	247.979186255832	246.917963686655	249.997368219953	253.955245689298	245.823085268853	261.12909768589	251.612280548761	255.939847543995	265.311128064512	274.700262927888	302.891851102952	319.138227068343	337.232822028546	365.874441853924	498.882548390874	624.626395188596	1062.10420743708	11682.8903761782	9622.39419368032	839.329268701545	771.027383222121	908.904062459432	2166.79813506737	1681.83253546014	1321.40703545194
555.615	43.9328295400477	45.5506017141874	50.4013793647827	37.2334958392947	59.3228672920201	85.9163542119815	234.404597433302	364.916884652516	229.703472593875	103.512475891383	90.5064303622057	98.9193800377325	110.789234894948	123.724063436835	123.834988159193	132.636708941567	126.970960526959	146.978660820575	153.881762522639	156.081059374264	173.982930829083	185.788981139717	177.867706055703	196.410158377233	184.1025211563	207.472679574289	210.575079825	211.181049789459	216.304472252281	212.231487337875	236.188858967681	220.136020930759	224.259725822686	217.588497507025	223.350423048995	224.508541459094	230.736152214818	241.197142132235	265.694491746852	278.55532949875	305.273588372447	362.236475059816	494.47714784478	608.403121609694	3964.62322335661	14072.2452441835	2821.93382462185	713.375235284234	673.311642202217	1216.50678114755	1939.9014123593	665.875524877399	564.833755809328
560.296	50.8798703494553	39.0091891328213	66.6374699946531	54.8849592975461	64.2618811517423	168.978824965721	334.167940797688	290.573069705681	121.136922133769	91.2506761433147	88.1143812116683	104.574936682868	110.11423125261	105.984678224096	119.995875937201	119.101325612252	147.623121291246	130.708296027337	145.279595307817	160.253490557964	167.151489705079	177.520232452186	182.511506678369	183.458989152232	201.246274627102	194.495942334078	203.777771051338	208.106611763956	199.30070304909	219.90484694663	217.673176433065	209.919895204003	208.010718022957	224.869813718059	217.725452756834	224.528521759845	227.050266212289	248.621854585061	259.730123056751	280.557668669415	297.58599604429	384.734174973133	487.853022977971	842.98164154822	9443.83664600069	9035.30861807693	722.833502199924	673.879629634646	775.477977089214	1726.48806841595	1648.27221508476	668.748593903999	1442.48875193445
564.979	40.5115926976464	51.5298226043877	44.9357384231663	67.2505978765167	112.625230038561	263.144308819309	316.067441090568	156.558628561226	85.3853079890533	85.3512590092314	87.7437889854256	89.1396580206659	116.348823761016	108.364496097609	126.600786326639	127.025810044949	130.414444535674	139.204531901661	144.259946069253	165.237947005929	157.191430149479	165.401610446507	160.698062017091	174.680378951339	176.675526127427	188.094940265364	186.042870316735	197.929095895948	204.843523769086	200.306389276896	205.567800811636	190.698091428217	193.094470170531	208.000566004942	202.172846947528	209.652697890177	220.336953302106	256.245485975834	262.841542954747	277.044899675195	323.218000266445	450.189934271219	488.119919772499	3367.19666841257	12133.4988064005	2903.97625633654	610.864667849321	662.808762267259	895.194511232745	1973.85355319495	949.916881295313	807.131800017801	1193.8979496128
569.664	47.2723527763586	35.3252824752796	58.2899289397054	87.6664300319295	190.667677248095	317.448233291472	186.62277655284	82.7821314786198	76.4126749229907	84.7046596667633	74.9506923506738	92.3088378759894	90.2435423932035	102.012944072459	107.522188392407	119.957294409635	123.193855018324	127.94892504318	136.568790957625	134.08145063012	150.283442572419	147.513118158982	152.679273680813	169.263369135182	162.557415768567	169.2011437363	172.898085916239	176.805203146471	182.899786642665	182.881576133797	190.902100178296	174.784051601999	185.038998747039	189.008615962884	198.780282115282	204.113732068832	205.633063525028	218.463676370947	224.820371744371	276.222613626391	343.014976138171	454.899707603409	644.588279117269	8002.86962108068	8360.06824945473	674.00280324891	549.001312018599	605.834461697725	1259.59687236243	1633.78346012692	644.917547935466	726.397829705967	1235.57474268652
574.351	47.2697840336682	29.4475290692857	58.1323706473598	170.03340447413	286.984443191688	238.344154777892	88.6509674998095	65.5309099738777	76.3367219326161	67.0627303819596	71.3138784309707	73.6332760953509	87.765966573619	97.1228099322524	104.800415576245	108.469161909971	112.766380553225	115.428669838927	124.507573102513	134.153875905136	131.078669677235	154.754333314315	133.786647213369	159.460972794633	154.807677717549	164.725136157078	165.60163851153	164.019098129098	149.441202739884	162.799277977521	173.083348811104	184.580185227191	182.86260659863	176.736945108656	170.088189659142	182.520296562224	183.741235959854	198.519662874421	203.72624215151	253.971145417324	353.865727530995	426.365815371886	2511.18752512394	10651.2109637215	2993.9088821143	472.590025079145	514.594788543413	702.054069591126	1512.06194672947	966.015554658829	632.766785668875	699.013642668696	913.849588761243
579.04	52.2181205831237	39.2499858880928	98.4222080173097	250.795359676326	287.145748358326	116.277986025633	59.1969205928096	59.4270874885259	64.4936796374346	61.8479582181979	68.1181788690559	78.2813302334369	100.482742214192	89.8548874052962	99.2408341576066	102.710454240811	104.572000819594	105.851360507193	122.547545526104	117.265030152912	134.754042420169	145.089734260107	124.966870534374	142.081891511191	141.749519650861	155.147338003464	149.379362648299	153.716502331253	172.579774112193	166.012241357454	166.270148648421	164.29695563526	168.159806206107	161.330066207984	182.771422782183	170.751749012062	186.432874534679	191.501983363038	209.818427021556	286.064300313896	378.784657536597	488.911725714219	6541.50067719362	7478.90426127801	628.327185090777	427.604787473752	480.804205063291	944.917713259927	1540.11158221881	609.47465958505	452.987535071462	684.960572386059	1525.61626616342
583.732	26.0695945327666	60.1754771883465	172.092747153464	276.262750495407	172.79646785605	58.3870760613641	45.2932106395761	59.3152650761066	56.9329514209124	55.5213026031202	58.6579894935231	58.1564317852623	74.1198859267255	77.5541978168988	89.0643367967882	86.1409416805868	98.9639358676605	107.472923664691	95.4283843262996	119.47404405918	119.473186533415	106.227155901755	109.626892398425	107.734492644503	115.426549563696	123.048547013676	128.054123155654	133.067667150378	136.340952307783	135.420197925131	141.771141070397	148.786463787884	146.026714749263	138.955342553905	167.419784242062	152.752683905206	157.691449020113	180.545988591237	192.852711984557	299.148115325196	344.610114999335	1765.26735194319	9473.49791647673	2674.05069135533	404.447762109012	412.089845417892	443.128144261057	1175.10923876958	1096.29375307989	480.333154173909	369.739599633208	484.594811161764	354.323065085403
588.426	59.0623353269086	129.133738997383	240.694326531174	212.996258947136	83.3036732834612	60.4430617789588	47.4152810853007	50.0415145714245	57.2258486462763	51.6650163212067	63.8124166036818	66.2305091881403	60.3248607646352	68.2458055759732	84.0882617101084	77.2159863258449	86.8511056744415	91.9167139779641	84.8383922639676	102.88085954891	107.105360297391	111.180183732186	128.10534687081	123.711685694669	126.595956506796	117.028783431594	115.871483068253	129.283909112887	141.511144879782	137.295381719156	136.660312497071	125.600237362587	145.301324218537	133.335278093039	148.851990092046	154.531241311822	146.256362228029	148.44566492298	211.467122097752	319.951189374589	374.201319486952	5192.58716015529	7062.57155270168	530.112632712756	371.620850134431	402.849695919492	620.839730819417	1309.70710285648	663.756850949196	414.80367358392	324.735519967283	445.925503177035	729.251159897508
593.121	82.3485717853467	208.468223029745	236.171235663417	98.9442068243577	48.426554058035	44.6139066329264	41.9570027509315	48.4661188829864	43.2746357372106	38.5592401714206	58.5232262389712	57.8799074780231	68.8113002540623	58.5356903358438	66.9748176691774	75.8905203339196	77.3187899870993	85.3928199379181	86.3069165154911	91.988989342616	90.2446944567163	111.736473880303	102.249717541973	90.3623489638572	102.533750545364	112.751728803231	111.649132894014	117.955594053484	113.775356815166	108.372395231334	117.681583524222	108.90892938407	120.206255095484	116.721566043123	125.031406629971	127.03703535922	152.26285066211	167.091022492078	249.520325095788	291.669609092206	1198.56561727958	8118.69696422804	2737.42442855345	318.785645714284	342.052366970164	379.396601396572	822.426419981778	1074.49814164053	414.273353475507	389.54280681314	435.147112573403	144.789085052286	443.148818298346
597.819	137.517365298321	257.00322514119	138.967353166192	50.7285964966834	39.3610144440664	49.7019014935503	41.6378811693256	49.5943024627141	42.9710764584561	52.0172930131796	56.6694428783282	59.6858851408442	72.5823139265113	70.4894051288043	77.2123597569432	84.9605959682982	80.5213231429232	78.2447315984932	74.5750354864518	82.5506784700374	95.1662122979464	93.2201865182205	99.7926184162788	108.493731616467	94.3483261755583	110.987960314393	98.737042047316	109.633593457868	105.728402733155	112.900727910127	109.241033515944	112.521237553531	129.891653793183	121.697937279245	125.471110412331	126.467441395363	136.910567386307	191.741423816824	279.538297602966	327.732001944041	4069.29548710953	6762.13977333289	512.86422874896	281.17442573935	328.680709152224	398.479676801593	1117.365558749	738.683197220131	382.321876858363	398.775320092465	368.464947358005	409.249809442089	1526.11126968564
602.519	202.5969533585	183.772064504733	71.7370390163312	38.9077678601427	40.7795851423113	35.2688454080499	36.574715103591	43.251749944382	38.9395089419496	40.429871021215	49.6967792345536	50.1775105942212	67.3121078205395	56.0547382773972	57.9994484604088	58.1456352568366	64.922631217459	70.1682648926467	69.1616203779572	67.1557977039693	94.4431847120128	89.1160631581484	94.0315157404637	78.9158285051603	85.8968937817649	85.6661529398732	96.1644751481128	104.726498619413	99.8793427580073	85.5652877435098	94.0299882806357	100.90308528211	100.21470352668	122.345673695978	112.724543206061	124.425249922945	139.41130282532	186.061009846541	268.164392753976	895.320641437195	6918.60186343562	2988.6929163428	254.874266664276	286.543939868892	287.536936229163	603.746396430245	1038.3565296537	459.139665012806	330.748929547106	369.567889504107	463.276822824948	-6.99087758424018	656.712091322391
607.221	182.61443963336	74.4012209814803	28.9538063009935	11.6803450595263	27.9915981618331	19.5987320201512	28.552682235118	33.792931107721	35.6493634823176	34.9669532256925	44.6567839928808	36.4183561482095	48.0709826621546	51.4187921163001	63.2282953922383	54.5839417927169	55.3115092867001	56.1865768188851	74.7705558935659	55.7153610051587	57.4740001363384	73.5395500490125	78.1979799357252	72.8799548484455	78.9964086637875	74.3129660485412	72.1601905986218	93.726228493066	94.6543295615093	87.2463906236755	80.4667238659709	89.1997060518772	87.1507914774784	91.50183150365	96.3423406597379	92.5450695174037	125.919067577225	206.81964288608	244.009473915059	3209.27151143799	6390.98896184518	533.560503913779	205.074640593677	245.090499374474	283.402287696122	759.248238584182	705.326452127427	314.090657791925	218.59588067933	219.080804535056	319.058784250544	77.5937263531899	1081.1484544259
611.924	129.965392360656	45.0697656446629	21.2280548126272	15.0683254095706	26.2823763699457	27.8581419398122	29.6115070749495	38.2324066053239	29.7998133082927	43.2235614542454	34.7590169918027	45.7362596566828	25.3623976502473	43.0572261775968	33.2540865706813	48.330481666269	54.5952065837773	50.4964884161399	64.3455225978825	57.3910496042154	56.1545527083634	74.5982021086783	68.0720348124886	72.8990894586744	67.8084279638587	69.690512104361	89.5945595611723	83.1851840384171	79.7913286799105	76.1567347681785	80.3306694754898	83.6893206884419	78.4844087435671	82.986535028376	111.581992389243	110.953470496159	155.460911768908	206.495824239977	591.901480315492	5963.32480908087	3174.73735243039	195.565130037168	194.734753738832	219.09282543891	334.442802996375	854.53916822652	443.838923796108	282.755809979707	261.129755966682	268.247270505347	123.606178985966	49.8523861626241	-669.007868361649
616.63	67.2352011911368	56.4783761600021	44.3369354671154	23.8481347267095	38.2913996564992	37.3827696631624	30.338196235461	42.1257657213405	42.6544235746146	37.5271678977155	46.6073328185398	34.7601639067114	45.9079660812185	62.9900371414503	55.8411952933751	79.8595448483857	66.8755069467094	73.6051484141506	70.8785254780378	84.1639474068528	88.5776862679372	83.61325361009	77.346071046214	76.811802186897	85.8687006084964	84.11652377762	80.2487955263962	84.7379111124816	80.05541581122	85.0464956861539	93.793274943365	91.3675513488872	87.4192940787474	96.8942366263804	99.0104988548392	123.65256451918	187.310610284584	233.339395138429	2499.23095719878	5987.60414866987	683.377056265032	180.372333046139	179.365224420884	233.263628516211	546.570152842657	777.842528276242	283.386307044349	281.899938205941	236.785021415909	328.340388664514	435.550827441771	446.47213719226	427.241697597171
621.338	34.3213016538168	40.4338023450389	35.8186868492641	34.0498538031292	28.2238125026272	41.6558444121595	30.5761581372939	36.6905303155996	35.4954959462085	40.8195646277038	51.0798245437778	52.0922655018808	34.4617212356118	59.1273558086683	61.4229908089518	69.6743909741306	64.2208065272731	61.1504233047315	87.5530184795271	70.4930869610577	81.6423331898247	73.1527384022652	86.1771180791175	78.4557341405011	85.884108047706	72.6197015249318	77.7189320409798	86.0328420471046	92.6597752397765	89.1421126087371	76.6117026300582	81.2689465233933	86.855263563537	94.1437936336065	104.759880753974	161.029009422594	221.723734521878	470.731854608093	4998.3112705783	3099.46722432142	195.561498762415	178.182265249116	191.036762614372	247.57028137108	676.261906447164	515.849710036688	244.490269312077	274.685574550418	348.520736902226	354.895176415791	389.344760122527	515.292925648732	1417.36805830504
626.047	3.10976458464472	22.1950287401498	11.0996761001362	0.337035312091873	9.59541733186941	11.5187425419178	13.5184411073068	25.0485946191552	21.7013907606307	19.5584625887617	21.2505658360826	14.1480078571181	23.5177838964971	31.7333963539551	34.5202307839779	34.566099306711	33.0614530078145	42.8462112381103	45.4923801460192	48.4905546783111	50.0731960428829	49.2379150554573	55.2365671672373	49.0687068509388	69.4350758180674	49.0944632205338	54.5441468494584	61.7253666536433	46.1394315820174	52.2378510750178	55.8286067857838	58.0286078286569	54.5704801913624	64.4406630056202	75.6443817315274	130.770064936119	174.153258525107	1905.41181067459	5495.64423340422	712.099427248762	129.87206843896	129.463710453394	133.573545345721	332.16602668645	652.477681857537	280.008085500925	125.665842270804	172.651251865697	145.603628339484	174.313572349855	-3.8538471706205	65.9475501080236	-507.193766105
630.758	21.1039061510746	38.0563213530793	24.9708438207663	31.6806343986657	35.2668515725125	28.1582377006095	22.6365535285135	33.3405025751703	33.8069402849508	35.0652719701363	44.5288093868192	43.2103492531225	46.2378248225608	40.6481390621185	41.6835339158965	49.6473476956963	50.2865597701791	70.5853487395526	72.1483449119338	54.14913827022	77.4730318237619	61.1100632466535	82.8317090811659	70.8503644302019	84.2833647419595	53.2123021110066	70.6043848045874	68.1762838477618	83.2989481462013	83.9685507204813	73.4505742932783	91.7609100135096	79.7052992333337	94.7673003625808	122.803396623779	181.82764477732	320.314837273953	4218.29911730269	3157.15658989033	162.30336995183	152.578217195753	138.735673002781	165.848994967274	485.167350921369	510.311373086483	228.296997137966	202.99613559676	247.328424778998	255.788657658187	274.064159790437	518.061888997233	311.057704806569	292.935073870432
635.471	31.2203375982679	23.4128729912855	14.951731849239	20.5961329582475	15.9919977144049	24.5548992277186	25.8929412967502	22.4576373157083	24.9416517729817	26.7974149981591	29.2980459474709	23.1807888622143	38.7181478093897	32.3203151655054	36.0921095722937	39.5288812018838	47.7305675350148	57.3831263369781	59.518183220554	45.0062617066213	54.9223392570668	54.5734604313398	50.0072749042006	51.4041402852371	65.9821207513679	57.8976087001236	48.4057933120119	54.7655790528739	55.4190885613246	61.8576696373913	58.7671349727299	64.8213998502805	69.3944046648356	68.5859757254193	138.405485449051	172.065397794031	1434.21946757109	4991.51933862986	827.728920078372	124.826607283761	128.369321583599	133.976384844197	201.134059627266	515.229895682436	292.716450380015	174.914644362455	203.412790174541	193.844318857897	241.864711946921	88.7687774282354	192.331137029159	253.743020352519	73.7963527115051
640.186	-7.70635176007471	-7.27965208822151	11.3261090776183	7.90994885674556	8.01095194367629	4.10013643923677	16.8824742931612	11.8798071186931	17.877804148937	10.4539047351517	8.72651862554501	9.10135160795539	16.1079417072598	19.2360929425098	9.9750632782823	17.326226321559	42.9068311565606	16.5241974219457	26.0407250977115	40.3020627280174	42.4478941229142	34.3569125103706	30.9446068632967	42.2016098791397	38.6462993285073	39.8790434251023	14.3210596366465	52.5953557514234	47.7300628718725	41.4226003954282	42.009559176383	53.1638118615444	47.636936186003	81.5365101510626	138.32277583102	211.697217895555	3374.12553146903	3011.27117435387	117.797429561301	110.454489575483	94.3787475258753	115.657987296585	271.42189479671	413.36064858493	145.83932047634	117.145298390594	125.939609670206	123.460050822668	95.5118165877173	19.7632847454544	-11.797396526476	-179.447673772753	-443.606142833259
644.903	18.7982763792385	27.4060968329165	8.49926065651579	29.2185992564369	18.0055287398918	28.1995051949401	23.7389421699544	21.8464545904294	25.6847760009727	17.7824602998032	20.0596157602513	26.3463376565294	33.2489730297439	28.8595722279704	28.375430352201	58.8312494124919	39.7530685984967	41.0861465971168	57.6388352159295	43.5876969528372	46.1131350880606	60.1577137521579	63.714174453071	47.7480025930588	60.0033333190382	63.3355037947402	50.0380447455587	49.2558601974595	58.127574904718	54.8868895520414	70.8159589289797	56.3471502300996	65.1098010545872	119.379334475252	156.138992853405	1072.40454567354	4466.02800953227	930.680966484934	108.351448038014	96.0208637832093	103.370699037228	135.224051529306	426.640041667195	310.654778984333	159.530656322845	143.529207315488	140.116504541366	214.665445464271	168.161071287262	192.395155585702	226.711757815238	355.433792458125	504.759312642325
649.621	8.36972329954748	26.5495265529927	5.24669441101306	9.17186968523526	20.0864406569874	12.897441588241	16.4723490169366	8.86227820829916	17.9212642068557	21.4460454450919	32.2784542927167	28.3288702303126	16.5226132547003	23.0198423235043	33.5732719456362	36.4966064520445	26.2052577984532	48.376939848376	43.7442639897022	38.8837546645314	52.8131872468661	40.9254651357813	44.5888610309404	41.0869328216899	43.813938594725	37.8630916674781	44.4030503595582	54.2823542589712	59.2834353507532	40.5127242978291	51.5786496847873	48.3281359966918	66.3616005159452	130.849133845221	159.750491600357	2780.36945636643	2991.59424834914	128.198319532803	79.2399138768305	87.5484177967337	77.2460551127504	168.701723215038	401.945734745685	181.814241802445	133.333520207648	92.8072800874113	139.751123288129	82.5283431961433	99.784876244986	202.720568789053	165.381705791119	222.414592248745	587.741952924212
654.341	8.9719102944274	19.8001003364997	22.4544525906005	23.6440129955756	17.3077177292043	15.0908719416266	16.0847724912172	19.8747984672158	22.0087945728843	30.4412433877151	15.7012182392583	25.826550287753	17.8065066915342	37.4037420623973	32.1463959774377	35.129653673479	36.1653294166392	52.3556321642042	46.3892556310239	59.0235952297341	53.2239571224047	50.4119956871231	54.4910833423161	47.6857255766066	43.0818463016434	50.4670723046208	45.7707110886367	62.5655872417178	41.6017114579625	40.4729102167539	45.7493253324756	62.0115607607182	112.655603387495	155.48471632839	746.40677141589	3951.31479115886	1037.97512604622	88.8994418767013	92.9189796835102	92.2361466998445	100.858732317984	292.352103616587	322.511297143787	141.649612733835	165.12704879535	119.05082570615	164.581174989896	161.840004484365	206.3539480609	164.695043501365	221.202533288391	7.7885749854653	539.107973791107
659.063	8.09502919071195	18.2673758640408	23.7947050575898	23.1204032200411	6.23332754382548	9.18811915361668	12.759799400602	15.3151079831553	16.6454559685099	23.2101742347353	28.3332792695173	12.8570724790063	30.387588162182	23.5739982447822	35.0363655754499	46.8002355103973	36.8136190414157	42.6707951129569	40.8329537984126	52.813632173506	62.7546009513843	72.955597749779	50.6928338041276	49.5895917346584	38.8149606631724	56.7770469534563	45.4719635577354	36.1499614222843	46.7266697190318	48.9086011490343	33.7648758623191	70.5588813861321	111.912781650136	154.029848263386	2217.15848459858	2900.33767847592	145.409351523125	84.5488746754377	72.1808842891682	81.9848691635826	126.363485964057	334.93705640708	193.159837079999	83.8570378660755	139.040996182602	108.047095668635	125.075597875004	185.058806171717	167.215081664012	134.940425424099	4.13080327455755	314.163822826783	135.910791029395
663.787	22.2149515768265	15.0797379643968	12.8446009926406	0.366381445185537	14.5400475209334	6.11524662282194	11.4054708860993	17.6417195239036	14.5008659471488	23.2863446465758	14.0859037445933	11.0334026238506	17.160410841678	30.0563279297802	26.5670479720434	26.3689948205438	36.6380268538857	43.6429130572805	21.7112772812891	39.5345210060179	49.827257845398	35.4210410903064	45.5251415316651	42.2919414073366	50.2002054026451	44.2402465987547	38.4886862566446	23.5195456107336	33.8991164841089	49.9445536932858	42.0420137775286	79.3602688854285	123.10173863214	528.189072326202	3451.5122943544	1128.41442109873	82.876980819483	71.5287910282955	60.0189363923711	68.0743768749457	154.725174749427	302.385213595826	112.658260036447	108.110234829848	144.391142039096	123.784770008342	121.971198061957	161.083320958498	90.4465935108837	39.4773536219654	54.4622910066057	215.069084883637	-157.530237801476
668.512	9.24627396760259	7.81490805975338	-3.92222311848412	7.75315351790523	1.27407091869796	7.04257597297526	10.8300777362633	6.37665092198603	7.63330818223395	2.04046475599659	16.7491333748209	15.4981184397542	17.2923213841194	3.78592102910151	16.0627598953791	30.5574445625393	26.722801587176	37.3261984424844	28.3605906458404	12.4227329096716	28.6915860099287	35.6933194633109	30.8470427517413	32.2507297765806	31.2978685644912	38.565512684634	41.9292382092072	29.2768884302515	33.1139909805312	29.9902544636407	50.9065553168104	101.842524114362	125.775698851572	1771.4580950665	2773.70873371817	159.509852914424	58.5417106464081	70.3417920716235	71.0185300811971	70.557591618467	230.4595290506	223.26387232793	73.7907650996565	58.102009882728	77.4303906911749	100.198005416921	100.785199391852	128.070216942074	22.7854620952663	58.3451916760505	143.534760305062	-8.02675191453467	357.16760694439
673.238	17.6247614375102	15.7239429222146	18.9400500597104	16.3425324174224	1.60217962988841	16.5316391108727	10.0058870853434	16.5236207613511	12.5062526485121	29.7649179705675	13.1372889121983	16.2693413477308	17.7514900248195	29.0847772209721	39.7254227443229	41.1000080179696	17.3329332620759	30.858731465045	31.7921152397552	35.3378881983976	55.6063678969467	54.2613916440004	22.279967328664	39.011192319601	38.4426396057152	47.3403911739727	37.2605431360836	36.1152350974258	40.6774294075382	46.4700656933404	67.7113166002682	110.363512164927	382.032787963731	2945.71021622619	1220.55197776593	73.6138772520816	64.2482879971547	88.2383489584222	76.5165991221008	111.403102391141	289.94130162284	135.796420349707	70.428221325472	67.2197025280431	143.809285971451	114.173041207851	122.412478583553	167.793567036385	156.638327356896	181.425735665605	93.4347530630394	16.1501821889511	199.621423790862
677.967	18.7403756434721	11.8794592155819	12.3218389403067	18.3331337753462	8.06965855127255	13.6791675623191	18.5906735614087	13.5116794221036	21.4386791821719	14.9916226837714	22.4396702521046	16.0472471188964	18.9546001260528	31.0420512072439	24.0779117157957	26.5911938015528	28.8625668945793	35.953829837892	51.3226157789956	43.8452007210576	44.469323342452	58.6784757773184	37.2720620119418	43.5772501735593	38.3558127020381	31.1941677035097	59.1335205667747	42.0314267005234	37.4434040950934	55.5443080916618	83.0960199333639	126.758039812721	1404.87543457107	2622.51319908078	202.50230114118	56.8905116358372	77.5804897064312	68.2042834924023	64.0767692015595	191.171665842474	243.124031515934	107.356135282574	50.4922567223361	119.969351728389	97.4383767949261	117.082768465546	139.502653481918	122.240819178195	84.6663445925545	150.50535618829	329.420358356195	512.46230838234	583.1484096334
682.696	-6.98129300503555	-8.0078982557158	-10.0477073526916	3.02652140084846	-2.93745210709473	2.40549777504417	8.60624616468056	4.3560821108446	3.57568628343806	15.1586937116954	16.2900729747382	11.3927812134261	3.9778149635943	12.3435927154683	9.94424010114111	13.6139411861495	15.1325584053516	25.7511111319553	32.3822116924977	36.43274683486	13.8353546117314	43.8897248928056	18.2358545672426	31.4734912820911	30.2061937390583	27.5537603682181	35.0878271730437	31.0713095590746	42.1467995502406	60.0488221265358	82.9717904548071	272.100025712783	2533.02201766701	1219.53965654607	76.6437530029505	34.514709682075	32.7204032684622	40.0438288892717	75.589336035099	201.837557916195	131.254635332537	58.9451983269478	91.7696699023213	32.0010551332561	85.4458171622331	75.4327899280906	109.571304743677	88.5059281970363	-15.5654347454234	116.854520921157	56.2362298352941	-41.1248681136078	-548.981862891889
687.428	37.6609123989284	2.68793669206307	19.8310081326758	20.5716565911878	11.831846581021	13.6253990431618	11.8591962219819	20.5367797388238	19.1284638902707	14.7381697821579	21.0906149619419	2.08587755853918	13.8374872099964	26.6352358286635	32.8034070427004	28.7888892286861	30.839245054517	38.8963613400145	45.1499635709867	39.3392045491279	37.4421269758753	39.2854814673235	35.5021457585449	48.3321938221613	46.9399628538888	34.6826788064441	41.1014359253462	37.4020484406134	43.1604122608984	79.3199037534072	101.530458517147	1135.14223995274	2432.33555343167	231.261762041434	60.5324597219129	59.923610851282	60.4062431161545	69.8939250138169	116.775934570909	223.975956483834	85.5861822488317	99.3197249018831	85.9026378747407	86.9311801594324	61.4588621846147	150.863943437228	140.773952090044	162.881581188238	201.804216753043	279.125156313077	217.803368966218	339.578444349743	962.307419429122
692.16	13.1266502514668	19.8185307075221	6.51058011398658	16.4700513703843	16.191873456106	10.9594865819234	13.2993647428421	8.4196764537365	18.779769356991	20.110372388401	4.12321303763598	12.5831986875743	21.2350174152305	13.5684385369127	26.7323454647575	32.0464231730775	27.7235854749636	27.2218818733627	40.3511460360086	17.3320992208893	35.4566802962889	27.9782632264121	41.4388520501052	27.0854828768813	37.7558038060809	33.4026876974665	38.0620727078647	27.8422139425312	67.2617673613696	95.4859710336493	188.212894148472	2178.72384819509	1228.86331127093	44.6725689467274	69.6098055966036	56.2322865908083	60.7341305013147	61.7143828840597	144.029024420812	178.933364979795	59.9087481211668	54.3610232275356	92.9120207104248	88.1565204454499	48.5512211062327	132.589893933785	86.7080120272623	135.956437333332	159.561835292101	123.811878652037	70.0753964598479	324.766972521814	1399.83188356991
696.895	-7.62449613430127	2.26739980663884	-1.63869836168557	-1.54250227411583	11.3114755615701	10.114419724772	7.15655347464451	6.86221551103639	7.74516015127877	11.9883208472778	5.93030538105141	4.22288371913163	7.37214633231292	12.9416037802181	16.7774865997931	4.85695381615322	24.2392436049726	11.9663255449403	30.4688779234698	27.2932792097615	32.6125002781675	23.6116326730626	30.1542496305392	37.6959633852064	15.9651254163709	23.2819790285323	42.3350861796992	21.4785211738839	50.9709454784751	87.8531741874264	843.253003898367	2268.12420834248	257.691622653683	41.6580430158324	34.4668158721993	44.8869410667094	48.3186228545977	67.1223050704439	182.33569202537	115.151740695828	47.1558235605195	42.2374283099668	56.6527943400515	100.892653185716	81.7644686138459	88.6375668767601	12.8377714578262	82.43892055533	126.929714017875	168.973639396244	0	368.892010885828	580.315703997415
701.63	14.3523283823718	4.11571271022989	20.243217897537	11.6662564253646	3.35494022048991	10.8178141999974	7.68246531950997	2.03530677269571	21.5935367710159	4.29843405287422	27.2102728229288	17.3887513978703	18.2139639688215	15.2257722983009	20.4436340577286	15.7431956826337	19.9992325007635	23.3558034544977	15.789563713846	32.9376935671053	22.6655881901912	17.9623874462474	27.0759350708542	50.145633261376	35.2659277274301	-2.2360166663777	34.2270799385031	45.8888125026752	69.0234948095386	141.241289550337	1783.48686279537	1250.88928971366	47.6779776536712	31.2279983913022	34.3710740083637	25.2832653523716	33.6337389201306	101.074560662557	150.572530679994	66.5766810663831	27.6472111137956	59.9906490372477	51.1514620347017	56.6088149292721	86.934661450811	69.9999181137632	91.9162780736335	59.6052433235672	95.9995078502904	41.9010420606335	22.2330656480139	186.000321878697	41.8004280577496
706.367	29.048411011457	25.9155596712409	9.19763505020149	14.1671596098071	13.919981740028	24.7097634371419	14.8421645000894	26.9818172289634	14.878046908276	16.0402938400287	23.9049928373923	15.0831354663717	27.8362120061209	35.9522552640072	24.6121310190209	35.0498042758762	31.1076844246875	26.7869024986917	37.5714262203879	46.5736761672489	37.7786231996168	32.1276691814528	37.9387169563242	45.4259937134745	25.214529294115	33.1876484266735	47.2999459272761	65.7567129201277	90.2849562256926	699.231337271366	2074.6978606164	320.929763612549	55.9835121621439	37.6213941177622	65.6572064616575	54.8861965928091	62.40028972839	149.493439326	148.957034531072	77.297272370152	76.1009810594246	83.1714265310166	102.183538303723	106.05787797106	105.208116301451	91.544758661594	111.358412222531	106.352007974396	145.723733109986	130.035346463848	332.989921020955	530.460105280293	1543.98691818264
711.106	45.0813019196767	31.80131821761	11.4072484687238	33.4059030727514	34.6529193046569	36.0337940721089	24.7601730204832	21.230670827412	19.4987911063857	32.1447323879972	20.7938106017114	34.8399255951205	33.8323423683413	25.9514571167796	28.4767789121963	41.5022876717222	31.0575425698431	38.2162845408616	52.3700898892097	60.4470746113982	22.2703255202046	38.0206273180891	50.2673258430183	44.6651562678189	39.985388948256	49.5451109743019	61.7254714873432	93.4823929084713	118.647842514988	1563.24783499823	1235.07757501758	73.2572832561604	52.4806626504771	58.5489687970505	36.7298971420127	67.1430424489999	82.0213961545193	194.570317024242	106.111702568324	81.2805846935035	83.6906049572377	87.1175337472398	98.5074316014007	87.6201583132853	139.315195321279	139.869030178958	173.435918471619	174.848146888327	167.716306204969	297.098576775249	363.791879254119	683.048864256036	897.705097408566
715.845	20.6804430765283	17.0308351181096	-0.427380173359638	2.01145892597698	-3.81775779336374	-5.43564763721523	3.61250809257168	6.52713315731591	4.27759174633211	14.4518861019795	3.71196310597007	14.6846368488355	2.69176619180479	8.62558933077701	26.6185176215799	23.5247294544873	16.4747535319247	13.2888806951171	30.0198293920986	23.3384081185793	21.1487912479493	25.4963796282643	19.39159455172	12.9689265276728	33.3102331835549	20.4329257360843	57.1095924217024	71.7776956288297	513.12756522808	1881.83135157264	350.687608813139	42.4521624548291	30.1208635100809	14.998933179336	37.1549726455956	47.2487579949265	93.2304398436954	114.497460839474	52.9209853661964	33.6359641884921	45.7617066209967	46.5452883398357	54.977908519016	39.568833646919	76.0266731048185	100.266899530047	95.087478570323	64.9070335468844	68.27671381001	83.8035591757857	18.400102333687	183.671262300763	497.289707442855
720.586	-24.4535520582102	-23.7133186153786	-5.14143684559355	-22.1815935164765	-1.39176069442658	-4.16710664993559	-6.03596158185069	-8.44325019575	1.19120284218389	-2.50756722376456	1.24042721160703	3.31233777610356	-16.5766450558373	-1.12790126725683	-1.46221045850719	13.0617891919137	8.06600810164432	0.807408555205585	-10.1792558831209	8.4229189067264	-5.07001556420022	-7.79808381992021	-12.5281774141165	10.4850675637653	-7.95091793869747	-2.31896837486183	26.336361875534	72.3386162374217	1268.71442556873	1170.34222023279	33.962511536165	13.4396003855055	15.4756955188159	0.771107003515228	11.6150446561039	12.6876887917454	84.9677145077824	64.9815319081466	7.50761864795075	18.1983133044048	18.3506348059224	3.73297086725687	27.5579626537292	36.4947140306347	-3.71792833201968	-6.70124066699386	33.5655586632208	-27.6547399935393	-149.341343954133	-52.1465834526752	-110.677764199303	-201.668765887476	-498.538105757661
725.329	8.07144714640842	31.2041039692402	16.0465255127689	22.8609412388853	20.7793814157738	14.9253705592402	23.7057783738841	12.6060117165891	7.47572707722345	8.74274469506758	16.6365469724842	10.8035412239755	22.6324830445581	31.9672401267707	29.601649288137	20.9339437345703	13.607659416775	27.3787856233969	33.1509472786339	17.5253970420876	41.9889625356125	25.4342780571212	38.9184854563721	37.3585424809024	33.399609964783	57.5091485468878	62.2026079602631	405.808364561773	1687.75676622346	395.644600646643	30.2220848808531	29.4750455455291	25.2165856701696	26.1478197200522	30.0006478403729	88.6150803656749	128.55669625242	58.574047667786	40.0234078026765	37.383274412454	66.7536445491294	73.0528841773199	53.6974754929566	73.8815482628004	53.6280376534202	79.1367175212652	116.876810084119	90.5647880625883	81.8819531201598	240.460216715619	214.725189516771	106.504529473176	2194.05015217684
730.072	-4.33157985415836	-9.17800205405947	8.72781380257319	-2.8754135194462	2.12631715746837	5.87673335304414	3.44275970518734	9.02965537074086	18.4417243485694	3.12158365220809	4.42192677528315	10.8708204683976	17.2763930739087	6.1269174630766	11.5420727074145	-0.369549302458739	7.04180641213777	11.9243184684381	-5.86008297396813	34.7924644237747	22.5335730900748	16.3263587509379	14.5203155446009	8.11628040748224	21.8651898541752	39.759156915966	74.2527042142432	1060.19883713286	1141.35662662759	60.9819354729622	23.9481060918866	17.4909703595336	29.2181106473689	26.7033520849147	29.3715996386991	89.1669323490015	92.4631300259397	39.6146157720129	29.5672651705487	34.8902765600716	53.7354832428013	41.8234161408187	36.4890601117464	72.7255241548661	57.7488147316362	4.55025959040069	68.3748037733103	23.1964172071287	101.405383919073	50.1619594951105	98.6371800702682	71.4451922118924	331.157045757049
734.817	15.2678920059872	-11.1888923510194	-2.63688650210797	-1.24104701670145	-10.7068756249816	10.8503096003881	-7.92489220757947	12.3413153675899	-1.22186337794634	0.857369948524547	2.86279816559795	13.5903779967119	0.790851796757567	9.64110395809225	-0.749923248514315	8.93199226802541	20.8810414745747	23.1893355790291	30.8698156247088	-6.23979603641381	-6.146061291523	15.5532218037822	14.6231442497159	8.60395534179234	26.5055950972678	52.7268885130152	316.732142930325	1491.43105399115	404.627660355508	34.3762735255284	9.57051575493104	20.678286195796	22.8431114486195	20.5648204843029	48.4776792087859	101.511220040862	62.3844242422491	48.6526281773178	32.3436048152309	26.9020408517027	42.9398874222461	38.9287189608069	47.3476954913492	35.80648887859	53.3907444961563	52.6985570552198	30.2979663797843	70.0820627185116	44.6790346314332	83.2047869685192	-52.0329858480821	-224.847332960433	377.969165510166
739.563	-15.9966210211147	-11.8108107646849	-0.889158925640967	-7.53266572559905	-3.24932552768676	-2.9935044632429	6.5136728672165	4.16149527272802	2.22486858222757	-3.4692648699025	-10.2969216732035	13.7480387065778	2.40007918446865	11.7035394090197	-1.89655759575485	5.64725717421993	-8.36960170464733	5.86458822553443	2.29617157954185	-1.45665769137756	13.3912394567824	8.0915931164118	-4.48266241961565	20.0186687613596	37.9508266388265	63.3646148989737	906.564315477534	1078.51298993216	62.820609651906	3.12584894150494	1.54904678674914	18.9813051920503	21.9331234989524	13.6022172264004	45.7153141332021	84.6963527990647	29.2339178589006	22.1476692542438	24.9286247340797	19.4386635164458	7.73553942137623	27.1143237871728	8.57856209527881	30.4593053416147	27.0050627761699	13.9069325502636	58.5125868733519	1.68797805246235	90.3947039050846	-126.255056933574	172.265287655774	63.6876144622646	-652.250856923025
744.31	27.3178187517461	2.48689904162088	13.0306798810062	21.1478331697662	12.0416038111368	23.8679670938775	11.9006349787113	3.54189325594582	14.7412240373845	17.2396285900144	5.2035184004071	18.1407728150429	22.2360012935535	12.2229867820232	12.2677718691007	14.078867184694	18.9322850834311	23.7092161800509	32.4901752608725	18.1575670611287	37.7030972672643	18.627950234406	19.0285197691149	25.9506986603911	58.7857693743272	274.408817702433	1361.77958103179	451.990015373482	22.3621074836089	35.1469535512857	32.0950515371599	23.4909685569455	39.1892843505237	50.1385944946155	78.1270900229436	76.7314109881345	68.003952646073	15.4204444249069	24.6703108463771	56.1329722734384	48.7137935676967	31.9716646240734	43.3515055552815	57.4099333073659	94.5537102905431	70.2782654031818	64.7705405244685	134.776311912324	-8.70108414548307	51.6497345921108	328.869703496306	321.843444332352	795.61760782281
749.058	-17.4593304099473	-7.03448223406423	-21.334520512779	-5.12735123077093	-15.4823055944974	-9.8485213433185	-13.0454301428482	-8.49796686289535	4.290880376707	-2.95183341272427	-14.1273764659209	12.8673115743128	-8.1684555034827	-6.77143198335337	10.4567187691832	-6.91917705358482	-4.06931330484536	-9.8372329638131	-7.97111153963932	-18.8388973700212	-13.6727668420772	-1.83593437948256	13.7307076674155	23.1055514186069	48.0146642154427	782.093564041966	1032.78364624896	58.4879456603301	2.01702210951221	21.9420055778588	14.2345150722897	5.93276140749466	-9.99742368507191	37.9882571962828	60.6793182404572	21.9552866721388	15.1611478578788	17.5881107570535	0.530264697153184	19.2802609167415	18.2265360150361	7.25066440888923	42.3347382279221	10.0863758777057	37.4202244770936	-9.46620098719061	-64.010048207908	37.9162264439821	-15.3825157390098	-85.9395657714428	136.800894220726	-120.763565283026	-1860.10436244101
753.808	11.4810090972517	11.2670690954967	4.1640095178316	-18.2913301215563	6.38733128416891	3.11529886831703	8.34300264188346	4.55874822964692	-5.14531131690462	12.9373246140026	7.03228612798194	10.3331182816184	-6.66061160895153	23.1414533351916	7.50014120785366	26.2507016931192	5.39198476004814	22.2330718682715	7.1687824197789	1.01061573220613	17.917815186464	19.6485555437057	15.8611531523631	38.9489379978995	235.681538483215	1244.56378432999	445.964095994198	15.2119281198353	15.6245826751225	25.6175950605323	27.0022002627675	16.5285081429926	29.3470708655782	58.7042723353988	67.4704223722145	28.7718479734899	28.4916953436073	31.2438941526711	45.940510368581	26.009420672642	27.2470654648358	49.0447081975124	51.3336507138474	51.4031020266407	50.1853516376914	82.0122680121532	63.7929215765178	100.129364203569	55.9955496649171	6.25675709355197	214.132967617231	-142.026049852025	538.349487304843
758.558	11.6897531309394	20.3365913763931	15.0745536230254	1.33027837378046	10.7115872668747	-0.70487560788902	8.76015158525291	3.24914375186805	16.5024144207107	15.6232533123596	16.0250862140601	8.09307056292378	0	24.3889478290852	17.6845410798347	16.3559302330358	-4.22309238585861	-7.10190006801355	10.2187720989936	-5.14495212035029	15.2029926406686	23.816427730254	31.3490984471682	50.2630624266458	707.661139443479	1061.51768207794	78.0568205938822	12.5582485373221	13.8154185959262	25.6693442945778	10.6689818853845	26.6801602999831	11.2052437190684	61.0433511121827	53.2843263352352	29.7599680069737	24.0928201583723	41.720604116282	34.6691119971916	43.5486968248948	46.6577784977289	43.0958174448923	43.9345651893592	45.3593372089966	25.5489028213744	6.13995506078561	59.0479855127479	107.315667646215	77.5385542506298	105.113504908105	116.618699731659	183.170541256527	166.824482519364
763.31	-5.96189606280715	0.531890963359324	-1.92204490734332	-12.6645092037328	0.780431609479701	2.51645740081875	10.0186328609501	-0.473456346762536	-4.80937344794241	-8.74920084248917	-1.39114232651288	14.8591815365787	6.91748848745387	13.4927380143551	9.42926866677417	15.4626542757821	16.3690409587243	13.1299063569872	14.8905153968851	22.041425798043	20.6764929825351	0.485865065325712	39.2441742610187	174.974372280349	1177.48655342691	468.131225586722	7.7051212094168	15.7985998612372	5.97843071488804	28.7171313586664	5.02273114825021	22.6088198961796	41.0618331211524	67.4542829310576	48.9609305644141	18.4980585400407	41.6273445463466	26.5974292434448	29.1886876116627	18.008343040304	19.9371505160359	6.27980472592906	64.9032854445631	48.0469885692988	34.3997464946245	96.4483871964272	-12.0460354774612	12.7708257102219	20.9358379444689	185.194672738506	191.35998988921	-59.0014024207357	-48.6184152355571
768.062	3.61060376857496	-1.07373420387557	-0.485006679133309	9.13070914106453	18.5117251554723	5.44285772700521	6.01275625711856	11.4692591207076	2.69687102035807	-1.57697402292501	5.61662897599118	20.8308298918767	18.7646772164719	6.38389225951095	13.241717939433	30.3931944864449	4.78273704724954	25.591505659804	20.0397660377499	-2.64852806082909	29.7396547852928	38.2520272514667	54.7712155667955	633.332119877022	994.994036827035	90.1270706856945	24.627821989869	13.7914850876962	18.9651386277854	21.31308547427	17.3215488615779	27.4689254900636	61.1007888257929	72.0133569039882	34.4572757282871	30.1610371939682	37.9669804745411	28.9939641765622	21.5297507407065	21.8121854397097	35.0541413749809	38.7356189291612	37.4345669246542	62.8658270101122	69.4431508718349	36.6645553792853	56.2341396730616	71.8174077469808	140.878029748778	98.3827751971936	354.97887464729	258.064705882412	932.392088306784
772.815	29.4678162011108	25.7532071479674	23.7501901505835	12.3186061062668	31.489249815434	22.1201898396763	9.28652274518982	16.2377679850391	6.73788317715035	16.39008365776	4.91142007214365	10.4087809342785	5.23331866377547	22.5420521938303	21.917626190499	26.2692633900714	22.5949015986294	17.3546036397008	6.50877560968462	19.0572559414267	35.456288429806	52.4405119842972	160.299250672614	1083.19061281942	454.680346809766	31.0434282281212	16.8398821870218	31.4417860091147	14.645545545281	19.1695592540522	33.7766166742136	34.6310339960724	82.4121757992967	67.169656023937	34.8884248809956	39.2322184536734	34.401469935579	39.1705788897427	41.8996520624509	53.2847146337262	38.9242377022991	60.5298437742856	55.3366948657885	81.6735206898682	57.832433030177	69.491935200464	69.8681838680711	80.9731596646909	136.095355374229	468.659196287587	266.064580360855	178.546384883693	1103.44524743435
777.57	20.250217878047	8.75939184197018	-0.989156239311175	-1.86218011107783	-5.62295038004783	5.55027065809793	-10.0332260841378	6.09145886306267	0	2.2513330904159	3.57966951443941	15.7190201914909	8.89999613378699	19.9636202990032	10.9712189460935	-12.5647271995783	10.1976202391205	8.85418499541438	13.7937896659991	15.1244567825658	17.0254353268096	32.5057649117528	584.452402536434	987.627175951346	94.5335866203524	14.2766132076922	9.25246869948649	24.1719075766508	14.5045568521328	15.2135843360585	9.90872743554973	28.8728927109116	60.999460644597	32.9342676974296	11.5583152140429	32.7090330121944	3.09729966534135	30.1136714171483	6.35528849705849	4.32495805793144	16.5490383501292	24.4182146360648	37.378047658267	32.9690378838066	25.7503955072236	-29.6526451587101	30.9967033183531	41.3118818625328	102.955050044293	177.239641776704	-53.2329795631831	222.671751392022	575.479687084595
782.325	29.9085053404034	23.9034253488722	6.02634314760952	14.6541657208491	10.1956269422502	10.520070407468	10.7537368933699	15.8343045304369	-3.63018218108752	-0.326572361642339	13.8122440063109	-1.2941443322209	14.4593081343613	22.4744647679487	5.1416261105336	12.7582402475149	12.6056934696681	28.8644002412898	44.6124422378678	0	23.7705174418529	136.087908543256	1026.89774321009	487.162926707545	28.8900515470175	18.1206143925168	5.36855353315121	16.0652855213218	16.9594527225377	26.4821026448132	35.4333959494245	43.3199953312354	45.1269356066135	29.3742887938878	42.2507815771735	49.5713349564705	22.5391816142102	53.3715681178123	19.9461561270556	42.6609463360588	27.5584205055506	24.7942867197908	45.2214511513056	63.2339625514635	72.9936661768765	-11.781913398965	26.752978739984	129.65788192211	243.117885952043	227.50843808651	124.321523468981	400.815735855795	1168.68563698484
787.081	-17.914839738574	-21.6908566461438	-28.361991613459	-5.82481416649357	-23.4511086128582	-11.1881952411032	-1.45293851989959	0.254050727382064	-12.6165080280806	-14.7548067891407	-13.0632161577023	-13.7317085546623	-31.0866383437672	3.62001685093239	-23.3182814244793	-26.2012611114077	-16.6422727425756	-6.31651422818314	-14.3821142717213	-10.7007567204947	6.65684781861142	470.840616297192	961.90548384095	107.518105492873	-2.39236838758841	1.86069136490021	-12.403413711979	-13.2887878796699	-16.0397540565905	-9.06426582238366	-17.5183738004337	25.1618551008438	12.2659406557816	4.1763600872079	12.5333454250765	-9.16230074895852	-22.0675931073864	5.13786469463997	-4.21676851588226	2.5768135004737	7.59214640912993	-19.4691716227169	-19.9007357452136	-10.5035375808499	6.71217155862155	-1.3442335801514	6.46375129628175	-19.5790417978445	154.778282662952	80.1958630828714	-94.3558502186981	-453.784894900362	-1956.60230967685
791.838	-8.30947706826899	0	-13.3943865454042	-3.87941517670265	5.43868803985018	-5.78134308753031	7.83820184280493	-9.13688983742936	-1.43229323762673	12.3953278952138	8.94888147024075	-18.1435466373529	8.34347383525152	9.94531930612762	0	1.30878299846516	-13.8550097065238	-21.3580819309167	7.98225642684242	16.8794227201261	118.043596070428	955.867472242389	498.663235477989	21.6843246486765	8.12610476927397	19.9828878802743	-8.71979975492264	1.83114530494997	-5.95180176697565	-2.26385229158674	29.6175112894276	47.5812602347544	14.9770569137716	15.7619443369885	34.6738130195289	11.1874257041642	13.9804098738481	22.2423262041153	-0.601806904155578	1.93072178012481	49.6454933767706	36.656048864263	9.94064540998122	15.2629448995308	49.1744962426945	29.5442429737451	-24.2153834702182	82.151627033268	226.952604843064	-3.48336974096206	22.1796836503623	379.541723933197	-651.563507261309
796.596	11.7202424029105	34.8540741447369	21.5162748987526	10.8675763974863	13.6374924213309	14.9195192120264	15.0819189446008	-4.39519913806351	8.75420957654853	25.5947744427641	12.1546159230148	9.91732982731369	22.1924887699514	10.1310038131341	9.40262590241103	24.4423425966671	22.1114480652286	15.32868900323	28.7305561799324	17.7677230564395	499.05549342978	977.428476995236	147.629812567823	27.2262019992452	32.1374326210711	6.15413325805092	13.5576574349496	17.2543374763886	18.655154261392	35.514242487752	54.3983010441103	30.6364630931668	24.9654873137636	44.8629910868335	35.8117640299316	28.4907525287322	24.1008844338002	40.0865275023211	34.3304060708023	62.2810311019682	39.3340901892709	18.2891937224306	44.7242383832482	43.7285035161518	52.3695476188158	57.4557136716553	44.4014960706023	261.018880113377	152.432922924668	131.291027321814	192.047218205311	257.751982552676	769.925119658616
801.355	-7.86921321293422	-20.0586397951907	-7.24840411333236	1.70572572871575	-2.57526408897907	10.506839863039	6.38212965631864	-8.25791764640098	1.00761555655388	1.76758570853302	1.63945859875622	-3.89144829258384	0	8.34811226128853	-7.73034801868032	-6.1381755949727	-28.4286708453098	-7.25657066037611	18.25038198016	55.4149943142501	715.421222333918	433.794986965931	20.5551933726583	7.53874931492719	-6.72552844923289	0	-8.47510604423571	-16.9077198148266	-14.8963464819767	18.3150812685609	27.6233027074783	18.5524328653403	9.97758610615137	18.3449410990061	-2.5409334605927	-7.60202581791401	13.7125268049455	9.52888608668313	9.52582516737482	-10.1869431303816	11.5205674530941	8.55196389217392	1.45692188672082	10.0663617936977	23.5869301148614	41.3324515496195	103.632479076268	158.24414187084	83.3393888794178	-140.906277611976	-175.53785712835	-370.842885759248	229.186841336744
806.114	8.99338652906768	23.0674357644693	15.8558839979145	-7.67576577922087	9.19737174635381	9.4900489085514	7.91384077383512	-6.47242193907104	5.54188556104633	3.82976903515487	2.62313375800995	9.7286207314596	13.0435953433823	5.1678790188929	18.1663178438988	18.0308908102323	-0.406123869218712	16.220569711429	14.5067138816656	304.287691993427	742.225150963594	111.311702040888	5.02460282442757	-6.65183763081811	16.8138211230822	13.0771380933656	7.66795308764183	4.83077708995045	2.81822771280641	33.4449310121547	33.9372004691876	22.4997590069021	18.7578618795646	13.4529568059378	23.7153789655319	21.4645434858748	17.4952928201029	11.5349673680901	48.6875508554713	40.7477725215264	8.48883917596407	5.26274701056856	26.2245939609748	33.5545393123258	33.4148176627203	43.6943059238835	105.052102077313	123.843241464136	78.9531052541853	113.337658079198	-107.27313491177	231.77680359953	916.747365346977
810.875	22.4834663226692	6.01759193855721	6.79537885624909	2.13215716089469	10.6689512257704	-3.3893031816255	5.87155928381315	9.59703942689844	5.28998167190786	19.1488451757744	8.52518471353233	2.3348689755503	20.7882300785155	9.54069972718689	5.41124361307623	12.2763511899454	15.0265831610923	35.002282008873	59.4307310635979	624.408239505211	402.058929445151	21.0713510036249	5.48138489937553	13.7471311036908	15.9731300669281	26.1542761867311	20.1788239148469	29.7897920546945	28.1822771280641	44.5932413495396	24.4663538266236	28.4207482192448	10.3766895503974	15.898948952472	28.7972458867173	18.3342975608514	37.3548143996791	33.1003411432151	14.2887377510622	39.0499486664628	32.7426653930043	28.9451085581271	24.0392111308936	35.2322662779421	16.7074088313602	93.2932477834269	245.594779180745	173.724547053857	63.6011125658715	177.664436989014	48.7605158689862	361.571813615267	435.454998539814
815.635	0.56208665806673	1.5043979846393	-3.62420205666618	-3.4114514574315	10.6689512257704	-12.8793520901769	7.65855558758237	-3.79417837807613	1.51142333483082	19.1488451757744	11.4762101912935	13.2309241947851	6.52179767169113	2.78270408709618	10.8224872261525	2.30181584811476	16.2449547687485	0	234.447214668209	672.401582795231	117.937285970578	11.9098940455271	16.4441546981266	11.0863960513635	-12.6103658423117	6.94722961210045	0.403576478296938	18.9205436023059	21.3380098255342	35.83385465588	28.0179213175851	13.8156414954662	19.5560687680567	11.4146300171594	13.5516451231611	23.2532554430311	26.4793621061017	10.5319267273866	8.99661265807622	23.2035926858692	35.7743936701343	51.3117833530435	43.7076566016247	36.0711297607503	47.1738602297228	51.9607962338074	234.237795172386	53.3213956303918	48.2491198775577	88.8322184945069	156.033650780756	222.505731455549	779.235260544931
820.397	11.2417331613346	-4.51319395391791	0.906050514166545	10.2343543722945	4.04684356839567	-5.76181540876335	1.53171111751647	10.9361612073959	-9.06854000898491	-2.06218332662185	-0.327891719751243	6.22631726813415	13.451207697863	1.19258746589836	-1.15955220280205	3.83635974685794	-1.21837160765613	31.5874252275196	461.407093139429	410.664690007389	25.3418961589671	21.9874966994347	21.0119754476062	-1.33036752616362	0	-18.798386009213	18.5645180016592	16.5051550573307	9.25989105636391	38.6209322402263	3.94618610106833	10.2630479680606	23.9462066547633	-1.22299607326707	17.3630453140501	20.5701875072967	18.4409843238922	15.0456096105523	6.35055011158321	27.7311229660388	36.3807393255603	15.7882410317057	-5.09922660352289	21.8104505530118	42.2599164557933	75.5793399764472	222.880811164028	51.6013506100566	8.77256725046503	-42.8845192732102	-24.3802579344931	64.8975050078684	595.885787475535
825.159	-4.49669326453384	4.01172795903814	4.07722731374945	7.24933434704193	5.15052817795813	2.37251222713785	6.63741484257139	1.33912178049746	-6.80140500673868	8.24873330648741	4.91837579626865	4.66973795110061	2.03806177240348	-13.5159912801814	-7.34383061774631	11.125443265888	-4.87348643062454	186.963408779102	547.511459404799	162.286769063161	21.9304870606446	11.9098940455271	13.7034622484388	0.886911684109082	7.14587397730995	8.17321130835348	7.66795308764183	6.84360087742981	38.2473761023727	21.1021588529071	19.3363118952348	-1.97366307078089	23.1479997662712	14.2682875214492	18.6335120443465	-11.6266277215155	31.2078196250484	33.6018614635668	16.9348002975552	14.14853212553	30.3172827713003	36.1813856976589	32.7807424512186	14.2606792077385	0.982788754785892	164.148879011346	110.730594081492	-34.4009004067044	72.3736798163365	12.2527197923458	175.53785712835	46.355360719906	733.397892277582
