Wavelength	500	495	490	485	480	475	470	465	460	455	450	445	440	435	430	425	420	415	410	405	400	395	390	385	380	375	370	365	360	355	350	345	340	335	330	325	320	315	310	305	300	295	290	285	280	275	270	265	260	255	250	245	240
248.336	12.9261567708345	14.5424738023361	7.70119264062893	5.5427347323797	11.023290301359	-3.04235773451239	1.27395854865528	2.44987304606463	1.76051971992736	-11.1834307286587	5.56865203064157	15.9337614028217	7.32690947856158	4.75787546092955	7.32725586594865	3.82894659036236	20.272237485706	6.82469372676222	16.8389592931003	7.90681214848569	-1.46090815275569	-3.20304468037111	8.67419783574258	11.5190744403611	31.098979837785	5.30945920860965	17.7505609662528	3.62266117551911	22.9343973160481	5.17510470216402	9.85729689899343	22.0878545026863	25.5317279343887	12.6387197087013	22.0336441162125	24.6004449599742	45.42364506201	39.1718048615817	69.9172084780655	61.1925669599632	49.7225226874727	129.628548214615	330.203077440937	621.784075559842	837.593122617762	866.227333525182	798.760014267578	878.778279071351	939.916602355522	2188.04165626865	43834.8672334797	142308.762436785	51320.3964397808
252.814	49.8107325420876	34.8351682100076	36.8950076445571	-9.19184883129101	9.68193799772199	10.1217919085071	13.1221009598639	9.86966119843092	13.55517079361	0.70497071632883	19.6164669120137	25.1349391934499	-6.33784041259441	1.89950937573775	19.3993274120099	11.9234595476648	20.3953234649544	5.10872834431707	6.16247339968683	8.87814683414145	29.1622674451949	32.3345331295865	2.73398012211537	9.0207528551443	20.6370637606025	18.5883208034978	14.9785828535992	7.23146173594389	13.0114550776702	32.8983794498182	36.8351173516934	25.5099079714377	17.2009471281747	21.9737170877928	43.6446549451704	86.2493389608077	66.8717028043313	61.953497737562	85.6433297048585	92.2918710974609	145.977185435998	351.494809246034	714.144086514588	994.961344076622	1075.01348406353	1036.06884919247	985.617010879783	1139.19440068302	2156.7958065751	39474.8022989734	155036.152341633	66958.8843801286	3492.73649624574
257.296	-1.99795903822145	5.94242945633249	8.58920149553466	21.7256580783006	1.30627611959482	-2.40349245232051	-2.71738732369449	5.54234979188424	2.98034538735207	9.76502207467719	5.04624409784358	7.36848456599173	-5.30596949362336	23.022455736194	-0.456995053114222	5.444829655165	1.44137398150902	8.08736247989313	4.43431433750459	7.61287209406322	-8.07892239362573	8.1335465861926	-25.9681315233354	-17.8503566015202	6.4741315241625	8.22772183004807	35.3765004010094	19.556575396005	-3.33759978630289	16.039042869652	8.87759181249725	9.8154122139876	38.2920833420301	39.1336314118065	33.1398596671777	46.1129884199219	33.6423048310152	55.9410451289431	72.8101424847309	105.414004389318	318.322085221022	612.887437566337	887.973022702432	966.521222997915	976.250499828862	1004.08575851985	1047.59671476878	1970.42629167118	29448.4359218763	137254.381075384	71811.2062685009	3964.20588731828	5496.51714734756
261.781	8.78541822601429	12.0600134869342	14.1631521071408	2.563470074904	-0.883685016694408	2.84539992195289	3.06381683841975	-4.55278688311499	12.0970743805417	1.76945273072435	-6.3022938371809	7.009761108951	11.2578034628725	-8.58186808806711	-7.88341125938751	5.52507350384901	-16.5763192947537	0.51290943637802	15.7488295721525	-10.1020116542815	8.78355697389476	2.75113857743712	-21.9590333874426	12.7859494827151	7.58024404166454	10.3134445178965	3.395744075358	-7.26029006278671	22.7398627883424	19.6262420570384	10.9049372415342	-1.89715582138299	12.4724303547876	24.0223214625826	33.6282624369539	52.1710422376189	81.9314698760928	70.0510217991594	94.9016849156144	273.891449843684	557.070507247709	852.963991397372	1041.30237935353	1084.69429773865	1026.10248354552	1043.04122683829	1734.69668422268	22253.1207609077	123733.77655882	77400.8145558936	4408.68598381422	3298.33280535331	20322.063077535
266.271	23.3698483224049	54.5840420325014	2.77022129835199	7.82181238959254	-11.6841932655646	9.92234686914054	0.934850019932116	-4.08580416950654	3.9987255735897	6.11893402532864	6.40997795671691	29.4687379099864	20.4111545663208	18.9117546460247	8.0181111357086	9.36579608522207	-2.47934566337669	7.82509892250403	19.4503337216055	-12.6921771995876	7.1469097492182	-5.59629179242894	-29.0345072256206	-1.0837013799693	16.9614804754559	6.99311009879444	3.94716050686774	26.5836347321982	2.46046886881609	18.0141139847225	19.2891554956325	32.3203237483623	36.5929052547818	46.3724168422411	53.3771775194721	84.2434972462386	86.8035329402663	103.186683766713	203.411354149215	545.362211957995	903.279147162543	1045.39152729813	1049.2881570995	1036.52111807807	1096.53813535792	1691.0216372218	17083.6451569844	110216.399722229	80970.1691754821	5915.03968942055	2065.87108266715	14302.7651092567	29290.8636624588
270.764	9.62856269182345	-13.500654306478	11.6418018871571	1.04352433598475	10.3421223216861	11.9965843375223	4.053409577654	1.36273918069842	2.76998366162589	-4.32179880848738	2.00430129846529	-2.85349783414333	5.97752513448043	19.408128514246	-8.96671159244535	3.74853128175414	7.93859246379576	-2.08792559841654	-7.44128507386426	16.3281524412162	2.97963801375465	0.559959736867536	5.58685713723321	-10.8434149268549	5.65716638576598	0.499802909810525	-4.44317848474859	0.985160628035272	24.6192220037017	33.61373123123	35.2235020551961	21.2378244334163	42.9610364262003	60.3696423524003	57.5569549622027	66.7777754792252	85.696741336993	179.454219807533	469.289199529801	803.618999910533	1094.51865096695	1108.8178666239	1018.6872308878	1069.99303360372	1462.91444052512	12380.6729118076	95847.0197039522	83459.69083289	6995.38407410808	1780.06656001549	8226.54557756153	27000.791610137	9385.35676034561
275.26	-19.5234022738205	-5.40628235353769	-10.8531294634621	-32.6871185551996	-19.8069874342037	-2.83453439905675	1.83127035758466	-4.00182483980504	-6.92925609055831	1.41015667964192	4.70867079262584	0	-5.36360674490292	1.89979936201322	0	3.21065226139338	0	9.70806569795398	-16.8093114167749	-1.18393362740915	28.0000506884014	0.548126600704017	-12.5782285084947	20.1671141117129	-13.0889163807362	13.6987484176105	-7.24880784224012	-6.75039467032437	12.5314621423765	11.9215224060425	26.4497625824415	22.6789354758541	35.8407772702684	39.558729021183	72.5830053503936	69.1171632811999	145.099740617863	410.278988839767	716.341337027919	1036.4058972363	1000.93169577726	999.469640515312	1054.7894345003	1407.23084251165	8823.99315927551	81028.1398388889	84054.1285545007	8462.69943668747	1557.33907577067	4852.39235067277	21152.2297431265	12754.4345195065	1127.74848924586
279.76	14.3997855177021	-9.34441320876607	0.527595187613157	-16.8830699120173	-0.427938884113505	4.72433597732907	-1.4837032813638	-9.85657999097584	-3.22201307876256	-6.85509078707969	-4.95948146598295	-5.43134585775891	10.9035499311557	-13.853032033799	-17.0672328125204	-10.7024278796837	2.83318341651321	-3.47738665691468	-5.99235027063339	5.75536932805737	-15.3128906750728	-15.4544913032236	-20.7363392268559	-7.73975575374176	-6.85226607716742	-6.6592716559645	0.469841274368363	6.56303926815325	10.777848437714	35.2355569510915	23.4196157249361	22.9682163286252	42.2798449579222	29.9139454885708	51.3225333903269	116.165427710615	353.232404716283	657.411127337582	945.679693806197	954.850120313817	968.207665625044	963.29979628151	1222.46706195173	7126.22953744633	66939.3085147529	83811.0542388929	10198.1869502324	1537.1974917469	2672.72085299367	16093.8430905958	16568.1123601782	1672.81808709289	26.7426373404934
284.264	-5.60644665598421	-6.11415690181651	8.03401522603811	10.8695654042711	-3.25824381220713	10.1166129767036	0.282415738270046	13.3305557732689	2.23016216194598	0.652416675846997	-2.90465628444718	13.3536426089069	24.8150190229123	0	8.12166289499639	15.2786650920418	2.24701145965642	5.2006720785761	8.29538087401299	12.5983269899623	16.7327358010229	15.7228131285788	-7.5905034710844	35.8484761240121	-9.78221761375647	4.52700045671076	6.2602408733611	15.169376354887	20.9610935516682	48.978149142908	34.5261793544483	20.9850662816596	49.5247005981667	60.5549694140218	85.0090501852734	294.985616812852	604.1806745743	921.813181768851	971.654238001041	926.9682854648	901.304796176967	1088.92467936627	4897.00785396936	57147.5217437791	68611.4057867758	12417.6623975099	1584.82598477109	2018.77411310512	11394.3038113936	17721.7816537823	3300.84522543437	739.539467297845	330.87155267055
288.772	8.83379444811682	19.9681732682908	8.06997956145167	0.446781508069215	11.9362012226553	0	-4.00489375978466	-0.700142751169737	0.527093059118924	8.94342565168226	-1.71627000132845	8.14477133976125	5.97160130469217	3.73928684010606	0.808224850617743	4.41353364145295	0.424860277644428	9.83332316239865	-4.41133158436153	-5.17840348015453	5.61317769530439	23.0155120667354	-3.82719117676895	9.28514478595024	2.64228780949931	10.2714705579401	13.1049554077963	28.2601496732703	21.0812776568834	30.4518089402964	36.3592527193796	38.851501446454	38.8774373494064	65.3653012663697	247.316236864511	516.975822777532	850.333561931624	913.572773534007	880.849117358969	862.690425778188	942.312388744324	3230.41615795774	45274.5634074366	55422.1209763995	14017.4927589661	1684.1519210987	1739.55150092411	7603.41730365821	17447.9247539974	5553.57755717768	629.232698655011	660.311130508419	48.1234681490942
293.283	-36.69295489162	-40.2956371099626	-26.3915444933996	-10.2782631206002	-14.0249504079192	4.41406647725128	-9.98108255313791	-4.92154343988121	-14.6520568529015	1.18244022194086	-12.8319752739118	-7.80714411250698	-21.2607906981438	2.78777430938155	-15.1070654542413	4.61517636688744	-8.55221722188792	-30.8477453808162	-4.69829729071228	-15.3875996910091	-21.0328372403877	-28.9556456888335	-0.458567708912903	-23.1406379757226	-9.28677345683668	4.10236864179632	-9.31998019714689	-3.63877719539964	20.6115380278858	24.7910673699525	25.7429867461791	30.1097289286652	47.684248535648	169.129431042586	453.699122294482	752.52829132793	847.877959919299	836.86058418448	812.945162064507	804.733486017798	2130.52608040145	34948.5358404894	46059.2158759735	14573.6805444333	1500.9452247678	1540.74351692626	4672.54780494361	15955.8777526513	8307.17988991717	946.307275460093	519.786908161484	242.006122408818	253.707267458471
297.797	10.3834771684773	2.92576318681888	5.28613122891712	-3.31679291903129	-11.7910249550214	1.97227127066207	-0.743282959568489	4.98111259655092	7.58144827673322	14.0228136910423	15.289385307335	1.88952257835669	-2.37491023875677	-12.3375643495565	12.375117315769	3.7232906265779	13.0104779001572	17.8352527262548	5.91294347203585	17.2994209878785	7.57651119346186	16.9081535028179	7.99090294211253	6.89305665565931	-4.90391910716251	9.53159995414817	14.9070130333156	28.1815796167615	51.6456842861654	34.8390197125948	40.2582373980219	38.7377603581855	154.782108395162	407.154707855428	651.834127309507	834.212137414877	826.351290143635	789.653615398741	777.740517819986	1609.91429406172	26494.2937069381	40247.5649066524	17091.5633543927	1253.31498265908	1341.21625278424	2908.49072160415	12965.1266936975	11087.0983729711	1699.83296838507	763.930148692352	678.852450358091	495.604881870469	602.870270319614
302.315	19.3139060288614	-7.65925105951527	-33.7310374591063	-23.1996604271091	-10.5229443893149	-1.29078464787632	-3.40517439592328	-8.50426757424563	-9.12331103249303	-8.99016089310062	-9.38098506833549	0	-1.16572364633788	-15.5182130912059	-5.89025056246709	-5.84824181361856	-6.57970818496373	-0.814365205368526	-13.3955340141187	-11.3218842460789	-2.78919539068105	-7.8625513057029	-7.8446623903461	-9.727429756191	17.6519679400152	-6.62799066518976	8.08732192812424	19.9808786120191	20.7411229807459	9.12038266966834	48.5549565318908	105.426446304508	332.460847875845	618.820287823198	821.521513065518	800.15825480325	773.738383882812	753.149505292252	1234.25233911472	21032.6608321481	36376.0326531811	21254.5694914586	1101.51359038243	986.865860908333	1750.24310150588	9153.53703064866	12832.3247140857	2855.51791400159	985.302172281133	659.135351163629	503.316896328534	433.458344653863	-328.79845230772
306.837	3.210056480474	-16.2307672459435	-15.5249927900447	-3.65294465300623	-10.8435509542546	-2.8962104733175	-10.1871904195859	0.212017024398882	4.07016125728545	-8.96522666899491	-3.74198675712813	6.6592726821026	-2.32498102027225	-13.2105137969379	-15.0519044817579	-15.6735583364262	-2.31580918408038	4.06053281152869	-10.2414258023728	-19.2879084308566	-13.9072977663624	-9.14753525980224	11.2997519670786	4.21758726775572	17.2029417684465	25.2720302960887	16.8978683849491	35.2527397831935	42.5162836399652	42.064778648165	102.846195857229	314.275701508196	548.387147642848	803.011416962407	796.654341898991	765.578627801103	742.764681574501	1057.98676340391	15620.0840032782	33822.8952696842	26451.0344769234	1249.04885497013	840.324253306898	1091.96757457035	5733.11087791993	12789.9844394114	4464.92101948668	1310.61688171241	1026.47147389426	891.01647861654	687.817592935408	643.973443958344	415.322937150822
311.362	4.80900006008854	-6.19803943018068	-8.18339203324849	-4.45906822741438	-2.09609967553547	6.42789028788139	-0.726736943547454	-2.11749105615625	5.73884884431633	0.279809300424012	4.36013449003093	-18.1051123097579	-6.19211471986617	-11.3089886699517	-3.2999013430868	-8.37293721677498	8.48057017096254	-6.894182809721	5.78131707570816	-2.34921157922636	4.16691707457001	6.96074348734542	9.98330290625288	11.3730956403383	9.58950864530039	23.2985491212395	37.205044689692	32.5293079014194	22.570188083703	93.1068397235597	254.916197639845	527.630987522627	798.783878417783	775.638160251897	786.784726217531	745.474649215746	961.359807098131	12028.0459302543	31609.6094600387	29579.9237548836	1548.51708303134	779.512643193981	794.215250970802	3406.59066882896	11150.7644519281	6254.89207488473	1362.10699386319	1141.8593333771	833.084660304327	799.442641016795	524.494402501668	696.022115529201	589.449942269708
315.89	25.0883163955049	-1.42887298142813	17.2108030326624	23.0827567552114	-4.18796760323854	-2.8896307910963	4.35602010416203	6.98066684388765	7.6440744748903	14.8149231269134	14.6228186765046	15.1338835158236	-4.25278163049464	17.322945257842	-2.19771354069799	20.3657033165386	13.0931057401443	16.6103627719917	1.77707114421238	12.203569069082	19.4259839551061	25.2072244056175	19.9464508451983	26.9312361549914	24.3487312051898	35.6883805257273	40.9991885208253	40.5250117890958	51.591519852058	230.263530117111	472.991413462754	744.755918524773	781.684569855459	756.655207540363	740.513341088232	861.124804111261	8443.51690859385	29963.2038253061	31602.3528646974	1900.76177017569	737.769180776705	691.228498475695	1803.52729504069	8825.8792961019	7519.40166763842	1625.28133604315	1062.3969376089	1004.86931849599	1034.56862999516	821.953485961589	820.72387557049	950.563404357897	1264.94763075627
320.422	28.8710139934128	-11.449281372079	-1.72383522819707	-3.65047977039306	1.74777969281606	-0.321584023238934	27.6322875085556	1.27124377519946	7.89557000511592	-1.67984573239535	6.23243631989391	15.1581082500901	3.09788293637461	25.6488224535102	13.9411322642862	8.74212968549881	22.3710500310065	3.65201361207968	5.78472600358884	-0.470119356275511	-0.463263786519535	27.4240884438676	27.3616930231147	30.3461379614941	38.3806522255582	33.802816160187	41.0648157239171	70.0749814745307	200.189299435584	439.299260643604	714.936417566475	797.729147493122	757.887934909391	720.632414292839	770.31857182761	6132.4105344741	28258.2276102999	29992.5333173934	2620.23466117948	629.031605377572	624.156154986676	980.286187374765	6184.10816448194	8132.74243004949	1938.73970502928	981.451509457154	915.367236494201	862.22691691848	777.168494254165	732.767960699768	710.57487830625	890.375755810504	1245.12807414281
324.958	-10.4821296296875	-3.93808079154929	0	-2.51122909753657	16.2314323612437	14.6007373492864	3.25149423117589	-0.655883176829531	-6.91281966900299	16.1783350328044	-10.2897655669251	6.1039192272693	-8.39115914848202	4.28133145456561	10.9784264495867	1.50346610729876	2.78601893258456	17.1672757366965	9.18326431372772	31.0467221244298	5.73637119690604	26.9507310214035	21.511530068627	16.5265490127228	21.4522134293903	42.8987913537822	37.6216079814357	173.85701796074	401.686995369715	701.83732857764	796.945307810721	763.918334607993	737.011382991406	744.40396098146	4127.01979557829	27531.9382991166	29125.0891397177	3625.40849164151	614.585016585928	565.096954384058	637.504295641636	3913.71976839855	8551.48431201098	2781.67758078126	855.030432037695	881.649252667634	871.995734031109	751.011263152601	691.99813936057	632.615302878451	369.008858092428	673.149178013522	1329.8995197051
329.496	-5.0516293900508	2.00330775660847	-12.6681876009893	-13.2004830843706	16.8808849824224	2.02565933178752	3.81701565500959	-2.44675772731782	-3.51656199960822	-2.35141254808879	-10.7959903685599	4.26947551327993	-8.5371911338959	0.791970871602605	-1.15546394958861	-5.3537086509473	-10.1232294052646	10.2240229178547	-7.00731102450502	-5.42902088569902	30.6400589472864	15.5378621060657	20.0620721346549	19.0265515230929	32.7383219143742	36.7110524066709	141.421002496047	345.323202731757	661.03699822179	763.748802673492	779.311369269662	726.790539227707	721.549405692258	3035.13607125022	26522.7034311854	27997.2306568804	4964.25628569654	598.86743180151	526.886263924901	514.382504320834	2156.54569541852	7783.5947906543	3967.59017190773	735.805944530672	722.634532523254	738.838692766882	749.48218125521	676.31508938938	539.545466830468	668.143793754962	677.725635125296	462.745976162784	45.8658936581441
334.038	2.82446584930391	-7.05656049087459	-25.0435848684638	-6.42830896252012	-22.1598073972997	14.6103616487217	-5.63420590920128	-10.9691181739202	-1.26397242455978	-4.14137189601894	15.47475416125	-8.5937333604906	-4.90969267262418	-25.5056584019598	-5.42675897127304	-6.92750031901682	3.26021625786399	18.0068279429196	-7.05226699758731	6.95399244933417	8.32099613466797	-5.97906190568061	7.80098394993959	27.1643184303487	37.1725056469214	116.586970458907	325.205974190918	595.95393956457	793.076006141974	781.052708456722	733.582544078199	666.435249816556	2157.28364279189	25633.4658179317	26640.902178999	6564.73739506399	594.491298803482	475.504491304715	439.226807308094	1190.84075657185	6016.85007098639	5261.37619925524	937.815972155503	593.77073280812	663.041587238464	694.877926299549	712.861708313851	666.798490728404	613.642016905976	518.203185881867	422.002395345814	428.457579716818	23.0800750122996
338.584	0.563575898853088	0.50286466711623	6.81414160432872	-4.70310047332258	2.94775107664395	4.74576943422352	-4.08804911862158	4.69008829405216	6.05291987911148	1.47561237701369	-10.182951678912	1.94856674659383	4.08186982467929	-13.1206875470976	5.80082608334095	7.2953097958805	8.13153444762828	10.6933559097775	9.38109581108172	13.8755529517801	28.811409103315	23.4016221318661	27.4686807602675	19.1039653622224	96.5074265501134	270.309744082355	552.20824521263	768.130173230286	757.737697183328	704.581649175987	663.468968392282	1527.92150520882	24072.4307052469	25535.2604349147	8810.87014457646	524.779624304314	475.907458496029	386.264835696002	644.821731400797	4229.53000516039	6261.85517909232	1380.40632558093	495.591030798464	575.556971179837	652.622927383052	657.705875660332	664.166164139527	551.201829486953	517.5165509244	464.679841882718	553.198504004726	511.091639403556	1174.3389908871
343.133	22.5223559131586	3.51682352030782	5.44631247601877	0.854324735473476	-1.10439259978137	14.2242475898399	1.02107472821588	1.56192860088808	6.55131444810709	-15.6271423446931	-2.62544780999995	5.45098179564636	-14.6812510351719	-11.1224919065496	-1.54546790598174	14.9608462070971	-4.87444495024444	7.26481146432195	-8.43524098654417	24.7550430325363	26.3455737421389	42.6343993089585	32.0173958278942	106.085097751224	257.678443376454	499.614280414721	720.243501990119	707.338080253125	707.056808153337	655.278011485812	1186.67010143979	19451.569578255	24994.3919524814	10656.0050477447	549.325179456257	440.500122852276	391.564254811583	397.985918545978	2531.81406808762	6183.50424059209	2242.30967330076	466.086031961178	422.837718927266	537.198125323636	569.290044945784	570.672822403122	565.304900564734	495.453929894853	413.633442260029	448.880929407769	185.860697922594	389.930126918221	759.169336119701
347.685	-7.34991865439706	-5.54920251953232	25.9765528618881	8.5784403377565	5.54471012795485	23.1246026910584	12.0470509870644	15.9076797955538	4.04818577173231	16.5797157231841	14.8289797021287	4.69151702169287	12.2847740501401	11.9660462232912	15.1303843644225	23.1115012217682	11.0126805722061	24.8879298825776	28.7038517772324	13.9199305020109	58.7868921829821	55.2387446496604	92.3143841873274	237.111963341634	470.128746874172	710.805266312562	726.86304527672	695.269374571469	679.611579352571	988.768166621511	15449.8009444182	24834.0321009726	13112.1392207075	563.131113736098	390.459557668822	405.417658813336	336.057078135942	1427.23349454206	5463.3459763386	3201.67273451899	494.718047458272	382.613127661267	420.913063059214	498.047765843559	553.833386267889	605.122482360231	620.536493733727	473.226854905198	463.94066860627	558.781769137373	304.495592612241	633.916079237717	692.996956409915
352.24	5.73171937879297	2.55713486265647	5.5441331061677	6.08768418842756	-10.118056283868	-5.51608676742896	4.93721717035545	2.49854350710082	2.05199443056313	-4.80236068242281	3.67482939250901	-6.73793335328527	-0.830274411075318	-11.3222617823905	4.32637119233473	26.9445996960937	24.3964721201788	3.48013833336072	8.58674543884931	19.1517459219358	37.248282981457	61.6002145357509	197.417167001573	436.932196108414	662.195527963753	726.851522079752	675.990054009596	628.08724616162	836.29594814328	12515.1569176307	25203.9939447126	15914.6854221917	629.41035605034	369.646404581018	364.295576797035	331.633214479278	717.571289196494	4153.26475616191	4259.46626925073	667.421568321506	312.919880496152	312.054694584435	362.782286054714	475.816519021366	513.342008653491	453.167849303368	498.633875578593	490.294111890515	405.38480254971	341.142549394577	413.250276659188	689.908434437089	772.804694571125
356.799	-4.05691612924385	13.9624124505841	-12.1461550378249	-3.07776310108782	15.1567604953725	7.66914337565796	2.89024317821177	6.6604764774647	-7.7807330503821	-3.94540158122544	4.72917735957355	4.4084258936944	1.67905421312276	15.9460395751231	12.7260651197159	26.4551676302145	31.3580718515653	19.3540681798279	12.0589407565063	34.1438623966627	67.291911167385	185.916350302366	405.825558026896	653.336137892973	689.944080732479	645.241226622127	615.711872512297	747.575959114282	9695.12148146347	25760.8249837008	18654.2895067257	830.165951359481	335.696489192101	328.779361965423	306.307345319611	433.575299886686	2706.60775021161	4778.54749439959	1237.73154959767	246.572009062883	255.126676670073	280.925510461997	366.073492219883	446.50620176007	427.821263021951	483.809979575388	447.029564585091	442.450704976861	341.962832531919	455.706218275474	478.268453481786	907.831545263578	899.813445377652
361.361	17.5078736113772	23.9534839617931	10.3490935288625	22.5798724023421	17.1701096713561	4.56332801448562	0	6.01304989613655	16.9756642079104	11.6130318542858	11.5651332737374	30.2667842895018	25.3612197164622	22.2329017652949	18.4211251573633	11.9280960738522	30.7344259799233	41.6352908118806	70.4289662344151	49.2632700505302	189.628448167762	345.437858742228	625.777895755539	700.211847318463	665.946777848085	629.801883599255	691.635130651727	7664.92202166796	26235.7977311818	20719.2841243505	1114.08143174644	307.592688558051	334.720383173176	301.433799389086	302.720610364018	1605.18307556606	4540.95583553914	2027.04824629563	297.562349702759	233.58017974323	272.645142010693	260.333448888409	382.247679718284	405.177112740907	449.176213461377	449.137750660283	389.631887759987	484.896438053791	506.254727314602	490.746648326224	542.432955118688	721.700633137193	1406.80872131426
365.926	-2.34151082502343	10.9686753564977	5.66219611670706	-1.77637776785837	9.56807552103156	5.28145549468479	0	-2.31977300433325	0.785884466093096	-11.648490445671	-0.341189576889316	-2.02394661469524	11.4473953201063	11.5633707685108	17.2723252574054	14.7562372201171	4.64535556992242	20.4369278174999	17.052002451946	120.960589936985	315.997975636818	557.152474557281	638.625610024823	606.365101150584	574.305339227471	623.216806685512	6178.59168802697	26278.9973348883	23341.2053985581	1445.01769975461	277.625350992818	272.379005598281	259.70173262862	254.792848936457	831.051432919529	3733.56921420968	2798.83446409185	413.238395603687	199.716209769586	187.080608682498	212.845169744502	258.386831845209	326.472019598981	354.847717916352	351.222414205652	339.72819119989	350.851180624536	303.312590423821	299.64804137398	316.443257417316	203.397828039782	540.515161440604	1387.18717329523
370.495	-12.7737077348906	-35.7472052986066	10.2963775296269	-22.9053428768768	-1.89807210230359	4.19084624153904	-6.84402130172917	-0.460186211273468	0	-9.42553175247704	-0.338418324597712	2.00750746451605	-7.99014449848647	-18.0234203670805	-5.17945208974046	1.97788949733491	5.86424934690221	8.81344889914813	76.8356168435622	228.724224499291	495.050459534154	598.009652327614	576.367706455981	516.30466382836	580.495078208401	4876.46106558636	26160.346333612	24995.1499141856	1974.92323021914	271.027846700218	256.224813629869	259.979375459235	229.566303220829	432.578115019657	2681.27767072447	3435.68989368579	688.770365563604	175.886047440066	125.860860499914	179.707417553625	224.898450030045	239.292896174306	265.83388081612	350.231709434247	325.009606492032	285.690946554302	359.748338168587	323.991217080172	256.375610129608	377.281690174802	60.5237294933837	382.946372977297	474.455168832468
375.067	19.0945491737501	25.8145276561118	14.9249515660041	1.75587914135368	7.18782471050822	15.3134954025967	12.0669360489171	8.94271494964163	12.6879897880298	6.36303975322763	14.1646007004689	10.4030739873843	22.2115096308179	6.53139114359367	5.95570121143898	11.8264513486393	22.9587509396488	79.486915563067	196.965399234077	433.99462991184	624.702992989626	578.518444724107	562.161097127898	548.28023583932	4077.15761293125	26383.1169674169	26060.2496991535	2612.90839707423	270.507645265081	251.24078946	251.688518713565	241.621934966337	303.117131319814	1786.05504522173	3742.16484990661	1274.21677567033	230.910125139002	189.757491376974	179.960824947649	193.088672346663	255.338613950659	278.439047364766	276.925639320662	321.379531602982	344.132992785993	374.742122153244	335.096096800261	345.937494354828	302.973215802536	527.638422890824	613.204652099949	562.899879434035	1111.12832645947
379.641	1.11479501735913	12.9311479497678	11.2323988119794	11.4174191961034	0.364429420614105	9.72275199423973	-2.27431828486292	5.96400637510988	7.98208361457566	4.37830644141102	15.9191795101577	11.9486705588315	19.3781805843216	9.04446953996979	9.1795721249763	26.9625583296418	57.1009673581235	159.487986145981	368.810532735337	516.58939882139	522.09651273925	521.444902142443	518.447338398276	3232.28314765671	26139.3894975154	25403.1722680823	3114.48091363817	245.518240763505	202.721415052945	223.468163638567	222.120992363327	222.978917109449	1006.56258091847	3358.1838286389	2011.31050361429	322.949854159341	187.243644128457	180.306337032619	182.815423770391	220.284745511891	236.349829343395	240.162773380426	302.914719821105	316.248463597137	316.883998492078	339.898577757877	359.45424880277	305.904319319914	257.010578791328	404.80059062609	571.343343204521	716.874778068183	569.34554170498
384.219	-11.0630471533817	20.2361240918317	9.36335620851519	17.6251660576724	13.7428489057657	15.6375536451809	7.27254598406791	6.35699803628189	3.71310557806671	3.76563301275115	10.3170211971661	8.79762556184228	13.2210347213005	17.1706875464012	25.8107042198655	33.5407291877277	118.918967540781	277.083269859541	479.715388607892	514.114213175954	474.98347170572	478.29149528307	2606.19496037216	25040.3769813322	25972.5749182369	4011.00885582557	217.195047066116	194.918694991402	196.821279168791	219.415346744841	182.397495962152	545.825739105029	2700.24047815084	2640.4045185683	523.812443626892	192.382203590022	166.257846049265	177.450249060413	192.892373995109	195.184868135626	239.921153233303	266.182462115771	254.69150079216	328.706009665442	336.72544607407	326.841664752709	302.159975525671	274.743443563981	319.897209919559	208.409893557366	533.356862945419	465.155990869757	949.215782300794
388.801	-2.13887264838338	-0.477115630974532	-8.62030067252707	9.7358827819997	0.699203089249735	0.96487793953482	-7.75744355184608	-1.69521284340059	-3.35007278191665	12.6004867459298	-1.86997483707491	0.739516385693662	14.7168637853988	-9.05370664184717	34.8573778595143	72.4962825609997	204.837541485232	357.132363872009	407.208835889792	422.692442173856	430.891531929266	1901.21617903838	22466.880811292	26464.0201523254	4637.06766118058	224.604331483084	149.311191114865	180.380450441269	166.527163982968	155.289824059446	283.610938555572	1829.46235987399	2984.50191786018	830.11548391995	230.198477948883	153.202596701313	159.366620550651	174.403500208085	206.118422394055	180.054813360999	195.579059376508	239.781988592792	250.364915185912	300.187486746998	268.447125151895	270.974425526384	274.510771961908	267.226851520137	279.984315327547	335.77414281538	246.178967696186	529.005102093615	1048.66570460274
393.385	8.18653174023001	21.0008323713795	4.94912811564363	1.16450238216382	-7.35954653035309	-6.46287042661688	0.927862598379668	2.23039593068122	8.01399898153422	-0.803805724212305	10.1395448621096	15.9215502253882	16.6762815645737	22.7410628236052	68.1126646517993	166.278490020249	292.34471496154	315.324414011559	373.891547048519	394.115875259827	1549.92779461521	19420.3467008934	26104.4917186606	5512.59155969959	216.172903311803	149.104136987566	161.236109629564	165.272323870432	163.008732981238	168.888504368305	1080.13590097466	2865.54202280624	1329.65309059267	238.294929421236	165.878395908836	151.889407958507	142.155305496768	163.68179944178	198.193932769346	192.40756018893	215.299139350283	231.837551002439	239.56783102054	281.130257503639	282.8257680039	274.35095351761	276.905867520664	224.328038907912	233.921315781732	307.324458961319	391.122482347983	261.532301707892	0
397.972	-7.42919598343477	7.07081131563202	-8.38373097650669	-3.38167778777725	-3.23816491906642	5.95808560349345	8.0834502027023	3.33663567682442	8.20074960120254	3.37166005779506	6.92821528972411	16.4393508258499	10.7616422093721	40.5320702425953	137.642246710677	231.816859986983	270.480857015466	320.642575413805	323.999444599654	1047.81843402106	17566.0290586349	25300.685526336	6502.89390338758	243.24350736298	126.29256255576	143.971291651998	131.899238745606	142.600232557154	118.431687238118	603.761800677142	2440.33512350893	1848.51428996487	311.840721932856	144.436320128269	166.916582170013	161.611813289837	173.048491859673	186.324536219732	203.052518001968	198.731614940456	216.422943190811	219.197301952526	260.806206031714	289.13929516106	252.113133558005	261.40302191227	212.930510480571	208.0360878953	199.338758903069	186.605362598336	374.300105879922	922.810812593625	-789.198144517517
402.562	-20.4757982701668	5.52350114424315	2.68681589922876	-3.25127762510382	-0.311329872580109	-6.01475397956683	-1.94293649683886	-8.49169157684471	-3.40952312585247	-3.49100358566708	-13.5996597643672	4.60991897685035	31.7297720469559	104.47755889528	204.220143699292	230.339521849138	272.074391353798	279.72736094181	728.432068866843	13554.8647720984	25848.3449277747	7379.86881357094	258.007517339686	126.12881574984	92.2242200273823	125.269778809815	110.747828631507	108.45338987021	296.253204387665	1779.89214519181	2216.94546545951	539.052019023012	143.316731276883	133.685146865424	120.629372325863	142.873744469661	156.753883762326	162.11931465736	197.466591294883	192.508580948495	190.095497303845	225.24056075799	250.749313025615	216.846307025283	211.571920549284	185.23815264858	201.107040724773	201.474008850951	215.841199029755	234.012668658619	413.639998369476	31.4062477814574	739.310502084721
407.156	8.97218494272128	-9.26970698520947	3.80637961701019	-8.95620001716548	-13.5845638661214	1.70420585613818	1.07043014425961	0.935672643382733	1.05661285882884	9.14947580001028	-3.57805939217527	42.1237664787884	74.2183146343838	186.561869168692	221.315327838539	219.093480045669	239.491464236318	530.429820955603	10740.4784637618	25990.6521645532	8486.61269780678	297.968045769788	130.040446982441	99.3936253312454	114.056483780946	116.334805416329	102.369217190762	167.752853801743	1144.72841541672	2369.50360806888	898.484413183542	165.706118108988	132.068574151117	129.832563437472	133.867103038134	149.577537229924	166.184327394003	172.585903712358	202.499790875311	186.146428041269	216.027078366369	233.318897317365	223.55213004411	264.396491751064	234.592909379711	219.443749907972	218.541602619132	179.528687651362	182.676961708901	311.99990349127	467.627032243804	443.816195902497	906.803872967001
411.752	18.5774915886261	10.7745499633276	-13.1027546625366	8.80858703703649	-6.98398544062944	7.26317681578637	4.42170828183473	-2.94480387722087	10.8076605771998	17.0245246509675	27.0699004550821	90.2456488963421	170.882477692839	197.903858573203	202.051702132291	223.709394049106	379.953312117579	8098.84533662132	24157.0288462395	10278.9831224484	360.574630269935	125.163716378642	100.733165724347	97.0232035039922	114.95501330406	87.7537700240897	122.351970877926	665.939506045192	2156.62641283345	1338.59431914728	237.210936133003	120.927455479122	112.748776870027	136.452630123563	143.916407006904	168.55072108753	163.054317441997	185.096981970989	193.909628583956	213.513459881257	215.473197800286	236.542502515102	233.119916418282	230.914454881137	232.351264488165	212.897176528755	210.241540787399	219.288248003926	219.59195308144	311.929656303879	508.332372730994	490.106802978967	910.833953637339
416.352	-1.37133218259604	8.56523765542865	21.0021498149209	3.46785214554499	14.6442084057659	15.1220367726299	16.7861130105559	7.7893134498747	7.77331525502639	23.4583446032013	64.2093144074423	154.885357889325	195.666119688039	195.426871131138	208.587957879302	297.103326127976	5973.12906233433	21727.9369118573	11113.5771563185	497.199826619706	130.309892534143	100.114519544802	86.5189965429679	94.7719498731013	98.1016135202008	90.0235340073062	364.546804444893	1716.17691019361	1740.69345867874	362.962060562209	121.544936076202	96.5632406321647	120.379898902879	128.994389276977	146.471034054227	174.259160337068	180.109421937827	169.92298983167	214.976271041541	202.310893056288	215.526447159928	237.092593802877	234.185413357081	257.301648145004	208.695865839834	225.878867665364	241.605111013461	238.252732269087	303.650712102624	371.90511814543	635.318551834691	504.986642909547	840.436333711488
420.954	-16.5711344338009	22.3788235949874	16.6064128675858	14.2704926473236	6.14919433658682	11.0448687670905	9.949249153005	4.61459058894417	16.434846043536	42.919186220002	120.340280262837	162.59331661421	171.598278500477	186.104147746112	239.098189178148	4489.71727735682	20271.7877794074	11541.5214107128	599.760312440577	113.418228494256	99.7341096574779	72.2003130744739	84.0420496620495	94.2680301250392	77.0284560070086	197.887995434308	1186.30047926238	1895.11089165583	613.389560087928	136.729426550648	101.177194829465	114.727440272674	103.63984808214	118.2637663894	129.327444047876	161.111908209278	165.532853851574	173.691130900242	207.252880302574	195.059720129907	217.933893476572	205.555656237514	218.413608011205	212.646109230906	186.457303261693	205.30207379265	114.395860102835	212.838294199275	199.507550680476	298.356030495891	396.826648786746	487.391697452529	1134.52246074735
425.56	18.8936164029094	12.1536588398186	16.2919081393522	7.33345241194468	0.861819467502597	7.92855566420317	8.36641953832226	15.6710630909546	37.7527974480365	100.549044429793	137.780732855061	165.286889877272	166.757226420712	227.526999253157	3350.00888697635	17994.7385647063	11621.8851785337	780.673886550895	114.096519247887	83.0663166673422	71.1948074478213	85.5003540297255	84.9488950736411	73.4319655415709	112.69732257374	721.639722185317	1849.51740613106	959.505982513251	158.22879350289	91.8127212575264	96.1783845391046	90.6604544089926	118.519247615303	124.311426744325	133.834908770075	147.91959041038	164.987355899818	181.787922265274	198.772564872877	190.479581004031	202.90284029752	233.043872429033	221.685644630325	214.523164674513	230.579035350732	165.381145311013	176.677880263329	243.833160472867	281.575234953842	357.484634608497	492.36422472616	673.772469184978	1310.51015455974
430.168	4.31041633363218	7.69215319233991	1.04233652754685	-14.0613440488216	3.09999013786697	4.14825446410204	11.9204531445642	30.4052468475991	66.7415963042129	121.211375062325	125.114642472238	144.561893621069	186.692616258407	2406.00064544755	16185.2502448625	11885.927386359	954.34676628913	93.8907303289737	66.0097679802242	79.2146232938546	75.0715447314037	66.3291448095426	74.5818174817898	73.7363452006589	413.218812370674	1513.91456877762	1222.79591402439	228.4517893161	95.0475287711314	59.8424680779385	72.5782859679469	85.6110016437096	94.2385483001243	110.380849219805	127.068347251454	126.242541341954	123.386402673869	157.921213778773	153.5605241555	169.044931787161	161.843843309213	171.084933811918	188.963207309425	180.844516190893	159.847926032572	182.180379887326	185.313286730609	153.300920960642	232.435401734685	275.37819865101	340.730298089177	376.685379628109	1003.84108792153
434.779	-20.2093637053279	-9.20798775499214	-4.8523296833722	14.0269224778763	-8.43382225671609	1.03452492849252	20.8584613936732	56.5720839602496	102.561239824466	109.20597312725	122.5527942593	162.345514840368	1841.49014528953	14773.4831794005	12928.0696557756	1177.0704039957	88.4076283260025	72.1221486091145	49.3861341611296	57.8476962614026	49.1800298915504	69.6676613973632	63.5711853312837	228.802733617005	1147.87828008971	1443.96312931553	383.657536499225	97.6242406161219	62.7994503902603	65.4828311086986	84.4673869866649	84.1943422167669	86.987789155289	106.679431810216	121.246102859354	123.195820090238	136.840845091467	129.101549929248	158.452868476131	151.291156381905	169.334467283465	158.080127752928	168.423642888439	157.931839375784	136.139854467597	152.801568675728	132.663982468951	154.243971381447	225.145644276702	213.658732433354	317.485466060443	205.606317477619	87.8406778702999
439.393	4.27125390421473	-2.66779305850021	-8.95150832100729	5.18459134691337	3.90959555060546	5.65202737231762	53.6387771256382	93.6030136757159	97.1002554168618	111.610693590255	136.923393773881	1346.83099240861	13473.4930338253	14296.1064489738	1552.79282716632	87.3000252163951	63.168323087546	49.2743129527369	55.4563332259981	51.453605374109	53.664052550052	47.6430251742984	128.378191137708	792.619041424369	1520.64000074508	644.699359531203	97.1924375507492	55.9822182451725	58.1005017891108	66.8623856517154	72.2185355360448	85.432707845921	92.7759620321626	105.969601390456	98.5412845579222	126.7952285217	133.413096497031	127.860851603374	148.944914379763	161.049849918014	170.05111126511	157.028284098208	169.518908334078	144.126430996154	141.958340867293	126.63706239461	136.101951250815	161.07496852701	252.020753180906	235.559831945759	371.027012918047	119.725865428436	-244.317354274629
444.01	-14.7805147956208	-7.53616192361484	-0.340399567111843	-2.56301213483683	15.7378274411671	37.0851943027194	81.5595508651161	89.5333036769401	88.4440538777804	111.676750050586	855.826605659536	11159.2982647824	15064.7157923928	2092.0525170449	91.5703285215394	57.5425677176766	37.1681927744934	39.4228691346449	56.5872456840533	43.074412307948	35.8597838155745	71.1729940265932	494.333037340228	1385.56290002359	904.414194927391	148.229280432374	63.9619645971177	56.5596544114815	49.8857325316732	51.7489836890836	69.6250667489332	81.2074740516324	100.421100020502	90.3739652939574	102.522406530377	111.246972315259	116.973256286294	126.793850393076	134.526171498274	146.458065080635	135.324267474428	137.949003497381	138.026790201401	102.775340658984	141.832144685	126.982501962018	108.933160883213	161.844924406599	217.820833946352	255.958153334749	425.529473967794	132.299679453325	120.778727166202
448.63	10.7776501895723	12.5755897789817	7.01677439640819	26.4161292536216	35.2324216829724	76.0460676908812	88.1388315062544	94.7841806745088	112.786101701497	638.838189673824	9310.58449257425	14970.8686892101	2669.96621545391	98.5532334449708	69.9732452397699	51.9644439296092	43.3619531586163	51.2814079959572	63.8254120890737	60.8705270561084	72.9133158150398	270.675207203351	1120.98208007835	1128.03916063085	251.077961951764	68.9845080263028	64.5696292376661	68.2845098110551	47.1866073620368	77.221936775451	67.7614830814623	82.6214854153246	97.983651557612	104.948435416458	104.072592497782	103.590295957866	129.826348202212	128.163462306929	153.145898052607	148.776407308046	163.245537985003	150.93987041837	160.216902565843	137.398981825742	136.320292740217	148.178769215466	175.067538084772	155.052267300176	323.955009706342	414.215454572362	586.932936451842	457.940667820795	1456.53216306329
453.253	-16.800756262402	-11.7002101513801	14.8636329238038	32.6417499003296	61.6199324542364	72.956312092413	78.2115298039544	91.5869064814542	475.314696887658	7409.54304820696	14176.2662292919	3428.93383988293	94.6765438626408	45.0982629150767	30.6490943475188	34.33901327933	36.9526072134654	23.947341117082	32.7406555731977	24.8618774135524	148.416208100629	797.381672873251	1225.63992069128	418.974512935607	67.4125096823348	44.3707323039304	34.1209242843858	38.7402599280981	50.4596594312608	61.5339849870012	56.0603535128165	73.0470386617476	83.7714655873769	80.2617352025773	80.9445606187075	100.120276482707	106.258787732909	115.709616470097	128.218775369988	149.550158822901	142.805592790069	118.024706707735	121.177266993696	116.246096925825	131.890866887453	125.801018311361	149.226476410306	170.864341789054	134.501841289235	174.527573465704	259.84716077803	121.61892337697	-117.196301643999
457.878	-14.2039988634277	14.1223152178181	27.1511456733181	69.5809225989959	73.2318615291923	77.1357761803392	88.6815618028322	353.170346850097	6249.25905817602	13397.459096243	3384.63191239105	115.619921626739	59.0806656877342	47.5270560456793	32.3032893298391	47.279885984137	39.2317319319353	48.6655092417721	30.7365515208023	70.655769437667	537.311349242308	1204.71029827859	651.094195719136	112.932760483375	54.6245572484913	30.0820971682242	43.4056911754595	44.4710762339809	52.0075636181303	63.8160272783714	69.1870963100995	74.6221570771873	73.1703196537109	82.1384671119047	94.2398758016118	107.230753661521	104.893874116743	112.782150259176	118.186978597217	147.70089260007	140.992553357992	131.142818968547	146.854790981416	118.76226186624	134.880171861972	130.563066452976	105.710524322394	141.845313275531	260.070086219973	232.678554358487	444.184368260545	327.885596629301	298.459895033645
462.506	4.42698655554493	8.97747565272095	46.7138318307004	68.3915892039112	70.2546681255953	88.8398402593954	312.730360690233	5239.14240760014	11346.380371468	4118.24495655789	137.693422816226	56.7725701249271	32.938263499023	30.9479764014675	35.0723940837773	28.5158671564216	26.1305244002654	29.0175488312149	16.0778480090645	266.471244067576	1001.86964657617	894.54365364595	236.694531016902	45.685740024362	22.2699928644228	30.7093179142511	29.4668364658361	36.0304059587631	46.1005804967138	37.0589470751084	52.2352277256726	71.4594981875756	60.2776932901518	59.5587385990791	65.2372103881169	78.4730066046505	71.1547633232752	118.317453165009	96.721776487695	105.086908380785	115.503428049998	95.6542793203414	98.1329148334969	81.7211050589937	109.822680972441	65.1617244850734	68.1912636307515	114.753521384397	141.534396172082	188.98983349241	304.147962645841	33.1794511008457	197.318432256878
467.137	4.3705572928217	57.0779961677851	66.2951810432793	73.8498089532467	84.9454834718499	284.869907641034	5476.69514048123	9909.04678836495	4431.62645585828	176.020953077898	58.8216802282045	42.860931067436	37.6983347304685	28.0307277765039	45.8035973018241	40.0630098281451	29.8103839690988	38.2974144108166	151.454009140652	720.048880870928	986.344969666597	322.847960956948	474.455632329157	55.1263774553296	38.3271638281817	37.5364190019163	46.488931035603	44.9619195269653	65.4248690474871	55.7241597390141	81.1172777625503	71.6640220799872	76.4314457408734	81.5699834033012	86.5731818076723	89.1727029714573	110.723879012699	94.0865195354116	115.710075839736	109.355369670202	129.892621080844	116.764467261225	101.004688957842	91.3575949108182	105.642737300962	115.294753499083	100.480676471863	208.308886707708	237.54152070337	327.601252176387	276.111350821605	858.220932506229	1590.89347468145
471.771	20.5038455481899	42.2193879933308	43.5431685097863	59.5284005443967	196.958053687355	4954.46317637736	11249.5051820354	4975.39984640176	195.511816028037	39.8509941161134	30.1066788860013	21.5403095170476	11.7090745989408	18.0815466389272	15.1518680142189	27.9384972739699	13.9385679384356	59.2541495306274	422.030764089451	957.27835706918	469.438588140393	68.0598853277023	24.6636212544962	27.042938766719	21.2293801910516	25.7893170280985	25.1906751796391	29.3703378224508	40.9327453649004	41.615244657419	46.7514331754795	48.4277118687565	56.5382027215616	57.4947038618038	68.0783254184942	72.8045720072733	73.0337876956033	81.7442775353487	82.8715396200868	88.6482516239213	91.0423524250171	80.3293170292716	69.5524156367119	73.0017830281314	71.7327106843778	63.0132524659914	93.7342371764702	100.340815282388	164.861681405943	226.071465911837	181.534004865404	169.03981194221	1031.05740187344
476.407	56.1331872755613	70.4009357616668	76.5713869985417	197.440550206658	3562.22656777468	12201.0931095655	4952.68357020558	243.915295423628	50.064489973027	37.2059255267819	31.8022642531699	26.8727263492523	25.8721068027206	25.7547213052165	25.5890076269396	24.0693243874096	38.2302846425355	239.232848295378	804.019241308747	674.792554580714	134.691108164092	45.0636278416098	25.5098433215104	31.563597077118	34.0497944420172	31.3791881743401	35.2217963079617	36.2674482260308	64.0751166413525	54.497168966126	47.9191559023575	71.627688452741	70.4957340856208	58.0916401246565	66.5897810817371	73.4159152559513	71.384937217981	77.1691546216799	78.4310613709517	107.643027124664	101.223018814571	75.3737913609509	92.1517466982459	52.1619088620538	104.370839828552	132.89109108956	108.205311742685	120.351420306159	276.096015499438	274.358302944663	538.754478137599	491.904654614181	5629.39436038612
481.047	57.4385999074975	57.8753070238137	168.503053572861	3775.65947472588	12551.6078164819	5534.58634187086	279.181369874279	50.9438449598052	32.3488994578696	20.4614488861873	34.3892761434589	17.5627588112521	18.6782930165137	16.5397142463839	26.0078479966143	18.900904373142	115.292197386694	572.058362864047	786.671727807775	237.756533640663	36.5654010521139	43.5843377745755	23.8057524499027	25.258236010937	18.9920877138291	20.7288268598313	34.4992334252422	42.2578193571867	37.7651463869441	42.3459759970092	49.0699694464863	60.3299706934197	64.3477175046338	57.5416557244807	57.7409581022605	52.2437668176596	62.5042109785514	89.0356816105917	80.6490380383378	93.7555100893938	84.3168213098519	87.8376255628271	88.1814204852463	100.344774607152	88.1714830989059	67.3731245573463	109.685168553273	81.4634836696881	250.400001770256	354.175953502364	325.842616658737	843.998123362827	17561.0341692703
485.688	58.7111298459623	133.760123908688	2986.18892390751	12276.973955922	6832.38895082295	401.637627211444	46.3141178731208	34.2792068185796	20.3183501106159	15.16738711589	32.3949340493635	12.991619322897	20.9781717583839	27.3372368056767	15.8462814097321	50.3997879079659	356.069163029612	758.702775344762	383.421803253965	60.2291984018442	22.3837676857693	24.5382325635347	23.2105899104784	4.0112080243587	23.707569814966	28.1598104456646	32.8725098355169	34.2005140844164	33.6264730750013	27.7244784334974	45.5841134921544	57.9609583113625	53.0665919786237	48.8379506654448	60.7907922695287	64.4819577431004	72.8266978738275	69.601668757143	64.5558782699535	73.3965179392364	73.058878555883	79.7390900732403	67.5184014809344	81.8157694448309	65.7282905304	80.656910171599	97.9947459447844	109.203894388404	195.768637274418	401.801451728625	459.000426063791	4401.46475448875	27250.1979707715
490.333	151.295540833949	2852.77812175643	11807.987580613	6670.60675737597	498.433055430381	49.980531624508	40.5151434326034	31.842121570593	25.959827966829	22.1672822760021	29.9274487569587	20.327920658868	31.2275740409539	10.784342488231	34.4266660400505	218.972915865699	651.495464059124	540.82194178846	113.524404099648	31.0185282880458	37.3586852470581	18.8284343812205	35.6607920932148	25.9549838882135	26.0856504489194	30.7629466574308	32.9186872951686	49.40775443281	44.6176652994469	54.1386772429028	59.947567199148	64.0941906060371	50.3588784739748	53.7403429420742	68.8551055820396	81.105603767078	62.6991409058139	70.3999381782532	76.0982395800656	76.2657360329152	90.5003619704984	94.0774490291746	79.3057640408228	62.6184633060813	90.5033551806232	101.374858519586	111.018476655523	150.216068543253	303.255008850618	361.701243093672	694.574975145016	14147.1272486824	21138.9614605402
494.979	2233.05804427844	11592.1020381194	7521.44332140362	570.149984717299	58.1534680418744	41.4801396249779	29.3108902560643	20.1861742962252	21.56789386005	19.9032025075628	15.0731793678597	16.7990961009408	18.7306146280053	25.7083701741533	114.808859695064	473.045372199364	609.735664146168	187.949006332134	37.8294918543566	26.8742165927567	39.0444464907442	22.9698006138919	14.6417614179423	17.9156266138923	28.1284258362713	35.3092419260556	31.7832000636043	37.0440882912649	49.6530024456154	44.6849664992129	36.5619408746822	58.8489951078854	43.3894958935826	56.2815890901776	47.8583557374095	47.400577517657	63.0091887382063	64.0751809813709	66.8418553264217	70.3160863355109	58.7643415929804	86.248599624087	80.8052932952568	77.2244974139972	87.7330544612545	85.6882000903443	130.801794988327	164.584706382249	266.412484262046	370.145037587782	3260.74626249846	22218.6263543984	6579.82084903894
499.629	11134.1401223983	7650.92009269089	599.702115308193	40.5274663432645	24.2193085445852	21.3430905315563	16.9708920390285	14.2163093849525	17.6243201145385	9.1886585563571	16.8182585173866	14.2908633692172	13.8386124000084	46.4907629321365	301.015198022968	589.76694464542	284.963522693205	47.9431254583861	23.6910195439122	13.0290628609754	10.4739741185067	7.9369402346677	17.4215405523594	15.6769855328367	23.0350765019662	22.3862924053189	19.5932098799987	8.37827491312649	30.9872902197065	44.1920263397161	33.9224849651206	40.228235621573	32.6610683021515	38.4705541043761	57.0338726259449	45.308665758398	55.1528773765089	33.4501721577415	37.8525828219224	50.319119200248	54.2721663113414	47.0240250705488	65.7467684354827	52.3976779459621	32.7403177456449	56.5750757756194	52.2641648091296	123.138683750003	323.020107547611	364.091307950319	10852.5645070983	17996.0131020633	223.043029525829
504.281	8722.43577754489	739.760618704192	37.1267963904702	26.9475035369421	24.7547262244476	5.39997822892064	21.2355220631985	17.7887379701166	13.6249168313875	7.56292132730307	8.87283018577161	8.367438903563	20.3552865529894	187.531980050776	535.422914374548	406.082943800404	87.5766791831197	34.957598827204	-5.52278416424113	9.9535004252693	1.35287618715417	-6.99172021319185	18.707861109267	19.693396008851	11.0916057161135	26.664361774894	21.8549799265516	25.4403453690271	28.5042127786542	30.6898786020772	29.0281993820502	37.2563939718849	41.00703345931	39.3597736447311	29.42926326685	43.4915325820588	42.064634674137	50.9246717934403	43.7777577497448	49.190510817001	44.2206380375947	49.357663145059	57.2081312216752	49.5378000818244	32.0913338924758	65.6620290945373	85.8807159582213	177.119858413579	280.646595448357	2250.74543243118	17974.0494176716	6584.11328373532	191.377168334548
508.936	945.596164904541	50.5892570909306	24.415679884389	21.5064513492834	11.42530119162	17.5183898511346	25.5280974528817	24.7766122479241	9.03673093372212	7.32080956845336	27.16111281266	17.9917914921482	96.4734022593077	396.155117743728	499.103582836711	139.958775533709	30.5367864971397	20.0418242803979	1.93922923815004	3.41465311899933	22.5445522575544	12.0147214688478	19.5583658411403	-2.14292726586954	11.9059329813298	19.4724761591885	26.2030842612873	14.1847124797143	22.2416814848641	29.432335134545	28.3345501495819	44.1515214845123	31.1489800977087	39.4397885760789	46.8455263857543	38.6327336404632	39.5604545239281	43.3764640542044	56.3632495330258	49.7214506598412	43.9940308563226	48.6500580110058	31.2276826909532	53.342623128121	51.6264489847789	71.0415315159972	135.526505607521	235.74336687064	393.016215870972	8276.17682694042	15321.5960336849	1101.33352202974	491.857527952944
513.593	47.487237926178	35.1374855082433	25.829581739505	22.8457573777017	29.5328981319396	21.1319404167096	12.6022475115631	13.6166763989933	20.0415385672452	6.46951388447469	21.1523794509058	47.2539301275237	270.398956027232	498.167905895729	221.474764863984	36.5615268648791	25.6241650945548	10.2556087317793	26.6698795455617	17.6528567655235	7.69413336025606	25.7756143166315	22.580753718127	13.3914353466613	28.2924602425874	27.7761690304879	15.7966311387156	22.121033314862	24.5998635665244	34.1834598255215	37.6498148388673	40.3721603753937	27.6790909860266	33.0486414601433	31.727781085247	33.1844209610293	58.1827166201695	36.2241742492044	30.5646657421542	39.7013526363979	41.6552281739242	36.6142097716751	46.0681696360983	72.0545840956306	77.6643235374085	69.8162592707089	170.863093363332	205.962711914659	1573.47582887051	14331.0308807205	6274.73988249246	623.851967150372	993.763954428271
518.252	18.8238921995385	18.8527516235024	18.2697599719454	9.32615189648621	13.5629922676406	13.8640713335839	16.8938561376914	12.1790284674994	11.3464121204079	9.85733008446173	25.0778873052742	150.622300357757	429.603074857375	326.851811303483	60.62997044785	18.5827259177692	16.9057047575622	4.66503525790299	21.4219653857242	-5.40471981997655	2.99582148914827	10.9472431766244	0	2.42273541682772	28.4394623573905	12.2837615374827	20.4062352939211	17.3339492605706	21.1775134234938	34.2861008189595	32.8813336366088	9.43637767420989	21.815339958416	37.901121525087	37.0735966598735	30.2682443853914	23.6105102593333	34.6714590168372	30.7751968141843	24.7871533987991	31.9155102128717	41.38033693629	16.4425290791353	57.3578879771026	36.9596595150903	54.122079629602	139.898886179216	138.983392801539	6298.72714653777	13185.9734502154	971.083281356295	411.727977099929	973.141354805822
522.914	1.52768566669261	12.268041114297	23.3967259349567	9.85126697578801	-0.749106688302383	4.82413546040036	5.54073910538317	10.2918213017108	7.00743600948419	13.7998058376563	80.8053683556059	316.390693739477	418.799954551688	116.937548052423	19.3933084895721	6.24486393063116	9.36791686068234	8.11621689984847	13.3504057922864	-8.39564132743977	3.30928436763219	1.55477443498592	7.75618502276676	17.4624292776964	17.7067372300001	14.9876356170927	18.6423539133236	5.19722163962277	22.4211951378322	17.0431068891144	25.7229925381522	26.2678187730405	21.417055152358	27.4289392803459	23.0359116210999	26.4442926918763	21.5435853251398	36.8582884911792	37.7947848956653	23.1024796543977	16.8948985675632	29.0656619011175	33.1886927819813	29.0819814509436	64.1353059481311	117.250092654269	155.502833280044	1042.15321870907	11568.8914389254	6318.89464397606	238.867272267859	258.191264294819	1498.01491667545
527.579	-11.8384499668367	5.45194971115395	1.23129076869819	0.869147655777883	2.49678735679782	9.87706226559096	0.173131806043875	1.05935251205694	6.1522917368241	27.5970149083625	204.3315394872	396.639490854777	199.422957191922	30.9828404609679	9.95778899365527	7.80534546200151	4.95901877331846	-5.50691471803061	-10.8064545122078	-12.7601741371789	1.65448650335988	-0.932776890476914	-4.03283673829089	-0.903144118379298	-3.14122231939069	8.04815812502198	6.57903526186822	6.01726938212612	10.1159288651287	22.1810043640982	16.3432803390226	15.0087698917713	10.0298289001555	22.9938157720352	10.3651849077187	25.530018259122	14.1466950371623	18.0861619622578	16.9160738861579	28.4903774116929	25.5459794268833	17.884878275556	29.2231140168203	19.3861634747638	68.8053643683501	96.3608720014426	137.138663049916	4697.44418449219	11203.6977026874	1103.09596112768	195.720042758868	239.276705600341	2449.64805971913
532.245	17.5772912552155	17.7294870347982	17.2484322556589	17.973181752136	18.737160980339	16.318440522754	9.35473711254052	9.53990342796084	27.3599545270526	125.061607685747	355.679316028939	284.050430417856	63.9311969166873	26.9577945116353	22.8117993787283	10.1530482489639	15.9886652172892	19.7208046378812	19.3997045506208	3.02396306401117	16.5548098540042	13.6889509660471	26.3843975634681	18.9774266229155	16.5727641991068	25.2697452152188	15.6346007785111	13.9575090442518	18.6026118110658	20.2996984448328	26.0041161816125	26.8174846304488	33.3624457002684	31.3236502926057	33.7070995095055	23.72069504379	34.4228687409706	39.2671475712495	21.6079682981097	38.1384154592032	42.0525183034596	37.1334292491102	37.6659600395138	64.4692124935161	120.314659864745	165.51892761628	731.523722783528	9372.41821254721	5623.13360098651	290.023634597091	335.247565113983	1386.11886089832	2857.03854347944
536.915	25.8168539186931	12.3774085097367	21.7417269704982	14.0316554278915	14.6118402523114	13.4425820215701	11.3549592912472	13.1321633873689	68.457382971642	255.857198812935	346.765104573549	121.23633006772	22.0476519329585	23.6503737569141	6.34579341764654	5.7754911291264	3.61378212243502	12.2828572859095	-2.88630477332533	11.1810428009244	11.6857511635392	12.8628067653841	1.25205280431618	17.3143433069912	12.6780958664164	7.28060075012612	11.6170438396165	22.354098385624	20.6900086170917	25.6560961182781	28.6556738831297	12.7101388697792	28.1724353229547	28.2325232413373	21.7886931177626	10.1200147317409	25.3041808681499	36.4982277436377	34.8632856254113	37.2934946149956	28.270607873578	26.61787458556	34.4841032759626	70.764172175345	122.673802664249	152.325527276509	3638.65806791265	9783.15319550839	1183.46394057593	227.235794655249	368.189450655281	1759.91607670281	1479.88258852384
541.586	-10.1323182573897	17.0384570575527	4.39775461714273	10.3476725762001	0.76437264550949	2.57842406919473	14.3108096036964	41.2340551587785	172.303337758429	347.128011770539	186.255413227904	28.5649987874547	27.9432815941119	-0.274932268682295	6.15048670595495	7.96515909890079	16.3062300942079	13.0139685196387	7.13558064671164	7.88139630658915	-6.07810299306323	8.24958680293767	-0.316569896250622	16.8966581724093	4.07977629795548	11.0449927486969	3.35687016245282	15.9094056267752	15.0660750994073	18.4945804171974	16.1310906719858	22.4271067391217	29.599058936459	27.9879104120001	23.5053577581133	21.4004672416003	16.4049399401969	34.1270655910434	41.5032861205371	33.0025953229591	37.8421413385886	17.7947925664817	51.5557344458947	99.4973214638008	139.746603353656	472.821932779869	7642.85630589749	5385.06050929437	255.828382756462	229.817821390459	724.434941042848	2242.5626072138	700.582110569951
546.26	10.9820130324813	1.39985361816606	5.37452797461713	3.86817786090648	5.64150544361706	-0.235912042256156	19.3818010631754	106.469154806282	284.692512041721	242.767906136666	45.4921619494872	5.42433857224446	-0.852220381041326	3.32043826947068	5.38269897259123	-5.07709453518096	-8.77153731723672	1.48838583614182	-12.7309172108807	4.82827296133997	1.69923718349562	6.06737584676879	-1.91165410213745	4.9470529654212	4.69263468505053	6.84069958712202	0.281541063390178	1.9663715763493	4.49277634550875	16.391177027173	3.57720246891247	4.67947108250597	6.4033967404086	10.812032087573	5.91419068804582	10.613082265981	10.2365776005669	7.36004746319269	8.13233331527668	17.3984249195126	12.6952979386523	22.9607873246483	41.7137378492763	92.5253666541022	112.517402201881	2692.73388332714	8521.30401916347	1188.08748986579	116.477350914817	188.465156219756	1117.50096869121	1545.6298596743	0
550.936	-10.2741999625286	2.82074198240569	6.37047982432771	3.89724023500605	0	14.7364387150585	69.1521489936869	218.296489300999	289.307196319406	94.9811063834796	10.8251045784079	15.0290048838406	8.58623278844814	13.9391057053179	0	3.23067772790404	7.98220349748251	0.299913673797084	3.61774968722466	-1.38987106200927	7.19041631113092	14.7998008579016	4.49403904121665	9.34541463456036	2.95493210246254	6.03058320920627	3.12021969892772	9.05666427066945	-5.37525609657207	12.0358655386969	8.31710466504623	8.87459550246448	20.7570215823039	23.2198543244045	15.1944941458689	22.3291249974687	25.2846778137682	20.4804764846844	15.2695799060204	23.5049867708127	8.10076411787933	27.2972895094121	84.5668086951277	103.250584549974	332.484701865489	6194.53398525137	5012.68727787766	189.00218253342	148.234696359598	295.610398162664	1568.70401176876	781.879068463133	80.7263957418048
555.615	-6.33176058729761	-19.773850164011	-3.8278351979172	-17.1126992360315	3.36353740853079	25.9452098279892	160.751939877407	280.088494171052	147.342861563723	14.506158391759	-4.15180152786739	-7.11493145767179	-1.71973880521112	-10.0507216255601	-19.2800885755725	-19.9514262861067	-4.85337134928786	-16.8195406309195	-33.5950922382489	-3.4797204700662	-3.08607934033441	-13.2102711923285	-13.8231524412636	-3.43162514791711	-15.6838692249823	6.32692282229363	-3.12474808757193	-3.96804110831052	2.26655041242533	3.92434105604484	12.7714021509214	-9.16520884347098	-3.08998121262801	-3.15788996812469	-4.1770910539924	5.03921833358858	12.3275108210964	-5.30436204071253	-6.34047785737603	-11.9690337264578	1.28092433568297	28.2635809723427	73.9108720393961	106.945590268276	1984.65087826382	7419.26508793554	1294.02135995224	97.0648626854101	54.1223338650318	633.135399417947	1340.66184846013	-182.703223036144	-1002.46007352898
560.296	-16.295143488843	-24.1147050533477	-3.84435124984461	-9.34706333419332	14.8114506300696	104.467681456664	256.402905778557	216.721539860068	35.9274979278729	11.0306238338047	4.63301711672681	4.94697490775906	9.78723435201601	-5.04704385707179	5.45444417862223	-0.812331534384836	-1.43362126662788	-7.23947670192321	4.63098667635807	-2.09684070183916	-9.9869391884449	0.647183895847301	-12.5913726874274	-0.62662393870569	-1.18879553132213	-3.17711087363289	6.84704839146851	9.67825083863764	1.99178870765812	1.12607814402932	-7.80743918027076	1.95252361582934	7.33510493972931	2.01823706723706	11.3867381316465	8.54037197311987	4.01536236531429	10.2993478699776	19.4780843509558	3.20551381388464	12.4356946481604	40.4842812334803	104.127881686425	267.627463884242	4911.0793142308	4743.54522280133	185.944988700861	140.13277672627	155.302447975036	1095.94859365514	939.060077150259	-170.384998638276	-698.254398606622
564.979	32.0838322405211	2.14707002893611	14.5470940476707	25.2530303956243	63.4541488660924	216.861335723156	250.728802402827	95.8347189523302	22.9724592980808	19.7412194388285	15.1938971829525	23.5726303343707	11.3283744279557	11.0344603397994	8.25588582181658	9.83640668448284	1.44662628630995	4.870099488579	9.34599285532178	20.8059771360889	31.9701116067228	9.14276706578102	23.1306979715668	14.5430914682117	11.9957962726343	19.2355912037884	18.4244294125336	25.8512997718957	13.7818773519941	14.2036662812597	19.9770264519269	23.6428299695377	15.6573258709756	32.0028562591559	27.8179729994051	26.4918954470827	35.1154917807194	20.0688124208251	40.4434870751181	35.9848411544768	50.194017584206	111.754766398	129.520027700805	1678.41422648497	6515.13802159889	1466.50030634445	136.920487272835	174.603180017401	532.818304189385	1559.1960171327	445.919393456534	204.994221233853	671.817014843843
569.664	2.82785868053382	-12.9765986418315	-3.58195256531802	42.2939169210456	143.419399280105	252.951103612966	125.456724337288	16.9697263505254	13.0164762375053	5.92335233345964	-4.473761624737	-9.2186318625946	-0.877783989193117	10.2601191483502	7.7618253619081	9.08262383234445	-1.74864242425007	-3.37267076532901	22.1908920752299	-3.19699551538005	1.75020831077934	0.328914512649949	0.984498494204765	1.27386178016273	-6.34383380984788	3.22936921434886	4.92976715309208	13.3094809321304	12.7257454583631	-0.572300155065282	8.21928247415063	1.41759962477177	-2.00731880593354	3.22368169544576	6.09159556669873	12.5390016464193	7.14246503028204	4.69289039750001	13.3258914979737	13.0329573483122	45.3305220775859	101.692979125113	203.297818992064	4216.75888547069	4363.63633446573	212.366493909611	90.9260000931461	89.1784076840899	806.648873091395	1038.97486836318	-31.5829223672554	-13.3221197369495	-346.616992131388
574.351	4.88928305878484	14.905498356514	9.52421993644291	110.967944800608	225.096660084751	178.656018037075	45.2557461302301	14.2087514915725	8.02265067813776	14.2951464902822	5.46199562076204	6.19839838352622	1.47550497210344	10.3480061182345	8.94664256231738	11.1035448682444	7.34842120378533	5.56619017927812	7.7994312526784	11.4644643616173	19.4172042750067	9.28849475545344	6.61954394753899	-0.963580147387615	13.405698620625	11.5476575262176	12.5762225377646	17.8007128453952	25.0861075348795	19.0476795517656	19.7237401233071	11.72388945017	11.568647211157	18.3254830082978	15.3594386387181	23.0229501819312	16.8085086000726	21.8450268132125	24.1920711216538	37.3799452248094	73.4138711802193	115.921250287108	1223.3655931356	5617.98582453691	1449.66217935558	122.514163335126	111.282303818748	266.0793023942	1235.46266330423	627.389890581484	35.3927310592506	60.4630594914561	249.704337416866
579.04	3.69997109491282	20.9088134053868	58.6538563410328	188.066868510825	242.712408245402	87.5357124258582	5.40502279634403	9.9379079189196	12.5102504957516	0.21528099619894	-9.58463082997511	8.24416527683112	9.52823672015806	5.80064194478265	-1.41049645721295	-5.60174768224365	-10.9735625628873	0.312016400624884	1.36863290326592	1.44595796720568	-3.20596226620215	10.0415429587013	3.67352200997135	1.94450796437878	9.22252660602345	5.07890508360309	1.77061808357739	2.64997609193575	0	8.15357478400042	9.22958228916298	17.0228297828564	4.0854745425483	5.36819314083074	5.26921776377282	13.0874339631272	2.07671183542394	1.10208343165647	19.3728891034728	44.7623533064317	82.5023815843014	147.770262728524	3391.73996765809	3886.04602335687	197.760904990949	103.734542055998	118.522032606906	540.730253755008	1044.17465515911	148.157701095486	-39.2824573927003	-108.457472479614	285.545707183016
583.732	19.0322382098014	38.7632374492472	150.743276544324	233.21689345323	130.384954147277	24.6373171717407	15.5687532556977	10.6574842936409	11.8498616062629	7.36649371598861	25.3210032424759	1.43052320649742	17.9800138342065	8.17297754277941	17.0345026026548	7.61085631287497	19.6999927674675	0	12.3966887510812	8.73138483607545	13.6230924813329	15.158908126811	17.1410076385129	15.6558237872943	9.90044810392705	22.5506284723076	9.50385572045057	23.7064019941147	13.6257607245424	4.68906465922265	4.64438551411486	18.0031145825285	19.9709901251255	7.80378304428913	16.5329101955444	14.1592150807628	20.9002965968648	17.0069823738898	31.1954019845489	78.8364701307926	99.5484759472202	847.740496612815	4945.56405050255	1348.54540379131	119.417480049122	111.35977092647	166.367149313107	927.29296496538	679.024262533882	131.034151218049	176.107663134791	61.3985644840544	794.512589575664
588.426	33.2698286091973	90.9128704767882	204.483323203476	172.263147657879	40.5130791334328	7.7544045983199	2.63956476568624	0.494414436023188	8.18869177271895	0.871104867627659	0.484786088752696	-0.287576535053609	-5.42175414055373	-6.16126817835296	-7.99033120378204	1.13333498064899	1.80012193978397	-2.52506268702724	12.8065887688589	-7.67926627379005	-5.4052017766479	-9.48073444007662	-8.44568198794901	-3.93409168207724	-2.48784548572312	0.302221898947767	11.9409365631179	5.06352691110434	3.87056907516399	14.4341383059242	11.0871626650233	4.66986668239039	11.2176742498285	-2.11182741041287	12.8554071921515	12.908146144508	7.35273708726614	1.48647621604369	52.5211154645637	98.1092074664776	99.1632083720768	2660.99213582274	3615.52299209615	165.787446452616	80.0212234269263	104.062406309171	326.032345341226	918.037936177694	294.132571970978	-52.22914132504	-39.7377618686042	-89.1430734993049	-356.821293813244
593.121	56.005792828906	164.089025984524	186.303393439595	65.952406274395	6.83150777867173	-0.502787339910932	0.947418510834753	2.48444119546624	5.0500210291046	-3.50185376642817	1.21802929094658	-2.89015424502338	5.14616623153607	6.78181952622205	-8.03031083306169	3.98651968131177	-6.03042950503187	-4.44096947074545	-10.0878197261414	0.367509023305525	-6.88084583081899	-17.3548834452485	5.77179917639172	-2.63585060887	-3.12536677852756	8.80828792814492	1.50008538122802	-1.19737935823631	3.59070966551225	4.73677045869926	9.9697281045062	4.98655938726654	3.85682696336304	1.81919480634668	5.04184555452208	12.3074637541777	0.703764429887346	16.8065302625076	54.3595438650807	79.2171719272122	546.097280431065	4238.27407818314	1383.40758634348	81.1243645373688	100.161459340513	79.975298498302	588.737587736436	731.697909763828	94.7240184765882	-31.95072079657	-68.9813823739267	-82.697631643187	-307.377128120545
597.819	95.4495650278692	165.457095124542	93.8848136183956	-4.46596475510224	-2.74913776461284	-4.55246681131795	-15.8223103586546	-9.99789700267913	-12.231021351042	-7.48646650860081	-13.234313950458	-27.9133653230318	-12.7909889845241	-13.0524192201388	-19.9087210094204	-12.6048737036509	-10.617108091619	-13.0843922130887	-31.8464224805889	-19.2261043652377	-15.3023264261493	-9.58582512315572	-13.6628791524908	-4.64064969242763	-19.1800957843603	-20.1677470390936	-11.7714652977163	-11.745089429628	-13.5466373187211	-12.2114197247039	-3.24501738373538	-12.3942801929589	-15.5206566399021	-7.6258438982064	-14.2659932519997	-22.4213412837508	-24.7807988366863	-18.4111778521107	41.610790058846	63.1637197986255	2049.25454223957	3482.61928083107	166.882522081595	30.7626667518548	41.1896449685295	160.918438843244	731.60211505953	321.007366291189	13.144438914848	-64.2881015393721	-178.975802165552	-429.856462899473	-944.890925598333
602.519	175.446076558556	153.521096118548	45.432061490866	24.7555855905193	9.42042820135837	5.86269555763363	10.1826988401087	-4.36642474075804	3.03434231443215	4.88220344676628	6.91609464125483	9.67052672639609	8.59425210134356	1.19589638220402	13.0858520808095	-1.44361388165848	16.2035169315357	10.9356307460608	5.64331725061312	16.3959222969386	16.5240274788992	23.1175335332067	17.2126391099577	19.710515613662	22.4995850419601	9.23910553073754	10.6470473900439	10.0161514782454	-3.94418761776866	18.9111558925985	11.8926751706249	15.7631537724901	30.9841221003447	24.2867955420113	23.3242444144149	16.1891201813433	21.4073907207595	45.8211607621693	71.4932297147091	396.483053336229	3639.60377408019	1566.42912553291	64.8584638801918	91.7468423751346	120.090944157754	387.63135801636	783.428044875874	172.807471408076	110.948667662741	118.015206027681	301.86121313897	300.466079251961	917.677495389047
607.221	177.884815040387	87.3735009410259	21.7146872300057	9.40768360689889	2.23657744151528	6.68721183331589	1.7447442093789	2.3723725657176	2.87037128155617	8.95685224169476	9.47084478756664	-2.06983847739018	-2.7873711037793	8.44683125928784	-1.17368542302876	14.5664350230045	3.70183357500641	16.8760378330838	6.76192439120886	20.6798836426234	10.0039010007248	7.65934445078043	7.29455796935559	-5.39346894748503	18.8655902605621	0.310749829748007	17.1890310520706	15.925479378189	16.8375589369555	10.6010234692309	0	8.40286720689173	30.3531799808046	0.930607624768157	8.0598499875684	16.6755557292515	34.5609717288415	74.8926183070993	88.6618508294226	1655.85836572284	3373.95152615412	264.345740367671	37.7134089373324	90.021130583273	111.450940961697	568.262438199996	537.452827909391	149.457582157649	80.2030256633886	100.401100869693	122.577180325736	35.2532552171474	244.593253475858
611.924	98.4315626149463	20.416162400366	12.1796570549203	5.24033045631343	3.66936819458755	-0.519344713405714	-3.91447242941246	-3.07950808990856	1.54557751447068	3.39110052665954	3.01953699854961	7.76185902711725	6.25368880872757	-8.22344018798788	-8.29475833439646	2.35302881361204	3.73741114908615	6.22550712299324	3.23380036395299	11.3883457218573	-1.12222738563636	9.84194509681932	-2.10418985463961	9.52928285247256	0.96848662548047	0.627472767073171	6.19793976941407	1.54601307123037	8.03607116558006	-0.61159472928893	4.84613782517454	6.05973247484778	-7.35477558168384	-7.20322821654873	9.43928142852814	-5.15382279306838	45.4337633344307	60.181294871344	266.914359277259	3115.91232105509	1636.81278723083	61.6669134239627	47.5948311075097	67.6812913070705	196.347242214532	662.687408754216	270.763195650454	90.0069406659618	57.3564705157927	11.7867483199757	33.7514304065695	149.486681928335	-35.2777128264197
616.63	68.0987111248544	-1.5580198792296	22.8715255577708	15.8962502289245	23.1178648313261	15.7540322851589	3.36439458702576	10.7254443787309	15.0420244524221	6.17202861223455	13.7393956653855	12.0744443812642	20.5510676413018	22.4816092557373	17.972633483334	30.6329797827459	21.4147645967922	14.5776853215943	16.3492551358258	19.1921731736128	32.5291578814847	26.3008259743379	20.212651536957	17.8945298151483	20.8913790138984	23.1580777404539	24.1280843421417	9.69213851572517	23.7519231653138	13.2958759716345	25.7258555107026	17.7691318754498	13.9439385071575	19.9505397272723	20.7346279690625	38.2160388042752	76.4445968589026	87.7675971992283	1267.16618990849	3108.8396191663	335.816122845402	72.5764107547653	52.0886921158903	106.238444359542	377.218660034319	611.328790412744	143.514593076387	115.101318912728	127.93209927143	171.621330135582	83.4232520794745	518.239444550747	838.268301894096
621.338	2.63972511257766	18.4503250161623	3.90092519042414	-9.34554524138754	-8.91697511790656	2.38164018740186	4.58753087247321	-4.0100021108952	1.37818260756389	-4.37734651554173	-4.87214978413315	4.86766079243647	0.31865019732056	-2.1726798411149	9.35869558472038	2.6976629587038	4.76089727419087	6.01037486312989	-2.19699904186861	18.5690012914496	-16.392152449306	2.86563461574673	5.71822941958218	-4.16189724744232	0.986964538053077	-4.79583315919328	3.15809563109135	3.46612134887315	-0.314976640915392	-5.60937099417349	0.617324758820505	0	8.74428162013704	-4.46822768595457	7.62915948413363	19.2578958351959	60.7463890825572	173.766926598032	2525.60029387358	1634.9185370554	59.8102638333678	65.9341286964936	21.1130273063494	88.0221670486268	511.007716393752	303.436362500826	71.2075175076771	99.817509161283	34.3828140411945	60.0581479635895	160.511770497792	145.084535666091	-179.753910003781
626.047	11.9931024454597	-5.15240319666974	-6.80281817285601	4.38076837071938	2.32330471389133	14.1602146173046	-3.82617729750347	-6.51296605892386	6.36090674881857	-6.74552334748487	2.07117761188008	0.307157164223481	-2.89545638106209	-4.07381565518701	-0.914397873733196	7.5656372378079	-0.961344690688064	-4.38260906168854	9.98165849018184	10.9361804109396	0.76976444987599	7.95634916882625	1.44331760802009	4.55212087577484	4.65016812824205	3.55079678433078	5.73928917913007	9.54404895886332	5.72415226786449	16.6754612148676	1.24653367872392	3.11739405128567	7.88254464410792	8.0557799358763	16.4098746409196	50.9059986388909	61.3311055245491	978.412741613347	2822.44243954774	351.088961741691	51.2801487616678	33.8044585446184	13.2506428065982	218.19434046301	478.630551484971	116.751943432689	33.6998099524065	89.8833540031021	36.4494553411538	4.85089917737554	-65.5944117718537	153.805104408188	-127.038896180917
630.758	8.53015447323999	18.42722064446	25.3319614195656	0.681196565852193	7.04470714786649	-0.270040859609717	9.97339650353449	11.2086460729415	4.21913926645494	-0.235100291477433	9.420313857028	1.55226608702805	0.650339344196308	2.53386529429548	7.39368101947384	8.56444159300581	6.47773815324421	11.9259487877425	20.1775400626263	-2.36861459364507	19.0616043173175	2.92426452640192	1.82350701586595	7.07841375190694	10.0715749718608	-0.652527236836459	12.8908367790341	3.53703701407616	9.32120772333318	9.54022803160419	14.8039428208552	12.2883005538836	7.64844570108454	8.1422251899185	29.1100633299367	73.6053200598565	131.160159323395	2185.63577515324	1638.35197823507	60.6514833403387	43.1112902737862	33.1159099206207	65.2172751152641	365.995496955608	374.605025353081	90.6276782595575	42.0091057432947	49.553387750089	77.1898044172478	83.350207482456	159.895887103762	162.858207571595	586.981164582701
635.471	2.26202194828251	-18.5687791660316	2.18799106194065	-12.3557317292927	-5.0283342491755	-18.2317266055085	0	2.33066295937959	1.82209321481047	-9.9500662687466	-11.3384801087029	-14.7033920790832	2.9490087269602	-11.8091537092059	-15.8322689860679	2.46578111943806	-18.2770009886199	-4.80702572911492	-15.4376727489321	-4.77362073938782	-14.8960280698655	-12.8919386037129	-16.1701342649541	-15.6921387956489	-3.38298171520219	-2.30138990466688	-5.19594584628161	0.648037936363804	-14.2511653876196	-5.12720873626198	-6.34794349010053	0.317505120185684	-3.85360065760976	11.1584926869221	31.0391347695082	52.5676250097756	692.833175314229	2527.85777609731	402.501377285809	30.102604950794	23.917765834861	16.9499974306091	97.4038739362667	395.825920708133	165.396007347348	46.6132319972773	27.4584785449519	-22.1929148987116	-7.07116173280196	-91.4014335954481	-98.2464711121664	22.3785395094677	-517.554076726917
640.186	-18.5832671394968	12.5371440697727	-18.6327034669593	3.78242266913695	-4.44506258099647	-2.18099357979152	-3.90423117133115	-1.61655332182032	-5.47650197608419	7.12048114302682	-0.264178694716449	13.4771958322953	13.4594963225068	2.87786862156011	-0.311017185390882	0.308799038184732	0.980956086438289	14.7920467135575	4.90402560566046	5.97818468703981	-3.14187046350346	12.9160474456725	10.6775189411738	2.50114521540148	8.13433951579191	12.1872379564944	0.650707829313484	-10.0633721075145	0	1.92629886795168	7.63177751500981	2.54479101871065	-4.5042750256892	21.7011103198648	39.9820887755741	80.4417975075382	1733.60486045418	1583.22004798608	54.2513438585442	23.7615567584958	28.3637681214901	25.4725426967269	230.444109843283	372.203718140428	72.9420501776552	60.0433740718315	67.628326803955	11.1172086138766	86.7837200240564	-9.89971467848688	27.5604557198998	-149.46925979821	18.5186407019523
644.903	0	-12.2713528469701	5.17330398422433	0.347785634301617	-6.5939183914981	7.16922176423459	-7.06634939116768	-3.27004927132558	-5.12877633112717	-9.84251780436115	-8.0159188363595	-4.75506665251521	-18.9257924690656	0.970250724373095	-4.40399369888006	-1.87396491567309	-9.92164839959566	-4.17518118310849	-12.2093803036311	-19.3487793723413	-5.56109853969032	4.85220572669992	-17.8750743300675	-6.86639423322015	-3.08523201577466	-6.99611803275197	3.94885829196717	-2.95500767816987	-1.96922174871711	10.3909837050227	-14.1514650241335	-8.68680688607305	-0.976230530553768	25.2746923473693	46.3146815380865	492.543892702142	2245.12594843743	441.189918454608	-7.34496900403147	25.881762056252	20.2793511731611	49.9169770136282	291.94114267936	197.12639145608	32.076309571571	-23.1350289687324	38.2582267933293	-11.244237797874	-57.3226721365694	-22.5288727723792	-127.430268800395	30.2354297560893	-56.1907238529899
649.621	0.464918578726495	4.14835209957043	9.74356153811053	2.11625165672029	0	0.559284886995191	-1.26465440803637	4.05330135493217	3.12082511098855	0.243459527090695	7.58742671802673	-7.07281750441136	3.36731418305587	18.6957115279859	8.29461863237537	-6.01822233451183	6.03725478920476	-6.35142256062677	2.32166372280699	7.76730497928916	4.83412885782643	4.16382971939907	19.2611058028969	0.366504706089859	-5.56249616263437	-7.43301374257022	5.00594396274105	-1.66490911241969	3.99419295216207	0.32931469236888	-1.63088429993709	2.28401454126108	13.5306733401919	42.1586524148096	70.8059371066478	1410.48503787275	1545.33702930655	58.9932934890721	31.5484454457884	22.029675139214	28.5923253210443	124.653716685884	324.41468799656	111.759019242932	25.2110260111241	4.88802290143176	12.9332598795849	51.3153100388076	83.567748647265	30.4636979579083	201.928233937089	222.309782720327	246.939830703615
654.341	-8.49849714372926	-8.00427383738048	-7.23087262961051	3.2236753349576	-3.39555461482295	-1.70391162099796	-3.85288319513986	-3.9291466086817	-4.64829390141279	4.45032784291276	-11.8330761668051	-5.87672005278928	2.73568666057875	2.6647094117741	-16.5228886949046	0.321667625612637	-6.81223657106736	11.108436129102	-11.002688621876	-16.6061698037935	-8.59110441870687	-6.15053627638632	13.4236868194511	-2.97757197868438	9.88554231120248	1.71555634128581	-16.2677948988381	-8.79197815085654	1.01405561905156	-2.67543140339986	-4.63739307830996	10.2720055306483	13.7408037062862	50.3485268825502	334.609976421642	2006.54809993317	530.66452894419	30.7985226494601	14.6842623093854	-1.90398250049769	29.5457718997462	185.185629805323	196.56943608605	28.902358843011	28.0802176632241	20.8485208643506	27.4622351402613	-15.9231823195455	-12.9143227749444	20.6245313041839	-282.988547179071	163.482999471768	327.936261479929
659.063	4.76110548666721	-8.07160896696955	4.60528522178751	0	-5.29182084212831	-4.86836253924356	-3.23774598195935	-5.47160973096328	-7.8833498284597	-4.98640640857166	-13.8751403509324	-18.7661649581478	-18.6212273149961	-0.671781501339881	-6.86077650380767	3.89248345675559	-6.86954380987796	-11.5632358238821	-15.0578360382647	-1.25594006232036	-6.60066758106293	-18.9944734031263	-8.8954880189857	-4.50393074460546	-9.61267829606784	-18.6838734497512	-15.0375922112152	-15.003898058576	-13.6344834339503	-18.5483250881223	-6.34654919519741	6.34870763461569	32.4442461724138	48.6997489392956	1094.83594427343	1470.58501637473	52.510755314968	16.592422876259	1.79488389748692	-11.519997343569	48.8010457427793	254.194116692097	114.240702188407	31.9889600793431	19.1552385552139	-1.00113842379496	-57.7946261552263	42.3324453720351	-52.0918527428562	-12.9987706565081	-173.702966468079	274.763805622799	-213.979112158349
663.787	1.44859539394098	0.861696939185028	1.16765510635215	2.56426582564148	4.41979664815427	-10.1652971041885	-4.59715185971827	-1.72217652969363	-5.40215604759676	-2.78143171916785	-1.40719870339154	-6.01023177814391	5.24594632127667	-0.340656034367384	-5.96409460552243	-1.97385306915162	-3.13515092744695	-7.69602980094733	-24.5147147229014	-7.21796251018847	22.1749061276705	8.64911955006273	10.590677628675	-11.0389177434457	-8.6658252527555	-0.701812653791355	-2.7728964735161	-0.691670837845162	6.91395795804651	2.73621385679686	-2.71014219755596	25.7551071216164	41.1306660613964	241.348649509194	1721.98113800814	538.781343660021	22.3592741293402	16.8278196595155	10.0119135819172	25.8009114530118	110.969382169807	224.444620242073	32.5664575685873	6.48855752201026	27.8735131546118	50.7670789717468	65.9413786441907	23.6871812294655	-116.982663097613	10.5465474227325	92.2781049613946	-318.470721207388	374.843805655333
668.512	5.83892246839306	-8.24904690120478	0.392210255553437	-9.59762925667011	-3.49939168028808	7.02407097142491	0	4.04930107530307	-6.53241832522974	0.76440336433107	9.07530056891646	5.04702657663512	-4.93385334510551	-0.686549253635982	-1.00165667783726	2.9835388515788	0	-5.90871504251693	8.50436557317773	-1.71139913930898	6.74576985558465	2.37698306128025	-5.92893734435476	-0.767156752845392	-12.3709547909461	13.4369410722504	3.14348791562926	-0.696987649677512	6.9671049341345	-7.92708480256337	13.6548740904791	33.8073072131097	41.1014435288398	881.040452755891	1434.03099091819	77.8370217076939	-0.409657233974972	27.3923573591824	6.42019271450287	20.1126202031453	165.371145878591	144.703164009687	34.078977360193	20.3417961693827	31.4923530656037	24.5555140630161	3.69157022892683	31.328406994227	1.90132094128991	7.97071334171415	-33.8136139986156	168.482357999085	-437.366016935551
673.238	-4.89507164374465	0.436774989429317	17.3611788830858	-4.08498905142939	1.28016942682098	7.06637174690926	3.77269489247044	-2.13383605581318	12.9244578741249	6.66472559536454	-4.56497719027826	-5.07742107847748	-9.92713257684373	-0.690683831141697	5.37434087414893	8.67101876519632	1.76570909862019	0	16.2963448882503	-5.59554329226043	0.424149664352209	18.3332836639045	-2.38585717654528	10.4189863895805	-1.4641712807399	9.9605297570951	9.48725644321633	2.10355526972704	5.60725011630489	10.7486755044013	21.6359439668447	28.1706474075261	162.268635484537	1477.95405781965	599.358241429373	9.73952443056429	3.29699436791482	13.997369515263	37.3690999335925	79.9479625709675	216.541244590106	91.1274095650052	26.0306037313304	33.619920996386	35.9633606323754	40.1430148138311	87.8933097734676	55.5300841344983	116.67904250907	106.916200571316	34.0172483439815	121.069287440368	139.999983588464
677.967	3.94478182217678	11.4394477410213	-9.14172852540867	6.73355893529436	-4.83584828887591	5.93183666073371	2.68261258445667	-2.14948786685121	10.3712745337386	8.26290676129866	-0.862211542935548	6.81955234148969	1.07142307169644	5.21812527780029	10.1508037044081	7.05488634574532	9.96049979181203	12.3500450533323	-5.33516084455677	6.50375414577962	-2.56356496021429	-1.60589211836906	10.4145495007589	-8.16309686741329	1.47491106187305	16.1254138173256	12.7424613581684	8.47593987778236	13.0618778726817	4.19129715935721	34.5946743948583	46.0265650987881	703.538243037555	1328.54021957399	104.095615316998	16.8748587787846	20.342215326744	36.1313551425353	8.36515654347076	120.801578259217	183.016043860146	26.5572854213754	19.1864924759341	22.0868641720407	2.58765385465869	31.1057431939528	46.1395275316603	74.0792601445656	42.3896324744017	94.2378824571913	77.1002253686131	146.348805209716	765.574554266274
682.696	0	-4.89370212372734	11.2530863222646	-9.45638845207557	-3.58580962416718	0.299897139170953	-1.58229656882845	1.18551402999253	2.23124575543051	19.5820101819702	5.52152844347613	3.44777571367983	1.08336332377626	5.27627759208858	4.44770179957472	7.81288978283556	-6.11484081251453	7.56828943487057	-0.414970572110112	7.45306506875119	20.7370726233603	25.1687240723033	8.91051808852043	9.43322149307294	2.2370218531908	7.24672006455648	9.66335030583544	14.2839970513591	-5.71132681514416	22.9558669208257	28.3339681272719	117.923391194685	1274.11106684451	614.162970079765	16.1642662639102	18.2533532201324	22.2480100198559	27.1777417737374	40.8821714240184	174.92775135797	93.0657664981476	18.6805200539559	10.9935103371824	21.5885730914423	12.2102933215649	42.9849394149767	-10.0872907937989	-4.58600945426024	52.6034065133175	-51.7278240758905	-34.6486457023662	-180.864150009813	-305.568292505353
687.428	-22.5933376989409	-13.8876346632066	-11.7363583307049	-7.99882755266196	-0.984776195223032	8.15375824928907	-6.82861841493155	-0.198965231476185	2.4715069514623	1.5774986741841	7.90116662896942	-6.94369674853634	-9.09106214834551	3.54207800459057	0	-3.76268871369088	12.677278242558	-12.5748675846907	-0.835735863231046	-13.2442994067451	0.870077525499921	-9.40197495437147	-10.1962864508332	-11.4780610906117	-2.62808108300615	-2.55406104616327	-7.20801528298754	-4.31511873675938	2.87560189013992	25.9612109297084	45.0872861717071	559.906746097716	1240.2401170972	108.902756890828	21.1981182757704	-4.79499121841364	13.1038447645766	37.237744618758	73.8177909616955	160.963843413165	35.7527568121652	8.22979019591822	16.2798058129646	14.2429938011736	9.66078662885112	-20.0589320440156	10.1577211082104	-41.5622642287322	39.2375466153007	-41.12288850226	39.2518861499428	273.190438120799	-451.29596757648
692.16	-8.07679118055065	-25.6739349846779	-17.0897474711958	-19.5311676254924	-25.7431615445224	-10.6270592804327	-13.5025126836424	-12.2027585615319	-3.38853052526938	-3.43646636013864	-7.06138174395463	-21.6423009356226	-1.46246540471382	-18.1626531474767	-10.3916928148416	-19.6034023340946	-20.0295715573383	-14.9418743431693	-24.3678958092221	-6.65809498383311	-20.557807975932	-13.152012844555	-28.7045703881992	9.55064643539976	-22.6486834892798	-2.93477095618796	-9.05892583012172	-5.42317670673276	1.80700672910743	10.7269024808459	74.0186916427177	1057.87072401327	625.636045860033	4.39440341928968	-3.80592544072011	-8.83853412405816	-2.54999476110151	-9.92382162991744	107.045879911534	102.802476031557	3.81254195381632	-11.2296267423033	5.89254235852064	0.753700279644869	-57.3963339543243	-20.1678126900834	-11.4894648053217	-58.812551838193	-82.846111972495	-124.038315315425	-228.019693089606	-174.792116678837	-1051.86484463273
696.895	-1.52468262161593	-2.72087227483325	0.409661997670911	-2.3133886746404	-2.65825469622047	11.3106120475915	2.30410308685394	0.604211186726466	-4.09385043278821	5.32277445280566	-7.99800251530307	-5.97447828503881	-1.10429775262787	8.96372337163651	-1.39496836985799	10.0413919416525	8.06623693044181	-1.15718035179086	-4.652882058529	21.0037049476932	10.1285227218647	4.96549804869299	-2.88995030516429	13.6219652051588	0	6.27873957863088	-4.74263138547148	20.7480208458708	26.1976047428508	25.5594056067349	417.533510262228	1149.9452182514	127.708589619794	23.5959776083828	7.66354294113624	20.2239922420222	8.98559119130659	36.331688280004	150.881959488144	69.6835772466409	-12.611993868131	4.16532682946062	-6.59173177608178	27.3174716267735	4.44508556231661	-1.06867222389608	28.2760860095264	28.0477647123063	5.95776569322453	113.780156155165	-66.2215887222256	50.2797512834885	373.767549204227
701.63	5.63761380957472	9.14600305736335	2.06557098499599	7.776278249749	13.7383602763284	4.93229230655212	9.06172658818448	6.90543220330659	10.3208727181885	9.66173252946239	11.3513054582031	10.9864453838996	10.7648348928616	0.723140814398174	5.62689476914674	6.28510978197998	-3.32763163750409	20.6157959733916	17.9152589969554	27.9405005431036	15.9869351439385	16.6911401004522	24.9797465047466	14.9488235368174	-0.383244099772278	18.6225005143419	26.4882310985861	16.1509821862993	34.4906504145335	75.1462284259014	907.545136646363	662.186539883466	30.5591010376913	42.7563165149949	16.6154648796718	33.0389583303892	22.8690262268718	87.4728750810914	137.179603570647	54.2531888251094	17.1420220889868	40.8041558845727	33.9011276966387	30.6085271904478	12.5511233570757	54.9615711907605	42.771550567974	103.708446222214	168.223200880848	47.5746970881328	53.4237075531128	236.616128034387	1067.93225925255
706.367	-18.6713259506547	-2.77665946086473	20.0669505369012	3.54123158013248	13.9028847897749	3.11959953317903	-6.34863171419701	-4.11066388158473	3.48149030512137	-2.98755024207659	6.65050948803812	12.5525966597156	0.751293088569979	-9.51341076757907	13.5239149214018	-6.71373177493786	13.8440921696172	20.0754106043822	2.15831002359079	13.6815017388397	-5.39279586445621	0	6.3197232192925	1.63544259694709	12.4106771598951	-6.40747521100737	1.86148905652104	14.8585447185441	31.1905360974621	328.063810102012	1033.76099015977	149.238350286863	10.3083544290255	-1.88123248742572	8.21170536686837	22.7025185658809	23.1428955487772	110.302921089591	78.6986173165247	6.27461725348101	19.0260790265143	34.0058421869857	22.8714083840082	23.2313110091485	-0.907245003385252	-6.54350195374661	14.4279212333457	34.9834708692359	2.0266400877786	-39.6483545903803	-4.50529051632483	0	-211.906145618064
711.106	5.76539397097654	8.41797281614259	17.744063287853	26.2433576566145	-1.71338403574232	12.2949593815822	1.18809185630954	2.90786105983772	7.27108580170974	10.9785799366914	9.1646764219019	9.06085505698345	3.79614718433897	2.95812507370937	-10.070255958994	6.78465285028735	6.80610911939856	9.14925519378304	6.97955044699153	18.4347032580082	18.1658770707241	8.10799140084896	7.66377858219339	-10.7426717684513	8.62247265087749	19.0445915269236	16.5541468764361	37.9141481469495	58.5371799488144	739.165639351357	644.606182620053	11.4030734395395	19.7183615396078	25.0945866131793	20.548543880746	10.4283357033395	52.5112590810372	134.417433224758	43.9637649607555	27.4772320563809	22.6200736787224	17.1825328933766	20.3938345124122	39.1278615574396	45.8414381484854	46.2883735435366	33.1371177356487	69.099087931807	124.930969012243	88.7201917008245	173.009536330943	190.126502920846	-428.289268340426
715.845	16.9661583674499	11.8269362612852	13.6757451637592	23.32924537511	10.7459208977978	18.4964217112852	4.32662996314562	8.82454130359235	10.9142184274968	17.2137345027152	0	9.89897374678674	11.9042481161064	14.2137075666753	9.82298488689088	-0.722439127614936	14.5347388451932	13.6815107496525	31.3301915710258	27.0396700082612	13.78208322439	8.63350028895088	3.44554292267199	24.659723568908	30.1314457840433	16.9531954188245	35.3943800597269	35.3150732380262	263.049612459474	937.372751640751	198.260863487441	7.06986404333796	21.0756130538851	24.6157639176203	9.59370111003343	32.0690297592629	79.9016476497733	109.915494970767	38.4762581281413	25.6571320293842	44.6196192783581	31.0381902420116	39.1967199086831	13.4574341680556	38.9524477577304	90.3035624135899	44.2472104320155	43.8899268786693	33.1480121942617	95.537077355461	271.728812585863	402.137936154003	1343.0621807352
720.586	-15.9457033946322	-17.0735423834711	-26.9917137311726	-30.6460974573709	-23.9783847711471	-9.91083640610027	-15.4221921935475	-1.26381349595862	0.71358375198594	-9.18514970952879	-14.2508193637858	-27.1986292201929	-23.8682651880739	-20.2491327628164	-23.7072924406361	-21.0033295193122	-26.0748271179656	-10.8920039895104	-29.6393307415656	-25.2380642747093	-17.9616863764123	-21.2051759737771	-15.1120927523055	-18.8554800887526	-32.1943963153846	-7.33907593495492	-2.2892409206696	4.94890826488385	599.340848608869	579.045869468149	18.2723646229367	-12.3100634020422	11.6961457570324	-7.71173732559506	-14.4266777705755	4.65322231515075	73.837253979338	31.8225242699908	-3.00567655319504	-27.8650036262569	-3.4408948131518	-26.7598534425967	5.51510449549017	-48.4096637673405	-28.8227918781622	-21.235493293358	-16.1302868464693	-60.2964447734696	-128.771005062627	-171.237513022611	-235.473882248822	-464.495992322768	-1585.31722797996
725.329	25.2869419826375	12.0015453981085	22.1175039368276	2.04083370314531	12.3116115912862	1.61806008762945	0.487834106223792	2.55852115236376	4.33383358211637	12.3965547630807	7.52608766294577	12.6494091820993	8.96257965144242	1.51826886718348	4.43022592046423	-1.09965748473117	16.3018856597906	24.091956292169	18.3591882251765	17.5041099918774	6.06040826344621	14.4555882069517	9.17808104286676	9.33090545739291	7.644074223846	26.9781955547059	32.4410993867654	193.054444564582	830.844009295476	194.358185543666	9.43658180161911	10.1949744424681	15.6581684930847	8.97689398076431	22.3101529548514	38.5371553571477	93.764397093299	32.2114780886333	10.648448018978	18.9845292227403	31.9270551975081	35.2759996299369	23.7256818770741	61.8541700200348	34.8218710898256	15.8384550376893	89.8009244334568	47.8370078306074	27.3303866351557	123.387799146448	-107.492071256259	186.295096429674	395.677952392457
730.072	-19.4893405751066	0	-2.18188638083715	-12.3212581871838	-0.707901849751154	6.51254634199535	-1.47261630529565	-7.72336316453911	4.36082260754894	-0.850483263241863	3.78647825361835	1.87179170616783	7.44997787938732	8.78441250239001	4.08633062831769	-2.21301124240877	11.7167185297307	6.98497998995782	-2.70344200905253	11.4247246359195	-7.97450327508909	3.52620863967956	0.879546448114871	-5.54805363064843	10.9302790237614	8.65531102033748	28.3684317177412	514.915948798596	563.934326797052	32.9782268521555	15.5723711825038	5.69914657026325	9.22283708186579	0.392730336830835	-1.22449580878562	60.7508623409147	48.3136306908531	13.5453450432688	10.7147614177176	10.3700673880886	-4.6728554908408	2.53540582448278	-2.80863929193021	-3.23321391999758	35.9857174742277	-28.4590880305537	-20.5364002913022	44.8152644277245	-63.462893312881	-35.4731996720542	141.080191349838	-116.043727703446	265.428029235198
734.817	9.81367924430518	21.4047785934916	22.8523138859397	13.2357480528666	12.1195551253578	2.95139984628748	6.17935396292318	1.72845728992733	6.3435734570381	7.99405732059353	15.2531720212269	11.3102831852266	9.08225995363246	15.0007924513363	13.094037244972	19.6867011808732	7.86646197723429	23.5860823477245	19.9656380664068	26.8464729286403	35.430778311926	25.3021591864845	14.1724022959172	-0.42979564256253	19.1615242108565	9.50902412462533	168.676448150348	742.700114968275	215.0709960258	12.7440509662915	30.9827968226114	26.4017289327997	20.8983387728288	9.09676542694698	34.1176296427275	76.8017844188329	55.5410249805873	16.5643984202447	25.6920006697318	28.5822248332154	37.0593350788193	22.3419073541906	14.1426463444132	35.8172167380228	48.6386436207408	3.43927525438019	68.9394439368279	88.5936875133208	129.955049242675	50.6095818049509	184.703064979141	350.596548181739	623.718000078659
739.563	6.06682194772977	14.7634727980599	-3.55652637719442	2.92890822301225	25.2414913800573	9.28865392350566	4.75079045543803	7.64972670886883	0.740442076398689	5.48746846682244	12.5369746529332	11.4414927274629	-0.798923687459969	18.2875978629499	-7.19065311679278	13.5272273898746	2.78520202459063	14.6506943905364	16.9840575060818	-4.36466512955243	9.55781532599781	28.2899700405639	19.2650951770664	23.4782097370713	14.8471776530618	35.2709039033932	474.289167076306	577.510069721152	40.2753783883811	18.7518451128308	9.67352634692281	12.7733974892792	10.570389227641	12.403094818619	44.909035054053	64.5244912493078	32.0395804594461	-4.43556012286606	34.3068675543762	17.237075796863	32.7287164065872	28.4128035605656	23.606077882141	27.1745467010941	10.6123893327062	34.7917396640727	30.6852497633561	76.0936878968155	32.3268800827946	159.61323759642	-129.354776335369	-9.09394323324118	0
744.31	3.90199119649368	15.4187315957063	4.49319977188549	6.34334983734982	8.0178759616683	9.72327188828659	1.76900880876887	0.662702809097488	2.49453450992894	5.2542486693435	-7.79756607623153	6.1673855365052	1.61493473104207	17.3033886634082	11.4750787177027	4.17752113744024	6.03211485797365	24.5379252726199	4.17543683474934	-9.80297954154395	25.5990701224361	8.16928644584992	20.8295657599437	18.4561108384198	30.4287383331906	134.89561490924	670.225395707493	246.729083086507	17.9585658914784	4.3432530776868	26.9844507078892	20.7342360201185	8.30933352139471	29.1152516065551	67.2433949757952	25.2872609964839	12.2019926477718	2.49055218723062	1.57607930395612	19.6693325496722	28.2672670958428	26.7586962743863	-3.61492741345435	30.7942601004045	25.3520754305884	30.4752950769615	-29.6036974886736	63.2350001922722	23.9598943897914	66.9630766454426	4.84215164423791	349.265361635955	296.075512561029
749.058	29.845582922564	-7.03446286153843	9.98606433855768	-4.27211913583297	-2.20904139285326	-6.09681318705413	-4.08477264384387	-3.79369514689055	-5.29206003098889	-12.0903236101815	-3.9386284969317	-3.50460902949555	-6.11789745368951	-0.397277928061794	2.70488253387093	-11.893334005313	-3.25000688595892	-14.531308195237	-4.68678854222104	10.8934823045208	-14.6381275116934	-6.87731361313293	0.457444421027627	6.65883278559269	5.47419657495049	383.859583609507	512.151718290327	22.9891374133448	-5.64420949761235	-1.99438227657722	10.2719711298856	3.95210176604593	-11.9917924124094	13.8893818873236	58.1655939586206	31.8200776361244	18.0159413127407	-19.1216422883376	-1.06145786164527	-5.67724360128288	32.8092025933604	15.8237089391207	26.293477502491	-18.4972293407346	-5.91027068453184	46.1801276715306	-7.12053487823641	70.7873423950232	-50.6099608239996	58.4227869364623	9.78327661016865	83.5661473413466	-368.12479558674
753.808	39.0298861189691	16.3884190060951	-2.7759210151663	28.3035484710568	16.8868751484211	25.2021399169945	12.750527776447	20.0161411592449	20.5484765741557	17.7333283545496	21.4105548503636	18.6543061242469	12.8871476206693	23.4858674863662	11.815600529817	17.2059546358363	31.8837352807086	39.6416172949941	34.394740038356	8.57979968130756	2.98400603382512	16.8234184065163	47.0916474975921	47.9619564871315	129.618847195143	629.423515987325	248.029127683308	31.2424863080136	12.3276563575846	26.0197159443789	20.5368955164531	39.4764753777977	31.3716779264125	59.542109180306	82.6538604625786	32.4328721645337	50.2563422319423	28.7219416292902	44.3578808533011	48.0285855994829	61.9278625891912	61.8257006701916	66.2551604011813	41.9917772326793	44.17666969837	114.65640033444	101.607280826202	75.6701128963092	145.782601882575	188.045997929599	378.923992722467	511.052839970617	2157.48155272432
758.558	-11.6880926527986	10.4289924977885	-9.8923717298656	0	-4.96712866256253	7.38174658048371	-10.0679478391099	5.55820042718002	-1.30763015000502	1.22411864788763	3.74684659037845	-11.7193768026683	-14.8145489202182	0.412291034723168	10.0253566648903	2.3889256087399	-1.68641221575869	19.9594129925471	21.401168675351	-6.68031371167582	6.58289726619053	0.475813789355256	7.12096823226302	24.4169927165041	355.28513391419	499.443453750832	44.0474501019663	-7.11551266249275	8.78625570259331	5.38134961280996	2.05002850777375	-2.87101600152481	-7.05214482485149	44.9385775121873	39.2143536073891	13.9531927894173	-15.2526220761858	-4.17773639735484	-11.0157028412789	-0.589178626199522	-11.9802248824851	14.3689751229317	5.30582622123445	13.0883443743988	2.04453980777626	-38.0944466930181	11.8233910735614	-55.5447349523936	-22.8358730003333	95.7324950462916	-50.764929935423	57.8160710199057	-95.5090518243593
763.31	28.0169312476641	42.5511598851799	44.2056740144606	26.6817233788383	28.061030136339	30.1181421929923	14.5935239951314	10.1578190851744	22.9415326801684	23.0995914476215	13.2027949921975	21.4347745594786	27.6318153807015	21.0272729382201	25.7697039574841	21.5246600774274	24.9425469354815	24.4308212986147	16.8683571236959	34.5944553399704	41.3211850950476	41.739239486511	40.1915669255091	133.457719848225	611.574907172947	262.085765818128	10.6974567260949	35.8629174878426	47.7982088582897	29.1343949233327	39.312150896953	29.7033189198237	40.1980478568543	78.7034735679823	50.7858299308528	39.3767156044575	17.5654757382715	61.2573131032402	32.0233032792219	54.087704389222	53.3824520000882	53.7410663724921	45.6158791901025	69.4219987686315	52.136831692246	61.4193353857085	132.661161773078	93.2095556243207	156.063548768446	279.927542158376	548.881651257832	658.538521028098	1777.93737202509
768.062	35.4992271651614	13.9585062094201	15.5197366653852	6.84695234257662	19.2757539519765	18.4570908385083	1.90945152290372	9.06065918723678	14.2706589617513	10.0824653380644	2.80553990562369	7.07308175886671	17.8672404311968	15.7057562125085	8.25739492245428	9.42827949450713	4.77473936412795	11.4163821055126	15.0230912425455	31.7437326289325	17.7258013916308	27.923195462821	41.0563476419552	309.729607424874	528.211465495887	55.5310596907675	22.0269763767311	14.220813834557	12.9228717688956	26.8498362798363	19.4178420682025	31.6702924061284	33.3134905967392	71.5831063454441	20.413656590268	33.9988263723287	12.1575844288997	16.1296720848609	23.816873138979	23.0506839859606	1.94753764368893	-3.52232754674801	33.5565013227102	5.39011388786716	43.1521728393389	55.6680347147502	47.1701218640737	94.0815833472472	54.0752694082707	249.692186418218	198.609777319824	684.541295286472	762.078084983806
772.815	18.038957404357	-1.60957101407746	5.81619431197075	0.456172748893487	-6.29011474981343	0.361673230362272	-1.09042017924897	3.57429792471926	4.03629322205029	-4.40826898569737	-2.80375294038585	-3.74218762153085	3.04856147049326	6.36314293058644	20.6303386091131	7.78361784261831	-1.73516295771744	7.30183074314944	-4.0036059759754	-10.0457793456973	-8.33624051308744	9.30180333880619	83.0373037434752	520.943381594368	226.167919830992	10.9243483554256	-5.61114321985347	-7.32120763936252	-10.3317125228245	-0.425916420644618	-8.01530449300212	23.6320898072656	49.5115837721929	21.3740127565166	4.98682660226728	29.6702057523556	2.02497345948694	-5.91044608908865	2.83353609289571	-1.81863174040221	-7.13642297805798	19.7124705657707	34.3150144819064	0	4.20728657783837	-22.7587816736369	16.7271241849396	99.5523446833455	-49.341624302059	177.299867650112	5.22324406523815	-247.864232760574	908.997721648101
777.57	9.20333701065907	16.9712749558546	7.91300667367341	0.465471639966453	3.6103140637885	6.273778399323	11.4046413793164	0	1.92199997480097	-5.78330962572133	4.29135941062173	7.21266660228615	2.66631867733267	-12.1199921605594	-1.6840703560202	9.61434335773135	2.65580029549187	-4.65667219684799	18.3834801568419	13.4875767952671	4.25308564813854	11.4896097102438	268.145480419876	474.004861764468	50.9272101198261	21.8481918078672	15.4148723944285	1.75775232967317	8.78526680832769	1.73839419638267	22.814249255655	29.2810672565193	49.2142828593039	21.8097130847303	0.462589180089054	14.6492034734691	-6.19875509461447	-4.38612950218721	4.04781516074553	6.18567929768873	13.2398108756683	-6.46531105177872	4.77470614479918	59.5452643215988	3.21978776890814	38.7045165636719	18.6197450501471	3.76228435833703	203.787227666214	63.6549440267973	85.2754834439838	768.867198716973	-100.273217381065
782.325	-2.49202141403754	-6.67070498241713	-25.6111711061533	-3.78112404146494	-15.8856428004379	-17.2375602473334	6.77870493972582	-10.1224338392849	-1.6728010799983	-15.9859235323228	-12.7092346944894	-3.01566217465357	0.902461144374281	-4.39523418348252	-2.56501082608599	-2.1222644954311	1.79780203639935	-4.72839097082056	11.92588941894	-14.7909271540673	-12.4159424185777	53.2604034191118	482.301728652237	242.617085630939	-8.38565757019298	-5.88573201659917	-17.4411135201696	-12.0475619238972	-6.24439989497322	-1.32387578636089	-9.61591698794411	23.1734967448107	18.5737553216573	4.97146366495815	4.22742286526335	-24.2955395811553	2.6225933081159	-13.917754902464	9.39464399764769	-9.42142013755467	-9.41060475967787	-13.129770406201	-2.42412139710753	8.3717083935392	-8.71833777192152	23.5803697035214	-14.179884902628	17.1910278132692	-21.909792125194	13.6074342074098	0	-92.4523517247837	-916.357991444227
787.081	-3.83834893161316	2.28324178009221	-21.1419256769848	4.36792196380235	-15.4754516758069	-1.92393056072465	8.12072761564688	-8.61948723245295	2.00397598753952	-3.01498797356953	-7.45731991461849	-7.07792660420588	-6.02342202300059	-11.2829704815327	-4.82872042006036	-9.5885648216102	0	-7.76845734582709	3.72702585549009	21.9380319439134	15.5207001469676	245.322557298736	451.592913047809	57.9954198123728	-6.21884016226209	2.32449469770853	-0.918419340996819	-11.4545184277105	-5.49598250536079	0.906269581712583	3.14172008295642	27.3871575480205	20.4345165315357	-9.74568348965738	14.4695778535073	-1.52740126859017	-5.92454568922199	-8.00310720747076	3.01461442339973	0	-20.7067612556692	19.4741897912924	14.9350623109022	-3.82061254900051	-1.1190387545025	8.0710637689739	38.8278069342499	9.80687774616607	114.988657302883	-59.3836101877331	150.040017933082	-21.0963281674333	-496.612555506157
791.838	-8.30829674351123	11.4050541707283	16.4848920899655	-6.78790635539409	-2.08923387527296	8.84143320279743	1.7384556186056	0.253266622579618	-9.72408699640754	13.3868535177465	4.47002003920443	-2.6516290469514	-0.92577485579372	11.722823776039	-3.50836530736996	-2.17708997164206	1.38318413875917	16.4918419899635	-10.638240554834	6.74356811849524	53.7156031714533	424.081795609736	240.891106868708	19.6487944045742	-10.9918128055845	-7.89555970861252	13.7628293597846	-0.915466101271973	-10.9812248079103	15.8442212164857	35.8702893882107	17.0441821560116	16.3316400410575	6.02714730012699	-4.33663190694128	3.56045398620451	-2.15227521473845	15.990574810113	-7.2280052551619	-7.73184656078611	9.65371342426382	-10.4758562689308	-0.828914962460683	12.4048581947467	21.2409615823401	22.8456697717189	-14.5462006677349	131.283759527675	134.854789737693	73.2845482910669	199.857885949597	242.370722889294	496.127317465502
796.596	-5.2082567084011	1.16179927195961	-4.19816849217814	4.93902874974448	-17.0259280414481	5.48222199144351	4.72243607508408	-7.73985743478179	-4.37013572477998	3.75011816728839	-9.10695547684703	2.25094699985568	23.1049595778279	-6.88943957067413	-21.4432103461573	6.20966478309309	1.87867858271804	-6.42343521036713	21.6737245549584	14.8838607532464	213.79703602806	462.743164958487	56.5874745128077	18.9892045659712	4.86827648433573	14.1934836915747	-18.225725505752	13.5220960756354	12.5845315117169	-5.07258444705458	30.1455059000149	18.2762171407571	-3.69701347131305	8.0288089208795	-9.32604270777042	-18.6527807678772	6.57737808196703	21.5249185046955	-3.68147801731619	-22.3159122705374	21.0727574812566	3.04898462538888	29.553693908024	-8.74832097264868	71.7455335317616	-16.4274429322237	-23.0498895290921	103.794249615052	155.180161319561	10.6646872237413	147.036746355566	225.426705709658	53.1989772255677
801.355	32.5963953351478	10.5307568913469	-2.26505665900851	4.26364210183054	5.1442021406342	3.38039748279154	4.33145906542797	3.56345170336674	5.28155915978207	-3.53160970378696	4.91351649762492	2.33176996138854	0	4.75787546092955	-1.54258018230498	11.1039451120508	15.8123452388507	5.11852029507167	18.7099547701114	30.638897075382	354.513711735381	212.773682338938	14.1526385741063	4.873454570922	3.78230835864952	-6.12629908685729	14.926608085258	12.4780551601214	6.43772556239946	28.2640333733573	26.0232638133426	17.3547428235392	0.398933248974823	0.407700635764559	0.423723925311778	3.13096572217853	-1.89265187758375	-2.51101313215267	26.4837910901763	-9.06556547555011	16.3720501531922	1.31602587019913	34.259480440892	17.6214110482546	12.7801767535574	3.54526875931179	79.5917451939223	117.170437209513	63.6859380100704	104.338592304536	-4.88193197833609	222.400878979151	0
806.114	8.99210905797182	9.52782766359954	4.07710198621532	-3.83727789164749	3.674430100453	-2.70431798623323	-2.03833367784845	0.445431462920842	6.79057606257694	-0.588601617297826	-3.6032454315916	6.99530988416561	-0.407050526586755	-3.17191697395303	7.71290091152489	-17.6131543156668	-4.86533699656944	13.2228440956018	6.548484169539	159.124594488274	343.313415897588	59.4851154926062	-10.5003447485305	8.86082649258545	18.4912853089532	12.2525981737146	7.26159312255795	10.4654656181663	9.65658834359919	11.9425493126862	39.4291875959737	3.5498337593603	1.59573299589929	25.2774394174027	-1.27117177593533	0.447280817454076	-1.41948890818781	16.5726866722076	16.9496262977129	5.66597842221882	4.85097782316807	15.7923104423896	-21.8677534729098	5.0346888709299	11.797086234053	37.8162000993258	63.9576523879733	120.616626539205	4.39213365586693	49.100514025664	73.2289796750413	-166.800659234364	-206.659314522607
810.875	-2.24802726449295	4.51318152486294	-4.53011331801702	2.98454947128138	2.2046580602718	11.8313911897704	1.27395854865528	6.45875621235221	5.53306197691455	-1.76580485189348	2.62054213206662	3.4976549420828	9.36216211149536	2.37893773046477	0.771290091152489	-4.21184124939859	0.40544474971412	27.2987749070489	27.1294344166616	307.871498031661	216.214406607842	19.6758458937082	12.3264916613184	11.9621157649904	14.2887204660093	12.2525981737146	4.8410620817053	2.41510745034608	11.2660197341991	19.5061638773875	23.2632206816245	19.7212986631128	11.9679974692447	6.11550953646839	10.5930981327945	-0.894561634908151	19.8728447146294	8.53744464931908	12.1825439014811	13.5983482133252	-11.5210723300242	24.346478598684	26.2413041674917	36.9210517201526	21.6279914290972	-22.4533688089747	81.0130263580995	217.109927770569	37.3331360748689	55.238078278872	9.76386395667217	185.33406581596	344.432190871012
815.635	10.6781295063415	18.5541907133254	18.1204532720681	15.34911156659	13.9628343817214	15.8878681691202	4.33145906542797	2.44987304606463	11.3176267709616	-1.17720323459565	1.31027106603331	14.3792480952293	8.54806105832185	16.2560744915093	12.3406414584398	3.82894659036236	10.9470082422812	22.6067979698999	120.211459397966	324.673473847194	36.5227038188923	12.3546009100028	7.30458765115164	8.41778516795618	6.30384726441587	12.2525981737146	25.8189977690949	8.05035816782025	11.2660197341991	43.7893474798494	13.0116319066713	-3.15540778609804	8.37759822847128	19.1619298809343	11.440545983418	21.0221984203416	6.15111860214719	12.5550656607634	28.0728185555869	20.3975223199877	24.2548891158403	-4.60609054569696	8.01817627340025	26.0125591664711	37.3574397411678	30.7256625807022	150.655803402782	72.369975923523	43.9213365586693	46.03173189906	97.6386395667217	-55.6002197447879	-137.772876348405
820.397	-11.802143138588	5.51611075261026	18.1204532720681	8.10091999347803	15.8000494319479	4.05647697934985	6.87937616273854	12.4720809617836	1.50901690279488	6.47461779027609	12.7751428938248	11.2702214800446	13.8397179039497	5.55085470441781	15.4258018230498	10.7210504530146	20.6776822354201	29.8580350545847	228.261448195359	219.414037120478	29.7051324393657	15.5576455903739	4.1088305537728	3.98737192166345	4.62282132723831	9.80207853897167	13.7163425648317	-2.41510745034608	21.7273237730982	17.9138239690293	7.88583751919474	11.0439272513432	3.19146599179858	0.407700635764559	5.93213495436489	8.94561634908151	13.2485631430862	11.0484577814718	8.47481314885643	26.6300985844284	9.09558341844013	31.5846208847792	-8.01817627340025	-21.8169851073629	-5.8985431170265	12.9993187841432	142.128116417718	-20.6771359781494	109.803341396673	113.544938684348	131.812163415074	352.134725050323	459.24292116135
825.159	-15.7361908514507	-22.5659076243147	-9.96624929963744	-20.4654820887866	-30.4977698337599	-17.2400271622369	-13.7587523254771	-14.9219540078482	-6.28757042831198	-20.8953574140728	-29.4810989857495	-23.3176996138854	-17.5031726432305	-33.3051282265068	-10.7980612761348	-8.42368249879718	-23.5157954834189	55.0240931720204	230.600192541623	55.8418607986802	-23.3745304440911	-15.1000677788924	-8.2176611075456	-2.21520662314636	-29.4179539006074	-10.2104984780955	-19.7676701669633	5.63525071747418	4.82829417179959	3.9808497708954	-15.7716750383895	-12.6216311443922	-24.733861436439	-8.96941398682031	-9.32192635685912	-20.1276367854334	-22.2386595616091	-16.5726866722076	-25.4244394465693	-9.06556547555011	-15.1593056974002	3.29006467549783	-30.6148548620737	-58.7380368275155	-59.9685216897694	8.27229377172752	22.7404986268349	-62.0314079344483	-127.371876020141	-122.75128506416	-180.631483198435	-407.734944795111	-1171.06944896144
