Wavelength	500	495	490	485	480	475	470	465	460	455	450	445	440	435	430	425	420	415	410	405	400	395	390	385	380	375	370	365	360	355	350	345	340	335	330	325	320	315	310	305	300	295	290	285	280	275	270	265	260	255	250	245	240
248.336	20.7578016802444	26.5361882403333	-0.452116185828767	14.4688082878348	18.3421116401775	23.9570356497819	12.4639274470885	7.78846730621877	5.02587623732772	5.58658848292799	30.111970802484	12.8197270697055	6.51423277781014	4.36347845756723	12.3398811841768	0.382617750768376	11.7518091018339	17.9040746919428	24.759084174484	17.2863284358049	3.40760899925422	37.9692623324755	-4.56381704719597	13.7309103070043	20.1687188082252	20.4244466869573	10.8876801839829	12.4722972413098	12.4634499868695	12.3282943429973	37.4190853197581	13.0105531865434	28.3038333476596	27.7004916711072	46.5662507842139	55.8791120706823	66.1790001383932	57.6662515669767	77.7191050351482	63.3824003018874	73.9665788268255	140.110406073293	371.548788531872	665.039331689348	863.324151342848	995.116731518923	988.215677515862	1040.49150472255	1074.50195406274	2417.86567089009	50848.3029638239	169573.97157558	61402.7025012426
252.814	6.71938089977373	8.99504944446526	17.3280486914485	19.8777890976847	6.15115952207216	13.3363902851531	14.9281000976226	3.73131246303764	14.4468331737507	2.46513522204428	-4.31214806473637	4.18752077800334	0.975265615304511	27.0809959927795	17.5506911021386	22.9131471875335	9.7070295580403	5.10566383500474	8.3926592746526	8.28156429201153	8.74566024640334	25.7514418999502	21.3178037330763	18.5675801363341	15.097601382476	22.5054527159066	21.7337031615674	9.63749976551878	11.5567960578908	14.2893403926852	0.943515814503669	13.2217664070073	-5.72951396079389	32.6891022698378	43.6040335390948	39.0851668086796	80.3952030209361	62.4607000428272	81.6864067610655	94.8917205422262	143.051215865445	353.742104752355	721.607119272234	1020.51050088377	1139.87812296483	1148.02701849354	1175.08741054868	1196.76511871857	2421.54016477824	45479.0253766738	181890.904549995	79239.1084420982	4721.63971946569
257.296	3.32409464953927	40.3455207161572	20.359044628253	22.6929053446125	4.3471344332739	2.39910758296404	6.0285458816922	3.4280808163928	3.57344237303678	6.27175852043811	8.53292201994022	-1.38105138162993	-8.68439439841923	-11.2817152872645	17.3647421566174	5.44089197070526	12.0052299081184	19.7011210850517	8.85732197261391	21.6550994514404	19.6134673203408	20.5997242365389	22.7143994686512	13.1220409198622	3.98337142265038	-5.32471936365547	23.4148518284356	9.05862125966007	9.05219550459572	28.2758906829466	19.1371456118778	36.4418291641456	9.92041743869869	42.4800461354251	44.6470056059189	56.1524993338744	63.2986360202466	79.625545912849	97.7369533561049	110.651765107133	310.372468647286	618.92073609918	975.546240508288	1186.59417806078	1176.68417715136	1079.90983572788	1231.62167557257	2127.68536000194	33768.4522900809	159155.13392018	81818.5473246232	4591.70820787138	4155.56371878893
261.781	11.4684852752215	7.22472667138045	15.7661465325015	20.4687509656775	11.0280021580507	25.9676237536775	10.0936973284427	8.29512922992601	3.02175535067291	7.42488755782548	9.05225323854101	11.6783733060399	22.5205310931954	31.0049484277928	10.2014331077764	23.9246704115415	19.9787398822414	29.7309022989915	15.1670101181129	21.9742441508472	20.4878915442067	34.1054090326038	6.03668364428654	7.9892571699442	9.59993251959578	11.7887848845868	38.7917242376663	16.9328596461143	16.9208482808628	10.0424135384398	15.6300730401746	36.9788951166942	33.076039818821	27.431155217089	52.4316249990688	69.3436502812023	62.5262462162849	104.918152805283	150.67330263907	230.689518788257	571.569794010815	952.346041284199	1112.56885967065	1156.68490308395	1108.99123376233	1217.89892518486	1927.58681672424	25416.3131391004	141702.72951743	89268.1341217944	5207.36853169648	3589.28244455691	22076.2241059568
266.271	11.6644415049974	3.67408596800436	11.0589894723495	275.844995159776	-4.03791554690295	6.19015299787288	6.84410883281737	4.08235351150425	6.1467731238215	18.3399712573516	-14.0105373265365	15.2037322071697	-13.9423736026852	-8.24754067889407	-4.71624538888233	16.3782898468209	7.92979767601926	4.17088265480978	18.8541969959029	2.41618453940062	10.1212938005631	12.868185038575	11.1633262114144	21.1269905132287	-17.4723525692265	-6.99429144890737	5.91818083281503	14.2698086783564	15.2431129999565	22.8599119214404	26.0134956382482	5.30407799401079	31.2034258055737	53.8068681239512	67.3065505696226	54.6732482917975	56.0788751477629	85.8592936726863	202.390529929382	500.408122502516	826.772384957767	1079.63933246252	1081.6823768243	1157.9864551376	1236.04927419995	1869.61255584009	19073.8524145975	125195.516721455	92671.2140018057	6322.74464408109	2406.34353812672	13604.7603924709	28256.0010737523
270.764	7.55203794596494	28.7973398411248	12.1720738859061	14.5815509787909	9.42736814365322	12.8005393267723	17.1203786510112	0.816952969176761	4.92032308344756	1.07945906917256	6.80913772687919	14.7373153654127	17.9364972610397	28.6407249551906	16.9885121249802	23.4113772199081	10.9099121866111	25.0400776855737	12.5768891023607	8.46164099695086	16.0844910959583	35.2684570932758	11.1699200823782	23.307620380833	35.4795422834143	21.9950430393617	22.6997600703802	34.9570641345521	13.2841016325352	11.1933731242199	41.935387323684	45.3525300865239	48.2963097597002	54.3371563887807	62.6838700870746	84.2465351138819	94.8697721864854	188.388375574408	506.598689701573	851.127036157531	1104.0035661812	1131.79547425407	1166.12541716442	1222.29982391585	1710.33726930785	14045.5446104198	107720.413889157	94274.6337040025	7967.33670557671	1826.31619854947	8448.08825720528	26442.8569132165	9592.52020125498
275.26	-40.3224402350402	-2.99880755422882	-3.79108932492659	-8.66600008135246	7.03096980721924	5.65872629588157	-14.016274236269	-6.39751217021292	-4.5153245880833	8.10096655066401	7.4493928270345	-17.6833424786841	-23.4099480728827	-6.65248813892496	6.00510041947559	-6.87499355853685	-5.82510688190081	-16.3406185117733	-16.2282850241163	-37.2727286410258	8.74699539192765	-20.2755065714088	-14.2140387930056	15.9174983427813	0.503330207977485	3.91458930144661	13.0422126664662	-15.4223537002119	17.8194472247892	10.0040653001509	1.88731971038287	30.2257940384083	53.9611597878267	42.4535233718471	36.5112755962669	55.1559831627391	134.201210705184	394.043024107267	692.857145613835	1028.37654375869	1073.41103911278	1092.90690933783	1076.90341796244	1482.77898888368	9696.91408323158	88899.4201738746	93461.7744389466	9655.92846628112	1851.89418828975	4885.95140901157	21410.7972983895	13569.423144016	109.822338205075
279.76	-14.3745439455604	-0.583115290208435	-23.1683172454199	-18.8334204334586	-14.0988934288504	-14.5401274819647	-5.92489403749947	-6.73828017160607	-9.65800651074733	-10.9580888855184	-22.8714850029778	-4.97678963981665	-9.95759240569175	-18.9415610258808	-9.43131074355035	-14.2595838879636	-6.60733802785869	4.96471531463464	-28.835423626632	-14.9554616536491	-11.3389664929163	-6.92610672657836	-25.5129820440057	-1.54757124251844	-27.8935435074019	8.56336707071638	-6.57493383312196	0.937144399374942	-5.150637985414	11.11589158647	29.8177369036508	22.0401638948528	15.3211939173792	24.6702566950737	50.288712758227	108.291552069777	322.612760624202	648.828174982684	958.102136410265	1055.19749367062	1004.78319053002	992.092842749688	1293.0710847751	7793.17392199805	71960.8791126725	86488.4071271286	11476.0843076885	2016.99301566687	3151.50535252654	16681.5205096853	16483.7934509894	1630.20779168909	560.564804747899
284.264	-18.6553968080088	-11.6542831785655	-1.50340126693422	-13.6790345089749	-2.84630194917417	-9.35014489824665	6.20276196483695	-1.47992194202168	7.52054233572971	-12.3845513849914	5.07905588054157	-21.5297231718301	-5.86665088979719	5.71593268269659	3.41943685930017	-1.69640173414644	-15.7209351641914	5.67005718122161	21.7476131536329	-12.0437296657782	-7.55411086393546	-6.08469642484704	-11.1289581460961	22.5839066585039	12.1091601705724	-2.26388260275141	5.36360070646347	9.8109495278942	11.5865337627467	25.1257919115005	20.0831113295064	31.0272848861534	29.1631510538813	46.5071141628983	100.414391997458	260.632655947632	553.298746008368	889.298309171183	971.624784548768	932.122670580839	945.52583678854	1101.68859805387	5196.34319795434	58519.5631601355	68534.925827947	13393.075991701	2200.1549774429	2516.29003254265	11749.5538955002	18427.1644017	3490.4426408292	904.191732392821	431.884179828441
288.772	-29.3943652481028	-38.3001061356926	-27.0047000912673	-39.6879164286819	-22.6801429453464	-24.7506847220484	-10.6618672597646	-5.36322776006141	-17.9062710649252	-23.1083422874269	-21.607590985735	-8.14159102311838	-32.4243538872276	-17.8740535317284	-29.4983896178582	-10.8253843867001	-32.2726605598008	-30.8223770578615	-30.3504296793772	-18.6316648878774	-21.9348475194031	-27.8033104217374	-29.17242345069	-21.814735018649	-14.529994879852	-14.1256578696363	-8.45115436746355	-26.1391159833395	-6.31949374299716	9.16808074264347	16.5098832065412	20.6569536257294	26.7350703595685	46.1016817219121	179.215018062384	464.223995991432	789.082458739373	905.890261709069	889.200996131277	818.952636770514	893.255027944732	3314.13118233588	48000.4187836213	55341.3655572445	14928.5351874058	2029.87587701102	2206.47036350844	7953.01019442471	18049.7739223753	5825.14709230952	726.473841241137	145.706848257671	72.0527357100734
293.283	7.3257270663324	17.0989457440918	0	14.9606215545102	9.21185481032296	12.5401924648666	1.53298473461826	-0.670552767258532	7.82476377930544	2.6580511729043	7.23272214945503	8.19430041183497	6.13426166453373	1.9922227855476	9.2960829217949	18.4473547407797	14.2463143209293	1.71273561819905	0	27.2850750643945	8.80140425970791	15.1633707857561	7.33459193259855	9.34296407018591	22.3686972131515	18.0534712920828	28.7579343183212	41.2204451890562	29.4799803108294	34.3532238838728	41.5419241689232	38.0172591390942	70.8741598315914	164.078125236189	427.764082405789	710.801189446838	894.06734558942	883.448460863215	869.334435798128	869.700736113998	2233.74079392995	36413.6914248869	46073.5775627839	15268.7634523594	1772.8044776805	1999.08735262431	5275.39008442162	16374.7031217881	8980.06724103702	1431.31712150495	1098.48202499511	1014.91226983141	2279.17522069791
297.797	-11.4563575026234	-24.3433477187214	-6.15496686603177	-17.7938501698072	-7.49111132958456	-16.0774970654627	-1.23673446892357	-1.73109767219118	-2.68795570628647	-6.29018458715145	-11.139534071967	-6.42186821810637	4.75085926414131	-6.17174199247116	15.3741985339129	-3.7205979539751	-17.7323735885698	-8.29049028609157	-8.63097654128694	-12.9671969940357	-17.9880025995449	-8.00708061533656	-17.7515322632203	-3.44568245845211	-6.12880722515215	-8.34155886621142	8.62664448481132	5.86845320978	22.6752562450228	31.7104775108003	27.5771694060946	29.1368798678054	132.187052029517	320.46065432599	607.592736750742	818.100637536563	835.667809388822	806.992518624022	789.676657015778	1678.41026586716	27171.3484425795	40214.4262803499	17458.4025123352	1428.74878512073	1593.04737081466	3234.70791385101	13382.8417068227	11868.766827013	2170.73363772575	1147.26441714912	1205.86456682674	757.183553210934	512.61373321623
302.315	-10.7111391281563	-1.43387058274308	-9.06348833871979	6.09356060308322	-7.70420870883664	6.76425631249441	3.64230342133698	4.24854265576393	0.479775227787101	3.08753433852349	-0.312447737180916	-6.67518605125505	16.3237002644464	2.27204763225694	3.68117979982336	8.40076780012691	5.80261851881306	19.5330408538704	4.01353677460268	-8.01511333469406	-0.464705429781319	-18.3412693284847	10.4559981662962	-2.53696757926226	14.8410568346654	-5.06931966829805	21.1719232592116	31.8778396298397	46.8233457205727	34.9265073812397	39.4807043051396	105.005502184594	277.802276497527	559.973000264344	779.133086863569	797.15428662916	785.176773991101	743.876650367815	1275.89094780505	21311.9749636703	36390.3838685849	21383.8032796888	1284.51328233061	1272.90882819219	2057.06336155331	9604.28353376289	13575.7191909575	3503.51200186922	1463.23585933942	1143.82070519207	1295.6509423171	1291.97212529374	897.066543192666
306.837	-23.499149890595	-2.38315623438228	-19.79829209898	-2.43066404161125	-18.5086625896637	-10.9212786518854	-11.6230447602696	-9.9563843940728	-8.85122455436237	2.51915813804948	-0.934743488803801	-11.83408429011	10.4647027232552	-3.39861915734493	-2.93677603390339	-2.5496642526199	-12.7303548856993	-7.71038443343629	-5.33654029948434	0	-19.9269124500852	-6.96777134923736	-13.9026645872201	-11.806346048232	5.19996315810212	16.7212442943456	10.7485396580526	35.2364726317061	14.1611377119273	40.5083840972119	73.4929150951068	233.449016087506	498.277729070042	746.886635438517	778.584135567845	738.769649002512	721.799156595154	1082.64674054902	15809.7821469967	33781.0132630572	26063.9274487309	1311.25545007373	1020.18324556085	1355.60034372468	5884.79846841639	13597.2682247535	4953.77548333549	1599.54907271403	1363.15158068761	1196.0762401531	1129.38834883264	644.194419377439	-218.189884841718
311.362	14.9351076033045	10.4726367679925	16.3344434608244	-6.87817873075894	6.27801752215203	14.4363676756147	5.80417855475392	-9.73223257264498	4.06163979764213	-0.559105502807512	-1.5559371414899	7.75630403348854	-6.19346893651479	7.16579603285783	9.53246101859313	0.727554950758058	15.4112338962094	8.91653177677319	7.55054531506121	-1.87830189845653	21.2902243750194	1.73974160273019	-6.07472961267829	8.0013253053625	13.5827179034186	38.4491001816057	18.7861749074608	23.333789942004	51.2214737738923	54.8251708141652	209.714413057106	442.692750846702	712.929188061131	788.933293961343	735.741865623631	728.910654062728	948.299040718745	11951.7522631203	31557.9929946103	28698.4259085547	1611.69759709383	868.06239894825	972.486254468121	3689.30307214699	11768.7311522291	6678.9331140728	1910.15948782071	1568.09533010857	1263.43948116284	1343.15700551868	1281.14109192423	1322.01446415406	1699.73049185412
315.89	-1.59857481433792	7.60877478849912	1.28825959903089	0.808380666409814	3.48426682161212	17.3061541413014	10.3886559868828	0.2113567071278	5.01225509775448	2.51343505260179	-3.7304796621777	1.84487489472108	-2.32020638980009	-0.753532909047208	10.2553646784521	11.265718248792	3.84891931885162	0	1.77480553863804	4.22191322321367	1.38709130232792	0.434496362176758	22.5405052790187	24.4004427801401	32.725252293468	37.2463402271845	22.2142503552703	35.156421546107	66.0624630732282	196.038213491812	413.393760463038	669.173065870562	739.849775607315	696.82601341759	684.739391943884	836.021173823494	8302.93451461371	29913.7543913343	31539.6956220287	1900.08117288795	748.026406592484	784.715995052916	1933.3218201482	9264.5275426702	8079.51201687132	2067.47110118086	1506.35644613526	1408.0643636006	1387.13086742597	1353.44370388807	1386.50185350032	959.694117371969	1589.16762855357
320.422	-2.66855607554029	-10.955121543996	-8.60214473300282	-10.1209329679887	-3.48984407068894	-3.20997333679053	-5.08165084245346	-5.7157656692846	-7.88900858473624	-12.3075738913298	-10.2752403131387	-9.60870548069476	-6.19712088790567	-13.2079339968822	4.0353422965321	-5.82387160237102	-8.48117658392393	9.73286113096069	4.8885277685577	7.04778536553942	9.72518128874383	12.1853720353578	-6.51247666066649	8.42741394864672	18.7871812926742	17.8757726265643	29.15492161189	31.3852292754986	145.723049743991	357.519557443721	617.523463811804	705.50047855835	694.387586880133	654.925596265804	712.415098524625	5884.48037781919	28212.5672785977	29927.7676826414	2539.46669492005	717.641430642348	703.658966894844	1065.69304357119	6448.25301398838	8578.08003667381	2492.85796872399	1443.03304363516	1403.41056625443	1351.41864353104	1212.03163826336	973.707078852234	1207.58366984539	890.681282626305	675.932238994408
324.958	2.75361983361295	11.3043305477777	-9.32016695987565	1.25322613277347	8.64260993037892	-4.63721368166182	4.49454444956216	8.95616644348285	6.16703119576662	-4.90677726758125	-0.642592557728784	-20.9740293438195	0	3.50458826922525	15.5202673796277	-9.38986753202361	-3.97796605300154	13.8092748279828	-17.4259573105662	11.1510790448313	0.955731839852387	9.43034767680129	5.37605638138877	22.6097272079772	28.8728368072498	29.6733348792101	51.8557869401915	119.669018644335	317.707015059915	579.334703250718	700.232646564303	717.539634072677	655.866224649061	727.78700267261	3941.57927058164	27511.4118386196	29091.4628728927	3431.90772870409	695.974898667769	649.410809030063	714.781084227811	4034.46685267448	9052.42858372453	3276.51045637414	1346.90127454044	1417.18730468236	1432.81446388861	1289.82522176947	1261.4298043999	1224.34529772237	1188.56575209197	1355.86006176102	1327.4590312484
329.496	-17.9298642592085	-16.5015218426334	-8.57928401183095	29.3258308326285	9.52576942742856	-6.40288527605773	-1.77829685868126	3.11142531994701	-4.2665624281966	-10.8653118037779	0.653775645232766	-3.10386065208376	-11.7920327788888	1.18852629577396	-13.4795822526447	-16.0495105947727	0.809438980185883	9.79214454541002	1.86623395583681	9.86534098052863	4.86182257134632	4.11191345990319	18.2320543413121	14.5981884373278	44.4826168252877	25.2941083289382	95.045373837307	287.703516381162	543.679095726639	704.996640367413	675.440730892441	663.481956698389	658.521265316985	2879.22198353711	26496.7495717588	27980.3728285405	4683.76400130589	657.560923922269	629.938698543015	617.757761083401	2261.58906835323	8122.63940651756	4443.4570074778	1354.35199774803	1366.41783129927	1378.18765023698	1443.56939780462	1393.00093293238	1197.96973115822	1224.22867097988	1375.03478920555	1175.7781018838	1007.1979611499
334.038	0	14.0911176818237	-5.90769612468234	10.6934685081433	17.6988605076359	-6.10480753261891	5.8804614760679	-0.894681977665291	-3.53618168731717	9.4573138112393	9.54056494186977	-5.85707572917021	8.18461070555159	10.366645317328	3.10081408172213	-4.9995763794776	14.2560600299963	22.2807946041833	19.721172779436	19.3608341100561	13.7004391691416	27.5886251647756	27.5235353503956	31.1645182143692	20.2723012831054	75.9585673561227	258.187828232671	509.946465634261	699.517188201792	697.92745231087	666.709111003284	630.091596882615	2041.12964918899	25622.7054895861	26627.1697780004	5993.14709991003	668.514765557351	603.817145630794	587.215451956428	1317.38876467817	6352.35623063915	5794.52576286557	1461.6081343108	1231.54164028352	1344.58067107142	1440.4224494608	1452.83073453752	1344.89228396844	1355.5357824808	1173.55887601329	1256.26683605325	1416.25868562489	2188.5834895687
338.584	37.1308079536593	34.1414853868249	15.8682461629631	10.2417911739073	16.5539893505294	24.3622870736336	15.0494862140038	12.2731905189725	22.9315819613944	0.884555658531385	0	22.5945482438518	26.129680194395	-9.14910931454491	32.8693226888483	16.1148116678433	16.6610135074386	17.0991062710526	24.8282097620579	9.41020633940399	18.5500951957928	28.900505985319	48.0538684198277	56.853661002141	82.5855327348679	236.356167002318	451.684922579791	697.574475885313	675.308509716279	667.586559064892	612.62143659899	1443.45910753564	21951.540392195	25529.8677588909	7847.51881883947	630.731339361639	584.949204834892	566.204220074433	788.373929382758	4453.127619256	6598.97294623542	1784.30415716985	1070.27191126579	1247.1713461118	1405.4642979458	1502.16938088843	1483.61442877363	1381.4224502406	1268.81344590138	1333.69254936906	1517.71320322848	1543.09681576301	2551.22393550976
343.133	0.562071904531595	-15.550222467279	1.35888765392247	-13.2168445515517	11.3933979054444	9.46553149405443	-2.54842041407312	-0.668832633047869	-2.76940659703084	5.59704662573284	-2.29541722541074	5.83805714163641	-14.6844618275222	-10.3329836471505	-8.49954981586615	8.81668233499601	-8.1198679944099	-10.2500521584749	2.80816227146616	12.3704918534037	24.385629094925	27.0407244146618	10.0591932163189	54.5826970034959	180.595368769254	403.933331445982	618.527516599516	654.610589619648	616.283095569106	576.131786604994	1068.63763527084	17438.7333315209	24973.9697584449	9312.95311120838	590.801986719777	516.841686978565	552.208337038323	590.301642386502	2694.00907935176	6543.44329786881	2641.0552072391	904.843703490475	1024.03685604069	1212.41895606518	1397.28694936022	1444.02383171078	1374.14280844583	1261.26541790184	1173.17994336423	1203.52045524479	1071.20735709528	1355.9365150186	780.739105122731
347.685	-12.4165205762639	3.0221186953663	13.6448544456895	9.84644090282299	4.79755848639428	5.77060369126455	7.42086323300006	9.40222943388417	1.5168081097269	-3.84533366829152	17.121913330125	15.241476604383	0.409582024417501	5.58683421431873	-5.04315074049386	2.69439182290503	2.03832922799256	25.301845508852	13.1587408963504	33.2894880260679	25.9552480385518	32.6745799737551	50.0440352816524	163.977043759567	373.66888502189	588.87631017232	629.188804587422	616.023115012104	592.936450457328	928.168623820809	13810.8302165043	24818.7713634798	11306.0367786837	617.984388238648	524.244928619942	523.917622048572	531.181494145563	1606.68565422341	5864.96504583019	3644.71795730433	877.065816046371	839.749990963996	1097.14763492058	1285.75051862394	1362.53252752959	1432.15940372217	1428.36795139817	1335.66658695056	1270.6654179153	1189.98111180097	1281.90338288091	1445.45159629448	2651.61343144352
352.24	20.5980198228688	15.3188887098396	20.7494173246042	-13.0202234216588	10.1015130437466	-6.19427628185638	-2.85361154967496	-4.53896975821533	3.58800604884704	11.0952768052417	5.00709635631038	11.0934391967725	5.39796394958911	10.1140127407844	5.50595138043301	-7.8043807079677	21.0775555694868	17.8250100736414	26.6802607934465	29.7187175347375	39.2213144575927	36.3908338260175	171.285019550704	325.698859511421	582.371169756096	647.819513646038	606.606344361834	561.324751388175	757.742916170397	11126.8894177424	25183.214725652	13654.2315439358	673.272039419494	476.10914047022	519.382785946946	525.668710810315	953.108124678946	4502.94434086075	4713.18962540016	1090.8268019272	760.543657984765	866.084701416657	1059.51847913825	1250.44574488208	1380.31297236215	1336.32707980847	1343.79745031482	1189.20354338464	1355.27394902587	1437.66047916073	1249.78194694808	1446.46864849549	2875.16796269011
356.799	-19.091936480404	-12.3916836580824	-29.3729124730198	-37.7405915487528	-15.1319788652548	-3.13165308648596	-6.03313543730665	-9.17910535854982	-15.8076763603059	-19.4057066196342	-5.06289614639943	-22.0335226030035	-36.9472712970581	-24.9532083399232	-13.1229461349124	-13.4153015119692	-17.5514268014598	-14.0672425423564	-17.3427360389149	-11.7143705748924	22.0882240848044	113.219625926009	284.263809236661	482.345200166897	570.229090899277	573.73825716892	516.059502392897	658.027961141097	8599.29166956736	25712.0995741028	15928.6213302142	778.993320574177	417.673598743256	458.310410276174	484.571617551728	638.016602602441	2999.89506925845	5149.86709123907	1604.01908425006	669.96012347675	717.126094240882	862.848018733921	1006.71578537818	1239.30083047204	1239.71780803215	1217.31468272085	1206.49664376545	1156.34430637651	1141.98109469025	1153.46504213449	1369.4383932343	1338.31609125532	519.988644764282
361.361	-11.0688830929758	-16.1173979392245	-15.4929657314929	-13.6989128989294	-9.52335342885408	-5.6061572887262	-5.81101609551077	-10.3984123612266	-0.521894061454836	-1.8319554004246	-16.3141013480168	-20.9767763677438	-2.95945605899565	-16.8886359054535	-10.0108642829296	-11.1248383965441	-5.89122122006169	5.75461811046551	11.1572485512089	19.4889695818608	101.100261156588	251.76798393212	454.482744310077	545.037711025425	546.275807743937	484.838491527387	588.74533256111	6786.12051780998	26186.2897449207	17419.2213442188	992.681443652578	384.021222821861	445.833992735754	480.537695815692	538.499422083571	1870.74716127423	4928.78300206374	2434.83171278139	776.301509925361	652.295230996892	752.969605956422	851.097658918745	1079.54366167615	1204.38930171039	1225.91412285396	1307.92077583469	1226.6944246805	1255.47784807075	1215.97025645812	1263.32833789321	1358.69678625914	1347.63678961376	1475.6284752011
365.926	-3.50610954016584	-3.65052481923273	2.3545865301708	-24.3787329757758	-10.3166260322174	-0.351454676274715	-4.23909755037774	-0.463562768906584	-3.66441308811691	-11.6378102831218	-2.04548924073549	-4.45094389818739	-10.6017582107465	6.61081082359863	-25.7060631146482	0.797057597495234	1.26625910362006	11.9883924226214	18.9765784208756	72.5351351043111	204.846089345697	417.876796324792	501.505016579399	525.018363891468	499.364096348482	560.351664612331	5363.60867151382	26266.8710595062	19435.7570112145	1265.87040527368	365.545853411917	406.547797800474	478.337010104708	509.58445131983	1130.99465581293	4242.75340149846	3341.67808585501	907.231865870893	700.474231178128	715.589470945233	802.630848353559	916.730113256179	1117.74572137732	1179.24083065012	1271.60064559422	1197.56751359651	1199.38316834601	1216.31912105243	1224.25113426548	1414.01327896461	1367.93060000482	1622.1019074109	835.559560079238
370.495	6.95526356494704	6.20721269803225	9.80893962496635	6.59474209299413	6.82188736861044	2.44020033263951	0.788374917482362	8.50625489514147	9.60585949253655	-3.03770637296319	0.338145852394604	0.8026894344919	22.7137981582923	8.60621432492669	5.97592268931192	21.3457582107569	31.3993534225634	4.84448914686461	81.0812993948697	162.261149168386	425.47572903143	520.820863717009	489.416144356596	481.857606630264	522.656399324706	4219.77772819526	26165.6996804354	20733.5000297506	1693.0253789403	353.750582751686	398.793755465495	471.675255626522	471.568848266158	783.208964407505	3057.52911509309	4017.09033728059	1245.82010680102	786.926856487305	754.868339601751	826.124558357582	860.000987417485	966.369236847102	1079.31331895846	1206.91857612933	1281.56629624976	1263.45250471258	1296.72378353208	1243.7523536642	1259.61734637425	1393.03027129351	1684.67591586146	1934.54278196021	1870.65877410707
375.067	13.8626022465942	1.5464568648141	2.79289875136664	17.0872564943798	18.8844012162399	11.1167693515279	4.45206647223239	6.41498838761968	5.17446765076743	7.56810198440223	11.1203685171118	23.5977576904875	22.216367292133	20.420390447457	34.5409389193984	23.6357969890605	30.4567442637619	65.3947291472773	150.060775703806	321.878754566027	495.680568827904	484.17355867651	454.838763186486	484.301751321381	3494.14596220669	25335.317696931	22253.9174121513	2112.55887465207	355.982721616705	373.413509221412	422.562708281767	478.980371182431	609.080502054199	2142.31505562396	4317.4846042428	1859.86841990836	816.167157196784	818.805877121566	862.767166190481	878.047069921568	921.331553346347	1019.92830989102	1130.34967081665	1174.26722238662	1256.92692744215	1257.88428056422	1296.64176461454	1336.85406828841	1370.42005967345	1413.47153291985	1955.33275985324	1736.99885364131	1911.40922492145
379.641	-11.6848292254089	4.46918795476807	10.3133874053695	-6.33094506033917	17.4640113914896	-2.00793394291327	-0.504559361498263	9.0488055143664	8.47391594287492	-5.54076999258165	2.27233749037165	-9.63226203281233	16.5558158841206	-8.26195616148461	-8.41408937951056	3.41531734923466	26.1242317226712	103.583865882322	265.019710959718	405.101327080048	407.973416958387	430.116244508277	429.554110387512	2708.28371196234	22705.834573823	23900.3476559785	2528.42178271736	314.836591747811	307.435772785465	379.831543695044	424.641608815869	496.211568571703	1355.34907421164	3886.26069437392	2573.3072844859	860.131105972539	776.38285925932	827.064864729134	858.385901599961	894.107783499895	905.574351266523	991.648631181923	1104.78202447729	1150.32289669507	1200.10477469882	1209.40070025748	1178.66774328206	1282.69808127396	1257.07852847928	1464.95958841937	1491.3904089256	1875.54662692802	1841.29439775406
384.219	29.2656846727946	22.1757526321078	2.22496531142333	23.8743681144984	4.69381388606486	14.6127041593369	-1.0014332538297	-0.43804339626868	-0.24733465949826	-3.76218041321781	1.28858932618232	17.9707367469688	12.021751058245	8.58946307125318	24.6704767043281	28.6208080911674	80.9666094350651	211.883507545003	335.648531806295	373.335356010298	388.575805279339	406.579055523904	2227.09085020867	20584.8833011363	24040.7522394097	3343.87613787113	304.814762300182	317.586703874398	373.948310110538	445.437471146105	482.660877851681	897.166063138429	3205.62082853796	3254.04675206472	1095.81570676622	850.060410708452	863.987092526597	906.149267546594	936.148626575252	1002.59688139949	963.721200047546	1022.94211780523	1088.48044218211	1163.84847374221	1256.69981926207	1232.72164765937	1268.91208436049	1303.39807186449	1500.02714815742	1692.08124656534	1922.11941373467	2472.55939770133	2323.56690517753
388.801	10.6756169528872	4.76371775781833	9.89375709885336	0.809780274527076	16.0553771739282	-4.4945489923672	0.242014944673628	-7.62201519603834	6.9336696278357	4.47606532466646	1.24564617078743	7.02266242997991	8.90952353747572	7.54837555261486	26.4165956630208	64.4349852446113	144.584371207866	272.150078184633	321.351518680961	344.916625460441	383.500033270918	1603.0207310391	18406.6602203089	23729.6367988044	3661.17986781118	288.770258820722	272.020214705062	310.830867534058	395.148425374967	431.728081545855	594.368928095936	2268.6994079326	3564.17885428379	1433.66026614784	827.298771679191	857.459001585529	878.820295032663	890.264127082909	936.138662475109	988.568320099238	986.404770969212	1022.02219116886	1088.9431597536	1171.34155832327	1169.03005757699	1257.90495858033	1218.51923756468	1246.87089639311	1360.32311571474	1559.88398983333	1830.19246650843	2081.46739895314	2333.36082834468
393.385	14.8120788995126	20.0564345525146	11.1135345452128	16.6594509949355	21.7085626524564	24.2683475679819	18.0630805858049	7.09072080854911	6.17709019652975	13.1167893888197	19.9647805343558	19.8057480859729	5.93064130505751	29.6136805983976	61.4380514014746	127.144144316877	228.368270955283	268.17545272952	310.044919719922	325.995126034792	1354.83229317138	15766.6216836175	23839.9010146707	4236.56054585179	283.078690526376	255.490888869324	280.480927120404	355.666018342346	420.200779816498	515.210357861286	1478.8584362668	3440.4268176147	1913.01471418777	852.620795144572	815.130875806394	879.086517058851	911.499649455763	963.262651375482	961.229089999333	973.757572434486	1021.69320344389	1021.06539131465	1104.32853932821	1122.35401113627	1222.33969182527	1127.35404242568	1221.55406391754	1373.15999345711	1549.21336643024	1607.00058134357	2120.18595100715	2540.26566143147	3130.00056554123
397.972	1.48323464974922	13.2371014643999	12.7499654184726	15.7511442573071	7.75888907909828	9.21818453105965	6.72495001050002	7.8442770061704	4.42915382096335	2.33208600966058	20.1910250089071	5.8199966424985	6.099597610105	38.803607517917	91.4160081624973	176.687316480967	200.702147374814	246.818059496659	242.072249628844	876.603409516507	14111.2073990207	23969.0832722376	5016.18218931034	273.24023478744	224.027546067911	258.472124985226	311.30397830168	373.000549706164	450.330234077607	966.945451518116	2900.18024290329	2448.47158006719	910.606781626781	802.352233370988	841.640559283975	861.189278719037	905.23401666549	949.220551027932	986.37098262564	976.500163108894	995.934054084456	1017.36521043796	1035.59278081657	1125.5972424818	1119.16086070011	1162.00661465051	1258.77889834874	1227.65731613016	1470.63453313206	1685.18943998539	1725.32348870317	2311.90330805553	2060.26895099352
402.562	-18.0631727228875	2.96955595805048	0.766144793491222	-11.8986746305403	-12.1220128195782	-8.00504109099524	1.07760510567211	-6.22198128578488	-4.89711647973489	-5.23170417881789	-0.277320616565982	-5.5955729816507	12.0737488846905	69.5730912618447	146.702712710823	174.412735573495	176.825446355608	201.542941755112	597.281069576323	10581.4614305517	22467.1439859283	5584.9425815551	278.027606168814	173.759849296093	224.645248267522	262.349538825603	325.608171637246	382.47972580381	641.101811975892	2154.82821534218	2758.64468533916	1099.02741081006	760.989921880896	793.502574264321	832.859237074864	889.719899347237	913.583515704823	952.555510916801	929.073369801681	948.914880899191	965.749193524338	970.332020739923	1031.46127414586	1065.13972044057	1028.57103412533	1135.20192544044	1197.00615731189	1178.86069917956	1347.03828722428	1477.40048115503	1588.47073119626	1861.45870974105	1670.10596621661
407.156	14.141774972415	29.4485382920257	-6.45805902162494	5.00593163467749	8.01411757036182	7.93845148660455	-5.12947724166559	0.747905938290387	8.0235843777817	9.38814331441457	7.97539835695553	23.1753457134107	71.4977887303289	146.987963830912	170.755479223244	164.924627854952	195.443691049263	428.02932983022	8321.81555922191	21767.0613706391	6192.29929034387	326.720230192308	210.52496508644	210.27571460132	259.4940750094	326.410293462458	385.243295412631	500.659948625047	1541.45227676318	2886.0726143958	1454.5594450889	771.532712114385	783.800976953556	815.995660825247	869.682005745927	918.377806951085	962.384485410844	970.754449747138	971.099313417714	983.341180601349	993.884697094468	999.844330876183	1013.69904944091	1085.1702970955	1122.34650111923	1185.27027316093	1231.19042821718	1335.23641658432	1553.25134207446	1614.45424061808	2038.80932326784	2570.34388152117	1598.43837745654
411.752	27.8173902914075	3.31007745200156	8.21974292676657	-3.1650593187559	0.90946519224684	2.23074648128914	5.25514060221672	4.41347527321012	2.69966978379014	3.64476757688721	13.7945338302706	64.8487647499887	136.264840822236	137.353481897111	154.238168868488	166.316890882241	312.445211531122	6196.25437684167	19863.4603397571	7325.07503696004	335.910586488206	187.886663948885	211.203811988657	253.296524059414	283.343159081327	347.361090593094	433.878444649535	1030.36674654679	2652.99847992065	1897.26658391556	812.130107717264	739.919471038009	779.118566951078	843.616627150936	895.579310624407	916.171259007823	938.709981195396	965.943344791011	977.37660529742	954.039433671164	988.025403173508	1025.22213903475	1007.22643083559	1094.31354039706	1091.67357737563	1115.00851336717	1242.57885564465	1266.32845935521	1469.66206069832	1684.07841867097	2045.55258038112	2198.57686358207	2443.37418973026
416.352	2.73785671299828	4.88679078675437	-6.25142186174794	-0.692251127171917	8.05606428271012	-2.47000066699875	2.48267521715978	7.7827350002787	7.15368263424615	10.0443584264582	37.8024135043849	96.3705881203971	155.308764269828	140.994255516422	156.509742189889	246.162236224899	4444.97902764	17060.8428851985	7747.39614519366	393.275813754602	194.011568698931	173.760388375981	226.803246674321	275.599802657361	322.618225933813	359.822720659364	718.938881550491	2108.39860723234	2282.50551088117	927.360993200679	734.604268321189	773.141282862097	806.385157931302	875.700421545187	934.476235913598	916.625974729569	940.049796678129	959.270369560921	936.587079456103	983.637352340116	979.342892752093	977.482894896518	1039.33390067311	1089.32856114679	1139.15906777054	1154.06628073655	1273.79002309311	1408.6155075762	1605.21596230357	1754.71931163824	1898.12546717706	2344.84682015689	2553.96634647363
420.954	11.6241690154126	4.38898693978373	9.7279818795428	25.7736763839178	4.38510019378505	4.84012044644488	7.29743552765392	9.0440523313516	17.4224802340952	32.1012971392081	75.1195149030876	117.950218213787	138.217114961105	144.781997035512	221.567061591786	3386.95884162442	14850.8305519867	7937.72221778341	491.034985384356	166.882003930125	173.019681769017	203.421662801557	252.767925714798	289.08827113419	358.285955957175	518.241625377391	1558.87682085267	2413.32386920682	1189.94644136503	713.070964427554	746.118274901434	784.529536006352	849.805680472088	909.610844837461	924.016132139575	915.905134806556	930.084034083618	949.46563803058	953.041890831072	972.318053304724	985.63201618798	996.510407644967	1052.57345010997	1097.37795175529	1106.73427099349	1227.62549480361	1320.45099928548	1451.40313837994	1709.06632906021	1834.01987024726	2124.31426400304	2016.72108172449	2319.67652289509
425.56	3.50892977412188	-0.782884546611665	1.41388830328533	-5.98868410952716	-0.286803458032165	1.3190151687792	2.98301300370543	3.82746909721152	17.6819174572966	63.2165556777105	98.7742437398851	112.679212783381	118.092483418851	161.888391981585	2545.13839619701	12844.9438370714	7899.89207156326	534.912420947395	148.282464505465	122.404964797993	185.347073390772	221.385805331186	260.469059328268	308.546337555497	392.235100822495	1067.95172037207	2251.94249645641	1477.12722294714	732.067497275403	716.977718236663	745.537351789488	789.090551288217	833.399753961803	881.237113635442	900.228062351921	908.344975453081	919.121671423764	939.324718101801	912.671692119104	944.169853390139	949.90128139104	953.466795598248	1001.88198646243	1042.50062331021	1059.66638306871	1175.76610715685	1281.01248920975	1444.08414788877	1671.55549870127	1940.6411678216	1927.58537351588	2137.96863049078	2168.22924565562
430.168	7.3148629325061	16.8963533438212	10.4027688073544	13.0554388064679	9.28476476151147	10.6105091463521	18.9237936378116	23.2113554444459	45.485338816496	75.9977296783517	89.8694361456133	110.241268117137	140.830742695336	1901.81070163182	11742.5376254466	7961.45683945698	676.306027669816	151.050512474884	155.49845315131	160.612081091502	205.722101589852	245.600781452207	299.276060139146	344.811161626271	772.79426312045	1943.38888173271	1726.39059056726	785.943525289796	694.112256877898	728.982057018241	784.849427257607	819.461869849392	839.280041419974	899.805595745573	908.780758019769	908.579626781772	943.359212222306	912.639490460095	913.585682506673	946.204022163222	974.175863886219	962.09757124388	1001.29331287791	1052.28911980156	1127.67629866838	1204.13652947821	1328.55631313874	1536.6916319429	1732.31151101469	1915.53641111369	2242.96061743664	2275.10724127685	2918.10219595552
434.779	-1.28769819878868	1.53227198099529	3.11319098180217	-5.53497885069106	0.84200327755332	5.16318784008559	6.81145788569847	36.7748497623794	56.5252281263377	68.1630332758117	89.8998570251509	112.05194223266	1397.38397726493	10597.786063979	8825.10032197398	776.339767637131	141.068914981029	131.111819042701	132.243285343645	164.375532215919	200.749134174085	266.699522342012	289.11575735893	530.353180301749	1561.41510492773	1948.32001834995	911.062638896253	657.197400821587	694.873919201362	737.238342865163	779.613211032981	798.150631424923	865.590537253768	880.149520079778	897.811187293886	891.990583548994	891.863595611804	898.512186440544	912.158273247368	928.733593838797	937.00146455287	956.219483506904	998.28479990783	1056.12950049843	1080.58043649025	1240.92743322119	1331.82195274535	1482.92873014037	1716.32671519411	1873.33369378533	2114.20365462165	2028.39947641934	1788.66143510276
439.393	8.10115685815436	4.18571024240104	-1.03082541090907	4.85130869536915	1.39400117057425	20.7717723982605	37.6970399296817	55.6408378138005	65.1253363283307	63.4636763934772	95.5204552509773	1004.41445583802	9500.93175347681	9647.56041361413	1030.73535763798	125.911911378038	114.260059475421	132.183290766682	146.274872667537	194.436717918868	237.890169305076	274.659714718108	398.877806193465	1146.22152182182	1964.56863671603	1153.01777127392	633.776207834504	637.535868816131	729.667007813623	753.792055727013	777.718651963703	832.391946903743	868.314196896935	882.032972034547	874.785551080983	863.292473315954	901.377333694997	887.198224133737	893.230871997357	910.511264926842	939.521521417848	966.854368994856	962.850946076967	1054.2010754766	1109.96629122981	1229.9790507335	1383.38904121235	1544.95006353819	1731.57171530072	1879.50076419106	2059.32066669048	1986.72232388188	2055.46736462948
444.01	-2.10780083402205	15.4250457130027	8.4931735221878	2.23836970151464	21.2251118081269	47.6664175520419	50.4594709168542	57.1860363860421	69.6767834421515	89.7013641468869	636.495824036063	7694.08936698749	10078.5847809732	1371.12773595061	140.824170690945	123.052039645688	143.114791267919	159.839116205506	188.851707454611	230.09455349895	265.929220600664	332.399586460959	790.458528080032	1765.97607443437	1369.00892865997	673.743756425618	622.374748555682	679.914256233075	723.539145384478	774.263251974121	799.418288603931	833.35776816492	846.223916081885	867.783846336112	882.080843658348	879.069352920858	852.833514994782	877.176102149002	896.250652409563	887.468693444234	922.074777819109	941.598377944451	999.052878946907	1055.52588587377	1124.73423798536	1295.9152573729	1380.56452493305	1584.35889916323	1804.28518080428	1973.40362308803	2138.77784628239	2263.79737405673	3203.3740272211
448.63	26.8968947644102	-1.47717454036215	13.3388748926533	6.27759066359283	23.5400691117284	55.2505820649141	64.9148538812026	52.5222216308896	69.6913362865097	469.092784763182	6369.43843778021	9872.19309889498	1718.30517116246	131.369832100476	106.944387497404	109.780162296255	145.262044463421	157.839414237965	187.441935131862	242.615251193313	278.267554813441	548.635317835238	1462.26873922045	1554.75690410123	721.798067649003	584.810260708993	619.243517901951	676.594960094208	733.644100489173	762.940739487543	784.118317520574	821.212720116244	825.644640290556	827.468849828787	828.371198107834	842.111366245453	833.644510292222	834.395839637649	839.19304511029	860.275993607823	883.632730530398	923.776447182442	981.732963883452	1054.64835569368	1106.92328270411	1229.39177508183	1415.88618485704	1589.43725338552	1834.14360938061	1916.72660458595	2182.22218112922	2174.25526434659	1741.25008229037
453.253	-3.68150619452432	3.28555370837478	9.23020779652365	16.4449707977501	41.1911048287471	45.0224590712936	46.3662777791995	62.95338314097	329.805345994335	4817.46837438199	9184.06504852241	2216.13938939224	116.070923540563	109.32899167175	93.9097876152876	121.912978872402	156.006985284474	191.463808988031	208.796191635731	248.117461699088	395.758248836496	1113.04741618238	1635.51729203523	841.941776459262	549.00774454196	562.024939626903	615.381181574008	683.508738748137	711.458790306989	753.907459992349	764.218995521231	787.941998906098	794.673648100049	797.491837743165	792.333189268759	783.569167321144	791.692540010248	806.552760187689	821.095082896393	840.101624996923	853.613680378983	878.177942178501	909.395551909304	1020.54902520275	1092.80567267519	1211.86013795398	1337.54500948214	1523.57147766553	1726.78503756997	1901.46404548792	2018.38327841089	1973.60619964044	2155.79705615815
457.878	4.05117156807711	2.89236873506943	9.79427540035007	36.2607559830676	38.6752549823583	46.7818035456204	57.6752495172595	252.441727586382	3921.00473798127	8416.63868933477	2111.298742369	134.930744741502	91.7273583671604	91.0894904689991	106.928438763039	140.07933631262	166.794830976798	189.312246037648	240.181582564602	294.231838968409	780.730735385766	1589.57377003122	1039.7491920016	541.496428155675	534.31507992424	578.145791669104	635.079740285175	688.25729150703	715.639834821538	740.042601603552	750.033555415045	766.404206603106	763.128440360132	787.164818953832	777.672418596158	775.700829744875	764.270789247905	812.183490456966	813.18818735624	801.771591260437	833.573014913644	872.096346140483	937.463515918808	1000.42650309737	1026.96248457355	1217.23845154657	1300.05808090468	1527.52834284521	1781.41314962741	1861.02481233869	2044.77809541886	1947.90713415556	2714.31109686716
462.506	13.2576792989429	13.6244883345873	25.253326450437	53.9387709862944	45.7090832952075	53.3999609199335	231.87886771947	3298.27053135597	7914.6315780388	2464.34398687474	135.941883216834	104.320591812219	86.5911834488052	98.001603397311	136.13877991835	156.175859645545	184.850273561327	210.937878134041	247.550815608798	516.016920773838	1346.2878334352	1247.12756735895	570.946041603963	500.19951333214	514.826647969591	581.527973772476	626.910219875318	673.601740337962	714.00655255306	732.17907450196	722.923101750809	737.161473470842	738.796989074731	745.029369064135	748.771793362711	749.401973183703	750.805840952004	766.64745151693	778.786981242167	804.424159652071	825.771992215676	856.835442396953	896.278065418952	948.266064638151	1075.39109484363	1134.41746648251	1338.04994408558	1501.27690879541	1743.0427688552	1847.74141243122	1975.32960071377	1852.04867222959	1969.56334708092
467.137	5.94940375343117	26.5476744189348	26.5295997111662	24.9709167821041	44.3484032953676	177.718873976501	3458.66431926762	7728.86267588713	2493.96056467515	154.6566383529	77.0545230375416	73.6041298949948	97.8644044544509	103.483013437371	134.130842428543	173.390657563506	184.785970225049	231.153516276172	364.941736711906	983.263495886687	1345.64661615006	678.842549227962	465.582992157657	443.407913306241	504.105534787993	555.055267827645	608.941242858029	642.260548634748	680.745295890666	678.705105972394	686.697053646754	715.50099318656	702.887643437585	716.237243315869	716.481998648189	717.726807074905	679.7444400895	717.879347108631	732.977425924759	757.762629998365	783.956483708522	763.601004169174	845.709824971375	929.064123818417	974.887883718436	1170.03005318883	1276.82730318399	1450.52813658428	1677.41661368856	1869.68529086166	1774.11945170403	1644.94176965637	1814.82747224034
471.771	58.6484174871697	80.0917737708109	41.5538957663721	53.742361463467	145.675378313662	3080.17791459306	7323.2467125264	2794.49360546386	171.195135228819	91.8001703327258	78.0765591483269	94.8493761066657	126.828441630051	150.566311513275	163.143098790705	201.065393127199	226.313360373898	284.428756629166	700.08431939646	1279.34242943094	818.67239360009	442.918223209971	440.272256686751	486.342668744689	512.067587993122	554.277386719975	598.6564277325	636.534137767214	688.26677169411	685.825414733425	691.428477542676	676.041597602488	695.589616338055	676.499092231123	687.277834245164	702.237427140953	692.820932838889	721.924255411157	734.456437369497	717.065454864476	763.537812324245	821.487928343864	849.507247217493	949.071444074159	1014.33922596724	1182.67401937445	1330.88139307136	1445.54087771892	1624.67105460483	1823.22981203088	1986.71503168936	2022.67004044163	3955.85418455095
476.407	97.962920766268	84.9788844085506	50.8414599679305	148.021659931752	2199.69116145433	7258.60942623352	2773.16681780628	171.746666736291	83.5469940665629	80.0939606231734	87.785878540504	114.232325295	126.829485787317	147.398772039539	166.991655964797	188.673930801538	234.64069853795	465.673389694918	1105.13665945282	994.538134670196	449.495402218483	413.77659165103	453.283493960932	474.575242345043	512.123361133522	546.375423505665	588.935462777371	636.49507435074	629.865668329831	652.201023002543	644.315434434246	637.492236235251	657.392854099164	645.872069874295	666.756435141347	652.258887811963	654.722041733687	681.217144773391	693.133374821633	700.811915121835	724.125587108418	751.191434926139	824.842007358424	886.833522250956	999.508862360529	1128.73497944959	1257.48796002399	1434.26556937843	1697.04349017738	1864.29829799597	1906.21147197791	2156.05866289603	8100.4169068221
481.047	189.176114232396	87.7219219157889	119.447916653056	2343.27875185503	7430.09825888182	3113.55133873617	184.10029713817	70.8588928840262	69.1865870898458	71.5494093230837	76.2326624685313	102.364407491217	107.848272784641	146.998291702274	180.166980671474	195.522787921776	313.297150656463	799.630707504055	1060.11696481236	542.20282193037	370.266112342655	398.201896340816	409.319904586396	452.688955447283	484.358056171235	523.988304837348	547.824029803706	574.55303827711	612.440477894577	627.642127470298	602.198568847982	615.379600547617	622.503201524961	618.551873528063	606.598744410578	617.564436215765	618.852875710178	637.998854978718	623.788302052604	664.152832638714	694.668867974655	713.444697235773	802.823113999221	833.203911746595	967.608763933338	1050.51280634233	1169.78427197483	1339.20207755111	1558.1417088989	1580.89854188214	1754.90115430513	2107.49686769283	22389.0684632507
485.688	204.347307330385	160.401378970656	1990.00757531105	7200.42854363262	3741.33541183065	245.80686686251	59.8774268369469	53.3126162669725	46.9033847536118	63.2760202563611	94.1432097446214	89.2825067818197	132.134675876075	145.316018923088	175.641179256334	231.564770013152	560.779583238501	1020.69516879297	644.186313093411	341.907554337646	335.301583411471	376.581637999298	396.353115196502	433.721102774985	464.41003635841	495.29810116307	528.541151478105	568.251126728097	573.448115661156	581.35489793718	583.203898519208	574.971205892345	576.370646841318	594.644545380004	571.078492631059	575.034597398369	589.953479943431	591.944760249715	603.131414802626	647.553744380065	655.3224016962	691.759818218931	724.538515868577	802.506341054566	877.605361779333	1009.56065509171	1131.24356178421	1310.35232090031	1521.10104342713	1673.24226038871	1584.49437501923	6397.87142743385	33345.7744778689
490.333	223.024066723542	3591.75272851273	7196.47839751429	3700.09645391196	307.781276241134	80.7172005381735	74.1536195961355	68.4415422023916	75.711662328459	89.6131530725388	114.819745267571	119.210567791977	159.295457937942	174.292195732879	218.649649763773	408.275938566894	904.951487960508	813.124715443803	394.548221939615	351.343665842835	373.797399909507	410.610314814672	416.96227401123	454.718566468964	484.696428490965	520.779317077333	541.376706536508	560.350887579101	585.189158005609	582.448909342351	581.276099164941	566.155081729895	576.346224448296	588.093190952897	582.509367151854	584.260210317427	596.057054723489	585.781880562337	621.677668366926	637.806963366889	679.076157720718	697.777952519799	747.91238365819	838.726829784608	956.241690541478	1030.73737322011	1197.19816192171	1390.15696731627	1647.11557389818	1741.84704201368	2233.6661816594	18509.4215344318	26551.0466381105
494.979	4738.34824220627	12164.3200227861	4193.96407608513	336.751453473848	69.5677575159771	69.1642756471375	66.8590120044259	67.799293126815	74.6364828115996	87.9447958459289	103.145327760405	124.589786939882	144.200502978806	175.343302117597	281.224048734873	691.982096576414	854.09199117965	442.544614951539	315.278122896195	322.30744449802	345.169522344565	368.69875710001	401.238949730583	446.236669588782	458.470279616979	475.046490618293	512.809659723029	542.221063887657	544.919832166773	543.169667077164	541.54711276595	518.971590794403	531.971805512277	539.908859472421	521.819879760749	535.14263255934	552.694318765772	566.018339266329	582.407977716758	607.224171872833	607.847114304076	653.071226569838	727.358408180533	812.734538359764	851.169231419465	983.499472128869	1057.23985064931	1299.78708791514	1522.75572216131	1615.23878223966	5224.98852271564	27461.2790131024	8756.99502670208
499.629	24455.3623178151	6135.85775801522	352.271862830482	66.1378401496329	60.8310585187548	56.6549996213621	65.2993263421497	65.7720988053274	84.5613051418437	100.370555581597	102.872122363463	123.715942899618	146.890861871599	209.171199990378	491.494090722547	840.208311411605	537.017257111635	307.894169352442	300.135825647859	304.981058294254	353.965670406845	352.627575289535	385.360280170934	427.784472066066	427.384914399075	456.304042489468	470.593286529945	498.556471257128	509.639725828737	530.049965284245	502.026754845627	508.247998188663	502.838975887429	512.135525654273	508.421374070001	503.391812808016	510.000619489937	527.08985737414	524.926181589809	583.861410888506	572.508542012312	643.514068020245	700.578892306101	756.424593663639	863.395488062778	959.072621426589	1056.05230737252	1250.52561294903	1456.03297948065	1630.792383584	13813.780629462	22292.0988631883	2417.16615676249
504.281	16338.07554916	464.585371604984	70.3387225547338	65.9105766818314	48.6641451265357	52.2607931576913	64.4834254809424	72.1767363790829	82.2051648406322	99.4531275634457	111.162067509553	116.828590987775	160.05016463904	347.692969522161	717.51356585556	623.166881717213	302.560060034897	264.097231259371	285.52081992037	298.435423671398	340.4690118578	357.122145306307	370.226475167047	385.15750835938	417.903968122173	438.334024259008	463.797418350988	469.171754015723	476.37834525682	478.117645404923	468.896275211594	472.353703906134	471.794532217511	470.508222432192	474.252204354182	478.762648054556	486.560414251898	490.020650551949	515.920973743488	553.413459471292	567.6256294605	599.405918171037	648.173403211698	716.433126210104	778.33590114216	885.455240156653	1034.46164123132	1169.3977639381	1399.66158840571	3856.6458714447	21952.6163267477	8582.24305958866	1942.09739779731
508.936	881.913902978883	64.0028851713889	53.7333176297876	52.3406366997651	35.740744477409	57.1223371983104	64.1529823228275	75.6509199151649	82.8257404346429	88.1755067101912	108.330817505145	132.067238187669	209.305856419158	565.737540152798	693.053092491913	355.063705258354	244.72780593564	248.605190033511	265.012901883763	285.64414575256	310.132865129407	326.527334173056	343.731931121308	362.67794023734	385.27705926522	415.200743183599	429.098963851697	428.125043795592	451.157062375397	457.805970052104	443.087110369899	439.421541963941	439.903056657879	455.993585338036	452.516120382364	443.257954856545	452.383850587326	475.035964056211	488.43527035333	493.87741194142	541.675733095037	556.79077451469	620.688792912214	653.654713453401	775.026001581449	845.028512535228	1013.46318034281	1184.79571860947	1345.51718565493	10756.8232353939	18770.2243692891	2369.96065080244	1615.40007237806
513.593	79.0066615441343	29.2355865143933	44.4136338737854	41.5118802749945	50.1490395741372	61.8893907309855	62.2069696684068	62.6755320127253	83.034215354771	91.9040590522973	107.700341962092	163.32267219916	411.420738176587	667.358431379775	413.782619675702	215.793563611376	221.589926513657	239.544448136659	254.805867648297	268.713888149818	287.259960129327	298.54368435443	326.369203269608	337.137927200196	358.211125902835	378.26869695255	390.589819434881	419.552917760062	412.626764474299	406.513008527236	406.956147930787	409.238517194486	416.803903582514	416.680789378455	404.516213268172	416.724991746511	427.344649179104	428.178864438652	437.287596173641	484.005421406243	478.548484598448	530.956412748356	541.005378785346	625.07783238756	704.394132198488	784.96813360175	950.017646297874	1103.4693019948	2768.7698183295	17437.0512023707	8066.07925782606	1369.12447114837	1417.05757968785
518.252	61.3580262955139	42.0958754079986	47.5929407132981	31.9976655430212	37.1118673976582	56.5083438309771	59.4643536342658	66.6238662418897	75.5798864138193	84.815904122344	115.44438623875	253.860128668152	576.918355820647	512.205070270094	221.4175546282	204.262156407936	216.61336424555	225.535710097594	234.06390461781	256.578388065498	269.530861606051	281.741370320259	304.161755545055	315.786608541671	332.883503715196	347.633332210964	366.326499816959	382.545989096151	381.450169146838	374.595264394779	381.245371283175	368.941097126911	369.775830908903	368.113533488088	388.042353243557	382.268539596732	397.760802198639	395.892824533637	410.906191344341	432.865038279365	465.815329427736	484.259618828651	551.768874499479	599.048794325042	668.005226296126	780.269609534589	955.013173946261	1076.83807235087	8088.25499886622	15854.970393733	2089.11951670197	1178.57972562292	1754.70680096498
522.914	40.7939577547032	30.2820384206459	34.7184980039165	42.8004160243169	45.1222069240961	62.1407443452515	64.130580585993	62.9085561088871	81.457786209648	88.7173336123313	171.267322505973	439.553261595231	553.080713879885	273.614194011676	188.155914193981	193.970806549327	204.885911197617	215.819803668437	222.223087132105	239.97897137553	257.704263695173	282.58582975136	286.881398132538	298.594454940597	338.081343776368	338.666746928555	343.91233026039	354.068227489948	357.642117717345	360.249909323471	348.240508560049	356.876932384474	354.074725491106	344.374808832907	369.957627729797	367.584579104458	373.276563775699	377.909542076776	378.330415290334	437.263829332622	444.147162337163	472.049059101034	520.332340073125	560.791822348964	604.707900646358	770.907500635758	906.025710481131	1976.32880910388	14027.220312009	7682.38823844922	1323.80041941865	1133.91158486084	2476.53418155207
527.579	56.8011945417091	42.526951224703	43.3172356927641	61.0137708867845	50.3526421241416	58.4664166586426	65.5072862788042	72.882382555539	74.1076582484893	125.071679104091	310.031408568465	529.526055287723	341.942693194283	170.352611511935	176.608850023749	176.533224928883	199.084108117985	197.261017463682	211.092069869592	219.148984996607	252.056704742244	253.96138699149	288.094857785364	284.119601653281	298.362976140181	310.600355582782	303.600804452711	327.789854963486	343.402478643799	346.704536048542	336.431309560704	333.803919049713	322.077458631775	334.100712208498	346.047551985602	342.945407758887	352.363049285866	356.407744825269	360.332102320101	384.925163714111	412.383561410144	450.996862869835	498.006740078276	508.312236485193	613.327013248402	758.001087353799	917.517979096877	6169.16509105918	13385.1762962802	2040.67013186544	1167.75414824166	1423.5550391369	3504.19977123874
532.245	41.9589734150737	39.8291525510029	31.6621071561019	45.1368220181919	46.142762451688	50.0130981552363	58.4558617328323	68.8411137626878	91.7505369253772	195.916805573725	450.861684048574	416.00440756941	176.056855590412	151.036082505207	156.526496787	162.851582113853	175.233195377052	198.249101110048	202.325523889588	224.653592644176	229.039478149231	249.448542182608	269.339770644788	263.209526318335	272.259165420489	277.180945271681	293.63890547109	297.622793405866	322.560455205429	292.834534228331	306.103522267017	311.487401051953	306.279470612777	321.007024073068	316.89722858317	326.434685984194	331.041106490376	337.188464030405	362.705513141064	362.45500124916	383.363873226877	426.669596937157	452.735347739767	540.54893450405	611.024527594472	734.378717421002	1456.74747559269	11306.2154953907	7049.22109215362	1039.70048390113	995.843236559137	1758.45393260569	3163.46726564551
536.915	41.9269300714123	58.3577478135473	47.7372841661647	49.0173759928535	56.8427000818854	65.9335595020391	48.6575197277745	54.7728497589301	117.50412171234	317.10912204674	426.823966838145	193.902384807105	106.354335468519	99.2704401225672	109.722584378934	126.444249910802	127.528234568353	141.168127192937	158.544374715571	166.265881752352	169.885546149424	196.65660619878	214.654142343479	217.135388499469	236.807701847965	228.537454754591	248.829021940375	259.298225135715	254.428181784211	246.215836496773	257.094888542353	260.853139317114	248.175948351088	267.566049115988	260.350228082116	261.442053776404	274.512742039404	275.386933324979	289.630415512205	310.792197518283	316.750715289893	346.819940972073	386.610429784301	440.443135026088	584.509632214473	618.339149360356	4544.22973421475	11362.3166239005	1844.77168530875	794.207342135404	739.769453341209	1913.05600800271	440.007151956478
541.586	52.5178930726151	50.3413159107691	41.0691053782786	55.1809716635891	52.6554787032907	47.2628592676389	69.8470245316557	98.7547110527345	255.103702986112	443.451607812882	269.625948408115	131.186061071547	140.311598173022	132.580936104544	142.254667159843	140.35073075833	162.97786172943	178.539132802765	175.24670602692	184.936386444469	203.546163201688	217.606605767655	234.498638757732	236.188021417927	241.538016777076	258.609792018549	260.883809029447	269.219159325551	277.670544359194	262.250128517098	274.218762507178	258.622824664916	261.223720145623	267.781638194859	278.572788708441	277.121929425584	295.66001528899	291.38137764847	309.785479196202	325.311249416707	351.039565520304	390.899848440459	433.943041997567	557.100495362028	608.177523759394	1064.92161496523	9060.78475717393	6538.75856213107	1003.57297306348	837.230959616125	1310.15309063072	2976.11110444618	1207.8757341863
546.26	34.0628692535257	34.5923610295859	50.168315623664	58.2092839844106	48.6424307962003	59.1058942601017	70.1194124721729	164.771342939323	375.12405930828	335.910903287482	139.792900529263	112.511075629445	112.2335569701	124.853014770409	121.641502307792	155.94099540332	162.896425390301	157.674259764673	181.591803751841	178.889320460834	196.703741557644	207.515128973739	225.180085991909	220.398942752108	236.056136439817	227.206607782512	243.990563083987	245.683025843956	262.343635704562	258.388584349979	249.321189190462	241.028428572643	251.221613540023	245.9104661328	263.527403232279	275.787189533876	279.750169634397	279.260244447073	292.963354107262	313.583716066066	337.222359752269	351.183872986709	407.757898556369	517.378943168293	567.541590208542	3515.21131251235	9939.60374111434	1956.37952543606	841.69773733364	782.741917673765	1891.00428342071	2257.78209726333	1071.69675510604
550.936	38.6579476136001	28.8675286334103	30.1999861370815	39.1974869383896	55.9721700854294	66.1929927213696	124.122749109789	289.92953523371	364.690600778952	177.797076319448	99.6488595817451	112.810097395644	119.374737328416	114.913340661453	129.333926287171	140.432847048971	130.498431379546	149.567150388147	175.729863597294	172.940671853816	186.201724724124	190.096723495013	182.909458954466	193.091167791613	211.240019403468	229.20087444572	228.244622774307	232.818601958254	233.501519990169	236.561871413073	241.224158585454	229.810271739981	236.010912718365	223.984724625817	239.016133164908	239.826464193821	245.623370900344	259.85103616575	289.216546745784	282.515377155681	306.078784853643	325.146584655966	391.868353217892	500.038080284926	805.223885443832	7289.084244963	5936.09015078978	748.526010538217	749.34270211209	812.324588691904	2296.55256252964	1205.81052154437	999.170366330224
555.615	41.0843001494308	33.1400716500301	35.0191548016117	47.9442741062396	42.8795615455959	80.5447704966947	223.351156467461	360.548335772439	229.501056969345	103.313374287432	104.172409113916	102.032044933182	94.0329485450698	119.269924909336	121.918682399593	130.398740238728	132.114547303003	140.478985883836	150.327289372429	166.236173005224	165.905199804153	182.963863708018	188.638027798535	184.638499837772	195.569647493945	193.003744806701	210.403383262737	199.443706935273	218.553014737282	219.823378063608	214.671031186618	210.98828138309	209.686480986208	213.696671370816	219.987431546395	232.619887643256	230.002805172502	240.808147248514	253.897105932079	278.940528281866	293.715630728371	344.145838121681	443.223047707991	503.125881100116	2582.39248193936	8503.25116423691	1848.59736973015	650.309905913214	591.38842951679	1158.75700180623	2007.67289491724	789.80985341588	742.395830132573
560.296	29.3591923025027	46.737916722545	43.4832216250939	48.4520850380787	65.6345631232157	166.795625250358	327.208276911998	282.475742765303	114.445945400832	79.6387810774282	81.4754497163758	82.6921120513406	107.971045830897	115.296127961607	109.627573709486	122.302771504474	130.105403095127	132.34266027826	138.422114527693	144.949113010308	146.654051406336	158.843083467253	170.409930097227	173.845466232861	179.773303019098	181.414789386817	195.34167719111	198.028066784115	199.593522636292	199.679002830128	191.642024365045	190.429959805985	201.851825569999	206.264428009315	221.235988679201	215.920032380152	220.297886082519	223.407207894633	234.05479288893	249.328230879274	281.691550437152	330.279703895819	414.738452990572	624.50405758375	5695.49686610219	5396.10697854745	647.641938467832	583.790671367153	655.970405706432	1675.20287384301	1567.49365391979	563.774538653052	1248.06799700755
564.979	43.6375941979205	35.0141358506274	54.5244667391483	53.7504096651884	98.9522776311657	253.065016903925	310.754380736407	145.933209933579	85.3578394720815	74.0666075394508	73.572679651541	75.6801794915239	93.2616275519511	100.490075181738	108.69579978076	110.579546527877	116.82687565539	120.158459901428	133.677325007202	136.74803942573	130.962734255532	153.755139461783	171.304447079715	154.561442604597	172.109020575488	168.194107185635	172.942100809635	180.588491863137	170.992675710529	175.097978433515	191.131884472444	171.900721625297	189.459246594189	204.647239663906	187.898641124421	201.290607120882	210.489977847481	225.791666077523	227.123260660535	233.013530161988	277.757245212858	332.806416242392	396.146033553687	2161.00762472983	7248.4344501282	1804.34918294036	545.104092435496	571.904808127005	845.005540382132	1773.49793523267	783.888645875576	588.733747413574	768.718437139251
569.664	38.3108086515166	25.5528354221062	44.8484275776623	73.720617991501	186.694130890157	313.853579508528	178.271339360739	76.6191888101118	67.7378084022108	67.2106785726343	69.6403818499445	73.4410144547989	82.8223989608672	101.22471985439	98.9571764989442	99.2865444086889	122.632873721868	106.635034532784	141.70632560788	140.232892128301	136.819044555481	141.068302020549	147.624629080835	155.054607883533	154.339131929461	156.79767985408	166.380169733852	162.53210258156	168.485765573788	167.802134773962	170.72807892402	163.521821097474	165.914198301141	169.248365329727	184.099259493546	178.983401768946	191.641406273974	206.175943227403	199.140605150877	235.937369050552	261.048139835353	339.494944883262	473.404283650107	4813.56835765892	4840.31809707726	571.905706110699	501.120386934749	593.393084699435	1313.02867420511	1550.76469236846	600.11071151593	659.671211339755	840.239372128006
574.351	29.2842754238477	36.2981943591293	62.2767597393862	145.310535891516	265.685081149471	226.765413710464	85.7500016788193	61.6268077258841	58.298062912526	60.5387950855693	71.8979212240753	70.408841747383	89.4351565182167	87.7126722597319	90.0200445449064	81.2746460413487	105.762469550824	111.875119744751	120.22904898394	113.147288427325	127.403474027779	127.020902284269	126.059492384082	140.005945149646	144.390216457308	149.256476216376	146.756606345571	146.715195189597	158.853005392775	147.90437416402	153.914905232593	163.207564073671	164.445323756472	155.931852905669	162.96542017473	156.210014882238	185.743576770383	184.312246797009	200.846420075108	213.752269570752	285.261229649771	317.605028320032	1545.9332851679	6155.89959472779	1817.13853131721	482.667336434133	532.176134914401	660.817271906559	1513.45819758289	1035.29337447775	559.237940764267	557.795109077051	1013.60083469988
579.04	37.7556281985246	46.8799217768876	108.146394937946	236.581987820801	274.78531767843	111.071204923887	56.0066461912077	62.0187732545427	59.1904858657976	61.2988292223658	62.9682089903229	74.4526859023672	77.4338544469164	81.8282942856867	89.7020480324618	106.076348961862	101.082354236788	114.753158564107	112.426539615703	108.023972283577	120.716227186095	132.514527483173	112.505140441676	133.490110167789	139.235351248831	154.484559123648	137.458546370336	142.149759220628	130.579135972023	148.363037441624	147.232844007553	152.27548243347	165.050779573634	165.083082156328	148.639441206951	160.232202543307	169.434749429578	187.805402777954	183.703869710499	221.885891138421	296.25548689425	357.033471472162	3815.68869049747	4286.87952949913	487.830588690685	407.570452332606	475.68802310625	881.89203667809	1536.70632106095	629.905970604236	557.129334871646	583.158953246714	720.93725239569
583.732	39.6498289060611	69.29644721961	166.089069116851	261.282514014724	179.593834726036	61.8535353805082	50.5606963526682	48.0000873234136	55.3150657264778	52.3840288597562	60.480521190059	64.3484081349974	68.6387274875178	80.0167972114118	72.3921758961193	81.1237564206867	101.432258934945	94.4625220117968	93.8883710158921	107.989521158603	95.6871078338411	117.87251824902	111.210724560296	113.802948337878	109.504202338751	134.725176098696	131.215249575287	132.694591827909	131.416531876243	135.554126327119	131.938459480635	137.57851406071	141.75046451557	141.250476754722	131.205226006114	144.146480889071	141.289097007188	169.444320932236	178.654348670866	234.140976419878	277.623698786121	1092.49720331723	5353.69578253105	1591.64975603335	355.746444593872	413.660313465545	456.787685278678	1219.27003720545	1080.0098033177	453.46280863898	499.60001112502	109.190458690812	286.849530957189
588.426	47.7415448947743	137.823921702347	232.516540942955	208.778785751769	83.8796870276242	61.4226898457142	49.6914595258352	41.3310722321147	55.9715435218022	58.9632434833844	60.7916692405819	61.5173482295214	72.004590618259	75.7318996582341	81.8958491413704	76.4447865430657	94.7573281678487	86.7469628124142	99.2109474830067	106.717725663732	104.464494769868	113.40125691091	125.629074368292	112.421855837039	115.975138362358	110.631900968944	115.180216274072	125.636608230905	138.340241072202	136.251497998479	129.702565599168	133.9101516492	135.694965585142	140.168527702929	139.398336878418	122.724815219626	155.657901227188	165.863337042331	176.834860742352	252.514874334531	281.743781053032	2946.81043271878	3916.51943433999	408.337279626289	348.855236609324	377.354205422516	665.066700729762	1374.44040342822	720.465341330731	448.99277232072	455.20468978956	644.794174145534	864.975770610507
593.121	89.2853028523171	209.632026637136	259.569657374433	104.436991697292	50.4705020598706	45.4192411282094	38.211736133041	40.7104246336071	38.4977708340504	42.2023814097406	50.8726320559213	44.7798986078956	49.0506620733425	63.1306837096633	78.5774861885781	72.5590959837823	82.5741023827015	86.2299358490208	98.6651124436354	99.171081276415	101.004910505103	79.9481646183669	114.378578681575	108.702152678046	109.368356634263	91.1356129375143	114.257083793378	104.123934660956	119.298791849359	130.722437927637	123.907187074382	106.432684422555	125.40470922204	132.084428860986	128.132578311053	135.30706107615	145.187352434819	151.03078284259	199.738018353148	227.685038156527	720.50839351349	4487.33765984022	1563.0686741925	270.676431119197	289.245605628993	352.028151174573	834.173059116559	1116.5649122434	394.650869491328	410.217552778251	417.543375308266	434.311546268546	255.67755224927
597.819	138.096301006391	226.259134719348	142.409402591947	37.5701013082346	41.4441072631511	45.1891606765991	31.0207968986097	39.4583405275695	45.3111777141671	36.0780820919185	54.3639295955647	51.1545208094714	53.0028292728698	53.1250920596462	59.1454546317356	66.1277289583664	78.829104279527	74.313039557904	68.1553310606889	85.7292875164901	89.9611882932411	86.9349277654944	82.973806356123	86.493736200046	98.0840028669041	89.5476987658224	97.7514290201062	110.172285188198	105.582079528529	108.007630772219	104.322824682035	99.9972448470051	105.881912313105	116.120809374351	129.858074179692	134.11901947629	114.942870920625	125.682613354074	193.035325283433	204.081769484661	2243.55296535915	3657.65722085613	352.66021486269	262.902478447987	306.427391284455	420.397301904371	1089.92439762712	752.740951600213	388.835572373358	304.9392448767	248.389146500043	298.228556668616	171.483084267942
602.519	209.827809855498	176.689303798343	49.4333217005534	38.5067466882527	31.8111159938761	30.532172910044	40.2791098013162	39.768026507359	33.9184940639267	43.0126843940612	48.8672928116407	52.727730779148	46.3577100553207	69.395270455562	60.1912111220235	56.8372526586757	69.9751679148973	67.8245283893582	60.940574851801	81.1882062322876	79.655026620671	74.1641910563199	77.4305744214156	93.1844779407633	93.1507038701726	86.5542409926827	90.0046689854681	95.2612209392307	97.9221274926396	98.3596288763202	95.3402598305033	100.782066112488	114.227913266598	99.216253591883	99.594399718868	103.822608637368	106.577392520013	145.196732455536	188.968986827251	549.627253264859	3741.47681664426	1634.85683787544	221.387173915212	230.185129707287	270.320894914762	601.720609072322	1009.61531386772	422.768382993003	257.951147811379	346.615645326547	441.774019506454	216.689410487354	449.355288358177
607.221	208.306786613182	97.1419491299106	45.7515339085633	41.120797546087	49.6824831094421	40.5635335944237	32.5141254547253	35.3862226756743	43.2109880073716	42.058607830959	52.2967392620615	38.1292719435131	53.5911846120617	59.1561886875945	56.6268328168818	62.5903726699917	64.1318884182126	75.5722712522225	71.4428427860195	63.8833379672985	89.6336425236117	69.612627469719	90.6301495644342	93.6885236716551	81.8428985856975	90.7542788695024	84.6807384118517	93.9781945177585	90.5466225847434	90.1698875666992	99.7970626169892	103.191571944888	104.946261337027	107.240449796632	111.44450241465	105.780066477702	117.6099002046	159.479228768191	190.674563534941	1789.06306785324	3417.28057478884	368.360086075698	207.864777299637	224.605698363946	275.002598255467	843.365845658373	761.615159712992	363.77422409941	362.055230987486	310.106429051572	538.628283044837	620.670197821844	871.944293798322
611.924	111.618799765518	23.4612125748097	24.311180342762	25.824914143356	31.2795327333055	14.774321179448	27.355510117502	23.5896226127281	33.009265014035	24.1676714522664	31.679611590082	28.6479811478807	39.406855897338	41.7463652012796	48.2843683055221	44.9691309833108	47.6273163264845	49.1192582012306	58.4930491402577	56.1505973901724	58.3356800045756	49.8999788545764	65.9088942164133	67.369104805819	75.8512750872552	48.0097756302709	71.8650158895439	78.1921634729557	60.2239369402988	72.7069970672447	62.3296563182266	82.0746545086341	70.1262058034115	71.9721291851545	79.996621263281	89.9702080238712	112.567185948522	133.277835364028	341.15181962309	3148.66962338781	1678.48874412992	153.611001900474	162.853318352154	181.024940535288	374.217972674254	849.657693977465	412.279983057175	276.113346712235	224.037501344571	275.422221893217	123.762501441719	170.900545530149	-35.2129749649077
616.63	71.4654600047672	35.389691200275	37.9268279662582	33.0541928312063	35.9023258595796	31.9747584415719	37.1440617503846	38.8901113020092	36.6954615508545	40.6523629336294	54.6591060262127	43.1492834336371	45.8547155958188	45.6010221552792	57.5088839582282	57.6553423701429	60.7486666670674	70.195805609449	70.0307418354487	73.6560891348068	82.8072843880378	70.354514229521	77.2782770896946	82.9139089159734	79.6341981035384	86.6194962803236	88.3269858944099	75.0012862478361	90.5622680490656	84.3289434496504	78.9336124617547	92.7891426933576	84.8418605148846	105.364790892034	98.3156120107389	109.376179235064	132.914832202418	156.964571628864	1355.59104613083	3113.44079932758	418.649110864616	174.738903239193	175.986264753958	221.475541357248	573.687737556079	739.933516057835	367.248004346689	301.900835074777	335.544455427904	383.224929582855	432.309472190846	424.814156019344	1246.19362019703
621.338	50.0668601749454	26.2605213100252	35.7468106390977	39.9761496404157	24.4097945828192	38.3008668654381	31.2625468457066	37.9757466417261	37.966885629078	30.1529805279037	38.6895939172878	40.1425208276865	44.3020641787944	41.6112555640362	50.111217979411	50.9190047646336	47.9015479890896	63.0710796905494	69.1172390810504	61.8615175097343	67.4513822196707	80.2172845544173	81.8143679099018	67.2674922224802	78.9431017548889	74.507859602486	68.1853718373685	78.1092216793779	66.0939560066753	77.5187067769622	77.3943316774946	92.8996737822624	79.2659186433286	73.0264044532106	83.1798590091156	119.332773171418	124.706168879076	270.463693552079	2593.79722737507	1651.10967746268	148.07991823543	144.18321012021	165.390112353718	248.1600193999	714.276891869159	512.867651930017	280.097292911118	286.766646943756	353.626026234263	261.485453948021	332.508163547573	587.793998057224	861.235415883369
626.047	35.4728283837464	22.1603641768348	15.0080940295299	17.1534001092641	20.2956780302911	38.4028467314057	20.7072417352875	35.5272443324685	25.8197089832922	34.1614748358411	25.6101866921556	41.7570629424485	36.6838018269204	41.0712237491389	53.0318093257988	39.3128621166925	51.5654488868404	55.9289769235167	47.9985652132953	65.1894599935305	70.0243846325772	66.8885824625853	58.4345141223565	60.563356460876	58.4488456023581	69.0908070190541	53.5435385814258	53.1040233794456	67.6834334314703	69.1496805695423	64.1302567833247	80.394756654722	68.0560685711121	71.4755878503535	105.393866606595	112.708420346909	134.87316968485	1041.14244289634	2844.41135202246	434.753533756636	116.441601827417	140.891981050253	139.343667198048	357.263875827549	690.877769369987	301.352759420557	221.072601811142	277.293396878864	261.706357810704	326.975438533327	227.664542545159	542.165868700064	652.143950086106
630.758	24.6492685248309	16.7986225593281	26.3654159556427	22.4367264442145	13.7733282621657	19.1379224884089	27.6349989737205	29.3311852758509	32.721342275817	28.8908223864107	31.3757641305433	30.1022033868636	43.5822654266876	37.7093307325903	40.0466382027413	55.3229590869678	37.2277066189863	53.8048456262999	60.0822647829857	39.4544894630538	71.5535609231302	58.4703592450259	55.7803672421408	61.9209195640774	56.0551161791101	61.0216033176578	61.849263448507	70.0652965333676	64.2344913252646	58.137198843927	63.5598178035277	64.2500843432745	52.2266861221062	78.1000872084046	64.9294207473925	113.560766602302	200.138088441693	2159.90911667793	1612.95342356862	116.635855028492	118.175443157005	115.079142019402	171.101854246434	441.490406104736	461.343125500883	227.261154437046	218.9079434682	164.864109922758	239.990145430278	200.738525823888	191.106289801084	385.069670432182	878.855999892529
635.471	2.70966818455206	0.806079530298559	-1.09183380647204	3.42561910948922	11.5167293974913	11.4079930577072	12.4903294795982	20.0625996522113	9.50746815706967	14.9114150129895	12.9101907990642	25.0172779496715	20.9753150273489	18.8398478052662	22.9708965987958	30.491973689951	20.5509786019533	29.1680062045519	39.8611477407959	49.2993994017538	28.6061758491712	48.9768597185585	35.2683130212492	31.7331270472533	38.8973613543776	34.8555057225	49.664749513529	45.0178537862589	47.2513982607819	29.7721005390425	39.6337168544738	45.0666622502234	56.1578129310319	48.8596172771728	73.6067370555443	112.274028258424	748.863196211691	2480.04931264341	447.725080656846	106.598659679602	87.8483145540055	100.077816168247	207.603257109092	517.791283326457	275.13730985915	161.54019489899	105.151519918013	192.434613399306	123.564693718153	34.5357131943241	-129.692946207897	-201.475967075348	-147.60123348329
640.186	-14.931045012108	10.0948369542761	2.55237643110927	21.6217591432059	19.822150141784	1.90488780266159	13.9496841853718	19.7411874591751	16.8211822826654	14.9393004194433	6.59914988465664	30.3901752216379	22.6563013235174	16.6356634295051	9.95193678224446	25.920360114383	18.6285141654197	31.2853208586073	33.9076621033083	23.8991577989083	38.0820291633999	48.6995142153186	45.272029945577	30.3635951839552	37.9534908247981	45.4627824864563	32.1961110232723	48.0223163695938	45.3942920752976	33.6765218370022	39.0725093678469	45.1509401134085	49.83279408788	67.677205212164	76.8170696751615	127.265538469158	1687.71192167777	1535.9443219841	108.303078928376	95.3879632970535	86.5457205301297	94.9599439969111	299.061210144473	380.78441862333	158.420595513868	135.185909942504	180.924015180112	109.573841043525	159.165988048709	123.572490835352	15.7497553018207	-44.8561647691385	277.269859286459
644.903	29.28805323392	35.5314408617208	25.8154079300614	17.0090799369436	22.4425131572537	21.4684272653989	25.5208327056532	21.9634330257088	17.8333093706657	30.4598456751264	26.1642521540116	42.1451280054101	31.2177818435384	24.9150505792323	33.9715726494374	36.2037869508632	35.0383375669808	38.5972591893336	58.6827320115069	56.8047595007228	64.3276413820982	51.1217287275149	55.8406393649033	29.2653385309753	39.7581309576428	40.6509803191249	40.7872263756403	56.7756034239614	33.1229380384026	56.4444760699009	58.796510050992	55.957972145659	60.1574661113208	92.7072428476272	101.866527178072	542.227261701891	2215.9719551392	503.106455895815	90.5650534598048	99.247600611552	107.316458397555	156.676743672987	404.09686681746	301.677993010041	185.066534320194	190.652516001052	143.613438969853	122.048743754932	221.801108191851	144.981989973003	139.385029120152	741.022218893665	841.314130268768
649.621	22.2769736100724	21.9519880677197	14.9604743931548	11.9692814963497	29.1330450120914	23.4471107698048	16.6234530910832	20.0653053652714	19.9566824038059	26.0262847550323	28.9714645282529	27.3161245166033	26.9444049223855	29.861860480603	43.7035670897465	34.5006224834988	49.2787160267481	52.5441266198646	46.7605268505081	50.2545219390269	63.2246869387518	55.6297003719786	48.3251838069625	61.191264272602	52.8343027364536	50.0123578212321	53.3736486651935	34.2813015254397	51.2191799621621	34.2144811863944	46.9210122492653	50.8793716900328	47.8178704026354	83.5729176852292	110.312432173879	1382.3375301816	1467.98545530038	100.801147057374	94.0338536960866	71.1589556981387	97.2999797068662	217.119586236672	412.227626593009	190.784090597599	176.311267604826	151.360819554573	149.170017087889	221.943832476441	206.800364362176	169.84989679078	254.444493709345	245.391522116261	474.012833279479
654.341	25.4508000512046	24.8166254576326	23.169034433964	18.2327453421797	23.7300196688497	13.0394900406796	10.8982572039384	24.8635789516213	26.3888127865474	22.231237332886	31.6211192881755	32.9620533520351	27.3628495576364	22.9941461110385	25.5927017708449	32.7863696482559	41.5331246741444	40.1096302183626	49.0565231488922	51.0349709844987	50.7109149707508	44.1956934534767	47.9254593481765	52.8389313642778	48.7129246792933	54.2207383781002	64.7042791648614	29.7437331187605	34.7889924534883	60.8052017538399	56.5840094083827	53.9880289156394	70.6638686092944	88.9774505400525	381.242595717994	1892.77096286821	525.78500436306	82.1460221827729	73.2862408000921	83.6741620799124	87.0963301882817	288.462482157008	310.299930062842	127.520722156749	125.417069305173	132.886020823899	164.607504575079	171.932576083504	215.538589373053	123.573244119035	102.538094469508	552.917901511828	57.7649061440859
659.063	21.387418571989	13.5730943806573	13.4055402340695	17.304589586114	5.59394322457224	13.7208870346287	15.2997171493404	16.7779997836738	15.114937783743	15.4436870038474	20.5186741191524	34.2266504570227	8.62282397263727	30.5807240841476	26.1346812553259	28.2000960769433	36.3897285885695	47.3086011987718	35.2220747427316	38.9120297593661	35.8787405888765	25.9654044060441	62.2472720150147	36.7730737786895	43.7832913665803	46.0254621059901	43.3851929370639	41.5825204976242	42.5748195034651	44.1345616604766	47.7168559553648	42.7521552103157	61.4645234381796	90.7612637688995	1064.4094096072	1409.1764427707	96.5106919153992	57.7735442597671	61.361680391137	78.6250126479178	110.941918862046	324.881935673243	205.520963827586	127.172554704259	119.815699726021	101.002947687262	150.355297337319	101.987612458087	141.185775239261	145.381589865038	-74.4484936554568	557.569266433471	-213.586440723057
663.787	-1.44605613215161	7.74318146400298	-4.27294204792177	10.9688061761957	3.15183584668907	0.2899071942723	0	18.3543687342845	4.53404004304791	15.6627866657495	21.6534120793647	19.3587403700958	14.3420558692996	13.6327793248394	19.5477724018201	28.6001709758019	17.0603160596446	41.387128598137	16.0547283086474	37.3423504552807	25.9315017491177	40.4832671568765	34.8981572564999	34.2503022430021	40.0723041435694	38.957182233077	34.9926817850333	23.5059568057454	30.0524647562731	18.1092903943778	50.4243249501498	44.7136389997521	65.0765877822049	260.046876165565	1599.26088610122	536.946378172525	64.1702180559865	49.5457018249914	41.3367293067136	82.6578002059365	140.123908774993	299.537306599371	108.912865427124	75.6567541719793	63.2893362682713	133.876591713027	73.1944265590909	121.16614169988	128.116275511227	28.9622376961949	-67.1152842608884	55.7515004241094	-590.772525235233
668.512	23.3147493796922	22.1076573864246	34.4463021684417	19.8956203337971	17.1507441246245	11.9775630821566	13.8742418738236	19.6514231944604	19.7985354801174	15.7831851051741	26.070481982622	28.9249868558742	27.1421280886573	24.3841925711149	25.3737391999743	31.8013990958799	39.2947592741806	42.4434140837964	50.1522326620577	44.0434996525878	35.4030666149089	48.3196497655642	43.0689817218104	40.649329029259	39.6527627313215	50.9275363545002	39.102047016039	40.0582966778917	35.8528501429184	46.8263265076861	45.696637033241	62.8072133969422	72.8247906332759	845.741464451656	1339.60218909861	98.6937256202396	65.072751366752	50.3606991593063	68.2034909428579	75.4538248889839	249.332671535039	230.651185553011	108.488573832402	106.733649219004	124.150293558981	143.081791462065	167.182681949201	116.141557671392	161.37636731982	172.456037150754	109.900689347804	32.1028898392138	377.032035819746
673.238	20.0346131357311	25.2934536237678	16.1454956336626	2.96524991331096	8.94653425549628	13.2252750775896	3.98794175814721	8.14049318231976	12.2570876252453	16.1343361088107	16.5347189181844	22.6702918798006	10.2839216298326	31.0956851373842	23.8471683775825	39.6578846670967	33.5311003320085	33.7879196369736	21.9720174979577	27.1014629540753	41.976321815756	33.0711753034765	38.1607524020952	36.2646056910538	26.3503895406013	28.4634639860526	29.5031472565406	48.3594457445876	39.5705871702287	27.710780458628	38.7672928697028	85.1630041753953	205.206853043921	1370.98641799056	598.062961591525	48.2812647701993	49.4072727073909	63.7667389097218	41.9053351241057	114.355251628732	264.036018411278	147.818218528153	99.6237294263238	89.8455817016136	100.94492560299	81.225242141359	66.7811247540951	133.318568053398	154.708301496761	168.156316336976	314.677997826253	322.962217604047	299.449437187038
677.967	-1.47670011097091	9.66444166479404	2.77676747448177	19.0421262312688	-0.321862771512378	14.2104354518914	6.91849998879602	14.6432217343235	11.2445838877049	1.28989542845195	18.0918642836989	11.9295566033503	11.4310121826435	13.5736353083897	10.4885176182626	11.0782324291898	25.954998540139	13.4646946750446	19.2640671366343	11.7001087518284	22.2098936311977	28.0959373525493	17.2182139627638	31.4785032189562	17.6957807825402	34.7650972355061	27.5967292251576	26.8280909133912	29.2783158995185	38.0328803692748	48.0369893442104	53.6172998392121	642.871000208496	1186.96758525964	98.0559457735533	27.0632526966282	48.5254359659871	40.0365542365721	42.2127131839436	143.496041432135	215.969863171899	66.948399037387	76.0648570372244	66.2228811558122	69.8009691585747	78.7139061228794	66.0252095015641	75.4474536350758	-1.92398883762058	-53.774524652412	-111.373522408637	252.131652233798	221.207005176423
682.696	9.45666029643929	3.99769569382645	10.8297485358318	-4.1528962707755	-1.30179881750496	10.7766005256168	8.80091836359096	9.27868365023788	5.12760052637581	14.8686825642641	7.25931956776518	26.5375067568244	16.6152039182495	14.7806657064455	8.55274574699397	36.3206360483006	24.4466973587833	17.3966239402685	21.1365176232387	20.5938301752742	42.7554482883375	17.4512715417549	25.5078191356588	23.9702202568339	16.0291348497238	15.5830801528657	28.2620223656614	31.4102927428463	26.751146399275	47.6298948450533	42.6318271050343	127.667172576477	1157.54389365066	571.728178176231	34.9273864464724	51.556970362535	43.1950462782727	50.2697677326684	65.1973298553203	205.342346520987	151.142490524002	52.5215882927063	76.2662221350282	52.0806909095045	97.5905108186486	35.606552304027	57.9435213655309	79.3397926101946	95.3260862657221	76.1233251562869	142.934044232842	24.6717562364057	610.015092928722
687.428	-3.0071644722862	-4.02560794205974	18.175604587946	17.8680846089333	19.6633212983349	19.5936066059253	17.0430136870922	11.7290345507302	5.61239333192475	20.7513554343491	16.9592110171095	18.046562090922	13.8214365553161	16.655754317169	11.7129479644519	23.9270662177894	26.7895085770002	27.8004450072259	30.048133511334	45.8874952221078	33.0515328564507	17.1644406324208	38.3250188345754	29.6773553541598	24.399264076854	35.7628950723162	28.0991052484693	38.8181479751498	36.6355782146652	33.0407994295218	62.634824003278	518.108589564422	1121.10923631931	121.548982840849	48.7859307512829	50.7188621173787	43.9189351852812	45.6930713248889	132.722047575545	218.404057913364	93.7018361655166	72.8683223065927	67.0361702584207	97.3965992674	117.575304130245	108.620044295536	74.8377649341957	133.668388968711	141.048971314491	123.195253865933	170.101480279781	140.782760266505	982.838831544853
692.16	1.51174373770899	2.69830606338768	6.0914208203169	9.17365442644882	6.59001818474275	14.8507401683542	6.8542095254438	-4.99690686287302	11.9628581467583	3.96151795840171	9.40759517768097	13.6083896372586	13.5307635270879	4.98821858279487	9.35194734913228	9.62277729731013	31.6667338542984	22.2079194389861	30.2112359229014	21.7374244257957	20.5507115551728	39.0350699418214	25.4154149644477	9.15045651812157	35.4766183964031	18.7123253956812	23.1808231880989	24.935101395894	44.0568762573453	41.4358812137644	93.4008391433019	946.227499660106	574.69740442548	40.614286955233	32.3202567776046	29.3116072456032	39.4868421321072	39.6354545563549	150.538300084008	148.426278996329	72.4276895282405	64.9921288425381	54.9670271046907	97.1720003917949	97.9231292252384	93.3053218097224	66.3167344537527	92.6854800469332	112.269884142289	49.5455849558385	70.1640195218366	-99.9154831368307	-288.217334447097
696.895	-4.56602995659367	-10.4137493027912	-0.817705019118772	-7.31179587957484	-5.30781678498559	-3.05134520541226	-7.36080687428916	-3.219738140471	2.9542126889126	4.78610473996301	1.18393526653243	-10.187777464334	-11.0453926275314	-14.3488387494863	6.62569154035416	6.22808071271215	2.56520089580899	8.48089886167437	15.2082001740519	-6.25286949113859	22.0109270045955	2.89580104218479	-11.5558759273075	16.4224559579906	7.59947660008456	13.2984005288205	14.9510626256393	19.2831172039456	34.5395598941132	23.3760576849259	361.536556291471	984.384670312222	113.557043302229	7.36758531047826	21.8207692094754	14.5532033234528	32.9154277686674	45.7996193343646	138.651657837617	90.5817148661061	13.7066815377728	38.0703943108755	19.7643957299766	50.0535277745624	36.4154335375595	57.6443605966705	0	10.8867391386586	5.94906887556971	8.31367481590628	-207.506478142288	-326.930529006296	-269.44785922013
701.63	19.4412544892667	8.67515663530228	-0.824595774750948	-1.16422294499494	4.34894319255747	8.61576443045817	2.08767262293666	10.9581886067925	12.3747549711551	4.55830159578253	14.6254247501305	7.43952467261694	15.965142553915	6.14964614344435	20.0445776456176	20.2373742082448	21.4336324042203	26.4345887056563	27.6906479201626	31.0774131162924	31.5189048793897	18.3555667412833	20.3931991619399	26.6589245989448	30.2708920521631	17.1355947101439	30.8895749001935	23.4814973364125	37.3970898322485	79.0603711676496	781.968115869228	549.731169932597	35.9901087283303	28.6042354689058	32.427907683534	42.8045402596218	33.6238796649426	99.2303835644778	143.677173120538	69.1538736353234	41.4665609882819	57.5868171734139	83.0456217319057	58.1231028109074	105.688583427884	89.3481573702823	49.2024978246847	31.3670888459025	49.9933446230588	67.0698696039573	160.280520452992	211.336894074944	438.929854965314
706.367	-13.4612087562969	4.62055077162963	-7.51023691439055	-5.10538237286244	-13.2030726259774	0.311390821661831	-0.469483036656548	3.69647300552465	-0.463812946364983	1.62807875129215	11.7800473842286	12.5476952044871	15.0291479301824	7.32151950584033	9.2526348807524	10.5929627751706	12.3410396350879	16.1293744494339	23.7111421007918	23.2453435436438	21.1144927009303	10.9763637885199	14.3198418080248	13.8978503359825	10.469644008088	4.14671376025288	17.1182947484728	18.1933182140972	26.3430470306882	287.36517766777	914.921544840432	153.905190557678	21.7055101898996	22.5559380114466	7.032053557072	31.3533646007844	13.0871324402972	129.109786272494	100.997791824403	34.9910148875313	48.6772495265134	55.8482658979807	16.8080278579282	37.9228790406773	19.034233256245	26.1450076052137	53.7226507989343	38.0912726389874	-2.02368171039303	11.3121781058509	-9.01110938473106	119.765951786883	-740.310473937461
711.106	-4.70887178446649	-14.0080810554535	9.27614348145731	-4.36557297238137	-1.71058261591146	-0.944040675095697	-4.2699821450025	4.56563679221336	3.98405602716651	-5.21004414792414	-0.305243254216865	-13.0425365289704	-4.55637288292676	5.17920269892457	11.1485250811563	-0.356828747879759	5.66882057025737	16.697313549729	6.97065214910933	14.7393867939313	3.17793110755012	-3.41301955042556	8.08679714033771	10.3269569539814	0.783721554151774	3.04764939851661	6.01708706356583	19.1359336453922	53.9925445390048	642.738900204665	543.658270325214	22.7965031397963	11.896839695608	10.6372978025005	16.5814535870216	23.7634263963553	44.084598248129	117.847166347697	54.2372751817421	10.5554165500672	27.7055325673051	33.7402424856778	33.2917385376946	59.4405005095114	50.3781745095159	53.9432682490619	2.64830022339972	67.363892802561	-34.7660037458872	-54.3004574814528	-173.019681065039	-51.8704755352444	-855.006635946963
715.845	3.70484147399075	13.6978568405179	-8.95697382871582	0.401463254218515	6.92151682935412	0.954966068211216	4.79933188369803	5.66812835634627	11.142216877361	5.27034004614856	6.48429259285514	11.3610504549321	5.76137979551529	11.9751809570755	12.3689226088425	-6.85820828716465	3.8229505953754	14.8797717736643	21.1539707492843	23.7627581202977	10.1033722089424	12.9469442370724	10.3331188201037	16.2964946670031	21.0089766664113	35.0682136182098	27.39025295248	34.1601070869333	227.951791050779	815.254083255113	168.329300784121	16.3653935828943	42.8729844548823	20.7522064934203	24.7606608992476	24.4601678228204	85.1760484960362	122.99548949993	26.9337094841093	49.1168427086963	22.3065426737991	52.1269158068286	65.9794759717941	43.5139780810549	58.3737401029491	63.4765427406022	58.9368786822496	53.5413181873732	62.0617960404665	141.658683493749	73.6934904155323	-34.9805154127263	21.6225409287053
720.586	-22.2848527479891	-6.62935917330451	-4.70352638173504	-18.1111990218663	13.8777852725717	-6.06330165567712	1.92455205920473	1.89411921707554	-9.74420685733092	-2.22466136061835	-5.88146881009054	-13.59400443934	-7.31606803968792	-4.50196631442321	-1.82352553054506	-1.08559344695491	0.766509549543648	11.2886359066845	-3.53451262874202	2.33553061323503	-1.84158831998331	15.1426873546989	10.7906865916603	11.3105114725845	-1.19217269976126	7.72664813607961	16.0177579137898	20.9280272502714	537.658894746298	505.124179074975	23.096283169621	21.6267201305785	11.6877105492577	15.7958596288451	7.20662521168013	30.4405730540306	88.9664140906156	43.1564902751926	18.5009071778899	18.7326641825246	33.8305109231648	22.396189478727	13.7802314884533	-8.72464315340865	35.297947753738	-4.46567680972352	75.1988797473057	29.2776701198157	39.4044776262383	52.1685198694126	64.643679524214	-324.382058565316	-21.6768222525557
725.329	35.9841549681781	13.900087655533	34.1927489650578	25.2582004851729	28.4460008319233	24.2266221109333	18.993732021557	13.4208918809551	20.9294549358576	22.8000065111147	37.9134752641857	27.1484207195093	20.6574177292342	20.5064641095434	31.7479963994447	27.8378427987387	36.8542185447873	22.4451313602487	59.479487674071	48.2271678927662	34.0197758663954	38.5383938617713	32.3308272721661	23.3215385148597	32.9843399240759	46.9265269509646	43.2360972742927	212.608541268118	729.746105374869	194.544551594255	56.1840060038325	50.5758851510966	32.8202762619233	42.8971185905081	51.8734853069252	89.8701878753337	126.256353017692	68.1662020722526	48.5890670767474	53.6343133894072	58.621097668573	47.2290188063952	71.1381745360946	89.9184967537	74.2795010777963	137.867898515857	167.187761380694	125.127747806958	155.345873238654	93.8776080842944	313.14743804028	585.699784733249	1623.69092574347
730.072	-2.16168638393542	7.71677279874843	13.5009649667115	15.5772397145036	1.76686103741952	17.5517955572037	13.7214472584786	5.7876303098467	12.5874627740554	6.79762783872652	16.7101475328323	12.3490014204253	7.45160719094445	10.3170842390905	38.2605567882767	13.2684647959339	20.6888171444744	18.478561756537	5.84998995555472	21.4091926921116	27.1977370980982	12.3385793976089	17.5849557145614	28.5867971858044	7.28555498461517	25.9703195010256	18.6451503583954	445.30528418615	493.399915566819	40.2238523089388	30.7331900982925	17.0902099384023	28.0325645734718	23.5441424491151	29.3605472002078	75.7888317479698	88.7932267212636	31.8801883664768	35.6501660907405	44.155899839859	40.29747673194	58.2950497190955	42.8083579950804	66.2431624502307	35.0057833610312	45.4840896055816	79.3274611007392	19.8800499590237	120.403481996982	177.116686035461	108.167822283272	35.7180145770831	1700.03772582823
734.817	-11.9734715439283	-31.5713968692046	4.82459110197396	-2.88981244135858	3.55874687984935	2.94601538887752	1.97408837254139	6.04449133634138	-7.55720597494555	-1.71144167177798	26.036522413962	7.53724454691825	-7.89934456137813	-3.07856203468918	4.86319992079565	-5.56767843896718	5.11055249596033	0	-5.89141790456984	3.35390322509108	8.02820417687462	1.33135260790992	2.21368591516691	2.57814095593888	7.74476859254496	20.2100897902775	128.310798054515	613.947524381839	177.852181029543	17.7466712352825	15.2843623335304	1.14741585984385	15.0823594890166	12.6458001627395	39.013953689232	87.1672434361045	36.2273884799373	9.72907718362216	28.7221042639156	32.9397031429375	-1.17631454755245	31.906455718222	23.3226225950038	44.7460397897313	24.7728592144594	28.6288717920086	31.6802140383388	-26.6944463522539	29.7822110236737	50.5384430714052	132.615104378912	-143.883837198938	-111.173824988915
739.563	22.5730618897907	14.7404555561375	16.8601188998775	-0.835239110413477	33.1202904539415	7.2849133845345	5.74134506539133	2.83892742602291	9.37113883482016	-1.73129594727583	10.9208703578036	18.6804743770013	0.799098412220004	9.34282843871184	10.5960991237433	5.25678398763727	17.4979184419596	17.5702872729205	31.174148559432	-6.78562308830913	-1.91090320614094	25.1402201038687	37.1734868775921	33.4699715239884	20.617407715641	37.2812294100694	376.734610769592	459.583808986376	26.0403908402437	2.34163678905068	25.5117634166614	18.1847218157357	18.7782505074095	28.3833658384282	52.760547037755	83.7914743272036	34.3281869497012	38.875676043869	32.6872200616119	42.2076558583592	14.874510788786	43.2506433842636	51.476042549183	34.5661026567388	25.0602468478354	28.9609926682992	37.6212520783725	15.1898209532518	77.4712586083221	15.0366867189151	76.6591770618574	391.173741783722	-224.927084364498
744.31	11.1290038432936	25.8233555998931	16.591988635964	17.3055084739112	-4.73008933188033	19.4110660059595	18.9219877967721	8.16643187158227	5.48341527365317	2.04144546719274	13.6347539794826	12.7152657564092	16.5567011550937	3.14758016914252	8.03206023792867	14.4209998849488	4.82319297877721	13.1072307998764	27.3374109125948	22.5340477345358	17.3820453900995	14.9732015191896	9.95858350704599	9.66511397226108	40.8422643370395	110.203620389309	563.145876462284	184.362842986847	23.5274714730313	24.0612285510173	16.7990483477967	21.5075615501639	20.9560507605532	33.1313459829929	68.4404496837843	56.3105626546584	27.1936072994067	28.3494997590347	44.5734288917613	47.7107504188648	30.0671571729734	35.883941518847	54.1942985255398	77.3577366727007	49.6823184056833	59.7122302322412	71.8223049143672	40.9393617951293	47.8498381157715	252.27831447187	193.697422910151	55.1660857639536	841.1300696906
749.058	0.562137098309045	-1.50503478498394	-22.6507544837034	-19.1879674130073	-2.57300115631942	-20.9618222100326	-3.05845920129901	-3.34455104911576	-8.56097688537599	-6.77615809521111	-8.52682430601723	-5.83873428809217	-4.07949029267208	-8.34683943094	-1.9319399237257	-12.2681112587018	-7.30872882385129	-9.39697095776309	-17.7870905748202	-8.41291014648332	-22.9251500905535	-0.458370522422569	-9.14578178660716	-8.4324514733369	18.5247503305813	294.696790027173	441.221678874617	20.559736673031	9.66830709351649	5.1802088140661	-5.52535531263235	-1.97521529603731	7.58932452421021	27.755566183501	64.0498545876109	22.8440063808719	-7.1047048039081	-16.0781647110508	7.94628849669558	5.67039447264682	-3.64493312622278	8.56834123257208	-18.2493876043838	6.72243704785206	-5.90471416195698	-42.5805795070164	-42.6801923281164	-75.8225618010037	-37.3527571444712	-3.07056135092792	24.4596256767103	37.1532544608405	-1400.90027547831
753.808	0.572962795907865	8.18143418215425	-2.30869651859739	3.4768873571365	-12.3634608119386	2.75683964777068	13.508557150578	7.04518560846844	10.5223426359036	1.50144654075094	9.02530538921137	4.36419666491174	-7.48449641163881	20.6612748840688	16.5408216427107	22.2734124191532	12.8296619311604	-3.91824771143967	29.5799329213673	27.238003057233	12.4290665603043	0.467197871976417	20.9743025637453	2.71416143502546	101.702635743105	526.068346172021	201.385055447228	29.1735913951036	11.4969171413356	23.9629400469281	15.688483223284	43.0836400471618	24.0207028049426	54.9160491130009	88.6296914179196	42.458947131026	22.2073524858908	31.2392432964159	9.17922818632648	38.1453306190969	34.0553367570816	51.0565151946697	58.0346092649387	48.8197766293971	26.0798537645181	15.6724392337531	13.0506396392071	7.02570554295573	85.102342559597	53.2048074620051	274.237389996476	113.606267672035	-421.341334199268
758.558	15.7512659973795	-1.56190995010141	14.1040349997404	15.045437794718	24.4135744006475	12.9822067614941	-0.264503181042153	-0.23139609415702	6.53271737972392	8.56097402338475	3.74382987564705	12.9266766318776	6.77384633821299	-6.59982166988886	3.6089060505107	16.7103856143831	7.16354046984511	7.09242317788364	12.1442523373757	11.2987256609103	26.8287014874183	15.6978463682598	11.8642503453088	30.8591888555836	290.993554887849	452.803283564829	53.2534047216535	19.2448556302211	26.3383884224786	-3.30828834646062	19.65997071411	23.3683874883793	35.6498271219398	74.5526868610872	46.6612662408771	23.2424312482016	33.9166791942477	7.82144882508925	25.8392784042924	37.6619411535384	39.7180865373187	19.1522978377549	49.9990411973901	40.1147456242845	56.1719851012177	74.8769862345366	131.402786132309	98.3598642542593	72.9681230490786	41.4257696004085	223.378789176247	154.22909397182	429.002027515952
763.31	-5.35554000055311	0	1.91818800146928	0	14.0075748736018	-1.43158073498689	10.5221517997293	2.36028844621603	9.86199190902294	18.7122260295979	0	5.76864745960268	6.90946461597474	-5.04896686716145	0.409017719908222	0	3.43856977037782	14.9209905079859	13.8738776963261	2.09544289937242	0.516336516155081	32.9946939041325	18.3947100468118	72.350157504446	467.067318484709	189.773483589094	11.975971289677	15.3627294744654	19.1897898560965	25.7307390035186	18.8002316028066	14.6362894817275	38.9005606620046	65.2434076225996	36.8191334985561	31.2942496375219	30.0832352375784	18.0835596296635	21.8703728390193	19.8082324041456	4.50147523023289	27.2104998036147	59.5000762530872	43.5864348539069	46.8790338710928	12.5206702344207	69.2757849159512	-1.82416570965949	58.1476626158032	100.762279412287	517.843241460808	98.3230588599072	680.697142415352
768.062	4.20438984310006	-17.6889442623428	-13.0689026581908	-26.4245221652011	-1.17821863339416	1.44497397648616	-5.17413477709839	-6.19416270135636	1.88323769353028	-6.92533945018426	7.008202672993	2.49540702653277	-18.3070296585617	-8.49367131135635	-4.54128741341262	-3.27702990994191	5.20610928161182	-10.0403898341247	-15.5040694267965	-19.5641842331796	18.7620168293032	8.81560000313244	28.8274044817135	230.936139503172	406.209548579261	39.7966936472578	18.563734595055	1.72293960374452	7.74772844552187	-6.38642569985538	12.2290540312465	-11.3964841442494	38.4109212195954	55.8230856308213	9.97072119022669	15.7935124561084	18.2188084756018	-9.66321607899145	10.1884534409888	3.63519082529075	-8.43809396531579	20.4227438428481	54.5970298829023	-5.38704617417464	5.25751261688459	-2.52756162677314	9.12050853611908	0	18.7813333264175	98.4241617159954	-20.9075182285674	39.697170510578	-760.679601307448
772.815	3.00122278004598	-1.07137439011296	-12.0931282682122	-10.4720155100658	-7.45729845347732	1.08304020927483	3.26579315060023	1.42851170333034	4.30180155655356	-11.9543308951744	-4.20224331405957	7.0658165272275	1.74241610940438	-11.4591528066679	-10.7271151668438	18.0121844819356	8.2377560484162	-9.12181335598291	3.99850173912694	-1.58527483696583	8.85419807851336	-14.6833083004234	72.2667522004089	379.593483308429	181.621406407102	6.99276403960276	3.45151824728772	2.58276328760616	15.4855871890469	4.25490527952282	-8.84988143390791	27.840328385829	56.7266512066754	61.0176104804541	4.52925928297487	31.5669058202118	10.620869091894	8.58405437699976	-3.39398799685537	24.2191694721396	36.3255604568074	1.40756798251951	25.7222058155185	17.0481139768412	19.9658227747182	-31.5743964685125	-25.8249813621672	29.4409447482586	-44.5772554429887	3.2787157089096	-36.5648523786899	307.457114399692	613.060558694612
777.57	23.2742510478357	32.7964172954386	32.0830682642854	20.4417939001242	15.2186247393304	23.5758406797644	6.66472996157005	20.6497770067127	10.4250434659153	5.77800707710672	2.14395214496919	11.0268297906904	19.1127962457075	31.6137121592266	24.8385074223066	27.1513203946172	23.8898252848805	0.93077577136653	28.0500655053128	23.1854567068044	45.7048882412067	32.462346390713	235.668669833619	400.38745053521	59.1751363923724	34.3386727128989	55.029312594439	27.2325890044524	22.8240341621981	39.0747577282715	30.1009419095573	48.6376686373972	67.0224214150333	60.482531029007	43.4429116230602	41.4830703273264	40.7691578536654	58.0286184181622	26.5509931952751	46.3366258732329	53.613381952777	60.3229480687491	69.9907793179736	49.4402191506712	54.6849318229243	32.2180273609047	113.156066847531	80.7354189417693	169.973791439334	364.66505464561	202.541148857916	516.127402139341	875.780559196325
782.325	1.24382655857351	-8.3253811337623	2.00475009269496	-5.66089744420806	10.9797711452585	6.35878070247006	4.79355759058109	-3.45352169276402	0.557136979855447	-6.51888428708608	3.26545767093254	6.89025060287836	8.57525587155753	10.553623301994	-5.98465653929924	14.8451077608374	-10.3320086713558	8.97855375853745	19.1606671491239	6.02251092944193	24.8233130330382	79.6166528538254	373.366014432135	204.749989036815	29.8103615602042	7.24520159593289	13.4104404417282	7.13600157240791	-6.68525590528471	12.343818520406	12.2258141369439	51.1349552316963	37.1207200255249	19.4176744827733	22.0559943218329	33.2020180970529	40.8730422463156	20.5672298573997	31.0625082571759	17.5654340719293	14.7859276805241	28.4384283301682	48.4559507955952	13.9449062397475	15.2427471941867	7.85141439540797	15.7395639196755	34.3167274058298	136.128591943339	84.9269192849511	-86.5939134662356	-51.380042314014	76.2230324907695
787.081	-0.638603439938284	18.8073769404211	21.100149438067	12.1100370870674	-2.92300115813994	7.68168236663183	15.9247689902904	13.1716117171231	22.5975057073743	1.33876605274199	10.4318420787281	25.2052676961079	4.17097339374796	-7.22456583464015	7.90105571242951	17.4211461823977	9.68674002531048	-0.485237336123081	21.2701384764126	13.4926600033134	17.177700628169	204.122911226148	372.476605845877	65.0397653891072	4.30458415208648	13.019369305238	25.7046229334856	16.9448645638069	14.1869779775127	31.6877176917078	40.8002264588572	45.7755544756511	38.1169212666963	45.4418768011696	40.958979970665	31.0399446216129	19.3707432916406	25.1147105741259	45.1360280614499	32.2086322618803	37.9568365636538	26.2065862409556	68.8296221036896	1.90921904836049	25.7136939551695	60.4659090939346	79.1936206948778	82.2212497522928	264.587068255348	104.647302969822	116.704634516548	348.208859446326	-521.790763785776
791.838	-0.637979463201258	14.8034548066069	23.6502072744864	3.87142541463351	0.834327173141171	21.8714033871739	7.52071696548261	6.32631816859442	1.71458929971099	5.68419628775022	4.46642107271977	11.0441402346418	-5.55586393756813	7.66860091308701	18.4177831229049	5.22123721610589	20.7370181835995	23.7533974253122	24.9679927283726	-1.12328969849464	35.9825665803404	332.936267081706	194.61959232211	15.1107477459806	20.5462512136869	16.2583101677651	17.8839424129256	21.9610479669576	13.2587213641245	9.94926609472369	37.1770323133304	49.7659003773421	31.2797349932913	29.6473310918175	30.8095692223939	34.0597417489608	28.4901738791326	9.123698580358	55.9139880392985	23.8110993935791	32.4041492293583	34.4092878629061	43.9085006671002	65.8036977666301	-10.0520488224329	21.4779833273974	85.5747095891999	125.167103565329	179.543914874525	69.696701686625	44.4154677747381	-200.287996807069	781.921386335458
796.596	-18.8468356910286	-41.1795721951139	-23.5680353560509	9.3663041902192	-5.94933159873576	2.73611018384227	-3.53590746064039	-0.77333207531676	-5.53090510511042	-6.47153782404164	6.06641543637609	-11.2503403245188	-10.8475569519738	-17.0021047378465	2.23353013403264	-23.0477890394703	-15.9604987812276	14.3206061432239	-23.8107017601228	1.14426212657564	165.790583110882	337.562591089463	59.740311369819	-3.07857472086421	-15.5757104153698	15.615469545436	-9.34248477959942	0	14.9034691146477	20.7307315031204	28.745569922749	34.7101289367133	15.7009756076775	7.55021571191263	2.45193754645822	6.21414727264396	23.5462327910735	18.5880859653329	-39.1968567952498	-1.96667558410687	5.61857911071583	22.0978284808395	29.5375540916395	-20.4011312838048	7.96423135465371	62.9020931691859	44.4085993919457	127.504041294883	48.2642478648002	53.2484826893654	-101.800639472602	21.4765770913929	-159.304056565682
801.355	0	-10.0136559397484	13.563485574863	13.6177019179622	-4.76894902644614	5.39876859713394	12.2095615808213	-1.55769346124375	1.00517524746554	6.76271237407072	-9.4918168833917	0	10.1784887153283	-11.9003957933652	0.385621287005524	-1.14785325230513	9.32040032214409	-17.4777871992775	-7.00728797391056	20.2496990248	241.453437661442	172.462793967991	10.0403975038311	10.6303821731646	-0.840363283676051	10.2122233434787	26.2110819244034	17.3002832702039	12.8654967606395	7.55605137151449	42.1457066233065	14.5875899364275	17.1417582246389	26.0710509845715	5.07995463100515	41.5740593805876	21.271821473055	15.5448156397937	-2.11480557918771	9.62054290296504	6.06283433006766	12.4981113398712	22.5843381264471	36.9000385804935	28.4828218304239	29.51117234635	7.09925055686683	175.421708234215	46.0500837455462	-30.6446853091266	0	-18.5397662029826	-870.960319166562
806.114	14.0255416758408	-2.50341398493711	22.1536931056096	12.3410423631533	-0.733684465607098	4.7239225224922	2.79802452893822	8.90110549282145	-3.76940717799579	12.9373628025701	9.81912091385348	31.466602807459	13.8427446528466	14.2804749520382	10.7973960361547	13.0090035261248	17.4250962544433	21.3143746332653	20.0875588585436	99.7668098295025	265.306700656221	75.938524664951	26.013757169017	27.9047532045572	20.1687188082252	6.94431187356549	16.5331439830852	1.60932867629804	23.720759652429	43.3478736576357	39.7823959715323	16.5588858737825	16.3444671444231	4.07360171633929	21.5898071817719	25.9279080007966	19.3809928976723	9.02602198439636	28.549875319034	34.5207715929922	58.2032095686495	14.4714973409035	34.9692977441762	62.8977930349321	59.9121424708916	10.624022044686	90.8704071278954	159.943322213549	96.485889752573	156.287895076546	180.64207485948	278.096493044739	1054.32038635952
810.875	-5.61021667033633	15.5211667066101	-0.904232371657533	20.000999692007	3.66842232803549	-6.74846074641742	11.7008298482871	5.34066329569287	10.5543400983882	5.88061945571367	5.23686448738852	3.88476577869864	5.69995368058387	6.74355761624026	6.16994059208839	4.59141300922051	-2.0261739830748	1.27886247799592	13.080270884633	196.076353971844	159.184020393733	25.617815549622	26.9265205784562	-2.21466295274263	2.52108985102815	17.9735130845224	11.2909275982045	-6.83964687426666	24.926899973739	35.394135371831	21.6636809745968	22.0785144983767	22.7227957861492	21.5900890965982	7.61993194650772	13.8580197935292	5.67248572614799	32.092522611187	14.274937659517	39.0480859002699	9.09425149510149	25.6540180134199	25.4984462717952	46.9636854660826	33.393653180497	16.526256513956	117.847559243989	151.344218868735	105.257334275534	52.0959650255153	-126.93767422558	166.857895826843	-458.400167982401
815.635	17.3916716780426	30.5416506162327	19.8931121764657	17.4476805823891	9.17105582008872	3.37423037320871	8.13970772054756	7.78846730621877	21.3599740086428	-7.35077431964209	13.4194652489331	10.4888676024863	21.5783960764961	21.4207124280573	13.8823663321989	15.6873277815034	23.5036182036677	18.3303621846081	85.4889132817088	231.636801039786	57.4425517017139	18.2984396783015	35.5977729681286	14.6167754881014	27.7319883613097	15.9310684158267	25.0013396817386	16.0932867629804	28.5453209376689	50.9039250291502	32.2985789075806	21.2899961234347	21.5268591658256	30.9593730441786	32.5963755489497	47.8325199325041	23.6353571922833	30.0867399479879	26.4350697398463	37.3503430350408	30.9204550833451	3.28897666838716	42.9830951438833	62.0591557944663	37.3223182605554	81.4508356759261	163.282762807937	98.029778130885	114.028778798495	223.706202756624	317.344185563951	695.241232611848	664.680243574482
820.397	-7.29328167143723	-17.0232150975723	-0.452116185828767	9.36217006859902	-4.03526456083904	-0.674846074641742	-7.12224425547912	-3.11538692248751	-7.2875205441252	-6.17465042849935	6.87338463969744	-6.99257840165756	6.10709322919701	-1.98339929889419	1.15686386101657	4.59141300922051	0.40523479661496	21.3143746332653	153.226030362844	144.711263762595	-3.89441028486196	-2.74476595174522	2.73829022831758	0.442932590548526	20.5889004500632	-8.57826760852208	10.0811853555398	8.04664338149019	35.7821628655286	7.55605137151449	-2.36331065177419	11.4335164366594	14.3512394438837	3.66624154470536	14.8165343404317	0.447032896565459	3.30895000691966	20.5592722977917	-2.11480557918771	15.2796857870621	7.88168462908796	9.20913467148405	34.2407707078392	2.51591172139728	26.5184892903947	75.5486012066561	122.107109578109	1.71982066896289	6.57858339222089	33.7091538400393	-92.7621465494627	-101.968714116404	664.680243574482
825.159	-22.4408666813453	-0.500682796987421	0	-8.51106369872638	-11.37210921691	-5.73619163445481	-6.10478079041067	-5.78571857033394	-1.00517524746554	-2.94030972785683	-10.1464249443153	-9.71191444674661	-10.5856282639415	-3.57011873800955	-2.31372772203315	-11.4785325230513	-25.1245573901275	46.8916241931836	192.933995548337	62.2307823688976	-1.94720514243098	-4.57460991957536	-20.5371767123819	-9.30158440151905	-8.82381447859853	-12.6631569459135	-7.25845345598863	5.63265036704313	26.9371338425889	13.521355085868	18.1187149969355	-13.7990715614854	0.797291080215763	9.36928394758037	11.8532274723453	-3.12923027595821	-12.2903857399873	20.5592722977917	-2.11480557918771	12.4501143450136	-12.1256686601353	5.92015800309689	-16.0275947994141	-37.7386758209592	-26.5184892903947	82.6312825697801	-42.595503341201	-34.3964133792579	10.9643056537015	-3.06446853091266	-273.404221408943	-333.715791653687	-1764.84064673224
