Wavelength	500	495	490	485	480	475	470	465	460	455	450	445	440	435	430	425	420	415	410	405	400	395	390	385	380	375	370	365	360	355	350	345	340	335	330	325	320	315	310	305	300	295	290	285	280	275	270	265	260	255	250	245	240
248.336	6.30893544825637	1.53360288573126	-1.84950300251863	8.6974416965473	-4.87802883757556	-5.53456434985493	3.89983616513087	-1.58962725780297	-4.36695200760885	-3.31174763718771	4.69157112213171	1.19253532911993	6.25065161231712	14.2239473082169	4.7439195729972	0	7.47680567405043	7.41961991591205	4.30378100781896	7.59249799041265	5.98783642897358	34.2164556108999	4.67718066853536	6.81398966761975	11.6260082630798	20.0978572495031	14.0570670151051	-0.412508151288667	16.9019170942942	15.5024237482737	1.21316733345889	4.45118962447428	16.3776148669985	14.6380183232745	29.5691550967131	34.8845230196359	42.2431207009469	42.2889825837121	66.9678743071594	84.5457842129085	69.4115018055856	126.949232018884	364.986734416639	639.889545732024	890.291781322311	952.097448922617	969.837528638397	1017.18147966524	1025.12608373155	2416.92619667296	49802.3495002817	171261.666192683	62238.6902868803
252.814	-46.024367365271	-37.9605921192446	-16.6136834093782	-23.9590165955383	-25.6168362988457	-5.80017531326648	-12.455601951481	-11.1514346598368	-14.4602893028166	-8.6541699159875	-11.238230264676	-7.61762532765156	-14.4737697212723	-20.9300454895627	-25.5681589479986	-30.0690749851013	-21.3925063678558	-12.0229266936583	-2.86369845904464	-6.06237857064093	-6.57401958273248	0.561386269333031	-20.166766644581	-19.0426717897038	-20.6289194779106	-17.0504978022689	-21.2928541844083	-20.2565750632157	10.3686217437024	-16.1242518648311	-0.968677193494135	-24.7174243215539	-11.7693243225021	8.51555169382425	22.9156565832127	32.985272290713	48.2685730487931	33.9723586270553	56.7322856818446	62.153213444265	113.092820590025	315.478540663317	702.137915194006	997.979607129166	1062.65043011308	1093.36780503372	1076.71443320848	1216.13403428526	2117.74548812422	44282.5699429426	182744.074056983	80102.701950522	4165.58329290637
257.296	2.03895854491744	1.81734198393149	14.2459737566491	-6.18395782702048	-2.66793966663095	6.14863142457538	4.00518147041152	8.07313581059634	-4.26168431395925	4.99477958860627	-0.397112914868581	-1.41317191112209	8.39472934532631	4.81588195464601	8.4324217389803	0	0	0	1.70001460567738	-13.1959253495574	1.18261237818195	4.44350721484493	-7.75953907248462	-4.30649493990262	0.510258920316662	6.94640815931126	19.5974485159599	4.39945405765233	3.90810154917106	15.4699791438481	5.27127751270403	20.1398598416936	20.3781003152443	33.7013189108174	51.0139485449853	51.6733413053498	60.4156960276844	66.613710442805	89.6808973629847	93.2784811188029	305.30183941737	645.992921656012	958.6664932398	1151.80247735275	1132.17522231613	1219.72917346665	1240.23388785804	2172.6512696921	33095.540125211	157916.889098721	84104.6082607296	4044.16180774043	5648.97916773537
261.781	-2.06900794798666	16.5971275703632	-28.3558539677461	0	3.6096783420916	5.40734795349907	-4.37683973610853	-10.9228195272771	2.47113794984665	-6.87853032924712	0.402965415436887	-5.2579952571026	-15.0325547727807	-7.3302849135157	-5.22909175221321	21.2266025069068	-4.49535095665552	-2.09927935041444	-18.4007336600746	14.6077111932714	1.8000619109779	17.4723515583723	-10.6860020355687	-34.9596995224193	2.07111569638904	6.54529729882387	-11.9317609985314	5.95238873935577	-4.95712209728946	11.7734774023222	10.6979272305604	7.78539943254894	22.1554554453842	37.7183782229282	24.5756699647327	60.7140756859375	59.554477520393	79.9982709179792	102.78708749717	240.489201440821	594.788347044523	925.718688886643	1083.19587520949	1134.37083995091	1125.61440976378	1302.53725361331	1924.15655111504	25008.5623661412	140499.379633587	89786.6233373568	5421.8031377167	3306.46058808896	20238.2874131128
266.271	-2.80581339249838	-8.75296298441835	6.22046897527101	-24.4655371891855	8.260548968864	-6.34585451955885	7.63135644259453	1.38868153016732	-0.314170129871497	-9.94176991620015	-14.3447738863092	-7.29250359947136	-15.2894084623903	4.47332027918661	-15.4718214063434	9.59524034196743	-28.9570181059871	-10.6757433950166	5.84848053917347	0.619054408111881	9.15409330966333	-13.1848559679921	-18.8770219031219	-6.66694468022833	0.526625951702793	-16.8988773361967	12.1356329871811	4.0360628045177	7.5627329175578	4.98943536621288	-11.3752953834023	15.3419477209461	5.00755878890745	35.8053296049133	39.8865671099313	46.5942883650136	61.1658985479084	71.9040958274825	180.453822934828	524.139255559527	848.920135784155	1080.19251059692	1088.81847168645	1136.78630321803	1156.04680840065	1820.8411283569	18748.8878227239	124581.574683081	91745.6958333228	6394.76944140656	2262.17481252151	12998.661317594	30548.9295261131
270.764	10.5280151610059	26.899980296707	15.8432736913295	9.04695220216779	0.918380916537207	3.3864548490524	6.99954206946262	3.89060500164848	5.97275832964462	9.57921105298066	-8.20185540071776	-0.486454072104198	11.728803614445	12.9305584688943	23.2214402810759	7.68072639005387	-3.55822553619218	3.738717242459	10.5334831375266	-0.61942006659121	7.93823366422395	33.2684063595518	13.736852394769	17.2331135429939	-6.85018119792603	4.61150701093077	2.02380019552004	15.1441754859181	13.620960030068	13.9786709691824	26.7229904683672	51.0049680091401	52.1093728136545	54.7633319292081	77.1595788906311	60.6645242908816	92.1001385739363	176.710867806695	475.720052449967	843.399375517794	1112.66573177766	1132.33823261452	1092.22440052175	1261.60195019002	1702.09842458892	13690.6164677888	106665.333902457	94413.9743934989	8057.39764657235	2113.20939300833	8351.79134327527	27110.4613055835	10089.7801034992
275.26	-28.8555004775949	-14.6966660619132	1.6616219717035	-6.25113241813084	-26.5197206429429	-1.65744593998178	-7.47450208243078	-2.99230507023568	-7.07739208296823	-11.5406547923366	4.81711968658004	-15.7137507926536	-12.9784642373174	-26.2882558247738	-20.8364951908755	-33.832873624112	-18.9078917369681	-13.5932093971939	-10.3108883114418	-17.5835818211257	-11.3568582500392	-3.93030380876828	-29.1342211034968	-32.1054044582325	-12.8950429791691	-2.50780894053834	-7.42887377858656	2.47069115956964	10.3702046566585	4.88688286485447	19.376501508261	25.6906565132542	26.9754857900097	44.5882236587999	26.5653841742883	45.6365926599634	133.195068647276	371.899674096917	723.936215839076	1004.38163437717	1088.40367297796	1088.89240995117	1093.4830729716	1526.7991517418	9554.3445283679	89063.6327098023	94031.5014772223	9661.79036002621	1837.85735574395	4775.35794920134	21585.9843222782	13187.0180486815	874.032005577205
279.76	6.67967232483981	6.5490168417627	10.7700273161384	-8.10351187533297	10.4882737120633	13.6972737479304	9.08381159040608	4.23164282437314	5.08592766231414	21.3887864671448	0.780570302587944	12.0369125964246	15.0448370473292	7.57292808935189	-1.38123980650929	16.4469256238942	6.28895808516728	30.4983080742744	28.4033516829127	16.5060523323092	14.5284890537245	15.2848771027363	-5.99195565981205	25.3947071410081	15.0445734040751	11.7033857894923	-3.85209993059954	29.7862605457182	19.6846513417674	32.3084914007961	29.2000034157494	51.3690659006841	50.0693232757923	52.6053309733484	71.9134470967642	110.123036262605	345.517231740035	662.492027906811	1001.23331559456	1014.53331264623	1051.64077181862	1108.48097794451	1394.43180856507	7587.72536855231	73201.8058045999	89845.4663983368	11838.3832107857	2200.06502109874	3250.51443417999	16717.1395342253	17472.1519902877	2407.48925345605	339.90939222819
284.264	54.0363400994333	3.39974633903149	6.6625733562171	11.0864618925058	23.2912415905873	8.43509040369162	1.15270637951835	0.755130684242578	10.2502769706972	26.0293159326814	24.1438890915526	23.3522897642244	18.0136717094299	29.2798635948322	14.8983643336029	-3.04363177904691	20.7185665162288	17.4156159772048	48.7639732863478	21.8807213610006	13.8271378569858	11.429795046605	41.9926001778501	21.6512148313334	22.4320168815833	17.6358224750779	20.1637858694583	32.9206675650203	36.0979720002793	26.6791274016934	57.3737219919093	77.1463635967514	68.0746667343701	82.5159390622708	93.0231225563994	308.824317313786	592.015433546735	879.170934583674	1007.21304302143	977.837041281065	1021.6674280919	1140.75209429159	5250.07711073973	60541.2580297428	71043.9499047915	13727.3355745439	2408.4910010084	2628.75700187061	12079.5232741293	19400.2583109519	4066.30725333251	1113.21119010539	1806.21133717299
288.772	-4.80803735664591	13.3920209080584	18.8961837763497	-21.4177495626778	6.68443000732676	2.53732411072165	-0.817317514681622	-2.37964245640136	-0.538361433730068	9.7800413608859	-0.351159738065934	-12.0798751249913	-6.54997649208715	1.27757908325113	3.31406106229034	-1.64423885542495	-2.17634649412797	5.94552948064648	-5.51207081088462	14.3209437332528	-6.7974572046006	0.982328181252567	10.7825448804605	13.3285434056615	-4.51212695672472	3.07129128566627	8.66483389227286	27.6647631517803	28.9428544603434	25.6496654696921	34.7478351940231	61.9085616947798	44.6209127423087	65.3002671738335	219.629912450395	489.645111055773	831.387022951943	910.059775769949	916.836145748223	962.318777997727	983.566214107738	3354.16649282487	48156.6618260309	57266.8793258613	15342.6208503071	2134.0561877097	2372.86714559031	8109.79682015663	18581.2982343163	6424.15820654953	1127.50196959579	786.759343613691	254.86171829593
293.283	-14.9783679211238	0.513475125699395	-7.89535602278626	2.18403343359728	-13.5684818929494	0	2.08916546386679	0.912399418884613	2.3222007163695	-8.7698122422976	-16.1569452630236	-13.9748061118897	-5.85989477860192	-5.30668354890286	17.4717535672879	-16.1548180953156	-4.58948569839037	-20.604322667498	-13.9294317804322	-25.9293332987139	-13.0313610489822	-5.64964492449985	-9.3959757928461	4.10658171066808	-21.62542319212	12.617041225469	-12.0431901553351	18.2311035916477	23.6023210534509	25.8157236988335	28.8393554116895	46.3357300188476	50.9964677008612	162.154607869252	407.511054083573	715.547817448481	874.957438643267	868.190733564532	867.892782322724	855.075686871616	2137.46080072011	36485.3657453374	47562.6022185375	15831.5158366861	1804.85683303986	2160.05719643536	5351.16380638963	16873.4752120533	9336.28525028978	1441.13174039078	859.464188406401	861.880700948098	317.585933925377
297.797	-17.8468266601698	9.94189762045517	-11.69004077201	-21.9893556066381	11.3112430267566	9.418226237807	3.28659419764524	-1.32493978152664	12.4895597668094	-0.878280889876361	12.0570100066577	-5.41159969300854	4.86253689027131	16.2025576626212	-2.69092590781299	1.90725209581383	11.3096521621812	16.9761950624291	7.44003993188337	-0.492199371861521	3.39652136393438	-2.27892374187536	16.8280385648283	8.39288826044591	7.95551122084514	-0.40715160241313	5.62848434458216	26.4742764076246	24.8537215527105	38.4800271734324	31.8516621406266	53.1208245828228	136.562799577861	366.833008996855	640.604911302376	841.799210026781	834.297456465498	836.98437306688	837.029762933571	1676.57469777458	27134.0646407572	41528.7521470368	18073.6037458113	1491.50294258872	1723.53493382202	3405.41649796208	13778.6680091625	12315.9442648017	2341.56753703219	1251.58518550781	1106.07396466311	1308.46904085855	1324.42025714187
302.315	42.1580150245304	32.6958397031471	31.7799768311962	21.5869310596002	18.626462620132	22.7844515926572	17.1249859767404	6.28667905488626	7.60181369994665	13.5079187087091	15.3552728036837	28.8396258640887	19.8897841192616	18.6217013940228	27.9263271688712	17.9745379684774	37.6697921494075	22.0818083851521	15.5207463975766	25.1259679045246	30.0092583218852	2.23721743310653	10.269233112343	38.1609268471273	34.5280601563782	37.1721344102672	33.152868785256	38.1970918932085	49.5848137145028	64.2578191494754	76.0486851347051	132.496242247201	324.801268744378	572.11912131311	802.394396311226	820.259127576227	822.737190536517	845.790054988626	1321.18300653285	21273.5842603191	37563.9730457726	22112.4188759405	1320.40414516618	1305.28809454012	2087.30905509537	9732.17118616516	14008.4382533713	3704.22991861617	1696.67044150566	1532.0200447074	1667.87683274688	1573.07515376458	2693.23456050005
306.837	25.1154561900993	25.3054955632284	9.68361625610024	-7.03769258619056	0	-1.31717442803193	3.95999763562222	6.48542373261585	9.78158717260447	12.8972436480335	9.88944235229311	-12.8661543433695	4.36361635039797	-2.32125675981888	7.90305868473478	2.61401664441352	15.0261259707839	20.3586350649319	18.6642847939492	18.7922107474317	35.1512070233658	12.9398725426498	3.11675041988018	7.78399516265982	18.8557814342509	32.285935836817	47.2298846517491	43.9815365656356	40.4211975139441	57.0890981783297	93.9310376417301	302.393817865281	537.885193869569	767.610863334545	764.569093947439	813.614564326547	804.277335382498	1111.50046184914	15886.4145488662	34829.7698168273	26941.0218972395	1331.29877506826	1002.95908777547	1314.87439866417	6048.90264228389	13758.7243090537	5261.25433526404	1962.25414246331	1554.42436543037	1353.60509263951	1385.22955016342	1800.77024940434	1713.33276227379
311.362	-14.7230522409827	7.29043784410096	3.07725708051781	-3.72112903628386	-0.713512682564635	5.91979481552673	3.70780642480427	-7.5567663742203	-11.7230718118381	-5.15237833399627	-10.5141676802415	-5.29113357163811	-8.32001328169097	-22.4104601686182	-7.14135072619446	7.83214019848077	-13.0325145448598	-3.73461585474384	11.8209313046121	-13.9560370825374	-14.2324814696929	9.35841165789784	5.78093636193533	3.45518168433828	13.1004897512368	7.16558604122853	34.591481345617	16.0800384076694	29.0037745325207	70.2045520101897	226.072360685766	500.146752685261	703.817043104035	754.711800288503	749.132926832254	730.105849791667	980.532389640261	11815.362547814	32486.8877272513	29761.5600130997	1640.32858431261	827.4603391347	920.1253594215	3577.74244112269	11810.6852311462	6888.72664996884	1999.95014897829	1666.40530393005	1336.5983654127	1199.31054819705	1247.07973603912	1168.09448068029	208.114988264303
315.89	10.8949557733492	-14.5661572590623	18.0057403597492	7.02170418299465	2.49477353554527	3.94254611626267	-10.8652533427591	4.31379332492756	9.02741273800476	0.285954297167723	11.1401333736505	12.4593680885859	1.18737353983536	-4.24596933125211	-6.38317968886723	3.35324321624166	-12.230307018147	-4.55992289765355	-4.99611490090838	8.65362375721389	16.5878005083728	8.45858734531206	3.5539082395217	14.669699105045	-0.408977052304319	31.4172153137253	25.5247344286986	37.2210154617581	67.737675749516	180.565178369322	404.445401095799	734.85791473685	744.717429703766	727.335296433705	732.68229204915	892.419634634593	8285.9896522475	30761.3297626458	32475.2963885741	1962.12731750357	760.833574721649	732.485243808533	1848.39991292456	9160.15173321374	8283.00423888941	2072.79512928992	1545.06689647337	1404.02446132163	1180.5955033167	1225.53732639087	1236.08791585383	1370.66249410035	1801.84255294634
320.422	-13.0948743317363	-3.40421042188524	-13.6358883878866	-1.24110772781904	-16.4204682492664	-11.8465707923806	-0.247332847757265	1.94431427688271	5.86499213447589	-10.5972448447251	-5.73838217040813	-9.07586308285277	-2.77497304682986	5.4126110612739	-0.376082189045449	4.10496867790294	1.97578774379584	-19.5144937616555	-12.2828207512224	-2.40763210304894	-4.27226207671253	-7.58032412678616	3.1146473428699	11.2359618047274	7.78300229804507	21.9077564357155	20.4524733982775	53.7625422076051	153.732210537809	357.827424765068	624.373794982741	751.047448112303	726.823560430845	710.197529370366	780.600090528126	5914.15682678507	28980.1766409577	30780.6418108733	2645.1722307864	653.979980943163	643.668739432965	1015.23763258706	6348.74261387331	8782.18541032919	2366.62729614257	1338.22446531511	1328.4690684245	1297.04687638094	1162.84991246255	1035.12978583638	1091.83818717281	825.56911565753	670.98815198702
324.958	-19.1424119505977	-17.5636206812653	-1.81555488827731	11.9529170121042	-12.1554010806063	-7.47034195186415	-6.8908565631933	-10.4773019811348	9.5822486630069	2.95541785267277	-3.94753379980034	4.68258411752488	3.27249027058093	3.19151154579548	5.82105460130412	-10.7820872459602	-2.85427603169768	-4.71280819068516	5.63304530004735	11.9250171073701	10.7762015456999	0.92023023466669	2.75479787203968	5.35113367553175	30.4336261931885	33.7036328107548	43.4264090030362	140.108013649746	314.027856002555	583.885746567973	765.748267808819	703.090159628358	715.82839992955	777.175674025726	4023.14517059571	28248.7684571906	29882.5093115674	3660.71642902319	669.144748091812	597.556253509223	721.274654292786	3957.15450245802	9071.6868626892	3136.46530423674	1160.60592061629	1297.88487035619	1295.46438299308	1215.1190189069	1145.8872460682	1096.48324353423	1010.95998647875	1550.6225430561	-692.376787719056
329.496	-18.3299282937035	-18.3798326235434	-40.175537057215	-23.0189118124854	-26.6076640735091	-25.9102802900174	-12.4636065205227	-8.164830079196	0.256552875538897	-20.7472733900159	-18.073048648026	-39.7006290633546	-32.4620562769301	-12.5823329545602	-24.4790832897215	-9.79440065731849	-18.2533950727007	-13.0767969616996	-23.4019002771287	-32.8589871283153	-27.40935151661	-4.21310282368113	-0.467123305070173	-18.1475328825917	10.7511336531279	19.6541273971741	109.010194402677	278.500910754158	547.996210047711	713.019561828389	699.511292203911	684.611524890181	718.063023474122	2932.23479720917	27199.8643110239	28711.5032770363	5010.84028059895	647.434817578086	560.618540803437	572.433262507859	2147.14672849368	8062.89048478795	4299.11199914615	992.386070529599	986.713181891182	1098.96562561071	1096.86692390125	1137.72289992928	964.27131087493	1032.21858328238	859.686758678503	1168.59862662871	-364.358417581537
334.038	-1.72945550977628	10.790354127429	-16.2662646753264	-15.2986925072952	-3.01728086802433	6.95373594611006	-4.9651622543943	0.456511789433281	16.2665251151592	1.21045676566682	-5.05249937769528	-3.5959798506597	12.1466571517981	8.16971350560928	-12.3180654185026	9.85723743033567	2.08755695585394	7.45772558840757	-5.76784581288866	13.2279186517503	27.5851984377292	19.787284193027	19.2749270757113	25.1129447991482	32.4603252731855	114.051907085262	253.911136498574	509.990853317756	694.051444863881	697.911418549489	697.089142194294	712.594151390224	2085.70081040807	26297.9465736771	27342.4608647943	6365.90390317019	632.508671494382	585.237393177885	526.454952159653	1230.74474533551	6372.14265641983	5778.21984698325	1148.99425259046	909.858575350504	979.74839608762	1130.64900477186	1172.15608947933	1040.43736210019	954.321796019595	1061.42436252567	927.002302404907	1244.70145822908	708.945577972379
338.584	14.3785216900511	22.5556407268952	21.3286668461768	21.804310825205	2.2576836665968	13.8750411416086	7.30001855903006	11.1584576818168	6.95511141532793	7.84962170698655	6.38490881380632	10.7627832201933	14.6255736279164	15.8937920690205	7.53217673908593	-11.8011016767199	14.1622851609765	15.318336687842	4.79532983974927	20.8107682476339	17.0129031102264	25.3814687270251	13.6016931625456	51.4753709140599	75.5641395474556	225.892402830314	468.495119769508	666.406009435774	678.791027052529	668.05623484936	708.034666421702	1516.41243898555	22489.7112033116	26200.9738245356	8308.14752534154	618.16731601149	568.222500716759	538.879835451267	739.795230590357	4388.77528157318	6675.83745197319	1645.41689154587	760.688241682609	878.174569339641	925.427557492163	1055.51491885192	1036.1973696055	1045.20709043834	993.491915191625	1068.60530543351	1238.25884520648	1290.68866863211	1365.80599837358
343.133	5.17151931622146	1.53647380382983	2.77944793262386	-4.35686169197256	-2.63154798872465	-9.70361893029344	13.0237889758418	0.455029444005457	-7.20609149679751	0.904894706702615	-12.0866240174414	-4.77907106300382	-0.83498038495257	-6.5145484172598	-1.98033343007781	15.3273585897108	-3.74540116003596	3.06085685693161	5.2700238845724	1.0142281617958	10.9982504710185	15.966264520212	20.1495264852062	76.9146661496835	191.109744741419	405.226547379803	593.57312825077	645.543938218287	665.777924451863	665.399776814483	1138.86577460045	18178.2290899355	25650.6443906536	9844.68749206377	619.936412413826	515.509950517519	527.811347255241	573.003366533928	2676.63839497274	6651.31287183241	2608.74377724262	682.864329555263	723.800398110751	836.540907700605	969.431374878558	983.343251949135	971.653073027069	913.04322996864	898.377282670541	919.701064119557	923.992221052447	879.207712281295	852.845665572109
347.685	6.34678345942642	16.9708345554489	24.1877789193827	11.8119851431049	4.90729267954171	4.17582511648203	-15.1698293156747	-1.59916360996618	6.20209389510407	-1.51437053754857	-12.4735361560111	12.7966878109585	-15.0915599333281	24.1213549548369	19.8849119935315	15.3904979848633	30.5045094713883	-1.31719959666066	19.2426661007308	25.969357206473	26.1029519015303	28.2918279162525	73.4017377571059	193.307265070263	365.600606214213	572.855418879826	610.9915323376	622.05926807975	643.222911666086	958.708202478176	14167.3353969255	25473.5109533921	12243.6279323929	641.625599735186	508.31593919183	512.554172304385	521.193221003148	1563.70285733213	5897.85439601758	3669.59632400656	811.513539211592	655.627711810817	759.335793307971	834.753383913133	953.976817281187	949.180276670544	1055.8465715735	967.336939442303	962.062780386351	917.031703391092	1144.28482532814	1294.81661952701	1883.98951621292
352.24	12.2836103042485	-28.674621137662	-12.2606002858971	-2.66106888855369	-0.765375125122264	-2.11669383896876	-7.15916223521638	3.0108141615725	2.88181116452132	6.75508110050331	-2.39238816561	5.27031639571609	-5.09986426478433	-3.73024997874775	3.62862357287062	-2.40040794183053	15.6743178347363	0.44511893947842	16.5817326625998	18.0677805746793	27.9894721496364	41.5886429392536	142.625989681135	302.528803380161	524.781002798651	605.519435486609	600.439319667512	638.206836728032	805.126692961176	11428.8410656379	25845.3069415794	16626.9746843413	721.986359845754	491.798144734314	513.549012685511	508.384567707378	939.888392726202	4471.75315058016	4783.65687542651	1055.51801172492	625.634668290007	642.509841553135	764.430517594892	841.838799605582	887.224983353657	866.038011118927	963.511553293277	883.702030099159	902.818401139843	946.040202126507	1029.42125150584	1282.83199609372	644.921482741156
356.799	8.87178613935372	15.8150046392059	6.67543377299308	10.314442830597	7.73904573785136	-1.07014128726686	5.89839959042653	3.04436710049311	-2.64902406890389	11.1769538397517	-0.345578468250034	-5.32904954715889	3.00807375958144	0.419091156909443	4.48440845999041	-11.7312657328752	-3.85516086079762	22.954049803188	29.5879797123745	8.87357766037244	42.1948008091269	124.222907510567	306.276924807513	514.830550764222	587.022469197067	591.541874987222	606.704344553971	712.956373300848	8770.16461189434	26396.8155317568	17462.2542910133	933.481685087729	446.295036330262	509.786259117754	529.585769602082	670.726482003865	3000.80258855843	5293.79875329893	1657.98751499201	639.767227267458	614.55077323792	658.771043589226	762.084688261381	898.609739626753	923.343699163172	941.397546336336	913.358495943459	893.550130529393	945.989157630176	1029.40247569834	1125.43282227768	1317.23856984183	978.162868461285
361.361	-3.57342946680524	6.3700592764195	21.1260494068124	-6.77365939330889	-4.67576657905205	21.5518856603257	0.269976317112918	3.30138263100253	4.00120978349591	10.0042628452168	6.6117197204364	14.4473637984498	-0.432717640022365	4.22009916000634	20.5256368595854	16.7010928274871	22.8607262440841	9.9707076606921	26.3180731781512	53.6122659904472	124.357072306493	269.158349564027	488.599133005551	551.907935660635	545.056011654072	594.792087506121	689.066918390709	6893.93361446903	26867.445083481	18816.7914809342	1128.75394876213	422.719183256587	497.872482178473	517.679613753005	568.042995474181	1894.16420366653	5008.7743001319	2461.29670124997	732.152814221091	618.18756085447	683.765837541043	687.327392360407	800.21348081023	854.447593141116	924.491514898926	899.601895344459	919.719578418239	899.773257703326	943.051721286811	1043.2378023633	1074.74516874417	1134.03203872539	2424.55453733394
365.926	-8.36346088522342	22.8957415304577	-1.9264140474237	-9.05912228207297	4.29920636475824	0	11.1028265646884	7.56905803603383	1.07024716184348	11.916336055602	0.349047767421619	26.912742225149	7.37866089564122	13.5455506501796	2.88236321909972	17.1606745121933	9.51833234646579	31.8218462224249	21.4175952317952	93.3171117935042	239.078823228963	460.87033018923	545.140977170485	534.666841070803	555.69023522194	612.308408484968	5475.53751113764	26941.1078535994	20825.1646986722	1400.54738197733	387.087868126169	445.926902955153	520.716000101685	528.84393081979	1164.01270785713	4257.91005903886	3452.71904333461	867.522019285072	702.063900877192	685.058485374144	682.596945645068	777.813993774652	809.711409403314	822.738131058024	880.683644073639	911.2828356355	957.891365133522	1025.84636873843	847.993863937172	1136.68970235567	1195.43558888518	1706.24194447151	2609.28777570738
370.495	-3.55522720546563	7.92201449977214	9.55383544178607	4.94204763561907	11.6298731391463	10.0063157177735	8.86383687140452	7.27296782878607	11.6770969438913	0.622081458587984	10.3863806508119	11.4990176916918	13.7764310985461	7.97734552124192	23.2800355248817	17.426558762031	21.8860040783542	32.0142842894045	75.5878160774308	173.090858486264	422.72238478671	511.846642572248	535.88105501881	543.934191369759	594.772639349945	4304.98456553245	26831.546279139	22126.4410675385	1886.72475707592	362.887384255318	427.393387146563	477.83983611455	503.796488169563	780.341491968467	3146.50808145542	4112.36048721687	1257.1020068895	737.931193956197	710.986227096645	764.430995690542	770.728852860979	782.718101393893	854.448212401368	897.571565921743	875.632805845941	993.762835332773	937.910598037661	928.551129666245	1066.19093621948	1090.98058575771	1402.75605594176	1460.68796256899	1784.02616448927
375.067	10.0384395112216	38.4209774045844	18.5657946584811	-5.8204795692794	24.7249186558659	18.1629974144164	12.0454076822784	11.6901787495967	5.55395912022571	4.64953686416413	26.9115528289158	15.5520442126894	15.0160589754492	10.4603444450064	11.8034225785685	14.5394123959412	45.3318392216654	63.8079758113067	174.779259377234	372.087880622762	452.604092778173	493.193043462854	503.215862763748	560.300378766164	3584.27046617191	25704.2753913931	23261.4085858511	2389.38508798234	369.254034695868	362.057175819346	460.477555025587	505.773398902796	602.810192112051	2210.23978830615	4421.00486905366	1873.2973945609	811.851603442404	776.804256878576	783.650581374692	796.015207905684	825.373220175829	849.216914413684	870.099630380736	913.225801436077	939.659785086796	1040.8022385	984.832808497406	986.303396423888	1161.6859853328	1275.58558807493	1382.09770078045	1907.41074060558	2804.54277450747
379.641	10.2390424663023	30.9275087065845	15.1332577731652	12.9391642444372	4.83802160992911	-4.45995268568415	9.5407006122327	7.88294952844667	13.5029546100342	-4.47898130265026	8.64145867050553	0.788503154996194	16.1184056751194	14.1072893881965	10.5862775501753	30.3464931483536	53.9682485870895	118.606022033669	290.731152750833	422.696798554668	447.879001936435	475.566477990251	488.931701801051	2913.1936348918	23457.6277239932	23956.5883907435	2804.34759247155	307.66196948134	329.133002202957	395.711163574885	463.639818915114	521.333943593843	1385.14686257262	3977.09264586219	2580.31332935361	877.251969755939	777.255336214842	790.251463095089	826.723025420473	856.450867484645	822.385466617125	812.679270307523	868.783896401622	921.004101778542	932.437481973212	946.719409045936	1036.55013868616	950.12355001883	1030.36572471817	1193.77676281828	1316.15419202249	1914.80859057464	2653.42175048318
384.219	22.0156336965093	20.1258781360719	3.64072789513958	14.5527018740556	13.2955619172907	4.08552516308207	7.42089499201323	11.3991015391815	6.3208093524022	10.6676862911106	17.8109552942497	23.8661859066993	38.1434672644453	26.7997089884185	16.7312239383174	22.0073884188871	84.2197588439032	245.715159167842	367.588464555702	378.625799909151	433.66320049718	474.712557058347	2288.39554776779	21708.0353992749	24971.6665946757	3484.37843141663	335.716689415529	288.672438263501	369.635498234326	413.978567609454	483.591786356756	911.260647791504	3238.82748513156	3299.29351797124	1090.08943994133	805.966947655382	838.720092752834	872.55426571993	875.621949311822	854.519223834418	869.668638491713	890.680216098259	917.719231800945	919.110105960651	947.367828701486	932.272903431738	929.858306248436	1040.00125900155	1090.23489078868	1241.54981102318	1427.16171667534	1948.2108576583	2393.83021389592
388.801	-4.91121855044921	21.8870650564303	17.5969902486138	19.4465579026897	17.4936504262065	3.6202577881161	3.21574651994653	14.4762280631111	10.7538884412352	11.1715262332438	18.4927549575497	13.9937810964301	5.1541937452217	18.1732792952112	33.4756817794555	79.1242636747603	191.281206528373	295.662390004931	340.779001171883	395.384769874764	436.777101645043	1715.6065632767	19468.6406575707	25299.3397317927	3958.3778609138	288.423364536412	258.836217431919	332.429302046309	377.712841458225	436.280368367808	611.758384014673	2285.00674721553	3635.76061936902	1450.02657951056	837.382466892758	824.089631065076	868.978216524176	885.674097120638	903.423192777372	918.687145635006	898.992936092577	883.60450509143	929.380137677485	921.478440965787	973.880442948551	1002.6334433144	1001.39748986106	1075.32387255535	1075.72195594026	1209.33591664505	1555.09742605896	1734.84906236939	2360.33520256979
393.385	-6.26589379173612	15.8237336417303	14.7333490609782	19.7956569611613	-0.341616937961218	14.8012945436202	7.8110142072089	5.16863250292999	6.54825998099381	14.2529997698223	1.22036191176905	2.89519867111514	0	16.6495687375016	69.8226272054236	133.56739461354	221.605017187342	280.527746158104	324.77670191951	367.734776180393	1397.3763789058	16564.278054823	25384.2016204929	4662.58354482629	279.900361534741	220.711757025153	269.881638653577	326.730872047416	384.317757442851	485.062352480077	1446.87291835327	3457.81970779122	1915.23975207588	840.720612978487	777.12107459592	837.025194977944	883.665541712393	866.729274667584	908.082395230689	892.339366054779	889.258195303699	869.602847883707	861.20988046854	889.633142158557	928.176176643091	893.575562727798	938.053100100184	994.651775980751	1069.00098748799	1276.99216974891	1460.04515970359	1864.20820769481	1372.84097547324
397.972	21.228615081203	0.901012116816292	3.66730079159278	4.98211624152092	0	15.2420168145653	7.56097873481064	8.0050901265318	2.94294281578123	14.3273966110206	23.3306228644507	12.6113469417553	25.7063873911968	50.8568442789715	103.471678498358	193.592027539064	247.090662822127	252.316440718848	327.444460333291	934.515324082203	14691.7703474499	25831.182491379	5428.48815302285	289.439288763781	217.435503548132	263.091624805753	309.337422038747	367.529889283529	433.049298279164	939.07040362934	2906.24612887926	2480.57268750505	903.151246761601	750.782678775216	825.438411791229	849.064354938164	874.206601148782	909.430355781513	872.776561694591	898.202700161096	894.408577393379	898.003722706023	892.003583874338	932.98205460821	973.785065897127	965.399067286621	978.273816770087	1092.45210551421	1170.19246691236	1550.09367675188	1602.95338614878	2096.6963358716	2550.62195681479
402.562	14.0926348873949	14.7265624421662	-0.391765197846372	-7.36923370735824	3.17930223175659	8.79256357476183	7.48970692926586	10.5825603640979	10.011937577274	-4.59164029916028	5.96266441212358	-1.34722705077054	34.6011803457651	81.9520555774086	165.802881609827	180.809052946453	195.329291627861	263.665356384629	632.877256155119	11169.4533102031	24355.3707451326	6177.50320335229	290.481798251838	195.91098933008	213.064214864815	259.33235302406	329.987512009809	369.435245053164	616.841540970739	2151.3763742277	2813.70911497761	1063.88819565885	733.722501912917	745.928406108559	796.556335098523	853.659200293181	861.066659419537	869.992378774783	879.716827137065	869.00164358794	847.733310872694	853.022381405975	852.506212644651	857.334524453558	886.233637015001	890.796443284832	961.813258566996	1003.20600847693	1132.84141931451	1245.56011977012	1454.3173244165	1685.37950237368	2308.01690583404
407.156	-14.4573164326622	-24.4832772925918	0	-19.366022557282	-21.7547018265107	-8.42877556381246	1.96607755875711	-3.62538301209897	1.07920148773649	-9.35985901984745	2.25259589865154	13.6942070302602	58.1226164042874	138.637640155331	145.490023922474	163.813575633958	204.872998001749	488.10563977034	8791.80110806514	23622.4964909701	6952.30195337137	334.366595758747	174.882837157441	179.77700958058	230.105506760253	259.28598392934	305.009486734084	463.758285196468	1496.71602996688	2879.71842607071	1443.74075879305	726.252587153385	703.881134691092	762.56524757717	810.390941153326	849.64347669047	844.112371583661	891.788336651104	899.847253775308	854.913980505212	849.613716950526	812.842436671359	828.341977602199	863.316490760697	865.18276021367	912.214850057918	951.331798037401	954.162026434086	1088.73263710382	1213.62345122728	1334.59131392439	1261.71274674805	1532.69046584391
411.752	-12.3231644996396	-9.29393952821426	8.02416486798864	12.5781008930103	-0.310089106981385	-0.571714166238829	1.28911556721852	1.12598864450718	-8.27903281443581	11.6935911997452	23.2624286463451	53.2170152636711	131.547590196402	140.718634647229	157.466657492021	179.267308645877	347.72709529381	6718.68786746961	21664.8632266112	8264.60129358988	379.781505251823	185.150784211544	186.688160281662	207.972290802008	261.896790755564	328.021534836844	358.407249570954	992.33941009095	2604.78512601889	1905.81390778615	757.928088969907	715.285950183832	731.529512175899	786.978326387806	825.422868563417	831.088118765994	849.861580199006	880.499676490473	876.467575278085	883.226149750772	854.731021849181	842.082540408351	863.819664752158	898.528152266825	857.649783217351	939.710020909053	940.531820050691	1068.89771627649	1120.06374775844	1307.67804189244	1587.81658439953	1402.07576961498	1869.21220001222
416.352	20.5256021099402	11.2262641601001	10.9061854434822	12.7333847518098	14.0390807969459	16.0368159519427	-1.48024285695425	9.97403416764243	9.81990273859573	15.4271225721279	44.428096226276	115.101193763475	140.99613110486	131.557312571917	166.879603801848	270.56159523021	4756.92247494811	18797.2767560595	8813.47935398871	461.095920581913	170.458162739918	170.030506851729	194.014483881146	256.788072205682	280.179709593981	339.874742686323	659.773141422512	2116.43068788616	2266.61958497512	883.622985106515	693.016890049704	718.812921650595	761.950070512682	817.765032240852	820.890016108008	856.057787409426	868.049038293358	865.351285162057	863.969681457928	856.014244321402	882.95386863975	866.897907179311	891.814899879967	892.816462247783	899.567353607577	938.838986998967	1013.34164998053	1046.19917112916	1216.17812408957	1467.18392151038	1525.26211376781	1641.67397175189	2532.09478912747
420.954	7.31294513216228	6.9254742272687	12.528033328939	6.23796551081205	5.08345362747561	15.7125708146439	3.93656691369936	-0.542909510481637	10.44019492983	23.0326928791277	81.9855997291872	135.898988762947	145.119042835872	133.431460644352	221.472766270792	3552.4716979963	16312.270257632	9114.00497589987	572.382729911518	168.608180587108	162.239940672193	193.486582323336	244.510165195298	267.52451396596	327.35891417969	479.81778279288	1538.65627553504	2417.4922693904	1132.73495146344	656.714053807875	676.426829978176	725.240084701559	795.487386532821	799.231062387914	809.837062661432	836.554606883865	840.050701141091	832.648605517909	853.009463817721	864.262824279519	848.158368841345	852.07527464944	859.990050052143	913.45896380905	951.111114981554	965.751981690854	1074.02237020795	1135.12796053915	1335.96804855195	1250.79519897135	1641.41558842193	1740.57879573748	2151.40449477547
425.56	20.1781324149025	-1.99832776211173	6.50687718584667	6.79980692391743	7.92081428076751	4.32701595481232	5.488124093202	14.3809420173052	33.5390706299402	60.963426556089	108.204513228655	108.151936100641	135.203267214086	208.112633878833	2658.33723471499	14002.1066978116	9066.35972077216	673.232196516066	147.675961152087	151.56441786768	176.722537714815	214.37447872944	253.774903737726	301.879896619943	373.002445160239	1044.24945705512	2276.55706975731	1453.21133737408	666.511581218889	632.794550293164	686.69570194786	740.610525256507	761.215404339762	800.770531173716	819.657218925546	830.40050912347	823.761575952955	827.765628174147	833.023557566698	826.469467501339	822.806347628488	815.769369034415	838.407705556019	879.890038150695	931.507297461379	995.361836958212	1050.21946535415	1116.43516754882	1308.87350413459	1385.20020054746	1558.25390308435	1646.6281774922	1825.43531196716
430.168	-14.0763810228016	-4.31282647122622	-18.440641713201	-13.0077977107151	2.59012758684618	-2.9183258411667	10.5683846077782	26.1255930146113	42.9500455002364	82.6656744775069	92.5274101592757	106.402801599991	164.595857402424	1997.02936707188	12491.9697656316	9063.48374999654	796.77356498741	136.909530721689	148.538938303284	148.297703745516	190.970754800003	214.61700408097	253.259930870222	325.064461926928	699.802447041393	1907.85651375053	1738.64806300958	724.828499288626	631.404702704267	658.636423839866	690.402332417664	734.924534223229	763.401938743615	791.336191549946	796.086132019752	790.690618173078	821.150898140047	806.902737209728	799.246922544326	796.910026862843	846.507497269722	804.96240572375	849.035112501798	841.233996787145	942.689961552343	1014.05022164336	1057.44583037759	1190.17035798567	1333.26538378045	1408.12781899915	1587.60540520583	1936.93094443751	1902.6897029505
434.779	21.0628839629772	6.25784560848697	4.5988749520541	2.99445119453169	8.32553609802174	19.8489675264877	23.0741808247263	47.2584381331491	70.1634463583057	84.0757235664391	115.632525161678	148.112652496433	1548.19589578871	11549.8765950689	9885.63275056791	953.500405146449	149.366995486374	149.263444414162	140.858021495036	191.695458788268	226.389653412965	263.580148474615	296.655138756142	527.935887040586	1524.33198250279	1966.61502280114	878.741705678979	605.017374760844	634.590090343073	673.566759744094	746.259642282598	737.459826951042	763.099459432312	777.23966528758	795.135425036667	805.260600872671	793.136287302231	815.975497847566	792.708271404928	767.746816141563	820.992037177226	808.705288447513	834.865554426288	904.185853711529	974.634632013743	1041.56802917517	1153.11482897393	1221.570654092	1344.03856321776	1615.87404655521	1748.36307083458	2051.55247301161	2046.89725452364
439.393	8.28191569993342	-5.43918091108555	0.702811486776727	2.6440235767469	12.5477972763604	16.2993000304224	39.9135428442561	62.1317473913076	72.0393308008359	79.8553068645527	128.61613447681	1088.80119170412	10474.8471260883	10916.1452851052	1243.25542730667	139.524388237241	122.171064828475	135.33393385754	150.823688642632	193.497437329089	240.810940210007	270.375752964783	392.434359910819	1133.08527138579	1960.88657779864	1107.39247934207	600.782802115943	588.13791117564	646.659421380014	676.526105260544	719.473285017022	743.931734527348	756.466025312255	771.750164071673	785.878954681198	766.413347856457	764.610571977366	768.99974070751	771.709851615257	783.90889694586	787.014258534995	779.590865316752	824.163028342698	861.267474691363	944.177791893914	1024.39364086207	1162.27039921645	1197.08146689384	1350.78201435914	1610.00103158125	1635.48536857991	1496.93144676483	1090.57610225638
444.01	-6.89546112991946	-9.60310338426787	-9.38077559284679	1.30707785022082	6.20302633956499	28.5914431693886	55.2868023573189	56.9932812696702	66.9790380395934	96.1464853989626	696.502016103547	8518.5215381447	11562.6663618593	1631.91852826702	126.545178845067	113.188323050421	112.051576219061	148.563072369657	165.289558760391	211.85004233161	232.46646144528	326.84366340436	774.948198786422	1782.83097456966	1336.92519956662	627.984594836796	560.75472001021	596.6823643745	649.266988517603	675.934376752301	699.495146784228	703.601406283201	746.074744865101	731.920083271865	757.396628465723	732.232708032672	731.893016952707	736.674156617655	748.264327285293	752.270762694692	761.677997625655	774.355123738524	796.757697702575	868.477828669348	892.226464135895	1008.21797325078	1053.74894922454	1197.03895667137	1349.30912167093	1548.40075428306	1709.41090545177	1443.38735411676	420.337298341215
448.63	19.0364106715055	10.9344970828351	9.54909542956973	12.8301187076202	37.9167173448097	56.8954418511987	67.6922518432178	70.0136462156396	91.3241605256981	531.393700144965	7087.41237350263	11276.3470073486	2084.18819539846	152.873222132468	111.093896628392	127.307003851571	147.97892625122	164.176905591155	216.210749666469	264.696875308404	280.448296406438	541.047824006366	1504.11065607368	1574.77032512903	701.253569651801	555.891684754611	576.045660024674	616.730513575506	650.387293256526	698.092777730754	700.038128988734	716.911532576498	716.332243905658	727.38978142388	734.470974638404	728.230325373902	705.882668122996	724.632014094649	753.763021477807	736.699661613206	729.66597336232	761.599829711108	822.052497025859	866.55693269376	986.117870612812	1063.76573797316	1109.47354917878	1305.99553074984	1393.81818173944	1579.07733314216	1730.84507884529	1697.29719021906	2278.25867656845
453.253	11.7091352314701	-0.745461209832057	13.4852323115069	29.8052504743076	46.5107480277781	47.9204018621381	64.8312807439272	82.9541998836859	380.589316547277	5407.35955828601	10458.7074693672	2593.1690429684	146.448343820804	115.563341062706	108.667784660884	130.996393074632	159.609080320531	176.615620652942	220.008979367611	259.818144861974	394.022053887946	1119.24936370893	1671.3686057798	848.911094813068	520.854764192837	519.602781659412	563.716564571309	620.490525573119	649.847109886057	687.415538047601	690.246572012833	682.141752118801	689.613944197217	694.658499095863	706.079514334935	701.477696241886	700.625480041111	685.869688771646	697.090727179636	716.353276449142	697.594880659402	732.577504656437	765.443150123961	843.982245332795	940.690929796241	1031.91935601759	1106.4457434371	1306.72519639327	1439.71425302532	1450.98690860898	2588.92931542411	1805.81744801341	2003.8813089393
457.878	-8.69728486937279	-4.42969587270719	21.7024821519857	37.0548056270162	33.8697527144048	54.4528924820131	76.4100553511028	295.824947459632	4599.70142194739	9620.95278209845	2489.07389744767	142.661698294524	83.9535837242394	100.951211393576	118.469122023837	143.048348349725	164.370981470532	208.637191545418	221.343455948362	304.466440338859	796.309611061759	1594.16793272369	1051.7287743001	509.755860968497	474.173968950075	526.693152574627	564.856241596844	591.281168574016	619.179325966565	634.840000718331	660.82278457763	661.254996330755	674.990368664393	665.016710648417	656.57605033106	676.824290050641	644.090508811957	636.066103716181	666.002424343443	650.509195529738	684.103948032083	714.738204985041	727.640594933399	822.706673224198	866.97648892907	1014.01878860519	1049.95539186316	1160.71179217518	1371.2009308488	1464.82752755722	1731.53159954615	1612.40160045155	913.26014336976
462.506	5.74996722800109	10.2499944157517	35.7596072237368	29.5841482991723	46.2171746992412	54.2477223521249	258.229289020106	3866.26592475758	9478.2871550743	2859.21957614432	142.304586340059	88.8134065649244	87.4330422549825	96.910371644249	132.204697605965	141.296820086282	176.686744259264	193.462734058756	237.309336454957	503.827840361578	1335.67843504593	1283.85960520152	561.347891093165	452.492386944589	481.022506039053	520.513713268934	551.868545222824	586.068173590497	622.295487882718	627.515155755597	635.34557760295	634.312262870576	625.396509961444	640.61774115692	646.444562557213	637.997045271504	631.431903008262	608.248320755625	632.001853985434	635.078051651689	655.576646005008	690.806609936799	729.672436449514	805.92992269746	869.966587403564	985.40344001853	1069.76420866224	1231.99211291717	1341.73192214601	1367.60069744254	1379.57509892296	1619.9389825027	1985.49567598127
467.137	2.83833719467131	23.4913279963968	46.417948620868	44.2717380652625	64.7281787034492	229.876121996103	4046.83777729794	9397.72760770101	3155.78093805064	173.895825369944	92.6338204633448	84.8710337340676	119.608658066013	124.980971773726	153.157821261776	183.036184128816	212.023175865338	226.480777126663	370.189694229168	996.600672344048	1384.26816269225	675.997169038251	464.913349235615	454.111155607942	484.63243439731	520.98322210054	548.926169588414	594.345890453506	588.424814455954	615.478621001144	610.665311813808	621.077482599893	608.16197820523	620.033596404436	624.370644023754	619.80505494283	602.443623548969	603.047386008069	625.48560234418	622.448538590556	631.747076373568	675.761859064291	730.48016607392	772.9764976101	858.158097117351	1044.74485297492	1110.3957570057	1237.84923516666	1344.08533049115	1549.85713218422	1463.41493062787	1992.21923527271	1942.99262599085
471.771	34.6060670727625	50.9296160387275	41.8480431620619	64.9877541997849	165.066501686484	3565.37498148049	8894.79442264463	3599.66063492656	191.941772395928	79.8448198030509	67.9482861074941	103.748860255249	121.0388450471	140.56895136047	174.737861436607	195.957033765018	218.863792492543	280.797002802069	697.513375265677	1317.52156219286	830.41227850771	433.757853282416	441.363917414663	454.166891542374	483.669375842449	514.674933343968	552.007504292447	576.227777673673	589.449610894678	593.056613879093	601.202537535154	583.709708107299	588.31647498274	580.99156556934	579.660889317383	580.63781815068	582.536640878832	572.414015391313	593.994181704199	593.583420841188	614.224157360249	651.099529123227	715.426515308193	787.787012576376	870.912526563847	975.768152894495	1109.20924850021	1156.70148179536	1351.57279719605	1438.99626342193	1772.23325407013	1641.868510163	1757.59083448737
476.407	28.8428371064542	39.9900334281959	49.0886082737345	162.805248793018	2575.77688226182	8790.79029524354	3572.28171987568	203.500743203429	71.2298593226751	59.300142971347	68.3463304982485	94.1221371146212	116.422282107358	138.804335621159	163.187028555482	195.079908718814	224.847142583454	461.835647851677	1089.51620498229	1025.25880240745	446.805786963157	389.584081844894	414.887116722715	443.884528730588	453.233703568602	498.3336253224	527.012297323177	538.785902124636	560.897036065221	551.079885041262	569.984042321341	567.813128538375	547.933999842016	535.449835171805	541.227411798468	549.184968729267	540.588920775651	540.674837932581	552.166559057034	554.680814139576	590.94673972379	597.449357847233	654.930877147728	760.036520455888	799.500824215076	946.58058338394	1043.4129212536	1130.22264613048	1209.36889590046	1380.99214101645	1567.47188363098	1416.58341735419	7916.22551938181
481.047	20.3366072978885	29.8549175471329	124.087284803112	2774.34114683709	8922.98451238036	4006.66823928283	231.010055706471	66.9434430611983	64.1163622532155	61.3305837001935	66.1688423371028	95.9012795495643	107.486240219088	133.646675147157	169.034796432268	187.093849722964	323.44954050007	812.014479916436	1091.16684038733	548.284296802742	362.18804272303	387.144887380218	398.350312676892	427.003889469943	447.561770785734	469.265347164006	498.149029581592	515.664399825365	554.024400031311	512.246123978723	524.91465582009	519.631217477948	531.186745695728	510.894151722085	512.441899998231	508.050856660195	488.146255374566	525.286133819745	510.644054476283	514.840381243381	549.106696988821	573.940635186121	620.533108564882	692.046806352594	772.488241077694	862.155936374535	988.336491451403	1058.93183099283	1211.79255751758	1385.81398792712	1538.90652581734	1945.6448144679	21238.5433006949
485.688	49.5304963425091	124.964419197581	2258.96925929962	8732.81019117954	4857.33331570907	319.202977054385	70.6166817840163	61.680724229514	62.0792653384829	72.967823152317	82.3858392910465	109.630850017811	123.632095370662	154.536947437625	176.482520313089	234.130981681499	577.419865641196	1037.72875239884	666.744320051384	366.2659703387	357.247660119306	385.848870087519	393.494509114864	420.774535102779	447.428127521978	478.233466043548	487.196043963038	510.226595525471	520.233003085511	519.089388418208	508.070035705897	505.302325117888	502.15479605592	501.573964759209	500.296704046733	488.780958333054	496.421283723397	485.95804604613	505.451102286572	491.356743894976	544.820409307087	601.872459462406	633.125596758037	682.965638968516	801.446455204744	878.992569127159	986.943850091264	1071.98885285207	1159.56200845817	1453.0125507886	1555.81391807642	6675.40854854103	34012.7278297324
490.333	103.600154581429	2192.97979361262	8521.32807230352	4677.04241358561	391.498268226174	68.5139552033346	58.5672545785221	58.4414345544938	68.4368641210477	74.5401296342571	97.6930775804645	113.388901506377	135.140097574224	158.155219803847	206.2314569962	397.241236416846	894.867503247119	812.416156047537	357.185949445914	329.714117951882	351.1373999287	356.970262894623	380.020751154555	415.979739300126	438.446855391026	428.970627630959	500.567627597789	481.02322815347	481.287746470263	476.85601179312	490.73376640507	473.839594147595	472.305941218083	468.443291345823	454.599418727203	467.699228516301	457.159501707557	467.577901314975	485.276763896422	494.486876665288	510.696166628065	555.371672522552	595.701157195272	651.875493571444	742.255178829997	828.097360623567	951.267868997452	1015.94139259619	1181.98357063578	1311.78683934867	1800.99017636176	17395.4039132062	26020.3275616106
494.979	1680.67043661255	8204.23114074677	5329.74569222553	395.97200217731	74.821569914246	65.8394020269762	45.1350806236407	59.6895608179963	69.8479841841967	82.2830514661031	97.6621593885647	117.23307018647	124.347648174026	155.838425639164	280.033218277538	668.423086739694	859.831908636716	429.05367054308	309.729906488327	316.19952149672	337.806252801566	353.262571628158	373.378584401191	397.161845673669	391.775385786817	425.915635892466	459.477117015328	459.588424660183	461.016263493017	469.878769060279	466.049534665361	457.044195261231	443.895587796956	448.758444583931	435.355679602608	421.468133582609	452.275405593926	428.597281307022	472.976122749749	463.841252950979	510.534540006473	515.437632205279	588.691778461726	617.211724499328	757.626812560679	783.410684767316	910.828599481824	1021.87368138223	1162.42232938527	1123.3934879904	4804.69277883642	27838.7938321131	8241.11928942786
499.629	7631.98489924316	5267.39036517585	448.808329483256	68.7930432437675	54.9327841664526	43.4400361616937	45.9984744405417	56.248846637575	62.3800454213955	75.1995419618867	91.8407684622215	102.874319551081	122.298898787627	172.846547640997	464.641099152935	827.393674049931	505.500188380275	264.662441257745	258.45995093241	282.005199958197	311.240796738997	323.581277570788	334.57305034441	358.674596392549	386.58881448506	383.178788484885	417.949196445834	410.707449657466	420.739152400522	426.840375570089	421.702890807382	414.679007799092	418.163976850869	400.733883603274	420.874249285806	402.863449471875	406.623202226881	398.608650826668	424.218206171048	426.800145509065	448.618465542918	440.871946491178	529.967854929773	605.194229472763	658.649095165544	709.896447341831	843.934948913606	984.555070931934	1083.59007219509	1244.88250970515	13291.9034060977	22190.0726848281	1282.48382392745
504.281	5830.97990460681	526.892439128153	77.394214209583	72.4885104132178	52.9046020854437	48.2898569969095	58.5054759540015	73.1832420321887	70.2946256993612	84.0595394590603	97.754320755034	114.300135068408	146.447160230507	341.816196106654	745.456504637031	629.904485443768	292.246579455134	265.845145056569	265.701524047298	294.249197996192	301.165251708473	329.77521232031	348.887034745569	369.772173922153	377.418010745965	389.97224704154	396.844389295717	408.266553262603	424.60945896116	415.947449893624	402.758771538488	392.904484244692	401.817852130552	395.628667130983	398.355851839441	391.483954802191	384.785580745006	402.243971371781	404.614631289469	426.025993245747	442.132707202551	473.860967045655	510.653494821433	595.581703915824	681.236247990782	729.352721552805	892.993245924086	984.325825629303	1159.57152865317	3366.21432107094	21639.8862438268	8715.88891801496	1554.08364404734
508.936	654.29804961268	75.2378574402996	56.8696041744103	52.8858333409908	51.0778244408015	51.1496169610527	61.0800205044802	65.2763324424162	72.0643850645713	85.7090970488539	86.6018211199624	121.679909846423	229.198756000869	563.591736471645	684.545455940193	303.038233200983	232.771387947707	232.817269264151	256.079322174115	280.500053656132	296.174046998576	312.215419368086	329.647260983001	333.977333840174	349.598759985548	365.696452636639	366.528380888123	377.385903274441	394.233344427361	379.425242990616	384.208797460181	366.285612617395	369.203941064872	363.83554559256	374.680947514027	366.007647273294	360.670282114698	367.042000138601	369.435005224033	389.99987309201	391.040910312002	430.622091948389	494.516756728883	526.027347025445	611.658080687665	697.674336757824	859.857224090272	996.636039744135	1088.65845978544	10199.9249470205	18848.932856939	1974.10164610323	470.558198286032
513.593	55.5536664375272	46.7060907522809	32.398539772551	31.3675822224722	33.7677809800025	41.5845228705192	53.9376799304281	62.5564145931966	69.7038568095156	72.3873719763618	87.4790545977032	130.256256863195	378.152579960482	669.749740419212	394.052148205606	190.789267730351	201.169863241844	203.279061179494	214.840235190795	235.055456957525	267.713290135225	271.759554671803	277.926826841765	291.153537352148	293.13706360372	315.821051733549	324.916703385307	351.385984796704	342.946574320468	320.606444045836	311.134156739412	337.18979883293	331.615394432483	320.633320206418	332.472234626185	314.687834397564	334.888835911349	335.500814521875	357.560478796522	352.081369789112	371.582100343376	405.264407545778	402.202859619739	487.82355901394	575.246999355623	620.380425165533	774.74215987363	882.386028774385	2441.92136474945	16896.5272811045	8025.06630503205	830.59370859663	1052.59408246084
518.252	56.8464259779033	55.2103516806683	43.6160066123854	36.8599702071358	47.9638881857218	51.3091661440368	59.3571901836337	69.6972056426123	75.1527766450332	84.7878319240495	114.304302690074	248.352170101985	587.91628725795	501.974906208619	233.475641946716	190.915955675947	199.32072790566	211.221323146709	232.080028021005	244.615856016431	262.634135038648	278.742491038569	267.597078830043	301.509642511382	303.162759880059	314.255309594559	307.479706483034	325.958366764555	338.992041149101	322.363309357354	339.997973604716	316.155983402879	307.301561547891	331.908386486155	295.750064166402	332.894289308992	335.883769316129	320.089182353593	342.017775480388	357.509973498396	378.71625703302	383.301291840352	425.929227430835	489.553843548743	556.39864339326	647.458058822634	805.208353018526	944.230173893563	7946.27912707126	15849.5856943921	2094.38498180555	1259.70921089374	931.00057754705
522.914	37.806594804102	32.6551697555589	32.0499717410205	49.3526448019092	52.5291848287736	53.8308665264384	54.5941379199562	66.204419686007	63.3677887618758	88.9992274346179	163.511063322106	424.113485070685	552.205942267058	265.404271301059	174.085863950244	167.14386425829	196.465029404706	188.33840667423	217.728303071733	217.735662144559	236.349065762885	250.042738430207	262.222844628555	254.063616988283	279.44906735301	285.961134503451	291.358024915457	313.40561143521	299.476152833221	300.245767299613	303.939405561348	292.038666952959	302.449336890296	299.278172398191	298.162896414615	294.770104382746	285.750542327811	284.578341093675	312.644318636501	314.216923205578	331.463334272746	339.084735980037	415.774947066762	463.719987227245	513.05112740633	657.839434305718	734.306084445323	1698.23947422319	13555.6889220926	7697.54968747373	912.257175226648	921.051611086897	1834.61765175284
527.579	26.8908206261861	40.6414402886166	33.6178854807466	44.9155461439549	42.3253604700366	52.4155187222907	50.8790691884545	61.2603303263386	67.725588838943	112.31259474151	291.468620021209	526.445484258083	316.285129886596	160.718785337218	149.087290152968	147.403286145722	166.527961643813	174.975126004955	187.488672812743	190.543771755653	217.678369889155	232.501942963064	244.082662722142	232.432446903317	256.60080995224	266.8719473042	273.350709130022	277.777941770435	274.237201590004	283.030550258827	263.792383759265	266.164625056813	269.034950564953	246.959413418202	265.337055636728	269.790635269674	273.845999100551	277.192473724937	275.249097889205	293.188708694076	316.560192502108	342.281907081503	386.076937455389	414.186123364643	509.545963362281	618.643939624671	709.160595600607	5837.8346332738	13222.4877679648	1832.05819662286	929.57919367913	993.847070533453	2776.45735470466
532.245	42.5052359325322	35.1047246305151	53.7580731986099	55.5868308232125	52.3006885771101	59.2674898481899	65.5815304635923	67.7819901323602	90.6461556373321	210.226533010257	460.250398007917	412.43647598076	176.795480524235	152.80225248977	150.252052694568	160.02736449152	160.979649836271	187.54364382041	202.232324855681	211.651366559426	230.022813134398	224.355827079965	245.183397416495	233.498740163373	250.0214493255	260.769340139158	259.17866816394	259.153477293475	276.644345357252	262.674866855612	248.828755075381	259.446393538957	272.258879059669	268.719130240392	253.670418237881	273.385727361922	272.690069972255	264.735919459192	293.183225498036	285.436157007564	303.57025018624	339.718204685469	362.772293982421	424.456984199905	522.304535833688	649.008485305171	1254.57365499103	10995.9726476449	6993.34160507118	903.485711092181	780.340449910143	1736.96297984332	3770.3141736526
536.915	48.367700648123	51.5223814889753	40.5781226853761	47.4073398546089	53.2547424167527	50.7532857845748	62.7458054625672	68.8186996651969	131.387865442674	349.468825127485	453.319379728138	225.3940465747	127.71105412768	130.123549938334	138.50450626442	139.049023367194	154.643029696398	173.858449087529	177.046908184707	189.13715875688	191.24382523491	212.42251743062	215.175885090024	234.838062895706	235.885135494038	254.061420742063	241.797474936302	246.624348815829	251.835381628284	249.778123165979	250.919818106159	238.321655215888	228.789033347932	237.71451701287	242.684108842765	247.988959414683	238.694729144784	246.806014424223	249.732147615346	268.246093886056	294.116581665023	304.405960216955	374.076374150971	417.917839350422	532.274647516113	587.251980765192	4454.22259189482	11410.6365820169	1838.10875624448	743.827181986901	969.570918563335	2520.37416100895	2568.01651197873
541.586	43.7471711902371	49.626493482804	41.3598210901881	54.2785112548594	55.9414041114211	61.1642325554383	61.4756846482557	89.1266502247021	243.139792032469	430.89170605873	270.248862889836	125.967958529781	122.516274715412	119.202770577307	128.290889510833	144.981159503296	155.536112452642	167.360035773534	177.732290067664	168.121335717811	195.492914663414	199.235409306466	215.999261837625	201.282010439127	215.276200437984	234.592310369597	219.029720321083	226.829540955398	237.545619407359	222.064714506549	211.989885497119	226.438796171825	220.600033157747	226.785292884038	214.384555494044	218.66024268155	223.562373970723	238.882171706232	244.264061930601	264.825100880244	286.184619453238	301.745215583317	371.543122782675	428.678867514803	505.162641271427	960.135920957845	8943.13616941129	6395.24049547622	717.199857456542	765.633181931594	1023.22218178697	2772.13569502121	1079.35429729705
546.26	40.4265902879897	31.394724412304	42.2715999259353	39.1501636137633	39.8040203554805	49.487972385444	65.6819464631494	161.176067258239	363.025277332389	337.22668031244	125.353769768895	88.4958740282304	96.2596701085907	100.400920164794	111.184297967461	124.014084209819	136.535893239485	153.817750461927	154.515121209465	162.845848949712	170.286367682281	157.340156213729	187.034235397693	195.603993081126	189.016557480414	202.499565200156	197.64630987877	188.562868118794	205.415240709519	210.113864074532	208.557701559418	203.046095143793	194.589819536359	204.896101292734	216.372405339909	199.247060161064	207.042876287308	209.828405162752	213.540403257997	230.315266589158	224.749136528311	270.050924062163	328.76987411391	421.758429863838	453.740463111384	3341.92945690145	9799.13629222072	1810.36447505936	657.800082143698	685.444316706993	1587.62846737069	2021.04287293226	305.523770361237
550.936	28.6322073552498	42.7731965034904	43.8896281198422	50.1462500256032	42.2137639130732	61.0478345205581	129.425974670537	287.0912999035	365.752756987361	168.927565983885	93.3079263428452	92.235269768154	94.6388904817298	104.298494133068	103.1247869369	117.498723968969	141.650597232597	144.8464376813	132.812158215277	140.935920288755	159.987704766316	156.874442685306	169.694173454896	169.604673783212	188.317348637615	188.417647465858	193.898618739433	188.819397066967	192.175810769703	183.294717368836	193.633122141258	189.207409342762	209.294664363278	195.84908842001	192.009505648797	197.193906359617	203.477355384882	200.889034856956	217.441693216978	219.746429607765	248.861650202006	279.239865842228	338.118771905732	413.343802250666	680.35865095077	7066.64428719987	5943.16849034085	609.250086063194	624.041984259335	839.54588221852	2183.17864288857	1151.80537642685	684.042733307643
555.615	39.9817236483518	51.1143598944649	41.348683830071	30.6213582316906	49.4089400681041	83.0578638559036	222.430481015752	355.947003216983	232.612680590969	89.6742673470824	82.1168785429558	76.4144631026308	95.3630901071795	97.8680908097677	105.22302696963	118.497907079415	120.797114284679	134.300334277711	135.025236820663	137.576308152044	150.381831862854	158.422301100051	156.10808903916	158.975251285645	168.882627849074	169.821988947593	174.674684853442	190.836228096361	194.776945228709	170.921184057137	181.95468019921	173.810562713392	167.217442212245	170.217810644535	185.245768766596	173.239493919469	188.729043556449	191.01261414575	196.28824095342	215.138512410527	199.026000963386	254.309757332758	323.772136841148	402.954034453264	2481.07402784208	8364.23676546516	1855.38805433613	544.446957470595	539.360512031363	1166.2214745605	2179.13143270956	659.129712378308	633.657825984482
560.296	33.6646606153661	28.5595594031197	19.619098574879	30.4459461278408	50.4182028893015	143.104099203846	324.513346150256	278.952224540774	101.730288058899	75.3703551195217	65.8821576881439	74.7763711698506	70.1364437266587	98.2903645980254	88.0641960637946	104.029014710244	108.687115198218	115.434888725747	118.022777726876	132.442661698202	140.797300209037	132.256737467804	143.551133153725	145.204941429432	140.987498055657	147.754873689536	137.41888034479	158.695343602995	159.17596909825	167.042630530246	142.702883312735	163.400081422024	154.619644116794	164.149655173966	157.753904536452	165.222705262508	163.103432430887	167.766006051585	175.188481608699	190.9139640135	217.573658529586	247.725619167172	352.843092228773	528.553153648965	5550.55864073262	5406.39929566723	540.749498310717	520.154058609698	535.200425822424	1616.14809984625	1260.94330551451	510.271374545956	223.597148620895
564.979	27.8308825414811	35.020114559316	30.0255594919485	40.9628465624073	99.3412425418401	258.196178584775	315.212295178783	142.604949877229	68.0076979623111	62.9487104028082	72.2190678780871	74.3200439166688	76.1252386156773	86.7117489355046	85.7599110943471	86.7774389676398	104.337618242009	102.778279613343	125.577010794121	131.115706266873	147.415683440119	124.091129239371	140.180660984848	130.638120882767	143.188271613121	142.223099666898	148.696587463118	152.48143187603	151.206303496222	151.090803972034	143.131689128013	151.021843296888	148.133501698021	162.355800324338	158.254054555062	163.118495342682	166.661959980555	171.127972247203	161.236798441325	184.324195841615	203.482925042949	276.132798370726	317.915509376354	1966.9523902746	7153.97570658121	1816.14929423245	462.437242890283	504.389775198353	855.90609058697	1752.2033849442	687.378720121781	389.654261706694	1197.55072205177
569.664	41.6392455307245	39.6856499412001	40.2159654477936	83.1498071898599	176.66901614942	313.542650031714	189.687723730618	75.2516914165321	64.6272418344569	59.2970642329242	73.2288024190161	70.2915606346248	79.3776044152363	72.4472409596278	91.2177138028861	96.1530193566298	108.08619739468	112.313986626822	121.682744567776	131.710402375492	129.48336085718	127.019848277728	118.67983416867	120.817547349152	135.568581855426	146.272562089246	139.679198903221	152.410094782451	156.163957025303	139.58573553115	147.084886337665	133.219245065893	159.517387635052	143.099881535455	140.656755603679	143.854603915767	148.335039281493	160.887088773713	165.937803982317	189.024708014838	229.243334918077	292.791052744419	413.282275020114	4692.49728065505	4974.10748268884	478.275673220243	436.107461481336	505.498104807983	1188.56545895568	1458.15459403943	497.204916837248	322.413076412174	349.653785318502
574.351	37.4221090642467	35.2076971377173	68.0476982183238	142.817716382204	281.011235699412	235.478577153621	87.4571732059816	65.3597105086572	58.6627480455336	55.8762005375268	48.5895208547418	67.1472564010311	70.9944254634683	76.0140983587062	85.4072400143776	85.3167050797192	105.398391857502	98.7210311581147	90.8304150419236	106.05072000665	110.334383695932	100.923188161326	112.575680733624	116.583160799367	122.370090779266	132.651543858306	127.687313427008	127.697607884789	133.293607244204	133.091669561939	143.65405351285	141.401104284173	129.122602800528	140.99040142632	134.926148540649	138.098717598916	140.805326798845	148.057674013675	161.438480944801	174.158037692825	219.873329495135	268.722150379919	1454.51377528169	6182.86160050974	1783.62257209405	395.31450121228	441.983462283287	626.880521445775	1499.68017547813	1005.2509950386	549.753033269646	742.246891777055	722.930200684765
579.04	41.115323659393	32.9070213914743	95.7184646750553	224.266748466404	280.795978636774	113.105889835242	46.0240368069	45.3496716757898	50.5470735260147	46.4687771871279	49.2720424431045	50.5956857555727	64.3177330631707	64.2125742081594	65.0658081936851	73.1719935420347	85.6854211177015	89.0740459046548	80.8041887051911	90.7138814731732	91.9821299367006	100.117328037638	108.11487926171	106.999148689844	107.722694548433	109.03671449574	113.715033118968	116.475364565652	113.987741609269	114.295470625	109.44991183426	108.929489554865	112.6140938759	112.889837341799	126.598136688567	105.093964034337	121.117070962126	119.210553926322	129.03889980662	165.48930009995	241.521959646058	274.617267642355	3744.43424238245	4234.91081083686	401.168953364227	326.269145376676	361.736774652608	754.566410993851	1328.64568525769	413.233307766624	314.830712250425	256.775436570826	-587.108459494071
583.732	41.378993681229	68.1178116639474	158.965316912466	286.21309468969	183.149184723847	60.3534714142208	50.9128243929464	46.9779467502505	42.1720595421493	59.1788145943608	56.00239187207	58.5289112090019	67.1844242412243	70.3089161319215	79.4527930415833	75.3739760829608	90.5160824745662	97.6780027266128	86.251010107184	99.4935983690396	107.633324010837	108.005767609965	111.218521802266	108.354180563821	103.341536270437	105.420501078018	121.749234656403	119.044422363721	118.967580075517	125.540177765505	116.105959081692	117.075605201494	114.240559917229	128.392822837378	119.406861818609	122.325843099368	127.970603602173	124.531058140863	151.109999038475	189.301037553261	244.451909233972	973.571549749785	5328.01461980049	1631.54836664714	317.60009090372	336.480317209312	433.607676105694	1172.78607646362	1100.79844369023	470.231739336029	524.310816555886	509.665850790772	948.978731254773
588.426	56.0217051773138	119.157452552239	222.396219179726	195.651915220334	69.4160685905384	44.0261693049043	36.3610069176293	37.6412704631795	46.0006382511853	37.8732404517388	43.3957612543646	44.4166643510913	49.0286745604859	60.4459408284615	56.1663619022101	62.6993751657709	68.5436843727473	66.8531809268936	73.248206361965	84.2742582062317	85.2942305551452	96.4219587716963	86.8714081457806	91.7681237635219	77.4269461914458	92.6400331834921	96.3707737316054	111.109939778184	108.597818718761	94.7904639919247	99.0481664788414	96.4180350018959	91.1960760696057	101.200110930808	99.1059463358365	105.972403570816	112.819815031953	110.670118772511	128.117222872014	207.533411291106	214.24389092099	2860.89022351051	4008.9118687462	336.842552972247	293.635062004233	281.087200606858	513.393620357633	1331.48203798791	573.595129451331	363.394907868414	329.854044253535	454.565299664661	179.973744646589
593.121	94.6897438032485	208.333346097299	247.923036550916	101.872896088633	50.5086957728322	42.7029733188195	42.9234524501	40.8694878553657	43.5562932508571	47.2425763557877	50.5909547018685	60.0112406863678	52.3729826323956	51.6814594385937	75.8511807746243	67.9724552315607	76.3004518445341	72.7055097413792	82.1497419525364	82.4373665445448	77.9281821032131	95.5100981262637	93.9148952776275	72.6332103122769	93.1850881802014	93.4149408078872	96.8529649836224	88.3510247160911	97.4912859112185	97.9952664221968	109.468055832921	105.627523033317	104.745572248311	97.0410315658947	107.363004041455	103.771799750722	110.134440345237	126.948608979859	152.242467999861	215.943365571054	656.17857246672	4488.75239707416	1598.3802808562	223.106036123723	310.237817364505	326.234568380773	800.290594134837	1065.9792059114	335.987063013883	362.826140530469	434.385166612779	348.06835622517	922.458641533202
597.819	161.774945609916	242.868897450489	146.332883457227	50.1058881860961	37.6194397143046	26.6567498774844	25.6764836835986	44.6847696237078	39.5916162834291	36.0405198178531	39.3637472664283	41.3400800379451	66.7197363627537	57.1631895630567	41.4086069844471	53.1221393089968	39.7795688225336	61.3899245745671	56.1712154415552	69.3028396424062	54.8798013198109	78.2030221571316	89.5840360546753	72.0530860005141	75.0635842242716	78.3168194935342	84.4471425540028	79.6267067616422	78.0331511774518	84.2425691201752	80.1773763193701	81.1380784789947	85.4675745904672	80.7310240992594	76.7800727248874	84.4813446358557	98.8125618578668	117.684627575007	134.42556045667	178.424207409325	2151.21562066576	3693.59144159207	349.649937813022	192.020182334703	258.827097324599	358.462437579856	1035.9599545694	704.662568163554	329.440890511061	268.96325320305	356.51107766299	306.402666529078	-90.9843458777306
602.519	211.049806064303	169.607899460898	61.7120612380167	40.0058127516806	29.7092745316527	21.1276023509953	19.4085028049712	26.3705822377731	40.4834504277616	29.5127472858075	35.8823063627914	39.2665758838705	32.9932479171438	32.7897122058164	36.0697538465206	51.1726971439192	46.0428989308111	54.3023241506165	58.0544169955364	48.0912104615422	61.3307143584897	56.5501653923566	68.7733997981548	62.6849145405362	65.912022453883	69.1439795304969	70.7690543152293	69.6758522979754	69.6308770541392	76.5979401900184	59.4614918393823	71.7055893873096	66.687763178424	77.2648673306008	91.8099541799031	84.7982750534691	82.7459825751179	100.719807064196	135.891137151203	474.402682458669	3693.03035848717	1643.21821558176	156.052155610056	163.452060034969	184.902630875646	502.644597608785	995.114080672165	353.067408076065	249.019862935531	210.56655998929	258.857114804605	88.23069887696	-770.266812391026
607.221	213.391060079057	89.8478326576319	17.5901286915638	26.4700938180779	22.5544408812162	23.6869929731941	28.6831648342321	24.7079811711952	26.1901664881141	35.2768041463673	31.361681743101	35.0842301752378	38.681012044948	34.3225093786662	35.4929454741155	52.2314977764361	35.3969281209958	54.7924404432409	63.3083313404095	58.153296319567	64.9215313940669	50.6412558906439	56.5829040646266	60.8312642659204	61.9202399203624	62.7593893310047	69.5203636285827	61.5166347149772	69.0047130651725	61.1485546950358	71.3824419768965	64.6556777719923	76.635453723135	80.8261554612707	77.7502560511523	82.7697238130807	100.856374315871	118.1092313255	161.558559599541	1720.42491155071	3485.61438842632	332.6429334575	146.008952447227	195.273957190141	210.570330297943	692.712715365771	762.618529690096	225.218101177268	237.308138363961	239.330722343691	210.514148493881	133.540563569777	-18.5052144476482
611.924	142.746792569866	43.195877148822	36.9391024333236	24.05204328441	24.2124226888762	26.5718265264404	39.7435017487431	32.097634987855	32.361697618361	22.2020835609423	32.6927865917399	34.8107035215102	42.894023244399	30.5939896898071	42.51498762399	54.5414893123584	50.7339483365985	47.6079006699056	71.2635306509141	74.2650954679194	85.0941307704064	83.5330030489671	72.9353604777546	57.926361404703	70.7845680694088	79.4444244264299	63.2014183161597	55.7703220568679	75.0513323115586	73.9581365361802	66.4769638696699	87.0360938925955	76.1139005740482	69.0733710615041	98.873444343626	72.2821409850146	117.86416232355	127.167568244013	368.045934109612	3146.95150119267	1749.94977119006	153.839704572507	161.286305790897	201.813043247403	337.649419859612	832.090564882091	432.032622588446	261.834539968481	283.630928556124	310.668276252858	259.76788128481	561.766645533295	1214.39918095961
616.63	45.8852745375155	37.7214152782408	30.8863232047088	16.8890120643128	11.0753464116384	22.5691631409609	15.347633040673	30.1624130275483	21.349415353865	25.7234932983231	28.3719690755086	29.0235521471466	27.8358954703188	39.7736407490751	21.8015379556659	47.8368783425856	46.7825942831106	45.7656059090055	46.8005451069123	60.15303834158	52.7108842248668	63.7122466804662	58.1268568805727	55.3965317210313	59.1987914468186	46.8321097715583	62.3003145358787	56.0716446372402	71.4051744583843	54.8194686211178	69.1026726869849	58.4613804537814	54.7005660888907	57.1741374027653	71.2664570849842	65.6008899406637	112.012348243281	141.403708922796	1294.06335747612	3182.93975459286	395.371698338428	114.952302899489	135.611349438643	191.266849458238	508.959106912062	768.080303945731	272.887274706057	158.852095325393	236.915848029409	219.393519967619	270.623303166898	30.2948941173557	-188.91344606906
621.338	18.4082763822074	-4.40200182576959	3.25764255530775	5.44687468856166	5.87485128750604	18.6843683371674	13.636275813247	16.53278737934	27.3485482125748	16.0265238256558	23.347809773122	16.803882260515	26.0969583486165	22.9060633627098	31.8756586212325	22.4170881137219	29.5904010470531	36.899659891769	35.1885506732672	32.4917535018257	72.6553329190686	38.5271895797257	55.2875014976485	44.0958549824979	52.9215293800222	52.4438266667261	52.1083768239347	55.2197601586307	60.992970553009	53.3332868264564	52.5500836710711	51.9509064620924	55.4501386921909	57.6225907770669	68.0809910401491	65.7561166896418	103.388329050859	223.660360162244	2598.19792454191	1687.93893993	123.360145755828	103.630824533555	104.862743213575	181.228203468785	618.090264787728	431.656979360238	184.892574359786	175.546133814518	122.080006698122	100.506529020735	100.274255530287	297.692034636218	-514.067081061206
626.047	4.07973641158134	16.5653919299756	16.8104398696911	5.49930376683236	11.5662297448249	7.10825506412287	17.8772433715182	17.2303734592909	20.7088444478044	15.2289766380086	30.9886264589072	28.5902259789561	42.815752707243	34.3686176522949	40.6186626407585	48.0560822863721	43.9920887690236	51.7428317052906	64.6293759044404	50.0068658299144	54.8188194817612	59.2731952127103	49.9050058686191	55.2913417384635	43.2211960236402	39.3805409673595	24.1809697889331	50.8608167009176	43.3341166294036	53.5242131804401	49.5401534686929	46.6941488178853	49.5117515142845	53.5495040720189	60.8316316451627	109.922860623123	115.512619777516	994.148773719423	2880.53599730216	404.617504287747	98.8472643256416	116.432548032576	96.355509588754	296.730880930314	625.648063510666	244.054668677014	154.004617920868	184.32529348343	188.507787719433	220.705858752466	56.6940913281403	-30.8264081516713	480.569677129794
630.758	6.414357280008	22.051956866252	7.38731736716421	23.2754478067325	17.0858889343685	21.8299259285454	26.9997764158223	19.2293603739067	22.1623069374193	22.1265696669883	31.3211603299889	28.8970230076173	42.2765430345918	26.2965528415199	30.3171949673475	44.1846371367615	39.8186513397443	50.5548063659477	62.6488661728621	40.8391328987575	64.1765357621704	56.5393510586598	54.1768637366108	55.1588892057015	58.4759783536911	59.5374506164058	57.468089396148	51.077066327989	60.5942822516713	48.5583574582735	67.1930724705615	53.9835690721541	71.6302537706438	69.4927165724049	86.8423812333783	106.335654120686	166.400928713418	2169.48150091593	1673.62508979241	115.048939562417	91.4157999768136	125.274351563937	143.078378856983	442.599810228408	486.869810291206	193.81495518218	200.467626965928	163.373626241268	174.042405957679	264.099360529299	311.070531501727	280.41481156219	641.159100863556
635.471	9.23376083695306	4.52657348243985	5.58305023856794	7.00126882702551	6.94726834958803	6.68282252513205	11.9293062073932	14.6242120449401	9.09844976580214	22.2965467107293	26.4363547986017	16.6394347994245	17.4430572272981	20.6099940936023	26.4131009516156	26.8407483970739	17.7216716315084	29.511905419316	44.6530236223945	21.5950653979358	28.9205405411176	46.4090308123476	50.4515103134483	42.0526413619585	41.2476349343353	39.7718464964531	41.6016962423245	32.874030728383	39.1578956847229	44.3338046346194	33.8546259434984	32.2480777951571	33.9479156868369	63.6299048317866	79.4586326219865	82.0271077566544	701.985758084822	2591.3279304599	460.626952175353	91.5258547426872	83.5606438564933	74.8676611329585	158.716420464603	522.776068288494	268.647858093075	133.161714621088	116.451454953922	131.414112070968	75.6900592183711	124.020899695413	127.858759942597	-47.0948279110854	646.084506390606
640.186	15.7267486647928	21.0260875758195	10.441183087133	22.7966755172187	13.6179004606345	5.85840489367213	13.4193570338998	16.6661499111153	19.6811165640429	21.6098218764996	23.5128975672993	19.5558395244513	26.8856568995732	34.0864725366677	35.0707769416263	25.9418504168524	31.4896673068314	30.6230624518521	31.238437621607	51.4352200555278	46.6813386804012	46.4958190002023	52.8091056086672	61.1819497932366	39.5884360312117	39.1708629712532	41.6794943726744	40.5871910650188	48.5402039423732	39.1525090980138	38.1576785641655	52.2155700910821	55.4749060014549	61.0505312562897	89.0759267952569	118.458384549571	1672.4877420823	1611.69078093739	68.9378421514012	70.0659239761321	64.552796686391	94.1702121541668	277.362773954499	419.562373867936	128.010484133894	152.187062374146	157.146306369001	192.425957715953	92.4775670872871	134.607229896976	231.402594686917	353.871739412123	-156.919449784696
644.903	25.7310189766839	6.25480562911042	8.67468637655062	7.4492358064791	0.306077854223672	12.9793273923992	13.9968379912388	15.3746858434299	11.7340631635125	19.8920923038776	21.5947537958911	18.1580381074291	23.1139326899455	22.8734712778516	31.9243573135848	44.1570906175724	31.8494794576391	41.6533078004818	37.8364416772858	51.6100567399041	62.2746090555958	65.3791345524267	54.5570752793151	52.2468631830222	41.7969624917082	28.6892174886969	34.7363290313448	39.7050218185359	42.705786867549	43.2603726805131	42.2221475947223	47.8610596817277	47.4252800489407	74.0295096739396	76.6151490197902	537.281633591821	2273.81530458564	518.689382193117	88.8223573015534	87.988634910355	75.4920249143147	88.0473912209593	388.570609436625	289.976902675974	106.234402055231	104.94954950203	184.228129930919	109.750762344186	134.689318122584	180.65434042948	62.6910758374935	-15.9073423958064	-337.263992992144
649.621	2.37229515383135	9.30357069061534	21.4199471546962	23.0237904088544	11.7955970017298	6.8676794949422	15.0552670015171	17.846628571305	10.8376467820229	19.675553565353	26.0587416963233	29.5956462300624	17.9255585493274	36.9811229247405	28.7788915296207	41.8615685118643	23.0225650921157	37.5492610631153	51.4264240114851	46.0597345175687	73.4757458119292	86.4673883420458	71.579917431348	50.7316863560763	53.0748102551741	40.8719958718764	59.8534468376613	40.6083005598491	41.2641401068082	40.4979063697418	60.549888329281	38.8308340365029	64.0158896830694	80.2670950460982	112.592550936114	1382.91171941081	1559.29250442035	99.4041747227941	68.0101399165318	72.8343452684906	80.6990420240881	151.069248947745	415.237429714107	158.517146324869	106.896466782358	125.694821781653	112.345779510166	118.724593404515	136.595872335662	185.866778410105	46.6242190652854	0	20.1198842475663
654.341	-12.0456836192117	10.3069685041321	4.66127086401047	25.5733495804334	19.5443281336779	16.5640433795906	13.1049207390195	2.86165032727457	7.55310612746992	23.2691448020692	8.44577618506353	32.7268435107693	25.5555327835336	26.288805938891	23.5799274788096	31.9661436721613	28.9634122221875	41.7989751008488	46.1991026937459	44.6489006933246	70.844058264326	74.8158829805145	74.2632574596996	59.1520710233347	53.1755808807655	50.300534757387	31.9544738086579	51.9818628072036	38.4417485873544	39.0704940954236	52.9970988458093	57.4510751179089	52.6271847595793	77.297414542625	346.31107842306	1948.09702746577	573.522033274163	75.8192489202446	58.546295022126	55.841471086782	64.0908952109611	252.080229545692	288.289104474558	131.842452424324	79.4941746515077	85.4410388080627	78.1271910655963	84.3978643519499	71.2852258403345	156.395571432997	137.740479339586	262.128812276683	-694.699715601367
659.063	-21.8646300465237	-15.1574424393216	-14.8848638633229	9.94698620392369	4.45036127334259	-3.80954433262352	3.74429661840277	3.6552499769788	1.52332917102973	5.86622352176925	-1.13557672102644	5.05135021109097	14.1208307244076	13.0828363229669	5.69339366547211	12.2958459370801	26.0400329153742	19.2265916063841	35.244644055004	42.0228713087374	59.1810871332335	53.2087650617542	43.9818350840392	34.6352990695587	34.2894830486359	38.308795422106	33.9745531563655	33.8977201533764	25.1449529770596	37.6711368061123	28.7769631065612	41.8224492156869	48.9075600012001	82.5536698303245	1061.3032197973	1468.30880627852	65.4033640148971	11.7962337413721	35.5155339610312	28.6495740295358	76.2846530382793	281.80634836394	157.470249563024	50.6831927084948	37.9265386377278	34.2563071177016	40.0174872467144	75.9891541935325	17.4855175452131	149.5537555033	-117.19620585661	-429.542658874689	-1050.81570815566
663.787	31.5375269806881	21.9606873545833	18.6714123272642	24.2861766456222	13.5404957104829	9.80757552013713	24.1247666492112	22.2426421560379	7.50399743953322	11.89889532625	23.6095866454526	22.199726210409	28.2842969603572	29.3302415034396	40.4191610817695	49.8811486504306	38.5435405767257	52.8732628640058	67.7915965326726	74.3658933435841	71.5961081909745	70.0721867449435	61.0818238712623	66.3503770902806	60.6729307447383	50.0043265345278	51.86243654248	52.4539880033223	44.9821380187203	45.5662849789284	45.1676055082992	65.0143582153493	97.0921252069002	258.001926454116	1700.65616735419	583.667047502493	58.8220446640158	64.6919887805872	58.4730406045184	68.6323365064712	169.240102015095	323.717156518147	93.7535251377959	101.314550948207	90.9163334750035	105.279701550796	76.0972791206483	95.5633437356605	132.016685853137	121.340380282315	294.946082317274	376.993196519601	898.551300661352
668.512	24.8280883814614	26.1128066877386	20.4162091052794	0.753011148064865	16.2435479634045	13.1772873006304	22.5094551587957	8.45425993244328	10.6753129359703	24.5020421860751	11.025130660438	26.1561290377374	25.976247329536	24.6297503709085	30.8040954624171	31.585175632344	38.8398213238473	41.5657194286304	53.8221307933606	53.9024391181898	68.6903431720001	64.1178759139922	66.0057287156011	44.8358020067047	44.3632857189688	38.0634104917669	36.8691310989734	51.7857674437062	29.2668406175672	54.0402460528556	39.5628688309427	65.163774892996	83.6589761940058	868.306996781603	1392.96949664817	115.643723219171	42.8792117350805	58.4917425375335	58.4511374937683	85.8188628685396	253.375252793157	225.11121140472	100.989662171002	87.8303057327311	45.8075995971259	117.75876468651	152.0864269889	116.489432185788	150.901387448195	83.3680315409316	150.824662978225	337.680986207849	715.943838588701
673.238	6.99373067769867	5.78831935742955	-4.4300150759785	3.4089568934427	9.47799507461863	8.43604639772725	13.5870077582802	7.7139947297989	10.515860719253	6.81797442193474	4.67011657016167	23.5437903376592	22.1401897825135	12.7430110850211	18.249434472091	29.383693742161	30.0288810902472	33.8329769780545	39.9849316515842	24.6887398385196	69.5386306594128	41.641829483968	43.5898518893967	56.5801010515989	35.6293531722999	35.0104120803037	37.0911665600707	25.150582295086	35.5471490052523	31.2691552728832	39.0966819586934	59.2120588665274	186.51330650209	1419.58733982705	603.720314035457	59.169565751098	35.947867882596	57.0472317624996	50.7414238443873	92.4299700370328	276.687566803657	126.537635359138	27.5297394811737	41.5363960905653	52.2870081744027	39.4893128271304	52.7150887841224	45.3138385361556	49.9375508899157	58.7090668005794	66.9410153738537	-305.743129746763	-466.047636289399
677.967	-14.593276629957	-1.34556392656453	5.27387485548091	0	5.26759543026408	-6.6769412965977	8.44011270231625	8.56755961788907	7.66301778008876	6.33967814690101	7.05655821846946	-2.4414029091516	11.334102787825	6.41824090463335	20.1175682562958	17.5530286826113	35.7158575645198	24.89072301711	29.3695379255411	35.0842289432178	28.8950889736669	33.3110710969486	32.008857067533	31.088246928719	13.2228881993469	18.3683413960084	34.8239836098239	31.8497938284987	3.9786543779679	26.1294510527653	42.9315176988726	56.096002821803	635.850983860068	1240.65443206974	98.0515682794598	27.7881545812269	32.3773837143193	29.8640523600652	53.5021018148414	128.918698919717	187.091587342434	64.9241672448509	44.8988970615586	41.080321271023	87.4866536934122	93.5343330390643	18.1323072727454	44.0722106429422	-2.01215382870138	90.1176399319681	-49.4501565052869	-25.6654811090652	682.859814821828
682.696	-23.4059236260576	4.08167785353441	1.64081491057491	3.85803429356882	-6.99076750890054	5.5238327044958	11.3020112852577	2.61905830477527	-2.50684069430962	-1.86967940086472	14.2703971343035	-9.16912514971316	2.95752602433045	1.0816279430793	-4.91008104297873	15.6605689130683	-1.47403614397388	9.292841543789	17.8181043876953	17.9621356212476	38.5134556634345	54.4738422654547	33.6104028684846	30.2256763895717	24.0664462791455	21.9161914065598	10.6369801644302	15.0044798534	13.1661610888227	12.3055060290263	38.3873191941218	124.571140001281	1168.54724791851	612.213270948899	54.7801100236756	20.7679641894208	31.4459091133441	26.5366399009429	29.4642771252537	179.497325763714	119.830333119722	28.3068069194372	35.3847200827535	26.1536389099568	38.8147970781436	19.5675945524043	73.3375160332539	23.8732308474358	10.1728892974067	-31.3231659361825	-118.184757393225	-69.2040126324291	-1273.05370171576
687.428	-9.73516455193203	7.76366666987022	9.08749170206585	-5.05046283837653	-5.36348772326302	0.927066761658364	5.80659330638223	0.81149070479258	-1.60640051555265	-1.07584780571749	7.18501712485432	-3.55120952085418	8.18998323075018	-8.71343968424184	9.18238962198911	10.1628323872139	18.1830178597742	21.4447863359265	16.2337012375377	18.9919262041778	42.3485538663286	15.4931662537799	23.3990631838422	26.3784859947623	23.4651316563292	32.168682046852	12.1886620365381	29.4814485779774	21.3602534287733	36.4453650269014	43.7130510813373	490.91858967711	1159.14882438821	112.462319076102	32.6313908939602	18.0425605114775	23.4237701841711	33.6327625838876	87.0644238561265	199.502813939158	77.0928046637059	42.453432343829	36.3040769007425	37.1805823353593	18.1794443080903	43.7871492146553	-15.8249067322698	40.0665262618141	-36.8781021640227	-65.9511762882249	-27.4638307682685	52.2654006605093	-391.10103150882
692.16	-25.2427559144339	-6.42831259234049	-9.13681895266353	-8.20272429214339	-1.68518779331964	2.17489746903621	-0.233524468628023	4.48742528961593	11.7673037215916	8.65350038821067	3.61200883554354	1.42819424848084	1.49717068567804	-4.38036828312993	12.7830904367615	13.0367543184199	8.95430986398383	9.01649740711688	27.4893783331317	35.4621709036471	16.5831754401547	23.5763991884043	-4.20108467656741	31.0099519372732	17.404304225493	7.89778130705827	24.5096451153259	16.6733296887223	23.3275940499863	31.1467130762836	73.0083947456861	1017.69755557476	595.40818526638	30.0525631419278	27.7310070007692	23.9124722849578	27.9121959106891	37.9843348612172	126.659700172131	152.926974041664	38.1939578195191	10.3660830031132	31.0935609871224	32.7095999566203	36.556246046484	19.8111723867081	54.3619168370126	-3.22272071122212	80.3362687946258	-46.1281125436815	-207.096791146903	-175.163664143956	-546.144364976681
696.895	-20.7462689018109	-24.501018862011	-12.1257793150591	-11.404497151322	-22.3955410704433	-12.199574356191	0.235110332691944	0.410718125743582	-8.82733700255934	-16.3354992881616	-6.97003112493342	-4.31367933581189	-13.9428762034591	-20.2130287005102	-14.6573865335649	11.3515994666891	5.25881915951381	7.49899304074549	2.16219208050506	11.4432674406267	5.86608899035563	5.5102604269286	4.65257565494313	6.16194877122403	-1.9469440900647	4.92230459780856	2.61716106612812	-7.08765791832779	14.1661657758356	15.1257346270736	363.864047727363	1142.07281011765	131.44244487602	13.2372843840493	20.4479586800501	-1.66033529810667	-6.14725727899072	36.3768089968024	141.305775152353	70.1281219068421	-2.26196075814851	-2.45564212848025	33.3463292760524	33.7158195932802	-31.2838245062048	-2.21619000080779	-1.33490459692658	-29.2014557933118	-26.9606107295764	-119.006006619678	-305.804671217815	-564.330240432659	-967.741684712165
701.63	14.1217401909598	-0.932358023120196	11.3846548312304	24.1909219263577	14.0296204553799	3.78534753982415	4.50474029839387	8.07649488760882	8.43321267511643	14.5512892578515	19.8639072969009	22.4751574618364	10.2602715042326	3.33545936592824	29.2012972199254	36.488137350879	21.5913351208849	9.15422594039561	21.36804500224	42.0045052034048	29.1225708434834	52.1474462409031	17.4875535375937	30.2408591981417	29.4502632270835	21.3824566970845	21.4907567383735	15.0471267901826	47.3678540429341	72.173670328724	802.083843964438	682.309434341989	47.792713264869	38.9023169808581	45.6025257509163	42.6953347560274	26.5673994902686	103.936170753891	144.97906953248	74.4411450192136	54.1742767318532	70.5755671897214	52.8429581043994	60.0929189193398	40.8261138228548	52.5193442593754	71.3461495563522	93.25052708782	96.2030070027839	210.747272929951	107.466339725336	346.786671936331	-66.5384175783054
706.367	-8.99794630258402	0.471761764779057	-1.70681369059171	-10.0330416742866	-7.96452581335683	9.89592122582396	9.11737414316284	7.96364578474172	0.237061252563321	-6.11249205785464	-4.02035772929064	-3.30159338506238	-9.61402219271291	-2.62531371583162	7.29654296607539	3.25809733334447	19.549913550896	16.1110485093054	-14.5630611196552	33.1652176961668	13.8146858643622	19.8976170772036	24.603113987416	32.2798876023544	-0.794745240701773	17.7745014638348	9.5386493490228	11.039810270705	45.2720487755258	291.775476375177	953.128427881284	169.539282448873	32.4952730856635	16.5963954619279	18.8607490886014	16.0965895698989	33.1588559657575	114.223563005367	94.9629688403259	28.5187772600842	24.814640904351	38.8428634375676	25.6961549625983	53.6110771112934	50.7048086455321	45.2325894878244	14.9850217665903	-18.2112244694562	-31.7462255135233	62.2040675846088	75.6544758106574	-80.986069710913	-695.797605814001
711.106	3.20929301362615	-13.8256125462711	10.3490625711418	10.5445876239009	5.94900938610896	20.3235106663765	17.215045452738	7.6242035679203	12.9365353380104	7.01938850730675	11.2509058689474	-4.07790783518236	0	9.09615922306228	3.31812927760561	1.09750484033865	30.6030985689822	43.5523141577039	12.487066031705	16.9938057233854	29.3172987887661	13.5509135773183	19.6286929499266	19.487797804965	31.3224833803478	8.2001639627656	23.9057409686223	28.0834278539927	52.2860387481956	669.612260167784	586.441327259816	45.2855220387413	37.8025049580614	21.4521909106792	27.5761502644184	32.5332545196388	69.2823952739056	130.33990402524	78.7023720855771	12.5068088495951	37.9067490816206	33.5551405815369	65.2699096833939	52.5601663851613	72.116165236848	18.2841631141742	-16.5199825262073	31.7880368552038	42.7754392810714	128.715719897505	0	-145.496129655102	-249.504030695889
715.845	22.7250393787824	13.0210912356123	20.9376647721949	-11.0768748775365	4.60189090488865	10.76885065082	5.15070116373231	19.7095652080288	25.6878240814436	8.80477371995	17.7039531298111	13.1253229781166	15.3317100373027	22.6201800522364	22.0039190477195	10.7319940006213	24.6874420204262	20.1753358210626	16.2406015511447	36.2910032505007	55.0765209615818	49.0825473502993	27.7981984410397	18.4276783269887	28.4352374070475	51.3503995982885	37.4437198014494	31.9108477975299	218.175975804908	861.326967449131	196.089584992682	33.2119686154284	22.0169661063705	23.6732262022052	29.9464135719716	22.5172057376828	87.9488015013446	134.280955167423	48.2815508213553	41.2550552803119	44.2447434295889	29.460374174648	59.6357359305839	52.350469680047	65.2717383670868	73.9830637399411	68.237271234824	142.163015423593	108.176199775798	72.672752561584	125.674993135754	321.956158045767	688.34057341963
720.586	12.4759055631652	29.4918720715949	2.18648195623609	-1.23385359044149	11.356168646111	9.81444074714073	3.19653379008764	6.01362214449022	8.7460678563545	11.3895190495965	1.58467832261192	4.51140783355352	19.7053831167082	25.3674533280052	19.8158536033961	17.8078934839547	10.9997411047739	25.1792862970901	20.8039753719381	10.0529509909051	28.7871957584249	16.8452166406159	7.96228090378369	21.4813247132747	23.2125345317102	20.9877186401417	33.6275396542305	53.4483060956235	562.599426993831	579.51780531613	30.9788517170498	32.5299338816106	17.8126829729839	34.0168063249915	17.6839509708594	39.5040328061532	102.864519995529	73.6497328142264	44.2833734652028	38.6013806792664	46.7214591325734	25.6820275045891	61.2089087439224	36.9013292818795	10.5851700757983	60.2621428137616	-15.3570269031981	115.373254077667	2.1689553158703	-6.07126588049794	130.83627621071	-82.9965595450561	1173.11659736681
725.329	2.74530293504911	-21.53283488535	-11.5086734836029	-9.15885287445574	-2.15530696754773	-0.331146622642208	-8.46234820977172	-2.39137022576939	1.96732611101666	-13.5462560175101	6.73699825506383	2.66382021694577	-26.3290289186617	-4.27958490505434	0.378453863244711	-3.00425869161305	19.4848263449857	7.5207666423079	-2.74672877380042	-3.39194137902936	-21.0183311379354	12.1152615849884	4.47755590927696	-9.56730818574167	-1.23664483867507	16.033390958628	27.3100037868377	149.66788312482	727.729362946213	171.449964242575	0.387129551456308	6.97288957015149	19.9902262850705	-2.00189418395342	18.7326572833998	36.4715449564796	83.6692966120379	-10.8615782805952	3.64851649253667	3.90731897127891	-8.97959175845204	14.947658898767	4.32258421616389	-10.7906815686475	19.4809969457885	-17.5957795861204	40.9815599069434	-79.0005451768848	-114.164210043821	-3.0727362515416	-166.770547772451	-354.713080962342	-791.63675076792
730.072	-14.3644766601788	1.4772907497397	10.6895482630776	1.25671224450485	3.976003496451	7.66380341436824	-7.01239216852547	7.00003643993567	3.46426092116305	2.61011787451518	-4.196494733528	16.4653708279648	6.02113486655224	-1.95738004358598	11.043510050155	12.8476130048778	16.80528723972	12.1922482303115	6.44894617713288	17.0653237703796	0.480664162899162	16.7057872175754	13.5163199041465	4.8134443835054	23.2277932380204	27.8298375940402	36.2418411023724	456.965524794549	528.149426734592	32.2242576276068	20.2561011951133	15.9816026613427	31.9469015226302	22.1579711700555	23.0380519582815	83.5668558573819	82.3194520029635	38.2522663313553	45.1037773791207	19.6582593470711	27.7089044641163	18.9644185032155	31.1714394994563	15.8692102967249	27.443241279288	4.72142869741548	48.3465617970676	-51.8429494382243	41.9736196925869	30.9187177100009	78.9689949713165	93.926858673661	538.853932388957
734.817	17.8045560111558	10.9101849898718	-11.2138005982566	13.0779898374171	10.9204374858712	6.04023360218157	1.26108069932571	0.660900814491779	1.74439691111455	-0.584133773287949	-2.60074652565482	2.31376379386959	8.08503308624271	15.7699331758756	8.43716463369099	-7.23039194434336	6.85031087595437	-14.3955885469491	3.71120900692361	17.6772090784518	14.0379745658041	7.72998858631568	0.907469240029164	4.84753181442785	1.67087755712643	29.6516695276348	102.677085999984	650.685077985531	217.554855899991	10.6855662841868	9.80747552266792	4.31811164888385	21.448760203681	5.68015319686787	25.3104009019341	77.9246780870156	51.3429727549933	37.0222556414735	17.958005103236	16.9692629955533	22.4454314314248	27.6602138245611	36.502542654624	31.1220465802071	26.6505297752394	-20.2081741236049	67.3052970130899	-10.4420172638434	-53.3947766075897	-56.0478153426814	-64.6166874578973	-85.1328195437528	-353.915179046008
739.563	18.0111050078243	-13.5451059916008	12.2514021233829	-0.853529443867788	12.5200743930369	15.6152259073955	3.31684698568879	1.78284763549429	16.1337919750929	5.02273716587302	15.7855052638055	1.95050462685767	13.9040055640015	16.3517006700183	11.6386955387732	-1.15488490233711	18.7511712914261	11.1360985636915	18.7713119854836	31.2939912866177	32.3191253420197	6.43972285290193	26.1629061266061	27.6394172673907	6.76104500842701	46.0207321636456	394.374698369255	519.78595427728	37.6237465554705	46.4409374475047	28.1763532180704	27.7976723824753	28.1264994291412	24.215488527959	65.2902624912716	120.720485177559	32.4020610140022	26.3174441065315	52.8960909001474	37.1932639773807	47.2526499180183	71.9513932884535	53.1734475651083	47.6500829871772	35.946266786638	18.0375946501918	82.572503645986	117.955221162575	81.0213066598837	59.8479108765123	15.084530684593	392.326437305721	644.437648959056
744.31	27.8744393556536	25.3517725076354	17.4271074283481	14.233841738783	0	18.8700395562436	17.7930687363125	6.30669683580433	12.2297448803382	15.2293507278263	5.98286820859005	31.5418127104014	26.0388168227434	3.22469571012559	22.3500031947725	12.0614306516075	14.8317621175009	33.3326716696915	45.0586237787533	19.0775976678785	36.6241086906395	18.1310697848969	12.5254856162736	42.8036179779303	38.0104955991458	117.112780069319	596.657980673592	234.850283925202	28.2129087060657	9.7112226503963	21.2579795525698	29.2990091476142	25.9906594713222	27.7930179051267	78.4960951459451	82.8585344120243	34.1933579461495	39.8983236950515	23.7607826273246	34.1210689729741	60.7828697066347	70.0274759607966	55.9813371088557	46.4396646867274	74.6797221290825	34.0302450502553	67.3500790815394	14.2348217967442	84.1624069588284	73.2222232417553	71.1472740157374	174.082816275722	723.699172907008
749.058	28.7339952892934	12.2932161347938	5.09624557956733	29.630095851957	11.6553499634888	16.9833027643605	7.03366177497143	10.2393499974177	13.1269033315157	24.7366574805313	13.7669184142285	16.3303867130885	12.9436971103672	28.097248624217	8.71447775277541	15.7221911634105	15.3995462849859	15.3060594029225	30.6655135755835	30.9375469127837	37.9983630278589	25.361126079544	20.1518635949867	32.3170100712956	42.282002938005	333.532579086174	486.347299087178	46.7060985638871	11.5657221548792	20.438481431773	23.0960080308402	37.3021489062167	28.307555453219	41.0679411518899	89.7552448815805	72.2073592804347	21.4068137853983	26.8707223337535	31.6411317543712	42.6490564984459	23.8097410471166	25.168237801005	18.0971087626226	26.0634871239056	4.07799712974854	99.4507390399124	66.5592995504978	57.521205185603	6.89371982566282	234.776101137576	138.614909004055	576.436352404893	-97.4793812240446
753.808	25.7728747821678	28.1924105241892	-11.3332137451961	9.77081971156865	20.3106428439261	10.5981851404862	13.8071879133973	6.49384743300861	17.8396035583063	16.2962323501363	6.16040922370201	15.0209884407004	4.25579620715376	27.3932029179723	16.5533812172247	6.40998833479102	-3.81797329336204	8.02328151374926	1.95350458645559	11.3726820082	-23.4419266307035	11.9673765804886	9.0757920300326	30.1557654594498	69.9215063690673	532.811206581433	218.29969549721	11.3747821426658	9.68337464912274	26.2484308020447	17.7588442000786	10.3316624352	18.8169818126241	52.1099745870413	70.1671566367822	25.3139399382687	27.7697235988068	5.26696185336677	20.0175393869733	17.8645465823891	35.125130004009	45.0659589369351	7.68567702439473	43.3901869863291	20.7826582180173	70.0801783303321	4.52274038709757	80.6148128963984	2.3421599448478	88.5072741485168	313.965266782321	428.205243115191	-447.104924045703
758.558	-1.78919106440427	-22.857681929345	-2.88481765277115	-4.52203164958001	-5.8528088074727	2.87756745372798	-5.67736041357059	4.48665761761713	-3.4725212909415	6.26133027631028	8.71168862914731	-7.85372458582501	0.43331737320132	-5.07113770328901	-1.23324508519968	14.2767902629013	-0.86386454713299	-16.33831650185	1.98902258175984	-2.10535572243952	-11.4151975059453	10.7227679610723	14.1043868485417	25.5079782867257	285.218940736075	474.577435232617	49.8707448398683	25.7368773152354	22.7195668447711	-3.8179530531224	9.25111758376344	14.7273131819083	18.73334824029	74.8022663357673	61.4951659873766	18.1373928885225	17.1667358952454	11.2617205437464	11.8892035983297	2.4252472069351	42.9165166539907	5.64742569624884	15.6508310895449	19.8355113592775	-19.0444696736909	17.8385884270811	39.9097521820345	31.7129303567269	-26.2321878226709	150.194141810555	159.83684139983	-415.712095044784	252.907801505048
763.31	34.6752321998547	38.497376524567	32.3683162418502	39.2068164788539	14.3279690764168	13.5752021788885	1.93034203076073	16.3789967778571	23.1595196283241	8.62202817640072	14.2177667040171	29.9357037021272	21.6576453758416	19.8285540642987	27.2552739601457	19.1394486651549	23.3507364088074	9.25856875905634	37.0264128306497	35.4338617000885	13.2315223396837	30.326557796387	28.7735378082779	86.7289004391946	528.422553926101	245.592316077768	30.2584036849786	37.1905485495268	24.0489391530024	36.3476566511996	25.306529355654	31.3319478197255	52.5481168218673	91.826009435023	52.5794425679103	27.2639230644991	39.6559711836352	50.8718412286172	65.8335655777325	43.2915482845572	70.3064955837589	51.8444285036509	51.8835664745964	69.8945589911362	51.8020172568939	85.7798814861935	115.863450852411	51.375998207029	197.031608783696	265.548675207109	510.848995853407	734.304532421972	1728.40727453368
768.062	3.07014372496353	-6.56747173441638	0	-2.79343187708136	-6.8292849891727	-15.5538552514043	0.55668613262812	-8.02299469283798	-4.67523798735042	-9.66965787844734	2.87015637874509	20.0019879407493	-8.03030135783869	1.74035315824278	-11.4273397453023	8.81931930452044	-26.6821082915892	2.8035563603334	-3.07173827754978	13.0055874071656	8.54739882218415	-9.03254157165922	11.0162080860293	253.866864183964	439.785130840157	51.9986194011228	-0.88526052287649	-10.5991022148328	-9.70957219217003	17.0335793576048	0.865874106625881	12.5633862695933	50.8480094128413	54.625997021277	6.98307273322138	13.7594961856911	9.35695520833169	-4.96913959973926	-12.2406928634129	0.624236643195199	-6.02526670655803	14.5359617330549	33.0327326318924	-11.1392308154157	3.26791588820103	-10.4948364165287	-39.5092630012271	-7.68246659466117	12.2762314877838	168.379725324379	-334.609838039956	-386.245795104448	-546.80787155334
772.815	-4.90910115604864	7.11022935792421	-0.989403951592761	20.4721192423095	25.2924066696188	11.4729142605912	1.94716044614022	3.40152676321806	-1.64903298830021	2.57693303214139	15.4172643791377	1.27590943668484	22.2921847899475	15.2183907296525	20.3023310161483	10.0728021859018	17.3323236744494	12.1410061868255	8.69771498519245	-17.8712924593018	15.4822927629066	12.0357178262114	63.0526416785483	423.327968226329	230.34853950207	22.8469005605933	17.6939332714335	11.4750471388577	28.2280371233854	12.6579274071462	7.78790335803452	38.0990966567447	50.3775564888436	42.9570125493941	29.7754663394125	18.661707971306	29.0919856072893	30.8993971858504	28.5434245978252	23.7058835531729	16.0571439018526	33.4114172990371	12.8826117886502	26.9026614569173	-11.9747261936076	-6.55509488626611	17.3730030785353	17.274539951222	34.3515542847439	161.404212884949	54.8191329664063	31.2972793838504	-208.175080701434
777.57	15.0275134019506	4.46471902490522	-14.1340155341587	0	5.73510707159016	-18.126634573672	-4.5413771407116	-12.643867056313	-6.73059134974416	-5.91629115679147	-14.6339896540587	-11.2832920890582	-1.36479610030825	-5.3240952933586	-16.4003135678744	-18.4149865966162	-7.70912332262455	-9.52961194623768	-8.35295461139877	8.84149881034853	11.4398534346609	5.62881958384752	197.609397770196	393.770518635248	50.2994370423941	2.28555147959686	17.15188587969	11.7089611849295	-27.4532919768463	-7.57142129494839	4.85629009384592	27.8314891233521	25.9257387223738	7.30544555322057	11.868135465634	0	8.48143245442012	-9.00836242846291	2.97196636671488	12.7311147864312	25.9420649565219	-16.3051063494287	16.4315230657122	25.5578843617596	0	-9.36420486306121	41.9005233507398	-45.0459452735602	25.036997414281	94.6116595869576	50.3429382986513	-436.448571921976	-849.674571304746
782.325	-1.90736956779362	-23.8007777269004	-23.0652283691188	-12.0517949767991	-6.23939478996048	7.28563240774471	-2.88207513857301	-2.76910957969179	-0.854281395090331	9.34485952045688	21.5460894287439	-7.93181726245688	7.85295577639505	-3.60406216409866	6.13527880227399	-1.30455357244111	12.8929356565072	7.25728522063149	-17.4933018865545	-11.7831909905141	19.3600699531649	35.3322478696021	386.788158101469	207.471106636375	0.95465632563573	-2.32075192812292	-9.16634058081294	0	7.76875145907164	5.87908250988748	5.37936353627325	38.5773203834293	25.4172690187881	-3.70897943117521	9.15869927601182	-6.105913376387	25.2979188552791	12.0055725033984	-1.20709539687753	18.0980665857354	22.182405310206	23.3292276489351	23.3584256788929	34.6020117774862	34.9652148207702	-5.43338613029073	-27.8184375059212	99.4341545336357	55.9297190166419	231.27674434966	90.8769504948837	108.090352282268	-431.380329263097
787.081	-19.5855725837456	-22.1119415780691	-19.473696299331	-8.91016312061673	1.28136803271717	-15.3560559202125	-22.1956560378175	-8.53027083704639	-25.1466170576514	-13.0226619152488	-12.5879737298798	-17.6468106425512	-14.2300658104251	-15.265732556532	-11.6998700672953	-4.01869083692877	-16.5486759476158	-17.88491403235	-1.63297873494874	0	-14.7677267974732	180.335189104827	372.145644975306	40.8497047766271	-24.9970442218719	-10.4853473002964	-7.05925185413269	0.469552496623509	-21.5854725832333	-20.4324433275475	-1.3809321063551	26.715482587999	17.2442379165116	18.0904536627596	-13.8592475848262	-2.61240689015209	-9.94857471468017	-4.1092545399531	-5.57770487146816	7.96446888484253	0	-10.0457749113163	-19.7022033341436	19.7392327532204	-38.2199285091379	-55.7920081284637	6.72117535908971	-44.9251654673749	36.5468049878125	-193.640369046224	-116.644745999979	-388.469029070521	-941.284040957049
791.838	-22.1752936835075	-7.5572202423054	-27.8674983114584	-8.40693164669986	-23.4687935789664	-11.0140883156528	-15.3739516705454	-12.912024159493	-3.21328500513964	-15.0641381891897	-18.2918895616833	-11.7530453453629	-20.8503704536345	-12.9400867047157	-33.7166485771981	14.7208020336781	-24.5625807973426	-38.2164662324353	-21.7517754438727	-25.3263828456911	22.1299459705352	340.596423074991	189.348212015167	-25.3124018276905	-13.7104578827608	-38.5674214105988	-23.0376906768022	-13.1346235678742	-15.0013088756166	-42.2167176692677	-3.6788874757286	4.14145536241826	-9.77770706828619	-17.5971781471402	-9.39530034546442	-10.4394172734401	-20.429866564069	-11.1427926696662	-11.1445098389642	-19.8917170894272	-35.5553969089653	-33.967861998651	-39.3659047881536	7.88797825274557	-105.291367938327	-39.016245794276	-72.1820373641358	-57.1216154434842	65.1983843897681	-7.30004391907644	-81.571541036255	-521.148700225863	-829.733220244389
796.596	-13.2878343806928	23.0949529325773	0	2.51879224161607	3.04270510567391	-6.81197730136695	-7.52932292738056	-1.05224789244931	-6.84412835706424	-9.76525061388424	-3.88196022157592	5.06528045618446	7.72351206610989	8.47394044957474	-7.32718009561174	7.27061691831052	-14.4352947153378	-8.08934823694412	3.87763125614214	15.2450055452834	172.83061785315	400.166252341676	54.1807432188721	-3.15734670641203	2.49400706601179	1.45509244785313	1.91574015185365	7.64563092326702	5.73052179407787	10.3967954639223	45.4393383969606	39.3752667547677	2.84578918967963	15.9878105765	-4.02977503161159	-7.97574514316668	9.56195014487176	17.3249581561455	-13.8753803024304	5.4034949971184	18.109617729432	9.43692556650014	-13.9481348130239	26.1145660299265	-10.6078564187494	4.25836074326275	39.3298476448521	45.7192269235307	2.65662694391702	-107.82692564253	29.6766164149325	-282.382355954286	-788.876470307727
801.355	2.2941583448205	-4.60080865719378	8.78513926196349	10.4369300358568	0	16.2577827776988	8.31965048561253	0.454179216515134	-0.256879529859344	6.92456324139249	-5.69690779115994	20.2731005950387	19.1686649444392	21.1327217150651	1.5813065243324	14.9064444000018	12.0459646970812	8.72896460695535	28.2136754957021	20.2466613077671	279.931353054515	201.080266535289	45.8363705516465	10.9023834681916	16.3625301480382	5.44316967174042	8.26886295006183	0	35.452801709983	17.1342578270394	60.6583666729446	37.6327850069189	29.4797067605974	21.7479129374364	26.9601119999443	12.8521926914448	36.4164833628852	13.9244210946369	16.333627879795	25.0721980769315	40.0210460861034	32.5858991278418	30.1019987147744	26.0117701517083	48.8388634325382	61.2675321057025	59.04642487905	181.19105722432	116.960694117022	83.4529629661315	153.710955247783	243.768028627709	1143.10998182234
806.114	-9.75017296548712	0	3.2366302544076	0.86974416965473	-3.37709688755231	-5.88047462172086	-0.779967233026174	-1.3625376495454	-1.54127717915607	-4.81708747227304	-2.68089778407527	14.3104239494391	-9.16762236473177	1.62559397808193	-1.1859798932493	3.92274852631627	-2.90764665101961	16.5850327532152	27.7354776059444	124.516967042767	298.393848710517	59.9959769615779	3.74174453482829	25.4388947591138	-13.3483798576101	1.25611607809394	-1.65377259001237	6.60013042061868	-0.82448376069728	43.6515616069813	40.8433002264493	23.0652553268213	19.6531378403983	1.6729163798028	3.04388361289694	38.5565780743344	34.4742709168647	31.9745965876848	35.3895270728891	30.9029418157528	17.5092076626702	23.0816785488879	-6.02039974295488	27.7458881618222	47.821387111027	24.507012842281	63.4749067449788	202.718707587605	94.0272246823121	60.984857552173	-204.947940330377	87.7564903059752	291.857867699321
810.875	-26.9563605516409	-21.981641362148	-4.62375750629657	-12.1764183751662	-29.2681730254534	-25.597360118079	-7.79967233026174	-9.53776354681781	-2.05503623887475	-8.42990307647782	-11.3938155823199	-8.34774730383949	-28.3362873091709	-25.1967066602699	-9.48783914599439	-16.0832689578967	-10.7998304180728	-6.54672345521651	1.43459366927299	192.343282423787	171.651310963909	-5.15590427013561	-8.41892520336365	-11.8109154238742	0.861185797265167	-21.7726786869617	-14.0570670151051	-7.01263857190735	-1.23672564104592	16.726299307348	15.3667862238126	0	1.22832111502489	-9.61926918386608	-20.4375042580223	-5.96708946388508	-16.9943589026798	-6.70435089741777	-2.72227131329916	-13.9937849731711	-26.8891403391007	-11.540839274444	-10.535699550171	-17.3411801011389	-37.6466238959149	-52.6900776109042	5.904642487905	71.7588345442851	-18.3467755477682	-170.115655277114	-122.968764198226	-399.779566949443	-948.538070022794
815.635	16.0591084137435	15.3360288573126	19.4197815264456	11.7415462903389	9.75605767515113	15.220051962101	9.61959587398948	3.63343373212107	-2.3119157687341	15.9566022519044	4.0213466761129	14.7079357258124	13.7514335470977	11.785556341094	15.4177386122409	-2.35364911578976	31.9841131612157	29.2420314333004	86.0756201563792	271.811428056773	96.8033556017395	23.4359285006164	19.176440740995	24.9846287812724	9.04245087128426	29.3093751555253	21.0856005226577	38.3632580698461	31.3303829064966	40.3878934494499	11.7272842234359	39.6560530180436	19.2436974687233	26.3484329818941	37.3962843870195	25.7043853828896	26.7054211327825	36.6160702858971	33.2117100222498	23.3229749552851	57.5302537487736	27.1549159398681	27.8443488111663	45.954127268018	46.8039107895158	78.4224410952992	175.663114015174	116.608106134463	142.187510495204	144.437820518304	266.432322429491	575.292547561393	1289.038915672
820.397	-4.588316689641	-11.2464211620292	7.39801201007452	-4.78359293310101	-6.75419377510463	-2.42137190306153	-0.519978155350783	5.22306098992404	8.7339040152177	0.903203901051195	7.70758112921639	2.38507065823985	7.91749204226835	17.4751352643807	3.1626130486648	25.1055905684241	6.64604948804482	15.2756880621719	186.018979115731	189.812449760316	28.9412094067056	-2.81231142007397	-2.33859033426768	-18.624905091494	9.47304376991684	3.76834823428183	9.5091923925711	4.95009781546401	28.0324478637075	27.3332208193247	8.8965604453652	6.47445763559896	14.7398533802987	17.5656219879294	19.1329827096379	13.7702064551194	43.2142269239572	19.0816140926506	12.5224480411761	13.4107105992889	8.12927498623975	21.7239327518945	41.3902482328148	27.7458881618222	29.5068133238252	69.8449866005009	85.6173160746225	28.703533817714	-6.88004083041308	-9.62918803455363	292.050814970788	370.527403514117	462.108290523925
825.159	2.2941583448205	23.5152442478793	6.4732605088152	12.6112904599936	13.8836205377151	6.57229516545272	18.7192135926282	0.908358433030268	6.93574730620229	13.849126482785	2.34578556106586	13.5154003966925	5.4172313973415	16.6623382753398	4.7439195729972	17.2600935157916	21.1842827431429	84.2345084571191	220.92742506804	77.443479502209	16.9655365487585	1.40615571003698	22.9181852758233	29.5272885596856	12.0566011617123	4.18705359364647	10.3360786875773	21.4504238670107	37.9262529920749	29.3730134177818	17.7931208907304	13.7582224756478	18.4248167253734	21.7479129374364	12.1755344515878	29.8354473194254	36.4164833628852	30.4274386882807	-17.4225364051146	22.739900581403	17.5092076626702	25.118297244378	-2.25764990360808	42.4858912477902	41.7165291819597	99.2534020112381	66.4272279889313	98.668397498392	25.2268163781813	243.939430208692	163.958352264302	-292.521634353251	145.928933849661
