Wavelength	500	495	490	485	480	475	470	465	460	455	450	445	440	435	430	425	420	415	410	405	400	395	390	385	380	375	370	365	360	355	350	345	340	335	330	325	320	315	310	305	300	295	290	285	280	275	270	265	260	255	250	245	240
248.336	40.7024529960772	-1.53340427848594	4.62151225692395	11.7395460410622	21.3700716114214	13.8295981990532	8.57490080472348	0.453882296589763	6.92579541388034	11.7308651950166	15.0731207917744	8.33963310422672	8.3284502963991	10.9596746948799	5.13174912220639	10.1829724834371	17.0047244209099	17.0172086089136	23.4195264442886	6.57565172369833	21.9444059819472	29.9699076972324	35.5373228276808	19.5326592726983	14.2140839858655	27.23439520139	23.1674504847546	11.5570095865834	23.1200007846259	13.4786190427089	29.9395030941777	14.5697330277591	28.261346917556	23.0163139998061	20.4489540774769	31.7087079402591	59.30005194849	54.7379450007512	92.1039165248091	81.1010283331476	89.4296214872819	144.53698520271	388.318614516944	657.377478007865	893.211024487917	962.424199312504	922.962684587838	963.907213049214	1102.90469138127	2342.94499494148	49103.766868281	169725.61312092	60191.6221108314
252.814	-17.8519313832641	-12.8559548020281	9.40984905225624	-0.520759456961162	-1.79614229389029	-14.0792044110105	1.24487223978602	-8.15425200218121	-4.60836404509313	-11.5282939494544	-3.61062846231068	-17.5986356535359	-6.48376373633706	-12.6402852195438	-13.2382238949904	-11.2580219260302	-15.399161065499	-23.5172131652361	-17.7457087393179	-22.4154158812545	-25.0882327125545	1.68258228566018	-33.6025311079703	-45.1565378621244	-14.9607222916525	-3.51278884387124	-19.8198258426343	-4.94352879740633	-11.3730586741635	-3.42435771017134	-6.29949661433934	5.8167441992728	-5.88673705842795	-8.01941508494853	2.60551076727998	36.3264548778321	20.3757176403102	43.9127462832664	58.0939660088135	61.4955739256745	110.106337314396	328.344979141943	699.439017455315	990.931459119308	1085.64263150311	1139.50079728721	1036.45718781691	1062.03179692654	2246.44524514277	43833.6850887817	178432.951957995	79665.0050903118	3508.89133949682
257.296	-28.5322005355495	-24.8337906294562	-2.73828001104636	-13.911534785973	-19.5482345346615	-6.55531093789211	-11.3930664814347	0.806785799339285	-16.4143389333325	-2.13865351625927	-13.4956350456877	-21.6475735651733	-17.7648050522076	-11.5443340144673	-0.935568956109852	-14.8516581143055	-34.8953720250348	-21.1997780975988	-7.92928097562977	-13.786277920525	-10.047171531143	-18.867227712826	-17.1773653035654	-18.8401651621434	-30.6252702893687	-9.43369263694557	2.94147532433469	-5.38026751495528	-1.95696722149977	0.968021932145767	17.2599332473522	1.91837200072925	2.91218364474974	2.47951552140108	8.76487861071295	23.9610515903724	16.7038654727236	46.5071748610973	32.9370964964363	94.0316835244746	243.817568395543	599.876651376707	902.490757569166	1014.34691007382	1056.05711678093	1033.11275784439	1062.22509945349	2033.49252067041	32815.2499537562	155966.58540124	83057.4079151289	4098.04332281196	3557.79033363958
261.781	-4.13609962292866	-4.91703057213715	6.66872580116807	-12.0252158576385	-12.6231184879336	-2.49447024054844	-3.7495048229462	-4.63916345927096	-3.39293926036091	7.59560265193242	-0.402780253879788	2.38767471205466	3.00443600967044	18.5479109299867	-6.17082062354295	1.88381703222189	0.99745484154181	-17.3147075755803	10.3450367984347	-1.82471150764826	13.7935640059792	-18.5821891671609	15.1814196379932	-13.1093653167281	-11.3947584622685	-1.51148255461033	-0.497470946628257	-1.48897087394563	-14.3971099381148	16.6989006712609	9.73016869036957	9.73322122364341	7.38775577610868	30.1926922470679	23.0198995281468	34.81348577873	68.3846471662743	65.2002751208253	67.5003653912574	223.810135088308	522.646041399719	848.614080193619	1160.12300443593	1073.09580141382	1089.97056156183	1188.21499484994	1850.33068096792	24368.7017149038	138122.615709447	88526.2946345994	5069.19246779713	2893.33625133103	19448.6244890539
266.271	-4.20677107331084	20.0041815847804	15.8262322377944	12.7624535607452	22.4679058689415	5.91988132579567	-2.86017804206822	12.4899631093272	7.21554474483488	12.1398905376311	-6.96426007149291	25.2561057516225	9.16731388216354	14.3968437482807	7.24183653059672	27.3030693224787	31.9566822710779	3.73557232794736	16.951784426289	23.5079328286682	30.4983645317223	14.8906677409998	24.0190485213042	25.5556036710222	29.500430805076	35.3580953964229	27.3224330309411	29.7834393253659	28.2763428176323	13.4874738849886	21.277309838009	27.2237016448135	46.586717148849	26.6141022919445	70.7718056999257	63.5101725165512	104.032416292534	94.7347419603097	219.958488754019	500.224515798536	845.167964374089	1081.38215348142	1119.19942053231	1222.9545478843	1216.84092471947	1843.47577593075	18086.1907289587	121536.88728327	90941.44660764	6759.39418361776	2496.56198421813	13713.0849711227	30737.4383290112
270.764	-1.40308529924521	14.3864982080199	-1.69666932424325	18.0908219892685	2.75279718923389	20.3087247000495	19.7150870216216	5.83209227456908	9.73104390663574	0.736185529599309	2.86933033434562	2.91588736631269	12.2303050177694	-2.98041673851073	33.8151990635145	21.5677867085808	-1.01509708596234	22.960641373119	19.8862452052406	-3.71397131377413	-4.88262065281944	12.0341818561661	21.1721364015233	3.8911932752597	-2.6355228483359	33.8407639131982	-7.59404767878063	26.7704182052996	30.3139766557277	14.994933962568	18.3191971440634	42.09784481568	55.1351162484118	65.0382203684141	50.0487158997704	69.1713752829322	88.6284911041477	134.602792831402	444.845366491863	786.83740821248	1085.97441734654	1085.34252606012	1113.4139355847	1137.71175317719	1608.47352318804	13210.1398054127	104457.309395412	92975.8755155044	7797.82166001541	2093.42923913266	7813.40782071021	27120.50015727	8651.86269247767
275.26	-22.6616796913691	-15.9193263550821	1.10721007004144	10.9376181194006	-2.2455206246958	-2.0707873228722	5.9140458617483	9.51474633793751	-0.921813515070676	-1.8015709222421	6.82111716292283	27.1155506129775	6.4847535721973	-21.8807566151987	-5.67439066810675	3.28409101363506	2.98093779862987	9.4083213567276	14.3132402147073	-6.66505991719811	9.55888105787239	10.0970349301607	0	-7.61792822670384	-3.09579439697007	-13.0494933009385	-13.8759961284729	13.3495654369955	30.1679343749374	-0.97853728158648	10.6623140787896	29.0881610270563	23.5505429997626	41.6070666755573	42.2157182571886	63.8562434992347	121.690717409519	381.666207806367	690.705609826465	978.488032967612	1022.57207523442	1033.95686690544	1031.28916384957	1490.77959086781	9238.51094445685	86383.5330564368	91828.9128442333	9725.31001742808	2018.81335455919	4771.19247029148	21811.120331814	13897.9944284694	1653.20115822953
279.76	29.3769477609165	36.3125719919616	11.8412772510829	-1.51914963544412	10.4793446359735	18.9251438307829	0.302626478816317	3.4359620631621	0.896228827022422	12.2609816153591	7.8021163257033	14.3377532992336	13.5795066998689	1.89097440498151	3.21819135738106	17.7892479747405	-6.76247288672631	12.704438762311	6.67967042554825	2.94548770832788	-1.1616971082116	10.362171888735	-3.81207042268483	5.29035333017773	11.5378405577665	-13.1752814860861	22.6453915469576	14.4211686797028	3.84664018481063	36.1523731405211	43.3503347538396	58.4470422235092	41.9776572695763	71.1570114741796	85.6350796655407	127.91430509479	324.936797099759	668.773676606002	955.890455157714	1057.33574164153	1023.32465834702	1027.38802757887	1286.63784992976	7359.13113699834	70907.7498059568	89299.4556309819	11712.3218247701	2205.49036010746	3303.34829729942	17101.0229920788	17589.0416181246	2598.07504649343	2002.09661575026
284.264	22.8753810721336	20.3958363558453	4.09805420228444	17.8317047792329	-13.7135111432025	6.13159068556246	3.4562091292168	8.55255286070684	0.284321365578546	6.00124758574337	14.1084032526946	11.0045239666062	6.92355367915717	12.5978238889925	26.6904257503137	13.8916810234658	-3.67772566470201	-1.45093705625562	18.5418761344877	-1.12131865739104	18.795490850176	17.1286436137748	-9.84755280412595	8.0559452026187	12.8905754010318	10.2171709876977	-1.37567255553418	26.0774967476579	33.8637570159889	39.3871279132044	39.0153693843547	42.6163549007515	53.1169621791372	42.6741140616881	82.9478799897464	238.89436174022	576.477847109231	907.226008650892	984.047539542349	929.334223901558	944.117537056732	1092.11810490364	4907.28135124298	58696.6249160128	71008.5505297603	13437.7529044046	2231.02061566677	2769.51538339549	12082.4689331398	19107.2412524517	4150.961895314	1349.702538326	644.094761192309
288.772	4.20508445304699	-4.82050317305665	5.32710481563304	14.5798133847342	22.3934199777199	6.88363160204734	5.71806262240063	9.75015573145597	2.41915029896138	22.063678713914	1.75499190541216	4.99371029484145	6.54545602286914	-0.850703741278804	20.6826658910652	7.38734148430307	2.17305237292305	-12.3453079450171	-3.00502249345826	14.3111212891374	10.4523897688403	19.137468377854	17.1495846905869	24.7520235766571	3.15949320006398	14.9278665278286	12.1384349559424	16.4355970992328	22.0640097752663	32.9561621976081	33.0690652230737	49.6191593975916	55.7958072662717	84.1954767914026	199.692521061848	458.919808207847	784.896386209189	902.5954036058	885.763211880131	879.194361955145	944.329993029634	3174.93836876266	46230.4800554454	57289.6629811596	14771.0674455006	2286.47330747458	2462.00399214988	8041.02682988707	18772.6325579648	6484.26432194599	1404.59074528213	1194.33114854191	583.548835457111
293.283	22.4571473870841	14.8888502343784	-0.928414366896733	13.5387004890653	-6.40188385459543	19.4475701022359	6.2640346899771	6.61057129496849	13.6555598947409	9.66814517287973	5.71962208770956	13.9612222835568	6.6924006509582	19.1628237382866	9.51614506081562	12.9820390054356	9.99826700987257	-11.3952750230361	9.12143940966645	8.12911337920998	16.0305668196346	-20.2256102709653	17.3780317698372	-6.38776163894113	2.59587595242686	13.467348680188	10.8041675856082	30.2648168333577	32.7608119092786	29.1284620551647	47.5473675857664	31.708189380944	67.05931570168	160.149581277209	391.132608691626	672.9994768626	863.675944504043	835.095699484538	815.105528415828	843.334956179092	2134.50156326672	34907.2658114916	47590.1615031859	15156.4555767812	1891.44503419097	2202.76071143635	5504.56275639482	17167.8879120326	9657.07307324147	1795.65200767125	1248.72867509671	1154.60704859665	875.518185582583
297.797	-25.6429328410586	-0.497030505397296	4.94338485711563	-0.84560036830604	3.28111354591603	-4.70679447859577	-9.60166147600808	1.98611040206773	-12.4716388783369	-0.584982752070666	-3.25715401135543	3.86167106816604	-7.69370326306634	6.71012250999812	2.68700041153467	-4.18930071575191	12.5024481980374	-8.48596702725026	0.929521957584395	8.8535120817667	-5.81969235735588	-2.27679046669331	15.9142724236402	-2.20856686205875	10.0522621886608	21.1863113743265	3.21830968372468	28.0952635728231	13.6498023579614	28.1992420956431	17.310641941006	56.2772359775242	106.341469002306	312.92989372333	586.386685309461	775.758967349144	793.112561114194	800.421174846327	765.255069334487	1572.1562806566	25882.4156376805	41496.8183975186	17342.6778675812	1481.7161186366	1711.40694672888	3451.75396409365	13947.7817404848	12436.3644800935	2410.27296883616	1342.00865531326	1184.01893891558	1155.66486212656	1059.48561700685
302.315	-10.9450628771057	-26.348458140797	5.29409079989325	-14.5271899126949	-18.9685014403084	-3.30046857146781	-4.71297131321201	-1.29984188996268	-1.46920763018057	-15.7926189635724	-16.627235187215	0.758199818262869	-16.2983668841707	-35.6490332779299	-8.29031009969295	-16.0766556011538	-19.4002734713232	-2.91573322856252	-27.3753266476372	-22.2115728393354	-9.99807702048796	-6.25834495646222	-12.0520495865554	-3.90266666292384	-20.970131018189	-13.9990464135644	0.394926473254837	9.45637561368481	22.0705865387161	20.274998599219	28.9667760834117	93.8817977238392	268.612694267944	524.122676074619	746.773605524799	776.038591000916	734.981572990209	705.420843413978	1236.12918489565	20365.3224799328	37510.4495897671	21156.3917039036	1166.67680385007	1185.53577453049	2090.88245845258	9663.1329868688	13892.70406075	3690.90335832063	1508.12785031899	1289.87420861411	1128.16357597023	678.849246303029	23.1132466312834
306.837	-16.9177954308011	5.83897347876173	-3.07965445169765	-8.6921392384065	-3.21213265037182	1.3165258868642	-2.9683578192812	5.184947106481	-5.37215352928912	1.14536858998335	4.14527988165567	9.82926034976099	10.7033026875065	-4.25056268439297	11.2736139719516	-2.98271013466633	8.29134290789165	-2.07689031305676	20.9295408739957	-1.92608426176273	32.7597126871263	-7.5783418765744	6.67701289431973	10.3782469635943	13.9413135531953	28.7181669359271	24.4175309351895	27.8975221795533	23.5814718593129	47.8251577110499	96.2881222949359	239.640004178589	501.81328310506	718.669903988144	755.471206016872	743.263274964181	720.449752240702	1066.74888623213	15109.4043694958	34846.177844395	25718.6958546394	1328.13535976874	972.877408054005	1330.02865053318	6085.77057193113	13962.0162059213	5323.76983614761	1961.65519693311	1545.41814127968	1387.12285096241	1680.24649945327	1066.45400751876	1682.58736663268
311.362	-7.63063992721397	-32.5597385509584	-4.83334153647841	-6.61421354238602	1.78226310353932	-2.30100891541126	-5.43511247644871	-4.74686214126732	-3.65820335423753	-13.7270547146014	-1.91078844502232	-21.1439618794513	-2.77142374026253	7.33260331221439	-4.50374715405008	-11.9157639367301	-14.9844231349995	-16.1792733696152	-9.5427163317139	-12.5037271700801	-7.58685573100657	0.445221492989229	-2.66743015107358	17.2752205365728	15.1522578297854	7.56882858791617	9.44000335066368	25.1152847495336	22.7666169881939	78.4428778770161	199.641542379952	422.495534924339	669.796544430388	712.987276630217	709.42756048331	698.195298988164	906.702757328751	11171.9801068745	32515.4415277383	28451.031391592	1594.6846685599	800.648436950097	870.047118527949	3559.5766906261	11849.5481201904	7025.73804510677	1978.27111049882	1653.69499419697	1432.28342961242	1400.62736921647	1143.06944547365	944.703037187089	966.840654489799
315.89	15.7903701238182	8.25308683643602	6.58426717914065	18.5836976198456	6.05357769137461	2.29868619917697	10.6124509942163	-0.646645977007118	7.30902128005512	7.99936559405336	10.4987279679185	2.26313769097543	7.91036048969013	17.3491615288297	11.6229357082609	3.3479256829342	7.87857755337709	11.1897287056992	-2.723738168872	9.60854268070564	13.2635952788411	11.564073855202	13.3236877842463	4.74589014476582	11.0458916475939	20.6937786593817	34.1854693083523	46.2595631050367	57.2512206354154	171.469075160032	388.120265180035	636.178764821439	725.917860917539	701.53585321939	650.030959534591	828.870145088301	7785.98685147447	30805.5995256816	31806.0706498375	1933.50191900316	776.341889062678	749.56824632898	1846.26905798777	9223.97581844024	8221.86155887087	2156.1838831691	1611.59618811459	1471.308749053	1398.17010837287	1310.81005944622	1253.67754411665	1110.29343762983	1540.78415284518
320.422	-17.4517469716173	-22.3676285637313	-4.39653772254716	-34.7450963157952	-27.4630357084984	-18.4189255606104	-9.640653335764	-9.71521590150066	-6.58864871561242	-3.43378720282847	-20.3937614178548	-6.04469409213153	-16.2421962593347	-28.5753996965709	-3.75533564042749	-21.2374697122551	-26.0409228895971	-27.8115512361937	-34.5559085498189	-38.4956921143109	-15.1826585734375	-9.80064834893892	-11.1208457891219	3.02494618885708	3.6878575843389	3.58734861189648	22.0396624154498	29.8419864651583	122.540911404144	316.287885820954	588.115894939785	681.858641617643	655.774577087134	630.203330121681	693.703603659714	5521.09363924938	28998.7657874902	30808.2404242198	2493.29040142036	658.298619461063	629.444897605785	965.73434445033	6325.16350221125	8819.62287269188	2439.8273709872	1378.01970434847	1385.18485663886	1260.21313210539	1175.73207820099	1172.4576149839	1226.48233924955	750.647708307555	69.1007676984463
324.958	9.00402225621409	-0.501752746498079	-9.07336636692729	15.7922352826546	-0.736063800850149	1.01818142140117	-6.63197461670273	2.45053142187195	1.00721046174593	-0.590540619374745	8.87786981621556	-17.5426220235528	-7.35802145988933	-4.78155865876079	-5.03755451683338	-6.92035016138393	0.814273084389438	0.428329570959783	7.50682608143639	-10.4272332330341	-2.93749235949118	16.5486387127208	15.6064589627845	16.4986718693022	19.4498882964096	20.1537005365262	34.9255303901199	132.897138007786	286.532291973738	551.300643490289	702.578804358506	688.496914535495	654.966658052104	673.707333467241	3749.49374265474	28281.0755826191	29913.1198145595	3456.16098191644	650.547947232266	602.534117233678	689.412976762431	3876.16350301006	9048.11325445868	3152.4896526774	1183.40187109773	1281.3138941485	1278.57748670567	1254.57110444283	1136.68107217998	1175.17462933625	969.272106829818	736.324951058239	784.337907739781
329.496	-22.3292548665138	-18.3774523672458	-10.154397942502	-4.34245101701221	-2.62105751445286	-19.6821173027169	16.3494483413228	-2.03987307920285	-6.14843413537691	3.3044981365464	-6.02158137644098	-6.3459262643103	0.415892981720639	-12.1619312259023	1.18274387629859	-17.6019638633328	-14.0835470012401	-13.073514698782	3.8187339753728	2.02070460413378	0.498102294005306	6.54758064327283	6.53802444381475	17.6931400341966	22.3694687390883	29.7105106547065	95.8573879117999	251.045316652139	527.372829526605	698.773152735351	689.753286570059	617.617846064609	638.957811677125	2733.36872940901	27226.8349793523	28757.6485951567	4649.62004474506	625.075723857694	590.56610941055	553.000039290115	2180.43223033474	8081.06769361989	4340.4812594662	1082.6872372333	1076.99283272412	1162.97905796783	1135.6440758006	1138.36637420617	1078.60195682237	910.342800250486	1011.68810291665	330.788768828912	-169.270139484628
334.038	20.7438553983854	23.6329528517408	32.9812566282495	24.9107690762227	11.3051705221954	28.8437952733225	14.8872595975835	6.38698682421822	16.2431847742771	7.256069264217	9.4269984991703	-1.1974948255761	10.8825906001253	17.1359399170358	7.93554577140922	33.0677959589736	18.34269559428	20.6132426010621	18.2553585235928	26.4376917826273	28.5739808548036	29.6531423043767	41.3598093588016	34.7001419912542	44.1600798471448	98.9684985853789	242.844238629072	484.568329299696	698.822123499625	693.403212284645	643.345234626531	623.20739688521	1931.64142195724	25850.5139326408	27376.5837886796	5988.15755197498	654.673531026712	582.890692686116	537.932299945243	1236.25171798609	6251.36538266354	5807.76160895578	1129.33569845179	888.269070358737	1082.87981832318	1121.21037099394	1191.91260230098	1239.48827366096	1073.99822914172	1038.77106850472	1552.97958775946	1537.26536629759	2652.68793339444
338.584	-12.647239565841	-11.2763598440026	-1.39032455632282	-3.05208348453595	7.89516564382031	5.89398901434715	3.38742233537518	-5.00664453755996	-5.144542028175	-16.8913473858572	-6.04608154566056	-3.18587305212558	-3.34068109296179	-5.6986602403755	-0.791704091963791	-5.89119381484808	-13.7249417790128	12.6891503491532	9.10639448106156	-2.02892629900911	6.00154723359393	-1.87834884565128	1.87560739393059	29.6085476438889	66.0856548311932	196.635108094918	442.240233571143	619.198456757231	640.47319841619	616.013350676831	555.021485278048	1364.04417465003	20766.4212883822	26206.1032506146	7623.4498584295	614.28574048201	546.401251373665	491.42773752537	752.551391738861	4337.85441113616	6776.11793252383	1672.600015605	701.830577879573	838.365655607478	973.237340044315	1015.45417027245	1038.08513709337	944.998409228036	984.118749892052	720.93827092625	1190.2354414354	1084.32197151334	1602.46918947354
343.133	-29.8660523099575	3.58464125784334	-5.55619652224867	18.7313137298628	-11.6440767329808	-4.15664619857678	-13.2769275096716	-13.1872270790578	-7.70973395982848	-3.91760849263309	-1.67792642294974	-27.4529477611699	-7.50963710578369	9.35349629460243	-5.14135580172515	0.392385965290054	-8.3105158120371	-6.55733268199596	-24.8999007388284	15.7097541114938	19.986805548243	27.6802294697395	-2.81083018490216	56.88728076382	155.784549342434	359.747217571586	565.34926236986	612.014061683959	595.213611873935	556.11314224432	992.285225176276	16474.3450749149	25652.712681376	9041.80066192027	601.540082665322	499.541342156883	504.994028424668	515.810317648752	2651.98913199129	6670.33290152338	2639.03992603065	658.092571832189	700.432783534281	798.497148790189	918.325391994542	1002.25513031396	945.403545582298	812.852268970914	794.842809105408	819.958092042102	963.616340464194	761.256993345786	1188.62058185834
347.685	5.1904180870396	3.59940779961465	13.0178642360473	4.81147043834053	7.54325370779915	6.60846766694183	2.09123456876312	1.59811815583164	-2.06439823323028	8.77528100384954	9.09812768012481	3.99507785635022	-1.67568272071795	21.2341480236391	2.77982657109742	3.15201885451505	13.3516001322437	25.4594669637464	29.3298243137938	27.4781068437244	18.0622251278524	24.4966316838833	86.5538789345484	170.907892309546	350.1175618959	557.65014599357	598.059759750167	592.943410531558	560.700809881722	847.261977707486	12914.5874637493	25476.1424090998	11128.0151262108	623.484613362191	501.597607962044	527.025833616207	494.849747579588	1554.84441455761	5807.7506640037	3742.4625789492	797.112404228418	621.209914052682	709.374701545294	804.403837455541	973.27971776481	957.111654618367	915.129246390136	969.689800502452	1019.55996675545	1000.9180565074	998.466253293181	1156.38927282428	1047.37203992272
352.24	-38.0030915622406	-16.6812553705771	-27.8086212754288	-19.5111807590174	-18.7357265206517	-28.9139056920539	-5.56516181146012	-7.86928912019285	-1.83124845371666	-28.5293398396156	-23.2296633036112	-22.2758187753018	-34.4003259904064	-27.7365243434069	-33.0125637934386	-14.7790419876101	-13.5356481423263	-6.67510822606793	-29.2466828846158	-11.8649694223221	9.15560388180265	11.4619895925245	116.360151558877	253.409902455992	504.301386346457	555.081644621511	533.311105142717	521.557368242886	693.484491492871	10403.5196633268	25839.0298497671	13251.5019280141	643.291514798901	447.278171263145	490.319151034742	491.641211255575	900.231953398814	4491.31124014539	4761.71608234853	1055.62219488317	573.387714615985	614.547831896855	680.777924266231	758.000991785219	846.628831857302	738.031342886177	855.452299160463	728.596957236557	715.579138310317	657.928389903514	813.958004887	725.254857727837	-148.159502173628
356.799	-26.603033116469	1.58129565376177	-21.9229173948328	-19.2802384783783	-1.54649143733209	10.3396056593729	-8.30679064855483	-1.17014493990043	-2.64522306504257	-8.68520102664348	-11.3988493028999	-1.2285852900452	-10.735706200447	-18.4180217932361	-2.03539393135653	-11.3087775194536	11.9756799049575	-8.54936233009064	21.1937053067012	14.605280041691	39.6021062471041	97.5468405182847	273.407598793768	472.182467572012	545.011801736152	519.356119086944	514.93675652239	653.785168994059	7928.77086593066	26421.8457542616	15400.5720224836	769.602405476384	423.644044011643	480.74489556961	487.707228356254	638.815954109314	2998.95985753292	5245.35952417782	1659.06787165902	623.34391266935	596.545390752672	684.37580877385	742.688761596736	871.085889439222	862.358369964098	895.254742161445	788.84248370978	860.736666656238	858.33325556574	926.730956945132	907.442085268711	1024.66293762279	349.558096123162
361.361	9.5247323946388	6.36923433018527	0.959808673327692	11.7390094572182	5.83973239596328	3.9492335837208	7.28533445820867	-1.64961217509945	3.46273942697292	0	4.17390420156261	13.6085594542856	13.8374079919598	5.47958687845434	-9.83793324584694	13.8277240660858	20.242034681881	6.79650342482236	16.8745232396045	57.2522440448766	142.939019985479	235.353877789682	468.078522680095	516.508654885059	525.549187744237	466.412014703612	570.933810712379	6127.34800509056	26906.6876712254	16997.9766622484	1020.07502823926	412.696842576685	486.564428067706	526.679323902411	561.5842711951	1898.77698726494	5050.40617086325	2491.87275287245	741.367006339158	633.13805307352	668.887600212716	691.256074969319	794.749065708583	814.112852448348	884.210325395306	843.00098497591	844.940815660336	846.227944323633	945.265874996028	1119.8222062608	1338.7675270678	1203.76573280141	1030.83544923996
365.926	-5.37402076174982	2.66195074968091	-13.478350203203	5.88742635083631	-7.41957994312186	5.76187920854445	8.93148556287232	3.78205487998344	-5.34355748412686	11.592090337527	-2.44221166618182	14.0637508093431	10.4097437781316	19.0257159704161	10.6903028363946	6.93497243830133	22.0318270285006	6.36277179418993	35.3455686909952	85.3503017649847	230.647482525896	402.396297184192	506.522859912564	506.257292529101	450.884800017522	522.824333458443	4902.01228873608	26953.9160702375	18725.8992089644	1253.31084325586	377.164231404661	432.926462296381	488.050077074259	528.287457520882	1122.06619354761	4272.01014796236	3398.65034244751	886.947420562743	668.699932955835	677.004175584143	690.471593619977	743.549222745398	787.769505648885	835.568277962724	840.286414220796	864.705612871539	889.050764383569	912.379171371099	926.657465780059	942.720468825009	1214.96427023184	1166.8549844142	25.2190962288737
370.495	15.9911136716936	-9.5051862835164	10.0266560068208	31.4440364346895	0	-0.357192459919902	6.44286628600657	-1.40675092681225	3.18009322733165	8.07963043840013	10.7276617405331	10.257000344488	-4.73237988039973	20.1292618035441	2.85478112042716	32.3700910361025	19.2819506390203	23.4411962574748	68.6356168119489	167.746394605688	373.046036922171	483.791398883508	490.814669808646	452.869365449493	482.822373956206	3848.64364345605	24917.4751279312	19651.6828020571	1675.84773927424	353.190999974253	414.645782192747	493.382580420324	524.28542354184	782.968420800926	3132.08900706368	4113.39684182218	1259.43421289545	743.700560734731	742.658063022507	728.16735781415	714.583845035764	757.139415442828	817.1352306378	814.445841303433	893.36965365614	899.427787211645	941.330219570499	910.531863263291	994.935460081045	1246.75118363781	1627.93661633982	1137.24910737518	1550.88403060326
375.067	3.54133793366655	33.6797823525882	8.56466736849608	9.40071140477696	-1.92998979446876	-16.7302070369006	-16.319200801518	-7.47682322462764	-0.528189515584547	-11.4583226589752	1.72430686157694	8.99506315815015	6.00227825424106	6.26872249552508	0.406420822816178	4.03232110229663	2.13505777755556	31.4467408812516	135.814143005137	288.508824794962	433.892105273747	453.67927598038	443.38871133945	469.080887445461	3150.81501172908	22862.6169618719	20744.7752298858	2083.54661721508	309.021086185386	347.768990519745	411.551036024906	497.516291216781	609.348152781764	2152.53092875041	4376.89513262826	1865.09072091823	807.204356063605	754.961585946391	782.743531611111	795.341112006837	823.511723149168	808.326159127821	829.816115919134	827.711969949922	871.43855698423	884.983119494277	852.944696423279	857.49739898665	982.064754128706	945.059500198104	1432.70525547606	1343.95007019519	922.338916773274
379.641	-26.7228967159784	2.53471339998607	-12.8341047909541	-6.46847998655094	-17.848256542588	-3.4290436348112	0.515428704572988	0.225079887018145	2.79847879158909	4.77319151829206	-12.6240208394639	-11.8160506808267	-5.78210106930361	-1.6103390750085	-15.2689830113687	4.66128769839502	3.29078242246599	80.0606081299635	232.274508422315	357.189665253824	390.770422640833	387.806735180544	392.342105822646	2501.30019318132	20693.8586257871	21133.0158005021	2411.81081724978	304.567682144034	308.741211376809	397.396379965256	439.791532023962	505.758369931666	1368.57378524404	3937.95909614227	2613.69108072711	878.739047667804	785.789620689075	786.166337276918	808.623628290371	825.769759013376	789.581927345586	828.477812004222	833.710212553733	904.867094902574	886.894321721628	827.017197761987	826.050636073955	929.297754917524	948.314526294757	1069.55211430394	1293.89097753711	1468.55926652529	1032.58739465584
384.219	8.46363018485374	13.5832084382857	5.45843999234373	-3.42358181788754	-9.59417541865241	3.06263517050049	-0.511503188846821	-6.92433589154438	-5.80680063053526	-3.55262909436574	-15.824685517119	6.64476698951906	6.14792621506132	7.19133614615523	12.0444491718461	22.7434539025091	47.7611514189848	167.06154830378	315.651410469278	350.984350343471	347.54223967378	366.417110018417	2052.16261942102	19050.5552378638	21822.0748224707	3061.16700896849	267.928735911736	276.248252790272	342.555209929685	394.369800876364	467.900942451345	898.253306180446	3214.97531117525	3300.02484747074	1085.13316544737	823.649778361776	833.865133955684	872.68217180496	851.814594039811	890.115664343736	870.973577213312	876.934789197161	866.617699328649	883.464595620285	899.164351637449	931.59396681597	943.304719508737	904.553150187898	1040.39203355841	1134.06217725918	1671.76539902411	1860.07032627828	1000.8924157933
388.801	27.8173505523745	41.823196258852	5.27653359901721	7.44634916971045	24.9696534285045	9.2106643256976	3.46119887004029	12.3075456802509	12.9349607903412	4.00660773813649	15.9347048145624	6.42332540561341	19.4139378637365	33.2135810589813	19.9058756464998	60.7396352125514	157.449755214585	255.733593103472	321.502826655245	323.887261505333	357.313546660439	1468.06134313201	17005.9916694561	22220.2641546065	3433.84336119152	303.369829913398	253.489185833623	325.948425292553	373.955666609707	448.068196092114	630.536335533021	2292.66856391339	3669.77711931902	1443.3260426032	832.884098847718	845.608378724447	877.758015240513	893.714234923135	906.910762076138	917.075215117947	906.804517066602	894.195571027866	875.685820669533	939.012189615613	916.627516897843	936.663053298195	949.804393397765	1012.74239475662	1215.15437694399	1187.8789508235	1484.62666180662	1807.35062501452	2349.732627999
393.385	21.3985564103262	-1.86137463643575	14.3054462773822	-6.33353108524978	6.82652212301446	0.314766101815697	-4.02163332326899	0.82644056103089	5.60474064207374	1.91691061198155	15.2475144831798	-1.08464417714105	18.9558206697778	20.6947560344405	33.7822290743477	112.318206637764	216.738477515596	244.704982618649	303.721709933914	284.131248181906	1204.15684039216	14380.8947423279	22189.0599656536	4012.29238494249	278.42079586182	238.790528288202	270.05222302077	347.966002066309	378.125688453764	488.24136304851	1438.00720440168	3450.23663868016	1949.8481547356	841.983813286496	800.134498236247	846.376745377614	879.731226454223	892.783125090577	890.127496155784	923.739526250087	901.859567476605	893.935746356293	880.39997191449	907.991619550737	926.185427004948	870.629556687185	922.288143777207	955.994062730511	1160.66284957394	1317.81412767865	1467.17866099574	1640.72034161822	1587.10552672308
397.972	27.7865032835551	1.35134314862252	3.25823998917527	-1.14952327047778	6.93840090382243	10.0547779573043	13.2816530706691	4.59991765668433	-0.904221562114556	6.89203951022083	15.9401865217979	4.19969614221461	35.2301432453383	47.9344414543135	96.7109910384476	162.566517648178	210.89706119022	249.176852111894	247.667105525923	787.663958183244	12711.8408815073	22541.4579777346	4624.34633922105	273.014847910761	209.912858175241	235.208376558352	292.762020078771	356.833338306798	432.604114300692	946.664694727413	2895.19533944606	2492.36109184114	890.114367505534	780.364889220092	818.232320269257	865.04694530321	863.992782917606	915.629071914384	920.709193508864	904.453770414677	904.404906098041	885.652637499397	921.191086346057	927.840393137991	928.813004952794	928.00734379751	991.672043832249	993.412365574721	1161.90260602314	1301.08610190345	1550.9631507333	2086.12196858407	2261.77688686085
402.562	-0.971455774594036	-0.433078096996109	-5.87362441007448	-5.15758481710742	-17.4712756233632	0.292941145118975	-8.58638931139099	1.92284400166215	-5.65080142579666	6.11656341310006	-7.66276017863422	-3.70127316772722	21.1697757095559	63.2823394902191	129.438607814275	146.342549062725	168.677743506345	199.270625822579	541.432399050944	9610.35297903139	21071.612929564	5331.76343493993	266.238704940923	188.205617363413	190.504940982015	246.728879830532	294.442371071452	355.3137006684	596.423853794116	2150.4706098861	2793.1527868609	1070.22148579087	722.876055109448	770.483982059575	804.375421352725	836.75183684697	847.150045759416	864.132874326754	864.426439121251	859.195782598131	887.546202823548	829.078117391239	841.035072965284	856.056332933436	881.791679054999	865.248475588381	917.146903106053	991.60645224268	1037.44472907353	1155.73686552696	1504.16106269183	1617.74968799946	1046.25104053419
407.156	6.74362331839881	10.7368888673849	20.1925183459948	30.3227555579329	16.0658730617323	10.7486600722402	0.65499721429146	4.00438269647559	1.93977535397255	12.8895764439351	17.7310415891141	30.0312350135023	65.080394988743	125.1707910888	158.545162085244	163.882884105897	172.153447284572	398.159034228771	7548.72499206755	20288.6713185172	5975.76777087091	315.167176352356	201.94693564413	192.36519119196	259.131967764645	293.611770974999	340.310964275978	472.700793498085	1507.27547087966	2931.52808476513	1466.20724043102	750.166445622886	738.544241757143	804.159657987351	860.92870144778	891.572000870785	871.142359464737	908.14434985895	904.402026305288	890.287833010303	892.249009172108	926.52210888906	866.919947353626	889.742452247014	918.905934666817	932.127282104809	1013.74614411816	1138.70421810273	1258.08250274862	1364.56046004337	1478.75266208798	1858.03264481692	2278.53644254758
411.752	15.6336963973195	18.5854718573485	13.3671140259438	15.450462846879	9.91440371334063	-11.7143697268196	1.71787140678554	-2.62558923381969	12.2947410768331	5.96571055000103	26.5734167097958	46.6016714248307	102.205943357798	144.576154436357	151.691245240157	150.824758340756	294.075286278873	5518.41264249174	18428.6553120697	7006.17330625239	342.08556168786	195.425984609625	195.140760220654	225.607165915573	272.302652414208	300.891316345903	392.13818427981	1012.02324464987	2614.47288605138	1883.77478976086	781.036276753392	707.367274921614	763.942767689412	810.963729124638	852.851515633517	867.38329521735	904.182791734004	873.119629598059	888.595230582345	885.257748545486	874.442411074569	877.605284096428	889.32406517566	922.379540881466	933.185617719088	1002.7741779401	940.901157395309	1063.56882598822	1239.24208917844	1373.89800107881	1817.97546745359	1875.71076030144	1980.86836766755
416.352	-13.9882478948951	0.4157337154583	6.39017661009211	17.3285989244875	4.87900131493091	5.34297328541248	0.422692937211688	5.906674747875	0	1.71255018806214	31.8754524597563	77.1978813419927	104.658019643147	118.854664618923	128.749712430795	217.25282258289	3956.64019280382	15670.8758899125	7372.49873732797	415.524518668052	167.127608820998	163.015549064792	223.248755793743	255.669453935887	293.23123263993	338.061630255511	664.564513613353	2077.38780529679	2285.11350870637	886.997816685123	663.740926541286	730.771999284237	786.870908806488	807.701060649419	854.968279933274	855.942849344075	870.151987277196	857.665996316855	904.276805735554	883.631253134509	873.364391350222	846.651298299782	861.216686609219	903.596574186269	896.950903571342	935.167512937952	1018.54403199094	1112.48905380729	1217.82790080268	1498.41101107414	1539.62735359381	1703.50236239811	1575.45042138542
420.954	6.85271117034635	14.2564827850618	16.5731689112278	-4.85092442531698	5.37789799622563	7.4391320692896	1.86365967403446	3.43617902614349	5.92806321101346	34.7570071329106	73.673055395964	113.930258907862	121.125616556284	124.215003947379	178.68139473382	2904.51219405818	13480.8239760469	7493.06966881815	458.963353053744	167.283259092641	162.556146139878	191.066402282687	238.857057800182	259.187990577601	315.105912542669	473.466813020028	1543.91472022848	2416.28022644488	1138.04468063564	666.933221024601	685.142229270599	736.638013460273	782.385392147052	810.045722006089	838.028571871009	867.201632684504	859.143519636238	862.958652864016	859.066165069263	868.090117835733	838.262967129336	860.356614039132	877.388156304806	917.809659234351	886.11207448721	999.201043017692	1045.02342345398	1134.33952640333	1291.87726430922	1493.69185735276	1471.80474649015	1537.08743892403	1485.71183149552
425.56	1.34458587514362	-7.5926620908498	-6.50371751281031	17.3365537573471	-0.879341220325926	-3.78427476773856	2.03151587378295	9.93587982983029	11.8321307782674	42.3294862450709	83.2765722634488	78.8617521024065	106.785700652686	154.866961196149	2131.03607927624	11459.8699918043	7470.90598834958	540.702076643512	146.85192193049	134.060305295754	170.785233795407	205.021078446543	245.300645279891	302.933292523254	374.468059184098	1038.40960382715	2241.77060680713	1466.00426654052	665.246907743758	643.445198591785	691.777936629793	736.925588532018	779.095919306713	788.160996999245	839.165163224033	825.628231349628	839.452282404469	830.466217603287	840.240013166495	844.80718393076	812.608629156346	842.47096400887	839.002178714549	882.798638621352	904.326127986537	945.814544526831	1087.577172665	1156.36040195863	1274.58136228074	1437.80142573159	1635.92137456007	1485.128786556	2214.75576088559
430.168	-8.35398079644901	8.62453588849676	12.7603987796207	6.00257619102437	11.2143308779943	-2.65171721474714	13.352654277428	20.7127539585054	31.0842661043882	68.0557916171705	75.5293301454898	106.299375664812	139.570384998856	1612.34304063408	10215.1507373908	7384.97572004092	651.786463627474	143.568328746146	127.200594428566	162.162103546969	198.907946312181	243.507735620845	285.829515771424	352.923031494422	725.462402889837	1928.11647685272	1729.2761655864	736.333890049056	643.113132146927	661.611445381567	700.981790203772	745.279010345797	781.57701402576	805.609247322626	811.214747758177	806.070925418764	844.758918670714	826.575844721453	823.864243829176	805.940370144485	838.425387682077	840.522903328849	857.699099670498	882.661482047085	969.858383908127	988.89457979872	1054.46323794922	1177.07651871304	1362.92590789946	1614.80731850554	1585.23285801295	1606.35136412273	2172.69328293369
434.779	-3.07024811855302	1.17319409893832	0.353587829645801	1.99596071344501	6.59738998720316	3.43879370122609	22.2662144099997	27.7809075893518	48.6710565832148	60.5249423937785	83.0326454790348	99.6585795362216	1211.32174712924	9305.03258468342	7958.2189432957	778.79059993337	131.688253308666	122.852707905342	147.367010824875	164.474123187116	217.88155205038	244.344746077318	308.383817454806	523.049291102485	1529.43035294576	1939.10426822004	877.714524629593	605.688383189624	648.488032793365	669.054236835604	728.982292265043	745.931748943026	772.769613996402	819.005510064614	818.549541546322	799.878558498387	817.030932787087	818.626075212166	822.681398856122	803.074661287213	826.803473420162	791.739716472595	842.932470824937	893.107783591002	965.149173595899	1046.43043072275	1095.94575529197	1248.35477517596	1424.49895867302	1502.80923090752	1796.63538235655	1736.57510081726	2259.99746948607
439.393	-2.17844221817531	-2.33077565016096	-2.10741062611248	-0.660893287505372	-2.56440985519301	-1.83933746552336	27.6475725622974	47.4307233320024	53.6108131015552	56.2359906674379	90.880914345321	853.835884865359	8286.11253228868	8773.58923280142	996.633539919692	136.921881996103	119.149259399289	116.729381720402	164.548541461091	179.909919685384	242.585552765089	271.902121373065	389.844623243402	1115.77872633985	1976.56841866671	1106.55497104959	610.280590594843	615.774283779697	639.46650778084	677.950364854868	725.054204129269	743.121504438991	769.495417485953	781.433538289729	777.721965500153	772.553178578612	793.862823772045	797.088150561097	803.538942863118	801.721984503206	798.963380734798	810.194665571479	843.043137158984	899.688299797931	946.35652877674	1044.12056877126	1113.34459128633	1189.57337533538	1397.59417519539	1453.78203712878	1633.04126867479	1584.35328592528	1766.5257080018
444.01	21.5383372251633	16.1311243747334	20.1415104547896	10.4548414476179	19.1566677902123	27.7979828179747	55.0610141919166	50.1349414145289	64.37723124302	84.5311880153204	558.757767549613	6757.40436873546	9027.34319425999	1292.32663956	140.301766289167	140.083862622173	141.800274456614	155.738955880979	210.814298560516	228.808353131947	284.441435729654	332.167669178826	803.55797046162	1799.48509457759	1385.25153379174	627.468041009689	597.480221286733	633.009722193182	676.915559871801	704.359022404027	724.160044324329	771.524094913392	774.960246007065	769.147212338643	775.148175281437	798.702458491333	778.686018419417	778.771284470571	773.167013141476	765.483322874712	808.734851277448	825.517283822359	838.609141469693	928.625089008549	986.88315121402	1085.69022841985	1208.40340017639	1340.68658006733	1560.99329897197	1591.70690981735	1975.95530076366	1969.04963114015	3092.8850387959
448.63	-7.18820259464659	1.13100838189909	6.81747034746949	12.5072346875833	18.5274255731032	28.5612194790766	39.2896516936466	42.1815895645818	67.1650589351065	391.578915850951	5555.85178093229	8846.22794819849	1583.63927554124	135.326075421717	125.198657731386	100.817471701006	147.143123415187	160.595515644964	187.191318377324	236.907237575314	291.34360330984	521.199300271787	1486.47475596347	1581.07346088378	696.711087231439	546.3812559546	563.593875092057	625.312390480413	661.10249127305	693.499146452793	719.480837528198	735.229049108804	763.108453354142	739.243909000286	742.905185683877	721.62948442986	742.479547258481	746.150118710003	735.214818330512	735.466297679698	755.097769416585	774.78195550008	826.499049398911	857.795070093753	941.699711665606	1029.57500944085	1186.15421937842	1292.17077665638	1478.1329326361	1548.19668726193	1520.71651540939	1710.05689294738	1196.51701412775
453.253	-9.61376412688433	-5.96291735878799	3.7066381056559	14.9000864773845	25.6958132463152	42.3508610576605	47.9334929901734	55.1011766859788	282.601036534961	4131.46065741201	8170.62148541474	2007.48469014447	128.129769638354	104.770870732376	105.918854398994	144.210204316812	172.06851062982	164.481724486372	225.122000260727	250.788579258472	385.460969949135	1080.30229329539	1665.47867034133	854.83897533689	519.764157042291	536.148248078429	563.167943741255	628.077568486681	643.291379225375	684.956019385208	689.700859134463	699.064978723711	716.734647280382	716.126204423469	719.798818369926	679.852805310276	697.467104133323	698.064809662683	714.073411339701	725.761588878513	714.981501003257	724.837084554097	794.530295425851	850.494073013455	956.869387968587	1061.52257554019	1146.71930805556	1247.26069583612	1387.63227277354	1600.65865119086	1745.75505578291	1882.23443870067	1235.7663205955
457.878	-0.827929261454362	15.8710212550429	23.3605546984221	27.9433549639706	35.465282141734	43.6906616311254	56.4784360634961	224.837299873875	3385.22894349195	7458.54445472021	1922.66740783448	151.412794216943	104.644027978537	100.830830370907	123.142172980321	159.224765818924	175.802418116577	209.214989450539	248.148652500324	329.825479636728	816.438873271075	1597.74786528813	1082.1816132793	528.432428022453	503.561812202376	536.733862606019	595.684599423452	633.355255024042	661.543065571861	665.972656225479	678.384764061042	690.579713781967	683.805511545317	691.40116363637	695.901822666124	684.256793303824	683.37989288552	678.664313853626	712.706706475447	675.376717193748	692.290722672281	728.637231202328	789.052910174386	864.222767532959	907.98574701833	1021.23801861681	1155.93765018592	1278.02356335905	1364.33531620606	1559.75109308677	1514.67313292063	1737.49036345077	2744.95719961992
462.506	4.10521748335786	10.2486670035681	27.7995221187199	39.8539566428116	35.7072741449686	52.7355050519898	202.264024418798	2857.78502230898	7078.7688708637	2170.33878248051	141.27974279434	87.8739329404454	87.0744999592724	116.270041070286	153.495564046462	154.534964312615	181.468348466	207.162517117416	271.754326243477	521.230930830924	1355.72402302946	1269.91505435466	579.283493323804	474.593893255204	504.308896281007	533.170044987662	587.175331607655	587.003406343183	635.937101303172	649.319384538539	644.059908723883	659.332417445057	663.746516038795	644.296065548505	653.972694325243	663.099103392366	644.977548999617	657.488733558914	647.848438853561	649.704521477841	679.815499027707	663.779786104911	752.311778258995	835.298756187061	903.348190749195	998.71517208808	1124.11650671816	1268.67982096172	1339.85253273705	1452.54717509988	1505.73942085238	1785.82274485743	970.950042601835
467.137	1.62115587977433	20.2360615972695	22.217519582337	33.5055373142327	47.974697655658	167.678058419403	3027.43565892502	6916.45803720161	2346.61974371167	148.217937264405	83.5926168260189	75.8043213067729	92.1469765032942	107.61373797119	134.515290032698	172.777967836783	213.168339393456	228.891766435548	350.737282184627	984.473911289734	1347.61049730606	671.391643981565	447.93289822885	459.873608174995	482.654937813835	526.670126201099	558.339938775496	587.691565948861	619.950307315916	629.203657925245	629.271552325235	638.052634134307	632.410321261754	628.687127836709	599.805443405589	615.335511810445	599.299994169948	638.885780150688	604.143352899746	628.635753005591	637.9905353301	651.960666186701	706.011833653132	808.097150322442	884.641318722335	979.925287390866	1105.61172396275	1189.05812564023	1316.28971127867	1490.75801161369	1620.3716169522	1639.0943617064	1506.33006708049
471.771	14.0773424120496	26.5373486930809	40.2064926382827	46.9784469436798	128.100397778347	2656.64424623877	6623.97633252936	2631.14699404714	167.370625098143	86.7356533581729	75.2022854502949	84.4229791542992	114.819895756746	132.142425860469	154.265089281701	189.875821083207	225.516248938698	298.48239908417	702.18104501654	1339.68533047419	849.591640462629	447.807829481224	430.422876517553	467.534246252194	495.004594588147	535.015250775411	568.610726008402	592.20374546817	629.723285293595	604.363786925608	608.026811254763	606.229921386665	602.60480627916	626.55311669615	602.574550285835	599.053431247219	589.972463222498	603.598311162863	602.229945658292	602.163779239242	620.419100708028	655.577023214159	702.759877730002	814.126936111641	872.210197630508	996.534578785184	1100.32007734881	1205.21152918912	1314.33284051306	1434.39598303957	1658.31272931604	1674.4837189226	3108.682783916
476.407	42.4434015265027	22.8484883262712	27.7603311570983	139.089741314759	1911.59578430636	6588.69940267902	2627.63972729333	173.40940662163	72.0234680487166	63.0273103050317	72.7600748021319	91.5342593717528	120.995610545752	147.711294739681	166.809016273171	191.214349391241	241.598300079305	466.291210018585	1112.31835546866	1052.81920095183	470.966402261045	387.584020900914	417.391933069924	437.204092385945	496.399075149783	508.91592704368	538.325749243782	552.940151479003	578.747692023895	577.694946502794	573.372682172687	580.902173627612	573.58822143487	579.320392942611	556.117310262942	556.571072562784	570.696276132347	563.02490868901	568.701106258909	586.835171354865	585.31847936027	640.319635237843	683.845331721856	767.475132171857	856.226545078918	932.207448010691	1054.13711211922	1187.27959961408	1257.20079387233	1443.66750837737	1504.38239189716	1653.38047747245	7863.75470548731
481.047	17.9357555488544	30.9171601972181	93.8235558331268	2048.96260094363	6635.90762261403	2991.74308184783	193.486007583964	67.0574610077899	64.9160678690518	63.9928999265274	73.1248926372408	98.2929966401945	117.255751238705	130.94737825626	175.649519486806	205.585793993408	329.303823298062	820.304947093192	1088.27401900206	534.192950053424	355.765181154022	389.061506733031	414.501615647829	422.565425352435	471.362027285769	494.054835468655	515.721733418	530.028552186439	535.619505953774	537.560068281369	522.359743287677	530.965032630905	539.917029990781	533.310920738728	528.156232137594	530.693801670948	521.442105681155	525.975089252551	520.622644498992	560.614764687249	545.674939075808	610.961838521713	661.348708026655	712.09910606065	761.763553066629	914.309426657495	978.457471392325	1139.40114010439	1211.57813642204	1390.18374795769	1565.06243579082	1862.52482955174	21597.6504045094
485.688	33.5373788628795	86.858602694382	1645.0442570066	6442.65858034331	3588.91739335118	254.514280221256	68.4060574776917	59.5857204063766	66.8136338484287	76.0430728972694	77.682375098787	103.439603771594	131.087183855115	160.572005412566	184.197810393109	246.852424844221	563.25875254913	1025.00893975499	674.719674321948	372.70799980994	347.34315843732	378.638915338838	405.11571632644	444.80108263707	440.670856179507	473.015083461117	478.284052921442	502.47732306422	522.44712186691	524.541642386657	507.756218850057	517.780684973942	512.886241607494	524.314470416974	504.819165985139	505.03799271614	500.330840172599	497.744316765851	516.199878551444	536.786981544045	538.333519468726	585.542322518056	660.384162243774	677.078189292779	807.703577334375	863.855355407265	1004.8154067426	1087.59647996939	1148.17845768449	1365.74003114707	1517.85840176155	6024.55552779128	33640.730612597
490.333	70.3675034716381	1584.18795501346	6269.6833990261	3456.01268784673	312.984271178618	61.4875221787119	54.1855634700023	54.7629188015502	62.2561670699765	71.534748857091	82.6972691498332	106.354559928385	138.822333365457	147.775229716486	187.209644157071	403.986299414834	855.331185232699	813.125180355463	381.333793892206	340.776640937143	333.570012088997	367.086981930033	395.575291495965	395.054135915001	461.717191717654	465.20533083285	486.169111115676	483.320681297054	510.223873755705	488.2469253262	512.137690173258	494.233842131808	503.894463886215	495.573426686163	481.556677224366	478.184526707804	488.15189088892	485.118079161383	475.494988252686	502.952848486395	515.101119102145	557.496210299147	618.274078702101	658.069482729128	762.720226851389	884.710098357718	919.714058545534	992.730516922776	1162.58458230408	1383.32730205571	1637.73635521237	17358.5160260972	26139.8517420822
494.979	1199.86585533861	5972.67938585717	3862.6967625371	307.083694371604	51.7554494282302	48.2102450409732	42.9361681449269	51.5811024588639	61.6999428136565	75.9160808721409	85.0064385950388	99.122089552076	114.680894129838	156.21860283661	276.046833361718	662.721058251432	872.699543896564	417.081515267071	294.90699371047	301.523619315308	303.212715521296	367.6237781276	370.673340629957	381.944269667475	409.91835083565	425.621641690628	445.057285429733	461.297113064138	460.552954046724	468.728177462952	470.791894567797	452.316455262502	446.336615189406	433.270689304021	443.183139567388	450.15859999928	427.336611335382	430.599553742614	443.04691412397	473.09792969999	477.876507903082	527.040939134378	574.529587462105	622.186755700385	666.725682400603	765.766218272491	882.357780429059	989.913393079918	1130.24369655481	1268.76755333007	4426.55247744863	26970.1963834832	8406.6707394664
499.629	5556.96769375198	3832.55778862574	333.156124420389	55.5077350759799	45.5215786999683	48.935934153077	51.2013780105599	61.7230615609359	64.6041867579171	79.0956850169187	97.8410052474163	114.346767299953	141.861268620613	203.338324939	479.027028310827	827.712027194713	530.345906672699	283.365980012002	282.533382225981	287.426956972214	308.662700695937	350.245316702562	359.142565527387	388.286035038738	395.378387712655	420.359451002198	424.241153672693	432.99948312549	453.162997918413	452.568705202736	420.22589737606	444.225737366706	416.322166331351	410.844680978573	416.581973139021	416.728485095629	422.565910760025	438.901289588948	437.116672942765	467.564671966068	466.446634564095	511.301843083893	537.803813135842	610.143114872984	704.430651129304	771.397063850523	844.266353642736	1093.46177321852	1231.35141265102	1336.09896533548	13339.482570844	21993.287061096	2368.65702300857
504.281	4274.25754235008	403.993224288896	70.6160129522568	54.659105147029	58.5881848554432	43.463485311524	69.8429433263882	69.8253911881737	71.4408593803141	87.95163882159	103.292797351088	113.913213826398	143.16465292542	330.413599658501	725.177204725777	645.770705697384	293.820650840549	252.140985103358	273.198472980019	273.671335502893	313.13815366261	330.116990237922	343.600024529314	367.233508842095	382.92287433629	396.058106700582	398.531891820318	406.786227699277	432.411825313581	415.023021751844	399.865717671298	404.488603962387	414.476317255466	410.106356992666	408.853237934643	397.689294868899	407.135483153882	418.193787905882	411.828778767886	444.138598782627	458.241289063137	506.645577281911	537.836517055943	608.363839704788	676.895257183903	761.988472447986	881.036077251894	999.842782595678	1172.10663736404	3386.05033516337	21703.4859820559	8836.16932924736	1513.47006587183
508.936	470.98735036652	66.3985230309328	49.1779004882657	45.9667844070384	31.6050226783158	53.2745252149214	56.7371349288034	60.5293076656364	71.7837382776432	78.7716242996406	80.0814481870217	103.450871556037	218.969694849864	550.859110753167	673.454575859914	333.950067618504	246.461647053701	249.341391663633	234.810105490822	258.637994558449	289.478019509652	295.744570952231	317.929895621499	330.197523985631	341.376411642183	369.130318310972	356.754907226537	376.751867391136	379.416848370828	372.820195796506	372.656045925804	377.806648312342	357.730519486158	365.209098507854	364.669294090022	377.234191857661	360.379533617879	367.166586695796	370.554119433548	402.353011067988	414.841066370654	457.160983009262	505.440370101366	529.141071781821	627.031800439028	644.709565013742	835.705347347806	972.393754861471	1107.47833022285	9957.50945626017	18792.4840212496	1965.49731476093	970.349240763951
513.593	75.6125141787581	57.5850143691051	51.7489960958674	48.0887657758886	44.8136776221154	57.2396315043658	58.9059711439786	66.5688935524264	68.8989918493422	82.8590644162779	102.85570951461	150.317472328413	407.070207154969	662.537632216292	417.3408533755	211.203492023981	225.083183083657	236.200138954572	254.785064407602	272.421718881725	278.885396311489	295.953495838497	315.115915200563	325.155311875671	336.726592023831	352.014903739684	351.552452201895	357.546675498306	367.282132565283	356.621255700276	356.034606709092	357.536411793744	351.990782359112	351.584529460003	349.694916446859	339.365847867473	352.605739232272	357.934866686633	382.249874105166	375.160948301758	406.412172485345	439.583413024879	489.574402299056	498.060509196197	599.621314575954	679.650380991013	870.405504510216	1023.45617906284	2452.5153586542	17073.9809505069	8301.2629813225	1238.01638772553	1513.58400939332
518.252	45.064218015937	45.7697432114482	43.9107316698839	33.584411841125	41.0036831305083	52.9382223424998	57.1929898880864	68.7208841580832	71.0121532664793	84.504341762543	109.672550495416	248.653678123769	570.716388478343	498.324220408412	222.881425090826	191.951779285279	199.586041563176	209.080484564079	213.66409206044	256.203715021494	268.298132295106	277.521282038506	284.467650691506	290.319557888448	304.436864476732	314.469465835954	332.842245701689	329.817516815746	336.111477675174	334.751403172405	335.463623315209	318.140308411409	333.167393421659	317.517617593105	313.165114439329	328.259655806373	312.648702580581	321.567955774767	341.238977010945	353.359723819048	362.504140663295	400.296643301643	441.364663652713	474.842841956045	547.275561728667	664.563148531436	793.411399073762	925.132748237747	7670.58765102372	15668.6234184884	1919.89807100946	1078.72620345061	1373.67748357021
522.914	29.2183662021989	10.7678634521233	48.3656757330594	41.3664264419711	46.6245487267237	45.1110805179529	58.8019635063628	63.6935902190064	65.1943449889888	77.2662200773861	155.468997873967	422.891616950678	544.184185497524	260.674253048498	171.417577129903	201.212727245759	176.438153652259	200.745035694406	220.863205814981	219.648751270562	239.958887799547	234.533750778427	262.472369769781	293.874766401497	266.658691753558	277.044573938412	298.289543974282	308.540768666826	317.87923350889	305.043363541151	310.687472210822	299.508672841538	294.484108104938	302.016055290746	289.755539300912	294.492051644027	301.90747689229	298.286761574326	314.435457410827	322.751593671965	328.941558402576	343.08738814923	397.367145369713	454.983183810777	512.283297790282	655.696153041921	762.693679863923	1738.23399243345	13444.2157687195	7494.19203829777	1001.2879303169	986.377478820302	1612.47662814877
527.579	25.3202015138433	34.7317752750409	38.9401267423202	45.4987878351377	43.3083471749766	54.0342308022717	58.9729968600137	60.6034523187374	69.8943118404913	100.763657433332	295.65919026952	525.933767313496	328.800066735191	157.493115448666	159.330924376171	159.411486297098	178.112494504605	175.524194567688	199.407719441628	209.316907453249	216.891580355067	235.784474869544	230.038881774059	249.090990632016	271.316519894876	277.303213180314	282.800233415585	288.879173759041	289.515007577093	280.313748434892	280.692091667325	263.179827132805	274.417780095373	267.864742364621	267.850835719408	288.219076646372	261.25420721785	266.327471473056	297.741250846999	287.039518780356	317.012034239261	355.043593016727	393.238846972293	418.993014472362	539.194840578112	614.865312578934	699.404576852129	5702.09076494176	13054.9936372751	1862.46735727957	848.233570075604	953.18787231857	2237.51212683703
532.245	47.9424121047525	45.8735005339427	71.6426251038361	59.7161009096905	64.2368442277026	71.2270133521632	59.361788445187	71.7494762914872	89.8184710400843	206.556727991144	451.840200829278	427.426160268848	180.637292785312	155.655882473419	160.768670875205	170.691457320265	183.013435144841	188.386585920526	206.351813016919	212.194024228681	217.36104677473	241.020423627464	254.657320934244	256.035381065476	259.765273126239	270.632854610119	274.531743810883	292.701053225617	269.478167287535	278.538303664041	270.132532847369	270.217278402261	271.797912998474	267.172165842735	267.124379622169	280.268592620308	254.471120936637	277.722868103676	289.027076922306	328.469033064007	345.691288430371	361.254848837002	379.148419868664	432.806933758876	526.376812838878	663.521262442146	1295.22843542037	10837.4334798702	7026.40211243237	942.70435648478	977.44632486682	2073.10510783053	4296.63008364576
536.915	56.5993780194024	58.875096171464	40.8752810073309	38.7541149780414	50.12480141542	59.0249801990558	66.9869094995225	70.6408689317401	132.430434012957	345.023208823113	454.948327815089	217.006580273588	126.195364909506	139.98735775782	141.008963264114	161.653326281567	161.233667275881	169.925667004171	189.735031926676	180.337367672	200.722559373956	215.434316626664	231.149688127363	226.731170408603	238.322696417572	239.296480887016	254.714392367031	265.446627757922	257.589491432176	258.195882197864	245.495237212011	253.896736765773	242.910789086301	243.594627905943	256.243783039926	257.417722456827	266.607376916907	262.354044319287	281.367091632796	290.825781246909	303.57467914922	342.889201400155	349.828456235693	447.147068368515	546.84286926581	611.170381822718	4495.45885873476	11150.0309785964	1875.51388288199	809.792934586214	978.645038590599	2517.98264039562	2871.89103559658
541.586	38.9567037037341	42.8859147633751	31.4053817366227	49.7468258422048	46.534820667742	52.7431597101473	65.585893633962	92.0583116978282	237.276985218932	429.035887038758	269.660153401044	134.106708351494	131.094341755278	128.067575533577	127.830014081344	143.664936779116	165.654072285454	164.897514596733	174.657217135508	183.087985176855	186.057559606693	180.864994030627	216.267291358908	195.919288628162	211.163203976058	208.022970053082	230.929804900704	233.831701854299	232.747087375998	244.986107869735	230.610234650753	227.876223895058	234.878447052047	230.692834255308	218.728381852185	224.653124870883	224.47261406741	238.479330931567	235.814157377198	252.458525975595	277.535933669992	285.145094345874	348.063300103261	407.125378907974	519.901342023241	919.530918884602	8711.12910035527	6331.64524591737	744.102309656715	736.649872958701	1039.43078615881	2668.1819200709	621.198700999366
546.26	26.4051422138842	37.8114752274443	29.6725094714909	38.8400561881252	49.4510214364044	42.2250293776568	71.9926255220846	157.427998152628	369.306934824252	341.535090043986	130.438923286579	101.435757291298	106.074112706105	114.72848620144	125.898514284082	121.357475322353	147.038747378759	133.376761097164	157.436841504607	155.674106128542	165.32826306168	171.572261366559	193.185783032352	192.7430995092	192.683846504235	197.081843393294	218.847587125832	212.869882867971	203.128693446703	208.938163961765	227.860341368996	205.901240007612	203.519534068412	209.983086614333	206.473583340866	214.875350654514	222.526339074954	229.203940538409	239.234814022016	225.988783542131	240.480183476036	287.928933279981	307.239262908845	425.484046529616	478.521875215273	3264.29719553828	9707.13932443937	1855.2324996681	640.081447647371	743.634717296419	1638.81182779817	2025.92355660673	135.178384091937
550.936	37.4867911358329	60.0184769338808	51.9920779438773	61.1435454678399	49.5589451869035	52.5093213626978	124.969591387729	296.477705473189	378.213832158256	173.002278895077	102.921281683412	103.035551312676	110.091840104543	109.882292630805	124.068825421401	143.473610931701	144.644025903138	148.491693609005	162.652399290773	151.153241067812	179.545364502891	176.812433023976	196.938679147847	190.677888056945	204.125808100863	196.794938482099	210.310810444434	201.989951534917	219.169366488299	204.189846523872	200.840203428135	191.797116165958	199.000833776578	213.9146746154	198.235454451961	202.272513657236	221.805863741324	219.67016763934	223.788272451955	242.865793401154	263.833348050027	286.275196842739	335.475530950364	430.51015435165	678.111296655157	6902.2225011932	5874.89557885451	682.796510219678	646.502730563387	866.569781027873	2230.27715701068	1424.69161322384	800.139783106719
555.615	23.0091200564311	24.1142155388756	26.0337671382326	29.0853345987103	29.5673269891189	72.3051015128012	217.367457377448	354.43590444524	214.758651686611	88.7446906435282	74.5316383686031	77.7383584264148	76.2378201821669	101.467082278466	92.561251431181	115.000624028653	106.888195808025	119.518803515116	127.214539072687	130.358530398016	142.580491075364	158.603741252829	166.603665349821	141.376787128573	141.033021374954	162.561948897247	170.124155884953	171.475616756215	164.833619857859	168.248129491246	166.375217114367	183.526118808004	168.141624865771	165.604570866271	175.545937493975	168.589335225177	189.955182160974	198.171887403372	194.94765948541	202.134099114243	222.382010883384	245.120522252869	335.432498910645	359.07557212113	2376.11770361967	8222.78037651845	1783.32775838487	559.922075647857	494.057224108183	1100.60406797556	1848.05268651615	336.111559848981	153.440622672421
560.296	6.48656787540709	33.2549265415097	28.1070528290434	28.2883825299749	57.003606212387	147.190171692181	319.923900123344	287.596769129521	102.128520076122	61.9000750559912	77.2219946503326	76.1078914818697	87.462805006176	94.7284843886728	95.4730770694218	115.219849175783	115.855214751871	113.863054862507	119.98946907964	140.57909738926	140.374096642406	152.002547452059	159.716945337196	150.338952982285	148.342860088038	154.966854197301	148.623224106816	172.799268005062	163.793034255455	157.131446324473	159.940123034372	173.442077486004	154.674162091536	160.696220840364	173.226522102592	162.167099953979	177.368990525554	182.228339898198	183.070240714875	199.292722939271	229.975434623648	243.298873019308	334.218819659438	524.991327823931	5393.61346264611	5320.19982952401	572.291681769343	509.023774048904	541.591854574173	1507.09303099899	1327.8006513645	489.120142407024	513.675588636122
564.979	37.6361099935234	45.9579478640208	47.4899014479322	44.3688572961095	107.817891635834	273.365685585291	314.667343893279	140.892270424612	71.0219000717169	74.4816997161084	75.2932227566717	76.5149116423419	84.3931523923726	97.0361089708038	105.635039529472	106.762627173485	113.94653885995	98.0819149879007	123.806464338127	114.061006687892	133.817731942409	128.987433963077	133.136972800973	138.73669829292	148.459069818439	145.907920431102	152.923645776826	151.392802412489	170.287324854979	148.938517261406	160.813583831945	159.708816537982	159.876914764033	164.244350775588	148.717960914146	174.132022084618	163.716295409922	178.353917234236	163.729960222143	195.271593567628	221.797379593669	257.611761782651	319.528897275278	1957.48964903819	6919.14919786082	1809.58402780239	496.340483780518	526.450367739518	793.577440438917	1763.53719932934	799.526468003036	291.963396321935	794.780900109775
569.664	16.483153592049	20.2076673856679	31.5591860634926	78.7600819666085	181.63899811935	302.453231320339	174.266892927379	65.7410102356717	60.8468238800301	59.8912373359363	58.5079684737179	59.0902836518794	64.0569203477046	74.9868485791796	79.734534609885	91.2145903130483	95.103062851833	95.3488322971342	90.6993209112235	108.350219162441	121.173020156253	117.475942432339	111.254398082278	132.894010353528	133.134763859141	122.880401334907	138.875353189441	137.961680070209	143.042448389153	123.60374631867	143.667288991436	135.275804517641	146.913731789877	138.673056856597	137.608099727289	136.095808691211	146.395371304845	145.136772249726	150.823912424584	171.954480659905	200.043039878662	269.250516780032	400.84345354923	4518.99430938984	4805.17385511617	503.452030279569	413.987103225368	461.914984023231	1094.40751474506	1594.17267016663	444.976948343814	168.055902589529	-156.637416642045
574.351	7.48095585328431	19.6396451933557	40.2057073606557	129.554264526813	260.930416156226	229.346975479225	75.3524726979263	51.9903430050372	48.536533287338	57.5694017053611	55.6094372406917	49.8076561373366	76.9833374483231	70.0379149569126	81.8484481500172	86.601101042069	87.7992780688528	86.991889027383	92.8622442365405	96.0769248346987	96.5394380003011	113.389868144706	117.292317172792	129.421914870516	107.420144428683	117.554076951812	112.171924434211	120.59098440271	125.111851545981	126.143073934807	119.379465377464	124.111439448603	126.49568658605	127.725476683042	133.740040490405	131.597882972749	144.12552530566	139.641275637673	150.140321711671	153.969711638386	220.798779487101	226.297404111659	1398.87490982298	5972.98704278271	1739.84216510181	384.374206706738	385.415324214689	547.854700742908	1412.97404866812	937.705861868733	604.566418553452	338.990899239509	509.043941533693
579.04	39.4188842420303	59.0754096597728	89.248777309347	232.497964607425	278.637181716638	121.143278707322	53.9818475000427	47.9761429421073	52.3509222117197	44.6658614083915	53.904818184042	60.7139061542162	67.0148611998947	74.5284106733175	87.2053734721595	71.9099824469438	88.5896185877487	88.7325067296165	84.2584199358598	84.7315540840843	100.691885647335	105.161808428667	98.8514847972176	107.99173502597	101.45537210153	114.934360933954	114.997408130822	123.186139246364	114.459874784737	118.016517052895	112.46326922729	118.419527397764	121.642136122818	111.426555874831	124.122949695363	127.067795078107	136.17840906614	138.254077278188	129.565386061923	163.891724159024	220.956470966568	296.834797576655	3630.50924274922	4209.84621727808	436.82943924401	374.398852659813	412.649884063834	806.201412331537	1417.3067505961	615.112798042574	321.844990571858	584.322407638237	743.872412206412
583.732	8.44078193681854	81.6555296338482	174.538775406081	266.638581917177	177.473103932689	66.4324896752474	53.3715503447962	50.1216030858398	47.9656198543473	45.6166205250942	53.2641335970378	65.196302055287	70.8168545179539	75.3051868574307	77.0119975942377	83.0393919183114	81.2190355928472	88.0166285098166	82.3357293217894	88.998728457581	98.4002942515095	94.8044177896623	106.714457110036	100.65836331622	116.375471039264	115.36297072472	107.20704616283	116.987274175344	107.595356724646	123.88511407654	119.737275418008	117.093312957483	122.120687040427	118.918887921675	122.356502631532	123.822905574947	119.15984425487	134.95886802556	150.457247135554	203.601209038587	239.408270354246	958.660455895262	5147.99550741752	1607.01259691695	307.816454065155	328.122356800128	431.603623898656	1177.41373782104	1012.82545627953	378.050368418192	478.330677246406	215.14742598129	944.715939362646
588.426	32.664194555904	130.488880385411	244.859030320294	200.444701033003	79.6218038405351	37.0968101216787	46.5317648473452	42.4866767973024	41.9485701144814	39.8416633852444	47.3416103652519	52.8955514063875	41.9075338756315	59.4727586148438	48.781767204152	63.7592055227675	78.2609139953859	75.5541922601917	77.1005571723364	76.7305489877775	68.2750261317446	73.8081005029066	78.1985226248593	94.1174049000705	72.0331439349382	93.3232528448268	99.4930103003446	94.0713014648259	109.981923791025	90.3694503716816	100.294396440271	104.818063356431	94.2590695163699	95.6864753587227	95.941940809724	104.396712891731	105.38574191161	125.718015048014	139.939353118013	192.99145378174	223.517473431493	2748.17149295652	3799.5562024906	337.559514223825	288.321697737638	328.904342298153	509.22420165594	1224.64682055949	581.977268088328	332.495875338444	344.504143477963	353.215313041966	71.6661225945933
593.121	90.3825653904908	196.902732974655	227.524761096137	105.73575247383	39.0342398082031	36.2539433808076	26.6674088728423	32.5729524586038	37.9616900662624	37.8040831843296	44.0910559968473	34.5541393241597	44.5947016856021	63.3927748951535	55.4843416103345	55.9228143397245	56.1362887990485	67.4953135362804	59.3587939896252	62.8200807305276	66.7621364941705	66.1676332670446	69.8962282719686	74.6572108343897	84.5659306386913	82.2611684298069	72.9163852578356	79.1942620934111	89.6539105160633	91.7328676490767	85.1502391951809	91.798482262932	91.6846918044863	85.2727395021459	90.5978395665567	114.829983097686	87.4776640775177	103.305030917091	144.69255246994	192.655361278219	610.656029532113	4274.84761927126	1543.54515212237	181.233510814572	252.692640765654	295.036377441763	817.078211198972	986.488328360927	341.043260563527	138.437514909144	232.086814134377	50.7118037392425	-486.166752693155
597.819	136.823101697743	227.15817692578	139.346372953086	52.3745046982081	28.891817316422	31.2997922557021	30.3281749637297	33.788805433524	37.2318089864603	26.1053752272573	40.5987062153844	53.7790019732826	56.7037921804943	58.3098120779932	61.1362679048857	48.3494658031726	69.5088772167335	62.0274361455706	65.4394487816319	72.6613049010855	69.4049763669628	67.2687215159694	73.8176277209724	69.6712004202278	69.2867053750101	89.6554976172568	80.1671591907084	85.8496940406149	88.9608284955178	80.3699542100882	71.7410498795833	82.9671495577901	97.7554461472934	97.9995170482841	91.1460362097339	86.9874279736501	115.645536903068	110.498191572799	152.907636262801	200.805639714588	2104.14060016445	3568.10523650291	335.576299930431	218.017525599066	235.954229368343	364.614196397109	1012.05965593801	684.916508618256	288.209772783834	252.136108387228	264.11293288475	109.325688795788	326.072326205127
602.519	199.280542526127	166.887976560044	57.5002575772994	24.5895476431844	32.7937323500866	29.7205032664952	26.6474594513628	29.0913520600404	35.3963695623452	29.4856377852787	35.3606661628755	43.7202103112201	47.7286914006259	53.2580038206374	56.2581705513143	65.8578914659464	74.1200705765946	50.3404256437913	60.1866591378399	49.9652981256822	66.5650336601802	68.5028906610187	74.0443878001884	55.489354151033	74.3775992955823	72.6664512428302	78.924615428844	87.1459503334212	83.1213935380499	84.6965829740982	86.9479736553493	71.1060822635522	71.9617014605541	76.9953765704906	72.1768059521355	95.9866778844866	103.724993293438	120.321389827034	155.751536663286	445.239626697383	3589.12689968751	1565.75047319092	171.942355935169	194.224405749353	226.299352615901	565.063359633171	989.937151405057	389.811968263032	349.257719473983	350.920687639922	266.185804457703	66.11023421416	1405.81244936905
607.221	207.621894979734	98.7809266055425	34.4599107256224	24.4806656294862	31.0929252575571	27.8842777164732	28.6673223746496	26.0731893387919	32.5931494911138	39.3638752808553	41.5415056466827	40.1867841257695	48.7931533965174	48.179519112758	61.5715219182945	50.9567000941225	62.7975616481062	54.4466955496281	70.9121419286155	61.9619803650778	61.8532779644978	73.3967136748667	72.5780416812538	69.8149210595582	68.4944190645544	71.409560487111	64.2132050186855	71.9162258520938	81.6727405263317	79.5564484605589	70.1861917358411	78.2144098738308	88.8162819336549	84.0583719458189	89.7111648295476	89.5103764325948	88.0189459200067	157.947457650661	178.305119215024	1676.28365152225	3321.27426896088	351.601292931316	185.518609778914	209.174548681731	251.563068164516	801.210076761786	738.199009572648	270.414576264958	263.43520820252	214.894780886643	272.480901020046	474.360356397225	828.994024144854
611.924	129.90988566363	35.3375043733498	11.7153697214782	16.6999624037359	22.7518210367826	23.1061066497972	25.7491457216366	28.4157289993983	18.7192071127885	31.886178528182	36.5373428071356	22.2693971156635	25.9105821874197	34.9228655500076	28.5041351050384	37.3061865201612	49.0641649891544	47.260768380133	49.9319914338166	50.9008103137041	49.8049438700382	64.0299825626742	61.7813667914086	61.7623959047566	56.9103601602825	55.0374671001657	57.8388373396734	68.8026436705665	64.6975648753871	59.9270329527003	72.7254932726431	64.9760534080744	67.3310657343923	61.0779757318703	69.8517800213785	68.4840025679819	111.641170529625	134.077923014716	309.381101721371	3036.53862731943	1665.54797445316	144.911260500489	124.289636421608	173.877774314541	307.902865358967	819.256872493135	432.202277435006	255.088348869165	167.330251120988	236.683735832605	227.939718179287	134.696063778707	223.189684829589
616.63	65.9017065923968	23.8209664518694	22.974009393069	21.2765299872849	28.2472105567195	15.5757969075268	20.9904241955461	26.4409599408717	27.49525120159	32.4752833098139	25.7571953279271	44.1099330351474	35.2560303731016	40.3567867747864	47.2188598491084	48.9778604416845	46.3896338456222	43.7206023972679	66.451956365751	52.6469189530863	63.918681545243	66.9261689671008	57.7485322640312	54.3358356593346	64.2360573475811	61.1835876070502	62.6610313827643	83.3553541994742	59.3258892946263	79.9474674192285	74.7932726380865	60.0420029549467	74.4444514273709	67.9347656402268	67.5889887187513	99.9447986932685	110.242944841155	146.803503463313	1257.67015876141	3031.41550622682	418.72156844868	150.743339651428	131.520586559326	158.301922313346	478.065765289134	715.211584261911	258.082974058771	192.403399875255	227.968892019933	201.928194769249	43.7118774277356	52.9657590747475	413.742672120641
621.338	37.2482778251773	24.0078095468375	19.5363640643305	22.8049021320395	12.3266845751482	21.3817148403932	17.0867837012671	17.4102575041204	24.8996619133737	23.7822358501552	27.532511900242	26.7357253984985	39.4444081256493	29.2339565830692	47.5892276061388	35.2585894048833	44.4807579925907	53.2861306093383	33.6736667341754	61.771183155205	76.9136195733601	63.4187102296086	62.2280092293261	54.7620264153975	63.0539669376478	54.1195521013383	61.8570856320743	51.6979468453641	64.6391570129841	54.6755851962655	49.0919674238763	48.473725014722	54.5077879439239	56.0189630560615	57.2200712509909	87.058402145093	118.717763930221	232.847177476402	2480.46036397358	1598.62086079	124.839323450986	104.116924389654	141.978120025998	193.489029426574	628.351176926048	471.60126568821	254.327122233222	224.826136761436	202.832349825705	208.537035729581	264.328426054459	167.769496534365	18.9539964027868
626.047	28.0918357649676	26.6627872909812	38.3530233403371	41.5813998660356	31.7059737696275	27.3259813500757	26.0822517426538	26.3667607981671	31.2214315057728	30.1922413544888	33.886509145595	43.9422086633822	42.1279541132612	44.914661567703	41.4953948855428	47.67032793724	50.4815473961434	64.1450069399927	63.8403016215244	75.5585215118146	81.2015968240823	69.5808095244303	73.9141024195566	58.520323686673	73.8738728644224	64.9062691682099	64.7413279480696	60.024902277342	64.6087299913333	66.5004946379402	68.1112213953699	59.49606375694	65.3915047798201	69.7881580699423	72.9013044051491	102.424713993077	132.922205428532	975.045696567627	2776.13455326617	427.481664088169	99.349939971744	123.890374221325	131.448906614533	333.125655568143	664.149427520343	254.522355243724	240.434919390835	225.571519613781	195.723448757811	289.181349805467	363.917356832183	477.355944916161	1033.3676920815
630.758	12.822773712874	8.16633372454988	15.1366468308234	16.6721069959349	10.4824036280292	14.6381823477309	13.7000077426597	9.97097551192912	20.2862980090624	19.2228216362539	31.5743475550995	14.5930877420316	37.2575194980778	35.0202600814175	18.6052619159268	29.4097131089484	21.8671099742799	39.3879947524871	42.3805628353155	31.5175002880769	42.630128591771	55.3641783423395	49.3067932744956	42.0932656429183	43.3548007462558	45.8549957928584	42.3020971483242	56.3826215363075	39.5769913228112	43.3955115172937	41.6931099317824	40.4129746404019	50.7150871106751	46.8018297142059	74.3787246207087	84.0672129415848	161.528918728734	2082.81025091091	1589.95149149796	104.871092173679	83.9298310745805	88.3585753581347	100.997239058422	428.842655349174	473.794293575888	176.067097814764	201.726032981342	137.655601881708	144.704391438659	64.0974797082353	36.7822494337445	186.765821928796	58.0253661890272
635.471	15.6901241196943	23.4528431493376	8.55652005522662	15.4001674531034	22.3330515796143	8.62772894123696	16.3152974134938	23.2007591893544	19.6161930540536	29.0557379866392	11.8639298362431	23.656178961128	18.1014426971148	24.8332018810169	31.7765900957025	30.2661850240606	35.0558311091486	55.8477997112583	46.1687910571722	45.1963805616256	64.2356854680781	57.2973117954685	52.6968163480061	42.0509669269311	51.6626207242829	56.3256324886841	51.9517333540689	52.8286842033762	56.165774179198	46.6879742381325	53.4123816843416	41.3750033103291	60.6662032621038	48.8456973161269	75.3003385888072	103.949164360549	669.469013005862	2462.95346124965	446.605841084778	92.9955095432122	82.0574821476215	122.904315926728	171.439215520213	520.798434583578	294.813445887233	163.620344915525	183.067003843282	205.179759420736	175.34837293029	188.602445740236	86.484561092198	156.833802651297	-311.845967898898
640.186	7.85973288377653	18.5500276056345	1.86359159917403	16.4809418746519	15.1181189014963	20.0760698505867	15.926684893206	8.78518913721795	13.2398327444278	14.3124531890845	22.4215374314185	22.7395899535074	18.4711324540792	23.8975506133737	22.9219304967907	33.4814083738363	28.0971104049683	44.6914110796019	42.7859952311308	57.1110463154852	53.897991518055	57.7821227762262	44.4989489339285	45.7930491580541	48.6328368445719	48.9969460293115	51.7152400796377	35.9507395016056	35.6270797295488	46.4458806610858	46.0074975349096	41.4523775087757	42.2814980009005	53.661998046452	75.7920446724261	120.45073282643	1602.51742596399	1546.337198537	81.7524860438009	72.9356553165047	85.2371048784727	94.6764841892573	290.110224393368	421.054910917051	192.807556886144	147.138690739671	150.062197220768	110.01988008648	96.159651753322	98.3602128434907	123.780419102177	117.845319761257	390.536427543546
644.903	18.2371822717048	15.0095894607594	26.0114221126036	13.4772732216635	28.4410068744557	25.6638530797037	24.5869156370071	23.69485823024	21.7605631547184	31.1601869773232	24.8635395787378	15.8728395724218	34.6469708983765	29.4682810365598	31.233790690426	46.9623103159057	33.1545176581116	54.4560383580186	54.9707976380223	59.826603803608	61.4297852474308	77.5411729583653	83.912119907692	61.1375118324073	50.2425729463689	57.0757657305476	62.7673881917186	48.8187147268369	55.2299388613911	63.6349523100296	57.4239434855257	46.8779201021995	67.1538196234362	75.7804108788146	90.8540107392543	503.801690886132	2177.88898853249	491.990099437123	92.4667567960374	82.3357717835218	72.4376906693747	140.039582232449	389.801162587969	292.871325879099	128.624042236979	148.819949810027	173.459270076703	159.594653929913	220.701767853446	154.462173362834	304.640627060143	413.198456128163	-98.7497089546065
649.621	29.8770767579446	18.1818968765263	32.4966320897298	12.2293049575737	16.7478938768602	24.0250431216656	15.0469515851273	16.8962791524242	25.4637557014623	33.3430676944892	18.842342643935	45.664401379478	23.4249371299795	26.8632902861104	34.2883575268795	28.1874503037783	35.6824281021271	38.9836760915021	65.2380981806191	57.7443976849506	72.2012173728692	84.8369144961369	78.5240103856326	50.3538910361138	69.1260889625696	53.7243779221095	54.7577403134792	53.2656657153527	43.3749370103123	48.3173174973579	54.2204604750661	43.8586952266528	58.2783880689085	76.8530977380521	110.856018610697	1303.18354331179	1480.92232664553	96.5442429620834	82.0536869391543	82.0532525125761	83.8099706076287	200.963753518289	402.166919458813	189.402130912313	150.642636678441	154.978244755511	151.482034497794	139.580296568166	182.095603102688	220.370087327524	84.644623565126	539.926409818706	60.0885184908458
654.341	17.8193559708784	27.9110913076486	14.7535234286937	12.0539538395177	9.76384464279348	14.8131626711792	16.5903978962961	14.108245640479	18.7479243229888	21.2262252231068	20.2605488950575	30.6932956069781	22.7392221283807	42.2847365863501	22.2190206186076	38.1669324570287	40.7661452971382	61.2164628175951	44.16749404523	79.8879624856845	78.35032535634	102.283792908791	77.3865322942869	67.5451592531372	66.9429290281136	66.8784230942571	51.7850654848028	58.9473666188269	51.6790034979642	57.3028173234446	57.7816360706588	50.9997910896881	72.6029497232568	81.5622342636623	324.939903786628	1850.78311917515	535.743762098481	72.0143021483864	48.0738315509771	67.6423507358433	95.0937501837024	283.894367416017	311.051038382539	115.114689686902	88.0288094793378	157.38504554719	111.654101177569	144.763882572378	159.881805855647	59.3184724120786	167.620339322268	327.350105924345	874.644205883987
659.063	25.7397500493564	9.95931509636602	2.74061714419149	12.155356485196	2.54089857564623	10.251415503881	9.68576800085015	3.65286035519315	9.99608515040025	19.3662373567697	5.67527463242863	12.1114564420266	19.7555193174369	34.3874617576788	18.7273493605077	33.1793171094006	38.6495683138264	53.9688038398538	48.5880529545688	83.5595866507631	71.4042527215585	87.2758994344456	79.6220570788318	73.5008746141629	60.573022710314	57.8573054933518	46.6131098538692	53.8485959519842	38.8229933233131	53.9786822421911	42.5011591104412	52.8002568238005	76.336574425957	71.9673221420029	1005.13547376258	1366.86777737381	85.2377170941101	53.3714098568224	46.169759723363	59.8085332661922	104.900308730631	321.349343676065	172.134726156847	85.9602555633216	51.7102967628408	99.5821371228343	51.2925396905599	133.816552678024	89.3546093253354	135.948824895913	216.705677140665	173.304550119014	164.093406552245
663.787	16.2540067969808	2.19578433643552	-9.13263724782161	8.21853639079543	11.2741401323958	12.7732757872938	12.2789750476575	12.4789339036459	10.3582887815837	8.52832298106407	14.3894744524292	22.1781475732913	11.8068053901708	25.4589812955718	14.923098422633	25.2375241807704	22.8060450476425	33.7404202519623	56.2583329144185	58.669647860084	87.4149236719369	74.834633842954	79.9481565255203	61.6643656358945	57.3615526124154	50.7583801133112	51.8952172865233	36.5265731359474	37.6001818338388	41.4092846918025	32.3280924445737	60.5037933244639	67.5661630036224	236.223291316785	1584.97844621032	558.294214035823	53.037522196251	71.875669094194	40.7375501844181	66.6726111544302	157.433531643084	295.008254295888	105.392662156942	88.6700266721042	81.28806203769	110.463182136339	74.8583757242114	115.666200643759	102.442581458808	118.574677115333	48.3516179577066	276.199349809755	-270.434775814604
668.512	-2.97799088957189	1.77013050730179	-12.0037030605114	10.9168015814499	13.9575585103561	4.49004516808613	8.09892813599591	7.85928646988353	11.5483281928675	9.8959823815546	12.4700731471449	9.28327666525505	11.8975632466047	5.27151004242055	25.2908638615879	24.0751748895223	34.8311132542861	32.8664538482164	45.5181490900892	64.3758038543731	73.8375270432391	80.680464055283	48.5805291558445	51.1265103322714	41.394038170812	35.5500596695449	35.8178980668912	30.7323501805559	34.3147571925063	37.484110005871	53.2434680743611	60.2680888385365	64.5394162785364	784.405923602006	1305.22793554713	101.854283984734	65.2284143060287	54.0975844602941	49.5439435533367	67.6902688095629	225.783026278817	219.725706864539	66.4581976942675	48.0546555869485	90.7207565364758	82.6891391723308	102.283125910873	60.6087645160651	71.4669565948718	16.6724860530666	119.593536180357	337.360569084177	209.625833642208
673.238	4.99320853728861	0.890395345948651	1.20759924707707	287.818430893617	2.61239340361341	9.63644881826094	6.33710153987938	8.89494427071301	3.79815151347098	1.30994454627993	-1.16699266594538	13.144035281032	7.25406876084936	17.3239710434177	5.15739972916071	14.6685487146251	21.6747681920576	30.7840817945726	32.4708831994303	40.9728212330284	48.2182674257894	55.0625943047854	51.7240241560188	36.7953837736402	34.890352368617	29.9251062238453	23.4218417746763	50.3306973249985	29.4870373257037	35.2195759801958	32.4203848110709	59.9260268062629	163.033718904991	1293.58971307443	569.952348631694	40.0264362795395	48.2633611998731	52.6242543258019	49.3676213525115	63.5241764444047	240.215714206993	96.930556495109	42.6058598216033	37.013415712058	13.291325306814	67.1895925575309	41.1596405595846	7.81714951295794	119.828915210297	-2.79548201404892	-49.0167168107648	-118.787284647114	-611.575938720363
677.967	17.6044190387174	6.7269483552992	13.3810276323397	19.07431550997	16.4472216281901	16.6841343769057	15.5029910418657	24.690299134503	6.75178442606476	23.2241339507702	22.3354998698633	20.9059698015448	35.8056610989072	21.7247682822143	33.9421664249204	33.3322303902869	36.0256938886579	56.2771983719845	57.0311798089242	71.0079298915684	55.1357284001281	61.2185611983204	53.3342123850763	43.8406538159681	34.0125243132693	47.0549988073129	32.6681201636759	45.2677463432907	38.7592186630501	46.5871592852629	51.1171672869347	72.4387052197828	613.075852582852	1167.59337670528	120.247266865708	58.4640471359431	48.1909075408386	58.4472056406265	60.2494874996168	194.529995070058	223.321832483505	69.6589090585339	61.4062922026424	70.7652397378388	98.1846649492782	119.24999943161	115.314932896507	151.190184140544	156.920227415323	194.303105518912	170.572525104487	341.881703596776	233.678645521171
682.696	13.2233086762468	33.5561161472942	28.7003175835201	3.85737705217027	23.9479405581354	15.0296962774173	17.2894421783127	14.8987393037064	17.2951383257102	16.811657738656	26.1503731940922	5.28473801089301	32.1408981397778	23.0472135910731	36.07147009243	33.0087729783501	41.2105411404937	38.7104543745206	31.8015176234239	57.8881558184327	48.2283277944272	52.7610834978644	41.8983617626981	47.5531706579905	30.5702842952606	28.993692899818	33.0321832495217	36.6177786787273	49.0805215523393	47.4686966772929	61.3781129404855	128.898568716585	1107.18647749115	567.655856658128	53.2668336053678	41.177064450003	48.7279611093061	41.6896807281646	88.9638910749605	201.356528568124	155.348813180507	51.7728881630565	74.1081616022959	56.1659396072964	83.03323135149	94.5078306161836	132.321389436259	101.916727848382	111.881981767997	159.452676300853	381.257067313273	259.268799971179	257.763085846881
687.428	7.16995727096718	5.02289845350419	2.47720333881931	-4.66117150058689	-4.68905638002748	13.2814142854574	-1.16067723470933	15.4082436532283	12.6036078177108	1.6122893475963	9.8748589888168	5.32163649704736	3.72015041370221	12.3293196886475	9.87430170700348	17.8442251964758	19.6375773251723	14.4228715908118	28.1807314795506	35.6984071958282	37.8718373733311	40.1608560598654	34.2539977400588	16.2322681027075	13.4678812609551	18.715467504512	38.437032673521	26.1801474377078	35.4076698913398	39.4077383872247	62.8909874677047	470.384158081558	1086.01033739832	114.398625881222	34.2044184575243	50.9069921468402	23.8827443470181	22.1436984223308	91.0456701846131	197.550015358908	79.3341177835587	38.7976713163036	57.8180254842075	41.8374948804091	56.3478753799647	77.6655879314516	50.1318832087284	88.1962116673325	98.3242046778458	131.893490409319	9.14092943540581	52.2158073164029	-216.302341195674
692.16	-1.54475915823005	9.18211443155202	-4.56619110339662	-8.20132690436105	14.1435262692136	-1.86327994986304	1.86716389581632	3.26144846017348	7.60321240819092	-2.16138788733039	8.12328553554067	9.63094057624711	14.5873397734042	21.5111287819593	14.1827139889056	16.1821544933103	13.0386033860945	21.1638543855195	18.8891317079092	33.6205225769835	24.6383222716094	23.1337165549299	23.5199520193557	11.8322736667334	14.7016413269148	19.9460791203989	31.2138106663457	20.7612146384511	15.2041086133255	30.8168350700366	83.2196030459419	919.338000131056	570.969318345653	34.2051709921516	24.6201718697422	23.1150464938757	20.0830821166976	25.0468821670425	157.62480210467	134.16178109535	57.2958037466012	-9.14256247309251	57.4559120195078	47.5174076671734	35.6370260941466	26.395659615793	64.9946328394468	56.4295098555796	-24.7144780501391	11.5312533297194	13.7858201220788	-34.9994911363482	347.962301649042
696.895	33.1786584253409	0	4.17927281399841	8.25702209420777	16.2737999081316	13.7568455140966	10.5741213807105	8.82466679842574	3.47947536547154	12.5123787346549	19.3859573253999	33.0393952864552	22.9710395889802	27.5303527144263	19.6336645491395	14.8753476833546	33.0054019630913	35.5126301100755	34.5771050047281	41.1675074502048	35.6299207874947	38.1122469235073	51.5878654686736	20.9497916186352	44.4044404056995	27.6594698327098	20.2022894404569	31.3533059902401	51.1489823309624	71.6555446522859	364.774641546026	975.355459448084	141.859737579646	34.4374582201042	50.361635338942	38.6481772587976	33.4060747161003	72.3820592458913	175.944713438745	98.666512994773	53.7261317959912	41.7277448137027	72.1374831387925	55.682737319061	87.3976543438008	91.9049056328128	49.410865617641	152.582740459219	91.2351513583036	226.386459805916	249.829912637246	317.134553313155	131.371992278153
701.63	9.41013370453905	8.39013551377316	17.2794144047702	13.8776726156632	20.1717783677133	11.9810318331243	12.3219534248014	17.3841551141069	11.9299088301471	1.09720172768194	13.1347005381969	28.9720143216756	16.3291550388723	21.4695502772003	5.39975901007746	21.7867330257909	6.42977413265401	29.0474244103231	40.0987570418212	38.7467955391142	28.6531752893106	36.2982269317457	47.758446583149	34.3820735839601	17.2829816229863	25.9821057270629	19.6179947721056	32.3703166527953	32.3786936752237	77.473976600832	768.903145092315	575.751059560482	44.4479546762097	19.8443776021286	35.7089274107541	27.6588707590363	31.028039632894	92.7705014589743	163.014520738484	59.0602925444155	42.2024952059618	42.6981966899173	75.4904905241292	41.916261320081	54.7359455496785	90.4461451129372	65.9874369237579	72.0235751435075	58.5479904587418	169.75723022519	163.291343506415	426.409371880632	287.037956611175
706.367	4.23236679775644	1.41510200965751	8.10342817674006	6.42005278717185	16.2614795305657	18.1867670400477	18.7042735163773	16.5451769523623	13.256381633633	14.7120226127265	7.41878840382041	39.9470970664371	9.60738707097837	4.12057346637258	10.564553319274	18.0718371180513	32.1511198621309	37.0461107002754	36.1682052459592	21.0057910654472	24.8539825857363	37.1650703903815	23.302147775573	16.3489024610404	15.8999590460052	34.0265664708062	28.6340353590233	41.137914831412	48.3876594542072	264.229044205749	890.870103370386	167.697470242533	42.712332234751	28.5782664496292	34.9320096416291	49.6188156503002	41.7166349217647	132.00593869481	134.286925832738	37.1528152948002	47.9020968568665	37.5735055377819	9.72294033189362	61.6264878361196	48.8195733322151	73.4494286889729	77.680150481446	77.8556042081621	44.4368514317852	0	132.197478608791	350.606637486461	89.3770449096479
711.106	0	-0.953367039883866	-5.17201858608207	11.3537752293205	4.19572571478606	0.967309710371162	2.66564659828943	11.0055389028433	-4.30599103264005	146.149684464199	5.93524961205579	23.3325884571357	-4.27190522862874	4.92121085638864	11.7805824825357	18.2627405030715	16.2453754726115	20.3464404535262	25.4068958003661	24.0580458582369	8.83729750109528	1.74686822164539	12.6463103285439	25.4178545839976	10.444147748255	16.0207541900623	26.6215923477781	37.7231751037862	54.2892262264799	626.221528139608	540.31945840837	2.26461857506488	33.614074576349	25.3677040609768	35.706775704727	21.0000465195732	71.622100186249	136.771523736772	53.8755826965906	23.3977845669312	48.9913450199687	36.0718956295109	22.4586272850374	38.8223279813998	31.308929620312	94.7800213976825	1.37720581303857	45.1980221114181	0	35.9182526042013	-90.6530428557612	-136.273192482673	-67.7408901812415
715.845	9.1939706179478	28.9320110136495	7.84781162109161	0.820369471065653	18.3918925433889	0.978504396287838	-1.96108811322795	5.78054741137222	6.04975599197004	3.4051687455632	5.37194481360906	10.8646966037929	22.3924190895344	16.0832993475113	16.3857640281086	19.2130592157594	34.8231219277271	4.52802020718666	21.1919949822784	32.4486265167288	24.9366998442234	21.6467881481369	29.5554702256244	26.5690828844674	19.0983017421355	30.8312360792955	41.7605249736547	48.2837600223874	212.659317426364	776.423129863496	172.903197900616	25.1990973381462	26.275115487677	30.3987527382836	33.6572826163459	34.2490478127235	97.2127120908542	139.815872036806	50.9000892014996	21.4668401864453	39.5286619100548	41.6106692075954	61.056079543824	0.818158733543743	27.8323266062798	77.3946154103252	79.4092211703908	44.0277252695753	77.873082117793	166.530535126182	164.098622715957	395.170813095654	251.257806243873
720.586	-14.6388460284142	-7.73457121707381	3.49667235672371	-6.9906459072946	4.60951590825615	-10.1365953272252	4.42352528467717	9.22916791528836	-7.03533425883359	-3.12924067176791	-3.80148040093666	0.375585220239258	9.05822038134167	11.9008076896914	20.1602850427354	-10.001055339985	19.2204107912422	13.618162108348	-12.2046867545657	17.2218100735363	3.30179447797153	8.85760422135346	1.7689353081079	18.4732036655916	10.184173513083	24.5684021419745	26.6060236752333	51.5278731962126	489.641475509406	505.265967194013	27.167649217268	19.1381494433854	17.8189636199608	7.12404138007946	30.0384103501655	35.6388885524688	102.973175432297	61.5366730667661	13.4012585289331	30.3497483362801	29.5730558510673	28.2379333540212	14.9464704070019	14.7638275722475	37.5236442467349	40.531518686785	-13.9664158659351	-11.8833757185265	54.2142882311499	63.7440086675978	159.672030263733	-221.114149774601	-251.888564969022
725.329	2.19522529056128	-15.6582154935266	-15.0424957553977	-17.4821040620102	-6.10150420044149	0.330983574975346	6.96514348705338	1.95529652681054	5.64794685745941	-10.0783712668228	-3.20662029616274	0	-6.77703916315103	-12.0462664394927	5.66852667700482	-9.37342054320059	5.95571451539246	-4.17715496523678	9.15100718150778	-1.9369228088038	10.5039030607737	11.6556272668747	-1.3429172156621	14.7852511868384	3.71111419403245	-9.22548242911845	27.3272656492499	163.190309177575	672.296735568747	190.813084587291	-3.09855869120519	13.9478884478198	27.8393432390094	3.60555782548883	5.41468835171921	33.874824327831	87.4802395874213	34.6048949361242	20.8693179712486	21.7837698081553	4.78952245260515	19.4884596616972	40.3444134879908	12.4535665449047	29.2171388804432	36.3381282704459	2.82742434148477	49.8328601039774	54.8769275068274	-61.4505960518295	-4.89768596319419	-177.188251252916	-602.649974314338
730.072	8.83558437983951	16.7404602647415	-9.34881283676289	-8.37665436897953	6.86179571138337	-1.99826868632322	8.2600402989678	10.9304065032283	8.8953175512025	8.69240100213084	-6.13052020367516	9.94612834816311	13.6384865892712	-10.1662388454076	3.80255168489195	16.5999568869023	11.5860874106182	38.6691481006173	28.0843854847321	24.8495591314784	35.0709131879723	18.4944895608223	25.6743248719894	18.8154424654826	12.0325034977528	16.5478393765939	53.7993522006799	410.715246611701	505.075845833139	30.6887445969895	23.7736445302777	15.2043116011577	14.9927197635229	29.427204394901	39.8152922954935	65.0728534844735	83.8110603990141	11.4409877607025	26.2491025234251	34.8462711405462	32.5306076977392	63.405098859693	52.9193412458747	1.67081618016707	67.6179050003307	63.6928686723462	54.0556113568478	102.015465940637	24.2962167999545	27.8249763274692	39.4254911145757	365.967161835497	583.079795873991
734.817	10.5665595983486	-11.9004786333461	16.1400316195208	10.1231705157934	4.36445619676853	12.4099224166472	-0.504153668633849	7.70546875235922	6.71873372682817	13.4227357379495	9.42337414911618	-3.85252460501949	-0.807945319702676	3.54400381025688	10.7225447392142	12.1581912835093	6.0352431489645	6.7726942440785	-6.49124253335307	-8.83254232008997	18.385376196265	25.4396557221133	11.3404136264204	10.1353447581394	17.9676452410529	26.8266279008812	140.066222027571	597.412130263215	197.45335073522	41.2080979650914	15.3071820247751	13.7415242550678	11.125500768173	23.1401255638042	35.0323366239876	102.535690964533	54.6979441698191	34.0650717150962	26.9636909525508	35.0930424265048	31.5476104860692	30.281333153477	26.2820223244398	9.25456631315072	13.8167330176049	34.4476625014697	64.4665472457306	57.4635768782374	42.2633851800706	74.7253995193521	89.3355550232567	274.056570497691	305.348679768322
739.563	23.0660416932783	16.0513799707046	5.44242354123013	4.69361221746665	24.6509071444839	19.6790688846309	9.18004155131885	7.34943865351522	-1.76210147847849	20.0724937369431	22.6812370563968	13.2505391065844	30.2407740710416	15.5355090302116	5.81085856203064	35.3603073198774	10.5824462342736	31.6870943325089	30.9565779300321	41.6967031657368	47.4755350968722	22.5179314497335	39.0047072109395	28.5298753365448	41.4245685959996	42.7626587244308	351.588846763194	448.396324807614	59.5585524038244	34.0704104635759	30.5724733285074	21.8443317692366	44.6163178576416	23.8192487079692	74.7202423184903	110.489884793348	38.1603378811831	47.6362382266847	35.2989925212326	32.6372379360793	52.1664474451558	65.2608078229852	70.1599214933971	45.9585540425921	44.9261345924819	58.8798980939764	89.8509754405264	96.8836774728361	72.006195834599	242.525237833686	175.723194266428	391.954168467035	784.107926565108
744.31	5.68602673193759	8.1115165949885	-3.6670831585584	1.29376517369645	15.6180595574692	0.685845398459635	-2.06182506210574	-1.12545961233962	5.59725686314848	14.0219998279007	10.9635516764709	19.6944708458948	-2.47817582110643	13.6886140546716	1.95766659909485	17.8692249608797	-6.99328657208366	11.2523627956645	4.74054956290178	34.1154438354009	35.1217513536625	11.6116009564217	26.4358106983269	20.7251371313446	26.4876414664902	93.5047253994527	530.561098554264	198.552721047527	22.9316078779562	27.5478071420906	26.4852127754716	24.486436699547	24.3748346480512	24.9041083451129	77.2454548980291	66.0912734179941	15.9094748869432	30.7312719903584	28.6492940825618	36.458497976935	45.2808820022945	32.3063049470944	49.263935822065	13.7629730778352	71.6414834368969	-10.9303271358366	46.8706273232932	24.9250272936989	15.9198000991287	22.2835271935487	131.933193227775	434.794083508193	552.343721129582
749.058	9.76503421530011	-22.5346442160423	6.01991105751094	5.22794967726266	-6.38620207317679	-9.00711136216115	-8.33158743731716	-5.91220125394149	-0.514041879929269	-0.602778906072491	-14.4318409682621	1.59165982507445	12.5175135599929	4.47393013480176	26.5008302546455	16.482122054161	12.8827935889819	14.4278051632335	-11.0146950623205	12.1638009751149	-7.49592141911059	-5.63053018029721	-21.0836715628555	13.1993799335911	30.6426202651031	281.701728653648	412.454371041889	39.2892429567586	11.1693061445209	6.95733624935522	11.3509840371346	11.3545450500591	14.3639678052477	23.0620753633837	53.621747882419	16.1161059070737	19.4812961170687	25.3536982301849	11.4676202114502	-5.26158612218359	22.5585130243183	14.2784576039272	-6.03241356777623	15.6415840831698	41.7932388320477	28.218533347277	0	98.920487320401	-87.3050001745864	-35.3748438182934	199.922320423315	68.3258593829894	-291.124517869218
753.808	24.0045119243881	8.8742391027221	-0.471987935519586	11.101312714166	5.74340139686678	15.889450319891	2.6537618930038	-1.85417202185571	12.5745925095058	-1.22877457608288	2.39461387345272	4.86693655116591	-1.70114362699594	-2.90187518070909	11.6914089246951	1.5999558628354	1.27073146781889	-3.11938187483183	6.83371485520964	-4.64926979325852	15.7899092968219	35.8685221569061	10.9836260857156	14.3814077940237	98.0971949236469	463.425176319348	205.339866027626	16.0183517944812	21.9255223997873	17.1025986471152	7.85078814313719	14.0531861433204	25.5164580163651	40.6016308393634	86.2028769357537	15.9571438728067	37.2308794577907	24.7871885378295	22.2637426537531	38.7321589925721	30.6572631073273	15.9394750036844	41.5029585154093	-7.0856939630164	69.6115253257182	76.2817437174585	84.4576398691109	27.49786605349	53.8601467406827	45.8895772641808	355.295547381575	666.570425449922	74.1827564029466
758.558	17.2875042462499	18.6026805145367	-2.40284734567733	9.04252258376999	12.4753623109939	10.7855648141774	12.969656364412	1.17992749015941	12.2697522382483	15.0133891468708	2.08984455142802	9.49789913222845	18.6197877179277	13.9289989772827	19.2926546170308	17.9195032321368	10.7819625062944	17.6954002342001	21.3708871926942	8.41564680703284	1.55583835888711	35.0598452634954	21.880422118646	30.7028253763907	269.633280595965	421.74680683341	36.9965080657015	21.8891897211124	15.8845021845093	9.76857830081386	3.78640831312575	32.825833553138	39.1835391539505	75.2820184106422	49.3141789516941	38.2288742510591	19.7120556853343	20.9420550950264	41.3700761900953	26.6953921139391	36.4171075979273	44.4541187210759	50.0830246245079	16.2326785125511	88.8609418447505	78.9419309233051	46.067797313716	78.3939056746914	2.38432237801885	130.15951057799	510.713530356446	303.890953269305	1435.09894731137
763.31	-20.6738935332179	-6.50575622060872	-1.96076354657035	8.3012055545645	-21.4736566770725	4.03388376404438	-1.10244334430948	8.18414449962219	5.98562767383037	-5.42369778509519	-0.710561683865461	-3.79097816444648	3.5335017701482	11.1940790910839	5.86180306583888	-5.40039713497966	4.8390437680006	7.40499589406949	12.1667446808185	16.6317622481795	-3.17397518401418	4.47022172106095	10.4152940002948	75.1620541559273	434.933649837192	191.985862447359	27.6447005242176	25.3919795352089	-1.31371813725355	-2.59934444593203	18.0236722913851	2.57561809280175	30.4104557723901	74.1260194228052	28.1503760207396	8.28627801119914	-14.9511419456771	19.1704272292736	24.8565570216693	25.9921362401412	17.2464544904929	-5.75798460026834	19.9553633624788	62.5512008485472	-19.4228603481325	28.572470490335	25.0613944344055	49.5011645434287	-48.6411715927531	6.80848291538853	249.616344510664	340.972625046486	744.756058045493
768.062	-17.1848430468537	21.8887374084626	-11.8746455422068	16.2922433197643	-2.80966450995845	0.370147546488663	6.6765439244004	6.31701488002726	6.5908653613012	14.8131892971713	-7.53069856711461	-4.67676598096909	1.78327983149993	19.5556257443132	2.53570436763233	-6.28952409471781	4.88431573920449	-5.13856322924952	2.5584523766682	2.70763898733518	9.61100851141734	25.0669064163903	27.0327469450147	231.97255272848	398.883754244946	51.1369161325509	15.0589411970234	7.95399385637233	7.5140493452209	10.49465109023	10.8287463479698	16.8981438994755	46.0424439889407	45.2501227845041	25.153145639443	18.6955547162401	1.04075988086245	7.1870601543881	22.1717663853821	21.8627560560593	17.4078047548211	18.1620430589792	32.2272911842405	0	50.1005731729261	-18.3525885410232	-18.9718933870516	101.850254370375	-12.2740592653284	-3.4360900477531	-131.453032463015	-229.44174358929	570.273128276894
772.815	25.7608459566577	2.18747955597757	13.3504673465162	9.76911966677932	9.22587472921865	24.0442659662959	15.568679829375	6.07018395201802	6.86111183811793	21.883810497135	20.7858244374394	8.92268456652328	3.56428797257632	22.1489259451886	22.8068034470039	11.7329669983226	16.8623435610525	6.53582397270574	11.7613848421448	-2.16473150341641	39.4867570899816	12.0244513245444	107.061539513825	418.937059499489	200.466953209161	34.9661307213447	15.4919774574108	13.689819800921	25.619839610718	4.36998608740379	28.1368075776362	31.1767029557363	66.1712453656246	65.817141199555	34.4471706839689	20.6503463953281	37.9635396801667	39.2274039663851	29.154795083881	51.18868919972	54.1974644962806	57.3555006750524	19.3240585679849	103.923133580639	33.741924412064	108.73532986194	82.1591740572658	49.9324514002618	88.3169381208599	326.220638591943	410.529076720709	729.57691731532	1347.05975788164
777.57	-8.13613358644897	17.2985457057098	-0.504541150025671	-6.17082705782654	-7.36743156617559	-5.28433193972663	11.3471720493574	-6.68943588754332	-2.24031127648281	4.2689520134327	-2.19408980609868	0.43355094128342	1.81847224755548	-11.5217840477965	0.861915207976861	2.13788189876251	3.16954020451782	10.4799420255202	-12.5229242742016	-1.10442932576136	1.63344641152324	9.71340542360956	207.257202752087	340.692159739198	49.8451934884638	1.3722654115662	23.4858370705035	-3.60487253244651	-3.60580542718398	9.80994614533764	0.883395835550405	22.9754973007977	56.3412910018231	24.6705781775008	1.89996550700567	-4.01358001654056	-1.06129892027414	-7.32889432236428	-11.3046592965694	1.91093229007841	30.0407322992289	14.0755532112704	43.5438535872735	19.8827931149312	37.761649726843	-2.67353865478185	33.8560200970276	-19.5962706075058	65.0846748064226	70.078002134808	0	63.8099175633117	185.03140502585
782.325	-0.635495428119997	-27.7639780111914	3.58618215356136	-22.6535147242999	6.64968848005958	1.53306213869914	-13.5382714787492	-3.52201725616767	-8.81490799857809	-7.66908354530057	-4.08444964871537	-23.7723220688189	-9.69401512730666	-15.2989988601032	-20.129365787159	12.15652505073	-29.8847270670655	-27.5707618674247	13.7754429616122	-17.9430234505207	-5.52867866226705	41.5284397001502	322.930717616886	186.817271191596	19.0991977092113	7.89593375015649	-7.33770748736698	-11.4387257230313	-0.457667436736611	-2.7166450915848	-4.48500636925268	43.5182099646991	25.8802708372108	25.0505369861286	22.1861154783853	-14.2638801874494	-9.15997651726097	4.00710626231115	-5.43731005385239	23.2843574234121	-13.1719220476633	-9.77896600722069	7.5081201358872	39.416646072272	-21.427097981602	-31.2192179869609	27.829361525312	-7.95923140692666	68.6288730819427	135.198858589649	-266.552105451618	226.774354851063	402.602417038138
787.081	28.7122039664888	-6.98181410521887	-13.1515135618267	13.8578925582202	6.8281448223041	7.08392077494859	1.18311449591703	-0.258324065683487	12.5552674718083	6.16296301539687	-11.0570756992411	0.904085002183314	3.31805714896003	20.3300382253529	12.5814795203807	0.445813116075521	-1.41631095837759	11.4236048207791	23.3938717121257	21.3033937247082	10.7863963132672	181.765489214717	365.129439291976	53.7746852775021	1.96117590078663	3.81545191725887	13.6565133520261	10.8060481283285	23.4974882497224	7.43880305441572	23.4873848393406	53.4390466417479	23.7774655348324	25.7228131709771	42.0962865198392	34.5243101883502	14.385342630749	10.5805135570412	5.58323004194951	29.2223983397319	48.406745738611	20.8552198216374	29.1252085748772	39.4872806005003	18.5281117205396	59.9327303475493	40.3428881805413	87.8579406388335	229.682125825346	54.8001959056118	116.470429911245	598.783505807774	385.846511419337
791.838	25.4245869616887	13.3687350576708	25.2262334845498	30.1609098660192	12.7902620075585	8.64966557367497	4.72783391886344	12.3874395995846	7.87583706659982	4.10462747342553	2.28543556076892	32.9668592952601	18.9418005100916	6.00073317717923	4.93789458235191	2.6722650837217	-3.30149653608391	6.45051118429599	16.3053583663279	14.3801204515141	18.1488117402377	345.070236726203	197.275016950319	21.6954805274872	20.0824113515849	7.14698222855133	27.7567933856403	35.6720525388364	40.3761897986727	21.8301329792015	50.6095665799377	59.8300698672858	41.4534648610715	17.6076692996063	45.5185200729409	35.5357456187627	48.6412783083719	22.3148146947338	39.0444228393982	33.1748241558407	50.4929527568751	65.5911701218738	44.5009124621114	47.3384372935151	3.47062649633506	76.5832411180178	52.0586478640029	108.184210133922	182.523173943081	62.0462043131284	40.7248195003019	310.17696731312	440.536574188336
796.596	2.65633618396696	9.47362545672292	-24.6265034099466	0.503672629773684	-2.6058126276493	0.400507251026137	-5.11711171452848	-5.78357991629708	-2.08000676008048	-15.6797366070292	-8.14837058906164	-19.3213626661639	-15.918749716626	7.99362246609421	-14.6329825545428	-2.26846476883261	13.4525490701971	-18.1964650919684	-3.32195765061072	11.718884081508	154.834151675645	333.611766097833	62.2916403839323	-15.2599014442268	-12.9729605496033	18.9290926868112	-16.2940838036024	-0.956264976648241	13.3911742404875	-9.46285676819785	32.8073929557956	46.4135834104366	-14.7084284238609	10.6648948333991	15.6241265398202	1.59702429125347	14.6396064937273	22.731444391377	17.0457443126973	24.3318356070652	-1.44889249516667	11.0049541169227	-6.97411825238957	16.0740905333199	20.0340748635191	48.2262749172068	20.5279784758528	108.124745991215	103.590117775981	-115.255521110759	-112.602615073669	530.375091422562	-1346.28489308851
801.355	5.73273985860243	1.02226951899063	-18.0238978020034	0.869596003041644	1.49965414816992	9.33497878436088	2.85830026824116	8.39682248691062	7.95183917889965	15.9419450086124	1.00487471945162	-13.8993885070445	14.9912105335184	17.8602106138783	4.34224925725156	10.1829724834371	-4.5622431373173	18.7625633380329	-1.91179807708478	36.4189941620215	232.411208808804	158.278575026009	1.4027890589874	9.99345358138052	-8.61459635507002	12.56972086218	9.51520287766706	4.54025376615778	-13.2114290197862	24.0981370763583	50.1688970767302	33.5913289251113	21.2984063726509	11.298917781723	27.4103001464052	12.407755280971	15.0680459869114	31.5001381608097	-8.17490383356294	9.9188308033346	2.50152787377012	16.9644348829472	24.8343299981766	32.0883465518351	28.4850896192047	34.2848315276719	95.9881191971351	163.34368042361	52.7376463654246	9.62854107510199	-143.249163608238	77.9317514186629	-242.122373736249
806.114	8.59910978790364	-3.06680855697189	2.77290735415437	10.0003540349789	5.99861659267968	-13.4838582440768	-3.37799122610319	0.907764593179526	-0.513021882509655	-1.80474849154102	-17.752786710312	0	-5.82991520747937	-9.3360191845273	-9.07924844698054	5.09148624171855	-2.48849625671853	6.10874155191769	19.1179807708478	74.8612657774887	245.877094297727	48.7011000080026	-2.337981764979	6.35947046087852	-3.44583854202801	4.60889764946599	15.3070654988557	4.54025376615778	10.7342860785763	16.7461630530626	14.5651636674378	19.0215958973522	15.9738047794882	13.8097883998836	19.1437016895529	7.35274387020502	13.1237819886002	17.5574540568447	14.1698333115091	-11.0857520743151	-8.1299655897529	18.321589673583	37.6277727245101	8.67252609509057	11.1905709218304	2.44891653769085	45.7789491555567	86.1593039597063	41.2729406338105	-9.62854107510199	-107.436872706178	175.346440691991	242.122373736249
810.875	-20.0645895051085	-8.17815615192503	-4.15936103123155	-10.4351520364997	-16.4961956298691	-14.8668180639821	-14.2915013412058	-3.17717607612834	-7.69532823764482	-14.1371965170713	-0.669916479634416	1.98562692957779	-2.49853508891973	-4.87096653105772	-23.6849959486449	-1.95826393912252	-3.73274438507779	-4.36338682279835	8.60309134688151	187.153164443722	133.162645390452	14.0483942330777	-3.2731744709706	10.901949361506	-20.675031252168	-20.111553379488	4.13704472942046	14.0335116408513	0.41285715686832	14.7039480465915	19.0156303435993	-1.61885922530657	-5.32460159316272	-2.92934905452077	9.57185084477643	11.4886622971953	-5.83279199493344	-24.7869939626043	1.63498076671259	-2.33384254196108	-2.50152787377012	15.6072800923114	-2.2576663634706	4.33626304754529	-20.3464925851462	-2.44891653769085	54.6393909276	55.644550473977	-71.0811755360071	-118.752006592924	-143.249163608238	-29.2244067819986	290.546848483498
815.635	21.7844114626892	21.4676598988032	11.5537806423099	-5.65237401977069	4.49896244450976	7.26053905450291	-1.03938191572406	1.81552918635905	2.56510941254827	-0.902374245770511	4.3544571176237	12.3108869633823	-1.24926754445986	20.7016077569953	15.0004974341418	15.6661115129801	2.90324563283828	8.29043496331686	68.8247307750521	221.548881152298	48.3774404602018	-5.61935769323107	12.6251015308866	29.5261128540788	11.198975261591	-0.418990695405999	-0.413704472942046	26.8287722545687	25.1842865689675	40.4358571281267	6.87799395406785	4.85657767591971	2.86709316554916	9.20652559992243	10.8771032327005	31.2491614483713	12.1516499894447	12.3934969813022	3.26996153342518	2.33384254196108	34.3960082643392	18.321589673583	15.8036645442942	-6.93802087607246	31.5370635069766	-6.12229134422713	168.348393668822	98.7242024538301	38.9799994874877	138.009088743128	51.1604155743707	428.624632802646	-774.791595955996
820.397	-4.0129179010217	8.17815615192503	13.4023855450794	13.0439400456247	12.3721467224018	-4.49461941469228	-4.41737314182725	-3.6310583727181	6.92579541388034	0.601582830513674	7.36908127597857	-4.7655046309867	1.24926754445986	14.206985715585	7.8949986495483	22.7158616938212	17.0047244209099	31.8527238064279	166.326432706376	159.838918822206	23.939351980306	7.02419711653884	20.1066431788194	14.0816845919453	6.89167708405601	19.692562684082	8.68779393178297	18.5737654070091	39.6342870593587	28.1825670893004	25.8936242976672	22.2593143479653	17.2025589932949	10.4619609090028	21.754206465401	10.1100228215319	27.7057619759338	6.71314419820534	-1.08998717780839	32.6737955874552	10.631493463523	24.428786231444	36.1226618155296	25.1503256757627	2.03464925851462	59.9984551734258	159.487951896778	86.1593039597063	105.475292730849	86.6568696759179	173.94541295286	253.278192110654	605.305934340622
825.159	-26.9438773354314	-15.8451775443547	4.62151225692395	-1.73919200608329	3.37422183338232	4.84035936966861	-0.259845478931015	1.58858803806417	7.69532823764482	-0.601582830513674	16.7479119908604	-2.38275231549335	-7.91202778157914	-6.08870816382215	-0.394749932477415	-16.8410698764537	-0.414749376119754	61.9600928837366	172.06182693763	95.5998596753065	4.48862849630738	0	-2.337981764979	-3.17973523043926	1.722919271014	5.02788834487199	-5.3781581482466	18.9865157493871	34.6800011769389	11.0279610349436	-2.83211515755735	6.07072209489964	-1.63833895174238	16.3206590180443	11.7472714913165	10.1100228215319	18.9565739835337	28.4017639154841	1.08998717780839	15.7534371582373	10.631493463523	23.7502088361261	5.26788818143141	12.1415365331268	36.6236866532631	123.670285153388	150.627510124735	17.9498549916055	132.990586486723	138.009088743128	163.713329837986	-116.897627127994	968.489494944995
