Wavelength	500	495	490	485	480	475	470	465	460	455	450	445	440	435	430	425	420	415	410	405	400	395	390	385	380	375	370	365	360	355	350	345	340	335	330	325	320	315	310	305	300	295	290	285	280	275	270	265	260	255	250	245	240
248.336	16.1584688442813	-4.12374710330487	18.1011053550623	-9.62964493416501	5.64638487724206	-7.30559669529758	12.0335095389549	0.68145005470313	13.605780881728	6.02068298239973	-3.35714497782689	-7.16487072213707	6.69918550666242	-1.2227312658039	15.4655563222113	11.7891546880411	8.31295255175037	15.2856736417762	10.0679078145724	12.691036123145	2.00553314980753	10.3461938960815	17.84053537893	14.1456579665215	12.1187531475737	-4.62762694611109	15.80784443333	16.6305352198397	7.49206278769051	21.0183048913431	11.4175254683053	21.615508419149	23.9418221811543	14.3378915302357	10.9540597867838	41.159737792457	37.1624437589427	56.1279861540857	59.2824338677271	57.5864617806101	78.0261633388255	132.422886008928	344.46212469075	645.601314071161	930.431628479003	916.500220333508	911.295613276303	955.573235078729	1005.96477358791	2289.0872887006	46915.2321920597	166815.657611483	63124.6051077458
252.814	33.8678696881508	18.5213618851526	47.8066780166472	30.4064146034005	15.3287860284804	8.7499449273302	9.39951306362373	10.6102840157896	18.4479655711345	19.8302450128074	18.4959888306726	11.9186066908153	15.5458094943228	11.7157644287651	16.6233523549887	-8.47195309808446	12.9433972416774	25.6308048978785	13.7810022464635	18.8481353415656	19.2162861900617	10.7019066770151	28.677684909817	5.46526324292217	26.9558404853137	26.2010457785027	16.4419234838336	28.3838116899452	18.4450676970846	6.91043161194137	32.7218904697042	27.3544028585855	30.6528262190536	33.8400349084478	36.2104410989166	73.6688448357438	35.1391740597124	75.3165990833525	88.0961024106396	105.568707651429	167.309718316105	389.150773128669	719.03973868868	1083.58021963606	1086.18532258103	1121.33444263468	1228.78727612286	1263.71236633732	2351.665078509	42300.8414812156	178722.961440656	83445.5092993426	4649.94209165996
257.296	-25.9866030834788	-13.438427726054	2.20000781256547	9.33649439786064	14.2742382003521	-4.5347445383801	-4.33996526056595	-1.34588056865614	-2.73787650519817	0	16.7087180121272	11.7923294785197	13.8926084367636	5.312833314705	-6.57889141215191	-7.45083827335963	-14.7764566270258	-3.62274963360269	-8.5218706373493	14.4375019514766	20.2009834693133	6.1301959966902	15.0214478094158	5.94809487142074	2.56444656903076	-1.99411127954424	16.7606831610796	4.92685723133839	19.7293436361909	35.1628242982604	-1.44963596456516	13.5322919685395	17.6098416502204	21.4881274734247	50.8844303088672	30.6898214969688	50.9914177891231	58.5063564340661	70.9010244873036	127.429257375525	286.334404886309	626.883391390871	924.937712511106	1097.94591022929	1102.57516945553	1105.06875080039	1221.06193993718	2063.1408071034	30871.1234061019	154915.905717612	87850.3111440464	4545.92842252147	4543.87765060791
261.781	-18.7362832632423	-8.05791894366096	-18.9756609422031	-3.68436916389974	2.71586372748991	1.67330032559743	-6.92045519619961	-8.19429389733799	-6.79121983936315	5.42980870131166	-6.45903421139678	-12.4447652043929	-14.6008293411404	6.37133764213726	-17.6433142519434	-25.9897203551675	-2.49903774655004	-34.6607519016776	-14.4124379284555	-6.71471002464567	5.42612592928127	-15.834103132591	2.25819677769798	-3.29223035635039	-7.80672125002908	-13.1527483133016	-1.50067904088192	-13.9985087130905	2.00201072717209	12.8848202740211	-2.451666922352	-1.47125633471645	-12.4092839331829	19.7764568536196	40.0429621089555	42.2643010009146	54.6828481725753	67.4927254371799	99.0081702957848	228.937447077038	510.739969040839	844.606071507498	1074.21099267684	1060.62374837656	1105.28537657432	1176.23596084534	1881.8633279417	23414.2077560003	138274.822355415	92120.4323880092	5597.73552711804	2364.70629922097	19740.1741967021
266.271	-38.8186347501607	-18.282493523153	-30.6527640886958	-25.1605914007911	-20.2566343663097	-8.08398303474083	-12.4776981622647	-3.05591207850975	-17.268144977912	-8.83613617105892	-14.3705547884875	-17.5256344210753	-16.3865449443466	-19.4406044351475	-23.2797102790116	-8.17044529843313	2.03339003635599	-23.5019884709542	3.5180870385545	-11.7963069949115	-19.6225401216399	-12.6536555162158	-8.03873506905038	-21.7651397452963	-24.349673005916	-5.65970421797576	-25.9474465887283	-23.3904975792231	-7.12676326530734	-2.52018782814136	3.49098024777675	-0.997596633633643	5.55337865087654	14.4410841493211	8.57413811112069	45.814505727357	44.2545354537692	63.5610552149359	198.043083603506	495.163855180916	808.059350883137	1049.37808494209	1073.12153249952	1120.35944272497	1178.00083731321	1707.75505937686	17213.4120288578	120569.863560532	95191.7954363563	7004.93476118984	2123.27418203857	12985.2289921831	29310.1673103458
270.764	11.2993640303234	-24.6013243847335	38.0545977603294	27.8536927614343	8.29169975670605	8.08875802205158	4.16168946557719	-11.6749199205741	0.628303447202702	14.7355923910357	14.7898728838357	0.487110731477711	18.4457520309615	12.9680583117298	-4.85280436793857	-3.36628820567296	10.6816032967557	13.8957416305419	6.45363597300963	1.86367496057102	14.7255979638847	2.87752947360708	16.0869666592548	7.81774208817845	19.5971752294598	7.72233715937006	18.8357372995936	28.4922079891093	26.9958257859701	23.1994231932477	37.9244589767095	33.4392272022754	72.7417162408043	52.1218222968674	65.416419974502	69.0453232875662	81.3807007268089	175.532133209474	460.134381782327	814.734437513856	1050.32760932127	1095.94055374911	1172.88553177127	1174.40317065714	1696.02047213962	12593.8306058144	103809.786464408	96172.681303267	8789.56229390122	1855.69032770112	7883.94293258581	26661.5236096756	10235.2905280961
275.26	-37.3294727467914	-43.8405816420315	-17.7912470194129	-5.76761417545585	-32.4659142610944	-10.4181913416311	-6.26729868585909	-14.6934052917521	-13.5305733986382	-16.2272228505603	-14.0751834225315	-30.9931081988518	-11.0341942283522	-26.852725628693	-6.65035605549727	-26.361211204041	-41.3256145406004	-10.9863076257249	-41.349318318946	-25.5400818161912	-12.0120123880554	-23.0971136468857	-32.0564233009782	-10.3855854222357	-24.8861129222128	-4.03154549678597	-32.8888671399427	-6.97252681013597	-6.48168882919423	-1.97471045272313	11.2346026282545	11.7251052364455	31.6464575951231	15.1545676370086	20.4698955904788	47.6427658675612	74.975015549312	352.361181943	715.396955416893	977.715471805469	1016.07176164897	1079.32235443111	1042.90282031845	1420.26068365709	8842.84926480239	85522.5617211762	95576.4300747008	10429.9285548816	1799.25697329112	4616.39355032507	21330.0365575267	13286.9430512816	-229.661825648486
279.76	18.1467015975879	37.8211165361509	17.2974557074617	0	6.5760065577093	5.67226084426631	9.44469479986286	3.70367245371293	-0.597956179350763	5.60954332868473	-3.12789267743345	13.4439104594229	13.1661120022395	8.06957094081356	25.8631087935082	8.69574452948745	13.5542376858506	20.8541337713076	7.81699314404265	30.7434197730844	13.4304155192228	26.8377295543175	7.65498037909678	36.6692738266188	24.699476448921	11.2689967045673	24.7087623635096	30.5055278537346	42.1735262980612	34.0782763192147	48.4401957209496	43.2237793503673	55.2864631310404	63.8471455158292	77.5658303480399	137.34553107763	353.080816279322	654.899600157993	969.794262858115	1008.75003568651	1055.29242138258	1070.03538189024	1377.21856600529	7107.42301974972	69748.5232783761	90462.6306836183	12838.2954723874	2057.17686630795	3119.75337566745	16355.7390915895	17791.6407245395	2515.94004460858	2316.60908843777
284.264	-24.946543674374	-22.2828247973983	-39.0982827893966	-46.090858827387	-38.8030416026773	-9.64006604595296	-22.0369592825467	-9.3157559408856	-14.7963483909016	-16.6835847127748	-30.1410736047338	-21.6189967222299	-45.4811774050585	-26.2024172648549	-23.7354954637812	-27.4413556840852	-61.7353203984403	-48.8924178124547	-35.0725605119048	-60.2066483828213	-16.6722690582966	-21.3720111030329	-37.4679890730933	-22.7602786576003	-20.1489676844103	-18.6521650360649	-17.9827979955988	-28.1112185813043	3.69081682983686	-2.28402639211178	2.71186964645868	11.3014247115737	22.8771970925002	15.4249553440557	52.4520487076214	239.388385313309	523.565957956453	843.335502475059	909.592906284661	914.460665751916	941.577209263497	1020.65007168557	4708.4064953439	58633.4359484322	71361.0152505581	14451.8135307917	2068.05712358125	2387.15499369169	11459.7417242334	18902.8082118601	3689.67357287682	268.440028015192	-1460.99656623124
288.772	7.86140143775975	9.72274709706303	0	9.63210782590752	2.76116084674372	9.11361871162965	7.12725456006431	0.23802754846879	11.2982541790548	10.0943925713777	17.2377518442436	1.25132913359957	0	-6.40642091727987	4.98650930299912	16.8833924586867	20.9064835492694	9.15294772258474	14.0667061292199	4.78755778311005	-10.5078604600643	13.3056514972414	11.3153129569782	16.2575397210371	8.61723539235481	2.2041954831374	21.7958348586728	24.397690048279	38.3818605364141	36.7080136814684	33.3290556167865	69.6613100459904	48.8789759453353	70.261585458353	208.910824269971	494.79212916813	788.576335582536	908.377144934402	928.368183311777	907.008828403323	991.041852842344	3048.52114516046	45674.1980280416	57639.2668505797	16155.3984148317	2176.70860824041	2427.90616495527	7819.11925472386	18256.4024843687	6524.74691056797	1271.84380989925	883.155880479939	904.065407635546
293.283	12.1727643908185	-10.8729922574103	-2.79717402744316	-6.59487547875019	-3.02480201263479	9.08526279843079	2.62761796474938	-9.8109029380036	-5.93066217713927	-9.37357386110464	0	-3.59837242962185	-16.8224699111571	-9.82536633826221	-10.7545551650842	0.789440048874856	-22.1273254304957	8.77352830958129	-8.6680256591369	-8.66829615124229	-23.6698474559465	-16.0607046972474	-1.414729106267	-11.0001966304287	3.04316636676281	-0.42256488417255	9.19262375161804	-4.59374271499658	15.8869397094353	23.5955505304291	24.5749676958386	17.2054732760408	49.7551684539429	158.842015383997	401.381807333446	704.221924206396	878.184838026095	885.8604131294	857.354459018023	879.444294582767	2062.98687530808	34449.4201891786	47848.380980715	16527.3080494322	1888.67610473152	2110.01797711243	5071.81489590969	16818.7388069704	9592.22721976042	1523.1455559416	1095.66638549389	836.815784535644	433.29447998659
297.797	2.80582000110104	3.50871186161604	36.1058941522017	13.1946208620619	17.9358898185337	-1.6914300090505	8.14014388895659	-3.53411263911735	4.99258223508104	-2.9272741189953	7.18191740016167	1.1611938762967	0.407145510096783	9.11559931929762	7.71220498170443	1.91064078632597	4.04178245695899	8.06896381786298	1.86477979731709	27.6434807801918	-7.80076984804633	-4.57304590474989	-4.10879453489401	8.43068161674625	-1.26260873963573	11.4543728579044	29.5297347109921	19.8102494213951	38.0455954301044	25.6480950245145	50.3576328562895	55.9186047555967	122.426849958627	342.815365526741	613.117229711492	814.870160275856	818.312474232942	807.06450892844	828.93667412701	1523.92980837615	25476.2320374816	41754.9455454751	19081.5084998853	1539.7738646887	1707.99066969649	3362.12987925608	13638.3013711518	12479.1546941906	2472.4385522971	1487.07883036727	1384.40580406354	1149.24103332499	1677.88823408632
302.315	-14.3232493424174	10.8255693815299	5.75983273684226	-11.69961727357	6.46811532014844	-4.98142605686312	-8.49062035264479	4.55363379135246	6.12651698656101	-11.2074394696172	3.84571745198634	4.17979102603743	8.79327656198802	-8.17062141426259	7.57106484772576	9.75350677363491	3.57103285495747	2.91837172546923	13.2722319805287	9.69199313204524	-6.70075778673141	4.48935514274108	-5.3781333083445	6.09839464201778	7.85017863190145	22.0878973868712	10.3249613624782	29.7668945419148	43.7066599258295	44.8495813347875	38.9260188078296	108.622506278857	300.268800555715	573.650357104491	738.254050546939	795.542544177104	797.268433890494	777.907204244998	1237.67948881253	20062.2011112711	37771.4830796578	23093.6891922233	1284.23214890444	1295.05767427163	2073.44247961998	9534.41232919747	14217.4182004365	3869.93885503965	1678.32972164694	1401.4694207034	1148.85410311184	1470.3706307807	1898.83411817174
306.837	-5.49366299610139	-6.86989204958908	-3.53468174307809	4.58353043040935	1.0750293321749	-8.61052411191076	5.97675642701865	0.648714897359141	3.17695304312317	-19.4869790301021	-0.639175224854736	-6.44176111672205	6.37737337953198	-1.16399431201065	-10.5700930839465	-0.748188877587451	-15.4315572242979	-18.7089275398579	-10.49705837245	0.966511237522021	0.47729808752988	-4.02921351884388	-10.2794993418379	-0.868782962249826	1.64808550531136	4.80581161567672	15.44448760104	34.4338297800609	22.1889509886355	38.8402974098152	77.6361148778932	250.808322849558	504.561456582822	728.622945043886	764.153150960898	772.203956470198	767.127798604505	1076.55057285785	14908.6769539223	35083.2191722334	27977.0413302201	1389.92684798054	979.420921431853	1318.04261874198	5879.57220747527	13842.155628923	5400.73258452226	1860.68840179132	1462.8181950042	1333.22009389837	1326.04948618963	1198.8555487113	1049.44715849687
311.362	0.548672083893401	-16.1728540239788	6.61915328369331	-17.8947954743371	-7.87358626092729	-3.30755510852939	-8.20765522627852	-3.23947569080341	-4.14922718345747	0	-9.89469656960359	12.8672417596914	-1.99041078352302	11.2377263116072	-9.42565715429079	-9.71416441405343	-14.621694992913	-3.73705713946746	-9.57215936735536	-14.4793483466475	-15.7309330856362	-6.70686989538183	-9.8201395066604	13.4491192118047	4.11500718771522	10.399433791858	39.5512074909788	21.7410049414809	44.3218231150432	69.7458231246345	216.718734401888	430.023135837512	686.419649384453	712.466570203058	730.693724689866	725.499683407325	928.874085679799	11039.969676169	32751.2752227538	30911.3399275361	1721.78946910533	819.663053288683	883.172082566352	3404.99546375214	11693.6796413709	7078.86583557681	1925.3844331053	1708.63773393416	1344.70632786771	1297.86433969132	1153.95805546366	1234.18184435919	1526.61103254257
315.89	-7.12553706451943	14.68775327096	10.5799546983456	-10.8091867075382	-5.72046428845066	-0.991264905155952	-2.98158914234796	-1.2944822617844	-4.14503881318466	-8.57766530806748	2.55089252340214	-18.903313427361	-4.77216382931882	4.64539968435947	-11.2993710925467	0	-15.0017173961266	8.71099793101844	5.91964094174596	28.4473070585269	-6.19077874986496	5.80675312016758	-2.22959698310487	24.270658712658	13.9769014248964	20.3782980320083	30.0285752048365	41.8585497560203	57.3230094579744	182.800117010212	390.39708577816	663.170841989082	724.54147610541	708.943650396127	737.863302275143	866.646036851784	7654.31462060395	30994.5390310424	32736.4624364793	2125.87326247111	762.607933657849	724.828396898	1794.04241571721	9003.15016588089	8394.88983019501	2140.49582259942	1605.22456205515	1507.51528802787	1301.71169310491	1207.87481474582	1118.74446653446	1067.31774818704	1547.83225882681
320.422	-12.0779033308008	-1.47112638866978	-1.76614833012394	-12.9085060206039	-5.37151969501377	-3.30950539367699	-2.98636175769087	-8.85978794414935	-2.19794493006938	-3.72293806538636	-3.83246358712022	1.89335718698854	-2.78821818853491	3.87736296100242	-3.01798878434483	3.73842012610069	-4.74496754928113	-14.5415693055728	3.64868706610286	-7.72687254930753	-4.29278420735748	16.105978971271	16.5254275728993	4.34098368551129	3.70569022504856	10.8057798398473	22.9532266369699	53.0002267888857	126.70844937361	335.604650919158	604.377246356996	687.899534623199	686.824393675414	701.252619194012	775.725675063058	5476.13286809907	29186.0771186544	31019.9260203792	2834.97221138607	716.653191998574	672.839645313635	955.86337905673	6193.05194802075	8958.63400385555	2464.56014785272	1368.26117853238	1374.06186444286	1236.17852088654	1174.29377971155	1169.99177994277	1261.82011290689	1428.44017910071	638.362886185077
324.958	8.49743351631723	1.51802049007808	5.92295160120545	20.6244878568093	1.1085487994355	3.0735002338932	11.2990386397401	4.68259301755015	10.5840342290275	-1.77305152863958	11.5343329445649	6.64261554402936	14.7964954365862	-7.60182217411511	1.55709558632955	-1.9287936086418	11.8325308745931	9.43177782184441	21.1780901092043	17.9396478949186	32.9760777744134	20.3125735697815	19.8174186655812	25.0844064124852	27.6164344971744	47.0787420450088	51.8617443622477	145.703100528618	318.696906838095	597.129065907502	720.111030636393	708.626181742426	711.554322753417	767.485971077272	3730.42907300824	28472.7317167198	30104.901868932	3919.59216040653	676.778029909597	621.247087257975	693.051913192301	3830.7503800513	9007.88582934922	3283.51600055753	1232.87625165558	1260.51736200367	1315.54197429413	1321.77438839317	1293.26264805531	1197.80550691494	1432.74924865403	1645.14472892783	1435.05015895735
329.496	6.91625200215603	-0.514812905648493	-2.31770353138935	19.6719538113681	1.87973493184267	8.33863625037365	7.31543061116029	1.13430584345611	-4.61495528033131	4.81042154721639	4.02345113976528	8.34838631260766	1.67266666445145	15.0611757318403	-1.98024230011265	9.02685853715895	-4.15119079853843	31.8410065219587	23.9407267039904	-8.61893056510065	23.0343029427627	11.7420879792815	14.0667228283319	36.4585032267392	32.8519300320113	55.0407497093702	113.422467938877	289.833810526516	539.989659438416	721.534026566981	709.837164737316	703.443647479645	720.63943614728	2721.57756476835	27436.9716704331	28959.0072302221	5315.28547640223	691.364886613248	586.040141115461	590.97781688918	2142.36249911048	8078.43170977844	4468.53279189059	1119.65236727226	1143.92633283497	1230.71257249428	1290.84760041357	1140.53023494809	1106.07585035248	1176.85031369981	1652.04129271861	1857.60034256074	1890.85133273688
334.038	-8.70077972335464	-3.6268101076409	-8.39726260798416	-7.9192643315999	-19.6746630494852	1.04901668107327	-7.09942180224795	-7.99108152314205	0.258031272266975	-1.2103207993509	-6.41133453584817	4.40101936640481	-15.9922790364272	-19.2545051519982	11.5590908915769	-12.6396815044963	-6.26673465046215	-13.1692952407185	-4.81886407617351	3.57174012351786	5.03958290964581	-10.8720266746417	22.1792514823362	30.2712347154675	13.9211344242936	97.6792636139867	224.118954217796	471.807584230445	672.309922392507	692.195389570439	654.961049913412	684.590388569321	1935.97026550553	26512.1251929005	27546.9338851121	6693.75520344651	630.582726451865	565.207227122821	536.282068499561	1191.90110551406	6200.78410839774	5871.62541627807	1169.57664610717	891.82240698809	1015.45919252694	1099.74531537533	1124.01610907296	1122.38010360989	1050.55604651486	993.47254424122	1199.36576716351	1197.65992291424	1108.06560988076
338.584	-35.3006610702184	-38.7680654016454	-21.8750561571985	-10.0954634037599	-22.2711201037698	-26.8619757904526	-13.3787482167111	-7.06131034869644	-13.6437672462972	-13.282483054613	-10.7728572347794	-36.7226920289837	-16.7947228805182	-45.7760816358563	-28.6315108549814	-14.1864829950545	-17.9227476962026	-23.6494545116943	-49.0377953574238	-10.6902336121924	-18.6029752045658	-6.1307289299026	-8.47437388786738	1.83034214570292	54.252624273848	180.137595190586	405.476931447058	605.790807444838	630.672939756053	668.677728295942	636.668553811224	1371.3047123969	21460.8498348473	26387.2925982614	8579.4453626874	607.989548973478	514.861954853951	500.829523142298	693.559372006909	4246.18984297931	6693.64858102021	1713.98285274139	718.937087505799	848.623882493899	934.055761768736	1062.54603089174	964.608767796364	925.573815879487	881.519835534078	939.499539483262	739.510438432477	903.436105213852	0
343.133	5.20351638433729	-1.03286669854333	-1.85999905472676	6.13942745450842	2.26278198376932	-1.04561040522916	0.262087747276365	3.4136286760132	-0.514386831067031	4.22236762774949	3.02708662449297	2.39276114106113	-0.838965805110889	6.94178130046679	0.397295076403877	6.29931951432942	13.742048878941	13.1265330491616	24.9767267325432	28.9897299881575	9.04179386481153	15.5483430931601	27.2812661856204	73.6036884128559	169.112908158774	380.597253067741	585.151614409095	613.565914088327	617.167235157848	647.419555018352	1064.22615552441	16940.2826041642	25862.9758348443	10310.4977749755	627.745168513661	520.32487925216	553.58123373947	548.272317821679	2581.41362712859	6581.85584824777	2708.28948224217	713.960295159123	751.650545433485	877.563682370772	1015.23836152808	1044.26978426088	1021.90534833119	1104.23012242397	1040.21003858642	1125.7201063394	995.370946010544	951.134606450533	1248.52858619965
347.685	24.3831079660717	13.4825792548528	19.6104417554231	13.6504473577535	8.33104532075979	-6.64947866627742	0	-7.76943236657318	-3.09903475173802	0	-3.3772848669829	6.80741727471322	3.36968733584564	-0.820044378514234	12.7658140953673	10.2785619290669	19.2344926383362	5.27224255265956	14.4690090320837	26.0450289866425	10.5922139822734	22.7089349964538	59.5103396484284	164.798595108861	343.97319200686	556.530546159515	626.481793803057	616.511690069707	634.364883129774	906.721454536586	13209.7439864365	25672.4442545631	12544.367753382	639.74266097138	471.205554187006	543.404252809321	536.677046050243	1522.97855038192	5767.22281508346	3805.18193560341	860.904688844531	681.880333042862	787.495744429608	870.646694533891	1030.74742083494	1018.78962705753	1095.02196797939	983.153685746904	979.504266845093	1013.75891863005	1324.04183562393	984.289009761127	626.835882304246
352.24	12.3596110869161	-9.4627611518433	-16.0939535232946	-12.945801027846	-14.5883492550474	1.77398416797598	-4.26872123197156	6.02323018608426	2.09450270953245	-8.28939558215254	4.10860773388379	-21.5156791784408	12.3834985001891	7.48213611316143	-0.40443085036103	-15.2295946654391	10.1737224251898	8.46278828462751	-1.46684602060138	-4.65953864169765	-1.53403209130868	32.1348348084187	132.152902221538	322.506171946576	507.18134752763	544.894863138135	591.418856368917	621.193919974119	795.927503223311	10771.3122805656	26062.1391449477	14830.417008675	700.528592506414	443.843033285553	531.771914479353	515.520679771962	919.591452854177	4401.88485645247	4854.16788779785	1070.33348162474	653.937267199095	712.860600308905	825.374640783644	899.553873989754	951.003894654669	954.836192912769	1022.03615268147	950.562375042164	978.887879369321	932.512001083627	1013.24869606609	1146.05376078701	1222.07045508477
356.799	5.95111825773132	-3.18940516690121	18.6664401735633	10.3817803418324	4.65818648930077	-2.152504438186	5.93490213968553	2.3424438135818	-6.08880191403406	-6.20872131786829	7.61639017272106	9.03056537579234	-3.45420743702659	12.6091968273588	11.8591986640567	6.48392228325905	7.28669571082814	23.4194282794142	21.2590962288484	38.7387138621461	26.8862110735484	136.761371445049	265.798813184921	510.090397346433	542.291244190083	537.084609238622	608.734419652031	721.155023374084	8153.99296745979	26667.5922424711	17320.9895541612	866.389563983357	469.527600124479	489.667376425118	498.839204817816	667.677951704192	2943.31519543722	5339.52029580293	1729.86426199988	673.232053756608	687.180669253624	714.469621068195	834.572732536464	871.791980309343	951.046560858504	1029.07893440759	984.288233995804	987.284077726227	982.658787077511	1039.18650221155	1151.28775909829	1178.80529680918	2372.52361172736
361.361	-8.38959072390255	5.35269628252104	-7.2294009767449	7.72693181443901	9.77214253120254	0.722498516272399	1.62988247662822	-1.6511304294918	-3.99861349336761	-11.2535314895799	-5.5777705447116	-2.06669516385507	-8.69566063561287	-2.1161689234032	-16.8832231967078	1.63226988508376	16.4013451457773	3.17457172531625	-0.497840817210589	24.2485329432141	123.392500425745	249.05695481155	471.921984026151	500.375391063155	529.438797728748	574.02603008811	652.715740974273	6307.64170815771	27121.4683649313	19054.2671908579	1142.4217643915	432.400206618889	486.085680184447	496.580879463943	562.372576103471	1829.2123746252	5040.56546801591	2571.51566916541	738.716563397263	653.5131876455	692.619951989468	739.292316165472	865.541635259916	902.324167822923	918.342935837375	919.68429319531	981.865833969167	939.65974923546	934.397044493185	1049.76712084557	1169.94173314233	1901.2360223283	2588.13429899415
365.926	-18.0325865095875	-30.0666234978145	-13.5360863516151	-17.780615722588	-7.84158420207471	-12.3199774081371	-3.81467116321122	-8.75405147216532	-9.62597433459734	-2.50842053385915	6.29415157709394	-9.95042638539729	-12.2110960811231	-11.0376776481735	9.08695163407082	-18.0097914478306	2.59759328037598	-5.45873963596897	2.49680448461114	83.5427475694777	226.126960774748	424.199761641108	485.588206744744	478.614140313273	523.391569987334	593.306240322005	5038.78726440466	27136.3863440872	21104.4514590833	1410.12457451396	373.333901194552	415.878887004836	480.690574746751	518.741348721747	1099.42724248862	4133.95456152137	3459.25793397549	934.310203770137	704.952641788314	709.981291316184	716.363294543461	736.572787417642	824.81463784952	894.17470512856	917.948526619077	891.657005750423	933.68191025398	893.517354087126	925.234054248859	959.076791932634	1237.52382158701	807.213185865785	99.847567908145
370.495	2.38481599990088	6.39051699427341	29.2498090793069	-5.87873193354322	-9.33347077734053	19.7675023762418	-1.08105347658289	3.05076559422834	4.24346180096012	2.48804632953514	1.38733965302892	16.0381094222028	8.65136685875781	0.421077925154637	24.9909914812708	8.1197773119896	24.4767004680649	13.0848047945966	69.3426896288789	177.266423868109	371.917838685168	494.119048945102	479.218905106968	523.75505740128	556.25381146141	3940.34349290761	26740.2088548643	22261.9599267851	1932.90856670352	394.267709429833	401.054706821619	483.709018957261	529.241266938774	765.474709325477	3115.31867227334	4137.64471283881	1302.85092718181	750.612146079151	789.961813231107	761.280258541937	832.761058782968	799.699979340692	882.25045416551	905.839926926963	987.688892311206	941.76145175687	933.79008913285	1026.49091609744	982.078518006698	1323.81877647934	1618.99357394409	1701.39557000686	1485.54860415296
375.067	8.91224915379737	30.2503760978137	10.0349143536982	2.70391310059075	11.2390888119917	13.6104937859209	11.8506190560218	12.3948858633352	8.72198688095543	-2.78940875890591	8.2953597421355	1.22945034931665	21.9849804509717	8.39254434678542	28.579384164935	13.351474718199	10.6984091007651	49.9106704409032	145.117955899285	350.698152605836	471.813035547858	467.723235353756	491.102201218323	532.756061901078	3227.54480171516	24527.3577619785	23172.469408578	2420.22601866879	340.682572748564	369.148111090425	463.906141539978	504.717007536393	643.016358675023	2179.96982018991	4419.14000726591	1942.18316127099	831.676829138361	782.805588077708	846.579932660885	823.391408937865	870.058524474825	860.194423675944	922.080229614647	936.851768071748	975.855366824851	984.236233008667	935.172180459095	989.414935516199	1152.10459503194	1329.20207933469	1439.41995904191	1595.79659386999	1406.40902848639
379.641	-26.900693252667	-17.8934268133487	-8.28583793741383	-2.6047274331514	1.49335359089573	-9.31587394239313	-0.778357599625358	-2.70344452689189	-0.254607412510362	0	-7.65810599522142	-7.89567547335502	-3.32212101745848	-2.82964037240416	-13.3722133619939	3.50773972700954	27.2077533586946	97.0259709254095	258.192252075358	358.979825336864	412.237812199154	425.379161809034	452.133781424578	2655.67548594133	22249.1250171827	23661.4353150326	2849.30585947393	301.842755274519	311.260269818864	390.758869309696	435.969551696765	523.011876384084	1337.52461205267	3953.66139248623	2677.37835190103	915.976007394392	813.778233957617	815.428008027691	823.147193195615	852.632899834178	858.113443869129	833.379497859562	891.259636999203	922.387334888562	903.512216293102	907.760133441443	912.682604615689	1023.12418447185	958.81263236133	980.289992244156	1264.71821791893	1614.12211180838	-190.150000606233
384.219	-2.27198442670454	-4.56612431216392	2.74091094115939	-4.73896458729201	-3.70495044727786	-16.4354205383757	-11.5864441795504	-2.45928378409035	-13.64408912692	-27.2588027375567	-3.96510349607146	-14.8875295052233	21.4293278858488	14.842760226175	5.07396511742617	19.7258066806352	67.092247290299	196.442713103838	327.006477312454	359.243688627636	379.982646983737	414.733509740965	2103.43804517845	20616.0621090972	24615.1892334548	3497.60962398763	303.805860299552	270.080578717111	340.024476474879	410.498154539312	497.666981611848	902.78061661755	3209.25706666623	3298.8868284682	1148.87427164264	825.701475195228	864.852280203263	864.461377002463	881.709681276286	877.370616426743	918.465617811581	915.043227969524	892.668238017516	936.829637363722	934.914171894229	922.700035287592	958.49265871305	1038.48874528331	1024.1793394684	1150.27733626785	1391.17977092979	1001.14307766162	259.464994593385
388.801	30.1986977937885	23.5410931906959	-0.441594689240491	-6.24686621364162	35.456655362566	16.8806796184908	10.9514217414201	6.26749688222107	14.4106299860686	5.72834429503532	12.4571317102195	21.208367158536	-3.5853196671779	12.021393388449	28.6746341015988	57.9530720223477	148.69504737615	279.234557246428	332.986133337468	378.183159959274	405.482515404396	1519.08146117551	18386.2667419886	24992.1328479904	3986.60751118666	301.000245190206	247.768871396631	324.372060858057	389.679316092719	438.381953640121	641.70114702579	2262.2546672694	3650.58070600498	1497.77892730708	850.866559890005	879.586873564701	889.532690859203	915.262093852996	928.575838858079	930.317080088045	946.528706773586	937.803533135848	929.907337026094	949.602967447678	960.242335733553	938.895158562433	1001.63761173189	1074.47916054909	1207.37540836386	1433.5800834521	1656.65950525291	1797.30436387084	2348.5698487463
393.385	-2.10155398018434	-5.63146860190016	12.6765224048637	0.796995691064959	5.8259469362937	6.01767022298651	4.76324428509228	-5.37680775156362	-4.44057887277345	5.48130722342409	3.97330435634778	-3.26149522894297	6.48021368872528	17.0689174855462	51.2657917246395	120.209578234148	229.317033332222	277.927869840673	279.779796298371	325.825126919383	1274.45249556379	15448.9495590926	24928.0113040568	4607.55522078818	282.131329039211	238.994898248063	281.39492136142	338.01508182328	389.168545629118	488.138646484513	1434.46336085588	3469.45133168786	2000.05741083441	870.354698441911	842.894033890057	852.180290487615	893.017533443032	929.256425321059	956.994480185647	924.970107134985	911.438000331927	897.981832404831	913.238773653704	936.450607161573	958.90225767643	936.587150311362	1007.24485069683	1110.5249890344	1151.10575923495	1339.51424852815	1398.71948905751	1666.87814879169	1767.28384312472
397.972	2.54285239610202	-26.3474751430121	5.72634484710464	-1.54296671649024	5.63945471444638	9.50401396665638	-8.52992420918234	3.60324883191577	4.07219982921475	4.77526242178919	-6.21295724133262	7.36654967412362	9.59366043550312	32.6858759747459	97.5021329893568	176.620276770661	201.463775674937	242.474493829647	300.399018760842	845.527718008916	13771.7066156598	25181.2638260588	5416.75579295149	262.191149859194	212.453591144814	239.871643177924	307.581344462476	358.705388063212	443.836737414316	954.10584784461	2889.92784713628	2536.04602481401	938.914800986746	806.073973498768	847.962033103617	885.627905732463	914.849468800964	924.242297748005	951.514921762021	922.289390229965	934.388416676133	904.126654142971	900.017600492286	936.459387665604	948.052245699538	984.874586213161	990.749319225857	1092.52051139805	1207.79075829278	1276.77461733011	1579.60319930413	1844.02323652198	2238.70950067346
402.562	-16.6246264144496	-4.36749926221967	-5.11228015382659	-1.48346870294287	-1.27576303358594	7.66373625793467	5.76286739740913	-6.15876393782073	-2.39260547288831	1.02024989699744	8.53340101408606	-4.38439839103083	29.444956529377	71.1390050590571	143.805505388939	181.796223802233	185.947366644099	223.503475566891	589.004674710727	10421.7653234308	23691.9769731483	6230.37802301662	298.343344254351	182.101351910912	223.697199271339	281.237651783285	329.910174316802	377.634639439359	622.097259030992	2153.43746107374	2856.57235846789	1132.39209928339	767.35554264299	806.791129999928	848.676405205434	876.947266642161	881.229376697311	908.418011433263	943.193989312029	910.623448281796	892.493012935945	914.952612713387	919.19377297243	915.872029821287	933.176206678265	948.987325837756	967.685036017159	967.587429340039	1120.16425385774	1216.62970391068	1566.42278835495	1772.91624611468	629.470528258513
407.156	-2.4244610507057	-16.8915567584857	-3.11984853050319	-11.4012461050048	-1.58143831421393	4.38460718292175	-2.19804970095315	4.00806821220429	5.17680585353983	-8.34704466979749	0.846241626945129	12.0404131025992	43.2723186055684	106.163319587411	137.611276952221	153.868727259623	195.227119822684	412.8308029911	8081.19426267214	22948.7230616297	6923.76940452717	322.046493180807	189.351415962419	208.958958342999	247.656683694623	310.004703229356	338.001450571173	494.666524792385	1507.6827273958	2925.39456384511	1504.80187072187	753.217335466582	773.458655254675	814.961782039068	867.019855016653	887.527310236117	889.922440697578	930.555301618057	946.417276902308	920.82306538418	905.688730114344	903.900372042729	880.378043600389	897.990635963245	873.810628964064	940.056767609137	985.909629318286	1049.25773264596	1165.12840213121	1206.50921986163	1458.72598204403	1115.13453337328	1792.15654908129
411.752	6.67660539044704	2.12989179266434	16.1092484168333	9.76645282403539	15.5537359681103	18.9743030803037	11.4576577060569	1.12628817801919	13.1529991353083	8.95578717455534	31.9046097030594	49.9994170365924	126.985339608822	148.873545451261	156.316498460478	182.8333031721	324.252101536883	6068.02345387924	20874.9474491455	8176.25466482466	386.163538301731	215.693180656261	204.465670410654	260.570355593895	306.882903818549	378.598627357877	431.781663640196	1023.87749746355	2665.04173476265	1989.29969922762	822.559336700138	767.428838760875	809.832909119901	849.970147941745	909.216503617479	959.654280303457	940.717336809557	949.576474421472	930.818755830719	944.008880005613	950.041581495874	934.693723309037	947.825113258775	949.519657383675	975.293631534502	1012.22837562997	1055.79753721212	1202.46266902199	1311.80783730592	1513.87674805495	1675.9137805798	1937.33413193857	2416.17414963961
416.352	3.75501772643123	6.70813586053152	0	8.54434283218093	11.6343639678852	3.11249680617475	-2.55326299887974	5.35785066362338	-2.92317939814091	16.8944744313154	34.4049136668223	112.019023650828	120.895519291794	134.259373607493	149.657591317228	254.421793578624	4356.01693564244	17980.8380923375	8668.79564067275	496.296679963734	207.163574789503	198.137884968107	245.15409114222	277.243831120798	335.484638608231	379.127465137146	708.509315495007	2109.79885019461	2362.32528835475	952.980911980108	721.693309886476	776.220795361472	817.873848770772	864.001251699345	893.447962832685	907.276635533681	929.456814218829	933.751368411079	925.95707154013	910.955257710891	918.677015784791	898.851604740697	907.62697249856	977.82634541215	967.401019208233	1040.40479959477	1127.55404999813	1143.74946497438	1323.0164114751	1565.93513198047	1666.13738380874	2040.7192421406	1988.21298622458
420.954	23.4542356147385	-6.16172383003218	19.2332539719001	13.9526441551276	-0.59995426929395	4.1584989040157	9.58961651496355	6.51664721173754	1.84119185911046	34.7850554819823	73.571858027174	101.18950474603	137.803740683137	150.383326565602	214.575260213839	3172.9667880073	15582.5482737795	8893.04256567514	541.757709318241	213.599350513646	174.206869493577	228.610777695155	277.237151552424	310.184022681687	363.882610088282	518.638680254808	1564.06906694823	2484.61167884923	1231.58044949342	732.716574209988	739.597013992264	791.72763312881	849.365035261234	896.268891583265	878.875276383907	898.514784920338	934.434329142905	916.528664999266	918.171149294311	921.101762676571	901.606820595443	874.15033658431	894.705617475834	917.731314597247	1016.35998434745	1031.16504305125	1094.07655669359	1202.8321807342	1362.45894786093	1593.28433736737	1799.77622325964	1984.01851980593	2234.48631452029
425.56	4.06059558926633	-8.06003796399936	-3.26578848793345	-9.58187894533651	0	-1.08793123366716	-0.81808705651011	0.177589723581734	18.2639222811141	55.5434462746546	86.0892641227362	92.7378819802269	121.118030633298	178.763018465879	2343.83907705661	13307.1401896041	8860.04368621075	637.820488292836	161.923073118746	141.290227629366	199.522873652692	236.782092912552	260.240914760928	326.071401426924	419.591467657793	1058.74576955161	2313.05446918344	1515.06195671603	709.398804246345	704.662807512833	739.617192477572	774.820163944415	813.592821907284	846.654942738504	881.413990597252	875.351413704843	881.566403546187	893.076060688771	894.344910529039	879.767984012067	864.361439548266	849.590088759578	912.682048193548	939.911490176194	983.507146501351	1011.63606444433	1105.95261055237	1198.44613740916	1296.97089237358	1512.76782957687	1693.62169992772	1878.28028833296	1555.12767915053
430.168	7.52434555310282	8.69765854963915	8.54337299733426	14.099850911388	9.81602764342074	9.07178925375795	8.02550007511338	23.1708547035649	47.8444441511837	81.5019700955639	94.2385985398094	123.337418899098	157.032128491892	1757.74342939841	11817.1925680999	8828.52342913406	748.834698079109	148.052738492881	146.345928568884	186.496300819952	215.729904771429	274.486017474103	299.2284942253	348.92674114249	754.530814123627	1925.94939597065	1819.25637990775	812.180983949379	697.52211495902	737.112361643758	760.59797569967	797.015277199814	814.287575902726	860.007715956469	867.698752671494	872.205374505079	880.575102881148	898.037626527198	865.571637407644	881.988215393848	896.20653841095	866.436927703	872.703458181366	950.83333868302	969.53876113289	1072.83874991978	1114.64176592869	1293.67028797463	1438.68086153836	1627.2557114571	1610.39524883168	1850.03799920514	2757.09543803033
434.779	12.8042271764876	30.7616650032501	-4.26122959217516	5.02333395617297	10.6559982872297	17.3006712799835	14.8108298869975	41.1883430450419	68.3502403327955	74.6232180901215	109.675890878141	141.308092295915	1349.92534627835	10814.70241134	9543.41541412099	896.565967898991	164.092301681142	140.005069234997	173.864724389866	215.945949474097	253.562200591777	292.883925289136	346.988124877437	551.260390282433	1566.95975712372	2015.54230677217	934.454817035302	682.317846470523	688.171795605332	745.082618756725	794.301817284118	829.70006085135	820.189785113418	863.064709929757	849.483422273436	855.917015785407	871.311328010925	861.64389491968	853.373539891339	879.829145832384	861.756955719592	878.938794678671	900.107318895211	954.513164706019	1051.74339596294	1063.60623646778	1198.4965730035	1307.11936234271	1489.88219323082	1731.65462512318	1786.68926798261	1689.86383207623	2365.29771987729
439.393	0	12.9279535300834	15.5205451516115	2.66128500038655	7.15209103037244	9.25376036737292	42.1486958896978	55.5881798145798	64.968919242558	75.4994017489081	105.374118413554	948.995555069481	9644.98959941391	10516.3092146595	1169.355254433	144.550826474794	115.616600979099	133.430894541637	174.529664964154	220.681997525114	262.16342234082	308.805822854046	426.745816245046	1164.54414666765	2016.7173286261	1171.79985801329	661.716693578074	662.926721127527	717.440285567017	748.894935482404	765.154001129206	805.891804771417	827.281177232336	835.207894763292	822.518845991891	839.677562889526	848.047383862301	849.591035128464	836.014467639293	825.296669778816	839.285063466274	835.738992226302	907.351535880115	944.183662074248	1036.18812937622	1104.34013593652	1256.15908110167	1264.03579300968	1504.51796406499	1634.49283622069	1728.0955944331	1700.70680955777	1238.52740971131
444.01	-11.7080851254009	-5.80996115729404	6.62634469160211	12.8272078964391	7.63700221044912	13.0703234849215	48.7490424000466	55.9843387638929	58.0622727840158	91.6116533414406	617.030288005148	7847.47538714142	10993.0267525819	1509.8597763237	136.174902604794	114.275284153216	129.614424554776	134.877123042471	185.887236319428	236.49866548896	281.429998749104	326.52003692253	815.980635800138	1823.089764285	1435.20443812649	667.003395461279	622.357962177793	657.624929925327	723.722694120606	748.486713096437	758.348957915176	807.514144752333	820.107137300824	824.188706018681	810.264189743581	798.916696267381	790.702065049123	786.10292633348	798.935693170176	811.558368136442	790.559885857782	810.91086988105	853.86793507315	949.251257590514	1015.25338562908	1105.76830377289	1217.35343709911	1293.27387532948	1444.17964175035	1666.832302373	1789.38533268284	1754.28698218895	2106.92316825245
448.63	9.36427173080562	17.1089636295539	18.4860192839239	24.8592184776105	48.0324207334617	64.6615472233923	65.7957749845119	67.3516100266541	92.9690188796238	464.500940293796	6542.02294018586	10748.1290535334	1915.94467090866	150.911603151711	119.335664513718	132.75046233789	161.56417749987	187.155167898464	230.556135553198	268.463581730944	310.270844109659	571.989084178905	1513.61089704215	1648.16510833894	776.376946833623	614.073849329857	640.661614508185	696.115405345529	734.343459890499	753.247963830577	777.169269932773	776.40217402184	802.267094522617	804.970191093414	794.37602750144	788.30029860794	796.340666974031	793.095248885736	788.679178429801	795.315673309218	806.635798889535	820.146726477259	873.883569768604	914.399366889481	1046.38851667638	1122.71124478782	1248.75567544513	1338.87533278438	1529.90734033272	1790.49557353877	1854.64858217242	2265.02020134331	2598.42024465729
453.253	-13.0438939578169	-10.5235788545271	-4.39933701965101	23.9360370494315	48.3053550305254	50.7305751489042	53.9789338188359	73.038989702934	321.568984490215	4914.43109075606	9976.9319191684	2393.50996510452	131.27253400929	120.653295353588	122.59427461743	120.341132353524	170.016690887904	191.060619126812	248.538073770964	275.750771467041	425.891694447336	1123.66735938925	1687.61974323173	910.957875197235	566.142473968738	577.282865117532	620.883746697292	672.071253787655	709.23638485106	713.665195445961	756.370281137998	757.394107853449	747.625645960418	768.994895473932	764.187035198948	739.814106155806	735.874506263014	763.165207440005	742.820077543274	741.21434317014	771.240224923957	810.74782971315	831.301268214459	891.834135834466	962.750347307812	1078.36636844067	1181.24543923451	1381.59301192954	1475.3642949333	1673.7310565374	1568.2802351231	1652.80993207525	1258.1105144067
457.878	-4.16718878458522	-2.60555999891829	19.1036497245852	45.1985635122688	47.568369918865	58.0295737131641	64.4154218966601	253.092749475375	3988.69036812208	9084.90338611703	2303.73132454995	141.704543258534	103.099700109412	100.949665563182	126.568085519329	151.247993622611	178.884440708723	205.30452846508	239.567020612674	318.550176292113	790.359342030369	1589.63558148995	1117.74885918583	575.31632837149	539.125667685763	555.623189662918	617.908757070755	669.502340772659	684.673666646258	716.315920216981	724.352672043855	733.313928902871	727.012719901565	748.800117596291	729.30137058058	715.324435826175	729.494449090756	724.292545572448	699.597069237706	732.379387712213	717.920998238316	776.323760426164	817.829316711103	879.466104484703	986.001131160079	1131.22366685462	1188.14963055115	1338.23077428054	1461.15698617369	1678.53712931133	1571.66839052101	1797.78515427896	1574.79960690752
462.506	14.8771112183115	32.1140607218257	45.2015505388885	51.4050015242514	55.7986252870577	67.5117902510356	234.725072015017	3431.5223186716	8700.22559449219	2610.99212364064	152.416958008595	98.6247436738405	103.141727011423	123.751238610786	155.616424820657	189.105700063264	206.268293554908	227.991156706361	289.071956723602	530.742495931421	1367.22732155377	1339.32957324832	633.737747725213	529.359131003457	537.431275211397	572.994038833628	627.664444034146	658.575079127642	672.720089759959	710.358427027142	697.888101110891	708.231539983711	717.419073530479	713.88421760317	680.563393605718	683.212424937253	692.263250226443	691.473195257345	713.825485347289	705.248659241879	707.444142208169	736.139675904442	806.148375222456	895.267484389653	971.203849760638	1117.39885126827	1215.58867124286	1341.35687433705	1482.04933873486	1653.049443694	1848.31274617997	1817.51871361958	2557.07288587876
467.137	12.2395648664346	19.6787879529606	28.5471193972021	40.2284681283437	45.24084311421	174.37538662519	3622.10136970232	8697.65145668733	2864.25837503393	152.16835859488	88.528168225519	74.8548664664385	103.899076533303	132.547073726739	146.624038935675	185.028313526757	207.752983600503	242.99303232029	367.410672542611	991.967994515492	1378.86581494541	710.169032227306	478.621382097303	492.609798169976	514.975506696729	560.336746689545	602.017961866701	627.253653837183	640.310087814911	661.38740224349	667.082982858748	662.585853900384	660.705891781302	649.630121128138	633.786927812211	640.500655452226	654.055127184062	628.649050589866	663.979742036234	646.407612293195	667.286557651495	673.190650974054	768.04122245465	829.578561148923	926.984049474925	1044.7277431813	1180.09241751417	1256.44676346649	1414.22311382042	1527.27703992804	1701.65453152254	1712.16739764992	2541.42157487582
471.771	24.2931493156284	24.2307710718577	44.286340288465	50.978385432548	140.237491644515	3107.83199190333	8267.81487377621	3269.13120647094	177.588530299737	77.0901736982025	73.7233106219256	86.8533627461255	98.9970646273191	143.264267593268	154.969606530007	193.272393374398	209.674005435924	293.849895772942	683.829307042466	1333.11401444175	859.376979433393	464.239858387917	473.667478708641	489.827636965134	507.722694579655	549.881243711396	579.056738416331	628.905491304306	635.737350436605	637.567984189278	641.130163093012	626.648631491238	627.303997270001	623.98384872802	612.678714229456	613.246096184854	620.611237027751	615.121890438197	611.950878389388	622.944247032326	632.637822851685	669.512801452921	717.589084201305	812.258012463908	917.068707182305	1008.23107908763	1092.77295310164	1232.93357576067	1350.05894205125	1547.29712928725	1548.59785142905	1678.76927954457	2068.13274255435
476.407	31.4397336901347	36.3634844983744	41.1705142997192	151.3334295648	2224.29130411424	8126.61491775858	3256.54710224137	181.977743721317	77.4592757207984	68.1244261237291	84.8830056574149	92.0250219104099	119.317533332866	135.790761538696	178.649883234033	197.622318475473	252.863149632898	466.103082347452	1115.41543634184	1044.55640459321	475.91719085103	439.82568881209	459.414294367585	475.523916125312	510.286915245752	544.187698962423	564.261429056874	599.95494094679	608.762178799887	619.170140130595	610.633773313553	585.102706269656	596.529300275735	604.990973331228	579.332368885113	572.385195624593	583.338473969422	588.411025351608	604.227608559039	612.768186525437	617.939518620836	665.085697341653	727.596490205578	775.716754500869	887.226378480486	1036.4574305699	1157.5642457193	1252.69628958416	1364.96581965774	1499.89434966506	1588.16652999288	1684.78735377569	7783.55392718415
481.047	11.2342771280228	37.9885598254351	111.328026863815	2386.1842496561	8218.28987737596	3673.75769212884	200.974834911608	72.9624954524827	53.1874041298138	57.9749604742035	78.6583668596185	103.502867878405	122.554438587621	138.851562246884	175.073168956155	198.354912087011	316.434882884695	818.921762926433	1106.29797052803	554.117226354403	375.431306304264	399.552696470507	423.35938359602	460.652044589142	479.659612891912	515.366859387674	538.534661714196	566.561728040472	581.082156224775	592.833763412744	570.126143045483	572.493858475034	545.864244245552	562.341200870356	557.177706636418	528.281112692479	528.987235996746	560.418457233766	553.369476323823	549.083655346152	591.042681457061	628.813887505088	681.623846096424	768.518326751501	831.205392985867	946.798935598795	1044.58539999349	1122.37978606086	1280.10060496852	1510.91994274457	1559.5166833958	1737.67398145431	20494.293090198
485.688	59.4828112109394	108.057801748954	1931.37228466992	7980.465832602	4463.2779735233	289.286602941512	75.2440429701983	62.6463190796382	62.575343664143	76.9430548429012	84.8719768340495	105.343330910367	123.347395839505	163.500785095307	180.067830392368	262.46271372226	583.005119541766	1050.57356334727	712.861912134694	385.717566751945	375.37549167562	404.166848816486	432.258296686083	452.224362667546	462.997578668817	488.414841202619	526.419029574233	547.841544808785	562.944687483302	551.369162240904	557.470452516996	542.513499007099	538.461406109227	547.444223701528	530.056925219351	519.844818327618	522.400553622332	530.974194552051	538.260513088089	533.244434922447	567.951387869173	606.596065818214	662.754909129362	715.756948221049	841.89528195984	922.64713504944	1089.92890388588	1152.03015307259	1288.71904983605	1517.99037517372	1408.82055280893	6335.14928408108	34132.1631002609
490.333	86.5322257169393	1856.45963486622	7827.62382834183	4340.64119837348	343.124751327097	72.05930823726	57.1052520971899	59.8827610671828	64.2745866116538	80.8302151274514	102.551365567871	114.374790166073	149.801660401773	155.487087889088	218.210268552395	404.250599359122	894.578524994326	823.912418162198	398.225382208411	355.103739118009	385.693754732866	395.878980474778	409.617815170935	447.449493103479	480.853658171678	487.047125819757	511.20159649637	533.533014965388	553.575469396084	542.371239967278	532.089863903383	514.262968353578	533.172118350281	493.215454911412	505.743531805112	500.900296998827	519.724129329088	496.562035420963	524.469307437006	544.238969347134	556.022572784998	585.073519384786	638.342295380206	711.894747080817	820.234158115133	946.310558513863	1039.53514263151	1105.68495773924	1264.78314828971	1468.47900589694	1782.25061493887	16748.5584104969	26541.8165084413
494.979	1382.87039163157	7438.94200954833	4828.34385947008	335.996446509498	50.9144106278254	45.1137693651162	47.78543439606	50.9950967218523	57.4529598367531	68.631468140795	82.8577490251113	92.6919657619825	121.146226226222	156.574536128767	259.612921411796	650.705979484576	859.810262498009	427.202692979951	302.836281870443	311.104088642391	337.681098646632	346.89925902415	378.391953564978	405.94940161861	431.213063077393	426.764633317341	469.854989819555	457.997485965327	490.428138452899	478.986070167162	472.787492709157	464.055059431956	469.975441170231	460.717959521653	467.397409722128	448.829713251193	457.51249624426	447.489072469496	449.293503542724	487.939361338907	474.685100569826	531.110986670422	587.99690804302	646.585144912955	689.378096335524	841.089839899029	860.641255021455	1027.10355278261	1146.95290516928	1234.56856505095	4423.86703727219	26570.3816446114	8254.09807265145
499.629	6822.75708161661	4833.19253093333	389.327368693914	74.7086424679728	53.0180073840067	55.5152601399752	56.2657760523252	63.8286918539976	75.5199343986407	86.6786234765706	107.844805667804	115.441053111653	141.474812529631	202.75756314748	475.711968203509	838.679228861402	532.359670118337	297.86412595204	296.045242873106	321.21813371371	335.695339175815	372.62516457489	377.208082959431	402.713988148735	439.331535770164	436.661994581837	458.051308431493	462.699194586291	470.144595824113	469.228343051229	463.70422809053	454.72999983166	446.215657367831	434.198600188626	429.561553890535	431.2508917137	439.347931141327	448.924389528038	455.492881598977	468.856892427187	516.477559551789	504.855007159509	585.670152111612	654.34460265153	688.164877719396	785.659897043358	939.117395937565	1101.22938722757	1263.05258371661	1380.47762742985	13114.8454388978	22139.8872147297	2427.63787211074
504.281	5308.32799046851	456.824212369735	53.1888789086385	52.8972682735299	40.7849768722621	35.2765136528519	55.415431268167	71.1517721103311	72.7451710128569	84.6773368815434	97.2305079966461	126.065746398178	141.330108968842	322.708955218904	719.675557429613	624.47324311474	292.72489859541	261.165672712627	288.02649950274	301.805562233956	310.969442959226	338.387327903263	359.337286676721	363.514116100731	391.989020297721	402.050395084675	417.20802469126	443.541084386431	424.087449730886	426.205070847245	419.435726115378	414.126823593293	426.320855866106	410.044331351252	398.660123692781	409.212059599694	403.462817079308	420.511651137187	437.663734011922	457.097394414734	485.107455667483	480.249771910138	539.478129951909	619.269919414142	707.359296836114	795.038462241104	891.479840333448	1080.99804595234	1115.32625739665	3206.55215057975	21309.178617641	9284.94112736473	1581.25864245069
508.936	562.644841411675	47.3716848365456	45.2193958365744	37.8061767174458	49.1593550802254	38.2207035187548	58.204357610897	61.5267530715638	63.857991896439	77.587141212191	95.8043661851287	103.141222611264	198.468364484545	544.949032522003	693.518800598934	331.544806467131	230.624799043286	235.383651108071	264.024002677568	270.092764818249	298.636077898643	296.03391122164	331.867767589675	329.490504509988	368.14856722176	382.839362921979	376.265030094545	390.418910812923	405.808435846641	386.716262062817	386.856277674094	388.896312894793	374.506264973818	362.486559047946	387.837127725572	375.798522536077	370.310801983295	383.882720354225	401.664439327619	419.836325515841	441.316091720359	448.546001339468	485.971663992559	552.196072540324	631.592834961085	664.819143418082	804.599511236025	980.417988328268	1037.86872734996	9630.42587006618	18645.083785767	1747.06605620857	1142.60770465962
513.593	65.4118351543186	35.4105157313501	43.0431922816332	41.4951076064068	40.8570043906261	51.8592638974762	61.9988716317277	65.3818213345274	77.9471225632565	82.0987390312838	98.7061200926154	144.104215123321	394.914221881381	689.331344769765	426.602025509181	217.583855904738	227.283856228683	231.913616280536	257.217898106654	279.68015742446	291.042745150424	304.002931349158	319.293219919056	334.782638086409	359.7621696646	347.665422046927	366.93090832285	379.00712412122	376.855214590149	373.141142814999	373.400007754415	359.456596048796	351.342534010508	368.777989796909	351.868042515493	357.408873580154	372.186527687991	359.513655384139	379.718674412188	374.200419014117	421.024859681486	439.370733419987	456.619875004347	565.164135334086	634.24541292227	715.181747517271	849.016568326774	954.819961922512	2318.84022479718	16861.8746386043	8657.90500020146	1557.21915659342	1448.75781388205
518.252	43.3916958031269	40.1678560570729	34.8983535815163	36.5022124227186	51.4613267380932	57.0715154250407	64.1949238016468	60.0890731520883	87.9138081942922	89.9226228138511	111.755993062105	262.01967580199	580.705357223732	513.181690240291	234.470825034561	190.717930027608	206.268870725728	222.405014806925	240.867962476359	265.801608931334	284.801742157515	285.4582916333	311.933713602708	308.169864831806	329.576974745125	351.117992080825	327.576923643132	350.129502794671	354.78652846325	367.910728823687	359.284630454619	340.947732680152	353.550977710006	331.494233505856	330.655640788915	327.502117583334	345.94159759231	341.745292553649	369.206325174831	363.508577600228	388.829101773212	408.264046667408	456.943545568504	527.77367108501	539.444443629741	715.008782712055	872.289096151119	849.881852230463	7407.78907838836	15713.1309200855	2023.34802392264	927.050654059864	1441.57532510894
522.914	34.5109787118719	44.8378145036774	36.9027542134264	35.6944972241884	54.742600196271	54.8474970321314	57.5985983249124	63.1347570838612	64.1989391010049	85.5114904257725	163.804930814336	427.120497207656	540.899485054928	256.202831567427	178.398566010861	159.963413720717	188.683619324302	194.99089735134	213.725432587336	227.684484604658	233.395702353091	256.948691800893	271.510279179126	285.286825328033	287.654513281831	321.339709792869	297.962834742524	318.421644425657	334.898371285253	320.955305381974	305.09402782134	306.532934079125	307.167848883505	294.599440659189	311.457800725853	319.307214013965	291.754537010015	312.911739178963	326.394440545333	325.450061793979	354.918869532381	363.208087679998	418.266473549268	451.17993000335	534.908318128306	629.529558882115	754.882078217291	1714.45171358367	13424.6798375281	7812.94978432646	925.731524683867	789.982263268053	2345.188876268
527.579	27.0571986993701	28.3712598703539	40.0530669393042	39.5576788733206	51.156494976366	52.2420533906929	55.8156117864742	66.5244990023902	68.3793922107625	103.708723836934	298.151672958659	533.64753197187	310.682095735453	156.199785482573	150.627515988978	162.618619711057	178.49824507791	200.017503084852	197.416808252474	215.245077211929	243.594490693579	237.751044886248	242.773069619279	262.625223960726	262.335055467656	277.858372377597	289.454682633335	291.835501924638	307.1498410291	301.042313007057	294.259193827389	289.322127842952	279.089729328656	284.255981396843	295.350926001335	282.824265941636	283.08824356329	302.994370065589	307.714374984878	316.635112674374	315.121199996638	355.288912515674	391.477045976062	424.460493477962	530.6848458985	668.026433609908	728.503965906915	5617.55995251128	13315.2392484882	1997.35424501046	748.171246017376	842.568465217503	3094.05529593546
532.245	33.7437356130848	34.3463543916457	41.0238462609862	35.1173822649436	47.6041371284954	56.5310216307809	54.9598436864977	66.1011597942531	78.3693921697423	192.805403804066	442.588820994053	414.346408552212	168.529628168115	146.040365936171	141.011704855097	153.364851499344	171.540444707461	186.478478401094	192.320013935488	201.568402205765	217.150993396181	216.790456948394	236.854001491819	254.096039178593	248.073296088333	257.14488050305	265.304385913124	284.661176594317	283.845733569705	268.158756988471	274.751547193735	249.842841744488	264.663124106291	253.747737555357	264.2477223607	251.550459123861	268.63003458805	251.233668539641	273.937106703686	284.863223340592	307.609676027336	329.512733551552	347.445256439143	408.699816209445	494.814841208896	604.688291098394	1247.30051004664	10641.387790763	7169.10627474657	774.905154229093	647.644177860056	1600.5250395412	2900.3835983132
536.915	45.5016291043978	35.6952429437359	39.1410554546147	43.2152487502088	50.5850544728	57.0060870201826	59.9056622436721	65.254990508781	134.646779349019	342.412083588502	456.896193169402	219.967149667861	132.626689321231	130.780365769297	149.265766757	147.917884778584	160.727926424428	162.593544995278	182.102803631854	197.693476721498	215.538237026835	212.163542314545	224.03736592097	228.074073459168	241.255590223208	248.922058428495	250.991295800615	265.103899165023	246.849324189878	257.979514385266	254.694323962399	246.629545413465	253.302324090444	257.614918455738	246.040120985063	256.835199258293	260.159282279351	253.344941556342	261.185265085238	290.883072735644	305.449034660843	326.665803311122	369.570250988886	444.435182712027	525.641119319083	571.712105014593	4242.97358760875	11395.9060807932	2029.59727925248	741.684088764755	867.271094754171	2238.31135279838	2382.52703719112
541.586	54.4220596531419	31.0967627976249	42.4823284281398	37.3324589700232	48.027605381407	55.7239983016116	67.1166220861487	91.6705110452998	235.149636788853	426.877209201224	285.167532055878	129.450158973508	116.713734704836	141.027627599526	130.063660455198	147.146204078412	155.348821503457	179.885797264312	177.523186358024	188.675605795005	188.435633442179	213.922105061767	203.143423837501	213.579282739534	232.892509688432	247.666483665209	244.612587030462	239.863106003601	248.788362066617	253.76654631258	230.161274827999	246.038306944103	239.865130044325	233.932333116937	237.8979787418	236.985035379206	236.668243254285	259.466977589134	263.011179663906	289.298752105211	286.230756604254	288.72543576897	353.296256262766	419.842160476395	549.357976045103	913.500741979102	8650.51782548551	6657.47178411198	783.946193341926	732.251868450432	1278.4018177683	2552.5905268838	1113.40097727981
546.26	32.6219211265179	46.0462584458054	53.7688710233484	42.7659348004233	56.7433942348811	54.6262335714677	70.2874107414579	160.267798824526	371.210023425543	349.793989651598	131.436291973474	111.949778941288	109.576047156918	112.069729883135	130.901439141343	143.157549287401	150.838078109985	150.565623903123	155.245941951996	160.486170543644	170.054631049854	185.433724258198	183.154854850275	206.356809951313	219.894125762146	226.654996357242	229.930497450588	225.739819056282	230.057515561208	237.281457136907	228.513490209203	241.646003171716	217.499618533755	233.08476918097	238.818778539576	232.702044038096	221.130179858428	242.278294497087	253.596117354162	243.592047228962	281.04824776842	298.683478221173	353.986926345222	439.594473720948	512.893702560456	3136.06656146058	9971.95792640634	1955.16471726689	703.65545912005	797.633611940264	1672.62729888915	2325.65049268041	1137.29768985515
550.936	23.5344065022657	43.8551388128089	47.3196555381006	60.6299070696614	50.5528528567547	68.979269391014	132.434170141036	284.612230521874	368.764454731105	174.623543274811	93.9477215380616	91.2402647637796	98.9177847646376	109.759373614957	124.356612082461	140.641107290336	144.957291494484	138.799549505138	157.760717166216	177.040175433928	167.101857852115	171.94690347302	188.162132006712	194.43174163712	194.461597531975	205.581269641458	217.618130687595	209.603472755239	211.885165829147	213.853792529399	209.587036949079	201.594181731358	209.555704728584	209.929134061335	204.259239159754	211.688207043551	205.944680281082	220.711888379432	226.168943445817	246.661707820466	264.577454966728	287.488994728698	360.904964768822	453.325560863259	666.445518253326	6842.24780912199	6156.27861974777	651.528020939826	682.985467366344	835.318696996765	2236.12290554936	1055.76788226303	943.634941558748
555.615	11.3779265264353	18.8741890117551	23.5307573445815	36.0608844875958	33.1323432170227	75.938324773023	217.72829475186	349.963711250657	219.446778304736	90.9360271015113	73.2815607219214	70.0710752786993	79.0132153221572	90.4030819371632	94.6593586972355	94.081286678568	113.265902759121	108.248558510086	121.868104772018	132.972835967451	130.627464559846	135.107984453638	134.879941608151	144.91085560859	165.486532920139	165.296163886374	166.672612526279	173.898405430904	172.919445672916	185.434821016625	167.396137249299	157.948386831049	167.132139145948	168.068267952294	177.405002806269	165.428078319157	173.533820747703	200.173208708297	179.728993680072	189.505892100145	201.601093671535	236.957881114281	314.517641838494	369.82144993356	2253.05853690338	8249.713092076	1887.31017983474	509.744989404031	519.887268176537	979.353364349079	1846.30679341639	266.030353493388	-320.626507487633
560.296	39.9945669819318	44.8373459397587	39.0589172465686	52.3126893566861	73.7380650867884	169.015247301628	328.001598336034	294.768854770755	110.922988691514	83.0258099536063	90.9288335855757	86.7000443482381	105.410717344416	111.834097631989	122.830946930043	116.441605260731	127.275834105668	134.35027045549	143.753537853953	146.829435506671	157.074732697577	159.968973593612	172.647534026114	168.770251452889	177.219383379665	164.81933985684	182.689423957348	193.17207908203	188.971661193986	185.943473615769	163.216153402367	194.97055633238	179.530017268014	173.863203637074	184.057828010899	172.682872704141	200.563276458779	202.507006139264	210.006281271765	211.101238669074	252.754940086374	278.045935964545	360.311308762127	563.912382757177	5392.74151460507	5488.64602948526	648.666275396229	605.374250967548	727.719298221908	1630.19112649399	1676.81336739624	924.847618886768	728.759297916582
564.979	11.5306787389106	24.2773142017593	32.1267571504254	49.3513852247863	102.074551987147	253.712556513323	301.855547578041	132.917234117434	73.6424660129404	59.9341892412096	68.5158100646969	89.4748696631916	82.4642608119861	88.1266087853745	93.3833709061561	96.7464801982891	112.413684608201	106.273647009984	123.162105131431	110.487100856128	122.005356876187	133.23033078573	143.726300043244	133.831377465712	149.794653778833	153.105396749548	159.114043873484	158.13503938082	147.321199678457	165.867493753622	163.241841750963	154.83027486694	145.221458330695	169.722783030733	156.023605967171	159.068541143242	162.255076159188	185.801021630371	190.367675223219	186.179541719597	217.329457577367	268.877872711102	306.314676223815	1845.29392639499	7096.8030853239	1891.62411754307	451.597422643074	494.633464697548	717.856174287727	1775.93437682993	803.985719450767	221.211810433507	-290.727753266245
569.664	24.4744119026583	14.8210887278758	24.3546239749605	66.702411232289	177.771717287607	302.579742077435	173.561843878275	67.7608666844904	60.5256588971912	58.6412386010168	55.7442601646535	72.9615603890382	77.6497043839872	87.0130298758663	86.3697470743731	94.9114849551508	103.973491795745	102.969466278675	102.006941469192	112.024632140361	108.481186996018	107.836726228808	119.466359009637	140.713845120512	128.489618290615	134.26620244886	141.139682050204	161.681965289874	151.090918303955	148.71312782698	141.572586906715	145.115186321495	150.437201573258	134.891462662313	137.006898365064	132.307280929683	142.000579652452	163.250763508392	158.221217494694	168.955522028138	215.299786672216	277.712756576103	383.10764449353	4502.72278115346	5000.25360321729	516.928401413719	466.672732779959	474.833114057111	1179.19047892772	1349.2094897809	338.670129388215	229.792412170705	-465.119713842581
574.351	23.4289352933527	23.169468858693	51.8183478456991	136.451527229995	279.994133257027	236.066629552054	81.1709438537306	57.3078838525361	56.9496922316919	58.7070687484255	68.1475865686656	73.5865405055366	70.1191032480436	72.3932708395748	89.6969934071515	91.7359653046549	86.48276271033	117.782788092242	95.9293208322305	108.935927323385	111.954852508661	113.192686655027	120.83006010985	114.792439649398	133.669357032872	127.181535232483	136.316944694935	136.542166373717	135.185237793602	143.115073187268	133.029764888154	136.601010824391	137.660515363403	125.958053774459	132.462670187411	137.463944444624	158.105829648579	150.331832868253	159.178575334598	179.774927722393	226.267717525834	275.637857741357	1336.44594312594	6075.71816960007	1875.9445775485	423.881491378321	435.046075974317	575.992630281026	1493.72309125235	854.272036389465	363.847516300987	351.152707358811	486.478091996427
579.04	18.5741560256846	25.263358106577	72.9950126296109	227.331794918246	284.442036473414	108.662204767415	52.0496265614542	50.5127018193618	41.8761459648278	51.3080990559379	58.9380248212384	55.6139138598207	53.9049848295828	68.2746502560827	73.6798775692356	89.3996954930234	63.8496968682061	80.5065689857265	96.0914479193504	79.838022337076	97.9253999455292	85.3146969039493	112.645116664964	96.4658378801177	91.4980818432651	121.86390234026	115.93865862409	133.513442622149	112.958014979384	110.03595448326	114.838874171399	120.228899151073	116.5549576876	123.390181718451	114.744628431688	105.210048507434	144.506132130663	152.445397259401	148.565590371787	156.462383714525	236.589750023801	272.626583057234	3584.12235334755	4333.91765532704	430.52925295276	332.051783803379	364.894152374237	799.615551643321	1395.77698309959	461.597091178752	359.630452109761	212.588201829475	175.306146218547
583.732	23.3665886710519	76.6555945091539	157.86029677067	264.880422835149	155.46496388484	50.4537063321881	41.983768509608	45.8198632916786	40.4437881160989	46.0966696164032	52.8900917260227	43.0768203086303	58.8743111575581	62.111291312832	68.8974888399691	76.9544074364182	82.3129253015721	92.9190651100663	79.0602902103561	87.0769969285556	93.3857960097723	100.056711562489	102.307258638036	92.045481125405	88.5798935531895	101.585085407075	106.882089115686	112.943970577592	127.16495743051	109.224599906063	104.167893706754	106.588018531031	114.56738694821	116.10967940989	105.480772371379	114.055924755132	125.273833334822	126.258345752554	152.751161099406	193.804021270132	227.915635853515	918.100695298075	5217.26354083101	1697.54110527868	330.807656259663	333.273110190907	411.083055171442	1211.11222495959	1032.73837090043	436.11500197217	384.557786149262	178.29293065766	441.075934166983
588.426	30.7463568979312	104.131872351482	238.352083935103	204.702744453503	60.4446610301555	35.2676043143509	39.2961050925018	41.1810915769717	42.5514746044868	43.2151961134092	36.0211100860235	41.8256974645448	49.5725201264737	52.4780881636578	60.1552858366837	74.1516101242378	70.7411532884213	83.7018961469346	75.5646252419885	73.2505140440571	81.2517946443085	76.2115932636658	94.1483191966245	87.4541084904327	85.1923382376088	100.862484118984	97.2736322840229	107.987216102224	92.7073981370417	93.9284642986297	86.5993930563545	96.5736303619618	99.5785507232905	90.1826951029946	99.2145846412586	93.0830254553814	109.635776023811	125.369616849773	141.757710619217	207.410955702262	207.203731436905	2748.26772968097	3947.22344802553	375.083372412799	285.549185596098	320.383299874014	501.346800856008	1245.46634574901	650.489443913209	283.503684961196	291.796921622265	265.231061004462	266.007055880998
593.121	100.425638046488	197.805474263547	238.164017826007	91.4703796260504	35.5524478574115	37.2550764653946	34.823632762941	39.022161707833	46.7735416591282	40.0733236392637	35.4523484649252	45.587223565938	56.048125809358	64.8649525139484	64.5849939363907	58.7413654198077	65.8402509982934	67.556391200807	73.0904044453847	94.758321985133	72.3366099807254	69.598131002834	81.3517267975215	77.0324808509572	80.7904817391048	96.3613644801178	95.594763815789	93.6861585780396	99.9811191979502	91.9465280388587	94.3106884463583	90.6874817049545	95.4720317180817	95.9653316097462	93.5197987168592	109.025584435825	104.729668492598	122.904955278636	152.672367617215	182.228769735099	602.727488613037	4319.42970607128	1601.20242751276	280.287029667491	270.992423096035	310.978258068066	810.597961086592	1053.84899304552	367.194887251254	275.34497923193	304.682522367731	165.698306260548	908.949276233157
597.819	139.460497393948	225.227490139702	144.110325608161	52.0704380383786	36.8941091316868	43.7272528669898	35.8172368031529	33.9898529180694	47.6327655496005	43.468993763847	39.9368433257485	43.1827573049778	41.9771871234612	51.5350831344986	54.2948381988998	65.8591230336591	64.0617856532724	64.0440994921772	67.0761389573544	86.2163121837678	76.5255632163458	79.8712172443915	80.4389295192916	81.2540336691583	80.3078690800559	82.4657211242762	83.101111320473	97.3637037295455	96.8491483096002	85.4109975506861	89.0847412182697	84.2180499341002	105.932651057087	97.1770259514846	99.0030455983086	94.1148188032495	100.973234504249	120.149148631773	164.27397836605	189.926069313055	2080.41071811301	3673.99250312098	325.12359273451	214.098213430964	271.866345002162	379.308081152918	987.070319239141	732.544198369528	348.701782051199	267.375891366051	429.136567590237	195.69239233682	268.955652678333
602.519	193.208790020866	174.910663418096	58.4465252938413	14.8525780665987	35.7644458808159	36.4630451853495	19.7258720433204	33.0576381665541	32.9077554310206	37.0002880956994	31.3901592156587	37.8188340498668	47.0424602362332	48.5588716333734	45.7503169862034	65.7833706983513	73.9671773074513	59.6069431356166	63.6259588369387	63.5428802350029	58.2226959474016	74.1149730836808	73.9898776689015	65.3757669460468	64.6199823250994	71.3756228294106	82.4985930305036	82.4524795033927	78.7778930957556	81.7306582630262	79.3296248306497	74.4229170040033	79.9952255848117	93.1699217154091	84.9121736362678	80.2069802251133	82.9611813221369	129.713576878492	156.043382921181	436.004684059291	3591.35890953212	1686.70641555959	196.947699017155	207.226349484619	214.569067866764	559.010504250716	1003.79981916754	436.698569712374	283.586547229035	223.348128174495	185.359120896651	701.256071689227	289.137634126107
607.221	199.782541501805	86.2836841614179	28.2510399462914	27.9750481308963	21.1940962181156	15.6168116844631	18.3115988339031	30.5907415959375	34.3767039298874	31.1500419572454	28.6083020442532	35.7373070877802	36.6356435444915	44.3455211721953	42.2408781972191	49.0353435801651	59.1385777340086	38.2136342017349	39.3955941021725	51.7566112261002	48.4481878789971	57.9664775004514	68.5850529465076	60.0636230394541	69.8135515436872	74.2604547004656	65.5184123925476	73.0738817399198	82.9724965424701	59.2643163362214	70.1174897936266	65.4750748931924	76.3201902102497	73.4760530307798	51.3404631564896	79.5234100953143	83.3379194759295	110.71786413458	155.36356318828	1618.9252910964	3401.62639490926	372.897718343311	128.451418789656	155.328985763763	239.090830439584	742.376484218695	728.488656442112	246.483043871316	287.901610940496	149.426130816118	128.584579784608	44.224087256513	-91.1710320734405
611.924	124.12468376468	42.3685658864031	14.2612774898132	32.2787550430761	32.0966825880006	21.9133210127138	22.3056767153168	31.7571933968488	33.3266957974104	31.4494187128087	36.8777218138195	35.7750018743044	46.6367173012287	53.8512959849315	43.2560874053009	44.3748293658225	57.7912157398998	56.0261732024973	62.9758438879275	61.6129649354157	67.0157761377754	77.6701854521046	76.0965016413449	68.001914342132	82.7860582680275	63.6634004856883	74.4565531868036	57.168555098859	77.695009957893	64.5826154210376	81.1281684794585	62.6581446452311	69.7605406924712	64.4640222174666	71.3557391251193	73.8930984537786	107.427298768792	158.091616616032	301.063725597964	3112.33645833086	1776.37176128006	156.255579041118	165.16056857122	157.491999965918	345.177955401237	882.168184346866	424.365155614222	290.558972055469	267.627773431266	264.627199360613	232.103103966455	-66.9736740273489	423.417388779865
616.63	60.9612401458735	24.0229312277674	34.6086320245816	24.1389654465308	11.4029320648766	21.8873976691813	15.8489972007852	23.6423305756935	25.9217111140058	34.1382560450289	38.85340419653	29.6810867164188	23.4157045052007	39.5724087995753	38.810049453984	47.0061674623949	47.1357989669002	51.5623660437825	52.8787269625095	46.5277220058794	70.488965936298	61.002427103888	57.9821241984627	64.5068088917194	54.7974341463018	66.987262190077	83.3645622075994	60.3893774695734	52.6974036869162	74.2656877967664	71.8972908326853	61.7727460512042	67.6525815995862	69.7683878914713	57.8571092309287	76.8721587528909	130.653734083093	130.789664599177	1223.22269286676	3150.22798967242	420.329363116702	122.474594350417	145.832550501163	173.478381792374	496.904935441666	708.045080195892	287.991663082332	257.249094822157	107.527672489424	265.076562105737	242.646221621473	195.636427604021	-930.734085756856
621.338	28.4608976920084	33.8959018465372	31.6100812807656	14.3913903953947	40.6653183018481	22.0590745459181	26.8269710982873	26.3172412853182	29.7423437754912	30.8711587444402	36.5300921445307	20.5658024601405	42.2822025608804	55.8359207618691	44.3918095097054	49.2206409733266	52.3862188431674	57.4369924595576	65.6785952065943	72.3259805776932	76.9293026706392	62.5853556587765	84.5313866669671	70.0137599585787	60.9871422864019	63.2313938917164	68.7127583474686	67.3724671463687	76.5707033457861	67.7505268997016	65.4385533139512	64.1728775429763	62.6897890033317	75.5975509983724	56.2528871345169	88.3361139387952	136.271972258046	233.931884956263	2545.55913654166	1728.22938717632	131.521180879806	122.366537641835	142.827880925038	224.012576166593	652.245148742278	520.473228842605	262.274607946473	253.599828933246	223.966900497957	158.781234173127	352.792651098597	379.174864216214	187.606885847799
626.047	24.1737618860792	4.88888114385214	24.5777141174607	19.0272699243612	15.4706570507003	9.62344657082633	5.16893034818032	22.6208811318388	22.1156799971522	24.5063812526568	35.0243613003998	32.7186510084684	28.790384860677	32.5354885923607	37.2970169379949	49.6944159334048	56.5040983798134	59.0253873019324	46.9859289092016	51.3562421260294	61.8188110958044	43.8597484122761	48.2385044955625	58.0648798318743	34.2078756147648	53.8650251710341	49.3181199162023	55.8626267242812	62.5041280014568	47.5561363750881	65.7461492973673	59.3107758261633	54.4843626555187	55.6607483566343	73.0707811429337	92.11054035764	119.805998487621	922.964450200148	2857.6966778706	444.459766799047	114.38592799323	109.51750798376	109.498297216307	308.223966887859	631.017467097667	252.504847818218	203.601117409329	133.026816956652	237.064122587411	142.497411878615	291.426929023143	122.503879941354	-75.7650809329655
630.758	21.6671477063475	26.3538289389549	15.2014864940396	36.7145833837295	31.5740454662456	16.1185549576249	26.9578900292488	26.6742257826341	29.5305684561207	29.0979803958034	37.8138521155927	23.2124203146872	37.1267310750034	34.838163463927	26.6098200799612	38.9264508880371	61.7589583440811	70.8229950220962	54.0008704573354	81.1052149098614	69.6916607737558	72.1308206372193	63.3829871744819	63.4267442851876	63.9636662335913	57.803723527378	55.1643946653528	60.4476379619738	50.8723788512026	57.2846774344066	72.966529120259	60.5988303662461	61.3343636419517	66.7011429658369	94.1562363609948	111.201539697976	168.747027588593	2126.04372782701	1729.42163799677	87.7804167696864	95.5067090480784	106.875731982604	151.193040294406	469.0395476483	473.435541293268	188.208329215012	193.890787302034	177.8266626744	215.647216946035	221.183596952684	286.372122973352	154.773061246233	574.335776981631
635.471	28.3372196334929	25.7263961811713	22.7905891204062	11.2751622198234	29.6954917775987	22.6833213248974	26.5332376822815	22.1250048074284	20.4582284944764	18.416817485018	29.7267895908229	18.9048437678474	23.5931152253464	44.9485366443865	35.7523168032168	37.327477830488	50.5228080644491	65.7420697031203	56.3453419372029	55.5752221495603	61.7513578596288	68.8992584575919	58.2009715852546	54.3636242253339	46.6863513010293	56.5545244189976	65.2993555958322	45.1819770771813	40.8765243341015	54.4072264244199	54.4888037060383	60.4077466537337	64.1315510679774	55.3323614557807	90.2942907467942	111.683515238509	664.822255885839	2542.31973357531	524.933075472521	106.902530695019	108.903604599037	107.696754908592	197.451445291901	563.940725426042	325.463960448547	185.682337158129	175.003180154876	166.081069617729	191.301658817516	163.274562929445	222.612718995238	109.173423133521	1273.24525572903
640.186	37.6984785605749	11.6400996516378	17.9671153910118	15.17933267887	17.6077491695687	18.79783494039	19.6206799626402	17.0369698594926	28.3638252183046	21.6073945218417	24.3674024737803	31.1389682287315	27.0139840326511	29.5834556524523	28.4634524986329	28.2064252143469	49.6116477988674	47.9018269443712	51.037629786408	73.6929949857897	64.2929877720485	50.8228904727611	61.7175277997862	59.2494012096926	52.3585724976701	54.9638696707826	49.6532182824882	53.3138431361452	57.0656088363975	49.1910233378766	48.3423683230996	50.6532058103036	61.9211170103246	69.0397232639157	92.2300058409349	132.778947340121	1624.74241895695	1618.27429912792	100.047753122475	92.8853071759946	91.3456147679853	100.191144391738	280.856540205077	464.379727138768	174.180554058176	165.138554391722	123.692028769162	167.851228932015	156.304758718059	231.089062215672	189.987684223485	406.259602165164	77.3106857515252
644.903	17.8877891651821	18.0801233470334	34.0732763415214	27.1351409894846	11.9749779596156	18.4450846300068	13.016529495893	22.2343746364684	23.4528984164655	27.0109181299509	25.7412034502486	22.078810055219	24.9319230823967	42.8874643419168	43.021294871055	36.8629552278394	44.0757341869177	55.217804357405	66.0902716812593	69.5660348931386	61.7557922874259	50.6363928418574	59.7420033288664	56.2042689477528	64.607345031479	54.9055865836912	56.3284812381668	57.31441137938	50.5878321143876	52.1062845286401	44.5707203296562	51.2319873753904	54.8842468158773	81.8680087799806	104.006141339232	497.574694777674	2232.02613472855	549.827652131166	74.7738320363114	85.3188944018955	88.7964426422132	132.516260721902	400.779660577338	315.258866052386	140.268696296989	138.852512718176	190.694605196499	208.151748819536	248.428325427528	170.701369976556	263.173667879525	158.039103473707	-703.746586566356
649.621	31.0306483078246	18.7624708991354	21.8852072387795	36.9337226569418	21.1750015195102	24.749713077539	31.3789058269061	26.1193818725451	30.1558285802006	26.3971444164643	23.0506675777058	26.3427529689098	39.4859136394531	30.345031374353	52.8155898752282	44.211539570952	49.5134418594634	71.1734607240114	60.2835531830345	82.3092153548888	92.9080169696799	84.0324454383871	69.9088422972337	63.7945359034523	62.6575306525254	66.8193433603221	72.611737788305	55.0302564029638	49.2379836049401	59.6624219016171	59.0319765816466	61.7413318842663	84.0039355649638	88.6085049084681	117.80230220752	1326.77414647218	1601.44302813312	140.155008950466	77.1945269284488	105.484675770348	93.6971521720892	179.565854830618	459.059915817741	215.072195605693	162.576260254922	173.471446543891	179.84403257448	194.629526202075	219.497431606195	221.057963143613	372.811222999841	440.759491052189	793.009177921481
654.341	14.5442547708957	25.5494816180207	33.1426674891657	22.4308366722491	18.3415171920638	12.8592938325941	13.4057882353369	19.4643987334209	25.0169083183287	6.5753239956558	17.2039422672957	9.69754707260146	14.7733625740252	19.8593852709261	37.3118692996153	25.0901379209695	40.5052521550429	45.8621696426887	66.8584137498709	64.8229370364037	70.7631537520315	80.5964929865012	68.2336234402658	64.4019156382867	55.6313223988463	46.2982948744282	51.7224176695756	51.3442263842113	53.4993344079203	56.4343023769221	50.6995048601672	56.1903165054949	56.5255577918651	85.0248080321716	332.024155468237	1904.51301370985	603.038129666575	68.9828028961641	70.0928796843371	81.9465082027362	97.2667567966589	282.133376439724	297.648691268879	120.932957797954	135.864412041669	101.554197939382	136.352278753916	153.560484289065	125.990466886188	127.121396683943	253.834730516895	-73.2443651460838	1429.45108047613
659.063	8.7999640900645	5.24021979696083	10.2230399523399	11.4951729027716	18.8147066501727	2.94715257228447	5.98362626745475	11.9308307940977	11.5262940142317	5.86556458968403	8.8165365323413	5.73259150731754	3.90176337197166	20.0264503049249	14.781545255208	15.6467985235038	39.789636390572	31.4486266877336	48.3318165023853	68.8086877057633	63.2881415663744	65.3383256887936	81.1373230150509	58.7585767781262	62.6992346029808	47.4005649640761	24.6691006947651	35.5740924806989	30.6771052837222	31.77131019838	37.3081688940011	44.2247896648651	61.896870927789	86.454571063443	1018.55720754876	1457.44358712862	96.9332448558032	40.9453770062421	46.5016636962995	43.8069697556358	102.88263940887	296.072111268848	143.662797379929	65.779249412675	91.9163283958673	110.76839071902	64.3345480854178	141.053576603243	35.1831734910582	24.547173002417	99.7849499702807	-164.134501838028	-182.722334010042
663.787	30.741009545861	3.54304188030522	24.3250973243126	21.8122189875519	19.4050484583382	12.8525445120916	15.7331896351492	12.1000935480338	18.0861328950893	20.4327639668958	19.6138690627072	29.7535896191612	32.0166796351986	33.6174879754768	40.2038097921393	34.4386283491571	57.1385941998961	39.3994446250746	74.1441179735945	84.178007748123	78.4017043884262	73.1342428672754	70.5905551779444	70.1776389025391	53.9202841941972	60.7238362200103	56.114225302651	49.2957619572586	50.4234176425506	39.6579076051431	53.9534152789838	64.4750475176965	86.89195210603	248.550563226999	1664.70812401325	617.075510170035	74.3615102407365	68.7639297540023	58.4801149486643	57.0501808802142	168.677604164836	303.204836250397	109.926157268415	101.942635415298	82.6670990963484	132.476252843896	130.494525257897	102.626200963844	118.941057809407	82.9847462134144	228.801355472888	174.7862327464	823.6205184118
668.512	19.9853631840019	45.5210308086615	30.5396433600576	42.4439208111493	30.3090306603598	35.5408889033829	21.9692933974602	17.3063438357675	18.4474174213325	32.0575815415282	27.6123634749781	35.4962895217107	38.4253441859978	42.6977522317475	40.512852880141	39.8067895626515	47.5016961046098	59.3643983515542	73.8839009824284	70.3213069931829	75.5316516573979	87.9471080520927	72.7590796802992	79.8036413562641	75.6939479163638	56.8198567066091	59.0667104092919	65.5130023214434	58.0182545289898	51.7374945252103	46.2482317945512	81.566428218412	91.8485300849834	829.515642710735	1373.64181531107	136.535898138057	89.3270532696362	89.0903724792214	63.6820371942339	101.241198075397	258.230055600458	247.619716104847	114.04840275468	92.1514973408723	113.433264598003	105.72771206773	192.089667885579	158.256409364272	223.729981209764	340.06541296016	505.45874876759	570.325063026284	975.193148365703
673.238	33.174438362591	25.1424464127046	36.3831643490671	27.4496972788585	30.1636932655988	20.6045332501227	26.2029256714353	17.8062618301451	23.477636357401	16.7808211274979	13.7431227083363	39.1770532367555	36.8333198879344	33.0149148086435	52.1549288006286	41.4156280348023	49.2358776766196	57.4395403012889	56.7905812424749	65.4389401162954	73.8030020644863	75.3690819072071	76.8775625574814	60.0144563073135	53.5310450536128	54.597077246426	63.408075932044	48.1632012826514	54.742335274726	49.5363573452071	57.8920637614562	83.1233260521709	208.532942121552	1376.64963944234	649.930945754236	96.6743596688513	72.4030837359333	68.8044871904856	65.4998502129984	123.858881962742	284.996404287792	143.28338432929	90.9969079702449	85.8674565705817	103.417977631406	133.224136732645	172.495181598415	132.411836825912	204.981149957741	120.580943645986	361.304587180687	869.077205279482	1920.38453843324
677.967	28.354475578617	14.9247613309455	38.2789274983295	26.4989156314048	31.3757591492751	26.860277134322	17.6732580429921	30.8912791970144	17.79369379231	29.3177179041824	23.8586866819069	28.2886544643144	27.5520998185387	40.0515385538778	34.7930385586947	46.5464537086406	49.2323416781549	42.1502972988354	53.8420173596075	80.1716819978458	73.4645365495224	57.7666771100972	86.0918402208926	68.8622683509326	56.9616532067098	49.460883865367	42.3387921688341	42.6799119918687	64.6388450656064	58.577919724498	70.1231549614656	87.3113755248593	638.155519558451	1273.89846601272	153.775273488736	72.6318393061173	64.7826990984623	70.6771162743935	70.7963753640927	154.154755439323	253.961461407473	102.411528377099	103.62059845886	127.066829114588	118.545734415308	133.119074591359	169.841035238975	179.43200762867	149.802624447642	175.136175226114	184.224023052722	492.972935346102	525.671377780026
682.696	6.14367131733344	12.8045588672468	31.7055847636814	19.4161067373766	10.3525054038487	18.5179199446201	5.10577542848041	12.897255493136	11.6150833915311	10.1485480976431	17.5722211975673	9.18150245791499	12.629480643056	10.1244711534399	29.5518571795682	20.220596282613	14.3811781513823	51.9189487305623	51.8900775230052	43.685102505807	52.932373490831	40.4700946283544	21.658689900266	34.4100210283006	31.8700359600094	45.5333957568303	36.9057138379092	36.5162341196125	38.0338843154483	56.6713766986556	40.5169302342355	145.090344308255	1160.89521956316	628.521601515862	43.5369172315128	51.2858029096636	29.498785683751	47.4894874913712	56.4891204204262	217.387680158692	135.09475455491	75.6965149141542	81.2680806571032	57.2755092028593	83.5435570694224	74.414441378327	113.608509487031	77.0683116750977	40.9383969482759	65.6939147046699	154.473667346537	171.885093076507	552.790797896365
687.428	-2.57773622842438	3.68398896466867	0.414635789979683	-6.25653492188042	7.73451973507795	-0.621573787407986	8.41323989913151	7.91413911714768	2.52270568056339	7.7990204567279	7.19793027532383	2.13360195734576	18.3283934211898	18.9338705479035	11.3364536140299	15.0958010718332	26.7352407677253	26.9210457702435	51.3957820497234	31.2919378818177	41.2082316308095	37.3916160961259	34.3925546397828	18.7519133643346	12.759690636348	10.147421898425	21.1831338059923	31.1998005824308	21.5666750083186	42.7082521231699	40.7998228556262	455.798815527782	1133.23000431124	150.316123172493	18.7889552814098	17.3523452617545	35.8204322454573	38.5354197756886	84.3445477740765	187.933258358825	110.179535178323	46.9546211660555	39.2269344810649	45.9844498170226	47.5499673012973	53.9965655099979	94.4479429172643	69.5224081718042	63.8975600429628	-11.5047991571097	141.827020023784	-121.159646497184	-192.686687249808
692.16	20.7338262297229	31.0208810489356	6.670183181091	29.4866982721923	24.6819443118989	21.2482222612892	14.3331484556438	11.2215475664296	9.4538509037135	13.519575579999	15.9817103531379	15.0162826094461	13.5388510808273	23.795805396724	25.645473709704	21.5312149048144	22.4003005595633	36.8741214156202	51.6747603095059	52.8922875138352	40.9815646155321	23.6550161324304	51.4471600683632	29.1002752585675	32.6555109298255	41.9436213495971	34.375907594779	26.8878465314257	39.2550460820175	41.8295549812893	93.0304161147872	954.643645421995	607.323930412562	43.5593612850188	36.6012009877826	30.3237384519804	37.3324839963237	61.6179045540726	149.390227184786	179.980721303091	65.5622494426772	52.7274852813684	61.8797799893122	90.9008542121505	62.5182458192288	89.7441333597372	81.5858761488182	146.301861867103	221.74679457818	161.941467023204	252.994433437231	313.244500285609	-64.5775326389854
696.895	0	6.0598517766761	-1.6788700944659	4.7499107782525	0	11.6400470397374	18.4520953561686	9.85985722210889	4.17865696718405	8.98351540870082	8.19691579031294	19.7977190005864	2.27179889726411	15.8487432913903	7.8893320169574	19.5452267726613	18.4178104366745	29.2256965685842	29.4812206349483	20.1988368248475	46.2473271663723	34.4476471457518	37.3614369571211	27.2346630997533	25.0493519392711	28.1523069159738	22.1951293845545	26.3184851104053	33.8756802845794	41.7409324840609	353.630062314703	1020.8743308439	161.261081052395	45.7619194383808	43.585737219547	41.8214614815993	30.068807039055	58.2765727009806	185.648089773012	89.8044044457085	40.9701615576088	68.517405607714	25.3307714327	40.2364331517832	67.570954643609	49.0809600452401	68.6743640456594	52.3716968652655	52.1618403009386	55.3175537687596	101.885007192774	17.520652382157	780.192941958192
701.63	4.21010779121325	19.7429652560329	4.65579906345281	0.798323002919403	8.92511089822871	7.29667980758845	1.43135308908601	10.1500904036853	16.1531694132398	1.37260893991806	9.18443416995098	22.1425045687055	28.254966414053	20.4424764722167	17.3581417917932	30.4608060608377	36.766991493534	19.1169599486286	26.2320505363659	29.6277110137574	42.5220169715109	32.5936185791102	35.1074424945097	29.960910677933	31.1808574307719	28.7731873703594	19.7266552470179	29.1942965051155	38.3364003156837	70.6555717579234	780.526137047964	624.827192111663	34.632041167217	35.7643532956269	36.3611445318824	32.4738942668798	38.3486586824162	91.4690288484182	167.189804973393	56.8016876590563	73.4496264466318	68.4723223925401	68.3480814552329	54.1006711748216	51.3386359831785	51.744315467083	114.063895101556	89.1219886321861	115.723091630074	93.951514576217	79.3927714603734	97.1756388070982	131.127930893416
706.367	17.0421047043365	15.2223986722352	2.56993900879488	14.9458422592236	9.03199407048887	9.31033855283985	15.4506062854982	5.86951050717592	9.23938973642579	11.1123735696329	21.6869867264727	33.7951795378813	20.0926140426889	19.9350215457829	29.6426506572245	34.8147853249661	23.7819834497479	16.5246196604174	42.916346880686	53.8748394552951	32.3891067310495	34.2859431499542	24.6962048648553	16.0020687785939	32.7525288082221	36.1060252634465	19.9628929268547	42.5892792869803	57.6170792882777	278.019952961604	932.118314781963	191.951203135744	33.5230061361639	57.5969075071314	31.1355757159845	45.6664705681536	57.7606031205302	142.923303503084	129.680092723039	53.1436614193284	54.0048287146713	52.2842025078572	74.7558069999202	81.3177094150443	72.7348226262052	50.0872875652687	98.9398917882911	60.1261827111364	153.306248836905	187.182127662196	189.043633181886	330.777884900079	176.931014499007
711.106	3.22914945442848	16.8253769385867	4.32847796267677	6.12313132389422	4.56370215316562	4.86656332978065	21.2250366660492	3.60127610185177	0.239410020871421	19.6520801240067	2.19160790511725	15.9624309211927	-0.780956310624649	13.303702628617	15.9024528698617	21.2561265346333	15.505294483949	26.8816050304027	15.6488598696226	28.8789652567334	26.1850014469021	25.4378643792508	17.0759004826048	31.9166605068043	16.5492564628767	22.7556042029184	34.9161449545231	35.2843684911708	60.1665796013721	647.238466638467	584.11706591786	39.9368315210843	26.5627490759889	18.0908480882484	33.9162565976817	20.2709999406796	49.2503305668558	134.739590247246	59.3820219099665	19.7283853457053	44.5991807660224	75.1169676135761	55.7765813885973	56.1405287109965	48.6839132204124	74.7742108425049	23.6075816588255	69.2004044592091	131.256506344367	252.21258927003	238.800764554678	207.790755638696	22.3500050356873
715.845	8.16630109144757	18.4789626861676	-1.75142859429751	2.06466479668278	-3.90628440093369	-2.95373047243143	4.19541910609129	2.78578813101254	7.0232407546045	0	9.18459583109899	6.00824718504179	4.73996595957918	16.1491998305439	7.10798489545584	-1.11217882348941	21.5665139628678	29.664770335708	23.0665194042018	26.3397541173681	21.2850327508649	26.1759166680223	26.1317354855085	19.8020998535212	12.6576638265337	16.2720199566499	23.1543729240161	39.2227635997576	190.834603942996	830.85261116585	191.958107105339	16.9291135248217	26.0913148439619	35.4069351482677	31.8286177739654	17.8878607294329	89.492029682667	125.512686510093	36.2486857688217	9.97835108314278	18.4023046689674	43.7887135864569	17.8550899931782	29.629692348108	54.0755025544774	66.3300876245633	58.9996049036499	32.4396089883087	37.003019159174	-15.1863957344945	4.8312881685844	-292.445941341221	-158.260633228407
720.586	15.2820300460445	14.6252781766427	15.3634721494275	13.2470268189467	19.9364620246208	7.23835574164783	1.97927120237935	9.2376621692328	11.4110682999154	4.84000187475739	9.52515815350324	9.7879117631053	21.779382127298	15.8042708339807	18.0020938425047	24.5293585284549	18.0827293322381	19.8261606055854	30.3791474857416	60.9735718074132	17.070773434136	22.2386684803196	17.7609062451691	20.7149333571353	27.8348999490325	14.3234950026942	30.2942793553489	50.3311726101005	525.522134663174	556.591491367884	57.4620439685783	30.8574771771638	33.964818955505	34.6981619811518	24.8637821913989	45.0506085126816	97.5784627567512	101.743551731431	53.4712502447617	32.2331802927639	30.9458741502256	50.3543234652347	47.2557716169821	57.7579233405231	47.4348471965671	96.8283867873028	81.680181691712	75.3118949078589	141.837309458938	112.661446006039	38.7473332487943	137.428171380791	0
725.329	42.5392442929508	28.1276703478097	16.8842182417719	17.1802041951557	20.5404969160714	15.3197296641149	8.26428500791463	8.26329474604954	1.72029336479352	8.6455751582616	6.74910621119932	11.8128426426342	3.60745898552744	17.9483473529599	18.601753768442	11.2859867898472	26.6598057118678	23.8313291823081	31.6683836588784	6.31767521159951	22.5592461463663	32.4150951071972	25.6186366120022	17.473436327669	26.1034150447846	47.5230750771402	45.001228679135	156.819234015777	724.800482365876	213.442868093417	32.0099268336659	17.1790495889424	25.2910029785467	36.7370802693744	43.204520982144	77.4778414835059	119.836056587038	66.6679919769148	46.2425541243167	32.0646162660866	24.6978583503413	52.2767014930873	42.0353767622144	74.332641112302	72.5118813115865	56.6815696892703	114.039345452545	69.3021833459249	139.153362356482	114.038461206532	73.5392366276805	398.775980657231	825.928164182031
730.072	18.3446392245531	0.496540980935994	-5.36506263476149	13.0708053867849	2.90082992626172	5.02667398437369	19.1514265207038	10.721657196453	7.41859938089193	5.79961042051204	9.05484851964078	12.6532723185285	8.46982383400452	16.4896756994536	21.0095471139232	19.6842021524722	12.812336775822	6.31045768608062	17.5491705074461	42.5431247843367	33.3251417735016	4.53013342866747	26.2304258469916	12.3075767234326	18.3444901441337	29.9882026638236	28.8519130374384	428.932315744679	520.022267568759	37.7141373327262	21.2109821694468	22.000404904148	35.3893246898787	19.4984761781646	29.9672236024794	63.7047317962815	81.016258177831	42.0521352133101	25.3802893361406	9.62268573588985	54.552434709269	35.5065225151715	31.3582339842097	49.5835661592433	6.90194800489285	66.5403143637929	64.5466092171998	41.8402583524901	53.3409304329511	-6.20262906727423	19.7325876071919	214.627102286053	738.730352409566
734.817	11.1966973889686	31.0035551779027	2.25127352822489	8.06787136989395	12.7810058723093	3.71233239380643	5.58309383323646	4.18681863234704	8.71632506666162	15.4778062297357	8.79329477254916	11.5844355996782	11.7792541015835	3.95391686849401	11.5409076510551	7.62446154604291	12.90307006575	13.5576459420544	-0.46509075509629	13.2965388551221	16.050980410387	20.5299653974278	10.4753825928475	11.5093972013555	18.0545278157334	26.5275281452699	113.400024363519	633.636507124352	236.616099260939	19.1905101592611	12.658484298871	18.5953867204616	21.6242343051372	27.81845828213	38.2556318131435	116.198394665502	70.6797024189367	50.9207568131324	19.1700189428688	18.2415639210828	46.3927301489466	48.3394773029499	30.845878318385	45.7029482674386	65.5363558338252	93.3374934552949	56.3365484663243	110.608467499766	78.3397352284115	-46.8491572891251	263.308347673838	554.46411990464	883.45467150488
739.563	5.66329461647875	9.61131074461771	1.36643420569839	-4.72505925999192	-8.49638211499434	-5.12099838584478	3.59409449954915	0.445830476368957	-5.79431925348768	-8.56723625934999	-9.88367218504829	15.2344732261161	4.93071895107267	-3.59980730097562	10.1181536267484	-2.31387366437872	12.2369600440291	6.42887199862577	8.46875213362583	0.498177435720855	-17.2212582391501	-2.76908421528651	2.3036753328351	8.95608972827335	14.0165402673751	15.6883125865069	343.738462011913	523.479733493101	35.9450056872724	3.63996327768159	3.60150024282419	15.6092189947215	0.810188704965904	19.0366789827965	33.1095139042883	78.5155499858233	13.4361760393175	21.9306317049801	15.0829844261308	2.30664782572858	11.115219763944	31.4837284479311	12.630076528017	-7.70552398588532	-12.0539339993403	-3.63154973181086	-30.6869788185203	-12.4324028926115	2.26424420580888	56.8711800013754	-115.59147464006	294.708281401662	-329.259201489012
744.31	29.7640605864583	3.5788767217846	18.8743067152347	-13.8926224687083	-2.98686688670674	9.6614228976704	9.08132423201559	2.02769181391057	2.29158924167794	5.07588002295529	-9.32341016017926	4.34285371857934	-2.49172399319226	-2.82979167865832	23.5992854112057	12.4726303734268	4.94712876527818	6.93079707776205	2.85310561443417	-5.53855431610379	25.3621865166495	14.9263827242845	24.2144323477439	-2.26296650473929	25.7571508019064	95.1364990113545	573.522577761069	227.218922615955	16.9261982140643	19.2119758417402	21.84008779794	25.8890564120231	23.7467326777545	32.2065170608035	69.5347253086259	66.511578880448	32.0096754368588	-3.60828146245419	17.9664747874265	32.638411166985	39.9434160327005	12.8635720103086	15.0178145635658	48.4582108582328	29.4418599275252	25.6926982953625	47.2611732034151	26.925760338645	132.730563985734	6.38659550628705	182.860604068655	278.643120462317	475.400420721325
749.058	16.7688308903081	19.6267434813663	-1.86021479289736	18.4204186692038	20.3673999605065	2.44004059559464	2.35906331755117	9.10406564554051	20.8350830042781	8.44571474617701	6.05487546238649	11.5663535881606	10.9078204995167	11.0264608578226	16.6883286357232	6.30005016183412	27.4872855922821	17.9416759507411	12.4898118705918	16.7854745811296	28.6356682565014	18.3774458865594	8.46758187742552	16.4598765274778	28.6224270168423	299.707678748925	458.922117638806	56.2396509686984	13.7627574584861	23.9506948924391	22.8804519103822	12.6681702851738	28.1255311797201	46.4795240106155	84.7334755714751	50.9727296481199	26.9473445561098	31.2442114534594	48.400244483374	47.691606493748	34.046693449399	54.0319975010374	51.5824071767175	60.3176468089791	27.6915304724397	72.9219686796868	23.8720905674398	101.55017933092	161.829218569522	41.9371312247647	230.911793215295	126.185551535273	0
753.808	-17.0917668659807	3.68507953020246	-18.960390124291	-2.23513822650001	-2.69106412972078	6.39522299243598	-11.7553060358412	8.11946864355259	-6.2922451280029	3.99674007694163	-10.971521626588	2.43912407339516	-4.27610942205	18.3150971986177	2.42995918431285	12.8427544310544	5.51842884244541	-2.67617542018661	7.83405663440629	9.85048153253088	1.02411007303461	28.817478069872	2.3974031926368	1.8640958473675	71.1660026565875	502.258107438205	214.549360023739	16.1352842342375	5.95118878831418	18.0985072332204	2.08223983489001	23.7416681162774	19.8140773422391	57.2802365794548	69.3607187793838	25.9771840197836	30.4626230363291	25.4767327104518	31.393308338459	27.6057111881192	41.7713693561482	9.06257178338561	17.7829867133069	37.422152560524	-21.9526354358289	55.4297889515115	-1.5207388683328	-35.1180541359433	37.7018841885853	82.201463606735	235.35871773401	-9.8935112815702	-979.015761222541
758.558	29.4042645241988	-10.1842184105935	-4.3436524208723	-2.27577679452979	5.47998439326949	-1.80874969181304	-7.61666006735215	4.25164845823418	9.07608568031123	-6.88668965961292	-4.88731351592359	-3.31129526242846	7.83694129550907	3.81438336178183	-4.53592319520696	3.6776973607501	3.4577003999137	10.8993311413918	8.9735545635462	7.91808934403417	7.29911080279874	8.80242847051753	17.0869440725129	17.0818941742816	281.738571495604	452.332988671983	40.6620226070439	11.2406558168078	-4.76095038460551	2.14274052331798	3.81617721591894	14.4191802103144	22.320535934656	59.6372142982778	47.8405831178949	24.5258933861298	13.2201410200466	24.8591115744718	25.6854306096716	24.4414168657438	23.555543830719	-17.7448933917105	-6.297847404344	25.4017001093045	4.25748023407058	16.6747441656788	-20.129049925757	-18.8192417679425	52.7826307015842	-70.3046604246231	95.8551738516999	-171.247662945052	-498.407956262737
763.31	-0.612101293845816	-1.6402287307285	26.5836966541178	13.9280389166385	24.3551146004766	-3.68992485827022	12.2086677535953	7.70981359514045	5.71805095614083	-0.638597014411213	-4.27299580340571	0.422198783129432	22.649223692564	9.51072374853423	28.1810302578346	19.5902687112901	24.6884859223181	13.896931503008	5.59363011013784	17.7685559898544	26.5901618951237	27.4347966496142	4.97972557431878	69.2115571311559	463.203889792424	235.156720537504	29.5627603675829	43.2168823997473	30.0205703918292	7.43117615882533	32.0056610095459	28.1179766361639	48.5996688190784	80.5118863818748	28.8142892459355	43.6569833439975	20.22722956105	20.3956970472646	39.0084053038685	61.7036191849422	42.04750592849	26.7882390869509	39.3466065954033	42.5668625700338	90.1114126164799	48.4090553182225	71.0724840942537	101.738902330296	53.8393847397001	163.913647296819	162.957129258105	92.4756298188913	101.677303150226
768.062	-27.1844251843105	-24.8336098705181	-38.2610177537003	-18.2758466023067	-33.4489596852735	-8.93867082463415	-13.7232147281514	-12.1592862965557	-19.2384884436177	-5.47885730803893	-11.1418445351124	-24.7166240071266	-17.9302901145261	-20.0721039910191	-13.1609711662584	-18.5114053964933	-17.3546243247171	-12.6242505893578	-22.5838466408606	-11.413048695255	-5.36778555760036	-14.0974728744531	12.5657842570072	230.095258877742	400.349190100234	31.0770689069617	-19.5959822369338	-20.475257423355	-4.01048334027885	0.882435174568253	-17.4622118578537	1.7465252980736	14.5837244882378	24.8310089745254	0	-0.495117066665721	-6.28198973835118	-14.4661963875148	-1.17532390554426	-29.567695814767	6.06298342184582	-9.50013933354404	-19.4521058890893	-26.1526692410415	-40.5459620779673	7.92355933114368	-36.6657858433106	5.81268265359822	-125.977145588327	-55.1490504974334	-191.895298805375	-725.983931974503	-1128.91406545778
772.815	16.670726769768	11.030129915504	9.93159680977462	5.61975567823955	19.3316557008855	5.5831108830142	17.6328949384483	3.88849329298793	3.84524692977989	-12.8832178719614	-2.51429789713876	20.0162311224849	1.791886956582	15.2625255024811	0.424277045015118	8.82936156673593	5.33648321277949	14.4852777787453	18.4659234939385	32.0448083665226	18.2388464106576	23.1453823538857	52.2403672359047	417.911016111603	209.771607099121	8.55200315820898	2.67047737357177	15.5690772992032	22.2662716465137	0	9.16182196003635	16.5814222018751	64.0391863168297	50.5327567981299	25.7837679132071	34.1413177126609	21.9729596708806	17.7932089408113	35.8245464300245	36.4645542387213	37.701201409731	19.718491082642	-3.23995267208687	25.2025825338117	54.7569414401	14.5172728912375	44.6081779370954	9.68163385645661	81.462703556495	117.117088010818	147.939227508093	-103.645931795073	538.456710779439
777.57	-11.970388850033	14.068718137116	10.134048265147	8.12360874029314	10.684766859558	16.7109661191489	3.14151865963369	-2.47984912853192	0	5.58698067852045	9.89569598245818	3.47646870448458	16.4557244180871	-1.77984522446241	6.4938863321739	-1.71606560319394	4.08394889665895	16.6877223934316	6.28078121213794	22.722358724967	3.8316018756185	15.9159332754418	208.095554984043	396.041841585973	51.9762660315417	6.42992896947352	5.90398020362674	14.0708525621926	34.080240449637	6.29894811129336	24.0392105393456	41.4080727423189	56.7822027467157	24.8606578698794	12.4371516499895	16.6613050632429	-1.60149066299531	15.8864265681818	32.9592592957685	12.1887846580116	17.860943593736	-2.23560492139699	4.13249719362921	29.5261528305133	14.5270160971006	14.8132014394017	100.7887434108	9.87898992136383	90.6799491979213	17.5741869064	139.773061952622	137.486324106789	-968.048488788083
782.325	24.3094966375426	11.9997314560154	-5.14506285703506	2.42609494722819	-3.75553595320614	-10.4123883733862	6.66979532026812	9.06495124364221	-6.8298165772384	5.33931991172913	8.55949472050481	13.6787919213077	-6.03386472546618	8.13265714199551	-1.31878011595363	-2.61374284912206	-4.14684699114652	-3.87308226270362	2.12583778843	-7.8783505874015	17.7856617126386	32.8434429529605	352.861418837234	224.592177062679	-0.479788797687409	12.5915622254435	17.9847274018738	-11.0613382362407	13.8420480904396	10.05079437715	8.13648182328109	34.3600172748534	51.2504196456683	33.1905858289376	18.4573305784679	19.4812305123473	10.2989860385589	20.7399832484286	15.8207043151306	7.81674170818637	43.9449841950657	22.7003612833446	-4.19614299467417	30.9480193735896	-5.67336574297956	-20.5109234978488	-37.9652172459774	38.118328739387	130.441761721071	164.172639432218	39.7392094022551	53.693765884332	-531.328479688268
787.081	1.97067518468848	17.6025225963877	31.6988391979935	-3.98592570512377	21.8524942265034	11.4838104583557	8.33765893216731	-14.4794618939342	2.04548953604499	-3.76929448378921	1.52855724275139	-4.53093125426625	2.85959738326126	1.85575813638027	1.35417195068748	-2.68388733631433	0	13.9195818529084	3.27433269956655	8.6676217346189	18.2629719119289	189.50157055133	378.897849947661	82.06730375117	21.1845860743353	18.6759147312542	-4.73522561198139	-14.6709942916429	8.05433045371541	16.4190178554717	31.5627248738418	45.9596168352333	25.3731616580727	21.1208148397671	13.9651224771603	9.47559995428022	32.8393311870148	10.6482889880552	4.37372959447941	44.8147256196068	27.2178479297396	23.3095662790978	25.8525242034875	60.5778897184492	30.2932276908112	8.42454839816839	-1.69496009077934	86.5228794392198	97.1738986541577	-14.6590006337972	-134.075813968717	374.916195272175	654.705161314923
791.838	26.9062451653967	18.1715006870627	15.8339331977238	23.3944325589902	19.6908341828865	18.9891139455309	14.8741290011947	-1.03323671946977	7.2981817743457	9.24286464488934	12.9800414151009	16.7480651714127	15.7124180547254	22.7108248155888	11.724689556374	0.446877486879794	12.7619234329111	14.8992654514134	15.2652890266253	29.4411189687009	52.4547408116522	336.384241495709	229.572469808104	3.1134347898841	21.6560701160522	24.3984870576116	17.0301558345794	35.9324551188271	33.1324848288104	24.3701341403171	59.8178407908215	50.552559370313	34.7366547034499	45.0776525307707	40.3596305139108	37.3394576868245	38.367793847513	40.187564005311	57.427136547742	52.7896126839662	32.9157279028073	35.7064122531184	49.0718012404249	35.7159536952919	82.6429849877169	108.009399027505	126.997796429909	162.586398226038	204.652922562297	73.2233869294586	430.952863914245	0	899.339996023723
796.596	30.751111476941	-4.77697353892669	21.5060817610571	20.2818887718096	31.3958703753463	31.0304401537233	11.5153961649912	15.5247851912549	22.3033283625051	31.733499583216	8.55566141959773	10.1442360528673	42.6820731310664	16.0527518372473	20.6716082387906	15.022290756033	32.741233028091	7.08280664960415	33.3220719739661	29.4027457179613	192.246596324375	387.336429796407	86.473337828982	40.1731478825885	20.5562824648893	19.9806827834524	24.5765006179465	23.5995176835956	30.3759776661191	42.0117716041128	65.1859285400539	41.5750777156933	44.9487763225059	37.1262237627315	47.7115761838546	39.1080592987572	33.9862098904726	21.0709715732117	54.0482961861079	45.6068350289438	51.7532619656509	45.0709784665442	58.7578226714717	74.7868459620772	55.7287435858742	88.5923580844606	108.669887918287	230.61287586898	227.183100137275	193.935318950822	154.242887565076	347.877364075794	1582.40837014312
801.355	28.2773204774922	21.6496722923506	16.2445817289021	-4.37711133371137	28.6083500446931	13.5675367198384	1.56958820073325	4.54300036468754	9.24166248570202	6.32171713151972	1.67857248891345	6.36877397523295	18.4227601433216	0	27.3621381085277	4.71566187521645	-1.24694288276256	-2.62040119573306	13.4238770860965	25.3820722462899	279.270491110698	207.394159462361	46.4792895398438	22.3592658180501	17.3125044965339	11.3587206859091	30.7836970543795	15.7990084588477	14.1516741545265	34.618384526918	42.4079517394196	25.2860664525894	26.418562406791	13.4944861461042	33.3003417518228	28.2106068015717	23.9599966340551	38.9777681625595	24.701014111553	12.92757305279	55.3734062404568	44.3684927349501	46.1806364970017	46.2390130348264	42.9902402597559	37.0053924764539	69.9851206274285	220.795330832585	173.044399126361	93.3664294969303	230.453602078669	678.11242931497	143.791811179375
806.114	9.23341076816072	20.1032671286112	20.8858907943027	3.06397793359796	11.6691954129669	11.8281089352437	-0.523196066911082	7.49595060173443	10.2685138730022	3.61240978943984	7.38571895121916	7.56291909558913	0.837398188332802	15.0803522782481	-5.55173816694764	1.57188729173882	12.8850764552131	19.6530089679979	11.5061803595113	101.52828898516	294.813373021706	93.1157450647336	13.1456576476326	16.4272157030572	22.0734432330807	32.814081981515	14.5598567149092	21.6196957857916	23.308639783926	34.618384526918	31.3981950378395	35.8899007714173	20.2267118426993	21.5068372953536	23.2226067479817	44.8594895041385	28.849791865495	25.4654751995389	13.1738741928282	40.5455700292051	28.9451896256933	47.0988615186393	68.89242493815	39.2595393691922	31.730891620296	66.609706457617	68.496075507696	155.642610259035	163.815364506288	12.8781282064731	-46.0907204157337	368.118175913841	671.028452170418
810.875	3.46252903806027	20.1032671286112	5.56957087848071	6.56566700056705	-1.12927697544841	1.73942778459466	0.784794100366623	10.9032008752501	2.56712846825056	-6.92378542975969	6.3785754578711	3.18438698761647	-6.69918550666242	2.8530396202091	1.98276363105273	7.85943645869408	4.98777153105022	0	24.9300574456078	193.919031961655	198.547781830945	37.1522417177472	15.4930965132813	10.4951655880643	5.62656396137351	24.4002148067676	14.5598567149092	13.7201915563678	5.82715994598151	30.085024648393	27.7282761373128	4.07839781493378	34.6743631589132	18.1332157588275	15.3356837014973	27.7481378376115	31.7836690043588	11.9531822365183	23.0542798374494	5.87616956945001	39.6423249221452	37.542570775727	39.3670999646572	29.6627630789452	15.3536572356271	23.4367485684208	110.189338860207	108.587867622583	59.9887250304718	64.3906410323657	25.6059557865187	106.560524606638	1150.334489435
815.635	-30.5856731695324	24.2270142319161	22.7424144204629	21.8855566685568	3.01140526786243	12.5238800490816	3.13917640146649	0.908600072937507	9.75508817935213	10.2351610700795	12.0857219201768	-6.76682234868501	24.2845474616513	12.6348897466403	-12.2931345125269	1.17891546880411	5.81906678622526	6.98773652195482	88.2140494229201	234.530347555719	74.7061098303303	10.3461938960815	21.1269497908381	18.708773439593	8.65625224826694	7.99317381601007	10.3998976535066	33.2610704396794	29.968251150762	44.5093515346089	11.0097567015801	35.0742212084305	26.418562406791	10.1208646095782	25.4134187053385	38.3849240086958	19.0702014026153	23.3866608975357	13.7227856175294	39.3703361153151	37.7545951639478	21.8429502695139	7.57059614704945	34.8973683281708	72.6739775819684	81.4118634481986	187.619685086298	141.164227909358	64.6032423405081	-12.8781282064731	230.453602078669	387.492816751412	-623.09784844396
820.397	6.92505807612054	4.63921549121798	-1.85652362616024	5.69024473382478	-8.65779014510449	6.60982558145971	2.09278426764433	1.36290010940626	6.93124686427652	-3.91344393855983	5.37143196452303	17.5141284318906	5.02438912999681	9.7818501264312	16.6552145008429	1.17891546880411	4.98777153105022	24.893811359464	157.251131579988	186.812051732694	19.5539482106234	10.3461938960815	10.3287310088542	-3.65049237845717	4.32812612413347	16.4070409907575	6.23993859210394	12.8886647953758	29.5520254403348	32.9698900256362	1.63107506690075	4.89407737792054	26.8313524443971	20.2417292191563	19.2791452247395	12.024193062965	20.0481604489033	28.0639930770429	45.0107368254965	15.865657837515	21.3942705929038	-3.41296097961154	-1.51411922940989	28.7903288707409	26.613005875087	83.8788896132955	128.057880296997	-7.23919117483886	4.6145173100363	90.146897445312	307.271469438225	145.309806281779	-335.514226085209
825.159	-5.77088173010045	-7.73202581869663	4.64130906540059	-15.7576008013609	-8.65779014510449	-9.04502447989224	-0.784794100366623	0	0.256712846825056	3.31137564031985	-11.0785784268287	-3.18438698761647	1.6747963766656	-11.4121584808364	8.72415997663201	-7.85943645869408	7.48165729657534	49.3508891863059	211.42606410602	100.005364650382	5.01383287451882	-0.940563081461955	-2.81692663877841	19.6213965342073	3.89531351172012	16.4070409907575	20.3837994008729	0	41.6225710427251	18.1334395140999	8.56314410122896	13.0508730077881	11.5581210529711	18.9766211429591	-14.0211965270833	21.736041306129	34.7175461432227	-0.519703575500794	14.2716970422306	14.10280696668	7.55091903278956	12.2866595266016	29.5253249734929	44.4941446184178	28.6601601731706	99.9145596864255	110.189338860207	0	-41.5306557903267	112.68362180664	-25.6059557865187	-348.74353507627	-383.444829811668
