Wavelength	500	495	490	485	480	475	470	465	460	455	450	445	440	435	430	425	420	415	410	405	400	395	390	385	380	375	370	365	360	355	350	345	340	335	330	325	320	315	310	305	300	295	290	285	280	275	270	265	260	255	250	245	240
248.336	13.170761254675	-18.3864573610889	10.1603664620299	5.21117872392369	7.49054789988088	-10.7051260145321	1.03882262558083	0.226884553864939	3.07850950975877	-2.70615792296831	0.334624713226649	6.35382505861154	-1.66532468260501	8.11647483294471	-14.9983967060166	7.44390735229666	-7.05254903455342	-10.0307628611567	-2.39014331631979	-9.60938082218598	5.9854854282832	-2.80943243048566	-0.467263890228859	1.81560994795432	15.4933681947546	4.18357694620601	14.0467366036677	-7.41912523587532	12.7804657875284	15.9030698642003	16.1577641713218	3.23378710503936	12.2713702218399	20.8904315023637	24.7578615548731	27.5248451024021	34.9326863059128	33.5025476839238	61.4899907677997	60.0161235837175	79.3337466759809	76.5624736287607	332.895543306957	642.628988641139	889.240476472847	926.467511845022	857.247979484491	932.098219389006	1030.83465306105	2367.90748557328	47874.8389938269	164952.593918748	60279.9753170178
252.814	15.7746780223441	4.89367553939959	-1.65942478496369	-0.520120951358624	4.03715780515962	1.24079767494461	1.55525296943704	-6.79351541694719	4.91619230062161	0	6.81328505815346	8.08562914341547	0.997283306666571	9.23508033863115	-6.14545748259864	0.938484231853138	-4.96874626104917	1.04468593856	5.15283307651448	21.8068999449328	23.2987362493211	12.3378546047173	12.3121678466885	6.52369178728639	19.07193207708	8.51817010834891	32.1632187627131	24.6831070944782	8.88806290314417	5.86066951516583	11.1275290319328	5.32554120517968	29.3949469433737	30.0246727725614	43.6985661126961	27.4721888829806	52.2987878487022	67.9057872866796	52.1393481815521	64.2048994153774	115.219129881555	305.934524355651	692.118122149205	1018.63248287358	1095.47710474295	1103.77084276844	1090.34799174128	1163.60947094616	2304.65227277655	43304.4967289258	175975.451456542	77885.9807457247	4432.67698498698
257.296	-10.1788342643379	17.5516236790419	20.2493999430083	9.77759548058102	-8.4325889983454	-2.04608577980899	15.6955062215657	0.53772306909518	-3.64807906405918	3.56315217244066	1.58614083441256	7.05879016885177	-13.3206811961908	9.61814209706599	4.20947070924085	-5.57124614957018	-6.88254360057462	-16.0210716893468	11.3294199868175	29.9664675259782	15.3679246471457	12.7620052700966	11.0742916981817	11.8333847605421	10.1999273717569	-6.94064032959345	-2.44788081603209	-4.88431809124098	3.41984774213572	27.0600210109945	23.9339853460545	-2.87406397433291	26.6598828193072	32.6772186803339	39.6326162513738	45.6642849982225	58.0690343328193	78.1804542780274	86.4081138627078	104.263285550076	249.464003409535	598.963120981189	949.260046310977	1058.1294821202	1110.36517772096	1116.73154207092	1173.21228132076	2037.04528833176	31879.850860066	153096.25178828	81881.485687992	4497.03797826604	3898.41149387961
261.781	-19.2805127011609	-9.82636849548862	-17.2157477607524	-39.1645815792659	-16.6633693052289	-17.4404178596054	-9.99329925057762	-7.09342177903076	-10.180068467994	-18.8014557489759	-11.6689966594688	-10.982990604865	-20.0251798199671	-21.4717594358452	-11.3906888081945	-16.4889464743922	-19.9542169596478	-30.9410925280062	-12.6460275825416	-16.4203751003165	-16.1941963835699	9.00875610226634	-14.6087505695831	-13.0993971579762	-30.5332376758173	3.01839808825969	-0.496791352302805	-15.3645341279921	-13.8809926803481	-1.96134438632881	-2.91440584889311	-8.749262540045	2.95121303246808	0.502406109416635	5.74524383174522	24.8235364453135	36.7550944062229	34.0882473451156	87.681564099538	210.899095716743	493.511320550201	856.283813630035	1038.24963973344	1018.52751928015	1037.51973313415	1127.30281216734	1809.70595361815	24326.290362301	135602.03070589	86784.7299362871	4899.83830369403	2995.40587007865	18674.0089021138
266.271	-11.2056852043776	-25.6103084269256	-11.861548256418	-13.2779223508579	-9.61918502495294	-3.80108860556473	1.58813276874806	3.60731175155914	6.58891556204179	-16.1807518659729	4.09254445732568	2.91408298221219	-21.894890476719	0	-10.6198727881897	-16.291522372518	2.02951646113827	6.40063065500407	5.26176977090982	0	15.2508319056646	-4.58134208946982	30.2882013579115	0	5.78990476220294	-4.60495790346923	-5.05279775843172	-2.5204935776749	-18.6561534900299	4.98714222420397	12.8448789442112	23.7300180825607	30.0163892265582	33.2143805163914	45.1536220974587	33.1025186365063	43.9103199012126	71.8628972733957	194.331959434645	469.625342529884	801.429134144237	1100.45169035266	1060.58494361863	1159.86093200031	1155.92461528716	1740.80218737997	18061.6083549934	119645.241490034	89789.6694529766	6752.13261345374	2394.85977355472	13816.7474439097	29702.5772786712
270.764	4.2046140358643	-12.5002125534128	-3.95618484933847	-8.5028897637313	-6.87490486715792	-0.84518528988219	7.62754000927805	-3.60944249178529	-0.941829636279302	-0.367961577109411	17.1988396071145	-7.28951062798976	-3.56638982141526	-19.368406958397	-11.592158897569	7.19168176255709	1.5230364306836	-15.4773273861042	22.8144702680382	1.23783752336393	0.61039360617045	12.0331264271719	-5.71813052239275	16.108399955596	-6.31999058217427	0	0.505578230764176	10.5923259295563	-11.0994002625266	10.978193583475	5.93190741337234	20.2813630191588	36.541511553841	49.0840605652063	60.5947460467169	62.8757965319985	74.2166495341489	134.980208505846	425.518735251646	729.454476954559	996.071476492302	1014.04169838358	1083.28165655202	1154.18687374824	1589.40241100474	12992.587268805	102903.100218375	91114.0403109185	7636.16744564039	1815.48693140757	8258.70011522199	26768.6430434928	8998.92133497186
275.26	-6.85960271489986	-29.9783385866396	0.553226039672922	-7.28280496982473	-21.086153805238	-4.55028603261461	-4.66647120068796	-2.9896031178943	-6.4534874579516	-20.1704030658	-5.6117972235156	-24.2605905782963	0	-32.5707812346652	-4.72799667026803	-13.1407850616069	-16.3993658684448	1.56726813639152	-17.7513568390752	-39.379580262822	-28.0822506859607	-15.7051212795267	-17.911341772703	8.1558596483921	-11.3417989390752	-15.5355050738504	-9.40299153080217	-10.3684876305494	-6.42013651384148	-2.44231842796205	-0.967758939351473	39.2213356377748	17.1496701174135	28.0273060223387	35.3804301959197	47.8089062305034	131.929302658599	340.198189785373	651.841349642103	926.227265901742	995.974505711408	987.743120084394	1102.69718440417	1447.25992633618	9124.282623769	85619.0729047048	90304.1405369087	9525.0177650681	1811.07465761896	4698.04997292701	21606.7984108332	13357.9171474354	637.475694590431
279.76	27.3437867176714	10.1119808698659	9.14381377647434	-9.60948432687636	7.41522393605149	5.63053789251076	9.07390907629691	10.5695544777496	-10.7560673763523	8.40453381979578	14.0298256017034	7.86241478758338	4.36388399146255	12.7612428833484	-6.43548133864092	5.4754568913996	-14.0115748346269	7.11092212890128	-6.6807765168121	23.5609910919019	23.236455586599	0.545329636808216	-6.53033147359929	6.34359675273585	9.52332710924684	28.7469340442096	14.4347589644753	9.12064511700299	22.0868905829037	17.0966342298929	30.1087695461331	39.5450823046438	59.5488771468541	46.71328392875	43.5039293941677	127.69188378351	292.133788198927	593.079867295787	911.965770785391	975.846170604842	985.064500276468	1010.04155629676	1291.76160551393	7311.83305057576	70096.015632388	88644.8715477844	11475.4179549641	2108.48962442211	3276.17145774108	16804.0513035298	17541.6492803715	2300.51994738546	1887.52012268086
284.264	-30.4668729005456	-13.5865878715434	-11.2619339086708	-8.66424709105054	-5.81186111666452	-21.4349127045032	0.287862445607739	-20.873084192991	-10.8055394220271	-3.66612201414269	-8.15988982388514	-18.0469048774889	-14.7670079279631	-25.1900529128064	-6.56230030796696	-7.38243924738603	-10.5761750672099	2.90042059146256	-41.8585935209682	-19.0600626169527	-21.0089975523093	-22.3171842318806	-7.76885617659279	-12.0747293796143	-2.38515686969797	-11.1291656054535	-19.23310551803	-11.4215174525373	-17.8218669598105	14.9153655543215	7.16382319040726	35.8438810133125	18.1357448636201	34.2698913939786	58.7356402428703	220.682027227837	492.066935607979	826.107133530854	890.861276634	887.403324044788	899.429229859249	1059.663874331	4906.78331209638	58236.8949176749	70880.0788780681	13223.7136921726	2230.73668877718	2568.97845266143	12004.8728822494	19107.6012591611	3711.8534688536	657.917809491513	321.743569686343
288.772	16.8017887653611	-9.09827222946332	-2.419753593302	-19.1125423222702	-8.24171006242166	-7.96099256967786	-0.272142178088866	5.46823555163543	9.14013516493471	15.439070677138	10.1688176043314	-1.24839198824681	-14.8331125607319	10.2061780406342	0.413595388198461	10.2636495467928	-6.95555234512002	-1.37101381089844	-0.500920016203252	11.129497246595	7.3174643478267	16.1918222841598	0.979279501218487	8.08585467017264	22.5490262973635	6.57587376886193	13.8535458947164	8.20631617590465	14.6885306209049	32.9019420168147	35.5561727491621	15.2488954343701	46.7210666960421	78.3691046274054	187.065863894666	448.988230829407	781.425901911883	849.586587676714	875.853858813824	881.072193407652	933.443890016023	3136.023871555	45637.0019288219	57207.4529386568	14636.5514545186	2275.10988982376	2466.07041361902	8129.42885109401	18874.6635622146	6439.96256056956	1280.43716160242	1172.60163022575	1825.03825371879
293.283	10.9285964602988	-10.2601403449912	2.31944694720172	1.30859038307993	-5.64290315017442	9.71216090648318	-10.4344400342299	1.36736332865663	-5.66904209498169	1.51010929077206	1.00834004328196	-21.5395575372529	-1.25454987046869	-2.44577470248143	-5.15385670733489	-13.7734631096713	7.50062487141393	7.88508501128915	2.40077627240838	23.8763210228576	14.5292727710652	-7.05482666247589	-1.87737037014493	15.0454177116451	-0.432285918306422	8.40437658919215	0.414977231854872	7.45213046711402	21.1194649747658	11.4683816911472	38.5454061940286	45.8804457855714	68.2036535455738	157.375245854934	366.039524699043	678.280280032588	808.000745128413	827.829099825078	789.808091989194	852.742710676277	2071.22612816355	34453.2580324381	47505.6145239651	15061.9627043923	1811.91272324979	2164.81814119997	5545.7701836978	16949.6321056084	9397.01622626687	1715.43887838587	1104.10945473138	1006.70720731758	388.752108922881
297.797	-6.12524345725942	-26.3220103960762	-9.43091031193967	-5.06738144246903	19.6664049859426	-0.671595402254144	-4.29316874137396	12.1343145440005	-1.24731712876837	-11.4030981699469	2.60312862302985	0.772312198843093	-7.69201561433507	-5.52475616131512	11.130299898887	12.1911581479141	-12.102248779735	-11.0262314335587	-6.04289320551001	-10.3278215954514	-2.42513413553696	-3.18722710076112	20.4466594063475	16.77234501486	-19.6692965239078	7.72945709149055	13.6591309113808	7.6152019756813	36.4816110778426	30.9284810126259	9.42714406677248	45.2029633746876	115.349955283626	315.272983139066	574.836091908052	771.733521453503	787.886369484712	776.861866722191	804.827536428612	1610.28378042189	25927.2711229446	41434.2832456876	16954.2001476272	1497.39297854934	1681.97042065919	3482.22048057621	13864.0445693983	12384.2595528245	2479.24410169653	1508.04146224957	1178.26206625867	1031.36486422044	752.701245534137
302.315	-7.65309505532242	8.28839633489897	-3.08610545294404	-19.4840219626459	-10.7258291545984	-10.5488738516944	-3.2229293946386	-11.4790733370697	-12.7346973344027	-8.03701334478126	1.27774453990034	-15.9217423336183	-13.9101880907235	-11.622103424123	4.5213540503755	7.10602923137865	-0.792051132216607	-4.9958961696255	-2.28165497891542	-11.5872152880347	9.04685778229902	0.893970869051489	10.7053160301665	3.03309932762505	20.1310047623228	-4.39305334294878	18.5361873448014	19.2797903694358	20.0715630879525	29.1946755853651	40.1033491701435	89.1372945124993	250.29712664616	532.856042420039	724.364586335623	740.093122300822	750.772804820701	747.883747873425	1272.67671758723	20244.0998430409	37484.7528101459	20888.094918162	1287.64082648404	1307.94329780419	2080.9636623715	9764.78560560206	13983.5724452892	3689.20782959496	1607.273799919	1434.56147995508	1303.11640812173	1012.48998012927	1431.66941707236
306.837	0	-21.8790223829999	3.51719558291747	-0.413403893613673	1.0696081052085	7.88971240122516	-4.69737087012576	-2.15985586995056	0	-3.14864105158632	-0.318550178397484	-14.365432562421	-14.6642714878079	10.4308825532761	0.375734505703735	-13.0537485641937	-2.76449032043676	1.66068001481594	-6.37091505558308	-3.85169270994905	-20.8925114530925	-3.12022003848284	4.44817700868041	22.4691035942155	0.819394750685657	5.97391254983701	9.04574203534793	29.0356636816408	33.7522928194855	34.9364449330071	56.5273269581813	221.64797198606	459.098051758507	677.745803803813	712.845441124431	740.660735000938	738.067535795332	1071.11981536255	15042.2404260287	34789.0650888272	25326.2872092263	1265.48312021203	959.296529424162	1293.59757088606	6085.29526852534	13836.4393800053	5326.21271545802	1941.87127443497	1550.47917397965	1326.87310002575	1450.38074698034	1269.04964924451	1082.28770895251
311.362	-23.9555644391311	-33.9910271528201	-17.1246612280981	-29.7274672092065	-30.6233523526666	-18.7143882878929	-6.41985836705114	-11.0013453169085	-2.9269222746237	-17.7244597842333	-4.77221455875603	-23.4087191000613	-25.7290040046561	-6.17345268017835	-24.7671403745989	-14.5272247504263	-9.46627517826212	-15.7565239586595	-24.9969670676454	-20.6766868228296	-28.9280165370481	-17.3621153904246	-23.5455467840679	-16.3989804896093	-4.91015585458074	8.75066649227488	10.9982919387001	6.66192606661306	10.9752320128073	28.3015297260396	190.490639843538	393.158583689064	619.524192239357	696.353900658356	677.668885173032	694.364304721735	914.268649425156	11183.2964790203	32446.0009281926	28194.733381645	1562.59266906905	763.354998230184	865.919589842731	3549.81009621102	11803.5021639926	6879.22367839075	1927.47059263214	1491.20406185152	1343.7929246282	1230.75709320946	1152.03310086356	675.354434696758	0
315.89	-26.6508582095595	9.70191870291846	17.1073750157871	7.42436482455735	8.18169909782771	2.95192063441783	13.0734242722026	10.3437554699375	7.79724730739243	1.99912865814185	9.85262113616978	10.9381870462554	10.6766441768873	15.8035037823053	11.246427084236	18.6058467671258	6.3044797332575	3.72804129246022	8.62659911612766	16.8128727360599	7.10626613572675	11.5630596559	23.5217791126807	33.6270865976493	41.6941947059258	32.185840688844	38.8475642566989	37.5823131845184	65.0017656511338	170.412368904393	387.886358914672	610.834692414249	682.226198479153	667.87255852356	692.248953966543	854.443409298362	7857.9070769951	30752.0269275612	31677.2653831587	1931.4711281782	754.105089701036	737.486726064854	1874.26525285505	9147.30735137637	8218.20353260075	2193.50330254457	1627.0265311016	1561.20433195068	1444.69660591668	1275.16502457655	1510.2136375578	1321.61914245516	3147.58648789636
320.422	-0.544765675706247	-20.4066418864107	13.6199364092158	0.413124942748993	-12.8266364411476	-3.94219434603114	-2.22356901044841	3.02175786189994	-5.36918822241084	6.57907986226136	-8.5950512528925	-12.0890435855922	-1.980321153642	-10.8099124508774	-15.3947198872107	-4.09983839236478	-6.31457128352398	-9.54246680595271	-7.73089107465877	-4.33023043378215	-14.2352822032321	-0.890889891512036	11.557456378945	10.3633579423971	5.73189295714579	24.6755104362264	12.9699157884069	27.4476351127406	126.681794056158	312.276235145778	541.066472210527	676.031610053389	642.848361992945	661.389693318258	737.983111963485	5568.66384422939	28957.6806469904	30763.0055702408	2510.69765851118	709.524474383604	662.012408208901	1042.90013780537	6383.13121849246	8737.63250081839	2413.13959299915	1327.29011831777	1406.45147840027	1238.00286573522	1226.9068332246	1231.48280365129	1104.07473838056	1360.76219454343	1219.62857782922
324.958	26.982278538645	24.5666523840589	13.1473744366483	0.42629384727601	-0.367652846115536	-1.35595233675704	1.52963214443931	9.35424118365456	2.01466843847218	2.06615553064998	12.8108209542665	-1.55929973197014	8.58247535189939	-6.77237058155384	-6.19919881607995	6.53808589801244	9.77378490550585	-8.56230049530977	26.7474963183024	9.43299810883236	20.0750359169725	-0.459644093170527	14.6779884345616	36.0912499803571	12.2516810279313	34.9076834701071	62.0500727583659	133.52066273508	305.148104495499	543.588765194004	664.583616246329	667.027123054557	683.015343783202	734.970239738949	3778.11656881882	28240.9061220187	29867.8857496736	3483.04977983168	685.341424886306	609.736598310471	729.105612241022	3932.78074067674	9006.87760592613	3111.6578355257	1182.18069344386	1296.31367436399	1331.0678432332	1215.88002716331	1234.53436236808	1277.02873042258	1395.22760318887	1461.45005812728	2089.59462473602
329.496	-0.571913608309658	4.59076917256074	-20.7561401395489	-15.1799435113815	4.86266477785735	-11.0364006331037	1.55625244981699	1.58617229324958	0.768648700360547	12.312376105459	-6.01558553198182	-5.15591812009991	-14.1372596260525	-21.8866150552453	-0.788385493490934	-2.73900476199625	3.72895456232877	-28.3117603167481	16.7097276595522	-16.6687538324598	15.9409977012757	9.82050960517548	3.26668794191354	-1.81330117374381	27.0789162825328	27.1586705454423	97.7895070446235	273.335264088806	496.980841831226	646.71695493029	644.278411142251	645.531279015901	670.390380837191	2774.05971862441	27186.8704435691	28714.0582119246	4670.66648274949	647.578628258287	623.900396244376	569.719123193446	2166.73808225027	8189.88748419208	4314.63391066486	1049.2152567053	1042.38703799143	1163.64002923944	1184.76925480875	1115.30531128228	1082.14392466709	1043.24252391938	1220.36912443722	1496.60198011025	1111.29727275381
334.038	-15.54073469605	6.16029550012793	-10.2125480564006	-18.7692931970865	-13.175781227362	-14.5782072946825	-16.4454854951451	-1.36829872323588	-3.86790014267561	-3.62674160619486	-19.1715668637614	-5.98730345955595	-18.8311213635279	-6.52652752947679	-15.8688688933012	1.18139017265849	-16.2624712173159	-20.6029176245674	-15.8559628304172	-21.3508827339519	11.0297470710055	-10.3541574004717	2.81798198036424	0	7.35388786639095	66.0194883812495	214.274733849739	470.219677635891	600.037359173591	640.209523536977	630.140991033209	652.923132556854	1904.01921088503	25747.4049361819	27302.3518307452	5908.11853887565	607.146617501349	566.769590124425	522.340976759369	1216.44353279498	6237.39346168418	5738.98708997801	1135.99607787012	845.279580810051	957.140077540739	1073.92338593559	1104.87043216469	1084.62489108846	1146.64921870061	930.771068958485	976.39211431085	841.126658731941	972.545122328655
338.584	-31.008990699329	0.512160861988126	-12.0412304723519	10.8869332525711	-3.38015743761602	1.03887231858525	-2.60430735964712	-7.0530579773619	3.08710448755416	-2.71371332183423	-15.4357122258022	-7.16801004286963	-0.417493537425153	7.73217867622377	-13.852881326149	1.96439215995566	4.99216887933806	-0.437337740511837	-2.39681642506494	3.04301353401016	7.50274559298464	11.2691046574835	15.9313275551191	31.4067127626618	57.3991963197259	218.992425476742	415.121352740064	602.213626639558	593.677046118932	621.542424210434	626.241137697629	1395.62676675332	20775.1866423221	26165.415330399	7662.39118877596	606.7772067072	543.454876622931	533.919310456258	748.67085237315	4377.63264809486	6682.01380863473	1646.95206096824	732.455676763396	803.357716298111	930.44943559169	1072.64639461273	1044.59001064714	954.473082852158	964.798491526433	1073.19239986488	1035.63834114414	1005.04674153144	1115.81883769392
343.133	-21.8011237980356	-18.9325679980534	-29.15006207819	6.09108977908187	-19.8871112193957	-22.4882515097329	-11.9688240727979	-2.72771140495768	-10.5379310643994	-25.0035090640556	-20.7855702853499	-17.9035860235448	-21.2726378595985	-21.5489227049418	-28.0757800632028	-21.1959731719999	-23.2754166018281	-20.0990810750171	-11.0152413539551	-17.7346283351494	-26.4853822010878	-13.1352279926931	-11.2353266962446	36.3801757151035	154.792542165969	323.157606072058	526.910882758204	554.5854262526	589.001982870031	579.301741057295	1042.50795013423	16468.1106997804	25607.4758379302	9063.3273840774	598.347134617195	499.591936767039	484.140114995755	518.970631873348	2647.38379093789	6624.05628959293	2580.98299881958	659.126823671151	645.204399043976	761.838938383031	911.268688584184	907.357175315229	940.155511767037	840.458803912775	755.065516743411	719.08553632803	727.355134360525	438.695280685487	-339.285505400593
347.685	4.03253995208182	-15.4139664837142	-28.805537166454	-14.8535833133393	-2.63741958782452	-12.853737059241	-5.22527319497023	-16.6619331613092	-8.5166890421213	-9.37712961126824	-10.4355970964775	6.39194236758754	-16.3343227330481	-10.6147164182299	-12.7059989638858	-5.91202435830201	-8.34689184353937	-10.9684114481546	-16.831374378555	-5.59670075408085	8.53030678756325	17.4287669390428	39.485632930823	148.403287143719	312.159246140942	497.465348760764	550.693559731571	567.236138405016	571.935233769676	884.428469141969	12967.5904287613	25430.1624388392	11101.4358021335	593.064621434015	467.103989958724	495.188958752164	486.622564636283	1557.62175084889	5792.83740772241	3662.4300160925	732.740829803901	617.537461297453	724.970707759885	808.540876249828	893.552758224125	962.80572862369	905.436025480094	852.937232828789	834.223968788404	860.655108390059	982.374059646913	597.125527640746	1070.71848816853
352.24	-22.1926914279262	-8.854984722154	-8.47817805565808	-7.52916786717395	-19.0983976189488	-9.86123839776476	11.6540646192999	0.462783922482287	2.87802972602424	-13.799599367982	-2.38890780125797	-2.43002005312322	8.91664669849405	13.6582396053184	5.23296619035852	25.172783716332	11.0005367854273	1.33435294561239	-8.77545775894269	-3.09482709929758	16.787089595803	44.8888553562531	129.144182636908	280.066570671535	485.885902526877	535.469604655609	542.273529567534	599.015965862295	755.993414443248	10413.435251901	25819.3374878535	13281.996203925	687.08226696493	458.919430819936	518.726584690284	507.629331314825	919.366201558625	4539.62989870021	4771.07504568856	1018.5559043875	600.771432983886	673.7293471963	761.787734534457	832.052340599745	923.490028364427	904.93140090196	896.850251335765	888.460124243022	948.518631540823	941.144083689439	1115.84284093829	1280.18063248881	814.108528478901
356.799	-15.3536909982608	14.7472144638939	17.1453201424346	1.34348364334368	3.86224657272747	-5.6977905333837	6.96323677871499	-12.166472551453	6.08476060158803	8.9921808357047	6.55643891811218	-13.9235697286004	-17.6026960902853	-2.92948917323759	-14.6527839853735	-3.63618753985157	0.855625255652238	2.69844632718665	-8.38029421814748	31.8147156178519	25.2040665924088	106.229815789912	258.275622327357	468.078796946748	508.609379932858	527.199966049852	548.742744993894	689.425675715025	8042.54794661462	26383.8425553847	15423.1381100524	797.84729682683	434.897464734985	501.518309814616	499.424160587435	661.358913639637	3019.48703044303	5291.82863325883	1655.40555003717	662.168805534894	657.068764701362	681.237482345928	805.923836017625	856.507994427802	890.812909196761	917.5402667454	928.146602711515	879.876450174062	796.091163363847	961.545163224802	1312.80939205269	1976.79137883868	598.677141150919
361.361	19.0284575171082	35.0033861437055	17.2647286725648	9.92082909475502	-1.16674355318071	16.4952342375321	9.70855230481039	6.12560295631836	9.32390549747802	3.12234719029712	18.0689085940909	11.5463273781429	7.34951049353393	16.0136972120828	25.4111017169405	4.06834639660478	15.077724465127	22.6436637370662	32.7618516246831	52.5185067348825	95.8209396731289	246.516427641052	426.502578133778	515.173232227081	511.704684761974	547.379932286542	634.505310217299	6268.58893949621	26879.3256696617	17080.9512426048	1001.25398617494	432.343792561588	463.836592662971	521.0638919306	566.498127973721	1923.1047826504	5044.68750591345	2475.40794038552	743.057295361004	664.965286308329	657.104217701762	770.410507491751	792.808920356989	836.392097845881	917.067940632813	898.512853531258	917.757041753617	895.31111539392	951.496187366823	1211.13412488511	992.791598306478	1545.96693740788	3516.60531999394
365.926	1.78936480879632	9.04355273351984	-1.44312032029239	7.23717876909368	3.51091807091478	-1.07906086151612	-1.35252720323735	3.5447922315915	3.47373913588583	11.587958934517	-9.75911957121392	8.68618672331788	5.63737435819224	-9.2993956883003	-0.822215824978457	-3.67269161513038	5.18528981415966	8.63086500770824	28.3807187398684	91.6612230966849	198.461418198346	427.234231808625	455.059753304103	457.17621963833	495.784635616398	563.866941246182	5035.59984336135	26916.2545316338	18933.8696445445	1257.19506239404	382.0337382481	427.348393764276	486.129576007591	530.488175147867	1149.57559463542	4220.62201060583	3397.98758714612	879.372683121669	695.448769210281	680.954617407902	725.477098326809	729.713947865256	764.704092234592	851.575184366268	873.292467091566	877.03585619575	834.496968101343	821.496290983122	987.805483549796	1108.03370561112	1299.36254418437	1479.74082951751	3023.43662473053
370.495	-4.14127235211898	-15.3019319984142	5.24846237471831	-17.9459901455705	-4.25626820272832	3.21088913872403	-7.78094092656651	3.28160026184286	-3.97560496281385	-0.931932792767099	0.345709030000891	-0.410268319064677	-4.30121982853948	11.3201954796795	2.85438132575254	2.02381156880628	13.7151285605716	9.46189520203137	47.9047286075198	146.825279225228	355.050448237829	412.637870660822	436.398613831574	467.999959132602	525.549381358351	3914.14478749505	25393.0637295467	20105.8343769752	1672.1991374479	358.507818567402	401.048940223337	449.351732858094	491.900762691328	776.103791793219	3151.0247258606	4092.02604383315	1240.08625649402	713.546018666676	708.35219014638	719.368361522226	753.143637816728	752.48645827244	802.74480760844	812.446865084765	810.55255963637	858.532620262697	888.692682281536	816.675704281802	906.416872988442	969.930517394139	1024.70855703189	1457.66900536035	1099.58907404397
375.067	23.5828842332016	43.1184655141181	13.7891842840164	12.0718094767905	16.9664176197752	-1.4221452915927	18.1821069383899	-2.80310949731739	12.1498515458809	13.0021090563093	16.1923452912135	28.2109848407653	35.5771296473425	32.5901185116164	25.1945621757277	25.4121724636576	17.5119672385749	73.1893041420568	155.523101050827	323.360740351808	450.885775111947	453.639487129947	434.414044134687	498.632828877212	3253.20632222556	23297.999356758	20918.0535665979	2131.55852593363	363.339520988007	391.698483328003	428.77931434836	476.103472176837	607.282758026516	2172.31434846871	4378.43807018183	1833.50901933209	811.221399941589	779.012487256483	783.786150473147	799.077362712001	816.79270719032	849.6473117012	879.667619337998	888.115872633949	939.59650509456	921.097446782462	937.280082380249	917.209638348558	1018.85910060829	1319.57527563291	1431.75501105831	2674.87414755992	1344.84636673666
379.641	9.65506947623213	10.1309225286717	5.49656512476917	18.5202403320094	25.2589877952977	0	8.24242164823483	2.70028508097936	17.8106895588303	5.66614480278619	13.9389719093342	6.69557119494381	23.9491642052157	15.2948241383752	26.6191138070878	4.27428507174618	32.9162703362994	119.81448816384	253.173727491805	356.142327943452	371.519410775956	414.243436386215	439.333174178533	2600.68869791742	21243.4816641648	21425.5611072341	2492.9247404211	318.858677258301	295.628790131241	379.352227644281	430.277855715106	532.806923201747	1362.7156650767	3944.91631839716	2611.42553782771	902.690228988102	786.275928598385	809.735342021693	816.560472095343	842.003135265917	825.243114511036	845.359805618122	850.380591665026	885.601845550181	908.153792947117	921.296733844118	954.116428818302	974.231872536412	988.300905421347	1153.587011438	1272.74993446513	1997.70792069093	1247.53233769399
384.219	2.81809890189416	14.5779595576069	-7.2729375607253	-18.8066128152639	6.63528039334198	0.339885999094966	-0.766841924405613	3.7962695093838	1.5150036837421	-8.28651353336042	5.59899549911551	0	-5.32703395426936	9.58631901465189	6.6040955207772	15.4244801011179	68.1893968666561	163.114627588865	301.118263516435	354.923306518219	372.126435028542	412.010272971241	2118.30913475836	19433.2313248342	22329.1657924924	3096.48361806322	280.574887559746	302.23144999279	344.099487279503	400.945213348915	457.614505649609	891.592649632495	3190.6139519002	3279.11631977273	1087.57337327269	824.47518999794	815.147486277875	839.079609778889	903.533484514496	891.219983263269	861.996381540153	878.93368330694	866.83223170483	928.298122133422	902.237538131943	898.620511994495	949.754305685046	1062.08190805354	1120.5624612353	1211.0294413582	1318.40972455113	1599.40283600639	1523.7305913633
388.801	9.80706150903891	5.34529398639552	13.1823032736514	0.413178842567397	11.0466002037192	-4.27126773500919	6.67157734891846	4.10149214428009	4.63763117823477	-5.14951687202818	1.59188382164716	12.8462846273698	20.2019111376697	1.9305933579717	21.0296778340585	60.7600769691429	145.254088141278	248.136506745464	301.544088803984	340.689237561625	370.64019727721	1502.68182920142	17371.7895616842	22552.7453099655	3495.27298391809	293.358449571052	270.831450933118	305.100659676917	370.680849335561	425.216654914683	622.999418575698	2281.03902082496	3653.2717166033	1443.00349849342	834.368588822902	809.656673553817	851.685416206508	875.358695996775	908.628715666685	898.663460924339	871.902073865378	846.419366614309	910.871335756826	913.842403422465	873.136759602745	912.922120839027	940.564305380427	1031.80365516038	1081.03940563979	1158.47653442882	1498.23518022724	2268.23288539019	2025.307880938
393.385	-13.5548518070518	-7.90465398517463	-13.8751924599996	-22.1401792962125	-15.3438550858522	-23.2648466556539	-21.2795432855721	-3.30493785537284	-13.5464541540642	-15.6035661995402	-17.6695052804182	7.95383057477575	-25.3952279167983	-0.36946715398082	22.2787753289144	79.5409192555795	178.647407530085	210.833215735688	234.139452494902	280.873019739898	1245.61068188178	14798.6771306347	22690.9989790144	4065.02871921749	260.165559795009	196.5331646035	252.005319947134	303.575768511547	368.207287849838	468.504858803524	1414.38922197231	3409.6142394606	1946.90951438414	807.923616517887	765.564897159729	827.363758472739	848.526161499565	865.294171908929	879.847349972936	869.456892179062	851.931040038474	850.01211385878	851.749702861023	842.104609069487	891.921408137085	866.866653019977	862.390076309821	930.189804160064	873.833928838765	1207.69986481722	1345.18541122555	1151.6484898405	22.0223374124649
397.972	13.6256045028802	6.75143033351491	7.32602118089086	17.6044121309423	11.8821509152625	2.13028202809522	4.57741594114634	12.7965788725784	5.42599599120648	1.85488778408582	19.1681563009797	21.3478468683622	15.0429065572296	54.3613222935932	93.2191218135279	164.692836973256	202.542390362596	231.372421553142	291.099164581093	850.857253940974	13092.1245547221	22966.5683400973	4703.00375321014	275.607326070801	208.979609514418	238.90857637851	298.551561916237	365.415656527496	409.466029926661	940.794945488174	2885.24878228914	2504.65267119026	899.396778002545	790.898326751196	800.006533648402	839.285955653698	879.086420105364	890.285955064567	933.206582929875	907.86641514766	895.675655995124	875.944520475927	898.655167263136	937.267908662455	944.871180356163	925.402303909459	1001.22119884906	1006.25196261119	1160.78908008743	1332.81927280707	1689.60879892501	1869.40617374545	3325.51261463541
402.562	-2.91115343256523	-22.5024448303432	-11.3478998196988	-9.9345749366697	-13.9626248719842	-4.97404620563501	-0.880181434436704	1.53789158730129	-5.43413052731911	-8.91680924077717	-7.93865350958399	-6.39292596819117	-1.76376100193064	67.0506304732287	126.745121952428	140.084670527997	164.503010374989	193.997545195968	568.658912136022	9869.27846919768	21587.797039948	5411.43585794368	273.571638511553	175.755759684151	194.722170536066	251.673166670359	290.889703778386	340.498824143394	626.319713817144	2127.93014864055	2760.98555544411	1056.59222382957	704.942276125685	750.134546514023	797.863055881566	850.067123501616	851.765494121245	862.94322095793	846.965937176424	881.744937249315	863.254814144493	824.371096915861	834.077400849887	869.572028386537	844.716506694507	877.274451945469	898.855814150775	927.962334378141	1034.50956061922	1167.39963026859	1373.20693299581	1665.4069736069	1229.72239436022
407.156	34.1620892855026	20.169561173293	20.1786946449276	19.3389827029246	20.1403306944741	9.86533961455374	10.9107460181336	8.00676817245873	4.3111415491946	18.1905636972563	16.5887268823441	42.7098723503616	77.65956175556	132.64475604412	146.915629183362	150.111938810911	204.61540498429	443.032372563152	7794.1833640557	20883.6546303232	6120.58578617137	314.746102744262	205.729485838719	196.032787127868	243.366859945853	296.683395679277	340.540337810894	474.810905260577	1507.5679924402	2926.70507224918	1464.55304859405	749.255568540587	754.069648390033	813.404317737997	841.225129001295	874.603402268243	919.282657339718	918.56137406109	899.359605789297	906.723208435836	901.2132590039	879.567208830063	883.965517033545	895.085562065999	885.508958854664	963.555954015799	986.839305158533	1066.33736089235	1152.9390567546	1348.84190917122	1735.5227853591	2281.10587059289	2947.10808165444
411.752	-7.57161500552436	19.4150667970657	15.6478994719844	5.02421547607051	11.7612284478981	7.70511905295492	1.50232864448917	3.56241106120881	13.3562734531037	5.96358438001738	21.8459332583145	37.0833716060648	113.537248911362	133.476872450187	150.36531361937	165.445042266992	330.491067669073	5726.12543921453	18987.9211517908	7222.22545037499	349.129897837184	184.961243616499	176.853312074833	201.429162582952	258.916793300882	305.276914767113	366.679222987754	978.591236392921	2619.97306951278	1893.81771470879	780.794948356992	712.855249684145	755.500629841261	802.414982691149	828.078231566538	854.501922527233	882.881265609219	873.180116378677	913.316717183821	863.850629986513	913.719744619875	876.828727012112	887.405227636084	917.550405648347	872.593987979677	950.709137314399	1005.93469077114	1122.82749693932	1241.84054306254	1313.37113659267	1673.11813482298	1921.8593713736	2478.74706051169
416.352	-13.0413005387691	-1.2462255290543	0.751270814809334	5.65138032601075	-6.70171726051598	3.08960248631734	0.633698229985309	-6.08973929986608	-0.208659942867352	6.11407084940107	29.3941968429895	86.2395263343009	104.973687229025	115.197408260535	140.930694061488	231.028306972173	4121.30674005651	16179.8538735667	7634.220060789	404.366484616838	158.22043329103	148.529178386392	212.448592886282	253.259945272912	293.687277002661	342.654991297306	649.207419554829	2099.29316102832	2256.73145962135	884.87518423726	679.112276079033	710.815612597262	766.206042650133	798.932091254281	836.211937259491	857.066379383322	873.294514357758	865.274691110338	877.664493907754	895.246238611201	873.901574325376	834.89137879611	875.851092167556	884.056381989278	905.944420278067	955.62032659464	1054.87024812308	1170.72181410753	1203.618472632	1394.29254327654	1704.94199753362	1669.93855468395	1849.40791558353
420.954	-9.58321584118639	7.32617008324926	-17.6659445326917	-13.842790526347	-21.1909717386047	-15.9612543131921	-3.10442806838863	-4.33935424944499	-1.63552871757472	15.0959382533678	60.2664187442637	94.3062483370169	101.855910850615	109.957612485251	198.786666874596	3066.90579404412	13960.6821551862	7707.57674007265	468.943936666729	170.48693574753	152.636461646911	174.258172534919	209.270238685776	248.139333676858	293.236744609434	457.74881853961	1521.06380149811	2421.77261845366	1107.19425284447	647.313444992527	671.497672358783	711.905987015066	749.410388363197	788.771845959017	833.842463919068	838.275207186931	875.742905128888	839.564955895305	853.848135032357	856.249965083061	837.315574300666	837.448761187705	818.618778917995	873.083672066692	893.296465876135	929.471653556977	987.685225927814	1105.62596436784	1164.67863344427	1317.5858658011	1344.52473090475	1550.87621317033	1233.71241606467
425.56	-5.37241239820562	-11.1804335500319	5.05498396592071	12.9015940873877	7.02748434548495	3.77975091648036	-3.85780316337344	6.38575844582832	17.4495230693897	38.0829600736663	77.4381159776508	85.3793844783403	105.134802994007	165.620087190335	2291.81585189216	12029.1636317381	7651.85986429493	563.957903972809	155.845780569978	141.951932012838	163.004453028804	214.155021564115	261.200087112435	293.47636218737	376.848177255115	1033.89708821538	2237.09313080729	1446.87693410311	678.810279431925	655.138679923865	678.044774766977	722.757584501659	776.471539177055	786.24618615678	839.444128997962	834.234985288955	834.501695861725	856.304974539399	863.628722254996	849.144653828318	839.527982081251	835.36112654658	870.09038314036	898.529593285962	917.694669661251	972.149547455965	1073.95250169442	1226.22860498682	1273.35984905173	1513.08137667691	1594.86479785602	1977.95591995274	1664.22773422594
430.168	-16.2503381435445	1.17515309798737	-1.06263858932577	-16.6533789008883	-8.90477438854622	-2.11883780916401	7.17069988500197	7.1345473417118	30.1042853024319	61.8049214208599	60.3119695731623	75.5343659869353	139.539769601419	1676.41460857988	10678.3929733711	7690.35152617776	663.726463858325	122.42351637995	132.72115295136	149.729283228801	182.47952751306	215.474672000168	259.464785313377	330.026289451256	699.442366433325	1898.2506767755	1729.76558823408	720.131077854945	619.753083960201	644.260072506968	693.360334292089	731.973000399079	775.842484187326	779.965902371262	819.170756450899	812.761737490531	804.884647904759	800.906014945575	804.239382218785	803.075599214882	792.92092544718	768.569815043432	828.206548062145	853.566126188396	918.193252731642	952.747887130553	1009.42214708903	1149.32340032368	1331.75194082399	1430.27949877938	1478.30793667386	1626.94299426324	1465.64825761443
434.779	3.50498551531869	-6.25214065753513	7.42026106743695	-4.319279156165	2.00583326330694	10.0398421764263	10.7297194759418	30.8985523110325	57.7058420963486	56.1324054036713	76.0374704140684	120.923731891675	1276.67348793522	9674.93595614052	8339.70980685209	796.738005372448	148.544386773163	126.795232118029	125.813017915881	171.805860187112	206.838137045132	267.609262987212	308.879554368332	510.496884773737	1519.59636363308	1929.77308172534	885.998157504173	613.356542060626	634.32270670991	671.073314690457	699.080315521772	728.634822932017	787.713373417893	824.407525660434	800.549652865477	776.024754336729	796.975060053439	794.607622792494	803.103301319174	804.230332048862	799.104757764068	785.350175234403	865.849530548106	932.979843445513	955.600243486288	1010.3432841184	1113.06480823792	1217.82391889161	1414.37063080064	1637.60800915818	1889.32317292654	1675.07371151075	2054.28741593772
439.393	6.96332763748509	16.6908256172057	3.15895185438083	13.5317007447527	2.5617686422821	3.67427731743863	29.0143302090255	55.5232153421252	57.5168476419272	63.7571120369343	97.9112392675177	931.677711340538	8693.73186382479	9151.31364411571	1055.58767957325	140.243283524227	119.810421375228	123.96284515506	180.924377496306	208.331478734868	232.376610285374	294.653418294077	410.16444466504	1145.28731871025	1994.87542577796	1124.91419142748	606.934998929218	608.962099001535	657.988175277008	698.218509382045	721.751522907899	765.567135945694	764.441293657483	812.571335888319	787.960594803846	812.698976383506	804.946523803344	805.772747947023	790.315459597563	785.59396383943	810.878744546754	833.162733603587	842.383945076884	907.683580394793	976.274733313584	1050.12757598201	1168.45465396491	1332.32751039617	1420.62829556123	1621.84119437326	1651.38622425123	1944.94694996409	1764.85921476233
444.01	30.1204194016201	0	31.9267309303472	25.1261171644335	19.6997884874795	36.3277131068679	49.5672766862246	53.1911595394357	67.8549992901468	95.5720558843385	608.741254278927	7116.48236363808	9592.5374641034	1377.11851499708	153.331617220942	134.831935748858	141.213210984558	164.83675095856	197.918080584453	251.962126906008	273.228245569027	351.489829104438	785.431179965012	1817.21666882435	1388.62607042837	648.525298800627	586.109074079398	616.329856854997	705.387813240621	694.927252439435	723.918358701926	747.199337906408	786.23482731452	781.729834070001	780.03862606922	790.764164957733	772.156579947035	797.832330248732	787.929992837941	796.860019544607	794.208509907147	842.079222232748	857.14828336562	928.016859110957	998.083073901732	1102.639209029	1197.38558812166	1369.80649459586	1605.97238384101	1685.38166667986	1997.69507250556	2076.52172439319	2853.67567697325
448.63	3.80132238972961	10.5478207877503	9.87856455302403	16.6558660116189	14.3646843200294	49.9223837388294	53.443484314124	56.2280937977726	69.4439587616083	437.347543030768	5865.2524354453	9338.63932379507	1715.64232524752	140.085265180283	117.320914285182	122.813311334421	132.493399147407	166.305197825536	214.018729791434	235.012794272598	284.01716295171	549.473400448115	1478.52497648386	1594.26718179592	697.083542687461	553.578676021987	570.746756346105	616.534381637378	653.477376091118	684.237565215998	703.736894044237	718.832660264161	731.33030868607	746.689377860889	748.376713668863	743.045009763676	728.595381545582	743.225140691335	743.320515667819	756.831544739318	749.176141427111	766.6056670273	799.24268105496	893.682542710583	957.968384209542	1039.91046105097	1213.42896629613	1335.33078454382	1437.85538646525	1666.16712752309	1851.5547831362	1844.50773908069	2230.20196247738
453.253	4.17528796036411	-8.19259772966264	7.07146470357064	25.3307530412927	37.6847872745473	44.0627431171145	46.7715490469672	61.7045449722363	298.722242865727	4358.43325403609	8579.69848057751	2099.50332799132	130.226572906853	102.972222500451	111.084109098872	137.688537920782	169.390329103837	184.114538135061	219.931121750588	253.707691700361	383.320578116357	1092.49815219153	1648.62254407036	860.146117944269	517.762600773475	545.404437847658	576.255234824121	601.955709534001	670.938278936328	679.963994050794	690.076048903014	698.216150744437	714.896597190368	716.503168904764	705.913901742249	722.488229615851	698.312840133812	712.535000371548	709.806082690938	711.196420025026	743.778843171616	755.844288303083	761.044220708526	890.387207300045	941.803092232144	1036.02426363677	1153.26341450605	1284.73999515435	1423.04778082447	1495.21504336096	1688.68060420631	1702.75764609723	2010.63515147374
457.878	-23.1564547710251	-7.00729112142375	10.3383061060206	29.7906054063317	34.3469606522009	45.1346071450339	51.0095291140984	229.36860214309	3522.17478260311	7787.00323681494	2003.39197078932	121.585596220414	92.5956630502854	80.0020470178659	113.434539844553	142.586660119184	164.463882777562	189.269921070858	223.681437910961	295.089778544815	767.902946259186	1602.34139121094	1049.02042485114	521.803067005781	491.954862694147	522.63063841753	547.436300538902	606.873850291821	634.409152287744	669.588246760425	668.846302066146	655.006021107956	666.069200426255	665.554947437049	679.67013525711	667.49756453436	648.145063502772	663.615959944077	672.321493728338	680.364645800367	698.274531670783	745.140927473075	729.839796640756	805.514331932289	908.516493610304	978.324518319114	1108.06357525792	1207.64970654555	1392.80266481535	1601.13292489826	1602.27350987749	1595.01607566314	1240.17901461552
462.506	22.9638659736724	16.8239250513707	31.4184121005224	44.1587734054686	35.1340989942306	68.4989310533913	220.752719640425	3027.34313870317	7507.49962560267	2326.10298616269	153.120311964749	102.090105857967	91.825558664132	123.800096979364	138.776735457361	157.673100938528	192.803904622263	229.85707544916	271.1146931675	543.621258098182	1359.79970840337	1295.62223860993	566.825737145688	494.385484920724	517.449500829438	534.461647741276	589.92338312574	619.831190859623	631.789925966134	657.303265587033	663.862135739155	666.057912168566	659.065012829689	650.445451642452	655.355192959318	648.805717402852	655.609627954222	664.002287907393	671.016294749146	719.770015888112	690.677765395964	704.495242165112	770.0480468237	832.925877287944	928.615180847905	993.85105895867	1167.5259734013	1248.95016599653	1471.44107102682	1606.17280058687	1706.10506850918	2076.48311886715	1888.1020373347
467.137	16.1936810971505	45.134446499563	52.5672329646941	79.5164597135277	68.8429524589424	214.107673864906	3205.18845917359	7426.73368935682	2543.51150420434	170.698113967138	97.9401811283025	94.050828846877	117.145213837097	128.820903685064	157.098552839831	181.976487292858	218.795593024759	244.810014402892	363.29962725513	1006.16324091726	1369.26678088032	685.236102399294	465.783267096447	487.762827957702	515.113401551022	536.817839976423	585.324615812039	614.2615810697	624.31965034348	634.510702849617	643.691442182324	626.704220359278	636.204936515893	625.317832801368	630.112623950381	613.941225746046	625.643405399539	625.294070779261	633.225455348114	634.386579627485	664.208807528635	674.918069814634	723.044338195493	813.124472055538	949.828451743567	1033.09721711345	1134.91094116087	1281.18557430989	1447.82664319591	1495.08807433651	1810.86550923785	1685.41494155012	2650.69205111055
471.771	7.23179225405766	22.5749347084187	40.5029913977318	54.842547799234	147.938898242788	3076.73440921843	7052.61369671625	2862.10138034656	163.791379641308	78.2663232994816	71.3710343584918	83.0274939843701	96.1004056557029	125.279647421006	150.089711104781	182.792931942668	202.871185183626	252.435524083821	688.546512544821	1272.80999176221	821.337433272972	430.028642144981	406.18503811267	439.472843765945	479.193218289679	508.377175739788	540.587193734832	552.62595615475	589.494236321473	602.225103992183	601.957987429091	581.387505617324	580.861654472071	591.546601310217	589.975561984649	568.722719660377	574.255238186915	576.06388426961	598.253676374229	603.811815311373	599.557357486318	652.201839880024	699.625407601662	771.095954337838	844.215394471674	920.490892323454	1033.12120199877	1180.90326198681	1280.92945534595	1333.10814139213	1524.49234066497	1379.04986580883	1917.75828038244
476.407	23.9980732117486	31.3920959028821	59.0309623476153	155.298322706193	2273.76401867147	7402.58173724729	2868.74989558935	185.568350627325	78.6621578671094	66.5751221593663	82.9714055555985	86.2616461526149	114.862457922386	124.718882061267	171.196516004119	190.457763417364	231.808449517242	456.310038237882	1095.80832917558	1026.19530378165	454.294841390575	408.48100079424	413.505144845326	447.016709219468	466.527383276391	492.075713018416	530.664863770881	555.622197963052	564.394979329205	567.915335236408	573.87103421459	559.86875899497	571.976201616586	567.595696671392	555.480350449165	547.272444561109	574.7346984556	568.805315784152	568.210505684752	584.422918130898	596.437362226209	619.468520382631	681.797631196725	782.162543028455	828.369514850958	946.28949340976	1009.94679568261	1184.38133130122	1383.99552355224	1441.27960638601	1739.06960533388	1474.82340670224	7315.68515231833
481.047	8.36078900874601	40.4804505134459	132.932741152309	3648.16460308076	8055.24284684133	3308.92758883552	189.951215158567	68.7759103127303	66.1725835172594	53.5174633882643	72.1214805397343	114.855958055314	119.545685584032	138.536391260932	160.532154208514	200.479559903544	305.160127991344	811.100821621681	1078.15130154454	534.478598067671	376.264112254765	378.284369375221	403.811122333063	440.863248168297	456.906467822373	487.781979068138	493.474378775456	522.41037493255	536.008309565153	541.211748893868	535.289960066379	540.718754796934	525.271245450141	519.385532825916	515.485819968139	522.435233370103	528.920589798591	519.609888368796	530.797150874664	545.281425317204	566.773692189766	579.88315560609	648.889547248166	705.714346841193	806.198047062569	876.4284513262	1010.44224699464	1150.28369391412	1184.93454000724	1354.46815576058	1496.4869877293	1779.25781393485	21106.3765200295
485.688	29.9110666806291	101.018634668576	2219.98092401575	9182.14370705645	4348.17270947796	258.298549690734	75.4232183201805	60.9929770038882	56.2804295526062	62.4042959688565	81.3337947047218	103.160086708525	124.969431465526	152.339951189287	176.200390100694	236.839796725703	564.270092696333	1031.48140960909	677.827692995065	365.617313931321	341.127880433531	378.279604615441	408.407343486182	443.198388052972	455.890089614613	487.160009716624	493.743511655348	511.822220217049	537.499950862316	524.246636479408	529.172986023853	510.677021696815	532.152702688082	514.454846851198	500.33556637076	517.898012458688	490.9674473748	512.960946907364	508.966963017786	523.489557577009	544.250892696823	569.550686014483	615.982414582556	683.39833009832	787.052228891621	878.780834336462	942.295830996427	1116.04948068335	1285.87612808424	1383.5650338578	1591.62605792169	6146.57363689072	32227.5725000521
490.333	84.6673843070637	1694.79524384167	7317.3533502931	3926.67071819013	339.565987551229	66.7124821844398	63.2126615157636	54.5910272004786	65.6632778305401	72.3480722121379	92.4166961409586	108.013271004656	126.596779449062	163.592176240142	201.772723072984	389.367288939623	886.219762523431	809.980445717461	378.063049891073	332.974548686647	340.215602904757	368.361032243806	388.450528344595	418.81251146685	431.617920310351	461.584780783733	476.860951055933	512.541199389652	494.55053480543	491.709493994156	482.023846523264	497.580541433367	491.820136753182	493.323274012414	488.315548061684	467.754793236395	500.793223522497	480.250887567815	516.13360130135	528.288685490459	550.243391566832	575.076117300924	615.275458007461	680.734190341075	790.284160853071	870.6261904307	970.374267172886	1141.36973622319	1238.156206547	1403.38611865678	1700.83248132327	16789.3986656375	25254.8078671469
494.979	1312.72761825254	6443.02648067036	4296.03093419395	335.470437119971	77.5532158854992	65.9690796292707	59.3902323730068	60.7429566018536	67.0733956304483	87.4191249059715	98.919893640168	127.0830789007	151.229467552038	162.691576491622	274.907444180053	699.546694599552	867.138749166899	427.514865048749	321.951784663438	316.648848300845	349.845171835509	353.227391266714	376.925354086615	418.996427012267	426.680415785267	460.855335892989	483.33500596681	484.216823447364	486.058304906582	491.553876330441	482.152925583451	468.676803530524	465.427168217522	459.085305073256	459.997869647557	463.768671271328	445.835523970043	485.129872816326	483.342723067926	486.278019146792	518.711382001428	558.832981647018	606.174113317984	662.403787308453	759.566368573562	849.018528272909	994.75603816314	1081.02120814369	1279.28934882693	1449.85563553131	4769.37869058576	26865.3908753434	8921.55324990621
499.629	5943.78072809069	4180.37538813457	344.143140366595	69.902201160844	47.8133923047268	55.3465066754644	58.7417868849151	57.7722310249091	72.4438974729471	77.1899031975624	96.1183922190473	108.832977430858	140.385851820414	190.622545198045	489.09231508794	843.756663061032	533.07255043656	283.224044696941	287.886836930086	305.638530936882	317.001815922839	346.316106522561	361.480798012527	364.371219244192	402.812960341384	424.94916717702	425.95476002059	455.272486092656	448.517291822305	443.9023539227	449.545632149408	421.530072410537	436.208190758233	428.449839967027	430.945605504355	438.284102439545	428.188247883805	446.65794174089	441.733148415047	467.344025494441	497.125231942989	514.754055300459	556.309938621014	626.14118482243	661.396896380739	793.951677425537	897.796846728768	1044.68597750007	1193.61585067843	1342.78158062123	13064.5899945688	21374.5638035521	1930.06090029592
504.281	4617.55061203561	407.5791789339	70.5676695689858	50.0678812278595	45.5216548715772	47.0091679842301	46.8976585016633	63.0320344734852	64.5006701968381	82.0728625810781	92.2666859851354	98.1887365309752	147.759778373128	323.293722475728	724.527386724037	631.294123111588	293.031662570238	265.0394877752	265.939505948956	278.204012061618	318.368467132171	315.128383191154	333.295206196899	369.1610398243	378.419449859069	390.229571496074	399.422164040507	394.767022838675	416.051417288479	421.137322432418	399.5100109336	399.786229082436	406.544266935655	404.226634655285	405.145192861683	400.502576358494	387.182678068555	421.344513746005	407.796817596329	434.237015989967	448.612309582746	479.050937264821	511.477735473783	591.899412388403	642.316332579496	720.819572587801	835.188199987875	1023.35556469005	1096.20586402146	3329.26441487846	21486.6879952041	8346.44558719377	856.823969193131
508.936	534.17303817381	61.052972740574	46.2721679376801	40.8092660604229	45.5471714197371	51.5405436330901	52.7586765670949	61.4548483416649	70.0199026910427	76.4581173591186	94.7997129957995	119.362987810225	210.003697612357	550.175956975693	697.905594223378	331.355306396024	239.35848219849	238.970596928109	254.997775847155	278.176235432329	278.825061849555	310.9251714261	327.712808905599	342.805576476551	351.500519676508	368.861721935356	382.530857477623	399.294533360138	402.239613559605	392.493645659549	380.157475698806	380.97893379115	383.262781725002	371.841983595392	372.456201394589	361.045977790208	363.072284568527	375.379232503353	394.802993753108	412.283379038829	412.2140302843	443.356056723206	493.279439461028	566.723915370702	629.193653175765	662.157390994603	830.908305978431	942.558133247643	1183.97694992987	9938.82517197133	18168.8566964746	1949.85069367301	1103.1488514688
513.593	68.0548937121642	47.7160716532311	45.6856069531677	44.7482645176009	45.2820910086711	62.1529285775517	57.4470187874789	65.9288519662815	75.2518782200526	71.6754317962005	108.729995052796	154.950799604996	385.816762897424	677.166057138315	430.025924648855	227.961226068704	219.441181902914	224.697171851997	232.82541675299	283.505950194896	276.859677136016	280.809502581566	305.583136597415	324.908068802534	327.576936460163	359.817519691383	357.032193791864	359.595404919674	365.06325447406	362.757452851045	356.02307403139	344.884160758362	357.428460781163	347.290570883018	352.087411164938	362.096125218674	349.293887471543	348.763416498138	381.290839638851	400.277272583893	411.102358881573	431.001434063252	452.208349142848	508.094499507419	582.945374558952	680.163076923864	793.637746651618	934.609790412702	2401.38196673849	16746.3826893229	7930.49096191765	1203.20859680274	1977.43494525443
518.252	40.7087854079876	32.4676062892127	49.5630595916746	32.35586272763	40.7054423320973	49.3342057164342	58.9374384598654	62.0349856347719	69.9687174733654	64.5374854197668	103.616275687025	251.632521114021	568.599110273207	498.768367645061	223.929389689009	182.643195601798	196.517934951939	207.485203521737	234.285201881409	232.663701136527	246.847345998306	278.13707405723	285.542990393627	295.373327082072	315.362384479242	310.276771272699	303.017707375301	329.638419334233	317.318317584893	327.232342278788	333.825369907421	316.925088344205	315.673052778273	314.153466087702	314.416984894237	321.103732719711	313.402935693064	318.848824918514	330.301628078304	350.099391310494	368.499416133289	391.813720704921	420.174142748919	510.903604974436	525.870505730336	647.510835092072	829.037011370576	876.064618154546	7650.70968864152	15362.355745212	1747.38132518513	751.602841514463	909.409489250118
522.914	27.6295505247417	34.013714625777	43.6248474708069	43.3814922169616	50.9033090615273	43.6491171548871	60.7116842373633	71.8494216979181	63.6333148770806	87.4554394630549	168.958192785511	428.816608304185	559.059842362716	253.997540147588	179.17199612581	181.045902760537	171.408834557671	202.719095043645	211.479052849985	220.309012228683	247.780964176614	268.242350142054	253.077171293939	279.153817497187	275.210750295402	292.262641784318	308.550776743288	306.709159578944	327.235386248552	306.204146644921	312.663674635021	303.814847911989	304.103596131964	297.273719989772	297.530324752264	288.680234715568	296.7388619542	308.58358171101	305.818619632813	329.447694360244	337.059968891899	356.378014132171	407.511224949062	451.423538750558	557.336048592913	640.409064098212	742.986590359542	1694.40761468441	13221.1748770704	7316.30832411597	948.50800006098	945.598278492917	2778.07625366081
527.579	43.191430344275	25.681408813467	29.8127379779573	47.213508113099	42.2457713656668	56.0814917768373	59.1177344112013	57.3507942349761	62.7557205739192	100.727745422167	290.589844267288	528.617179138236	312.602734042805	152.494488783684	151.530917920334	145.887970641865	178.722000600474	183.141247762472	197.8166292478	203.448773987315	218.609692225158	228.127721595867	234.320426199317	245.817303342411	258.515848206767	259.543469015391	268.377424269665	293.796928782715	284.903318309328	264.058910371837	267.893797061842	275.769808237489	265.996123952028	268.571613994776	276.547305693908	284.60070866978	260.44627189072	279.135045109705	308.008393906282	319.122425788118	319.200564784407	325.958519849637	365.091618591201	426.0754778536	502.729204984036	611.242045792205	699.805460287759	5606.4877293505	12729.6120556739	1855.03220262361	771.241627148958	1038.07665493545	3632.52714105335
532.245	40.4919708221646	54.8662375734499	64.9994334811894	60.5286681063662	56.2766708608388	59.1674926384433	60.2127305512964	66.1781705429617	87.5619662152508	203.825408078514	451.617807112445	406.623783376763	175.502437129558	143.756572146888	146.791565014282	157.962713750484	172.341924297688	169.314740795378	202.810792700971	195.318182433437	219.080228054042	228.901567083316	233.508177385915	243.804764316362	249.600187246082	270.792881792078	276.684790783928	262.306214715553	272.460649600007	277.802798205795	249.378872401974	258.620886415396	261.428055241123	258.222346963605	252.202089047197	269.176389460108	267.200361237873	272.293974252108	297.834085744089	310.598471107071	327.462186052952	327.536458016917	372.464012588308	439.286411292568	531.361450802268	647.390685646066	1271.0407874586	10610.3456513294	6653.65493801359	982.538028534715	799.51440323557	2037.70568298189	3503.1373537537
536.915	32.1946587141486	46.2228182429764	45.9136295194767	36.0269107967323	48.5324623070169	58.7176549846827	50.7473303687505	68.7565586594082	126.466376590957	332.118524574343	447.612507370005	214.822222576628	126.453130630906	127.713576796738	133.141447568337	136.189068510002	164.972713730624	173.727748611329	192.060690613923	191.411406090896	208.267908776794	217.66267725769	220.733563304084	226.869974629527	237.239129441918	236.640264207863	241.619780158441	246.424346654965	256.094421175128	249.104168881422	253.413238927717	235.019675370995	234.738429105495	229.168184993207	245.685290106977	237.469324432162	257.137793731956	239.950237146504	262.654941181363	274.85654718783	282.673509934428	312.636376875925	328.193986325345	418.038228001718	528.162189272705	566.402315136811	4308.48821846411	10917.0406812797	1798.32803329696	861.178722380624	928.92088483962	2541.8511402595	2305.296335584
541.586	59.1647728664466	67.2888414585294	41.9519235813376	60.8275022266056	58.6929476278153	59.1453948084809	69.1522833699789	92.5073304340565	250.292157950323	446.396917215329	272.408089729271	139.334825844243	129.333441313097	134.230040596116	142.317555416137	146.70165383974	175.477290441081	166.931807873344	178.332338984835	190.430069258488	209.250930671257	207.148556598335	218.057574196414	226.615155198097	230.385177065559	241.940015185537	243.505816434789	252.939909881514	251.85744220412	238.645197071562	243.968255419639	248.621652978167	241.376650223223	236.697327615783	224.984587537077	242.07624929823	259.05030293496	263.763520616232	247.90497692029	283.63624050238	299.313415886644	329.343747382406	348.076424419938	439.00318988375	554.599908822549	985.281722994012	8611.55454555485	6266.93323334763	878.406455753726	755.42803990912	1364.89908525066	3124.01484141678	1794.74477357337
546.26	43.5604020920085	42.4155262995432	43.1890678160949	50.0058722287513	62.7302722241707	55.9114062601813	73.7663268408747	155.805351150074	375.439553340453	339.734629336447	135.913731847021	96.9986422955992	107.794146427503	105.640056086383	128.910838572935	126.866710541484	135.206139961665	157.963164612487	166.136716031978	151.772329551456	167.434731015015	201.6205734454	203.809572649382	200.832576912796	206.039172701541	206.710891227543	227.774946715865	229.54372707442	212.911465169538	207.740685594181	204.66342379819	214.396341806641	214.38484505789	216.06178260738	203.396340644026	202.015797868009	215.008462403456	220.499339290804	214.943717661093	250.085304663981	258.082342205931	270.467995495398	354.513919097745	426.116022731684	480.155799693486	3255.03456392208	9548.45131673542	1833.89575660659	681.033437532005	731.223912590594	1873.21473524488	2349.61466969296	641.491586945643
550.936	33.0164197277264	35.9110944660255	42.2146435888572	47.6334901232994	44.2411038889873	70.4143494392875	119.606778126926	285.874895561964	364.551299056754	167.232312140202	93.1721851678663	87.954670798437	82.8435014404323	84.1768267356417	110.730489229245	112.668820923237	110.844429583009	143.817605344562	129.740129222316	147.934074071071	162.379876217445	161.652310469706	169.857937625977	169.468960895809	181.865740933729	193.556044332839	189.398790265976	200.258670020209	181.754684166508	188.658048023301	191.147851639913	181.900752256166	184.646004839363	182.432449617208	186.29499726288	191.598966187295	203.319405162014	199.324301123648	203.167196877671	216.320521930931	251.236859559029	259.160909780373	318.606513475654	392.170893547611	672.409555193181	6803.37184410382	5694.51382615414	613.790806385543	541.188870002924	648.852321773344	2056.24582439783	1135.74119049563	170.081904803226
555.615	39.9191380946504	28.4109377929937	40.9751126604226	35.7769656135849	40.3494798416374	74.6502704257079	230.600059495781	366.489269821308	233.391312799472	91.8889474541521	76.5780481589487	86.963814152766	82.0842583833768	98.8727171390189	117.005494239512	117.246316661368	119.768874798498	127.136247307065	138.680076989461	137.821092668074	143.29835820882	139.137024543896	154.640412001666	166.199160476399	178.493150705831	173.216000620867	177.164512777156	184.296395816217	182.018465543215	169.694106892028	170.661455003361	183.58790769731	176.273142103361	172.400270173616	168.826365811252	178.956022182102	185.507826422665	183.281561069777	213.807582514953	219.916809298094	225.649579740301	271.464284424513	337.059526907982	419.573224215388	2367.9408875047	8055.9347256712	1775.55986762846	545.261710055256	617.786181025067	1042.37788144337	2030.42964259158	520.73254066092	970.87384891472
560.296	26.3226220196168	23.4769494228298	29.3942206838571	38.6952820599484	56.6800353923604	155.317343987825	331.873297689995	283.032469560008	97.0612287540518	73.5731712439472	75.4886127756721	80.599048850397	78.3165078283373	86.9586579785655	114.160877248156	102.513681866028	109.137218841757	112.880769734053	122.037665062281	129.116503096901	130.51264924249	135.101525719101	153.985875508006	144.446766890642	159.480422525187	160.649855867761	175.883768630321	180.719341736976	167.059954870156	171.291398178507	165.398888636187	155.508125769748	166.33069350027	152.756851661119	164.333008433305	159.289766227394	165.721695451914	184.801369884345	185.0988882392	189.960975575504	217.346222460063	263.531753637816	324.165535125716	549.391074769408	5381.57943326081	5184.3449100265	558.234752035729	526.064724459869	581.572274293283	1534.05775428214	1326.91998511998	591.792431181019	667.148301021271
564.979	26.561406296481	18.9519354646964	29.3313035969909	34.7078260174085	98.3526521785693	244.946445435159	299.486625335511	135.352373215482	63.3417443759341	67.1598368166257	70.6812774549438	63.4772283860462	74.8676386393652	82.5347761521179	93.5091244470013	97.2929270383972	81.4112745301191	103.323445022185	111.546605318025	111.88147024705	122.798169755962	126.971311252544	135.042948181561	131.829206673307	131.13719295074	148.075805800067	140.037644941777	137.945553703781	150.04095902738	144.037715883096	143.262435364771	135.284782479128	146.531227674053	142.514800751156	149.396347448317	147.31291185724	145.413070494519	149.697157405849	169.692281346381	180.873374178374	180.981817283438	248.516540310899	312.627715161108	1872.01941060783	6832.23570303965	1730.98232105462	410.62899469745	459.205890443513	720.891246893006	1753.76065676168	704.138186547664	479.117422149071	914.86194837592
569.664	54.7460464752252	40.0165953350419	46.144460323014	77.7270434591156	190.336063512684	310.779596416241	181.827030012065	70.943443839609	54.7688702001219	58.3569346274611	76.0086771261994	68.5085209611507	90.0789888813835	75.2619100684936	85.9650554707917	103.355002523835	101.98619252334	98.12248632172	117.859918852423	115.971310934493	128.356905356139	119.148528305042	118.564590370494	128.877688260153	146.945073394988	134.723654374078	144.922034813674	151.69394202934	154.990384808261	148.901184147667	144.890495905326	155.741483436428	149.660663336822	153.167160704035	147.678575500114	157.623007331487	142.639850481747	155.978468771611	168.585933055394	173.400017479187	224.513431565314	297.575246910028	412.682157882228	4468.66646324198	4796.56271770004	504.088763166132	425.297460795771	503.794209492784	1150.99053149289	1460.2513934493	606.384295305797	335.735698902728	2138.69187076989
574.351	27.815072492379	32.5837137947867	42.5219100522339	140.729322615004	265.820599882604	228.071395099515	78.5126824631467	51.3194361987638	58.3997857174897	49.2653325664447	56.2818480017151	53.2610042519454	63.3841359561023	71.1992089905134	89.5628550607218	84.6420112402472	74.287629154312	97.6982891879946	107.779627772289	93.4984338940403	101.97403217856	106.251245730314	112.805118470056	117.806144000028	117.627006121414	123.44244707338	126.694931561083	137.753764013837	128.521503033716	121.796813971389	122.410848321696	137.148051886757	112.688021196396	129.944245126669	129.735205017879	122.389399513888	141.751246218477	155.446217963041	152.277465944132	170.6610579542	213.756138247418	272.616945916052	1371.228472288	5886.40359367588	1693.10365050393	396.610484167394	424.661800342134	522.404296161136	1512.92439212219	796.776954191285	277.990232556044	529.080580126871	0
579.04	21.3632565779136	26.1521764151351	68.9177512012117	228.08325663031	270.40516424123	100.789948848603	47.6836365610645	43.3171302302375	51.0437292641389	43.9900911967378	55.5645892444331	42.7018651006218	46.2910204557269	59.6688609066363	66.694106509934	57.8912552897195	72.8320734007552	71.4608840571801	89.8672186429604	82.5013216780993	86.1081728219804	87.6842406483612	98.781201019465	96.9526430022605	93.8153372656485	110.170292104867	112.120408254385	110.652313945638	117.615303693824	106.785829486009	114.64819942647	108.222300694266	111.308667298013	105.135670294101	115.969925415641	122.48438804787	131.670242723292	136.485742560352	138.920280113658	153.443132590725	207.455205176999	280.522811679233	3521.31947096329	4105.30711626508	400.695231293582	307.96899567269	335.664154738129	750.012674315057	1357.29970190398	480.494468205796	362.770442437706	405.720825366462	106.167237544558
583.732	11.3824894330652	45.871806022228	180.879260591364	274.943605512088	140.343344681402	41.9473456378637	49.5189723126989	44.0960113390634	46.6494638797939	45.3790018476947	56.6599645262978	61.6862225002161	64.0583376128708	58.2589311167803	55.2084165337683	65.7616430555433	69.6341839238944	79.9458500486384	87.9800890516861	78.5623940846091	88.4964041793047	78.5945873771076	84.2788798990213	96.5719176379342	98.8526657477636	104.408993595956	110.710383642749	106.810343248428	102.890466600135	96.3633395682084	112.707011425812	110.99942268502	105.698633041158	104.271964254182	108.399785502554	102.330880737379	111.083697418714	127.115858427529	134.202696365302	182.738798767339	213.384404365609	919.79041585964	5014.9027264742	1523.85890882363	302.261605656384	350.488979363262	385.610757539374	1142.79064612173	976.439882537208	353.835987397998	383.916292919982	-50.1448914926084	463.008352982446
588.426	44.4929635923964	128.119209435878	246.741887604884	206.625866946708	69.8398221032094	42.9297506148791	43.6240778455553	41.636633247642	41.7638885424489	42.9424610530658	48.532546257904	62.0035734009259	65.0040441729363	63.0631615130861	62.7940787862234	66.9696966827837	79.201953362616	68.4165203072881	81.3580944524807	86.8257978266543	94.8571886304383	88.7005474143643	87.8243472918594	85.3130115284514	98.7242921912039	104.946136037443	99.6628071783679	116.509826007462	95.1828218599629	93.2381897695692	102.227178350449	99.9049250976402	96.8591773546739	88.7315967487657	115.707036073831	108.288742397791	117.758516270751	102.597257316568	138.919775634258	174.624322190328	247.763899475429	2718.91800830851	3737.84903230481	360.173467130704	284.264065733102	339.613211511916	579.754132056046	1290.59556616724	559.383213463054	403.077176030729	416.157379684048	151.208600607657	232.695172729116
593.121	92.4122072955678	192.190821625853	227.02554103556	111.742244169275	50.413718628756	47.2535543897813	33.992307350562	37.4579903377443	45.2162111110262	46.2879067610772	43.7982994170313	46.0708725134828	54.80229705182	58.8516482336391	53.4218835384818	63.5170647492861	64.1722248239722	68.1101741026645	74.299654251434	78.9855537262156	75.6719399153445	84.6174986162937	89.6537572237405	91.140812281549	80.014725221714	90.8483786540846	94.6310822017786	92.8772598343151	92.5930733862429	101.892497078778	90.7224531658213	93.4906965210126	93.085020545012	101.604215598017	101.427212689283	103.371978873469	117.265272442868	126.492561037037	151.350602782063	176.798040735249	659.20912136994	4206.86467908212	1517.26226588083	205.463015890674	253.943449989904	328.57013443423	826.250779803019	1026.44486939033	376.491640663635	321.692272707632	311.778628429631	289.457472333688	737.556768656905
597.819	124.247469646875	236.915656172101	130.61257901265	22.418694888586	26.3401326103132	34.3627762830623	28.9517080515832	35.3081350474985	26.8716171144833	38.469208572046	45.0647567029042	37.1391360803708	47.3466252738412	37.6500579916783	36.9128660287738	53.9351256580002	45.3165211253003	43.7237537057847	65.0926331150913	50.3268743544549	64.1878889120246	67.9634762689618	60.830023228007	62.4866006195575	69.873031929496	78.2517904787514	78.5121286102195	73.086145238413	89.7603403917985	79.3224685946255	81.9024848946309	75.9104687170916	80.7945831401093	72.8349524359943	84.49249524758	88.8955274172636	94.7428638934531	106.048293606327	133.538453282823	162.173604636445	2050.35183931442	3486.12576762053	290.67073680511	177.547059338829	227.346813565872	385.498706004449	1000.14979223435	620.934569771163	248.514086972495	244.527088802297	340.441457895734	218.40670854344	488.647077403461
602.519	216.764668182069	179.851546056825	45.9687145417264	20.6298945585319	24.2875539261213	26.5602402187995	23.1081486568662	33.1900874823592	29.2104291477119	31.5157150139333	34.5684825614944	35.3345052318301	35.1607950809199	37.0275142511529	52.9764654229429	65.8800557575538	61.0005205526966	57.8789350750492	58.3943313122146	64.8324542282173	74.8467496265676	60.7291950417492	70.8206673062663	75.2986135731303	60.6857445139327	76.6576976573475	62.9288257664479	67.4437434326395	88.2886883970117	64.8784628792614	76.4533873489114	70.7149371268276	82.6624617667373	86.6386819947085	81.8804121041904	82.3289026989091	95.4864465236553	122.815532825009	169.874449450551	452.992611377131	3534.19841146379	1563.36604858334	196.62351984242	179.593592417656	222.234205254407	524.184756830675	959.045783671462	431.172202716143	262.555923317955	188.458891148181	188.905123988878	-132.072514838863	145.920648664676
607.221	207.828634202131	83.9369670376725	17.9209418515251	16.8511234908338	34.4804498577741	27.5881991451166	25.490307941496	27.4477037661784	31.6211915588169	37.0620643092947	31.570659939079	22.3589267579508	31.993685000535	53.4179868614047	45.3463306320042	49.7814786839788	50.1878140742741	49.4420374036411	44.7366039553364	63.8783743422167	64.5165322780331	69.4713783278622	76.0816559900755	62.5093668909139	74.6589970136819	71.938298801621	60.0390555869726	65.2300175056826	68.3825741354366	67.3255727634391	80.2168759357626	79.3496667235215	76.5615776894151	68.0291653724245	81.2975288089536	79.9306010474292	87.4886664133991	137.257626547262	154.846555707903	1633.25614564191	3287.1020851316	327.867668016715	169.810549453245	197.688599630835	243.571060252941	738.433627157402	770.120025614807	325.956914975514	247.496352758045	251.108538209925	385.110251116484	7684.92303283758	662.569578633478
611.924	118.769452748023	32.1712073942821	25.5433078595789	21.6833324523799	14.6727566860161	28.3838836304631	32.9172315714481	23.0057720058029	28.180795003867	29.1030913572265	23.6485103512145	37.2162877524887	41.255949596124	44.5791145415401	51.5428123056039	43.6388513150748	45.8899553286671	45.5620215891577	38.1896103641373	64.8808042936988	57.4734596702439	51.7949935013581	52.7639748897755	57.1826608379014	63.1443734304135	70.0587210085964	59.6639938044439	59.5245328992591	46.8710468536411	45.4194961226823	64.2317225721569	70.7968988945697	61.5865427831296	83.7675596308123	73.0702072356138	63.7837660212679	86.0933123668722	127.094705636145	318.521612413339	2997.56745673372	1629.59572073128	148.854338106929	129.303482848851	137.716095908309	323.979265317113	825.442414521005	395.56122627672	223.064931379467	218.200695639137	184.603319128668	90.3299369824984	284.040162262173	-37.1631889389028
616.63	61.3811242856924	26.9759769593422	17.9361574192122	25.9727633421536	20.3635898426856	32.4554900903932	27.4342459734906	29.7827191530561	27.4986295851646	31.5295017111234	25.211718964749	32.3874891617911	34.2781601935658	38.4565209656555	47.82539320264	45.3425914721143	29.9676613754252	50.1349462665674	67.5768645520959	42.8194429400841	73.2238647359708	61.828537459857	55.1668922749415	65.2239357987652	62.8454588521154	79.6134706066648	73.165118434858	71.3933516879632	55.0790126278939	54.4775437153253	56.7900903751376	67.5044819915472	68.9452338574355	74.9656131242492	75.5716672806784	78.0351840856297	97.6049768364315	130.112957754836	1240.95132395004	2982.10502854108	381.372612015358	123.673908567799	136.581797285828	160.778147078577	467.310551900811	694.903346631123	283.074013282891	213.021028226045	176.150711431829	194.127743250801	317.693712319745	60.464560956437	-394.563614758406
621.338	39.8968785648864	46.7786076205632	20.6076000946291	26.856393042783	26.9734990818301	42.9826398853998	36.3915296304006	30.7267696330494	34.5424844850209	40.2506231939799	36.9354160592512	39.1698299765092	33.8951950812584	40.6642991080602	47.5825630252257	56.739428551126	53.2607051327906	53.2594400950567	64.3647750907268	75.2248405325513	72.2363395979678	48.3845986602088	73.5231572999413	85.2785239745184	68.0550850987411	64.5178457885235	59.8320827768015	68.0814071000897	77.1345162247012	65.1197010441749	65.4572099695564	74.0462665699199	77.1711047491333	70.3204655143978	81.944760033711	96.9623802845769	132.933182671023	251.372864909963	2513.72329505716	1589.64214969045	149.637878197533	145.329555966672	150.006578745209	241.363878517068	670.663413646649	524.067843329147	264.50366310831	256.788337309615	277.954727391694	203.175427287106	440.255182892771	495.127938742747	1192.9752896094
626.047	32.5868014367916	43.1922205765811	17.8858246208986	16.1316494687584	29.8972442959749	31.933178478653	28.9418786218883	29.4086422966394	24.7369004101312	30.8944292539142	35.4396159464205	44.2548200969897	37.1829264574259	52.2818866977064	35.250548564547	50.4732371070768	50.8223903633921	47.2229257666236	60.4505306332761	64.3567162543486	68.9894014400518	83.2676015905563	68.6912407695175	47.7134038223013	67.6897038470658	62.8242855736103	74.4487765694547	63.1986968703067	45.6183129713745	59.9453500424263	66.0872705788232	54.9510608851129	65.9520300494297	68.3555761585123	76.8975475296969	107.322687836828	129.611156054268	945.509320433355	2711.24263530688	412.17338809267	116.024125278256	133.340800042787	134.226692999885	332.674009826298	669.086654476293	287.287652733612	200.578778032331	208.258082764576	224.504152087647	253.248270739326	428.329496942862	584.49122355657	1605.94441865018
630.758	31.5641315173655	31.0077934616953	21.3981583560095	28.099685105452	29.3205003856228	17.9310267681299	19.5016327849468	22.8369019737725	22.7480379651102	26.9023589134283	27.8005292256424	30.1370395401567	22.9482583531502	32.7431559538056	32.1605245589572	45.694289218531	56.0074254874941	34.1423897063556	43.1513208542533	39.9980400318479	53.7914947360804	45.2599868512051	59.7233163138112	59.8285143514751	60.5086858775353	59.8222170552684	57.4258566169098	53.6697427399592	62.9042614399314	39.4151734726596	61.3107440912843	75.8841392580295	59.7977173364983	51.7333755530981	94.3775916164992	106.275545616324	175.573675836022	2034.0102560485	1589.25608728074	113.109400913719	85.8310456067206	114.204095999081	123.661123336417	461.47051033757	478.176442455378	189.669612633991	169.728409692721	220.516335929421	276.321803798517	179.176085495305	220.547121231554	124.371221699085	309.176675232576
635.471	23.5092321662869	24.6678918646327	13.383645343352	21.673629195982	13.5669220917677	11.6752074999636	16.0974602465424	25.3866244296286	22.5097659210675	25.8987994553106	28.0140938153339	21.4178217867763	27.4813464667957	35.9348108544209	38.1265679738114	33.1147808086997	42.411744980939	51.9580771071882	50.4092761624472	47.6335438150445	42.9622617643902	38.8230626793628	48.5218284571997	46.7689650328186	39.4942089772191	47.1477556656543	50.5504862148416	58.063535032962	50.1126261999255	47.9241526715085	44.873049824461	66.0545446761891	57.9521695543982	56.8393808244917	79.0190748943887	87.8892619930522	653.402295501497	2418.90192152604	462.129477481106	94.7474026358679	85.9875513747448	98.1737195212853	178.447923291514	511.029074044551	283.05608520328	172.408070402625	143.714614905382	173.15092188523	71.9161335507565	116.069478518877	205.779047730147	187.989968338023	311.551780729753
640.186	24.4768508513315	20.1831184375574	26.8173474237617	13.3086789694454	22.0497200813777	18.6595653540892	17.8031546696573	15.7362052744168	20.0690871197534	25.7047345561925	10.5249308110893	30.1050778483364	13.76636926947	30.1107732596576	29.6033472095615	28.7531467631788	23.7548434264758	42.5586779131914	46.6483126436808	30.1835386561332	63.558238049953	52.8678935866975	39.5683690800311	32.945924758543	48.5923617009843	53.3091157199976	42.9816281528023	27.5902045240922	47.8788941319972	46.3694669078261	50.1693674294989	48.9000527379307	48.1638605565516	62.6739376248402	84.0709870976707	102.852549089501	1633.23456579567	1483.98436042392	112.786141198101	76.5975627905157	91.1862696614657	82.5108556393054	293.32308698765	418.388616803837	173.757540707486	168.782360365873	174.921947139641	124.323553935947	234.6263839229	186.058458716211	202.040591799093	70.628071105179	-97.542001473364
644.903	15.8815488714677	19.1639172452835	1.88359527666437	13.1065184457534	7.33205524405977	24.2247574998192	19.7013167812988	17.3965720852983	23.2280701618503	16.9235167395058	20.1985702290761	20.7312811485935	17.6592871397916	25.1583375585302	34.4489440720092	32.5970596318808	47.037354744441	41.2662508129468	46.7914045026149	73.8457884641849	65.9119322250222	48.8886683089148	60.2213107990347	44.4298355006756	50.5518123368543	41.6330749886034	43.8097496139989	51.7763957084942	45.0630604640286	51.8885882817343	52.0606106274387	47.1507247180377	46.0449268544214	69.8654023231347	89.6374911208262	498.061056708728	2111.37224484652	483.075934827384	82.1161557357511	70.8186888258188	61.1457655997257	114.40335357143	385.554518473966	301.658230459198	133.465169593894	164.721070599092	137.203783029044	130.130541889999	181.250463992523	141.138321684882	100.089394060033	452.422253091174	19.7313102225691
649.621	27.0018310604032	27.8852673336146	27.1256628077195	24.0693766713588	14.2520304064834	14.2835254552779	19.3356705070304	15.7659278651154	14.6434585714444	20.8941752183539	19.1003982008158	22.0102711029968	33.7520629241529	33.2359398230751	31.0184551133999	51.2082298914519	36.3779630031471	53.03453687415	54.1763602263973	74.8910903565465	63.9565676760376	70.4975538003687	81.9470643249437	56.3234358757876	66.576393645882	49.8362748015317	55.0247041943443	57.6238432352444	57.6377490163376	53.9723914028635	60.8174183120246	42.8022625106179	56.8481589507183	82.2601850288559	99.1705393308639	1281.56315389876	1480.61948842366	100.199985410171	66.6228210636115	78.0874156100571	91.9834225937044	194.492252648201	410.282987314558	189.861802559379	126.947290414464	132.629743426278	151.351713328264	139.386754799607	92.8555559377	222.656253294366	152.259269150821	450.776794868849	980.519932222805
654.341	13.9511203168735	-2.14532753736444	4.26783304241145	-2.55376427311803	17.6197467417279	28.140374265598	8.72708980178399	9.14901232587973	15.9484697158109	10.8619332126546	11.2446527455729	9.67478479163746	14.6898128526997	19.4330223987043	23.5422319045621	27.6474250375504	18.4714550522767	30.7760910559875	59.8367850719482	55.2348528251191	55.731125993252	60.5781640100227	58.0967690681527	69.0190825503784	40.4938815953575	48.1500090586352	51.3672459968624	44.6681485905332	47.7960624094267	32.2012149796944	40.3827862384097	44.146150052175	58.074643640736	68.0937388974156	314.903229781356	1814.0358953329	509.084613014899	54.9915857379111	67.2003235377245	57.2722998293192	68.7469736616239	258.41719654841	299.865090498945	102.589653906911	97.3294044326558	102.816392083161	109.078976637228	94.8695693226201	103.919799586861	139.975388182472	206.165125933968	-196.190282349368	-650.28397385453
659.063	16.9792032347516	8.65349953761427	-3.12998963526723	19.498302894825	13.3259782853838	14.3348248565044	12.1006951261036	22.6805278982817	15.2133029766773	19.8687914508723	13.6070966749427	15.4753087738496	19.7511858546074	29.222851919466	16.3841358708242	19.25048043986	19.3297440498336	36.9464187541549	44.5464237936621	57.4133414252094	60.4255191313744	62.6744669436869	64.52322196985	66.1389399887927	48.1264129562373	38.2769863772555	51.7993676653739	38.7587173789988	42.9592134002319	34.5447918994508	37.3004432557983	44.5175249944889	59.9493016215276	82.8246262314647	977.310502891867	1353.99793049184	98.2344028370333	47.5945468524235	63.6167226466325	71.5755904915497	79.9093158432945	323.729918501573	180.159393558469	98.3167302151135	96.4262801669204	105.75495088418	138.745701648775	104.778854550955	112.556533772497	-5.42895833556166	73.6310618774578	164.867260750965	-245.907907813342
663.787	-0.984004987018106	1.3164400165846	22.6175630447423	16.4169192098792	13.515034003498	14.834890903859	14.0574394183013	14.0352996550007	7.49415088707717	18.8589604696663	5.46255566248053	13.9888943306991	11.0888085129817	25.1046522299759	20.0077159884603	28.9487670771943	29.5841807892059	36.7211662194593	58.7319253593326	57.7933284722159	77.1391589315759	67.9889459143222	57.4093355336708	48.3580199283103	44.7417507245774	50.3222509576579	39.4006841579358	43.5581645149722	32.9421696340674	34.3341814479301	48.5885089481434	56.9573202700148	74.8575604910499	254.511789138106	1552.81691276249	536.039513113583	66.6966057125963	40.7414580223969	70.1296232578324	85.6073570296237	151.351808563897	323.083484769565	116.21468845816	75.8998366738685	104.779586001481	119.873567103079	79.8647524138353	86.2443441919626	61.0130101661308	90.8486533946438	83.4610385900972	150.485610035933	478.010158597805
668.512	-11.4030428708803	32.2796114141157	7.59714074260126	2.63185914069951	6.48520136210089	8.67037672193757	13.2661010179176	8.6430591789781	16.6582891638721	11.9750776727438	16.2239245781336	6.87630522416685	7.56951583952163	9.8379670064016	25.2873220304415	30.1888969262456	32.6849981721362	56.2603300220343	40.1453780707662	63.9299757140367	46.6392724458235	58.7821170076409	45.7141389041204	51.8735981321539	42.1048053810065	43.8271278948885	41.4920020555219	37.1127739159725	34.6231519889282	36.7163565686251	37.7706891611859	70.6940214081864	72.5998201464506	783.873887329275	1275.19306986081	88.5703530855183	55.0276115519315	47.7483242844849	53.7082145808539	86.2654131220409	242.834543017409	214.698236917228	76.7708133524832	80.2324519224194	90.6271398511125	36.026586250157	113.692083175315	114.841784988022	138.830349034268	33.2898177684259	159.352287394255	219.038992543517	41.8856156442993
673.238	28.9286724821876	34.2534052750492	21.7219055477955	23.4511357802788	18.5941322367193	20.452974291474	17.1914485016982	12.647432612312	16.5351615684502	24.0943893870009	24.1909862186048	16.2566328726747	42.0643697780612	26.5103940882648	30.9400648008099	31.7356776698036	36.4952242390669	41.7846031802116	59.1234478298031	78.8519258098122	60.3879659809134	70.1476711824869	81.8042274347454	53.7673881508622	43.1080771183253	55.3871245023217	61.5332851467497	45.2343351808956	33.7543936978668	42.975327978957	59.4600743751351	77.8092414173099	172.794936642309	1320.26817379099	573.528422661552	56.7387086624928	44.7943070327035	52.9741448017443	30.3335631528778	116.220748576813	287.280161548623	141.043437362309	94.2506201697346	104.100535422745	112.417095498004	159.898004505232	143.934807105181	120.217178136465	141.661655961214	189.778353503942	289.45212862348	542.419943666543	1327.34264276919
677.967	0.50242872362206	-24.1980704319699	-2.83645664592964	-12.9546313137891	-2.62884509100999	-0.605970530656365	1.82289987073688	3.9813132071642	12.3797923849332	4.48488144764657	4.69752838619717	-2.09053738930259	-0.365283744537029	14.5986509857062	9.00380345737509	20.6248133569664	12.0116467439094	24.4893647501088	34.3921407250756	24.8497056877376	20.1310942416286	29.168702309936	30.7478605149974	32.6563643723453	20.7681326505976	13.5812862757553	17.036712641884	16.2736184460463	14.4689294171613	18.6042052389593	35.7959642831946	43.9779054837678	582.122079916661	1155.46031403911	87.6511319106159	29.3824436441146	24.2641879671789	27.5858093772435	42.4920231558183	160.528365206686	180.867111356083	37.4515227866664	61.9759977021209	3.79942459704509	53.5000069622647	51.5426770009074	72.49528862522	14.1544260116615	64.3158320726519	-44.9812679333641	-89.7154697688805	-341.499140852761	-84.893890661536
682.696	21.3371733232558	20.3897840052443	31.1390125825864	28.8948562811221	14.6197794027252	19.3007947697367	27.4178201508398	17.713001354381	24.8079172530733	23.7413378095736	23.7493950823087	39.4582523889388	25.4854655662563	38.5235039161886	32.9149838766791	43.4472131444644	47.8459407966441	37.53033273704	52.5872156492305	50.2532761518817	47.3485259061869	31.9861978619425	45.5994347096677	58.389548597452	35.1265681663495	37.4863959548028	29.6883522294941	42.0516063803496	50.8398595095975	52.4552444577894	58.4135272429127	135.197089219043	1101.3745903536	581.573893594301	45.0846486348165	63.8966131480007	47.7778958664287	64.9317899367317	87.3794109086621	242.959076184958	161.269331749578	69.7268515429366	103.333349295909	132.156767462633	68.5218871374811	91.2048964199806	150.533351649584	131.989985247305	115.839294732168	173.402230793556	176.894806147572	492.059492702685	1738.2594534273
687.428	12.7893757533052	10.0379386289029	11.1397835579064	3.491592312329	10.7068043160524	12.340034631975	8.81640033534014	10.7425429113207	6.64635521502201	8.05857365087219	14.0501890241253	10.9977352696809	15.9931378418423	30.8164546981112	32.0869863317488	8.40010852763116	21.866310046599	30.0001308927025	28.6124494304809	29.8203019484367	36.0935373985673	37.6475004829834	45.9178138056253	39.3333189421007	25.3754395487417	26.9095573999329	32.1101305701547	37.5583639345419	23.2034111127163	44.0786238539005	53.4083654055082	471.25746930972	1057.53957388481	108.243468797867	32.2064356960204	45.900556718517	47.2446115552505	52.0318440547022	84.1004625870292	203.532501786317	69.1993836735547	59.3184624918885	64.4468633490177	77.3718006688044	73.5398069864641	27.333838301465	98.8593836065719	32.0268796259116	85.9512274895826	200.375504668023	118.753267061069	-208.629513072931	475.41623213876
692.16	3.08611127311982	-6.42245223554411	-9.12613022180084	0.390060534244616	9.08290231068543	-3.41192962255896	12.3633045489338	1.6303175611821	-0.691286056957286	6.21177551961771	7.21350841763804	-8.91728338307973	-13.0883307460907	4.00965886410983	15.2442823703386	7.74189591652921	26.0838997397379	19.1946190190556	10.7342383933775	28.6193418779054	17.9207182678365	17.6641978555054	15.9486198447838	17.9387644794552	34.7906978178494	8.26699606974793	20.780779683797	26.6556932911729	28.8839696609509	29.3010805293826	80.9102282018749	906.240168622158	547.438531093031	39.4043342712656	17.9462368539889	35.0243309672002	21.7894757356427	33.7959474909427	140.276580397377	149.68353761873	37.0318551368294	17.0401272464134	26.3236526208846	66.9009288612488	23.733500990764	16.4893244492377	38.4331184923336	4.83010841199746	39.0937549144945	20.1463150528558	32.1455788530708	-288.42269775691	-521.451064940796
696.895	7.76767261703224	7.8516528975557	3.34112936312369	12.1739924641138	9.82196088994129	3.74738184853353	9.3941612967745	4.71899350015909	6.26382520907804	5.16631451094506	14.8275946416591	6.10493162943778	4.14140997801686	11.0096957648466	5.35388590206375	17.3604129306557	26.2610354355697	10.6484526517713	34.1505452684102	37.0461802561144	25.7104453925808	26.6762330663484	25.7755931510783	20.933861720915	27.243192166528	17.7812476945539	18.6802695580462	22.3639266962809	27.9616544465316	43.1438437340468	356.888414787968	955.162932797255	127.616700494694	29.8484037265422	12.569119792807	28.2097448867439	26.3249376109715	76.4407497539362	181.088310006251	100.115409950815	51.4058150246346	35.5371110350532	64.5571683436356	31.3280246030372	85.4694149050884	66.4052136361091	69.3825558773883	47.0081267690215	68.3607861372245	115.903592150851	-27.7404680538181	70.3954849825935	896.861739536354
701.63	-17.7550955072536	-9.31508041013856	-4.63276670749641	1.18805632598138	3.75696655895978	7.24300825969138	2.60516448006429	1.44831832210601	7.01845569193779	-6.30666144845948	3.35669399407758	10.1399159738761	18.9832246099989	8.14181417209731	2.51953464316405	18.5785474608906	10.9712533821389	7.9542122829185	6.53892342763739	14.297646399296	12.7361222037201	43.5540521795992	15.7661262095652	13.2456597538929	16.4836614373165	18.6941143764074	22.9819783493028	29.3181021740664	27.069394353289	74.3716488100959	740.052048172855	548.511103597299	24.9923826226436	27.0518399552038	26.9344580456355	17.1521491419088	15.043173307807	78.0249716860154	124.058648998355	56.8559012884752	31.9009286315645	30.8936037353585	15.7613402727214	30.012422951076	43.5582157774853	53.5718454019331	43.0567623966162	68.6544479668809	48.0469015575065	70.12818324318	-18.649490310857	-8.87358798725909	88.2360531256139
706.367	12.1546359180715	-5.18464852643542	6.8192678810393	7.21370377177063	2.41942802517689	19.4397646215099	8.14875766878852	8.37521565940943	12.5477599048696	8.32459204001572	9.88186843220552	-2.9318134609391	23.8210935246045	12.3589753949163	11.655805592333	14.8238936988637	35.2221690685822	30.9904533542101	24.2631791467058	14.46886867546	33.6025370768106	30.2479856302897	36.2220131167983	27.6463355525389	6.35469046120887	15.8293358975831	35.8389644518315	41.8411833951494	40.3294157603973	281.857278718932	883.115305270368	143.992482641821	23.4042414897923	31.6171220511438	39.2821660493359	16.0874906281339	25.9691992252873	119.866022706936	113.492065634839	55.3858746103338	44.9655514473451	49.3964435084481	33.9806288608792	19.182213742736	52.5206719394006	76.802313943744	35.4025677680392	29.7756956597889	35.9382143144455	38.4410039449268	-51.9002779373314	53.8791248638432	558.079556182356
711.106	18.1575262246199	7.14465954699181	9.04483623225218	10.1248699218578	-11.1770782100108	16.7466581588449	4.84402221291045	19.6780745087912	10.0485469381386	6.73002365958175	9.05004485161635	7.77730779324222	27.1788883343558	20.0589428926281	4.78519140281405	25.9418192247362	14.701969290676	24.8102239211307	22.2904411805992	29.7150917176614	19.0720207326256	27.9474402682687	15.2519364276053	34.2880117743545	12.8436375463432	23.019426229481	19.2646555288336	36.5172886112382	74.2056577404227	622.529248567415	528.534896050542	35.4359445297101	40.8178667315794	23.3788625875925	39.697126543986	38.9322718488316	60.1791224079434	162.471017111754	68.0025979026045	35.86487929903	55.9268293734819	39.8082223161492	22.4258521583913	67.0392614538843	57.8143605246957	87.8860128127147	28.8964408360481	71.8822250640335	102.544519598591	8.96471048130086	114.433158387745	108.896563143333	721.887842475759
715.845	10.8045079266561	-5.78187581640535	-0.435691058163994	-2.45809083667622	-1.05997787428703	4.56089507404954	12.2502053381385	-1.92636862079057	3.38827962745613	8.5098878717643	3.47250318353068	9.36585078793914	7.06973911919097	9.95411729703197	11.1705472512617	17.7411002933641	26.2218875783953	9.05150433015683	16.6858224391355	25.7648441150734	20.7044054460018	14.1354381509308	18.954949485481	32.5437885887757	10.9622338072783	15.3923285049791	24.5543830549202	24.4969886991499	183.188349939962	772.452927982094	163.86329549011	16.3976589312302	33.5724481742043	14.9779700669129	19.6685102821576	38.9500570474798	76.4377533903913	123.020348765838	37.988282544673	34.6308555806206	48.9129990452859	24.9283810971793	46.7886102586273	32.6819795489125	26.8448608055256	70.4297433109091	41.7583709480701	76.0961708845808	82.1205875242609	18.1369183485911	313.509881176677	302.931266732172	524.86162323658
720.586	46.0344343504745	-0.966065110570042	3.49427855162417	11.9105979215988	18.7732863058831	16.6563987887005	11.7897199762876	9.01228806439353	7.27882624253371	7.109375943745	6.64596654485976	2.25344708683622	16.5374697227244	16.8877181131943	23.1437523427089	8.15175058097249	21.579467638062	13.611340900914	20.3445128951997	21.5246035795377	34.908460431877	30.998895852629	26.957083223799	35.2011829772025	4.47730696040121	19.7832941994644	20.3179884666248	54.1845962046552	510.783815505683	502.12077224126	38.9674771664766	22.1732970673327	39.459612840053	33.5874610676249	23.0042005651474	45.1219454927045	117.009335226297	91.6438172535433	47.3472386753921	24.2473475172003	54.9437170189235	55.7490677764619	66.805612848763	12.2865092014279	55.7468082624839	50.929315082154	27.9088009000184	89.8493724854737	106.158169141647	227.28061687329	77.3653951483818	294.488966540206	1304.00941643996
725.329	3.83740778951008	-2.44468233233977	11.4952100326918	5.82022305752151	-2.50979645354768	13.5541041422912	13.1769272945244	11.7288534977175	6.87660622700976	-8.63552515794934	11.8526813108952	-7.98346520093304	9.16692409079797	6.21604721754392	18.8924427814529	18.0030242726671	11.5173366738716	13.3602005381751	20.5931756320673	4.35753801732586	16.7125626205365	21.0679398765669	14.7615863611395	15.64306804628	32.9602274111238	11.61455648483	20.9618332947302	138.498217776406	683.185951874962	188.937686349468	31.7096900943008	13.9309524571371	6.65698528291563	15.1991000676984	14.9691674485375	58.8484871940223	100.325217527852	75.0006343575087	27.0885774883601	32.3530762537663	43.0569846248407	40.863440925937	32.3723062258239	65.4998597157452	5.83739781822185	70.2979138121018	83.3372606484351	-6.86396716645361	65.7892025047123	134.967697774461	92.994313714024	93.152620575573	833.65123901721
730.072	5.51615044931718	12.7915145014107	10.2321662733914	1.25495755708982	9.38015466305652	-7.65087290289481	-2.25152606763842	3.27830420575605	6.17806286977582	6.95144243512061	8.70311731169216	5.73798740853355	4.41148365231422	19.1551956453467	7.60403832146709	15.4733474049924	7.59283312931152	21.0053147246608	24.4052279979366	12.1796518404132	16.3361649604075	16.2376397965482	25.2059638333471	24.4851997129433	23.2158414679908	35.8666511849424	50.5421024970914	395.0538868733	493.638675384048	25.5318790166519	17.5100283391231	2.72566538814005	13.7909095403337	10.8666137837701	28.0327780465047	80.8682014621694	87.8638841870364	39.7198432300303	20.9671323728508	25.8191303109558	47.5372874723449	29.3699419488893	36.1932281516838	35.8738447325635	53.8427112353117	50.6939149765507	55.4303991817259	25.9001724135719	110.331509881937	77.1637565364296	29.5495065633574	515.530015940316	955.348763670412
734.817	-14.999078455594	-14.8639619238122	-17.0250367998121	4.21281602047532	-8.35659196811705	-6.70004711983617	-4.03105907326917	-0.220101347650791	14.9323539287085	-3.50033527715456	-0.64924076217448	-11.1720028961672	-4.84660855937797	-2.36214456005009	0.765788793732696	4.18078481192267	4.82943372203253	-13.9616850989703	-1.3912108762953	-8.83145133886097	-4.3549022619678	3.63391779975074	-2.26647010992969	8.36630965105879	-1.25251336021805	7.71114968177538	97.7921781533554	602.175303375265	181.576070121166	-0.791159644684844	9.01294832511147	14.5091153437271	-0.396816365759388	12.9701546929674	28.6526607895657	67.1998574499095	42.3603722797427	24.5006907493613	14.7809309084583	16.3925488120548	24.8459651716338	22.3477704244042	5.83192611206572	-11.7625698138325	13.8024752358464	13.0600479530185	-30.0585068816577	-17.3890599981716	17.7780553524394	-90.1438413986813	-218.230963012843	-188.79303690055	-750.918454073883
739.563	-2.24786390641961	0	-24.0209147719534	-13.2112343714293	-3.30790539660045	-4.06666424561652	1.01945575357092	-2.00389250603966	0	-9.14743438045455	16.4193135952922	2.72797440798307	-7.7628198889166	6.37212687779702	12.3947622117329	20.3774674987692	24.0201760373389	17.1195797672249	3.28381709634644	8.43757617342706	17.6216923106575	11.4877329432041	8.25394758719396	0	21.1173941850008	30.3813076230362	331.647560229546	450.601226075392	18.61100394596	12.8054050250449	19.4242534033234	16.6608712994829	2.40851877284805	6.97032950782833	44.7563390026358	84.6366497158162	21.9020265186649	9.61047956433761	26.1667054456711	24.5881669489867	18.3908787076191	33.9105372427565	-11.7991634878706	4.24965224683541	44.8797743551194	8.4073540430865	23.1674002449702	-1.75907888642765	29.2244824908293	103.767466428952	-145.502649155036	143.23740550865	-498.507049128735
744.31	-7.9516588539014	-7.59859818628021	-5.49685903656371	-11.1988836455086	2.60032895720612	-7.53528066999973	2.06071559655043	1.12517894598333	4.32568446878379	-1.78940456284066	-5.6422665070377	-4.72653827285227	0	6.44027030809289	-4.30626336763546	-6.21747436494673	-5.76065532558217	-0.432566407481845	-6.1637349199342	-7.02290028411004	2.47363033705508	11.6105825888695	2.78073839341263	16.6575432201019	16.6477141623958	106.641819637014	518.362659917819	182.740320609703	5.31587797170976	21.4357602915456	0	16.438112828793	13.3885149027999	14.0897402163499	65.9138026864211	47.7759789531065	16.3615734743688	0.511223888958944	0	14.4483211869507	48.3276312783573	6.72023059312593	20.8693512425307	-11.1672547087823	12.0959247989994	0	13.1710230447098	17.7789044994185	-77.2506380678959	-15.890477905375	-60.8518561350864	-106.164068411958	-503.838076116391
749.058	-17.2134098477511	-29.6815218751862	5.55303678952332	-6.52692457968089	-4.87853646409255	9.3423571827118	0.520444013766388	-2.50069213865935	-7.96862813614147	-8.43589707247889	-16.7645009425677	-10.3454939642647	-8.76033745060496	8.53924273009802	-3.16383510150323	6.67358033658143	-3.74112583045074	-4.80685947110672	-2.87387451999757	9.6284863301124	-28.9873649693669	-7.97588485492355	8.89566530816341	-3.63843953906647	12.5055832660329	297.624530340257	404.853585471975	42.5382907100947	2.89164944008043	6.94588989140193	19.8326143537485	0	23.7718187810692	30.560670587843	55.7071393417531	37.2324200289087	8.26439415976512	12.9112145872258	13.0857867703956	-2.33535722315026	8.13692306382425	23.7611890978434	4.51770759780649	6.07459125242107	29.5305666683983	-13.4893062157744	-66.5281527472596	-71.8424177196366	-89.5166283450553	-48.1586344991032	51.2281337368011	350.99693137222	-581.699757526774
753.808	28.6566823700727	4.17284577425092	7.07497222269106	10.2006852353716	10.7099738347117	3.52676789521975	1.8566337348724	0.463427407423004	-0.262002866019224	9.82669314184421	-3.41747070632683	7.300196734349	13.180971169006	-2.48676925676795	9.67429374970091	7.20222445604346	11.0158326490417	16.0344998034213	6.83484645479756	25.8260862390704	8.6599192368386	1.91282007436716	29.1097746895612	20.3967995267328	79.1156926775556	484.515421099789	205.059351539921	13.0493439847613	24.8418416139064	2.49870162250698	21.0396368019392	11.1463324120606	9.19054516142822	58.884810436478	81.1775897864885	25.2996306919319	22.2976343768469	17.3710154205178	20.0066914205813	33.9197279714129	35.0884126846259	24.2187846711215	-5.37216178782673	-8.84510913403843	32.1750812374182	42.4971710370819	100.96060143787	71.3953176709284	149.728080976138	176.709883460402	-57.4361598008733	268.317351442013	-24.7042581230064
758.558	24.4140014075751	12.7461453626459	-1.92096189434103	30.7068807156207	0.778907082283818	2.51362332241138	12.6926216287793	4.95445961069061	13.8718589512325	3.75200959956838	2.78368485214358	14.0399724202754	11.6889300311732	16.8798859978174	-4.92509433152809	8.55536849593956	18.5497352583091	-2.72100565801544	12.924071542589	-6.3109554900435	15.0413977884765	11.1986905521228	14.090690813973	21.2396396002313	263.591076077639	411.10393787493	51.552512359081	17.1440038471412	28.7231362365303	16.9608814391157	14.2814484973085	22.2776499056105	37.8559263379127	62.5621932706882	60.9739190768381	17.6501103300819	12.1082895094617	30.5500130568255	31.1215157644801	23.0242970744533	37.0255200300772	41.5682356857565	34.3818307765859	39.6260835433586	50.7252824810689	47.0877681498229	76.7136080504612	74.5573379400928	102.427605132303	56.6423522647567	313.667845009966	364.26108222554	201.227384314209
763.31	19.4363245945945	23.8357794507625	36.7391478237126	30.4004338280899	7.54776403639582	12.0871845650099	15.7013642226584	4.57235198002735	4.35371864513372	17.5410037246528	-2.83941663680918	24.430051791274	13.6893158869255	9.03936387543552	25.5371365372543	14.5444239869668	27.2816106214935	0.462580425143522	29.4078351695858	26.8221095484176	-10.5810618038885	3.476534188563	34.1973485431939	77.0306688120485	444.157811974197	221.870156194628	14.0225702296691	21.4218710468679	12.6813097257062	22.9231002163615	2.99916554013516	21.0086739808564	34.709064998373	80.6547441598545	38.2382044026009	25.3021892950034	39.1105752236923	27.3347814125023	31.744595497704	38.9360946966896	35.1165010801553	47.4310317884397	58.1846248541495	49.6056666662362	19.4028174839029	12.9812178652009	64.1645744259921	81.7537935369394	179.799855838939	214.112471786043	401.290394881206	402.51673038165	692.739442281477
768.062	29.4272434847876	-3.2807422567497	-9.88876351408925	0	-4.00967242444764	8.87292142738069	-6.95099092108799	-4.37222737878407	0.549306265917516	6.43822169543038	18.9871239498519	-2.12574212425805	-12.9259427920677	4.77920258064022	12.2541880789306	8.38885442225737	1.77657067131629	26.6137631092902	2.55887603257373	29.7803499859945	5.34002678876179	9.02329487410106	17.5087672149378	216.731843429206	400.394793434462	47.4765257266303	11.0576244115407	6.17779562207405	16.7723489281242	11.350500488678	8.21675199053624	29.8604145414171	34.1579430932291	37.5735298029052	26.5056484763807	26.0300382788226	35.3210580217257	36.4194780034966	23.3029701896406	15.595382429455	15.381807929226	34.818018705258	18.5036495585687	19.4715715941055	-8.70415188207466	51.1003913405475	71.0833939499252	113.223258703862	36.7868887366676	171.520328704313	38.3150384153382	-114.592500106287	569.735147816932
772.815	-4.90141667459083	23.497010409927	-4.44710922689941	2.32312897703009	10.4185080923231	0.738939157841611	11.9480892981035	-3.64120210419183	1.64686916962198	-8.04265115478994	11.4566220435629	9.77218549251104	-1.33631479868692	5.64455096332245	1.26686719407553	15.5094957411207	2.6631586491722	-17.731207796601	5.6259415912305	-1.08223205965497	-6.40395060389704	6.51267323901082	68.4906650224705	390.451599783057	201.221032728343	21.4851106187043	15.9128371438838	18.0805921281649	12.7917976760922	9.59815228483916	2.16092589444832	22.056683408314	50.7666362981414	45.5959400115276	9.29430383322998	16.6878791423628	12.9774119737068	23.1612696768788	13.9728765343092	29.3006442717537	28.0706280795419	-2.17474010366943	5.62795855188851	12.0461524479641	76.1128186450383	11.784886932135	-28.4152471900631	36.4385033861354	61.2724293912986	154.269972235659	82.0513585098439	249.860752078527	-103.522229048638
777.57	-6.87682876042086	0	8.57132764082379	-24.1789469134895	-13.4930463854318	-16.5880467308626	2.83526653747368	8.66932847478685	3.92102645717362	-4.2674305655588	-8.76762037631851	6.93661733198027	2.27259169676777	1.77218854725878	8.61794502011819	11.5484475438813	-0.452907671098984	1.42836718944215	-2.08749965898793	-19.8772723521257	0.544541038654511	5.623057308425	198.947877880123	364.714357463913	40.8766293717302	21.9230756304648	27.0620228113486	17.0992191014755	8.10158470276625	6.67759541778777	9.70189205393909	35.7452995121065	67.4312538037833	38.3150305310255	32.7189869636539	24.0396064841127	36.5477850355248	2.81350029659366	32.6739136853628	21.6282866583028	1.36394457694522	7.39690424304721	57.4268213777593	18.9103203651913	28.8467573392162	26.7224820734691	-41.8809157622405	3.91381969133616	120.041169193776	136.426074395106	-16.7447882407242	-31.869257401761	26.4081216190227
782.325	-19.0438385908422	-13.0218770339476	4.60764909062338	-3.85118964154667	-1.66070990901325	-11.4842209790811	-16.6978131910296	-12.5754962067444	-6.82528343210945	2.99987620271387	-7.41887755720849	-7.04345020952386	-4.6151850957566	-1.34961190704845	-7.00053801471996	-7.81753904722556	-17.0156722930393	-7.25182945682346	-2.11964985335036	-17.9408071575139	9.95269814758387	36.8532578239959	347.046140422156	182.146708889242	14.31247666444	10.2028297005799	1.83192086400147	-5.02600687045233	-11.4254994227624	0	12.9858226550751	37.1920165206035	34.0081700246918	-1.38946898397472	2.88894797182782	-0.508538489847329	4.30268616692271	17.1409910379595	13.2708536843812	-5.16738593956635	-0.692475543661073	-9.76407397456059	4.16509062092698	31.6825801943972	45.0631303195205	-39.3443621407294	-52.3396135711657	-21.857536668252	55.8662309516756	-17.7598990219072	-124.686317319435	-204.94720613987	-831.26006615441
787.081	18.9030837537871	-4.65090174231327	7.35980565533589	19.7727161877533	7.67375119941613	5.89621034516541	-8.86858397585559	0.77477893500855	-6.71643333964537	-11.2947386657244	-1.52359529416955	14.9169773269894	-0.947808376589791	-6.00526839601932	13.927544442483	-8.02733675848753	8.02782198700579	-0.496429688962891	-4.3530689338765	13.8167107227522	27.2527911758744	180.150578279677	364.869830886348	70.2672714804967	-0.979771846693274	11.9052738338067	13.1675862710538	-7.97591905201577	6.56998901188252	15.7814497261422	21.6107953680092	65.7974548407867	32.1271731608413	21.4013682230286	13.3491513740872	29.7646039521914	15.4635476929039	19.3611003750887	23.5375470013169	46.4280427529264	24.8870779326	6.94115338792226	12.8306049417168	35.4903700133529	-8.0976840728524	-15.3242285159385	78.9368542249885	30.605622205364	138.198708570988	127.655624831608	5.81965903413019	420.894665560966	715.896097634783
791.838	8.46551645487397	23.8125814995673	0.525186744297451	12.345872718671	5.11083547291533	23.5617967312789	5.31595111183719	15.7384453359423	0	15.3868672146102	10.2742195203776	10.3865226138258	29.826791725777	8.76835483051539	22.4418320924961	17.8210961810684	0	17.3580620360128	20.6568739504593	24.7307520970616	52.1834782939802	317.884049356159	197.134753670754	45.422632345508	32.3008790194195	9.51491299262658	33.3566121331286	14.9988250635932	13.1271390064671	24.112751363918	32.614196768061	41.3705230641927	24.1881254408551	28.507276048121	21.2389867740252	38.6040098267597	38.0693658734267	31.0647177103135	50.1231166739197	36.4435327987468	24.1523962769742	37.7537988433283	66.6539547000966	21.6673676523234	79.7420369035505	36.1855124721182	43.6245289206212	177.339161967171	226.632825317979	236.843087106116	-11.6279453394975	652.855822578608	660.181475600117
796.596	45.7712680421265	20.7073447811224	33.1695204758299	53.3238378874356	27.7667069010064	22.401594375123	9.0253380051985	23.6541993179422	21.6941643370828	17.4157204147012	18.6063018183465	32.2013532094122	24.5963076120536	23.5054336111375	44.807233214816	20.876899572385	40.3680053914153	42.9423557161773	29.9025696229624	37.4957970689592	175.651768825133	411.147220601069	101.219605202796	39.9610569613595	37.3908567666712	14.0542142913694	27.2792351572845	44.881654965153	31.9978356251324	39.6786107527324	57.0876172522631	55.7223227526158	36.4857553199812	46.9472278117484	56.3530088402211	53.1415778834801	46.6485761128333	48.3626743453874	53.5803717121925	79.6477544118164	44.1412768158805	73.7778811939245	93.1427046273356	82.2680250562394	113.01685425308	123.34296381018	116.225135881338	236.714029400042	344.969469030046	248.688616836208	509.336951658618	1093.37905953554	2157.62797863747
801.355	25.7688807156684	7.66102390045372	8.31302710529719	-18.6733904273932	6.74149310989279	5.52522633008108	13.2449884761555	17.4701106476003	8.20935869269005	12.6287369738521	8.03099311743958	13.8989923157127	15.4042533140963	8.11647483294471	2.76286255110832	11.3617533271896	-2.90399077893376	16.5725647271284	22.94537583667	38.4375232887439	259.869825677962	195.255553918753	28.0358334137316	14.070977096646	19.7970815821864	18.4077385633064	6.19708967808868	21.4330284591954	17.7277428665716	31.3983687062416	29.0839755083792	33.1463178266534	23.7246490955572	31.7534558835929	19.9800286232309	36.6997934698694	6.30729058301203	12.8855952630476	15.7806170997008	51.2759114113314	29.9844081924967	37.2649207927597	15.029144167357	31.1787649475485	31.5045197378951	62.4172299922009	64.920673145125	164.909684968824	91.6297469387602	134.576609464246	194.28063666867	-184.880797808885	798.250074422787
806.114	20.6151045725347	35.2407099420871	12.0077058187626	3.47411914928246	2.99621915995235	6.90653291260135	4.1552905023233	2.72261464637927	0.769627377439692	7.51710534157865	12.0464896761594	6.35382505861154	6.66129873042004	2.43494244988341	34.3384345637748	14.1042455096147	0.414855825561966	25.2949672150907	32.0279204386852	96.599565107238	266.852892010959	73.5134819310414	16.3542361580101	17.7021969925546	12.0503974848091	16.734307784824	18.1781297223935	14.0139032233201	15.25410432705	32.2139107505595	42.4141309497197	27.8914137809644	20.4522837030666	29.2466041033092	24.323513106542	24.7723605921619	21.3477527425022	30.9254286313142	28.2962789373945	25.6379557056657	31.2337585338508	22.3589524756558	46.5903469188067	74.4826051524771	0	94.2377786156759	98.8564795618949	145.192222635595	71.0130538775392	54.4714847831473	224.956526668986	671.409213095424	919.197055395937
810.875	-14.316044842038	-7.66102390045372	3.69467871346542	2.17132446830154	-19.1008971446962	-15.539699053353	-5.97323009708975	-12.2517659087067	-3.59159442805189	3.3075263502946	-21.4159816465055	-17.8701329773449	-1.66532468260501	-11.7688885077698	2.76286255110832	-17.2385222895291	4.14855825561966	9.59464273675854	13.8628312346548	196.739428412123	161.608106563646	14.9836396292568	-8.87801391434833	7.26243979181727	-6.45557008114773	-3.76521925158541	15.2861545392854	12.3652087264589	-9.48228106816621	29.3595135954466	12.5222672327744	4.44645726942912	-0.409045674061331	4.17808630047275	-4.34348448331107	14.2211699695744	-13.0997573647173	27.8328857681828	-6.52991052401412	6.99216973790883	14.3675289255713	14.9059683171039	-22.5437162510355	6.92861443278856	-2.03254966050936	-17.1341415664865	69.3470826777471	62.7373801511831	-130.572389387733	108.942969566295	-5.11264833338604	77.8445464458462	991.765243979827
815.635	-14.8886866357195	7.15028897375681	23.0917419591589	2.60558936196185	10.1122396648392	2.76261316504054	0.779116969185619	1.36130732318964	8.97898607012974	8.71984219623123	-13.0503638158393	11.9134219848966	17.4859091673526	12.1747122494171	1.57877860063333	4.70141516987158	9.54168398792521	21.3698860955077	76.0065574589695	247.315116949944	87.7871196148203	6.55534233779987	26.634041743045	21.7873193754518	-5.16445606491819	21.3362424256506	20.2438262817563	13.1895559748895	28.0345701145784	44.03927039317	26.2563667783979	22.2322863471456	25.7698774658639	27.9931782131674	11.2930596566088	11.0099380409608	16.0108145568767	14.9472905051352	20.1338907823769	36.126210312529	36.8558350699439	30.4894806486215	65.3767771280029	17.3215360819714	30.4882449076405	81.9991060681855	135.74322566708	59.1523869996869	66.4315665306011	288.378448851956	163.604746668353	204.341934420346	-290.272754335559
820.397	17.1792538104456	10.7254334606352	-7.85119226611401	4.77691383026338	7.11602050488683	16.2303523446132	1.81793959476644	6.12588295435336	4.36122180549159	-4.81094741861033	-0.334624713226649	11.1191938525702	2.49798702390752	9.73976979953365	7.89389300316663	4.70141516987158	28.2101961382137	16.5725647271284	185.475121346416	157.796148238001	35.4141221173423	20.1342657518139	10.2798055850349	1.36170746096574	-6.02519874240455	32.2135424857863	30.1591697666982	14.8382504717506	31.7450279238608	32.2139107505595	21.0050934227183	35.9758815435628	28.2241515102319	10.4452157511819	12.161756553271	32.5710667045091	12.6145811660241	29.8945810102704	22.8546868340494	41.3703376159606	33.7324592165588	39.9750968504149	-11.2718581255177	6.92861443278856	19.309221774839	89.3423095966798	92.9546001850653	69.9073664541754	0	118.555584528026	102.252966667721	408.683868840693	532.166716281858
825.159	10.3075522862674	7.15028897375681	9.23669678366354	9.98809255418708	0	-9.66914607764189	7.01205272267057	3.17638375410915	0.256542459146564	-0.902052640989437	1.3384988529066	-0.397114066163221	-4.16331170651253	-8.11647483294471	7.4991983530083	5.87676896233947	-14.1050980691068	59.7484570425418	191.211465305584	78.8980741190006	17.4576658324927	10.3012522451141	7.94348613389061	2.72341492193148	12.4807688235523	15.0608770063416	-3.71825380685321	23.0817229560566	54.0077747795554	28.9517425732877	12.9262113370574	13.3393718082873	-2.86331971842932	20.0548142422692	6.94957517329771	-1.3762422551201	16.9811669542632	19.5861047998324	5.4415921033451	26.2206365171581	13.1181785842173	10.1631602162072	-2.25437162510355	-3.46430721639428	34.5533442286592	115.04352194641	78.1999017429915	-34.0574349392137	-27.4889240816281	54.4714847831473	245.40712000253	19.4611366114616	-241.893961946299
