Wavelength	500	495	490	485	480	475	470	465	460	455	450	445	440	435	430	425	420	415	410	405	400	395	390	385	380	375	370	365	360	355	350	345	340	335	330	325	320	315	310	305	300	295	290	285	280	275	270	265	260	255	250	245	240
248.336	-22.3633520103549	-14.8257941998379	-15.2616891631625	-24.7828755266455	-7.50102263730831	-21.7789412926245	-5.45469712060734	-0.226967279756125	-4.10819331279172	-6.31892924051754	-7.03619811177494	-14.7113535809945	-18.7585212469699	-18.7081130435538	-11.0732198168324	-2.74745023571833	-8.31321824298714	-15.7279434367897	4.30929489168277	-4.55763637515911	-5.9911772058874	-15.4648251622736	2.33956229577555	-26.3530295450796	-6.03241868432694	-2.09329793084153	3.72087684523235	-12.7888515763814	-4.94909746124926	0	4.04520485302771	-15.3828583155181	-3.68566048339842	5.02346376651378	10.0104739635139	16.5402480525791	43.7394083898244	27.8857728382005	37.0415928863345	54.2446091120502	58.1777570258924	133.723931674545	362.026678059793	641.614313806915	857.773321808267	902.072220777425	903.948672182581	935.519550411492	917.784384274585	2597.24232826432	50412.1402932576	172076.143154253	61009.5310040446
252.814	-8.24144121249514	32.452298737264	24.9258974589229	7.29045278717857	7.1872059422444	10.351084397982	3.11100688516702	2.71839697837461	20.6041791603393	27.0293179522283	5.61819004831772	20.4771254718621	12.9810271997952	22.893892431051	27.4722044383183	15.983075025442	17.4243608633928	-4.18609472015875	8.60210204826482	26.6869821950305	30.4965507060249	-4.49025171860972	39.7898758666554	34.8282902856996	18.0626352192538	11.5328993546109	22.2825518811609	25.6934736543199	39.0230740272702	10.7533816804844	26.6472769275635	21.8180324492848	14.2239573344063	31.5872780769662	38.0539103501576	69.8864313999755	47.1481916501334	61.8498358853478	87.4249044006726	99.898576341003	158.839866032239	376.42072604974	761.731357252114	1113.23470228296	1183.35163810696	1167.02524155645	1256.03090054867	1283.92336362644	2426.55982244247	46287.9466446327	186603.773464833	82583.0524577803	4677.73052480644
257.296	-19.7057983064142	-0.60582014699925	8.7686430099228	-1.03045867146119	-10.2221455183986	6.96416221931565	-0.615609175661511	-5.1102317529705	-3.65120214051518	-14.6194756672207	-3.17638030021257	-2.82700061284072	3.95184420927516	-6.74720541309479	-14.0592090068695	-2.32554925239359	-8.86615733943774	18.6378443823471	10.7805532400249	-28.8046195326783	11.2410858032399	9.44069003172973	1.10896629725855	-12.9222321726686	0	10.418473158833	2.44960767107253	22.4880308086054	4.39856498180509	9.67222725960459	19.6538718033069	-17.7492051879799	15.0438243256974	0.992146412497456	52.6078700539949	38.111961423917	66.2295765181002	78.9409554166794	63.2601998859241	126.487750153947	292.816040154698	620.989066491834	941.853074322637	1100.41255765847	1127.4059271087	1202.58996082768	1258.47612854626	2161.88503400092	34114.9165583426	164738.705426663	87064.7305196221	4312.56349128481	5231.84450261661
261.781	-2.75809861237823	-15.3687124036484	7.78563797193693	-6.27387109945773	-9.92180453374729	-5.40402155576663	-4.68511343869215	-15.0107864899386	-16.0550527906213	-12.302138726098	1.2086972237647	-11.4746555323761	-11.0277337521581	-17.1166079629111	-22.8262533341866	-4.24768017845939	-0.499823523716825	8.93091312557525	-2.8787981508482	-28.6201909335743	-9.60568647738699	-7.88926630109747	-9.00247859887775	-4.37089172110703	-12.953315839932	11.0754460584645	-9.94283626517457	-21.8273008959105	-6.94305014014052	7.36107967646253	4.37784654806122	-9.24878214833947	7.38654897213476	30.7064329254216	38.205612814373	63.5352676145151	50.8425299759914	60.2335091164835	92.3586039673892	245.481735743768	570.943728035086	869.300689735272	1143.07928644492	1128.09867917036	1197.85750331313	1230.62993687297	1923.52710850367	25271.2639136941	145031.757259652	92929.5065020418	5304.44057667482	2527.38505985343	20885.7572018745
266.271	16.1300429091543	22.5090861830375	32.8059071593323	15.4209181371531	18.3478789253667	11.8383081371759	3.81213248922945	10.8258811127054	21.0397747123642	23.9206484177713	13.5228458667941	34.5258716877558	28.0403977068039	19.8960809364344	23.6999463999557	12.0007170821576	29.9934616301049	25.1132366770989	13.4687389324157	37.7800381426372	29.9200553830571	37.2545931622723	24.0352859644102	26.1177528064364	35.8350279304004	37.8903095573801	42.4734428957057	45.9141595912087	53.9714308398655	43.4237574699046	47.494918467784	34.1615783478955	52.0884638760078	59.9022704601917	82.5075889738361	65.7447038123295	98.6674438069345	139.577878468448	265.154625407672	604.216303527227	930.342784618424	1147.32471158179	1155.24638591099	1272.50343763678	1413.70464650768	1980.16648701479	19292.9658493561	127461.182158829	95494.4244818032	7016.55440290508	2760.12531578797	14530.8565348407	31211.2261679309
270.764	17.5430113952217	18.7686514029912	-13.0169232470469	-20.7507257651742	5.50761495443747	9.3070219797277	4.1322495624086	8.05476908355717	-0.314211975087815	-5.15518288696154	10.2506313949828	14.1104463387965	16.8341762409227	-9.95391650318641	-13.5508258908647	-0.960624446157422	6.10396839583574	-0.534639795276697	-4.10160268837415	-1.23942143528362	1.83292214327054	2.86743064844851	-12.5973482115703	8.34037654707454	10.545939617549	-1.53700095912961	4.55341401373142	13.1260799506915	-6.05644601332345	-1.99767387097976	35.6422293112182	33.1909811010827	41.0940091401731	60.9622283567773	56.4578731503555	47.2292063440164	96.9415241322543	136.500587476192	473.960540656575	805.859669454479	1094.71711105069	1108.12967299506	1261.85051703103	1269.01088698751	1740.78034946438	14055.3374363665	109801.690891002	96918.0486777441	8311.20946369919	2235.46595861743	8147.49228050093	27483.2321029017	10716.6424943774
275.26	-24.7280981461121	21.43403501833	-5.539933942349	-4.1666090144206	2.24634474007768	-5.79749219482763	-3.73377818787352	-11.962772708147	-10.4574483410905	-12.2551614386633	-1.60544221212274	-4.76284920631996	-19.9738598960539	-8.2820337762834	-12.7907372089271	-9.40324415414185	8.96246790795334	-8.37346757037801	-10.3240983331829	-18.8050624146882	16.1476975189254	-22.4546860869806	-7.84708879931551	4.3542009130045	-17.0330845734025	-5.01506956981934	13.3715721718134	2.47090347279313	-4.44634535359774	4.39978227232326	24.7130653650293	38.308615522872	42.1878302862452	49.1432671491036	63.6066550146297	91.9119353380539	152.527309153572	421.261683962414	705.37872648603	1055.73281784643	1079.82636743733	1084.71254414801	1181.99084491822	1600.51918853964	9704.72102694506	90930.283805861	95955.947929641	9958.91573427397	1976.17538425274	5034.07311819604	21939.7885525656	13905.8174229294	1365.75713233744
279.76	-4.00696273046908	20.2437351236253	-11.3109665645987	7.59556105018347	2.18399804144058	-7.24703701693205	4.84019756125074	-5.02236894893076	-1.4951771549739	-1.05132553272718	-0.390220898017732	5.55678911755274	16.9920544030327	7.57851119018498	5.52699276087307	-3.19979086793824	-1.93638155634386	3.56171559323902	0.557641985543827	2.35911392607252	-36.6322191308323	11.461517690981	-2.1797985555252	-8.9958713615068	18.06582093574	8.77657977467466	10.1114593653888	1.44139452388299	12.008161736626	5.22826026531406	31.0939728421337	29.2305436423045	48.6479728887651	40.9536933320096	50.1826693365456	121.46667252879	352.05663984129	660.363446186855	1009.35207678089	1052.92416592359	1082.6413096654	1097.29686071876	1332.38841104926	7769.37826126148	74575.2042880293	89828.2597532484	12091.4296135333	2356.84390704329	3337.60448928762	17378.8818093083	17367.4526833049	1847.22382487968	226.017175777904
284.264	-8.26264791590468	11.899887788524	14.3532515924285	17.3493393875171	14.9656844276342	18.7756895983443	4.89444969844506	6.28936592394721	11.0993896484846	16.009178127011	12.6270320660965	26.0019861913037	10.6271674524884	7.6634561585702	12.2737570735648	10.8761554332756	17.0468646309062	14.5276140847853	23.8825018981688	23.013603265559	10.5144878190809	11.9471003792586	20.2270625946331	2.0144947909999	13.8504868950485	24.1305924917674	7.33206609250382	12.8035819829892	42.0567965621572	40.2593132733284	34.9734700025082	59.6772340969485	53.5622023916396	69.1372177554879	118.194288542016	297.919537925231	606.55807347235	932.996751984543	1002.89155900719	1005.97417117568	1055.33970882182	1204.58609267702	5256.64417684589	60532.6874051156	71038.3051029578	14282.1556270731	2655.50302784148	3134.72396908066	12532.9981037791	19212.3672643759	4174.80537091473	1078.55863262734	1398.19145224343
288.772	-3.60527162820918	-2.67857876399872	-6.30008579966851	-6.83411915621971	-12.5763584312823	-17.3880908163863	-5.71590613705459	-4.51888512470869	-9.41701756916522	-8.51338765319272	5.96873274318675	-9.16617275425305	-10.046814169627	9.80199411571121	-4.55851116408573	3.70159373910161	0.435565661329273	-10.0717877809851	8.52956875195309	-9.55177570861518	4.7085574783711	-7.36608593716461	-12.2579844386997	4.76120633775239	-1.80608372755929	-16.2321935141724	-10.3974891484692	9.07828046352246	14.2617607901824	27.7971684058503	35.1830154985147	41.5713345478807	37.7632998193219	74.1349809565026	219.830673410632	503.118463818717	802.603512316794	929.123978243284	933.852935966243	954.093607782954	1011.4732431096	3348.83548314974	49284.8593309195	57248.7820498978	15848.7532720926	2617.4724664243	3019.70185713867	8510.52163107572	19148.1301961306	6560.1385163708	1270.91823454718	703.564139648179	1220.15606253166
293.283	33.9822438537242	45.7022649350107	25.0847727777017	13.538366952875	15.0687844059293	19.7924163433947	13.3060536355718	20.5179283818647	23.2113898370304	22.9702402320407	22.2121423135845	33.1479556827557	34.7529700168449	24.5104424909478	25.4228134966009	28.3852052430653	55.5288366361975	18.869728041426	41.3608927235346	30.5194119338277	33.5995506614976	39.0694155450982	18.7997618692341	31.9468720904728	29.8634706640473	28.1749782895298	39.4506478266331	41.8522657783093	59.6533722827892	59.0286693861388	63.3859298248623	72.3771025608712	105.714287660948	206.03730264016	455.098371487606	766.543662786319	936.282153801156	944.034923711906	950.951266500458	978.989046958582	2302.90356184132	37652.907618063	47631.9391316156	16321.6038461563	2273.04215809063	2859.8315430274	6097.64193845896	17662.763201223	10013.7835795381	2225.05519591941	1716.83687020728	1456.31114490886	4142.25056643366
297.797	24.5342393519446	-0.994254564819879	7.64513597353701	1.69115907259483	6.92933742618903	-1.00847491051362	4.29386015524946	4.63479122300678	9.98707953526187	12.87432601287	0.325811487610344	-1.15989798209408	0.405353301222179	17.0054542733711	14.6132601256561	3.0532995264136	1.61676465473399	16.9932739089662	3.72478595148463	4.92430327027898	-4.36939248297338	16.4051877054714	20.4750396604478	9.27832281606564	15.9218917133634	14.6558553221702	26.5334883610248	31.2904698533033	29.6772809808508	31.3507167120952	34.2221586853812	54.32255124688	148.13694541781	367.99175400947	657.273145763207	856.911061418056	860.573501822877	868.725674762143	880.88784884233	1700.97421322255	27856.7363170084	41525.7158551478	18444.9777061843	1655.04669938603	2164.91029859722	4176.14164662903	14493.5303315359	12955.8728841466	3003.12466691348	1754.47786992937	1761.59353464142	1655.86846129358	2406.06578519239
302.315	4.92652660789754	2.44014707961478	15.0104465227888	17.8472507727303	-10.3828004870017	14.5202776796997	1.98366058258721	11.0499282778972	2.696184478961	7.46833130962629	0.639697701677724	9.48892357418443	4.37728477235837	20.5766207840339	6.41786890587327	8.24290901426115	-1.58717643962269	6.25585576912639	15.9977085303762	-5.80102102746403	7.14904792949064	9.84191898693013	17.8669586018242	18.6507818084891	0.411329133996085	37.1680707235511	26.0479021880586	35.8374645245246	33.8586191198437	55.7102133718262	57.5377425220838	114.771992989235	330.335734224961	579.050504042079	775.290521182652	836.404269556808	855.494737378284	840.010174228711	1369.69081234943	22018.1214724014	37555.6034319901	22625.2520535253	1365.13351895674	1507.22573418897	2608.04620176715	10471.5883291885	14802.1550107255	4420.71499888631	2229.74131611112	1863.34623518218	1680.50299247553	1514.09732444182	1574.68844347374
306.837	-25.1101880497485	-18.4936828942941	-17.6103706210254	-13.2448382490532	-6.78365764568235	0.6581820758532	3.70904793210365	1.51245037258842	-12.9546772904372	4.58314946587613	-2.55169399674578	-15.5186738909528	-9.92078265176477	-14.3249699128852	1.88237321684593	-27.6492499899553	-19.7846800436935	-6.65440548714236	-22.3346744080148	-10.1236308028462	-2.85168801392997	0.892238400957451	4.45435114164172	1.73014454311127	-0.820376624108325	6.3767716174101	3.54213522191653	28.2762745835874	28.6607440693159	34.9651265131225	83.1790797741009	253.570763091496	505.629767134238	742.030138967669	769.82560978961	831.897598912603	798.066966966811	1148.86097772094	16366.8498289011	34815.1237659736	27827.8947962308	1324.69718219056	1001.66502748663	1481.58515508876	6518.98324847008	14462.0502554622	5951.96622528099	2492.25519015282	1941.7900633223	1693.14267420945	1500.46328902989	1491.37161784401	1108.46191258004
311.362	-4.36147080862719	10.2072782640278	-13.1910877409527	-16.1217483282414	-3.20925096268148	3.94410211979805	1.48174437318926	3.88424350264818	9.27652192861166	4.86344276241203	-3.18558688357462	-9.07262251590731	-8.71925656129417	9.66680265552587	6.39198138540482	-1.11949907686346	-18.5740980803783	-23.2609878855434	9.55990749905002	9.62936943911877	6.64553034061852	-10.2477754569222	-2.66923339674665	22.4634568293162	24.1705282818915	17.9120067344391	20.4398083919718	35.3006785079663	35.2905120628062	84.1982718903772	221.91518615828	464.93374433036	749.115140555372	774.127194172633	791.198367649617	811.189109679743	1027.16579329822	12273.3997433183	32507.9604386745	30747.8353157964	1652.2545504602	859.642395906489	973.92230964559	3756.57482042998	12180.8017371899	7495.14813350219	2619.03845653162	2168.15115231911	1832.44373718882	1791.73072863772	1702.91727731199	1683.7679375601	3044.41826298632
315.89	-20.151440390126	-6.79798312804774	-13.6170312844713	-5.78145238107469	-11.3991517731628	3.61177740889456	2.71378919221069	-2.58688174391084	12.9252465357891	-10.2886590468164	0.318237124441709	-8.30817561185765	-20.9842780720592	-15.0649896663728	-10.1417226932796	9.31974180522119	-8.68548239711797	9.54397627720147	-6.82161243217306	-1.92392984557582	-9.95823317624652	8.0119025262232	3.55538530968687	24.5985489038377	17.5980267545881	23.4609248708336	33.7701752920336	33.6977094841384	52.0988909697927	206.600819679341	415.334770948426	678.241096676997	749.136878307722	757.441480932622	753.194698207374	882.374088207028	8497.5292886261	30793.7845384128	32482.9065606447	2062.52275655907	771.818623026007	733.053130625421	1931.5809824453	9416.95663704382	8620.68729513399	2535.44064058891	2065.05791629301	1935.72243391943	1651.89316300413	1634.40927246557	1424.14600125001	1432.53068249139	760.336281052415
320.422	-15.8196541729766	-4.37712726009553	-7.91931948427483	4.96346290627207	0.356793698136338	-11.181545269163	-6.67178134723606	-5.82980074431075	3.90820706883219	5.72507114092869	-23.5872428551894	-3.78248839474624	-16.6556685885842	1.93450052853683	-6.01952977767303	-2.98709115869646	-1.58170640124569	4.987436490753	3.18851481865169	-5.78102841236856	-4.74960632000298	-7.5789089654703	14.6894401408596	4.32244275127871	24.1847803263084	15.9311719728734	18.4853355730486	43.563175188305	180.480084887059	378.145037474346	636.506318819593	749.801128057132	724.623568873373	734.36105886939	825.202999074861	6105.20763307876	29007.8437954876	30822.9341450945	2672.93731495493	737.992538708645	690.333118143211	1069.3747808127	6421.22359800817	8830.72291581428	2721.99279395754	1762.95805857081	1749.39707094933	1679.17266922407	1589.05433221784	1401.85576071758	1421.55727803483	1564.42070927064	992.327089383031
324.958	8.44341030772862	37.136932780536	13.1656105590079	-19.6331061224407	-5.15433757522364	14.9314929551365	9.43425069670511	0.445602471235877	11.5942607378855	-7.97521324076904	0	5.46428430847397	-13.5037493461586	9.18236035313669	19.4106570599564	1.54115432214238	13.0570030957011	4.28868136021271	17.8608303004654	-3.97687089805799	15.1931195607698	23.9215193886435	28.0187519740336	28.0994259223715	28.3395262496346	36.9877481378098	47.0776871022128	132.020628454564	346.555557228887	610.136490522429	725.096210187443	752.640805410323	756.565927058607	801.740162756028	4175.07811173634	28281.9847638022	29915.8096716898	3753.77580465338	693.010931981729	648.148327574938	744.270811331409	3953.4076800235	9075.8988922361	3213.02143422816	1456.32004292542	1579.72889943484	1641.31945868673	1561.72013209801	1479.79101061374	1503.26889734746	1366.40066153465	1509.21664571482	1905.0396822268
329.496	13.7445625985108	-10.211683693611	-5.08076067477246	9.11892247859577	-19.8524330045467	-2.76206306741262	-2.33475462589434	-0.453357325175416	-1.53861346247134	-9.31608152290336	-4.0155718339491	10.3245622384395	6.24488915018228	-15.0286948664195	4.34466168655291	-3.13595029772244	-19.5112203335672	12.653621070254	14.8242519644049	-10.6209618031663	3.98903911851892	16.8492651389475	7.47707920284352	24.050594386608	29.2630603180555	30.1051590014958	106.529498222521	303.658002014731	563.067763338081	734.063881436313	740.139151597545	745.524206399585	766.86952228938	3070.4503936308	27242.1147488826	28757.6590959463	5093.52971387381	657.576825382658	611.497156365634	600.592202956448	2202.94534256972	8078.31519854715	4411.71041341965	1183.74519175057	1256.06125674929	1486.03682069091	1525.31758376825	1457.98507790027	1244.30799439647	1362.70004292361	1272.62823158489	1661.81875709717	1744.37391036634
334.038	-5.18727823362516	1.02771975798435	-6.04305792715438	0.874040539665542	-8.293501015552	-12.8564977966523	3.91622238974853	2.50946231756737	-13.4201995383867	-7.86361579410176	-8.41944596090647	-4.79575398745175	-18.4358643151415	7.35816292497605	0.397503201501845	-8.67919041437534	-1.25338698845844	-16.247850067281	-24.5447505164504	8.14407729246195	6.02194668452074	-0.942075720450773	3.76252450591663	31.0553343233938	28.151499864807	94.6821909203595	250.994650816082	533.670431602398	679.435844287554	714.161223690451	737.56881006845	704.735374966499	2163.06852596972	26316.7601317647	27361.329640716	6536.47267105918	657.01823068315	585.494427431225	528.363484637654	1272.79423575742	6355.70892044227	5829.46758062932	1163.52729352678	956.034781921605	1158.77631812428	1299.69274646569	1408.91016452084	1234.51390815039	1298.41585040462	1242.36560931854	1167.63045812586	1085.645100736	950.931086562147
338.584	1.15004045566777	-12.303878693053	-15.3042987049105	-1.74400473950657	-3.0087859818493	-21.1464212481498	-12.7631612355776	-3.64161529801089	-2.57478943370495	-5.7330882628031	4.7038951148977	-7.9742846623032	-7.10633761740945	-26.9170163856536	-21.4151183727076	-12.9884271931563	-15.005570673945	-11.3907839695254	5.2816208304524	4.06254308364131	-2.50329339292785	3.75951559882775	1.87687534875075	10.0238847742108	82.0971103782995	220.829766652176	474.699858913001	672.255010999369	685.709420630304	714.951346538529	702.179937935374	1546.23409568968	23384.6900009192	26211.3142080251	8482.90345634163	643.645523693623	557.041376155731	542.701519561035	752.732709891072	4407.25035750102	6749.26937684617	1637.75661929994	767.586417680701	945.11073911273	1077.50602676642	1181.13003098356	1238.25319149908	1136.20143458364	1125.12392933525	1068.84040709914	1077.6678863601	1190.44906263309	1021.69158650783
343.133	3.44695636955802	-19.4632700775197	8.80348255794379	-5.2272145868912	1.87876615442454	-11.0830281459759	-10.9298167232424	0.227392164501256	2.82967017219387	-2.41171745968212	-16.4485298519787	1.19504540792153	-3.34109108690288	-5.70443232916024	-15.8484985453993	7.47132517829034	-8.32878066069854	3.06393622214503	0.959413762143107	19.7867293457727	5.50219334714703	12.2072170220596	28.5960921191874	106.975090040558	212.824980901416	400.568371171118	617.165012839334	653.452413373121	685.90677310976	680.359289471707	1207.32242085829	18918.2122808125	25655.9073820557	10142.4867027446	611.345980423344	539.024686562859	528.77688663026	546.859997030245	2669.25858011653	6710.87365306935	2632.30105866626	758.280733083237	777.439150598628	909.496954401338	1030.64323950973	1197.23761578203	1120.21264729322	1073.99366255665	1020.647758038	1022.82966084752	1204.85538340591	1267.34761689196	1506.82781938208
347.685	-24.2280901333155	-9.77172345625173	3.25674909800408	-15.3088469676052	-13.5828398037479	-1.04331407635688	-2.61305736203083	-1.59830217341931	-8.26567765024727	-2.72435880238627	-1.01120129331583	-2.79992595905123	-17.6129853380214	-0.409137937204958	-7.95689236010358	3.5536274971095	-5.01785410282885	12.7457393571622	1.92673192663814	14.2643764567667	-8.53841851211962	15.0861579466479	59.781378844958	183.749516868181	375.820214117721	583.322073178032	622.20282319536	649.088925473274	695.785574347112	965.212595206513	14876.3636363692	25473.3051367361	12499.3086018206	643.07061131585	506.153490204193	559.733445826611	514.332221305464	1615.64861199239	5867.95401059322	3717.80323912076	823.780047688765	676.045152130299	757.169473378876	940.283212919788	1044.10152330983	1049.27820523766	1105.51052589834	1004.35566492126	1057.1673656837	936.61162929952	1096.55903603616	1096.36655111747	2830.83974015613
352.24	-37.4279123266207	-4.69251657692474	-10.3765905821839	-25.7186501136671	-14.9175816691721	-1.41026115218443	-11.3910337423766	-0.925905322432844	0	-4.29630959886838	-1.7085673591954	-1.62201265256197	-24.6579754571693	-12.4433336188136	-8.87323344382467	4.8034843218138	-13.1414781354137	0.891133499916677	-4.88322844551398	-1.03292905920371	28.0050882379342	32.0220560927856	156.524307028086	327.152763419883	547.990754004362	590.509048242614	620.238607318151	646.676467709445	845.022034695598	11861.2503566932	25846.6898556966	15078.6764796369	725.464176765565	477.744230801433	502.477440149303	509.813990781924	927.853854409902	4536.66937225373	4786.62900880411	1060.04590292164	643.099088082581	672.903074216515	772.212480234677	917.873886862731	1015.94685131494	1069.99216105103	1046.93685949143	954.10507177148	1006.21888725059	1041.20059391456	1007.29218101059	972.544695651547	791.68608572903
356.799	20.6964921822257	-14.7616331191854	35.2920422448116	10.7607982297842	8.12205978204176	6.41689785880756	3.75003903424602	6.08545432509847	15.8868774566051	-8.68837656157192	-11.402211978544	11.4806201370626	26.222393324962	11.7432036296139	23.6537656693535	-6.07126878823481	-2.14321429463278	27.9329969486318	25.1820039538233	27.6776644190249	35.5251905871545	154.64556138824	316.537272094476	551.018631317789	577.203556527383	607.01967392594	625.871604930489	761.516452778379	9191.28071341139	26409.7112705168	17572.6330426526	873.316227635184	440.467157638293	521.920956773139	545.330124190392	697.908794493047	3008.5355320846	5304.54663747684	1695.33833943704	682.693713250292	668.328816272073	728.002141269239	869.300497407689	911.114409018591	1031.46592311065	1025.03986378254	1015.95527480794	1068.43317439578	1133.37229638078	1029.62895242966	1409.03728435215	1665.73016977713	1751.11288506613
361.361	10.1225930933531	0	-25.9330136832862	-1.80595696273634	0	12.2052223906897	13.755997475431	-3.77097627894673	-1.06650143776445	8.12396625279862	-11.1336946902164	1.65151098302664	-0.4328691656351	-8.02409977063671	3.28531065498149	8.96654311123458	-10.3590753796194	2.26834969525481	17.4021262360665	32.0772820974418	136.350656391492	278.840762596071	520.870738115039	549.194400956357	585.69788070094	610.377776591667	681.318651910007	7141.70768167916	26874.2267196011	19273.2176540301	1098.03622518598	448.526831288711	498.817170144666	514.253596839972	562.686792067473	1902.20061832034	5059.7453584732	2563.22887784423	764.764990242688	663.221077570437	705.463283639527	773.250311578425	818.300366763664	920.160922014758	939.328039425133	971.088023260346	987.753964919396	848.393058352208	1072.17024829986	1030.13227731547	1105.32175359942	1455.03424408978	2342.68130008862
365.926	7.16717707847612	-6.3899257420758	7.22561003275265	-3.62294234437384	10.5474831533026	0.360073210118197	-6.22262712624261	-5.20092425884749	-1.33719729308982	-5.95487149800367	2.44293212185848	-8.69690648208594	0	3.81249479113096	-6.59068368291603	-7.35866268525731	5.19535260470975	11.831433895783	16.4578174474917	95.9982126011567	238.172158716584	451.510030786675	547.317029720441	557.496880468229	598.706352367672	616.602164686339	5710.063083296	26933.969596098	21380.824490241	1384.04989236398	391.848387483522	425.019221275481	483.704878049739	539.805454395807	1168.25007804592	4218.48423060485	3438.6391661423	915.46780752218	697.879512026566	722.354006375987	774.078600312827	768.541016916494	814.527295015367	926.58289962266	892.383737963194	968.946651689763	970.769904552145	1021.18019394655	1015.69706751641	1123.56402097562	1268.60485742523	1135.14875090801	1743.42545880987
370.495	-7.10896294402294	-10.0352057667863	-21.9785586131971	24.2562305213392	-4.64969470118395	4.64293152490782	-4.29362430089954	2.1103693637223	7.42748240311221	-7.14997865011831	1.73077845402536	-4.10774637608204	8.1826202864809	14.2857742319343	-8.17144001826249	10.5428457949577	3.00600665605284	33.4005692907337	75.1899861121682	183.635647741736	423.989838556968	503.036309302433	523.051656308608	574.561715832043	612.98534620653	4550.62210370081	26820.9185088536	22793.654623194	1892.6749146595	379.883347609436	411.233351862069	465.480314685157	543.238513468204	808.321333490439	3152.53185084398	4082.64085083905	1285.35494291229	755.448547133327	733.856329673907	723.115370652128	781.363351249371	838.738931559757	933.10272232377	917.265359187109	971.336353311389	973.738958216768	970.514830422787	888.593985681484	1043.00420849338	1124.38840986397	1575.51953632398	1367.19914173229	2606.42809281715
375.067	11.2170790414829	19.4749154031278	-1.90459456986071	3.5811351661322	3.86139621745475	5.338771829224	2.67426987686585	-11.4502038609202	-4.22965317813768	-9.91352399494185	8.62407767192625	4.91231312312871	-2.14590245417781	-20.0986680540357	-3.2573150304747	-0.404097051098123	24.3931523571876	80.9647220541591	153.805613191577	346.193674939299	477.529844951959	488.758593417904	514.505176261108	565.097487034594	3739.77007154111	26604.4886742964	23808.1026505631	2401.05840958774	341.817683807401	366.389589466342	450.215144546029	502.637211688148	621.475749426572	2226.53904940111	4418.32446545166	1865.65059172508	816.090350062065	809.734633555258	811.527346352629	847.333809540515	839.213240165498	869.395078801779	911.290214851073	939.100237830628	953.323368536473	994.359891965936	1041.68595078332	1014.94235191428	944.918932053414	1054.40758142118	1401.49108693747	1562.85483934508	374.631975568133
379.641	5.11844737822368	-16.2253243844294	-2.2934121496284	-9.05564888287303	-2.6038260101524	-3.08576013923172	0.772851477039076	-0.225105804161813	0	9.54987344200824	8.64003601317605	9.4642366644457	8.68218070994189	7.66388880939152	13.7280032952708	6.6176555249336	49.8824754062114	119.158649421041	266.884567222779	416.365881068182	440.206165188167	498.252286529065	539.719071495782	3063.87495793081	24359.9826716778	24528.2269172811	2812.87441313858	328.964733777936	322.734359130772	408.401530178231	475.826526012182	542.415676686007	1393.12593516113	3982.90468114783	2627.13380544264	897.69578124718	802.542560892728	811.786140533705	829.841973443649	882.778219766762	890.94707290421	906.846846314603	895.777573615866	988.925567432838	942.573611311501	989.48984166289	1003.47454662685	1036.48153522798	1012.6610923898	1289.56255545601	1608.93137160102	1611.68464682863	2189.39705652324
384.219	-8.46577529435765	11.5731342332583	-4.09670185505925	1.28381155325397	2.95313739102154	3.74276090940898	1.27827570687966	3.57426229886319	2.77988454353558	4.44241003471836	6.59556409179546	13.6968953935834	5.74403802747565	2.40174330724447	9.34179465385049	20.0880751054059	87.9591109827647	234.352248710784	381.254880371948	393.257805504471	466.337474741453	473.240190312919	2485.07634466408	22740.7737944331	25828.0161675526	3520.6711745177	318.209194673749	273.673618719265	371.017283264192	439.031923935382	484.147038365934	904.445673350068	3267.25176494118	3306.92517578039	1127.92662519269	832.52348025842	872.007557277571	868.120429773283	898.046320666186	932.889458754706	913.100038297703	888.58246095658	952.6637770965	948.965222096875	967.442743855388	943.351257463197	1062.70545767818	1090.44431715474	1056.8898103577	1257.62223617931	1566.45668749578	1838.84266124584	1838.45755334034
388.801	4.91018838844771	13.6195059392234	-18.4808229818868	-3.30940698810292	15.3441306854182	8.8806209103484	-6.42551655293768	2.80730731668953	2.44294810437487	1.71774542482332	-4.14424544913364	9.835752915505	0.396615276899105	5.80425876013373	30.4778453814902	57.135571833694	144.349539734158	287.646361545721	338.026666878049	389.78851398108	459.821876250504	1770.57494493621	20328.385678773	26280.4222952671	4095.14050010882	304.32508435934	248.601198116075	305.37452393434	390.829602907103	447.698267620594	620.424457661136	2300.53746762208	3620.47348021497	1451.38873857159	842.288954723572	845.870423139668	879.938938174979	892.253216560618	920.464525682212	946.751528535748	933.261684436066	923.554015619648	967.462634393876	977.561361046025	991.352872949449	972.552149269194	1048.3698658288	1019.93578213433	1124.27163699986	1124.07456742546	1426.61172858163	1860.88513737332	1707.94849322553
393.385	16.1834969828935	8.37781679453044	-8.42087157908143	-1.58334376347283	6.82902748494454	10.386005282777	10.1685302789583	7.02555364298856	10.0516585815262	-0.82183349325284	2.74536225362705	27.5107788920292	5.31315524749478	24.8076337199197	58.6869958536367	124.351040422741	227.432247357769	286.378439860388	341.32166200122	396.952644133881	1443.60971976139	17254.0616353852	26152.1682456695	4856.33946347628	287.937271652244	244.70027217498	281.918118711409	348.16729385087	407.0168857572	501.585423355837	1477.5419784026	3498.60819230975	1971.5266310788	858.66073588252	854.703207967276	855.403877251139	909.244339119915	922.885047216409	921.931206757039	979.203453941677	971.608792625132	904.119052998666	970.280127825458	937.771758337774	989.360568676658	1009.83509177184	1005.84794135958	1054.41904998226	1178.14341787875	1335.72955379669	1560.76676525548	1736.33937165561	2363.09868916691
397.972	17.1814646644957	22.5267711533124	12.6345369930102	5.74747475548581	3.96625561470231	12.7954180177019	-2.74689187978227	7.40071960293641	22.6276713370213	6.09903333197607	21.8504033045808	11.2126911893875	13.5924199258753	45.518175728484	101.76717403145	194.045524022033	223.448783556336	278.366333095449	340.944775030575	985.383318032748	15275.4703452566	25927.5427692329	5528.47298992923	299.110824920556	235.431247383798	264.169719792046	324.266262906763	368.652158989277	439.783674922349	953.795451529617	2905.40782413462	2504.01922645844	944.103330934509	809.77716528365	860.71353089425	868.107027614509	922.111415159732	934.756164818871	972.588557835453	973.045666450872	946.57121498059	937.391218434173	962.436055969188	968.117147779536	1017.77035095778	1001.27230119408	1089.49886062916	1079.21629114289	1277.92899632857	1428.77651166541	1961.79239882812	2126.67346042746	2757.77214567191
402.562	15.0613808502612	7.36376117075643	2.74294757969876	-7.73618663412036	7.30885120075266	18.4530249105202	-0.220080796865473	3.46151773848441	12.4004243755971	8.41334970773745	12.4911448493946	18.8655617036561	38.8516595737872	104.066248893023	158.827256944772	178.914226125297	226.102319784567	285.030258588779	694.947299874331	11732.0560578428	24939.1913087717	6311.7491825104	307.25369591007	202.497237704047	234.019622294703	298.323756763604	320.869962753982	376.457852399197	632.84013484455	2205.40356670932	2828.6757577848	1113.69568187999	795.276654662521	814.020836606906	862.925823346492	876.67517264004	917.025507522454	934.152130343618	939.700199326938	927.617027178804	931.272096040263	896.068412030783	974.427780288131	963.844477139358	934.55538913539	926.315972789566	1014.94850225336	1052.81494861622	1304.46970264833	1496.089048245	1569.61879876384	2292.00603523715	1767.62018442746
407.156	6.74533249166786	23.6257547930804	22.5382240045402	-1.82662702010677	2.52106185157243	0.580937275661478	16.1505047232198	13.7308929833679	17.9065539015812	14.9169228088441	19.4254410574774	37.0831759461411	67.599958304197	163.002237580278	179.769573616141	184.681271161946	236.794665009777	507.685373244104	9423.43538087009	24465.8601081591	7152.9272321729	343.360705647133	189.109226834346	222.192079385602	267.553669964006	312.727327952045	357.107469575066	476.97028161462	1566.34068404103	2911.2766522755	1473.78056950098	770.414916790299	797.263503834114	851.569014805899	878.421265086005	896.406023756964	925.731301298152	927.249228961055	938.748887198336	934.603411190428	945.601650618664	940.516891458425	934.069147545597	991.524575401232	988.338760071344	1021.59368602612	1074.76440424459	1095.3547565355	1181.80053046426	1502.5266336163	1750.05726441262	1872.31394872971	3566.98086087957
411.752	31.2753175243331	13.5193386488453	22.9311277439533	11.8570398378592	25.7249223209842	21.4260925919277	15.6696647679274	15.3802220002937	10.1849200743638	21.1362833472104	36.2723387842015	63.4152513050153	137.105430586572	149.896851800995	195.435103496432	215.045729462554	364.795273120225	6979.98015708939	22675.8960021969	8462.65757700973	408.049368444595	225.77982315434	199.526144291763	259.832905091963	288.425702332616	336.289110083787	420.91944921405	1009.12987501901	2702.05323421884	1934.15678391637	798.623652838074	749.019347983542	793.260671765331	845.836438840077	883.725649118581	921.119154162234	953.447114958256	954.214966050567	960.189817646267	967.882958114013	966.203987685512	949.697660464892	979.628826600242	998.827744613944	1009.88859316695	1115.15776507313	1127.84604108483	1184.14131776239	1285.57040443547	1509.59940545951	1941.12276032149	2082.69378209582	2265.2891234406
416.352	0.93278621468974	-1.66325865255913	10.1562237211046	4.24363396439141	6.10098991080959	-6.46701519635503	5.28166905787483	4.24591132024328	10.4419287063003	16.8870239313525	49.5986645162657	117.391692827458	142.062659082726	149.847736261158	184.310612589646	284.758357918455	5051.5859778683	19370.1693514121	9040.5221772883	489.732412647308	181.923483720796	179.14667962233	227.205463880947	276.059684850828	269.156263984538	356.863518542639	673.204003802457	2111.9149403081	2320.96142046683	930.412812526697	719.892531366732	750.044436122805	811.057441018826	857.348879336279	881.466846073668	918.172972677121	933.267651744515	939.582112421199	925.991197546979	946.447146439028	929.592054477111	899.933349130557	969.684618693739	961.20940353707	972.439648090259	1050.71259008956	1036.77132124342	1128.94937916955	1237.29720489106	1498.84137656611	1839.74197482208	1796.57703945316	1933.59539658959
420.954	-12.7949695849973	-13.444443889466	-6.63391805893946	-10.7410680351543	-2.68993585354672	-8.81566598184623	-6.00286086929429	-7.05402173182591	8.18464436984854	28.0555632967858	73.4277789396634	100.12601367769	124.241481555967	136.770847623395	243.300008412987	3721.47146308726	16971.6214758241	9308.74315677958	558.616443516846	166.265948002276	136.46898860664	187.47515675223	227.086248453899	258.529258650723	305.949732957537	480.098962486145	1527.07883712423	2426.24776745059	1157.88742437602	669.960052534149	691.153058639571	760.364722867837	783.236633795658	841.015127133911	856.014050975836	880.203142171511	885.351148222891	903.712303238969	907.702868751925	887.801626591064	912.292382076968	879.033061698504	876.303706217859	918.973311624425	906.558214396526	954.260598265104	1013.45491711552	1161.93038113607	1206.79511070354	1425.04336157752	1651.65286116261	1550.8831821681	947.25021122734
425.56	-0.896617773880191	9.19290687406678	2.16942664423317	14.2768101890657	7.62375416573842	-2.43244920196261	11.1691234418181	14.195748444061	26.8992853677527	66.3404420395159	106.09107320706	125.895726425125	146.005479527743	211.445698369854	2808.96208258786	14432.1255153043	9336.08400695859	668.444445376887	162.838846497752	138.57033368895	191.65381410588	224.226816997113	268.513252065478	288.445414900749	399.87036117369	1060.17374078548	2274.22627310337	1483.00930319017	689.378153465751	670.034405625757	725.502625447766	766.852632412393	822.191327427923	835.887779971077	863.281286729921	875.387018541767	885.6818071345	903.553895938843	880.716902268837	883.756179247233	915.066945253821	892.104396147126	910.901695541486	949.697981349502	973.714042471785	1005.18046103652	1098.19110362534	1246.61734581637	1474.54335225901	1716.82135803581	1748.4020593131	1833.42122594226	1915.51750923159
430.168	-13.6336337670422	-18.0366317303839	-1.41881670234616	2.00080943766387	0	-9.54500922497806	7.17185472463121	20.3669853620817	47.0659063727996	72.6963135356889	93.2831120321434	122.894824208522	172.006951292828	2064.317781754	12927.8811725978	9331.01945777129	813.574809717071	145.424240494194	118.61616109261	173.613032611345	191.07730258173	238.658436346722	280.998504360197	327.572960612487	732.00628215845	1914.71211889483	1754.13330647921	732.800986407058	652.878083776282	696.121702618997	731.269969655097	743.284756670461	808.774941911368	838.31364828907	827.858518869116	854.533115414741	859.542460038288	864.610087191274	873.599569334126	863.393115549068	866.501677619578	859.543026088625	876.284051144945	927.006405429861	924.785363260856	1026.51138371285	1061.47452772321	1294.55538324223	1469.41607016247	1541.40200885844	1691.64692724648	1776.21180095207	1618.66354811969
434.779	11.8453870561685	7.82281688026896	8.4920609971677	5.65508270072908	8.60844946524671	20.6302274732623	25.0400441547394	49.3167889690956	75.4354199135121	84.0292062264321	103.821425274303	162.444632450237	1602.31875332539	11849.9496674836	10142.2216870635	995.170510071542	147.560584228539	124.678471337459	171.077850457828	195.272415647933	237.211488409676	282.892397914903	323.628111527143	539.519904147913	1559.9884247752	1959.99377572239	903.387732259023	647.364250781425	682.518580557902	708.780580861319	766.928753965469	784.825766870602	839.693536103247	854.837963500242	858.132641893044	863.338441942258	869.708703213293	883.0385265014	855.62386632563	887.162578863746	902.669799436691	910.412110323226	910.417438904856	960.559088204698	985.579961672101	1092.45264161903	1220.47616860648	1322.98411836624	1474.59636154326	1812.73162485079	1898.93349447287	2181.32801293353	2635.48919863373
439.393	1.30739660698912	-9.71345615183106	-9.49000047648367	-5.28701604717006	-3.42046800565998	3.41549279125219	39.0868203141204	54.1634982922479	63.2251261939009	90.7880127890207	127.06709928119	1140.12251144338	10642.6230862681	11037.6294475382	1271.06389043255	131.249687270816	118.463418252703	125.177015857713	174.306276030847	190.124426961035	241.324736597412	277.804632336562	412.867440612264	1146.793537568	1972.7052933398	1126.04412341374	614.589933859919	617.033514120901	670.141119980359	711.198144023006	745.224185533068	765.143749104221	787.421273838543	803.972281668084	821.329326182989	819.183754964898	812.950764215683	819.86278098607	831.300910101588	843.136623078181	841.038087553548	843.995276644011	846.585879103917	913.312413710047	975.928770139577	1054.44450386744	1146.12476602267	1290.98170233896	1480.47871874553	1637.19449868914	1676.27741343162	1782.25977654186	1825.19259301743
444.01	3.01613145720963	2.30489503893526	-7.29773169392326	-2.28694022476547	8.17275371522643	28.0543301530181	54.8450705327986	59.5207798690641	72.3505921193806	101.745836003443	743.467767210616	8700.95561373448	11685.7434155603	1654.81918840758	148.284708888219	109.417210294839	124.621224827403	160.53074837599	181.331884462394	228.311794171845	270.486825717456	322.557007710348	806.210773593049	1798.23235318477	1364.06426991775	642.072364633489	603.298082999785	627.112805987996	679.615578334515	718.497027675562	741.365297405342	773.230404809483	792.681292573821	794.261193188428	807.14561759928	797.846595890076	784.412680189456	822.630333742277	804.309557851546	798.987964629579	825.426618369245	851.29323240902	848.899200337422	924.49518410404	996.252236298514	1073.84593733086	1168.69356715722	1374.89414286489	1565.47614673807	1826.16394232979	1899.59798139812	1513.52791715836	1768.1184856049
448.63	20.3012454964547	12.8205908113665	20.1256459604991	8.65864146623402	29.8760645258738	56.3504827882012	57.6669516272701	75.5003469336798	105.296717565339	565.278275505691	7320.52612184339	11292.4576087397	2068.62239156839	152.685954693844	128.636327353331	123.903825877726	145.013848996741	184.965394485693	206.952403196847	261.459457669354	296.439418301653	565.142520709248	1514.39923322169	1616.66117008526	710.949212754491	576.211381097764	598.898772091452	641.430508631567	683.833259978864	730.552923505367	750.689444343622	747.050398102806	783.825398321753	787.665165970631	790.358277002644	795.017481083512	792.194497686679	787.296924341887	776.241783837908	816.973092465603	809.3060123949	849.637956935313	861.026364115718	949.681396951535	1016.9354998099	1130.01097226597	1277.90777933083	1376.06783919778	1609.42351521808	1664.67105566365	1849.52433530274	2110.06891866144	2522.8298595244
453.253	2.92666978987678	4.84581370070003	0	22.825102063273	47.0351268001156	52.4279578406437	63.0665351052547	90.3564765122272	398.762108668256	5525.69345550343	10700.0634016922	2568.26009050404	139.812921015926	115.055470085953	111.014577706362	137.078928182816	160.323893092726	191.446442960099	217.148823935377	262.155457805306	420.45187663048	1127.58270565714	1674.11026420544	868.306332080321	530.949892440288	547.934800828063	604.394571750299	639.193249045676	673.590836521234	696.292958276952	724.094765300893	722.550571084956	739.907638248536	739.2640014014	745.440892299363	738.001775262266	738.467695215039	739.116022171412	752.253311068363	748.921646146842	755.331765273153	773.085151896654	830.305316396732	898.338047993531	957.057569039274	1037.52628045895	1230.95441747883	1326.25789327734	1495.62109950132	1650.27552705512	1712.65897377946	1567.96304486181	1680.29948455258
457.878	-24.4301034607301	-11.8132922850766	-1.33582527716761	27.9426665581546	37.9157383712261	43.9349244876882	74.8385291573567	298.943481698345	4589.99660600888	9727.74759615335	2543.82797278425	137.813939892046	103.247895336263	86.0479990719019	105.947521460678	139.443379395973	171.386376257387	192.442182925199	234.419859166644	296.564401783962	790.985539884071	1603.34555705629	1081.22378140641	524.956768617304	509.035114183154	520.589241415624	591.110914477385	628.56950913817	650.724567342129	666.896302546298	688.203389780125	703.899939157355	694.043846673208	689.824587414778	692.062186846098	717.955911472727	696.964473047935	708.878890773531	689.940012566474	710.541943853791	728.182209254468	726.427231536143	755.459698260197	831.460076868901	943.432831538807	1023.9950453941	1139.10721704784	1226.6122076259	1464.65028178239	1509.19702630078	1600.08743632295	1749.60699343085	1243.70977448631
462.506	15.6037802172557	9.88456743550113	44.3779664563072	48.5708130500026	50.491964106624	76.7417756530462	281.425994321155	4048.98141092762	9480.94055298464	2948.13738878046	163.875263506509	82.8548305966367	80.5979108953753	104.845208971608	134.518939443895	173.416690539412	192.582758036686	232.451410984742	258.528833170524	546.855317959131	1354.29983214417	1267.51175145981	574.649017918437	480.895734030959	506.035778297218	559.730912924829	575.536646687072	625.114325720824	659.48879099837	669.240432703391	682.479704333351	669.926756983511	672.435768649996	672.096403480769	667.605961262672	688.624834500429	649.405510707811	677.097491433244	684.982045668965	683.748284891653	737.804940854352	737.398800307317	780.976236590931	872.35365231913	921.742093064285	1061.11811960235	1145.4990694761	1287.13220571876	1477.11497002004	1570.213074727	1667.40135036042	1714.15148534385	1441.82225444714
467.137	-5.27009197714411	23.1314305932406	32.0418283479735	27.6644410016874	58.0680370195367	227.779521795916	4144.62702882842	9831.36188958161	3203.16797133349	160.823141993683	77.2216210292952	78.4255661671453	90.179964905608	123.635491336125	137.277680258466	165.101610739309	188.658668122356	236.901249597477	357.462240441506	1015.32700971365	1368.80402530743	677.527514454732	444.266096272557	450.674282644395	500.49939162451	536.909232843533	562.354796641861	613.063012159304	621.342069712528	637.628289888285	636.602338049887	632.195949478221	643.019176814023	624.759417184468	641.557244513247	644.11702964651	610.205202865106	639.990299352778	647.752775761817	669.259747165794	686.385802228056	693.926948446114	697.590793442788	803.614132592404	879.779760983908	988.670757095758	1108.96902398755	1287.22850734113	1388.53549852613	1441.25300410718	1374.80455849369	1644.14686167817	1697.84265977065
471.771	27.3571971902899	34.4335339992391	43.479431576208	74.1265024111319	170.775502751493	3698.76256694932	8968.17205496259	3783.23680353484	193.835605520694	89.9340583601307	66.9967937933579	88.151232234315	107.627759524184	129.829667762318	165.090944032137	174.311443805471	210.555591580591	285.677308484046	688.328986663977	1328.79859632373	819.316189127565	438.608758154346	439.905916456262	474.346698132274	507.580035960014	514.618668678973	554.601538020485	595.09096809907	594.91958443314	628.20266206181	611.047462160481	615.74815116491	610.838598878081	617.663155804054	598.817926811172	589.58118863549	599.090664195715	623.896382934422	626.779790426086	642.486021415882	647.81466881166	658.174950048453	725.558821771934	816.974934688775	884.517972717915	997.497645265998	1114.01543602436	1268.63009679157	1434.32897615563	1563.19737199769	1737.76311186606	2000.31399192148	2569.9639992451
476.407	21.2270794094117	38.9214086087358	54.267526621374	171.276597182278	2635.30292051272	8915.52740307987	3559.16529838628	220.036536785158	65.9964825729001	63.0503547256162	73.2495876036723	88.0343686507768	103.360956816218	139.474793810125	164.904422595358	188.883098690712	227.903463450823	460.77453263683	1115.32548406403	1012.65285941742	445.31148754789	403.258810318186	408.196362067478	447.469820930082	471.600785041292	500.910903160576	536.236994536936	554.680207390741	586.495407963875	597.171211929952	563.388211855696	567.75273366531	568.631977614386	569.285420670227	558.44196018394	562.874000445588	559.409303260126	564.475828175159	572.230049178481	590.72278134654	607.775566940526	642.90186039659	699.180362476859	753.969465331278	818.727770352461	957.078103476243	1082.20595495478	1171.3969876285	1312.52219655859	1430.6279692085	1533.39552487243	1508.81229279686	8031.19407641814
481.047	30.697849013037	66.8225041027526	138.583288265864	3006.56240443398	8926.22195547317	4045.30305480295	240.005533444555	77.6378111947592	71.9417275637078	70.9200157379084	83.6292381633735	109.468967838502	110.711918429532	157.49699668731	183.944554452511	212.575975239006	341.587201697634	819.817623573594	1123.5241448172	538.683312059033	373.497860348374	390.982436142461	424.216081867268	454.577857051612	482.618437034459	485.514286546469	526.590698247499	556.15083042049	565.739852934777	561.233994554886	565.865769996734	559.237438911536	552.641226716346	539.896944579534	531.369036103148	543.041933107403	548.395449761442	554.705327354356	575.664246657248	576.657785080109	610.64114041246	630.041423702013	665.621800966102	742.070735482501	839.731813416221	945.869890798548	1071.07919897138	1253.41181733958	1325.64312614627	1466.47359559231	1558.38175614131	2144.59034795339	22768.7083032515
485.688	31.9484561154242	107.882299325485	2307.44754749093	8966.9932492173	4840.87426313877	328.63700373817	58.4307505125494	53.9020432034762	52.2157278740545	58.886821535529	86.3392127803831	105.779587415851	117.578713821961	143.037900885954	172.691525918511	234.807819131027	560.154400260253	1035.12153373713	668.598931631401	336.107079380826	352.231312286092	376.964675201717	407.344839331022	425.294161117701	446.533419738047	461.561473263948	504.745317522787	509.121182937796	523.336142803518	516.434535878471	510.770633672461	513.958092058903	508.239146219113	515.456339100346	503.178977946069	489.574224460108	510.748654397146	509.979539520635	505.32706869459	530.52323431455	553.741626159073	590.936097863255	623.778004189872	678.124877131266	773.138511805093	839.082394127409	1015.3063395346	1143.0071219454	1321.52011673072	1357.18870867529	1446.99971949711	5889.08102798459	33974.9920595173
490.333	114.376174470392	2254.80542645379	8535.74421999338	4736.4734819595	405.433302791504	73.0526683802525	55.070899535462	60.6260491469294	65.8985635537333	83.1029850790017	93.4708078573777	101.214099314463	120.941863785151	157.420895138401	218.718902462772	394.724693228595	873.155099016967	811.100613078212	387.029778808646	338.698295483745	356.55630174228	375.533205148289	406.285386315701	416.38508180488	451.067330630789	461.041915035535	495.939242093328	497.176774060643	513.428794467322	523.421700212068	503.024459921451	492.940979147926	515.807679189015	477.934023138316	484.762438238157	482.571567351591	499.942037832906	504.933493750718	510.215907447624	529.234530776806	558.446065260355	577.563822694995	597.358436494976	682.705665585195	804.739382496498	863.340489270895	1038.36519317405	1100.78185013858	1265.76883032563	1363.57328450072	1709.57268904171	17875.2929694601	26206.4597362596
494.979	1720.69670722542	8206.54807732498	5267.37406376482	427.117735385685	68.2481305859774	58.8092733452092	61.2107665822962	59.9738921984654	69.9950645193763	76.9927857971695	107.691012897914	119.75521328396	128.750695607883	174.100611719763	274.070344984431	687.94994505723	881.862572271011	425.220925376334	315.46798059667	325.880696874549	347.045046273653	358.097592172298	389.845285694392	418.154003046039	423.286293740945	453.014944185529	464.651770167367	476.022656359389	488.825050491097	480.007041815852	483.404967922988	470.770522830819	465.678888847271	471.069873545593	463.064097243411	476.012216962135	465.561329770122	472.370244281581	496.761875002521	497.754076391306	535.589635217148	569.808823324629	602.416916862897	675.235504160313	724.319995445778	878.448653393899	986.546659167969	1134.23518219579	1321.35798105127	1620.54945396046	5034.32910619391	27856.0077319736	9488.16722767167
499.629	7573.09349590093	5250.35312439303	467.515872912362	59.1263480963784	49.1813481327892	46.0516916473679	46.8568229495077	51.8092487728528	70.0118548327971	74.3228474539399	88.8035386149747	95.7256951858464	128.12620313777	179.181853060262	469.476700902584	835.206211178534	506.997948050976	290.087837279827	283.706783741477	284.597005816109	319.381668106069	333.275266630871	373.345219082847	371.045494797046	391.935206744414	400.565416097542	423.099927878248	432.210133609927	447.537728853099	428.693376625338	431.382508624469	418.211803138222	442.110219720534	419.989531624121	418.843143158665	419.82996922783	412.724221976897	419.201600134394	459.959363512127	464.988068075972	488.720504086111	489.806331453328	547.274138643471	588.94285962224	681.271808851185	786.598967398184	866.983548630773	1017.85366699369	1182.81719967047	1320.89041412929	13900.6378240871	22367.102997394	1211.82620076139
504.281	5710.67652610176	532.607934061354	55.8900265094793	50.7320632108674	38.8126371438979	40.8170430390395	46.5444020410366	63.0550170041876	56.7093163662632	69.801871588332	83.5429133375353	100.79527574872	140.418467066642	325.967548148494	712.495728282515	621.258756734887	292.445561851118	245.782444864396	259.058332657072	265.898178288535	292.664313370889	311.161151556658	339.607523656138	345.236162546202	386.055331279207	385.277210915106	410.04110675992	430.364251476067	425.943634218279	428.569192033194	392.494277270733	393.339499717936	396.489776796943	400.943057111766	386.023820699626	387.076425331573	405.724530177235	418.199856101371	392.333959384474	431.439244179738	436.21856124508	459.196184622749	496.087306209156	574.496123126204	628.972083596601	684.409369894367	884.292655650726	1022.64617922084	1112.32704977117	3556.48548967754	21908.5608623598	8806.04653421637	825.566725418666
508.936	700.122437517658	79.8350427780243	54.9644978688629	50.7725175468907	42.7601852926009	50.879281766914	62.6385833189013	67.9072749059569	73.8056098430497	89.404176405105	99.0895114251339	114.290305618601	207.676092726649	567.941522180487	688.89635901272	328.157488274072	241.833483434877	234.2590150264	250.782983368613	287.629969039359	287.369766049767	321.547751382373	320.731367009217	356.653130639516	358.174135953008	381.277874429888	375.087564778774	385.399989664088	392.128445742484	390.559927181003	390.762468825251	401.953084126023	377.762841380812	388.47510659301	364.196779673257	366.679521208267	383.160907627855	385.013115358822	403.120947523395	419.152565374982	414.099482580917	462.94054362168	497.185603755537	587.728140825298	644.732331905025	749.500486578016	887.925963949976	956.609471002646	1233.46100332247	10730.1351400827	19207.8931960913	2191.91097411096	2044.95935985198
513.593	72.8742732581265	50.5722966767692	34.311731528351	42.1139685169497	48.6947903265896	57.47007928416	62.8093393081765	68.2916457151865	72.1413744306751	75.4479210522076	94.8300972239118	141.758295622184	397.471292809104	657.671205572636	405.064095011853	223.250452147687	212.442956825193	223.291704503224	249.323449126473	256.734208813967	266.147784917924	281.366716670595	313.400323612759	307.133981218692	345.433547203866	336.781440677553	324.05493998698	367.286588496756	358.681255700268	349.318037633222	343.192424409913	350.392017764711	338.711170207382	350.554825107313	339.353928746976	337.401833514894	336.19409507542	351.909355809582	364.851026730604	382.254164606364	383.756460095154	408.952360885101	453.445720785307	525.34079263145	592.749270259716	687.042920573362	816.805107822409	990.514654620265	2482.5125140818	17939.0043057747	8514.50042433696	1129.6842588658	1183.173029486
518.252	42.3319049733448	47.1764765852897	37.6190123783224	44.2827795139236	65.1172364979748	64.9831370225116	68.712235043183	73.5382614804401	65.4653485821241	75.8966012074759	111.079078206471	267.16292625655	599.804818263513	514.854959241837	225.992450626058	190.753783090148	211.673856976796	218.601069873258	238.923203658469	245.422944659947	247.423354134715	280.612456072185	287.218698721652	304.368984476597	305.431595883885	335.397959209526	330.078618846853	338.676158376709	322.509527494409	343.122841345647	336.237276114383	334.265951870134	324.155310198905	320.488031025376	329.341295484077	332.588510322931	313.266425833733	344.163892793989	357.084593546185	358.829309284695	386.129995098663	412.028863954185	454.284549752086	501.400140846897	580.073165276711	683.636776346649	830.929061306706	908.277651697307	8066.19954013737	16430.2264014707	1909.93780015594	1270.41405142773	1940.0696559714
522.914	16.7561090538281	18.4131575342667	29.5426158656457	44.911013692737	45.6221702905722	35.0037773691511	50.3070250714863	57.2228642089067	64.0367647849335	79.5437806043512	156.881024199448	433.128600115058	546.73367539873	250.399110198605	152.112446344689	166.97004254776	180.780502862999	190.903038366698	213.777259057133	204.07240672548	238.855919172029	239.168203508565	253.428446007601	268.629830334991	298.087420271143	278.53268226475	296.406467673036	301.657796528717	303.813083343969	304.236846805331	300.739360150708	284.450310333336	290.539874973518	278.792145161254	291.928426789538	288.1865105017	293.275504607354	287.763169041873	319.09532181226	316.703486607662	345.618515408374	361.65244313658	403.557043685098	415.986709287818	522.064715320884	642.170428136896	742.773666872773	1697.3628956851	14062.7899351989	7902.14193971438	845.071626748623	892.701686915312	2258.46151298892
527.579	28.4437412555755	38.907162462768	42.7384865430376	37.8162426496601	50.4599989444919	52.3832746602992	56.3032669959653	55.5210051200943	71.7074496956244	112.045991043748	294.380375895408	520.353833962773	320.078199662693	162.495390635262	148.067265238728	162.420429216506	172.290204983185	182.572818455488	203.67119179134	217.473231510226	228.995136353521	228.955737583917	235.599510455868	271.691964424534	262.046306301894	292.730504330317	282.894056597849	308.35720805696	284.167418298552	285.905813064183	272.124272227606	272.045346435065	274.929490859333	280.472644509893	275.043457840711	281.291024574351	269.14081937397	287.73609424475	305.740066156726	305.179900442267	317.956120397936	339.47851327362	422.442021891966	440.692326619346	516.48430469371	635.44738813554	749.729357776406	5967.66414843323	13624.9205497157	1948.08084374831	886.72012217383	938.901575710517	3461.54959413159
532.245	36.6482027117986	24.6791872221159	41.506405998843	51.1417373670833	52.530342855885	51.2395424399934	63.2247189201292	61.8814041565024	88.5098047162354	200.494658893504	465.414238320801	410.910304313152	177.424239962765	145.172378292944	149.769582674255	169.456430754069	173.806829174348	173.177125688542	201.840321443368	194.190867444206	223.022573707051	219.853153742033	250.37552690529	246.832231344839	252.243002199403	264.156651399677	252.42458888796	262.261172618135	257.69904328645	273.313773919377	261.836388735261	265.878429202837	250.870815959973	261.286663871151	270.178083353167	265.528399569137	265.006970857485	284.397961287173	292.220230692911	291.483186830427	318.147238095647	344.297819972531	367.939932043347	415.608073906861	507.109176386697	634.996016011397	1321.60226060752	11282.0143886799	7013.89903391445	962.62042981654	988.156408949895	1587.82974513539	2952.33246760011
536.915	32.6315209811594	50.4741940846956	36.7818513737014	37.8588565430574	41.6574255534233	49.5369693064821	53.426845489551	62.2458175991618	129.391324830637	328.851211639157	448.420552507082	202.547391840961	112.036384310455	117.1138817755	133.946006728498	139.933620353163	148.193604616118	167.742996454964	171.036326511819	194.781163768428	187.927439048596	209.812417441428	225.210509622798	223.050144808016	225.410898723894	246.283467502189	215.995493209415	239.857132507534	246.857277984248	254.345213434123	242.403498817911	233.419089683954	244.836540087417	241.956077091634	239.623430607969	236.573658690051	243.242908160494	243.592714748313	264.050556528955	273.93727974276	279.217057105896	291.808127317926	339.55358832196	408.994713421444	502.999040689712	574.786458836167	4531.8165439172	11719.0768750387	1892.48842516748	812.226675226724	842.079298142987	2154.91235595688	2228.6990466978
541.586	60.8355747509983	62.037160264761	50.6686861227181	69.3423519211922	60.3354223489416	66.6399868169798	55.114600575396	102.613556491868	255.491632633802	430.23600297488	277.406723499732	128.754282189245	125.449723102832	128.879026118391	154.663874564957	149.960640084458	168.0357283904	161.166569529287	198.212905666279	194.536375344435	201.487354955864	209.596816019859	220.955905296886	223.064112544476	231.258813562443	231.083001220341	244.537635945109	240.866186401315	250.520204913528	243.651897078651	265.914946479105	236.913485286944	244.210965079802	233.384478062756	242.346215128565	245.315017065536	241.962872225553	269.994031085009	263.651384303104	291.205802036247	298.005756858671	313.010169646494	370.550786495461	452.721575552562	559.515393361929	999.458367287425	9113.36243253284	6625.25037279247	793.917015835687	817.003480310031	1348.44210708743	3016.07107800074	2270.84429713662
546.26	41.2184691559299	35.3213671132755	42.603466333043	54.9209139016754	38.2142795994063	60.314060049026	76.4973054255685	168.21708772595	365.188765760875	337.46008750426	134.218690481285	97.3958308353152	111.711954622613	119.491383693169	134.960627755664	134.765658648668	137.209021647894	150.923537953225	154.71308166145	180.592788509401	174.214084950379	196.883765301741	191.357093529432	203.255789820319	196.061976790571	217.086188813599	214.08637683328	220.248839629747	223.639297668458	226.423877379173	222.740845267577	210.188388023364	202.343107367421	229.336946290321	215.962698643328	207.456066363271	226.563110343701	233.892320586596	237.218017361171	248.712255667937	271.548088655685	288.497825485135	344.048080726428	438.694986810581	501.339590392508	3498.39741352861	10131.7397262085	1938.59817158101	683.739843736353	674.392585268876	1782.12311545999	2349.62522789178	507.882551121933
550.936	50.8014281064725	37.3840537019589	40.3221269340361	50.1364721030521	46.4126356407231	59.0657294187665	126.748812665367	289.170861680405	380.389488599384	181.316823712734	95.8840250442173	114.342399257518	114.896086397873	106.663067370573	128.466812521354	139.641786033427	136.778590044137	144.684973195263	171.025355003857	176.96469630084	173.416713449598	182.546673148069	177.002731408974	187.850763534606	203.291417501902	197.522531586971	212.20652309652	203.339126890029	205.310471882404	202.873466887367	201.375606054798	205.790263777936	210.773972618776	195.444381709678	208.098428368261	194.800430763519	208.787593474835	213.863811883465	225.211804714966	238.277399151112	260.832558589189	274.915025847929	360.392458113619	458.451341765533	700.423542684186	7286.35270123909	6088.99091945065	664.100751708123	643.704657745672	855.531971040253	2284.87068460202	1313.63426781444	614.038046045609
555.615	53.2977829410058	46.7978866804743	35.4958909762014	55.7200051242416	53.874539084215	87.8752020167	228.991095460403	375.572715828671	231.240741276363	94.2859818916915	88.4734477460267	91.8306531123873	93.0482624590443	102.808618216371	116.679036087123	133.487882921479	123.513536559409	131.359120686421	144.301349919491	154.043660380473	156.793732137799	165.322407174883	170.670039443157	163.488186059671	181.437705261521	180.710935478459	181.947345343921	193.467046723753	192.249699433919	195.9837432361	192.552931684802	183.855267804913	185.127426806813	184.231956894723	194.302765542223	201.877085880137	204.299661008031	209.810712359579	204.825921925044	229.176854396279	241.389015357499	279.615792666031	372.045050061055	416.990295419552	2524.1811728909	8657.92736234621	1972.97962207054	585.408542133443	633.329415316476	1234.29654398755	1949.46302298096	685.177474497488	1605.64847235008
560.296	39.7402978746387	55.3151570450075	51.3477083788442	51.0408240609522	64.9814374846822	161.840403941522	330.089851811067	284.580237651684	108.039011984669	77.6693751735058	72.2688848114102	84.9162099428785	91.0913869584197	88.5840679024754	100.681839159059	107.972745759542	117.579586127763	129.763179364887	116.142340764115	125.700506945071	140.875854854883	139.854445298835	161.810320463015	154.232728710523	158.147943225242	158.693295515405	170.745152597121	171.545736520322	175.579578080219	166.814324759798	176.219506746685	183.789722042074	169.1291294592	169.928674577608	176.98130723406	180.003948539493	169.094019356282	191.725985296741	203.013120261269	193.867157605355	218.541401275682	277.461991272866	361.940482579756	559.203540240593	5709.849230968	5533.3624998055	616.278632456413	586.66458159156	595.496874668883	1630.12588717961	1263.02804390835	708.777840890206	634.737519996208
564.979	38.4640325476494	37.2112970491352	49.1733277359036	47.4704050911752	93.1374603343024	263.464517688507	301.203059148591	147.225081312519	73.8398153264483	79.8770108445622	65.2733764428406	76.8908864085418	84.4810091199244	93.4507287644099	103.006213166982	96.9086538041348	111.230815443562	120.028625933484	118.220957080787	127.563532020027	141.44125234989	128.080942749753	147.584770997125	146.553318609991	148.82074333521	152.06647863218	145.741891730714	166.330911750654	157.74812904005	146.194534943013	151.260828080025	151.658729633362	142.901353745085	160.417218143512	168.337455362061	168.194406884502	173.749189761283	163.616298192087	186.584965225691	171.484755485971	219.184674171923	284.338507270776	335.146551912604	2068.39447001677	7393.20451300015	1890.0484126869	467.982901984335	547.139017906768	776.092848372161	1809.86303014753	660.979604719084	541.613432727471	813.602401952404
569.664	33.3868457854343	51.8151979284689	50.1976852124045	94.3847570592008	198.420424396625	311.858811885342	184.283553535119	84.8368775197197	65.5205178281029	74.6210527753104	72.253368397434	80.3110509152919	95.5861232979042	93.8415701160891	100.632261199086	111.723635732052	109.056142069403	126.244820839356	135.605719187087	134.684297896887	134.579920167936	115.542902756479	139.582439883877	141.745853817702	142.475225112367	149.867844828063	147.401716964044	162.802202911778	150.00763239446	149.610133134341	149.168102091269	160.333074891951	153.071465408932	154.368069356294	156.74099871537	161.49774257017	168.731281626632	162.585239579727	192.647742275549	196.636691124932	237.424770519869	303.006950334542	398.731977078442	4865.06840146453	5066.50210287613	538.298022370434	494.762009899375	565.336901630828	1243.56960338866	1580.78425436378	743.060654867074	608.523688703272	749.801374244224
574.351	22.0328417164392	12.2308393360524	56.6627594675776	146.572381701685	278.699826217305	224.055745780461	81.3499789605188	51.5026934673922	48.9563452904298	63.4803830178514	49.3102443055171	70.9101442401772	73.7391732636894	82.2618948754539	88.5924518912368	86.786862120229	88.2935865895414	109.589233335107	100.319162977501	99.1250180508514	107.500310979379	108.718488281661	122.459974120278	115.94915043859	117.143193813553	131.726490510384	124.686222890797	140.569164415567	141.425672675973	113.316689925642	120.825913609988	136.760825039228	134.491045876693	127.465798380805	134.102874323439	136.566986507118	158.549640255272	140.017680726047	148.882771176161	160.263711967328	220.410686023211	285.425819366589	1498.36763570924	6258.20181716233	1808.05077928527	404.293950846724	404.768307581938	546.74747612674	1422.22772168979	863.495765535951	408.103062983843	395.04860833886	773.810690948513
579.04	23.4895425350663	32.5351985212089	105.888120733978	232.492236843123	283.129040241008	123.910050453755	50.1613841595496	48.3137202836802	46.0162487509122	40.9403339292638	55.3912852725438	70.966759524257	67.694486654805	71.9949043046034	85.0506152005997	71.4900138061779	83.9194265281197	92.6790716241529	81.2579626107571	94.4607920166222	91.6682371701774	102.155458571272	102.341089649645	112.339760759319	104.644344883994	107.187297980292	107.058286342022	120.408456142046	110.719741604099	118.217611049936	120.729922459714	117.855744169637	118.626643341642	117.895437002259	131.171129867628	115.614471739386	134.025051985356	128.812361867621	143.448985542	175.359660641263	230.631593905522	285.015869712519	3842.40320800352	4494.25501145155	471.154028963213	387.312470547827	428.940540600164	848.519644812	1508.87965757829	476.731915586841	381.829279436839	227.774118460879	567.837296640867
583.732	11.8200897575984	65.8640554962606	171.256513955644	273.994001428936	164.284994078102	53.1903626255676	42.6428928767839	43.1095419918285	47.4455035652567	53.8295713222172	46.8665317200519	66.7384639731907	61.0702379867097	55.3903784509407	71.3300329362368	75.9937706066998	84.7636023929837	81.3730153158328	90.9439600906257	108.1149150346	86.3752329670985	92.4605172888705	91.6297910559906	110.049710284151	99.9227654003606	96.162574985712	87.6568226405311	133.936483697221	101.10658552489	98.5455568425582	111.081005333715	108.478901139076	108.835472987925	114.645079077481	101.89300596373	119.061851346528	127.728867484671	122.795343406358	133.942271133039	200.960146560386	217.373437796591	1003.9528058577	5503.29330897003	1627.05640964012	316.117007029007	357.313257960498	465.400202896937	1179.15378426389	1023.63174819431	359.251002496837	384.27792693578	358.179405878998	321.456826138084
588.426	42.0074656783793	117.652010277656	248.110797371642	196.257231756659	69.937485693148	32.7435059022487	47.0908385724266	43.8351759105831	43.5096274621317	43.4187986237102	47.1076412490793	65.316495931296	64.1605996880823	73.4312589219449	69.6485117385609	85.9691236525687	85.1996771674883	74.3560426165772	77.9480723738878	92.183090508473	107.139079537081	82.5328848000791	91.0624543990055	84.7270508576895	100.75567506815	104.712067316248	104.016131379105	98.2980084013627	90.0296931771177	105.998291226008	106.264417624371	107.239668740382	98.4861525347565	120.50099228025	105.637871469967	105.055063786976	128.385981334409	129.923238159249	141.483844340645	196.383061390334	236.082173502292	2958.53832425221	4054.57998297207	365.067846978384	289.131346242076	367.314025416367	628.462237797427	1367.25497729825	645.183516341943	406.236605595596	401.402133222506	511.231375497467	448.764712110633
593.121	95.9492047050816	210.628096294108	232.843383334518	92.7994292330847	37.9328922350641	33.4215152203683	31.2934127969893	35.614944859067	34.561774470949	41.6220733310033	44.6024139101824	41.692370710902	57.3514473631942	60.7931685677706	59.7033219335127	64.2156738264107	55.9505460752824	68.8797983742678	70.8603592683379	79.8398279713715	76.4864858739789	75.9755996614758	77.2510075074386	83.7993798314511	88.1216667687439	79.3940193216656	85.7814845752615	85.2906094270374	90.4801568269447	101.67264676089	94.4619129126007	89.7131851129443	88.9287600038665	84.0567047753209	90.9535579686123	96.3552082315371	97.2230505040514	121.356369724132	158.801052654038	175.677129683689	673.176775538992	4614.98927597698	1617.07293776876	234.064482481366	255.012476872446	337.249867021056	909.513718794434	1116.36957087501	361.745470630389	288.892248586794	376.770229869159	448.661098206003	469.050511016386
597.819	154.0186296528	224.524937544549	146.018414570956	25.373358535212	35.6369653700587	25.8644190721905	31.8714415953829	38.3776347595378	35.7314258155094	34.6698076260763	44.8722977584082	51.1665188143306	47.718197483395	45.6425527815976	55.0345408794942	61.6676790107658	60.642948845552	70.6040644340076	64.1243904286631	63.6521325567913	66.8637090175342	82.7464920068042	72.1171147706806	74.7879708005324	76.7267692083491	91.4640451545096	87.8471426572501	80.2508636371921	87.0162537995005	87.3263484756088	82.6246590243029	87.5301755989566	80.2750568450239	80.4936581555889	94.4346371392195	92.1257051829261	106.174386493623	109.727069116514	175.249065461133	201.614667830416	2220.36932572085	3849.62680859636	317.600455396905	241.319144955562	255.032942005493	408.982633381032	1097.35743659716	730.837053150317	293.550819252349	362.699879606465	260.357590364883	240.248458970375	-435.589550131207
602.519	206.249264561856	167.305969010549	48.4735917779989	35.0802237216423	31.9573427569165	16.9438191819565	28.9877694273362	38.6788388969547	31.5587817383995	44.4715232765949	44.4665227049809	50.3688375616649	38.0341042741272	37.1072919232848	50.396958976685	49.4253783739418	56.4174468159784	39.5323307850761	49.4636327494751	66.8246893676323	76.423811557986	68.2009022851846	64.5680150954119	80.8567526073584	72.780191812255	64.7167407974092	72.6374256949115	83.9915032505822	66.8628611920549	68.9322586610957	85.4083413182589	91.8801458039717	79.3610996547407	76.7061240412307	77.4534102033913	97.3526043708019	93.0820305084981	126.942855191489	164.712610723583	502.714720698955	3864.72606851326	1697.30218167996	169.127215879579	196.13961379419	257.034549915698	573.003033156983	982.341905472716	412.968304442717	385.822252820144	256.608804006338	92.6121135526258	322.845375889051	-146.336081247032
607.221	205.49306180022	81.6851718851173	22.8720969828192	15.5481478228904	23.3995925888639	13.9404260669799	24.9015198208792	24.1766014586478	23.6385167382099	30.6784178868711	14.0212075124126	26.6218078753889	38.3773885528704	34.0383737046473	30.6916350067582	48.3783188454766	44.5925452915408	35.235404881302	40.8023982922203	41.227300993173	43.3051685889279	58.119603402731	50.9101773492836	56.0043205923278	55.7335010442256	57.3373356173276	55.0484123750205	67.1718933443982	63.3869846787558	63.3442042029151	75.4068096938097	62.8329678864196	61.6938637814925	63.383916032219	66.2309162461831	69.9155013689982	98.3594280905808	137.518438658738	155.423245085105	1789.36163682423	3586.42080099724	366.695197916494	148.319832408212	146.453333698973	231.483538071611	746.031980104993	741.720440694006	217.228214187837	214.728528177256	195.415001637522	109.022669436642	148.072400110033	276.856624296562
611.924	133.466684211986	34.1662387881461	16.3419713816793	25.7173085206768	18.4386195843722	21.2443844279791	21.1502332468878	21.445013001089	25.8380737884372	33.9781306563433	26.7676381876973	34.2079368764976	46.1112109591444	42.4882664549659	38.8851527602168	50.6522832014635	42.7860244019741	60.4087560577012	48.5507100882684	61.0737750928364	81.3063995748429	66.2379445741976	83.0299046303032	58.6367359355519	62.5580488352312	69.4660717894828	68.5984791543279	70.0357972507147	67.7979376886367	52.3536752680778	77.9959749120057	71.2109657344385	68.8929658400634	60.134206474826	78.9035888667282	76.9403151782392	100.798045039322	131.699752540889	343.962034345051	3289.62175795295	1785.69663460453	158.5164889066	157.26147790774	193.817623064703	334.538941973663	849.235190324896	502.636502865147	262.075664282949	248.517934402883	254.014860727505	-27.5176160677979	560.608102542356	-614.938362147622
616.63	50.7749910234627	34.9442201415609	38.0773959885187	38.1617247315348	25.635740321777	24.4348860577727	22.5965470316617	31.2039253369096	37.8928438964538	35.5255243286382	28.6275485940763	41.0747814864648	36.9116660666822	49.9116528353778	38.7042936628963	56.0947644835062	53.5944706138098	52.5985591017262	74.7536621900307	73.5548782312451	81.8250135002935	69.8883865454823	81.0479778254593	64.5842106843702	55.2230127171752	64.3871113171056	70.005472487641	79.4683590317665	75.921681364426	55.1562477019545	61.2699946033187	59.1131365592454	58.20986843401	59.5039544978972	67.9509562727476	85.6492314723243	124.571027348175	152.421149695025	1359.02982959656	3288.23850393445	416.416143744288	132.866704323345	160.183866653624	191.937527267476	557.984804939577	733.990744905653	339.591468654815	251.05007803875	320.793743064566	261.833951933129	258.369285910769	264.533642884108	979.796202403909
621.338	9.87553982002225	20.0104034310307	35.1177165552229	15.3163479733789	14.9736103451174	5.68304873477716	19.5203881894216	23.4532511709515	24.3210393173148	27.3242378745877	16.2620886639895	20.2315956740042	16.3163104833728	20.3759562095311	27.2435960933367	38.4067606282373	52.7132838059366	49.2490435681725	29.6112449740611	47.967645806356	35.1754206323004	64.9337092057389	54.2115962997003	58.3327262593185	48.5726506220126	59.3205932342106	54.6959741770942	51.6720517830027	54.5628862899469	62.6173517305322	44.967084953995	55.4571264919872	48.7284139231248	51.7779659831328	63.0324812970751	76.6099170049643	118.700038544862	237.70160945654	2683.09052925951	1715.46041651697	106.267295921816	102.025800361118	101.342080671625	190.049279085227	677.860599112369	464.381304429361	205.815568106523	186.953093713562	134.712472429004	198.544066481453	64.0974379523368	-99.0260327286803	-227.880316496902
626.047	26.2861198005086	34.3451242290969	28.5108039187387	35.051225608377	32.9033150399776	32.5139229815584	26.4830044109886	29.4193651779511	31.4549343660765	34.4840603238716	34.9557715141403	41.4811738112431	53.7031656195164	35.6797110867848	44.6969741686451	39.0866577835797	57.8199951118247	52.4854859138636	56.7650677661105	74.8453745743196	65.8982052780965	69.2626139388665	64.7185613335547	67.512874771901	68.1113726789471	72.1346169461332	66.3322945869947	70.7547797830621	68.452647781585	64.5102828442518	70.6576175602244	68.4689098551797	61.4968136686584	72.128137535463	87.0309094985102	108.576766124833	121.763144142298	1051.79121827133	2966.80626827596	450.85686485408	119.650794693153	118.566331010564	173.701891163087	356.345980545902	674.734811950166	334.201801182928	272.003483831123	219.974854514651	281.085580658318	324.788105999637	440.86691832685	407.607553302691	939.46796057458
630.758	19.6971077460005	14.7022628305027	14.0389288452182	18.7556582991269	9.88703638713993	18.5025987016282	17.4297976123571	19.0376905741599	29.3311194313243	18.508730623837	26.2304989736143	25.4098796897542	24.6422022456841	33.7883671953154	31.9079553655519	35.1165247123833	33.8688983192841	52.0016852628952	44.7518794349309	48.1399723768233	51.4496401624975	57.6518844555121	62.0489461186309	42.4668579291689	44.0590493790741	51.1698545853387	49.8702385748107	63.2750932886381	46.4542641493931	46.9458231230581	53.642661795662	50.4475121803904	46.1268334280764	58.1879408240698	69.5374102156624	106.071588427517	172.763549511519	2239.187579752	1686.21970652471	108.099412213596	98.9466118025281	102.486444611732	143.699452009383	446.749166731479	499.085604648599	208.54741461845	204.126864348428	147.745438503411	203.45359289372	135.925685610821	151.257965060988	466.394177145139	213.164114488777
635.471	19.3868303829082	1.23460050852647	1.4891343540323	13.2998169594044	13.5858939945589	13.3574230065247	12.7545872347541	8.40439221254446	17.7752029207256	5.57105262440177	9.9794295299237	21.7643173457023	24.4959435914073	27.5002516023942	25.4677808628867	18.9569416192561	27.102504961656	33.7618237451533	28.1366114086557	33.426910841059	42.1993193093088	38.1011141752728	48.9658377355725	29.2602323032598	39.8883901017429	48.8668415088288	44.2628786285899	43.503718126544	42.82720161889	32.1946758659604	35.8194103358532	57.0265002439099	46.8108350639329	58.6349425198369	70.071598912589	91.7226145543374	718.662160752626	2652.54583706078	465.244612596121	101.886958197069	74.5282575688283	76.499073249054	177.520432222551	495.548197153507	295.690512157266	181.537581377575	141.489606190966	140.207777822648	151.453652909358	139.554208439622	41.1945766964579	-46.9977032718429	-97.637112864795
640.186	21.7353571741638	9.89527439417792	8.95151484701734	2.10389819414118	9.67914708085182	11.7096020452416	11.7310261690761	21.4163642557659	16.5659942457826	23.2965741452982	13.7811535246718	19.5603839437841	22.5246223850378	25.9116981339338	31.575316687402	22.7908709377785	26.8179640229587	28.5398106382337	46.7246122412804	30.2221609032001	61.6054281971971	45.3533061008604	44.5290312725752	54.9655331595345	42.3955137025075	42.8806530975043	53.3481544171356	35.600021599381	39.2485302380634	54.964952319139	45.9998338221088	40.4829133598524	48.219455630489	50.6418914068903	100.389772033239	124.501741270235	1752.39374972848	1650.47757608807	87.4239547296109	78.5573341339352	93.3345383879125	82.6640137525711	281.043225014649	462.910406731381	154.276380041881	116.638555481413	156.048743175752	179.569866658403	214.652174551382	222.668627538335	173.340776634085	235.427961595292	626.046087737698
644.903	16.8385887607342	15.0125119840517	21.8800119370596	19.1514427561621	20.4972774667661	15.2272287353732	11.2294403518526	17.2177777701557	13.8231086354591	15.9539582423696	12.2987840221234	25.2974303724331	32.6428610012988	13.2697592014629	37.4200855538312	24.0117578583272	43.3990330058332	29.9350247014776	48.0396365998759	60.7219059588709	55.3860922265841	51.6054702653927	75.1902852563524	62.6354435079188	45.3402643599851	59.4211681193648	34.398052508159	43.0735552859651	38.687752209518	49.6009414001516	38.2762520498612	41.9361021278805	52.4449126233963	79.2211075732096	93.0162855385837	556.91539568117	2326.22327764438	540.859977888429	82.2021859970395	73.2698416977902	78.5824640899237	120.152701979485	376.345623774311	286.436424885254	141.929269513138	159.961097147768	183.133094465776	207.986135618484	220.848054083865	183.312840688061	283.853743918554	206.368972602501	336.387241411483
649.621	28.4615705825138	27.9125313337673	24.4852169691867	14.7467397309675	15.8232603998493	15.4427732009892	21.2726629637342	21.2166598992462	19.3289204930787	24.6430643265941	16.6305010235073	35.5230284601553	23.1044804568923	33.3075483542937	31.0795565736198	25.0010263981393	31.6345988994127	23.4918983604052	41.5899427792889	69.5409420919826	63.6043705014927	74.0456859095296	73.9321430709159	68.0325029090709	58.4578188948019	46.0625524227538	48.9073512311092	38.9054124047169	30.0235990124147	36.7988774327717	52.8728748907792	37.8414008803064	61.3178205881799	87.2685756111709	100.453789892215	1426.81972480607	1599.70408177705	79.8851124024464	73.0013807964732	79.1321202309571	91.0797880826292	201.030177511788	405.95548462857	184.33625767308	122.894694596475	143.975023368183	164.953462512027	151.513257287866	186.012473197625	45.1490057121698	59.2677133148462	-16.0992435883487	120.405483541461
654.341	16.3786934573048	24.0511607647302	18.6491029467118	14.9757555190556	22.0554826128677	21.7813865804094	11.3470438869643	9.72436997133496	12.7265575335995	21.7395571791867	43.0663672906178	32.0663986584157	15.7589270237012	24.9415281444151	40.8647688081707	36.92987710142	44.6968791703017	43.6761595810513	65.1638543836138	74.4497522304702	94.791065117894	82.2821072656559	88.0522935070557	61.8366017509864	59.7276503006506	57.329306613878	59.0445412475828	68.2753797387469	48.1601249953175	53.4841868210416	60.1508585921169	57.4735724420079	65.3663842639899	86.1620765829021	377.707119280528	2015.98635491487	590.781614216699	94.1405441149503	88.7790546757732	72.5209351642946	81.9835402350489	286.269231972742	297.813548196703	118.000917406142	123.948423490005	137.973708602999	116.64019780938	155.374739696332	190.828796889253	126.762224931337	163.36779924061	204.365795778691	1018.96143236101
659.063	20.8884862876513	9.09505825444223	10.9701588530688	30.9401451640607	20.6523776546839	7.02867848081518	16.9437015165253	13.6517341472908	25.0146799099976	22.6871752087862	25.2624223645357	3.7051843051417	37.4333049274283	29.9748920252576	28.1424171980677	29.2604289139455	38.3823803909675	35.5309559208718	55.9769217701744	87.0882216032471	92.2048220014152	94.4874769913303	88.7930243608932	62.7417142894964	55.8497318816616	61.712978709274	49.384211055589	48.2297666453923	42.2762396958211	35.9560780241934	45.2356329810243	59.3288277566947	80.1403099362213	70.9280866787507	1107.25680370788	1486.85665640972	119.39732970266	63.8716303941574	63.2218979826672	68.1897256012243	96.9820445756516	338.132143704396	219.978793064624	114.586418050207	108.612979186574	107.98490608255	127.631755206633	214.486754673491	153.558543790211	116.949569387494	260.119127419638	255.54540247443	287.709335341431
663.787	0.49267049635385	17.1304526523016	15.8939893565013	8.96545518643273	-6.7669666731483	27.3255117757149	14.9523829445894	7.99523754902619	20.0750457372717	9.30702671706231	9.78772916918873	9.90679485536154	18.9821857023585	16.0736403941149	31.9394921166788	32.036101615768	39.641166661592	53.3018207753879	73.2264482604901	58.737464305643	81.5020969196858	68.8511894508496	68.7456119361551	73.3913146193318	42.9443162512032	35.2509948360521	50.7952481466773	45.72395893074	42.1673184836956	48.3878251589251	47.6151710908038	52.5187829155714	68.6106747850825	268.674774040935	1729.13496274374	613.838569862604	60.5456100970914	64.7777775221725	64.5868479914506	64.6468857254295	183.816458053116	303.853957100297	106.699824603219	80.4545003872712	97.9145529292328	80.0315723399619	144.670993124491	134.220440416087	100.539127330588	88.2669644588927	241.82531883868	-133.765587783263	-583.582138135124
668.512	33.75911750515	26.5571275520342	24.0242475454787	34.2553265528915	18.8333836639167	15.5635776961562	21.1392258801985	22.2050408140463	24.8976748520893	23.185906690843	14.5043625991187	29.9488425025436	21.293545355513	26.7605863963699	44.8535751658716	34.6610604917807	53.2611796829341	40.8510358238027	47.2583371310679	58.7505370933187	65.7028769960167	76.6836468439389	70.4893875714835	77.8892685277603	64.9116380506585	56.5451704926526	64.4295608477298	51.4330436217686	43.2055969862395	39.9264849173498	41.6770873965936	76.4046545813072	77.2928266700762	902.829279766817	1455.66484002243	108.197767863935	57.2241279625805	69.7466581243256	68.8562674750496	78.2735828322369	268.095240247263	222.14911649612	87.3192862135951	109.598613444857	114.524444049727	130.520426954704	116.370693116443	135.252180930073	119.190544241239	189.009112520668	225.961720538113	497.05225507876	378.043766875122
673.238	-3.49613184719966	4.00755921835504	6.8478628736688	-0.757398263861909	-8.16672550883328	-9.33416295021841	6.10847189313421	6.91908660467126	4.920067252099	-8.9108797728474	8.17135851229403	4.5020646954327	11.255511842401	6.37620290098043	18.9450627938539	-0.341860768426675	20.6362847403017	33.1059580294906	24.1885128667727	44.5487996505897	36.5281497808924	45.3076485479431	52.9816441422228	41.9494132115321	30.3994642135632	36.1005404870944	33.8491766760011	28.7459926321749	23.3493925507767	23.4603322889774	46.5084558433624	43.0160713373464	163.720465973259	1439.88110100294	615.26582648861	43.2195999585145	24.9746767857676	30.1356940279218	42.2268045249246	101.606408555477	255.543204989704	97.553830017234	74.0783690351962	80.8059930295177	43.4268681265752	115.293472495548	75.9035049175196	75.0712853023499	65.9495873209825	97.8699721036318	-120.347216772854	8.47534970434304	422.578271554298
677.967	28.6773202964492	21.5304261189122	13.3904145508963	9.91839971183918	18.427648765946	21.2317442038523	18.2319344835757	14.7362299832579	25.6819004661522	21.3845755574183	26.751711675579	26.8616727117464	19.7501893668503	26.4055545093874	28.4525477450224	35.8143070438351	44.1281758447735	55.9646396979442	54.193204727774	57.7606316619337	58.2604693018451	62.0868234129663	39.4118898979408	31.8921619522217	41.9640927269314	33.05940003829	39.5385467641867	43.0733086522722	24.2443743648889	40.1034924349565	62.111209549559	76.3630597786924	672.979775119867	1316.01322816701	137.09217650462	64.095576834225	55.8589939101563	62.9789106169573	42.5365405814334	160.18040650326	228.327790502737	100.651681325056	73.3009994333562	94.3312149421187	77.6704160114576	103.23480603809	139.961156683602	86.6501367500969	181.181812808364	208.442891349339	251.439938974702	230.512955901068	872.639710676964
682.696	-9.15691854989971	13.6064796779879	3.69262943101844	15.4291280910036	0.665464709767695	2.45352651098298	12.6741425895701	6.84615492659234	1.59453289065404	13.6144131805004	-3.86426293925825	16.2260681071491	9.24550521003321	2.16485073501992	11.2271731741924	18.1067160782336	24.7069162031244	31.3948931980081	37.3810013127461	33.6948075201639	39.4208041356578	29.9342322749456	41.511570339705	31.4413880944873	29.8169074080376	37.5134465534608	15.4048200690645	15.0057692292381	27.4416724967726	39.4642455871892	46.295074054378	117.437216561994	1220.35834123024	607.58896921642	55.2163118933536	41.1685380226238	43.5468075607917	32.9857205267326	41.5607853914835	215.781517845837	112.10628153991	58.4143029036961	57.4246693699491	34.6146059000833	46.9410561828964	78.2889636829494	38.0009890530782	47.7904315731232	20.3556617691323	39.87461835865	0	-250.347182642724	538.027233440005
687.428	23.564401924297	21.0089379408359	29.747293447167	20.1979122326781	17.0878315315311	13.5886148191719	19.9561194331839	15.2072544644953	21.7911821569924	13.171843879848	27.5380312681076	14.9185459793064	15.6408976190189	20.7096761002639	22.9644233069986	12.2723048914069	24.5080873178568	31.6140949880678	54.7519979841918	42.9780855074002	27.2074006095225	24.2820509059174	43.0554498507978	35.7200061204263	29.6401544969408	42.2635312044625	42.1050255141475	46.805821423706	33.5283707143176	52.5002707494971	64.6874226290906	537.762741305546	1233.26914612907	136.876663579892	59.1012531406333	50.4859957189531	63.3883647127532	46.5947081990811	99.7610243139302	220.414570395079	85.5050475639295	78.8338179753982	60.5151766578728	56.5446449705827	90.9015434481595	110.588805087921	85.7693270852587	93.0399428947263	145.534285676806	195.028984907065	361.167119564564	312.945675851816	455.098379337179
692.16	4.12040180768766	3.21436579968072	6.64639175276084	16.0117199616988	6.40061007233802	14.9044083679064	6.53260902601989	9.17388001207799	9.91691597336876	5.94598990381821	2.40760945645462	6.07123607245581	14.2281020532193	21.5526886241995	25.9308073864774	17.979568311017	37.3350274969284	20.4056329617378	17.2028730974122	34.56909775215	43.0506230791127	27.3603545192498	39.9268918899751	22.8542972459729	3.09621219562606	25.5709722976413	18.9387037973538	23.3446674627236	25.9310492198402	48.7530380605656	90.4726176338015	1009.00593323808	634.143240464249	30.4568045371141	43.0028044010715	30.951241234103	11.7861360104028	45.9199502840807	135.041456301091	135.166986239177	50.5701013025027	45.7279216948726	58.815533493826	68.533401204984	40.2137826126949	84.7679165372923	114.095387967991	27.4183524679205	55.6444335985836	181.669403062706	119.510332393498	183.542541515139	152.522890216564
696.895	1.03709586143309	-17.105599761816	-9.20085015025693	-4.32500025895374	-6.1049146725707	-8.1280464236167	-0.234891855609299	-5.13121100420548	-0.928768532479684	1.36053843316213	-2.1209645853037	0.719113625995182	-1.88483224441472	2.94224445790331	5.00680339802005	26.620099283863	10.1489137845289	20.149126647867	12.1237884349613	17.4019282028954	1.80595748955688	14.4087598915485	35.9666631719101	19.7224291882307	7.01378677048007	17.7940788399007	10.4683306197519	22.3840009897427	20.1397990434575	44.6554774268084	389.589048386565	1095.66243717204	135.91127723067	19.3067341669783	34.2422796466183	20.3588016085301	30.7641590398055	33.1561340495605	162.55910296809	75.954365522218	32.8109368704242	33.7615372549523	53.7698967904858	14.8974706336256	46.9279679463553	26.6005948799319	-13.3570010992206	-32.4759416809249	22.823906031088	20.3225688344631	-27.766598481329	-184.788978440997	-504.549924817326
701.63	15.6875311760536	6.99314096707062	-1.26523434723244	4.75794196410397	12.3127209116119	-2.83726420195146	7.34300957073105	8.07214424592124	1.87319042857225	0.548801446556274	11.6108339792019	-6.52656201597556	16.3461543579489	-2.96703859160128	18.7534116988787	11.4536215081663	18.573609935796	23.9046144000299	35.8045823224431	18.0103778640949	26.4070548260336	31.6245131681235	20.0550394972828	24.4464398421859	7.07289156935197	16.4168772046539	27.8994447743432	26.3347347038792	48.8932793372639	81.8759758207535	841.816073856106	611.697923362211	29.1291943984675	28.2497625746494	15.0824347574646	47.3455335832146	25.2619170727313	80.0569243284305	143.562045831797	57.977727371491	49.6311492709122	35.2840818490526	37.0638315207419	60.0920432270437	68.6653652103802	57.0026078669801	79.4704029353051	121.17357428481	115.081209216683	46.8430308902299	14.0002930467425	124.230790061029	-154.852703337165
706.367	12.1711385404725	-9.43585029831728	-4.69474952095561	-6.82113803830325	3.80727496108346	0	10.786857385245	0.837826940267885	0.473905731723702	2.49918142246285	-4.32890322446575	6.97165018714341	6.92451990312703	11.634960806464	-0.364961427795222	15.5751173474922	18.7960392560473	18.54634552462	3.5349621590977	25.2360860769632	19.3513508350376	18.596473997316	27.6360303133301	15.0951048226138	9.54345784517941	8.49991920679302	13.3537089941935	26.2693919884869	41.4860737707115	318.620851545386	993.755734481767	173.715061047353	18.5182513239239	24.7248166141959	20.0829675146922	41.5524533224608	29.6009335308338	148.210984279404	75.908212700903	22.0693005543419	20.7829696206939	40.7180849883416	13.1971507267959	48.809373855768	11.2682710037421	22.6216650328063	28.6248171255041	46.3985333578737	65.6407362527872	-47.404002266039	18.8906058012688	-89.7989449573308	-134.320414866267
711.106	-3.74338981596685	-5.24453968703204	10.782597513475	9.73156758893728	-6.29589834528583	7.73752701126459	5.0870424586964	-2.116693490629	8.3809578149089	7.57674521251843	6.24947423005643	0.370805042396203	21.7705215987985	22.3778772398926	8.48278476261443	9.88303379944472	9.30347403027423	12.6306544348541	12.9496021154617	42.5044493563963	17.6933161411434	17.4817855149137	8.29111486611581	18.6444661863995	7.63504785284116	19.5220655105897	37.3997967754657	42.3211304841329	62.6941597738691	704.869076438327	631.902469511187	38.8852942541381	24.0606905699464	17.5682807667513	17.8597017687678	28.7084035172313	65.719328759227	143.99746126442	53.849457006882	29.917895892643	25.0863341169755	38.6160161539714	36.500058806266	43.6647326918623	53.1407535901443	93.7285867355688	63.3643380608468	87.0789552332163	92.0118684789508	143.714275400414	-100.223331173474	226.868859332405	429.841179897054
715.845	24.343149262353	18.3271747723071	19.6332923395555	9.02384186703324	8.13786108110047	13.3712505564592	14.9476574418159	16.0589250575672	12.1113581883933	17.0320688182057	24.3389279366044	32.2582880977799	17.3033709236893	32.9960961474595	27.6082936162401	34.8057986770448	7.84261936462247	42.8642009775592	43.81546194162	34.8748203176374	49.4552240463401	29.1787689780575	41.9353401482386	33.0054178975991	22.763729860754	20.932874264816	35.1024355993678	56.8217577757349	250.566255604566	917.078403896843	210.273272561818	32.8430778692196	30.906851055916	48.5757030403048	41.0599824858186	39.4432657164999	105.909356774034	121.79259654459	25.1807567064916	51.1739027430703	54.8844010232091	45.4666770670043	49.7033309072752	65.4371335163459	104.631731796999	72.844371318826	89.1793450325024	84.6987701344537	30.3040492983108	142.348784742491	-91.7276724219415	431.449500456773	1075.59682211438
720.586	-23.8619435155025	-4.83504826162095	15.7460638758515	-9.04649536018074	5.67533245502899	12.0970307010842	3.68488084627504	3.00519136496124	8.01356331361042	4.26870655006375	-1.90130092134533	0.376038016849848	7.4906676884429	20.0012133042001	1.49608657300099	3.71203992663303	4.32426913132239	4.1319045634797	-3.16987830225073	27.299384968784	4.24966085681836	7.09139866442104	22.5691721635581	13.7509713649499	14.6705631624157	18.6097158411261	29.7164702806832	42.5282189555333	572.600416898409	578.183123919965	28.3108613814652	26.7998477855541	14.7176088829619	24.9426976041611	15.6419626670928	39.5422842678874	123.181654556299	73.7474005164462	14.42512605212	28.6851960945499	10.0578184106477	32.7411501081987	39.1506550068809	12.300263848161	45.229695312111	4.6366501686169	18.1600293185921	28.8698754245046	99.8204097934954	-18.2178048218263	-58.07870272593	92.0282155787839	321.194852614832
725.329	-2.19578167104237	-2.4470725486029	2.65642027229915	3.74607286651537	-8.61704961569956	-0.330942913655078	-4.22724227184384	-5.64928483082793	10.8153464675191	-4.32088122040809	-7.377402382815	3.42570759432402	5.98596559274167	-1.1680200016894	-8.70764263929243	13.902419539748	-8.35632557565601	12.1289807598779	-10.5426165892371	13.0893415051592	0	9.42122206808162	-2.68765011872464	-4.34970122362756	3.71246887774155	18.4363839022016	15.831411923608	183.250304604586	772.667165590284	192.218298262394	21.6862978349859	18.2141191264176	28.6188743793997	12.824158521597	8.3332358095509	50.5817940905416	105.611965144142	49.9306443438565	-6.77923931393909	1.67514251666828	25.1524437689325	-3.24915018805931	12.2490185302681	23.2411293122678	4.87048080312604	53.9732037441448	59.3879741471446	49.850556833629	4.39306409617232	-24.5872982236313	-102.880006554486	-27.9459117495039	-418.012312036971
730.072	-16.570919552327	-8.37185990329739	-4.90043249046883	3.76940160167582	-2.52895779642456	-0.333003866514511	8.25692514318188	3.49813283213722	10.6353651559112	-6.66661069666051	2.25927900035754	-16.0861924956819	0	8.61882169095508	-2.28570512299224	-3.7808100280532	-5.605576494174	-6.73352507724024	17.9879376484358	3.90247573669303	-13.9470378170166	6.31992859697616	-1.80292500497793	10.0666148496813	22.8285954322947	7.66245085616557	32.6565047599175	464.555307059981	542.685878845736	15.3317038693576	12.4693426508894	14.4280696045501	5.12825049380532	20.969034443577	18.4472886031023	79.2219649271185	78.1807671510175	34.8209027934959	19.4149164950278	20.7887521219714	23.5012895540711	21.5779365676624	36.2508809124425	20.8802355865325	30.3850332135518	41.3223108465707	52.6437883551611	-13.837517809576	2.2102109903404	-173.182912413216	-118.309364135363	-149.973042187487	-373.880436549142
734.817	-5.5627566820616	-20.8298926156995	-11.6648667818936	3.79609542141878	2.91070531352867	-8.0486905025677	3.77972650728811	-3.30272400407843	-2.24177060050197	-3.79476879784709	2.60031836054429	-14.6572426448859	-1.21317963579894	-11.8361696062339	-3.83648638387179	2.28455078339747	-12.5002486353172	1.27147686905178	0.928990926028069	13.7553918223658	13.5614685706466	3.63696258085994	4.53923200536351	-4.84856265126602	11.2861281222731	29.6484279840033	127.540371490682	672.752527335143	209.249399534312	11.0853282210424	-5.101544075435	5.49793055961324	-0.397274407015612	15.4320419753453	32.5113722565976	74.4344116555561	29.2307430864074	19.5376040385158	-4.22754753698761	26.0285058477364	18.2059376447656	15.1456709793766	-8.0316718331225	26.9159723764552	-10.8581394912687	5.94499194087206	53.016596547399	-33.0968389508497	-66.7758920970679	15.5722628632766	-282.97459306291	-160.474802469774	235.330094024616
739.563	-16.8818691133007	-32.6107139748253	4.0846810899541	8.53363015774102	-2.5764131180219	-7.46355739410338	3.31376479425672	5.79113356945721	-2.26777717252795	-3.83879155737523	-4.93215827203774	3.12153262151779	11.0452825782536	12.3725959048093	-14.3596744893564	12.3256194364925	-11.8294394458919	-7.28862053839405	15.9760570756104	30.8117122935762	10.779052353891	-7.35830929031335	11.9389171544552	-4.45891852288973	31.7140484552027	10.2713618619027	403.694514745013	511.733570730853	33.9978166659874	16.0198972595467	2.38187382152156	11.1234230803481	4.42071465467356	-7.3947162588476	55.9532196022102	83.8647473674323	36.7238412676988	-2.53387922615407	-31.5398580525267	5.72401306973989	7.98076198070523	13.9890810636977	5.17035687019356	-13.6141110330491	25.9624270610695	7.21675108667413	-11.5960296536351	28.1943514089929	51.7887573033754	-9.4517491409788	25.1102942957803	362.869724534733	-238.060136535995
744.31	22.7498714281909	6.08482199377248	2.29353478273931	5.60617763682931	10.415860966732	17.1440285594283	7.72892802877919	9.90518500388689	8.65877527009674	8.95348508616563	10.9667859387386	24.4505853992306	22.740260616497	10.0846034369827	9.80624096980339	12.4574294278866	7.42093032154817	20.7997127669632	-0.474908964498828	7.5341642631602	22.779039794228	22.7758092558874	18.0998876360731	22.0823504439683	24.3604304943495	99.2443069252658	590.899237576863	226.686825345839	22.9075925420202	16.5959941482524	14.8452975264642	35.7346976912609	15.0286926663111	25.7430725099133	90.2235171223541	79.2931056843841	42.4189319787312	32.2683038118826	23.7727859723967	37.6039662738197	29.1620832425797	44.4358517084564	31.3538915391437	12.8997188760571	22.2031351984441	92.3897409325686	49.8101590465398	90.8305581636556	-45.5152917440457	127.371013414248	106.591058323887	472.914793454938	793.999628744222
749.058	-12.0657466168603	-15.3675217812399	-5.56073915312824	21.346935271203	-7.89173309131013	0.34638480149441	5.46554222717585	-0.909674157348057	-8.23272256259192	-7.83899086992166	-2.01433930890212	7.17110411540374	-7.93601170932844	5.70509397669812	14.6615615272008	-2.35963950466301	0.416487335099881	-6.12858320593666	0.479762521468082	10.6556285097885	-26.5136428616549	0.93912560897592	-5.62611323251444	10.9263827644416	19.4284685093898	332.237641131204	508.288123652155	32.6557421199109	0.826489554561337	4.90700627310962	23.9141607631725	-7.30110445280249	22.1579301966499	33.5563432585381	69.3404318241765	30.3840782841351	0.486959685611813	21.2146267573949	-12.5536839516804	8.18209060472624	22.5651974987222	34.0075643405207	19.6079170087339	-11.2940131714983	13.2541208379576	54.0354514667272	41.4393556256529	-10.7951581234189	-29.88729692877	12.8672741779157	-10.2552777239229	48.7497928621666	-1093.79220518719
753.808	11.7124857926036	-3.13269423862629	-11.8079759889934	18.6497458977959	9.95888269826398	3.5305551781092	-6.8971787683479	18.5438552312991	8.1290420688274	12.9068504036007	7.52814947568348	11.3698760329992	15.3262312845634	3.73819069236595	16.5594739096737	16.0338779987214	22.0744208703484	-3.12330406513837	5.37902024522031	8.27492248894156	26.0044626412806	36.8526386098261	3.82297435683979	39.9068818470248	101.213411947277	551.566065349864	234.760143644232	31.5993322463593	22.3237637863724	32.5097885809915	13.2201775085988	11.1625648789504	28.0216954138044	56.4342487167103	71.5648011702866	40.3538297500599	32.758282153805	40.0819928534542	41.1679507998093	25.6146767531531	40.2495809366648	29.8097377249246	27.6722701127628	44.2750558074736	57.1550275314488	7.51037346671809	34.6950065346455	126.535103254301	63.2690371841803	29.5089154842378	214.281887125591	516.761665621212	322.069677183691
758.558	2.98135961537445	-4.25286917715546	-1.44271977960997	4.97326489788935	-1.55999260258748	1.43789864105711	2.70099271759214	4.48424074743511	14.4177242700322	-3.12893300658967	11.149125644475	33.4894484982406	6.06856752353372	8.45812728751127	3.28986399328049	13.0603206703509	25.069129111098	12.2660652095319	21.9072794805127	11.0583040073725	33.7455369588989	33.6242210780009	23.8414550265367	29.7656363744926	309.608984762684	471.042797697324	50.2991580260032	23.5941648756285	7.71950286214953	-5.09244171606422	21.0320977278729	30.7289959817885	33.6412384500983	62.6839834570064	62.909128934861	27.71019476586	34.869968337761	-1.07396712689451	23.2239808869978	21.8347489755112	41.6318841275996	52.9390619261402	43.0457476675711	36.965641578047	107.923792713642	63.7243722825345	96.7620288098025	80.2889294571836	143.154165718439	126.858512382588	228.820715822671	151.776132943559	126.125171152954
763.31	3.04104902021739	-1.08450382650979	8.8296256840793	9.68450122272264	23.0727626053973	15.0335378422126	-6.06115165483511	9.87025181934517	7.08084944306726	-1.59578847934792	9.59541255679675	1.68691043447865	-5.74791797155601	12.9411994956517	-2.09733120205912	10.407655949749	24.2483950832638	-10.1946716436729	0	2.1485144462896	17.4753540272751	10.4383413040475	28.289194958211	96.8678669132855	532.896803026174	226.470865360739	6.57771676763628	12.689630454192	10.9361861160621	7.35872882157342	15.875352136451	24.4742517305366	29.1023958165373	58.6107235664809	42.0096748680466	25.341013767482	13.9179503512348	12.5978921209904	15.0222578831798	27.2212106031826	46.446520913757	56.8788917385187	5.58823501903179	22.0716443577976	21.5852001239127	88.4002576866011	50.1329719546023	-45.7096093668843	65.7091063147506	74.9148225205823	271.397563929897	-278.66668093321	411.68098064415
768.062	-4.91119958579002	15.3250995614224	-1.48537196491928	9.7751051687705	15.6595901529925	-17.7648995460434	-14.7384739984709	-5.10279182674863	4.39821216305503	7.40930269183477	-2.15226289519075	-8.51346214332417	-3.12398852295263	4.35409056081023	5.92746815624879	24.7918599776642	3.56003671751176	0	17.4288176487693	20.6018425490366	20.8459086435122	11.0377120304837	34.5651944191185	280.674961944725	465.918675229345	47.0625703578301	18.1472970024166	10.1583458152096	3.09078007756357	-13.544399393706	12.9923310555306	19.9359336212548	48.2270620522327	68.1225536986114	27.0258960415024	21.6430019201208	20.2917875198118	11.6100348680569	27.9928606883626	28.1003321362606	22.1010684053122	7.9939402878841	12.8926082171494	23.2063926899071	42.4849264895573	20.9946568770038	37.9514955398101	40.3700923718515	95.80111940386	178.728001031805	93.1384577732326	-145.845655502525	-77.912341377294
772.815	20.2457946825141	6.56371644304519	-14.3494500731659	-6.51258599805431	5.6178108386557	6.28772778760757	3.89070208124102	6.79938886141909	-13.4609454479356	2.57550726897282	-3.22633804394217	-10.6350494557938	-22.7459907072508	-3.91618553323614	-18.1941990220584	5.03920047646291	-4.44721147727991	3.73945249449802	13.3194302714099	-7.58531803374011	11.2175705470271	10.0278924108067	51.5644547233305	464.252790108515	222.207684839741	1.34378840703592	14.5970576021576	-0.882771786225042	20.7391624651368	-12.2258589432953	5.62642413608276	12.1271868836994	60.9026531600654	37.1748064429364	10.2446725292168	19.1713510689437	17.6790086254143	4.97255997994445	33.2203491572651	-4.99243268695675	8.0316332051521	39.9442430715335	38.6531891337039	12.0596380172742	53.3444983957135	15.7359633790895	112.20166284353	53.7925053044004	61.3718587692761	202.658375800614	169.732538488014	-145.752760328962	25.9542385871442
777.57	25.0406021287565	22.883176465061	-3.02937054273837	25.1573674495921	-2.86616378382233	1.88702955704933	7.08930789130488	7.92913321736458	5.32594862938369	11.8260355931827	11.7052643493223	16.0607239395912	-3.18563936535578	-9.32403579486774	6.47619075858008	12.4263126472861	1.81514641076506	2.86175975452184	13.5909412977661	11.6099123634516	21.2572955033195	13.8136141959447	239.579655258922	432.545226805716	85.1440882352306	0	18.0540757919401	1.35115008090793	22.5126825905921	25.3956944482943	18.1065980142556	52.1492340749407	61.6970482631902	23.7650020055194	18.0560556496822	24.0764936099442	23.8756603721885	-3.94638497517896	31.518757925143	49.6684630978125	26.6349027604305	73.3652816278158	49.3013978247296	41.6492786917671	46.6559174817689	37.4657136563482	132.22655558154	-1.96032296683022	175.344115779755	417.083870875379	100.563367027488	297.447739017835	688.565927583599
782.325	13.3487863869986	37.9703821311829	21.0195162395595	-18.797134231303	21.6194190657553	12.2629904165648	6.91055270488881	4.52882931923975	0.853890809359682	6.33764624629418	26.7424662552369	2.20379457546574	7.3936053287813	21.6403154382111	22.7965659010494	8.70185788421773	21.6564486514561	16.4663958153539	6.3693504784357	40.9798362882198	-8.30180205561947	52.4689827255881	401.472466180394	258.38667673622	16.2402441346058	12.5306903972485	22.9151648839763	17.3781541669959	34.7462986651248	247.463001384608	21.0760186064205	61.4786335738816	58.5615715560305	29.2356512982472	6.75468398952891	36.1616353146681	35.5569520806195	31.4848632007969	15.7001674813545	41.3812690561558	32.5928305454853	55.6832821856437	44.2202877464619	35.5626605338452	39.4787324564578	10.8693525995382	16.3735384800785	99.5257237832448	172.957652153545	284.710925627967	329.028112778058	107.867435309499	457.150094877105
787.081	58.091677644835	27.9326941483759	12.1078803161471	18.3117640308623	20.4919523393147	8.26355893479255	20.1053611211748	8.52567575558761	14.9057105676223	16.7830889654121	14.1114651515558	12.6724492378956	23.7250813023357	18.0546211612215	20.7073889451753	31.273857583183	27.4421920377845	29.8381784878152	15.2606613752563	13.8343903070205	34.6666897294331	211.77427352988	424.496926377804	77.0620296206927	11.7713507827188	33.8353760641254	43.7660502080031	38.5066134170165	27.2285411368583	33.91151819725	34.074058022795	48.8439668593859	48.9456088482115	36.21489577197	54.0013878695241	26.672351936394	43.1495843980332	45.2617425321806	46.5043548881683	65.7295182662816	44.8607152607546	40.9515552261771	59.9715340632663	26.6475758946061	100.766420638533	48.8295990554891	127.778433788906	128.767811085262	263.787168282886	215.60934559579	326.207891719214	498.430133156749	1629.15846004948
791.838	1.95623314081265	-20.9290509227463	-3.68140644783777	-1.48328689323199	11.0889619418578	-4.71741979776584	0.590756360509674	-3.87152061529155	-10.8033806203463	-22.5837052747324	-4.57221953457359	-7.23432402343389	-2.8442279550138	-17.1120067300134	-5.39664935021034	-6.24866000567735	-0.472678937711855	1.49045118645143	13.067785926145	-2.30347879706655	34.6328170526073	381.567310933421	234.655243572056	15.5006844232455	0	0.476088952963209	0.940285732995688	-5.1604741028762	15.4769637248972	11.6021860942994	28.9806507763093	27.6205141271691	6.98539775707585	24.2783556292881	31.181314407761	-8.35962054695669	5.52659270775403	3.52344292003587	7.43342650855539	49.0831492226139	18.4958560818278	16.982149357381	-17.9738808388205	-14.7897437001127	-21.9849572604227	5.57507289822737	-1.6796523949779	67.383900884813	86.1036728448829	-58.4131998943575	122.208433259742	-143.850234426488	-165.515249101601
796.596	22.5845801816608	14.8054219846933	28.9296537695895	24.6793508493412	27.8055356980316	20.0229024362385	21.6642996813275	15.7752160222667	11.5999550893695	9.75984770488995	30.662436912627	-2.76352229165103	28.0075352619227	34.8629943586281	13.7435193034583	10.9119872194679	21.1861808363906	34.414317624003	29.396822278528	35.7839114374326	213.989988497458	414.748902294718	87.8092840195098	24.7378086237432	8.48541669662976	16.9742227201426	28.2563206438324	34.8861886950658	28.1875665157705	36.4019200256365	62.7922622755711	56.272408221356	35.1047066864892	22.3069745533424	32.7718511139845	47.900807987917	23.0820864868291	25.1245925763039	67.5188958105956	33.1078155961987	67.3934649494067	68.410533228196	27.9001340119144	47.2064122147965	73.0798187930714	79.5082754737687	112.926819485147	218.406347318808	111.632531983751	230.577248354119	177.84304429935	236.711994096159	505.816525794301
801.355	-10.8949663640191	27.6066512686637	24.0487223177107	6.52180934911723	26.2535792305791	2.41988236584717	11.1691417231484	9.30565847000114	7.70286246148448	4.81442227848956	13.4022821176666	-5.56645811172765	11.2551127481819	19.1148111531963	2.37283281789266	5.49490047143666	-1.24698273644807	14.4172814837239	28.7286326112185	35.9546869595886	312.539744240459	203.854513502697	21.9918855802901	9.54161414563228	9.4795150753709	31.8181285487912	7.02832292988332	24.3400723550486	18.5591154796847	28.5674051377007	44.9017738686076	26.3127839607547	19.6568559114583	21.7683429882264	31.3371358857826	27.5670800876319	28.6736121666627	16.0084992219299	36.4968635791825	37.3296234749593	11.8857783171178	31.224877446848	39.1380192497073	55.490967680598	29.5082162899641	30.6410401079288	31.0178465945003	184.949162557358	94.072899388145	163.73221105251	102.349284932002	272.457136864911	1164.39661558415
806.114	10.8949663640191	19.4269027446152	12.4868365880421	10.0001076686464	10.876482824097	16.5934790800949	9.35090934961259	12.710167666343	15.9192490870679	21.3639988607974	17.4229667529665	8.74729131842917	15.0068169975759	16.267924385699	19.3781346794568	31.7919241561692	24.5239938168121	20.970591249053	30.6438747852997	127.107414462771	310.54268517183	89.0399024494539	16.8448485295839	31.8053804854409	34.9018509593201	37.6793627551475	11.5760612962784	13.2013951756196	41.2424788437438	40.4024729804624	60.6780727954156	40.0763940325341	36.8566048339842	33.0711364628824	28.2904698968871	34.4588501095398	17.4957633559298	22.2053376304189	39.7652394220944	47.2453047104954	31.9039312722635	27.1520673450852	53.4384493601773	57.2250604206167	35.6133644878877	113.984669201495	171.336676426764	195.722900182059	45.8892192137292	205.467872693346	163.758855891203	360.032645142918	849.039198863443
810.875	33.258318374374	22.4943084411334	17.5740663090963	-7.82617121894068	6.37586924171206	11.7537143484005	6.23393956640839	10.6674621485379	12.8381041024741	-4.21261949367836	22.4488225470915	21.0730199943975	28.3462098843101	7.72726408320701	6.72302631736255	12.9522653969578	21.6143674317666	10.4852956245265	36.8684118510637	249.657192550383	196.71031825997	44.5199512247269	33.2217846000128	23.1724914965355	24.5605617861882	18.0023622052371	23.9789841137196	42.9045343207636	16.909416325935	49.7889060971355	37.6204051331577	39.2667699106647	31.9423908561197	25.5359408131117	30.901897887369	23.4320180744871	42.7674215367172	24.2709504332486	40.8546980363983	11.0822319691285	26.8993930334771	39.3704976503735	48.9225240621342	30.346622950327	30.525740989618	57.6051554029062	153.612192658478	168.788556120308	153.728884365993	150.890469009176	204.698569864004	175.151016556014	-121.291314123349
815.635	-13.1886434932862	-4.60110854477729	-24.9736731760842	7.82617121894068	-12.0016362196933	-10.025226944224	-12.4678791328168	-8.62475663073277	3.59466914869276	4.51352088608396	-9.71665453530825	0	-23.3439375517848	-9.3540565217769	4.74566563578533	-8.24235070715499	14.1324710130781	-7.86397171839487	84.2706556595742	270.926162301125	58.9132425245595	1.40589319657032	-10.2940741014124	-4.08926320527098	-17.2354819552198	-4.60525544785136	-5.37459988755783	5.36306679009545	-1.23727436531231	33.0565688021965	13.7536965002942	19.430978924865	-1.22855349446614	10.4655495135704	-4.78761798255013	1.37835400438159	5.34592769208965	8.26245121131868	-4.9025637643678	-2.33310146718496	-10.6346437574212	-11.5396286216612	-14.30043011047	-13.0056955501402	-34.5958397882338	67.4102882374435	60.5586528749768	-19.7518523119509	-78.0116726633397	0	-51.174642466001	-29.191836092669	-897.555724512783
820.397	34.9785762213244	17.8931998963561	-14.7992137339758	13.4784059881756	13.8768918790204	7.25964709754151	9.61065683154627	17.4764805412217	10.7840074460783	19.5585905063638	20.7735372823832	22.2658324469106	25.428217690337	24.4018865785484	22.5419117699803	19.2321516500283	39.9034475663383	5.24264781226325	194.397080669245	201.54880859037	45.9323585784701	14.9961940967501	17.3127609887391	21.3550411830818	20.2516912973833	24.70091558393	12.4029228174412	30.5282263436202	25.5703368831212	33.8727803775594	25.8893110593773	24.2887236560813	24.5710698893228	18.8379891244267	30.901897887369	16.5402480525791	22.8416910480194	27.3693696374931	29.4153825862068	22.1644639382571	28.776094873022	45.4797128030177	76.0180758503931	43.3523185004672	57.9989078802743	127.466726848984	143.272910460311	113.124245059355	11.4723048034323	51.3669681733364	209.816034110604	651.951006069608	679.231359090755
825.159	10.8949663640191	42.9436797512547	26.3610994636444	50.0005383432321	30.0040905492332	22.8160337351304	15.3251014340873	13.3910695056114	16.4327732511669	21.9658016456086	21.7787084412081	39.760415083769	22.5102254963639	31.722452552113	22.1464396336649	34.5393743918876	46.1383612485786	83.0085903608348	253.290777522243	100.774404295185	33.9500041666953	57.1729899938598	44.4516836197354	46.7993455714345	33.1783027637982	32.2367881349595	34.3147531282538	32.5909443398108	61.8637182656157	32.6484630145151	35.1932822213411	42.9100784590769	34.8090156765407	25.5359408131117	33.5133258778509	37.215558118303	43.7394083898244	40.2794496551786	31.5942998148147	37.3296234749593	54.4243533468025	52.267729639289	84.2972722301389	83.236451520897	71.2267289757754	170.364183000084	187.584119881026	233.430981868511	215.679330304527	189.415695139178	184.228712877604	856.293858718292	703.489621915424
