Wavelength	500	495	490	485	480	475	470	465	460	455	450	445	440	435	430	425	420	415	410	405	400	395	390	385	380	375	370	365	360	355	350	345	340	335	330	325	320	315	310	305	300	295	290	285	280	275	270	265	260	255	250	245	240
248.336	9.17466634077696	10.7338678097619	-8.78590649028228	4.78469059228829	4.12714949296374	5.88051852676338	-5.19986841265073	-4.76887378078381	1.54113576992017	-2.40724699195762	19.0918149546554	12.7184383654503	-12.9217147260824	1.21915572275401	-3.16384006859872	-8.63163302137812	2.90971509962106	-7.42660746502	8.61642788964614	1.01302317450316	7.49273302357115	17.8129300891801	-12.167127327634	-13.1811334004576	7.32270580765471	2.93167398944029	9.92388449446661	-11.5524888436525	6.1824746561872	4.0798474671995	0.404221089745298	2.83173141280843	16.3798987603856	14.647379640667	35.6848726965309	28.4928885015482	17.0124454686994	45.418218226102	68.6455898558549	66.5164242072037	96.9582355569341	100.451447008421	368.804032239267	676.257107156251	960.468910343803	997.282713537858	918.507042543339	967.223393207124	1059.68501336344	2695.51644024088	53110.4914384314	180383.911800689	63417.1476468366
252.814	2.06035083161229	-2.44876193286595	-11.0767562161049	-6.2516124290576	4.49373172084455	0.828602659824999	0.622790500731364	2.44787179831043	0.922912506313134	-9.37030311486017	12.8372490015827	4.76029029099384	23.4642101249071	-4.38056433041401	-12.315371272144	20.2063731470154	23.3991408637197	-8.37165181401613	-4.01330733549276	-9.09976695611733	-8.37580699329598	-1.12287493789401	-5.04436891293665	-11.9764212862701	-0.515908034446603	9.53061357174501	3.46671488594051	24.2138157087272	20.239723192257	10.7501923121952	-0.484137356776535	34.4002812610374	17.6564483698894	12.0296436231171	44.3035830623667	45.6848820189244	54.1416237594211	72.9422329467059	82.8696382842596	64.9915085594164	117.6257170876	395.075753641035	759.034119408769	1138.09212964349	1216.16215523433	1194.4498422766	1121.32367047313	1235.82079142702	2527.39004385213	48553.3076600063	192326.703217893	83795.298530878	3688.82759921557
257.296	-10.8721146033229	-19.3825391010276	-27.9464658677958	-20.1024746604708	-11.1153019843147	-9.01806008655391	-18.1776656996403	-2.42193668401676	0.913134281264415	-5.3486683199747	-17.0672896466478	-8.47773933361704	-17.7821675666821	-12.5208847335171	12.1848903532771	-13.0182336200382	-16.2551173927623	-18.6366475394648	-19.286677225397	7.80290788346748	-26.6369966269976	6.66586870813812	-15.5273191248936	-14.5426068782183	-20.9281222969982	-10.9185271235812	-10.2899554965438	-7.82278243132353	6.34948030782694	-24.1733963829977	5.74809526523072	20.6132379564295	5.33786578413392	18.8451341326071	39.7086175294207	32.1307263516944	30.5279972582457	43.4239685942624	43.9010342122258	96.1086741153607	313.557443903575	608.051017993542	983.781917528834	1156.85618501334	1165.90062217041	1144.04694694522	1123.44257059384	1898.94868111993	35878.3523510224	169179.932481536	88113.8236708904	4141.3370015741	4253.24567853164
261.781	-17.9275585667868	6.14630989435652	-6.67254831901839	-13.0761136926271	-15.3395965610573	-5.40738832606372	4.68954948055294	-10.6497311901622	-11.7368283313943	-2.17099799164779	-6.04144916272053	-6.21304743425058	-14.0344045758746	-20.5241283963327	-8.0844589817119	-20.2869261459333	-1.49951629004276	-5.25314095318917	-1.15123041235843	-29.8444081419265	3.00328473895173	10.7098373032683	11.254396361323	8.19829463387412	-6.73354122077819	-11.079440263908	0	-0.992258956546992	-6.44305655709675	7.84948953410402	16.0402234526932	17.5119304969138	35.4536721135765	28.6842999322609	33.4909740704197	39.2356311784317	42.0831949361935	60.2000234468993	108.094487274754	225.219806513099	622.817558678104	994.89143717551	1172.0519308566	1168.6927715165	1235.69189107769	1209.52416375343	1955.04577555911	26838.9848205457	149738.04687599	94595.8539553504	5295.36984084066	2762.56108660289	20384.0132402031
266.271	42.779482361016	11.2523918307305	11.3109313172362	-0.531981546368245	16.0605699460371	3.384481012928	3.81574195984791	11.6649053030422	1.88484783217465	-0.736030913508566	6.55432145143934	18.9576199363932	8.15668764340785	15.4076006896941	0.967364006961325	8.15745341261428	17.7932739762789	16.5629860505596	7.61085589156431	32.2127737630154	23.2149626763633	4.01314822534835	45.786778246763	21.1238827348805	15.8044473394248	32.7818154984338	15.1714506122942	5.04606592705793	30.7493765320608	23.4518538080503	23.2355105896756	44.5278700758687	47.0776167745935	50.6713508283728	71.3198615793521	75.3156071242182	101.655342052962	107.307909854879	249.200604854128	574.454078565983	956.309372752895	1187.87162780773	1246.38908999744	1262.88671594813	1286.67022184707	1937.43796226351	20113.8737284849	131751.701570082	97173.5556101904	6852.39409457239	2545.92404999752	14525.0489947799	31261.5866281561
270.764	13.332627369771	16.2630553371226	35.0845983609261	-3.72607041305506	10.1011783618182	-11.0060604327098	0	-3.89059848101144	-7.85817150063349	-3.31409550062231	-4.508757625322	1.45913982177914	-3.06056459075217	-0.994625905633331	1.45190310356767	-4.32120271598706	14.7517067227678	9.62289833380376	-2.92898131370512	6.81826558895727	20.1722704979242	15.4884292022365	0	-10.0119600159653	-5.27126086449711	-1.53755525712946	28.3367690153996	20.1961859998384	13.1140331640274	21.4686247989627	22.754570591155	30.6928736785357	33.5751428044359	56.3347566745785	61.7760495451872	51.1773772618716	62.4568166271951	189.478753583709	471.360682306982	898.962585840143	1149.01458559133	1215.98271753735	1212.12473561244	1267.8766069667	1723.21414720845	14513.1300732306	113050.828066652	98171.6227444487	8162.45994203829	1959.54431065423	8155.52456617831	27351.8124060691	9912.27453982302
275.26	6.86888457517296	-10.4088270229728	-0.553922361777206	-8.33675576509661	-0.449441775090124	-18.6464060423226	-3.73731346968837	-13.6013638870246	-5.84600487693968	-4.32541551725722	-30.4931208631868	-15.7113561491324	-16.9767007837182	-26.2873985034567	-9.47480875633525	-6.57982351152541	-16.9296222171901	6.27969739650043	-12.615177212466	-6.06743744060624	-34.1067059650479	-11.2304636022297	-19.6199850207929	-13.6116473317919	2.57993397457826	-7.52531727726997	-17.3362206386414	-2.96540966709617	16.7867230293812	24.9247048788606	27.6000422197944	15.991304041559	33.356160643302	21.5564018708213	53.1724159376223	84.2271570622949	161.285153925811	419.79099379816	770.740030483652	1093.84127515508	1122.48550358083	1111.42181920308	1084.62879536617	1577.57834329951	10109.8248094035	92250.8480262368	97651.4227594725	9795.64364044312	1956.27872820697	4666.56487528518	21639.7509221248	13969.9586841639	1074.86187192169
279.76	21.3703696554292	2.97645082570898	3.23129036691773	-0.506585708387022	25.344123038416	19.3374720212915	0.605597555324969	1.85134063281921	-0.598289533902356	-0.350447063681024	16.7738430872347	14.8124040272427	5.82547658297976	19.4049953661808	-12.4359812573983	11.4235754755994	14.5233044749662	-10.175676785866	22.3000842478951	27.1355717365934	19.7796988971347	18.0159623865081	11.4452625442585	12.1751509180173	11.5383115406045	29.7535800269819	12.5209005720886	17.77915066567	27.8413851980204	30.4099467898684	51.3141602679475	44.7578672217244	33.8611208956505	70.1852975699064	72.4766475580921	119.355218435512	391.172674093441	706.280225353674	1086.26957621101	1159.97685517273	1129.21454471902	1088.47931874566	1488.43209569461	8029.44210150973	74601.4213777621	89831.7108971162	12045.6434251976	1977.06488589443	3133.46312827979	16832.6634597993	17751.03435071	2346.84543026323	677.856887080674
284.264	-41.3130496618555	-24.9283323618148	-26.6526208620564	-36.1598016163825	-23.2889090055861	-9.96881763340511	-25.0717825561881	-17.6196864350929	-16.2281161683402	-22.6800068015249	-23.0180035253506	-14.9784312534653	-35.5756449582058	-2.25222374693927	-7.89042946801848	-23.483760840323	-39.623650204253	-43.0958208439799	-21.7541546424589	-30.3170365173062	-18.8248497423921	-30.6554277552639	-26.9725278776649	-47.3572214107639	-10.503860565787	-24.1392948540359	-16.4997195295509	-24.2380121087452	-14.1623845172422	4.97439437595512	9.40896526700198	3.58713405942409	21.3330367661915	37.5734016154235	48.236290438011	257.24075127894	583.486430330564	946.207808708107	1024.7726838598	976.572729027296	953.365223100292	1114.92662683802	5421.04346891388	60444.6236595559	70933.559818942	13783.627588204	1880.68359645541	2265.50670964407	11763.536879095	18858.451290452	3656.61264908774	75.5307893735567	-483.8504157407
288.772	-15.6227719037604	-6.96297358745925	3.39191892803607	-5.01381501404479	-35.3846147881107	-4.34973095142125	-3.26932466986588	-6.90095155757979	-15.341893142773	-11.6666679507719	3.86081945939281	-32.4857473027142	-6.98864347159533	3.83261225525513	-10.3604588766041	-12.7451933554866	-39.2021047562696	-19.6845028904653	-15.0484044500082	-21.7614429670233	-4.18748663529567	-5.40329774412099	-7.84601502150774	16.6700633201829	-7.22199353787008	12.2882521082815	-19.0650339619374	-5.1881583172121	19.4356042405982	0.85504381491362	5.50651426370713	32.2167745872188	40.7651715987837	74.1127700744972	207.945530249563	513.83496826968	852.136347638469	1008.10965979912	965.384121463399	908.567714059878	1006.18035305334	3460.12488605365	49688.3502727166	57236.3903387594	15530.873602712	1983.5210683181	2106.03060808016	7752.92904079075	18237.9737661741	6267.91436911551	970.08248433192	561.04735416857	177.888346814042
293.283	-5.75967587063879	10.2682087933272	-3.71578613839798	5.6797899319005	11.6828003857573	6.94903412503766	4.96185085995656	1.59669630698753	-0.773995886297119	-10.2763131556989	0.672868354978822	-15.5695537796528	10.0484122495835	7.75566917123097	13.5061385176052	-5.51729328068385	-7.51541003617086	0	-3.36573981484602	-5.08764889565642	-13.5469182806661	10.3586270041003	-4.23043437039886	10.5005087465784	13.412573242613	10.9375167057333	9.96803257016456	19.4779448541452	43.0558505071351	47.9465690826186	53.5945522874161	58.5119077323612	56.7620478941928	184.957658059757	424.878066306014	783.347350703845	928.129477632772	949.212639121705	902.92938675607	938.303038026015	2325.41161891121	38643.3756688282	47589.2942592089	16175.2286482917	1843.63777552145	2071.12232422126	5014.93171822206	16822.3645438851	9243.2242308501	1563.26349001356	1402.51022173274	1016.91222499422	1071.80415279347
297.797	-6.13353164190684	-30.3189677699076	-5.84553084634378	-25.3781554125093	-6.20231850868408	-10.0910320248822	-11.8825005857049	-13.0285526825111	-1.24884138735676	-2.34082141118753	-8.79394516820838	-8.11616251606292	-15.8077729917587	6.71791457098622	-13.4598496208119	-18.3129855571721	0.404203487481398	-6.37206850251982	-10.7060734169847	-17.2387216743849	-2.42865950862594	7.7490473874224	-10.0111741056374	0.883959528660391	-12.5658406614197	1.22176172936442	10.8563003952065	14.8445446060328	17.6348346000719	18.2494334617627	27.5146908241397	40.1237779971376	129.016085454418	360.556429288729	677.499938080887	891.081796231891	889.540957783119	856.699611956213	783.004320885671	1712.34356882674	28880.941328552	41493.3656133456	18574.6960106913	1532.70561037593	1644.3337293259	3186.87699545417	13510.8665053146	12050.69873094	2230.39840238663	1223.1969640071	1193.64315201528	757.286120208923	353.731632981115
302.315	-37.7698636977079	0.975872262113591	-23.3956370777341	-21.1766559213148	-24.7134078312597	-4.29275481433798	-12.1614250712208	-9.10483026808484	-14.9570351978079	-10.0536726527644	-8.63300823743613	-22.7646560112244	-15.916386505865	-25.6040043832668	-11.7034056738012	-13.1088429903762	-11.1105738286825	-32.1113307630395	-12.7949565222477	-15.4726746573222	-32.9021380701539	-20.5842775429859	-17.4222941716351	-9.54560521036777	-2.46717494515483	2.39880483037766	7.49980705367394	-14.9667379079963	7.47568024379756	7.78932729530574	28.5546419421766	88.433238861046	289.664624746931	581.274026480037	825.041081455987	818.181500607185	800.412443384274	767.117806072665	1304.35455354954	22686.342455005	37511.3885925114	22717.3253363086	1379.51631095979	1294.43431932863	1951.26962730972	9665.18620395475	13864.1261244044	3417.48767588203	1440.74373870528	1222.25444419983	952.086226434854	641.205889432759	-23.1505355329225
306.837	8.18806715797343	0.486582839498868	7.04324505503699	9.10969203113129	7.14343917659839	10.5374740989924	12.3751993279364	-0.864721715076521	3.66775864900253	1.43225553961013	-2.55083394866137	-3.02686909402553	10.7137636099478	23.985537601644	1.88241068732459	-4.48199506134109	11.4754643018456	15.8031981528017	10.0252976151572	3.85744029300306	27.1046432573596	-4.01618876473481	1.78194599116015	6.92300397138403	4.92066446382577	30.3005887287941	6.29811059206332	27.4938403876035	40.4136569839935	53.9856789150718	85.4263368056287	294.601730991516	543.417770387066	797.582850855922	840.566711836561	834.286704930337	778.758246193647	1135.93921069083	16880.0178134409	34844.9575994285	27758.6623738359	1427.28281996328	1104.13470301321	1471.59540635411	6153.3272598	13851.088874573	5289.88419691749	1815.89666810182	1552.47372323905	1432.70040040705	1567.80250093952	1352.99153016181	2585.66867882218
311.362	-8.72290151774279	-10.6912951448416	-14.5083360327194	-12.4066096632072	-5.35080918956727	6.90647884983385	-5.68539815418209	-5.39768122079482	-11.9662044974515	-2.86089129290759	-10.5088935005552	-13.6036986360747	-7.92609258310754	-11.5912392989271	5.64009584474262	-16.7862424309456	6.32329001023219	-8.72231031153806	-14.5638239763316	10.5945558824511	-5.69902990131545	-8.0222272841275	-15.5723243019825	-12.9642292576823	-9.8288927712655	9.95470358351167	23.9812040483095	39.6195547423283	40.3625876048396	65.5543206890266	214.833234265811	492.690103135223	770.491241570399	800.155978599972	778.269095370393	738.417845750784	978.8031262847	12529.1023219134	32502.7116785903	30977.6108906635	1659.90614304332	899.555463860454	1020.44545668085	3753.88493355584	12008.637873287	6977.36430272705	2052.62762142375	1526.97438626127	1380.41356092793	1403.4315026519	1235.15098042948	981.067608414077	783.943238511441
315.89	31.0439681609674	15.5352770761794	7.02724403760572	14.0466308133064	12.4726184374684	23.65545331358	9.6307263355547	7.33343636154883	1.70773220083671	3.71540443620138	27.0410383266065	8.68247866271212	19.3993247069984	11.9655233335507	24.4157443452531	23.8496680249117	20.9247546607662	20.3315133384169	25.0063047433491	21.6488073668863	8.53991566163225	28.9399116375166	29.3353124197411	28.4925139974973	55.2317127436416	46.5409852548344	50.2704191155263	52.9033741800335	91.2134923180157	211.577093345423	434.991685363604	745.781543340052	810.552246465245	773.11406917082	744.416669366909	880.84202834957	8757.86224929764	30805.0973270258	32517.5083757778	2024.99830176406	819.312062542779	837.405309446343	2091.73170764513	9430.4117728217	8573.63375952337	2307.53702360636	1798.09324024369	1600.42636118112	1570.73224323849	1627.55634777881	1782.84579941096	2117.3367773467	2671.93001070171
320.422	-3.81851966028598	-1.4587635299231	-4.83896360282786	-23.5864578142076	6.42475712446692	-3.94888641391227	5.19407656529784	9.93758964868227	-0.488704502721267	2.00380474330711	-8.28461638162521	9.45258333085033	-9.12038109356756	17.3971110323795	12.7917554048802	4.47897076375423	3.95438656877584	4.15593018237604	-4.55387858447335	-5.30040145758505	14.255975772325	5.79724712286643	35.614871894157	34.591662820692	11.4738030564955	13.1479567958253	35.0096009313047	63.5856676267538	156.840338737726	397.439088109425	676.41230985387	792.771325732065	756.921283365227	701.892982844733	760.926135478794	6274.56914310501	29021.6547242863	30815.6185564388	2644.8092733806	703.27851901327	673.637300616777	1112.51648203277	6534.41540119489	8986.92316929933	2725.65360852685	1586.27582701791	1621.15525825284	1509.09641090697	1376.86344765991	1184.46196425822	1610.53559939029	1407.64345061804	1522.66947506102
324.958	-7.31758862746362	2.50877258140073	-2.26964180656799	5.97782988415184	9.57602354825924	-3.39563533056355	1.53132703793354	2.00628850619151	-8.57280429842389	-3.83997467756486	-1.97277680714099	-1.17046763276752	-4.50096341214246	-12.3667039197548	0.776441737922264	-11.1692143935844	4.89652545150997	-5.57492774720115	-15.036926379785	-3.4805010365811	8.82624232497688	5.52188496965126	10.1062893497027	28.5554542979349	28.7531824633959	41.1123191714245	45.0554965484931	146.210671197909	328.130259768058	661.619523081932	768.604515740542	750.533644167719	711.908413377208	740.699348845095	4207.00164432544	28282.5252711784	29913.8351860749	3622.49508403201	646.045897197329	639.208556818064	722.128806190261	4016.26229304006	9227.44762237993	3431.56401980449	1549.09287919739	1550.2478801169	1580.05769851271	1421.56232085565	1287.90902948837	1332.46990454308	1360.62759252358	974.71330809941	166.643122183896
329.496	9.73568708528628	-15.3145976568231	10.622046561186	-1.7376750044344	16.112886932385	-1.3818919329292	1.03865122644836	-2.72160546499211	0.256529337302824	3.90680205101603	5.01777298257007	-7.93891580424673	9.15858804634487	-2.02934235731374	5.13470238425197	10.971745049734	9.13319010818617	5.2356449001402	20.5575141231087	-20.2346997869884	4.98880338679897	29.0262442431977	28.0422814837782	41.3088912833128	22.370381876674	36.8084640097853	148.256006210798	313.168814122801	609.640110652695	790.891395933313	731.113507895163	686.02365886605	708.347717089773	3052.81190933915	27245.0899944632	28771.515376595	4973.45340564121	692.777985008095	610.495324181608	573.994409507672	2224.70467868311	8202.81905762297	4625.98757109519	1386.29596970811	1439.88748379548	1516.04670815533	1493.99429908091	1394.32820535124	1342.3934420678	1403.73199384531	1287.25198554303	2177.79897387766	1041.47981196699
334.038	-38.6162271078268	-3.59633159715592	-10.2254021566105	-12.2417623970381	-6.7882020561005	-1.73844696609515	-13.0664347220173	-6.61940985266188	-5.42167756418807	-3.629415191007	-1.68332163757799	0	-19.6916022027152	-21.240562387728	8.74524451221475	-3.54925773364388	-17.9657612610115	-14.4903951645448	8.17953123075639	-3.56379050074924	14.0582664884704	1.88467512715772	31.5147777373414	11.4214043491391	31.6060531567098	95.5582597276722	273.477180410203	532.070185204732	738.66440184978	718.050209839322	693.549128862995	630.246521808997	2116.86170825342	26310.137553248	27359.0822058773	6423.03847044452	605.822122005801	600.731936517637	536.652198212123	1245.08436077044	6319.56258710678	5914.09403531511	1346.61771641632	1150.31269245857	1362.19814040091	1462.96881227169	1444.2078026265	1150.75652534009	1240.34309524935	1303.07317623916	1151.56484908435	1213.30170398249	219.382641690733
338.584	32.7760023139963	-8.20101790398115	7.41931461993887	12.2132159044461	-2.25745756276127	-5.89693651280589	7.82157910857473	1.59406271147004	3.34845010603344	5.12968168749467	3.02291335783579	11.5582647708432	-12.5397979616115	-9.37295630549384	0.793168320798865	6.29507776131695	4.16834116503911	10.9519735595737	0.480026907691187	-1.01585146256382	22.0400464441783	26.7939937689711	27.687104900154	45.5790833783102	102.37215386405	222.58932526942	495.50631523642	702.11814754504	744.381597562962	677.099907001012	636.39894428548	1511.49842382247	23443.8914338284	26211.4349180385	8351.31732386471	615.229121533569	547.867883659286	528.943331050773	741.366185089495	4413.45781960546	6763.37024470289	1749.19583533944	1008.36292262349	1192.83996306427	1296.78416124833	1417.78548143207	1366.79894986965	1225.45104948824	1161.54763388686	1283.9450112038	1297.61838856676	1103.09179570696	1337.54539489593
343.133	1.14898017461358	-19.4595497514799	6.02266311574646	-0.871572286397228	-9.0215466613867	-12.8227350376641	-1.82336091422824	-7.28045890204944	1.02934719309615	-4.22056841414523	-0.335571140355582	19.5115663220612	-7.93458650017996	4.07145997665398	-3.16976280505054	20.0471530560091	-3.74806557243581	15.7563744131698	14.8671830818344	21.3133108188199	15.5139696038443	0.469638843449206	1.40652741889249	47.358761869349	204.98803760299	445.18985679923	647.088574590203	692.793467236927	678.45475747197	606.582770670322	1120.16858147522	18688.3432559543	25656.2727480807	9954.54553225226	601.674532040537	522.58013135351	504.024090525905	582.751740962225	2694.74370663208	6683.38515331519	2641.57428056488	776.556087887984	949.374481063881	1159.60678674405	1337.38791798169	1333.01781844208	1236.83175321128	1213.53985090928	1080.05262754564	1195.96337989866	1199.06780147515	1433.67911680757	777.494333984973
347.685	0.576856637056461	4.62782635128548	-5.1170923901693	3.06306921941682	-3.01956998221531	2.78390419613334	4.9695098559996	-4.34057966653195	-9.5606841666299	0.302711042073136	2.69562791485173	-4.39819108551388	-6.28995171368995	2.04411595772963	-0.397852537491142	0.39470068889689	-20.4901956473743	-11.8659608194378	9.63124311856599	13.2483053835144	30.1507310765352	16.9766449144436	48.489703336253	168.26747335034	384.365042633186	606.705208545442	663.06541127284	652.895757368788	606.200172650857	916.084877892368	14616.8925327999	25455.3416294941	12230.5049852202	642.456939829928	497.331798573647	511.787892447604	504.144419794132	1565.94446165008	5897.28293908856	3683.28539195366	789.758536124405	693.039712838547	925.26979268666	1108.56302147384	1222.11828391323	1239.90800676543	1259.75344751126	1178.82355518074	1126.03589848304	1049.16466943322	1137.11794089268	900.964763652328	609.919638876527
352.24	-12.8657857177673	14.0748588635853	0.943205464228674	22.6242758035098	17.2192156623625	0	5.03801313583297	-3.01080911546107	-4.71525834085191	3.06883827684729	-5.12397446045865	6.48555476160364	-1.70044184238506	-4.14458702955374	2.01668410777473	1.60056610249735	6.78290519710196	16.0393729522264	18.5516134243293	34.6104721856188	22.4153235741056	49.719693503243	146.519833708906	352.762775475382	576.367968327845	643.686236236919	632.986558736444	590.782974254387	779.334948456579	11825.6934744086	25839.9276317478	14646.225223066	701.20540437628	492.966281150187	533.923779290912	530.56005875688	928.991253281787	4507.82882005347	4811.19735902445	1074.0996768599	651.999462812121	759.354281538813	944.932900077426	1080.51744321637	1147.65084551198	1217.01569733926	1158.14192200901	1171.28164418582	1272.55644012468	1060.35440718845	1434.47066413078	1618.27871721348	1533.45147487871
356.799	12.4178382240586	-3.6897028730499	9.06030845378786	-10.7653665569182	0	-6.77761208893294	5.09415746688645	-3.51272538247743	-0.794634307802308	8.37820218073457	-6.56269722512	22.5425430357229	2.14923975852234	3.35261991495719	-2.03915832074807	21.8484410070143	-3.00059149780046	4.50503277591811	24.682046353429	-3.13398592688838	32.967451797592	125.201040302232	320.917024502758	536.681531852384	597.89391249649	599.896442042239	553.905932700875	698.204291837417	8977.6471147208	26395.5674539494	17148.2003522824	841.009599290664	483.518521977331	498.028400050296	513.845068262986	649.264657501809	3002.99374747128	5288.29178888328	1669.73406586042	631.785637329017	664.426027561636	779.715341147648	875.518015296743	1064.84257692287	1165.68654293348	1176.25091401403	1128.40946526343	1167.6798675899	1031.28265303416	1055.62529566859	1139.26773583977	1395.38351618274	1025.35741090951
361.361	-8.93165872907625	-8.49234239432773	-1.92071767253354	10.8403419196525	2.72725734611324	1.79600388099205	10.5292522491287	-1.41487589909984	-5.06773406151618	0.312464894237452	-2.43467483001462	10.3179729583289	10.3881990350492	2.5319769196398	6.16008009806445	-6.92611620256299	5.1796956140333	-4.53640806302222	34.7955221465555	23.1426254573859	107.371719964667	289.14039971121	533.079397008696	596.113110196776	598.479589535995	557.97514727752	624.317388240844	6995.96584843943	26859.4370057546	18867.1454075475	1101.42103025973	456.619156943617	497.091455690467	520.183544234242	582.949017886733	1915.06938753953	5061.55071100776	2529.64736537396	727.534562542185	642.850509123344	691.13867915997	814.042409828549	972.278150688283	1097.46710202418	1126.26110792596	1139.91498099211	1064.19727270699	1136.68054516094	995.592608945678	1136.28596689639	1258.73570611	1556.73133603701	1964.26545707449
365.926	-6.5698821199373	6.92109636117229	24.0822785751265	5.88978066201405	3.5171802043391	0.72059508010057	7.31173962987863	6.62291468153483	2.407835179601	1.2536758292932	5.23309013988841	7.45162364754809	9.98575454818799	7.19583910216322	2.05962964903634	25.7457431478655	1.29887775278261	25.4814519756573	39.3891346458201	116.066439371995	248.69754128186	471.653964206463	568.339513447951	551.537795102679	534.35394795709	580.181492069159	5600.69619920402	26943.8022823388	20996.0068154127	1343.26908005356	391.137340350928	464.755059888623	520.788615060507	547.925821139816	1144.07434171578	4269.2889450643	3432.09208314764	930.011073007828	693.438416215657	711.05713809595	773.389586616784	826.425270685883	983.870416608806	1045.73199270089	1080.95119225776	1143.39553456605	1004.38422479033	1059.7799071751	1003.41064245995	1086.27717873192	1305.19776279557	1602.04261457088	2147.08151463171
370.495	10.0709845406651	32.2121338012512	6.68826886159362	7.63946255672399	19.7688043203772	-4.64582412697984	8.05816812393728	6.09989827814241	3.71509905217846	9.32619801005135	16.6098729158715	18.477747864745	27.9913937360215	14.2747843309339	39.6322729919985	8.917552593084	24.9076717053393	27.9824637272186	98.9093755236382	206.699388669387	447.425578553313	551.605010513699	526.496266995772	509.022232316088	530.903783546497	4380.055184724	26834.4963528728	22264.6159503005	1827.18411843488	360.803218295604	436.820855073743	477.697491235848	535.596387473995	823.21172850279	3139.98260133729	4163.39456318236	1288.57014638256	733.166866991434	765.479766954763	774.604262049067	809.760872670505	901.754175409441	963.437615740119	1057.83966856904	1084.78513710152	1097.40186866628	1127.42914061037	1041.9024367589	1137.44070412451	1342.67355023748	1299.88059111536	1810.28768967446	2330.07913799489
375.067	-8.85554800766765	-5.26248455435965	5.71305109416858	10.3001345066492	1.15886449172477	-12.8210350755797	14.4547306720589	-0.233803183138159	-1.85114985169657	-0.92940671679136	4.82785571958018	-1.63680781177806	-3.43322549067731	6.69440211762195	-4.07172483814248	16.1578720472451	10.6990772390199	75.5622213219956	155.738404683933	370.777073317672	499.883901322735	500.477329342297	492.883437891716	500.717097989029	3697.31415133798	26200.5692987662	23369.4893918949	2289.17817347176	336.08579241756	338.557823953761	434.899737339374	483.548593749407	616.807199634006	2175.89111190445	4381.00973970408	1885.02886666912	842.742071374891	799.719722882196	807.154693269766	822.997463179812	875.882400954908	960.141189024038	1009.71284866391	1071.15513007605	1081.04780920477	1091.0983026599	1074.8934241644	931.156007268513	1048.50781854935	1083.65347748268	1442.84636529451	1623.64575860963	1423.19285066835
379.641	7.96199265343016	1.52083340425563	0.917247236281704	-3.45123554885751	14.8847295042683	-7.54766858960588	-0.257861080641903	4.05408153428104	-7.38773125382659	-7.75938773729709	0.996591218113269	10.6431704155443	-2.06705436877023	-11.2854634532772	-12.9438036180455	7.78258231997441	25.5603948106634	87.0885473080356	275.363381817119	434.036815002055	451.821900596182	443.995510633736	444.635008966531	2915.28527400467	24076.5342885675	24009.5455562642	2727.19093637557	312.2234403651	310.676295814294	385.215998245549	437.789203853274	510.747045000497	1369.09446549046	3948.09119598876	2637.15071120083	910.219833484182	801.222546154701	816.965558527601	862.379498760315	866.30193375897	916.340625523013	926.267350569353	1004.02680018244	1058.51918340747	1007.08307919353	1043.78365225212	987.13248220632	1101.67150413726	1101.04132350825	1193.48621481716	1339.19249836624	1795.80330359592	649.414851074014
384.219	-10.1588836524529	-8.55242066416786	-10.9231375472047	-1.71247543359525	1.84642088687687	-11.9162040275798	-3.58256087409661	2.6821370433734	-7.83708449347627	1.48082539981283	8.24167632236661	-11.7356797871809	-5.33341026331919	0	-5.44948868998536	11.1987995163565	61.7778173096329	194.349383895742	372.678570664585	412.784049031824	410.032456381148	396.783316412142	2345.80315534477	22130.9395958049	24998.0091222772	3362.82695455448	284.886378265791	278.170635656264	341.169552996197	414.005181657652	450.369094455756	876.349303963035	3245.72787944813	3337.23905604897	1091.3722528702	820.512604252351	843.440010816272	873.225646151971	898.173200258797	901.626941587576	903.820621673211	965.975162274489	1018.60420290535	1066.67087663228	1053.48957458506	1021.3638481971	976.707592870368	1065.02186444692	993.323427186817	1307.57384529702	1354.16350585391	1264.73488460966	1694.71449922496
388.801	6.00131377538957	1.45895385270738	-3.07974223165936	-3.72466343771206	4.99768527479571	0.329116801621303	-1.48421549400379	-0.648188229896235	5.37645089626036	4.86701785803102	-3.18680663985971	6.42859528516582	10.3113411492002	13.1461988330808	23.3291855371978	53.0080690222636	159.382570424236	320.879669328076	357.981555986691	355.173230554893	359.772721562404	1698.81502004402	19961.1781760201	25424.2972499999	3845.04517337092	286.901938710104	253.754367825661	321.502815763205	370.975795480426	421.945950507963	597.658823682361	2290.09942084558	3652.63142272971	1428.25786096546	823.133035848928	802.35065294352	876.377600401131	927.113197173896	914.374339010197	950.9654938049	984.400585499741	1017.08767729369	1046.96052201252	1059.99476405511	1038.71018954133	1049.1069122217	987.713031144851	1084.16430525933	1082.43006369059	1178.51022869587	1391.76216606156	1296.68285879902	1892.04828963794
393.385	-30.2786616145397	-17.6831214178177	-5.05187511820352	-2.7720279074074	-10.2474817651984	-3.14923511779935	-7.81114468538231	-7.64956328368013	-2.10460473985303	-5.7529201347935	-14.6369969583216	0.361844683397064	-17.835886395148	-0.369978350138765	41.0457098443184	122.518816091878	245.225606969066	260.508100912745	292.861586180278	316.338379254546	1383.39624823508	16853.0024941589	25619.2233872886	4508.79237049583	267.451737937811	200.177527973395	252.975298291394	317.779790216302	372.988854499467	462.064593626776	1427.50333873759	3422.90677622414	1914.76121282634	850.402382953856	814.180150382433	807.496191398983	868.675125955797	887.600959367355	946.365393976139	942.358263089476	984.660198096673	955.923591882824	995.642850371596	1011.12478004018	980.947267955562	1009.44079028315	954.528366269327	939.386372834121	1058.72010567017	1066.33569665264	1322.42900203692	1550.95363388537	287.023032242479
397.972	16.6760508080383	-18.4684215060863	1.63005380719972	0.383327650348354	1.65324223924119	16.7663436766549	2.52036834543191	2.80177684851246	4.9799078262182	0.265179311749744	9.15046212852276	4.20314169283342	7.34678658103454	51.213320829395	97.5869039240537	176.685195146626	221.623993264777	242.929290101661	266.612682398073	906.138110248746	14965.3126112918	25917.3987205562	5247.85068043364	275.582838525798	176.516208932511	217.760256236317	287.147903629862	339.604452892089	406.816052867268	918.996271428251	2897.20158590897	2481.61625782565	905.803337899766	794.782217446465	828.38652146059	835.512574602554	882.419091259205	910.130110248556	957.362084054969	972.868514910955	971.883683780178	966.595594958141	1014.18232964753	1016.96093049694	975.549220195321	985.76555155336	959.110326870887	1088.01639144568	1162.28232878038	1187.7388515948	1334.18583368456	1398.3598930172	1645.63952597483
402.562	0.485848761704394	12.9923887364695	9.40318588048664	2.94836987052018	15.2591223797826	3.81013932960405	-4.84636190836433	-0.769639463838025	2.39393932635801	1.01981515335211	0.851381912104741	21.2155924789248	27.5476059142289	76.0958555776658	157.825162742906	198.461112674372	222.939458317975	227.639418732589	614.872058257588	11422.5476030823	24536.1025437125	6058.51674625884	296.583582359032	213.351315976118	203.651525634314	259.752369952306	317.066122918048	354.825131582266	619.171025515822	2180.89751519042	2816.9924238624	1074.19670143923	730.702162270423	758.815984655077	811.192233533602	846.515925022037	866.513316029485	906.082985785224	929.215990385608	922.994609732011	940.767198667994	936.223819120692	989.104510326789	1006.39532490465	1010.34508434089	970.591091853715	950.903622678771	1018.69373000389	1103.85989827715	1223.50575502607	1581.75533821285	1690.85764840772	2116.42576487231
407.156	-15.4178319617353	2.57686241724831	-6.21664391085905	-1.4619219886341	-4.72880937473918	-6.39429127213325	-4.36913422415507	-4.57942349807093	3.88476890302419	-4.80382634939368	2.81433242252761	21.3730655972383	57.7890336899522	144.779414768621	167.478130611873	162.525024270399	193.49298558415	429.8347041516	8873.25537065474	23741.1674126362	6778.77859991823	297.767020692923	189.524245552713	181.405896890791	243.579515735314	302.283074669811	322.41962508118	431.60842267954	1492.62732953308	2922.41136036399	1453.33016697029	709.041011608365	735.634275265133	753.910354329564	814.317090661954	838.315789105979	891.161634457145	906.35167137391	916.450900956124	929.044016565033	933.467066324873	953.528741485487	990.362920089967	1010.407902155	946.3721940532	994.429607148108	1006.27340176139	937.845814653539	1123.58622161365	1369.71257999386	1241.98547451824	1758.58706600348	1569.0210490958
411.752	-4.73866268957036	-21.1199288772917	-9.55341147440319	-44.9320968071	-17.3632509116972	-3.71616982616589	-1.71884946813169	2.06430905515104	-13.3725952160702	5.71931479311526	1.10717902893973	37.7717538602521	122.973680225903	162.543193351964	136.284381980378	153.361704559617	296.104626294609	6580.60870357281	21676.8930296721	8012.81071351117	341.38152024121	172.771508322202	153.529102425696	197.572275063278	242.412648377971	293.839937727786	368.703621173221	965.256856038559	2581.81898811543	1865.81500117631	732.559828395427	683.648444617698	722.156186623399	768.806162077821	820.31581389406	824.49895923595	865.226674307376	859.851488696805	907.649396098268	920.964541362561	937.208694173569	947.909084815625	960.356269327084	945.03421934889	963.565926613026	911.217170975516	939.654786273157	963.910880291023	1033.03923945261	1368.35221568971	1487.79742682419	1456.08408664648	2164.43359460582
416.352	5.59669155993349	4.98882218200895	-1.12832461118291	-3.1840766491849	-0.915500530617477	0	3.17200196463848	4.80230469872814	4.59612849336731	13.4608717312456	28.3325413106984	103.122711813543	145.782952383804	151.715671309486	154.399398092172	254.655469853233	4705.19780429042	18521.4839144642	8475.26159965797	430.100269149842	173.889195813913	164.708246737836	205.155564427355	249.908647475065	280.280241382941	322.246790760567	634.968644348634	2079.59542471061	2298.37942531757	868.415326825872	669.057144720934	700.502211391223	754.395794828154	817.266851917516	833.214057659749	846.628387183	863.042669646113	891.204242751081	911.499045957174	905.961625008638	945.828129167089	950.621121660591	969.081552046511	977.372917187274	1018.70679018078	995.495280069822	1082.1730831112	1096.11922329873	1242.47848358419	1469.43684231383	1597.44787373807	1567.71604212765	2958.73521760644
420.954	-31.5303158169625	-5.29528371190801	-25.0582548672307	-24.264321259038	-12.2588662116055	-7.16719107615296	-9.53079488918776	-7.96265947499236	-4.70789122399219	18.7039874353115	65.6623469415854	116.557591223824	124.897927982648	114.643681148521	188.151549699297	3467.76713179094	16011.1705775436	8694.72757190749	494.770346105448	143.697203583037	117.828308742268	163.992966029003	205.109760791372	246.666858664339	292.119910519113	446.229188583073	1472.28727071927	2387.38739692746	1106.57544853296	639.849675823373	649.08706218413	708.905231882803	749.259122356826	775.729911438957	778.219458524031	810.832857456545	815.379401006822	880.999822086717	849.653509075324	887.179191587171	880.842961981605	909.224498249029	906.302084064039	913.392893898316	924.325857516143	966.580467245534	990.861903498442	979.574636723188	1122.3081627182	1230.03284674246	1455.09983128889	1450.68433593681	676.413068059878
425.56	-11.6559774774686	-6.39384326036564	-1.44609898840118	6.46129886877638	-4.9866799029843	-3.78616722868788	2.23593975771187	-1.42033757184287	21.2863192175803	54.3435118953989	88.2484968674981	110.932061240671	123.510170211839	182.370619979396	2575.57731656982	13632.2937974726	8584.03849423255	600.092729644524	140.343103341119	137.411764058565	161.288761177182	208.163776267707	241.470285577695	278.596640675026	372.799517244801	1007.18446896096	2242.89947795042	1440.59300087837	662.842631215134	633.154201056632	679.457792371238	710.976720156019	741.151978766562	774.780438109576	793.421383059712	790.087286876356	801.077185994246	821.139396863703	844.210601054314	841.638257911441	883.234056618866	855.390799038495	914.44091671006	904.906193379051	922.72940741913	952.106052563231	1089.85609019226	1132.18296615663	1162.02341138568	1344.72210450627	1447.53564326674	1499.31768221025	1554.72620619631
430.168	22.4294234110561	31.3620593052944	25.1807674007706	11.6763432901927	24.7476293636657	10.6121732003333	19.9406814077792	24.3838459463491	54.9631342727644	83.5443093594606	97.3619374621913	117.055728640934	170.397532282733	1946.15962386663	12137.3812272075	8629.72157967602	728.158903645369	159.822369215495	139.880560960097	168.988160634198	193.855065195979	238.365244476159	275.288269541203	345.117982523761	724.500907467319	1898.05704500765	1734.10983733282	738.577401196067	615.481033157425	658.678766567004	695.075872856488	723.53609485608	758.483248955955	776.75650076487	801.38294652158	816.673493055535	786.981588321211	832.857676364036	835.698703961243	831.024033071131	882.771828741964	892.763123695342	918.43282522185	972.170076333045	949.684899408976	1044.90380467512	1142.77546862016	1211.15112159195	1338.74268398622	1493.92579779326	1698.561100332	1829.22068073237	2343.59840323265
434.779	-7.01945635716854	0	-0.353790506413564	2.32955201989145	-3.15764570277723	7.93964628946757	17.7037620479023	42.7410157953687	61.9032432319239	77.1238447817789	83.0291458226088	133.493933722562	1452.64681254782	11181.0576337353	9430.45691087036	854.615869991087	141.522547613359	135.366054509879	130.015851586655	163.924154203441	213.253612790849	241.009542894722	288.577818416601	499.717691178781	1495.87755932568	1920.64708570651	866.514212796257	599.45376241499	608.29817357483	649.262710669556	714.404444280729	722.693423366861	767.278813040511	774.534845925344	782.440570084952	760.17516646861	764.973151137191	796.069797793106	785.30107810018	802.204916432798	834.187334640346	868.24832476769	857.44737980155	908.76377306752	968.37796088356	1020.78661150384	1062.02113260531	1132.67463306079	1353.01432285438	1524.6406623058	1424.39428783977	1601.30492934794	1502.91088342992
439.393	9.15173417805217	-10.4885274207231	2.46005502775351	-21.487621051117	-8.26931087119471	5.25787797578374	44.0637066104278	53.3296604637771	67.9332981647816	72.7229674105058	94.9500064281399	1034.86804290945	10109.4210342762	10326.4978840427	1122.91066967726	133.884540978813	105.514634902638	114.21254182524	144.430550115312	184.7755179485	211.455020282696	263.631495040213	391.931442059799	1104.01591510802	1952.75122605601	1101.30481656074	573.518106943325	587.939453661114	627.744055573208	689.282409051061	706.27160436878	712.658149995623	743.811568702922	764.292275790158	758.051512604762	744.289761415678	738.087740186267	741.741802541569	775.935261929719	811.944217674535	801.53848932253	821.204557888881	871.190818949177	888.879714991357	948.789098499349	1008.40769011846	1102.09085738376	1175.59870342363	1345.7547553425	1265.73812839039	1512.0948974244	1575.85331950806	1198.01477447717
444.01	-14.6497140182945	-8.44966638079575	6.94932951080387	3.59528888582412	10.4313176937863	35.3496845730941	54.7016369222199	64.1599935379978	62.1477564690273	87.5027221985587	669.474332142052	8180.64388718887	10819.2820081568	1445.89862116021	125.405596773943	120.874329228493	116.816439034465	131.633325869429	157.546513444833	205.143652423975	237.217110177014	299.046958975522	784.502277246695	1772.22297126205	1340.31793512934	590.693021136171	556.475410231971	589.668559677125	644.809970498351	676.897529268328	690.396113078665	705.823586814498	711.100691048219	732.073696752883	728.233158653874	724.83167063379	716.601376718858	729.096818514045	742.607467584184	717.277612104808	793.894125545302	784.387656156013	864.742889053832	890.565132557337	978.591006909797	1037.52300654487	1153.99885662056	1221.64819499093	1308.14692915256	1535.96763505883	1679.48840897169	1879.9029879777	1330.26389779731
448.63	19.8782115010474	4.147045361035	5.11603359434093	5.4540516685146	32.3781871866219	57.9164203081138	65.3921911240178	62.1411942868665	77.2963463424519	487.606936882172	6765.41214583217	10501.0002758694	1844.0558460462	139.979346045052	103.552846337254	122.700207276093	137.353457022428	160.464897848158	199.839040888092	218.925400969827	286.640629616474	522.772472262787	1461.76403517876	1563.58844392945	681.807125378786	532.245580672162	582.82785392875	596.461959060625	630.505661429012	650.291153826471	672.317889752047	691.932802886721	708.57917186851	706.247732743267	707.121348905634	689.114392637698	698.029546651035	695.116098328485	715.272043905341	727.310572045802	747.44144043976	794.475595739584	829.946171912363	878.644359124493	969.578516025601	1050.95169237694	1144.73239901971	1256.06869506763	1378.80096389431	1389.34452177089	1599.52359170189	1988.89246922412	2074.92380581641
453.253	-7.52568772095198	0.372683649449217	6.40604475512007	28.8606400156341	50.6095685750635	60.7837003948877	54.7852430185009	62.9192477526288	333.172379136949	5065.69667259703	9793.58698793946	2285.01418708849	134.333433779622	111.411279934708	106.691458174578	129.590116647525	151.539490899738	174.233743011704	221.282669670902	234.143461568018	406.823061969848	1081.07133124612	1655.19578368289	847.069410547408	520.727583321463	516.068950388839	541.477210891541	598.049729525297	617.570160376381	659.794756912483	649.876681523143	672.499951432557	692.397294591078	692.051374760026	679.979566424753	646.703914756817	658.487906394094	671.721165379269	669.337863389296	698.554971170311	707.861210054163	759.142373156111	783.117529718451	870.471530536728	915.439966068986	1037.12116663366	1157.45459108621	1205.03884994016	1356.31030920304	1474.03107807748	1514.06690270404	1632.50157627916	2546.24913974182
457.878	1.65627058678829	16.2401720547277	29.7183014785913	44.2875125154818	66.3780669846064	56.7013710191823	63.2693336470192	269.587249737394	4155.80329953617	8832.4570342136	2198.79641486487	133.455896178508	105.348292546942	91.8508682865315	119.371820830055	134.008525739168	185.198981314035	185.805191785489	214.658136377749	297.358893676282	788.857908977992	1563.84873839475	1040.79793807229	518.904729584276	489.585328695351	514.123620182123	554.476781003165	590.503095133413	594.360791361554	651.673484781913	624.353793599504	662.810708149716	640.191825281135	663.024411386114	660.861685670255	635.830410588424	658.815754601046	646.61816588871	644.79557936966	667.8121424082	694.72086518777	744.970493009418	792.42488655935	853.950332033385	960.992643369895	1066.06070360013	1100.45630970082	1265.99966877063	1339.93687834278	1448.25060296636	1577.04656684229	1701.13487901851	2118.95329076884
462.506	-9.03372596581723	-8.05255247709144	28.4777296038802	41.7387950321178	41.1076718342927	51.2756272483701	242.4081835332	3514.18997285232	8550.5707642316	2496.1067209358	146.070860744158	78.5537330543404	82.0852421981926	96.034173232592	101.953225648315	141.884711086584	171.156819453502	181.131526520857	220.071455530639	499.093316305695	1287.01643676952	1271.55652917863	534.83710216139	440.05340335641	458.060722663024	501.150327882682	533.283451332203	556.932825777298	598.567277926488	589.282792807159	609.608860180466	610.369029612223	604.956830858442	605.964218102911	605.504025963403	589.076577844857	591.727234407126	606.868378065179	613.293797984247	642.20228371145	635.637244040297	682.394510738775	727.08546928941	772.966240151458	872.854932574209	976.479175193089	1069.09721091507	1125.68289742995	1180.96667387532	1208.71073198005	1102.44281473052	1456.94313916664	1059.34831831371
467.137	11.3509151547966	34.6905136695379	46.095086907148	41.2067650832877	66.3132133889636	198.819875046114	3716.60202241526	8443.58787247358	2729.11781483199	160.612805082033	91.1665751378429	94.6926481270723	97.2467160912405	123.540379808541	140.076347994575	172.25206493848	182.199284430356	220.825966517358	347.896786381058	965.051975834995	1340.8868947082	653.192125978461	422.812782552283	449.546915000146	485.415379412355	492.393637806436	529.409169532547	565.87669205249	573.745578271217	592.155033919844	602.124160613351	581.139334685317	593.482110789963	594.393949774202	576.557247440376	591.964566151991	571.813722551488	595.848917932785	582.366570053255	614.216233506981	618.248009212301	633.869491034907	741.762552029196	779.05001447049	860.29034077014	958.835393902019	1081.56944828765	1188.72163554094	1230.7763498839	1320.34745691592	1587.38660245637	1920.12337436398	1817.3702999132
471.771	55.1164527315273	59.1713240374988	49.9624920153074	56.4577150409365	162.417594583924	3254.51197843457	8052.01841792701	3107.65560174719	172.101009211615	87.4020063390774	81.3090439885405	95.3674812687754	103.819086532566	143.985812119678	150.110888416545	181.403681602805	213.478382774816	277.996437660502	676.737431070643	1310.24622728941	830.942454626923	421.957604829537	416.645525673625	424.765638911705	461.781377270532	498.643166140634	523.936434573592	545.07748291882	563.024680078879	597.102137476485	561.815658528321	569.060958129091	550.474393808	549.652406035429	556.300009448543	562.962444427399	544.961563211403	545.696374130408	565.328220340084	569.431605382873	616.184129687737	629.529856694961	704.442914969102	763.39860286522	867.317262858401	978.197489051955	1045.37874923806	1125.55297624352	1243.9551029399	1373.35536752686	1431.78870327422	1755.27796164051	2858.47690966606
476.407	47.6605818405973	46.4111556135687	56.1984459417334	163.45022829487	2339.14142209377	8008.29217084137	3088.02691042131	178.915396422926	87.9078811546779	75.0310396101087	87.9634567546818	95.7734183592925	110.341719415628	135.109834418715	154.411067328469	186.894595875837	220.361787114144	450.675683303225	1081.94540737752	990.579870500551	437.161746609463	379.142446679575	400.398900099288	435.245504759424	465.43073738087	470.376656115182	501.085713113913	529.093328553916	551.868086944846	534.302591574993	538.125964264157	547.017793821659	540.573943461963	548.06901236315	517.031133304101	511.973590050489	520.115203974847	522.706023635857	533.497258236048	562.399869924333	578.036059519644	608.223533995473	681.838686607233	749.686976730856	827.192103257853	959.27158688311	1044.82518706643	1150.5958147483	1231.97881199813	1360.48410501986	1586.13698812031	1842.61140311264	8181.33590924521
481.047	64.9834595688783	63.6113930509189	118.632660341407	2579.31400222437	8164.04053807401	3484.57680395014	199.019029702827	66.7854456499766	59.2888001677839	73.8499658414906	72.1903225395932	104.17657840141	110.994678264967	120.0803056288	163.876138662175	187.12823889256	298.53666501723	805.793437438893	1067.99543767739	537.036935970147	351.80610557786	375.121553349829	385.222224705369	419.028159339535	444.128603151679	466.762636070697	483.262504423579	491.956358883432	525.551578329447	520.788674359733	514.298178257091	488.538466273238	495.672609352515	493.472174766787	493.177019321198	477.673237073903	505.900874125944	475.453694569158	499.232021630448	498.56392830897	530.153507128947	571.928882814604	612.77551466586	691.39396641722	806.419640138667	862.875741073324	972.270284360587	1110.38340100032	1117.88663116073	1278.38671430388	1472.17998627255	1942.44712546179	23015.0853849678
485.688	38.337971097391	111.065490276009	2052.08969319793	7932.03756362379	4251.40681241741	250.787003828809	63.7371466923743	60.5735327862984	54.5603422299076	66.2224653168953	81.6447006932903	98.2652041294253	120.183927530508	135.569201013821	155.342837991762	222.151079932501	534.40648627236	1015.27887832214	666.430926831916	327.359506575716	324.229486054763	347.360947699016	372.845001913655	391.255832276381	432.289057303521	457.936101392891	462.49133056735	467.224560236954	500.616503371292	485.878445207997	472.669153342522	478.386924334706	473.990718447715	467.50240982929	451.589841616468	479.771027516034	441.432078112782	480.221361714149	480.735625407879	498.19814876545	521.476512096583	544.545980982365	600.195401315532	662.990302443029	753.23792460855	871.178652103035	968.79213609877	1054.79501701828	1138.96910250869	1249.28666134908	1200.41976544632	6352.571598412	35282.6378979489
490.333	83.1822899499379	1973.46882374487	7705.82382638235	4058.04764239393	315.312946238739	54.5220756492355	44.4248206270974	35.9517165576346	46.3966532955804	66.7352092220803	79.8906045227724	93.9681659045251	120.062048038724	126.973526474963	165.214666468475	370.498276462119	838.393605140209	783.322976935886	348.539891787897	287.901703378582	302.040609141561	331.829543614407	359.008416998293	376.272706349014	391.739619584055	414.473978608082	442.665911670276	460.68715047774	448.140755053166	453.839042766585	439.503486323842	442.66399868314	427.533610955419	434.010366471749	447.064604641686	424.676185746685	429.84828269697	420.064051933751	433.535815179507	466.34347152401	476.837506277019	512.649076162381	522.824775626039	601.036524828537	726.621952755064	794.646684230385	852.745985083463	938.634538460723	1137.36971026751	1165.99761716408	1348.35633855107	18188.3095010222	26723.2539651963
494.979	1512.39909842724	7383.19856675516	4597.72220669928	317.51747152024	48.9168962643073	56.1930227427199	50.0300817001585	49.8731568839362	63.573742042612	63.9867831556602	81.4999908126242	94.2155310868007	114.502362898465	135.716675420533	250.087274813504	671.281405669828	840.736550862859	411.182941495416	265.327126402056	265.209510600405	293.586678832276	324.861259187428	339.971253121118	366.646791225474	400.02456547945	400.326980407598	414.273352977813	419.406177107151	430.469782793726	440.326329394003	414.282010729218	403.320064631521	425.970787818541	409.65548451549	413.851412535883	390.89884923542	402.939950305666	383.947294876948	420.104172649064	443.414931180757	444.849338747022	458.06763884667	535.253510759849	622.607340277676	659.71147466357	806.353829416317	847.328302961852	872.028294964234	1143.40643150075	1190.23879955903	4714.18767238905	28444.59892094	8589.31432137226
499.629	6926.55380394855	4531.91715831192	368.318054861028	67.6016562911187	44.5145277065142	39.360326636794	42.9326266289004	58.4545857908216	69.1463914357596	71.1923271169461	90.8651321769789	101.755600628378	129.853284943736	186.938864277485	462.62622679933	800.323855014375	511.33945938599	268.24582030543	261.715301391083	258.65170400723	302.90648860855	310.926546891338	331.503861500432	351.30804303723	364.014009296198	370.780130372598	401.075168930885	408.497726822032	401.786698085554	411.299030073993	396.847412511142	392.662907107511	406.573436146288	386.181690426773	385.877359277691	386.770849696228	377.378307946294	383.517367752579	394.630583196058	425.880668810067	432.709378684954	468.089620109297	514.902072840539	579.88572538194	682.630888727239	780.341514410614	821.702519738806	969.892562185466	1058.2897911062	1266.84391549218	14095.2578492344	23403.1202975979	1985.47838417987
504.281	5069.45165897584	410.739726877361	54.2770310279673	44.1072958533738	33.615813722045	37.7192246461673	44.9632927769101	55.2027840131202	50.4861773944272	64.5781424059332	72.581068595584	89.9907382621178	123.039282048056	299.749761933845	698.501427986805	609.310257577535	261.274731553162	217.549008005879	245.362121303473	231.47904493199	258.811893431443	287.155246270034	296.418937685605	305.581119773489	339.259582233873	351.674062139996	369.324255404538	366.222298040584	359.261943297041	361.568846799242	346.722742675606	362.162382979298	355.514761578726	354.607672155512	338.218056128823	347.910623567823	346.03415726169	360.254890826623	364.388604123711	365.128083179033	391.448109206156	420.490065269333	446.430496656321	528.096435677649	601.363798772532	679.036596227627	735.372973785158	866.202104274637	931.938140657561	3416.65601713247	23019.031629384	9093.70934408595	437.930065972783
508.936	537.669371953116	48.0331435293685	45.0523285075679	31.2578905958555	42.7766344991743	39.9161206029194	56.9490880479623	58.0581791457689	65.6684140865329	71.5244063841143	90.0299721529504	107.380574353888	211.119128017153	548.690751602506	684.53777500237	308.787111413067	197.895903128239	209.793248039285	231.204925676988	235.542675044345	258.521085497902	290.218391172556	300.396987267443	309.354289099229	332.758855972212	327.588927731438	344.288613572048	352.371804921196	354.288144497306	342.801453908409	343.828739649642	341.019334852928	332.754316134677	327.343313604762	344.303105463179	319.45370074467	343.925052482096	336.654612127507	344.075259096696	348.339672581888	364.372618716274	381.285404712707	457.14461627907	499.030850492863	570.160760873146	666.244708103332	756.093435785204	912.601114366099	1068.21793938981	10694.1215162717	19685.0258546982	1896.865962489	50.271450921953
513.593	62.6321955803341	42.1355249875189	47.0137514151618	42.1318473379245	44.8473699089907	52.0404485930386	58.0464860959632	60.6843004796237	68.1094181846768	72.7618185125739	91.1166537923533	143.341957285009	397.732350034672	649.906855892297	398.280203845575	203.492053373739	194.174214068246	214.274246079068	226.242091219314	234.519790226892	250.496738087831	261.80173956192	268.751686285004	307.866112601042	306.262081944387	310.146304116786	330.070569634237	317.726438452715	320.797674277455	335.481280809263	304.895857769669	328.474538087508	306.343956548422	316.526028180155	307.91988765146	313.806105461342	321.554953674303	335.404413024957	331.593518844925	355.932155226302	351.509061121862	385.127689882896	421.393085283659	502.082436949626	572.434017980898	621.968715033421	794.299123758102	881.402512054712	2473.80056704588	18193.0184337751	8840.08605778208	1003.09913534273	649.725383218681
518.252	35.2764253107123	21.3127036922019	28.7637915175934	22.0021265176854	48.9849474436452	45.8712099112746	54.2043276084046	54.329579266458	57.9395815468649	75.4863617833325	99.5940473680786	237.175496999501	575.832977238347	494.180539511535	197.341833654864	167.618545800197	177.868288099869	186.336486503772	190.436197658764	204.274031850182	225.01225815432	256.338310751942	262.301226644447	276.513620307897	275.594329912952	280.267080701749	297.060521652714	318.407458743656	296.386617032011	299.237083091481	291.779416186474	290.068968736784	298.947027008151	281.487268240061	288.247693387217	270.15624085024	269.458147812316	287.525782133123	291.964415444847	315.879170464721	336.938770800524	365.588447332949	397.695648257556	450.997007989962	520.912644206972	640.659227498685	733.834762623829	798.529158996179	8101.11957559038	16883.2460479956	1723.59142221523	1157.82625641008	944.890823543069
522.914	37.7984908486915	50.7133422306088	48.0791561185555	53.2066736310596	54.5636881478992	52.8909842757749	70.8498867392262	63.2721831663217	77.5005973840962	86.4974815688763	168.208999975132	429.720844778222	562.561657936504	246.892487584763	161.521908214229	171.707230770325	182.763361902282	191.781405108025	208.193495285792	224.768266454819	234.902437631414	249.746988024629	254.093709817905	264.399696282669	280.134780616557	284.894549877887	306.006582485838	287.952199263843	281.774375679626	301.374081901141	269.750889941238	278.756115095291	266.593257133864	284.39654987521	282.722662099991	282.010299134229	296.624806730559	298.125260623206	296.18599060926	311.262018562897	358.354621646405	354.693517617122	395.377093381297	450.135254438272	546.224075680884	670.227427748335	770.700704008278	1904.80922616276	14575.5618137128	8284.46413757897	1115.71456550804	1184.15306180891	3427.92077548711
527.579	49.4840894986277	39.5943634702755	44.9324996484612	43.7435933356212	61.6970568557753	61.5828181082101	66.2498946509322	63.5748458276276	62.65787545687	110.2074610502	304.067767304248	526.095188993045	325.722576724003	155.743021945894	152.369892158907	158.894225002137	173.425264398232	191.763360955076	209.800265615336	190.329489466103	221.642860742973	244.94561716254	233.08281040362	239.666892613034	249.375524416421	268.361921595273	249.783522859354	276.991241870731	273.065773103216	260.870587515961	261.210753445451	252.616140866079	264.063880240338	254.795333482783	257.560951474457	268.868241626093	269.183153682354	263.026950782748	289.494565558424	289.426617788698	317.515677477768	339.440659449309	387.156920287837	439.48861948151	519.2097278118	646.854303030739	753.570014923828	6193.09591020861	14225.0707048097	1986.42714933022	959.215723256963	1184.04164830169	3444.07709017317
532.245	47.5644699702655	24.6744698944264	37.0994539597517	23.3636558035129	48.468954341518	46.5676611349485	49.1427763277695	55.5842267672308	73.3485402520696	176.765270726331	464.80190564488	403.726208682014	158.991479542603	127.100802632798	132.832399655627	136.848545745893	146.115236519698	159.799846802288	167.290163732034	183.900612861562	201.398497949459	202.703579091296	197.587214908436	214.4701040383	216.723955949785	233.21370587885	228.567005861901	219.930835296652	225.309585691678	239.668083739153	233.334627112266	227.738727586158	233.59616964541	239.8678281351	225.16842534653	225.910086026573	215.475963862523	266.694185566466	252.996978370452	251.912839303813	296.441033081553	316.571002861318	328.539160639806	366.067669513526	504.994574251338	598.09595486608	1259.04767942682	11483.4525352824	7215.8392690267	781.084932447364	719.844217914845	1456.12144117723	3050.41743365476
536.915	46.3915876490725	36.0961684230641	50.4100388243415	55.4703683444619	56.3363312919706	54.3111645844648	59.3599495633945	60.7222802870787	127.325350200642	338.140002187	450.795520795351	207.374522968789	125.175546854687	132.626958890025	119.306510413073	141.226606031594	161.877949784928	161.442266288282	161.147353169146	188.571539396006	191.789116342462	198.300524404928	202.456160351993	214.0910077177	208.50395538155	221.67762814834	231.054802442635	237.054649014096	234.267772469392	229.654000690516	223.655424087867	221.609171285939	220.678843724469	218.642103474592	225.568798753351	218.986088101337	220.286099488973	217.979205118574	237.193483429102	250.829444132804	289.925645822808	299.686569900766	318.915030147744	419.670915791434	514.819052569778	605.642136634586	4752.49997208371	12063.4785540174	1891.85294769594	752.446691304261	1037.99266240159	2295.97817739048	2344.45043679065
541.586	16.3022686185733	37.5696115639571	35.5917913129155	49.7667190011436	49.6918051944598	47.0128591669888	55.8879196014918	86.2920891610525	233.143433778255	417.723233044578	251.532848545866	117.680790819884	102.60787650464	126.80732244364	122.033323082876	125.691570966696	138.3526738692	134.801725459178	156.671731477197	165.777381448276	153.096464121779	178.450596114571	184.637904735574	192.885717734731	196.237465688502	197.188371308652	195.832629155217	196.261689882689	197.77485370519	207.65092889037	197.60684186044	202.808525521293	195.359057730968	195.009181085699	202.482134966561	203.94762623713	211.329504334722	217.235102607213	220.622008987894	223.73970757232	238.132812721663	263.558119744084	320.973064146798	393.778890946644	476.221481735396	899.671034388326	9468.62365720845	6686.97316720547	774.564645140926	620.812987704679	957.576096657029	2835.08160191496	1059.42313523815
546.26	35.6157950580502	19.6192308753158	35.1756243176575	38.8555878607065	29.3263408708212	35.2453556765356	58.4252487622457	160.383389079043	356.180269282907	339.775080146462	112.668299491468	81.548031574571	98.9053337223204	108.90592092929	104.051471335649	120.203509548455	119.807724584893	120.426200572658	138.638927483148	141.747725280449	153.036794411659	164.551593559508	180.928428189421	176.364791649701	180.667268189289	175.952914819944	183.819775789144	191.767098034739	180.352001810699	189.342415124823	181.389557812784	184.070399482599	197.760548028943	179.617790623555	193.156690480407	184.093740547029	193.69443829077	194.501753486166	176.037595410749	206.0425425791	243.159107815155	260.045394598601	309.38354829562	393.895091459166	442.365964000523	3510.71174337689	10428.2646057771	1838.42714036485	579.463023243386	602.417139438132	1363.51947118035	2017.72126637406	524.661317911743
550.936	28.2228858730222	24.7981408116216	33.1639483953634	35.7832776823778	34.8228674179197	51.805919672605	118.825266699912	281.023270846455	364.454985352767	172.221811806383	84.0763133246848	87.1909658581507	98.769177927168	88.2936538335349	104.27708585943	110.347719308387	111.355195988241	117.952148499009	129.919739331635	138.895148104911	156.645145771439	159.195937465455	157.609830345753	163.628067636801	156.583606412213	184.342320569008	172.699065392379	181.3137027157	183.735648582123	164.947164531591	180.47862643506	170.09372246442	175.924171845004	185.086874766864	175.636702563242	172.874785526713	193.440860826092	190.156769492328	205.707186807727	198.564902948329	222.994446780187	240.523824823752	312.766438450429	390.148819213352	679.622902747238	7592.76600110711	6306.66810852712	593.0194910213	564.463604010974	620.480983723396	2272.82397563376	1334.71971681841	716.172078285397
555.615	33.9166150464829	21.9548109890461	33.8632966230453	47.1677124544316	44.3843349082797	82.8149107191366	219.505021974546	355.466694513011	216.85615493594	83.9051796080853	74.056797664086	78.082000998003	78.9539122768754	85.560248046307	99.9728109125482	96.4181143425257	109.467941069324	117.815720127332	119.659180856021	126.970345897664	138.230687952186	136.981773047277	140.044660397658	143.382349052948	141.948706045811	164.261486530964	168.291126415663	170.536971973158	156.721206101376	152.546190758042	164.516600455316	162.649617583064	160.897145967852	161.780866771734	163.327918822899	168.595287855037	170.789893284317	180.25694932614	191.044420516933	199.674788016446	201.29460035555	246.607967116843	328.589884626941	396.819966480851	2553.35930543764	8875.39645558633	1870.62265161364	530.701404231497	505.524343781379	1066.51659463514	1890.76634641942	788.284780339072	512.293901420687
560.296	41.767672085148	45.183483475913	48.7250163676495	45.217990468258	57.5771280331122	167.812213692919	324.702630269547	283.287794691916	106.26206853952	83.6288193559673	71.5339246935383	84.8835440436443	78.7050258519495	100.873663307429	94.8106191352514	104.603059368989	117.289213204225	109.364799215533	111.373892936588	126.8017935669	138.120615888084	143.871325839064	152.562704837221	150.751051374481	134.031874417843	157.269644270526	153.81155145099	155.225085690697	160.020705078635	150.319180450667	160.652701760658	163.065326251968	156.089157525047	152.416460598109	164.64814076237	155.022921680028	176.33917979187	172.274964339984	186.860103119075	203.837339132635	215.876603753532	274.071161009558	330.007659248031	544.456209135332	5899.36073490981	5746.93960557615	533.636780715568	474.616003834042	611.517537492887	1597.6002049856	1312.97064123224	936.254761429675	1474.91235002834
564.979	35.5995260459749	37.9336780678963	33.9879419237408	37.8682880009242	81.1250188083966	264.616032501157	293.324875407665	133.043713211221	61.9528111441019	60.3381030833421	63.5782638542681	57.5750755261511	61.5720293209171	68.4391483977032	79.584466676672	85.1135172227212	82.1650008106986	96.6402198549929	101.111634461262	92.5303100363605	104.084609647596	108.046065379671	124.89382720711	115.467409474796	127.563206955584	121.637282812121	122.454069586146	132.19606698827	131.766122693972	143.23979681172	136.726273529043	131.346977129553	135.88103361455	131.699810542128	130.118482410794	132.489304800301	138.396868833737	142.163920698384	137.237079843438	154.056644445403	199.533212884695	273.651351040164	297.552780161238	2057.7573026955	7572.69199045178	1835.10531039225	449.960766515615	446.907991436696	764.374806441403	1735.74759264803	569.37042666812	250.0803389385	726.840249569629
569.664	33.7988736920221	31.597554998988	35.5659843321522	62.8456627496423	175.033142938598	304.593666927501	172.684122688319	68.0692033145887	56.4974902771609	53.8577358808665	59.709319405845	63.9955696314656	67.4153901961088	78.5793236249286	90.6845489775412	80.6592908696635	73.5030929579383	104.883239936337	93.2485576511418	112.867565656697	102.691172334157	112.542436447212	108.987777025027	122.845904349367	105.892902074454	124.332814529232	125.429875001544	122.485775867518	131.248059565842	132.263054384956	128.718441922523	124.746793155525	118.035779894676	127.247816982553	117.618659036681	115.289112365564	133.818314411067	150.252090490544	146.855914880071	159.377026175362	197.394753317805	262.479165629662	384.669064055856	4897.81760418051	5170.69368353221	476.441113376509	418.221549843421	377.940755055314	1022.22049879266	1351.69402590859	459.561600191565	496.819701544738	174.322357583502
574.351	22.8641645983005	24.086442269995	45.5925870705723	128.029355522176	272.006866234681	236.985001972693	73.6989783244068	52.6828017862504	54.9330886536441	54.1009259958211	42.9801551734407	55.0350709494195	77.6629584693973	64.2268721738578	73.6851565065337	84.1946217334937	92.2138609927913	83.2951374082093	79.1246772864517	96.5756156873395	104.295084216519	103.990949919924	85.8336494625901	102.809134615243	115.543825221578	106.572978198731	117.21132315455	122.637626086166	117.133064250197	111.50841141052	110.479746947666	105.286046731791	100.343737741387	126.51741234478	107.268342129667	113.611297611549	111.35459339729	119.360452250261	138.239607629453	151.859107683681	222.214010491602	247.505479903205	1498.38171836241	6516.80281402725	1822.6631565519	344.625940243654	354.358171221095	524.282576241136	1450.01886924511	895.665364863441	533.949869523984	239.951600230433	-17.5815582327736
579.04	18.8754384802806	51.5976916975531	92.3442507228899	222.727300175449	273.357561961111	101.467115120256	46.9757313457855	41.6950494987338	46.4088538080555	50.4057855103971	50.2273726010898	55.5304787419246	50.6151795839767	49.3469430293585	74.6377398632146	69.7414222203176	80.2732032667012	81.4884332524187	88.9411434024263	85.9590503504826	95.7336306542376	99.7835601174845	97.9027694282305	99.7447970927337	88.2256639841783	106.000514117623	108.889799688622	104.425812792972	110.951491148885	115.496581623343	98.1683047438782	108.305208541858	100.647904731496	127.044020564014	113.963968774829	123.038240959128	117.690371728029	131.383523110556	126.332647420468	171.152266484116	231.535592222785	284.487600829463	3962.46393416461	4549.17149854408	392.970074229796	329.804019284918	378.071890761596	799.409966168707	1419.44777653345	422.522113045085	280.602246055611	391.65106332903	301.576968839887
583.732	26.1729355738401	51.9285844958023	165.447304240378	280.834990356244	162.69089937595	44.8197901978615	41.3434352248791	39.454721891951	46.3282808627231	42.9756887751189	40.1929992846398	43.0121940427987	56.7702273776838	57.7411841552626	63.4704355795768	58.0572946385551	64.2631741364865	62.7143044589894	73.6531777372893	62.2725007273647	78.328363500012	93.52150948337	87.5062094760197	76.6268001104617	87.5230004166854	93.1140093374353	97.1072359122067	94.4644424760206	91.6364969767564	85.901433219309	90.4655030330509	106.915068207002	94.3595822831613	95.5089427894055	91.6276994847969	99.1294872358808	104.847184430031	112.468157873249	141.581742058262	174.827159928095	187.429464739854	1015.83298503932	5591.44731410417	1667.17374590324	277.142730631423	333.722939798311	389.193503899543	1030.4408793526	947.301289125852	264.588626501643	218.39067186868	429.995669802771	-71.4143442931561
588.426	31.399375455872	145.240309588294	267.583125741736	208.249730549916	85.789668203077	39.6750418157603	40.2094041794488	39.1535773158115	45.6162820963935	46.7594026286893	55.270859413157	40.2924218582971	70.9423033199948	61.0454020781832	73.746950993216	64.7431974304842	70.7455712229249	73.7047350252439	60.5717131321933	79.4592094159829	82.4276381941111	89.1464152270706	80.3381235303866	86.1020945854742	93.7106584399163	91.1137576867028	92.099219230329	111.436993015952	105.832621602629	96.306057255732	99.3061273626354	109.560523241747	97.5721977589413	101.884187269638	106.26817764092	116.642791041606	112.939885641535	137.489304510132	160.048495719165	202.063973934965	221.258465377403	3082.26233196563	4154.86963680115	312.438968037527	295.132052504605	357.198068606537	557.290032850673	1334.51384008179	605.929402101101	377.553775069593	374.688038509157	453.818216512336	915.21721665828
593.121	69.9359877088517	209.827590684205	233.501308392979	108.042396537008	45.202150599472	45.018530880521	36.3501975606292	43.7404116272521	40.6870143439094	40.7275815624601	50.0673939402604	53.2038285024643	54.2479176504296	61.0486219012352	72.6453894850373	67.9849490484036	64.6078490045466	63.6772336822806	73.3345348131752	79.8567836409164	71.6956615978893	63.0981912469844	92.224677938626	70.6460056909443	75.9202412695293	76.6194992576519	86.4098691339678	82.845296957748	85.5188510261297	84.348097386419	100.404228584812	89.6513535691633	104.151108432622	91.5009899027683	103.887166274134	99.45447896479	87.8398415659611	126.66246300349	148.69443968029	189.62345198281	686.16979111027	4730.56844029665	1642.27642481731	234.050963406815	284.502266563386	308.873146972165	844.510423069583	1087.63256839042	349.683585245444	346.032802070522	467.850739641113	506.765440402215	793.549927448445
597.819	135.999111854066	222.187485370032	144.961779737392	37.7507580223022	24.7028294916495	47.8789858941177	31.3180524813656	28.3739316360538	28.6340271379396	35.7959838639519	34.3320266889397	38.6574922334254	40.5422942102417	49.8641348694599	42.0164535925074	58.4157392434625	69.35276882386	51.6422491928262	65.899040205215	61.391877198593	82.2201365557575	68.7407635419155	66.5234584649687	70.3933472255677	66.7113184997641	80.5299205822359	78.5797584244851	75.3206165587313	77.7102202888669	75.0905952779082	65.9298330154048	62.3487502237955	73.5307468613862	84.5399859797105	83.3521445775515	110.715181011022	103.281742263614	94.6062914419885	167.529167953936	184.222642516487	2306.37657384664	3918.76748225242	310.84592040784	222.49377944985	232.937418120842	336.408115542616	1066.16871038654	695.463432935288	247.117682535989	319.316127331012	336.747845910365	80.116428417369	-562.47499282948
602.519	189.385246533634	172.669924279086	55.0924136260091	32.4711825350011	26.8771278383026	28.6920198817901	23.7218996813781	36.6447736411006	26.5345638868461	36.7576228167215	31.5706926634065	40.1596895142434	36.4601273285998	46.5782590115968	41.749791152884	47.9277496737856	42.6278150555091	67.5300616534491	57.7532557706557	42.7768838389057	43.3160230766214	58.3226767271478	47.9905083230064	63.0629550272627	60.7387721731278	72.0036011585847	75.7667169889512	68.1339202808982	64.3343871006776	75.372296449011	72.848163259488	67.1086397592332	67.9321937244808	79.8388277339816	74.8181358368679	80.3960128162496	79.9018679043167	115.196920200543	161.860193270134	495.409317370914	3959.81998043441	1697.62471784872	177.642000354535	207.242221340905	220.188661187677	538.597307322413	988.796244777133	358.579648614434	228.302404087169	329.081405909913	223.689382626432	337.661814491377	768.043889941137
607.221	207.673562125414	91.7810271891248	39.0534960375216	32.1023533775728	15.1299449436159	34.4779916356215	26.7054616261286	24.8807225562558	37.9136278845896	32.0525557690643	32.8750206359568	34.1716711257361	41.2292818793457	48.8538705096759	46.941082046912	48.0618104307011	55.3470451125752	54.8440421253595	60.4598135916117	66.6713810363353	73.7317755486186	66.3389623472863	70.8552026495708	75.3902553314494	66.5307878288703	78.7079407873525	69.8437254785326	60.5869093046046	74.0094286981398	69.2233722982844	72.2754482696635	71.7156439942139	66.3643413385866	86.2909296156284	82.1156515840124	87.4155633849347	98.0050690157843	145.688507182355	153.372601186932	1841.92287289504	3675.24898106862	362.006578592964	156.911258834342	223.625281882311	219.853619806124	737.351100823813	708.966032777217	342.701267908948	289.698914531633	322.285371400975	385.260778853946	436.996900081581	664.265160795549
611.924	112.763412837689	16.0982532182996	19.8920229943578	10.3581171213983	2.01749982074059	17.5375364459521	26.1632447174074	24.0731858942688	24.4663556909224	24.9638963675729	25.2148498423259	22.5929780794484	20.4925677154724	32.1538588846157	45.265649173992	37.0709186409795	35.7625435990343	33.5582649250053	48.1708154422289	36.185142177063	34.917918056983	42.4904884886698	53.2027854082052	55.8640850154783	47.9787155571323	51.4749064898225	51.7745119044545	52.6118489201632	58.8900576863095	49.5175288485655	52.1658394147435	54.6921046555655	57.8797963921535	53.365174217292	70.8702737261571	57.1896914561488	82.5180440692542	136.384122236934	332.71101142731	3384.88543523837	1847.11669764676	139.207839399055	122.5725980241	175.158387328058	309.502707905219	859.256079765837	408.368802400128	191.60673773262	195.576083720052	155.296332043463	259.308961540202	74.7791167693943	353.953786117609
616.63	39.1945497340057	42.480873343823	42.3826096399345	26.6907622078841	31.4741479205744	33.8539974716685	32.1094002201696	24.8707199359183	24.9386175067801	39.0319139785119	34.8618050684481	37.971839274682	43.0608707004149	51.4515239125378	47.3061894673991	56.6834065241388	46.8158745964813	62.4355702333539	68.4140478107111	51.9321170536239	59.3626310364821	64.4462637419533	68.6988109438717	79.7876929573423	67.2498676110046	68.9645975054957	61.9869801648238	76.913306008425	62.107711465969	77.3226026758273	52.7473883343625	76.3542126653538	59.479257647359	81.5902617321985	69.6322183014122	91.7382863953197	133.274210438976	150.331987565575	1395.61445340431	3367.32913435907	422.712381916189	140.759739445394	160.769990314479	197.313850237891	524.74958988542	727.994390028153	291.338938553028	303.855590640462	258.330408173755	331.502685531165	325.763336233532	204.154452811066	678.125730369222
621.338	32.7686860366266	22.8074995158142	23.8914650584844	28.2621460854487	18.7976413741889	33.0363761794021	26.4588875798033	27.3768278414073	16.28697913146	24.7335147245011	34.8730451840551	30.8024227318912	20.5572432721981	38.1755272376249	30.6496557042121	39.6210397358287	30.5876528228794	43.7741164485553	46.4667511524749	56.7010750640823	51.6165295565999	66.0526342985547	53.8515131102858	56.2183008446657	50.2429122243434	50.4898668650738	62.1494884945053	66.8580557037425	61.626900237306	46.9490849379906	60.7555655780625	54.4688663222684	56.0990027930027	56.0213893043802	63.7056244054096	89.2200250360418	120.240744116278	249.690354793697	2767.48796571513	1757.61996532698	146.416514672042	115.297552003272	124.911180396327	207.68471601581	610.903413941587	419.122710584731	219.640072127635	185.429073628418	206.489764035565	243.669012923566	92.0893372452218	411.511533852335	493.598953429248
626.047	15.8622407533939	31.9146609930345	20.1011943092149	14.0951994919993	12.4546922803973	12.8496339382812	17.6720530113356	17.23034458126	23.1430555627702	19.0259718208627	27.7963554245035	13.5076084611117	27.3440439791812	30.5131981037022	28.7566676875198	38.4519322666801	37.7812623588239	34.8729846545977	34.8071749805643	49.6406279478143	46.5861910184527	43.7179682768517	48.4520545044646	55.6817212842022	54.811884977792	38.3974001368007	58.1723566258666	50.218581792382	51.4700238061655	48.3683622019386	57.8260782974962	60.1088008829533	45.3111885276824	53.5837500944489	78.0768625157366	90.078815432992	121.013954220541	1063.85197478298	3039.56527565078	433.489011572184	119.150602982184	119.089549589149	140.985394259259	302.876588935791	611.958780636518	253.700529800007	227.589862644091	154.593318926371	186.723181267914	182.608669355608	113.187865066713	523.187658288662	-230.0077416955
630.758	10.535613850125	6.12477189662895	0.738796252017943	-0.694948915480826	2.99722417661148	12.4348607749596	17.8616889155153	12.3357954141472	10.4645736388291	16.1052392399095	17.6594839509759	22.2250918032595	7.99155713727286	7.46667889803962	39.1749032183078	29.1484152367873	34.8661054234446	31.4083968743578	45.8878500912011	41.2715964978654	31.5237447801336	26.9616195021191	42.2430104443805	40.6662842795652	44.7329695841102	40.8168209822967	37.9865639590075	39.8808686273653	51.0345742419369	52.4724708141991	53.6029595427079	44.2727294917314	55.6111473499508	44.7979771821315	65.356661654433	96.5522168658992	179.391718186973	2320.81424431505	1723.45121341524	105.340213519965	75.9553388506511	91.6310996589953	125.061786356369	439.104825453711	464.097402512353	201.61499012092	152.175076348768	236.528611845483	152.080881562463	184.568213054469	73.5444421031211	256.624451127159	-639.308771943326
635.471	20.7715084942692	0.822909679726163	-1.11670756407891	1.05043130422787	11.7789709142574	14.4795569115115	19.8825091318229	13.1617687813419	8.47732306857572	10.6578246241523	15.0989106492391	17.9166605578612	22.8166875437892	29.7690205997021	23.876519834959	28.4248396757657	21.4149778312353	36.5729603468828	43.9283439770102	45.2582327101199	41.4163146487989	33.206237239299	45.5811525773809	49.7598306045549	31.5536268204674	28.6564103149768	34.2841124750625	37.198101620035	33.5102514665788	43.3513957917649	35.1421195184579	28.9820600902163	51.753068135979	36.7200800283299	75.6674812745585	106.542407038803	732.078608220295	2689.29382681616	459.17052818372	90.1800556817646	89.127453691452	65.0169616846765	189.639650211644	529.717405173456	255.535438925057	136.100023487751	143.834379314984	125.673151684276	173.559303172617	118.824435018457	181.156342772079	-156.724756782879	-175.696353595118
640.186	16.6482821538043	-2.06112144836486	13.4255506396195	13.6811439110446	12.1035881307615	5.57947488946356	14.0486240645417	13.5526706200585	16.1577499686125	12.3764893458863	28.0932724166079	12.1804697770236	23.867857388448	14.0929857556231	33.489638874938	25.3137743531595	18.1026776497275	36.9936750987312	46.3268348463962	26.5521303922497	44.313730788956	31.000039678094	46.0438007771557	32.6243144657423	43.7713398643305	39.5184703681079	41.0177846894973	38.9313997472259	31.9108923752553	42.4453644850446	35.5338362789533	35.8875106336075	49.5380732996691	61.4270858021814	78.9676925472941	144.91661363303	1791.87022752754	1675.78315896617	77.7699810135002	81.4079421468058	56.5024993062292	91.4129203397217	263.442561635592	434.914868182874	141.956097267857	137.342616588342	115.520875237739	163.535898205411	144.286616703314	80.2270869568489	-61.8733356870816	337.588362929584	391.166485045439
644.903	36.4834412658171	36.2733024728938	38.0965147753408	37.6095325759427	29.380531291986	34.1415291348246	20.5714540087708	24.4512666261336	18.8565855840648	26.9994083762659	30.05356131259	51.2238002510886	45.5610946956725	38.7841864132262	44.8404778514814	50.8859993722991	46.4519437917108	54.1646614890688	56.6178862889939	73.9559828214061	68.4524785716175	64.6203592879058	43.516148810322	56.3545832342274	61.1368150754479	57.7344769176015	43.1729103111132	50.8189129159906	47.7408697739784	52.5813715702572	53.0854791343842	51.4765596442938	73.1520049269103	90.8038844282714	114.657830145697	559.299600585909	2412.62698630506	544.348264144109	105.766942512525	93.2848271839999	97.4579494952203	154.464819757634	391.083875213955	330.974084615127	177.605326997098	174.889135897893	202.363547686432	251.766168392397	183.354591309	217.255954454496	408.858106680923	667.010337030441	1186.90827774502
649.621	-6.16664527790736	2.95985411753337	-18.7440905860099	-0.719658547643246	-5.8972078446618	0.572310897557877	7.09760157407596	7.51435733070871	3.61221748288025	7.96555357007736	5.26455030993862	15.1243584523257	-0.344821052952182	-0.336181062582685	14.7221882727962	14.6055568477346	13.4107279796026	22.4062179734522	11.0878694202433	37.2919171161194	21.4875876690742	31.0225199463923	42.5836328525009	21.808112039699	28.1504327234375	23.5592719427997	28.7332706612682	20.4787807086724	31.7094969950122	25.6503229481484	31.7671235805309	28.4451522677915	29.8104967277183	55.3920189821064	77.4005555676923	1440.47164247315	1595.13050664575	56.7850980710522	44.1675684138151	44.889245956724	44.502742497933	164.511938865216	375.45008886616	157.788460604179	58.9175495907521	60.8107633936235	86.7332805601685	99.4599297134374	58.8209222230018	10.6183737785154	-198.860632852228	-322.120000781052	-882.720081171233
654.341	14.4517219095629	16.3173109340651	19.0351849401426	13.5204436554425	4.09759387674331	10.1709797679955	13.9788156252112	12.9727930745969	17.046875383111	17.6952519486901	11.5367707378656	7.01182633177297	36.7684903585209	41.9924373734404	42.8590252984722	33.9496699516995	31.4284513916096	39.6363220799113	39.0080761562209	64.6786606113637	54.5532208299875	63.4023985362511	40.4930019625276	32.074661991385	44.8716867516802	43.9800472624592	32.6532458040656	37.0876528341858	42.5896667615786	32.218092565791	33.9583838772266	43.1604321379476	72.9314969371482	82.9720731461311	379.120353520808	2057.78521728314	568.415591405651	66.7722769833344	71.3994291083762	58.821126011743	90.3877336597986	266.280526640244	318.682460747335	96.1433423053145	105.1343111859	156.44638024277	83.1179748975501	123.617490766196	175.34938781345	229.144622345925	279.291064992222	-73.6025626808272	224.107164847107
659.063	21.8599432984079	16.8875938595416	2.35044691514852	23.9519431005841	6.67487336390512	-0.293044059661598	18.7217958228389	10.0038252758621	21.977447179631	14.2752891471365	20.1463757807377	34.6806522707807	13.7717548421951	30.640380522214	34.1736154147564	24.928593243882	19.3678466686668	42.5603910578868	35.2809463869638	39.9060327381071	55.0121441837755	49.2424523050838	63.827348279566	47.7466233466128	47.0737283095556	41.8664234887548	39.5835848894344	54.1770614839185	50.9788650445084	42.8579932990898	39.7231041311333	46.9505632415857	61.4031582049278	85.797272266731	1126.65220308491	1510.57654023291	94.7093287938481	60.3382524719772	56.3077466250096	80.5708357215977	113.405208075492	340.969392729262	174.709437091387	88.8727934179852	112.91427073886	124.549317876207	131.355307640739	124.657410180415	122.416959105415	163.109843216593	225.312457857984	395.849262195943	677.977329896309
663.787	-3.94134585231332	7.90485149305824	9.53517086741503	5.23206910858315	19.663988537734	14.2656709030729	9.60539161535042	12.4870764224373	15.8893601550519	22.2337838553497	16.403309480635	12.2933592879282	29.7249278959185	20.6003311140086	22.4260472513839	17.5290303526291	35.7138516411509	29.6519256255067	26.7332876702613	49.6110591302155	46.7799506882298	60.0098163447655	46.6398297672854	41.3947138849222	44.4107567626008	36.7030426213829	33.7503535654469	37.5757496897295	32.5794070222889	27.6920610375663	32.6460833109549	58.7387885935903	71.7737523256814	267.875151005305	1768.91722065078	612.407991563803	70.9956738460357	44.787111786882	57.5746716590188	45.6194135251392	153.172968074579	274.079530790301	95.7074088543426	105.031753185439	93.5361214233251	107.368854701447	104.037574989282	127.967705037778	104.446754317022	52.3842297268231	224.114563575386	292.735025322522	1104.32052332305
668.512	9.9291065629148	-6.63801281589502	-2.80246950449752	6.02547149211298	-1.62419211949818	7.78663699594014	5.85255610299287	3.93220733169322	10.4519515485665	0	5.7997895623395	9.29089293047412	1.44353834971313	7.74052624315812	14.3808218079786	19.3622142902884	27.711053233445	16.641945851462	28.5965553869812	39.4676959752765	41.5173965353063	43.0197133011028	37.2745502480016	11.0185048838782	22.0031346521117	38.0729749085303	15.7519025112652	32.1491811353019	39.609918075488	19.4274811239466	33.9469360711567	55.6879232922113	59.9166889926745	904.008103194925	1411.01620380371	83.9531747807269	37.8748647727579	43.7908500802088	42.9233261276177	38.3925991917981	254.001176288243	200.382015457489	65.8159014680322	57.0480378605172	66.0666765547327	86.9796425223442	75.4317176652607	99.4323904265816	37.7309984195897	5.55651606450815	-252.406407718743	134.850401492612	-272.953233446627
673.238	6.49278644006917	24.0407591368696	8.86080392068567	11.7446569828734	8.16986712653216	11.7502952124331	9.51106430460372	9.29633704244445	4.92186617022973	13.628607338286	8.46034022701234	9.69302454314995	9.43950612610383	21.9455811487358	29.279316230488	8.88507513351139	27.8779363765726	28.9182901156311	41.6938713819289	30.4407918450108	55.2548227294485	45.3202414809363	37.4990272482676	28.503928736822	30.3896118927104	36.1135596444779	29.8927604008713	47.4360946908539	28.0016200247268	42.2871442813671	51.4030979816719	50.0333788444655	176.552507666721	1481.00384378429	634.137899912425	61.2426098136088	34.2926613203822	27.8712585249817	43.6563470311637	108.248307846655	260.979255892652	128.283761376942	59.0010254385593	95.9043774042291	87.7332023044012	102.443070986917	131.192723314227	78.1493734741362	99.8900638658447	122.979534569466	4.45485025456475	59.3523461795102	147.85993844825
677.967	20.6274513529656	9.41776091562387	-2.02859055240126	20.9901374099396	9.87575229001845	7.89098953884399	10.2651734057739	8.76679049727079	9.69057448978215	4.48818764153207	20.8651796271763	23.0154338216522	19.7489328580508	13.5491778028685	19.0844058127277	29.9489056788627	19.3294597490516	32.5800609618731	31.0797767737994	15.9986487735623	36.8145675947248	39.0721033088496	39.0058484189534	45.0634688560582	31.746318546735	27.5594353755878	20.6793428334957	38.3720330787418	30.015155422053	38.6597552673633	59.5826299355411	57.8539533932105	695.940740697484	1298.36131920654	116.837739072317	59.6757550958085	53.3089505818307	51.1702198014478	45.8885935979889	156.140404757041	217.888811852906	75.6292199761365	89.8110776361298	64.6587915994456	66.0593742562182	74.1710446073418	66.0775147684981	39.3613018270666	84.5231211458339	222.423775672653	98.725590461489	128.116498019531	234.05564232162
682.696	25.9444832902682	12.2434909685558	24.6143731060503	17.7510300265265	19.3059004198461	10.4339841216648	13.6087715229517	7.4542303741587	15.2675378784768	16.2841484915252	18.4233500292584	17.6302458694649	17.3804439791226	23.7950387107425	18.2445195758272	31.6749714819431	39.0897458039153	17.8280536911771	33.5495266596182	35.0500418553242	44.3152855993944	51.9835977051267	22.4188338327891	30.6459368966064	35.9215503302484	29.7243368362364	26.0455397010495	6.95465643895639	22.3051667309129	36.5569414778749	60.6052471199193	134.223999044877	1251.90406096299	607.406935219392	46.3293384349542	39.5476859388994	38.3789652766337	42.1249890631534	90.8666461168932	220.515029818571	166.486419521497	54.1927942607589	75.4540537978531	78.4552417012486	92.9721973259893	105.431448651112	144.108415904522	90.7438989663254	77.3255409073062	148.03710919897	258.639617593429	483.631925447463	839.081549762292
687.428	-11.7821467991695	3.65302994201412	2.06551939445093	-3.108690298106	-8.71479468848765	-2.4721964889667	3.25174656908701	6.49191475790153	0.917858932214334	-2.95698858483166	-1.49612769449671	4.26080201565226	4.09616495192796	1.08914443983215	18.3719043490315	1.40202763965645	16.7105690250028	11.7081721724855	14.9674940490249	33.0322793166394	33.4685239935335	28.0577516389113	20.0669902399277	37.3567324444742	6.54180935714881	16.4625310635472	12.9289959844578	21.009643308915	25.4065955188247	32.8029372392501	33.5836746735648	537.392107931634	1208.69731569478	114.403580622591	26.0478210272968	30.3810518546955	33.0018731902842	45.6466502108	69.5992293179414	180.875529263102	81.5891029767049	20.0094300696741	35.6370500804626	91.3956538395849	39.0846358528165	53.6310455218747	58.0458372035433	88.1712531296627	159.829049456083	-86.0023365986381	-27.4153117052504	-191.324840263934	-801.609826939265
692.16	-4.12038286613019	-4.591073409351	6.23019333685547	-1.17208664523069	-0.674007609655404	9.01035678757436	12.1434752145304	5.71125897835905	5.99846718515698	14.3246435691736	7.22039391612966	16.7787250932831	-4.11839909108291	11.6806011442848	17.0507333027128	20.792159010398	16.0545513123944	32.9608288137886	40.4166111012713	9.55401610257415	26.9201539317851	29.0521412321801	23.5385670638876	21.6375416204196	19.3450545504539	17.304248958683	13.3705800683077	22.2354573177775	21.8424015311908	18.689229270464	94.0364058870077	1015.21426032004	607.261271132018	37.2138306971919	25.7983258653187	26.0053454819009	37.1103385805227	50.0666421428674	134.081835968032	142.550989499155	46.6346140661791	30.4818818441552	50.0274756874851	50.6183384755369	39.296788742793	27.5113045289803	61.013680952707	70.9198800361651	127.733200925189	149.879878291447	-27.5641230599162	-271.057460090418	-392.089132979406
696.895	-5.1854554694285	-6.00892679013662	-3.76350153823867	7.0802776956856	0.678584793593522	-4.69217901582959	2.82137112078003	7.80363131025404	13.9366217546177	9.79602261737565	1.51446408178839	9.70429942652535	10.1774465885887	5.87996203825887	5.00690306333519	11.3536859707609	12.780503320552	15.4071662258515	15.1509341181303	0.916085466788169	6.32402601312471	-2.54342906507204	16.9274410086322	26.3057897174163	-0.779057070639704	8.33214707634127	10.843889156904	-10.8201214880082	38.3906020683746	21.3987562967973	414.888543649108	1079.90856173791	131.090462764103	3.40604997503987	24.3993693672996	18.7013912256931	18.4613988394239	35.4713424825595	161.104051153412	68.0660214126248	26.0212077356501	47.2608817066702	35.3931761024538	72.9149867043293	23.0021239149727	43.2090886142024	101.489779943478	58.4194064387773	-16.5936305500773	-34.8225489595866	27.7513109484961	8.8031680839522	43.8613121410904
701.63	24.577019194321	17.712570782406	8.012123427923	4.36329838386478	20.871247315346	13.8797112745218	10.9063955355718	13.2537129869761	18.5045187937094	13.9946453186429	17.7158261016022	9.06118243418524	25.8480879107626	32.6123168684744	15.1472878877392	31.1279552856144	29.9461208857491	31.4723878077234	8.73063440813492	42.495042378197	25.5092729427421	23.0837616287062	21.3376095393585	34.4028089909325	14.5340096291518	8.40236162566162	27.9037924644456	28.5951364386174	46.2314219641833	78.875266885856	851.145790934661	605.7427510882	33.982370340137	25.9514638815184	32.1452177964669	13.8299236755891	33.2445929309281	84.2483697618436	166.933088218354	39.3746600376039	45.0651842559566	21.0442984903784	71.3828649371674	55.3447377703822	49.1754385063862	39.1041621466381	61.9456753190471	109.641226131509	110.859200128833	193.137981750351	111.940678933784	-124.282926622871	243.270109654631
706.367	17.9920351323647	4.71702333668231	-4.69414756504747	4.81696506695445	14.1962110987148	20.4304415198137	6.47824247285189	6.49664751497073	13.7482911534917	7.49765593491006	8.9639914914244	11.7372097777271	5.77006613713046	27.377378738685	16.0586224792024	25.3454148470557	17.2621950132101	19.3514656251174	22.5297309711751	35.9924315342023	52.0904992476202	37.2032855053376	41.4588274440589	18.8754949426595	17.4906689029764	34.011938337322	22.5140459324403	37.6950043779778	44.8832369101137	321.538420625027	1000.85397480174	179.195183764157	36.6567563747671	27.8070851758807	38.5542810988375	44.955386043712	55.1740533231449	140.984123494305	141.279611830556	38.769269365237	32.9047759610441	40.7135446855679	65.2917804033264	89.6120349113526	104.223432746869	98.3658198474179	119.923930778586	91.0818395116312	112.186800773699	133.261988601597	108.561179602416	431.215830399296	246.183404663786
711.106	7.48674521507987	27.1710564740906	25.0124187536451	9.7356989724391	13.9962672969599	14.1943039030301	2.90963374976647	6.98884155730595	5.98858723871022	10.6637261580249	4.3731574919837	9.266559991613	11.662037440866	11.3698282201264	15.121786889138	12.0747722641878	18.219858816265	23.2226151884267	24.5534296723955	23.6185978176145	18.1680504833753	15.3008138943368	0.436424805063222	10.5971599085058	14.0600035770068	23.4349270461074	31.6212499544813	35.0149604723392	65.3453560564487	716.835568887254	605.800415648283	41.499362505064	10.6931085328101	20.6853314866066	28.8153148838753	24.0009005701524	38.5311835365799	149.212029008809	82.309854170523	44.6203134756053	42.5863664888332	47.4734142345142	12.63475448932	38.8108539629364	55.9832427349419	66.2699436886388	100.533241932785	11.7146896685327	36.36457027529	98.7577894799122	4.76991194938839	-136.178442318071	316.634161391829
715.845	8.65530217119294	8.19743203441072	7.85230999168024	12.7208116681398	7.43307928246782	10.1162685655571	5.15078720301758	9.64053204206251	16.4774695711481	14.1936020764898	12.9553208400804	4.12447287661654	3.93233410947641	26.0698657655722	16.4160689215886	5.18191491847297	22.7442896101764	25.1398880163825	30.7082891148066	25.8032909987103	28.2743223560509	23.880173731944	42.3816531966773	26.5851063725549	14.6290835859805	13.0383768430032	24.9656218754947	31.1386276878971	250.019575808417	898.331717391762	193.33873971018	45.7959655459074	30.5189978443448	35.5325485846417	28.327702027547	34.2502570938706	100.423365542171	122.698687381667	33.407763927011	28.6232762490026	56.0619972982849	77.4768236550343	59.6445576625873	41.7137631778628	29.7553433895503	113.269221976334	79.4070234534067	69.4086885624478	106.028557323782	-21.1910606438172	386.009135427084	578.568635100623	457.569388605693
720.586	17.3540609612659	26.1042699322688	1.31200374432445	8.63895700220799	0	4.58010654459103	8.85208759258856	1.93294673539897	4.12970867118923	11.6679716822846	0.633553362716948	-8.26965394369657	32.7203086270794	0.384342818730371	4.48834906219938	16.3269028087169	20.8357501685963	39.2505726868029	24.8999391734387	27.3051825683289	26.4556155190773	3.99002043788706	5.31100603614885	15.9051337498439	31.3685348538772	26.9344052760376	21.1176244840223	55.4098168736623	573.409128390865	574.538939257484	31.3482762294855	29.0769235642012	14.3295908395289	26.5184136314444	19.7556980994307	26.9474281490081	105.272522180332	74.194523924834	26.2780488816568	40.8353805099572	23.6643097212914	42.366175538767	66.2008206595678	58.2178861438321	48.1129698987444	85.7445351219321	78.2097642683243	54.3086302016915	28.2006431545544	124.430658554648	159.628496978841	-92.0668375238779	298.166747354913
725.329	20.859829981467	10.2757401620851	-5.75483928250941	19.5711300583123	11.1346374357369	2.9803418555652	12.1959408481121	9.78286180026806	14.5076988929649	8.64189115018539	2.88583662929964	6.84877955949886	-1.59615593735458	-37.3478865845425	-32.9382604212343	-32.3017171272351	-34.2221862370729	-32.6206809413736	-38.0355513871837	-44.125297723563	-41.6030454546504	-30.0665391482883	-44.7993359228197	-30.0234585690103	-18.9686912755513	-10.8252583400012	-7.91693950020385	120.073724351317	737.85251784658	136.309531407485	-42.5665571428786	-36.7903987725281	-28.617451361436	-20.833014144294	-5.41589858107358	2.63968990096544	56.7695437476602	1.48226395114661	-27.1207884484357	-46.3616631068124	-26.9477426131605	-41.5844849786584	-25.9393418569508	-68.8893684686761	-67.2074286213952	-62.1622359310698	-107.439151425247	-106.509068750774	-204.208886268183	-144.383454422692	-509.220467476511	-969.198184973105	-1996.59663127486
730.072	2.20944578340358	5.90841858059491	-0.890873484018898	21.7880106407166	7.95121061061518	15.6609326002683	10.5187639593156	5.46876930305083	4.94849011691933	6.37685303234193	1.61322679336031	2.68000073272283	13.6518162272897	5.08902214303305	-0.380958437031116	11.7161532085464	2.40246317499881	11.3620938957719	24.4390141957377	2.43956531852097	-1.44352169508509	-5.41858729318995	27.0469947487013	18.3889575065274	2.90451595557175	23.8025072911384	35.4497785965073	466.59350030104	541.152915877597	34.5843533691358	25.3096061233414	18.7045953513334	9.86152981058894	22.5752715020644	12.9952624422566	84.5534276284871	94.580832554486	23.8639164187136	38.8353190248821	38.2195894048945	41.5771922419988	22.2293344571344	29.0009772978184	43.4283815426919	75.4666555609734	62.5493523569086	89.6160332975625	10.3715183094066	-57.4461894503375	68.0046235906828	29.5610565554784	-46.8862444156347	-70.0824583317854
734.817	13.3505546639379	19.3383459891522	-3.1401383797508	21.9423070755519	13.1032125833478	4.02685246668213	2.26998317682141	3.96539824094934	6.47859407383089	16.3469398256839	6.49860480906313	15.0371727721693	8.08734968801929	23.6541283223775	-5.37118785403611	20.5533121492304	15.323352619067	23.3089123708771	21.8258105848229	16.2151546891944	24.7136531206742	24.5563207759321	21.3368514757652	24.2513108397991	24.2364177720617	27.6276736825267	135.181770824749	682.83272164804	206.718526198884	32.0587597286421	33.7236979662818	30.2177772122274	30.1913536520958	39.7865004114452	46.4387750811259	111.00995010494	65.0722104231916	32.5445708008462	30.1255318559683	56.603308179615	27.9144199855897	38.8476063826488	78.8571555064679	47.1002310909073	69.0918988591609	96.2712645590087	100.278520346379	142.747874459244	-13.3506938926387	205.458638421383	173.660663571605	443.851825748969	1529.2065138395
739.563	-6.18999021925537	13.041792227039	-8.62210997459401	-0.85372529758042	5.52300905525364	-9.84445505084271	-0.255146337813184	5.12567836141706	-2.01653896631374	7.38240140745084	-1.97219835552849	7.41078806812886	2.04529256970299	25.5237735070177	7.76214072038479	6.54555067720507	4.89508970721654	-9.43172675728609	17.3813481257978	15.9061965470073	8.33345130322279	-5.06024370439758	15.1549890214374	4.01443331547882	10.5679233612963	30.8251982567222	374.946592918136	500.857529890588	7.68513795539231	11.2106021189592	11.9005546907052	21.0405394040987	13.6633476972266	13.5529181291092	36.7278690992078	89.2970189068208	21.9423690260139	12.66235282184	16.5741311532622	21.1861844185593	23.3272521255136	17.9839558285416	2.95451740836448	12.7624919160878	29.9543260908518	0	43.4750751963923	-31.6984125206889	4.50185801650935	31.491234084449	-35.1350569523535	248.383481827033	571.180318610337
744.31	40.380836152792	3.54880102759274	27.9775366387135	12.5113978370828	2.97710508381468	24.7027816728162	3.09449842757364	6.53192506101532	11.7190968735901	7.75980264652179	1.32885934365565	4.73055090049567	-1.24029893885996	18.5413956353581	16.8670702168965	4.28064915820167	5.35972420091678	25.1313723268864	19.4663833566589	28.6359043463542	31.2130502231215	10.2287157509998	19.9585884459234	22.0900907426748	21.3618731538779	139.158296364055	611.497611400759	217.708718362675	24.9371939530011	29.9448614909258	24.0556380920278	12.8395753179375	26.4004446106369	34.0370888615201	75.9678140002161	74.2983306265766	42.9077133726379	32.7622754177567	35.1238501059728	34.7233770168948	39.7081489072278	32.3133795295406	33.5937709540917	56.7554847873079	64.5859353806344	61.9741708182087	35.1519976044457	19.5784079785038	138.775024990158	133.677603673118	-50.7297010430671	724.152955086739	793.771704637542
749.058	-20.109485250695	23.5590293229671	-11.5833878352683	2.61502013581455	9.77447581007324	3.81260663721975	-3.38663446234728	3.1855702157414	-3.34576640238935	24.4218352867511	-8.72586162992186	8.36306975824814	-11.6944311025088	11.8086034335562	13.4730544572172	8.25566753186299	-2.91550023665831	16.1959298010714	-0.479642177466565	-8.62781689375914	1.00101735762305	-8.45447968927688	9.37793706432436	23.2267019381529	17.2641527428756	331.518171501382	467.349919244634	38.4470558213565	19.8232535693631	20.4397953904474	6.48039628604561	17.0241690094077	17.2330887840156	30.1916607832961	65.4069912239486	31.3123970300944	11.6888707579077	11.3771298437469	28.9321413951877	31.5704241047192	23.8176667968517	46.2451303276493	21.1164167813279	22.5867217058775	43.8371575401019	3.6827967760856	-28.1130729829957	30.5667708520581	-11.4912542663654	-135.043785222514	87.1218673023524	78.0324030935314	777.58451424869
753.808	7.02745917006385	14.616445371186	17.0013052549073	1.33269023951515	21.4581526538573	8.83188689091155	-8.49687295627887	7.65345021887511	6.03342995002522	3.38041592865336	11.6304914489331	8.52412666851607	11.4939421712772	3.7353149402392	3.63507882633365	19.6341975161075	-1.69808414768844	6.24620699974224	21.9995630493813	19.1398221370974	33.6697369523239	14.8409003578447	24.8521998398691	29.2443582521608	97.6612836287252	546.632282485049	230.151468330167	36.6592493274694	5.89312848553096	20.0000901131181	40.4568283486412	26.441176860113	25.5110213052795	68.3846557382339	71.9999346964131	40.3636125696772	37.2311759589126	25.3008694955748	26.7073084367446	39.9250652247665	31.3037145044022	30.4995861793415	39.2027511097495	56.6687981733493	97.6755711784068	22.5223228703516	25.6382168099855	93.4662871848489	103.070476039035	209.743959129776	287.293049134794	417.559588056794	916.396715716377
758.558	-8.94403773004014	1.0630140645659	3.36591452301552	21.7107325922058	-9.36355625107835	1.43879446917048	5.13674522652859	7.79260280178686	-1.06837005961503	7.82244902135275	8.35902587499343	7.43923681031506	19.07142738515	3.80322924124834	11.5147531843354	6.93571558401589	17.7218212456263	6.81404307507482	21.4040164179309	15.800932101723	-15.0632631930358	11.6986318910919	9.24571225224664	25.5223455567664	302.789930497055	465.115651081697	42.1374841301492	3.8612871794932	15.0006886548967	19.9394810737178	12.1895881860217	12.6196508798802	32.7879311300264	76.5908040336933	58.3756967078839	29.6284236416565	22.2394194216386	41.8614329394877	30.592003694488	39.4375081947649	7.80560047956487	52.9331589135165	0.782657313455773	39.6681533385022	13.7539276922199	43.3156534607383	81.3841894826669	-29.8558937445947	135.950791269513	43.3788583881941	164.872947312555	141.717174291736	75.6533795327753
763.31	-4.25744905664836	-7.04792743168497	2.94283118621451	9.22725011899158	3.97959281958844	6.60420171954668	2.75767753704779	2.4086719598132	4.08659907999787	1.59581224682937	9.94744429198374	-1.26469613038907	4.4211940680806	-6.89666344658007	6.29211885445972	2.49690869098117	8.8178670608687	12.5108390274586	13.201072745943	23.6386780145718	-18.0139536094816	0.497202026926856	20.8470745275577	79.5462709769572	496.173555560074	197.678195729294	24.5606360587212	0.875242999381302	4.37171869997214	6.92380826407384	-2.14373005378293	-0.858153815591172	37.7877991314564	54.1542877182449	34.6188539404537	27.2969384039647	5.67116797094968	22.4446274390141	44.4952800840899	40.8459594817818	15.2602611257219	46.7938697693728	18.3615162060514	27.5879619322764	55.0379966024317	62.3758170423835	54.8202830858293	28.5502824632552	-2.43285340356252	173.585721403589	179.023772283424	-82.6025571507549	-102.8907010604
768.062	14.1196339006498	-2.73610182680094	-16.3369966327533	14.4360431475912	5.22187138804986	-17.4056346397933	5.8453020331285	6.56425738336402	5.49977534494021	1.61074196632541	1.7929478960834	12.3397713696203	6.24757954905138	5.22088920380527	0.846798021185112	-14.2815224837855	3.11512710522419	9.35398885218005	15.8869946915077	20.606217784344	3.20867369275769	2.50926815514899	33.0661738216958	279.800126216006	439.481774827239	52.9084385962397	15.4940091237348	28.7115201432393	38.3897816703358	10.4828765663623	17.7430439862122	21.2214669949377	57.4311908293831	64.5178207672376	35.8745389617122	27.060310934529	21.8561315556684	-3.8678601635994	29.1633496168733	29.984070083365	16.7424233000288	26.8857099940538	24.1738676070663	22.2768502437526	60.9992714858059	18.3631518671072	25.2951577652607	73.0040455074163	-2.45561411301461	68.7096914833223	306.640116671363	-104.219188059925	597.156482671112
772.815	-26.3807627068715	-19.6873854448905	-8.90541322856643	1.39614660293614	-11.6413704198723	-8.51222574719881	-9.73596486127097	-8.01787107536018	-6.32071315525316	-7.40469368127038	-13.2593636073012	-13.1823883210654	-7.58151453510145	-16.5222853729425	-3.80816397112446	-15.9515349268507	-13.7867759258672	-16.3590540872775	-19.4619765453374	11.9223168991661	-24.0497246611294	7.52300969319295	54.0738206151261	440.586870144355	199.092549264756	-0.448091008539502	1.76961603930071	0.882868694769483	1.76392320088116	4.80159147672696	8.21714905719374	13.4172745901183	52.137088937928	28.6563229686826	3.72485080243135	-5.90030729350435	24.9625262571514	-13.252788213722	-3.4973729117554	-0.624270249584701	-16.0624889790533	-2.90471193139086	-23.3531879216376	29.6835482531108	6.53147341164812	-7.86490954745098	-22.1191654473523	3.83987085208748	-24.5405003009113	41.199556451123	-207.944688976298	-218.720893686819	-311.361458520635
777.57	-15.0242922100085	-15.6245480061843	-20.193214133289	-1.42460646866483	-8.60179906305646	-23.7913855088435	-9.36674681583089	-7.43755639132169	5.04748037313718	-8.86965879654956	-7.6789906539305	-11.2815726101982	-17.7474330133106	-11.9788237399438	-3.02228251429383	-23.5583820246338	-14.9754144756231	-38.1543464601976	-7.83896084743355	0.552970379663856	8.72532204787096	-5.62933294408729	220.193481759761	415.329423291914	25.8641278420243	-2.28612578354395	-1.35426669269853	-3.15302961606484	-3.59976007808717	-1.78162542353636	6.61946227165699	15.4573324071755	38.4469733533605	-1.82752938442673	12.8276336179056	-2.00686086493574	0.530653686149522	-5.07110278858111	11.3007737625707	21.0208593554152	-4.78039219938341	-2.9639232716427	27.1160236555872	6.62563890491562	-8.88615302774842	-21.4006198550577	-41.915817175386	-107.748987956187	-110.179291886307	136.628024689251	-106.091777330951	-425.103672013905	-926.649593000006
782.325	-4.44957500746653	-25.4976207614839	-5.63865932997984	-25.5556680943561	0	-8.052601204459	-4.03497259460419	-7.80384119081472	1.13893735520642	7.00487123195362	-11.881534538195	-2.20294681116275	-9.70348961787768	-10.3613408032809	-8.76808449575937	-11.308209107796	-17.9707925388493	4.35847193302186	-13.7967977022225	-4.49189470902179	2.76865727851348	45.7282556115194	391.143616215927	184.914521271453	-6.2074926394043	0	9.16749434094899	4.11633044966564	4.11210116842722	4.07039570799202	20.1642316533529	39.4627082233584	34.9536185779847	5.10310817598987	-14.4724397385361	0	-4.31061151338148	22.8853525760881	4.22756537110407	18.7573825895035	24.9635130243082	-11.2858932114599	11.6809405096776	-16.3386570446823	-48.4986856095853	0	-49.1092788076333	21.8816923429544	96.6203506317608	-10.6717133046706	-243.800331569394	-356.111925113253	-161.300776303175
787.081	0.652712478611245	-11.054577991495	-21.5808453090687	-24.2610097856493	-1.70831960735415	-8.26870723120158	4.43920536051165	5.94533031600124	-5.26276253796069	4.45272257345586	4.19388642506585	-8.14344065398127	9.01495732601232	11.1019888766539	18.4569531953399	-0.446603277850886	13.2483587073081	-5.46998144132774	-4.90398215758958	13.8373283312668	22.1750815482723	196.892762438876	409.098177035058	48.6333549643655	9.31596579754747	4.76726455232286	-5.64811231732397	-3.7571551784968	20.1739602389885	5.57284279037495	24.8464500625777	57.0988449428922	34.4932853246693	33.8222006524512	26.2541394856095	24.5863616949036	32.0906352777032	12.9247371801229	25.4259724482893	39.1857058358044	46.2826248529809	-5.4080928722796	5.14046551847427	23.6853660323579	1.15814500017446	55.7834662724672	-25.2136072857375	44.9378537724993	180.150522809783	197.245942417961	-17.4658012788803	-321.345334298844	634.913361444679
791.838	-9.7811207398775	-17.437542015479	7.36186884345225	0.989277732855512	-4.26662603861527	-5.50708527474699	3.84355212073082	-0.774720151139805	2.33672013991332	3.07964204096174	17.5209341298455	-6.32759845849153	-6.16210184412116	12.477533816234	-3.59783785052679	-4.01550213298709	0.945386699407129	-19.8714063471	0.544354499692834	6.91190396795725	28.9698495598491	384.87174495785	216.588891553111	-18.0904706714626	2.93900943363883	3.810085182533	-6.58302583227158	-16.4214928410913	8.43666209884169	1.39184939727697	2.29834932413469	44.6223889390709	-5.12237030927222	10.9457819973819	14.8463132129818	19.3363090037566	22.1098480364515	17.0205066244868	1.85861918323017	-5.3081244267573	27.0310967261728	-2.31548942034216	-0.855907131870373	23.6622231607605	-19.6692274865647	11.1457920964076	73.8876487830354	30.6095080803123	46.9498691716024	25.5439351788283	162.854864833377	-232.470976951398	-165.46773659161
796.596	11.9564874846847	0	0	11.0852289331686	-2.6077717568985	4.40778292785681	3.31295742803297	6.05041524109694	-13.3894573461513	-11.8514201526478	16.6840555967129	-0.460409868184078	14.9685923451964	15.535050840134	25.1969536163446	-1.36349124543695	2.88911274593629	-1.01212081421442	-2.21807157410699	14.081905929807	196.159573975072	394.772588941717	48.2464678279807	-10.5304168990794	0.498980389040678	11.1585119273517	4.31095789028619	27.2428910921023	30.557081448204	10.8700758515271	40.7379371008577	27.6481987196288	18.0258449267304	19.876346656953	28.2305369455749	19.1649681566683	5.06759645123674	26.9042411128599	3.15553435287348	31.0915724401001	38.4051695855984	22.0147280642372	36.6192700595989	32.138679605952	62.4666188024259	75.219521791211	29.0804979912761	157.983754626118	159.421495668013	59.4762384154985	-112.571914883326	202.981145324445	28.0928515006285
801.355	6.88099975558272	28.6236474926984	9.71073875241726	22.1835654733366	18.7597704225624	12.1069499080423	14.039644714157	8.17521219562939	15.668213660855	6.61992922788346	2.34460885408049	9.53882877408773	35.8473376271965	30.0725078279322	20.1694804373169	13.3397964875844	15.7955962550858	21.4061038697635	33.5083306819572	51.6641818996611	328.181706432416	201.567366798617	19.6545902984857	29.9984415320758	32.3060550337708	25.9662553350426	24.3962160488971	25.993099898218	19.783918899799	21.6231915761573	67.5049219874648	44.4986364869896	31.1218076447327	15.4843727629908	36.1200540708789	25.7355121949468	46.1766377007555	15.4834834861711	43.0396952270836	29.7573476716437	29.4002391688768	25.1128617521054	20.3218548376739	105.773547529567	48.8374022208713	55.1323367434934	72.3582718402309	134.585815381325	149.089882832519	211.790577447497	-10.229293420345	321.244958954277	1503.58055606267
806.114	-24.0834991445395	15.3340968710884	-13.4100678009572	-16.5289311369959	0	-6.22643138127887	-8.05979603960863	2.49798150422009	-10.2742384661344	0.601811747989406	3.01449709810349	7.15412158056579	7.50293113127368	5.68939337285204	-6.32768013719745	-4.31581651068906	4.57240944226167	-2.62115557588941	-3.82952350650939	103.834875386574	282.725792756085	67.9703911297661	6.08356366381701	-4.09069657255579	-0.430747400450277	6.70096911872066	-2.89446631088609	12.3776666181991	1.23649493123744	-2.03992373359975	20.2110544872649	-4.85439670767159	7.78045191118317	2.92947592813339	16.1017108508737	22.5185731705784	-7.7771179285483	-2.06446446482282	16.3441880609178	-19.2547543757695	17.5150361006075	36.6512036382078	-24.085161289095	5.20197774735577	30.5233763880446	-18.3774455811645	64.9747747136767	104.079697228225	36.6990480818508	-41.7163258608707	153.439401305175	-126.551044436533	-848.795475196666
810.875	5.7341664629856	7.15591187317459	11.5604032766872	9.13440931255036	10.505471436635	4.8427799632169	3.37991446822297	14.7607997976642	-2.31170365488025	5.11539985790995	9.71337953833346	6.35921918272515	17.5068393063052	4.47023765009803	3.55932007717356	13.3397964875844	-0.415673585660152	-9.61090377826118	23.9345219156837	244.645096642513	186.319294519469	8.43770372645372	5.14763079246055	19.5444391799888	2.15373700225138	26.3850659049626	14.4723315544305	-2.06294443636651	10.3041244269787	29.3749017638364	22.6363810257367	10.9223925922611	-2.0474873450482	-4.18496561161913	20.0183432200052	28.0333257837813	27.2199127499191	20.1285285320225	33.2331823905329	31.5077798876228	31.2768501796562	20.3617797990043	48.17032257819	54.6207663472356	14.2442423144208	73.5097823246578	113.705855748934	143.558203073414	77.9854771739329	-38.5073777177268	-76.7197006525877	165.489827340082	121.256496456667
815.635	17.2024993889568	18.9120528076757	22.1959742912395	26.5332841935987	0	9.6855599264338	18.1995394442776	8.62939065094214	12.5859421210147	9.02717621984109	1.33977648804599	5.16686558596418	17.9236688135982	10.5660162638681	6.72316014577229	10.2010208434469	4.98808302792182	8.73718525296471	91.4298737179118	255.281839974796	103.399715725282	7.50018109018108	19.6545902984857	19.0899173385937	24.5526018256658	28.4791187545628	23.1557304870888	12.3776666181991	26.7907235101445	42.0224289121548	21.8279388462461	18.6085207127411	10.6469341942507	27.6207730366863	23.0646128404407	19.761196863977	39.3716595132758	31.9991992047537	11.9857379113397	21.0051865917485	8.1319810467106	39.3661076114084	35.3750806433583	45.950803434976	7.1221211572104	88.2117387895894	202.307821267584	91.5183544593011	66.5170246483545	134.775822012044	409.171736813801	603.551135005005	873.046774487999
820.397	-12.0417495722698	6.13363874843536	-1.84966452426995	-2.17485936013104	-27.3892648169412	-15.9119913077127	-5.97984867454834	-2.49798150422009	11.5585182744012	4.51358810992054	-7.70371480626447	5.16686558596418	-4.16829507292982	-0.812770481836006	-10.2824802229459	-0.784693911034375	8.31347171320304	4.80545188913059	155.09570201363	151.446964588222	22.9777146056182	-3.28132922695422	-16.3788252487381	-16.3627862902232	7.75345320810499	-4.18810569920041	13.6453411798916	-2.47553332363981	18.1352589914825	29.7828865105563	-2.82954762821709	8.89972729739792	11.4659291322699	-1.25548968348574	3.48145099478351	14.706006968541	14.0960262454938	4.64504504585134	-7.62728776176166	1.75043221597904	20.6427211185731	-2.71490397320058	15.0532258056844	-27.7438813192308	-3.05233763880446	12.251630387443	121.089352875488	34.0950732299357	52.7548816176605	48.1342221471585	-132.980814464485	-9.73469572588717	-533.528584409333
825.159	59.6353312150503	44.980017488526	43.4671163203439	43.0622153305946	39.3955178873811	32.5158083244563	29.1192631108441	20.8922089443862	25.4287402036827	28.8869639034915	23.4460885408049	30.2062911179445	30.4285540323877	39.0129831281283	23.3333205059156	58.0673494165437	41.5673585660152	98.7301933585012	251.312480114679	107.380456497335	38.96221172257	28.1256790881791	32.289684061798	36.361747311607	42.6439926445774	32.2484138838432	20.6747593634721	43.73442205097	43.2773225933104	59.5657730211127	40.0178878847845	37.6215744844548	54.0536659092725	49.3825942171058	42.647774686098	40.9010818812547	53.9537556293038	66.5789789905359	70.824814930644	89.8555204202576	64.4303113700917	64.4789693635138	70.7501612867166	104.906551238341	102.76203383975	204.602227470298	175.727231611989	141.763725534996	272.949170108765	413.954310465563	654.674778902082	846.918528152184	1746.093548976
