Wavelength	500	495	490	485	480	475	470	465	460	455	450	445	440	435	430	425	420	415	410	405	400	395	390	385	380	375	370	365	360	355	350	345	340	335	330	325	320	315	310	305	300	295	290	285	280	275	270	265	260	255	250	245	240
248.336	-20.1142780366555	-18.4256650903551	3.24477553862308	0.435548786378549	-10.5341358670657	-2.77286301211275	-7.81932757289941	-9.33771162105481	0.772943979706648	2.41593945666383	4.03166330732363	4.38562777153401	-5.85029996151993	-13.4452357229491	-1.58613636813031	-7.87043847907987	-13.7461348416139	-2.18956023693803	-5.27958122771761	-10.6591387607981	-16.0114060573641	3.28708470880961	8.43231559379398	-15.4690008899471	-13.3725348435034	7.54897877527912	-4.13880047713862	-2.06275377855029	-11.1256049890966	-3.67056912664742	-6.87484803797591	-10.9275286885459	-6.96094790194416	5.44235818137947	7.8401128286466	12.4128511202739	29.6741834244918	40.8126487667198	39.8132698723286	36.185612450866	66.3385055104001	101.267187951855	286.391292643037	525.627884630546	700.053278987278	737.288846581223	684.438555577597	716.578844765132	769.690636157454	1922.17012514362	39185.5250100689	130666.441033292	45141.0033749244
252.814	15.1428880511162	-7.96918026490404	-5.55183110168029	11.998149530744	1.80239719018959	14.9448153881606	-4.68262131659031	3.27331252967495	11.1091003838707	4.34037178794295	-7.24311100980836	13.8479889164276	22.0217790619434	10.2476291822768	-1.42479181857682	-12.7257188234593	7.48354794054336	16.2591640603145	-10.9221973143485	-7.90306947279812	9.58846532694823	-4.49937788374009	18.5156052604077	13.0780867951455	3.09993737942188	14.0644695376432	11.8969423856034	8.39993517665092	0.493525387797885	8.79251320588132	5.32790525075035	4.36264954137341	28.4444199411841	7.01974652366264	64.6876119900709	33.5882396775432	57.6811303742946	67.4440768411367	64.0148437108333	99.9608410967169	124.427831492828	338.630006393695	585.828554205102	842.864314623688	942.196059587875	931.541218565308	922.445729419514	907.722632600825	2091.38801319995	35739.8843824021	141654.704138387	61257.9747910172	3002.00803154896
257.296	9.53428616823578	1.81955701951466	-4.39440771952371	25.8065860106516	-8.0248538534406	-12.3220630023146	0.926601822189929	1.34942995846149	14.044566490322	2.14719285191857	22.6935066064464	14.6461851385775	16.8365365766106	0.965624373049178	11.7474683344662	5.59595123863955	-3.94893867591378	21.7951532097642	4.55009558897533	1.80446232321676	25.4959789253429	14.4680481911133	-7.77188070223308	1.61744061656846	7.15655185835451	1.49094181983328	20.5990657352339	23.9550570592175	13.6723021102398	2.41648801178639	16.7728154518568	-11.0308700867896	1.94090016052484	39.1917451594803	32.517271695227	59.9272308611371	66.8698999948527	59.3831412639091	72.3846956886634	86.4525870233674	257.343400616033	553.302919377705	811.827650119208	931.741294522612	909.270446973494	885.328056347953	1035.29638745584	1702.56937198423	26889.0971311153	123310.241730664	64722.9923822315	3866.67390088294	4338.82429102019
261.781	26.9512254701809	17.2328143450328	-6.13135991236663	10.4747655021307	16.7386378721724	18.3387026911525	8.77573882121448	-3.56022510722263	10.2239380588486	8.35220992384701	4.84799051776667	8.62956876699954	11.0547846014042	19.5971076272106	4.29141531533093	9.46403710050243	5.50981288930473	-3.15948028124435	-1.73143244399622	21.3623177750808	11.4316942357184	24.2805666134178	16.3361552021749	1.0941852314485	11.9304654111129	24.7109410606707	23.3910573655158	14.8825087760679	10.405349511841	6.86588364544133	30.1497264883255	24.3335628160753	17.7255397445237	37.7557009540092	54.9941649966133	48.648332654569	49.7216317978334	83.8646549537407	76.0747410013926	227.3875874496	477.871410696247	801.731587926394	908.074416254634	909.952416187137	896.939073676773	948.531309108501	1534.05798792979	20494.3809627274	110760.512833631	68493.187875804	4028.22997065766	2942.7446133499	21275.1217411974
266.271	-4.21718884324	-10.0155787208031	9.63764520825957	12.2518039242266	9.20250948331466	-5.08692187214178	3.18774480321665	1.11417134766016	-1.26043991968165	-7.75623123747171	-12.7379663637661	17.5540357214392	-4.59968405571809	2.49149419146289	8.72948113339421	-23.5830736188149	-11.2079125723139	-8.03366182245365	8.21807726985462	-3.10390356228731	-14.0748159061783	12.0605619735148	1.71882236436555	-1.66932153482884	-7.38610494252102	-15.3876517105459	10.6299000028003	14.1276787916402	7.55938605461683	-10.9735961344112	3.46216383423055	4.45488086592546	7.01104721004702	33.2807051147169	51.1394949361524	56.7890429845262	52.9510214584529	61.2879109762549	158.084295259222	458.262858729697	722.548836910306	927.645560393273	915.294505698166	953.127189729402	993.271723938172	1459.86072982698	15369.4697712267	98665.7061073308	71680.3675720392	5237.26472799455	1768.46910010072	14015.5345061953	29152.0553563966
270.764	6.32951973173413	14.4058985576037	1.1345103413238	7.46202479165995	7.36635612284445	-0.424160548127577	8.61199483520021	-6.13156201983335	-4.41414549453969	-5.91300009963799	17.6792285243793	2.92740073490525	1.53413365435913	10.4704565650654	0	-4.33414349895716	17.331550658794	9.11019469792328	12.9217494417887	8.07491607802714	1.83692993665331	5.17186535016979	13.185421796631	1.67030755732692	25.8666369932659	20.5289876998039	7.59727056679748	-1.00971597317587	-3.5297972158695	8.48460567860359	20.7852530373503	12.8772575880218	38.5835364395808	56.3544606569557	44.240471205087	59.6355860588286	53.5776048972691	147.304310427135	399.114968144726	710.65556750094	887.636389153427	903.242057168789	925.058056921088	949.437376848173	1364.21720706817	11220.3945765422	85259.4955608295	73374.8657862632	6154.72994095815	1737.59246798822	8148.57903963021	26905.0342206306	10284.4246798788
275.26	41.9935085962506	3.67864470925926	19.9896431946651	3.65216819543333	9.0133617547602	10.3799284167515	12.1766740764398	5.45635374321428	12.6539624995779	20.2581605589676	14.4884335409826	33.4312831100076	26.0297120789823	8.78502310632995	18.0501182139096	31.1120616394087	32.9326377918395	22.0319078167663	17.8231477308159	23.1048067260645	26.9716757014105	2.81254048485083	39.2815222601402	4.90503125447614	43.4057487859833	-1.50713750064453	25.7806436718156	4.94189267204725	18.7568277874073	37.6181596566647	47.4740386937353	55.2686637591069	62.7834755834766	58.6739805433931	64.6974874452331	95.8237036885611	157.336189618666	375.021560585616	682.711471421308	883.005707620782	911.610492605326	928.118128220068	882.939588977924	1286.34485801116	7979.37295134085	71801.3445532686	73080.8964714884	7391.96946447406	1574.2849621694	4674.50936216888	21950.4616251465	14139.5194704916	1677.84883115385
279.76	-8.70104704377122	5.96090817884296	-12.9565573224629	-2.02903042403065	-10.9539978815267	7.66979556846113	-3.03556762507833	9.01835397263966	3.30073918609264	5.27568769291792	3.52157773387375	-4.64334382445788	9.73356321862372	10.9137518947569	4.15637573709231	1.83324573778459	0	12.2402389122041	-16.2105051506747	-1.77343728811738	-13.4029096214415	1.64068750467235	-0.545589629933547	-12.1871720767151	-6.02871911640845	20.5143022226662	5.78425587424877	-6.72662446412498	1.91960389884062	27.0743172413606	21.665253402249	28.7527763308772	43.3962911325441	41.9308802503222	53.2636429424562	85.1327507874783	278.177624244265	590.239754899273	828.274591185133	803.440045710758	863.713938540836	849.325109386742	1082.25860965872	6359.45741790153	59312.3306233568	71598.7358275426	8742.54610691968	1344.91184809974	2718.67230931034	16446.6662351628	16612.7200993848	1453.68798667819	-200.332703386489
284.264	-11.4660151647307	4.53852008075492	1.02759082280312	-19.7935761712573	8.75717000684968	1.15255931332222	-9.53379248001176	-6.56347069743522	1.42790847277211	-8.70308068290899	1.11719212783248	-16.3510034168559	10.6532357191995	-11.2901078751962	5.71383225182168	-16.1389122018937	-24.9323963225174	9.22240300332514	-20.7479407889325	-1.12521734700424	-7.76445774826106	-3.12296925350581	-5.19251726627351	-10.5902507738762	-10.5190937861132	-12.0862799444754	-0.917504257526516	-0.457278717469668	-3.19713897111871	14.4658673496098	33.61855534379	32.2993877134679	43.5706759003839	35.7304179081128	76.2799670286793	231.858371421958	487.978989219917	735.824798379535	807.030327393236	786.002845100054	783.86606541174	883.657761038111	4327.22596981355	50074.1128354247	68621.4648046905	10199.666214073	1273.14566589382	1670.1545065555	11213.0480596335	17761.8719470329	3091.42454495747	577.371300270255	435.798405148382
288.772	-29.5084863232656	-6.43600489881075	-2.91442119979945	-15.9742067084693	-4.73082167427398	-4.35847060552709	-10.1056516644513	-1.19327640328314	-5.39971959275679	-15.8226970051725	-13.3783038145956	-10.4446415379926	11.3851273835505	-13.2352034719013	-8.31045830807932	-7.42259706602863	-2.18248421788805	-2.75329401850373	-0.502945861043172	-11.7014572321053	-3.67021901524818	-11.3176208275823	-16.690437160439	-9.05839794990265	-11.300730049406	-7.47100570850396	-3.03589661661745	12.1045839282306	-2.59075037855903	30.3433617238479	14.4081276091857	14.4195449728582	20.1665574347768	51.3267869087097	186.219183627687	391.66320693429	683.584438063007	754.648845209954	753.242551044702	718.615453613166	757.453976726407	2760.45516661863	39636.8564031783	57361.3519168343	11537.549464314	1204.52891739202	1130.81297474815	6946.23672339733	17387.7476177493	5222.79399295273	415.203432336676	-164.782144683991	-411.999303814524
293.283	-10.3905050392527	9.76791835212831	5.587217949337	12.2496191633688	1.88946406232644	-7.31114622363699	0.785411317180354	-6.17658059047439	3.36432438984347	0.303335896404762	-3.37466570186867	-2.80326962181274	4.19737572046361	-2.0462195642611	-1.59319256356331	-2.37163543604388	1.67361052646309	7.91748311519529	-18.8017877374387	5.60819691102962	11.056811906619	10.8484686832517	16.4691103371753	13.7098388401361	-5.63278460300093	-4.63378769450178	5.82009768178453	7.04456297581516	-0.827785120097073	18.8441467293679	24.3721128007247	19.9196644666595	41.951489123732	146.756363945207	365.312077595314	621.094687029624	754.927373625225	701.052894811452	683.671255271404	690.58521488953	1851.91183949001	30135.7436349973	47641.1674712508	12079.5182514204	1106.43982316427	995.639918139438	4016.50666591357	15513.7677543277	7841.92199763421	617.701429957527	315.292285551925	148.079427706991	197.460297223447
297.797	-23.4710935052789	0	-7.66272375347054	15.6706193184912	-11.7068078744214	-7.41495870988867	11.4053415363375	1.77171644455951	4.25915371343836	-7.34148129998864	-9.14763168162385	4.26461074555417	-0.406347626193128	-3.16950978128057	-1.92796064549409	6.12260926072472	4.45560798508581	20.4397584493798	14.0015357655452	9.37786660089768	10.7040912482867	-19.6349111410213	-10.9328456690917	6.19382615461934	-1.67787523569338	16.7204200843261	6.03689160639926	28.4828448526372	30.452369661744	32.1235508796776	40.8973482285873	46.8330865569783	125.821301476661	316.716722191513	550.605808390612	695.161648193403	683.067722241625	652.566041429258	656.02790915038	1397.26865048268	22521.7981648456	41568.7482318609	14114.2424963861	1064.4890430812	872.967135218699	2227.17908000682	12286.1215494389	10576.0764597442	1222.09889360714	425.798403582399	285.218864389811	582.979366885259	716.854366762004
302.315	7.13190890642316	-15.6349566362569	-8.84998725821981	-20.3731845118123	-6.82370927785937	-3.30875383823163	-5.97152733617567	-8.04422769879773	-6.39478787173482	-4.32427544126006	-5.77299984209489	-21.3134198745976	-27.5248664005803	-16.7243391854151	-23.4691981487174	-21.0369604426619	-14.712768935529	-6.68856429772541	-17.4107074392971	-11.1443998984281	-16.7175860795572	-8.06884534817437	-10.2855664372595	-13.0295864755212	-13.1773491456346	0	3.16075262965942	2.75677586183146	16.9143128173322	19.0771286501773	21.6186335007794	88.4748233056382	256.809367967182	485.96318970844	651.129835741684	655.229769076695	624.593207079247	623.85584204446	1057.92461404282	17828.1662355806	37540.0096240024	17498.0421722393	1008.67267783314	780.438482459357	1295.70045828034	8582.89785978011	12294.1178608571	2264.74826136024	559.290711704736	414.932345382297	152.280216807846	-56.2928195160254	-351.867650691712
306.837	15.3184307163191	16.0788303448225	12.7968906185421	15.7557922307231	16.832886020487	-0.329957700472508	5.45871818851427	7.15468274913769	15.4520873407844	7.18713676188979	18.5502960160342	17.458895096555	7.16048508110052	0.775718800313709	20.3842216109534	15.7339608020711	17.4477398430366	1.25062754157591	12.3364554754445	31.4076916438365	5.71584679907508	18.3280623420057	17.8383293983005	16.458368605122	31.2094041536776	41.5211027318073	38.2178336173149	35.3459563718472	35.6961275844997	45.4251740850481	95.0891522300975	229.627708300904	452.1653636352	656.382824477677	640.201878715563	645.097125159844	623.787084132682	957.040610901603	13391.9408904643	34865.7146487402	21481.1339789371	1143.24384557698	780.593533178647	913.913600858968	5426.46067098994	12457.3402857211	3972.68557886951	825.768017235362	686.785132110534	708.026173433102	744.593414390323	514.586336921424	280.713396207079
311.362	-26.7733783285614	-29.1972946684961	-31.2907273412269	-21.9474145999111	-16.8116148685401	-23.7269335696872	-15.3642205352431	-11.6928681008256	-15.6775223443206	-16.9402089005541	-30.6651386993136	-15.5415249564715	-11.1244569596568	-25.1790028930191	-4.14709426504146	-16.46236776901	-19.4058839620146	-1.24904716561225	-46.0891665728544	-23.1640636062998	-6.1843425320173	-8.03629834508484	-22.715129319249	-21.6283825239965	0.820262259980827	7.17726356146854	5.50900563266191	17.2584088724774	27.0320917759637	49.2453591553457	188.015533316934	381.716166450951	592.911748008797	610.576125158496	607.920170745108	566.041458084045	778.401650410905	9890.34823472085	32522.8541729853	23939.50701826	1386.39323142416	677.842289728699	661.376263679111	3190.11237347771	10817.8927344978	5670.85883984377	799.717190756555	517.37376843698	471.841175811291	379.585721240933	73.386759546162	-261.640181841222	-1588.69911939845
315.89	-17.4670056325401	-19.931344986604	-17.6107839000524	1.65473661412904	-16.4373117907965	-4.27970522783969	-1.48535916496617	-9.08527271885009	-7.09670641821195	-12.9074559259286	-7.65854606775407	-4.92282630734259	-12.7008314931433	-14.7051735618414	-10.1689561173485	-13.4556137166434	-10.6822441871505	1.66371511353652	-19.1464454413999	-6.74936529660648	-22.8114455906616	-16.5023828137074	-4.44945096065508	0.432131002061287	9.42349398435353	3.98334366047106	7.86206379432277	36.8330190720995	37.5719021469552	142.938539871354	339.930027625279	576.224740938892	594.257803710244	594.45233670231	575.451882251552	713.496606416923	7033.19626430574	30794.6861761503	26982.0378558454	1612.57542344537	634.838341126654	591.302932657629	1667.16190838577	8625.73376816062	7191.09867563735	1085.95338096552	502.653347352867	573.14227278879	384.075090151453	324.157022458297	342.125842187076	214.701774571426	23.3396387171647
320.422	6.56061186904233	3.40835958438947	6.17364068888129	-4.14346335759256	5.36857269013333	-2.96761550630705	-3.71934193052289	6.0665436473473	8.33359471671927	-3.16020633580735	5.11387004364252	-2.65499567396098	-4.37289931814506	-9.68994214615445	13.9575422260443	-6.3642106914802	3.9627197051257	4.58254008928417	-5.93576690081304	2.89721527416257	19.0399664678904	0.893448545848215	35.6525854025813	15.1487949224377	27.4949884530414	18.3527109853961	30.3173969632175	40.0317202744994	150.528173237191	345.308762608959	548.990525281512	608.718857130069	587.028800501218	561.949742991758	624.438618970721	5038.7713757751	29042.2922098148	29590.7381654405	2130.34836524357	592.982921405455	578.103691576611	887.081021587329	6098.57383322358	8056.84923648769	1611.13551506337	519.337756735954	462.67503621136	524.51287961069	528.948581278795	585.029214305914	592.335589226385	-18.6996040578477	187.015986913271
324.958	21.4375101855975	4.01943492434925	17.7462080521098	7.69597512850077	-1.10794061052293	2.72196638194641	-2.30274052737734	18.3326309347359	-7.33464509933877	-6.81833347527433	-5.27688142204099	4.30512841986754	16.8185402016895	-15.1982092599318	6.22808967103454	4.2492859804857	0.408903664236238	-13.7559698091848	-7.53843363658363	-1.4947839234679	4.91172265198639	-5.99253460761704	11.9564440990364	15.6316828175754	31.7590607611695	21.4078663748937	27.6272555967506	126.758201026874	301.754004456882	527.267515179117	639.534627748205	618.984803549315	581.222070732421	619.314664104202	3478.25731669282	28299.9113082255	29945.1321474841	2935.79402593497	584.631172830227	514.487606129423	598.374554931155	3770.1804034223	8528.73309195505	2511.67049250642	480.14226505339	401.016062171611	439.693905526566	467.187595626074	428.528133679821	448.807575407108	495.035313204003	694.644433035958	24.1221711381322
329.496	-14.3490715904245	-3.57821227594395	2.31474957309989	1.73997972736992	6.76333311500882	-3.46167121423852	-6.5078202698958	-2.5020539788617	-4.88908687264572	-3.31769252196647	-8.38861780254942	2.78730511788033	-1.66938873610729	-8.5451790014945	-1.9801492477012	-6.68136570074584	-16.6407938410591	-25.3666008849054	-18.6947123380782	8.61785398799123	0	-12.1936462928289	16.8431857082881	19.9932507544227	8.61647096754734	20.1050114891383	109.952096882394	263.696733462231	490.961802741234	597.134628753392	590.081211283126	555.78686444872	587.247654603478	2524.13357379298	27260.2083638298	28773.1325065873	3953.30795974964	542.788726845307	478.785789276161	436.589658950643	2057.00377860526	7755.75516508837	3802.65516300856	477.235893909395	328.718592307402	374.914301736322	410.436201861269	382.048130907766	394.681919777787	147.918574429029	364.889612226485	569.31300322438	-613.54927825447
334.038	-14.4411292247894	-8.23124248562014	-8.38656013324844	-6.12899948027357	-6.42857250421692	-1.04516395413161	-1.04793147511491	-3.4337810582798	-4.14353954241533	-13.6594531956994	-13.1701996318931	-5.61037460055433	7.14042004938071	-4.09523871024016	-16.7399656707994	7.91085946485528	14.6541099299698	-0.880322150807383	-2.41213458764827	4.08147883777898	7.04096636768193	-13.2158660535049	48.0285261807242	27.895742359095	8.67175063695645	72.5051552841331	223.395035243843	459.868512367094	598.898059736584	587.847655163175	551.999510237881	538.60566526317	1764.40258910863	23382.6255783724	27386.5027801848	5141.28381367902	525.63242382942	440.859416520131	391.406415900959	1089.38372481382	6052.08158210952	5273.1273962984	698.444456932175	275.95282563391	331.851746925	300.869219457512	341.748055361293	357.421783857426	360.263891024948	223.301337088079	160.340117273043	128.423296578361	617.485553487781
338.584	-4.61038529338641	7.18554208789171	14.8746730022781	-12.2294146060097	-1.88634757482458	3.47575580850528	7.31841466978467	-1.14192461491535	0.516734655914131	3.93686245287239	-4.04291942217242	-0.799613114506283	16.7618102271292	9.39708480938765	5.56697661495636	-9.8655152236684	4.17712517102257	31.178561315949	-1.92520779633222	8.1439225233261	10.0350679718247	25.4283069620888	35.2327417260902	35.5867870597435	57.5326680724945	189.67193317746	404.659681850081	559.325871714989	568.576801017151	548.850726450104	532.868902742066	1299.54208456578	18986.2294338391	26223.9612807902	6659.11557665666	512.652877202509	444.892013679433	364.712945668868	564.411058742391	4165.35512084044	6235.02959383432	1223.36982569523	282.656283807007	279.665493219083	244.221046335681	279.254306234255	320.197587758165	360.190216298142	320.255816279387	387.444560059646	448.937459248597	404.082839190395	616.045642614935
343.133	11.5153897955177	-13.3323364037929	-11.1457706982413	-12.6545599886513	-5.27692793105731	6.25062113116654	-1.82792526535031	-16.6568050891507	-8.51830031402853	7.56394411433812	-16.1568424660625	0.399439791392551	-14.2344685952956	-12.6540171211809	-13.9046742569897	-18.5301542215649	1.25198797518275	-10.0908319196657	-7.21290634123484	-2.03411290711698	0	13.17295264125	-1.87735576950982	68.3733485106536	180.218903240492	334.457554548061	515.001304828477	550.546308401396	518.10268279747	473.572610909764	939.160581933172	15160.5265034279	25644.5509618277	7956.52336633124	451.214024159999	376.306813589783	357.731550453206	338.499227398311	2476.32209053184	6209.84839910434	2175.712645892	285.985500858653	205.379626706328	197.588253350405	215.411584586642	217.544797385899	234.003743479855	241.106061187012	202.565887565901	199.996052866173	-36.0882684969379	78.7731025262654	-393.90752514322
347.685	4.6251304790847	-5.66383972039338	-19.5854478654804	-15.3356592335022	-14.3820925183583	-1.39474886412068	-11.7993548936764	4.81142247809988	-12.7004889694049	6.6836906079948	-18.5893111597027	-18.0488358175599	-7.56693844325821	10.2468903027688	-12.7652142244396	-8.70941953422413	-10.4762117014181	7.48916522466447	12.0710318806772	-2.55311526891071	6.54365573779472	-17.4788227209387	6.12654033373059	152.871811403279	306.809678480429	489.830153479142	527.948233949683	520.857245910454	464.275207031234	783.649503268327	11903.40630702	25463.6472723416	9800.90690475031	472.956416973446	375.95398529314	345.482442698992	286.287512692556	1327.87193570464	5453.67143255728	3161.75011574391	372.716931744502	173.665597963198	169.832901292044	190.536030387129	221.424516818833	254.230709748681	230.506284619438	133.696612628366	240.382215060331	259.122470922047	41.4136345302128	484.472798763762	370.809548033171
352.24	6.44721905734893	-30.2755472831705	-4.72748278414398	-1.77680650673693	-11.894492441025	-2.82795016097807	-1.59493408595563	-3.25183104559694	-1.5765993792625	-4.31188760667089	-2.05587922107052	-0.406614086343975	-2.98326254230362	1.246576892515	10.5147079956548	-6.82277722219132	8.92132357188214	-1.78644734989694	8.81094788759364	18.1181646567766	25.0045423363081	33.0449640300391	122.786552926565	314.134295371284	498.014293771027	498.293200759672	494.704019255833	458.193161846746	674.914486227082	9618.69106166601	25845.3585956095	11738.587703446	529.93721708368	320.219937658038	312.72730588204	278.507929078922	685.646591776424	4150.22720139496	4248.42522046866	637.495385631091	121.270943311165	161.503426055956	148.346347808418	170.124784178894	206.809635969444	210.191819928091	230.668474017353	122.71827055558	271.814563465081	213.439200388938	346.372205045482	851.996838198445	576.412280008455
356.799	10.0749229304638	25.3348487708818	0	25.1525048570835	27.1578465908129	15.0121924974444	17.2022214082759	2.11375922835016	9.2993204836452	11.8341225643014	2.0787902299309	17.6792544033651	9.0495253262451	11.3442202956922	11.4497227265605	16.232496980453	38.6603317018314	26.6437476351066	32.666840569854	18.3200760466729	30.9590161141212	127.841892041859	287.440341115606	460.735039073291	505.343614433026	482.221948072403	483.998428598153	630.495508653456	7415.85932942766	26398.0445244284	13803.380539829	665.69498490115	331.893245975012	317.74446168077	265.00753707073	378.800870386171	2691.88198951685	4759.59549840649	1183.33341876117	198.014294419674	122.622403858181	161.200626218176	189.636724768589	199.794850943577	221.724262469349	236.570836342891	292.692173956676	281.508220432329	180.070012579429	175.974511425094	408.604263544939	537.165357749584	1647.14493476863
361.361	-5.37092984152362	-11.1611907961339	-13.9590281311792	-23.5185594436678	-13.2828224179264	1.43968998729151	-12.1795496909293	-0.472995666241104	1.07018120833699	-6.89905021184651	-19.8860456027316	-8.28017744978423	-10.4143436776372	-11.0001445989592	-9.88239795922505	-2.45183222346602	1.73020362065387	2.72840419674924	5.98079066944076	6.32491411225204	88.8476957506553	204.801301267882	426.623236342958	464.888722633217	454.214050706056	425.481643583613	513.155966153678	5824.50615013576	26842.2904446447	15254.329198853	838.195420613887	265.190593759499	271.275583303082	242.576392319834	235.19263432987	1539.12318641628	4538.25871556462	1939.84342640906	219.172730359724	87.8785344499222	74.0858443307626	124.918371416641	165.913849272833	188.555790177542	178.8263972107	128.66343184344	178.06642091082	117.490351088961	183.709953183726	130.392515654173	-58.778569528443	61.2346918023857	-1071.72141181821
365.926	37.7113039986947	35.7182416182253	34.7627168895506	7.71223625356729	41.9294588755562	18.7731161455098	29.5916544038903	11.8609971284542	14.4915593488162	13.2111293837851	15.3975024660641	20.7636492180713	34.385218274515	16.1262234499548	25.1944546681764	40.1688690430341	28.6355277289133	58.8398015484394	36.4942335233243	122.65504095688	203.774974020213	431.885034597932	501.605231945966	467.729859541098	439.425742160417	513.272695286304	4700.61767309059	25502.2248636177	16957.0579963671	1125.29775396957	269.580671843571	272.323615876113	239.263757621992	251.165999180379	805.725975377086	3739.36450200055	2877.50049030365	385.278973778867	129.519282654065	121.581872997773	143.409226948904	169.190112308115	172.700458134934	215.374645053741	260.036934257408	217.223451135553	221.72290647628	252.533763538344	344.610482548085	251.520478797288	375.187532191348	726.823005483737	1714.87097720828
370.495	12.4683335229527	-21.679898297899	-11.4934542798599	-4.49976174817092	6.21890007104212	-2.8647130482367	-2.4235019503673	7.99996762136993	6.1221971628395	-1.24798326765905	12.1485309925976	9.06180005787599	-4.74892701641376	-0.420927395738708	11.8804048718137	9.75737252415596	19.7959889689376	35.7409997181444	82.312840803863	173.049150866808	340.657236843095	435.654199006425	423.482152492267	395.304769916943	446.552450994888	3704.54202186323	23245.4846784489	18033.6396929433	1461.03245374492	234.692280332435	254.857094798695	249.205235725776	217.437923792606	428.617732686246	2671.58851709496	3424.96383042643	688.528974047257	106.211973478998	99.1677288298872	109.740854524939	73.06190188107	104.621625163833	134.70230512261	132.842625024047	155.807652422272	136.879893667052	138.97848686307	200.386081990366	303.832395157618	133.054692252737	473.149603381638	71.0765717571516	964.713508969978
375.067	-17.7505390283186	0.526956248532094	17.1807851312886	-17.9370362422226	-3.486079443739	-8.56453040941724	0.268350271449282	3.04827285946082	-8.22322823785492	-7.15118119237232	3.11314540650493	-25.4498167185437	4.30233263510152	-10.9064073698037	5.30735051001173	0.81031301576594	9.86389367533759	32.4618507019025	126.997099021754	294.215197636217	386.362211291165	378.554579614307	394.531367049484	416.895531740108	3052.47611669927	21517.6744911445	18989.8829442799	1898.62325731047	220.605889322065	197.77240349019	217.33945361769	192.927025521567	250.414684906587	1741.75275193481	3693.79475252879	1219.2914470944	158.767676982649	65.4224325612409	81.4192085124786	47.4706540789734	65.0781319721582	88.1671725346323	76.0424629970483	114.49509397701	95.4705964394699	151.564790843	108.060185857048	94.3007505426799	96.9860203373153	165.745361275602	-42.3837750081403	70.8316970392483	-961.389854740091
379.641	-30.2089558691783	-23.8584359930591	-3.21816346272976	-19.0069715610589	-7.0895378514814	5.50024266795522	-9.0477301121364	-7.67996000164889	2.55534889303357	3.89370327530137	-14.3283079213137	-13.4444004796617	-9.11792928745931	2.82862881590333	-13.7648669077621	-1.17088334374211	4.95759843919999	77.3090499034704	230.872374644522	327.72324783995	339.436886712409	352.093568430312	352.646488468784	2452.93610638466	19598.2284362517	19517.5324646207	2207.18109385056	191.490256347276	165.106692628167	191.326655203866	184.098524417375	147.315246196569	962.072859506201	3355.30740882982	1931.8572984395	238.013574041162	92.6346811535367	70.1958921448235	61.1233109998222	47.465879342478	84.4154941311264	95.0440721039432	81.475334371914	119.773643961897	90.9578752900121	144.788341675876	60.111943880877	65.9046793527265	11.3937015926483	86.2193404967149	96.9689746936534	341.167148408893	-1389.18584035551
384.219	26.0194086101614	29.2180919068901	8.21225279035187	18.8622140706286	0	13.9870288078045	13.8530402921268	8.06979098823242	5.32536333578862	7.13362846197038	17.8566487079444	9.4178877502546	16.4517944518334	20.852638263259	16.0017534059437	43.7673811734586	78.7174602632548	193.093694564982	311.784062381588	336.21808513127	357.535606383972	368.361609982792	2024.14701564275	18288.254881483	20425.9168206351	2801.12661177616	210.604777394284	167.699058212729	205.62268061691	174.214304906828	160.804697596158	510.680648670016	2734.46581865023	2644.10679875977	466.425072812628	125.340301890717	101.505129069215	91.5257677288066	114.874053476864	82.1454400647084	118.267177374239	109.036843684445	121.653118451874	166.748070885216	166.489032719524	161.797264772911	170.232517508198	243.934573416789	232.92269464519	313.729871427859	460.893241263399	773.871571008331	870.698382394078
388.801	20.2311924531947	16.0700772642446	-7.05650989133962	5.3872051341037	8.94878853351294	-2.96800268684333	8.43160829218103	2.38359594808927	6.86385575553374	0.86198690274348	3.51624435451313	24.2774131879897	18.2890557114548	21.7083022889605	19.9958446504606	58.4086117213452	132.768429968537	235.823280832698	280.387413671271	300.866767835272	312.772250858481	1471.70174077798	16523.5635999579	20816.7269749145	3209.12482505788	207.891520278536	136.642977836107	167.998153633277	181.127836832166	154.439121561764	273.953925519756	1821.77396763894	2999.02938744556	796.630843045033	158.720102141076	93.6062631965718	67.1120178280979	86.0179507158741	80.9492703758043	97.7327813842459	94.676085925605	96.9967300774596	146.281610522161	89.27505574691	180.331109190102	163.40847631076	172.998341317325	117.902640168345	260.136750002028	287.957701410603	171.359094743989	654.571531892364	23.380048327587
393.385	-21.9747569141737	-13.5131642230006	18.9905488952635	-3.17223373615167	23.2910024664982	-3.47111895621291	11.1528123478596	0.829382708165749	6.33328326452022	-2.19950235444692	-0.611746354841808	-8.71141511968241	-0.760884047114142	14.095369399133	65.7037722233446	97.8070059140386	209.336096760934	235.22164853993	239.45600567845	275.414921210768	1174.81428850583	13829.6790213973	21004.8201166279	3762.27941273293	218.35604547121	133.253771780169	126.982179182255	137.466494162241	153.058840797739	171.542311590725	1059.23525698621	2904.98029809259	1313.69257791443	171.893199364299	82.084004898794	74.9202465388183	78.3899870539911	72.431386013283	109.732594024422	82.8909698305454	76.9187062905429	80.4385473114516	91.9431536435101	148.702837500842	133.590394913954	116.154199445561	111.704315584654	98.102646120265	152.69775102233	96.7319218465868	220.187167459708	-125.268576091663	536.922592001639
397.972	4.05168212165884	-4.51055149860737	-11.4380930181458	-11.8989180969838	-1.65775315028767	-7.33092274371476	-2.06728158204425	-6.02125234934921	-1.36234464178871	5.8550109808947	-1.48040992416452	0.351356552014916	1.84131917676489	46.3183590039617	81.7721398196837	145.655603389267	188.68559787	188.714263181575	229.675988300609	772.510039372536	12217.8178357754	21159.5348334976	4351.34914301368	189.650268343218	130.393258315459	100.529512526601	119.269999255441	117.796224376788	103.130514811476	584.413732819801	2375.32647150863	1855.39982986329	284.711781357081	101.088861362525	60.6479140288743	84.2713770615141	56.1602730815646	88.7792097957312	72.5756456856339	73.0367695415791	40.8131872067637	93.4363906473965	82.3582048168689	74.2683421573487	135.600183668157	130.814997073069	148.513967344325	99.7104347195239	52.6445863272941	147.546804760792	258.487526798769	25.9839964854171	-259.867681242795
402.562	12.6601997061446	10.8415526882145	7.06952001213103	19.189822399247	1.59382888131939	-1.46838262098238	2.87092805096734	0	6.98566164213865	1.27937207716865	16.2258953085025	1.01342389874813	36.8225823063186	70.7683623450383	162.94951573718	155.376614128457	153.880629037274	210.749247557809	568.112049644855	9336.27087743095	19918.6676312214	4952.31600937158	213.544026204159	109.47942083333	105.262901260539	138.583367431873	118.528283354157	110.457516241054	289.081974784666	1776.5167459912	2262.14534515987	499.630045205098	104.427952121729	88.3230218591508	83.7734630191365	54.1443801689642	74.1911752540906	68.7223728759077	65.6181732424654	58.8466850580895	103.93137985885	93.2885408728799	118.135043420813	115.572225981882	168.360331516875	129.928375630482	131.514481763071	149.124144888008	149.896994457238	125.489135489636	183.120032341966	316.439085768623	187.385233869588
407.156	7.72608391179963	0	-5.06329236203391	10.2470268128955	-5.37394031696126	-2.91233588133715	-4.38007131430705	2.10500106125308	1.29891594443999	2.79120528120182	5.64593714635892	21.1048692500998	58.9878291256677	117.422584260341	145.934399556728	159.0439094434	169.400643150256	409.161454496973	7353.86396441542	19330.5258011404	5544.06780029418	232.791919332026	125.564844643937	86.7785197810028	98.9504388550458	101.487188234992	97.7200867179967	155.641985111253	1136.32217598281	2397.41783644201	902.156204500411	139.766486020849	62.617234538489	65.4274126193369	65.8757156191482	70.3043510221621	65.3991280182229	63.8098991813847	63.697563612788	48.0588469807581	79.4035279326888	85.6597444356305	103.853967982083	97.8207196596465	95.0386741908952	111.324302028935	141.599382592574	132.793492259868	140.928000279687	200.194547550346	198.8916850335	57.8065158402374	825.895455665137
411.752	21.8463926753012	-5.92153372638832	3.44758218556898	5.03906943677231	-6.52898510912849	2.86433577216621	6.03103269882038	3.3877753598843	7.87796391983963	13.7260080226991	19.7127338332416	36.9013797693912	111.887252099521	136.362515226637	135.992240103685	149.593341678991	279.172742733255	5563.28129469157	17788.7345332351	6606.46104470364	277.03828826685	113.31338326281	68.1353536309333	98.8836742147085	86.6251135971672	88.377432166273	99.1877383205677	665.832714285338	2139.84121353321	1330.9554867428	212.882084015967	75.9223334577508	73.4285065146263	76.1117922416021	68.3894179908729	67.2460141895238	78.3915140399856	70.8698115013511	59.4928012018717	81.0287275633357	67.233956628144	85.3712359957573	122.695303273094	118.465656449158	131.366447215213	85.1584949613851	111.168146974707	99.4377728719656	180.376726299025	117.072708947105	246.6432616554	32.487867948501	1015.35416677498
416.352	8.88116290527142	8.74218107496902	-8.29447936036681	-13.1074546170993	0	13.8138373570546	0.211996154561193	0.555722122865376	4.61030094589327	3.93003006734614	32.5184474146594	80.0969293711871	128.815801223892	115.322369052071	120.94603354898	223.410811546876	4055.80364676449	15550.7183373527	7015.50382432924	345.134941296356	93.1954707295078	75.241754319538	94.1133280379932	79.1912050081088	94.0300504330837	83.9132683832848	335.957903508099	1694.86295056619	1729.04075778001	344.9880627848	75.6522498613758	59.2530250007123	59.9475995797334	58.9073793438989	65.539234835763	69.5505481626732	62.1195677276534	75.6345149657114	50.5696176081795	96.8398785661203	79.9170236761167	70.75746778526	85.2061307015394	98.9306558627637	98.6282095360228	103.771086070141	121.438020542142	144.612592585536	160.712507793834	233.070511484447	255.308590433014	95.9261020771742	-1039.31028761231
420.954	-7.32766018463311	-15.9072172711375	0	-2.08255745578151	-10.1936269252916	1.38107532390117	1.24625908320838	6.53383307630617	14.1672249118728	6.73849677288385	62.650970254003	87.3736966972105	103.233517641058	107.47102928873	185.809019459404	2988.30687161532	13509.1280473918	7350.48599844418	410.790135270028	86.5616504031327	49.8423419003006	58.0034048692414	83.9973914258583	60.5492477908553	76.6594750682245	173.791277857577	1166.92045516644	1916.37446758801	586.147647609733	86.12826636412	61.2317562699278	59.6676389667903	56.7776801521934	47.0404876136481	69.4206597902322	43.9640772259698	50.7842649868862	63.8128765636137	55.1972755618729	63.7197024190746	64.3366527578901	65.5355254684292	96.0959599229603	93.4685970557383	83.6412501619108	85.0533410992627	114.270504039529	50.0919645873715	31.1264255804277	248.884677288357	57.4106853726076	454.268526193478	156.661028180244
425.56	31.9006703031694	2.40091606686516	28.9922326835764	18.7285671598468	-6.47095858398682	-15.7170659842822	5.29817813202039	13.5324131399032	35.2508722858817	58.0812857808601	91.6713215502323	105.044674408257	116.30681198392	163.727886256126	2261.26440233555	11660.3932685325	7395.21152617038	514.920028622334	113.323189429838	67.4616249411189	68.4577462351812	78.5654648878238	65.5590170638323	56.5568908968381	100.838943737082	731.51009647005	1822.39364324724	953.103199518213	146.580542310872	59.3074016644144	60.7044411769469	54.740574317268	44.1777510601381	63.4966120830814	59.2521496680633	63.9783211907565	56.2879863531848	76.7408042946303	37.0961889936008	68.444814747875	78.2861356560119	80.2351159424888	88.3837710078795	106.641864493923	100.380639339999	105.502058275358	113.262099053167	117.943884751185	80.8330498364789	181.240413185792	285.640093220834	491.768548874037	192.117579853057
430.168	-1.3223161321345	-17.2723323382247	-7.82144394355658	-5.01078425307236	-1.73128980440326	4.25339824195811	1.79915383521907	16.5942581853781	29.4435837591076	67.4010536333274	77.5616684232312	82.5620531164933	131.08440992198	1701.80484115482	10445.0144261591	7412.07089843229	619.792086333006	77.9206407330945	49.6956295042791	38.1510533908361	53.3423236925286	43.2187039498068	44.1933674926666	58.2743523399097	416.538751878354	1505.35590054095	1250.05130899963	219.907392236168	36.9762931207543	39.1001612023886	35.6688952848585	31.9722391508847	42.7106329294387	41.0990113733491	46.7687195979862	39.4914829174028	51.1148565046059	53.0945721728394	46.0124448288599	54.1635654746905	51.359552703552	31.27601187108	55.4913234892888	56.6395226515823	61.7417713813428	60.217234019557	46.4852283542353	12.396846771083	102.206149381106	160.512361962077	98.6673372013713	22.6138554791498	-508.866021780176
434.779	-22.8640387490558	3.13273643723589	-2.12789928603494	-10.6635052091254	-7.19604866978599	3.18223957825435	13.7597468053715	32.0617794877719	44.747195412429	68.1602657194322	75.5724565607369	103.712522992339	1290.69030260449	9660.26980710375	8015.12141947811	731.02261814741	72.0258344066542	55.6170795604955	39.2919667346213	54.3680874830155	44.7897413167849	42.0350837443811	30.4653710655764	213.729720445067	1153.15621539776	1467.65865036276	398.036562848215	56.499371550937	29.3194635554919	40.8766590665522	36.8191995006716	40.2545283628212	41.0396791526704	55.0916036887589	48.3204543287251	48.8917724428139	26.0531464671952	42.6878856991503	35.4680337056372	39.7417918046254	53.6279307591976	44.1992201632285	51.895765400995	57.8303037849939	53.7943478581209	26.2805483487314	29.4062755343007	107.176331760625	47.4622540215767	167.50956228898	224.410832584306	60.155993932603	-225.609039753968
439.393	5.67797613677705	5.44581036188122	-0.352290088966902	2.9791551647279	4.28890028480924	6.84897500996887	34.2695231718739	53.657705863846	54.827519938504	54.8539323545277	88.0918866107914	916.899662422394	8688.25131763734	8837.35407343754	957.741333062779	94.2091949503887	47.1700931938969	55.9126377223627	51.7975169502684	56.7066461100525	61.2236440370493	50.3205958169159	112.861915137065	784.224134525476	1538.23912622058	647.350411772695	98.1392852035216	45.7766543780726	35.3876824667804	29.4461357050174	40.2623651441617	36.603191884447	43.5673659530978	49.9524998255397	50.6471537940795	40.1808785826265	59.8932337857109	56.145833550292	57.6147383400211	56.7764211501691	65.637602654937	53.7192112360874	46.9681951042423	58.1058020193131	88.2862386254738	47.5496335357976	91.0022855583055	72.340376114358	130.962351786453	151.713066772574	363.707717730159	89.6335862046764	504.242702796946
444.01	-5.18200209319664	4.23051550211503	3.13479439874551	-12.7638399071341	20.3541660855314	35.9416033815565	47.0044881276528	43.810327460272	48.4001498460345	70.7995646287591	593.772747499973	7053.11263117646	9142.74607917102	1241.4386799789	96.8375573283018	51.7472070848312	38.8122015882049	28.2986213309528	50.4910915747848	50.7264412901641	47.7488754238192	76.9217724902998	482.604909268364	1423.21231047968	909.859618034469	148.743374916638	43.5394019670079	33.1696659691988	29.1050037244854	43.8234807165655	36.4649280487899	34.669132588507	46.7673738326444	41.2092772390131	45.8202840007854	27.9816122777338	43.1331208820184	44.2539942489374	53.6854028845517	53.5037228904175	63.0150884034137	39.8342842451578	63.4269998052895	75.0759429468196	65.8495394228019	60.8396995976679	52.2073039609224	78.2706632162526	72.5104532451753	133.063859140744	185.599555984776	125.546490035358	1034.02255535517
448.63	8.90153394293459	-6.04017898146753	2.73517903589925	16.0626044622267	27.7491725178193	30.4224749267388	48.2537452258082	52.2427635742766	65.5624255038152	453.50594664372	5896.05284650949	8994.37354283693	1586.71084288946	94.9621888149674	54.6929427371613	32.508438432139	36.5613963645889	51.6792293412937	43.8972818044758	49.4180842179498	41.7029799792644	265.654619812239	1128.14957909008	1145.325126435	242.446639303176	47.6371282717863	20.7583368945998	26.1688712835554	27.0494869170832	28.5774620089352	41.4608436213875	35.2248661313434	41.0740495955069	35.8187899849637	34.6962641828127	45.777355839118	44.1329751935541	31.6267769404482	43.8470761217793	39.6041975566352	42.0059066854743	49.1267133864698	37.800215743937	44.2161846717004	62.3823315087984	65.1485630826038	30.5295680174819	68.8816565943979	130.48821011617	197.108220488034	129.045787435907	137.733148227079	199.371873437468
453.253	-12.9897708638916	-16.4201356489945	-8.44948072873014	14.2906740442705	31.8201531212314	36.3918648976118	50.3613563655251	58.6184995731751	303.203134267454	4593.62345387764	8572.10690534793	1952.32970609672	78.3044806754452	50.7988619680865	25.4428991032977	28.6927599304468	33.7126607647618	27.7785477731004	7.69897418563673	11.4727599516513	138.997778962293	778.928597644829	1275.41656330538	415.99132659055	48.1223543752318	24.462964100961	19.0115896459679	21.0561428741843	23.1341735457184	19.3289225739572	33.3193113573004	35.7064729628925	42.693218027508	29.3034256423122	41.6029852750715	37.2078137793561	27.666035911403	34.2777632212668	28.2336305935204	29.3627495361312	38.7866378906307	35.1839198351707	41.7631451046558	28.5061737206416	18.5745267552935	46.5125261871193	31.2575449778051	11.785200841145	80.4111040814634	107.988800048512	82.5433013756814	-21.4981142814534	-680.846235094723
457.878	1.65995913899319	19.5883359420213	32.4682854358372	42.7736900454297	50.5306436335328	55.0632841056895	62.2984366050876	252.773458084335	3685.07615637953	7959.3577832579	1942.7999170273	109.401601990895	49.1856827924825	52.957562527186	45.2416692513334	40.9196986447987	44.8181504367238	48.3814996480481	35.6980930529163	86.8664690969509	517.035221048441	1230.89351280193	657.276567553928	109.402836621722	47.3474543506171	19.3819145665315	24.506954507154	22.3429056772212	27.0771073196177	30.0394565476383	53.1479565480844	50.559794027186	47.0129591569246	37.78807627512	37.1135772634668	43.1570883118568	42.1532621734424	52.227198157785	53.1667064743554	53.1025999342402	63.268691923748	55.9484855223818	65.306808534447	43.9159279234384	58.1302847167775	25.6898868674263	112.084039854675	114.12341548035	155.955340550158	141.823542362263	278.687844976303	461.307036435183	496.845184491645
462.506	9.46538265497056	20.8914922940441	28.5469034138698	32.1253573841111	36.1010320496447	54.8535369942533	228.083197945386	3167.23115897669	7499.63075140183	2227.01366703653	104.415909253063	35.6880674687436	23.3409558035908	22.4656578898163	21.8647840331699	20.853290230997	26.8462175023323	19.1289293574121	25.0901689683131	255.524225895735	1034.06956279456	880.352158447807	165.720117021758	18.570865224178	11.4295124092812	15.3165097039243	14.2262246657226	13.2942498281588	10.32765809113	10.2219294079801	21.4298847981417	29.5618969011845	28.4423274043222	24.8826021730604	25.5762927990963	37.5306917106707	29.2618758239566	27.3762113598855	44.9134858503765	37.1970227048766	43.4715862396525	56.4565592245479	41.0169856172847	23.0196481393735	12.4050127092959	29.868680976066	20.1131925437385	74.5921311636766	51.0043274153269	122.198900025499	184.246693022434	84.456076482881	527.90678232436
467.137	0	7.96060184339302	33.7540891996373	32.947550731352	43.8861393827731	184.271774472762	3341.33764630378	7386.11888081976	2409.48096750394	116.144195242048	42.0415603393477	17.7575146793296	14.7714338029549	27.0760236124568	19.6237101926693	15.3015058294703	12.95751994817	8.97816207029387	109.939650190219	706.922162089492	988.344716102898	300.112328381313	32.7877859810058	13.831024566491	8.2341421132214	-4.44743396034822	2.63341648356499	13.7081167520151	27.0922684662787	14.4166200255821	14.8668881798229	22.8902601183707	20.8427254651046	15.982329428882	11.3934193233038	23.0764330763744	23.3862401072312	36.5233193046077	32.0026270011041	33.0093349691718	30.528921248905	38.4392600264957	41.0269741691564	43.6097824667787	28.8162125018541	0	14.6313385856241	30.4722749503054	110.454358702057	43.2487582506608	87.3111188675867	125.069316237147	-538.550328856427
471.771	22.1763204947405	21.904881221798	31.5463232284601	34.2251394159621	136.201214778757	2959.50720192791	7055.60957297709	2725.68149696599	132.682369697971	38.3499701146001	30.6433864116238	32.7276890485339	18.7637858513844	25.4410412872333	22.8131249629677	26.5051679925419	10.2288097140544	58.990016440982	427.3254987869	987.157483944207	485.503168624834	66.5510053936553	37.4687835717003	-1.59603991022154	7.26362945907067	3.82515860065025	15.099696890405	18.8139999667129	22.8390144251758	30.3310299944327	16.7400437424363	23.8521687105408	33.6121055778958	20.2667100679903	26.8919859128711	31.9325331880393	17.0651198008451	18.1229165221882	30.2289090685977	6.96119107553586	46.5431828015108	20.9809695637845	48.6468177156202	21.3344505038355	41.4660575336448	30.9853273124563	21.780265280682	30.2407615561865	74.1514457528306	112.947830013408	274.384610778733	262.029213088243	-155.165425459187
476.407	21.6756558326247	32.8889934074847	46.2982674005631	145.718403189237	2149.49416227836	7041.24697921551	2705.07815609816	148.574938455353	40.3103774440969	34.5925032081084	23.2316623389199	38.1506316169557	30.9384139473741	23.6197151266097	10.2476512726455	25.2870893055763	37.8226622303697	244.385680137415	827.694297185073	705.856085540815	121.269350122186	36.0784294168298	19.9593440518307	16.8422961327952	23.8024256782179	2.34340724537732	16.7665831164635	17.5771842085892	22.4489771078993	23.3586012244921	25.4213595482943	17.8090528522867	28.313707339894	28.3633539744032	23.7293855371625	28.8996360802105	31.2592714141124	41.1352957283646	29.7126695156196	52.9943625470124	36.2810621379148	54.5911702845287	56.8515160832358	40.0506011918882	66.9027997985476	38.5582920117641	77.4384801386408	114.149643982004	83.4481709017619	152.921477969394	262.373944478718	398.149153219126	5835.56688373346
481.047	1.99779690824803	25.2652702878975	107.963350542051	2308.68469172327	7132.45593396123	3050.82334528897	159.831238739619	37.8442087396565	19.7044527171438	15.5371982451296	9.57705087463966	4.71230001088116	15.9792987219871	6.79846162152855	9.09786313768977	6.83996483864949	112.94738868656	566.906579654991	773.842302832751	249.145157186424	31.6567125879139	17.3034878901157	-2.93131023503989	8.22435073724213	3.89888409080085	0	1.4387635358849	-9.46534078207891	10.8865029987025	22.9678765143792	22.4930887190501	21.9481399895537	12.2414494983663	16.8817198845243	17.2611446102451	25.5707047085942	12.513983948901	7.18360780645407	20.8551157592652	11.3618014887231	14.3588178314083	13.7033076334615	34.0592042793367	3.02021565186589	-0.708466443569667	15.3525536918119	-26.7221717343614	21.2268199381526	38.3378333689372	147.742810102494	221.815749703523	457.820727426414	15786.2490730431
485.688	21.6131347291198	91.9661433457219	1843.68352843364	6942.15486712806	3683.95062697528	224.496188749029	46.4703254587594	32.3574556288746	20.6353671689276	10.7263961406039	18.4849252022895	12.4950843767054	5.52956917761518	14.1877027666651	8.00877561191405	46.0432330090478	345.514292938141	772.519906465761	374.714069222973	48.7831122436057	26.4838233104271	2.6163174587857	2.28381006981165	17.1105789091283	-1.80256482040182	6.1337008388771	-2.30596161468649	10.9181380140273	16.357703207726	9.37329820614817	15.4904654448661	22.5494406986689	11.6920567580968	14.5781149088567	14.2572334810538	28.1759164434457	20.3276787389746	25.5454545797385	26.208470372902	23.1689680129335	19.6137180580372	22.2468197550697	26.7691132707516	56.2721575196594	21.2903699524576	44.4277308287693	63.8311635120213	20.0123765418749	92.8083359457991	210.78171887034	254.449561700605	4154.81803391727	23531.6481577911
490.333	75.3514292985863	1770.15795553978	6718.15937399467	3567.6896604296	268.944080741666	39.4024541844396	19.2686486835344	19.85472400076	12.0392326662079	13.2688672703979	12.6530146408039	16.961574289601	6.99453070297333	5.39890048544617	18.8055779515082	197.056433268433	621.404916661838	520.725106210538	93.7264273270259	11.3279165277438	1.04688261715533	-19.9774444513732	5.55418714994759	2.85576914858472	1.80509696244634	1.75494774802425	2.5978510128796	18.7019970568401	6.32236833395185	19.0573689225099	0	15.8067818225091	20.2756623999757	10.5109872679639	20.9602345917812	16.0315320408499	24.0882101421105	22.6989349630237	12.5520935737844	14.2465439794486	18.3318522893506	24.1740768697574	26.2810951185702	35.1437625655698	22.0309533867632	16.2560128440597	12.3717735393763	50.1012220173839	49.6741369784612	175.149674796975	340.938941234264	12331.1654473351	19160.2466778401
494.979	1340.67068560566	6416.79903094099	3983.53424352667	283.016980017291	44.8535443264187	33.8318880810692	26.3497152861532	20.1660153645501	16.5262517285964	20.4233775608456	9.36963716859009	21.4037357465728	13.6932875628478	13.9190736554328	99.5274333900421	477.395095807803	616.271113622578	192.958424128828	28.7782919573307	20.8792360841593	11.5120642633952	-0.327395441493835	6.53226981705657	-0.634414521418563	-6.31583988021741	11.9883476362389	4.61694015531901	4.88974352764202	16.6627868141579	14.7861127567782	22.8380475357302	18.9057001690924	25.6934097872555	27.144790192987	23.9903548084449	22.437041668357	33.5771560117247	31.3362277612686	25.0962421007452	31.739392712262	39.7064429036995	22.744871705378	35.7309775366228	23.0179366594699	44.7584129308615	36.7782804219213	46.3794678156684	65.1109755862852	68.8810285921851	141.422273122742	2880.91921075456	20145.7213791447	5293.95570760538
499.629	6001.76185392519	3943.19514090642	304.568330621156	35.6588193573376	24.0146828822246	22.8460002661185	11.9354894351171	9.48104036625268	8.58057014862888	13.6193870070088	14.6856003107174	6.36231348268429	-7.82820170270139	46.925694992859	300.985794126042	614.053954936002	298.5486598307	37.3714672605308	4.99512308869752	-13.0302482476111	-3.47158367827154	13.358105138398	7.47567354425711	0.631337356750165	4.48943251839031	2.61882424666374	0.28715913408389	-3.72107894445868	-1.14358383590018	27.4480045363259	13.7485977628715	9.54740295811596	15.341271871943	11.3280855506697	17.2255385125749	15.6297491172867	8.10043475130517	7.5272290169365	18.5416855787381	27.5360280486445	-2.17109070018632	16.0328062235614	19.3475546342717	14.4671308056692	45.2483217182081	5.10696153810711	76.9241813505738	67.2872828486718	199.264325580433	270.30308776594	9432.71515577079	16045.2242955491	358.038303943863
504.281	4387.82234913416	403.116087319688	50.5455207122036	47.1908510455657	42.8529905820637	32.7396279062518	21.7233000985984	25.6252445339878	22.7262033510553	30.2033388504809	26.3680404816971	25.7524430218314	37.7302648720438	201.196529324217	558.803325525375	419.267014227535	93.7363575129378	41.059822248878	30.0016889100194	22.2095507511358	29.8864511292337	17.285626665844	14.6414222052916	26.5435518739177	30.260062545378	25.3414438213611	20.1218975616584	17.4784785234759	19.4610015918063	24.0772136728273	29.2108318055169	26.7041156202263	18.4854157182326	22.0980404438485	26.0162478963421	34.4848182213894	35.8138664949536	37.3162017919592	41.2883843409673	48.2378122340966	52.5946527024	40.1234077162765	40.8288567100718	63.9624794404752	71.4812492825632	77.5355706651667	77.0036199161212	160.907838295367	331.918251665603	2057.31940522826	16540.3812505758	6259.52617166534	1075.22413582762
508.936	466.991397237426	31.4757315557441	17.6162904679063	14.4458532637022	5.45915383630221	7.90346476220527	8.64479190939217	10.8585252403023	11.9279750132058	-0.208670575349148	-4.1786949567768	10.7440703661463	97.8847307351938	403.427802892706	486.070541225578	125.353080790166	21.2992118596033	7.86729427128574	-9.94931541939808	-16.4841224855211	2.76588827995941	-7.78734206032081	9.71092848445453	-4.71563041602217	-0.894207798014739	1.73872982342724	-10.009391785152	12.8278849017614	-2.84724622643455	-6.19981502962863	2.79434056485427	2.51689938370888	0.565867317642315	8.09966307476396	12.6404999669492	6.67101981841649	12.1008700302123	15.3497497598689	-0.376851407300319	13.7116054794154	11.2434170432746	-0.939242274230834	5.20764494856682	20.4111320660338	3.52054188169915	21.1918247871991	81.716285269535	129.059381640054	152.408006622179	7226.0117976545	13746.2033959023	475.377819775763	-356.571395229889
513.593	61.5873076020113	42.8953996547915	23.2455429727316	37.4004679857009	20.9341879286543	23.0961917998386	20.5909416755362	14.7066809141451	20.8852167605751	17.6337711780335	21.2334739125701	50.9427332847753	273.285923445801	515.274303426377	259.326975923121	31.0883010411221	32.3351826827281	18.6512867133569	10.5508387254082	22.3158282704684	10.3117164778535	26.4519031531452	27.3541666547218	12.8143747229211	17.7800717929195	6.626340531308	21.039548981559	10.4859872807179	22.6454040908692	17.0903496699826	16.668466535613	16.6816750488537	12.6579154752338	23.8699811738822	23.0393779043584	24.9496862814389	29.7419311557041	40.4578460277587	42.7110309528146	45.7066408902826	35.6835559270613	38.2848147409162	47.1137660337111	54.3118541919653	34.3005159397233	78.3747838673711	141.155723013746	127.074534388179	1428.40114872762	12799.7412338278	5956.42781370246	472.61116393414	1536.15012206587
518.252	35.7478198965602	34.6359920357035	22.4965920133172	20.2449861914988	23.916388357467	24.4032358113366	15.8565946205458	18.3700514300786	18.1399361101626	11.7663748414765	33.0702338824186	157.521081834788	455.313135670699	364.83587833162	74.8102968487285	27.9752538713426	17.0840043959653	15.2661256839338	16.732033720987	7.63303521868969	37.6221787628691	17.3331853103145	20.1737512246088	11.1958639508725	15.6278659791181	18.6337738386806	18.1061547837106	13.8180013649894	12.3932243874315	17.8419630729269	21.5615783296339	19.3654679328729	23.5109681026427	33.4812292490747	25.3069902397467	22.3119688678401	27.2668242234771	38.4915989845366	38.3984749917939	35.1074005638993	51.762703712692	32.9847042881679	51.0015261418346	58.793590166429	37.6131651732483	98.9502654586216	224.325277549166	205.012018787985	5680.56677114546	12038.616572562	1146.68762717581	315.751442188206	1646.11393640904
522.914	20.3082348989313	-2.43473187848967	3.15006161833141	-2.36787746698775	6.13598876387242	1.64880348781242	7.08501173152635	4.33358243012121	2.97651527323282	-0.410448322606859	73.517598408354	318.082378254891	416.59364643152	116.288348023459	19.4019534367452	3.7439444669955	1.69844051122622	-7.73735763104313	-9.45882560955425	-2.06960040811373	-10.5408010619615	-1.91468147873536	3.50186550483816	4.94692994078132	5.27663409385363	3.9900300334526	15.1880032048086	2.80355975319371	-4.48035353612606	13.8577694614306	-1.37409454557463	-4.40058692078558	5.56521423673927	5.12092839812829	10.0637804683646	14.6837867965245	0	6.31935313814491	2.2237638594657	-6.34595006688405	-2.12648465081121	1.8474594002267	13.3162515576688	9.44659800007233	22.1593371480242	107.543788670793	90.4124867215407	873.849292523057	10197.2603978013	5509.41703480192	27.9755207193634	-113.542139082993	1052.04673071526
527.579	-11.71518701328	5.56457783238796	0.629953047644597	-2.07169784526632	5.11284287215775	-0.706563581443749	6.55301923918261	1.23804991314061	13.1304495070312	33.6535957871654	210.715400272919	413.414003355056	190.814308545059	26.0239910439296	14.8195421943746	14.1721705099758	5.66093569971048	-5.05856553753042	-6.19657853340227	-2.06940568544869	-1.35997539467597	3.1908355532341	-9.23132224648375	-1.23661612464355	9.08668147517114	-3.98965462316632	1.12493142295503	-5.04593275398295	11.1998299818294	14.9649828742735	-6.32024020072556	0.825032415449894	6.12115968416301	3.6981003113267	3.84755402223628	13.7452304391879	3.9666305672337	9.82917999566645	11.1177731600562	16.6565516117554	-10.6314228803686	0.923642789080535	4.09692266781704	21.2528456937535	43.6220903487488	95.8633493936866	134.601481444126	4219.95327365938	9985.53682237988	982.325457804375	129.374609702055	93.4964933694623	2120.59307669578
532.245	12.5037107212885	14.6157968247565	17.9644534806756	10.3647155276534	14.5803609132947	11.7831380681272	10.6329050935623	13.7815841694437	20.4958134946591	123.402246578419	369.830217877352	310.382412471676	62.7906395733121	19.3912165078566	13.7500172303451	16.5887306996024	3.11538611241463	9.22998768560834	16.9692508225455	8.97281479439392	5.10297319272415	12.451738677376	15.2886141153662	-10.5175551747635	0.293294945669627	12.2613048218896	8.44205699230361	3.92697337922258	21.0123037461133	18.8561205149201	14.2978277187319	14.8595098963738	15.590499280388	9.10848781002475	8.29202062266558	10.3151193372442	16.8683130590786	22.8314546077946	25.5862484625352	23.8093765213592	32.3389522410709	21.7186523919756	18.4472336441194	41.940529115408	106.003040518272	125.114310165062	678.437402090226	8259.37567538364	5134.80120770327	278.018533018071	234.413759139121	1196.13799604107	2840.29538260266
536.915	22.0653775848886	9.82574831335565	19.7044919013234	16.1256600339667	24.2468691972312	18.5361682230437	9.65003401671804	17.4888621740005	74.8996093599923	265.442840897594	363.954445885425	121.095984199487	28.3643101118767	15.9226837118487	18.4874229204983	6.74521618436347	17.7070119854058	16.5134005224225	11.5175940437071	12.5283031567062	16.4667412967579	24.1468815269091	10.9204414866115	4.05521263685915	12.7176664893618	15.527315977358	19.2961352735683	3.6771188839744	22.3189569955258	11.4646733809485	26.3405427076208	29.6912786433616	25.2667220746614	16.3608384406035	24.4878463662976	26.7925247090959	20.3453754526828	26.5653710113484	32.5320305980169	25.2099346209331	43.7670143862559	6.98973439057555	29.9703033306129	64.9286617508081	143.223786081415	186.72527100248	3175.41726553598	8714.19380165756	1162.55816244266	302.430084592346	345.755239253702	1664.4072766235	1701.65046796249
541.586	-3.58651627484366	6.388325983146	3.21425635402945	8.45646257310679	0.521752779843961	1.68240426041387	1.26514436183841	36.6385668357695	169.724391878366	344.682935025445	180.783430467719	26.8166614503808	19.7039321338478	10.1707006806874	-1.9247417356594	0.272874419393287	-4.62147421572588	-6.37676011538802	3.66094637797503	-1.4078510344834	-6.59214856012692	-2.60493406357663	0.64967811102085	10.4109696177165	-1.79472200007751	3.19891187535504	-3.44389283068019	4.29103975212591	3.71447223432521	0	-0.84125823414654	8.98053192945878	9.08580333432315	10.1602806597133	6.94658789920332	-0.63757557288596	-8.09569383146244	12.1798095987284	11.7235886900407	9.71291015680522	-3.90567605710069	8.9542656520776	38.6724622851431	83.739760402432	82.6711750683641	405.765821727679	6777.6667579525	4669.99318056227	151.352254036835	127.258335763011	656.549503109059	2085.4080179665	834.933763581437
546.26	26.0694639972255	2.14315836304355	19.7332580394752	3.64754278346822	4.46346512859617	2.41891589455877	18.3718066849141	111.895236980214	303.875586036337	261.336509046592	58.1483012184495	20.3116069494009	8.74890485993681	-6.82414212403532	-1.93713956912668	4.39411335383642	-6.68616110014195	2.75050059522067	-12.3934110903873	7.08459710673701	2.09514017302008	0.327714152243877	3.59624584434203	-3.4926765889009	-4.81675290077813	7.31708413027036	15.0196625270243	-0.863735922855217	-4.60110554309284	5.97712768318485	4.2333851420866	14.9698139007597	24.0038601954306	12.8551984586172	6.07941994441737	-0.320841193305053	20.3696015027803	7.57128031778573	6.47047628209377	6.92429401063806	6.55138946196368	25.1385771111329	37.8696289684501	89.7360766638364	85.3371124853197	2388.63469411172	7605.38392167311	1099.19063814606	203.637359766249	125.831061282016	1091.72105544032	1275.76594650454	-85.7461040875465
550.936	4.84898380812079	-10.0765482042579	-10.429648709636	-10.4123512024953	3.43888236207749	3.41192555350215	71.6568962445034	228.034035578626	291.847103752356	93.641364270347	14.6462951843614	-6.44762844173942	-2.350569889903	-7.73483988791491	-10.3160951457307	1.93686814290755	-9.37237639163342	-13.8558282110509	-12.8239988572764	-2.85513002617854	-13.7207289013661	-7.92423198083101	-8.23469350047053	-4.79852420286299	-13.6488996675297	3.5385882284614	4.94716613531871	-4.64120180889867	-8.11243045497786	1.1470542872936	11.9425358910516	1.99199990961125	-2.0153504895793	-0.294358683405867	2.14378353392604	-3.8790208285907	9.91927710610784	-6.90167293446599	9.20342150310733	1.64148648963448	-7.92073359327158	11.4690331199888	59.3509013547708	107.514929108258	250.7699449556	5432.48995056277	4441.39552946059	102.284349830422	92.0829735062711	206.011738672005	1573.90350424586	338.613979620505	-915.737511544242
555.615	-11.3307160394398	1.44159604903104	3.59039494856623	4.60035118845472	2.91404657690689	40.270339561683	168.849158152549	290.908762670031	160.014105860035	23.6038017460128	13.0115375476198	0.842215553922164	0.882742980891221	-5.73782629277157	-8.09732273693339	-7.75871651282663	-6.15954843192142	0.925062482386209	-5.06945146717721	-2.50186447788259	-13.3883177057321	-5.62114382139882	-3.62852360092424	4.16475654595338	-6.68247965047027	-7.67806822727147	-6.99437079445181	-7.84339470945619	14.5075072520785	-4.30769629594543	-5.69517530770988	-5.41470389283648	2.306600430463	1.17914354985807	2.45359407593937	-1.6186043619455	4.79556627433036	9.82187435781882	0.768064872452089	8.21934393117124	7.49154960067948	37.807024004107	59.43703758031	94.8238621024654	1729.95372896672	6423.40777372545	1185.60526411946	92.3159762450283	132.662497236716	578.123458537209	1547.20035704087	456.754227850817	-276.850271831975
560.296	23.9784532885194	22.8031041723257	7.86738875210247	18.1727883720507	33.7891568339127	121.577400599043	275.563755426242	225.484859490781	56.1190396183017	11.1053475037501	11.4045196270769	16.3530899753309	20.3906907814961	1.44064585722042	16.8253664455653	14.7495086181362	2.06204172753832	7.74211559639248	12.558601051155	18.3065179923509	19.4614382365757	0.332082206168448	15.9018749600511	5.79146721295291	13.7276850783656	6.82144347486312	11.7075826218773	7.58548728107866	9.90767013521452	19.0356443904456	6.00573583742616	6.0104949339609	10.4244874848723	13.3226013227353	16.0171742697486	13.6549408198068	21.3291417682634	23.7472758217063	10.027925183857	16.9223566679105	20.8012975132454	67.7695097865459	115.123163115014	241.461737726332	4284.8143665201	4042.79628853356	193.400660527157	128.275941279347	193.353085542209	1095.2047477765	1077.16001267429	173.759468266611	1060.04581643312
564.979	9.43232828704444	21.9142488845035	10.5850098054429	16.161989438548	77.587792196545	213.45379984773	252.582111543765	100.275868405475	27.9463451943274	14.0076113471375	16.5427142424307	-7.11268800355599	23.8558421531636	9.59451636069587	6.22526551884108	7.58206256979669	14.5652320119317	20.937092075993	11.6450236511317	4.34649049516777	7.85519265869979	15.0792602571442	12.0345959848239	-3.24666900123126	24.9339870887016	13.7666476788893	12.1091320234358	6.47671422431606	19.7010485829923	14.2607263102462	5.48305307195332	14.1517105838253	9.64246495033551	15.235917477429	8.39205340324653	-4.92100389107725	19.4397929893408	23.5940410893903	16.7350922329901	24.9890735613609	24.5627605582679	92.1490261745955	101.108747228124	1447.65333054244	5575.12343678304	1248.35292925294	131.861543523833	98.6816674048068	396.772376817132	1364.76728664962	488.384722687317	364.698293680049	666.34679857196
569.664	16.1108736280044	5.88652149681841	7.33039503715657	51.3450682415569	146.844874743134	263.348891325818	128.713164847293	23.0830819128815	17.0385514864549	8.90016372371296	1.93201759150479	14.6159597603033	8.41058509576258	8.49318449300728	13.3966579558589	13.5777638079401	1.79653627061331	10.7024668094036	7.93510551897786	-13.1347980960536	11.8689284714106	4.72562190695613	1.01021469443743	6.21376790771525	-9.61239961943035	0.602925669464261	11.0076419324113	0.889644956679914	3.85053702701987	12.3128408997958	2.03484016289288	-0.581843606158312	10.8902855020881	2.40741983815079	-2.19162339146901	5.94837537190557	-9.79095495656951	-6.68433603912032	5.88050097192521	31.4646989527926	35.0891219031842	65.464425317425	166.857222080672	3677.12931069409	3820.5863454944	155.200794205363	89.2587582130672	90.3664468153183	756.405979693389	1002.12862523306	-11.0967319717924	7.06470123128174	388.600014155697
574.351	-16.2488774703459	8.90541711798599	13.7782108989558	105.148575514485	224.47246278735	167.856143971151	32.1232461817593	6.76959690506529	8.77903891597282	-6.3491620195466	-1.94856702620681	-1.73425392316008	-10.9062375109789	-12.110461395681	-4.02467595869354	-4.84998288787881	-9.6636010043092	0.634949581009027	1.39183942547393	-1.47192324739765	-9.43137891257108	-6.46827996462577	-13.9245303487677	-8.24604514521055	7.19287035180859	-6.99303798541076	-6.60114881279893	1.49544258399451	0.298732328677887	-1.18269630875929	-5.57044812979282	1.76048282948546	-2.67167928711795	-1.82103113429847	-5.68387691696279	-1.33318410075691	-16.2229236993616	2.62173071721927	1.976957549775	-9.73182803432059	44.0102569811664	77.357867014601	1020.64670302384	4853.08633109878	1259.56647403532	29.3494173551494	49.298494730205	180.979022911105	1031.06108832038	462.173493474958	-63.4201165209231	-213.756498850866	-801.672373678082
579.04	8.40776644905402	11.6063751790778	64.4250047545787	187.657679520341	238.051668968795	68.4567742372383	9.15173906440892	8.49651866448124	1.50775573895418	1.98816675800677	-4.66950505656508	-7.58274882042303	-7.9476308243391	4.76857593237506	-8.99200344469679	2.0150285873391	13.7117666174766	0.640665190435039	3.15982869948226	3.34163929792299	16.1044689642521	-2.40450195822269	6.16823755812852	4.32654214677387	0	3.37460249587696	2.11927233810283	1.5089040713075	-2.41137135880779	-1.7900138338716	-0.295820604760369	8.58559559356641	0	0	8.60256198995	5.71703620760886	14.2338758063249	0.755808766758395	-6.38321112978239	32.0198829853527	50.3577992640168	122.301512536132	2959.39516029242	3392.46855121055	132.680957940237	10.768585911177	71.3693349185012	437.471292618869	1047.06509391957	162.510273675069	94.1044172999786	-172.544532213584	-719.012237696505
583.732	-6.34626370056267	36.9264194217258	145.715229479221	249.142763306103	142.362122192241	27.3031437469508	4.98898215817133	4.69467013206001	15.1742488304037	0.666972249392284	3.7100923444928	2.34811585185971	-1.84583042033809	7.49868205346755	14.8881644797887	8.40151062598705	3.06659985039653	6.77012423414923	-2.47340526615016	8.22083539099302	3.31522075746474	2.07421875447652	13.795097962693	-4.01934276309529	10.7974552212076	2.77874477385306	-10.9690102297577	2.42972892732462	15.7744296700108	-7.20597232649184	12.2064250423763	23.2403810309764	15.373759693377	8.01322923490959	-3.84787986075897	7.78441657336718	12.8926410925451	19.0163930381515	14.454329100872	57.1460647977052	59.4346868314076	707.49331674764	4247.28944478013	1200.54306888716	75.0178835384521	68.6384131720904	154.536926205243	864.687708288178	713.796307941027	-4.74065049234569	-49.2481096091242	36.1773020005026	-271.358706976635
588.426	-0.850521691296822	104.153138165659	197.573228454978	154.38009902197	33.6856745354984	-0.512964625845971	-3.27880861668848	0.842646844466125	2.09719321091556	-4.91629273225727	-2.48611952212578	0.295024495895642	-8.65819023222847	-4.22086547027614	-5.86853259655779	-9.02712841369348	-4.62356441703	-9.72136258705993	-4.61709846983539	-12.0190957025059	-9.25632288902013	0.347481629825071	-0.346651705370595	1.34667355709878	-6.06491388958386	-7.44810747315832	3.06262260909731	-3.6633433638086	-3.04915053668723	-5.43228312532566	-6.58348508765965	4.19281036826297	-3.02997088777157	-9.60338756752497	-3.2230630508522	-3.74213508941977	-11.5190831694584	-1.91142247615787	7.26434541654676	34.5504110712846	85.6742951890276	2242.53354477196	3154.31170577646	147.866519902796	64.0932474198902	35.4035484477683	311.757800572915	920.965401867771	202.319317469942	19.060156959312	-148.504414206696	-319.998093581502	-509.142179105468
593.121	65.8178503548058	557.628375747571	209.937721951392	69.9644021642607	24.3414645694534	7.9907342945131	7.55960890600769	3.21807950906504	17.6279236135406	1.57210181141763	9.99423529345725	13.935530607484	-8.70151149475052	13.0289526213961	18.2834769943233	17.8519366187999	5.26625821579319	12.0496709011986	7.85264636730154	18.1188498878032	13.0236916723509	17.1117924689678	21.9483291816501	31.8051735268072	11.2281099582486	17.7777634531097	3.38574108844827	20.249200980719	10.4189836779656	13.3453553658853	14.1350909715412	8.427578197334	21.6204325835904	14.0101521180303	-1.61959482484585	15.3853317231773	-1.44708986404181	27.6622024351123	57.5943525384364	81.165676545852	458.440119470989	3595.19009927191	1208.40228541773	80.1182169593567	72.7498594337726	95.7941657450943	550.779502398547	801.362297034232	111.063491202157	160.427517449633	283.187480947749	131.563310861103	1023.37934490226
597.819	135.012060816304	220.954575371693	118.609435502422	23.1367135801558	14.0739953145304	5.44583195557683	5.46025213735694	-2.21516696738861	5.01194880001234	4.29295340023495	-1.00547092105529	13.4232633469478	5.31502771509014	-1.52416154051919	11.867166527172	14.7212758546101	11.219556095134	1.63818675840884	-12.9275374697779	9.11424243587629	-2.99485633509696	17.9180005580087	-5.95840174667832	7.48880533871643	8.71409563923226	9.72711178043162	10.2186834030777	3.3952877438667	6.78248850950546	7.6284696067897	3.32823037867406	13.3234710094398	14.0923625393418	1.25288229914456	-2.28115271798363	9.97498597769037	12.0107297554356	33.2408909235995	87.7303700352016	78.1634612533039	1763.38299108087	2989.45799693933	164.651456995614	58.5021793537125	48.0309769362589	145.019629980254	765.360567815328	460.884094498854	92.8264345294632	77.0857289956487	57.7502056163557	0	202.237296323427
602.519	169.872942047839	147.044025904006	19.2243225943052	8.21066916600782	3.68795805715205	3.13632753167588	0.589618557641164	-1.88908292507336	-5.43984508714212	-0.683154685220414	2.28006514818273	-1.20254354442774	8.5077672334401	1.22889905119074	1.49503814247484	-4.45104442240217	-13.1922139805584	-0.330208790138495	-9.40983212602752	-9.95125616282423	-10.9415595387968	4.60317986757558	5.65192078973312	-3.43071849768012	6.18026905129352	-0.948721386344094	-0.624174788674358	10.5768912928936	8.38929320379411	2.15273551025292	1.52470534460642	1.83109627148718	-2.7788410652554	-10.4174025184206	8.2109149388584	1.73332309410784	-2.93454427002443	32.7226685366539	53.8738509041261	301.464755923284	3039.11701659206	1264.8218925282	53.9885365189279	59.6164554322121	48.4079446433108	298.79095831373	770.252752967078	158.445053450031	64.1024836926457	4.85567067863661	7.7604605331439	-66.6990989340758	-685.591639129216
607.221	168.782599923173	54.5196012857851	9.16988586984388	0.994173140795552	-11.4499829137894	2.63719589320587	-10.1139846876716	-5.54511480455332	-7.6453141293256	-9.65048884822912	-12.7813573556975	-9.7071786991221	-6.35893019088283	-6.8199489652595	-3.01706380576701	2.09590182578272	-2.53548245696003	-4.66464816206395	-6.57329705594993	-9.26868293532612	12.9438172738095	-17.1497603875271	-5.70293331096494	3.11551480920501	-10.1746083573509	-10.5301268331969	-18.894252024878	-0.94167839141991	0	6.51649634231596	5.84617411426544	-1.23174879369827	-8.10021922986403	-3.50380894367513	5.30241546522751	6.64607666017432	12.2142511249007	42.8448031139067	68.4688281527112	1381.04741789164	2786.08190334339	210.982584566163	49.3149534392609	33.0519425607222	69.0030562694806	560.039172996005	487.018360735677	87.453062783753	6.99254629731387	12.2487412202304	-82.2202929868629	-127.124308976886	-37.3934908719641
611.924	125.375504778383	18.4789155222451	7.12155060695266	2.34203185499985	-2.6010059365575	8.78638678422938	-0.200219375484966	5.94830826823592	-0.395835471679427	3.7117096173273	-7.22634998243297	3.06264763471029	-3.85202675000723	12.5190802108312	6.09212039207266	0.604584318427488	7.03958878218354	9.75534967300479	-5.16170019945495	-5.84860148321436	-4.99667146769534	9.37873260317416	9.71619139694124	9.78586744228883	-12.5919674041073	0	10.491712473653	10.1411058352874	3.79838575127566	7.83229175143376	11.1834199169828	13.9903524261961	6.29082215326088	12.5419863981158	8.03006386239031	5.29732954681584	35.8738613034883	44.050274494119	211.57011181738	2586.44189821824	1387.92037661312	49.597985479151	43.9995014067882	88.095738979969	201.953792345284	662.485636954866	198.723612596551	75.8772751082041	75.8923151453111	71.725476095275	118.586422285803	0	226.517232916751
616.63	23.2119945236842	2.78286041654539	-3.6004711092752	-7.7810347539451	-9.64334124325339	-9.96122759101356	2.22696580677711	-3.00731024054473	-8.00496553891903	7.0370400953264	-13.5699755393231	-5.26454346530326	-9.08826205013204	-10.7598473243517	-18.172105710008	-1.83397281723493	3.55903333842561	-22.4493380571269	-14.5393204629304	-12.2218577909515	-14.379835849519	-6.56535285614755	-6.18580150337935	2.82713173414466	-14.0725903571795	3.25752989741653	3.53622497244077	5.44752233441732	0.320060871434351	-10.1370966550286	-9.42341130845826	-2.5149009752602	-2.8624287321447	-5.85314098074511	-7.44295168090203	7.8560307425557	30.2281549646542	51.7642721465115	1023.46884896704	2532.76922502011	283.400807934645	34.8416832853498	21.0742158987994	24.9687877203713	323.720629480935	528.845589027764	29.8537941680284	-15.3446321991113	-17.8461322558584	-92.5319953003731	0	-396.964596275544	-534.432418366348
621.338	27.4430331686856	10.4174132138233	1.81435595497399	3.75055349208455	17.6708729895933	2.71334050763196	11.63024541531	-1.78288147097669	-6.45420288805399	13.7116564742209	-2.89308748125896	-11.5479974172002	-3.27126682484549	6.0600185368861	11.4854529387581	-7.08537172202174	10.4347610650898	16.1120433611094	4.50872666596521	11.5230299292935	12.5341631230424	14.3365064333588	-4.76742171634819	-3.91779676591495	10.1306933539428	8.53601005541221	5.83193757193979	3.22955925924194	20.6445640843432	8.3009943217093	2.21604253690357	7.92070923177016	14.424402969035	12.1258268784546	3.40969614429323	24.1128450782762	54.4566410644133	139.525200826893	2138.98916334043	1351.93270423453	48.9920586557136	46.2879135765935	47.1989210447661	111.540539504585	512.12414982231	300.589219324419	50.9180803902396	15.464989976241	129.499998479341	173.913162887313	124.877250160301	61.5504990496279	750.226723179013
626.047	19.9855119498292	-0.809052798489444	6.22818834054601	-2.40968927357853	1.78409645808371	6.57469886237145	6.79811158609053	-3.42008104914176	-0.203635251196844	0.238683422271183	11.1526608845768	7.24758163225699	8.25688628837218	-2.8981655299902	-0.626811165304472	-2.17717415069493	-5.26760060698196	11.4216021848939	0	3.20936420614439	-1.18638854419675	3.71141101678986	14.4399320905151	-6.11305728104146	12.614788249375	-7.29230083290872	-2.61692137161798	8.80374282880153	0.651352470023161	-2.25639503006301	8.31024305427861	5.11804818489156	3.23627678939147	17.5366177099878	22.7206075201837	34.1555932034042	59.9790712605	814.994023188473	2376.82904473771	301.219869363982	33.1406343705562	53.1794538785074	27.4006106256241	210.121573739789	500.140649487075	133.803808479754	38.5561455835318	18.4527303589095	23.6070078717463	48.3500902827145	-32.536583327747	46.6072166096701	174.795705257461
630.758	3.67272240048566	6.95074419737174	-4.07324953507051	-4.87109450838623	-1.20216086982548	5.53770906515233	12.0764102551136	3.82065310231306	1.23492256619344	0.241244694952181	8.58844819844529	5.41439226640078	1.33527833307504	-7.48590013251391	9.18629191106144	-5.34416140626414	-1.33103159141639	-20.9893918650677	6.51804604912702	13.3806888904547	-4.396771445732	4.50148507207356	-2.99382248920638	6.90555614338486	-11.7163590845352	-16.4162323897376	9.58813633141842	-0.659126988892343	2.96253911976133	6.19022181003865	-4.52276402864165	7.75945368157099	-2.61680379611963	1.00329058189519	14.2657752128208	42.2344978370639	109.975789785386	1790.68441032998	1337.53475360938	47.0898518395495	30.9965401092432	21.7172177298006	55.9913416105171	352.572509098624	337.005051211335	15.6799577062403	36.6080740339273	103.296426002266	67.910172287496	66.8732687675879	-36.9964440790397	423.966159104081	-530.0142279577
635.471	5.55140456408916	16.0683212805348	5.97024054313746	-4.55790624559279	-1.51424488698903	14.2296373222199	-1.25888085932612	0	-3.11102320599946	-7.53603628627545	-2.97495857416097	-4.81410512451468	-10.7642878849498	-0.983922660807076	4.14962748419856	0.316777378343788	17.4363360645431	-3.52510551185514	1.93179938104632	6.12885444878584	-5.63887875108869	-2.64603828419073	-0.754205283273219	-2.56369652561529	4.51419820819596	7.0895753282934	-4.66431372373798	5.6456186068266	-9.28759204726512	7.22268718920332	-13.9980604462305	3.58373677873857	-0.988839813702187	8.76198174364896	25.595162735951	45.1494891106276	567.417276280295	2128.39975049006	340.245129817337	27.7192501105075	11.587050014486	12.0362275650936	97.67587636833	434.310020354379	190.303847754951	34.5634005119211	54.7389590283505	-26.0224881451813	-1.84950974293416	-12.9590368156434	-78.7035986504895	102.850001037414	257.152429384871
640.186	20.3932156464486	16.0983701839787	10.841297137984	6.67401286411365	10.3161211017383	5.31115112475055	14.0837914592753	3.48985057468474	5.81810327583433	-2.67907810678585	13.005913999635	6.10926993502123	1.34805223359549	2.95728799845426	-0.639598089643387	2.85632797111146	8.73447162645765	-1.05950931295181	8.90289512300913	18.8303019168152	7.26354495687184	21.2078925115764	8.31177270864524	12.1085995820158	5.91422164289205	14.8821269945557	3.33788308720694	8.9833388533817	4.65248025242604	5.59160455335126	14.67652794561	14.3617544854449	3.30229671490705	20.5954001395404	46.3682141283739	84.9062959614619	1432.76954388833	1312.4261487966	66.8567415298691	33.4194437734953	17.1607144846817	48.7830690374458	238.264264494403	340.53042598205	48.486741549588	62.3304657517471	25.0362569621925	91.2490321698273	44.4712429842155	28.5631964992676	116.201149439392	388.390350369812	792.717916044385
644.903	4.68778086127278	1.25248583797388	-1.13432830957421	-2.48694250421371	7.36517419382688	-3.67546826166124	1.06303864739858	3.52972684994163	3.99310988976858	4.68037399415469	3.56268363854528	4.22778927216957	8.18073335041105	2.99107902409177	-1.94071909544973	-0.641992309228642	9.51383440995438	10.3589512215514	14.0941921658635	-4.55435000354865	-5.30583502785202	2.29823801171373	11.081619704983	7.79351793322343	-8.79676418410573	13.3417009905354	13.1664894185861	-2.69214390569289	18.4864473684975	11.6436686839437	-6.2675625869495	-10.2341265268268	10.020089798946	17.0743692743439	36.9499660658391	432.382378851157	1851.10684551437	388.113024726508	49.8257571836259	11.901868393424	5.61543494425288	65.4177173815596	289.552965460646	212.605832023477	22.4423855035829	41.0277731700818	37.3805826003314	38.0886282323165	95.5811978869376	44.6475168904339	25.1847653887028	192.405667005441	-280.621527622437
649.621	-9.50827467225269	-13.1255552613862	-14.1880810927939	3.60306524618309	-3.73471485316398	0.286730403798171	2.1561723437604	-6.21735777273968	-6.39415761821677	-2.49822401227583	-17.7876388301894	-11.2138132401081	1.03706665821841	-11.1225339330857	-7.87276144824384	-15.9514560470599	-6.54719957523125	-3.26035373155705	-10.7202737043171	-1.25967756489479	-5.38094018293966	-10.8769268067969	-17.8265580459411	-9.40932944875223	-0.71370273111958	-5.55099710118444	-13.6952448280761	-11.2622884301846	-13.2941262232933	-12.8206431815775	5.68719895752209	5.69170563740009	-11.8555805344328	24.2424845367661	49.363471442648	1126.11179775011	1262.00278853699	26.0695085462014	-3.60936076666236	11.1047143813796	11.9075653276881	82.6485303542651	272.453862217846	66.1220284186847	-4.21482628797452	17.2523171088897	3.66868182743465	-2.97136772124768	11.4040198638916	5.3270013428188	-102.16504310187	-227.650742282192	-264.265654178232
654.341	1.93118749632048	-3.86982411485353	8.95658599789964	-1.09770617567895	-11.3781441039985	-0.873549917913912	2.84655480506552	4.400605949204	2.59738336710818	5.83514887094379	5.64496236206162	0.669880172853912	-1.05317222747403	-3.42280790016385	-0.66625207141639	0.661191060869921	-5.59905440435352	-13.2439471449831	-18.5478112375692	17.9093637132038	-9.24762518294743	16.1742725723658	-3.14841794555118	-16.0531654853253	1.44957296453592	11.9790578192669	2.08618964659881	2.77265235024121	-4.50019434332835	3.42624916613303	10.8715684533595	-1.02001718984712	17.8875495788588	34.4665559648136	283.216670695718	1629.07996503687	418.073480934527	11.7181620463871	13.2871252970482	6.86436421543573	27.339540223957	205.547892191379	231.731644331669	47.4421566745155	6.84845157050628	25.7650651914241	37.2565618754965	36.210154132312	11.5811234572382	-32.4583757013936	198.857345917352	-33.0265916626438	-516.095539297898
659.063	-7.30287529616548	-5.63676910594467	8.24654693327825	-0.368980171956389	-12.1112983237345	-9.98351708885134	-4.41615562200061	-2.12234267524494	-6.32981450257958	7.93092740270532	-10.5310325495132	-14.1858248876725	1.41604257387988	-7.24836403039135	1.00778527256131	-16.3354549336403	4.23461690481598	-5.93571577192432	-0.406605278044422	-5.59000754978396	-13.5642470948709	-10.3431405208478	-20.2400110070318	-16.1882110872412	-1.82720918482686	0.71057825940504	-9.46682775999148	-7.3394396320439	-8.37794171987244	-2.41855049414918	-6.16670122708546	12.0003097601612	14.5691754503928	41.4950078699451	863.070456024492	1162.56793055524	50.6897645838165	3.93891329272558	5.08234208886865	-4.44992783958505	54.0786959946498	247.005142518142	93.8555088825362	37.5369877783604	10.3590951964068	-2.07854489197949	-8.76632840220229	-30.4289736049904	19.464247443342	16.3657142226393	-217.967622681331	-16.6522122324015	395.53222631519
663.787	11.3566045421843	-1.31924722532263	5.57569382289133	3.74214895432987	6.14156068569139	-2.08459038403261	-3.35910573230899	8.805486931364	4.42732111131918	-3.63252287456429	3.46392530562547	-2.39784654227908	2.51323095921684	7.35119660579948	-4.42902515066591	1.690531235863	2.86312895682601	9.78237942527253	-9.07222335981054	4.79711101168951	9.88761600237046	10.893335578509	1.2074797729804	3.90901745616673	-6.67127451719539	5.40494427445085	7.11195088223395	2.12673265641466	13.8072993815273	11.5634945563863	2.08472941569789	13.9092093857411	30.6071559976827	199.268107278019	1400.72828084338	463.724606830852	20.062009958281	26.6319644971983	29.5209139941197	25.0725499293146	94.6360812340278	260.436351809872	51.1549384876645	8.95753534229519	-6.12853484241183	30.5664816664016	6.35049738961714	50.9201048401219	45.4028896757945	27.6631578152251	-17.6847944315255	16.8884572475416	506.707760734551
668.512	7.96097512694861	-4.87442325583845	14.8490347318845	-5.65637177768093	3.58297228651376	3.90114110984564	-3.1592650856333	-3.74645121125586	-1.56147373637411	1.56876246549589	1.74527609473021	-6.55847041531769	-1.80896424334952	3.17473054124739	6.52294944170776	16.0131462629494	-2.88513757289348	-2.65396268859125	1.66217467798128	20.2148504398182	3.89880830415529	-8.53772241330388	-12.5732028066822	5.12078544059061	-2.6143273362078	6.53578991687503	-5.37496485915871	-5.71488176005745	6.0648305783641	6.3558447841173	7.70276666189174	16.1185474685747	33.678516026942	699.899884834616	1144.5068142507	70.8496426886183	14.3198259237046	27.731238092472	27.859086959848	55.5836168290899	187.476050859149	127.100164555492	11.7451508176535	23.3181770467076	1.76446981179945	30.8014434755528	11.5187635705322	17.1038410430493	9.94606470121568	80.839825897884	120.289967079938	-178.691911723943	340.401851963762
673.238	-0.500557386376901	-6.68697040330578	-7.26735865950394	3.03489915425013	3.60454987405168	3.92463479248235	-1.81616628492312	-5.35596628439317	-1.12205523987674	4.20855989217245	5.85262199870961	-10.0705815518191	-17.1066679708024	-8.16206006642738	9.67065817566699	-11.9964969206142	-6.89346747003318	1.90710395685946	-0.836092362299422	-0.884199543795141	-0.871619541784809	-2.04503304523626	8.16059476902134	-4.35906657782055	-13.9018064622459	4.38343342488287	2.52342266881348	-0.71866228235883	-7.89587060659388	1.42091585074428	-2.11340583236983	20.4457786350056	134.812055808687	1188.35336069264	481.425288584222	4.004287505372	9.74527833523894	-2.69982994781139	5.22534707804718	47.2764280622868	225.126873206609	69.8525007979266	13.7851970191945	-3.02691679369624	15.0883152028686	-2.13703018962123	-18.0259839659265	35.9779482303082	-64.0381598726079	-70.1091933421157	138.942441384342	-136.966126262422	-321.048600114419
677.967	-10.0845800758566	13.4720394369017	7.32066515611799	-5.73217559117813	-5.2814392088935	7.60273503068747	9.60481184142737	0.19982417063884	6.32959924821566	1.58978622101088	8.25377184798675	-1.74904307770354	-10.9992423644686	11.439205912588	2.43539825335129	0	2.55832737746554	5.76327802446541	-0.421112574097145	19.5950743703468	5.26807752959131	10.7121741014558	-2.05511330105631	-1.59674203039954	11.7328942580632	0	2.90506528024971	-14.4786742363411	-3.97689363736822	22.5435790249981	19.5149880432449	40.1262018172051	537.096191844232	1045.73743295915	74.5205132673042	8.06731837221762	9.38994484155271	-14.0514390102545	13.8769621583948	140.821300375935	181.752013329683	11.329937167722	-0.661252963696161	12.9587574655728	-8.04652351868815	44.1304613112221	5.18805874348172	75.6351622205845	-32.2539417418346	8.4748138002293	36.1191205775316	-250.072040073396	366.523978212966
682.696	9.68711730646315	-5.90294284002636	-0.411236043875511	-1.93201887750256	5.3402971121479	3.689981824085	1.84987631881805	2.8287149749716	7.08586724138956	1.87542047424321	3.27868918752427	-7.07413970127994	3.33654634152798	-0.722917985562895	-7.38761713136904	-2.09471400559784	1.84774151858375	17.0940166625311	0.851611151579005	22.5152813753174	5.77068540358218	-14.9975358960867	-5.40284182037843	2.01817073824994	-2.2961901412841	4.4647947465612	19.8277211974746	3.66000720418507	8.77355629793727	28.5839696792232	13.2745699050147	78.6333646747472	999.706336428456	474.656219244813	8.50113752093652	7.74936178129551	18.1260337998016	17.4162977271225	29.9986167990125	172.939921748943	113.81990857886	18.0887388967716	14.7096875227775	-4.62464952315341	15.3683708459715	14.1485227568548	28.8523179313476	82.8512344725797	-14.2683577322164	-54.2719774915239	146.08657048534	-340.051645693923	43.6010151325609
687.428	-15.4022424882035	3.20070029159778	23.1900104010438	-4.66922015069491	2.01659381873601	-1.85787279407385	5.35552789461725	-2.84846530131199	-4.37327373899188	1.34893915574446	2.4011500158091	4.98647235858475	11.5727904519172	2.18389637958233	-0.3542475284171	6.67957500515904	-4.09341373227991	11.345174711266	2.14389293101852	-9.9758933856194	-0.446998216568052	4.61457637532376	7.95159487910682	-3.25161884227568	15.4148155623871	0.749328053290777	-2.95794963227004	-4.05411785121812	9.93916575830923	19.674828476924	30.7085566490968	407.84354019936	955.108325908489	99.1096493557375	5.44758656878964	24.6425320367898	7.38795361953933	16.6148524284462	65.2884086407172	189.78938514934	65.414191348228	12.1433573307644	7.40619590034771	40.3601398707739	17.2963416482863	50.4135546933805	29.0537672466242	11.2309223349365	61.5770597500468	-46.021818115409	91.9415995197907	-61.4610616561544	197.57448492578
692.16	-11.8724822754561	-19.308442887107	-23.7322417784428	-24.2552517522009	3.71715660558806	-10.2737656904491	-0.936451809343383	-10.2283102832417	-4.85985540730723	-6.23880174442556	3.62127532413244	-1.79054968578768	-5.25479070907061	-3.29362597829141	-14.6029862964751	-11.6643397761727	-5.61222673324086	-1.96668219846682	2.15553006339014	-20.0600858286908	-8.08964171800146	-7.17032872853107	-9.25708640252709	1.22597578238456	-5.42447071864447	-2.63688402062544	-0.743501373844588	-7.04057739864657	14.0643853802569	-1.09897912190114	40.6826742659811	819.024082888924	468.561044561972	-18.4254090369798	-5.0859308276044	1.65175284253025	-6.99111125909069	1.85611538659629	89.1566341962575	85.9736520348355	-20.2366960205745	9.76741754897854	11.508068111597	10.9251736044428	-3.6611003891815	-11.0189568229813	2.65558838184423	-72.5906841977177	-51.5927519770227	8.67592993022993	-41.5982979085246	203.039645234113	176.575045995216
696.895	14.0319097105568	-17.5881791897978	7.12610395279228	3.15096375538935	5.10327246341689	-6.8956898711633	-2.82843375349329	6.38461784143036	-7.6887779144613	-2.18475458468689	12.1528913183838	-13.700590711038	-1.88945570686345	6.63198596762376	-4.30306979670331	-3.20278698477183	-8.28716438074186	0.792015172880897	14.3231105324274	-10.5571640421656	-17.6465866504109	1.27394513160457	0.423634147836446	7.40580828455706	-8.58205587689802	3.41330283412188	2.61992671414603	9.32682887051963	13.4146388700812	25.4481725844956	305.72930686458	887.171168102082	90.3495306932629	9.84314152035596	-3.54494033358377	13.3037591345766	0.879823484701617	46.7180065349395	135.136343336914	62.806965653618	-9.6211138141004	14.7506220845281	-23.1724387449002	3.14267612291479	28.5662125717059	14.4219224894361	-5.34724495138694	24.3612157822694	66.4871913249034	87.3484814800077	-79.1081623687716	-239.969528148156	1022.20145839262
701.63	4.71671861632182	-18.2031410230139	0.422715014261081	2.78032716082825	17.8404285361255	3.4768997369504	-4.51609228343061	1.24614593574699	-0.704870075174303	0	3.9829734981419	0.727160254857589	8.00258779795496	-1.11464555865628	10.84832882842	1.43545630939754	5.69795445227584	11.9803416236834	7.87844214779558	5.55450192427628	1.82515830506627	-2.99758806153362	16.6609594987958	-4.97881108490893	-14.9484683170143	4.97187390712153	4.5291509036285	6.39568937339518	14.6549902424876	61.7390639038129	683.730519338321	490.874968596234	11.2021599915338	10.3078617966436	26.2152979189193	0.41924591211765	14.639422202755	76.3209485404936	146.222219713903	37.7888470054594	19.4043808317454	30.9894266102986	20.6185690794119	2.3768694624979	10.221816882918	15.66218257076	37.7461412522171	27.8420406093443	33.5237376313633	76.3399540566457	136.086427865345	233.029081310336	672.270974591571
706.367	27.0481557047112	7.08505145067996	20.1055313099034	15.6759002767052	13.8877520006929	18.2324218351882	16.5969513265369	6.93588074930854	12.8396031619787	6.40995488363356	10.5417570765615	14.7173680754429	34.7075281819461	36.4718079343378	20.126779944679	7.26323348962391	11.5323812586093	13.3361941734433	12.4021191451317	14.9893871397651	5.07929287790896	19.0676253274211	28.9654464683405	9.65700064611936	22.6912268220039	37.5420955338446	19.8613566987545	33.8842962939976	45.6322828004089	257.064839140921	817.314819227152	144.54405470288	31.741673864555	37.0890815316962	34.1664463656529	30.1229296891215	61.0546754874578	120.619990131732	118.78129823455	45.243334042295	4.04286216682886	35.7510181627302	73.0292077339458	28.8640055722346	63.0057574270987	62.2668590001588	61.3899197834713	86.1837739094377	97.5349587819315	163.422277425931	227.94395355836	643.969274443211	1179.22444261113
711.106	14.4708782785811	25.2982956417048	19.0210294261397	29.2458350392178	11.2275651580027	7.43465782669117	8.99382842496264	11.0447188708621	2.1625392332638	1.4081884752201	15.0396929252344	5.57731359077338	6.62511988579511	11.7790671149373	8.13575635705443	11.009938909453	22.1429886387353	6.94273415968978	4.02850606602783	20.3547605788361	2.79979004687285	21.8966452337456	18.3492517559417	15.2749771700292	9.25283040368476	9.38688857219067	26.2469065413376	21.930420766341	48.4200394568589	577.754575430277	487.64910119984	28.6857695476106	18.711571509228	19.1308633792159	6.499268992243	8.14621944296996	57.1628941057865	117.558013401592	56.9662631803258	2.17720313528186	8.17113856883215	-3.16918219973839	21.0859022763697	3.2409903271747	35.1617759913884	32.0343521269349	70.3102063989226	55.271308771617	74.9953199100742	69.0621428728214	187.160885320253	485.787473545127	1512.51854779732
715.845	-5.96377218639117	-17.3826156874408	-17.0546645533283	-27.9407253314539	-7.80828255147733	-1.96192153134429	-14.9992637868815	-5.37141323260831	-7.5349506701576	-9.97139819151834	-4.12038993623451	-16.1733317199242	-11.0382464229833	-14.605957508123	-17.2079968874185	-14.1073189344843	-7.46641656326059	-12.8067974972221	8.15025602207162	-15.3230336348862	-22.6575363830211	-4.43001106997137	-37.1232156966396	-2.5752924414689	-24.8241184441004	-15.0345783000511	-5.07586190635705	17.9030561628925	161.324350150782	685.246416129315	140.014238010303	-17.5633751658866	-10.816068989769	-13.8230464796474	0.410905318985608	-3.46968241270578	49.5638064925328	93.5752238034896	-10.8047876944934	-4.40479986222307	2.36162949867317	-13.4646085568017	-9.95396717248201	-20.4906146492235	-23.0715915318803	-23.1464900260116	-50.2051109582504	-30.4968895832233	-47.685466131096	-200.471842938323	-48.5453590524296	92.7187730790934	-1135.92612329854
720.586	-2.71761075766825	-3.87250068531663	-6.13755644198399	6.59079243618892	-0.355812931775463	5.5727324525738	0	-1.29237543660229	0.487346222203749	4.56979676997401	0.317748752433414	0	-5.13776569724527	1.92666110124265	16.5011439235575	-10.79313911388	-1.57582321872239	-6.62655367183082	4.53928692299489	4.80046895229258	14.1965099775675	-11.1028304741396	3.10136749866986	2.15146455598263	-9.79138505804194	2.37984018519999	11.7429331681883	24.5809566251185	454.011278422459	457.463481699209	14.1513134172773	15.6936113046274	20.5246696425178	6.73090613140903	5.7671160056117	36.523123549672	93.8555487570976	57.1655512993231	29.400904222691	1.65594663434189	37.2890407675638	-9.64172155042137	22.8090415002819	33.6889691836243	1.92745921323937	20.8841373706678	-11.1846991320583	79.8306726807829	63.0159137383245	27.4056965936071	-29.2003365238821	353.215831872977	116.20181197344
725.329	14.8544658685585	5.38976995140584	4.43755236231375	9.59006421816985	2.88129511242976	2.32270117186113	3.4932772829435	-1.74422882380242	11.3459657245561	9.54040630963382	12.2220337335513	-1.14503090659005	-16.4017741184901	-3.51037781844866	7.59219578133694	1.88363091026587	-9.96927417094141	8.80365589959069	2.29738439379486	-13.1196864752788	0	8.0917458276969	11.6601615253772	7.40438752038659	1.65184353163708	14.0520800431431	25.3577862009368	122.432284223105	600.38716041421	145.241494564963	17.034277951644	18.5975741924467	11.367745217109	15.2294506023531	-16.6788717929359	30.8079424070635	96.3998057300396	30.1685472027325	4.69898835170742	18.9967814554541	7.78861150520514	21.4710504927528	34.6317407573748	54.8938673887508	25.3632309597469	-18.7905739722896	22.6428103542998	-1.71928533282991	90.1803931155468	73.9751075130714	108.376548149095	413.985632038641	-376.390718823944
730.072	41.5193675499754	9.36757835877438	12.0560057053776	13.0062339958287	13.4089777332088	10.3503058388079	12.5536847468838	11.188705378165	8.1901860129682	9.01801212511442	5.50180245549039	14.2099931511741	17.7115201006986	3.92470973168946	22.1544813138093	18.1954680493383	11.6363752829077	-2.53099452077575	11.0961186999322	16.1350316786973	40.0046658336462	25.3310938789466	19.4042054492298	27.1724062025148	31.1649453094256	34.7429916392596	36.6788220043115	425.220531560389	444.957515130535	11.7859668182414	11.2970549400938	26.1207748192702	3.15545877293697	19.3570007695082	18.0414452447874	61.5567445513552	86.2223442031343	27.3705447553774	10.5072252998634	29.7970430934219	-0.602855017028917	27.4969696147813	39.2033368537324	7.53214362554855	37.3001875130929	69.721747729795	61.2315131782812	147.049338080146	108.447747865277	108.552192008784	99.1376954756696	549.106741456993	1159.8750147548
734.817	-30.6631569115644	-17.3782678977347	-3.59744677802918	-13.9433946302026	-2.91977000282571	-3.36245281697512	-9.8612173431844	-5.52350028272924	-2.49945047226195	-21.6793147486871	-4.23705531341041	-30.5551166252576	-4.45923700002789	-18.5767659753553	-12.6944018728912	-11.070945223865	-7.67782187149247	-12.7445914859289	-5.12173668703869	-15.2644895616314	-23.7844626757678	-24.1438484790849	1.81782515909015	-14.5651532509464	-0.836950573412187	-16.2739681532313	91.1419086072017	543.494218011586	145.505371845813	-3.95647721695214	-5.88468488233496	-16.097551350443	-11.9167680969869	-25.5859819562952	6.76063612254189	54.4108341890475	22.652072891911	-30.0702273750149	-2.64540861306037	6.7942771010397	-24.2849705258828	-12.5271954737298	-26.3206424186143	-37.0845889519933	-18.7821683650746	-58.3145654099892	-25.8133132346709	-31.3603833740973	-42.3489618329364	-181.160394078817	189.695544317693	-133.48163807073	-786.672127469843
739.563	-34.9667344561506	3.51597431313742	-5.00387308186731	-15.3874370761828	-22.1523148709686	-3.06131428715228	-9.97561640749629	1.34101869486416	-7.58533909347008	-16.2999296667565	-0.989125153298862	-22.6931120751189	-8.61184836904074	-19.1921089102215	-3.502273212862	-3.08948364929492	0.408783766748049	-2.57848806104531	-15.543460432523	-15.9396866930591	-17.6770168258179	-0.460829038065683	-0.459728394879982	-8.92977105320272	22.8598188955284	4.52725925923119	319.244936560403	404.859531542738	5.66128331222855	-15.2090285750215	1.98431752126218	4.36895787791769	-12.8586809751684	8.62760085029899	31.6306785516049	59.102528250927	0	6.08381385664656	9.09873235710955	-28.0651455816419	-10.4408467384023	-9.33764801209553	5.91688572018711	-25.5782753289706	-8.000024653324	-30.0974832929504	0	-35.2491025132735	-74.406746867504	-28.4372098361942	-45.449096368389	-77.1600835010015	313.496275410651
744.31	-46.1708729653068	-19.7984842172742	-23.907635470106	-24.1919845999865	-1.86576761646271	-4.46918613082094	0.258520397470828	-0.903573019261347	2.04438842592039	-4.79250643572104	-9.66379414913364	-6.32711500109816	-8.70394334773601	-24.650797736018	-15.7321176472955	-9.75788294251771	-14.4604352999764	-18.6767803478336	-17.1378348739522	-5.53786250396411	1.98511717572238	-15.8357426567084	-12.0807628113747	-14.8916887224036	-6.84571302508284	91.5134740516823	484.398913317271	156.719422759431	-11.8523517691017	-6.06776593459163	-3.60996801011229	-19.6698448167019	-8.9348816691397	-5.39801122453985	29.8088732777728	22.3434650438885	7.71996954218144	-2.56203086323816	-7.57320452489996	-17.3664941829334	6.2073535285441	4.71875234070293	0	-18.096266318106	21.2246390954857	-18.2516071996598	-58.648934810615	-32.0634503033431	-59.2504163448561	-210.76965753283	-142.909288139897	-194.963080723083	-341.221784538858
749.058	29.3676498879769	9.23114963016708	28.3321196719536	13.5288572712072	21.1101599723084	6.25134613022745	19.0648602405028	2.73842253436188	2.0652820211865	2.11815000418813	1.68319963240838	8.78869467836754	23.0290170443764	23.6780038930753	15.8928994706682	3.9430432985261	21.2862642498569	11.408350469422	27.8931394226872	5.08587210115321	6.01621506116999	4.23465446247816	16.89816168771	-15.4997565780175	-5.18675702241151	248.350931534961	341.715214257648	14.8813558201158	-12.7992399015282	-24.1104614739884	-25.5280325092369	3.64975165228319	-7.38506939059778	11.7453080887544	54.5534767550587	9.67363485496236	-8.28629663938325	-12.9410737521382	-18.033562973138	-6.43279240669011	-6.27079251628963	-27.9208703460141	-32.4718686721479	-38.3034869442376	-7.14718478059344	-87.2738538586804	-34.0677870833931	-46.7871992055281	-96.6903872661863	-12.9044677466383	-242.335050398501	-157.564478572604	-1083.371337995
753.808	15.2600705426101	11.4997961434436	7.10108427667964	-2.22409636794625	11.9110313188715	20.5311468727272	1.33095982191936	5.11712551980436	2.89445124070378	9.25260672074399	13.0386730473969	17.5087171705296	7.25514018657451	-2.91272383338276	25.9183466615198	3.61708097109171	35.3094978112143	7.15572537109582	9.80355467115194	11.9227776768086	7.15408865209817	13.4281961344116	9.09022717416455	7.8991262910297	68.2858203393569	447.160040138482	169.07572968614	2.10665869373069	4.20829969698119	21.6591311082401	4.13010383266506	9.09342858841589	12.1273035571083	43.1829125682724	65.3903905126103	27.7017102611461	-1.49044853727317	15.8283532356342	4.45596492056061	3.57636863183127	3.83493367383074	13.882230982837	6.92732416677375	45.2522300799197	54.1158506218039	17.5403403616379	39.2530684516435	47.6882321948441	51.6227178229261	72.3414086729346	147.150106958011	130.486583906062	752.887514643112
758.558	29.2822572634992	13.8377693494106	16.8704524771479	22.1924349290827	-8.21546682125347	15.8585388807739	4.87857206706495	2.1314305057976	4.28665778471183	14.7593076269047	11.5289303932591	7.04790549027879	12.6014396408236	11.0153904569486	4.12337277298594	-0.818410128868128	-3.03205285077168	12.7501998401546	-7.48634982391488	13.1951671798389	5.20297285913543	12.695747349762	40.9190649041307	35.0095988322254	239.981571818505	395.9803315151	50.7841940981105	8.57984515202727	8.14114594543234	18.660171961127	14.297666600569	7.15449821607629	25.5471689169566	58.333849134204	32.157347853807	22.9467448621506	2.02339652754783	25.2486182200181	23.8191547068131	45.5174127740115	7.80931842155563	12.7211699380501	43.887041695178	74.984790327999	14.8345528427656	22.9618969939241	47.6526696400151	102.713101558746	23.8915025272872	63.612601969627	42.8072980335161	-132.859049221258	664.366104587251
763.31	-9.14342248364855	-2.71438720989862	2.94997946833315	-14.7831815320544	-6.38472197425869	5.51455928904649	-2.76458072799717	-0.7247011976115	-16.123521441146	-0.640629862315403	-7.83983305151012	-18.1839681650932	1.32969635069099	-9.93947488078408	2.52355576293773	-21.7046806430507	-19.8820104309443	-14.398913100842	-17.3087948891286	-8.07560752153287	-10.0835676865027	3.48651886720981	5.46572977071302	52.6006328141886	421.398318360091	164.588143633886	-15.3646849117413	10.5019453105777	-1.74823973621278	8.6517112660521	-4.28938773070826	4.29278674971908	26.0586453923914	45.2923718259479	17.0935652988301	-2.92576982412507	-33.0225068905029	10.9591989155771	8.67715529974294	-13.6190885157197	-0.663805645696281	3.60440521989342	-25.5803990442315	-3.68607473999345	-25.9398059224194	23.4216140835917	0	-99.0548065440461	-138.90803741739	-17.0753109010385	-70.954548049639	-208.490773227599	-1094.69331480744
768.062	8.61370004536337	15.8907345917787	0	8.85963260635664	22.9583696295731	0.371076739146682	5.85993435889878	-1.21913530696607	11.8609786366664	6.46623314342202	12.2294585954534	20.0614465493237	8.05281843944914	-2.61716458657862	18.6792103218176	14.3242916143013	13.3786785338395	19.2218885060806	15.929193525572	7.60774873948592	-9.10654668932622	22.1202910256564	25.5781910733404	244.518863442537	387.471094116562	46.6954260665215	30.1306643209409	11.4835466470833	25.1454858813898	6.11285701755572	0.432951736109331	19.4982668092587	43.8373977499674	63.1957955132921	17.7197956097167	14.7657102171326	20.3113529422076	20.4641974922464	9.34222395640892	-0.624841033402928	-6.0301432816924	26.922135762	22.5922532838928	45.5768604732923	5.4546848687599	1.31337424626638	23.7394163900631	-23.0726584317668	137.747817635921	206.82072025204	242.400629078263	452.448841145066	605.083334836892
772.815	36.2774716884104	2.73803674499104	6.94325715735163	12.1159856825923	5.23278428663794	22.6212634797155	1.95206730753167	0.974687031122287	7.71850857645702	13.5704405133475	12.5811300009958	12.370455080231	15.201190831857	22.6676459137157	3.39405686447879	5.05241219162016	8.46776616090018	13.1187821455491	21.054224190465	9.23209655754923	19.2721687419881	27.632752113531	56.1359356252377	377.740598592161	188.766075963013	18.8457569210248	14.1701048685482	12.3590193976817	7.93562200229443	9.59979976100283	11.2495752489351	16.45471570963	59.5808872038467	17.9164662350488	14.4464153459371	16.7238126973507	-8.84802739799368	9.94921442872298	20.423098291743	19.3577344297014	32.1402796385879	33.4494444562768	14.5143407164102	14.8727610358322	41.4292002008097	14.4379147384666	30.0507746379949	101.839334350536	117.994354553683	168.796006474393	121.123117009892	262.884103273387	657.280360928955
777.57	-25.0962527498491	-13.4104823094758	6.57873594512307	-12.838463646931	-12.3218132540303	-0.378399811365586	9.67474558318823	-8.95100057462686	-0.562560510854919	0.98907630562216	-7.70255465071023	0.435262815290735	-5.0182843640999	-2.66881343236816	-9.09101365444607	7.30348829902629	2.27378369461046	5.25886548141945	-23.5793477878289	-16.6240393981089	-0.546250662702952	24.0947928883496	191.275097965453	344.214424397988	32.9657201807931	14.6513674738005	-10.8442174061122	7.65664994419756	5.39825756291042	-12.912233749498	-5.29795068214439	31.3710477285797	22.35125688219	20.5668966607349	2.85307732115175	6.52474612645484	19.6500269116809	12.9720319596548	-7.14494215732047	-3.18586028481407	2.04971536394963	-11.871755624079	-22.2153142401218	-14.2274400575981	-35.5989197084164	5.35717294684068	-27.4356263842643	-7.84266314505907	77.7580880578961	38.665413646791	151.681288735102	-21.4594308789533	-26.8271498691193
782.325	23.5715599350816	31.7730491863386	11.3047118232851	-11.1049047990257	0.834105674204144	-3.07382126254423	3.46720559182089	8.58392102810027	8.85398238874108	-4.68677701254181	6.70387196013789	4.41966425540481	17.1396527295024	12.1946247477547	11.8684633133344	-5.67103700181382	4.61760580805859	-12.1360427516998	9.04494453407057	-6.18935940462437	28.8425087254456	47.3701155565986	353.129057884592	171.479599382033	6.21649505356018	-4.18416116638014	23.8576701528038	0	6.39496399565295	3.1647479977228	12.1039784417478	13.0108714165132	34.0432427151865	10.6738673275812	6.27687320341974	18.3468064286486	3.77482808558559	30.352450237593	-3.02290979441079	3.23492665324546	-0.693761210434915	11.3011837627334	35.9248418067615	-10.5941447581316	-4.51839863868286	48.9571230444359	22.9420227738598	9.9543128748104	109.519145691528	35.6917372910597	182.539113173553	-119.8446362654	-245.162904036642
787.081	41.2124632996818	33.7909409284541	27.9649539289051	32.2256572662189	17.1298079831868	27.617736832762	15.7244564284775	1.81470593649946	6.74537687608015	17.8752046478479	12.6202677580055	11.7995121125051	26.1616063895699	29.217741982305	14.8951914934111	27.3243844485926	16.5953464579576	39.3790834588119	9.28768187766119	20.2219245096675	35.8815885598023	176.391809418351	362.072666866316	59.5569991289023	34.3717546932317	15.2762689839027	-0.471114107926332	24.4192516185813	0.469041739180492	16.71263844908	55.2391575930453	51.5974017949457	48.9395960499617	15.7256761517028	22.8065324131611	20.9324177277466	24.9179938841968	9.40890952271389	28.5571221104005	43.1826424160576	32.7694588149475	51.059673901714	20.589181119912	68.2375981381946	46.3965798733956	5.58566393721039	80.7693023659322	98.1259656219532	143.841997316983	7.32991784243115	251.869649051641	-44.7494118121826	23635.8040082744
791.838	7.18879591309756	28.5196253993611	14.232377287339	24.269451013626	-6.41740144492701	-3.94153595116911	4.14957150556049	9.58264477334078	3.80887904160528	14.7669763654287	10.3155844478922	2.7203037366496	20.9088351951419	1.38996159282954	-7.6657829362109	1.79001219064892	13.2633049717488	8.96368245308657	4.91220366497784	30.014646260448	59.7442146840596	303.311066625854	175.798575509822	35.1819028174418	8.33926990478903	24.799681734241	12.7076521764141	8.9137008026689	6.56016816656019	1.39135905002474	17.4753081540406	44.6433719685778	20.4879829005704	-0.952140039977703	7.42964616723884	7.84198678138749	3.31915288228084	12.3371274032556	24.1878161650048	14.6013826835141	-15.6570364808353	-10.8202571503845	10.2845317587894	20.7476723597852	28.9695287313828	36.2713403549552	28.5778439862765	63.3110979532251	154.152464444609	58.5820464841276	210.661575301	-379.998342474905	8662.6508457893
796.596	35.2836159584206	13.0438010228249	12.8872031046051	14.1271856175871	11.3311775399151	19.6741201721749	5.43477375875038	8.17860260680781	11.6399786391457	2.79863885127265	7.00545467064841	11.5462220134969	15.0062647555526	22.1826359010353	29.398239105848	15.9550360319919	27.5044096449729	16.2329586977538	34.4714294097616	17.0514623789025	155.337066521206	333.452626602179	86.2844000484811	-8.43265130118183	32.9804663222461	26.7201690108359	3.83552916644058	-3.82321028738499	9.06931080286605	13.2284737977701	43.0985660710131	31.8807049499225	26.5624604719331	17.4585061994693	19.1731829528958	31.9536037162059	25.3584245048149	0	18.9533967809567	28.3958151650655	14.4994198602087	44.0891088864671	27.9374654568467	40.257224112047	60.2012273208236	18.4742729787031	113.020759840203	93.6190894350727	135.738293287063	287.189811918979	143.063160800365	113.850916966653	1423.28826399428
801.355	36.7803941241701	34.292210029272	41.7185426394396	23.5196344644417	27.0877779438833	24.2625513559865	4.95224079616963	8.88221349319848	12.3671036753064	16.0055989003979	27.5496992667115	31.0980878345139	30.9230140823196	22.4087262049152	13.4821591291077	16.1343988821137	7.49789173178937	35.470875838396	29.2776777173431	44.1592891518779	255.18178403924	175.624240156399	31.8554144654439	19.1087658052288	20.7058604028439	11.7428558726564	22.7634026242624	30.5287559225443	21.0150316460714	23.2469378021003	52.9767701749908	23.0692272313746	11.0556231383819	12.1406451738465	24.3914621335672	15.1712624803348	31.6200315179011	23.7643271299888	30.5416864774028	33.2674178983768	8.13585444938869	263.702476008856	25.6244840785875	70.3733200910317	76.4250304571264	38.029873950113	109.391907370933	158.042451978275	124.069535380604	157.766057172592	231.562524681957	894.369773150025	712.623352135442
806.114	-23.5624399857965	-10.2364806057528	-5.09893298926484	-5.66213422292114	4.89084879542338	-12.4778835545074	0.26064425242998	-9.79320974891115	-0.515295986471099	-1.20796972833192	-13.1029057488018	-19.1372848212393	-5.43242139283994	-19.9641378916517	3.96534092032578	-8.26396040303387	-7.91444127244434	-10.9478011846901	-14.3988578937753	74.1063932893583	218.155407531586	55.8804400497634	-22.0177129393509	0	-9.05881392624421	12.5816312921319	10.3470011928466	-11.5514211598816	-2.88441610828431	30.5880760553952	31.9478232352998	-0.404723284760958	-8.59881799651926	-7.11692992949623	1.3066854714411	-14.2517920269812	13.1344746305128	-10.848931950647	-2.72693629262525	-24.5128342409092	-23.1558934328755	-28.545113382402	-27.8854679678746	-7.81925778789241	0	-9.814161019384	31.0436493890487	53.8781086289573	16.083087919708	-77.273170860045	-205.833355272851	-560.209638126939	-1007.50198060528
810.875	-8.04571121466221	6.1418883634517	-6.02601171458572	-0.871097572757099	4.89084879542338	-9.70502054239461	2.6064425242998	1.59424344749716	6.69884782412428	8.75778053040639	4.70360719187757	-7.97386867551638	-8.7754499422799	2.44458831326348	-14.6717614052054	25.9724469809636	7.49789173178937	4.81703252126366	20.6383629810779	192.372075730595	141.100515880521	7.51333647727911	1.405385932299	1.36491184323063	12.0784185683256	-3.35510167790183	-20.6940023856931	3.71295680139052	16.070318317584	18.3528456332371	3.23522260610631	2.02361642380479	-9.00828552016303	-0.41864293702919	14.3735401858521	-9.19470453353625	13.1344746305128	-2.06646322869467	-6.54464710230059	5.83638910497838	27.5367381363925	89.713213487549	0.753661296429044	22.5889669428003	41.7790166498958	84.647138792187	76.8699889633586	57.4699825375545	59.7371837017725	12.8788618100075	221.270856918314	88.454153388464	933.782323487821
815.635	6.32163024009173	36.3395061504226	18.0780351437571	20.0352441734133	32.7310650155257	27.7286301211275	24.2399154759882	9.56546068498298	10.0482717361864	12.9856745795681	23.5180359593878	28.705927231859	20.4760498653198	12.6303729518613	19.8267046016289	33.0558416121355	13.3295853009589	16.2027457533414	108.471396133107	247.698081679499	65.5466935473342	30.5229294389464	30.4500285331449	23.6584719493309	28.4705580539104	28.9377519719033	47.1823254393803	29.2911036554141	25.1356260864776	77.4897926736678	42.4622967051453	22.2597806618527	23.3396488476951	35.5846496474811	34.4093840812823	32.6412010940537	31.6200315179011	9.29908452912604	22.9062648580521	44.3565571978357	17.523378814068	375.164347311569	18.0878711142971	54.7348045152469	99.8620397973118	73.60620764538	221.740352778919	41.3065499488673	96.4985275182479	235.039228032637	411.666710545701	786.259141230791	1302.38060907512
820.397	-21.838359011226	-4.60641627258878	-14.8332596051341	-8.71097572757099	-1.88109569054745	-7.97198115982414	-4.17030803887968	1.13874531964083	1.28823996617775	0	0	-15.1503504834811	-0.83575713735999	-8.96349048196608	1.58613636813031	-2.75465346767796	9.16408989440923	1.31373614216282	147.828274376093	149.227942651174	28.0199606003871	4.69583529829944	4.68461977432999	-1.81988245764084	-10.7843022931479	18.8724469381978	1.24164014314159	-15.2643779612721	-2.47235666424369	19.168527661381	-5.25723673492275	1.21416985428287	-11.8745581856695	0	-9.1467983000877	12.8725863469507	-0.972924046704649	7.74923710760503	-0.54538725852505	-5.25275019448055	-23.1558934328755	-13.5929111344771	-0.753661296429044	6.95045136701548	-19.3610077158053	66.245586880842	45.8263395743099	-62.8577934004502	29.8685918508863	-109.470325385064	-46.3125049363914	-167.080067511543	-221.158971352379
825.159	1.72408097457047	-11.7719526966158	-3.70831490128352	25.6973783963344	-0.376219138109491	3.81268664165502	-0.781932757289941	8.65446442927031	-5.15295986471099	-1.81195459249787	0	-4.78432120530983	-10.4469642169999	-6.11147078315869	-4.75840910439094	3.93521923953994	3.33239632523972	62.18351072904	173.266256655096	49.2350695141627	-10.5074852251452	-9.39167059659889	24.3600228265159	-12.7391772034859	-10.7843022931479	-8.8071419044923	-10.7608812405604	13.2016241827218	8.65324832485293	8.97250230958258	-13.7496960759518	15.3794848209164	13.9218958038883	-4.60507230732109	-6.9689891810192	9.65443976021306	0.486462023352325	-6.71600549325769	-6.54464710230059	-12.8400560309524	10.6391942799698	12.9132655777533	6.02929037143235	-5.21283852526161	-14.2660056853303	51.524345351766	81.304796018937	-14.3674956343886	-82.7130235870697	-35.4168699775206	25.7291694091063	19.6564785307698	-1523.5395804275
