"","500","495","490","485","480","475","470","465","460","455","450","445","440","435","430","425","420","415","410","405","400","395","390","385","380","375","370","365","360","355","350","345","340","335","330","325","320","315","310","305","300","295","290","285","280","275","270","265","260","255","250","245","240"
"248.336",0,0,0,0,0,0,0,0,0,0,0,0,0,0,0,0,0,0,0,0,0,0,0,0,0,0,0,0,0,0,0,0,0,0,0,0,0,0,0,0,0,0,0,0,0,0,0,0,0,0,0,0,0
"252.814",0,0,0,0,0,0,0,0,0,0,0,0,0,0,0,0,0,0,0,0,0,0,0,0,0,0,0,0,0,0,0,0,0,0,0,0,0,0,0,0,0,0,0,0,0,0,0,0,0,0,0,0.0801962507681027,-0.00363354554639185
"257.296",0,0,0,0,0,0,0,0,0,0,0,0,0,0,0,0,0,0,0,0,0,0,0,0,0,0,0,0,0,0,0,0,0,0,0,0,0,0,0,0,0,0,0,0,0,0,0,0,0,0,0.0790549508662632,-0.00929062955116872,3.92232029541861e-05
"261.781",0,0,0,0,0,0,0,0,0,0,0,0,0,0,0,0,0,0,0,0,0,0,0,0,0,0,0,0,0,0,0,0,0,0,0,0,0,0,0,0,0,0,0,0,0,0,0,0,0,0.0653053290273837,0.0152768285507136,-0.018636696735426,-0.0469657247780203
"266.271",0,0,0,0,0,0,0,0,0,0,0,0,0,0,0,0,0,0,0,0,0,0,0,0,0,0,0,0,0,0,0,0,0,0,0,0,0,0,0,0,0,0,0,0,0,0,0,0,0.0583514783346268,0.0182482363437077,0.000824172198731432,-0.0125330005190702,0.00320059759093871
"270.764",0,0,0,0,0,0,0,0,0,0,0,0,0,0,0,0,0,0,0,0,0,0,0,0,0,0,0,0,0,0,0,0,0,0,0,0,0,0,0,0,0,0,0,0,0,0,0,0.0621643842847284,0.01783425517204,0.00323605742685716,-0.00483267642732244,-0.00296210438345146,0.00602800013865862
"275.26",0,0,0,0,0,0,0,0,0,0,0,0,0,0,0,0,0,0,0,0,0,0,0,0,0,0,0,0,0,0,0,0,0,0,0,0,0,0,0,0,0,0,0,0,0,0,0.0580501486337708,0.0214288871467554,-0.00121344768838104,-0.00752388685997592,-0.0113728338339565,0.00232413822060862,-0.0439962446000828
"279.76",0,0,0,0,0,0,0,0,0,0,0,0,0,0,0,0,0,0,0,0,0,0,0,0,0,0,0,0,0,0,0,0,0,0,0,0,0,0,0,0,0,0,0,0,0,0.0542840807157259,0.0270100074439022,0.00382492203169955,0.00109545015500916,-0.00930890959121983,0.00102812312895373,0.00925308522784358,-0.00944050588842871
"284.264",0,0,0,0,0,0,0,0,0,0,0,0,0,0,0,0,0,0,0,0,0,0,0,0,0,0,0,0,0,0,0,0,0,0,0,0,0,0,0,0,0,0,0,0,0,0.0323791107962981,0.00111307822262031,-0.00152900720537267,-0.00436774107989318,0.0103540704204598,0.0124432884996689,0.00333444122416627,-0.0370256518297966
"288.772",0,0,0,0,0,0,0,0,0,0,0,0,0,0,0,0,0,0,0,0,0,0,0,0,0,0,0,0,0,0,0,0,0,0,0,0,0,0,0,0,0,0,0,0,0.0385867946571317,0.00261784556391544,0.00445360749755259,-0.00481586779430246,0.00687025375003936,0.0100438868771721,0.00176346727167296,0.0138627604697495,0.00703762874390143
"293.283",0,0,0,0,0,0,0,0,0,0,0,0,0,0,0,0,0,0,0,0,0,0,0,0,0,0,0,0,0,0,0,0,0,0,0,0,0,0,0,0,0,0,0,0.0308928881920882,0.00534977106740955,0.00433107574157816,0.00256270174248059,0.00185269009108374,0.00967279213405525,0.00458525329870159,0.00691538176103889,-0.0018814803890484,-0.00204825278532871
"297.797",0,0,0,0,0,0,0,0,0,0,0,0,0,0,0,0,0,0,0,0,0,0,0,0,0,0,0,0,0,0,0,0,0,0,0,0,0,0,0,0,0,0,0.0358891613591684,0.00396043511251309,0.00523259966637913,0.00402936717492062,0.00388917173615133,0.0137419583033058,0.00970785885497572,0.00693192033960996,0.00951288230805418,0.0155137058520676,0.0551125843576312
"302.315",0,0,0,0,0,0,0,0,0,0,0,0,0,0,0,0,0,0,0,0,0,0,0,0,0,0,0,0,0,0,0,0,0,0,0,0,0,0,0,0,0,0.0358699035126948,0.00188073147688655,0.00185015029228191,0.0011350563159333,-0.00261910407921662,0.0119162857832,0.0119552888111448,0.00548751492330731,0.00160123387206917,0.000904961923542936,0.00130648911992532,0.017770967087226
"306.837",0,0,0,0,0,0,0,0,0,0,0,0,0,0,0,0,0,0,0,0,0,0,0,0,0,0,0,0,0,0,0,0,0,0,0,0,0,0,0,0,0.0427128558553053,0.00344011608781204,0.00232636506986021,0.00132570731832856,0.000984563603625477,0.00840858162713409,0.0125265518563453,0.00729156562970984,0.00951404014629797,0.00910681001459595,-0.000572108776678484,0.00647783337677432,0.0202294065442282
"311.362",0,0,0,0,0,0,0,0,0,0,0,0,0,0,0,0,0,0,0,0,0,0,0,0,0,0,0,0,0,0,0,0,0,0,0,0,0,0,0,0.0473591418068855,0.00655673949058084,0.00286724205323035,0.00305860814883809,-0.000223153847773092,0.00198840251529264,0.0128916452848568,0.00863583246304246,0.00903646580619268,0.0104116318818113,0.00215837405052886,-0.000818868556892945,0.012863594675706,0.0513296795379417
"315.89",0,0,0,0,0,0,0,0,0,0,0,0,0,0,0,0,0,0,0,0,0,0,0,0,0,0,0,0,0,0,0,0,0,0,0,0,0,0,0.0454362751543907,0.0044050654751086,0.000182225918440738,0.00154806541073032,-0.000683492863395974,-0.0034786686646342,0.00791148463082855,0.00570615509989728,0.00573290834766049,0.00535461188034705,0.000815067122181889,-0.00046235771638756,-0.00435172708737155,-0.0104711468991764,0.00689585667720837
"320.422",0,0,0,0,0,0,0,0,0,0,0,0,0,0,0,0,0,0,0,0,0,0,0,0,0,0,0,0,0,0,0,0,0,0,0,0,0,0.0468121267274101,0.00961586679281239,0.000459369465975523,0.000475607380065017,4.76272061924049e-05,-0.00409302500805098,0.00537830532200184,0.00688190774317678,0.00491552156930435,0.00677702866593297,0.00708589532950046,0.00491046021073988,0.00782054657255806,0.00619056288841967,0.0149018974658155,-0.00375744235586142
"324.958",0,0,0,0,0,0,0,0,0,0,0,0,0,0,0,0,0,0,0,0,0,0,0,0,0,0,0,0,0,0,0,0,0,0,0,0,0.0391119668936275,0.0115298734422181,0.00156438026698685,0.00108708580382296,0.00177104330820204,-0.00126556416461639,0.00214677786317385,0.00735865264849241,0.00490702604328566,0.00522047367038399,0.00447869490547049,0.00527211873814403,0.00746866604136009,0.00306932405615058,0.000685537974966413,0.0313012130018004,0.00255268487935529
"329.496",0,0,0,0,0,0,0,0,0,0,0,0,0,0,0,0,0,0,0,0,0,0,0,0,0,0,0,0,0,0,0,0,0,0,0,0.0148315309396151,0.0161001664905257,0.000582805520540356,0.00113915627254852,0.000532262864312013,-0.00146238209251776,-0.00217397986971699,0.00599955291219739,0.0036620313149143,0.00383695641366146,0.00393693994541076,0.00201865548045484,0.00371205483722301,0.00156605335992823,0.00103380025979881,-0.00501438312821933,0.00408956506167469,0.0378431159051955
"334.038",0,0,0,0,0,0,0,0,0,0,0,0,0,0,0,0,0,0,0,0,0,0,0,0,0,0,0,0,0,0,0,0,0,0,0.014747173244029,0.0176868555383776,0.000635505460949315,0.000642145802450759,0.00157758959971144,0.000408431114715013,-0.00368702427319856,0.00719994511821978,0.00291714424689289,0.00303290177488315,0.00501755801552013,0.00481898102173464,0.00402910993835019,0.00617763780402217,0.00555174972643566,0.0101333554724253,0.00510035987252175,0.0244421248956096,0.0482967397265475
"338.584",0,0,0,0,0,0,0,0,0,0,0,0,0,0,0,0,0,0,0,0,0,0,0,0,0,0,0,0,0,0,0,0,0,0.0139532211088252,0.0228679484609755,0.000365653417466546,-0.00101042105180643,-0.000584930968039889,-0.000441947625660589,-0.00353571791742421,0.00337329544980641,0.00166354110557251,0.00133236583932473,0.0013339964136878,0.00144733755373887,0.00321703022916994,0.00101835883329006,0.00305358833352095,-0.0014352648778873,0.00179567901027586,-0.00824951329922571,0.00434697901384293,0.0348028462753787
"343.133",0,0,0,0,0,0,0,0,0,0,0,0,0,0,0,0,0,0,0,0,0,0,0,0,0,0,0,0,0,0,0,0,0.0138322873274714,0.0258644062400769,-4.59200112453862e-05,-0.00118852442720596,-0.000497620027203794,-6.69159884325882e-05,-0.00333425927229568,-0.000671153725248674,0.00230179441394769,0.000804278899531812,0.000867982212324626,0.00137550171561971,0.00271193800771236,0.000821901630514593,0.00241998692644296,0.000792661861561966,-0.00299752895958242,-0.00351789044070746,-0.00725439248252819,-0.0140303352614674,0.00331341829229603
"347.685",0,0,0,0,0,0,0,0,0,0,0,0,0,0,0,0,0,0,0,0,0,0,0,0,0,0,0,0,0,0,0,0,0.029541428458243,0.000336999357094921,-0.000239179349310448,-0.000136825128286741,-0.00083462677435869,-0.00108039674757558,-0.00284596474394494,0.00253911323028491,0.00188794562896597,0.00019846769963777,-0.000308991035808569,0.00137165138922251,0.000507577902917387,0.00289203787725454,0.000866427778451924,0.00141703326660944,-0.00125530854142816,0.00133166231869132,-0.00204741263179274,0.00626232440680897,-0.0108897899775004
"352.24",0,0,0,0,0,0,0,0,0,0,0,0,0,0,0,0,0,0,0,0,0,0,0,0,0,0,0,0,0,0,0,0.0359365388279475,0.0011072064463273,-0.000803361280075287,0.000828557012737789,-3.35875606331032e-05,-0.00129300187243753,-0.00136525123324108,0.00147761357602688,0.00134034091738688,-0.000407005539708231,-0.000357521997811943,0.000312285158015017,7.95530157082546e-05,0.0010170442632077,0.000336701825062578,-0.00322303489055439,-0.000911516178940224,-0.00505795825185246,0.00135368546460927,0.00534168402044969,-0.00133339384948646,-0.0553230414049662
"356.799",0,0,0,0,0,0,0,0,0,0,0,0,0,0,0,0,0,0,0,0,0,0,0,0,0,0,0,0,0,0,0.0402118190307284,0.00286601731132982,0.00106469757659498,0.00016095467316078,0.000135472436310998,0.000846748390973243,-0.00231464293703092,0.000193553392978218,0.00260782552605487,5.90730641527142e-05,-0.000365533583142102,0.000954634242083883,0.0025779675481055,0.00134171576982527,0.000350688119751372,-0.000540632870270038,0.000901169152234748,0.0044297071539617,0.00199268542518241,0.0020400751766244,0.00920608905055003,-0.0127909018323885,-6.98244215003186e-06
"361.361",0,0,0,0,0,0,0,0,0,0,0,0,0,0,0,0,0,0,0,0,0,0,0,0,0,0,0,0,0,0.0473247221905242,0.00423256858664378,0.00100800946974784,0.000432947442110343,5.1206721643049e-05,0.000860496388306852,-0.00158530077231755,0.00271206513785983,0.00335990651083974,0.00102709768189053,0.000418693481681975,0.000830331635420104,0.000816126860958501,0.00118571895725571,0.00270185951973539,0.00290649913024775,0.00302964767401854,0.00604738267094317,0.0011160713762891,0.00228572865560261,0.00558655495734378,-0.00318371799830781,0.0171366462877003,0.045088483080722
"365.926",0,0,0,0,0,0,0,0,0,0,0,0,0,0,0,0,0,0,0,0,0,0,0,0,0,0,0,0,0.0485756237832196,0.00549510566308838,0.000791192269767363,0.000122763667914276,0.000646790677109877,0.000188598927342504,-0.000808335801303604,-0.0010577673289026,0.00277256104471807,0.00167176809817907,0.000818765246932643,0.00126153664833617,0.00181912675483833,0.000825648554967052,0.00186470017201941,-0.000114567537993179,0.00125918670340579,0.00158613147386542,0.00118048197128214,0.00272305484018559,1.59358438709895e-05,0.00424072667750842,0.00701821147557844,0.0171851309331273,-0.0118983615715375
"370.495",0,0,0,0,0,0,0,0,0,0,0,0,0,0,0,0,0,0,0,0,0,0,0,0,0,0,0,0.0489093946624053,0.00740338710557215,0.000305461854477633,-0.000511600344163557,0.00078845003346303,0.000487057268221256,0.000438466053962199,-0.000898950083740552,0.00265409446892452,0.001991923774328,2.71341127676141e-05,0.000486256933327955,2.18806829498596e-05,0.00103846799384157,0.0012920856060038,-0.000446644338392168,0.00176538108600542,0.000406542572628474,-5.4808432539198e-05,-0.00203298100980982,-0.00297586642944789,-9.46511117001841e-05,-0.0031864007297696,-0.00243887725785586,0.00395036281949956,-0.0118366955067954
"375.067",0,0,0,0,0,0,0,0,0,0,0,0,0,0,0,0,0,0,0,0,0,0,0,0,0,0,0.0541580543606326,0.0102095894984292,-6.65487449886129e-05,0.000614157618848389,0.000353933059757862,0.000439280286690102,-0.000699833995926236,-0.00155697836849144,0.000791262304211088,0.0022162128976462,0.000347655041372396,0.000694355294292668,0.00153579919749375,0.000813462030890699,-7.22571032534935e-06,-0.000129853792201144,0.00104989107447925,0.00203023497386263,0.00109906318864654,0.00010822446131031,0.00273825059781329,0.00184338762997977,-0.0011965456074394,0.00654825522218014,0.00786077972492765,0.00198773168262699,0.0108102746609636
"379.641",0,0,0,0,0,0,0,0,0,0,0,0,0,0,0,0,0,0,0,0,0,0,0,0,0,0.0512946163956745,0.010075230597589,0.00131147424868139,0.00139618867015427,0.00168535971886689,3.94094289452238e-05,0.00091079043176554,0.000386208375626345,0.000433113430665391,0.00298568797830163,0.00112743069140144,0.00109343744469506,0.00133129559137462,0.0022506537984121,0.00168440487212292,0.00102928274078485,0.000915364885244589,0.00144735805423693,0.00265211530177212,0.00161394666690229,0.00218160027606884,0.00413621433025477,-0.00132990131503004,0.00537727458717573,0.0047130452603746,0.0121226618555716,0.00857232492460747,0.0198115682143009
"384.219",0,0,0,0,0,0,0,0,0,0,0,0,0,0,0,0,0,0,0,0,0,0,0,0,0.0554281603947283,0.0110157237522635,0.00010093638745734,0.000242178339548034,0.000142706716971688,7.00990356880399e-05,0.000435379202754889,-0.000599576586794102,-0.000223486564268696,0.00154235545519309,0.00102006935360282,0.00116010260175279,7.05192388516726e-05,0.000163408775476976,0.00100939224287554,0.000396818380848707,0.000508234936232598,4.79757213557846e-05,0.00183864929466343,0.00172085946417649,0.00152035444285512,0.00292457838551079,0.00208219272780106,0.00237193522681499,-0.00248384788238605,0.00050645535541682,-6.27826338155807e-05,0.0125271379305098,0.00642693938716279
"388.801",0,0,0,0,0,0,0,0,0,0,0,0,0,0,0,0,0,0,0,0,0,0,0,0.0589738809556447,0.0136962461425204,-0.000807787498736074,-0.000606450838488706,-0.000106928849547032,-0.000307998696594022,-0.000948602288677362,-0.000559126307995263,-0.00220983018631108,-0.000251719527725125,0.00108320265894587,-0.000757689353956982,-0.000364377703832572,-0.000517240627536736,-0.000116074034879611,-0.000477091007422561,-0.000522450449334006,-0.000905774333452587,-0.000145913937380967,-0.002198279787304,-0.00207674575097887,-0.000601202884409572,-0.00072304194431097,-0.00126214272565123,-0.00372642845633115,-0.000496107982178244,-0.00415464971760344,-0.0045439771555524,-0.00895376416690432,-0.0452698492741916
"393.385",0,0,0,0,0,0,0,0,0,0,0,0,0,0,0,0,0,0,0,0,0,0,0.0532307619509606,0.0168112868898458,0.000644084606091232,0.000929477153473171,0.000221921789931042,0.000341673915622191,0.000825477160810181,0.000274275252653356,-0.000227209955894536,0.000644945259772212,0.00106754765800308,0.00101650147412017,0.000159320393511516,0.000567666584534418,0.000556346200758709,0.000677783829072156,0.00108902874045426,0.00078175815739418,0.000241940209532207,0.000842823870918926,0.00156043162053244,0.00136817767830204,0.00293267907812757,0.00118800849137154,0.00232543222785296,0.00235994346314444,0.00341153259739628,0.00837378535982386,0.00707277227743113,0.00224790157059608,0.064357178011618
"397.972",0,0,0,0,0,0,0,0,0,0,0,0,0,0,0,0,0,0,0,0,0,0.0528115538914865,0.0202167699126467,0.00138260778771523,0.000274097656330004,-0.000614438698946663,0.000137771484649147,-7.66670081883049e-05,-0.000128399430593915,-0.00010580709383665,-0.00104807638077249,0.000650507431208695,0.000629783811208507,-0.000206966131544471,6.10236397162599e-05,0.000623915462907943,0.000454122100969376,9.90408827851591e-05,0.000195978372073842,6.48851662920034e-05,0.000507419753203693,0.000932497070772813,0.000374778837842828,0.000630097521442088,0.000431513502705408,-0.00117909496642086,0.0027205387238809,0.00277974936101052,0.000927436692493586,0.00332282693859612,0.00198572254907838,-0.00281788159564969,0.0081923932992181
"402.562",0,0,0,0,0,0,0,0,0,0,0,0,0,0,0,0,0,0,0,0,0.048280628189454,0.0214654634721459,0.000257340278347831,2.12890497125061e-05,0.000250931057695953,-0.000688471322593706,-0.000162792619662513,6.38207900872578e-05,-0.000163099630849934,-0.00135503324810201,0.00117692084771438,0.000764305539271936,-0.000448868256426595,-0.000161342469485038,-0.00123782573179157,1.24429527310658e-05,0.000452397027720991,-0.000413875724814578,-0.000153284804221763,0.000203309505598217,0.000289324033467524,-0.000261280522259971,0.000680878450037977,0.000204711600421395,0.000294643636068582,7.37988848185309e-05,-0.000930527137641798,-0.000126903470945755,0.000200011260932317,-0.00449158092204514,-0.00199515483072219,-0.00636336902814401,-0.0109224811472849
"407.156",0,0,0,0,0,0,0,0,0,0,0,0,0,0,0,0,0,0,0,0.0465110773668578,0.0240092281385361,-4.20968763554675e-05,0.000296161778299216,-0.000116719215571103,0.000282806663574375,0.000210779764169781,0.000616611660687001,-8.39090210979724e-05,-0.00146539997649095,0.000486771251517124,0.000621612551049734,0.000610022429240977,0.00046720120709076,0.0008189605673105,0.000356928797231467,0.000737856884000119,0.000574070735204686,0.000601767955345642,0.000741978282604666,0.0014979290618132,0.000655961763152049,0.000853403287008692,0.00103098643517948,0.00101199145485565,-4.59177622623625e-05,0.000392966750848211,0.00192884677314294,-0.000258336612692628,0.0046614713049512,0.00206035651003386,0.00604039722250138,0.00594225417730884,0.0149939100220728
"411.752",0,0,0,0,0,0,0,0,0,0,0,0,0,0,0,0,0,0,0.0414141244367279,0.0296337285860406,0.00101802295564269,6.68526358765082e-05,0.000152438718758527,-0.000239029528972789,-0.000111715553053432,0.000505673680326582,0.000200930647760334,-0.000724768224669589,0.000455045733418855,0.000659756062370946,0.00035835642120466,9.52835974795355e-05,0.000713173264262255,0.000572836350666856,0.000163565675135888,0.000471575299324088,0.00129889795671847,0.000774625023203167,0.00041951286352002,0.00134272815705383,0.000628694374179364,-0.000367727528221439,0.000302104251736606,0.000831219878163775,0.00233271156750618,0.0019959899035335,0.00233457658838237,0.000719792639135092,-0.00164292901778122,0.00145702362674102,0.00204681709389266,-0.00152784688240183,-0.0160828538201583
"416.352",0,0,0,0,0,0,0,0,0,0,0,0,0,0,0,0,0,0,0.0311534927044949,0.00121649120701443,3.91254380472075e-05,0.00017248954922915,0.000109044957024813,0.000194052125353069,-0.000169064223267518,0.000195329157003423,-0.00048374324291816,-0.000966318939328623,0.000657471370245633,0.000168721581604081,0.000601212257730239,-6.50774041871828e-05,-1.47130884066604e-05,-4.31234494839797e-05,-8.76396252774271e-05,-3.51396531162291e-05,0.000342020132978367,0.000141572525904946,-0.000275990137739299,0.000235802445964901,0.000122214907892922,-6.85913200826655e-05,-0.00072545127184947,0.000542500900599603,-0.000284411081218983,-5.61206838884639e-05,-0.00132476900249906,-0.0016705160589989,-0.000440638456302067,0.00176456739967885,-0.00957562266014468,0.0125514480100747,-0.014828063371602
"420.954",0,0,0,0,0,0,0,0,0,0,0,0,0,0,0,0,0,0.0295573882600652,0.00165505547308127,-0.000376063240492561,-0.000524179998360553,-0.000967473655222564,-0.000456214733959045,-0.000369885252191075,-0.000380120221462902,-0.000617826957138743,-0.00115048845360833,0.000192549625414908,0.00063217650949551,0.000196170831749729,-0.000599083041017855,4.20546161722427e-05,-0.000337818384077605,2.57705977999346e-05,-0.000256369198673562,-0.000186290883432949,-0.000144711161564324,-0.000143169342728335,-0.00026655182129583,-0.000363692736180324,-0.00105537192823233,0.000298914759488327,-0.000890072304245217,-0.00132307900931525,-0.00182699730965622,-0.00018475982662436,-0.00127110645048867,4.81640520685689e-05,-0.00174023254799898,-0.00424743986742466,0.000613970381226198,-0.00622511936108951,-0.032475967840268
"425.56",0,0,0,0,0,0,0,0,0,0,0,0,0,0,0,0,0.0334604693330039,0.00415294367050013,0.00062329635492943,0.000170171142228012,0.0001632231339242,0.000490342059995586,0.000291277001295118,-0.000138582380226979,0.000161128702074683,-0.000364460178528491,0.00068072165195994,0.00138575094927814,0.00119100839005512,0.000313063272005628,1.5274682743271e-05,0.000397534130428385,0.000781347556894478,0.000687960513589763,0.000637063496262942,0.000998542611668686,0.000538471293296761,0.000365308560751956,0.000675936521792809,0.00114245506373363,0.00071621073881253,-0.000124042048540268,0.000936716057260294,0.000459712941962301,-0.000230075740233146,0.00143787199787304,0.00062153505978449,0.00111109239773804,0.00304783251653578,5.43409479625209e-05,0.00116484617506141,0.0205072092924127,0.0218909415747659
"430.168",0,0,0,0,0,0,0,0,0,0,0,0,0,0,0,0.0341960648681195,0.003634273676047,0.000320465665404455,0.000116398969622639,-0.000456223444747819,3.67488079018007e-05,0.000449498275485788,-5.07596234124209e-05,0.000149594445504328,4.76395364883749e-05,-0.000194333959443155,0.000698155547171467,-0.000214420597145103,0.00048240981427885,0.000356170428244094,0.000163427253416426,0.00027587969455303,-0.000154754321311822,0.000522067344783528,-0.000145650751004748,0.000473308481207538,0.000582678113118175,0.000276565498726835,0.00097830630783574,0.000645944756006603,-7.89839320615986e-05,0.000346045463706416,-0.000362578491051541,-0.000357499006600646,0.0016825678936854,-0.000585969223025662,-0.000783889278656482,0.00114442529072586,0.00191753743367347,-0.00125850527379098,0.00525766833348097,0.000834429855345197,0.0236487909752422
"434.779",0,0,0,0,0,0,0,0,0,0,0,0,0,0,0.0386456464618716,0.00402644922760197,0.000318602417852534,-0.000269164905346954,0.000400328874232588,0.00026491195860845,-0.000121014022595513,-9.88895335631099e-06,1.24386300916763e-05,-0.000826046082814216,-0.000573319772362517,0.000364567950458437,0.000206991220708384,0.00033619123639457,0.000178596487955786,0.000321645134435542,0.000232690349652237,0.000744975930824318,2.05993464980306e-05,0.000227000779619877,0.00049687393599304,0.000316907361622697,0.000512886037123686,0.000497686265417575,0.000363154327805326,0.000408648271687829,0.000476914888725055,0.000394199406064012,0.000302988389615773,-0.00032241993137275,0.000681278904161269,-0.000111801696401401,-0.00176206658016191,0.00159154457347613,0.00168043825739251,-0.00226411439960667,0.00245724560506989,0.00229202607756935,0.00759358120178013
"439.393",0,0,0,0,0,0,0,0,0,0,0,0,0,0.0443540449548921,0.0065380520209193,-3.79534937040454e-05,-0.000452409467978414,7.87067346660279e-05,-0.000298240317905887,-0.000297801035853399,-0.000771624001172211,-0.000448862769282877,-0.000605636870460031,-0.00118055801734513,-0.00109530989963247,0.000422142910206751,-0.000111178943230858,-0.000434704574173805,0.000158275537240596,0.000226006894465057,0.000293419436522305,-0.000548849446036254,3.86859034805528e-05,-0.000177861761919626,4.97483755025785e-05,0.000113760086790701,-0.000230419854053135,0.000191501719937914,-0.000497158525190897,-0.000689494925949516,-0.000305680014591339,0.000403416878334604,-0.000596160727459074,-0.00103814086836198,0.000613968391268039,3.63612713530082e-05,-0.000779831741794525,-0.00303578729239815,5.36189950986802e-05,-0.00367331291641482,-0.0062350655331508,-0.00183001331081242,-0.0111720690709915
"444.01",0,0,0,0,0,0,0,0,0,0,0,0,0.0491418150072276,0.00966785669797886,0.000369047612468595,0.000478190275942042,0.000434785936756252,0.000116650501776059,4.59106457291318e-06,4.7387113751273e-05,0.000868552193211309,3.73362155838908e-05,-0.000633646325958725,-0.000649626205543367,0.000179397032811876,-0.000175896672317437,-0.000159240834943098,0.000292260456575319,0.000298929875000905,0.000565658373440695,2.86396170064236e-05,0.00054005949530562,6.37454495954154e-05,0.000343256665799469,0.000696270083224135,0.000240259343271893,0.00101040127334821,-0.000233584502530982,0.000496212722517379,0.000278440458585684,0.000709674151831499,3.92401388352452e-06,0.000690702864763925,0.00144485640710758,0.000478494627709206,0.00112490151090911,0.00046034969335505,0.000503181948050898,0.00155838113057056,0.00308093655090988,0.0041134189869526,0.0152231639873594,-0.00653808721510226
"448.63",0,0,0,0,0,0,0,0,0,0,0,0.0449287663733327,0.0124110910517794,-0.000187132876768015,-9.06829065298572e-06,0.000346068650981,-0.000185109454627996,-6.98031785428727e-05,5.99857855551833e-05,-0.000712648173894441,0.00111019573917823,-0.000437585925680877,-0.000100751960080057,0.000302080081427826,-0.000144531051387066,0.000285068755049916,-0.000263935495207791,0.000224794922903948,0.000259814694081347,7.70527006534972e-05,0.000182582856505125,-0.00020135827917735,-0.000255774956556194,-0.000194466710177433,-6.91304836872382e-05,-0.000344851939284954,0.000169459111861245,0.000331204380098895,0.000291990109207104,0.000223645843036728,-0.000203073280058477,0.000522319133875551,-8.12929417691069e-05,-0.000452021363460186,0.000254237939096634,-0.0011250540276425,-0.000258981370361108,-0.000579725946049198,0.00166076557522329,0.00260642728131722,-0.00303911219784658,0.00020319695094718,0.0153296954534106
"453.253",0,0,0,0,0,0,0,0,0,0,0.0419602622356433,0.0151877156324284,0.0009287116557187,7.57726215362988e-05,-7.58840556318337e-05,0.000257068805898891,0.000707891324455239,1.00184858530632e-05,-0.000288651678981914,0.00030312268266672,0.00031617088696681,-0.000893773753643148,0.000126690486873873,0.000631283283805196,0.000314169541333582,0.000304541527468154,3.23948555032009e-05,0.000447938574881584,0.000296687628240988,0.0004061765797243,0.000502435285496884,0.000775031327028969,0.000358573343143806,5.8898977641554e-05,0.000140092357838972,0.000212749759572452,-0.000209278595579695,0.000268840578517312,0.000395027076989276,0.000327870809054843,0.000301516010212219,0.000488463700403297,-0.000441877856626441,-8.3393852891031e-05,0.00138372692662289,0.00190205174335318,0.000883667400429652,0.00293588767883586,0.00164958008228309,0.00213361273969924,-0.000166462597260105,0.000986065335770179,0.0233448430378048
"457.878",0,0,0,0,0,0,0,0,0,0.0358287788960937,0.0135290303194714,0.000684954208736587,8.54017912081666e-05,-0.000282546203863772,8.90653346133623e-08,-0.000391834535474324,-6.12652086049116e-05,-0.000382671668473883,-0.000311004078139912,-0.000306710346500941,-0.000390920673750678,-0.000453967117265544,0.00117358795789039,-0.000254597185326681,-0.000114681720973618,-2.17070487421821e-05,-0.000229112644577372,1.80852812107104e-05,-9.83760230844235e-05,0.000154785941973965,0.000339291322189173,0.000447284277218165,-5.43893626503871e-05,0.00031346679720308,-9.06693493066511e-05,-0.000530901216515272,-0.000220595205149027,1.90873942399821e-05,5.97466839509736e-05,0.000525055383609994,0.000245632370355271,0.000406284904832096,0.000400854724814598,0.000560265626836613,0.000900274170890488,-0.000114821799634705,-0.000675934172555988,0.000246480551470115,-1.07164703402052e-05,-0.00138834120891987,-0.00229251486740862,-0.00326156493135895,0.00369443571206554
"462.506",0,0,0,0,0,0,0,0,0.0356658495069243,0.0161923693895848,0.000329697190762492,-0.000303400906769607,0.00042866792931054,0.000321234392926187,0.000197388856967866,0.000252269787233194,-0.000122255917428448,0.00025265904831557,0.000448167220664218,7.90706065497034e-05,-0.000609354381453805,0.000589710203919454,0.000542161039320838,-8.03929419821812e-05,0.000771709833576626,0.000156712465192218,6.87382026142478e-05,0.000914548955269099,-0.000234661144452434,0.000437322499009377,7.74730551858843e-05,0.000367289769031746,-0.000292710401714125,5.11643357366901e-05,0.000398415678151908,-0.000145631441815535,-0.00022726351021265,0.000568465032435858,0.000545195160983659,0.000569553511070914,0.00032699358669526,0.00038899433250953,0.00100337546772152,0.00133610200409244,-9.03367278513624e-05,0.000506040890694286,0.000272909996179492,-0.00115109883285535,0.00218908996858002,0.00336859647923213,0.00495054177632395,0.0147192457276358,-0.0101199868738688
"467.137",0,0,0,0,0,0,0,0.0357449976955422,0.0199548422968292,0.00110032544443253,-0.000211348324826233,0.000518231194978066,0.000415076227883691,0.000419115579356522,0.000282888376766038,0.000234886442191916,0.000684340198324293,0.0010878425485971,-4.03351019274455e-05,-0.000397343125112904,0.000867167133467461,0.00111132134865728,2.3793135048068e-06,0.000403938496734968,0.000173802006429216,0.000698813302730206,0.000381932462697908,0.000215954863292161,0.000243479764637189,0.000102966952099771,0.000349616145232023,0.000669227804450353,0.000641458964400524,0.000362247247721685,0.000717418584215478,0.00036299404875538,7.63581302610844e-07,0.000310145141118175,0.000116205333293006,0.000802086670434023,0.00120402422982319,0.0012687969379647,0.00186843057931813,0.00161156315893099,0.00185190786044244,0.00198919590186711,0.0018881572294817,0.00106674904928023,0.00253539088427041,0.000638370496872476,0.00450682209594575,0.0111123768964383,0.00980430218204019
"471.771",0,0,0,0,0,0,0.0366326333668522,0.0223484194526675,0.000770809804672663,0.000209371001040808,0.000221171687156059,-0.000163535036821005,8.38865349199677e-05,0.000193391073498113,-0.000282466605420169,0.000132068711842499,0.000185803196334271,0.000416156190849436,-0.000328862558533139,0.000418388374814928,0.000442609912867252,0.000239827909296442,6.52518991872242e-05,0.000333952694181326,-0.000202650831670375,0.000217460542995693,0.000396903439704261,-9.05212501313412e-05,0.000450989186737278,0.000169031152619052,-4.96691138887212e-05,0.000646553469864181,0.000113480206219326,8.05412582712974e-05,0.000323338632584012,0.000310466210882279,-0.000153547888573488,0.000493832698675166,0.000440577001979073,-4.37063016977659e-05,0.00037713275104573,0.000386844694004318,0.00104279543293386,0.000558985208439135,0.00284642716210078,0.00191163188139133,0.00047715731273448,-0.000380704552306826,0.00138593122100375,0.00120566369338654,0.0059586826669338,0.00514680160713771,0.0120596698596978
"476.407",0,0,0,0,0,0.0371780471443099,0.0234161436570443,0.00121813481635493,-9.10167687480515e-05,0.000156772809965147,0.000153047170545756,0.000222852599149531,0.000230246594806948,-0.000281976540796398,-6.14751038055604e-06,0.000379870522712375,-7.00375231476452e-05,-9.81377912168237e-05,3.28136080210845e-05,-0.000349588194651237,0.00104002671484742,0.000118423431889808,0.000206302229036501,-0.000178967235191432,-0.000144075876927531,1.56767924528175e-05,0.000238556339231736,-0.000239308596735806,0.000176329485631684,-2.47839455080091e-05,0.000431234378281055,-0.00017694291581151,0.000126401659432492,-9.20516661609096e-05,0.000322046854791998,0.000536631570675187,0.000259040932258353,0.000302108176401987,0.000362120408959239,0.000614261652074736,0.000689493807333542,0.000241237518495176,-0.000514780558592317,0.000157075414642612,0.000898574239119897,0.00129329646176774,0.000898221763718146,0.00109346134994448,2.73903527856804e-05,0.00100119903363029,0.00322596159923156,-0.000169248224041629,-0.0267120391712002
"481.047",0,0,0,0,0,0.0257374260345463,0.00120027557392666,0.000304343594966768,2.97457981098036e-05,5.91314631169778e-05,0.000264123449027697,0.000132934942364259,6.48307431281655e-05,0.00012352376724692,0.000563370833597524,0.000316692691846325,0.000217415119042719,-0.000500706120407493,0.000316395271945102,4.59166933491299e-05,5.83682136160294e-05,0.000512570059446794,-0.000230599874553431,0.000100285547165145,7.96000884461653e-05,0.000184148817955399,0.000254889407506734,0.00020855736413615,0.000302250215208867,0.000206425814030168,-0.000184242247622955,0.000303993214154969,0.000272399985462726,0.000175188170635808,0.000435267225335924,0.000191447419557866,0.000343821418471138,8.30951221796079e-05,0.00101200155676223,-5.62586174541208e-05,0.000261185825651678,-0.000350684736281588,0.000403638051672479,0.000321200870976237,-0.000353650822733922,-0.000239710157829864,0.00018172369870985,0.000592041497878668,0.00100206885374674,-5.04514069267787e-05,0.00353370586979699,-0.000136180113589207,0.00453308777766914
"485.688",0,0,0,0,0.0311332700490205,0.00192780737063026,-0.00028551850065705,-0.00011683706486688,-0.000398246888208159,2.25548656741022e-05,-0.000429978940353127,-0.000530425458237375,-0.000480238610707399,-0.000873319563812615,-0.000246525023589179,-0.000178331409390038,-0.000720849498476899,-0.000645891193649491,-0.000412612012374355,-0.000130835259516911,-0.000159367930650392,-0.000527964480008041,0.000576696498662853,-4.46849211409093e-05,0.000355273338759503,-0.000227183102897277,-0.000349413068291105,-0.000124937359501399,3.42761028026303e-06,-0.000242446079663197,-0.000327276671483962,5.2591917312431e-05,-0.000752265032900965,-7.27307211686128e-05,-0.00019676115176408,-0.000527856119280435,-0.000406977811346716,0.000195437712882251,-0.000839642233553163,-0.000788965581210238,-0.000417846949591987,0.000246445582348058,-0.000577430332431725,-0.0011287729820391,-0.00100065973617896,-0.000401856430896915,-0.000168354557386099,-0.00182497438030514,-0.00225245562868659,-0.00347926968900992,-0.00153611294635329,-0.0115894525362655,-0.0455592089792214
"490.333",0,0,0,0.0300572877678141,0.00280876724156829,-0.000145847251112169,0.00014784109026556,0.000373191338847075,0.000167064171688497,0.000342440773380218,-6.66644616779824e-05,0.000295047285579651,3.48780284710157e-05,0.000147242243476034,0.000320587177751137,0.000197136008963746,-0.000107275682494707,0.000605972974658382,0.000179823885172104,0.000435817258952597,0.000890683465024784,-5.20205226451025e-05,0.00012546951817493,0.000229628494292203,0.000448254290226744,0.000181841737873641,0.000400931594861175,0.000129425075195356,0.000469722740622438,0.000741219290803514,0.0005167763437586,0.000493191465498944,0.000328309074688731,0.000479501835534032,8.63310771663933e-05,-0.000112998282150106,0.000258883796602334,0.000809846535308113,0.000406224278702989,0.000710700008346645,0.00125693137995402,0.000863917092470224,0.000354669287865865,0.00131024845068789,0.000340633735505227,0.00101199121796345,0.00103520886250093,0.00191158507509573,0.00247529624319813,0.000362211519841301,0.00473810036682254,-0.0149803706643053,0.0189355609507345
"494.979",0,0,0.0329331975597721,0.00334154256098278,0.000251126465105229,0.000747818655452748,0.00020880822581952,0.000275221628221917,5.34353477350855e-05,0.000300654323654131,0.000131255836544752,0.000424062136122437,-0.000314671096048945,0.000449115399642527,-5.62242568328225e-05,-0.000256866512158676,0.000708690774044174,0.000683438610837847,0.000102474772468063,0.00087316429462927,0.000608802410460638,0.000452600117342794,0.000623480103192302,0.000448929506498897,0.000473377841930975,0.000123568827727565,0.000161970782856981,0.000264741934012817,0.000574257453515182,0.000488581931890743,0.00050022069661917,0.000332581133362703,0.000442073799045265,0.000818996692159224,0.000856672655897016,0.000496925849833278,0.00123159196799211,0.000319108550835691,0.00120579605662969,0.00061139780660965,0.00135568665719801,0.000959133030543645,0.0010757605331937,0.000619253368856548,0.000608235530221709,0.00300363496973854,0.00225470612416349,-0.00011610728225666,0.00124834022938505,0.0045693451540343,0.0035137480755401,-0.0146372545611756,0.0420181143102762
"499.629",0,0.0296136539778909,0.00288039766860673,-0.000613169487665222,-0.000468833638760815,-0.000185063134619888,-0.000303608929494664,-0.00033406644316692,-0.000200622165810481,-0.000426538095081885,-0.000405260586438279,-0.000365877482645486,-0.000226339438629125,-0.000345943723636198,-9.92424679301957e-05,-0.000184602937398626,-0.000122138474120636,-0.000461905632579447,-0.000570297836369122,-0.000253972659085122,-0.000697569204639578,-0.000128828752487932,-0.000425554679573571,-0.000256295197068447,-0.000351537465692183,-0.000727330439458577,-0.000481146911986344,4.4423656062058e-06,-0.000108345082297778,-0.000260783826072914,-0.000187466401688238,-0.000113219995794519,-0.000338380669668693,2.13292389896277e-05,-0.000530446596460317,0.000118479230363871,6.36049140646578e-05,-0.000553615806556552,-0.000415780768331691,-0.000168738879418479,8.18041565126284e-05,0.000425766655050308,-0.000488380722375251,-0.00113974345651884,0.000338285905642865,-0.000694615980887481,-0.00120811309663644,-0.00145603171391182,-0.00262548722272484,-0.00173882936541877,-0.0171715559934414,-0.0171958609625567,-0.0209945892146948
"504.281",0.030695911173714,0.00350548524818195,-0.000220613880547233,-0.000417306175456097,2.09438864810604e-05,-7.40179347189169e-05,0.000102953470047156,-6.8353867530541e-05,3.96360557643731e-06,-0.000454076718373883,-2.13651200240651e-05,-0.000203850424225703,-0.000447106027923138,0.000153139899248778,-0.00058608881824589,-1.63702324222602e-05,0.000432480512303407,-2.86406603505796e-05,1.97060486555699e-05,-0.000643259672143159,-0.000461113744512613,0.000145792286573493,-0.000103645108618205,-0.000270741212370858,-7.69798695275464e-06,0.000290355385131945,0.000151305388567697,0.000171809140051482,0.000114175832764429,0.000161915274122767,0.000146485242305632,-0.000125797364205328,0.000212415704734136,7.32247989535365e-05,-2.36569757380114e-05,8.32464607487255e-05,-1.11048218662725e-05,-0.000461514567087961,0.000394857157582646,-0.000495220407796214,-0.000364607728371881,0.000590179169760254,0.000456753528884858,-0.00011267366352883,-0.00066624279000104,0.00044420946641362,-0.00175590946235281,0.000899596338997208,-0.00143013830310935,-0.00358939743803318,-0.00803891916011951,0.00625512844419895,-0.0310685054617889
"508.936",0.00535759366724293,0.000759849956231036,0.000534234040759804,0.000647593484829543,0.000505799060164722,0.000480939074047517,0.000274591469629118,0.000411772607410669,0.000512959969141208,0.000421182474489299,0.000617844279740411,0.000824829466736257,0.0002895383882586,-0.000120933872499696,0.000410952811872497,0.000511786996671401,0.000522344563635427,0.000688087591656467,0.0010084989577462,0.0003529073560201,0.000971407481077433,0.000821727938693965,0.000606856472482011,0.000921264825131329,0.00023301725184759,0.00036402316643719,0.000313727693937111,0.000560907105299316,0.000819625422852891,0.000662374809295282,0.000330254271027692,0.000543352801773049,0.000773404732308041,0.000827662905438912,0.00066288232273236,0.000379086396709716,0.000766226469423743,0.000602234601881461,0.000860553660106331,0.000697495297899599,0.00155690611481408,0.00171552778942774,0.000864623675674296,0.0019536539531486,0.00149335268325684,0.00213109851857133,0.00341083356440962,-0.00015394934495784,0.003607647266221,-0.00524963883224397,0.0128211775462719,0.0235756542960685,0.0341666271527754
"513.593",0.000123020031957962,-0.000178472790863087,-0.000144189684433517,0.00014958184792789,0.000250013468106272,-4.1350229269056e-05,-0.000166641451339139,-0.000190461697387011,-5.02949245799374e-05,-0.000166621455204624,-0.000295489977992833,0.000227179622658121,-0.000285618550527328,-0.000236037229430741,-0.000118628032764302,0.000160108003751489,0.000100477192883771,5.32526230789897e-05,-0.000113542045163867,-7.99962398005079e-06,-0.000303634133730946,-0.000140315099363942,0.000100377181948151,3.70876694645049e-06,7.45932461687203e-05,-0.000507146110072178,0.000124594916992638,3.02699934061469e-05,-0.000168939252121407,4.50955462575196e-05,0.000143215577868464,9.93139930242092e-05,0.00024381877475763,0.000120846312235313,5.73538251287568e-05,-0.000358952327530163,0.000342320629015937,-0.000799464863147941,-0.000291703228956553,0.000356211851666801,5.22861298878966e-05,0.000347174813239245,0.000382954261164094,0.00021167229575634,-0.000435260515422722,-0.000479861775821062,0.000248606635338284,2.23184563938276e-05,-0.000771477404284061,-0.0061282994833487,0.00189269413847332,-0.0036938600879194,-0.0170257525949348
"518.252",-0.000585493746340877,-0.000595118855000896,0.000307553731436302,-0.000156410991435337,-6.73668777675029e-08,-2.48913771286447e-05,2.5024979453929e-05,7.29112520315308e-05,-0.000153114116903345,-0.000265184806234019,-0.000226017887699392,-0.000752918490741625,-0.000250777822599768,-0.000155840071149424,0.000304762899956536,-0.000645029360931981,-0.000106788146090727,2.66351906179325e-05,0.000245468479096749,0.000290686929436237,-0.000433272405038552,9.62381014664117e-05,0.00038482163136461,-0.000184562219084436,-0.000401457116180534,-0.000360433648172264,-0.000364398545583075,-0.000277642687901068,-0.000175250142671023,0.0001836490510237,-0.000359024674565288,-0.00043910044597588,8.50456945358489e-05,-0.000536036945701665,-0.000427785681653104,3.30438308888125e-05,0.000211362193861477,-0.000209626941799657,-0.000624636532750016,0.000150818961178691,-0.000302197559434679,-0.00088063892528244,-0.000421098971322694,0.000209498321461835,0.00141416475905521,-0.000959996881949816,-0.000811146996296877,-0.00248729515266481,-0.00883145638973526,0.00247392096155413,-0.00289303124840922,-0.00681437625889506,0.00358743926779711
"522.914",-2.20386433026251e-05,-1.12079790734118e-05,-0.000348519872365273,-0.000309688260064192,-0.000629443877578248,-4.91011925847737e-05,-3.90555961994494e-05,-0.000286923574292777,-0.000262633513877656,-0.000391099024763122,-0.000199438212522672,-0.00033818834106396,-0.000289126998932481,0.000218732394845709,6.06139918075751e-05,-0.000204253466766091,-0.000287836144560103,-0.000277882349781532,-0.000295265188675117,-0.000782588882351569,-0.000433393845368808,-0.000297348210923694,-0.000738593511829997,-0.00068192375851683,-8.54240704300142e-05,-0.000299992025271494,-0.000416975646683653,0.000464839051192245,-0.00019876451463101,-8.30030663550479e-06,-0.000371501041800065,-0.000148335776463391,0.000106071000859278,2.29887995568918e-05,-0.000231027494224157,-0.00062588259592116,-0.000709199281002452,-0.000260750381027784,-0.000463478233844022,-0.000458835424190424,-0.000248086682019342,0.000509158630508804,-0.000649036038395165,-7.48332998649981e-05,-0.00057186289014453,-0.00141992883860831,-0.000616836112994157,-0.00497795592004815,-0.00717657679666389,0.00902744230789421,0.00257983789303514,-0.0109959231248758,-0.0305483396301284
"527.579",0.000224064024658141,0.000281635764062236,-0.000144884007275982,0.000364578781478764,7.42760158853938e-05,0.000425202167916237,-2.06685420659508e-06,3.53032950173285e-05,0.000160396077296677,0.000205307471173848,-2.02064690181152e-05,0.000203623045479653,0.000354057034876199,0.000399409534611804,0.000236088792207125,0.000547843428718003,0.000117762758825124,0.000181376536407274,0.000323259585157293,0.000669757005148585,0.000384079617346502,0.000197101708308043,0.000917983996231163,0.000404328055069625,0.000350913762858711,2.48264511343511e-05,0.000418048434743387,0.000344645849826318,0.000198874555021762,0.000432532379744614,0.000503340647444729,-0.000103335570028367,0.000843562638658018,0.000386799263386167,0.000737648755030612,0.000310341924501853,0.000346055137865702,0.000556329641180522,0.000419361186164271,0.000273486270637073,0.00031709581671455,0.00106320684014563,0.000617812579742745,0.00143908829393704,0.00118359717324366,0.00139067711476388,0.000901789576936773,-0.00355068869338786,0.0059958590771709,0.0075702560468769,-0.000856329313126042,0.0100994790629901,0.0314341988596835
"532.245",0.000240022329368385,0.000268245482220347,0.000441481518111736,0.000521944006042979,-0.000211535588524664,-0.000139606727975959,-8.29288417098773e-05,-4.49735663065778e-05,-0.000230773104325964,0.000135049731822574,-4.41416272699453e-05,-0.000505512174173904,1.16094105497035e-05,0.000269713894105808,-0.000155399028788081,-0.000368620445983211,-0.000317796189107724,0.000429415992055773,-0.000673263910932089,4.67925194023455e-05,-0.000592923795286103,5.64212981960447e-05,-0.000154055756973873,9.55309372498671e-05,-0.000549948104855531,0.000247969192479081,-9.83465262041519e-06,-0.000307745088466379,0.000421732349808502,-0.000134019354919882,-0.000325297956773598,0.000152903508837736,-7.90533322441949e-05,0.000482273349600944,0.000134873133714209,-0.000129879133789429,2.2644458047825e-05,-0.00031422263280003,-0.000101714658460604,-0.000278677980088064,-0.000375589158994684,-9.77098216125088e-05,-0.000174463988806137,-0.000598119185260874,-0.000157445632603715,0.000654211624023632,-0.00312242239926488,-0.00590406638067742,0.00117306803213379,-0.0021029373703688,0.00342912677883081,7.21803477835986e-05,-0.0289407876404214
"536.915",1.56179558613897e-05,-0.000119391083690689,-8.83717089528562e-05,-0.00025071096854863,6.0657544450225e-05,-0.000294849702338737,-0.000210025844383164,2.49221824994447e-05,0.000295928500322308,0.000208786367779739,-0.000282531095752325,-0.000390420301164843,-0.000705919613731903,2.82247235029618e-05,8.82619119230113e-05,-0.000157836510191335,-0.000573335277119285,-0.000371346827258988,-0.000309886714709307,-0.000141953522808872,-0.000243101445271947,7.26716889244302e-05,-0.000560224793298976,0.000175204030652534,-0.000374278556584995,-0.000174902637852058,9.92105085302707e-06,-0.000343533434734206,-0.000162576975381853,-0.00060286392138642,0.000575196159446566,0.00020663057397531,-0.000250632208146526,0.000180052578508025,-0.00039412731804618,0.000147585557964932,-0.000239355253574566,-3.21859529691071e-05,0.000189925598001744,-0.000127421920437425,0.000659128917719699,-0.000890332817611257,0.00068888025764861,-0.000111889639864749,-9.37675362368481e-05,-0.000101187196222624,-0.00400587144539409,-0.00292441187995052,0.00352110264599587,-0.00252046721554144,-0.00355110015741826,0.00810178957081541,-0.0103271172314932
"541.586",-0.00043839237350282,-0.000179388933592702,-0.000425379592955035,-0.000153110906277225,-0.000117568563324046,-0.000188239697032569,5.65795368996232e-05,4.62677487811632e-05,-4.76770534139003e-05,3.41234150611127e-05,0.000310437071942942,-1.49514110241303e-05,0.000320483721241899,0.00019838148054162,4.4951923322861e-05,-0.000271484501631392,0.000304497858079976,-0.000104362314827711,-0.00019593791721409,0.00043617694973115,0.000200030725011012,0.000282677914422506,0.000322506317108317,0.0001717233697018,-0.000204705838044555,-8.91612121964073e-05,-0.00038647280732997,8.82902861437208e-05,-4.71189991791084e-05,-9.19922598901362e-05,-0.000100302940102031,-0.000338111365043513,0.000135211194594724,4.91852202796367e-05,0.000316168600219881,-6.89761570888689e-05,0.00042853564053611,-0.000201019367309136,-0.000610965091213518,0.000623553082823528,-0.00044954888241852,0.000306517870054377,-0.000395921119033624,-0.000764141587808298,0.000995646450896193,-0.00108346713889583,-0.00588169148699166,0.00373877048454292,0.000846166974698605,0.00164631667304985,-0.0057322154248332,-0.00471322472391495,-0.00190411498685278
"546.26",-9.49322871094551e-05,0.000326558711087948,0.000130668583410295,0.000420872390169522,0.000183892273374762,-5.37116133509918e-05,-0.000183113344396799,-7.05032939482611e-05,0.000413898966045077,0.000229645117446096,0.000133252336408671,0.000312244782727187,1.92210171928698e-05,0.000135017227258552,0.000119121042392567,0.000373630443558555,0.00040383182826403,0.000206137527137133,-0.000119147891086232,4.91049482791963e-05,-6.99989365895521e-05,0.000338726757728721,1.35027963343895e-05,0.000213887506098283,0.000123579688618674,0.000785267162577914,0.000350141317086886,-4.46374232609773e-05,0.000206730571089548,0.000444574069815096,0.000246602773996026,0.000168679499246353,0.000364044098752077,0.000529007466615113,-0.000179299937801401,0.00038222310793266,-6.9493080339768e-05,0.000316556343629911,0.000220906122331428,0.000325925240742315,-4.11908325752169e-05,-0.000761014017535035,0.000738024040868467,0.000349682619033266,-0.000379246712996504,-0.00287574411890936,0.0006139824529173,0.00425329486818073,0.00222470378124881,-0.000855685349278294,-0.00441205753119774,0.00841367738989303,0.023701416388418
"550.936",0.000132587899242878,0.000371939092817115,0.000309191970595763,0.000581522188222528,0.000268949574149093,5.54673718114689e-05,0.000298450483990148,7.31329212386774e-06,0.000516611427010032,0.000113416306670373,0.000163909953284118,0.000224982652638238,0.000397685781554007,0.00036106998798817,0.000458356643717439,0.000342286208470254,0.000596982846743865,0.000270023370833035,0.000482492756207829,0.000609926930024071,0.000759359780178526,0.000301754517194479,-0.000111529332674742,0.000308885046528371,0.000596025397153664,4.60973619884556e-05,0.000373403424301976,0.000157426994268091,0.000214671878606771,0.00048709871957406,0.000585275370956796,0.000110253382726245,0.000300135210084571,0.000240926773783197,0.000437531436817154,0.000502373453370281,0.0003001821719525,0.000452223643457107,0.000436145051640533,0.000371349056135066,0.000441425490228764,0.000241136997015826,-1.40991284998694e-05,0.000418748081550962,-0.000199782814667984,-0.00481997387002708,0.00541029875765088,0.00251108674267096,0.00337004005399518,0.00208364673664265,0.0038636693419043,-0.00375332313087275,0.0268423087157719
"555.615",4.89422902230463e-05,-0.000333324428749409,-0.000104713172725957,-9.8462829993676e-05,-0.000413889593426324,-2.87972096934483e-05,-0.000500904709105112,-0.000226445722522719,0.000149522646401771,-8.34981113352872e-05,-8.467638360384e-05,-0.00022278023588911,-4.49978872896453e-05,-0.000418705050781712,1.77012005433265e-05,0.000152865918354294,-0.000173598845905145,-0.000416316807802851,-0.000579135715407109,-5.43538880058447e-05,0.000120060014446134,0.000152190537928666,-0.00045238489378829,0.000683633068460179,3.54250498391335e-05,-0.000227642842734087,-0.000167455946582994,-0.000383818464957329,-0.000157772226157944,3.77755326295014e-05,1.04659984130443e-05,-0.000154176643203144,7.53422232502134e-05,9.3950060052183e-05,0.000248634959920193,-1.88480423206848e-06,-0.000500754944139134,-0.000550984230328007,-5.21028882934305e-06,9.31056897125042e-05,-0.000835380086398891,-0.000586431700712633,-0.000123194557756312,-0.000620798039710837,-0.00150670550669571,0.000345212833611441,0.0016211984555292,0.00079091258351009,0.000381797706577304,-0.00157629523396412,0.000479660931317044,-0.000922691441476076,-0.00378372478145041
"560.296",-0.000462151498074051,-1.35016305103243e-05,7.43419185755326e-05,-0.000704137467702785,-0.000637574414173024,-0.000308573762193585,-0.000708932435800246,9.36731804637662e-05,-0.000561783023910154,-2.5773366677379e-05,-0.000193951922130731,-0.000302011114260815,-0.000164333422249709,-0.000124219635691528,-0.000446871855121517,-0.000363013707678183,-0.000250198433506483,0.000213600638228141,-0.000106852700743335,-0.000473358123151004,0.000148332186052976,3.86785064650258e-05,-0.000897080144484905,0.000270335597251966,-0.000893237438834246,-3.13516483636923e-05,-0.00059691315227597,-0.000276876790359447,0.000180740355206982,-0.000260834729066399,-0.000144197693241044,-0.00016386606294868,-0.000378971946282772,0.000386992461626576,-0.000130992846768456,-0.00101672388829626,7.78862977693262e-05,-5.39642907612727e-05,-0.000521529506071155,0.000131892743081641,-0.000162184009324375,-0.000584242909597275,0.000293395298482795,2.2864836301463e-05,-0.00484720846022012,0.00375894362799059,0.000485720581650895,0.00014726482981169,-0.00260128811083544,-0.00666026940266411,-0.0069178315274219,-0.00207892861854297,-0.0378329136893295
"564.979",0.000538841480570607,0.00058350895935237,0.000449530570576038,0.000166766961740381,-7.25488174959149e-05,-0.000364576844153274,0.000122356449685845,0.000422194715452817,0.000519832169673335,-3.32959313111192e-05,0.000241833744368595,-0.000295880696459438,-0.000114978173644038,0.000630054157084974,-0.000312900151996637,0.000134134870714566,6.89060576849932e-06,0.000252318834436477,-0.000122537755827144,0.00046130740313637,0.000388279156514562,9.28640347062052e-05,0.000288267608110136,0.00025802001848446,-0.000429713801593305,0.000159450894543498,-4.50782762308471e-05,-6.70756521385379e-05,-0.000260417077804678,0.000366782808245686,4.95113719225009e-05,0.000197331354167264,-2.09843535417181e-05,7.85512724854609e-05,-0.00015855402581798,0.000442032248758157,0.000105063118563631,0.000178783514761061,0.000555075442677171,0.000560907693868912,-7.54015282997117e-05,-5.20859932542253e-05,-4.01679387364428e-05,-0.00183807372210552,0.000856914934121072,0.00313694119850508,0.00199139830632559,-0.0015686511437007,0.00173903375391792,0.00222809494656819,0.000271160299412886,0.00175300647235085,-0.015272861069321
"569.664",-0.000269536505818457,0.000279946712147792,-0.000695733719527032,1.21199051696184e-05,0.000131681710296754,-6.85452195663431e-05,-0.000144641011765175,6.12254940446445e-05,0.000215233315191227,-0.000178836269685337,-0.000220328613031525,-2.35110297575489e-05,-0.000171312612994402,0.000304582253713256,-0.000168640404092101,-0.000226304605091491,-0.000227736035751105,0.000128688124289473,-3.01178752712305e-05,-1.51566045124138e-05,7.83581774743114e-05,-0.000320892257349848,0.000362965214428696,5.97040855596671e-07,0.000112877366233711,-1.10040869833227e-05,-0.000184423678333984,2.26723540671412e-05,0.000144494133728235,-0.000357805051817356,3.08219023331679e-05,-3.15101315604172e-05,0.000214799147363125,0.00010085166413816,0.000207563829142079,0.000550424345366374,-4.41462109847197e-05,0.00028331930290284,0.000248801103860274,-4.03825271010488e-05,-0.000201438022026929,0.000585083583468685,0.000101033413815835,-0.00332804011576933,0.000763656727509415,-0.000493626173420892,0.000601490937842379,2.72446902926939e-05,-0.00208001095144083,0.00211603292113029,0.00337008861884859,-0.00621023458668223,0.0278593377802783
"574.351",-0.000276066884892869,0.000606561177142512,-2.98309310730792e-05,6.23507044033218e-05,0.000614634154631573,0.000328147576519063,9.14651262987414e-05,-3.21325200207406e-05,0.000254859676176806,-4.26359491172984e-05,0.000190256439415689,0.000441671043782156,-0.000227824021519743,0.000237050131703197,-0.000336770275135182,-0.000308606137631987,0.000267978867336461,0.000212446201898528,0.000348839006247366,0.000414715877785127,0.000532561739436907,-6.47423022400158e-05,8.92102222207741e-06,1.02866177826921e-05,-8.41072350796856e-05,0.00033828506630972,0.000507775287956736,0.000400427213969981,0.00029674704514594,2.50697084455605e-05,0.000328216134528895,0.000320468171615072,0.00081768568437908,0.000297088033565297,-0.000200787372217301,0.000194476099763864,6.34687511488677e-05,0.000156266616021321,-0.000285776959211063,0.000378855006503337,0.000217497434825542,0.000488470375710307,-0.000212059649987335,-8.13993097281696e-05,0.00249626196365668,0.00110994109071805,0.00243269098501355,0.00190970302582479,0.00136928060232792,0.000925300046464015,0.00229059918726269,0.00235339635643974,0.0144963669506112
"579.04",0.000600408112984844,5.70409958887267e-06,0.000856092432517629,0.000263230536670982,0.000717580334871222,0.000477839479729092,0.000433902737559988,9.94975433025976e-05,0.000223202425162919,-1.94390631906317e-05,0.000406704593641392,0.000248532519819456,0.00059212734572964,0.000440058626427541,4.31053054717494e-05,0.00076133378391204,0.000480071887466699,0.000804199331973326,0.000202836647631358,2.05599550225448e-05,0.000626330681346505,0.00090834004647264,0.000159033104314277,0.0005090360001047,0.000600365660036113,0.000586816451210864,0.000256245626064689,0.000637212560709802,8.04793979964712e-05,0.000276870204825954,0.00045653838738579,0.000208815112950878,0.000491287036752164,0.000776804420713597,7.54025668614988e-05,0.000451756718845447,0.000585152295791154,0.000587928477664645,0.000705266156611405,0.000225189002769783,0.000169333664679641,0.000139459819690643,-0.00172097359979959,0.00326820697272502,0.00181647256208463,0.00247098267553361,0.00140044636519899,0.00261975432402123,0.00119212882522882,0.0018220095198391,0.00583684268897128,0.00059917288531625,0.0141890738648809
"583.732",-1.71334123261235e-06,0.000231448323824841,-0.000425293555351984,-0.000196087716211131,0.000347089148725918,-0.000333128769930812,-0.0002220289040239,-2.56345830084348e-06,-0.000233975385423025,-6.05062877427361e-05,-0.000246119760399663,-4.94350430756077e-05,2.3329620243202e-05,-8.80712770089078e-05,-0.000584614348757454,-1.49651783881541e-05,-4.90303740632266e-05,-2.57527901990767e-05,-0.000234618835320449,-0.000527570102383185,-0.000112181386088483,-7.60878884345298e-05,-0.000162501419606597,0.000186138192569391,-0.000386295729795351,-0.000146244482625182,-0.000236437372834093,0.000169358759437502,-0.000251870045658649,-4.62313858963667e-05,-0.000141446751460113,-1.23224952341692e-05,-0.000107913440138076,-0.000336059726652403,-5.85125565518319e-05,-0.000131885455623109,0.000262653468454136,-0.00070379494869301,-0.00023723102190069,-0.000289841490849454,-0.00113468165412437,-0.00168035716808145,-7.50221048239907e-05,0.00273938409554085,0.00040762992924946,-0.000219336405690245,-0.000738183642319686,-0.00176961762495602,-0.000543074670254624,-0.000233885606814968,-0.00640569535502434,0.0951552485446023,-0.00251450618468963
"588.426",0.000552356384397406,0.000178200407274167,0.000196173581497707,-0.00018629949094959,0.000125036302473274,-0.000347549832275079,0.000143429371510784,-1.07106673971395e-05,-8.21376921219299e-05,0.000225508383306574,-0.000272020801617703,-0.00039727376415424,0.000142068794536826,0.000371446233865107,-2.85848918885372e-05,-3.80846304685018e-05,8.65132438688983e-05,0.000152207628243716,-0.000104362666837653,0.000586628161352933,0.000242149937516157,8.21999925636671e-05,-0.000100451755839727,-0.000333115463699678,6.81697065251291e-05,0.000261049243533716,6.9219822048693e-05,-0.000266190436278312,9.54537087591924e-05,2.17669444625474e-05,0.000269335970686221,-0.000300382774123067,0.000327918761839455,0.00022197297043376,0.000358816352654351,0.000238928074142991,4.91068991198089e-05,0.000115385214758202,0.000530760037289755,-0.000154934378057066,0.000330476949472997,-0.00184623462607774,0.00272077629656403,0.000622219598392599,0.000963184698425228,0.00127327113480738,0.000951442723227866,0.000961977257921659,0.0028576382969026,0.00143906137667736,0.00879244106045241,0.00300658452358572,0.0197535739377873
"593.121",-0.000510247203198792,-0.000354891872424924,-0.000805718248592658,-0.000163056018855364,-0.000147774916063132,-0.000244726385581344,-0.000142536059840931,-0.000213034797476304,-0.00042054178443257,-0.000133906274811993,-0.000425945690987523,-0.000612435941540004,-0.000382781623752917,-0.000341051872062729,-0.000158489001296044,7.42893417137756e-05,-0.000294800644131516,1.38489492134763e-05,-0.000382373346596376,5.94914385868584e-05,-0.000255661458871522,-0.000175884243823352,-0.000216297644194658,3.08846400616522e-06,-0.000488152581684832,-0.000203543831457644,-0.000318707123266169,-0.000432745833513064,-0.000163991003409527,-0.00035197135689777,-0.000534176780877978,-0.000541475371788318,2.80945332395874e-05,-0.000362288110373516,-0.000583466947718001,-0.000146565986076689,0.000193170111176344,5.58269324162584e-05,-0.000151239849669481,-0.000331769109525954,-0.00134516018441545,-0.000375650738822383,0.00166987752428148,-0.000161140241482802,-0.000521012648879346,-0.000926986245770643,-0.00175486728372739,0.000276866660573766,-0.00237391477304628,0.00137828332715948,-0.00190085405675827,-0.00763128856976215,-0.0184164781564269
"597.819",-0.000336928389595851,-0.000402566277567339,0.000281985447967109,-0.000218658714048786,-0.000468421250067545,5.33921779427282e-05,0.000330159364000101,6.87783932790375e-05,-0.00016396467257039,2.98762599631671e-05,0.000195084873275301,8.54014388854718e-05,0.000313183625155393,0.00048833469909833,0.00021995727407692,0.000140096682664929,-4.10610982194277e-05,0.000283365036267963,0.000549696412844712,-0.000141291556247857,-2.85058149586321e-05,0.000269939395419179,-6.37142676012453e-05,-0.000142459859708954,0.000386976665357054,0.000376027928340473,1.17414688524163e-05,-0.000143422939002236,-8.92538131465362e-05,0.000169131676344559,-0.000367358809853477,0.000316181376027105,0.000280272178110285,0.000255864277564981,-0.000131757479980056,0.000404192163689204,0.000435241435185783,0.000116864622032676,-0.000501129776132031,0.000387311464824758,-0.00239555475657022,0.00246414675522399,0.000852559934137471,0.000562956096062548,5.76103456155098e-05,-0.000615896124364078,0.000813753689575713,0.000524339098176297,0.00261517994722781,-0.0003959926768564,0.00727410667816029,-0.00262326412236915,0.0214678160773651
"602.519",0.000307668645338016,0.000501042723052418,0.000335626519313579,0.000134831031750643,0.000127425389849704,0.000239909731683492,0.000103952341439559,4.9916463985393e-05,0.00011955877929424,4.74865938816724e-05,0.00042205962214857,0.000146919566101487,0.00017328433380512,0.000147402021674512,7.8343048617746e-05,0.000309020154853548,0.000612548663435833,0.000461730372022052,0.00038323025368628,9.26203881501005e-05,0.000205051215839236,0.000545891002078832,0.000260132663142493,0.000143056228109538,-0.000277558013482496,0.000136051743907821,0.000234956556425337,0.000518605049188658,0.000111399415865752,2.4313151785849e-05,6.31787093489494e-05,0.000327266234402877,0.000198891086389948,0.000417012587132129,-4.41507987604216e-05,0.000193320104230819,0.000138616790338735,0.000369832729093872,0.00042524853365662,-0.00113966235417462,-0.0014673397314732,0.00266590219262423,-0.000263812027347933,0.000511738787487609,-0.000134317232435888,0.000131646521634287,0.00145830493714682,0.00163732943174167,0.00295781576399021,0.00210936174443772,-4.89928103028087e-05,0.0126283008516179,0.0145320832362167
"607.221",0.000599548442609192,0.000698822597377495,0.000312447762733038,-0.000305574603956074,0.000343741541918631,0.000390742622739842,0.000431472188252293,0.000238500244114139,7.24702244188284e-05,0.00053282923951649,0.000248904775077724,0.000244869103286202,-0.000146038428003854,0.000456737682918041,0.000444135625519099,0.000401967249664692,-0.000138372132318271,0.000361476666631905,0.000295696301526498,0.000696849077390329,9.62075386518699e-05,0.000723304727254313,0.000149518904138419,0.000499606664615608,6.6153418286529e-05,0.000657318952979489,0.000179861221006614,0.000725971132893918,0.000634644101313608,4.54645964780376e-05,0.000444689125161695,7.89856150009172e-05,0.000483640199506318,0.000337844529118729,-0.000193786730487739,0.000111047472870721,0.00070572963609339,-0.000566153480503739,0.000597011769188271,-0.00079059472992107,0.0022755015739853,0.000993709306732012,0.00114025570679954,-0.000122289577246589,0.000884254329521628,0.00015424805969351,0.0013235907298249,0.00235501440777548,-7.69856752514714e-05,0.00759315314166375,0.00835982834244238,0.0147862136591128,0.0248625199895258
"611.924",-0.00065824367637842,-0.000104124000174915,-9.51952113917505e-05,-0.000457424041112545,-5.34314768569872e-05,-7.30847007909333e-05,-0.000504369015837575,4.94396300904583e-05,-7.0152849953993e-05,0.000295969967774629,0.000274779942699582,0.000418117697659592,0.000209030992725942,3.02932506199719e-05,0.000262131600117135,-0.000189359091198947,0.000428296144770963,-9.93028364726846e-05,-0.000187914284688166,0.000340501128560147,3.3446514739883e-06,-0.000312647892296012,6.39290325205561e-05,-0.000656948266389469,-0.000333280752721294,-0.000137664047859892,6.41702929488649e-06,0.000174377303211431,-0.000209340266144815,-4.15573077173211e-05,9.95986710618466e-05,-0.000688523970297685,0.000168728836268692,8.42157135030691e-05,0.000612601691039964,0.000191748871708738,0.00014552251880583,-0.000827812354777932,-0.000959148663200533,-0.000775108051071206,0.00136493002472274,0.000202491127754225,-0.00064666968655837,-0.00116464857847453,-1.86314514831875e-05,0.000448795873562835,0.00178531080265013,-0.000581736782657248,0.00123908152422014,0.000278106328746251,0.000703640845680584,0.00290837654616152,-0.00465770980039737
"616.63",-0.000480354844684329,-0.000342256919394398,-0.000160967601087176,-0.000531584959870869,-0.000545793718909263,-1.37182163449367e-05,-0.000564944682937146,-5.64978755842818e-05,0.000111636816522459,1.95602950204702e-06,-0.000199536038131691,2.24841492554274e-05,0.000162092407115692,-0.00042803401889294,0.000145761458552887,0.00014589053329228,-0.000337774189546244,-0.000175783212464663,-0.000483547941996962,-0.000118950074181547,0.000108376243793393,-0.000685001224439085,-0.000217568998018917,-0.000116769068791673,-5.38198231106454e-05,-3.44350201222116e-05,-1.04476015345631e-05,-0.000695679922471363,0.00023192638201284,-0.000340389542180779,-5.70327062828616e-05,-4.82746741049461e-05,-0.000261799468306354,-9.82650009299702e-05,-0.000238467707933924,-4.49643983047846e-05,-0.00054897859733824,-0.000407006440890571,-0.000951943324803441,0.000534707901984954,0.000977330513396466,-0.00031454086265148,-0.000367195298061616,-0.000888127117072373,0.000246819456762552,0.000757688790850333,0.000233087370432749,-0.00180553009058415,-0.00199918343536765,-0.00497515375073396,3.03753102141448e-05,-0.0100587718619128,-0.0342384177449039
"621.338",0.000398196553406856,0.0004640844784316,6.46264989203753e-05,0.000106713018646293,0.000143453165511993,-0.000339955203897187,0.000429132855442282,0.000144605654068637,2.81281138918286e-05,-0.000199572960300224,0.000561420932466357,0.000350832158227294,0.000222292740403768,-0.00013553571637208,9.11721498375235e-05,1.96308902318384e-05,0.000409269183231505,0.000640048426712344,0.000282539690195928,-0.000272091336334328,-4.60022960541532e-05,0.000274983078786297,0.000398503391372043,6.99499765743398e-05,0.000473583726194064,0.000667989182378298,0.000242007167927609,0.000561538302013466,0.000239339066058781,-0.000139747972658125,-9.33893953926161e-05,0.000270064563810439,4.5687614884543e-05,0.000136314433949735,-0.000253235668612601,0.000173433913468949,0.000254646450803939,-0.000150339399855119,-0.000140389915543576,0.00177950557376319,0.000530378298340448,0.000246537223780816,0.000832675982731239,0.000674683739606921,0.000806485126628249,-0.00032589409672178,3.26928301789338e-06,0.00208770074595727,0.00250036207442303,0.000334071035258918,0.00313108408052748,-0.0082313375098155,0.0031104949182541
"626.047",0.000151402957740849,-0.000271724904388292,-7.60485624286221e-06,-0.000558958000943659,-0.00023477082747708,-0.000376546757057232,-2.31395845307001e-05,0.000107519160476715,5.97261197026455e-05,-0.000151073471541077,-7.5491842319851e-05,-0.000130723950833556,-0.000240392418166327,-0.000267037593737729,-0.000191534070526158,-0.000381099322384272,-0.00041049148088933,-0.000314985296314793,-0.000220462714144414,-0.00027760356264143,-0.00060272367083051,-0.000484380139668748,-0.000215835381023379,-8.74721432715087e-05,-0.000365308481084115,-6.643920806004e-05,-0.000345158227187003,-0.000139751499064183,0.000401827873233419,0.000156349293972207,5.0834530411678e-05,0.000131882057520844,1.84151887535329e-05,0.000209821113865132,-0.00050976371552329,-0.000461683464370007,-0.000954475737994321,-0.000690153003880312,0.00194755293619292,0.000917311308419325,-0.000624333114124269,0.000252848684393059,-0.000450970446102673,-7.17692000833997e-05,-4.89394828720856e-05,-0.000241473964746177,-0.000741214600382234,0.000754742054629809,-0.0014743186181615,-0.00157898132218235,-0.00223995277230726,0.00085463696117845,-0.0078336952938732
"630.758",-0.000201646511197787,0.000140305210689584,-5.92207133690129e-05,0.000227214358262545,-0.000113756559070438,-0.000215345202801824,0.000173090427165377,-1.46676382184675e-05,3.95809995313659e-05,3.33694126953345e-05,0.000347081003173476,0.000105800314881728,-0.000222507845876859,-4.53818955446924e-05,0.000271027378716629,-0.000166051975391226,-0.000240433175674806,-0.000201648170151101,-6.58873461716678e-05,6.8435619019186e-05,-0.000116220684223347,-0.000290628290095081,0.000199429154525547,-0.000163109473445414,0.000440697422843105,-0.000337038685487073,-3.77681125851787e-05,-0.000192697162687304,8.01014320664271e-05,-0.000241291521231363,-0.000688145169187325,0.000450321186547818,3.70448579529171e-05,-0.00032575573975082,0.00033649453551552,0.000458084584757395,-0.000333922629376397,-0.00139422693953633,0.00174561860973817,-0.000374511521965016,0.000203608908820056,-0.000546264110387271,-0.000446892092561015,-0.00052114964222599,0.000503852333509473,0.000611119311975018,0.00121795954598164,-0.00073501814828483,0.000357679486554721,-0.00180158479823855,0.00270637390390939,-0.00993084653529684,-0.00905513346564243
"635.471",0.000130376102949488,8.36068027629602e-05,-0.000745010746221014,1.4758988759346e-05,-0.000214103488070175,2.91251080475647e-06,-0.000167544403921567,0.00029803693678306,-0.000131649762812656,5.40818958332987e-05,4.84850600862048e-07,-0.000548491457098304,-0.000585418620468748,-0.000306407687585506,0.000186419762449706,-5.29134579013989e-05,-0.000249610396146083,-0.000445009172752958,-0.000192140473946985,-0.000393692851060174,0.000284113672452134,4.34201724678834e-05,-0.000249701380846553,7.243093711152e-05,-0.000354966548980998,-0.000344241289587849,-6.28271721812948e-05,-0.000538270287811686,-9.90770851702024e-05,-0.000281951688761741,-0.00015736261994613,3.56497963261675e-05,-0.000148587497076667,-0.00053944662989345,0.000234775566324057,-0.00013398382982734,-0.00113272051961141,0.000372488559787006,0.000940153481748248,-0.000349909753950249,2.55192982693566e-05,1.9903181777283e-05,-0.000535947968253169,-0.000447118121558112,-0.00104020393655497,-8.66497525753168e-05,-0.000443712656646386,-0.00221433769606585,3.19629200019171e-05,-0.00250204295945483,-0.00181842755084896,-0.00955411005625266,-0.00323667187938556
"640.186",-0.000754086815874835,-0.00103589030168464,-0.000476005258876081,-0.000147955998605141,-0.000112045702873167,-0.000788606266520248,-0.00036732451407692,-0.000152354068828751,-0.000332499638849054,-8.61531765110402e-05,-0.000419798035078953,-0.000253460753879483,0.000219315853458854,-0.00012676211863724,-0.00048457752794589,-0.000366676504318242,0.000169121014375446,-0.000222200393620896,-0.000729158465832614,-0.000169618162609221,-0.000906887974163631,-0.000429769763461167,-0.000138321567128929,-0.000209493406609075,-0.000518246240480377,-0.000192024740842661,-0.000164347601098728,2.31596814406636e-05,-0.000189098572051897,-0.000143987162097686,-6.44156344134612e-05,-0.000588475095498715,-0.00048436376857108,-0.000130872791258059,-0.00112363617996814,-0.000221126760832948,-0.000784971902469768,0.00263345118190796,-0.000220898877597037,-0.000870098619897207,-0.000631523536659884,0.000213191301429717,-0.00104841535238873,0.000185869603763397,-0.00100240663372666,-0.00131826951054069,1.7560558799482e-05,-0.00182706537867862,-0.00158579894021462,-0.00575643536367547,-0.00346526680997368,-0.000436630328307293,-0.0301580368205881
"644.903",-0.000509868740452714,-0.000543973916648897,-0.000159311515560196,2.06292321106252e-05,-0.000325649930400606,-0.000779931529278538,-0.000452614380023845,-0.000168610919680463,-0.000288903578869411,-0.000169893856765152,-4.60397568660145e-05,-0.000289401067668213,-0.000414469807503171,-0.000223328288625524,-0.000107485958779318,-0.000274796721141892,-0.000251476448036856,-0.000129774986170649,-0.000583425087312033,-0.000529825274707434,-3.98638744147113e-05,-0.000827208174799253,-0.000560549624388443,-0.000469336308370089,-0.000302686775348859,-0.0001635709757269,-0.000574314397551258,-0.000215886874824063,-0.000230591931162401,-9.63300520237187e-05,-0.000525826254116759,3.42875145931081e-05,5.36947293639561e-05,-0.000587236495934789,-0.000667573738460984,-0.000804340728614857,0.00112256103687584,0.000391825713366451,0.000385793055632951,0.000517382339040321,-0.000596471208413748,-0.000668388752396759,-0.000893877310777371,-0.000346445595333728,-0.000291707306775252,0.000114821867533936,-0.000342208847448044,-0.00164722412877504,-0.00284748741048067,-0.00331323879236498,-0.00872203987698065,-0.0165141228888645,-0.0277828330687492
"649.621",0.000843099636518295,0.000479027021881933,0.000705942638439774,4.05290097893992e-05,0.000281111739210115,5.19788291714988e-05,2.28406368926499e-05,0.000230686046121763,0.000178640212073421,0.000118964337988002,0.000546486622247084,0.000533392292931608,0.000414734391737222,0.000527130553843713,0.000150849268256302,0.00025887906456397,0.000592973822729842,0.000424228641736307,1.55578168730035e-05,0.000817772509109113,0.00011656158775533,0.00122662609668983,0.000201033905265848,0.000655595974306238,0.000632337902095792,-0.000243199462835365,0.000452133179720754,-9.16999177588435e-05,-0.000185354422389296,0.000504209036166143,0.00046404083852648,0.00059424912289255,0.00027358768620586,0.000425321751552138,0.00045472956705343,-0.000264202149857985,0.00150962649728583,0.000384098767363618,0.000211506042862627,-0.000116499919155729,0.000262434891275805,0.000811477973271529,0.00154941693166889,0.0010117727292866,0.00146628081996719,0.000762488360381471,0.000509357161474809,0.00161721571920832,0.000629393397778984,0.00396904006400115,0.00487016616903619,-0.000869516735873096,0.00710548384077186
"654.341",-0.000488375267410457,2.97907707944687e-05,-0.000292357160440256,0.0003606440552898,0.000176447559267327,2.19523596816581e-06,-7.71236871506804e-05,0.000122790502060704,-0.000102475928982595,2.0860243586536e-05,0.000235058867691357,-0.000110535359984217,-0.000223016797075905,-0.000161340816894164,0.000311363472296712,-0.000113480949989917,0.000185551617552031,5.84286010365658e-05,8.68874203498338e-05,9.68765239096986e-05,-1.25302365195343e-05,0.000248517823804691,0.000240740149379863,0.000392197978485819,4.99026154931584e-05,-0.000438793790578236,-0.000554168765000244,-0.000177811163062396,0.000167441986519913,0.000687514257722197,0.000609231278705077,-4.48978997316771e-05,0.000354421540995057,0.00069473937547719,0.000306749502875093,0.000366522304687658,0.00194943465583504,0.000462187817315584,0.000314664482754919,0.000627217370880383,0.0010608819032803,0.000571874662088075,0.00105049035640004,7.70671420541802e-05,0.000524194376370356,0.000720546826846478,0.000257956225621296,0.00174639780346046,-7.5755494726499e-05,0.000450680667988777,0.00395461410465575,0.0015860073404832,0.00563640097215713
"659.063",-0.000197362058775962,-0.000208219046099184,-0.00033793678344065,0.000149813740298084,0.000114982569531093,-0.000494157330107966,4.52162894544289e-05,-0.000239368812119724,-3.12253635989216e-05,-1.4269978447977e-05,0.000236832173434297,8.49103742873997e-05,-0.000360649984144683,-0.000220316960710643,-1.71956238874682e-05,-0.000432916388806052,-1.10926982812261e-05,0.000297216349034558,-0.000257826394833613,-0.000348439453052861,-0.000538918113233314,-0.000119113085891432,0.00054129978922995,-0.000227447661074144,-0.000528920932505304,-0.000256690383179933,-0.00032973773239902,-0.000568496366402918,9.50084481983675e-05,0.000172575888491079,0.000137084199275133,0.000272927736462944,-3.77503051626596e-05,-0.000130860743496427,-0.000605010319394885,0.00073408323267992,0.000210209792205495,0.000387970739350607,3.01146688363091e-05,2.26255657664121e-05,0.00017535454907528,-0.0003228738296889,0.000970597196264766,0.000720616581216113,0.00027753560445398,1.24711962574646e-05,-0.000697151066196631,0.000105252765439571,0.000659948149424192,0.00174755707143122,-0.00385553750428628,-0.00893778479779402,-0.01754411490878
"663.787",0.000261879661899325,-0.000247502891879913,0.00013195753902191,0.000275263899296471,0.000259534896359548,0.000157022228409406,-8.46276312660145e-05,0.000172299432194256,0.000128201982114248,0.000186810070363762,-0.000285891453352958,9.6688265074948e-05,-8.3741672895113e-06,6.67111388115899e-05,0.00031036730680097,-0.000103663276693904,0.000160861010383488,1.96038629445606e-05,0.0007263445130962,-0.000182356087702546,-0.000116138790286443,0.000211870269702919,-3.47429899572352e-05,-0.000154972350245597,-5.07381768038404e-06,-0.000414305857922409,8.47448893122237e-05,0.000321151080191917,-0.000112253196149054,0.000355109826037152,0.000409854801699891,0.00032697464196011,0.000904140919010874,1.45535495126407e-05,0.000545806352786581,0.00139882733848789,0.000685945681428529,0.000411958070349149,0.000323034293441866,0.000150652187047568,0.00097162351329399,-4.37237344220655e-05,0.000512711595788503,0.00204995637064241,0.000291538974738952,-0.000788955780538318,0.00341791190403555,7.0410320522067e-06,0.000723973729684123,0.00250079546927203,0.00539464698176897,0.0139041000996938,0.0390871661058616
"668.512",-0.00044485992474141,-0.000143623410195659,-5.27824576606264e-05,0.000171042901041142,0.000189520072869555,-0.000216359360097016,0.000171229510232493,0.000100964945314823,-9.87579320995508e-05,-0.000239750138375153,-6.49468592672268e-05,0.000237627889288345,0.00017779753507087,0.000441164556477283,0.000311705343827927,-0.000285299024283415,0.000468884144498688,-0.000168861998658439,6.46939474586928e-05,0.000729360003738924,0.000229482607171398,0.000270404555010422,9.01419381707771e-05,0.000235024214239627,-0.000213129114461307,0.000434158917714885,-0.000125795015620615,0.000220039640219879,0.000199110415524376,0.000131979649081734,0.000145080448087871,-2.59296723230366e-05,0.000144931245876229,-4.29830346666271e-05,0.00120882393699771,0.000345305767284179,0.00016543525255679,0.000144815242965943,0.000600809476229541,-3.54474110817488e-05,0.000822441279393314,-0.000314855248529569,0.000347561010749582,-0.000165504826837506,0.00017926656045406,0.00136169765353548,0.00234836468219297,-0.000173449027023566,-0.000565324898305978,0.00203480548258962,-0.00394952759538104,-0.00116066689821711,0.0225351760409224
"673.238",-0.000350644323717929,0.000506450471349251,-5.65751452260531e-05,-5.31101414589354e-05,-0.000110017661006654,6.92355493892892e-05,-0.000243439342183807,-6.04446524630845e-05,-0.00024869235931093,0.000102278701389647,4.70624164021202e-05,-0.000227693028550007,0.000191015156703326,0.000160531979443393,0.00068600064268011,-0.000122669396046356,-0.000369517314720979,-0.00029318913749135,-0.000334332565987162,-6.34673972484975e-05,0.000921262862535855,3.34293089831014e-05,-2.3683199412137e-06,4.00294829724023e-05,0.000732143259975851,8.19715225929635e-05,3.7810242978517e-05,1.01142226454324e-05,-0.000242720757875032,0.000298729791338272,-0.000513097659497812,0.000342783066303471,-0.000260854599948228,0.00113510715823801,0.00156414746171289,-3.14323585348707e-06,4.15737432843348e-05,-0.000498467744803344,-0.000376289122788929,0.000143846693853555,-8.77159135413271e-05,-4.84666497187242e-05,0.00103486519479499,0.000423060375112652,-0.00123509943663161,-0.000726018497480295,-0.00087009501250075,0.00055795872675372,-0.00219658933638982,-0.00202514009420928,-0.00311373036115697,1.28425542499219e-06,-0.00994085488459986
"677.967",-2.0861249495835e-05,9.46565270013764e-05,-0.000270480119772899,-0.000125241633360521,-8.63640134542329e-05,-0.000307143585083741,3.38397831268166e-05,4.87634001373774e-05,3.59032339202701e-05,-0.000287980347727098,0.000519985017646089,-0.000663955653146652,7.01648230325643e-06,-0.000388368541039016,-1.10281134561695e-05,-0.000404973464338166,-0.000151454229069111,7.44678450726095e-05,-1.95371938294231e-05,-0.000115958291474956,-0.000140734215106655,-0.00054168476368207,-0.000473210823534425,-0.000175320805650111,0.00017702602651423,-0.000226622057251437,6.04335011718833e-05,-0.000140131909876291,-2.45788846612037e-05,-0.000571088298621181,-0.000192953585211272,-0.00042445709554946,-0.000180368835794175,0.00124181544175181,-0.000143568419445063,-0.000311498233792101,-0.000229202498784418,-0.000170949205568974,-0.000330137510532335,0.000127531493612742,-0.000729759564490609,-0.000751198687386489,4.19106751506631e-05,-0.000682799927253093,-0.000853206460844591,-7.03633548226808e-05,-0.000981526102858358,-0.000107210525300293,-0.00114790052159588,-0.00249911585283887,-0.00387994722899282,-0.00924244616988694,-0.0221903005093588
"682.696",-0.000556308680593481,-0.000445148120773453,-0.00013802530040691,6.33186813766245e-05,0.000558279211084403,0.000127589721523564,-0.000355376523083115,-0.000218657650492866,-0.000266780678016287,-0.000125690594822359,-1.06870356879454e-06,0.000126547676519574,9.88873245868442e-05,-0.000236304315050941,-0.000165008580783828,0.000163440386733409,-0.000142623547771971,-0.000289302199185135,-0.000463906579030945,-5.31179155130819e-05,0.000187320649066382,-0.000235418461249829,0.000331861763014676,-2.44390187196597e-05,-0.000256840858525534,-0.000498625568566824,0.000435883497867612,-0.000371455049056665,0.000161878567222789,-6.1983775990154e-05,-7.81232590437346e-05,-5.97299746480596e-05,-9.42364647734013e-05,0.00119312901370293,-0.000446579235308101,-2.27340850899535e-05,-0.000382334196598404,0.000864597048558555,0.000360049644040235,-0.000436149341430673,4.13077337854083e-05,0.000240192882172563,-0.000334955206240296,-5.98568997582946e-05,0.000931665501800628,0.000787242357191442,-0.000244634664670505,-0.000924688595539656,0.00143464089327924,-0.0047037476388581,0.00149070783524283,0.00478413478629288,0.0101463924271652
"687.428",0.00209370517797605,0.00147968359666639,0.00147469532570801,0.000893698439203682,0.000197514506843936,0.000890230097670544,0.000808623073523317,0.00069133887360865,0.000876940711561873,0.000895361667517102,0.000973185766431369,0.000939092100511467,0.00133785457976906,0.00155344094488724,0.00174291169125805,0.00103550876239436,0.00103204765211098,0.00154833391598279,0.00142958086019759,0.00194098754974336,0.0012460773462136,0.000925926445079771,0.00119382334792694,0.0016323964022031,0.000938304937906289,0.00174621495769308,0.000963424846606982,0.000951845755456699,0.000531174043119144,0.000964614682041975,0.000876318221629649,0.000773663640433825,0.00179360660400435,0.001646089207974,0.00154918190243088,0.000639232075205158,0.00164812932755263,0.000542208395729934,0.00166368215263876,0.00153953827154936,0.0015652248854064,0.00205419285803539,0.00220513414253668,0.00159222777093526,0.00229284129041655,0.00231075228051521,0.00338882070285969,0.0067571262789828,0.00817988207831156,0.0106788122451789,0.0138054135146443,0.0135234860459352,0.0244462234528971
"692.16",-0.00142175280770114,-0.000612351567067743,-0.000320626615554085,-0.000973249969525993,-0.000369267282636625,-0.00040816975992366,-0.000469766451527422,-0.000184713743423993,-0.000171165300476962,-0.000146687551460833,-0.000498094220791737,-0.000533708995474184,-0.000290703575075223,-0.000239133958138266,-0.000794773375955444,-0.000302075297374969,-0.00125239530178797,-0.000116976960329815,-0.000517682486959342,-0.000277009081619258,-0.000422565600773758,-9.01231750236902e-05,-0.000789893232759058,0.000291944975998573,-0.000974096345865006,-0.000393305510518052,-0.000582248854599246,-0.000569093583219952,-0.000307980471480483,-0.00120095925002636,-0.000213715039935442,0.000704059659729528,0.00122300845292167,-0.00010041159373365,-3.69941936751677e-05,-0.000531587789324669,-0.00144064270062624,-0.00088217183236274,-0.000220500744752615,0.000272164352184995,-0.000646215503379595,-0.00134439487339543,-0.000539145205154199,-0.00124835687728761,-0.00185989455036983,-0.00254145776718889,-0.00265561270795792,-0.00283988112862492,-0.00269337921177543,-0.00280688572846058,-0.00752202329172275,-0.0138185154985386,-0.0492490631468427
"696.895",0.000223603783172855,-0.000136092769302653,0.000301793792475807,-0.000514115970396392,4.58730557307499e-05,0.000184876576806482,3.90226549547718e-05,0.000101669551349259,0.000238668604577906,-0.000300097179133372,-0.000267643102743291,7.97335352032921e-05,6.03206825778476e-05,-0.000232902214754983,0.000524451716726417,0.000266190134663583,0.000113462889944458,-1.73957575380334e-06,0.000316092851865079,0.00017809332740804,5.29158768155925e-05,-2.25132863021514e-05,0.000445855095217076,1.52722899746182e-05,0.000100112581306857,-0.000239777211680506,0.000188338351861327,0.000316818766493269,9.42713526220621e-05,-0.000372678807964707,0.000390569700922642,0.000411803311747311,0.000361475095461794,0.000126069897992035,3.90589718285681e-05,0.00052940577456437,0.00102664111144419,0.000900439593475564,-0.000738443467944347,-7.37059625352623e-05,-9.05744132191506e-05,0.000729745946663659,-0.000229591067555507,0.000264882741777896,0.00019254052695431,-0.000828731491035719,-0.000480361523249316,-0.000211405182013776,0.00128845765733256,-0.00128898205772875,0.000769401602984246,0.00121697859175709,0.00847085423230618
"701.63",0.000617480472385592,0.000539731266205959,0.000615141732950051,0.000394067888685198,0.000670623174857537,0.000179206419195818,0.000378506310855163,0.000492583284817431,0.000305107822933061,0.000440698002852773,0.000604405531187508,0.000312883998131976,0.000826198945525914,0.000879988424760489,0.000573202937548532,0.000439585538657531,0.000694539976257254,0.000993472307716043,0.000685800176810073,0.000989875948812497,0.000935453087271403,0.000155221345814457,0.000464045182260223,0.000695881159698324,0.000579647286788004,0.000555541285460008,0.000327073204759059,0.000592011143779546,0.000733295684313977,0.000720605045140442,0.000816035358394338,0.00172951959746198,0.000293136308461919,0.000102416672609288,0.000198156193408571,0.00111776770802668,0.00083292406000539,0.000256974154859034,0.000155311449751766,0.000857985661438824,0.00060082555659328,0.000628068936735624,0.000244514144768384,0.0027285508478309,0.00215734960052139,0.00248267638299437,0.00223971432940396,0.00533020663255735,0.00445610177835157,0.00550409169253319,0.00899778796220657,0.010359995116376,0.0632740295380157
"706.367",0.00109414735710798,-6.26380475866537e-05,-0.000634336108988298,0.000593941631312855,0.000337135620773432,-0.000206530196257443,0.000242179161879566,0.000162953262804729,-1.86842978514029e-05,2.23460325695789e-06,0.000585655477153686,0.000194064135679995,0.000855858770123885,0.000606406473737527,0.000314355996619148,-0.000253834836061,-0.000626646850548218,0.0003804065291968,3.79053187305449e-05,0.000286742044842637,0.00011774809534392,0.000938827034255474,0.000757310769224876,0.000529646153494533,0.000619112333601353,0.00037028807814408,-0.000141795530687575,-0.000331163370938428,5.86921550643785e-05,9.37604960728417e-05,0.000124556744958784,0.000725554320121211,0.000184960293909877,0.000116988550436905,-0.000206074545874578,-0.000362573934188958,0.000925517165671507,-0.0003563872044498,0.000906786094634568,0.000564428315414701,-0.000438700468642756,-0.000308016270647866,0.000730265157448862,0.000277525467695421,0.00102836866567225,-0.000423533121353548,0.00138693204761366,0.00325291233510598,-0.00064254007503612,0.00467195141122107,0.000537303789943159,0.00697304605176139,0.0110349567011754
"711.106",-9.66159211981554e-05,9.3831386430841e-05,-0.000177388314709113,-0.000512360172686006,-0.000120786477641468,0.000168296926169567,0.000144485067035569,0.000236332213642236,-0.00015119043331361,0.000233649555011128,0.000435164796726811,-6.62588666843096e-06,0.000163106949590818,-8.21273426446052e-05,0.000687897689136859,0.000229203486355879,-6.1085177766898e-05,0.000262328611321213,0.000216296386528392,-9.27307508131634e-05,-0.000189842552737719,0.000172898129821804,-0.000130978690176026,-0.000269298743171629,-0.000195716175631429,0.000171068456349039,0.000436545271763706,0.000276884951473161,0.000168094788905223,0.000738473803106095,0.00188361582579932,-0.000147424723904354,0.000305897495814459,0.000267099292152481,0.000457200441295905,0.000794512356519541,-0.000129377952337874,8.92765023885033e-06,-0.000309816810067021,0.000686163631851158,0.000105012723914439,0.000303328770669698,-0.000549360236608976,-0.00082462737709319,0.000203116438560299,0.000756558496546208,0.00187905599331484,-0.000227572070218517,-0.000154582851040915,0.00419976356580106,0.00134087157156667,0.00128598940561221,0.044231087662804
"715.845",-0.000450225397246964,1.57490161544016e-05,-8.61228716604457e-05,0.00051047963294685,-0.000337653696069439,-0.00010500759221324,6.84731341711018e-05,-9.47602253668709e-05,-0.000106735493220129,-0.000399873107146189,-0.000237735794844705,-0.000611360488373357,-0.000262934936964399,-3.1413948737139e-05,-0.000411376267839254,-0.000212560338980582,-9.8071931660924e-05,0.000218425162720639,-8.76123888381401e-05,-0.000196412557409562,-0.000422598106385942,-0.000278008033149234,-0.000663967749117236,-6.16395734214122e-05,-0.000434536086856902,0.000760518455326337,0.000264342962512289,0.000407609810968646,0.000157228999203352,0.00139424799324276,0.000372635677270652,-4.61692347732224e-05,-1.08836381780971e-05,4.25771077057252e-05,-0.000384148402597744,-0.000927986296831983,-0.00063464809608233,-0.0010940120316242,-0.00024953135254096,-0.000428555537921431,-6.71116009606814e-05,0.000250417366937217,-0.000422326481851197,0.000114361730673913,-0.00058772775900835,-0.000643727965818689,-0.00258003294963952,-0.00118968456386172,0.0011426475084155,-0.000401773721801436,-0.00444534144383252,0.00789612326741925,0.00307849004604463
"720.586",0.000255082385569498,0.000575850045929067,-0.000142320285285946,-0.000223417197743945,-0.000487359198237085,0.000463400865465472,7.34130186784663e-05,0.000204402395252315,0.00031689896970546,-0.000240744392297877,0.00037161306640222,0.000168182176317156,0.00028092143969452,-8.37328044140424e-05,-0.000414411882124919,0.000201626691536996,-0.000311008208671762,0.000134414201320936,-0.000133228947282235,-7.31865297107231e-05,0.000187301386956251,0.000114602584086233,-0.000570662685979876,-0.000583314291439871,-9.4530150184002e-05,3.54424824831795e-05,-0.000231080181794262,0.000502933126903518,0.00044261733735601,0.00190213429405685,8.81675049891399e-05,5.11192127198803e-06,4.02221978007634e-05,0.000208424671028367,0.000408907512221547,0.00010752034502797,0.00027506429016765,0.000426125930338785,0.000114039656896895,-0.000224488011510994,0.000340116788010603,-0.000415427495277262,0.000162503696949875,0.000289471906925042,9.84353504790523e-05,0.00063758649623653,-0.000512295334143268,0.000134941531906903,-0.00112629029562515,0.00156403429733377,0.00498136586010037,-0.010699009179842,0.00558080778982845
"725.329",-0.000214586334255454,-0.00127539604508878,-0.000837698097694416,-0.000322991112582695,-3.8150225151249e-05,-0.000215508119044494,0.00013122994195237,-8.38095237190676e-05,-0.000285145191762885,-0.000587557741259971,-0.000255566365200872,-0.000800626828796325,9.03906089149053e-05,-0.000572562761616167,-0.000144420329014184,-0.000459261172224188,-0.000661534780164971,-0.000136320170260454,0.000155704824532783,-0.000832824984286603,-0.000188932557184924,-0.00110723131024825,-0.000594849096807958,-0.000423335924112918,-0.00018400179257906,-0.000387447965193853,8.7830624812829e-06,-0.00077966291201176,0.000881646631627058,0.000541961551557545,-0.000386186266544442,0.000468015518679017,5.20036882840338e-06,0.000551561430513997,0.000237432352405605,0.00129138377737306,0.00118950322607124,0.00146025477393249,0.00107572547829248,0.00170900096150723,0.00132517573379211,0.00212097753784602,0.00231505337037453,0.000463670013115027,0.00188009657781803,0.00236785731901849,0.00238825139002634,0.00349272151345144,0.0058854964305719,0.010960766544509,0.0102998544565088,0.028201368275079,0.0458273921572467
"730.072",-0.00155358730671422,-0.00111333252250267,-0.00122055387810004,-0.000849558536897353,-0.000587335735485433,-0.000989091863344787,-0.000323428709018734,-0.000455669549086175,-0.000551865224584821,-0.000343306584755645,-0.00102751876120635,-0.000784647865892621,-0.00112726240388305,-0.000474746230469911,-0.000449669718201922,-0.000794693315375214,-0.000984676408271461,-0.00083519161903521,-0.00100010466351357,-0.00118998035231944,-0.00125806210096028,-0.00103673326639151,-0.00101627072080705,-0.000445107225645217,-0.000736829295437372,-0.000229719650917805,-0.000928891459376366,-0.000495075393533592,0.000538199727425664,-0.000602273607960222,-0.000505504156020386,-0.00153382554463557,-0.00102850344068583,-0.000943227458192064,-0.000609709747109053,-0.001323310816968,-0.00056607972215082,-0.00122456084035281,-0.000423001904435943,-0.000520662644461029,-0.00100897162681328,-0.000934517703705863,-0.00179063900306383,-0.00229688830303773,-0.00243185761171217,-0.00367969701544351,-0.00279920130066931,-0.00293186247679121,-0.00138423714673613,-0.00543989568230423,-0.0105416812067297,-0.0163600354356996,-0.0129388286687584
"734.817",0.000824154856742093,0.000639061532992158,-0.00033394561560183,0.000982866204747066,0.000511599223950821,-0.000241453463033122,-4.30341406449079e-05,8.5065772398661e-05,8.57693832744276e-06,0.000283005254552838,0.000162861194776395,0.000211493905057092,5.6272529138034e-05,0.000298362895887396,0.000354985745743869,-0.000292276059703358,0.00030374688791507,0.000341015295957052,2.75245938176884e-05,-0.000639168611171689,0.000864903361575823,-0.000564713857144563,-3.42939196923187e-05,-8.46697149503169e-05,-0.000387475474622312,-0.000430710473150701,-0.000415725187533621,0.00119878760966761,0.0012859089128028,6.09395493280299e-05,0.000157201381185963,0.000115053030298998,-0.000182139526048353,3.71099774674372e-05,-2.37461583672491e-06,0.000320355168754593,0.000916611308918833,0.000485834503217546,0.000652235991604498,-0.000150192548590937,0.000120294159948398,0.000461793250023445,0.000867448314976528,-0.000721298291809627,-0.000745815180608516,-0.00126277157215612,-0.000396814299412025,0.000250636433521429,0.00164416189258671,-0.00171770127171655,-0.00178851618809243,0.00315199008533363,0.00833251508730552
"739.563",7.75135533542652e-05,0.000643924413543747,-0.000626123692732644,-0.000251636962554512,0.000134272077837709,0.000113263947503199,-2.75319886554545e-05,0.000179960858142712,-4.63139749883264e-05,0.000122980169400067,0.000292219939308006,-0.000172446218978334,-0.00018119954006316,-0.000409310157556365,-6.6735618101362e-05,1.89602789458605e-05,0.00044163117024304,0.000796165898290631,0.000400489101058656,0.000265721412643101,-9.72880225433475e-05,-0.000253011487952832,-0.000292720738192461,0.000474108592832159,0.000344358275496058,-0.000266752344374732,0.000935587386133314,0.00071177440314163,0.000607736258180307,-0.000134566510389605,6.20875234592607e-05,-4.14717864899555e-05,0.000203789416764137,-0.000363516780997203,-0.000618964233330909,-0.000428075582401443,-0.000449542175171922,0.000581422414399636,2.9864236453362e-05,-0.000685452974862126,0.00015563181659328,0.000463337539855054,-0.000353123528946324,-0.000755638408111306,0.000697232388781892,-0.000619448157389727,-0.00122641276816519,0.0003443056434957,-0.00182942093108118,0.00485609592178403,-0.00405984754192439,-0.0005276879869823,-0.0235056513513765
"744.31",0.00223102236013403,0.000428743140126445,-0.000125992329698424,0.00029688452334807,0.000461883938652561,0.000365927261906182,0.000551417198690174,0.000325525341783576,0.00020986975693869,0.000297367301568351,0.000414428972490171,0.000401626164994015,7.66951063944643e-05,0.00107717239112716,9.34470749953937e-05,0.000708317161565908,0.000228238489186957,0.00092342281641089,0.000512592272327422,0.000292045434898333,0.000511228679407655,0.000818781259293606,0.000920889306970747,-0.000251603131473877,0.000381613302247911,0.000348221758362017,0.00135897424252931,0.0010743748058241,0.000191352928701039,0.000160760254018294,0.000890414339910778,0.000447298371700928,0.000816020641946085,0.000551769949990291,0.000529973854032968,0.000439598422396089,0.000182085746233285,0.000942276798293158,0.000765312227205406,0.000569688697612279,0.000795838228665019,0.00153791913030192,0.00101873952158784,0.00117488852521736,0.000988597570250513,0.00242041714323744,-7.99879560534137e-07,0.00157338290794506,0.00358006429213866,0.00329273011146174,0.00382980448672725,0.00990903588648314,0.0312301760665786
"749.058",-0.000400379566708285,-0.000149041248051034,-0.000554254890062185,-0.000345561701514017,-0.000582452893619128,-0.00013334163077613,0.000145159971258562,-0.000484832662404377,-0.000539109827364668,0.000102529342730429,-0.000100001251783545,0.000136800170116464,-0.000243306356340397,-2.5133900560536e-05,-0.000524495501136904,-0.000774191360394315,-0.000812884962245333,0.000193499564494504,-0.000424446031192086,-0.000828765481324423,-0.000553481267805067,-0.000479527002729048,2.94039045820634e-06,-0.000638522222395578,-0.00014936216925411,-4.79333750636407e-05,0.00013545825137423,-0.000298492155256194,-0.000360681368044628,-0.000256197379337754,9.53850863781362e-05,0.00027662795476108,-0.000231417574043476,-0.000454898510584289,-0.000222404691719114,-8.16579815414811e-06,-0.000648471288559152,-0.00102318331117628,-0.000813033501122417,-0.000391128653930924,-0.000855627125767292,-0.00067346087261628,-0.00168655161401263,-0.00109827407490087,-0.000330085741868304,-0.000887903355244748,0.00187774561659193,0.00151526867754521,-0.00235869988086093,-0.00222130073079388,-0.00814692730008966,-0.00700711693973771,4.07065975274318e-05
"753.808",0.000515077328234238,0.000138844027204239,-0.000439591935405738,-0.000409085360290525,0.000207873298231201,-0.000224864371014182,-3.50350892080788e-05,-0.00012525324008122,-0.000303177780753225,5.93696532260187e-05,-0.000507102252854981,-0.000131086970190107,-0.00076442030485088,-0.000304783790120566,0.000221498287438625,-0.000618038117086054,9.6167359741462e-05,-0.000478326481668299,0.000128204655530514,-0.000340128937532327,-0.000677342785136522,0.000219387167615949,-0.000357296915803706,-5.4004965078153e-05,-8.73632995720707e-05,-8.51330725592705e-05,0.000493911537270524,-0.000877080516292671,-0.000663633581364859,-0.000497755780731821,0.000270843769131396,-0.000503271011473632,-0.00030541251138354,9.45350931634969e-05,-2.88724351163591e-05,-0.000490585093023654,-0.000543346806717505,-0.000197071097216683,-0.000644827716464537,-0.000106457914328005,-0.000742788661342726,-0.00104970521218291,-2.59827019380509e-05,-0.000900945629741126,0.00145817996134611,-0.000375922666757259,-0.00150439372827794,-0.00213733061768531,0.00145878879053683,-0.00421838518986976,-0.00361467930138165,-0.0132226995250737,-0.0491937037250916
"758.558",-0.000293262178981964,-0.000712971651208755,0.000289030517899326,-3.01505303825223e-05,0.000596763238133712,0.000250153896384715,-0.000348358317824461,-0.00023389063244521,-0.000337082411970664,0.000544948289509363,-0.000393604461599557,0.000319028847379415,0.000654096432693219,-2.13387414801929e-05,-2.37809201541333e-05,-0.000727893777877554,-0.000265800969769876,-0.000275134064383279,-0.000238083281687196,0.000146333911078202,5.67963375865578e-05,-0.000468623392231724,-2.37605123381118e-05,-0.000170863048262297,0.000151649074636639,0.00135235984305394,0.000388007052895429,-0.000557244700204412,-0.000201843842336941,0.000402626685648296,-2.87257164644265e-06,-1.06932209132628e-05,-0.000501027113949638,-0.000204309648936854,0.000345875251042834,0.000469105364440884,-0.000111519746071871,-0.000414120601311465,-0.000361398048992894,-0.000411082893805556,-0.00112752466841729,-0.000880341719671087,0.000334908364386097,0.000460727324234988,-0.00159227971458046,-0.000464236629232279,0.00139230044181475,-0.00156081330035122,0.000163656780696991,-0.00120326258337027,-0.00276610025334994,-0.0115168451936054,0.0104262256266567
"763.31",-0.000706206624948159,5.85857054294988e-06,-0.000157026643319048,-0.000274500894882547,-0.000499074310716411,-0.000147639349638547,-0.000118866667157688,-9.12835484041356e-05,0.000378163976331437,-0.000217320712743286,0.000169813164880102,0.00037605126588098,-0.000227044157910289,0.000122849019479179,-0.00083891771407846,-0.00017538966526271,-2.45679450352143e-05,-0.00026482546281969,0.000594175522217915,-0.000156710703824167,0.000494600834904679,-0.000533017707177689,-8.90175437002387e-06,0.000237273229804766,0.000188493915417299,0.00121079761852217,0.000154765924664645,0.000193373151496023,0.000495639790040039,-0.000632985540563354,-0.000768598455183987,-0.000236778526397675,-0.000624305589135028,-3.10374189871449e-05,-0.000297775040008565,-0.000289097171418403,-0.000269998122150239,0.000161697816864601,-5.12909129483297e-05,-0.000782630100084731,-0.000900529036039843,-0.000416703453712143,-0.00107595204327371,-0.000703115636738194,-0.00212253291028512,-0.00107619876971611,0.000376856064445361,-0.00100852332627579,0.000981533034391078,-0.00581793898723764,-0.00448705348325173,-0.00887618969181095,-0.00931153210695006
"768.062",-0.000783666785639079,-0.000263135555824711,-0.000687567766454111,-0.000542805634492991,-0.000478394396571052,-0.000146129989421731,-0.00011166673093985,-0.000509989212329951,-0.000167838867102129,-0.000141572738953149,-0.000586907275295015,0.000377448039122653,-0.000842373678225359,-0.000827692111087168,-0.000451444897886196,7.2375941894642e-05,-0.00069109930640493,-0.00055969154657362,-0.000680792316228723,-0.000688581094372385,0.000152322070857064,1.21121160935249e-06,-0.000313893241440072,0.000402070838519625,-0.000633210124590016,0.000355255902955637,5.08343965906738e-05,-0.000911499262658683,-0.000528038823151722,-0.000251581265388171,-0.000509120282063027,-0.000775403486376392,-0.00018986491564434,-0.00112062730278542,-4.09952504766131e-05,-0.000145526725738644,-0.00063215386979095,-0.000985360259633699,-0.000648250729178829,-0.000534834054278798,-0.0012894069302964,0.000719910766657621,-0.000395968151454338,2.43711831279129e-05,-0.00178395458112279,-0.000250594832831426,-0.000782039766521506,-0.00451614878146096,-0.00280161783091099,-0.00181702065316157,-0.0063825124847514,0.0109788210550098,-0.00496713078674733
"772.815",0.000384997939474422,0.000434891901968039,-7.2103974173312e-05,0.000130761516069579,0.000146193180567583,0.000159033472512339,-0.000292838412202213,0.000100794605937505,0.000159112121559449,0.000143244244707644,0.000271294949726874,-1.9875433765705e-06,0.000237633533800301,-5.96027879640144e-05,-6.4737743067187e-07,-0.000173202973290134,0.000919320224229625,5.42636708063563e-05,0.000529640265998076,0.000872488627512497,0.000317956334873247,0.000474601873204195,0.000466092747932317,0.000819698215798534,0.00122622528236295,0.000274742545430242,-0.000320506113632584,-0.00045381396603073,9.60931585375102e-05,-0.000313336081558794,0.000246623399360719,0.000877226530822977,0.000112546605422124,0.000217249170780538,-1.57199738513047e-05,0.000868749380297586,-0.000558812407062302,0.000713723092739697,-0.000216348047065875,0.000892399415510543,0.000642048673264508,-0.000707359120717948,0.000368496068359415,0.000747678936814333,-0.000118009740555948,-3.93759003204473e-06,-0.000649990461819108,-0.000339207345222387,0.00103256727433544,0.0039943593562217,0.00403381327284687,-0.00231305517565609,0.0292086844496694
"777.57",0.00023835619491756,0.000207132816251757,-0.000176967442966136,-0.000102350341998698,-0.000532538257848073,0.000119982069215948,-0.00021391280495105,0.000213588963503711,0.00042869549626252,0.000374288068042022,0.000276167624325935,0.000425066619238252,-0.000555102877968376,-0.000128542579929901,0.000746072580091152,0.00037139780932517,0.000388798442462961,0.000182918846928061,7.8699291865073e-05,9.2547373564632e-06,0.00174974687516804,0.000147834843877661,0.000603612835540793,0.00153052679059311,0.000595463906866483,0.000666300739476367,-2.18010401836832e-05,0.000332728367389196,-0.000745722133273273,0.00069932215237217,-3.4103442082882e-05,-8.83377294259126e-05,-1.40698516085062e-05,0.000341569754440187,-0.000367257344104344,0.000592583421770527,0.000106734509705242,0.000680623470298854,0.000502066403157062,-0.000334686696661838,-0.00015954971994704,0.000543209922563958,0.000331002908774822,0.000360346584929309,0.000632453784153968,0.00031070031610619,0.000394931836656052,0.00130037595932876,-0.00219653931117813,0.000767885543814084,0.00192369509629096,0.00946496894185269,0.00860920331026944
"782.325",-0.000365536510754336,-1.4183879539659e-05,0.000709478165072645,0.000414743188007521,-0.000648641845255147,0.000527909697936564,0.000451319509247223,6.92304866821207e-05,8.67749124054967e-05,0.000184042845158107,-0.000280554500284093,0.000144208256917781,-1.33260295037219e-05,-0.000125078718111777,-0.000174443411542038,0.000570791792347496,0.000561836929337193,-0.000173927067192205,-8.92353282910005e-05,0.000679596963296522,-2.77335801111308e-05,-0.000145830056151395,0.000574871885891476,0.0008200548338308,-5.11333084113752e-05,0.000170233582229993,-0.000458807027911725,-0.00058678031244245,-0.000236473312442834,0.000247218701473565,0.000346619472816001,0.000723006705581582,0.000492498281875304,0.000310319041538721,-7.08318950166994e-05,-0.000390721760698102,-0.00036022224158232,0.000510140659229469,-0.00101235090163372,0.000993058098107808,-0.000469528953424697,2.78423497174685e-05,0.000398460271248285,-0.00066597950979214,6.73580564058027e-05,0.000820158197669743,0.00120898150583586,-0.00157841667078106,-9.86367402331261e-05,-0.000670779288917767,0.00411375002987394,0.00539245545191761,0.0215363284078515
"787.081",-0.00122200301612202,-0.00116935457212449,-0.000143584452294673,-0.00131402443007625,-0.00123388916239738,-0.00047352902297484,-0.000305829373097779,-0.000201074677431909,-0.000363717790819371,-0.000783971968501799,9.90445593102063e-05,9.08665967650392e-05,-0.000249035499604157,-0.000354962398900818,-0.000707734009313955,-0.000751031066609335,-0.000209673372230994,-0.00068918865852909,-0.000132185951433849,-0.00063482270128855,-0.00109923919314194,-0.000422291227796778,0.000244111469225457,0.000284810592985786,-0.00149819811704351,-0.000699319231612518,-0.00105706090787144,-0.00071523798063585,0.000320706984699303,-2.75603087865864e-05,-0.00114797275765194,-0.000198223571094903,-0.00014548066105403,0.00011518549147384,-1.14037302003422e-05,-0.00122682718368107,9.47765781112527e-05,0.000121105152817699,-0.000662686732591683,-0.000730408477152344,-0.000387361872635472,-0.000920568541208969,-0.00140683305361968,-0.000896299117505743,-0.000997332099801291,-0.00162586627899779,-0.000628352203121202,-0.000128179020238062,-0.00380968873477103,-0.00414322089653028,-0.0126333310828066,-0.0107599160339855,-0.0289467879478473
"791.838",-0.000732178581527035,-0.000906816758983536,-0.000909516955274804,0.000120238817330979,-0.00030234627761955,-0.000126805874020064,-0.000305893586086376,-0.000756368994147848,-9.03956603650022e-05,-0.000787831953512811,-0.000268188246521724,-9.06369785915046e-05,-0.000459558007848246,-6.56758981027316e-05,-0.000976929483329012,-0.000127037190738551,-0.000793325720591905,-0.000553468489232873,-0.000551119983811874,-0.00049990356539,8.06368116207048e-05,-0.000476687506394873,0.000644293420458966,-0.000821954431385002,-0.000879355212982431,-2.9691837823766e-05,-0.000929037489494736,-0.000929818221478881,0.000545755922814147,0.000301481437245146,-0.000631234783700822,5.9325224289569e-05,-0.000254923752694842,5.15765239248473e-05,-0.000467614379718821,4.11937804968532e-05,8.68965018525534e-05,-0.00136219504883267,-0.000545928107441342,-0.000845482321871494,3.93313853389069e-05,-0.000264414281070065,-0.0018659059497834,-0.00102563031471667,-0.000213400773384781,-0.00236693130673217,-0.00274447967609151,-0.000584107601370951,-0.00293641273207624,-0.00381332765270528,-0.0108730147975154,-0.00247942646604756,-0.0158242437425223
"796.596",-0.000295104343305695,-0.000381177369877029,-2.48597933431708e-05,0.00035378878528434,-0.000175864938113422,9.91676185448389e-05,3.55076072716787e-05,-0.000138200291711386,-0.000484278613781029,-0.00035554373342342,-3.13656812757908e-05,-0.000675208376297142,2.76483540355776e-05,-0.00066504899254863,-0.000141063281089428,-8.71688276118614e-05,-9.1999464033995e-05,-1.75086311942697e-06,0.000400705058618401,0.000394500008015544,-0.000220723355475952,-8.32804174301285e-06,0.000190340713361068,-0.00068159454565759,-3.94407569374645e-05,0.000183547837747581,-0.000159815693364585,0.000244420323579806,-0.000745280557571103,0.000485334707210373,7.04936949425146e-06,-0.00045128074595408,-0.000676332333650145,-0.000325312561404418,0.000345589832400654,0.00021427156944671,0.000489967790244279,0.000275543177208507,-0.00139295264300939,-0.000264916265388784,0.00039162503624686,-0.000851966095916712,0.000957283381670522,-0.00153039986254399,-0.000143038438133331,-0.00126186858868566,-0.000190676473978667,0.00110780994329105,0.00344285079581408,-0.00361027990662817,0.00382043047300122,0.00720080631076234,-0.00382326834383991
"801.355",-0.000365663360720412,-0.00128704907458674,-0.00105718367480556,-4.50232023719634e-05,-0.000351422684460322,-0.000333409719009977,-0.000366423161673288,-4.43030365502588e-05,-0.000446858244980323,-0.000184417351766862,-0.000323040964735096,-0.00059629794941052,-0.000310052129899313,-0.000216505471361986,-0.000436968644080422,-0.000501791389398017,-0.000206538403547063,-0.00013504273158075,-0.000345415681155845,-0.000163630202711375,-0.00138348285048331,-0.000677089213658446,-0.000608281654370503,-0.000376871412057237,-0.0004785953828243,-0.000668084028228555,-0.000554293465079476,-5.85004604493647e-05,-0.000690403725608055,-0.000329797713787319,-0.000363547914774796,-0.000446694084609631,-0.000590632796505232,-0.000170304206552764,-0.00105707269453097,-0.00104214486742604,-0.000693926172501168,-0.000382093525564235,-0.000489747512773578,-0.000680473868196516,-0.00218067669757091,-0.000663256137351664,-0.000745857236901656,-0.00063875545971437,-0.00113520253178308,-0.00164623950349171,-0.00215057479557241,-0.00244633964047303,-0.00173214748774166,-0.000531670856118031,-0.00339260508413248,-0.0094416717384892,-0.0286831999121549
"806.114",-0.000168611309232535,-0.000478123754159057,-0.000722789961718302,-0.000698674105963078,-0.000146968324098442,-0.000466687770474408,-6.11083383272873e-07,-0.000247103783839043,-0.000350187889982473,-0.00049541029606421,-0.000186092016653768,-0.000353673652491976,-0.000422442842505852,-0.000802761094627054,-0.000301250392843224,-0.00102347889555372,-0.000439677265731172,-0.00088729890092639,-0.000556722556932129,-0.000779555422177936,0.000767055727808496,-0.000299312654757476,-0.000149444188102026,-0.00102845428806871,-0.000328932105918635,0.000218187632647211,-0.000624599552820165,-0.000451997577040435,-0.000394131137263346,-0.00021993067212212,-0.000177630240632935,-0.000319014324347995,-0.000235259336133691,-0.000426482640833508,-0.000126902818662499,-0.000416998923140356,-0.000215402407287108,-0.000895842064853817,-0.000605211296733105,-0.000388797788661836,0.000171952331383137,-0.000879842105030074,-0.00178145242048461,-0.000837320442675798,-0.00293085941172582,0.000301386001964516,-0.00143286208047914,0.000673376798057999,-0.000195649590146459,0.00339441201096483,-0.00556527327947635,-0.00809886466175425,-0.0320005835023217
"810.875",-0.000247264935939717,0.00128879730571191,0.000176153933857283,5.7535985550226e-05,-0.000196234177793167,-0.000279507429572383,-0.000124580819552001,0.000275043738313335,0.000508952519460481,0.000756301418296836,0.000658319797813642,3.29556575915357e-05,-0.000185166739283317,-0.000304411036043818,2.21131523639164e-05,0.000127003988202394,0.000666077966889627,-0.000180951418604452,-0.000788976811118456,0.000566029285348269,0.000519474100041869,0.000990531646959313,-0.000507687232412566,0.000429889562366879,0.000646113724852623,0.000453186229311416,0.00155731932316681,0.00050588445056343,-7.76999498258837e-05,0.000555874488034044,0.000203183160618781,0.000711588892030877,-8.46011317375685e-05,0.000198780267846455,0.000346198721917822,0.000705750747297589,0.00155107088568582,-0.000306052735858967,0.00112539982425435,-0.000555746189042964,0.000851964563427473,0.00090782215779926,0.000416470711828087,0.000748051920517161,-0.000497203439932385,0.00152778497975657,-0.00040002858703557,-0.000395186362868492,0.00325310018923297,0.00321519109405657,0.00058933254574669,0.0053675421489271,0.0382061495536315
"815.635",-0.000333232951705713,7.27482105134882e-05,-0.000103793969874245,0.000329112424694357,0.000604328098988921,-1.21473011783347e-05,-5.4276792178823e-05,0.00055964706201863,-7.0864206455624e-05,-1.9265875808299e-05,6.25362339661097e-05,0.000282808556888299,-0.000336019327972405,-0.000833857165484394,0.000207805917515246,0.00015612860789966,0.000195232119838172,3.52559379801735e-05,-0.000355472350129166,0.000377953110216973,0.00138584476325456,-0.000497151396999625,-0.000355132684447377,1.50195383749413e-05,-0.000343332030954504,0.000184843946931083,0.000156096182136719,-0.000536327200983572,0.000233999129863564,-0.000421049384693395,-9.46353677115425e-05,0.000315636140119569,0.000718441664259444,-0.000364436386460862,0.000241781852002866,0.000143620082200212,0.000112935270395058,-0.000762495524751497,-3.78310157386405e-05,-0.000290432270921816,-0.000612803113787962,-0.00114034083482544,0.000185313910106736,0.00188829825577448,-2.6232169212851e-05,-0.000794062395467803,-0.00166264305922224,0.00046791750718752,-4.80769548573235e-05,0.00196423981246278,0.00370149187175105,0.00216043447473701,0.005978738530159
"820.397",-0.000221493549253905,-0.000566065147613027,-0.00015092576133311,2.91090703957622e-06,-8.31729291367914e-05,-0.000212566894290723,-0.000268675196519061,-0.000421771848155815,-0.000398023720900495,0.000107406573349385,-0.000512626400600862,0.000715938196977839,0.000232377005017577,-0.000201996598452504,-0.00035456678113665,0.000456674445632042,0.000462289833148951,-0.000541617621744762,9.53582395094524e-05,0.00075044485825626,5.66820108810039e-05,0.000250555550695781,0.000133226145074712,-0.000640785224073629,-0.000720980066579874,-0.000318684725589664,3.60705080155246e-05,-0.000327307344597756,0.000463739362753914,-0.000278035538412882,-0.000525924258391955,4.6538670400693e-05,0.000328229647993693,-0.000387559921591677,-0.000209722899065181,0.000243559081315222,0.000590964286416392,-0.000527493412881816,-0.000901284356257672,-0.000339770505868435,-0.000539699691918283,2.97461281902525e-05,-0.000984730447085702,-0.000268091300389262,-0.000517577716195075,-0.00101463857053628,-0.000122811001509009,-0.00152865209375636,-0.00204069196802237,-0.00747182185095144,-0.00056207655915168,-0.00702565112460984,-0.00260718717374721
"825.159",0.00160649078211821,0.000676873851215998,0.000921512425228174,0.00100793943720578,0.000353895957959799,0.000192982357559419,0.000484587605700923,0.000286742670268152,0.000361236248381659,0.00048940518517789,0.000599348115526713,0.000654902438473199,0.000390001836090493,0.000666418309448275,0.000335190428500838,0.000166796221717775,0.000170969390536557,0.000382723466371999,0.000802356161868097,0.000688236883954406,0.00110064113925811,0.000619932290290604,0.000749313448800013,0.00107025949213521,0.00114627882138139,-0.000456378718406941,0.000701016596519316,6.33021416112378e-05,0.000646869233895263,0.000348157922535484,0.000280422871381201,0.000303100623391815,0.000736537539178012,0.000353954356058562,0.000714659238362704,0.000326607594174761,0.00120402331236491,-0.000259728924035821,0.00156253631930733,0.000860758825361019,0.000498563522617543,0.00116372909149985,0.00128099467851318,-0.000522466968069422,0.000795032298444835,-0.0010602572264678,0.00342030332898539,0.000814300003124258,0.000895493250720081,0.00246834795338974,0.00741483417245643,0.0242685791843664,0.0421558633962408
