#,Date-Time (HST),Temperature   (°C)(W-DO 22483555),Measured DO   (mg/L)(W-DO 22483555),Salinity-Adjusted DO   (mg/L)(W-DO 22483555),Temperature   (°C)(W-CTD-02 22443167),Absolute Pressure   (kPa)(W-CTD-02 22443167),Electrical Conductivity   (µS/cm)(W-CTD-02 22443167),Specific Conductivity   (µS/cm)(W-CTD-02 22443167),Salinity   (PSU)(W-CTD-02 22443167),Total Dissolved Solids   (mg/L)(W-CTD-02 22443167),Barometric Pressure   (kPa),Water Level   (m),Host Connected,End of File,Started,Water Detect
1,04/13/2026 15:59:07,22.01,9.96,8.09,23.21,101.975,52292.0,54329.5,35.83,33989.77,101.380,0.10570,,,Logged,Out
2,04/13/2026 16:01:07,23.54,9.60,7.88,25.02,101.981,52314.2,52289.4,34.43,34004.26,101.380,0.10623,,,,
3,04/13/2026 16:03:07,24.37,9.33,7.67,25.11,101.948,52360.6,52239.4,34.39,34034.41,101.380,0.10301,,,,
4,04/13/2026 16:05:07,24.78,9.20,7.57,25.12,101.931,52345.2,52214.1,34.38,34024.38,101.380,0.10129,,,,
5,04/13/2026 16:07:07,24.92,8.39,8.33,24.98,101.012,2356.0,2356.8,1.21,1531.39,101.380,0.00981,,,,
6,04/13/2026 16:09:07,24.81,10.16,10.11,25.07,100.962,1799.2,1796.5,0.91,1169.47,101.380,0.00484,,,,
7,04/13/2026 16:11:07,25.16,9.97,9.92,25.38,100.972,1957.0,1941.5,0.99,1272.02,101.380,0.00584,,,,
8,04/13/2026 16:13:07,25.33,9.56,9.51,25.38,100.936,1911.7,1896.7,0.96,1242.62,101.380,0.00233,,,,
9,04/13/2026 16:15:07,25.34,9.50,9.46,25.20,100.913,1388.9,1383.1,0.69,902.76,101.380,0.00000,,,,
10,04/13/2026 16:17:07,25.30,9.05,9.05,25.20,100.931,260.3,259.2,0.13,169.19,101.380,0.00175,,,,
11,04/13/2026 16:19:07,25.24,8.93,8.92,25.20,100.948,336.4,335.0,0.16,218.66,101.380,0.00352,,,,
12,04/13/2026 16:21:07,25.19,8.77,8.76,25.19,100.913,224.9,224.0,0.11,146.18,101.380,-0.00002,,,,
13,04/13/2026 16:23:07,25.11,8.60,8.59,25.15,100.929,278.1,277.3,0.13,180.79,101.380,0.00158,,,,
14,04/13/2026 16:25:07,25.03,8.61,8.60,25.16,100.912,217.6,216.9,0.11,141.46,101.380,-0.00014,,,,
15,04/13/2026 16:27:07,24.99,8.56,8.56,25.15,100.929,327.2,326.2,0.16,212.68,101.380,0.00158,,,,
16,04/13/2026 16:29:07,24.94,8.39,8.38,25.19,100.948,281.6,280.5,0.14,183.03,101.380,0.00347,,,,
17,04/13/2026 16:31:07,24.85,8.44,8.43,25.19,100.965,278.0,276.9,0.13,180.71,101.380,0.00521,,,,
18,04/13/2026 16:33:07,25.23,9.27,7.62,26.30,101.513,53753.2,52322.4,34.51,34939.55,101.380,0.05964,,,,In
19,04/13/2026 16:35:07,25.89,9.09,7.48,26.47,101.518,53788.3,52174.2,34.41,34962.38,101.380,0.06021,,,,
20,04/13/2026 16:37:07,26.21,9.01,7.42,26.49,101.519,53819.3,52184.8,34.42,34982.56,101.380,0.06027,,,,
21,04/13/2026 16:39:07,26.38,8.96,7.38,26.51,101.537,53817.9,52167.2,34.40,34981.62,101.380,0.06207,,,,
22,04/13/2026 16:41:07,26.46,8.93,7.36,26.51,101.502,53835.5,52177.8,34.41,34993.10,101.380,0.05859,,,,
23,04/13/2026 16:43:07,26.51,8.93,7.36,26.52,101.555,53848.0,52183.3,34.42,35001.17,101.380,0.06386,,,,
24,04/13/2026 16:45:07,26.54,8.92,7.35,26.53,101.538,53838.4,52167.6,34.41,34994.96,101.380,0.06213,,,,
25,04/13/2026 16:47:07,26.55,8.91,7.35,26.53,101.485,53875.2,52196.8,34.43,35018.88,101.380,0.05690,,,,
26,04/13/2026 16:49:07,26.56,8.91,7.34,26.53,101.538,53865.4,52184.0,34.42,35012.50,101.380,0.06216,,,,
27,04/13/2026 16:51:07,26.57,8.90,7.33,26.53,101.538,53884.7,52202.8,34.43,35025.08,101.380,0.06216,,,,
28,04/13/2026 16:53:07,26.57,8.89,7.33,26.53,101.573,53907.9,52225.2,34.45,35040.14,101.380,0.06567,,,,
29,04/13/2026 16:55:07,26.58,8.89,7.33,26.54,101.538,53903.4,52214.3,34.44,35037.18,101.380,0.06218,,,,
30,04/13/2026 16:57:07,26.58,8.88,7.32,26.54,101.521,53888.6,52196.7,34.43,35027.56,101.380,0.06044,,,,
31,04/13/2026 16:59:07,26.59,8.88,7.31,26.54,101.503,53920.1,52227.3,34.45,35048.07,101.380,0.05869,,,,
32,04/13/2026 17:01:07,26.58,8.85,7.29,26.54,101.503,53933.7,52240.5,34.46,35056.92,101.380,0.05869,,,,
33,04/13/2026 17:03:07,26.59,8.84,7.28,26.53,101.520,53928.2,52248.1,34.47,35053.34,101.380,0.06040,,,,
34,04/13/2026 17:05:07,26.57,8.82,7.26,26.52,101.520,53836.5,52169.0,34.41,34993.74,101.380,0.06037,,,,
35,04/13/2026 17:07:07,26.56,8.80,7.25,26.51,101.537,53884.5,52228.5,34.45,35024.92,101.380,0.06208,,,,
36,04/13/2026 17:09:07,26.56,8.79,7.24,26.50,101.554,53880.4,52234.3,34.45,35022.28,101.380,0.06380,,,,
37,04/13/2026 17:11:07,26.55,8.77,7.22,26.49,101.554,53865.2,52232.5,34.45,35012.35,101.380,0.06376,,,,
38,04/13/2026 17:13:07,26.53,8.76,7.22,26.48,101.536,53857.0,52234.4,34.45,35007.07,101.380,0.06198,,,,
39,04/13/2026 17:15:07,26.53,8.74,7.20,26.47,101.536,53862.1,52249.0,34.46,35010.33,101.380,0.06195,,,,
40,04/13/2026 17:17:07,26.51,8.74,7.20,26.46,101.535,53869.0,52268.7,34.48,35014.83,101.380,0.06191,,,,
41,04/13/2026 17:19:07,26.50,8.72,7.19,26.45,101.570,53843.2,52253.5,34.47,34998.08,101.380,0.06538,,,,
42,04/13/2026 17:21:07,26.49,8.71,7.18,26.44,101.570,53815.8,52236.7,34.45,34980.27,101.380,0.06535,,,,
43,04/13/2026 17:23:07,26.49,8.71,7.17,26.43,101.605,53834.9,52264.9,34.47,34992.66,101.380,0.06882,,,,
44,04/13/2026 17:25:07,26.47,8.69,7.16,26.42,101.534,53831.8,52274.9,34.48,34990.66,101.380,0.06178,,,,
45,04/13/2026 17:27:07,26.46,8.68,7.15,26.41,101.551,53815.6,52269.0,34.48,34980.12,101.380,0.06350,,,,
46,04/13/2026 17:29:07,26.45,8.67,7.14,26.40,101.516,53814.1,52280.6,34.48,34979.19,101.380,0.05996,,,,
47,04/13/2026 17:31:07,26.44,8.65,7.13,26.38,101.550,53818.4,52297.8,34.50,34981.98,101.380,0.06342,,,,
48,04/13/2026 17:33:07,26.43,8.65,7.12,26.37,101.603,53793.5,52286.6,34.49,34965.75,101.380,0.06863,,,,
49,04/13/2026 17:35:07,26.41,8.64,7.11,26.36,101.602,53762.1,52272.3,34.48,34945.34,101.380,0.06858,,,,
50,04/13/2026 17:37:07,26.40,8.62,7.10,26.34,101.584,53786.8,52312.6,34.51,34961.40,101.380,0.06678,,,,
51,04/13/2026 17:39:07,26.39,8.62,7.10,26.33,101.566,53767.5,52310.2,34.50,34948.89,101.380,0.06498,,,,
52,04/13/2026 17:41:07,26.37,8.60,7.08,26.31,101.601,53748.5,52304.8,34.50,34936.53,101.380,0.06844,,,,
53,04/13/2026 17:43:07,26.36,8.60,7.08,26.31,101.565,53733.3,52299.8,34.49,34926.67,101.380,0.06491,,,,
54,04/13/2026 17:45:07,26.35,8.59,7.07,26.29,101.583,53698.0,52278.4,34.48,34903.67,101.380,0.06662,,,,
55,04/13/2026 17:47:07,26.34,8.57,7.06,26.28,101.582,53722.4,52315.3,34.51,34919.57,101.380,0.06658,,,,
56,04/13/2026 17:49:07,26.33,8.55,7.04,26.27,101.582,53750.9,52356.1,34.53,34938.11,101.380,0.06654,,,,
57,04/13/2026 17:51:07,26.32,8.54,7.04,26.26,101.581,53697.8,52317.4,34.51,34903.55,101.380,0.06650,,,,
58,04/13/2026 17:53:07,26.31,8.53,7.02,26.24,101.669,53689.5,52325.7,34.51,34898.18,101.380,0.07520,,,,
59,04/13/2026 17:55:07,26.28,8.52,7.01,26.23,101.616,53681.4,52330.8,34.51,34892.93,101.380,0.06991,,,,
60,04/13/2026 17:57:07,26.27,8.50,7.00,26.22,101.651,53701.8,52363.8,34.54,34906.18,101.380,0.07337,,,,
61,04/13/2026 17:59:07,26.26,8.49,6.99,26.20,101.650,53678.6,52354.3,34.53,34891.10,101.380,0.07333,,,,
62,04/13/2026 18:01:07,26.25,8.49,6.99,26.19,101.632,53673.2,52362.0,34.54,34887.56,101.380,0.07154,,,,
63,04/13/2026 18:03:07,26.24,8.48,6.98,26.18,101.685,53654.0,52356.4,34.53,34875.12,101.380,0.07675,,,,
64,04/13/2026 18:05:07,26.22,8.47,6.97,26.16,101.684,53659.7,52378.3,34.55,34878.77,101.380,0.07670,,,,
65,04/13/2026 18:07:07,26.21,8.45,6.96,26.15,101.684,53609.3,52345.5,34.52,34846.05,101.380,0.07665,,,,
66,04/13/2026 18:09:07,26.20,8.43,6.94,26.13,101.648,53639.1,52391.0,34.55,34865.42,101.380,0.07310,,,,
67,04/13/2026 18:11:07,26.18,8.42,6.93,26.12,101.665,53572.7,52342.5,34.52,34822.25,101.380,0.07480,,,,
68,04/13/2026 18:13:07,26.16,8.40,6.92,26.10,101.647,53538.8,52328.9,34.51,34800.20,101.380,0.07299,,,,
69,04/13/2026 18:15:07,26.14,8.38,6.90,26.08,101.664,53591.6,52403.5,34.56,34834.54,101.380,0.07467,,,,
70,04/13/2026 18:17:07,26.12,8.38,6.90,26.06,101.628,53551.0,52383.5,34.55,34808.14,101.380,0.07111,,,,
71,04/13/2026 18:19:07,26.11,8.36,6.88,26.04,101.662,53551.0,52406.5,34.56,34808.14,101.380,0.07454,,,,
72,04/13/2026 18:21:07,26.09,8.35,6.87,26.02,101.679,53476.6,52356.6,34.52,34759.78,101.380,0.07622,,,,
73,04/13/2026 18:23:07,26.07,8.34,6.86,26.00,101.679,53463.0,52362.9,34.53,34750.96,101.380,0.07616,,,,
74,04/13/2026 18:25:07,26.05,8.33,6.85,25.98,101.660,53450.9,52374.1,34.54,34743.11,101.380,0.07434,,,,
75,04/13/2026 18:27:07,26.02,8.31,6.84,25.96,101.624,53484.6,52430.1,34.58,34765.01,101.380,0.07077,,,,
76,04/13/2026 18:29:07,26.01,8.31,6.83,25.94,101.641,53441.5,52407.6,34.56,34736.99,101.380,0.07246,,,,
77,04/13/2026 18:31:07,25.99,8.29,6.82,25.92,101.658,53390.2,52376.9,34.53,34703.64,101.380,0.07415,,,,
78,04/13/2026 18:33:07,25.97,8.28,6.81,25.90,101.675,53407.9,52420.5,34.57,34715.11,101.380,0.07582,,,,
79,04/13/2026 18:35:07,25.95,8.27,6.80,25.88,101.639,53387.5,52423.6,34.57,34701.86,101.380,0.07224,,,,
80,04/13/2026 18:37:07,25.92,8.25,6.79,25.85,101.674,53343.1,52406.3,34.55,34673.02,101.380,0.07567,,,,
81,04/13/2026 18:39:07,25.90,8.25,6.78,25.83,101.655,53284.1,52374.6,34.53,34634.64,101.380,0.07384,,,,
82,04/13/2026 18:41:07,25.87,8.24,6.78,25.80,101.672,53305.5,52422.0,34.56,34648.56,101.380,0.07551,,,,
83,04/13/2026 18:43:07,25.86,8.23,6.77,25.78,101.689,53270.6,52414.0,34.56,34625.89,101.380,0.07718,,,,
84,04/13/2026 18:45:07,25.83,8.22,6.76,25.76,101.671,53222.4,52389.6,34.54,34594.53,101.380,0.07536,,,,
85,04/13/2026 18:47:07,25.81,8.21,6.75,25.74,101.652,53239.7,52429.8,34.57,34605.82,101.380,0.07354,,,,
86,04/13/2026 18:49:07,25.78,8.20,6.75,25.71,101.687,53179.5,52396.8,34.54,34566.70,101.380,0.07696,,,,
87,04/13/2026 18:51:07,25.76,8.19,6.74,25.69,101.721,53170.2,52414.0,34.55,34560.62,101.380,0.08038,,,,
88,04/13/2026 18:53:07,25.74,8.18,6.73,25.67,101.632,53159.5,52426.5,34.56,34553.65,101.380,0.07156,,,,
89,04/13/2026 18:55:07,25.71,8.18,6.73,25.64,101.667,53116.8,52407.5,34.54,34525.90,101.380,0.07499,,,,
90,04/13/2026 18:57:07,25.69,8.18,6.73,25.62,101.631,53115.4,52432.6,34.56,34525.04,101.380,0.07141,,,,
91,04/13/2026 18:59:07,25.67,8.17,6.72,25.60,101.665,53095.4,52435.9,34.56,34512.03,101.380,0.07484,,,,
92,04/13/2026 19:01:07,25.64,8.16,6.71,25.57,101.665,53087.4,52454.5,34.58,34506.83,101.380,0.07476,,,,
93,04/13/2026 19:03:07,25.63,8.15,6.71,25.55,101.699,53038.2,52429.0,34.56,34474.82,101.380,0.07819,,,,
94,04/13/2026 19:05:07,25.60,8.16,6.71,25.53,101.681,53039.5,52453.4,34.57,34475.67,101.380,0.07637,,,,
95,04/13/2026 19:07:07,25.58,8.15,6.70,25.51,101.680,53020.9,52458.2,34.58,34463.59,101.380,0.07630,,,,
96,04/13/2026 19:09:07,25.56,8.15,6.70,25.49,101.697,52973.1,52434.0,34.56,34432.52,101.380,0.07798,,,,
97,04/13/2026 19:11:07,25.54,8.14,6.69,25.47,101.696,52963.8,52448.0,34.57,34426.49,101.380,0.07791,,,,
98,04/13/2026 19:13:07,25.52,8.13,6.69,25.45,101.660,52945.3,52452.8,34.57,34414.41,101.380,0.07434,,,,
99,04/13/2026 19:15:07,25.49,8.13,6.68,25.43,101.642,52949.2,52476.6,34.59,34417.00,101.380,0.07253,,,,
100,04/13/2026 19:17:07,25.48,8.12,6.68,25.41,101.677,52922.7,52470.2,34.58,34399.75,101.380,0.07598,,,,
101,04/13/2026 19:19:07,25.46,8.13,6.68,25.40,101.659,52883.0,52447.4,34.56,34373.92,101.380,0.07418,,,,
102,04/13/2026 19:21:07,25.44,8.13,6.68,25.37,101.658,52904.1,52491.6,34.59,34387.68,101.380,0.07411,,,,
103,04/13/2026 19:23:07,25.42,8.12,6.68,25.36,101.693,52861.9,52463.0,34.57,34360.22,101.380,0.07757,,,,
104,04/13/2026 19:25:07,25.41,8.13,6.68,25.35,101.727,52820.9,52438.9,34.55,34333.60,101.380,0.08102,,,,
105,04/13/2026 19:27:07,25.40,8.12,6.67,25.33,101.656,52827.4,52465.3,34.57,34337.82,101.380,0.07396,,,,
106,04/13/2026 19:29:07,25.37,8.12,6.67,25.31,101.656,52766.7,52421.6,34.54,34298.37,101.380,0.07391,,,,
107,04/13/2026 19:31:07,25.36,8.12,6.67,25.30,101.638,52791.8,52466.4,34.57,34314.66,101.380,0.07210,,,,
108,04/13/2026 19:33:07,25.34,8.12,6.67,25.28,101.637,52777.4,52468.7,34.57,34305.34,101.380,0.07205,,,,
109,04/13/2026 19:35:07,25.32,8.12,6.67,25.27,101.654,52788.0,52495.8,34.59,34312.19,101.380,0.07375,,,,
110,04/13/2026 19:37:07,25.31,8.11,6.67,25.25,101.707,52777.4,52498.6,34.59,34305.34,101.380,0.07896,,,,
111,04/13/2026 19:39:07,25.30,8.12,6.67,25.24,101.653,52726.0,52464.1,34.57,34271.89,101.380,0.07366,,,,
112,04/13/2026 19:41:07,25.28,8.12,6.67,25.22,101.618,52711.5,52466.3,34.57,34262.48,101.380,0.07011,,,,
113,04/13/2026 19:43:07,25.27,8.12,6.67,25.21,101.688,52748.2,52516.1,34.60,34286.36,101.380,0.07707,,,,
114,04/13/2026 19:45:07,25.26,8.12,6.67,25.20,101.652,52724.6,52505.9,34.60,34271.00,101.380,0.07353,,,,
115,04/13/2026 19:47:07,25.25,8.12,6.67,25.19,101.652,52680.0,52474.8,34.57,34241.99,101.380,0.07349,,,,
116,04/13/2026 19:49:07,25.23,8.12,6.67,25.17,101.651,52745.7,52553.5,34.63,34284.68,101.380,0.07346,,,,
117,04/13/2026 19:51:07,25.21,8.11,6.67,25.16,101.704,52704.9,52529.5,34.61,34258.16,101.380,0.07866,,,,
118,04/13/2026 19:53:07,25.21,8.11,6.66,25.15,101.650,52654.9,52493.0,34.58,34225.68,101.380,0.07337,,,,
119,04/13/2026 19:55:07,25.19,8.11,6.67,25.13,101.650,52611.8,52466.7,34.56,34197.68,101.380,0.07332,,,,
120,04/13/2026 19:57:07,25.18,8.11,6.67,25.12,101.667,52617.1,52485.3,34.58,34201.09,101.380,0.07503,,,,
121,04/13/2026 19:59:07,25.16,8.12,6.67,25.11,101.684,52665.5,52547.0,34.62,34232.59,101.380,0.07674,,,,
122,04/13/2026 20:01:07,25.15,8.12,6.67,25.09,101.702,52597.4,52495.6,34.58,34188.30,101.380,0.07844,,,,
123,04/13/2026 20:03:07,25.14,8.12,6.67,25.08,101.736,52583.0,52494.6,34.58,34178.92,101.380,0.08190,,,,
124,04/13/2026 20:05:07,25.12,8.12,6.67,25.07,101.701,52585.6,52513.9,34.59,34180.67,101.380,0.07835,,,,
125,04/13/2026 20:07:07,25.11,8.12,6.67,25.05,101.665,52558.2,52499.9,34.58,34162.85,101.380,0.07481,,,,
126,04/13/2026 20:09:07,25.10,8.12,6.67,25.04,101.735,52532.1,52487.1,34.57,34145.87,101.380,0.08178,,,,
127,04/13/2026 20:11:07,25.08,8.12,6.67,25.03,101.717,52534.6,52503.0,34.58,34147.51,101.380,0.07999,,,,
128,04/13/2026 20:13:07,25.07,8.12,6.67,25.01,101.717,52529.6,52514.6,34.59,34144.22,101.380,0.07994,,,,
129,04/13/2026 20:15:07,25.06,8.12,6.67,25.00,101.734,52547.6,52546.0,34.62,34155.95,101.380,0.08165,,,,
130,04/13/2026 20:17:07,25.04,8.13,6.68,24.99,101.663,52469.2,52484.3,34.57,34104.96,101.380,0.07460,,,,
131,04/13/2026 20:19:07,25.03,8.12,6.67,24.97,101.662,52501.9,52533.7,34.60,34126.22,101.380,0.07455,,,,
132,04/13/2026 20:21:07,25.02,8.13,6.68,24.96,101.750,52473.1,52518.3,34.59,34107.53,101.380,0.08326,,,,
133,04/13/2026 20:23:07,25.01,8.12,6.67,24.94,101.714,52474.6,52536.4,34.61,34108.46,101.380,0.07971,,,,
134,04/13/2026 20:25:07,24.99,8.13,6.67,24.93,101.731,52441.9,52520.4,34.59,34087.21,101.380,0.08141,,,,
135,04/13/2026 20:27:07,24.98,8.13,6.68,24.91,101.731,52423.7,52519.0,34.59,34075.43,101.380,0.08136,,,,
136,04/13/2026 20:29:07,24.97,8.12,6.67,24.90,101.730,52413.3,52521.9,34.59,34068.68,101.380,0.08132,,,,
137,04/13/2026 20:31:07,24.95,8.13,6.67,24.89,101.695,52400.5,52522.4,34.59,34060.29,101.380,0.07779,,,,
138,04/13/2026 20:33:07,24.94,8.12,6.67,24.88,101.730,52436.7,52568.7,34.63,34083.83,101.380,0.08126,,,,
139,04/13/2026 20:35:07,24.92,8.13,6.68,24.87,101.730,52402.9,52544.9,34.61,34061.91,101.380,0.08123,,,,
140,04/13/2026 20:37:07,24.92,8.13,6.68,24.86,101.729,52396.3,52548.3,34.61,34057.59,101.380,0.08120,,,,
141,04/13/2026 20:39:07,24.91,8.13,6.68,24.85,101.782,52363.9,52525.9,34.59,34036.53,101.380,0.08642,,,,
142,04/13/2026 20:41:07,24.91,8.13,6.68,24.84,101.746,52352.1,52524.0,34.59,34028.84,101.380,0.08289,,,,
143,04/13/2026 20:43:07,24.90,8.13,6.68,24.84,101.781,52358.7,52537.4,34.60,34033.16,101.380,0.08637,,,,
144,04/13/2026 20:45:07,24.89,8.14,6.68,24.83,101.763,52359.9,52548.7,34.61,34033.96,101.380,0.08459,,,,
145,04/13/2026 20:47:07,24.88,8.13,6.68,24.82,101.728,52368.3,52567.1,34.62,34039.37,101.380,0.08106,,,,
146,04/13/2026 20:49:07,24.87,8.14,6.69,24.81,101.798,52351.3,52560.1,34.62,34028.31,101.380,0.08803,,,,
147,04/13/2026 20:51:07,24.87,8.13,6.68,24.80,101.780,52316.2,52531.6,34.59,34005.54,101.380,0.08626,,,,
148,04/13/2026 20:53:07,24.85,8.14,6.68,24.79,101.780,52336.9,52565.8,34.62,34019.00,101.380,0.08622,,,,
149,04/13/2026 20:55:07,24.84,8.14,6.68,24.79,101.780,52339.4,52575.0,34.63,34020.62,101.380,0.08621,,,,
150,04/13/2026 20:57:07,24.84,8.14,6.68,24.78,101.762,52312.3,52557.8,34.61,34002.97,101.380,0.08442,,,,
151,04/13/2026 20:59:07,24.82,8.14,6.68,24.77,101.797,52309.6,52565.1,34.62,34001.21,101.380,0.08790,,,,
152,04/13/2026 21:01:07,24.82,8.14,6.68,24.76,101.779,52328.8,52591.2,34.64,34013.73,101.380,0.08613,,,,
153,04/13/2026 21:03:07,24.81,8.14,6.69,24.75,101.761,52243.8,52515.8,34.58,33958.47,101.380,0.08435,,,,
154,04/13/2026 21:05:07,24.80,8.15,6.69,24.74,101.761,52272.1,52554.3,34.61,33976.86,101.380,0.08432,,,,
155,04/13/2026 21:07:07,24.79,8.15,6.69,24.74,101.760,52255.1,52547.3,34.60,33965.82,101.380,0.08429,,,,
156,04/13/2026 21:09:07,24.79,8.15,6.69,24.73,101.760,52268.2,52570.5,34.62,33974.30,101.380,0.08426,,,,
157,04/13/2026 21:11:07,24.78,8.14,6.69,24.72,101.760,52216.3,52528.4,34.59,33940.57,101.380,0.08423,,,,
158,04/13/2026 21:13:07,24.77,8.15,6.69,24.71,101.724,52206.2,52528.3,34.59,33934.02,101.380,0.08070,,,,
159,04/13/2026 21:15:07,24.76,8.15,6.69,24.70,101.759,52235.9,52568.3,34.62,33953.35,101.380,0.08417,,,,
160,04/13/2026 21:17:07,24.75,8.15,6.69,24.69,101.724,52204.7,52546.9,34.60,33933.06,101.380,0.08064,,,,
161,04/13/2026 21:19:07,24.74,8.15,6.69,24.68,101.759,52190.5,52542.7,34.60,33923.80,101.380,0.08411,,,,
162,04/13/2026 21:21:07,24.73,8.15,6.69,24.67,101.758,52168.6,52534.1,34.59,33909.60,101.380,0.08407,,,,
163,04/13/2026 21:23:07,24.72,8.15,6.69,24.66,101.775,52205.0,52580.8,34.62,33933.23,101.380,0.08580,,,,
164,04/13/2026 21:25:07,24.71,8.15,6.69,24.65,101.793,52210.1,52596.1,34.63,33936.58,101.380,0.08752,,,,
165,04/13/2026 21:27:07,24.70,8.16,6.70,24.64,101.775,52154.4,52550.0,34.60,33900.34,101.380,0.08574,,,,
166,04/13/2026 21:29:07,24.69,8.16,6.70,24.63,101.810,52126.8,52535.6,34.59,33882.41,101.380,0.08920,,,,
167,04/13/2026 21:31:07,24.68,8.16,6.70,24.62,101.792,52170.1,52589.4,34.63,33910.57,101.380,0.08742,,,,
168,04/13/2026 21:33:07,24.67,8.17,6.71,24.61,101.809,52090.2,52518.9,34.57,33858.65,101.380,0.08914,,,,
169,04/13/2026 21:35:07,24.66,8.16,6.70,24.60,101.844,52086.3,52525.0,34.58,33856.10,101.380,0.09261,,,,
170,04/13/2026 21:37:07,24.65,8.16,6.70,24.59,101.791,52095.4,52544.3,34.59,33861.99,101.380,0.08733,,,,
171,04/13/2026 21:39:07,24.65,8.16,6.70,24.59,101.861,52138.0,52594.0,34.63,33889.70,101.380,0.09431,,,,
172,04/13/2026 21:41:07,24.64,8.16,6.70,24.58,101.826,52072.1,52537.6,34.59,33846.88,101.380,0.09078,,,,
173,04/13/2026 21:43:07,24.63,8.17,6.71,24.57,101.808,52051.9,52527.3,34.58,33833.73,101.380,0.08901,,,,
174,04/13/2026 21:45:07,24.62,8.17,6.71,24.56,101.860,52094.2,52580.1,34.62,33861.20,101.380,0.09423,,,,
175,04/13/2026 21:47:07,24.61,8.16,6.70,24.55,101.860,52052.5,52544.7,34.59,33834.12,101.380,0.09421,,,,
176,04/13/2026 21:49:07,24.61,8.17,6.70,24.54,101.825,52124.7,52627.8,34.65,33881.06,101.380,0.09068,,,,
177,04/13/2026 21:51:07,24.60,8.17,6.70,24.54,101.807,52112.3,52621.9,34.65,33872.99,101.380,0.08891,,,,
178,04/13/2026 21:53:07,24.59,8.17,6.71,24.53,101.789,52107.2,52623.5,34.65,33869.65,101.380,0.08714,,,,
179,04/13/2026 21:55:07,24.58,8.17,6.71,24.53,101.842,52102.9,52626.0,34.65,33866.91,101.380,0.09237,,,,
180,04/13/2026 21:57:07,24.58,8.17,6.70,24.52,101.841,52037.4,52569.9,34.61,33824.32,101.380,0.09234,,,,
181,04/13/2026 21:59:07,24.57,8.17,6.71,24.51,101.823,52073.3,52612.9,34.64,33847.66,101.380,0.09057,,,,
182,04/13/2026 22:01:07,24.56,8.17,6.71,24.50,101.841,52021.1,52570.3,34.61,33813.74,101.380,0.09229,,,,
183,04/13/2026 22:03:07,24.56,8.17,6.71,24.49,101.788,52013.3,52572.5,34.61,33808.65,101.380,0.08701,,,,
184,04/13/2026 22:05:07,24.55,8.18,6.71,24.49,101.823,52074.8,52641.4,34.66,33848.64,101.380,0.09049,,,,
185,04/13/2026 22:07:07,24.54,8.18,6.72,24.48,101.840,52080.3,52653.6,34.67,33852.17,101.380,0.09222,,,,
186,04/13/2026 22:09:07,24.52,8.18,6.72,24.47,101.840,52043.4,52626.6,34.65,33828.23,101.380,0.09219,,,,
187,04/13/2026 22:11:07,24.53,8.18,6.72,24.47,101.822,51991.3,52580.6,34.61,33794.35,101.380,0.09042,,,,
188,04/13/2026 22:13:07,24.52,8.18,6.71,24.46,101.857,52006.4,52602.6,34.63,33804.13,101.380,0.09391,,,,
189,04/13/2026 22:15:07,24.51,8.19,6.72,24.45,101.839,51961.8,52567.6,34.60,33775.18,101.380,0.09213,,,,
190,04/13/2026 22:17:07,24.51,8.19,6.72,24.45,101.874,52023.5,52636.8,34.65,33815.30,101.380,0.09561,,,,
191,04/13/2026 22:19:07,24.49,8.19,6.72,24.44,101.821,51950.4,52569.6,34.60,33767.76,101.380,0.09034,,,,
192,04/13/2026 22:21:07,24.49,8.19,6.72,24.43,101.838,51978.4,52604.6,34.63,33785.93,101.380,0.09207,,,,
193,04/13/2026 22:23:07,24.48,8.19,6.72,24.42,101.821,51989.2,52625.7,34.64,33793.00,101.380,0.09029,,,,
194,04/13/2026 22:25:07,24.48,8.19,6.72,24.42,101.891,51988.3,52631.5,34.65,33792.38,101.380,0.09727,,,,
195,04/13/2026 22:27:07,24.47,8.19,6.72,24.41,101.820,51954.0,52603.5,34.63,33770.09,101.380,0.09025,,,,
196,04/13/2026 22:29:07,24.47,8.19,6.72,24.40,101.838,51969.0,52628.9,34.65,33779.85,101.380,0.09197,,,,
197,04/13/2026 22:31:07,24.45,8.20,6.73,24.40,101.873,51965.1,52631.6,34.65,33777.30,101.380,0.09545,,,,
198,04/13/2026 22:33:07,24.45,8.20,6.73,24.39,101.837,51945.0,52618.0,34.64,33764.22,101.380,0.09193,,,,
199,04/13/2026 22:35:07,24.45,8.20,6.73,24.38,101.890,51940.5,52623.7,34.64,33761.33,101.380,0.09716,,,,
200,04/13/2026 22:37:07,24.44,8.20,6.73,24.38,101.837,51881.3,52570.4,34.60,33722.86,101.380,0.09188,,,,
201,04/13/2026 22:39:07,24.43,8.20,6.73,24.37,101.889,51909.5,52609.2,34.63,33741.20,101.380,0.09711,,,,
202,04/13/2026 22:41:07,24.42,8.21,6.74,24.36,101.907,51878.3,52584.2,34.61,33720.86,101.380,0.09884,,,,
203,04/13/2026 22:43:07,24.41,8.21,6.73,24.35,101.871,51928.4,52641.9,34.65,33753.48,101.380,0.09532,,,,
204,04/13/2026 22:45:07,24.40,8.20,6.73,24.35,101.836,51884.9,52607.8,34.63,33725.17,101.380,0.09179,,,,
205,04/13/2026 22:47:07,24.40,8.22,6.74,24.34,101.871,51886.4,52616.2,34.63,33726.18,101.380,0.09527,,,,
206,04/13/2026 22:49:07,24.39,8.21,6.74,24.33,101.870,51872.3,52608.6,34.63,33717.01,101.380,0.09525,,,,
207,04/13/2026 22:51:07,24.38,8.22,6.74,24.33,101.888,51860.6,52603.5,34.62,33709.38,101.380,0.09698,,,,
208,04/13/2026 22:53:07,24.37,8.22,6.75,24.32,101.870,51855.9,52605.4,34.62,33706.31,101.380,0.09521,,,,
209,04/13/2026 22:55:07,24.37,8.22,6.75,24.31,101.835,51866.0,52625.9,34.64,33712.93,101.380,0.09168,,,,
210,04/13/2026 22:57:07,24.37,8.22,6.75,24.31,101.870,51820.2,52586.2,34.61,33683.15,101.380,0.09516,,,,
211,04/13/2026 22:59:07,24.36,8.23,6.75,24.30,101.852,51828.0,52600.9,34.62,33688.23,101.380,0.09339,,,,
212,04/13/2026 23:01:07,24.35,8.23,6.75,24.29,101.887,51807.0,52589.6,34.61,33674.52,101.380,0.09687,,,,
213,04/13/2026 23:03:07,24.34,8.23,6.75,24.28,101.922,51782.3,52574.7,34.60,33658.50,101.380,0.10034,,,,
214,04/13/2026 23:05:07,24.33,8.23,6.75,24.28,101.886,51815.1,52611.5,34.63,33679.84,101.380,0.09683,,,,
215,04/13/2026 23:07:07,24.33,8.23,6.75,24.27,101.904,51801.1,52604.0,34.62,33670.70,101.380,0.09856,,,,
216,04/13/2026 23:09:07,24.33,8.24,6.76,24.26,101.833,51799.9,52612.9,34.63,33669.94,101.380,0.09153,,,,
217,04/13/2026 23:11:07,24.31,8.24,6.76,24.26,101.868,51801.4,52621.3,34.63,33670.94,101.380,0.09501,,,,
218,04/13/2026 23:13:07,24.31,8.24,6.76,24.25,101.885,51789.4,52615.7,34.63,33663.09,101.380,0.09674,,,,
219,04/13/2026 23:15:07,24.31,8.24,6.76,24.25,101.885,51737.4,52569.8,34.59,33629.33,101.380,0.09672,,,,
220,04/13/2026 23:17:07,24.30,8.24,6.76,24.24,101.867,51764.4,52607.3,34.62,33646.84,101.380,0.09494,,,,
221,04/13/2026 23:19:07,24.29,8.24,6.76,24.23,101.850,51767.9,52617.6,34.63,33649.12,101.380,0.09317,,,,
222,04/13/2026 23:21:07,24.28,8.24,6.76,24.23,101.867,51733.5,52586.1,34.60,33626.80,101.380,0.09491,,,,
223,04/13/2026 23:23:07,24.28,8.24,6.76,24.22,101.849,51719.9,52579.0,34.60,33617.93,101.380,0.09314,,,,
224,04/13/2026 23:25:07,24.27,8.25,6.77,24.22,101.831,51740.2,52606.4,34.62,33631.11,101.380,0.09137,,,,
225,04/13/2026 23:27:07,24.27,8.25,6.77,24.21,101.849,51718.3,52591.0,34.61,33616.91,101.380,0.09310,,,,
226,04/13/2026 23:29:07,24.26,8.25,6.77,24.20,101.866,51738.2,52617.9,34.63,33629.84,101.380,0.09483,,,,
227,04/13/2026 23:31:07,24.25,8.25,6.77,24.20,101.831,51660.7,52542.5,34.57,33579.43,101.380,0.09132,,,,
228,04/13/2026 23:33:07,24.26,8.25,6.77,24.20,101.866,51676.6,52562.1,34.58,33589.79,101.380,0.09482,,,,
229,04/13/2026 23:35:07,24.24,8.26,6.77,24.19,101.848,51684.0,52572.9,34.59,33594.59,101.380,0.09306,,,,
230,04/13/2026 23:37:07,24.24,8.25,6.77,24.19,101.813,51710.1,52606.3,34.62,33611.59,101.380,0.08954,,,,
231,04/13/2026 23:39:07,24.24,8.24,6.76,24.19,101.883,51683.6,52579.4,34.60,33594.37,101.380,0.09654,,,,
232,04/13/2026 23:41:07,24.24,8.25,6.77,24.18,101.830,51748.8,52652.4,34.65,33636.69,101.380,0.09127,,,,
233,04/13/2026 23:43:07,24.24,8.24,6.76,24.18,101.830,51685.2,52587.7,34.60,33595.39,101.380,0.09127,,,,
234,04/13/2026 23:45:07,24.23,8.25,6.77,24.18,101.848,51661.1,52570.0,34.59,33579.70,101.380,0.09300,,,,
235,04/13/2026 23:47:07,24.23,8.25,6.77,24.17,101.830,51681.3,52594.0,34.61,33592.86,101.380,0.09124,,,,
236,04/13/2026 23:49:07,24.22,8.25,6.77,24.17,101.848,51691.8,52608.0,34.62,33599.70,101.380,0.09298,,,,
237,04/13/2026 23:51:07,24.22,8.25,6.77,24.17,101.865,51684.1,52603.5,34.61,33594.64,101.380,0.09472,,,,
238,04/13/2026 23:53:07,24.22,8.25,6.76,24.16,101.865,51680.6,52606.8,34.62,33592.37,101.380,0.09470,,,,
239,04/13/2026 23:55:07,24.22,8.25,6.77,24.16,101.847,51667.7,52597.0,34.61,33584.01,101.380,0.09294,,,,
240,04/13/2026 23:57:07,24.20,8.25,6.77,24.16,101.865,51647.1,52579.4,34.59,33570.60,101.380,0.09468,,,,
241,04/13/2026 23:59:07,24.21,8.25,6.77,24.15,101.882,51654.9,52590.8,34.60,33575.66,101.380,0.09642,,,,
242,04/14/2026 00:01:07,24.20,8.25,6.77,24.15,101.882,51615.2,52553.7,34.58,33549.87,101.380,0.09641,,,,
243,04/14/2026 00:03:07,24.20,8.25,6.77,24.15,101.864,51652.1,52594.7,34.61,33573.88,101.380,0.09465,,,,
244,04/14/2026 00:05:07,24.19,8.25,6.77,24.14,101.847,51654.9,52604.3,34.61,33575.66,101.380,0.09288,,,,
245,04/14/2026 00:07:07,24.20,8.24,6.76,24.14,101.864,51662.7,52615.6,34.62,33580.73,101.380,0.09462,,,,
246,04/14/2026 00:09:07,24.19,8.25,6.77,24.13,101.864,51617.2,52572.7,34.59,33551.18,101.380,0.09461,,,,
247,04/14/2026 00:11:07,24.19,8.25,6.77,24.13,101.846,51619.9,52582.3,34.60,33552.95,101.380,0.09284,,,,
248,04/14/2026 00:13:07,24.18,8.25,6.77,24.13,101.864,51630.8,52596.7,34.61,33559.99,101.380,0.09459,,,,
249,04/14/2026 00:15:07,24.17,8.25,6.77,24.12,101.793,51614.5,52586.9,34.60,33549.39,101.380,0.08756,,,,
250,04/14/2026 00:17:07,24.17,8.25,6.77,24.12,101.828,51584.2,52559.4,34.58,33529.72,101.380,0.09105,,,,
251,04/14/2026 00:19:07,24.17,8.25,6.77,24.11,101.775,51628.0,52610.9,34.62,33558.21,101.380,0.08578,,,,
252,04/14/2026 00:21:07,24.17,8.25,6.77,24.11,101.828,51606.7,52592.5,34.60,33544.34,101.380,0.09103,,,,
253,04/14/2026 00:23:07,24.16,8.24,6.76,24.10,101.845,51626.9,52619.9,34.62,33557.46,101.380,0.09276,,,,
254,04/14/2026 00:25:07,24.15,8.25,6.77,24.10,101.863,51595.4,52591.2,34.60,33537.03,101.380,0.09450,,,,
255,04/14/2026 00:27:07,24.15,8.25,6.76,24.10,101.845,51594.3,52593.4,34.60,33536.28,101.380,0.09274,,,,
256,04/14/2026 00:29:07,24.14,8.25,6.77,24.09,101.828,51590.8,52593.3,34.60,33534.03,101.380,0.09098,,,,
257,04/14/2026 00:31:07,24.15,8.24,6.76,24.09,101.810,51604.8,52611.0,34.61,33543.12,101.380,0.08922,,,,
258,04/14/2026 00:33:07,24.14,8.24,6.76,24.08,101.827,51607.5,52620.5,34.62,33544.90,101.380,0.09095,,,,
259,04/14/2026 00:35:07,24.14,8.24,6.76,24.08,101.810,51559.0,52574.4,34.59,33513.35,101.380,0.08919,,,,
260,04/14/2026 00:37:07,24.13,8.24,6.76,24.08,101.809,51559.0,52577.8,34.59,33513.35,101.380,0.08918,,,,
261,04/14/2026 00:39:07,24.13,8.24,6.75,24.07,101.845,51615.6,52639.0,34.63,33550.15,101.380,0.09267,,,,
262,04/14/2026 00:41:07,24.13,8.24,6.76,24.07,101.827,51561.3,52587.0,34.60,33514.84,101.380,0.09091,,,,
263,04/14/2026 00:43:07,24.12,8.24,6.76,24.07,101.774,51595.9,52629.0,34.63,33537.31,101.380,0.08564,,,,
264,04/14/2026 00:45:07,24.11,8.24,6.76,24.06,101.809,51575.3,52611.4,34.61,33523.92,101.380,0.08913,,,,
265,04/14/2026 00:47:07,24.12,8.24,6.76,24.06,101.826,51603.2,52643.3,34.64,33542.09,101.380,0.09087,,,,
266,04/14/2026 00:49:07,24.11,8.24,6.76,24.05,101.791,51575.7,52622.0,34.62,33524.21,101.380,0.08735,,,,
267,04/14/2026 00:51:07,24.11,8.23,6.75,24.05,101.791,51589.7,52639.7,34.63,33533.28,101.380,0.08734,,,,
268,04/14/2026 00:53:07,24.10,8.24,6.76,24.05,101.808,51595.1,52648.7,34.64,33536.84,101.380,0.08908,,,,
269,04/14/2026 00:55:07,24.10,8.24,6.76,24.04,101.773,51607.5,52668.1,34.65,33544.90,101.380,0.08556,,,,
270,04/14/2026 00:57:07,24.10,8.24,6.76,24.04,101.738,51575.7,52635.6,34.63,33524.21,101.380,0.08206,,,,
271,04/14/2026 00:59:07,24.09,8.23,6.75,24.04,101.790,51596.3,52663.4,34.65,33537.59,101.380,0.08729,,,,
272,04/14/2026 01:01:07,24.08,8.24,6.75,24.04,101.738,51610.6,52678.0,34.66,33546.87,101.380,0.08204,,,,
273,04/14/2026 01:03:07,24.08,8.23,6.75,24.03,101.755,51560.1,52633.3,34.63,33514.09,101.380,0.08377,,,,
274,04/14/2026 01:05:07,24.08,8.23,6.75,24.03,101.737,51559.0,52635.6,34.63,33513.35,101.380,0.08201,,,,
275,04/14/2026 01:07:07,24.08,8.24,6.76,24.02,101.737,51557.9,52637.8,34.63,33512.61,101.380,0.08200,,,,
276,04/14/2026 01:09:07,24.08,8.23,6.75,24.02,101.737,51585.8,52666.3,34.65,33530.75,101.380,0.08200,,,,
277,04/14/2026 01:11:07,24.07,8.23,6.75,24.02,101.737,51583.0,52663.5,34.65,33528.98,101.380,0.08200,,,,
278,04/14/2026 01:13:07,24.08,8.23,6.75,24.02,101.755,51571.8,52652.1,34.64,33521.68,101.380,0.08375,,,,
279,04/14/2026 01:15:07,24.08,8.24,6.76,24.03,101.737,51571.8,52648.6,34.64,33521.68,101.380,0.08201,,,,
280,04/14/2026 01:17:07,24.07,8.23,6.75,24.02,101.737,51592.4,52673.1,34.66,33535.06,101.380,0.08200,,,,
281,04/14/2026 01:19:07,24.08,8.23,6.75,24.03,101.755,51581.9,52658.9,34.65,33528.23,101.380,0.08376,,,,
282,04/14/2026 01:21:07,24.08,8.23,6.75,24.03,101.737,51557.9,52634.4,34.63,33512.61,101.380,0.08201,,,,
283,04/14/2026 01:23:07,24.07,8.23,6.75,24.03,101.720,51622.2,52700.1,34.68,33554.46,101.380,0.08026,,,,
284,04/14/2026 01:25:07,24.08,8.23,6.75,24.03,101.773,51584.6,52661.7,34.65,33530.01,101.380,0.08551,,,,
285,04/14/2026 01:27:07,24.08,8.23,6.75,24.03,101.773,51581.2,52654.8,34.64,33527.77,101.380,0.08552,,,,
286,04/14/2026 01:29:07,24.08,8.23,6.75,24.03,101.720,51611.4,52685.7,34.67,33547.43,101.380,0.08027,,,,
287,04/14/2026 01:31:07,24.08,8.23,6.75,24.03,101.755,51575.0,52648.5,34.64,33523.74,101.380,0.08377,,,,
288,04/14/2026 01:33:07,24.08,8.23,6.74,24.03,101.738,51647.9,52722.9,34.69,33571.14,101.380,0.08202,,,,
289,04/14/2026 01:35:07,24.08,8.23,6.75,24.03,101.720,51581.2,52654.8,34.64,33527.77,101.380,0.08027,,,,
290,04/14/2026 01:37:07,24.08,8.22,6.74,24.03,101.738,51618.1,52692.4,34.67,33551.73,101.380,0.08202,,,,
291,04/14/2026 01:39:07,24.08,8.22,6.74,24.03,101.685,51643.3,52718.2,34.69,33568.13,101.380,0.07677,,,,
292,04/14/2026 01:41:07,24.08,8.22,6.74,24.03,101.720,51612.6,52686.9,34.67,33548.18,101.380,0.08027,,,,
293,04/14/2026 01:43:07,24.08,8.22,6.74,24.03,101.738,51664.2,52739.6,34.71,33581.75,101.380,0.08202,,,,
294,04/14/2026 01:45:07,24.08,8.22,6.74,24.03,101.685,51610.3,52687.9,34.67,33546.68,101.380,0.07676,,,,
295,04/14/2026 01:47:07,24.08,8.22,6.74,24.03,101.702,51618.1,52695.9,34.67,33551.73,101.380,0.07851,,,,
296,04/14/2026 01:49:07,24.08,8.22,6.74,24.03,101.720,51630.5,52708.5,34.68,33559.80,101.380,0.08026,,,,
297,04/14/2026 01:51:07,24.08,8.22,6.74,24.02,101.702,51641.3,52723.0,34.69,33566.83,101.380,0.07850,,,,
298,04/14/2026 01:53:07,24.07,8.21,6.73,24.02,101.667,51635.5,52717.1,34.69,33563.07,101.380,0.07500,,,,
299,04/14/2026 01:55:07,24.07,8.21,6.73,24.02,101.667,51614.2,52698.7,34.68,33549.20,101.380,0.07499,,,,
300,04/14/2026 01:57:07,24.07,8.21,6.73,24.02,101.684,51624.2,52709.0,34.68,33555.76,101.380,0.07674,,,,
301,04/14/2026 01:59:07,24.07,8.22,6.74,24.02,101.684,51615.7,52700.3,34.68,33550.23,101.380,0.07674,,,,
302,04/14/2026 02:01:07,24.06,8.21,6.73,24.02,101.702,51620.4,52708.4,34.68,33553.23,101.380,0.07848,,,,
303,04/14/2026 02:03:07,24.07,8.21,6.73,24.02,101.720,51611.4,52699.3,34.68,33547.43,101.380,0.08023,,,,
304,04/14/2026 02:05:07,24.07,8.21,6.73,24.01,101.719,51613.0,52704.3,34.68,33548.45,101.380,0.08022,,,,
305,04/14/2026 02:07:07,24.07,8.21,6.73,24.01,101.719,51606.8,52698.0,34.67,33544.43,101.380,0.08022,,,,
306,04/14/2026 02:09:07,24.07,8.20,6.72,24.01,101.649,51612.6,52707.3,34.68,33548.18,101.380,0.07321,,,,
307,04/14/2026 02:11:07,24.06,8.21,6.73,24.01,101.702,51594.0,52688.3,34.67,33536.10,101.380,0.07846,,,,
308,04/14/2026 02:13:07,24.06,8.21,6.73,24.01,101.702,51633.2,52731.7,34.70,33561.57,101.380,0.07845,,,,
309,04/14/2026 02:15:07,24.06,8.20,6.73,24.00,101.684,51619.2,52720.9,34.69,33552.48,101.380,0.07669,,,,
310,04/14/2026 02:17:07,24.05,8.21,6.73,24.00,101.666,51621.5,52726.6,34.69,33553.98,101.380,0.07494,,,,
311,04/14/2026 02:19:07,24.05,8.21,6.73,24.00,101.684,51586.9,52694.7,34.67,33531.50,101.380,0.07668,,,,
312,04/14/2026 02:21:07,24.05,8.21,6.73,24.00,101.666,51616.9,52725.3,34.69,33550.98,101.380,0.07493,,,,
313,04/14/2026 02:23:07,24.04,8.21,6.73,24.00,101.666,51621.5,52733.4,34.70,33553.98,101.380,0.07492,,,,
314,04/14/2026 02:25:07,24.05,8.21,6.73,23.99,101.701,51615.3,52730.5,34.70,33549.95,101.380,0.07841,,,,
315,04/14/2026 02:27:07,24.04,8.21,6.73,23.99,101.648,51600.9,52719.2,34.69,33540.59,101.380,0.07315,,,,
316,04/14/2026 02:29:07,24.03,8.21,6.73,23.99,101.648,51618.1,52736.7,34.70,33551.73,101.380,0.07315,,,,
317,04/14/2026 02:31:07,24.04,8.21,6.73,23.99,101.613,51635.5,52757.9,34.72,33563.07,101.380,0.06964,,,,
318,04/14/2026 02:33:07,24.03,8.21,6.73,23.98,101.630,51589.0,52713.8,34.68,33532.82,101.380,0.07138,,,,
319,04/14/2026 02:35:07,24.03,8.21,6.73,23.98,101.630,51614.2,52739.6,34.70,33549.20,101.380,0.07138,,,,
320,04/14/2026 02:37:07,24.03,8.22,6.74,23.98,101.666,51578.4,52706.4,34.68,33525.98,101.380,0.07487,,,,
321,04/14/2026 02:39:07,24.03,8.21,6.73,23.98,101.630,51599.8,52728.2,34.69,33539.84,101.380,0.07137,,,,
322,04/14/2026 02:41:07,24.03,8.22,6.74,23.98,101.648,51608.0,52740.0,34.70,33545.18,101.380,0.07311,,,,
323,04/14/2026 02:43:07,24.03,8.21,6.73,23.98,101.665,51581.6,52713.1,34.68,33528.04,101.380,0.07486,,,,
324,04/14/2026 02:45:07,24.03,8.22,6.73,23.97,101.613,51632.0,52768.1,34.72,33560.82,101.380,0.06960,,,,
325,04/14/2026 02:47:07,24.03,8.22,6.73,23.97,101.630,51602.9,52738.3,34.70,33541.90,101.380,0.07135,,,,
326,04/14/2026 02:49:07,24.03,8.22,6.74,23.97,101.683,51591.7,52730.2,34.70,33534.60,101.380,0.07659,,,,
327,04/14/2026 02:51:07,24.02,8.22,6.74,23.97,101.683,51625.0,52767.7,34.72,33556.24,101.380,0.07658,,,,
328,04/14/2026 02:53:07,24.02,8.21,6.73,23.97,101.700,51599.0,52741.2,34.70,33539.37,101.380,0.07833,,,,
329,04/14/2026 02:55:07,24.03,8.21,6.73,23.97,101.683,51627.7,52773.9,34.73,33558.02,101.380,0.07657,,,,
330,04/14/2026 02:57:07,24.02,8.21,6.73,23.97,101.683,51609.1,52754.9,34.71,33545.92,101.380,0.07657,,,,
331,04/14/2026 02:59:07,24.01,8.22,6.74,23.96,101.683,51607.5,52756.7,34.71,33544.90,101.380,0.07656,,,,
332,04/14/2026 03:01:07,24.02,8.21,6.73,23.96,101.718,51619.6,52772.5,34.73,33552.76,101.380,0.08005,,,,
333,04/14/2026 03:03:07,24.01,8.21,6.73,23.96,101.700,51644.4,52797.8,34.75,33568.89,101.380,0.07830,,,,
334,04/14/2026 03:05:07,24.01,8.21,6.73,23.96,101.665,51600.2,52756.0,34.71,33540.13,101.380,0.07479,,,,
335,04/14/2026 03:07:07,24.01,8.21,6.73,23.96,101.700,51622.4,52778.6,34.73,33554.54,101.380,0.07829,,,,
336,04/14/2026 03:09:07,24.01,8.21,6.73,23.95,101.735,51605.7,52765.0,34.72,33543.68,101.380,0.08178,,,,
337,04/14/2026 03:11:07,24.01,8.21,6.73,23.95,101.717,51600.9,52760.1,34.72,33540.59,101.380,0.08003,,,,
338,04/14/2026 03:13:07,24.01,8.21,6.73,23.96,101.770,51629.3,52785.7,34.74,33559.04,101.380,0.08529,,,,
339,04/14/2026 03:15:07,24.01,8.21,6.73,23.96,101.700,51611.9,52767.9,34.72,33547.70,101.380,0.07829,,,,
340,04/14/2026 03:17:07,24.00,8.21,6.73,23.96,101.735,51632.0,52788.5,34.74,33560.82,101.380,0.08179,,,,
341,04/14/2026 03:19:07,24.00,8.21,6.73,23.96,101.735,51616.5,52772.6,34.73,33550.70,101.380,0.08179,,,,
342,04/14/2026 03:21:07,24.00,8.21,6.73,23.96,101.718,51577.3,52732.6,34.70,33525.24,101.380,0.08004,,,,
343,04/14/2026 03:23:07,24.01,8.20,6.72,23.96,101.665,51619.6,52775.8,34.73,33552.76,101.380,0.07479,,,,
344,04/14/2026 03:25:07,24.00,8.21,6.73,23.96,101.753,51637.1,52793.7,34.74,33564.10,101.380,0.08354,,,,
345,04/14/2026 03:27:07,24.01,8.21,6.73,23.96,101.700,51598.3,52754.1,34.71,33538.91,101.380,0.07829,,,,
346,04/14/2026 03:29:07,24.01,8.21,6.73,23.96,101.718,51611.9,52767.9,34.72,33547.70,101.380,0.08004,,,,
347,04/14/2026 03:31:07,24.01,8.20,6.72,23.96,101.682,51620.8,52777.0,34.73,33553.51,101.380,0.07654,,,,
348,04/14/2026 03:33:07,24.01,8.21,6.73,23.96,101.665,51599.0,52754.8,34.71,33539.37,101.380,0.07479,,,,
349,04/14/2026 03:35:07,24.01,8.21,6.72,23.96,101.753,51648.3,52805.2,34.75,33571.42,101.380,0.08354,,,,
350,04/14/2026 03:37:07,24.01,8.20,6.72,23.96,101.735,51616.5,52772.6,34.73,33550.70,101.380,0.08179,,,,
351,04/14/2026 03:39:07,24.01,8.21,6.73,23.96,101.665,51638.2,52794.9,34.74,33564.85,101.380,0.07479,,,,
352,04/14/2026 03:41:07,24.01,8.21,6.73,23.96,101.700,51609.1,52765.1,34.72,33545.92,101.380,0.07829,,,,
353,04/14/2026 03:43:07,24.01,8.21,6.72,23.96,101.700,51644.9,52801.6,34.75,33569.16,101.380,0.07829,,,,
354,04/14/2026 03:45:07,24.01,8.21,6.73,23.96,101.700,51621.2,52777.5,34.73,33553.79,101.380,0.07829,,,,
355,04/14/2026 03:47:07,24.01,8.21,6.72,23.96,101.700,51663.9,52817.7,34.76,33581.54,101.380,0.07830,,,,
356,04/14/2026 03:49:07,24.01,8.20,6.72,23.96,101.683,51627.4,52780.4,34.73,33557.81,101.380,0.07655,,,,
357,04/14/2026 03:51:07,24.01,8.21,6.72,23.96,101.683,51640.2,52793.5,34.74,33566.14,101.380,0.07655,,,,
358,04/14/2026 03:53:07,24.01,8.21,6.73,23.96,101.665,51655.4,52809.0,34.75,33575.99,101.380,0.07480,,,,
359,04/14/2026 03:55:07,24.02,8.21,6.73,23.96,101.665,51647.6,52801.0,34.75,33570.93,101.380,0.07480,,,,
360,04/14/2026 03:57:07,24.01,8.21,6.73,23.96,101.683,51670.5,52821.1,34.76,33585.84,101.380,0.07656,,,,
361,04/14/2026 03:59:07,24.01,8.21,6.73,23.96,101.630,51670.1,52820.6,34.76,33585.57,101.380,0.07131,,,,
362,04/14/2026 04:01:07,24.01,8.21,6.73,23.97,101.665,51620.1,52766.0,34.72,33553.03,101.380,0.07482,,,,
363,04/14/2026 04:03:07,24.02,8.21,6.73,23.97,101.630,51637.5,52780.5,34.73,33564.37,101.380,0.07133,,,,
364,04/14/2026 04:05:07,24.02,8.22,6.74,23.97,101.648,51625.8,52768.6,34.72,33556.79,101.380,0.07308,,,,
365,04/14/2026 04:07:07,24.02,8.22,6.73,23.97,101.718,51660.0,52800.0,34.75,33579.01,101.380,0.08009,,,,
366,04/14/2026 04:09:07,24.02,8.22,6.73,23.97,101.665,51650.3,52786.8,34.74,33572.71,101.380,0.07485,,,,
367,04/14/2026 04:11:07,24.01,8.22,6.74,23.97,101.683,51689.6,52826.9,34.77,33598.22,101.380,0.07660,,,,
368,04/14/2026 04:13:07,24.02,8.22,6.73,23.98,101.665,51676.0,52809.6,34.75,33589.39,101.380,0.07486,,,,
369,04/14/2026 04:15:07,24.03,8.22,6.74,23.98,101.683,51669.4,52802.8,34.75,33585.08,101.380,0.07661,,,,
370,04/14/2026 04:17:07,24.03,8.22,6.74,23.98,101.701,51670.5,52804.0,34.75,33585.84,101.380,0.07836,,,,
371,04/14/2026 04:19:07,24.03,8.22,6.74,23.98,101.648,51659.3,52789.0,34.74,33578.52,101.380,0.07312,,,,
372,04/14/2026 04:21:07,24.03,8.22,6.74,23.98,101.648,51672.1,52802.2,34.75,33586.86,101.380,0.07312,,,,
373,04/14/2026 04:23:07,24.03,8.22,6.74,23.98,101.666,51655.4,52785.1,34.74,33575.99,101.380,0.07487,,,,
374,04/14/2026 04:25:07,24.03,8.22,6.74,23.98,101.666,51738.2,52869.7,34.80,33629.85,101.380,0.07487,,,,
375,04/14/2026 04:27:07,24.03,8.22,6.74,23.98,101.648,51686.1,52813.1,34.76,33595.96,101.380,0.07313,,,,
376,04/14/2026 04:29:07,24.03,8.23,6.74,23.98,101.648,51696.2,52823.4,34.77,33602.53,101.380,0.07313,,,,
377,04/14/2026 04:31:07,24.03,8.22,6.74,23.98,101.630,51674.4,52801.1,34.75,33588.37,101.380,0.07138,,,,
378,04/14/2026 04:33:07,24.03,8.22,6.74,23.98,101.683,51709.0,52836.5,34.78,33610.88,101.380,0.07663,,,,
379,04/14/2026 04:35:07,24.03,8.23,6.74,23.98,101.630,51722.7,52850.4,34.79,33619.72,101.380,0.07138,,,,
380,04/14/2026 04:37:07,24.03,8.23,6.74,23.98,101.648,51725.0,52852.8,34.79,33621.24,101.380,0.07313,,,,
381,04/14/2026 04:39:07,24.03,8.22,6.74,23.98,101.648,51693.5,52820.6,34.76,33600.75,101.380,0.07313,,,,
382,04/14/2026 04:41:07,24.03,8.22,6.74,23.98,101.666,51686.8,52813.8,34.76,33596.45,101.380,0.07488,,,,
383,04/14/2026 04:43:07,24.03,8.22,6.74,23.98,101.648,51700.8,52828.1,34.77,33605.55,101.380,0.07313,,,,
384,04/14/2026 04:45:07,24.03,8.22,6.73,23.98,101.648,51714.9,52842.5,34.78,33614.66,101.380,0.07313,,,,
385,04/14/2026 04:47:07,24.03,8.22,6.74,23.98,101.648,51690.7,52817.8,34.76,33598.98,101.380,0.07313,,,,
386,04/14/2026 04:49:07,24.03,8.22,6.74,23.98,101.718,51695.8,52823.0,34.77,33602.27,101.380,0.08013,,,,
387,04/14/2026 04:51:07,24.03,8.21,6.73,23.98,101.683,51723.1,52850.8,34.79,33619.98,101.380,0.07663,,,,
388,04/14/2026 04:53:07,24.03,8.22,6.73,23.98,101.736,51714.1,52841.7,34.78,33614.16,101.380,0.08188,,,,
389,04/14/2026 04:55:07,24.03,8.22,6.74,23.98,101.683,51715.3,52842.9,34.78,33614.92,101.380,0.07663,,,,
390,04/14/2026 04:57:07,24.03,8.21,6.73,23.98,101.718,51681.4,52808.3,34.75,33592.94,101.380,0.08013,,,,
391,04/14/2026 04:59:07,24.03,8.21,6.73,23.98,101.701,51692.3,52819.4,34.76,33600.00,101.380,0.07838,,,,
392,04/14/2026 05:01:07,24.03,8.21,6.73,23.98,101.718,51692.7,52819.8,34.76,33600.26,101.380,0.08013,,,,
393,04/14/2026 05:03:07,24.04,8.20,6.72,23.98,101.718,51697.4,52824.6,34.77,33603.29,101.380,0.08013,,,,
394,04/14/2026 05:05:07,24.03,8.21,6.73,23.98,101.736,51697.8,52825.0,34.77,33603.55,101.380,0.08188,,,,
395,04/14/2026 05:07:07,24.03,8.21,6.72,23.98,101.701,51702.0,52829.3,34.77,33606.31,101.380,0.07838,,,,
396,04/14/2026 05:09:07,24.03,8.21,6.73,23.98,101.701,51712.5,52840.1,34.78,33613.14,101.380,0.07838,,,,
397,04/14/2026 05:11:07,24.03,8.21,6.73,23.98,101.666,51681.0,52807.9,34.75,33592.68,101.380,0.07488,,,,
398,04/14/2026 05:13:07,24.03,8.21,6.73,23.98,101.701,51684.9,52811.9,34.76,33595.20,101.380,0.07838,,,,
399,04/14/2026 05:15:07,24.03,8.21,6.73,23.98,101.736,51698.9,52826.2,34.77,33604.30,101.380,0.08188,,,,
400,04/14/2026 05:17:07,24.03,8.21,6.73,23.98,101.718,51655.8,52782.1,34.73,33576.26,101.380,0.08013,,,,
401,04/14/2026 05:19:07,24.03,8.21,6.72,23.98,101.736,51711.8,52842.7,34.78,33612.64,101.380,0.08187,,,,
402,04/14/2026 05:21:07,24.03,8.21,6.73,23.98,101.718,51693.9,52824.4,34.77,33601.02,101.380,0.08012,,,,
403,04/14/2026 05:23:07,24.03,8.21,6.73,23.98,101.736,51721.9,52853.0,34.79,33619.22,101.380,0.08187,,,,
404,04/14/2026 05:25:07,24.03,8.21,6.73,23.98,101.718,51668.2,52801.6,34.75,33584.34,101.380,0.08011,,,,
405,04/14/2026 05:27:07,24.02,8.21,6.73,23.98,101.753,51697.4,52831.4,34.77,33603.29,101.380,0.08361,,,,
406,04/14/2026 05:29:07,24.03,8.21,6.73,23.97,101.753,51697.4,52834.8,34.77,33603.29,101.380,0.08360,,,,
407,04/14/2026 05:31:07,24.03,8.22,6.74,23.97,101.753,51705.1,52842.8,34.78,33608.34,101.380,0.08360,,,,
408,04/14/2026 05:33:07,24.03,8.22,6.74,23.97,101.771,51669.8,52810.0,34.75,33585.36,101.380,0.08534,,,,
409,04/14/2026 05:35:07,24.02,8.22,6.73,23.97,101.718,51698.9,52843.3,34.78,33604.30,101.380,0.08008,,,,
410,04/14/2026 05:37:07,24.02,8.22,6.74,23.97,101.788,51686.1,52830.2,34.77,33595.96,101.380,0.08708,,,,
411,04/14/2026 05:39:07,24.02,8.22,6.73,23.97,101.753,51681.4,52828.8,34.77,33592.94,101.380,0.08357,,,,
412,04/14/2026 05:41:07,24.01,8.22,6.73,23.96,101.753,51701.7,52852.9,34.79,33606.07,101.380,0.08356,,,,
413,04/14/2026 05:43:07,24.02,8.22,6.74,23.96,101.770,51695.0,52849.6,34.78,33601.77,101.380,0.08530,,,,
414,04/14/2026 05:45:07,24.01,8.22,6.74,23.96,101.753,51668.6,52825.9,34.77,33584.60,101.380,0.08354,,,,
415,04/14/2026 05:47:07,24.01,8.22,6.73,23.96,101.788,51684.9,52842.6,34.78,33595.20,101.380,0.08704,,,,
416,04/14/2026 05:49:07,24.01,8.22,6.73,23.95,101.788,51721.5,52883.4,34.81,33618.97,101.380,0.08703,,,,
417,04/14/2026 05:51:07,24.01,8.22,6.73,23.95,101.753,51664.7,52828.8,34.77,33582.07,101.380,0.08352,,,,
418,04/14/2026 05:53:07,24.01,8.22,6.74,23.95,101.770,51635.6,52802.4,34.75,33563.14,101.380,0.08526,,,,
419,04/14/2026 05:55:07,24.00,8.22,6.74,23.94,101.805,51682.2,52853.5,34.79,33593.43,101.380,0.08876,,,,
420,04/14/2026 05:57:07,24.00,8.21,6.73,23.94,101.770,51672.5,52847.0,34.78,33587.13,101.380,0.08525,,,,
421,04/14/2026 05:59:07,24.00,8.22,6.73,23.94,101.770,51643.4,52820.6,34.76,33568.20,101.380,0.08524,,,,
422,04/14/2026 06:01:07,23.99,8.22,6.74,23.94,101.787,51667.1,52844.8,34.78,33583.58,101.380,0.08699,,,,
423,04/14/2026 06:03:07,23.99,8.22,6.73,23.94,101.735,51669.8,52851.1,34.78,33585.36,101.380,0.08172,,,,
424,04/14/2026 06:05:07,23.99,8.22,6.74,23.93,101.770,51645.7,52829.8,34.77,33569.70,101.380,0.08522,,,,
425,04/14/2026 06:07:07,23.99,8.22,6.73,23.93,101.822,51639.1,52826.5,34.76,33565.40,101.380,0.09046,,,,
426,04/14/2026 06:09:07,23.98,8.22,6.74,23.93,101.822,51677.6,52869.3,34.80,33590.41,101.380,0.09045,,,,
427,04/14/2026 06:11:07,23.98,8.22,6.74,23.92,101.805,51631.7,52825.8,34.76,33560.61,101.380,0.08869,,,,
428,04/14/2026 06:13:07,23.98,8.22,6.74,23.92,101.804,51634.0,52831.6,34.77,33562.12,101.380,0.08868,,,,
429,04/14/2026 06:15:07,23.97,8.22,6.74,23.92,101.857,51635.6,52836.6,34.77,33563.14,101.380,0.09392,,,,
430,04/14/2026 06:17:07,23.97,8.23,6.74,23.91,101.822,51663.2,52868.2,34.79,33581.05,101.380,0.09041,,,,
431,04/14/2026 06:19:07,23.97,8.23,6.74,23.91,101.787,51640.7,52848.6,34.78,33566.43,101.380,0.08690,,,,
432,04/14/2026 06:21:07,23.96,8.23,6.74,23.91,101.769,51641.1,52852.5,34.78,33566.70,101.380,0.08514,,,,
433,04/14/2026 06:23:07,23.96,8.23,6.74,23.91,101.804,51646.9,52861.8,34.79,33570.46,101.380,0.08863,,,,
434,04/14/2026 06:25:07,23.96,8.23,6.74,23.90,101.769,51635.6,52853.7,34.78,33563.14,101.380,0.08512,,,,
435,04/14/2026 06:27:07,23.96,8.23,6.74,23.90,101.786,51661.3,52879.9,34.80,33579.81,101.380,0.08687,,,,
436,04/14/2026 06:29:07,23.95,8.23,6.74,23.90,101.821,51658.5,52880.6,34.80,33578.04,101.380,0.09036,,,,
437,04/14/2026 06:31:07,23.95,8.24,6.75,23.90,101.857,51631.7,52853.1,34.78,33560.61,101.380,0.09386,,,,
438,04/14/2026 06:33:07,23.95,8.24,6.75,23.90,101.839,51616.6,52837.7,34.77,33550.79,101.380,0.09211,,,,
439,04/14/2026 06:35:07,23.95,8.24,6.75,23.90,101.804,51640.7,52862.3,34.79,33566.43,101.380,0.08861,,,,
440,04/14/2026 06:37:07,23.96,8.25,6.75,23.90,101.821,51682.6,52901.8,34.82,33593.70,101.380,0.09037,,,,
441,04/14/2026 06:39:07,23.95,8.25,6.76,23.91,101.804,51643.4,52858.2,34.79,33568.20,101.380,0.08863,,,,
442,04/14/2026 06:41:07,23.96,8.26,6.76,23.91,101.857,51625.5,52836.5,34.77,33556.59,101.380,0.09389,,,,
443,04/14/2026 06:43:07,23.95,8.26,6.77,23.91,101.857,51647.3,52855.4,34.78,33570.73,101.380,0.09390,,,,
444,04/14/2026 06:45:07,23.96,8.26,6.77,23.91,101.857,51668.6,52873.8,34.80,33584.60,101.380,0.09391,,,,
445,04/14/2026 06:47:07,23.96,8.27,6.77,23.92,101.910,51668.6,52870.3,34.80,33584.60,101.380,0.09917,,,,
446,04/14/2026 06:49:07,23.97,8.27,6.78,23.92,101.840,51641.8,52839.5,34.77,33567.17,101.380,0.09218,,,,
447,04/14/2026 06:51:07,23.97,8.28,6.78,23.92,101.857,51644.5,52838.9,34.77,33568.95,101.380,0.09394,,,,
448,04/14/2026 06:53:07,23.97,8.29,6.79,23.93,101.857,51653.5,52844.6,34.78,33574.76,101.380,0.09395,,,,
449,04/14/2026 06:55:07,23.98,8.29,6.79,23.93,101.858,51642.2,52826.3,34.76,33567.45,101.380,0.09397,,,,
450,04/14/2026 06:57:07,23.98,8.30,6.80,23.94,101.840,51656.6,52834.2,34.77,33576.80,101.380,0.09224,,,,
451,04/14/2026 06:59:07,23.99,8.30,6.80,23.94,101.875,51667.5,52841.8,34.78,33583.85,101.380,0.09575,,,,
452,04/14/2026 07:01:07,23.99,8.31,6.81,23.95,101.876,51681.4,52845.9,34.78,33592.94,101.380,0.09578,,,,
453,04/14/2026 07:03:07,23.99,8.31,6.81,23.96,101.858,51714.5,52872.8,34.80,33614.43,101.380,0.09405,,,,
454,04/14/2026 07:05:07,24.01,8.32,6.82,23.97,101.894,51718.4,52866.6,34.80,33616.96,101.380,0.09758,,,,
455,04/14/2026 07:07:07,24.02,8.34,6.83,23.97,101.877,51721.1,52859.1,34.79,33618.73,101.380,0.09585,,,,
456,04/14/2026 07:09:07,24.03,8.35,6.84,23.98,101.859,51702.1,52829.4,34.77,33606.34,101.380,0.09413,,,,
457,04/14/2026 07:11:07,24.03,8.37,6.86,23.99,101.860,51725.4,52843.0,34.78,33621.50,101.380,0.09416,,,,
458,04/14/2026 07:13:07,24.04,8.37,6.86,24.00,101.877,51751.1,52855.6,34.79,33638.20,101.380,0.09595,,,,
459,04/14/2026 07:15:07,24.05,8.38,6.87,24.01,101.878,51756.9,52851.3,34.79,33642.01,101.380,0.09598,,,,
460,04/14/2026 07:17:07,24.07,8.38,6.87,24.03,101.896,51782.3,52863.5,34.80,33658.48,101.380,0.09777,,,,
461,04/14/2026 07:19:07,24.08,8.39,6.88,24.04,101.878,51786.6,52857.6,34.79,33661.26,101.380,0.09605,,,,
462,04/14/2026 07:21:07,24.08,8.40,6.88,24.05,101.896,51828.7,52887.0,34.82,33688.66,101.380,0.09783,,,,
463,04/14/2026 07:23:07,24.10,8.41,6.89,24.06,101.897,51797.1,52844.5,34.79,33668.10,101.380,0.09786,,,,
464,04/14/2026 07:25:07,24.11,8.42,6.90,24.07,101.880,51845.1,52879.9,34.81,33699.33,101.380,0.09615,,,,
465,04/14/2026 07:27:07,24.12,8.43,6.91,24.08,101.915,51882.3,52900.6,34.83,33723.46,101.380,0.09970,,,,
466,04/14/2026 07:29:07,24.13,8.45,6.93,24.10,101.880,51849.0,52849.7,34.79,33701.86,101.380,0.09625,,,,
467,04/14/2026 07:31:07,24.14,8.46,6.93,24.11,101.899,51867.3,52851.3,34.79,33713.77,101.380,0.09805,,,,
468,04/14/2026 07:33:07,24.15,8.47,6.94,24.13,101.917,51883.8,52851.1,34.79,33724.46,101.380,0.09985,,,,
469,04/14/2026 07:35:07,24.18,8.48,6.95,24.14,101.917,51914.0,52864.8,34.81,33744.09,101.380,0.09989,,,,
470,04/14/2026 07:37:07,24.20,8.49,6.96,24.16,101.918,51916.7,52843.7,34.79,33745.86,101.380,0.09996,,,,
471,04/14/2026 07:39:07,24.22,8.51,6.98,24.19,101.883,51934.7,52838.2,34.79,33757.56,101.380,0.09653,,,,
472,04/14/2026 07:41:07,24.23,8.52,6.98,24.20,101.919,51954.2,52837.6,34.79,33770.26,101.380,0.10009,,,,
473,04/14/2026 07:43:07,24.25,8.53,6.99,24.22,101.955,51975.8,52835.8,34.79,33784.29,101.380,0.10366,,,,
474,04/14/2026 07:45:07,24.27,8.55,7.01,24.25,101.956,52013.1,52849.9,34.80,33808.52,101.380,0.10372,,,,
475,04/14/2026 07:47:07,24.29,8.56,7.02,24.27,101.939,52023.0,52829.3,34.79,33814.96,101.380,0.10206,,,,
476,04/14/2026 07:49:07,24.32,8.58,7.03,24.30,101.922,52073.3,52853.2,34.81,33847.63,101.380,0.10039,,,,
477,04/14/2026 07:51:07,24.34,8.60,7.05,24.32,101.923,52093.8,52846.8,34.80,33860.95,101.380,0.10046,,,,
478,04/14/2026 07:53:07,24.37,8.62,7.06,24.35,101.959,52147.2,52867.0,34.82,33895.70,101.380,0.10406,,,,
479,04/14/2026 07:55:07,24.39,8.65,7.09,24.38,101.960,52188.6,52878.5,34.83,33922.61,101.380,0.10415,,,,
480,04/14/2026 07:57:07,24.43,8.66,7.09,24.41,101.943,52200.1,52852.8,34.81,33930.09,101.380,0.10251,,,,
481,04/14/2026 07:59:07,24.45,8.68,7.12,24.44,101.944,52237.7,52856.9,34.82,33954.49,101.380,0.10260,,,,
482,04/14/2026 08:01:07,24.49,8.69,7.13,24.47,101.963,52242.8,52828.2,34.80,33957.84,101.380,0.10445,,,,
483,04/14/2026 08:03:07,24.52,8.70,7.13,24.50,101.929,52308.7,52864.3,34.82,34000.64,101.380,0.10104,,,,
484,04/14/2026 08:05:07,24.54,8.71,7.14,24.53,101.947,52327.1,52852.4,34.82,34012.63,101.380,0.10287,,,,
485,04/14/2026 08:07:07,24.57,8.71,7.14,24.55,101.948,52295.9,52793.8,34.78,33992.33,101.380,0.10295,,,,
486,04/14/2026 08:09:07,24.59,8.72,7.15,24.57,101.931,52367.3,52842.2,34.81,34038.71,101.380,0.10127,,,,
487,04/14/2026 08:11:07,24.62,8.72,7.15,24.59,101.932,52429.3,52881.0,34.84,34079.02,101.380,0.10134,,,,
488,04/14/2026 08:13:07,24.64,8.72,7.15,24.61,101.915,52433.4,52864.9,34.83,34081.70,101.380,0.09965,,,,
489,04/14/2026 08:15:07,24.65,8.72,7.15,24.63,101.933,52411.2,52822.3,34.80,34067.27,101.380,0.10145,,,,
490,04/14/2026 08:17:07,24.68,8.72,7.15,24.65,101.916,52388.0,52775.2,34.77,34052.18,101.380,0.09977,,,,
491,04/14/2026 08:19:07,24.69,8.73,7.16,24.67,101.969,52467.2,52828.1,34.81,34103.69,101.380,0.10510,,,,
492,04/14/2026 08:21:07,24.72,8.75,7.17,24.70,101.935,52493.0,52823.6,34.81,34120.47,101.380,0.10169,,,,
493,04/14/2026 08:23:07,24.75,8.76,7.18,24.73,101.971,52485.5,52782.4,34.78,34115.57,101.380,0.10529,,,,
494,04/14/2026 08:25:07,24.78,8.77,7.20,24.76,101.955,52523.3,52786.7,34.78,34140.17,101.380,0.10364,,,,
495,04/14/2026 08:27:07,24.80,8.79,7.21,24.79,101.956,52550.6,52780.4,34.78,34157.91,101.380,0.10373,,,,
496,04/14/2026 08:29:07,24.83,8.80,7.22,24.83,101.957,52606.7,52799.7,34.79,34194.36,101.380,0.10384,,,,
497,04/14/2026 08:31:07,24.87,8.81,7.23,24.86,101.958,52660.3,52816.4,34.81,34229.16,101.380,0.10395,,,,
498,04/14/2026 08:33:07,24.90,8.83,7.24,24.89,101.976,52667.9,52790.4,34.79,34234.14,101.380,0.10580,,,,
499,04/14/2026 08:35:07,24.93,8.85,7.26,24.92,101.978,52717.9,52803.5,34.80,34266.61,101.380,0.10590,,,,
500,04/14/2026 08:37:07,24.96,8.86,7.27,24.96,101.943,52752.1,52800.9,34.80,34288.87,101.380,0.10251,,,,
501,04/14/2026 08:39:07,24.99,8.88,7.28,24.99,101.945,52790.3,52798.7,34.80,34313.66,101.380,0.10263,,,,
502,04/14/2026 08:41:07,25.03,8.89,7.30,25.03,101.928,52785.0,52749.9,34.77,34310.24,101.380,0.10100,,,,
503,04/14/2026 08:43:07,25.06,8.91,7.31,25.07,101.877,52871.8,52799.7,34.81,34366.65,101.380,0.09586,,,,
504,04/14/2026 08:45:07,25.10,8.93,7.33,25.10,101.895,52887.6,52771.9,34.79,34376.93,101.380,0.09774,,,,
505,04/14/2026 08:47:07,25.14,8.94,7.34,25.14,101.932,52954.9,52798.9,34.81,34420.70,101.380,0.10136,,,,
506,04/14/2026 08:49:07,25.17,8.96,7.36,25.18,101.933,52965.5,52769.2,34.79,34427.57,101.380,0.10148,,,,
507,04/14/2026 08:51:07,25.21,8.98,7.37,25.21,101.952,53031.7,52798.4,34.81,34470.62,101.380,0.10334,,,,
508,04/14/2026 08:53:07,25.25,8.98,7.37,25.25,101.953,53056.9,52783.3,34.80,34486.99,101.380,0.10346,,,,
509,04/14/2026 08:55:07,25.28,9.00,7.39,25.28,102.007,53075.5,52765.0,34.79,34499.06,101.380,0.10882,,,,
510,04/14/2026 08:57:07,25.32,9.01,7.39,25.32,102.008,53140.6,52789.6,34.81,34541.37,101.380,0.10894,,,,
511,04/14/2026 08:59:07,25.34,9.03,7.41,25.35,101.956,53128.6,52744.4,34.78,34533.59,101.380,0.10378,,,,
512,04/14/2026 09:01:07,25.38,9.05,7.43,25.38,101.957,53165.9,52748.0,34.78,34557.81,101.380,0.10388,,,,
513,04/14/2026 09:03:07,25.41,9.06,7.44,25.41,101.941,53195.1,52740.3,34.78,34576.84,101.380,0.10224,,,,
514,04/14/2026 09:05:07,25.44,9.07,7.45,25.44,102.012,53245.9,52753.9,34.79,34609.81,101.380,0.10935,,,,
515,04/14/2026 09:07:07,25.48,9.09,7.46,25.48,102.013,53272.5,52743.7,34.79,34627.15,101.380,0.10946,,,,
516,04/14/2026 09:09:07,25.51,9.10,7.47,25.51,101.997,53305.9,52740.2,34.78,34648.84,101.380,0.10782,,,,
517,04/14/2026 09:11:07,25.54,9.11,7.48,25.54,101.998,53351.5,52748.7,34.79,34678.46,101.380,0.10793,,,,
518,04/14/2026 09:13:07,25.58,9.12,7.49,25.57,101.928,53403.8,52767.1,34.81,34712.45,101.380,0.10102,,,,
519,04/14/2026 09:15:07,25.61,9.13,7.50,25.61,101.982,53417.1,52743.7,34.79,34721.14,101.380,0.10639,,,,
520,04/14/2026 09:17:07,25.64,9.14,7.50,25.64,101.983,53442.5,52735.6,34.79,34737.65,101.380,0.10649,,,,
521,04/14/2026 09:19:07,25.67,9.15,7.52,25.67,102.020,53430.5,52693.8,34.76,34729.84,101.380,0.11008,,,,
522,04/14/2026 09:21:07,25.70,9.14,7.51,25.69,101.985,53441.3,52677.9,34.75,34736.84,101.380,0.10666,,,,
523,04/14/2026 09:23:07,25.73,9.16,7.52,25.72,101.986,53530.1,52735.6,34.79,34794.55,101.380,0.10675,,,,
524,04/14/2026 09:25:07,25.75,9.16,7.52,25.74,101.987,53562.3,52740.8,34.80,34815.51,101.380,0.10683,,,,
525,04/14/2026 09:27:07,25.77,9.16,7.52,25.76,102.005,53556.9,52712.3,34.78,34812.00,101.380,0.10865,,,,
526,04/14/2026 09:29:07,25.81,9.17,7.53,25.79,101.971,53600.0,52724.9,34.79,34839.98,101.380,0.10524,,,,
527,04/14/2026 09:31:07,25.82,9.18,7.54,25.81,102.024,53625.8,52723.7,34.79,34856.77,101.380,0.11057,,,,
528,04/14/2026 09:33:07,25.85,9.20,7.56,25.85,101.973,53658.3,52722.5,34.79,34877.88,101.380,0.10541,,,,
529,04/14/2026 09:35:07,25.89,9.20,7.56,25.88,102.027,53715.3,52735.6,34.80,34914.96,101.380,0.11080,,,,
530,04/14/2026 09:37:07,25.91,9.22,7.58,25.93,101.975,53755.8,52725.6,34.79,34941.25,101.380,0.10570,,,,
531,04/14/2026 09:39:07,25.96,9.23,7.58,25.97,102.012,53778.5,52708.3,34.78,34956.04,101.380,0.10932,,,,
532,04/14/2026 09:41:07,26.00,9.22,7.58,25.99,101.960,53786.8,52690.0,34.77,34961.40,101.380,0.10414,,,,
533,04/14/2026 09:43:07,26.02,9.22,7.57,26.01,101.925,53852.1,52730.9,34.80,35003.89,101.380,0.10071,,,,
534,04/14/2026 09:45:07,26.05,9.22,7.57,26.03,101.996,53856.4,52712.0,34.79,35006.66,101.380,0.10779,,,,
535,04/14/2026 09:47:07,26.07,9.21,7.57,26.05,101.997,53841.0,52677.1,34.76,34996.66,101.380,0.10785,,,,
536,04/14/2026 09:49:07,26.09,9.21,7.56,26.07,101.962,53927.9,52742.3,34.81,35053.16,101.380,0.10441,,,,
537,04/14/2026 09:51:07,26.11,9.20,7.56,26.09,101.963,53897.5,52689.5,34.77,35033.36,101.380,0.10448,,,,
538,04/14/2026 09:53:07,26.13,9.22,7.58,26.12,101.999,53954.8,52715.8,34.80,35070.61,101.380,0.10807,,,,
539,04/14/2026 09:55:07,26.16,9.26,7.61,26.15,102.036,53963.1,52687.7,34.78,35076.03,101.380,0.11168,,,,
540,04/14/2026 09:57:07,26.20,9.29,7.64,26.20,102.002,54034.2,52710.9,34.80,35122.20,101.380,0.10832,,,,
541,04/14/2026 09:59:07,26.24,9.33,7.67,26.24,101.986,54080.7,52703.7,34.79,35152.46,101.380,0.10673,,,,
542,04/14/2026 10:01:07,26.28,9.36,7.69,26.31,101.988,54153.8,52702.4,34.79,35199.94,101.380,0.10695,,,,
543,04/14/2026 10:03:07,26.35,9.38,7.71,26.38,101.973,54252.8,52719.9,34.81,35264.35,101.380,0.10545,,,,
544,04/14/2026 10:05:07,26.42,9.40,7.73,26.45,102.556,54269.1,52663.5,34.77,35274.91,101.380,0.16346,,,,
545,04/14/2026 10:07:07,26.47,9.41,7.74,26.51,102.523,54360.0,52692.7,34.80,35333.99,101.380,0.16014,,,,
546,04/14/2026 10:09:07,26.54,9.41,7.74,26.55,102.559,54357.0,52643.9,34.76,35332.06,101.380,0.16378,,,,
547,04/14/2026 10:11:07,26.58,9.42,7.75,26.60,102.508,54481.5,52712.1,34.81,35413.00,101.380,0.15869,,,,
548,04/14/2026 10:13:07,26.63,9.41,7.74,26.64,102.492,54492.7,52683.6,34.79,35420.24,101.380,0.15706,,,,
549,04/14/2026 10:15:07,26.66,9.41,7.74,26.67,102.581,54523.6,52674.2,34.79,35440.32,101.380,0.16594,,,,
550,04/14/2026 10:17:07,26.70,9.41,7.74,26.71,102.547,54505.8,52617.8,34.75,35428.74,101.380,0.16256,,,,
551,04/14/2026 10:19:07,26.75,9.40,7.74,26.75,102.549,54582.0,52645.7,34.77,35478.31,101.380,0.16271,,,,
552,04/14/2026 10:21:07,26.79,9.40,7.73,26.79,102.515,54653.3,52668.7,34.79,35524.64,101.380,0.15935,,,,
553,04/14/2026 10:23:07,26.83,9.40,7.73,26.84,102.569,54673.2,52642.3,34.77,35537.61,101.380,0.16475,,,,
554,04/14/2026 10:25:07,26.87,9.39,7.73,26.87,102.553,54695.7,52624.8,34.76,35552.20,101.380,0.16312,,,,
555,04/14/2026 10:27:07,26.90,9.39,7.73,26.91,102.536,54722.7,52615.0,34.75,35569.78,101.380,0.16148,,,,
556,04/14/2026 10:29:07,26.94,9.39,7.72,26.94,102.555,54785.6,52636.4,34.77,35610.66,101.380,0.16335,,,,
557,04/14/2026 10:31:07,26.98,9.39,7.73,27.00,102.539,54839.4,52629.5,34.77,35645.63,101.380,0.16179,,,,
558,04/14/2026 10:33:07,27.03,9.40,7.74,27.06,102.559,54915.9,52637.8,34.78,35695.31,101.380,0.16375,,,,
559,04/14/2026 10:35:07,27.09,9.39,7.73,27.13,102.561,54973.1,52621.1,34.77,35732.48,101.380,0.16397,,,,
560,04/14/2026 10:37:07,27.15,9.41,7.74,27.20,102.546,55008.1,52583.2,34.74,35755.23,101.380,0.16245,,,,
561,04/14/2026 10:39:07,27.22,9.40,7.73,27.27,102.496,55142.3,52637.0,34.78,35842.52,101.380,0.15743,,,,
562,04/14/2026 10:41:07,27.27,9.39,7.73,27.31,102.568,55217.5,52660.1,34.80,35891.36,101.380,0.16460,,,,
563,04/14/2026 10:43:07,27.32,9.37,7.71,27.34,102.551,55201.3,52618.7,34.77,35880.83,101.380,0.16293,,,,
564,04/14/2026 10:45:07,27.36,9.36,7.70,27.36,102.534,55251.8,52644.2,34.79,35913.66,101.380,0.16125,,,,
565,04/14/2026 10:47:07,27.39,9.37,7.71,27.40,102.535,55331.3,52671.3,34.82,35965.34,101.380,0.16140,,,,
566,04/14/2026 10:49:07,27.45,9.37,7.71,27.47,102.520,55421.6,52686.0,34.83,36024.04,101.380,0.15988,,,,
567,04/14/2026 10:51:07,27.50,9.36,7.71,27.52,102.557,55351.9,52564.9,34.74,35978.76,101.380,0.16356,,,,
568,04/14/2026 10:53:07,27.54,9.36,7.71,27.56,102.488,55407.8,52582.4,34.76,36015.04,101.380,0.15667,,,,
569,04/14/2026 10:55:07,27.59,9.35,7.70,27.60,102.524,55446.4,52577.1,34.75,36040.16,101.380,0.16031,,,,
570,04/14/2026 10:57:07,27.62,9.35,7.70,27.63,102.614,55505.7,52601.1,34.77,36078.68,101.380,0.16917,,,,
571,04/14/2026 10:59:07,27.66,9.34,7.69,27.68,102.492,55568.4,52605.7,34.78,36119.48,101.380,0.15709,,,,
572,04/14/2026 11:01:07,27.71,9.36,7.71,27.75,102.582,55656.9,52618.6,34.79,36177.00,101.380,0.16608,,,,
573,04/14/2026 11:03:07,27.77,9.36,7.71,27.81,102.567,55670.2,52570.0,34.76,36185.61,101.380,0.16452,,,,
574,04/14/2026 11:05:07,27.83,9.35,7.71,27.86,102.551,55756.5,52593.6,34.78,36241.74,101.380,0.16296,,,,
575,04/14/2026 11:07:07,27.89,9.36,7.71,27.92,102.571,55837.2,52608.6,34.79,36294.21,101.380,0.16491,,,,
576,04/14/2026 11:09:07,27.94,9.36,7.71,27.99,102.591,55878.1,52579.7,34.77,36320.78,101.380,0.16689,,,,
577,04/14/2026 11:11:07,28.01,9.36,7.71,28.05,102.558,55966.7,52595.6,34.78,36378.34,101.380,0.16360,,,,
578,04/14/2026 11:13:07,28.06,9.36,7.71,28.11,102.542,56016.1,52577.9,34.77,36410.45,101.380,0.16207,,,,
579,04/14/2026 11:15:07,28.13,9.35,7.71,28.18,102.562,56086.4,52579.8,34.78,36456.18,101.380,0.16403,,,,
580,04/14/2026 11:17:07,28.19,9.35,7.71,28.23,102.564,56119.3,52549.8,34.76,36477.53,101.380,0.16423,,,,
581,04/14/2026 11:19:07,28.25,9.35,7.70,28.30,102.513,56216.9,52577.1,34.78,36540.96,101.380,0.15919,,,,
582,04/14/2026 11:21:07,28.31,9.35,7.70,28.36,102.515,56303.2,52590.6,34.79,36597.05,101.380,0.15941,,,,
583,04/14/2026 11:23:07,28.38,9.36,7.71,28.43,102.553,56347.8,52562.1,34.77,36626.09,101.380,0.16315,,,,
584,04/14/2026 11:25:07,28.44,9.34,7.70,28.49,102.573,56431.7,52573.3,34.78,36680.62,101.380,0.16512,,,,
585,04/14/2026 11:27:07,28.51,9.35,7.71,28.56,102.575,56460.4,52533.1,34.75,36699.28,101.380,0.16535,,,,
586,04/14/2026 11:29:07,28.58,9.35,7.71,28.63,102.577,56561.2,52556.7,34.77,36764.75,101.380,0.16558,,,,
587,04/14/2026 11:31:07,28.65,9.36,7.72,28.70,102.562,56611.0,52526.6,34.75,36797.15,101.380,0.16409,,,,
588,04/14/2026 11:33:07,28.72,9.37,7.73,28.78,102.548,56718.3,52546.6,34.77,36866.87,101.380,0.16261,,,,
589,04/14/2026 11:35:07,28.80,9.36,7.72,28.84,102.549,56753.8,52522.3,34.76,36889.97,101.380,0.16280,,,,
590,04/14/2026 11:37:07,28.85,9.34,7.70,28.86,102.550,56806.7,52549.1,34.78,36924.36,101.380,0.16287,,,,
591,04/14/2026 11:39:07,28.88,9.33,7.70,28.89,102.586,56774.2,52490.4,34.73,36903.21,101.380,0.16647,,,,
592,04/14/2026 11:41:07,28.92,9.33,7.70,28.92,102.535,56855.0,52533.4,34.77,36955.72,101.380,0.16133,,,,
593,04/14/2026 11:43:07,28.96,9.34,7.71,28.96,102.536,56840.5,52475.6,34.72,36946.30,101.380,0.16148,,,,
594,04/14/2026 11:45:07,29.00,9.35,7.71,29.01,102.503,56922.6,52497.6,34.74,36999.71,101.380,0.15816,,,,
595,04/14/2026 11:47:07,29.05,9.36,7.73,29.07,102.557,56981.3,52497.9,34.74,37037.88,101.380,0.16360,,,,
596,04/14/2026 11:49:07,29.11,9.36,7.73,29.13,102.595,57066.9,52513.3,34.76,37093.47,101.380,0.16732,,,,
597,04/14/2026 11:51:07,29.16,9.37,7.73,29.17,102.579,57117.4,52515.5,34.76,37126.30,101.380,0.16572,,,,
598,04/14/2026 11:53:07,29.20,9.35,7.72,29.21,102.545,57173.3,52525.8,34.77,37162.66,101.380,0.16235,,,,
599,04/14/2026 11:55:07,29.26,9.36,7.72,29.27,102.582,57272.9,52560.3,34.80,37227.38,101.380,0.16605,,,,
600,04/14/2026 11:57:07,29.31,9.37,7.74,29.34,102.549,57293.9,52513.3,34.76,37241.05,101.380,0.16278,,,,
601,04/14/2026 11:59:07,29.37,9.36,7.73,29.38,102.568,57292.6,52471.0,34.73,37240.18,101.380,0.16467,,,,
602,04/14/2026 12:01:07,29.41,9.36,7.72,29.41,102.569,57375.7,52512.4,34.77,37294.21,101.380,0.16479,,,,
603,04/14/2026 12:03:07,29.46,9.35,7.72,29.46,102.606,57385.6,52471.1,34.74,37300.66,101.380,0.16847,,,,
604,04/14/2026 12:05:07,29.51,9.35,7.72,29.51,102.520,57477.9,52501.8,34.76,37360.64,101.380,0.15990,,,,
605,04/14/2026 12:07:07,29.55,9.35,7.72,29.57,102.540,57553.3,52517.1,34.77,37409.68,101.380,0.16183,,,,
606,04/14/2026 12:09:07,29.60,9.36,7.73,29.62,102.577,57583.8,52491.4,34.76,37429.45,101.380,0.16552,,,,
607,04/14/2026 12:11:07,29.66,9.36,7.73,29.67,102.561,57654.2,52505.2,34.77,37475.23,101.380,0.16395,,,,
608,04/14/2026 12:13:07,29.71,9.35,7.72,29.72,102.598,57691.9,52489.2,34.76,37499.70,101.380,0.16763,,,,
609,04/14/2026 12:15:07,29.77,9.34,7.72,29.77,102.582,57743.4,52482.7,34.75,37533.23,101.380,0.16606,,,,
610,04/14/2026 12:17:07,29.82,9.34,7.71,29.82,102.549,57792.8,52477.2,34.75,37565.30,101.380,0.16274,,,,
611,04/14/2026 12:19:07,29.87,9.33,7.71,29.86,102.550,57807.6,52449.9,34.73,37574.93,101.380,0.16288,,,,
612,04/14/2026 12:21:07,29.91,9.34,7.71,29.91,102.552,57916.0,52507.4,34.78,37645.40,101.380,0.16302,,,,
613,04/14/2026 12:23:07,29.95,9.32,7.70,29.95,102.536,57925.0,52471.6,34.75,37651.25,101.380,0.16142,,,,
614,04/14/2026 12:25:07,29.99,9.32,7.70,29.98,102.572,57966.4,52474.7,34.75,37678.18,101.380,0.16505,,,,
615,04/14/2026 12:27:07,30.04,9.32,7.70,30.02,102.521,57985.6,52454.5,34.74,37690.64,101.380,0.15993,,,,
616,04/14/2026 12:29:07,30.07,9.31,7.69,30.05,102.575,58037.7,52470.3,34.75,37724.52,101.380,0.16529,,,,
617,04/14/2026 12:31:07,30.10,9.30,7.69,30.09,102.576,58054.2,52450.7,34.74,37735.24,101.380,0.16542,,,,
618,04/14/2026 12:33:07,30.15,9.31,7.70,30.16,102.578,58094.3,52418.1,34.72,37761.26,101.380,0.16566,,,,
619,04/14/2026 12:35:07,30.23,9.31,7.69,30.23,102.510,58161.8,52404.0,34.71,37805.20,101.380,0.15892,,,,
620,04/14/2026 12:37:07,30.28,9.28,7.67,30.26,102.547,58174.8,52387.6,34.70,37813.62,101.380,0.16252,,,,
621,04/14/2026 12:39:07,30.31,9.28,7.67,30.30,102.618,58257.1,52424.3,34.72,37867.14,101.380,0.16967,,,,
622,04/14/2026 12:41:07,30.34,9.26,7.66,30.32,102.584,58233.9,52378.4,34.69,37852.03,101.380,0.16625,,,,
623,04/14/2026 12:43:07,30.36,9.21,7.61,30.31,102.584,58294.4,52448.5,34.74,37891.39,101.380,0.16620,,,,
624,04/14/2026 12:45:07,30.35,9.18,7.59,30.28,102.582,58191.7,52387.2,34.70,37824.61,101.380,0.16608,,,,
625,04/14/2026 12:47:07,30.33,9.16,7.57,30.26,102.529,58227.6,52432.0,34.73,37847.92,101.380,0.16078,,,,
626,04/14/2026 12:49:07,30.32,9.13,7.55,30.24,102.581,58151.6,52385.4,34.69,37798.53,101.380,0.16596,,,,
627,04/14/2026 12:51:07,30.30,9.10,7.52,30.20,102.562,58107.5,52383.2,34.69,37769.90,101.380,0.16408,,,,
628,04/14/2026 12:53:07,30.27,9.08,7.50,30.17,102.526,58082.8,52398.3,34.70,37753.80,101.380,0.16044,,,,
629,04/14/2026 12:55:07,30.24,9.06,7.49,30.13,102.577,58027.1,52379.4,34.69,37717.64,101.380,0.16558,,,,
630,04/14/2026 12:57:07,30.20,9.05,7.48,30.11,102.524,58049.1,52424.2,34.72,37731.88,101.380,0.16024,,,,
631,04/14/2026 12:59:07,30.19,9.04,7.47,30.08,102.523,57998.9,52403.9,34.70,37699.28,101.380,0.16015,,,,
632,04/14/2026 13:01:07,30.14,9.04,7.47,30.05,102.522,57995.8,52432.4,34.72,37697.27,101.380,0.16004,,,,
633,04/14/2026 13:03:07,30.12,9.05,7.48,30.03,102.556,57972.7,52430.3,34.72,37682.25,101.380,0.16348,,,,
634,04/14/2026 13:05:07,30.11,9.06,7.49,30.04,102.521,57964.1,52416.2,34.71,37676.66,101.380,0.15999,,,,
635,04/14/2026 13:07:07,30.12,9.06,7.49,30.06,102.504,58076.1,52495.6,34.77,37749.48,101.380,0.15832,,,,
636,04/14/2026 13:09:07,30.13,9.09,7.51,30.10,102.506,58086.0,52466.9,34.75,37755.89,101.380,0.15845,,,,
637,04/14/2026 13:11:07,30.16,9.09,7.51,30.13,102.542,58086.4,52439.1,34.73,37756.13,101.380,0.16206,,,,
638,04/14/2026 13:13:07,30.19,9.10,7.52,30.16,102.543,58123.0,52440.9,34.73,37779.96,101.380,0.16217,,,,
639,04/14/2026 13:15:07,30.22,9.08,7.51,30.19,102.509,58157.2,52443.6,34.74,37802.16,101.380,0.15876,,,,
640,04/14/2026 13:17:07,30.23,9.06,7.49,30.18,102.526,58111.1,52408.3,34.71,37772.24,101.380,0.16049,,,,
641,04/14/2026 13:19:07,30.22,9.04,7.47,30.15,102.508,58069.5,52398.8,34.70,37745.16,101.380,0.15864,,,,
642,04/14/2026 13:21:07,30.23,9.04,7.47,30.15,102.508,58113.5,52441.6,34.73,37773.75,101.380,0.15863,,,,
643,04/14/2026 13:23:07,30.22,9.02,7.46,30.13,102.542,58040.4,52391.4,34.69,37726.28,101.380,0.16208,,,,
644,04/14/2026 13:25:07,30.19,9.01,7.45,30.11,102.471,58021.2,52402.2,34.70,37713.80,101.380,0.15497,,,,
645,04/14/2026 13:27:07,30.17,8.98,7.42,30.07,102.487,57941.8,52364.8,34.67,37662.17,101.380,0.15660,,,,
646,04/14/2026 13:29:07,30.13,8.96,7.40,30.03,102.521,57926.2,52391.3,34.69,37652.01,101.380,0.15996,,,,
647,04/14/2026 13:31:07,30.10,8.93,7.38,29.99,102.537,57898.8,52407.2,34.70,37634.22,101.380,0.16157,,,,
648,04/14/2026 13:33:07,30.05,8.91,7.37,29.95,102.448,57845.0,52399.1,34.70,37599.23,101.380,0.15266,,,,
649,04/14/2026 13:35:07,30.01,8.88,7.34,29.91,102.499,57796.6,52399.2,34.69,37567.81,101.380,0.15777,,,,
650,04/14/2026 13:37:07,29.98,8.86,7.33,29.86,102.497,57724.8,52377.9,34.68,37521.12,101.380,0.15761,,,,
651,04/14/2026 13:39:07,29.93,8.85,7.31,29.82,102.461,57726.7,52417.3,34.71,37522.37,101.380,0.15397,,,,
652,04/14/2026 13:41:07,29.89,8.84,7.31,29.79,102.424,57623.2,52357.7,34.66,37455.11,101.380,0.15035,,,,
653,04/14/2026 13:43:07,29.86,8.82,7.29,29.75,102.493,57615.1,52388.0,34.68,37449.84,101.380,0.15723,,,,
654,04/14/2026 13:45:07,29.82,8.81,7.28,29.72,102.457,57554.8,52367.6,34.67,37410.61,101.380,0.15360,,,,
655,04/14/2026 13:47:07,29.78,8.79,7.26,29.68,102.491,57514.4,52368.5,34.67,37384.38,101.380,0.15697,,,,
656,04/14/2026 13:49:07,29.74,8.76,7.24,29.64,102.507,57478.9,52380.0,34.67,37361.27,101.380,0.15857,,,,
657,04/14/2026 13:51:07,29.69,8.74,7.22,29.59,102.523,57471.7,52417.5,34.70,37356.63,101.380,0.16017,,,,
658,04/14/2026 13:53:07,29.65,8.73,7.21,29.55,102.504,57423.9,52414.7,34.70,37325.52,101.380,0.15828,,,,
659,04/14/2026 13:55:07,29.61,8.72,7.20,29.51,102.485,57352.0,52390.0,34.68,37278.82,101.380,0.15638,,,,
660,04/14/2026 13:57:07,29.57,8.72,7.20,29.48,102.501,57349.6,52422.4,34.70,37277.27,101.380,0.15801,,,,
661,04/14/2026 13:59:07,29.53,8.72,7.20,29.45,102.553,57297.4,52402.9,34.68,37243.30,101.380,0.16317,,,,
662,04/14/2026 14:01:07,29.51,8.73,7.21,29.43,102.482,57274.8,52404.3,34.68,37228.59,101.380,0.15609,,,,
663,04/14/2026 14:03:07,29.48,8.73,7.21,29.41,102.446,57295.0,52441.7,34.71,37241.74,101.380,0.15252,,,,
664,04/14/2026 14:05:07,29.46,8.74,7.22,29.39,102.498,57293.1,52455.8,34.72,37240.53,101.380,0.15772,,,,
665,04/14/2026 14:07:07,29.45,8.74,7.22,29.37,102.480,57218.1,52409.1,34.69,37191.77,101.380,0.15589,,,,
666,04/14/2026 14:09:07,29.43,8.73,7.21,29.35,102.497,57213.1,52423.4,34.70,37188.50,101.380,0.15758,,,,
667,04/14/2026 14:11:07,29.40,8.74,7.22,29.33,102.531,57207.5,52440.4,34.71,37184.89,101.380,0.16101,,,,
668,04/14/2026 14:13:07,29.39,8.74,7.21,29.31,102.460,57211.8,52466.3,34.73,37187.65,101.380,0.15392,,,,
669,04/14/2026 14:15:07,29.37,8.72,7.20,29.28,102.459,57113.1,52401.1,34.68,37123.53,101.380,0.15383,,,,
670,04/14/2026 14:17:07,29.34,8.70,7.19,29.25,102.493,57035.9,52364.9,34.65,37073.36,101.380,0.15722,,,,
671,04/14/2026 14:19:07,29.30,8.68,7.17,29.21,102.527,57062.6,52424.1,34.69,37090.71,101.380,0.16060,,,,
672,04/14/2026 14:21:07,29.27,8.67,7.16,29.18,102.491,57003.2,52401.0,34.68,37052.06,101.380,0.15699,,,,
673,04/14/2026 14:23:07,29.24,8.66,7.15,29.15,102.490,56980.8,52408.8,34.68,37037.49,101.380,0.15689,,,,
674,04/14/2026 14:25:07,29.21,8.65,7.14,29.13,102.471,56968.6,52426.1,34.69,37029.62,101.380,0.15504,,,,
675,04/14/2026 14:27:07,29.18,8.65,7.14,29.09,102.506,56918.4,52411.4,34.68,36996.96,101.380,0.15844,,,,
676,04/14/2026 14:29:07,29.15,8.64,7.13,29.07,102.434,56905.1,52421.3,34.69,36988.32,101.380,0.15136,,,,
677,04/14/2026 14:31:07,29.13,8.64,7.13,29.05,102.451,56871.3,52409.1,34.68,36966.32,101.380,0.15304,,,,
678,04/14/2026 14:33:07,29.11,8.65,7.14,29.04,102.433,56906.3,52457.2,34.71,36989.10,101.380,0.15124,,,,
679,04/14/2026 14:35:07,29.10,8.66,7.15,29.03,102.451,56887.0,52445.7,34.70,36976.52,101.380,0.15297,,,,
680,04/14/2026 14:37:07,29.09,8.68,7.16,29.03,102.433,56841.0,52406.5,34.67,36946.68,101.380,0.15120,,,,
681,04/14/2026 14:39:07,29.08,8.68,7.17,29.03,102.451,56849.5,52414.3,34.68,36952.17,101.380,0.15296,,,,
682,04/14/2026 14:41:07,29.07,8.69,7.18,29.02,102.450,56792.2,52374.1,34.65,36914.90,101.380,0.15291,,,,
683,04/14/2026 14:43:07,29.06,8.69,7.18,29.00,102.450,56803.0,52396.8,34.67,36921.97,101.380,0.15287,,,,
684,04/14/2026 14:45:07,29.06,8.69,7.17,28.99,102.414,56757.9,52370.9,34.65,36892.64,101.380,0.14931,,,,
685,04/14/2026 14:47:07,29.04,8.69,7.17,28.97,102.396,56723.6,52358.2,34.64,36870.36,101.380,0.14750,,,,
686,04/14/2026 14:49:07,29.03,8.69,7.18,28.95,102.448,56717.0,52367.9,34.64,36866.04,101.380,0.15270,,,,
687,04/14/2026 14:51:07,29.01,8.69,7.17,28.94,102.465,56744.1,52405.6,34.67,36883.66,101.380,0.15441,,,,
688,04/14/2026 14:53:07,28.99,8.69,7.17,28.92,102.464,56702.0,52385.7,34.66,36856.32,101.380,0.15434,,,,
689,04/14/2026 14:55:07,28.98,8.68,7.17,28.91,102.464,56695.4,52395.4,34.66,36852.00,101.380,0.15429,,,,
690,04/14/2026 14:57:07,28.97,8.68,7.17,28.89,102.428,56662.3,52380.6,34.65,36830.49,101.380,0.15073,,,,
691,04/14/2026 14:59:07,28.95,8.69,7.17,28.87,102.427,56608.3,52349.8,34.63,36795.42,101.380,0.15066,,,,
692,04/14/2026 15:01:07,28.92,8.69,7.17,28.86,102.462,56639.0,52397.1,34.66,36815.32,101.380,0.15410,,,,
693,04/14/2026 15:03:07,28.91,8.70,7.18,28.84,102.461,56566.0,52348.6,34.63,36767.93,101.380,0.15404,,,,
694,04/14/2026 15:05:07,28.90,8.69,7.18,28.82,102.443,56524.6,52329.2,34.61,36741.02,101.380,0.15222,,,,
695,04/14/2026 15:07:07,28.87,8.69,7.17,28.80,102.442,56551.0,52375.8,34.64,36758.13,101.380,0.15215,,,,
696,04/14/2026 15:09:07,28.85,8.70,7.18,28.77,102.424,56516.2,52365.7,34.64,36735.55,101.380,0.15032,,,,
697,04/14/2026 15:11:07,28.83,8.70,7.18,28.75,102.406,56483.6,52357.7,34.63,36714.32,101.380,0.14849,,,,
698,04/14/2026 15:13:07,28.81,8.69,7.18,28.73,102.423,56478.3,52371.8,34.64,36710.89,101.380,0.15018,,,,
699,04/14/2026 15:15:07,28.79,8.69,7.17,28.71,102.439,56437.7,52359.5,34.63,36684.48,101.380,0.15185,,,,
700,04/14/2026 15:17:07,28.76,8.68,7.16,28.68,102.456,56447.1,52393.6,34.65,36690.64,101.380,0.15351,,,,
701,04/14/2026 15:19:07,28.74,8.67,7.16,28.66,102.420,56364.2,52338.8,34.61,36636.73,101.380,0.14993,,,,
702,04/14/2026 15:21:07,28.71,8.67,7.15,28.63,102.490,56327.6,52336.5,34.61,36612.93,101.380,0.15683,,,,
703,04/14/2026 15:23:07,28.69,8.65,7.14,28.61,102.453,56314.0,52349.2,34.62,36604.09,101.380,0.15325,,,,
704,04/14/2026 15:25:07,28.66,8.64,7.13,28.58,102.453,56254.0,52318.8,34.60,36565.13,101.380,0.15316,,,,
705,04/14/2026 15:27:07,28.64,8.61,7.11,28.55,102.399,56238.0,52335.7,34.61,36554.72,101.380,0.14780,,,,
706,04/14/2026 15:29:07,28.60,8.59,7.09,28.51,102.432,56170.6,52314.2,34.59,36510.89,101.380,0.15116,,,,
707,04/14/2026 15:31:07,28.56,8.57,7.07,28.48,102.431,56171.4,52349.8,34.61,36511.38,101.380,0.15104,,,,
708,04/14/2026 15:33:07,28.52,8.55,7.06,28.44,102.413,56062.9,52283.6,34.56,36440.90,101.380,0.14918,,,,
709,04/14/2026 15:35:07,28.50,8.54,7.05,28.41,102.464,56125.2,52373.5,34.63,36481.36,101.380,0.15433,,,,
710,04/14/2026 15:37:07,28.48,8.53,7.04,28.38,102.428,56055.5,52337.1,34.60,36436.07,101.380,0.15073,,,,
711,04/14/2026 15:39:07,28.44,8.52,7.04,28.36,102.445,55938.2,52256.1,34.54,36359.83,101.380,0.15238,,,,
712,04/14/2026 15:41:07,28.41,8.53,7.04,28.33,102.444,55915.6,52263.6,34.55,36345.14,101.380,0.15229,,,,
713,04/14/2026 15:43:07,28.38,8.52,7.03,28.30,102.443,55941.6,52316.5,34.58,36362.02,101.380,0.15219,,,,
714,04/14/2026 15:45:07,28.36,8.53,7.04,28.28,102.442,55983.4,52371.5,34.62,36389.19,101.380,0.15214,,,,
715,04/14/2026 15:47:07,28.33,8.55,7.05,28.27,102.442,55908.1,52317.0,34.58,36340.30,101.380,0.15208,,,,
716,04/14/2026 15:49:07,28.32,8.55,7.05,28.25,102.424,55891.4,52317.3,34.58,36329.42,101.380,0.15028,,,,
717,04/14/2026 15:51:07,28.29,8.55,7.05,28.23,102.405,55883.9,52332.5,34.59,36324.53,101.380,0.14845,,,,
718,04/14/2026 15:53:07,28.29,8.54,7.05,28.21,102.457,55853.1,52326.0,34.59,36304.50,101.380,0.15363,,,,
719,04/14/2026 15:55:07,28.26,8.53,7.04,28.19,102.439,55785.6,52288.2,34.56,36260.65,101.380,0.15180,,,,
720,04/14/2026 15:57:07,28.23,8.52,7.03,28.16,102.420,55798.1,52328.6,34.59,36268.77,101.380,0.14995,,,,
721,04/14/2026 15:59:07,28.21,8.52,7.03,28.13,102.384,55728.3,52288.6,34.56,36223.38,101.380,0.14636,,,,
722,04/14/2026 16:01:07,28.19,8.50,7.01,28.10,102.418,55696.7,52290.9,34.56,36202.88,101.380,0.14976,,,,
723,04/14/2026 16:03:07,28.15,8.49,7.00,28.07,102.382,55702.5,52325.0,34.58,36206.65,101.380,0.14616,,,,
724,04/14/2026 16:05:07,28.12,8.48,6.99,28.04,102.416,55657.8,52318.1,34.58,36177.59,101.380,0.14955,,,,
725,04/14/2026 16:07:07,28.09,8.47,6.99,28.01,102.433,55567.7,52268.4,34.54,36118.98,101.380,0.15119,,,,
726,04/14/2026 16:09:07,28.06,8.46,6.98,27.97,102.414,55619.7,52349.3,34.60,36152.82,101.380,0.14933,,,,
727,04/14/2026 16:11:07,28.03,8.44,6.96,27.94,102.430,55568.5,52336.2,34.59,36119.54,101.380,0.15096,,,,
728,04/14/2026 16:13:07,27.99,8.44,6.96,27.91,102.429,55561.9,52362.0,34.60,36115.23,101.380,0.15086,,,,
729,04/14/2026 16:15:07,27.96,8.44,6.96,27.88,102.428,55469.4,52306.8,34.56,36055.14,101.380,0.15075,,,,
730,04/14/2026 16:17:07,27.94,8.43,6.95,27.85,102.463,55443.9,52308.3,34.56,36038.54,101.380,0.15417,,,,
731,04/14/2026 16:19:07,27.90,8.43,6.95,27.83,102.427,55476.1,52367.5,34.61,36059.46,101.380,0.15058,,,,
732,04/14/2026 16:21:07,27.89,8.42,6.94,27.80,102.355,55404.5,52325.5,34.57,36012.95,101.380,0.14349,,,,
733,04/14/2026 16:23:07,27.86,8.42,6.94,27.77,102.442,55383.2,52334.1,34.58,35999.05,101.380,0.15215,,,,
734,04/14/2026 16:25:07,27.83,8.41,6.94,27.75,102.406,55323.3,52306.3,34.56,35960.12,101.380,0.14855,,,,
735,04/14/2026 16:27:07,27.80,8.41,6.93,27.72,102.458,55311.8,52321.1,34.57,35952.68,101.380,0.15372,,,,
736,04/14/2026 16:29:07,27.77,8.41,6.94,27.70,102.405,55296.9,52332.6,34.57,35942.98,101.380,0.14838,,,,
737,04/14/2026 16:31:07,27.76,8.41,6.94,27.68,102.386,55265.3,52325.2,34.57,35922.47,101.380,0.14656,,,,
738,04/14/2026 16:33:07,27.73,8.42,6.94,27.66,102.438,55258.0,52337.5,34.58,35917.71,101.380,0.15175,,,,
739,04/14/2026 16:35:07,27.71,8.41,6.93,27.63,102.385,55236.5,52342.8,34.58,35903.71,101.380,0.14641,,,,
740,04/14/2026 16:37:07,27.69,8.41,6.94,27.61,102.437,55181.0,52312.6,34.56,35867.64,101.380,0.15159,,,,
741,04/14/2026 16:39:07,27.66,8.41,6.93,27.58,102.453,55187.6,52347.8,34.58,35871.95,101.380,0.15325,,,,
742,04/14/2026 16:41:07,27.65,8.40,6.92,27.56,102.453,55158.2,52342.3,34.58,35852.82,101.380,0.15318,,,,
743,04/14/2026 16:43:07,27.62,8.40,6.93,27.54,102.434,55140.1,52350.9,34.58,35841.08,101.380,0.15134,,,,
744,04/14/2026 16:45:07,27.59,8.40,6.93,27.52,102.451,55076.6,52309.8,34.55,35799.77,101.380,0.15303,,,,
745,04/14/2026 16:47:07,27.57,8.40,6.93,27.50,102.415,55039.3,52296.9,34.54,35775.57,101.380,0.14946,,,,
746,04/14/2026 16:49:07,27.55,8.39,6.92,27.48,102.432,55036.8,52317.0,34.55,35773.93,101.380,0.15113,,,,
747,04/14/2026 16:51:07,27.53,8.39,6.92,27.45,102.467,55015.1,52318.8,34.56,35759.80,101.380,0.15457,,,,
748,04/14/2026 16:53:07,27.51,8.38,6.91,27.43,102.396,55014.1,52340.4,34.57,35759.17,101.380,0.14749,,,,
749,04/14/2026 16:55:07,27.49,8.38,6.91,27.41,102.483,54980.1,52327.3,34.56,35737.06,101.380,0.15618,,,,
750,04/14/2026 16:57:07,27.47,8.37,6.90,27.39,102.464,54995.5,52367.8,34.59,35747.10,101.380,0.15435,,,,
751,04/14/2026 16:59:07,27.45,8.36,6.89,27.37,102.464,54906.0,52305.0,34.54,35688.89,101.380,0.15427,,,,
752,04/14/2026 17:01:07,27.42,8.36,6.89,27.34,102.481,54887.6,52313.3,34.55,35676.95,101.380,0.15594,,,,
753,04/14/2026 17:03:07,27.39,8.34,6.88,27.32,102.480,54844.5,52297.9,34.53,35648.90,101.380,0.15586,,,,
754,04/14/2026 17:05:07,27.37,8.34,6.87,27.30,102.461,54775.9,52255.0,34.50,35604.32,101.380,0.15403,,,,
755,04/14/2026 17:07:07,27.35,8.33,6.87,27.28,102.478,54873.2,52367.2,34.58,35667.59,101.380,0.15572,,,,
756,04/14/2026 17:09:07,27.34,8.34,6.88,27.26,102.478,54822.5,52334.8,34.56,35634.60,101.380,0.15567,,,,
757,04/14/2026 17:11:07,27.32,8.35,6.89,27.25,102.495,54753.4,52281.8,34.52,35589.71,101.380,0.15738,,,,
758,04/14/2026 17:13:07,27.30,8.36,6.89,27.24,102.442,54774.9,52312.0,34.54,35603.66,101.380,0.15210,,,,
759,04/14/2026 17:15:07,27.29,8.37,6.90,27.23,102.406,54763.6,52314.1,34.54,35596.35,101.380,0.14855,,,,
760,04/14/2026 17:17:07,27.28,8.36,6.89,27.22,102.511,54711.5,52277.2,34.52,35562.49,101.380,0.15902,,,,
761,04/14/2026 17:19:07,27.27,8.37,6.89,27.21,102.458,54765.2,52341.4,34.56,35597.35,101.380,0.15372,,,,
762,04/14/2026 17:21:07,27.25,8.36,6.89,27.19,102.423,54774.9,52366.8,34.58,35603.66,101.380,0.15017,,,,
763,04/14/2026 17:23:07,27.24,8.36,6.89,27.17,102.492,54651.4,52268.1,34.51,35523.40,101.380,0.15711,,,,
764,04/14/2026 17:25:07,27.22,8.35,6.88,27.15,102.492,54707.4,52341.1,34.56,35559.84,101.380,0.15705,,,,
765,04/14/2026 17:27:07,27.20,8.34,6.87,27.13,102.491,54685.0,52342.2,34.56,35545.26,101.380,0.15698,,,,
766,04/14/2026 17:29:07,27.18,8.33,6.86,27.11,102.437,54671.2,52351.6,34.57,35536.30,101.380,0.15165,,,,
767,04/14/2026 17:31:07,27.16,8.32,6.86,27.09,102.472,54588.3,52294.8,34.52,35482.42,101.380,0.15508,,,,
768,04/14/2026 17:33:07,27.14,8.31,6.85,27.07,102.436,54636.1,52363.2,34.57,35513.47,101.380,0.15151,,,,
769,04/14/2026 17:35:07,27.11,8.31,6.85,27.05,102.453,54586.2,52338.0,34.55,35481.05,101.380,0.15319,,,,
770,04/14/2026 17:37:07,27.10,8.30,6.84,27.03,102.452,54537.5,52310.6,34.53,35449.37,101.380,0.15312,,,,
771,04/14/2026 17:39:07,27.08,8.30,6.83,27.01,102.504,54562.4,52353.9,34.56,35465.55,101.380,0.15832,,,,
772,04/14/2026 17:41:07,27.06,8.29,6.83,26.99,102.469,54544.1,52352.6,34.56,35453.68,101.380,0.15476,,,,
773,04/14/2026 17:43:07,27.04,8.29,6.83,26.98,102.521,54528.9,52354.1,34.56,35443.79,101.380,0.15997,,,,
774,04/14/2026 17:45:07,27.03,8.28,6.82,26.96,102.485,54458.4,52305.8,34.53,35397.96,101.380,0.15640,,,,
775,04/14/2026 17:47:07,27.01,8.27,6.81,26.94,102.484,54501.0,52369.4,34.57,35425.67,101.380,0.15633,,,,
776,04/14/2026 17:49:07,26.99,8.27,6.81,26.92,102.449,54456.5,52346.1,34.55,35396.72,101.380,0.15276,,,,
777,04/14/2026 17:51:07,26.97,8.27,6.81,26.90,102.483,54428.7,52338.8,34.55,35378.66,101.380,0.15620,,,,
778,04/14/2026 17:53:07,26.95,8.25,6.80,26.88,102.482,54405.4,52339.0,34.55,35363.51,101.380,0.15613,,,,
779,04/14/2026 17:55:07,26.93,8.25,6.80,26.86,102.464,54367.6,52322.1,34.53,35338.97,101.380,0.15432,,,,
780,04/14/2026 17:57:07,26.91,8.24,6.79,26.84,102.516,54351.4,52325.9,34.54,35328.41,101.380,0.15951,,,,
781,04/14/2026 17:59:07,26.89,8.23,6.78,26.82,102.463,54364.0,52360.7,34.56,35336.59,101.380,0.15419,,,,
782,04/14/2026 18:01:07,26.88,8.23,6.78,26.80,102.480,54323.3,52341.1,34.55,35310.17,101.380,0.15588,,,,
783,04/14/2026 18:03:07,26.86,8.22,6.77,26.78,102.462,54280.9,52322.9,34.53,35282.61,101.380,0.15405,,,,
784,04/14/2026 18:05:07,26.83,8.22,6.77,26.76,102.461,54265.5,52330.7,34.54,35272.55,101.380,0.15398,,,,
785,04/14/2026 18:07:07,26.81,8.21,6.76,26.74,102.443,54243.4,52332.1,34.54,35258.20,101.380,0.15216,,,,
786,04/14/2026 18:09:07,26.79,8.20,6.75,26.72,102.477,54248.9,52360.1,34.56,35261.78,101.380,0.15559,,,,
787,04/14/2026 18:11:07,26.77,8.20,6.75,26.69,102.459,54190.0,52329.3,34.53,35223.52,101.380,0.15376,,,,
788,04/14/2026 18:13:07,26.75,8.19,6.74,26.67,102.475,54161.0,52324.0,34.53,35204.68,101.380,0.15544,,,,
789,04/14/2026 18:15:07,26.72,8.18,6.74,26.65,102.475,54166.5,52352.1,34.55,35208.25,101.380,0.15536,,,,
790,04/14/2026 18:17:07,26.70,8.17,6.73,26.63,102.456,54117.4,52327.3,34.53,35176.28,101.380,0.15354,,,,
791,04/14/2026 18:19:07,26.69,8.16,6.72,26.61,102.456,54099.4,52329.4,34.53,35164.62,101.380,0.15348,,,,
792,04/14/2026 18:21:07,26.66,8.16,6.72,26.59,102.473,54111.5,52363.9,34.55,35172.50,101.380,0.15516,,,,
793,04/14/2026 18:23:07,26.65,8.15,6.71,26.57,102.490,54065.0,52341.6,34.54,35142.28,101.380,0.15684,,,,
794,04/14/2026 18:25:07,26.62,8.15,6.71,26.55,102.454,54066.5,52365.8,34.55,35143.21,101.380,0.15327,,,,
795,04/14/2026 18:27:07,26.60,8.13,6.70,26.52,102.506,53977.7,52305.8,34.51,35085.49,101.380,0.15844,,,,
796,04/14/2026 18:29:07,26.58,8.13,6.69,26.50,102.505,54014.3,52364.1,34.55,35109.27,101.380,0.15837,,,,
797,04/14/2026 18:31:07,26.55,8.12,6.68,26.48,102.487,54005.0,52377.9,34.56,35103.28,101.380,0.15655,,,,
798,04/14/2026 18:33:07,26.53,8.11,6.68,26.46,102.468,53951.8,52349.1,34.54,35068.65,101.380,0.15472,,,,
799,04/14/2026 18:35:07,26.51,8.10,6.67,26.44,102.485,53947.5,52367.7,34.55,35065.86,101.380,0.15640,,,,
800,04/14/2026 18:37:07,26.49,8.09,6.66,26.42,102.467,53929.9,52373.5,34.55,35054.45,101.380,0.15458,,,,
801,04/14/2026 18:39:07,26.47,8.09,6.66,26.39,102.501,53906.7,52373.7,34.55,35039.33,101.380,0.15801,,,,
802,04/14/2026 18:41:07,26.44,8.09,6.66,26.37,102.483,53847.0,52341.8,34.53,35000.53,101.380,0.15618,,,,
803,04/14/2026 18:43:07,26.42,8.08,6.65,26.35,102.482,53875.6,52392.5,34.57,35019.15,101.380,0.15611,,,,
804,04/14/2026 18:45:07,26.40,8.07,6.64,26.33,102.517,53818.3,52359.7,34.54,34981.92,101.380,0.15954,,,,
805,04/14/2026 18:47:07,26.38,8.06,6.63,26.31,102.481,53821.2,52385.3,34.56,34983.76,101.380,0.15597,,,,
806,04/14/2026 18:49:07,26.35,8.05,6.63,26.28,102.462,53776.3,52364.5,34.54,34954.58,101.380,0.15414,,,,
807,04/14/2026 18:51:07,26.33,8.05,6.62,26.26,102.479,53788.3,52399.1,34.57,34962.42,101.380,0.15582,,,,
808,04/14/2026 18:53:07,26.31,8.04,6.62,26.24,102.496,53766.8,52401.0,34.57,34948.43,101.380,0.15750,,,,
809,04/14/2026 18:55:07,26.28,8.04,6.62,26.22,102.478,53757.2,52414.5,34.58,34942.16,101.380,0.15568,,,,
810,04/14/2026 18:57:07,26.27,8.03,6.61,26.20,102.513,53723.4,52401.3,34.57,34920.23,101.380,0.15912,,,,
811,04/14/2026 18:59:07,26.25,8.03,6.61,26.18,102.512,53681.5,52383.2,34.55,34892.97,101.380,0.15905,,,,
812,04/14/2026 19:01:07,26.23,8.02,6.60,26.16,102.476,53682.7,52407.4,34.57,34893.77,101.380,0.15548,,,,
813,04/14/2026 19:03:07,26.21,8.02,6.60,26.14,102.528,53661.4,52409.5,34.57,34879.93,101.380,0.16066,,,,
814,04/14/2026 19:05:07,26.19,8.01,6.59,26.12,102.598,53658.5,52426.3,34.58,34878.00,101.380,0.16761,,,,
815,04/14/2026 19:07:07,26.17,8.00,6.59,26.10,102.509,53627.6,52419.1,34.57,34857.94,101.380,0.15878,,,,
816,04/14/2026 19:09:07,26.15,8.00,6.58,26.08,102.491,53628.8,52443.2,34.59,34858.74,101.380,0.15696,,,,
817,04/14/2026 19:11:07,26.13,8.00,6.58,26.06,102.525,53613.9,52448.3,34.59,34849.01,101.380,0.16040,,,,
818,04/14/2026 19:13:07,26.11,7.99,6.57,26.04,102.525,53607.2,52461.5,34.60,34844.70,101.380,0.16034,,,,
819,04/14/2026 19:15:07,26.09,8.00,6.58,26.02,102.471,53529.0,52404.6,34.56,34793.86,101.380,0.15503,,,,
820,04/14/2026 19:17:07,26.07,7.99,6.57,26.00,102.435,53556.1,52454.1,34.60,34811.45,101.380,0.15145,,,,
821,04/14/2026 19:19:07,26.05,7.99,6.57,25.98,102.523,53523.9,52442.3,34.59,34790.53,101.380,0.16015,,,,
822,04/14/2026 19:21:07,26.03,7.99,6.57,25.96,102.487,53526.5,52464.6,34.60,34792.24,101.380,0.15659,,,,
823,04/14/2026 19:23:07,26.02,7.98,6.57,25.95,102.486,53526.5,52484.3,34.62,34792.24,101.380,0.15653,,,,
824,04/14/2026 19:25:07,26.00,7.99,6.57,25.93,102.503,53487.5,52465.8,34.60,34766.87,101.380,0.15822,,,,
825,04/14/2026 19:27:07,25.98,7.98,6.56,25.91,102.520,53468.9,52467.2,34.60,34754.76,101.380,0.15991,,,,
826,04/14/2026 19:29:07,25.97,7.98,6.56,25.89,102.537,53424.5,52443.5,34.58,34725.95,101.380,0.16160,,,,
827,04/14/2026 19:31:07,25.94,7.98,6.56,25.88,102.554,53441.9,52477.0,34.61,34737.24,101.380,0.16330,,,,
828,04/14/2026 19:33:07,25.92,7.98,6.56,25.86,102.554,53396.4,52452.1,34.59,34707.64,101.380,0.16324,,,,
829,04/14/2026 19:35:07,25.91,7.98,6.56,25.84,102.536,53396.4,52468.5,34.60,34707.64,101.380,0.16144,,,,
830,04/14/2026 19:37:07,25.89,7.97,6.56,25.83,102.500,53379.0,52467.8,34.60,34696.32,101.380,0.15788,,,,
831,04/14/2026 19:39:07,25.88,7.97,6.56,25.81,102.517,53396.4,52498.2,34.62,34707.64,101.380,0.15960,,,,
832,04/14/2026 19:41:07,25.86,7.98,6.56,25.80,102.570,53353.6,52472.6,34.60,34679.81,101.380,0.16480,,,,
833,04/14/2026 19:43:07,25.85,7.97,6.56,25.78,102.499,53352.2,52487.7,34.61,34678.92,101.380,0.15774,,,,
834,04/14/2026 19:45:07,25.84,7.97,6.55,25.77,102.516,53345.5,52497.6,34.62,34674.57,101.380,0.15944,,,,
835,04/14/2026 19:47:07,25.82,7.97,6.56,25.76,102.498,53308.2,52474.1,34.60,34650.30,101.380,0.15765,,,,
836,04/14/2026 19:49:07,25.81,7.97,6.56,25.74,102.515,53305.5,52487.9,34.61,34648.59,101.380,0.15935,,,,
837,04/14/2026 19:51:07,25.78,7.97,6.55,25.73,102.532,53304.2,52499.8,34.62,34647.71,101.380,0.16106,,,,
838,04/14/2026 19:53:07,25.78,7.97,6.55,25.71,102.567,53298.8,52514.4,34.63,34644.23,101.380,0.16451,,,,
839,04/14/2026 19:55:07,25.76,7.97,6.55,25.70,102.496,53296.2,52528.3,34.64,34642.52,101.380,0.15745,,,,
840,04/14/2026 19:57:07,25.74,7.97,6.55,25.68,102.548,53264.2,52509.9,34.62,34621.71,101.380,0.16267,,,,
841,04/14/2026 19:59:07,25.73,7.97,6.55,25.67,102.495,53198.9,52462.2,34.59,34579.31,101.380,0.15736,,,,
842,04/14/2026 20:01:07,25.71,7.96,6.55,25.66,102.565,53252.2,52527.8,34.63,34613.90,101.380,0.16433,,,,
843,04/14/2026 20:03:07,25.70,7.97,6.55,25.64,102.547,53217.5,52510.2,34.62,34591.38,101.380,0.16253,,,,
844,04/14/2026 20:05:07,25.69,7.97,6.55,25.63,102.546,53196.3,52502.4,34.61,34577.57,101.380,0.16249,,,,
845,04/14/2026 20:07:07,25.67,7.97,6.55,25.61,102.546,53197.6,52520.3,34.63,34578.42,101.380,0.16244,,,,
846,04/14/2026 20:09:07,25.66,7.97,6.55,25.60,102.510,53144.4,52481.0,34.60,34543.88,101.380,0.15889,,,,
847,04/14/2026 20:11:07,25.65,7.98,6.56,25.59,102.527,53167.0,52516.5,34.62,34558.54,101.380,0.16061,,,,
848,04/14/2026 20:13:07,25.64,7.98,6.56,25.58,102.509,53161.7,52524.6,34.63,34555.10,101.380,0.15881,,,,
849,04/14/2026 20:15:07,25.62,7.97,6.55,25.57,102.509,53137.8,52514.2,34.62,34539.57,101.380,0.15877,,,,
850,04/14/2026 20:17:07,25.62,7.98,6.56,25.55,102.561,53135.1,52524.8,34.63,34537.84,101.380,0.16399,,,,
851,04/14/2026 20:19:07,25.60,7.98,6.56,25.54,102.544,53148.4,52547.9,34.64,34546.47,101.380,0.16221,,,,
852,04/14/2026 20:21:07,25.59,7.98,6.56,25.53,102.526,53140.5,52553.3,34.65,34541.30,101.380,0.16042,,,,
853,04/14/2026 20:23:07,25.58,7.99,6.56,25.52,102.507,53129.8,52556.0,34.65,34534.40,101.380,0.15862,,,,
854,04/14/2026 20:25:07,25.57,7.98,6.56,25.51,102.595,53099.3,52539.1,34.64,34514.57,101.380,0.16734,,,,
855,04/14/2026 20:27:07,25.55,7.99,6.56,25.50,102.559,53082.1,52535.3,34.63,34503.38,101.380,0.16380,,,,
856,04/14/2026 20:29:07,25.55,7.99,6.57,25.48,102.541,53046.4,52513.2,34.62,34480.15,101.380,0.16201,,,,
857,04/14/2026 20:31:07,25.53,7.99,6.57,25.47,102.541,53075.5,52555.3,34.65,34499.07,101.380,0.16197,,,,
858,04/14/2026 20:33:07,25.52,7.99,6.57,25.46,102.505,53058.3,52551.5,34.64,34487.89,101.380,0.15843,,,,
859,04/14/2026 20:35:07,25.51,7.99,6.57,25.45,102.505,53039.8,52546.5,34.64,34475.86,101.380,0.15839,,,,
860,04/14/2026 20:37:07,25.49,8.00,6.57,25.44,102.540,53043.7,52560.3,34.65,34478.43,101.380,0.16186,,,,
861,04/14/2026 20:39:07,25.49,8.00,6.57,25.43,102.557,53018.6,52548.7,34.64,34462.11,101.380,0.16357,,,,
862,04/14/2026 20:41:07,25.47,8.00,6.58,25.41,102.557,52990.9,52534.5,34.63,34444.06,101.380,0.16353,,,,
863,04/14/2026 20:43:07,25.46,8.00,6.57,25.40,102.521,53016.0,52572.7,34.66,34460.39,101.380,0.15999,,,,
864,04/14/2026 20:45:07,25.45,7.99,6.57,25.39,102.521,52965.8,52536.2,34.63,34427.78,101.380,0.15995,,,,
865,04/14/2026 20:47:07,25.43,8.00,6.58,25.38,102.503,52971.1,52551.4,34.64,34431.23,101.380,0.15817,,,,
866,04/14/2026 20:49:07,25.43,8.00,6.57,25.37,102.538,52956.6,52547.0,34.63,34421.77,101.380,0.16164,,,,
867,04/14/2026 20:51:07,25.42,8.01,6.58,25.36,102.573,52989.6,52589.7,34.67,34443.21,101.380,0.16511,,,,
868,04/14/2026 20:53:07,25.41,8.01,6.58,25.35,102.555,52939.4,52553.2,34.64,34410.61,101.380,0.16332,,,,
869,04/14/2026 20:55:07,25.40,8.01,6.58,25.34,102.572,52885.4,52509.6,34.61,34375.54,101.380,0.16504,,,,
870,04/14/2026 20:57:07,25.38,8.01,6.58,25.33,102.519,52914.4,52548.3,34.63,34394.37,101.380,0.15976,,,,
871,04/14/2026 20:59:07,25.37,8.02,6.59,25.32,102.589,52868.4,52512.6,34.61,34364.45,101.380,0.16673,,,,
872,04/14/2026 21:01:07,25.36,8.02,6.59,25.31,102.589,52917.0,52570.8,34.65,34396.04,101.380,0.16670,,,,
873,04/14/2026 21:03:07,25.35,8.02,6.59,25.30,102.571,52869.7,52537.1,34.62,34365.29,101.380,0.16491,,,,
874,04/14/2026 21:05:07,25.35,8.02,6.59,25.29,102.518,52872.3,52549.7,34.63,34366.98,101.380,0.15963,,,,
875,04/14/2026 21:07:07,25.33,8.02,6.59,25.28,102.605,52872.3,52559.7,34.64,34367.02,101.380,0.16836,,,,
876,04/14/2026 21:09:07,25.32,8.02,6.59,25.27,102.640,52840.8,52538.4,34.62,34346.53,101.380,0.17183,,,,
877,04/14/2026 21:11:07,25.32,8.03,6.59,25.26,102.552,52842.1,52553.0,34.63,34347.37,101.380,0.16303,,,,
878,04/14/2026 21:13:07,25.31,8.03,6.59,25.25,102.516,52855.2,52576.0,34.65,34355.88,101.380,0.15950,,,,
879,04/14/2026 21:15:07,25.30,8.03,6.60,25.24,102.604,52864.4,52595.1,34.66,34361.88,101.380,0.16823,,,,
880,04/14/2026 21:17:07,25.30,8.04,6.60,25.23,102.604,52834.1,52575.0,34.65,34342.18,101.380,0.16820,,,,
881,04/14/2026 21:19:07,25.28,8.03,6.60,25.22,102.586,52838.2,52592.3,34.66,34344.80,101.380,0.16641,,,,
882,04/14/2026 21:21:07,25.27,8.04,6.60,25.21,102.656,52759.4,52523.9,34.61,34293.62,101.380,0.17338,,,,
883,04/14/2026 21:23:07,25.26,8.03,6.60,25.21,102.603,52753.0,52524.2,34.61,34289.45,101.380,0.16811,,,,
884,04/14/2026 21:25:07,25.25,8.04,6.61,25.20,102.638,52806.5,52590.8,34.66,34324.23,101.380,0.17157,,,,
885,04/14/2026 21:27:07,25.24,8.04,6.61,25.19,102.602,52811.8,52606.1,34.67,34327.70,101.380,0.16804,,,,
886,04/14/2026 21:29:07,25.23,8.04,6.61,25.18,102.619,52768.6,52573.1,34.64,34299.59,101.380,0.16976,,,,
887,04/14/2026 21:31:07,25.23,8.04,6.61,25.17,102.601,52745.1,52562.9,34.64,34284.31,101.380,0.16797,,,,
888,04/14/2026 21:33:07,25.21,8.04,6.61,25.16,102.636,52763.5,52591.3,34.66,34296.25,101.380,0.17144,,,,
889,04/14/2026 21:35:07,25.21,8.05,6.61,25.15,102.601,52726.7,52564.7,34.64,34272.38,101.380,0.16791,,,,
890,04/14/2026 21:37:07,25.19,8.05,6.61,25.14,102.583,52737.2,52585.1,34.65,34279.18,101.380,0.16613,,,,
891,04/14/2026 21:39:07,25.18,8.06,6.62,25.13,102.600,52712.3,52573.7,34.64,34263.02,101.380,0.16784,,,,
892,04/14/2026 21:41:07,25.17,8.05,6.62,25.12,102.582,52664.1,52532.2,34.61,34231.63,101.380,0.16607,,,,
893,04/14/2026 21:43:07,25.16,8.05,6.62,25.11,102.600,52696.7,52578.0,34.64,34252.82,101.380,0.16778,,,,
894,04/14/2026 21:45:07,25.16,8.06,6.62,25.10,102.617,52692.9,52581.0,34.65,34250.41,101.380,0.16951,,,,
895,04/14/2026 21:47:07,25.15,8.06,6.62,25.09,102.634,52656.3,52557.8,34.63,34226.59,101.380,0.17122,,,,
896,04/14/2026 21:49:07,25.14,8.06,6.62,25.08,102.599,52656.2,52567.7,34.64,34226.50,101.380,0.16769,,,,
897,04/14/2026 21:51:07,25.13,8.07,6.63,25.07,102.581,52656.2,52577.7,34.64,34226.50,101.380,0.16591,,,,
898,04/14/2026 21:53:07,25.12,8.06,6.62,25.06,102.598,52646.9,52578.4,34.64,34220.46,101.380,0.16763,,,,
899,04/14/2026 21:55:07,25.11,8.08,6.63,25.05,102.651,52618.3,52559.9,34.63,34201.87,101.380,0.17286,,,,
900,04/14/2026 21:57:07,25.09,8.07,6.63,25.04,102.597,52614.5,52566.1,34.63,34199.40,101.380,0.16757,,,,
901,04/14/2026 21:59:07,25.09,8.07,6.63,25.03,102.615,52635.3,52596.9,34.65,34212.95,101.380,0.16929,,,,
902,04/14/2026 22:01:07,25.08,8.07,6.63,25.03,102.597,52611.8,52583.4,34.64,34197.66,101.380,0.16751,,,,
903,04/14/2026 22:03:07,25.07,8.07,6.63,25.01,102.579,52565.0,52550.0,34.62,34167.22,101.380,0.16572,,,,
904,04/14/2026 22:05:07,25.06,8.09,6.64,25.01,102.596,52580.4,52572.1,34.64,34177.27,101.380,0.16746,,,,
905,04/14/2026 22:07:07,25.06,8.08,6.64,25.00,102.631,52577.7,52582.8,34.64,34175.53,101.380,0.17092,,,,
906,04/14/2026 22:09:07,25.04,8.08,6.64,24.98,102.613,52575.2,52593.7,34.65,34173.88,101.380,0.16913,,,,
907,04/14/2026 22:11:07,25.03,8.09,6.65,24.97,102.613,52553.3,52581.8,34.64,34159.64,101.380,0.16910,,,,
908,04/14/2026 22:13:07,25.03,8.09,6.64,24.97,102.648,52551.9,52590.4,34.65,34158.72,101.380,0.17257,,,,
909,04/14/2026 22:15:07,25.02,8.09,6.65,24.95,102.647,52532.5,52584.4,34.64,34146.14,101.380,0.17253,,,,
910,04/14/2026 22:17:07,25.01,8.10,6.65,24.94,102.647,52485.5,52547.4,34.61,34115.56,101.380,0.17250,,,,
911,04/14/2026 22:19:07,24.99,8.10,6.65,24.93,102.664,52516.6,52588.6,34.64,34135.80,101.380,0.17422,,,,
912,04/14/2026 22:21:07,24.98,8.10,6.65,24.93,102.664,52489.4,52568.0,34.63,34118.12,101.380,0.17420,,,,
913,04/14/2026 22:23:07,24.98,8.10,6.65,24.92,102.611,52533.6,52622.3,34.67,34146.85,101.380,0.16892,,,,
914,04/14/2026 22:25:07,24.98,8.10,6.65,24.91,102.611,52463.5,52562.1,34.62,34101.27,101.380,0.16889,,,,
915,04/14/2026 22:27:07,24.97,8.11,6.66,24.90,102.663,52444.0,52549.3,34.61,34088.61,101.380,0.17412,,,,
916,04/14/2026 22:29:07,24.95,8.11,6.66,24.90,102.645,52497.3,52612.7,34.66,34123.23,101.380,0.17234,,,,
917,04/14/2026 22:31:07,24.95,8.10,6.65,24.89,102.628,52450.6,52576.0,34.63,34092.91,101.380,0.17056,,,,
918,04/14/2026 22:33:07,24.94,8.11,6.66,24.88,102.645,52471.4,52603.5,34.65,34106.38,101.380,0.17229,,,,
919,04/14/2026 22:35:07,24.93,8.12,6.67,24.87,102.609,52410.3,52552.3,34.61,34066.68,101.380,0.16876,,,,
920,04/14/2026 22:37:07,24.92,8.12,6.67,24.87,102.609,52451.9,52600.7,34.65,34093.73,101.380,0.16874,,,,
921,04/14/2026 22:39:07,24.92,8.11,6.66,24.86,102.662,52446.7,52605.6,34.65,34090.36,101.380,0.17397,,,,
922,04/14/2026 22:41:07,24.92,8.12,6.66,24.85,102.662,52427.2,52592.8,34.64,34077.71,101.380,0.17395,,,,
923,04/14/2026 22:43:07,24.91,8.11,6.66,24.84,102.626,52374.3,52546.4,34.61,34043.31,101.380,0.17043,,,,
924,04/14/2026 22:45:07,24.89,8.12,6.66,24.84,102.608,52409.2,52588.1,34.64,34066.00,101.380,0.16865,,,,
925,04/14/2026 22:47:07,24.88,8.12,6.67,24.83,102.626,52405.5,52594.4,34.64,34063.58,101.380,0.17038,,,,
926,04/14/2026 22:49:07,24.88,8.13,6.67,24.82,102.661,52389.8,52585.4,34.64,34053.38,101.380,0.17386,,,,
927,04/14/2026 22:51:07,24.87,8.12,6.67,24.82,102.643,52389.6,52588.5,34.64,34053.24,101.380,0.17210,,,,
928,04/14/2026 22:53:07,24.87,8.13,6.67,24.81,102.643,52405.5,52611.2,34.65,34063.58,101.380,0.17208,,,,
929,04/14/2026 22:55:07,24.86,8.13,6.68,24.81,102.625,52396.4,52608.8,34.65,34057.67,101.380,0.17031,,,,
930,04/14/2026 22:57:07,24.86,8.13,6.67,24.80,102.625,52387.1,52606.2,34.65,34051.63,101.380,0.17029,,,,
931,04/14/2026 22:59:07,24.85,8.13,6.68,24.80,102.572,52335.5,52561.0,34.62,34018.08,101.380,0.16502,,,,
932,04/14/2026 23:01:07,24.85,8.13,6.68,24.79,102.571,52338.2,52573.8,34.62,34019.83,101.380,0.16499,,,,
933,04/14/2026 23:03:07,24.84,8.13,6.67,24.78,102.642,52347.1,52589.4,34.64,34025.59,101.380,0.17197,,,,
934,04/14/2026 23:05:07,24.83,8.13,6.68,24.77,102.606,52327.7,52580.0,34.63,34012.98,101.380,0.16844,,,,
935,04/14/2026 23:07:07,24.82,8.13,6.68,24.77,102.624,52321.3,52580.3,34.63,34008.83,101.380,0.17017,,,,
936,04/14/2026 23:09:07,24.82,8.13,6.68,24.76,102.606,52304.6,52573.6,34.62,33997.98,101.380,0.16839,,,,
937,04/14/2026 23:11:07,24.81,8.13,6.67,24.75,102.641,52321.3,52597.0,34.64,34008.83,101.380,0.17187,,,,
938,04/14/2026 23:13:07,24.80,8.14,6.68,24.74,102.588,52285.2,52570.9,34.62,33985.39,101.380,0.16659,,,,
939,04/14/2026 23:15:07,24.79,8.14,6.68,24.74,102.605,52293.1,52585.5,34.63,33990.48,101.380,0.16832,,,,
940,04/14/2026 23:17:07,24.78,8.14,6.68,24.73,102.640,52312.4,52615.0,34.65,34003.08,101.380,0.17179,,,,
941,04/14/2026 23:19:07,24.78,8.14,6.68,24.72,102.657,52273.5,52582.5,34.63,33977.75,101.380,0.17352,,,,
942,04/14/2026 23:21:07,24.78,8.14,6.68,24.71,102.639,52239.9,52555.5,34.61,33955.94,101.380,0.17175,,,,
943,04/14/2026 23:23:07,24.77,8.14,6.69,24.70,102.604,52251.9,52577.6,34.62,33963.74,101.380,0.16822,,,,
944,04/14/2026 23:25:07,24.76,8.14,6.69,24.70,102.639,52217.2,52549.4,34.60,33941.16,101.380,0.17171,,,,
945,04/14/2026 23:27:07,24.75,8.14,6.68,24.69,102.621,52291.6,52631.0,34.66,33989.54,101.380,0.16994,,,,
946,04/14/2026 23:29:07,24.75,8.14,6.68,24.68,102.621,52257.0,52606.3,34.64,33967.08,101.380,0.16991,,,,
947,04/14/2026 23:31:07,24.74,8.14,6.68,24.68,102.621,52231.1,52583.6,34.63,33950.22,101.380,0.16990,,,,
948,04/14/2026 23:33:07,24.73,8.14,6.68,24.67,102.585,52172.5,52534.7,34.59,33912.12,101.380,0.16637,,,,
949,04/14/2026 23:35:07,24.72,8.14,6.68,24.67,102.638,52254.6,52624.1,34.66,33965.48,101.380,0.17160,,,,
950,04/14/2026 23:37:07,24.72,8.14,6.69,24.66,102.638,52208.1,52584.0,34.63,33935.28,101.380,0.17158,,,,
951,04/14/2026 23:39:07,24.72,8.15,6.69,24.65,102.620,52197.6,52580.1,34.62,33928.44,101.380,0.16981,,,,
952,04/14/2026 23:41:07,24.71,8.14,6.68,24.65,102.637,52192.5,52578.3,34.62,33925.11,101.380,0.17155,,,,
953,04/14/2026 23:43:07,24.70,8.14,6.68,24.64,102.620,52226.2,52619.0,34.65,33947.04,101.380,0.16978,,,,
954,04/14/2026 23:45:07,24.69,8.14,6.68,24.64,102.672,52246.5,52646.2,34.67,33960.24,101.380,0.17501,,,,
955,04/14/2026 23:47:07,24.69,8.14,6.68,24.63,102.602,52165.6,52571.4,34.61,33907.65,101.380,0.16799,,,,
956,04/14/2026 23:49:07,24.69,8.15,6.69,24.63,102.584,52181.3,52590.5,34.63,33917.82,101.380,0.16623,,,,
957,04/14/2026 23:51:07,24.68,8.15,6.69,24.62,102.584,52149.3,52565.0,34.61,33897.05,101.380,0.16621,,,,
958,04/14/2026 23:53:07,24.68,8.14,6.68,24.62,102.601,52151.7,52570.8,34.61,33898.63,101.380,0.16795,,,,
959,04/14/2026 23:55:07,24.67,8.14,6.68,24.61,102.566,52203.2,52629.5,34.66,33932.11,101.380,0.16443,,,,
960,04/14/2026 23:57:07,24.66,8.14,6.69,24.61,102.636,52105.4,52537.6,34.59,33868.51,101.380,0.17141,,,,
961,04/14/2026 23:59:07,24.66,8.14,6.68,24.60,102.618,52110.5,52549.5,34.60,33871.83,101.380,0.16964,,,,
962,04/15/2026 00:01:07,24.65,8.15,6.69,24.60,102.636,52151.5,52597.5,34.63,33898.45,101.380,0.17137,,,,
963,04/15/2026 00:03:07,24.65,8.15,6.69,24.59,102.671,52155.4,52608.2,34.64,33900.99,101.380,0.17485,,,,
964,04/15/2026 00:05:07,24.64,8.15,6.69,24.58,102.618,52183.4,52643.2,34.67,33919.23,101.380,0.16958,,,,
965,04/15/2026 00:07:07,24.63,8.15,6.69,24.58,102.547,52159.3,52622.2,34.65,33903.54,101.380,0.16257,,,,
966,04/15/2026 00:09:07,24.63,8.15,6.69,24.58,102.565,52100.6,52569.7,34.61,33865.38,101.380,0.16430,,,,
967,04/15/2026 00:11:07,24.63,8.15,6.69,24.57,102.582,52108.1,52580.7,34.62,33870.27,101.380,0.16604,,,,
968,04/15/2026 00:13:07,24.62,8.15,6.69,24.57,102.547,52142.4,52622.0,34.65,33892.58,101.380,0.16252,,,,
969,04/15/2026 00:15:07,24.62,8.15,6.68,24.56,102.564,52143.9,52626.9,34.65,33893.55,101.380,0.16426,,,,
970,04/15/2026 00:17:07,24.61,8.15,6.69,24.56,102.582,52113.2,52599.3,34.63,33873.59,101.380,0.16600,,,,
971,04/15/2026 00:19:07,24.60,8.15,6.69,24.55,102.581,52066.9,52559.3,34.60,33843.50,101.380,0.16598,,,,
972,04/15/2026 00:21:07,24.60,8.15,6.69,24.55,102.564,52115.6,52611.8,34.64,33875.16,101.380,0.16422,,,,
973,04/15/2026 00:23:07,24.60,8.15,6.69,24.54,102.581,52145.1,52648.4,34.67,33894.34,101.380,0.16595,,,,
974,04/15/2026 00:25:07,24.59,8.16,6.70,24.54,102.493,52100.3,52609.8,34.64,33865.19,101.380,0.15718,,,,
975,04/15/2026 00:27:07,24.59,8.15,6.69,24.54,102.581,52063.3,52575.9,34.61,33841.16,101.380,0.16593,,,,
976,04/15/2026 00:29:07,24.58,8.15,6.69,24.53,102.563,52106.9,52626.6,34.65,33869.48,101.380,0.16416,,,,
977,04/15/2026 00:31:07,24.59,8.15,6.69,24.53,102.598,52069.3,52592.0,34.62,33845.07,101.380,0.16765,,,,
978,04/15/2026 00:33:07,24.58,8.15,6.69,24.52,102.598,52079.9,52609.4,34.64,33851.91,101.380,0.16763,,,,
979,04/15/2026 00:35:07,24.57,8.15,6.69,24.51,102.527,52055.5,52591.6,34.62,33836.09,101.380,0.16061,,,,
980,04/15/2026 00:37:07,24.56,8.16,6.69,24.51,102.527,52056.7,52596.1,34.63,33836.87,101.380,0.16060,,,,
981,04/15/2026 00:39:07,24.56,8.16,6.70,24.51,102.510,52047.7,52590.4,34.62,33831.02,101.380,0.15884,,,,
982,04/15/2026 00:41:07,24.56,8.15,6.69,24.50,102.527,52046.8,52596.2,34.63,33830.43,101.380,0.16057,,,,
983,04/15/2026 00:43:07,24.55,8.16,6.69,24.50,102.527,52062.1,52615.1,34.64,33840.38,101.380,0.16056,,,,
984,04/15/2026 00:45:07,24.55,8.16,6.70,24.49,102.527,52011.1,52570.3,34.61,33807.24,101.380,0.16054,,,,
985,04/15/2026 00:47:07,24.54,8.16,6.70,24.49,102.579,52035.4,52598.2,34.63,33823.02,101.380,0.16578,,,,
986,04/15/2026 00:49:07,24.54,8.17,6.70,24.49,102.544,52068.4,52635.0,34.65,33844.48,101.380,0.16227,,,,
987,04/15/2026 00:51:07,24.54,8.16,6.70,24.48,102.544,51970.4,52542.6,34.59,33780.77,101.380,0.16225,,,,
988,04/15/2026 00:53:07,24.53,8.16,6.70,24.48,102.509,52021.0,52597.1,34.63,33813.66,101.380,0.15874,,,,
989,04/15/2026 00:55:07,24.53,8.16,6.70,24.47,102.561,52020.1,52603.0,34.63,33813.09,101.380,0.16397,,,,
990,04/15/2026 00:57:07,24.53,8.17,6.70,24.47,102.579,52011.1,52597.3,34.63,33807.24,101.380,0.16571,,,,
991,04/15/2026 00:59:07,24.52,8.16,6.70,24.47,102.473,51963.8,52552.8,34.59,33776.47,101.380,0.15520,,,,
992,04/15/2026 01:01:07,24.51,8.17,6.70,24.46,102.508,51985.7,52578.3,34.61,33790.69,101.380,0.15869,,,,
993,04/15/2026 01:03:07,24.51,8.17,6.70,24.46,102.490,52025.2,52621.6,34.64,33816.39,101.380,0.15693,,,,
994,04/15/2026 01:05:07,24.51,8.17,6.70,24.45,102.490,51962.6,52565.1,34.60,33775.71,101.380,0.15691,,,,
995,04/15/2026 01:07:07,24.51,8.17,6.70,24.45,102.508,51995.9,52602.1,34.63,33797.31,101.380,0.15865,,,,
996,04/15/2026 01:09:07,24.50,8.16,6.70,24.45,102.508,51986.9,52596.3,34.62,33791.46,101.380,0.15864,,,,
997,04/15/2026 01:11:07,24.50,8.17,6.71,24.45,102.455,51961.4,52574.0,34.61,33774.93,101.380,0.15338,,,,
998,04/15/2026 01:13:07,24.49,8.17,6.70,24.44,102.507,51976.4,52592.5,34.62,33784.64,101.380,0.15862,,,,
999,04/15/2026 01:15:07,24.49,8.17,6.70,24.44,102.525,51972.8,52595.6,34.62,33782.31,101.380,0.16035,,,,
1000,04/15/2026 01:17:07,24.49,8.17,6.70,24.43,102.525,51954.8,52580.8,34.61,33770.64,101.380,0.16034,,,,
1001,04/15/2026 01:19:07,24.49,8.17,6.70,24.43,102.437,51957.5,52586.9,34.62,33772.40,101.380,0.15158,,,,
1002,04/15/2026 01:21:07,24.48,8.17,6.70,24.42,102.489,51970.4,52606.7,34.63,33780.77,101.380,0.15681,,,,
1003,04/15/2026 01:23:07,24.47,8.17,6.71,24.42,102.472,51967.7,52607.3,34.63,33779.01,101.380,0.15505,,,,
1004,04/15/2026 01:25:07,24.47,8.17,6.71,24.42,102.471,51944.7,52590.7,34.62,33764.03,101.380,0.15503,,,,
1005,04/15/2026 01:27:07,24.46,8.17,6.70,24.41,102.506,51966.5,52616.2,34.64,33778.24,101.380,0.15852,,,,
1006,04/15/2026 01:29:07,24.46,8.16,6.70,24.41,102.489,51936.9,52589.6,34.62,33758.97,101.380,0.15676,,,,
1007,04/15/2026 01:31:07,24.46,8.17,6.70,24.41,102.506,51923.2,52579.1,34.61,33750.05,101.380,0.15850,,,,
1008,04/15/2026 01:33:07,24.46,8.17,6.70,24.40,102.506,51947.0,52610.0,34.63,33765.57,101.380,0.15849,,,,
1009,04/15/2026 01:35:07,24.45,8.17,6.71,24.40,102.436,51915.7,52581.7,34.61,33745.21,101.380,0.15147,,,,
1010,04/15/2026 01:37:07,24.45,8.17,6.71,24.39,102.436,51965.0,52635.0,34.65,33777.25,101.380,0.15146,,,,
1011,04/15/2026 01:39:07,24.44,8.18,6.71,24.39,102.471,51907.6,52580.2,34.61,33739.93,101.380,0.15495,,,,
1012,04/15/2026 01:41:07,24.44,8.17,6.71,24.39,102.488,51934.5,52610.8,34.63,33757.43,101.380,0.15670,,,,
1013,04/15/2026 01:43:07,24.44,8.18,6.71,24.38,102.400,51915.7,52595.2,34.62,33745.21,101.380,0.14793,,,,
1014,04/15/2026 01:45:07,24.43,8.18,6.71,24.38,102.488,51889.2,52575.0,34.60,33727.95,101.380,0.15667,,,,
1015,04/15/2026 01:47:07,24.43,8.18,6.72,24.38,102.453,51881.0,52566.8,34.60,33722.67,101.380,0.15316,,,,
1016,04/15/2026 01:49:07,24.43,8.18,6.71,24.38,102.400,51915.0,52604.6,34.63,33744.77,101.380,0.14790,,,,
1017,04/15/2026 01:51:07,24.43,8.18,6.71,24.37,102.505,51905.2,52598.0,34.62,33738.39,101.380,0.15840,,,,
1018,04/15/2026 01:53:07,24.42,8.18,6.72,24.37,102.435,51884.9,52580.8,34.61,33725.20,101.380,0.15139,,,,
1019,04/15/2026 01:55:07,24.42,8.18,6.72,24.37,102.435,51879.9,52579.1,34.61,33721.91,101.380,0.15138,,,,
1020,04/15/2026 01:57:07,24.41,8.18,6.71,24.36,102.417,51886.1,52588.8,34.61,33725.97,101.380,0.14962,,,,
1021,04/15/2026 01:59:07,24.41,8.18,6.71,24.36,102.399,51910.3,52616.7,34.63,33741.69,101.380,0.14785,,,,
1022,04/15/2026 02:01:07,24.41,8.18,6.71,24.36,102.399,51896.3,52605.9,34.63,33732.56,101.380,0.14784,,,,
1023,04/15/2026 02:03:07,24.40,8.19,6.72,24.35,102.452,51864.7,52577.2,34.60,33712.02,101.380,0.15309,,,,
1024,04/15/2026 02:05:07,24.40,8.19,6.72,24.35,102.417,51883.7,52599.9,34.62,33724.43,101.380,0.14958,,,,
1025,04/15/2026 02:07:07,24.40,8.18,6.71,24.35,102.452,51883.7,52599.9,34.62,33724.43,101.380,0.15308,,,,
1026,04/15/2026 02:09:07,24.40,8.19,6.72,24.35,102.452,51869.7,52589.1,34.61,33715.32,101.380,0.15307,,,,
1027,04/15/2026 02:11:07,24.40,8.19,6.72,24.35,102.399,51861.9,52581.2,34.61,33710.25,101.380,0.14782,,,,
1028,04/15/2026 02:13:07,24.40,8.19,6.72,24.35,102.416,51895.1,52618.2,34.63,33731.79,101.380,0.14956,,,,
1029,04/15/2026 02:15:07,24.39,8.19,6.72,24.34,102.363,51864.7,52590.7,34.61,33712.02,101.380,0.14430,,,,
1030,04/15/2026 02:17:07,24.40,8.18,6.71,24.34,102.399,51862.3,52588.3,34.61,33710.49,101.380,0.14780,,,,
1031,04/15/2026 02:19:07,24.39,8.19,6.72,24.34,102.363,51851.0,52580.2,34.61,33703.14,101.380,0.14429,,,,
1032,04/15/2026 02:21:07,24.40,8.19,6.72,24.34,102.363,51858.4,52591.1,34.61,33707.96,101.380,0.14428,,,,
1033,04/15/2026 02:23:07,24.39,8.18,6.72,24.33,102.346,51813.7,52549.1,34.58,33678.88,101.380,0.14252,,,,
1034,04/15/2026 02:25:07,24.38,8.19,6.72,24.33,102.434,51845.6,52581.5,34.61,33699.61,101.380,0.15127,,,,
1035,04/15/2026 02:27:07,24.38,8.19,6.72,24.33,102.398,51847.9,52587.2,34.61,33701.14,101.380,0.14776,,,,
1036,04/15/2026 02:29:07,24.38,8.18,6.71,24.33,102.398,51826.5,52568.9,34.60,33687.22,101.380,0.14775,,,,
1037,04/15/2026 02:31:07,24.38,8.18,6.71,24.33,102.398,51844.4,52587.0,34.61,33698.85,101.380,0.14775,,,,
1038,04/15/2026 02:33:07,24.38,8.19,6.72,24.32,102.398,51826.9,52572.6,34.60,33687.45,101.380,0.14774,,,,
1039,04/15/2026 02:35:07,24.38,8.17,6.71,24.32,102.416,51857.2,52606.8,34.62,33707.20,101.380,0.14948,,,,
1040,04/15/2026 02:37:07,24.37,8.18,6.71,24.32,102.380,51851.0,52600.5,34.62,33703.14,101.380,0.14598,,,,
1041,04/15/2026 02:39:07,24.37,8.18,6.71,24.32,102.415,51845.9,52598.7,34.62,33699.85,101.380,0.14947,,,,
1042,04/15/2026 02:41:07,24.36,8.18,6.71,24.32,102.380,51812.9,52568.6,34.60,33678.36,101.380,0.14596,,,,
1043,04/15/2026 02:43:07,24.37,8.18,6.71,24.32,102.363,51818.7,52574.5,34.60,33682.16,101.380,0.14421,,,,
1044,04/15/2026 02:45:07,24.36,8.17,6.71,24.31,102.345,51874.8,52634.8,34.64,33718.61,101.380,0.14245,,,,
1045,04/15/2026 02:47:07,24.36,8.18,6.71,24.31,102.345,51830.4,52593.1,34.61,33689.75,101.380,0.14244,,,,
1046,04/15/2026 02:49:07,24.36,8.17,6.71,24.31,102.380,51842.4,52605.3,34.62,33697.56,101.380,0.14594,,,,
1047,04/15/2026 02:51:07,24.36,8.18,6.71,24.31,102.362,51817.5,52583.4,34.61,33681.40,101.380,0.14418,,,,
1048,04/15/2026 02:53:07,24.36,8.17,6.70,24.31,102.362,51831.6,52597.7,34.62,33690.51,101.380,0.14418,,,,
1049,04/15/2026 02:55:07,24.36,8.17,6.70,24.31,102.380,51787.6,52553.1,34.58,33661.93,101.380,0.14593,,,,
1050,04/15/2026 02:57:07,24.35,8.17,6.71,24.30,102.362,51797.7,52566.7,34.59,33668.50,101.380,0.14417,,,,
1051,04/15/2026 02:59:07,24.36,8.17,6.71,24.30,102.397,51806.6,52575.8,34.60,33674.30,101.380,0.14767,,,,
1052,04/15/2026 03:01:07,24.36,8.17,6.71,24.30,102.362,51795.4,52564.4,34.59,33666.98,101.380,0.14417,,,,
1053,04/15/2026 03:03:07,24.36,8.17,6.71,24.30,102.344,51805.5,52578.0,34.60,33673.55,101.380,0.14241,,,,
1054,04/15/2026 03:05:07,24.36,8.17,6.71,24.30,102.380,51805.1,52577.6,34.60,33673.30,101.380,0.14591,,,,
1055,04/15/2026 03:07:07,24.35,8.17,6.71,24.30,102.397,51761.2,52533.0,34.57,33644.76,101.380,0.14766,,,,
1056,04/15/2026 03:09:07,24.35,8.18,6.71,24.30,102.344,51825.7,52601.9,34.62,33686.69,101.380,0.14240,,,,
1057,04/15/2026 03:11:07,24.35,8.18,6.71,24.30,102.362,51793.8,52569.5,34.60,33665.97,101.380,0.14415,,,,
1058,04/15/2026 03:13:07,24.35,8.17,6.71,24.30,102.362,51810.5,52586.5,34.61,33676.83,101.380,0.14415,,,,
1059,04/15/2026 03:15:07,24.34,8.18,6.71,24.30,102.309,51757.3,52532.5,34.57,33642.23,101.380,0.13890,,,,
1060,04/15/2026 03:17:07,24.36,8.17,6.71,24.30,102.362,51758.5,52533.6,34.57,33642.99,101.380,0.14415,,,,
1061,04/15/2026 03:19:07,24.35,8.17,6.71,24.29,102.362,51765.8,52544.5,34.58,33647.79,101.380,0.14414,,,,
1062,04/15/2026 03:21:07,24.35,8.17,6.71,24.29,102.309,51762.3,52541.0,34.57,33645.52,101.380,0.13889,,,,
1063,04/15/2026 03:23:07,24.34,8.17,6.71,24.29,102.344,51740.6,52518.9,34.56,33631.39,101.380,0.14239,,,,
1064,04/15/2026 03:25:07,24.34,8.18,6.71,24.29,102.362,51767.4,52549.5,34.58,33648.80,101.380,0.14413,,,,
1065,04/15/2026 03:27:07,24.35,8.17,6.71,24.29,102.327,51717.7,52499.0,34.54,33616.51,101.380,0.14063,,,,
1066,04/15/2026 03:29:07,24.35,8.17,6.71,24.29,102.291,51769.7,52555.2,34.58,33650.32,101.380,0.13712,,,,
1067,04/15/2026 03:31:07,24.35,8.18,6.72,24.29,102.327,51750.7,52535.9,34.57,33637.95,101.380,0.14062,,,,
1068,04/15/2026 03:33:07,24.34,8.19,6.72,24.29,102.291,51787.2,52576.4,34.60,33661.68,101.380,0.13711,,,,
1069,04/15/2026 03:35:07,24.35,8.18,6.72,24.29,102.362,51731.7,52520.0,34.56,33625.59,101.380,0.14411,,,,
1070,04/15/2026 03:37:07,24.33,8.18,6.72,24.29,102.344,51768.2,52557.0,34.59,33649.31,101.380,0.14236,,,,
1071,04/15/2026 03:39:07,24.33,8.19,6.72,24.29,102.309,51744.9,52533.4,34.57,33634.16,101.380,0.13886,,,,
1072,04/15/2026 03:41:07,24.34,8.19,6.72,24.28,102.326,51755.7,52547.8,34.58,33641.22,101.380,0.14060,,,,
1073,04/15/2026 03:43:07,24.33,8.19,6.72,24.28,102.326,51737.1,52528.9,34.56,33629.12,101.380,0.14060,,,,
1074,04/15/2026 03:45:07,24.33,8.19,6.73,24.28,102.326,51749.5,52541.5,34.57,33637.19,101.380,0.14060,,,,
1075,04/15/2026 03:47:07,24.33,8.20,6.73,24.28,102.256,51735.6,52530.7,34.57,33628.11,101.380,0.13359,,,,
1076,04/15/2026 03:49:07,24.33,8.20,6.73,24.28,102.309,51729.4,52524.4,34.56,33624.08,101.380,0.13884,,,,
1077,04/15/2026 03:51:07,24.33,8.20,6.73,24.28,102.326,51744.1,52539.3,34.57,33633.66,101.380,0.14059,,,,
1078,04/15/2026 03:53:07,24.33,8.20,6.73,24.28,102.344,51733.2,52528.3,34.56,33626.61,101.380,0.14234,,,,
1079,04/15/2026 03:55:07,24.33,8.20,6.73,24.28,102.344,51723.5,52518.5,34.56,33620.30,101.380,0.14234,,,,
1080,04/15/2026 03:57:07,24.33,8.20,6.73,24.28,102.291,51726.6,52521.6,34.56,33622.31,101.380,0.13709,,,,
1081,04/15/2026 03:59:07,24.32,8.21,6.73,24.28,102.326,51756.1,52551.5,34.58,33641.48,101.380,0.14059,,,,
1082,04/15/2026 04:01:07,24.33,8.21,6.74,24.28,102.326,51737.1,52532.2,34.57,33629.12,101.380,0.14059,,,,
1083,04/15/2026 04:03:07,24.33,8.20,6.73,24.28,102.361,51754.6,52550.0,34.58,33640.47,101.380,0.14409,,,,
1084,04/15/2026 04:05:07,24.33,8.21,6.74,24.28,102.361,51730.5,52525.5,34.56,33624.83,101.380,0.14409,,,,
1085,04/15/2026 04:07:07,24.33,8.21,6.74,24.28,102.344,51708.8,52503.5,34.55,33610.71,101.380,0.14234,,,,
1086,04/15/2026 04:09:07,24.33,8.21,6.74,24.28,102.344,51715.8,52510.6,34.55,33615.26,101.380,0.14234,,,,
1087,04/15/2026 04:11:07,24.32,8.20,6.73,24.28,102.326,51726.6,52521.6,34.56,33622.31,101.380,0.14059,,,,
1088,04/15/2026 04:13:07,24.34,8.20,6.73,24.28,102.379,51720.4,52515.3,34.55,33618.28,101.380,0.14584,,,,
1089,04/15/2026 04:15:07,24.33,8.20,6.73,24.28,102.309,51720.8,52515.7,34.55,33618.54,101.380,0.13884,,,,
1090,04/15/2026 04:17:07,24.34,8.20,6.73,24.28,102.379,51676.3,52470.5,34.52,33589.57,101.380,0.14584,,,,
1091,04/15/2026 04:19:07,24.33,8.20,6.73,24.28,102.326,51681.3,52475.6,34.52,33592.84,101.380,0.14059,,,,
1092,04/15/2026 04:21:07,24.33,8.21,6.74,24.28,102.326,51709.2,52500.5,34.54,33610.98,101.380,0.14060,,,,
1093,04/15/2026 04:23:07,24.33,8.21,6.74,24.28,102.326,51700.3,52491.5,34.54,33605.18,101.380,0.14060,,,,
1094,04/15/2026 04:25:07,24.33,8.21,6.74,24.28,102.309,51672.0,52462.7,34.52,33586.79,101.380,0.13885,,,,
1095,04/15/2026 04:27:07,24.33,8.21,6.74,24.29,102.326,51670.8,52458.2,34.51,33586.04,101.380,0.14061,,,,
1096,04/15/2026 04:29:07,24.34,8.22,6.74,24.29,102.362,51679.7,52467.2,34.52,33591.82,101.380,0.14411,,,,
1097,04/15/2026 04:31:07,24.34,8.22,6.75,24.29,102.309,51672.4,52459.8,34.51,33587.05,101.380,0.13886,,,,
1098,04/15/2026 04:33:07,24.34,8.21,6.74,24.29,102.344,51651.5,52435.3,34.50,33573.50,101.380,0.14237,,,,
1099,04/15/2026 04:35:07,24.34,8.22,6.75,24.29,102.344,51651.1,52434.8,34.50,33573.23,101.380,0.14237,,,,
1100,04/15/2026 04:37:07,24.33,8.22,6.75,24.29,102.344,51685.2,52469.4,34.52,33595.36,101.380,0.14237,,,,
1101,04/15/2026 04:39:07,24.34,8.22,6.75,24.29,102.362,51685.2,52469.4,34.52,33595.36,101.380,0.14412,,,,
1102,04/15/2026 04:41:07,24.34,8.23,6.76,24.29,102.309,51665.1,52449.0,34.51,33582.28,101.380,0.13887,,,,
1103,04/15/2026 04:43:07,24.34,8.22,6.75,24.29,102.327,51682.9,52463.7,34.52,33593.86,101.380,0.14063,,,,
1104,04/15/2026 04:45:07,24.35,8.22,6.75,24.29,102.292,51686.3,52463.8,34.52,33596.12,101.380,0.13714,,,,
1105,04/15/2026 04:47:07,24.35,8.22,6.75,24.29,102.309,51677.8,52455.2,34.51,33590.59,101.380,0.13889,,,,
1106,04/15/2026 04:49:07,24.34,8.23,6.75,24.29,102.292,51679.0,52456.4,34.51,33591.34,101.380,0.13714,,,,
1107,04/15/2026 04:51:07,24.35,8.23,6.76,24.30,102.344,51674.0,52447.9,34.51,33588.07,101.380,0.14240,,,,
1108,04/15/2026 04:53:07,24.35,8.23,6.76,24.30,102.327,51660.4,52430.8,34.49,33579.28,101.380,0.14066,,,,
1109,04/15/2026 04:55:07,24.35,8.23,6.76,24.30,102.344,51651.5,52421.7,34.49,33573.50,101.380,0.14241,,,,
1110,04/15/2026 04:57:07,24.35,8.23,6.76,24.30,102.257,51672.4,52439.6,34.50,33587.05,101.380,0.13367,,,,
1111,04/15/2026 04:59:07,24.36,8.24,6.76,24.30,102.309,51650.0,52416.8,34.48,33572.48,101.380,0.13892,,,,
1112,04/15/2026 05:01:07,24.36,8.23,6.76,24.31,102.292,51613.2,52376.1,34.45,33548.60,101.380,0.13718,,,,
1113,04/15/2026 05:03:07,24.35,8.23,6.76,24.31,102.362,51662.3,52425.9,34.49,33580.52,101.380,0.14418,,,,
1114,04/15/2026 05:05:07,24.36,8.23,6.76,24.31,102.310,51648.8,52408.9,34.48,33571.73,101.380,0.13894,,,,
1115,04/15/2026 05:07:07,24.36,8.23,6.76,24.31,102.274,51658.9,52419.1,34.48,33578.27,101.380,0.13544,,,,
1116,04/15/2026 05:09:07,24.36,8.23,6.76,24.31,102.310,51641.5,52398.1,34.47,33566.97,101.380,0.13895,,,,
1117,04/15/2026 05:11:07,24.36,8.23,6.76,24.31,102.345,51619.4,52375.6,34.45,33552.62,101.380,0.14245,,,,
1118,04/15/2026 05:13:07,24.36,8.23,6.76,24.31,102.310,51636.0,52392.5,34.47,33563.43,101.380,0.13895,,,,
1119,04/15/2026 05:15:07,24.36,8.24,6.76,24.32,102.310,51624.0,52377.0,34.45,33555.61,101.380,0.13896,,,,
1120,04/15/2026 05:17:07,24.36,8.23,6.76,24.32,102.345,51636.0,52389.2,34.46,33563.43,101.380,0.14246,,,,
1121,04/15/2026 05:19:07,24.36,8.24,6.76,24.32,102.310,51609.4,52358.7,34.44,33546.09,101.380,0.13897,,,,
1122,04/15/2026 05:21:07,24.37,8.23,6.76,24.32,102.275,51618.3,52367.8,34.45,33551.87,101.380,0.13547,,,,
1123,04/15/2026 05:23:07,24.37,8.23,6.76,24.32,102.363,51631.0,52377.3,34.45,33560.16,101.380,0.14423,,,,
1124,04/15/2026 05:25:07,24.37,8.24,6.77,24.32,102.328,51618.7,52364.8,34.45,33552.14,101.380,0.14073,,,,
1125,04/15/2026 05:27:07,24.37,8.23,6.76,24.32,102.345,51605.9,52351.9,34.44,33543.85,101.380,0.14248,,,,
1126,04/15/2026 05:29:07,24.37,8.23,6.76,24.32,102.363,51601.6,52344.1,34.43,33541.05,101.380,0.14424,,,,
1127,04/15/2026 05:31:07,24.37,8.23,6.76,24.33,102.328,51631.8,52371.3,34.45,33560.64,101.380,0.14075,,,,
1128,04/15/2026 05:33:07,24.38,8.23,6.76,24.33,102.345,51599.3,52335.1,34.42,33539.56,101.380,0.14251,,,,
1129,04/15/2026 05:35:07,24.38,8.23,6.76,24.33,102.381,51628.3,52364.5,34.45,33558.39,101.380,0.14601,,,,
1130,04/15/2026 05:37:07,24.38,8.23,6.76,24.33,102.346,51607.8,52340.3,34.43,33545.06,101.380,0.14252,,,,
1131,04/15/2026 05:39:07,24.39,8.22,6.75,24.33,102.346,51616.0,52348.6,34.43,33550.37,101.380,0.14252,,,,
1132,04/15/2026 05:41:07,24.38,8.23,6.76,24.33,102.381,51617.8,52350.5,34.44,33551.59,101.380,0.14602,,,,
1133,04/15/2026 05:43:07,24.38,8.22,6.76,24.34,102.416,51595.9,52324.9,34.42,33537.32,101.380,0.14953,,,,
1134,04/15/2026 05:45:07,24.38,8.22,6.75,24.34,102.328,51596.6,52325.6,34.42,33537.79,101.380,0.14077,,,,
1135,04/15/2026 05:47:07,24.39,8.23,6.76,24.34,102.346,51604.8,52333.9,34.42,33543.11,101.380,0.14253,,,,
1136,04/15/2026 05:49:07,24.39,8.22,6.75,24.34,102.346,51582.7,52308.2,34.40,33528.75,101.380,0.14254,,,,
1137,04/15/2026 05:51:07,24.39,8.22,6.75,24.34,102.328,51618.3,52347.6,34.43,33551.87,101.380,0.14077,,,,
1138,04/15/2026 05:53:07,24.39,8.22,6.75,24.34,102.363,51592.4,52318.1,34.41,33535.09,101.380,0.14429,,,,
1139,04/15/2026 05:55:07,24.40,8.22,6.75,24.34,102.363,51567.7,52292.9,34.39,33518.98,101.380,0.14429,,,,
1140,04/15/2026 05:57:07,24.39,8.21,6.75,24.34,102.328,51609.8,52335.6,34.42,33546.37,101.380,0.14078,,,,
1141,04/15/2026 05:59:07,24.40,8.21,6.74,24.34,102.399,51617.5,52340.1,34.43,33551.40,101.380,0.14780,,,,
1142,04/15/2026 06:01:07,24.39,8.21,6.74,24.34,102.399,51587.4,52309.6,34.41,33531.83,101.380,0.14780,,,,
1143,04/15/2026 06:03:07,24.39,8.21,6.74,24.34,102.381,51577.0,52299.0,34.40,33525.03,101.380,0.14605,,,,
1144,04/15/2026 06:05:07,24.40,8.21,6.75,24.34,102.399,51549.2,52270.8,34.38,33506.98,101.380,0.14780,,,,
1145,04/15/2026 06:07:07,24.39,8.20,6.74,24.34,102.346,51590.4,52312.6,34.41,33533.79,101.380,0.14254,,,,
1146,04/15/2026 06:09:07,24.39,8.20,6.74,24.35,102.328,51579.7,52298.4,34.40,33526.80,101.380,0.14080,,,,
1147,04/15/2026 06:11:07,24.39,8.20,6.74,24.35,102.364,51572.0,52290.5,34.39,33521.78,101.380,0.14431,,,,
1148,04/15/2026 06:13:07,24.40,8.20,6.74,24.35,102.364,51548.5,52266.8,34.37,33506.52,101.380,0.14431,,,,
1149,04/15/2026 06:15:07,24.40,8.19,6.73,24.35,102.328,51571.3,52289.8,34.39,33521.32,101.380,0.14080,,,,
1150,04/15/2026 06:17:07,24.39,8.20,6.74,24.35,102.364,51567.0,52285.5,34.39,33518.52,101.380,0.14431,,,,
1151,04/15/2026 06:19:07,24.40,8.19,6.73,24.35,102.381,51585.9,52304.6,34.40,33530.80,101.380,0.14606,,,,
1152,04/15/2026 06:21:07,24.40,8.19,6.73,24.35,102.364,51560.8,52279.2,34.38,33514.52,101.380,0.14431,,,,
1153,04/15/2026 06:23:07,24.40,8.20,6.74,24.35,102.399,51558.5,52273.5,34.38,33513.03,101.380,0.14782,,,,
1154,04/15/2026 06:25:07,24.40,8.19,6.73,24.35,102.364,51563.5,52278.6,34.38,33516.29,101.380,0.14431,,,,
1155,04/15/2026 06:27:07,24.40,8.20,6.74,24.35,102.399,51601.3,52313.6,34.41,33540.87,101.380,0.14783,,,,
1156,04/15/2026 06:29:07,24.40,8.19,6.73,24.35,102.417,51587.4,52299.5,34.40,33531.83,101.380,0.14958,,,,
1157,04/15/2026 06:31:07,24.40,8.19,6.73,24.35,102.399,51583.1,52291.8,34.39,33529.04,101.380,0.14783,,,,
1158,04/15/2026 06:33:07,24.41,8.19,6.73,24.35,102.399,51563.5,52271.9,34.38,33516.29,101.380,0.14783,,,,
1159,04/15/2026 06:35:07,24.41,8.19,6.73,24.36,102.452,51573.6,52278.7,34.38,33522.81,101.380,0.15310,,,,
1160,04/15/2026 06:37:07,24.40,8.19,6.73,24.36,102.399,51579.7,52285.0,34.39,33526.80,101.380,0.14784,,,,
1161,04/15/2026 06:39:07,24.41,8.19,6.73,24.36,102.399,51584.0,52289.3,34.39,33529.60,101.380,0.14784,,,,
1162,04/15/2026 06:41:07,24.41,8.19,6.73,24.36,102.417,51589.7,52291.8,34.39,33533.32,101.380,0.14961,,,,
1163,04/15/2026 06:43:07,24.41,8.19,6.73,24.36,102.452,51572.4,52270.8,34.38,33522.06,101.380,0.15312,,,,
1164,04/15/2026 06:45:07,24.42,8.18,6.72,24.36,102.435,51563.5,52261.9,34.37,33516.29,101.380,0.15137,,,,
1165,04/15/2026 06:47:07,24.41,8.19,6.73,24.37,102.417,51606.4,52301.9,34.40,33544.13,101.380,0.14963,,,,
1166,04/15/2026 06:49:07,24.42,8.19,6.73,24.37,102.435,51600.2,52292.3,34.39,33540.13,101.380,0.15139,,,,
1167,04/15/2026 06:51:07,24.42,8.19,6.73,24.37,102.400,51563.5,52251.8,34.36,33516.29,101.380,0.14789,,,,
1168,04/15/2026 06:53:07,24.42,8.19,6.73,24.38,102.400,51602.5,52287.9,34.39,33541.61,101.380,0.14790,,,,
1169,04/15/2026 06:55:07,24.43,8.20,6.74,24.38,102.400,51610.2,52289.0,34.39,33546.64,101.380,0.14792,,,,
1170,04/15/2026 06:57:07,24.43,8.20,6.74,24.38,102.382,51605.2,52280.6,34.39,33543.38,101.380,0.14618,,,,
1171,04/15/2026 06:59:07,24.43,8.21,6.74,24.39,102.418,51611.8,52283.9,34.39,33547.67,101.380,0.14969,,,,
1172,04/15/2026 07:01:07,24.44,8.21,6.75,24.39,102.471,51604.8,52270.1,34.38,33543.11,101.380,0.15496,,,,
1173,04/15/2026 07:03:07,24.44,8.22,6.75,24.40,102.418,51618.0,52276.7,34.38,33551.67,101.380,0.14973,,,,
1174,04/15/2026 07:05:07,24.45,8.23,6.76,24.41,102.436,51627.6,52279.8,34.39,33557.93,101.380,0.15150,,,,
1175,04/15/2026 07:07:07,24.45,8.23,6.77,24.42,102.436,51621.4,52263.5,34.38,33553.91,101.380,0.15153,,,,
1176,04/15/2026 07:09:07,24.46,8.24,6.77,24.42,102.419,51648.1,52280.4,34.39,33571.25,101.380,0.14981,,,,
1177,04/15/2026 07:11:07,24.47,8.25,6.78,24.43,102.366,51675.5,52298.1,34.40,33589.09,101.380,0.14459,,,,
1178,04/15/2026 07:13:07,24.48,8.26,6.79,24.44,102.402,51622.6,52234.4,34.36,33554.66,101.380,0.14812,,,,
1179,04/15/2026 07:15:07,24.49,8.26,6.79,24.45,102.402,51639.2,52241.2,34.36,33565.47,101.380,0.14815,,,,
1180,04/15/2026 07:17:07,24.49,8.28,6.80,24.46,102.385,51678.2,52270.7,34.38,33590.86,101.380,0.14643,,,,
1181,04/15/2026 07:19:07,24.51,8.28,6.81,24.47,102.403,51686.0,52268.5,34.38,33595.89,101.380,0.14820,,,,
1182,04/15/2026 07:21:07,24.52,8.29,6.81,24.48,102.438,51748.8,52318.5,34.42,33636.69,101.380,0.15175,,,,
1183,04/15/2026 07:23:07,24.53,8.29,6.81,24.49,102.456,51695.7,52254.8,34.37,33602.18,101.380,0.15352,,,,
1184,04/15/2026 07:25:07,24.54,8.29,6.82,24.50,102.386,51710.7,52263.3,34.38,33611.98,101.380,0.14654,,,,
1185,04/15/2026 07:27:07,24.54,8.30,6.82,24.51,102.457,51744.1,52287.0,34.40,33633.66,101.380,0.15357,,,,
1186,04/15/2026 07:29:07,24.54,8.31,6.83,24.51,102.404,51702.2,52234.6,34.36,33606.45,101.380,0.14835,,,,
1187,04/15/2026 07:31:07,24.57,8.31,6.83,24.52,102.422,51725.1,52247.7,34.37,33621.32,101.380,0.15013,,,,
1188,04/15/2026 07:33:07,24.57,8.32,6.84,24.53,102.440,51764.3,52277.2,34.39,33646.77,101.380,0.15191,,,,
1189,04/15/2026 07:35:07,24.58,8.32,6.84,24.54,102.475,51781.4,52284.4,34.40,33657.89,101.380,0.15544,,,,
1190,04/15/2026 07:37:07,24.59,8.33,6.85,24.55,102.458,51762.7,52255.6,34.38,33645.76,101.380,0.15372,,,,
1191,04/15/2026 07:39:07,24.60,8.34,6.85,24.56,102.529,51836.2,52316.3,34.42,33693.51,101.380,0.16076,,,,
1192,04/15/2026 07:41:07,24.60,8.35,6.86,24.57,102.441,51810.1,52279.9,34.40,33676.55,101.380,0.15204,,,,
1193,04/15/2026 07:43:07,24.62,8.36,6.87,24.58,102.512,51811.3,52267.7,34.39,33677.31,101.380,0.15908,,,,
1194,04/15/2026 07:45:07,24.63,8.38,6.88,24.60,102.530,51880.9,52324.6,34.43,33722.59,101.380,0.16087,,,,
1195,04/15/2026 07:47:07,24.64,8.39,6.89,24.61,102.513,51874.3,52301.2,34.41,33718.30,101.380,0.15917,,,,
1196,04/15/2026 07:49:07,24.65,8.40,6.91,24.63,102.513,51833.0,52242.9,34.37,33691.45,101.380,0.15922,,,,
1197,04/15/2026 07:51:07,24.67,8.42,6.92,24.64,102.531,51848.2,52244.8,34.37,33701.32,101.380,0.16100,,,,
1198,04/15/2026 07:53:07,24.68,8.42,6.92,24.65,102.479,51941.8,52325.7,34.43,33762.14,101.380,0.15579,,,,
1199,04/15/2026 07:55:07,24.69,8.44,6.94,24.67,102.480,51910.1,52277.2,34.40,33741.59,101.380,0.15584,,,,
1200,04/15/2026 07:57:07,24.71,8.45,6.95,24.68,102.445,51866.5,52219.9,34.36,33713.24,101.380,0.15238,,,,
1201,04/15/2026 07:59:07,24.73,8.46,6.96,24.69,102.515,51964.5,52305.1,34.42,33776.90,101.380,0.15942,,,,
1202,04/15/2026 08:01:07,24.74,8.46,6.96,24.70,102.533,51934.0,52264.4,34.39,33757.09,101.380,0.16120,,,,
1203,04/15/2026 08:03:07,24.74,8.47,6.96,24.71,102.516,51960.6,52274.5,34.40,33774.37,101.380,0.15950,,,,
1204,04/15/2026 08:05:07,24.76,8.47,6.96,24.73,102.464,51993.8,52294.5,34.41,33795.96,101.380,0.15429,,,,
1205,04/15/2026 08:07:07,24.77,8.49,6.98,24.74,102.499,51971.1,52258.3,34.39,33781.19,101.380,0.15783,,,,
1206,04/15/2026 08:09:07,24.78,8.49,6.98,24.75,102.447,51998.9,52272.9,34.40,33799.27,101.380,0.15261,,,,
1207,04/15/2026 08:11:07,24.80,8.51,6.99,24.77,102.518,51983.6,52240.9,34.38,33789.35,101.380,0.15967,,,,
1208,04/15/2026 08:13:07,24.82,8.51,7.00,24.78,102.518,52030.9,52271.8,34.40,33820.11,101.380,0.15971,,,,
1209,04/15/2026 08:15:07,24.82,8.53,7.02,24.80,102.519,52039.9,52264.2,34.40,33825.95,101.380,0.15976,,,,
1210,04/15/2026 08:17:07,24.85,8.54,7.02,24.81,102.502,52063.0,52270.7,34.40,33840.96,101.380,0.15806,,,,
1211,04/15/2026 08:19:07,24.85,8.57,7.05,24.83,102.502,52087.3,52275.1,34.41,33856.76,101.380,0.15812,,,,
1212,04/15/2026 08:21:07,24.88,8.57,7.04,24.85,102.485,52122.2,52290.0,34.42,33879.40,101.380,0.15643,,,,
1213,04/15/2026 08:23:07,24.89,8.58,7.06,24.87,102.504,52118.0,52265.9,34.40,33876.68,101.380,0.15824,,,,
1214,04/15/2026 08:25:07,24.90,8.60,7.07,24.88,102.487,52128.5,52256.4,34.39,33883.51,101.380,0.15655,,,,
1215,04/15/2026 08:27:07,24.93,8.60,7.07,24.90,102.470,52143.8,52251.8,34.39,33893.48,101.380,0.15486,,,,
1216,04/15/2026 08:29:07,24.94,8.61,7.08,24.92,102.488,52197.7,52285.8,34.42,33928.49,101.380,0.15666,,,,
1217,04/15/2026 08:31:07,24.97,8.62,7.09,24.94,102.524,52189.9,52258.1,34.40,33923.41,101.380,0.16023,,,,
1218,04/15/2026 08:33:07,24.99,8.64,7.10,24.96,102.542,52243.6,52285.2,34.42,33958.34,101.380,0.16206,,,,
1219,04/15/2026 08:35:07,25.00,8.65,7.11,24.98,102.525,52234.8,52256.5,34.40,33952.62,101.380,0.16036,,,,
1220,04/15/2026 08:37:07,25.02,8.65,7.11,25.00,102.473,52242.4,52244.1,34.39,33957.54,101.380,0.15517,,,,
1221,04/15/2026 08:39:07,25.04,8.65,7.12,25.01,102.544,52278.3,52263.4,34.41,33980.91,101.380,0.16222,,,,
1222,04/15/2026 08:41:07,25.05,8.66,7.12,25.03,102.562,52305.5,52274.0,34.42,33998.57,101.380,0.16402,,,,
1223,04/15/2026 08:43:07,25.07,8.66,7.12,25.04,102.527,52304.0,52255.9,34.40,33997.63,101.380,0.16057,,,,
1224,04/15/2026 08:45:07,25.08,8.67,7.13,25.06,102.492,52332.5,52267.8,34.41,34016.11,101.380,0.15712,,,,
1225,04/15/2026 08:47:07,25.10,8.67,7.13,25.07,102.493,52328.6,52247.2,34.40,34013.56,101.380,0.15717,,,,
1226,04/15/2026 08:49:07,25.11,8.68,7.14,25.09,102.546,52355.8,52257.8,34.41,34031.25,101.380,0.16247,,,,
1227,04/15/2026 08:51:07,25.13,8.68,7.14,25.10,102.529,52360.9,52249.7,34.40,34034.59,101.380,0.16076,,,,
1228,04/15/2026 08:53:07,25.14,8.69,7.15,25.11,102.565,52372.3,52247.7,34.40,34041.96,101.380,0.16430,,,,
1229,04/15/2026 08:55:07,25.15,8.69,7.14,25.12,102.494,52399.5,52265.0,34.41,34059.68,101.380,0.15733,,,,
1230,04/15/2026 08:57:07,25.16,8.68,7.14,25.13,102.547,52389.4,52248.2,34.40,34053.10,101.380,0.16260,,,,
1231,04/15/2026 08:59:07,25.17,8.69,7.14,25.14,102.548,52393.1,52242.0,34.40,34055.52,101.380,0.16263,,,,
1232,04/15/2026 09:01:07,25.18,8.69,7.14,25.15,102.548,52411.3,52250.2,34.40,34067.33,101.380,0.16266,,,,
1233,04/15/2026 09:03:07,25.19,8.69,7.15,25.16,102.566,52393.3,52219.0,34.38,34055.65,101.380,0.16445,,,,
1234,04/15/2026 09:05:07,25.20,8.70,7.16,25.17,102.531,52430.7,52246.3,34.40,34079.95,101.380,0.16098,,,,
1235,04/15/2026 09:07:07,25.21,8.71,7.17,25.18,102.532,52406.1,52208.6,34.37,34063.97,101.380,0.16102,,,,
1236,04/15/2026 09:09:07,25.23,8.73,7.18,25.20,102.567,52451.4,52237.1,34.40,34093.39,101.380,0.16457,,,,
1237,04/15/2026 09:11:07,25.24,8.74,7.19,25.21,102.515,52498.1,52263.8,34.42,34123.79,101.380,0.15937,,,,
1238,04/15/2026 09:13:07,25.25,8.76,7.21,25.23,102.533,52552.5,52294.7,34.44,34159.13,101.380,0.16119,,,,
1239,04/15/2026 09:15:07,25.27,8.79,7.23,25.27,102.482,52525.3,52234.6,34.40,34141.45,101.380,0.15604,,,,
1240,04/15/2026 09:17:07,25.31,8.82,7.25,25.31,102.536,52605.7,52268.3,34.43,34193.73,101.380,0.16143,,,,
1241,04/15/2026 09:19:07,25.34,8.85,7.28,25.35,102.537,52617.6,52230.4,34.40,34201.41,101.380,0.16158,,,,
1242,04/15/2026 09:21:07,25.38,8.87,7.30,25.39,102.521,52684.1,52253.5,34.42,34244.68,101.380,0.15996,,,,
1243,04/15/2026 09:23:07,25.42,8.90,7.32,25.44,102.487,52790.0,52305.6,34.46,34313.50,101.380,0.15661,,,,
1244,04/15/2026 09:25:07,25.47,8.91,7.33,25.48,102.506,52830.7,52306.3,34.46,34339.95,101.380,0.15849,,,,
1245,04/15/2026 09:27:07,25.51,8.94,7.35,25.51,102.490,52807.0,52246.6,34.42,34324.55,101.380,0.15684,,,,
1246,04/15/2026 09:29:07,25.54,8.95,7.37,25.54,102.438,52862.1,52268.1,34.44,34360.36,101.380,0.15169,,,,
1247,04/15/2026 09:31:07,25.57,8.98,7.39,25.57,102.527,52864.7,52237.8,34.42,34362.08,101.380,0.16055,,,,
1248,04/15/2026 09:33:07,25.61,8.99,7.40,25.60,102.510,52893.7,52230.1,34.41,34380.88,101.380,0.15890,,,,
1249,04/15/2026 09:35:07,25.64,9.01,7.41,25.64,102.511,52944.9,52244.5,34.42,34414.18,101.380,0.15901,,,,
1250,04/15/2026 09:37:07,25.67,9.02,7.42,25.67,102.477,53014.8,52280.5,34.45,34459.59,101.380,0.15561,,,,
1251,04/15/2026 09:39:07,25.71,9.04,7.44,25.70,102.549,52979.1,52215.8,34.40,34436.45,101.380,0.16271,,,,
1252,04/15/2026 09:41:07,25.73,9.05,7.45,25.73,102.514,53068.9,52271.4,34.45,34494.79,101.380,0.15930,,,,
1253,04/15/2026 09:43:07,25.76,9.08,7.47,25.76,102.551,53046.4,52213.1,34.41,34480.19,101.380,0.16292,,,,
1254,04/15/2026 09:45:07,25.80,9.08,7.47,25.79,102.552,53096.7,52226.5,34.42,34512.84,101.380,0.16303,,,,
1255,04/15/2026 09:47:07,25.83,9.07,7.47,25.81,102.517,53068.9,52176.2,34.38,34494.80,101.380,0.15960,,,,
1256,04/15/2026 09:49:07,25.85,9.08,7.47,25.84,102.553,53123.2,52203.3,34.40,34530.05,101.380,0.16318,,,,
1257,04/15/2026 09:51:07,25.88,9.07,7.47,25.86,102.536,53157.6,52214.2,34.41,34552.45,101.380,0.16150,,,,
1258,04/15/2026 09:53:07,25.90,9.07,7.47,25.88,102.519,53190.8,52223.8,34.42,34573.98,101.380,0.15982,,,,
1259,04/15/2026 09:55:07,25.92,9.08,7.47,25.90,102.485,53225.3,52238.0,34.43,34596.43,101.380,0.15637,,,,
1260,04/15/2026 09:57:07,25.94,9.07,7.47,25.92,102.556,53278.5,52270.6,34.46,34631.01,101.380,0.16344,,,,
1261,04/15/2026 09:59:07,25.96,9.07,7.47,25.93,102.556,53267.8,52243.8,34.44,34624.08,101.380,0.16349,,,,
1262,04/15/2026 10:01:07,25.98,9.07,7.47,25.95,102.539,53290.4,52246.2,34.44,34638.77,101.380,0.16180,,,,
1263,04/15/2026 10:03:07,25.99,9.07,7.47,25.97,102.540,53279.8,52219.5,34.42,34631.88,101.380,0.16185,,,,
1264,04/15/2026 10:05:07,26.01,9.07,7.47,25.99,102.523,53331.8,52250.8,34.44,34665.66,101.380,0.16016,,,,
1265,04/15/2026 10:07:07,26.02,9.08,7.48,26.00,102.506,53341.1,52243.6,34.44,34671.72,101.380,0.15846,,,,
1266,04/15/2026 10:09:07,26.04,9.08,7.47,26.02,102.577,53354.3,52240.2,34.44,34680.32,101.380,0.16551,,,,
1267,04/15/2026 10:11:07,26.06,9.08,7.47,26.03,102.560,53371.7,52240.8,34.44,34691.62,101.380,0.16381,,,,
1268,04/15/2026 10:13:07,26.07,9.07,7.47,26.05,102.543,53318.4,52169.1,34.39,34656.97,101.380,0.16212,,,,
1269,04/15/2026 10:15:07,26.08,9.07,7.46,26.06,102.578,53431.9,52270.3,34.46,34730.74,101.380,0.16565,,,,
1270,04/15/2026 10:17:07,26.10,9.06,7.46,26.07,102.508,53421.2,52246.7,34.44,34723.79,101.380,0.15869,,,,
1271,04/15/2026 10:19:07,26.11,9.06,7.46,26.08,102.526,53428.0,52243.6,34.44,34728.22,101.380,0.16047,,,,
1272,04/15/2026 10:21:07,26.12,9.05,7.45,26.09,102.544,53423.9,52223.3,34.43,34725.56,101.380,0.16227,,,,
1273,04/15/2026 10:23:07,26.13,9.05,7.45,26.11,102.527,53520.5,52298.0,34.48,34788.32,101.380,0.16058,,,,
1274,04/15/2026 10:25:07,26.15,9.04,7.45,26.13,102.563,53481.5,52243.6,34.45,34762.99,101.380,0.16413,,,,
1275,04/15/2026 10:27:07,26.17,9.06,7.46,26.14,102.616,53468.2,52217.5,34.43,34754.31,101.380,0.16943,,,,
1276,04/15/2026 10:29:07,26.18,9.07,7.47,26.15,102.581,53500.3,52235.7,34.44,34775.16,101.380,0.16597,,,,
1277,04/15/2026 10:31:07,26.19,9.06,7.46,26.16,102.564,53502.8,52225.2,34.43,34776.79,101.380,0.16426,,,,
1278,04/15/2026 10:33:07,26.20,9.09,7.49,26.19,102.600,53527.0,52225.9,34.43,34792.53,101.380,0.16783,,,,
1279,04/15/2026 10:35:07,26.23,9.11,7.50,26.21,102.548,53595.5,52263.4,34.46,34837.08,101.380,0.16267,,,,
1280,04/15/2026 10:37:07,26.25,9.13,7.51,26.24,102.567,53634.6,52272.2,34.47,34862.51,101.380,0.16451,,,,
1281,04/15/2026 10:39:07,26.28,9.13,7.52,26.27,102.532,53634.6,52246.1,34.45,34862.51,101.380,0.16109,,,,
1282,04/15/2026 10:41:07,26.31,9.15,7.54,26.29,102.551,53623.8,52209.5,34.43,34855.50,101.380,0.16292,,,,
1283,04/15/2026 10:43:07,26.33,9.17,7.55,26.32,102.534,53659.0,52214.4,34.43,34878.35,101.380,0.16126,,,,
1284,04/15/2026 10:45:07,26.35,9.20,7.58,26.35,102.535,53706.1,52224.4,34.44,34908.93,101.380,0.16137,,,,
1285,04/15/2026 10:47:07,26.39,9.23,7.60,26.40,102.519,53788.5,52249.1,34.46,34962.51,101.380,0.15979,,,,
1286,04/15/2026 10:49:07,26.44,9.25,7.62,26.46,102.539,53846.8,52247.2,34.46,35000.40,101.380,0.16173,,,,
1287,04/15/2026 10:51:07,26.49,9.27,7.64,26.51,102.505,53905.4,52252.1,34.47,35038.53,101.380,0.15839,,,,
1288,04/15/2026 10:53:07,26.54,9.29,7.65,26.55,102.612,53948.8,52245.3,34.46,35066.70,101.380,0.16905,,,,
1289,04/15/2026 10:55:07,26.59,9.31,7.67,26.61,102.597,53995.0,52231.7,34.46,35096.77,101.380,0.16748,,,,
1290,04/15/2026 10:57:07,26.63,9.34,7.69,26.67,102.546,54073.9,52246.3,34.47,35148.04,101.380,0.16242,,,,
1291,04/15/2026 10:59:07,26.69,9.35,7.71,26.72,102.548,54112.9,52225.6,34.46,35173.38,101.380,0.16261,,,,
1292,04/15/2026 11:01:07,26.75,9.36,7.71,26.76,102.584,54196.1,52260.6,34.48,35227.47,101.380,0.16625,,,,
1293,04/15/2026 11:03:07,26.79,9.36,7.71,26.80,102.550,54217.8,52239.4,34.47,35241.55,101.380,0.16288,,,,
1294,04/15/2026 11:05:07,26.83,9.36,7.71,26.83,102.622,54227.7,52216.5,34.46,35247.98,101.380,0.16999,,,,
1295,04/15/2026 11:07:07,26.86,9.34,7.70,26.85,102.569,54272.9,52243.9,34.48,35277.37,101.380,0.16479,,,,
1296,04/15/2026 11:09:07,26.88,9.32,7.68,26.86,102.623,54271.4,52226.3,34.46,35276.41,101.380,0.17009,,,,
1297,04/15/2026 11:11:07,26.90,9.32,7.68,26.88,102.588,54281.3,52219.7,34.46,35282.87,101.380,0.16664,,,,
1298,04/15/2026 11:13:07,26.92,9.31,7.68,26.90,102.518,54310.0,52231.1,34.47,35301.52,101.380,0.15969,,,,
1299,04/15/2026 11:15:07,26.94,9.31,7.68,26.92,102.554,54319.6,52217.7,34.46,35307.75,101.380,0.16326,,,,
1300,04/15/2026 11:17:07,26.96,9.32,7.69,26.94,102.555,54348.7,52223.1,34.46,35326.67,101.380,0.16333,,,,
1301,04/15/2026 11:19:07,26.98,9.34,7.70,26.97,102.503,54380.4,52224.5,34.47,35347.28,101.380,0.15817,,,,
1302,04/15/2026 11:21:07,27.00,9.35,7.71,26.99,102.557,54386.0,52204.0,34.45,35350.88,101.380,0.16351,,,,
1303,04/15/2026 11:23:07,27.02,9.35,7.71,27.01,102.540,54455.1,52244.5,34.48,35395.80,101.380,0.16184,,,,
1304,04/15/2026 11:25:07,27.05,9.37,7.73,27.04,102.541,54478.8,52238.2,34.48,35411.21,101.380,0.16193,,,,
1305,04/15/2026 11:27:07,27.08,9.37,7.72,27.07,102.542,54492.0,52221.9,34.47,35419.82,101.380,0.16203,,,,
1306,04/15/2026 11:29:07,27.11,9.37,7.72,27.09,102.525,54547.7,52252.6,34.49,35455.97,101.380,0.16035,,,,
1307,04/15/2026 11:31:07,27.13,9.38,7.73,27.12,102.526,54531.4,52211.2,34.46,35445.41,101.380,0.16043,,,,
1308,04/15/2026 11:33:07,27.16,9.40,7.75,27.16,102.474,54642.5,52272.4,34.51,35517.60,101.380,0.15532,,,,
1309,04/15/2026 11:35:07,27.20,9.42,7.77,27.20,102.529,54621.6,52207.4,34.46,35504.06,101.380,0.16072,,,,
1310,04/15/2026 11:37:07,27.24,9.43,7.77,27.25,102.477,54734.5,52267.0,34.51,35577.45,101.380,0.15562,,,,
1311,04/15/2026 11:39:07,27.29,9.45,7.79,27.30,102.514,54785.5,52261.0,34.51,35610.59,101.380,0.15930,,,,
1312,04/15/2026 11:41:07,27.34,9.45,7.80,27.35,102.569,54795.7,52222.5,34.48,35617.23,101.380,0.16471,,,,
1313,04/15/2026 11:43:07,27.38,9.47,7.81,27.39,102.552,54847.9,52230.4,34.49,35651.11,101.380,0.16309,,,,
1314,04/15/2026 11:45:07,27.42,9.49,7.82,27.44,102.519,54897.4,52216.6,34.48,35683.34,101.380,0.15979,,,,
1315,04/15/2026 11:47:07,27.48,9.51,7.84,27.52,102.539,55008.8,52248.7,34.51,35755.71,101.380,0.16178,,,,
1316,04/15/2026 11:49:07,27.55,9.52,7.85,27.59,102.542,55090.3,52252.3,34.51,35808.68,101.380,0.16202,,,,
1317,04/15/2026 11:51:07,27.62,9.54,7.87,27.66,102.562,55133.8,52216.7,34.49,35836.99,101.380,0.16402,,,,
1318,04/15/2026 11:53:07,27.68,9.52,7.86,27.70,102.546,55179.9,52218.8,34.49,35866.96,101.380,0.16241,,,,
1319,04/15/2026 11:55:07,27.71,9.48,7.82,27.72,102.546,55224.2,52244.6,34.51,35895.71,101.380,0.16246,,,,
1320,04/15/2026 11:57:07,27.75,9.46,7.81,27.72,102.529,55226.4,52237.2,34.50,35897.18,101.380,0.16074,,,,
1321,04/15/2026 11:59:07,27.77,9.48,7.82,27.76,102.530,55218.2,52197.4,34.48,35891.84,101.380,0.16084,,,,
1322,04/15/2026 12:01:07,27.80,9.47,7.81,27.78,102.566,55261.3,52209.4,34.49,35919.85,101.380,0.16444,,,,
1323,04/15/2026 12:03:07,27.82,9.47,7.81,27.81,102.567,55300.6,52221.0,34.50,35945.39,101.380,0.16452,,,,
1324,04/15/2026 12:05:07,27.85,9.48,7.82,27.84,102.498,55333.3,52216.7,34.49,35966.64,101.380,0.15763,,,,
1325,04/15/2026 12:07:07,27.88,9.47,7.81,27.87,102.534,55366.0,52218.8,34.50,35987.93,101.380,0.16123,,,,
1326,04/15/2026 12:09:07,27.92,9.48,7.82,27.90,102.552,55436.4,52256.5,34.53,36033.69,101.380,0.16308,,,,
1327,04/15/2026 12:11:07,27.94,9.50,7.84,27.95,102.536,55457.8,52225.6,34.50,36047.58,101.380,0.16150,,,,
1328,04/15/2026 12:13:07,27.99,9.53,7.86,28.02,102.521,55529.3,52222.8,34.50,36094.07,101.380,0.15997,,,,
1329,04/15/2026 12:15:07,28.06,9.54,7.88,28.10,102.506,55623.4,52225.1,34.51,36155.18,101.380,0.15851,,,,
1330,04/15/2026 12:17:07,28.13,9.58,7.90,28.18,102.492,55696.9,52208.3,34.50,36202.98,101.380,0.15704,,,,
1331,04/15/2026 12:19:07,28.22,9.57,7.90,28.27,102.530,55822.9,52237.3,34.52,36284.89,101.380,0.16084,,,,
1332,04/15/2026 12:21:07,28.29,9.56,7.89,28.33,102.497,55835.3,52188.5,34.49,36292.97,101.380,0.15754,,,,
1333,04/15/2026 12:23:07,28.34,9.54,7.87,28.35,102.445,55873.6,52202.1,34.50,36317.84,101.380,0.15236,,,,
1334,04/15/2026 12:25:07,28.38,9.55,7.89,28.39,102.481,55916.1,52197.4,34.50,36345.45,101.380,0.15601,,,,
1335,04/15/2026 12:27:07,28.43,9.56,7.89,28.44,102.501,55957.7,52185.5,34.49,36372.52,101.380,0.15794,,,,
1336,04/15/2026 12:29:07,28.48,9.56,7.89,28.49,102.502,56018.8,52198.1,34.50,36412.22,101.380,0.15808,,,,
1337,04/15/2026 12:31:07,28.53,9.58,7.91,28.54,102.504,56029.6,52154.4,34.47,36419.23,101.380,0.15827,,,,
1338,04/15/2026 12:33:07,28.57,9.57,7.90,28.58,102.453,56094.9,52167.7,34.48,36461.65,101.380,0.15317,,,,
1339,04/15/2026 12:35:07,28.62,9.57,7.90,28.63,102.472,56110.0,52134.3,34.46,36471.50,101.380,0.15508,,,,
1340,04/15/2026 12:37:07,28.67,9.56,7.90,28.67,102.491,56172.7,52154.7,34.48,36512.28,101.380,0.15696,,,,
1341,04/15/2026 12:39:07,28.70,9.54,7.88,28.69,102.491,56164.4,52128.0,34.46,36506.86,101.380,0.15703,,,,
1342,04/15/2026 12:41:07,28.72,9.53,7.87,28.70,102.474,56157.8,52109.2,34.44,36502.55,101.380,0.15532,,,,
1343,04/15/2026 12:43:07,28.75,9.56,7.89,28.72,102.458,56198.7,52122.0,34.45,36529.18,101.380,0.15365,,,,
1344,04/15/2026 12:45:07,28.77,9.54,7.88,28.74,102.441,56229.2,52131.3,34.46,36548.96,101.380,0.15197,,,,
1345,04/15/2026 12:47:07,28.79,9.53,7.87,28.75,102.441,56202.2,52100.0,34.44,36531.41,101.380,0.15199,,,,
1346,04/15/2026 12:49:07,28.79,9.52,7.87,28.75,102.441,56192.1,52087.5,34.43,36524.87,101.380,0.15200,,,,
1347,04/15/2026 12:51:07,28.80,9.50,7.85,28.75,102.423,56153.4,52054.7,34.40,36499.71,101.380,0.15023,,,,
1348,04/15/2026 12:53:07,28.80,9.49,7.85,28.75,102.441,56134.3,52040.2,34.39,36487.27,101.380,0.15198,,,,
1349,04/15/2026 12:55:07,28.80,9.51,7.86,28.75,102.441,56167.1,52067.4,34.41,36508.60,101.380,0.15199,,,,
1350,04/15/2026 12:57:07,28.81,9.51,7.86,28.78,102.459,56247.6,52113.7,34.45,36560.93,101.380,0.15384,,,,
1351,04/15/2026 12:59:07,28.83,9.51,7.86,28.81,102.407,56204.6,52045.6,34.40,36533.00,101.380,0.14868,,,,
1352,04/15/2026 13:01:07,28.85,9.50,7.85,28.81,102.443,56206.3,52040.8,34.40,36534.12,101.380,0.15220,,,,
1353,04/15/2026 13:03:07,28.86,9.50,7.85,28.82,102.408,56256.7,52074.9,34.42,36566.84,101.380,0.14874,,,,
1354,04/15/2026 13:05:07,28.87,9.51,7.86,28.84,102.462,56218.1,52023.4,34.38,36541.78,101.380,0.15405,,,,
1355,04/15/2026 13:07:07,28.89,9.51,7.86,28.86,102.392,56234.1,52013.1,34.38,36552.16,101.380,0.14713,,,,
1356,04/15/2026 13:09:07,28.91,9.53,7.88,28.90,102.446,56280.6,52024.6,34.39,36582.36,101.380,0.15249,,,,
1357,04/15/2026 13:11:07,28.96,9.54,7.89,28.96,102.395,56350.5,52026.4,34.39,36627.81,101.380,0.14745,,,,
1358,04/15/2026 13:13:07,29.01,9.56,7.90,29.01,102.432,56584.7,52189.0,34.51,36780.04,101.380,0.15114,,,,
1359,04/15/2026 13:15:07,29.06,9.53,7.87,29.05,102.434,56642.6,52201.6,34.52,36817.71,101.380,0.15128,,,,
1360,04/15/2026 13:17:07,29.08,9.52,7.86,29.07,102.434,56668.3,52209.5,34.53,36834.42,101.380,0.15133,,,,
1361,04/15/2026 13:19:07,29.11,9.51,7.86,29.09,102.435,56646.8,52170.8,34.50,36820.44,101.380,0.15140,,,,
1362,04/15/2026 13:21:07,29.13,9.49,7.84,29.09,102.435,56688.7,52199.9,34.52,36847.67,101.380,0.15143,,,,
1363,04/15/2026 13:23:07,29.13,9.48,7.84,29.10,102.418,56669.0,52178.6,34.51,36834.84,101.380,0.14969,,,,
1364,04/15/2026 13:25:07,29.14,9.44,7.80,29.09,102.417,56661.2,52180.9,34.51,36829.79,101.380,0.14966,,,,
1365,04/15/2026 13:27:07,29.13,9.44,7.80,29.08,102.400,56645.7,52172.9,34.50,36819.71,101.380,0.14788,,,,
1366,04/15/2026 13:29:07,29.14,9.41,7.78,29.08,102.435,56618.7,52154.4,34.49,36802.17,101.380,0.15137,,,,
1367,04/15/2026 13:31:07,29.13,9.40,7.77,29.06,102.416,56612.8,52161.4,34.49,36798.29,101.380,0.14957,,,,
1368,04/15/2026 13:33:07,29.11,9.37,7.74,29.05,102.398,56590.6,52156.8,34.49,36783.92,101.380,0.14777,,,,
1369,04/15/2026 13:35:07,29.11,9.35,7.73,29.04,102.380,56566.8,52147.4,34.48,36768.41,101.380,0.14597,,,,
1370,04/15/2026 13:37:07,29.08,9.35,7.73,29.03,102.415,56547.8,52136.2,34.47,36756.07,101.380,0.14945,,,,
1371,04/15/2026 13:39:07,29.08,9.32,7.71,29.02,102.380,56545.4,52146.5,34.48,36754.50,101.380,0.14590,,,,
1372,04/15/2026 13:41:07,29.06,9.32,7.70,29.00,102.414,56506.5,52126.4,34.47,36729.24,101.380,0.14936,,,,
1373,04/15/2026 13:43:07,29.06,9.31,7.69,29.00,102.449,56540.5,52164.0,34.49,36751.32,101.380,0.15284,,,,
1374,04/15/2026 13:45:07,29.05,9.28,7.66,28.98,102.449,56546.0,52184.9,34.51,36754.93,101.380,0.15278,,,,
1375,04/15/2026 13:47:07,29.03,9.24,7.64,28.95,102.377,56443.6,52115.5,34.46,36688.33,101.380,0.14569,,,,
1376,04/15/2026 13:49:07,29.01,9.20,7.61,28.92,102.429,56402.1,52111.7,34.45,36661.34,101.380,0.15083,,,,
1377,04/15/2026 13:51:07,28.97,9.18,7.58,28.89,102.428,56402.1,52146.4,34.48,36661.34,101.380,0.15071,,,,
1378,04/15/2026 13:53:07,28.94,9.16,7.57,28.86,102.445,56338.6,52116.1,34.45,36620.12,101.380,0.15236,,,,
1379,04/15/2026 13:55:07,28.92,9.14,7.55,28.84,102.391,56385.3,52181.3,34.50,36650.45,101.380,0.14703,,,,
1380,04/15/2026 13:57:07,28.90,9.14,7.55,28.82,102.461,56321.9,52141.5,34.47,36609.24,101.380,0.15398,,,,
1381,04/15/2026 13:59:07,28.87,9.13,7.54,28.80,102.407,56377.6,52212.1,34.52,36645.46,101.380,0.14866,,,,
1382,04/15/2026 14:01:07,28.86,9.12,7.54,28.79,102.336,56316.0,52167.6,34.49,36605.40,101.380,0.14160,,,,
1383,04/15/2026 14:03:07,28.84,9.13,7.54,28.77,102.406,56321.2,52188.2,34.50,36608.78,101.380,0.14856,,,,
1384,04/15/2026 14:05:07,28.83,9.13,7.55,28.77,102.424,56287.2,52159.8,34.48,36586.66,101.380,0.15030,,,,
1385,04/15/2026 14:07:07,28.83,9.15,7.56,28.76,102.388,56326.1,52199.1,34.51,36611.96,101.380,0.14679,,,,
1386,04/15/2026 14:09:07,28.83,9.14,7.55,28.76,102.424,56254.5,52132.7,34.46,36565.42,101.380,0.15029,,,,
1387,04/15/2026 14:11:07,28.82,9.14,7.55,28.76,102.406,56265.6,52149.3,34.47,36572.61,101.380,0.14852,,,,
1388,04/15/2026 14:13:07,28.81,9.14,7.55,28.75,102.388,56241.7,52133.5,34.46,36557.10,101.380,0.14674,,,,
1389,04/15/2026 14:15:07,28.80,9.14,7.55,28.75,102.423,56280.6,52172.6,34.49,36582.36,101.380,0.15023,,,,
1390,04/15/2026 14:17:07,28.80,9.14,7.55,28.75,102.405,56274.6,52170.3,34.49,36578.52,101.380,0.14847,,,,
1391,04/15/2026 14:19:07,28.80,9.16,7.57,28.75,102.370,56316.7,52203.0,34.51,36605.87,101.380,0.14499,,,,
1392,04/15/2026 14:21:07,28.81,9.20,7.60,28.78,102.407,56337.9,52194.3,34.51,36619.66,101.380,0.14859,,,,
1393,04/15/2026 14:23:07,28.84,9.21,7.61,28.82,102.408,56377.3,52192.8,34.51,36645.22,101.380,0.14872,,,,
1394,04/15/2026 14:25:07,28.85,9.21,7.61,28.83,102.408,56367.8,52168.3,34.49,36639.10,101.380,0.14877,,,,
1395,04/15/2026 14:27:07,28.87,9.20,7.60,28.83,102.373,56325.0,52128.6,34.46,36611.23,101.380,0.14527,,,,
1396,04/15/2026 14:29:07,28.87,9.18,7.58,28.83,102.408,56342.7,52148.2,34.48,36622.77,101.380,0.14876,,,,
1397,04/15/2026 14:31:07,28.87,9.18,7.59,28.82,102.355,56291.9,52107.5,34.45,36589.75,101.380,0.14349,,,,
1398,04/15/2026 14:33:07,28.88,9.21,7.61,28.84,102.338,56369.6,52160.5,34.49,36640.23,101.380,0.14180,,,,
1399,04/15/2026 14:35:07,28.90,9.21,7.61,28.88,102.410,56363.7,52120.3,34.46,36636.38,101.380,0.14892,,,,
1400,04/15/2026 14:37:07,28.91,9.22,7.62,28.89,102.358,56352.8,52097.7,34.44,36629.34,101.380,0.14371,,,,
1401,04/15/2026 14:39:07,28.94,9.24,7.64,28.91,102.323,56438.4,52154.8,34.48,36684.93,101.380,0.14028,,,,
1402,04/15/2026 14:41:07,28.97,9.25,7.65,28.95,102.325,56425.8,52102.2,34.45,36676.75,101.380,0.14042,,,,
1403,04/15/2026 14:43:07,29.00,9.24,7.64,28.98,102.343,56489.1,52135.4,34.47,36717.89,101.380,0.14226,,,,
1404,04/15/2026 14:45:07,29.01,9.25,7.64,28.99,102.379,56424.0,52059.7,34.42,36675.62,101.380,0.14582,,,,
1405,04/15/2026 14:47:07,29.05,9.26,7.65,29.03,102.363,56527.2,52114.0,34.46,36742.70,101.380,0.14421,,,,
1406,04/15/2026 14:49:07,29.08,9.26,7.66,29.08,102.382,56570.1,52103.3,34.45,36770.54,101.380,0.14613,,,,
1407,04/15/2026 14:51:07,29.12,9.25,7.65,29.11,102.401,56592.8,52092.8,34.44,36785.35,101.380,0.14799,,,,
1408,04/15/2026 14:53:07,29.14,9.25,7.64,29.13,102.401,56599.5,52086.4,34.44,36789.66,101.380,0.14804,,,,
1409,04/15/2026 14:55:07,29.18,9.26,7.66,29.16,102.367,56625.6,52072.8,34.43,36806.64,101.380,0.14466,,,,
1410,04/15/2026 14:57:07,29.21,9.25,7.66,29.20,102.404,56365.3,51799.1,34.23,36637.47,101.380,0.14829,,,,
1411,04/15/2026 14:59:07,29.23,9.22,7.63,29.20,102.386,56295.2,51731.5,34.18,36591.89,101.380,0.14654,,,,
1412,04/15/2026 15:01:07,29.24,9.22,7.64,29.19,102.368,56139.4,51594.6,34.08,36490.62,101.380,0.14477,,,,
1413,04/15/2026 15:03:07,29.24,9.23,7.65,29.20,102.386,55919.0,51385.8,33.92,36347.32,101.380,0.14654,,,,
1414,04/15/2026 15:05:07,29.26,9.24,7.66,29.23,102.370,55919.8,51355.7,33.90,36347.90,101.380,0.14490,,,,
1415,04/15/2026 15:07:07,29.28,9.24,7.66,29.25,102.405,55970.1,51383.3,33.92,36380.54,101.380,0.14847,,,,
1416,04/15/2026 15:09:07,29.29,9.23,7.66,29.26,102.406,55964.2,51365.5,33.91,36376.73,101.380,0.14851,,,,
1417,04/15/2026 15:11:07,29.30,9.23,7.66,29.26,102.371,55994.3,51393.1,33.93,36396.30,101.380,0.14501,,,,
1418,04/15/2026 15:13:07,29.31,9.22,7.65,29.26,102.353,55958.3,51363.2,33.91,36372.93,101.380,0.14325,,,,
1419,04/15/2026 15:15:07,29.31,9.22,7.65,29.25,102.406,55912.4,51327.2,33.88,36343.05,101.380,0.14848,,,,
1420,04/15/2026 15:17:07,29.29,9.20,7.63,29.24,102.405,55912.3,51345.7,33.89,36343.00,101.380,0.14842,,,,
1421,04/15/2026 15:19:07,29.29,9.17,7.61,29.21,102.386,55850.6,51310.6,33.86,36302.89,101.380,0.14659,,,,
1422,04/15/2026 15:21:07,29.27,9.17,7.60,29.20,102.386,55865.6,51336.8,33.88,36312.65,101.380,0.14654,,,,
1423,04/15/2026 15:23:07,29.26,9.19,7.63,29.20,102.421,55641.2,51133.6,33.73,36166.77,101.380,0.15004,,,,
1424,04/15/2026 15:25:07,29.26,9.18,7.62,29.20,102.386,55611.4,51103.1,33.71,36147.38,101.380,0.14654,,,,
1425,04/15/2026 15:27:07,29.25,9.17,7.61,29.19,102.438,55641.2,51142.9,33.74,36166.77,101.380,0.15176,,,,
1426,04/15/2026 15:29:07,29.23,9.15,7.60,29.17,102.403,55412.4,50947.9,33.59,36018.08,101.380,0.14820,,,,
1427,04/15/2026 15:31:07,29.22,9.12,7.58,29.15,102.402,55336.8,50899.9,33.56,35968.93,101.380,0.14812,,,,
1428,04/15/2026 15:33:07,29.21,9.10,7.56,29.13,102.436,55356.6,50942.6,33.59,35981.76,101.380,0.15154,,,,
1429,04/15/2026 15:35:07,29.18,9.08,7.54,29.09,102.382,55307.2,50927.8,33.58,35949.69,101.380,0.14618,,,,
1430,04/15/2026 15:37:07,29.15,9.06,7.53,29.06,102.399,55254.7,50913.2,33.57,35915.56,101.380,0.14781,,,,
1431,04/15/2026 15:39:07,29.12,9.04,7.51,29.03,102.380,55173.4,50869.0,33.53,35862.73,101.380,0.14595,,,,
1432,04/15/2026 15:41:07,29.09,9.01,7.49,28.99,102.379,55148.4,50885.8,33.54,35846.44,101.380,0.14581,,,,
1433,04/15/2026 15:43:07,29.06,8.99,7.47,28.95,102.377,55129.7,50905.4,33.56,35834.29,101.380,0.14568,,,,
1434,04/15/2026 15:45:07,29.01,8.96,7.44,28.91,102.394,54929.4,50760.4,33.45,35704.14,101.380,0.14729,,,,
1435,04/15/2026 15:47:07,28.97,8.92,7.41,28.86,102.374,54871.3,50752.6,33.44,35666.35,101.380,0.14538,,,,
1436,04/15/2026 15:49:07,28.92,8.89,7.39,28.81,102.355,54780.0,50720.2,33.41,35607.01,101.380,0.14344,,,,
1437,04/15/2026 15:51:07,28.88,8.87,7.37,28.77,102.389,54699.7,50688.8,33.39,35554.82,101.380,0.14680,,,,
1438,04/15/2026 15:53:07,28.83,8.86,7.36,28.73,102.352,54655.8,50687.9,33.39,35526.26,101.380,0.14315,,,,
1439,04/15/2026 15:55:07,28.79,8.84,7.35,28.69,102.351,54543.8,50620.8,33.34,35453.46,101.380,0.14302,,,,
1440,04/15/2026 15:57:07,28.75,8.83,7.34,28.65,102.332,54540.8,50654.8,33.36,35451.50,101.380,0.14114,,,,
1441,04/15/2026 15:59:07,28.70,8.81,7.33,28.61,102.366,54453.9,50613.9,33.33,35395.00,101.380,0.14451,,,,
1442,04/15/2026 16:01:07,28.67,8.80,7.32,28.57,102.329,54391.5,50598.9,33.32,35354.49,101.380,0.14086,,,,
1443,04/15/2026 16:03:07,28.63,8.78,7.30,28.53,102.327,54403.3,50649.8,33.35,35362.17,101.380,0.14072,,,,
1444,04/15/2026 16:05:07,28.59,8.76,7.28,28.49,102.344,54314.5,50610.0,33.32,35304.43,101.380,0.14232,,,,
1445,04/15/2026 16:07:07,28.54,8.72,7.25,28.44,102.360,54255.4,50598.0,33.31,35266.03,101.380,0.14392,,,,
1446,04/15/2026 16:09:07,28.50,8.70,7.23,28.39,102.288,54249.6,50641.7,33.34,35262.21,101.380,0.13674,,,,
1447,04/15/2026 16:11:07,28.45,8.67,7.21,28.35,102.357,54109.4,50550.7,33.28,35171.09,101.380,0.14361,,,,
1448,04/15/2026 16:13:07,28.41,8.66,7.20,28.31,102.355,54098.1,50586.4,33.30,35163.79,101.380,0.14345,,,,
1449,04/15/2026 16:15:07,28.36,8.63,7.17,28.26,102.318,54071.8,50604.8,33.31,35146.64,101.380,0.13980,,,,
1450,04/15/2026 16:17:07,28.32,8.60,7.15,28.22,102.370,54016.8,50599.5,33.31,35110.93,101.380,0.14490,,,,
1451,04/15/2026 16:19:07,28.28,8.57,7.13,28.17,102.350,53761.8,50403.6,33.16,34945.18,101.380,0.14300,,,,
1452,04/15/2026 16:21:07,28.22,8.55,7.11,28.12,102.349,53706.2,50400.6,33.16,34909.05,101.380,0.14283,,,,
1453,04/15/2026 16:23:07,28.18,8.52,7.09,28.07,102.347,53647.8,50394.8,33.15,34871.06,101.380,0.14266,,,,
1454,04/15/2026 16:25:07,28.14,8.50,7.07,28.03,102.363,53630.1,50418.2,33.17,34859.59,101.380,0.14427,,,,
1455,04/15/2026 16:27:07,28.09,8.49,7.06,27.98,102.379,53558.7,50400.3,33.15,34813.18,101.380,0.14586,,,,
1456,04/15/2026 16:29:07,28.04,8.47,7.04,27.95,102.343,53535.9,50415.7,33.16,34798.32,101.380,0.14223,,,,
1457,04/15/2026 16:31:07,28.01,8.45,7.03,27.91,102.306,53455.0,50379.5,33.13,34745.76,101.380,0.13859,,,,
1458,04/15/2026 16:33:07,27.96,8.44,7.04,27.87,102.393,52671.6,49677.6,32.61,34236.55,101.380,0.14722,,,,
1459,04/15/2026 16:35:07,27.92,8.42,7.02,27.82,102.356,52547.3,49605.8,32.56,34155.75,101.380,0.14356,,,,
1460,04/15/2026 16:37:07,27.89,8.41,7.01,27.79,102.390,52585.1,49678.0,32.61,34180.32,101.380,0.14694,,,,
1461,04/15/2026 16:39:07,27.85,8.40,7.01,27.75,102.354,52531.8,49664.1,32.60,34145.68,101.380,0.14331,,,,
1462,04/15/2026 16:41:07,27.81,8.39,7.00,27.72,102.352,52478.3,49646.9,32.59,34110.91,101.380,0.14319,,,,
1463,04/15/2026 16:43:07,27.77,8.39,7.00,27.69,102.369,52439.3,49637.3,32.58,34085.51,101.380,0.14485,,,,
1464,04/15/2026 16:45:07,27.74,8.38,6.99,27.65,102.368,52414.5,49650.4,32.59,34069.45,101.380,0.14472,,,,
1465,04/15/2026 16:47:07,27.71,8.38,6.99,27.62,102.384,52398.8,49662.9,32.60,34059.20,101.380,0.14638,,,,
1466,04/15/2026 16:49:07,27.69,8.37,6.99,27.59,102.366,52106.2,49415.9,32.41,33869.05,101.380,0.14452,,,,
1467,04/15/2026 16:51:07,27.65,8.36,6.98,27.56,102.417,52065.2,49410.3,32.41,33842.36,101.380,0.14966,,,,
1468,04/15/2026 16:53:07,27.62,8.36,6.98,27.53,102.417,52091.1,49459.2,32.44,33859.22,101.380,0.14958,,,,
1469,04/15/2026 16:55:07,27.59,8.36,6.98,27.51,102.433,52036.8,49434.9,32.42,33823.93,101.380,0.15124,,,,
1470,04/15/2026 16:57:07,27.57,8.37,6.98,27.48,102.327,52030.5,49453.2,32.44,33819.82,101.380,0.14065,,,,
1471,04/15/2026 16:59:07,27.53,8.37,6.98,27.46,102.396,51986.8,49436.0,32.42,33791.44,101.380,0.14757,,,,
1472,04/15/2026 17:01:07,27.51,8.37,6.98,27.43,102.396,51982.0,49455.7,32.44,33788.33,101.380,0.14749,,,,
1473,04/15/2026 17:03:07,27.48,8.37,6.98,27.41,102.395,52034.7,49530.2,32.49,33822.57,101.380,0.14740,,,,
1474,04/15/2026 17:05:07,27.46,8.37,6.98,27.38,102.394,51971.5,49494.3,32.46,33781.47,101.380,0.14732,,,,
1475,04/15/2026 17:07:07,27.43,8.37,6.98,27.36,102.393,51953.8,49501.8,32.47,33769.95,101.380,0.14724,,,,
1476,04/15/2026 17:09:07,27.41,8.38,6.99,27.34,102.410,51921.6,49492.5,32.46,33749.05,101.380,0.14891,,,,
1477,04/15/2026 17:11:07,27.39,8.37,6.99,27.32,102.374,51858.9,49454.0,32.43,33708.31,101.380,0.14534,,,,
1478,04/15/2026 17:13:07,27.36,8.37,6.98,27.29,102.408,51929.4,49542.6,32.50,33754.14,101.380,0.14877,,,,
1479,04/15/2026 17:15:07,27.35,8.37,6.98,27.27,102.355,51909.4,49544.8,32.50,33741.11,101.380,0.14344,,,,
1480,04/15/2026 17:17:07,27.32,8.36,6.97,27.25,102.389,51833.9,49500.2,32.46,33692.02,101.380,0.14685,,,,
1481,04/15/2026 17:19:07,27.29,8.35,6.96,27.22,102.371,51790.5,49483.1,32.45,33663.82,101.380,0.14502,,,,
1482,04/15/2026 17:21:07,27.28,8.35,6.96,27.20,102.353,51812.4,49522.3,32.48,33678.04,101.380,0.14321,,,,
1483,04/15/2026 17:23:07,27.25,8.35,6.96,27.18,102.387,51762.8,49496.3,32.46,33645.81,101.380,0.14664,,,,
1484,04/15/2026 17:25:07,27.23,8.34,6.96,27.16,102.386,51747.2,49499.7,32.46,33635.67,101.380,0.14657,,,,
1485,04/15/2026 17:27:07,27.22,8.34,6.95,27.14,102.368,51756.9,49530.4,32.48,33642.01,101.380,0.14475,,,,
1486,04/15/2026 17:29:07,27.19,8.33,6.94,27.12,102.385,51785.8,49579.4,32.52,33660.77,101.380,0.14643,,,,
1487,04/15/2026 17:31:07,27.17,8.32,6.94,27.09,102.366,51663.9,49490.2,32.45,33581.54,101.380,0.14458,,,,
1488,04/15/2026 17:33:07,27.14,8.31,6.92,27.06,102.401,51707.8,49562.9,32.50,33610.09,101.380,0.14798,,,,
1489,04/15/2026 17:35:07,27.11,8.29,6.91,27.03,102.417,51621.5,49510.7,32.46,33553.98,101.380,0.14963,,,,
1490,04/15/2026 17:37:07,27.08,8.28,6.90,27.00,102.416,51651.1,49569.6,32.50,33573.19,101.380,0.14953,,,,
1491,04/15/2026 17:39:07,27.05,8.27,6.89,26.97,102.362,51533.8,49487.7,32.44,33496.99,101.380,0.14417,,,,
1492,04/15/2026 17:41:07,27.03,8.25,6.88,26.94,102.361,51538.6,49519.8,32.47,33500.10,101.380,0.14408,,,,
1493,04/15/2026 17:43:07,27.00,8.25,6.88,26.92,102.396,51525.8,49532.0,32.47,33491.79,101.380,0.14750,,,,
1494,04/15/2026 17:45:07,26.97,8.25,6.87,26.89,102.377,51561.0,49590.4,32.52,33514.67,101.380,0.14567,,,,
1495,04/15/2026 17:47:07,26.94,8.24,6.86,26.86,102.412,51530.8,49589.0,32.51,33495.05,101.380,0.14908,,,,
1496,04/15/2026 17:49:07,26.92,8.23,6.86,26.84,102.463,51436.2,49525.5,32.47,33433.50,101.380,0.15424,,,,
1497,04/15/2026 17:51:07,26.89,8.23,6.86,26.82,102.392,51440.0,49550.7,32.48,33436.01,101.380,0.14716,,,,
1498,04/15/2026 17:53:07,26.87,8.23,6.85,26.79,102.427,51477.9,49611.7,32.53,33460.61,101.380,0.15058,,,,
1499,04/15/2026 17:55:07,26.84,8.21,6.84,26.76,102.391,51434.4,49597.4,32.52,33432.34,101.380,0.14699,,,,
1500,04/15/2026 17:57:07,26.82,8.21,6.84,26.74,102.390,51495.0,49680.5,32.58,33471.75,101.380,0.14691,,,,
1501,04/15/2026 17:59:07,26.79,8.20,6.83,26.71,102.406,51360.6,49575.4,32.50,33384.38,101.380,0.14857,,,,
1502,04/15/2026 18:01:07,26.77,8.19,6.82,26.69,102.423,51397.7,49635.9,32.54,33408.51,101.380,0.15024,,,,
1503,04/15/2026 18:03:07,26.74,8.18,6.82,26.67,102.475,51392.7,49655.7,32.56,33405.25,101.380,0.15542,,,,
1504,04/15/2026 18:05:07,26.72,8.18,6.81,26.64,102.439,51374.3,49659.5,32.56,33393.30,101.380,0.15184,,,,
1505,04/15/2026 18:07:07,26.70,8.17,6.81,26.62,102.421,51328.4,49642.8,32.54,33363.44,101.380,0.15000,,,,
1506,04/15/2026 18:09:07,26.67,8.16,6.80,26.59,102.402,51256.4,49597.9,32.51,33316.67,101.380,0.14817,,,,
1507,04/15/2026 18:11:07,26.65,8.15,6.79,26.56,102.419,51305.7,49673.3,32.56,33348.68,101.380,0.14982,,,,
1508,04/15/2026 18:13:07,26.62,8.14,6.78,26.54,102.401,51233.2,49627.8,32.53,33301.56,101.380,0.14799,,,,
1509,04/15/2026 18:15:07,26.60,8.14,6.77,26.52,102.400,51260.8,49676.1,32.57,33319.48,101.380,0.14792,,,,
1510,04/15/2026 18:17:07,26.58,8.12,6.76,26.49,102.417,51270.2,49710.0,32.59,33325.62,101.380,0.14959,,,,
1511,04/15/2026 18:19:07,26.54,8.12,6.76,26.47,102.398,51214.9,49681.1,32.57,33289.71,101.380,0.14776,,,,
1512,04/15/2026 18:21:07,26.52,8.10,6.75,26.44,102.397,51196.2,49690.8,32.57,33277.50,101.380,0.14767,,,,
1513,04/15/2026 18:23:07,26.49,8.09,6.74,26.42,102.414,51103.6,49625.6,32.52,33217.34,101.380,0.14934,,,,
1514,04/15/2026 18:25:07,26.47,8.09,6.73,26.39,102.431,51120.7,49670.1,32.56,33228.45,101.380,0.15100,,,,
1515,04/15/2026 18:27:07,26.44,8.07,6.72,26.37,102.377,51162.5,49735.5,32.60,33255.64,101.380,0.14566,,,,
1516,04/15/2026 18:29:07,26.42,8.07,6.71,26.34,102.429,51166.4,49764.1,32.62,33258.14,101.380,0.15083,,,,
1517,04/15/2026 18:31:07,26.39,8.06,6.71,26.32,102.411,51151.0,49770.8,32.63,33248.12,101.380,0.14901,,,,
1518,04/15/2026 18:33:07,26.37,8.05,6.70,26.30,102.463,51122.3,49767.7,32.62,33229.50,101.380,0.15418,,,,
1519,04/15/2026 18:35:07,26.35,8.05,6.70,26.27,102.427,51112.4,49779.8,32.63,33223.06,101.380,0.15061,,,,
1520,04/15/2026 18:37:07,26.33,8.04,6.69,26.25,102.479,51047.5,49738.4,32.60,33180.89,101.380,0.15579,,,,
1521,04/15/2026 18:39:07,26.31,8.03,6.68,26.23,102.461,51048.1,49763.8,32.62,33181.27,101.380,0.15396,,,,
1522,04/15/2026 18:41:07,26.28,8.03,6.68,26.21,102.530,51083.8,49817.2,32.66,33204.46,101.380,0.16090,,,,
1523,04/15/2026 18:43:07,26.26,8.02,6.68,26.19,102.477,51047.0,49803.1,32.65,33180.56,101.380,0.15558,,,,
1524,04/15/2026 18:45:07,26.24,8.02,6.67,26.17,102.494,51043.8,49818.6,32.66,33178.45,101.380,0.15727,,,,
1525,04/15/2026 18:47:07,26.22,8.01,6.66,26.15,102.458,51037.6,49834.5,32.67,33174.46,101.380,0.15370,,,,
1526,04/15/2026 18:49:07,26.21,8.01,6.66,26.13,102.440,50950.6,49768.1,32.62,33117.88,101.380,0.15189,,,,
1527,04/15/2026 18:51:07,26.18,8.00,6.66,26.11,102.457,50994.9,49833.2,32.66,33146.69,101.380,0.15357,,,,
1528,04/15/2026 18:53:07,26.15,7.99,6.65,26.09,102.438,50971.4,49828.9,32.66,33131.38,101.380,0.15176,,,,
1529,04/15/2026 18:55:07,26.14,7.99,6.65,26.07,102.473,50951.0,49830.9,32.66,33118.18,101.380,0.15519,,,,
1530,04/15/2026 18:57:07,26.12,7.99,6.65,26.05,102.455,50944.0,49842.7,32.67,33113.59,101.380,0.15338,,,,
1531,04/15/2026 18:59:07,26.10,7.99,6.64,26.03,102.454,50973.5,49890.3,32.70,33132.79,101.380,0.15331,,,,
1532,04/15/2026 19:01:07,26.08,7.99,6.64,26.02,102.489,50954.9,49890.8,32.70,33120.68,101.380,0.15676,,,,
1533,04/15/2026 19:03:07,26.06,7.98,6.64,26.00,102.453,50906.2,49861.8,32.68,33089.00,101.380,0.15319,,,,
1534,04/15/2026 19:05:07,26.05,7.98,6.64,25.98,102.435,50916.6,49890.8,32.70,33095.80,101.380,0.15138,,,,
1535,04/15/2026 19:07:07,26.03,7.98,6.64,25.96,102.434,50895.9,49886.1,32.70,33082.32,101.380,0.15133,,,,
1536,04/15/2026 19:09:07,26.02,7.98,6.63,25.95,102.469,50859.8,49869.5,32.68,33058.88,101.380,0.15477,,,,
1537,04/15/2026 19:11:07,26.00,7.98,6.63,25.93,102.468,50833.6,49859.5,32.68,33041.83,101.380,0.15472,,,,
1538,04/15/2026 19:13:07,25.98,7.97,6.63,25.91,102.450,50850.4,49894.8,32.70,33052.78,101.380,0.15291,,,,
1539,04/15/2026 19:15:07,25.97,7.98,6.63,25.89,102.467,50851.1,49914.2,32.71,33053.20,101.380,0.15460,,,,
1540,04/15/2026 19:17:07,25.95,7.98,6.63,25.88,102.467,50853.8,49929.4,32.73,33055.00,101.380,0.15456,,,,
1541,04/15/2026 19:19:07,25.93,7.98,6.63,25.87,102.484,50873.5,49964.4,32.75,33067.76,101.380,0.15626,,,,
1542,04/15/2026 19:21:07,25.92,7.97,6.63,25.85,102.483,50801.0,49908.9,32.71,33020.66,101.380,0.15621,,,,
1543,04/15/2026 19:23:07,25.90,7.97,6.62,25.84,102.412,50821.0,49944.2,32.73,33033.65,101.380,0.14916,,,,
1544,04/15/2026 19:25:07,25.89,7.97,6.62,25.82,102.429,50891.0,50028.6,32.80,33079.13,101.380,0.15086,,,,
1545,04/15/2026 19:27:07,25.87,7.98,6.63,25.81,102.464,50844.0,49998.2,32.77,33048.63,101.380,0.15431,,,,
1546,04/15/2026 19:29:07,25.86,7.97,6.62,25.79,102.446,50843.0,50009.7,32.78,33047.93,101.380,0.15252,,,,
1547,04/15/2026 19:31:07,25.85,7.97,6.62,25.78,102.446,50802.5,49985.6,32.76,33021.61,101.380,0.15247,,,,
1548,04/15/2026 19:33:07,25.83,7.97,6.62,25.76,102.463,50781.4,49980.6,32.76,33007.93,101.380,0.15417,,,,
1549,04/15/2026 19:35:07,25.81,7.97,6.62,25.75,102.462,50830.4,50041.3,32.80,33039.75,101.380,0.15413,,,,
1550,04/15/2026 19:37:07,25.80,7.97,6.62,25.74,102.480,50832.1,50055.6,32.81,33040.87,101.380,0.15584,,,,
1551,04/15/2026 19:39:07,25.78,7.97,6.62,25.72,102.479,50798.9,50038.6,32.80,33019.27,101.380,0.15579,,,,
1552,04/15/2026 19:41:07,25.77,7.97,6.62,25.71,102.479,50746.6,49999.7,32.77,32985.26,101.380,0.15575,,,,
1553,04/15/2026 19:43:07,25.76,7.98,6.62,25.70,102.478,50819.1,50086.9,32.83,33032.43,101.380,0.15570,,,,
1554,04/15/2026 19:45:07,25.74,7.98,6.63,25.68,102.531,50794.0,50074.8,32.82,33016.10,101.380,0.16092,,,,
1555,04/15/2026 19:47:07,25.73,7.97,6.62,25.67,102.495,50723.2,50017.5,32.78,32970.07,101.380,0.15737,,,,
1556,04/15/2026 19:49:07,25.72,7.98,6.62,25.66,102.477,50814.6,50123.5,32.86,33029.52,101.380,0.15557,,,,
1557,04/15/2026 19:51:07,25.71,7.98,6.62,25.64,102.459,50760.8,50083.0,32.83,32994.54,101.380,0.15378,,,,
1558,04/15/2026 19:53:07,25.69,7.98,6.63,25.63,102.511,50741.3,50076.3,32.82,32981.84,101.380,0.15899,,,,
1559,04/15/2026 19:55:07,25.68,7.98,6.62,25.62,102.476,50747.6,50095.2,32.84,32985.94,101.380,0.15545,,,,
1560,04/15/2026 19:57:07,25.67,7.98,6.63,25.61,102.510,50715.2,50075.8,32.82,32964.85,101.380,0.15891,,,,
1561,04/15/2026 19:59:07,25.66,7.98,6.62,25.60,102.510,50723.2,50093.2,32.83,32970.07,101.380,0.15888,,,,
1562,04/15/2026 20:01:07,25.65,7.98,6.62,25.59,102.545,50758.0,50140.2,32.87,32992.73,101.380,0.16235,,,,
1563,04/15/2026 20:03:07,25.63,7.98,6.62,25.57,102.509,50768.9,50163.6,32.88,32999.77,101.380,0.15880,,,,
1564,04/15/2026 20:05:07,25.62,7.97,6.62,25.56,102.509,50768.9,50176.3,32.89,32999.77,101.380,0.15876,,,,
1565,04/15/2026 20:07:07,25.61,7.99,6.63,25.55,102.509,50714.5,50132.0,32.86,32964.41,101.380,0.15873,,,,
1566,04/15/2026 20:09:07,25.60,7.99,6.63,25.54,102.508,50734.7,50164.6,32.88,32977.54,101.380,0.15869,,,,
1567,04/15/2026 20:11:07,25.59,7.98,6.62,25.53,102.526,50720.4,50160.0,32.88,32968.26,101.380,0.16042,,,,
1568,04/15/2026 20:13:07,25.58,7.98,6.63,25.52,102.507,50718.3,50170.6,32.89,32966.90,101.380,0.15862,,,,
1569,04/15/2026 20:15:07,25.56,7.99,6.63,25.51,102.525,50716.2,50178.0,32.89,32965.54,101.380,0.16035,,,,
1570,04/15/2026 20:17:07,25.56,7.98,6.63,25.50,102.577,50731.9,50203.0,32.91,32975.73,101.380,0.16557,,,,
1571,04/15/2026 20:19:07,25.55,7.99,6.63,25.49,102.471,50727.0,50210.8,32.92,32972.56,101.380,0.15502,,,,
1572,04/15/2026 20:21:07,25.54,7.99,6.63,25.48,102.506,50750.0,50239.9,32.94,32987.50,101.380,0.15851,,,,
1573,04/15/2026 20:23:07,25.52,7.99,6.63,25.47,102.524,50750.4,50253.0,32.95,32987.75,101.380,0.16022,,,,
1574,04/15/2026 20:25:07,25.52,7.98,6.63,25.46,102.558,50720.7,50236.3,32.93,32968.46,101.380,0.16368,,,,
1575,04/15/2026 20:27:07,25.51,7.99,6.63,25.45,102.523,50677.2,50205.9,32.91,32940.18,101.380,0.16014,,,,
1576,04/15/2026 20:29:07,25.49,7.99,6.63,25.43,102.505,50720.0,50261.0,32.95,32968.02,101.380,0.15835,,,,
1577,04/15/2026 20:31:07,25.49,7.99,6.63,25.43,102.540,50707.5,50258.1,32.95,32959.88,101.380,0.16182,,,,
1578,04/15/2026 20:33:07,25.48,7.99,6.63,25.42,102.574,50733.6,50293.5,32.97,32976.86,101.380,0.16529,,,,
1579,04/15/2026 20:35:07,25.46,7.99,6.63,25.41,102.504,50684.9,50254.7,32.94,32945.15,101.380,0.15826,,,,
1580,04/15/2026 20:37:07,25.46,7.99,6.63,25.40,102.503,50699.5,50278.7,32.96,32954.66,101.380,0.15823,,,,
1581,04/15/2026 20:39:07,25.44,7.99,6.63,25.39,102.574,50704.4,50296.2,32.97,32957.83,101.380,0.16519,,,,
1582,04/15/2026 20:41:07,25.43,7.99,6.63,25.38,102.521,50699.5,50297.8,32.97,32954.66,101.380,0.15992,,,,
1583,04/15/2026 20:43:07,25.43,7.99,6.63,25.37,102.485,50734.7,50342.3,33.01,32977.54,101.380,0.15639,,,,
1584,04/15/2026 20:45:07,25.42,7.99,6.63,25.36,102.520,50659.8,50277.5,32.96,32928.88,101.380,0.15986,,,,
1585,04/15/2026 20:47:07,25.41,7.99,6.63,25.36,102.537,50676.2,50300.1,32.97,32939.50,101.380,0.16159,,,,
1586,04/15/2026 20:49:07,25.40,8.00,6.63,25.35,102.537,50765.3,50398.2,33.05,32997.46,101.380,0.16156,,,,
1587,04/15/2026 20:51:07,25.39,7.99,6.63,25.34,102.537,50705.4,50348.2,33.01,32958.50,101.380,0.16153,,,,
1588,04/15/2026 20:53:07,25.38,8.00,6.63,25.33,102.537,50720.7,50369.8,33.02,32968.46,101.380,0.16151,,,,
1589,04/15/2026 20:55:07,25.38,8.00,6.63,25.32,102.571,50702.3,50361.0,33.02,32956.46,101.380,0.16498,,,,
1590,04/15/2026 20:57:07,25.37,7.99,6.63,25.31,102.536,50720.0,50388.3,33.04,32968.02,101.380,0.16145,,,,
1591,04/15/2026 20:59:07,25.36,7.99,6.63,25.30,102.518,50764.7,50442.2,33.08,32997.02,101.380,0.15967,,,,
1592,04/15/2026 21:01:07,25.35,8.00,6.63,25.30,102.571,50709.2,50393.5,33.04,32961.00,101.380,0.16490,,,,
1593,04/15/2026 21:03:07,25.34,7.99,6.63,25.29,102.553,50688.7,50382.6,33.03,32947.64,101.380,0.16312,,,,
1594,04/15/2026 21:05:07,25.34,8.00,6.63,25.28,102.570,50737.5,50437.5,33.07,32979.35,101.380,0.16485,,,,
1595,04/15/2026 21:07:07,25.32,8.00,6.63,25.27,102.499,50751.4,50464.2,33.09,32988.44,101.380,0.15781,,,,
1596,04/15/2026 21:09:07,25.31,8.00,6.63,25.27,102.587,50729.8,50449.0,33.08,32974.37,101.380,0.16654,,,,
1597,04/15/2026 21:11:07,25.31,8.00,6.63,25.26,102.569,50713.1,50442.0,33.07,32963.49,101.380,0.16476,,,,
1598,04/15/2026 21:13:07,25.30,8.01,6.64,25.25,102.551,50702.6,50437.9,33.07,32956.70,101.380,0.16299,,,,
1599,04/15/2026 21:15:07,25.29,8.00,6.63,25.24,102.586,50701.9,50446.8,33.08,32956.23,101.380,0.16647,,,,
1600,04/15/2026 21:17:07,25.29,8.00,6.63,25.23,102.551,50741.3,50492.4,33.11,32981.84,101.380,0.16294,,,,
1601,04/15/2026 21:19:07,25.28,8.00,6.63,25.23,102.551,50699.1,50456.8,33.08,32954.42,101.380,0.16292,,,,
1602,04/15/2026 21:21:07,25.27,8.00,6.63,25.22,102.568,50708.9,50479.3,33.10,32960.76,101.380,0.16464,,,,
1603,04/15/2026 21:23:07,25.26,8.01,6.64,25.21,102.550,50711.0,50487.8,33.11,32962.13,101.380,0.16286,,,,
1604,04/15/2026 21:25:07,25.26,8.00,6.63,25.20,102.515,50643.8,50430.6,33.06,32918.48,101.380,0.15933,,,,
1605,04/15/2026 21:27:07,25.25,8.01,6.64,25.20,102.514,50712.7,50505.5,33.12,32963.24,101.380,0.15931,,,,
1606,04/15/2026 21:29:07,25.24,8.01,6.64,25.19,102.549,50725.2,50524.4,33.13,32971.39,101.380,0.16280,,,,
1607,04/15/2026 21:31:07,25.24,8.01,6.63,25.18,102.514,50710.6,50519.5,33.13,32961.88,101.380,0.15926,,,,
1608,04/15/2026 21:33:07,25.23,8.00,6.63,25.17,102.531,50722.4,50537.7,33.14,32969.58,101.380,0.16099,,,,
1609,04/15/2026 21:35:07,25.22,8.00,6.63,25.17,102.549,50696.3,50521.3,33.13,32952.62,101.380,0.16272,,,,
1610,04/15/2026 21:37:07,25.21,8.01,6.63,25.16,102.601,50700.2,50531.5,33.14,32955.10,101.380,0.16795,,,,
1611,04/15/2026 21:39:07,25.20,8.00,6.63,25.15,102.583,50735.4,50576.2,33.17,32977.98,101.380,0.16617,,,,
1612,04/15/2026 21:41:07,25.20,8.00,6.63,25.14,102.566,50730.1,50577.4,33.17,32974.56,101.380,0.16440,,,,
1613,04/15/2026 21:43:07,25.19,8.00,6.63,25.13,102.600,50716.9,50573.8,33.17,32965.98,101.380,0.16787,,,,
1614,04/15/2026 21:45:07,25.18,8.00,6.63,25.13,102.583,50700.8,50564.3,33.16,32955.54,101.380,0.16610,,,,
1615,04/15/2026 21:47:07,25.17,8.00,6.63,25.12,102.565,50726.3,50599.3,33.18,32972.07,101.380,0.16432,,,,
1616,04/15/2026 21:49:07,25.16,8.00,6.63,25.11,102.529,50721.4,50600.8,33.18,32968.90,101.380,0.16080,,,,
1617,04/15/2026 21:51:07,25.16,8.00,6.63,25.11,102.582,50721.4,50607.2,33.19,32968.90,101.380,0.16603,,,,
1618,04/15/2026 21:53:07,25.16,8.01,6.63,25.10,102.564,50679.6,50571.9,33.16,32941.75,101.380,0.16426,,,,
1619,04/15/2026 21:55:07,25.14,8.01,6.63,25.10,102.634,50756.6,50655.2,33.22,32991.79,101.380,0.17124,,,,
1620,04/15/2026 21:57:07,25.14,8.00,6.63,25.09,102.652,50728.4,50633.5,33.21,32973.44,101.380,0.17297,,,,
1621,04/15/2026 21:59:07,25.13,8.01,6.63,25.08,102.634,50756.6,50668.1,33.23,32991.79,101.380,0.17120,,,,
1622,04/15/2026 22:01:07,25.13,8.01,6.63,25.07,102.563,50782.8,50703.8,33.26,33008.79,101.380,0.16417,,,,
1623,04/15/2026 22:03:07,25.12,8.00,6.63,25.07,102.581,50711.0,50638.6,33.21,32962.13,101.380,0.16590,,,,
1624,04/15/2026 22:05:07,25.11,8.01,6.63,25.06,102.598,50777.2,50711.2,33.26,33005.19,101.380,0.16763,,,,
1625,04/15/2026 22:07:07,25.11,8.00,6.62,25.06,102.598,50754.5,50694.9,33.25,32990.42,101.380,0.16761,,,,
1626,04/15/2026 22:09:07,25.10,8.00,6.63,25.05,102.633,50728.0,50674.9,33.24,32973.20,101.380,0.17109,,,,
1627,04/15/2026 22:11:07,25.09,8.00,6.63,25.04,102.597,50756.6,50709.9,33.26,32991.79,101.380,0.16757,,,,
1628,04/15/2026 22:13:07,25.09,8.01,6.63,25.04,102.562,50777.2,50737.0,33.28,33005.19,101.380,0.16405,,,,
1629,04/15/2026 22:15:07,25.08,8.00,6.62,25.03,102.544,50739.6,50705.8,33.26,32980.71,101.380,0.16228,,,,
1630,04/15/2026 22:17:07,25.08,8.00,6.62,25.03,102.579,50795.7,50768.3,33.30,33017.21,101.380,0.16576,,,,
1631,04/15/2026 22:19:07,25.07,8.01,6.63,25.02,102.561,50800.6,50779.7,33.31,33020.39,101.380,0.16399,,,,
1632,04/15/2026 22:21:07,25.06,8.00,6.62,25.01,102.596,50789.8,50775.3,33.31,33013.35,101.380,0.16747,,,,
1633,04/15/2026 22:23:07,25.06,8.00,6.62,25.01,102.579,50769.8,50761.8,33.30,33000.38,101.380,0.16570,,,,
1634,04/15/2026 22:25:07,25.05,8.01,6.63,25.00,102.543,50800.2,50798.7,33.32,33020.13,101.380,0.16218,,,,
1635,04/15/2026 22:27:07,25.05,8.00,6.62,25.00,102.578,50793.2,50798.1,33.32,33015.57,101.380,0.16566,,,,
1636,04/15/2026 22:29:07,25.04,8.00,6.62,24.99,102.613,50708.9,50723.5,33.27,32960.76,101.380,0.16914,,,,
1637,04/15/2026 22:31:07,25.03,8.00,6.62,24.98,102.595,50768.5,50789.5,33.32,32999.51,101.380,0.16737,,,,
1638,04/15/2026 22:33:07,25.03,8.00,6.62,24.97,102.595,50786.6,50814.1,33.33,33011.28,101.380,0.16735,,,,
1639,04/15/2026 22:35:07,25.02,7.99,6.61,24.97,102.613,50818.7,50852.7,33.36,33032.16,101.380,0.16908,,,,
1640,04/15/2026 22:37:07,25.02,8.00,6.61,24.96,102.560,50809.3,50849.8,33.36,33026.07,101.380,0.16381,,,,
1641,04/15/2026 22:39:07,25.01,8.00,6.61,24.96,102.612,50804.0,50847.8,33.36,33022.62,101.380,0.16905,,,,
1642,04/15/2026 22:41:07,25.01,7.99,6.61,24.95,102.594,50798.7,50848.9,33.36,33019.18,101.380,0.16728,,,,
1643,04/15/2026 22:43:07,25.01,8.00,6.61,24.95,102.647,50805.7,50862.4,33.37,33023.73,101.380,0.17251,,,,
1644,04/15/2026 22:45:07,24.99,7.99,6.61,24.94,102.612,50783.4,50843.3,33.35,33009.22,101.380,0.16900,,,,
1645,04/15/2026 22:47:07,24.99,8.00,6.61,24.94,102.612,50755.8,50822.1,33.34,32991.29,101.380,0.16898,,,,
1646,04/15/2026 22:49:07,24.99,7.99,6.61,24.93,102.523,50790.4,50860.0,33.37,33013.77,101.380,0.16022,,,,
1647,04/15/2026 22:51:07,24.99,7.99,6.61,24.93,102.594,50807.9,50883.9,33.38,33025.11,101.380,0.16720,,,,
1648,04/15/2026 22:53:07,24.98,7.99,6.61,24.93,102.629,50797.7,50877.0,33.38,33018.49,101.380,0.17069,,,,
1649,04/15/2026 22:55:07,24.97,7.99,6.61,24.92,102.541,50842.8,50925.4,33.41,33047.80,101.380,0.16193,,,,
1650,04/15/2026 22:57:07,24.97,7.99,6.61,24.92,102.558,50806.1,50895.2,33.39,33024.00,101.380,0.16366,,,,
1651,04/15/2026 22:59:07,24.97,7.99,6.61,24.91,102.540,50805.7,50901.3,33.40,33023.73,101.380,0.16189,,,,
1652,04/15/2026 23:01:07,24.96,7.99,6.61,24.90,102.593,50837.2,50939.3,33.42,33044.20,101.380,0.16712,,,,
1653,04/15/2026 23:03:07,24.95,7.99,6.61,24.90,102.610,50826.4,50934.9,33.42,33037.14,101.380,0.16885,,,,
1654,04/15/2026 23:05:07,24.96,7.98,6.60,24.90,102.593,50843.8,50955.6,33.44,33048.50,101.380,0.16709,,,,
1655,04/15/2026 23:07:07,24.95,7.99,6.60,24.89,102.592,50849.4,50967.7,33.44,33052.10,101.380,0.16707,,,,
1656,04/15/2026 23:09:07,24.94,7.99,6.61,24.88,102.645,50870.0,50994.9,33.46,33065.52,101.380,0.17230,,,,
1657,04/15/2026 23:11:07,24.93,7.99,6.60,24.88,102.610,50841.7,50969.8,33.44,33047.11,101.380,0.16879,,,,
1658,04/15/2026 23:13:07,24.93,7.99,6.60,24.87,102.610,50843.8,50978.4,33.45,33048.50,101.380,0.16877,,,,
1659,04/15/2026 23:15:07,24.92,7.99,6.61,24.87,102.627,50870.0,51007.9,33.47,33065.52,101.380,0.17051,,,,
1660,04/15/2026 23:17:07,24.92,7.99,6.60,24.87,102.609,50903.7,51044.9,33.50,33087.43,101.380,0.16875,,,,
1661,04/15/2026 23:19:07,24.92,7.99,6.60,24.87,102.627,50888.0,51032.4,33.49,33077.17,101.380,0.17049,,,,
1662,04/15/2026 23:21:07,24.91,7.99,6.61,24.86,102.592,50855.1,51002.7,33.47,33055.83,101.380,0.16698,,,,
1663,04/15/2026 23:23:07,24.91,8.00,6.61,24.86,102.556,50897.3,51048.3,33.50,33083.26,101.380,0.16347,,,,
1664,04/15/2026 23:25:07,24.91,8.00,6.61,24.86,102.574,50914.2,51068.4,33.52,33094.22,101.380,0.16521,,,,
1665,04/15/2026 23:27:07,24.90,8.00,6.61,24.85,102.574,50884.7,51042.1,33.50,33075.08,101.380,0.16520,,,,
1666,04/15/2026 23:29:07,24.90,8.00,6.61,24.85,102.609,50879.8,51037.2,33.49,33071.90,101.380,0.16870,,,,
1667,04/15/2026 23:31:07,24.90,8.01,6.61,24.85,102.521,50917.0,51077.7,33.52,33096.02,101.380,0.15994,,,,
1668,04/15/2026 23:33:07,24.90,8.00,6.61,24.85,102.609,50902.2,51066.2,33.51,33086.45,101.380,0.16868,,,,
1669,04/15/2026 23:35:07,24.90,8.00,6.61,24.85,102.591,50943.2,51107.3,33.54,33113.09,101.380,0.16693,,,,
1670,04/15/2026 23:37:07,24.90,8.00,6.61,24.84,102.591,50937.7,51105.0,33.54,33109.49,101.380,0.16692,,,,
1671,04/15/2026 23:39:07,24.89,8.00,6.61,24.84,102.556,50914.2,51084.7,33.53,33094.22,101.380,0.16341,,,,
1672,04/15/2026 23:41:07,24.89,8.00,6.61,24.84,102.573,50947.1,51120.9,33.55,33115.58,101.380,0.16515,,,,
1673,04/15/2026 23:43:07,24.89,8.01,6.62,24.83,102.573,50923.6,51100.6,33.54,33100.32,101.380,0.16514,,,,
1674,04/15/2026 23:45:07,24.88,8.01,6.61,24.83,102.538,50923.6,51103.9,33.54,33100.32,101.380,0.16163,,,,
1675,04/15/2026 23:47:07,24.88,8.01,6.62,24.83,102.520,50947.5,51134.4,33.56,33115.88,101.380,0.15986,,,,
1676,04/15/2026 23:49:07,24.88,8.01,6.62,24.82,102.537,50954.1,51144.3,33.57,33120.18,101.380,0.16160,,,,
1677,04/15/2026 23:51:07,24.87,8.01,6.62,24.82,102.573,50954.7,51148.2,33.57,33120.57,101.380,0.16509,,,,
1678,04/15/2026 23:53:07,24.87,8.01,6.62,24.82,102.555,50979.8,51176.6,33.59,33136.86,101.380,0.16333,,,,
1679,04/15/2026 23:55:07,24.87,8.02,6.62,24.81,102.572,50990.2,51190.4,33.60,33143.64,101.380,0.16507,,,,
1680,04/15/2026 23:57:07,24.87,8.02,6.63,24.81,102.555,50982.5,51189.2,33.60,33138.65,101.380,0.16330,,,,
1681,04/15/2026 23:59:07,24.86,8.02,6.62,24.80,102.572,50990.8,51200.8,33.61,33144.04,101.380,0.16505,,,,
1682,04/16/2026 00:01:07,24.86,8.02,6.62,24.80,102.519,50988.5,51201.7,33.61,33142.55,101.380,0.15978,,,,
1683,04/16/2026 00:03:07,24.85,8.02,6.62,24.80,102.607,51019.8,51239.6,33.64,33162.86,101.380,0.16852,,,,
1684,04/16/2026 00:05:07,24.85,8.03,6.63,24.79,102.554,50987.0,51210.0,33.62,33141.55,101.380,0.16326,,,,
1685,04/16/2026 00:07:07,24.84,8.03,6.63,24.79,102.572,50987.0,51213.2,33.62,33141.55,101.380,0.16500,,,,
1686,04/16/2026 00:09:07,24.84,8.03,6.63,24.79,102.554,51009.9,51239.5,33.64,33156.46,101.380,0.16324,,,,
1687,04/16/2026 00:11:07,24.83,8.03,6.63,24.78,102.571,51017.6,51253.8,33.65,33161.45,101.380,0.16497,,,,
1688,04/16/2026 00:13:07,24.83,8.04,6.64,24.78,102.536,50978.2,51217.5,33.62,33135.85,101.380,0.16145,,,,
1689,04/16/2026 00:15:07,24.82,8.04,6.63,24.77,102.448,51001.8,51247.7,33.64,33151.14,101.380,0.15268,,,,
1690,04/16/2026 00:17:07,24.82,8.03,6.63,24.77,102.536,51001.8,51250.9,33.65,33151.14,101.380,0.16143,,,,
1691,04/16/2026 00:19:07,24.82,8.04,6.63,24.77,102.518,51014.9,51267.4,33.66,33159.65,101.380,0.15967,,,,
1692,04/16/2026 00:21:07,24.82,8.04,6.64,24.76,102.483,50995.2,51254.1,33.65,33146.85,101.380,0.15614,,,,
1693,04/16/2026 00:23:07,24.81,8.04,6.64,24.76,102.482,51056.0,51318.5,33.70,33186.38,101.380,0.15613,,,,
1694,04/16/2026 00:25:07,24.81,8.05,6.64,24.75,102.465,51053.2,51322.3,33.70,33184.59,101.380,0.15436,,,,
1695,04/16/2026 00:27:07,24.80,8.04,6.64,24.75,102.447,51016.5,51288.7,33.67,33160.75,101.380,0.15260,,,,
1696,04/16/2026 00:29:07,24.81,8.04,6.64,24.74,102.500,51074.6,51353.7,33.72,33198.50,101.380,0.15784,,,,
1697,04/16/2026 00:31:07,24.78,8.04,6.64,24.74,102.535,50990.8,51272.7,33.66,33144.04,101.380,0.16133,,,,
1698,04/16/2026 00:33:07,24.79,8.04,6.64,24.74,102.517,50978.2,51263.3,33.65,33135.85,101.380,0.15957,,,,
1699,04/16/2026 00:35:07,24.79,8.04,6.64,24.73,102.482,51037.3,51329.3,33.70,33174.27,101.380,0.15605,,,,
1700,04/16/2026 00:37:07,24.78,8.04,6.63,24.73,102.464,51027.0,51322.1,33.70,33167.54,101.380,0.15429,,,,
1701,04/16/2026 00:39:07,24.78,8.05,6.64,24.72,102.516,51056.0,51357.9,33.72,33186.38,101.380,0.15952,,,,
1702,04/16/2026 00:41:07,24.77,8.04,6.63,24.72,102.499,51040.1,51345.2,33.71,33176.06,101.380,0.15776,,,,
1703,04/16/2026 00:43:07,24.77,8.04,6.63,24.71,102.499,51070.8,51382.6,33.74,33196.00,101.380,0.15774,,,,
1704,04/16/2026 00:45:07,24.76,8.04,6.64,24.71,102.463,51054.9,51369.9,33.73,33185.68,101.380,0.15423,,,,
1705,04/16/2026 00:47:07,24.75,8.04,6.64,24.70,102.445,51056.1,51377.6,33.74,33186.43,101.380,0.15246,,,,
1706,04/16/2026 00:49:07,24.76,8.04,6.64,24.70,102.463,51002.4,51326.9,33.70,33151.53,101.380,0.15420,,,,
1707,04/16/2026 00:51:07,24.75,8.04,6.64,24.69,102.463,51063.2,51394.6,33.75,33191.05,101.380,0.15418,,,,
1708,04/16/2026 00:53:07,24.75,8.04,6.63,24.69,102.480,51048.4,51383.0,33.74,33181.44,101.380,0.15592,,,,
1709,04/16/2026 00:55:07,24.74,8.05,6.64,24.69,102.445,51087.3,51425.5,33.77,33206.71,101.380,0.15241,,,,
1710,04/16/2026 00:57:07,24.74,8.05,6.64,24.68,102.445,51073.5,51414.9,33.76,33197.80,101.380,0.15240,,,,
1711,04/16/2026 00:59:07,24.73,8.05,6.64,24.68,102.498,51102.1,51450.2,33.79,33216.35,101.380,0.15763,,,,
1712,04/16/2026 01:01:07,24.73,8.05,6.64,24.67,102.462,51101.0,51452.4,33.79,33215.64,101.380,0.15412,,,,
1713,04/16/2026 01:03:07,24.73,8.05,6.64,24.67,102.480,51065.3,51419.8,33.77,33192.47,101.380,0.15586,,,,
1714,04/16/2026 01:05:07,24.72,8.05,6.64,24.67,102.480,51056.6,51414.3,33.76,33186.76,101.380,0.15585,,,,
1715,04/16/2026 01:07:07,24.72,8.05,6.64,24.66,102.479,51076.9,51441.3,33.78,33199.97,101.380,0.15583,,,,
1716,04/16/2026 01:09:07,24.71,8.05,6.64,24.66,102.497,51052.8,51420.3,33.77,33184.31,101.380,0.15757,,,,
1717,04/16/2026 01:11:07,24.71,8.05,6.64,24.66,102.444,51132.3,51503.7,33.83,33236.00,101.380,0.15231,,,,
1718,04/16/2026 01:13:07,24.71,8.06,6.65,24.65,102.462,51112.0,51486.5,33.81,33222.80,101.380,0.15405,,,,
1719,04/16/2026 01:15:07,24.70,8.05,6.64,24.65,102.461,51103.2,51484.3,33.81,33217.10,101.380,0.15403,,,,
1720,04/16/2026 01:17:07,24.70,8.05,6.64,24.64,102.391,51050.0,51434.0,33.78,33182.52,101.380,0.14702,,,,
1721,04/16/2026 01:19:07,24.70,8.06,6.65,24.64,102.496,51032.5,51419.6,33.76,33171.12,101.380,0.15751,,,,
1722,04/16/2026 01:21:07,24.69,8.05,6.64,24.64,102.426,51146.1,51540.6,33.85,33244.93,101.380,0.15049,,,,
1723,04/16/2026 01:23:07,24.69,8.06,6.65,24.64,102.408,51084.6,51478.6,33.81,33204.96,101.380,0.14874,,,,
1724,04/16/2026 01:25:07,24.68,8.06,6.64,24.63,102.514,51086.7,51487.4,33.81,33206.38,101.380,0.15923,,,,
1725,04/16/2026 01:27:07,24.68,8.06,6.65,24.63,102.443,51052.2,51455.9,33.79,33183.94,101.380,0.15221,,,,
1726,04/16/2026 01:29:07,24.68,8.05,6.64,24.62,102.408,51112.0,51519.5,33.84,33222.80,101.380,0.14870,,,,
1727,04/16/2026 01:31:07,24.68,8.05,6.64,24.62,102.460,51086.2,51496.8,33.82,33206.05,101.380,0.15394,,,,
1728,04/16/2026 01:33:07,24.67,8.06,6.64,24.62,102.443,51093.3,51507.2,33.83,33210.67,101.380,0.15218,,,,
1729,04/16/2026 01:35:07,24.67,8.05,6.64,24.61,102.443,51158.7,51576.4,33.88,33253.16,101.380,0.15217,,,,
1730,04/16/2026 01:37:07,24.67,8.06,6.64,24.61,102.478,51146.6,51567.5,33.87,33245.29,101.380,0.15567,,,,
1731,04/16/2026 01:39:07,24.66,8.05,6.64,24.61,102.442,51113.7,51540.9,33.85,33223.88,101.380,0.15214,,,,
1732,04/16/2026 01:41:07,24.66,8.06,6.64,24.60,102.389,51170.3,51601.3,33.90,33260.67,101.380,0.14688,,,,
1733,04/16/2026 01:43:07,24.65,8.06,6.64,24.60,102.337,51209.9,51644.6,33.93,33286.43,101.380,0.14162,,,,
1734,04/16/2026 01:45:07,24.64,8.06,6.64,24.60,102.319,51181.8,51619.5,33.91,33268.17,101.380,0.13986,,,,
1735,04/16/2026 01:47:07,24.65,8.05,6.64,24.59,102.407,51156.5,51597.3,33.89,33251.73,101.380,0.14860,,,,
1736,04/16/2026 01:49:07,24.64,8.05,6.64,24.59,102.371,51084.0,51527.5,33.84,33204.63,101.380,0.14509,,,,
1737,04/16/2026 01:51:07,24.64,8.05,6.64,24.59,102.407,51139.5,51586.7,33.88,33240.65,101.380,0.14858,,,,
1738,04/16/2026 01:53:07,24.63,8.05,6.64,24.58,102.354,51146.1,51596.7,33.89,33244.95,101.380,0.14332,,,,
1739,04/16/2026 01:55:07,24.63,8.05,6.63,24.58,102.336,51156.0,51610.0,33.90,33251.38,101.380,0.14156,,,,
1740,04/16/2026 01:57:07,24.63,8.05,6.64,24.58,102.406,51143.3,51597.2,33.89,33243.16,101.380,0.14856,,,,
1741,04/16/2026 01:59:07,24.63,8.06,6.64,24.58,102.389,51216.0,51673.8,33.95,33290.38,101.380,0.14680,,,,
1742,04/16/2026 02:01:07,24.63,8.05,6.64,24.58,102.406,51187.3,51644.9,33.93,33271.75,101.380,0.14856,,,,
1743,04/16/2026 02:03:07,24.62,8.06,6.64,24.58,102.371,51145.5,51606.0,33.90,33244.58,101.380,0.14504,,,,
1744,04/16/2026 02:05:07,24.62,8.05,6.63,24.57,102.388,51239.1,51703.8,33.97,33305.41,101.380,0.14679,,,,
1745,04/16/2026 02:07:07,24.62,8.05,6.63,24.57,102.336,51094.4,51561.1,33.86,33211.38,101.380,0.14152,,,,
1746,04/16/2026 02:09:07,24.62,8.05,6.64,24.57,102.388,51138.4,51608.8,33.90,33239.95,101.380,0.14677,,,,
1747,04/16/2026 02:11:07,24.62,8.05,6.63,24.57,102.388,51163.7,51634.3,33.92,33256.38,101.380,0.14677,,,,
1748,04/16/2026 02:13:07,24.62,8.05,6.63,24.56,102.335,51268.4,51743.2,34.00,33324.43,101.380,0.14150,,,,
1749,04/16/2026 02:15:07,24.61,8.05,6.64,24.56,102.335,51166.4,51643.7,33.93,33258.16,101.380,0.14149,,,,
1750,04/16/2026 02:17:07,24.62,8.06,6.64,24.56,102.353,51168.6,51649.2,33.93,33259.59,101.380,0.14323,,,,
1751,04/16/2026 02:19:07,24.61,8.06,6.64,24.55,102.353,51170.8,51654.7,33.93,33261.02,101.380,0.14323,,,,
1752,04/16/2026 02:21:07,24.60,8.06,6.64,24.55,102.300,51196.7,51684.1,33.95,33277.83,101.380,0.13796,,,,
1753,04/16/2026 02:23:07,24.60,8.06,6.64,24.55,102.317,51197.2,51684.7,33.96,33278.19,101.380,0.13971,,,,
1754,04/16/2026 02:25:07,24.60,8.06,6.64,24.55,102.335,51245.2,51736.4,33.99,33309.35,101.380,0.14146,,,,
1755,04/16/2026 02:27:07,24.60,8.06,6.64,24.54,102.388,51172.5,51669.6,33.94,33262.10,101.380,0.14669,,,,
1756,04/16/2026 02:29:07,24.59,8.06,6.64,24.54,102.317,51203.8,51704.6,33.97,33282.49,101.380,0.13968,,,,
1757,04/16/2026 02:31:07,24.58,8.06,6.64,24.54,102.352,51239.1,51740.2,34.00,33305.41,101.380,0.14318,,,,
1758,04/16/2026 02:33:07,24.58,8.06,6.64,24.53,102.334,51238.0,51745.7,34.00,33304.69,101.380,0.14141,,,,
1759,04/16/2026 02:35:07,24.58,8.06,6.64,24.53,102.317,51217.0,51727.9,33.99,33291.08,101.380,0.13965,,,,
1760,04/16/2026 02:37:07,24.58,8.07,6.65,24.53,102.334,51256.2,51770.7,34.02,33316.53,101.380,0.14139,,,,
1761,04/16/2026 02:39:07,24.58,8.08,6.65,24.52,102.352,51233.6,51751.2,34.00,33301.81,101.380,0.14313,,,,
1762,04/16/2026 02:41:07,24.57,8.07,6.65,24.52,102.334,51241.8,51766.2,34.01,33307.20,101.380,0.14136,,,,
1763,04/16/2026 02:43:07,24.57,8.07,6.65,24.52,102.352,51288.2,51813.0,34.05,33337.31,101.380,0.14311,,,,
1764,04/16/2026 02:45:07,24.58,8.08,6.65,24.51,102.316,51217.0,51747.8,34.00,33291.08,101.380,0.13959,,,,
1765,04/16/2026 02:47:07,24.56,8.08,6.66,24.51,102.281,51300.9,51835.8,34.06,33345.55,101.380,0.13608,,,,
1766,04/16/2026 02:49:07,24.56,8.08,6.66,24.51,102.351,51254.5,51792.3,34.03,33315.43,101.380,0.14307,,,,
1767,04/16/2026 02:51:07,24.56,8.09,6.66,24.50,102.281,51272.7,51813.9,34.05,33327.23,101.380,0.13606,,,,
1768,04/16/2026 02:53:07,24.55,8.09,6.66,24.50,102.281,51237.9,51782.1,34.02,33304.66,101.380,0.13605,,,,
1769,04/16/2026 02:55:07,24.55,8.09,6.66,24.50,102.280,51267.7,51815.6,34.05,33324.01,101.380,0.13604,,,,
1770,04/16/2026 02:57:07,24.55,8.10,6.67,24.49,102.245,51198.9,51749.3,34.00,33279.26,101.380,0.13253,,,,
1771,04/16/2026 02:59:07,24.54,8.09,6.67,24.49,102.333,51255.6,51809.9,34.04,33316.12,101.380,0.14127,,,,
1772,04/16/2026 03:01:07,24.54,8.10,6.67,24.49,102.280,51261.6,51819.4,34.05,33320.06,101.380,0.13601,,,,
1773,04/16/2026 03:03:07,24.54,8.10,6.67,24.49,102.298,51269.9,51827.8,34.06,33325.45,101.380,0.13776,,,,
1774,04/16/2026 03:05:07,24.54,8.10,6.67,24.48,102.245,51235.2,51795.9,34.03,33302.88,101.380,0.13250,,,,
1775,04/16/2026 03:07:07,24.53,8.10,6.67,24.48,102.280,51241.3,51805.4,34.04,33306.82,101.380,0.13599,,,,
1776,04/16/2026 03:09:07,24.54,8.10,6.67,24.48,102.297,51257.3,51824.9,34.05,33317.21,101.380,0.13773,,,,
1777,04/16/2026 03:11:07,24.53,8.11,6.67,24.48,102.280,51281.0,51852.2,34.07,33332.63,101.380,0.13597,,,,
1778,04/16/2026 03:13:07,24.53,8.10,6.67,24.48,102.280,51217.6,51788.1,34.03,33291.42,101.380,0.13597,,,,
1779,04/16/2026 03:15:07,24.53,8.11,6.68,24.47,102.262,51220.3,51794.2,34.03,33293.21,101.380,0.13421,,,,
1780,04/16/2026 03:17:07,24.52,8.11,6.67,24.47,102.315,51293.1,51871.2,34.09,33340.54,101.380,0.13945,,,,
1781,04/16/2026 03:19:07,24.52,8.11,6.68,24.47,102.244,51271.0,51852.2,34.07,33326.18,101.380,0.13244,,,,
1782,04/16/2026 03:21:07,24.52,8.11,6.68,24.46,102.262,51302.5,51887.3,34.10,33346.61,101.380,0.13418,,,,
1783,04/16/2026 03:23:07,24.52,8.11,6.68,24.46,102.279,51290.3,51875.0,34.09,33338.70,101.380,0.13593,,,,
1784,04/16/2026 03:25:07,24.51,8.12,6.68,24.46,102.332,51286.5,51874.4,34.09,33336.20,101.380,0.14117,,,,
1785,04/16/2026 03:27:07,24.50,8.11,6.68,24.46,102.279,51268.2,51859.3,34.08,33324.35,101.380,0.13591,,,,
1786,04/16/2026 03:29:07,24.51,8.11,6.68,24.45,102.314,51256.1,51850.4,34.07,33316.49,101.380,0.13940,,,,
1787,04/16/2026 03:31:07,24.51,8.11,6.68,24.45,102.297,51248.4,51845.9,34.07,33311.48,101.380,0.13764,,,,
1788,04/16/2026 03:33:07,24.50,8.12,6.68,24.45,102.244,51334.6,51939.7,34.14,33367.46,101.380,0.13237,,,,
1789,04/16/2026 03:35:07,24.50,8.12,6.68,24.44,102.261,51265.0,51872.6,34.09,33322.23,101.380,0.13411,,,,
1790,04/16/2026 03:37:07,24.49,8.12,6.68,24.44,102.279,51311.3,51922.9,34.13,33352.36,101.380,0.13585,,,,
1791,04/16/2026 03:39:07,24.49,8.12,6.68,24.44,102.278,51287.6,51902.2,34.11,33336.93,101.380,0.13584,,,,
1792,04/16/2026 03:41:07,24.49,8.12,6.69,24.43,102.296,51331.2,51949.7,34.14,33365.29,101.380,0.13758,,,,
1793,04/16/2026 03:43:07,24.49,8.12,6.68,24.43,102.296,51338.4,51960.3,34.15,33369.97,101.380,0.13757,,,,
1794,04/16/2026 03:45:07,24.49,8.12,6.68,24.43,102.296,51307.5,51932.2,34.13,33349.84,101.380,0.13756,,,,
1795,04/16/2026 03:47:07,24.48,8.12,6.68,24.42,102.313,51336.2,51964.7,34.16,33368.52,101.380,0.13931,,,,
1796,04/16/2026 03:49:07,24.48,8.12,6.68,24.42,102.260,51304.1,51938.9,34.14,33347.67,101.380,0.13404,,,,
1797,04/16/2026 03:51:07,24.47,8.13,6.69,24.42,102.278,51312.9,51951.1,34.14,33353.41,101.380,0.13578,,,,
1798,04/16/2026 03:53:07,24.47,8.13,6.69,24.41,102.331,51291.4,51932.7,34.13,33339.43,101.380,0.14102,,,,
1799,04/16/2026 03:55:07,24.47,8.12,6.68,24.41,102.242,51332.8,51978.0,34.16,33366.34,101.380,0.13226,,,,
1800,04/16/2026 03:57:07,24.46,8.12,6.68,24.41,102.242,51333.9,51982.4,34.17,33367.06,101.380,0.13225,,,,
1801,04/16/2026 03:59:07,24.46,8.13,6.69,24.40,102.313,51306.9,51958.3,34.15,33349.46,101.380,0.13924,,,,
1802,04/16/2026 04:01:07,24.45,8.13,6.69,24.40,102.277,51311.8,51970.0,34.16,33352.69,101.380,0.13572,,,,
1803,04/16/2026 04:03:07,24.45,8.12,6.68,24.40,102.277,51325.1,51983.5,34.17,33361.33,101.380,0.13572,,,,
1804,04/16/2026 04:05:07,24.45,8.13,6.69,24.39,102.312,51340.0,52001.9,34.18,33371.03,101.380,0.13921,,,,
1805,04/16/2026 04:07:07,24.45,8.13,6.69,24.39,102.277,51352.7,52021.5,34.20,33379.28,101.380,0.13569,,,,
1806,04/16/2026 04:09:07,24.44,8.13,6.69,24.38,102.259,51345.5,52017.5,34.19,33374.59,101.380,0.13393,,,,
1807,04/16/2026 04:11:07,24.44,8.13,6.69,24.38,102.259,51358.8,52034.3,34.20,33383.25,101.380,0.13392,,,,
1808,04/16/2026 04:13:07,24.44,8.13,6.69,24.38,102.241,51339.4,52018.0,34.19,33370.63,101.380,0.13216,,,,
1809,04/16/2026 04:15:07,24.43,8.14,6.69,24.38,102.294,51345.5,52027.5,34.20,33374.59,101.380,0.13740,,,,
1810,04/16/2026 04:17:07,24.43,8.14,6.69,24.37,102.329,51357.1,52042.6,34.21,33382.11,101.380,0.14089,,,,
1811,04/16/2026 04:19:07,24.43,8.13,6.68,24.37,102.206,51384.7,52074.0,34.23,33400.08,101.380,0.12863,,,,
1812,04/16/2026 04:21:07,24.42,8.13,6.69,24.37,102.223,51356.0,52048.1,34.21,33381.38,101.380,0.13037,,,,
1813,04/16/2026 04:23:07,24.42,8.13,6.69,24.36,102.276,51363.7,52059.3,34.22,33386.40,101.380,0.13561,,,,
1814,04/16/2026 04:25:07,24.42,8.14,6.69,24.36,102.241,51361.0,52059.9,34.22,33384.62,101.380,0.13210,,,,
1815,04/16/2026 04:27:07,24.40,8.14,6.70,24.36,102.258,51399.2,52102.0,34.25,33409.48,101.380,0.13384,,,,
1816,04/16/2026 04:29:07,24.41,8.13,6.69,24.35,102.241,51369.3,52078.4,34.24,33390.04,101.380,0.13207,,,,
1817,04/16/2026 04:31:07,24.40,8.14,6.69,24.35,102.293,51376.5,52089.0,34.24,33394.74,101.380,0.13731,,,,
1818,04/16/2026 04:33:07,24.40,8.14,6.70,24.35,102.223,51343.3,52058.7,34.22,33373.13,101.380,0.13030,,,,
1819,04/16/2026 04:35:07,24.39,8.14,6.69,24.34,102.223,51402.4,52122.0,34.27,33411.58,101.380,0.13029,,,,
1820,04/16/2026 04:37:07,24.39,8.14,6.69,24.34,102.240,51396.3,52119.2,34.26,33407.61,101.380,0.13203,,,,
1821,04/16/2026 04:39:07,24.39,8.14,6.69,24.34,102.240,51373.2,52099.0,34.25,33392.55,101.380,0.13202,,,,
1822,04/16/2026 04:41:07,24.39,8.14,6.69,24.33,102.258,51363.2,52092.2,34.24,33386.07,101.380,0.13376,,,,
1823,04/16/2026 04:43:07,24.39,8.13,6.69,24.33,102.240,51354.9,52087.1,34.24,33380.66,101.380,0.13200,,,,
1824,04/16/2026 04:45:07,24.38,8.14,6.70,24.32,102.275,51372.0,52111.3,34.26,33391.82,101.380,0.13548,,,,
1825,04/16/2026 04:47:07,24.37,8.14,6.69,24.32,102.310,51370.4,52109.6,34.26,33390.77,101.380,0.13899,,,,
1826,04/16/2026 04:49:07,24.37,8.14,6.69,24.32,102.275,51363.7,52109.5,34.26,33386.40,101.380,0.13547,,,,
1827,04/16/2026 04:51:07,24.37,8.14,6.70,24.32,102.257,51350.4,52099.4,34.25,33377.75,101.380,0.13370,,,,
1828,04/16/2026 04:53:07,24.37,8.14,6.69,24.32,102.310,51381.4,52130.8,34.27,33397.89,101.380,0.13896,,,,
1829,04/16/2026 04:55:07,24.36,8.14,6.69,24.31,102.310,51388.1,52141.0,34.28,33402.27,101.380,0.13895,,,,
1830,04/16/2026 04:57:07,24.36,8.14,6.69,24.31,102.310,51362.6,52118.4,34.26,33385.67,101.380,0.13894,,,,
1831,04/16/2026 04:59:07,24.36,8.14,6.69,24.30,102.292,51365.9,52128.6,34.27,33387.86,101.380,0.13717,,,,
1832,04/16/2026 05:01:07,24.36,8.14,6.69,24.30,102.292,51387.0,52153.2,34.29,33401.54,101.380,0.13716,,,,
1833,04/16/2026 05:03:07,24.35,8.14,6.69,24.30,102.292,51428.5,52198.7,34.32,33428.52,101.380,0.13715,,,,
1834,04/16/2026 05:05:07,24.35,8.13,6.68,24.29,102.292,51398.6,52171.7,34.30,33409.07,101.380,0.13714,,,,
1835,04/16/2026 05:07:07,24.34,8.14,6.69,24.29,102.291,51392.0,52168.4,34.30,33404.78,101.380,0.13713,,,,
1836,04/16/2026 05:09:07,24.34,8.14,6.69,24.29,102.309,51401.9,52181.9,34.31,33411.25,101.380,0.13887,,,,
1837,04/16/2026 05:11:07,24.35,8.13,6.68,24.29,102.326,51410.3,52193.7,34.32,33416.70,101.380,0.14061,,,,
1838,04/16/2026 05:13:07,24.34,8.13,6.68,24.29,102.309,51404.2,52187.5,34.31,33412.72,101.380,0.13886,,,,
1839,04/16/2026 05:15:07,24.34,8.13,6.68,24.28,102.344,51425.8,52216.1,34.33,33426.74,101.380,0.14234,,,,
1840,04/16/2026 05:17:07,24.33,8.13,6.69,24.28,102.309,51370.9,52163.8,34.29,33391.09,101.380,0.13883,,,,
1841,04/16/2026 05:19:07,24.33,8.13,6.68,24.27,102.326,51412.4,52209.3,34.33,33418.06,101.380,0.14057,,,,
1842,04/16/2026 05:21:07,24.33,8.14,6.69,24.27,102.291,51402.4,52202.5,34.32,33411.58,101.380,0.13706,,,,
1843,04/16/2026 05:23:07,24.32,8.13,6.68,24.27,102.343,51412.4,52216.0,34.33,33418.06,101.380,0.14230,,,,
1844,04/16/2026 05:25:07,24.31,8.13,6.68,24.26,102.326,51420.1,52227.2,34.34,33423.08,101.380,0.14054,,,,
1845,04/16/2026 05:27:07,24.32,8.13,6.68,24.26,102.290,51433.5,52244.1,34.35,33431.77,101.380,0.13703,,,,
1846,04/16/2026 05:29:07,24.31,8.13,6.68,24.26,102.308,51439.0,52249.7,34.36,33435.32,101.380,0.13878,,,,
1847,04/16/2026 05:31:07,24.31,8.13,6.68,24.26,102.326,51425.1,52239.0,34.35,33426.32,101.380,0.14052,,,,
1848,04/16/2026 05:33:07,24.31,8.13,6.68,24.26,102.326,51475.1,52289.7,34.39,33458.78,101.380,0.14052,,,,
1849,04/16/2026 05:35:07,24.31,8.13,6.68,24.26,102.308,51424.0,52241.2,34.35,33425.59,101.380,0.13876,,,,
1850,04/16/2026 05:37:07,24.31,8.13,6.68,24.25,102.308,51425.1,52245.7,34.35,33426.32,101.380,0.13875,,,,
1851,04/16/2026 05:39:07,24.31,8.13,6.68,24.25,102.325,51445.7,52270.0,34.37,33439.73,101.380,0.14049,,,,
1852,04/16/2026 05:41:07,24.31,8.13,6.68,24.25,102.325,51430.8,52258.1,34.36,33429.99,101.380,0.14048,,,,
1853,04/16/2026 05:43:07,24.30,8.13,6.68,24.25,102.343,51442.8,52270.4,34.37,33437.84,101.380,0.14223,,,,
1854,04/16/2026 05:45:07,24.30,8.13,6.68,24.24,102.272,51446.2,52277.2,34.38,33440.04,101.380,0.13522,,,,
1855,04/16/2026 05:47:07,24.30,8.13,6.68,24.24,102.325,51461.2,52295.8,34.39,33449.77,101.380,0.14046,,,,
1856,04/16/2026 05:49:07,24.29,8.13,6.68,24.24,102.342,51448.5,52286.2,34.38,33441.50,101.380,0.14221,,,,
1857,04/16/2026 05:51:07,24.29,8.13,6.68,24.24,102.378,51414.0,52251.2,34.36,33419.11,101.380,0.14571,,,,
1858,04/16/2026 05:53:07,24.30,8.13,6.68,24.24,102.342,51435.1,52272.6,34.37,33432.82,101.380,0.14221,,,,
1859,04/16/2026 05:55:07,24.29,8.13,6.68,24.24,102.395,51466.7,52304.7,34.40,33453.33,101.380,0.14746,,,,
1860,04/16/2026 05:57:07,24.29,8.13,6.68,24.24,102.360,51456.7,52294.5,34.39,33446.84,101.380,0.14396,,,,
1861,04/16/2026 05:59:07,24.29,8.13,6.68,24.24,102.378,51441.7,52279.3,34.38,33437.09,101.380,0.14571,,,,
1862,04/16/2026 06:01:07,24.29,8.13,6.67,24.24,102.307,51489.4,52327.8,34.41,33468.10,101.380,0.13870,,,,
1863,04/16/2026 06:03:07,24.29,8.13,6.68,24.24,102.395,51463.3,52301.2,34.39,33451.12,101.380,0.14746,,,,
1864,04/16/2026 06:05:07,24.29,8.13,6.68,24.23,102.360,51467.1,52308.6,34.40,33453.63,101.380,0.14395,,,,
1865,04/16/2026 06:07:07,24.28,8.13,6.68,24.24,102.360,51510.5,52349.3,34.43,33481.84,101.380,0.14396,,,,
1866,04/16/2026 06:09:07,24.29,8.13,6.68,24.24,102.360,51477.3,52315.5,34.40,33460.26,101.380,0.14396,,,,
1867,04/16/2026 06:11:07,24.29,8.13,6.68,24.23,102.378,51528.3,52370.7,34.44,33493.38,101.380,0.14570,,,,
1868,04/16/2026 06:13:07,24.28,8.13,6.68,24.23,102.378,51500.5,52342.5,34.42,33475.33,101.380,0.14570,,,,
1869,04/16/2026 06:15:07,24.29,8.13,6.68,24.23,102.360,51445.6,52286.6,34.38,33439.61,101.380,0.14395,,,,
1870,04/16/2026 06:17:07,24.28,8.13,6.68,24.23,102.395,51527.6,52373.4,34.45,33492.93,101.380,0.14744,,,,
1871,04/16/2026 06:19:07,24.28,8.14,6.68,24.23,102.395,51498.2,52343.6,34.42,33473.86,101.380,0.14744,,,,
1872,04/16/2026 06:21:07,24.28,8.14,6.68,24.23,102.360,51534.9,52380.8,34.45,33497.66,101.380,0.14394,,,,
1873,04/16/2026 06:23:07,24.28,8.14,6.68,24.23,102.360,51501.0,52346.3,34.43,33475.63,101.380,0.14394,,,,
1874,04/16/2026 06:25:07,24.28,8.14,6.68,24.23,102.395,51521.0,52370.0,34.44,33488.64,101.380,0.14743,,,,
1875,04/16/2026 06:27:07,24.27,8.14,6.69,24.23,102.342,51533.7,52383.0,34.45,33496.92,101.380,0.14218,,,,
1876,04/16/2026 06:29:07,24.28,8.15,6.69,24.23,102.325,51507.1,52355.9,34.43,33479.62,101.380,0.14043,,,,
1877,04/16/2026 06:31:07,24.28,8.15,6.69,24.23,102.360,51536.7,52382.6,34.45,33498.85,101.380,0.14394,,,,
1878,04/16/2026 06:33:07,24.29,8.15,6.69,24.23,102.378,51542.2,52384.8,34.46,33502.40,101.380,0.14570,,,,
1879,04/16/2026 06:35:07,24.28,8.16,6.70,24.24,102.378,51566.1,52402.4,34.47,33517.95,101.380,0.14572,,,,
1880,04/16/2026 06:37:07,24.29,8.17,6.71,24.24,102.360,51541.0,52373.6,34.45,33501.66,101.380,0.14397,,,,
1881,04/16/2026 06:39:07,24.29,8.18,6.72,24.25,102.361,51547.6,52370.1,34.45,33505.95,101.380,0.14401,,,,
1882,04/16/2026 06:41:07,24.31,8.19,6.72,24.26,102.361,51564.2,52376.9,34.45,33516.74,101.380,0.14403,,,,
1883,04/16/2026 06:43:07,24.31,8.19,6.73,24.27,102.379,51559.9,52362.4,34.44,33513.94,101.380,0.14581,,,,
1884,04/16/2026 06:45:07,24.32,8.19,6.73,24.28,102.379,51582.7,52375.5,34.45,33528.75,101.380,0.14584,,,,
1885,04/16/2026 06:47:07,24.33,8.20,6.73,24.29,102.414,51620.6,52407.2,34.47,33553.36,101.380,0.14936,,,,
1886,04/16/2026 06:49:07,24.33,8.21,6.74,24.29,102.362,51613.2,52389.6,34.46,33548.60,101.380,0.14414,,,,
1887,04/16/2026 06:51:07,24.35,8.22,6.75,24.30,102.397,51643.4,52410.1,34.48,33568.20,101.380,0.14767,,,,
1888,04/16/2026 06:53:07,24.35,8.23,6.76,24.31,102.398,51665.8,52426.1,34.49,33582.77,101.380,0.14769,,,,
1889,04/16/2026 06:55:07,24.36,8.23,6.76,24.32,102.345,51667.4,52417.6,34.48,33583.79,101.380,0.14247,,,,
1890,04/16/2026 06:57:07,24.36,8.24,6.77,24.32,102.345,51688.6,52432.4,34.50,33597.62,101.380,0.14249,,,,
1891,04/16/2026 06:59:07,24.37,8.24,6.77,24.33,102.363,51644.5,52380.9,34.46,33568.94,101.380,0.14426,,,,
1892,04/16/2026 07:01:07,24.38,8.25,6.77,24.34,102.381,51674.7,52404.8,34.48,33588.55,101.380,0.14603,,,,
1893,04/16/2026 07:03:07,24.39,8.26,6.78,24.34,102.399,51673.6,52396.9,34.47,33587.81,101.380,0.14780,,,,
1894,04/16/2026 07:05:07,24.39,8.27,6.79,24.35,102.399,51672.4,52389.0,34.46,33587.05,101.380,0.14782,,,,
1895,04/16/2026 07:07:07,24.40,8.28,6.80,24.36,102.452,51721.6,52425.4,34.49,33619.04,101.380,0.15311,,,,
1896,04/16/2026 07:09:07,24.41,8.29,6.81,24.37,102.382,51715.4,52405.7,34.48,33615.00,101.380,0.14614,,,,
1897,04/16/2026 07:11:07,24.42,8.30,6.82,24.39,102.418,51756.9,52430.9,34.50,33641.98,101.380,0.14969,,,,
1898,04/16/2026 07:13:07,24.44,8.32,6.83,24.41,102.348,51756.9,52407.4,34.48,33641.98,101.380,0.14276,,,,
1899,04/16/2026 07:15:07,24.45,8.34,6.85,24.43,102.419,51806.3,52433.8,34.50,33674.06,101.380,0.14983,,,,
1900,04/16/2026 07:17:07,24.47,8.35,6.86,24.45,102.367,51835.4,52436.4,34.51,33693.03,101.380,0.14466,,,,
1901,04/16/2026 07:19:07,24.49,8.36,6.87,24.47,102.420,51853.0,52434.0,34.50,33704.43,101.380,0.14997,,,,
1902,04/16/2026 07:21:07,24.51,8.37,6.87,24.48,102.403,51858.8,52426.3,34.50,33708.20,101.380,0.14825,,,,
1903,04/16/2026 07:23:07,24.53,8.37,6.87,24.50,102.404,51904.4,52459.0,34.52,33737.84,101.380,0.14829,,,,
1904,04/16/2026 07:25:07,24.54,8.38,6.88,24.51,102.386,51832.3,52372.7,34.46,33690.98,101.380,0.14658,,,,
1905,04/16/2026 07:27:07,24.55,8.38,6.88,24.52,102.422,51900.1,52431.2,34.50,33735.09,101.380,0.15011,,,,
1906,04/16/2026 07:29:07,24.56,8.39,6.89,24.53,102.440,51918.1,52439.2,34.51,33746.75,101.380,0.15189,,,,
1907,04/16/2026 07:31:07,24.57,8.39,6.89,24.53,102.458,51893.1,52407.3,34.49,33730.48,101.380,0.15366,,,,
1908,04/16/2026 07:33:07,24.57,8.40,6.90,24.54,102.405,51888.0,52392.1,34.48,33727.19,101.380,0.14844,,,,
1909,04/16/2026 07:35:07,24.59,8.41,6.91,24.55,102.441,51868.1,52358.6,34.45,33714.25,101.380,0.15198,,,,
1910,04/16/2026 07:37:07,24.60,8.41,6.91,24.57,102.459,51903.2,52380.6,34.47,33737.07,101.380,0.15377,,,,
1911,04/16/2026 07:39:07,24.61,8.42,6.92,24.58,102.459,52001.3,52466.1,34.53,33800.82,101.380,0.15381,,,,
1912,04/16/2026 07:41:07,24.62,8.43,6.92,24.59,102.424,51998.6,52446.6,34.52,33799.06,101.380,0.15036,,,,
1913,04/16/2026 07:43:07,24.64,8.42,6.92,24.60,102.477,51941.4,52379.0,34.47,33761.93,101.380,0.15564,,,,
1914,04/16/2026 07:45:07,24.64,8.43,6.92,24.61,102.443,51977.3,52405.1,34.49,33785.27,101.380,0.15216,,,,
1915,04/16/2026 07:47:07,24.66,8.43,6.92,24.62,102.496,51953.1,52367.3,34.46,33769.52,101.380,0.15746,,,,
1916,04/16/2026 07:49:07,24.67,8.44,6.93,24.63,102.478,52011.8,52416.3,34.50,33807.64,101.380,0.15573,,,,
1917,04/16/2026 07:51:07,24.68,8.44,6.94,24.65,102.426,52078.0,52466.4,34.54,33850.72,101.380,0.15053,,,,
1918,04/16/2026 07:53:07,24.69,8.46,6.95,24.66,102.462,52085.8,52457.4,34.53,33855.79,101.380,0.15408,,,,
1919,04/16/2026 07:55:07,24.71,8.47,6.96,24.69,102.463,52076.8,52421.6,34.51,33849.94,101.380,0.15416,,,,
1920,04/16/2026 07:57:07,24.73,8.50,6.98,24.72,102.464,52171.6,52480.0,34.55,33911.51,101.380,0.15427,,,,
1921,04/16/2026 07:59:07,24.76,8.52,7.00,24.75,102.447,52224.3,52499.5,34.57,33945.78,101.380,0.15261,,,,
1922,04/16/2026 08:01:07,24.79,8.54,7.01,24.78,102.448,52240.9,52482.8,34.56,33956.58,101.380,0.15271,,,,
1923,04/16/2026 08:03:07,24.82,8.55,7.03,24.80,102.449,52203.8,52422.0,34.51,33932.45,101.380,0.15278,,,,
1924,04/16/2026 08:05:07,24.85,8.58,7.05,24.83,102.414,52227.0,52415.2,34.51,33947.53,101.380,0.14937,,,,
1925,04/16/2026 08:07:07,24.87,8.59,7.06,24.86,102.451,52255.1,52413.4,34.51,33965.80,101.380,0.15296,,,,
1926,04/16/2026 08:09:07,24.89,8.60,7.07,24.88,102.487,52288.6,52417.0,34.51,33987.59,101.380,0.15655,,,,
1927,04/16/2026 08:11:07,24.93,8.61,7.07,24.90,102.452,52322.2,52427.2,34.52,34009.41,101.380,0.15311,,,,
1928,04/16/2026 08:13:07,24.95,8.62,7.08,24.93,102.453,52328.6,52410.3,34.51,34013.56,101.380,0.15318,,,,
1929,04/16/2026 08:15:07,24.97,8.62,7.09,24.94,102.471,52377.8,52442.9,34.54,34045.59,101.380,0.15498,,,,
1930,04/16/2026 08:17:07,24.98,8.63,7.09,24.96,102.471,52353.1,52398.1,34.50,34029.50,101.380,0.15504,,,,
1931,04/16/2026 08:19:07,25.00,8.63,7.09,24.97,102.507,52394.3,52429.4,34.53,34056.32,101.380,0.15857,,,,
1932,04/16/2026 08:21:07,25.02,8.63,7.09,24.98,102.507,52356.8,52378.5,34.49,34031.91,101.380,0.15861,,,,
1933,04/16/2026 08:23:07,25.02,8.62,7.09,24.99,102.472,52390.4,52402.2,34.51,34053.77,101.380,0.15514,,,,
1934,04/16/2026 08:25:07,25.03,8.63,7.09,25.00,102.455,52378.9,52377.3,34.49,34046.26,101.380,0.15343,,,,
1935,04/16/2026 08:27:07,25.04,8.65,7.11,25.02,102.491,52426.6,52405.0,34.51,34077.28,101.380,0.15699,,,,
1936,04/16/2026 08:29:07,25.06,8.67,7.13,25.04,102.474,52435.9,52391.0,34.50,34083.31,101.380,0.15531,,,,
1937,04/16/2026 08:31:07,25.08,8.68,7.13,25.06,102.510,52472.1,52410.5,34.52,34106.84,101.380,0.15886,,,,
1938,04/16/2026 08:33:07,25.10,8.68,7.13,25.07,102.475,52499.2,52424.3,34.53,34124.49,101.380,0.15540,,,,
1939,04/16/2026 08:35:07,25.11,8.69,7.14,25.08,102.493,52450.1,52358.7,34.48,34092.59,101.380,0.15720,,,,
1940,04/16/2026 08:37:07,25.12,8.70,7.15,25.10,102.459,52514.8,52399.9,34.51,34134.61,101.380,0.15376,,,,
1941,04/16/2026 08:39:07,25.14,8.71,7.16,25.13,102.477,52531.8,52390.2,34.51,34145.64,101.380,0.15559,,,,
1942,04/16/2026 08:41:07,25.17,8.72,7.17,25.16,102.496,52571.9,52397.0,34.51,34171.71,101.380,0.15744,,,,
1943,04/16/2026 08:43:07,25.20,8.74,7.18,25.19,102.497,52608.4,52396.9,34.51,34195.47,101.380,0.15755,,,,
1944,04/16/2026 08:45:07,25.22,8.74,7.19,25.22,102.515,52625.2,52387.0,34.51,34206.35,101.380,0.15938,,,,
1945,04/16/2026 08:47:07,25.24,8.75,7.19,25.23,102.533,52647.4,52389.2,34.51,34220.80,101.380,0.16119,,,,
1946,04/16/2026 08:49:07,25.27,8.75,7.19,25.25,102.499,52688.0,52409.6,34.53,34247.17,101.380,0.15775,,,,
1947,04/16/2026 08:51:07,25.28,8.77,7.21,25.28,102.552,52715.3,52407.0,34.53,34264.96,101.380,0.16309,,,,
1948,04/16/2026 08:53:07,25.31,8.79,7.22,25.30,102.518,52734.9,52399.9,34.52,34277.71,101.380,0.15967,,,,
1949,04/16/2026 08:55:07,25.33,8.78,7.22,25.33,102.554,52719.3,52361.1,34.49,34267.52,101.380,0.16324,,,,
1950,04/16/2026 08:57:07,25.36,8.80,7.24,25.35,102.502,52772.9,52387.9,34.52,34302.40,101.380,0.15807,,,,
1951,04/16/2026 08:59:07,25.39,8.81,7.24,25.39,102.503,52804.3,52379.2,34.51,34322.77,101.380,0.15819,,,,
1952,04/16/2026 09:01:07,25.42,8.82,7.25,25.41,102.522,52862.1,52406.8,34.53,34360.36,101.380,0.16003,,,,
1953,04/16/2026 09:03:07,25.44,8.82,7.25,25.43,102.540,52852.9,52374.6,34.51,34354.38,101.380,0.16185,,,,
1954,04/16/2026 09:05:07,25.47,8.82,7.25,25.45,102.540,52890.9,52392.4,34.52,34379.11,101.380,0.16191,,,,
1955,04/16/2026 09:07:07,25.50,8.84,7.27,25.49,102.595,52864.7,52323.4,34.47,34362.05,101.380,0.16729,,,,
1956,04/16/2026 09:09:07,25.53,8.85,7.28,25.54,102.561,52925.1,52337.0,34.49,34401.32,101.380,0.16393,,,,
1957,04/16/2026 09:11:07,25.57,8.87,7.29,25.58,102.527,53004.2,52369.0,34.51,34452.73,101.380,0.16057,,,,
1958,04/16/2026 09:13:07,25.61,8.89,7.31,25.63,102.546,53092.7,52403.6,34.54,34510.26,101.380,0.16248,,,,
1959,04/16/2026 09:15:07,25.66,8.91,7.33,25.68,102.513,53116.5,52371.0,34.52,34525.74,101.380,0.15914,,,,
1960,04/16/2026 09:17:07,25.71,8.93,7.35,25.73,102.567,53128.5,52323.5,34.49,34533.50,101.380,0.16458,,,,
1961,04/16/2026 09:19:07,25.76,8.94,7.35,25.78,102.569,53192.1,52330.2,34.49,34574.88,101.380,0.16475,,,,
1962,04/16/2026 09:21:07,25.81,8.92,7.34,25.82,102.500,53216.0,52317.5,34.49,34590.41,101.380,0.15785,,,,
1963,04/16/2026 09:23:07,25.84,8.92,7.34,25.84,102.553,53214.7,52293.3,34.47,34589.53,101.380,0.16318,,,,
1964,04/16/2026 09:25:07,25.87,8.90,7.32,25.85,102.536,53234.6,52303.0,34.48,34602.49,101.380,0.16146,,,,
1965,04/16/2026 09:27:07,25.88,8.92,7.34,25.88,102.590,53277.2,52312.0,34.48,34630.17,101.380,0.16681,,,,
1966,04/16/2026 09:29:07,25.91,8.93,7.35,25.92,102.538,53301.1,52296.1,34.47,34645.74,101.380,0.16168,,,,
1967,04/16/2026 09:31:07,25.96,8.93,7.35,25.94,102.521,53354.6,52325.6,34.50,34680.48,101.380,0.16000,,,,
1968,04/16/2026 09:33:07,25.97,8.95,7.36,25.97,102.558,53367.9,52302.6,34.48,34689.14,101.380,0.16361,,,,
1969,04/16/2026 09:35:07,26.01,8.97,7.39,26.02,102.559,53426.7,52301.2,34.48,34727.33,101.380,0.16379,,,,
1970,04/16/2026 09:37:07,26.04,8.96,7.38,26.05,102.543,53452.1,52296.6,34.48,34743.86,101.380,0.16213,,,,
1971,04/16/2026 09:39:07,26.07,8.96,7.38,26.07,102.561,53449.5,52277.6,34.47,34742.15,101.380,0.16393,,,,
1972,04/16/2026 09:41:07,26.10,8.97,7.38,26.10,102.544,53519.1,52306.5,34.49,34787.42,101.380,0.16230,,,,
1973,04/16/2026 09:43:07,26.14,8.98,7.39,26.14,102.493,53587.7,52337.5,34.52,34831.98,101.380,0.15716,,,,
1974,04/16/2026 09:45:07,26.18,9.02,7.43,26.20,102.548,53638.8,52318.7,34.50,34865.22,101.380,0.16263,,,,
1975,04/16/2026 09:47:07,26.23,9.05,7.45,26.27,102.532,53678.0,52288.3,34.48,34890.70,101.380,0.16109,,,,
1976,04/16/2026 09:49:07,26.29,9.06,7.46,26.33,102.569,53742.7,52286.1,34.49,34932.77,101.380,0.16479,,,,
1977,04/16/2026 09:51:07,26.34,9.07,7.47,26.38,102.554,53795.7,52275.7,34.48,34967.23,101.380,0.16323,,,,
1978,04/16/2026 09:53:07,26.40,9.07,7.47,26.45,102.556,53865.9,52278.8,34.49,35012.84,101.380,0.16344,,,,
1979,04/16/2026 09:55:07,26.47,9.08,7.48,26.50,102.540,53916.1,52268.9,34.48,35045.45,101.380,0.16187,,,,
1980,04/16/2026 09:57:07,26.52,9.10,7.50,26.56,102.542,53962.8,52252.4,34.47,35075.83,101.380,0.16206,,,,
1981,04/16/2026 09:59:07,26.59,9.12,7.51,26.63,102.527,54038.8,52254.5,34.47,35125.20,101.380,0.16054,,,,
1982,04/16/2026 10:01:07,26.65,9.14,7.53,26.69,102.529,54084.0,52230.1,34.46,35154.61,101.380,0.16075,,,,
1983,04/16/2026 10:03:07,26.71,9.15,7.55,26.75,102.566,54037.1,52123.3,34.38,35124.08,101.380,0.16445,,,,
1984,04/16/2026 10:05:07,26.77,9.18,7.57,26.82,102.569,54131.3,52133.4,34.39,35185.36,101.380,0.16471,,,,
1985,04/16/2026 10:07:07,26.86,9.22,7.60,26.94,102.555,54285.7,52162.6,34.42,35285.73,101.380,0.16333,,,,
1986,04/16/2026 10:09:07,26.78,8.90,7.33,26.52,102.875,54160.0,52482.5,34.64,35204.03,101.380,0.19522,,,,
1987,04/16/2026 10:11:07,26.62,9.02,7.42,26.45,102.873,54209.8,52609.3,34.73,35236.37,101.380,0.19497,,,,
1988,04/16/2026 10:13:07,26.57,9.06,7.45,26.49,102.874,54263.0,52615.0,34.74,35270.95,101.380,0.19511,,,,
1989,04/16/2026 10:15:07,26.57,9.08,7.47,26.54,102.876,54341.7,52635.6,34.75,35322.08,101.380,0.19529,,,,
1990,04/16/2026 10:17:07,26.59,9.09,7.48,26.59,102.913,54374.8,52618.7,34.74,35343.63,101.380,0.19894,,,,
1991,04/16/2026 10:19:07,26.63,9.08,7.47,26.64,102.879,54418.7,52612.1,34.74,35372.14,101.380,0.19559,,,,
1992,04/16/2026 10:21:07,26.67,9.11,7.49,26.70,102.899,54481.1,52607.1,34.74,35412.74,101.380,0.19755,,,,
1993,04/16/2026 10:23:07,26.73,9.10,7.48,26.75,102.848,54525.1,52597.4,34.73,35441.34,101.380,0.19246,,,,
1994,04/16/2026 10:25:07,26.77,9.09,7.47,26.75,102.866,54547.4,52609.0,34.74,35455.79,101.380,0.19424,,,,
1995,04/16/2026 10:27:07,26.78,9.08,7.47,26.75,102.901,54525.1,52587.6,34.73,35441.34,101.380,0.19774,,,,
1996,04/16/2026 10:29:07,26.80,9.08,7.47,26.79,102.919,54615.7,52642.3,34.77,35500.20,101.380,0.19960,,,,
1997,04/16/2026 10:31:07,26.83,9.09,7.48,26.83,102.886,54611.2,52592.3,34.73,35497.26,101.380,0.19624,,,,
1998,04/16/2026 10:33:07,26.86,9.09,7.48,26.85,102.904,54640.6,52594.6,34.74,35516.36,101.380,0.19807,,,,
1999,04/16/2026 10:35:07,26.89,9.09,7.48,26.90,102.870,54725.4,52627.4,34.76,35571.52,101.380,0.19472,,,,
2000,04/16/2026 10:37:07,26.93,9.11,7.49,26.95,102.943,54780.9,52625.4,34.76,35607.59,101.380,0.20190,,,,
2001,04/16/2026 10:39:07,26.98,9.11,7.50,27.00,102.891,54822.7,52613.4,34.76,35634.76,101.380,0.19682,,,,
2002,04/16/2026 10:41:07,27.02,9.09,7.48,27.02,102.927,54823.2,52594.5,34.74,35635.11,101.380,0.20038,,,,
2003,04/16/2026 10:43:07,27.05,9.08,7.47,27.02,102.910,54780.9,52550.6,34.71,35607.59,101.380,0.19864,,,,
2004,04/16/2026 10:45:07,27.05,9.09,7.48,27.04,102.875,54853.9,52604.3,34.75,35655.02,101.380,0.19519,,,,
2005,04/16/2026 10:47:07,27.09,9.11,7.50,27.09,102.912,54934.2,52629.4,34.77,35707.25,101.380,0.19886,,,,
2006,04/16/2026 10:49:07,27.13,9.12,7.51,27.13,102.931,54942.4,52588.5,34.74,35712.56,101.380,0.20076,,,,
2007,04/16/2026 10:51:07,27.17,9.14,7.53,27.18,102.915,54933.7,52525.1,34.70,35706.88,101.380,0.19919,,,,
2008,04/16/2026 10:53:07,27.22,9.16,7.54,27.25,102.917,55130.0,52647.9,34.79,35834.53,101.380,0.19940,,,,
2009,04/16/2026 10:55:07,27.28,9.16,7.54,27.31,102.920,55098.5,52546.6,34.72,35814.05,101.380,0.19962,,,,
2010,04/16/2026 10:57:07,27.34,9.13,7.52,27.34,102.903,55142.3,52559.3,34.73,35842.52,101.380,0.19797,,,,
2011,04/16/2026 10:59:07,27.37,9.12,7.51,27.35,102.939,55232.7,52632.4,34.78,35901.23,101.380,0.20151,,,,
2012,04/16/2026 11:01:07,27.39,9.16,7.54,27.38,102.887,55250.4,52617.0,34.77,35912.77,101.380,0.19636,,,,
2013,04/16/2026 11:03:07,27.44,9.15,7.54,27.44,102.889,55326.4,52634.3,34.79,35962.17,101.380,0.19654,,,,
2014,04/16/2026 11:05:07,27.47,9.15,7.53,27.45,102.907,55310.9,52603.4,34.77,35952.08,101.380,0.19834,,,,
2015,04/16/2026 11:07:07,27.49,9.16,7.54,27.49,102.943,55376.1,52626.6,34.79,35994.45,101.380,0.20197,,,,
2016,04/16/2026 11:09:07,27.54,9.17,7.55,27.55,102.963,55422.1,52608.9,34.77,36024.36,101.380,0.20392,,,,
2017,04/16/2026 11:11:07,27.59,9.19,7.57,27.60,102.929,55454.9,52585.2,34.76,36045.67,101.380,0.20059,,,,
2018,04/16/2026 11:13:07,27.64,9.20,7.58,27.66,102.914,55543.6,52608.0,34.78,36103.33,101.380,0.19904,,,,
2019,04/16/2026 11:15:07,27.71,9.22,7.60,27.72,102.916,55569.9,52565.2,34.75,36120.43,101.380,0.19926,,,,
2020,04/16/2026 11:17:07,27.76,9.23,7.60,27.78,102.883,55660.6,52593.1,34.77,36179.41,101.380,0.19595,,,,
2021,04/16/2026 11:19:07,27.81,9.23,7.60,27.83,102.920,55671.3,52545.3,34.74,36186.37,101.380,0.19964,,,,
2022,04/16/2026 11:21:07,27.87,9.23,7.61,27.89,102.922,55707.7,52525.1,34.72,36210.02,101.380,0.19982,,,,
2023,04/16/2026 11:23:07,27.92,9.25,7.62,27.93,102.923,55800.4,52567.5,34.76,36270.29,101.380,0.19997,,,,
2024,04/16/2026 11:25:07,27.97,9.25,7.62,27.99,102.908,55883.5,52581.6,34.77,36324.28,101.380,0.19843,,,,
2025,04/16/2026 11:27:07,28.03,9.26,7.63,28.05,102.909,55951.8,52588.0,34.78,36368.66,101.380,0.19862,,,,
2026,04/16/2026 11:29:07,28.08,9.26,7.63,28.10,102.894,55984.2,52557.6,34.76,36389.75,101.380,0.19707,,,,
2027,04/16/2026 11:31:07,28.14,9.26,7.63,28.15,102.931,56043.5,52568.3,34.77,36428.26,101.380,0.20072,,,,
2028,04/16/2026 11:33:07,28.19,9.27,7.64,28.21,102.915,56080.3,52542.0,34.75,36452.20,101.380,0.19917,,,,
2029,04/16/2026 11:35:07,28.25,9.26,7.63,28.25,102.934,56108.9,52527.2,34.74,36470.77,101.380,0.20106,,,,
2030,04/16/2026 11:37:07,28.29,9.27,7.64,28.28,102.953,56204.4,52578.3,34.78,36532.86,101.380,0.20294,,,,
2031,04/16/2026 11:39:07,28.33,9.27,7.64,28.32,102.884,56209.3,52541.3,34.75,36536.05,101.380,0.19607,,,,
2032,04/16/2026 11:41:07,28.37,9.28,7.65,28.37,102.956,56285.9,52561.8,34.77,36585.84,101.380,0.20325,,,,
2033,04/16/2026 11:43:07,28.42,9.28,7.65,28.42,102.852,56307.1,52533.6,34.75,36599.59,101.380,0.19290,,,,
2034,04/16/2026 11:45:07,28.47,9.28,7.65,28.47,102.871,56380.5,52547.9,34.76,36647.30,101.380,0.19483,,,,
2035,04/16/2026 11:47:07,28.52,9.29,7.66,28.53,102.856,56426.1,52536.2,34.76,36676.98,101.380,0.19326,,,,
2036,04/16/2026 11:49:07,28.57,9.29,7.66,28.58,102.910,56480.2,52535.6,34.76,36712.14,101.380,0.19869,,,,
2037,04/16/2026 11:51:07,28.62,9.29,7.67,28.62,102.912,56503.3,52509.3,34.74,36727.16,101.380,0.19885,,,,
2038,04/16/2026 11:53:07,28.68,9.29,7.66,28.67,102.896,56596.4,52548.0,34.77,36787.66,101.380,0.19726,,,,
2039,04/16/2026 11:55:07,28.72,9.29,7.66,28.71,102.915,56619.6,52525.1,34.75,36802.74,101.380,0.19916,,,,
2040,04/16/2026 11:57:07,28.76,9.29,7.66,28.76,102.934,56648.8,52507.7,34.74,36821.71,101.380,0.20106,,,,
2041,04/16/2026 11:59:07,28.80,9.29,7.66,28.81,102.883,56730.3,52529.1,34.76,36874.68,101.380,0.19599,,,,
2042,04/16/2026 12:01:07,28.86,9.28,7.66,28.86,102.920,56787.8,52534.8,34.76,36912.08,101.380,0.19965,,,,
2043,04/16/2026 12:03:07,28.90,9.27,7.65,28.88,102.868,56778.2,52497.3,34.74,36905.85,101.380,0.19449,,,,
2044,04/16/2026 12:05:07,28.91,9.26,7.64,28.89,102.886,56792.0,52506.9,34.75,36914.81,101.380,0.19626,,,,
2045,04/16/2026 12:07:07,28.94,9.27,7.65,28.92,102.852,56834.7,52514.6,34.75,36942.55,101.380,0.19286,,,,
2046,04/16/2026 12:09:07,28.99,9.26,7.64,28.96,102.906,56906.3,52539.6,34.77,36989.10,101.380,0.19826,,,,
2047,04/16/2026 12:11:07,29.01,9.26,7.64,29.00,102.890,56916.6,52507.8,34.75,36995.76,101.380,0.19665,,,,
2048,04/16/2026 12:13:07,29.06,9.28,7.65,29.04,102.891,56992.6,52533.6,34.77,37045.20,101.380,0.19680,,,,
2049,04/16/2026 12:15:07,29.11,9.27,7.65,29.09,102.858,57026.4,52514.1,34.76,37067.17,101.380,0.19347,,,,
2050,04/16/2026 12:17:07,29.15,9.28,7.66,29.14,102.859,57143.4,52574.3,34.80,37143.23,101.380,0.19363,,,,
2051,04/16/2026 12:19:07,29.20,9.27,7.65,29.19,102.914,57129.4,52510.8,34.76,37134.14,101.380,0.19906,,,,
2052,04/16/2026 12:21:07,29.25,9.28,7.66,29.24,102.845,57208.3,52532.6,34.78,37185.36,101.380,0.19223,,,,
2053,04/16/2026 12:23:07,29.29,9.26,7.65,29.28,102.847,57229.7,52511.2,34.76,37199.28,101.380,0.19237,,,,
2054,04/16/2026 12:25:07,29.32,9.25,7.64,29.29,102.882,57223.6,52489.8,34.74,37195.32,101.380,0.19593,,,,
2055,04/16/2026 12:27:07,29.35,9.26,7.65,29.32,102.866,57280.3,52513.4,34.76,37232.19,101.380,0.19427,,,,
2056,04/16/2026 12:29:07,29.39,9.29,7.66,29.38,102.833,57378.1,52546.1,34.79,37295.75,101.380,0.19096,,,,
2057,04/16/2026 12:31:07,29.47,9.28,7.66,29.47,102.853,57435.6,52504.1,34.76,37333.13,101.380,0.19304,,,,
2058,04/16/2026 12:33:07,29.53,9.27,7.66,29.53,102.891,57470.5,52482.5,34.75,37355.85,101.380,0.19673,,,,
2059,04/16/2026 12:35:07,29.59,9.25,7.64,29.57,102.839,57507.9,52475.6,34.74,37380.12,101.380,0.19162,,,,
2060,04/16/2026 12:37:07,29.62,9.27,7.66,29.60,102.840,57560.9,52486.2,34.75,37414.58,101.380,0.19175,,,,
2061,04/16/2026 12:39:07,29.66,9.28,7.66,29.64,102.877,57621.1,52506.5,34.77,37453.72,101.380,0.19538,,,,
2062,04/16/2026 12:41:07,29.69,9.29,7.67,29.67,102.843,57637.7,52490.2,34.76,37464.52,101.380,0.19198,,,,
2063,04/16/2026 12:43:07,29.73,9.29,7.67,29.69,102.861,57700.0,52521.7,34.78,37504.97,101.380,0.19382,,,,
2064,04/16/2026 12:45:07,29.78,9.28,7.66,29.74,102.828,57754.4,52524.1,34.78,37540.36,101.380,0.19048,,,,
2065,04/16/2026 12:47:07,29.79,9.26,7.64,29.75,102.810,57737.3,52505.3,34.77,37529.23,101.380,0.18874,,,,
2066,04/16/2026 12:49:07,29.81,9.24,7.63,29.76,102.864,57738.8,52494.1,34.76,37530.20,101.380,0.19404,,,,
2067,04/16/2026 12:51:07,29.83,9.24,7.63,29.78,102.847,57795.1,52526.4,34.79,37566.79,101.380,0.19236,,,,
2068,04/16/2026 12:53:07,29.85,9.21,7.61,29.80,102.847,57794.6,52507.2,34.77,37566.52,101.380,0.19242,,,,
2069,04/16/2026 12:55:07,29.87,9.21,7.61,29.81,102.866,57799.3,52492.6,34.76,37569.57,101.380,0.19424,,,,
2070,04/16/2026 12:57:07,29.88,9.20,7.60,29.83,102.813,57799.3,52480.1,34.75,37569.57,101.380,0.18903,,,,
2071,04/16/2026 12:59:07,29.90,9.20,7.60,29.84,102.831,57826.6,52495.3,34.76,37587.26,101.380,0.19081,,,,
2072,04/16/2026 13:01:07,29.91,9.19,7.59,29.85,102.867,57861.9,52514.9,34.78,37610.26,101.380,0.19436,,,,
2073,04/16/2026 13:03:07,29.92,9.18,7.59,29.86,102.832,57888.8,52523.6,34.79,37627.72,101.380,0.19091,,,,
2074,04/16/2026 13:05:07,29.94,9.18,7.58,29.88,102.886,57917.2,52530.5,34.79,37646.20,101.380,0.19624,,,,
2075,04/16/2026 13:07:07,29.95,9.16,7.57,29.90,102.833,57886.0,52483.4,34.76,37625.93,101.380,0.19105,,,,
2076,04/16/2026 13:09:07,29.96,9.15,7.56,29.91,102.851,57907.5,52496.6,34.77,37639.87,101.380,0.19282,,,,
2077,04/16/2026 13:11:07,29.98,9.15,7.55,29.93,102.887,57930.9,52499.0,34.77,37655.08,101.380,0.19639,,,,
2078,04/16/2026 13:13:07,30.00,9.14,7.55,29.94,102.870,57905.2,52466.2,34.75,37638.35,101.380,0.19467,,,,
2079,04/16/2026 13:15:07,30.01,9.14,7.55,29.94,102.817,57950.8,52501.3,34.77,37668.02,101.380,0.18944,,,,
2080,04/16/2026 13:17:07,30.02,9.14,7.55,29.96,102.835,57957.0,52494.4,34.77,37672.07,101.380,0.19123,,,,
2081,04/16/2026 13:19:07,30.03,9.13,7.54,29.96,102.836,57993.0,52517.5,34.78,37695.43,101.380,0.19127,,,,
2082,04/16/2026 13:21:07,30.04,9.11,7.52,29.97,102.818,58037.1,52551.3,34.81,37724.14,101.380,0.18954,,,,
2083,04/16/2026 13:23:07,30.04,9.11,7.52,29.97,102.836,58011.4,52524.8,34.79,37707.38,101.380,0.19130,,,,
2084,04/16/2026 13:25:07,30.05,9.11,7.52,29.98,102.854,58028.2,52536.9,34.80,37718.31,101.380,0.19306,,,,
2085,04/16/2026 13:27:07,30.05,9.12,7.54,29.99,102.836,58036.8,52535.2,34.80,37723.89,101.380,0.19135,,,,
2086,04/16/2026 13:29:07,30.08,9.11,7.52,30.06,102.786,58157.0,52568.7,34.83,37802.07,101.380,0.18635,,,,
2087,04/16/2026 13:31:07,30.13,9.08,7.50,30.10,102.770,58145.2,52517.2,34.79,37794.36,101.380,0.18475,,,,
2088,04/16/2026 13:33:07,30.14,9.09,7.51,30.11,102.753,58159.4,52523.8,34.79,37803.59,101.380,0.18302,,,,
2089,04/16/2026 13:35:07,30.16,9.09,7.51,30.11,102.770,58128.0,52495.4,34.77,37783.18,101.380,0.18477,,,,
2090,04/16/2026 13:37:07,30.16,9.11,7.53,30.10,102.717,58146.8,52521.8,34.79,37795.42,101.380,0.17948,,,,
2091,04/16/2026 13:39:07,30.15,9.12,7.53,30.09,102.735,58108.4,52493.4,34.77,37770.47,101.380,0.18121,,,,
2092,04/16/2026 13:41:07,30.17,9.12,7.54,30.10,102.752,58118.3,52492.9,34.77,37776.88,101.380,0.18300,,,,
2093,04/16/2026 13:43:07,30.17,9.12,7.54,30.10,102.770,58089.2,52466.7,34.75,37758.00,101.380,0.18475,,,,
2094,04/16/2026 13:45:07,30.17,9.11,7.53,30.10,102.770,58143.8,52522.2,34.79,37793.46,101.380,0.18472,,,,
2095,04/16/2026 13:47:07,30.16,9.11,7.53,30.09,102.752,58110.0,52498.0,34.77,37771.52,101.380,0.18295,,,,
2096,04/16/2026 13:49:07,30.16,9.11,7.53,30.08,102.769,58133.5,52525.5,34.79,37786.80,101.380,0.18468,,,,
2097,04/16/2026 13:51:07,30.15,9.10,7.52,30.08,102.769,58062.2,52464.2,34.75,37740.43,101.380,0.18467,,,,
2098,04/16/2026 13:53:07,30.14,9.09,7.51,30.07,102.734,58103.8,52508.0,34.78,37767.45,101.380,0.18114,,,,
2099,04/16/2026 13:55:07,30.16,9.12,7.53,30.10,102.823,58117.0,52494.9,34.77,37776.07,101.380,0.18999,,,,
2100,04/16/2026 13:57:07,30.17,9.08,7.50,30.11,102.753,58150.8,52519.1,34.79,37797.99,101.380,0.18301,,,,
2101,04/16/2026 13:59:07,30.17,9.07,7.49,30.12,102.771,58148.8,52507.9,34.78,37796.70,101.380,0.18479,,,,
2102,04/16/2026 14:01:07,30.19,9.06,7.48,30.13,102.753,58168.6,52513.3,34.79,37809.57,101.380,0.18308,,,,
2103,04/16/2026 14:03:07,30.19,9.05,7.48,30.14,102.771,58158.3,52494.7,34.77,37802.91,101.380,0.18487,,,,
2104,04/16/2026 14:05:07,30.20,9.03,7.46,30.14,102.807,58177.5,52508.9,34.78,37815.40,101.380,0.18838,,,,
2105,04/16/2026 14:07:07,30.21,9.03,7.46,30.14,102.754,58163.0,52492.6,34.77,37805.94,101.380,0.18314,,,,
2106,04/16/2026 14:09:07,30.22,9.00,7.44,30.14,102.754,58181.8,52509.6,34.78,37818.20,101.380,0.18314,,,,
2107,04/16/2026 14:11:07,30.21,9.00,7.43,30.14,102.772,58172.9,52501.5,34.78,37812.37,101.380,0.18489,,,,
2108,04/16/2026 14:13:07,30.21,8.99,7.42,30.14,102.807,58165.0,52494.4,34.77,37807.22,101.380,0.18840,,,,
2109,04/16/2026 14:15:07,30.21,8.98,7.42,30.15,102.754,58154.4,52481.7,34.76,37800.34,101.380,0.18315,,,,
2110,04/16/2026 14:17:07,30.21,8.97,7.42,30.15,102.737,58173.6,52492.8,34.77,37812.82,101.380,0.18142,,,,
2111,04/16/2026 14:19:07,30.22,8.96,7.40,30.15,102.772,58190.5,52508.0,34.78,37823.80,101.380,0.18493,,,,
2112,04/16/2026 14:21:07,30.22,8.95,7.39,30.16,102.772,58246.8,52555.7,34.82,37860.43,101.380,0.18494,,,,
2113,04/16/2026 14:23:07,30.23,8.93,7.38,30.16,102.754,58215.6,52524.5,34.79,37840.16,101.380,0.18319,,,,
2114,04/16/2026 14:25:07,30.23,8.91,7.36,30.16,102.737,58206.7,52519.5,34.79,37834.34,101.380,0.18143,,,,
2115,04/16/2026 14:27:07,30.22,8.92,7.37,30.15,102.754,58147.7,52469.4,34.75,37796.03,101.380,0.18317,,,,
2116,04/16/2026 14:29:07,30.22,8.91,7.36,30.15,102.789,58170.9,52493.5,34.77,37811.08,101.380,0.18667,,,,
2117,04/16/2026 14:31:07,30.22,8.89,7.35,30.15,102.807,58204.4,52520.5,34.79,37832.84,101.380,0.18843,,,,
2118,04/16/2026 14:33:07,30.22,8.90,7.35,30.15,102.772,58200.4,52516.9,34.79,37830.25,101.380,0.18493,,,,
2119,04/16/2026 14:35:07,30.22,8.88,7.34,30.14,102.789,58156.0,52486.3,34.77,37801.40,101.380,0.18664,,,,
2120,04/16/2026 14:37:07,30.21,8.87,7.33,30.13,102.789,58136.8,52478.3,34.76,37788.91,101.380,0.18661,,,,
2121,04/16/2026 14:39:07,30.20,8.84,7.31,30.13,102.788,58168.2,52516.1,34.79,37809.35,101.380,0.18658,,,,
2122,04/16/2026 14:41:07,30.09,7.28,7.27,29.65,101.151,396.2,360.9,0.17,257.50,101.380,0.02370,,,,
2123,04/16/2026 14:43:07,28.20,7.68,7.67,27.51,101.131,344.7,327.4,0.16,224.05,101.380,0.02164,,,,
2124,04/16/2026 14:45:07,28.24,9.25,7.61,29.77,102.758,58109.3,52818.4,35.00,37771.06,101.380,0.18357,,,,
2125,04/16/2026 14:47:07,29.18,7.53,7.52,29.68,101.117,396.5,361.0,0.17,257.71,101.380,0.02031,,,,
2126,04/16/2026 14:49:07,28.59,10.67,8.90,28.13,101.838,53145.6,49868.3,32.76,34544.62,101.380,0.09205,,,,
2127,04/16/2026 14:51:07,28.34,10.71,8.93,28.06,102.364,53185.3,49975.6,32.84,34570.44,101.380,0.14436,,,,
2128,04/16/2026 14:53:07,28.20,11.03,9.19,27.97,108.013,53083.4,49968.3,32.83,34504.24,101.380,0.70634,,,,
2129,04/16/2026 14:55:07,28.12,11.02,9.18,27.99,107.943,53127.1,49988.0,32.85,34532.59,101.380,0.69941,,,,
2130,04/16/2026 14:57:07,28.08,10.90,9.08,27.98,108.049,53088.7,49964.1,32.83,34507.68,101.380,0.70987,,,,
2131,04/16/2026 14:59:07,28.04,10.95,9.12,27.95,108.012,53070.3,49977.2,32.84,34495.66,101.380,0.70626,,,,
2132,04/16/2026 15:01:07,28.01,10.98,9.14,27.95,108.030,53087.4,49993.4,32.85,34506.82,101.380,0.70801,,,,
2133,04/16/2026 15:03:07,28.02,10.80,9.00,27.99,107.961,53176.0,50030.9,32.88,34564.39,101.380,0.70117,,,,
2134,04/16/2026 15:05:07,28.09,10.35,8.61,28.10,108.018,53362.1,50102.0,32.94,34685.34,101.380,0.70679,,,,
2135,04/16/2026 15:07:07,28.15,10.48,8.73,28.12,107.966,53323.3,50041.2,32.89,34660.16,101.380,0.70162,,,,
2136,04/16/2026 15:09:07,28.17,10.54,8.78,28.12,108.001,53360.7,50076.3,32.92,34684.46,101.380,0.70513,,,,
2137,04/16/2026 15:11:07,28.17,10.69,8.91,28.09,107.929,53287.5,50041.1,32.89,34636.86,101.380,0.69800,,,,
2138,04/16/2026 15:13:07,28.14,10.77,8.97,28.04,107.928,53174.6,49983.9,32.85,34563.52,101.380,0.69783,,,,
2139,04/16/2026 15:15:07,28.10,10.67,8.89,28.03,107.892,53222.4,50037.9,32.89,34594.55,101.380,0.69429,,,,
2140,04/16/2026 15:17:07,28.10,10.80,8.99,28.05,107.752,53255.6,50050.8,32.90,34616.13,101.380,0.68034,,,,
2141,04/16/2026 15:19:07,28.11,10.68,8.90,28.07,107.788,53278.1,50053.7,32.90,34630.78,101.380,0.68391,,,,
2142,04/16/2026 15:21:07,28.13,10.63,8.85,28.08,107.858,53280.7,50043.9,32.89,34632.45,101.380,0.69096,,,,
2143,04/16/2026 15:23:07,28.13,10.77,8.99,28.08,107.788,52835.0,49622.3,32.58,34342.76,101.380,0.68397,,,,
2144,04/16/2026 15:25:07,28.12,10.74,8.96,28.07,107.647,52743.4,49548.3,32.53,34283.23,101.380,0.66991,,,,
2145,04/16/2026 15:27:07,28.13,10.63,8.87,28.10,107.683,52798.4,49569.8,32.54,34318.96,101.380,0.67352,,,,
2146,04/16/2026 15:29:07,28.17,10.52,8.79,28.14,107.632,52639.1,49387.1,32.41,34215.43,101.380,0.66838,,,,
2147,04/16/2026 15:31:07,28.17,10.67,8.92,28.12,107.455,52356.6,49137.0,32.22,34031.77,101.380,0.65081,,,,
2148,04/16/2026 15:33:07,28.17,10.56,8.81,28.12,107.525,52695.9,49458.5,32.46,34252.37,101.380,0.65781,,,,
2149,04/16/2026 15:35:07,28.17,10.84,9.06,28.13,107.561,52607.9,49360.8,32.39,34195.10,101.380,0.66137,,,,
2150,04/16/2026 15:37:07,28.17,10.48,8.76,28.10,107.472,52414.2,49212.0,32.28,34069.20,101.380,0.65249,,,,
2151,04/16/2026 15:39:07,28.15,10.68,8.92,28.10,107.525,52516.6,49305.2,32.35,34135.80,101.380,0.65776,,,,
2152,04/16/2026 15:41:07,28.16,10.50,8.77,28.10,107.366,52490.8,49278.0,32.33,34119.04,101.380,0.64200,,,,
2153,04/16/2026 15:43:07,28.15,10.72,8.96,28.11,107.278,52507.8,49290.9,32.34,34130.09,101.380,0.63325,,,,
2154,04/16/2026 15:45:07,28.17,10.57,8.83,28.11,107.349,52470.1,49252.6,32.31,34105.57,101.380,0.64027,,,,
2155,04/16/2026 15:47:07,28.17,10.60,8.85,28.11,107.296,52480.8,49262.6,32.32,34112.54,101.380,0.63501,,,,
2156,04/16/2026 15:49:07,28.17,10.64,8.89,28.10,107.243,52429.9,49226.8,32.29,34079.46,101.380,0.62972,,,,
2157,04/16/2026 15:51:07,28.19,10.54,8.80,28.14,107.191,52451.7,49208.2,32.28,34093.60,101.380,0.62460,,,,
2158,04/16/2026 15:53:07,28.20,10.56,8.82,28.15,107.192,52498.5,49240.2,32.30,34124.05,101.380,0.62465,,,,
2159,04/16/2026 15:55:07,28.20,10.69,8.93,28.13,107.103,52418.1,49182.8,32.26,34071.79,101.380,0.61582,,,,
2160,04/16/2026 15:57:07,28.20,10.61,8.87,28.14,107.209,52376.6,49134.8,32.22,34044.78,101.380,0.62636,,,,
2161,04/16/2026 15:59:07,28.19,10.64,8.89,28.12,107.156,52429.3,49202.2,32.27,34079.02,101.380,0.62104,,,,
2162,04/16/2026 16:01:07,28.19,10.51,8.79,28.14,107.068,52282.2,49049.3,32.16,33983.46,101.380,0.61234,,,,
2163,04/16/2026 16:03:07,28.20,10.54,8.81,28.14,106.980,52363.6,49122.6,32.21,34036.31,101.380,0.60359,,,,
2164,04/16/2026 16:05:07,28.20,10.67,8.89,28.14,106.751,53274.1,49982.8,32.85,34628.16,101.380,0.58080,,,,
2165,04/16/2026 16:07:07,28.20,10.53,8.78,28.15,106.945,53283.4,49973.3,32.84,34634.20,101.380,0.60013,,,,
2166,04/16/2026 16:09:07,28.21,10.50,8.74,28.17,106.823,53341.9,50012.9,32.87,34672.21,101.380,0.58792,,,,
2167,04/16/2026 16:11:07,28.21,10.40,8.66,28.16,106.858,53275.4,49962.7,32.83,34629.00,101.380,0.59138,,,,
2168,04/16/2026 16:13:07,28.22,10.40,8.67,28.18,106.805,53292.7,49960.8,32.83,34640.28,101.380,0.58619,,,,
2169,04/16/2026 16:15:07,28.23,10.36,8.63,28.18,106.770,53316.7,49977.1,32.85,34655.82,101.380,0.58271,,,,
2170,04/16/2026 16:17:07,28.24,10.40,8.66,28.19,106.700,53343.3,49989.9,32.86,34673.13,101.380,0.57575,,,,
2171,04/16/2026 16:19:07,28.25,10.34,8.62,28.19,106.788,53339.2,49986.1,32.85,34670.50,101.380,0.58451,,,,
2172,04/16/2026 16:21:07,28.24,10.29,8.57,28.19,106.718,53282.0,49941.6,32.82,34633.32,101.380,0.57747,,,,
2173,04/16/2026 16:23:07,28.24,10.21,8.51,28.18,106.665,53304.7,49965.9,32.84,34648.03,101.380,0.57220,,,,
2174,04/16/2026 16:25:07,28.25,10.25,8.54,28.19,106.577,53336.6,49992.7,32.86,34668.79,101.380,0.56345,,,,
2175,04/16/2026 16:27:07,28.24,10.23,8.52,28.19,106.559,53314.0,49971.6,32.84,34654.12,101.380,0.56170,,,,
2176,04/16/2026 16:29:07,28.25,10.34,8.61,28.22,106.543,53348.5,49973.4,32.84,34676.49,101.380,0.56006,,,,
2177,04/16/2026 16:31:07,28.27,10.26,8.55,28.23,106.420,53327.2,49938.3,32.82,34662.70,101.380,0.54785,,,,
2178,04/16/2026 16:33:07,28.27,10.21,8.50,28.23,106.367,53356.6,49971.9,32.84,34681.76,101.380,0.54257,,,,
2179,04/16/2026 16:35:07,28.28,10.21,8.50,28.21,106.366,53322.0,49951.7,32.83,34659.29,101.380,0.54253,,,,
2180,04/16/2026 16:37:07,28.29,10.21,8.51,28.23,106.297,53333.9,49944.6,32.82,34667.04,101.380,0.53559,,,,
2181,04/16/2026 16:39:07,28.29,10.22,8.51,28.24,106.262,53343.3,49941.2,32.82,34673.13,101.380,0.53213,,,,
2182,04/16/2026 16:41:07,28.29,10.14,8.45,28.25,106.297,53388.6,49977.5,32.85,34702.57,101.380,0.53565,,,,
2183,04/16/2026 16:43:07,28.29,10.06,8.38,28.23,106.262,53361.9,49967.8,32.84,34685.23,101.380,0.53209,,,,
2184,04/16/2026 16:45:07,28.29,10.17,8.48,28.25,106.139,53375.2,49968.0,32.84,34693.87,101.380,0.51987,,,,
2185,04/16/2026 16:47:07,28.29,10.07,8.39,28.25,106.086,53380.5,49966.9,32.84,34697.34,101.380,0.51464,,,,
2186,04/16/2026 16:49:07,28.30,10.21,8.51,28.26,105.981,53331.3,49917.8,32.80,34665.33,101.380,0.50414,,,,
2187,04/16/2026 16:51:07,28.31,10.15,8.46,28.26,106.051,53369.9,49947.9,32.83,34690.46,101.380,0.51117,,,,
2188,04/16/2026 16:53:07,28.31,10.06,8.38,28.25,106.016,53377.8,49967.5,32.84,34695.57,101.380,0.50762,,,,
2189,04/16/2026 16:55:07,28.31,9.93,8.27,28.24,105.998,53376.5,49975.3,32.85,34694.69,101.380,0.50584,,,,
2190,04/16/2026 16:57:07,28.29,9.86,8.21,28.23,105.892,53343.3,49950.3,32.83,34673.13,101.380,0.49531,,,,
2191,04/16/2026 16:59:07,28.29,9.90,8.25,28.21,105.891,53341.9,49970.4,32.84,34672.25,101.380,0.49523,,,,
2192,04/16/2026 17:01:07,28.29,9.95,8.29,28.22,105.803,53331.3,49957.4,32.83,34665.33,101.380,0.48648,,,,
2193,04/16/2026 17:03:07,28.28,9.85,8.21,28.20,105.891,53296.7,49937.1,32.82,34642.82,101.380,0.49520,,,,
2194,04/16/2026 17:05:07,28.26,9.83,8.19,28.20,105.855,53300.7,49946.9,32.82,34645.44,101.380,0.49167,,,,
2195,04/16/2026 17:07:07,28.26,10.11,8.42,28.19,105.820,53312.7,49964.2,32.84,34653.24,101.380,0.48815,,,,
2196,04/16/2026 17:09:07,28.25,10.11,8.42,28.20,105.785,53299.3,49942.6,32.82,34644.57,101.380,0.48468,,,,
2197,04/16/2026 17:11:07,28.25,10.15,8.46,28.20,105.644,53295.4,49941.9,32.82,34641.98,101.380,0.47065,,,,
2198,04/16/2026 17:13:07,28.24,10.13,8.44,28.19,105.714,53308.7,49960.5,32.83,34650.66,101.380,0.47764,,,,
2199,04/16/2026 17:15:07,28.23,10.07,8.39,28.18,105.608,53298.1,49962.7,32.84,34643.73,101.380,0.46709,,,,
2200,04/16/2026 17:17:07,28.22,9.79,8.15,28.17,105.660,53322.0,49997.4,32.86,34659.33,101.380,0.47230,,,,
2201,04/16/2026 17:19:07,28.21,9.98,8.31,28.15,105.572,53244.9,49937.2,32.82,34609.19,101.380,0.46350,,,,
2202,04/16/2026 17:21:07,28.19,10.10,8.41,28.13,105.571,53239.6,49953.6,32.83,34605.77,101.380,0.46342,,,,
2203,04/16/2026 17:23:07,28.18,10.00,8.34,28.13,105.553,53202.5,49924.8,32.81,34581.60,101.380,0.46165,,,,
2204,04/16/2026 17:25:07,28.16,9.99,8.32,28.11,105.553,53231.6,49964.3,32.83,34600.52,101.380,0.46160,,,,
2205,04/16/2026 17:27:07,28.15,9.83,8.19,28.09,105.446,53148.2,49910.3,32.79,34546.32,101.380,0.45101,,,,
2206,04/16/2026 17:29:07,28.14,9.76,8.13,28.08,105.499,53135.0,49907.0,32.79,34537.73,101.380,0.45623,,,,
2207,04/16/2026 17:31:07,28.13,9.68,8.06,28.07,105.287,53099.3,49882.6,32.77,34514.54,101.380,0.43518,,,,
2208,04/16/2026 17:33:07,28.12,9.70,8.08,28.07,105.235,53145.5,49926.1,32.80,34544.60,101.380,0.42992,,,,
2209,04/16/2026 17:35:07,28.12,9.68,8.07,28.07,105.199,53169.3,49948.4,32.82,34560.07,101.380,0.42642,,,,
2210,04/16/2026 17:37:07,28.12,9.79,8.16,28.08,105.147,53166.7,49939.9,32.81,34558.38,101.380,0.42119,,,,
2211,04/16/2026 17:39:07,28.12,9.62,8.02,28.07,105.094,53129.7,49908.1,32.79,34534.29,101.380,0.41592,,,,
2212,04/16/2026 17:41:07,28.11,9.53,7.94,28.06,105.041,53091.4,49881.3,32.77,34509.39,101.380,0.41063,,,,
2213,04/16/2026 17:43:07,28.10,9.48,7.90,28.05,105.040,53071.6,49880.9,32.77,34496.52,101.380,0.41057,,,,
2214,04/16/2026 17:45:07,28.09,9.45,7.87,28.03,105.022,53141.6,49958.9,32.83,34542.04,101.380,0.40877,,,,
2215,04/16/2026 17:47:07,28.08,9.41,7.84,28.01,104.880,53084.8,49929.9,32.81,34505.10,101.380,0.39468,,,,
2216,04/16/2026 17:49:07,28.06,9.34,7.78,27.99,104.897,53087.4,49953.7,32.82,34506.82,101.380,0.39635,,,,
2217,04/16/2026 17:51:07,28.05,9.43,7.85,27.98,104.897,53096.7,49968.5,32.83,34512.82,101.380,0.39633,,,,
2218,04/16/2026 17:53:07,28.04,9.34,7.78,27.97,104.896,53053.1,49939.7,32.81,34484.52,101.380,0.39629,,,,
2219,04/16/2026 17:55:07,28.03,9.37,7.81,27.97,104.949,53061.0,49947.2,32.82,34489.66,101.380,0.40154,,,,
2220,04/16/2026 17:57:07,28.02,9.31,7.75,27.95,104.861,53051.8,49953.7,32.82,34483.66,101.380,0.39273,,,,
2221,04/16/2026 17:59:07,28.01,9.32,7.76,27.95,104.808,53005.7,49910.3,32.79,34453.71,101.380,0.38748,,,,
2222,04/16/2026 18:01:07,28.00,9.29,7.73,27.93,104.772,53026.8,49948.5,32.82,34467.40,101.380,0.38391,,,,
2223,04/16/2026 18:03:07,27.99,9.35,7.79,27.93,104.666,52986.0,49913.0,32.79,34440.88,101.380,0.37339,,,,
2224,04/16/2026 18:05:07,27.99,9.41,7.84,27.93,104.666,53038.6,49962.6,32.83,34475.09,101.380,0.37339,,,,
2225,04/16/2026 18:07:07,27.97,9.27,7.72,27.90,104.789,53025.4,49977.7,32.84,34466.53,101.380,0.38556,,,,
2226,04/16/2026 18:09:07,27.95,9.58,7.98,27.90,104.630,52999.1,49959.0,32.82,34449.42,101.380,0.36977,,,,
2227,04/16/2026 18:11:07,27.95,9.64,8.03,27.89,104.700,53070.3,50029.1,32.87,34495.67,101.380,0.37677,,,,
2228,04/16/2026 18:13:07,27.94,9.56,7.96,27.89,104.612,53036.0,50002.9,32.86,34473.38,101.380,0.36799,,,,
2229,04/16/2026 18:15:07,27.93,9.55,7.95,27.89,104.541,53039.9,50009.7,32.86,34475.95,101.380,0.36097,,,,
2230,04/16/2026 18:17:07,27.92,9.54,7.95,27.88,104.612,53053.1,50028.2,32.87,34484.52,101.380,0.36795,,,,
2231,04/16/2026 18:19:07,27.92,9.61,8.00,27.89,104.524,53032.0,50002.2,32.85,34470.81,101.380,0.35922,,,,
2232,04/16/2026 18:21:07,27.92,9.45,7.87,27.88,104.453,52997.8,49979.1,32.84,34448.55,101.380,0.35218,,,,
2233,04/16/2026 18:23:07,27.92,9.65,8.04,27.87,104.400,52930.8,49925.1,32.80,34405.00,101.380,0.34689,,,,
2234,04/16/2026 18:25:07,27.91,9.50,7.91,27.86,104.558,52972.8,49970.8,32.83,34432.32,101.380,0.36264,,,,
2235,04/16/2026 18:27:07,27.90,9.37,7.80,27.86,104.417,53020.1,50018.5,32.87,34463.09,101.380,0.34861,,,,
2236,04/16/2026 18:29:07,27.89,9.17,7.64,27.83,104.469,52917.6,49949.3,32.81,34396.42,101.380,0.35377,,,,
2237,04/16/2026 18:31:07,27.88,9.35,7.79,27.82,104.398,52943.9,49980.2,32.84,34413.52,101.380,0.34674,,,,
2238,04/16/2026 18:33:07,27.86,9.35,7.78,27.81,104.381,52961.0,50005.5,32.85,34424.64,101.380,0.34496,,,,
2239,04/16/2026 18:35:07,27.86,9.29,7.73,27.81,104.451,52917.7,49970.8,32.83,34396.49,101.380,0.35195,,,,
2240,04/16/2026 18:37:07,27.86,9.23,7.69,27.81,104.310,52930.8,49977.0,32.83,34405.00,101.380,0.33795,,,,
2241,04/16/2026 18:39:07,27.85,9.31,7.75,27.82,104.346,52954.4,49990.1,32.84,34420.36,101.380,0.34149,,,,
2242,04/16/2026 18:41:07,27.87,9.26,7.71,27.83,104.293,52985.9,50016.8,32.86,34440.86,101.380,0.33624,,,,
2243,04/16/2026 18:43:07,27.86,9.15,7.62,27.79,104.309,52916.3,49987.8,32.84,34395.58,101.380,0.33787,,,,
2244,04/16/2026 18:45:07,27.86,9.22,7.68,27.80,104.239,53004.3,50058.7,32.89,34452.81,101.380,0.33090,,,,
2245,04/16/2026 18:47:07,27.87,9.17,7.63,27.81,104.152,52928.1,49977.5,32.83,34403.28,101.380,0.32218,,,,
2246,04/16/2026 18:49:07,27.88,9.00,7.50,27.80,104.169,52943.9,50001.6,32.85,34413.52,101.380,0.32390,,,,
2247,04/16/2026 18:51:07,27.88,8.77,7.30,27.78,104.080,52954.4,50029.9,32.87,34420.36,101.380,0.31508,,,,
2248,04/16/2026 18:53:07,27.87,8.73,7.27,27.80,104.081,52918.9,49984.1,32.84,34397.30,101.380,0.31512,,,,
2249,04/16/2026 18:55:07,27.86,8.70,7.24,27.78,104.010,52903.2,49984.5,32.84,34387.07,101.380,0.30806,,,,
2250,04/16/2026 18:57:07,27.82,8.76,7.30,27.74,103.903,52871.7,49994.5,32.84,34366.58,101.380,0.29741,,,,
2251,04/16/2026 18:59:07,27.79,9.02,7.51,27.72,103.920,52841.6,49981.4,32.83,34347.05,101.380,0.29911,,,,
2252,04/16/2026 19:01:07,27.78,9.10,7.58,27.72,103.884,52861.3,50000.0,32.85,34359.82,101.380,0.29561,,,,
2253,04/16/2026 19:03:07,27.77,8.99,7.49,27.72,103.867,52848.1,49993.6,32.84,34351.24,101.380,0.29384,,,,
2254,04/16/2026 19:05:07,27.76,8.86,7.38,27.70,103.848,52784.0,49948.3,32.81,34309.61,101.380,0.29203,,,,
2255,04/16/2026 19:07:07,27.75,8.75,7.29,27.68,103.777,52748.8,49933.3,32.80,34286.69,101.380,0.28496,,,,
2256,04/16/2026 19:09:07,27.73,8.71,7.26,27.67,103.724,52752.7,49955.4,32.81,34289.25,101.380,0.27965,,,,
2257,04/16/2026 19:11:07,27.71,8.57,7.14,27.64,103.635,52688.8,49916.3,32.78,34247.70,101.380,0.27081,,,,
2258,04/16/2026 19:13:07,27.69,8.65,7.20,27.64,103.670,52694.0,49930.4,32.79,34251.09,101.380,0.27428,,,,
2259,04/16/2026 19:15:07,27.67,8.57,7.14,27.61,103.652,52741.0,49996.4,32.84,34281.64,101.380,0.27246,,,,
2260,04/16/2026 19:17:07,27.66,8.55,7.12,27.60,103.651,52699.3,49966.0,32.82,34254.54,101.380,0.27243,,,,
2261,04/16/2026 19:19:07,27.65,8.56,7.13,27.60,103.651,52711.0,49977.1,32.83,34262.14,101.380,0.27243,,,,
2262,04/16/2026 19:21:07,27.64,8.54,7.11,27.57,103.562,52664.0,49963.3,32.82,34231.61,101.380,0.26357,,,,
2263,04/16/2026 19:23:07,27.64,8.66,7.21,27.58,103.598,52725.2,50012.1,32.85,34271.41,101.380,0.26710,,,,
2264,04/16/2026 19:25:07,27.63,8.59,7.15,27.56,103.544,52704.4,50016.9,32.85,34257.85,101.380,0.26176,,,,
2265,04/16/2026 19:27:07,27.59,8.48,7.06,27.53,103.596,52589.9,49932.7,32.79,34183.43,101.380,0.26693,,,,
2266,04/16/2026 19:29:07,27.57,8.58,7.14,27.51,103.560,52610.8,49974.1,32.82,34197.02,101.380,0.26336,,,,
2267,04/16/2026 19:31:07,27.57,8.64,7.19,27.51,103.525,52626.4,49988.9,32.83,34207.14,101.380,0.25985,,,,
2268,04/16/2026 19:33:07,27.56,8.58,7.14,27.50,103.525,52584.7,49961.5,32.81,34180.05,101.380,0.25981,,,,
2269,04/16/2026 19:35:07,27.54,8.43,7.02,27.48,103.454,52597.8,49992.3,32.83,34188.54,101.380,0.25274,,,,
2270,04/16/2026 19:37:07,27.51,8.51,7.09,27.46,103.488,52570.7,49988.1,32.83,34170.96,101.380,0.25617,,,,
2271,04/16/2026 19:39:07,27.51,8.50,7.07,27.47,103.471,52595.4,50002.4,32.84,34186.99,101.380,0.25445,,,,
2272,04/16/2026 19:41:07,27.51,8.48,7.05,27.46,103.435,52590.0,50009.6,32.85,34183.53,101.380,0.25091,,,,
2273,04/16/2026 19:43:07,27.49,8.48,7.06,27.42,103.452,52524.0,49980.5,32.82,34140.57,101.380,0.25254,,,,
2274,04/16/2026 19:45:07,27.47,8.57,7.13,27.41,103.451,52500.8,49973.8,32.82,34125.50,101.380,0.25249,,,,
2275,04/16/2026 19:47:07,27.47,8.70,7.24,27.41,103.469,52496.9,49963.9,32.81,34122.95,101.380,0.25426,,,,
2276,04/16/2026 19:49:07,27.46,8.64,7.19,27.39,103.451,52500.6,49989.0,32.83,34125.39,101.380,0.25244,,,,
2277,04/16/2026 19:51:07,27.44,8.52,7.09,27.38,103.397,52478.5,49980.2,32.82,34111.03,101.380,0.24714,,,,
2278,04/16/2026 19:53:07,27.44,8.40,7.00,27.36,103.502,52464.4,49982.2,32.82,34101.88,101.380,0.25760,,,,
2279,04/16/2026 19:55:07,27.43,8.24,6.86,27.37,103.432,52399.9,49917.7,32.77,34059.92,101.380,0.25060,,,,
2280,04/16/2026 19:57:07,27.42,8.16,6.80,27.36,103.432,52391.0,49915.3,32.77,34054.16,101.380,0.25058,,,,
2281,04/16/2026 19:59:07,27.41,7.97,6.63,27.34,103.466,52399.9,49942.2,32.79,34059.92,101.380,0.25402,,,,
2282,04/16/2026 20:01:07,27.39,7.86,6.54,27.32,103.431,52414.1,49974.2,32.81,34069.16,101.380,0.25046,,,,
2283,04/16/2026 20:03:07,27.39,7.87,6.55,27.33,103.343,52397.2,49948.9,32.80,34058.18,101.380,0.24173,,,,
2284,04/16/2026 20:05:07,27.37,7.90,6.57,27.32,103.448,52406.1,49969.6,32.81,34063.94,101.380,0.25220,,,,
2285,04/16/2026 20:07:07,27.36,7.98,6.64,27.31,103.377,52358.5,49933.5,32.78,34033.02,101.380,0.24516,,,,
2286,04/16/2026 20:09:07,27.35,7.81,6.50,27.31,103.412,52335.2,49917.4,32.77,34017.90,101.380,0.24864,,,,
2287,04/16/2026 20:11:07,27.34,7.88,6.56,27.28,103.394,52341.8,49945.2,32.79,34022.19,101.380,0.24682,,,,
2288,04/16/2026 20:13:07,27.34,7.81,6.50,27.26,103.376,52288.8,49919.2,32.77,33987.71,101.380,0.24498,,,,
2289,04/16/2026 20:15:07,27.31,7.81,6.50,27.25,103.393,52255.3,49896.5,32.75,33965.96,101.380,0.24671,,,,
2290,04/16/2026 20:17:07,27.30,7.80,6.49,27.26,103.428,52274.9,49905.9,32.76,33978.65,101.380,0.25024,,,,
2291,04/16/2026 20:19:07,27.30,7.76,6.46,27.26,103.358,52264.4,49899.0,32.76,33971.83,101.380,0.24322,,,,
2292,04/16/2026 20:21:07,27.30,7.82,6.51,27.26,103.376,52339.2,49964.2,32.81,34020.45,101.380,0.24499,,,,
2293,04/16/2026 20:23:07,27.29,7.77,6.46,27.25,103.340,52306.9,49942.6,32.79,33999.46,101.380,0.24146,,,,
2294,04/16/2026 20:25:07,27.29,7.70,6.41,27.25,103.375,52312.2,49957.0,32.80,34002.95,101.380,0.24493,,,,
2295,04/16/2026 20:27:07,27.29,7.86,6.54,27.25,103.393,52264.6,49908.4,32.76,33971.98,101.380,0.24669,,,,
2296,04/16/2026 20:29:07,27.29,7.99,6.65,27.25,103.393,52327.6,49965.5,32.81,34012.96,101.380,0.24671,,,,
2297,04/16/2026 20:31:07,27.30,7.89,6.57,27.25,103.357,52296.6,49942.1,32.79,33992.79,101.380,0.24318,,,,
2298,04/16/2026 20:33:07,27.28,7.84,6.53,27.23,103.357,52301.7,49965.4,32.80,33996.13,101.380,0.24312,,,,
2299,04/16/2026 20:35:07,27.28,7.95,6.62,27.24,103.340,52341.6,49994.3,32.83,34022.04,101.380,0.24140,,,,
2300,04/16/2026 20:37:07,27.29,7.96,6.63,27.24,103.357,52273.6,49929.3,32.78,33977.86,101.380,0.24315,,,,
2301,04/16/2026 20:39:07,27.28,8.20,6.82,27.23,103.392,52367.5,50028.3,32.85,34038.90,101.380,0.24662,,,,
2302,04/16/2026 20:41:07,27.29,8.10,6.74,27.24,103.392,52362.4,50011.0,32.84,34035.56,101.380,0.24666,,,,
2303,04/16/2026 20:43:07,27.28,8.26,6.87,27.24,103.428,52312.2,49966.2,32.81,34002.95,101.380,0.25016,,,,
2304,04/16/2026 20:45:07,27.28,8.17,6.80,27.23,103.427,52248.0,49911.0,32.76,33961.20,101.380,0.25013,,,,
2305,04/16/2026 20:47:07,27.25,7.92,6.59,27.18,103.390,52308.3,50017.9,32.84,34000.41,101.380,0.24647,,,,
2306,04/16/2026 20:49:07,27.23,7.80,6.49,27.13,103.406,52202.9,49963.3,32.80,33931.87,101.380,0.24806,,,,
2307,04/16/2026 20:51:07,27.20,7.95,6.62,27.13,103.406,52168.6,49930.5,32.78,33909.57,101.380,0.24806,,,,
2308,04/16/2026 20:53:07,27.18,7.92,6.59,27.12,103.388,52191.4,49964.7,32.80,33924.44,101.380,0.24627,,,,
2309,04/16/2026 20:55:07,27.18,8.02,6.68,27.13,103.371,52199.2,49962.9,32.80,33929.51,101.380,0.24455,,,,
2310,04/16/2026 20:57:07,27.17,8.12,6.76,27.13,103.371,52212.2,49972.2,32.81,33937.90,101.380,0.24456,,,,
2311,04/16/2026 20:59:07,27.18,8.23,6.85,27.15,103.372,52208.5,49950.2,32.79,33935.53,101.380,0.24462,,,,
2312,04/16/2026 21:01:07,27.19,8.31,6.92,27.15,103.460,52156.2,49906.3,32.76,33901.54,101.380,0.25336,,,,
2313,04/16/2026 21:03:07,27.18,8.16,6.79,27.13,103.389,52223.9,49983.4,32.81,33945.51,101.380,0.24631,,,,
2314,04/16/2026 21:05:07,27.18,8.15,6.78,27.13,103.459,52267.3,50034.2,32.85,33973.73,101.380,0.25328,,,,
2315,04/16/2026 21:07:07,27.18,8.49,7.07,27.15,103.478,52222.4,49963.5,32.80,33944.55,101.380,0.25513,,,,
2316,04/16/2026 21:09:07,27.19,8.24,6.86,27.14,103.477,52172.2,49927.8,32.77,33911.93,101.380,0.25509,,,,
2317,04/16/2026 21:11:07,27.17,8.52,7.09,27.11,103.564,52272.6,50051.7,32.86,33977.22,101.380,0.26375,,,,
2318,04/16/2026 21:13:07,27.18,8.53,7.10,27.14,103.547,52251.7,50006.9,32.83,33963.57,101.380,0.26208,,,,
2319,04/16/2026 21:15:07,27.17,8.43,7.01,27.11,103.582,52261.9,50047.6,32.86,33970.24,101.380,0.26548,,,,
2320,04/16/2026 21:17:07,27.17,8.38,6.98,27.12,103.617,52110.3,49887.0,32.74,33871.70,101.380,0.26904,,,,
2321,04/16/2026 21:19:07,27.17,8.33,6.93,27.11,103.599,52235.3,50022.1,32.84,33952.95,101.380,0.26723,,,,
2322,04/16/2026 21:21:07,27.16,8.37,6.97,27.10,103.634,52203.1,49997.5,32.82,33932.04,101.380,0.27071,,,,
2323,04/16/2026 21:23:07,27.17,8.43,7.01,27.14,103.671,52269.7,50021.1,32.84,33975.32,101.380,0.27435,,,,
2324,04/16/2026 21:25:07,27.18,8.39,6.98,27.14,103.723,52237.5,49993.4,32.82,33954.38,101.380,0.27960,,,,
2325,04/16/2026 21:27:07,27.20,8.40,6.99,27.16,103.636,52337.9,50070.9,32.88,34019.64,101.380,0.27090,,,,
2326,04/16/2026 21:29:07,27.19,8.29,6.90,27.13,103.741,52251.9,50019.5,32.84,33963.73,101.380,0.28131,,,,
2327,04/16/2026 21:31:07,27.19,8.31,6.91,27.14,103.777,52289.0,50036.5,32.85,33987.86,101.380,0.28487,,,,
2328,04/16/2026 21:33:07,27.18,8.22,6.84,27.12,103.758,52222.1,49997.1,32.82,33944.39,101.380,0.28304,,,,
2329,04/16/2026 21:35:07,27.18,8.26,6.88,27.12,103.811,52258.2,50034.8,32.85,33967.86,101.380,0.28828,,,,
2330,04/16/2026 21:37:07,27.18,8.19,6.82,27.12,103.811,52316.1,50084.1,32.89,34005.49,101.380,0.28830,,,,
2331,04/16/2026 21:39:07,27.17,8.17,6.79,27.13,103.635,52264.6,50031.6,32.85,33971.98,101.380,0.27080,,,,
2332,04/16/2026 21:41:07,27.17,8.10,6.74,27.11,103.863,52259.5,50039.1,32.85,33968.65,101.380,0.29352,,,,
2333,04/16/2026 21:43:07,27.16,7.98,6.64,27.08,103.774,52158.4,49973.1,32.81,33902.93,101.380,0.28466,,,,
2334,04/16/2026 21:45:07,27.13,7.91,6.58,27.04,103.773,52207.1,50063.0,32.87,33934.58,101.380,0.28452,,,,
2335,04/16/2026 21:47:07,27.11,7.86,6.54,27.04,103.808,52154.7,50015.9,32.83,33900.57,101.380,0.28801,,,,
2336,04/16/2026 21:49:07,27.10,7.75,6.45,27.02,103.790,52136.5,50016.9,32.84,33888.70,101.380,0.28620,,,,
2337,04/16/2026 21:51:07,27.08,7.79,6.48,27.05,103.844,52158.4,50010.1,32.83,33902.93,101.380,0.29154,,,,
2338,04/16/2026 21:53:07,27.09,7.76,6.46,27.03,103.913,52144.2,50015.1,32.83,33893.76,101.380,0.29849,,,,
2339,04/16/2026 21:55:07,27.09,7.76,6.45,27.03,103.808,52160.8,50024.8,32.84,33904.50,101.380,0.28800,,,,
2340,04/16/2026 21:57:07,27.07,7.63,6.35,26.98,103.753,52150.8,50064.7,32.87,33898.04,101.380,0.28258,,,,
2341,04/16/2026 21:59:07,27.06,7.64,6.36,27.00,103.913,52112.2,50009.0,32.83,33872.90,101.380,0.29840,,,,
2342,04/16/2026 22:01:07,27.05,7.63,6.34,26.98,103.982,52133.1,50053.9,32.86,33886.52,101.380,0.30533,,,,
2343,04/16/2026 22:03:07,27.04,7.66,6.37,26.98,104.035,52136.5,50050.9,32.86,33888.70,101.380,0.31060,,,,
2344,04/16/2026 22:05:07,27.04,7.63,6.35,26.98,103.947,52063.9,49990.5,32.81,33841.54,101.380,0.30181,,,,
2345,04/16/2026 22:07:07,27.03,7.61,6.33,26.97,103.947,52056.1,49992.3,32.81,33836.48,101.380,0.30178,,,,
2346,04/16/2026 22:09:07,27.02,7.51,6.25,26.91,104.103,52071.4,50059.6,32.86,33846.41,101.380,0.31737,,,,
2347,04/16/2026 22:11:07,27.00,7.60,6.32,26.95,104.175,52080.4,50028.0,32.84,33852.25,101.380,0.32451,,,,
2348,04/16/2026 22:13:07,27.01,7.53,6.26,26.95,104.157,52053.7,50008.6,32.83,33834.92,101.380,0.32274,,,,
2349,04/16/2026 22:15:07,27.01,7.58,6.30,26.97,104.140,52081.9,50014.0,32.83,33853.21,101.380,0.32106,,,,
2350,04/16/2026 22:17:07,27.02,7.58,6.31,26.96,104.210,52062.4,50007.7,32.83,33840.57,101.380,0.32802,,,,
2351,04/16/2026 22:19:07,27.00,7.59,6.31,26.94,104.245,52024.7,49990.0,32.81,33816.07,101.380,0.33146,,,,
2352,04/16/2026 22:21:07,27.00,7.63,6.35,26.94,104.227,52124.8,50089.2,32.89,33881.10,101.380,0.32970,,,,
2353,04/16/2026 22:23:07,26.99,7.57,6.29,26.94,104.280,52080.4,50046.5,32.85,33852.25,101.380,0.33496,,,,
2354,04/16/2026 22:25:07,26.98,7.51,6.25,26.91,104.332,52092.7,50083.2,32.88,33860.24,101.380,0.34013,,,,
2355,04/16/2026 22:27:07,26.98,7.53,6.27,26.93,104.350,52064.8,50037.8,32.85,33842.12,101.380,0.34194,,,,
2356,04/16/2026 22:29:07,26.98,7.54,6.27,26.93,104.297,52057.3,50033.7,32.84,33837.26,101.380,0.33668,,,,
2357,04/16/2026 22:31:07,26.99,7.49,6.23,26.93,104.385,52037.9,50015.0,32.83,33824.61,101.380,0.34543,,,,
2358,04/16/2026 22:33:07,26.99,7.55,6.28,26.94,104.403,52126.3,50084.5,32.88,33882.06,101.380,0.34724,,,,
2359,04/16/2026 22:35:07,27.00,7.55,6.28,26.96,104.369,52109.7,50053.1,32.86,33871.33,101.380,0.34378,,,,
2360,04/16/2026 22:37:07,27.01,7.54,6.27,26.95,104.316,52091.8,50038.9,32.85,33859.64,101.380,0.33852,,,,
2361,04/16/2026 22:39:07,27.01,7.54,6.27,26.94,104.456,52089.1,50048.7,32.86,33857.89,101.380,0.35249,,,,
2362,04/16/2026 22:41:07,27.01,7.50,6.24,26.94,104.438,52037.0,50004.8,32.82,33824.03,101.380,0.35072,,,,
2363,04/16/2026 22:43:07,27.00,7.57,6.30,26.93,104.438,52123.8,50094.5,32.89,33880.50,101.380,0.35070,,,,
2364,04/16/2026 22:45:07,27.01,7.59,6.31,26.95,104.509,52083.1,50033.7,32.84,33853.99,101.380,0.35777,,,,
2365,04/16/2026 22:47:07,27.01,7.58,6.31,26.94,104.544,52145.7,50103.2,32.90,33894.73,101.380,0.36125,,,,
2366,04/16/2026 22:49:07,27.02,7.57,6.30,26.96,104.545,52140.3,50082.5,32.88,33891.23,101.380,0.36130,,,,
2367,04/16/2026 22:51:07,27.02,7.59,6.31,26.97,104.668,52130.4,50063.7,32.87,33884.78,101.380,0.37359,,,,
2368,04/16/2026 22:53:07,27.02,7.57,6.29,26.97,104.651,52174.9,50103.3,32.90,33913.68,101.380,0.37185,,,,
2369,04/16/2026 22:55:07,27.02,7.55,6.28,26.97,104.615,52062.4,49998.4,32.82,33840.57,101.380,0.36834,,,,
2370,04/16/2026 22:57:07,27.02,7.55,6.28,26.97,104.686,52107.1,50041.2,32.85,33869.59,101.380,0.37534,,,,
2371,04/16/2026 22:59:07,27.02,7.53,6.27,26.95,104.791,52091.8,50045.1,32.85,33859.64,101.380,0.38579,,,,
2372,04/16/2026 23:01:07,27.02,7.53,6.26,26.96,104.668,52103.2,50043.7,32.85,33867.05,101.380,0.37357,,,,
2373,04/16/2026 23:03:07,27.02,7.49,6.23,26.97,104.792,52111.9,50042.8,32.85,33872.72,101.380,0.38586,,,,
2374,04/16/2026 23:05:07,27.02,7.47,6.21,26.95,104.756,52071.7,50025.8,32.84,33846.59,101.380,0.38228,,,,
2375,04/16/2026 23:07:07,27.01,7.45,6.20,26.95,104.773,52089.4,50042.8,32.85,33858.09,101.380,0.38403,,,,
2376,04/16/2026 23:09:07,27.01,7.40,6.16,26.95,104.809,52115.1,50064.5,32.87,33874.83,101.380,0.38755,,,,
2377,04/16/2026 23:11:07,27.01,7.40,6.16,26.96,104.879,52155.4,50093.9,32.89,33901.00,101.380,0.39458,,,,
2378,04/16/2026 23:13:07,27.01,7.36,6.12,26.96,104.914,52111.0,50054.3,32.86,33872.12,101.380,0.39808,,,,
2379,04/16/2026 23:15:07,27.01,7.27,6.05,26.96,104.915,52100.8,50038.3,32.85,33865.49,101.380,0.39810,,,,
2380,04/16/2026 23:17:07,27.01,7.32,6.09,26.93,104.878,52071.7,50047.5,32.85,33846.59,101.380,0.39447,,,,
2381,04/16/2026 23:19:07,27.00,7.31,6.08,26.94,105.020,52154.5,50111.6,32.90,33900.39,101.380,0.40853,,,,
2382,04/16/2026 23:21:07,27.00,7.27,6.04,26.94,104.967,52118.7,50074.1,32.87,33877.18,101.380,0.40329,,,,
2383,04/16/2026 23:23:07,27.00,7.31,6.08,26.96,105.002,52131.6,50074.1,32.87,33885.56,101.380,0.40683,,,,
2384,04/16/2026 23:25:07,27.00,7.27,6.05,26.95,105.073,52103.4,50056.3,32.86,33867.24,101.380,0.41381,,,,
2385,04/16/2026 23:27:07,27.00,7.23,6.01,26.95,105.090,52115.1,50061.4,32.87,33874.83,101.380,0.41558,,,,
2386,04/16/2026 23:29:07,27.00,7.22,6.00,26.94,105.125,52088.4,50045.0,32.85,33857.49,101.380,0.41905,,,,
2387,04/16/2026 23:31:07,27.00,7.21,5.99,26.94,105.178,52131.4,50095.5,32.89,33885.38,101.380,0.42427,,,,
2388,04/16/2026 23:33:07,26.99,7.16,5.95,26.91,105.177,52071.7,50063.0,32.86,33846.59,101.380,0.42419,,,,
2389,04/16/2026 23:35:07,26.98,7.11,5.91,26.90,105.229,52128.9,50133.5,32.92,33883.81,101.380,0.42939,,,,
2390,04/16/2026 23:37:07,26.97,7.09,5.90,26.90,105.300,52112.4,50114.6,32.90,33873.08,101.380,0.43641,,,,
2391,04/16/2026 23:39:07,26.95,7.06,5.87,26.86,105.316,52069.9,50107.8,32.90,33845.43,101.380,0.43805,,,,
2392,04/16/2026 23:41:07,26.95,7.02,5.84,26.88,105.299,52079.2,50101.2,32.89,33851.46,101.380,0.43635,,,,
2393,04/16/2026 23:43:07,26.95,7.01,5.83,26.87,105.404,52071.1,50105.8,32.89,33846.21,101.380,0.44681,,,,
2394,04/16/2026 23:45:07,26.94,7.02,5.83,26.85,105.351,52083.1,50135.9,32.92,33853.99,101.380,0.44150,,,,
2395,04/16/2026 23:47:07,26.94,7.01,5.83,26.87,105.369,52076.5,50104.8,32.89,33849.71,101.380,0.44333,,,,
2396,04/16/2026 23:49:07,26.94,7.05,5.87,26.86,105.404,52031.9,50074.3,32.87,33820.73,101.380,0.44679,,,,
2397,04/16/2026 23:51:07,26.92,7.05,5.87,26.85,105.404,52035.8,50090.4,32.88,33823.26,101.380,0.44675,,,,
2398,04/16/2026 23:53:07,26.92,7.06,5.87,26.84,105.368,52057.3,50120.4,32.90,33837.26,101.380,0.44322,,,,
2399,04/16/2026 23:55:07,26.92,6.99,5.81,26.84,105.421,52100.5,50158.9,32.93,33865.30,101.380,0.44848,,,,
2400,04/16/2026 23:57:07,26.92,6.88,5.72,26.85,105.351,52056.1,50113.1,32.90,33836.48,101.380,0.44149,,,,
2401,04/16/2026 23:59:07,26.90,6.96,5.79,26.82,105.385,52037.0,50122.6,32.91,33824.03,101.380,0.44489,,,,
2402,04/17/2026 00:01:07,26.88,6.94,5.77,26.80,105.455,52010.1,50115.3,32.90,33806.54,101.380,0.45184,,,,
2403,04/17/2026 00:03:07,26.88,6.88,5.72,26.80,105.437,51986.2,50089.2,32.88,33791.02,101.380,0.45010,,,,
2404,04/17/2026 00:05:07,26.87,6.89,5.72,26.79,105.437,52058.5,50171.3,32.94,33838.04,101.380,0.45005,,,,
2405,04/17/2026 00:07:07,26.88,6.85,5.69,26.80,105.560,52058.5,50162.0,32.93,33838.04,101.380,0.46235,,,,
2406,04/17/2026 00:09:07,26.86,6.82,5.67,26.79,105.419,52012.8,50133.4,32.91,33808.29,101.380,0.44828,,,,
2407,04/17/2026 00:11:07,26.85,6.80,5.65,26.77,105.524,52020.2,50159.3,32.93,33813.14,101.380,0.45873,,,,
2408,04/17/2026 00:13:07,26.84,6.77,5.63,26.77,105.630,51969.4,50104.1,32.89,33780.14,101.380,0.46926,,,,
2409,04/17/2026 00:15:07,26.82,6.81,5.66,26.72,105.698,51935.1,50126.9,32.90,33757.84,101.380,0.47608,,,,
2410,04/17/2026 00:17:07,26.81,6.73,5.60,26.74,105.717,52025.3,50192.2,32.95,33816.45,101.380,0.47790,,,,
2411,04/17/2026 00:19:07,26.82,6.68,5.55,26.75,105.735,51986.2,50141.9,32.92,33791.02,101.380,0.47969,,,,
2412,04/17/2026 00:21:07,26.82,6.64,5.52,26.74,105.805,51964.7,50133.7,32.91,33777.05,101.380,0.48666,,,,
2413,04/17/2026 00:23:07,26.81,6.66,5.54,26.73,105.840,51936.7,50116.0,32.90,33758.83,101.380,0.49013,,,,
2414,04/17/2026 00:25:07,26.80,6.67,5.54,26.73,105.857,51935.1,50111.4,32.89,33757.84,101.380,0.49189,,,,
2415,04/17/2026 00:27:07,26.80,6.65,5.53,26.73,105.822,51916.4,50093.3,32.88,33745.66,101.380,0.48839,,,,
2416,04/17/2026 00:29:07,26.80,6.62,5.50,26.73,105.875,51908.3,50091.7,32.88,33740.40,101.380,0.49362,,,,
2417,04/17/2026 00:31:07,26.79,6.61,5.50,26.73,105.945,51948.0,50130.0,32.91,33766.18,101.380,0.50063,,,,
2418,04/17/2026 00:33:07,26.78,6.63,5.51,26.71,105.945,51916.4,50111.9,32.89,33745.66,101.380,0.50058,,,,
2419,04/17/2026 00:35:07,26.77,6.52,5.42,26.71,106.033,51938.7,50142.8,32.92,33760.15,101.380,0.50931,,,,
2420,04/17/2026 00:37:07,26.77,6.55,5.44,26.71,106.015,51918.4,50123.2,32.90,33746.98,101.380,0.50756,,,,
2421,04/17/2026 00:39:07,26.77,6.54,5.44,26.70,105.980,51946.5,50156.5,32.93,33765.20,101.380,0.50403,,,,
2422,04/17/2026 00:41:07,26.77,6.48,5.38,26.71,106.050,51955.4,50155.8,32.93,33771.02,101.380,0.51107,,,,
2423,04/17/2026 00:43:07,26.77,6.42,5.34,26.71,106.068,51923.0,50124.5,32.90,33749.94,101.380,0.51282,,,,
2424,04/17/2026 00:45:07,26.75,6.40,5.32,26.68,106.102,51960.5,50191.9,32.95,33774.32,101.380,0.51622,,,,
2425,04/17/2026 00:47:07,26.75,6.37,5.30,26.69,106.085,51937.8,50157.5,32.93,33759.60,101.380,0.51451,,,,
2426,04/17/2026 00:49:07,26.74,6.39,5.31,26.70,106.103,51930.1,50143.8,32.92,33754.55,101.380,0.51628,,,,
2427,04/17/2026 00:51:07,26.74,6.40,5.32,26.68,106.067,51942.1,50167.8,32.93,33762.34,101.380,0.51274,,,,
2428,04/17/2026 00:53:07,26.73,6.29,5.23,26.69,106.120,51992.1,50209.9,32.96,33794.88,101.380,0.51801,,,,
2429,04/17/2026 00:55:07,26.74,6.30,5.24,26.69,106.067,51901.2,50122.2,32.90,33735.79,101.380,0.51276,,,,
2430,04/17/2026 00:57:07,26.72,6.39,5.31,26.65,106.119,51965.6,50221.7,32.97,33777.61,101.380,0.51789,,,,
2431,04/17/2026 00:59:07,26.72,6.32,5.25,26.67,106.155,51952.7,50187.4,32.95,33769.26,101.380,0.52146,,,,
2432,04/17/2026 01:01:07,26.72,6.30,5.23,26.66,106.101,51930.4,50181.5,32.94,33754.77,101.380,0.51616,,,,
2433,04/17/2026 01:03:07,26.72,6.24,5.18,26.67,106.190,51942.9,50184.2,32.94,33762.89,101.380,0.52495,,,,
2434,04/17/2026 01:05:07,26.71,6.21,5.16,26.67,106.154,51906.6,50152.3,32.92,33739.30,101.380,0.52143,,,,
2435,04/17/2026 01:07:07,26.72,6.23,5.18,26.66,106.101,51914.9,50166.5,32.93,33744.68,101.380,0.51616,,,,
2436,04/17/2026 01:09:07,26.70,6.19,5.14,26.65,106.136,51897.7,50156.1,32.92,33733.50,101.380,0.51964,,,,
2437,04/17/2026 01:11:07,26.68,6.16,5.12,26.62,106.171,51898.9,50188.4,32.95,33734.26,101.380,0.52304,,,,
2438,04/17/2026 01:13:07,26.66,6.11,5.08,26.60,106.152,51852.7,50162.4,32.93,33704.24,101.380,0.52122,,,,
2439,04/17/2026 01:15:07,26.65,6.13,5.10,26.60,106.135,51794.1,50108.8,32.89,33666.13,101.380,0.51946,,,,
2440,04/17/2026 01:17:07,26.65,6.22,5.17,26.60,106.117,51856.1,50171.9,32.93,33706.46,101.380,0.51770,,,,
2441,04/17/2026 01:19:07,26.64,6.21,5.16,26.59,106.169,51816.5,50139.9,32.91,33680.75,101.380,0.52293,,,,
2442,04/17/2026 01:21:07,26.63,6.16,5.12,26.58,106.116,51811.5,50150.6,32.92,33677.47,101.380,0.51763,,,,
2443,04/17/2026 01:23:07,26.62,6.18,5.13,26.57,106.186,51845.6,50193.0,32.95,33699.66,101.380,0.52460,,,,
2444,04/17/2026 01:25:07,26.61,6.16,5.12,26.56,106.116,51797.5,50152.7,32.92,33668.40,101.380,0.51758,,,,
2445,04/17/2026 01:27:07,26.60,6.13,5.09,26.56,106.133,51814.6,50175.5,32.93,33679.51,101.380,0.51931,,,,
2446,04/17/2026 01:29:07,26.60,6.08,5.05,26.54,106.168,51768.5,50146.4,32.91,33649.52,101.380,0.52276,,,,
2447,04/17/2026 01:31:07,26.58,6.11,5.08,26.53,106.168,51783.6,50167.2,32.93,33659.34,101.380,0.52274,,,,
2448,04/17/2026 01:33:07,26.58,6.12,5.09,26.53,106.114,51720.5,50112.3,32.89,33618.33,101.380,0.51746,,,,
2449,04/17/2026 01:35:07,26.57,6.12,5.08,26.53,106.150,51765.0,50152.3,32.92,33647.25,101.380,0.52098,,,,
2450,04/17/2026 01:37:07,26.57,6.09,5.06,26.52,106.255,51718.6,50116.7,32.89,33617.09,101.380,0.53145,,,,
2451,04/17/2026 01:39:07,26.57,6.04,5.02,26.52,106.237,51797.2,50196.0,32.95,33668.16,101.380,0.52969,,,,
2452,04/17/2026 01:41:07,26.55,6.03,5.01,26.50,106.219,51789.4,50204.1,32.95,33663.12,101.380,0.52789,,,,
2453,04/17/2026 01:43:07,26.55,6.03,5.01,26.49,106.237,51727.1,50153.0,32.92,33622.61,101.380,0.52961,,,,
2454,04/17/2026 01:45:07,26.54,5.98,4.97,26.49,106.272,51694.7,50124.7,32.89,33601.52,101.380,0.53310,,,,
2455,04/17/2026 01:47:07,26.53,5.98,4.97,26.48,106.271,51744.9,50189.0,32.94,33634.17,101.380,0.53305,,,,
2456,04/17/2026 01:49:07,26.52,5.92,4.92,26.48,106.236,51783.6,50223.4,32.97,33659.34,101.380,0.52956,,,,
2457,04/17/2026 01:51:07,26.51,5.79,4.81,26.48,106.201,51746.0,50187.0,32.94,33634.93,101.380,0.52605,,,,
2458,04/17/2026 01:53:07,26.51,5.57,4.63,26.48,106.218,51751.1,50195.0,32.95,33638.20,101.380,0.52779,,,,
2459,04/17/2026 01:55:07,26.51,5.58,4.64,26.47,106.271,51736.0,50183.5,32.94,33628.39,101.380,0.53304,,,,
2460,04/17/2026 01:57:07,26.51,5.59,4.65,26.47,106.165,51715.1,50163.2,32.92,33614.83,101.380,0.52253,,,,
2461,04/17/2026 01:59:07,26.51,5.51,4.58,26.47,106.165,51718.2,50169.3,32.93,33616.83,101.380,0.52252,,,,
2462,04/17/2026 02:01:07,26.51,5.50,4.57,26.47,106.112,51769.7,50219.3,32.96,33650.27,101.380,0.51726,,,,
2463,04/17/2026 02:03:07,26.51,5.52,4.59,26.46,106.147,51752.2,50211.8,32.96,33638.95,101.380,0.52074,,,,
2464,04/17/2026 02:05:07,26.50,5.24,4.35,26.46,106.165,51719.4,50179.8,32.93,33617.58,101.380,0.52249,,,,
2465,04/17/2026 02:07:07,26.50,5.23,4.35,26.45,106.077,51743.3,50209.4,32.96,33633.17,101.380,0.51371,,,,
2466,04/17/2026 02:09:07,26.49,5.27,4.38,26.44,106.006,51720.9,50206.4,32.95,33618.59,101.380,0.50664,,,,
2467,04/17/2026 02:11:07,26.49,5.24,4.36,26.43,105.988,51653.0,50143.5,32.91,33574.42,101.380,0.50488,,,,
2468,04/17/2026 02:13:07,26.48,5.08,4.22,26.43,105.970,51669.2,50159.3,32.92,33584.96,101.380,0.50313,,,,
2469,04/17/2026 02:15:07,26.48,5.08,4.22,26.42,105.935,51692.3,50194.2,32.94,33600.02,101.380,0.49959,,,,
2470,04/17/2026 02:17:07,26.47,5.03,4.18,26.42,105.917,51605.6,50113.2,32.88,33543.65,101.380,0.49783,,,,
2471,04/17/2026 02:19:07,26.46,4.86,4.04,26.42,105.917,51708.2,50215.9,32.96,33610.30,101.380,0.49781,,,,
2472,04/17/2026 02:21:07,26.46,4.80,3.98,26.41,105.882,51692.7,50204.0,32.95,33600.25,101.380,0.49430,,,,
2473,04/17/2026 02:23:07,26.45,4.75,3.95,26.40,105.881,51605.6,50128.8,32.89,33543.65,101.380,0.49427,,,,
2474,04/17/2026 02:25:07,26.45,4.69,3.89,26.41,105.864,51700.0,50214.2,32.96,33605.02,101.380,0.49254,,,,
2475,04/17/2026 02:27:07,26.45,4.69,3.90,26.41,105.829,51657.6,50176.1,32.93,33577.42,101.380,0.48903,,,,
2476,04/17/2026 02:29:07,26.45,4.56,3.79,26.42,105.759,51676.5,50185.1,32.94,33589.71,101.380,0.48205,,,,
2477,04/17/2026 02:31:07,26.46,4.53,3.77,26.41,105.864,51721.7,50232.1,32.97,33619.09,101.380,0.49255,,,,
2478,04/17/2026 02:33:07,26.44,4.64,3.85,26.40,105.776,51703.9,50230.5,32.97,33607.52,101.380,0.48374,,,,
2479,04/17/2026 02:35:07,26.42,4.80,3.99,26.37,105.722,51631.4,50188.2,32.94,33560.39,101.380,0.47840,,,,
2480,04/17/2026 02:37:07,26.39,4.99,4.15,26.33,105.721,51623.6,50218.2,32.96,33555.36,101.380,0.47827,,,,
2481,04/17/2026 02:39:07,26.37,5.08,4.22,26.31,105.667,51555.9,50174.2,32.92,33511.33,101.380,0.47295,,,,
2482,04/17/2026 02:41:07,26.35,5.11,4.25,26.30,105.667,51563.2,50193.8,32.94,33516.07,101.380,0.47291,,,,
2483,04/17/2026 02:43:07,26.34,5.10,4.24,26.29,105.649,51589.8,50225.9,32.96,33533.34,101.380,0.47113,,,,
2484,04/17/2026 02:45:07,26.33,5.04,4.19,26.29,105.613,51562.5,50205.7,32.95,33515.62,101.380,0.46761,,,,
2485,04/17/2026 02:47:07,26.34,4.91,4.08,26.29,105.561,51599.8,50238.8,32.97,33539.84,101.380,0.46237,,,,
2486,04/17/2026 02:49:07,26.33,4.77,3.96,26.30,105.543,51519.8,50154.7,32.91,33487.89,101.380,0.46064,,,,
2487,04/17/2026 02:51:07,26.33,4.58,3.81,26.30,105.473,51550.2,50178.0,32.93,33507.64,101.380,0.45365,,,,
2488,04/17/2026 02:53:07,26.34,4.40,3.66,26.31,105.544,51607.5,50230.7,32.96,33544.86,101.380,0.46067,,,,
2489,04/17/2026 02:55:07,26.35,4.27,3.54,26.31,105.509,51595.9,50210.0,32.95,33537.33,101.380,0.45720,,,,
2490,04/17/2026 02:57:07,26.35,4.19,3.48,26.31,105.491,51628.6,50241.9,32.97,33558.62,101.380,0.45545,,,,
2491,04/17/2026 02:59:07,26.35,4.17,3.46,26.30,105.491,51607.5,50236.9,32.97,33544.86,101.380,0.45539,,,,
2492,04/17/2026 03:01:07,26.34,4.10,3.40,26.30,105.491,51607.5,50236.9,32.97,33544.86,101.380,0.45539,,,,
2493,04/17/2026 03:03:07,26.35,3.95,3.28,26.31,105.403,51666.4,50278.6,33.00,33583.19,101.380,0.44669,,,,
2494,04/17/2026 03:05:07,26.36,3.84,3.19,26.33,105.456,51720.9,50315.9,33.03,33618.59,101.380,0.45199,,,,
2495,04/17/2026 03:07:07,26.37,3.80,3.15,26.34,105.369,51741.0,50329.2,33.04,33631.66,101.380,0.44326,,,,
2496,04/17/2026 03:09:07,26.38,3.75,3.12,26.34,105.404,51784.0,50367.9,33.07,33659.58,101.380,0.44677,,,,
2497,04/17/2026 03:11:07,26.38,3.74,3.11,26.34,105.351,51786.3,50367.0,33.07,33661.10,101.380,0.44153,,,,
2498,04/17/2026 03:13:07,26.38,3.73,3.10,26.34,105.298,51825.5,50405.1,33.09,33686.55,101.380,0.43628,,,,
2499,04/17/2026 03:15:07,26.39,3.71,3.08,26.35,105.316,51839.4,50409.3,33.10,33695.63,101.380,0.43806,,,,
2500,04/17/2026 03:17:07,26.39,3.69,3.06,26.36,105.246,51825.8,50389.7,33.08,33686.79,101.380,0.43107,,,,
2501,04/17/2026 03:19:07,26.40,3.67,3.05,26.36,105.264,51867.4,50427.0,33.11,33713.79,101.380,0.43283,,,,
2502,04/17/2026 03:21:07,26.39,3.68,3.06,26.35,105.193,51794.4,50362.3,33.06,33666.37,101.380,0.42581,,,,
2503,04/17/2026 03:23:07,26.39,3.65,3.03,26.35,105.175,51854.6,50427.1,33.11,33705.47,101.380,0.42404,,,,
2504,04/17/2026 03:25:07,26.39,3.57,2.97,26.33,105.140,51792.9,50382.8,33.08,33665.37,101.380,0.42048,,,,
2505,04/17/2026 03:27:07,26.37,3.60,2.99,26.32,105.086,51830.5,50435.1,33.12,33689.82,101.380,0.41518,,,,
2506,04/17/2026 03:29:07,26.35,3.66,3.04,26.28,105.032,51689.6,50335.7,33.04,33598.26,101.380,0.40980,,,,
2507,04/17/2026 03:31:07,26.33,3.60,2.99,26.30,105.015,51758.8,50387.4,33.08,33643.23,101.380,0.40810,,,,
2508,04/17/2026 03:33:07,26.33,3.58,2.97,26.31,104.875,51778.9,50394.4,33.09,33656.31,101.380,0.39413,,,,
2509,04/17/2026 03:35:07,26.34,3.56,2.96,26.31,104.857,51847.2,50457.7,33.13,33700.66,101.380,0.39239,,,,
2510,04/17/2026 03:37:07,26.35,3.49,2.89,26.32,104.822,51819.3,50424.2,33.11,33682.51,101.380,0.38891,,,,
2511,04/17/2026 03:39:07,26.35,3.43,2.85,26.32,104.840,51781.3,50387.2,33.08,33657.82,101.380,0.39066,,,,
2512,04/17/2026 03:41:07,26.35,3.40,2.82,26.30,104.699,51809.5,50430.5,33.11,33676.20,101.380,0.37660,,,,
2513,04/17/2026 03:43:07,26.33,3.45,2.86,26.28,104.680,51770.0,50414.0,33.10,33650.52,101.380,0.37478,,,,
2514,04/17/2026 03:45:07,26.31,3.42,2.84,26.26,104.609,51739.9,50403.5,33.09,33630.90,101.380,0.36771,,,,
2515,04/17/2026 03:47:07,26.31,3.38,2.80,26.27,104.592,51849.5,50507.2,33.17,33702.19,101.380,0.36597,,,,
2516,04/17/2026 03:49:07,26.31,3.45,2.86,26.26,104.556,51797.9,50463.2,33.13,33668.64,101.380,0.36245,,,,
2517,04/17/2026 03:51:07,26.31,3.41,2.83,26.27,104.539,51836.7,50491.6,33.16,33693.87,101.380,0.36073,,,,
2518,04/17/2026 03:53:07,26.30,3.57,2.96,26.26,104.468,51801.8,50467.0,33.14,33671.16,101.380,0.35369,,,,
2519,04/17/2026 03:55:07,26.31,3.65,3.02,26.25,104.468,51818.1,50495.5,33.16,33681.75,101.380,0.35365,,,,
2520,04/17/2026 03:57:07,26.28,3.66,3.04,26.24,104.415,51824.3,50507.8,33.17,33685.79,101.380,0.34838,,,,
2521,04/17/2026 03:59:07,26.28,3.61,2.99,26.24,104.327,51888.8,50573.8,33.21,33727.69,101.380,0.33961,,,,
2522,04/17/2026 04:01:07,26.28,3.60,2.98,26.23,104.291,51853.4,50552.0,33.20,33704.70,101.380,0.33607,,,,
2523,04/17/2026 04:03:07,26.29,3.64,3.02,26.24,104.327,51769.3,50460.5,33.13,33650.01,101.380,0.33960,,,,
2524,04/17/2026 04:05:07,26.29,3.53,2.92,26.25,104.257,51896.2,50571.6,33.21,33732.51,101.380,0.33264,,,,
2525,04/17/2026 04:07:07,26.29,3.45,2.86,26.25,104.186,51839.8,50513.5,33.17,33695.86,101.380,0.32564,,,,
2526,04/17/2026 04:09:07,26.29,3.49,2.90,26.24,104.116,51833.2,50516.5,33.17,33691.58,101.380,0.31861,,,,
2527,04/17/2026 04:11:07,26.28,3.46,2.87,26.24,104.116,51841.8,50528.0,33.18,33697.14,101.380,0.31860,,,,
2528,04/17/2026 04:13:07,26.26,3.47,2.88,26.22,104.009,51693.1,50398.8,33.09,33600.51,101.380,0.30804,,,,
2529,04/17/2026 04:15:07,26.24,3.46,2.87,26.19,104.026,51789.8,50524.7,33.18,33663.37,101.380,0.30969,,,,
2530,04/17/2026 04:17:07,26.23,3.43,2.84,26.22,103.939,51791.3,50500.9,33.16,33664.37,101.380,0.30102,,,,
2531,04/17/2026 04:19:07,26.24,3.45,2.86,26.21,103.974,51819.6,50534.8,33.18,33682.75,101.380,0.30450,,,,
2532,04/17/2026 04:21:07,26.22,3.39,2.81,26.21,103.921,51841.3,50556.0,33.20,33696.86,101.380,0.29924,,,,
2533,04/17/2026 04:23:07,26.22,3.34,2.77,26.20,103.885,51792.9,50518.2,33.17,33665.37,101.380,0.29571,,,,
2534,04/17/2026 04:25:07,26.22,3.46,2.87,26.19,103.903,51732.5,50475.1,33.14,33626.13,101.380,0.29741,,,,
2535,04/17/2026 04:27:07,26.18,3.51,2.91,26.15,103.831,51738.7,50519.0,33.17,33630.15,101.380,0.29028,,,,
2536,04/17/2026 04:29:07,26.17,3.48,2.88,26.15,103.708,51721.3,50505.2,33.16,33618.85,101.380,0.27802,,,,
2537,04/17/2026 04:31:07,26.15,3.47,2.88,26.12,103.689,51670.7,50481.0,33.14,33585.97,101.380,0.27618,,,,
2538,04/17/2026 04:33:07,26.14,3.41,2.83,26.11,103.654,51731.0,50549.3,33.19,33625.12,101.380,0.27265,,,,
2539,04/17/2026 04:35:07,26.12,3.52,2.92,26.09,103.600,51645.2,50487.7,33.15,33569.41,101.380,0.26733,,,,
2540,04/17/2026 04:37:07,26.12,3.58,2.97,26.07,103.547,51699.3,50562.6,33.20,33604.52,101.380,0.26200,,,,
2541,04/17/2026 04:39:07,26.12,3.47,2.88,26.09,103.512,51640.2,50479.6,33.14,33566.15,101.380,0.25858,,,,
2542,04/17/2026 04:41:07,26.12,3.50,2.91,26.07,103.423,51641.8,50509.6,33.16,33567.17,101.380,0.24974,,,,
2543,04/17/2026 04:43:07,26.11,3.49,2.89,26.06,103.388,51716.3,50585.6,33.22,33615.58,101.380,0.24622,,,,
2544,04/17/2026 04:45:07,26.11,3.63,3.01,26.05,103.317,51685.8,50568.4,33.20,33595.75,101.380,0.23918,,,,
2545,04/17/2026 04:47:07,26.10,3.55,2.94,26.04,103.282,51587.9,50485.3,33.14,33532.14,101.380,0.23563,,,,
2546,04/17/2026 04:49:07,26.07,3.55,2.94,26.02,103.263,51569.5,50492.6,33.15,33520.17,101.380,0.23380,,,,
2547,04/17/2026 04:51:07,26.06,3.51,2.91,25.99,103.139,51525.3,50474.6,33.13,33491.43,101.380,0.22147,,,,
2548,04/17/2026 04:53:07,26.01,3.62,3.00,25.93,103.031,51421.2,50439.0,33.10,33423.79,101.380,0.21075,,,,
2549,04/17/2026 04:55:07,25.95,3.74,3.10,25.88,103.047,51324.9,50398.3,33.07,33361.20,101.380,0.21233,,,,
2550,04/17/2026 04:57:07,25.92,3.79,3.14,25.85,102.923,51343.6,50438.8,33.10,33373.35,101.380,0.20000,,,,
2551,04/17/2026 04:59:07,25.89,3.83,3.18,25.83,102.905,51385.5,50508.4,33.15,33400.58,101.380,0.19816,,,,
2552,04/17/2026 05:01:07,25.87,3.85,3.19,25.83,102.835,51361.2,50481.4,33.13,33384.79,101.380,0.19116,,,,
2553,04/17/2026 05:03:07,25.87,3.86,3.20,25.82,102.799,51335.3,50468.6,33.12,33367.96,101.380,0.18762,,,,
2554,04/17/2026 05:05:07,25.86,3.82,3.17,25.81,102.693,51309.0,50445.9,33.10,33350.83,101.380,0.17711,,,,
2555,04/17/2026 05:07:07,25.86,3.82,3.17,25.82,102.693,51277.7,50411.9,33.08,33330.49,101.380,0.17711,,,,
2556,04/17/2026 05:09:07,25.87,3.74,3.10,25.84,102.641,51311.2,50425.9,33.09,33352.27,101.380,0.17192,,,,
2557,04/17/2026 05:11:07,25.87,3.74,3.10,25.82,102.623,51266.7,50394.8,33.07,33323.35,101.380,0.17013,,,,
2558,04/17/2026 05:13:07,25.86,3.69,3.06,25.83,102.500,51306.2,50430.5,33.09,33349.05,101.380,0.15788,,,,
2559,04/17/2026 05:15:07,25.87,3.62,3.00,25.84,102.500,51288.1,50400.0,33.07,33337.25,101.380,0.15792,,,,
2560,04/17/2026 05:17:07,25.88,3.60,2.98,25.85,102.395,51318.9,50420.8,33.09,33357.26,101.380,0.14745,,,,
2561,04/17/2026 05:19:07,25.87,3.63,3.01,25.82,102.482,51217.9,50350.0,33.03,33291.63,101.380,0.15611,,,,
2562,04/17/2026 05:21:07,25.85,3.60,2.98,25.78,102.358,51165.4,50336.3,33.02,33257.49,101.380,0.14374,,,,
2563,04/17/2026 05:23:07,25.84,3.59,2.98,25.79,102.270,51245.8,50406.0,33.07,33309.80,101.380,0.13501,,,,
2564,04/17/2026 05:25:07,25.84,3.57,2.96,25.78,102.305,51144.6,50315.9,33.01,33244.00,101.380,0.13848,,,,
2565,04/17/2026 05:27:07,25.81,3.55,2.94,25.74,102.180,51139.7,50355.3,33.03,33240.80,101.380,0.12609,,,,
2566,04/17/2026 05:29:07,25.80,3.49,2.89,25.75,102.146,51144.6,50350.7,33.03,33244.00,101.380,0.12261,,,,
2567,04/17/2026 05:31:07,25.80,3.47,2.88,25.76,102.163,51102.1,50299.3,32.99,33216.34,101.380,0.12440,,,,
2568,04/17/2026 05:33:07,25.80,3.46,2.87,25.75,102.163,51079.7,50286.8,32.98,33201.80,101.380,0.12437,,,,
2569,04/17/2026 05:35:07,25.80,3.49,2.89,25.76,102.093,51103.1,50297.2,32.99,33217.04,101.380,0.11740,,,,
2570,04/17/2026 05:37:07,25.81,3.44,2.86,25.78,102.041,51123.9,50305.0,33.00,33230.51,101.380,0.11219,,,,
2571,04/17/2026 05:39:07,25.81,3.44,2.85,25.78,101.971,51105.4,50277.3,32.98,33218.48,101.380,0.10521,,,,
2572,04/17/2026 05:41:07,25.82,3.50,2.91,25.77,101.935,51083.5,50268.4,32.97,33204.29,101.380,0.10167,,,,
2573,04/17/2026 05:43:07,25.81,3.52,2.92,25.75,101.934,51083.5,50287.4,32.98,33204.29,101.380,0.10161,,,,
2574,04/17/2026 05:45:07,25.78,3.61,3.00,25.72,101.881,50989.9,50230.0,32.94,33143.45,101.380,0.09625,,,,
2575,04/17/2026 05:47:07,25.73,3.59,2.98,25.67,101.879,50931.8,50223.2,32.93,33105.67,101.380,0.09609,,,,
2576,04/17/2026 05:49:07,25.69,3.56,2.96,25.64,101.807,50725.0,50054.0,32.81,32971.26,101.380,0.08898,,,,
2577,04/17/2026 05:51:07,25.63,3.53,2.93,25.57,101.717,50676.0,50075.0,32.82,32939.39,101.380,0.08000,,,,
2578,04/17/2026 05:53:07,25.56,3.54,2.94,25.53,101.681,50506.7,49955.0,32.73,32829.38,101.380,0.07635,,,,
2579,04/17/2026 05:55:07,25.51,3.71,3.08,25.53,101.610,50665.3,50111.8,32.84,32932.44,101.380,0.06935,,,,
2580,04/17/2026 05:57:07,25.51,4.28,3.55,25.50,101.609,50643.2,50118.4,32.85,32918.10,101.380,0.06926,,,,
2581,04/17/2026 05:59:07,25.48,6.35,5.28,25.49,101.574,50569.9,50055.3,32.80,32870.45,101.380,0.06573,,,,
2582,04/17/2026 06:01:07,25.35,7.78,6.46,25.52,101.557,50595.0,50051.7,32.80,32886.76,101.380,0.06407,,,,
2583,04/17/2026 06:03:07,25.14,8.33,6.92,25.52,101.452,50534.5,49985.6,32.75,32847.45,101.380,0.05358,,,,
2584,04/17/2026 06:05:07,24.92,8.40,6.97,25.52,101.434,50575.8,50032.7,32.79,32874.24,101.380,0.05181,,,,
2585,04/17/2026 06:07:07,24.66,8.46,7.01,25.51,101.381,50642.2,50101.5,32.84,32917.42,101.380,0.04655,,,,
2586,04/17/2026 06:09:07,24.42,8.51,7.06,25.50,101.328,50412.9,49887.3,32.68,32768.40,101.380,0.04126,,,,
2587,04/17/2026 06:11:07,24.19,8.55,7.18,25.44,101.290,47512.6,47079.6,30.62,30883.18,101.380,0.03755,,,,
2588,04/17/2026 06:13:07,24.00,8.60,7.23,25.32,101.251,46987.1,46676.8,30.32,30541.63,101.380,0.03365,,,,
2589,04/17/2026 06:15:07,23.88,8.63,8.51,25.19,101.229,4668.4,4650.0,2.48,3034.49,101.380,0.03148,,,,
2590,04/17/2026 06:17:07,23.77,8.65,8.57,25.08,101.208,3373.6,3368.1,1.76,2192.81,101.380,0.02937,,,,
2591,04/17/2026 06:19:07,23.70,8.68,8.65,24.93,101.168,1183.0,1184.7,0.59,768.94,101.380,0.02540,,,,
2592,04/17/2026 06:21:07,23.63,8.70,8.68,24.83,101.183,800.1,803.1,0.39,520.08,101.380,0.02681,,,,
2593,04/17/2026 06:23:07,23.60,8.71,8.70,24.71,101.161,635.9,639.7,0.31,413.32,101.380,0.02470,,,,
2594,04/17/2026 06:25:07,23.60,8.71,8.70,24.57,101.209,548.5,553.6,0.27,356.55,101.380,0.02947,,,,
2595,04/17/2026 06:27:07,23.60,8.71,8.70,24.41,101.187,487.7,493.8,0.24,316.99,101.380,0.02722,,,,
2596,04/17/2026 06:29:07,23.56,8.73,8.71,24.27,101.235,590.1,599.3,0.29,383.56,101.380,0.03203,,,,
2597,04/17/2026 06:31:07,23.53,8.72,8.70,24.15,101.231,557.7,567.8,0.28,362.48,101.380,0.03164,,,,
2598,04/17/2026 06:33:07,23.47,8.74,8.73,24.07,101.158,537.5,548.3,0.27,349.41,101.380,0.02437,,,,
2599,04/17/2026 06:35:07,23.45,8.75,8.74,23.97,101.173,515.2,526.6,0.25,334.91,101.380,0.02583,,,,
2600,04/17/2026 06:37:07,23.44,8.75,8.74,23.88,101.187,170.0,174.1,0.09,110.49,101.380,0.02730,,,,
2601,04/17/2026 06:39:07,23.38,8.78,8.78,23.79,101.237,198.0,203.1,0.10,128.69,101.380,0.03225,,,,
2602,04/17/2026 06:41:07,23.38,8.78,8.77,23.75,101.201,196.2,201.5,0.10,127.55,101.380,0.02862,,,,
2603,04/17/2026 06:43:07,23.39,8.78,8.77,23.70,101.146,190.8,196.2,0.10,124.03,101.380,0.02323,,,,
2604,04/17/2026 06:45:07,23.38,8.81,8.80,23.62,101.179,186.2,191.7,0.09,121.00,101.380,0.02647,,,,
2605,04/17/2026 06:47:07,23.38,8.80,8.79,23.60,101.214,182.9,188.5,0.09,118.91,101.380,0.02990,,,,
2606,04/17/2026 06:49:07,23.41,8.79,8.78,23.60,101.214,179.9,185.4,0.09,116.96,101.380,0.02990,,,,
2607,04/17/2026 06:51:07,23.41,8.82,8.82,23.48,101.210,178.0,183.9,0.09,115.70,101.380,0.02954,,,,
2608,04/17/2026 06:53:07,23.43,8.82,8.81,23.49,101.228,177.3,183.1,0.09,115.26,101.380,0.03130,,,,
2609,04/17/2026 06:55:07,23.45,8.82,8.81,23.48,101.262,176.8,182.6,0.09,114.93,101.380,0.03477,,,,
2610,04/17/2026 06:57:07,23.53,8.79,8.79,23.51,101.211,176.5,182.2,0.09,114.71,101.380,0.02963,,,,
2611,04/17/2026 06:59:07,23.59,8.80,8.80,23.48,101.227,172.3,178.0,0.09,112.01,101.380,0.03126,,,,
2612,04/17/2026 07:01:07,23.67,8.84,8.83,23.51,101.193,173.0,178.6,0.09,112.47,101.380,0.02785,,,,
2613,04/17/2026 07:03:07,23.88,8.84,8.84,23.60,101.213,173.5,178.8,0.09,112.79,101.380,0.02989,,,,
2614,04/17/2026 07:05:07,24.18,8.79,8.78,23.69,101.216,170.5,175.3,0.09,110.82,101.380,0.03018,,,,
2615,04/17/2026 07:07:07,24.56,8.77,8.76,23.81,101.238,169.3,173.6,0.08,110.02,101.380,0.03232,,,,
2616,04/17/2026 07:09:07,24.98,8.66,8.66,23.93,101.259,165.7,169.5,0.08,107.72,101.380,0.03445,,,,
2617,04/17/2026 07:11:07,25.19,8.55,8.55,23.93,101.259,153.9,157.4,0.08,100.02,101.380,0.03444,,,,
2618,04/17/2026 07:13:07,25.32,8.57,8.57,24.01,101.244,153.9,157.1,0.08,100.03,101.380,0.03296,,,,
2619,04/17/2026 07:15:07,25.37,8.51,8.51,24.02,101.262,147.5,150.6,0.07,95.86,101.380,0.03473,,,,
2620,04/17/2026 07:17:07,25.25,8.54,8.54,24.02,101.244,145.8,148.9,0.07,94.77,101.380,0.03297,,,,
2621,04/17/2026 07:19:07,25.18,8.54,8.53,24.02,101.227,144.5,147.5,0.07,93.91,101.380,0.03123,,,,
2622,04/17/2026 07:21:07,25.14,8.54,8.53,24.02,101.245,144.7,147.7,0.07,94.03,101.380,0.03299,,,,
2623,04/17/2026 07:23:07,25.05,8.55,8.54,24.02,101.244,142.8,145.9,0.07,92.85,101.380,0.03297,,,,
2624,04/17/2026 07:25:07,25.09,8.55,8.55,24.09,101.282,150.4,153.3,0.08,97.76,101.380,0.03671,,,,
2625,04/17/2026 07:27:07,25.16,8.55,8.55,24.12,101.230,150.3,153.2,0.08,97.72,101.380,0.03154,,,,
2626,04/17/2026 07:29:07,25.16,8.53,8.52,24.11,101.283,146.4,149.2,0.07,95.15,101.380,0.03676,,,,
2627,04/17/2026 07:31:07,25.12,8.61,8.60,24.13,101.283,149.3,152.0,0.08,97.02,101.380,0.03685,,,,
2628,04/17/2026 07:33:07,25.40,8.62,8.62,24.28,101.270,153.1,155.5,0.08,99.51,101.380,0.03556,,,,
2629,04/17/2026 07:35:07,25.97,8.51,8.50,24.45,101.311,155.4,157.2,0.08,101.01,101.380,0.03961,,,,
2630,04/17/2026 07:37:07,26.40,8.34,8.33,24.54,101.296,147.8,149.3,0.07,96.07,101.380,0.03813,,,,
2631,04/17/2026 07:39:07,26.38,8.39,8.38,24.57,101.280,143.4,144.7,0.07,93.22,101.380,0.03649,,,,
2632,04/17/2026 07:41:07,26.70,8.37,8.37,24.74,101.268,146.9,147.7,0.07,95.50,101.380,0.03527,,,,
2633,04/17/2026 07:43:07,27.09,8.25,8.25,24.85,101.306,133.4,133.8,0.07,86.71,101.380,0.03914,,,,
2634,04/17/2026 07:45:07,27.32,8.23,8.23,24.94,101.309,127.9,128.1,0.06,83.16,101.380,0.03943,,,,
2635,04/17/2026 07:47:07,27.68,8.23,8.23,25.04,101.330,127.9,127.7,0.06,83.11,101.380,0.04151,,,,
2636,04/17/2026 07:49:07,28.16,8.13,8.13,25.17,101.317,124.4,123.9,0.06,80.83,101.380,0.04017,,,,
2637,04/17/2026 07:51:07,28.17,7.97,7.97,25.21,101.336,111.6,111.1,0.06,72.54,101.380,0.04206,,,,
2638,04/17/2026 07:53:07,27.69,8.06,8.06,25.16,101.334,107.5,107.1,0.05,69.85,101.380,0.04189,,,,
2639,04/17/2026 07:55:07,27.29,8.23,8.23,25.19,101.317,110.8,110.4,0.06,72.05,101.380,0.04024,,,,
2640,04/17/2026 07:57:07,27.29,8.15,8.15,25.23,101.301,104.7,104.2,0.05,68.05,101.380,0.03864,,,,
2641,04/17/2026 07:59:07,27.04,8.13,8.13,25.19,101.335,100.1,99.7,0.05,65.05,101.380,0.04198,,,,
2642,04/17/2026 08:01:07,26.67,8.22,8.22,25.13,101.351,102.0,101.7,0.05,66.29,101.380,0.04353,,,,
2643,04/17/2026 08:03:07,26.50,8.34,8.34,25.15,101.299,103.5,103.2,0.05,67.28,101.380,0.03837,,,,
2644,04/17/2026 08:05:07,26.67,8.37,8.37,25.20,101.300,101.9,101.5,0.05,66.26,101.380,0.03854,,,,
2645,04/17/2026 08:07:07,27.17,8.22,8.22,25.39,101.342,100.5,99.7,0.05,65.33,101.380,0.04263,,,,
2646,04/17/2026 08:09:07,27.29,8.13,8.13,25.35,101.358,95.4,94.7,0.05,62.02,101.380,0.04426,,,,
2647,04/17/2026 08:11:07,27.24,8.21,8.21,25.43,101.290,98.7,97.9,0.05,64.18,101.380,0.03752,,,,
2648,04/17/2026 08:13:07,27.24,8.17,8.16,25.46,101.344,95.9,95.0,0.05,62.35,101.380,0.04286,,,,
2649,04/17/2026 08:15:07,26.97,8.14,8.14,25.39,101.342,90.9,90.1,0.05,59.05,101.380,0.04263,,,,
2650,04/17/2026 08:17:07,26.60,8.26,8.25,25.27,101.338,94.4,93.8,0.05,61.35,101.380,0.04227,,,,
2651,04/17/2026 08:19:07,26.32,8.29,8.29,25.23,101.319,98.8,98.4,0.05,64.25,101.380,0.04038,,,,
2652,04/17/2026 08:21:07,26.26,8.37,8.36,25.26,101.355,101.4,100.8,0.05,65.88,101.380,0.04397,,,,
2653,04/17/2026 08:23:07,26.36,8.37,8.36,25.31,101.357,105.4,104.7,0.05,68.52,101.380,0.04413,,,,
2654,04/17/2026 08:25:07,26.55,8.26,8.26,25.30,101.321,96.6,96.0,0.05,62.79,101.380,0.04060,,,,
2655,04/17/2026 08:27:07,26.42,8.25,8.25,25.21,101.318,95.1,94.7,0.05,61.80,101.380,0.04030,,,,
2656,04/17/2026 08:29:07,26.18,8.37,8.36,25.13,101.351,94.1,93.8,0.05,61.16,101.380,0.04353,,,,
2657,04/17/2026 08:31:07,26.15,8.38,8.38,25.18,101.317,100.7,100.4,0.05,65.48,101.380,0.04020,,,,
2658,04/17/2026 08:33:07,26.18,8.34,8.33,25.21,101.318,105.7,105.2,0.05,68.71,101.380,0.04031,,,,
2659,04/17/2026 08:35:07,26.12,8.35,8.35,25.17,101.352,105.4,105.1,0.05,68.54,101.380,0.04368,,,,
2660,04/17/2026 08:37:07,25.99,8.34,8.34,25.09,101.367,101.3,101.1,0.05,65.85,101.380,0.04518,,,,
2661,04/17/2026 08:39:07,25.87,8.42,8.41,25.05,101.383,106.4,106.3,0.05,69.18,101.380,0.04680,,,,
2662,04/17/2026 08:41:07,25.88,8.39,8.38,25.08,101.367,112.1,111.9,0.06,72.88,101.380,0.04515,,,,
2663,04/17/2026 08:43:07,25.87,8.39,8.39,25.07,101.384,117.3,117.2,0.06,76.27,101.380,0.04686,,,,
2664,04/17/2026 08:45:07,25.90,8.40,8.40,25.15,101.316,126.6,126.2,0.06,82.29,101.380,0.04010,,,,
2665,04/17/2026 08:47:07,25.90,8.39,8.39,25.10,101.385,119.4,119.1,0.06,77.58,101.380,0.04697,,,,
2666,04/17/2026 08:49:07,25.87,8.43,8.43,25.08,101.367,120.5,120.3,0.06,78.31,101.380,0.04513,,,,
2667,04/17/2026 08:51:07,25.83,8.45,8.45,25.07,101.367,127.1,126.9,0.06,82.63,101.380,0.04512,,,,
2668,04/17/2026 08:53:07,25.87,8.45,8.45,25.14,101.369,127.1,126.7,0.06,82.61,101.380,0.04534,,,,
2669,04/17/2026 08:55:07,25.92,8.39,8.38,25.17,101.370,129.7,129.2,0.06,84.28,101.380,0.04542,,,,
2670,04/17/2026 08:57:07,25.87,8.42,8.42,25.13,101.386,129.6,129.3,0.06,84.27,101.380,0.04706,,,,
2671,04/17/2026 08:59:07,25.85,8.39,8.39,25.14,101.421,134.0,133.6,0.07,87.08,101.380,0.05058,,,,
2672,04/17/2026 09:01:07,25.75,8.39,8.39,25.08,101.367,132.8,132.5,0.07,86.29,101.380,0.04514,,,,
2673,04/17/2026 09:03:07,25.73,8.44,8.44,25.13,101.404,136.9,136.5,0.07,88.96,101.380,0.04882,,,,
2674,04/17/2026 09:05:07,25.76,8.41,8.40,25.15,101.369,143.7,143.3,0.07,93.41,101.380,0.04536,,,,
2675,04/17/2026 09:07:07,25.73,8.40,8.40,25.13,101.386,135.5,135.1,0.07,88.06,101.380,0.04705,,,,
2676,04/17/2026 09:09:07,25.63,8.44,8.44,25.09,101.332,144.6,144.4,0.07,94.00,101.380,0.04167,,,,
2677,04/17/2026 09:11:07,25.63,8.48,8.47,25.12,101.386,151.8,151.4,0.08,98.68,101.380,0.04703,,,,
2678,04/17/2026 09:13:07,25.76,8.50,8.50,25.20,101.388,156.1,155.4,0.08,101.43,101.380,0.04728,,,,
2679,04/17/2026 09:15:07,25.98,8.44,8.44,25.28,101.373,157.7,156.7,0.08,102.48,101.380,0.04580,,,,
2680,04/17/2026 09:17:07,26.05,8.35,8.35,25.23,101.372,152.6,151.8,0.08,99.17,101.380,0.04564,,,,
2681,04/17/2026 09:19:07,25.90,8.34,8.34,25.20,101.388,159.3,158.7,0.08,103.58,101.380,0.04726,,,,
2682,04/17/2026 09:21:07,25.77,8.42,8.42,25.18,101.405,165.4,164.7,0.08,107.49,101.380,0.04895,,,,
2683,04/17/2026 09:23:07,25.76,8.44,8.44,25.23,101.354,169.5,168.7,0.08,110.18,101.380,0.04389,,,,
2684,04/17/2026 09:25:07,25.82,8.44,8.44,25.32,101.392,181.9,180.7,0.09,118.24,101.380,0.04766,,,,
2685,04/17/2026 09:27:07,25.89,8.38,8.37,25.32,101.374,179.8,178.6,0.09,116.85,101.380,0.04591,,,,
2686,04/17/2026 09:29:07,25.83,8.41,8.41,25.22,101.389,176.6,175.8,0.09,114.79,101.380,0.04735,,,,
2687,04/17/2026 09:31:07,25.81,8.40,8.39,25.18,101.370,188.1,187.4,0.09,122.29,101.380,0.04546,,,,
2688,04/17/2026 09:33:07,25.79,8.40,8.40,25.17,101.370,204.5,203.8,0.10,132.94,101.380,0.04544,,,,
2689,04/17/2026 09:35:07,25.89,8.41,8.40,25.36,101.358,224.5,222.8,0.11,145.91,101.380,0.04428,,,,
2690,04/17/2026 09:37:07,26.04,8.39,8.38,25.47,101.380,238.6,236.2,0.11,155.08,101.380,0.04642,,,,
2691,04/17/2026 09:39:07,26.06,8.34,8.34,25.53,101.364,276.1,273.1,0.13,179.47,101.380,0.04485,,,,
2692,04/17/2026 09:41:07,26.13,8.32,8.31,25.73,101.423,285.6,281.3,0.14,185.66,101.380,0.05075,,,,
2693,04/17/2026 09:43:07,26.27,8.34,8.26,25.80,101.390,3193.6,3140.6,1.64,2075.83,101.380,0.04749,,,,
2694,04/17/2026 09:45:07,26.27,8.38,8.16,25.89,101.446,8603.0,8445.0,4.70,5591.93,101.380,0.05303,,,,
2695,04/17/2026 09:47:07,26.38,8.37,7.25,25.98,101.520,40656.7,39835.1,25.44,26426.86,101.380,0.06034,,,,
2696,04/17/2026 09:49:07,26.49,8.29,7.10,26.02,101.521,43676.9,42762.1,27.53,28389.99,101.380,0.06046,,,,
2697,04/17/2026 09:51:07,26.46,8.25,6.84,26.07,101.558,51730.5,50593.2,33.22,33624.84,101.380,0.06413,,,,
2698,04/17/2026 09:53:07,26.21,8.19,6.80,26.11,101.647,51591.1,50412.7,33.09,33534.24,101.380,0.07303,,,,
2699,04/17/2026 09:55:07,26.12,8.32,6.89,26.14,101.630,52071.4,50853.3,33.42,33846.39,101.380,0.07137,,,,
2700,04/17/2026 09:57:07,26.08,8.19,6.79,26.15,101.754,51679.1,50464.0,33.13,33591.44,101.380,0.08365,,,,
2701,04/17/2026 09:59:07,26.03,8.23,6.83,26.17,101.755,51737.4,50498.8,33.16,33629.28,101.380,0.08372,,,,
2702,04/17/2026 10:01:07,26.11,8.22,6.82,26.20,101.826,51803.8,50528.9,33.18,33672.48,101.380,0.09083,,,,
2703,04/17/2026 10:03:07,26.18,8.20,6.80,26.24,101.845,51823.0,50509.7,33.17,33684.97,101.380,0.09270,,,,
2704,04/17/2026 10:05:07,26.25,8.20,6.80,26.27,101.811,51873.8,50524.5,33.18,33717.94,101.380,0.08931,,,,
2705,04/17/2026 10:07:07,26.30,8.17,6.78,26.30,101.900,51789.1,50416.9,33.10,33662.94,101.380,0.09815,,,,
2706,04/17/2026 10:09:07,26.33,7.99,6.63,26.30,102.005,51848.8,50475.0,33.14,33701.71,101.380,0.10866,,,,
2707,04/17/2026 10:11:07,26.33,7.84,6.50,26.30,102.041,52031.3,50649.5,33.27,33820.34,101.380,0.11217,,,,
2708,04/17/2026 10:13:07,26.34,7.77,6.45,26.29,102.058,51822.0,50452.0,33.13,33684.30,101.380,0.11390,,,,
2709,04/17/2026 10:15:07,26.33,7.54,6.25,26.28,102.110,52056.4,50689.7,33.30,33836.67,101.380,0.11912,,,,
2710,04/17/2026 10:17:07,26.33,7.69,6.37,26.30,102.164,52156.4,50774.4,33.37,33901.66,101.380,0.12442,,,,
2711,04/17/2026 10:19:07,26.35,7.59,6.30,26.32,102.252,51799.6,50401.9,33.09,33669.72,101.380,0.13325,,,,
2712,04/17/2026 10:21:07,26.36,7.68,6.37,26.34,102.235,51826.6,50412.5,33.10,33687.27,101.380,0.13155,,,,
2713,04/17/2026 10:23:07,25.72,8.15,7.05,25.55,102.385,40506.8,40046.5,25.57,26329.39,101.380,0.14646,,,,
2714,04/17/2026 10:24:59,,,,,,,,,,,,Logged,,,
2715,04/17/2026 10:25:07,25.91,7.65,7.65,26.28,101.442,379.9,370.0,0.18,246.96,101.380,0.05258,,,,
2716,04/17/2026 10:27:07,25.41,8.12,8.11,25.87,101.393,368.5,361.9,0.17,239.51,101.380,0.04771,,,,
2717,04/17/2026 10:29:07,25.75,8.31,6.89,26.27,103.835,51767.5,50417.9,33.10,33648.87,101.380,0.29070,,,,
2718,04/17/2026 10:31:07,26.07,8.82,7.32,26.30,103.959,51730.0,50353.1,33.05,33624.52,101.380,0.30305,,,,
2719,04/17/2026 10:33:07,26.22,8.95,7.43,26.31,103.977,51722.2,50332.9,33.04,33619.45,101.380,0.30484,,,,
2720,04/17/2026 10:35:07,26.31,8.79,7.30,26.35,103.996,51760.8,50336.0,33.04,33644.55,101.380,0.30671,,,,
2721,04/17/2026 10:37:07,26.37,8.66,7.19,26.37,104.067,51774.9,50330.8,33.04,33653.68,101.380,0.31377,,,,
2722,04/17/2026 10:39:07,26.41,8.58,7.13,26.39,104.085,51723.8,50259.2,32.99,33620.48,101.380,0.31560,,,,
2723,04/17/2026 10:41:07,26.43,8.61,7.15,26.39,104.138,51783.1,50310.5,33.03,33659.00,101.380,0.32087,,,,
2724,04/17/2026 10:43:07,26.44,8.28,6.88,26.42,104.192,51803.8,50308.7,33.03,33672.44,101.380,0.32620,,,,
2725,04/17/2026 10:45:07,26.48,8.09,6.72,26.46,104.229,51824.1,50278.3,33.01,33685.64,101.380,0.32986,,,,
2726,04/17/2026 10:47:07,26.50,8.19,6.80,26.46,104.229,51829.5,50286.7,33.01,33689.18,101.380,0.32985,,,,
2727,04/17/2026 10:49:07,26.52,8.34,6.93,26.48,104.282,51869.0,50303.1,33.03,33714.85,101.380,0.33518,,,,
2728,04/17/2026 10:51:07,26.53,8.18,6.79,26.49,104.353,51845.1,50273.7,33.00,33699.33,101.380,0.34220,,,,
2729,04/17/2026 10:53:07,26.53,8.21,6.82,26.49,104.511,51833.4,50265.5,33.00,33691.72,101.380,0.35795,,,,
2730,04/17/2026 10:55:07,26.53,8.43,7.00,26.48,104.476,51835.8,50270.9,33.00,33693.25,101.380,0.35444,,,,
2731,04/17/2026 10:57:07,26.54,8.34,6.92,26.49,104.529,51837.7,50263.4,33.00,33694.49,101.380,0.35973,,,,
2732,04/17/2026 10:59:07,26.54,8.36,6.95,26.50,104.547,51872.1,50287.3,33.01,33716.85,101.380,0.36151,,,,
2733,04/17/2026 11:01:07,26.55,8.22,6.83,26.51,104.600,51886.5,50288.8,33.02,33726.23,101.380,0.36680,,,,
2734,04/17/2026 11:03:07,26.57,8.21,6.82,26.53,104.724,51885.3,50272.0,33.00,33725.46,101.380,0.37911,,,,
2735,04/17/2026 11:05:07,26.57,8.21,6.82,26.53,104.742,51933.9,50312.8,33.03,33757.00,101.380,0.38088,,,,
2736,04/17/2026 11:07:07,26.58,8.30,6.90,26.54,104.847,51896.7,50270.5,33.00,33732.84,101.380,0.39141,,,,
2737,04/17/2026 11:09:07,26.59,8.43,7.01,26.55,104.830,51866.2,50231.6,32.98,33713.01,101.380,0.38969,,,,
2738,04/17/2026 11:11:07,26.60,8.47,7.04,26.56,104.883,51924.9,50279.1,33.01,33751.16,101.380,0.39498,,,,
2739,04/17/2026 11:13:07,26.61,8.48,7.04,26.57,105.025,51941.3,50279.4,33.01,33761.86,101.380,0.40904,,,,
2740,04/17/2026 11:15:07,26.62,8.48,7.05,26.57,104.989,51929.6,50268.0,33.00,33754.25,101.380,0.40554,,,,
2741,04/17/2026 11:17:07,26.61,8.36,6.95,26.57,105.077,51884.5,50230.6,32.98,33724.92,101.380,0.41427,,,,
2742,04/17/2026 11:19:07,26.62,8.46,7.02,26.57,105.165,51945.9,50283.8,33.01,33764.84,101.380,0.42305,,,,
2743,04/17/2026 11:21:07,26.64,8.49,7.05,26.60,105.219,51991.8,50297.0,33.03,33794.67,101.380,0.42841,,,,
2744,04/17/2026 11:23:07,26.65,8.65,7.19,26.60,105.343,51972.6,50278.4,33.01,33782.18,101.380,0.44066,,,,
2745,04/17/2026 11:25:07,26.65,8.54,7.10,26.60,105.377,51944.7,50260.8,33.00,33764.06,101.380,0.44414,,,,
2746,04/17/2026 11:27:07,26.65,8.49,7.06,26.60,105.466,51974.4,50286.4,33.02,33783.37,101.380,0.45290,,,,
2747,04/17/2026 11:29:07,26.65,8.43,7.00,26.61,105.519,51988.2,50284.1,33.02,33792.34,101.380,0.45821,,,,
2748,04/17/2026 11:31:07,26.65,8.47,7.04,26.61,105.483,51974.1,50276.7,33.01,33783.17,101.380,0.45469,,,,
2749,04/17/2026 11:33:07,26.65,8.59,7.14,26.59,105.641,52017.6,50334.5,33.05,33811.46,101.380,0.47040,,,,
2750,04/17/2026 11:35:07,26.66,8.64,7.17,26.61,105.800,51980.7,50280.0,33.01,33787.46,101.380,0.48622,,,,
2751,04/17/2026 11:37:07,26.66,8.40,6.98,26.62,105.695,52016.4,50302.1,33.03,33810.69,101.380,0.47575,,,,
2752,04/17/2026 11:39:07,26.67,8.66,7.19,26.62,105.801,51994.8,50281.2,33.01,33796.63,101.380,0.48626,,,,
2753,04/17/2026 11:41:07,26.67,8.73,7.25,26.63,105.836,52008.1,50290.8,33.02,33805.23,101.380,0.48977,,,,
2754,04/17/2026 11:43:07,26.67,8.63,7.17,26.62,105.871,52010.1,50299.1,33.03,33806.59,101.380,0.49325,,,,
2755,04/17/2026 11:45:07,26.66,8.45,7.02,26.62,105.977,51985.8,50278.7,33.01,33790.78,101.380,0.50375,,,,
2756,04/17/2026 11:47:07,26.67,8.69,7.21,26.64,106.013,52041.1,50307.2,33.03,33826.71,101.380,0.50734,,,,
2757,04/17/2026 11:49:07,26.70,8.66,7.19,26.66,106.066,52046.5,50293.6,33.03,33830.22,101.380,0.51266,,,,
2758,04/17/2026 11:51:07,26.72,8.94,7.42,26.69,106.243,52085.9,50303.7,33.03,33855.84,101.380,0.53026,,,,
2759,04/17/2026 11:53:07,26.74,8.85,7.35,26.71,106.297,52118.1,50312.9,33.04,33876.78,101.380,0.53559,,,,
2760,04/17/2026 11:55:07,26.77,8.85,7.36,26.73,106.280,52100.3,50270.8,33.01,33865.23,101.380,0.53392,,,,
2761,04/17/2026 11:57:07,26.78,8.78,7.29,26.76,106.298,52142.5,50283.4,33.02,33892.65,101.380,0.53577,,,,
2762,04/17/2026 11:59:07,26.81,8.90,7.39,26.78,106.246,52161.8,50283.3,33.02,33905.20,101.380,0.53058,,,,
2763,04/17/2026 12:01:07,26.82,8.95,7.43,26.80,106.476,52187.8,50286.5,33.03,33922.05,101.380,0.55342,,,,
2764,04/17/2026 12:03:07,26.85,9.13,7.59,26.83,106.424,52206.8,50273.8,33.02,33934.44,101.380,0.54827,,,,
2765,04/17/2026 12:05:07,26.88,9.25,7.68,26.84,106.512,52263.7,50319.1,33.05,33971.39,101.380,0.55705,,,,
2766,04/17/2026 12:07:07,26.89,9.29,7.72,26.86,106.601,52246.8,50281.1,33.02,33960.39,101.380,0.56588,,,,
2767,04/17/2026 12:09:07,26.91,9.22,7.66,26.90,106.673,52288.2,50286.7,33.03,33987.33,101.380,0.57301,,,,
2768,04/17/2026 12:11:07,26.94,9.36,7.77,26.93,106.656,52332.2,50297.8,33.04,34015.90,101.380,0.57136,,,,
2769,04/17/2026 12:13:07,26.98,9.46,7.86,26.96,106.746,52320.6,50249.4,33.00,34008.39,101.380,0.58024,,,,
2770,04/17/2026 12:15:07,27.01,9.42,7.83,26.99,106.764,52375.1,50273.9,33.02,34043.84,101.380,0.58209,,,,
2771,04/17/2026 12:17:07,27.03,9.28,7.71,27.01,106.906,52388.2,50261.5,33.02,34052.30,101.380,0.59618,,,,
2772,04/17/2026 12:19:07,27.06,9.49,7.89,27.05,106.995,52411.1,50252.5,33.01,34067.24,101.380,0.60505,,,,
2773,04/17/2026 12:21:07,27.10,9.35,7.77,27.09,106.891,52479.9,50275.0,33.03,34111.96,101.380,0.59468,,,,
2774,04/17/2026 12:23:07,27.13,9.49,7.89,27.12,107.033,52478.7,50242.7,33.01,34111.14,101.380,0.60880,,,,
2775,04/17/2026 12:25:07,27.17,9.40,7.82,27.14,107.156,52473.7,50219.4,32.99,34107.89,101.380,0.62113,,,,
2776,04/17/2026 12:27:07,27.20,9.44,7.84,27.16,107.175,52516.4,50238.6,33.00,34135.69,101.380,0.62295,,,,
2777,04/17/2026 12:29:07,27.21,9.49,7.89,27.16,107.298,52493.0,50219.3,32.99,34120.45,101.380,0.63520,,,,
2778,04/17/2026 12:31:07,27.21,10.22,8.49,27.17,107.316,52547.8,50259.3,33.02,34156.06,101.380,0.63699,,,,
2779,04/17/2026 12:33:07,27.21,11.26,9.36,27.17,107.369,52542.6,50251.2,33.01,34152.68,101.380,0.64226,,,,
2780,04/17/2026 12:35:07,27.21,11.64,9.68,27.17,107.369,52537.2,50246.1,33.01,34149.20,101.380,0.64226,,,,
2781,04/17/2026 12:37:07,27.22,11.81,9.82,27.20,107.458,52606.4,50287.5,33.04,34194.19,101.380,0.65110,,,,
2782,04/17/2026 12:39:07,27.22,11.97,9.95,27.17,107.527,52579.0,50286.1,33.04,34176.35,101.380,0.65802,,,,
2783,04/17/2026 12:41:07,27.21,11.89,9.88,27.17,107.598,52573.9,50278.1,33.03,34173.06,101.380,0.66504,,,,
2784,04/17/2026 12:43:07,27.22,11.97,9.95,27.18,107.686,52556.8,50252.4,33.01,34161.90,101.380,0.67383,,,,
2785,04/17/2026 12:45:07,27.23,11.21,9.31,27.21,107.687,52623.2,50294.2,33.05,34205.08,101.380,0.67390,,,,
2786,04/17/2026 12:47:07,27.25,11.41,9.48,27.21,107.881,52639.0,50300.0,33.05,34215.34,101.380,0.69320,,,,
2787,04/17/2026 12:49:07,27.25,11.57,9.62,27.21,107.863,52571.1,50238.3,33.01,34171.23,101.380,0.69144,,,,
2788,04/17/2026 12:51:07,27.25,11.44,9.51,27.21,108.004,52609.1,50274.6,33.03,34195.93,101.380,0.70545,,,,
2789,04/17/2026 12:53:07,27.25,11.79,9.80,27.21,108.004,52653.4,50320.0,33.07,34224.68,101.380,0.70544,,,,
2790,04/17/2026 12:55:07,27.25,12.21,10.14,27.20,108.039,52673.0,50348.0,33.09,34237.43,101.380,0.70891,,,,
2791,04/17/2026 12:57:07,27.23,12.34,10.26,27.17,108.108,52584.3,50291.2,33.04,34179.82,101.380,0.71582,,,,
2792,04/17/2026 12:59:07,27.22,12.63,10.49,27.17,108.126,52575.2,50282.4,33.04,34173.88,101.380,0.71757,,,,
2793,04/17/2026 13:01:07,27.21,12.45,10.35,27.15,108.143,52614.3,50338.5,33.08,34199.31,101.380,0.71926,,,,
2794,04/17/2026 13:03:07,27.21,12.38,10.29,27.17,108.267,52686.0,50391.4,33.12,34245.88,101.380,0.73157,,,,
2795,04/17/2026 13:05:07,27.20,12.27,10.20,27.16,108.214,52546.5,50267.4,33.02,34155.24,101.380,0.72629,,,,
2796,04/17/2026 13:07:07,27.20,12.78,10.62,27.16,108.178,52627.2,50344.5,33.08,34207.65,101.380,0.72278,,,,
2797,04/17/2026 13:09:07,27.20,12.80,10.64,27.18,108.373,52576.5,50277.4,33.03,34174.71,101.380,0.74211,,,,
2798,04/17/2026 13:11:07,27.22,12.86,10.68,27.20,108.444,52669.1,50341.2,33.08,34234.95,101.380,0.74921,,,,
2799,04/17/2026 13:13:07,27.27,12.74,10.59,27.23,108.410,52727.9,50366.4,33.10,34273.14,101.380,0.74581,,,,
2800,04/17/2026 13:15:07,27.29,12.86,10.69,27.25,108.446,52713.4,50337.0,33.08,34263.70,101.380,0.74937,,,,
2801,04/17/2026 13:17:07,27.31,13.04,10.84,27.27,108.482,52703.1,50302.3,33.05,34256.98,101.380,0.75295,,,,
2802,04/17/2026 13:19:07,27.32,12.71,10.56,27.27,108.605,52769.9,50372.3,33.11,34300.43,101.380,0.76519,,,,
2803,04/17/2026 13:21:07,27.32,13.10,10.89,27.27,108.499,52763.3,50362.9,33.10,34296.13,101.380,0.75470,,,,
2804,04/17/2026 13:23:07,27.32,13.38,11.12,27.28,108.658,52731.9,50320.5,33.07,34275.71,101.380,0.77050,,,,
2805,04/17/2026 13:25:07,27.32,13.34,11.09,27.28,108.640,52813.2,50398.2,33.13,34328.58,101.380,0.76875,,,,
2806,04/17/2026 13:27:07,27.32,13.48,11.20,27.28,108.763,52739.8,50334.3,33.08,34280.84,101.380,0.78099,,,,
2807,04/17/2026 13:29:07,27.31,13.31,11.06,27.25,108.639,52725.5,50342.3,33.08,34271.55,101.380,0.76865,,,,
2808,04/17/2026 13:31:07,27.30,13.42,11.15,27.25,108.692,52751.4,50373.3,33.11,34288.41,101.380,0.77389,,,,
2809,04/17/2026 13:33:07,27.29,13.40,11.13,27.25,108.692,52750.2,50365.9,33.10,34287.64,101.380,0.77391,,,,
2810,04/17/2026 13:35:07,27.28,13.23,10.99,27.22,108.779,52729.3,50380.1,33.11,34274.04,101.380,0.78255,,,,
2811,04/17/2026 13:37:07,27.25,13.37,11.11,27.21,108.920,52756.8,50418.9,33.14,34291.95,101.380,0.79652,,,,
2812,04/17/2026 13:39:07,27.25,13.38,11.11,27.20,108.955,52725.5,50395.1,33.12,34271.55,101.380,0.80000,,,,
2813,04/17/2026 13:41:07,27.26,13.37,11.11,27.21,109.061,52684.8,50343.8,33.08,34245.13,101.380,0.81055,,,,
2814,04/17/2026 13:43:07,27.25,13.37,11.11,27.21,109.060,52717.4,50384.3,33.11,34266.34,101.380,0.81052,,,,
2815,04/17/2026 13:45:07,27.23,13.34,11.08,27.19,109.095,52601.4,50285.7,33.04,34190.90,101.380,0.81398,,,,
2816,04/17/2026 13:47:07,27.24,13.04,10.84,27.20,109.166,52639.1,50312.5,33.06,34215.43,101.380,0.82102,,,,
2817,04/17/2026 13:49:07,27.25,12.65,10.51,27.20,109.236,52700.5,50377.4,33.11,34255.32,101.380,0.82800,,,,
2818,04/17/2026 13:51:07,27.25,13.19,10.96,27.20,109.166,52680.9,50358.6,33.09,34242.56,101.380,0.82100,,,,
2819,04/17/2026 13:53:07,27.26,13.36,11.10,27.21,109.324,52654.9,50321.4,33.07,34225.68,101.380,0.83680,,,,
2820,04/17/2026 13:55:07,27.25,13.38,11.12,27.20,109.324,52662.8,50335.2,33.08,34230.81,101.380,0.83678,,,,
2821,04/17/2026 13:57:07,27.26,13.21,10.97,27.21,109.307,52725.3,50382.5,33.11,34271.48,101.380,0.83507,,,,
2822,04/17/2026 13:59:07,27.26,12.98,10.78,27.22,109.395,52739.8,50390.1,33.12,34280.84,101.380,0.84385,,,,
2823,04/17/2026 14:01:07,27.27,12.85,10.68,27.24,109.484,52661.5,50299.8,33.05,34229.98,101.380,0.85266,,,,
2824,04/17/2026 14:03:07,27.29,11.91,9.90,27.24,109.590,52652.2,50284.8,33.04,34223.94,101.380,0.86319,,,,
2825,04/17/2026 14:05:07,27.29,12.15,10.09,27.25,109.555,52790.9,50411.0,33.13,34314.05,101.380,0.85971,,,,
2826,04/17/2026 14:07:07,27.30,12.22,10.15,27.26,109.502,52787.0,50398.0,33.12,34311.54,101.380,0.85449,,,,
2827,04/17/2026 14:09:07,27.31,12.20,10.14,27.27,109.555,52758.0,50361.0,33.10,34292.72,101.380,0.85978,,,,
2828,04/17/2026 14:11:07,27.32,12.27,10.19,27.26,109.590,52721.5,50335.4,33.08,34268.98,101.380,0.86325,,,,
2829,04/17/2026 14:13:07,27.31,12.24,10.17,27.25,109.590,52730.8,50347.4,33.09,34275.01,101.380,0.86324,,,,
2830,04/17/2026 14:15:07,27.29,12.15,10.09,27.23,109.642,52717.7,50359.7,33.10,34266.48,101.380,0.86840,,,,
2831,04/17/2026 14:17:07,27.29,12.35,10.27,27.23,109.607,52636.7,50282.3,33.04,34213.86,101.380,0.86490,,,,
2832,04/17/2026 14:19:07,27.29,12.38,10.29,27.23,109.730,52732.2,50373.5,33.11,34275.91,101.380,0.87716,,,,
2833,04/17/2026 14:21:07,27.29,12.51,10.40,27.22,109.642,52749.0,50395.9,33.12,34286.88,101.380,0.86838,,,,
2834,04/17/2026 14:23:07,27.29,12.11,10.06,27.23,109.801,52734.7,50372.9,33.11,34277.57,101.380,0.88418,,,,
2835,04/17/2026 14:25:07,27.29,12.51,10.39,27.24,109.607,52780.6,50413.5,33.14,34307.36,101.380,0.86492,,,,
2836,04/17/2026 14:27:07,27.31,12.49,10.38,27.26,109.837,52789.7,50394.4,33.12,34313.33,101.380,0.88779,,,,
2837,04/17/2026 14:29:07,27.31,12.48,10.37,27.25,109.784,52712.5,50333.1,33.08,34263.15,101.380,0.88249,,,,
2838,04/17/2026 14:31:07,27.31,12.34,10.25,27.26,109.749,52772.6,50384.3,33.11,34302.22,101.380,0.87901,,,,
2839,04/17/2026 14:33:07,27.34,12.46,10.35,27.31,109.821,52825.1,50384.7,33.12,34336.30,101.380,0.88619,,,,
2840,04/17/2026 14:35:07,27.35,12.52,10.40,27.32,109.698,52825.2,50369.2,33.11,34336.35,101.380,0.87398,,,,
2841,04/17/2026 14:37:07,27.39,12.55,10.43,27.37,109.700,52886.9,50378.5,33.11,34376.51,101.380,0.87415,,,,
2842,04/17/2026 14:39:07,27.41,12.61,10.48,27.38,109.823,52893.5,50375.5,33.11,34380.77,101.380,0.88645,,,,
2843,04/17/2026 14:41:07,27.42,12.49,10.38,27.40,109.842,52880.3,50347.4,33.09,34372.17,101.380,0.88825,,,,
2844,04/17/2026 14:43:07,27.45,12.58,10.46,27.42,109.790,52979.1,50413.6,33.14,34436.38,101.380,0.88309,,,,
2845,04/17/2026 14:45:07,27.49,12.86,10.68,27.46,109.879,52972.5,50370.2,33.11,34432.10,101.380,0.89198,,,,
2846,04/17/2026 14:47:07,27.49,13.03,10.83,27.45,109.861,52973.8,50383.8,33.12,34432.98,101.380,0.89019,,,,
2847,04/17/2026 14:49:07,27.50,12.07,10.03,27.45,109.879,52915.8,50328.6,33.08,34395.25,101.380,0.89194,,,,
2848,04/17/2026 14:51:07,27.51,13.10,10.89,27.46,109.967,52989.6,50383.3,33.12,34443.23,101.380,0.90075,,,,
2849,04/17/2026 14:53:07,27.50,13.52,11.23,27.45,109.967,53005.4,50407.7,33.14,34453.54,101.380,0.90072,,,,
2850,04/17/2026 14:55:07,27.50,13.52,11.23,27.46,110.037,53035.8,50433.5,33.16,34473.28,101.380,0.90774,,,,
2851,04/17/2026 14:57:07,27.51,12.31,10.23,27.46,110.002,53031.9,50426.6,33.15,34470.71,101.380,0.90424,,,,
2852,04/17/2026 14:59:07,27.52,13.19,10.96,27.48,110.109,53039.8,50418.7,33.15,34475.86,101.380,0.91481,,,,
2853,04/17/2026 15:01:07,27.53,12.07,10.03,27.48,110.038,53041.1,50410.7,33.14,34476.72,101.380,0.90783,,,,
2854,04/17/2026 15:03:07,27.54,11.92,9.91,27.49,110.074,53006.8,50371.8,33.11,34454.40,101.380,0.91136,,,,
2855,04/17/2026 15:05:07,27.55,11.58,9.62,27.51,110.127,53058.3,50399.1,33.13,34487.89,101.380,0.91669,,,,
2856,04/17/2026 15:07:07,27.56,11.52,9.57,27.52,110.128,53076.8,50413.6,33.15,34499.93,101.380,0.91670,,,,
2857,04/17/2026 15:09:07,27.56,11.37,9.45,27.51,110.127,53072.9,50413.0,33.15,34497.36,101.380,0.91669,,,,
2858,04/17/2026 15:11:07,27.57,11.39,9.47,27.53,110.181,53095.4,50415.8,33.15,34511.99,101.380,0.92201,,,,
2859,04/17/2026 15:13:07,27.58,11.29,9.38,27.52,110.093,53103.3,50429.5,33.16,34517.16,101.380,0.91323,,,,
2860,04/17/2026 15:15:07,27.57,11.57,9.62,27.51,110.110,53091.4,50433.7,33.16,34509.41,101.380,0.91493,,,,
2861,04/17/2026 15:17:07,27.55,11.53,9.58,27.49,110.092,53109.9,50466.8,33.18,34521.46,101.380,0.91312,,,,
2862,04/17/2026 15:19:07,27.57,11.28,9.37,27.53,110.110,53153.7,50474.3,33.19,34549.92,101.380,0.91499,,,,
2863,04/17/2026 15:21:07,27.58,11.35,9.43,27.55,110.182,53198.9,50495.5,33.21,34579.28,101.380,0.92207,,,,
2864,04/17/2026 15:23:07,27.60,11.43,9.49,27.57,110.147,53200.2,50478.2,33.20,34580.16,101.380,0.91863,,,,
2865,04/17/2026 15:25:07,27.62,11.37,9.45,27.58,110.130,53208.2,50476.4,33.19,34585.30,101.380,0.91691,,,,
2866,04/17/2026 15:27:07,27.62,11.37,9.44,27.57,110.094,53233.5,50509.7,33.22,34601.76,101.380,0.91338,,,,
2867,04/17/2026 15:29:07,27.62,11.35,9.43,27.57,110.094,53204.1,50478.8,33.20,34582.70,101.380,0.91339,,,,
2868,04/17/2026 15:31:07,27.61,11.30,9.39,27.56,110.059,53253.4,50541.0,33.24,34614.71,101.380,0.90983,,,,
2869,04/17/2026 15:33:07,27.61,11.33,9.41,27.56,110.076,53221.4,50507.6,33.22,34593.94,101.380,0.91160,,,,
2870,04/17/2026 15:35:07,27.61,11.32,9.40,27.56,109.918,53284.1,50567.0,33.26,34634.66,101.380,0.89583,,,,
2871,04/17/2026 15:37:07,27.59,11.26,9.35,27.54,109.987,53288.1,50592.6,33.28,34637.26,101.380,0.90276,,,,
2872,04/17/2026 15:39:07,27.59,11.29,9.38,27.53,109.846,53260.0,50569.0,33.26,34619.02,101.380,0.88874,,,,
2873,04/17/2026 15:41:07,27.58,11.28,9.37,27.52,109.828,53269.4,50590.4,33.28,34625.14,101.380,0.88694,,,,
2874,04/17/2026 15:43:07,27.57,11.35,9.43,27.52,109.881,53273.5,50594.2,33.28,34627.77,101.380,0.89220,,,,
2875,04/17/2026 15:45:07,27.58,11.31,9.39,27.52,109.828,53254.8,50576.4,33.27,34615.61,101.380,0.88694,,,,
2876,04/17/2026 15:47:07,27.57,11.35,9.43,27.52,109.863,53218.8,50548.5,33.25,34592.20,101.380,0.89042,,,,
2877,04/17/2026 15:49:07,27.56,11.39,9.46,27.51,109.810,53264.1,50597.7,33.28,34621.66,101.380,0.88515,,,,
2878,04/17/2026 15:51:07,27.57,11.38,9.45,27.52,109.758,53296.1,50621.9,33.30,34642.48,101.380,0.87991,,,,
2879,04/17/2026 15:53:07,27.57,11.37,9.44,27.52,109.776,53281.5,50601.8,33.28,34632.95,101.380,0.88169,,,,
2880,04/17/2026 15:55:07,27.58,11.41,9.48,27.54,109.688,53329.5,50631.9,33.31,34664.19,101.380,0.87298,,,,
2881,04/17/2026 15:57:07,27.58,11.35,9.42,27.53,109.758,53276.2,50587.5,33.27,34629.52,101.380,0.87997,,,,
2882,04/17/2026 15:59:07,27.59,11.36,9.44,27.53,109.723,53276.1,50587.4,33.27,34629.44,101.380,0.87647,,,,
2883,04/17/2026 16:01:07,27.58,11.34,9.42,27.53,109.776,53292.1,50602.6,33.29,34639.85,101.380,0.88172,,,,
2884,04/17/2026 16:03:07,27.59,11.38,9.45,27.54,109.724,53294.8,50592.7,33.28,34641.60,101.380,0.87651,,,,
2885,04/17/2026 16:05:07,27.59,11.35,9.42,27.54,109.829,53308.1,50605.3,33.29,34650.25,101.380,0.88702,,,,
2886,04/17/2026 16:07:07,27.60,11.41,9.48,27.55,109.829,53261.4,50554.8,33.25,34619.92,101.380,0.88704,,,,
2887,04/17/2026 16:09:07,27.60,11.35,9.42,27.55,109.812,53345.4,50637.6,33.31,34674.52,101.380,0.88528,,,,
2888,04/17/2026 16:11:07,27.60,11.39,9.46,27.56,109.654,53289.3,50575.1,33.27,34638.05,101.380,0.86955,,,,
2889,04/17/2026 16:13:07,27.60,11.34,9.42,27.55,109.812,53345.5,50631.5,33.31,34674.57,101.380,0.88530,,,,
2890,04/17/2026 16:15:07,27.61,11.26,9.35,27.56,109.671,53293.4,50579.0,33.27,34640.72,101.380,0.87130,,,,
2891,04/17/2026 16:17:07,27.62,11.35,9.42,27.56,109.707,53340.1,50620.2,33.30,34671.09,101.380,0.87481,,,,
2892,04/17/2026 16:19:07,27.61,11.38,9.45,27.57,109.725,53398.9,50660.5,33.33,34709.29,101.380,0.87662,,,,
2893,04/17/2026 16:21:07,27.61,11.33,9.40,27.57,109.707,53389.6,50651.6,33.32,34703.22,101.380,0.87487,,,,
2894,04/17/2026 16:23:07,27.62,11.35,9.43,27.57,109.672,53356.3,50626.2,33.30,34681.57,101.380,0.87134,,,,
2895,04/17/2026 16:25:07,27.63,11.28,9.36,27.57,109.637,53312.1,50578.1,33.27,34652.84,101.380,0.86786,,,,
2896,04/17/2026 16:27:07,27.62,11.17,9.28,27.57,109.566,53362.9,50629.4,33.31,34685.88,101.380,0.86084,,,,
2897,04/17/2026 16:29:07,27.63,11.14,9.25,27.57,109.566,53338.8,50603.4,33.29,34670.21,101.380,0.86085,,,,
2898,04/17/2026 16:31:07,27.62,11.05,9.18,27.56,109.425,53310.9,50589.3,33.28,34652.05,101.380,0.84680,,,,
2899,04/17/2026 16:33:07,27.62,11.22,9.31,27.56,109.407,53364.3,50637.0,33.31,34686.82,101.380,0.84506,,,,
2900,04/17/2026 16:35:07,27.62,11.34,9.42,27.57,109.302,53374.9,50640.7,33.32,34693.66,101.380,0.83457,,,,
2901,04/17/2026 16:37:07,27.62,11.18,9.28,27.57,109.408,53386.8,50655.2,33.33,34701.45,101.380,0.84507,,,,
2902,04/17/2026 16:39:07,27.62,11.11,9.22,27.56,109.354,53358.8,50634.8,33.31,34683.23,101.380,0.83979,,,,
2903,04/17/2026 16:41:07,27.62,11.14,9.25,27.56,109.425,53372.2,50647.6,33.32,34691.95,101.380,0.84680,,,,
2904,04/17/2026 16:43:07,27.61,11.09,9.21,27.56,109.231,53333.4,50607.6,33.29,34666.73,101.380,0.82754,,,,
2905,04/17/2026 16:45:07,27.62,11.01,9.14,27.56,109.108,53340.1,50617.1,33.30,34671.09,101.380,0.81527,,,,
2906,04/17/2026 16:47:07,27.60,11.02,9.15,27.56,109.037,53333.4,50617.0,33.30,34666.73,101.380,0.80824,,,,
2907,04/17/2026 16:49:07,27.60,10.96,9.10,27.55,109.178,53352.3,50637.9,33.31,34678.97,101.380,0.82224,,,,
2908,04/17/2026 16:51:07,27.60,11.10,9.21,27.54,109.055,53342.8,50638.2,33.31,34672.80,101.380,0.80995,,,,
2909,04/17/2026 16:53:07,27.59,11.29,9.37,27.54,109.037,53341.4,50637.0,33.31,34671.93,101.380,0.80820,,,,
2910,04/17/2026 16:55:07,27.59,11.30,9.38,27.55,109.002,53364.2,50655.4,33.33,34686.71,101.380,0.80470,,,,
2911,04/17/2026 16:57:07,27.59,11.21,9.30,27.55,108.931,53304.1,50598.4,33.28,34647.66,101.380,0.79770,,,,
2912,04/17/2026 16:59:07,27.59,11.14,9.25,27.54,108.843,53330.8,50630.0,33.31,34665.02,101.380,0.78892,,,,
2913,04/17/2026 17:01:07,27.59,10.97,9.10,27.52,108.825,53325.5,50640.4,33.31,34661.55,101.380,0.78711,,,,
2914,04/17/2026 17:03:07,27.58,10.96,9.10,27.52,108.825,53274.8,50595.4,33.28,34628.60,101.380,0.78710,,,,
2915,04/17/2026 17:05:07,27.58,10.86,9.02,27.51,108.736,53298.8,50627.6,33.30,34644.23,101.380,0.77831,,,,
2916,04/17/2026 17:07:07,27.57,11.05,9.18,27.53,108.649,53284.1,50598.1,33.28,34634.66,101.380,0.76961,,,,
2917,04/17/2026 17:09:07,27.58,11.03,9.16,27.53,108.702,53310.9,50620.4,33.30,34652.05,101.380,0.77487,,,,
2918,04/17/2026 17:11:07,27.58,11.04,9.16,27.52,108.649,53341.6,50655.8,33.32,34672.02,101.380,0.76960,,,,
2919,04/17/2026 17:13:07,27.57,11.14,9.25,27.53,108.596,53288.1,50598.8,33.28,34637.26,101.380,0.76436,,,,
2920,04/17/2026 17:15:07,27.57,11.11,9.23,27.53,108.649,53330.8,50642.4,33.32,34665.02,101.380,0.76961,,,,
2921,04/17/2026 17:17:07,27.57,11.16,9.26,27.52,108.614,53296.1,50612.6,33.29,34642.48,101.380,0.76609,,,,
2922,04/17/2026 17:19:07,27.57,11.18,9.28,27.53,108.667,53344.1,50648.9,33.32,34673.68,101.380,0.77138,,,,
2923,04/17/2026 17:21:07,27.58,11.20,9.30,27.54,108.579,53340.2,50642.0,33.32,34671.14,101.380,0.76263,,,,
2924,04/17/2026 17:23:07,27.58,11.09,9.21,27.53,108.614,53360.2,50664.1,33.33,34684.11,101.380,0.76613,,,,
2925,04/17/2026 17:25:07,27.57,10.86,9.02,27.51,108.490,53293.5,50628.7,33.30,34640.76,101.380,0.75377,,,,
2926,04/17/2026 17:27:07,27.56,10.92,9.07,27.49,108.384,53265.5,50614.6,33.29,34622.55,101.380,0.74322,,,,
2927,04/17/2026 17:29:07,27.54,10.84,9.00,27.48,108.507,53252.2,50614.3,33.29,34613.90,101.380,0.75543,,,,
2928,04/17/2026 17:31:07,27.53,10.89,9.04,27.49,108.419,53288.0,50642.2,33.31,34637.21,101.380,0.74670,,,,
2929,04/17/2026 17:33:07,27.53,10.96,9.10,27.49,108.348,53252.1,50608.1,33.29,34613.86,101.380,0.73969,,,,
2930,04/17/2026 17:35:07,27.53,10.73,8.91,27.47,108.383,53232.1,50610.8,33.29,34600.86,101.380,0.74312,,,,
2931,04/17/2026 17:37:07,27.51,10.84,9.00,27.46,108.312,53265.4,50651.8,33.32,34622.52,101.380,0.73608,,,,
2932,04/17/2026 17:39:07,27.51,10.86,9.02,27.46,108.295,53232.1,50614.0,33.29,34600.89,101.380,0.73435,,,,
2933,04/17/2026 17:41:07,27.51,10.88,9.03,27.46,108.101,53233.5,50615.2,33.29,34601.76,101.380,0.71508,,,,
2934,04/17/2026 17:43:07,27.50,10.84,9.00,27.45,108.083,53212.2,50607.4,33.29,34587.92,101.380,0.71329,,,,
2935,04/17/2026 17:45:07,27.50,10.74,8.92,27.44,108.100,53244.1,50653.4,33.32,34608.69,101.380,0.71499,,,,
2936,04/17/2026 17:47:07,27.47,10.68,8.87,27.42,108.064,53177.6,50602.5,33.28,34565.44,101.380,0.71144,,,,
2937,04/17/2026 17:49:07,27.47,10.62,8.82,27.40,108.099,53221.5,50662.9,33.33,34593.96,101.380,0.71488,,,,
2938,04/17/2026 17:51:07,27.46,10.56,8.77,27.40,108.028,53148.4,50602.7,33.28,34546.47,101.380,0.70784,,,,
2939,04/17/2026 17:53:07,27.45,10.59,8.79,27.40,107.940,53165.6,50619.1,33.29,34557.67,101.380,0.69908,,,,
2940,04/17/2026 17:55:07,27.45,10.59,8.79,27.40,107.905,53205.5,50657.1,33.32,34583.59,101.380,0.69558,,,,
2941,04/17/2026 17:57:07,27.43,10.53,8.74,27.39,107.781,53090.1,50553.4,33.24,34508.55,101.380,0.68330,,,,
2942,04/17/2026 17:59:07,27.43,10.54,8.75,27.39,107.764,53135.1,50599.4,33.28,34537.84,101.380,0.68154,,,,
2943,04/17/2026 18:01:07,27.43,10.43,8.66,27.38,107.693,53151.1,50620.8,33.29,34548.20,101.380,0.67451,,,,
2944,04/17/2026 18:03:07,27.43,10.40,8.64,27.37,107.658,53165.7,50644.1,33.31,34557.70,101.380,0.67097,,,,
2945,04/17/2026 18:05:07,27.41,10.40,8.63,27.37,107.569,53206.9,50686.4,33.34,34584.48,101.380,0.66221,,,,
2946,04/17/2026 18:07:07,27.41,10.28,8.54,27.36,107.551,53099.3,50593.3,33.27,34514.57,101.380,0.66042,,,,
2947,04/17/2026 18:09:07,27.40,10.28,8.54,27.35,107.498,53092.7,50599.5,33.28,34510.27,101.380,0.65512,,,,
2948,04/17/2026 18:11:07,27.39,10.19,8.46,27.34,107.445,53112.6,50624.6,33.30,34523.18,101.380,0.64985,,,,
2949,04/17/2026 18:13:07,27.39,10.15,8.42,27.33,107.339,53145.8,50665.6,33.33,34544.74,101.380,0.63931,,,,
2950,04/17/2026 18:15:07,27.36,10.01,8.31,27.31,107.338,53022.6,50573.0,33.26,34464.68,101.380,0.63922,,,,
2951,04/17/2026 18:17:07,27.34,9.95,8.26,27.28,107.179,53026.6,50601.8,33.28,34467.26,101.380,0.62337,,,,
2952,04/17/2026 18:19:07,27.32,9.91,8.22,27.25,107.178,53047.7,50653.1,33.31,34481.01,101.380,0.62327,,,,
2953,04/17/2026 18:21:07,27.30,9.90,8.21,27.25,107.178,53030.5,50639.8,33.30,34469.83,101.380,0.62326,,,,
2954,04/17/2026 18:23:07,27.29,9.91,8.22,27.25,107.160,52985.6,50600.0,33.27,34440.65,101.380,0.62150,,,,
2955,04/17/2026 18:25:07,27.29,9.96,8.27,27.24,107.107,52932.9,50555.9,33.24,34406.40,101.380,0.61622,,,,
2956,04/17/2026 18:27:07,27.29,9.90,8.21,27.23,107.125,53053.0,50676.9,33.33,34484.45,101.380,0.61795,,,,
2957,04/17/2026 18:29:07,27.28,9.85,8.17,27.22,107.019,53002.8,50638.3,33.30,34451.80,101.380,0.60741,,,,
2958,04/17/2026 18:31:07,27.26,9.92,8.23,27.21,107.001,53022.6,50666.5,33.32,34464.68,101.380,0.60563,,,,
2959,04/17/2026 18:33:07,27.25,9.78,8.11,27.19,107.035,52919.7,50596.3,33.27,34397.80,101.380,0.60903,,,,
2960,04/17/2026 18:35:07,27.23,9.73,8.07,27.18,106.823,52997.5,50680.1,33.33,34448.37,101.380,0.58799,,,,
2961,04/17/2026 18:37:07,27.22,9.67,8.02,27.17,106.946,52988.2,50683.7,33.33,34442.36,101.380,0.60020,,,,
2962,04/17/2026 18:39:07,27.21,9.75,8.09,27.16,106.946,52880.2,50589.7,33.26,34372.13,101.380,0.60017,,,,
2963,04/17/2026 18:41:07,27.21,9.76,8.10,27.16,106.911,52969.7,50669.1,33.32,34430.33,101.380,0.59669,,,,
2964,04/17/2026 18:43:07,27.19,9.70,8.05,27.13,106.963,52881.5,50612.8,33.28,34372.97,101.380,0.60185,,,,
2965,04/17/2026 18:45:07,27.17,9.69,8.04,27.13,107.015,52876.2,50617.1,33.28,34369.55,101.380,0.60707,,,,
2966,04/17/2026 18:47:07,27.17,9.70,8.05,27.12,106.927,52876.2,50626.4,33.29,34369.51,101.380,0.59828,,,,
2967,04/17/2026 18:49:07,27.16,9.65,8.00,27.10,106.909,52868.3,50631.4,33.29,34364.41,101.380,0.59649,,,,
2968,04/17/2026 18:51:07,27.14,9.50,7.89,27.06,106.784,52785.6,50595.9,33.26,34310.65,101.380,0.58408,,,,
2969,04/17/2026 18:53:07,27.12,9.46,7.85,27.05,106.801,52790.9,50616.6,33.28,34314.11,101.380,0.58578,,,,
2970,04/17/2026 18:55:07,27.09,9.27,7.69,27.01,106.712,52767.1,50628.2,33.29,34298.63,101.380,0.57691,,,,
2971,04/17/2026 18:57:07,27.06,9.25,7.67,26.99,106.676,52745.0,50625.7,33.28,34284.24,101.380,0.57334,,,,
2972,04/17/2026 18:59:07,27.04,9.26,7.69,26.99,106.764,52776.3,50662.0,33.31,34304.61,101.380,0.58208,,,,
2973,04/17/2026 19:01:07,27.04,9.23,7.66,26.98,106.623,52714.9,50606.2,33.27,34264.67,101.380,0.56806,,,,
2974,04/17/2026 19:03:07,27.02,9.18,7.62,26.98,106.535,52735.8,50632.6,33.29,34278.27,101.380,0.55928,,,,
2975,04/17/2026 19:05:07,27.02,9.12,7.57,26.96,106.534,52670.5,50585.5,33.25,34235.85,101.380,0.55922,,,,
2976,04/17/2026 19:07:07,27.00,9.03,7.49,26.94,106.463,52615.7,50554.8,33.23,34200.22,101.380,0.55215,,,,
2977,04/17/2026 19:09:07,26.99,9.00,7.47,26.94,106.481,52622.3,50564.2,33.24,34204.52,101.380,0.55389,,,,
2978,04/17/2026 19:11:07,26.97,8.76,7.27,26.93,106.463,52620.8,50572.2,33.24,34203.52,101.380,0.55210,,,,
2979,04/17/2026 19:13:07,26.97,8.68,7.20,26.91,106.427,52589.4,50563.8,33.23,34183.12,101.380,0.54853,,,,
2980,04/17/2026 19:15:07,26.95,8.60,7.14,26.90,106.409,52587.0,50564.7,33.23,34181.57,101.380,0.54677,,,,
2981,04/17/2026 19:17:07,26.94,8.72,7.23,26.90,106.321,52609.1,50592.2,33.25,34195.93,101.380,0.53799,,,,
2982,04/17/2026 19:19:07,26.94,8.71,7.22,26.90,106.338,52631.2,50613.5,33.27,34210.30,101.380,0.53974,,,,
2983,04/17/2026 19:21:07,26.94,8.79,7.29,26.91,106.216,52692.6,50656.8,33.30,34250.18,101.380,0.52753,,,,
2984,04/17/2026 19:23:07,26.97,8.70,7.22,26.94,106.199,52688.9,50621.9,33.28,34247.77,101.380,0.52589,,,,
2985,04/17/2026 19:25:07,26.98,8.74,7.25,26.94,106.199,52662.5,50602.8,33.26,34230.64,101.380,0.52586,,,,
2986,04/17/2026 19:27:07,26.98,8.83,7.33,26.94,106.164,52720.1,50658.2,33.31,34268.07,101.380,0.52236,,,,
2987,04/17/2026 19:29:07,27.00,8.91,7.40,26.97,106.059,52734.5,50640.7,33.29,34277.44,101.380,0.51196,,,,
2988,04/17/2026 19:31:07,27.01,8.80,7.30,26.99,106.042,52775.0,50660.8,33.31,34303.78,101.380,0.51027,,,,
2989,04/17/2026 19:33:07,27.03,8.79,7.29,27.00,105.990,52776.5,50646.6,33.30,34304.73,101.380,0.50507,,,,
2990,04/17/2026 19:35:07,27.05,8.83,7.33,27.01,106.025,52873.6,50730.4,33.36,34367.86,101.380,0.50860,,,,
2991,04/17/2026 19:37:07,27.05,8.90,7.38,27.01,105.937,52839.5,50697.6,33.34,34345.64,101.380,0.49985,,,,
2992,04/17/2026 19:39:07,27.05,8.81,7.31,27.00,105.919,52804.0,50673.0,33.32,34322.61,101.380,0.49806,,,,
2993,04/17/2026 19:41:07,27.05,8.76,7.27,27.01,105.867,52825.0,50690.0,33.33,34336.25,101.380,0.49282,,,,
2994,04/17/2026 19:43:07,27.05,8.86,7.35,27.00,105.831,52828.9,50696.8,33.34,34338.77,101.380,0.48930,,,,
2995,04/17/2026 19:45:07,27.04,8.89,7.38,27.00,105.796,52839.5,50707.0,33.34,34345.64,101.380,0.48580,,,,
2996,04/17/2026 19:47:07,27.04,9.13,7.58,26.99,105.796,52756.8,50640.1,33.29,34291.89,101.380,0.48576,,,,
2997,04/17/2026 19:49:07,27.04,9.09,7.54,26.98,105.848,52756.8,50655.8,33.30,34291.89,101.380,0.49096,,,,
2998,04/17/2026 19:51:07,27.00,9.15,7.59,26.92,105.741,52704.4,50658.8,33.30,34257.88,101.380,0.48028,,,,
2999,04/17/2026 19:53:07,26.97,9.11,7.56,26.90,105.652,52661.4,50645.6,33.29,34229.90,101.380,0.47143,,,,
3000,04/17/2026 19:55:07,26.94,9.02,7.48,26.88,105.722,52684.9,50683.9,33.32,34245.20,101.380,0.47838,,,,
3001,04/17/2026 19:57:07,26.92,8.97,7.44,26.86,105.686,52647.0,50666.2,33.31,34220.55,101.380,0.47481,,,,
3002,04/17/2026 19:59:07,26.90,9.01,7.47,26.85,105.668,52683.7,50714.1,33.34,34244.37,101.380,0.47302,,,,
3003,04/17/2026 20:01:07,26.90,8.96,7.43,26.85,105.632,52613.2,50649.4,33.30,34198.58,101.380,0.46951,,,,
3004,04/17/2026 20:03:07,26.88,9.00,7.46,26.84,105.685,52648.3,50686.3,33.32,34221.38,101.380,0.47475,,,,
3005,04/17/2026 20:05:07,26.88,8.99,7.46,26.83,105.685,52646.9,50697.5,33.33,34220.46,101.380,0.47471,,,,
3006,04/17/2026 20:07:07,26.88,9.01,7.48,26.83,105.632,52642.9,50693.7,33.33,34217.90,101.380,0.46945,,,,
3007,04/17/2026 20:09:07,26.88,9.00,7.46,26.82,105.720,52624.7,50682.4,33.32,34206.08,101.380,0.47819,,,,
3008,04/17/2026 20:11:07,26.86,8.96,7.43,26.81,105.667,52714.8,50781.8,33.39,34264.61,101.380,0.47290,,,,
3009,04/17/2026 20:13:07,26.86,8.91,7.39,26.80,105.649,52657.4,50736.0,33.36,34227.34,101.380,0.47111,,,,
3010,04/17/2026 20:15:07,26.84,9.05,7.50,26.79,105.648,52657.3,50751.5,33.37,34227.25,101.380,0.47106,,,,
3011,04/17/2026 20:17:07,26.83,8.99,7.45,26.78,105.665,52636.4,50740.9,33.36,34213.69,101.380,0.47278,,,,
3012,04/17/2026 20:19:07,26.82,8.87,7.35,26.77,105.771,52569.8,50686.1,33.32,34170.40,101.380,0.48326,,,,
3013,04/17/2026 20:21:07,26.81,8.88,7.36,26.76,105.682,52560.9,50690.0,33.32,34164.56,101.380,0.47446,,,,
3014,04/17/2026 20:23:07,26.80,8.82,7.31,26.75,105.770,52577.7,50718.9,33.34,34175.53,101.380,0.48317,,,,
3015,04/17/2026 20:25:07,26.78,8.80,7.30,26.72,105.681,52524.5,50689.5,33.32,34140.92,101.380,0.47434,,,,
3016,04/17/2026 20:27:07,26.76,8.77,7.27,26.71,105.628,52529.7,50703.9,33.33,34144.29,101.380,0.46906,,,,
3017,04/17/2026 20:29:07,26.75,8.71,7.22,26.70,105.575,52456.9,50652.5,33.29,34096.97,101.380,0.46374,,,,
3018,04/17/2026 20:31:07,26.73,8.63,7.16,26.67,105.574,52462.1,50682.7,33.31,34100.34,101.380,0.46366,,,,
3019,04/17/2026 20:33:07,26.72,8.58,7.12,26.65,105.573,52425.6,50672.6,33.30,34076.65,101.380,0.46358,,,,
3020,04/17/2026 20:35:07,26.69,8.48,7.03,26.63,105.555,52429.7,50692.3,33.32,34079.32,101.380,0.46177,,,,
3021,04/17/2026 20:37:07,26.68,8.51,7.06,26.61,105.466,52431.2,50712.6,33.33,34080.26,101.380,0.45296,,,,
3022,04/17/2026 20:39:07,26.66,8.44,7.00,26.60,105.483,52366.3,50659.3,33.29,34038.06,101.380,0.45467,,,,
3023,04/17/2026 20:41:07,26.65,8.46,7.01,26.60,105.483,52389.8,50685.2,33.31,34053.38,101.380,0.45467,,,,
3024,04/17/2026 20:43:07,26.65,8.46,7.02,26.60,105.518,52393.7,50692.1,33.32,34055.93,101.380,0.45816,,,,
3025,04/17/2026 20:45:07,26.64,8.57,7.11,26.60,105.465,52367.7,50670.1,33.30,34039.00,101.380,0.45289,,,,
3026,04/17/2026 20:47:07,26.64,8.72,7.23,26.60,105.483,52420.4,50718.0,33.34,34073.29,101.380,0.45465,,,,
3027,04/17/2026 20:49:07,26.64,8.70,7.22,26.60,105.448,52423.1,50723.7,33.34,34075.03,101.380,0.45114,,,,
3028,04/17/2026 20:51:07,26.65,8.64,7.16,26.59,105.430,52411.7,50715.8,33.33,34067.63,101.380,0.44938,,,,
3029,04/17/2026 20:53:07,26.64,8.70,7.22,26.59,105.501,52428.5,50732.0,33.35,34078.52,101.380,0.45639,,,,
3030,04/17/2026 20:55:07,26.63,8.65,7.17,26.59,105.465,52385.7,50693.8,33.32,34050.69,101.380,0.45287,,,,
3031,04/17/2026 20:57:07,26.63,8.64,7.16,26.58,105.412,52362.3,50680.6,33.31,34035.51,101.380,0.44759,,,,
3032,04/17/2026 20:59:07,26.61,8.55,7.09,26.57,105.429,52335.1,50663.7,33.29,34017.79,101.380,0.44931,,,,
3033,04/17/2026 21:01:07,26.62,8.56,7.10,26.56,105.359,52393.5,50726.6,33.34,34055.79,101.380,0.44228,,,,
3034,04/17/2026 21:03:07,26.60,8.52,7.06,26.56,105.394,52381.8,50724.6,33.34,34048.14,101.380,0.44575,,,,
3035,04/17/2026 21:05:07,26.60,8.47,7.03,26.55,105.499,52354.5,50707.7,33.33,34030.41,101.380,0.45623,,,,
3036,04/17/2026 21:07:07,26.58,8.47,7.02,26.53,105.481,52312.2,50679.3,33.30,34002.93,101.380,0.45444,,,,
3037,04/17/2026 21:09:07,26.57,8.44,7.00,26.53,105.428,52332.8,50705.6,33.32,34016.33,101.380,0.44916,,,,
3038,04/17/2026 21:11:07,26.57,8.43,6.99,26.52,105.463,52332.8,50711.9,33.33,34016.33,101.380,0.45265,,,,
3039,04/17/2026 21:13:07,26.56,8.39,6.96,26.52,105.480,52347.1,50732.0,33.34,34025.59,101.380,0.45438,,,,
3040,04/17/2026 21:15:07,26.55,8.37,6.94,26.51,105.427,52330.4,50722.1,33.34,34014.73,101.380,0.44910,,,,
3041,04/17/2026 21:17:07,26.54,8.31,6.89,26.49,105.444,52255.3,50668.3,33.30,33965.96,101.380,0.45079,,,,
3042,04/17/2026 21:19:07,26.54,8.28,6.87,26.49,105.497,52255.3,50671.5,33.30,33965.96,101.380,0.45603,,,,
3043,04/17/2026 21:21:07,26.52,8.12,6.73,26.48,105.444,52237.5,50663.6,33.29,33954.35,101.380,0.45075,,,,
3044,04/17/2026 21:23:07,26.51,8.03,6.66,26.47,105.461,52229.6,50665.4,33.29,33949.26,101.380,0.45247,,,,
3045,04/17/2026 21:25:07,26.50,7.92,6.56,26.46,105.443,52273.5,50720.6,33.33,33977.75,101.380,0.45068,,,,
3046,04/17/2026 21:27:07,26.50,7.70,6.38,26.46,105.478,52197.6,50647.0,33.28,33928.44,101.380,0.45418,,,,
3047,04/17/2026 21:29:07,26.50,7.64,6.33,26.48,105.444,52263.2,50691.7,33.31,33971.06,101.380,0.45074,,,,
3048,04/17/2026 21:31:07,26.51,7.59,6.29,26.48,105.497,52317.4,50744.2,33.35,34006.28,101.380,0.45599,,,,
3049,04/17/2026 21:33:07,26.51,7.54,6.25,26.47,105.549,52262.9,50694.6,33.31,33970.91,101.380,0.46124,,,,
3050,04/17/2026 21:35:07,26.51,7.47,6.19,26.46,105.461,52225.7,50668.0,33.29,33946.71,101.380,0.45245,,,,
3051,04/17/2026 21:37:07,26.50,7.42,6.15,26.45,105.425,52194.9,50647.5,33.28,33926.69,101.380,0.44891,,,,
3052,04/17/2026 21:39:07,26.50,7.33,6.08,26.44,105.495,52229.6,50697.0,33.31,33949.26,101.380,0.45587,,,,
3053,04/17/2026 21:41:07,26.48,7.20,5.97,26.42,105.548,52143.6,50629.3,33.26,33893.37,101.380,0.46107,,,,
3054,04/17/2026 21:43:07,26.46,7.03,5.83,26.40,105.617,52146.1,50656.9,33.28,33894.95,101.380,0.46799,,,,
3055,04/17/2026 21:45:07,26.44,6.90,5.72,26.39,105.546,52140.9,50661.4,33.29,33891.61,101.380,0.46096,,,,
3056,04/17/2026 21:47:07,26.43,6.83,5.66,26.37,105.563,52055.5,50600.5,33.24,33836.09,101.380,0.46264,,,,
3057,04/17/2026 21:49:07,26.42,6.76,5.60,26.37,105.511,52098.8,50642.5,33.27,33864.21,101.380,0.45738,,,,
3058,04/17/2026 21:51:07,26.42,6.72,5.58,26.38,105.581,52092.2,50626.6,33.26,33859.91,101.380,0.46442,,,,
3059,04/17/2026 21:53:07,26.42,6.77,5.61,26.39,105.617,52157.5,50677.5,33.30,33902.39,101.380,0.46796,,,,
3060,04/17/2026 21:55:07,26.43,6.81,5.65,26.40,105.617,52139.5,50653.6,33.28,33890.65,101.380,0.46798,,,,
3061,04/17/2026 21:57:07,26.43,6.69,5.55,26.39,105.564,52139.5,50656.8,33.28,33890.65,101.380,0.46272,,,,
3062,04/17/2026 21:59:07,26.42,6.70,5.56,26.38,105.564,52104.8,50638.9,33.27,33868.14,101.380,0.46267,,,,
3063,04/17/2026 22:01:07,26.42,6.68,5.54,26.38,105.634,52101.2,50638.6,33.27,33865.79,101.380,0.46966,,,,
3064,04/17/2026 22:03:07,26.42,6.64,5.51,26.37,105.651,52076.9,50621.2,33.26,33849.95,101.380,0.47139,,,,
3065,04/17/2026 22:05:07,26.41,6.54,5.42,26.37,105.634,52131.0,50677.0,33.30,33885.14,101.380,0.46963,,,,
3066,04/17/2026 22:07:07,26.40,6.51,5.40,26.36,105.669,52106.3,50659.3,33.28,33869.11,101.380,0.47311,,,,
3067,04/17/2026 22:09:07,26.40,6.44,5.34,26.36,105.686,52082.3,50639.1,33.27,33853.46,101.380,0.47485,,,,
3068,04/17/2026 22:11:07,26.38,6.45,5.35,26.35,105.668,52057.9,50621.7,33.25,33837.65,101.380,0.47308,,,,
3069,04/17/2026 22:13:07,26.40,6.48,5.37,26.37,105.739,52179.3,50723.9,33.33,33916.51,101.380,0.48014,,,,
3070,04/17/2026 22:15:07,26.42,6.38,5.29,26.39,105.670,52148.5,50668.7,33.29,33896.52,101.380,0.47322,,,,
3071,04/17/2026 22:17:07,26.42,6.44,5.34,26.39,105.705,52207.6,50726.1,33.33,33934.95,101.380,0.47672,,,,
3072,04/17/2026 22:19:07,26.42,6.23,5.16,26.40,105.670,52248.5,50756.4,33.36,33961.51,101.380,0.47325,,,,
3073,04/17/2026 22:21:07,26.42,6.29,5.21,26.40,105.670,52110.2,50618.9,33.25,33871.64,101.380,0.47326,,,,
3074,04/17/2026 22:23:07,26.42,6.24,5.18,26.40,105.723,52149.7,50663.6,33.29,33897.30,101.380,0.47849,,,,
3075,04/17/2026 22:25:07,26.43,6.22,5.16,26.40,105.758,52195.2,50707.7,33.32,33926.86,101.380,0.48199,,,,
3076,04/17/2026 22:27:07,26.43,6.28,5.21,26.40,105.670,52173.2,50686.4,33.30,33912.56,101.380,0.47324,,,,
3077,04/17/2026 22:29:07,26.43,6.18,5.12,26.40,105.740,52179.5,50689.4,33.31,33916.69,101.380,0.48025,,,,
3078,04/17/2026 22:31:07,26.43,6.12,5.07,26.38,105.722,52175.3,50701.1,33.31,33913.97,101.380,0.47845,,,,
3079,04/17/2026 22:33:07,26.42,6.20,5.14,26.37,105.686,52145.8,50691.4,33.31,33894.77,101.380,0.47488,,,,
3080,04/17/2026 22:35:07,26.40,6.21,5.15,26.34,105.686,52091.0,50663.3,33.29,33859.14,101.380,0.47480,,,,
3081,04/17/2026 22:37:07,26.39,6.07,5.03,26.34,105.791,52193.7,50760.1,33.36,33925.89,101.380,0.48532,,,,
3082,04/17/2026 22:39:07,26.39,6.13,5.08,26.34,105.774,52158.7,50729.2,33.33,33903.18,101.380,0.48356,,,,
3083,04/17/2026 22:41:07,26.38,5.99,4.97,26.33,105.738,52150.9,50734.3,33.34,33898.09,101.380,0.48001,,,,
3084,04/17/2026 22:43:07,26.37,6.12,5.07,26.32,105.755,52126.8,50723.5,33.33,33882.41,101.380,0.48172,,,,
3085,04/17/2026 22:45:07,26.35,6.42,5.32,26.30,105.772,52064.5,50685.0,33.30,33841.94,101.380,0.48340,,,,
3086,04/17/2026 22:47:07,26.33,6.47,5.37,26.27,105.789,52079.3,50721.5,33.33,33851.52,101.380,0.48508,,,,
3087,04/17/2026 22:49:07,26.31,6.54,5.42,26.24,105.823,52003.9,50679.7,33.29,33802.53,101.380,0.48848,,,,
3088,04/17/2026 22:51:07,26.28,6.66,5.52,26.23,105.893,52021.9,50713.1,33.32,33814.23,101.380,0.49543,,,,
3089,04/17/2026 22:53:07,26.28,6.56,5.44,26.22,105.805,51982.3,50684.0,33.30,33788.51,101.380,0.48665,,,,
3090,04/17/2026 22:55:07,26.26,6.62,5.49,26.21,105.857,51957.7,50666.4,33.28,33772.54,101.380,0.49188,,,,
3091,04/17/2026 22:57:07,26.26,6.64,5.51,26.20,105.910,51920.6,50645.9,33.27,33748.40,101.380,0.49708,,,,
3092,04/17/2026 22:59:07,26.23,6.69,5.55,26.17,105.962,51896.7,50648.0,33.27,33732.88,101.380,0.50225,,,,
3093,04/17/2026 23:01:07,26.22,6.81,5.65,26.16,105.961,51900.6,50661.3,33.28,33735.41,101.380,0.50222,,,,
3094,04/17/2026 23:03:07,26.23,6.99,5.79,26.19,105.980,51991.3,50724.4,33.32,33794.36,101.380,0.50406,,,,
3095,04/17/2026 23:05:07,26.24,7.21,5.97,26.21,106.016,52043.5,50753.2,33.35,33828.28,101.380,0.50763,,,,
3096,04/17/2026 23:07:07,26.27,7.43,6.15,26.25,106.052,52072.9,50740.7,33.34,33847.41,101.380,0.51127,,,,
3097,04/17/2026 23:09:07,26.30,7.57,6.27,26.29,106.071,52119.3,50747.8,33.35,33877.52,101.380,0.51314,,,,
3098,04/17/2026 23:11:07,26.32,7.60,6.29,26.29,106.089,52162.9,50787.1,33.37,33905.89,101.380,0.51490,,,,
3099,04/17/2026 23:13:07,26.33,7.61,6.31,26.31,106.107,52198.6,50796.5,33.38,33929.06,101.380,0.51674,,,,
3100,04/17/2026 23:15:07,26.35,7.63,6.33,26.31,106.142,52179.3,50777.7,33.37,33916.51,101.380,0.52024,,,,
3101,04/17/2026 23:17:07,26.35,7.59,6.29,26.30,106.195,52143.1,50755.1,33.35,33893.01,101.380,0.52545,,,,
3102,04/17/2026 23:19:07,26.33,7.51,6.22,26.28,106.194,52144.6,50775.6,33.37,33893.97,101.380,0.52539,,,,
3103,04/17/2026 23:21:07,26.32,7.39,6.12,26.26,106.211,52079.3,50737.3,33.34,33851.52,101.380,0.52706,,,,
3104,04/17/2026 23:23:07,26.31,7.36,6.10,26.25,106.228,52074.2,50741.9,33.34,33848.20,101.380,0.52878,,,,
3105,04/17/2026 23:25:07,26.29,7.30,6.05,26.24,106.246,52051.3,50725.9,33.33,33833.36,101.380,0.53051,,,,
3106,04/17/2026 23:27:07,26.29,7.31,6.06,26.24,106.369,52083.5,50757.3,33.35,33854.25,101.380,0.54277,,,,
3107,04/17/2026 23:29:07,26.29,7.28,6.03,26.25,106.281,52074.4,50739.0,33.34,33848.39,101.380,0.53404,,,,
3108,04/17/2026 23:31:07,26.30,7.29,6.04,26.26,106.299,52116.6,50776.8,33.37,33875.76,101.380,0.53580,,,,
3109,04/17/2026 23:33:07,26.30,7.36,6.10,26.24,106.386,52075.4,50749.4,33.34,33848.98,101.380,0.54452,,,,
3110,04/17/2026 23:35:07,26.29,7.32,6.06,26.25,106.351,52065.4,50736.5,33.34,33842.53,101.380,0.54103,,,,
3111,04/17/2026 23:37:07,26.28,7.32,6.07,26.24,106.404,52085.6,50759.3,33.35,33855.63,101.380,0.54627,,,,
3112,04/17/2026 23:39:07,26.28,7.34,6.08,26.23,106.386,52083.2,50772.8,33.36,33854.05,101.380,0.54447,,,,
3113,04/17/2026 23:41:07,26.27,7.34,6.08,26.22,106.421,52095.8,50794.6,33.38,33862.27,101.380,0.54794,,,,
3114,04/17/2026 23:43:07,26.27,7.37,6.11,26.21,106.333,52076.6,50782.2,33.37,33849.76,101.380,0.53916,,,,
3115,04/17/2026 23:45:07,26.27,7.44,6.16,26.21,106.403,52105.1,50813.2,33.39,33868.32,101.380,0.54616,,,,
3116,04/17/2026 23:47:07,26.26,7.40,6.13,26.20,106.403,52082.0,50800.2,33.38,33853.27,101.380,0.54613,,,,
3117,04/17/2026 23:49:07,26.25,7.39,6.12,26.20,106.420,52043.5,50765.8,33.35,33828.28,101.380,0.54787,,,,
3118,04/17/2026 23:51:07,26.25,7.27,6.02,26.19,106.420,52066.3,50794.4,33.38,33843.12,101.380,0.54785,,,,
3119,04/17/2026 23:53:07,26.24,7.29,6.03,26.19,106.385,52097.3,50827.8,33.40,33863.25,101.380,0.54433,,,,
3120,04/17/2026 23:55:07,26.24,7.27,6.03,26.19,106.402,52085.6,50819.6,33.39,33855.63,101.380,0.54607,,,,
3121,04/17/2026 23:57:07,26.24,7.23,5.99,26.19,106.349,52074.2,50808.4,33.39,33848.20,101.380,0.54082,,,,
3122,04/17/2026 23:59:07,26.24,7.16,5.93,26.19,106.402,52120.5,50847.2,33.41,33878.30,101.380,0.54609,,,,
3123,04/18/2026 00:01:07,26.23,7.19,5.96,26.18,106.419,52053.4,50797.7,33.38,33834.72,101.380,0.54779,,,,
3124,04/18/2026 00:03:07,26.23,7.14,5.92,26.17,106.419,52134.1,50879.6,33.44,33887.13,101.380,0.54778,,,,
3125,04/18/2026 00:05:07,26.23,7.13,5.91,26.18,106.384,52118.7,50858.2,33.42,33877.14,101.380,0.54430,,,,
3126,04/18/2026 00:07:07,26.23,7.18,5.94,26.18,106.402,52154.6,50896.4,33.45,33900.46,101.380,0.54604,,,,
3127,04/18/2026 00:09:07,26.22,7.17,5.94,26.17,106.402,52099.4,50849.0,33.42,33864.63,101.380,0.54602,,,,
3128,04/18/2026 00:11:07,26.21,7.09,5.87,26.16,106.436,52107.0,50869.0,33.43,33869.52,101.380,0.54948,,,,
3129,04/18/2026 00:13:07,26.21,7.01,5.81,26.16,106.419,52075.6,50832.1,33.40,33849.17,101.380,0.54775,,,,
3130,04/18/2026 00:15:07,26.21,6.98,5.78,26.16,106.436,52115.1,50873.7,33.43,33874.79,101.380,0.54949,,,,
3131,04/18/2026 00:17:07,26.21,6.95,5.76,26.16,106.454,52088.3,50850.8,33.42,33857.38,101.380,0.55124,,,,
3132,04/18/2026 00:19:07,26.21,6.90,5.71,26.16,106.489,52090.7,50853.1,33.42,33858.95,101.380,0.55474,,,,
3133,04/18/2026 00:21:07,26.21,6.87,5.69,26.16,106.507,52060.0,50823.2,33.40,33839.02,101.380,0.55649,,,,
3134,04/18/2026 00:23:07,26.21,6.82,5.65,26.16,106.507,52098.2,50857.3,33.42,33863.84,101.380,0.55650,,,,
3135,04/18/2026 00:25:07,26.20,6.82,5.65,26.16,106.542,52107.5,50866.4,33.43,33869.89,101.380,0.56000,,,,
3136,04/18/2026 00:27:07,26.20,6.73,5.57,26.16,106.630,52053.7,50820.2,33.39,33834.91,101.380,0.56874,,,,
3137,04/18/2026 00:29:07,26.19,6.76,5.60,26.15,106.682,52062.4,50835.1,33.40,33840.58,101.380,0.57397,,,,
3138,04/18/2026 00:31:07,26.19,6.74,5.59,26.14,106.700,52122.6,50900.2,33.45,33879.69,101.380,0.57570,,,,
3139,04/18/2026 00:33:07,26.18,6.81,5.64,26.13,106.717,52085.6,50876.8,33.43,33855.63,101.380,0.57741,,,,
3140,04/18/2026 00:35:07,26.17,6.79,5.62,26.12,106.769,52029.1,50834.3,33.40,33818.91,101.380,0.58262,,,,
3141,04/18/2026 00:37:07,26.16,6.70,5.55,26.11,106.840,52019.5,50834.4,33.40,33812.65,101.380,0.58960,,,,
3142,04/18/2026 00:39:07,26.15,6.68,5.53,26.09,106.821,51956.2,50791.7,33.37,33771.54,101.380,0.58778,,,,
3143,04/18/2026 00:41:07,26.14,6.73,5.57,26.09,106.804,52019.8,50857.0,33.42,33812.85,101.380,0.58602,,,,
3144,04/18/2026 00:43:07,26.14,6.63,5.49,26.08,106.839,52013.8,50857.5,33.42,33808.96,101.380,0.58950,,,,
3145,04/18/2026 00:45:07,26.13,6.69,5.54,26.09,106.839,52005.1,50845.8,33.41,33803.31,101.380,0.58951,,,,
3146,04/18/2026 00:47:07,26.12,6.68,5.54,26.08,106.927,51979.3,50823.8,33.39,33786.54,101.380,0.59826,,,,
3147,04/18/2026 00:49:07,26.12,6.76,5.60,26.07,106.909,51969.1,50829.7,33.40,33779.92,101.380,0.59646,,,,
3148,04/18/2026 00:51:07,26.10,6.83,5.66,26.04,106.943,51924.2,50811.2,33.38,33750.71,101.380,0.59988,,,,
3149,04/18/2026 00:53:07,26.08,6.81,5.64,26.03,106.925,51963.7,50859.5,33.42,33776.40,101.380,0.59809,,,,
3150,04/18/2026 00:55:07,26.07,6.76,5.60,26.02,106.977,51942.1,50851.1,33.41,33762.39,101.380,0.60330,,,,
3151,04/18/2026 00:57:07,26.07,6.76,5.59,26.01,106.977,51942.1,50867.0,33.42,33762.39,101.380,0.60325,,,,
3152,04/18/2026 00:59:07,26.05,6.70,5.55,25.98,106.976,51937.1,50887.5,33.44,33759.09,101.380,0.60317,,,,
3153,04/18/2026 01:01:07,26.03,6.64,5.50,25.97,106.923,51923.8,50884.1,33.43,33750.49,101.380,0.59789,,,,
3154,04/18/2026 01:03:07,26.01,6.60,5.47,25.96,106.993,51871.0,50848.3,33.41,33716.16,101.380,0.60484,,,,
3155,04/18/2026 01:05:07,26.01,6.54,5.41,25.95,107.063,51874.6,50858.1,33.41,33718.46,101.380,0.61182,,,,
3156,04/18/2026 01:07:07,26.00,6.44,5.33,25.95,107.028,51907.7,50893.9,33.44,33740.03,101.380,0.60831,,,,
3157,04/18/2026 01:09:07,25.99,6.42,5.32,25.94,106.975,51892.1,50888.2,33.43,33729.89,101.380,0.60303,,,,
3158,04/18/2026 01:11:07,25.98,6.36,5.27,25.93,106.992,51830.5,50837.2,33.40,33689.80,101.380,0.60475,,,,
3159,04/18/2026 01:13:07,25.97,6.31,5.23,25.92,107.027,51893.7,50908.8,33.45,33730.89,101.380,0.60822,,,,
3160,04/18/2026 01:15:07,25.96,6.31,5.22,25.91,107.009,51837.5,50869.7,33.42,33694.39,101.380,0.60642,,,,
3161,04/18/2026 01:17:07,25.96,6.20,5.13,25.90,107.009,51859.3,50894.3,33.44,33708.57,101.380,0.60641,,,,
3162,04/18/2026 01:19:07,25.94,6.24,5.17,25.88,107.043,51784.1,50839.6,33.40,33659.69,101.380,0.60985,,,,
3163,04/18/2026 01:21:07,25.92,6.26,5.18,25.87,107.043,51842.2,50909.4,33.45,33697.44,101.380,0.60981,,,,
3164,04/18/2026 01:23:07,25.92,6.14,5.08,25.87,106.972,51773.2,50848.1,33.40,33652.61,101.380,0.60278,,,,
3165,04/18/2026 01:25:07,25.93,6.01,4.97,25.88,106.990,51852.7,50910.1,33.45,33704.27,101.380,0.60458,,,,
3166,04/18/2026 01:27:07,25.93,6.03,5.00,25.89,107.043,51826.2,50874.5,33.42,33687.03,101.380,0.60987,,,,
3167,04/18/2026 01:29:07,25.95,5.98,4.95,25.89,107.026,51844.1,50888.9,33.43,33698.68,101.380,0.60813,,,,
3168,04/18/2026 01:31:07,25.94,6.03,5.00,25.89,107.043,51826.2,50877.7,33.42,33687.03,101.380,0.60986,,,,
3169,04/18/2026 01:33:07,25.94,5.95,4.92,25.88,107.008,51837.5,50892.0,33.43,33694.39,101.380,0.60634,,,,
3170,04/18/2026 01:35:07,25.94,5.91,4.89,25.88,106.973,51849.2,50906.6,33.45,33701.97,101.380,0.60283,,,,
3171,04/18/2026 01:37:07,25.92,5.90,4.89,25.86,107.007,51826.2,50903.2,33.44,33687.03,101.380,0.60627,,,,
3172,04/18/2026 01:39:07,25.91,5.96,4.94,25.85,107.077,51806.7,50893.7,33.43,33674.38,101.380,0.61325,,,,
3173,04/18/2026 01:41:07,25.90,6.05,5.01,25.84,107.059,51815.7,50921.7,33.45,33680.20,101.380,0.61143,,,,
3174,04/18/2026 01:43:07,25.89,6.05,5.01,25.84,107.147,51767.4,50874.2,33.42,33648.82,101.380,0.62019,,,,
3175,04/18/2026 01:45:07,25.88,5.97,4.94,25.84,107.094,51779.1,50885.7,33.43,33656.41,101.380,0.61494,,,,
3176,04/18/2026 01:47:07,25.89,5.85,4.84,25.85,107.147,51749.1,50846.7,33.40,33636.94,101.380,0.62022,,,,
3177,04/18/2026 01:49:07,25.89,5.79,4.79,25.85,107.095,51797.0,50890.5,33.43,33668.04,101.380,0.61498,,,,
3178,04/18/2026 01:51:07,25.90,5.77,4.77,25.85,107.095,51811.8,50901.9,33.44,33677.68,101.380,0.61499,,,,
3179,04/18/2026 01:53:07,25.91,5.68,4.70,25.85,107.165,51807.5,50894.5,33.43,33674.90,101.380,0.62200,,,,
3180,04/18/2026 01:55:07,25.91,5.68,4.70,25.85,107.165,51791.5,50882.0,33.43,33664.50,101.380,0.62199,,,,
3181,04/18/2026 01:57:07,25.91,5.65,4.68,25.85,107.165,51810.6,50900.7,33.44,33676.91,101.380,0.62199,,,,
3182,04/18/2026 01:59:07,25.90,5.64,4.67,25.85,107.183,51811.4,50898.3,33.44,33677.43,101.380,0.62375,,,,
3183,04/18/2026 02:01:07,25.90,5.56,4.60,25.85,107.165,51852.4,50941.7,33.47,33704.04,101.380,0.62199,,,,
3184,04/18/2026 02:03:07,25.90,5.55,4.59,25.85,107.183,51834.4,50924.1,33.46,33692.38,101.380,0.62374,,,,
3185,04/18/2026 02:05:07,25.90,5.52,4.57,25.85,107.148,51849.6,50935.9,33.47,33702.27,101.380,0.62025,,,,
3186,04/18/2026 02:07:07,25.90,5.51,4.56,25.85,107.183,51767.4,50858.3,33.41,33648.82,101.380,0.62374,,,,
3187,04/18/2026 02:09:07,25.90,5.52,4.57,25.84,107.182,51802.9,50905.9,33.44,33671.85,101.380,0.62370,,,,
3188,04/18/2026 02:11:07,25.88,5.55,4.60,25.82,107.199,51802.5,50921.5,33.45,33671.60,101.380,0.62540,,,,
3189,04/18/2026 02:13:07,25.87,5.65,4.68,25.82,107.199,51778.7,50904.5,33.44,33656.16,101.380,0.62538,,,,
3190,04/18/2026 02:15:07,25.86,5.71,4.73,25.81,107.181,51767.0,50902.6,33.44,33648.57,101.380,0.62360,,,,
3191,04/18/2026 02:17:07,25.85,5.65,4.68,25.81,107.093,51759.6,50898.6,33.44,33643.77,101.380,0.61483,,,,
3192,04/18/2026 02:19:07,25.86,5.64,4.67,25.81,107.146,51790.4,50928.8,33.46,33663.75,101.380,0.62009,,,,
3193,04/18/2026 02:21:07,25.85,5.64,4.67,25.81,107.111,51762.8,50901.6,33.44,33645.79,101.380,0.61658,,,,
3194,04/18/2026 02:23:07,25.85,5.64,4.67,25.80,107.128,51760.8,50906.1,33.44,33644.52,101.380,0.61831,,,,
3195,04/18/2026 02:25:07,25.84,5.65,4.68,25.79,107.163,51744.5,50899.6,33.44,33633.91,101.380,0.62179,,,,
3196,04/18/2026 02:27:07,25.84,5.68,4.70,25.78,107.075,51759.6,50921.0,33.45,33643.77,101.380,0.61301,,,,
3197,04/18/2026 02:29:07,25.83,5.66,4.68,25.78,107.075,51736.7,50901.6,33.44,33628.85,101.380,0.61300,,,,
3198,04/18/2026 02:31:07,25.83,5.62,4.65,25.79,107.057,51722.7,50881.4,33.42,33619.76,101.380,0.61127,,,,
3199,04/18/2026 02:33:07,25.82,5.62,4.66,25.77,107.039,51727.8,50905.6,33.44,33623.04,101.380,0.60946,,,,
3200,04/18/2026 02:35:07,25.83,5.58,4.62,25.78,107.057,51728.6,50890.4,33.43,33623.56,101.380,0.61126,,,,
3201,04/18/2026 02:37:07,25.83,5.52,4.57,25.79,107.057,51752.3,50910.5,33.44,33638.96,101.380,0.61127,,,,
3202,04/18/2026 02:39:07,25.84,5.46,4.52,25.79,107.040,51758.5,50910.2,33.44,33643.00,101.380,0.60954,,,,
3203,04/18/2026 02:41:07,25.84,5.43,4.49,25.79,106.970,51738.3,50890.3,33.43,33629.86,101.380,0.60253,,,,
3204,04/18/2026 02:43:07,25.84,5.37,4.45,25.80,106.917,51720.4,50866.4,33.41,33618.25,101.380,0.59730,,,,
3205,04/18/2026 02:45:07,25.85,5.29,4.38,25.81,106.882,51752.6,50891.7,33.43,33639.21,101.380,0.59382,,,,
3206,04/18/2026 02:47:07,25.85,5.21,4.31,25.81,106.882,51790.8,50922.8,33.45,33663.99,101.380,0.59384,,,,
3207,04/18/2026 02:49:07,25.86,5.14,4.26,25.81,106.847,51728.1,50861.2,33.41,33623.30,101.380,0.59034,,,,
3208,04/18/2026 02:51:07,25.86,5.02,4.16,25.81,106.742,51770.5,50899.7,33.44,33650.83,101.380,0.57984,,,,
3209,04/18/2026 02:53:07,25.86,4.94,4.09,25.81,106.759,51746.0,50885.2,33.43,33634.92,101.380,0.58156,,,,
3210,04/18/2026 02:55:07,25.86,4.93,4.08,25.81,106.653,51685.5,50822.4,33.38,33595.55,101.380,0.57107,,,,
3211,04/18/2026 02:57:07,25.86,4.86,4.02,25.81,106.706,51711.8,50845.2,33.40,33612.70,101.380,0.57633,,,,
3212,04/18/2026 02:59:07,25.85,4.85,4.01,25.81,106.706,51744.9,50880.8,33.42,33634.16,101.380,0.57632,,,,
3213,04/18/2026 03:01:07,25.85,4.85,4.01,25.81,106.671,51747.6,50886.7,33.43,33635.93,101.380,0.57281,,,,
3214,04/18/2026 03:03:07,25.86,4.76,3.94,25.81,106.618,51732.0,50868.2,33.41,33625.82,101.380,0.56756,,,,
3215,04/18/2026 03:05:07,25.86,4.72,3.90,25.81,106.583,51765.1,50903.9,33.44,33647.30,101.380,0.56405,,,,
3216,04/18/2026 03:07:07,25.85,4.69,3.88,25.80,106.530,51767.8,50909.8,33.44,33649.07,101.380,0.55879,,,,
3217,04/18/2026 03:09:07,25.83,4.83,3.99,25.79,106.547,51730.1,50888.7,33.43,33624.56,101.380,0.56049,,,,
3218,04/18/2026 03:11:07,25.82,4.93,4.08,25.77,106.546,51758.1,50935.4,33.46,33642.75,101.380,0.56043,,,,
3219,04/18/2026 03:13:07,25.80,5.14,4.26,25.74,106.510,51623.9,50828.9,33.38,33555.52,101.380,0.55684,,,,
3220,04/18/2026 03:15:07,25.78,5.23,4.33,25.73,106.492,51599.9,50821.2,33.38,33539.93,101.380,0.55504,,,,
3221,04/18/2026 03:17:07,25.77,5.24,4.34,25.71,106.527,51655.6,50892.2,33.43,33576.17,101.380,0.55849,,,,
3222,04/18/2026 03:19:07,25.76,5.30,4.39,25.70,106.544,51593.7,50844.0,33.39,33535.92,101.380,0.56020,,,,
3223,04/18/2026 03:21:07,25.73,5.19,4.30,25.68,106.491,51612.7,50881.9,33.42,33548.24,101.380,0.55489,,,,
3224,04/18/2026 03:23:07,25.73,5.19,4.29,25.67,106.526,51613.4,50892.2,33.43,33548.71,101.380,0.55836,,,,
3225,04/18/2026 03:25:07,25.71,5.24,4.34,25.65,106.507,51544.2,50846.4,33.39,33503.76,101.380,0.55654,,,,
3226,04/18/2026 03:27:07,25.70,5.29,4.38,25.64,106.507,51560.9,50875.6,33.41,33514.57,101.380,0.55650,,,,
3227,04/18/2026 03:29:07,25.69,5.26,4.35,25.64,106.542,51603.8,50914.7,33.44,33542.45,101.380,0.56001,,,,
3228,04/18/2026 03:31:07,25.68,5.21,4.31,25.64,106.507,51588.7,50909.5,33.44,33532.66,101.380,0.55648,,,,
3229,04/18/2026 03:33:07,25.68,5.20,4.30,25.62,106.506,51579.8,50916.7,33.44,33526.87,101.380,0.55643,,,,
3230,04/18/2026 03:35:07,25.67,5.22,4.32,25.60,106.453,51514.2,50867.9,33.40,33484.21,101.380,0.55112,,,,
3231,04/18/2026 03:37:07,25.65,5.28,4.37,25.59,106.470,51500.7,50870.7,33.41,33475.48,101.380,0.55282,,,,
3232,04/18/2026 03:39:07,25.63,5.37,4.44,25.57,106.469,51479.1,50871.8,33.41,33461.43,101.380,0.55275,,,,
3233,04/18/2026 03:41:07,25.61,5.39,4.46,25.55,106.398,51519.2,50933.8,33.45,33487.46,101.380,0.54567,,,,
3234,04/18/2026 03:43:07,25.60,5.42,4.48,25.53,106.309,51465.3,50899.8,33.42,33452.41,101.380,0.53686,,,,
3235,04/18/2026 03:45:07,25.57,5.37,4.44,25.51,106.221,51425.3,50882.7,33.41,33426.43,101.380,0.52803,,,,
3236,04/18/2026 03:47:07,25.56,5.41,4.48,25.49,106.220,51414.2,50894.2,33.42,33419.21,101.380,0.52796,,,,
3237,04/18/2026 03:49:07,25.53,5.46,4.52,25.46,106.237,51398.7,50911.0,33.43,33409.16,101.380,0.52961,,,,
3238,04/18/2026 03:51:07,25.51,5.41,4.48,25.45,106.113,51425.3,50947.0,33.46,33426.43,101.380,0.51732,,,,
3239,04/18/2026 03:53:07,25.49,5.34,4.42,25.43,106.060,51411.9,50946.6,33.45,33417.75,101.380,0.51203,,,,
3240,04/18/2026 03:55:07,25.48,5.30,4.38,25.43,105.972,51399.2,50937.2,33.45,33409.48,101.380,0.50327,,,,
3241,04/18/2026 03:57:07,25.48,5.27,4.36,25.43,105.901,51433.0,50977.2,33.48,33431.45,101.380,0.49624,,,,
3242,04/18/2026 03:59:07,25.47,5.29,4.38,25.42,105.901,51400.3,50951.2,33.46,33410.22,101.380,0.49622,,,,
3243,04/18/2026 04:01:07,25.46,5.24,4.33,25.41,105.813,51363.8,50924.7,33.44,33386.49,101.380,0.48744,,,,
3244,04/18/2026 04:03:07,25.46,5.29,4.37,25.41,105.689,51374.3,50935.0,33.44,33393.28,101.380,0.47518,,,,
3245,04/18/2026 04:05:07,25.46,5.31,4.39,25.41,105.707,51397.6,50954.9,33.46,33408.43,101.380,0.47694,,,,
3246,04/18/2026 04:07:07,25.46,5.21,4.31,25.42,105.655,51372.7,50923.8,33.44,33392.23,101.380,0.47171,,,,
3247,04/18/2026 04:09:07,25.46,5.20,4.30,25.42,105.655,51415.3,50966.1,33.47,33419.94,101.380,0.47171,,,,
3248,04/18/2026 04:11:07,25.46,5.12,4.24,25.42,105.584,51414.7,50965.4,33.47,33419.52,101.380,0.46471,,,,
3249,04/18/2026 04:13:07,25.46,5.05,4.18,25.43,105.602,51413.1,50957.4,33.46,33418.48,101.380,0.46648,,,,
3250,04/18/2026 04:15:07,25.47,5.03,4.16,25.43,105.567,51438.5,50976.1,33.48,33435.01,101.380,0.46299,,,,
3251,04/18/2026 04:17:07,25.46,5.04,4.17,25.43,105.514,51431.9,50966.4,33.47,33430.72,101.380,0.45775,,,,
3252,04/18/2026 04:19:07,25.48,4.98,4.12,25.44,105.479,51414.2,50945.6,33.45,33419.21,101.380,0.45426,,,,
3253,04/18/2026 04:21:07,25.48,4.90,4.05,25.44,105.409,51450.3,50978.2,33.48,33442.67,101.380,0.44727,,,,
3254,04/18/2026 04:23:07,25.48,4.85,4.01,25.44,105.374,51434.6,50959.4,33.46,33432.50,101.380,0.44377,,,,
3255,04/18/2026 04:25:07,25.48,4.91,4.06,25.45,105.321,51414.2,50936.0,33.45,33419.21,101.380,0.43853,,,,
3256,04/18/2026 04:27:07,25.49,4.93,4.07,25.44,105.286,51419.2,50944.1,33.45,33422.45,101.380,0.43502,,,,
3257,04/18/2026 04:29:07,25.48,5.06,4.19,25.44,105.233,51426.2,50951.1,33.46,33427.05,101.380,0.42977,,,,
3258,04/18/2026 04:31:07,25.49,5.09,4.21,25.44,105.180,51414.2,50945.6,33.45,33419.21,101.380,0.42449,,,,
3259,04/18/2026 04:33:07,25.48,5.07,4.20,25.43,105.180,51444.1,50978.5,33.48,33438.68,101.380,0.42448,,,,
3260,04/18/2026 04:35:07,25.47,5.07,4.20,25.43,105.092,51371.5,50909.8,33.43,33391.50,101.380,0.41572,,,,
3261,04/18/2026 04:37:07,25.47,5.12,4.24,25.43,105.092,51373.2,50914.6,33.43,33392.55,101.380,0.41571,,,,
3262,04/18/2026 04:39:07,25.47,5.09,4.21,25.42,105.056,51381.5,50929.3,33.44,33397.98,101.380,0.41219,,,,
3263,04/18/2026 04:41:07,25.46,5.11,4.23,25.41,104.968,51361.0,50918.6,33.43,33384.62,101.380,0.40340,,,,
3264,04/18/2026 04:43:07,25.46,4.93,4.08,25.42,104.898,51369.9,50921.1,33.43,33390.45,101.380,0.39642,,,,
3265,04/18/2026 04:45:07,25.46,4.82,3.99,25.42,104.898,51403.1,50950.7,33.46,33412.00,101.380,0.39643,,,,
3266,04/18/2026 04:47:07,25.46,5.06,4.19,25.41,104.827,51307.4,50871.9,33.40,33349.79,101.380,0.38938,,,,
3267,04/18/2026 04:49:07,25.46,4.83,3.99,25.41,104.739,51333.3,50897.6,33.42,33366.67,101.380,0.38062,,,,
3268,04/18/2026 04:51:07,25.46,4.83,3.99,25.41,104.739,51387.0,50947.6,33.45,33401.54,101.380,0.38063,,,,
3269,04/18/2026 04:53:07,25.46,4.76,3.94,25.40,104.686,51325.6,50893.2,33.41,33361.66,101.380,0.37536,,,,
3270,04/18/2026 04:55:07,25.45,4.72,3.91,25.40,104.686,51390.4,50963.9,33.47,33403.73,101.380,0.37534,,,,
3271,04/18/2026 04:57:07,25.44,4.68,3.88,25.40,104.651,51335.6,50909.5,33.43,33368.12,101.380,0.37184,,,,
3272,04/18/2026 04:59:07,25.44,4.75,3.93,25.40,104.563,51384.7,50958.3,33.46,33400.08,101.380,0.36308,,,,
3273,04/18/2026 05:01:07,25.45,4.80,3.97,25.40,104.527,51317.3,50891.4,33.41,33356.25,101.380,0.35958,,,,
3274,04/18/2026 05:03:07,25.44,4.88,4.04,25.40,104.545,51339.4,50910.1,33.43,33370.63,101.380,0.36134,,,,
3275,04/18/2026 05:05:07,25.44,4.78,3.96,25.40,104.457,51365.4,50932.7,33.44,33387.54,101.380,0.35260,,,,
3276,04/18/2026 05:07:07,25.44,4.76,3.94,25.40,104.440,51342.2,50912.8,33.43,33372.41,101.380,0.35084,,,,
3277,04/18/2026 05:09:07,25.44,4.74,3.92,25.41,104.369,51344.4,50908.6,33.43,33373.86,101.380,0.34385,,,,
3278,04/18/2026 05:11:07,25.43,5.08,4.21,25.37,104.333,51173.6,50777.8,33.33,33262.81,101.380,0.34023,,,,
3279,04/18/2026 05:13:07,25.41,5.28,4.37,25.34,104.297,51113.2,50753.1,33.31,33223.57,101.380,0.33662,,,,
3280,04/18/2026 05:15:07,25.39,5.12,4.24,25.34,104.174,51211.5,50844.3,33.37,33287.47,101.380,0.32438,,,,
3281,04/18/2026 05:17:07,25.41,4.93,4.08,25.38,104.140,51295.8,50886.2,33.41,33342.27,101.380,0.32101,,,,
3282,04/18/2026 05:19:07,25.42,4.92,4.07,25.39,104.087,51305.7,50889.6,33.41,33348.73,101.380,0.31578,,,,
3283,04/18/2026 05:21:07,25.43,4.83,4.00,25.40,103.999,51310.1,50884.3,33.41,33351.57,101.380,0.30705,,,,
3284,04/18/2026 05:23:07,25.44,4.79,3.97,25.40,103.982,51291.9,50863.0,33.39,33339.76,101.380,0.30531,,,,
3285,04/18/2026 05:25:07,25.43,4.71,3.90,25.38,103.840,51257.7,50851.6,33.38,33317.52,101.380,0.29123,,,,
3286,04/18/2026 05:27:07,25.41,4.72,3.90,25.36,103.769,51256.1,50872.5,33.40,33316.46,101.380,0.28416,,,,
3287,04/18/2026 05:29:07,25.41,4.74,3.92,25.36,103.734,51217.5,50834.3,33.37,33291.40,101.380,0.28066,,,,
3288,04/18/2026 05:31:07,25.40,4.77,3.95,25.35,103.663,51183.4,50813.3,33.35,33269.24,101.380,0.27362,,,,
3289,04/18/2026 05:33:07,25.38,4.76,3.94,25.34,103.628,51179.6,50819.1,33.36,33266.74,101.380,0.27008,,,,
3290,04/18/2026 05:35:07,25.37,4.77,3.95,25.33,103.610,51189.5,50841.8,33.37,33273.17,101.380,0.26829,,,,
3291,04/18/2026 05:37:07,25.37,4.79,3.96,25.32,103.574,51186.8,50845.5,33.37,33271.39,101.380,0.26477,,,,
3292,04/18/2026 05:39:07,25.36,4.93,4.08,25.31,103.504,51157.1,50828.9,33.36,33252.11,101.380,0.25773,,,,
3293,04/18/2026 05:41:07,25.34,4.91,4.07,25.30,103.451,51159.3,50834.3,33.37,33253.54,101.380,0.25247,,,,
3294,04/18/2026 05:43:07,25.35,4.95,4.10,25.30,103.433,51089.1,50771.0,33.32,33207.91,101.380,0.25070,,,,
3295,04/18/2026 05:45:07,25.33,4.91,4.06,25.28,103.380,51115.9,50816.9,33.35,33225.36,101.380,0.24538,,,,
3296,04/18/2026 05:47:07,25.32,4.85,4.01,25.27,103.362,51079.3,50790.1,33.33,33201.51,101.380,0.24360,,,,
3297,04/18/2026 05:49:07,25.31,4.85,4.02,25.27,103.291,51050.8,50765.0,33.31,33183.01,101.380,0.23659,,,,
3298,04/18/2026 05:51:07,25.31,4.89,4.05,25.27,103.309,51071.1,50788.4,33.33,33196.19,101.380,0.23833,,,,
3299,04/18/2026 05:53:07,25.31,4.82,3.99,25.26,103.273,51016.4,50737.2,33.29,33160.64,101.380,0.23482,,,,
3300,04/18/2026 05:55:07,25.31,4.73,3.91,25.29,103.257,51102.8,50794.2,33.34,33216.82,101.380,0.23316,,,,
3301,04/18/2026 05:57:07,25.33,4.61,3.82,25.30,103.239,51120.3,50798.8,33.34,33228.22,101.380,0.23145,,,,
3302,04/18/2026 05:59:07,25.35,4.32,3.57,25.31,103.152,51126.4,50795.1,33.34,33232.14,101.380,0.22272,,,,
3303,04/18/2026 06:01:07,25.34,4.06,3.36,25.29,103.151,51071.6,50766.4,33.31,33196.52,101.380,0.22264,,,,
3304,04/18/2026 06:03:07,25.32,3.86,3.20,25.25,103.132,50986.9,50724.0,33.28,33141.48,101.380,0.22076,,,,
3305,04/18/2026 06:05:07,25.28,3.65,3.02,25.22,103.096,50950.9,50713.8,33.27,33118.07,101.380,0.21718,,,,
3306,04/18/2026 06:07:07,25.26,3.48,2.88,25.22,103.025,50968.8,50738.1,33.29,33129.73,101.380,0.21016,,,,
3307,04/18/2026 06:09:07,25.26,3.25,2.69,25.21,103.043,50982.9,50755.4,33.30,33138.91,101.380,0.21190,,,,
3308,04/18/2026 06:11:07,25.26,3.02,2.50,25.21,102.937,50991.2,50766.8,33.31,33144.29,101.380,0.20138,,,,
3309,04/18/2026 06:13:07,25.26,2.79,2.31,25.21,102.849,51013.0,50788.6,33.33,33158.46,101.380,0.19263,,,,
3310,04/18/2026 06:15:07,25.25,2.63,2.18,25.20,102.796,50996.7,50778.7,33.32,33147.86,101.380,0.18736,,,,
3311,04/18/2026 06:17:07,25.25,2.51,2.08,25.20,102.796,51016.9,50805.2,33.34,33160.95,101.380,0.18734,,,,
3312,04/18/2026 06:19:07,25.24,2.49,2.06,25.20,102.743,51050.2,50841.7,33.37,33182.64,101.380,0.18207,,,,
3313,04/18/2026 06:21:07,25.23,2.39,1.98,25.19,102.637,50984.6,50786.0,33.32,33140.00,101.380,0.17154,,,,
3314,04/18/2026 06:23:07,25.22,2.40,1.98,25.18,102.619,50924.1,50735.3,33.29,33100.64,101.380,0.16976,,,,
3315,04/18/2026 06:25:07,25.22,2.38,1.97,25.17,102.584,50963.9,50781.5,33.32,33126.54,101.380,0.16624,,,,
3316,04/18/2026 06:27:07,25.21,2.34,1.93,25.16,102.584,50940.9,50771.5,33.31,33111.59,101.380,0.16620,,,,
3317,04/18/2026 06:29:07,25.21,2.28,1.89,25.15,102.531,50911.7,50752.0,33.30,33092.59,101.380,0.16092,,,,
3318,04/18/2026 06:31:07,25.20,2.28,1.88,25.14,102.495,50922.6,50769.2,33.31,33099.66,101.380,0.15739,,,,
3319,04/18/2026 06:33:07,25.19,2.26,1.87,25.14,102.425,50928.5,50775.2,33.31,33103.54,101.380,0.15039,,,,
3320,04/18/2026 06:35:07,25.18,2.24,1.85,25.13,102.354,50874.1,50730.5,33.28,33068.13,101.380,0.14336,,,,
3321,04/18/2026 06:37:07,25.18,2.26,1.87,25.13,102.266,50848.6,50708.3,33.26,33051.56,101.380,0.13460,,,,
3322,04/18/2026 06:39:07,25.18,2.26,1.87,25.13,102.178,50873.0,50735.9,33.28,33067.44,101.380,0.12583,,,,
3323,04/18/2026 06:41:07,25.18,2.52,2.09,25.13,102.178,50779.2,50636.0,33.21,33006.48,101.380,0.12585,,,,
3324,04/18/2026 06:43:07,25.18,2.58,2.13,25.14,102.108,50740.3,50587.5,33.18,32981.17,101.380,0.11888,,,,
3325,04/18/2026 06:45:07,25.18,2.63,2.18,25.14,102.073,50723.6,50577.3,33.17,32970.32,101.380,0.11536,,,,
3326,04/18/2026 06:47:07,25.17,2.72,2.26,25.13,102.055,50762.2,50622.2,33.20,32995.43,101.380,0.11359,,,,
3327,04/18/2026 06:49:07,25.17,2.77,2.30,25.13,102.072,50716.3,50579.7,33.17,32965.61,101.380,0.11533,,,,
3328,04/18/2026 06:51:07,25.17,2.81,2.33,25.12,101.984,50688.2,50558.1,33.15,32947.34,101.380,0.10655,,,,
3329,04/18/2026 06:53:07,25.16,2.98,2.46,25.11,101.948,50713.6,50596.2,33.18,32963.81,101.380,0.10301,,,,
3330,04/18/2026 06:55:07,25.15,3.09,2.56,25.10,101.930,50718.0,50616.7,33.20,32966.73,101.380,0.10121,,,,
3331,04/18/2026 06:57:07,25.14,2.89,2.40,25.09,101.913,50651.5,50553.5,33.15,32923.46,101.380,0.09945,,,,
3332,04/18/2026 06:59:07,25.13,2.70,2.24,25.10,101.842,50650.4,50546.0,33.14,32922.78,101.380,0.09247,,,,
3333,04/18/2026 07:01:07,25.14,2.62,2.17,25.09,101.807,50675.4,50577.4,33.17,32939.00,101.380,0.08895,,,,
3334,04/18/2026 07:03:07,25.13,2.47,2.04,25.08,101.772,50710.8,50625.5,33.20,32962.01,101.380,0.08541,,,,
3335,04/18/2026 07:05:07,25.11,2.30,1.91,25.07,101.753,50675.4,50606.3,33.19,32939.00,101.380,0.08361,,,,
3336,04/18/2026 07:07:07,25.11,2.21,1.83,25.06,101.771,50732.6,50673.1,33.24,32976.21,101.380,0.08533,,,,
3337,04/18/2026 07:09:07,25.09,2.17,1.80,25.04,101.735,50715.3,50671.9,33.23,32964.93,101.380,0.08178,,,,
3338,04/18/2026 07:11:07,25.08,2.19,1.81,25.03,101.788,50740.6,50706.9,33.26,32981.41,101.380,0.08700,,,,
3339,04/18/2026 07:13:07,25.07,2.27,1.88,25.03,101.735,50730.2,50699.7,33.25,32974.66,101.380,0.08174,,,,
3340,04/18/2026 07:15:07,25.06,2.27,1.88,25.02,101.699,50749.7,50725.6,33.27,32987.31,101.380,0.07822,,,,
3341,04/18/2026 07:17:07,25.06,2.13,1.76,25.02,101.682,50749.7,50728.8,33.27,32987.31,101.380,0.07646,,,,
3342,04/18/2026 07:19:07,25.05,2.14,1.77,25.01,101.681,50772.4,50764.3,33.30,33002.03,101.380,0.07642,,,,
3343,04/18/2026 07:21:07,25.05,2.28,1.88,25.00,101.646,50754.6,50749.8,33.29,32990.47,101.380,0.07290,,,,
3344,04/18/2026 07:23:07,25.03,2.34,1.94,25.00,101.611,50767.5,50762.7,33.30,32998.86,101.380,0.06940,,,,
3345,04/18/2026 07:25:07,25.02,2.22,1.83,25.00,101.575,50739.3,50744.2,33.28,32980.54,101.380,0.06587,,,,
3346,04/18/2026 07:27:07,24.94,2.32,1.92,24.99,101.487,50806.9,50818.3,33.34,33024.48,101.380,0.05710,,,,
3347,04/18/2026 07:29:07,24.86,3.23,2.67,24.98,101.487,50746.3,50770.5,33.30,32985.07,101.380,0.05706,,,,
3348,04/18/2026 07:31:07,24.76,7.98,6.60,24.95,101.398,50716.0,50769.3,33.30,32965.41,101.380,0.04822,,,,
3349,04/18/2026 07:33:07,24.67,8.48,7.02,24.96,101.363,50582.6,50622.9,33.19,32878.66,101.380,0.04476,,,,
3350,04/18/2026 07:35:07,24.58,8.51,7.04,24.97,101.363,50522.8,50550.2,33.14,32839.80,101.380,0.04480,,,,
3351,04/18/2026 07:37:07,24.46,8.54,7.07,24.95,101.327,50467.7,50523.9,33.12,32803.98,101.380,0.04121,,,,
3352,04/18/2026 07:39:07,24.33,8.57,7.10,24.93,101.309,50386.1,50464.8,33.08,32750.96,101.380,0.03939,,,,
3353,04/18/2026 07:41:07,24.23,8.60,7.15,24.90,101.273,49489.1,49594.8,32.44,32167.89,101.380,0.03580,,,,
3354,04/18/2026 07:43:07,24.16,8.62,7.41,24.87,101.272,41225.1,41334.1,26.47,26796.28,101.380,0.03572,,,,
3355,04/18/2026 07:45:07,24.07,8.64,7.80,24.79,101.164,28612.0,28737.1,17.71,18597.80,101.380,0.02495,,,,
3356,04/18/2026 07:47:07,24.01,8.66,7.95,24.75,101.215,24303.8,24433.5,14.82,15797.48,101.380,0.03006,,,,
3357,04/18/2026 07:49:07,24.00,8.69,8.55,24.73,101.162,5141.4,5170.5,2.78,3341.90,101.380,0.02476,,,,
3358,04/18/2026 07:51:07,24.07,8.67,8.58,24.73,101.179,3408.1,3427.6,1.79,2215.26,101.380,0.02650,,,,
3359,04/18/2026 07:53:07,24.07,8.66,8.65,24.70,101.178,504.2,507.4,0.25,327.74,101.380,0.02640,,,,
3360,04/18/2026 07:55:07,24.10,8.67,8.66,24.69,101.301,435.4,438.2,0.21,283.00,101.380,0.03864,,,,
3361,04/18/2026 07:57:07,24.12,8.67,8.66,24.67,101.283,389.9,392.6,0.19,253.45,101.380,0.03683,,,,
3362,04/18/2026 07:59:07,24.16,8.67,8.66,24.65,101.283,386.3,389.2,0.19,251.12,101.380,0.03676,,,,
3363,04/18/2026 08:01:07,24.20,8.67,8.66,24.65,101.300,361.6,364.3,0.18,235.06,101.380,0.03850,,,,
3364,04/18/2026 08:03:07,24.24,8.68,8.67,24.61,101.263,336.9,339.7,0.16,219.02,101.380,0.03486,,,,
3365,04/18/2026 08:05:07,24.28,8.67,8.66,24.54,101.261,313.5,316.5,0.15,203.78,101.380,0.03466,,,,
3366,04/18/2026 08:07:07,24.33,8.64,8.64,24.47,101.259,303.7,307.2,0.15,197.43,101.380,0.03442,,,,
3367,04/18/2026 08:09:07,24.35,8.64,8.63,24.37,101.256,296.1,300.1,0.14,192.50,101.380,0.03410,,,,
3368,04/18/2026 08:11:07,24.36,8.66,8.65,24.32,101.254,283.4,287.6,0.14,184.24,101.380,0.03393,,,,
3369,04/18/2026 08:13:07,24.39,8.62,8.62,24.30,101.254,278.6,282.8,0.14,181.11,101.380,0.03388,,,,
3370,04/18/2026 08:15:07,24.42,8.63,8.62,24.28,101.253,276.3,280.5,0.14,179.57,101.380,0.03381,,,,
3371,04/18/2026 08:17:07,24.45,8.63,8.63,24.27,101.252,274.8,279.0,0.13,178.59,101.380,0.03377,,,,
3372,04/18/2026 08:19:07,24.54,8.62,8.61,24.31,101.307,274.1,278.1,0.13,178.17,101.380,0.03917,,,,
3373,04/18/2026 08:21:07,24.64,8.62,8.61,24.36,101.273,273.7,277.5,0.13,177.92,101.380,0.03581,,,,
3374,04/18/2026 08:23:07,24.74,8.60,8.59,24.38,101.274,273.6,277.2,0.13,177.83,101.380,0.03590,,,,
3375,04/18/2026 08:25:07,24.80,8.57,8.56,24.38,101.309,274.6,278.2,0.13,178.51,101.380,0.03940,,,,
3376,04/18/2026 08:27:07,24.85,8.56,8.55,24.40,101.274,274.6,278.1,0.13,178.48,101.380,0.03595,,,,
3377,04/18/2026 08:29:07,24.93,8.56,8.55,24.44,101.311,275.5,278.7,0.13,179.05,101.380,0.03957,,,,
3378,04/18/2026 08:31:07,25.01,8.56,8.55,24.44,101.293,275.7,279.0,0.13,179.19,101.380,0.03782,,,,
3379,04/18/2026 08:33:07,25.12,8.54,8.53,24.48,101.347,277.0,280.1,0.14,180.07,101.380,0.04321,,,,
3380,04/18/2026 08:35:07,25.30,8.53,8.52,24.58,101.262,277.9,280.4,0.14,180.67,101.380,0.03476,,,,
3381,04/18/2026 08:37:07,25.42,8.49,8.49,24.60,101.298,279.1,281.5,0.14,181.43,101.380,0.03834,,,,
3382,04/18/2026 08:39:07,25.53,8.47,8.47,24.64,101.300,279.9,282.1,0.14,181.97,101.380,0.03845,,,,
3383,04/18/2026 08:41:07,25.67,8.44,8.43,24.71,101.302,280.6,282.3,0.14,182.36,101.380,0.03870,,,,
3384,04/18/2026 08:43:07,25.79,8.40,8.39,24.78,101.304,282.1,283.4,0.14,183.36,101.380,0.03893,,,,
3385,04/18/2026 08:45:07,25.87,8.40,8.39,24.83,101.306,283.1,284.1,0.14,184.01,101.380,0.03907,,,,
3386,04/18/2026 08:47:07,25.97,8.38,8.38,24.88,101.272,284.0,284.7,0.14,184.59,101.380,0.03573,,,,
3387,04/18/2026 08:49:07,26.04,8.36,8.35,24.89,101.325,284.5,285.2,0.14,184.95,101.380,0.04103,,,,
3388,04/18/2026 08:51:07,26.02,8.35,8.35,24.83,101.358,284.4,285.4,0.14,184.84,101.380,0.04432,,,,
3389,04/18/2026 08:53:07,26.04,8.37,8.36,24.79,101.322,286.6,287.9,0.14,186.30,101.380,0.04069,,,,
3390,04/18/2026 08:55:07,26.08,8.37,8.36,24.80,101.305,289.9,291.2,0.14,188.44,101.380,0.03897,,,,
3391,04/18/2026 08:57:07,26.15,8.35,8.35,24.86,101.324,297.3,298.2,0.14,193.23,101.380,0.04091,,,,
3392,04/18/2026 08:59:07,26.20,8.35,8.34,24.91,101.308,310.1,310.6,0.15,201.54,101.380,0.03934,,,,
3393,04/18/2026 09:01:07,26.25,8.34,8.33,25.00,101.276,321.8,321.8,0.16,209.18,101.380,0.03611,,,,
3394,04/18/2026 09:03:07,26.31,8.35,8.35,25.05,101.295,337.5,337.1,0.16,219.38,101.380,0.03805,,,,
3395,04/18/2026 09:05:07,26.39,8.34,8.33,25.13,101.280,357.1,356.1,0.17,232.13,101.380,0.03655,,,,
3396,04/18/2026 09:07:07,26.42,8.31,8.30,25.16,101.334,384.3,383.0,0.18,249.79,101.380,0.04188,,,,
3397,04/18/2026 09:09:07,26.46,8.31,8.30,25.19,101.335,407.5,405.9,0.20,264.87,101.380,0.04198,,,,
3398,04/18/2026 09:11:07,26.54,8.29,8.28,25.23,101.336,421.1,419.1,0.20,273.70,101.380,0.04211,,,,
3399,04/18/2026 09:13:07,26.56,8.27,8.26,25.22,101.336,489.9,487.7,0.24,318.47,101.380,0.04209,,,,
3400,04/18/2026 09:15:07,26.54,8.27,7.81,25.21,101.336,17634.8,17557.2,10.34,11462.63,101.380,0.04206,,,,
3401,04/18/2026 09:17:07,26.50,8.30,7.51,25.21,101.318,28924.1,28795.0,17.76,18800.69,101.380,0.04032,,,,
3402,04/18/2026 09:19:07,26.54,8.31,7.38,25.23,101.389,33700.7,33541.8,21.01,21905.48,101.380,0.04736,,,,
3403,04/18/2026 09:21:07,26.65,8.27,7.05,25.24,101.390,44167.3,43942.3,28.35,28708.77,101.380,0.04742,,,,
3404,04/18/2026 09:23:07,26.68,8.28,6.98,25.23,101.407,47142.2,46916.9,30.50,30642.40,101.380,0.04912,,,,
3405,04/18/2026 09:25:07,26.70,8.30,6.92,25.19,101.406,49820.2,49619.9,32.47,32383.15,101.380,0.04900,,,,
3406,04/18/2026 09:27:07,26.83,8.31,6.92,25.20,101.406,49840.0,49627.0,32.47,32396.02,101.380,0.04904,,,,
3407,04/18/2026 09:29:07,27.07,8.28,6.89,25.26,101.461,50248.0,49973.0,32.73,32661.19,101.380,0.05448,,,,
3408,04/18/2026 09:31:07,27.32,8.23,6.87,25.27,101.479,49507.4,49224.0,32.18,32179.80,101.380,0.05627,,,,
3409,04/18/2026 09:33:07,27.52,8.22,6.89,25.27,101.496,48863.7,48587.1,31.71,31761.38,101.380,0.05801,,,,
3410,04/18/2026 09:35:07,27.69,8.20,6.89,25.30,101.515,48211.4,47908.1,31.22,31337.41,101.380,0.05986,,,,
3411,04/18/2026 09:37:07,27.83,8.08,6.80,25.35,101.516,47876.4,47524.1,30.94,31119.67,101.380,0.06003,,,,
3412,04/18/2026 09:39:07,27.76,8.11,6.84,25.39,101.553,47401.3,47013.8,30.57,30810.83,101.380,0.06366,,,,
3413,04/18/2026 09:41:07,27.70,8.18,6.90,25.43,101.537,47292.9,46864.9,30.47,30740.38,101.380,0.06205,,,,
3414,04/18/2026 09:43:07,27.71,8.18,6.93,25.47,101.538,46534.7,46078.6,29.90,30247.55,101.380,0.06217,,,,
3415,04/18/2026 09:45:07,27.73,8.17,6.94,25.49,101.609,45661.3,45199.5,29.26,29679.83,101.380,0.06922,,,,
3416,04/18/2026 09:47:07,27.71,8.12,6.91,25.51,101.592,45178.7,44696.4,28.90,29366.16,101.380,0.06756,,,,
3417,04/18/2026 09:49:07,27.52,8.12,6.93,25.54,101.610,44542.3,44047.3,28.43,28952.49,101.380,0.06938,,,,
3418,04/18/2026 09:51:07,27.22,8.30,7.09,25.53,101.645,43934.4,43451.7,28.00,28557.39,101.380,0.07286,,,,
3419,04/18/2026 09:53:07,26.96,8.62,7.39,25.53,101.698,43190.9,42716.3,27.48,28074.08,101.380,0.07811,,,,
3420,04/18/2026 09:55:07,26.76,8.98,7.72,25.53,101.681,42198.4,41734.7,26.77,27428.93,101.380,0.07636,,,,
3421,04/18/2026 09:57:07,26.57,9.22,7.96,25.54,101.734,41415.3,40955.1,26.22,26919.94,101.380,0.08164,,,,
3422,04/18/2026 09:59:07,26.37,9.37,8.09,25.55,101.734,41083.3,40611.4,25.97,26704.17,101.380,0.08170,,,,
3423,04/18/2026 10:01:07,26.14,9.66,8.35,25.57,101.805,41148.4,40657.8,26.01,26746.48,101.380,0.08877,,,,
3424,04/18/2026 10:03:07,25.97,9.84,8.48,25.57,101.893,41550.7,41055.3,26.29,27007.93,101.380,0.09752,,,,
3425,04/18/2026 10:05:07,25.86,10.01,8.61,25.60,101.894,42021.2,41499.3,26.61,27313.77,101.380,0.09760,,,,
3426,04/18/2026 10:07:07,25.81,10.08,8.67,25.62,101.930,42286.1,41742.5,26.78,27485.96,101.380,0.10117,,,,
3427,04/18/2026 10:09:07,25.78,10.15,8.72,25.65,102.019,42493.7,41918.4,26.91,27620.92,101.380,0.11004,,,,
3428,04/18/2026 10:11:07,25.79,10.11,8.67,25.68,102.091,42865.7,42258.8,27.15,27862.73,101.380,0.11714,,,,
3429,04/18/2026 10:13:07,25.80,9.84,8.42,25.70,102.126,43676.1,43044.1,27.72,28389.46,101.380,0.12069,,,,
3430,04/18/2026 10:15:07,25.80,9.43,8.05,25.71,102.180,43951.8,43302.1,27.90,28568.65,101.380,0.12600,,,,
3431,04/18/2026 10:17:07,25.81,9.30,7.93,25.74,102.233,44184.2,43509.3,28.05,28719.74,101.380,0.13133,,,,
3432,04/18/2026 10:19:07,25.81,9.20,7.86,25.74,102.268,44159.9,43482.6,28.03,28703.92,101.380,0.13484,,,,
3433,04/18/2026 10:21:07,25.80,9.23,7.89,25.74,102.321,43781.7,43115.6,27.77,28458.11,101.380,0.14007,,,,
3434,04/18/2026 10:23:07,25.79,9.32,7.96,25.74,102.339,43745.6,43074.6,27.74,28434.62,101.380,0.14184,,,,
3435,04/18/2026 10:25:07,25.79,9.50,8.11,25.77,102.428,44085.9,43385.1,27.96,28655.81,101.380,0.15069,,,,
3436,04/18/2026 10:27:07,25.81,10.22,8.71,25.86,102.484,44523.7,43730.8,28.22,28940.39,101.380,0.15625,,,,
3437,04/18/2026 10:29:07,25.86,10.62,9.05,25.90,102.520,44477.3,43655.1,28.16,28910.26,101.380,0.15987,,,,
3438,04/18/2026 10:31:07,25.89,10.68,9.11,25.90,102.573,44354.9,43534.9,28.08,28830.66,101.380,0.16512,,,,
3439,04/18/2026 10:33:07,25.90,10.82,9.23,25.89,102.678,44276.5,43466.2,28.03,28779.75,101.380,0.17559,,,,
3440,04/18/2026 10:35:07,25.92,10.87,9.28,25.90,102.678,44244.2,43426.3,28.00,28758.72,101.380,0.17563,,,,
3441,04/18/2026 10:37:07,25.93,10.70,9.15,25.89,102.766,43734.5,42934.1,27.64,28427.46,101.380,0.18435,,,,
3442,04/18/2026 10:39:07,25.90,10.50,8.96,25.87,102.854,44301.3,43504.2,28.05,28795.87,101.380,0.19306,,,,
3443,04/18/2026 10:41:07,25.89,10.71,9.15,25.93,102.855,44000.7,43160.2,27.81,28600.46,101.380,0.19324,,,,
3444,04/18/2026 10:43:07,25.90,10.48,8.95,25.93,102.926,43963.8,43121.3,27.78,28576.46,101.380,0.20025,,,,
3445,04/18/2026 10:45:07,25.88,10.41,8.89,25.96,102.927,44375.2,43497.5,28.05,28843.86,101.380,0.20035,,,,
3446,04/18/2026 10:47:07,25.88,10.41,8.91,25.97,102.945,43543.0,42673.8,27.46,28302.94,101.380,0.20213,,,,
3447,04/18/2026 10:49:07,25.90,10.39,8.90,25.98,103.068,43592.8,42711.8,27.49,28335.29,101.380,0.21443,,,,
3448,04/18/2026 10:51:07,25.91,10.61,9.07,25.99,103.086,43884.2,42986.7,27.69,28524.76,101.380,0.21622,,,,
3449,04/18/2026 10:53:07,25.94,10.67,9.13,26.00,103.140,43731.5,42829.0,27.57,28425.50,101.380,0.22151,,,,
3450,04/18/2026 10:55:07,25.98,10.88,9.29,26.02,103.158,44297.2,43372.1,27.96,28793.17,101.380,0.22330,,,,
3451,04/18/2026 10:57:07,26.01,11.04,9.45,26.04,103.194,43671.9,42735.8,27.51,28386.72,101.380,0.22689,,,,
3452,04/18/2026 10:59:07,26.03,10.89,9.33,26.06,103.265,43675.2,42720.3,27.50,28388.89,101.380,0.23397,,,,
3453,04/18/2026 11:01:07,26.05,10.74,9.21,26.07,103.283,43445.2,42487.4,27.33,28239.37,101.380,0.23575,,,,
3454,04/18/2026 11:03:07,26.06,10.77,9.23,26.08,103.389,43528.1,42560.5,27.38,28293.27,101.380,0.24628,,,,
3455,04/18/2026 11:05:07,26.07,10.91,9.35,26.09,103.459,43447.9,42476.7,27.32,28241.12,101.380,0.25331,,,,
3456,04/18/2026 11:07:07,26.08,10.86,9.31,26.10,103.477,43227.1,42253.0,27.16,28097.63,101.380,0.25509,,,,
3457,04/18/2026 11:09:07,26.08,11.01,9.44,26.11,103.530,43348.7,42363.8,27.24,28176.64,101.380,0.26037,,,,
3458,04/18/2026 11:11:07,26.10,11.57,9.90,26.13,103.584,43739.9,42722.1,27.50,28430.93,101.380,0.26572,,,,
3459,04/18/2026 11:13:07,26.14,12.03,10.30,26.15,103.690,43941.7,42903.1,27.63,28562.11,101.380,0.27629,,,,
3460,04/18/2026 11:15:07,26.19,12.27,10.50,26.18,103.656,43919.1,42859.7,27.60,28547.45,101.380,0.27287,,,,
3461,04/18/2026 11:17:07,26.23,12.30,10.53,26.20,103.797,44071.5,42986.8,27.69,28646.46,101.380,0.28696,,,,
3462,04/18/2026 11:19:07,26.26,12.42,10.63,26.23,103.798,44109.5,42999.7,27.70,28671.16,101.380,0.28705,,,,
3463,04/18/2026 11:21:07,26.29,12.68,10.85,26.27,103.800,44057.7,42917.1,27.64,28637.49,101.380,0.28717,,,,
3464,04/18/2026 11:23:07,26.33,12.83,10.97,26.29,103.941,44294.1,43125.8,27.80,28791.17,101.380,0.30126,,,,
3465,04/18/2026 11:25:07,26.33,12.70,10.85,26.30,103.977,44453.2,43269.9,27.90,28894.56,101.380,0.30480,,,,
3466,04/18/2026 11:27:07,26.35,12.94,11.04,26.31,104.030,44789.1,43586.1,28.13,29112.93,101.380,0.31010,,,,
3467,04/18/2026 11:29:07,26.37,12.71,10.83,26.33,104.136,45057.7,43833.7,28.31,29287.51,101.380,0.32066,,,,
3468,04/18/2026 11:31:07,26.35,11.83,10.08,26.32,104.189,45328.5,44105.4,28.50,29463.50,101.380,0.32588,,,,
3469,04/18/2026 11:33:07,26.33,12.39,10.56,26.31,104.224,45144.9,43932.3,28.38,29344.19,101.380,0.32936,,,,
3470,04/18/2026 11:35:07,26.35,12.25,10.41,26.36,104.278,46078.3,44798.7,29.00,29950.88,101.380,0.33477,,,,
3471,04/18/2026 11:37:07,26.36,11.97,10.17,26.37,104.402,45820.8,44540.0,28.82,29783.54,101.380,0.34706,,,,
3472,04/18/2026 11:39:07,26.36,11.86,10.07,26.35,104.383,46023.4,44750.9,28.97,29915.23,101.380,0.34525,,,,
3473,04/18/2026 11:41:07,26.35,11.58,9.83,26.32,104.629,46089.9,44846.3,29.04,29958.42,101.380,0.36966,,,,
3474,04/18/2026 11:43:07,26.34,11.73,9.94,26.30,104.522,46602.1,45367.3,29.41,30291.37,101.380,0.35907,,,,
3475,04/18/2026 11:45:07,26.35,11.85,10.03,26.27,104.539,46719.5,45501.5,29.51,30367.69,101.380,0.36075,,,,
3476,04/18/2026 11:47:07,26.34,11.59,9.83,26.27,104.680,46451.2,45243.0,29.32,30193.31,101.380,0.37475,,,,
3477,04/18/2026 11:49:07,26.31,10.92,9.24,26.28,104.733,46898.1,45672.6,29.63,30483.76,101.380,0.38002,,,,
3478,04/18/2026 11:51:07,26.33,11.65,9.86,26.30,104.822,46863.0,45615.6,29.59,30460.94,101.380,0.38886,,,,
3479,04/18/2026 11:53:07,26.35,11.83,10.00,26.32,104.840,47200.4,45929.7,29.82,30680.26,101.380,0.39066,,,,
3480,04/18/2026 11:55:07,26.39,12.08,10.22,26.37,104.982,47010.1,45698.9,29.65,30556.58,101.380,0.40484,,,,
3481,04/18/2026 11:57:07,26.41,11.96,10.10,26.37,105.106,47508.3,46177.5,30.00,30880.42,101.380,0.41711,,,,
3482,04/18/2026 11:59:07,26.44,11.44,9.65,26.36,105.299,47798.3,46473.9,30.22,31068.92,101.380,0.43633,,,,
3483,04/18/2026 12:01:07,26.44,11.68,9.86,26.37,105.211,47743.4,46406.0,30.17,31033.22,101.380,0.42762,,,,
3484,04/18/2026 12:03:07,26.45,11.15,9.40,26.36,105.317,47939.8,46611.4,30.32,31160.88,101.380,0.43808,,,,
3485,04/18/2026 12:05:07,26.44,11.20,9.44,26.37,105.458,48093.7,46749.4,30.42,31260.91,101.380,0.45213,,,,
3486,04/18/2026 12:07:07,26.44,11.06,9.32,26.36,105.440,48017.8,46684.3,30.37,31211.55,101.380,0.45035,,,,
3487,04/18/2026 12:09:07,26.44,11.15,9.39,26.38,105.529,48039.7,46685.2,30.37,31225.79,101.380,0.45917,,,,
3488,04/18/2026 12:11:07,26.46,11.56,9.74,26.43,105.530,48028.8,46628.2,30.33,31218.71,101.380,0.45934,,,,
3489,04/18/2026 12:13:07,26.49,11.65,9.82,26.45,105.636,48100.4,46680.2,30.37,31265.24,101.380,0.46991,,,,
3490,04/18/2026 12:15:07,26.50,11.52,9.71,26.45,105.778,48115.1,46688.7,30.38,31274.80,101.380,0.48394,,,,
3491,04/18/2026 12:17:07,26.51,11.57,9.75,26.45,105.725,48128.9,46702.0,30.39,31283.76,101.380,0.47869,,,,
3492,04/18/2026 12:19:07,26.51,11.41,9.62,26.46,105.760,48096.7,46668.0,30.36,31262.87,101.380,0.48220,,,,
3493,04/18/2026 12:21:07,26.52,11.60,9.78,26.46,105.883,48025.2,46598.5,30.31,31216.35,101.380,0.49446,,,,
3494,04/18/2026 12:23:07,26.51,11.68,9.85,26.45,105.918,47946.5,46533.8,30.26,31165.22,101.380,0.49792,,,,
3495,04/18/2026 12:25:07,26.49,11.76,9.93,26.42,105.952,47765.8,46384.4,30.15,31047.79,101.380,0.50133,,,,
3496,04/18/2026 12:27:07,26.46,11.81,9.96,26.41,105.917,47716.0,46347.6,30.13,31015.39,101.380,0.49778,,,,
3497,04/18/2026 12:29:07,26.44,11.61,9.80,26.39,106.039,47771.6,46413.1,30.17,31051.55,101.380,0.51000,,,,
3498,04/18/2026 12:31:07,26.43,11.43,9.64,26.38,106.092,47828.8,46480.3,30.22,31088.71,101.380,0.51521,,,,
3499,04/18/2026 12:33:07,26.42,11.23,9.47,26.36,106.249,47839.0,46513.3,30.25,31095.32,101.380,0.53089,,,,
3500,04/18/2026 12:35:07,26.42,11.19,9.43,26.37,106.303,47990.2,46645.9,30.34,31193.65,101.380,0.53620,,,,
3501,04/18/2026 12:37:07,26.40,11.02,9.28,26.35,106.320,48052.2,46729.4,30.40,31233.94,101.380,0.53786,,,,
3502,04/18/2026 12:39:07,26.38,10.89,9.17,26.33,106.319,48134.2,46829.6,30.47,31287.23,101.380,0.53779,,,,
3503,04/18/2026 12:41:07,26.37,10.79,9.08,26.32,106.424,48328.7,47024.7,30.62,31413.63,101.380,0.54828,,,,
3504,04/18/2026 12:43:07,26.36,10.65,8.96,26.32,106.565,48530.1,47220.6,30.76,31544.55,101.380,0.56229,,,,
3505,04/18/2026 12:45:07,26.35,10.51,8.83,26.29,106.670,48727.2,47439.0,30.92,31672.65,101.380,0.57270,,,,
3506,04/18/2026 12:47:07,26.35,10.38,8.71,26.30,106.670,48967.4,47670.0,31.09,31828.83,101.380,0.57271,,,,
3507,04/18/2026 12:49:07,26.35,10.37,8.70,26.30,106.740,49218.2,47908.1,31.26,31991.83,101.380,0.57974,,,,
3508,04/18/2026 12:51:07,26.35,10.35,8.67,26.32,106.706,49353.7,48025.0,31.35,32079.90,101.380,0.57629,,,,
3509,04/18/2026 12:53:07,26.37,10.35,8.67,26.34,106.795,49556.8,48198.6,31.47,32211.91,101.380,0.58513,,,,
3510,04/18/2026 12:55:07,26.39,10.36,8.67,26.35,106.971,49697.8,48323.7,31.57,32303.56,101.380,0.60268,,,,
3511,04/18/2026 12:57:07,26.39,10.38,8.68,26.36,107.007,49840.4,48456.3,31.66,32396.27,101.380,0.60620,,,,
3512,04/18/2026 12:59:07,26.41,10.41,8.71,26.38,106.990,49921.5,48514.0,31.71,32448.96,101.380,0.60453,,,,
3513,04/18/2026 13:01:07,26.43,10.27,8.59,26.39,107.201,50055.8,48635.4,31.80,32536.28,101.380,0.62557,,,,
3514,04/18/2026 13:03:07,26.44,10.18,8.51,26.40,107.131,50137.6,48702.7,31.85,32589.43,101.380,0.61861,,,,
3515,04/18/2026 13:05:07,26.45,10.15,8.49,26.41,107.272,50214.5,48771.4,31.90,32639.43,101.380,0.63264,,,,
3516,04/18/2026 13:07:07,26.46,10.16,8.49,26.42,107.185,50258.5,48801.9,31.92,32668.01,101.380,0.62393,,,,
3517,04/18/2026 13:09:07,26.47,10.16,8.49,26.43,107.290,50344.5,48879.3,31.98,32723.89,101.380,0.63445,,,,
3518,04/18/2026 13:11:07,26.47,10.19,8.51,26.44,107.308,50378.0,48902.8,31.99,32745.72,101.380,0.63624,,,,
3519,04/18/2026 13:13:07,26.48,10.22,8.53,26.45,107.362,50486.4,48998.8,32.06,32816.15,101.380,0.64152,,,,
3520,04/18/2026 13:15:07,26.49,10.21,8.53,26.45,107.485,50493.5,48999.7,32.07,32820.79,101.380,0.65380,,,,
3521,04/18/2026 13:17:07,26.50,10.25,8.56,26.46,107.644,50576.1,49067.5,32.12,32874.44,101.380,0.66960,,,,
3522,04/18/2026 13:19:07,26.51,10.28,8.58,26.47,107.626,50611.0,49092.2,32.13,32897.13,101.380,0.66788,,,,
3523,04/18/2026 13:21:07,26.52,10.33,8.62,26.49,107.680,50634.2,49099.4,32.14,32912.20,101.380,0.67319,,,,
3524,04/18/2026 13:23:07,26.54,10.38,8.67,26.50,107.716,50654.6,49104.0,32.14,32925.48,101.380,0.67674,,,,
3525,04/18/2026 13:25:07,26.55,10.45,8.72,26.52,107.839,50641.1,49072.6,32.12,32916.70,101.380,0.68907,,,,
3526,04/18/2026 13:27:07,26.58,10.67,8.91,26.55,107.893,50670.2,49076.4,32.13,32935.63,101.380,0.69441,,,,
3527,04/18/2026 13:29:07,26.60,10.83,9.05,26.57,107.964,50632.4,49015.4,32.08,32911.07,101.380,0.70149,,,,
3528,04/18/2026 13:31:07,26.63,10.88,9.08,26.59,108.035,50663.3,49023.9,32.09,32931.11,101.380,0.70857,,,,
3529,04/18/2026 13:33:07,26.64,11.13,9.30,26.61,108.106,50522.5,48872.5,31.98,32839.62,101.380,0.71563,,,,
3530,04/18/2026 13:35:07,26.66,11.26,9.40,26.62,108.124,50525.0,48865.8,31.97,32841.23,101.380,0.71741,,,,
3531,04/18/2026 13:37:07,26.66,11.22,9.37,26.62,108.248,50502.6,48844.2,31.96,32826.69,101.380,0.72967,,,,
3532,04/18/2026 13:39:07,26.66,11.19,9.36,26.61,108.406,50220.1,48580.0,31.76,32643.05,101.380,0.74540,,,,
3533,04/18/2026 13:41:07,26.64,11.06,9.27,26.60,108.317,49772.8,48159.3,31.45,32352.30,101.380,0.73660,,,,
3534,04/18/2026 13:43:07,26.62,10.91,9.14,26.56,108.563,49722.2,48140.2,31.44,32319.40,101.380,0.76102,,,,
3535,04/18/2026 13:45:07,26.60,10.67,8.97,26.54,108.421,48931.4,47398.1,30.90,31805.39,101.380,0.74692,,,,
3536,04/18/2026 13:47:07,26.57,10.75,9.04,26.53,108.561,48780.8,47261.1,30.80,31707.53,101.380,0.76090,,,,
3537,04/18/2026 13:49:07,26.55,10.70,8.99,26.51,108.367,48918.6,47415.2,30.91,31797.09,101.380,0.74156,,,,
3538,04/18/2026 13:51:07,26.55,10.75,9.03,26.52,108.543,48967.7,47456.9,30.94,31829.01,101.380,0.75910,,,,
3539,04/18/2026 13:53:07,26.55,10.88,9.14,26.53,108.597,49119.3,47589.1,31.04,31927.56,101.380,0.76440,,,,
3540,04/18/2026 13:55:07,26.55,10.93,9.18,26.53,108.773,48986.2,47457.1,30.94,31841.02,101.380,0.78193,,,,
3541,04/18/2026 13:57:07,26.57,10.98,9.23,26.54,108.791,48990.5,47452.4,30.94,31843.80,101.380,0.78371,,,,
3542,04/18/2026 13:59:07,26.57,10.91,9.17,26.53,108.702,48944.1,47416.4,30.91,31813.70,101.380,0.77492,,,,
3543,04/18/2026 14:01:07,26.57,10.76,9.05,26.52,108.737,48705.5,47202.8,30.75,31658.56,101.380,0.77836,,,,
3544,04/18/2026 14:03:07,26.56,10.81,9.08,26.52,108.790,48848.6,47335.6,30.85,31751.60,101.380,0.78364,,,,
3545,04/18/2026 14:05:07,26.57,10.76,9.05,26.53,108.685,48850.3,47331.4,30.85,31752.69,101.380,0.77315,,,,
3546,04/18/2026 14:07:07,26.57,10.71,9.01,26.53,108.843,48705.9,47194.3,30.75,31658.80,101.380,0.78890,,,,
3547,04/18/2026 14:09:07,26.56,10.68,8.98,26.51,108.913,48745.2,47244.2,30.78,31684.38,101.380,0.79586,,,,
3548,04/18/2026 14:11:07,26.57,10.77,9.06,26.53,108.896,48832.5,47308.3,30.83,31741.14,101.380,0.79419,,,,
3549,04/18/2026 14:13:07,26.58,10.79,9.07,26.54,108.914,48823.5,47293.6,30.82,31735.27,101.380,0.79596,,,,
3550,04/18/2026 14:15:07,26.58,10.83,9.11,26.54,109.055,48925.4,47389.4,30.89,31801.54,101.380,0.80998,,,,
3551,04/18/2026 14:17:07,26.60,11.18,9.39,26.58,109.039,49098.4,47518.6,30.99,31913.99,101.380,0.80837,,,,
3552,04/18/2026 14:19:07,26.62,11.42,9.59,26.60,109.197,49295.7,47697.6,31.12,32042.19,101.380,0.82417,,,,
3553,04/18/2026 14:21:07,26.65,11.44,9.60,26.62,109.251,49533.8,47904.2,31.27,32196.94,101.380,0.82951,,,,
3554,04/18/2026 14:23:07,26.66,11.70,9.81,26.64,109.234,49799.0,48142.8,31.44,32369.36,101.380,0.82782,,,,
3555,04/18/2026 14:25:07,26.70,11.74,9.84,26.69,109.253,49922.2,48214.0,31.50,32449.45,101.380,0.82974,,,,
3556,04/18/2026 14:27:07,26.73,11.74,9.82,26.72,109.255,50358.4,48605.1,31.79,32732.94,101.380,0.82985,,,,
3557,04/18/2026 14:29:07,26.76,11.68,9.77,26.74,109.308,50398.8,48622.9,31.80,32759.20,101.380,0.83517,,,,
3558,04/18/2026 14:31:07,26.77,11.73,9.81,26.74,109.414,50381.6,48603.4,31.79,32748.03,101.380,0.84569,,,,
3559,04/18/2026 14:33:07,26.76,11.42,9.55,26.70,109.395,50390.2,48653.8,31.82,32753.62,101.380,0.84379,,,,
3560,04/18/2026 14:35:07,26.77,11.63,9.72,26.74,109.467,50694.1,48904.9,32.01,32951.18,101.380,0.85095,,,,
3561,04/18/2026 14:37:07,26.78,11.71,9.78,26.75,109.273,50720.1,48926.9,32.02,32968.09,101.380,0.83169,,,,
3562,04/18/2026 14:39:07,26.78,11.69,9.76,26.74,109.431,50724.0,48933.6,32.03,32970.57,101.380,0.84744,,,,
3563,04/18/2026 14:41:07,26.78,11.58,9.68,26.74,109.484,50711.1,48924.3,32.02,32962.21,101.380,0.85269,,,,
3564,04/18/2026 14:43:07,26.78,11.44,9.56,26.74,109.643,50816.1,49022.5,32.09,33030.45,101.380,0.86846,,,,
3565,04/18/2026 14:45:07,26.78,11.43,9.55,26.74,109.643,50828.0,49034.0,32.10,33038.17,101.380,0.86846,,,,
3566,04/18/2026 14:47:07,26.79,11.43,9.54,26.74,109.695,50850.3,49058.5,32.12,33052.67,101.380,0.87370,,,,
3567,04/18/2026 14:49:07,26.78,11.34,9.47,26.73,109.730,50796.6,49012.8,32.09,33017.78,101.380,0.87719,,,,
3568,04/18/2026 14:51:07,26.77,11.37,9.49,26.73,109.765,50861.1,49078.1,32.13,33059.70,101.380,0.88068,,,,
3569,04/18/2026 14:53:07,26.77,11.32,9.45,26.72,109.730,50839.4,49069.4,32.13,33045.63,101.380,0.87713,,,,
3570,04/18/2026 14:55:07,26.77,11.28,9.42,26.72,109.800,50767.4,48996.8,32.07,32998.78,101.380,0.88415,,,,
3571,04/18/2026 14:57:07,26.76,11.28,9.42,26.71,109.888,50823.1,49059.7,32.12,33035.00,101.380,0.89287,,,,
3572,04/18/2026 14:59:07,26.76,11.39,9.51,26.72,109.871,50867.7,49093.6,32.14,33063.99,101.380,0.89115,,,,
3573,04/18/2026 15:01:07,26.77,11.48,9.58,26.74,109.713,50907.9,49114.1,32.16,33090.11,101.380,0.87546,,,,
3574,04/18/2026 15:03:07,26.78,11.47,9.58,26.74,109.836,50854.1,49062.2,32.12,33055.15,101.380,0.88772,,,,
3575,04/18/2026 15:05:07,26.79,11.51,9.62,26.75,109.960,50828.6,49028.5,32.10,33038.59,101.380,0.90001,,,,
3576,04/18/2026 15:07:07,26.78,11.34,9.47,26.73,109.959,50818.2,49036.7,32.10,33031.83,101.380,0.89994,,,,
3577,04/18/2026 15:09:07,26.77,11.17,9.33,26.71,109.959,50736.1,48972.6,32.06,32978.45,101.380,0.89989,,,,
3578,04/18/2026 15:11:07,26.76,11.16,9.32,26.71,109.941,50817.8,49051.5,32.11,33031.56,101.380,0.89814,,,,
3579,04/18/2026 15:13:07,26.76,11.21,9.36,26.72,109.994,50744.1,48974.3,32.06,32983.65,101.380,0.90341,,,,
3580,04/18/2026 15:15:07,26.75,11.09,9.26,26.71,110.064,50773.9,49015.3,32.09,33003.05,101.380,0.91038,,,,
3581,04/18/2026 15:17:07,26.74,10.95,9.15,26.68,109.993,50709.4,48977.3,32.06,32961.09,101.380,0.90329,,,,
3582,04/18/2026 15:19:07,26.72,10.88,9.09,26.66,110.133,50687.9,48980.8,32.06,32947.11,101.380,0.91721,,,,
3583,04/18/2026 15:21:07,26.70,10.81,9.03,26.64,110.062,50641.1,48953.8,32.04,32916.71,101.380,0.91014,,,,
3584,04/18/2026 15:23:07,26.70,10.85,9.06,26.64,110.044,50625.9,48945.2,32.03,32906.82,101.380,0.90837,,,,
3585,04/18/2026 15:25:07,26.69,10.83,9.04,26.64,110.150,50629.7,48945.8,32.03,32909.29,101.380,0.91889,,,,
3586,04/18/2026 15:27:07,26.69,10.84,9.05,26.64,109.956,50633.5,48952.5,32.04,32911.76,101.380,0.89961,,,,
3587,04/18/2026 15:29:07,26.69,10.80,9.02,26.63,110.009,50666.7,48987.7,32.06,32933.37,101.380,0.90486,,,,
3588,04/18/2026 15:31:07,26.67,10.87,9.08,26.63,110.044,50609.6,48932.5,32.02,32896.24,101.380,0.90836,,,,
3589,04/18/2026 15:33:07,26.67,10.86,9.07,26.63,110.149,50642.5,48964.3,32.05,32917.61,101.380,0.91887,,,,
3590,04/18/2026 15:35:07,26.67,10.85,9.06,26.63,110.185,50648.4,48969.9,32.05,32921.43,101.380,0.92237,,,,
3591,04/18/2026 15:37:07,26.67,10.87,9.07,26.63,110.167,50631.1,48956.3,32.04,32910.18,101.380,0.92061,,,,
3592,04/18/2026 15:39:07,26.68,10.87,9.07,26.63,110.378,50662.6,48983.7,32.06,32930.66,101.380,0.94164,,,,
3593,04/18/2026 15:41:07,26.68,10.90,9.10,26.64,110.185,50668.4,48980.3,32.06,32934.49,101.380,0.92240,,,,
3594,04/18/2026 15:43:07,26.69,11.01,9.20,26.66,110.045,50670.5,48967.1,32.05,32935.84,101.380,0.90845,,,,
3595,04/18/2026 15:45:07,26.71,10.99,9.18,26.67,110.203,50688.5,48975.4,32.06,32947.55,101.380,0.92424,,,,
3596,04/18/2026 15:47:07,26.72,11.07,9.24,26.67,110.239,50706.2,48989.4,32.07,32959.05,101.380,0.92775,,,,
3597,04/18/2026 15:49:07,26.71,10.94,9.14,26.66,110.309,50644.6,48935.9,32.03,32918.96,101.380,0.93474,,,,
3598,04/18/2026 15:51:07,26.71,10.66,8.91,26.65,110.361,50585.4,48890.9,31.99,32880.52,101.380,0.93995,,,,
3599,04/18/2026 15:53:07,26.71,10.73,8.96,26.65,110.203,50636.6,48937.3,32.03,32913.78,101.380,0.92420,,,,
3600,04/18/2026 15:55:07,26.71,10.99,9.18,26.67,110.151,50645.9,48934.2,32.03,32919.86,101.380,0.91899,,,,
3601,04/18/2026 15:57:07,26.71,10.77,8.99,26.66,110.098,50679.9,48973.1,32.05,32941.92,101.380,0.91371,,,,
3602,04/18/2026 15:59:07,26.70,10.60,8.86,26.65,110.185,50601.7,48906.6,32.00,32891.08,101.380,0.92244,,,,
3603,04/18/2026 16:01:07,26.70,10.56,8.82,26.65,110.097,50725.7,49029.5,32.09,32971.69,101.380,0.91367,,,,
3604,04/18/2026 16:03:07,26.70,10.61,8.86,26.64,110.132,50755.9,49061.8,32.12,32991.34,101.380,0.91716,,,,
3605,04/18/2026 16:05:07,26.69,10.82,9.03,26.64,110.132,50784.7,49092.7,32.14,33010.07,101.380,0.91715,,,,
3606,04/18/2026 16:07:07,26.69,10.90,9.10,26.64,110.202,50910.6,49214.4,32.23,33091.90,101.380,0.92415,,,,
3607,04/18/2026 16:09:07,26.69,10.56,8.81,26.64,110.326,50859.0,49167.5,32.20,33058.32,101.380,0.93640,,,,
3608,04/18/2026 16:11:07,26.69,10.85,9.05,26.64,110.185,51062.3,49367.1,32.34,33190.50,101.380,0.92238,,,,
3609,04/18/2026 16:13:07,26.69,10.92,9.10,26.63,110.272,51108.3,49417.7,32.38,33220.39,101.380,0.93112,,,,
3610,04/18/2026 16:15:07,26.67,10.87,9.06,26.63,110.149,51294.1,49597.4,32.51,33341.16,101.380,0.91886,,,,
3611,04/18/2026 16:17:07,26.67,10.82,9.01,26.61,110.113,51275.4,49597.7,32.51,33328.98,101.380,0.91529,,,,
3612,04/18/2026 16:19:07,26.66,10.83,9.02,26.60,110.096,51446.2,49769.2,32.64,33440.04,101.380,0.91352,,,,
3613,04/18/2026 16:21:07,26.65,10.68,8.88,26.59,110.394,51564.5,49902.2,32.73,33516.92,101.380,0.94323,,,,
3614,04/18/2026 16:23:07,26.62,10.53,8.76,26.55,110.340,51643.7,50013.0,32.81,33568.40,101.380,0.93786,,,,
3615,04/18/2026 16:25:07,26.60,10.39,8.64,26.53,110.128,51664.2,50051.6,32.84,33581.75,101.380,0.91678,,,,
3616,04/18/2026 16:27:07,26.58,10.30,8.56,26.52,109.987,51757.3,50154.2,32.92,33642.24,101.380,0.90273,,,,
3617,04/18/2026 16:29:07,26.57,10.28,8.54,26.52,109.987,51793.1,50195.1,32.95,33665.48,101.380,0.90270,,,,
3618,04/18/2026 16:31:07,26.56,10.25,8.51,26.51,110.216,51804.3,50209.2,32.96,33672.82,101.380,0.92546,,,,
3619,04/18/2026 16:33:07,26.55,10.25,8.52,26.51,109.934,51821.1,50228.5,32.97,33683.69,101.380,0.89743,,,,
3620,04/18/2026 16:35:07,26.56,10.29,8.55,26.52,110.022,51861.2,50261.2,33.00,33709.79,101.380,0.90621,,,,
3621,04/18/2026 16:37:07,26.56,10.31,8.56,26.51,110.233,51879.5,50282.0,33.01,33721.67,101.380,0.92721,,,,
3622,04/18/2026 16:39:07,26.55,10.41,8.65,26.52,109.969,51905.2,50297.5,33.02,33738.39,101.380,0.90097,,,,
3623,04/18/2026 16:41:07,26.57,10.45,8.68,26.52,110.058,51985.0,50374.9,33.08,33790.27,101.380,0.90973,,,,
3624,04/18/2026 16:43:07,26.56,10.44,8.66,26.52,110.093,51962.3,50359.1,33.07,33775.49,101.380,0.91321,,,,
3625,04/18/2026 16:45:07,26.56,10.32,8.57,26.50,110.004,51962.3,50371.6,33.08,33775.49,101.380,0.90441,,,,
3626,04/18/2026 16:47:07,26.55,10.24,8.50,26.49,109.881,51967.4,50386.0,33.09,33778.80,101.380,0.89212,,,,
3627,04/18/2026 16:49:07,26.54,10.20,8.46,26.49,109.845,51990.4,50417.8,33.11,33793.79,101.380,0.88859,,,,
3628,04/18/2026 16:51:07,26.54,10.16,8.44,26.48,109.951,52030.0,50459.3,33.14,33819.51,101.380,0.89908,,,,
3629,04/18/2026 16:53:07,26.53,10.09,8.37,26.47,109.792,52061.8,50499.5,33.17,33840.19,101.380,0.88329,,,,
3630,04/18/2026 16:55:07,26.53,10.05,8.34,26.47,109.756,52055.2,50499.4,33.17,33835.89,101.380,0.87977,,,,
3631,04/18/2026 16:57:07,26.51,9.97,8.27,26.45,109.738,52120.5,50575.3,33.22,33878.30,101.380,0.87797,,,,
3632,04/18/2026 16:59:07,26.50,9.87,8.18,26.44,109.597,52151.2,50624.0,33.26,33898.27,101.380,0.86390,,,,
3633,04/18/2026 17:01:07,26.49,9.74,8.08,26.42,109.825,52156.3,50651.1,33.28,33901.60,101.380,0.88659,,,,
3634,04/18/2026 17:03:07,26.46,9.67,8.02,26.41,109.631,52165.6,50669.6,33.29,33907.65,101.380,0.86730,,,,
3635,04/18/2026 17:05:07,26.45,9.54,7.91,26.39,109.613,52192.5,50711.4,33.32,33925.11,101.380,0.86549,,,,
3636,04/18/2026 17:07:07,26.44,9.48,7.86,26.38,109.683,52207.9,50735.9,33.34,33935.12,101.380,0.87247,,,,
3637,04/18/2026 17:09:07,26.43,9.46,7.84,26.38,109.718,52268.3,50794.7,33.38,33974.41,101.380,0.87597,,,,
3638,04/18/2026 17:11:07,26.43,9.54,7.90,26.39,109.507,52336.7,50848.4,33.42,34018.88,101.380,0.85500,,,,
3639,04/18/2026 17:13:07,26.44,9.51,7.88,26.40,109.719,52294.1,50803.8,33.39,33991.14,101.380,0.87602,,,,
3640,04/18/2026 17:15:07,26.44,9.43,7.81,26.38,109.560,52328.7,50850.1,33.42,34013.64,101.380,0.86022,,,,
3641,04/18/2026 17:17:07,26.43,9.38,7.77,26.37,109.612,52338.0,50875.0,33.44,34019.68,101.380,0.86542,,,,
3642,04/18/2026 17:19:07,26.42,9.34,7.73,26.36,109.489,52376.6,50918.9,33.47,34044.78,101.380,0.85314,,,,
3643,04/18/2026 17:21:07,26.41,9.28,7.69,26.34,109.312,52361.1,50926.0,33.48,34034.71,101.380,0.83556,,,,
3644,04/18/2026 17:23:07,26.39,9.26,7.67,26.34,109.329,52341.7,50913.5,33.47,34022.09,101.380,0.83729,,,,
3645,04/18/2026 17:25:07,26.39,9.22,7.64,26.33,109.664,52325.2,50900.6,33.46,34011.38,101.380,0.87055,,,,
3646,04/18/2026 17:27:07,26.38,9.20,7.62,26.33,109.470,52356.1,50937.1,33.49,34031.49,101.380,0.85126,,,,
3647,04/18/2026 17:29:07,26.38,9.17,7.60,26.31,109.399,52407.8,51000.1,33.53,34065.07,101.380,0.84422,,,,
3648,04/18/2026 17:31:07,26.36,9.16,7.59,26.31,109.469,52409.2,51004.7,33.54,34066.00,101.380,0.85121,,,,
3649,04/18/2026 17:33:07,26.36,9.14,7.57,26.31,109.293,52376.8,50979.4,33.52,34044.92,101.380,0.83368,,,,
3650,04/18/2026 17:35:07,26.35,9.10,7.54,26.30,109.434,52362.8,50969.0,33.51,34035.79,101.380,0.84768,,,,
3651,04/18/2026 17:37:07,26.34,9.07,7.51,26.30,109.398,52389.6,50998.3,33.53,34053.24,101.380,0.84416,,,,
3652,04/18/2026 17:39:07,26.34,9.04,7.48,26.30,109.451,52414.4,51025.6,33.55,34069.37,101.380,0.84941,,,,
3653,04/18/2026 17:41:07,26.33,9.01,7.45,26.29,109.451,52435.1,51055.3,33.57,34082.82,101.380,0.84938,,,,
3654,04/18/2026 17:43:07,26.33,8.96,7.42,26.28,109.046,52351.2,50976.8,33.51,34028.28,101.380,0.80909,,,,
3655,04/18/2026 17:45:07,26.33,8.90,7.37,26.27,109.292,52401.6,51035.4,33.56,34061.04,101.380,0.83357,,,,
3656,04/18/2026 17:47:07,26.32,8.86,7.33,26.27,109.186,52370.4,51008.2,33.54,34040.75,101.380,0.82306,,,,
3657,04/18/2026 17:49:07,26.32,8.83,7.31,26.27,109.169,52402.8,51043.0,33.56,34061.84,101.380,0.82129,,,,
3658,04/18/2026 17:51:07,26.31,8.78,7.27,26.26,109.291,52360.1,51010.9,33.54,34034.04,101.380,0.83352,,,,
3659,04/18/2026 17:53:07,26.31,8.73,7.23,26.25,108.939,52335.7,50993.6,33.53,34018.22,101.380,0.79848,,,,
3660,04/18/2026 17:55:07,26.29,8.71,7.22,26.23,109.009,52257.0,50945.5,33.49,33967.08,101.380,0.80539,,,,
3661,04/18/2026 17:57:07,26.27,8.73,7.23,26.20,109.096,52223.5,50944.6,33.49,33945.29,101.380,0.81404,,,,
3662,04/18/2026 17:59:07,26.25,8.72,7.22,26.18,108.989,52279.8,51018.7,33.54,33981.89,101.380,0.80347,,,,
3663,04/18/2026 18:01:07,26.24,8.70,7.20,26.17,109.042,52258.0,51003.8,33.53,33967.72,101.380,0.80870,,,,
3664,04/18/2026 18:03:07,26.23,8.71,7.21,26.16,108.971,52268.6,51023.6,33.54,33974.56,101.380,0.80166,,,,
3665,04/18/2026 18:05:07,26.21,8.71,7.21,26.15,108.865,52291.4,51061.8,33.57,33989.39,101.380,0.79110,,,,
3666,04/18/2026 18:07:07,26.19,8.71,7.20,26.14,108.794,52293.1,51073.1,33.58,33990.48,101.380,0.78407,,,,
3667,04/18/2026 18:09:07,26.19,8.67,7.18,26.13,108.988,52235.0,51022.7,33.54,33952.76,101.380,0.80331,,,,
3668,04/18/2026 18:11:07,26.17,8.63,7.14,26.12,108.776,52292.8,51092.0,33.59,33990.34,101.380,0.78226,,,,
3669,04/18/2026 18:13:07,26.17,8.59,7.11,26.12,108.882,52270.0,51072.9,33.58,33975.51,101.380,0.79275,,,,
3670,04/18/2026 18:15:07,26.16,8.57,7.09,26.11,108.617,52281.5,51093.7,33.59,33983.00,101.380,0.76645,,,,
3671,04/18/2026 18:17:07,26.15,8.52,7.05,26.10,108.723,52226.0,51049.0,33.56,33946.88,101.380,0.77693,,,,
3672,04/18/2026 18:19:07,26.15,8.49,7.02,26.09,108.670,52273.7,51102.1,33.60,33977.91,101.380,0.77165,,,,
3673,04/18/2026 18:21:07,26.14,8.49,7.02,26.08,108.511,52285.2,51122.9,33.61,33985.39,101.380,0.75586,,,,
3674,04/18/2026 18:23:07,26.13,8.41,6.96,26.08,108.458,52267.3,51108.6,33.60,33973.76,101.380,0.75060,,,,
3675,04/18/2026 18:25:07,26.13,8.38,6.93,26.08,108.405,52272.5,51113.7,33.61,33977.11,101.380,0.74535,,,,
3676,04/18/2026 18:27:07,26.12,8.33,6.89,26.08,108.387,52287.9,51132.0,33.62,33987.14,101.380,0.74358,,,,
3677,04/18/2026 18:29:07,26.12,8.34,6.90,26.07,108.194,52275.2,51122.7,33.61,33978.86,101.380,0.72431,,,,
3678,04/18/2026 18:31:07,26.12,8.21,6.79,26.07,108.352,52285.2,51132.5,33.62,33985.39,101.380,0.74007,,,,
3679,04/18/2026 18:33:07,26.11,8.18,6.77,26.07,108.211,52303.4,51153.4,33.64,33997.18,101.380,0.72605,,,,
3680,04/18/2026 18:35:07,26.11,8.12,6.72,26.07,108.158,52311.0,51160.9,33.64,34002.13,101.380,0.72080,,,,
3681,04/18/2026 18:37:07,26.11,8.12,6.71,26.06,108.264,52303.4,51159.9,33.64,33997.18,101.380,0.73128,,,,
3682,04/18/2026 18:39:07,26.10,8.09,6.69,26.06,108.264,52334.3,51196.5,33.67,34017.27,101.380,0.73126,,,,
3683,04/18/2026 18:41:07,26.10,8.02,6.63,26.06,108.211,52253.1,51117.1,33.61,33964.54,101.380,0.72601,,,,
3684,04/18/2026 18:43:07,26.10,8.01,6.62,26.05,108.211,52287.7,51157.3,33.64,33986.99,101.380,0.72599,,,,
3685,04/18/2026 18:45:07,26.10,8.00,6.61,26.05,108.070,52287.7,51157.3,33.64,33986.99,101.380,0.71198,,,,
3686,04/18/2026 18:47:07,26.09,7.94,6.57,26.05,108.122,52213.0,51087.5,33.59,33938.45,101.380,0.71722,,,,
3687,04/18/2026 18:49:07,26.10,7.87,6.51,26.04,108.157,52227.2,51110.9,33.60,33947.68,101.380,0.72069,,,,
3688,04/18/2026 18:51:07,26.09,7.74,6.40,26.04,107.946,52209.1,51093.2,33.59,33935.91,101.380,0.69968,,,,
3689,04/18/2026 18:53:07,26.08,7.74,6.40,26.03,108.034,52167.1,51061.7,33.57,33908.61,101.380,0.70840,,,,
3690,04/18/2026 18:55:07,26.08,7.59,6.28,26.03,107.999,52162.9,51057.6,33.56,33905.89,101.380,0.70490,,,,
3691,04/18/2026 18:57:07,26.07,7.72,6.39,26.01,107.769,52137.3,51054.9,33.56,33889.25,101.380,0.68206,,,,
3692,04/18/2026 18:59:07,26.05,7.81,6.46,25.98,107.768,52098.8,51052.4,33.56,33864.21,101.380,0.68195,,,,
3693,04/18/2026 19:01:07,26.04,7.82,6.47,25.97,108.102,52105.1,51065.0,33.57,33868.32,101.380,0.71520,,,,
3694,04/18/2026 19:03:07,26.02,7.81,6.46,25.95,107.679,52106.3,51085.4,33.58,33869.11,101.380,0.67311,,,,
3695,04/18/2026 19:05:07,26.00,7.72,6.39,25.95,107.802,52163.2,51141.1,33.62,33906.07,101.380,0.68537,,,,
3696,04/18/2026 19:07:07,25.99,7.73,6.39,25.93,107.696,52109.0,51107.3,33.60,33870.87,101.380,0.67480,,,,
3697,04/18/2026 19:09:07,25.99,7.64,6.32,25.94,107.819,52124.4,51115.9,33.60,33880.84,101.380,0.68708,,,,
3698,04/18/2026 19:11:07,25.99,7.56,6.25,25.94,107.890,52128.3,51119.7,33.60,33883.38,101.380,0.69409,,,,
3699,04/18/2026 19:13:07,25.98,7.46,6.17,25.94,107.643,52196.1,51186.3,33.65,33927.48,101.380,0.66957,,,,
3700,04/18/2026 19:15:07,25.99,7.36,6.09,25.94,107.696,52123.2,51114.7,33.60,33880.06,101.380,0.67482,,,,
3701,04/18/2026 19:17:07,25.98,7.29,6.03,25.94,107.731,52169.5,51163.4,33.64,33910.20,101.380,0.67831,,,,
3702,04/18/2026 19:19:07,25.98,7.23,5.98,25.93,107.784,52143.9,51141.5,33.62,33893.55,101.380,0.68356,,,,
3703,04/18/2026 19:21:07,25.98,7.16,5.92,25.93,107.766,52178.6,51175.5,33.65,33916.07,101.380,0.68181,,,,
3704,04/18/2026 19:23:07,25.98,7.06,5.84,25.94,107.608,52134.9,51129.4,33.61,33887.68,101.380,0.66606,,,,
3705,04/18/2026 19:25:07,25.98,7.00,5.79,25.94,107.591,52158.1,51152.2,33.63,33902.75,101.380,0.66431,,,,
3706,04/18/2026 19:27:07,25.98,6.94,5.74,25.93,107.502,52110.5,51108.7,33.60,33871.83,101.380,0.65554,,,,
3707,04/18/2026 19:29:07,25.98,6.89,5.70,25.93,107.555,52137.3,51138.2,33.62,33889.25,101.380,0.66078,,,,
3708,04/18/2026 19:31:07,25.97,6.86,5.67,25.92,107.291,52146.3,51156.7,33.63,33895.12,101.380,0.63449,,,,
3709,04/18/2026 19:33:07,25.96,6.79,5.62,25.92,107.449,52103.0,51117.4,33.60,33866.95,101.380,0.65023,,,,
3710,04/18/2026 19:35:07,25.97,6.70,5.54,25.91,107.343,52134.9,51155.1,33.63,33887.68,101.380,0.63971,,,,
3711,04/18/2026 19:37:07,25.96,6.66,5.50,25.90,107.202,52109.3,51142.8,33.62,33871.05,101.380,0.62566,,,,
3712,04/18/2026 19:39:07,25.95,6.61,5.47,25.90,107.378,52129.8,51162.9,33.63,33884.35,101.380,0.64317,,,,
3713,04/18/2026 19:41:07,25.94,6.55,5.42,25.89,107.131,52039.0,51080.2,33.57,33825.36,101.380,0.61863,,,,
3714,04/18/2026 19:43:07,25.94,6.50,5.38,25.89,107.202,52077.2,51120.8,33.60,33850.15,101.380,0.62563,,,,
3715,04/18/2026 19:45:07,25.93,6.44,5.33,25.88,107.025,52069.6,51123.1,33.60,33845.26,101.380,0.60809,,,,
3716,04/18/2026 19:47:07,25.93,6.42,5.31,25.87,106.990,52089.8,51155.7,33.63,33858.36,101.380,0.60454,,,,
3717,04/18/2026 19:49:07,25.91,6.39,5.28,25.86,107.077,52060.3,51136.4,33.61,33839.21,101.380,0.61327,,,,
3718,04/18/2026 19:51:07,25.91,6.33,5.24,25.86,107.060,52056.4,51132.6,33.61,33836.67,101.380,0.61152,,,,
3719,04/18/2026 19:53:07,25.91,6.32,5.23,25.85,106.884,52039.9,51122.8,33.60,33825.94,101.380,0.59398,,,,
3720,04/18/2026 19:55:07,25.90,6.26,5.18,25.85,107.024,52003.3,51096.5,33.58,33802.17,101.380,0.60796,,,,
3721,04/18/2026 19:57:07,25.89,6.20,5.12,25.84,106.848,52036.0,51138.2,33.61,33823.40,101.380,0.59042,,,,
3722,04/18/2026 19:59:07,25.89,6.15,5.09,25.84,106.883,51999.4,51095.8,33.58,33799.63,101.380,0.59394,,,,
3723,04/18/2026 20:01:07,25.88,6.09,5.04,25.83,106.813,52032.4,51137.9,33.61,33821.07,101.380,0.58691,,,,
3724,04/18/2026 20:03:07,25.87,6.05,5.01,25.82,106.759,51991.6,51110.7,33.59,33794.57,101.380,0.58161,,,,
3725,04/18/2026 20:05:07,25.87,6.03,4.99,25.81,106.724,52010.8,51135.9,33.61,33807.04,101.380,0.57809,,,,
3726,04/18/2026 20:07:07,25.86,6.00,4.96,25.81,106.741,52012.0,51140.3,33.61,33807.81,101.380,0.57983,,,,
3727,04/18/2026 20:09:07,25.86,5.97,4.94,25.81,106.636,51964.7,51100.2,33.58,33777.04,101.380,0.56931,,,,
3728,04/18/2026 20:11:07,25.85,5.96,4.93,25.79,106.529,51939.2,51091.2,33.58,33760.51,101.380,0.55875,,,,
3729,04/18/2026 20:13:07,25.84,5.94,4.91,25.78,106.564,51959.6,51117.7,33.60,33773.73,101.380,0.56223,,,,
3730,04/18/2026 20:15:07,25.82,5.92,4.89,25.78,106.441,51956.0,51120.6,33.60,33771.41,101.380,0.54995,,,,
3731,04/18/2026 20:17:07,25.82,5.89,4.87,25.77,106.634,51943.1,51114.3,33.59,33763.04,101.380,0.56919,,,,
3732,04/18/2026 20:19:07,25.82,5.91,4.89,25.77,106.405,51921.6,51099.6,33.58,33749.06,101.380,0.54641,,,,
3733,04/18/2026 20:21:07,25.81,5.85,4.84,25.77,106.229,51942.0,51119.6,33.60,33762.27,101.380,0.52890,,,,
3734,04/18/2026 20:23:07,25.81,5.79,4.78,25.76,106.511,51922.8,51104.0,33.59,33749.83,101.380,0.55690,,,,
3735,04/18/2026 20:25:07,25.81,5.73,4.74,25.76,106.352,51947.0,51131.0,33.61,33765.57,101.380,0.54113,,,,
3736,04/18/2026 20:27:07,25.81,5.76,4.77,25.75,106.440,51921.6,51115.6,33.59,33749.06,101.380,0.54986,,,,
3737,04/18/2026 20:29:07,25.80,5.72,4.73,25.75,106.423,51956.0,51149.5,33.62,33771.41,101.380,0.54811,,,,
3738,04/18/2026 20:31:07,25.79,5.70,4.71,25.74,106.352,51901.3,51102.1,33.58,33735.86,101.380,0.54108,,,,
3739,04/18/2026 20:33:07,25.79,5.62,4.65,25.74,106.141,51892.4,51096.5,33.58,33730.03,101.380,0.52006,,,,
3740,04/18/2026 20:35:07,25.78,5.57,4.61,25.74,106.299,51921.6,51125.3,33.60,33749.06,101.380,0.53582,,,,
3741,04/18/2026 20:37:07,25.78,5.60,4.63,25.72,106.281,51870.9,51097.8,33.58,33716.08,101.380,0.53400,,,,
3742,04/18/2026 20:39:07,25.77,5.55,4.59,25.72,106.263,51936.9,51159.6,33.62,33758.97,101.380,0.53226,,,,
3743,04/18/2026 20:41:07,25.76,5.54,4.58,25.72,106.281,51900.1,51129.8,33.60,33735.09,101.380,0.53399,,,,
3744,04/18/2026 20:43:07,25.76,5.63,4.66,25.71,106.368,51913.8,51156.2,33.62,33744.00,101.380,0.54270,,,,
3745,04/18/2026 20:45:07,25.75,5.59,4.62,25.70,106.245,51833.9,51083.9,33.57,33692.03,101.380,0.53043,,,,
3746,04/18/2026 20:47:07,25.75,5.56,4.60,25.70,106.245,51847.9,51097.7,33.58,33701.14,101.380,0.53043,,,,
3747,04/18/2026 20:49:07,25.74,5.57,4.61,25.69,106.209,51818.7,51078.5,33.56,33682.16,101.380,0.52689,,,,
3748,04/18/2026 20:51:07,25.74,5.54,4.58,25.70,106.174,51917.7,51169.7,33.63,33746.53,101.380,0.52341,,,,
3749,04/18/2026 20:53:07,25.74,5.43,4.49,25.71,106.175,51887.3,51130.0,33.60,33726.74,101.380,0.52344,,,,
3750,04/18/2026 20:55:07,25.74,5.40,4.46,25.70,106.104,51919.3,51164.8,33.63,33747.52,101.380,0.51643,,,,
3751,04/18/2026 20:57:07,25.75,5.23,4.32,25.70,106.157,51899.8,51145.6,33.61,33734.87,101.380,0.52168,,,,
3752,04/18/2026 20:59:07,25.74,5.33,4.40,25.70,106.174,51858.0,51110.9,33.59,33707.73,101.380,0.52341,,,,
3753,04/18/2026 21:01:07,25.74,5.26,4.35,25.69,106.086,51883.4,51145.5,33.61,33724.21,101.380,0.51463,,,,
3754,04/18/2026 21:03:07,25.74,5.23,4.32,25.69,106.262,51907.6,51162.9,33.63,33739.93,101.380,0.53216,,,,
3755,04/18/2026 21:05:07,25.74,5.18,4.28,25.69,106.104,51918.9,51174.1,33.63,33747.30,101.380,0.51640,,,,
3756,04/18/2026 21:07:07,25.74,5.14,4.25,25.69,106.192,51933.0,51191.2,33.65,33756.44,101.380,0.52514,,,,
3757,04/18/2026 21:09:07,25.74,5.06,4.18,25.69,106.227,51957.5,51212.1,33.66,33772.40,101.380,0.52865,,,,
3758,04/18/2026 21:11:07,25.74,4.97,4.11,25.70,106.174,51910.0,51155.6,33.62,33741.47,101.380,0.52343,,,,
3759,04/18/2026 21:13:07,25.75,4.81,3.98,25.71,106.122,51912.7,51151.8,33.62,33743.23,101.380,0.51820,,,,
3760,04/18/2026 21:15:07,25.75,4.83,3.99,25.71,106.087,51915.0,51157.4,33.62,33744.77,101.380,0.51469,,,,
3761,04/18/2026 21:17:07,25.76,4.67,3.86,25.72,106.157,51939.2,51168.4,33.63,33760.51,101.380,0.52173,,,,
3762,04/18/2026 21:19:07,25.76,4.75,3.93,25.72,106.122,51953.3,51175.8,33.64,33769.66,101.380,0.51825,,,,
3763,04/18/2026 21:21:07,25.77,4.96,4.10,25.72,106.158,51981.5,51203.5,33.66,33787.95,101.380,0.52175,,,,
3764,04/18/2026 21:23:07,25.77,4.94,4.08,25.74,106.052,51987.7,51196.8,33.65,33792.03,101.380,0.51129,,,,
3765,04/18/2026 21:25:07,25.78,4.98,4.12,25.75,106.123,52054.0,51242.7,33.69,33835.11,101.380,0.51835,,,,
3766,04/18/2026 21:27:07,25.80,4.91,4.06,25.76,106.089,52001.8,51181.7,33.64,33801.19,101.380,0.51488,,,,
3767,04/18/2026 21:29:07,25.81,4.72,3.91,25.77,106.071,52037.5,51213.6,33.67,33824.38,101.380,0.51314,,,,
3768,04/18/2026 21:31:07,25.81,4.66,3.85,25.76,106.088,52045.0,51230.7,33.68,33829.26,101.380,0.51486,,,,
3769,04/18/2026 21:33:07,25.80,4.75,3.93,25.76,106.071,52059.4,51244.9,33.69,33838.63,101.380,0.51311,,,,
3770,04/18/2026 21:35:07,25.80,4.77,3.95,25.75,106.106,51979.9,51169.8,33.63,33786.96,101.380,0.51660,,,,
3771,04/18/2026 21:37:07,25.80,4.65,3.85,25.75,106.070,51966.2,51162.7,33.63,33778.03,101.380,0.51308,,,,
3772,04/18/2026 21:39:07,25.74,4.98,4.11,25.67,105.997,51855.3,51133.9,33.60,33705.97,101.380,0.50582,,,,
3773,04/18/2026 21:41:07,25.71,4.93,4.07,25.69,106.086,51865.8,51125.0,33.60,33712.78,101.380,0.51464,,,,
3774,04/18/2026 21:43:07,25.70,4.73,3.91,25.67,106.032,51870.5,51155.4,33.62,33715.86,101.380,0.50930,,,,
3775,04/18/2026 21:45:07,25.69,4.55,3.76,25.66,106.103,51836.6,51131.6,33.60,33693.80,101.380,0.51627,,,,
3776,04/18/2026 21:47:07,25.67,4.50,3.72,25.64,106.084,51756.5,51075.1,33.56,33641.73,101.380,0.51445,,,,
3777,04/18/2026 21:49:07,25.69,4.41,3.65,25.66,106.050,51844.4,51139.2,33.61,33698.85,101.380,0.51102,,,,
3778,04/18/2026 21:51:07,25.68,5.01,4.15,25.64,106.084,51660.8,50974.2,33.48,33579.50,101.380,0.51447,,,,
3779,04/18/2026 21:53:07,25.64,5.40,4.47,25.60,106.048,51729.0,51086.4,33.57,33623.82,101.380,0.51083,,,,
3780,04/18/2026 21:55:07,25.62,5.58,4.62,25.61,106.083,51680.9,51029.3,33.52,33592.58,101.380,0.51436,,,,
3781,04/18/2026 21:57:07,25.63,5.72,4.73,25.62,106.049,51743.7,51078.5,33.56,33633.41,101.380,0.51090,,,,
3782,04/18/2026 21:59:07,25.65,5.13,4.25,25.63,106.014,51730.1,51052.2,33.54,33624.57,101.380,0.50744,,,,
3783,04/18/2026 22:01:07,25.66,5.57,4.61,25.63,105.926,51688.3,51014.1,33.51,33597.36,101.380,0.49867,,,,
3784,04/18/2026 22:03:07,25.64,5.79,4.79,25.61,106.048,51656.1,51004.9,33.51,33576.50,101.380,0.51086,,,,
3785,04/18/2026 22:05:07,25.62,6.00,4.96,25.58,105.941,51612.4,50993.8,33.50,33548.05,101.380,0.50025,,,,
3786,04/18/2026 22:07:07,25.62,5.60,4.63,25.57,105.941,51611.2,50995.9,33.50,33547.30,101.380,0.50024,,,,
3787,04/18/2026 22:09:07,25.62,5.39,4.46,25.59,106.048,51649.6,51014.5,33.51,33572.21,101.380,0.51081,,,,
3788,04/18/2026 22:11:07,25.64,4.94,4.09,25.61,106.084,51691.0,51032.9,33.53,33599.13,101.380,0.51438,,,,
3789,04/18/2026 22:13:07,25.66,5.07,4.19,25.63,105.961,51732.4,51057.7,33.55,33626.09,101.380,0.50217,,,,
3790,04/18/2026 22:15:07,25.67,5.05,4.18,25.63,106.014,51756.1,51077.9,33.56,33641.48,101.380,0.50744,,,,
3791,04/18/2026 22:17:07,25.68,5.39,4.46,25.63,105.996,51751.8,51073.6,33.56,33638.70,101.380,0.50569,,,,
3792,04/18/2026 22:19:07,25.67,5.39,4.46,25.63,105.926,51763.1,51084.8,33.57,33646.02,101.380,0.49868,,,,
3793,04/18/2026 22:21:07,25.67,5.35,4.42,25.62,106.013,51759.2,51090.6,33.57,33643.50,101.380,0.50741,,,,
3794,04/18/2026 22:23:07,25.66,5.51,4.56,25.61,105.925,51665.8,51008.0,33.51,33582.77,101.380,0.49862,,,,
3795,04/18/2026 22:25:07,25.64,5.66,4.68,25.57,105.941,51698.3,51085.2,33.56,33603.91,101.380,0.50023,,,,
3796,04/18/2026 22:27:07,25.62,5.81,4.81,25.55,105.905,51622.4,51029.5,33.52,33554.58,101.380,0.49667,,,,
3797,04/18/2026 22:29:07,25.59,6.04,5.00,25.53,105.905,51539.4,50976.4,33.48,33500.63,101.380,0.49658,,,,
3798,04/18/2026 22:31:07,25.57,6.02,4.98,25.51,105.886,51525.5,50981.9,33.48,33491.60,101.380,0.49476,,,,
3799,04/18/2026 22:33:07,25.56,6.01,4.97,25.50,105.939,51538.3,51004.2,33.50,33499.89,101.380,0.49999,,,,
3800,04/18/2026 22:35:07,25.55,6.01,4.97,25.50,105.904,51532.1,51001.3,33.50,33495.89,101.380,0.49648,,,,
3801,04/18/2026 22:37:07,25.55,6.01,4.98,25.50,105.921,51498.2,50964.6,33.47,33473.86,101.380,0.49824,,,,
3802,04/18/2026 22:39:07,25.53,6.28,5.20,25.45,105.902,51222.5,50739.6,33.30,33294.60,101.380,0.49633,,,,
3803,04/18/2026 22:41:07,25.51,6.07,5.02,25.48,105.850,51418.4,50908.0,33.43,33421.93,101.380,0.49116,,,,
3804,04/18/2026 22:43:07,25.51,6.03,4.99,25.48,105.868,51343.2,50830.3,33.37,33373.06,101.380,0.49292,,,,
3805,04/18/2026 22:45:07,25.51,6.07,5.02,25.48,105.921,51406.8,50893.3,33.42,33414.40,101.380,0.49817,,,,
3806,04/18/2026 22:47:07,25.52,5.96,4.93,25.49,106.009,51440.6,50920.3,33.44,33436.36,101.380,0.50695,,,,
3807,04/18/2026 22:49:07,25.53,5.95,4.92,25.49,105.956,51446.7,50920.0,33.44,33440.34,101.380,0.50172,,,,
3808,04/18/2026 22:51:07,25.53,5.92,4.90,25.50,105.921,51422.2,50892.5,33.42,33424.44,101.380,0.49823,,,,
3809,04/18/2026 22:53:07,25.53,5.98,4.95,25.49,105.956,51283.6,50761.7,33.32,33334.32,101.380,0.50171,,,,
3810,04/18/2026 22:55:07,25.48,6.37,5.27,25.43,105.936,51343.2,50888.1,33.41,33373.06,101.380,0.49974,,,,
3811,04/18/2026 22:57:07,25.49,5.82,4.82,25.48,105.921,51389.1,50872.6,33.40,33402.91,101.380,0.49819,,,,
3812,04/18/2026 22:59:07,25.51,5.68,4.70,25.50,105.992,51411.8,50882.2,33.41,33417.64,101.380,0.50523,,,,
3813,04/18/2026 23:01:07,25.53,5.61,4.64,25.50,106.027,51430.1,50890.7,33.42,33429.57,101.380,0.50876,,,,
3814,04/18/2026 23:03:07,25.54,5.56,4.60,25.52,105.939,51454.9,50902.4,33.43,33445.67,101.380,0.50005,,,,
3815,04/18/2026 23:05:07,25.56,5.55,4.59,25.51,105.974,51503.9,50957.3,33.47,33477.55,101.380,0.50353,,,,
3816,04/18/2026 23:07:07,25.56,5.48,4.53,25.52,105.904,51477.8,50925.0,33.44,33460.56,101.380,0.49655,,,,
3817,04/18/2026 23:09:07,25.56,5.50,4.55,25.52,105.957,51480.1,50924.1,33.44,33462.04,101.380,0.50181,,,,
3818,04/18/2026 23:11:07,25.56,5.47,4.52,25.52,105.922,51478.9,50919.7,33.44,33461.29,101.380,0.49832,,,,
3819,04/18/2026 23:13:07,25.56,5.41,4.48,25.52,105.904,51540.6,50987.1,33.49,33501.37,101.380,0.49655,,,,
3820,04/18/2026 23:15:07,25.56,5.35,4.43,25.52,105.922,51527.8,50971.3,33.48,33493.08,101.380,0.49831,,,,
3821,04/18/2026 23:17:07,25.57,5.39,4.45,25.53,105.905,51583.4,51013.4,33.51,33529.21,101.380,0.49660,,,,
3822,04/18/2026 23:19:07,25.58,5.37,4.44,25.54,105.923,51610.8,51034.1,33.52,33547.02,101.380,0.49837,,,,
3823,04/18/2026 23:21:07,25.58,5.33,4.41,25.55,105.941,51616.3,51023.4,33.52,33550.57,101.380,0.50017,,,,
3824,04/18/2026 23:23:07,25.60,5.31,4.39,25.56,106.011,51611.2,51008.8,33.51,33547.30,101.380,0.50720,,,,
3825,04/18/2026 23:25:07,25.60,5.32,4.40,25.57,105.941,51677.8,51068.1,33.55,33590.54,101.380,0.50022,,,,
3826,04/18/2026 23:27:07,25.61,5.37,4.44,25.57,105.924,51695.6,51085.7,33.56,33602.13,101.380,0.49847,,,,
3827,04/18/2026 23:29:07,25.60,5.46,4.52,25.55,105.905,51630.6,51037.6,33.53,33559.89,101.380,0.49667,,,,
3828,04/18/2026 23:31:07,25.60,5.46,4.52,25.55,106.046,51680.5,51086.9,33.56,33592.31,101.380,0.51068,,,,
3829,04/18/2026 23:33:07,25.59,5.48,4.53,25.55,106.081,51670.4,51076.9,33.56,33585.77,101.380,0.51418,,,,
3830,04/18/2026 23:35:07,25.60,5.41,4.48,25.56,105.976,51645.3,51048.9,33.54,33569.42,101.380,0.50368,,,,
3831,04/18/2026 23:37:07,25.59,5.46,4.52,25.55,106.028,51557.6,50971.9,33.48,33512.46,101.380,0.50890,,,,
3832,04/18/2026 23:39:07,25.58,5.51,4.56,25.53,106.098,51620.9,51050.5,33.54,33553.55,101.380,0.51586,,,,
3833,04/18/2026 23:41:07,25.57,5.49,4.54,25.54,106.063,51647.6,51073.6,33.55,33570.91,101.380,0.51237,,,,
3834,04/18/2026 23:43:07,25.57,5.47,4.52,25.53,106.063,51613.5,51046.4,33.53,33548.79,101.380,0.51235,,,,
3835,04/18/2026 23:45:07,25.57,5.42,4.49,25.53,106.063,51658.8,51088.0,33.56,33578.21,101.380,0.51236,,,,
3836,04/18/2026 23:47:07,25.57,5.40,4.47,25.53,106.081,51661.5,51090.7,33.57,33579.98,101.380,0.51411,,,,
3837,04/18/2026 23:49:07,25.57,5.35,4.42,25.53,106.116,51644.8,51074.2,33.55,33569.14,101.380,0.51761,,,,
3838,04/18/2026 23:51:07,25.56,5.31,4.39,25.53,106.010,51681.6,51117.0,33.58,33593.07,101.380,0.50708,,,,
3839,04/18/2026 23:53:07,25.56,5.31,4.39,25.52,106.098,51646.4,51091.8,33.57,33570.17,101.380,0.51581,,,,
3840,04/18/2026 23:55:07,25.56,5.27,4.36,25.51,106.098,51626.3,51075.2,33.55,33557.10,101.380,0.51580,,,,
3841,04/18/2026 23:57:07,25.55,5.22,4.32,25.51,106.168,51649.9,51098.5,33.57,33572.42,101.380,0.52280,,,,
3842,04/18/2026 23:59:07,25.55,5.22,4.31,25.51,106.063,51582.3,51031.6,33.52,33528.47,101.380,0.51229,,,,
3843,04/19/2026 00:01:07,25.55,5.25,4.34,25.50,106.221,51577.3,51036.3,33.52,33525.21,101.380,0.52802,,,,
3844,04/19/2026 00:03:07,25.53,5.25,4.34,25.50,106.168,51604.6,51069.8,33.55,33543.02,101.380,0.52275,,,,
3845,04/19/2026 00:05:07,25.51,5.45,4.51,25.47,106.184,51492.1,50987.4,33.49,33469.87,101.380,0.52441,,,,
3846,04/19/2026 00:07:07,25.51,5.19,4.29,25.49,106.238,51579.5,51057.9,33.54,33526.70,101.380,0.52971,,,,
3847,04/19/2026 00:09:07,25.51,5.11,4.22,25.49,106.202,51556.1,51034.6,33.52,33511.43,101.380,0.52621,,,,
3848,04/19/2026 00:11:07,25.50,5.05,4.18,25.47,106.219,51501.7,51003.3,33.50,33476.07,101.380,0.52789,,,,
3849,04/19/2026 00:13:07,25.49,5.05,4.18,25.45,106.219,51501.7,51019.4,33.51,33476.07,101.380,0.52784,,,,
3850,04/19/2026 00:15:07,25.46,5.25,4.34,25.45,106.307,51517.8,51032.2,33.52,33486.57,101.380,0.53661,,,,
3851,04/19/2026 00:17:07,25.46,5.12,4.24,25.45,106.324,51518.3,51032.6,33.52,33486.86,101.380,0.53836,,,,
3852,04/19/2026 00:19:07,25.47,4.89,4.05,25.45,106.342,51442.8,50964.4,33.47,33437.84,101.380,0.54009,,,,
3853,04/19/2026 00:21:07,25.47,4.81,3.98,25.47,106.360,51491.7,50993.4,33.49,33469.57,101.380,0.54190,,,,
3854,04/19/2026 00:23:07,25.47,4.81,3.98,25.45,106.360,51431.2,50949.6,33.46,33430.30,101.380,0.54185,,,,
3855,04/19/2026 00:25:07,25.48,4.67,3.86,25.44,106.395,51458.5,50983.1,33.48,33448.00,101.380,0.54533,,,,
3856,04/19/2026 00:27:07,25.48,5.03,4.16,25.46,106.413,51500.1,51005.0,33.50,33475.04,101.380,0.54714,,,,
3857,04/19/2026 00:29:07,25.44,5.79,4.79,25.46,106.395,51426.2,50935.1,33.45,33427.05,101.380,0.54538,,,,
3858,04/19/2026 00:31:07,25.42,6.39,5.29,25.41,106.393,51271.5,50836.3,33.37,33326.47,101.380,0.54521,,,,
3859,04/19/2026 00:33:07,25.36,6.60,5.46,25.41,106.481,51349.9,50914.1,33.43,33377.43,101.380,0.55396,,,,
3860,04/19/2026 00:35:07,25.35,6.34,5.25,25.43,106.464,51156.0,50699.4,33.27,33251.39,101.380,0.55228,,,,
3861,04/19/2026 00:37:07,25.32,6.71,5.57,25.34,106.462,50689.9,50329.7,33.00,32948.46,101.380,0.55199,,,,
3862,04/19/2026 00:39:07,25.26,7.15,5.94,25.24,106.458,50439.0,50185.2,32.88,32785.34,101.380,0.55165,,,,
3863,04/19/2026 00:41:07,25.18,7.41,6.16,25.16,106.438,49833.8,49671.1,32.50,32391.94,101.380,0.54962,,,,
3864,04/19/2026 00:43:07,25.13,7.35,6.10,25.10,106.471,50223.7,50120.2,32.83,32645.40,101.380,0.55293,,,,
3865,04/19/2026 00:45:07,25.13,7.06,5.86,25.22,106.510,50240.8,50007.0,32.75,32656.51,101.380,0.55685,,,,
3866,04/19/2026 00:47:07,25.11,7.46,6.18,25.11,106.419,50480.3,50363.4,33.01,32812.18,101.380,0.54772,,,,
3867,04/19/2026 00:49:07,25.10,7.33,6.09,25.16,106.438,49947.7,49784.7,32.59,32466.03,101.380,0.54962,,,,
3868,04/19/2026 00:51:07,25.11,7.30,6.07,25.19,106.439,50023.3,49822.1,32.62,32515.14,101.380,0.54974,,,,
3869,04/19/2026 00:53:07,25.10,7.19,5.97,25.15,106.543,50053.6,49899.8,32.67,32534.87,101.380,0.56010,,,,
3870,04/19/2026 00:55:07,25.09,7.26,6.03,25.10,106.524,49963.8,49860.8,32.64,32476.44,101.380,0.55818,,,,
3871,04/19/2026 00:57:07,25.08,7.46,6.20,25.06,106.540,49750.3,49691.9,32.51,32337.66,101.380,0.55979,,,,
3872,04/19/2026 00:59:07,25.08,7.23,6.02,25.06,106.575,49584.9,49520.4,32.39,32230.19,101.380,0.56332,,,,
3873,04/19/2026 01:01:07,25.07,7.36,6.12,25.05,106.628,49571.9,49516.9,32.39,32221.76,101.380,0.56854,,,,
3874,04/19/2026 01:03:07,25.07,7.25,6.04,25.05,106.698,49473.4,49424.8,32.32,32157.73,101.380,0.57552,,,,
3875,04/19/2026 01:05:07,25.07,7.27,6.05,25.04,106.698,49436.4,49394.1,32.29,32133.66,101.380,0.57550,,,,
3876,04/19/2026 01:07:07,25.06,7.25,6.03,25.04,106.786,49574.7,49535.4,32.40,32223.55,101.380,0.58425,,,,
3877,04/19/2026 01:09:07,25.06,7.35,6.12,24.99,106.731,49463.2,49474.3,32.35,32151.05,101.380,0.57883,,,,
3878,04/19/2026 01:11:07,25.04,7.29,6.07,24.99,106.784,49518.0,49525.9,32.39,32186.70,101.380,0.58410,,,,
3879,04/19/2026 01:13:07,25.04,7.03,5.85,25.03,106.803,49648.3,49621.6,32.46,32271.41,101.380,0.58596,,,,
3880,04/19/2026 01:15:07,25.04,7.18,5.97,24.99,106.802,49536.6,49550.8,32.41,32198.78,101.380,0.58583,,,,
3881,04/19/2026 01:17:07,25.01,7.06,5.87,24.95,106.889,49590.5,49639.5,32.47,32233.85,101.380,0.59447,,,,
3882,04/19/2026 01:19:07,24.98,7.08,5.89,24.91,106.852,49476.3,49572.5,32.42,32159.57,101.380,0.59082,,,,
3883,04/19/2026 01:21:07,24.96,6.98,5.80,24.90,106.852,49461.4,49563.8,32.41,32149.88,101.380,0.59080,,,,
3884,04/19/2026 01:23:07,24.94,6.93,5.76,24.90,106.939,49518.0,49626.9,32.46,32186.70,101.380,0.59953,,,,
3885,04/19/2026 01:25:07,24.92,7.03,5.85,24.86,106.903,49465.1,49614.9,32.45,32152.30,101.380,0.59590,,,,
3886,04/19/2026 01:27:07,24.92,6.85,5.70,24.89,106.781,49486.4,49601.6,32.44,32166.18,101.380,0.58375,,,,
3887,04/19/2026 01:29:07,24.92,6.90,5.74,24.87,106.886,49492.9,49627.0,32.46,32170.38,101.380,0.59420,,,,
3888,04/19/2026 01:31:07,24.91,6.98,5.80,24.87,106.833,49505.9,49646.4,32.47,32178.83,101.380,0.58892,,,,
3889,04/19/2026 01:33:07,24.90,7.01,5.83,24.87,106.833,49470.7,49607.9,32.44,32155.97,101.380,0.58893,,,,
3890,04/19/2026 01:35:07,24.90,7.05,5.86,24.85,106.832,49453.1,49609.2,32.44,32144.52,101.380,0.58887,,,,
3891,04/19/2026 01:37:07,24.88,7.14,5.94,24.84,106.797,49374.5,49536.7,32.39,32093.43,101.380,0.58535,,,,
3892,04/19/2026 01:39:07,24.88,7.18,5.97,24.83,106.849,49440.1,49612.0,32.44,32136.08,101.380,0.59057,,,,
3893,04/19/2026 01:41:07,24.89,7.03,5.84,24.86,106.885,49524.5,49671.3,32.49,32190.91,101.380,0.59416,,,,
3894,04/19/2026 01:43:07,24.90,7.01,5.82,24.87,106.850,49596.1,49736.9,32.54,32237.48,101.380,0.59067,,,,
3895,04/19/2026 01:45:07,24.90,7.00,5.82,24.88,106.868,49508.7,49636.6,32.46,32180.67,101.380,0.59247,,,,
3896,04/19/2026 01:47:07,24.91,6.95,5.78,24.87,106.904,49527.2,49658.3,32.48,32192.69,101.380,0.59596,,,,
3897,04/19/2026 01:49:07,24.92,6.83,5.68,24.88,106.851,49538.3,49659.9,32.48,32199.91,101.380,0.59073,,,,
3898,04/19/2026 01:51:07,24.92,6.88,5.72,24.87,106.921,49472.5,49603.4,32.44,32157.15,101.380,0.59771,,,,
3899,04/19/2026 01:53:07,24.91,6.97,5.80,24.86,106.868,49466.9,49610.4,32.44,32153.48,101.380,0.59242,,,,
3900,04/19/2026 01:55:07,24.91,6.76,5.62,24.87,106.938,49514.2,49654.7,32.48,32184.22,101.380,0.59943,,,,
3901,04/19/2026 01:57:07,24.91,6.75,5.61,24.87,106.992,49510.4,49641.5,32.47,32181.79,101.380,0.60471,,,,
3902,04/19/2026 01:59:07,24.91,6.62,5.50,24.88,106.939,49517.1,49645.0,32.47,32186.11,101.380,0.59947,,,,
3903,04/19/2026 02:01:07,24.91,6.61,5.49,24.88,106.939,49550.4,49675.2,32.49,32207.79,101.380,0.59948,,,,
3904,04/19/2026 02:03:07,24.90,6.71,5.57,24.86,106.886,49533.8,49677.5,32.49,32196.94,101.380,0.59417,,,,
3905,04/19/2026 02:05:07,24.90,6.59,5.48,24.87,106.921,49516.1,49647.1,32.47,32185.46,101.380,0.59771,,,,
3906,04/19/2026 02:07:07,24.89,6.74,5.60,24.84,106.902,49522.6,49688.4,32.50,32189.67,101.380,0.59585,,,,
3907,04/19/2026 02:09:07,24.88,6.70,5.57,24.84,106.955,49491.0,49659.9,32.48,32169.14,101.380,0.60109,,,,
3908,04/19/2026 02:11:07,24.88,6.54,5.44,24.85,106.938,49555.1,49708.4,32.52,32210.81,101.380,0.59939,,,,
3909,04/19/2026 02:13:07,24.87,6.73,5.60,24.82,106.937,49456.6,49644.4,32.47,32146.80,101.380,0.59928,,,,
3910,04/19/2026 02:15:07,24.86,6.83,5.68,24.81,106.937,49447.4,49644.6,32.47,32140.78,101.380,0.59925,,,,
3911,04/19/2026 02:17:07,24.85,6.84,5.68,24.81,106.866,49493.7,49694.3,32.50,32170.91,101.380,0.59224,,,,
3912,04/19/2026 02:19:07,24.84,6.93,5.76,24.81,106.937,49439.0,49636.2,32.46,32135.34,101.380,0.59925,,,,
3913,04/19/2026 02:21:07,24.83,7.03,5.84,24.78,106.900,49352.1,49583.7,32.42,32078.84,101.380,0.59564,,,,
3914,04/19/2026 02:23:07,24.81,7.12,5.92,24.75,106.882,49387.2,49647.5,32.47,32101.68,101.380,0.59380,,,,
3915,04/19/2026 02:25:07,24.80,7.03,5.84,24.75,106.864,49413.9,49671.2,32.48,32119.05,101.380,0.59205,,,,
3916,04/19/2026 02:27:07,24.81,6.95,5.78,24.77,106.865,49419.4,49657.7,32.48,32122.64,101.380,0.59211,,,,
3917,04/19/2026 02:29:07,24.80,6.97,5.80,24.76,106.847,49384.4,49632.0,32.46,32099.85,101.380,0.59033,,,,
3918,04/19/2026 02:31:07,24.79,6.98,5.80,24.76,106.829,49410.3,49658.1,32.48,32116.71,101.380,0.58858,,,,
3919,04/19/2026 02:33:07,24.79,7.03,5.84,24.75,106.882,49388.0,49645.1,32.47,32102.18,101.380,0.59381,,,,
3920,04/19/2026 02:35:07,24.79,7.01,5.83,24.75,106.794,49457.5,49721.4,32.52,32147.39,101.380,0.58503,,,,
3921,04/19/2026 02:37:07,24.78,6.94,5.76,24.74,106.794,49436.3,49703.2,32.51,32133.58,101.380,0.58502,,,,
3922,04/19/2026 02:39:07,24.78,6.92,5.76,24.73,106.846,49372.4,49651.7,32.47,32092.09,101.380,0.59023,,,,
3923,04/19/2026 02:41:07,24.78,6.84,5.69,24.74,106.776,49430.6,49703.9,32.51,32129.90,101.380,0.58325,,,,
3924,04/19/2026 02:43:07,24.78,6.74,5.60,24.74,106.829,49410.3,49680.3,32.49,32116.71,101.380,0.58851,,,,
3925,04/19/2026 02:45:07,24.78,6.64,5.52,24.74,106.776,49389.0,49665.2,32.48,32102.85,101.380,0.58324,,,,
3926,04/19/2026 02:47:07,24.78,6.48,5.39,24.74,106.776,49441.8,49708.8,32.51,32137.18,101.380,0.58327,,,,
3927,04/19/2026 02:49:07,24.78,6.61,5.49,24.74,106.688,49403.8,49670.5,32.48,32112.44,101.380,0.57452,,,,
3928,04/19/2026 02:51:07,24.78,6.42,5.34,24.74,106.705,49465.9,49739.3,32.53,32152.82,101.380,0.57625,,,,
3929,04/19/2026 02:53:07,24.79,6.22,5.17,24.75,106.706,49447.4,49711.2,32.51,32140.78,101.380,0.57628,,,,
3930,04/19/2026 02:55:07,24.80,6.26,5.20,24.76,106.636,49494.7,49749.2,32.54,32171.56,101.380,0.56931,,,,
3931,04/19/2026 02:57:07,24.81,6.25,5.19,24.76,106.618,49428.8,49679.8,32.49,32128.73,101.380,0.56756,,,,
3932,04/19/2026 02:59:07,24.81,6.09,5.06,24.76,106.583,49534.6,49786.1,32.57,32197.48,101.380,0.56406,,,,
3933,04/19/2026 03:01:07,24.82,5.65,4.69,24.78,106.566,49593.3,49826.0,32.60,32235.61,101.380,0.56237,,,,
3934,04/19/2026 03:03:07,24.86,4.73,3.93,24.83,106.568,49648.3,49824.1,32.60,32271.38,101.380,0.56255,,,,
3935,04/19/2026 03:05:07,24.90,4.18,3.47,24.87,106.499,49738.1,49869.7,32.64,32329.75,101.380,0.55569,,,,
3936,04/19/2026 03:07:07,24.94,4.11,3.41,24.92,106.518,49859.2,49946.6,32.69,32408.48,101.380,0.55758,,,,
3937,04/19/2026 03:09:07,24.97,4.01,3.33,24.95,106.484,49908.2,49957.5,32.70,32440.30,101.380,0.55420,,,,
3938,04/19/2026 03:11:07,24.98,4.27,3.54,24.97,106.467,49957.2,49993.8,32.73,32472.17,101.380,0.55249,,,,
3939,04/19/2026 03:13:07,24.98,5.01,4.16,24.97,106.484,49913.8,49950.4,32.70,32443.95,101.380,0.55424,,,,
3940,04/19/2026 03:15:07,24.98,4.34,3.61,24.94,106.378,49810.3,49869.0,32.64,32376.69,101.380,0.54367,,,,
3941,04/19/2026 03:17:07,24.99,4.17,3.46,24.93,106.483,49891.2,49959.5,32.70,32429.25,101.380,0.55414,,,,
3942,04/19/2026 03:19:07,24.98,4.06,3.37,24.95,106.413,49885.5,49941.1,32.69,32425.57,101.380,0.54718,,,,
3943,04/19/2026 03:21:07,24.99,4.23,3.51,24.95,106.431,49833.8,49886.2,32.65,32391.94,101.380,0.54894,,,,
3944,04/19/2026 03:23:07,24.99,3.97,3.30,24.97,106.396,49928.8,49965.4,32.71,32453.72,101.380,0.54549,,,,
3945,04/19/2026 03:25:07,25.00,3.99,3.31,24.97,106.396,49921.3,49957.9,32.70,32448.83,101.380,0.54549,,,,
3946,04/19/2026 03:27:07,24.99,3.97,3.30,24.95,106.448,49858.2,49910.6,32.67,32407.81,101.380,0.55069,,,,
3947,04/19/2026 03:29:07,24.98,3.66,3.04,24.93,106.413,49827.2,49901.8,32.66,32387.68,101.380,0.54712,,,,
3948,04/19/2026 03:31:07,24.96,4.18,3.47,24.90,106.359,49696.9,49803.0,32.59,32302.99,101.380,0.54176,,,,
3949,04/19/2026 03:33:07,24.93,3.80,3.16,24.91,106.412,49774.6,49865.0,32.63,32353.51,101.380,0.54707,,,,
3950,04/19/2026 03:35:07,24.92,3.98,3.31,24.91,106.324,49736.2,49832.9,32.61,32328.54,101.380,0.53829,,,,
3951,04/19/2026 03:37:07,24.93,3.57,2.97,24.91,106.254,49642.7,49732.9,32.54,32267.77,101.380,0.53131,,,,
3952,04/19/2026 03:39:07,24.92,3.91,3.25,24.90,106.271,49853.5,49963.1,32.71,32404.78,101.380,0.53300,,,,
3953,04/19/2026 03:41:07,24.92,3.30,2.74,24.90,106.236,49904.3,50004.5,32.74,32437.82,101.380,0.52953,,,,
3954,04/19/2026 03:43:07,24.94,3.45,2.86,24.90,106.236,49800.0,49900.0,32.66,32369.97,101.380,0.52953,,,,
3955,04/19/2026 03:45:07,24.95,3.08,2.56,24.93,106.219,49923.2,49991.6,32.73,32450.08,101.380,0.52788,,,,
3956,04/19/2026 03:47:07,24.97,2.84,2.36,24.94,106.131,49891.1,49953.1,32.70,32429.22,101.380,0.51914,,,,
3957,04/19/2026 03:49:07,24.97,2.59,2.15,24.93,106.114,49945.8,50014.3,32.74,32464.79,101.380,0.51737,,,,
3958,04/19/2026 03:51:07,24.99,2.48,2.06,24.92,106.095,49821.6,49908.9,32.67,32384.01,101.380,0.51556,,,,
3959,04/19/2026 03:53:07,24.97,2.77,2.30,24.92,106.131,49879.8,49960.9,32.70,32421.89,101.380,0.51908,,,,
3960,04/19/2026 03:55:07,24.95,2.80,2.32,24.90,106.095,49854.5,49954.6,32.70,32405.40,101.380,0.51552,,,,
3961,04/19/2026 03:57:07,24.95,2.80,2.32,24.90,106.042,49875.2,49975.3,32.71,32418.87,101.380,0.51027,,,,
3962,04/19/2026 03:59:07,24.94,2.80,2.33,24.92,105.990,49854.5,49935.5,32.69,32405.42,101.380,0.50508,,,,
3963,04/19/2026 04:01:07,24.94,2.24,1.86,24.94,105.955,49993.9,50059.3,32.78,32496.06,101.380,0.50163,,,,
3964,04/19/2026 04:03:07,24.97,2.13,1.77,24.93,105.937,49835.6,49907.1,32.67,32393.17,101.380,0.49985,,,,
3965,04/19/2026 04:05:07,24.97,2.24,1.86,24.96,105.938,50048.9,50088.8,32.80,32531.79,101.380,0.49995,,,,
3966,04/19/2026 04:07:07,24.99,1.88,1.56,24.98,105.886,50069.7,50093.6,32.81,32545.30,101.380,0.49475,,,,
3967,04/19/2026 04:09:07,25.00,1.91,1.58,24.98,105.869,50091.5,50109.1,32.82,32559.45,101.380,0.49302,,,,
3968,04/19/2026 04:11:07,25.01,1.94,1.61,24.99,105.834,50101.0,50112.2,32.82,32565.62,101.380,0.48954,,,,
3969,04/19/2026 04:13:07,25.01,2.12,1.76,24.97,105.851,50047.8,50078.1,32.79,32531.08,101.380,0.49123,,,,
3970,04/19/2026 04:15:07,25.01,2.19,1.82,24.97,105.868,50036.5,50066.8,32.79,32523.74,101.380,0.49298,,,,
3971,04/19/2026 04:17:07,25.00,1.82,1.51,24.97,105.728,50051.7,50082.0,32.80,32533.61,101.380,0.47897,,,,
3972,04/19/2026 04:19:07,25.01,1.68,1.39,24.98,105.675,50144.7,50165.5,32.86,32594.05,101.380,0.47375,,,,
3973,04/19/2026 04:21:07,25.02,1.58,1.31,24.99,105.640,50048.9,50060.1,32.78,32531.79,101.380,0.47028,,,,
3974,04/19/2026 04:23:07,25.02,1.66,1.38,24.99,105.728,50058.3,50072.7,32.79,32537.87,101.380,0.47903,,,,
3975,04/19/2026 04:25:07,25.01,1.88,1.56,24.98,105.675,50082.8,50103.6,32.81,32553.83,101.380,0.47375,,,,
3976,04/19/2026 04:27:07,25.01,1.51,1.25,24.98,105.534,50073.5,50091.0,32.80,32547.75,101.380,0.45976,,,,
3977,04/19/2026 04:29:07,25.01,1.68,1.39,24.98,105.499,50063.0,50080.6,32.80,32540.95,101.380,0.45626,,,,
3978,04/19/2026 04:31:07,25.01,1.45,1.20,24.97,105.534,50078.2,50105.4,32.81,32550.83,101.380,0.45973,,,,
3979,04/19/2026 04:33:07,25.00,1.76,1.46,24.96,105.358,50068.7,50115.0,32.82,32544.67,101.380,0.44216,,,,
3980,04/19/2026 04:35:07,24.98,1.63,1.35,24.94,105.480,50026.1,50091.4,32.80,32516.95,101.380,0.45435,,,,
3981,04/19/2026 04:37:07,25.00,1.70,1.41,24.95,105.481,50049.8,50099.2,32.81,32532.34,101.380,0.45440,,,,
3982,04/19/2026 04:39:07,24.99,1.96,1.63,24.95,105.287,50128.5,50178.0,32.87,32583.50,101.380,0.43514,,,,
3983,04/19/2026 04:41:07,24.99,1.95,1.62,24.95,105.287,50075.3,50124.8,32.83,32548.93,101.380,0.43514,,,,
3984,04/19/2026 04:43:07,24.99,1.56,1.30,24.97,105.323,50143.6,50177.1,32.87,32593.31,101.380,0.43870,,,,
3985,04/19/2026 04:45:07,24.98,1.67,1.39,24.94,105.234,50112.3,50174.5,32.86,32572.97,101.380,0.42985,,,,
3986,04/19/2026 04:47:07,24.97,2.06,1.71,24.89,105.197,50030.0,50146.4,32.84,32519.47,101.380,0.42618,,,,
3987,04/19/2026 04:49:07,24.96,1.88,1.56,24.93,105.198,50143.6,50221.9,32.90,32593.31,101.380,0.42630,,,,
3988,04/19/2026 04:51:07,24.98,1.79,1.48,24.96,105.182,50133.2,50173.2,32.86,32586.59,101.380,0.42467,,,,
3989,04/19/2026 04:53:07,24.98,2.14,1.78,24.95,105.129,50110.4,50163.1,32.85,32571.79,101.380,0.41938,,,,
3990,04/19/2026 04:55:07,24.97,1.89,1.57,24.95,105.128,50100.8,50156.7,32.85,32565.54,101.380,0.41937,,,,
3991,04/19/2026 04:57:07,24.97,2.27,1.89,24.92,105.040,50024.1,50105.4,32.81,32515.69,101.380,0.41053,,,,
3992,04/19/2026 04:59:07,24.96,2.06,1.71,24.91,105.004,50043.1,50134.0,32.83,32528.00,101.380,0.40700,,,,
3993,04/19/2026 05:01:07,24.93,2.51,2.08,24.90,105.004,50050.7,50160.8,32.85,32532.97,101.380,0.40694,,,,
3994,04/19/2026 05:03:07,24.91,2.79,2.32,24.89,104.933,50002.4,50122.0,32.82,32501.58,101.380,0.39991,,,,
3995,04/19/2026 05:05:07,24.90,1.43,1.18,24.92,104.846,50092.3,50180.1,32.87,32559.99,101.380,0.39126,,,,
3996,04/19/2026 05:07:07,24.91,2.60,2.15,24.90,104.880,50076.4,50183.3,32.87,32549.64,101.380,0.39470,,,,
3997,04/19/2026 05:09:07,24.89,2.89,2.40,24.87,104.774,50011.0,50146.5,32.84,32507.17,101.380,0.38410,,,,
3998,04/19/2026 05:11:07,24.87,3.10,2.57,24.82,104.720,49924.1,50110.4,32.81,32450.65,101.380,0.37869,,,,
3999,04/19/2026 05:13:07,24.85,2.79,2.31,24.83,104.667,49946.7,50123.6,32.82,32465.36,101.380,0.37347,,,,
4000,04/19/2026 05:15:07,24.84,2.82,2.34,24.82,104.631,49910.9,50100.4,32.80,32442.08,101.380,0.36993,,,,
4001,04/19/2026 05:17:07,24.82,3.47,2.88,24.81,104.543,49795.3,49997.1,32.73,32366.91,101.380,0.36114,,,,
4002,04/19/2026 05:19:07,24.81,2.37,1.96,24.81,104.491,49904.3,50100.2,32.80,32437.82,101.380,0.35590,,,,
4003,04/19/2026 05:21:07,24.82,2.32,1.92,24.82,104.508,49945.8,50135.4,32.83,32464.74,101.380,0.35767,,,,
4004,04/19/2026 05:23:07,24.83,2.51,2.08,24.83,104.456,49993.0,50166.8,32.85,32495.43,101.380,0.35247,,,,
4005,04/19/2026 05:25:07,24.84,2.76,2.29,24.83,104.403,49875.1,50048.5,32.77,32418.80,101.380,0.34722,,,,
4006,04/19/2026 05:27:07,24.80,2.36,1.96,24.80,104.297,49902.4,50111.1,32.81,32436.58,101.380,0.33661,,,,
4007,04/19/2026 05:29:07,24.78,3.36,2.79,24.75,104.295,49728.7,49994.0,32.72,32323.67,101.380,0.33643,,,,
4008,04/19/2026 05:31:07,24.73,3.23,2.68,24.68,104.169,49618.5,49956.5,32.69,32252.02,101.380,0.32395,,,,
4009,04/19/2026 05:33:07,24.72,2.91,2.41,24.69,104.205,49742.8,50068.9,32.77,32332.79,101.380,0.32749,,,,
4010,04/19/2026 05:35:07,24.72,3.01,2.50,24.70,104.205,49676.4,49992.4,32.72,32289.63,101.380,0.32752,,,,
4011,04/19/2026 05:37:07,24.70,3.30,2.74,24.65,104.151,49676.4,50046.8,32.75,32289.63,101.380,0.32210,,,,
4012,04/19/2026 05:39:07,24.66,3.93,3.26,24.60,104.043,49504.1,49927.5,32.66,32177.65,101.380,0.31142,,,,
4013,04/19/2026 05:41:07,24.60,4.03,3.35,24.53,103.988,49432.7,49925.7,32.66,32131.24,101.380,0.30596,,,,
4014,04/19/2026 05:43:07,24.59,3.93,3.26,24.52,103.988,49414.2,49919.8,32.66,32119.21,101.380,0.30592,,,,
4015,04/19/2026 05:45:07,24.57,4.03,3.35,24.51,103.917,49409.5,49924.7,32.66,32116.20,101.380,0.29889,,,,
4016,04/19/2026 05:47:07,24.55,3.99,3.31,24.49,103.899,49361.4,49892.1,32.63,32084.93,101.380,0.29709,,,,
4017,04/19/2026 05:49:07,24.54,3.79,3.15,24.51,103.865,49439.1,49951.4,32.68,32135.42,101.380,0.29364,,,,
4018,04/19/2026 05:51:07,24.54,3.93,3.26,24.52,103.759,49379.0,49881.1,32.63,32096.35,101.380,0.28317,,,,
4019,04/19/2026 05:53:07,24.53,4.00,3.32,24.50,103.741,49298.7,49825.5,32.58,32044.14,101.380,0.28134,,,,
4020,04/19/2026 05:55:07,24.51,3.78,3.14,24.50,103.636,49462.3,49984.4,32.70,32150.46,101.380,0.27085,,,,
4021,04/19/2026 05:57:07,24.51,3.94,3.27,24.51,103.618,49293.0,49810.2,32.57,32040.46,101.380,0.26911,,,,
4022,04/19/2026 05:59:07,24.50,3.89,3.23,24.48,103.476,49380.8,49927.7,32.66,32097.51,101.380,0.25502,,,,
4023,04/19/2026 06:01:07,24.49,3.87,3.21,24.48,103.547,49305.2,49851.3,32.60,32048.39,101.380,0.26202,,,,
4024,04/19/2026 06:03:07,24.48,3.89,3.23,24.46,103.458,49237.0,49804.6,32.57,32004.02,101.380,0.25320,,,,
4025,04/19/2026 06:05:07,24.48,3.75,3.12,24.45,103.493,49254.5,49831.9,32.59,32015.39,101.380,0.25667,,,,
4026,04/19/2026 06:07:07,24.48,3.77,3.13,24.47,103.388,49283.1,49838.5,32.59,32034.02,101.380,0.24624,,,,
4027,04/19/2026 06:09:07,24.48,3.78,3.13,24.52,103.407,49384.5,49889.8,32.63,32099.93,101.380,0.24815,,,,
4028,04/19/2026 06:11:07,24.49,3.64,3.02,24.49,103.354,49240.9,49776.6,32.55,32006.55,101.380,0.24280,,,,
4029,04/19/2026 06:13:07,24.49,3.82,3.17,24.47,103.335,49359.6,49919.1,32.65,32083.77,101.380,0.24098,,,,
4030,04/19/2026 06:15:07,24.50,3.15,2.61,24.60,103.304,49681.0,50105.9,32.80,32292.65,101.380,0.23790,,,,
4031,04/19/2026 06:17:07,24.64,2.04,1.69,24.73,103.291,49733.4,50021.1,32.74,32326.71,101.380,0.23657,,,,
4032,04/19/2026 06:19:07,24.73,1.64,1.36,24.77,103.134,49717.5,49963.6,32.70,32316.37,101.380,0.22094,,,,
4033,04/19/2026 06:21:07,24.77,1.64,1.36,24.72,103.133,49767.1,50058.2,32.77,32348.63,101.380,0.22080,,,,
4034,04/19/2026 06:23:07,24.78,2.08,1.73,24.69,103.132,49524.5,49846.0,32.61,32190.91,101.380,0.22071,,,,
4035,04/19/2026 06:25:07,24.72,2.55,2.12,24.65,103.060,49567.3,49930.5,32.67,32218.73,101.380,0.21357,,,,
4036,04/19/2026 06:27:07,24.69,2.43,2.02,24.63,103.024,49607.3,49996.4,32.72,32244.73,101.380,0.20999,,,,
4037,04/19/2026 06:29:07,24.69,2.37,1.97,24.68,102.973,49604.5,49939.3,32.68,32242.93,101.380,0.20491,,,,
4038,04/19/2026 06:31:07,24.68,2.54,2.11,24.62,102.918,49510.5,49911.6,32.65,32181.85,101.380,0.19945,,,,
4039,04/19/2026 06:33:07,24.62,2.89,2.40,24.53,102.915,49292.3,49787.1,32.56,32040.00,101.380,0.19916,,,,
4040,04/19/2026 06:35:07,24.53,3.50,2.91,24.42,102.841,49035.4,49638.9,32.44,31873.02,101.380,0.19181,,,,
4041,04/19/2026 06:37:07,24.45,3.29,2.73,24.36,102.804,49145.0,49813.8,32.57,31944.28,101.380,0.18812,,,,
4042,04/19/2026 06:39:07,24.40,3.72,3.09,24.35,102.733,49097.6,49772.1,32.54,31913.42,101.380,0.18110,,,,
4043,04/19/2026 06:41:07,24.38,3.51,2.91,24.37,102.664,49162.7,49818.9,32.57,31955.75,101.380,0.17415,,,,
4044,04/19/2026 06:43:07,24.40,3.52,2.92,24.39,102.664,49157.0,49797.2,32.56,31952.07,101.380,0.17420,,,,
4045,04/19/2026 06:45:07,24.42,3.31,2.74,24.42,102.577,49212.0,49820.9,32.58,31987.83,101.380,0.16555,,,,
4046,04/19/2026 06:47:07,24.45,3.30,2.74,24.45,102.525,49230.4,49807.6,32.57,31999.77,101.380,0.16039,,,,
4047,04/19/2026 06:49:07,24.41,3.75,3.11,24.42,102.542,49099.3,49700.4,32.49,31914.55,101.380,0.16206,,,,
4048,04/19/2026 06:51:07,24.36,3.87,3.22,24.31,102.433,48861.7,49577.5,32.39,31760.09,101.380,0.15120,,,,
4049,04/19/2026 06:53:07,24.34,3.95,3.28,24.29,102.414,48871.6,49616.3,32.42,31766.53,101.380,0.14936,,,,
4050,04/19/2026 06:55:07,24.32,4.13,3.43,24.26,102.378,48789.9,49565.2,32.38,31713.40,101.380,0.14576,,,,
4051,04/19/2026 06:57:07,24.30,4.32,3.59,24.24,102.343,48808.3,49596.7,32.40,31725.37,101.380,0.14222,,,,
4052,04/19/2026 06:59:07,24.30,4.33,3.60,24.26,102.308,48897.9,49675.0,32.46,31783.65,101.380,0.13876,,,,
4053,04/19/2026 07:01:07,24.31,4.27,3.55,24.32,102.292,48952.7,49663.5,32.46,31819.24,101.380,0.13721,,,,
4054,04/19/2026 07:03:07,24.36,4.14,3.44,24.37,102.241,49005.5,49666.0,32.46,31853.59,101.380,0.13212,,,,
4055,04/19/2026 07:05:07,24.43,3.99,3.32,24.43,102.190,49038.3,49635.4,32.44,31874.87,101.380,0.12706,,,,
4056,04/19/2026 07:07:07,24.46,4.05,3.36,24.44,102.138,49088.4,49673.5,32.47,31907.49,101.380,0.12185,,,,
4057,04/19/2026 07:09:07,24.51,3.98,3.30,24.47,102.104,49157.9,49708.7,32.50,31952.64,101.380,0.11845,,,,
4058,04/19/2026 07:11:07,24.54,3.85,3.20,24.51,102.052,49263.6,49774.1,32.55,32021.37,101.380,0.11333,,,,
4059,04/19/2026 07:13:07,24.57,3.84,3.19,24.54,102.018,49320.7,49803.0,32.57,32058.43,101.380,0.10992,,,,
4060,04/19/2026 07:15:07,24.58,3.94,3.28,24.53,101.982,49330.9,49819.7,32.58,32065.10,101.380,0.10639,,,,
4061,04/19/2026 07:17:07,24.58,4.05,3.36,24.50,101.946,49265.4,49788.7,32.56,32022.52,101.380,0.10279,,,,
4062,04/19/2026 07:19:07,24.56,4.19,3.48,24.51,101.894,49222.3,49738.7,32.52,31994.49,101.380,0.09755,,,,
4063,04/19/2026 07:21:07,24.57,4.28,3.56,24.52,101.876,49312.3,49816.9,32.58,32053.01,101.380,0.09584,,,,
4064,04/19/2026 07:23:07,24.57,4.41,3.66,24.52,101.841,49353.8,49855.7,32.61,32080.00,101.380,0.09235,,,,
4065,04/19/2026 07:25:07,24.59,4.45,3.70,24.54,101.772,49419.6,49896.5,32.64,32122.72,101.380,0.08543,,,,
4066,04/19/2026 07:27:07,24.62,4.50,3.74,24.57,101.773,49417.6,49865.8,32.62,32121.47,101.380,0.08551,,,,
4067,04/19/2026 07:29:07,24.65,4.54,3.77,24.60,101.773,49526.3,49946.7,32.68,32192.09,101.380,0.08560,,,,
4068,04/19/2026 07:31:07,24.68,4.53,3.76,24.63,101.774,49551.3,49939.9,32.68,32208.34,101.380,0.08570,,,,
4069,04/19/2026 07:33:07,24.71,4.53,3.76,24.66,101.652,49582.0,49939.0,32.68,32228.32,101.380,0.07354,,,,
4070,04/19/2026 07:35:07,24.73,4.62,3.84,24.68,101.653,49574.6,49909.1,32.66,32223.46,101.380,0.07361,,,,
4071,04/19/2026 07:37:07,24.77,4.75,3.94,24.73,101.654,49632.4,49919.5,32.67,32261.05,101.380,0.07376,,,,
4072,04/19/2026 07:39:07,24.81,4.78,3.97,24.76,101.638,49616.5,49871.6,32.63,32250.73,101.380,0.07210,,,,
4073,04/19/2026 07:41:07,24.85,4.79,3.98,24.78,101.551,49699.7,49929.8,32.68,32304.79,101.380,0.06343,,,,
4074,04/19/2026 07:43:07,24.87,4.88,4.05,24.80,101.604,49691.3,49895.9,32.65,32299.32,101.380,0.06876,,,,
4075,04/19/2026 07:45:07,24.90,4.96,4.12,24.82,101.587,49703.4,49892.1,32.65,32307.23,101.380,0.06706,,,,
4076,04/19/2026 07:47:07,24.92,5.18,4.30,24.84,101.517,49706.2,49872.7,32.64,32309.05,101.380,0.06012,,,,
4077,04/19/2026 07:49:07,24.93,5.36,4.45,24.87,101.501,49714.7,49849.4,32.62,32314.53,101.380,0.05847,,,,
4078,04/19/2026 07:51:07,24.92,5.42,4.50,24.90,101.484,49761.5,49864.6,32.63,32344.98,101.380,0.05681,,,,
4079,04/19/2026 07:53:07,24.92,6.22,5.17,24.93,101.485,49804.7,49879.3,32.65,32373.04,101.380,0.05690,,,,
4080,04/19/2026 07:55:07,24.91,7.13,5.92,24.94,101.485,49867.7,49926.5,32.68,32414.01,101.380,0.05695,,,,
4081,04/19/2026 07:57:07,25.04,8.28,6.88,25.01,101.417,49816.9,49802.7,32.59,32380.99,101.380,0.05017,,,,
4082,04/19/2026 07:59:07,25.16,8.45,7.03,25.08,101.455,49824.4,49737.5,32.55,32385.87,101.380,0.05390,,,,
4083,04/19/2026 08:01:07,25.31,8.43,7.01,25.13,101.386,49898.8,49764.4,32.57,32434.24,101.380,0.04705,,,,
4084,04/19/2026 08:03:07,25.49,8.45,7.03,25.17,101.387,49861.1,49679.5,32.51,32409.74,101.380,0.04719,,,,
4085,04/19/2026 08:05:07,25.56,8.41,6.99,25.19,101.406,49940.3,49739.5,32.56,32461.19,101.380,0.04900,,,,
4086,04/19/2026 08:07:07,25.41,8.43,7.01,25.19,101.318,49789.6,49589.4,32.45,32363.27,101.380,0.04025,,,,
4087,04/19/2026 08:09:07,25.21,8.58,7.20,25.18,101.264,47747.0,47567.1,30.97,31035.57,101.380,0.03496,,,,
4088,04/19/2026 08:11:07,25.50,8.53,7.35,25.28,101.268,41309.0,41067.3,26.29,26850.83,101.380,0.03528,,,,
4089,04/19/2026 08:13:07,25.84,8.51,7.62,25.34,101.252,31549.4,31323.2,19.48,20507.11,101.380,0.03374,,,,
4090,04/19/2026 08:15:07,26.24,8.43,7.70,25.40,101.236,26664.1,26444.5,16.18,17331.67,101.380,0.03216,,,,
4091,04/19/2026 08:17:07,26.48,8.30,8.13,25.39,101.218,6757.6,6703.2,3.67,4392.45,101.380,0.03037,,,,
4092,04/19/2026 08:19:07,26.39,8.37,8.27,25.35,101.217,4087.3,4057.4,2.15,2656.72,101.380,0.03026,,,,
4093,04/19/2026 08:21:07,26.55,8.34,8.26,25.43,101.184,3257.2,3228.3,1.69,2117.17,101.380,0.02700,,,,
4094,04/19/2026 08:23:07,26.89,8.34,8.25,25.51,101.187,3976.3,3933.8,2.08,2584.59,101.380,0.02729,,,,
4095,04/19/2026 08:25:07,27.37,8.27,8.19,25.61,101.190,3506.2,3461.7,1.81,2279.00,101.380,0.02760,,,,
4096,04/19/2026 08:27:07,27.73,8.14,8.13,25.60,101.225,568.4,561.3,0.27,369.44,101.380,0.03108,,,,
4097,04/19/2026 08:29:07,27.75,8.08,8.07,25.55,101.294,535.3,529.2,0.26,347.94,101.380,0.03791,,,,
4098,04/19/2026 08:31:07,27.57,8.10,8.09,25.44,101.255,520.2,515.5,0.25,338.16,101.380,0.03404,,,,
4099,04/19/2026 08:33:07,27.39,8.14,8.13,25.46,101.256,491.0,486.3,0.24,319.16,101.380,0.03412,,,,
4100,04/19/2026 08:35:07,27.44,8.19,8.18,25.58,101.295,477.0,471.3,0.23,310.06,101.380,0.03801,,,,
4101,04/19/2026 08:37:07,27.64,8.15,8.14,25.66,101.262,457.6,451.4,0.22,297.45,101.380,0.03476,,,,
4102,04/19/2026 08:39:07,27.74,8.10,8.09,25.69,101.246,440.2,433.9,0.21,286.11,101.380,0.03311,,,,
4103,04/19/2026 08:41:07,27.79,8.16,8.15,25.75,101.301,432.4,425.6,0.21,281.04,101.380,0.03858,,,,
4104,04/19/2026 08:43:07,28.14,8.11,8.10,25.92,101.289,485.3,476.1,0.23,315.44,101.380,0.03736,,,,
4105,04/19/2026 08:45:07,28.33,8.00,7.99,25.84,101.233,467.5,459.4,0.22,303.90,101.380,0.03186,,,,
4106,04/19/2026 08:47:07,28.04,8.01,8.00,25.65,101.262,463.3,457.1,0.22,301.18,101.380,0.03473,,,,
4107,04/19/2026 08:49:07,27.70,8.11,8.10,25.56,101.312,474.3,468.9,0.23,308.33,101.380,0.03968,,,,
4108,04/19/2026 08:51:07,27.68,8.17,8.16,25.61,101.279,450.0,444.3,0.21,292.51,101.380,0.03637,,,,
4109,04/19/2026 08:53:07,27.96,8.24,8.23,25.84,101.286,433.7,426.2,0.21,281.91,101.380,0.03710,,,,
4110,04/19/2026 08:55:07,28.61,8.16,8.15,26.12,101.366,419.1,409.4,0.20,272.41,101.380,0.04504,,,,
4111,04/19/2026 08:57:07,29.18,8.00,7.99,26.28,101.301,411.5,400.7,0.19,267.48,101.380,0.03856,,,,
4112,04/19/2026 08:59:07,29.53,7.95,7.94,26.38,101.286,409.6,398.1,0.19,266.26,101.380,0.03714,,,,
4113,04/19/2026 09:01:07,29.93,7.88,7.87,26.58,101.310,415.7,402.4,0.19,270.23,101.380,0.03954,,,,
4114,04/19/2026 09:03:07,30.30,7.86,7.85,26.77,101.282,425.3,410.1,0.20,276.47,101.380,0.03669,,,,
4115,04/19/2026 09:05:07,30.52,7.82,7.81,26.82,101.283,434.3,418.3,0.20,282.29,101.380,0.03685,,,,
4116,04/19/2026 09:07:07,30.62,7.79,7.78,26.92,101.287,450.4,432.9,0.21,292.77,101.380,0.03719,,,,
4117,04/19/2026 09:09:07,30.81,7.75,7.75,27.09,101.328,468.7,448.9,0.22,304.63,101.380,0.04127,,,,
4118,04/19/2026 09:11:07,30.90,7.73,7.72,27.13,101.276,479.3,458.8,0.22,311.56,101.380,0.03612,,,,
4119,04/19/2026 09:13:07,30.94,7.70,7.69,27.25,101.280,491.6,469.4,0.23,319.54,101.380,0.03652,,,,
4120,04/19/2026 09:15:07,30.95,7.73,7.72,27.28,101.264,503.8,480.8,0.23,327.50,101.380,0.03490,,,,
4121,04/19/2026 09:17:07,30.96,7.71,7.70,27.32,101.300,508.9,485.2,0.24,330.77,101.380,0.03853,,,,
4122,04/19/2026 09:19:07,31.00,7.73,7.72,27.41,101.250,524.4,499.2,0.24,340.86,101.380,0.03356,,,,
4123,04/19/2026 09:21:07,31.15,7.71,7.70,27.50,101.271,546.8,519.5,0.25,355.39,101.380,0.03561,,,,
4124,04/19/2026 09:23:07,31.27,7.66,7.65,27.48,101.288,575.1,546.6,0.27,373.83,101.380,0.03732,,,,
4125,04/19/2026 09:25:07,31.34,7.69,7.67,27.50,101.289,601.4,571.5,0.28,390.94,101.380,0.03736,,,,
4126,04/19/2026 09:27:07,31.52,7.67,7.65,27.56,101.291,635.7,603.3,0.29,413.23,101.380,0.03757,,,,
4127,04/19/2026 09:29:07,31.68,7.64,7.63,27.52,101.307,661.8,628.5,0.31,430.18,101.380,0.03921,,,,
4128,04/19/2026 09:31:07,31.83,7.61,7.59,27.46,101.305,691.3,657.3,0.32,449.32,101.380,0.03900,,,,
4129,04/19/2026 09:33:07,31.92,7.62,7.61,27.36,101.266,728.3,694.0,0.34,473.39,101.380,0.03513,,,,
4130,04/19/2026 09:35:07,31.96,7.61,7.59,27.22,101.244,797.3,761.8,0.37,518.26,101.380,0.03293,,,,
4131,04/19/2026 09:37:07,31.98,7.60,7.59,27.09,101.275,745.1,713.8,0.35,484.29,101.380,0.03599,,,,
4132,04/19/2026 09:39:07,32.07,7.60,7.59,27.00,101.272,904.9,868.4,0.43,588.19,101.380,0.03570,,,,
4133,04/19/2026 09:41:07,32.11,7.61,7.05,26.87,101.285,24225.5,23309.7,14.11,15746.56,101.380,0.03701,,,,
4134,04/19/2026 09:43:07,32.21,7.61,6.78,26.83,101.284,35160.0,33858.1,21.26,22853.97,101.380,0.03688,,,,
4135,04/19/2026 09:45:07,32.31,7.58,6.50,26.76,101.281,45797.3,44164.5,28.56,29768.26,101.380,0.03665,,,,
4136,04/19/2026 09:47:07,32.36,7.60,6.36,26.67,101.384,51652.9,49900.9,32.74,33574.36,101.380,0.04686,,,,
4137,04/19/2026 09:49:07,32.51,7.59,6.35,26.55,101.433,51939.5,50305.7,33.03,33760.68,101.380,0.05170,,,,
4138,04/19/2026 09:51:07,32.76,7.57,6.33,26.50,101.396,52013.6,50421.4,33.11,33808.85,101.380,0.04805,,,,
4139,04/19/2026 09:53:07,32.96,7.46,6.24,26.53,101.432,52041.0,50419.8,33.11,33826.68,101.380,0.05165,,,,
4140,04/19/2026 09:55:07,32.45,7.55,6.32,26.46,101.500,51815.9,50270.4,33.00,33680.33,101.380,0.05843,,,,
4141,04/19/2026 09:57:07,31.87,7.49,6.26,26.44,101.500,51828.8,50304.8,33.03,33688.71,101.380,0.05836,,,,
4142,04/19/2026 09:59:07,31.05,7.58,6.33,26.43,101.534,51851.8,50342.9,33.05,33703.70,101.380,0.06181,,,,
4143,04/19/2026 10:01:07,30.31,7.93,6.62,26.45,101.588,51863.9,50326.4,33.04,33711.54,101.380,0.06715,,,,
4144,04/19/2026 10:03:07,29.74,8.31,6.92,26.49,101.571,51942.2,50371.0,33.08,33762.42,101.380,0.06550,,,,
4145,04/19/2026 10:05:07,29.23,8.61,7.18,26.53,101.643,52010.1,50389.8,33.09,33806.55,101.380,0.07266,,,,
4146,04/19/2026 10:07:07,28.73,8.73,7.26,26.57,101.680,52053.4,50394.1,33.10,33834.71,101.380,0.07629,,,,
4147,04/19/2026 10:09:07,28.23,8.83,7.34,26.60,101.699,52104.9,50406.5,33.11,33868.21,101.380,0.07816,,,,
4148,04/19/2026 10:11:07,27.83,8.99,7.48,26.62,101.734,52047.4,50335.1,33.05,33830.80,101.380,0.08171,,,,
4149,04/19/2026 10:13:07,27.47,9.19,7.64,26.61,101.752,52064.0,50357.4,33.07,33841.57,101.380,0.08344,,,,
4150,04/19/2026 10:15:07,27.21,9.28,7.71,26.60,101.804,52054.0,50357.2,33.07,33835.11,101.380,0.08867,,,,
4151,04/19/2026 10:17:07,27.00,9.46,7.86,26.58,101.874,52052.8,50384.2,33.09,33834.32,101.380,0.09558,,,,
4152,04/19/2026 10:19:07,26.91,9.63,8.00,26.64,101.894,52108.2,50372.1,33.08,33870.35,101.380,0.09754,,,,
4153,04/19/2026 10:21:07,26.88,9.77,8.11,26.64,101.894,52119.7,50380.0,33.09,33877.80,101.380,0.09755,,,,
4154,04/19/2026 10:23:07,26.83,9.86,8.19,26.65,101.894,52049.2,50308.8,33.04,33831.97,101.380,0.09756,,,,
4155,04/19/2026 10:25:07,26.81,10.34,8.59,26.68,101.948,52104.6,50331.1,33.05,33867.99,101.380,0.10292,,,,
4156,04/19/2026 10:27:07,26.85,10.43,8.67,26.74,102.002,52144.7,50307.3,33.04,33894.05,101.380,0.10838,,,,
4157,04/19/2026 10:29:07,26.90,10.95,9.10,26.80,102.040,52188.5,50284.1,33.02,33922.50,101.380,0.11209,,,,
4158,04/19/2026 10:31:07,26.95,11.28,9.38,26.86,102.077,52238.7,50276.4,33.02,33955.13,101.380,0.11578,,,,
4159,04/19/2026 10:33:07,27.01,11.58,9.62,26.90,102.131,52277.7,50267.2,33.02,33980.48,101.380,0.12119,,,,
4160,04/19/2026 10:35:07,27.06,11.66,9.69,26.93,102.114,52326.8,50292.7,33.03,34012.40,101.380,0.11951,,,,
4161,04/19/2026 10:37:07,27.08,11.83,9.83,26.97,102.169,52350.1,50268.4,33.02,34027.57,101.380,0.12492,,,,
4162,04/19/2026 10:39:07,27.12,12.16,10.11,27.02,102.170,52323.3,50189.9,32.96,34010.13,101.380,0.12509,,,,
4163,04/19/2026 10:41:07,27.11,12.19,10.13,27.03,102.206,52404.9,50262.0,33.02,34063.19,101.380,0.12862,,,,
4164,04/19/2026 10:43:07,27.17,12.23,10.16,27.07,102.242,52435.8,50251.3,33.01,34083.26,101.380,0.13225,,,,
4165,04/19/2026 10:45:07,27.17,12.08,10.04,27.09,102.243,52465.6,50261.3,33.02,34102.66,101.380,0.13231,,,,
4166,04/19/2026 10:47:07,27.20,12.32,10.24,27.12,102.262,52529.5,50288.3,33.04,34144.18,101.380,0.13418,,,,
4167,04/19/2026 10:49:07,27.25,12.50,10.38,27.17,102.334,52606.3,50309.1,33.06,34194.09,101.380,0.14136,,,,
4168,04/19/2026 10:51:07,27.33,12.93,10.75,27.28,102.338,52646.7,50242.4,33.01,34220.38,101.380,0.14171,,,,
4169,04/19/2026 10:53:07,27.42,13.12,10.91,27.34,102.340,52713.6,50241.2,33.01,34263.84,101.380,0.14193,,,,
4170,04/19/2026 10:55:07,27.48,13.10,10.89,27.41,102.448,52789.5,50242.4,33.02,34313.16,101.380,0.15268,,,,
4171,04/19/2026 10:57:07,27.51,12.96,10.78,27.42,102.430,52839.3,50280.6,33.04,34345.55,101.380,0.15096,,,,
4172,04/19/2026 10:59:07,27.54,13.04,10.84,27.43,102.501,52997.5,50428.0,33.15,34448.35,101.380,0.15797,,,,
4173,04/19/2026 11:01:07,27.60,13.22,10.99,27.52,102.575,53087.4,50414.4,33.15,34506.83,101.380,0.16531,,,,
4174,04/19/2026 11:03:07,27.66,13.16,10.94,27.56,102.558,53107.3,50399.3,33.14,34519.74,101.380,0.16368,,,,
4175,04/19/2026 11:05:07,27.65,12.95,10.76,27.56,102.646,53153.8,50443.3,33.17,34549.94,101.380,0.17243,,,,
4176,04/19/2026 11:07:07,27.64,12.99,10.79,27.54,102.716,53221.6,50526.3,33.23,34594.02,101.380,0.17938,,,,
4177,04/19/2026 11:09:07,27.66,12.97,10.77,27.60,102.683,53342.9,50582.5,33.27,34672.90,101.380,0.17607,,,,
4178,04/19/2026 11:11:07,27.73,13.38,11.11,27.70,102.739,53421.9,50558.2,33.26,34724.24,101.380,0.18166,,,,
4179,04/19/2026 11:13:07,27.80,13.10,10.88,27.69,102.862,53454.0,50597.8,33.29,34745.11,101.380,0.19389,,,,
4180,04/19/2026 11:15:07,27.78,12.89,10.70,27.64,102.843,53518.6,50702.5,33.36,34787.12,101.380,0.19199,,,,
4181,04/19/2026 11:17:07,27.77,12.89,10.70,27.66,102.949,53567.0,50729.7,33.38,34818.55,101.380,0.20257,,,,
4182,04/19/2026 11:19:07,27.74,12.80,10.62,27.64,103.001,53610.0,50792.2,33.43,34846.51,101.380,0.20775,,,,
4183,04/19/2026 11:21:07,27.70,12.77,10.58,27.60,103.070,53777.9,50988.7,33.57,34955.63,101.380,0.21463,,,,
4184,04/19/2026 11:23:07,27.69,12.77,10.60,27.62,103.159,53604.6,50812.0,33.44,34843.00,101.380,0.22343,,,,
4185,04/19/2026 11:25:07,27.70,12.76,10.59,27.62,103.159,53455.3,50670.4,33.34,34745.92,101.380,0.22343,,,,
4186,04/19/2026 11:27:07,27.68,12.74,10.57,27.60,103.246,53507.6,50741.8,33.39,34779.96,101.380,0.23211,,,,
4187,04/19/2026 11:29:07,27.65,12.69,10.54,27.57,103.333,53484.8,50745.0,33.39,34765.09,101.380,0.24079,,,,
4188,04/19/2026 11:31:07,27.63,12.74,10.58,27.57,103.386,53199.0,50470.8,33.19,34579.38,101.380,0.24605,,,,
4189,04/19/2026 11:33:07,27.62,12.71,10.56,27.55,103.438,53199.0,50495.6,33.21,34579.38,101.380,0.25122,,,,
4190,04/19/2026 11:35:07,27.61,12.74,10.58,27.56,103.509,53175.0,50460.4,33.18,34563.76,101.380,0.25827,,,,
4191,04/19/2026 11:37:07,27.61,12.72,10.57,27.58,103.510,53080.8,50355.5,33.11,34502.51,101.380,0.25832,,,,
4192,04/19/2026 11:39:07,27.61,12.58,10.46,27.56,103.544,53060.9,50358.3,33.11,34489.59,101.380,0.26175,,,,
4193,04/19/2026 11:41:07,27.59,12.61,10.48,27.56,103.615,53070.2,50360.9,33.11,34495.62,101.380,0.26878,,,,
4194,04/19/2026 11:43:07,27.62,12.63,10.50,27.60,103.634,53090.1,50345.8,33.10,34508.55,101.380,0.27064,,,,
4195,04/19/2026 11:45:07,27.62,12.48,10.37,27.55,103.755,53060.9,50361.4,33.11,34489.59,101.380,0.28276,,,,
4196,04/19/2026 11:47:07,27.60,12.59,10.46,27.54,103.755,53070.2,50379.5,33.12,34495.62,101.380,0.28273,,,,
4197,04/19/2026 11:49:07,27.62,12.63,10.50,27.57,103.809,53049.0,50331.5,33.09,34481.83,101.380,0.28808,,,,
4198,04/19/2026 11:51:07,27.61,12.71,10.56,27.59,103.827,53054.3,50318.0,33.08,34485.27,101.380,0.28989,,,,
4199,04/19/2026 11:53:07,27.64,12.74,10.60,27.61,103.916,53035.7,50281.9,33.05,34473.20,101.380,0.29871,,,,
4200,04/19/2026 11:55:07,27.65,12.72,10.57,27.63,103.934,53056.9,50283.5,33.05,34486.99,101.380,0.30053,,,,
4201,04/19/2026 11:57:07,27.67,12.91,10.74,27.66,104.005,53030.4,50224.6,33.01,34469.77,101.380,0.30765,,,,
4202,04/19/2026 11:59:07,27.69,12.76,10.61,27.66,104.111,53029.1,50223.3,33.01,34468.89,101.380,0.31816,,,,
4203,04/19/2026 12:01:07,27.69,12.79,10.65,27.66,104.129,52693.1,49905.1,32.78,34250.49,101.380,0.31991,,,,
4204,04/19/2026 12:03:07,27.70,12.86,10.71,27.69,104.200,52686.3,49865.1,32.75,34246.09,101.380,0.32703,,,,
4205,04/19/2026 12:05:07,27.73,12.88,10.73,27.72,104.148,52514.9,49681.6,32.61,34134.71,101.380,0.32185,,,,
4206,04/19/2026 12:07:07,27.75,12.99,10.83,27.75,104.220,52432.6,49570.3,32.53,34081.20,101.380,0.32897,,,,
4207,04/19/2026 12:09:07,27.80,12.99,10.84,27.79,104.274,52454.0,49548.0,32.52,34095.07,101.380,0.33438,,,,
4208,04/19/2026 12:11:07,27.82,13.06,10.90,27.80,104.362,52315.1,49407.8,32.41,34004.81,101.380,0.34317,,,,
4209,04/19/2026 12:13:07,27.85,13.12,10.96,27.87,104.400,52218.5,49253.3,32.30,33942.05,101.380,0.34689,,,,
4210,04/19/2026 12:15:07,27.87,13.33,11.14,27.86,104.417,52041.0,49091.9,32.18,33826.68,101.380,0.34862,,,,
4211,04/19/2026 12:17:07,27.92,13.36,11.17,27.91,104.489,52037.4,49040.5,32.15,33824.33,101.380,0.35580,,,,
4212,04/19/2026 12:19:07,27.95,13.42,11.22,27.96,104.615,52116.7,49064.2,32.17,33875.86,101.380,0.36824,,,,
4213,04/19/2026 12:21:07,27.99,13.54,11.32,27.99,104.668,52074.5,49000.5,32.12,33848.42,101.380,0.37358,,,,
4214,04/19/2026 12:23:07,27.99,13.63,11.40,28.00,104.704,51951.1,48875.5,32.03,33768.19,101.380,0.37712,,,,
4215,04/19/2026 12:25:07,28.03,13.51,11.30,28.00,104.810,51966.8,48884.4,32.04,33778.44,101.380,0.38765,,,,
4216,04/19/2026 12:27:07,28.02,13.46,11.27,27.97,104.844,51712.9,48672.2,31.88,33613.39,101.380,0.39105,,,,
4217,04/19/2026 12:29:07,28.01,13.39,11.22,27.97,104.914,51688.0,48648.8,31.86,33597.20,101.380,0.39806,,,,
4218,04/19/2026 12:31:07,28.00,13.38,11.20,27.97,104.914,51676.3,48637.8,31.85,33589.61,101.380,0.39806,,,,
4219,04/19/2026 12:33:07,27.99,13.27,11.12,27.96,104.914,51530.6,48512.5,31.76,33494.91,101.380,0.39802,,,,
4220,04/19/2026 12:35:07,27.98,13.19,11.05,27.95,104.984,51574.3,48565.4,31.80,33523.28,101.380,0.40498,,,,
4221,04/19/2026 12:37:07,27.98,13.18,11.07,27.94,105.072,50967.4,48002.7,31.39,33128.79,101.380,0.41371,,,,
4222,04/19/2026 12:39:07,27.99,13.19,11.07,27.96,105.143,51067.4,48082.3,31.44,33193.83,101.380,0.42077,,,,
4223,04/19/2026 12:41:07,27.98,13.18,11.06,27.94,105.265,50976.3,48011.1,31.39,33134.59,101.380,0.43298,,,,
4224,04/19/2026 12:43:07,27.97,13.15,11.05,27.93,105.247,50881.1,47936.2,31.34,33072.75,101.380,0.43117,,,,
4225,04/19/2026 12:45:07,27.95,13.18,11.07,27.91,105.247,50868.6,47938.9,31.34,33064.56,101.380,0.43112,,,,
4226,04/19/2026 12:47:07,27.95,13.13,11.04,27.89,105.299,50569.3,47674.4,31.14,32870.07,101.380,0.43631,,,,
4227,04/19/2026 12:49:07,27.92,13.13,11.03,27.86,105.386,50823.6,47943.4,31.34,33035.34,101.380,0.44496,,,,
4228,04/19/2026 12:51:07,27.92,13.06,10.97,27.87,105.421,50730.5,47843.9,31.27,32974.80,101.380,0.44851,,,,
4229,04/19/2026 12:53:07,27.92,13.04,10.96,27.86,105.439,50559.8,47691.7,31.16,32863.88,101.380,0.45023,,,,
4230,04/19/2026 12:55:07,27.90,13.08,11.00,27.85,105.720,50502.3,47646.1,31.12,32826.46,101.380,0.47822,,,,
4231,04/19/2026 12:57:07,27.88,13.03,10.96,27.83,105.719,50448.8,47618.9,31.10,32791.69,101.380,0.47814,,,,
4232,04/19/2026 12:59:07,27.87,12.90,10.85,27.80,105.736,50381.2,47581.4,31.07,32747.78,101.380,0.47979,,,,
4233,04/19/2026 13:01:07,27.83,12.81,10.77,27.77,105.752,50396.2,47627.5,31.11,32757.52,101.380,0.48143,,,,
4234,04/19/2026 13:03:07,27.83,12.73,10.71,27.77,105.840,50318.4,47551.1,31.05,32706.97,101.380,0.49019,,,,
4235,04/19/2026 13:05:07,27.80,12.75,10.72,27.75,106.033,50268.8,47521.7,31.03,32674.74,101.380,0.50940,,,,
4236,04/19/2026 13:07:07,27.82,12.76,10.74,27.78,105.946,50230.6,47456.6,30.98,32649.92,101.380,0.50075,,,,
4237,04/19/2026 13:09:07,27.83,12.85,10.82,27.81,106.035,50027.0,47243.9,30.83,32517.56,101.380,0.50958,,,,
4238,04/19/2026 13:11:07,27.83,12.86,10.82,27.80,106.176,50242.5,47450.3,30.98,32657.61,101.380,0.52358,,,,
4239,04/19/2026 13:13:07,27.84,12.81,10.78,27.81,106.212,50250.3,47446.1,30.97,32662.67,101.380,0.52713,,,,
4240,04/19/2026 13:15:07,27.85,12.79,10.76,27.80,106.194,50131.2,47348.1,30.90,32585.27,101.380,0.52532,,,,
4241,04/19/2026 13:17:07,27.85,12.75,10.74,27.79,106.352,49960.2,47195.3,30.79,32474.15,101.380,0.54106,,,,
4242,04/19/2026 13:19:07,27.84,12.71,10.71,27.79,106.475,49918.6,47153.1,30.76,32447.06,101.380,0.55333,,,,
4243,04/19/2026 13:21:07,27.83,12.76,10.75,27.76,106.403,50001.7,47266.3,30.84,32501.13,101.380,0.54619,,,,
4244,04/19/2026 13:23:07,27.80,12.74,10.73,27.72,106.508,49901.3,47203.2,30.79,32435.87,101.380,0.55659,,,,
4245,04/19/2026 13:25:07,27.78,12.66,10.66,27.70,106.613,49965.6,47287.1,30.85,32477.65,101.380,0.56701,,,,
4246,04/19/2026 13:27:07,27.76,12.57,10.63,27.64,106.347,48798.4,46230.6,30.08,31718.94,101.380,0.54056,,,,
4247,04/19/2026 13:29:07,27.74,12.54,10.57,27.65,106.558,49602.0,46986.2,30.63,32241.28,101.380,0.56160,,,,
4248,04/19/2026 13:31:07,27.73,12.41,10.47,27.66,106.787,49437.5,46818.9,30.51,32134.37,101.380,0.58441,,,,
4249,04/19/2026 13:33:07,27.73,12.37,10.42,27.65,106.734,49653.6,47037.9,30.67,32274.82,101.380,0.57910,,,,
4250,04/19/2026 13:35:07,27.72,12.29,10.36,27.64,106.839,49490.6,46889.3,30.56,32168.92,101.380,0.58959,,,,
4251,04/19/2026 13:37:07,27.72,12.25,10.33,27.64,106.875,49519.8,46914.1,30.58,32187.88,101.380,0.59310,,,,
4252,04/19/2026 13:39:07,27.71,12.22,10.31,27.62,106.962,49300.8,46729.5,30.45,32045.53,101.380,0.60178,,,,
4253,04/19/2026 13:41:07,27.66,12.20,10.29,27.57,106.907,49267.2,46746.4,30.46,32023.66,101.380,0.59634,,,,
4254,04/19/2026 13:43:07,27.64,12.18,10.27,27.56,107.013,49436.8,46910.2,30.58,32133.93,101.380,0.60684,,,,
4255,04/19/2026 13:45:07,27.64,12.03,10.14,27.57,107.048,49452.1,46916.1,30.58,32143.88,101.380,0.61037,,,,
4256,04/19/2026 13:47:07,27.64,11.96,10.09,27.58,107.049,49319.5,46784.5,30.48,32057.68,101.380,0.61039,,,,
4257,04/19/2026 13:49:07,27.64,11.91,10.05,27.59,107.119,49287.3,46748.2,30.46,32036.74,101.380,0.61742,,,,
4258,04/19/2026 13:51:07,27.65,11.86,10.00,27.57,107.295,49444.4,46911.6,30.58,32138.87,101.380,0.63489,,,,
4259,04/19/2026 13:53:07,27.63,11.82,9.97,27.55,107.259,49413.8,46905.6,30.57,32118.99,101.380,0.63130,,,,
4260,04/19/2026 13:55:07,27.63,11.88,10.02,27.56,107.294,49380.1,46862.1,30.54,32097.04,101.380,0.63484,,,,
4261,04/19/2026 13:57:07,27.64,11.85,9.99,27.59,107.472,49425.9,46876.9,30.55,32126.87,101.380,0.65247,,,,
4262,04/19/2026 13:59:07,27.65,11.84,9.99,27.58,107.418,49237.2,46709.2,30.43,32004.15,101.380,0.64717,,,,
4263,04/19/2026 14:01:07,27.64,11.82,9.97,27.56,107.523,49390.3,46874.6,30.55,32103.67,101.380,0.65760,,,,
4264,04/19/2026 14:03:07,27.61,11.81,9.96,27.53,107.628,49248.7,46760.4,30.47,32011.67,101.380,0.66804,,,,
4265,04/19/2026 14:05:07,27.62,11.84,9.99,27.55,107.593,49192.1,46689.4,30.41,31974.87,101.380,0.66460,,,,
4266,04/19/2026 14:07:07,27.60,11.75,9.92,27.52,107.663,49157.3,46690.7,30.41,31952.22,101.380,0.67148,,,,
4267,04/19/2026 14:09:07,27.59,11.69,9.86,27.52,107.698,49129.2,46658.4,30.39,31933.99,101.380,0.67500,,,,
4268,04/19/2026 14:11:07,27.59,11.68,9.85,27.51,107.750,49220.2,46756.2,30.46,31993.10,101.380,0.68021,,,,
4269,04/19/2026 14:13:07,27.58,11.53,9.73,27.50,107.785,49195.6,46738.6,30.45,31977.12,101.380,0.68369,,,,
4270,04/19/2026 14:15:07,27.54,11.51,9.71,27.46,107.854,49030.9,46619.3,30.36,31870.06,101.380,0.69056,,,,
4271,04/19/2026 14:17:07,27.53,11.46,9.67,27.45,107.977,49004.8,46608.9,30.35,31853.13,101.380,0.70277,,,,
4272,04/19/2026 14:19:07,27.49,11.33,9.56,27.41,108.170,49014.2,46649.3,30.38,31859.25,101.380,0.72192,,,,
4273,04/19/2026 14:21:07,27.45,11.21,9.47,27.36,108.062,48638.1,46339.7,30.15,31614.74,101.380,0.71123,,,,
4274,04/19/2026 14:23:07,27.42,11.11,9.38,27.34,108.149,48918.6,46627.1,30.36,31797.11,101.380,0.71991,,,,
4275,04/19/2026 14:25:07,27.39,10.97,9.26,27.30,108.236,48914.5,46663.3,30.39,31794.40,101.380,0.72852,,,,
4276,04/19/2026 14:27:07,27.34,10.82,9.15,27.26,108.182,48413.8,46216.9,30.06,31468.94,101.380,0.72315,,,,
4277,04/19/2026 14:29:07,27.33,10.82,9.13,27.26,108.288,48830.5,46617.7,30.35,31739.82,101.380,0.73365,,,,
4278,04/19/2026 14:31:07,27.32,10.90,9.20,27.28,108.270,48769.5,46545.1,30.30,31700.18,101.380,0.73195,,,,
4279,04/19/2026 14:33:07,27.33,10.98,9.26,27.30,108.218,48852.9,46601.7,30.34,31754.37,101.380,0.72678,,,,
4280,04/19/2026 14:35:07,27.35,11.05,9.33,27.32,108.395,48820.2,46556.2,30.31,31733.15,101.380,0.74435,,,,
4281,04/19/2026 14:37:07,27.38,11.14,9.41,27.36,108.432,48918.1,46612.3,30.35,31796.76,101.380,0.74799,,,,
4282,04/19/2026 14:39:07,27.41,11.16,9.42,27.37,108.520,48773.7,46463.2,30.24,31702.89,101.380,0.75679,,,,
4283,04/19/2026 14:41:07,27.42,11.20,9.46,27.39,108.486,48727.3,46401.9,30.20,31672.72,101.380,0.75335,,,,
4284,04/19/2026 14:43:07,27.43,11.17,9.43,27.39,108.539,48901.6,46565.0,30.32,31786.02,101.380,0.75862,,,,
4285,04/19/2026 14:45:07,27.43,11.11,9.38,27.36,108.643,48901.3,46590.6,30.34,31785.87,101.380,0.76903,,,,
4286,04/19/2026 14:47:07,27.40,10.99,9.28,27.32,108.747,48740.8,46477.6,30.25,31681.49,101.380,0.77939,,,,
4287,04/19/2026 14:49:07,27.38,10.84,9.15,27.31,108.712,48787.1,46530.4,30.29,31711.64,101.380,0.77585,,,,
4288,04/19/2026 14:51:07,27.35,10.73,9.05,27.29,108.729,48746.5,46505.9,30.27,31685.22,101.380,0.77755,,,,
4289,04/19/2026 14:53:07,27.35,10.57,8.93,27.28,108.728,48739.1,46510.4,30.27,31680.41,101.380,0.77751,,,,
4290,04/19/2026 14:55:07,27.33,10.56,8.91,27.27,108.851,48815.2,46597.3,30.34,31729.88,101.380,0.78971,,,,
4291,04/19/2026 14:57:07,27.30,10.37,8.76,27.24,108.709,48583.6,46404.8,30.20,31579.31,101.380,0.77560,,,,
4292,04/19/2026 14:59:07,27.27,10.26,8.66,27.19,108.708,48753.0,46609.6,30.34,31689.42,101.380,0.77544,,,,
4293,04/19/2026 15:01:07,27.23,10.11,8.53,27.14,108.952,48646.3,46553.5,30.30,31620.07,101.380,0.79979,,,,
4294,04/19/2026 15:03:07,27.18,10.02,8.45,27.09,108.880,48760.6,46711.9,30.42,31694.39,101.380,0.79260,,,,
4295,04/19/2026 15:05:07,27.15,9.93,8.38,27.07,109.038,48706.2,46677.0,30.39,31659.00,101.380,0.80830,,,,
4296,04/19/2026 15:07:07,27.11,9.94,8.38,27.05,109.143,48698.0,46692.2,30.40,31653.67,101.380,0.81872,,,,
4297,04/19/2026 15:09:07,27.11,9.91,8.36,27.05,109.143,48668.4,46658.1,30.37,31634.46,101.380,0.81874,,,,
4298,04/19/2026 15:11:07,27.10,9.85,8.31,27.04,109.195,48627.4,46630.3,30.35,31607.81,101.380,0.82395,,,,
4299,04/19/2026 15:13:07,27.08,9.81,8.28,27.03,109.248,48575.8,46592.4,30.33,31574.26,101.380,0.82917,,,,
4300,04/19/2026 15:15:07,27.07,9.77,8.24,27.01,109.089,48693.9,46720.0,30.42,31651.01,101.380,0.81335,,,,
4301,04/19/2026 15:17:07,27.06,9.85,8.30,27.00,109.212,48646.3,46683.0,30.39,31620.07,101.380,0.82558,,,,
4302,04/19/2026 15:19:07,27.06,9.91,8.35,27.02,109.388,48718.9,46738.3,30.43,31667.28,101.380,0.84315,,,,
4303,04/19/2026 15:21:07,27.07,9.90,8.35,27.04,109.248,48772.7,46769.7,30.46,31702.27,101.380,0.82921,,,,
4304,04/19/2026 15:23:07,27.07,9.89,8.34,27.02,109.336,48698.0,46712.5,30.41,31653.70,101.380,0.83791,,,,
4305,04/19/2026 15:25:07,27.07,9.83,8.29,27.02,109.494,48774.4,46788.6,30.47,31703.36,101.380,0.85367,,,,
4306,04/19/2026 15:27:07,27.06,9.86,8.33,27.01,109.406,48423.2,46460.4,30.23,31475.09,101.380,0.84488,,,,
4307,04/19/2026 15:29:07,27.06,9.87,8.32,27.01,109.546,48861.5,46883.8,30.54,31759.95,101.380,0.85888,,,,
4308,04/19/2026 15:31:07,27.06,9.86,8.31,27.01,109.458,48760.9,46790.2,30.47,31694.59,101.380,0.85011,,,,
4309,04/19/2026 15:33:07,27.04,9.86,8.31,26.98,109.633,48739.5,46792.7,30.47,31680.66,101.380,0.86754,,,,
4310,04/19/2026 15:35:07,27.04,9.94,8.38,26.99,109.669,48834.2,46872.1,30.53,31742.23,101.380,0.87109,,,,
4311,04/19/2026 15:37:07,27.04,9.93,8.37,27.00,109.616,48811.5,46844.5,30.51,31727.48,101.380,0.86585,,,,
4312,04/19/2026 15:39:07,27.05,9.94,8.37,27.01,109.705,48839.1,46865.2,30.52,31745.40,101.380,0.87463,,,,
4313,04/19/2026 15:41:07,27.04,9.94,8.37,26.99,109.581,48880.8,46922.6,30.57,31772.53,101.380,0.86231,,,,
4314,04/19/2026 15:43:07,27.04,9.97,8.40,26.98,109.634,48693.9,46746.1,30.44,31651.05,101.380,0.86755,,,,
4315,04/19/2026 15:45:07,27.03,10.00,8.43,26.98,109.722,48726.0,46776.8,30.46,31671.88,101.380,0.87631,,,,
4316,04/19/2026 15:47:07,27.03,9.97,8.41,26.98,109.704,48553.6,46617.2,30.34,31559.84,101.380,0.87453,,,,
4317,04/19/2026 15:49:07,27.01,9.91,8.35,26.95,109.668,48734.2,46816.6,30.49,31677.23,101.380,0.87094,,,,
4318,04/19/2026 15:51:07,27.00,9.85,8.31,26.93,109.702,48491.0,46603.1,30.33,31519.15,101.380,0.87436,,,,
4319,04/19/2026 15:53:07,26.97,9.79,8.25,26.91,109.649,48758.9,46875.1,30.53,31693.27,101.380,0.86906,,,,
4320,04/19/2026 15:55:07,26.94,9.74,8.21,26.89,109.683,48821.1,46958.1,30.59,31733.70,101.380,0.87247,,,,
4321,04/19/2026 15:57:07,26.93,9.65,8.13,26.86,109.577,48847.8,47007.1,30.62,31751.08,101.380,0.86188,,,,
4322,04/19/2026 15:59:07,26.90,9.69,8.17,26.84,109.734,48759.8,46942.7,30.58,31693.88,101.380,0.87757,,,,
4323,04/19/2026 16:01:07,26.89,9.71,8.17,26.84,109.769,48837.6,47023.4,30.63,31744.41,101.380,0.88105,,,,
4324,04/19/2026 16:03:07,26.88,9.74,8.20,26.85,109.858,48879.7,47055.2,30.66,31771.78,101.380,0.88984,,,,
4325,04/19/2026 16:05:07,26.89,9.69,8.16,26.85,109.858,48779.9,46956.3,30.59,31706.92,101.380,0.88985,,,,
4326,04/19/2026 16:07:07,26.88,9.72,8.19,26.84,109.893,48820.7,47004.3,30.62,31733.48,101.380,0.89332,,,,
4327,04/19/2026 16:09:07,26.89,9.75,8.21,26.85,109.858,48737.2,46915.1,30.56,31679.15,101.380,0.88985,,,,
4328,04/19/2026 16:11:07,26.88,9.72,8.19,26.84,109.980,48781.1,46969.0,30.59,31707.70,101.380,0.90207,,,,
4329,04/19/2026 16:13:07,26.88,9.76,8.22,26.83,109.928,48802.6,46992.6,30.61,31721.67,101.380,0.89680,,,,
4330,04/19/2026 16:15:07,26.88,9.77,8.22,26.85,110.016,48886.7,47059.1,30.66,31776.38,101.380,0.90561,,,,
4331,04/19/2026 16:17:07,26.90,9.83,8.28,26.86,110.087,48820.7,46981.0,30.60,31733.48,101.380,0.91267,,,,
4332,04/19/2026 16:19:07,26.90,9.83,8.28,26.87,110.105,48816.7,46968.4,30.60,31730.85,101.380,0.91445,,,,
4333,04/19/2026 16:21:07,26.90,9.84,8.29,26.86,110.034,48895.3,47055.7,30.66,31781.96,101.380,0.90741,,,,
4334,04/19/2026 16:23:07,26.90,9.87,8.31,26.85,110.034,48888.8,47061.1,30.66,31777.69,101.380,0.90736,,,,
4335,04/19/2026 16:25:07,26.90,9.94,8.37,26.86,110.105,48881.4,47039.4,30.65,31772.88,101.380,0.91442,,,,
4336,04/19/2026 16:27:07,26.91,9.91,8.34,26.87,109.999,48969.1,47118.0,30.70,31829.92,101.380,0.90394,,,,
4337,04/19/2026 16:29:07,26.91,9.92,8.35,26.87,110.087,48915.2,47066.1,30.67,31794.90,101.380,0.91269,,,,
4338,04/19/2026 16:31:07,26.92,9.93,8.36,26.88,110.105,48898.4,47044.1,30.65,31783.96,101.380,0.91447,,,,
4339,04/19/2026 16:33:07,26.93,10.00,8.41,26.89,110.018,49080.7,47204.9,30.77,31902.44,101.380,0.90576,,,,
4340,04/19/2026 16:35:07,26.94,10.03,8.45,26.91,110.036,48757.0,46876.1,30.53,31692.02,101.380,0.90758,,,,
4341,04/19/2026 16:37:07,26.95,10.04,8.46,26.90,110.000,48803.2,46926.4,30.57,31722.08,101.380,0.90405,,,,
4342,04/19/2026 16:39:07,26.95,10.12,8.52,26.91,109.983,48988.8,47099.0,30.69,31842.73,101.380,0.90232,,,,
4343,04/19/2026 16:41:07,26.97,10.10,8.51,26.93,109.931,48926.3,47021.5,30.64,31802.09,101.380,0.89713,,,,
4344,04/19/2026 16:43:07,26.96,10.13,8.53,26.91,110.106,48799.8,46914.5,30.56,31719.90,101.380,0.91459,,,,
4345,04/19/2026 16:45:07,26.96,10.11,8.51,26.91,109.983,49006.5,47113.2,30.70,31854.24,101.380,0.90233,,,,
4346,04/19/2026 16:47:07,26.96,10.15,8.55,26.92,109.948,48930.0,47036.7,30.65,31804.50,101.380,0.89884,,,,
4347,04/19/2026 16:49:07,26.96,10.19,8.58,26.92,110.019,48952.8,47055.7,30.66,31819.34,101.380,0.90586,,,,
4348,04/19/2026 16:51:07,26.96,10.21,8.60,26.92,110.054,48918.6,47022.7,30.64,31797.06,101.380,0.90936,,,,
4349,04/19/2026 16:53:07,26.97,10.22,8.61,26.93,110.036,49057.8,47150.7,30.73,31887.54,101.380,0.90763,,,,
4350,04/19/2026 16:55:07,26.97,10.22,8.60,26.93,110.124,48955.4,47052.4,30.66,31821.01,101.380,0.91639,,,,
4351,04/19/2026 16:57:07,26.97,10.24,8.62,26.92,110.054,49071.5,47166.8,30.74,31896.47,101.380,0.90937,,,,
4352,04/19/2026 16:59:07,26.97,10.21,8.60,26.91,110.053,49037.4,47145.8,30.73,31874.33,101.380,0.90933,,,,
4353,04/19/2026 17:01:07,26.96,10.14,8.54,26.89,110.070,48820.7,46957.7,30.59,31733.46,101.380,0.91100,,,,
4354,04/19/2026 17:03:07,26.94,10.07,8.48,26.87,110.087,49059.5,47207.8,30.77,31888.66,101.380,0.91268,,,,
4355,04/19/2026 17:05:07,26.92,9.98,8.40,26.85,110.280,49031.7,47201.6,30.76,31870.62,101.380,0.93187,,,,
4356,04/19/2026 17:07:07,26.90,9.91,8.34,26.82,110.174,49004.5,47195.9,30.76,31852.94,101.380,0.92129,,,,
4357,04/19/2026 17:09:07,26.88,9.89,8.32,26.82,110.226,49050.8,47249.2,30.80,31883.04,101.380,0.92651,,,,
4358,04/19/2026 17:11:07,26.86,9.85,8.29,26.80,110.102,48929.1,47146.6,30.72,31803.91,101.380,0.91420,,,,
4359,04/19/2026 17:13:07,26.85,9.79,8.23,26.79,110.120,49040.0,47265.2,30.81,31876.02,101.380,0.91591,,,,
4360,04/19/2026 17:15:07,26.83,9.73,8.18,26.77,110.172,49054.0,47293.3,30.83,31885.12,101.380,0.92111,,,,
4361,04/19/2026 17:17:07,26.82,9.66,8.12,26.76,110.154,49107.8,47359.8,30.88,31920.08,101.380,0.91931,,,,
4362,04/19/2026 17:19:07,26.81,9.59,8.06,26.75,110.136,49073.2,47338.3,30.86,31897.60,101.380,0.91751,,,,
4363,04/19/2026 17:21:07,26.79,9.55,8.03,26.75,110.259,49084.4,47346.1,30.87,31904.86,101.380,0.92978,,,,
4364,04/19/2026 17:23:07,26.79,9.55,8.03,26.75,110.083,48965.1,47228.0,30.78,31827.32,101.380,0.91228,,,,
4365,04/19/2026 17:25:07,26.81,9.61,8.09,26.77,110.013,49068.4,47307.2,30.84,31894.46,101.380,0.90535,,,,
4366,04/19/2026 17:27:07,26.83,9.47,7.96,26.78,110.154,49150.7,47380.6,30.89,31947.94,101.380,0.91938,,,,
4367,04/19/2026 17:29:07,26.83,9.41,7.91,26.78,110.102,49130.3,47358.1,30.88,31934.71,101.380,0.91414,,,,
4368,04/19/2026 17:31:07,26.83,9.39,7.90,26.79,110.049,49008.0,47234.3,30.79,31855.21,101.380,0.90890,,,,
4369,04/19/2026 17:33:07,26.83,9.36,7.87,26.79,109.961,49190.4,47413.0,30.92,31973.73,101.380,0.90013,,,,
4370,04/19/2026 17:35:07,26.83,9.30,7.82,26.78,109.996,49117.2,47345.4,30.87,31926.16,101.380,0.90363,,,,
4371,04/19/2026 17:37:07,26.83,9.29,7.81,26.79,110.102,49188.2,47410.9,30.91,31972.32,101.380,0.91415,,,,
4372,04/19/2026 17:39:07,26.83,9.29,7.81,26.78,110.014,49101.4,47333.1,30.86,31915.92,101.380,0.90537,,,,
4373,04/19/2026 17:41:07,26.83,9.26,7.78,26.78,110.031,49056.7,47293.0,30.83,31886.87,101.380,0.90711,,,,
4374,04/19/2026 17:43:07,26.82,9.25,7.79,26.78,109.908,48982.0,47220.9,30.78,31838.28,101.380,0.89485,,,,
4375,04/19/2026 17:45:07,26.83,9.17,7.71,26.78,110.014,49223.3,47450.6,30.94,31995.15,101.380,0.90537,,,,
4376,04/19/2026 17:47:07,26.82,9.13,7.67,26.78,110.014,49119.6,47353.5,30.87,31927.71,101.380,0.90536,,,,
4377,04/19/2026 17:49:07,26.82,9.04,7.60,26.77,109.996,49180.5,47421.2,30.92,31967.33,101.380,0.90357,,,,
4378,04/19/2026 17:51:07,26.81,9.04,7.60,26.77,109.943,49318.9,47554.6,31.02,32057.29,101.380,0.89832,,,,
4379,04/19/2026 17:53:07,26.81,9.01,7.58,26.77,109.802,49159.9,47401.3,30.91,31953.93,101.380,0.88431,,,,
4380,04/19/2026 17:55:07,26.82,9.03,7.59,26.77,109.943,49299.2,47532.6,31.00,32044.47,101.380,0.89833,,,,
4381,04/19/2026 17:57:07,26.82,9.01,7.57,26.78,109.908,49241.6,47465.3,30.95,32007.03,101.380,0.89487,,,,
4382,04/19/2026 17:59:07,26.83,9.00,7.56,26.78,109.838,49303.1,47527.5,31.00,32047.01,101.380,0.88785,,,,
4383,04/19/2026 18:01:07,26.83,8.92,7.49,26.78,109.679,49314.0,47535.1,31.01,32054.08,101.380,0.87210,,,,
4384,04/19/2026 18:03:07,26.83,8.86,7.44,26.78,109.732,49334.4,47554.8,31.02,32067.39,101.380,0.87736,,,,
4385,04/19/2026 18:05:07,26.83,8.82,7.41,26.79,109.644,49273.8,47493.4,30.98,32027.94,101.380,0.86861,,,,
4386,04/19/2026 18:07:07,26.83,8.72,7.32,26.79,109.679,49352.1,47568.9,31.03,32078.86,101.380,0.87211,,,,
4387,04/19/2026 18:09:07,26.83,8.69,7.30,26.79,109.592,49305.4,47518.0,30.99,32048.54,101.380,0.86338,,,,
4388,04/19/2026 18:11:07,26.83,8.74,7.34,26.79,109.592,49320.2,47532.3,31.00,32058.15,101.380,0.86338,,,,
4389,04/19/2026 18:13:07,26.84,8.70,7.31,26.79,109.521,49280.2,47493.7,30.98,32032.11,101.380,0.85637,,,,
4390,04/19/2026 18:15:07,26.83,8.67,7.28,26.79,109.521,49264.5,47475.6,30.96,32021.93,101.380,0.85638,,,,
4391,04/19/2026 18:17:07,26.83,8.59,7.22,26.79,109.574,49301.7,47511.5,30.99,32046.11,101.380,0.86164,,,,
4392,04/19/2026 18:19:07,26.83,8.53,7.16,26.79,109.363,49446.1,47653.6,31.09,32139.98,101.380,0.84061,,,,
4393,04/19/2026 18:21:07,26.84,8.52,7.16,26.79,109.451,49386.2,47595.9,31.05,32101.05,101.380,0.84937,,,,
4394,04/19/2026 18:23:07,26.83,8.39,7.04,26.79,109.433,49404.9,47613.9,31.06,32113.21,101.380,0.84761,,,,
4395,04/19/2026 18:25:07,26.83,8.32,6.98,26.79,109.468,49482.3,47688.5,31.12,32163.53,101.380,0.85112,,,,
4396,04/19/2026 18:27:07,26.83,8.29,6.97,26.79,109.451,49392.6,47607.9,31.06,32105.16,101.380,0.84934,,,,
4397,04/19/2026 18:29:07,26.83,8.02,6.73,26.78,109.521,49511.3,47725.3,31.14,32182.35,101.380,0.85634,,,,
4398,04/19/2026 18:31:07,26.83,8.16,6.86,26.77,109.450,49515.1,47737.8,31.15,32184.79,101.380,0.84930,,,,
4399,04/19/2026 18:33:07,26.82,8.40,7.06,26.76,109.362,49398.4,47634.2,31.08,32108.94,101.380,0.84051,,,,
4400,04/19/2026 18:35:07,26.81,8.24,6.92,26.76,109.414,49443.1,47683.2,31.11,32137.99,101.380,0.84575,,,,
4401,04/19/2026 18:37:07,26.81,8.14,6.83,26.75,109.379,49463.6,47705.9,31.13,32151.34,101.380,0.84223,,,,
4402,04/19/2026 18:39:07,26.80,8.07,6.78,26.75,109.379,49428.0,47680.4,31.11,32128.17,101.380,0.84220,,,,
4403,04/19/2026 18:41:07,26.80,7.64,6.41,26.75,109.273,49571.0,47818.4,31.21,32221.16,101.380,0.83169,,,,
4404,04/19/2026 18:43:07,26.79,7.40,6.21,26.74,109.202,49527.9,47785.7,31.19,32193.13,101.380,0.82465,,,,
4405,04/19/2026 18:45:07,26.77,7.26,6.09,26.72,109.307,49616.0,47885.6,31.26,32250.41,101.380,0.83511,,,,
4406,04/19/2026 18:47:07,26.77,7.23,6.07,26.71,109.131,49606.6,47885.4,31.26,32244.26,101.380,0.81757,,,,
4407,04/19/2026 18:49:07,26.75,7.06,5.92,26.69,109.183,49576.6,47874.2,31.25,32224.76,101.380,0.82276,,,,
4408,04/19/2026 18:51:07,26.74,7.06,5.93,26.68,109.042,49542.7,47856.3,31.24,32202.74,101.380,0.80869,,,,
4409,04/19/2026 18:53:07,26.73,7.25,6.08,26.68,109.025,49716.4,48018.2,31.36,32315.68,101.380,0.80696,,,,
4410,04/19/2026 18:55:07,26.72,7.54,6.33,26.68,109.112,49622.6,47933.5,31.29,32254.66,101.380,0.81570,,,,
4411,04/19/2026 18:57:07,26.72,7.17,6.01,26.67,109.024,49744.6,48054.4,31.38,32334.01,101.380,0.80693,,,,
4412,04/19/2026 18:59:07,26.72,7.18,6.02,26.67,108.971,49679.7,47997.6,31.34,32291.81,101.380,0.80165,,,,
4413,04/19/2026 19:01:07,26.71,6.82,5.72,26.66,108.971,49685.3,48009.0,31.35,32295.46,101.380,0.80163,,,,
4414,04/19/2026 19:03:07,26.70,6.69,5.61,26.65,108.935,49730.5,48061.6,31.39,32324.83,101.380,0.79810,,,,
4415,04/19/2026 19:05:07,26.70,6.65,5.58,26.64,109.006,49692.9,48034.2,31.37,32300.37,101.380,0.80507,,,,
4416,04/19/2026 19:07:07,26.69,6.65,5.57,26.64,108.882,49718.3,48064.7,31.39,32316.86,101.380,0.79279,,,,
4417,04/19/2026 19:09:07,26.67,6.69,5.60,26.63,108.741,49833.3,48187.9,31.48,32391.65,101.380,0.77874,,,,
4418,04/19/2026 19:11:07,26.67,6.67,5.59,26.62,108.811,49904.2,48265.4,31.53,32437.70,101.380,0.78571,,,,
4419,04/19/2026 19:13:07,26.65,6.80,5.69,26.61,108.775,49907.1,48277.2,31.54,32439.61,101.380,0.78218,,,,
4420,04/19/2026 19:15:07,26.65,6.76,5.66,26.60,108.740,49974.2,48348.2,31.59,32483.25,101.380,0.77866,,,,
4421,04/19/2026 19:17:07,26.65,6.79,5.69,26.59,108.722,49993.2,48375.6,31.61,32495.59,101.380,0.77687,,,,
4422,04/19/2026 19:19:07,26.64,6.73,5.63,26.59,108.616,49945.9,48332.8,31.58,32464.85,101.380,0.76635,,,,
4423,04/19/2026 19:21:07,26.63,6.58,5.51,26.59,108.687,50020.0,48407.5,31.64,32513.00,101.380,0.77335,,,,
4424,04/19/2026 19:23:07,26.63,6.52,5.46,26.58,108.598,50027.6,48417.8,31.64,32517.92,101.380,0.76458,,,,
4425,04/19/2026 19:25:07,26.63,6.48,5.42,26.58,108.475,50051.3,48443.8,31.66,32533.31,101.380,0.75231,,,,
4426,04/19/2026 19:27:07,26.63,6.40,5.36,26.58,108.510,50082.9,48474.4,31.69,32553.88,101.380,0.75581,,,,
4427,04/19/2026 19:29:07,26.63,6.26,5.24,26.57,108.457,50033.5,48435.6,31.66,32521.78,101.380,0.75053,,,,
4428,04/19/2026 19:31:07,26.61,5.90,4.94,26.56,108.386,50095.3,48507.5,31.71,32561.91,101.380,0.74348,,,,
4429,04/19/2026 19:33:07,26.61,5.73,4.79,26.56,108.316,50080.3,48493.0,31.70,32552.22,101.380,0.73648,,,,
4430,04/19/2026 19:35:07,26.60,5.59,4.67,26.56,108.263,50193.7,48605.8,31.78,32625.88,101.380,0.73121,,,,
4431,04/19/2026 19:37:07,26.60,5.54,4.63,26.56,108.369,50224.2,48635.4,31.80,32645.75,101.380,0.74172,,,,
4432,04/19/2026 19:39:07,26.59,5.80,4.85,26.55,108.298,50148.1,48564.6,31.75,32596.26,101.380,0.73470,,,,
4433,04/19/2026 19:41:07,26.60,5.70,4.77,26.55,108.280,50196.8,48614.9,31.79,32627.93,101.380,0.73294,,,,
4434,04/19/2026 19:43:07,26.60,5.71,4.77,26.54,108.263,50260.8,48682.9,31.84,32669.53,101.380,0.73117,,,,
4435,04/19/2026 19:45:07,26.59,5.62,4.70,26.54,108.192,50289.4,48713.7,31.86,32688.14,101.380,0.72415,,,,
4436,04/19/2026 19:47:07,26.58,5.63,4.71,26.54,108.192,50320.5,48746.8,31.88,32708.34,101.380,0.72414,,,,
4437,04/19/2026 19:49:07,26.58,5.58,4.66,26.53,108.245,50276.2,48706.9,31.85,32679.55,101.380,0.72939,,,,
4438,04/19/2026 19:51:07,26.57,5.60,4.68,26.53,108.245,50387.5,48817.8,31.93,32751.89,101.380,0.72938,,,,
4439,04/19/2026 19:53:07,26.57,5.51,4.60,26.52,108.174,50415.7,48854.2,31.96,32770.22,101.380,0.72234,,,,
4440,04/19/2026 19:55:07,26.56,5.51,4.61,26.52,108.086,50389.6,48834.9,31.95,32753.21,101.380,0.71356,,,,
4441,04/19/2026 19:57:07,26.56,5.70,4.76,26.50,107.997,50461.8,48917.0,32.01,32800.14,101.380,0.70477,,,,
4442,04/19/2026 19:59:07,26.54,5.78,4.82,26.49,108.050,50478.0,48941.9,32.02,32810.72,101.380,0.70999,,,,
4443,04/19/2026 20:01:07,26.54,5.79,4.84,26.49,108.049,50452.6,48926.5,32.01,32794.21,101.380,0.70996,,,,
4444,04/19/2026 20:03:07,26.54,5.88,4.91,26.48,108.032,50513.7,48988.7,32.06,32833.91,101.380,0.70819,,,,
4445,04/19/2026 20:05:07,26.53,5.73,4.78,26.48,108.102,50544.1,49021.3,32.08,32853.68,101.380,0.71519,,,,
4446,04/19/2026 20:07:07,26.51,5.55,4.63,26.48,107.926,50558.7,49038.4,32.09,32863.14,101.380,0.69767,,,,
4447,04/19/2026 20:09:07,26.51,5.51,4.60,26.47,107.820,50596.9,49081.6,32.13,32887.99,101.380,0.68714,,,,
4448,04/19/2026 20:11:07,26.51,5.67,4.73,26.45,107.714,50634.8,49133.7,32.16,32912.60,101.380,0.67658,,,,
4449,04/19/2026 20:13:07,26.50,6.29,5.25,26.44,107.784,50597.9,49110.1,32.15,32888.62,101.380,0.68354,,,,
4450,04/19/2026 20:15:07,26.49,6.75,5.63,26.43,107.713,50628.2,49148.7,32.17,32908.30,101.380,0.67650,,,,
4451,04/19/2026 20:17:07,26.47,6.91,5.77,26.42,107.695,50599.6,49139.3,32.17,32889.76,101.380,0.67469,,,,
4452,04/19/2026 20:19:07,26.46,7.07,5.90,26.42,107.748,50692.9,49229.9,32.23,32950.36,101.380,0.67994,,,,
4453,04/19/2026 20:21:07,26.46,6.90,5.76,26.42,107.572,50760.8,49292.8,32.28,32994.54,101.380,0.66244,,,,
4454,04/19/2026 20:23:07,26.46,6.82,5.69,26.42,107.519,50634.7,49170.4,32.19,32912.58,101.380,0.65719,,,,
4455,04/19/2026 20:25:07,26.45,6.73,5.61,26.41,107.501,50690.1,49230.3,32.23,32948.58,101.380,0.65542,,,,
4456,04/19/2026 20:27:07,26.45,6.65,5.54,26.41,107.448,50763.7,49304.8,32.29,32996.41,101.380,0.65015,,,,
4457,04/19/2026 20:29:07,26.45,6.48,5.40,26.40,107.448,50801.4,49347.6,32.32,33020.92,101.380,0.65013,,,,
4458,04/19/2026 20:31:07,26.44,6.45,5.38,26.39,107.272,50813.3,49368.4,32.33,33028.66,101.380,0.63259,,,,
4459,04/19/2026 20:33:07,26.43,6.33,5.27,26.38,107.395,50820.8,49384.8,32.35,33033.50,101.380,0.64482,,,,
4460,04/19/2026 20:35:07,26.43,6.40,5.33,26.37,107.324,50900.8,49474.9,32.41,33085.52,101.380,0.63777,,,,
4461,04/19/2026 20:37:07,26.41,6.23,5.19,26.36,107.376,50939.2,49524.6,32.45,33110.48,101.380,0.64298,,,,
4462,04/19/2026 20:39:07,26.41,6.04,5.03,26.36,107.306,50947.4,49535.6,32.46,33115.78,101.380,0.63597,,,,
4463,04/19/2026 20:41:07,26.40,6.00,5.00,26.34,107.323,50945.8,49546.5,32.46,33114.78,101.380,0.63768,,,,
4464,04/19/2026 20:43:07,26.39,6.38,5.32,26.33,107.340,50832.3,49451.5,32.39,33040.99,101.380,0.63937,,,,
4465,04/19/2026 20:45:07,26.38,6.24,5.19,26.33,107.287,50970.8,49589.3,32.49,33130.98,101.380,0.63411,,,,
4466,04/19/2026 20:47:07,26.37,6.28,5.23,26.31,107.234,51035.1,49670.4,32.55,33172.79,101.380,0.62879,,,,
4467,04/19/2026 20:49:07,26.36,6.31,5.25,26.30,107.321,51052.0,49693.1,32.57,33183.83,101.380,0.63753,,,,
4468,04/19/2026 20:51:07,26.34,6.33,5.27,26.29,107.251,51053.6,49704.0,32.58,33184.86,101.380,0.63049,,,,
4469,04/19/2026 20:53:07,26.34,6.44,5.36,26.29,107.374,51060.7,49717.1,32.59,33189.48,101.380,0.64273,,,,
4470,04/19/2026 20:55:07,26.33,6.20,5.16,26.28,107.145,51129.0,49786.6,32.64,33233.82,101.380,0.61996,,,,
4471,04/19/2026 20:57:07,26.33,6.25,5.20,26.29,107.198,51141.6,49792.7,32.64,33242.03,101.380,0.62523,,,,
4472,04/19/2026 20:59:07,26.33,6.24,5.19,26.28,107.145,51148.2,49805.4,32.65,33246.32,101.380,0.61996,,,,
4473,04/19/2026 21:01:07,26.33,6.19,5.15,26.27,107.109,51135.5,49802.3,32.65,33238.08,101.380,0.61642,,,,
4474,04/19/2026 21:03:07,26.32,6.05,5.03,26.27,106.986,51202.2,49870.4,32.70,33281.46,101.380,0.60415,,,,
4475,04/19/2026 21:05:07,26.32,6.05,5.03,26.27,107.126,51269.5,49942.2,32.75,33325.20,101.380,0.61814,,,,
4476,04/19/2026 21:07:07,26.31,6.02,5.00,26.27,107.197,51326.6,49997.8,32.79,33362.31,101.380,0.62515,,,,
4477,04/19/2026 21:09:07,26.31,6.06,5.04,26.27,107.074,51320.6,49992.0,32.79,33358.41,101.380,0.61289,,,,
4478,04/19/2026 21:11:07,26.31,6.14,5.10,26.27,107.144,51460.6,50125.2,32.89,33449.36,101.380,0.61990,,,,
4479,04/19/2026 21:13:07,26.31,6.17,5.13,26.27,106.986,51370.0,50036.9,32.82,33390.47,101.380,0.60414,,,,
4480,04/19/2026 21:15:07,26.32,6.22,5.17,26.28,107.110,51485.0,50133.3,32.89,33465.26,101.380,0.61645,,,,
4481,04/19/2026 21:17:07,26.33,6.20,5.15,26.29,106.986,51538.8,50179.5,32.93,33500.23,101.380,0.60421,,,,
4482,04/19/2026 21:19:07,26.34,6.39,5.31,26.32,107.040,51566.3,50178.0,32.93,33518.06,101.380,0.60956,,,,
4483,04/19/2026 21:21:07,26.35,6.27,5.21,26.32,107.111,51613.1,50223.6,32.96,33548.54,101.380,0.61657,,,,
4484,04/19/2026 21:23:07,26.35,6.18,5.13,26.31,107.128,51653.9,50266.4,32.99,33575.03,101.380,0.61831,,,,
4485,04/19/2026 21:25:07,26.37,6.10,5.07,26.31,107.093,51644.2,50257.0,32.98,33568.75,101.380,0.61481,,,,
4486,04/19/2026 21:27:07,26.37,6.22,5.16,26.33,107.146,51705.6,50304.1,33.02,33608.61,101.380,0.62010,,,,
4487,04/19/2026 21:29:07,26.38,6.22,5.16,26.34,107.006,51737.9,50323.0,33.03,33629.60,101.380,0.60613,,,,
4488,04/19/2026 21:31:07,26.38,6.26,5.19,26.35,106.883,51733.2,50309.1,33.02,33626.56,101.380,0.59390,,,,
4489,04/19/2026 21:33:07,26.40,6.24,5.18,26.36,106.989,51809.9,50371.2,33.07,33676.46,101.380,0.60445,,,,
4490,04/19/2026 21:35:07,26.40,6.38,5.30,26.37,106.936,51807.2,50362.2,33.06,33674.69,101.380,0.59922,,,,
4491,04/19/2026 21:37:07,26.42,6.34,5.27,26.38,106.937,51859.2,50403.3,33.09,33708.47,101.380,0.59925,,,,
4492,04/19/2026 21:39:07,26.42,6.17,5.12,26.37,106.901,51861.9,50409.1,33.10,33710.24,101.380,0.59574,,,,
4493,04/19/2026 21:41:07,26.42,6.28,5.21,26.38,106.813,51887.0,50430.4,33.11,33726.54,101.380,0.58699,,,,
4494,04/19/2026 21:43:07,26.42,6.27,5.21,26.38,106.690,51959.7,50494.7,33.16,33773.78,101.380,0.57476,,,,
4495,04/19/2026 21:45:07,26.42,6.25,5.19,26.38,106.796,51965.1,50500.0,33.17,33777.32,101.380,0.58526,,,,
4496,04/19/2026 21:47:07,26.42,6.32,5.25,26.38,106.761,51954.6,50496.0,33.16,33770.47,101.380,0.58174,,,,
4497,04/19/2026 21:49:07,26.42,6.19,5.13,26.37,106.778,51976.8,50527.1,33.19,33784.93,101.380,0.58346,,,,
4498,04/19/2026 21:51:07,26.40,6.20,5.14,26.34,106.707,51976.2,50554.8,33.20,33784.51,101.380,0.57636,,,,
4499,04/19/2026 21:53:07,26.39,6.22,5.16,26.33,106.724,51957.8,50549.6,33.20,33772.59,101.380,0.57807,,,,
4500,04/19/2026 21:55:07,26.38,6.32,5.24,26.33,106.706,51966.9,50555.3,33.20,33778.51,101.380,0.57633,,,,
4501,04/19/2026 21:57:07,26.38,6.26,5.19,26.32,106.671,52032.7,50625.5,33.26,33821.22,101.380,0.57281,,,,
4502,04/19/2026 21:59:07,26.37,6.31,5.23,26.32,106.776,52057.3,50649.5,33.27,33837.26,101.380,0.58331,,,,
4503,04/19/2026 22:01:07,26.37,6.26,5.19,26.32,106.759,52064.8,50660.0,33.28,33842.15,101.380,0.58155,,,,
4504,04/19/2026 22:03:07,26.36,6.24,5.17,26.32,106.776,52061.2,50659.7,33.28,33839.80,101.380,0.58329,,,,
4505,04/19/2026 22:05:07,26.36,6.24,5.17,26.31,106.670,52106.4,50713.1,33.32,33869.15,101.380,0.57275,,,,
4506,04/19/2026 22:07:07,26.35,6.31,5.23,26.30,106.864,52143.2,50761.6,33.36,33893.08,101.380,0.59198,,,,
4507,04/19/2026 22:09:07,26.35,6.31,5.23,26.30,106.793,52066.0,50686.5,33.30,33842.93,101.380,0.58497,,,,
4508,04/19/2026 22:11:07,26.35,6.26,5.19,26.30,106.846,52018.3,50640.0,33.27,33811.90,101.380,0.59023,,,,
4509,04/19/2026 22:13:07,26.34,6.35,5.26,26.29,106.934,52165.2,50789.4,33.38,33907.39,101.380,0.59896,,,,
4510,04/19/2026 22:15:07,26.33,6.46,5.35,26.27,106.828,52161.8,50801.9,33.38,33905.20,101.380,0.58840,,,,
4511,04/19/2026 22:17:07,26.33,6.37,5.28,26.28,106.740,52174.5,50807.9,33.39,33913.45,101.380,0.57967,,,,
4512,04/19/2026 22:19:07,26.33,6.35,5.26,26.28,106.792,52196.6,50832.6,33.41,33927.76,101.380,0.58491,,,,
4513,04/19/2026 22:21:07,26.32,6.37,5.28,26.27,106.915,52123.8,50771.2,33.36,33880.48,101.380,0.59714,,,,
4514,04/19/2026 22:23:07,26.31,6.38,5.29,26.26,106.898,52201.7,50853.4,33.42,33931.11,101.380,0.59537,,,,
4515,04/19/2026 22:25:07,26.30,6.42,5.31,26.26,106.845,52208.1,50866.0,33.43,33935.24,101.380,0.59009,,,,
4516,04/19/2026 22:27:07,26.30,6.44,5.33,26.25,106.756,52224.7,50891.7,33.45,33946.06,101.380,0.58130,,,,
4517,04/19/2026 22:29:07,26.28,6.44,5.33,26.23,106.897,52234.0,50916.7,33.47,33952.11,101.380,0.59526,,,,
4518,04/19/2026 22:31:07,26.28,6.40,5.30,26.23,106.808,52234.8,50923.8,33.47,33952.60,101.380,0.58649,,,,
4519,04/19/2026 22:33:07,26.27,6.29,5.21,26.22,106.667,52305.9,50999.5,33.53,33998.84,101.380,0.57246,,,,
4520,04/19/2026 22:35:07,26.26,6.27,5.19,26.21,106.685,52162.5,50869.2,33.43,33905.64,101.380,0.57417,,,,
4521,04/19/2026 22:37:07,26.25,6.19,5.12,26.20,106.667,52328.2,51037.2,33.56,34013.35,101.380,0.57240,,,,
4522,04/19/2026 22:39:07,26.25,6.10,5.05,26.19,106.561,52303.7,51026.0,33.55,33997.38,101.380,0.56186,,,,
4523,04/19/2026 22:41:07,26.24,6.07,5.02,26.18,106.490,52311.5,51049.6,33.56,34002.49,101.380,0.55480,,,,
4524,04/19/2026 22:43:07,26.23,5.94,4.92,26.16,106.595,52238.4,50991.0,33.52,33954.99,101.380,0.56527,,,,
4525,04/19/2026 22:45:07,26.22,5.80,4.80,26.16,106.595,52315.7,51076.0,33.58,34005.18,101.380,0.56523,,,,
4526,04/19/2026 22:47:07,26.19,5.55,4.59,26.13,106.471,52279.6,51069.5,33.58,33981.74,101.380,0.55288,,,,
4527,04/19/2026 22:49:07,26.18,5.49,4.55,26.12,106.453,52120.5,50920.4,33.47,33878.30,101.380,0.55111,,,,
4528,04/19/2026 22:51:07,26.17,5.38,4.45,26.11,106.470,52208.8,51019.5,33.54,33935.74,101.380,0.55282,,,,
4529,04/19/2026 22:53:07,26.16,5.30,4.38,26.11,106.505,52350.6,51161.2,33.64,34027.86,101.380,0.55631,,,,
4530,04/19/2026 22:55:07,26.15,5.18,4.28,26.10,106.364,52291.4,51109.7,33.60,33989.39,101.380,0.54228,,,,
4531,04/19/2026 22:57:07,26.15,5.13,4.24,26.10,106.417,52416.7,51232.3,33.70,34070.86,101.380,0.54754,,,,
4532,04/19/2026 22:59:07,26.15,5.09,4.21,26.10,106.417,52409.0,51224.8,33.69,34065.88,101.380,0.54754,,,,
4533,04/19/2026 23:01:07,26.14,5.03,4.16,26.10,106.206,52411.7,51227.4,33.69,34067.63,101.380,0.52652,,,,
4534,04/19/2026 23:03:07,26.14,4.98,4.12,26.10,106.558,52420.6,51236.1,33.70,34073.41,101.380,0.56155,,,,
4535,04/19/2026 23:05:07,26.14,4.94,4.09,26.09,106.540,52479.0,51302.8,33.75,34111.38,101.380,0.55976,,,,
4536,04/19/2026 23:07:07,26.13,4.94,4.08,26.09,106.293,52493.4,51323.2,33.76,34120.68,101.380,0.53523,,,,
4537,04/19/2026 23:09:07,26.13,4.92,4.07,26.08,106.434,52483.0,51316.3,33.76,34113.94,101.380,0.54923,,,,
4538,04/19/2026 23:11:07,26.12,4.83,4.00,26.08,106.539,52447.3,51284.6,33.73,34090.72,101.380,0.55972,,,,
4539,04/19/2026 23:13:07,26.12,4.74,3.92,26.08,106.539,52555.8,51387.5,33.81,34161.28,101.380,0.55973,,,,
4540,04/19/2026 23:15:07,26.12,4.66,3.85,26.08,106.258,52510.5,51346.4,33.78,34131.83,101.380,0.53170,,,,
4541,04/19/2026 23:17:07,26.12,4.63,3.83,26.08,106.293,52519.6,51358.6,33.79,34137.76,101.380,0.53520,,,,
4542,04/19/2026 23:19:07,26.12,4.61,3.81,26.07,106.486,52562.4,51403.6,33.82,34165.58,101.380,0.55445,,,,
4543,04/19/2026 23:21:07,26.12,4.58,3.78,26.07,106.433,52526.1,51371.3,33.80,34141.95,101.380,0.54918,,,,
4544,04/19/2026 23:23:07,26.12,4.51,3.72,26.07,106.345,52582.0,51429.1,33.84,34178.28,101.380,0.54042,,,,
4545,04/19/2026 23:25:07,26.11,4.42,3.65,26.06,106.275,52582.1,51432.5,33.84,34178.38,101.380,0.53340,,,,
4546,04/19/2026 23:27:07,26.10,4.41,3.65,26.06,106.345,52554.9,51409.1,33.82,34160.66,101.380,0.54040,,,,
4547,04/19/2026 23:29:07,26.10,4.40,3.64,26.06,106.327,52540.6,51401.5,33.82,34151.36,101.380,0.53863,,,,
4548,04/19/2026 23:31:07,26.10,4.39,3.63,26.05,106.310,52588.7,51451.9,33.86,34182.67,101.380,0.53686,,,,
4549,04/19/2026 23:33:07,26.09,4.43,3.66,26.05,106.380,52567.9,51434.8,33.84,34169.16,101.380,0.54386,,,,
4550,04/19/2026 23:35:07,26.09,4.39,3.63,26.04,106.344,52532.8,51410.1,33.82,34146.35,101.380,0.54033,,,,
4551,04/19/2026 23:37:07,26.09,4.47,3.70,26.04,106.450,52495.3,51370.1,33.79,34121.94,101.380,0.55084,,,,
4552,04/19/2026 23:39:07,26.08,4.49,3.71,26.04,106.432,52566.7,51439.9,33.85,34168.34,101.380,0.54909,,,,
4553,04/19/2026 23:41:07,26.08,4.51,3.72,26.04,106.309,52562.7,51439.3,33.85,34165.79,101.380,0.53682,,,,
4554,04/19/2026 23:43:07,26.09,4.55,3.76,26.05,106.380,52578.5,51448.3,33.85,34176.01,101.380,0.54385,,,,
4555,04/19/2026 23:45:07,26.09,4.55,3.76,26.05,106.362,52546.1,51410.1,33.82,34154.94,101.380,0.54212,,,,
4556,04/19/2026 23:47:07,26.09,4.62,3.82,26.05,106.362,52555.0,51418.9,33.83,34160.77,101.380,0.54212,,,,
4557,04/19/2026 23:49:07,26.10,4.57,3.78,26.06,106.362,52533.2,51394.3,33.81,34146.56,101.380,0.54213,,,,
4558,04/19/2026 23:51:07,26.10,4.59,3.79,26.06,106.169,52544.8,51396.0,33.81,34154.13,101.380,0.52290,,,,
4559,04/19/2026 23:53:07,26.10,4.48,3.70,26.07,106.451,52565.6,51413.1,33.83,34167.62,101.380,0.55093,,,,
4560,04/19/2026 23:55:07,26.10,4.48,3.70,26.06,106.204,52556.3,51407.2,33.82,34161.58,101.380,0.52640,,,,
4561,04/19/2026 23:57:07,26.11,4.40,3.64,26.06,106.257,52512.3,51364.2,33.79,34132.97,101.380,0.53165,,,,
4562,04/19/2026 23:59:07,26.11,4.34,3.59,26.07,106.345,52489.0,51335.0,33.77,34117.88,101.380,0.54043,,,,
4563,04/20/2026 00:01:07,26.12,4.27,3.53,26.07,106.257,52500.6,51343.2,33.78,34125.42,101.380,0.53168,,,,
4564,04/20/2026 00:03:07,26.12,4.34,3.58,26.08,106.328,52525.3,51360.9,33.79,34141.45,101.380,0.53871,,,,
4565,04/20/2026 00:05:07,26.12,4.26,3.52,26.07,106.222,52494.2,51343.3,33.78,34121.23,101.380,0.52816,,,,
4566,04/20/2026 00:07:07,26.12,4.26,3.53,26.07,106.240,52467.1,51313.6,33.75,34103.60,101.380,0.52992,,,,
4567,04/20/2026 00:09:07,26.11,4.21,3.48,26.06,106.222,52469.6,51332.1,33.77,34105.22,101.380,0.52812,,,,
4568,04/20/2026 00:11:07,26.11,4.17,3.44,26.06,106.327,52508.5,51366.9,33.79,34130.53,101.380,0.53864,,,,
4569,04/20/2026 00:13:07,26.10,4.15,3.43,26.05,106.204,52439.8,51306.2,33.75,34085.86,101.380,0.52636,,,,
4570,04/20/2026 00:15:07,26.09,4.12,3.40,26.04,106.292,52446.4,51325.5,33.76,34090.16,101.380,0.53507,,,,
4571,04/20/2026 00:17:07,26.08,4.09,3.38,26.04,106.309,52455.3,51334.2,33.77,34095.95,101.380,0.53682,,,,
4572,04/20/2026 00:19:07,26.09,4.11,3.40,26.04,106.344,52412.7,51292.5,33.74,34068.27,101.380,0.54033,,,,
4573,04/20/2026 00:21:07,26.08,4.07,3.37,26.02,106.309,52440.9,51336.1,33.77,34086.55,101.380,0.53677,,,,
4574,04/20/2026 00:23:07,26.07,4.03,3.33,26.01,106.343,52407.6,51319.6,33.76,34064.91,101.380,0.54022,,,,
4575,04/20/2026 00:25:07,26.06,4.05,3.35,26.01,106.343,52428.2,51336.6,33.77,34078.34,101.380,0.54023,,,,
4576,04/20/2026 00:27:07,26.06,4.00,3.31,26.01,106.308,52427.0,51335.4,33.77,34077.53,101.380,0.53673,,,,
4577,04/20/2026 00:29:07,26.06,3.99,3.30,26.01,106.308,52379.3,51291.9,33.74,34046.52,101.380,0.53672,,,,
4578,04/20/2026 00:31:07,26.06,4.00,3.31,26.00,106.449,52419.1,51337.3,33.77,34072.43,101.380,0.55071,,,,
4579,04/20/2026 00:33:07,26.05,4.03,3.33,25.99,106.290,52416.4,51344.4,33.77,34070.69,101.380,0.53492,,,,
4580,04/20/2026 00:35:07,26.03,4.14,3.42,25.97,106.307,52358.4,51313.3,33.75,34032.99,101.380,0.53659,,,,
4581,04/20/2026 00:37:07,26.02,4.15,3.43,25.97,106.236,52367.3,51321.9,33.76,34038.75,101.380,0.52958,,,,
4582,04/20/2026 00:39:07,26.00,4.19,3.46,25.96,106.342,52391.9,51358.9,33.78,34054.71,101.380,0.54005,,,,
4583,04/20/2026 00:41:07,26.00,4.10,3.39,25.96,106.342,52308.0,51276.6,33.72,34000.17,101.380,0.54005,,,,
4584,04/20/2026 00:43:07,26.00,4.02,3.32,25.95,106.324,52341.8,51316.2,33.75,34022.14,101.380,0.53828,,,,
4585,04/20/2026 00:45:07,25.99,3.98,3.29,25.95,106.341,52335.2,51309.7,33.75,34017.85,101.380,0.54003,,,,
4586,04/20/2026 00:47:07,25.99,3.91,3.23,25.94,106.464,52329.0,51316.6,33.75,34013.85,101.380,0.55224,,,,
4587,04/20/2026 00:49:07,25.99,3.79,3.13,25.94,106.411,52347.1,51334.3,33.76,34025.63,101.380,0.54699,,,,
4588,04/20/2026 00:51:07,25.99,3.73,3.08,25.95,106.359,52357.2,51337.8,33.77,34032.19,101.380,0.54176,,,,
4589,04/20/2026 00:53:07,25.98,3.91,3.23,25.92,106.305,52295.4,51306.2,33.74,33992.04,101.380,0.53641,,,,
4590,04/20/2026 00:55:07,25.97,3.73,3.09,25.93,106.376,52301.6,51302.5,33.74,33996.03,101.380,0.54345,,,,
4591,04/20/2026 00:57:07,25.97,3.76,3.11,25.93,106.200,52366.1,51359.4,33.78,34037.95,101.380,0.52596,,,,
4592,04/20/2026 00:59:07,25.98,3.78,3.12,25.94,106.341,52300.6,51285.5,33.73,33995.38,101.380,0.54000,,,,
4593,04/20/2026 01:01:07,25.98,3.86,3.19,25.94,106.359,52345.5,51329.5,33.76,34024.55,101.380,0.54175,,,,
4594,04/20/2026 01:03:07,25.99,3.87,3.20,25.95,106.429,52370.0,51350.3,33.78,34040.49,101.380,0.54876,,,,
4595,04/20/2026 01:05:07,25.99,3.91,3.23,25.95,106.394,52259.5,51232.3,33.69,33968.66,101.380,0.54529,,,,
4596,04/20/2026 01:07:07,25.99,3.87,3.20,25.95,106.359,52281.3,51263.3,33.71,33982.81,101.380,0.54176,,,,
4597,04/20/2026 01:09:07,26.00,3.85,3.18,25.96,106.342,52319.9,51282.0,33.73,34007.96,101.380,0.54007,,,,
4598,04/20/2026 01:11:07,26.01,3.89,3.22,25.98,106.290,52341.5,51283.8,33.73,34022.00,101.380,0.53488,,,,
4599,04/20/2026 01:13:07,26.03,3.83,3.17,25.99,106.378,52317.2,51256.8,33.71,34006.21,101.380,0.54364,,,,
4600,04/20/2026 01:15:07,26.03,3.75,3.10,25.99,106.237,52326.3,51265.7,33.71,34012.11,101.380,0.52964,,,,
4601,04/20/2026 01:17:07,26.04,3.75,3.10,26.00,106.378,52322.4,51245.8,33.70,34009.55,101.380,0.54370,,,,
4602,04/20/2026 01:19:07,26.02,3.62,2.99,25.98,106.448,52294.0,51243.7,33.70,33991.09,101.380,0.55062,,,,
4603,04/20/2026 01:21:07,26.02,3.57,2.95,25.96,106.430,52282.5,51248.4,33.70,33983.61,101.380,0.54882,,,,
4604,04/20/2026 01:23:07,26.01,3.69,3.05,25.96,106.465,52326.1,51288.0,33.73,34011.95,101.380,0.55233,,,,
4605,04/20/2026 01:25:07,26.02,3.65,3.02,25.97,106.377,52315.8,51274.7,33.72,34005.26,101.380,0.54358,,,,
4606,04/20/2026 01:27:07,26.02,3.65,3.01,25.96,106.500,52310.7,51272.9,33.72,34001.92,101.380,0.55583,,,,
4607,04/20/2026 01:29:07,26.01,3.73,3.08,25.97,106.430,52308.2,51260.8,33.71,34000.32,101.380,0.54886,,,,
4608,04/20/2026 01:31:07,26.01,3.66,3.03,25.95,106.482,52266.8,51239.5,33.69,33973.43,101.380,0.55405,,,,
4609,04/20/2026 01:33:07,26.01,3.68,3.04,25.95,106.377,52296.4,51268.6,33.72,33992.68,101.380,0.54354,,,,
4610,04/20/2026 01:35:07,26.01,3.68,3.04,25.96,106.553,52355.8,51317.1,33.75,34031.25,101.380,0.56108,,,,
4611,04/20/2026 01:37:07,26.01,3.70,3.06,25.97,106.430,52249.0,51206.0,33.67,33961.83,101.380,0.54885,,,,
4612,04/20/2026 01:39:07,26.01,3.75,3.10,25.98,106.466,52302.8,51245.9,33.70,33996.83,101.380,0.55239,,,,
4613,04/20/2026 01:41:07,26.02,3.67,3.03,25.99,106.554,52313.3,51253.0,33.71,34003.67,101.380,0.56115,,,,
4614,04/20/2026 01:43:07,26.03,3.98,3.29,26.00,106.466,52278.6,51206.1,33.67,33981.07,101.380,0.55244,,,,
4615,04/20/2026 01:45:07,26.03,4.18,3.46,26.01,106.414,52344.2,51257.6,33.71,34023.74,101.380,0.54723,,,,
4616,04/20/2026 01:47:07,26.05,4.30,3.56,26.02,106.590,52301.6,51209.4,33.67,33996.03,101.380,0.56476,,,,
4617,04/20/2026 01:49:07,26.05,4.26,3.52,26.01,106.590,52285.2,51196.5,33.66,33985.36,101.380,0.56475,,,,
4618,04/20/2026 01:51:07,26.05,4.33,3.58,26.02,106.414,52346.9,51253.8,33.71,34025.49,101.380,0.54725,,,,
4619,04/20/2026 01:53:07,26.07,4.28,3.54,26.02,106.414,52317.5,51224.9,33.69,34006.36,101.380,0.54725,,,,
4620,04/20/2026 01:55:07,26.06,4.43,3.67,26.02,106.361,52351.8,51252.2,33.71,34028.70,101.380,0.54202,,,,
4621,04/20/2026 01:57:07,26.06,4.34,3.59,26.02,106.467,52334.1,51234.9,33.69,34017.19,101.380,0.55252,,,,
4622,04/20/2026 01:59:07,26.07,4.43,3.66,26.02,106.432,52314.8,51219.1,33.68,34004.61,101.380,0.54901,,,,
4623,04/20/2026 02:01:07,26.06,4.26,3.52,25.99,106.395,52294.2,51227.9,33.69,33991.24,101.380,0.54542,,,,
4624,04/20/2026 02:03:07,26.03,4.25,3.52,25.97,106.360,52277.6,51234.0,33.69,33980.43,101.380,0.54184,,,,
4625,04/20/2026 02:05:07,26.02,4.20,3.47,25.96,106.412,52262.4,51232.0,33.69,33970.57,101.380,0.54705,,,,
4626,04/20/2026 02:07:07,26.01,4.15,3.43,25.96,106.430,52286.6,51255.7,33.71,33986.30,101.380,0.54880,,,,
4627,04/20/2026 02:09:07,26.01,4.23,3.49,25.96,106.447,52265.8,51228.9,33.69,33972.79,101.380,0.55058,,,,
4628,04/20/2026 02:11:07,26.02,4.34,3.59,25.98,106.272,52323.6,51272.7,33.72,34010.35,101.380,0.53311,,,,
4629,04/20/2026 02:13:07,26.02,4.26,3.52,25.97,106.500,52278.6,51231.8,33.69,33981.07,101.380,0.55586,,,,
4630,04/20/2026 02:15:07,26.02,4.23,3.50,25.98,106.325,52330.0,51275.8,33.72,34014.50,101.380,0.53837,,,,
4631,04/20/2026 02:17:07,26.02,4.33,3.58,25.99,106.325,52300.4,51237.1,33.69,33995.23,101.380,0.53840,,,,
4632,04/20/2026 02:19:07,26.03,4.56,3.77,26.00,106.361,52308.4,51232.1,33.69,34000.47,101.380,0.54194,,,,
4633,04/20/2026 02:21:07,26.04,4.63,3.83,26.02,106.414,52309.6,51217.3,33.68,34001.27,101.380,0.54725,,,,
4634,04/20/2026 02:23:07,26.05,4.42,3.66,26.01,106.290,52362.4,51278.5,33.73,34035.54,101.380,0.53496,,,,
4635,04/20/2026 02:25:07,26.05,4.42,3.65,26.01,106.396,52365.1,51281.1,33.73,34037.28,101.380,0.54547,,,,
4636,04/20/2026 02:27:07,26.05,4.49,3.71,26.01,106.466,52322.6,51236.4,33.69,34009.70,101.380,0.55248,,,,
4637,04/20/2026 02:29:07,26.05,4.48,3.70,26.01,106.361,52330.0,51243.6,33.70,34014.50,101.380,0.54197,,,,
4638,04/20/2026 02:31:07,26.05,4.56,3.77,26.00,106.325,52336.6,51256.5,33.71,34018.79,101.380,0.53845,,,,
4639,04/20/2026 02:33:07,26.04,4.35,3.60,26.00,106.343,52307.0,51233.9,33.69,33999.52,101.380,0.54018,,,,
4640,04/20/2026 02:35:07,26.05,4.53,3.75,26.00,106.220,52361.1,51280.5,33.73,34034.73,101.380,0.52795,,,,
4641,04/20/2026 02:37:07,26.05,4.58,3.79,26.00,106.220,52349.8,51269.4,33.72,34027.37,101.380,0.52795,,,,
4642,04/20/2026 02:39:07,26.04,4.85,4.01,25.99,106.325,52365.1,51297.2,33.74,34037.28,101.380,0.53841,,,,
4643,04/20/2026 02:41:07,26.04,4.85,4.01,25.98,106.149,52362.6,51304.4,33.74,34035.67,101.380,0.52087,,,,
4644,04/20/2026 02:43:07,26.03,4.76,3.94,25.98,106.307,52358.4,51303.6,33.74,34032.99,101.380,0.53662,,,,
4645,04/20/2026 02:45:07,26.02,4.74,3.92,25.98,106.219,52367.5,51312.5,33.75,34038.89,101.380,0.52786,,,,
4646,04/20/2026 02:47:07,26.02,4.82,3.98,25.97,106.254,52349.6,51307.8,33.75,34027.23,101.380,0.53133,,,,
4647,04/20/2026 02:49:07,26.01,4.85,4.01,25.96,106.236,52321.2,51289.6,33.73,34008.75,101.380,0.52954,,,,
4648,04/20/2026 02:51:07,26.01,4.77,3.94,25.95,106.359,52325.1,51299.8,33.74,34011.30,101.380,0.54178,,,,
4649,04/20/2026 02:53:07,26.00,4.73,3.91,25.95,106.412,52335.4,51309.9,33.75,34017.99,101.380,0.54703,,,,
4650,04/20/2026 02:55:07,25.99,4.68,3.87,25.95,106.200,52327.8,51305.7,33.74,34013.04,101.380,0.52601,,,,
4651,04/20/2026 02:57:07,25.99,4.72,3.90,25.94,106.095,52353.5,51337.4,33.77,34029.78,101.380,0.51548,,,,
4652,04/20/2026 02:59:07,25.99,4.78,3.95,25.93,106.129,52363.8,51357.2,33.78,34036.48,101.380,0.51895,,,,
4653,04/20/2026 03:01:07,25.98,4.74,3.91,25.93,106.270,52308.4,51302.8,33.74,34000.47,101.380,0.53296,,,,
4654,04/20/2026 03:03:07,25.98,4.76,3.94,25.93,106.200,52357.2,51353.9,33.78,34032.19,101.380,0.52595,,,,
4655,04/20/2026 03:05:07,25.98,4.85,4.00,25.92,106.182,52340.5,51344.0,33.77,34021.34,101.380,0.52418,,,,
4656,04/20/2026 03:07:07,25.97,4.85,4.01,25.92,106.182,52382.0,51384.6,33.80,34048.27,101.380,0.52418,,,,
4657,04/20/2026 03:09:07,25.97,4.89,4.04,25.93,106.288,52359.9,51359.7,33.78,34033.93,101.380,0.53469,,,,
4658,04/20/2026 03:11:07,25.97,5.03,4.16,25.92,106.358,52344.4,51347.8,33.77,34023.89,101.380,0.54169,,,,
4659,04/20/2026 03:13:07,25.97,5.13,4.24,25.93,106.235,52361.3,51361.2,33.78,34034.87,101.380,0.52944,,,,
4660,04/20/2026 03:15:07,25.97,5.14,4.24,25.93,106.217,52369.0,51365.4,33.79,34039.82,101.380,0.52770,,,,
4661,04/20/2026 03:17:07,25.97,5.20,4.30,25.93,106.323,52336.6,51336.9,33.76,34018.79,101.380,0.53820,,,,
4662,04/20/2026 03:19:07,25.97,5.38,4.45,25.93,106.288,52359.9,51356.5,33.78,34033.93,101.380,0.53470,,,,
4663,04/20/2026 03:21:07,25.97,5.42,4.48,25.93,106.305,52340.7,51337.7,33.77,34021.48,101.380,0.53645,,,,
4664,04/20/2026 03:23:07,25.97,5.39,4.46,25.93,106.235,52332.9,51333.3,33.76,34016.39,101.380,0.52944,,,,
4665,04/20/2026 03:25:07,25.97,5.35,4.42,25.93,106.165,52344.7,51341.6,33.77,34024.02,101.380,0.52245,,,,
4666,04/20/2026 03:27:07,25.98,5.44,4.50,25.93,106.112,52364.8,51358.2,33.78,34037.14,101.380,0.51720,,,,
4667,04/20/2026 03:29:07,25.98,5.39,4.45,25.94,106.147,52356.0,51346.2,33.77,34031.38,101.380,0.52072,,,,
4668,04/20/2026 03:31:07,25.98,5.32,4.40,25.94,106.112,52333.1,51323.8,33.76,34016.53,101.380,0.51721,,,,
4669,04/20/2026 03:33:07,25.99,5.36,4.43,25.94,106.042,52386.9,51373.4,33.79,34051.49,101.380,0.51022,,,,
4670,04/20/2026 03:35:07,25.98,5.49,4.53,25.94,105.918,52389.6,51376.0,33.79,34053.23,101.380,0.49796,,,,
4671,04/20/2026 03:37:07,25.98,5.65,4.67,25.94,106.059,52382.0,51365.3,33.79,34048.27,101.380,0.51198,,,,
4672,04/20/2026 03:39:07,25.98,5.71,4.72,25.94,105.883,52427.0,51409.4,33.82,34077.53,101.380,0.49447,,,,
4673,04/20/2026 03:41:07,25.99,5.66,4.67,25.94,105.936,52422.0,51407.8,33.82,34074.30,101.380,0.49971,,,,
4674,04/20/2026 03:43:07,25.98,5.38,4.45,25.93,105.989,52368.8,51362.0,33.78,34039.69,101.380,0.50495,,,,
4675,04/20/2026 03:45:07,25.98,5.42,4.48,25.92,105.953,52395.8,51398.2,33.81,34057.26,101.380,0.50141,,,,
4676,04/20/2026 03:47:07,25.97,5.40,4.47,25.92,105.971,52333.9,51337.5,33.77,34017.05,101.380,0.50316,,,,
4677,04/20/2026 03:49:07,25.96,5.23,4.32,25.91,105.953,52366.1,51385.1,33.80,34037.95,101.380,0.50136,,,,
4678,04/20/2026 03:51:07,25.96,5.38,4.45,25.91,105.970,52307.0,51323.9,33.75,33999.52,101.380,0.50312,,,,
4679,04/20/2026 03:53:07,25.96,5.22,4.32,25.91,105.917,52318.5,51341.6,33.77,34007.01,101.380,0.49785,,,,
4680,04/20/2026 03:55:07,25.95,5.24,4.33,25.90,105.970,52327.5,51357.0,33.78,34012.90,101.380,0.50308,,,,
4681,04/20/2026 03:57:07,25.95,5.18,4.28,25.90,105.882,52343.0,51372.1,33.79,34022.94,101.380,0.49433,,,,
4682,04/20/2026 03:59:07,25.95,5.28,4.36,25.91,105.935,52332.7,51355.6,33.78,34016.25,101.380,0.49960,,,,
4683,04/20/2026 04:01:07,25.95,5.21,4.30,25.90,105.882,52330.2,51359.6,33.78,34014.64,101.380,0.49433,,,,
4684,04/20/2026 04:03:07,25.93,5.27,4.36,25.90,105.829,52343.0,51372.1,33.79,34022.94,101.380,0.48907,,,,
4685,04/20/2026 04:05:07,25.94,5.28,4.36,25.90,105.812,52357.2,51382.9,33.80,34032.19,101.380,0.48733,,,,
4686,04/20/2026 04:07:07,25.95,5.24,4.33,25.91,105.724,52363.6,51382.7,33.80,34036.34,101.380,0.47860,,,,
4687,04/20/2026 04:09:07,25.95,5.14,4.24,25.91,105.741,52373.9,51392.8,33.81,34043.04,101.380,0.48035,,,,
4688,04/20/2026 04:11:07,25.95,5.13,4.24,25.91,105.741,52356.0,51375.2,33.79,34031.38,101.380,0.48035,,,,
4689,04/20/2026 04:13:07,25.96,5.25,4.34,25.91,105.759,52370.4,51386.2,33.80,34040.77,101.380,0.48211,,,,
4690,04/20/2026 04:15:07,25.96,5.30,4.38,25.92,105.759,52340.5,51350.4,33.77,34021.34,101.380,0.48213,,,,
4691,04/20/2026 04:17:07,25.96,5.34,4.41,25.92,105.742,52350.8,51360.5,33.78,34028.03,101.380,0.48038,,,,
4692,04/20/2026 04:19:07,25.96,5.37,4.44,25.92,105.689,52404.9,51416.8,33.82,34063.16,101.380,0.47512,,,,
4693,04/20/2026 04:21:07,25.96,5.28,4.36,25.92,105.654,52356.0,51368.8,33.79,34031.38,101.380,0.47161,,,,
4694,04/20/2026 04:23:07,25.96,5.24,4.33,25.92,105.636,52331.5,51344.7,33.77,34015.44,101.380,0.46986,,,,
4695,04/20/2026 04:25:07,25.96,5.32,4.40,25.91,105.618,52370.2,51386.0,33.80,34040.63,101.380,0.46810,,,,
4696,04/20/2026 04:27:07,25.96,5.38,4.44,25.91,105.583,52375.1,51390.8,33.80,34043.84,101.380,0.46460,,,,
4697,04/20/2026 04:29:07,25.96,5.41,4.47,25.91,105.566,52411.3,51426.3,33.83,34067.33,101.380,0.46285,,,,
4698,04/20/2026 04:31:07,25.96,5.37,4.43,25.91,105.495,52399.7,51418.1,33.82,34059.80,101.380,0.45583,,,,
4699,04/20/2026 04:33:07,25.95,5.37,4.44,25.91,105.565,52427.0,51448.1,33.85,34077.53,101.380,0.46283,,,,
4700,04/20/2026 04:35:07,25.95,5.29,4.37,25.90,105.565,52363.6,51389.2,33.80,34036.34,101.380,0.46282,,,,
4701,04/20/2026 04:37:07,25.95,5.23,4.32,25.90,105.565,52358.7,51387.5,33.80,34033.13,101.380,0.46281,,,,
4702,04/20/2026 04:39:07,25.94,5.25,4.33,25.90,105.547,52403.6,51434.9,33.84,34062.36,101.380,0.46105,,,,
4703,04/20/2026 04:41:07,25.94,5.29,4.37,25.89,105.477,52428.2,51465.4,33.86,34078.34,101.380,0.45402,,,,
4704,04/20/2026 04:43:07,25.94,5.28,4.36,25.89,105.582,52418.1,51455.5,33.85,34071.75,101.380,0.46453,,,,
4705,04/20/2026 04:45:07,25.93,5.15,4.25,25.88,105.547,52407.6,51458.1,33.85,34064.91,101.380,0.46098,,,,
4706,04/20/2026 04:47:07,25.92,5.13,4.24,25.88,105.494,52386.9,51441.1,33.84,34051.49,101.380,0.45572,,,,
4707,04/20/2026 04:49:07,25.92,5.31,4.38,25.88,105.406,52386.9,51437.8,33.84,34051.49,101.380,0.44698,,,,
4708,04/20/2026 04:51:07,25.92,5.37,4.44,25.88,105.353,52402.6,51456.5,33.85,34061.68,101.380,0.44171,,,,
4709,04/20/2026 04:53:07,25.92,5.37,4.43,25.88,105.335,52402.4,51456.3,33.85,34061.55,101.380,0.43996,,,,
4710,04/20/2026 04:55:07,25.92,5.37,4.44,25.88,105.318,52423.0,51473.3,33.86,34074.98,101.380,0.43822,,,,
4711,04/20/2026 04:57:07,25.92,5.46,4.51,25.88,105.265,52423.0,51470.1,33.86,34074.98,101.380,0.43298,,,,
4712,04/20/2026 04:59:07,25.92,5.50,4.54,25.88,105.177,52401.2,51451.8,33.85,34060.75,101.380,0.42421,,,,
4713,04/20/2026 05:01:07,25.92,5.48,4.52,25.88,105.142,52418.1,51468.4,33.86,34071.75,101.380,0.42071,,,,
4714,04/20/2026 05:03:07,25.92,5.35,4.42,25.88,105.142,52458.0,51510.9,33.89,34097.68,101.380,0.42070,,,,
4715,04/20/2026 05:05:07,25.91,5.15,4.26,25.86,105.106,52396.0,51462.9,33.86,34057.39,101.380,0.41716,,,,
4716,04/20/2026 05:07:07,25.90,5.08,4.19,25.85,105.053,52386.9,51463.7,33.86,34051.49,101.380,0.41187,,,,
4717,04/20/2026 05:09:07,25.89,5.07,4.19,25.83,104.982,52370.0,51469.6,33.86,34040.49,101.380,0.40480,,,,
4718,04/20/2026 05:11:07,25.88,4.87,4.02,25.84,104.947,52368.6,51461.8,33.85,34039.56,101.380,0.40132,,,,
4719,04/20/2026 05:13:07,25.87,4.70,3.88,25.82,104.964,52325.1,51438.4,33.84,34011.30,101.380,0.40301,,,,
4720,04/20/2026 05:15:07,25.87,4.60,3.80,25.82,104.911,52281.3,51392.1,33.80,33982.81,101.380,0.39776,,,,
4721,04/20/2026 05:17:07,25.86,4.67,3.86,25.83,104.982,52348.1,51454.6,33.85,34026.29,101.380,0.40478,,,,
4722,04/20/2026 05:19:07,25.87,4.73,3.91,25.83,104.841,52350.8,51454.1,33.85,34028.03,101.380,0.39078,,,,
4723,04/20/2026 05:21:07,25.87,4.74,3.91,25.83,104.894,52326.1,51429.7,33.83,34011.95,101.380,0.39603,,,,
4724,04/20/2026 05:23:07,25.87,4.69,3.88,25.82,104.858,52311.9,51425.5,33.83,34002.72,101.380,0.39250,,,,
4725,04/20/2026 05:25:07,25.86,4.80,3.96,25.81,104.735,52290.1,51410.5,33.81,33988.54,101.380,0.38022,,,,
4726,04/20/2026 05:27:07,25.86,4.69,3.87,25.81,104.770,52288.9,51415.7,33.82,33987.75,101.380,0.38370,,,,
4727,04/20/2026 05:29:07,25.85,4.66,3.85,25.81,104.717,52337.6,51463.7,33.85,34019.45,101.380,0.37845,,,,
4728,04/20/2026 05:31:07,25.86,4.61,3.81,25.81,104.735,52322.4,51442.3,33.84,34009.55,101.380,0.38022,,,,
4729,04/20/2026 05:33:07,25.85,4.72,3.90,25.81,104.700,52328.8,51451.8,33.84,34013.70,101.380,0.37671,,,,
4730,04/20/2026 05:35:07,25.85,4.53,3.74,25.81,104.647,52321.2,51441.0,33.84,34008.75,101.380,0.37147,,,,
4731,04/20/2026 05:37:07,25.85,4.42,3.65,25.81,104.665,52346.9,51466.3,33.86,34025.49,101.380,0.37322,,,,
4732,04/20/2026 05:39:07,25.86,4.30,3.55,25.82,104.612,52343.0,51456.0,33.85,34022.94,101.380,0.36799,,,,
4733,04/20/2026 05:41:07,25.86,4.23,3.50,25.82,104.612,52320.9,51431.1,33.83,34008.61,101.380,0.36800,,,,
4734,04/20/2026 05:43:07,25.87,4.19,3.46,25.82,104.524,52339.3,51449.2,33.84,34020.54,101.380,0.35924,,,,
4735,04/20/2026 05:45:07,25.87,4.16,3.44,25.83,104.471,52303.3,51410.5,33.81,33997.13,101.380,0.35400,,,,
4736,04/20/2026 05:47:07,25.87,4.17,3.44,25.82,104.418,52313.3,51423.7,33.82,34003.67,101.380,0.34874,,,,
4737,04/20/2026 05:49:07,25.87,4.17,3.45,25.82,104.436,52289.1,51399.8,33.81,33987.90,101.380,0.35049,,,,
4738,04/20/2026 05:51:07,25.87,4.22,3.48,25.82,104.383,52261.9,51376.4,33.79,33970.25,101.380,0.34522,,,,
4739,04/20/2026 05:53:07,25.86,4.31,3.56,25.81,104.401,52232.4,51353.7,33.77,33951.03,101.380,0.34695,,,,
4740,04/20/2026 05:55:07,25.85,4.37,3.61,25.80,104.206,52244.1,51384.6,33.79,33958.65,101.380,0.32763,,,,
4741,04/20/2026 05:57:07,25.83,4.31,3.56,25.78,104.276,52226.0,51386.2,33.79,33946.90,101.380,0.33457,,,,
4742,04/20/2026 05:59:07,25.82,4.21,3.48,25.76,104.152,52173.3,51350.5,33.77,33912.64,101.380,0.32227,,,,
4743,04/20/2026 06:01:07,25.81,4.12,3.41,25.76,104.188,52173.3,51353.7,33.77,33912.64,101.380,0.32576,,,,
4744,04/20/2026 06:03:07,25.80,3.89,3.21,25.75,104.134,52167.9,51358.1,33.77,33909.14,101.380,0.32048,,,,
4745,04/20/2026 06:05:07,25.79,3.83,3.16,25.74,104.117,52146.2,51343.2,33.76,33895.05,101.380,0.31870,,,,
4746,04/20/2026 06:07:07,25.79,3.76,3.10,25.74,104.169,52173.0,51379.3,33.79,33912.47,101.380,0.32393,,,,
4747,04/20/2026 06:09:07,25.78,3.58,2.96,25.73,104.063,52137.2,51350.4,33.77,33889.18,101.380,0.31340,,,,
4748,04/20/2026 06:11:07,25.77,3.55,2.93,25.71,104.080,52128.5,51358.0,33.77,33883.51,101.380,0.31510,,,,
4749,04/20/2026 06:13:07,25.76,3.50,2.89,25.71,103.974,52123.1,51362.4,33.77,33880.00,101.380,0.30457,,,,
4750,04/20/2026 06:15:07,25.74,3.47,2.87,25.70,103.957,52105.3,51348.1,33.76,33868.47,101.380,0.30280,,,,
4751,04/20/2026 06:17:07,25.75,3.41,2.82,25.70,103.974,52132.1,51377.8,33.78,33885.86,101.380,0.30455,,,,
4752,04/20/2026 06:19:07,25.74,3.43,2.83,25.69,103.956,52102.9,51358.7,33.77,33866.90,101.380,0.30276,,,,
4753,04/20/2026 06:21:07,25.73,3.41,2.82,25.68,103.974,52138.7,51403.6,33.80,33890.15,101.380,0.30449,,,,
4754,04/20/2026 06:23:07,25.72,3.39,2.80,25.68,103.850,52142.1,51410.2,33.81,33892.34,101.380,0.29222,,,,
4755,04/20/2026 06:25:07,25.72,3.38,2.79,25.67,103.815,52086.1,51358.3,33.77,33855.98,101.380,0.28871,,,,
4756,04/20/2026 06:27:07,25.72,3.36,2.78,25.68,103.780,52061.8,51331.1,33.75,33840.18,101.380,0.28521,,,,
4757,04/20/2026 06:29:07,25.71,3.44,2.84,25.67,103.692,52081.6,51357.1,33.77,33853.04,101.380,0.27644,,,,
4758,04/20/2026 06:31:07,25.71,3.53,2.92,25.67,103.727,52065.7,51347.8,33.76,33842.71,101.380,0.27992,,,,
4759,04/20/2026 06:33:07,25.71,3.70,3.06,25.66,103.709,52092.4,51383.9,33.79,33860.08,101.380,0.27814,,,,
4760,04/20/2026 06:35:07,25.70,3.75,3.10,25.65,103.621,52080.1,51381.5,33.79,33852.07,101.380,0.26935,,,,
4761,04/20/2026 06:37:07,25.68,3.76,3.10,25.63,103.585,52013.6,51332.0,33.75,33808.83,101.380,0.26580,,,,
4762,04/20/2026 06:39:07,25.67,3.73,3.08,25.62,103.461,51988.2,51316.6,33.74,33792.30,101.380,0.25352,,,,
4763,04/20/2026 06:41:07,25.66,3.85,3.18,25.61,103.514,51939.7,51278.5,33.71,33760.82,101.380,0.25874,,,,
4764,04/20/2026 06:43:07,25.66,4.05,3.35,25.60,103.443,51840.8,51193.7,33.64,33696.50,101.380,0.25170,,,,
4765,04/20/2026 06:45:07,25.64,4.16,3.44,25.59,103.425,51747.2,51110.9,33.58,33635.68,101.380,0.24991,,,,
4766,04/20/2026 06:47:07,25.63,4.27,3.53,25.57,103.354,51591.0,50975.9,33.48,33534.17,101.380,0.24285,,,,
4767,04/20/2026 06:49:07,25.61,4.36,3.61,25.56,103.318,51490.6,50895.9,33.42,33468.86,101.380,0.23929,,,,
4768,04/20/2026 06:51:07,25.59,4.43,3.67,25.54,103.230,51384.8,50804.2,33.35,33400.13,101.380,0.23049,,,,
4769,04/20/2026 06:53:07,25.59,4.32,3.57,25.56,103.283,51470.6,50876.2,33.41,33455.88,101.380,0.23579,,,,
4770,04/20/2026 06:55:07,25.58,4.41,3.65,25.53,103.212,51381.6,50817.0,33.36,33398.03,101.380,0.22869,,,,
4771,04/20/2026 06:57:07,25.58,4.36,3.61,25.53,103.212,51333.5,50769.5,33.33,33366.79,101.380,0.22869,,,,
4772,04/20/2026 06:59:07,25.57,4.30,3.56,25.54,103.124,51353.4,50779.5,33.34,33379.70,101.380,0.21997,,,,
4773,04/20/2026 07:01:07,25.59,4.31,3.57,25.55,103.142,51278.5,50695.9,33.27,33331.01,101.380,0.22175,,,,
4774,04/20/2026 07:03:07,25.58,4.36,3.61,25.53,103.124,51249.9,50686.8,33.27,33312.42,101.380,0.21994,,,,
4775,04/20/2026 07:05:07,25.57,4.44,3.68,25.52,103.035,51138.5,50589.4,33.19,33240.03,101.380,0.21114,,,,
4776,04/20/2026 07:07:07,25.56,4.58,3.80,25.51,103.018,50906.7,50363.2,33.03,33089.36,101.380,0.20938,,,,
4777,04/20/2026 07:09:07,25.54,4.73,3.92,25.50,102.965,50889.3,50355.6,33.02,33078.05,101.380,0.20410,,,,
4778,04/20/2026 07:11:07,25.53,4.87,4.04,25.50,102.876,50760.6,50237.7,32.94,32994.36,101.380,0.19531,,,,
4779,04/20/2026 07:13:07,25.50,4.99,4.14,25.50,102.912,51017.2,50485.3,33.12,33161.16,101.380,0.19884,,,,
4780,04/20/2026 07:15:07,25.49,5.24,4.35,25.51,102.894,50832.5,50293.0,32.98,33041.10,101.380,0.19712,,,,
4781,04/20/2026 07:17:07,25.50,5.26,4.36,25.53,102.825,51057.0,50499.3,33.13,33187.07,101.380,0.19016,,,,
4782,04/20/2026 07:19:07,25.50,5.36,4.45,25.53,102.790,50885.0,50322.8,33.00,33075.28,101.380,0.18668,,,,
4783,04/20/2026 07:21:07,25.50,5.42,4.50,25.54,102.772,50929.0,50359.9,33.03,33103.86,101.380,0.18495,,,,
4784,04/20/2026 07:23:07,25.48,5.53,4.58,25.54,102.754,50888.2,50322.8,33.00,33077.36,101.380,0.18319,,,,
4785,04/20/2026 07:25:07,25.49,5.54,4.60,25.54,102.684,50797.3,50232.9,32.93,33018.27,101.380,0.17618,,,,
4786,04/20/2026 07:27:07,25.50,5.51,4.57,25.55,102.614,50882.3,50304.2,32.99,33073.48,101.380,0.16922,,,,
4787,04/20/2026 07:29:07,25.51,5.55,4.61,25.55,102.649,50799.4,50215.9,32.92,33019.64,101.380,0.17274,,,,
4788,04/20/2026 07:31:07,25.50,5.71,4.73,25.57,102.544,50874.2,50277.2,32.97,33068.25,101.380,0.16228,,,,
4789,04/20/2026 07:33:07,25.50,5.83,4.84,25.57,102.544,50669.5,50074.8,32.82,32935.15,101.380,0.16228,,,,
4790,04/20/2026 07:35:07,25.46,5.92,4.92,25.57,102.456,50700.2,50102.1,32.84,32955.16,101.380,0.15353,,,,
4791,04/20/2026 07:37:07,25.44,5.94,4.93,25.56,102.421,50667.7,50076.3,32.82,32934.03,101.380,0.15001,,,,
4792,04/20/2026 07:39:07,25.44,6.00,4.98,25.58,102.457,50800.1,50188.1,32.90,33020.07,101.380,0.15357,,,,
4793,04/20/2026 07:41:07,25.48,6.17,5.11,25.61,102.423,51019.9,50370.4,33.04,33162.95,101.380,0.15018,,,,
4794,04/20/2026 07:43:07,25.51,6.16,5.11,25.61,102.370,50853.0,50205.6,32.92,33054.46,101.380,0.14493,,,,
4795,04/20/2026 07:45:07,25.55,6.23,5.17,25.60,102.369,50777.2,50149.7,32.87,33005.20,101.380,0.14487,,,,
4796,04/20/2026 07:47:07,25.54,5.98,4.97,25.56,102.368,50475.1,49892.2,32.68,32808.81,101.380,0.14474,,,,
4797,04/20/2026 07:49:07,25.52,5.88,4.88,25.54,102.350,50414.7,49848.2,32.65,32769.55,101.380,0.14294,,,,
4798,04/20/2026 07:51:07,25.50,5.82,4.84,25.53,102.297,50343.1,49789.9,32.61,32723.00,101.380,0.13764,,,,
4799,04/20/2026 07:53:07,25.51,5.86,4.87,25.54,102.244,50366.0,49796.9,32.61,32737.91,101.380,0.13244,,,,
4800,04/20/2026 07:55:07,25.50,5.92,4.91,25.58,102.210,50591.7,49979.1,32.75,32884.63,101.380,0.12907,,,,
4801,04/20/2026 07:57:07,25.52,5.86,4.87,25.61,102.229,50649.4,50007.7,32.77,32922.12,101.380,0.13091,,,,
4802,04/20/2026 07:59:07,25.54,5.92,4.92,25.60,102.158,50562.8,49928.5,32.71,32865.80,101.380,0.12389,,,,
4803,04/20/2026 08:01:07,25.57,5.97,4.96,25.61,102.123,50460.7,49824.5,32.64,32799.43,101.380,0.12039,,,,
4804,04/20/2026 08:03:07,25.60,5.95,4.94,25.61,102.088,50550.1,49909.6,32.70,32857.54,101.380,0.11690,,,,
4805,04/20/2026 08:05:07,25.63,6.00,4.98,25.65,101.966,50742.6,50058.7,32.81,32982.66,101.380,0.10478,,,,
4806,04/20/2026 08:07:07,25.66,6.03,5.01,25.69,102.003,50886.5,50162.8,32.89,33076.25,101.380,0.10840,,,,
4807,04/20/2026 08:09:07,25.70,5.96,4.95,25.75,101.969,51183.4,50392.1,33.06,33269.23,101.380,0.10509,,,,
4808,04/20/2026 08:11:07,25.73,5.74,4.76,25.79,101.971,51173.6,50341.2,33.02,33262.82,101.380,0.10522,,,,
4809,04/20/2026 08:13:07,25.78,5.52,4.57,25.81,101.866,51403.3,50538.6,33.17,33412.11,101.380,0.09481,,,,
4810,04/20/2026 08:15:07,25.81,5.44,4.51,25.84,101.814,51536.2,50647.0,33.25,33498.54,101.380,0.08963,,,,
4811,04/20/2026 08:17:07,25.85,5.32,4.41,25.85,101.779,51511.7,50610.2,33.23,33482.58,101.380,0.08616,,,,
4812,04/20/2026 08:19:07,25.86,5.36,4.45,25.83,101.761,51471.3,50586.4,33.21,33456.32,101.380,0.08436,,,,
4813,04/20/2026 08:21:07,25.85,5.49,4.55,25.79,101.777,51306.1,50468.4,33.12,33348.95,101.380,0.08597,,,,
4814,04/20/2026 08:23:07,25.84,5.53,4.58,25.80,101.725,51334.1,50489.7,33.13,33367.18,101.380,0.08074,,,,
4815,04/20/2026 08:25:07,25.82,5.57,4.61,25.79,101.707,51353.5,50515.1,33.15,33379.77,101.380,0.07897,,,,
4816,04/20/2026 08:27:07,25.82,5.65,4.69,25.78,101.654,51250.5,50429.5,33.09,33312.79,101.380,0.07367,,,,
4817,04/20/2026 08:29:07,25.82,5.70,4.73,25.78,101.654,51190.0,50366.9,33.04,33273.51,101.380,0.07368,,,,
4818,04/20/2026 08:31:07,25.81,5.77,4.79,25.77,101.618,50978.0,50170.8,32.90,33135.67,101.380,0.07014,,,,
4819,04/20/2026 08:33:07,25.80,5.85,4.86,25.76,101.618,51009.5,50208.2,32.93,33156.18,101.380,0.07011,,,,
4820,04/20/2026 08:35:07,25.78,6.16,5.13,25.73,101.582,50391.7,49628.2,32.50,32754.63,101.380,0.06652,,,,
4821,04/20/2026 08:37:07,25.68,6.53,5.43,25.66,101.544,50351.9,49660.8,32.52,32728.72,101.380,0.06279,,,,
4822,04/20/2026 08:39:07,25.63,6.65,5.56,25.68,101.527,49057.5,48362.9,31.57,31887.38,101.380,0.06111,,,,
4823,04/20/2026 08:41:07,25.46,6.99,5.84,25.51,101.504,48915.6,48399.5,31.59,31795.13,101.380,0.05878,,,,
4824,04/20/2026 08:43:07,25.42,7.04,5.88,25.66,101.509,49577.8,48903.4,31.96,32225.54,101.380,0.05927,,,,
4825,04/20/2026 08:45:07,25.42,7.00,5.88,25.60,101.507,47508.1,46920.9,30.51,30880.24,101.380,0.05907,,,,
4826,04/20/2026 08:47:07,25.28,7.27,6.18,25.23,101.477,44331.0,44113.6,28.47,28815.15,101.380,0.05614,,,,
4827,04/20/2026 08:49:07,25.03,7.72,6.61,24.97,101.434,42556.3,42582.0,27.36,27661.56,101.380,0.05179,,,,
4828,04/20/2026 08:51:07,24.81,7.89,6.62,25.09,101.438,47370.4,47278.7,30.75,30790.73,101.380,0.05218,,,,
4829,04/20/2026 08:53:07,24.77,7.77,6.53,25.20,101.423,46910.1,46715.6,30.35,30491.58,101.380,0.05077,,,,
4830,04/20/2026 08:55:07,24.78,7.84,6.57,25.52,101.416,48279.5,47755.0,31.12,31381.65,101.380,0.05008,,,,
4831,04/20/2026 08:57:07,24.77,8.08,6.78,25.28,101.356,47371.2,47097.1,30.63,30791.29,101.380,0.04403,,,,
4832,04/20/2026 08:59:07,24.64,8.28,6.91,25.39,101.359,48834.0,48437.9,31.61,31742.13,101.380,0.04439,,,,
4833,04/20/2026 09:01:07,24.57,8.40,7.06,25.56,101.312,47650.6,47094.4,30.64,30972.90,101.380,0.03970,,,,
4834,04/20/2026 09:03:07,24.48,8.39,7.07,25.31,101.321,46531.1,46232.6,30.00,30245.22,101.380,0.04062,,,,
4835,04/20/2026 09:05:07,24.33,8.46,7.16,25.18,101.317,45396.9,45222.9,29.27,29507.99,101.380,0.04022,,,,
4836,04/20/2026 09:07:07,24.21,8.53,7.27,25.00,101.311,43615.9,43614.6,28.10,28350.36,101.380,0.03963,,,,
4837,04/20/2026 09:09:07,24.13,8.49,7.26,24.71,101.320,42300.9,42559.2,27.33,27495.59,101.380,0.04044,,,,
4838,04/20/2026 09:11:07,24.04,8.59,7.44,24.66,101.300,39326.1,39606.7,25.23,25561.98,101.380,0.03854,,,,
4839,04/20/2026 09:13:07,24.04,8.57,7.42,24.40,101.274,39071.3,39569.9,25.20,25396.31,101.380,0.03594,,,,
4840,04/20/2026 09:15:07,23.92,8.58,7.44,24.42,101.275,38842.9,39326.1,25.03,25247.91,101.380,0.03599,,,,
4841,04/20/2026 09:17:07,23.83,8.60,7.43,24.43,101.275,39557.9,40034.5,25.53,25712.63,101.380,0.03605,,,,
4842,04/20/2026 09:19:07,23.78,8.63,7.53,24.35,101.255,36938.4,37448.3,23.70,24009.96,101.380,0.03404,,,,
4843,04/20/2026 09:21:07,23.81,8.65,7.54,24.28,101.253,37192.2,37763.8,23.92,24174.92,101.380,0.03381,,,,
4844,04/20/2026 09:23:07,23.82,8.66,7.54,24.25,101.322,37576.5,38176.1,24.21,24424.72,101.380,0.04072,,,,
4845,04/20/2026 09:25:07,23.84,8.57,7.50,24.33,101.272,36522.5,37043.3,23.42,23739.61,101.380,0.03572,,,,
4846,04/20/2026 09:27:07,23.68,8.59,7.53,24.25,101.305,36039.0,36616.4,23.12,23425.35,101.380,0.03896,,,,
4847,04/20/2026 09:29:07,23.51,8.65,7.59,24.25,101.252,35562.2,36129.6,22.78,23115.43,101.380,0.03372,,,,
4848,04/20/2026 09:31:07,23.40,8.67,7.74,24.10,101.247,31086.5,31684.4,19.70,20206.20,101.380,0.03324,,,,
4849,04/20/2026 09:33:07,23.36,8.70,7.81,24.05,101.298,29770.9,30378.8,18.81,19351.09,101.380,0.03832,,,,
4850,04/20/2026 09:35:07,23.34,8.72,7.88,24.01,101.279,28029.7,28624.2,17.62,18219.29,101.380,0.03645,,,,
4851,04/20/2026 09:37:07,23.38,8.68,7.84,23.92,101.241,28325.8,28982.8,17.86,18411.78,101.380,0.03267,,,,
4852,04/20/2026 09:39:07,23.34,8.69,7.86,23.91,101.223,27998.0,28654.7,17.63,18198.67,101.380,0.03088,,,,
4853,04/20/2026 09:41:07,23.27,8.67,7.81,23.92,101.276,28777.1,29446.4,18.17,18705.11,101.380,0.03616,,,,
4854,04/20/2026 09:43:07,23.14,8.68,7.80,24.02,101.280,29492.0,30111.7,18.63,19169.79,101.380,0.03648,,,,
4855,04/20/2026 09:45:07,23.00,8.76,7.87,24.13,101.231,29632.2,30182.7,18.68,19260.96,101.380,0.03159,,,,
4856,04/20/2026 09:47:07,22.88,8.77,7.92,24.09,101.229,28131.2,28677.8,17.65,18285.25,101.380,0.03146,,,,
4857,04/20/2026 09:49:07,22.82,8.80,7.99,24.05,101.210,26988.8,27538.1,16.88,17542.70,101.380,0.02958,,,,
4858,04/20/2026 09:51:07,22.79,8.83,8.02,24.06,101.228,26838.5,27377.6,16.78,17445.00,101.380,0.03137,,,,
4859,04/20/2026 09:53:07,22.80,8.84,8.01,24.08,101.264,27467.9,28008.9,17.20,17854.15,101.380,0.03492,,,,
4860,04/20/2026 09:55:07,22.87,8.80,7.95,24.12,101.265,28001.8,28527.5,17.55,18201.16,101.380,0.03506,,,,
4861,04/20/2026 09:57:07,22.93,8.75,7.91,24.16,101.267,27977.5,28477.1,17.52,18185.40,101.380,0.03519,,,,
4862,04/20/2026 09:59:07,22.93,8.85,8.01,24.17,101.285,27705.8,28195.1,17.33,18008.77,101.380,0.03697,,,,
4863,04/20/2026 10:01:07,22.99,8.83,8.00,24.19,101.338,27632.8,28109.9,17.27,17961.33,101.380,0.04228,,,,
4864,04/20/2026 10:03:07,23.10,8.86,8.00,24.25,101.287,28310.5,28764.1,17.72,18401.83,101.380,0.03721,,,,
4865,04/20/2026 10:05:07,23.22,8.83,7.95,24.33,101.360,29243.7,29660.7,18.33,19008.38,101.380,0.04448,,,,
4866,04/20/2026 10:07:07,23.34,8.80,7.89,24.43,101.328,30410.7,30779.1,19.09,19766.98,101.380,0.04129,,,,
4867,04/20/2026 10:09:07,23.51,8.81,7.88,24.51,101.366,30894.2,31216.3,19.39,20081.23,101.380,0.04505,,,,
4868,04/20/2026 10:11:07,23.67,8.76,7.81,24.58,101.421,31663.5,31948.6,19.89,20581.27,101.380,0.05051,,,,
4869,04/20/2026 10:13:07,23.83,8.76,7.81,24.64,101.405,32038.5,32281.6,20.12,20825.05,101.380,0.04897,,,,
4870,04/20/2026 10:15:07,24.01,8.70,7.74,24.74,101.408,32493.7,32675.4,20.40,21120.92,101.380,0.04928,,,,
4871,04/20/2026 10:17:07,24.19,8.65,7.68,24.84,101.412,33128.2,33237.0,20.79,21533.34,101.380,0.04963,,,,
4872,04/20/2026 10:19:07,24.35,8.62,7.64,24.96,101.451,33724.5,33753.5,21.15,21920.93,101.380,0.05350,,,,
4873,04/20/2026 10:21:07,24.51,8.64,7.64,25.11,101.456,34328.4,34249.0,21.49,22313.48,101.380,0.05399,,,,
4874,04/20/2026 10:23:07,24.78,8.66,7.65,25.25,101.513,34769.3,34590.0,21.73,22600.06,101.380,0.05968,,,,
4875,04/20/2026 10:25:07,25.08,8.89,7.85,25.36,101.569,35284.9,35023.0,22.04,22935.17,101.380,0.06529,,,,
4876,04/20/2026 10:27:07,25.46,9.65,8.49,25.54,101.540,36358.4,35947.6,22.69,23632.97,101.380,0.06240,,,,
4877,04/20/2026 10:29:07,25.82,10.43,9.14,25.67,101.597,37323.3,36804.1,23.29,24260.17,101.380,0.06808,,,,
4878,04/20/2026 10:31:07,26.05,11.03,9.64,25.76,101.653,38059.9,37462.0,23.75,24738.93,101.380,0.07362,,,,
4879,04/20/2026 10:33:07,26.12,8.69,8.62,25.78,101.161,2614.5,2572.6,1.33,1699.42,101.380,0.02464,,,,
4880,04/20/2026 10:35:07,25.35,8.41,8.40,24.88,101.114,406.4,407.5,0.20,264.19,101.380,0.01998,,,,
4881,04/20/2026 10:37:07,25.39,8.26,8.25,25.48,101.397,401.5,397.5,0.19,260.95,101.380,0.04818,,,,
4882,04/20/2026 10:39:07,25.30,8.69,8.68,25.06,101.665,345.4,345.0,0.17,224.53,101.380,0.07482,,,,
4883,04/20/2026 10:39:55,,,,,,,,,,,,Logged,Logged,,
