#,Date-Time (HST),Temperature   (°C)(W-DO 22483554),Measured DO   (mg/L)(W-DO 22483554),Salinity-Adjusted DO   (mg/L)(W-DO 22483554),Temperature   (°C)(W-CTD-02 22443169),Absolute Pressure   (kPa)(W-CTD-02 22443169),Electrical Conductivity   (µS/cm)(W-CTD-02 22443169),Specific Conductivity   (µS/cm)(W-CTD-02 22443169),Salinity   (PSU)(W-CTD-02 22443169),Total Dissolved Solids   (mg/L)(W-CTD-02 22443169),Barometric Pressure   (kPa),Water Level   (m),Host Connected,End of File,Started,Water Detect
1,04/13/2026 16:00:44,22.92,9.62,7.90,24.82,101.993,51939.4,52136.6,34.30,33760.63,101.380,0.09994,,,Logged,Out
2,04/13/2026 16:02:44,24.05,9.28,7.64,25.04,101.947,51826.8,51782.4,34.05,33687.40,101.380,0.09541,,,,
3,04/13/2026 16:03:19,,,,,,,,,,,,Logged,,,
4,04/13/2026 16:04:44,24.60,9.10,7.49,25.06,101.965,51879.2,51811.7,34.08,33721.47,101.380,0.09719,,,,
5,04/13/2026 16:06:44,24.86,8.38,8.00,25.01,101.068,14187.2,14183.1,8.21,9221.67,101.380,0.00799,,,,
6,04/13/2026 16:08:44,24.70,8.51,7.06,24.98,101.136,50038.1,50058.9,32.78,32524.79,101.380,0.01475,,,,
7,04/13/2026 16:10:44,24.88,8.31,8.20,25.41,101.045,4483.9,4445.8,2.37,2914.51,101.380,0.00565,,,,
8,04/13/2026 16:12:44,25.10,8.26,8.19,25.42,100.993,2818.3,2793.9,1.45,1831.90,101.380,0.00054,,,,
9,04/13/2026 16:14:44,25.24,8.22,7.35,25.32,101.059,31919.6,31706.8,19.75,20747.75,101.380,0.00712,,,,
10,04/13/2026 16:16:44,25.32,8.22,7.80,25.27,100.989,15921.6,15830.5,9.24,10349.05,101.380,0.00014,,,,
11,04/13/2026 16:18:44,25.47,8.21,8.11,25.22,100.988,3867.9,3849.9,2.03,2514.12,101.380,0.00000,,,,
12,04/13/2026 16:20:44,25.57,8.17,7.96,25.16,101.038,8461.2,8433.0,4.69,5499.75,101.380,0.00496,,,,
13,04/13/2026 16:22:44,25.64,8.17,8.16,25.09,101.036,455.5,454.7,0.22,296.10,101.380,0.00476,,,,
14,04/13/2026 16:24:44,25.70,8.17,8.16,25.05,101.052,293.1,292.8,0.14,190.54,101.380,0.00638,,,,
15,04/13/2026 16:26:44,25.76,8.16,8.15,25.04,101.052,249.0,248.8,0.12,161.84,101.380,0.00636,,,,
16,04/13/2026 16:28:44,25.84,8.14,8.11,25.03,101.000,1288.4,1287.6,0.64,837.43,101.380,0.00118,,,,
17,04/13/2026 16:30:44,25.94,8.12,8.11,25.00,101.034,282.6,282.6,0.14,183.70,101.380,0.00454,,,,
18,04/13/2026 16:32:44,26.07,8.87,7.31,26.18,102.134,53307.6,52018.4,34.28,34649.95,101.380,0.11401,,,,In
19,04/13/2026 16:34:44,26.31,8.82,7.28,26.41,102.123,53330.8,51794.9,34.12,34665.03,101.380,0.11295,,,,
20,04/13/2026 16:36:44,26.42,8.80,7.26,26.43,102.107,53347.2,51791.5,34.12,34675.67,101.380,0.11129,,,,
21,04/13/2026 16:38:44,26.46,8.79,7.25,26.45,102.124,53376.2,51803.4,34.13,34694.50,101.380,0.11305,,,,
22,04/13/2026 16:40:44,26.49,8.77,7.24,26.45,102.142,53412.0,51828.5,34.15,34717.77,101.380,0.11479,,,,
23,04/13/2026 16:42:44,26.50,8.77,7.24,26.46,102.090,53381.4,51792.4,34.13,34697.93,101.380,0.10966,,,,
24,04/13/2026 16:44:44,26.51,8.77,7.24,26.47,102.090,53415.9,51819.5,34.15,34720.36,101.380,0.10968,,,,
25,04/13/2026 16:46:44,26.51,8.77,7.23,26.47,102.142,53409.0,51806.3,34.14,34715.84,101.380,0.11484,,,,
26,04/13/2026 16:48:44,26.52,8.76,7.23,26.48,102.073,53377.1,51772.1,34.11,34695.09,101.380,0.10800,,,,
27,04/13/2026 16:50:44,26.53,8.76,7.23,26.48,102.108,53378.5,51773.5,34.11,34696.01,101.380,0.11142,,,,
28,04/13/2026 16:52:44,26.52,8.76,7.23,26.48,102.091,53439.2,51829.2,34.15,34735.51,101.380,0.10972,,,,
29,04/13/2026 16:54:44,26.53,8.75,7.22,26.48,102.108,53442.1,51828.7,34.15,34737.36,101.380,0.11144,,,,
30,04/13/2026 16:56:44,26.53,8.75,7.22,26.49,102.125,53487.8,51866.6,34.18,34767.04,101.380,0.11317,,,,
31,04/13/2026 16:58:44,26.54,8.73,7.21,26.49,102.143,53446.1,51822.9,34.15,34739.94,101.380,0.11489,,,,
32,04/13/2026 17:00:44,26.54,8.72,7.20,26.49,102.125,53482.0,51861.0,34.18,34763.32,101.380,0.11317,,,,
33,04/13/2026 17:02:44,26.54,8.70,7.18,26.48,102.177,53458.6,51851.1,34.17,34748.07,101.380,0.11827,,,,
34,04/13/2026 17:04:44,26.53,8.68,7.17,26.47,102.159,53428.0,51831.2,34.15,34728.21,101.380,0.11653,,,,
35,04/13/2026 17:06:44,26.52,8.65,7.14,26.45,102.176,53448.9,51864.4,34.18,34741.79,101.380,0.11821,,,,
36,04/13/2026 17:08:44,26.51,8.64,7.13,26.44,102.107,53452.9,51881.1,34.19,34744.37,101.380,0.11133,,,,
37,04/13/2026 17:10:44,26.50,8.63,7.12,26.43,102.141,53426.5,51865.2,34.18,34727.19,101.380,0.11473,,,,
38,04/13/2026 17:12:44,26.49,8.62,7.11,26.42,102.106,53441.8,51893.0,34.20,34737.17,101.380,0.11127,,,,
39,04/13/2026 17:14:44,26.49,8.61,7.10,26.41,102.158,53457.0,51917.5,34.22,34747.04,101.380,0.11638,,,,
40,04/13/2026 17:16:44,26.47,8.60,7.09,26.40,102.157,53432.0,51906.1,34.21,34730.79,101.380,0.11635,,,,
41,04/13/2026 17:18:44,26.45,8.59,7.08,26.39,102.174,53365.6,51848.1,34.16,34687.65,101.380,0.11804,,,,
42,04/13/2026 17:20:44,26.44,8.58,7.08,26.38,102.140,53397.4,51891.9,34.20,34708.29,101.380,0.11458,,,,
43,04/13/2026 17:22:44,26.44,8.57,7.06,26.37,102.191,53420.9,51924.5,34.22,34723.59,101.380,0.11969,,,,
44,04/13/2026 17:24:44,26.44,8.55,7.05,26.36,102.174,53373.8,51891.6,34.19,34693.00,101.380,0.11795,,,,
45,04/13/2026 17:26:44,26.42,8.54,7.05,26.35,102.156,53419.5,51945.7,34.23,34722.67,101.380,0.11621,,,,
46,04/13/2026 17:28:44,26.41,8.53,7.04,26.34,102.156,53367.0,51907.6,34.21,34688.56,101.380,0.11617,,,,
47,04/13/2026 17:30:44,26.40,8.52,7.03,26.33,102.138,53324.2,51878.9,34.18,34660.70,101.380,0.11443,,,,
48,04/13/2026 17:32:44,26.39,8.50,7.01,26.31,102.121,53313.1,51881.1,34.18,34653.53,101.380,0.11268,,,,
49,04/13/2026 17:34:44,26.37,8.49,7.01,26.30,102.120,53336.5,51920.0,34.21,34668.71,101.380,0.11263,,,,
50,04/13/2026 17:36:44,26.35,8.49,7.00,26.28,102.189,53340.6,51940.2,34.23,34671.38,101.380,0.11945,,,,
51,04/13/2026 17:38:44,26.34,8.48,7.00,26.27,102.119,53240.2,51858.6,34.17,34606.11,101.380,0.11255,,,,
52,04/13/2026 17:40:44,26.33,8.47,6.99,26.26,102.205,53306.2,51935.9,34.22,34649.04,101.380,0.12108,,,,
53,04/13/2026 17:42:44,26.32,8.46,6.97,26.25,102.170,53296.6,51936.3,34.22,34642.79,101.380,0.11763,,,,
54,04/13/2026 17:44:44,26.30,8.45,6.96,26.24,102.187,53336.6,51988.2,34.26,34668.79,101.380,0.11931,,,,
55,04/13/2026 17:46:44,26.29,8.44,6.96,26.22,102.152,53297.9,51963.5,34.24,34643.63,101.380,0.11585,,,,
56,04/13/2026 17:48:44,26.28,8.42,6.94,26.21,102.169,53271.8,51951.0,34.23,34626.64,101.380,0.11752,,,,
57,04/13/2026 17:50:44,26.27,8.42,6.94,26.20,102.169,53241.5,51934.4,34.22,34606.96,101.380,0.11749,,,,
58,04/13/2026 17:52:44,26.26,8.39,6.92,26.19,102.186,53264.9,51970.2,34.25,34622.16,101.380,0.11917,,,,
59,04/13/2026 17:54:44,26.24,8.38,6.91,26.17,102.168,53251.2,51973.1,34.25,34613.25,101.380,0.11741,,,,
60,04/13/2026 17:56:44,26.23,8.37,6.90,26.16,102.185,53185.2,51921.6,34.21,34570.37,101.380,0.11909,,,,
61,04/13/2026 17:58:44,26.22,8.36,6.90,26.15,102.185,53237.4,51985.6,34.25,34604.30,101.380,0.11906,,,,
62,04/13/2026 18:00:44,26.22,8.36,6.89,26.13,102.184,53205.8,51967.8,34.24,34583.77,101.380,0.11902,,,,
63,04/13/2026 18:02:44,26.19,8.34,6.88,26.13,102.253,53192.1,51964.1,34.24,34574.88,101.380,0.12585,,,,
64,04/13/2026 18:04:44,26.19,8.33,6.87,26.11,102.218,53164.6,51953.5,34.23,34557.02,101.380,0.12238,,,,
65,04/13/2026 18:06:44,26.17,8.31,6.85,26.09,102.218,53222.2,52026.1,34.28,34594.43,101.380,0.12234,,,,
66,04/13/2026 18:08:44,26.16,8.30,6.84,26.08,102.200,53161.9,51983.3,34.25,34555.21,101.380,0.12058,,,,
67,04/13/2026 18:10:44,26.14,8.28,6.82,26.06,102.199,53170.1,52010.9,34.27,34560.57,101.380,0.12053,,,,
68,04/13/2026 18:12:44,26.12,8.27,6.82,26.04,102.165,53159.2,52019.7,34.28,34553.45,101.380,0.11705,,,,
69,04/13/2026 18:14:44,26.10,8.25,6.80,26.02,102.198,53115.4,51996.4,34.26,34524.98,101.380,0.12043,,,,
70,04/13/2026 18:16:44,26.08,8.25,6.80,26.00,102.181,53098.9,52003.1,34.26,34514.29,101.380,0.11865,,,,
71,04/13/2026 18:18:44,26.07,8.23,6.78,25.99,102.197,53025.2,51950.5,34.22,34466.41,101.380,0.12032,,,,
72,04/13/2026 18:20:44,26.05,8.22,6.77,25.96,102.180,53068.9,52016.1,34.27,34494.78,101.380,0.11854,,,,
73,04/13/2026 18:22:44,26.02,8.21,6.77,25.95,102.213,53093.5,52059.7,34.30,34510.77,101.380,0.12192,,,,
74,04/13/2026 18:24:44,26.00,8.19,6.75,25.92,102.247,52985.8,51976.9,34.24,34440.75,101.380,0.12528,,,,
75,04/13/2026 18:26:44,25.98,8.18,6.74,25.90,102.212,52993.9,52007.8,34.26,34446.05,101.380,0.12180,,,,
76,04/13/2026 18:28:44,25.97,8.17,6.73,25.88,102.246,52998.0,52031.3,34.28,34448.71,101.380,0.12517,,,,
77,04/13/2026 18:30:44,25.96,8.16,6.72,25.86,102.228,52961.3,52018.1,34.27,34424.83,101.380,0.12340,,,,
78,04/13/2026 18:32:44,25.93,8.15,6.72,25.84,102.228,52923.2,52003.6,34.25,34400.11,101.380,0.12334,,,,
79,04/13/2026 18:34:44,25.91,8.14,6.70,25.82,102.210,52904.2,52007.8,34.26,34387.75,101.380,0.12157,,,,
80,04/13/2026 18:36:44,25.88,8.12,6.69,25.79,102.278,52889.3,52022.5,34.27,34378.05,101.380,0.12834,,,,
81,04/13/2026 18:38:44,25.86,8.11,6.68,25.77,102.226,52904.2,52063.3,34.30,34387.75,101.380,0.12314,,,,
82,04/13/2026 18:40:44,25.84,8.10,6.68,25.74,102.225,52808.1,51994.8,34.24,34325.24,101.380,0.12307,,,,
83,04/13/2026 18:42:44,25.81,8.10,6.67,25.72,102.224,52814.8,52024.4,34.26,34329.63,101.380,0.12301,,,,
84,04/13/2026 18:44:44,25.78,8.09,6.67,25.70,102.241,52786.4,52022.6,34.26,34311.16,101.380,0.12465,,,,
85,04/13/2026 18:46:44,25.76,8.08,6.66,25.68,102.206,52766.2,52025.5,34.26,34298.01,101.380,0.12117,,,,
86,04/13/2026 18:48:44,25.74,8.07,6.65,25.65,102.240,52705.4,51991.9,34.24,34258.54,101.380,0.12453,,,,
87,04/13/2026 18:50:44,25.72,8.06,6.64,25.63,102.256,52767.5,52076.0,34.30,34298.88,101.380,0.12618,,,,
88,04/13/2026 18:52:44,25.69,8.07,6.64,25.61,102.221,52690.6,52023.0,34.26,34248.89,101.380,0.12269,,,,
89,04/13/2026 18:54:44,25.67,8.05,6.63,25.59,102.255,52683.9,52042.7,34.27,34244.53,101.380,0.12605,,,,
90,04/13/2026 18:56:44,25.65,8.05,6.63,25.56,102.272,52622.0,52007.8,34.24,34204.30,101.380,0.12770,,,,
91,04/13/2026 18:58:44,25.62,8.04,6.62,25.54,102.219,52620.7,52029.4,34.26,34203.44,101.380,0.12250,,,,
92,04/13/2026 19:00:44,25.61,8.03,6.62,25.52,102.270,52631.5,52063.1,34.28,34210.49,101.380,0.12758,,,,
93,04/13/2026 19:02:44,25.58,8.03,6.62,25.50,102.218,52580.1,52038.5,34.26,34177.09,101.380,0.12237,,,,
94,04/13/2026 19:04:44,25.56,8.02,6.60,25.47,102.235,52607.2,52088.3,34.30,34194.68,101.380,0.12402,,,,
95,04/13/2026 19:06:44,25.54,8.03,6.61,25.46,102.234,52626.1,52126.7,34.33,34206.93,101.380,0.12397,,,,
96,04/13/2026 19:08:44,25.52,8.02,6.60,25.43,102.233,52564.3,52088.5,34.30,34166.78,101.380,0.12391,,,,
97,04/13/2026 19:10:44,25.50,8.01,6.59,25.41,102.198,52541.5,52092.3,34.30,34152.00,101.380,0.12042,,,,
98,04/13/2026 19:12:44,25.48,8.01,6.60,25.39,102.250,52541.5,52112.1,34.31,34152.00,101.380,0.12551,,,,
99,04/13/2026 19:14:44,25.46,8.00,6.59,25.37,102.249,52579.1,52172.4,34.36,34176.38,101.380,0.12545,,,,
100,04/13/2026 19:16:44,25.44,8.00,6.59,25.36,102.231,52512.0,52122.3,34.32,34132.82,101.380,0.12369,,,,
101,04/13/2026 19:18:44,25.42,8.01,6.59,25.34,102.248,52468.0,52098.4,34.30,34104.18,101.380,0.12536,,,,
102,04/13/2026 19:20:44,25.40,8.01,6.59,25.32,102.265,52484.0,52130.8,34.32,34114.59,101.380,0.12703,,,,
103,04/13/2026 19:22:44,25.38,8.00,6.59,25.30,102.230,52458.6,52125.3,34.32,34098.07,101.380,0.12355,,,,
104,04/13/2026 19:24:44,25.36,8.01,6.59,25.29,102.247,52417.2,52100.7,34.30,34071.17,101.380,0.12522,,,,
105,04/13/2026 19:26:44,25.35,7.99,6.58,25.27,102.246,52381.4,52084.8,34.29,34047.88,101.380,0.12517,,,,
106,04/13/2026 19:28:44,25.33,7.99,6.58,25.26,102.263,52403.9,52123.8,34.32,34062.56,101.380,0.12684,,,,
107,04/13/2026 19:30:44,25.32,7.99,6.58,25.24,102.262,52330.7,52070.8,34.28,34014.98,101.380,0.12679,,,,
108,04/13/2026 19:32:44,25.29,7.99,6.58,25.22,102.279,52373.3,52129.6,34.32,34042.63,101.380,0.12846,,,,
109,04/13/2026 19:34:44,25.28,7.99,6.58,25.21,102.244,52345.4,52115.1,34.31,34024.50,101.380,0.12500,,,,
110,04/13/2026 19:36:44,25.26,8.00,6.58,25.20,102.296,52324.1,52110.4,34.30,34010.69,101.380,0.13010,,,,
111,04/13/2026 19:38:44,25.26,8.00,6.58,25.18,102.295,52301.4,52104.3,34.30,33995.93,101.380,0.13006,,,,
112,04/13/2026 19:40:44,25.24,7.99,6.57,25.17,102.260,52268.3,52084.5,34.28,33974.41,101.380,0.12660,,,,
113,04/13/2026 19:42:44,25.23,7.99,6.58,25.15,102.294,52282.9,52115.6,34.30,33983.91,101.380,0.12998,,,,
114,04/13/2026 19:44:44,25.21,7.99,6.58,25.14,102.277,52247.1,52093.2,34.29,33960.63,101.380,0.12823,,,,
115,04/13/2026 19:46:44,25.20,8.00,6.58,25.13,102.311,52247.1,52106.4,34.30,33960.63,101.380,0.13162,,,,
116,04/13/2026 19:48:44,25.19,8.00,6.58,25.12,102.276,52219.4,52091.9,34.29,33942.60,101.380,0.12817,,,,
117,04/13/2026 19:50:44,25.17,7.99,6.58,25.10,102.259,52216.6,52102.4,34.29,33940.80,101.380,0.12642,,,,
118,04/13/2026 19:52:44,25.16,7.98,6.57,25.09,102.293,52210.3,52112.6,34.30,33936.69,101.380,0.12980,,,,
119,04/13/2026 19:54:44,25.15,8.00,6.58,25.07,102.327,52184.9,52103.8,34.29,33920.18,101.380,0.13319,,,,
120,04/13/2026 19:56:44,25.13,7.99,6.58,25.06,102.292,52194.2,52126.3,34.31,33926.23,101.380,0.12973,,,,
121,04/13/2026 19:58:44,25.12,7.99,6.57,25.05,102.274,52153.2,52098.6,34.29,33899.58,101.380,0.12798,,,,
122,04/13/2026 20:00:44,25.11,7.99,6.58,25.03,102.274,52166.5,52128.5,34.31,33908.24,101.380,0.12794,,,,
123,04/13/2026 20:02:44,25.10,7.99,6.57,25.02,102.274,52202.0,52177.2,34.34,33931.32,101.380,0.12791,,,,
124,04/13/2026 20:04:44,25.08,7.99,6.58,25.01,102.273,52149.2,52137.7,34.31,33896.97,101.380,0.12787,,,,
125,04/13/2026 20:06:44,25.06,7.99,6.58,25.00,102.325,52153.2,52158.3,34.33,33899.58,101.380,0.13297,,,,
126,04/13/2026 20:08:44,25.06,7.99,6.57,24.98,102.307,52199.5,52217.8,34.37,33929.67,101.380,0.13122,,,,
127,04/13/2026 20:10:44,25.05,8.00,6.58,24.97,102.307,52118.8,52150.4,34.32,33877.21,101.380,0.13119,,,,
128,04/13/2026 20:12:44,25.03,7.99,6.57,24.96,102.323,52149.2,52197.4,34.35,33896.97,101.380,0.13286,,,,
129,04/13/2026 20:14:44,25.02,8.00,6.58,24.94,102.289,52122.8,52187.6,34.35,33879.82,101.380,0.12939,,,,
130,04/13/2026 20:16:44,25.00,7.99,6.58,24.93,102.340,52039.8,52117.7,34.29,33825.88,101.380,0.13450,,,,
131,04/13/2026 20:18:44,25.00,8.00,6.58,24.92,102.322,52024.1,52115.2,34.29,33815.64,101.380,0.13275,,,,
132,04/13/2026 20:20:44,24.98,8.00,6.58,24.90,102.305,52061.1,52169.0,34.33,33839.73,101.380,0.13099,,,,
133,04/13/2026 20:22:44,24.97,8.00,6.58,24.89,102.304,51987.3,52111.6,34.29,33791.75,101.380,0.13095,,,,
134,04/13/2026 20:24:44,24.96,8.00,6.58,24.87,102.304,51976.8,52117.7,34.29,33784.93,101.380,0.13091,,,,
135,04/13/2026 20:26:44,24.94,8.00,6.58,24.86,102.321,51986.1,52143.6,34.31,33790.95,101.380,0.13258,,,,
136,04/13/2026 20:28:44,24.92,8.00,6.58,24.84,102.269,51975.6,52146.3,34.31,33784.13,101.380,0.12741,,,,
137,04/13/2026 20:30:44,24.92,8.00,6.58,24.83,102.286,51933.4,52117.3,34.29,33756.69,101.380,0.12909,,,,
138,04/13/2026 20:32:44,24.90,8.00,6.58,24.82,102.182,51996.6,52190.7,34.34,33797.77,101.380,0.11879,,,,
139,04/13/2026 20:34:44,24.89,8.01,6.58,24.81,102.233,52001.8,52205.9,34.35,33801.18,101.380,0.12390,,,,
140,04/13/2026 20:36:44,24.87,8.01,6.59,24.80,102.250,51999.0,52213.1,34.36,33799.38,101.380,0.12559,,,,
141,04/13/2026 20:38:44,24.87,8.01,6.59,24.80,102.285,51951.9,52175.7,34.33,33768.70,101.380,0.12899,,,,
142,04/13/2026 20:40:44,24.87,8.00,6.58,24.79,102.301,51970.0,52204.0,34.35,33780.53,101.380,0.13068,,,,
143,04/13/2026 20:42:44,24.85,8.00,6.58,24.78,102.301,51946.6,52187.1,34.34,33765.30,101.380,0.13066,,,,
144,04/13/2026 20:44:44,24.85,8.01,6.59,24.77,102.267,51887.5,52137.7,34.30,33726.88,101.380,0.12721,,,,
145,04/13/2026 20:46:44,24.84,8.01,6.59,24.76,102.352,51882.6,52142.8,34.30,33723.69,101.380,0.13575,,,,
146,04/13/2026 20:48:44,24.82,8.02,6.59,24.75,102.318,51869.4,52139.4,34.30,33715.10,101.380,0.13230,,,,
147,04/13/2026 20:50:44,24.83,8.01,6.59,24.75,102.335,51882.6,52159.4,34.32,33723.69,101.380,0.13399,,,,
148,04/13/2026 20:52:44,24.81,8.01,6.59,24.74,102.335,51854.9,52141.6,34.30,33705.71,101.380,0.13397,,,,
149,04/13/2026 20:54:44,24.81,8.01,6.59,24.73,102.317,51851.3,52147.9,34.31,33703.33,101.380,0.13223,,,,
150,04/13/2026 20:56:44,24.79,8.01,6.59,24.72,102.300,51953.1,52260.3,34.39,33769.51,101.380,0.13049,,,,
151,04/13/2026 20:58:44,24.78,8.02,6.59,24.71,102.299,51887.5,52204.3,34.35,33726.88,101.380,0.13047,,,,
152,04/13/2026 21:00:44,24.78,8.02,6.60,24.70,102.316,51873.4,52196.8,34.34,33717.70,101.380,0.13216,,,,
153,04/13/2026 21:02:44,24.77,8.02,6.59,24.70,102.316,51857.7,52191.0,34.34,33707.52,101.380,0.13214,,,,
154,04/13/2026 21:04:44,24.76,8.02,6.59,24.69,102.333,51874.6,52218.0,34.36,33718.50,101.380,0.13383,,,,
155,04/13/2026 21:06:44,24.75,8.02,6.59,24.68,102.316,51856.2,52209.5,34.35,33706.51,101.380,0.13209,,,,
156,04/13/2026 21:08:44,24.74,8.02,6.60,24.67,102.298,51802.8,52165.7,34.32,33671.82,101.380,0.13035,,,,
157,04/13/2026 21:10:44,24.73,8.02,6.59,24.66,102.332,51856.2,52229.5,34.36,33706.51,101.380,0.13375,,,,
158,04/13/2026 21:12:44,24.73,8.03,6.60,24.65,102.315,51843.3,52226.5,34.36,33698.13,101.380,0.13201,,,,
159,04/13/2026 21:14:44,24.72,8.03,6.60,24.64,102.366,51834.1,52227.3,34.36,33692.15,101.380,0.13713,,,,
160,04/13/2026 21:16:44,24.71,8.04,6.61,24.63,102.332,51827.6,52230.8,34.36,33687.96,101.380,0.13368,,,,
161,04/13/2026 21:18:44,24.70,8.03,6.61,24.62,102.314,51770.3,52183.1,34.33,33650.72,101.380,0.13194,,,,
162,04/13/2026 21:20:44,24.69,8.03,6.60,24.61,102.366,51802.8,52225.8,34.36,33671.82,101.380,0.13705,,,,
163,04/13/2026 21:22:44,24.68,8.03,6.60,24.60,102.348,51838.1,52274.7,34.39,33694.74,101.380,0.13531,,,,
164,04/13/2026 21:24:44,24.67,8.03,6.61,24.60,102.348,51743.1,52185.7,34.33,33633.03,101.380,0.13529,,,,
165,04/13/2026 21:26:44,24.66,8.02,6.60,24.58,102.313,51769.1,52225.2,34.36,33649.93,101.380,0.13183,,,,
166,04/13/2026 21:28:44,24.65,8.03,6.60,24.58,102.347,51787.2,52253.5,34.38,33661.66,101.380,0.13523,,,,
167,04/13/2026 21:30:44,24.65,8.03,6.60,24.57,102.330,51753.5,52229.6,34.36,33639.79,101.380,0.13349,,,,
168,04/13/2026 21:32:44,24.63,8.03,6.61,24.56,102.381,51684.4,52169.9,34.31,33594.89,101.380,0.13861,,,,
169,04/13/2026 21:34:44,24.62,8.03,6.60,24.55,102.381,51762.4,52258.6,34.38,33645.54,101.380,0.13858,,,,
170,04/13/2026 21:36:44,24.61,8.04,6.61,24.54,102.363,51663.7,52168.9,34.31,33581.41,101.380,0.13684,,,,
171,04/13/2026 21:38:44,24.60,8.03,6.61,24.53,102.380,51685.6,52201.1,34.34,33595.67,101.380,0.13853,,,,
172,04/13/2026 21:40:44,24.59,8.04,6.61,24.52,102.329,51631.4,52156.4,34.30,33560.43,101.380,0.13337,,,,
173,04/13/2026 21:42:44,24.59,8.04,6.61,24.51,102.363,51672.9,52208.3,34.34,33587.37,101.380,0.13677,,,,
174,04/13/2026 21:44:44,24.58,8.04,6.61,24.51,102.414,51666.5,52208.6,34.34,33583.22,101.380,0.14189,,,,
175,04/13/2026 21:46:44,24.58,8.04,6.61,24.50,102.380,51626.3,52177.9,34.32,33557.07,101.380,0.13844,,,,
176,04/13/2026 21:48:44,24.57,8.05,6.62,24.49,102.362,51627.5,52185.8,34.32,33557.85,101.380,0.13671,,,,
177,04/13/2026 21:50:44,24.55,8.04,6.61,24.48,102.362,51647.0,52215.6,34.34,33570.53,101.380,0.13669,,,,
178,04/13/2026 21:52:44,24.54,8.04,6.61,24.48,102.362,51610.7,52185.7,34.32,33546.98,101.380,0.13667,,,,
179,04/13/2026 21:54:44,24.54,8.05,6.62,24.47,102.362,51618.7,52200.4,34.33,33552.15,101.380,0.13665,,,,
180,04/13/2026 21:56:44,24.53,8.06,6.62,24.46,102.378,51618.3,52210.1,34.34,33551.90,101.380,0.13834,,,,
181,04/13/2026 21:58:44,24.53,8.05,6.61,24.45,102.361,51618.3,52216.7,34.34,33551.90,101.380,0.13661,,,,
182,04/13/2026 22:00:44,24.52,8.05,6.62,24.45,102.395,51606.8,52215.1,34.34,33544.39,101.380,0.14001,,,,
183,04/13/2026 22:02:44,24.51,8.05,6.62,24.44,102.378,51615.5,52230.7,34.35,33550.09,101.380,0.13828,,,,
184,04/13/2026 22:04:44,24.51,8.05,6.62,24.43,102.326,51657.3,52283.1,34.39,33577.26,101.380,0.13312,,,,
185,04/13/2026 22:06:44,24.49,8.06,6.62,24.42,102.360,51615.9,52247.8,34.36,33550.34,101.380,0.13653,,,,
186,04/13/2026 22:08:44,24.49,8.05,6.62,24.42,102.377,51597.6,52239.4,34.36,33538.45,101.380,0.13822,,,,
187,04/13/2026 22:10:44,24.49,8.06,6.62,24.41,102.360,51641.8,52290.8,34.40,33567.16,101.380,0.13649,,,,
188,04/13/2026 22:12:44,24.48,8.06,6.62,24.40,102.360,51608.0,52263.3,34.37,33545.17,101.380,0.13647,,,,
189,04/13/2026 22:14:44,24.47,8.06,6.63,24.40,102.377,51609.1,52271.1,34.38,33545.94,101.380,0.13816,,,,
190,04/13/2026 22:16:44,24.46,8.07,6.63,24.39,102.376,51629.8,52302.2,34.40,33559.40,101.380,0.13814,,,,
191,04/13/2026 22:18:44,24.45,8.06,6.62,24.38,102.359,51598.8,52277.5,34.38,33539.22,101.380,0.13641,,,,
192,04/13/2026 22:20:44,24.45,8.07,6.63,24.38,102.393,51587.3,52272.5,34.38,33531.73,101.380,0.13982,,,,
193,04/13/2026 22:22:44,24.45,8.07,6.63,24.37,102.376,51615.9,52311.6,34.41,33550.34,101.380,0.13808,,,,
194,04/13/2026 22:24:44,24.44,8.07,6.63,24.36,102.393,51575.8,52277.6,34.38,33524.24,101.380,0.13978,,,,
195,04/13/2026 22:26:44,24.42,8.07,6.63,24.35,102.393,51548.8,52257.0,34.37,33506.69,101.380,0.13976,,,,
196,04/13/2026 22:28:44,24.42,8.07,6.63,24.35,102.375,51571.8,52287.0,34.39,33521.66,101.380,0.13803,,,,
197,04/13/2026 22:30:44,24.41,8.08,6.64,24.34,102.358,51530.5,52255.2,34.37,33494.83,101.380,0.13630,,,,
198,04/13/2026 22:32:44,24.41,8.07,6.63,24.33,102.409,51469.9,52200.4,34.32,33455.42,101.380,0.14142,,,,
199,04/13/2026 22:34:44,24.40,8.08,6.64,24.32,102.392,51531.7,52273.2,34.38,33495.59,101.380,0.13968,,,,
200,04/13/2026 22:36:44,24.40,8.07,6.64,24.32,102.375,51462.4,52209.6,34.33,33450.55,101.380,0.13795,,,,
201,04/13/2026 22:38:44,24.39,8.08,6.64,24.31,102.374,51501.5,52259.4,34.37,33475.98,101.380,0.13792,,,,
202,04/13/2026 22:40:44,24.37,8.08,6.64,24.30,102.374,51482.5,52246.9,34.36,33463.64,101.380,0.13791,,,,
203,04/13/2026 22:42:44,24.38,8.08,6.64,24.30,102.426,51486.5,52257.6,34.36,33466.22,101.380,0.14303,,,,
204,04/13/2026 22:44:44,24.36,8.09,6.65,24.29,102.443,51431.1,52208.1,34.33,33430.21,101.380,0.14472,,,,
205,04/13/2026 22:46:44,24.36,8.09,6.65,24.28,102.408,51471.0,52258.7,34.36,33456.18,101.380,0.14127,,,,
206,04/13/2026 22:48:44,24.35,8.09,6.65,24.28,102.442,51423.6,52217.3,34.33,33425.35,101.380,0.14468,,,,
207,04/13/2026 22:50:44,24.35,8.09,6.65,24.27,102.390,51435.1,52235.6,34.35,33432.79,101.380,0.13953,,,,
208,04/13/2026 22:52:44,24.34,8.09,6.65,24.26,102.442,51473.4,52284.7,34.38,33457.71,101.380,0.14464,,,,
209,04/13/2026 22:54:44,24.32,8.10,6.65,24.26,102.373,51433.9,52251.3,34.36,33432.03,101.380,0.13778,,,,
210,04/13/2026 22:56:44,24.32,8.09,6.65,24.25,102.407,51440.2,52264.4,34.37,33436.13,101.380,0.14118,,,,
211,04/13/2026 22:58:44,24.31,8.10,6.66,24.24,102.372,51429.9,52264.0,34.37,33429.45,101.380,0.13773,,,,
212,04/13/2026 23:00:44,24.30,8.11,6.66,24.23,102.389,51418.5,52259.1,34.36,33422.02,101.380,0.13943,,,,
213,04/13/2026 23:02:44,24.30,8.10,6.66,24.23,102.406,51392.8,52239.8,34.35,33405.34,101.380,0.14113,,,,
214,04/13/2026 23:04:44,24.30,8.10,6.66,24.22,102.406,51373.0,52226.3,34.34,33392.46,101.380,0.14111,,,,
215,04/13/2026 23:06:44,24.28,8.11,6.67,24.22,102.458,51375.8,52235.9,34.34,33394.28,101.380,0.14623,,,,
216,04/13/2026 23:08:44,24.28,8.11,6.66,24.21,102.389,51377.4,52244.3,34.35,33395.34,101.380,0.13936,,,,
217,04/13/2026 23:10:44,24.27,8.11,6.66,24.20,102.354,51342.3,52215.3,34.33,33372.48,101.380,0.13592,,,,
218,04/13/2026 23:12:44,24.27,8.11,6.66,24.20,102.388,51373.5,52253.7,34.36,33392.77,101.380,0.13933,,,,
219,04/13/2026 23:14:44,24.26,8.11,6.67,24.19,102.423,51322.3,52211.7,34.32,33359.48,101.380,0.14273,,,,
220,04/13/2026 23:16:44,24.26,8.12,6.67,24.18,102.422,51287.7,52183.2,34.30,33336.97,101.380,0.14271,,,,
221,04/13/2026 23:18:44,24.25,8.12,6.67,24.18,102.371,51315.5,52218.3,34.33,33355.09,101.380,0.13756,,,,
222,04/13/2026 23:20:44,24.24,8.12,6.68,24.17,102.405,51288.8,52197.9,34.31,33337.72,101.380,0.14097,,,,
223,04/13/2026 23:22:44,24.24,8.12,6.67,24.16,102.439,51310.4,52226.6,34.33,33351.77,101.380,0.14438,,,,
224,04/13/2026 23:24:44,24.23,8.12,6.67,24.16,102.422,51324.6,52247.8,34.35,33360.99,101.380,0.14265,,,,
225,04/13/2026 23:26:44,24.22,8.12,6.67,24.15,102.422,51307.1,52236.7,34.34,33349.63,101.380,0.14263,,,,
226,04/13/2026 23:28:44,24.22,8.12,6.67,24.15,102.422,51354.4,52288.2,34.38,33380.34,101.380,0.14262,,,,
227,04/13/2026 23:30:44,24.22,8.12,6.67,24.14,102.404,51316.2,52256.0,34.35,33355.53,101.380,0.14089,,,,
228,04/13/2026 23:32:44,24.21,8.12,6.67,24.14,102.439,51361.1,52305.2,34.39,33384.73,101.380,0.14431,,,,
229,04/13/2026 23:34:44,24.21,8.12,6.67,24.14,102.352,51334.4,52281.3,34.37,33367.33,101.380,0.13574,,,,
230,04/13/2026 23:36:44,24.20,8.13,6.67,24.13,102.404,51379.3,52330.4,34.41,33396.55,101.380,0.14087,,,,
231,04/13/2026 23:38:44,24.20,8.12,6.67,24.13,102.387,51346.9,52300.8,34.39,33375.50,101.380,0.13915,,,,
232,04/13/2026 23:40:44,24.19,8.13,6.68,24.13,102.387,51330.9,52287.8,34.38,33365.07,101.380,0.13914,,,,
233,04/13/2026 23:42:44,24.19,8.12,6.67,24.13,102.386,51341.1,52301.6,34.39,33371.72,101.380,0.13913,,,,
234,04/13/2026 23:44:44,24.19,8.13,6.68,24.12,102.404,51310.4,52277.1,34.37,33351.77,101.380,0.14083,,,,
235,04/13/2026 23:46:44,24.19,8.12,6.67,24.12,102.369,51219.7,52188.0,34.30,33292.78,101.380,0.13740,,,,
236,04/13/2026 23:48:44,24.18,8.13,6.68,24.11,102.386,51232.2,52204.1,34.31,33300.90,101.380,0.13910,,,,
237,04/13/2026 23:50:44,24.17,8.13,6.68,24.11,102.352,51290.0,52266.4,34.36,33338.47,101.380,0.13567,,,,
238,04/13/2026 23:52:44,24.18,8.12,6.67,24.10,102.386,51231.0,52213.0,34.32,33300.16,101.380,0.13907,,,,
239,04/13/2026 23:54:44,24.17,8.12,6.67,24.10,102.369,51242.9,52228.5,34.33,33307.86,101.380,0.13735,,,,
240,04/13/2026 23:56:44,24.16,8.12,6.67,24.10,102.334,51241.2,52230.2,34.33,33306.79,101.380,0.13392,,,,
241,04/13/2026 23:58:44,24.17,8.12,6.68,24.10,102.351,51110.6,52100.4,34.24,33221.89,101.380,0.13562,,,,
242,04/14/2026 00:00:44,24.16,8.12,6.68,24.09,102.368,51188.1,52182.7,34.30,33272.25,101.380,0.13733,,,,
243,04/14/2026 00:02:44,24.16,8.12,6.67,24.09,102.403,51247.0,52246.2,34.34,33310.52,101.380,0.14075,,,,
244,04/14/2026 00:04:44,24.15,8.13,6.68,24.09,102.385,51236.8,52239.1,34.34,33303.89,101.380,0.13902,,,,
245,04/14/2026 00:06:44,24.15,8.12,6.67,24.08,102.385,51227.7,52236.6,34.34,33298.00,101.380,0.13901,,,,
246,04/14/2026 00:08:44,24.15,8.12,6.67,24.08,102.351,51236.8,52249.2,34.35,33303.89,101.380,0.13557,,,,
247,04/14/2026 00:10:44,24.15,8.12,6.67,24.07,102.385,51244.7,52264.0,34.36,33309.03,101.380,0.13898,,,,
248,04/14/2026 00:12:44,24.14,8.12,6.68,24.07,102.350,51192.5,52214.2,34.32,33275.15,101.380,0.13555,,,,
249,04/14/2026 00:14:44,24.13,8.12,6.67,24.06,102.333,51246.3,52275.8,34.36,33310.10,101.380,0.13382,,,,
250,04/14/2026 00:16:44,24.13,8.13,6.68,24.06,102.385,51218.5,52250.9,34.35,33292.04,101.380,0.13895,,,,
251,04/14/2026 00:18:44,24.13,8.13,6.68,24.05,102.350,51218.5,52257.6,34.35,33292.04,101.380,0.13551,,,,
252,04/14/2026 00:20:44,24.12,8.13,6.68,24.05,102.350,51198.1,52240.2,34.34,33278.80,101.380,0.13550,,,,
253,04/14/2026 00:22:44,24.11,8.13,6.68,24.05,102.367,51245.7,52292.1,34.38,33309.68,101.380,0.13721,,,,
254,04/14/2026 00:24:44,24.11,8.12,6.67,24.04,102.350,51242.9,52295.9,34.38,33307.86,101.380,0.13548,,,,
255,04/14/2026 00:26:44,24.10,8.13,6.67,24.04,102.350,51249.6,52306.2,34.39,33312.25,101.380,0.13547,,,,
256,04/14/2026 00:28:44,24.10,8.12,6.67,24.04,102.332,51257.0,52317.1,34.39,33317.06,101.380,0.13375,,,,
257,04/14/2026 00:30:44,24.10,8.12,6.67,24.03,102.315,51241.7,52304.9,34.38,33307.11,101.380,0.13203,,,,
258,04/14/2026 00:32:44,24.10,8.12,6.67,24.03,102.349,51237.1,52307.0,34.39,33304.13,101.380,0.13543,,,,
259,04/14/2026 00:34:44,24.09,8.12,6.67,24.02,102.315,51208.3,52281.0,34.37,33285.42,101.380,0.13200,,,,
260,04/14/2026 00:36:44,24.08,8.12,6.67,24.02,102.384,51152.4,52227.2,34.33,33249.03,101.380,0.13884,,,,
261,04/14/2026 00:38:44,24.08,8.12,6.67,24.02,102.349,51193.6,52272.6,34.36,33275.82,101.380,0.13541,,,,
262,04/14/2026 00:40:44,24.08,8.12,6.67,24.01,102.349,51169.3,52251.2,34.34,33260.03,101.380,0.13540,,,,
263,04/14/2026 00:42:44,24.08,8.12,6.67,24.01,102.366,51181.7,52267.3,34.36,33268.13,101.380,0.13711,,,,
264,04/14/2026 00:44:44,24.08,8.11,6.66,24.00,102.349,51199.3,52292.0,34.37,33279.54,101.380,0.13538,,,,
265,04/14/2026 00:46:44,24.07,8.12,6.67,24.00,102.349,51231.0,52327.8,34.40,33300.16,101.380,0.13537,,,,
266,04/14/2026 00:48:44,24.07,8.12,6.66,24.00,102.349,51271.8,52372.8,34.43,33326.69,101.380,0.13536,,,,
267,04/14/2026 00:50:44,24.06,8.11,6.66,23.99,102.366,51240.1,52347.2,34.41,33306.04,101.380,0.13706,,,,
268,04/14/2026 00:52:44,24.06,8.12,6.67,23.99,102.279,51224.3,52334.4,34.40,33295.77,101.380,0.12849,,,,
269,04/14/2026 00:54:44,24.06,8.11,6.66,23.99,102.348,51221.5,52334.9,34.40,33293.94,101.380,0.13533,,,,
270,04/14/2026 00:56:44,24.05,8.11,6.65,23.98,102.296,51270.8,52388.8,34.44,33326.05,101.380,0.13018,,,,
271,04/14/2026 00:58:44,24.05,8.11,6.66,23.98,102.296,51303.2,52425.2,34.47,33347.06,101.380,0.13017,,,,
272,04/14/2026 01:00:44,24.04,8.11,6.66,23.97,102.331,51311.1,52440.1,34.48,33352.20,101.380,0.13358,,,,
273,04/14/2026 01:02:44,24.04,8.11,6.66,23.97,102.279,51245.8,52376.7,34.43,33309.77,101.380,0.12844,,,,
274,04/14/2026 01:04:44,24.03,8.11,6.66,23.97,102.279,51273.0,52407.9,34.46,33327.44,101.380,0.12843,,,,
275,04/14/2026 01:06:44,24.03,8.11,6.66,23.97,102.244,51244.0,52381.7,34.44,33308.61,101.380,0.12499,,,,
276,04/14/2026 01:08:44,24.03,8.11,6.66,23.97,102.244,51223.6,52360.8,34.42,33295.35,101.380,0.12499,,,,
277,04/14/2026 01:10:44,24.03,8.11,6.66,23.97,102.262,51242.9,52380.5,34.44,33307.86,101.380,0.12671,,,,
278,04/14/2026 01:12:44,24.03,8.11,6.66,23.97,102.262,51278.6,52417.0,34.46,33331.09,101.380,0.12671,,,,
279,04/14/2026 01:14:44,24.03,8.11,6.66,23.97,102.262,51267.2,52402.0,34.45,33323.70,101.380,0.12672,,,,
280,04/14/2026 01:16:44,24.03,8.11,6.66,23.97,102.262,51282.5,52417.7,34.46,33333.65,101.380,0.12672,,,,
281,04/14/2026 01:18:44,24.03,8.10,6.65,23.97,102.279,51250.8,52385.2,34.44,33313.00,101.380,0.12843,,,,
282,04/14/2026 01:20:44,24.03,8.11,6.66,23.97,102.244,51277.4,52412.5,34.46,33330.33,101.380,0.12500,,,,
283,04/14/2026 01:22:44,24.03,8.11,6.66,23.97,102.262,51248.0,52382.3,34.44,33311.17,101.380,0.12672,,,,
284,04/14/2026 01:24:44,24.03,8.11,6.66,23.97,102.279,51255.9,52387.0,34.44,33316.31,101.380,0.12844,,,,
285,04/14/2026 01:26:44,24.03,8.10,6.65,23.97,102.296,51211.1,52341.3,34.41,33287.24,101.380,0.13015,,,,
286,04/14/2026 01:28:44,24.03,8.11,6.66,23.97,102.313,51268.9,52400.3,34.45,33324.77,101.380,0.13186,,,,
287,04/14/2026 01:30:44,24.04,8.10,6.65,23.97,102.296,51277.4,52409.0,34.46,33330.33,101.380,0.13015,,,,
288,04/14/2026 01:32:44,24.03,8.10,6.65,23.97,102.279,51300.7,52432.8,34.48,33345.44,101.380,0.12844,,,,
289,04/14/2026 01:34:44,24.03,8.10,6.65,23.97,102.296,51266.1,52397.4,34.45,33322.95,101.380,0.13015,,,,
290,04/14/2026 01:36:44,24.03,8.10,6.65,23.97,102.296,51223.0,52353.4,34.42,33294.94,101.380,0.13015,,,,
291,04/14/2026 01:38:44,24.03,8.09,6.65,23.97,102.210,51229.2,52359.7,34.42,33298.99,101.380,0.12159,,,,
292,04/14/2026 01:40:44,24.03,8.09,6.64,23.97,102.245,51253.6,52384.6,34.44,33314.82,101.380,0.12501,,,,
293,04/14/2026 01:42:44,24.03,8.10,6.65,23.97,102.244,51207.7,52341.2,34.41,33285.00,101.380,0.12500,,,,
294,04/14/2026 01:44:44,24.03,8.09,6.65,23.97,102.262,51225.3,52359.1,34.42,33296.43,101.380,0.12672,,,,
295,04/14/2026 01:46:44,24.03,8.09,6.64,23.97,102.244,51243.4,52377.6,34.43,33308.18,101.380,0.12500,,,,
296,04/14/2026 01:48:44,24.03,8.09,6.64,23.97,102.244,51273.5,52408.4,34.46,33327.76,101.380,0.12500,,,,
297,04/14/2026 01:50:44,24.03,8.09,6.64,23.97,102.262,51263.3,52401.3,34.45,33321.12,101.380,0.12671,,,,
298,04/14/2026 01:52:44,24.03,8.09,6.64,23.97,102.279,51276.3,52414.6,34.46,33329.59,101.380,0.12842,,,,
299,04/14/2026 01:54:44,24.03,8.09,6.64,23.97,102.262,51238.3,52375.8,34.43,33304.88,101.380,0.12671,,,,
300,04/14/2026 01:56:44,24.03,8.09,6.64,23.96,102.175,51244.5,52385.6,34.44,33308.93,101.380,0.11814,,,,
301,04/14/2026 01:58:44,24.03,8.09,6.64,23.96,102.244,51274.0,52415.7,34.46,33328.08,101.380,0.12499,,,,
302,04/14/2026 02:00:44,24.02,8.08,6.63,23.96,102.261,51270.0,52415.0,34.46,33325.51,101.380,0.12669,,,,
303,04/14/2026 02:02:44,24.02,8.09,6.64,23.96,102.210,51294.6,52440.2,34.48,33341.48,101.380,0.12155,,,,
304,04/14/2026 02:04:44,24.02,8.09,6.64,23.96,102.210,51311.1,52460.4,34.50,33352.20,101.380,0.12155,,,,
305,04/14/2026 02:06:44,24.03,8.08,6.63,23.96,102.244,51289.5,52438.3,34.48,33338.15,101.380,0.12497,,,,
306,04/14/2026 02:08:44,24.02,8.09,6.64,23.95,102.210,51225.9,52376.7,34.43,33296.84,101.380,0.12154,,,,
307,04/14/2026 02:10:44,24.02,8.08,6.64,23.95,102.227,51218.5,52372.5,34.43,33292.04,101.380,0.12324,,,,
308,04/14/2026 02:12:44,24.01,8.09,6.64,23.95,102.227,51336.0,52492.7,34.52,33368.39,101.380,0.12324,,,,
309,04/14/2026 02:14:44,24.02,8.09,6.64,23.95,102.192,51278.6,52437.3,34.48,33331.09,101.380,0.11981,,,,
310,04/14/2026 02:16:44,24.01,8.08,6.63,23.94,102.192,51216.2,52377.0,34.43,33290.55,101.380,0.11980,,,,
311,04/14/2026 02:18:44,24.01,8.08,6.63,23.94,102.158,51251.9,52416.8,34.46,33313.74,101.380,0.11637,,,,
312,04/14/2026 02:20:44,24.01,8.08,6.63,23.94,102.192,51245.2,52409.9,34.46,33309.36,101.380,0.11979,,,,
313,04/14/2026 02:22:44,24.01,8.09,6.64,23.94,102.175,51245.7,52413.8,34.46,33309.68,101.380,0.11807,,,,
314,04/14/2026 02:24:44,24.00,8.08,6.63,23.94,102.175,51277.4,52449.7,34.49,33330.33,101.380,0.11806,,,,
315,04/14/2026 02:26:44,24.00,8.08,6.63,23.93,102.175,51234.3,52409.0,34.46,33302.31,101.380,0.11805,,,,
316,04/14/2026 02:28:44,23.99,8.09,6.64,23.93,102.209,51243.4,52418.2,34.46,33308.18,101.380,0.12148,,,,
317,04/14/2026 02:30:44,23.99,8.09,6.64,23.93,102.192,51275.6,52454.7,34.49,33329.16,101.380,0.11976,,,,
318,04/14/2026 02:32:44,23.99,8.09,6.64,23.93,102.243,51223.0,52400.8,34.45,33294.94,101.380,0.12490,,,,
319,04/14/2026 02:34:44,23.99,8.09,6.64,23.93,102.226,51220.7,52401.8,34.45,33293.44,101.380,0.12318,,,,
320,04/14/2026 02:36:44,23.99,8.09,6.64,23.92,102.192,51292.1,52478.3,34.51,33339.86,101.380,0.11974,,,,
321,04/14/2026 02:38:44,23.99,8.09,6.64,23.92,102.192,51278.4,52464.3,34.50,33330.97,101.380,0.11974,,,,
322,04/14/2026 02:40:44,23.99,8.09,6.64,23.92,102.157,51302.8,52492.6,34.52,33346.82,101.380,0.11631,,,,
323,04/14/2026 02:42:44,23.99,8.09,6.64,23.92,102.157,51249.0,52437.6,34.48,33311.82,101.380,0.11631,,,,
324,04/14/2026 02:44:44,23.99,8.10,6.64,23.92,102.191,51281.2,52473.9,34.50,33332.79,101.380,0.11973,,,,
325,04/14/2026 02:46:44,23.99,8.09,6.64,23.92,102.191,51237.6,52429.3,34.47,33304.46,101.380,0.11973,,,,
326,04/14/2026 02:48:44,23.98,8.10,6.65,23.91,102.191,51268.2,52464.0,34.50,33324.34,101.380,0.11972,,,,
327,04/14/2026 02:50:44,23.98,8.09,6.64,23.91,102.191,51274.5,52473.8,34.50,33328.41,101.380,0.11971,,,,
328,04/14/2026 02:52:44,23.98,8.09,6.64,23.91,102.226,51262.0,52461.0,34.49,33320.27,101.380,0.12313,,,,
329,04/14/2026 02:54:44,23.98,8.09,6.64,23.91,102.260,51277.3,52480.1,34.51,33330.22,101.380,0.12655,,,,
330,04/14/2026 02:56:44,23.97,8.09,6.64,23.91,102.208,51283.0,52489.4,34.51,33333.97,101.380,0.12141,,,,
331,04/14/2026 02:58:44,23.98,8.08,6.63,23.91,102.225,51242.7,52448.2,34.48,33307.77,101.380,0.12312,,,,
332,04/14/2026 03:00:44,23.97,8.09,6.64,23.90,102.225,51261.5,52470.7,34.50,33319.95,101.380,0.12311,,,,
333,04/14/2026 03:02:44,23.97,8.09,6.64,23.90,102.243,51275.6,52485.2,34.51,33329.16,101.380,0.12482,,,,
334,04/14/2026 03:04:44,23.97,8.08,6.63,23.90,102.277,51274.5,52487.4,34.51,33328.41,101.380,0.12824,,,,
335,04/14/2026 03:06:44,23.97,8.09,6.64,23.90,102.191,51311.4,52525.2,34.54,33352.39,101.380,0.11968,,,,
336,04/14/2026 03:08:44,23.97,8.08,6.63,23.90,102.225,51256.4,52468.9,34.50,33316.64,101.380,0.12310,,,,
337,04/14/2026 03:10:44,23.96,8.08,6.63,23.90,102.260,51253.6,52466.0,34.50,33314.82,101.380,0.12653,,,,
338,04/14/2026 03:12:44,23.96,8.08,6.63,23.90,102.277,51257.0,52469.6,34.50,33317.06,101.380,0.12824,,,,
339,04/14/2026 03:14:44,23.97,8.09,6.64,23.90,102.243,51313.9,52527.8,34.54,33354.02,101.380,0.12481,,,,
340,04/14/2026 03:16:44,23.96,8.08,6.63,23.90,102.277,51281.4,52494.5,34.52,33332.90,101.380,0.12824,,,,
341,04/14/2026 03:18:44,23.97,8.08,6.63,23.90,102.243,51256.4,52468.9,34.50,33316.64,101.380,0.12481,,,,
342,04/14/2026 03:20:44,23.96,8.08,6.63,23.90,102.243,51272.8,52485.8,34.51,33327.34,101.380,0.12481,,,,
343,04/14/2026 03:22:44,23.96,8.08,6.63,23.90,102.208,51214.5,52426.0,34.47,33289.39,101.380,0.12139,,,,
344,04/14/2026 03:24:44,23.97,8.08,6.63,23.90,102.208,51255.2,52467.7,34.50,33315.89,101.380,0.12139,,,,
345,04/14/2026 03:26:44,23.97,8.07,6.63,23.90,102.225,51269.4,52482.2,34.51,33325.09,101.380,0.12310,,,,
346,04/14/2026 03:28:44,23.96,8.08,6.63,23.90,102.225,51279.6,52492.7,34.52,33331.72,101.380,0.12310,,,,
347,04/14/2026 03:30:44,23.96,8.08,6.63,23.90,102.243,51243.9,52456.1,34.49,33308.51,101.380,0.12481,,,,
348,04/14/2026 03:32:44,23.96,8.08,6.63,23.90,102.208,51293.7,52507.2,34.53,33340.93,101.380,0.12139,,,,
349,04/14/2026 03:34:44,23.96,8.08,6.63,23.90,102.191,51241.1,52453.2,34.49,33306.70,101.380,0.11968,,,,
350,04/14/2026 03:36:44,23.96,8.08,6.63,23.90,102.191,51288.1,52501.4,34.52,33337.29,101.380,0.11968,,,,
351,04/14/2026 03:38:44,23.96,8.08,6.63,23.90,102.191,51316.5,52527.0,34.54,33355.72,101.380,0.11969,,,,
352,04/14/2026 03:40:44,23.97,8.08,6.63,23.90,102.174,51294.9,52508.3,34.53,33341.68,101.380,0.11796,,,,
353,04/14/2026 03:42:44,23.96,8.08,6.63,23.90,102.243,51310.2,52520.6,34.54,33351.64,101.380,0.12482,,,,
354,04/14/2026 03:44:44,23.96,8.08,6.63,23.90,102.225,51321.6,52535.7,34.55,33359.04,101.380,0.12310,,,,
355,04/14/2026 03:46:44,23.97,8.08,6.63,23.90,102.174,51306.3,52516.6,34.53,33349.07,101.380,0.11797,,,,
356,04/14/2026 03:48:44,23.96,8.08,6.63,23.90,102.208,51350.7,52562.0,34.57,33377.93,101.380,0.12140,,,,
357,04/14/2026 03:50:44,23.96,8.09,6.64,23.90,102.243,51283.0,52492.8,34.52,33333.97,101.380,0.12482,,,,
358,04/14/2026 03:52:44,23.96,8.08,6.63,23.90,102.225,51264.3,52473.6,34.50,33321.78,101.380,0.12311,,,,
359,04/14/2026 03:54:44,23.97,8.08,6.63,23.90,102.191,51314.2,52524.7,34.54,33354.21,101.380,0.11969,,,,
360,04/14/2026 03:56:44,23.97,8.09,6.63,23.91,102.157,51283.0,52489.4,34.51,33333.97,101.380,0.11627,,,,
361,04/14/2026 03:58:44,23.96,8.09,6.64,23.91,102.226,51257.5,52459.9,34.49,33317.38,101.380,0.12313,,,,
362,04/14/2026 04:00:44,23.97,8.08,6.63,23.91,102.174,51305.1,52508.6,34.53,33348.32,101.380,0.11799,,,,
363,04/14/2026 04:02:44,23.97,8.09,6.63,23.91,102.174,51336.9,52541.2,34.55,33369.02,101.380,0.11799,,,,
364,04/14/2026 04:04:44,23.98,8.09,6.64,23.91,102.157,51305.1,52505.2,34.53,33348.32,101.380,0.11628,,,,
365,04/14/2026 04:06:44,23.97,8.09,6.64,23.91,102.174,51313.7,52510.6,34.53,33353.89,101.380,0.11801,,,,
366,04/14/2026 04:08:44,23.98,8.09,6.64,23.91,102.191,51278.4,52474.5,34.50,33330.97,101.380,0.11972,,,,
367,04/14/2026 04:10:44,23.98,8.09,6.64,23.92,102.209,51316.5,52510.0,34.53,33355.72,101.380,0.12144,,,,
368,04/14/2026 04:12:44,23.98,8.10,6.64,23.92,102.243,51330.7,52521.2,34.54,33364.93,101.380,0.12487,,,,
369,04/14/2026 04:14:44,23.98,8.10,6.65,23.92,102.209,51209.4,52397.0,34.45,33286.09,101.380,0.12145,,,,
370,04/14/2026 04:16:44,23.99,8.09,6.64,23.92,102.226,51223.5,52411.5,34.46,33295.27,101.380,0.12316,,,,
371,04/14/2026 04:18:44,23.98,8.10,6.65,23.92,102.192,51307.9,52494.5,34.52,33350.14,101.380,0.11974,,,,
372,04/14/2026 04:20:44,23.99,8.10,6.65,23.92,102.174,51278.4,52464.3,34.50,33330.97,101.380,0.11803,,,,
373,04/14/2026 04:22:44,23.99,8.10,6.65,23.92,102.209,51297.7,52484.0,34.51,33343.50,101.380,0.12145,,,,
374,04/14/2026 04:24:44,23.99,8.10,6.64,23.93,102.192,51282.4,52465.0,34.50,33333.55,101.380,0.11975,,,,
375,04/14/2026 04:26:44,23.99,8.10,6.65,23.92,102.174,51281.2,52467.2,34.50,33332.79,101.380,0.11803,,,,
376,04/14/2026 04:28:44,23.99,8.10,6.65,23.93,102.192,51269.4,52451.7,34.49,33325.09,101.380,0.11975,,,,
377,04/14/2026 04:30:44,23.99,8.10,6.65,23.93,102.209,51270.5,52452.8,34.49,33325.84,101.380,0.12146,,,,
378,04/14/2026 04:32:44,23.99,8.10,6.65,23.93,102.209,51243.9,52425.6,34.47,33308.51,101.380,0.12146,,,,
379,04/14/2026 04:34:44,23.99,8.10,6.65,23.93,102.192,51218.9,52400.0,34.45,33292.29,101.380,0.11975,,,,
380,04/14/2026 04:36:44,23.99,8.10,6.65,23.93,102.174,51247.8,52429.6,34.47,33311.08,101.380,0.11804,,,,
381,04/14/2026 04:38:44,23.99,8.10,6.65,23.93,102.261,51249.5,52431.3,34.47,33312.16,101.380,0.12660,,,,
382,04/14/2026 04:40:44,23.99,8.10,6.65,23.93,102.209,51245.5,52427.3,34.47,33309.59,101.380,0.12146,,,,
383,04/14/2026 04:42:44,23.99,8.10,6.65,23.93,102.226,51258.0,52440.0,34.48,33317.71,101.380,0.12318,,,,
384,04/14/2026 04:44:44,23.99,8.09,6.64,23.93,102.192,51276.1,52458.6,34.49,33329.48,101.380,0.11975,,,,
385,04/14/2026 04:46:44,23.99,8.10,6.65,23.93,102.192,51213.3,52394.3,34.44,33288.64,101.380,0.11975,,,,
386,04/14/2026 04:48:44,23.99,8.09,6.64,23.93,102.209,51258.0,52440.0,34.48,33317.71,101.380,0.12146,,,,
387,04/14/2026 04:50:44,23.99,8.09,6.64,23.93,102.226,51278.4,52460.9,34.49,33330.97,101.380,0.12318,,,,
388,04/14/2026 04:52:44,23.99,8.09,6.64,23.93,102.192,51259.7,52441.7,34.48,33318.78,101.380,0.11975,,,,
389,04/14/2026 04:54:44,23.99,8.09,6.64,23.93,102.209,51267.6,52449.8,34.49,33323.91,101.380,0.12146,,,,
390,04/14/2026 04:56:44,23.99,8.09,6.64,23.93,102.209,51276.1,52458.6,34.49,33329.48,101.380,0.12146,,,,
391,04/14/2026 04:58:44,23.99,8.09,6.64,23.93,102.226,51208.7,52389.6,34.44,33285.67,101.380,0.12318,,,,
392,04/14/2026 05:00:44,23.99,8.09,6.64,23.93,102.209,51239.3,52420.9,34.46,33305.53,101.380,0.12146,,,,
393,04/14/2026 05:02:44,23.99,8.09,6.64,23.93,102.209,51243.2,52424.9,34.47,33308.09,101.380,0.12146,,,,
394,04/14/2026 05:04:44,23.99,8.09,6.64,23.93,102.243,51243.2,52424.9,34.47,33308.09,101.380,0.12489,,,,
395,04/14/2026 05:06:44,23.99,8.08,6.63,23.93,102.192,51235.3,52416.8,34.46,33302.96,101.380,0.11975,,,,
396,04/14/2026 05:08:44,23.99,8.08,6.64,23.93,102.243,51252.4,52434.3,34.47,33314.07,101.380,0.12489,,,,
397,04/14/2026 05:10:44,23.99,8.08,6.64,23.93,102.261,51258.7,52440.7,34.48,33318.14,101.380,0.12660,,,,
398,04/14/2026 05:12:44,23.99,8.08,6.64,23.93,102.226,51258.7,52440.7,34.48,33318.14,101.380,0.12318,,,,
399,04/14/2026 05:14:44,23.99,8.08,6.63,23.93,102.243,51228.1,52409.4,34.46,33298.25,101.380,0.12489,,,,
400,04/14/2026 05:16:44,23.99,8.08,6.63,23.93,102.243,51284.7,52467.3,34.50,33335.04,101.380,0.12489,,,,
401,04/14/2026 05:18:44,23.99,8.09,6.64,23.92,102.260,51231.4,52416.2,34.46,33300.40,101.380,0.12659,,,,
402,04/14/2026 05:20:44,23.99,8.08,6.63,23.92,102.260,51278.4,52464.3,34.50,33330.97,101.380,0.12659,,,,
403,04/14/2026 05:22:44,23.99,8.09,6.64,23.92,102.260,51269.9,52455.5,34.49,33325.41,101.380,0.12659,,,,
404,04/14/2026 05:24:44,23.99,8.09,6.64,23.92,102.295,51225.1,52413.2,34.46,33296.34,101.380,0.13001,,,,
405,04/14/2026 05:26:44,23.99,8.09,6.64,23.92,102.260,51253.4,52442.1,34.48,33314.72,101.380,0.12659,,,,
406,04/14/2026 05:28:44,23.98,8.09,6.64,23.92,102.243,51251.1,52443.1,34.48,33313.23,101.380,0.12486,,,,
407,04/14/2026 05:30:44,23.98,8.09,6.64,23.91,102.277,51288.0,52484.3,34.51,33337.18,101.380,0.12828,,,,
408,04/14/2026 05:32:44,23.98,8.09,6.64,23.91,102.243,51265.3,52461.0,34.49,33322.42,101.380,0.12486,,,,
409,04/14/2026 05:34:44,23.98,8.10,6.65,23.91,102.295,51253.4,52452.3,34.49,33314.72,101.380,0.12998,,,,
410,04/14/2026 05:36:44,23.98,8.09,6.64,23.91,102.295,51226.8,52425.1,34.47,33297.42,101.380,0.12998,,,,
411,04/14/2026 05:38:44,23.98,8.10,6.64,23.91,102.294,51271.5,52474.2,34.50,33326.48,101.380,0.12998,,,,
412,04/14/2026 05:40:44,23.97,8.09,6.64,23.91,102.312,51293.6,52496.8,34.52,33340.81,101.380,0.13169,,,,
413,04/14/2026 05:42:44,23.97,8.10,6.64,23.91,102.329,51255.1,52460.8,34.49,33315.79,101.380,0.13339,,,,
414,04/14/2026 05:44:44,23.97,8.10,6.64,23.90,102.329,51238.6,52447.4,34.48,33305.11,101.380,0.13338,,,,
415,04/14/2026 05:46:44,23.97,8.10,6.65,23.90,102.329,51281.7,52494.9,34.52,33333.11,101.380,0.13338,,,,
416,04/14/2026 05:48:44,23.97,8.10,6.64,23.90,102.277,51265.3,52481.4,34.51,33322.42,101.380,0.12823,,,,
417,04/14/2026 05:50:44,23.96,8.10,6.64,23.89,102.328,51261.3,52480.8,34.51,33319.86,101.380,0.13336,,,,
418,04/14/2026 05:52:44,23.96,8.09,6.64,23.89,102.277,51285.7,52509.1,34.53,33335.68,101.380,0.12821,,,,
419,04/14/2026 05:54:44,23.95,8.10,6.64,23.89,102.328,51261.3,52487.5,34.51,33319.86,101.380,0.13334,,,,
420,04/14/2026 05:56:44,23.95,8.10,6.65,23.88,102.345,51269.2,52499.0,34.52,33324.98,101.380,0.13505,,,,
421,04/14/2026 05:58:44,23.96,8.10,6.65,23.88,102.328,51238.6,52471.1,34.50,33305.11,101.380,0.13333,,,,
422,04/14/2026 06:00:44,23.95,8.09,6.64,23.88,102.345,51248.8,52481.6,34.51,33311.74,101.380,0.13504,,,,
423,04/14/2026 06:02:44,23.94,8.10,6.65,23.88,102.328,51212.7,52447.9,34.48,33288.24,101.380,0.13332,,,,
424,04/14/2026 06:04:44,23.94,8.10,6.64,23.88,102.362,51228.4,52467.5,34.50,33298.49,101.380,0.13674,,,,
425,04/14/2026 06:06:44,23.94,8.10,6.65,23.87,102.380,51257.4,52500.5,34.52,33317.29,101.380,0.13844,,,,
426,04/14/2026 06:08:44,23.94,8.09,6.64,23.87,102.397,51265.3,52512.0,34.53,33322.42,101.380,0.14014,,,,
427,04/14/2026 06:10:44,23.94,8.10,6.65,23.87,102.345,51196.3,52444.7,34.48,33277.57,101.380,0.13500,,,,
428,04/14/2026 06:12:44,23.93,8.10,6.65,23.86,102.362,51208.7,52460.9,34.49,33285.67,101.380,0.13670,,,,
429,04/14/2026 06:14:44,23.93,8.10,6.65,23.86,102.345,51255.1,52511.7,34.53,33315.79,101.380,0.13498,,,,
430,04/14/2026 06:16:44,23.92,8.10,6.65,23.86,102.327,51197.9,52456.6,34.49,33278.65,101.380,0.13326,,,,
431,04/14/2026 06:18:44,23.92,8.11,6.65,23.85,102.327,51240.9,52504.1,34.52,33306.61,101.380,0.13325,,,,
432,04/14/2026 06:20:44,23.92,8.10,6.65,23.85,102.327,51197.9,52463.4,34.49,33278.65,101.380,0.13324,,,,
433,04/14/2026 06:22:44,23.92,8.11,6.65,23.85,102.344,51256.7,52527.0,34.54,33316.86,101.380,0.13495,,,,
434,04/14/2026 06:24:44,23.92,8.10,6.65,23.85,102.310,51161.8,52433.2,34.47,33255.19,101.380,0.13152,,,,
435,04/14/2026 06:26:44,23.91,8.10,6.65,23.85,102.310,51234.7,52507.9,34.52,33302.55,101.380,0.13152,,,,
436,04/14/2026 06:28:44,23.91,8.11,6.65,23.84,102.361,51237.0,52513.6,34.53,33304.04,101.380,0.13665,,,,
437,04/14/2026 06:30:44,23.91,8.11,6.65,23.84,102.344,51198.6,52474.2,34.50,33279.06,101.380,0.13493,,,,
438,04/14/2026 06:32:44,23.91,8.11,6.66,23.84,102.379,51216.6,52492.8,34.51,33290.80,101.380,0.13836,,,,
439,04/14/2026 06:34:44,23.91,8.12,6.67,23.84,102.344,51202.5,52478.3,34.50,33281.62,101.380,0.13493,,,,
440,04/14/2026 06:36:44,23.90,8.12,6.67,23.85,102.396,51183.8,52455.7,34.49,33269.48,101.380,0.14008,,,,
441,04/14/2026 06:38:44,23.90,8.12,6.67,23.85,102.327,51206.4,52475.5,34.50,33284.18,101.380,0.13324,,,,
442,04/14/2026 06:40:44,23.91,8.14,6.68,23.85,102.379,51220.6,52486.6,34.51,33293.36,101.380,0.13838,,,,
443,04/14/2026 06:42:44,23.92,8.14,6.68,23.85,102.327,51197.9,52460.0,34.49,33278.65,101.380,0.13325,,,,
444,04/14/2026 06:44:44,23.92,8.14,6.68,23.86,102.379,51190.0,52448.5,34.48,33273.52,101.380,0.13840,,,,
445,04/14/2026 06:46:44,23.92,8.15,6.68,23.86,102.379,51251.1,52507.7,34.52,33313.23,101.380,0.13841,,,,
446,04/14/2026 06:48:44,23.93,8.14,6.68,23.86,102.345,51265.9,52519.5,34.53,33322.84,101.380,0.13499,,,,
447,04/14/2026 06:50:44,23.93,8.16,6.70,23.87,102.379,51210.4,52459.2,34.49,33286.75,101.380,0.13842,,,,
448,04/14/2026 06:52:44,23.94,8.16,6.70,23.87,102.311,51234.7,52480.7,34.51,33302.55,101.380,0.13158,,,,
449,04/14/2026 06:54:44,23.94,8.16,6.70,23.88,102.397,51244.9,52484.3,34.51,33309.17,101.380,0.14016,,,,
450,04/14/2026 06:56:44,23.94,8.17,6.70,23.88,102.397,51316.3,52554.0,34.56,33355.59,101.380,0.14017,,,,
451,04/14/2026 06:58:44,23.94,8.18,6.71,23.88,102.414,51285.7,52515.9,34.53,33335.68,101.380,0.14190,,,,
452,04/14/2026 07:00:44,23.95,8.18,6.71,23.89,102.415,51242.6,52461.6,34.49,33307.68,101.380,0.14192,,,,
453,04/14/2026 07:02:44,23.94,8.19,6.72,23.90,102.397,51301.5,52515.1,34.53,33345.95,101.380,0.14023,,,,
454,04/14/2026 07:04:44,23.96,8.20,6.73,23.91,102.380,51324.2,52531.6,34.54,33360.73,101.380,0.13853,,,,
455,04/14/2026 07:06:44,23.97,8.21,6.74,23.91,102.398,51299.8,52496.4,34.52,33344.88,101.380,0.14027,,,,
456,04/14/2026 07:08:44,23.98,8.23,6.75,23.93,102.433,51328.2,52511.8,34.53,33363.30,101.380,0.14373,,,,
457,04/14/2026 07:10:44,23.99,8.24,6.76,23.94,102.364,51291.3,52463.9,34.50,33339.32,101.380,0.13690,,,,
458,04/14/2026 07:12:44,23.99,8.25,6.77,23.95,102.382,51332.1,52492.1,34.52,33365.86,101.380,0.13865,,,,
459,04/14/2026 07:14:44,24.01,8.25,6.77,23.96,102.399,51362.8,52513.2,34.53,33385.80,101.380,0.14038,,,,
460,04/14/2026 07:16:44,24.02,8.27,6.79,23.97,102.382,51352.6,52489.2,34.52,33379.16,101.380,0.13870,,,,
461,04/14/2026 07:18:44,24.03,8.26,6.78,23.98,102.434,51338.4,52464.5,34.50,33369.94,101.380,0.14386,,,,
462,04/14/2026 07:20:44,24.04,8.28,6.79,23.99,102.383,51397.5,52511.3,34.53,33408.35,101.380,0.13876,,,,
463,04/14/2026 07:22:44,24.04,8.29,6.80,24.00,102.366,51358.8,52461.7,34.50,33383.24,101.380,0.13707,,,,
464,04/14/2026 07:24:44,24.06,8.29,6.81,24.01,102.349,51425.9,52516.6,34.54,33426.82,101.380,0.13539,,,,
465,04/14/2026 07:26:44,24.07,8.31,6.82,24.03,102.401,51403.0,52476.4,34.51,33411.97,101.380,0.14057,,,,
466,04/14/2026 07:28:44,24.09,8.32,6.83,24.04,102.384,51413.3,52473.3,34.51,33418.64,101.380,0.13889,,,,
467,04/14/2026 07:30:44,24.09,8.33,6.84,24.05,102.402,51441.7,52485.3,34.52,33437.11,101.380,0.14065,,,,
468,04/14/2026 07:32:44,24.11,8.35,6.85,24.07,102.437,51456.7,52483.6,34.52,33446.83,101.380,0.14411,,,,
469,04/14/2026 07:34:44,24.13,8.36,6.86,24.09,102.420,51504.1,52511.7,34.54,33477.66,101.380,0.14245,,,,
470,04/14/2026 07:36:44,24.14,8.37,6.87,24.10,102.403,51541.3,52529.3,34.55,33501.85,101.380,0.14079,,,,
471,04/14/2026 07:38:44,24.17,8.38,6.88,24.13,102.386,51502.5,52466.0,34.51,33476.61,101.380,0.13913,,,,
472,04/14/2026 07:40:44,24.17,8.39,6.89,24.15,102.370,51514.4,52454.5,34.50,33484.34,101.380,0.13748,,,,
473,04/14/2026 07:42:44,24.20,8.41,6.90,24.17,102.422,51604.8,52522.8,34.55,33543.11,101.380,0.14267,,,,
474,04/14/2026 07:44:44,24.22,8.42,6.92,24.19,102.388,51534.2,52424.0,34.48,33497.23,101.380,0.13931,,,,
475,04/14/2026 07:46:44,24.24,8.45,6.93,24.21,102.441,51571.4,52438.2,34.49,33521.44,101.380,0.14451,,,,
476,04/14/2026 07:48:44,24.27,8.46,6.94,24.24,102.424,51587.3,52427.3,34.49,33531.76,101.380,0.14286,,,,
477,04/14/2026 07:50:44,24.29,8.47,6.96,24.26,102.425,51638.9,52449.4,34.50,33565.32,101.380,0.14294,,,,
478,04/14/2026 07:52:44,24.32,8.49,6.97,24.29,102.443,51707.4,52488.6,34.54,33609.82,101.380,0.14472,,,,
479,04/14/2026 07:54:44,24.35,8.50,6.98,24.32,102.461,51698.6,52445.9,34.51,33604.11,101.380,0.14652,,,,
480,04/14/2026 07:56:44,24.37,8.53,7.00,24.35,102.444,51723.3,52437.3,34.50,33620.16,101.380,0.14489,,,,
481,04/14/2026 07:58:44,24.40,8.54,7.01,24.38,102.445,51783.2,52460.9,34.52,33659.07,101.380,0.14498,,,,
482,04/14/2026 08:00:44,24.44,8.56,7.03,24.42,102.446,51811.9,52456.4,34.52,33677.76,101.380,0.14507,,,,
483,04/14/2026 08:02:44,24.47,8.57,7.04,24.44,102.447,51793.6,52407.5,34.48,33665.82,101.380,0.14514,,,,
484,04/14/2026 08:04:44,24.49,8.57,7.04,24.47,102.465,51868.0,52452.5,34.52,33714.18,101.380,0.14693,,,,
485,04/14/2026 08:06:44,24.52,8.59,7.05,24.49,102.483,51896.8,52454.7,34.52,33732.93,101.380,0.14871,,,,
486,04/14/2026 08:08:44,24.54,8.58,7.05,24.51,102.414,51904.8,52439.3,34.51,33738.11,101.380,0.14191,,,,
487,04/14/2026 08:10:44,24.57,8.58,7.05,24.54,102.398,51953.0,52464.4,34.53,33769.46,101.380,0.14026,,,,
488,04/14/2026 08:12:44,24.59,8.58,7.05,24.55,102.433,51938.6,52429.7,34.51,33760.06,101.380,0.14373,,,,
489,04/14/2026 08:14:44,24.60,8.59,7.05,24.57,102.450,51957.0,52428.2,34.51,33772.05,101.380,0.14550,,,,
490,04/14/2026 08:16:44,24.62,8.60,7.07,24.59,102.468,51950.5,52398.2,34.48,33767.86,101.380,0.14727,,,,
491,04/14/2026 08:18:44,24.65,8.60,7.06,24.62,102.417,51992.4,52413.6,34.50,33795.05,101.380,0.14220,,,,
492,04/14/2026 08:20:44,24.67,8.62,7.08,24.64,102.452,52023.8,52415.1,34.50,33815.46,101.380,0.14570,,,,
493,04/14/2026 08:22:44,24.69,8.63,7.09,24.67,102.453,52080.2,52441.8,34.52,33852.16,101.380,0.14577,,,,
494,04/14/2026 08:24:44,24.73,8.64,7.10,24.70,102.454,52098.8,52426.9,34.51,33864.19,101.380,0.14586,,,,
495,04/14/2026 08:26:44,24.75,8.65,7.11,24.73,102.472,52109.3,52404.0,34.50,33871.02,101.380,0.14765,,,,
496,04/14/2026 08:28:44,24.78,8.67,7.12,24.77,102.490,52222.6,52481.1,34.56,33944.70,101.380,0.14946,,,,
497,04/14/2026 08:30:44,24.82,8.68,7.13,24.80,102.440,52228.1,52449.8,34.53,33948.27,101.380,0.14441,,,,
498,04/14/2026 08:32:44,24.85,8.69,7.14,24.83,102.475,52258.3,52443.4,34.53,33967.92,101.380,0.14793,,,,
499,04/14/2026 08:34:44,24.87,8.71,7.16,24.86,102.493,52283.5,52435.2,34.53,33984.27,101.380,0.14973,,,,
500,04/14/2026 08:36:44,24.91,8.72,7.16,24.90,102.425,52294.1,52409.1,34.51,33991.14,101.380,0.14297,,,,
501,04/14/2026 08:38:44,24.94,8.74,7.18,24.93,102.443,52336.4,52411.5,34.51,34018.68,101.380,0.14478,,,,
502,04/14/2026 08:40:44,24.98,8.75,7.19,24.97,102.496,52381.8,52413.5,34.52,34048.16,101.380,0.15003,,,,
503,04/14/2026 08:42:44,25.02,8.77,7.20,25.01,102.480,52426.9,52418.6,34.52,34077.45,101.380,0.14842,,,,
504,04/14/2026 08:44:44,25.06,8.79,7.23,25.04,102.481,52445.2,52397.0,34.51,34089.40,101.380,0.14852,,,,
505,04/14/2026 08:46:44,25.08,8.81,7.24,25.08,102.516,52487.0,52398.8,34.51,34116.54,101.380,0.15204,,,,
506,04/14/2026 08:48:44,25.12,8.82,7.25,25.12,102.466,52529.6,52401.4,34.51,34144.25,101.380,0.14701,,,,
507,04/14/2026 08:50:44,25.16,8.84,7.27,25.15,102.484,52604.4,52436.1,34.54,34192.87,101.380,0.14882,,,,
508,04/14/2026 08:52:44,25.19,8.85,7.28,25.19,102.485,52589.7,52381.5,34.50,34183.29,101.380,0.14892,,,,
509,04/14/2026 08:54:44,25.23,8.86,7.29,25.22,102.503,52642.0,52397.0,34.52,34217.29,101.380,0.15073,,,,
510,04/14/2026 08:56:44,25.26,8.87,7.30,25.26,102.556,52684.9,52403.2,34.52,34245.16,101.380,0.15596,,,,
511,04/14/2026 08:58:44,25.30,8.89,7.31,25.29,102.470,52706.3,52391.4,34.52,34259.12,101.380,0.14748,,,,
512,04/14/2026 09:00:44,25.33,8.90,7.32,25.32,102.506,52711.8,52360.3,34.49,34262.66,101.380,0.15100,,,,
513,04/14/2026 09:02:44,25.36,8.92,7.33,25.35,102.489,52787.1,52402.0,34.53,34311.58,101.380,0.14937,,,,
514,04/14/2026 09:04:44,25.40,8.93,7.34,25.38,102.508,52835.5,52413.6,34.54,34343.08,101.380,0.15117,,,,
515,04/14/2026 09:06:44,25.42,8.95,7.36,25.42,102.508,52845.0,52386.6,34.52,34349.25,101.380,0.15127,,,,
516,04/14/2026 09:08:44,25.46,8.96,7.37,25.45,102.492,52840.9,52346.2,34.49,34346.61,101.380,0.14965,,,,
517,04/14/2026 09:10:44,25.49,8.98,7.38,25.48,102.510,52965.3,52432.9,34.56,34427.45,101.380,0.15145,,,,
518,04/14/2026 09:12:44,25.52,8.98,7.38,25.52,102.494,52958.5,52389.9,34.53,34423.05,101.380,0.14984,,,,
519,04/14/2026 09:14:44,25.56,8.99,7.40,25.55,102.495,52930.1,52325.5,34.48,34404.58,101.380,0.14993,,,,
520,04/14/2026 09:16:44,25.59,9.00,7.41,25.58,102.513,53010.0,52374.7,34.52,34456.53,101.380,0.15172,,,,
521,04/14/2026 09:18:44,25.61,9.01,7.41,25.61,102.497,53053.5,52384.6,34.53,34484.77,101.380,0.15009,,,,
522,04/14/2026 09:20:44,25.65,9.01,7.41,25.63,102.497,53061.6,52366.3,34.51,34490.06,101.380,0.15016,,,,
523,04/14/2026 09:22:44,25.67,9.01,7.41,25.66,102.515,53133.8,52411.1,34.55,34536.96,101.380,0.15194,,,,
524,04/14/2026 09:24:44,25.70,9.02,7.41,25.68,102.499,53192.4,52442.5,34.57,34575.07,101.380,0.15029,,,,
525,04/14/2026 09:26:44,25.73,9.03,7.42,25.71,102.517,53112.0,52336.8,34.49,34522.79,101.380,0.15208,,,,
526,04/14/2026 09:28:44,25.75,9.03,7.43,25.73,102.466,53170.6,52368.2,34.52,34560.88,101.380,0.14701,,,,
527,04/14/2026 09:30:44,25.77,9.05,7.44,25.76,102.501,53178.7,52346.7,34.50,34566.18,101.380,0.15051,,,,
528,04/14/2026 09:32:44,25.80,9.06,7.45,25.78,102.484,53227.8,52365.4,34.52,34598.09,101.380,0.14887,,,,
529,04/14/2026 09:34:44,25.83,9.07,7.46,25.82,102.485,53268.8,52362.9,34.52,34624.74,101.380,0.14898,,,,
530,04/14/2026 09:36:44,25.86,9.08,7.47,25.87,102.452,53357.9,52397.8,34.55,34682.61,101.380,0.14569,,,,
531,04/14/2026 09:38:44,25.91,9.08,7.47,25.91,102.488,53396.5,52396.2,34.55,34707.71,101.380,0.14922,,,,
532,04/14/2026 09:40:44,25.94,9.10,7.48,25.93,102.437,53345.6,52320.1,34.49,34674.64,101.380,0.14415,,,,
533,04/14/2026 09:42:44,25.97,9.08,7.47,25.95,102.506,53421.3,52371.3,34.53,34723.86,101.380,0.15106,,,,
534,04/14/2026 09:44:44,26.00,9.07,7.46,25.98,102.490,53371.9,52300.0,34.48,34691.75,101.380,0.14941,,,,
535,04/14/2026 09:46:44,26.02,9.07,7.46,25.99,102.473,53435.2,52342.2,34.51,34732.86,101.380,0.14775,,,,
536,04/14/2026 09:48:44,26.04,9.06,7.45,26.02,102.508,53505.5,52388.1,34.55,34778.57,101.380,0.15124,,,,
537,04/14/2026 09:50:44,26.06,9.06,7.46,26.03,102.491,53524.8,52387.4,34.55,34791.09,101.380,0.14957,,,,
538,04/14/2026 09:52:44,26.08,9.08,7.47,26.06,102.509,53542.8,52382.0,34.54,34802.80,101.380,0.15135,,,,
539,04/14/2026 09:54:44,26.10,9.11,7.50,26.09,102.545,53582.6,52381.6,34.55,34828.68,101.380,0.15488,,,,
540,04/14/2026 09:56:44,26.13,9.15,7.53,26.13,102.529,53600.6,52356.7,34.53,34840.42,101.380,0.15327,,,,
541,04/14/2026 09:58:44,26.18,9.18,7.56,26.18,102.478,53731.1,52428.4,34.58,34925.21,101.380,0.14828,,,,
542,04/14/2026 10:00:44,26.22,9.22,7.59,26.25,102.532,53735.2,52363.7,34.54,34927.89,101.380,0.15360,,,,
543,04/14/2026 10:02:44,26.28,9.24,7.60,26.32,102.499,53863.3,52413.2,34.58,35011.16,101.380,0.15037,,,,
544,04/14/2026 10:04:44,26.35,9.27,7.63,26.39,102.553,53928.8,52401.7,34.57,35053.70,101.380,0.15571,,,,
545,04/14/2026 10:06:44,26.41,9.27,7.63,26.45,102.451,54025.7,52433.9,34.60,35116.72,101.380,0.14560,,,,
546,04/14/2026 10:08:44,26.47,9.27,7.64,26.49,102.556,53974.8,52335.6,34.53,35083.64,101.380,0.15601,,,,
547,04/14/2026 10:10:44,26.53,9.29,7.65,26.54,102.523,54064.8,52370.7,34.56,35142.13,101.380,0.15272,,,,
548,04/14/2026 10:12:44,26.58,9.28,7.64,26.58,102.490,54035.2,52299.7,34.51,35122.85,101.380,0.14940,,,,
549,04/14/2026 10:14:44,26.62,9.27,7.63,26.61,102.525,54114.0,52340.3,34.54,35174.13,101.380,0.15293,,,,
550,04/14/2026 10:16:44,26.65,9.25,7.62,26.65,102.509,54133.6,52320.3,34.52,35186.86,101.380,0.15132,,,,
551,04/14/2026 10:18:44,26.69,9.25,7.62,26.69,102.459,54137.8,52278.8,34.50,35189.55,101.380,0.14630,,,,
552,04/14/2026 10:20:44,26.72,9.26,7.62,26.74,102.546,54201.5,52294.9,34.51,35230.94,101.380,0.15499,,,,
553,04/14/2026 10:22:44,26.78,9.25,7.62,26.78,102.513,54256.2,52302.3,34.52,35266.52,101.380,0.15168,,,,
554,04/14/2026 10:24:44,26.81,9.25,7.62,26.82,102.548,54267.5,52274.3,34.50,35273.89,101.380,0.15521,,,,
555,04/14/2026 10:26:44,26.85,9.25,7.62,26.85,102.532,54293.3,52263.5,34.49,35290.63,101.380,0.15360,,,,
556,04/14/2026 10:28:44,26.89,9.25,7.62,26.89,102.550,54351.2,52280.4,34.50,35328.29,101.380,0.15542,,,,
557,04/14/2026 10:30:44,26.93,9.25,7.62,26.94,102.534,54351.2,52228.7,34.47,35328.29,101.380,0.15384,,,,
558,04/14/2026 10:32:44,26.97,9.26,7.63,27.00,102.536,54458.0,52263.4,34.50,35397.68,101.380,0.15403,,,,
559,04/14/2026 10:34:44,27.04,9.25,7.63,27.06,102.504,54508.9,52244.5,34.49,35430.80,101.380,0.15078,,,,
560,04/14/2026 10:36:44,27.10,9.25,7.63,27.13,102.523,54586.0,52247.4,34.49,35480.90,101.380,0.15269,,,,
561,04/14/2026 10:38:44,27.16,9.26,7.63,27.20,102.525,54651.8,52236.2,34.48,35523.65,101.380,0.15289,,,,
562,04/14/2026 10:40:44,27.22,9.24,7.62,27.25,102.509,54751.2,52276.5,34.52,35588.31,101.380,0.15133,,,,
563,04/14/2026 10:42:44,27.27,9.22,7.60,27.28,102.493,54762.8,52258.6,34.50,35595.81,101.380,0.14969,,,,
564,04/14/2026 10:44:44,27.31,9.21,7.59,27.30,102.528,54747.1,52224.3,34.48,35585.59,101.380,0.15317,,,,
565,04/14/2026 10:46:44,27.35,9.21,7.60,27.34,102.494,54798.4,52228.3,34.48,35618.99,101.380,0.14987,,,,
566,04/14/2026 10:48:44,27.39,9.23,7.61,27.41,102.548,54938.5,52290.9,34.53,35710.00,101.380,0.15520,,,,
567,04/14/2026 10:50:44,27.45,9.22,7.61,27.47,102.498,54957.5,52251.2,34.51,35722.37,101.380,0.15022,,,,
568,04/14/2026 10:52:44,27.50,9.22,7.60,27.50,102.551,54997.6,52254.0,34.51,35748.41,101.380,0.15546,,,,
569,04/14/2026 10:54:44,27.54,9.21,7.59,27.54,102.517,55063.3,52274.7,34.53,35791.11,101.380,0.15215,,,,
570,04/14/2026 10:56:44,27.57,9.20,7.59,27.57,102.553,55068.8,52247.9,34.51,35794.70,101.380,0.15566,,,,
571,04/14/2026 10:58:44,27.61,9.20,7.59,27.62,102.520,55132.0,52253.3,34.51,35835.77,101.380,0.15239,,,,
572,04/14/2026 11:00:44,27.66,9.21,7.60,27.69,102.522,55197.9,52245.4,34.51,35878.66,101.380,0.15258,,,,
573,04/14/2026 11:02:44,27.72,9.21,7.60,27.75,102.523,55218.1,52203.7,34.48,35891.75,101.380,0.15275,,,,
574,04/14/2026 11:04:44,27.78,9.20,7.59,27.81,102.491,55273.5,52198.5,34.48,35927.74,101.380,0.14948,,,,
575,04/14/2026 11:06:44,27.83,9.21,7.60,27.87,102.492,55312.9,52172.0,34.46,35953.40,101.380,0.14966,,,,
576,04/14/2026 11:08:44,27.90,9.21,7.60,27.93,102.511,55388.7,52176.4,34.47,36002.66,101.380,0.15156,,,,
577,04/14/2026 11:10:44,27.96,9.21,7.60,28.00,102.496,55463.8,52180.2,34.47,36051.44,101.380,0.15004,,,,
578,04/14/2026 11:12:44,28.03,9.21,7.60,28.06,102.481,55566.9,52213.5,34.50,36118.51,101.380,0.14850,,,,
579,04/14/2026 11:14:44,28.08,9.20,7.59,28.12,102.500,55643.3,52224.8,34.51,36168.14,101.380,0.15039,,,,
580,04/14/2026 11:16:44,28.15,9.20,7.59,28.18,102.553,55664.5,52184.3,34.48,36181.94,101.380,0.15570,,,,
581,04/14/2026 11:18:44,28.20,9.20,7.60,28.24,102.451,55787.2,52235.6,34.52,36261.66,101.380,0.14559,,,,
582,04/14/2026 11:20:44,28.28,9.20,7.60,28.30,102.488,55795.7,52176.9,34.48,36267.19,101.380,0.14921,,,,
583,04/14/2026 11:22:44,28.34,9.21,7.60,28.37,102.507,55875.2,52184.6,34.49,36318.88,101.380,0.15111,,,,
584,04/14/2026 11:24:44,28.41,9.20,7.60,28.43,102.543,56017.4,52250.7,34.54,36411.34,101.380,0.15473,,,,
585,04/14/2026 11:26:44,28.47,9.21,7.60,28.50,102.511,56033.0,52198.7,34.50,36421.44,101.380,0.15149,,,,
586,04/14/2026 11:28:44,28.54,9.20,7.60,28.57,102.547,56138.1,52226.9,34.53,36489.76,101.380,0.15512,,,,
587,04/14/2026 11:30:44,28.61,9.22,7.61,28.64,102.515,56203.6,52211.8,34.52,36532.36,101.380,0.15191,,,,
588,04/14/2026 11:32:44,28.68,9.23,7.62,28.72,102.500,56265.0,52189.8,34.50,36572.25,101.380,0.15042,,,,
589,04/14/2026 11:34:44,28.75,9.23,7.62,28.78,102.502,56321.5,52179.0,34.50,36608.95,101.380,0.15060,,,,
590,04/14/2026 11:36:44,28.80,9.20,7.60,28.80,102.520,56317.9,52153.6,34.48,36606.63,101.380,0.15238,,,,
591,04/14/2026 11:38:44,28.83,9.19,7.59,28.83,102.555,56378.1,52180.9,34.50,36645.75,101.380,0.15589,,,,
592,04/14/2026 11:40:44,28.87,9.20,7.60,28.86,102.539,56411.1,52176.7,34.50,36667.19,101.380,0.15428,,,,
593,04/14/2026 11:42:44,28.92,9.19,7.59,28.90,102.540,56464.9,52185.6,34.51,36702.19,101.380,0.15439,,,,
594,04/14/2026 11:44:44,28.95,9.20,7.60,28.95,102.524,56485.7,52154.4,34.48,36715.72,101.380,0.15283,,,,
595,04/14/2026 11:46:44,29.01,9.21,7.61,29.01,102.491,56534.0,52142.3,34.48,36747.11,101.380,0.14956,,,,
596,04/14/2026 11:48:44,29.06,9.22,7.62,29.07,102.510,56616.9,52159.0,34.49,36801.00,101.380,0.15145,,,,
597,04/14/2026 11:50:44,29.11,9.21,7.62,29.12,102.546,56666.7,52157.7,34.49,36833.38,101.380,0.15502,,,,
598,04/14/2026 11:52:44,29.15,9.22,7.62,29.16,102.565,56737.0,52181.5,34.51,36879.03,101.380,0.15685,,,,
599,04/14/2026 11:54:44,29.21,9.23,7.63,29.21,102.532,56784.5,52171.7,34.51,36909.91,101.380,0.15358,,,,
600,04/14/2026 11:56:44,29.26,9.24,7.63,29.28,102.516,56863.6,52175.3,34.51,36961.36,101.380,0.15206,,,,
601,04/14/2026 11:58:44,29.31,9.22,7.62,29.32,102.552,56987.7,52245.1,34.56,37042.02,101.380,0.15562,,,,
602,04/14/2026 12:00:44,29.36,9.21,7.61,29.35,102.484,56950.4,52179.6,34.52,37017.79,101.380,0.14886,,,,
603,04/14/2026 12:02:44,29.40,9.22,7.62,29.40,102.503,57099.9,52266.3,34.58,37114.91,101.380,0.15072,,,,
604,04/14/2026 12:04:44,29.45,9.22,7.62,29.46,102.556,57115.4,52227.1,34.55,37124.98,101.380,0.15602,,,,
605,04/14/2026 12:06:44,29.51,9.21,7.61,29.51,102.558,57130.3,52190.6,34.53,37134.69,101.380,0.15616,,,,
606,04/14/2026 12:08:44,29.56,9.22,7.62,29.56,102.525,57211.6,52208.5,34.54,37187.55,101.380,0.15290,,,,
607,04/14/2026 12:10:44,29.61,9.21,7.62,29.61,102.544,57237.2,52181.7,34.52,37204.18,101.380,0.15477,,,,
608,04/14/2026 12:12:44,29.66,9.21,7.62,29.67,102.562,57283.0,52170.3,34.52,37233.97,101.380,0.15664,,,,
609,04/14/2026 12:14:44,29.71,9.21,7.62,29.72,102.564,57328.9,52162.1,34.51,37263.82,101.380,0.15678,,,,
610,04/14/2026 12:16:44,29.77,9.21,7.62,29.77,102.548,57402.6,52179.1,34.53,37311.68,101.380,0.15522,,,,
611,04/14/2026 12:18:44,29.81,9.21,7.61,29.81,102.515,57425.9,52156.6,34.51,37326.82,101.380,0.15192,,,,
612,04/14/2026 12:20:44,29.86,9.19,7.60,29.85,102.533,57474.4,52160.1,34.51,37358.38,101.380,0.15376,,,,
613,04/14/2026 12:22:44,29.90,9.19,7.60,29.90,102.552,57514.8,52153.0,34.51,37384.63,101.380,0.15560,,,,
614,04/14/2026 12:24:44,29.95,9.19,7.60,29.93,102.519,57580.6,52178.4,34.53,37427.38,101.380,0.15228,,,,
615,04/14/2026 12:26:44,29.98,9.18,7.60,29.96,102.571,57545.0,52111.8,34.48,37404.23,101.380,0.15752,,,,
616,04/14/2026 12:28:44,30.03,9.17,7.59,30.00,102.521,57576.6,52106.3,34.48,37424.82,101.380,0.15248,,,,
617,04/14/2026 12:30:44,30.05,9.17,7.59,30.03,102.539,57604.4,52097.2,34.47,37442.88,101.380,0.15430,,,,
618,04/14/2026 12:32:44,30.10,9.18,7.60,30.10,102.541,57696.2,52118.0,34.49,37502.55,101.380,0.15448,,,,
619,04/14/2026 12:34:44,30.18,9.16,7.58,30.18,102.509,57768.3,52099.1,34.48,37549.39,101.380,0.15131,,,,
620,04/14/2026 12:36:44,30.23,9.14,7.56,30.21,102.579,57794.2,52097.6,34.48,37566.25,101.380,0.15824,,,,
621,04/14/2026 12:38:44,30.27,9.14,7.57,30.24,102.562,57775.1,52043.1,34.44,37553.81,101.380,0.15664,,,,
622,04/14/2026 12:40:44,30.31,9.12,7.55,30.27,102.529,57790.2,52028.9,34.43,37563.66,101.380,0.15330,,,,
623,04/14/2026 12:42:44,30.32,9.08,7.52,30.26,102.528,57779.1,52031.2,34.43,37556.39,101.380,0.15326,,,,
624,04/14/2026 12:44:44,30.31,9.04,7.48,30.23,102.596,57705.4,51995.9,34.40,37508.53,101.380,0.16002,,,,
625,04/14/2026 12:46:44,30.30,9.02,7.47,30.22,102.596,57688.8,51993.3,34.40,37497.70,101.380,0.15998,,,,
626,04/14/2026 12:48:44,30.29,8.99,7.45,30.19,102.544,57685.9,52012.4,34.41,37495.85,101.380,0.15477,,,,
627,04/14/2026 12:50:44,30.26,8.98,7.43,30.16,102.525,57645.8,52013.5,34.41,37469.79,101.380,0.15295,,,,
628,04/14/2026 12:52:44,30.23,8.94,7.40,30.12,102.559,57628.7,52032.2,34.43,37458.68,101.380,0.15627,,,,
629,04/14/2026 12:54:44,30.19,8.94,7.40,30.09,102.541,57559.0,52000.2,34.40,37413.36,101.380,0.15447,,,,
630,04/14/2026 12:56:44,30.16,8.91,7.37,30.06,102.522,57758.4,52211.4,34.56,37542.93,101.380,0.15266,,,,
631,04/14/2026 12:58:44,30.14,8.90,7.36,30.04,102.470,57738.8,52212.5,34.56,37530.23,101.380,0.14746,,,,
632,04/14/2026 13:00:44,30.12,8.89,7.36,30.01,102.521,57721.7,52231.3,34.57,37519.10,101.380,0.15250,,,,
633,04/14/2026 13:02:44,30.10,8.90,7.36,29.99,102.503,57657.6,52188.9,34.54,37477.47,101.380,0.15074,,,,
634,04/14/2026 13:04:44,30.07,8.91,7.37,29.99,102.503,57720.8,52246.1,34.58,37518.55,101.380,0.15074,,,,
635,04/14/2026 13:06:44,30.07,8.94,7.39,30.01,102.538,57827.4,52320.7,34.64,37587.78,101.380,0.15423,,,,
636,04/14/2026 13:08:44,30.09,8.94,7.40,30.05,102.488,57842.5,52296.9,34.62,37597.65,101.380,0.14920,,,,
637,04/14/2026 13:10:44,30.12,8.95,7.40,30.08,102.471,57813.0,52242.1,34.58,37578.43,101.380,0.14757,,,,
638,04/14/2026 13:12:44,30.14,8.95,7.41,30.11,102.472,57836.6,52232.3,34.58,37593.76,101.380,0.14767,,,,
639,04/14/2026 13:14:44,30.17,8.95,7.40,30.14,102.490,57894.1,52256.2,34.59,37631.19,101.380,0.14946,,,,
640,04/14/2026 13:16:44,30.19,8.92,7.38,30.13,102.473,57911.4,52278.0,34.61,37642.38,101.380,0.14773,,,,
641,04/14/2026 13:18:44,30.19,8.90,7.36,30.11,102.524,57806.6,52208.3,34.56,37574.29,101.380,0.15280,,,,
642,04/14/2026 13:20:44,30.19,8.90,7.36,30.10,102.472,57774.7,52182.6,34.54,37553.54,101.380,0.14765,,,,
643,04/14/2026 13:22:44,30.17,8.90,7.36,30.09,102.454,57734.0,52161.4,34.52,37527.11,101.380,0.14589,,,,
644,04/14/2026 13:24:44,30.16,8.87,7.34,30.06,102.454,57689.4,52146.1,34.51,37498.14,101.380,0.14581,,,,
645,04/14/2026 13:26:44,30.12,8.85,7.35,30.03,102.435,56645.5,51236.1,33.83,36819.58,101.380,0.14399,,,,
646,04/14/2026 13:28:44,30.10,8.82,7.31,29.98,102.468,57076.8,51669.3,34.15,37099.92,101.380,0.14729,,,,
647,04/14/2026 13:30:44,30.05,8.80,7.29,29.95,102.450,57191.2,51810.1,34.26,37174.29,101.380,0.14547,,,,
648,04/14/2026 13:32:44,30.02,8.77,7.27,29.90,102.449,56943.6,51628.9,34.12,37013.36,101.380,0.14534,,,,
649,04/14/2026 13:34:44,29.98,8.75,7.26,29.86,102.499,56659.4,51411.2,33.96,36828.61,101.380,0.15036,,,,
650,04/14/2026 13:36:44,29.93,8.72,7.23,29.82,102.429,56675.4,51468.8,34.00,36839.00,101.380,0.14337,,,,
651,04/14/2026 13:38:44,29.89,8.71,7.23,29.78,102.462,56457.7,51307.9,33.88,36697.48,101.380,0.14669,,,,
652,04/14/2026 13:40:44,29.86,8.70,7.19,29.75,102.461,57322.5,52128.2,34.49,37259.65,101.380,0.14658,,,,
653,04/14/2026 13:42:44,29.82,8.69,7.19,29.71,102.495,57276.1,52123.4,34.48,37229.46,101.380,0.14990,,,,
654,04/14/2026 13:44:44,29.78,8.67,7.16,29.68,102.494,57628.0,52475.0,34.74,37458.18,101.380,0.14981,,,,
655,04/14/2026 13:46:44,29.74,8.66,7.19,29.64,102.475,56437.8,51431.3,33.97,36684.58,101.380,0.14797,,,,
656,04/14/2026 13:48:44,29.70,8.63,7.16,29.59,102.457,56270.4,51324.9,33.89,36575.77,101.380,0.14612,,,,
657,04/14/2026 13:50:44,29.67,8.60,7.14,29.55,102.456,56204.1,51304.4,33.87,36532.65,101.380,0.14600,,,,
658,04/14/2026 13:52:44,29.62,8.59,7.12,29.50,102.471,56586.9,51697.3,34.16,36781.48,101.380,0.14759,,,,
659,04/14/2026 13:54:44,29.58,8.58,7.12,29.47,102.453,56315.0,51486.0,34.00,36604.77,101.380,0.14576,,,,
660,04/14/2026 13:56:44,29.54,8.56,7.10,29.43,102.469,56332.6,51536.0,34.04,36616.17,101.380,0.14737,,,,
661,04/14/2026 13:58:44,29.51,8.58,7.11,29.40,102.486,56157.5,51406.7,33.94,36502.35,101.380,0.14899,,,,
662,04/14/2026 14:00:44,29.48,8.58,7.12,29.38,102.433,56001.7,51285.7,33.85,36401.12,101.380,0.14379,,,,
663,04/14/2026 14:02:44,29.45,8.59,7.13,29.36,102.415,55988.0,51294.7,33.86,36392.17,101.380,0.14201,,,,
664,04/14/2026 14:04:44,29.43,8.60,7.13,29.34,102.432,55994.0,51312.5,33.87,36396.08,101.380,0.14369,,,,
665,04/14/2026 14:06:44,29.41,8.61,7.14,29.32,102.432,55992.2,51332.5,33.88,36394.94,101.380,0.14362,,,,
666,04/14/2026 14:08:44,29.39,8.59,7.12,29.30,102.448,56185.9,51528.7,34.03,36520.84,101.380,0.14528,,,,
667,04/14/2026 14:10:44,29.37,8.60,7.13,29.28,102.465,55923.7,51309.8,33.87,36350.39,101.380,0.14693,,,,
668,04/14/2026 14:12:44,29.34,8.60,7.13,29.26,102.481,56048.9,51446.3,33.97,36431.77,101.380,0.14858,,,,
669,04/14/2026 14:14:44,29.33,8.58,7.11,29.24,102.429,55992.2,51419.0,33.95,36394.94,101.380,0.14337,,,,
670,04/14/2026 14:16:44,29.30,8.56,7.10,29.20,102.445,56017.0,51472.8,33.98,36411.07,101.380,0.14499,,,,
671,04/14/2026 14:18:44,29.27,8.54,7.08,29.17,102.410,56077.2,51565.4,34.05,36450.21,101.380,0.14145,,,,
672,04/14/2026 14:20:44,29.24,8.53,7.07,29.14,102.461,55935.7,51466.2,33.98,36358.18,101.380,0.14650,,,,
673,04/14/2026 14:22:44,29.20,8.52,7.06,29.11,102.442,55912.5,51472.7,33.98,36343.11,101.380,0.14470,,,,
674,04/14/2026 14:24:44,29.18,8.51,7.05,29.08,102.476,55852.6,51445.6,33.96,36304.20,101.380,0.14805,,,,
675,04/14/2026 14:26:44,29.14,8.50,7.05,29.05,102.441,55816.8,51443.5,33.96,36280.90,101.380,0.14453,,,,
676,04/14/2026 14:28:44,29.12,8.49,7.04,29.03,102.440,55816.0,51464.5,33.97,36280.37,101.380,0.14447,,,,
677,04/14/2026 14:30:44,29.09,8.50,7.05,29.01,102.440,55807.5,51475.3,33.98,36274.84,101.380,0.14441,,,,
678,04/14/2026 14:32:44,29.07,8.52,7.06,28.99,102.405,55839.9,51523.8,34.02,36295.91,101.380,0.14093,,,,
679,04/14/2026 14:34:44,29.06,8.53,7.06,28.98,102.422,55796.3,51489.9,33.99,36267.61,101.380,0.14263,,,,
680,04/14/2026 14:36:44,29.05,8.53,7.07,28.98,102.404,55767.4,51466.3,33.97,36248.80,101.380,0.14090,,,,
681,04/14/2026 14:38:44,29.04,8.54,7.08,28.98,102.421,55752.0,51455.2,33.97,36238.83,101.380,0.14261,,,,
682,04/14/2026 14:40:44,29.04,8.55,7.09,28.97,102.438,55768.2,51479.5,33.98,36249.34,101.380,0.14429,,,,
683,04/14/2026 14:42:44,29.03,8.55,7.09,28.95,102.386,55707.8,51436.1,33.95,36210.09,101.380,0.13912,,,,
684,04/14/2026 14:44:44,29.02,8.55,7.09,28.94,102.403,55751.2,51491.7,33.99,36238.29,101.380,0.14079,,,,
685,04/14/2026 14:46:44,29.00,8.55,7.09,28.92,102.437,55683.2,51444.4,33.96,36194.07,101.380,0.14417,,,,
686,04/14/2026 14:48:44,28.99,8.55,7.09,28.91,102.437,55715.5,51489.8,33.99,36215.06,101.380,0.14412,,,,
687,04/14/2026 14:50:44,28.97,8.56,7.09,28.89,102.402,55695.1,51486.5,33.99,36201.81,101.380,0.14065,,,,
688,04/14/2026 14:52:44,28.96,8.54,7.08,28.88,102.418,55666.2,51475.4,33.98,36183.04,101.380,0.14232,,,,
689,04/14/2026 14:54:44,28.94,8.55,7.08,28.86,102.418,55611.9,51440.7,33.95,36147.75,101.380,0.14227,,,,
690,04/14/2026 14:56:44,28.92,8.55,7.09,28.84,102.452,55604.3,51452.3,33.96,36142.79,101.380,0.14564,,,,
691,04/14/2026 14:58:44,28.90,8.55,7.09,28.83,102.451,55525.6,51395.1,33.92,36091.67,101.380,0.14560,,,,
692,04/14/2026 15:00:44,28.89,8.55,7.09,28.81,102.399,55552.7,51441.9,33.95,36109.24,101.380,0.14039,,,,
693,04/14/2026 15:02:44,28.87,8.55,7.09,28.79,102.433,55423.7,51341.0,33.87,36025.37,101.380,0.14377,,,,
694,04/14/2026 15:04:44,28.85,8.55,7.08,28.77,102.432,55616.2,51538.0,34.02,36150.50,101.380,0.14371,,,,
695,04/14/2026 15:06:44,28.83,8.55,7.09,28.75,102.449,55462.4,51414.1,33.93,36050.53,101.380,0.14537,,,,
696,04/14/2026 15:08:44,28.82,8.56,7.09,28.73,102.380,55478.4,51450.8,33.95,36060.95,101.380,0.13845,,,,
697,04/14/2026 15:10:44,28.79,8.55,7.08,28.71,102.448,55387.4,51388.2,33.91,36001.84,101.380,0.14524,,,,
698,04/14/2026 15:12:44,28.77,8.55,7.08,28.68,102.413,55395.0,51417.0,33.93,36006.74,101.380,0.14175,,,,
699,04/14/2026 15:14:44,28.75,8.54,7.08,28.66,102.412,55399.2,51445.8,33.95,36009.48,101.380,0.14168,,,,
700,04/14/2026 15:16:44,28.72,8.54,7.08,28.63,102.411,55359.7,51434.1,33.94,35983.80,101.380,0.14161,,,,
701,04/14/2026 15:18:44,28.71,8.54,7.07,28.61,102.411,55332.0,51430.1,33.94,35965.78,101.380,0.14154,,,,
702,04/14/2026 15:20:44,28.68,8.52,7.06,28.58,102.427,55191.4,51327.4,33.86,35874.40,101.380,0.14318,,,,
703,04/14/2026 15:22:44,28.65,8.51,7.06,28.56,102.392,55136.3,51301.0,33.84,35838.57,101.380,0.13968,,,,
704,04/14/2026 15:24:44,28.63,8.50,7.04,28.53,102.460,55162.2,51353.2,33.88,35855.41,101.380,0.14645,,,,
705,04/14/2026 15:26:44,28.59,8.48,7.03,28.50,102.407,55206.3,51425.4,33.93,35884.13,101.380,0.14122,,,,
706,04/14/2026 15:28:44,28.57,8.45,7.00,28.46,102.424,55019.9,51289.1,33.83,35762.91,101.380,0.14282,,,,
707,04/14/2026 15:30:44,28.53,8.43,6.99,28.43,102.422,55038.0,51343.4,33.86,35774.67,101.380,0.14272,,,,
708,04/14/2026 15:32:44,28.50,8.41,6.97,28.40,102.422,54965.1,51306.5,33.84,35727.29,101.380,0.14263,,,,
709,04/14/2026 15:34:44,28.47,8.40,6.96,28.36,102.386,54916.1,51292.0,33.82,35695.49,101.380,0.13911,,,,
710,04/14/2026 15:36:44,28.43,8.40,6.96,28.33,102.368,54836.8,51249.0,33.79,35643.93,101.380,0.13731,,,,
711,04/14/2026 15:38:44,28.41,8.39,6.96,28.31,102.350,54763.5,51208.5,33.76,35596.26,101.380,0.13551,,,,
712,04/14/2026 15:40:44,28.37,8.39,6.95,28.28,102.401,54782.9,51251.6,33.79,35608.89,101.380,0.14058,,,,
713,04/14/2026 15:42:44,28.35,8.38,6.95,28.25,102.400,54731.6,51231.7,33.78,35575.57,101.380,0.14050,,,,
714,04/14/2026 15:44:44,28.32,8.39,6.95,28.23,102.382,54663.7,51186.8,33.74,35531.42,101.380,0.13873,,,,
715,04/14/2026 15:46:44,28.29,8.39,6.96,28.22,102.399,54593.9,51137.0,33.71,35486.04,101.380,0.14040,,,,
716,04/14/2026 15:48:44,28.28,8.41,6.97,28.20,102.347,54703.9,51258.7,33.79,35557.55,101.380,0.13521,,,,
717,04/14/2026 15:50:44,28.27,8.40,6.97,28.18,102.415,54527.9,51112.5,33.69,35443.14,101.380,0.14201,,,,
718,04/14/2026 15:52:44,28.24,8.40,6.97,28.16,102.397,54625.1,51225.5,33.77,35506.34,101.380,0.14023,,,,
719,04/14/2026 15:54:44,28.22,8.39,6.96,28.14,102.397,54608.5,51234.8,33.77,35495.51,101.380,0.14016,,,,
720,04/14/2026 15:56:44,28.20,8.38,6.95,28.11,102.413,54657.5,51308.9,33.83,35527.36,101.380,0.14179,,,,
721,04/14/2026 15:58:44,28.17,8.38,6.94,28.08,102.412,54554.4,51237.1,33.77,35460.34,101.380,0.14172,,,,
722,04/14/2026 16:00:44,28.14,8.37,6.93,28.06,102.412,54484.8,51199.8,33.75,35415.09,101.380,0.14164,,,,
723,04/14/2026 16:02:44,28.12,8.35,6.92,28.02,102.428,54476.0,51222.7,33.76,35409.38,101.380,0.14326,,,,
724,04/14/2026 16:04:44,28.08,8.35,6.92,27.99,102.410,54486.3,51266.9,33.79,35416.10,101.380,0.14145,,,,
725,04/14/2026 16:06:44,28.06,8.32,6.90,27.96,102.426,54403.5,51220.2,33.76,35362.26,101.380,0.14308,,,,
726,04/14/2026 16:08:44,28.02,8.32,6.89,27.93,102.442,54296.0,51150.3,33.71,35292.43,101.380,0.14470,,,,
727,04/14/2026 16:10:44,27.99,8.31,6.89,27.89,102.424,54313.1,51200.7,33.74,35303.48,101.380,0.14289,,,,
728,04/14/2026 16:12:44,27.96,8.30,6.88,27.86,102.406,54283.2,51207.0,33.74,35284.08,101.380,0.14108,,,,
729,04/14/2026 16:14:44,27.93,8.29,6.87,27.83,102.440,54216.8,51172.5,33.72,35240.94,101.380,0.14442,,,,
730,04/14/2026 16:16:44,27.90,8.29,6.87,27.81,102.387,54193.1,51178.3,33.72,35225.53,101.380,0.13920,,,,
731,04/14/2026 16:18:44,27.87,8.28,6.86,27.78,102.438,54183.0,51196.9,33.73,35218.92,101.380,0.14426,,,,
732,04/14/2026 16:20:44,27.85,8.28,6.86,27.75,102.455,54228.1,51264.6,33.78,35248.29,101.380,0.14591,,,,
733,04/14/2026 16:22:44,27.82,8.28,6.86,27.72,102.402,54133.7,51203.6,33.74,35186.91,101.380,0.14069,,,,
734,04/14/2026 16:24:44,27.80,8.28,6.86,27.70,102.367,54131.1,51229.3,33.76,35185.20,101.380,0.13718,,,,
735,04/14/2026 16:26:44,27.77,8.27,6.85,27.67,102.401,54123.9,51247.7,33.77,35180.56,101.380,0.14054,,,,
736,04/14/2026 16:28:44,27.74,8.27,6.85,27.65,102.434,54063.6,51215.6,33.74,35141.32,101.380,0.14389,,,,
737,04/14/2026 16:30:44,27.72,8.27,6.85,27.63,102.382,54005.9,51183.0,33.72,35103.86,101.380,0.13869,,,,
738,04/14/2026 16:32:44,27.70,8.28,6.86,27.60,102.416,54006.9,51205.8,33.74,35104.49,101.380,0.14205,,,,
739,04/14/2026 16:34:44,27.67,8.28,6.86,27.58,102.415,53971.2,51193.9,33.73,35081.25,101.380,0.14199,,,,
740,04/14/2026 16:36:44,27.65,8.27,6.85,27.56,102.397,53904.0,51155.4,33.70,35037.62,101.380,0.14021,,,,
741,04/14/2026 16:38:44,27.63,8.27,6.85,27.53,102.414,53866.4,51144.8,33.69,35013.17,101.380,0.14185,,,,
742,04/14/2026 16:40:44,27.60,8.26,6.84,27.51,102.430,53870.5,51173.8,33.71,35015.84,101.380,0.14349,,,,
743,04/14/2026 16:42:44,27.58,8.26,6.84,27.49,102.430,53873.5,51198.6,33.73,35017.75,101.380,0.14343,,,,
744,04/14/2026 16:44:44,27.55,8.26,6.85,27.47,102.395,53798.3,51146.0,33.69,34968.92,101.380,0.13995,,,,
745,04/14/2026 16:46:44,27.53,8.26,6.84,27.44,102.394,53827.4,51198.8,33.72,34987.80,101.380,0.13988,,,,
746,04/14/2026 16:48:44,27.52,8.25,6.83,27.42,102.428,53831.8,51225.0,33.74,34990.64,101.380,0.14324,,,,
747,04/14/2026 16:50:44,27.49,8.25,6.83,27.40,102.444,53781.4,51199.1,33.72,34957.90,101.380,0.14490,,,,
748,04/14/2026 16:52:44,27.47,8.25,6.83,27.38,102.409,53741.3,51179.8,33.71,34931.83,101.380,0.14142,,,,
749,04/14/2026 16:54:44,27.46,8.24,6.82,27.36,102.443,53772.0,51231.0,33.74,34951.78,101.380,0.14478,,,,
750,04/14/2026 16:56:44,27.43,8.23,6.82,27.34,102.408,53676.1,51164.9,33.69,34889.50,101.380,0.14128,,,,
751,04/14/2026 16:58:44,27.41,8.23,6.81,27.32,102.425,53692.8,51202.8,33.72,34900.30,101.380,0.14294,,,,
752,04/14/2026 17:00:44,27.39,8.21,6.80,27.29,102.424,53686.0,51218.4,33.73,34895.91,101.380,0.14287,,,,
753,04/14/2026 17:02:44,27.36,8.21,6.80,27.27,102.406,53618.1,51178.9,33.70,34851.78,101.380,0.14109,,,,
754,04/14/2026 17:04:44,27.34,8.20,6.79,27.25,102.406,53593.3,51177.3,33.70,34835.67,101.380,0.14103,,,,
755,04/14/2026 17:06:44,27.31,8.21,6.80,27.23,102.439,53560.2,51167.7,33.69,34814.14,101.380,0.14439,,,,
756,04/14/2026 17:08:44,27.29,8.21,6.80,27.21,102.370,53597.4,51219.0,33.73,34838.33,101.380,0.13750,,,,
757,04/14/2026 17:10:44,27.28,8.22,6.81,27.20,102.387,53518.8,51156.5,33.68,34787.20,101.380,0.13918,,,,
758,04/14/2026 17:12:44,27.27,8.21,6.80,27.19,102.421,53527.1,51173.9,33.70,34792.62,101.380,0.14258,,,,
759,04/14/2026 17:14:44,27.25,8.23,6.82,27.18,102.438,53488.5,51149.6,33.68,34767.55,101.380,0.14425,,,,
760,04/14/2026 17:16:44,27.23,8.23,6.81,27.17,102.455,53543.7,51215.0,33.73,34803.37,101.380,0.14593,,,,
761,04/14/2026 17:18:44,27.23,8.23,6.81,27.15,102.403,53523.0,51207.9,33.72,34789.96,101.380,0.14076,,,,
762,04/14/2026 17:20:44,27.22,8.23,6.81,27.14,102.351,53532.6,51232.8,33.74,34796.20,101.380,0.13557,,,,
763,04/14/2026 17:22:44,27.20,8.22,6.81,27.12,102.419,53441.9,51164.9,33.69,34737.22,101.380,0.14237,,,,
764,04/14/2026 17:24:44,27.18,8.21,6.79,27.10,102.384,53444.7,51186.6,33.70,34739.05,101.380,0.13889,,,,
765,04/14/2026 17:26:44,27.17,8.20,6.79,27.08,102.418,53411.7,51177.1,33.69,34717.63,101.380,0.14226,,,,
766,04/14/2026 17:28:44,27.14,8.19,6.78,27.06,102.383,53388.4,51176.8,33.69,34702.45,101.380,0.13877,,,,
767,04/14/2026 17:30:44,27.12,8.19,6.78,27.04,102.434,53333.7,51146.5,33.67,34666.90,101.380,0.14385,,,,
768,04/14/2026 17:32:44,27.10,8.18,6.77,27.01,102.468,53315.8,51151.4,33.67,34655.25,101.380,0.14722,,,,
769,04/14/2026 17:34:44,27.08,8.16,6.76,26.99,102.381,53309.0,51167.1,33.68,34650.86,101.380,0.13859,,,,
770,04/14/2026 17:36:44,27.05,8.17,6.76,26.98,102.398,53303.5,51180.8,33.69,34647.30,101.380,0.14025,,,,
771,04/14/2026 17:38:44,27.04,8.16,6.75,26.96,102.432,53303.5,51199.8,33.71,34647.30,101.380,0.14362,,,,
772,04/14/2026 17:40:44,27.02,8.16,6.75,26.94,102.380,53269.4,51182.8,33.69,34625.09,101.380,0.13844,,,,
773,04/14/2026 17:42:44,27.00,8.16,6.75,26.93,102.396,53429.5,51352.5,33.82,34729.16,101.380,0.14011,,,,
774,04/14/2026 17:44:44,27.00,8.15,6.75,26.90,102.378,53269.5,51220.9,33.72,34625.15,101.380,0.13834,,,,
775,04/14/2026 17:46:44,26.98,8.14,6.74,26.89,102.395,53235.3,51203.9,33.71,34602.95,101.380,0.14000,,,,
776,04/14/2026 17:48:44,26.95,8.13,6.73,26.87,102.377,53185.0,51174.4,33.68,34570.22,101.380,0.13824,,,,
777,04/14/2026 17:50:44,26.93,8.13,6.73,26.85,102.429,53152.3,51165.2,33.68,34548.99,101.380,0.14332,,,,
778,04/14/2026 17:52:44,26.91,8.12,6.72,26.83,102.411,53193.1,51226.7,33.72,34575.50,101.380,0.14154,,,,
779,04/14/2026 17:54:44,26.89,8.11,6.71,26.81,102.341,53161.8,51215.6,33.71,34555.17,101.380,0.13464,,,,
780,04/14/2026 17:56:44,26.87,8.11,6.71,26.79,102.392,53141.4,51214.9,33.71,34541.92,101.380,0.13973,,,,
781,04/14/2026 17:58:44,26.85,8.11,6.71,26.77,102.426,53089.8,51184.2,33.69,34508.36,101.380,0.14310,,,,
782,04/14/2026 18:00:44,26.83,8.10,6.70,26.75,102.460,53035.6,51154.1,33.66,34473.14,101.380,0.14647,,,,
783,04/14/2026 18:02:44,26.82,8.09,6.69,26.73,102.425,53141.4,51278.5,33.76,34541.92,101.380,0.14298,,,,
784,04/14/2026 18:04:44,26.79,8.08,6.69,26.71,102.425,53012.6,51176.4,33.68,34458.19,101.380,0.14292,,,,
785,04/14/2026 18:06:44,26.77,8.08,6.68,26.69,102.441,53259.9,51437.5,33.87,34618.95,101.380,0.14457,,,,
786,04/14/2026 18:08:44,26.76,8.07,6.68,26.67,102.458,52991.0,51199.9,33.69,34444.12,101.380,0.14622,,,,
787,04/14/2026 18:10:44,26.73,8.06,6.67,26.64,102.440,52919.4,51153.0,33.66,34397.61,101.380,0.14445,,,,
788,04/14/2026 18:12:44,26.71,8.05,6.66,26.62,102.422,52972.0,51229.3,33.71,34431.82,101.380,0.14267,,,,
789,04/14/2026 18:14:44,26.68,8.05,6.66,26.60,102.439,52941.0,51218.4,33.71,34411.63,101.380,0.14433,,,,
790,04/14/2026 18:16:44,26.66,8.04,6.65,26.58,102.455,52949.1,51251.7,33.73,34416.90,101.380,0.14597,,,,
791,04/14/2026 18:18:44,26.65,8.03,6.64,26.56,102.420,52885.7,51209.5,33.70,34375.71,101.380,0.14249,,,,
792,04/14/2026 18:20:44,26.62,8.02,6.64,26.54,102.420,52858.8,51205.7,33.69,34358.21,101.380,0.14243,,,,
793,04/14/2026 18:22:44,26.60,8.02,6.64,26.52,102.385,52821.1,51191.5,33.68,34333.75,101.380,0.13894,,,,
794,04/14/2026 18:24:44,26.58,8.02,6.63,26.49,102.436,52783.5,51177.3,33.67,34309.28,101.380,0.14402,,,,
795,04/14/2026 18:26:44,26.55,8.01,6.63,26.47,102.435,52740.6,51157.9,33.66,34281.36,101.380,0.14396,,,,
796,04/14/2026 18:28:44,26.54,8.01,6.62,26.45,102.434,52782.1,51223.7,33.70,34308.39,101.380,0.14389,,,,
797,04/14/2026 18:30:44,26.51,7.99,6.61,26.43,102.468,52791.5,51255.2,33.73,34314.50,101.380,0.14726,,,,
798,04/14/2026 18:32:44,26.49,7.99,6.61,26.41,102.468,52715.1,51203.3,33.69,34264.80,101.380,0.14720,,,,
799,04/14/2026 18:34:44,26.47,7.98,6.60,26.38,102.467,52675.0,51186.6,33.67,34238.74,101.380,0.14714,,,,
800,04/14/2026 18:36:44,26.45,7.96,6.59,26.36,102.484,52701.7,51235.0,33.71,34256.12,101.380,0.14879,,,,
801,04/14/2026 18:38:44,26.42,7.96,6.58,26.34,102.466,52688.4,51244.4,33.71,34247.46,101.380,0.14702,,,,
802,04/14/2026 18:40:44,26.40,7.96,6.58,26.32,102.413,52671.0,51253.0,33.72,34236.12,101.380,0.14181,,,,
803,04/14/2026 18:42:44,26.38,7.94,6.56,26.30,102.430,52668.2,51272.7,33.73,34234.36,101.380,0.14346,,,,
804,04/14/2026 18:44:44,26.36,7.94,6.57,26.27,102.447,52650.9,51278.2,33.74,34223.08,101.380,0.14511,,,,
805,04/14/2026 18:46:44,26.33,7.94,6.57,26.25,102.412,52604.2,51255.1,33.72,34192.70,101.380,0.14163,,,,
806,04/14/2026 18:48:44,26.32,7.92,6.55,26.23,102.463,52564.1,51238.5,33.71,34166.68,101.380,0.14671,,,,
807,04/14/2026 18:50:44,26.29,7.92,6.55,26.21,102.462,52553.5,51250.5,33.71,34159.76,101.380,0.14665,,,,
808,04/14/2026 18:52:44,26.27,7.91,6.54,26.19,102.427,52558.8,51278.1,33.73,34163.22,101.380,0.14316,,,,
809,04/14/2026 18:54:44,26.25,7.90,6.54,26.17,102.512,52521.6,51264.2,33.72,34139.01,101.380,0.15166,,,,
810,04/14/2026 18:56:44,26.23,7.91,6.54,26.15,102.443,52541.5,51302.9,33.75,34152.00,101.380,0.14476,,,,
811,04/14/2026 18:58:44,26.21,7.90,6.53,26.13,102.477,52473.7,51262.3,33.72,34107.93,101.380,0.14812,,,,
812,04/14/2026 19:00:44,26.19,7.90,6.53,26.11,102.511,52435.2,51243.9,33.70,34082.86,101.380,0.15149,,,,
813,04/14/2026 19:02:44,26.17,7.89,6.52,26.09,102.493,52419.3,51250.8,33.71,34072.52,101.380,0.14972,,,,
814,04/14/2026 19:04:44,26.15,7.89,6.52,26.06,102.475,52414.8,51268.8,33.72,34069.61,101.380,0.14795,,,,
815,04/14/2026 19:06:44,26.13,7.88,6.52,26.05,102.509,52386.2,51260.1,33.71,34051.04,101.380,0.15132,,,,
816,04/14/2026 19:08:44,26.11,7.88,6.52,26.02,102.474,52346.5,51243.7,33.70,34025.21,101.380,0.14784,,,,
817,04/14/2026 19:10:44,26.09,7.88,6.51,26.01,102.456,52316.1,51233.2,33.69,34005.45,101.380,0.14607,,,,
818,04/14/2026 19:12:44,26.07,7.88,6.51,25.99,102.438,52330.6,51266.7,33.72,34014.91,101.380,0.14431,,,,
819,04/14/2026 19:14:44,26.05,7.87,6.51,25.97,102.472,52296.2,51255.5,33.71,33992.55,101.380,0.14767,,,,
820,04/14/2026 19:16:44,26.03,7.86,6.50,25.95,102.489,52264.6,51243.8,33.70,33972.00,101.380,0.14933,,,,
821,04/14/2026 19:18:44,26.02,7.87,6.50,25.93,102.506,52233.0,51232.1,33.69,33951.46,101.380,0.15100,,,,
822,04/14/2026 19:20:44,25.99,7.86,6.50,25.91,102.488,52231.5,51249.9,33.70,33950.50,101.380,0.14923,,,,
823,04/14/2026 19:22:44,25.97,7.86,6.50,25.89,102.505,52277.5,51314.3,33.75,33980.36,101.380,0.15089,,,,
824,04/14/2026 19:24:44,25.96,7.86,6.50,25.88,102.504,52219.8,51277.0,33.72,33942.85,101.380,0.15084,,,,
825,04/14/2026 19:26:44,25.94,7.85,6.49,25.86,102.504,52182.7,51259.9,33.70,33918.78,101.380,0.15079,,,,
826,04/14/2026 19:28:44,25.91,7.86,6.49,25.84,102.469,52227.5,51323.2,33.75,33947.90,101.380,0.14731,,,,
827,04/14/2026 19:30:44,25.91,7.85,6.49,25.82,102.485,52150.2,51266.5,33.71,33897.64,101.380,0.14898,,,,
828,04/14/2026 19:32:44,25.88,7.85,6.49,25.80,102.485,52119.8,51255.9,33.70,33877.85,101.380,0.14892,,,,
829,04/14/2026 19:34:44,25.87,7.85,6.48,25.79,102.519,52215.8,51366.4,33.78,33940.24,101.380,0.15231,,,,
830,04/14/2026 19:36:44,25.85,7.86,6.49,25.77,102.501,52193.3,51360.5,33.78,33925.61,101.380,0.15055,,,,
831,04/14/2026 19:38:44,25.83,7.85,6.49,25.76,102.466,52177.5,51357.8,33.77,33915.37,101.380,0.14709,,,,
832,04/14/2026 19:40:44,25.82,7.85,6.48,25.75,102.483,52125.0,51319.1,33.74,33881.26,101.380,0.14877,,,,
833,04/14/2026 19:42:44,25.80,7.85,6.48,25.73,102.466,52119.8,51330.1,33.75,33877.85,101.380,0.14701,,,,
834,04/14/2026 19:44:44,25.80,7.85,6.48,25.72,102.465,52226.1,51450.9,33.84,33946.94,101.380,0.14697,,,,
835,04/14/2026 19:46:44,25.78,7.85,6.48,25.70,102.448,52123.8,51366.3,33.78,33880.45,101.380,0.14522,,,,
836,04/14/2026 19:48:44,25.76,7.84,6.48,25.69,102.516,52133.0,51388.3,33.79,33886.45,101.380,0.15203,,,,
837,04/14/2026 19:50:44,25.76,7.85,6.48,25.67,102.481,52070.2,51342.6,33.76,33845.60,101.380,0.14857,,,,
838,04/14/2026 19:52:44,25.74,7.84,6.48,25.66,102.446,52042.5,51334.6,33.75,33827.63,101.380,0.14509,,,,
839,04/14/2026 19:54:44,25.72,7.84,6.48,25.64,102.480,52026.8,51332.1,33.75,33817.44,101.380,0.14848,,,,
840,04/14/2026 19:56:44,25.70,7.85,6.48,25.63,102.497,52022.8,51344.3,33.76,33814.85,101.380,0.15015,,,,
841,04/14/2026 19:58:44,25.69,7.85,6.48,25.61,102.462,52028.1,51365.7,33.77,33818.25,101.380,0.14668,,,,
842,04/14/2026 20:00:44,25.67,7.84,6.48,25.60,102.548,51959.0,51310.4,33.73,33773.37,101.380,0.15521,,,,
843,04/14/2026 20:02:44,25.66,7.85,6.48,25.59,102.565,52003.2,51370.3,33.77,33802.08,101.380,0.15688,,,,
844,04/14/2026 20:04:44,25.65,7.84,6.48,25.57,102.478,51935.4,51319.5,33.74,33758.04,101.380,0.14828,,,,
845,04/14/2026 20:06:44,25.64,7.84,6.48,25.56,102.495,51934.2,51331.2,33.74,33757.24,101.380,0.14995,,,,
846,04/14/2026 20:08:44,25.62,7.85,6.49,25.55,102.495,51882.2,51292.8,33.72,33723.44,101.380,0.14992,,,,
847,04/14/2026 20:10:44,25.61,7.85,6.48,25.54,102.512,51901.8,51325.0,33.74,33736.16,101.380,0.15160,,,,
848,04/14/2026 20:12:44,25.60,7.85,6.49,25.52,102.529,51877.3,51313.8,33.73,33720.27,101.380,0.15328,,,,
849,04/14/2026 20:14:44,25.59,7.85,6.48,25.51,102.546,51875.8,51325.2,33.74,33719.27,101.380,0.15496,,,,
850,04/14/2026 20:16:44,25.57,7.85,6.48,25.50,102.562,51885.0,51347.3,33.75,33725.23,101.380,0.15664,,,,
851,04/14/2026 20:18:44,25.56,7.86,6.49,25.49,102.528,51865.4,51340.9,33.75,33712.53,101.380,0.15318,,,,
852,04/14/2026 20:20:44,25.55,7.86,6.49,25.48,102.527,51826.4,51311.9,33.73,33687.13,101.380,0.15315,,,,
853,04/14/2026 20:22:44,25.54,7.85,6.49,25.47,102.493,51829.1,51327.6,33.74,33688.93,101.380,0.14969,,,,
854,04/14/2026 20:24:44,25.53,7.86,6.49,25.45,102.544,51812.0,51323.6,33.73,33677.81,101.380,0.15480,,,,
855,04/14/2026 20:26:44,25.51,7.86,6.49,25.44,102.509,51810.8,51335.4,33.74,33677.03,101.380,0.15134,,,,
856,04/14/2026 20:28:44,25.50,7.86,6.50,25.43,102.526,51770.6,51308.5,33.72,33650.89,101.380,0.15302,,,,
857,04/14/2026 20:30:44,25.49,7.86,6.49,25.42,102.508,51828.8,51379.2,33.77,33688.71,101.380,0.15127,,,,
858,04/14/2026 20:32:44,25.48,7.87,6.50,25.40,102.474,51828.8,51392.2,33.78,33688.71,101.380,0.14781,,,,
859,04/14/2026 20:34:44,25.47,7.87,6.50,25.40,102.508,51749.6,51323.3,33.73,33637.22,101.380,0.15121,,,,
860,04/14/2026 20:36:44,25.46,7.87,6.50,25.38,102.473,51786.1,51372.6,33.77,33660.98,101.380,0.14775,,,,
861,04/14/2026 20:38:44,25.44,7.87,6.50,25.37,102.456,51781.0,51380.5,33.77,33657.63,101.380,0.14600,,,,
862,04/14/2026 20:40:44,25.43,7.88,6.51,25.36,102.490,51733.2,51346.1,33.75,33626.59,101.380,0.14939,,,,
863,04/14/2026 20:42:44,25.42,7.88,6.50,25.35,102.506,51717.4,51343.3,33.74,33616.29,101.380,0.15107,,,,
864,04/14/2026 20:44:44,25.41,7.88,6.50,25.34,102.489,51872.7,51507.3,33.86,33717.27,101.380,0.14933,,,,
865,04/14/2026 20:46:44,25.40,7.88,6.51,25.33,102.523,51722.5,51367.9,33.76,33619.64,101.380,0.15274,,,,
866,04/14/2026 20:48:44,25.39,7.88,6.51,25.32,102.488,51708.2,51366.7,33.76,33610.36,101.380,0.14928,,,,
867,04/14/2026 20:50:44,25.37,7.88,6.51,25.30,102.540,51720.1,51391.6,33.78,33618.09,101.380,0.15438,,,,
868,04/14/2026 20:52:44,25.36,7.89,6.51,25.30,102.471,51646.8,51328.4,33.73,33570.39,101.380,0.14750,,,,
869,04/14/2026 20:54:44,25.36,7.88,6.50,25.29,102.505,51705.9,51396.9,33.78,33608.80,101.380,0.15090,,,,
870,04/14/2026 20:56:44,25.34,7.89,6.52,25.28,102.522,51645.2,51346.3,33.74,33569.37,101.380,0.15259,,,,
871,04/14/2026 20:58:44,25.34,7.89,6.51,25.27,102.539,51683.6,51394.3,33.78,33594.36,101.380,0.15428,,,,
872,04/14/2026 21:00:44,25.32,7.90,6.52,25.26,102.521,51583.5,51307.7,33.71,33529.25,101.380,0.15253,,,,
873,04/14/2026 21:02:44,25.31,7.89,6.52,25.25,102.538,51646.4,51380.1,33.77,33570.14,101.380,0.15422,,,,
874,04/14/2026 21:04:44,25.31,7.89,6.52,25.24,102.521,51620.6,51364.2,33.75,33553.41,101.380,0.15248,,,,
875,04/14/2026 21:06:44,25.30,7.89,6.51,25.23,102.572,51587.0,51340.5,33.74,33531.56,101.380,0.15759,,,,
876,04/14/2026 21:08:44,25.28,7.90,6.53,25.22,102.537,51559.0,51325.6,33.72,33513.34,101.380,0.15414,,,,
877,04/14/2026 21:10:44,25.27,7.90,6.52,25.21,102.554,51593.3,51369.6,33.76,33535.68,101.380,0.15582,,,,
878,04/14/2026 21:12:44,25.26,7.90,6.52,25.20,102.520,51610.3,51396.3,33.78,33546.73,101.380,0.15237,,,,
879,04/14/2026 21:14:44,25.26,7.90,6.52,25.19,102.554,51690.0,51485.4,33.84,33598.49,101.380,0.15577,,,,
880,04/14/2026 21:16:44,25.24,7.92,6.53,25.18,102.571,51573.2,51378.8,33.76,33522.57,101.380,0.15746,,,,
881,04/14/2026 21:18:44,25.24,7.91,6.53,25.17,102.588,51593.3,51411.9,33.79,33535.68,101.380,0.15914,,,,
882,04/14/2026 21:20:44,25.23,7.91,6.53,25.16,102.553,51539.6,51368.2,33.75,33500.76,101.380,0.15569,,,,
883,04/14/2026 21:22:44,25.22,7.91,6.53,25.15,102.535,51508.9,51347.3,33.74,33480.78,101.380,0.15395,,,,
884,04/14/2026 21:24:44,25.21,7.91,6.53,25.14,102.535,51579.5,51427.5,33.80,33526.69,101.380,0.15393,,,,
885,04/14/2026 21:26:44,25.20,7.92,6.54,25.13,102.535,51517.5,51375.5,33.76,33486.40,101.380,0.15390,,,,
886,04/14/2026 21:28:44,25.19,7.92,6.54,25.12,102.586,51510.1,51377.8,33.76,33481.54,101.380,0.15901,,,,
887,04/14/2026 21:30:44,25.18,7.92,6.54,25.11,102.534,51489.6,51370.4,33.75,33468.22,101.380,0.15384,,,,
888,04/14/2026 21:32:44,25.16,7.92,6.54,25.10,102.551,51507.3,51397.9,33.77,33479.73,101.380,0.15553,,,,
889,04/14/2026 21:34:44,25.16,7.92,6.54,25.09,102.534,51488.4,51388.8,33.76,33467.46,101.380,0.15379,,,,
890,04/14/2026 21:36:44,25.15,7.93,6.55,25.08,102.516,51499.8,51410.0,33.78,33474.88,101.380,0.15205,,,,
891,04/14/2026 21:38:44,25.14,7.92,6.54,25.07,102.585,51454.9,51375.0,33.75,33445.71,101.380,0.15888,,,,
892,04/14/2026 21:40:44,25.12,7.93,6.55,25.06,102.585,51491.9,51424.9,33.79,33469.75,101.380,0.15884,,,,
893,04/14/2026 21:42:44,25.12,7.93,6.54,25.05,102.567,51423.8,51366.7,33.75,33425.49,101.380,0.15711,,,,
894,04/14/2026 21:44:44,25.11,7.94,6.55,25.04,102.550,51469.1,51421.8,33.79,33454.91,101.380,0.15537,,,,
895,04/14/2026 21:46:44,25.10,7.94,6.55,25.03,102.532,51419.2,51381.7,33.76,33422.46,101.380,0.15363,,,,
896,04/14/2026 21:48:44,25.09,7.94,6.55,25.03,102.584,51395.3,51367.6,33.75,33406.92,101.380,0.15874,,,,
897,04/14/2026 21:50:44,25.08,7.93,6.55,25.02,102.583,51402.2,51384.4,33.76,33411.46,101.380,0.15872,,,,
898,04/14/2026 21:52:44,25.07,7.95,6.56,25.01,102.566,51361.4,51353.3,33.73,33384.94,101.380,0.15698,,,,
899,04/14/2026 21:54:44,25.06,7.94,6.55,25.00,102.617,51449.4,51451.1,33.81,33442.09,101.380,0.16209,,,,
900,04/14/2026 21:56:44,25.05,7.94,6.56,24.99,102.600,51360.3,51371.8,33.75,33384.19,101.380,0.16035,,,,
901,04/14/2026 21:58:44,25.05,7.95,6.55,24.98,102.548,51563.7,51585.1,33.90,33516.40,101.380,0.15519,,,,
902,04/14/2026 22:00:44,25.04,7.96,6.57,24.97,102.548,51347.3,51381.7,33.75,33375.76,101.380,0.15516,,,,
903,04/14/2026 22:02:44,25.03,7.96,6.57,24.96,102.547,51385.8,51430.0,33.79,33400.75,101.380,0.15513,,,,
904,04/14/2026 22:04:44,25.02,7.95,6.56,24.95,102.547,51366.5,51423.8,33.78,33388.25,101.380,0.15510,,,,
905,04/14/2026 22:06:44,25.01,7.96,6.56,24.94,102.616,51366.5,51433.6,33.79,33388.25,101.380,0.16192,,,,
906,04/14/2026 22:08:44,25.00,7.96,6.57,24.93,102.615,51301.0,51377.9,33.75,33345.68,101.380,0.16190,,,,
907,04/14/2026 22:10:44,24.99,7.97,6.58,24.92,102.615,51315.6,51405.6,33.77,33355.16,101.380,0.16187,,,,
908,04/14/2026 22:12:44,24.98,7.97,6.57,24.91,102.580,51296.4,51396.2,33.76,33342.68,101.380,0.15842,,,,
909,04/14/2026 22:14:44,24.98,7.96,6.57,24.90,102.597,51296.4,51406.0,33.77,33342.68,101.380,0.16010,,,,
910,04/14/2026 22:16:44,24.97,7.97,6.58,24.89,102.563,51253.0,51372.3,33.74,33314.46,101.380,0.15665,,,,
911,04/14/2026 22:18:44,24.96,7.98,6.58,24.88,102.562,51503.3,51633.0,33.93,33477.17,101.380,0.15663,,,,
912,04/14/2026 22:20:44,24.94,7.97,6.58,24.87,102.597,51281.2,51420.2,33.78,33332.78,101.380,0.16003,,,,
913,04/14/2026 22:22:44,24.94,7.98,6.58,24.86,102.579,51257.0,51405.7,33.77,33317.02,101.380,0.15829,,,,
914,04/14/2026 22:24:44,24.93,7.98,6.59,24.86,102.596,51258.1,51413.4,33.77,33317.76,101.380,0.15998,,,,
915,04/14/2026 22:26:44,24.92,7.98,6.59,24.85,102.630,51219.8,51384.8,33.75,33292.88,101.380,0.16339,,,,
916,04/14/2026 22:28:44,24.91,7.98,6.58,24.84,102.578,51222.6,51397.4,33.76,33294.68,101.380,0.15822,,,,
917,04/14/2026 22:30:44,24.91,7.98,6.59,24.83,102.578,51294.8,51476.4,33.82,33341.62,101.380,0.15821,,,,
918,04/14/2026 22:32:44,24.89,7.99,6.60,24.82,102.561,51206.3,51397.4,33.76,33284.07,101.380,0.15647,,,,
919,04/14/2026 22:34:44,24.89,7.99,6.59,24.82,102.543,51231.1,51428.9,33.78,33300.21,101.380,0.15474,,,,
920,04/14/2026 22:36:44,24.88,7.99,6.59,24.81,102.543,51250.2,51458.0,33.80,33312.66,101.380,0.15471,,,,
921,04/14/2026 22:38:44,24.87,8.00,6.60,24.80,102.560,51227.7,51441.8,33.79,33297.98,101.380,0.15641,,,,
922,04/14/2026 22:40:44,24.87,7.99,6.59,24.80,102.577,51184.3,51404.9,33.76,33269.82,101.380,0.15811,,,,
923,04/14/2026 22:42:44,24.87,8.00,6.60,24.79,102.560,51181.6,51411.9,33.77,33268.02,101.380,0.15637,,,,
924,04/14/2026 22:44:44,24.85,8.00,6.60,24.78,102.560,51204.1,51441.2,33.79,33282.66,101.380,0.15635,,,,
925,04/14/2026 22:46:44,24.85,8.00,6.60,24.77,102.594,51191.7,51435.2,33.78,33274.59,101.380,0.15976,,,,
926,04/14/2026 22:48:44,24.83,8.00,6.60,24.77,102.576,51183.2,51433.3,33.78,33269.09,101.380,0.15803,,,,
927,04/14/2026 22:50:44,24.83,8.00,6.60,24.76,102.593,51178.2,51434.8,33.78,33265.80,101.380,0.15973,,,,
928,04/14/2026 22:52:44,24.83,8.01,6.60,24.76,102.576,51169.2,51432.3,33.78,33259.96,101.380,0.15800,,,,
929,04/14/2026 22:54:44,24.82,8.01,6.61,24.75,102.576,51168.0,51437.7,33.78,33259.21,101.380,0.15798,,,,
930,04/14/2026 22:56:44,24.82,8.00,6.60,24.74,102.627,51100.7,51376.6,33.74,33215.45,101.380,0.16310,,,,
931,04/14/2026 22:58:44,24.81,8.00,6.60,24.74,102.576,51151.2,51434.0,33.78,33248.28,101.380,0.15795,,,,
932,04/14/2026 23:00:44,24.80,8.00,6.60,24.73,102.541,51165.2,51457.9,33.80,33257.41,101.380,0.15449,,,,
933,04/14/2026 23:02:44,24.80,8.01,6.61,24.72,102.627,51162.5,51461.7,33.80,33255.59,101.380,0.16304,,,,
934,04/14/2026 23:04:44,24.79,8.01,6.61,24.72,102.592,51070.4,51375.7,33.74,33195.78,101.380,0.15960,,,,
935,04/14/2026 23:06:44,24.78,8.01,6.60,24.71,102.592,51109.7,51425.0,33.77,33221.28,101.380,0.15957,,,,
936,04/14/2026 23:08:44,24.78,8.01,6.61,24.70,102.626,51125.9,51451.2,33.79,33231.86,101.380,0.16298,,,,
937,04/14/2026 23:10:44,24.77,8.01,6.61,24.69,102.609,51119.8,51451.6,33.79,33227.84,101.380,0.16125,,,,
938,04/14/2026 23:12:44,24.76,8.01,6.61,24.68,102.643,51145.0,51486.9,33.82,33244.26,101.380,0.16465,,,,
939,04/14/2026 23:14:44,24.75,8.01,6.61,24.68,102.591,51075.5,51423.4,33.77,33199.05,101.380,0.15949,,,,
940,04/14/2026 23:16:44,24.74,8.02,6.61,24.67,102.625,51090.6,51445.3,33.78,33208.89,101.380,0.16290,,,,
941,04/14/2026 23:18:44,24.73,8.02,6.61,24.67,102.608,51081.6,51442.8,33.78,33203.06,101.380,0.16117,,,,
942,04/14/2026 23:20:44,24.73,8.02,6.62,24.66,102.573,51041.3,51412.1,33.76,33176.86,101.380,0.15772,,,,
943,04/14/2026 23:22:44,24.72,8.02,6.62,24.65,102.608,51016.2,51393.3,33.75,33160.50,101.380,0.16113,,,,
944,04/14/2026 23:24:44,24.71,8.02,6.62,24.64,102.590,51031.3,51418.3,33.76,33170.32,101.380,0.15939,,,,
945,04/14/2026 23:26:44,24.71,8.01,6.61,24.64,102.555,51050.3,51444.1,33.78,33182.68,101.380,0.15595,,,,
946,04/14/2026 23:28:44,24.70,8.02,6.61,24.63,102.607,51066.5,51467.0,33.80,33193.23,101.380,0.16107,,,,
947,04/14/2026 23:30:44,24.69,8.02,6.62,24.62,102.572,51037.4,51444.3,33.78,33174.32,101.380,0.15763,,,,
948,04/14/2026 23:32:44,24.68,8.02,6.61,24.62,102.572,51011.1,51424.4,33.77,33157.24,101.380,0.15761,,,,
949,04/14/2026 23:34:44,24.68,8.02,6.62,24.61,102.589,51017.3,51440.4,33.78,33161.23,101.380,0.15930,,,,
950,04/14/2026 23:36:44,24.68,8.02,6.62,24.61,102.537,50979.3,51405.4,33.75,33136.54,101.380,0.15415,,,,
951,04/14/2026 23:38:44,24.67,8.02,6.62,24.60,102.572,50982.1,51414.8,33.76,33138.36,101.380,0.15756,,,,
952,04/14/2026 23:40:44,24.67,8.02,6.61,24.59,102.589,51047.5,51487.4,33.81,33180.86,101.380,0.15926,,,,
953,04/14/2026 23:42:44,24.66,8.02,6.62,24.59,102.571,50977.1,51419.6,33.76,33135.09,101.380,0.15754,,,,
954,04/14/2026 23:44:44,24.65,8.02,6.62,24.58,102.571,50970.9,51420.0,33.76,33131.11,101.380,0.15752,,,,
955,04/14/2026 23:46:44,24.64,8.02,6.62,24.58,102.519,50970.4,51426.0,33.77,33130.73,101.380,0.15237,,,,
956,04/14/2026 23:48:44,24.64,8.02,6.61,24.58,102.571,51000.5,51459.7,33.79,33150.33,101.380,0.15749,,,,
957,04/14/2026 23:50:44,24.64,8.02,6.62,24.57,102.588,50963.1,51428.6,33.77,33126.02,101.380,0.15919,,,,
958,04/14/2026 23:52:44,24.64,8.02,6.61,24.56,102.571,50984.3,51456.6,33.79,33139.80,101.380,0.15746,,,,
959,04/14/2026 23:54:44,24.63,8.02,6.61,24.56,102.519,50980.4,51459.2,33.79,33137.26,101.380,0.15231,,,,
960,04/14/2026 23:56:44,24.63,8.02,6.62,24.55,102.536,50913.0,51397.7,33.74,33093.42,101.380,0.15400,,,,
961,04/14/2026 23:58:44,24.62,8.01,6.61,24.54,102.519,50969.2,51461.1,33.79,33130.01,101.380,0.15227,,,,
962,04/15/2026 00:00:44,24.61,8.03,6.63,24.54,102.536,50899.0,51396.8,33.74,33084.37,101.380,0.15397,,,,
963,04/15/2026 00:02:44,24.60,8.02,6.61,24.53,102.553,50960.3,51465.3,33.79,33124.20,101.380,0.15567,,,,
964,04/15/2026 00:04:44,24.60,8.02,6.62,24.53,102.518,50920.2,51428.0,33.76,33098.12,101.380,0.15223,,,,
965,04/15/2026 00:06:44,24.59,8.02,6.62,24.52,102.518,50906.3,51420.6,33.76,33089.06,101.380,0.15222,,,,
966,04/15/2026 00:08:44,24.59,8.03,6.62,24.52,102.552,50906.8,51427.7,33.76,33089.45,101.380,0.15562,,,,
967,04/15/2026 00:10:44,24.58,8.03,6.62,24.51,102.535,50972.6,51497.5,33.82,33132.18,101.380,0.15390,,,,
968,04/15/2026 00:12:44,24.58,8.03,6.62,24.51,102.518,50944.1,51475.3,33.80,33113.70,101.380,0.15217,,,,
969,04/15/2026 00:14:44,24.58,8.03,6.62,24.51,102.500,50958.1,51492.7,33.81,33122.76,101.380,0.15045,,,,
970,04/15/2026 00:16:44,24.57,8.03,6.62,24.50,102.517,50954.2,51492.1,33.81,33120.22,101.380,0.15216,,,,
971,04/15/2026 00:18:44,24.57,8.03,6.62,24.50,102.483,50935.2,51479.5,33.80,33107.89,101.380,0.14871,,,,
972,04/15/2026 00:20:44,24.56,8.03,6.62,24.49,102.517,50908.0,51455.3,33.78,33090.17,101.380,0.15213,,,,
973,04/15/2026 00:22:44,24.56,8.02,6.61,24.49,102.517,50951.4,51505.8,33.82,33118.40,101.380,0.15211,,,,
974,04/15/2026 00:24:44,24.55,8.03,6.62,24.48,102.534,50941.4,51498.9,33.81,33111.88,101.380,0.15382,,,,
975,04/15/2026 00:26:44,24.55,8.03,6.62,24.48,102.517,50895.1,51458.8,33.78,33081.84,101.380,0.15209,,,,
976,04/15/2026 00:28:44,24.54,8.02,6.62,24.47,102.482,50913.5,51483.9,33.80,33093.75,101.380,0.14865,,,,
977,04/15/2026 00:30:44,24.54,8.03,6.62,24.47,102.551,50941.4,51515.4,33.83,33111.88,101.380,0.15549,,,,
978,04/15/2026 00:32:44,24.53,8.03,6.63,24.46,102.430,50807.3,51386.5,33.73,33024.77,101.380,0.14348,,,,
979,04/15/2026 00:34:44,24.53,8.03,6.62,24.46,102.499,50853.4,51436.4,33.77,33054.71,101.380,0.15033,,,,
980,04/15/2026 00:36:44,24.53,8.03,6.62,24.45,102.464,50905.7,51495.8,33.81,33088.68,101.380,0.14689,,,,
981,04/15/2026 00:38:44,24.51,8.03,6.62,24.45,102.482,50942.5,51536.4,33.84,33112.60,101.380,0.14859,,,,
982,04/15/2026 00:40:44,24.51,8.03,6.62,24.45,102.499,50882.3,51482.1,33.80,33073.50,101.380,0.15029,,,,
983,04/15/2026 00:42:44,24.52,8.03,6.62,24.44,102.516,50867.3,51470.2,33.79,33063.75,101.380,0.15199,,,,
984,04/15/2026 00:44:44,24.50,8.04,6.63,24.44,102.516,50911.3,51518.0,33.83,33092.32,101.380,0.15198,,,,
985,04/15/2026 00:46:44,24.50,8.03,6.62,24.43,102.515,50873.4,51486.3,33.80,33067.71,101.380,0.15197,,,,
986,04/15/2026 00:48:44,24.50,8.04,6.63,24.43,102.447,50848.4,51464.3,33.79,33051.46,101.380,0.14511,,,,
987,04/15/2026 00:50:44,24.50,8.03,6.62,24.43,102.446,50867.3,51486.7,33.80,33063.75,101.380,0.14510,,,,
988,04/15/2026 00:52:44,24.49,8.04,6.63,24.42,102.515,50864.0,51490.0,33.80,33061.60,101.380,0.15193,,,,
989,04/15/2026 00:54:44,24.49,8.04,6.63,24.42,102.463,50861.7,51491.0,33.81,33060.09,101.380,0.14679,,,,
990,04/15/2026 00:56:44,24.49,8.03,6.62,24.41,102.480,50835.1,51470.7,33.79,33042.82,101.380,0.14848,,,,
991,04/15/2026 00:58:44,24.48,8.04,6.63,24.41,102.463,50894.5,51534.2,33.84,33081.44,101.380,0.14676,,,,
992,04/15/2026 01:00:44,24.48,8.04,6.63,24.41,102.463,50843.4,51485.7,33.80,33048.21,101.380,0.14675,,,,
993,04/15/2026 01:02:44,24.47,8.04,6.63,24.40,102.480,50784.6,51429.4,33.76,33009.97,101.380,0.14846,,,,
994,04/15/2026 01:04:44,24.47,8.03,6.62,24.40,102.497,50815.1,51463.6,33.78,33029.84,101.380,0.15016,,,,
995,04/15/2026 01:06:44,24.46,8.05,6.63,24.40,102.463,50829.0,51481.0,33.80,33038.86,101.380,0.14673,,,,
996,04/15/2026 01:08:44,24.46,8.05,6.63,24.39,102.411,50842.3,51501.1,33.81,33047.50,101.380,0.14157,,,,
997,04/15/2026 01:10:44,24.46,8.05,6.64,24.39,102.445,50812.3,51474.0,33.79,33028.01,101.380,0.14499,,,,
998,04/15/2026 01:12:44,24.45,8.04,6.63,24.38,102.497,50793.5,51458.2,33.78,33015.75,101.380,0.15012,,,,
999,04/15/2026 01:14:44,24.45,8.05,6.64,24.38,102.497,50762.5,51433.4,33.76,32995.59,101.380,0.15010,,,,
1000,04/15/2026 01:16:44,24.44,8.04,6.63,24.38,102.393,50838.4,51513.7,33.82,33044.96,101.380,0.13982,,,,
1001,04/15/2026 01:18:44,24.45,8.04,6.63,24.37,102.479,50797.4,51475.4,33.79,33018.28,101.380,0.14837,,,,
1002,04/15/2026 01:20:44,24.44,8.04,6.63,24.37,102.479,50750.8,51434.8,33.76,32988.00,101.380,0.14836,,,,
1003,04/15/2026 01:22:44,24.43,8.05,6.63,24.36,102.462,50783.5,51471.2,33.79,33009.26,101.380,0.14664,,,,
1004,04/15/2026 01:24:44,24.43,8.05,6.63,24.36,102.427,50739.7,51430.2,33.76,32980.82,101.380,0.14320,,,,
1005,04/15/2026 01:26:44,24.42,8.05,6.64,24.35,102.444,50767.4,51464.9,33.78,32998.83,101.380,0.14490,,,,
1006,04/15/2026 01:28:44,24.43,8.04,6.63,24.35,102.410,50753.6,51454.1,33.77,32989.83,101.380,0.14147,,,,
1007,04/15/2026 01:30:44,24.42,8.05,6.64,24.35,102.410,50811.2,51519.2,33.82,33027.30,101.380,0.14145,,,,
1008,04/15/2026 01:32:44,24.41,8.05,6.63,24.34,102.392,50793.5,51504.5,33.81,33015.75,101.380,0.13973,,,,
1009,04/15/2026 01:34:44,24.40,8.04,6.63,24.34,102.410,50774.6,51488.7,33.80,33003.48,101.380,0.14143,,,,
1010,04/15/2026 01:36:44,24.40,8.04,6.63,24.34,102.461,50702.7,51419.1,33.75,32956.78,101.380,0.14656,,,,
1011,04/15/2026 01:38:44,24.40,8.05,6.63,24.33,102.375,50765.7,51486.3,33.80,32997.71,101.380,0.13799,,,,
1012,04/15/2026 01:40:44,24.40,8.05,6.64,24.33,102.427,50713.8,51436.9,33.76,32963.95,101.380,0.14312,,,,
1013,04/15/2026 01:42:44,24.40,8.05,6.64,24.33,102.375,50759.6,51486.7,33.80,32993.77,101.380,0.13798,,,,
1014,04/15/2026 01:44:44,24.39,8.05,6.63,24.32,102.426,50794.5,51525.5,33.83,33016.45,101.380,0.14310,,,,
1015,04/15/2026 01:46:44,24.39,8.06,6.64,24.32,102.375,50784.6,51518.7,33.82,33009.97,101.380,0.13796,,,,
1016,04/15/2026 01:48:44,24.39,8.05,6.64,24.32,102.375,50724.8,51461.3,33.78,32971.11,101.380,0.13795,,,,
1017,04/15/2026 01:50:44,24.39,8.05,6.64,24.32,102.392,50734.7,51474.7,33.79,32977.58,101.380,0.13965,,,,
1018,04/15/2026 01:52:44,24.38,8.06,6.64,24.31,102.426,50778.5,51522.4,33.82,33006.02,101.380,0.14307,,,,
1019,04/15/2026 01:54:44,24.38,8.05,6.64,24.31,102.357,50765.5,51512.6,33.82,32997.59,101.380,0.13621,,,,
1020,04/15/2026 01:56:44,24.37,8.06,6.64,24.31,102.340,50758.6,51508.8,33.81,32993.06,101.380,0.13449,,,,
1021,04/15/2026 01:58:44,24.37,8.06,6.64,24.30,102.391,50702.1,51454.9,33.77,32956.36,101.380,0.13962,,,,
1022,04/15/2026 02:00:44,24.37,8.06,6.64,24.30,102.340,50794.5,51552.0,33.84,33016.45,101.380,0.13447,,,,
1023,04/15/2026 02:02:44,24.37,8.06,6.64,24.30,102.374,50698.8,51458.2,33.77,32954.25,101.380,0.13789,,,,
1024,04/15/2026 02:04:44,24.36,8.05,6.64,24.29,102.391,50713.8,51476.6,33.79,32963.95,101.380,0.13960,,,,
1025,04/15/2026 02:06:44,24.36,8.05,6.64,24.29,102.374,50671.2,51433.4,33.76,32936.28,101.380,0.13788,,,,
1026,04/15/2026 02:08:44,24.36,8.06,6.65,24.29,102.357,50714.8,51481.0,33.79,32964.64,101.380,0.13616,,,,
1027,04/15/2026 02:10:44,24.36,8.06,6.65,24.29,102.391,50712.7,51478.8,33.79,32963.24,101.380,0.13959,,,,
1028,04/15/2026 02:12:44,24.36,8.06,6.65,24.29,102.408,50704.9,51474.2,33.79,32958.18,101.380,0.14129,,,,
1029,04/15/2026 02:14:44,24.35,8.06,6.64,24.29,102.339,50744.3,51517.5,33.82,32983.77,101.380,0.13443,,,,
1030,04/15/2026 02:16:44,24.36,8.06,6.64,24.29,102.356,50664.1,51436.1,33.76,32931.65,101.380,0.13614,,,,
1031,04/15/2026 02:18:44,24.36,8.06,6.64,24.28,102.322,50690.0,51465.7,33.78,32948.49,101.380,0.13271,,,,
1032,04/15/2026 02:20:44,24.35,8.06,6.64,24.28,102.356,50686.1,51465.1,33.78,32945.96,101.380,0.13613,,,,
1033,04/15/2026 02:22:44,24.35,8.06,6.65,24.28,102.391,50668.0,51450.0,33.77,32934.18,101.380,0.13955,,,,
1034,04/15/2026 02:24:44,24.35,8.06,6.64,24.28,102.356,50687.8,51470.1,33.78,32947.09,101.380,0.13612,,,,
1035,04/15/2026 02:26:44,24.34,8.06,6.65,24.27,102.339,50686.8,51472.4,33.78,32946.39,101.380,0.13440,,,,
1036,04/15/2026 02:28:44,24.33,8.06,6.65,24.27,102.356,50710.5,51499.8,33.80,32961.84,101.380,0.13610,,,,
1037,04/15/2026 02:30:44,24.34,8.06,6.65,24.27,102.373,50682.9,51471.7,33.78,32943.86,101.380,0.13782,,,,
1038,04/15/2026 02:32:44,24.33,8.06,6.65,24.27,102.322,50703.8,51496.3,33.80,32957.48,101.380,0.13267,,,,
1039,04/15/2026 02:34:44,24.33,8.05,6.64,24.26,102.339,50712.7,51508.6,33.81,32963.24,101.380,0.13437,,,,
1040,04/15/2026 02:36:44,24.33,8.06,6.64,24.26,102.321,50693.9,51489.5,33.80,32951.02,101.380,0.13266,,,,
1041,04/15/2026 02:38:44,24.32,8.06,6.64,24.26,102.373,50692.1,51491.1,33.80,32949.89,101.380,0.13779,,,,
1042,04/15/2026 02:40:44,24.33,8.06,6.64,24.26,102.287,50692.8,51495.1,33.80,32950.32,101.380,0.12922,,,,
1043,04/15/2026 02:42:44,24.33,8.05,6.64,24.26,102.338,50644.2,51445.7,33.76,32918.75,101.380,0.13436,,,,
1044,04/15/2026 02:44:44,24.33,8.05,6.64,24.26,102.356,50676.2,51481.5,33.79,32939.50,101.380,0.13606,,,,
1045,04/15/2026 02:46:44,24.32,8.05,6.64,24.25,102.356,50660.2,51468.5,33.78,32929.13,101.380,0.13605,,,,
1046,04/15/2026 02:48:44,24.32,8.06,6.64,24.25,102.287,50670.1,51478.6,33.79,32935.57,101.380,0.12920,,,,
1047,04/15/2026 02:50:44,24.31,8.06,6.64,24.25,102.321,50643.2,51454.6,33.77,32918.05,101.380,0.13262,,,,
1048,04/15/2026 02:52:44,24.31,8.05,6.63,24.25,102.321,50666.2,51478.0,33.79,32933.05,101.380,0.13262,,,,
1049,04/15/2026 02:54:44,24.31,8.05,6.64,24.25,102.338,50640.3,51455.0,33.77,32916.22,101.380,0.13432,,,,
1050,04/15/2026 02:56:44,24.31,8.05,6.64,24.25,102.304,50680.0,51495.3,33.80,32942.03,101.380,0.13090,,,,
1051,04/15/2026 02:58:44,24.31,8.06,6.64,24.25,102.338,50675.1,51490.3,33.80,32938.80,101.380,0.13432,,,,
1052,04/15/2026 03:00:44,24.31,8.05,6.64,24.25,102.321,50645.3,51460.1,33.77,32919.45,101.380,0.13261,,,,
1053,04/15/2026 03:02:44,24.31,8.05,6.64,24.24,102.338,50621.6,51439.3,33.76,32904.03,101.380,0.13432,,,,
1054,04/15/2026 03:04:44,24.31,8.05,6.64,24.24,102.304,50589.1,51406.2,33.73,32882.89,101.380,0.13089,,,,
1055,04/15/2026 03:06:44,24.31,8.05,6.64,24.24,102.321,50586.9,51404.0,33.73,32881.50,101.380,0.13260,,,,
1056,04/15/2026 03:08:44,24.31,8.05,6.63,24.24,102.338,50631.5,51452.7,33.77,32910.48,101.380,0.13431,,,,
1057,04/15/2026 03:10:44,24.31,8.05,6.64,24.24,102.338,50688.3,51510.3,33.81,32947.37,101.380,0.13431,,,,
1058,04/15/2026 03:12:44,24.31,8.05,6.64,24.24,102.338,50652.4,51473.9,33.78,32924.07,101.380,0.13431,,,,
1059,04/15/2026 03:14:44,24.31,8.05,6.63,24.24,102.321,50652.4,51473.9,33.78,32924.07,101.380,0.13260,,,,
1060,04/15/2026 03:16:44,24.31,8.05,6.64,24.24,102.304,50615.6,51436.5,33.76,32900.11,101.380,0.13088,,,,
1061,04/15/2026 03:18:44,24.31,8.05,6.63,24.24,102.303,50665.2,51490.1,33.79,32932.35,101.380,0.13088,,,,
1062,04/15/2026 03:20:44,24.31,8.05,6.64,24.24,102.303,50619.8,51444.1,33.76,32902.90,101.380,0.13088,,,,
1063,04/15/2026 03:22:44,24.30,8.05,6.64,24.24,102.338,50633.2,51457.7,33.77,32911.61,101.380,0.13430,,,,
1064,04/15/2026 03:24:44,24.30,8.05,6.64,24.23,102.286,50584.8,51411.8,33.74,32880.11,101.380,0.12915,,,,
1065,04/15/2026 03:26:44,24.30,8.06,6.64,24.23,102.321,50580.9,51407.8,33.73,32877.59,101.380,0.13258,,,,
1066,04/15/2026 03:28:44,24.30,8.05,6.64,24.23,102.321,50585.8,51416.2,33.74,32880.80,101.380,0.13257,,,,
1067,04/15/2026 03:30:44,24.30,8.06,6.64,24.23,102.269,50596.8,51427.3,33.75,32887.93,101.380,0.12743,,,,
1068,04/15/2026 03:32:44,24.29,8.06,6.65,24.23,102.320,50547.4,51380.4,33.71,32855.78,101.380,0.13256,,,,
1069,04/15/2026 03:34:44,24.29,8.06,6.65,24.23,102.320,50574.2,51407.7,33.73,32873.23,101.380,0.13256,,,,
1070,04/15/2026 03:36:44,24.30,8.06,6.65,24.23,102.355,50550.5,51383.6,33.72,32857.86,101.380,0.13599,,,,
1071,04/15/2026 03:38:44,24.29,8.06,6.65,24.22,102.338,50569.3,51405.9,33.73,32870.02,101.380,0.13427,,,,
1072,04/15/2026 03:40:44,24.29,8.07,6.65,24.22,102.286,50574.2,51411.0,33.74,32873.23,101.380,0.12913,,,,
1073,04/15/2026 03:42:44,24.29,8.06,6.65,24.22,102.320,50589.7,51426.8,33.75,32883.32,101.380,0.13255,,,,
1074,04/15/2026 03:44:44,24.29,8.07,6.65,24.22,102.303,50571.0,51407.7,33.73,32871.16,101.380,0.13084,,,,
1075,04/15/2026 03:46:44,24.29,8.07,6.65,24.22,102.337,50582.0,51422.1,33.74,32878.28,101.380,0.13426,,,,
1076,04/15/2026 03:48:44,24.29,8.08,6.66,24.22,102.303,50570.3,51410.3,33.74,32870.70,101.380,0.13083,,,,
1077,04/15/2026 03:50:44,24.29,8.08,6.66,24.22,102.251,50566.1,51406.0,33.73,32867.94,101.380,0.12570,,,,
1078,04/15/2026 03:52:44,24.29,8.08,6.66,24.22,102.303,50523.7,51362.9,33.70,32840.42,101.380,0.13083,,,,
1079,04/15/2026 03:54:44,24.29,8.07,6.66,24.22,102.320,50537.5,51376.9,33.71,32849.36,101.380,0.13255,,,,
1080,04/15/2026 03:56:44,24.29,8.09,6.67,24.22,102.286,50548.4,51391.4,33.72,32856.47,101.380,0.12911,,,,
1081,04/15/2026 03:58:44,24.28,8.08,6.66,24.22,102.303,50507.9,51346.8,33.69,32830.11,101.380,0.13083,,,,
1082,04/15/2026 04:00:44,24.29,8.08,6.66,24.22,102.251,50555.5,51395.2,33.72,32861.07,101.380,0.12570,,,,
1083,04/15/2026 04:02:44,24.29,8.08,6.66,24.22,102.269,50547.4,51387.0,33.72,32855.78,101.380,0.12741,,,,
1084,04/15/2026 04:04:44,24.28,8.08,6.66,24.22,102.320,50590.8,51431.1,33.75,32884.02,101.380,0.13255,,,,
1085,04/15/2026 04:06:44,24.29,8.08,6.66,24.22,102.269,50535.4,51374.8,33.71,32847.98,101.380,0.12741,,,,
1086,04/15/2026 04:08:44,24.28,8.08,6.67,24.22,102.251,50528.7,51368.0,33.70,32843.63,101.380,0.12570,,,,
1087,04/15/2026 04:10:44,24.29,8.07,6.65,24.22,102.320,50596.8,51437.2,33.76,32887.93,101.380,0.13255,,,,
1088,04/15/2026 04:12:44,24.29,8.08,6.66,24.22,102.269,50534.7,51374.1,33.71,32847.53,101.380,0.12741,,,,
1089,04/15/2026 04:14:44,24.29,8.08,6.66,24.22,102.251,50544.5,51384.1,33.72,32853.95,101.380,0.12570,,,,
1090,04/15/2026 04:16:44,24.28,8.08,6.66,24.22,102.303,50529.0,51368.3,33.70,32843.86,101.380,0.13083,,,,
1091,04/15/2026 04:18:44,24.29,8.08,6.67,24.22,102.269,50539.6,51379.1,33.71,32850.73,101.380,0.12741,,,,
1092,04/15/2026 04:20:44,24.29,8.09,6.67,24.22,102.269,50514.9,51354.0,33.69,32834.68,101.380,0.12741,,,,
1093,04/15/2026 04:22:44,24.29,8.08,6.67,24.22,102.303,50548.4,51384.8,33.72,32856.47,101.380,0.13084,,,,
1094,04/15/2026 04:24:44,24.29,8.09,6.67,24.22,102.303,50508.9,51344.6,33.69,32830.79,101.380,0.13084,,,,
1095,04/15/2026 04:26:44,24.29,8.09,6.67,24.22,102.251,50543.5,51379.7,33.71,32853.26,101.380,0.12570,,,,
1096,04/15/2026 04:28:44,24.29,8.09,6.68,24.23,102.252,50539.6,51372.5,33.71,32850.73,101.380,0.12571,,,,
1097,04/15/2026 04:30:44,24.29,8.09,6.67,24.23,102.252,50550.5,51383.6,33.72,32857.86,101.380,0.12571,,,,
1098,04/15/2026 04:32:44,24.29,8.10,6.68,24.23,102.252,50535.7,51368.5,33.70,32848.21,101.380,0.12571,,,,
1099,04/15/2026 04:34:44,24.29,8.09,6.67,24.23,102.269,50510.3,51339.4,33.68,32831.71,101.380,0.12743,,,,
1100,04/15/2026 04:36:44,24.30,8.10,6.68,24.23,102.286,50508.2,51337.3,33.68,32830.33,101.380,0.12915,,,,
1101,04/15/2026 04:38:44,24.29,8.10,6.68,24.23,102.321,50522.0,51351.2,33.69,32839.27,101.380,0.13257,,,,
1102,04/15/2026 04:40:44,24.29,8.10,6.68,24.23,102.286,50519.1,51345.1,33.69,32837.44,101.380,0.12915,,,,
1103,04/15/2026 04:42:44,24.29,8.10,6.68,24.23,102.303,50501.9,51327.5,33.68,32826.21,101.380,0.13087,,,,
1104,04/15/2026 04:44:44,24.30,8.10,6.68,24.24,102.269,50548.8,51371.9,33.71,32856.71,101.380,0.12745,,,,
1105,04/15/2026 04:46:44,24.30,8.11,6.69,24.24,102.252,50501.2,51323.5,33.67,32825.75,101.380,0.12574,,,,
1106,04/15/2026 04:48:44,24.31,8.10,6.68,24.24,102.286,50567.1,51387.2,33.72,32868.64,101.380,0.12917,,,,
1107,04/15/2026 04:50:44,24.30,8.10,6.68,24.24,102.304,50503.3,51322.3,33.67,32827.13,101.380,0.13088,,,,
1108,04/15/2026 04:52:44,24.30,8.11,6.69,24.24,102.269,50492.3,51307.9,33.66,32820.02,101.380,0.12747,,,,
1109,04/15/2026 04:54:44,24.30,8.10,6.68,24.24,102.218,50520.2,51336.2,33.68,32838.13,101.380,0.12233,,,,
1110,04/15/2026 04:56:44,24.31,8.11,6.69,24.25,102.252,50526.9,51339.7,33.68,32842.48,101.380,0.12576,,,,
1111,04/15/2026 04:58:44,24.31,8.12,6.70,24.25,102.304,50495.5,51307.8,33.66,32822.08,101.380,0.13090,,,,
1112,04/15/2026 05:00:44,24.31,8.11,6.69,24.25,102.235,50484.6,51293.5,33.65,32814.99,101.380,0.12406,,,,
1113,04/15/2026 05:02:44,24.31,8.11,6.69,24.25,102.269,50520.2,51329.6,33.68,32838.13,101.380,0.12748,,,,
1114,04/15/2026 05:04:44,24.31,8.11,6.69,24.25,102.287,50524.1,51330.3,33.68,32840.65,101.380,0.12920,,,,
1115,04/15/2026 05:06:44,24.32,8.10,6.69,24.25,102.235,50461.7,51266.9,33.63,32800.12,101.380,0.12407,,,,
1116,04/15/2026 05:08:44,24.31,8.11,6.69,24.25,102.287,50451.9,51256.9,33.62,32793.72,101.380,0.12920,,,,
1117,04/15/2026 05:10:44,24.32,8.11,6.69,24.26,102.304,50457.9,51259.7,33.63,32797.60,101.380,0.13093,,,,
1118,04/15/2026 05:12:44,24.31,8.10,6.69,24.26,102.287,50464.9,51266.8,33.63,32802.17,101.380,0.12921,,,,
1119,04/15/2026 05:14:44,24.32,8.11,6.69,24.26,102.287,50554.4,51354.5,33.70,32860.37,101.380,0.12922,,,,
1120,04/15/2026 05:16:44,24.32,8.11,6.69,24.26,102.321,50493.4,51292.5,33.65,32820.71,101.380,0.13265,,,,
1121,04/15/2026 05:18:44,24.33,8.11,6.69,24.26,102.356,50456.8,51252.0,33.62,32796.91,101.380,0.13608,,,,
1122,04/15/2026 05:20:44,24.33,8.10,6.69,24.26,102.304,50421.6,51216.3,33.59,32774.05,101.380,0.13094,,,,
1123,04/15/2026 05:22:44,24.33,8.11,6.69,24.26,102.321,50410.0,51204.5,33.59,32766.50,101.380,0.13265,,,,
1124,04/15/2026 05:24:44,24.33,8.10,6.69,24.26,102.287,50427.6,51219.1,33.60,32777.93,101.380,0.12924,,,,
1125,04/15/2026 05:26:44,24.33,8.11,6.70,24.26,102.321,50457.1,51249.1,33.62,32797.14,101.380,0.13266,,,,
1126,04/15/2026 05:28:44,24.33,8.10,6.69,24.27,102.253,50447.3,51235.8,33.61,32790.73,101.380,0.12582,,,,
1127,04/15/2026 05:30:44,24.33,8.11,6.69,24.27,102.339,50435.3,51220.3,33.60,32782.96,101.380,0.13439,,,,
1128,04/15/2026 05:32:44,24.33,8.11,6.69,24.27,102.322,50392.1,51176.5,33.57,32754.88,101.380,0.13268,,,,
1129,04/15/2026 05:34:44,24.34,8.11,6.69,24.27,102.304,50440.6,51222.4,33.60,32786.37,101.380,0.13098,,,,
1130,04/15/2026 05:36:44,24.34,8.11,6.69,24.27,102.270,50414.9,51196.3,33.58,32769.70,101.380,0.12755,,,,
1131,04/15/2026 05:38:44,24.34,8.10,6.69,24.28,102.339,50448.3,51226.9,33.60,32791.41,101.380,0.13441,,,,
1132,04/15/2026 05:40:44,24.34,8.10,6.69,24.28,102.356,50404.0,51182.0,33.57,32762.62,101.380,0.13612,,,,
1133,04/15/2026 05:42:44,24.34,8.10,6.69,24.28,102.287,50392.4,51166.9,33.56,32755.08,101.380,0.12928,,,,
1134,04/15/2026 05:44:44,24.34,8.09,6.68,24.28,102.373,50454.3,51229.7,33.61,32795.30,101.380,0.13784,,,,
1135,04/15/2026 05:46:44,24.34,8.09,6.68,24.28,102.322,50431.0,51206.1,33.59,32780.18,101.380,0.13270,,,,
1136,04/15/2026 05:48:44,24.35,8.09,6.68,24.28,102.339,50406.1,51177.5,33.57,32763.98,101.380,0.13442,,,,
1137,04/15/2026 05:50:44,24.35,8.09,6.68,24.28,102.339,50401.2,51172.5,33.56,32760.79,101.380,0.13442,,,,
1138,04/15/2026 05:52:44,24.35,8.09,6.68,24.28,102.322,50418.1,51189.6,33.58,32771.74,101.380,0.13271,,,,
1139,04/15/2026 05:54:44,24.35,8.09,6.68,24.28,102.356,50359.1,51129.7,33.53,32733.40,101.380,0.13614,,,,
1140,04/15/2026 05:56:44,24.35,8.09,6.68,24.28,102.322,50372.8,51143.6,33.54,32742.30,101.380,0.13271,,,,
1141,04/15/2026 05:58:44,24.35,8.09,6.68,24.28,102.305,50403.3,51174.6,33.57,32762.14,101.380,0.13100,,,,
1142,04/15/2026 06:00:44,24.34,8.08,6.67,24.29,102.391,50416.0,51184.2,33.57,32770.38,101.380,0.13957,,,,
1143,04/15/2026 06:02:44,24.35,8.08,6.67,24.29,102.305,50391.4,51159.3,33.55,32754.40,101.380,0.13101,,,,
1144,04/15/2026 06:04:44,24.35,8.08,6.67,24.29,102.356,50379.5,51147.2,33.54,32746.65,101.380,0.13614,,,,
1145,04/15/2026 06:06:44,24.35,8.09,6.68,24.29,102.408,50423.7,51192.1,33.58,32775.41,101.380,0.14128,,,,
1146,04/15/2026 06:08:44,24.35,8.08,6.67,24.29,102.357,50394.2,51158.8,33.55,32756.23,101.380,0.13615,,,,
1147,04/15/2026 06:10:44,24.36,8.07,6.66,24.29,102.322,50370.7,51135.0,33.54,32740.94,101.380,0.13273,,,,
1148,04/15/2026 06:12:44,24.35,8.08,6.67,24.29,102.322,50354.9,51119.0,33.52,32730.69,101.380,0.13273,,,,
1149,04/15/2026 06:14:44,24.36,8.07,6.67,24.29,102.357,50395.3,51159.9,33.55,32756.91,101.380,0.13615,,,,
1150,04/15/2026 06:16:44,24.35,8.08,6.67,24.29,102.374,50392.4,51157.0,33.55,32755.08,101.380,0.13787,,,,
1151,04/15/2026 06:18:44,24.36,8.07,6.66,24.29,102.357,50402.3,51167.0,33.56,32761.47,101.380,0.13615,,,,
1152,04/15/2026 06:20:44,24.36,8.07,6.67,24.29,102.322,50348.2,51112.2,33.52,32726.34,101.380,0.13273,,,,
1153,04/15/2026 06:22:44,24.36,8.07,6.66,24.29,102.322,50426.9,51188.7,33.58,32777.46,101.380,0.13274,,,,
1154,04/15/2026 06:24:44,24.36,8.07,6.66,24.29,102.339,50389.6,51150.9,33.55,32753.24,101.380,0.13445,,,,
1155,04/15/2026 06:26:44,24.36,8.08,6.67,24.29,102.391,50376.6,51134.4,33.54,32744.81,101.380,0.13960,,,,
1156,04/15/2026 06:28:44,24.36,8.07,6.66,24.29,102.339,50439.9,51198.6,33.58,32785.91,101.380,0.13446,,,,
1157,04/15/2026 06:30:44,24.36,8.08,6.67,24.30,102.305,50407.2,51162.1,33.56,32764.66,101.380,0.13104,,,,
1158,04/15/2026 06:32:44,24.36,8.07,6.66,24.30,102.391,50379.5,51130.7,33.53,32746.65,101.380,0.13961,,,,
1159,04/15/2026 06:34:44,24.36,8.08,6.67,24.30,102.391,50401.2,51152.8,33.55,32760.79,101.380,0.13961,,,,
1160,04/15/2026 06:36:44,24.36,8.07,6.66,24.30,102.374,50372.8,51123.9,33.53,32742.30,101.380,0.13790,,,,
1161,04/15/2026 06:38:44,24.37,8.06,6.65,24.30,102.391,50418.1,51169.9,33.56,32771.74,101.380,0.13961,,,,
1162,04/15/2026 06:40:44,24.36,8.06,6.66,24.30,102.323,50362.9,51110.7,33.52,32735.91,101.380,0.13277,,,,
1163,04/15/2026 06:42:44,24.37,8.06,6.65,24.30,102.340,50401.2,51149.5,33.55,32760.79,101.380,0.13448,,,,
1164,04/15/2026 06:44:44,24.37,8.07,6.66,24.31,102.357,50393.5,51138.3,33.54,32755.76,101.380,0.13620,,,,
1165,04/15/2026 06:46:44,24.37,8.07,6.66,24.31,102.357,50444.5,51186.8,33.58,32788.89,101.380,0.13621,,,,
1166,04/15/2026 06:48:44,24.38,8.06,6.65,24.31,102.323,50546.0,51286.5,33.65,32854.88,101.380,0.13280,,,,
1167,04/15/2026 06:50:44,24.37,8.07,6.66,24.32,102.374,50439.5,51175.2,33.57,32785.69,101.380,0.13794,,,,
1168,04/15/2026 06:52:44,24.38,8.07,6.66,24.32,102.340,50439.5,51171.9,33.56,32785.69,101.380,0.13452,,,,
1169,04/15/2026 06:54:44,24.38,8.08,6.67,24.32,102.323,50474.0,51203.6,33.59,32808.11,101.380,0.13282,,,,
1170,04/15/2026 06:56:44,24.39,8.08,6.67,24.33,102.358,50413.9,51136.0,33.54,32769.02,101.380,0.13626,,,,
1171,04/15/2026 06:58:44,24.39,8.08,6.67,24.33,102.392,50375.6,51093.9,33.51,32744.14,101.380,0.13969,,,,
1172,04/15/2026 07:00:44,24.40,8.08,6.68,24.34,102.375,50417.8,51130.1,33.54,32771.54,101.380,0.13800,,,,
1173,04/15/2026 07:02:44,24.40,8.09,6.68,24.34,102.341,50430.7,51136.7,33.54,32779.98,101.380,0.13459,,,,
1174,04/15/2026 07:04:44,24.40,8.10,6.69,24.35,102.324,50450.1,51149.8,33.55,32792.56,101.380,0.13289,,,,
1175,04/15/2026 07:06:44,24.41,8.11,6.69,24.35,102.376,50404.0,51096.5,33.51,32762.62,101.380,0.13805,,,,
1176,04/15/2026 07:08:44,24.42,8.12,6.70,24.36,102.410,50439.5,51122.6,33.53,32785.69,101.380,0.14150,,,,
1177,04/15/2026 07:10:44,24.43,8.13,6.71,24.37,102.393,50452.2,51125.6,33.53,32793.93,101.380,0.13981,,,,
1178,04/15/2026 07:12:44,24.44,8.14,6.72,24.38,102.394,50478.6,51142.5,33.55,32811.09,101.380,0.13984,,,,
1179,04/15/2026 07:14:44,24.44,8.15,6.73,24.39,102.463,50456.1,51106.6,33.52,32796.45,101.380,0.14672,,,,
1180,04/15/2026 07:16:44,24.45,8.15,6.73,24.40,102.394,50477.9,51118.8,33.53,32810.63,101.380,0.13989,,,,
1181,04/15/2026 07:18:44,24.46,8.16,6.74,24.41,102.429,50515.3,51146.8,33.55,32834.92,101.380,0.14334,,,,
1182,04/15/2026 07:20:44,24.47,8.17,6.74,24.42,102.412,50513.1,51134.8,33.54,32833.55,101.380,0.14166,,,,
1183,04/15/2026 07:22:44,24.47,8.17,6.75,24.43,102.412,50542.8,51155.0,33.56,32852.80,101.380,0.14168,,,,
1184,04/15/2026 07:24:44,24.49,8.17,6.75,24.44,102.430,50519.1,51121.2,33.53,32837.44,101.380,0.14342,,,,
1185,04/15/2026 07:26:44,24.50,8.18,6.75,24.45,102.430,50609.9,51203.2,33.59,32896.45,101.380,0.14344,,,,
1186,04/15/2026 07:28:44,24.51,8.18,6.76,24.45,102.430,50500.1,51085.6,33.51,32825.07,101.380,0.14346,,,,
1187,04/15/2026 07:30:44,24.52,8.19,6.76,24.46,102.396,50540.7,51116.8,33.53,32851.43,101.380,0.14006,,,,
1188,04/15/2026 07:32:44,24.52,8.20,6.77,24.47,102.430,50558.3,51124.8,33.54,32862.90,101.380,0.14351,,,,
1189,04/15/2026 07:34:44,24.53,8.20,6.77,24.48,102.396,50559.4,51116.0,33.53,32863.59,101.380,0.14011,,,,
1190,04/15/2026 07:36:44,24.54,8.21,6.78,24.49,102.397,50607.8,51151.9,33.56,32895.06,101.380,0.14014,,,,
1191,04/15/2026 07:38:44,24.55,8.21,6.78,24.50,102.362,50616.6,51151.0,33.56,32900.81,101.380,0.13674,,,,
1192,04/15/2026 07:40:44,24.57,8.22,6.79,24.51,102.397,50637.5,51159.0,33.57,32914.39,101.380,0.14020,,,,
1193,04/15/2026 07:42:44,24.58,8.24,6.80,24.53,102.449,50652.4,51160.9,33.57,32924.07,101.380,0.14537,,,,
1194,04/15/2026 07:44:44,24.58,8.24,6.81,24.54,102.484,50636.5,51131.7,33.55,32913.70,101.380,0.14883,,,,
1195,04/15/2026 07:46:44,24.59,8.26,6.82,24.55,102.467,50685.0,51167.6,33.57,32945.26,101.380,0.14715,,,,
1196,04/15/2026 07:48:44,24.61,8.27,6.83,24.57,102.485,50702.7,51169.1,33.58,32956.78,101.380,0.14891,,,,
1197,04/15/2026 07:50:44,24.63,8.29,6.85,24.58,102.468,50669.0,51118.7,33.54,32934.88,101.380,0.14724,,,,
1198,04/15/2026 07:52:44,24.64,8.30,6.86,24.59,102.399,50688.9,51125.7,33.55,32947.79,101.380,0.14042,,,,
1199,04/15/2026 07:54:44,24.66,8.31,6.86,24.61,102.451,50714.8,51138.8,33.56,32964.64,101.380,0.14559,,,,
1200,04/15/2026 07:56:44,24.66,8.33,6.87,24.62,102.434,50782.4,51193.8,33.60,33008.55,101.380,0.14391,,,,
1201,04/15/2026 07:58:44,24.68,8.33,6.88,24.63,102.418,50760.3,51158.4,33.57,32994.18,101.380,0.14223,,,,
1202,04/15/2026 08:00:44,24.69,8.34,6.88,24.64,102.504,50825.1,51210.6,33.61,33036.32,101.380,0.15083,,,,
1203,04/15/2026 08:02:44,24.70,8.34,6.89,24.65,102.470,50772.4,51144.5,33.56,33002.07,101.380,0.14744,,,,
1204,04/15/2026 08:04:44,24.72,8.34,6.89,24.67,102.505,50801.3,51160.4,33.57,33020.81,101.380,0.15089,,,,
1205,04/15/2026 08:06:44,24.72,8.35,6.90,24.68,102.436,50831.2,51177.5,33.59,33040.28,101.380,0.14408,,,,
1206,04/15/2026 08:08:44,24.74,8.36,6.90,24.69,102.471,50792.4,51125.3,33.55,33015.03,101.380,0.14754,,,,
1207,04/15/2026 08:10:44,24.75,8.37,6.91,24.70,102.471,50840.1,51157.0,33.57,33046.07,101.380,0.14758,,,,
1208,04/15/2026 08:12:44,24.77,8.38,6.92,24.72,102.523,50870.1,51170.9,33.59,33065.57,101.380,0.15276,,,,
1209,04/15/2026 08:14:44,24.78,8.40,6.94,24.74,102.489,50846.2,51130.5,33.56,33050.03,101.380,0.14937,,,,
1210,04/15/2026 08:16:44,24.79,8.41,6.95,24.75,102.438,50906.8,51171.9,33.59,33089.45,101.380,0.14429,,,,
1211,04/15/2026 08:18:44,24.81,8.43,6.96,24.77,102.421,50955.3,51204.3,33.61,33120.94,101.380,0.14261,,,,
1212,04/15/2026 08:20:44,24.83,8.44,6.97,24.79,102.456,50925.8,51155.0,33.58,33101.76,101.380,0.14609,,,,
1213,04/15/2026 08:22:44,24.85,8.45,6.98,24.81,102.474,50979.3,51185.9,33.60,33136.54,101.380,0.14786,,,,
1214,04/15/2026 08:24:44,24.86,8.46,6.99,24.82,102.440,50977.1,51167.4,33.59,33135.09,101.380,0.14448,,,,
1215,04/15/2026 08:26:44,24.87,8.47,7.00,24.84,102.492,50997.2,51168.0,33.59,33148.16,101.380,0.14967,,,,
1216,04/15/2026 08:28:44,24.90,8.47,7.00,24.86,102.476,50997.2,51148.4,33.58,33148.16,101.380,0.14800,,,,
1217,04/15/2026 08:30:44,24.92,8.49,7.02,24.88,102.407,51027.3,51159.1,33.58,33167.77,101.380,0.14120,,,,
1218,04/15/2026 08:32:44,24.93,8.51,7.03,24.90,102.494,51048.0,51153.8,33.58,33181.22,101.380,0.14983,,,,
1219,04/15/2026 08:34:44,24.95,8.51,7.03,24.92,102.477,51063.1,51149.4,33.58,33191.05,101.380,0.14817,,,,
1220,04/15/2026 08:36:44,24.97,8.52,7.04,24.93,102.529,51151.7,51221.8,33.63,33248.63,101.380,0.15335,,,,
1221,04/15/2026 08:38:44,24.98,8.52,7.04,24.95,102.444,51127.6,51181.4,33.60,33232.94,101.380,0.14483,,,,
1222,04/15/2026 08:40:44,25.01,8.53,7.05,24.97,102.461,51165.2,51199.5,33.62,33257.41,101.380,0.14659,,,,
1223,04/15/2026 08:42:44,25.02,8.53,7.05,24.99,102.565,51168.0,51182.8,33.61,33259.21,101.380,0.15692,,,,
1224,04/15/2026 08:44:44,25.03,8.54,7.05,25.00,102.411,51189.4,51187.9,33.61,33273.12,101.380,0.14155,,,,
1225,04/15/2026 08:46:44,25.05,8.54,7.06,25.01,102.480,51215.9,51201.3,33.62,33290.32,101.380,0.14843,,,,
1226,04/15/2026 08:48:44,25.06,8.55,7.06,25.03,102.463,51224.3,51193.4,33.62,33295.76,101.380,0.14676,,,,
1227,04/15/2026 08:50:44,25.08,8.55,7.07,25.04,102.481,51183.2,51136.2,33.58,33269.09,101.380,0.14852,,,,
1228,04/15/2026 08:52:44,25.09,8.56,7.07,25.05,102.515,51282.4,51225.4,33.64,33333.53,101.380,0.15197,,,,
1229,04/15/2026 08:54:44,25.10,8.55,7.07,25.07,102.464,51223.1,51153.2,33.59,33295.02,101.380,0.14686,,,,
1230,04/15/2026 08:56:44,25.12,8.55,7.06,25.07,102.499,51282.4,51202.6,33.63,33333.53,101.380,0.15031,,,,
1231,04/15/2026 08:58:44,25.13,8.55,7.07,25.08,102.499,51253.5,51167.4,33.60,33314.79,101.380,0.15033,,,,
1232,04/15/2026 09:00:44,25.13,8.55,7.06,25.09,102.499,51324.7,51228.6,33.65,33361.02,101.380,0.15036,,,,
1233,04/15/2026 09:02:44,25.15,8.56,7.07,25.10,102.448,51262.0,51156.4,33.59,33320.32,101.380,0.14524,,,,
1234,04/15/2026 09:04:44,25.15,8.57,7.08,25.11,102.465,51311.7,51192.9,33.62,33352.60,101.380,0.14699,,,,
1235,04/15/2026 09:06:44,25.16,8.58,7.09,25.12,102.483,51276.6,51144.9,33.59,33329.79,101.380,0.14874,,,,
1236,04/15/2026 09:08:44,25.17,8.59,7.10,25.13,102.518,51306.6,51161.9,33.60,33349.30,101.380,0.15219,,,,
1237,04/15/2026 09:10:44,25.19,8.61,7.11,25.15,102.467,51415.2,51250.7,33.67,33419.89,101.380,0.14711,,,,
1238,04/15/2026 09:12:44,25.21,8.63,7.13,25.17,102.450,51394.8,51207.6,33.63,33406.63,101.380,0.14545,,,,
1239,04/15/2026 09:14:44,25.22,8.64,7.14,25.20,102.485,51369.3,51153.0,33.60,33390.06,101.380,0.14895,,,,
1240,04/15/2026 09:16:44,25.26,8.68,7.17,25.24,102.435,51436.1,51174.1,33.61,33433.47,101.380,0.14393,,,,
1241,04/15/2026 09:18:44,25.29,8.71,7.20,25.29,102.505,51418.0,51107.5,33.57,33421.70,101.380,0.15091,,,,
1242,04/15/2026 09:20:44,25.33,8.74,7.22,25.33,102.489,51528.2,51171.7,33.62,33493.33,101.380,0.14932,,,,
1243,04/15/2026 09:22:44,25.37,8.76,7.24,25.38,102.473,51583.5,51178.0,33.62,33529.25,101.380,0.14773,,,,
1244,04/15/2026 09:24:44,25.42,8.78,7.26,25.42,102.491,51531.0,51083.9,33.55,33495.14,101.380,0.14956,,,,
1245,04/15/2026 09:26:44,25.46,8.80,7.27,25.45,102.492,51577.6,51094.6,33.56,33525.41,101.380,0.14965,,,,
1246,04/15/2026 09:28:44,25.49,8.81,7.29,25.48,102.476,51647.9,51132.1,33.59,33571.16,101.380,0.14802,,,,
1247,04/15/2026 09:30:44,25.52,8.83,7.30,25.51,102.494,51649.5,51098.1,33.57,33572.19,101.380,0.14983,,,,
1248,04/15/2026 09:32:44,25.56,8.86,7.32,25.54,102.478,51702.6,51118.4,33.59,33606.70,101.380,0.14820,,,,
1249,04/15/2026 09:34:44,25.59,8.86,7.33,25.58,102.444,51694.7,51075.2,33.56,33601.55,101.380,0.14487,,,,
1250,04/15/2026 09:36:44,25.62,8.88,7.34,25.61,102.514,51809.9,51156.8,33.62,33676.46,101.380,0.15180,,,,
1251,04/15/2026 09:38:44,25.65,8.89,7.35,25.64,102.515,51758.2,51076.7,33.56,33642.84,101.380,0.15188,,,,
1252,04/15/2026 09:40:44,25.68,8.92,7.37,25.66,102.446,51795.6,51084.7,33.57,33667.15,101.380,0.14510,,,,
1253,04/15/2026 09:42:44,25.71,8.94,7.39,25.70,102.516,51892.9,51142.0,33.61,33730.41,101.380,0.15206,,,,
1254,04/15/2026 09:44:44,25.75,8.94,7.39,25.73,102.535,51821.8,51036.7,33.53,33684.20,101.380,0.15387,,,,
1255,04/15/2026 09:46:44,25.77,8.94,7.39,25.76,102.484,51921.7,51109.3,33.59,33749.08,101.380,0.14880,,,,
1256,04/15/2026 09:48:44,25.80,8.94,7.39,25.78,102.519,51922.0,51083.9,33.57,33749.28,101.380,0.15229,,,,
1257,04/15/2026 09:50:44,25.83,8.93,7.39,25.80,102.502,52001.3,51139.4,33.61,33800.84,101.380,0.15064,,,,
1258,04/15/2026 09:52:44,25.85,8.93,7.39,25.82,102.451,51940.0,51059.9,33.56,33761.02,101.380,0.14555,,,,
1259,04/15/2026 09:54:44,25.87,8.93,7.39,25.84,102.503,52036.6,51132.4,33.61,33823.78,101.380,0.15075,,,,
1260,04/15/2026 09:56:44,25.89,8.93,7.39,25.86,102.452,52004.0,51081.1,33.57,33802.63,101.380,0.14566,,,,
1261,04/15/2026 09:58:44,25.91,8.94,7.39,25.88,102.487,52067.9,51124.6,33.61,33844.16,101.380,0.14914,,,,
1262,04/15/2026 10:00:44,25.93,8.94,7.40,25.89,102.522,52044.3,51085.4,33.58,33828.79,101.380,0.15261,,,,
1263,04/15/2026 10:02:44,25.94,8.93,7.39,25.91,102.488,52086.4,51110.7,33.60,33856.14,101.380,0.14922,,,,
1264,04/15/2026 10:04:44,25.96,8.94,7.39,25.92,102.471,52063.9,51072.7,33.57,33841.57,101.380,0.14755,,,,
1265,04/15/2026 10:06:44,25.97,8.95,7.40,25.94,102.506,52090.4,51082.5,33.58,33858.73,101.380,0.15102,,,,
1266,04/15/2026 10:08:44,25.99,8.94,7.40,25.96,102.506,52129.5,51101.7,33.59,33884.17,101.380,0.15107,,,,
1267,04/15/2026 10:10:44,26.01,8.94,7.39,25.98,102.455,52107.3,51060.7,33.56,33869.75,101.380,0.14598,,,,
1268,04/15/2026 10:12:44,26.02,8.93,7.39,25.99,102.473,52191.2,51126.9,33.61,33924.27,101.380,0.14774,,,,
1269,04/15/2026 10:14:44,26.04,8.93,7.39,26.00,102.491,52138.5,51062.5,33.57,33890.02,101.380,0.14949,,,,
1270,04/15/2026 10:16:44,26.05,8.92,7.38,26.01,102.508,52161.0,51074.9,33.58,33904.62,101.380,0.15123,,,,
1271,04/15/2026 10:18:44,26.06,8.92,7.38,26.02,102.474,52181.9,51082.7,33.58,33918.26,101.380,0.14784,,,,
1272,04/15/2026 10:20:44,26.07,8.92,7.38,26.04,102.509,52185.9,51073.8,33.58,33920.86,101.380,0.15130,,,,
1273,04/15/2026 10:22:44,26.09,8.91,7.37,26.06,102.509,52236.0,51103.5,33.60,33953.38,101.380,0.15135,,,,
1274,04/15/2026 10:24:44,26.10,8.91,7.37,26.07,102.510,52216.4,51071.6,33.58,33940.67,101.380,0.15138,,,,
1275,04/15/2026 10:26:44,26.12,8.91,7.37,26.08,102.510,52238.7,51077.4,33.58,33955.16,101.380,0.15142,,,,
1276,04/15/2026 10:28:44,26.14,8.91,7.38,26.10,102.476,52258.3,51080.6,33.58,33967.89,101.380,0.14804,,,,
1277,04/15/2026 10:30:44,26.15,8.92,7.38,26.11,102.493,52296.6,51108.5,33.60,33992.81,101.380,0.14978,,,,
1278,04/15/2026 10:32:44,26.16,8.94,7.40,26.13,102.511,52316.4,51108.7,33.60,34005.69,101.380,0.15154,,,,
1279,04/15/2026 10:34:44,26.18,8.96,7.42,26.15,102.529,52307.4,51071.1,33.58,33999.79,101.380,0.15333,,,,
1280,04/15/2026 10:36:44,26.20,8.98,7.43,26.18,102.513,52377.3,51107.4,33.61,34045.22,101.380,0.15171,,,,
1281,04/15/2026 10:38:44,26.23,8.99,7.44,26.21,102.479,52386.6,51090.9,33.60,34051.27,101.380,0.14835,,,,
1282,04/15/2026 10:40:44,26.26,9.01,7.45,26.23,102.514,52435.6,51116.4,33.62,34083.16,101.380,0.15184,,,,
1283,04/15/2026 10:42:44,26.28,9.03,7.47,26.26,102.532,52427.6,51076.7,33.59,34077.95,101.380,0.15364,,,,
1284,04/15/2026 10:44:44,26.31,9.04,7.48,26.29,102.464,52501.9,51113.9,33.62,34126.21,101.380,0.14688,,,,
1285,04/15/2026 10:46:44,26.34,9.09,7.52,26.34,102.535,52591.0,51152.8,33.65,34184.14,101.380,0.15386,,,,
1286,04/15/2026 10:48:44,26.39,9.11,7.54,26.40,102.519,52629.7,51129.9,33.63,34209.32,101.380,0.15231,,,,
1287,04/15/2026 10:50:44,26.44,9.13,7.55,26.45,102.520,52684.4,51132.1,33.64,34244.89,101.380,0.15245,,,,
1288,04/15/2026 10:52:44,26.48,9.15,7.58,26.49,102.470,52672.4,51072.8,33.59,34237.09,101.380,0.14744,,,,
1289,04/15/2026 10:54:44,26.54,9.17,7.59,26.55,102.558,52728.6,51070.0,33.59,34273.61,101.380,0.15616,,,,
1290,04/15/2026 10:56:44,26.59,9.19,7.61,26.60,102.525,52799.7,51078.6,33.60,34319.81,101.380,0.15290,,,,
1291,04/15/2026 10:58:44,26.65,9.21,7.62,26.66,102.526,52884.4,51103.3,33.62,34374.86,101.380,0.15306,,,,
1292,04/15/2026 11:00:44,26.69,9.22,7.63,26.70,102.528,52965.3,51137.1,33.65,34427.43,101.380,0.15318,,,,
1293,04/15/2026 11:02:44,26.74,9.22,7.63,26.75,102.529,53077.5,51201.0,33.70,34500.40,101.380,0.15330,,,,
1294,04/15/2026 11:04:44,26.78,9.22,7.63,26.78,102.564,53018.0,51111.8,33.63,34461.68,101.380,0.15681,,,,
1295,04/15/2026 11:06:44,26.81,9.21,7.62,26.79,102.548,52993.6,51069.3,33.60,34445.86,101.380,0.15515,,,,
1296,04/15/2026 11:08:44,26.83,9.19,7.61,26.81,102.514,53032.9,51091.3,33.62,34471.36,101.380,0.15177,,,,
1297,04/15/2026 11:10:44,26.86,9.17,7.59,26.82,102.514,53062.6,51107.3,33.63,34490.71,101.380,0.15181,,,,
1298,04/15/2026 11:12:44,26.88,9.17,7.59,26.84,102.480,53164.4,51189.5,33.69,34556.88,101.380,0.14842,,,,
1299,04/15/2026 11:14:44,26.89,9.17,7.60,26.86,102.480,53103.3,51108.5,33.63,34517.13,101.380,0.14848,,,,
1300,04/15/2026 11:16:44,26.90,9.19,7.61,26.88,102.498,53169.9,51147.3,33.66,34560.41,101.380,0.15027,,,,
1301,04/15/2026 11:18:44,26.93,9.20,7.62,26.91,102.447,53078.9,51034.5,33.58,34501.29,101.380,0.14520,,,,
1302,04/15/2026 11:20:44,26.95,9.21,7.62,26.93,102.431,53175.2,51101.8,33.63,34563.90,101.380,0.14355,,,,
1303,04/15/2026 11:22:44,26.98,9.21,7.63,26.96,102.483,53248.8,51147.2,33.67,34611.73,101.380,0.14876,,,,
1304,04/15/2026 11:24:44,27.01,9.22,7.63,26.98,102.450,53222.9,51093.9,33.63,34594.91,101.380,0.14542,,,,
1305,04/15/2026 11:26:44,27.04,9.23,7.64,27.01,102.485,53274.7,51115.2,33.65,34628.57,101.380,0.14892,,,,
1306,04/15/2026 11:28:44,27.06,9.24,7.65,27.04,102.417,53326.6,51139.7,33.66,34662.29,101.380,0.14214,,,,
1307,04/15/2026 11:30:44,27.09,9.23,7.65,27.06,102.435,53297.9,51090.1,33.63,34643.61,101.380,0.14391,,,,
1308,04/15/2026 11:32:44,27.11,9.26,7.67,27.10,102.470,53364.8,51110.1,33.65,34687.12,101.380,0.14746,,,,
1309,04/15/2026 11:34:44,27.15,9.27,7.68,27.14,102.506,53455.4,51152.6,33.68,34746.00,101.380,0.15101,,,,
1310,04/15/2026 11:36:44,27.19,9.28,7.68,27.19,102.455,53514.5,51165.0,33.69,34784.42,101.380,0.14599,,,,
1311,04/15/2026 11:38:44,27.24,9.30,7.70,27.24,102.509,53511.7,51105.6,33.65,34782.58,101.380,0.15129,,,,
1312,04/15/2026 11:40:44,27.29,9.31,7.71,27.29,102.493,53590.1,51133.2,33.67,34833.57,101.380,0.14971,,,,
1313,04/15/2026 11:42:44,27.34,9.32,7.72,27.33,102.494,53635.5,51135.6,33.67,34863.09,101.380,0.14982,,,,
1314,04/15/2026 11:44:44,27.38,9.35,7.74,27.38,102.513,53635.5,51079.1,33.63,34863.09,101.380,0.15170,,,,
1315,04/15/2026 11:46:44,27.44,9.37,7.76,27.45,102.532,53735.2,51101.7,33.65,34927.91,101.380,0.15361,,,,
1316,04/15/2026 11:48:44,27.51,9.38,7.77,27.52,102.482,53851.8,51143.4,33.69,35003.66,101.380,0.14867,,,,
1317,04/15/2026 11:50:44,27.57,9.41,7.79,27.60,102.536,53952.3,51160.3,33.70,35068.97,101.380,0.15403,,,,
1318,04/15/2026 11:52:44,27.63,9.38,7.77,27.64,102.538,53956.4,51117.2,33.67,35071.65,101.380,0.15416,,,,
1319,04/15/2026 11:54:44,27.68,9.34,7.74,27.66,102.452,53908.7,51056.4,33.63,35040.68,101.380,0.14564,,,,
1320,04/15/2026 11:56:44,27.70,9.33,7.74,27.67,102.452,53886.4,51025.9,33.60,35026.17,101.380,0.14567,,,,
1321,04/15/2026 11:58:44,27.72,9.34,7.74,27.70,102.522,53994.1,51099.7,33.66,35096.16,101.380,0.15260,,,,
1322,04/15/2026 12:00:44,27.75,9.33,7.73,27.73,102.488,54005.3,51079.0,33.65,35103.45,101.380,0.14926,,,,
1323,04/15/2026 12:02:44,27.78,9.32,7.72,27.75,102.523,54017.7,51068.8,33.64,35111.48,101.380,0.15275,,,,
1324,04/15/2026 12:04:44,27.80,9.34,7.74,27.78,102.473,54104.5,51116.5,33.68,35167.93,101.380,0.14771,,,,
1325,04/15/2026 12:06:44,27.83,9.35,7.75,27.81,102.474,54059.6,51042.8,33.62,35138.71,101.380,0.14780,,,,
1326,04/15/2026 12:08:44,27.86,9.35,7.75,27.84,102.474,54142.4,51092.9,33.66,35192.55,101.380,0.14788,,,,
1327,04/15/2026 12:10:44,27.90,9.37,7.77,27.89,102.458,54192.7,51096.6,33.66,35225.27,101.380,0.14629,,,,
1328,04/15/2026 12:12:44,27.94,9.38,7.77,27.95,102.478,54331.4,51158.6,33.71,35315.42,101.380,0.14820,,,,
1329,04/15/2026 12:14:44,28.01,9.41,7.80,28.04,102.480,54374.8,51115.2,33.68,35343.64,101.380,0.14844,,,,
1330,04/15/2026 12:16:44,28.08,9.43,7.82,28.12,102.500,54471.0,51121.4,33.69,35406.15,101.380,0.15039,,,,
1331,04/15/2026 12:18:44,28.16,9.44,7.83,28.21,102.468,54586.2,51142.1,33.71,35481.00,101.380,0.14722,,,,
1332,04/15/2026 12:20:44,28.24,9.42,7.81,28.27,102.504,54720.5,51205.7,33.76,35568.35,101.380,0.15083,,,,
1333,04/15/2026 12:22:44,28.29,9.40,7.79,28.29,102.436,54671.5,51134.9,33.71,35536.47,101.380,0.14404,,,,
1334,04/15/2026 12:24:44,28.34,9.40,7.80,28.34,102.472,54771.7,51185.1,33.74,35601.62,101.380,0.14760,,,,
1335,04/15/2026 12:26:44,28.38,9.42,7.81,28.39,102.404,54710.1,51077.8,33.67,35561.56,101.380,0.14089,,,,
1336,04/15/2026 12:28:44,28.43,9.41,7.81,28.43,102.457,54791.6,51113.5,33.69,35614.52,101.380,0.14614,,,,
1337,04/15/2026 12:30:44,28.48,9.44,7.83,28.48,102.459,54925.9,51182.8,33.75,35701.82,101.380,0.14631,,,,
1338,04/15/2026 12:32:44,28.52,9.42,7.81,28.53,102.425,54900.5,51112.7,33.70,35685.35,101.380,0.14301,,,,
1339,04/15/2026 12:34:44,28.57,9.43,7.82,28.58,102.427,54935.2,51098.5,33.69,35707.89,101.380,0.14315,,,,
1340,04/15/2026 12:36:44,28.62,9.43,7.82,28.61,102.462,55039.5,51158.3,33.73,35775.70,101.380,0.14668,,,,
1341,04/15/2026 12:38:44,28.66,9.42,7.81,28.63,102.429,55006.7,51106.1,33.70,35754.33,101.380,0.14332,,,,
1342,04/15/2026 12:40:44,28.68,9.39,7.79,28.64,102.429,55055.4,51142.0,33.72,35785.98,101.380,0.14335,,,,
1343,04/15/2026 12:42:44,28.70,9.41,7.81,28.67,102.395,55094.4,51150.4,33.73,35811.37,101.380,0.14000,,,,
1344,04/15/2026 12:44:44,28.73,9.41,7.80,28.69,102.396,55184.4,51212.2,33.78,35869.85,101.380,0.14007,,,,
1345,04/15/2026 12:46:44,28.74,9.40,7.80,28.70,102.379,55122.6,51148.7,33.73,35829.67,101.380,0.13837,,,,
1346,04/15/2026 12:48:44,28.76,9.38,7.78,28.70,102.396,55195.1,51212.9,33.78,35876.82,101.380,0.14009,,,,
1347,04/15/2026 12:50:44,28.76,9.37,7.78,28.70,102.396,55090.2,51118.7,33.71,35808.64,101.380,0.14008,,,,
1348,04/15/2026 12:52:44,28.76,9.36,7.77,28.70,102.413,55127.7,51156.5,33.73,35833.02,101.380,0.14179,,,,
1349,04/15/2026 12:54:44,28.77,9.36,7.76,28.70,102.396,55154.3,51178.1,33.75,35850.28,101.380,0.14008,,,,
1350,04/15/2026 12:56:44,28.77,9.38,7.78,28.72,102.414,55191.9,51188.2,33.76,35874.70,101.380,0.14187,,,,
1351,04/15/2026 12:58:44,28.78,9.38,7.78,28.75,102.380,55273.7,51236.2,33.80,35927.90,101.380,0.13852,,,,
1352,04/15/2026 13:00:44,28.81,9.37,7.77,28.76,102.398,55278.6,51231.4,33.79,35931.11,101.380,0.14027,,,,
1353,04/15/2026 13:02:44,28.82,9.35,7.76,28.78,102.398,55275.3,51212.9,33.78,35928.96,101.380,0.14031,,,,
1354,04/15/2026 13:04:44,28.83,9.37,7.78,28.79,102.416,55277.0,51202.0,33.77,35930.04,101.380,0.14206,,,,
1355,04/15/2026 13:06:44,28.85,9.38,7.78,28.81,102.348,55292.9,51195.1,33.77,35940.39,101.380,0.13527,,,,
1356,04/15/2026 13:08:44,28.87,9.39,7.79,28.84,102.366,55308.8,51178.9,33.76,35950.75,101.380,0.13707,,,,
1357,04/15/2026 13:10:44,28.91,9.41,7.80,28.90,102.402,55391.9,51197.0,33.77,36004.75,101.380,0.14068,,,,
1358,04/15/2026 13:12:44,28.96,9.42,7.81,28.95,102.369,55497.9,51245.4,33.81,36073.65,101.380,0.13739,,,,
1359,04/15/2026 13:14:44,29.01,9.41,7.81,29.00,102.388,55551.1,51248.1,33.81,36108.20,101.380,0.13924,,,,
1360,04/15/2026 13:16:44,29.04,9.38,7.78,29.01,102.371,55538.5,51221.0,33.79,36099.99,101.380,0.13757,,,,
1361,04/15/2026 13:18:44,29.06,9.38,7.78,29.04,102.406,55594.2,51250.8,33.82,36136.23,101.380,0.14107,,,,
1362,04/15/2026 13:20:44,29.09,9.37,7.77,29.04,102.423,55632.3,51276.6,33.83,36160.98,101.380,0.14281,,,,
1363,04/15/2026 13:22:44,29.10,9.34,7.75,29.05,102.424,55718.8,51353.2,33.89,36217.20,101.380,0.14282,,,,
1364,04/15/2026 13:24:44,29.10,9.31,7.72,29.04,102.406,55757.9,51395.5,33.92,36242.63,101.380,0.14109,,,,
1365,04/15/2026 13:26:44,29.10,9.29,7.70,29.03,102.440,55706.9,51357.8,33.89,36209.48,101.380,0.14449,,,,
1366,04/15/2026 13:28:44,29.10,9.28,7.69,29.03,102.371,55766.4,51418.8,33.94,36248.14,101.380,0.13761,,,,
1367,04/15/2026 13:30:44,29.08,9.27,7.68,29.02,102.423,55755.4,51418.0,33.94,36240.98,101.380,0.14273,,,,
1368,04/15/2026 13:32:44,29.07,9.24,7.66,29.00,102.405,55756.2,51437.3,33.95,36241.52,101.380,0.14096,,,,
1369,04/15/2026 13:34:44,29.06,9.22,7.64,28.99,102.370,55763.8,51453.7,33.96,36246.50,101.380,0.13750,,,,
1370,04/15/2026 13:36:44,29.06,9.21,7.63,28.98,102.404,55890.9,51583.4,34.06,36329.09,101.380,0.14089,,,,
1371,04/15/2026 13:38:44,29.04,9.19,7.61,28.97,102.369,55896.9,51598.3,34.07,36332.98,101.380,0.13744,,,,
1372,04/15/2026 13:40:44,29.03,9.18,7.60,28.95,102.386,55953.3,51662.8,34.12,36369.66,101.380,0.13912,,,,
1373,04/15/2026 13:42:44,29.02,9.17,7.60,28.95,102.421,55911.4,51630.3,34.09,36342.40,101.380,0.14253,,,,
1374,04/15/2026 13:44:44,29.01,9.16,7.58,28.93,102.420,55955.1,51686.3,34.14,36370.79,101.380,0.14248,,,,
1375,04/15/2026 13:46:44,28.99,9.11,7.54,28.91,102.437,56048.7,51794.6,34.22,36431.63,101.380,0.14413,,,,
1376,04/15/2026 13:48:44,28.97,9.08,7.51,28.88,102.384,55972.3,51758.4,34.19,36381.99,101.380,0.13889,,,,
1377,04/15/2026 13:50:44,28.94,9.03,7.47,28.84,102.400,55924.3,51748.4,34.18,36350.80,101.380,0.14050,,,,
1378,04/15/2026 13:52:44,28.91,9.00,7.45,28.81,102.382,55952.6,51805.9,34.22,36369.16,101.380,0.13870,,,,
1379,04/15/2026 13:54:44,28.88,9.00,7.45,28.79,102.416,56040.9,51909.6,34.30,36426.58,101.380,0.14206,,,,
1380,04/15/2026 13:56:44,28.86,8.98,7.44,28.77,102.364,55661.1,51576.5,34.05,36179.71,101.380,0.13687,,,,
1381,04/15/2026 13:58:44,28.84,8.99,7.43,28.75,102.380,56025.4,51932.9,34.31,36416.49,101.380,0.13852,,,,
1382,04/15/2026 14:00:44,28.83,8.98,7.44,28.74,102.363,55648.4,51599.1,34.06,36171.44,101.380,0.13677,,,,
1383,04/15/2026 14:02:44,28.80,8.98,7.43,28.72,102.345,55656.0,51621.8,34.08,36176.40,101.380,0.13501,,,,
1384,04/15/2026 14:04:44,28.79,8.99,7.44,28.72,102.379,55731.5,51695.0,34.14,36225.50,101.380,0.13842,,,,
1385,04/15/2026 14:06:44,28.78,9.00,7.45,28.72,102.310,55661.9,51630.4,34.09,36180.26,101.380,0.13157,,,,
1386,04/15/2026 14:08:44,28.78,9.01,7.45,28.72,102.328,55894.4,51849.1,34.25,36331.34,101.380,0.13328,,,,
1387,04/15/2026 14:10:44,28.77,9.01,7.46,28.71,102.345,55598.4,51580.9,34.05,36138.97,101.380,0.13497,,,,
1388,04/15/2026 14:12:44,28.77,9.01,7.46,28.70,102.344,55613.6,51601.2,34.07,36148.87,101.380,0.13495,,,,
1389,04/15/2026 14:14:44,28.76,9.00,7.46,28.70,102.327,55577.3,51573.7,34.04,36125.23,101.380,0.13322,,,,
1390,04/15/2026 14:16:44,28.76,9.00,7.45,28.69,102.379,55838.0,51818.8,34.23,36294.72,101.380,0.13835,,,,
1391,04/15/2026 14:18:44,28.76,9.02,7.47,28.70,102.344,55595.0,51587.1,34.05,36136.78,101.380,0.13494,,,,
1392,04/15/2026 14:20:44,28.77,9.06,7.50,28.72,102.362,55765.6,51723.4,34.16,36247.61,101.380,0.13672,,,,
1393,04/15/2026 14:22:44,28.80,9.07,7.51,28.76,102.346,55976.6,51875.1,34.27,36384.76,101.380,0.13513,,,,
1394,04/15/2026 14:24:44,28.82,9.06,7.50,28.78,102.312,55755.4,51654.5,34.11,36240.98,101.380,0.13175,,,,
1395,04/15/2026 14:26:44,28.83,9.05,7.48,28.78,102.330,55974.8,51854.7,34.26,36383.62,101.380,0.13347,,,,
1396,04/15/2026 14:28:44,28.84,9.04,7.47,28.78,102.330,55992.8,51874.5,34.27,36395.33,101.380,0.13347,,,,
1397,04/15/2026 14:30:44,28.84,9.04,7.48,28.77,102.347,55941.3,51833.1,34.24,36361.87,101.380,0.13516,,,,
1398,04/15/2026 14:32:44,28.84,9.07,7.51,28.79,102.330,55740.9,51631.7,34.09,36231.56,101.380,0.13349,,,,
1399,04/15/2026 14:34:44,28.86,9.07,7.51,28.82,102.313,55910.6,51757.6,34.19,36341.89,101.380,0.13187,,,,
1400,04/15/2026 14:36:44,28.87,9.07,7.51,28.84,102.297,55979.1,51805.4,34.22,36386.39,101.380,0.13020,,,,
1401,04/15/2026 14:38:44,28.90,9.10,7.53,28.86,102.366,55886.7,51698.0,34.14,36326.33,101.380,0.13712,,,,
1402,04/15/2026 14:40:44,28.93,9.10,7.54,28.90,102.299,55987.6,51750.7,34.18,36391.93,101.380,0.13038,,,,
1403,04/15/2026 14:42:44,28.95,9.10,7.53,28.92,102.334,56109.7,51838.4,34.25,36471.27,101.380,0.13388,,,,
1404,04/15/2026 14:44:44,28.98,9.10,7.54,28.94,102.317,55788.5,51526.2,34.02,36262.52,101.380,0.13222,,,,
1405,04/15/2026 14:46:44,29.01,9.11,7.55,28.98,102.318,55671.3,51380.7,33.91,36186.32,101.380,0.13233,,,,
1406,04/15/2026 14:48:44,29.04,9.12,7.56,29.03,102.285,55757.8,51407.8,33.93,36242.59,101.380,0.12905,,,,
1407,04/15/2026 14:50:44,29.08,9.11,7.55,29.06,102.321,55857.5,51468.6,33.98,36307.34,101.380,0.13257,,,,
1408,04/15/2026 14:52:44,29.11,9.10,7.54,29.07,102.286,55708.6,51319.0,33.87,36210.56,101.380,0.12918,,,,
1409,04/15/2026 14:54:44,29.13,9.11,7.55,29.11,102.253,56047.5,51593.9,34.07,36430.85,101.380,0.12586,,,,
1410,04/15/2026 14:56:44,29.17,9.11,7.55,29.14,102.306,56067.3,51577.9,34.06,36443.71,101.380,0.13110,,,,
1411,04/15/2026 14:58:44,29.19,9.08,7.52,29.15,102.289,56110.2,51611.2,34.09,36471.60,101.380,0.12941,,,,
1412,04/15/2026 15:00:44,29.20,9.07,7.52,29.15,102.323,56027.7,51538.4,34.03,36417.99,101.380,0.13283,,,,
1413,04/15/2026 15:02:44,29.20,9.08,7.53,29.15,102.323,55885.6,51404.6,33.93,36325.64,101.380,0.13284,,,,
1414,04/15/2026 15:04:44,29.22,9.10,7.54,29.18,102.324,56085.3,51560.4,34.05,36455.45,101.380,0.13292,,,,
1415,04/15/2026 15:06:44,29.23,9.10,7.54,29.20,102.342,56224.1,51669.3,34.13,36545.68,101.380,0.13469,,,,
1416,04/15/2026 15:08:44,29.25,9.09,7.53,29.21,102.359,56229.1,51661.5,34.13,36548.94,101.380,0.13644,,,,
1417,04/15/2026 15:10:44,29.26,9.09,7.53,29.21,102.342,56184.3,51617.2,34.09,36519.80,101.380,0.13473,,,,
1418,04/15/2026 15:12:44,29.27,9.07,7.51,29.21,102.359,56209.2,51643.2,34.11,36536.00,101.380,0.13644,,,,
1419,04/15/2026 15:14:44,29.28,9.08,7.52,29.20,102.325,56219.5,51658.9,34.12,36542.70,101.380,0.13299,,,,
1420,04/15/2026 15:16:44,29.27,9.06,7.50,29.19,102.324,56230.2,51684.2,34.14,36549.62,101.380,0.13295,,,,
1421,04/15/2026 15:18:44,29.25,9.04,7.49,29.17,102.341,56229.1,51705.1,34.16,36548.94,101.380,0.13460,,,,
1422,04/15/2026 15:20:44,29.23,9.03,7.48,29.15,102.323,56265.5,51750.9,34.19,36572.55,101.380,0.13285,,,,
1423,04/15/2026 15:22:44,29.22,9.04,7.49,29.15,102.323,56265.5,51754.0,34.19,36572.55,101.380,0.13284,,,,
1424,04/15/2026 15:24:44,29.22,9.04,7.49,29.15,102.289,56259.4,51745.4,34.19,36568.61,101.380,0.12942,,,,
1425,04/15/2026 15:26:44,29.21,9.03,7.48,29.14,102.357,56293.3,51792.1,34.22,36590.62,101.380,0.13623,,,,
1426,04/15/2026 15:28:44,29.21,9.01,7.46,29.13,102.322,56255.1,51769.5,34.20,36565.83,101.380,0.13276,,,,
1427,04/15/2026 15:30:44,29.19,8.98,7.44,29.10,102.305,56169.7,51712.7,34.16,36510.32,101.380,0.13098,,,,
1428,04/15/2026 15:32:44,29.17,8.96,7.42,29.08,102.304,55970.2,51553.9,34.04,36380.63,101.380,0.13091,,,,
1429,04/15/2026 15:34:44,29.15,8.94,7.40,29.05,102.320,56204.2,51797.5,34.22,36532.74,101.380,0.13254,,,,
1430,04/15/2026 15:36:44,29.11,8.92,7.39,29.02,102.319,55953.2,51600.4,34.07,36369.56,101.380,0.13244,,,,
1431,04/15/2026 15:38:44,29.08,8.91,7.38,28.99,102.301,55954.1,51632.4,34.10,36370.18,101.380,0.13064,,,,
1432,04/15/2026 15:40:44,29.05,8.87,7.34,28.95,102.334,56079.5,51785.6,34.21,36451.69,101.380,0.13396,,,,
1433,04/15/2026 15:42:44,29.01,8.85,7.33,28.91,102.282,56071.7,51819.1,34.23,36446.63,101.380,0.12870,,,,
1434,04/15/2026 15:44:44,28.99,8.81,7.29,28.87,102.332,56003.9,51793.9,34.21,36402.50,101.380,0.13373,,,,
1435,04/15/2026 15:46:44,28.94,8.78,7.27,28.82,102.279,55899.4,51747.3,34.18,36334.63,101.380,0.12844,,,,
1436,04/15/2026 15:48:44,28.89,8.75,7.24,28.77,102.364,55819.2,51726.2,34.16,36282.48,101.380,0.13686,,,,
1437,04/15/2026 15:50:44,28.84,8.73,7.23,28.72,102.311,55820.1,51770.9,34.19,36283.07,101.380,0.13159,,,,
1438,04/15/2026 15:52:44,28.80,8.72,7.21,28.68,102.309,55679.8,51681.4,34.12,36191.84,101.380,0.13147,,,,
1439,04/15/2026 15:54:44,28.76,8.70,7.20,28.65,102.308,55749.4,51783.6,34.20,36237.11,101.380,0.13136,,,,
1440,04/15/2026 15:56:44,28.71,8.69,7.19,28.61,102.273,55794.5,51866.3,34.26,36266.45,101.380,0.12782,,,,
1441,04/15/2026 15:58:44,28.69,8.68,7.18,28.57,102.272,55733.3,51850.2,34.25,36226.61,101.380,0.12770,,,,
1442,04/15/2026 16:00:44,28.64,8.66,7.16,28.53,102.288,55673.8,51835.8,34.23,36187.98,101.380,0.12930,,,,
1443,04/15/2026 16:02:44,28.60,8.65,7.15,28.49,102.304,55697.6,51898.8,34.28,36203.42,101.380,0.13089,,,,
1444,04/15/2026 16:04:44,28.56,8.61,7.12,28.44,102.268,55631.4,51881.2,34.26,36160.43,101.380,0.12734,,,,
1445,04/15/2026 16:06:44,28.52,8.59,7.10,28.40,102.370,55589.1,51885.8,34.27,36132.91,101.380,0.13749,,,,
1446,04/15/2026 16:08:44,28.47,8.56,7.08,28.35,102.351,55614.5,51960.0,34.32,36149.41,101.380,0.13564,,,,
1447,04/15/2026 16:10:44,28.42,8.54,7.06,28.31,102.316,55509.7,51906.2,34.28,36081.28,101.380,0.13208,,,,
1448,04/15/2026 16:12:44,28.38,8.52,7.04,28.26,102.314,55461.6,51908.6,34.28,36050.02,101.380,0.13195,,,,
1449,04/15/2026 16:14:44,28.34,8.49,7.02,28.22,102.313,55191.6,51700.0,34.12,35874.54,101.380,0.13182,,,,
1450,04/15/2026 16:16:44,28.29,8.47,7.00,28.17,102.329,55311.1,51859.2,34.24,35952.19,101.380,0.13340,,,,
1451,04/15/2026 16:18:44,28.24,8.45,6.98,28.13,102.310,55264.2,51859.5,34.24,35921.70,101.380,0.13156,,,,
1452,04/15/2026 16:20:44,28.20,8.42,6.96,28.08,102.240,55299.3,51943.1,34.30,35944.56,101.380,0.12457,,,,
1453,04/15/2026 16:22:44,28.15,8.38,6.93,28.03,102.290,55303.5,51997.7,34.34,35947.29,101.380,0.12956,,,,
1454,04/15/2026 16:24:44,28.10,8.37,6.91,27.99,102.324,55301.9,52037.4,34.37,35946.23,101.380,0.13287,,,,
1455,04/15/2026 16:26:44,28.06,8.35,6.89,27.94,102.305,55291.8,52075.6,34.39,35939.68,101.380,0.13103,,,,
1456,04/15/2026 16:28:44,28.01,8.34,6.88,27.90,102.338,55296.8,52118.5,34.42,35942.89,101.380,0.13435,,,,
1457,04/15/2026 16:30:44,27.97,8.32,6.87,27.86,102.303,55213.1,52084.2,34.40,35888.53,101.380,0.13080,,,,
1458,04/15/2026 16:32:44,27.93,8.30,6.85,27.82,102.302,55183.0,52093.9,34.40,35868.92,101.380,0.13069,,,,
1459,04/15/2026 16:34:44,27.89,8.28,6.84,27.78,102.318,55159.6,52116.5,34.42,35853.75,101.380,0.13228,,,,
1460,04/15/2026 16:36:44,27.85,8.27,6.83,27.74,102.282,55061.5,52065.2,34.38,35789.98,101.380,0.12874,,,,
1461,04/15/2026 16:38:44,27.82,8.27,6.83,27.70,102.281,54992.5,52038.1,34.36,35745.10,101.380,0.12863,,,,
1462,04/15/2026 16:40:44,27.78,8.26,6.82,27.67,102.314,54872.5,51959.6,34.30,35667.10,101.380,0.13196,,,,
1463,04/15/2026 16:42:44,27.74,8.26,6.82,27.64,102.313,54855.1,51975.0,34.31,35655.84,101.380,0.13187,,,,
1464,04/15/2026 16:44:44,27.71,8.25,6.82,27.60,102.278,54817.9,51974.8,34.31,35631.66,101.380,0.12835,,,,
1465,04/15/2026 16:46:44,27.68,8.24,6.81,27.57,102.329,54769.2,51960.5,34.29,35600.00,101.380,0.13340,,,,
1466,04/15/2026 16:48:44,27.64,8.24,6.80,27.54,102.293,54744.6,51969.0,34.30,35584.02,101.380,0.12988,,,,
1467,04/15/2026 16:50:44,27.61,8.22,6.79,27.51,102.327,54741.5,52001.2,34.32,35581.96,101.380,0.13321,,,,
1468,04/15/2026 16:52:44,27.57,8.23,6.80,27.48,102.309,54737.9,52023.3,34.34,35579.61,101.380,0.13143,,,,
1469,04/15/2026 16:54:44,27.55,8.23,6.79,27.46,102.308,54707.5,52023.2,34.34,35559.90,101.380,0.13135,,,,
1470,04/15/2026 16:56:44,27.53,8.24,6.80,27.43,102.342,54672.6,52018.7,34.33,35537.17,101.380,0.13470,,,,
1471,04/15/2026 16:58:44,27.50,8.24,6.80,27.41,102.307,54657.5,52026.7,34.34,35527.35,101.380,0.13121,,,,
1472,04/15/2026 17:00:44,27.47,8.25,6.81,27.38,102.306,54604.3,52001.7,34.32,35492.82,101.380,0.13114,,,,
1473,04/15/2026 17:02:44,27.45,8.23,6.80,27.36,102.340,54597.1,52020.3,34.33,35488.09,101.380,0.13449,,,,
1474,04/15/2026 17:04:44,27.42,8.24,6.80,27.33,102.356,54670.5,52116.0,34.40,35535.83,101.380,0.13614,,,,
1475,04/15/2026 17:06:44,27.40,8.23,6.78,27.31,102.321,54978.9,52435.7,34.64,35736.29,101.380,0.13264,,,,
1476,04/15/2026 17:08:44,27.37,8.24,6.79,27.29,102.286,54974.7,52454.4,34.65,35733.56,101.380,0.12915,,,,
1477,04/15/2026 17:10:44,27.35,8.24,6.79,27.27,102.303,54953.1,52456.4,34.65,35719.52,101.380,0.13080,,,,
1478,04/15/2026 17:12:44,27.33,8.24,6.79,27.25,102.285,54931.5,52458.4,34.65,35705.50,101.380,0.12903,,,,
1479,04/15/2026 17:14:44,27.30,8.23,6.78,27.22,102.301,54886.8,52441.5,34.64,35676.44,101.380,0.13067,,,,
1480,04/15/2026 17:16:44,27.29,8.22,6.77,27.20,102.266,54782.9,52368.0,34.58,35608.89,101.380,0.12717,,,,
1481,04/15/2026 17:18:44,27.26,8.21,6.77,27.17,102.317,54853.7,52461.6,34.65,35654.93,101.380,0.13224,,,,
1482,04/15/2026 17:20:44,27.24,8.21,6.76,27.15,102.334,54965.3,52591.0,34.75,35727.47,101.380,0.13390,,,,
1483,04/15/2026 17:22:44,27.22,8.21,6.76,27.13,102.316,55003.4,52646.9,34.79,35752.21,101.380,0.13213,,,,
1484,04/15/2026 17:24:44,27.20,8.21,6.76,27.11,102.298,54877.5,52545.8,34.71,35670.35,101.380,0.13036,,,,
1485,04/15/2026 17:26:44,27.17,8.21,6.76,27.09,102.315,54828.0,52521.2,34.69,35638.23,101.380,0.13202,,,,
1486,04/15/2026 17:28:44,27.16,8.20,6.75,27.07,102.332,54972.8,52682.6,34.81,35732.29,101.380,0.13367,,,,
1487,04/15/2026 17:30:44,27.13,8.19,6.74,27.04,102.296,54877.5,52620.5,34.76,35670.35,101.380,0.13016,,,,
1488,04/15/2026 17:32:44,27.11,8.18,6.73,27.01,102.330,54952.8,52725.2,34.84,35719.29,101.380,0.13350,,,,
1489,04/15/2026 17:34:44,27.08,8.16,6.72,26.98,102.346,54834.4,52644.2,34.78,35642.36,101.380,0.13513,,,,
1490,04/15/2026 17:36:44,27.05,8.15,6.70,26.95,102.328,54919.6,52758.6,34.86,35697.72,101.380,0.13333,,,,
1491,04/15/2026 17:38:44,27.02,8.14,6.69,26.92,102.362,54893.8,52766.4,34.87,35680.99,101.380,0.13667,,,,
1492,04/15/2026 17:40:44,26.99,8.13,6.69,26.89,102.361,54782.5,52688.7,34.81,35608.60,101.380,0.13659,,,,
1493,04/15/2026 17:42:44,26.96,8.12,6.68,26.87,102.377,54784.0,52716.3,34.83,35609.63,101.380,0.13823,,,,
1494,04/15/2026 17:44:44,26.93,8.12,6.68,26.84,102.377,54818.7,52775.8,34.87,35632.13,101.380,0.13816,,,,
1495,04/15/2026 17:46:44,26.91,8.11,6.67,26.82,102.359,54723.8,52713.9,34.82,35570.50,101.380,0.13637,,,,
1496,04/15/2026 17:48:44,26.88,8.10,6.66,26.79,102.392,54762.6,52777.3,34.87,35595.67,101.380,0.13973,,,,
1497,04/15/2026 17:50:44,26.85,8.10,6.66,26.77,102.357,54744.3,52785.9,34.88,35583.77,101.380,0.13623,,,,
1498,04/15/2026 17:52:44,26.83,8.09,6.65,26.74,102.339,54744.3,52812.0,34.89,35583.77,101.380,0.13445,,,,
1499,04/15/2026 17:54:44,26.81,8.08,6.64,26.71,102.356,54725.4,52823.3,34.90,35571.52,101.380,0.13608,,,,
1500,04/15/2026 17:56:44,26.78,8.08,6.64,26.69,102.355,54639.2,52766.3,34.86,35515.49,101.380,0.13601,,,,
1501,04/15/2026 17:58:44,26.76,8.07,6.64,26.67,102.354,54598.1,52752.7,34.85,35488.73,101.380,0.13594,,,,
1502,04/15/2026 18:00:44,26.73,8.06,6.63,26.64,102.336,54522.1,52705.5,34.81,35439.37,101.380,0.13416,,,,
1503,04/15/2026 18:02:44,26.71,8.06,6.62,26.62,102.353,54585.0,52792.6,34.87,35480.27,101.380,0.13580,,,,
1504,04/15/2026 18:04:44,26.68,8.04,6.61,26.59,102.387,54563.7,52798.1,34.88,35466.39,101.380,0.13916,,,,
1505,04/15/2026 18:06:44,26.66,8.04,6.61,26.57,102.386,54621.5,52880.4,34.94,35503.97,101.380,0.13909,,,,
1506,04/15/2026 18:08:44,26.63,8.03,6.60,26.54,102.351,54465.5,52758.9,34.85,35402.57,101.380,0.13559,,,,
1507,04/15/2026 18:10:44,26.60,8.02,6.60,26.52,102.316,54477.4,52796.6,34.87,35410.29,101.380,0.13209,,,,
1508,04/15/2026 18:12:44,26.58,8.01,6.58,26.49,102.332,54475.8,52821.4,34.89,35409.30,101.380,0.13374,,,,
1509,04/15/2026 18:14:44,26.56,8.01,6.58,26.47,102.332,54427.2,52797.2,34.87,35377.65,101.380,0.13368,,,,
1510,04/15/2026 18:16:44,26.54,8.00,6.57,26.44,102.417,54410.1,52810.2,34.88,35366.54,101.380,0.14216,,,,
1511,04/15/2026 18:18:44,26.51,7.98,6.56,26.42,102.399,54447.3,52872.7,34.93,35390.76,101.380,0.14038,,,,
1512,04/15/2026 18:20:44,26.48,7.98,6.56,26.39,102.398,54313.5,52772.3,34.85,35303.76,101.380,0.14030,,,,
1513,04/15/2026 18:22:44,26.46,7.97,6.55,26.37,102.363,54396.1,52878.9,34.93,35357.45,101.380,0.13681,,,,
1514,04/15/2026 18:24:44,26.43,7.96,6.54,26.34,102.397,54384.7,52897.5,34.94,35350.05,101.380,0.14016,,,,
1515,04/15/2026 18:26:44,26.40,7.95,6.53,26.31,102.379,54281.4,52823.3,34.88,35282.90,101.380,0.13837,,,,
1516,04/15/2026 18:28:44,26.38,7.94,6.52,26.29,102.378,54296.9,52861.5,34.91,35292.97,101.380,0.13831,,,,
1517,04/15/2026 18:30:44,26.36,7.93,6.52,26.27,102.395,54309.7,52900.4,34.94,35301.33,101.380,0.13996,,,,
1518,04/15/2026 18:32:44,26.33,7.92,6.51,26.25,102.377,54236.1,52851.8,34.90,35253.46,101.380,0.13818,,,,
1519,04/15/2026 18:34:44,26.32,7.92,6.51,26.22,102.393,54307.1,52947.4,34.97,35299.63,101.380,0.13983,,,,
1520,04/15/2026 18:36:44,26.29,7.91,6.50,26.20,102.376,54150.2,52817.5,34.87,35197.64,101.380,0.13806,,,,
1521,04/15/2026 18:38:44,26.26,7.91,6.49,26.18,102.409,54270.5,52958.0,34.98,35275.80,101.380,0.14142,,,,
1522,04/15/2026 18:40:44,26.24,7.91,6.49,26.16,102.443,54157.4,52874.0,34.91,35202.28,101.380,0.14478,,,,
1523,04/15/2026 18:42:44,26.23,7.90,6.49,26.14,102.408,54138.9,52875.9,34.91,35190.31,101.380,0.14130,,,,
1524,04/15/2026 18:44:44,26.20,7.89,6.48,26.12,102.408,54211.2,52966.4,34.98,35237.30,101.380,0.14125,,,,
1525,04/15/2026 18:46:44,26.18,7.89,6.48,26.10,102.355,54135.2,52915.2,34.94,35187.86,101.380,0.13605,,,,
1526,04/15/2026 18:48:44,26.16,7.88,6.47,26.08,102.389,53995.7,52798.7,34.85,35097.20,101.380,0.13942,,,,
1527,04/15/2026 18:50:44,26.15,7.88,6.47,26.06,102.389,54120.9,52944.3,34.96,35178.57,101.380,0.13936,,,,
1528,04/15/2026 18:52:44,26.12,7.88,6.47,26.04,102.388,54044.7,52893.0,34.92,35129.08,101.380,0.13930,,,,
1529,04/15/2026 18:54:44,26.10,7.87,6.47,26.02,102.388,54006.9,52875.8,34.91,35104.49,101.380,0.13925,,,,
1530,04/15/2026 18:56:44,26.08,7.87,6.46,26.00,102.353,53975.1,52867.8,34.90,35083.79,101.380,0.13577,,,,
1531,04/15/2026 18:58:44,26.06,7.87,6.47,25.98,102.369,53949.7,52862.8,34.90,35067.29,101.380,0.13743,,,,
1532,04/15/2026 19:00:44,26.04,7.86,6.45,25.96,102.386,53934.4,52864.3,34.90,35057.33,101.380,0.13910,,,,
1533,04/15/2026 19:02:44,26.03,7.86,6.45,25.95,102.403,53949.7,52899.2,34.92,35067.29,101.380,0.14076,,,,
1534,04/15/2026 19:04:44,26.01,7.86,6.45,25.93,102.402,53920.2,52890.3,34.92,35048.14,101.380,0.14071,,,,
1535,04/15/2026 19:06:44,25.99,7.86,6.45,25.91,102.454,53869.0,52856.6,34.89,35014.85,101.380,0.14580,,,,
1536,04/15/2026 19:08:44,25.97,7.86,6.45,25.89,102.401,53938.8,52945.0,34.96,35060.20,101.380,0.14062,,,,
1537,04/15/2026 19:10:44,25.95,7.85,6.44,25.88,102.401,53836.7,52864.7,34.89,34993.84,101.380,0.14056,,,,
1538,04/15/2026 19:12:44,25.94,7.85,6.45,25.86,102.418,53806.1,52851.3,34.88,34974.00,101.380,0.14223,,,,
1539,04/15/2026 19:14:44,25.92,7.85,6.44,25.84,102.383,53849.3,52913.6,34.93,35002.05,101.380,0.13876,,,,
1540,04/15/2026 19:16:44,25.90,7.86,6.45,25.83,102.365,53831.4,52912.5,34.93,34990.39,101.380,0.13700,,,,
1541,04/15/2026 19:18:44,25.89,7.85,6.44,25.81,102.416,53807.6,52905.8,34.92,34974.94,101.380,0.14210,,,,
1542,04/15/2026 19:20:44,25.87,7.85,6.44,25.80,102.433,53793.5,52908.6,34.92,34965.80,101.380,0.14377,,,,
1543,04/15/2026 19:22:44,25.86,7.85,6.44,25.78,102.415,53782.7,52914.5,34.93,34958.73,101.380,0.14201,,,,
1544,04/15/2026 19:24:44,25.85,7.84,6.44,25.77,102.432,53761.6,52907.1,34.92,34945.03,101.380,0.14369,,,,
1545,04/15/2026 19:26:44,25.83,7.85,6.44,25.75,102.449,53759.2,52921.3,34.93,34943.46,101.380,0.14536,,,,
1546,04/15/2026 19:28:44,25.81,7.84,6.43,25.74,102.449,53799.4,52977.5,34.97,34969.59,101.380,0.14532,,,,
1547,04/15/2026 19:30:44,25.80,7.84,6.43,25.73,102.431,53688.1,52881.3,34.90,34897.28,101.380,0.14357,,,,
1548,04/15/2026 19:32:44,25.78,7.85,6.44,25.71,102.448,53724.1,52933.4,34.94,34920.68,101.380,0.14524,,,,
1549,04/15/2026 19:34:44,25.77,7.84,6.43,25.70,102.447,53764.7,52990.1,34.98,34947.08,101.380,0.14520,,,,
1550,04/15/2026 19:36:44,25.76,7.84,6.43,25.68,102.447,53700.7,52940.3,34.94,34905.44,101.380,0.14516,,,,
1551,04/15/2026 19:38:44,25.74,7.85,6.45,25.67,102.429,53654.8,52911.7,34.92,34875.65,101.380,0.14341,,,,
1552,04/15/2026 19:40:44,25.74,7.85,6.44,25.66,102.429,53685.5,52955.3,34.95,34895.55,101.380,0.14338,,,,
1553,04/15/2026 19:42:44,25.72,7.84,6.44,25.64,102.463,53682.8,52969.3,34.96,34893.82,101.380,0.14676,,,,
1554,04/15/2026 19:44:44,25.70,7.85,6.44,25.63,102.480,53670.3,52970.3,34.96,34885.67,101.380,0.14844,,,,
1555,04/15/2026 19:46:44,25.69,7.85,6.43,25.61,102.480,53780.0,53095.3,35.05,34957.00,101.380,0.14840,,,,
1556,04/15/2026 19:48:44,25.68,7.85,6.44,25.60,102.462,53616.3,52947.0,34.94,34850.57,101.380,0.14665,,,,
1557,04/15/2026 19:50:44,25.66,7.86,6.44,25.59,102.462,53692.7,53035.8,35.01,34900.25,101.380,0.14661,,,,
1558,04/15/2026 19:52:44,25.65,7.85,6.44,25.58,102.461,53657.7,53014.7,34.99,34877.52,101.380,0.14658,,,,
1559,04/15/2026 19:54:44,25.65,7.85,6.44,25.57,102.444,53646.6,53017.1,34.99,34870.31,101.380,0.14483,,,,
1560,04/15/2026 19:56:44,25.62,7.85,6.44,25.55,102.443,53649.5,53033.3,35.00,34872.19,101.380,0.14480,,,,
1561,04/15/2026 19:58:44,25.61,7.85,6.44,25.54,102.529,53613.6,53007.8,34.99,34848.84,101.380,0.15334,,,,
1562,04/15/2026 20:00:44,25.61,7.86,6.44,25.53,102.460,53635.8,53043.1,35.01,34863.24,101.380,0.14645,,,,
1563,04/15/2026 20:02:44,25.59,7.85,6.44,25.52,102.425,53599.9,53021.0,34.99,34839.90,101.380,0.14299,,,,
1564,04/15/2026 20:04:44,25.58,7.86,6.44,25.51,102.459,53609.3,53043.7,35.01,34846.04,101.380,0.14638,,,,
1565,04/15/2026 20:06:44,25.57,7.86,6.44,25.50,102.476,53562.4,53007.3,34.98,34815.54,101.380,0.14807,,,,
1566,04/15/2026 20:08:44,25.56,7.86,6.45,25.49,102.459,53526.6,52985.2,34.97,34792.27,101.380,0.14633,,,,
1567,04/15/2026 20:10:44,25.55,7.86,6.44,25.48,102.493,53555.6,53024.0,34.99,34811.14,101.380,0.14973,,,,
1568,04/15/2026 20:12:44,25.54,7.86,6.45,25.47,102.458,53463.1,52945.8,34.94,34751.00,101.380,0.14626,,,,
1569,04/15/2026 20:14:44,25.52,7.86,6.45,25.46,102.510,53450.8,52943.6,34.93,34743.02,101.380,0.15138,,,,
1570,04/15/2026 20:16:44,25.51,7.86,6.44,25.44,102.492,53518.4,53023.9,34.99,34786.94,101.380,0.14963,,,,
1571,04/15/2026 20:18:44,25.51,7.86,6.45,25.43,102.475,53476.9,52992.9,34.97,34760.00,101.380,0.14789,,,,
1572,04/15/2026 20:20:44,25.50,7.86,6.45,25.43,102.474,53530.8,53056.4,35.02,34795.04,101.380,0.14787,,,,
1573,04/15/2026 20:22:44,25.49,7.86,6.44,25.42,102.543,53586.1,53121.2,35.06,34830.97,101.380,0.15469,,,,
1574,04/15/2026 20:24:44,25.48,7.87,6.45,25.40,102.474,53507.3,53056.6,35.01,34779.77,101.380,0.14781,,,,
1575,04/15/2026 20:26:44,25.46,7.87,6.44,25.39,102.491,53778.8,53339.2,35.22,34956.21,101.380,0.14949,,,,
1576,04/15/2026 20:28:44,25.46,7.87,6.44,25.38,102.490,53864.2,53437.5,35.30,35011.76,101.380,0.14945,,,,
1577,04/15/2026 20:30:44,25.44,7.87,6.44,25.37,102.456,53860.1,53443.5,35.30,35009.08,101.380,0.14600,,,,
1578,04/15/2026 20:32:44,25.43,7.87,6.43,25.36,102.455,54103.1,53698.2,35.49,35167.02,101.380,0.14597,,,,
1579,04/15/2026 20:34:44,25.42,7.87,6.44,25.35,102.438,53990.5,53596.6,35.41,35093.83,101.380,0.14423,,,,
1580,04/15/2026 20:36:44,25.41,7.86,6.43,25.34,102.489,54038.5,53651.0,35.45,35125.01,101.380,0.14935,,,,
1581,04/15/2026 20:38:44,25.41,7.87,6.44,25.33,102.455,54137.4,53759.4,35.53,35189.28,101.380,0.14590,,,,
1582,04/15/2026 20:40:44,25.40,7.87,6.43,25.33,102.523,54340.5,53971.3,35.69,35321.30,101.380,0.15273,,,,
1583,04/15/2026 20:42:44,25.39,7.87,6.43,25.32,102.488,54340.5,53981.6,35.70,35321.30,101.380,0.14928,,,,
1584,04/15/2026 20:44:44,25.37,7.88,6.43,25.31,102.523,54432.2,54083.0,35.77,35380.92,101.380,0.15268,,,,
1585,04/15/2026 20:46:44,25.37,7.87,6.43,25.30,102.488,54390.2,54048.1,35.75,35353.64,101.380,0.14923,,,,
1586,04/15/2026 20:48:44,25.36,7.88,6.43,25.29,102.453,54427.5,54095.5,35.78,35377.90,101.380,0.14578,,,,
1587,04/15/2026 20:50:44,25.35,7.87,6.43,25.28,102.487,54328.0,54006.7,35.72,35313.17,101.380,0.14918,,,,
1588,04/15/2026 20:52:44,25.34,7.88,6.43,25.27,102.470,54372.0,54060.8,35.75,35341.80,101.380,0.14745,,,,
1589,04/15/2026 20:54:44,25.33,7.87,6.43,25.27,102.487,54347.7,54043.4,35.74,35325.99,101.380,0.14914,,,,
1590,04/15/2026 20:56:44,25.33,7.88,6.43,25.26,102.538,54268.0,53974.5,35.69,35274.23,101.380,0.15425,,,,
1591,04/15/2026 20:58:44,25.31,7.88,6.43,25.25,102.487,54372.4,54088.6,35.77,35342.09,101.380,0.14909,,,,
1592,04/15/2026 21:00:44,25.31,7.87,6.43,25.24,102.504,54335.2,54061.8,35.75,35317.87,101.380,0.15078,,,,
1593,04/15/2026 21:02:44,25.30,7.88,6.43,25.23,102.538,54254.1,53987.9,35.70,35265.13,101.380,0.15419,,,,
1594,04/15/2026 21:04:44,25.29,7.87,6.43,25.23,102.486,54280.9,54025.0,35.73,35282.61,101.380,0.14902,,,,
1595,04/15/2026 21:06:44,25.28,7.87,6.43,25.22,102.486,54262.4,54016.8,35.72,35270.54,101.380,0.14900,,,,
1596,04/15/2026 21:08:44,25.27,7.88,6.43,25.21,102.520,54275.3,54036.4,35.73,35278.91,101.380,0.15241,,,,
1597,04/15/2026 21:10:44,25.26,7.88,6.43,25.20,102.520,54290.8,54062.2,35.75,35289.00,101.380,0.15238,,,,
1598,04/15/2026 21:12:44,25.26,7.88,6.43,25.20,102.519,54256.7,54035.0,35.73,35266.84,101.380,0.15236,,,,
1599,04/15/2026 21:14:44,25.25,7.88,6.43,25.19,102.502,54290.8,54079.3,35.76,35289.00,101.380,0.15063,,,,
1600,04/15/2026 21:16:44,25.25,7.88,6.43,25.18,102.502,54261.3,54056.7,35.75,35269.81,101.380,0.15061,,,,
1601,04/15/2026 21:18:44,25.24,7.88,6.43,25.17,102.519,54304.1,54109.7,35.79,35297.66,101.380,0.15230,,,,
1602,04/15/2026 21:20:44,25.22,7.89,6.44,25.16,102.536,54248.4,54064.5,35.75,35261.44,101.380,0.15398,,,,
1603,04/15/2026 21:22:44,25.22,7.88,6.43,25.16,102.484,54251.4,54074.4,35.76,35263.41,101.380,0.14883,,,,
1604,04/15/2026 21:24:44,25.21,7.88,6.43,25.15,102.535,54220.4,54053.7,35.74,35243.26,101.380,0.15394,,,,
1605,04/15/2026 21:26:44,25.20,7.88,6.43,25.14,102.518,54270.0,54110.0,35.78,35275.48,101.380,0.15221,,,,
1606,04/15/2026 21:28:44,25.20,7.89,6.44,25.13,102.500,54175.1,54025.7,35.72,35213.79,101.380,0.15047,,,,
1607,04/15/2026 21:30:44,25.19,7.88,6.44,25.13,102.500,54166.0,54023.5,35.72,35207.90,101.380,0.15046,,,,
1608,04/15/2026 21:32:44,25.18,7.88,6.44,25.12,102.569,54197.7,54065.4,35.75,35228.51,101.380,0.15728,,,,
1609,04/15/2026 21:34:44,25.17,7.88,6.44,25.11,102.552,54186.4,54061.0,35.75,35221.14,101.380,0.15555,,,,
1610,04/15/2026 21:36:44,25.16,7.88,6.43,25.10,102.517,54231.7,54116.5,35.79,35250.63,101.380,0.15210,,,,
1611,04/15/2026 21:38:44,25.16,7.88,6.43,25.10,102.551,54193.9,54085.7,35.76,35226.06,101.380,0.15551,,,,
1612,04/15/2026 21:40:44,25.15,7.88,6.43,25.09,102.551,54183.7,54085.8,35.76,35219.43,101.380,0.15549,,,,
1613,04/15/2026 21:42:44,25.14,7.89,6.44,25.08,102.482,54139.6,54048.6,35.74,35190.73,101.380,0.14862,,,,
1614,04/15/2026 21:44:44,25.14,7.88,6.43,25.07,102.516,54167.9,54083.7,35.76,35209.12,101.380,0.15203,,,,
1615,04/15/2026 21:46:44,25.13,7.88,6.43,25.07,102.516,54122.6,54048.8,35.73,35179.70,101.380,0.15200,,,,
1616,04/15/2026 21:48:44,25.12,7.88,6.43,25.06,102.533,54140.0,54073.0,35.75,35190.97,101.380,0.15370,,,,
1617,04/15/2026 21:50:44,25.12,7.88,6.44,25.05,102.533,54098.9,54038.8,35.73,35164.27,101.380,0.15368,,,,
1618,04/15/2026 21:52:44,25.11,7.88,6.44,25.04,102.464,54097.4,54047.6,35.73,35163.30,101.380,0.14680,,,,
1619,04/15/2026 21:54:44,25.10,7.89,6.44,25.04,102.584,54141.1,54098.2,35.77,35191.71,101.380,0.15878,,,,
1620,04/15/2026 21:56:44,25.10,7.89,6.44,25.03,102.567,54114.0,54078.0,35.75,35174.08,101.380,0.15705,,,,
1621,04/15/2026 21:58:44,25.09,7.88,6.44,25.03,102.601,54054.9,54025.8,35.72,35135.68,101.380,0.16046,,,,
1622,04/15/2026 22:00:44,25.08,7.88,6.44,25.02,102.532,53904.3,53882.1,35.61,35037.79,101.380,0.15359,,,,
1623,04/15/2026 22:02:44,25.07,7.89,6.45,25.01,102.549,53654.5,53639.2,35.43,34875.41,101.380,0.15528,,,,
1624,04/15/2026 22:04:44,25.07,7.87,6.45,25.01,102.531,53138.9,53130.6,35.05,34540.32,101.380,0.15355,,,,
1625,04/15/2026 22:06:44,25.07,7.89,6.48,25.00,102.531,52645.5,52643.9,34.69,34219.55,101.380,0.15354,,,,
1626,04/15/2026 22:08:44,25.06,7.88,6.47,25.00,102.514,52562.8,52567.9,34.63,34165.84,101.380,0.15181,,,,
1627,04/15/2026 22:10:44,25.05,7.88,6.47,24.99,102.514,52636.1,52647.9,34.69,34213.45,101.380,0.15179,,,,
1628,04/15/2026 22:12:44,25.05,7.87,6.47,24.98,102.531,52598.8,52617.3,34.67,34189.24,101.380,0.15349,,,,
1629,04/15/2026 22:14:44,25.04,7.88,6.47,24.97,102.531,52584.0,52612.6,34.66,34179.62,101.380,0.15346,,,,
1630,04/15/2026 22:16:44,25.03,7.88,6.47,24.97,102.479,52578.7,52613.9,34.66,34176.15,101.380,0.14831,,,,
1631,04/15/2026 22:18:44,25.03,7.88,6.47,24.96,102.479,52550.8,52592.6,34.65,34157.99,101.380,0.14829,,,,
1632,04/15/2026 22:20:44,25.02,7.88,6.47,24.95,102.513,52514.8,52566.7,34.63,34134.63,101.380,0.15169,,,,
1633,04/15/2026 22:22:44,25.02,7.88,6.47,24.95,102.547,52526.9,52585.4,34.64,34142.47,101.380,0.15510,,,,
1634,04/15/2026 22:24:44,25.01,7.88,6.47,24.94,102.512,52509.6,52574.9,34.63,34131.26,101.380,0.15166,,,,
1635,04/15/2026 22:26:44,25.01,7.88,6.47,24.93,102.512,52496.3,52568.2,34.63,34122.58,101.380,0.15164,,,,
1636,04/15/2026 22:28:44,24.99,7.88,6.47,24.93,102.529,52610.8,52689.6,34.72,34197.02,101.380,0.15334,,,,
1637,04/15/2026 22:30:44,24.98,7.88,6.46,24.92,102.529,52741.7,52827.5,34.82,34282.13,101.380,0.15332,,,,
1638,04/15/2026 22:32:44,24.98,7.88,6.46,24.92,102.494,52830.3,52922.9,34.89,34339.70,101.380,0.14988,,,,
1639,04/15/2026 22:34:44,24.98,7.88,6.46,24.91,102.529,52712.1,52811.2,34.81,34262.84,101.380,0.15329,,,,
1640,04/15/2026 22:36:44,24.98,7.87,6.46,24.91,102.494,52784.6,52887.2,34.86,34309.98,101.380,0.14985,,,,
1641,04/15/2026 22:38:44,24.97,7.88,6.46,24.90,102.494,52742.9,52852.1,34.84,34282.87,101.380,0.14983,,,,
1642,04/15/2026 22:40:44,24.97,7.87,6.46,24.90,102.528,52800.7,52916.8,34.88,34320.47,101.380,0.15324,,,,
1643,04/15/2026 22:42:44,24.96,7.87,6.46,24.89,102.511,52771.1,52890.5,34.87,34301.23,101.380,0.15152,,,,
1644,04/15/2026 22:44:44,24.96,7.87,6.45,24.89,102.545,52791.3,52917.5,34.88,34314.34,101.380,0.15493,,,,
1645,04/15/2026 22:46:44,24.94,7.88,6.46,24.88,102.562,52781.9,52914.8,34.88,34308.22,101.380,0.15663,,,,
1646,04/15/2026 22:48:44,24.95,7.87,6.45,24.88,102.528,52788.6,52924.9,34.89,34312.58,101.380,0.15319,,,,
1647,04/15/2026 22:50:44,24.94,7.88,6.46,24.87,102.528,52811.4,52954.5,34.91,34327.44,101.380,0.15318,,,,
1648,04/15/2026 22:52:44,24.94,7.87,6.45,24.87,102.545,52820.9,52967.4,34.92,34333.56,101.380,0.15488,,,,
1649,04/15/2026 22:54:44,24.94,7.87,6.46,24.86,102.510,52777.8,52931.0,34.89,34305.59,101.380,0.15144,,,,
1650,04/15/2026 22:56:44,24.93,7.87,6.45,24.86,102.510,52816.8,52973.5,34.92,34330.93,101.380,0.15143,,,,
1651,04/15/2026 22:58:44,24.93,7.86,6.45,24.85,102.475,52819.5,52982.9,34.93,34332.67,101.380,0.14799,,,,
1652,04/15/2026 23:00:44,24.92,7.87,6.45,24.85,102.493,52815.5,52982.2,34.93,34330.07,101.380,0.14969,,,,
1653,04/15/2026 23:02:44,24.92,7.87,6.45,24.84,102.492,52973.4,53147.4,35.05,34432.73,101.380,0.14968,,,,
1654,04/15/2026 23:04:44,24.91,7.87,6.44,24.84,102.527,52984.3,53165.1,35.07,34439.78,101.380,0.15308,,,,
1655,04/15/2026 23:06:44,24.90,7.87,6.45,24.83,102.475,52993.8,53181.4,35.08,34445.94,101.380,0.14793,,,,
1656,04/15/2026 23:08:44,24.90,7.87,6.44,24.83,102.509,53022.2,53213.4,35.10,34464.44,101.380,0.15135,,,,
1657,04/15/2026 23:10:44,24.89,7.87,6.45,24.82,102.526,52924.7,53122.3,35.03,34401.07,101.380,0.15304,,,,
1658,04/15/2026 23:12:44,24.89,7.87,6.44,24.82,102.526,53128.3,53333.4,35.19,34533.38,101.380,0.15303,,,,
1659,04/15/2026 23:14:44,24.88,7.86,6.44,24.81,102.560,53049.4,53257.6,35.13,34482.11,101.380,0.15644,,,,
1660,04/15/2026 23:16:44,24.88,7.87,6.44,24.81,102.509,53132.3,53344.3,35.20,34536.02,101.380,0.15130,,,,
1661,04/15/2026 23:18:44,24.87,7.87,6.44,24.81,102.474,53126.9,53342.3,35.20,34532.52,101.380,0.14786,,,,
1662,04/15/2026 23:20:44,24.87,7.87,6.44,24.80,102.526,53162.4,53381.2,35.22,34555.54,101.380,0.15299,,,,
1663,04/15/2026 23:22:44,24.87,7.88,6.45,24.80,102.526,53150.1,53372.3,35.22,34547.55,101.380,0.15298,,,,
1664,04/15/2026 23:24:44,24.87,7.87,6.44,24.80,102.508,53167.8,53393.5,35.23,34559.09,101.380,0.15126,,,,
1665,04/15/2026 23:26:44,24.87,7.87,6.44,24.80,102.508,53113.3,53342.1,35.20,34523.62,101.380,0.15125,,,,
1666,04/15/2026 23:28:44,24.87,7.88,6.45,24.80,102.491,53148.7,53377.7,35.22,34546.65,101.380,0.14954,,,,
1667,04/15/2026 23:30:44,24.86,7.88,6.45,24.79,102.508,53148.8,53381.2,35.22,34546.69,101.380,0.15125,,,,
1668,04/15/2026 23:32:44,24.86,7.87,6.44,24.79,102.491,53197.8,53430.5,35.26,34578.58,101.380,0.14953,,,,
1669,04/15/2026 23:34:44,24.86,7.88,6.45,24.79,102.474,53133.7,53369.5,35.22,34536.91,101.380,0.14781,,,,
1670,04/15/2026 23:36:44,24.85,7.88,6.45,24.79,102.474,53113.3,53352.4,35.20,34523.64,101.380,0.14780,,,,
1671,04/15/2026 23:38:44,24.85,7.88,6.45,24.78,102.542,53057.6,53299.8,35.16,34487.42,101.380,0.15465,,,,
1672,04/15/2026 23:40:44,24.85,7.88,6.45,24.78,102.473,53135.1,53381.1,35.22,34537.79,101.380,0.14779,,,,
1673,04/15/2026 23:42:44,24.85,7.88,6.45,24.78,102.559,53117.4,53366.7,35.21,34526.30,101.380,0.15634,,,,
1674,04/15/2026 23:44:44,24.85,7.88,6.45,24.77,102.508,53176.0,53429.0,35.26,34564.43,101.380,0.15120,,,,
1675,04/15/2026 23:46:44,24.84,7.89,6.46,24.77,102.508,53039.9,53295.6,35.16,34475.91,101.380,0.15119,,,,
1676,04/15/2026 23:48:44,24.83,7.89,6.46,24.77,102.456,53154.2,53417.3,35.25,34550.21,101.380,0.14603,,,,
1677,04/15/2026 23:50:44,24.83,7.89,6.46,24.76,102.456,53083.3,53349.5,35.20,34504.17,101.380,0.14602,,,,
1678,04/15/2026 23:52:44,24.82,7.90,6.46,24.76,102.490,53113.3,53383.0,35.22,34523.62,101.380,0.14944,,,,
1679,04/15/2026 23:54:44,24.82,7.89,6.46,24.76,102.473,53107.9,53381.0,35.22,34520.11,101.380,0.14772,,,,
1680,04/15/2026 23:56:44,24.82,7.90,6.46,24.75,102.455,53098.3,53378.2,35.22,34513.89,101.380,0.14599,,,,
1681,04/15/2026 23:58:44,24.81,7.89,6.46,24.75,102.490,53075.2,53358.3,35.20,34498.86,101.380,0.14941,,,,
1682,04/16/2026 00:00:44,24.81,7.90,6.46,24.74,102.438,53105.2,53391.9,35.23,34518.36,101.380,0.14426,,,,
1683,04/16/2026 00:02:44,24.81,7.90,6.47,24.74,102.472,53071.1,53361.1,35.21,34496.24,101.380,0.14768,,,,
1684,04/16/2026 00:04:44,24.81,7.91,6.47,24.74,102.472,53174.7,53468.6,35.29,34563.53,101.380,0.14767,,,,
1685,04/16/2026 00:06:44,24.80,7.90,6.46,24.73,102.472,53222.5,53523.6,35.33,34594.64,101.380,0.14765,,,,
1686,04/16/2026 00:08:44,24.80,7.91,6.46,24.73,102.506,53222.5,53527.0,35.33,34594.64,101.380,0.15107,,,,
1687,04/16/2026 00:10:44,24.80,7.91,6.47,24.73,102.438,53269.0,53577.2,35.37,34624.86,101.380,0.14421,,,,
1688,04/16/2026 00:12:44,24.79,7.90,6.46,24.72,102.472,53238.8,53553.6,35.35,34605.20,101.380,0.14762,,,,
1689,04/16/2026 00:14:44,24.78,7.91,6.47,24.72,102.472,53161.1,53478.8,35.29,34554.68,101.380,0.14761,,,,
1690,04/16/2026 00:16:44,24.78,7.91,6.47,24.71,102.454,53133.8,53458.2,35.28,34536.96,101.380,0.14588,,,,
1691,04/16/2026 00:18:44,24.78,7.92,6.48,24.71,102.420,53198.0,53526.2,35.33,34578.68,101.380,0.14245,,,,
1692,04/16/2026 00:20:44,24.78,7.92,6.48,24.70,102.454,53162.4,53497.2,35.31,34555.57,101.380,0.14586,,,,
1693,04/16/2026 00:22:44,24.77,7.92,6.48,24.70,102.488,53114.7,53452.7,35.27,34524.57,101.380,0.14927,,,,
1694,04/16/2026 00:24:44,24.77,7.92,6.47,24.69,102.402,53206.1,53551.5,35.34,34583.98,101.380,0.14069,,,,
1695,04/16/2026 00:26:44,24.76,7.92,6.47,24.69,102.437,53135.2,53483.5,35.29,34537.85,101.380,0.14411,,,,
1696,04/16/2026 00:28:44,24.76,7.92,6.47,24.68,102.471,53187.0,53542.6,35.34,34571.57,101.380,0.14752,,,,
1697,04/16/2026 00:30:44,24.75,7.92,6.47,24.68,102.453,53131.1,53489.7,35.30,34535.23,101.380,0.14580,,,,
1698,04/16/2026 00:32:44,24.75,7.92,6.48,24.68,102.453,53031.8,53393.1,35.23,34470.66,101.380,0.14579,,,,
1699,04/16/2026 00:34:44,24.75,7.92,6.47,24.67,102.436,53112.0,53477.3,35.29,34522.81,101.380,0.14407,,,,
1700,04/16/2026 00:36:44,24.74,7.92,6.48,24.67,102.419,53053.5,53425.2,35.25,34484.79,101.380,0.14234,,,,
1701,04/16/2026 00:38:44,24.73,7.92,6.48,24.67,102.436,53054.9,53430.0,35.25,34485.68,101.380,0.14404,,,,
1702,04/16/2026 00:40:44,24.73,7.92,6.48,24.66,102.453,53188.4,53571.3,35.36,34572.47,101.380,0.14574,,,,
1703,04/16/2026 00:42:44,24.72,7.92,6.48,24.66,102.418,53078.0,53463.5,35.28,34500.71,101.380,0.14231,,,,
1704,04/16/2026 00:44:44,24.72,7.92,6.47,24.65,102.435,53189.8,53583.0,35.37,34573.37,101.380,0.14400,,,,
1705,04/16/2026 00:46:44,24.72,7.92,6.48,24.64,102.401,53097.1,53496.4,35.30,34513.09,101.380,0.14056,,,,
1706,04/16/2026 00:48:44,24.72,7.92,6.48,24.64,102.452,53091.6,53494.3,35.30,34509.54,101.380,0.14569,,,,
1707,04/16/2026 00:50:44,24.71,7.92,6.48,24.64,102.435,53108.0,53514.3,35.31,34520.20,101.380,0.14397,,,,
1708,04/16/2026 00:52:44,24.70,7.93,6.48,24.63,102.435,53113.4,53526.6,35.32,34523.74,101.380,0.14395,,,,
1709,04/16/2026 00:54:44,24.70,7.93,6.48,24.63,102.418,53097.1,53513.5,35.31,34513.11,101.380,0.14223,,,,
1710,04/16/2026 00:56:44,24.69,7.92,6.48,24.63,102.383,53020.9,53440.2,35.26,34463.60,101.380,0.13880,,,,
1711,04/16/2026 00:58:44,24.69,7.91,6.47,24.62,102.383,53095.7,53519.0,35.32,34512.20,101.380,0.13879,,,,
1712,04/16/2026 01:00:44,24.69,7.92,6.48,24.62,102.434,53073.9,53503.9,35.31,34498.06,101.380,0.14391,,,,
1713,04/16/2026 01:02:44,24.68,7.93,6.48,24.61,102.434,53065.8,53499.1,35.30,34492.77,101.380,0.14390,,,,
1714,04/16/2026 01:04:44,24.67,7.94,6.49,24.61,102.417,53069.9,53506.6,35.31,34495.42,101.380,0.14218,,,,
1715,04/16/2026 01:06:44,24.68,7.93,6.49,24.61,102.400,53025.0,53464.8,35.28,34466.26,101.380,0.14046,,,,
1716,04/16/2026 01:08:44,24.68,7.92,6.48,24.60,102.400,53033.2,53479.9,35.29,34471.56,101.380,0.14044,,,,
1717,04/16/2026 01:10:44,24.68,7.92,6.48,24.60,102.417,53033.1,53479.9,35.29,34471.54,101.380,0.14216,,,,
1718,04/16/2026 01:12:44,24.66,7.93,6.49,24.60,102.382,53041.3,53494.9,35.30,34476.85,101.380,0.13871,,,,
1719,04/16/2026 01:14:44,24.67,7.93,6.48,24.59,102.365,53080.8,53538.2,35.33,34502.49,101.380,0.13699,,,,
1720,04/16/2026 01:16:44,24.65,7.93,6.49,24.59,102.399,53063.1,53523.7,35.32,34490.99,101.380,0.14041,,,,
1721,04/16/2026 01:18:44,24.65,7.93,6.49,24.59,102.399,53059.0,53523.0,35.32,34488.34,101.380,0.14040,,,,
1722,04/16/2026 01:20:44,24.65,7.93,6.49,24.58,102.416,52978.9,53449.1,35.26,34436.27,101.380,0.14210,,,,
1723,04/16/2026 01:22:44,24.65,7.94,6.49,24.58,102.468,53030.4,53504.5,35.30,34469.79,101.380,0.14723,,,,
1724,04/16/2026 01:24:44,24.64,7.93,6.49,24.58,102.433,53061.7,53539.5,35.33,34490.12,101.380,0.14379,,,,
1725,04/16/2026 01:26:44,24.64,7.93,6.48,24.57,102.399,52996.5,53480.6,35.29,34447.73,101.380,0.14035,,,,
1726,04/16/2026 01:28:44,24.64,7.94,6.49,24.57,102.381,53042.7,53530.6,35.32,34477.74,101.380,0.13863,,,,
1727,04/16/2026 01:30:44,24.64,7.93,6.49,24.56,102.364,52987.0,53477.8,35.28,34441.55,101.380,0.13691,,,,
1728,04/16/2026 01:32:44,24.64,7.93,6.49,24.56,102.381,53038.6,53533.3,35.32,34475.09,101.380,0.13861,,,,
1729,04/16/2026 01:34:44,24.63,7.93,6.48,24.56,102.416,53082.1,53580.7,35.36,34503.38,101.380,0.14203,,,,
1730,04/16/2026 01:36:44,24.62,7.93,6.48,24.55,102.364,52970.7,53471.7,35.28,34430.98,101.380,0.13689,,,,
1731,04/16/2026 01:38:44,24.62,7.93,6.48,24.55,102.312,53010.1,53514.8,35.31,34456.56,101.380,0.13174,,,,
1732,04/16/2026 01:40:44,24.61,7.93,6.49,24.54,102.364,52942.3,53453.2,35.26,34412.49,101.380,0.13686,,,,
1733,04/16/2026 01:42:44,24.62,7.93,6.48,24.54,102.381,52977.5,53492.2,35.29,34435.39,101.380,0.13856,,,,
1734,04/16/2026 01:44:44,24.61,7.93,6.48,24.54,102.363,52970.7,53488.8,35.29,34430.98,101.380,0.13684,,,,
1735,04/16/2026 01:46:44,24.59,7.93,6.48,24.54,102.329,52972.1,53493.6,35.29,34431.86,101.380,0.13341,,,,
1736,04/16/2026 01:48:44,24.60,7.94,6.49,24.53,102.329,52981.6,53506.6,35.30,34438.04,101.380,0.13340,,,,
1737,04/16/2026 01:50:44,24.59,7.93,6.48,24.53,102.346,52984.3,53512.7,35.31,34439.80,101.380,0.13510,,,,
1738,04/16/2026 01:52:44,24.60,7.93,6.48,24.53,102.398,52984.3,53516.2,35.31,34439.80,101.380,0.14024,,,,
1739,04/16/2026 01:54:44,24.59,7.92,6.48,24.53,102.363,52973.5,53505.2,35.30,34432.75,101.380,0.13681,,,,
1740,04/16/2026 01:56:44,24.59,7.93,6.48,24.52,102.294,53040.0,53575.9,35.35,34476.00,101.380,0.12995,,,,
1741,04/16/2026 01:58:44,24.59,7.94,6.49,24.52,102.346,52993.8,53532.6,35.32,34445.98,101.380,0.13508,,,,
1742,04/16/2026 02:00:44,24.58,7.93,6.48,24.52,102.415,52985.7,53524.4,35.32,34440.68,101.380,0.14193,,,,
1743,04/16/2026 02:02:44,24.59,7.93,6.48,24.52,102.311,52991.1,53533.3,35.32,34444.20,101.380,0.13165,,,,
1744,04/16/2026 02:04:44,24.58,7.93,6.48,24.51,102.311,52947.7,53492.9,35.29,34416.01,101.380,0.13164,,,,
1745,04/16/2026 02:06:44,24.58,7.93,6.48,24.51,102.363,52983.0,53528.5,35.32,34438.92,101.380,0.13678,,,,
1746,04/16/2026 02:08:44,24.58,7.93,6.48,24.51,102.311,52993.8,53542.9,35.33,34445.98,101.380,0.13163,,,,
1747,04/16/2026 02:10:44,24.58,7.93,6.48,24.51,102.363,52996.5,53549.1,35.33,34447.73,101.380,0.13676,,,,
1748,04/16/2026 02:12:44,24.57,7.93,6.48,24.51,102.345,52974.8,53530.6,35.32,34433.63,101.380,0.13504,,,,
1749,04/16/2026 02:14:44,24.58,7.93,6.48,24.50,102.294,52999.3,53558.7,35.34,34449.52,101.380,0.12989,,,,
1750,04/16/2026 02:16:44,24.57,7.93,6.48,24.50,102.276,53011.5,53574.5,35.35,34457.45,101.380,0.12817,,,,
1751,04/16/2026 02:18:44,24.57,7.93,6.48,24.50,102.294,53030.5,53593.8,35.37,34469.83,101.380,0.12988,,,,
1752,04/16/2026 02:20:44,24.57,7.94,6.49,24.50,102.311,53011.5,53577.9,35.35,34457.45,101.380,0.13159,,,,
1753,04/16/2026 02:22:44,24.56,7.94,6.49,24.49,102.276,52932.8,53501.9,35.30,34406.32,101.380,0.12816,,,,
1754,04/16/2026 02:24:44,24.56,7.93,6.48,24.49,102.328,53004.7,53578.0,35.35,34453.04,101.380,0.13328,,,,
1755,04/16/2026 02:26:44,24.56,7.94,6.49,24.49,102.276,52993.8,53570.4,35.35,34445.98,101.380,0.12814,,,,
1756,04/16/2026 02:28:44,24.55,7.94,6.49,24.48,102.328,52949.1,53528.6,35.32,34416.88,101.380,0.13327,,,,
1757,04/16/2026 02:30:44,24.55,7.94,6.49,24.48,102.310,52940.9,53527.3,35.32,34411.60,101.380,0.13154,,,,
1758,04/16/2026 02:32:44,24.55,7.94,6.49,24.48,102.310,52930.1,53519.7,35.31,34404.57,101.380,0.13153,,,,
1759,04/16/2026 02:34:44,24.54,7.95,6.50,24.47,102.293,52917.9,53510.8,35.30,34396.64,101.380,0.12981,,,,
1760,04/16/2026 02:36:44,24.54,7.95,6.50,24.47,102.275,52955.8,53552.6,35.33,34421.29,101.380,0.12809,,,,
1761,04/16/2026 02:38:44,24.53,7.95,6.50,24.47,102.258,52992.4,53593.1,35.36,34445.09,101.380,0.12637,,,,
1762,04/16/2026 02:40:44,24.53,7.95,6.50,24.46,102.293,52945.0,53548.5,35.33,34414.25,101.380,0.12979,,,,
1763,04/16/2026 02:42:44,24.53,7.95,6.50,24.46,102.275,52942.3,53549.2,35.33,34412.49,101.380,0.12806,,,,
1764,04/16/2026 02:44:44,24.52,7.95,6.50,24.46,102.258,52889.5,53499.3,35.29,34378.19,101.380,0.12634,,,,
1765,04/16/2026 02:46:44,24.52,7.96,6.51,24.45,102.309,52922.0,53539.0,35.32,34399.29,101.380,0.13146,,,,
1766,04/16/2026 02:48:44,24.52,7.97,6.51,24.45,102.309,52965.3,53586.3,35.36,34427.46,101.380,0.13146,,,,
1767,04/16/2026 02:50:44,24.51,7.96,6.51,24.45,102.309,52913.9,53537.6,35.32,34394.02,101.380,0.13145,,,,
1768,04/16/2026 02:52:44,24.51,7.96,6.51,24.44,102.275,52904.4,53531.5,35.32,34387.84,101.380,0.12801,,,,
1769,04/16/2026 02:54:44,24.51,7.97,6.51,24.44,102.292,52930.1,53560.9,35.34,34404.57,101.380,0.12972,,,,
1770,04/16/2026 02:56:44,24.51,7.97,6.51,24.44,102.292,52976.2,53611.0,35.37,34434.51,101.380,0.12971,,,,
1771,04/16/2026 02:58:44,24.50,7.97,6.51,24.43,102.240,52940.9,53578.8,35.35,34411.61,101.380,0.12456,,,,
1772,04/16/2026 03:00:44,24.50,7.97,6.52,24.43,102.274,52865.1,53505.5,35.30,34362.34,101.380,0.12798,,,,
1773,04/16/2026 03:02:44,24.49,7.98,6.52,24.43,102.223,52912.5,53553.4,35.33,34393.12,101.380,0.12284,,,,
1774,04/16/2026 03:04:44,24.49,7.98,6.52,24.43,102.223,52878.7,53522.6,35.31,34371.14,101.380,0.12283,,,,
1775,04/16/2026 03:06:44,24.49,7.98,6.52,24.42,102.257,52892.2,53539.7,35.32,34379.94,101.380,0.12625,,,,
1776,04/16/2026 03:08:44,24.49,7.98,6.52,24.42,102.326,52935.5,53587.0,35.36,34408.08,101.380,0.13309,,,,
1777,04/16/2026 03:10:44,24.49,7.98,6.52,24.42,102.291,52934.2,53589.1,35.36,34407.20,101.380,0.12966,,,,
1778,04/16/2026 03:12:44,24.49,7.99,6.53,24.42,102.308,52920.6,53578.8,35.35,34398.40,101.380,0.13136,,,,
1779,04/16/2026 03:14:44,24.48,7.99,6.53,24.42,102.274,52934.2,53592.5,35.36,34407.20,101.380,0.12794,,,,
1780,04/16/2026 03:16:44,24.48,7.99,6.53,24.41,102.239,52900.3,53561.7,35.34,34385.21,101.380,0.12451,,,,
1781,04/16/2026 03:18:44,24.48,7.99,6.53,24.41,102.257,52831.5,53495.4,35.29,34340.45,101.380,0.12621,,,,
1782,04/16/2026 03:20:44,24.47,7.99,6.53,24.41,102.205,52873.3,53537.8,35.32,34367.63,101.380,0.12107,,,,
1783,04/16/2026 03:22:44,24.47,7.99,6.53,24.41,102.205,52873.3,53541.2,35.32,34367.65,101.380,0.12106,,,,
1784,04/16/2026 03:24:44,24.46,7.99,6.53,24.40,102.256,52878.7,53550.2,35.33,34371.16,101.380,0.12619,,,,
1785,04/16/2026 03:26:44,24.47,7.99,6.53,24.40,102.187,52855.7,53530.2,35.31,34356.19,101.380,0.11934,,,,
1786,04/16/2026 03:28:44,24.46,7.99,6.53,24.40,102.205,52809.9,53487.3,35.28,34326.43,101.380,0.12104,,,,
1787,04/16/2026 03:30:44,24.46,7.98,6.53,24.39,102.256,52826.1,53507.1,35.30,34336.94,101.380,0.12617,,,,
1788,04/16/2026 03:32:44,24.46,7.99,6.53,24.39,102.170,52882.8,53568.0,35.34,34373.80,101.380,0.11760,,,,
1789,04/16/2026 03:34:44,24.46,8.00,6.54,24.38,102.239,52846.3,53537.9,35.32,34350.10,101.380,0.12443,,,,
1790,04/16/2026 03:36:44,24.45,7.99,6.53,24.38,102.187,52858.4,53550.2,35.33,34357.97,101.380,0.11929,,,,
1791,04/16/2026 03:38:44,24.45,7.99,6.53,24.38,102.239,52884.1,53583.1,35.35,34374.68,101.380,0.12441,,,,
1792,04/16/2026 03:40:44,24.45,7.99,6.53,24.38,102.204,52836.9,53538.7,35.32,34343.95,101.380,0.12098,,,,
1793,04/16/2026 03:42:44,24.44,8.00,6.53,24.37,102.204,52884.1,53590.0,35.36,34374.66,101.380,0.12097,,,,
1794,04/16/2026 03:44:44,24.44,8.00,6.54,24.37,102.238,52892.2,53601.6,35.36,34379.93,101.380,0.12439,,,,
1795,04/16/2026 03:46:44,24.44,8.00,6.54,24.37,102.255,52816.6,53528.5,35.31,34330.80,101.380,0.12609,,,,
1796,04/16/2026 03:48:44,24.42,8.00,6.54,24.36,102.204,52892.2,53608.5,35.37,34379.94,101.380,0.12095,,,,
1797,04/16/2026 03:50:44,24.42,8.01,6.54,24.36,102.221,52869.2,53592.1,35.36,34365.01,101.380,0.12264,,,,
1798,04/16/2026 03:52:44,24.42,8.00,6.54,24.35,102.221,52892.2,53618.9,35.38,34379.93,101.380,0.12264,,,,
1799,04/16/2026 03:54:44,24.42,8.01,6.55,24.35,102.203,52861.1,53590.8,35.36,34359.72,101.380,0.12092,,,,
1800,04/16/2026 03:56:44,24.42,8.01,6.54,24.35,102.186,52834.1,53566.9,35.34,34342.18,101.380,0.11919,,,,
1801,04/16/2026 03:58:44,24.41,8.00,6.54,24.35,102.238,52869.2,53605.9,35.37,34365.00,101.380,0.12432,,,,
1802,04/16/2026 04:00:44,24.41,8.00,6.54,24.34,102.151,52835.5,53575.1,35.34,34343.06,101.380,0.11575,,,,
1803,04/16/2026 04:02:44,24.41,8.00,6.54,24.34,102.220,52840.9,53584.0,35.35,34346.57,101.380,0.12259,,,,
1804,04/16/2026 04:04:44,24.41,8.01,6.54,24.34,102.203,52851.7,53598.4,35.36,34353.58,101.380,0.12087,,,,
1805,04/16/2026 04:06:44,24.40,8.00,6.54,24.33,102.186,52823.3,53576.5,35.34,34335.15,101.380,0.11914,,,,
1806,04/16/2026 04:08:44,24.40,8.01,6.55,24.33,102.220,52826.0,53582.7,35.35,34336.87,101.380,0.12256,,,,
1807,04/16/2026 04:10:44,24.40,8.01,6.54,24.32,102.220,52821.9,53582.0,35.35,34334.25,101.380,0.12255,,,,
1808,04/16/2026 04:12:44,24.40,8.01,6.54,24.32,102.168,52769.3,53532.1,35.31,34300.07,101.380,0.11741,,,,
1809,04/16/2026 04:14:44,24.39,8.01,6.55,24.32,102.237,52754.6,53520.6,35.30,34290.48,101.380,0.12425,,,,
1810,04/16/2026 04:16:44,24.38,8.01,6.55,24.32,102.220,52777.5,53547.3,35.32,34305.38,101.380,0.12253,,,,
1811,04/16/2026 04:18:44,24.39,8.01,6.55,24.31,102.202,52807.1,53580.8,35.35,34324.63,101.380,0.12081,,,,
1812,04/16/2026 04:20:44,24.38,8.01,6.55,24.31,102.237,52769.5,53546.0,35.32,34300.15,101.380,0.12422,,,,
1813,04/16/2026 04:22:44,24.37,8.01,6.55,24.31,102.219,52764.0,53543.9,35.32,34296.61,101.380,0.12250,,,,
1814,04/16/2026 04:24:44,24.37,8.01,6.55,24.30,102.219,52741.2,53524.2,35.30,34281.75,101.380,0.12250,,,,
1815,04/16/2026 04:26:44,24.36,8.01,6.55,24.30,102.253,52799.1,53589.8,35.35,34319.39,101.380,0.12590,,,,
1816,04/16/2026 04:28:44,24.37,8.01,6.55,24.30,102.185,52816.6,53607.7,35.36,34330.80,101.380,0.11905,,,,
1817,04/16/2026 04:30:44,24.36,8.01,6.55,24.29,102.236,52777.5,53574.8,35.34,34305.38,101.380,0.12417,,,,
1818,04/16/2026 04:32:44,24.36,8.02,6.55,24.29,102.202,52788.3,53589.3,35.35,34312.41,101.380,0.12074,,,,
1819,04/16/2026 04:34:44,24.36,8.01,6.54,24.29,102.236,52846.3,53651.6,35.40,34350.08,101.380,0.12416,,,,
1820,04/16/2026 04:36:44,24.36,8.01,6.55,24.28,102.219,52799.1,53607.1,35.36,34319.39,101.380,0.12244,,,,
1821,04/16/2026 04:38:44,24.35,8.01,6.55,24.28,102.219,52750.6,53561.3,35.33,34287.88,101.380,0.12243,,,,
1822,04/16/2026 04:40:44,24.35,8.01,6.55,24.28,102.270,52840.8,53656.4,35.40,34346.54,101.380,0.12756,,,,
1823,04/16/2026 04:42:44,24.35,8.01,6.54,24.27,102.218,52801.7,53620.1,35.37,34321.13,101.380,0.12241,,,,
1824,04/16/2026 04:44:44,24.34,8.02,6.55,24.27,102.253,52773.5,53594.9,35.35,34302.75,101.380,0.12583,,,,
1825,04/16/2026 04:46:44,24.34,8.01,6.55,24.27,102.270,52754.6,53579.2,35.34,34290.52,101.380,0.12753,,,,
1826,04/16/2026 04:48:44,24.33,8.02,6.55,24.26,102.235,52816.6,53645.5,35.39,34330.77,101.380,0.12410,,,,
1827,04/16/2026 04:50:44,24.33,8.01,6.54,24.26,102.252,52839.5,53672.3,35.41,34345.70,101.380,0.12580,,,,
1828,04/16/2026 04:52:44,24.32,8.02,6.55,24.26,102.252,52822.0,53657.9,35.40,34334.28,101.380,0.12580,,,,
1829,04/16/2026 04:54:44,24.33,8.01,6.54,24.26,102.287,52865.2,53705.3,35.43,34362.36,101.380,0.12921,,,,
1830,04/16/2026 04:56:44,24.32,8.02,6.55,24.25,102.218,52890.9,53734.8,35.46,34379.05,101.380,0.12235,,,,
1831,04/16/2026 04:58:44,24.32,8.01,6.55,24.25,102.287,52832.8,53679.2,35.41,34341.29,101.380,0.12920,,,,
1832,04/16/2026 05:00:44,24.31,8.02,6.55,24.25,102.252,52917.9,53769.2,35.48,34396.64,101.380,0.12576,,,,
1833,04/16/2026 05:02:44,24.31,8.02,6.55,24.24,102.269,52822.0,53678.7,35.41,34334.28,101.380,0.12746,,,,
1834,04/16/2026 05:04:44,24.31,8.02,6.55,24.24,102.183,52835.4,53695.8,35.43,34343.04,101.380,0.11889,,,,
1835,04/16/2026 05:06:44,24.31,8.01,6.54,24.23,102.235,52892.2,53756.9,35.47,34379.93,101.380,0.12402,,,,
1836,04/16/2026 05:08:44,24.30,8.01,6.55,24.23,102.234,52823.3,53690.4,35.42,34335.18,101.380,0.12401,,,,
1837,04/16/2026 05:10:44,24.29,8.02,6.55,24.23,102.303,52894.9,53766.6,35.48,34381.68,101.380,0.13085,,,,
1838,04/16/2026 05:12:44,24.29,8.02,6.55,24.23,102.269,52850.3,53721.3,35.44,34352.70,101.380,0.12743,,,,
1839,04/16/2026 05:14:44,24.30,8.01,6.54,24.22,102.217,52777.5,53650.7,35.39,34305.34,101.380,0.12228,,,,
1840,04/16/2026 05:16:44,24.29,8.02,6.54,24.22,102.269,52919.3,53801.7,35.50,34397.52,101.380,0.12740,,,,
1841,04/16/2026 05:18:44,24.28,8.02,6.55,24.22,102.251,52836.8,53721.3,35.44,34343.91,101.380,0.12568,,,,
1842,04/16/2026 05:20:44,24.28,8.01,6.54,24.21,102.268,52843.6,53731.7,35.45,34348.31,101.380,0.12739,,,,
1843,04/16/2026 05:22:44,24.28,8.01,6.54,24.21,102.251,52816.5,53707.7,35.43,34330.74,101.380,0.12566,,,,
1844,04/16/2026 05:24:44,24.28,8.01,6.54,24.21,102.268,52819.3,53713.9,35.44,34332.52,101.380,0.12737,,,,
1845,04/16/2026 05:26:44,24.28,8.01,6.54,24.21,102.251,52824.6,53719.4,35.44,34336.02,101.380,0.12565,,,,
1846,04/16/2026 05:28:44,24.27,8.00,6.54,24.20,102.285,52801.7,53699.5,35.43,34321.13,101.380,0.12907,,,,
1847,04/16/2026 05:30:44,24.26,8.01,6.54,24.20,102.216,52755.9,53652.9,35.39,34291.34,101.380,0.12222,,,,
1848,04/16/2026 05:32:44,24.26,8.01,6.54,24.20,102.251,52826.0,53727.6,35.45,34336.87,101.380,0.12564,,,,
1849,04/16/2026 05:34:44,24.26,8.01,6.54,24.20,102.320,52785.5,53686.5,35.42,34310.55,101.380,0.13249,,,,
1850,04/16/2026 05:36:44,24.26,8.01,6.54,24.20,102.320,52808.4,53713.3,35.44,34325.47,101.380,0.13248,,,,
1851,04/16/2026 05:38:44,24.26,8.01,6.54,24.19,102.302,52757.2,53664.6,35.40,34292.21,101.380,0.13076,,,,
1852,04/16/2026 05:40:44,24.26,8.01,6.54,24.19,102.319,52858.4,53771.0,35.48,34357.95,101.380,0.13246,,,,
1853,04/16/2026 05:42:44,24.26,8.01,6.54,24.19,102.302,52828.7,53740.8,35.46,34338.65,101.380,0.13075,,,,
1854,04/16/2026 05:44:44,24.26,8.00,6.54,24.19,102.302,52832.7,53748.4,35.46,34341.27,101.380,0.13074,,,,
1855,04/16/2026 05:46:44,24.25,8.00,6.54,24.19,102.302,52827.3,53746.3,35.46,34337.76,101.380,0.13074,,,,
1856,04/16/2026 05:48:44,24.25,8.01,6.54,24.18,102.285,52788.3,53710.1,35.43,34312.38,101.380,0.12901,,,,
1857,04/16/2026 05:50:44,24.26,8.00,6.53,24.18,102.285,52835.4,53758.1,35.47,34343.04,101.380,0.12901,,,,
1858,04/16/2026 05:52:44,24.25,8.00,6.53,24.18,102.319,52857.1,53780.1,35.49,34357.09,101.380,0.13244,,,,
1859,04/16/2026 05:54:44,24.25,8.01,6.54,24.18,102.354,52796.3,53721.8,35.44,34317.62,101.380,0.13586,,,,
1860,04/16/2026 05:56:44,24.24,8.01,6.54,24.18,102.302,52850.3,53773.2,35.48,34352.70,101.380,0.13073,,,,
1861,04/16/2026 05:58:44,24.24,8.02,6.55,24.18,102.302,52855.7,53782.1,35.49,34356.21,101.380,0.13072,,,,
1862,04/16/2026 06:00:44,24.25,8.01,6.54,24.18,102.285,52850.3,53776.7,35.48,34352.70,101.380,0.12901,,,,
1863,04/16/2026 06:02:44,24.24,8.01,6.54,24.18,102.354,52843.6,53769.8,35.48,34348.31,101.380,0.13586,,,,
1864,04/16/2026 06:04:44,24.24,8.01,6.54,24.18,102.302,52838.2,53764.3,35.47,34344.80,101.380,0.13072,,,,
1865,04/16/2026 06:06:44,24.24,8.01,6.54,24.18,102.285,52846.2,53772.5,35.48,34350.05,101.380,0.12901,,,,
1866,04/16/2026 06:08:44,24.24,8.01,6.54,24.18,102.319,52885.4,53812.4,35.51,34375.52,101.380,0.13243,,,,
1867,04/16/2026 06:10:44,24.25,8.01,6.54,24.18,102.336,52873.3,53800.0,35.50,34367.63,101.380,0.13414,,,,
1868,04/16/2026 06:12:44,24.24,8.01,6.54,24.18,102.302,52858.4,53784.9,35.49,34357.97,101.380,0.13072,,,,
1869,04/16/2026 06:14:44,24.24,8.02,6.54,24.18,102.319,52905.7,53833.0,35.53,34388.71,101.380,0.13243,,,,
1870,04/16/2026 06:16:44,24.24,8.01,6.54,24.18,102.319,52908.4,53839.3,35.53,34390.48,101.380,0.13242,,,,
1871,04/16/2026 06:18:44,24.24,8.01,6.54,24.17,102.319,52874.6,53808.4,35.51,34368.51,101.380,0.13241,,,,
1872,04/16/2026 06:20:44,24.24,8.02,6.54,24.17,102.336,52813.9,53746.5,35.46,34329.03,101.380,0.13413,,,,
1873,04/16/2026 06:22:44,24.24,8.01,6.54,24.17,102.319,52930.1,53864.8,35.55,34404.57,101.380,0.13241,,,,
1874,04/16/2026 06:24:44,24.24,8.02,6.55,24.17,102.336,52940.9,53879.3,35.56,34411.60,101.380,0.13412,,,,
1875,04/16/2026 06:26:44,24.23,8.02,6.55,24.17,102.336,52934.1,53872.4,35.55,34407.19,101.380,0.13412,,,,
1876,04/16/2026 06:28:44,24.24,8.02,6.54,24.17,102.336,52954.5,53893.1,35.57,34420.41,101.380,0.13412,,,,
1877,04/16/2026 06:30:44,24.24,8.03,6.55,24.17,102.353,52978.9,53914.5,35.59,34436.28,101.380,0.13584,,,,
1878,04/16/2026 06:32:44,24.24,8.04,6.56,24.18,102.336,52940.9,53872.3,35.55,34411.60,101.380,0.13413,,,,
1879,04/16/2026 06:34:44,24.23,8.04,6.56,24.18,102.285,52985.7,53910.9,35.58,34440.69,101.380,0.12901,,,,
1880,04/16/2026 06:36:44,24.24,8.05,6.57,24.19,102.371,52968.0,53886.0,35.57,34429.23,101.380,0.13759,,,,
1881,04/16/2026 06:38:44,24.25,8.05,6.57,24.19,102.388,52973.5,53884.6,35.56,34432.75,101.380,0.13932,,,,
1882,04/16/2026 06:40:44,24.26,8.07,6.58,24.20,102.354,52988.4,53889.4,35.57,34442.45,101.380,0.13592,,,,
1883,04/16/2026 06:42:44,24.26,8.06,6.58,24.21,102.354,52977.5,53867.9,35.55,34435.39,101.380,0.13595,,,,
1884,04/16/2026 06:44:44,24.27,8.07,6.59,24.22,102.337,53029.1,53913.5,35.59,34468.95,101.380,0.13425,,,,
1885,04/16/2026 06:46:44,24.28,8.07,6.59,24.23,102.320,53012.8,53886.5,35.57,34458.34,101.380,0.13256,,,,
1886,04/16/2026 06:48:44,24.29,8.09,6.60,24.23,102.338,53034.6,53901.6,35.58,34472.48,101.380,0.13429,,,,
1887,04/16/2026 06:50:44,24.30,8.10,6.61,24.24,102.338,53011.5,53867.8,35.55,34457.45,101.380,0.13432,,,,
1888,04/16/2026 06:52:44,24.31,8.11,6.61,24.25,102.390,53044.1,53890.5,35.57,34478.66,101.380,0.13948,,,,
1889,04/16/2026 06:54:44,24.31,8.11,6.62,24.26,102.356,53006.0,53844.9,35.54,34453.93,101.380,0.13607,,,,
1890,04/16/2026 06:56:44,24.32,8.11,6.62,24.26,102.373,52965.3,53796.6,35.50,34427.46,101.380,0.13780,,,,
1891,04/16/2026 06:58:44,24.32,8.12,6.63,24.27,102.356,53016.9,53842.1,35.54,34460.99,101.380,0.13610,,,,
1892,04/16/2026 07:00:44,24.34,8.12,6.63,24.28,102.339,53015.6,53830.3,35.53,34460.11,101.380,0.13442,,,,
1893,04/16/2026 07:02:44,24.34,8.13,6.64,24.28,102.391,52995.2,53806.2,35.51,34446.87,101.380,0.13956,,,,
1894,04/16/2026 07:04:44,24.35,8.14,6.64,24.29,102.339,53093.2,53895.3,35.58,34510.55,101.380,0.13445,,,,
1895,04/16/2026 07:06:44,24.36,8.15,6.65,24.30,102.374,53070.0,53861.3,35.55,34495.48,101.380,0.13790,,,,
1896,04/16/2026 07:08:44,24.36,8.17,6.67,24.31,102.340,53095.9,53873.7,35.56,34512.31,101.380,0.13451,,,,
1897,04/16/2026 07:10:44,24.38,8.18,6.67,24.33,102.340,53140.8,53902.0,35.58,34541.54,101.380,0.13455,,,,
1898,04/16/2026 07:12:44,24.39,8.18,6.68,24.35,102.393,53158.6,53899.3,35.58,34553.09,101.380,0.13974,,,,
1899,04/16/2026 07:14:44,24.40,8.20,6.70,24.37,102.393,53119.0,53831.5,35.53,34527.35,101.380,0.13980,,,,
1900,04/16/2026 07:16:44,24.44,8.23,6.72,24.39,102.377,53222.9,53909.0,35.59,34594.86,101.380,0.13816,,,,
1901,04/16/2026 07:18:44,24.45,8.23,6.72,24.41,102.446,53207.7,53876.4,35.57,34585.03,101.380,0.14505,,,,
1902,04/16/2026 07:20:44,24.46,8.25,6.73,24.42,102.377,53205.0,53856.3,35.56,34583.23,101.380,0.13824,,,,
1903,04/16/2026 07:22:44,24.48,8.25,6.73,24.44,102.412,53240.5,53875.0,35.57,34606.33,101.380,0.14171,,,,
1904,04/16/2026 07:24:44,24.49,8.26,6.74,24.45,102.395,53192.7,53816.3,35.53,34575.27,101.380,0.14002,,,,
1905,04/16/2026 07:26:44,24.51,8.26,6.74,24.46,102.430,53230.9,53844.6,35.55,34600.11,101.380,0.14347,,,,
1906,04/16/2026 07:28:44,24.51,8.27,6.75,24.47,102.396,53229.6,53832.9,35.54,34599.21,101.380,0.14007,,,,
1907,04/16/2026 07:30:44,24.53,8.26,6.75,24.48,102.362,53229.6,53822.6,35.53,34599.27,101.380,0.13667,,,,
1908,04/16/2026 07:32:44,24.54,8.27,6.76,24.48,102.414,53236.4,53819.1,35.53,34603.67,101.380,0.14183,,,,
1909,04/16/2026 07:34:44,24.54,8.28,6.76,24.49,102.397,53265.2,53837.9,35.55,34622.39,101.380,0.14014,,,,
1910,04/16/2026 07:36:44,24.56,8.29,6.76,24.51,102.380,53329.7,53889.2,35.59,34664.30,101.380,0.13846,,,,
1911,04/16/2026 07:38:44,24.57,8.29,6.77,24.52,102.397,53300.8,53842.8,35.55,34645.54,101.380,0.14022,,,,
1912,04/16/2026 07:40:44,24.58,8.31,6.78,24.53,102.432,53339.2,53867.7,35.57,34670.46,101.380,0.14368,,,,
1913,04/16/2026 07:42:44,24.59,8.30,6.77,24.54,102.467,53321.3,53839.3,35.55,34658.84,101.380,0.14713,,,,
1914,04/16/2026 07:44:44,24.60,8.30,6.78,24.55,102.416,53347.5,53852.0,35.56,34675.86,101.380,0.14202,,,,
1915,04/16/2026 07:46:44,24.61,8.30,6.77,24.56,102.416,53336.5,53830.5,35.55,34668.71,101.380,0.14205,,,,
1916,04/16/2026 07:48:44,24.62,8.31,6.78,24.58,102.382,53388.7,53869.4,35.57,34702.65,101.380,0.13866,,,,
1917,04/16/2026 07:50:44,24.63,8.32,6.79,24.59,102.434,53392.8,53859.8,35.57,34705.31,101.380,0.14383,,,,
1918,04/16/2026 07:52:44,24.65,8.33,6.80,24.60,102.434,53407.9,53857.8,35.57,34715.13,101.380,0.14387,,,,
1919,04/16/2026 07:54:44,24.67,8.36,6.83,24.62,102.400,53417.5,53843.4,35.56,34721.38,101.380,0.14050,,,,
1920,04/16/2026 07:56:44,24.69,8.37,6.83,24.66,102.453,53459.0,53847.2,35.56,34748.32,101.380,0.14573,,,,
1921,04/16/2026 07:58:44,24.72,8.39,6.85,24.69,102.437,53508.5,53859.3,35.57,34780.53,101.380,0.14411,,,,
1922,04/16/2026 08:00:44,24.75,8.41,6.87,24.72,102.420,53483.6,53803.2,35.53,34764.32,101.380,0.14247,,,,
1923,04/16/2026 08:02:44,24.77,8.43,6.88,24.74,102.421,53534.7,53827.2,35.55,34797.58,101.380,0.14254,,,,
1924,04/16/2026 08:04:44,24.79,8.45,6.90,24.77,102.473,53573.5,53838.7,35.56,34822.79,101.380,0.14774,,,,
1925,04/16/2026 08:06:44,24.82,8.47,6.91,24.79,102.439,53666.5,53901.1,35.61,34883.19,101.380,0.14439,,,,
1926,04/16/2026 08:08:44,24.85,8.48,6.92,24.82,102.440,53660.9,53861.2,35.58,34879.58,101.380,0.14448,,,,
1927,04/16/2026 08:10:44,24.88,8.48,6.93,24.84,102.475,53651.0,53827.2,35.56,34873.15,101.380,0.14796,,,,
1928,04/16/2026 08:12:44,24.89,8.49,6.93,24.87,102.424,53734.5,53887.0,35.60,34927.41,101.380,0.14288,,,,
1929,04/16/2026 08:14:44,24.92,8.49,6.93,24.88,102.425,53726.0,53857.9,35.58,34921.90,101.380,0.14293,,,,
1930,04/16/2026 08:16:44,24.94,8.50,6.94,24.90,102.460,53754.1,53868.9,35.59,34940.18,101.380,0.14640,,,,
1931,04/16/2026 08:18:44,24.95,8.50,6.94,24.91,102.477,53780.6,53881.7,35.60,34957.37,101.380,0.14815,,,,
1932,04/16/2026 08:20:44,24.97,8.49,6.94,24.92,102.443,53737.2,53827.9,35.56,34929.15,101.380,0.14475,,,,
1933,04/16/2026 08:22:44,24.98,8.50,6.95,24.93,102.478,53704.0,53784.4,35.53,34907.57,101.380,0.14820,,,,
1934,04/16/2026 08:24:44,24.98,8.50,6.94,24.94,102.461,53733.0,53803.2,35.55,34926.46,101.380,0.14651,,,,
1935,04/16/2026 08:26:44,25.00,8.52,6.96,24.96,102.427,53765.0,53814.7,35.55,34947.27,101.380,0.14313,,,,
1936,04/16/2026 08:28:44,25.02,8.53,6.97,24.98,102.445,53813.8,53836.1,35.57,34978.99,101.380,0.14491,,,,
1937,04/16/2026 08:30:44,25.03,8.54,6.98,25.00,102.462,53810.9,53816.1,35.56,34977.08,101.380,0.14667,,,,
1938,04/16/2026 08:32:44,25.04,8.55,6.98,25.01,102.428,53816.5,53804.6,35.55,34980.72,101.380,0.14329,,,,
1939,04/16/2026 08:34:44,25.06,8.56,6.99,25.02,102.463,53858.6,53833.0,35.57,35008.07,101.380,0.14675,,,,
1940,04/16/2026 08:36:44,25.07,8.57,7.00,25.04,102.464,53862.7,53813.2,35.56,35010.76,101.380,0.14680,,,,
1941,04/16/2026 08:38:44,25.10,8.58,7.01,25.07,102.481,53909.0,53832.1,35.57,35040.85,101.380,0.14858,,,,
1942,04/16/2026 08:40:44,25.12,8.59,7.02,25.10,102.499,53896.3,53788.7,35.54,35032.61,101.380,0.15037,,,,
1943,04/16/2026 08:42:44,25.15,8.60,7.03,25.13,102.500,53971.6,53822.8,35.57,35081.56,101.380,0.15047,,,,
1944,04/16/2026 08:44:44,25.17,8.60,7.03,25.15,102.501,53945.3,53772.7,35.53,35064.47,101.380,0.15053,,,,
1945,04/16/2026 08:46:44,25.20,8.61,7.04,25.17,102.519,53974.6,53778.0,35.54,35083.49,101.380,0.15230,,,,
1946,04/16/2026 08:48:44,25.22,8.62,7.04,25.19,102.519,54043.3,53826.0,35.58,35128.14,101.380,0.15236,,,,
1947,04/16/2026 08:50:44,25.24,8.63,7.05,25.22,102.434,54024.9,53780.4,35.54,35116.18,101.380,0.14386,,,,
1948,04/16/2026 08:52:44,25.26,8.64,7.06,25.24,102.486,54066.2,53790.8,35.55,35143.01,101.380,0.14907,,,,
1949,04/16/2026 08:54:44,25.29,8.65,7.07,25.27,102.487,54051.9,53752.8,35.52,35133.74,101.380,0.14913,,,,
1950,04/16/2026 08:56:44,25.31,8.66,7.08,25.29,102.470,54136.6,53809.7,35.57,35188.77,101.380,0.14749,,,,
1951,04/16/2026 08:58:44,25.34,8.68,7.09,25.33,102.523,54123.4,53755.8,35.53,35180.22,101.380,0.15273,,,,
1952,04/16/2026 09:00:44,25.37,8.69,7.10,25.35,102.489,54181.5,53786.2,35.55,35217.96,101.380,0.14937,,,,
1953,04/16/2026 09:02:44,25.40,8.68,7.09,25.37,102.473,54218.5,53795.7,35.56,35242.02,101.380,0.14773,,,,
1954,04/16/2026 09:04:44,25.42,8.68,7.09,25.39,102.473,54242.7,53799.3,35.57,35257.75,101.380,0.14778,,,,
1955,04/16/2026 09:06:44,25.44,8.70,7.11,25.43,102.474,54304.8,53820.1,35.58,35298.11,101.380,0.14788,,,,
1956,04/16/2026 09:08:44,25.48,8.72,7.13,25.47,102.476,54284.7,53752.6,35.54,35285.04,101.380,0.14800,,,,
1957,04/16/2026 09:10:44,25.51,8.73,7.14,25.51,102.494,54335.9,53755.8,35.54,35318.31,101.380,0.14983,,,,
1958,04/16/2026 09:12:44,25.56,8.75,7.16,25.56,102.478,54413.7,53781.9,35.56,35368.89,101.380,0.14824,,,,
1959,04/16/2026 09:14:44,25.60,8.77,7.17,25.61,102.479,54446.4,53756.6,35.55,35390.16,101.380,0.14839,,,,
1960,04/16/2026 09:16:44,25.66,8.78,7.18,25.67,102.516,54547.9,53792.4,35.57,35456.11,101.380,0.15197,,,,
1961,04/16/2026 09:18:44,25.71,8.80,7.19,25.72,102.517,54617.8,53803.8,35.59,35501.57,101.380,0.15212,,,,
1962,04/16/2026 09:20:44,25.76,8.79,7.18,25.76,102.466,54599.0,53744.7,35.54,35489.35,101.380,0.14708,,,,
1963,04/16/2026 09:22:44,25.79,8.78,7.18,25.78,102.536,54624.6,53746.2,35.55,35505.99,101.380,0.15399,,,,
1964,04/16/2026 09:24:44,25.82,8.77,7.17,25.79,102.485,54676.4,53783.7,35.57,35539.64,101.380,0.14889,,,,
1965,04/16/2026 09:26:44,25.84,8.78,7.18,25.82,102.537,54618.9,53696.7,35.51,35502.25,101.380,0.15410,,,,
1966,04/16/2026 09:28:44,25.87,8.79,7.19,25.85,102.486,54720.9,53756.5,35.56,35568.59,101.380,0.14907,,,,
1967,04/16/2026 09:30:44,25.90,8.79,7.19,25.88,102.504,54681.6,53690.9,35.51,35543.04,101.380,0.15085,,,,
1968,04/16/2026 09:32:44,25.92,8.82,7.21,25.91,102.522,54841.7,53817.7,35.61,35647.10,101.380,0.15264,,,,
1969,04/16/2026 09:34:44,25.96,8.83,7.23,25.96,102.489,54849.1,53764.3,35.57,35651.91,101.380,0.14937,,,,
1970,04/16/2026 09:36:44,26.00,8.83,7.22,25.99,102.525,54855.9,53737.3,35.55,35656.32,101.380,0.15288,,,,
1971,04/16/2026 09:38:44,26.03,8.82,7.22,26.01,102.456,54909.7,53773.1,35.58,35691.29,101.380,0.14607,,,,
1972,04/16/2026 09:40:44,26.06,8.84,7.23,26.04,102.543,54953.6,53775.7,35.58,35719.81,101.380,0.15474,,,,
1973,04/16/2026 09:42:44,26.10,8.84,7.23,26.08,102.458,54985.2,53769.6,35.58,35740.40,101.380,0.14627,,,,
1974,04/16/2026 09:44:44,26.13,8.88,7.26,26.13,102.494,55063.6,53782.3,35.59,35791.34,101.380,0.14986,,,,
1975,04/16/2026 09:46:44,26.18,8.91,7.29,26.20,102.531,55142.2,53788.4,35.60,35842.41,101.380,0.15346,,,,
1976,04/16/2026 09:48:44,26.24,8.91,7.29,26.26,102.498,55150.6,53729.5,35.56,35847.89,101.380,0.15021,,,,
1977,04/16/2026 09:50:44,26.29,8.93,7.31,26.32,102.534,55279.7,53791.5,35.60,35931.79,101.380,0.15380,,,,
1978,04/16/2026 09:52:44,26.35,8.93,7.31,26.38,102.536,55304.1,53748.2,35.58,35947.68,101.380,0.15397,,,,
1979,04/16/2026 09:54:44,26.42,8.94,7.32,26.44,102.520,55339.5,53718.9,35.56,35970.64,101.380,0.15242,,,,
1980,04/16/2026 09:56:44,26.47,8.96,7.34,26.49,102.522,55421.3,53738.1,35.57,36023.84,101.380,0.15258,,,,
1981,04/16/2026 09:58:44,26.53,8.98,7.36,26.56,102.541,55450.1,53692.5,35.54,36042.54,101.380,0.15448,,,,
1982,04/16/2026 10:00:44,26.60,9.00,7.37,26.63,102.560,55538.0,53704.3,35.55,36099.71,101.380,0.15639,,,,
1983,04/16/2026 10:02:44,26.66,9.01,7.43,26.68,102.475,53714.5,51879.7,34.20,34914.39,101.380,0.14799,,,,
1984,04/16/2026 10:04:44,26.72,9.05,7.48,26.76,102.529,53324.1,51419.7,33.86,34660.69,101.380,0.15335,,,,
1985,04/16/2026 10:06:44,26.81,9.08,7.51,26.87,102.515,53332.1,51319.2,33.79,34665.85,101.380,0.15194,,,,
1986,04/16/2026 10:08:44,26.77,8.68,7.16,26.48,102.917,53867.0,52247.3,34.46,35013.57,101.380,0.19194,,,,
1987,04/16/2026 10:10:44,26.60,8.87,7.30,26.38,102.914,53972.9,52454.4,34.61,35082.36,101.380,0.19166,,,,
1988,04/16/2026 10:12:44,26.54,8.91,7.34,26.42,102.933,53946.4,52379.7,34.56,35065.14,101.380,0.19350,,,,
1989,04/16/2026 10:14:44,26.52,8.94,7.35,26.48,102.917,54090.3,52460.6,34.62,35158.68,101.380,0.19195,,,,
1990,04/16/2026 10:16:44,26.55,8.96,7.37,26.53,102.936,54063.7,52379.4,34.56,35141.40,101.380,0.19381,,,,
1991,04/16/2026 10:18:44,26.59,8.96,7.37,26.57,102.920,54153.6,52420.9,34.60,35199.87,101.380,0.19222,,,,
1992,04/16/2026 10:20:44,26.63,8.97,7.38,26.63,102.922,54202.9,52406.7,34.59,35231.86,101.380,0.19238,,,,
1993,04/16/2026 10:22:44,26.68,8.96,7.38,26.68,102.906,54321.2,52465.7,34.63,35308.77,101.380,0.19082,,,,
1994,04/16/2026 10:24:44,26.72,8.96,7.38,26.70,102.924,54271.8,52404.9,34.59,35276.64,101.380,0.19257,,,,
1995,04/16/2026 10:26:44,26.74,8.94,7.36,26.70,102.924,54282.0,52414.8,34.60,35283.28,101.380,0.19257,,,,
1996,04/16/2026 10:28:44,26.76,8.94,7.36,26.72,102.924,54326.9,52432.1,34.61,35312.45,101.380,0.19264,,,,
1997,04/16/2026 10:30:44,26.78,8.96,7.38,26.77,102.943,54382.0,52436.6,34.62,35348.32,101.380,0.19448,,,,
1998,04/16/2026 10:32:44,26.81,8.95,7.37,26.79,102.926,54426.0,52456.2,34.63,35376.87,101.380,0.19283,,,,
1999,04/16/2026 10:34:44,26.84,8.96,7.38,26.83,102.962,54396.0,52381.9,34.58,35357.41,101.380,0.19638,,,,
2000,04/16/2026 10:36:44,26.89,8.97,7.39,26.88,102.912,54487.5,52414.8,34.60,35416.88,101.380,0.19138,,,,
2001,04/16/2026 10:38:44,26.94,8.97,7.39,26.93,102.896,54559.6,52432.3,34.62,35463.77,101.380,0.18981,,,,
2002,04/16/2026 10:40:44,26.98,8.96,7.38,26.96,102.914,54551.3,52398.3,34.60,35458.36,101.380,0.19159,,,,
2003,04/16/2026 10:42:44,27.00,8.96,7.38,26.96,102.914,54612.7,52454.0,34.64,35498.23,101.380,0.19160,,,,
2004,04/16/2026 10:44:44,27.01,8.96,7.38,26.97,102.949,54571.1,52401.1,34.60,35471.20,101.380,0.19507,,,,
2005,04/16/2026 10:46:44,27.05,8.97,7.38,27.01,102.933,54641.8,52423.7,34.62,35517.18,101.380,0.19347,,,,
2006,04/16/2026 10:48:44,27.09,8.98,7.39,27.07,102.934,54673.1,52398.6,34.60,35537.50,101.380,0.19362,,,,
2007,04/16/2026 10:50:44,27.13,9.00,7.41,27.11,102.936,54788.0,52460.1,34.65,35612.18,101.380,0.19376,,,,
2008,04/16/2026 10:52:44,27.18,9.02,7.43,27.17,102.903,54747.7,52360.2,34.58,35586.00,101.380,0.19050,,,,
2009,04/16/2026 10:54:44,27.23,9.03,7.44,27.24,102.956,54879.6,52415.2,34.62,35671.77,101.380,0.19583,,,,
2010,04/16/2026 10:56:44,27.29,9.01,7.43,27.28,102.975,54905.3,52394.6,34.61,35688.46,101.380,0.19767,,,,
2011,04/16/2026 10:58:44,27.32,8.99,7.41,27.29,102.924,54771.7,52254.2,34.50,35601.62,101.380,0.19256,,,,
2012,04/16/2026 11:00:44,27.35,9.00,7.41,27.32,102.959,54926.9,52379.7,34.60,35702.46,101.380,0.19605,,,,
2013,04/16/2026 11:02:44,27.40,9.01,7.42,27.37,102.908,54955.8,52352.5,34.58,35721.27,101.380,0.19106,,,,
2014,04/16/2026 11:04:44,27.42,9.01,7.42,27.39,102.961,54994.7,52363.8,34.59,35746.58,101.380,0.19627,,,,
2015,04/16/2026 11:06:44,27.45,9.03,7.44,27.42,102.962,55033.7,52372.0,34.59,35771.92,101.380,0.19635,,,,
2016,04/16/2026 11:08:44,27.50,9.03,7.45,27.48,102.946,55075.4,52353.7,34.58,35798.98,101.380,0.19480,,,,
2017,04/16/2026 11:10:44,27.55,9.06,7.47,27.53,102.965,55180.2,52395.4,34.62,35867.12,101.380,0.19667,,,,
2018,04/16/2026 11:12:44,27.59,9.07,7.48,27.59,102.949,55198.6,52355.0,34.59,35879.10,101.380,0.19512,,,,
2019,04/16/2026 11:14:44,27.65,9.08,7.49,27.65,102.951,55315.6,52398.5,34.62,35955.14,101.380,0.19530,,,,
2020,04/16/2026 11:16:44,27.71,9.08,7.49,27.71,102.953,55371.0,52393.1,34.62,35991.14,101.380,0.19546,,,,
2021,04/16/2026 11:18:44,27.77,9.10,7.50,27.76,102.937,55426.4,52387.8,34.62,36027.18,101.380,0.19391,,,,
2022,04/16/2026 11:20:44,27.83,9.10,7.51,27.82,102.921,55468.5,52369.9,34.61,36054.55,101.380,0.19236,,,,
2023,04/16/2026 11:22:44,27.88,9.10,7.50,27.86,102.940,55515.7,52366.4,34.61,36085.20,101.380,0.19420,,,,
2024,04/16/2026 11:24:44,27.93,9.12,7.52,27.92,102.907,55563.0,52350.2,34.60,36115.92,101.380,0.19095,,,,
2025,04/16/2026 11:26:44,27.99,9.13,7.53,27.98,102.961,55618.7,52345.2,34.59,36152.18,101.380,0.19625,,,,
2026,04/16/2026 11:28:44,28.04,9.13,7.53,28.03,102.979,55715.3,52378.5,34.62,36214.97,101.380,0.19812,,,,
2027,04/16/2026 11:30:44,28.09,9.13,7.53,28.08,102.981,55740.8,52351.4,34.60,36231.52,101.380,0.19827,,,,
2028,04/16/2026 11:32:44,28.15,9.14,7.54,28.14,102.914,55858.3,52401.0,34.64,36307.87,101.380,0.19158,,,,
2029,04/16/2026 11:34:44,28.20,9.13,7.53,28.18,102.880,55868.5,52369.1,34.62,36314.51,101.380,0.18827,,,,
2030,04/16/2026 11:36:44,28.24,9.14,7.54,28.22,102.950,55880.4,52342.0,34.60,36322.28,101.380,0.19523,,,,
2031,04/16/2026 11:38:44,28.28,9.15,7.55,28.26,102.934,55905.1,52323.8,34.59,36338.34,101.380,0.19364,,,,
2032,04/16/2026 11:40:44,28.32,9.15,7.55,28.31,102.936,55951.3,52319.2,34.59,36368.33,101.380,0.19377,,,,
2033,04/16/2026 11:42:44,28.37,9.15,7.55,28.35,102.954,56027.5,52342.7,34.61,36417.86,101.380,0.19562,,,,
2034,04/16/2026 11:44:44,28.42,9.16,7.56,28.41,102.939,56099.6,52352.8,34.61,36464.76,101.380,0.19407,,,,
2035,04/16/2026 11:46:44,28.48,9.16,7.56,28.46,102.940,56205.4,52397.4,34.65,36533.50,101.380,0.19422,,,,
2036,04/16/2026 11:48:44,28.52,9.17,7.57,28.51,102.873,56221.8,52365.0,34.63,36544.14,101.380,0.18751,,,,
2037,04/16/2026 11:50:44,28.57,9.17,7.57,28.56,102.926,56259.8,52349.6,34.62,36568.87,101.380,0.19279,,,,
2038,04/16/2026 11:52:44,28.62,9.17,7.57,28.60,102.927,56299.4,52338.8,34.61,36594.58,101.380,0.19293,,,,
2039,04/16/2026 11:54:44,28.67,9.17,7.57,28.65,102.911,56322.9,52316.3,34.60,36609.88,101.380,0.19134,,,,
2040,04/16/2026 11:56:44,28.71,9.16,7.56,28.69,102.964,56425.1,52366.8,34.63,36676.29,101.380,0.19661,,,,
2041,04/16/2026 11:58:44,28.77,9.16,7.56,28.74,102.845,56474.5,52358.7,34.63,36708.40,101.380,0.18477,,,,
2042,04/16/2026 12:00:44,28.81,9.16,7.57,28.79,102.881,56502.5,52334.0,34.61,36726.60,101.380,0.18834,,,,
2043,04/16/2026 12:02:44,28.85,9.15,7.55,28.82,102.951,56586.9,52380.5,34.65,36781.45,101.380,0.19529,,,,
2044,04/16/2026 12:04:44,28.87,9.13,7.54,28.83,102.865,56549.5,52342.8,34.62,36757.17,101.380,0.18673,,,,
2045,04/16/2026 12:06:44,28.90,9.14,7.54,28.86,102.917,56603.4,52364.2,34.64,36792.20,101.380,0.19195,,,,
2046,04/16/2026 12:08:44,28.94,9.14,7.54,28.90,102.884,56578.3,52299.8,34.59,36775.86,101.380,0.18864,,,,
2047,04/16/2026 12:10:44,28.98,9.13,7.54,28.94,102.903,56691.7,52363.5,34.64,36849.59,101.380,0.19048,,,,
2048,04/16/2026 12:12:44,29.01,9.14,7.55,28.98,102.869,56732.8,52360.4,34.64,36876.34,101.380,0.18717,,,,
2049,04/16/2026 12:14:44,29.05,9.15,7.56,29.03,102.905,56786.4,52359.3,34.64,36911.14,101.380,0.19074,,,,
2050,04/16/2026 12:16:44,29.11,9.15,7.55,29.07,102.872,56825.2,52347.7,34.63,36936.37,101.380,0.18745,,,,
2051,04/16/2026 12:18:44,29.15,9.15,7.55,29.12,102.874,56889.4,52356.3,34.64,36978.11,101.380,0.18760,,,,
2052,04/16/2026 12:20:44,29.20,9.15,7.56,29.17,102.858,56918.4,52332.6,34.62,36996.99,101.380,0.18603,,,,
2053,04/16/2026 12:22:44,29.25,9.13,7.54,29.22,102.859,56982.8,52344.5,34.63,37038.83,101.380,0.18617,,,,
2054,04/16/2026 12:24:44,29.28,9.11,7.53,29.24,102.877,57010.1,52353.8,34.64,37056.55,101.380,0.18793,,,,
2055,04/16/2026 12:26:44,29.31,9.11,7.53,29.26,102.843,57080.3,52389.9,34.67,37102.19,101.380,0.18458,,,,
2056,04/16/2026 12:28:44,29.34,9.12,7.54,29.31,102.845,57094.6,52358.9,34.65,37111.50,101.380,0.18471,,,,
2057,04/16/2026 12:30:44,29.43,9.13,7.54,29.40,102.865,57234.8,52389.8,34.67,37202.64,101.380,0.18671,,,,
2058,04/16/2026 12:32:44,29.48,9.12,7.53,29.47,102.884,57277.2,52362.5,34.65,37230.20,101.380,0.18862,,,,
2059,04/16/2026 12:34:44,29.53,9.12,7.54,29.51,102.954,57298.4,52341.0,34.64,37243.99,101.380,0.19559,,,,
2060,04/16/2026 12:36:44,29.57,9.13,7.54,29.54,102.886,57305.2,52312.7,34.62,37248.39,101.380,0.18884,,,,
2061,04/16/2026 12:38:44,29.61,9.14,7.55,29.58,102.818,57368.4,52332.7,34.64,37289.46,101.380,0.18209,,,,
2062,04/16/2026 12:40:44,29.65,9.13,7.55,29.61,102.923,57399.8,52330.0,34.63,37309.87,101.380,0.19247,,,,
2063,04/16/2026 12:42:44,29.68,9.13,7.55,29.64,102.889,57425.4,52328.2,34.63,37326.53,101.380,0.18912,,,,
2064,04/16/2026 12:44:44,29.72,9.14,7.55,29.69,102.856,57563.1,52397.2,34.69,37416.04,101.380,0.18586,,,,
2065,04/16/2026 12:46:44,29.76,9.12,7.54,29.70,102.822,57554.0,52382.5,34.68,37410.07,101.380,0.18245,,,,
2066,04/16/2026 12:48:44,29.78,9.10,7.52,29.72,102.891,57604.6,52412.9,34.70,37442.96,101.380,0.18935,,,,
2067,04/16/2026 12:50:44,29.79,9.10,7.51,29.73,102.840,57627.5,52418.0,34.70,37457.86,101.380,0.18426,,,,
2068,04/16/2026 12:52:44,29.81,9.08,7.51,29.75,102.841,57537.0,52316.9,34.63,37399.02,101.380,0.18431,,,,
2069,04/16/2026 12:54:44,29.84,9.07,7.49,29.77,102.876,57591.4,52347.7,34.65,37434.44,101.380,0.18779,,,,
2070,04/16/2026 12:56:44,29.86,9.06,7.49,29.78,102.910,57623.6,52364.3,34.67,37455.31,101.380,0.19126,,,,
2071,04/16/2026 12:58:44,29.87,9.06,7.48,29.80,102.859,57633.8,52361.1,34.66,37461.98,101.380,0.18616,,,,
2072,04/16/2026 13:00:44,29.88,9.05,7.48,29.81,102.911,57631.9,52346.8,34.65,37460.70,101.380,0.19133,,,,
2073,04/16/2026 13:02:44,29.90,9.03,7.47,29.82,102.912,57680.2,52378.1,34.68,37492.13,101.380,0.19137,,,,
2074,04/16/2026 13:04:44,29.91,9.03,7.46,29.84,102.861,57703.6,52377.5,34.68,37507.36,101.380,0.18630,,,,
2075,04/16/2026 13:06:44,29.93,9.03,7.46,29.86,102.895,57754.9,52408.4,34.70,37540.70,101.380,0.18977,,,,
2076,04/16/2026 13:08:44,29.94,9.02,7.45,29.87,102.827,57710.4,52358.6,34.66,37511.76,101.380,0.18294,,,,
2077,04/16/2026 13:10:44,29.95,9.00,7.44,29.88,102.827,57719.2,52357.1,34.66,37517.46,101.380,0.18297,,,,
2078,04/16/2026 13:12:44,29.98,9.00,7.44,29.89,102.879,57748.1,52367.8,34.67,37536.29,101.380,0.18816,,,,
2079,04/16/2026 13:14:44,29.98,9.00,7.44,29.90,102.880,57782.8,52389.8,34.69,37558.81,101.380,0.18819,,,,
2080,04/16/2026 13:16:44,29.98,8.99,7.43,29.91,102.863,57795.5,52391.9,34.69,37567.09,101.380,0.18650,,,,
2081,04/16/2026 13:18:44,30.00,8.98,7.42,29.92,102.846,57835.8,52419.0,34.71,37593.25,101.380,0.18481,,,,
2082,04/16/2026 13:20:44,30.01,8.98,7.43,29.93,102.880,57778.4,52360.8,34.67,37555.96,101.380,0.18826,,,,
2083,04/16/2026 13:22:44,30.01,8.98,7.42,29.93,102.863,57814.2,52387.0,34.69,37579.25,101.380,0.18657,,,,
2084,04/16/2026 13:24:44,30.03,8.97,7.41,29.93,102.846,57825.4,52397.1,34.69,37586.51,101.380,0.18485,,,,
2085,04/16/2026 13:26:44,30.03,8.97,7.41,29.94,102.829,57865.3,52423.8,34.71,37612.44,101.380,0.18317,,,,
2086,04/16/2026 13:28:44,30.05,8.97,7.41,29.99,102.882,57898.4,52403.7,34.70,37633.97,101.380,0.18846,,,,
2087,04/16/2026 13:30:44,30.08,8.94,7.39,30.04,102.867,58011.3,52455.8,34.74,37707.35,101.380,0.18689,,,,
2088,04/16/2026 13:32:44,30.10,8.94,7.39,30.04,102.849,57966.1,52414.9,34.71,37677.93,101.380,0.18518,,,,
2089,04/16/2026 13:34:44,30.11,8.95,7.40,30.04,102.849,57908.4,52369.0,34.68,37640.48,101.380,0.18516,,,,
2090,04/16/2026 13:36:44,30.11,8.96,7.41,30.02,102.866,57929.6,52400.7,34.70,37654.26,101.380,0.18684,,,,
2091,04/16/2026 13:38:44,30.10,8.97,7.42,30.03,102.832,57881.2,52353.8,34.66,37622.81,101.380,0.18342,,,,
2092,04/16/2026 13:40:44,30.11,8.99,7.43,30.04,102.849,57960.0,52412.5,34.71,37674.01,101.380,0.18517,,,,
2093,04/16/2026 13:42:44,30.11,8.98,7.43,30.04,102.884,57883.2,52346.2,34.66,37624.11,101.380,0.18859,,,,
2094,04/16/2026 13:44:44,30.11,8.98,7.42,30.03,102.883,57887.2,52353.0,34.66,37626.71,101.380,0.18858,,,,
2095,04/16/2026 13:46:44,30.11,8.96,7.40,30.03,102.866,57881.2,52353.8,34.66,37622.81,101.380,0.18685,,,,
2096,04/16/2026 13:48:44,30.10,8.97,7.41,30.02,102.866,57802.3,52288.6,34.62,37571.49,101.380,0.18683,,,,
2097,04/16/2026 13:50:44,30.10,8.95,7.40,30.01,102.848,57806.7,52298.8,34.62,37574.34,101.380,0.18509,,,,
2098,04/16/2026 13:52:44,30.09,8.95,7.40,30.01,102.866,57823.8,52314.3,34.63,37585.47,101.380,0.18681,,,,
2099,04/16/2026 13:54:44,30.10,9.00,7.44,30.03,102.780,57934.4,52398.8,34.70,37657.36,101.380,0.17828,,,,
2100,04/16/2026 13:56:44,30.12,8.95,7.40,30.05,102.798,57950.9,52394.9,34.70,37668.05,101.380,0.18006,,,,
2101,04/16/2026 13:58:44,30.13,8.94,7.39,30.06,102.764,57982.9,52414.4,34.71,37688.89,101.380,0.17666,,,,
2102,04/16/2026 14:00:44,30.14,8.93,7.38,30.07,102.764,58008.2,52421.7,34.72,37705.32,101.380,0.17670,,,,
2103,04/16/2026 14:02:44,30.15,8.93,7.38,30.08,102.799,58055.9,52455.4,34.74,37736.34,101.380,0.18016,,,,
2104,04/16/2026 14:04:44,30.16,8.91,7.36,30.08,102.764,58002.2,52406.8,34.70,37701.40,101.380,0.17673,,,,
2105,04/16/2026 14:06:44,30.17,8.91,7.36,30.09,102.747,58036.3,52434.5,34.73,37723.57,101.380,0.17503,,,,
2106,04/16/2026 14:08:44,30.17,8.89,7.35,30.09,102.764,58008.9,52409.8,34.71,37705.80,101.380,0.17674,,,,
2107,04/16/2026 14:10:44,30.17,8.86,7.33,30.09,102.764,58025.8,52425.0,34.72,37716.77,101.380,0.17674,,,,
2108,04/16/2026 14:12:44,30.17,8.87,7.33,30.09,102.764,58068.4,52463.5,34.75,37744.46,101.380,0.17674,,,,
2109,04/16/2026 14:14:44,30.17,8.85,7.32,30.09,102.747,58060.0,52455.9,34.74,37738.97,101.380,0.17503,,,,
2110,04/16/2026 14:16:44,30.17,8.85,7.31,30.10,102.799,58094.2,52477.4,34.76,37761.20,101.380,0.18020,,,,
2111,04/16/2026 14:18:44,30.18,8.84,7.30,30.10,102.799,58051.5,52438.9,34.73,37733.48,101.380,0.18020,,,,
2112,04/16/2026 14:20:44,30.18,8.83,7.30,30.10,102.765,58074.5,52456.5,34.74,37748.42,101.380,0.17678,,,,
2113,04/16/2026 14:22:44,30.18,8.81,7.28,30.10,102.782,58098.2,52474.8,34.76,37763.84,101.380,0.17850,,,,
2114,04/16/2026 14:24:44,30.19,8.80,7.27,30.10,102.799,58081.3,52459.5,34.74,37752.83,101.380,0.18021,,,,
2115,04/16/2026 14:26:44,30.19,8.79,7.27,30.10,102.713,58021.0,52411.4,34.71,37713.68,101.380,0.17162,,,,
2116,04/16/2026 14:28:44,30.18,8.78,7.26,30.10,102.799,58027.8,52417.5,34.71,37718.09,101.380,0.18020,,,,
2117,04/16/2026 14:30:44,30.19,8.77,7.25,30.10,102.799,57989.3,52382.7,34.69,37693.05,101.380,0.18020,,,,
2118,04/16/2026 14:32:44,30.18,8.79,7.27,30.10,102.730,57996.1,52385.7,34.69,37697.46,101.380,0.17335,,,,
2119,04/16/2026 14:34:44,30.17,8.78,7.26,30.09,102.782,57906.4,52314.1,34.64,37639.18,101.380,0.17846,,,,
2120,04/16/2026 14:36:44,30.17,8.75,7.23,30.08,102.799,57904.4,52321.6,34.64,37637.87,101.380,0.18015,,,,
2121,04/16/2026 14:38:44,30.16,8.73,7.22,30.07,102.747,57861.7,52289.3,34.62,37610.10,101.380,0.17499,,,,
2122,04/16/2026 14:40:44,30.14,7.63,7.54,29.96,101.193,4369.4,3957.6,2.09,2840.12,101.380,0.02036,,,,
2123,04/16/2026 14:42:44,28.47,7.49,7.48,27.52,101.173,381.0,361.9,0.18,247.67,101.380,0.01844,,,,
2124,04/16/2026 14:44:44,28.08,9.17,7.56,29.73,102.771,57899.3,52671.6,34.89,37634.55,101.380,0.17738,,,,
2125,04/16/2026 14:46:44,29.13,7.73,7.72,30.01,101.246,430.5,389.5,0.19,279.84,101.380,0.02568,,,,
2126,04/16/2026 14:48:44,28.67,10.41,8.69,28.12,102.000,52892.5,49643.0,32.60,34380.13,101.380,0.10069,,,,
2127,04/16/2026 14:50:44,28.38,10.48,8.74,28.03,101.946,52919.4,49756.2,32.68,34397.64,101.380,0.09529,,,,
2128,04/16/2026 14:52:44,28.21,10.81,9.05,27.93,108.143,51842.4,48838.8,32.00,33697.54,101.380,0.71185,,,,
2129,04/16/2026 14:54:44,28.11,10.87,9.10,27.95,108.110,51898.1,48867.3,32.02,33733.74,101.380,0.70850,,,,
2130,04/16/2026 14:56:44,28.06,10.71,8.96,27.96,108.179,51869.6,48834.6,32.00,33715.23,101.380,0.71537,,,,
2131,04/16/2026 14:58:44,28.02,10.74,8.98,27.94,108.092,51900.5,48881.6,32.03,33735.33,101.380,0.70675,,,,
2132,04/16/2026 15:00:44,27.99,10.76,9.01,27.93,108.144,51856.4,48846.0,32.00,33706.67,101.380,0.71187,,,,
2133,04/16/2026 15:02:44,27.99,10.64,8.91,27.94,108.109,51869.6,48852.5,32.01,33715.23,101.380,0.70846,,,,
2134,04/16/2026 15:04:44,28.03,10.24,8.56,28.02,108.025,52039.6,48940.9,32.08,33825.77,101.380,0.70011,,,,
2135,04/16/2026 15:06:44,28.09,10.20,8.53,28.06,108.096,52068.3,48926.1,32.07,33844.41,101.380,0.70709,,,,
2136,04/16/2026 15:08:44,28.13,10.29,8.61,28.08,108.234,52076.3,48915.7,32.06,33849.60,101.380,0.72086,,,,
2137,04/16/2026 15:10:44,28.13,10.44,8.74,28.07,108.079,52052.3,48896.1,32.05,33834.01,101.380,0.70543,,,,
2138,04/16/2026 15:12:44,28.10,10.53,8.81,28.04,108.164,51993.5,48876.6,32.03,33795.79,101.380,0.71388,,,,
2139,04/16/2026 15:14:44,28.08,10.49,8.78,28.01,107.974,51908.2,48823.2,31.99,33740.31,101.380,0.69495,,,,
2140,04/16/2026 15:16:44,28.06,10.58,8.86,28.01,108.060,51836.2,48755.5,31.94,33693.51,101.380,0.70352,,,,
2141,04/16/2026 15:18:44,28.07,10.49,8.78,28.02,107.957,51844.1,48751.1,31.94,33698.69,101.380,0.69328,,,,
2142,04/16/2026 15:20:44,28.09,10.42,8.72,28.03,107.940,51835.6,48731.2,31.92,33693.15,101.380,0.69160,,,,
2143,04/16/2026 15:22:44,28.09,10.60,8.87,28.04,107.888,51827.7,48720.7,31.92,33687.98,101.380,0.68647,,,,
2144,04/16/2026 15:24:44,28.09,10.52,8.81,28.04,107.819,51803.8,48695.3,31.90,33672.46,101.380,0.67963,,,,
2145,04/16/2026 15:26:44,28.09,10.51,8.80,28.05,107.802,51828.9,48710.0,31.91,33688.77,101.380,0.67794,,,,
2146,04/16/2026 15:28:44,28.13,10.33,8.65,28.08,107.803,51844.1,48694.6,31.90,33698.69,101.380,0.67803,,,,
2147,04/16/2026 15:30:44,28.12,10.46,8.76,28.07,107.734,51831.6,48694.8,31.90,33690.57,101.380,0.67114,,,,
2148,04/16/2026 15:32:44,28.13,10.41,8.72,28.07,107.682,51834.7,48697.7,31.90,33692.58,101.380,0.66600,,,,
2149,04/16/2026 15:34:44,28.13,10.65,8.92,28.08,107.666,51871.7,48723.5,31.92,33716.61,101.380,0.66432,,,,
2150,04/16/2026 15:36:44,28.14,10.26,8.59,28.07,107.665,51851.2,48713.2,31.91,33703.29,101.380,0.66429,,,,
2151,04/16/2026 15:38:44,28.11,10.37,8.68,28.06,107.613,51854.9,48728.5,31.92,33705.67,101.380,0.65911,,,,
2152,04/16/2026 15:40:44,28.12,10.24,8.57,28.06,107.682,51808.1,48684.5,31.89,33675.27,101.380,0.66596,,,,
2153,04/16/2026 15:42:44,28.10,10.39,8.70,28.06,107.579,51779.7,48657.8,31.87,33656.82,101.380,0.65568,,,,
2154,04/16/2026 15:44:44,28.11,10.26,8.60,28.06,107.441,51788.6,48660.2,31.87,33662.56,101.380,0.64199,,,,
2155,04/16/2026 15:46:44,28.12,10.41,8.72,28.06,107.493,51782.2,48651.2,31.87,33658.40,101.380,0.64714,,,,
2156,04/16/2026 15:48:44,28.12,10.45,8.75,28.06,107.493,51767.8,48637.7,31.86,33649.07,101.380,0.64714,,,,
2157,04/16/2026 15:50:44,28.13,10.34,8.66,28.08,107.493,51751.0,48607.2,31.83,33638.18,101.380,0.64719,,,,
2158,04/16/2026 15:52:44,28.15,10.34,8.66,28.09,107.390,51792.5,48634.3,31.85,33665.14,101.380,0.63695,,,,
2159,04/16/2026 15:54:44,28.15,10.51,8.81,28.09,107.459,51752.6,48599.8,31.83,33639.20,101.380,0.64379,,,,
2160,04/16/2026 15:56:44,28.15,10.47,8.77,28.10,107.253,51767.8,48608.1,31.83,33649.07,101.380,0.62325,,,,
2161,04/16/2026 15:58:44,28.15,10.52,8.82,28.09,107.287,51707.7,48560.6,31.80,33610.00,101.380,0.62665,,,,
2162,04/16/2026 16:00:44,28.15,10.40,8.71,28.09,107.321,51726.8,48578.5,31.81,33622.44,101.380,0.63007,,,,
2163,04/16/2026 16:02:44,28.15,10.30,8.63,28.10,107.201,51679.9,48525.6,31.77,33591.92,101.380,0.61811,,,,
2164,04/16/2026 16:04:44,28.15,10.50,8.81,28.09,107.408,51534.3,48391.8,31.68,33497.28,101.380,0.63866,,,,
2165,04/16/2026 16:06:44,28.15,10.40,8.72,28.09,107.149,51486.0,48346.4,31.64,33465.89,101.380,0.61296,,,,
2166,04/16/2026 16:08:44,28.16,10.34,8.67,28.11,107.184,51507.0,48348.5,31.64,33479.53,101.380,0.61644,,,,
2167,04/16/2026 16:10:44,28.16,10.21,8.56,28.11,107.115,51528.0,48368.2,31.66,33493.17,101.380,0.60959,,,,
2168,04/16/2026 16:12:44,28.17,10.25,8.59,28.12,106.995,51549.3,48379.3,31.67,33507.04,101.380,0.59762,,,,
2169,04/16/2026 16:14:44,28.19,10.17,8.53,28.13,107.082,51482.5,48307.8,31.62,33463.60,101.380,0.60621,,,,
2170,04/16/2026 16:16:44,28.20,10.22,8.57,28.14,107.065,51510.2,48324.9,31.63,33481.62,101.380,0.60453,,,,
2171,04/16/2026 16:18:44,28.20,10.23,8.58,28.14,106.875,51421.9,48236.3,31.56,33424.25,101.380,0.58570,,,,
2172,04/16/2026 16:20:44,28.20,10.14,8.50,28.14,106.909,51465.2,48285.7,31.60,33452.36,101.380,0.58910,,,,
2173,04/16/2026 16:22:44,28.19,10.07,8.45,28.13,106.720,51438.4,48269.4,31.59,33434.94,101.380,0.57022,,,,
2174,04/16/2026 16:24:44,28.19,10.05,8.43,28.13,106.823,51454.5,48278.6,31.59,33445.40,101.380,0.58052,,,,
2175,04/16/2026 16:26:44,28.19,10.06,8.44,28.13,106.685,51420.5,48249.6,31.57,33423.32,101.380,0.56680,,,,
2176,04/16/2026 16:28:44,28.20,10.16,8.53,28.15,106.755,51383.7,48197.5,31.53,33399.42,101.380,0.57371,,,,
2177,04/16/2026 16:30:44,28.22,10.15,8.52,28.17,106.721,51424.7,48218.3,31.55,33426.06,101.380,0.57034,,,,
2178,04/16/2026 16:32:44,28.22,10.07,8.45,28.17,106.738,51454.8,48246.5,31.57,33445.60,101.380,0.57206,,,,
2179,04/16/2026 16:34:44,28.22,10.03,8.41,28.16,106.704,51416.1,48216.1,31.55,33420.45,101.380,0.56861,,,,
2180,04/16/2026 16:36:44,28.23,10.02,8.41,28.18,106.618,51466.6,48248.8,31.57,33453.31,101.380,0.56009,,,,
2181,04/16/2026 16:38:44,28.24,10.09,8.47,28.18,106.515,51437.0,48215.2,31.55,33434.07,101.380,0.54983,,,,
2182,04/16/2026 16:40:44,28.25,10.04,8.42,28.19,106.429,51460.0,48230.9,31.56,33449.02,101.380,0.54128,,,,
2183,04/16/2026 16:42:44,28.24,9.85,8.27,28.18,106.463,51308.0,48094.3,31.46,33350.21,101.380,0.54469,,,,
2184,04/16/2026 16:44:44,28.24,10.01,8.40,28.19,106.325,51376.5,48152.6,31.50,33394.73,101.380,0.53100,,,,
2185,04/16/2026 16:46:44,28.26,9.95,8.35,28.20,106.326,51274.2,48047.9,31.43,33328.20,101.380,0.53102,,,,
2186,04/16/2026 16:48:44,28.25,10.01,8.40,28.19,106.395,51327.3,48100.6,31.47,33362.73,101.380,0.53787,,,,
2187,04/16/2026 16:50:44,28.26,10.03,8.42,28.20,106.274,51334.7,48098.8,31.46,33367.55,101.380,0.52590,,,,
2188,04/16/2026 16:52:44,28.27,9.95,8.35,28.20,106.274,51294.9,48064.4,31.44,33341.65,101.380,0.52589,,,,
2189,04/16/2026 16:54:44,28.25,9.79,8.22,28.19,106.171,51278.4,48057.7,31.43,33330.97,101.380,0.51558,,,,
2190,04/16/2026 16:56:44,28.25,9.77,8.21,28.19,106.153,51177.0,47965.6,31.37,33265.03,101.380,0.51386,,,,
2191,04/16/2026 16:58:44,28.24,9.70,8.15,28.17,106.032,51210.3,48011.4,31.40,33286.67,101.380,0.50182,,,,
2192,04/16/2026 17:00:44,28.23,9.81,8.24,28.17,106.136,51164.5,47968.5,31.37,33256.95,101.380,0.51210,,,,
2193,04/16/2026 17:02:44,28.23,9.78,8.22,28.16,106.049,51097.0,47914.0,31.33,33213.04,101.380,0.50351,,,,
2194,04/16/2026 17:04:44,28.22,9.75,8.19,28.16,106.014,51164.5,47983.1,31.38,33256.95,101.380,0.50006,,,,
2195,04/16/2026 17:06:44,28.21,9.91,8.32,28.15,105.894,51122.3,47952.2,31.36,33229.46,101.380,0.48804,,,,
2196,04/16/2026 17:08:44,28.21,9.96,8.36,28.15,105.945,51140.2,47963.3,31.36,33241.16,101.380,0.49320,,,,
2197,04/16/2026 17:10:44,28.20,10.00,8.40,28.15,105.928,51068.3,47901.7,31.32,33194.42,101.380,0.49147,,,,
2198,04/16/2026 17:12:44,28.20,9.97,8.38,28.14,105.911,51061.6,47898.2,31.32,33190.01,101.380,0.48974,,,,
2199,04/16/2026 17:14:44,28.19,10.00,8.40,28.14,105.721,51066.0,47911.2,31.32,33192.93,101.380,0.47087,,,,
2200,04/16/2026 17:16:44,28.17,9.74,8.18,28.12,105.841,50974.5,47842.9,31.27,33133.45,101.380,0.48281,,,,
2201,04/16/2026 17:18:44,28.17,9.77,8.21,28.10,105.703,50969.0,47849.3,31.28,33129.86,101.380,0.46906,,,,
2202,04/16/2026 17:20:44,28.15,9.93,8.35,28.09,105.702,51006.5,47899.1,31.31,33154.25,101.380,0.46902,,,,
2203,04/16/2026 17:22:44,28.14,9.87,8.29,28.08,105.650,51000.4,47902.1,31.32,33150.27,101.380,0.46385,,,,
2204,04/16/2026 17:24:44,28.13,9.88,8.30,28.06,105.702,50932.7,47853.1,31.28,33106.23,101.380,0.46895,,,,
2205,04/16/2026 17:26:44,28.11,9.70,8.15,28.05,105.563,50809.8,47752.3,31.21,33026.40,101.380,0.45519,,,,
2206,04/16/2026 17:28:44,28.10,9.62,8.09,28.04,105.615,50699.4,47660.1,31.14,32954.61,101.380,0.46030,,,,
2207,04/16/2026 17:30:44,28.09,9.55,8.03,28.03,105.477,50833.9,47795.3,31.24,33042.06,101.380,0.44656,,,,
2208,04/16/2026 17:32:44,28.08,9.60,8.07,28.02,105.494,50633.6,47612.8,31.10,32911.85,101.380,0.44826,,,,
2209,04/16/2026 17:34:44,28.08,9.56,8.04,28.02,105.528,50706.8,47681.6,31.15,32959.41,101.380,0.45168,,,,
2210,04/16/2026 17:36:44,28.08,9.60,8.07,28.02,105.425,50730.5,47703.8,31.17,32974.79,101.380,0.44140,,,,
2211,04/16/2026 17:38:44,28.07,9.52,8.01,28.02,105.339,50646.5,47624.9,31.11,32920.25,101.380,0.43284,,,,
2212,04/16/2026 17:40:44,28.06,9.43,7.93,28.01,105.252,50593.7,47583.9,31.08,32885.88,101.380,0.42424,,,,
2213,04/16/2026 17:42:44,28.06,9.33,7.85,28.00,105.200,50679.7,47673.6,31.15,32941.79,101.380,0.41907,,,,
2214,04/16/2026 17:44:44,28.03,9.29,7.82,27.98,105.286,50558.9,47577.3,31.08,32863.26,101.380,0.42759,,,,
2215,04/16/2026 17:46:44,28.03,9.24,7.77,27.97,105.234,50594.6,47622.6,31.11,32886.51,101.380,0.42241,,,,
2216,04/16/2026 17:48:44,28.02,9.18,7.72,27.95,105.130,50441.6,47496.0,31.02,32787.07,101.380,0.41208,,,,
2217,04/16/2026 17:50:44,28.00,9.23,7.76,27.93,105.112,50431.8,47504.1,31.02,32780.64,101.380,0.41031,,,,
2218,04/16/2026 17:52:44,27.98,9.13,7.68,27.93,105.043,50400.6,47483.4,31.01,32760.39,101.380,0.40343,,,,
2219,04/16/2026 17:54:44,27.98,9.20,7.74,27.92,105.077,50467.8,47549.7,31.05,32804.09,101.380,0.40684,,,,
2220,04/16/2026 17:56:44,27.98,9.19,7.73,27.92,105.026,50441.7,47528.0,31.04,32787.12,101.380,0.40170,,,,
2221,04/16/2026 17:58:44,27.97,9.18,7.72,27.91,104.922,50522.0,47615.2,31.10,32839.29,101.380,0.39138,,,,
2222,04/16/2026 18:00:44,27.96,9.15,7.70,27.90,104.956,50419.0,47526.9,31.04,32772.36,101.380,0.39478,,,,
2223,04/16/2026 18:02:44,27.95,9.22,7.76,27.89,104.956,50355.9,47476.1,31.00,32731.32,101.380,0.39475,,,,
2224,04/16/2026 18:04:44,27.95,9.26,7.79,27.89,104.922,50494.8,47604.1,31.09,32821.60,101.380,0.39133,,,,
2225,04/16/2026 18:06:44,27.93,9.10,7.66,27.86,104.783,50371.1,47513.7,31.03,32741.22,101.380,0.37754,,,,
2226,04/16/2026 18:08:44,27.91,9.41,7.91,27.85,104.800,50437.1,47590.4,31.08,32784.11,101.380,0.37921,,,,
2227,04/16/2026 18:10:44,27.90,9.47,7.97,27.84,104.868,50398.8,47565.9,31.06,32759.19,101.380,0.38603,,,,
2228,04/16/2026 18:12:44,27.90,9.43,7.93,27.84,104.834,50422.4,47588.2,31.08,32774.54,101.380,0.38260,,,,
2229,04/16/2026 18:14:44,27.89,9.42,7.92,27.82,104.730,50295.4,47480.0,31.00,32692.04,101.380,0.37229,,,,
2230,04/16/2026 18:16:44,27.88,9.39,7.90,27.82,104.627,50314.4,47497.9,31.01,32704.33,101.380,0.36201,,,,
2231,04/16/2026 18:18:44,27.88,9.45,7.95,27.82,104.833,50286.6,47471.7,30.99,32686.32,101.380,0.38257,,,,
2232,04/16/2026 18:20:44,27.88,9.38,7.89,27.82,104.661,50291.3,47481.9,31.00,32689.34,101.380,0.36541,,,,
2233,04/16/2026 18:22:44,27.87,9.48,7.97,27.81,104.678,50327.0,47521.4,31.03,32712.53,101.380,0.36711,,,,
2234,04/16/2026 18:24:44,27.87,9.37,7.88,27.81,104.678,50323.6,47524.0,31.03,32710.32,101.380,0.36709,,,,
2235,04/16/2026 18:26:44,27.85,9.24,7.77,27.80,104.695,50282.5,47488.1,31.00,32683.62,101.380,0.36880,,,,
2236,04/16/2026 18:28:44,27.85,9.14,7.69,27.78,104.574,50169.9,47402.1,30.94,32610.46,101.380,0.35674,,,,
2237,04/16/2026 18:30:44,27.83,9.22,7.75,27.77,104.591,50279.6,47514.5,31.02,32681.77,101.380,0.35843,,,,
2238,04/16/2026 18:32:44,27.83,9.20,7.74,27.77,104.608,50242.5,47482.3,31.00,32657.61,101.380,0.36013,,,,
2239,04/16/2026 18:34:44,27.81,9.10,7.65,27.76,104.539,50192.7,47443.9,30.97,32625.26,101.380,0.35325,,,,
2240,04/16/2026 18:36:44,27.80,9.06,7.62,27.76,104.504,50202.7,47453.4,30.98,32631.78,101.380,0.34982,,,,
2241,04/16/2026 18:38:44,27.80,9.16,7.71,27.77,104.522,50197.8,47443.0,30.97,32628.59,101.380,0.35155,,,,
2242,04/16/2026 18:40:44,27.80,9.10,7.66,27.77,104.470,50201.9,47444.0,30.97,32631.26,101.380,0.34642,,,,
2243,04/16/2026 18:42:44,27.81,9.00,7.58,27.75,104.418,50137.5,47400.5,30.94,32589.40,101.380,0.34123,,,,
2244,04/16/2026 18:44:44,27.80,9.06,7.62,27.75,104.332,50200.7,47463.1,30.98,32630.44,101.380,0.33265,,,,
2245,04/16/2026 18:46:44,27.81,9.05,7.61,27.76,104.367,50170.9,47423.3,30.96,32611.07,101.380,0.33612,,,,
2246,04/16/2026 18:48:44,27.83,8.87,7.47,27.76,104.332,50201.7,47449.5,30.98,32631.11,101.380,0.33270,,,,
2247,04/16/2026 18:50:44,27.82,8.70,7.32,27.75,104.263,50155.9,47420.7,30.95,32601.30,101.380,0.32580,,,,
2248,04/16/2026 18:52:44,27.82,8.64,7.27,27.76,104.194,50154.0,47410.3,30.95,32600.12,101.380,0.31897,,,,
2249,04/16/2026 18:54:44,27.81,8.60,7.24,27.74,104.108,50072.2,47350.3,30.90,32546.95,101.380,0.31035,,,,
2250,04/16/2026 18:56:44,27.78,8.56,7.20,27.71,104.107,50063.7,47365.4,30.91,32541.39,101.380,0.31028,,,,
2251,04/16/2026 18:58:44,27.75,8.81,7.41,27.69,104.106,50018.7,47343.2,30.90,32512.13,101.380,0.31022,,,,
2252,04/16/2026 19:00:44,27.74,8.92,7.51,27.68,104.071,50083.6,47419.2,30.95,32554.37,101.380,0.30675,,,,
2253,04/16/2026 19:02:44,27.73,8.88,7.47,27.67,104.106,50049.5,47389.8,30.93,32532.21,101.380,0.31016,,,,
2254,04/16/2026 19:04:44,27.72,8.83,7.43,27.66,103.968,50022.2,47375.5,30.92,32514.43,101.380,0.29642,,,,
2255,04/16/2026 19:06:44,27.71,8.72,7.34,27.64,103.950,49980.5,47350.5,30.90,32487.31,101.380,0.29466,,,,
2256,04/16/2026 19:08:44,27.69,8.68,7.31,27.62,103.898,49967.9,47358.9,30.90,32479.15,101.380,0.28946,,,,
2257,04/16/2026 19:10:44,27.68,8.58,7.22,27.61,103.828,49882.7,47292.7,30.86,32423.76,101.380,0.28256,,,,
2258,04/16/2026 19:12:44,27.66,8.48,7.14,27.60,103.897,49899.3,47320.0,30.88,32434.55,101.380,0.28938,,,,
2259,04/16/2026 19:14:44,27.63,8.44,7.10,27.57,103.879,49845.3,47289.1,30.85,32399.45,101.380,0.28760,,,,
2260,04/16/2026 19:16:44,27.62,8.45,7.11,27.56,103.827,49856.8,47314.5,30.87,32406.89,101.380,0.28242,,,,
2261,04/16/2026 19:18:44,27.61,8.44,7.10,27.55,103.792,49900.2,47361.5,30.90,32435.13,101.380,0.27897,,,,
2262,04/16/2026 19:20:44,27.59,8.28,6.97,27.53,103.740,49915.5,47396.4,30.93,32445.06,101.380,0.27377,,,,
2263,04/16/2026 19:22:44,27.57,8.49,7.14,27.52,103.757,49895.4,47383.0,30.92,32431.98,101.380,0.27547,,,,
2264,04/16/2026 19:24:44,27.57,8.46,7.12,27.51,103.670,49866.3,47370.0,30.91,32413.11,101.380,0.26686,,,,
2265,04/16/2026 19:26:44,27.55,8.36,7.04,27.50,103.687,49854.6,47370.5,30.91,32405.48,101.380,0.26853,,,,
2266,04/16/2026 19:28:44,27.53,8.45,7.11,27.48,103.669,49800.8,47339.7,30.89,32370.50,101.380,0.26676,,,,
2267,04/16/2026 19:30:44,27.53,8.45,7.11,27.47,103.704,49818.0,47361.9,30.90,32381.72,101.380,0.27017,,,,
2268,04/16/2026 19:32:44,27.53,8.40,7.07,27.46,103.634,49786.4,47340.6,30.89,32361.14,101.380,0.26329,,,,
2269,04/16/2026 19:34:44,27.50,8.37,7.04,27.44,103.668,49817.0,47390.1,30.92,32381.08,101.380,0.26665,,,,
2270,04/16/2026 19:36:44,27.48,8.38,7.05,27.42,103.616,49778.5,47373.9,30.91,32356.05,101.380,0.26145,,,,
2271,04/16/2026 19:38:44,27.48,8.40,7.06,27.43,103.633,49849.9,47433.0,30.95,32402.41,101.380,0.26319,,,,
2272,04/16/2026 19:40:44,27.48,8.43,7.09,27.42,103.599,49813.0,47403.8,30.93,32378.47,101.380,0.25974,,,,
2273,04/16/2026 19:42:44,27.46,8.28,6.97,27.40,103.598,49731.4,47349.4,30.89,32325.42,101.380,0.25967,,,,
2274,04/16/2026 19:44:44,27.43,8.38,7.05,27.37,103.546,49741.0,47381.9,30.91,32331.68,101.380,0.25446,,,,
2275,04/16/2026 19:46:44,27.43,8.54,7.18,27.37,103.597,49753.5,47393.8,30.92,32339.80,101.380,0.25960,,,,
2276,04/16/2026 19:48:44,27.42,8.52,7.16,27.36,103.563,49756.2,47410.9,30.93,32341.55,101.380,0.25613,,,,
2277,04/16/2026 19:50:44,27.41,8.42,7.08,27.34,103.579,49704.4,47376.1,30.91,32307.88,101.380,0.25780,,,,
2278,04/16/2026 19:52:44,27.39,8.30,6.98,27.32,103.631,49680.4,47367.8,30.90,32292.27,101.380,0.26290,,,,
2279,04/16/2026 19:54:44,27.39,8.14,6.85,27.33,103.579,49675.7,47360.3,30.90,32289.19,101.380,0.25776,,,,
2280,04/16/2026 19:56:44,27.38,8.05,6.77,27.32,103.630,49634.4,47326.8,30.87,32262.37,101.380,0.26289,,,,
2281,04/16/2026 19:58:44,27.37,7.86,6.61,27.30,103.578,49595.1,47306.9,30.86,32236.83,101.380,0.25769,,,,
2282,04/16/2026 20:00:44,27.35,7.75,6.52,27.28,103.647,49627.7,47355.4,30.89,32258.00,101.380,0.26449,,,,
2283,04/16/2026 20:02:44,27.34,7.76,6.53,27.29,103.595,49615.2,47340.6,30.88,32249.90,101.380,0.25936,,,,
2284,04/16/2026 20:04:44,27.34,7.72,6.50,27.28,103.560,49607.6,47344.9,30.88,32244.93,101.380,0.25590,,,,
2285,04/16/2026 20:06:44,27.32,7.88,6.63,27.27,103.560,49632.5,47377.5,30.91,32261.11,101.380,0.25587,,,,
2286,04/16/2026 20:08:44,27.32,7.75,6.52,27.26,103.560,49622.9,47374.1,30.90,32254.88,101.380,0.25586,,,,
2287,04/16/2026 20:10:44,27.31,7.74,6.51,27.25,103.559,49644.0,47405.9,30.93,32268.58,101.380,0.25582,,,,
2288,04/16/2026 20:12:44,27.29,7.60,6.39,27.23,103.524,49642.1,47421.6,30.94,32267.35,101.380,0.25234,,,,
2289,04/16/2026 20:14:44,27.26,7.69,6.47,27.21,103.593,49576.9,47376.9,30.90,32225.01,101.380,0.25914,,,,
2290,04/16/2026 20:16:44,27.26,7.66,6.44,27.21,103.524,49528.1,47330.3,30.87,32193.27,101.380,0.25229,,,,
2291,04/16/2026 20:18:44,27.27,7.67,6.45,27.21,103.524,49604.7,47400.5,30.92,32243.06,101.380,0.25230,,,,
2292,04/16/2026 20:20:44,27.26,7.72,6.49,27.21,103.472,49643.0,47443.0,30.95,32267.98,101.380,0.24714,,,,
2293,04/16/2026 20:22:44,27.26,7.66,6.44,27.21,103.524,49632.5,47435.8,30.95,32261.11,101.380,0.25227,,,,
2294,04/16/2026 20:24:44,27.25,7.63,6.42,27.20,103.472,49617.2,47430.0,30.94,32251.15,101.380,0.24711,,,,
2295,04/16/2026 20:26:44,27.25,7.69,6.47,27.20,103.472,49589.4,47403.4,30.92,32233.09,101.380,0.24711,,,,
2296,04/16/2026 20:28:44,27.25,7.74,6.51,27.20,103.489,49643.0,47454.7,30.96,32267.96,101.380,0.24882,,,,
2297,04/16/2026 20:30:44,27.25,7.73,6.50,27.20,103.506,49591.3,47399.4,30.92,32234.34,101.380,0.25055,,,,
2298,04/16/2026 20:32:44,27.24,7.68,6.46,27.18,103.506,49607.6,47438.4,30.95,32244.92,101.380,0.25048,,,,
2299,04/16/2026 20:34:44,27.24,7.95,6.68,27.18,103.454,49634.4,47458.2,30.96,32262.37,101.380,0.24536,,,,
2300,04/16/2026 20:36:44,27.24,7.87,6.62,27.18,103.558,49608.5,47433.4,30.95,32245.54,101.380,0.25564,,,,
2301,04/16/2026 20:38:44,27.23,7.97,6.70,27.17,103.557,49699.6,47529.3,31.01,32304.73,101.380,0.25561,,,,
2302,04/16/2026 20:40:44,27.24,7.97,6.70,27.20,103.472,49590.3,47404.3,30.92,32233.71,101.380,0.24711,,,,
2303,04/16/2026 20:42:44,27.23,8.10,6.81,27.18,103.506,49582.7,47414.5,30.93,32228.73,101.380,0.25048,,,,
2304,04/16/2026 20:44:44,27.24,8.13,6.83,27.18,103.506,49734.1,47556.5,31.03,32327.19,101.380,0.25049,,,,
2305,04/16/2026 20:46:44,27.23,7.85,6.60,27.15,103.556,49633.4,47492.4,30.99,32261.74,101.380,0.25553,,,,
2306,04/16/2026 20:48:44,27.19,7.68,6.46,27.10,103.521,49643.0,47545.5,31.02,32267.97,101.380,0.25197,,,,
2307,04/16/2026 20:50:44,27.16,7.80,6.56,27.09,103.572,49628.6,47540.5,31.02,32258.61,101.380,0.25709,,,,
2308,04/16/2026 20:52:44,27.15,7.79,6.55,27.09,103.503,49559.7,47480.4,30.98,32213.83,101.380,0.25021,,,,
2309,04/16/2026 20:54:44,27.14,7.91,6.65,27.08,103.520,49593.2,47515.4,31.00,32235.59,101.380,0.25192,,,,
2310,04/16/2026 20:56:44,27.14,7.97,6.70,27.08,103.555,49680.4,47598.9,31.06,32292.25,101.380,0.25534,,,,
2311,04/16/2026 20:58:44,27.14,8.09,6.80,27.10,103.538,49660.3,47565.0,31.04,32279.19,101.380,0.25368,,,,
2312,04/16/2026 21:00:44,27.15,8.17,6.87,27.09,103.538,49688.1,47594.6,31.06,32297.28,101.380,0.25367,,,,
2313,04/16/2026 21:02:44,27.14,8.04,6.76,27.08,103.572,49642.1,47562.2,31.04,32267.34,101.380,0.25706,,,,
2314,04/16/2026 21:04:44,27.13,8.04,6.76,27.08,103.589,49600.9,47528.6,31.01,32240.56,101.380,0.25875,,,,
2315,04/16/2026 21:06:44,27.15,8.42,7.08,27.10,103.590,49654.5,47553.6,31.03,32275.44,101.380,0.25883,,,,
2316,04/16/2026 21:08:44,27.16,8.35,7.02,27.10,103.658,49623.9,47527.2,31.01,32255.50,101.380,0.26568,,,,
2317,04/16/2026 21:10:44,27.13,8.25,6.94,27.06,103.709,49624.8,47563.3,31.04,32256.11,101.380,0.27071,,,,
2318,04/16/2026 21:12:44,27.13,8.42,7.08,27.09,103.727,49703.4,47618.1,31.08,32307.22,101.380,0.27249,,,,
2319,04/16/2026 21:14:44,27.13,8.24,6.93,27.05,103.743,49572.1,47527.5,31.01,32221.88,101.380,0.27409,,,,
2320,04/16/2026 21:16:44,27.12,8.32,6.99,27.06,103.761,49773.2,47705.5,31.14,32352.58,101.380,0.27585,,,,
2321,04/16/2026 21:18:44,27.12,8.20,6.89,27.06,103.761,49592.3,47535.0,31.02,32234.96,101.380,0.27584,,,,
2322,04/16/2026 21:20:44,27.12,8.20,6.89,27.05,103.812,49643.0,47595.5,31.06,32267.97,101.380,0.28095,,,,
2323,04/16/2026 21:22:44,27.12,8.30,6.98,27.07,103.813,49700.5,47627.0,31.08,32305.34,101.380,0.28102,,,,
2324,04/16/2026 21:24:44,27.14,8.24,6.93,27.08,103.864,49578.8,47507.5,31.00,32226.23,101.380,0.28617,,,,
2325,04/16/2026 21:26:44,27.15,8.24,6.92,27.09,103.848,49692.0,47601.2,31.06,32299.79,101.380,0.28450,,,,
2326,04/16/2026 21:28:44,27.15,8.18,6.87,27.08,103.933,49708.3,47631.5,31.09,32310.37,101.380,0.29302,,,,
2327,04/16/2026 21:30:44,27.15,8.18,6.87,27.08,103.882,49782.2,47696.5,31.13,32358.41,101.380,0.28790,,,,
2328,04/16/2026 21:32:44,27.14,8.09,6.79,27.07,103.916,49829.3,47756.3,31.18,32389.04,101.380,0.29128,,,,
2329,04/16/2026 21:34:44,27.13,8.10,6.81,27.06,104.071,49733.2,47670.1,31.11,32326.59,101.380,0.30668,,,,
2330,04/16/2026 21:36:44,27.14,8.08,6.78,27.07,103.933,49766.0,47692.8,31.13,32347.93,101.380,0.29300,,,,
2331,04/16/2026 21:38:44,27.13,8.01,6.73,27.07,103.967,49767.0,47696.6,31.13,32348.56,101.380,0.29642,,,,
2332,04/16/2026 21:40:44,27.13,7.94,6.67,27.06,104.002,49698.7,47640.0,31.09,32304.17,101.380,0.29982,,,,
2333,04/16/2026 21:42:44,27.11,7.84,6.59,27.03,104.035,49720.8,47684.8,31.12,32318.54,101.380,0.30317,,,,
2334,04/16/2026 21:44:44,27.09,7.73,6.49,27.00,104.017,49713.9,47710.5,31.14,32314.04,101.380,0.30136,,,,
2335,04/16/2026 21:46:44,27.07,7.74,6.50,27.00,103.914,49618.1,47615.7,31.07,32251.79,101.380,0.29109,,,,
2336,04/16/2026 21:48:44,27.06,7.64,6.41,26.97,104.016,49746.7,47768.6,31.18,32335.37,101.380,0.30128,,,,
2337,04/16/2026 21:50:44,27.04,7.69,6.46,26.98,103.982,49641.2,47658.4,31.10,32266.75,101.380,0.29788,,,,
2338,04/16/2026 21:52:44,27.04,7.68,6.45,26.98,104.068,49764.0,47782.2,31.19,32346.61,101.380,0.30643,,,,
2339,04/16/2026 21:54:44,27.04,7.59,6.37,26.98,103.965,49755.4,47774.0,31.19,32341.04,101.380,0.29615,,,,
2340,04/16/2026 21:56:44,27.04,7.45,6.26,26.95,104.050,49727.5,47773.8,31.19,32322.89,101.380,0.30464,,,,
2341,04/16/2026 21:58:44,27.02,7.50,6.29,26.94,104.050,49794.9,47841.4,31.24,32366.68,101.380,0.30463,,,,
2342,04/16/2026 22:00:44,27.02,7.45,6.25,26.93,104.101,49732.3,47793.2,31.20,32326.03,101.380,0.30974,,,,
2343,04/16/2026 22:02:44,27.00,7.53,6.31,26.93,104.187,49955.9,48013.9,31.36,32471.30,101.380,0.31828,,,,
2344,04/16/2026 22:04:44,27.00,7.54,6.33,26.92,104.256,49765.2,47839.5,31.23,32347.38,101.380,0.32511,,,,
2345,04/16/2026 22:06:44,26.99,7.50,6.29,26.91,104.152,49831.9,47906.6,31.28,32390.72,101.380,0.31482,,,,
2346,04/16/2026 22:08:44,26.97,7.28,6.11,26.88,104.289,49766.8,47873.7,31.26,32348.44,101.380,0.32844,,,,
2347,04/16/2026 22:10:44,26.96,7.49,6.28,26.90,104.255,49803.6,47891.2,31.27,32372.31,101.380,0.32507,,,,
2348,04/16/2026 22:12:44,26.97,7.39,6.20,26.90,104.307,49871.9,47960.0,31.32,32416.76,101.380,0.33020,,,,
2349,04/16/2026 22:14:44,26.97,7.45,6.25,26.90,104.307,49785.5,47870.8,31.26,32360.55,101.380,0.33022,,,,
2350,04/16/2026 22:16:44,26.97,7.43,6.24,26.91,104.359,49883.5,47959.2,31.32,32424.26,101.380,0.33537,,,,
2351,04/16/2026 22:18:44,26.96,7.41,6.22,26.89,104.445,49876.9,47973.6,31.33,32419.97,101.380,0.34388,,,,
2352,04/16/2026 22:20:44,26.95,7.43,6.23,26.88,104.410,49981.5,48086.1,31.41,32487.95,101.380,0.34042,,,,
2353,04/16/2026 22:22:44,26.94,7.47,6.27,26.88,104.410,49899.2,48001.0,31.35,32434.45,101.380,0.34043,,,,
2354,04/16/2026 22:24:44,26.94,7.40,6.21,26.87,104.392,49824.9,47941.4,31.31,32386.19,101.380,0.33868,,,,
2355,04/16/2026 22:26:44,26.94,7.41,6.21,26.88,104.427,49935.0,48035.4,31.37,32457.73,101.380,0.34215,,,,
2356,04/16/2026 22:28:44,26.94,7.40,6.21,26.88,104.427,49885.9,47991.2,31.34,32425.83,101.380,0.34214,,,,
2357,04/16/2026 22:30:44,26.94,7.37,6.18,26.88,104.513,50011.6,48112.2,31.43,32507.56,101.380,0.35070,,,,
2358,04/16/2026 22:32:44,26.94,7.41,6.21,26.88,104.530,49946.2,48049.2,31.38,32465.03,101.380,0.35242,,,,
2359,04/16/2026 22:34:44,26.96,7.41,6.21,26.90,104.565,50025.7,48107.9,31.43,32516.73,101.380,0.35589,,,,
2360,04/16/2026 22:36:44,26.97,7.42,6.22,26.90,104.531,50026.9,48106.0,31.43,32517.48,101.380,0.35248,,,,
2361,04/16/2026 22:38:44,26.96,7.42,6.22,26.89,104.600,50121.5,48205.9,31.50,32578.95,101.380,0.35930,,,,
2362,04/16/2026 22:40:44,26.97,7.40,6.21,26.89,104.582,49960.5,48054.0,31.39,32474.34,101.380,0.35758,,,,
2363,04/16/2026 22:42:44,26.95,7.43,6.23,26.88,104.634,50127.1,48226.3,31.51,32582.64,101.380,0.36269,,,,
2364,04/16/2026 22:44:44,26.96,7.45,6.25,26.91,104.652,50109.9,48179.8,31.48,32571.41,101.380,0.36449,,,,
2365,04/16/2026 22:46:44,26.97,7.44,6.24,26.89,104.686,50127.8,48211.9,31.50,32583.04,101.380,0.36787,,,,
2366,04/16/2026 22:48:44,26.97,7.45,6.24,26.91,104.772,50172.4,48234.0,31.52,32612.06,101.380,0.37650,,,,
2367,04/16/2026 22:50:44,26.98,7.47,6.26,26.91,104.772,50202.6,48266.0,31.54,32631.69,101.380,0.37649,,,,
2368,04/16/2026 22:52:44,26.98,7.45,6.25,26.91,104.824,50162.8,48230.7,31.52,32605.81,101.380,0.38162,,,,
2369,04/16/2026 22:54:44,26.98,7.43,6.23,26.91,104.859,50238.6,48297.6,31.57,32655.09,101.380,0.38506,,,,
2370,04/16/2026 22:56:44,26.98,7.42,6.22,26.91,104.876,50237.3,48299.4,31.57,32654.26,101.380,0.38677,,,,
2371,04/16/2026 22:58:44,26.97,7.42,6.21,26.90,104.875,50276.5,48343.0,31.60,32679.75,101.380,0.38675,,,,
2372,04/16/2026 23:00:44,26.98,7.41,6.20,26.91,104.945,50293.6,48353.5,31.61,32690.84,101.380,0.39362,,,,
2373,04/16/2026 23:02:44,26.97,7.39,6.19,26.91,104.910,50283.8,48344.0,31.60,32684.46,101.380,0.39019,,,,
2374,04/16/2026 23:04:44,26.97,7.34,6.15,26.91,104.962,50316.0,48375.1,31.62,32705.42,101.380,0.39533,,,,
2375,04/16/2026 23:06:44,26.97,7.32,6.13,26.90,104.944,50328.0,48398.6,31.64,32713.20,101.380,0.39359,,,,
2376,04/16/2026 23:08:44,26.97,7.30,6.11,26.90,105.013,50314.0,48382.1,31.63,32704.11,101.380,0.40045,,,,
2377,04/16/2026 23:10:44,26.97,7.28,6.09,26.90,105.048,50332.9,48397.3,31.64,32716.41,101.380,0.40388,,,,
2378,04/16/2026 23:12:44,26.97,7.24,6.06,26.90,105.030,50345.6,48409.5,31.65,32724.64,101.380,0.40217,,,,
2379,04/16/2026 23:14:44,26.97,7.19,6.02,26.91,105.117,50373.1,48432.9,31.67,32742.49,101.380,0.41074,,,,
2380,04/16/2026 23:16:44,26.96,7.19,6.02,26.88,105.064,50377.5,48461.2,31.69,32745.40,101.380,0.40553,,,,
2381,04/16/2026 23:18:44,26.95,7.18,6.01,26.89,105.168,50452.7,48530.5,31.74,32794.27,101.380,0.41582,,,,
2382,04/16/2026 23:20:44,26.95,7.17,6.00,26.89,105.202,50443.9,48522.0,31.73,32788.54,101.380,0.41925,,,,
2383,04/16/2026 23:22:44,26.95,7.16,5.99,26.90,105.202,50475.3,48540.2,31.75,32808.94,101.380,0.41928,,,,
2384,04/16/2026 23:24:44,26.95,7.18,6.01,26.89,105.237,50391.7,48465.8,31.69,32754.59,101.380,0.42269,,,,
2385,04/16/2026 23:26:44,26.96,7.13,5.96,26.90,105.271,50505.0,48571.8,31.77,32828.26,101.380,0.42613,,,,
2386,04/16/2026 23:28:44,26.95,7.10,5.94,26.89,105.323,50504.0,48579.8,31.77,32827.57,101.380,0.43124,,,,
2387,04/16/2026 23:30:44,26.95,7.11,5.95,26.88,105.271,50505.7,48584.5,31.78,32828.71,101.380,0.42609,,,,
2388,04/16/2026 23:32:44,26.94,7.06,5.90,26.86,105.391,50538.9,48637.5,31.82,32850.32,101.380,0.43802,,,,
2389,04/16/2026 23:34:44,26.93,7.01,5.86,26.85,105.408,50561.6,48671.4,31.84,32865.07,101.380,0.43970,,,,
2390,04/16/2026 23:36:44,26.92,6.98,5.84,26.84,105.425,50585.0,48702.9,31.86,32880.26,101.380,0.44138,,,,
2391,04/16/2026 23:38:44,26.91,6.94,5.80,26.82,105.407,50580.7,48713.9,31.87,32877.47,101.380,0.43963,,,,
2392,04/16/2026 23:40:44,26.90,6.88,5.75,26.83,105.459,50602.1,48731.4,31.88,32891.34,101.380,0.44478,,,,
2393,04/16/2026 23:42:44,26.90,6.88,5.75,26.83,105.545,50621.1,48746.8,31.89,32903.73,101.380,0.45335,,,,
2394,04/16/2026 23:44:44,26.90,6.90,5.77,26.81,105.441,50652.6,48795.2,31.93,32924.18,101.380,0.44302,,,,
2395,04/16/2026 23:46:44,26.88,6.90,5.77,26.82,105.545,50697.3,48835.2,31.96,32953.23,101.380,0.45331,,,,
2396,04/16/2026 23:48:44,26.88,6.92,5.78,26.82,105.579,50653.5,48793.1,31.93,32924.79,101.380,0.45673,,,,
2397,04/16/2026 23:50:44,26.88,6.95,5.81,26.80,105.561,50711.8,48867.3,31.98,32962.67,101.380,0.45497,,,,
2398,04/16/2026 23:52:44,26.88,6.95,5.81,26.79,105.664,50705.3,48867.2,31.98,32958.45,101.380,0.46523,,,,
2399,04/16/2026 23:54:44,26.87,6.90,5.76,26.79,105.527,50717.9,48879.3,31.99,32966.61,101.380,0.45152,,,,
2400,04/16/2026 23:56:44,26.86,6.78,5.67,26.79,105.595,50746.7,48910.1,32.01,32985.38,101.380,0.45837,,,,
2401,04/16/2026 23:58:44,26.86,6.85,5.73,26.78,105.561,50768.4,48943.1,32.04,32999.48,101.380,0.45490,,,,
2402,04/17/2026 00:00:44,26.85,6.83,5.71,26.76,105.629,50761.9,48952.0,32.04,32995.23,101.380,0.46171,,,,
2403,04/17/2026 00:02:44,26.83,6.79,5.67,26.76,105.664,50768.0,48954.9,32.04,32999.19,101.380,0.46515,,,,
2404,04/17/2026 00:04:44,26.83,6.76,5.64,26.75,105.697,50802.3,49006.2,32.08,33021.51,101.380,0.46852,,,,
2405,04/17/2026 00:06:44,26.83,6.72,5.62,26.75,105.612,50773.0,48968.8,32.05,33002.43,101.380,0.45998,,,,
2406,04/17/2026 00:08:44,26.81,6.71,5.60,26.73,105.766,50842.4,49057.0,32.12,33047.55,101.380,0.47534,,,,
2407,04/17/2026 00:10:44,26.81,6.69,5.59,26.72,105.817,50783.0,49008.8,32.08,33008.93,101.380,0.48045,,,,
2408,04/17/2026 00:12:44,26.80,6.65,5.55,26.73,105.835,50814.7,49036.3,32.10,33029.54,101.380,0.48217,,,,
2409,04/17/2026 00:14:44,26.78,6.70,5.59,26.68,105.885,50878.7,49143.8,32.18,33071.15,101.380,0.48718,,,,
2410,04/17/2026 00:16:44,26.77,6.64,5.54,26.70,105.868,50935.5,49177.4,32.21,33108.10,101.380,0.48553,,,,
2411,04/17/2026 00:18:44,26.77,6.58,5.49,26.69,105.937,50854.2,49108.0,32.15,33055.26,101.380,0.49235,,,,
2412,04/17/2026 00:20:44,26.77,6.54,5.46,26.70,105.937,50930.6,49175.6,32.20,33104.88,101.380,0.49237,,,,
2413,04/17/2026 00:22:44,26.76,6.54,5.46,26.68,105.954,50916.6,49177.4,32.20,33095.81,101.380,0.49404,,,,
2414,04/17/2026 00:24:44,26.76,6.56,5.47,26.69,106.057,50903.3,49161.5,32.19,33087.13,101.380,0.50433,,,,
2415,04/17/2026 00:26:44,26.76,6.54,5.45,26.69,106.092,51022.3,49273.3,32.28,33164.48,101.380,0.50776,,,,
2416,04/17/2026 00:28:44,26.74,6.51,5.43,26.68,106.160,50988.7,49253.1,32.26,33142.65,101.380,0.51458,,,,
2417,04/17/2026 00:30:44,26.74,6.52,5.44,26.67,106.091,50949.6,49218.4,32.23,33117.22,101.380,0.50772,,,,
2418,04/17/2026 00:32:44,26.73,6.51,5.43,26.67,106.074,50937.3,49209.6,32.23,33109.24,101.380,0.50600,,,,
2419,04/17/2026 00:34:44,26.72,6.44,5.37,26.66,106.125,51026.8,49308.3,32.30,33167.40,101.380,0.51110,,,,
2420,04/17/2026 00:36:44,26.73,6.46,5.39,26.66,106.143,51062.1,49339.3,32.32,33190.35,101.380,0.51282,,,,
2421,04/17/2026 00:38:44,26.72,6.45,5.38,26.66,106.160,51031.8,49316.2,32.31,33170.68,101.380,0.51452,,,,
2422,04/17/2026 00:40:44,26.73,6.40,5.34,26.67,106.246,51112.6,49385.1,32.36,33223.19,101.380,0.52311,,,,
2423,04/17/2026 00:42:44,26.72,6.27,5.23,26.66,106.143,51100.2,49379.3,32.35,33215.15,101.380,0.51281,,,,
2424,04/17/2026 00:44:44,26.71,6.33,5.28,26.64,106.194,51049.2,49354.4,32.33,33181.96,101.380,0.51788,,,,
2425,04/17/2026 00:46:44,26.70,6.27,5.23,26.64,106.245,51105.3,49402.5,32.37,33218.43,101.380,0.52304,,,,
2426,04/17/2026 00:48:44,26.70,6.29,5.25,26.64,106.280,51112.0,49409.0,32.37,33222.80,101.380,0.52646,,,,
2427,04/17/2026 00:50:44,26.70,6.29,5.24,26.63,106.314,51133.4,49438.9,32.39,33236.69,101.380,0.52986,,,,
2428,04/17/2026 00:52:44,26.69,6.22,5.18,26.64,106.245,51098.0,49401.6,32.37,33213.69,101.380,0.52302,,,,
2429,04/17/2026 00:54:44,26.70,6.14,5.12,26.64,106.297,51193.0,49490.4,32.43,33275.47,101.380,0.52817,,,,
2430,04/17/2026 00:56:44,26.68,6.29,5.24,26.62,106.331,51172.8,49492.3,32.43,33262.29,101.380,0.53153,,,,
2431,04/17/2026 00:58:44,26.67,6.22,5.18,26.62,106.314,51199.8,49512.3,32.45,33279.84,101.380,0.52984,,,,
2432,04/17/2026 01:00:44,26.67,6.18,5.15,26.62,106.331,51215.0,49527.0,32.46,33289.74,101.380,0.53155,,,,
2433,04/17/2026 01:02:44,26.67,6.14,5.11,26.62,106.314,51227.9,49545.7,32.47,33298.15,101.380,0.52982,,,,
2434,04/17/2026 01:04:44,26.67,6.11,5.09,26.62,106.348,51257.9,49574.7,32.49,33317.64,101.380,0.53325,,,,
2435,04/17/2026 01:06:44,26.67,6.12,5.10,26.61,106.331,51260.7,49580.5,32.50,33319.45,101.380,0.53152,,,,
2436,04/17/2026 01:08:44,26.66,6.10,5.08,26.61,106.331,51273.2,49598.7,32.51,33327.55,101.380,0.53151,,,,
2437,04/17/2026 01:10:44,26.65,6.07,5.06,26.60,106.296,51229.1,49565.3,32.49,33298.89,101.380,0.52805,,,,
2438,04/17/2026 01:12:44,26.64,6.02,5.01,26.58,106.295,51262.3,49616.0,32.52,33320.52,101.380,0.52800,,,,
2439,04/17/2026 01:14:44,26.62,6.01,5.00,26.57,106.329,51274.8,49640.3,32.54,33328.62,101.380,0.53139,,,,
2440,04/17/2026 01:16:44,26.60,6.10,5.08,26.56,106.295,51248.2,49620.8,32.53,33311.36,101.380,0.52795,,,,
2441,04/17/2026 01:18:44,26.60,6.12,5.10,26.55,106.294,51295.6,49676.0,32.57,33342.17,101.380,0.52792,,,,
2442,04/17/2026 01:20:44,26.59,6.06,5.05,26.54,106.363,51253.3,49644.2,32.54,33314.66,101.380,0.53475,,,,
2443,04/17/2026 01:22:44,26.59,6.05,5.04,26.53,106.294,51230.7,49637.8,32.54,33299.96,101.380,0.52785,,,,
2444,04/17/2026 01:24:44,26.57,6.07,5.05,26.53,106.276,51288.9,49697.2,32.58,33337.80,101.380,0.52613,,,,
2445,04/17/2026 01:26:44,26.57,6.03,5.02,26.52,106.294,51285.5,49700.1,32.58,33335.55,101.380,0.52782,,,,
2446,04/17/2026 01:28:44,26.55,5.96,4.96,26.51,106.362,51275.3,49702.6,32.58,33328.94,101.380,0.53464,,,,
2447,04/17/2026 01:30:44,26.55,5.99,4.99,26.50,106.327,51270.2,49706.9,32.59,33325.64,101.380,0.53119,,,,
2448,04/17/2026 01:32:44,26.53,6.00,5.00,26.49,106.362,51218.3,49665.9,32.56,33291.88,101.380,0.53459,,,,
2449,04/17/2026 01:34:44,26.53,6.00,5.00,26.49,106.379,51288.3,49736.8,32.61,33337.37,101.380,0.53629,,,,
2450,04/17/2026 01:36:44,26.53,5.99,4.99,26.48,106.430,51307.5,49761.6,32.63,33349.85,101.380,0.54141,,,,
2451,04/17/2026 01:38:44,26.52,5.96,4.96,26.47,106.344,51321.6,49784.6,32.64,33359.03,101.380,0.53282,,,,
2452,04/17/2026 01:40:44,26.52,5.93,4.94,26.46,106.378,51286.0,49756.3,32.62,33335.88,101.380,0.53623,,,,
2453,04/17/2026 01:42:44,26.51,5.94,4.95,26.45,106.395,51288.3,49767.8,32.63,33337.37,101.380,0.53792,,,,
2454,04/17/2026 01:44:44,26.50,5.89,4.90,26.45,106.464,51325.5,49803.9,32.66,33361.59,101.380,0.54477,,,,
2455,04/17/2026 01:46:44,26.49,5.86,4.88,26.45,106.360,51353.3,49840.2,32.68,33379.66,101.380,0.53446,,,,
2456,04/17/2026 01:48:44,26.49,5.79,4.82,26.44,106.446,51340.8,49834.3,32.68,33371.53,101.380,0.54301,,,,
2457,04/17/2026 01:50:44,26.49,5.71,4.75,26.44,106.412,51297.8,49795.6,32.65,33343.55,101.380,0.53958,,,,
2458,04/17/2026 01:52:44,26.48,5.50,4.58,26.43,106.411,51364.0,49866.1,32.70,33386.59,101.380,0.53956,,,,
2459,04/17/2026 01:54:44,26.47,5.47,4.55,26.43,106.377,51342.4,49848.3,32.69,33372.58,101.380,0.53612,,,,
2460,04/17/2026 01:56:44,26.47,5.48,4.56,26.42,106.377,51369.1,49877.3,32.71,33389.91,101.380,0.53611,,,,
2461,04/17/2026 01:58:44,26.47,5.45,4.54,26.42,106.308,51367.9,49879.2,32.71,33389.15,101.380,0.52925,,,,
2462,04/17/2026 02:00:44,26.47,5.38,4.47,26.42,106.342,51369.6,49880.8,32.71,33390.21,101.380,0.53268,,,,
2463,04/17/2026 02:02:44,26.47,5.38,4.48,26.42,106.239,51357.0,49871.8,32.70,33382.08,101.380,0.52239,,,,
2464,04/17/2026 02:04:44,26.47,5.21,4.33,26.42,106.291,51368.4,49879.7,32.71,33389.45,101.380,0.52754,,,,
2465,04/17/2026 02:06:44,26.47,5.16,4.29,26.42,106.222,51402.9,49910.1,32.73,33411.91,101.380,0.52070,,,,
2466,04/17/2026 02:08:44,26.46,5.15,4.28,26.41,106.221,51378.6,49902.0,32.73,33396.08,101.380,0.52065,,,,
2467,04/17/2026 02:10:44,26.45,5.15,4.28,26.40,106.187,51445.4,49979.4,32.78,33439.53,101.380,0.51719,,,,
2468,04/17/2026 02:12:44,26.44,4.91,4.08,26.40,106.118,51401.8,49937.0,32.75,33411.15,101.380,0.51034,,,,
2469,04/17/2026 02:14:44,26.44,4.92,4.09,26.39,106.083,51380.2,49925.3,32.74,33397.14,101.380,0.50689,,,,
2470,04/17/2026 02:16:44,26.44,4.92,4.09,26.38,106.117,51393.2,49941.1,32.75,33405.58,101.380,0.51030,,,,
2471,04/17/2026 02:18:44,26.43,4.72,3.92,26.38,106.049,51406.2,49953.7,32.76,33414.02,101.380,0.50345,,,,
2472,04/17/2026 02:20:44,26.43,4.76,3.95,26.38,106.083,51449.4,50001.9,32.80,33442.09,101.380,0.50686,,,,
2473,04/17/2026 02:22:44,26.42,4.59,3.82,26.37,106.065,51405.7,49965.7,32.77,33413.72,101.380,0.50513,,,,
2474,04/17/2026 02:24:44,26.42,4.60,3.82,26.37,106.031,51392.0,49955.5,32.76,33404.82,101.380,0.50169,,,,
2475,04/17/2026 02:26:44,26.42,4.61,3.83,26.37,105.996,51414.8,49980.7,32.78,33419.60,101.380,0.49826,,,,
2476,04/17/2026 02:28:44,26.42,4.46,3.70,26.37,106.014,51449.8,50011.7,32.81,33442.38,101.380,0.49998,,,,
2477,04/17/2026 02:30:44,26.42,4.45,3.70,26.37,105.997,51426.6,49986.0,32.79,33427.29,101.380,0.49828,,,,
2478,04/17/2026 02:32:44,26.40,4.55,3.78,26.35,105.961,51380.7,49963.2,32.77,33397.44,101.380,0.49479,,,,
2479,04/17/2026 02:34:44,26.39,4.72,3.92,26.34,105.944,51410.1,50004.3,32.80,33416.58,101.380,0.49304,,,,
2480,04/17/2026 02:36:44,26.35,4.90,4.07,26.31,105.891,51354.0,49980.9,32.78,33380.12,101.380,0.48782,,,,
2481,04/17/2026 02:38:44,26.33,4.95,4.12,26.28,105.822,51363.8,50015.3,32.81,33386.45,101.380,0.48089,,,,
2482,04/17/2026 02:40:44,26.32,5.01,4.17,26.27,105.804,51342.2,50003.7,32.80,33372.45,101.380,0.47915,,,,
2483,04/17/2026 02:42:44,26.31,5.00,4.16,26.26,105.787,51347.3,50024.2,32.81,33375.76,101.380,0.47740,,,,
2484,04/17/2026 02:44:44,26.29,4.95,4.11,26.25,105.786,51296.4,49984.0,32.78,33342.68,101.380,0.47737,,,,
2485,04/17/2026 02:46:44,26.29,4.84,4.02,26.25,105.683,51314.0,50001.2,32.79,33354.10,101.380,0.46709,,,,
2486,04/17/2026 02:48:44,26.30,4.67,3.88,26.25,105.700,51334.4,50017.9,32.81,33367.33,101.380,0.46881,,,,
2487,04/17/2026 02:50:44,26.30,4.49,3.73,26.25,105.632,51348.5,50031.6,32.82,33376.51,101.380,0.46196,,,,
2488,04/17/2026 02:52:44,26.31,4.36,3.62,26.25,105.683,51280.1,49964.9,32.77,33332.04,101.380,0.46710,,,,
2489,04/17/2026 02:54:44,26.31,4.19,3.49,26.26,105.649,51375.6,50051.7,32.83,33394.13,101.380,0.46369,,,,
2490,04/17/2026 02:56:44,26.31,4.11,3.41,26.27,105.615,51355.2,50025.7,32.81,33380.88,101.380,0.46028,,,,
2491,04/17/2026 02:58:44,26.31,4.08,3.39,26.26,105.632,51346.6,50023.5,32.81,33375.32,101.380,0.46198,,,,
2492,04/17/2026 03:00:44,26.31,4.01,3.33,26.25,105.631,51391.3,50076.5,32.85,33404.36,101.380,0.46195,,,,
2493,04/17/2026 03:02:44,26.31,3.83,3.18,26.26,105.597,51473.0,50143.6,32.90,33457.48,101.380,0.45856,,,,
2494,04/17/2026 03:04:44,26.32,3.74,3.11,26.28,105.546,51460.5,50115.7,32.88,33449.31,101.380,0.45347,,,,
2495,04/17/2026 03:06:44,26.33,3.71,3.08,26.28,105.512,51496.7,50147.9,32.90,33472.87,101.380,0.45005,,,,
2496,04/17/2026 03:08:44,26.34,3.67,3.05,26.29,105.529,51495.6,50140.5,32.90,33472.11,101.380,0.45178,,,,
2497,04/17/2026 03:10:44,26.33,3.67,3.05,26.29,105.512,51561.0,50204.2,32.94,33514.64,101.380,0.45007,,,,
2498,04/17/2026 03:12:44,26.34,3.66,3.04,26.29,105.460,51639.6,50280.8,33.00,33565.75,101.380,0.44493,,,,
2499,04/17/2026 03:14:44,26.35,3.63,3.01,26.30,105.426,51624.2,50253.2,32.98,33555.73,101.380,0.44154,,,,
2500,04/17/2026 03:16:44,26.35,3.62,3.00,26.30,105.443,51670.5,50298.3,33.01,33585.83,101.380,0.44325,,,,
2501,04/17/2026 03:18:44,26.35,3.61,3.00,26.30,105.375,51678.8,50303.2,33.02,33591.21,101.380,0.43641,,,,
2502,04/17/2026 03:20:44,26.35,3.63,3.01,26.30,105.306,51720.0,50343.3,33.05,33618.02,101.380,0.42956,,,,
2503,04/17/2026 03:22:44,26.35,3.61,3.00,26.30,105.254,51711.3,50338.0,33.04,33612.33,101.380,0.42441,,,,
2504,04/17/2026 03:24:44,26.35,3.52,2.92,26.29,105.237,51677.6,50311.5,33.02,33590.44,101.380,0.42268,,,,
2505,04/17/2026 03:26:44,26.34,3.49,2.90,26.29,105.168,51619.8,50261.5,32.99,33552.89,101.380,0.41581,,,,
2506,04/17/2026 03:28:44,26.33,3.53,2.93,26.28,105.098,51640.8,50291.3,33.01,33566.51,101.380,0.40893,,,,
2507,04/17/2026 03:30:44,26.31,3.52,2.92,26.27,105.098,51657.0,50316.5,33.03,33577.06,101.380,0.40890,,,,
2508,04/17/2026 03:32:44,26.31,3.51,2.91,26.27,105.115,51685.5,50344.3,33.05,33595.58,101.380,0.41062,,,,
2509,04/17/2026 03:34:44,26.31,3.49,2.90,26.27,104.995,51653.4,50316.2,33.03,33574.73,101.380,0.39862,,,,
2510,04/17/2026 03:36:44,26.31,3.44,2.85,26.27,104.943,51681.6,50340.4,33.04,33593.01,101.380,0.39349,,,,
2511,04/17/2026 03:38:44,26.31,3.38,2.81,26.26,104.909,51689.5,50354.4,33.05,33598.15,101.380,0.39004,,,,
2512,04/17/2026 03:40:44,26.30,3.38,2.81,26.25,104.925,51642.8,50321.5,33.03,33567.80,101.380,0.39172,,,,
2513,04/17/2026 03:42:44,26.29,3.36,2.79,26.25,104.856,51673.6,50354.7,33.05,33587.86,101.380,0.38486,,,,
2514,04/17/2026 03:44:44,26.28,3.38,2.80,26.22,104.839,51580.0,50288.5,33.00,33526.97,101.380,0.38308,,,,
2515,04/17/2026 03:46:44,26.27,3.26,2.71,26.23,104.718,51667.7,50364.6,33.06,33584.00,101.380,0.37111,,,,
2516,04/17/2026 03:48:44,26.27,3.36,2.79,26.22,104.683,51699.8,50411.7,33.09,33604.86,101.380,0.36764,,,,
2517,04/17/2026 03:50:44,26.26,3.37,2.80,26.22,104.701,51659.8,50372.6,33.07,33578.86,101.380,0.36936,,,,
2518,04/17/2026 03:52:44,26.27,3.54,2.94,26.21,104.683,51685.1,50403.7,33.09,33595.34,101.380,0.36763,,,,
2519,04/17/2026 03:54:44,26.26,3.56,2.95,26.20,104.562,51635.3,50364.5,33.06,33562.91,101.380,0.35561,,,,
2520,04/17/2026 03:56:44,26.25,3.58,2.97,26.20,104.493,51684.3,50415.4,33.10,33594.81,101.380,0.34875,,,,
2521,04/17/2026 03:58:44,26.26,3.52,2.93,26.20,104.511,51691.9,50426.0,33.10,33599.71,101.380,0.35045,,,,
2522,04/17/2026 04:00:44,26.25,3.49,2.90,26.19,104.442,51680.4,50417.9,33.10,33592.24,101.380,0.34359,,,,
2523,04/17/2026 04:02:44,26.25,3.54,2.93,26.19,104.373,51703.7,50440.7,33.11,33607.42,101.380,0.33674,,,,
2524,04/17/2026 04:04:44,26.24,3.43,2.85,26.20,104.338,51723.2,50456.5,33.13,33620.05,101.380,0.33332,,,,
2525,04/17/2026 04:06:44,26.24,3.38,2.81,26.20,104.304,51697.4,50425.1,33.10,33603.30,101.380,0.32991,,,,
2526,04/17/2026 04:08:44,26.25,3.46,2.87,26.19,104.269,51706.1,50446.2,33.12,33608.98,101.380,0.32645,,,,
2527,04/17/2026 04:10:44,26.24,3.41,2.83,26.18,104.286,51754.1,50499.3,33.16,33640.17,101.380,0.32815,,,,
2528,04/17/2026 04:12:44,26.23,3.41,2.83,26.18,104.183,51754.1,50502.5,33.16,33640.17,101.380,0.31786,,,,
2529,04/17/2026 04:14:44,26.22,3.36,2.79,26.16,104.165,51632.9,50403.0,33.09,33561.37,101.380,0.31610,,,,
2530,04/17/2026 04:16:44,26.21,3.33,2.76,26.17,104.114,51710.1,50472.1,33.14,33611.55,101.380,0.31097,,,,
2531,04/17/2026 04:18:44,26.21,3.36,2.78,26.17,104.148,51718.0,50479.9,33.14,33616.70,101.380,0.31440,,,,
2532,04/17/2026 04:20:44,26.19,3.30,2.74,26.17,104.045,51690.7,50453.2,33.12,33598.93,101.380,0.30412,,,,
2533,04/17/2026 04:22:44,26.20,3.25,2.70,26.17,104.028,51715.2,50477.2,33.14,33614.90,101.380,0.30241,,,,
2534,04/17/2026 04:24:44,26.20,3.32,2.76,26.15,103.958,51634.1,50420.0,33.10,33562.14,101.380,0.29550,,,,
2535,04/17/2026 04:26:44,26.17,3.41,2.83,26.13,103.940,51655.8,50463.3,33.13,33576.29,101.380,0.29372,,,,
2536,04/17/2026 04:28:44,26.16,3.33,2.76,26.13,103.889,51621.4,50429.7,33.10,33553.91,101.380,0.28859,,,,
2537,04/17/2026 04:30:44,26.15,3.33,2.76,26.11,103.802,51640.4,50460.8,33.13,33566.26,101.380,0.27999,,,,
2538,04/17/2026 04:32:44,26.15,3.25,2.70,26.10,103.819,51668.9,50498.1,33.15,33584.77,101.380,0.28167,,,,
2539,04/17/2026 04:34:44,26.13,3.36,2.79,26.09,103.716,51632.9,50478.8,33.14,33561.37,101.380,0.27135,,,,
2540,04/17/2026 04:36:44,26.11,3.57,2.96,26.07,103.612,51573.6,50439.8,33.11,33522.86,101.380,0.26102,,,,
2541,04/17/2026 04:38:44,26.10,3.40,2.82,26.07,103.577,51589.0,50451.7,33.12,33532.87,101.380,0.25760,,,,
2542,04/17/2026 04:40:44,26.10,3.41,2.83,26.06,103.594,51569.7,50445.4,33.11,33520.30,101.380,0.25928,,,,
2543,04/17/2026 04:42:44,26.08,3.44,2.86,26.05,103.473,51549.2,50434.8,33.10,33506.97,101.380,0.24727,,,,
2544,04/17/2026 04:44:44,26.07,3.58,2.97,26.03,103.438,51560.6,50465.0,33.13,33514.40,101.380,0.24379,,,,
2545,04/17/2026 04:46:44,26.07,3.61,3.00,26.02,103.386,51553.1,50470.3,33.13,33509.54,101.380,0.23862,,,,
2546,04/17/2026 04:48:44,26.03,3.58,2.97,25.99,103.386,51481.1,50428.1,33.10,33462.70,101.380,0.23854,,,,
2547,04/17/2026 04:50:44,26.02,3.46,2.87,25.98,103.282,51451.9,50418.5,33.09,33443.71,101.380,0.22821,,,,
2548,04/17/2026 04:52:44,25.97,3.52,2.92,25.93,103.177,51366.1,50384.9,33.06,33387.96,101.380,0.21779,,,,
2549,04/17/2026 04:54:44,25.93,3.64,3.02,25.87,103.141,51334.4,50410.7,33.08,33367.38,101.380,0.21421,,,,
2550,04/17/2026 04:56:44,25.90,3.68,3.05,25.85,103.106,51278.1,50380.7,33.06,33330.76,101.380,0.21072,,,,
2551,04/17/2026 04:58:44,25.86,3.75,3.11,25.81,103.053,51252.7,50400.1,33.07,33314.27,101.380,0.20546,,,,
2552,04/17/2026 05:00:44,25.85,3.76,3.12,25.79,102.932,51233.6,50393.9,33.06,33301.84,101.380,0.19343,,,,
2553,04/17/2026 05:02:44,25.83,3.78,3.14,25.78,102.932,51198.2,50368.6,33.04,33278.82,101.380,0.19341,,,,
2554,04/17/2026 05:04:44,25.82,3.76,3.12,25.78,102.863,51209.4,50386.0,33.06,33286.13,101.380,0.18654,,,,
2555,04/17/2026 05:06:44,25.82,3.74,3.10,25.77,102.811,51193.1,50376.3,33.05,33275.53,101.380,0.18138,,,,
2556,04/17/2026 05:08:44,25.83,3.68,3.06,25.79,102.743,51181.4,50348.9,33.03,33267.89,101.380,0.17458,,,,
2557,04/17/2026 05:10:44,25.83,3.66,3.04,25.78,102.691,51143.7,50318.2,33.01,33243.43,101.380,0.16942,,,,
2558,04/17/2026 05:12:44,25.83,3.62,3.00,25.77,102.656,51214.5,50397.3,33.06,33289.43,101.380,0.16597,,,,
2559,04/17/2026 05:14:44,25.84,3.56,2.95,25.78,102.588,51155.0,50329.2,33.02,33250.72,101.380,0.15914,,,,
2560,04/17/2026 05:16:44,25.84,3.53,2.93,25.79,102.571,51152.7,50314.4,33.00,33249.26,101.380,0.15746,,,,
2561,04/17/2026 05:18:44,25.83,3.58,2.97,25.78,102.484,51149.9,50327.4,33.01,33247.45,101.380,0.14886,,,,
2562,04/17/2026 05:20:44,25.81,3.54,2.94,25.74,102.500,51099.5,50315.7,33.00,33214.66,101.380,0.15047,,,,
2563,04/17/2026 05:22:44,25.80,3.53,2.93,25.74,102.432,51062.0,50275.7,32.97,33190.29,101.380,0.14362,,,,
2564,04/17/2026 05:24:44,25.79,3.58,2.97,25.75,102.328,51021.8,50232.9,32.94,33164.16,101.380,0.13335,,,,
2565,04/17/2026 05:26:44,25.77,3.47,2.88,25.71,102.379,50976.0,50232.1,32.94,33134.43,101.380,0.13837,,,,
2566,04/17/2026 05:28:44,25.76,3.43,2.84,25.70,102.241,51000.0,50258.9,32.96,33150.01,101.380,0.12466,,,,
2567,04/17/2026 05:30:44,25.75,3.42,2.84,25.71,102.310,50974.9,50227.8,32.94,33133.70,101.380,0.13153,,,,
2568,04/17/2026 05:32:44,25.76,3.40,2.82,25.70,102.258,50957.1,50216.6,32.93,33122.11,101.380,0.12637,,,,
2569,04/17/2026 05:34:44,25.76,3.41,2.83,25.71,102.190,50986.1,50235.6,32.94,33140.95,101.380,0.11955,,,,
2570,04/17/2026 05:36:44,25.76,3.41,2.83,25.72,102.190,50956.0,50193.4,32.91,33121.39,101.380,0.11958,,,,
2571,04/17/2026 05:38:44,25.77,3.38,2.81,25.73,102.104,51012.3,50239.4,32.95,33157.98,101.380,0.11104,,,,
2572,04/17/2026 05:40:44,25.78,3.44,2.85,25.73,102.001,51035.2,50268.2,32.97,33172.86,101.380,0.10075,,,,
2573,04/17/2026 05:42:44,25.78,3.45,2.86,25.72,102.035,50996.1,50239.2,32.95,33147.47,101.380,0.10415,,,,
2574,04/17/2026 05:44:44,25.76,3.46,2.87,25.69,101.965,50943.2,50212.3,32.93,33113.06,101.380,0.09723,,,,
2575,04/17/2026 05:46:44,25.73,3.50,2.90,25.65,101.981,50836.5,50154.5,32.88,33043.71,101.380,0.09881,,,,
2576,04/17/2026 05:48:44,25.71,3.48,2.89,25.61,101.877,50782.7,50136.2,32.87,33008.78,101.380,0.08844,,,,
2577,04/17/2026 05:50:44,25.66,3.43,2.85,25.55,101.858,50628.2,50046.6,32.80,32908.31,101.380,0.08656,,,,
2578,04/17/2026 05:52:44,25.61,3.45,2.87,25.52,101.806,50540.3,49991.3,32.76,32851.18,101.380,0.08134,,,,
2579,04/17/2026 05:54:44,25.55,3.56,2.95,25.51,101.753,50635.9,50101.7,32.84,32913.35,101.380,0.07616,,,,
2580,04/17/2026 05:56:44,25.53,3.66,3.04,25.46,101.700,50428.1,49946.4,32.72,32778.26,101.380,0.07088,,,,
2581,04/17/2026 05:58:44,25.51,3.71,3.08,25.41,101.716,50292.2,49865.3,32.66,32689.93,101.380,0.07245,,,,
2582,04/17/2026 06:00:44,25.51,3.89,3.23,25.47,101.666,50468.5,49977.0,32.74,32804.50,101.380,0.06748,,,,
2583,04/17/2026 06:02:44,25.48,5.88,4.88,25.48,101.615,50564.6,50056.3,32.80,32866.97,101.380,0.06239,,,,
2584,04/17/2026 06:04:44,25.37,7.47,6.20,25.47,101.546,50469.2,49971.4,32.74,32804.97,101.380,0.05551,,,,
2585,04/17/2026 06:06:44,25.15,8.20,6.80,25.46,101.511,50487.1,50001.8,32.76,32816.61,101.380,0.05205,,,,
2586,04/17/2026 06:08:44,24.87,8.28,6.87,25.47,101.443,50539.2,50040.7,32.79,32850.48,101.380,0.04523,,,,
2587,04/17/2026 06:10:44,24.57,8.35,6.92,25.47,101.443,50534.3,50039.0,32.79,32847.28,101.380,0.04522,,,,
2588,04/17/2026 06:12:44,24.28,8.40,6.97,25.43,101.338,50371.6,49925.1,32.70,32741.53,101.380,0.03482,,,,
2589,04/17/2026 06:14:44,24.09,8.46,7.02,25.34,101.353,50152.9,49799.6,32.61,32599.37,101.380,0.03629,,,,
2590,04/17/2026 06:16:44,23.94,8.50,7.14,25.32,101.318,46991.8,46681.4,30.33,30544.66,101.380,0.03280,,,,
2591,04/17/2026 06:18:44,23.84,8.52,8.15,25.18,101.280,13474.3,13422.7,7.73,8758.33,101.380,0.02901,,,,
2592,04/17/2026 06:20:44,23.78,8.53,8.45,25.08,101.208,3357.0,3351.4,1.75,2182.08,101.380,0.02187,,,,
2593,04/17/2026 06:22:44,23.76,8.55,8.52,25.03,101.224,1411.8,1410.8,0.71,917.69,101.380,0.02346,,,,
2594,04/17/2026 06:24:44,23.77,8.55,8.54,25.00,101.274,628.9,628.9,0.31,408.79,101.380,0.02850,,,,
2595,04/17/2026 06:26:44,23.77,8.53,8.52,24.84,101.253,475.3,476.9,0.23,308.95,101.380,0.02634,,,,
2596,04/17/2026 06:28:44,23.72,8.55,8.54,24.61,101.212,392.0,395.3,0.19,254.81,101.380,0.02228,,,,
2597,04/17/2026 06:30:44,23.68,8.55,8.54,24.36,101.205,364.6,369.5,0.18,236.97,101.380,0.02162,,,,
2598,04/17/2026 06:32:44,23.62,8.56,8.55,24.07,101.232,377.8,385.3,0.19,245.56,101.380,0.02425,,,,
2599,04/17/2026 06:34:44,23.57,8.56,8.55,23.87,101.243,397.4,407.1,0.20,258.32,101.380,0.02540,,,,
2600,04/17/2026 06:36:44,23.55,8.56,8.55,23.76,101.206,411.6,422.6,0.20,267.52,101.380,0.02169,,,,
2601,04/17/2026 06:38:44,23.50,8.60,8.59,23.65,101.220,417.1,429.3,0.21,271.10,101.380,0.02310,,,,
2602,04/17/2026 06:40:44,23.50,8.60,8.59,23.63,101.220,419.7,432.2,0.21,272.81,101.380,0.02304,,,,
2603,04/17/2026 06:42:44,23.50,8.60,8.59,23.57,101.235,421.0,434.0,0.21,273.63,101.380,0.02460,,,,
2604,04/17/2026 06:44:44,23.50,8.59,8.58,23.54,101.235,424.7,438.1,0.21,276.08,101.380,0.02453,,,,
2605,04/17/2026 06:46:44,23.54,8.62,8.61,23.57,101.252,435.7,449.2,0.22,283.20,101.380,0.02632,,,,
2606,04/17/2026 06:48:44,23.63,8.62,8.61,23.59,101.253,444.1,457.6,0.22,288.63,101.380,0.02637,,,,
2607,04/17/2026 06:50:44,23.67,8.60,8.59,23.58,101.270,451.8,465.7,0.22,293.69,101.380,0.02805,,,,
2608,04/17/2026 06:52:44,23.74,8.57,8.56,23.60,101.322,458.9,472.9,0.23,298.31,101.380,0.03323,,,,
2609,04/17/2026 06:54:44,23.80,8.58,8.57,23.57,101.252,462.3,476.7,0.23,300.50,101.380,0.02630,,,,
2610,04/17/2026 06:56:44,23.90,8.58,8.57,23.60,101.305,472.1,486.4,0.23,306.85,101.380,0.03153,,,,
2611,04/17/2026 06:58:44,24.03,8.56,8.55,23.65,101.289,480.3,494.4,0.24,312.21,101.380,0.02994,,,,
2612,04/17/2026 07:00:44,24.15,8.55,8.54,23.68,101.290,485.6,499.4,0.24,315.61,101.380,0.03003,,,,
2613,04/17/2026 07:02:44,24.41,8.56,8.54,23.83,101.294,490.6,503.0,0.24,318.92,101.380,0.03044,,,,
2614,04/17/2026 07:04:44,25.08,8.44,8.43,24.16,101.286,499.5,508.5,0.25,324.67,101.380,0.02962,,,,
2615,04/17/2026 07:06:44,25.85,8.34,8.33,24.43,101.310,501.8,507.8,0.25,326.14,101.380,0.03208,,,,
2616,04/17/2026 07:08:44,26.51,8.15,8.14,24.72,101.284,501.6,504.6,0.24,326.06,101.380,0.02944,,,,
2617,04/17/2026 07:10:44,26.95,7.98,7.97,24.92,101.289,501.3,502.2,0.24,325.87,101.380,0.02999,,,,
2618,04/17/2026 07:12:44,27.17,8.07,8.06,25.02,101.344,499.6,499.4,0.24,324.72,101.380,0.03540,,,,
2619,04/17/2026 07:14:44,27.08,8.00,7.99,24.90,101.323,511.3,512.4,0.25,332.34,101.380,0.03335,,,,
2620,04/17/2026 07:16:44,26.57,8.10,8.08,24.68,101.335,538.1,541.7,0.26,349.74,101.380,0.03448,,,,
2621,04/17/2026 07:18:44,26.20,8.18,8.16,24.58,101.349,552.7,557.6,0.27,359.23,101.380,0.03590,,,,
2622,04/17/2026 07:20:44,25.87,8.25,8.24,24.48,101.295,570.5,576.8,0.28,370.85,101.380,0.03051,,,,
2623,04/17/2026 07:22:44,25.64,8.29,8.28,24.41,101.293,582.2,589.5,0.29,378.44,101.380,0.03031,,,,
2624,04/17/2026 07:24:44,25.65,8.32,8.31,24.54,101.365,608.8,614.8,0.30,395.69,101.380,0.03750,,,,
2625,04/17/2026 07:26:44,25.71,8.28,8.27,24.51,101.330,621.8,628.3,0.31,404.20,101.380,0.03401,,,,
2626,04/17/2026 07:28:44,25.62,8.29,8.27,24.46,101.277,645.0,652.4,0.32,419.25,101.380,0.02873,,,,
2627,04/17/2026 07:30:44,25.54,8.36,8.34,24.46,101.328,597.1,603.9,0.29,388.09,101.380,0.03388,,,,
2628,04/17/2026 07:32:44,25.89,8.37,8.36,24.69,101.335,599.5,603.5,0.29,389.70,101.380,0.03449,,,,
2629,04/17/2026 07:34:44,26.60,8.27,8.26,24.98,101.343,580.3,580.6,0.28,377.18,101.380,0.03529,,,,
2630,04/17/2026 07:36:44,27.13,8.10,8.09,25.05,101.362,560.6,560.0,0.27,364.42,101.380,0.03721,,,,
2631,04/17/2026 07:38:44,27.05,8.11,8.10,25.06,101.379,556.6,555.9,0.27,361.77,101.380,0.03894,,,,
2632,04/17/2026 07:40:44,27.32,8.14,8.12,25.33,101.370,550.1,546.3,0.26,357.57,101.380,0.03798,,,,
2633,04/17/2026 07:42:44,27.84,7.98,7.96,25.57,101.394,563.3,556.6,0.27,366.16,101.380,0.04036,,,,
2634,04/17/2026 07:44:44,28.22,7.95,7.94,25.70,101.415,503.6,496.3,0.24,327.33,101.380,0.04244,,,,
2635,04/17/2026 07:46:44,28.37,7.96,7.95,25.85,101.350,464.2,456.1,0.22,301.71,101.380,0.03599,,,,
2636,04/17/2026 07:48:44,28.70,7.90,7.89,26.12,101.426,398.4,389.2,0.19,258.94,101.380,0.04361,,,,
2637,04/17/2026 07:50:44,28.66,7.81,7.80,26.00,101.406,374.1,366.4,0.18,243.17,101.380,0.04156,,,,
2638,04/17/2026 07:52:44,28.08,7.87,7.86,25.73,101.381,342.0,336.8,0.16,222.27,101.380,0.03910,,,,
2639,04/17/2026 07:54:44,27.54,8.05,8.04,25.63,101.378,343.4,339.0,0.16,223.23,101.380,0.03880,,,,
2640,04/17/2026 07:56:44,27.61,7.97,7.97,25.74,101.381,324.8,319.8,0.15,211.10,101.380,0.03913,,,,
2641,04/17/2026 07:58:44,27.40,7.92,7.92,25.60,101.377,324.9,320.8,0.15,211.17,101.380,0.03874,,,,
2642,04/17/2026 08:00:44,27.00,7.99,7.99,25.49,101.391,340.8,337.3,0.16,221.50,101.380,0.04014,,,,
2643,04/17/2026 08:02:44,26.80,8.15,8.14,25.47,101.356,336.9,333.6,0.16,218.98,101.380,0.03665,,,,
2644,04/17/2026 08:04:44,26.98,8.19,8.18,25.51,101.392,322.9,319.4,0.15,209.86,101.380,0.04020,,,,
2645,04/17/2026 08:06:44,27.62,8.08,8.07,25.84,101.401,307.6,302.3,0.15,199.93,101.380,0.04110,,,,
2646,04/17/2026 08:08:44,27.78,7.93,7.93,25.72,101.363,307.5,302.9,0.15,199.90,101.380,0.03736,,,,
2647,04/17/2026 08:10:44,27.72,8.03,8.02,25.87,101.436,315.5,309.9,0.15,205.09,101.380,0.04462,,,,
2648,04/17/2026 08:12:44,27.73,7.95,7.94,25.82,101.366,313.6,308.3,0.15,203.85,101.380,0.03762,,,,
2649,04/17/2026 08:14:44,27.34,7.98,7.97,25.62,101.378,314.4,310.4,0.15,204.38,101.380,0.03879,,,,
2650,04/17/2026 08:16:44,26.85,8.03,8.02,25.48,101.408,340.5,337.1,0.16,221.32,101.380,0.04182,,,,
2651,04/17/2026 08:18:44,26.50,8.15,8.15,25.37,101.371,352.2,349.5,0.17,228.95,101.380,0.03809,,,,
2652,04/17/2026 08:20:44,26.34,8.21,8.20,25.31,101.404,365.3,362.9,0.18,237.43,101.380,0.04136,,,,
2653,04/17/2026 08:22:44,26.33,8.29,8.28,25.33,101.421,368.5,366.0,0.18,239.51,101.380,0.04312,,,,
2654,04/17/2026 08:24:44,26.63,8.13,8.12,25.38,101.423,358.3,355.4,0.17,232.88,101.380,0.04327,,,,
2655,04/17/2026 08:26:44,26.57,8.09,8.09,25.36,101.422,360.8,358.1,0.17,234.51,101.380,0.04320,,,,
2656,04/17/2026 08:28:44,26.33,8.17,8.16,25.23,101.436,335.2,333.6,0.16,217.90,101.380,0.04455,,,,
2657,04/17/2026 08:30:44,26.28,8.21,8.20,25.27,101.437,355.0,352.9,0.17,230.72,101.380,0.04467,,,,
2658,04/17/2026 08:32:44,26.31,8.20,8.19,25.29,101.403,368.4,366.1,0.18,239.43,101.380,0.04129,,,,
2659,04/17/2026 08:34:44,26.28,8.17,8.17,25.27,101.420,370.0,368.0,0.18,240.53,101.380,0.04295,,,,
2660,04/17/2026 08:36:44,26.16,8.19,8.19,25.21,101.401,369.1,367.5,0.18,239.94,101.380,0.04107,,,,
2661,04/17/2026 08:38:44,26.03,8.25,8.24,25.15,101.451,361.5,360.4,0.17,234.99,101.380,0.04605,,,,
2662,04/17/2026 08:40:44,26.01,8.24,8.23,25.19,101.417,386.6,385.1,0.19,251.29,101.380,0.04272,,,,
2663,04/17/2026 08:42:44,26.02,8.24,8.23,25.18,101.417,395.2,393.7,0.19,256.91,101.380,0.04271,,,,
2664,04/17/2026 08:44:44,26.03,8.25,8.24,25.26,101.402,421.2,418.9,0.20,273.75,101.380,0.04120,,,,
2665,04/17/2026 08:46:44,26.07,8.21,8.20,25.22,101.435,402.7,400.9,0.19,261.77,101.380,0.04453,,,,
2666,04/17/2026 08:48:44,26.05,8.20,8.20,25.21,101.435,406.7,404.9,0.20,264.37,101.380,0.04451,,,,
2667,04/17/2026 08:50:44,26.01,8.27,8.27,25.21,101.435,410.6,408.8,0.20,266.88,101.380,0.04449,,,,
2668,04/17/2026 08:52:44,26.02,8.27,8.26,25.19,101.452,402.3,400.7,0.19,261.51,101.380,0.04615,,,,
2669,04/17/2026 08:54:44,26.02,8.24,8.23,25.19,101.452,419.8,418.1,0.20,272.86,101.380,0.04615,,,,
2670,04/17/2026 08:56:44,25.98,8.26,8.26,25.15,101.434,411.2,409.8,0.20,267.26,101.380,0.04434,,,,
2671,04/17/2026 08:58:44,25.95,8.21,8.20,25.16,101.434,419.8,418.4,0.20,272.86,101.380,0.04435,,,,
2672,04/17/2026 09:00:44,25.84,8.25,8.24,25.12,101.450,416.8,415.7,0.20,270.93,101.380,0.04597,,,,
2673,04/17/2026 09:02:44,25.82,8.29,8.28,25.13,101.450,419.3,418.1,0.20,272.53,101.380,0.04600,,,,
2674,04/17/2026 09:04:44,25.82,8.27,8.26,25.15,101.451,431.6,430.2,0.21,280.53,101.380,0.04605,,,,
2675,04/17/2026 09:06:44,25.82,8.22,8.21,25.17,101.434,432.8,431.3,0.21,281.34,101.380,0.04438,,,,
2676,04/17/2026 09:08:44,25.71,8.27,8.26,25.11,101.484,433.9,432.8,0.21,282.01,101.380,0.04937,,,,
2677,04/17/2026 09:10:44,25.73,8.31,8.30,25.16,101.417,436.6,435.2,0.21,283.82,101.380,0.04264,,,,
2678,04/17/2026 09:12:44,25.81,8.33,8.32,25.16,101.451,439.7,438.3,0.21,285.83,101.380,0.04606,,,,
2679,04/17/2026 09:14:44,25.97,8.29,8.28,25.20,101.469,429.9,428.2,0.21,279.45,101.380,0.04788,,,,
2680,04/17/2026 09:16:44,26.08,8.20,8.19,25.25,101.454,436.3,434.0,0.21,283.62,101.380,0.04633,,,,
2681,04/17/2026 09:18:44,25.98,8.19,8.18,25.26,101.402,442.2,439.8,0.21,287.45,101.380,0.04121,,,,
2682,04/17/2026 09:20:44,25.86,8.23,8.22,25.24,101.419,442.6,440.4,0.21,287.69,101.380,0.04288,,,,
2683,04/17/2026 09:22:44,25.86,8.28,8.27,25.26,101.437,436.9,434.5,0.21,283.97,101.380,0.04463,,,,
2684,04/17/2026 09:24:44,25.90,8.27,8.26,25.30,101.472,458.1,455.1,0.22,297.73,101.380,0.04819,,,,
2685,04/17/2026 09:26:44,25.95,8.23,8.22,25.33,101.439,473.4,470.1,0.23,307.73,101.380,0.04485,,,,
2686,04/17/2026 09:28:44,25.91,8.27,8.26,25.31,101.472,470.1,467.1,0.23,305.58,101.380,0.04819,,,,
2687,04/17/2026 09:30:44,25.91,8.23,8.22,25.32,101.473,489.0,485.8,0.23,317.88,101.380,0.04822,,,,
2688,04/17/2026 09:32:44,25.91,8.26,8.24,25.39,101.475,530.6,526.2,0.25,344.88,101.380,0.04843,,,,
2689,04/17/2026 09:34:44,26.04,8.23,8.22,25.55,101.462,538.4,532.2,0.26,349.96,101.380,0.04716,,,,
2690,04/17/2026 09:36:44,26.28,8.21,8.16,25.60,101.429,2021.1,1996.1,1.02,1313.70,101.380,0.04386,,,,
2691,04/17/2026 09:38:44,26.31,8.16,8.09,25.64,101.499,3146.2,3104.6,1.62,2045.04,101.380,0.05083,,,,
2692,04/17/2026 09:40:44,26.35,8.16,8.01,25.71,101.501,6151.7,6060.8,3.29,3998.62,101.380,0.05104,,,,
2693,04/17/2026 09:42:44,26.55,8.13,7.45,25.80,101.469,26017.3,25589.3,15.61,16911.23,101.380,0.04784,,,,
2694,04/17/2026 09:44:44,26.52,8.13,6.80,25.86,101.505,49638.6,48754.6,31.86,32265.11,101.380,0.05146,,,,
2695,04/17/2026 09:46:44,26.54,8.15,6.81,25.93,101.610,49689.9,48737.7,31.85,32298.45,101.380,0.06192,,,,
2696,04/17/2026 09:48:44,26.60,8.14,6.81,25.97,101.698,49665.9,48674.5,31.81,32282.84,101.380,0.07060,,,,
2697,04/17/2026 09:50:44,26.43,8.10,6.77,26.00,101.647,49701.2,48675.4,31.81,32305.75,101.380,0.06555,,,,
2698,04/17/2026 09:52:44,26.29,8.13,6.80,26.05,101.631,49687.2,48619.1,31.77,32296.67,101.380,0.06396,,,,
2699,04/17/2026 09:54:44,26.16,8.16,6.82,26.07,101.769,49706.7,48610.9,31.77,32309.36,101.380,0.07774,,,,
2700,04/17/2026 09:56:44,26.14,8.16,6.82,26.09,101.804,49688.9,48575.3,31.74,32297.81,101.380,0.08122,,,,
2701,04/17/2026 09:58:44,26.13,8.10,6.77,26.11,101.856,49734.8,48604.9,31.76,32327.63,101.380,0.08640,,,,
2702,04/17/2026 10:00:44,26.16,8.03,6.71,26.13,101.943,49785.7,48630.3,31.78,32360.72,101.380,0.09503,,,,
2703,04/17/2026 10:02:44,26.20,8.02,6.70,26.17,101.910,49871.9,48674.9,31.82,32416.73,101.380,0.09172,,,,
2704,04/17/2026 10:04:44,26.23,8.03,6.71,26.21,102.014,49879.5,48645.8,31.80,32421.67,101.380,0.10210,,,,
2705,04/17/2026 10:06:44,26.26,8.08,6.76,26.24,102.101,49882.3,48621.2,31.78,32423.49,101.380,0.11074,,,,
2706,04/17/2026 10:08:44,26.28,7.96,6.65,26.23,102.135,49891.4,48633.1,31.79,32429.38,101.380,0.11416,,,,
2707,04/17/2026 10:10:44,26.29,7.74,6.47,26.24,102.084,49918.4,48650.3,31.80,32446.94,101.380,0.10904,,,,
2708,04/17/2026 10:12:44,26.29,7.57,6.33,26.24,102.187,49914.2,48649.3,31.80,32444.24,101.380,0.11932,,,,
2709,04/17/2026 10:14:44,26.30,7.45,6.23,26.23,102.256,49842.7,48585.7,31.75,32397.78,101.380,0.12615,,,,
2710,04/17/2026 10:16:44,26.28,7.47,6.24,26.23,102.325,49920.8,48664.8,31.81,32448.50,101.380,0.13299,,,,
2711,04/17/2026 10:18:44,26.30,7.46,6.24,26.26,102.205,49887.2,48601.7,31.77,32426.69,101.380,0.12109,,,,
2712,04/17/2026 10:20:44,26.31,7.49,6.26,26.27,102.360,49963.5,48664.0,31.81,32476.30,101.380,0.13654,,,,
2713,04/17/2026 10:22:44,25.91,8.00,7.99,25.67,101.482,473.0,466.5,0.23,307.45,101.380,0.04919,,,,
2714,04/17/2026 10:24:44,25.90,7.50,6.24,26.26,102.532,50957.0,49644.0,32.53,33122.07,101.380,0.15364,,,,
2715,04/17/2026 10:24:54,,,,,,,,,,,,Logged,,,
2716,04/17/2026 10:26:44,25.45,7.93,6.57,25.73,102.414,51367.2,50588.9,33.20,33388.66,101.380,0.14188,,,,
2717,04/17/2026 10:28:44,25.68,8.39,6.97,26.21,103.633,51221.1,49954.2,32.76,33293.70,101.380,0.26312,,,,
2718,04/17/2026 10:30:44,26.01,8.45,7.03,26.26,103.634,51285.7,49967.3,32.77,33335.69,101.380,0.26326,,,,
2719,04/17/2026 10:32:44,26.17,8.86,7.36,26.26,103.772,51337.4,50014.5,32.80,33369.29,101.380,0.27698,,,,
2720,04/17/2026 10:34:44,26.26,8.68,7.21,26.30,103.739,51346.9,49980.2,32.78,33375.50,101.380,0.27367,,,,
2721,04/17/2026 10:36:44,26.32,8.58,7.13,26.31,103.808,51402.2,50021.5,32.81,33411.41,101.380,0.28056,,,,
2722,04/17/2026 10:38:44,26.35,8.34,6.94,26.33,103.843,51389.6,49990.5,32.79,33403.22,101.380,0.28404,,,,
2723,04/17/2026 10:40:44,26.37,8.54,7.10,26.34,103.929,51409.4,50003.5,32.80,33416.10,101.380,0.29262,,,,
2724,04/17/2026 10:42:44,26.39,8.26,6.87,26.36,103.964,51424.8,49999.8,32.80,33426.11,101.380,0.29610,,,,
2725,04/17/2026 10:44:44,26.42,8.07,6.71,26.42,104.001,51461.2,49969.8,32.78,33449.79,101.380,0.29971,,,,
2726,04/17/2026 10:46:44,26.46,8.01,6.66,26.41,104.069,51443.4,49961.9,32.77,33438.23,101.380,0.30653,,,,
2727,04/17/2026 10:48:44,26.47,8.19,6.81,26.44,104.087,51519.4,50004.5,32.80,33487.63,101.380,0.30833,,,,
2728,04/17/2026 10:50:44,26.48,8.10,6.73,26.44,104.122,51535.3,50026.2,32.82,33497.95,101.380,0.31174,,,,
2729,04/17/2026 10:52:44,26.49,8.23,6.84,26.44,104.139,51543.3,50030.8,32.82,33503.11,101.380,0.31346,,,,
2730,04/17/2026 10:54:44,26.49,8.34,6.93,26.43,104.242,51551.2,50044.7,32.83,33508.28,101.380,0.32372,,,,
2731,04/17/2026 10:56:44,26.49,8.23,6.84,26.44,104.294,51577.4,50060.8,32.85,33525.30,101.380,0.32889,,,,
2732,04/17/2026 10:58:44,26.50,8.21,6.82,26.45,104.346,51543.7,50018.7,32.81,33503.39,101.380,0.33405,,,,
2733,04/17/2026 11:00:44,26.50,8.17,6.79,26.46,104.501,51562.3,50024.4,32.82,33515.51,101.380,0.34951,,,,
2734,04/17/2026 11:02:44,26.51,8.06,6.70,26.48,104.433,51600.8,50049.2,32.84,33540.53,101.380,0.34269,,,,
2735,04/17/2026 11:04:44,26.53,8.14,6.77,26.48,104.502,51603.6,50045.7,32.84,33542.34,101.380,0.34956,,,,
2736,04/17/2026 11:06:44,26.54,8.18,6.80,26.49,104.519,51640.1,50074.9,32.86,33566.09,101.380,0.35129,,,,
2737,04/17/2026 11:08:44,26.55,8.31,6.91,26.51,104.675,51670.0,50085.2,32.87,33585.48,101.380,0.36676,,,,
2738,04/17/2026 11:10:44,26.55,8.36,6.95,26.51,104.657,51687.1,50101.7,32.88,33596.60,101.380,0.36505,,,,
2739,04/17/2026 11:12:44,26.57,8.40,6.98,26.52,104.761,51654.8,50054.9,32.84,33575.65,101.380,0.37537,,,,
2740,04/17/2026 11:14:44,26.57,8.38,6.96,26.52,104.899,51676.7,50076.1,32.86,33589.88,101.380,0.38907,,,,
2741,04/17/2026 11:16:44,26.58,8.31,6.91,26.51,104.899,51696.2,50104.4,32.88,33602.55,101.380,0.38905,,,,
2742,04/17/2026 11:18:44,26.58,8.25,6.86,26.53,104.882,51689.9,50085.7,32.87,33598.40,101.380,0.38737,,,,
2743,04/17/2026 11:20:44,26.59,8.34,6.93,26.56,104.969,51701.8,50063.1,32.85,33606.15,101.380,0.39603,,,,
2744,04/17/2026 11:22:44,26.60,8.56,7.11,26.56,105.072,51738.4,50098.5,32.88,33629.96,101.380,0.40631,,,,
2745,04/17/2026 11:24:44,26.60,8.41,6.99,26.55,105.141,51774.7,50143.0,32.91,33653.56,101.380,0.41314,,,,
2746,04/17/2026 11:26:44,26.59,8.43,7.01,26.54,105.278,51778.7,50153.1,32.92,33656.14,101.380,0.42682,,,,
2747,04/17/2026 11:28:44,26.61,8.41,6.99,26.56,105.227,51782.7,50138.3,32.91,33658.73,101.380,0.42174,,,,
2748,04/17/2026 11:30:44,26.61,8.37,6.96,26.56,105.382,51743.9,50100.8,32.88,33633.56,101.380,0.43715,,,,
2749,04/17/2026 11:32:44,26.60,8.51,7.08,26.55,105.434,51734.8,50101.2,32.88,33627.61,101.380,0.44227,,,,
2750,04/17/2026 11:34:44,26.60,8.45,7.03,26.56,105.520,51789.4,50151.0,32.92,33663.12,101.380,0.45084,,,,
2751,04/17/2026 11:36:44,26.61,8.32,6.92,26.57,105.486,51779.0,50125.4,32.90,33656.38,101.380,0.44746,,,,
2752,04/17/2026 11:38:44,26.62,8.49,7.06,26.57,105.675,51788.2,50131.2,32.90,33662.33,101.380,0.46631,,,,
2753,04/17/2026 11:40:44,26.62,8.63,7.17,26.57,105.710,51819.4,50164.4,32.93,33682.59,101.380,0.46973,,,,
2754,04/17/2026 11:42:44,26.62,8.60,7.15,26.57,105.675,51796.2,50145.1,32.91,33667.50,101.380,0.46629,,,,
2755,04/17/2026 11:44:44,26.61,8.40,6.98,26.56,105.882,51829.8,50180.8,32.94,33689.34,101.380,0.48684,,,,
2756,04/17/2026 11:46:44,26.62,8.48,7.05,26.59,105.848,51815.7,50145.4,32.91,33680.22,101.380,0.48348,,,,
2757,04/17/2026 11:48:44,26.64,8.49,7.06,26.61,105.952,51870.2,50176.2,32.94,33715.61,101.380,0.49382,,,,
2758,04/17/2026 11:50:44,26.66,8.76,7.28,26.63,105.883,51900.5,50183.7,32.94,33735.33,101.380,0.48703,,,,
2759,04/17/2026 11:52:44,26.68,8.72,7.25,26.65,105.867,51877.2,50136.3,32.91,33720.20,101.380,0.48539,,,,
2760,04/17/2026 11:54:44,26.72,8.65,7.19,26.68,105.971,51892.9,50123.4,32.90,33730.36,101.380,0.49574,,,,
2761,04/17/2026 11:56:44,26.73,8.71,7.24,26.71,105.955,51917.7,50116.3,32.90,33746.49,101.380,0.49412,,,,
2762,04/17/2026 11:58:44,26.74,8.74,7.27,26.72,106.058,51947.7,50132.9,32.91,33766.03,101.380,0.50443,,,,
2763,04/17/2026 12:00:44,26.77,8.79,7.30,26.75,106.162,51991.0,50152.9,32.92,33794.18,101.380,0.51477,,,,
2764,04/17/2026 12:02:44,26.79,8.97,7.46,26.78,106.215,52021.2,50147.8,32.92,33813.77,101.380,0.52001,,,,
2765,04/17/2026 12:04:44,26.81,9.11,7.57,26.78,106.232,52035.6,50158.6,32.93,33823.17,101.380,0.52173,,,,
2766,04/17/2026 12:06:44,26.83,9.12,7.58,26.81,106.388,52056.6,50150.8,32.93,33836.78,101.380,0.53723,,,,
2767,04/17/2026 12:08:44,26.86,9.18,7.63,26.84,106.406,52101.3,50162.8,32.94,33865.84,101.380,0.53903,,,,
2768,04/17/2026 12:10:44,26.88,9.26,7.70,26.87,106.528,52174.8,50202.5,32.97,33913.65,101.380,0.55111,,,,
2769,04/17/2026 12:12:44,26.92,9.28,7.71,26.90,106.649,52131.5,50126.7,32.91,33885.49,101.380,0.56320,,,,
2770,04/17/2026 12:14:44,26.95,9.43,7.84,26.93,106.581,52151.3,50120.9,32.91,33898.34,101.380,0.55642,,,,
2771,04/17/2026 12:16:44,26.97,9.10,7.57,26.96,106.633,52176.3,50117.1,32.91,33914.61,101.380,0.56164,,,,
2772,04/17/2026 12:18:44,27.00,9.45,7.86,26.99,106.652,52273.9,50173.6,32.95,33978.05,101.380,0.56346,,,,
2773,04/17/2026 12:20:44,27.04,9.35,7.78,27.03,106.722,52296.5,50155.0,32.94,33992.74,101.380,0.57043,,,,
2774,04/17/2026 12:22:44,27.08,9.46,7.87,27.07,106.688,52292.5,50117.1,32.91,33990.14,101.380,0.56710,,,,
2775,04/17/2026 12:24:44,27.11,9.34,7.77,27.09,106.913,52333.5,50134.7,32.92,34016.79,101.380,0.58944,,,,
2776,04/17/2026 12:26:44,27.13,9.34,7.77,27.11,106.914,52369.3,50147.3,32.93,34040.05,101.380,0.58950,,,,
2777,04/17/2026 12:28:44,27.16,9.33,7.76,27.10,107.017,52324.2,50110.3,32.91,34010.75,101.380,0.59976,,,,
2778,04/17/2026 12:30:44,27.16,10.27,8.54,27.12,107.052,52378.6,50146.9,32.93,34046.10,101.380,0.60323,,,,
2779,04/17/2026 12:32:44,27.17,10.77,8.95,27.12,107.155,52397.3,50161.7,32.95,34058.21,101.380,0.61352,,,,
2780,04/17/2026 12:34:44,27.17,11.60,9.64,27.12,107.293,52386.7,50151.6,32.94,34051.32,101.380,0.62723,,,,
2781,04/17/2026 12:36:44,27.17,11.75,9.76,27.14,107.224,52467.7,50207.5,32.98,34104.01,101.380,0.62044,,,,
2782,04/17/2026 12:38:44,27.17,11.97,9.95,27.12,107.396,52406.6,50170.6,32.95,34064.28,101.380,0.63751,,,,
2783,04/17/2026 12:40:44,27.17,11.84,9.84,27.12,107.344,52421.2,50184.6,32.96,34073.79,101.380,0.63237,,,,
2784,04/17/2026 12:42:44,27.17,11.83,9.84,27.13,107.431,52429.2,50183.0,32.96,34079.01,101.380,0.64096,,,,
2785,04/17/2026 12:44:44,27.18,11.55,9.61,27.15,107.535,52422.5,50161.1,32.95,34074.62,101.380,0.65128,,,,
2786,04/17/2026 12:46:44,27.20,11.48,9.54,27.17,107.552,52476.9,50194.6,32.97,34109.98,101.380,0.65305,,,,
2787,04/17/2026 12:48:44,27.20,11.54,9.59,27.17,107.501,52524.9,50237.4,33.00,34141.20,101.380,0.64792,,,,
2788,04/17/2026 12:50:44,27.21,11.39,9.47,27.16,107.707,52482.2,50205.9,32.98,34113.45,101.380,0.66845,,,,
2789,04/17/2026 12:52:44,27.20,11.62,9.66,27.16,107.793,52490.3,50216.7,32.99,34118.68,101.380,0.67701,,,,
2790,04/17/2026 12:54:44,27.20,12.04,10.02,27.15,107.845,52426.5,50164.9,32.95,34077.23,101.380,0.68212,,,,
2791,04/17/2026 12:56:44,27.18,12.31,10.23,27.12,107.844,52471.7,50236.1,33.00,34106.62,101.380,0.68204,,,,
2792,04/17/2026 12:58:44,27.17,12.47,10.36,27.12,107.895,52450.5,50215.7,32.99,34092.81,101.380,0.68718,,,,
2793,04/17/2026 13:00:44,27.16,12.37,10.29,27.10,107.929,52427.8,50212.6,32.98,34078.06,101.380,0.69055,,,,
2794,04/17/2026 13:02:44,27.16,12.24,10.17,27.11,107.930,52431.8,50204.1,32.98,34080.68,101.380,0.69059,,,,
2795,04/17/2026 13:04:44,27.16,12.19,10.13,27.11,107.929,52417.2,50196.3,32.97,34071.16,101.380,0.69057,,,,
2796,04/17/2026 13:06:44,27.16,12.60,10.48,27.10,108.015,52461.1,50241.4,33.00,34099.72,101.380,0.69913,,,,
2797,04/17/2026 13:08:44,27.16,12.69,10.55,27.13,108.206,52434.6,50194.3,32.97,34082.46,101.380,0.71803,,,,
2798,04/17/2026 13:10:44,27.17,12.72,10.57,27.16,108.241,52463.8,50191.4,32.97,34101.49,101.380,0.72155,,,,
2799,04/17/2026 13:12:44,27.20,12.63,10.50,27.18,108.190,52499.6,50197.7,32.97,34124.75,101.380,0.71649,,,,
2800,04/17/2026 13:14:44,27.23,12.69,10.55,27.20,108.190,52518.3,50203.2,32.98,34136.90,101.380,0.71653,,,,
2801,04/17/2026 13:16:44,27.25,12.78,10.63,27.22,108.277,52546.4,50205.3,32.98,34155.14,101.380,0.72517,,,,
2802,04/17/2026 13:18:44,27.27,12.77,10.61,27.21,108.329,52577.0,50243.9,33.01,34175.08,101.380,0.73028,,,,
2803,04/17/2026 13:20:44,27.27,12.95,10.77,27.21,108.363,52555.7,50220.4,32.99,34161.22,101.380,0.73371,,,,
2804,04/17/2026 13:22:44,27.27,13.21,10.98,27.23,108.329,52562.4,50211.3,32.99,34165.53,101.380,0.73033,,,,
2805,04/17/2026 13:24:44,27.28,13.17,10.95,27.23,108.484,52574.4,50226.0,33.00,34173.39,101.380,0.74574,,,,
2806,04/17/2026 13:26:44,27.28,13.32,11.07,27.23,108.536,52576.9,50228.3,33.00,34175.01,101.380,0.75088,,,,
2807,04/17/2026 13:28:44,27.27,13.15,10.93,27.21,108.397,52593.1,50265.4,33.03,34185.48,101.380,0.73711,,,,
2808,04/17/2026 13:30:44,27.25,13.25,11.01,27.20,108.587,52549.0,50229.5,33.00,34156.83,101.380,0.75594,,,,
2809,04/17/2026 13:32:44,27.24,13.27,11.03,27.21,108.570,52546.4,50211.5,32.99,34155.14,101.380,0.75427,,,,
2810,04/17/2026 13:34:44,27.23,13.10,10.89,27.17,108.706,52509.1,50219.2,32.99,34130.91,101.380,0.76785,,,,
2811,04/17/2026 13:36:44,27.21,13.19,10.97,27.15,108.671,52543.6,50270.9,33.03,34153.36,101.380,0.76437,,,,
2812,04/17/2026 13:38:44,27.20,13.21,10.98,27.15,108.792,52506.4,50238.3,33.00,34129.14,101.380,0.77635,,,,
2813,04/17/2026 13:40:44,27.20,13.22,10.99,27.17,108.827,52503.8,50217.2,32.99,34127.45,101.380,0.77983,,,,
2814,04/17/2026 13:42:44,27.20,13.21,10.98,27.15,108.843,52521.0,50252.3,33.01,34138.68,101.380,0.78149,,,,
2815,04/17/2026 13:44:44,27.20,13.18,10.96,27.14,108.946,52470.4,50216.3,32.99,34105.78,101.380,0.79174,,,,
2816,04/17/2026 13:46:44,27.19,13.14,10.92,27.15,108.912,52536.9,50270.6,33.03,34148.98,101.380,0.78834,,,,
2817,04/17/2026 13:48:44,27.20,13.10,10.89,27.14,108.946,52473.2,50218.9,32.99,34107.56,101.380,0.79174,,,,
2818,04/17/2026 13:50:44,27.20,13.09,10.88,27.14,109.032,52507.7,50251.9,33.01,34129.98,101.380,0.80030,,,,
2819,04/17/2026 13:52:44,27.20,13.15,10.93,27.15,109.102,52523.6,50251.7,33.01,34140.36,101.380,0.80720,,,,
2820,04/17/2026 13:54:44,27.21,13.15,10.94,27.15,109.102,52447.9,50179.3,32.96,34091.13,101.380,0.80720,,,,
2821,04/17/2026 13:56:44,27.21,13.07,10.87,27.15,109.050,52481.1,50211.0,32.98,34112.70,101.380,0.80206,,,,
2822,04/17/2026 13:58:44,27.22,12.82,10.66,27.17,109.188,52471.7,50183.5,32.96,34106.62,101.380,0.81582,,,,
2823,04/17/2026 14:00:44,27.23,12.78,10.62,27.18,109.189,52509.0,50209.8,32.98,34130.82,101.380,0.81585,,,,
2824,04/17/2026 14:02:44,27.24,12.29,10.22,27.18,109.240,52510.4,50211.2,32.98,34131.75,101.380,0.82099,,,,
2825,04/17/2026 14:04:44,27.24,12.04,10.01,27.19,109.327,52570.3,50259.2,33.02,34170.70,101.380,0.82958,,,,
2826,04/17/2026 14:06:44,27.25,12.08,10.05,27.20,109.293,52491.7,50171.6,32.96,34119.61,101.380,0.82619,,,,
2827,04/17/2026 14:08:44,27.27,12.09,10.05,27.21,109.344,52469.1,50147.0,32.94,34104.94,101.380,0.83134,,,,
2828,04/17/2026 14:10:44,27.26,12.11,10.07,27.20,109.413,52467.9,50155.0,32.94,34104.10,101.380,0.83816,,,,
2829,04/17/2026 14:12:44,27.27,12.20,10.14,27.20,109.344,52519.7,50198.4,32.98,34137.82,101.380,0.83133,,,,
2830,04/17/2026 14:14:44,27.26,12.18,10.12,27.17,109.429,52493.0,50206.9,32.98,34120.45,101.380,0.83979,,,,
2831,04/17/2026 14:16:44,27.24,12.25,10.19,27.17,109.447,52543.6,50255.3,33.02,34153.36,101.380,0.84151,,,,
2832,04/17/2026 14:18:44,27.23,12.32,10.24,27.17,109.567,52514.4,50227.4,33.00,34134.37,101.380,0.85350,,,,
2833,04/17/2026 14:20:44,27.23,12.34,10.26,27.17,109.447,52517.0,50233.0,33.00,34136.05,101.380,0.84150,,,,
2834,04/17/2026 14:22:44,27.23,12.20,10.15,27.17,109.498,52499.8,50210.3,32.98,34124.84,101.380,0.84666,,,,
2835,04/17/2026 14:24:44,27.23,12.36,10.27,27.17,109.567,52543.6,50249.1,33.01,34153.36,101.380,0.85352,,,,
2836,04/17/2026 14:26:44,27.24,12.41,10.32,27.21,109.534,52573.0,50246.3,33.01,34172.46,101.380,0.85018,,,,
2837,04/17/2026 14:28:44,27.26,12.40,10.31,27.19,109.602,52553.0,50239.5,33.01,34159.45,101.380,0.85700,,,,
2838,04/17/2026 14:30:44,27.26,12.23,10.17,27.20,109.585,52557.0,50237.2,33.00,34162.06,101.380,0.85530,,,,
2839,04/17/2026 14:32:44,27.27,12.43,10.33,27.26,109.639,52639.8,50251.2,33.02,34215.88,101.380,0.86063,,,,
2840,04/17/2026 14:34:44,27.30,12.43,10.34,27.28,109.519,52554.7,50157.6,32.95,34160.53,101.380,0.84868,,,,
2841,04/17/2026 14:36:44,27.33,12.16,10.11,27.32,109.589,52690.9,50244.3,33.01,34249.07,101.380,0.85566,,,,
2842,04/17/2026 14:38:44,27.36,12.54,10.43,27.33,109.572,52677.4,50219.1,33.00,34240.34,101.380,0.85398,,,,
2843,04/17/2026 14:40:44,27.38,12.60,10.48,27.34,109.624,52653.4,50190.0,32.97,34224.73,101.380,0.85914,,,,
2844,04/17/2026 14:42:44,27.40,12.36,10.28,27.37,109.677,52711.0,50207.8,32.99,34262.13,101.380,0.86439,,,,
2845,04/17/2026 14:44:44,27.43,12.76,10.61,27.41,109.661,52743.1,50201.4,32.99,34283.04,101.380,0.86279,,,,
2846,04/17/2026 14:46:44,27.45,12.88,10.71,27.39,109.625,52711.0,50192.4,32.98,34262.13,101.380,0.85930,,,,
2847,04/17/2026 14:48:44,27.45,12.37,10.28,27.39,109.746,52690.9,50173.2,32.96,34249.07,101.380,0.87129,,,,
2848,04/17/2026 14:50:44,27.45,12.82,10.66,27.41,109.712,52716.3,50175.9,32.97,34265.61,101.380,0.86793,,,,
2849,04/17/2026 14:52:44,27.46,13.35,11.11,27.40,109.712,52744.5,50215.1,32.99,34283.93,101.380,0.86789,,,,
2850,04/17/2026 14:54:44,27.46,13.45,11.18,27.40,109.884,52747.2,50214.5,32.99,34285.66,101.380,0.88503,,,,
2851,04/17/2026 14:56:44,27.46,12.85,10.69,27.40,109.867,52729.8,50204.1,32.99,34274.34,101.380,0.88330,,,,
2852,04/17/2026 14:58:44,27.47,12.99,10.80,27.43,109.885,52745.8,50185.5,32.97,34284.80,101.380,0.88511,,,,
2853,04/17/2026 15:00:44,27.48,11.94,9.93,27.43,109.885,52727.0,50167.6,32.96,34272.58,101.380,0.88511,,,,
2854,04/17/2026 15:02:44,27.49,12.36,10.28,27.44,109.920,52770.0,50199.2,32.98,34300.47,101.380,0.88857,,,,
2855,04/17/2026 15:04:44,27.50,11.32,9.41,27.46,109.920,52776.7,50184.0,32.97,34304.86,101.380,0.88863,,,,
2856,04/17/2026 15:06:44,27.51,11.36,9.45,27.46,110.024,52796.9,50203.2,32.99,34317.96,101.380,0.89891,,,,
2857,04/17/2026 15:08:44,27.52,11.23,9.34,27.46,109.938,52771.3,50175.8,32.97,34301.37,101.380,0.89035,,,,
2858,04/17/2026 15:10:44,27.52,11.24,9.35,27.48,109.835,52830.5,50213.5,33.00,34339.79,101.380,0.88013,,,,
2859,04/17/2026 15:12:44,27.53,11.12,9.25,27.48,109.921,52811.6,50195.6,32.98,34327.55,101.380,0.88870,,,,
2860,04/17/2026 15:14:44,27.53,11.27,9.37,27.47,109.886,52803.6,50200.3,32.99,34322.32,101.380,0.88523,,,,
2861,04/17/2026 15:16:44,27.51,11.39,9.47,27.44,109.885,52786.1,50211.4,32.99,34310.98,101.380,0.88515,,,,
2862,04/17/2026 15:18:44,27.51,11.12,9.25,27.48,109.990,52865.5,50249.9,33.02,34362.55,101.380,0.89554,,,,
2863,04/17/2026 15:20:44,27.53,11.18,9.30,27.50,109.973,52895.1,50259.5,33.03,34381.82,101.380,0.89388,,,,
2864,04/17/2026 15:22:44,27.55,11.25,9.35,27.52,109.957,52881.6,50225.1,33.01,34373.05,101.380,0.89223,,,,
2865,04/17/2026 15:24:44,27.56,11.23,9.34,27.53,109.888,52934.2,50262.8,33.03,34407.25,101.380,0.88542,,,,
2866,04/17/2026 15:26:44,27.58,11.21,9.32,27.52,109.853,52892.4,50235.4,33.01,34380.08,101.380,0.88195,,,,
2867,04/17/2026 15:28:44,27.58,11.17,9.28,27.53,109.905,53007.2,50335.2,33.09,34454.68,101.380,0.88712,,,,
2868,04/17/2026 15:30:44,27.57,11.15,9.27,27.51,109.818,52986.9,50337.5,33.09,34441.50,101.380,0.87849,,,,
2869,04/17/2026 15:32:44,27.57,11.16,9.27,27.51,109.870,52972.0,50320.3,33.08,34431.82,101.380,0.88364,,,,
2870,04/17/2026 15:34:44,27.57,11.20,9.31,27.51,109.818,52977.5,50325.4,33.08,34435.34,101.380,0.87850,,,,
2871,04/17/2026 15:36:44,27.57,11.07,9.20,27.49,109.801,52995.0,50363.7,33.11,34446.76,101.380,0.87672,,,,
2872,04/17/2026 15:38:44,27.54,11.11,9.24,27.48,109.628,52962.6,50339.1,33.09,34425.68,101.380,0.85957,,,,
2873,04/17/2026 15:40:44,27.55,11.15,9.27,27.47,109.542,52938.3,50325.3,33.08,34409.88,101.380,0.85098,,,,
2874,04/17/2026 15:42:44,27.53,11.17,9.28,27.47,109.611,52974.8,50366.1,33.11,34433.59,101.380,0.85781,,,,
2875,04/17/2026 15:44:44,27.53,11.15,9.27,27.47,109.593,52912.6,50304.0,33.06,34393.22,101.380,0.85611,,,,
2876,04/17/2026 15:46:44,27.53,11.20,9.31,27.47,109.748,52932.9,50326.3,33.08,34406.37,101.380,0.87152,,,,
2877,04/17/2026 15:48:44,27.52,11.24,9.34,27.46,109.645,52939.6,50342.0,33.09,34410.76,101.380,0.86121,,,,
2878,04/17/2026 15:50:44,27.52,11.22,9.32,27.47,109.628,52969.3,50357.9,33.10,34430.07,101.380,0.85953,,,,
2879,04/17/2026 15:52:44,27.53,11.22,9.33,27.48,109.628,52955.8,50338.9,33.09,34421.29,101.380,0.85955,,,,
2880,04/17/2026 15:54:44,27.53,11.25,9.36,27.49,109.577,52947.7,50318.8,33.07,34416.02,101.380,0.85445,,,,
2881,04/17/2026 15:56:44,27.54,11.19,9.30,27.48,109.508,52953.1,50330.1,33.08,34419.54,101.380,0.84758,,,,
2882,04/17/2026 15:58:44,27.55,11.19,9.30,27.48,109.594,52953.1,50327.1,33.08,34419.54,101.380,0.85615,,,,
2883,04/17/2026 16:00:44,27.54,11.20,9.31,27.49,109.611,52984.2,50353.5,33.10,34439.73,101.380,0.85788,,,,
2884,04/17/2026 16:02:44,27.55,11.20,9.31,27.50,109.663,53022.1,50377.1,33.12,34464.37,101.380,0.86305,,,,
2885,04/17/2026 16:04:44,27.55,11.19,9.30,27.50,109.594,53016.7,50375.0,33.12,34460.83,101.380,0.85619,,,,
2886,04/17/2026 16:06:44,27.55,11.21,9.32,27.51,109.491,52977.4,50325.4,33.08,34435.34,101.380,0.84595,,,,
2887,04/17/2026 16:08:44,27.56,11.14,9.26,27.51,109.577,52985.6,50336.2,33.09,34440.61,101.380,0.85451,,,,
2888,04/17/2026 16:10:44,27.57,11.20,9.31,27.51,109.595,52982.9,50333.6,33.09,34438.86,101.380,0.85622,,,,
2889,04/17/2026 16:12:44,27.57,11.18,9.29,27.50,109.560,53023.4,50375.3,33.12,34465.23,101.380,0.85278,,,,
2890,04/17/2026 16:14:44,27.56,11.14,9.26,27.51,109.595,53028.9,50374.3,33.12,34468.75,101.380,0.85623,,,,
2891,04/17/2026 16:16:44,27.57,11.17,9.29,27.52,109.526,52986.9,50328.2,33.08,34441.49,101.380,0.84939,,,,
2892,04/17/2026 16:18:44,27.58,11.23,9.34,27.52,109.440,52976.1,50308.7,33.07,34434.46,101.380,0.84086,,,,
2893,04/17/2026 16:20:44,27.58,11.17,9.29,27.53,109.457,53066.8,50391.7,33.13,34493.42,101.380,0.84258,,,,
2894,04/17/2026 16:22:44,27.58,11.16,9.28,27.53,109.440,53035.6,50362.1,33.11,34473.16,101.380,0.84086,,,,
2895,04/17/2026 16:24:44,27.59,11.15,9.27,27.54,109.440,53031.6,50349.0,33.10,34470.52,101.380,0.84089,,,,
2896,04/17/2026 16:26:44,27.59,11.06,9.19,27.54,109.406,53046.5,50360.1,33.11,34480.21,101.380,0.83747,,,,
2897,04/17/2026 16:28:44,27.59,10.98,9.13,27.54,109.423,53057.3,50373.5,33.12,34487.25,101.380,0.83918,,,,
2898,04/17/2026 16:30:44,27.59,11.05,9.19,27.52,109.302,53007.2,50341.3,33.09,34454.67,101.380,0.82714,,,,
2899,04/17/2026 16:32:44,27.59,11.02,9.16,27.52,109.268,52997.7,50332.3,33.09,34448.52,101.380,0.82371,,,,
2900,04/17/2026 16:34:44,27.59,11.16,9.27,27.53,109.234,52999.1,50327.4,33.08,34449.41,101.380,0.82030,,,,
2901,04/17/2026 16:36:44,27.58,11.11,9.24,27.52,109.216,53037.0,50369.6,33.11,34474.04,101.380,0.81857,,,,
2902,04/17/2026 16:38:44,27.59,11.01,9.15,27.52,109.078,52997.7,50335.4,33.09,34448.52,101.380,0.80486,,,,
2903,04/17/2026 16:40:44,27.58,10.98,9.13,27.52,109.164,53051.9,50386.9,33.13,34483.73,101.380,0.81342,,,,
2904,04/17/2026 16:42:44,27.57,10.97,9.12,27.52,109.027,53016.7,50353.4,33.10,34460.83,101.380,0.79972,,,,
2905,04/17/2026 16:44:44,27.58,10.98,9.13,27.52,108.906,53030.2,50369.4,33.11,34469.64,101.380,0.78772,,,,
2906,04/17/2026 16:46:44,27.58,10.88,9.05,27.51,108.923,52995.0,50345.2,33.09,34446.77,101.380,0.78940,,,,
2907,04/17/2026 16:48:44,27.57,10.83,9.00,27.51,108.888,52988.3,50338.8,33.09,34442.37,101.380,0.78598,,,,
2908,04/17/2026 16:50:44,27.57,10.87,9.03,27.50,108.837,53019.4,50374.5,33.12,34462.61,101.380,0.78082,,,,
2909,04/17/2026 16:52:44,27.55,11.06,9.19,27.50,108.854,53073.6,50429.1,33.16,34497.84,101.380,0.78252,,,,
2910,04/17/2026 16:54:44,27.56,11.16,9.27,27.50,108.871,53009.9,50368.6,33.11,34456.44,101.380,0.78424,,,,
2911,04/17/2026 16:56:44,27.55,11.15,9.27,27.50,108.716,52999.1,50355.2,33.10,34449.41,101.380,0.76883,,,,
2912,04/17/2026 16:58:44,27.55,11.01,9.15,27.50,108.750,52976.1,50336.5,33.09,34434.46,101.380,0.77224,,,,
2913,04/17/2026 17:00:44,27.55,10.91,9.07,27.48,108.647,52995.0,50366.9,33.11,34446.77,101.380,0.76193,,,,
2914,04/17/2026 17:02:44,27.55,10.84,9.01,27.48,108.647,52992.3,50370.5,33.11,34445.01,101.380,0.76191,,,,
2915,04/17/2026 17:04:44,27.54,10.77,8.95,27.47,108.646,52988.3,50372.8,33.11,34442.37,101.380,0.76189,,,,
2916,04/17/2026 17:06:44,27.53,10.90,9.06,27.48,108.509,52922.1,50306.8,33.07,34399.35,101.380,0.74819,,,,
2917,04/17/2026 17:08:44,27.54,10.96,9.11,27.48,108.457,52969.3,50351.7,33.10,34430.07,101.380,0.74305,,,,
2918,04/17/2026 17:10:44,27.53,10.86,9.03,27.48,108.440,52982.9,50364.6,33.11,34438.86,101.380,0.74134,,,,
2919,04/17/2026 17:12:44,27.53,11.00,9.14,27.48,108.492,53005.9,50383.3,33.12,34453.80,101.380,0.74649,,,,
2920,04/17/2026 17:14:44,27.54,10.99,9.13,27.48,108.440,52965.3,50347.9,33.10,34427.44,101.380,0.74134,,,,
2921,04/17/2026 17:16:44,27.53,11.02,9.16,27.47,108.422,53004.5,50388.2,33.13,34452.92,101.380,0.73962,,,,
2922,04/17/2026 17:18:44,27.54,11.07,9.20,27.48,108.302,52968.0,50344.2,33.09,34429.19,101.380,0.72765,,,,
2923,04/17/2026 17:20:44,27.54,11.09,9.22,27.48,108.354,52984.2,50359.7,33.10,34439.73,101.380,0.73279,,,,
2924,04/17/2026 17:22:44,27.54,11.01,9.15,27.48,108.337,53026.2,50396.5,33.13,34467.00,101.380,0.73109,,,,
2925,04/17/2026 17:24:44,27.54,10.78,8.96,27.46,108.233,52941.0,50337.1,33.09,34411.63,101.380,0.72075,,,,
2926,04/17/2026 17:26:44,27.53,10.80,8.98,27.45,108.215,52931.5,50337.4,33.09,34405.49,101.380,0.71900,,,,
2927,04/17/2026 17:28:44,27.51,10.70,8.89,27.44,108.180,52904.5,50327.2,33.08,34387.95,101.380,0.71553,,,,
2928,04/17/2026 17:30:44,27.50,10.73,8.92,27.44,108.215,52930.2,50351.6,33.10,34404.62,101.380,0.71896,,,,
2929,04/17/2026 17:32:44,27.51,10.80,8.98,27.44,108.094,52887.0,50310.5,33.07,34376.57,101.380,0.70697,,,,
2930,04/17/2026 17:34:44,27.50,10.66,8.86,27.43,108.163,52919.4,50350.6,33.10,34397.60,101.380,0.71379,,,,
2931,04/17/2026 17:36:44,27.48,10.65,8.85,27.41,108.162,52938.3,50387.1,33.12,34409.88,101.380,0.71374,,,,
2932,04/17/2026 17:38:44,27.47,10.70,8.90,27.41,108.128,52880.3,50328.8,33.08,34372.18,101.380,0.71032,,,,
2933,04/17/2026 17:40:44,27.47,10.74,8.93,27.41,107.973,52884.3,50335.8,33.08,34374.82,101.380,0.69489,,,,
2934,04/17/2026 17:42:44,27.47,10.69,8.88,27.40,108.093,52896.5,50356.6,33.10,34382.70,101.380,0.70686,,,,
2935,04/17/2026 17:44:44,27.46,10.65,8.85,27.39,107.972,52900.5,50369.8,33.11,34385.33,101.380,0.69484,,,,
2936,04/17/2026 17:46:44,27.45,10.57,8.78,27.38,107.972,52884.3,50366.7,33.11,34374.82,101.380,0.69480,,,,
2937,04/17/2026 17:48:44,27.43,10.44,8.68,27.36,107.851,52831.8,50338.4,33.08,34340.69,101.380,0.68275,,,,
2938,04/17/2026 17:50:44,27.42,10.44,8.68,27.35,107.833,52864.1,50375.4,33.11,34361.68,101.380,0.68101,,,,
2939,04/17/2026 17:52:44,27.41,10.42,8.66,27.35,107.782,52830.5,50346.4,33.09,34339.79,101.380,0.67587,,,,
2940,04/17/2026 17:54:44,27.41,10.43,8.67,27.35,107.782,52795.5,50316.2,33.07,34317.09,101.380,0.67586,,,,
2941,04/17/2026 17:56:44,27.41,10.41,8.66,27.34,107.626,52748.6,50277.6,33.04,34286.56,101.380,0.66042,,,,
2942,04/17/2026 17:58:44,27.40,10.37,8.62,27.34,107.678,52775.4,50306.3,33.06,34304.00,101.380,0.66555,,,,
2943,04/17/2026 18:00:44,27.39,10.36,8.61,27.33,107.592,52791.5,50327.8,33.08,34314.47,101.380,0.65697,,,,
2944,04/17/2026 18:02:44,27.39,10.27,8.54,27.32,107.471,52768.7,50315.4,33.07,34299.64,101.380,0.64495,,,,
2945,04/17/2026 18:04:44,27.38,10.27,8.54,27.32,107.350,52747.2,50298.0,33.05,34285.70,101.380,0.63295,,,,
2946,04/17/2026 18:06:44,27.37,10.16,8.44,27.31,107.315,52787.4,50348.8,33.09,34311.84,101.380,0.62948,,,,
2947,04/17/2026 18:08:44,27.36,10.13,8.42,27.29,107.298,52753.9,50329.2,33.08,34290.05,101.380,0.62773,,,,
2948,04/17/2026 18:10:44,27.35,10.06,8.36,27.29,107.229,52753.9,50332.3,33.08,34290.05,101.380,0.62087,,,,
2949,04/17/2026 18:12:44,27.34,10.04,8.35,27.28,107.263,52723.1,50315.2,33.06,34270.00,101.380,0.62426,,,,
2950,04/17/2026 18:14:44,27.33,9.87,8.21,27.26,107.073,52697.6,50312.6,33.06,34253.45,101.380,0.60535,,,,
2951,04/17/2026 18:16:44,27.31,9.92,8.25,27.24,107.107,52677.5,50315.1,33.06,34240.39,101.380,0.60872,,,,
2952,04/17/2026 18:18:44,27.29,9.73,8.08,27.21,107.037,52642.7,50312.9,33.06,34217.77,101.380,0.60177,,,,
2953,04/17/2026 18:20:44,27.27,9.74,8.10,27.20,106.985,52598.7,50273.9,33.03,34189.16,101.380,0.59662,,,,
2954,04/17/2026 18:22:44,27.25,9.75,8.10,27.20,106.933,52656.1,50335.0,33.08,34226.49,101.380,0.59147,,,,
2955,04/17/2026 18:24:44,27.25,9.81,8.15,27.19,106.968,52636.1,50322.1,33.07,34213.45,101.380,0.59488,,,,
2956,04/17/2026 18:26:44,27.24,9.78,8.12,27.18,106.881,52677.5,50371.0,33.10,34240.39,101.380,0.58628,,,,
2957,04/17/2026 18:28:44,27.23,9.75,8.10,27.17,106.846,52642.7,50347.0,33.08,34217.77,101.380,0.58283,,,,
2958,04/17/2026 18:30:44,27.23,9.75,8.11,27.16,106.812,52628.0,50345.3,33.08,34208.21,101.380,0.57937,,,,
2959,04/17/2026 18:32:44,27.22,9.69,8.05,27.14,106.880,52598.7,50332.8,33.07,34189.16,101.380,0.58617,,,,
2960,04/17/2026 18:34:44,27.20,9.61,7.98,27.13,106.708,52600.0,50346.5,33.08,34190.02,101.380,0.56901,,,,
2961,04/17/2026 18:36:44,27.18,9.56,7.95,27.12,106.810,52554.7,50315.5,33.06,34160.53,101.380,0.57925,,,,
2962,04/17/2026 18:38:44,27.17,9.52,7.91,27.11,106.879,52552.1,50325.4,33.07,34158.84,101.380,0.58607,,,,
2963,04/17/2026 18:40:44,27.17,9.63,8.00,27.11,106.776,52593.4,50361.9,33.09,34185.70,101.380,0.57580,,,,
2964,04/17/2026 18:42:44,27.17,9.60,7.97,27.09,106.741,52568.0,50359.4,33.09,34169.22,101.380,0.57231,,,,
2965,04/17/2026 18:44:44,27.15,9.58,7.96,27.08,106.758,52537.4,50342.4,33.08,34149.30,101.380,0.57398,,,,
2966,04/17/2026 18:46:44,27.13,9.55,7.93,27.07,106.774,52547.9,50361.8,33.09,34156.14,101.380,0.57567,,,,
2967,04/17/2026 18:48:44,27.13,9.53,7.92,27.06,106.723,52525.3,50349.5,33.08,34141.46,101.380,0.57051,,,,
2968,04/17/2026 18:50:44,27.11,9.38,7.79,27.02,106.635,52503.9,50366.3,33.09,34127.54,101.380,0.56183,,,,
2969,04/17/2026 18:52:44,27.09,9.31,7.74,27.00,106.652,52427.1,50311.3,33.05,34077.64,101.380,0.56349,,,,
2970,04/17/2026 18:54:44,27.06,9.20,7.64,26.97,106.617,52436.3,50351.2,33.08,34083.60,101.380,0.55998,,,,
2971,04/17/2026 18:56:44,27.04,9.10,7.56,26.95,106.513,52397.9,50336.2,33.07,34058.65,101.380,0.54963,,,,
2972,04/17/2026 18:58:44,27.02,9.11,7.57,26.94,106.444,52389.9,50337.8,33.07,34053.43,101.380,0.54275,,,,
2973,04/17/2026 19:00:44,27.00,9.10,7.56,26.94,106.375,52392.6,50343.5,33.07,34055.21,101.380,0.53589,,,,
2974,04/17/2026 19:02:44,26.99,9.06,7.52,26.93,106.374,52362.0,50323.4,33.06,34035.29,101.380,0.53587,,,,
2975,04/17/2026 19:04:44,26.99,9.01,7.49,26.91,106.391,52346.3,50323.9,33.06,34025.09,101.380,0.53753,,,,
2976,04/17/2026 19:06:44,26.97,8.87,7.37,26.89,106.391,52354.1,50353.2,33.08,34030.19,101.380,0.53747,,,,
2977,04/17/2026 19:08:44,26.96,8.89,7.38,26.89,106.321,52351.4,50356.8,33.08,34028.41,101.380,0.53060,,,,
2978,04/17/2026 19:10:44,26.94,8.70,7.23,26.88,106.304,52297.3,50307.9,33.04,33993.25,101.380,0.52888,,,,
2979,04/17/2026 19:12:44,26.93,8.56,7.11,26.86,106.252,52297.3,50329.7,33.06,33993.25,101.380,0.52368,,,,
2980,04/17/2026 19:14:44,26.91,8.50,7.06,26.86,106.217,52296.0,50334.7,33.06,33992.43,101.380,0.52023,,,,
2981,04/17/2026 19:16:44,26.90,8.49,7.05,26.85,106.096,52253.9,50303.5,33.04,33965.01,101.380,0.50822,,,,
2982,04/17/2026 19:18:44,26.89,8.53,7.09,26.84,106.114,52236.6,50289.9,33.03,33953.79,101.380,0.50992,,,,
2983,04/17/2026 19:20:44,26.90,8.61,7.15,26.85,106.062,52354.0,50396.7,33.11,34030.07,101.380,0.50480,,,,
2984,04/17/2026 19:22:44,26.92,8.62,7.16,26.89,106.046,52360.7,50362.6,33.09,34034.46,101.380,0.50320,,,,
2985,04/17/2026 19:24:44,26.93,8.58,7.12,26.89,105.994,52396.5,50397.0,33.11,34057.71,101.380,0.49806,,,,
2986,04/17/2026 19:26:44,26.94,8.60,7.14,26.89,105.960,52371.3,50375.9,33.09,34041.34,101.380,0.49463,,,,
2987,04/17/2026 19:28:44,26.95,8.69,7.22,26.91,105.857,52372.6,50352.2,33.08,34042.16,101.380,0.48442,,,,
2988,04/17/2026 19:30:44,26.98,8.67,7.20,26.93,105.858,52437.6,50396.1,33.11,34084.43,101.380,0.48447,,,,
2989,04/17/2026 19:32:44,26.98,8.65,7.18,26.94,105.893,52509.4,50452.6,33.15,34131.09,101.380,0.48793,,,,
2990,04/17/2026 19:34:44,27.00,8.73,7.25,26.95,105.790,52537.3,50470.0,33.17,34149.22,101.380,0.47768,,,,
2991,04/17/2026 19:36:44,27.01,8.70,7.23,26.95,105.772,52502.8,50433.7,33.14,34126.79,101.380,0.47598,,,,
2992,04/17/2026 19:38:44,27.00,8.78,7.29,26.95,105.738,52524.0,50460.4,33.16,34140.61,101.380,0.47253,,,,
2993,04/17/2026 19:40:44,27.00,8.64,7.17,26.95,105.721,52508.1,50442.0,33.15,34130.24,101.380,0.47083,,,,
2994,04/17/2026 19:42:44,27.00,8.75,7.27,26.95,105.703,52524.0,50460.4,33.16,34140.61,101.380,0.46911,,,,
2995,04/17/2026 19:44:44,27.00,8.69,7.22,26.95,105.600,52514.7,50451.4,33.15,34134.54,101.380,0.45883,,,,
2996,04/17/2026 19:46:44,27.00,8.94,7.43,26.94,105.617,52476.2,50423.8,33.13,34109.52,101.380,0.46051,,,,
2997,04/17/2026 19:48:44,26.99,8.95,7.44,26.92,105.651,52485.5,50451.5,33.15,34115.58,101.380,0.46389,,,,
2998,04/17/2026 19:50:44,26.96,8.99,7.47,26.88,105.529,52419.1,50425.1,33.13,34072.42,101.380,0.45179,,,,
2999,04/17/2026 19:52:44,26.94,8.96,7.44,26.85,105.563,52401.8,50439.6,33.14,34061.15,101.380,0.45513,,,,
3000,04/17/2026 19:54:44,26.91,8.90,7.39,26.83,105.545,52358.1,50419.5,33.12,34032.80,101.380,0.45335,,,,
3001,04/17/2026 19:56:44,26.88,8.83,7.33,26.81,105.596,52389.9,50468.8,33.16,34053.43,101.380,0.45844,,,,
3002,04/17/2026 19:58:44,26.86,8.85,7.35,26.80,105.510,52350.1,50443.0,33.14,34027.59,101.380,0.44984,,,,
3003,04/17/2026 20:00:44,26.86,8.84,7.34,26.79,105.475,52348.9,50448.0,33.14,34026.76,101.380,0.44639,,,,
3004,04/17/2026 20:02:44,26.84,8.86,7.35,26.79,105.509,52399.0,50499.5,33.18,34059.38,101.380,0.44981,,,,
3005,04/17/2026 20:04:44,26.84,8.84,7.34,26.78,105.526,52342.1,50454.0,33.15,34022.37,101.380,0.45150,,,,
3006,04/17/2026 20:06:44,26.84,8.81,7.32,26.78,105.509,52342.1,50457.1,33.15,34022.37,101.380,0.44977,,,,
3007,04/17/2026 20:08:44,26.83,8.87,7.37,26.77,105.492,52347.6,50468.7,33.16,34025.93,101.380,0.44804,,,,
3008,04/17/2026 20:10:44,26.83,8.81,7.31,26.76,105.508,52322.2,50456.7,33.15,34009.46,101.380,0.44972,,,,
3009,04/17/2026 20:12:44,26.81,8.78,7.29,26.75,105.491,52335.5,50475.8,33.16,34018.10,101.380,0.44799,,,,
3010,04/17/2026 20:14:44,26.81,8.89,7.38,26.74,105.594,52359.3,50511.2,33.19,34033.51,101.380,0.45823,,,,
3011,04/17/2026 20:16:44,26.80,8.85,7.34,26.73,105.508,52330.3,50495.8,33.18,34014.67,101.380,0.44963,,,,
3012,04/17/2026 20:18:44,26.78,8.81,7.31,26.72,105.593,52368.6,50542.1,33.21,34039.56,101.380,0.45817,,,,
3013,04/17/2026 20:20:44,26.77,8.75,7.26,26.71,105.541,52293.1,50481.8,33.17,33990.52,101.380,0.45300,,,,
3014,04/17/2026 20:22:44,26.76,8.69,7.21,26.70,105.489,52262.9,50462.1,33.15,33970.90,101.380,0.44783,,,,
3015,04/17/2026 20:24:44,26.76,8.66,7.19,26.67,105.489,52281.3,50504.9,33.18,33982.84,101.380,0.44776,,,,
3016,04/17/2026 20:26:44,26.73,8.65,7.18,26.67,105.506,52280.0,50513.0,33.19,33982.01,101.380,0.44945,,,,
3017,04/17/2026 20:28:44,26.72,8.60,7.13,26.65,105.436,52227.3,50480.9,33.16,33947.76,101.380,0.44254,,,,
3018,04/17/2026 20:30:44,26.70,8.50,7.05,26.62,105.384,52214.1,50493.2,33.17,33939.14,101.380,0.43733,,,,
3019,04/17/2026 20:32:44,26.68,8.47,7.03,26.60,105.418,52181.0,50480.1,33.16,33917.66,101.380,0.44070,,,,
3020,04/17/2026 20:34:44,26.65,8.37,6.94,26.59,105.400,52187.8,50502.2,33.18,33922.05,101.380,0.43895,,,,
3021,04/17/2026 20:36:44,26.64,8.36,6.94,26.57,105.434,52174.5,50511.4,33.18,33913.43,101.380,0.44231,,,,
3022,04/17/2026 20:38:44,26.62,8.34,6.92,26.56,105.348,52154.7,50501.7,33.17,33900.58,101.380,0.43372,,,,
3023,04/17/2026 20:40:44,26.61,8.29,6.88,26.55,105.261,52124.5,50478.7,33.16,33880.94,101.380,0.42514,,,,
3024,04/17/2026 20:42:44,26.61,8.41,6.98,26.55,105.330,52091.8,50453.3,33.14,33859.68,101.380,0.43197,,,,
3025,04/17/2026 20:44:44,26.60,8.39,6.96,26.55,105.296,52176.0,50534.8,33.20,33914.40,101.380,0.42855,,,,
3026,04/17/2026 20:46:44,26.60,8.55,7.10,26.55,105.347,52144.5,50504.3,33.18,33893.92,101.380,0.43368,,,,
3027,04/17/2026 20:48:44,26.60,8.54,7.08,26.54,105.330,52126.0,50489.5,33.17,33881.91,101.380,0.43196,,,,
3028,04/17/2026 20:50:44,26.60,8.50,7.06,26.54,105.244,52151.0,50513.7,33.18,33898.15,101.380,0.42340,,,,
3029,04/17/2026 20:52:44,26.60,8.53,7.08,26.54,105.295,52118.0,50484.9,33.16,33876.71,101.380,0.42853,,,,
3030,04/17/2026 20:54:44,26.60,8.52,7.07,26.54,105.278,52118.0,50484.9,33.16,33876.71,101.380,0.42681,,,,
3031,04/17/2026 20:56:44,26.59,8.54,7.08,26.53,105.243,52118.0,50497.5,33.17,33876.71,101.380,0.42335,,,,
3032,04/17/2026 20:58:44,26.59,8.44,7.01,26.52,105.209,52145.5,50530.4,33.19,33894.58,101.380,0.41991,,,,
3033,04/17/2026 21:00:44,26.57,8.42,6.98,26.52,105.312,52129.8,50521.4,33.19,33884.34,101.380,0.43017,,,,
3034,04/17/2026 21:02:44,26.56,8.40,6.97,26.51,105.363,52101.0,50499.9,33.17,33865.68,101.380,0.43529,,,,
3035,04/17/2026 21:04:44,26.56,8.37,6.94,26.50,105.363,52124.5,50532.0,33.19,33880.94,101.380,0.43527,,,,
3036,04/17/2026 21:06:44,26.55,8.33,6.91,26.49,105.328,52077.4,50498.9,33.17,33850.28,101.380,0.43180,,,,
3037,04/17/2026 21:08:44,26.54,8.31,6.89,26.48,105.328,52093.1,50520.4,33.19,33860.49,101.380,0.43179,,,,
3038,04/17/2026 21:10:44,26.53,8.29,6.88,26.48,105.328,52081.3,50512.2,33.18,33852.87,101.380,0.43178,,,,
3039,04/17/2026 21:12:44,26.54,8.25,6.85,26.47,105.362,52090.3,50533.5,33.19,33858.71,101.380,0.43517,,,,
3040,04/17/2026 21:14:44,26.52,8.23,6.83,26.46,105.362,52074.6,50524.5,33.19,33848.49,101.380,0.43515,,,,
3041,04/17/2026 21:16:44,26.51,8.19,6.80,26.45,105.327,52035.5,50499.1,33.17,33823.07,101.380,0.43169,,,,
3042,04/17/2026 21:18:44,26.50,8.16,6.77,26.44,105.258,52034.0,50504.0,33.17,33822.09,101.380,0.42482,,,,
3043,04/17/2026 21:20:44,26.50,8.08,6.70,26.43,105.327,52065.9,50544.4,33.20,33842.84,101.380,0.43165,,,,
3044,04/17/2026 21:22:44,26.49,7.95,6.60,26.42,105.292,51991.3,50484.5,33.16,33794.31,101.380,0.42819,,,,
3045,04/17/2026 21:24:44,26.47,7.85,6.51,26.41,105.361,51980.5,50483.5,33.16,33787.34,101.380,0.43501,,,,
3046,04/17/2026 21:26:44,26.46,7.70,6.39,26.41,105.292,52023.5,50528.4,33.19,33815.29,101.380,0.42815,,,,
3047,04/17/2026 21:28:44,26.46,7.55,6.27,26.42,105.361,52007.9,50500.6,33.17,33805.11,101.380,0.43504,,,,
3048,04/17/2026 21:30:44,26.47,7.50,6.22,26.42,105.361,52028.8,50520.9,33.18,33818.70,101.380,0.43504,,,,
3049,04/17/2026 21:32:44,26.47,7.44,6.17,26.42,105.395,51999.9,50492.9,33.16,33799.93,101.380,0.43846,,,,
3050,04/17/2026 21:34:44,26.47,7.38,6.12,26.41,105.343,52002.6,50505.0,33.17,33801.71,101.380,0.43330,,,,
3051,04/17/2026 21:36:44,26.46,7.32,6.07,26.41,105.412,51994.7,50503.5,33.17,33796.53,101.380,0.44013,,,,
3052,04/17/2026 21:38:44,26.45,7.27,6.03,26.39,105.412,51989.4,50514.2,33.18,33793.14,101.380,0.44009,,,,
3053,04/17/2026 21:40:44,26.44,7.14,5.92,26.37,105.480,51972.6,50519.8,33.18,33782.16,101.380,0.44688,,,,
3054,04/17/2026 21:42:44,26.43,7.00,5.81,26.35,105.462,51915.2,50483.0,33.15,33744.90,101.380,0.44511,,,,
3055,04/17/2026 21:44:44,26.42,6.91,5.73,26.35,105.445,51904.8,50476.0,33.15,33738.13,101.380,0.44339,,,,
3056,04/17/2026 21:46:44,26.41,6.78,5.63,26.33,105.444,51870.9,50465.0,33.14,33716.07,101.380,0.44333,,,,
3057,04/17/2026 21:48:44,26.39,6.72,5.57,26.32,105.444,51861.7,50462.4,33.14,33710.10,101.380,0.44331,,,,
3058,04/17/2026 21:50:44,26.39,6.65,5.52,26.34,105.496,51947.7,50530.3,33.19,33766.01,101.380,0.44850,,,,
3059,04/17/2026 21:52:44,26.39,6.73,5.58,26.34,105.496,51911.3,50485.4,33.15,33742.32,101.380,0.44852,,,,
3060,04/17/2026 21:54:44,26.39,6.70,5.56,26.34,105.445,51900.9,50481.6,33.15,33735.55,101.380,0.44337,,,,
3061,04/17/2026 21:56:44,26.40,6.65,5.52,26.34,105.479,51924.4,50501.3,33.17,33750.88,101.380,0.44680,,,,
3062,04/17/2026 21:58:44,26.39,6.63,5.50,26.32,105.461,51916.8,50512.8,33.17,33745.90,101.380,0.44503,,,,
3063,04/17/2026 22:00:44,26.39,6.58,5.46,26.32,105.565,51916.5,50515.6,33.18,33745.70,101.380,0.45530,,,,
3064,04/17/2026 22:02:44,26.38,6.54,5.42,26.31,105.496,51865.7,50472.5,33.14,33712.69,101.380,0.44843,,,,
3065,04/17/2026 22:04:44,26.38,6.46,5.36,26.31,105.478,51928.1,50536.4,33.19,33753.27,101.380,0.44671,,,,
3066,04/17/2026 22:06:44,26.37,6.42,5.32,26.31,105.547,51896.9,50506.0,33.17,33732.96,101.380,0.45356,,,,
3067,04/17/2026 22:08:44,26.36,6.41,5.31,26.31,105.582,51914.0,50522.7,33.18,33744.11,101.380,0.45699,,,,
3068,04/17/2026 22:10:44,26.35,6.37,5.28,26.30,105.564,51896.9,50515.5,33.17,33732.96,101.380,0.45525,,,,
3069,04/17/2026 22:12:44,26.36,6.38,5.29,26.31,105.564,51921.7,50533.3,33.19,33749.08,101.380,0.45527,,,,
3070,04/17/2026 22:14:44,26.38,6.35,5.26,26.34,105.582,52014.3,50591.9,33.23,33809.30,101.380,0.45707,,,,
3071,04/17/2026 22:16:44,26.39,6.34,5.26,26.36,105.531,52051.2,50602.6,33.24,33833.27,101.380,0.45200,,,,
3072,04/17/2026 22:18:44,26.39,6.17,5.12,26.37,105.549,52022.3,50565.0,33.21,33814.50,101.380,0.45374,,,,
3073,04/17/2026 22:20:44,26.40,6.28,5.21,26.36,105.600,51992.2,50545.2,33.20,33794.93,101.380,0.45885,,,,
3074,04/17/2026 22:22:44,26.39,6.21,5.15,26.36,105.583,52015.8,50574.5,33.22,33810.29,101.380,0.45712,,,,
3075,04/17/2026 22:24:44,26.40,6.15,5.10,26.35,105.600,52011.8,50580.1,33.22,33807.70,101.380,0.45881,,,,
3076,04/17/2026 22:26:44,26.39,6.21,5.15,26.34,105.600,51971.3,50543.8,33.20,33781.36,101.380,0.45880,,,,
3077,04/17/2026 22:28:44,26.40,6.11,5.07,26.35,105.583,52017.1,50578.8,33.22,33811.09,101.380,0.45711,,,,
3078,04/17/2026 22:30:44,26.39,5.99,4.97,26.33,105.617,51970.1,50555.2,33.21,33780.56,101.380,0.46048,,,,
3079,04/17/2026 22:32:44,26.39,6.06,5.03,26.32,105.582,51992.2,50589.3,33.23,33794.93,101.380,0.45702,,,,
3080,04/17/2026 22:34:44,26.36,6.11,5.07,26.29,105.512,51958.1,50587.7,33.23,33772.79,101.380,0.45008,,,,
3081,04/17/2026 22:36:44,26.35,6.00,4.98,26.29,105.633,51945.3,50572.0,33.22,33764.42,101.380,0.46208,,,,
3082,04/17/2026 22:38:44,26.35,6.08,5.04,26.29,105.598,52007.9,50636.1,33.26,33805.11,101.380,0.45864,,,,
3083,04/17/2026 22:40:44,26.34,5.87,4.87,26.28,105.598,51933.6,50573.3,33.22,33756.85,101.380,0.45861,,,,
3084,04/17/2026 22:42:44,26.33,5.94,4.93,26.27,105.597,51938.8,50594.2,33.23,33760.23,101.380,0.45857,,,,
3085,04/17/2026 22:44:44,26.31,6.22,5.16,26.25,105.528,51847.7,50524.3,33.18,33700.98,101.380,0.45167,,,,
3086,04/17/2026 22:46:44,26.29,6.26,5.19,26.22,105.700,51898.4,50599.0,33.23,33733.96,101.380,0.46873,,,,
3087,04/17/2026 22:48:44,26.27,6.42,5.32,26.20,105.613,51827.8,50558.6,33.20,33688.06,101.380,0.46008,,,,
3088,04/17/2026 22:50:44,26.25,6.53,5.42,26.18,105.681,51866.9,50609.4,33.24,33713.48,101.380,0.46690,,,,
3089,04/17/2026 22:52:44,26.24,6.46,5.36,26.18,105.681,51812.2,50562.3,33.20,33677.94,101.380,0.46688,,,,
3090,04/17/2026 22:54:44,26.23,6.47,5.37,26.17,105.663,51808.6,50568.3,33.21,33675.58,101.380,0.46514,,,,
3091,04/17/2026 22:56:44,26.22,6.50,5.39,26.15,105.766,51762.8,50539.4,33.19,33645.83,101.380,0.47538,,,,
3092,04/17/2026 22:58:44,26.20,6.60,5.48,26.13,105.731,51739.7,50545.3,33.19,33630.82,101.380,0.47187,,,,
3093,04/17/2026 23:00:44,26.17,6.79,5.63,26.12,105.731,51763.2,50577.7,33.21,33646.06,101.380,0.47185,,,,
3094,04/17/2026 23:02:44,26.18,6.90,5.72,26.13,105.766,51779.9,50575.1,33.21,33656.94,101.380,0.47532,,,,
3095,04/17/2026 23:04:44,26.19,7.16,5.93,26.16,105.749,51826.6,50595.3,33.23,33687.27,101.380,0.47368,,,,
3096,04/17/2026 23:06:44,26.22,7.30,6.05,26.19,105.836,51868.4,50607.7,33.24,33714.48,101.380,0.48233,,,,
3097,04/17/2026 23:08:44,26.25,7.38,6.12,26.22,105.872,51903.3,50610.1,33.24,33737.14,101.380,0.48584,,,,
3098,04/17/2026 23:10:44,26.26,7.40,6.13,26.23,105.889,51977.8,50673.2,33.29,33785.55,101.380,0.48758,,,,
3099,04/17/2026 23:12:44,26.29,7.51,6.22,26.25,105.924,51988.2,50661.3,33.28,33792.34,101.380,0.49106,,,,
3100,04/17/2026 23:14:44,26.31,7.52,6.23,26.25,105.959,52049.7,50714.8,33.32,33832.29,101.380,0.49451,,,,
3101,04/17/2026 23:16:44,26.30,7.46,6.18,26.24,105.941,51989.4,50665.6,33.28,33793.14,101.380,0.49277,,,,
3102,04/17/2026 23:18:44,26.30,7.42,6.15,26.23,106.027,51998.4,50687.0,33.30,33798.93,101.380,0.50130,,,,
3103,04/17/2026 23:20:44,26.28,7.25,6.01,26.21,106.009,51958.1,50669.9,33.28,33772.79,101.380,0.49952,,,,
3104,04/17/2026 23:22:44,26.27,7.27,6.02,26.20,106.060,51972.3,50693.2,33.30,33781.97,101.380,0.50464,,,,
3105,04/17/2026 23:24:44,26.26,7.18,5.95,26.20,106.060,51950.2,50674.8,33.29,33767.61,101.380,0.50463,,,,
3106,04/17/2026 23:26:44,26.26,7.21,5.98,26.20,106.043,51908.5,50637.3,33.26,33740.52,101.380,0.50291,,,,
3107,04/17/2026 23:28:44,26.26,7.15,5.93,26.20,106.078,51929.3,50651.3,33.27,33754.06,101.380,0.50635,,,,
3108,04/17/2026 23:30:44,26.26,7.15,5.93,26.21,106.112,51937.0,50652.5,33.27,33759.05,101.380,0.50979,,,,
3109,04/17/2026 23:32:44,26.26,7.20,5.97,26.20,106.146,51922.9,50648.2,33.27,33749.88,101.380,0.51319,,,,
3110,04/17/2026 23:34:44,26.26,7.16,5.94,26.20,106.164,51939.4,50667.5,33.28,33760.64,101.380,0.51490,,,,
3111,04/17/2026 23:36:44,26.25,7.17,5.94,26.19,106.181,51929.3,50663.9,33.28,33754.06,101.380,0.51659,,,,
3112,04/17/2026 23:38:44,26.24,7.21,5.98,26.18,106.163,51916.1,50657.4,33.27,33745.50,101.380,0.51486,,,,
3113,04/17/2026 23:40:44,26.24,7.26,6.01,26.17,106.197,51917.4,50671.3,33.28,33746.29,101.380,0.51825,,,,
3114,04/17/2026 23:42:44,26.23,7.28,6.04,26.16,106.232,51910.3,50673.9,33.29,33741.71,101.380,0.52165,,,,
3115,04/17/2026 23:44:44,26.22,7.32,6.07,26.16,106.249,51905.7,50672.6,33.28,33738.73,101.380,0.52336,,,,
3116,04/17/2026 23:46:44,26.22,7.30,6.05,26.15,106.214,51897.8,50671.1,33.28,33733.55,101.380,0.51991,,,,
3117,04/17/2026 23:48:44,26.22,7.27,6.02,26.15,106.214,51939.7,50715.3,33.32,33760.83,101.380,0.51990,,,,
3118,04/17/2026 23:50:44,26.22,7.07,5.86,26.15,106.266,51922.6,50698.5,33.30,33749.68,101.380,0.52504,,,,
3119,04/17/2026 23:52:44,26.20,7.18,5.95,26.14,106.179,51923.8,50712.4,33.31,33750.48,101.380,0.51644,,,,
3120,04/17/2026 23:54:44,26.20,7.15,5.93,26.14,106.162,51932.7,50721.1,33.32,33756.26,101.380,0.51473,,,,
3121,04/17/2026 23:56:44,26.20,7.09,5.88,26.14,106.179,51940.7,50728.9,33.32,33761.44,101.380,0.51644,,,,
3122,04/17/2026 23:58:44,26.20,7.10,5.88,26.14,106.231,51926.3,50711.6,33.31,33752.07,101.380,0.52159,,,,
3123,04/18/2026 00:00:44,26.19,7.11,5.90,26.13,106.231,51923.8,50715.6,33.32,33750.48,101.380,0.52157,,,,
3124,04/18/2026 00:02:44,26.19,7.04,5.83,26.12,106.161,51966.8,50770.2,33.35,33778.39,101.380,0.51469,,,,
3125,04/18/2026 00:04:44,26.19,6.98,5.79,26.13,106.179,51883.4,50682.4,33.29,33724.21,101.380,0.51642,,,,
3126,04/18/2026 00:06:44,26.19,6.98,5.78,26.13,106.196,51899.0,50697.7,33.30,33734.35,101.380,0.51813,,,,
3127,04/18/2026 00:08:44,26.18,6.99,5.79,26.12,106.179,51947.4,50754.5,33.34,33765.82,101.380,0.51639,,,,
3128,04/18/2026 00:10:44,26.17,7.00,5.80,26.11,106.196,51909.4,50726.9,33.32,33741.12,101.380,0.51808,,,,
3129,04/18/2026 00:12:44,26.17,6.92,5.74,26.11,106.196,51897.8,50715.5,33.31,33733.55,101.380,0.51808,,,,
3130,04/18/2026 00:14:44,26.17,6.86,5.69,26.11,106.213,51884.6,50702.7,33.30,33725.00,101.380,0.51979,,,,
3131,04/18/2026 00:16:44,26.17,6.82,5.65,26.11,106.213,51933.9,50750.8,33.34,33757.05,101.380,0.51979,,,,
3132,04/18/2026 00:18:44,26.17,6.78,5.62,26.11,106.282,51929.0,50746.1,33.34,33753.87,101.380,0.52664,,,,
3133,04/18/2026 00:20:44,26.16,6.75,5.59,26.11,106.351,51935.5,50752.3,33.34,33758.05,101.380,0.53349,,,,
3134,04/18/2026 00:22:44,26.17,6.74,5.59,26.11,106.282,51933.0,50749.9,33.34,33756.45,101.380,0.52664,,,,
3135,04/18/2026 00:24:44,26.17,6.72,5.56,26.11,106.368,51914.6,50732.0,33.33,33744.50,101.380,0.53521,,,,
3136,04/18/2026 00:26:44,26.17,6.64,5.50,26.10,106.436,51945.9,50768.9,33.35,33764.82,101.380,0.54204,,,,
3137,04/18/2026 00:28:44,26.15,6.68,5.53,26.09,106.471,51875.4,50709.5,33.31,33719.02,101.380,0.54544,,,,
3138,04/18/2026 00:30:44,26.15,6.64,5.50,26.09,106.471,51906.7,50743.3,33.33,33739.33,101.380,0.54543,,,,
3139,04/18/2026 00:32:44,26.15,6.65,5.51,26.08,106.487,51923.8,50769.5,33.35,33750.48,101.380,0.54712,,,,
3140,04/18/2026 00:34:44,26.13,6.66,5.52,26.07,106.521,51870.2,50733.0,33.33,33715.65,101.380,0.55050,,,,
3141,04/18/2026 00:36:44,26.12,6.56,5.44,26.06,106.573,51859.8,50726.0,33.32,33708.89,101.380,0.55563,,,,
3142,04/18/2026 00:38:44,26.11,6.59,5.46,26.06,106.590,51843.0,50715.9,33.31,33697.97,101.380,0.55733,,,,
3143,04/18/2026 00:40:44,26.10,6.62,5.48,26.05,106.693,51819.5,50705.6,33.30,33682.67,101.380,0.56757,,,,
3144,04/18/2026 00:42:44,26.10,6.60,5.47,26.04,106.727,51863.8,50755.3,33.34,33711.48,101.380,0.57098,,,,
3145,04/18/2026 00:44:44,26.10,6.56,5.43,26.04,106.658,51859.8,50754.6,33.34,33708.89,101.380,0.56411,,,,
3146,04/18/2026 00:46:44,26.09,6.55,5.43,26.03,106.693,51859.8,50757.8,33.34,33708.89,101.380,0.56753,,,,
3147,04/18/2026 00:48:44,26.08,6.69,5.54,26.02,106.692,51859.8,50773.7,33.35,33708.89,101.380,0.56749,,,,
3148,04/18/2026 00:50:44,26.06,6.67,5.53,25.99,106.726,51845.5,50785.1,33.36,33699.55,101.380,0.57084,,,,
3149,04/18/2026 00:52:44,26.05,6.64,5.50,25.98,106.777,51824.7,50777.4,33.35,33686.05,101.380,0.57595,,,,
3150,04/18/2026 00:54:44,26.04,6.64,5.50,25.98,106.812,51843.0,50801.8,33.37,33697.97,101.380,0.57936,,,,
3151,04/18/2026 00:56:44,26.03,6.60,5.47,25.96,106.811,51805.1,50780.5,33.36,33673.34,101.380,0.57931,,,,
3152,04/18/2026 00:58:44,26.01,6.61,5.48,25.94,106.776,51743.0,50741.9,33.33,33632.93,101.380,0.57582,,,,
3153,04/18/2026 01:00:44,25.99,6.54,5.42,25.92,106.724,51732.6,50747.6,33.33,33626.20,101.380,0.57064,,,,
3154,04/18/2026 01:02:44,25.98,6.53,5.41,25.91,106.775,51777.7,50810.9,33.38,33655.48,101.380,0.57573,,,,
3155,04/18/2026 01:04:44,25.97,6.44,5.33,25.89,106.809,51747.8,50794.4,33.36,33636.06,101.380,0.57912,,,,
3156,04/18/2026 01:06:44,25.95,6.38,5.28,25.89,106.826,51731.1,50777.9,33.35,33625.18,101.380,0.58083,,,,
3157,04/18/2026 01:08:44,25.95,6.33,5.24,25.88,106.809,51714.3,50771.1,33.35,33614.32,101.380,0.57909,,,,
3158,04/18/2026 01:10:44,25.94,6.30,5.22,25.88,106.826,51753.0,50812.2,33.38,33639.43,101.380,0.58080,,,,
3159,04/18/2026 01:12:44,25.93,6.20,5.14,25.87,106.826,51677.0,50750.3,33.33,33590.03,101.380,0.58076,,,,
3160,04/18/2026 01:14:44,25.92,6.24,5.17,25.85,106.774,51705.2,50794.0,33.36,33608.38,101.380,0.57558,,,,
3161,04/18/2026 01:16:44,25.91,6.14,5.08,25.85,106.808,51714.3,50809.3,33.37,33614.32,101.380,0.57899,,,,
3162,04/18/2026 01:18:44,25.90,6.17,5.11,25.84,106.842,51717.9,50825.6,33.38,33616.66,101.380,0.58238,,,,
3163,04/18/2026 01:20:44,25.89,6.08,5.03,25.83,106.824,51697.3,50814.9,33.37,33603.22,101.380,0.58064,,,,
3164,04/18/2026 01:22:44,25.89,6.06,5.02,25.81,106.859,51650.8,50781.9,33.35,33573.02,101.380,0.58403,,,,
3165,04/18/2026 01:24:44,25.89,5.96,4.94,25.83,106.842,51649.6,50768.0,33.34,33572.24,101.380,0.58235,,,,
3166,04/18/2026 01:26:44,25.89,5.90,4.88,25.83,106.876,51683.0,50794.4,33.36,33593.92,101.380,0.58580,,,,
3167,04/18/2026 01:28:44,25.90,5.87,4.86,25.84,106.859,51672.6,50777.9,33.35,33587.21,101.380,0.58410,,,,
3168,04/18/2026 01:30:44,25.90,5.89,4.88,25.83,106.842,51628.6,50741.0,33.32,33558.58,101.380,0.58237,,,,
3169,04/18/2026 01:32:44,25.90,5.85,4.85,25.83,106.825,51646.8,50762.1,33.34,33570.43,101.380,0.58065,,,,
3170,04/18/2026 01:34:44,25.90,5.82,4.82,25.83,106.859,51652.0,50767.2,33.34,33573.79,101.380,0.58407,,,,
3171,04/18/2026 01:36:44,25.88,5.83,4.82,25.81,106.824,51667.1,50798.0,33.36,33583.61,101.380,0.58060,,,,
3172,04/18/2026 01:38:44,25.88,5.87,4.86,25.81,106.893,51638.5,50773.1,33.34,33565.03,101.380,0.58745,,,,
3173,04/18/2026 01:40:44,25.87,5.95,4.93,25.81,106.841,51606.4,50747.8,33.32,33544.15,101.380,0.58229,,,,
3174,04/18/2026 01:42:44,25.85,5.97,4.94,25.79,106.892,51599.6,50754.0,33.33,33539.77,101.380,0.58739,,,,
3175,04/18/2026 01:44:44,25.85,5.92,4.90,25.79,106.892,51607.6,50768.2,33.34,33544.93,101.380,0.58738,,,,
3176,04/18/2026 01:46:44,25.85,5.79,4.80,25.79,106.978,51648.4,50805.2,33.37,33571.48,101.380,0.59595,,,,
3177,04/18/2026 01:48:44,25.85,5.69,4.71,25.80,106.892,51608.8,50759.8,33.33,33545.70,101.380,0.58740,,,,
3178,04/18/2026 01:50:44,25.85,5.67,4.70,25.80,106.910,51612.7,50760.5,33.33,33548.27,101.380,0.58912,,,,
3179,04/18/2026 01:52:44,25.85,5.66,4.68,25.80,106.961,51642.1,50789.4,33.35,33567.36,101.380,0.59426,,,,
3180,04/18/2026 01:54:44,25.85,5.62,4.66,25.80,106.979,51617.5,50768.4,33.34,33551.36,101.380,0.59597,,,,
3181,04/18/2026 01:56:44,25.86,5.58,4.63,25.80,106.927,51613.5,50761.3,33.33,33548.79,101.380,0.59084,,,,
3182,04/18/2026 01:58:44,25.86,5.54,4.59,25.80,106.979,51636.5,50780.7,33.35,33563.75,101.380,0.59598,,,,
3183,04/18/2026 02:00:44,25.86,5.52,4.57,25.80,106.996,51630.2,50777.7,33.35,33559.62,101.380,0.59769,,,,
3184,04/18/2026 02:02:44,25.86,5.47,4.53,25.80,106.910,51603.2,50747.9,33.32,33542.09,101.380,0.58913,,,,
3185,04/18/2026 02:04:44,25.86,5.43,4.50,25.80,107.048,51610.7,50755.3,33.33,33546.98,101.380,0.60283,,,,
3186,04/18/2026 02:06:44,25.86,5.38,4.46,25.80,106.979,51635.3,50782.7,33.35,33562.97,101.380,0.59598,,,,
3187,04/18/2026 02:08:44,25.85,5.40,4.48,25.79,106.978,51644.5,50801.3,33.36,33568.91,101.380,0.59595,,,,
3188,04/18/2026 02:10:44,25.85,5.43,4.50,25.78,106.978,51617.5,50784.3,33.35,33551.36,101.380,0.59592,,,,
3189,04/18/2026 02:12:44,25.84,5.54,4.59,25.77,106.943,51617.5,50793.9,33.36,33551.36,101.380,0.59247,,,,
3190,04/18/2026 02:14:44,25.82,5.60,4.63,25.77,106.960,51636.5,50815.8,33.37,33563.75,101.380,0.59418,,,,
3191,04/18/2026 02:16:44,25.82,5.61,4.64,25.76,106.960,51627.4,50813.2,33.37,33557.82,101.380,0.59416,,,,
3192,04/18/2026 02:18:44,25.82,5.55,4.59,25.76,106.926,51578.6,50771.6,33.34,33526.11,101.380,0.59071,,,,
3193,04/18/2026 02:20:44,25.81,5.56,4.60,25.76,106.891,51587.4,50780.2,33.35,33531.78,101.380,0.58729,,,,
3194,04/18/2026 02:22:44,25.81,5.55,4.60,25.75,106.908,51608.4,50804.0,33.36,33545.44,101.380,0.58899,,,,
3195,04/18/2026 02:24:44,25.81,5.55,4.60,25.75,106.839,51600.4,50799.4,33.36,33540.28,101.380,0.58213,,,,
3196,04/18/2026 02:26:44,25.80,5.57,4.61,25.74,106.874,51528.4,50741.2,33.32,33493.45,101.380,0.58552,,,,
3197,04/18/2026 02:28:44,25.80,5.53,4.58,25.74,106.856,51550.5,50763.1,33.33,33507.85,101.380,0.58381,,,,
3198,04/18/2026 02:30:44,25.79,5.50,4.55,25.74,106.839,51493.6,50707.0,33.29,33470.84,101.380,0.58210,,,,
3199,04/18/2026 02:32:44,25.80,5.48,4.54,25.73,106.839,51486.1,50709.2,33.29,33465.98,101.380,0.58207,,,,
3200,04/18/2026 02:34:44,25.78,5.44,4.51,25.73,106.856,51528.8,50754.4,33.33,33493.72,101.380,0.58378,,,,
3201,04/18/2026 02:36:44,25.79,5.41,4.48,25.73,106.753,51589.3,50807.7,33.37,33533.07,101.380,0.57352,,,,
3202,04/18/2026 02:38:44,25.79,5.37,4.45,25.74,106.822,51552.9,50765.4,33.33,33509.39,101.380,0.58039,,,,
3203,04/18/2026 02:40:44,25.79,5.34,4.42,25.74,106.684,51550.5,50759.9,33.33,33507.85,101.380,0.56669,,,,
3204,04/18/2026 02:42:44,25.80,5.30,4.39,25.74,106.753,51558.0,50767.3,33.34,33512.73,101.380,0.57354,,,,
3205,04/18/2026 02:44:44,25.80,5.23,4.33,25.75,106.684,51554.1,50757.0,33.33,33510.16,101.380,0.56671,,,,
3206,04/18/2026 02:46:44,25.80,5.14,4.26,25.75,106.667,51562.0,50758.4,33.33,33515.31,101.380,0.56501,,,,
3207,04/18/2026 02:48:44,25.81,5.01,4.15,25.75,106.598,51550.5,50747.1,33.32,33507.85,101.380,0.55816,,,,
3208,04/18/2026 02:50:44,25.81,4.93,4.08,25.76,106.581,51546.6,50740.0,33.32,33505.28,101.380,0.55646,,,,
3209,04/18/2026 02:52:44,25.81,4.87,4.04,25.75,106.530,51509.4,50706.6,33.29,33481.13,101.380,0.55131,,,,
3210,04/18/2026 02:54:44,25.81,4.87,4.03,25.75,106.461,51522.5,50725.9,33.31,33489.61,101.380,0.54444,,,,
3211,04/18/2026 02:56:44,25.81,4.79,3.97,25.76,106.444,51580.6,50773.6,33.34,33527.41,101.380,0.54276,,,,
3212,04/18/2026 02:58:44,25.81,4.76,3.94,25.76,106.478,51579.0,50772.0,33.34,33526.38,101.380,0.54618,,,,
3213,04/18/2026 03:00:44,25.82,4.70,3.89,25.75,106.409,51500.8,50701.3,33.29,33475.50,101.380,0.53931,,,,
3214,04/18/2026 03:02:44,25.81,4.65,3.86,25.75,106.409,51516.2,50716.5,33.30,33485.51,101.380,0.53931,,,,
3215,04/18/2026 03:04:44,25.81,4.63,3.83,25.75,106.392,51570.4,50766.6,33.34,33520.73,101.380,0.53761,,,,
3216,04/18/2026 03:06:44,25.80,4.58,3.80,25.75,106.323,51543.5,50743.3,33.32,33503.25,101.380,0.53075,,,,
3217,04/18/2026 03:08:44,25.79,4.71,3.90,25.73,106.357,51556.1,50778.1,33.34,33511.46,101.380,0.53411,,,,
3218,04/18/2026 03:10:44,25.79,4.80,3.97,25.73,106.322,51504.7,50730.7,33.31,33478.07,101.380,0.53068,,,,
3219,04/18/2026 03:12:44,25.76,5.03,4.17,25.69,106.373,51524.1,50788.1,33.35,33490.66,101.380,0.53571,,,,
3220,04/18/2026 03:14:44,25.75,5.09,4.22,25.68,106.304,51489.3,50766.6,33.33,33468.07,101.380,0.52883,,,,
3221,04/18/2026 03:16:44,25.73,5.12,4.24,25.67,106.372,51464.9,50755.3,33.32,33452.16,101.380,0.53564,,,,
3222,04/18/2026 03:18:44,25.72,5.17,4.28,25.66,106.355,51497.2,50796.8,33.35,33473.21,101.380,0.53390,,,,
3223,04/18/2026 03:20:44,25.70,5.16,4.27,25.63,106.371,51429.0,50755.1,33.32,33428.86,101.380,0.53555,,,,
3224,04/18/2026 03:22:44,25.69,5.10,4.22,25.62,106.285,51406.2,50742.2,33.31,33414.05,101.380,0.52696,,,,
3225,04/18/2026 03:24:44,25.68,5.11,4.23,25.60,106.336,51390.9,50749.4,33.32,33404.08,101.380,0.53204,,,,
3226,04/18/2026 03:26:44,25.66,5.21,4.32,25.59,106.353,51405.8,50780.1,33.34,33413.76,101.380,0.53370,,,,
3227,04/18/2026 03:28:44,25.65,5.17,4.28,25.59,106.318,51416.5,50787.4,33.34,33420.70,101.380,0.53029,,,,
3228,04/18/2026 03:30:44,25.65,5.12,4.24,25.58,106.335,51416.5,50797.0,33.35,33420.70,101.380,0.53197,,,,
3229,04/18/2026 03:32:44,25.64,5.10,4.22,25.57,106.300,51449.5,50842.5,33.38,33442.18,101.380,0.52851,,,,
3230,04/18/2026 03:34:44,25.62,5.17,4.28,25.55,106.283,51373.9,50783.9,33.34,33393.07,101.380,0.52676,,,,
3231,04/18/2026 03:36:44,25.61,5.19,4.30,25.54,106.265,51348.6,50771.6,33.33,33376.62,101.380,0.52501,,,,
3232,04/18/2026 03:38:44,25.60,5.23,4.33,25.53,106.265,51357.5,50793.2,33.35,33382.36,101.380,0.52497,,,,
3233,04/18/2026 03:40:44,25.58,5.27,4.36,25.50,106.212,51350.1,50821.1,33.36,33377.54,101.380,0.51974,,,,
3234,04/18/2026 03:42:44,25.56,5.30,4.39,25.48,106.109,51377.9,50861.5,33.39,33395.63,101.380,0.50943,,,,
3235,04/18/2026 03:44:44,25.54,5.30,4.39,25.46,106.091,51347.3,50856.9,33.39,33375.73,101.380,0.50765,,,,
3236,04/18/2026 03:46:44,25.52,5.31,4.39,25.44,106.056,51292.4,50824.9,33.36,33340.04,101.380,0.50416,,,,
3237,04/18/2026 03:48:44,25.49,5.40,4.47,25.41,106.020,51245.4,50810.5,33.35,33309.54,101.380,0.50065,,,,
3238,04/18/2026 03:50:44,25.47,5.36,4.43,25.39,105.951,51252.8,50833.9,33.37,33314.34,101.380,0.49376,,,,
3239,04/18/2026 03:52:44,25.46,5.27,4.37,25.38,105.882,51245.4,50842.6,33.38,33309.54,101.380,0.48686,,,,
3240,04/18/2026 03:54:44,25.43,5.21,4.32,25.37,105.796,51196.5,50797.2,33.34,33277.69,101.380,0.47829,,,,
3241,04/18/2026 03:56:44,25.43,5.21,4.31,25.37,105.744,51241.0,50841.4,33.37,33306.66,101.380,0.47315,,,,
3242,04/18/2026 03:58:44,25.42,5.21,4.31,25.37,105.692,51228.6,50838.8,33.37,33298.57,101.380,0.46799,,,,
3243,04/18/2026 04:00:44,25.42,5.20,4.30,25.35,105.588,51194.7,50818.0,33.36,33276.55,101.380,0.45768,,,,
3244,04/18/2026 04:02:44,25.41,5.13,4.25,25.36,105.589,51215.6,50832.3,33.37,33290.14,101.380,0.45769,,,,
3245,04/18/2026 04:04:44,25.41,5.21,4.31,25.36,105.520,51231.4,50848.0,33.38,33300.38,101.380,0.45084,,,,
3246,04/18/2026 04:06:44,25.42,5.12,4.24,25.37,105.503,51234.8,50844.9,33.38,33302.61,101.380,0.44915,,,,
3247,04/18/2026 04:08:44,25.41,5.09,4.22,25.37,105.417,51217.3,50827.5,33.36,33291.22,101.380,0.44058,,,,
3248,04/18/2026 04:10:44,25.42,5.05,4.18,25.37,105.485,51265.8,50875.7,33.40,33322.76,101.380,0.44743,,,,
3249,04/18/2026 04:12:44,25.42,5.06,4.18,25.37,105.451,51245.4,50852.3,33.38,33309.54,101.380,0.44402,,,,
3250,04/18/2026 04:14:44,25.42,4.95,4.10,25.37,105.382,51252.2,50852.5,33.38,33313.91,101.380,0.43718,,,,
3251,04/18/2026 04:16:44,25.42,4.95,4.09,25.38,105.296,51278.3,50875.2,33.40,33330.86,101.380,0.42863,,,,
3252,04/18/2026 04:18:44,25.44,4.91,4.06,25.38,105.262,51258.4,50852.3,33.38,33317.96,101.380,0.42521,,,,
3253,04/18/2026 04:20:44,25.44,4.83,4.00,25.38,105.211,51255.6,50846.3,33.38,33316.15,101.380,0.42008,,,,
3254,04/18/2026 04:22:44,25.44,4.79,3.96,25.39,105.193,51236.4,50824.0,33.36,33303.68,101.380,0.41838,,,,
3255,04/18/2026 04:24:44,25.44,4.82,3.99,25.39,105.228,51242.7,50830.2,33.37,33307.73,101.380,0.42180,,,,
3256,04/18/2026 04:26:44,25.44,4.89,4.04,25.39,105.125,51256.1,50843.6,33.38,33316.47,101.380,0.41153,,,,
3257,04/18/2026 04:28:44,25.44,4.90,4.06,25.39,105.159,51240.4,50827.9,33.36,33306.24,101.380,0.41495,,,,
3258,04/18/2026 04:30:44,25.44,5.01,4.15,25.38,105.004,51250.5,50841.3,33.37,33312.85,101.380,0.39953,,,,
3259,04/18/2026 04:32:44,25.44,4.97,4.12,25.38,105.021,51217.8,50812.0,33.35,33291.55,101.380,0.40123,,,,
3260,04/18/2026 04:34:44,25.43,4.96,4.11,25.38,105.021,51265.8,50862.8,33.39,33322.76,101.380,0.40122,,,,
3261,04/18/2026 04:36:44,25.43,5.07,4.20,25.37,104.918,51221.7,50825.5,33.36,33294.11,101.380,0.39093,,,,
3262,04/18/2026 04:38:44,25.42,5.01,4.15,25.37,104.900,51188.5,50799.0,33.34,33272.51,101.380,0.38920,,,,
3263,04/18/2026 04:40:44,25.42,5.04,4.17,25.36,104.814,51225.1,50838.6,33.37,33296.34,101.380,0.38063,,,,
3264,04/18/2026 04:42:44,25.42,4.92,4.07,25.36,104.745,51176.7,50790.5,33.34,33264.84,101.380,0.37378,,,,
3265,04/18/2026 04:44:44,25.42,4.80,3.97,25.37,104.711,51187.3,50797.9,33.34,33271.77,101.380,0.37036,,,,
3266,04/18/2026 04:46:44,25.41,4.95,4.09,25.36,104.711,51234.2,50850.7,33.38,33302.20,101.380,0.37034,,,,
3267,04/18/2026 04:48:44,25.41,4.83,3.99,25.35,104.624,51206.5,50829.7,33.36,33284.21,101.380,0.36176,,,,
3268,04/18/2026 04:50:44,25.40,4.69,3.88,25.35,104.573,51215.0,50838.1,33.37,33289.74,101.380,0.35662,,,,
3269,04/18/2026 04:52:44,25.40,4.69,3.88,25.35,104.521,51171.0,50794.5,33.34,33261.15,101.380,0.35149,,,,
3270,04/18/2026 04:54:44,25.41,4.65,3.85,25.34,104.469,51177.2,50810.3,33.35,33265.19,101.380,0.34632,,,,
3271,04/18/2026 04:56:44,25.40,4.58,3.79,25.34,104.521,51206.5,50842.6,33.37,33284.21,101.380,0.35145,,,,
3272,04/18/2026 04:58:44,25.40,4.62,3.82,25.34,104.400,51179.5,50815.7,33.35,33266.66,101.380,0.33946,,,,
3273,04/18/2026 05:00:44,25.40,4.68,3.87,25.34,104.400,51165.9,50799.1,33.34,33257.87,101.380,0.33947,,,,
3274,04/18/2026 05:02:44,25.40,4.73,3.92,25.34,104.297,51169.3,50802.5,33.34,33260.07,101.380,0.32919,,,,
3275,04/18/2026 05:04:44,25.40,4.71,3.90,25.35,104.297,51207.6,50837.3,33.37,33284.96,101.380,0.32920,,,,
3276,04/18/2026 05:06:44,25.41,4.65,3.85,25.35,104.194,51183.9,50813.8,33.35,33269.55,101.380,0.31893,,,,
3277,04/18/2026 05:08:44,25.40,4.72,3.91,25.35,104.177,51151.9,50778.7,33.33,33248.73,101.380,0.31722,,,,
3278,04/18/2026 05:10:44,25.40,4.87,4.03,25.33,104.176,51085.0,50731.6,33.29,33205.28,101.380,0.31717,,,,
3279,04/18/2026 05:12:44,25.39,5.11,4.23,25.29,104.054,51050.3,50738.8,33.29,33182.69,101.380,0.30507,,,,
3280,04/18/2026 05:14:44,25.35,5.10,4.22,25.30,104.020,51108.6,50793.6,33.34,33220.61,101.380,0.30165,,,,
3281,04/18/2026 05:16:44,25.35,4.89,4.05,25.33,104.004,51145.7,50798.3,33.34,33244.70,101.380,0.30003,,,,
3282,04/18/2026 05:18:44,25.37,4.86,4.02,25.33,103.952,51121.5,50767.8,33.32,33228.99,101.380,0.29491,,,,
3283,04/18/2026 05:20:44,25.38,4.82,3.99,25.34,103.798,51087.3,50724.2,33.29,33206.74,101.380,0.27952,,,,
3284,04/18/2026 05:22:44,25.39,4.73,3.92,25.34,103.798,51169.3,50802.5,33.34,33260.07,101.380,0.27952,,,,
3285,04/18/2026 05:24:44,25.38,4.69,3.88,25.33,103.659,51120.4,50773.1,33.32,33228.26,101.380,0.26577,,,,
3286,04/18/2026 05:26:44,25.37,4.64,3.84,25.30,103.642,51111.4,50789.9,33.33,33222.43,101.380,0.26399,,,,
3287,04/18/2026 05:28:44,25.36,4.67,3.87,25.30,103.538,51131.6,50806.8,33.35,33235.57,101.380,0.25372,,,,
3288,04/18/2026 05:30:44,25.35,4.69,3.88,25.29,103.486,51064.3,50756.0,33.31,33191.80,101.380,0.24854,,,,
3289,04/18/2026 05:32:44,25.35,4.66,3.85,25.28,103.434,51026.8,50728.3,33.29,33167.40,101.380,0.24338,,,,
3290,04/18/2026 05:34:44,25.33,4.66,3.86,25.27,103.348,51011.1,50719.1,33.28,33157.22,101.380,0.23480,,,,
3291,04/18/2026 05:36:44,25.33,4.70,3.89,25.27,103.296,51018.9,50736.6,33.29,33162.31,101.380,0.22963,,,,
3292,04/18/2026 05:38:44,25.32,4.82,3.99,25.26,103.348,51003.8,50731.2,33.29,33152.49,101.380,0.23475,,,,
3293,04/18/2026 05:40:44,25.31,4.85,4.01,25.24,103.261,50968.6,50709.0,33.27,33129.61,101.380,0.22615,,,,
3294,04/18/2026 05:42:44,25.31,4.85,4.02,25.24,103.227,51021.2,50767.7,33.31,33163.76,101.380,0.22271,,,,
3295,04/18/2026 05:44:44,25.29,4.82,3.99,25.22,103.174,50993.8,50756.5,33.30,33145.95,101.380,0.21753,,,,
3296,04/18/2026 05:46:44,25.28,4.76,3.94,25.22,103.157,50944.6,50707.6,33.27,33114.00,101.380,0.21581,,,,
3297,04/18/2026 05:48:44,25.27,4.74,3.93,25.21,103.123,50948.5,50721.1,33.28,33116.54,101.380,0.21236,,,,
3298,04/18/2026 05:50:44,25.27,4.79,3.96,25.21,103.122,50881.6,50660.9,33.23,33073.04,101.380,0.21234,,,,
3299,04/18/2026 05:52:44,25.26,4.79,3.97,25.21,103.054,50893.3,50672.6,33.24,33080.67,101.380,0.20549,,,,
3300,04/18/2026 05:54:44,25.26,4.70,3.89,25.23,103.002,50919.0,50675.7,33.25,33097.35,101.380,0.20041,,,,
3301,04/18/2026 05:56:44,25.28,4.60,3.81,25.24,103.037,50964.2,50711.0,33.27,33126.71,101.380,0.20387,,,,
3302,04/18/2026 05:58:44,25.29,4.33,3.58,25.25,103.020,50988.7,50725.8,33.28,33142.67,101.380,0.20218,,,,
3303,04/18/2026 06:00:44,25.29,4.11,3.40,25.22,102.985,50921.7,50691.2,33.26,33099.12,101.380,0.19867,,,,
3304,04/18/2026 06:02:44,25.28,3.88,3.21,25.18,102.915,50881.6,50689.8,33.25,33073.04,101.380,0.19172,,,,
3305,04/18/2026 06:04:44,25.26,3.64,3.01,25.17,102.932,50816.6,50641.1,33.22,33030.76,101.380,0.19339,,,,
3306,04/18/2026 06:06:44,25.23,3.50,2.90,25.16,102.863,50826.5,50657.5,33.23,33037.25,101.380,0.18652,,,,
3307,04/18/2026 06:08:44,25.23,3.25,2.69,25.16,102.880,50789.9,50620.9,33.20,33013.40,101.380,0.18823,,,,
3308,04/18/2026 06:10:44,25.21,2.96,2.46,25.15,102.742,50806.6,50643.9,33.22,33024.26,101.380,0.17451,,,,
3309,04/18/2026 06:12:44,25.21,2.83,2.34,25.15,102.673,50903.4,50740.4,33.29,33087.18,101.380,0.16766,,,,
3310,04/18/2026 06:14:44,25.21,2.65,2.19,25.15,102.690,50905.6,50745.9,33.29,33088.62,101.380,0.16936,,,,
3311,04/18/2026 06:16:44,25.21,2.52,2.08,25.14,102.639,50904.5,50751.2,33.30,33087.90,101.380,0.16421,,,,
3312,04/18/2026 06:18:44,25.20,2.45,2.03,25.14,102.501,50912.8,50762.8,33.31,33093.32,101.380,0.15050,,,,
3313,04/18/2026 06:20:44,25.20,2.38,1.97,25.13,102.466,50874.4,50737.3,33.29,33068.36,101.380,0.14704,,,,
3314,04/18/2026 06:22:44,25.18,2.35,1.95,25.12,102.449,50893.3,50762.7,33.30,33080.67,101.380,0.14531,,,,
3315,04/18/2026 06:24:44,25.17,2.35,1.95,25.11,102.379,50821.1,50700.2,33.26,33033.70,101.380,0.13843,,,,
3316,04/18/2026 06:26:44,25.16,2.32,1.92,25.10,102.362,50859.4,50748.1,33.29,33058.59,101.380,0.13670,,,,
3317,04/18/2026 06:28:44,25.16,2.25,1.86,25.09,102.310,50819.4,50721.1,33.27,33032.59,101.380,0.13152,,,,
3318,04/18/2026 06:30:44,25.15,2.22,1.84,25.09,102.258,50763.4,50671.6,33.24,32996.18,101.380,0.12637,,,,
3319,04/18/2026 06:32:44,25.15,2.22,1.84,25.09,102.207,50822.2,50730.3,33.28,33034.40,101.380,0.12123,,,,
3320,04/18/2026 06:34:44,25.14,2.21,1.83,25.08,102.120,50803.3,50721.1,33.27,33022.13,101.380,0.11264,,,,
3321,04/18/2026 06:36:44,25.13,2.21,1.83,25.07,102.120,50727.4,50648.5,33.22,32972.80,101.380,0.11263,,,,
3322,04/18/2026 06:38:44,25.12,2.19,1.81,25.07,102.051,50722.4,50650.0,33.22,32969.57,101.380,0.10577,,,,
3323,04/18/2026 06:40:44,25.12,2.36,1.95,25.08,102.000,50722.4,50640.4,33.21,32969.57,101.380,0.10065,,,,
3324,04/18/2026 06:42:44,25.12,2.49,2.06,25.08,101.931,50650.0,50561.7,33.15,32922.50,101.380,0.09382,,,,
3325,04/18/2026 06:44:44,25.14,2.55,2.11,25.08,101.931,50657.8,50572.6,33.16,32927.56,101.380,0.09381,,,,
3326,04/18/2026 06:46:44,25.13,2.61,2.16,25.07,101.948,50616.3,50544.1,33.14,32900.62,101.380,0.09549,,,,
3327,04/18/2026 06:48:44,25.12,2.68,2.22,25.07,101.862,50589.8,50517.6,33.12,32883.38,101.380,0.08693,,,,
3328,04/18/2026 06:50:44,25.12,2.71,2.25,25.06,101.827,50554.1,50488.3,33.10,32860.16,101.380,0.08348,,,,
3329,04/18/2026 06:52:44,25.11,2.77,2.29,25.05,101.792,50570.7,50517.8,33.12,32870.95,101.380,0.08002,,,,
3330,04/18/2026 06:54:44,25.11,2.88,2.39,25.03,101.689,50550.2,50516.6,33.12,32857.64,101.380,0.06970,,,,
3331,04/18/2026 06:56:44,25.10,2.88,2.39,25.03,101.723,50486.0,50452.4,33.07,32815.89,101.380,0.07312,,,,
3332,04/18/2026 06:58:44,25.10,2.70,2.24,25.03,101.706,50514.6,50477.7,33.09,32834.46,101.380,0.07142,,,,
3333,04/18/2026 07:00:44,25.09,2.59,2.14,25.02,101.637,50517.4,50496.6,33.10,32836.29,101.380,0.06453,,,,
3334,04/18/2026 07:02:44,25.08,2.49,2.07,25.01,101.602,50569.6,50558.5,33.15,32870.26,101.380,0.06107,,,,
3335,04/18/2026 07:04:44,25.07,2.39,1.98,25.00,101.619,50591.6,50596.5,33.18,32884.52,101.380,0.06275,,,,
3336,04/18/2026 07:06:44,25.06,2.33,1.93,24.98,101.601,50583.8,50608.0,33.18,32879.46,101.380,0.06098,,,,
3337,04/18/2026 07:08:44,25.05,2.25,1.87,24.96,101.531,50527.6,50574.3,33.16,32842.95,101.380,0.05407,,,,
3338,04/18/2026 07:10:44,25.03,2.20,1.82,24.95,101.548,50473.3,50529.6,33.12,32807.64,101.380,0.05576,,,,
3339,04/18/2026 07:12:44,25.02,2.18,1.80,24.94,101.531,50427.2,50486.6,33.09,32777.66,101.380,0.05404,,,,
3340,04/18/2026 07:14:44,25.02,2.13,1.77,24.94,101.514,50439.9,50505.8,33.11,32785.91,101.380,0.05231,,,,
3341,04/18/2026 07:16:44,25.01,2.07,1.71,24.93,101.428,50452.9,50522.0,33.12,32794.36,101.380,0.04374,,,,
3342,04/18/2026 07:18:44,25.01,2.04,1.69,24.93,101.462,50405.4,50484.1,33.09,32763.51,101.380,0.04714,,,,
3343,04/18/2026 07:20:44,25.00,2.04,1.69,24.91,101.444,50480.3,50572.0,33.15,32812.22,101.380,0.04539,,,,
3344,04/18/2026 07:22:44,25.00,2.05,1.70,24.90,101.427,50396.9,50504.5,33.10,32757.98,101.380,0.04364,,,,
3345,04/18/2026 07:24:44,25.00,2.00,1.66,24.82,101.356,50024.1,50210.8,32.88,32515.65,101.380,0.03658,,,,
3346,04/18/2026 07:26:44,24.99,1.97,1.66,24.72,101.370,46334.7,46611.7,30.25,30117.58,101.380,0.03800,,,,
3347,04/18/2026 07:28:44,24.97,1.97,1.73,24.72,101.284,36402.7,36615.6,23.13,23661.75,101.380,0.02945,,,,
3348,04/18/2026 07:30:44,24.90,2.22,2.05,24.66,101.213,23148.8,23316.9,14.08,15046.72,101.380,0.02242,,,,
3349,04/18/2026 07:32:44,24.81,3.03,2.81,24.60,101.194,21968.6,22156.5,13.32,14279.61,101.380,0.02054,,,,
3350,04/18/2026 07:34:44,24.75,4.05,3.76,24.58,101.297,21613.3,21807.9,13.09,14048.65,101.380,0.03076,,,,
3351,04/18/2026 07:36:44,24.68,6.84,6.83,24.49,101.295,669.5,676.7,0.33,435.15,101.380,0.03053,,,,
3352,04/18/2026 07:38:44,24.61,8.22,8.21,24.43,101.276,567.6,574.5,0.28,368.96,101.380,0.02865,,,,
3353,04/18/2026 07:40:44,24.56,8.39,8.38,24.29,101.272,579.8,588.6,0.29,376.87,101.380,0.02826,,,,
3354,04/18/2026 07:42:44,24.51,8.39,8.38,24.19,101.287,588.2,598.4,0.29,382.36,101.380,0.02972,,,,
3355,04/18/2026 07:44:44,24.44,8.39,8.38,24.08,101.266,593.4,605.1,0.29,385.72,101.380,0.02770,,,,
3356,04/18/2026 07:46:44,24.26,8.44,8.42,23.99,101.315,601.7,614.8,0.30,391.10,101.380,0.03258,,,,
3357,04/18/2026 07:48:44,24.13,8.50,8.49,23.97,101.332,607.5,620.9,0.30,394.86,101.380,0.03425,,,,
3358,04/18/2026 07:50:44,24.11,8.51,8.49,24.03,101.351,610.2,622.9,0.30,396.64,101.380,0.03612,,,,
3359,04/18/2026 07:52:44,24.08,8.51,8.49,24.04,101.334,611.3,623.9,0.30,397.33,101.380,0.03442,,,,
3360,04/18/2026 07:54:44,24.08,8.52,8.50,24.06,101.369,609.5,621.8,0.30,396.15,101.380,0.03791,,,,
3361,04/18/2026 07:56:44,24.13,8.53,8.52,24.06,101.317,605.1,617.3,0.30,393.34,101.380,0.03279,,,,
3362,04/18/2026 07:58:44,24.19,8.52,8.50,24.07,101.318,599.0,611.0,0.30,389.36,101.380,0.03279,,,,
3363,04/18/2026 08:00:44,24.24,8.53,8.51,24.10,101.336,593.9,605.3,0.29,386.03,101.380,0.03460,,,,
3364,04/18/2026 08:02:44,24.31,8.52,8.50,24.13,101.354,587.3,598.3,0.29,381.75,101.380,0.03639,,,,
3365,04/18/2026 08:04:44,24.41,8.51,8.50,24.19,101.338,582.1,592.1,0.29,378.34,101.380,0.03486,,,,
3366,04/18/2026 08:06:44,24.47,8.48,8.47,24.21,101.304,576.2,585.9,0.28,374.54,101.380,0.03148,,,,
3367,04/18/2026 08:08:44,24.46,8.48,8.47,24.19,101.338,568.6,578.5,0.28,369.62,101.380,0.03485,,,,
3368,04/18/2026 08:10:44,24.44,8.50,8.48,24.20,101.338,559.8,569.4,0.28,363.89,101.380,0.03487,,,,
3369,04/18/2026 08:12:44,24.44,8.48,8.47,24.24,101.339,552.4,561.4,0.27,359.06,101.380,0.03497,,,,
3370,04/18/2026 08:14:44,24.44,8.52,8.50,24.25,101.323,543.0,551.6,0.27,352.92,101.380,0.03330,,,,
3371,04/18/2026 08:16:44,24.45,8.51,8.50,24.27,101.340,532.9,541.2,0.26,346.38,101.380,0.03506,,,,
3372,04/18/2026 08:18:44,24.48,8.50,8.49,24.34,101.359,525.4,532.8,0.26,341.51,101.380,0.03696,,,,
3373,04/18/2026 08:20:44,24.55,8.49,8.48,24.41,101.327,516.2,522.7,0.25,335.54,101.380,0.03374,,,,
3374,04/18/2026 08:22:44,24.64,8.48,8.47,24.48,101.363,505.5,511.0,0.25,328.54,101.380,0.03736,,,,
3375,04/18/2026 08:24:44,24.73,8.47,8.46,24.53,101.365,493.3,498.2,0.24,320.64,101.380,0.03750,,,,
3376,04/18/2026 08:26:44,24.78,8.45,8.44,24.56,101.331,480.4,484.9,0.23,312.24,101.380,0.03414,,,,
3377,04/18/2026 08:28:44,24.81,8.47,8.46,24.61,101.350,469.6,473.6,0.23,305.27,101.380,0.03598,,,,
3378,04/18/2026 08:30:44,24.89,8.45,8.44,24.69,101.335,457.6,460.6,0.22,297.43,101.380,0.03449,,,,
3379,04/18/2026 08:32:44,25.01,8.44,8.43,24.80,101.390,448.1,449.9,0.22,291.26,101.380,0.03996,,,,
3380,04/18/2026 08:34:44,25.13,8.43,8.42,24.94,101.376,435.6,436.1,0.21,283.13,101.380,0.03862,,,,
3381,04/18/2026 08:36:44,25.29,8.40,8.39,25.05,101.396,421.7,421.3,0.20,274.12,101.380,0.04063,,,,
3382,04/18/2026 08:38:44,25.40,8.38,8.37,25.14,101.416,409.8,408.5,0.20,266.34,101.380,0.04260,,,,
3383,04/18/2026 08:40:44,25.48,8.36,8.35,25.20,101.366,396.7,395.1,0.19,257.88,101.380,0.03762,,,,
3384,04/18/2026 08:42:44,25.44,8.35,8.34,25.17,101.434,381.7,380.3,0.18,248.13,101.380,0.04440,,,,
3385,04/18/2026 08:44:44,25.29,8.39,8.38,25.07,101.397,376.8,376.3,0.18,244.93,101.380,0.04067,,,,
3386,04/18/2026 08:46:44,25.36,8.38,8.37,25.17,101.348,373.3,372.0,0.18,242.63,101.380,0.03582,,,,
3387,04/18/2026 08:48:44,25.42,8.36,8.35,25.22,101.349,369.8,368.1,0.18,240.34,101.380,0.03596,,,,
3388,04/18/2026 08:50:44,25.40,8.37,8.36,25.14,101.347,362.7,361.6,0.17,235.77,101.380,0.03574,,,,
3389,04/18/2026 08:52:44,25.39,8.36,8.35,25.14,101.382,356.0,355.0,0.17,231.41,101.380,0.03917,,,,
3390,04/18/2026 08:54:44,25.41,8.37,8.37,25.13,101.399,352.8,351.8,0.17,229.32,101.380,0.04086,,,,
3391,04/18/2026 08:56:44,25.46,8.38,8.37,25.18,101.348,352.5,351.2,0.17,229.13,101.380,0.03586,,,,
3392,04/18/2026 08:58:44,25.50,8.37,8.36,25.20,101.383,347.6,346.1,0.17,225.91,101.380,0.03934,,,,
3393,04/18/2026 09:00:44,25.55,8.38,8.37,25.28,101.368,344.2,342.2,0.17,223.73,101.380,0.03785,,,,
3394,04/18/2026 09:02:44,25.61,8.36,8.36,25.30,101.403,338.6,336.4,0.16,220.08,101.380,0.04134,,,,
3395,04/18/2026 09:04:44,25.65,8.36,8.35,25.37,101.423,337.0,334.4,0.16,219.05,101.380,0.04324,,,,
3396,04/18/2026 09:06:44,25.66,8.34,8.33,25.41,101.424,342.9,339.9,0.16,222.85,101.380,0.04335,,,,
3397,04/18/2026 09:08:44,25.71,8.34,8.33,25.49,101.409,349.9,346.4,0.17,227.47,101.380,0.04185,,,,
3398,04/18/2026 09:10:44,25.69,8.32,8.31,25.50,101.409,349.2,345.6,0.17,226.98,101.380,0.04188,,,,
3399,04/18/2026 09:12:44,25.67,8.32,8.31,25.47,101.374,349.0,345.6,0.17,226.85,101.380,0.03837,,,,
3400,04/18/2026 09:14:44,25.61,8.33,8.32,25.46,101.373,349.8,346.5,0.17,227.40,101.380,0.03833,,,,
3401,04/18/2026 09:16:44,25.61,8.34,8.34,25.46,101.390,350.7,347.3,0.17,227.92,101.380,0.04004,,,,
3402,04/18/2026 09:18:44,25.63,8.37,8.36,25.49,101.426,355.2,351.6,0.17,230.91,101.380,0.04356,,,,
3403,04/18/2026 09:20:44,25.66,8.36,8.35,25.54,101.358,358.5,354.4,0.17,232.99,101.380,0.03686,,,,
3404,04/18/2026 09:22:44,25.64,8.39,8.38,25.52,101.358,355.5,351.7,0.17,231.06,101.380,0.03679,,,,
3405,04/18/2026 09:24:44,25.61,8.39,8.38,25.53,101.392,346.8,343.0,0.17,225.40,101.380,0.04024,,,,
3406,04/18/2026 09:26:44,25.64,8.42,8.41,25.70,101.414,355.9,350.8,0.17,231.35,101.380,0.04242,,,,
3407,04/18/2026 09:28:44,25.72,8.41,8.40,25.84,101.418,360.9,354.6,0.17,234.59,101.380,0.04283,,,,
3408,04/18/2026 09:30:44,25.80,8.41,8.40,26.04,101.407,370.7,362.8,0.18,240.93,101.380,0.04166,,,,
3409,04/18/2026 09:32:44,25.88,8.35,8.34,26.19,101.394,373.1,364.0,0.18,242.52,101.380,0.04037,,,,
3410,04/18/2026 09:34:44,25.92,8.32,8.31,26.29,101.431,372.2,362.4,0.18,241.91,101.380,0.04409,,,,
3411,04/18/2026 09:36:44,25.96,8.19,8.18,26.28,101.396,439.6,428.0,0.21,285.71,101.380,0.04063,,,,
3412,04/18/2026 09:38:44,25.99,8.20,8.18,26.14,101.444,519.5,507.4,0.25,337.71,101.380,0.04537,,,,
3413,04/18/2026 09:40:44,26.01,8.24,8.22,26.02,101.441,646.4,632.8,0.31,420.15,101.380,0.04505,,,,
3414,04/18/2026 09:42:44,26.02,8.38,8.36,26.11,101.409,770.7,753.0,0.37,500.92,101.380,0.04188,,,,
3415,04/18/2026 09:44:44,26.04,8.57,8.53,26.13,101.444,1423.7,1390.6,0.70,925.40,101.380,0.04536,,,,
3416,04/18/2026 09:46:44,26.07,8.76,8.66,26.13,101.444,3869.7,3779.9,1.99,2515.34,101.380,0.04535,,,,
3417,04/18/2026 09:48:44,26.06,8.85,8.18,26.04,101.424,23753.0,23243.9,14.06,15439.46,101.380,0.04339,,,,
3418,04/18/2026 09:50:44,26.00,8.98,8.29,25.93,101.438,23698.5,23244.4,14.05,15404.04,101.380,0.04479,,,,
3419,04/18/2026 09:52:44,25.90,9.05,8.06,25.81,101.486,33665.8,33103.6,20.72,21882.74,101.380,0.04959,,,,
3420,04/18/2026 09:54:44,25.77,9.19,7.93,25.68,101.534,41115.2,40535.5,25.92,26724.85,101.380,0.05437,,,,
3421,04/18/2026 09:56:44,25.67,9.35,8.06,25.63,101.516,41395.1,40857.8,26.15,26906.82,101.380,0.05251,,,,
3422,04/18/2026 09:58:44,25.60,9.55,8.26,25.59,101.566,40667.6,40167.6,25.66,26433.96,101.380,0.05755,,,,
3423,04/18/2026 10:00:44,25.59,9.74,8.42,25.52,101.599,40582.4,40146.7,25.64,26378.58,101.380,0.06077,,,,
3424,04/18/2026 10:02:44,25.59,9.78,8.44,25.53,101.633,41069.3,40620.6,25.98,26695.02,101.380,0.06422,,,,
3425,04/18/2026 10:04:44,25.59,9.92,8.56,25.55,101.755,41197.8,40724.6,26.05,26778.59,101.380,0.07628,,,,
3426,04/18/2026 10:06:44,25.61,9.96,8.58,25.57,101.790,41844.2,41347.9,26.50,27198.72,101.380,0.07976,,,,
3427,04/18/2026 10:08:44,25.63,10.02,8.62,25.61,101.842,42027.2,41494.8,26.61,27317.70,101.380,0.08501,,,,
3428,04/18/2026 10:10:44,25.67,9.96,8.56,25.66,101.861,42267.5,41692.6,26.75,27473.87,101.380,0.08685,,,,
3429,04/18/2026 10:12:44,25.69,9.69,8.32,25.67,101.947,42785.1,42189.9,27.10,27810.35,101.380,0.09546,,,,
3430,04/18/2026 10:14:44,25.72,9.34,7.99,25.67,102.034,43599.9,42990.7,27.68,28339.93,101.380,0.10403,,,,
3431,04/18/2026 10:16:44,25.75,9.18,7.85,25.69,102.051,43766.7,43138.8,27.78,28448.35,101.380,0.10579,,,,
3432,04/18/2026 10:18:44,25.76,9.09,7.78,25.68,102.068,43601.9,42984.5,27.67,28341.26,101.380,0.10748,,,,
3433,04/18/2026 10:20:44,25.75,9.08,7.78,25.67,102.137,43186.4,42582.9,27.39,28071.17,101.380,0.11431,,,,
3434,04/18/2026 10:22:44,25.74,9.15,7.85,25.66,102.205,42701.6,42115.4,27.05,27756.01,101.380,0.12112,,,,
3435,04/18/2026 10:24:44,25.74,9.29,7.98,25.68,102.292,42465.3,41864.0,26.87,27602.43,101.380,0.12975,,,,
3436,04/18/2026 10:26:44,25.75,9.57,8.21,25.72,102.310,42731.5,42092.0,27.04,27775.47,101.380,0.13157,,,,
3437,04/18/2026 10:28:44,25.77,9.97,8.55,25.74,102.294,42730.2,42074.8,27.02,27774.64,101.380,0.12991,,,,
3438,04/18/2026 10:30:44,25.79,10.16,8.72,25.78,102.398,42776.0,42088.1,27.03,27804.37,101.380,0.14029,,,,
3439,04/18/2026 10:32:44,25.81,10.37,8.88,25.79,102.502,43170.2,42465.4,27.30,28060.64,101.380,0.15060,,,,
3440,04/18/2026 10:34:44,25.83,10.56,9.05,25.82,102.520,43421.8,42683.3,27.46,28224.17,101.380,0.15241,,,,
3441,04/18/2026 10:36:44,25.86,10.63,9.12,25.81,102.520,42923.3,42203.9,27.12,27900.16,101.380,0.15237,,,,
3442,04/18/2026 10:38:44,25.86,10.45,8.99,25.76,102.639,42227.7,41561.8,26.66,27448.02,101.380,0.16423,,,,
3443,04/18/2026 10:40:44,25.87,10.59,9.08,25.77,102.673,42981.5,42298.4,27.18,27938.00,101.380,0.16767,,,,
3444,04/18/2026 10:42:44,25.90,10.66,9.17,25.78,102.691,42419.9,41740.5,26.79,27572.97,101.380,0.16940,,,,
3445,04/18/2026 10:44:44,25.92,10.76,9.25,25.79,102.794,42411.8,41722.0,26.77,27567.67,101.380,0.17971,,,,
3446,04/18/2026 10:46:44,25.93,10.81,9.30,25.80,102.812,42136.9,41438.5,26.57,27388.97,101.380,0.18147,,,,
3447,04/18/2026 10:48:44,25.95,10.92,9.41,25.82,102.830,41957.7,41244.2,26.43,27272.53,101.380,0.18324,,,,
3448,04/18/2026 10:50:44,25.97,10.96,9.42,25.85,102.865,42551.1,41809.0,26.84,27658.21,101.380,0.18673,,,,
3449,04/18/2026 10:52:44,25.98,10.94,9.42,25.88,102.918,42313.8,41544.6,26.65,27503.97,101.380,0.19197,,,,
3450,04/18/2026 10:54:44,26.01,10.97,9.43,25.92,102.953,42469.1,41668.3,26.74,27604.90,101.380,0.19549,,,,
3451,04/18/2026 10:56:44,26.02,10.98,9.45,25.96,103.075,42254.5,41416.2,26.56,27465.39,101.380,0.20762,,,,
3452,04/18/2026 10:58:44,26.04,11.10,9.54,25.95,103.074,42664.1,41830.8,26.86,27731.69,101.380,0.20758,,,,
3453,04/18/2026 11:00:44,26.05,11.08,9.53,25.97,103.127,42475.9,41630.6,26.71,27609.30,101.380,0.21277,,,,
3454,04/18/2026 11:02:44,26.07,11.07,9.52,25.97,103.178,42623.9,41773.1,26.82,27705.57,101.380,0.21791,,,,
3455,04/18/2026 11:04:44,26.07,11.17,9.61,25.98,103.213,42392.7,41536.1,26.65,27555.27,101.380,0.22137,,,,
3456,04/18/2026 11:06:44,26.07,11.29,9.73,25.97,103.282,41897.3,41058.4,26.31,27233.26,101.380,0.22820,,,,
3457,04/18/2026 11:08:44,26.10,11.42,9.83,25.98,103.299,42399.0,41542.3,26.65,27559.38,101.380,0.22994,,,,
3458,04/18/2026 11:10:44,26.11,11.88,10.20,26.03,103.421,42822.6,41912.6,26.92,27834.67,101.380,0.24208,,,,
3459,04/18/2026 11:12:44,26.13,11.76,10.10,26.09,103.457,43013.3,42051.8,27.02,27958.62,101.380,0.24566,,,,
3460,04/18/2026 11:14:44,26.16,11.84,10.16,26.13,103.493,43231.0,42227.7,27.15,28100.18,101.380,0.24920,,,,
3461,04/18/2026 11:16:44,26.19,11.81,10.13,26.16,103.580,43448.1,42415.8,27.28,28241.24,101.380,0.25785,,,,
3462,04/18/2026 11:18:44,26.22,11.93,10.23,26.18,103.598,43401.2,42348.9,27.23,28210.75,101.380,0.25963,,,,
3463,04/18/2026 11:20:44,26.24,12.21,10.47,26.22,103.685,43607.4,42518.2,27.36,28344.79,101.380,0.26830,,,,
3464,04/18/2026 11:22:44,26.27,12.46,10.68,26.25,103.755,43793.3,42672.9,27.47,28465.66,101.380,0.27524,,,,
3465,04/18/2026 11:24:44,26.28,12.47,10.68,26.25,103.858,43808.2,42687.4,27.48,28475.33,101.380,0.28551,,,,
3466,04/18/2026 11:26:44,26.30,12.62,10.81,26.26,103.893,43951.8,42819.3,27.57,28568.68,101.380,0.28897,,,,
3467,04/18/2026 11:28:44,26.31,12.42,10.62,26.28,103.979,44322.0,43163.8,27.82,28809.30,101.380,0.29758,,,,
3468,04/18/2026 11:30:44,26.32,11.98,10.23,26.26,103.893,44662.0,43513.9,28.07,29030.29,101.380,0.28896,,,,
3469,04/18/2026 11:32:44,26.31,11.91,10.17,26.26,104.099,44606.8,43460.1,28.03,28994.41,101.380,0.30951,,,,
3470,04/18/2026 11:34:44,26.33,12.12,10.33,26.28,104.134,45016.5,43840.1,28.31,29260.73,101.380,0.31300,,,,
3471,04/18/2026 11:36:44,26.35,12.20,10.39,26.29,104.221,45180.0,43988.4,28.42,29367.01,101.380,0.32160,,,,
3472,04/18/2026 11:38:44,26.36,12.08,10.28,26.28,104.238,45455.4,44262.1,28.61,29546.03,101.380,0.32330,,,,
3473,04/18/2026 11:40:44,26.35,11.83,10.07,26.25,104.306,45307.5,44145.5,28.53,29449.85,101.380,0.33006,,,,
3474,04/18/2026 11:42:44,26.35,11.83,10.05,26.25,104.461,45912.3,44734.8,28.95,29842.99,101.380,0.34548,,,,
3475,04/18/2026 11:44:44,26.35,11.85,10.07,26.26,104.444,45778.6,44599.0,28.86,29756.11,101.380,0.34378,,,,
3476,04/18/2026 11:46:44,26.34,11.62,9.90,26.23,104.512,45310.9,44170.9,28.55,29452.11,101.380,0.35055,,,,
3477,04/18/2026 11:48:44,26.33,10.93,9.26,26.23,104.494,46425.0,45256.9,29.33,30176.22,101.380,0.34884,,,,
3478,04/18/2026 11:50:44,26.33,11.41,9.69,26.26,104.633,46161.4,44974.8,29.13,30004.93,101.380,0.36262,,,,
3479,04/18/2026 11:52:44,26.33,11.67,9.89,26.26,104.874,46573.1,45370.2,29.41,30272.51,101.380,0.38662,,,,
3480,04/18/2026 11:54:44,26.37,12.00,10.18,26.33,104.824,46407.8,45150.0,29.26,30165.10,101.380,0.38166,,,,
3481,04/18/2026 11:56:44,26.38,11.57,9.79,26.34,104.842,46902.1,45619.5,29.60,30486.35,101.380,0.38341,,,,
3482,04/18/2026 11:58:44,26.40,11.47,9.70,26.36,105.015,47065.9,45761.7,29.70,30592.80,101.380,0.40059,,,,
3483,04/18/2026 12:00:44,26.41,11.24,9.50,26.36,105.049,47272.9,45960.1,29.84,30727.37,101.380,0.40403,,,,
3484,04/18/2026 12:02:44,26.41,10.90,9.21,26.34,105.152,47379.2,46077.8,29.93,30796.46,101.380,0.41426,,,,
3485,04/18/2026 12:04:44,26.40,10.76,9.09,26.35,105.238,47411.2,46103.2,29.95,30817.30,101.380,0.42284,,,,
3486,04/18/2026 12:06:44,26.40,10.93,9.23,26.36,105.290,47593.0,46274.2,30.07,30935.44,101.380,0.42800,,,,
3487,04/18/2026 12:08:44,26.41,10.92,9.22,26.36,105.290,47593.7,46274.9,30.07,30935.92,101.380,0.42800,,,,
3488,04/18/2026 12:10:44,26.42,11.05,9.33,26.39,105.377,47711.6,46354.9,30.13,31012.56,101.380,0.43667,,,,
3489,04/18/2026 12:12:44,26.44,11.23,9.49,26.41,105.636,47573.1,46206.0,30.02,30922.54,101.380,0.46241,,,,
3490,04/18/2026 12:14:44,26.45,11.23,9.48,26.41,105.567,47692.4,46318.9,30.11,31000.07,101.380,0.45557,,,,
3491,04/18/2026 12:16:44,26.46,11.25,9.51,26.42,105.619,47550.4,46178.1,30.00,30907.75,101.380,0.46072,,,,
3492,04/18/2026 12:18:44,26.46,11.12,9.38,26.42,105.585,47698.3,46318.9,30.11,31003.92,101.380,0.45730,,,,
3493,04/18/2026 12:20:44,26.47,11.14,9.41,26.41,105.688,47587.8,46217.4,30.03,30932.10,101.380,0.46756,,,,
3494,04/18/2026 12:22:44,26.46,11.30,9.54,26.39,105.825,47529.1,46183.3,30.01,30893.91,101.380,0.48119,,,,
3495,04/18/2026 12:24:44,26.45,11.52,9.73,26.36,105.841,47347.9,46035.9,29.90,30776.11,101.380,0.48282,,,,
3496,04/18/2026 12:26:44,26.42,11.71,9.89,26.34,105.909,47413.5,46116.9,29.96,30818.75,101.380,0.48962,,,,
3497,04/18/2026 12:28:44,26.40,11.51,9.73,26.32,105.909,47271.5,45993.1,29.87,30726.46,101.380,0.48957,,,,
3498,04/18/2026 12:30:44,26.39,11.26,9.52,26.31,105.943,47291.9,46024.4,29.89,30739.70,101.380,0.49296,,,,
3499,04/18/2026 12:32:44,26.37,10.93,9.24,26.28,105.925,47299.9,46058.1,29.91,30744.91,101.380,0.49117,,,,
3500,04/18/2026 12:34:44,26.37,11.14,9.41,26.33,106.064,47641.6,46347.4,30.12,30967.01,101.380,0.50501,,,,
3501,04/18/2026 12:36:44,26.35,10.91,9.21,26.31,106.115,47690.2,46417.9,30.17,30998.64,101.380,0.51007,,,,
3502,04/18/2026 12:38:44,26.33,10.75,9.07,26.27,106.183,47773.0,46527.5,30.25,31052.46,101.380,0.51684,,,,
3503,04/18/2026 12:40:44,26.31,10.64,8.96,26.27,106.200,47919.9,46670.6,30.36,31147.96,101.380,0.51855,,,,
3504,04/18/2026 12:42:44,26.30,10.53,8.86,26.27,106.269,48172.0,46916.1,30.54,31311.82,101.380,0.52540,,,,
3505,04/18/2026 12:44:44,26.30,10.39,8.74,26.25,106.320,48313.7,47080.5,30.65,31403.89,101.380,0.53046,,,,
3506,04/18/2026 12:46:44,26.29,10.27,8.63,26.24,106.423,48581.7,47344.7,30.85,31578.10,101.380,0.54073,,,,
3507,04/18/2026 12:48:44,26.29,10.24,8.60,26.25,106.475,48798.6,47550.1,31.00,31719.07,101.380,0.54589,,,,
3508,04/18/2026 12:50:44,26.30,10.20,8.56,26.27,106.596,49049.9,47780.1,31.17,31882.44,101.380,0.55792,,,,
3509,04/18/2026 12:52:44,26.32,10.22,8.57,26.29,106.734,49174.6,47880.6,31.24,31963.47,101.380,0.57169,,,,
3510,04/18/2026 12:54:44,26.34,10.21,8.56,26.30,106.683,49301.8,47992.5,31.32,32046.17,101.380,0.56659,,,,
3511,04/18/2026 12:56:44,26.35,10.23,8.57,26.31,106.735,49431.5,48112.7,31.41,32130.45,101.380,0.57174,,,,
3512,04/18/2026 12:58:44,26.36,10.27,8.61,26.33,106.873,49562.7,48219.4,31.49,32215.76,101.380,0.58551,,,,
3513,04/18/2026 13:00:44,26.38,10.15,8.50,26.34,106.925,49677.3,48321.9,31.56,32290.27,101.380,0.59067,,,,
3514,04/18/2026 13:02:44,26.39,10.05,8.41,26.34,106.977,49793.5,48425.8,31.64,32365.75,101.380,0.59584,,,,
3515,04/18/2026 13:04:44,26.39,10.02,8.38,26.35,106.926,49817.4,48440.0,31.65,32381.34,101.380,0.59073,,,,
3516,04/18/2026 13:06:44,26.40,10.03,8.39,26.36,107.150,49889.7,48501.3,31.70,32428.33,101.380,0.61302,,,,
3517,04/18/2026 13:08:44,26.42,10.03,8.39,26.37,107.185,49973.8,48573.9,31.75,32482.95,101.380,0.61647,,,,
3518,04/18/2026 13:10:44,26.42,10.07,8.42,26.38,107.271,50057.0,48648.8,31.81,32537.08,101.380,0.62506,,,,
3519,04/18/2026 13:12:44,26.42,10.06,8.41,26.39,107.202,50058.0,48640.6,31.80,32537.73,101.380,0.61823,,,,
3520,04/18/2026 13:14:44,26.44,10.09,8.43,26.39,107.289,50143.6,48717.7,31.86,32593.33,101.380,0.62681,,,,
3521,04/18/2026 13:16:44,26.45,10.11,8.45,26.41,107.427,50229.4,48788.9,31.91,32649.11,101.380,0.64055,,,,
3522,04/18/2026 13:18:44,26.46,10.13,8.47,26.42,107.341,50231.2,48778.5,31.90,32650.29,101.380,0.63202,,,,
3523,04/18/2026 13:20:44,26.48,10.19,8.51,26.43,107.479,50272.4,48803.3,31.92,32677.06,101.380,0.64577,,,,
3524,04/18/2026 13:22:44,26.49,10.24,8.55,26.45,107.548,50320.4,48834.7,31.94,32708.25,101.380,0.65267,,,,
3525,04/18/2026 13:24:44,26.50,10.29,8.60,26.47,107.721,50284.0,48778.1,31.90,32684.60,101.380,0.66986,,,,
3526,04/18/2026 13:26:44,26.53,10.42,8.71,26.49,107.705,50287.9,48757.6,31.89,32687.11,101.380,0.66822,,,,
3527,04/18/2026 13:28:44,26.55,10.57,8.83,26.52,107.688,50310.3,48752.0,31.89,32701.70,101.380,0.66659,,,,
3528,04/18/2026 13:30:44,26.57,10.67,8.92,26.54,107.672,50321.1,48744.4,31.88,32708.74,101.380,0.66493,,,,
3529,04/18/2026 13:32:44,26.59,10.83,9.06,26.56,107.965,50158.0,48571.2,31.76,32602.70,101.380,0.69409,,,,
3530,04/18/2026 13:34:44,26.60,11.01,9.21,26.56,107.913,50212.7,48615.1,31.79,32638.25,101.380,0.68898,,,,
3531,04/18/2026 13:36:44,26.61,11.04,9.23,26.56,108.120,50175.5,48579.1,31.76,32614.05,101.380,0.70954,,,,
3532,04/18/2026 13:38:44,26.61,11.05,9.25,26.55,108.154,49997.8,48419.1,31.64,32498.59,101.380,0.71293,,,,
3533,04/18/2026 13:40:44,26.61,10.98,9.20,26.53,108.171,49755.9,48211.8,31.49,32341.32,101.380,0.71456,,,,
3534,04/18/2026 13:42:44,26.60,10.73,9.02,26.50,108.342,48913.0,47418.7,30.91,31793.46,101.380,0.73162,,,,
3535,04/18/2026 13:44:44,26.57,10.58,8.90,26.48,108.169,48730.8,47262.6,30.80,31675.00,101.380,0.71442,,,,
3536,04/18/2026 13:46:44,26.54,10.70,9.00,26.47,108.290,48834.2,47368.7,30.87,31742.20,101.380,0.72640,,,,
3537,04/18/2026 13:48:44,26.53,10.54,8.87,26.45,108.323,48489.3,47054.7,30.64,31518.03,101.380,0.72976,,,,
3538,04/18/2026 13:50:44,26.51,10.64,8.95,26.45,108.323,48576.6,47136.6,30.70,31574.82,101.380,0.72977,,,,
3539,04/18/2026 13:52:44,26.51,10.74,9.03,26.47,108.410,48653.0,47193.0,30.74,31624.46,101.380,0.73839,,,,
3540,04/18/2026 13:54:44,26.51,10.79,9.08,26.48,108.479,48553.7,47090.9,30.67,31559.93,101.380,0.74526,,,,
3541,04/18/2026 13:56:44,26.53,10.83,9.11,26.49,108.514,48672.6,47197.3,30.75,31637.19,101.380,0.74871,,,,
3542,04/18/2026 13:58:44,26.54,10.79,9.08,26.49,108.479,48523.8,47053.0,30.64,31540.45,101.380,0.74528,,,,
3543,04/18/2026 14:00:44,26.52,10.60,8.92,26.46,108.461,48432.0,46987.5,30.59,31480.82,101.380,0.74350,,,,
3544,04/18/2026 14:02:44,26.53,10.61,8.93,26.46,108.582,48384.4,46941.3,30.56,31449.87,101.380,0.75549,,,,
3545,04/18/2026 14:04:44,26.52,10.62,8.94,26.47,108.599,48473.1,47021.4,30.62,31507.51,101.380,0.75722,,,,
3546,04/18/2026 14:06:44,26.52,10.58,8.91,26.47,108.634,48401.0,46951.5,30.57,31460.63,101.380,0.76065,,,,
3547,04/18/2026 14:08:44,26.52,10.56,8.89,26.46,108.771,48423.8,46982.3,30.59,31475.44,101.380,0.77432,,,,
3548,04/18/2026 14:10:44,26.52,10.64,8.95,26.48,108.806,48473.1,47012.6,30.61,31507.51,101.380,0.77780,,,,
3549,04/18/2026 14:12:44,26.54,10.69,9.00,26.49,108.789,48532.5,47061.5,30.65,31546.13,101.380,0.77612,,,,
3550,04/18/2026 14:14:44,26.54,10.68,8.98,26.49,108.927,48651.3,47170.8,30.73,31623.35,101.380,0.78984,,,,
3551,04/18/2026 14:16:44,26.56,11.15,9.37,26.53,108.877,48769.4,47255.9,30.79,31700.11,101.380,0.78479,,,,
3552,04/18/2026 14:18:44,26.58,11.41,9.59,26.54,108.998,48989.7,47454.6,30.94,31843.30,101.380,0.79683,,,,
3553,04/18/2026 14:20:44,26.60,11.50,9.66,26.56,108.929,49210.5,47647.8,31.08,31986.83,101.380,0.79004,,,,
3554,04/18/2026 14:22:44,26.61,11.57,9.71,26.58,109.068,49410.6,47820.8,31.21,32116.91,101.380,0.80380,,,,
3555,04/18/2026 14:24:44,26.63,11.57,9.70,26.62,109.034,49660.1,48026.3,31.36,32279.04,101.380,0.80049,,,,
3556,04/18/2026 14:26:44,26.67,11.55,9.67,26.65,108.966,49904.0,48229.3,31.51,32437.59,101.380,0.79373,,,,
3557,04/18/2026 14:28:44,26.71,11.52,9.64,26.67,109.139,50073.3,48371.9,31.61,32547.62,101.380,0.81093,,,,
3558,04/18/2026 14:30:44,26.72,11.52,9.65,26.69,109.140,50051.8,48339.2,31.59,32533.70,101.380,0.81096,,,,
3559,04/18/2026 14:32:44,26.72,11.24,9.41,26.65,109.242,50089.7,48408.7,31.64,32558.29,101.380,0.82114,,,,
3560,04/18/2026 14:34:44,26.72,11.34,9.49,26.68,109.243,50286.6,48568.9,31.76,32686.27,101.380,0.82123,,,,
3561,04/18/2026 14:36:44,26.74,11.44,9.57,26.69,109.381,50394.5,48667.1,31.83,32756.43,101.380,0.83495,,,,
3562,04/18/2026 14:38:44,26.74,11.45,9.57,26.69,109.346,50432.5,48703.8,31.86,32781.13,101.380,0.83153,,,,
3563,04/18/2026 14:40:44,26.74,11.38,9.52,26.69,109.501,50427.6,48699.0,31.85,32777.93,101.380,0.84694,,,,
3564,04/18/2026 14:42:44,26.74,11.31,9.45,26.68,109.381,50436.4,48713.6,31.86,32783.64,101.380,0.83493,,,,
3565,04/18/2026 14:44:44,26.74,11.31,9.46,26.69,109.432,50512.1,48783.7,31.92,32832.86,101.380,0.84008,,,,
3566,04/18/2026 14:46:44,26.74,11.28,9.43,26.69,109.295,50541.7,48812.3,31.94,32852.11,101.380,0.82638,,,,
3567,04/18/2026 14:48:44,26.74,11.21,9.37,26.68,109.570,50477.9,48756.7,31.90,32810.63,101.380,0.85377,,,,
3568,04/18/2026 14:50:44,26.73,11.20,9.36,26.67,109.604,50476.8,48761.7,31.90,32809.95,101.380,0.85718,,,,
3569,04/18/2026 14:52:44,26.73,11.09,9.27,26.67,109.587,50486.7,48780.3,31.91,32816.36,101.380,0.85544,,,,
3570,04/18/2026 14:54:44,26.72,11.16,9.33,26.67,109.552,50510.3,48803.2,31.93,32831.71,101.380,0.85201,,,,
3571,04/18/2026 14:56:44,26.72,11.15,9.32,26.66,109.535,50517.4,48813.0,31.94,32836.29,101.380,0.85029,,,,
3572,04/18/2026 14:58:44,26.72,11.20,9.36,26.66,109.621,50523.0,48818.5,31.94,32839.96,101.380,0.85885,,,,
3573,04/18/2026 15:00:44,26.72,11.31,9.45,26.68,109.794,50531.1,48808.1,31.93,32845.24,101.380,0.87604,,,,
3574,04/18/2026 15:02:44,26.74,11.32,9.46,26.69,109.742,50524.1,48795.3,31.92,32840.65,101.380,0.87092,,,,
3575,04/18/2026 15:04:44,26.74,11.33,9.47,26.69,109.742,50535.0,48802.8,31.93,32847.76,101.380,0.87093,,,,
3576,04/18/2026 15:06:44,26.75,11.17,9.34,26.68,109.828,50433.5,48716.9,31.87,32781.80,101.380,0.87945,,,,
3577,04/18/2026 15:08:44,26.73,10.97,9.17,26.66,109.741,50424.8,48729.6,31.87,32776.10,101.380,0.87083,,,,
3578,04/18/2026 15:10:44,26.72,10.96,9.17,26.65,109.896,50407.2,48721.7,31.87,32764.66,101.380,0.88622,,,,
3579,04/18/2026 15:12:44,26.72,11.08,9.27,26.66,109.948,50406.4,48708.8,31.86,32764.19,101.380,0.89139,,,,
3580,04/18/2026 15:14:44,26.71,10.88,9.10,26.64,109.724,50352.4,48671.7,31.83,32729.05,101.380,0.86908,,,,
3581,04/18/2026 15:16:44,26.70,10.79,9.02,26.62,109.844,50366.1,48709.1,31.86,32737.95,101.380,0.88100,,,,
3582,04/18/2026 15:18:44,26.67,10.70,8.94,26.60,109.791,50329.6,48692.0,31.85,32714.27,101.380,0.87580,,,,
3583,04/18/2026 15:20:44,26.66,10.64,8.90,26.58,109.911,50314.2,48695.2,31.85,32704.21,101.380,0.88774,,,,
3584,04/18/2026 15:22:44,26.65,10.68,8.93,26.58,109.963,50293.5,48678.3,31.83,32690.80,101.380,0.89287,,,,
3585,04/18/2026 15:24:44,26.64,10.72,8.96,26.58,109.705,50296.6,48678.3,31.83,32692.81,101.380,0.86718,,,,
3586,04/18/2026 15:26:44,26.64,10.68,8.93,26.58,109.774,50293.5,48678.3,31.83,32690.80,101.380,0.87403,,,,
3587,04/18/2026 15:28:44,26.63,10.67,8.92,26.58,109.946,50270.1,48658.6,31.82,32675.56,101.380,0.89115,,,,
3588,04/18/2026 15:30:44,26.63,10.74,8.98,26.58,110.014,50322.9,48709.8,31.86,32709.91,101.380,0.89800,,,,
3589,04/18/2026 15:32:44,26.64,10.71,8.95,26.58,109.842,50324.0,48710.8,31.86,32710.58,101.380,0.88087,,,,
3590,04/18/2026 15:34:44,26.63,10.70,8.95,26.58,109.791,50272.1,48660.6,31.82,32676.89,101.380,0.87573,,,,
3591,04/18/2026 15:36:44,26.64,10.69,8.94,26.57,110.049,50312.1,48702.3,31.85,32702.87,101.380,0.90141,,,,
3592,04/18/2026 15:38:44,26.63,10.71,8.96,26.58,109.928,50292.5,48680.3,31.84,32690.13,101.380,0.88943,,,,
3593,04/18/2026 15:40:44,26.63,10.74,8.98,26.59,109.929,50328.9,48706.4,31.86,32713.77,101.380,0.88946,,,,
3594,04/18/2026 15:42:44,26.64,10.83,9.06,26.60,109.740,50258.2,48623.0,31.79,32667.86,101.380,0.87066,,,,
3595,04/18/2026 15:44:44,26.65,10.83,9.06,26.61,109.981,50310.3,48664.3,31.83,32701.70,101.380,0.89467,,,,
3596,04/18/2026 15:46:44,26.66,10.89,9.10,26.61,109.947,50383.6,48735.2,31.88,32749.36,101.380,0.89125,,,,
3597,04/18/2026 15:48:44,26.67,10.76,9.00,26.61,110.119,50350.3,48706.0,31.86,32727.70,101.380,0.90837,,,,
3598,04/18/2026 15:50:44,26.66,10.60,8.87,26.60,110.222,50240.7,48612.1,31.79,32656.48,101.380,0.91861,,,,
3599,04/18/2026 15:52:44,26.66,10.51,8.79,26.60,110.101,50249.5,48611.5,31.79,32662.17,101.380,0.90664,,,,
3600,04/18/2026 15:54:44,26.67,10.81,9.04,26.61,110.015,50330.7,48684.0,31.84,32714.94,101.380,0.89810,,,,
3601,04/18/2026 15:56:44,26.66,10.74,8.98,26.61,109.878,50391.4,48745.7,31.88,32754.40,101.380,0.88438,,,,
3602,04/18/2026 15:58:44,26.66,10.50,8.78,26.60,109.740,50345.4,48707.3,31.86,32724.50,101.380,0.87066,,,,
3603,04/18/2026 16:00:44,26.65,10.55,8.82,26.60,110.015,50359.1,48726.6,31.87,32733.40,101.380,0.89805,,,,
3604,04/18/2026 16:02:44,26.66,10.50,8.78,26.59,109.980,50378.7,48748.6,31.89,32746.17,101.380,0.89462,,,,
3605,04/18/2026 16:04:44,26.65,10.67,8.91,26.59,110.015,50439.5,48813.5,31.93,32785.69,101.380,0.89803,,,,
3606,04/18/2026 16:06:44,26.65,10.76,8.99,26.59,110.049,50537.1,48901.9,32.00,32849.14,101.380,0.90147,,,,
3607,04/18/2026 16:08:44,26.65,10.74,8.97,26.60,110.049,50644.6,49002.9,32.07,32919.01,101.380,0.90148,,,,
3608,04/18/2026 16:10:44,26.65,10.71,8.94,26.59,110.032,50730.2,49094.8,32.14,32974.63,101.380,0.89974,,,,
3609,04/18/2026 16:12:44,26.64,10.74,8.96,26.58,110.015,50909.0,49270.9,32.27,33090.83,101.380,0.89802,,,,
3610,04/18/2026 16:14:44,26.63,10.73,8.94,26.58,109.980,50976.5,49339.3,32.32,33134.71,101.380,0.89458,,,,
3611,04/18/2026 16:16:44,26.63,10.67,8.89,26.56,109.911,51057.0,49435.6,32.39,33187.05,101.380,0.88768,,,,
3612,04/18/2026 16:18:44,26.61,10.71,8.92,26.55,109.876,51152.9,49537.8,32.46,33249.41,101.380,0.88422,,,,
3613,04/18/2026 16:20:44,26.61,10.59,8.82,26.54,109.944,51224.4,49622.4,32.53,33295.84,101.380,0.89103,,,,
3614,04/18/2026 16:22:44,26.58,10.40,8.66,26.50,109.961,51317.5,49746.6,32.62,33356.35,101.380,0.89264,,,,
3615,04/18/2026 16:24:44,26.56,10.27,8.54,26.48,110.012,51335.0,49785.3,32.64,33367.77,101.380,0.89772,,,,
3616,04/18/2026 16:26:44,26.54,10.16,8.45,26.47,110.166,51397.8,49861.7,32.70,33408.59,101.380,0.91309,,,,
3617,04/18/2026 16:28:44,26.53,10.15,8.44,26.46,109.977,51466.6,49934.6,32.75,33453.30,101.380,0.89423,,,,
3618,04/18/2026 16:30:44,26.51,10.12,8.42,26.46,109.890,51435.2,49907.3,32.73,33432.89,101.380,0.88566,,,,
3619,04/18/2026 16:32:44,26.51,10.12,8.42,26.46,109.942,51482.4,49953.1,32.77,33463.57,101.380,0.89079,,,,
3620,04/18/2026 16:34:44,26.52,10.16,8.45,26.46,109.994,51493.1,49960.3,32.77,33470.51,101.380,0.89594,,,,
3621,04/18/2026 16:36:44,26.51,10.16,8.44,26.46,109.735,51524.6,49994.0,32.80,33490.98,101.380,0.87024,,,,
3622,04/18/2026 16:38:44,26.51,10.27,8.54,26.46,109.925,51592.2,50053.3,32.84,33534.90,101.380,0.88910,,,,
3623,04/18/2026 16:40:44,26.52,10.31,8.57,26.47,109.960,51570.4,50029.1,32.82,33520.78,101.380,0.89253,,,,
3624,04/18/2026 16:42:44,26.52,10.29,8.55,26.46,110.063,51659.1,50118.2,32.89,33578.39,101.380,0.90280,,,,
3625,04/18/2026 16:44:44,26.53,10.21,8.49,26.45,109.873,51629.4,50105.0,32.88,33559.08,101.380,0.88391,,,,
3626,04/18/2026 16:46:44,26.50,10.11,8.40,26.44,109.804,51688.8,50172.1,32.93,33597.72,101.380,0.87704,,,,
3627,04/18/2026 16:48:44,26.50,10.05,8.35,26.43,109.700,51677.3,50173.4,32.93,33590.24,101.380,0.86672,,,,
3628,04/18/2026 16:50:44,26.50,10.02,8.32,26.43,109.855,51750.8,50244.7,32.98,33638.01,101.380,0.88214,,,,
3629,04/18/2026 16:52:44,26.49,9.96,8.28,26.42,109.545,51723.7,50227.9,32.97,33620.42,101.380,0.85128,,,,
3630,04/18/2026 16:54:44,26.49,9.91,8.23,26.41,109.803,51730.1,50240.3,32.98,33624.57,101.380,0.87696,,,,
3631,04/18/2026 16:56:44,26.47,9.84,8.17,26.40,109.630,51776.6,50298.0,33.02,33654.82,101.380,0.85979,,,,
3632,04/18/2026 16:58:44,26.46,9.73,8.08,26.38,109.544,51800.1,50339.6,33.05,33670.07,101.380,0.85117,,,,
3633,04/18/2026 17:00:44,26.44,9.61,7.98,26.36,109.681,51819.6,50380.6,33.08,33682.76,101.380,0.86481,,,,
3634,04/18/2026 17:02:44,26.42,9.53,7.91,26.35,109.457,51816.9,50387.3,33.08,33680.96,101.380,0.84252,,,,
3635,04/18/2026 17:04:44,26.42,9.42,7.82,26.34,109.405,51893.5,50477.6,33.15,33730.79,101.380,0.83734,,,,
3636,04/18/2026 17:06:44,26.40,9.34,7.75,26.33,109.404,51876.7,50470.7,33.14,33719.86,101.380,0.83731,,,,
3637,04/18/2026 17:08:44,26.39,9.33,7.74,26.32,109.611,51891.1,50487.8,33.15,33729.20,101.380,0.85785,,,,
3638,04/18/2026 17:10:44,26.39,9.37,7.77,26.34,109.508,51970.7,50552.6,33.20,33780.93,101.380,0.84761,,,,
3639,04/18/2026 17:12:44,26.40,9.39,7.79,26.34,109.577,51971.9,50547.5,33.20,33781.74,101.380,0.85448,,,,
3640,04/18/2026 17:14:44,26.39,9.32,7.73,26.33,109.353,52005.7,50596.1,33.23,33803.68,101.380,0.83217,,,,
3641,04/18/2026 17:16:44,26.39,9.26,7.68,26.31,109.404,51961.5,50565.8,33.21,33774.96,101.380,0.83727,,,,
3642,04/18/2026 17:18:44,26.38,9.20,7.63,26.31,109.438,51990.0,50603.0,33.24,33793.51,101.380,0.84067,,,,
3643,04/18/2026 17:20:44,26.36,9.14,7.58,26.29,109.352,51985.1,50617.1,33.25,33790.31,101.380,0.83205,,,,
3644,04/18/2026 17:22:44,26.35,9.12,7.56,26.28,109.334,52010.9,50648.6,33.27,33807.07,101.380,0.83032,,,,
3645,04/18/2026 17:24:44,26.34,9.09,7.54,26.27,109.300,52006.0,50650.1,33.27,33803.87,101.380,0.82688,,,,
3646,04/18/2026 17:26:44,26.33,9.05,7.50,26.27,109.196,52038.5,50685.0,33.30,33825.04,101.380,0.81659,,,,
3647,04/18/2026 17:28:44,26.33,9.04,7.49,26.26,109.247,52053.0,50711.7,33.32,33834.42,101.380,0.82169,,,,
3648,04/18/2026 17:30:44,26.33,9.02,7.48,26.26,108.903,52036.0,50698.4,33.31,33823.43,101.380,0.78743,,,,
3649,04/18/2026 17:32:44,26.32,9.00,7.46,26.25,109.316,52037.3,50705.9,33.31,33824.23,101.380,0.82852,,,,
3650,04/18/2026 17:34:44,26.31,8.98,7.44,26.24,109.127,52016.4,50691.9,33.30,33810.66,101.380,0.80966,,,,
3651,04/18/2026 17:36:44,26.31,8.94,7.41,26.24,109.247,52018.9,50697.4,33.31,33812.27,101.380,0.82164,,,,
3652,04/18/2026 17:38:44,26.30,8.90,7.38,26.24,109.316,52041.3,50722.4,33.32,33826.82,101.380,0.82848,,,,
3653,04/18/2026 17:40:44,26.30,8.87,7.35,26.23,109.264,52007.2,50695.6,33.30,33804.67,101.380,0.82333,,,,
3654,04/18/2026 17:42:44,26.29,8.82,7.31,26.23,108.920,52068.7,50755.5,33.35,33844.63,101.380,0.78907,,,,
3655,04/18/2026 17:44:44,26.28,8.78,7.28,26.22,108.850,51986.3,50687.9,33.30,33791.11,101.380,0.78218,,,,
3656,04/18/2026 17:46:44,26.28,8.73,7.23,26.22,108.988,52054.5,50757.5,33.35,33835.41,101.380,0.79588,,,,
3657,04/18/2026 17:48:44,26.28,8.70,7.21,26.21,109.126,51981.1,50689.1,33.30,33787.71,101.380,0.80957,,,,
3658,04/18/2026 17:50:44,26.27,8.65,7.17,26.20,109.056,51990.3,50710.8,33.31,33793.70,101.380,0.80268,,,,
3659,04/18/2026 17:52:44,26.26,8.61,7.14,26.20,108.833,51948.6,50670.1,33.28,33766.59,101.380,0.78042,,,,
3660,04/18/2026 17:54:44,26.26,8.58,7.11,26.17,109.193,51908.2,50662.3,33.28,33740.33,101.380,0.81630,,,,
3661,04/18/2026 17:56:44,26.23,8.59,7.12,26.14,108.865,51868.2,50654.9,33.27,33714.32,101.380,0.78366,,,,
3662,04/18/2026 17:58:44,26.21,8.59,7.12,26.12,108.813,51914.6,50719.3,33.32,33744.50,101.380,0.77847,,,,
3663,04/18/2026 18:00:44,26.19,8.58,7.11,26.12,108.916,51909.4,50720.6,33.32,33741.13,101.380,0.78873,,,,
3664,04/18/2026 18:02:44,26.18,8.57,7.11,26.11,108.830,51889.5,50710.6,33.31,33728.20,101.380,0.78014,,,,
3665,04/18/2026 18:04:44,26.17,8.59,7.11,26.09,108.778,51918.6,50751.8,33.34,33747.09,101.380,0.77497,,,,
3666,04/18/2026 18:06:44,26.16,8.57,7.10,26.08,108.640,51911.9,50757.9,33.34,33742.72,101.380,0.76123,,,,
3667,04/18/2026 18:08:44,26.14,8.53,7.07,26.08,108.502,51900.3,50752.9,33.34,33735.17,101.380,0.74751,,,,
3668,04/18/2026 18:10:44,26.13,8.49,7.03,26.06,108.433,51893.8,50759.3,33.34,33730.99,101.380,0.74062,,,,
3669,04/18/2026 18:12:44,26.12,8.45,7.00,26.06,108.570,51906.7,50775.0,33.36,33739.34,101.380,0.75431,,,,
3670,04/18/2026 18:14:44,26.12,8.44,6.99,26.05,108.587,51923.5,50804.2,33.38,33750.27,101.380,0.75599,,,,
3671,04/18/2026 18:16:44,26.11,8.40,6.96,26.04,108.466,51899.0,50786.6,33.36,33734.37,101.380,0.74398,,,,
3672,04/18/2026 18:18:44,26.10,8.37,6.93,26.04,108.587,51882.2,50776.5,33.36,33723.44,101.380,0.75596,,,,
3673,04/18/2026 18:20:44,26.10,8.37,6.93,26.03,108.345,51907.9,50811.2,33.38,33740.13,101.380,0.73195,,,,
3674,04/18/2026 18:22:44,26.09,8.27,6.85,26.02,108.345,51901.5,50808.1,33.38,33735.96,101.380,0.73194,,,,
3675,04/18/2026 18:24:44,26.08,8.26,6.84,26.02,108.294,51904.2,50814.0,33.38,33737.75,101.380,0.72679,,,,
3676,04/18/2026 18:26:44,26.08,8.22,6.81,26.02,108.362,51878.3,50788.5,33.36,33720.86,101.380,0.73364,,,,
3677,04/18/2026 18:28:44,26.08,8.21,6.80,26.02,108.018,51899.0,50815.2,33.38,33734.37,101.380,0.69937,,,,
3678,04/18/2026 18:30:44,26.07,8.08,6.69,26.02,108.035,51899.0,50812.0,33.38,33734.37,101.380,0.70109,,,,
3679,04/18/2026 18:32:44,26.07,8.07,6.69,26.02,108.138,51903.0,50819.1,33.39,33736.95,101.380,0.71136,,,,
3680,04/18/2026 18:34:44,26.07,8.00,6.63,26.02,108.173,51965.5,50880.3,33.43,33777.55,101.380,0.71479,,,,
3681,04/18/2026 18:36:44,26.07,7.98,6.61,26.01,107.914,51907.9,50830.3,33.39,33740.13,101.380,0.68908,,,,
3682,04/18/2026 18:38:44,26.07,7.93,6.57,26.01,108.035,51904.2,50829.9,33.39,33737.75,101.380,0.70106,,,,
3683,04/18/2026 18:40:44,26.07,7.89,6.53,26.00,108.069,51918.6,50850.3,33.41,33747.09,101.380,0.70446,,,,
3684,04/18/2026 18:42:44,26.06,7.89,6.53,26.00,107.966,51931.5,50866.1,33.42,33755.45,101.380,0.69418,,,,
3685,04/18/2026 18:44:44,26.06,7.85,6.50,25.99,107.828,51949.8,50887.3,33.44,33767.39,101.380,0.68047,,,,
3686,04/18/2026 18:46:44,26.06,7.81,6.47,25.99,107.879,51879.5,50821.6,33.39,33721.66,101.380,0.68560,,,,
3687,04/18/2026 18:48:44,26.06,7.73,6.40,25.99,107.948,51828.8,50778.3,33.35,33688.71,101.380,0.69243,,,,
3688,04/18/2026 18:50:44,26.04,7.63,6.32,25.99,107.724,51848.3,50797.4,33.37,33701.41,101.380,0.67016,,,,
3689,04/18/2026 18:52:44,26.04,7.50,6.21,25.98,107.914,51827.6,50783.4,33.36,33687.93,101.380,0.68899,,,,
3690,04/18/2026 18:54:44,26.04,7.46,6.18,25.98,107.707,51859.9,50818.3,33.38,33708.95,101.380,0.66842,,,,
3691,04/18/2026 18:56:44,26.03,7.60,6.29,25.96,107.775,51814.4,50789.7,33.36,33679.39,101.380,0.67523,,,,
3692,04/18/2026 18:58:44,26.02,7.66,6.35,25.92,107.791,51720.1,50735.4,33.32,33618.09,101.380,0.67684,,,,
3693,04/18/2026 19:00:44,26.00,7.71,6.39,25.91,107.584,51739.2,50766.9,33.34,33630.50,101.380,0.65625,,,,
3694,04/18/2026 19:02:44,25.97,7.68,6.36,25.90,107.756,51717.4,50761.3,33.34,33616.29,101.380,0.67333,,,,
3695,04/18/2026 19:04:44,25.96,7.61,6.30,25.90,107.722,51696.7,50741.0,33.32,33602.87,101.380,0.66991,,,,
3696,04/18/2026 19:06:44,25.96,7.60,6.30,25.88,107.515,51762.7,50818.5,33.38,33645.74,101.380,0.64932,,,,
3697,04/18/2026 19:08:44,25.94,7.55,6.25,25.88,107.480,51824.8,50879.5,33.43,33686.13,101.380,0.64589,,,,
3698,04/18/2026 19:10:44,25.94,7.45,6.17,25.88,107.704,51777.0,50835.7,33.39,33655.04,101.380,0.66815,,,,
3699,04/18/2026 19:12:44,25.94,7.35,6.09,25.88,107.480,51818.4,50873.2,33.42,33681.97,101.380,0.64589,,,,
3700,04/18/2026 19:14:44,25.94,7.26,6.01,25.88,107.515,51797.7,50852.9,33.41,33668.50,101.380,0.64932,,,,
3701,04/18/2026 19:16:44,25.94,7.19,5.95,25.88,107.411,51782.2,50844.0,33.40,33658.41,101.380,0.63902,,,,
3702,04/18/2026 19:18:44,25.93,7.12,5.89,25.88,107.256,51808.1,50869.4,33.42,33675.23,101.380,0.62361,,,,
3703,04/18/2026 19:20:44,25.94,7.05,5.84,25.88,107.325,51751.1,50813.6,33.38,33638.23,101.380,0.63046,,,,
3704,04/18/2026 19:22:44,25.94,6.96,5.77,25.88,107.343,51814.4,50872.5,33.42,33679.39,101.380,0.63218,,,,
3705,04/18/2026 19:24:44,25.94,6.88,5.70,25.88,107.601,51813.6,50871.7,33.42,33678.82,101.380,0.65787,,,,
3706,04/18/2026 19:26:44,25.94,6.82,5.65,25.88,107.360,51746.0,50808.5,33.37,33634.87,101.380,0.63389,,,,
3707,04/18/2026 19:28:44,25.94,6.78,5.62,25.88,107.273,51777.0,50842.2,33.40,33655.04,101.380,0.62531,,,,
3708,04/18/2026 19:30:44,25.93,6.76,5.60,25.87,107.256,51770.6,50845.5,33.40,33650.89,101.380,0.62357,,,,
3709,04/18/2026 19:32:44,25.92,6.68,5.53,25.86,107.118,51753.5,50835.1,33.39,33639.80,101.380,0.60985,,,,
3710,04/18/2026 19:34:44,25.92,6.60,5.47,25.86,106.894,51761.5,50846.1,33.40,33644.96,101.380,0.58758,,,,
3711,04/18/2026 19:36:44,25.91,6.55,5.42,25.85,107.101,51760.3,50854.5,33.41,33644.17,101.380,0.60810,,,,
3712,04/18/2026 19:38:44,25.91,6.50,5.38,25.85,107.014,51778.2,50875.2,33.42,33655.82,101.380,0.59953,,,,
3713,04/18/2026 19:40:44,25.91,6.45,5.34,25.84,106.894,51720.6,50821.9,33.38,33618.39,101.380,0.58753,,,,
3714,04/18/2026 19:42:44,25.91,6.41,5.30,25.84,107.049,51755.6,50862.6,33.41,33641.13,101.380,0.60293,,,,
3715,04/18/2026 19:44:44,25.90,6.34,5.25,25.83,106.911,51716.2,50830.3,33.39,33615.51,101.380,0.58921,,,,
3716,04/18/2026 19:46:44,25.88,6.31,5.23,25.82,106.893,51730.1,50853.5,33.40,33624.57,101.380,0.58747,,,,
3717,04/18/2026 19:48:44,25.87,6.29,5.21,25.81,106.686,51717.4,50853.8,33.40,33616.29,101.380,0.56688,,,,
3718,04/18/2026 19:50:44,25.87,6.25,5.18,25.81,106.772,51712.2,50851.9,33.40,33612.93,101.380,0.57544,,,,
3719,04/18/2026 19:52:44,25.87,6.21,5.15,25.80,106.755,51716.2,50859.0,33.41,33615.51,101.380,0.57372,,,,
3720,04/18/2026 19:54:44,25.86,6.18,5.11,25.79,106.858,51678.9,50831.9,33.39,33591.26,101.380,0.58397,,,,
3721,04/18/2026 19:56:44,25.85,6.11,5.06,25.78,106.771,51712.2,50880.7,33.42,33612.93,101.380,0.57536,,,,
3722,04/18/2026 19:58:44,25.85,6.05,5.01,25.78,106.479,51623.4,50786.9,33.35,33555.21,101.380,0.54626,,,,
3723,04/18/2026 20:00:44,25.85,5.99,4.96,25.78,106.565,51645.2,50811.6,33.37,33569.37,101.380,0.55482,,,,
3724,04/18/2026 20:02:44,25.84,5.96,4.93,25.77,106.719,51704.6,50886.0,33.42,33608.02,101.380,0.57019,,,,
3725,04/18/2026 20:04:44,25.83,5.93,4.91,25.76,106.582,51665.8,50851.0,33.40,33582.76,101.380,0.55648,,,,
3726,04/18/2026 20:06:44,25.82,5.91,4.89,25.75,106.512,51687.6,50882.0,33.42,33596.94,101.380,0.54960,,,,
3727,04/18/2026 20:08:44,25.82,5.87,4.86,25.75,106.426,51619.1,50817.8,33.37,33552.38,101.380,0.54103,,,,
3728,04/18/2026 20:10:44,25.81,5.85,4.85,25.74,106.477,51627.4,50841.9,33.39,33557.79,101.380,0.54612,,,,
3729,04/18/2026 20:12:44,25.79,5.82,4.82,25.73,106.408,51548.7,50770.8,33.34,33506.66,101.380,0.53925,,,,
3730,04/18/2026 20:14:44,25.79,5.80,4.81,25.73,106.357,51572.8,50797.8,33.36,33522.31,101.380,0.53410,,,,
3731,04/18/2026 20:16:44,25.78,5.80,4.81,25.72,106.460,51591.0,50822.1,33.38,33534.13,101.380,0.54436,,,,
3732,04/18/2026 20:18:44,25.78,5.80,4.80,25.71,106.477,51564.1,50802.0,33.36,33516.67,101.380,0.54606,,,,
3733,04/18/2026 20:20:44,25.77,5.73,4.74,25.71,106.339,51587.4,50824.9,33.38,33531.82,101.380,0.53236,,,,
3734,04/18/2026 20:22:44,25.77,5.69,4.71,25.71,106.167,51583.5,50824.3,33.38,33529.25,101.380,0.51522,,,,
3735,04/18/2026 20:24:44,25.76,5.61,4.64,25.71,106.236,51602.8,50849.7,33.40,33541.85,101.380,0.52205,,,,
3736,04/18/2026 20:26:44,25.76,5.65,4.68,25.70,106.149,51579.5,50836.4,33.39,33526.69,101.380,0.51346,,,,
3737,04/18/2026 20:28:44,25.75,5.62,4.66,25.69,106.063,51577.2,50837.2,33.39,33525.15,101.380,0.50489,,,,
3738,04/18/2026 20:30:44,25.75,5.61,4.64,25.69,106.183,51571.6,50835.0,33.38,33521.54,101.380,0.51687,,,,
3739,04/18/2026 20:32:44,25.74,5.53,4.58,25.69,106.149,51572.0,50838.6,33.39,33521.81,101.380,0.51344,,,,
3740,04/18/2026 20:34:44,25.74,5.48,4.53,25.69,106.011,51529.4,50793.3,33.35,33494.10,101.380,0.49974,,,,
3741,04/18/2026 20:36:44,25.74,5.47,4.53,25.67,106.200,51561.3,50847.2,33.39,33514.87,101.380,0.51852,,,,
3742,04/18/2026 20:38:44,25.74,5.46,4.52,25.67,106.166,51555.0,50844.2,33.39,33510.77,101.380,0.51509,,,,
3743,04/18/2026 20:40:44,25.72,5.44,4.51,25.66,105.976,51564.1,50856.4,33.40,33516.67,101.380,0.49624,,,,
3744,04/18/2026 20:42:44,25.71,5.46,4.52,25.65,105.976,51508.9,50811.5,33.36,33480.78,101.380,0.49621,,,,
3745,04/18/2026 20:44:44,25.71,5.44,4.50,25.65,106.010,51521.9,50830.7,33.38,33489.24,101.380,0.49962,,,,
3746,04/18/2026 20:46:44,25.71,5.43,4.49,25.64,105.941,51533.3,50845.2,33.39,33496.66,101.380,0.49276,,,,
3747,04/18/2026 20:48:44,25.70,5.44,4.50,25.64,106.010,51533.3,50851.6,33.39,33496.66,101.380,0.49960,,,,
3748,04/18/2026 20:50:44,25.70,5.43,4.49,25.64,105.958,51537.3,50855.5,33.40,33499.23,101.380,0.49446,,,,
3749,04/18/2026 20:52:44,25.70,5.33,4.41,25.65,106.010,51581.9,50889.9,33.42,33528.22,101.380,0.49962,,,,
3750,04/18/2026 20:54:44,25.71,5.29,4.38,25.65,105.976,51506.1,50811.9,33.36,33478.97,101.380,0.49621,,,,
3751,04/18/2026 20:56:44,25.70,5.12,4.24,25.65,105.907,51574.4,50879.3,33.41,33523.34,101.380,0.48935,,,,
3752,04/18/2026 20:58:44,25.71,5.19,4.30,25.65,105.890,51570.4,50878.6,33.41,33520.78,101.380,0.48763,,,,
3753,04/18/2026 21:00:44,25.71,5.15,4.26,25.64,105.941,51544.8,50866.1,33.40,33504.10,101.380,0.49274,,,,
3754,04/18/2026 21:02:44,25.70,5.13,4.25,25.64,106.010,51545.9,50867.3,33.41,33504.86,101.380,0.49959,,,,
3755,04/18/2026 21:04:44,25.69,5.09,4.22,25.64,105.924,51547.5,50868.8,33.41,33505.90,101.380,0.49102,,,,
3756,04/18/2026 21:06:44,25.69,5.04,4.17,25.63,105.889,51486.1,50811.3,33.36,33465.93,101.380,0.48759,,,,
3757,04/18/2026 21:08:44,25.69,4.98,4.12,25.64,106.010,51545.9,50864.0,33.40,33504.86,101.380,0.49960,,,,
3758,04/18/2026 21:10:44,25.70,4.87,4.03,25.65,105.907,51614.3,50921.9,33.45,33549.30,101.380,0.48935,,,,
3759,04/18/2026 21:12:44,25.71,4.73,3.91,25.65,105.993,51593.7,50895.2,33.43,33535.93,101.380,0.49793,,,,
3760,04/18/2026 21:14:44,25.71,4.71,3.90,25.65,105.924,51542.4,50847.8,33.39,33502.56,101.380,0.49107,,,,
3761,04/18/2026 21:16:44,25.71,4.58,3.79,25.66,106.045,51633.7,50928.2,33.45,33561.90,101.380,0.50308,,,,
3762,04/18/2026 21:18:44,25.72,4.63,3.84,25.67,105.890,51569.7,50858.6,33.40,33520.27,101.380,0.48768,,,,
3763,04/18/2026 21:20:44,25.72,4.82,3.99,25.67,105.959,51613.1,50898.3,33.43,33548.53,101.380,0.49454,,,,
3764,04/18/2026 21:22:44,25.73,4.83,4.00,25.68,105.873,51672.5,50944.0,33.46,33587.14,101.380,0.48602,,,,
3765,04/18/2026 21:24:44,25.74,4.83,4.00,25.70,105.891,51697.1,50952.3,33.47,33603.11,101.380,0.48777,,,,
3766,04/18/2026 21:26:44,25.76,4.79,3.97,25.71,105.788,51684.0,50929.7,33.45,33594.61,101.380,0.47752,,,,
3767,04/18/2026 21:28:44,25.76,4.69,3.88,25.71,105.943,51688.0,50927.2,33.45,33597.18,101.380,0.49295,,,,
3768,04/18/2026 21:30:44,25.76,4.62,3.83,25.70,105.908,51663.4,50912.6,33.44,33581.21,101.380,0.48950,,,,
3769,04/18/2026 21:32:44,25.76,4.69,3.88,25.71,105.960,51729.3,50974.3,33.49,33624.02,101.380,0.49465,,,,
3770,04/18/2026 21:34:44,25.76,4.70,3.89,25.70,105.839,51658.3,50910.8,33.44,33577.86,101.380,0.48264,,,,
3771,04/18/2026 21:36:44,25.76,4.61,3.82,25.69,105.874,51666.2,50928.2,33.45,33583.01,101.380,0.48604,,,,
3772,04/18/2026 21:38:44,25.73,4.97,4.12,25.65,105.907,51513.6,50819.3,33.37,33483.83,101.380,0.48935,,,,
3773,04/18/2026 21:40:44,25.70,4.53,3.75,25.64,105.803,51633.7,50953.9,33.47,33561.90,101.380,0.47904,,,,
3774,04/18/2026 21:42:44,25.68,4.55,3.76,25.62,105.854,51494.7,50832.7,33.38,33471.55,101.380,0.48413,,,,
3775,04/18/2026 21:44:44,25.67,4.42,3.66,25.60,105.802,51497.5,50854.6,33.39,33473.35,101.380,0.47894,,,,
3776,04/18/2026 21:46:44,25.65,4.49,3.72,25.58,105.836,51436.8,50813.9,33.36,33433.93,101.380,0.48231,,,,
3777,04/18/2026 21:48:44,25.65,4.29,3.56,25.60,105.819,51449.8,50807.6,33.36,33442.38,101.380,0.48065,,,,
3778,04/18/2026 21:50:44,25.64,4.80,3.98,25.60,105.871,51396.0,50760.8,33.32,33407.39,101.380,0.48577,,,,
3779,04/18/2026 21:52:44,25.61,5.39,4.46,25.54,105.869,51356.4,50776.1,33.33,33381.63,101.380,0.48563,,,,
3780,04/18/2026 21:54:44,25.60,5.45,4.51,25.55,105.835,51330.9,50744.5,33.31,33365.08,101.380,0.48222,,,,
3781,04/18/2026 21:56:44,25.60,5.40,4.47,25.56,105.801,51377.9,50781.4,33.34,33395.63,101.380,0.47882,,,,
3782,04/18/2026 21:58:44,25.60,5.04,4.17,25.57,105.887,51379.5,50773.3,33.33,33396.68,101.380,0.48741,,,,
3783,04/18/2026 22:00:44,25.61,5.19,4.30,25.57,105.836,51303.2,50694.7,33.27,33347.05,101.380,0.48228,,,,
3784,04/18/2026 22:02:44,25.61,5.35,4.43,25.56,105.904,51310.6,50718.0,33.29,33351.86,101.380,0.48909,,,,
3785,04/18/2026 22:04:44,25.60,5.80,4.80,25.54,105.852,51229.3,50656.9,33.25,33299.05,101.380,0.48390,,,,
3786,04/18/2026 22:06:44,25.57,5.68,4.70,25.52,105.834,51268.8,50715.0,33.29,33324.69,101.380,0.48213,,,,
3787,04/18/2026 22:08:44,25.58,5.28,4.37,25.53,105.817,51333.2,50766.0,33.33,33366.58,101.380,0.48045,,,,
3788,04/18/2026 22:10:44,25.59,5.09,4.22,25.55,105.852,51301.5,50718.7,33.29,33345.99,101.380,0.48392,,,,
3789,04/18/2026 22:12:44,25.61,5.01,4.15,25.56,105.887,51334.4,50735.1,33.30,33367.33,101.380,0.48739,,,,
3790,04/18/2026 22:14:44,25.61,5.10,4.22,25.56,105.784,51374.9,50778.4,33.34,33393.67,101.380,0.47710,,,,
3791,04/18/2026 22:16:44,25.63,5.36,4.44,25.57,105.767,51360.3,50754.4,33.32,33384.19,101.380,0.47542,,,,
3792,04/18/2026 22:18:44,25.63,5.23,4.33,25.57,105.750,51392.0,50782.5,33.34,33404.82,101.380,0.47371,,,,
3793,04/18/2026 22:20:44,25.62,5.37,4.44,25.56,105.766,51364.2,50771.1,33.33,33386.75,101.380,0.47538,,,,
3794,04/18/2026 22:22:44,25.62,5.38,4.46,25.56,105.749,51352.4,50756.2,33.32,33379.07,101.380,0.47368,,,,
3795,04/18/2026 22:24:44,25.60,5.59,4.63,25.52,105.748,51297.6,50743.6,33.31,33343.43,101.380,0.47357,,,,
3796,04/18/2026 22:26:44,25.58,5.72,4.73,25.50,105.696,51281.2,50743.3,33.31,33332.78,101.380,0.46839,,,,
3797,04/18/2026 22:28:44,25.56,5.88,4.87,25.48,105.713,51218.7,50703.9,33.28,33292.13,101.380,0.47004,,,,
3798,04/18/2026 22:30:44,25.54,5.91,4.89,25.47,105.712,51215.9,50720.3,33.29,33290.32,101.380,0.46999,,,,
3799,04/18/2026 22:32:44,25.52,5.95,4.93,25.45,105.729,51160.2,50681.1,33.26,33254.12,101.380,0.47166,,,,
3800,04/18/2026 22:34:44,25.51,5.92,4.90,25.44,105.712,51186.7,50713.8,33.28,33271.37,101.380,0.46992,,,,
3801,04/18/2026 22:36:44,25.51,5.90,4.88,25.45,105.746,51087.8,50612.6,33.21,33207.07,101.380,0.47336,,,,
3802,04/18/2026 22:38:44,25.50,6.23,5.17,25.40,105.745,50771.3,50346.8,33.01,33001.36,101.380,0.47323,,,,
3803,04/18/2026 22:40:44,25.48,5.90,4.88,25.42,105.694,51052.5,50609.6,33.21,33184.14,101.380,0.46814,,,,
3804,04/18/2026 22:42:44,25.48,5.90,4.89,25.43,105.745,51068.8,50616.1,33.21,33194.70,101.380,0.47330,,,,
3805,04/18/2026 22:44:44,25.48,6.04,5.00,25.42,105.763,51046.4,50597.1,33.20,33180.13,101.380,0.47500,,,,
3806,04/18/2026 22:46:44,25.48,5.83,4.83,25.43,105.711,51046.4,50590.7,33.19,33180.13,101.380,0.46988,,,,
3807,04/18/2026 22:48:44,25.48,5.84,4.84,25.44,105.711,51074.4,50608.9,33.21,33198.33,101.380,0.46991,,,,
3808,04/18/2026 22:50:44,25.50,5.81,4.81,25.44,105.763,51018.4,50553.5,33.16,33161.96,101.380,0.47505,,,,
3809,04/18/2026 22:52:44,25.49,5.86,4.85,25.43,105.763,50949.2,50488.1,33.12,33116.96,101.380,0.47504,,,,
3810,04/18/2026 22:54:44,25.46,6.31,5.23,25.37,105.761,50887.3,50500.1,33.12,33076.75,101.380,0.47484,,,,
3811,04/18/2026 22:56:44,25.46,5.76,4.78,25.42,105.814,50964.2,50515.7,33.14,33126.75,101.380,0.48014,,,,
3812,04/18/2026 22:58:44,25.46,5.59,4.63,25.43,105.815,51051.4,50589.4,33.19,33183.41,101.380,0.48018,,,,
3813,04/18/2026 23:00:44,25.49,5.51,4.57,25.44,105.798,51034.6,50563.1,33.17,33172.50,101.380,0.47849,,,,
3814,04/18/2026 23:02:44,25.50,5.47,4.53,25.46,105.764,51105.2,50620.3,33.21,33218.38,101.380,0.47510,,,,
3815,04/18/2026 23:04:44,25.51,5.45,4.51,25.45,105.746,51091.7,50610.1,33.21,33209.62,101.380,0.47338,,,,
3816,04/18/2026 23:06:44,25.51,5.41,4.49,25.46,105.781,51101.8,50616.9,33.21,33216.18,101.380,0.47681,,,,
3817,04/18/2026 23:08:44,25.51,5.39,4.47,25.46,105.746,51111.9,50623.7,33.22,33222.74,101.380,0.47339,,,,
3818,04/18/2026 23:10:44,25.51,5.38,4.45,25.46,105.781,51102.9,50611.7,33.21,33216.91,101.380,0.47683,,,,
3819,04/18/2026 23:12:44,25.51,5.36,4.44,25.46,105.798,51105.7,50614.4,33.21,33218.73,101.380,0.47854,,,,
3820,04/18/2026 23:14:44,25.51,5.29,4.38,25.46,105.764,51073.8,50582.8,33.19,33197.97,101.380,0.47511,,,,
3821,04/18/2026 23:16:44,25.52,5.28,4.38,25.47,105.764,51106.9,50606.0,33.20,33219.46,101.380,0.47514,,,,
3822,04/18/2026 23:18:44,25.53,5.29,4.39,25.47,105.799,51134.9,50630.5,33.22,33237.69,101.380,0.47858,,,,
3823,04/18/2026 23:20:44,25.54,5.26,4.36,25.49,105.747,51219.8,50698.6,33.27,33292.88,101.380,0.47348,,,,
3824,04/18/2026 23:22:44,25.55,5.22,4.32,25.50,105.747,51241.2,50713.4,33.29,33306.80,101.380,0.47350,,,,
3825,04/18/2026 23:24:44,25.55,5.22,4.33,25.50,105.817,51257.0,50722.5,33.29,33317.02,101.380,0.48037,,,,
3826,04/18/2026 23:26:44,25.56,5.27,4.37,25.50,105.782,51291.4,50753.4,33.32,33339.38,101.380,0.47695,,,,
3827,04/18/2026 23:28:44,25.56,5.35,4.43,25.49,105.902,51279.6,50754.5,33.32,33331.71,101.380,0.48890,,,,
3828,04/18/2026 23:30:44,25.55,5.40,4.47,25.49,105.799,51273.3,50748.4,33.31,33327.66,101.380,0.47863,,,,
3829,04/18/2026 23:32:44,25.55,5.38,4.45,25.50,105.816,51293.7,50765.3,33.32,33340.88,101.380,0.48035,,,,
3830,04/18/2026 23:34:44,25.55,5.34,4.42,25.50,105.816,51314.7,50786.1,33.34,33354.53,101.380,0.48035,,,,
3831,04/18/2026 23:36:44,25.55,5.33,4.41,25.49,105.833,51323.7,50801.4,33.35,33360.40,101.380,0.48204,,,,
3832,04/18/2026 23:38:44,25.54,5.41,4.48,25.48,105.816,51332.7,50823.2,33.37,33366.27,101.380,0.48030,,,,
3833,04/18/2026 23:40:44,25.52,5.40,4.47,25.47,105.798,51324.8,50821.8,33.36,33361.15,101.380,0.47857,,,,
3834,04/18/2026 23:42:44,25.53,5.40,4.47,25.47,105.833,51335.0,50831.9,33.37,33367.77,101.380,0.48199,,,,
3835,04/18/2026 23:44:44,25.53,5.35,4.43,25.47,105.867,51320.9,50821.1,33.36,33358.60,101.380,0.48541,,,,
3836,04/18/2026 23:46:44,25.53,5.31,4.39,25.47,105.936,51337.3,50837.4,33.38,33369.27,101.380,0.49226,,,,
3837,04/18/2026 23:48:44,25.53,5.28,4.37,25.47,105.953,51382.1,50878.5,33.41,33398.34,101.380,0.49398,,,,
3838,04/18/2026 23:50:44,25.52,5.23,4.33,25.47,105.902,51333.9,50834.0,33.37,33367.02,101.380,0.48883,,,,
3839,04/18/2026 23:52:44,25.52,5.22,4.32,25.46,105.953,51266.1,50773.3,33.33,33322.98,101.380,0.49396,,,,
3840,04/18/2026 23:54:44,25.51,5.21,4.32,25.46,105.970,51343.6,50856.4,33.39,33373.33,101.380,0.49565,,,,
3841,04/18/2026 23:56:44,25.51,5.13,4.25,25.45,105.936,51305.2,50821.6,33.36,33348.35,101.380,0.49222,,,,
3842,04/18/2026 23:58:44,25.51,5.14,4.26,25.45,105.987,51259.4,50779.4,33.33,33318.60,101.380,0.49735,,,,
3843,04/19/2026 00:00:44,25.50,5.18,4.29,25.44,105.987,51344.8,50876.8,33.40,33374.09,101.380,0.49731,,,,
3844,04/19/2026 00:02:44,25.49,5.18,4.29,25.43,106.004,51241.9,50778.1,33.33,33307.22,101.380,0.49902,,,,
3845,04/19/2026 00:04:44,25.48,5.41,4.49,25.40,105.969,51004.4,50577.9,33.18,33152.86,101.380,0.49550,,,,
3846,04/19/2026 00:06:44,25.47,5.15,4.27,25.41,106.038,51195.7,50754.8,33.31,33277.22,101.380,0.50238,,,,
3847,04/19/2026 00:08:44,25.46,5.03,4.17,25.41,106.055,51212.1,50774.2,33.33,33287.84,101.380,0.50409,,,,
3848,04/19/2026 00:10:44,25.46,5.02,4.16,25.40,106.123,51127.1,50702.8,33.27,33232.63,101.380,0.51090,,,,
3849,04/19/2026 00:12:44,25.45,5.01,4.15,25.37,106.123,51189.5,50793.6,33.34,33273.18,101.380,0.51082,,,,
3850,04/19/2026 00:14:44,25.44,5.09,4.22,25.38,106.088,51097.9,50693.1,33.26,33213.66,101.380,0.50742,,,,
3851,04/19/2026 00:16:44,25.44,5.02,4.15,25.39,106.140,51120.9,50709.5,33.28,33228.61,101.380,0.51258,,,,
3852,04/19/2026 00:18:44,25.44,4.97,4.12,25.38,106.123,51109.2,50701.0,33.27,33220.96,101.380,0.51086,,,,
3853,04/19/2026 00:20:44,25.44,4.80,3.98,25.39,106.158,51152.4,50740.7,33.30,33249.07,101.380,0.51429,,,,
3854,04/19/2026 00:22:44,25.44,4.75,3.94,25.39,106.158,51072.7,50661.6,33.24,33197.25,101.380,0.51429,,,,
3855,04/19/2026 00:24:44,25.45,4.76,3.94,25.38,106.174,51108.0,50706.3,33.27,33220.22,101.380,0.51598,,,,
3856,04/19/2026 00:26:44,25.44,4.75,3.94,25.40,106.175,51143.4,50722.2,33.29,33243.23,101.380,0.51603,,,,
3857,04/19/2026 00:28:44,25.43,4.95,4.10,25.37,106.243,51085.0,50686.7,33.26,33205.28,101.380,0.52282,,,,
3858,04/19/2026 00:30:44,25.42,5.39,4.47,25.33,106.259,50644.4,50297.2,32.97,32918.84,101.380,0.52440,,,,
3859,04/19/2026 00:32:44,25.37,5.72,4.75,25.26,106.292,50551.3,50277.8,32.95,32858.33,101.380,0.52763,,,,
3860,04/19/2026 00:34:44,25.37,5.32,4.41,25.29,106.275,50905.6,50598.2,33.19,33088.62,101.380,0.52600,,,,
3861,04/19/2026 00:36:44,25.36,6.06,5.03,25.23,106.205,50373.4,50129.5,32.84,32742.69,101.380,0.51899,,,,
3862,04/19/2026 00:38:44,25.29,6.64,5.52,25.13,106.288,49909.9,49772.3,32.58,32441.45,101.380,0.52727,,,,
3863,04/19/2026 00:40:44,25.21,7.05,5.87,25.03,106.251,49457.1,49421.0,32.31,32147.13,101.380,0.52357,,,,
3864,04/19/2026 00:42:44,25.15,7.11,5.92,24.99,106.249,49183.1,49194.1,32.15,31968.99,101.380,0.52344,,,,
3865,04/19/2026 00:44:44,25.16,6.44,5.35,25.08,106.304,50039.6,49955.5,32.71,32525.77,101.380,0.52884,,,,
3866,04/19/2026 00:46:44,25.14,7.09,5.91,25.01,106.319,49092.2,49084.4,32.07,31909.92,101.380,0.53034,,,,
3867,04/19/2026 00:48:44,25.14,6.88,5.73,25.06,106.269,49479.0,49417.8,32.31,32161.34,101.380,0.52535,,,,
3868,04/19/2026 00:50:44,25.14,6.77,5.63,25.06,106.338,49877.1,49812.3,32.60,32420.13,101.380,0.53221,,,,
3869,04/19/2026 00:52:44,25.13,6.81,5.66,25.08,106.338,49869.4,49788.8,32.59,32415.14,101.380,0.53225,,,,
3870,04/19/2026 00:54:44,25.11,7.04,5.86,25.03,106.354,49465.7,49432.8,32.32,32152.69,101.380,0.53384,,,,
3871,04/19/2026 00:56:44,25.09,7.14,5.94,25.00,106.353,49496.1,49491.4,32.36,32172.44,101.380,0.53376,,,,
3872,04/19/2026 00:58:44,25.06,6.99,5.81,25.00,106.370,49395.5,49390.9,32.29,32107.08,101.380,0.53547,,,,
3873,04/19/2026 01:00:44,25.06,7.07,5.89,24.99,106.473,49285.8,49296.9,32.22,32035.78,101.380,0.54570,,,,
3874,04/19/2026 01:02:44,25.05,6.92,5.76,25.00,106.474,49333.0,49331.5,32.25,32066.45,101.380,0.54574,,,,
3875,04/19/2026 01:04:44,25.05,7.00,5.83,24.98,106.404,49207.6,49228.0,32.17,31984.95,101.380,0.53883,,,,
3876,04/19/2026 01:06:44,25.04,6.93,5.77,24.98,106.525,49359.5,49383.1,32.28,32083.68,101.380,0.55081,,,,
3877,04/19/2026 01:08:44,25.02,7.17,5.97,24.93,106.523,49088.4,49158.8,32.12,31907.46,101.380,0.55068,,,,
3878,04/19/2026 01:10:44,25.01,7.13,5.94,24.94,106.592,49265.0,49326.2,32.24,32022.26,101.380,0.55755,,,,
3879,04/19/2026 01:12:44,25.01,6.86,5.71,24.97,106.542,49320.7,49350.6,32.26,32058.44,101.380,0.55250,,,,
3880,04/19/2026 01:14:44,25.01,7.00,5.83,24.93,106.592,49245.3,49312.7,32.23,32009.41,101.380,0.55754,,,,
3881,04/19/2026 01:16:44,24.99,6.90,5.74,24.90,106.660,49197.3,49296.1,32.22,31978.25,101.380,0.56430,,,,
3882,04/19/2026 01:18:44,24.97,6.90,5.75,24.86,106.642,49183.2,49325.9,32.24,31969.09,101.380,0.56247,,,,
3883,04/19/2026 01:20:44,24.93,6.83,5.69,24.84,106.710,49138.1,49299.5,32.22,31939.78,101.380,0.56927,,,,
3884,04/19/2026 01:22:44,24.90,6.83,5.68,24.83,106.606,49145.7,49322.9,32.23,31944.70,101.380,0.55895,,,,
3885,04/19/2026 01:24:44,24.89,7.02,5.84,24.80,106.709,49127.8,49330.1,32.24,31933.10,101.380,0.56916,,,,
3886,04/19/2026 01:26:44,24.87,6.86,5.71,24.81,106.692,49094.0,49286.7,32.21,31911.09,101.380,0.56747,,,,
3887,04/19/2026 01:28:44,24.87,6.82,5.67,24.81,106.726,49149.3,49345.4,32.25,31947.05,101.380,0.57089,,,,
3888,04/19/2026 01:30:44,24.87,6.88,5.73,24.80,106.743,49103.4,49308.7,32.22,31917.18,101.380,0.57257,,,,
3889,04/19/2026 01:32:44,24.85,6.92,5.76,24.81,106.692,49148.4,49344.5,32.25,31946.46,101.380,0.56746,,,,
3890,04/19/2026 01:34:44,24.85,6.92,5.76,24.79,106.743,49056.6,49271.1,32.19,31886.77,101.380,0.57255,,,,
3891,04/19/2026 01:36:44,24.85,6.92,5.76,24.79,106.709,49110.9,49328.8,32.24,31922.09,101.380,0.56911,,,,
3892,04/19/2026 01:38:44,24.84,7.10,5.91,24.78,106.674,49047.2,49274.3,32.19,31880.70,101.380,0.56566,,,,
3893,04/19/2026 01:40:44,24.84,6.93,5.76,24.79,106.709,49159.8,49374.7,32.27,31953.84,101.380,0.56912,,,,
3894,04/19/2026 01:42:44,24.85,6.92,5.76,24.80,106.674,49158.7,49364.2,32.26,31953.15,101.380,0.56572,,,,
3895,04/19/2026 01:44:44,24.87,6.86,5.71,24.81,106.709,49130.6,49326.5,32.23,31934.86,101.380,0.56917,,,,
3896,04/19/2026 01:46:44,24.87,6.82,5.68,24.81,106.726,49153.1,49346.0,32.25,31949.51,101.380,0.57089,,,,
3897,04/19/2026 01:48:44,24.87,6.73,5.60,24.81,106.761,49155.1,49348.0,32.25,31950.79,101.380,0.57432,,,,
3898,04/19/2026 01:50:44,24.87,6.78,5.64,24.82,106.658,49101.6,49291.1,32.21,31916.01,101.380,0.56405,,,,
3899,04/19/2026 01:52:44,24.87,6.82,5.68,24.81,106.726,49093.1,49288.9,32.21,31910.50,101.380,0.57089,,,,
3900,04/19/2026 01:54:44,24.86,6.71,5.59,24.81,106.761,49124.1,49320.0,32.23,31930.64,101.380,0.57431,,,,
3901,04/19/2026 01:56:44,24.87,6.55,5.46,24.82,106.727,49181.3,49368.0,32.27,31967.81,101.380,0.57091,,,,
3902,04/19/2026 01:58:44,24.87,6.51,5.42,24.81,106.778,49177.6,49373.8,32.27,31965.45,101.380,0.57602,,,,
3903,04/19/2026 02:00:44,24.88,6.48,5.39,24.82,106.727,49196.3,49379.9,32.27,31977.57,101.380,0.57092,,,,
3904,04/19/2026 02:02:44,24.87,6.50,5.41,24.80,106.761,49181.4,49387.0,32.28,31967.91,101.380,0.57428,,,,
3905,04/19/2026 02:04:44,24.87,6.43,5.35,24.81,106.812,49135.2,49331.2,32.24,31937.90,101.380,0.57945,,,,
3906,04/19/2026 02:06:44,24.85,6.63,5.52,24.79,106.760,49135.2,49356.4,32.26,31937.90,101.380,0.57424,,,,
3907,04/19/2026 02:08:44,24.84,6.74,5.61,24.77,106.829,49128.7,49362.5,32.26,31933.68,101.380,0.58106,,,,
3908,04/19/2026 02:10:44,24.84,6.25,5.20,24.80,106.795,49180.3,49392.3,32.28,31967.22,101.380,0.57769,,,,
3909,04/19/2026 02:12:44,24.83,6.62,5.51,24.77,106.811,49088.4,49325.1,32.23,31907.46,101.380,0.57934,,,,
3910,04/19/2026 02:14:44,24.82,6.79,5.65,24.77,106.708,49059.4,49302.3,32.21,31888.64,101.380,0.56904,,,,
3911,04/19/2026 02:16:44,24.81,6.74,5.61,24.75,106.690,49074.2,49329.7,32.23,31898.21,101.380,0.56730,,,,
3912,04/19/2026 02:18:44,24.80,6.83,5.69,24.74,106.656,49071.5,49336.4,32.24,31896.47,101.380,0.56385,,,,
3913,04/19/2026 02:20:44,24.78,6.96,5.79,24.72,106.672,49038.6,49331.7,32.23,31875.07,101.380,0.56548,,,,
3914,04/19/2026 02:22:44,24.76,6.98,5.81,24.70,106.654,49025.4,49337.4,32.24,31866.54,101.380,0.56372,,,,
3915,04/19/2026 02:24:44,24.75,6.93,5.77,24.69,106.671,49018.1,49336.3,32.24,31861.77,101.380,0.56541,,,,
3916,04/19/2026 02:26:44,24.76,6.78,5.64,24.71,106.689,49074.2,49370.6,32.26,31898.21,101.380,0.56719,,,,
3917,04/19/2026 02:28:44,24.76,6.80,5.66,24.70,106.689,49035.9,49341.6,32.24,31873.33,101.380,0.56716,,,,
3918,04/19/2026 02:30:44,24.76,6.81,5.67,24.70,106.706,48992.8,49307.6,32.22,31845.30,101.380,0.56885,,,,
3919,04/19/2026 02:32:44,24.76,6.85,5.70,24.70,106.603,49012.6,49327.5,32.23,31858.16,101.380,0.55857,,,,
3920,04/19/2026 02:34:44,24.75,6.83,5.69,24.69,106.637,48987.2,49308.4,32.22,31841.70,101.380,0.56198,,,,
3921,04/19/2026 02:36:44,24.76,6.64,5.52,24.68,106.637,48998.6,49326.1,32.23,31849.06,101.380,0.56196,,,,
3922,04/19/2026 02:38:44,24.74,6.74,5.61,24.68,106.619,49085.3,49416.6,32.29,31905.46,101.380,0.56024,,,,
3923,04/19/2026 02:40:44,24.75,6.66,5.54,24.68,106.619,49021.9,49349.6,32.25,31864.22,101.380,0.56025,,,,
3924,04/19/2026 02:42:44,24.74,6.61,5.50,24.67,106.585,49037.7,49374.9,32.26,31874.49,101.380,0.55680,,,,
3925,04/19/2026 02:44:44,24.74,6.46,5.38,24.67,106.671,49037.7,49374.9,32.26,31874.49,101.380,0.56536,,,,
3926,04/19/2026 02:46:44,24.76,6.24,5.20,24.69,106.534,49032.1,49353.6,32.25,31870.87,101.380,0.55170,,,,
3927,04/19/2026 02:48:44,24.76,6.49,5.40,24.68,106.516,49005.0,49335.7,32.23,31853.25,101.380,0.54997,,,,
3928,04/19/2026 02:50:44,24.74,6.41,5.34,24.67,106.499,49060.1,49397.6,32.28,31889.10,101.380,0.54824,,,,
3929,04/19/2026 02:52:44,24.76,6.08,5.06,24.69,106.465,49095.8,49414.5,32.29,31912.25,101.380,0.54486,,,,
3930,04/19/2026 02:54:44,24.76,6.08,5.06,24.70,106.431,49096.7,49405.9,32.29,31912.84,101.380,0.54146,,,,
3931,04/19/2026 02:56:44,24.77,6.12,5.09,24.70,106.413,49074.2,49389.6,32.28,31898.21,101.380,0.53973,,,,
3932,04/19/2026 02:58:44,24.77,6.07,5.05,24.70,106.413,49102.3,49411.5,32.29,31916.47,101.380,0.53975,,,,
3933,04/19/2026 03:00:44,24.79,5.25,4.37,24.75,106.363,49244.2,49500.6,32.36,32008.73,101.380,0.53476,,,,
3934,04/19/2026 03:02:44,24.82,4.63,3.85,24.80,106.382,49358.5,49568.0,32.41,32083.02,101.380,0.53660,,,,
3935,04/19/2026 03:04:44,24.87,4.03,3.35,24.83,106.383,49353.7,49531.6,32.39,32079.89,101.380,0.53669,,,,
3936,04/19/2026 03:06:44,24.91,3.87,3.22,24.86,106.315,49480.8,49624.4,32.46,32162.53,101.380,0.52993,,,,
3937,04/19/2026 03:08:44,24.93,3.93,3.26,24.89,106.298,49545.5,49660.8,32.48,32204.60,101.380,0.52830,,,,
3938,04/19/2026 03:10:44,24.95,4.12,3.43,24.90,106.298,49537.0,49645.9,32.47,32199.02,101.380,0.52831,,,,
3939,04/19/2026 03:12:44,24.95,4.34,3.61,24.90,106.299,49620.0,49725.9,32.53,32252.97,101.380,0.52832,,,,
3940,04/19/2026 03:14:44,24.96,3.83,3.18,24.89,106.333,49537.0,49655.4,32.48,32199.02,101.380,0.53171,,,,
3941,04/19/2026 03:16:44,24.96,3.79,3.15,24.87,106.263,49533.2,49667.4,32.49,32196.57,101.380,0.52482,,,,
3942,04/19/2026 03:18:44,24.97,3.93,3.27,24.88,106.229,49559.9,49684.7,32.50,32213.90,101.380,0.52142,,,,
3943,04/19/2026 03:20:44,24.98,3.98,3.31,24.90,106.247,49532.2,49641.2,32.47,32195.95,101.380,0.52317,,,,
3944,04/19/2026 03:22:44,24.97,3.85,3.20,24.91,106.247,49611.4,49707.8,32.52,32247.39,101.380,0.52321,,,,
3945,04/19/2026 03:24:44,24.98,3.73,3.10,24.92,106.247,49548.4,49635.3,32.47,32206.48,101.380,0.52323,,,,
3946,04/19/2026 03:26:44,24.98,3.59,2.98,24.91,106.282,49575.1,49671.5,32.49,32223.83,101.380,0.52663,,,,
3947,04/19/2026 03:28:44,24.98,3.27,2.72,24.88,106.246,49554.1,49682.1,32.50,32210.19,101.380,0.52312,,,,
3948,04/19/2026 03:30:44,24.98,3.29,2.74,24.86,106.263,49419.2,49568.9,32.41,32122.47,101.380,0.52477,,,,
3949,04/19/2026 03:32:44,24.97,2.97,2.47,24.84,106.228,49494.2,49663.1,32.48,32171.21,101.380,0.52130,,,,
3950,04/19/2026 03:34:44,24.96,3.24,2.69,24.86,106.211,49550.3,49694.1,32.51,32207.72,101.380,0.51965,,,,
3951,04/19/2026 03:36:44,24.96,2.57,2.14,24.87,106.108,49552.2,49692.9,32.51,32208.96,101.380,0.50939,,,,
3952,04/19/2026 03:38:44,24.96,3.16,2.63,24.85,106.211,49566.5,49723.0,32.53,32218.25,101.380,0.51962,,,,
3953,04/19/2026 03:40:44,24.95,2.79,2.32,24.87,106.160,49659.1,49790.5,32.58,32278.44,101.380,0.51455,,,,
3954,04/19/2026 03:42:44,24.96,2.47,2.06,24.86,106.039,49505.6,49652.4,32.48,32178.64,101.380,0.50252,,,,
3955,04/19/2026 03:44:44,24.98,2.36,1.97,24.88,106.126,49565.6,49687.3,32.50,32217.63,101.380,0.51115,,,,
3956,04/19/2026 03:46:44,24.98,2.36,1.96,24.88,105.988,49675.4,49797.3,32.58,32289.00,101.380,0.49745,,,,
3957,04/19/2026 03:48:44,24.98,1.95,1.62,24.87,105.919,49625.7,49757.0,32.55,32256.70,101.380,0.49057,,,,
3958,04/19/2026 03:50:44,24.99,1.91,1.59,24.88,106.040,49555.1,49679.9,32.50,32210.82,101.380,0.50258,,,,
3959,04/19/2026 03:52:44,24.99,1.98,1.64,24.88,105.971,49665.8,49787.7,32.58,32282.77,101.380,0.49574,,,,
3960,04/19/2026 03:54:44,24.98,1.98,1.65,24.84,105.867,49516.1,49681.9,32.50,32185.46,101.380,0.48534,,,,
3961,04/19/2026 03:56:44,24.98,1.82,1.51,24.85,105.815,49584.7,49738.0,32.54,32230.03,101.380,0.48024,,,,
3962,04/19/2026 03:58:44,24.97,1.92,1.60,24.88,105.833,49650.5,49775.6,32.57,32272.83,101.380,0.48203,,,,
3963,04/19/2026 04:00:44,24.98,1.72,1.43,24.89,105.868,49744.3,49863.3,32.63,32333.82,101.380,0.48547,,,,
3964,04/19/2026 04:02:44,24.98,1.71,1.42,24.90,105.730,49661.0,49770.2,32.56,32279.67,101.380,0.47180,,,,
3965,04/19/2026 04:04:44,24.98,1.48,1.23,24.91,105.627,49833.7,49927.3,32.68,32391.88,101.380,0.46156,,,,
3966,04/19/2026 04:06:44,24.99,1.42,1.18,24.93,105.714,49807.7,49879.1,32.65,32374.98,101.380,0.47019,,,,
3967,04/19/2026 04:08:44,25.01,1.41,1.17,24.95,105.697,49875.9,49931.5,32.68,32419.35,101.380,0.46852,,,,
3968,04/19/2026 04:10:44,25.01,1.44,1.20,24.94,105.714,49849.0,49911.0,32.67,32401.85,101.380,0.47021,,,,
3969,04/19/2026 04:12:44,25.02,1.46,1.22,24.93,105.680,49769.2,49847.0,32.62,32350.01,101.380,0.46674,,,,
3970,04/19/2026 04:14:44,25.01,1.35,1.12,24.93,105.507,49796.1,49873.9,32.64,32367.47,101.380,0.44962,,,,
3971,04/19/2026 04:16:44,25.00,1.24,1.03,24.91,105.559,49785.5,49875.9,32.64,32360.59,101.380,0.45472,,,,
3972,04/19/2026 04:18:44,25.00,1.49,1.24,24.92,105.507,49783.6,49867.7,32.64,32359.36,101.380,0.44960,,,,
3973,04/19/2026 04:20:44,25.01,1.25,1.04,24.93,105.456,49833.6,49901.9,32.66,32391.82,101.380,0.44450,,,,
3974,04/19/2026 04:22:44,25.01,1.26,1.05,24.93,105.422,49875.9,49947.4,32.70,32419.35,101.380,0.44107,,,,
3975,04/19/2026 04:24:44,25.01,1.18,0.98,24.92,105.421,49828.8,49916.1,32.67,32388.70,101.380,0.44103,,,,
3976,04/19/2026 04:26:44,25.01,1.12,0.93,24.92,105.404,49863.4,49944.5,32.69,32411.24,101.380,0.43933,,,,
3977,04/19/2026 04:28:44,25.02,1.08,0.90,24.93,105.318,49778.8,49853.3,32.63,32356.21,101.380,0.43079,,,,
3978,04/19/2026 04:30:44,25.01,1.19,0.99,24.91,105.197,49908.7,49999.3,32.73,32440.65,101.380,0.41876,,,,
3979,04/19/2026 04:32:44,25.01,1.27,1.06,24.91,105.232,49728.0,49821.4,32.60,32323.18,101.380,0.42217,,,,
3980,04/19/2026 04:34:44,24.99,1.44,1.20,24.89,105.334,49802.8,49915.5,32.67,32371.80,101.380,0.43240,,,,
3981,04/19/2026 04:36:44,24.99,1.40,1.16,24.89,105.179,49720.3,49836.0,32.61,32318.21,101.380,0.41697,,,,
3982,04/19/2026 04:38:44,25.00,1.32,1.10,24.88,105.179,49770.1,49892.3,32.65,32350.59,101.380,0.41696,,,,
3983,04/19/2026 04:40:44,25.00,1.43,1.19,24.90,105.145,49862.5,49972.1,32.71,32410.60,101.380,0.41357,,,,
3984,04/19/2026 04:42:44,24.99,1.34,1.11,24.91,105.145,49865.3,49959.1,32.70,32412.45,101.380,0.41361,,,,
3985,04/19/2026 04:44:44,24.99,1.56,1.29,24.89,105.128,49902.0,50021.3,32.75,32436.31,101.380,0.41183,,,,
3986,04/19/2026 04:46:44,24.97,1.85,1.54,24.84,105.006,49807.6,49971.2,32.71,32374.93,101.380,0.39972,,,,
3987,04/19/2026 04:48:44,24.96,1.42,1.18,24.87,105.058,49788.4,49929.7,32.68,32362.44,101.380,0.40492,,,,
3988,04/19/2026 04:50:44,24.98,1.40,1.16,24.91,104.956,49871.1,49968.1,32.71,32416.22,101.380,0.39476,,,,
3989,04/19/2026 04:52:44,24.98,1.41,1.17,24.89,104.938,49928.0,50041.0,32.76,32453.20,101.380,0.39301,,,,
3990,04/19/2026 04:54:44,24.98,1.31,1.09,24.89,104.835,49788.4,49901.0,32.66,32362.44,101.380,0.38273,,,,
3991,04/19/2026 04:56:44,24.97,1.49,1.24,24.88,104.921,49848.0,49976.7,32.71,32401.21,101.380,0.39125,,,,
3992,04/19/2026 04:58:44,24.97,1.40,1.17,24.87,104.869,49808.6,49949.9,32.69,32375.56,101.380,0.38608,,,,
3993,04/19/2026 05:00:44,24.96,1.53,1.27,24.83,104.782,49820.1,49999.6,32.73,32383.03,101.380,0.37742,,,,
3994,04/19/2026 05:02:44,24.95,1.46,1.22,24.83,104.713,49674.4,49850.3,32.62,32288.35,101.380,0.37057,,,,
3995,04/19/2026 05:04:44,24.93,1.36,1.13,24.82,104.678,49839.3,50028.5,32.75,32395.53,101.380,0.36711,,,,
3996,04/19/2026 05:06:44,24.94,1.46,1.21,24.83,104.678,49827.8,50007.4,32.73,32388.06,101.380,0.36714,,,,
3997,04/19/2026 05:08:44,24.92,1.91,1.59,24.80,104.557,49702.1,49906.8,32.66,32306.38,101.380,0.35508,,,,
3998,04/19/2026 05:10:44,24.92,2.26,1.88,24.78,104.556,49600.9,49833.7,32.60,32240.56,101.380,0.35501,,,,
3999,04/19/2026 05:12:44,24.89,1.99,1.65,24.76,104.487,49627.6,49879.6,32.64,32257.93,101.380,0.34811,,,,
4000,04/19/2026 05:14:44,24.87,1.88,1.56,24.73,104.400,49680.1,49961.1,32.70,32292.09,101.380,0.33947,,,,
4001,04/19/2026 05:16:44,24.86,2.54,2.11,24.76,104.384,49543.7,49795.3,32.58,32203.41,101.380,0.33783,,,,
4002,04/19/2026 05:18:44,24.83,2.25,1.87,24.75,104.297,49624.7,49886.3,32.64,32256.06,101.380,0.32924,,,,
4003,04/19/2026 05:20:44,24.83,1.97,1.63,24.74,104.314,49599.0,49869.9,32.63,32239.32,101.380,0.33093,,,,
4004,04/19/2026 05:22:44,24.83,1.99,1.65,24.75,104.211,49687.8,49949.7,32.69,32297.06,101.380,0.32068,,,,
4005,04/19/2026 05:24:44,24.85,1.94,1.61,24.76,104.143,49645.7,49894.6,32.65,32269.72,101.380,0.31386,,,,
4006,04/19/2026 05:26:44,24.82,2.11,1.76,24.73,104.090,49631.4,49912.1,32.66,32260.41,101.380,0.30864,,,,
4007,04/19/2026 05:28:44,24.81,2.78,2.31,24.70,104.038,49530.4,49842.3,32.61,32194.75,101.380,0.30342,,,,
4008,04/19/2026 05:30:44,24.74,2.93,2.43,24.64,104.070,49403.3,49784.4,32.56,32112.11,101.380,0.30666,,,,
4009,04/19/2026 05:32:44,24.72,2.84,2.36,24.64,104.139,49480.0,49858.5,32.62,32162.01,101.380,0.31352,,,,
4010,04/19/2026 05:34:44,24.71,2.84,2.36,24.66,104.002,49427.9,49783.7,32.56,32128.11,101.380,0.29987,,,,
4011,04/19/2026 05:36:44,24.69,3.21,2.67,24.62,103.932,49392.9,49789.8,32.56,32105.36,101.380,0.29291,,,,
4012,04/19/2026 05:38:44,24.64,3.76,3.12,24.56,103.931,49307.8,49767.7,32.55,32050.05,101.380,0.29275,,,,
4013,04/19/2026 05:40:44,24.59,4.01,3.33,24.49,103.791,49190.0,49718.9,32.51,31973.53,101.380,0.27886,,,,
4014,04/19/2026 05:42:44,24.55,3.86,3.21,24.47,103.842,49147.8,49701.7,32.49,31946.09,101.380,0.28393,,,,
4015,04/19/2026 05:44:44,24.54,3.95,3.28,24.47,103.756,49175.1,49732.4,32.52,31963.79,101.380,0.27536,,,,
4016,04/19/2026 05:46:44,24.53,3.93,3.26,24.45,103.687,49088.8,49661.1,32.46,31907.71,101.380,0.26847,,,,
4017,04/19/2026 05:48:44,24.52,3.69,3.07,24.45,103.652,49115.1,49690.8,32.48,31924.79,101.380,0.26504,,,,
4018,04/19/2026 05:50:44,24.52,3.58,2.97,24.45,103.618,49060.8,49639.1,32.45,31889.49,101.380,0.26160,,,,
4019,04/19/2026 05:52:44,24.51,3.77,3.14,24.43,103.548,49014.1,49611.0,32.42,31859.16,101.380,0.25470,,,,
4020,04/19/2026 05:54:44,24.49,3.58,2.97,24.42,103.514,49094.4,49695.4,32.49,31911.34,101.380,0.25127,,,,
4021,04/19/2026 05:56:44,24.50,3.70,3.07,24.44,103.445,49066.3,49647.9,32.45,31893.11,101.380,0.24447,,,,
4022,04/19/2026 05:58:44,24.49,3.78,3.14,24.41,103.393,49016.8,49632.8,32.44,31860.89,101.380,0.23924,,,,
4023,04/19/2026 06:00:44,24.47,3.71,3.09,24.40,103.358,49065.4,49688.4,32.48,31892.53,101.380,0.23580,,,,
4024,04/19/2026 06:02:44,24.46,3.72,3.09,24.39,103.358,48960.0,49591.2,32.41,31824.00,101.380,0.23577,,,,
4025,04/19/2026 06:04:44,24.46,3.64,3.03,24.38,103.271,49029.9,49674.7,32.47,31869.41,101.380,0.22718,,,,
4026,04/19/2026 06:06:44,24.46,3.64,3.02,24.39,103.237,49012.1,49647.2,32.45,31857.87,101.380,0.22378,,,,
4027,04/19/2026 06:08:44,24.45,3.64,3.02,24.42,103.169,49094.4,49705.0,32.49,31911.34,101.380,0.21699,,,,
4028,04/19/2026 06:10:44,24.46,3.46,2.87,24.39,103.169,49006.6,49638.4,32.44,31854.26,101.380,0.21693,,,,
4029,04/19/2026 06:12:44,24.46,3.43,2.85,24.38,103.151,48993.5,49644.2,32.45,31845.75,101.380,0.21517,,,,
4030,04/19/2026 06:14:44,24.49,2.87,2.39,24.48,103.102,49245.5,49790.9,32.56,32009.59,101.380,0.21032,,,,
4031,04/19/2026 06:16:44,24.55,2.30,1.91,24.61,103.088,49331.4,49737.4,32.53,32065.39,101.380,0.20897,,,,
4032,04/19/2026 06:18:44,24.64,1.66,1.38,24.64,103.020,49357.8,49735.4,32.53,32082.60,101.380,0.20220,,,,
4033,04/19/2026 06:20:44,24.71,1.70,1.42,24.58,102.933,49375.8,49810.8,32.58,32094.28,101.380,0.19348,,,,
4034,04/19/2026 06:22:44,24.72,1.95,1.62,24.55,102.966,49287.9,49760.4,32.54,32037.13,101.380,0.19681,,,,
4035,04/19/2026 06:24:44,24.69,2.05,1.71,24.55,102.915,49258.9,49724.7,32.51,32018.25,101.380,0.19169,,,,
4036,04/19/2026 06:26:44,24.69,2.23,1.85,24.54,102.897,49227.8,49712.4,32.50,31998.04,101.380,0.18993,,,,
4037,04/19/2026 06:28:44,24.68,1.99,1.65,24.58,102.812,49364.4,49805.7,32.57,32086.87,101.380,0.18148,,,,
4038,04/19/2026 06:30:44,24.68,2.21,1.84,24.55,102.742,49296.4,49769.0,32.55,32042.66,101.380,0.17454,,,,
4039,04/19/2026 06:32:44,24.64,2.70,2.25,24.51,102.690,49227.6,49734.5,32.52,31997.96,101.380,0.16932,,,,
4040,04/19/2026 06:34:44,24.55,2.91,2.42,24.42,102.636,49024.3,49630.9,32.44,31865.80,101.380,0.16391,,,,
4041,04/19/2026 06:36:44,24.47,3.18,2.64,24.36,102.582,48956.2,49622.4,32.43,31821.55,101.380,0.15862,,,,
4042,04/19/2026 06:38:44,24.44,3.20,2.66,24.29,102.546,48785.3,49525.5,32.35,31710.44,101.380,0.15499,,,,
4043,04/19/2026 06:40:44,24.43,3.10,2.58,24.31,102.478,48835.3,49553.9,32.38,31742.95,101.380,0.14820,,,,
4044,04/19/2026 06:42:44,24.43,3.13,2.60,24.33,102.478,48857.6,49551.1,32.38,31757.44,101.380,0.14827,,,,
4045,04/19/2026 06:44:44,24.42,3.17,2.63,24.36,102.376,48846.6,49514.5,32.35,31750.29,101.380,0.13806,,,,
4046,04/19/2026 06:46:44,24.44,3.10,2.58,24.38,102.359,48905.1,49551.5,32.38,31788.32,101.380,0.13640,,,,
4047,04/19/2026 06:48:44,24.43,3.41,2.83,24.33,102.341,48795.4,49488.0,32.33,31717.01,101.380,0.13456,,,,
4048,04/19/2026 06:50:44,24.38,3.70,3.08,24.26,102.270,48633.8,49397.1,32.26,31611.95,101.380,0.12753,,,,
4049,04/19/2026 06:52:44,24.34,3.85,3.20,24.24,102.235,48594.1,49382.3,32.25,31586.20,101.380,0.12403,,,,
4050,04/19/2026 06:54:44,24.32,4.00,3.33,24.21,102.217,48552.9,49368.9,32.24,31559.38,101.380,0.12225,,,,
4051,04/19/2026 06:56:44,24.28,4.23,3.52,24.19,102.182,48444.1,49280.5,32.17,31488.64,101.380,0.11876,,,,
4052,04/19/2026 06:58:44,24.26,4.27,3.55,24.19,102.079,48579.6,49415.1,32.27,31576.71,101.380,0.10850,,,,
4053,04/19/2026 07:00:44,24.28,4.23,3.52,24.29,102.064,48643.0,49384.2,32.25,31617.93,101.380,0.10703,,,,
4054,04/19/2026 07:02:44,24.30,4.17,3.46,24.30,102.081,48647.6,49373.0,32.24,31620.91,101.380,0.10879,,,,
4055,04/19/2026 07:04:44,24.35,3.99,3.32,24.38,101.997,48740.5,49387.9,32.26,31681.34,101.380,0.10043,,,,
4056,04/19/2026 07:06:44,24.40,4.03,3.35,24.38,101.998,48755.6,49393.6,32.26,31691.11,101.380,0.10046,,,,
4057,04/19/2026 07:08:44,24.44,3.93,3.27,24.42,101.947,48833.3,49440.7,32.30,31741.64,101.380,0.09540,,,,
4058,04/19/2026 07:10:44,24.48,3.84,3.19,24.45,101.845,48951.3,49518.9,32.36,31818.37,101.380,0.08523,,,,
4059,04/19/2026 07:12:44,24.51,3.79,3.15,24.48,101.846,49015.7,49552.1,32.38,31860.18,101.380,0.08532,,,,
4060,04/19/2026 07:14:44,24.54,3.81,3.16,24.49,101.794,48986.8,49519.8,32.36,31841.42,101.380,0.08019,,,,
4061,04/19/2026 07:16:44,24.54,3.92,3.26,24.45,101.724,48942.0,49512.6,32.35,31812.32,101.380,0.07324,,,,
4062,04/19/2026 07:18:44,24.53,4.07,3.38,24.45,101.758,48952.2,49526.1,32.36,31818.94,101.380,0.07665,,,,
4063,04/19/2026 07:20:44,24.54,4.15,3.45,24.46,101.724,48983.0,49544.6,32.38,31838.97,101.380,0.07326,,,,
4064,04/19/2026 07:22:44,24.54,4.24,3.52,24.46,101.707,49038.1,49600.3,32.42,31874.76,101.380,0.07155,,,,
4065,04/19/2026 07:24:44,24.55,4.35,3.62,24.48,101.656,49118.7,49656.2,32.46,31927.12,101.380,0.06648,,,,
4066,04/19/2026 07:26:44,24.58,4.44,3.69,24.52,101.588,49173.1,49676.3,32.48,31962.51,101.380,0.05972,,,,
4067,04/19/2026 07:28:44,24.60,4.50,3.74,24.53,101.571,49153.3,49640.3,32.45,31949.62,101.380,0.05805,,,,
4068,04/19/2026 07:30:44,24.63,4.52,3.75,24.58,101.573,49261.2,49695.2,32.49,32019.78,101.380,0.05819,,,,
4069,04/19/2026 07:32:44,24.66,4.53,3.76,24.61,101.505,49236.8,49638.8,32.45,32003.89,101.380,0.05142,,,,
4070,04/19/2026 07:34:44,24.68,4.57,3.80,24.63,101.540,49222.6,49605.5,32.43,31994.72,101.380,0.05490,,,,
4071,04/19/2026 07:36:44,24.73,4.64,3.85,24.68,101.472,49284.8,49620.6,32.44,32035.10,101.380,0.04817,,,,
4072,04/19/2026 07:38:44,24.78,4.69,3.90,24.71,101.439,49351.8,49653.1,32.47,32078.68,101.380,0.04484,,,,
4073,04/19/2026 07:40:44,24.80,4.74,3.94,24.74,101.456,49402.0,49678.3,32.49,32111.31,101.380,0.04661,,,,
4074,04/19/2026 07:42:44,24.83,4.83,4.01,24.76,101.474,49396.3,49650.3,32.47,32107.58,101.380,0.04839,,,,
4075,04/19/2026 07:44:44,24.87,4.93,4.09,24.78,101.389,49421.8,49650.6,32.47,32124.16,101.380,0.03989,,,,
4076,04/19/2026 07:46:44,24.87,5.01,4.17,24.80,101.338,49285.6,49494.8,32.36,32035.63,101.380,0.03480,,,,
4077,04/19/2026 07:48:44,24.91,5.07,4.22,24.82,101.373,48958.8,49144.7,32.10,31823.21,101.380,0.03828,,,,
4078,04/19/2026 07:50:44,24.94,5.12,4.30,24.84,101.339,47272.5,47430.8,30.85,30727.10,101.380,0.03492,,,,
4079,04/19/2026 07:52:44,24.97,5.15,4.45,24.83,101.339,40466.0,40611.9,25.95,26302.88,101.380,0.03488,,,,
4080,04/19/2026 07:54:44,24.99,5.21,4.65,24.84,101.253,31826.0,31930.6,19.89,20686.92,101.380,0.02636,,,,
4081,04/19/2026 07:56:44,25.06,5.30,4.88,24.94,101.238,24202.7,24231.3,14.69,15731.77,101.380,0.02492,,,,
4082,04/19/2026 07:58:44,25.11,5.43,5.05,24.93,101.221,21796.7,21828.0,13.11,14167.88,101.380,0.02318,,,,
4083,04/19/2026 08:00:44,25.15,5.64,5.23,24.98,101.205,22228.7,22236.5,13.38,14448.64,101.380,0.02161,,,,
4084,04/19/2026 08:02:44,25.18,6.44,5.99,25.03,101.189,21426.4,21412.2,12.84,13927.17,101.380,0.02003,,,,
4085,04/19/2026 08:04:44,25.19,7.65,7.63,24.92,101.307,807.4,808.7,0.40,524.78,101.380,0.03171,,,,
4086,04/19/2026 08:06:44,25.15,8.16,8.14,24.74,101.319,733.7,737.7,0.36,476.88,101.380,0.03293,,,,
4087,04/19/2026 08:08:44,25.06,8.35,8.33,24.69,101.300,819.4,824.8,0.40,532.62,101.380,0.03108,,,,
4088,04/19/2026 08:10:44,25.20,8.31,8.30,24.97,101.308,824.2,824.7,0.40,535.72,101.380,0.03184,,,,
4089,04/19/2026 08:12:44,25.37,8.33,8.31,25.12,101.347,818.9,816.9,0.40,532.28,101.380,0.03568,,,,
4090,04/19/2026 08:14:44,25.64,8.33,8.31,25.40,101.337,803.3,796.5,0.39,522.11,101.380,0.03475,,,,
4091,04/19/2026 08:16:44,25.74,8.28,8.26,25.40,101.303,776.3,769.8,0.38,504.62,101.380,0.03133,,,,
4092,04/19/2026 08:18:44,25.51,8.35,8.33,25.30,101.334,754.0,749.2,0.37,490.09,101.380,0.03448,,,,
4093,04/19/2026 08:20:44,25.46,8.37,8.36,25.42,101.321,720.3,713.9,0.35,468.18,101.380,0.03310,,,,
4094,04/19/2026 08:22:44,25.59,8.39,8.37,25.58,101.377,685.5,677.2,0.33,445.56,101.380,0.03869,,,,
4095,04/19/2026 08:24:44,25.91,8.33,8.32,25.82,101.366,642.8,631.9,0.31,417.82,101.380,0.03764,,,,
4096,04/19/2026 08:26:44,26.21,8.24,8.23,25.92,101.352,597.3,586.0,0.28,388.22,101.380,0.03619,,,,
4097,04/19/2026 08:28:44,26.29,8.21,8.20,25.86,101.350,552.3,542.5,0.26,358.98,101.380,0.03602,,,,
4098,04/19/2026 08:30:44,26.25,8.19,8.18,25.73,101.347,519.8,511.9,0.25,337.88,101.380,0.03567,,,,
4099,04/19/2026 08:32:44,26.17,8.24,8.23,25.74,101.347,499.6,491.9,0.24,324.74,101.380,0.03570,,,,
4100,04/19/2026 08:34:44,26.25,8.25,8.24,25.82,101.349,473.8,465.8,0.23,307.96,101.380,0.03592,,,,
4101,04/19/2026 08:36:44,26.33,8.22,8.21,25.79,101.365,450.0,442.6,0.21,292.50,101.380,0.03756,,,,
4102,04/19/2026 08:38:44,26.31,8.21,8.20,25.77,101.330,435.4,428.5,0.21,283.00,101.380,0.03406,,,,
4103,04/19/2026 08:40:44,26.26,8.27,8.26,25.86,101.367,442.2,434.4,0.21,287.45,101.380,0.03773,,,,
4104,04/19/2026 08:42:44,26.57,8.25,8.24,26.21,101.326,438.9,428.0,0.21,285.25,101.380,0.03358,,,,
4105,04/19/2026 08:44:44,26.77,8.11,8.10,26.16,101.341,412.8,403.1,0.19,268.35,101.380,0.03514,,,,
4106,04/19/2026 08:46:44,26.61,8.15,8.14,25.99,101.337,401.3,393.1,0.19,260.82,101.380,0.03468,,,,
4107,04/19/2026 08:48:44,26.44,8.22,8.21,25.95,101.352,383.2,375.7,0.18,249.08,101.380,0.03627,,,,
4108,04/19/2026 08:50:44,26.50,8.24,8.23,26.06,101.356,357.0,349.2,0.17,232.06,101.380,0.03660,,,,
4109,04/19/2026 08:52:44,26.74,8.28,8.27,26.44,101.332,344.0,333.9,0.16,223.57,101.380,0.03423,,,,
4110,04/19/2026 08:54:44,27.28,8.16,8.15,26.79,101.376,314.0,302.6,0.15,204.08,101.380,0.03865,,,,
4111,04/19/2026 08:56:44,27.69,8.06,8.06,27.01,101.365,287.3,275.7,0.13,186.75,101.380,0.03754,,,,
4112,04/19/2026 08:58:44,27.91,8.06,8.06,27.35,101.358,280.0,266.8,0.13,181.99,101.380,0.03679,,,,
4113,04/19/2026 09:00:44,28.24,8.02,8.02,27.72,101.351,253.0,239.4,0.12,164.47,101.380,0.03616,,,,
4114,04/19/2026 09:02:44,28.59,7.98,7.98,28.10,101.362,238.7,224.0,0.11,155.12,101.380,0.03725,,,,
4115,04/19/2026 09:04:44,28.77,7.93,7.92,28.03,101.343,196.5,184.8,0.09,127.76,101.380,0.03534,,,,
4116,04/19/2026 09:06:44,28.76,7.95,7.94,28.10,101.345,188.5,177.0,0.09,122.53,101.380,0.03553,,,,
4117,04/19/2026 09:08:44,28.85,7.89,7.88,28.34,101.386,190.6,178.1,0.09,123.86,101.380,0.03964,,,,
4118,04/19/2026 09:10:44,28.95,7.92,7.91,28.45,101.407,189.9,177.1,0.09,123.43,101.380,0.04168,,,,
4119,04/19/2026 09:12:44,28.97,7.89,7.89,28.58,101.359,176.4,164.1,0.08,114.66,101.380,0.03692,,,,
4120,04/19/2026 09:14:44,29.00,7.89,7.88,28.67,101.379,170.7,158.5,0.08,110.96,101.380,0.03889,,,,
4121,04/19/2026 09:16:44,28.95,7.88,7.88,28.58,101.342,156.9,145.9,0.07,101.99,101.380,0.03520,,,,
4122,04/19/2026 09:18:44,28.82,7.94,7.93,28.50,101.340,163.1,151.9,0.08,106.03,101.380,0.03498,,,,
4123,04/19/2026 09:20:44,28.83,7.89,7.89,28.54,101.341,161.0,149.9,0.08,104.66,101.380,0.03508,,,,
4124,04/19/2026 09:22:44,28.76,7.91,7.91,28.44,101.321,162.4,151.4,0.08,105.54,101.380,0.03309,,,,
4125,04/19/2026 09:24:44,28.75,7.96,7.95,28.56,101.341,161.5,150.3,0.08,105.00,101.380,0.03514,,,,
4126,04/19/2026 09:26:44,28.90,7.94,7.94,28.80,101.365,167.0,154.7,0.08,108.54,101.380,0.03755,,,,
4127,04/19/2026 09:28:44,29.15,7.92,7.91,29.09,101.374,163.3,150.4,0.08,106.14,101.380,0.03838,,,,
4128,04/19/2026 09:30:44,29.32,7.87,7.86,29.20,101.360,158.8,145.9,0.07,103.20,101.380,0.03701,,,,
4129,04/19/2026 09:32:44,29.28,7.89,7.89,29.16,101.359,144.3,132.7,0.07,93.79,101.380,0.03688,,,,
4130,04/19/2026 09:34:44,29.08,7.86,7.86,29.02,101.355,139.6,128.8,0.07,90.76,101.380,0.03648,,,,
4131,04/19/2026 09:36:44,28.87,7.94,7.94,29.03,101.389,144.9,133.6,0.07,94.18,101.380,0.03994,,,,
4132,04/19/2026 09:38:44,28.85,7.95,7.95,29.20,101.308,146.6,134.8,0.07,95.32,101.380,0.03186,,,,
4133,04/19/2026 09:40:44,28.84,7.98,7.98,29.23,101.344,146.4,134.4,0.07,95.15,101.380,0.03537,,,,
4134,04/19/2026 09:42:44,28.94,7.97,7.97,29.47,101.368,146.5,133.9,0.07,95.19,101.380,0.03778,,,,
4135,04/19/2026 09:44:44,29.04,7.93,7.92,29.61,101.389,142.6,130.0,0.07,92.71,101.380,0.03993,,,,
4136,04/19/2026 09:46:44,28.74,7.96,7.96,29.76,101.359,134.5,122.3,0.06,87.45,101.380,0.03693,,,,
4137,04/19/2026 09:48:44,28.53,7.97,7.97,29.97,101.331,130.1,117.8,0.06,84.58,101.380,0.03413,,,,
4138,04/19/2026 09:50:44,28.38,7.96,7.96,30.23,101.356,135.8,122.3,0.06,88.25,101.380,0.03660,,,,
4139,04/19/2026 09:52:44,28.29,8.21,8.21,29.50,101.317,133.2,121.7,0.06,86.61,101.380,0.03273,,,,
4140,04/19/2026 09:54:44,28.07,8.68,8.68,28.54,101.323,184.7,171.9,0.09,120.06,101.380,0.03338,,,,
4141,04/19/2026 09:56:44,27.87,8.78,8.77,27.97,101.341,343.6,323.5,0.16,223.37,101.380,0.03515,,,,
4142,04/19/2026 09:58:44,27.57,8.88,8.30,27.42,101.360,21273.0,20242.9,12.10,13827.47,101.380,0.03701,,,,
4143,04/19/2026 10:00:44,27.30,9.01,8.11,27.24,101.389,31815.1,30386.5,18.88,20679.84,101.380,0.03992,,,,
4144,04/19/2026 10:02:44,27.08,9.09,7.63,27.06,101.401,50044.9,47971.9,31.33,32529.20,101.380,0.04112,,,,
4145,04/19/2026 10:04:44,26.87,9.23,7.67,26.88,101.448,52317.1,50327.0,33.06,34006.12,101.380,0.04576,,,,
4146,04/19/2026 10:06:44,26.75,9.29,7.73,26.76,101.513,51841.7,49990.2,32.81,33697.08,101.380,0.05227,,,,
4147,04/19/2026 10:08:44,26.68,9.28,7.72,26.66,101.528,51608.7,49870.6,32.71,33545.66,101.380,0.05369,,,,
4148,04/19/2026 10:10:44,26.65,9.33,7.76,26.61,101.526,51591.1,49906.2,32.74,33534.21,101.380,0.05355,,,,
4149,04/19/2026 10:12:44,26.62,9.37,7.80,26.56,101.611,51471.6,49843.2,32.69,33456.52,101.380,0.06197,,,,
4150,04/19/2026 10:14:44,26.60,9.43,7.84,26.52,101.593,51421.9,49832.2,32.68,33424.20,101.380,0.06015,,,,
4151,04/19/2026 10:16:44,26.56,9.48,7.89,26.51,101.644,51425.9,49842.3,32.69,33426.80,101.380,0.06527,,,,
4152,04/19/2026 10:18:44,26.57,9.71,8.08,26.61,101.681,51508.4,49823.2,32.68,33480.47,101.380,0.06897,,,,
4153,04/19/2026 10:20:44,26.60,9.88,8.22,26.61,101.733,51523.2,49837.5,32.69,33490.08,101.380,0.07411,,,,
4154,04/19/2026 10:22:44,26.63,10.02,8.34,26.64,101.734,51479.8,49764.6,32.63,33461.89,101.380,0.07420,,,,
4155,04/19/2026 10:24:44,26.64,10.43,8.68,26.65,101.803,51473.9,49749.6,32.62,33458.04,101.380,0.08108,,,,
4156,04/19/2026 10:26:44,26.70,10.64,8.86,26.73,101.788,51506.3,49697.5,32.59,33479.06,101.380,0.07960,,,,
4157,04/19/2026 10:28:44,26.77,11.01,9.17,26.80,101.859,51573.2,49694.4,32.59,33522.59,101.380,0.08664,,,,
4158,04/19/2026 10:30:44,26.83,11.19,9.32,26.86,101.929,51625.9,49683.6,32.58,33556.84,101.380,0.09367,,,,
4159,04/19/2026 10:32:44,26.89,11.56,9.63,26.92,101.897,51652.3,49647.4,32.56,33573.97,101.380,0.09042,,,,
4160,04/19/2026 10:34:44,26.94,11.65,9.70,26.97,101.950,51724.6,49667.8,32.58,33621.00,101.380,0.09570,,,,
4161,04/19/2026 10:36:44,26.99,11.83,9.86,26.98,101.985,51695.0,49630.2,32.55,33601.74,101.380,0.09915,,,,
4162,04/19/2026 10:38:44,27.02,11.91,9.93,27.03,102.020,51644.6,49535.9,32.48,33569.01,101.380,0.10271,,,,
4163,04/19/2026 10:40:44,27.04,11.95,9.96,27.01,102.054,51676.2,49587.6,32.52,33589.50,101.380,0.10607,,,,
4164,04/19/2026 10:42:44,27.06,12.01,10.01,27.08,102.091,51756.1,49590.7,32.52,33641.46,101.380,0.10971,,,,
4165,04/19/2026 10:44:44,27.09,12.03,10.03,27.07,102.091,51764.1,49604.5,32.53,33646.65,101.380,0.10969,,,,
4166,04/19/2026 10:46:44,27.11,12.00,10.00,27.13,102.126,51781.3,49569.0,32.51,33657.82,101.380,0.11327,,,,
4167,04/19/2026 10:48:44,27.15,12.09,10.07,27.20,102.180,51916.1,49624.6,32.55,33745.48,101.380,0.11862,,,,
4168,04/19/2026 10:50:44,27.19,12.23,10.20,27.26,102.165,51912.8,49560.2,32.51,33743.29,101.380,0.11708,,,,
4169,04/19/2026 10:52:44,27.27,12.54,10.46,27.35,102.202,51950.6,49504.9,32.47,33767.90,101.380,0.12077,,,,
4170,04/19/2026 10:54:44,27.34,12.63,10.53,27.37,102.202,51987.6,49521.8,32.48,33791.94,101.380,0.12082,,,,
4171,04/19/2026 10:56:44,27.38,12.68,10.57,27.40,102.255,52054.6,49558.3,32.51,33835.50,101.380,0.12604,,,,
4172,04/19/2026 10:58:44,27.41,12.65,10.55,27.45,102.343,52031.1,49481.1,32.46,33820.22,101.380,0.13477,,,,
4173,04/19/2026 11:00:44,27.47,12.90,10.75,27.50,102.344,52173.5,49567.9,32.52,33912.80,101.380,0.13491,,,,
4174,04/19/2026 11:02:44,27.52,12.85,10.72,27.47,102.395,52110.3,49541.2,32.50,33871.67,101.380,0.13995,,,,
4175,04/19/2026 11:04:44,27.52,12.69,10.58,27.48,102.464,52127.6,49551.5,32.51,33882.92,101.380,0.14682,,,,
4176,04/19/2026 11:06:44,27.52,12.76,10.63,27.48,102.498,52201.7,49615.9,32.56,33931.07,101.380,0.15027,,,,
4177,04/19/2026 11:08:44,27.54,12.73,10.62,27.52,102.551,52201.7,49582.4,32.53,33931.07,101.380,0.15550,,,,
4178,04/19/2026 11:10:44,27.54,12.73,10.61,27.59,102.605,52299.9,49599.5,32.55,33994.91,101.380,0.16087,,,,
4179,04/19/2026 11:12:44,27.57,12.68,10.57,27.56,102.638,52270.6,49605.2,32.55,33975.90,101.380,0.16420,,,,
4180,04/19/2026 11:14:44,27.57,12.63,10.53,27.54,102.707,52309.2,49660.1,32.59,34000.96,101.380,0.17100,,,,
4181,04/19/2026 11:16:44,27.57,12.60,10.50,27.52,102.758,52324.0,49689.4,32.61,34010.59,101.380,0.17609,,,,
4182,04/19/2026 11:18:44,27.56,12.59,10.49,27.52,102.792,52414.3,49778.2,32.68,34069.29,101.380,0.17951,,,,
4183,04/19/2026 11:20:44,27.57,12.55,10.46,27.51,102.895,52363.9,49739.5,32.65,34036.52,101.380,0.18976,,,,
4184,04/19/2026 11:22:44,27.57,12.52,10.43,27.54,102.931,52406.4,49755.4,32.66,34064.14,101.380,0.19326,,,,
4185,04/19/2026 11:24:44,27.57,12.51,10.43,27.53,102.999,52418.6,49770.1,32.67,34072.11,101.380,0.20010,,,,
4186,04/19/2026 11:26:44,27.56,12.57,10.47,27.52,103.068,52486.7,49850.0,32.73,34116.35,101.380,0.20691,,,,
4187,04/19/2026 11:28:44,27.56,12.58,10.48,27.51,103.085,52510.8,49879.0,32.75,34131.99,101.380,0.20861,,,,
4188,04/19/2026 11:30:44,27.55,12.56,10.46,27.50,103.171,52582.9,49962.9,32.81,34178.89,101.380,0.21713,,,,
4189,04/19/2026 11:32:44,27.54,12.51,10.42,27.49,103.239,52566.9,49953.8,32.81,34168.47,101.380,0.22397,,,,
4190,04/19/2026 11:34:44,27.53,12.52,10.42,27.49,103.325,52586.9,49969.8,32.82,34181.51,101.380,0.23254,,,,
4191,04/19/2026 11:36:44,27.54,12.60,10.49,27.50,103.412,52605.7,49981.5,32.83,34193.72,101.380,0.24113,,,,
4192,04/19/2026 11:38:44,27.54,12.50,10.40,27.50,103.377,52595.0,49974.4,32.82,34186.77,101.380,0.23769,,,,
4193,04/19/2026 11:40:44,27.53,12.43,10.35,27.50,103.412,52557.6,49932.8,32.79,34162.45,101.380,0.24114,,,,
4194,04/19/2026 11:42:44,27.54,12.43,10.35,27.52,103.533,52596.4,49957.3,32.81,34187.69,101.380,0.25317,,,,
4195,04/19/2026 11:44:44,27.53,12.20,10.16,27.51,103.584,52557.7,49923.7,32.78,34162.53,101.380,0.25830,,,,
4196,04/19/2026 11:46:44,27.51,12.30,10.24,27.49,103.566,52557.9,49948.3,32.80,34162.60,101.380,0.25651,,,,
4197,04/19/2026 11:48:44,27.53,12.43,10.35,27.51,103.619,52540.5,49913.4,32.78,34151.36,101.380,0.26171,,,,
4198,04/19/2026 11:50:44,27.54,12.41,10.33,27.53,103.705,52543.2,49888.4,32.76,34153.05,101.380,0.27035,,,,
4199,04/19/2026 11:52:44,27.55,12.45,10.37,27.55,103.758,52499.1,49828.1,32.72,34124.39,101.380,0.27555,,,,
4200,04/19/2026 11:54:44,27.57,12.50,10.41,27.56,103.810,52580.6,49893.3,32.76,34177.41,101.380,0.28072,,,,
4201,04/19/2026 11:56:44,27.59,12.64,10.53,27.60,103.811,52528.7,49813.5,32.71,34143.66,101.380,0.28081,,,,
4202,04/19/2026 11:58:44,27.61,12.54,10.45,27.60,103.897,52502.1,49782.1,32.68,34126.34,101.380,0.28940,,,,
4203,04/19/2026 12:00:44,27.62,12.61,10.50,27.61,103.932,52730.7,49989.7,32.84,34274.94,101.380,0.29285,,,,
4204,04/19/2026 12:02:44,27.63,12.61,10.50,27.62,103.949,52698.5,49950.0,32.81,34254.01,101.380,0.29459,,,,
4205,04/19/2026 12:04:44,27.65,12.60,10.49,27.64,103.933,52855.9,50074.6,32.90,34356.32,101.380,0.29295,,,,
4206,04/19/2026 12:06:44,27.67,12.72,10.59,27.68,104.089,52733.5,49921.9,32.79,34276.75,101.380,0.30848,,,,
4207,04/19/2026 12:08:44,27.71,12.77,10.63,27.72,104.107,52897.7,50037.5,32.88,34383.51,101.380,0.31031,,,,
4208,04/19/2026 12:10:44,27.73,12.91,10.74,27.73,104.193,52901.8,50035.3,32.87,34386.15,101.380,0.31889,,,,
4209,04/19/2026 12:12:44,27.77,12.92,10.75,27.80,104.195,52964.0,50026.7,32.87,34426.57,101.380,0.31909,,,,
4210,04/19/2026 12:14:44,27.78,13.02,10.84,27.79,104.178,52935.5,50006.0,32.85,34408.11,101.380,0.31736,,,,
4211,04/19/2026 12:16:44,27.83,13.19,10.99,27.84,104.352,52773.6,49801.2,32.70,34302.85,101.380,0.33464,,,,
4212,04/19/2026 12:18:44,27.86,13.19,10.99,27.89,104.301,52869.3,49848.8,32.74,34365.05,101.380,0.32963,,,,
4213,04/19/2026 12:20:44,27.90,13.40,11.17,27.92,104.509,52808.6,49755.1,32.67,34325.59,101.380,0.35030,,,,
4214,04/19/2026 12:22:44,27.92,13.45,11.21,27.94,104.458,52847.7,49773.7,32.69,34350.99,101.380,0.34521,,,,
4215,04/19/2026 12:24:44,27.96,13.39,11.16,27.96,104.441,52823.4,49735.7,32.66,34335.23,101.380,0.34355,,,,
4216,04/19/2026 12:26:44,27.96,13.24,11.05,27.93,104.647,52643.4,49587.3,32.55,34218.21,101.380,0.36404,,,,
4217,04/19/2026 12:28:44,27.96,13.21,11.02,27.93,104.630,52628.6,49579.4,32.54,34208.56,101.380,0.36231,,,,
4218,04/19/2026 12:30:44,27.96,13.21,11.02,27.92,104.750,52540.3,49502.3,32.49,34151.19,101.380,0.37429,,,,
4219,04/19/2026 12:32:44,27.95,13.06,10.90,27.92,104.784,52472.3,49444.3,32.44,34107.00,101.380,0.37770,,,,
4220,04/19/2026 12:34:44,27.94,12.97,10.83,27.90,104.784,52452.6,49437.8,32.44,34094.20,101.380,0.37766,,,,
4221,04/19/2026 12:36:44,27.93,13.03,10.88,27.90,104.836,52394.2,49388.8,32.40,34056.22,101.380,0.38278,,,,
4222,04/19/2026 12:38:44,27.93,13.04,10.87,27.92,104.853,52899.0,49846.4,32.74,34384.34,101.380,0.38455,,,,
4223,04/19/2026 12:40:44,27.92,13.04,10.87,27.88,105.076,52761.5,49750.2,32.67,34294.95,101.380,0.40673,,,,
4224,04/19/2026 12:42:44,27.92,13.04,10.86,27.88,104.956,53083.5,50053.8,32.89,34504.28,101.380,0.39473,,,,
4225,04/19/2026 12:44:44,27.92,13.00,10.83,27.87,105.007,53006.0,49996.1,32.85,34453.91,101.380,0.39983,,,,
4226,04/19/2026 12:46:44,27.90,12.97,10.80,27.85,105.092,52969.4,49982.9,32.84,34430.10,101.380,0.40833,,,,
4227,04/19/2026 12:48:44,27.89,12.93,10.77,27.81,105.246,52899.0,49956.1,32.82,34384.33,101.380,0.42363,,,,
4228,04/19/2026 12:50:44,27.87,12.88,10.73,27.83,105.299,52877.3,49914.3,32.79,34370.27,101.380,0.42884,,,,
4229,04/19/2026 12:52:44,27.87,12.89,10.74,27.82,105.316,52966.7,50007.8,32.86,34428.34,101.380,0.43053,,,,
4230,04/19/2026 12:54:44,27.85,12.94,10.77,27.80,105.401,52915.2,49974.5,32.83,34394.88,101.380,0.43905,,,,
4231,04/19/2026 12:56:44,27.84,12.86,10.71,27.78,105.469,52846.2,49933.8,32.80,34350.05,101.380,0.44583,,,,
4232,04/19/2026 12:58:44,27.82,12.73,10.60,27.76,105.658,52797.6,49909.3,32.78,34318.46,101.380,0.46461,,,,
4233,04/19/2026 13:00:44,27.79,12.62,10.52,27.72,105.657,52711.5,49861.4,32.75,34262.46,101.380,0.46451,,,,
4234,04/19/2026 13:02:44,27.78,12.53,10.44,27.72,105.760,52707.4,49857.6,32.74,34259.84,101.380,0.47479,,,,
4235,04/19/2026 13:04:44,27.76,12.55,10.45,27.70,105.725,52671.1,49841.5,32.73,34236.20,101.380,0.47131,,,,
4236,04/19/2026 13:06:44,27.76,12.61,10.50,27.74,105.709,52676.4,49813.0,32.71,34239.69,101.380,0.46970,,,,
4237,04/19/2026 13:08:44,27.77,12.69,10.57,27.76,105.916,52638.9,49759.2,32.67,34215.27,101.380,0.49031,,,,
4238,04/19/2026 13:10:44,27.78,12.70,10.59,27.75,105.916,52577.2,49704.0,32.63,34175.20,101.380,0.49030,,,,
4239,04/19/2026 13:12:44,27.79,12.65,10.54,27.77,106.020,52593.4,49704.0,32.63,34185.70,101.380,0.50063,,,,
4240,04/19/2026 13:14:44,27.79,12.61,10.51,27.75,106.089,52527.8,49660.3,32.60,34143.07,101.380,0.50743,,,,
4241,04/19/2026 13:16:44,27.79,12.57,10.48,27.75,106.175,52474.3,49612.7,32.56,34108.30,101.380,0.51599,,,,
4242,04/19/2026 13:18:44,27.78,12.59,10.50,27.75,106.123,52437.0,49571.4,32.53,34084.06,101.380,0.51086,,,,
4243,04/19/2026 13:20:44,27.79,12.57,10.48,27.70,106.311,52390.4,49578.9,32.54,34053.79,101.380,0.52956,,,,
4244,04/19/2026 13:22:44,27.76,12.54,10.46,27.68,106.293,52301.5,49519.1,32.49,33995.99,101.380,0.52777,,,,
4245,04/19/2026 13:24:44,27.73,12.49,10.42,27.65,106.310,52256.4,49500.6,32.48,33966.68,101.380,0.52941,,,,
4246,04/19/2026 13:26:44,27.71,12.39,10.34,27.60,106.256,52134.8,49430.9,32.42,33887.64,101.380,0.52414,,,,
4247,04/19/2026 13:28:44,27.69,12.37,10.30,27.60,106.411,52636.0,49909.1,32.78,34213.38,101.380,0.53955,,,,
4248,04/19/2026 13:30:44,27.69,12.27,10.22,27.61,106.618,52634.6,49895.6,32.77,34212.52,101.380,0.56014,,,,
4249,04/19/2026 13:32:44,27.67,12.23,10.19,27.60,106.532,52611.8,49889.2,32.76,34197.65,101.380,0.55153,,,,
4250,04/19/2026 13:34:44,27.67,12.17,10.14,27.58,106.721,52609.1,49902.0,32.77,34195.94,101.380,0.57033,,,,
4251,04/19/2026 13:36:44,27.67,12.11,10.09,27.59,106.652,52395.3,49696.1,32.62,34056.91,101.380,0.56349,,,,
4252,04/19/2026 13:38:44,27.66,12.07,10.06,27.56,106.789,52384.8,49710.5,32.63,34050.11,101.380,0.57712,,,,
4253,04/19/2026 13:40:44,27.62,12.04,10.03,27.51,106.667,52239.5,49624.4,32.56,33955.67,101.380,0.56498,,,,
4254,04/19/2026 13:42:44,27.59,12.06,10.06,27.50,106.839,52201.4,49594.4,32.54,33930.93,101.380,0.58209,,,,
4255,04/19/2026 13:44:44,27.59,11.87,9.89,27.52,106.822,52214.5,49585.5,32.54,33939.45,101.380,0.58044,,,,
4256,04/19/2026 13:46:44,27.59,11.77,9.82,27.53,106.771,52132.3,49504.4,32.48,33886.02,101.380,0.57531,,,,
4257,04/19/2026 13:48:44,27.59,11.78,9.83,27.53,107.064,52202.9,49568.4,32.52,33931.90,101.380,0.60444,,,,
4258,04/19/2026 13:50:44,27.59,11.71,9.77,27.53,107.064,52152.7,49523.7,32.49,33899.23,101.380,0.60443,,,,
4259,04/19/2026 13:52:44,27.58,11.66,9.73,27.49,106.977,52016.6,49427.8,32.42,33810.79,101.380,0.59577,,,,
4260,04/19/2026 13:54:44,27.58,11.67,9.74,27.52,107.253,52053.4,49441.5,32.43,33834.69,101.380,0.62324,,,,
4261,04/19/2026 13:56:44,27.59,11.70,9.76,27.54,107.271,52052.1,49419.1,32.41,33833.88,101.380,0.62502,,,,
4262,04/19/2026 13:58:44,27.59,11.66,9.72,27.52,107.219,52087.2,49464.5,32.45,33856.66,101.380,0.61985,,,,
4263,04/19/2026 14:00:44,27.58,11.64,9.72,27.50,107.338,51982.4,49392.3,32.39,33788.53,101.380,0.63176,,,,
4264,04/19/2026 14:02:44,27.56,11.65,9.72,27.49,107.493,51987.6,49406.3,32.40,33791.94,101.380,0.64715,,,,
4265,04/19/2026 14:04:44,27.57,11.69,9.76,27.51,107.356,51993.8,49391.0,32.39,33795.97,101.380,0.63351,,,,
4266,04/19/2026 14:06:44,27.55,11.59,9.67,27.47,107.561,51946.6,49388.6,32.39,33765.30,101.380,0.65394,,,,
4267,04/19/2026 14:08:44,27.55,11.53,9.63,27.47,107.630,51919.5,49359.8,32.37,33747.68,101.380,0.66080,,,,
4268,04/19/2026 14:10:44,27.54,11.56,9.65,27.46,107.699,51916.7,49369.3,32.37,33745.88,101.380,0.66762,,,,
4269,04/19/2026 14:12:44,27.53,11.41,9.52,27.45,107.681,51894.3,49351.0,32.36,33731.29,101.380,0.66589,,,,
4270,04/19/2026 14:14:44,27.49,11.35,9.47,27.41,107.680,51862.6,49360.3,32.37,33710.70,101.380,0.66578,,,,
4271,04/19/2026 14:16:44,27.47,11.29,9.42,27.39,107.783,51832.8,49353.2,32.36,33691.35,101.380,0.67599,,,,
4272,04/19/2026 14:18:44,27.44,11.18,9.33,27.37,107.662,51715.2,49265.4,32.29,33614.89,101.380,0.66393,,,,
4273,04/19/2026 14:20:44,27.41,11.06,9.23,27.31,107.729,51722.8,49327.3,32.34,33619.84,101.380,0.67062,,,,
4274,04/19/2026 14:22:44,27.39,10.95,9.13,27.28,107.814,51711.6,49346.9,32.35,33612.54,101.380,0.67909,,,,
4275,04/19/2026 14:24:44,27.34,10.85,9.05,27.25,107.916,51615.5,49288.6,32.31,33550.09,101.380,0.68927,,,,
4276,04/19/2026 14:26:44,27.31,10.68,8.91,27.21,107.967,51604.4,49314.4,32.32,33542.84,101.380,0.69430,,,,
4277,04/19/2026 14:28:44,27.28,10.68,8.92,27.21,107.967,51567.4,49282.1,32.30,33518.81,101.380,0.69429,,,,
4278,04/19/2026 14:30:44,27.27,10.74,8.96,27.22,108.002,51573.8,49273.0,32.29,33522.94,101.380,0.69777,,,,
4279,04/19/2026 14:32:44,27.29,10.82,9.03,27.25,108.071,51612.7,49286.0,32.31,33548.27,101.380,0.70469,,,,
4280,04/19/2026 14:34:44,27.30,10.90,9.10,27.27,108.124,51538.8,49197.2,32.24,33500.21,101.380,0.70988,,,,
4281,04/19/2026 14:36:44,27.32,10.98,9.17,27.30,108.125,51564.6,49185.5,32.23,33517.00,101.380,0.70999,,,,
4282,04/19/2026 14:38:44,27.35,11.03,9.21,27.32,108.160,51505.5,49113.9,32.18,33478.57,101.380,0.71346,,,,
4283,04/19/2026 14:40:44,27.36,11.04,9.22,27.34,108.298,51508.3,49098.5,32.17,33480.38,101.380,0.72723,,,,
4284,04/19/2026 14:42:44,27.38,11.05,9.23,27.32,108.298,51511.8,49113.9,32.18,33482.68,101.380,0.72719,,,,
4285,04/19/2026 14:44:44,27.38,11.03,9.21,27.31,108.314,51463.9,49083.3,32.16,33451.50,101.380,0.72886,,,,
4286,04/19/2026 14:46:44,27.35,10.86,9.07,27.26,108.519,51443.7,49112.4,32.18,33438.41,101.380,0.74927,,,,
4287,04/19/2026 14:48:44,27.33,10.69,8.93,27.25,108.416,51431.8,49110.2,32.18,33430.68,101.380,0.73896,,,,
4288,04/19/2026 14:50:44,27.31,10.61,8.86,27.24,108.536,51407.3,49095.8,32.17,33414.75,101.380,0.75093,,,,
4289,04/19/2026 14:52:44,27.29,10.48,8.76,27.24,108.605,51364.6,49061.1,32.14,33387.00,101.380,0.75776,,,,
4290,04/19/2026 14:54:44,27.28,10.42,8.70,27.22,108.622,51369.8,49078.1,32.15,33390.34,101.380,0.75944,,,,
4291,04/19/2026 14:56:44,27.26,10.29,8.59,27.20,108.690,51353.2,49086.5,32.16,33379.58,101.380,0.76622,,,,
4292,04/19/2026 14:58:44,27.23,10.05,8.40,27.15,108.688,51339.0,49124.3,32.18,33370.35,101.380,0.76607,,,,
4293,04/19/2026 15:00:44,27.18,9.99,8.34,27.09,108.635,51302.0,49146.5,32.20,33346.30,101.380,0.76075,,,,
4294,04/19/2026 15:02:44,27.14,9.90,8.27,27.05,108.634,51292.4,49176.8,32.22,33340.09,101.380,0.76064,,,,
4295,04/19/2026 15:04:44,27.11,9.79,8.17,27.01,108.770,51309.0,49229.1,32.25,33350.82,101.380,0.77423,,,,
4296,04/19/2026 15:06:44,27.07,9.77,8.15,26.99,108.770,51220.4,49162.4,32.21,33293.27,101.380,0.77418,,,,
4297,04/19/2026 15:08:44,27.06,9.77,8.16,27.00,108.839,51185.3,49122.6,32.18,33270.42,101.380,0.78105,,,,
4298,04/19/2026 15:10:44,27.05,9.71,8.10,26.98,108.821,51222.7,49182.9,32.22,33294.77,101.380,0.77926,,,,
4299,04/19/2026 15:12:44,27.03,9.67,8.07,26.96,109.044,51252.7,49226.9,32.25,33314.26,101.380,0.80149,,,,
4300,04/19/2026 15:14:44,27.01,9.62,8.03,26.96,109.010,51262.9,49239.7,32.26,33320.90,101.380,0.79805,,,,
4301,04/19/2026 15:16:44,27.00,9.69,8.08,26.94,108.975,51293.6,49284.4,32.29,33340.84,101.380,0.79458,,,,
4302,04/19/2026 15:18:44,27.01,9.76,8.14,26.96,109.079,51300.9,49270.1,32.28,33345.55,101.380,0.80492,,,,
4303,04/19/2026 15:20:44,27.01,9.80,8.17,26.98,109.183,51341.8,49288.0,32.30,33372.17,101.380,0.81526,,,,
4304,04/19/2026 15:22:44,27.02,9.74,8.13,26.97,109.217,51286.2,49249.9,32.27,33336.02,101.380,0.81865,,,,
4305,04/19/2026 15:24:44,27.02,9.69,8.09,26.96,109.337,51317.4,49288.9,32.30,33356.28,101.380,0.83061,,,,
4306,04/19/2026 15:26:44,27.01,9.72,8.11,26.95,109.251,51304.3,49285.6,32.29,33347.81,101.380,0.82202,,,,
4307,04/19/2026 15:28:44,27.00,9.74,8.13,26.95,109.337,51354.4,49333.7,32.33,33380.34,101.380,0.83058,,,,
4308,04/19/2026 15:30:44,27.01,9.74,8.13,26.95,109.371,51296.9,49281.5,32.29,33342.98,101.380,0.83400,,,,
4309,04/19/2026 15:32:44,27.00,9.74,8.12,26.93,109.302,51401.7,49403.6,32.38,33411.11,101.380,0.82708,,,,
4310,04/19/2026 15:34:44,27.00,9.82,8.19,26.94,109.388,51330.6,49323.0,32.32,33364.89,101.380,0.83568,,,,
4311,04/19/2026 15:36:44,27.00,9.78,8.16,26.94,109.526,51395.9,49385.7,32.37,33407.32,101.380,0.84939,,,,
4312,04/19/2026 15:38:44,27.00,9.81,8.18,26.95,109.406,51371.4,49353.0,32.34,33391.40,101.380,0.83743,,,,
4313,04/19/2026 15:40:44,27.00,9.81,8.18,26.93,109.474,51382.3,49381.9,32.36,33398.52,101.380,0.84422,,,,
4314,04/19/2026 15:42:44,27.00,9.81,8.18,26.93,109.457,51413.6,49415.0,32.39,33418.85,101.380,0.84250,,,,
4315,04/19/2026 15:44:44,26.99,9.88,8.24,26.93,109.491,51434.2,49428.6,32.40,33432.21,101.380,0.84595,,,,
4316,04/19/2026 15:46:44,27.00,9.84,8.20,26.92,109.439,51442.1,49448.5,32.41,33437.36,101.380,0.84077,,,,
4317,04/19/2026 15:48:44,26.97,9.77,8.14,26.90,109.421,51365.8,49399.6,32.38,33387.76,101.380,0.83898,,,,
4318,04/19/2026 15:50:44,26.94,9.71,8.09,26.87,109.610,51398.2,49452.2,32.41,33408.83,101.380,0.85776,,,,
4319,04/19/2026 15:52:44,26.93,9.65,8.04,26.85,109.472,51369.1,49448.6,32.41,33389.88,101.380,0.84399,,,,
4320,04/19/2026 15:54:44,26.90,9.61,8.01,26.82,109.591,51386.8,49490.2,32.44,33401.40,101.380,0.85591,,,,
4321,04/19/2026 15:56:44,26.88,9.55,7.96,26.82,109.522,51381.2,49487.8,32.44,33397.76,101.380,0.84904,,,,
4322,04/19/2026 15:58:44,26.86,9.54,7.96,26.79,109.470,51285.7,49423.4,32.39,33335.69,101.380,0.84382,,,,
4323,04/19/2026 16:00:44,26.84,9.58,7.98,26.78,109.624,51369.8,49522.8,32.46,33390.34,101.380,0.85919,,,,
4324,04/19/2026 16:02:44,26.83,9.61,8.01,26.79,109.676,51366.3,49504.1,32.45,33388.07,101.380,0.86437,,,,
4325,04/19/2026 16:04:44,26.84,9.59,7.99,26.79,109.677,51368.6,49503.3,32.45,33389.58,101.380,0.86438,,,,
4326,04/19/2026 16:06:44,26.83,9.60,8.00,26.79,109.608,51431.8,49570.4,32.50,33430.68,101.380,0.85751,,,,
4327,04/19/2026 16:08:44,26.84,9.61,8.00,26.80,109.763,51446.1,49571.9,32.50,33439.95,101.380,0.87296,,,,
4328,04/19/2026 16:10:44,26.84,9.61,8.00,26.79,109.728,51484.9,49618.5,32.53,33465.17,101.380,0.86951,,,,
4329,04/19/2026 16:12:44,26.83,9.62,8.01,26.78,109.762,51471.8,49615.1,32.53,33456.66,101.380,0.87291,,,,
4330,04/19/2026 16:14:44,26.83,9.62,8.02,26.80,109.832,51478.6,49603.2,32.52,33461.06,101.380,0.87982,,,,
4331,04/19/2026 16:16:44,26.85,9.73,8.11,26.82,109.798,51474.1,49583.5,32.51,33458.20,101.380,0.87644,,,,
4332,04/19/2026 16:18:44,26.86,9.70,8.08,26.83,109.936,51566.2,49659.9,32.56,33518.03,101.380,0.89018,,,,
4333,04/19/2026 16:20:44,26.86,9.71,8.09,26.82,109.849,51551.9,49658.4,32.56,33508.73,101.380,0.88157,,,,
4334,04/19/2026 16:22:44,26.85,9.73,8.11,26.80,109.883,51498.0,49618.8,32.53,33473.68,101.380,0.88496,,,,
4335,04/19/2026 16:24:44,26.85,9.80,8.17,26.81,109.867,51547.9,49657.7,32.56,33506.15,101.380,0.88328,,,,
4336,04/19/2026 16:26:44,26.86,9.80,8.16,26.82,109.850,51517.4,49619.0,32.53,33486.31,101.380,0.88159,,,,
4337,04/19/2026 16:28:44,26.86,9.80,8.16,26.82,109.798,51532.9,49630.9,32.54,33496.36,101.380,0.87646,,,,
4338,04/19/2026 16:30:44,26.87,9.79,8.16,26.83,109.781,51543.2,49637.8,32.55,33503.07,101.380,0.87476,,,,
4339,04/19/2026 16:32:44,26.88,9.88,8.23,26.84,109.919,51585.7,49666.4,32.57,33530.69,101.380,0.88850,,,,
4340,04/19/2026 16:34:44,26.89,9.92,8.26,26.86,109.920,51593.6,49655.6,32.56,33535.86,101.380,0.88855,,,,
4341,04/19/2026 16:36:44,26.90,9.92,8.26,26.85,109.868,51594.8,49662.9,32.57,33536.63,101.380,0.88340,,,,
4342,04/19/2026 16:38:44,26.90,10.00,8.33,26.86,109.851,51584.5,49646.8,32.56,33529.92,101.380,0.88170,,,,
4343,04/19/2026 16:40:44,26.91,9.98,8.31,26.88,109.748,51596.4,49636.8,32.55,33537.68,101.380,0.87149,,,,
4344,04/19/2026 16:42:44,26.92,9.98,8.31,26.86,109.782,51598.8,49660.5,32.57,33539.22,101.380,0.87485,,,,
4345,04/19/2026 16:44:44,26.92,9.98,8.31,26.86,109.851,51627.5,49685.1,32.58,33557.85,101.380,0.88171,,,,
4346,04/19/2026 16:46:44,26.92,10.02,8.34,26.86,109.851,51592.4,49648.3,32.56,33535.09,101.380,0.88172,,,,
4347,04/19/2026 16:48:44,26.91,10.02,8.35,26.86,109.782,51640.6,49694.6,32.59,33566.38,101.380,0.87487,,,,
4348,04/19/2026 16:50:44,26.91,10.06,8.38,26.87,109.834,51614.3,49666.3,32.57,33549.31,101.380,0.88002,,,,
4349,04/19/2026 16:52:44,26.92,10.08,8.40,26.87,109.920,51663.7,49710.7,32.60,33581.41,101.380,0.88859,,,,
4350,04/19/2026 16:54:44,26.92,10.09,8.41,26.87,109.954,51667.7,49711.4,32.60,33584.00,101.380,0.89202,,,,
4351,04/19/2026 16:56:44,26.92,10.10,8.41,26.87,110.006,51614.7,49663.6,32.57,33549.56,101.380,0.89716,,,,
4352,04/19/2026 16:58:44,26.92,10.07,8.38,26.85,110.005,51639.4,49705.8,32.60,33565.61,101.380,0.89710,,,,
4353,04/19/2026 17:00:44,26.91,10.00,8.32,26.83,110.005,51661.3,49745.3,32.63,33579.84,101.380,0.89705,,,,
4354,04/19/2026 17:02:44,26.89,9.93,8.27,26.81,109.901,51610.7,49718.2,32.61,33546.98,101.380,0.88670,,,,
4355,04/19/2026 17:04:44,26.88,9.82,8.18,26.79,109.900,51680.5,49803.9,32.67,33592.30,101.380,0.88665,,,,
4356,04/19/2026 17:06:44,26.86,9.77,8.13,26.77,109.986,51669.3,49814.7,32.68,33585.02,101.380,0.89515,,,,
4357,04/19/2026 17:08:44,26.83,9.75,8.12,26.76,109.934,51640.2,49795.9,32.66,33566.13,101.380,0.88999,,,,
4358,04/19/2026 17:10:44,26.83,9.70,8.07,26.75,110.020,51640.6,49811.7,32.67,33566.38,101.380,0.89850,,,,
4359,04/19/2026 17:12:44,26.81,9.65,8.03,26.73,109.933,51656.1,49842.1,32.70,33576.48,101.380,0.88989,,,,
4360,04/19/2026 17:14:44,26.79,9.58,7.97,26.72,109.933,51645.4,49847.2,32.70,33569.49,101.380,0.88985,,,,
4361,04/19/2026 17:16:44,26.78,9.52,7.92,26.70,109.984,51658.5,49875.4,32.72,33578.04,101.380,0.89494,,,,
4362,04/19/2026 17:18:44,26.76,9.44,7.86,26.69,110.001,51654.9,49881.2,32.72,33575.70,101.380,0.89663,,,,
4363,04/19/2026 17:20:44,26.75,9.40,7.82,26.69,110.018,51676.9,49902.4,32.74,33589.95,101.380,0.89834,,,,
4364,04/19/2026 17:22:44,26.76,9.40,7.82,26.70,109.829,51693.6,49912.4,32.75,33600.86,101.380,0.87952,,,,
4365,04/19/2026 17:24:44,26.76,9.47,7.88,26.71,109.915,51690.0,49896.5,32.73,33598.50,101.380,0.88812,,,,
4366,04/19/2026 17:26:44,26.77,9.34,7.77,26.72,109.829,51694.0,49888.0,32.73,33601.09,101.380,0.87959,,,,
4367,04/19/2026 17:28:44,26.78,9.28,7.72,26.73,109.847,51749.5,49938.5,32.77,33637.20,101.380,0.88131,,,,
4368,04/19/2026 17:30:44,26.78,9.25,7.69,26.73,109.881,51708.4,49892.5,32.73,33610.43,101.380,0.88476,,,,
4369,04/19/2026 17:32:44,26.78,9.20,7.66,26.73,109.812,51725.1,49911.8,32.75,33621.33,101.380,0.87789,,,,
4370,04/19/2026 17:34:44,26.79,9.17,7.63,26.73,109.830,51747.1,49936.2,32.76,33635.63,101.380,0.87960,,,,
4371,04/19/2026 17:36:44,26.79,9.16,7.62,26.73,109.881,51761.9,49950.4,32.77,33645.21,101.380,0.88474,,,,
4372,04/19/2026 17:38:44,26.78,9.15,7.61,26.72,109.812,51777.1,49968.2,32.79,33655.12,101.380,0.87788,,,,
4373,04/19/2026 17:40:44,26.78,9.12,7.58,26.72,109.812,51751.1,49946.2,32.77,33638.21,101.380,0.87787,,,,
4374,04/19/2026 17:42:44,26.78,9.08,7.55,26.72,109.846,51764.3,49962.0,32.78,33646.79,101.380,0.88129,,,,
4375,04/19/2026 17:44:44,26.79,9.03,7.51,26.72,109.795,51815.1,50004.9,32.81,33679.82,101.380,0.87616,,,,
4376,04/19/2026 17:46:44,26.78,8.98,7.47,26.72,109.726,51784.2,49981.3,32.80,33659.75,101.380,0.86929,,,,
4377,04/19/2026 17:48:44,26.77,8.93,7.43,26.71,109.760,51819.4,50021.5,32.83,33682.63,101.380,0.87270,,,,
4378,04/19/2026 17:50:44,26.77,8.91,7.41,26.71,109.795,51847.9,50049.0,32.85,33701.16,101.380,0.87613,,,,
4379,04/19/2026 17:52:44,26.77,8.89,7.39,26.71,109.691,51847.9,50049.0,32.85,33701.16,101.380,0.86585,,,,
4380,04/19/2026 17:54:44,26.77,8.90,7.40,26.71,109.674,51875.6,50072.5,32.86,33719.13,101.380,0.86415,,,,
4381,04/19/2026 17:56:44,26.77,8.90,7.40,26.73,109.657,51859.6,50044.7,32.84,33708.73,101.380,0.86247,,,,
4382,04/19/2026 17:58:44,26.77,8.80,7.32,26.72,109.640,51894.0,50084.1,32.87,33731.10,101.380,0.86074,,,,
4383,04/19/2026 18:00:44,26.77,8.78,7.30,26.73,109.571,51907.2,50090.7,32.88,33739.70,101.380,0.85390,,,,
4384,04/19/2026 18:02:44,26.78,8.73,7.26,26.73,109.468,51878.3,50062.8,32.86,33720.92,101.380,0.84363,,,,
4385,04/19/2026 18:04:44,26.78,8.71,7.24,26.73,109.502,51856.3,50038.4,32.84,33706.56,101.380,0.84706,,,,
4386,04/19/2026 18:06:44,26.79,8.62,7.16,26.73,109.365,51931.8,50111.3,32.89,33755.68,101.380,0.83336,,,,
4387,04/19/2026 18:08:44,26.79,8.55,7.11,26.73,109.313,51921.4,50098.1,32.88,33748.89,101.380,0.82823,,,,
4388,04/19/2026 18:10:44,26.79,8.60,7.15,26.74,109.399,51907.2,50081.3,32.87,33739.70,101.380,0.83680,,,,
4389,04/19/2026 18:12:44,26.79,8.56,7.11,26.74,109.365,51955.8,50125.1,32.90,33771.28,101.380,0.83338,,,,
4390,04/19/2026 18:14:44,26.79,8.52,7.08,26.74,109.331,51963.8,50129.7,32.91,33776.48,101.380,0.82997,,,,
4391,04/19/2026 18:16:44,26.79,8.44,7.02,26.74,109.331,51930.9,50101.1,32.89,33755.08,101.380,0.82996,,,,
4392,04/19/2026 18:18:44,26.79,8.42,7.00,26.74,109.330,51967.5,50139.5,32.91,33778.88,101.380,0.82995,,,,
4393,04/19/2026 18:20:44,26.79,8.37,6.96,26.74,109.330,51966.6,50138.6,32.91,33778.27,101.380,0.82995,,,,
4394,04/19/2026 18:22:44,26.79,8.22,6.84,26.73,109.416,51992.5,50166.7,32.93,33795.10,101.380,0.83851,,,,
4395,04/19/2026 18:24:44,26.80,8.18,6.80,26.73,109.382,52015.2,50188.6,32.95,33809.90,101.380,0.83508,,,,
4396,04/19/2026 18:26:44,26.79,8.18,6.80,26.73,109.227,52001.7,50181.8,32.95,33801.11,101.380,0.81964,,,,
4397,04/19/2026 18:28:44,26.78,7.86,6.53,26.72,109.261,52064.9,50246.0,32.99,33842.21,101.380,0.82306,,,,
4398,04/19/2026 18:30:44,26.78,7.92,6.58,26.72,109.209,52054.2,50241.8,32.99,33835.21,101.380,0.81790,,,,
4399,04/19/2026 18:32:44,26.78,8.06,6.70,26.71,109.158,51994.0,50190.0,32.95,33796.09,101.380,0.81275,,,,
4400,04/19/2026 18:34:44,26.77,7.94,6.60,26.70,109.243,52092.5,50294.4,33.03,33860.11,101.380,0.82128,,,,
4401,04/19/2026 18:36:44,26.77,7.85,6.52,26.70,109.209,52086.0,50294.3,33.03,33855.88,101.380,0.81784,,,,
4402,04/19/2026 18:38:44,26.76,7.80,6.48,26.69,109.226,52087.5,50302.0,33.03,33856.86,101.380,0.81954,,,,
4403,04/19/2026 18:40:44,26.75,7.50,6.23,26.69,109.088,52140.1,50352.8,33.07,33891.06,101.380,0.80583,,,,
4404,04/19/2026 18:42:44,26.74,7.26,6.03,26.68,109.139,52127.3,50353.0,33.07,33882.75,101.380,0.81093,,,,
4405,04/19/2026 18:44:44,26.73,7.15,5.93,26.67,109.105,52156.1,50393.3,33.10,33901.49,101.380,0.80747,,,,
4406,04/19/2026 18:46:44,26.72,7.10,5.89,26.66,109.001,52131.1,50378.5,33.09,33885.19,101.380,0.79717,,,,
4407,04/19/2026 18:48:44,26.72,6.94,5.76,26.64,109.001,52223.5,50480.3,33.16,33945.24,101.380,0.79713,,,,
4408,04/19/2026 18:50:44,26.70,6.99,5.80,26.63,108.966,52202.3,50478.7,33.16,33931.52,101.380,0.79365,,,,
4409,04/19/2026 18:52:44,26.68,6.86,5.69,26.63,108.914,52214.2,50490.1,33.17,33939.20,101.380,0.78851,,,,
4410,04/19/2026 18:54:44,26.68,6.85,5.68,26.62,108.810,52198.3,50481.1,33.16,33928.91,101.380,0.77822,,,,
4411,04/19/2026 18:56:44,26.68,6.92,5.74,26.62,108.793,52234.0,50518.7,33.19,33952.11,101.380,0.77650,,,,
4412,04/19/2026 18:58:44,26.68,7.03,5.83,26.61,108.827,52227.5,50515.5,33.19,33947.85,101.380,0.77991,,,,
4413,04/19/2026 19:00:44,26.66,6.70,5.56,26.61,108.741,52240.8,50534.7,33.20,33956.51,101.380,0.77133,,,,
4414,04/19/2026 19:02:44,26.66,6.58,5.46,26.60,108.861,52289.9,50591.6,33.24,33988.40,101.380,0.78329,,,,
4415,04/19/2026 19:04:44,26.65,6.53,5.42,26.59,108.827,52305.7,50616.4,33.26,33998.73,101.380,0.77984,,,,
4416,04/19/2026 19:06:44,26.64,6.55,5.44,26.58,108.740,52356.2,50674.7,33.30,34031.52,101.380,0.77125,,,,
4417,04/19/2026 19:08:44,26.64,6.56,5.44,26.57,108.654,52311.0,50640.4,33.28,34002.17,101.380,0.76266,,,,
4418,04/19/2026 19:10:44,26.63,6.58,5.46,26.56,108.654,52342.8,50680.7,33.31,34022.84,101.380,0.76263,,,,
4419,04/19/2026 19:12:44,26.61,6.67,5.53,26.55,108.567,52370.8,50717.2,33.33,34041.03,101.380,0.75404,,,,
4420,04/19/2026 19:14:44,26.60,6.63,5.50,26.54,108.515,52370.8,50726.6,33.34,34041.03,101.380,0.74887,,,,
4421,04/19/2026 19:16:44,26.60,6.60,5.47,26.54,108.481,52381.6,50740.3,33.35,34048.05,101.380,0.74544,,,,
4422,04/19/2026 19:18:44,26.60,6.56,5.44,26.53,108.463,52372.3,50740.7,33.35,34041.98,101.380,0.74370,,,,
4423,04/19/2026 19:20:44,26.59,6.47,5.36,26.53,108.308,52401.4,50768.9,33.37,34060.91,101.380,0.72828,,,,
4424,04/19/2026 19:22:44,26.59,6.41,5.32,26.53,108.343,52401.4,50768.9,33.37,34060.91,101.380,0.73171,,,,
4425,04/19/2026 19:24:44,26.59,6.31,5.23,26.52,108.360,52422.8,50799.1,33.39,34074.83,101.380,0.73339,,,,
4426,04/19/2026 19:26:44,26.58,6.25,5.18,26.52,108.325,52428.1,50804.3,33.40,34078.29,101.380,0.72997,,,,
4427,04/19/2026 19:28:44,26.58,6.08,5.03,26.51,108.239,52469.4,50853.8,33.43,34105.12,101.380,0.72137,,,,
4428,04/19/2026 19:30:44,26.57,5.82,4.83,26.50,108.308,52485.5,50878.9,33.45,34115.60,101.380,0.72820,,,,
4429,04/19/2026 19:32:44,26.56,5.66,4.69,26.50,108.290,52482.8,50876.2,33.45,34113.82,101.380,0.72649,,,,
4430,04/19/2026 19:34:44,26.56,5.49,4.55,26.50,108.067,52510.8,50906.5,33.47,34131.99,101.380,0.70421,,,,
4431,04/19/2026 19:36:44,26.56,5.40,4.47,26.50,108.101,52512.2,50907.9,33.47,34132.92,101.380,0.70764,,,,
4432,04/19/2026 19:38:44,26.55,5.57,4.61,26.50,108.135,52501.5,50900.7,33.47,34125.99,101.380,0.71105,,,,
4433,04/19/2026 19:40:44,26.55,5.56,4.61,26.49,108.032,52526.9,50928.4,33.49,34142.48,101.380,0.70076,,,,
4434,04/19/2026 19:42:44,26.55,5.64,4.68,26.49,108.083,52540.3,50944.6,33.50,34151.19,101.380,0.70590,,,,
4435,04/19/2026 19:44:44,26.54,5.55,4.59,26.49,107.980,52564.4,50974.3,33.52,34166.84,101.380,0.69560,,,,
4436,04/19/2026 19:46:44,26.55,5.62,4.65,26.48,108.083,52561.7,50974.9,33.52,34165.07,101.380,0.70587,,,,
4437,04/19/2026 19:48:44,26.54,5.43,4.50,26.48,108.083,52555.1,50974.9,33.52,34160.83,101.380,0.70585,,,,
4438,04/19/2026 19:50:44,26.54,5.52,4.57,26.48,108.031,52628.7,51043.0,33.57,34208.62,101.380,0.70072,,,,
4439,04/19/2026 19:52:44,26.53,5.42,4.49,26.47,108.031,52577.8,51006.4,33.54,34175.56,101.380,0.70069,,,,
4440,04/19/2026 19:54:44,26.52,5.38,4.46,26.46,107.996,52589.9,51027.7,33.56,34183.43,101.380,0.69723,,,,
4441,04/19/2026 19:56:44,26.51,5.54,4.59,26.45,107.996,52561.8,51009.9,33.55,34165.15,101.380,0.69720,,,,
4442,04/19/2026 19:58:44,26.51,5.71,4.73,26.44,107.875,52589.9,51049.9,33.57,34183.43,101.380,0.68518,,,,
4443,04/19/2026 20:00:44,26.49,5.69,4.71,26.43,107.806,52600.6,51066.6,33.59,34190.38,101.380,0.67831,,,,
4444,04/19/2026 20:02:44,26.49,5.76,4.77,26.42,107.737,52592.6,51065.3,33.59,34185.20,101.380,0.67144,,,,
4445,04/19/2026 20:04:44,26.48,5.62,4.66,26.42,107.858,52590.0,51065.9,33.59,34183.50,101.380,0.68342,,,,
4446,04/19/2026 20:06:44,26.48,5.45,4.51,26.42,107.720,52546.0,51026.3,33.56,34154.90,101.380,0.66971,,,,
4447,04/19/2026 20:08:44,26.48,5.39,4.46,26.42,107.668,52627.4,51108.6,33.62,34207.84,101.380,0.66456,,,,
4448,04/19/2026 20:10:44,26.46,5.55,4.60,26.40,107.530,52590.1,51091.4,33.60,34183.57,101.380,0.65080,,,,
4449,04/19/2026 20:12:44,26.46,5.72,4.74,26.38,107.598,52590.1,51104.2,33.61,34183.57,101.380,0.65762,,,,
4450,04/19/2026 20:14:44,26.44,6.59,5.45,26.38,107.477,52567.3,51091.6,33.60,34168.77,101.380,0.64560,,,,
4451,04/19/2026 20:16:44,26.44,6.76,5.60,26.36,107.529,52571.4,51108.3,33.61,34171.39,101.380,0.65071,,,,
4452,04/19/2026 20:18:44,26.42,6.94,5.74,26.36,107.460,52570.1,51107.0,33.61,34170.54,101.380,0.64385,,,,
4453,04/19/2026 20:20:44,26.42,6.78,5.61,26.36,107.460,52583.5,51120.0,33.62,34179.26,101.380,0.64385,,,,
4454,04/19/2026 20:22:44,26.42,6.71,5.55,26.36,107.425,52627.6,51166.1,33.66,34207.96,101.380,0.64042,,,,
4455,04/19/2026 20:24:44,26.42,6.59,5.46,26.36,107.442,52632.9,51174.4,33.66,34211.37,101.380,0.64212,,,,
4456,04/19/2026 20:26:44,26.42,6.50,5.38,26.35,107.442,52614.2,51159.5,33.65,34199.24,101.380,0.64211,,,,
4457,04/19/2026 20:28:44,26.41,6.38,5.28,26.35,107.425,52618.3,51169.8,33.66,34201.87,101.380,0.64038,,,,
4458,04/19/2026 20:30:44,26.40,6.28,5.19,26.34,107.270,52622.3,51186.5,33.67,34204.49,101.380,0.62493,,,,
4459,04/19/2026 20:32:44,26.39,6.15,5.09,26.33,107.338,52598.2,51169.4,33.66,34188.82,101.380,0.63177,,,,
4460,04/19/2026 20:34:44,26.38,6.24,5.16,26.31,107.338,52602.2,51189.3,33.67,34191.45,101.380,0.63172,,,,
4461,04/19/2026 20:36:44,26.38,6.13,5.07,26.31,107.252,52582.3,51176.3,33.66,34178.48,101.380,0.62314,,,,
4462,04/19/2026 20:38:44,26.37,5.98,4.95,26.30,107.131,52598.3,51198.2,33.68,34188.89,101.380,0.61113,,,,
4463,04/19/2026 20:40:44,26.35,5.94,4.91,26.29,107.165,52583.6,51196.7,33.68,34179.33,101.380,0.61452,,,,
4464,04/19/2026 20:42:44,26.35,6.11,5.05,26.28,107.165,52555.6,51182.2,33.67,34161.14,101.380,0.61449,,,,
4465,04/19/2026 20:44:44,26.34,6.12,5.07,26.27,107.044,52533.0,51166.6,33.65,34146.45,101.380,0.60248,,,,
4466,04/19/2026 20:46:44,26.33,6.16,5.10,26.26,106.992,52543.6,51189.7,33.67,34153.36,101.380,0.59730,,,,
4467,04/19/2026 20:48:44,26.32,6.13,5.07,26.25,106.888,52523.6,51179.8,33.66,34140.36,101.380,0.58700,,,,
4468,04/19/2026 20:50:44,26.31,6.19,5.12,26.24,107.060,52554.3,51219.3,33.69,34160.29,101.380,0.60410,,,,
4469,04/19/2026 20:52:44,26.30,6.25,5.17,26.23,107.060,52482.4,51158.8,33.65,34113.54,101.380,0.60408,,,,
4470,04/19/2026 20:54:44,26.29,6.05,5.00,26.23,106.991,52547.7,51225.6,33.70,34155.98,101.380,0.59722,,,,
4471,04/19/2026 20:56:44,26.29,6.05,5.00,26.24,106.991,52542.5,51210.9,33.69,34152.60,101.380,0.59724,,,,
4472,04/19/2026 20:58:44,26.28,6.10,5.04,26.23,106.905,52537.0,51212.0,33.69,34149.06,101.380,0.58866,,,,
4473,04/19/2026 21:00:44,26.28,5.99,4.95,26.22,107.008,52521.0,51209.3,33.68,34138.68,101.380,0.59890,,,,
4474,04/19/2026 21:02:44,26.28,5.95,4.92,26.22,107.025,52527.8,51219.0,33.69,34143.06,101.380,0.60061,,,,
4475,04/19/2026 21:04:44,26.28,5.93,4.90,26.21,106.973,52513.1,51211.1,33.68,34133.52,101.380,0.59545,,,,
4476,04/19/2026 21:06:44,26.27,5.89,4.87,26.21,106.870,52537.1,51231.3,33.70,34149.14,101.380,0.58518,,,,
4477,04/19/2026 21:08:44,26.27,5.91,4.89,26.21,106.904,52514.6,51212.5,33.69,34134.46,101.380,0.58860,,,,
4478,04/19/2026 21:10:44,26.27,5.98,4.95,26.21,106.939,52551.8,51245.7,33.71,34158.68,101.380,0.59203,,,,
4479,04/19/2026 21:12:44,26.27,6.05,5.00,26.21,106.818,52593.2,51286.0,33.74,34185.56,101.380,0.58004,,,,
4480,04/19/2026 21:14:44,26.27,6.08,5.03,26.23,107.008,52607.9,51287.5,33.74,34195.12,101.380,0.59892,,,,
4481,04/19/2026 21:16:44,26.28,6.11,5.05,26.24,106.888,52567.9,51239.0,33.71,34169.15,101.380,0.58695,,,,
4482,04/19/2026 21:18:44,26.29,6.27,5.18,26.27,106.820,52685.4,51321.5,33.77,34245.53,101.380,0.58019,,,,
4483,04/19/2026 21:20:44,26.31,6.15,5.09,26.26,106.889,52606.6,51247.8,33.71,34194.27,101.380,0.58703,,,,
4484,04/19/2026 21:22:44,26.31,6.07,5.02,26.27,106.820,52612.0,51249.9,33.72,34197.80,101.380,0.58019,,,,
4485,04/19/2026 21:24:44,26.32,6.08,5.03,26.27,106.734,52672.1,51305.3,33.76,34236.86,101.380,0.57164,,,,
4486,04/19/2026 21:26:44,26.32,6.01,4.97,26.27,106.820,52614.6,51242.9,33.71,34199.51,101.380,0.58022,,,,
4487,04/19/2026 21:28:44,26.33,6.07,5.02,26.29,106.872,52652.0,51266.5,33.73,34223.82,101.380,0.58539,,,,
4488,04/19/2026 21:30:44,26.34,6.11,5.05,26.30,106.769,52587.9,51194.5,33.68,34182.16,101.380,0.57514,,,,
4489,04/19/2026 21:32:44,26.35,6.12,5.06,26.31,106.752,52628.0,51220.8,33.70,34208.21,101.380,0.57346,,,,
4490,04/19/2026 21:34:44,26.36,6.25,5.17,26.31,106.649,52630.6,51216.9,33.69,34209.91,101.380,0.56320,,,,
4491,04/19/2026 21:36:44,26.37,6.20,5.13,26.32,106.580,52608.0,51188.5,33.67,34195.19,101.380,0.55637,,,,
4492,04/19/2026 21:38:44,26.37,6.07,5.02,26.32,106.649,52632.1,51215.1,33.69,34210.83,101.380,0.56321,,,,
4493,04/19/2026 21:40:44,26.37,6.07,5.02,26.32,106.701,52630.7,51210.6,33.69,34209.98,101.380,0.56836,,,,
4494,04/19/2026 21:42:44,26.38,6.24,5.16,26.33,106.632,52609.4,51183.5,33.67,34196.10,101.380,0.56153,,,,
4495,04/19/2026 21:44:44,26.38,6.13,5.07,26.33,106.667,52628.0,51201.6,33.68,34208.21,101.380,0.56495,,,,
4496,04/19/2026 21:46:44,26.37,6.19,5.12,26.32,106.546,52600.0,51180.8,33.67,34190.02,101.380,0.55294,,,,
4497,04/19/2026 21:48:44,26.37,6.14,5.08,26.31,106.477,52578.7,51169.6,33.66,34176.15,101.380,0.54606,,,,
4498,04/19/2026 21:50:44,26.36,6.04,4.99,26.29,106.683,52604.0,51219.7,33.69,34192.57,101.380,0.56655,,,,
4499,04/19/2026 21:52:44,26.34,6.16,5.09,26.28,106.510,52613.3,51238.4,33.71,34198.65,101.380,0.54939,,,,
4500,04/19/2026 21:54:44,26.33,6.21,5.14,26.27,106.579,52562.7,51192.3,33.67,34165.76,101.380,0.55624,,,,
4501,04/19/2026 21:56:44,26.33,6.15,5.09,26.27,106.527,52604.1,51239.0,33.71,34192.63,101.380,0.55108,,,,
4502,04/19/2026 21:58:44,26.33,6.16,5.10,26.27,106.562,52592.1,51227.3,33.70,34184.85,101.380,0.55451,,,,
4503,04/19/2026 22:00:44,26.32,6.19,5.12,26.27,106.613,52502.9,51143.6,33.64,34126.88,101.380,0.55964,,,,
4504,04/19/2026 22:02:44,26.33,6.14,5.08,26.26,106.682,52528.2,51171.4,33.66,34143.31,101.380,0.56648,,,,
4505,04/19/2026 22:04:44,26.32,6.17,5.10,26.26,106.579,52530.8,51180.4,33.66,34145.00,101.380,0.55618,,,,
4506,04/19/2026 22:06:44,26.31,6.17,5.11,26.25,106.544,52521.4,51180.9,33.66,34138.92,101.380,0.55273,,,,
4507,04/19/2026 22:08:44,26.31,6.23,5.16,26.24,106.630,52489.5,51156.2,33.64,34118.20,101.380,0.56128,,,,
4508,04/19/2026 22:10:44,26.30,6.15,5.09,26.24,106.682,52521.4,51184.1,33.67,34138.92,101.380,0.56643,,,,
4509,04/19/2026 22:12:44,26.30,6.22,5.15,26.24,106.613,52454.9,51125.6,33.62,34095.71,101.380,0.55956,,,,
4510,04/19/2026 22:14:44,26.29,6.30,5.21,26.23,106.664,52474.9,51157.9,33.65,34108.68,101.380,0.56466,,,,
4511,04/19/2026 22:16:44,26.28,6.29,5.20,26.23,106.767,52470.9,51153.9,33.64,34106.06,101.380,0.57494,,,,
4512,04/19/2026 22:18:44,26.28,6.23,5.15,26.22,106.612,52461.7,51148.2,33.64,34100.10,101.380,0.55951,,,,
4513,04/19/2026 22:20:44,26.28,6.25,5.17,26.21,106.732,52429.9,51126.8,33.62,34079.42,101.380,0.57148,,,,
4514,04/19/2026 22:22:44,26.28,6.26,5.18,26.21,106.715,52397.9,51102.0,33.60,34058.65,101.380,0.56975,,,,
4515,04/19/2026 22:24:44,26.26,6.29,5.20,26.20,106.594,52460.3,51169.2,33.65,34099.17,101.380,0.55774,,,,
4516,04/19/2026 22:26:44,26.26,6.31,5.22,26.20,106.422,52451.1,51166.6,33.65,34093.20,101.380,0.54059,,,,
4517,04/19/2026 22:28:44,26.25,6.31,5.22,26.18,106.628,52403.4,51132.9,33.63,34062.21,101.380,0.56111,,,,
4518,04/19/2026 22:30:44,26.23,6.29,5.21,26.17,106.507,52374.2,51113.9,33.61,34043.22,101.380,0.54910,,,,
4519,04/19/2026 22:32:44,26.23,6.20,5.13,26.17,106.593,52387.3,51133.2,33.62,34051.77,101.380,0.55764,,,,
4520,04/19/2026 22:34:44,26.23,6.18,5.11,26.16,106.558,52397.9,51156.3,33.64,34058.65,101.380,0.55418,,,,
4521,04/19/2026 22:36:44,26.22,6.09,5.04,26.15,106.507,52367.6,51129.9,33.62,34038.96,101.380,0.54903,,,,
4522,04/19/2026 22:38:44,26.20,6.02,4.98,26.14,106.369,52366.2,51141.2,33.63,34038.01,101.380,0.53529,,,,
4523,04/19/2026 22:40:44,26.19,5.98,4.95,26.13,106.506,52349.0,51140.5,33.63,34026.88,101.380,0.54895,,,,
4524,04/19/2026 22:42:44,26.19,5.87,4.86,26.12,106.420,52352.9,51153.9,33.64,34029.36,101.380,0.54036,,,,
4525,04/19/2026 22:44:44,26.17,5.71,4.72,26.10,106.505,52319.9,51134.4,33.62,34007.93,101.380,0.54889,,,,
4526,04/19/2026 22:46:44,26.16,5.51,4.56,26.08,106.350,52298.8,51136.2,33.62,33994.20,101.380,0.53341,,,,
4527,04/19/2026 22:48:44,26.14,5.41,4.47,26.07,106.229,52275.2,51122.7,33.61,33978.85,101.380,0.52140,,,,
4528,04/19/2026 22:50:44,26.13,5.33,4.41,26.06,106.332,52249.9,51110.7,33.60,33962.41,101.380,0.53164,,,,
4529,04/19/2026 22:52:44,26.12,5.22,4.32,26.05,106.280,52296.2,51165.7,33.64,33992.55,101.380,0.52647,,,,
4530,04/19/2026 22:54:44,26.12,5.10,4.22,26.05,106.280,52300.0,51172.6,33.65,33995.03,101.380,0.52647,,,,
4531,04/19/2026 22:56:44,26.11,5.04,4.17,26.05,106.211,52265.9,51142.4,33.63,33972.82,101.380,0.51961,,,,
4532,04/19/2026 22:58:44,26.11,5.00,4.13,26.05,106.297,52296.0,51168.7,33.65,33992.43,101.380,0.52818,,,,
4533,04/19/2026 23:00:44,26.10,4.95,4.09,26.05,106.263,52305.3,51181.0,33.65,33998.46,101.380,0.52474,,,,
4534,04/19/2026 23:02:44,26.10,4.90,4.05,26.05,106.177,52339.7,51214.7,33.68,34020.83,101.380,0.51618,,,,
4535,04/19/2026 23:04:44,26.10,4.85,4.01,26.04,106.211,52310.6,51192.6,33.66,34001.89,101.380,0.51959,,,,
4536,04/19/2026 23:06:44,26.10,4.85,4.01,26.03,106.279,52317.3,51205.6,33.67,34006.27,101.380,0.52642,,,,
4537,04/19/2026 23:08:44,26.09,4.82,3.99,26.03,106.193,52284.4,51176.6,33.65,33984.87,101.380,0.51785,,,,
4538,04/19/2026 23:10:44,26.08,4.78,3.95,26.03,106.159,52312.1,51206.8,33.67,34002.84,101.380,0.51441,,,,
4539,04/19/2026 23:12:44,26.08,4.70,3.88,26.03,106.245,52318.8,51213.4,33.68,34007.22,101.380,0.52298,,,,
4540,04/19/2026 23:14:44,26.08,4.59,3.80,26.03,106.176,52277.7,51173.2,33.65,33980.49,101.380,0.51613,,,,
4541,04/19/2026 23:16:44,26.08,4.55,3.76,26.02,106.245,52322.6,51223.6,33.69,34009.70,101.380,0.52296,,,,
4542,04/19/2026 23:18:44,26.08,4.52,3.74,26.02,106.158,52250.1,51155.7,33.63,33962.55,101.380,0.51439,,,,
4543,04/19/2026 23:20:44,26.07,4.51,3.73,26.02,106.072,52334.5,51241.6,33.70,34017.39,101.380,0.50582,,,,
4544,04/19/2026 23:22:44,26.07,4.44,3.67,26.01,106.141,52316.1,51226.8,33.69,34005.45,101.380,0.51266,,,,
4545,04/19/2026 23:24:44,26.07,4.35,3.59,26.01,106.158,52277.9,51192.6,33.66,33980.62,101.380,0.51436,,,,
4546,04/19/2026 23:26:44,26.07,4.34,3.59,26.01,106.072,52256.8,51175.1,33.65,33966.93,101.380,0.50579,,,,
4547,04/19/2026 23:28:44,26.06,4.32,3.57,26.00,106.244,52242.3,51167.3,33.64,33957.49,101.380,0.52290,,,,
4548,04/19/2026 23:30:44,26.06,4.30,3.56,26.00,106.192,52217.2,51146.0,33.63,33941.21,101.380,0.51775,,,,
4549,04/19/2026 23:32:44,26.06,4.34,3.59,25.99,106.175,52251.3,51185.8,33.66,33963.36,101.380,0.51602,,,,
4550,04/19/2026 23:34:44,26.05,4.30,3.56,25.99,106.158,52250.1,51187.8,33.66,33962.55,101.380,0.51430,,,,
4551,04/19/2026 23:36:44,26.04,4.38,3.62,25.99,106.106,52230.3,51168.4,33.64,33949.68,101.380,0.50916,,,,
4552,04/19/2026 23:38:44,26.04,4.38,3.62,25.99,106.037,52255.3,51193.0,33.66,33965.97,101.380,0.50231,,,,
4553,04/19/2026 23:40:44,26.05,4.41,3.64,25.99,106.106,52238.3,51176.3,33.65,33954.88,101.380,0.50916,,,,
4554,04/19/2026 23:42:44,26.05,4.45,3.68,25.99,106.123,52231.5,51163.2,33.64,33950.50,101.380,0.51089,,,,
4555,04/19/2026 23:44:44,26.05,4.47,3.69,26.00,106.037,52244.8,51173.0,33.65,33959.12,101.380,0.50234,,,,
4556,04/19/2026 23:46:44,26.05,4.48,3.71,26.00,106.210,52197.5,51123.5,33.61,33928.36,101.380,0.51947,,,,
4557,04/19/2026 23:48:44,26.05,4.48,3.71,26.00,106.261,52251.3,51176.2,33.65,33963.36,101.380,0.52461,,,,
4558,04/19/2026 23:50:44,26.06,4.52,3.74,26.01,106.038,52227.8,51140.3,33.62,33948.04,101.380,0.50238,,,,
4559,04/19/2026 23:52:44,26.06,4.41,3.65,26.01,106.141,52171.2,51084.9,33.58,33911.29,101.380,0.51266,,,,
4560,04/19/2026 23:54:44,26.06,4.40,3.64,26.01,106.089,52168.7,51082.5,33.58,33909.66,101.380,0.50752,,,,
4561,04/19/2026 23:56:44,26.07,4.35,3.60,26.02,106.158,52198.7,51108.7,33.60,33929.17,101.380,0.51438,,,,
4562,04/19/2026 23:58:44,26.07,4.27,3.53,26.02,106.141,52212.0,51118.4,33.61,33937.79,101.380,0.51268,,,,
4563,04/20/2026 00:00:44,26.07,4.21,3.48,26.02,105.883,52185.7,51089.5,33.59,33920.71,101.380,0.48699,,,,
4564,04/20/2026 00:02:44,26.07,4.25,3.51,26.03,106.073,52142.5,51040.8,33.55,33892.61,101.380,0.50585,,,,
4565,04/20/2026 00:04:44,26.07,4.18,3.46,26.02,106.124,52188.4,51095.4,33.59,33922.48,101.380,0.51096,,,,
4566,04/20/2026 00:06:44,26.07,4.18,3.46,26.02,105.952,52163.5,51070.9,33.57,33906.25,101.380,0.49383,,,,
4567,04/20/2026 00:08:44,26.07,4.13,3.42,26.01,106.038,52149.0,51066.4,33.57,33896.83,101.380,0.50237,,,,
4568,04/20/2026 00:10:44,26.07,4.09,3.39,26.01,106.158,52167.5,51084.5,33.58,33908.84,101.380,0.51436,,,,
4569,04/20/2026 00:12:44,26.06,4.07,3.37,26.00,106.210,52107.0,51034.9,33.54,33869.58,101.380,0.51947,,,,
4570,04/20/2026 00:14:44,26.06,4.04,3.34,25.99,106.209,52140.0,51073.6,33.57,33890.98,101.380,0.51946,,,,
4571,04/20/2026 00:16:44,26.05,4.01,3.32,25.99,106.003,52128.0,51068.2,33.57,33883.20,101.380,0.49889,,,,
4572,04/20/2026 00:18:44,26.04,4.02,3.33,25.99,105.985,52132.0,51072.1,33.57,33885.80,101.380,0.49717,,,,
4573,04/20/2026 00:20:44,26.04,4.01,3.32,25.98,106.140,52143.7,51096.4,33.59,33893.42,101.380,0.51255,,,,
4574,04/20/2026 00:22:44,26.03,3.96,3.28,25.96,106.071,52076.9,51046.9,33.55,33849.98,101.380,0.50566,,,,
4575,04/20/2026 00:24:44,26.02,3.99,3.30,25.96,106.071,52129.3,51101.4,33.59,33884.01,101.380,0.50565,,,,
4576,04/20/2026 00:26:44,26.02,3.90,3.23,25.96,106.191,52125.3,51097.5,33.59,33881.42,101.380,0.51764,,,,
4577,04/20/2026 00:28:44,26.02,3.94,3.26,25.95,106.294,52070.4,51047.0,33.55,33845.77,101.380,0.52791,,,,
4578,04/20/2026 00:30:44,26.01,3.92,3.25,25.95,106.157,52129.3,51107.8,33.60,33884.01,101.380,0.51420,,,,
4579,04/20/2026 00:32:44,26.00,3.93,3.25,25.94,106.053,52095.3,51084.2,33.58,33861.97,101.380,0.50389,,,,
4580,04/20/2026 00:34:44,25.99,4.07,3.37,25.92,106.156,52016.7,51026.3,33.54,33810.84,101.380,0.51412,,,,
4581,04/20/2026 00:36:44,25.98,4.02,3.33,25.92,106.259,52046.8,51065.4,33.56,33830.39,101.380,0.52437,,,,
4582,04/20/2026 00:38:44,25.97,4.09,3.39,25.91,106.345,52066.4,51094.3,33.58,33843.18,101.380,0.53291,,,,
4583,04/20/2026 00:40:44,25.96,4.03,3.34,25.90,106.172,52005.3,51037.5,33.54,33803.43,101.380,0.51577,,,,
4584,04/20/2026 00:42:44,25.96,3.97,3.28,25.90,106.103,52092.6,51129.6,33.61,33860.18,101.380,0.50890,,,,
4585,04/20/2026 00:44:44,25.96,3.89,3.22,25.90,106.189,52053.2,51091.0,33.58,33834.60,101.380,0.51746,,,,
4586,04/20/2026 00:46:44,25.96,3.84,3.18,25.89,106.103,52076.9,51123.8,33.61,33849.98,101.380,0.50887,,,,
4587,04/20/2026 00:48:44,25.94,3.74,3.09,25.89,106.327,52036.3,51084.0,33.58,33823.61,101.380,0.53114,,,,
4588,04/20/2026 00:50:44,25.94,3.67,3.04,25.89,106.206,52018.2,51062.9,33.56,33811.82,101.380,0.51916,,,,
4589,04/20/2026 00:52:44,25.94,3.83,3.17,25.88,106.241,52024.6,51082.1,33.57,33816.02,101.380,0.52255,,,,
4590,04/20/2026 00:54:44,25.94,3.69,3.05,25.88,106.223,52025.9,51083.3,33.58,33816.82,101.380,0.52084,,,,
4591,04/20/2026 00:56:44,25.93,3.64,3.01,25.88,106.103,52052.0,51105.7,33.59,33833.79,101.380,0.50886,,,,
4592,04/20/2026 00:58:44,25.94,3.70,3.06,25.89,106.310,51994.6,51039.8,33.54,33796.47,101.380,0.52944,,,,
4593,04/20/2026 01:00:44,25.94,3.77,3.12,25.90,106.138,52065.2,51099.5,33.59,33842.38,101.380,0.51233,,,,
4594,04/20/2026 01:02:44,25.95,3.78,3.13,25.90,106.069,52058.7,51090.0,33.58,33838.17,101.380,0.50549,,,,
4595,04/20/2026 01:04:44,25.96,3.86,3.19,25.92,106.156,52005.0,51018.0,33.53,33803.25,101.380,0.51411,,,,
4596,04/20/2026 01:06:44,25.96,3.83,3.17,25.90,106.000,52029.9,51061.6,33.56,33819.41,101.380,0.49864,,,,
4597,04/20/2026 01:08:44,25.97,3.82,3.16,25.92,106.121,52036.6,51055.4,33.56,33823.78,101.380,0.51067,,,,
4598,04/20/2026 01:10:44,25.98,3.82,3.16,25.94,106.139,52069.2,51061.8,33.56,33844.96,101.380,0.51245,,,,
4599,04/20/2026 01:12:44,25.98,3.77,3.12,25.94,106.105,51988.1,50982.3,33.50,33792.28,101.380,0.50902,,,,
4600,04/20/2026 01:14:44,25.99,3.70,3.06,25.94,106.225,52029.9,51023.2,33.53,33819.41,101.380,0.52101,,,,
4601,04/20/2026 01:16:44,25.99,3.73,3.09,25.95,106.243,52101.8,51080.9,33.58,33866.18,101.380,0.52276,,,,
4602,04/20/2026 01:18:44,25.99,3.61,2.99,25.94,106.087,52023.4,51020.1,33.53,33815.21,101.380,0.50730,,,,
4603,04/20/2026 01:20:44,25.99,3.53,2.92,25.92,106.121,52014.2,51030.2,33.54,33809.23,101.380,0.51067,,,,
4604,04/20/2026 01:22:44,25.98,3.57,2.96,25.92,106.328,52002.5,51018.8,33.53,33801.65,101.380,0.53123,,,,
4605,04/20/2026 01:24:44,25.98,3.62,2.99,25.92,106.328,52035.1,51050.7,33.55,33822.80,101.380,0.53123,,,,
4606,04/20/2026 01:26:44,25.97,3.57,2.95,25.91,106.207,52027.4,51056.0,33.56,33817.80,101.380,0.51920,,,,
4607,04/20/2026 01:28:44,25.97,3.67,3.04,25.92,106.104,52014.2,51023.9,33.53,33809.23,101.380,0.50898,,,,
4608,04/20/2026 01:30:44,25.97,3.58,2.97,25.91,106.276,51999.8,51025.7,33.53,33799.86,101.380,0.52606,,,,
4609,04/20/2026 01:32:44,25.97,3.60,2.98,25.90,106.344,51977.7,51013.6,33.52,33785.50,101.380,0.53289,,,,
4610,04/20/2026 01:34:44,25.96,3.63,3.00,25.92,106.259,52003.8,51020.0,33.53,33802.45,101.380,0.52438,,,,
4611,04/20/2026 01:36:44,25.96,3.59,2.97,25.92,106.345,52018.2,51037.4,33.54,33811.82,101.380,0.53293,,,,
4612,04/20/2026 01:38:44,25.97,3.68,3.05,25.93,106.311,52016.9,51020.1,33.53,33811.01,101.380,0.52955,,,,
4613,04/20/2026 01:40:44,25.98,3.68,3.04,25.93,106.449,52037.8,51037.4,33.54,33824.59,101.380,0.54326,,,,
4614,04/20/2026 01:42:44,25.98,3.84,3.18,25.94,106.415,52065.2,51054.7,33.56,33842.38,101.380,0.53986,,,,
4615,04/20/2026 01:44:44,25.99,3.97,3.28,25.95,106.380,52088.9,51068.2,33.57,33857.75,101.380,0.53646,,,,
4616,04/20/2026 01:46:44,26.00,4.22,3.49,25.96,106.329,52063.9,51037.4,33.54,33841.57,101.380,0.53134,,,,
4617,04/20/2026 01:48:44,26.01,4.16,3.44,25.96,106.363,52037.6,51011.6,33.53,33824.41,101.380,0.53477,,,,
4618,04/20/2026 01:50:44,26.01,4.18,3.46,25.96,106.122,52013.0,50984.3,33.51,33808.43,101.380,0.51080,,,,
4619,04/20/2026 01:52:44,26.02,4.24,3.50,25.96,106.208,52088.9,51058.6,33.56,33857.75,101.380,0.51936,,,,
4620,04/20/2026 01:54:44,26.02,4.31,3.56,25.97,106.088,52098.1,51061.3,33.56,33863.75,101.380,0.50739,,,,
4621,04/20/2026 01:56:44,26.02,4.28,3.54,25.97,106.209,52067.9,51031.7,33.54,33844.16,101.380,0.51938,,,,
4622,04/20/2026 01:58:44,26.02,4.37,3.62,25.97,106.278,52052.3,51013.2,33.53,33833.97,101.380,0.52624,,,,
4623,04/20/2026 02:00:44,26.01,4.21,3.48,25.95,106.191,52058.7,51045.1,33.55,33838.17,101.380,0.51760,,,,
4624,04/20/2026 02:02:44,26.00,4.15,3.44,25.94,106.173,51983.2,50977.5,33.50,33789.08,101.380,0.51587,,,,
4625,04/20/2026 02:04:44,25.99,4.16,3.44,25.92,106.190,51978.0,50994.7,33.51,33785.69,101.380,0.51753,,,,
4626,04/20/2026 02:06:44,25.97,4.10,3.39,25.91,106.293,52014.5,51036.9,33.54,33809.41,101.380,0.52779,,,,
4627,04/20/2026 02:08:44,25.97,4.16,3.44,25.92,106.276,51948.0,50968.5,33.49,33766.18,101.380,0.52608,,,,
4628,04/20/2026 02:10:44,25.98,4.30,3.56,25.93,106.259,52022.2,51022.1,33.53,33814.41,101.380,0.52442,,,,
4629,04/20/2026 02:12:44,25.98,4.19,3.47,25.92,106.259,52031.1,51043.6,33.55,33820.21,101.380,0.52439,,,,
4630,04/20/2026 02:14:44,25.98,4.19,3.47,25.94,106.173,52006.5,51003.5,33.52,33804.23,101.380,0.51587,,,,
4631,04/20/2026 02:16:44,25.98,4.21,3.49,25.94,106.191,52035.1,51031.5,33.54,33822.80,101.380,0.51758,,,,
4632,04/20/2026 02:18:44,25.99,4.35,3.60,25.95,106.088,52023.7,51010.7,33.52,33815.39,101.380,0.50733,,,,
4633,04/20/2026 02:20:44,26.00,4.56,3.77,25.96,106.208,52043.1,51013.7,33.53,33827.98,101.380,0.51936,,,,
4634,04/20/2026 02:22:44,26.01,4.35,3.60,25.96,106.243,52014.5,50988.9,33.51,33809.41,101.380,0.52278,,,,
4635,04/20/2026 02:24:44,26.00,4.38,3.62,25.95,106.105,52061.5,51038.2,33.55,33839.95,101.380,0.50907,,,,
4636,04/20/2026 02:26:44,26.01,4.45,3.68,25.95,106.208,52086.4,51062.6,33.56,33856.14,101.380,0.51934,,,,
4637,04/20/2026 02:28:44,26.01,4.42,3.66,25.95,106.157,52052.3,51029.2,33.54,33833.97,101.380,0.51421,,,,
4638,04/20/2026 02:30:44,26.01,4.47,3.70,25.95,106.053,52045.8,51029.2,33.54,33829.77,101.380,0.50391,,,,
4639,04/20/2026 02:32:44,26.01,4.28,3.55,25.95,106.156,52067.9,51054.1,33.56,33844.16,101.380,0.51418,,,,
4640,04/20/2026 02:34:44,26.00,4.40,3.64,25.95,106.156,52041.8,51025.3,33.54,33827.18,101.380,0.51419,,,,
4641,04/20/2026 02:36:44,26.00,4.47,3.70,25.95,106.053,52091.6,51074.1,33.57,33859.54,101.380,0.50391,,,,
4642,04/20/2026 02:38:44,26.00,4.68,3.87,25.94,106.018,52070.7,51063.2,33.56,33845.94,101.380,0.50046,,,,
4643,04/20/2026 02:40:44,25.99,4.75,3.93,25.93,106.035,52108.5,51113.2,33.60,33870.55,101.380,0.50214,,,,
4644,04/20/2026 02:42:44,25.99,4.70,3.89,25.93,106.070,52045.8,51051.6,33.55,33829.77,101.380,0.50556,,,,
4645,04/20/2026 02:44:44,25.98,4.63,3.83,25.92,106.035,52077.2,51085.6,33.58,33850.15,101.380,0.50213,,,,
4646,04/20/2026 02:46:44,25.98,4.74,3.92,25.91,106.104,52018.5,51040.8,33.55,33812.00,101.380,0.50894,,,,
4647,04/20/2026 02:48:44,25.97,4.76,3.94,25.90,106.086,52096.8,51127.4,33.61,33862.94,101.380,0.50721,,,,
4648,04/20/2026 02:50:44,25.97,4.74,3.92,25.90,105.983,52073.2,51110.5,33.60,33847.55,101.380,0.49691,,,,
4649,04/20/2026 02:52:44,25.96,4.68,3.87,25.89,106.017,52049.8,51090.8,33.58,33832.36,101.380,0.50033,,,,
4650,04/20/2026 02:54:44,25.96,4.59,3.80,25.89,106.017,52000.1,51042.0,33.55,33800.04,101.380,0.50033,,,,
4651,04/20/2026 02:56:44,25.95,4.63,3.83,25.89,105.965,52037.8,51082.2,33.58,33824.59,101.380,0.49518,,,,
4652,04/20/2026 02:58:44,25.95,4.68,3.87,25.88,105.913,52074.4,51127.8,33.61,33848.37,101.380,0.49001,,,,
4653,04/20/2026 03:00:44,25.94,4.66,3.86,25.88,106.034,52057.5,51114.4,33.60,33837.37,101.380,0.50200,,,,
4654,04/20/2026 03:02:44,25.93,4.67,3.86,25.88,106.085,52056.2,51116.4,33.60,33836.56,101.380,0.50713,,,,
4655,04/20/2026 03:04:44,25.93,4.74,3.92,25.87,106.068,52051.0,51114.4,33.60,33833.16,101.380,0.50540,,,,
4656,04/20/2026 03:06:44,25.92,4.74,3.92,25.87,106.034,52030.1,51097.2,33.59,33819.59,101.380,0.50197,,,,
4657,04/20/2026 03:08:44,25.92,4.76,3.94,25.87,105.948,52094.1,51160.0,33.63,33861.16,101.380,0.49341,,,,
4658,04/20/2026 03:10:44,25.92,4.90,4.05,25.87,106.103,52077.2,51143.3,33.62,33850.15,101.380,0.50882,,,,
4659,04/20/2026 03:12:44,25.93,4.99,4.12,25.87,106.068,52112.5,51174.8,33.64,33873.14,101.380,0.50540,,,,
4660,04/20/2026 03:14:44,25.93,5.03,4.16,25.88,106.103,52107.3,51166.5,33.64,33869.75,101.380,0.50884,,,,
4661,04/20/2026 03:16:44,25.93,5.09,4.21,25.87,105.965,52041.8,51105.4,33.59,33827.18,101.380,0.49513,,,,
4662,04/20/2026 03:18:44,25.92,5.23,4.32,25.87,105.948,52032.9,51096.6,33.58,33821.37,101.380,0.49341,,,,
4663,04/20/2026 03:20:44,25.94,5.31,4.39,25.88,106.085,52009.3,51070.3,33.57,33806.02,101.380,0.50713,,,,
4664,04/20/2026 03:22:44,25.93,5.31,4.39,25.87,105.999,52083.6,51146.5,33.62,33854.35,101.380,0.49855,,,,
4665,04/20/2026 03:24:44,25.93,5.27,4.36,25.88,105.999,52067.9,51127.9,33.61,33844.16,101.380,0.49856,,,,
4666,04/20/2026 03:26:44,25.93,5.32,4.40,25.88,106.034,52081.1,51137.6,33.62,33852.74,101.380,0.50200,,,,
4667,04/20/2026 03:28:44,25.93,5.30,4.38,25.88,105.982,52116.5,51169.1,33.64,33875.74,101.380,0.49687,,,,
4668,04/20/2026 03:30:44,25.94,5.24,4.33,25.88,105.948,52015.7,51070.1,33.57,33810.21,101.380,0.49344,,,,
4669,04/20/2026 03:32:44,25.93,5.28,4.37,25.88,105.965,52056.2,51109.9,33.60,33836.56,101.380,0.49515,,,,
4670,04/20/2026 03:34:44,25.94,5.28,4.37,25.88,105.914,52082.4,51132.4,33.61,33853.55,101.380,0.49002,,,,
4671,04/20/2026 03:36:44,25.94,5.57,4.61,25.88,105.896,52056.2,51106.7,33.59,33836.56,101.380,0.48831,,,,
4672,04/20/2026 03:38:44,25.94,5.60,4.64,25.89,105.862,52103.3,51149.7,33.62,33867.16,101.380,0.48489,,,,
4673,04/20/2026 03:40:44,25.94,5.53,4.57,25.89,105.828,52109.8,51156.1,33.63,33871.36,101.380,0.48147,,,,
4674,04/20/2026 03:42:44,25.95,5.33,4.41,25.88,105.810,52075.9,51129.2,33.61,33849.34,101.380,0.47974,,,,
4675,04/20/2026 03:44:44,25.94,5.28,4.36,25.88,105.724,52080.9,51140.6,33.62,33852.57,101.380,0.47116,,,,
4676,04/20/2026 03:46:44,25.93,5.28,4.37,25.87,105.862,52079.6,51142.5,33.62,33851.76,101.380,0.48485,,,,
4677,04/20/2026 03:48:44,25.93,5.12,4.24,25.86,105.879,52009.0,51082.8,33.57,33805.84,101.380,0.48654,,,,
4678,04/20/2026 03:50:44,25.92,5.26,4.35,25.87,105.775,52052.3,51122.1,33.60,33833.97,101.380,0.47627,,,,
4679,04/20/2026 03:52:44,25.92,5.16,4.27,25.86,105.758,52066.7,51145.9,33.62,33843.35,101.380,0.47453,,,,
4680,04/20/2026 03:54:44,25.92,5.11,4.23,25.85,105.671,52056.0,51145.0,33.62,33836.38,101.380,0.46594,,,,
4681,04/20/2026 03:56:44,25.91,5.15,4.26,25.85,105.723,52069.9,51155.5,33.63,33845.43,101.380,0.47109,,,,
4682,04/20/2026 03:58:44,25.91,5.14,4.25,25.85,105.723,52080.9,51166.2,33.64,33852.57,101.380,0.47109,,,,
4683,04/20/2026 04:00:44,25.91,5.13,4.24,25.85,105.671,52041.8,51131.1,33.61,33827.18,101.380,0.46594,,,,
4684,04/20/2026 04:02:44,25.90,5.14,4.25,25.85,105.620,52006.5,51093.2,33.58,33804.23,101.380,0.46081,,,,
4685,04/20/2026 04:04:44,25.90,5.16,4.26,25.85,105.568,52051.0,51136.9,33.61,33833.16,101.380,0.45567,,,,
4686,04/20/2026 04:06:44,25.91,5.17,4.28,25.86,105.551,52039.1,51118.8,33.60,33825.39,101.380,0.45397,,,,
4687,04/20/2026 04:08:44,25.91,5.07,4.19,25.85,105.568,52053.2,51135.9,33.61,33834.60,101.380,0.45568,,,,
4688,04/20/2026 04:10:44,25.91,5.05,4.18,25.86,105.517,52032.6,51112.4,33.60,33821.19,101.380,0.45055,,,,
4689,04/20/2026 04:12:44,25.91,5.06,4.19,25.86,105.517,52056.2,51132.4,33.61,33836.56,101.380,0.45056,,,,
4690,04/20/2026 04:14:44,25.92,5.16,4.27,25.86,105.534,52057.5,51133.6,33.61,33837.37,101.380,0.45227,,,,
4691,04/20/2026 04:16:44,25.91,5.22,4.31,25.86,105.431,52053.5,51129.7,33.61,33834.77,101.380,0.44199,,,,
4692,04/20/2026 04:18:44,25.92,5.23,4.33,25.86,105.465,52036.6,51113.1,33.60,33823.78,101.380,0.44542,,,,
4693,04/20/2026 04:20:44,25.91,5.22,4.31,25.86,105.431,52153.0,51227.4,33.68,33899.43,101.380,0.44199,,,,
4694,04/20/2026 04:22:44,25.92,5.17,4.28,25.86,105.465,52055.0,51134.4,33.61,33835.75,101.380,0.44541,,,,
4695,04/20/2026 04:24:44,25.92,5.14,4.25,25.86,105.431,52090.1,51168.9,33.64,33858.56,101.380,0.44199,,,,
4696,04/20/2026 04:26:44,25.91,5.30,4.39,25.86,105.465,52077.2,51156.2,33.63,33850.15,101.380,0.44541,,,,
4697,04/20/2026 04:28:44,25.91,5.31,4.39,25.86,105.396,52129.5,51207.6,33.67,33884.17,101.380,0.43856,,,,
4698,04/20/2026 04:30:44,25.92,5.27,4.36,25.85,105.379,52086.4,51168.4,33.64,33856.14,101.380,0.43684,,,,
4699,04/20/2026 04:32:44,25.91,5.26,4.35,25.85,105.379,52109.8,51194.6,33.66,33871.36,101.380,0.43683,,,,
4700,04/20/2026 04:34:44,25.91,5.24,4.33,25.85,105.379,52108.5,51196.6,33.66,33870.55,101.380,0.43682,,,,
4701,04/20/2026 04:36:44,25.91,5.13,4.24,25.85,105.482,52141.2,51228.8,33.68,33891.79,101.380,0.44710,,,,
4702,04/20/2026 04:38:44,25.90,5.21,4.30,25.85,105.430,52125.5,51216.5,33.67,33881.58,101.380,0.44195,,,,
4703,04/20/2026 04:40:44,25.90,5.25,4.34,25.84,105.361,52121.5,51219.0,33.67,33878.99,101.380,0.43508,,,,
4704,04/20/2026 04:42:44,25.89,5.19,4.29,25.84,105.224,52137.5,51234.7,33.69,33889.36,101.380,0.42138,,,,
4705,04/20/2026 04:44:44,25.89,5.09,4.21,25.83,105.292,52112.5,51219.8,33.67,33873.14,101.380,0.42820,,,,
4706,04/20/2026 04:46:44,25.88,5.05,4.17,25.83,105.309,52083.6,51194.6,33.66,33854.35,101.380,0.42991,,,,
4707,04/20/2026 04:48:44,25.87,5.36,4.43,25.83,105.223,52111.0,51218.4,33.67,33872.17,101.380,0.42135,,,,
4708,04/20/2026 04:50:44,25.87,5.34,4.42,25.83,105.206,52049.5,51161.1,33.63,33832.18,101.380,0.41963,,,,
4709,04/20/2026 04:52:44,25.88,5.35,4.43,25.83,105.258,52086.1,51197.1,33.66,33855.97,101.380,0.42477,,,,
4710,04/20/2026 04:54:44,25.88,5.39,4.46,25.83,105.120,52149.0,51258.9,33.70,33896.83,101.380,0.41107,,,,
4711,04/20/2026 04:56:44,25.88,5.42,4.48,25.83,105.103,52181.7,51291.0,33.73,33918.11,101.380,0.40935,,,,
4712,04/20/2026 04:58:44,25.88,5.36,4.43,25.82,105.085,52112.3,51232.4,33.68,33872.98,101.380,0.40761,,,,
4713,04/20/2026 05:00:44,25.88,5.39,4.45,25.82,105.016,52095.3,51212.6,33.67,33861.97,101.380,0.40077,,,,
4714,04/20/2026 05:02:44,25.88,5.31,4.39,25.82,104.913,52104.6,51221.7,33.67,33867.96,101.380,0.39049,,,,
4715,04/20/2026 05:04:44,25.87,5.10,4.22,25.81,104.913,52063.7,51194.3,33.65,33841.39,101.380,0.39046,,,,
4716,04/20/2026 05:06:44,25.86,5.04,4.17,25.80,104.861,52016.7,51161.0,33.63,33810.84,101.380,0.38529,,,,
4717,04/20/2026 05:08:44,25.85,4.98,4.12,25.78,104.860,52101.6,51257.3,33.70,33866.02,101.380,0.38525,,,,
4718,04/20/2026 05:10:44,25.84,4.89,4.05,25.78,104.723,52050.7,51207.3,33.66,33832.98,101.380,0.37155,,,,
4719,04/20/2026 05:12:44,25.83,4.64,3.84,25.78,104.688,52024.6,51191.3,33.65,33816.02,101.380,0.36810,,,,
4720,04/20/2026 05:14:44,25.82,4.56,3.77,25.77,104.705,52016.9,51187.0,33.65,33811.01,101.380,0.36980,,,,
4721,04/20/2026 05:16:44,25.84,4.68,3.87,25.78,104.688,52066.4,51232.4,33.68,33843.18,101.380,0.36810,,,,
4722,04/20/2026 05:18:44,25.83,4.64,3.84,25.78,104.705,52074.4,51237.1,33.68,33848.37,101.380,0.36982,,,,
4723,04/20/2026 05:20:44,25.83,4.64,3.83,25.78,104.654,52063.9,51230.0,33.68,33841.57,101.380,0.36467,,,,
4724,04/20/2026 05:22:44,25.83,4.62,3.82,25.77,104.705,51996.4,51169.9,33.63,33797.64,101.380,0.36979,,,,
4725,04/20/2026 05:24:44,25.82,4.67,3.86,25.76,104.601,52053.5,51235.8,33.68,33834.77,101.380,0.35949,,,,
4726,04/20/2026 05:26:44,25.81,4.64,3.83,25.75,104.619,52037.8,51226.8,33.68,33824.59,101.380,0.36119,,,,
4727,04/20/2026 05:28:44,25.81,4.61,3.81,25.75,104.584,52018.2,51207.5,33.66,33811.82,101.380,0.35776,,,,
4728,04/20/2026 05:30:44,25.81,4.55,3.76,25.76,104.498,52090.1,51271.8,33.71,33858.56,101.380,0.34921,,,,
4729,04/20/2026 05:32:44,25.81,4.59,3.79,25.76,104.498,52060.2,51242.4,33.69,33839.15,101.380,0.34921,,,,
4730,04/20/2026 05:34:44,25.81,4.52,3.74,25.76,104.447,52033.3,51215.9,33.67,33821.64,101.380,0.34408,,,,
4731,04/20/2026 05:36:44,25.81,4.40,3.64,25.76,104.515,52045.5,51227.9,33.68,33829.59,101.380,0.35093,,,,
4732,04/20/2026 05:38:44,25.82,4.22,3.49,25.76,104.447,51997.3,51177.3,33.64,33798.25,101.380,0.34408,,,,
4733,04/20/2026 05:40:44,25.82,4.17,3.45,25.77,104.378,52093.8,51269.1,33.71,33860.99,101.380,0.33724,,,,
4734,04/20/2026 05:42:44,25.82,4.15,3.43,25.77,104.412,51997.3,51174.1,33.64,33798.25,101.380,0.34067,,,,
4735,04/20/2026 05:44:44,25.82,4.08,3.37,25.77,104.292,52033.8,51206.8,33.66,33822.00,101.380,0.32868,,,,
4736,04/20/2026 05:46:44,25.82,4.08,3.38,25.77,104.309,51986.9,51160.6,33.63,33791.48,101.380,0.33040,,,,
4737,04/20/2026 05:48:44,25.82,4.08,3.37,25.77,104.240,52101.8,51273.7,33.71,33866.18,101.380,0.32355,,,,
4738,04/20/2026 05:50:44,25.82,4.11,3.40,25.77,104.171,52057.5,51233.3,33.68,33837.37,101.380,0.31669,,,,
4739,04/20/2026 05:52:44,25.82,4.21,3.48,25.75,104.136,52024.9,51214.1,33.67,33816.20,101.380,0.31323,,,,
4740,04/20/2026 05:54:44,25.81,4.24,3.51,25.74,104.015,51989.4,51198.4,33.65,33793.08,101.380,0.30118,,,,
4741,04/20/2026 05:56:44,25.80,4.17,3.45,25.72,104.101,51976.5,51198.6,33.65,33784.71,101.380,0.30971,,,,
4742,04/20/2026 05:58:44,25.78,4.15,3.43,25.71,103.997,51929.6,51165.3,33.63,33754.25,101.380,0.29940,,,,
4743,04/20/2026 06:00:44,25.77,4.07,3.36,25.71,103.980,51920.4,51159.5,33.62,33748.29,101.380,0.29768,,,,
4744,04/20/2026 06:02:44,25.76,3.86,3.19,25.70,103.928,51872.5,51125.1,33.60,33717.11,101.380,0.29251,,,,
4745,04/20/2026 06:04:44,25.76,3.78,3.13,25.69,103.980,51874.9,51133.9,33.60,33718.69,101.380,0.29763,,,,
4746,04/20/2026 06:06:44,25.75,3.69,3.05,25.68,103.876,51833.8,51103.0,33.58,33691.94,101.380,0.28733,,,,
4747,04/20/2026 06:08:44,25.73,3.55,2.93,25.67,103.807,51798.7,51074.9,33.56,33669.17,101.380,0.28046,,,,
4748,04/20/2026 06:10:44,25.73,3.50,2.90,25.66,103.858,51855.7,51147.2,33.61,33706.20,101.380,0.28555,,,,
4749,04/20/2026 06:12:44,25.72,3.46,2.86,25.65,103.910,51793.5,51092.3,33.57,33665.80,101.380,0.29067,,,,
4750,04/20/2026 06:14:44,25.71,3.41,2.82,25.65,103.858,51860.6,51164.9,33.63,33709.36,101.380,0.28552,,,,
4751,04/20/2026 06:16:44,25.71,3.36,2.78,25.64,103.772,51854.2,51161.7,33.62,33705.20,101.380,0.27695,,,,
4752,04/20/2026 06:18:44,25.70,3.33,2.75,25.64,103.789,51823.1,51137.5,33.60,33684.99,101.380,0.27864,,,,
4753,04/20/2026 06:20:44,25.69,3.34,2.76,25.63,103.771,51792.3,51116.8,33.59,33665.02,101.380,0.27690,,,,
4754,04/20/2026 06:22:44,25.69,3.34,2.76,25.62,103.702,51821.8,51152.4,33.61,33684.20,101.380,0.27003,,,,
4755,04/20/2026 06:24:44,25.68,3.30,2.73,25.62,103.668,51833.4,51167.1,33.63,33691.72,101.380,0.26660,,,,
4756,04/20/2026 06:26:44,25.68,3.27,2.71,25.62,103.616,51776.5,51110.9,33.58,33654.71,101.380,0.26146,,,,
4757,04/20/2026 06:28:44,25.68,3.33,2.76,25.62,103.564,51799.6,51136.9,33.60,33669.73,101.380,0.25632,,,,
4758,04/20/2026 06:30:44,25.67,3.46,2.86,25.61,103.530,51772.5,51116.6,33.59,33652.13,101.380,0.25287,,,,
4759,04/20/2026 06:32:44,25.67,3.55,2.94,25.60,103.512,51823.1,51176.2,33.63,33684.99,101.380,0.25113,,,,
4760,04/20/2026 06:34:44,25.66,3.62,2.99,25.60,103.460,51746.7,51107.2,33.58,33635.34,101.380,0.24598,,,,
4761,04/20/2026 06:36:44,25.66,3.68,3.04,25.58,103.460,51780.4,51153.4,33.61,33657.29,101.380,0.24594,,,,
4762,04/20/2026 06:38:44,25.64,3.74,3.09,25.57,103.391,51724.8,51111.4,33.58,33621.13,101.380,0.23906,,,,
4763,04/20/2026 06:40:44,25.63,3.72,3.08,25.56,103.305,51686.0,51082.6,33.56,33595.88,101.380,0.23047,,,,
4764,04/20/2026 06:42:44,25.62,3.90,3.23,25.55,103.201,51590.6,50998.0,33.50,33533.89,101.380,0.22016,,,,
4765,04/20/2026 06:44:44,25.61,4.01,3.32,25.54,103.201,51517.6,50935.5,33.45,33486.46,101.380,0.22014,,,,
4766,04/20/2026 06:46:44,25.60,4.13,3.42,25.53,103.183,51360.1,50799.0,33.35,33384.05,101.380,0.21838,,,,
4767,04/20/2026 06:48:44,25.58,4.25,3.52,25.50,103.131,51222.5,50688.4,33.27,33294.60,101.380,0.21317,,,,
4768,04/20/2026 06:50:44,25.57,4.31,3.57,25.50,103.113,51153.9,50627.0,33.22,33250.05,101.380,0.21144,,,,
4769,04/20/2026 06:52:44,25.56,4.23,3.50,25.50,103.131,51187.0,50656.6,33.24,33271.57,101.380,0.21316,,,,
4770,04/20/2026 06:54:44,25.55,4.27,3.54,25.48,103.010,51129.8,50615.9,33.21,33234.36,101.380,0.20113,,,,
4771,04/20/2026 06:56:44,25.55,4.25,3.53,25.47,102.975,51035.2,50531.8,33.15,33172.86,101.380,0.19768,,,,
4772,04/20/2026 06:58:44,25.55,4.22,3.50,25.48,102.975,51129.8,50615.9,33.21,33234.36,101.380,0.19770,,,,
4773,04/20/2026 07:00:44,25.56,4.21,3.48,25.50,102.976,51105.7,50579.2,33.19,33218.70,101.380,0.19774,,,,
4774,04/20/2026 07:02:44,25.56,4.25,3.52,25.48,102.837,51047.5,50537.6,33.16,33180.86,101.380,0.18399,,,,
4775,04/20/2026 07:04:44,25.55,4.27,3.54,25.46,102.854,50858.0,50369.1,33.03,33057.71,101.380,0.18565,,,,
4776,04/20/2026 07:06:44,25.54,4.36,3.62,25.45,102.837,50632.4,50155.2,32.87,32911.09,101.380,0.18391,,,,
4777,04/20/2026 07:08:44,25.53,4.49,3.73,25.43,102.767,50426.6,49973.4,32.74,32777.30,101.380,0.17700,,,,
4778,04/20/2026 07:10:44,25.52,4.49,3.73,25.41,102.680,50380.6,49953.0,32.72,32747.42,101.380,0.16837,,,,
4779,04/20/2026 07:12:44,25.51,4.44,3.69,25.38,102.731,50438.6,50035.8,32.78,32785.06,101.380,0.17344,,,,
4780,04/20/2026 07:14:44,25.51,4.56,3.79,25.39,102.646,50042.6,49633.6,32.49,32527.71,101.380,0.16490,,,,
4781,04/20/2026 07:16:44,25.51,4.46,3.71,25.40,102.577,50302.5,49885.1,32.67,32696.64,101.380,0.15807,,,,
4782,04/20/2026 07:18:44,25.51,4.73,3.94,25.40,102.560,50167.9,49748.4,32.57,32609.13,101.380,0.15636,,,,
4783,04/20/2026 07:20:44,25.51,4.71,3.92,25.41,102.457,50226.4,49800.1,32.61,32647.15,101.380,0.14610,,,,
4784,04/20/2026 07:22:44,25.52,4.87,4.06,25.40,102.456,49846.8,49436.3,32.34,32400.45,101.380,0.14607,,,,
4785,04/20/2026 07:24:44,25.51,4.94,4.12,25.41,102.405,49690.6,49268.8,32.22,32298.87,101.380,0.14097,,,,
4786,04/20/2026 07:26:44,25.51,5.02,4.19,25.40,102.388,49742.2,49326.3,32.26,32332.45,101.380,0.13924,,,,
4787,04/20/2026 07:28:44,25.52,5.05,4.21,25.41,102.371,49721.1,49292.9,32.24,32318.75,101.380,0.13756,,,,
4788,04/20/2026 07:30:44,25.53,5.08,4.24,25.40,102.319,49522.8,49111.8,32.10,32189.84,101.380,0.13238,,,,
4789,04/20/2026 07:32:44,25.53,5.43,4.53,25.40,102.318,49220.5,48815.1,31.89,31993.31,101.380,0.13237,,,,
4790,04/20/2026 07:34:44,25.52,5.53,4.61,25.39,102.249,49220.6,48824.5,31.89,31993.40,101.380,0.12549,,,,
4791,04/20/2026 07:36:44,25.52,5.88,4.91,25.36,102.231,49168.9,48800.9,31.87,31959.77,101.380,0.12370,,,,
4792,04/20/2026 07:38:44,25.53,5.74,4.78,25.38,102.180,49487.7,49092.5,32.09,32167.01,101.380,0.11863,,,,
4793,04/20/2026 07:40:44,25.55,5.69,4.74,25.44,102.199,49703.0,49250.1,32.21,32306.96,101.380,0.12050,,,,
4794,04/20/2026 07:42:44,25.56,5.79,4.82,25.46,102.182,49899.9,49426.4,32.34,32434.95,101.380,0.11883,,,,
4795,04/20/2026 07:44:44,25.57,5.66,4.71,25.49,102.166,49932.7,49427.7,32.34,32456.25,101.380,0.11721,,,,
4796,04/20/2026 07:46:44,25.56,5.77,4.82,25.43,102.078,49111.5,48673.1,31.78,31922.45,101.380,0.10848,,,,
4797,04/20/2026 07:48:44,25.54,5.92,4.94,25.43,102.095,49068.3,48633.4,31.76,31894.40,101.380,0.11019,,,,
4798,04/20/2026 07:50:44,25.51,5.83,4.87,25.41,102.061,48889.5,48474.5,31.64,31778.14,101.380,0.10671,,,,
4799,04/20/2026 07:52:44,25.52,5.98,5.00,25.42,102.009,48939.6,48508.9,31.66,31810.76,101.380,0.10161,,,,
4800,04/20/2026 07:54:44,25.54,6.16,5.14,25.44,101.993,49102.8,48655.3,31.77,31916.83,101.380,0.09994,,,,
4801,04/20/2026 07:56:44,25.55,6.08,5.08,25.47,101.994,49198.5,48713.3,31.82,31979.04,101.380,0.10004,,,,
4802,04/20/2026 07:58:44,25.55,5.94,4.96,25.49,101.960,49174.9,48674.5,31.79,31963.68,101.380,0.09666,,,,
4803,04/20/2026 08:00:44,25.56,6.08,5.08,25.52,101.926,49324.7,48795.1,31.88,32061.06,101.380,0.09331,,,,
4804,04/20/2026 08:02:44,25.58,6.02,5.02,25.53,101.875,49560.8,49016.3,32.04,32214.53,101.380,0.08821,,,,
4805,04/20/2026 08:04:44,25.60,6.18,5.15,25.57,101.790,49711.8,49128.4,32.12,32312.66,101.380,0.07974,,,,
4806,04/20/2026 08:06:44,25.63,6.27,5.22,25.59,101.790,49964.1,49349.7,32.29,32476.66,101.380,0.07982,,,,
4807,04/20/2026 08:08:44,25.67,6.00,4.98,25.67,101.723,50769.3,50069.3,32.82,33000.01,101.380,0.07317,,,,
4808,04/20/2026 08:10:44,25.71,5.57,4.63,25.69,101.690,50829.8,50100.6,32.84,33039.39,101.380,0.06982,,,,
4809,04/20/2026 08:12:44,25.76,5.37,4.46,25.75,101.691,50969.2,50177.9,32.90,33129.95,101.380,0.06998,,,,
4810,04/20/2026 08:14:44,25.81,5.27,4.37,25.78,101.641,51157.6,50328.6,33.01,33252.41,101.380,0.06494,,,,
4811,04/20/2026 08:16:44,25.83,5.23,4.34,25.80,101.572,51290.6,50443.6,33.10,33338.86,101.380,0.05813,,,,
4812,04/20/2026 08:18:44,25.86,5.24,4.35,25.78,101.537,51262.3,50431.7,33.09,33320.52,101.380,0.05466,,,,
4813,04/20/2026 08:20:44,25.85,5.32,4.42,25.74,101.536,50910.6,50126.6,32.86,33091.88,101.380,0.05455,,,,
4814,04/20/2026 08:22:44,25.83,5.41,4.49,25.76,101.485,51080.0,50277.6,32.98,33202.00,101.380,0.04945,,,,
4815,04/20/2026 08:24:44,25.83,5.45,4.52,25.77,101.485,50820.0,50009.1,32.78,33032.99,101.380,0.04949,,,,
4816,04/20/2026 08:26:44,25.83,5.51,4.57,25.74,101.519,50982.6,50203.8,32.92,33138.68,101.380,0.05282,,,,
4817,04/20/2026 08:28:44,25.83,5.58,4.63,25.74,101.433,50872.7,50092.4,32.84,33067.25,101.380,0.04426,,,,
4818,04/20/2026 08:30:44,25.81,5.66,4.70,25.72,101.415,50873.8,50118.7,32.86,33067.96,101.380,0.04248,,,,
4819,04/20/2026 08:32:44,25.80,5.75,4.77,25.71,101.397,50702.9,49963.0,32.74,32956.91,101.380,0.04074,,,,
4820,04/20/2026 08:34:44,25.79,5.82,4.85,25.70,101.380,50316.5,49585.3,32.46,32705.74,101.380,0.03902,,,,
4821,04/20/2026 08:36:44,25.78,5.92,4.93,25.66,101.362,50147.7,49462.4,32.37,32595.97,101.380,0.03718,,,,
4822,04/20/2026 08:38:44,25.76,5.92,4.92,25.70,101.346,50336.4,49608.1,32.48,32718.68,101.380,0.03558,,,,
4823,04/20/2026 08:40:44,25.74,6.09,5.09,25.58,101.325,49330.0,48735.8,31.84,32064.52,101.380,0.03354,,,,
4824,04/20/2026 08:42:44,25.73,6.02,5.02,25.66,101.310,49650.6,48972.1,32.01,32272.86,101.380,0.03205,,,,
4825,04/20/2026 08:44:44,25.72,6.03,5.06,25.55,101.273,48362.0,47809.6,31.16,31435.32,101.380,0.02831,,,,
4826,04/20/2026 08:46:44,25.62,6.50,5.48,25.23,101.246,46691.9,46468.8,30.17,30349.75,101.380,0.02571,,,,
4827,04/20/2026 08:48:44,25.40,7.00,6.00,24.92,101.221,42640.0,42712.0,27.45,27716.02,101.380,0.02314,,,,
4828,04/20/2026 08:50:44,25.28,7.06,6.12,24.86,101.167,39532.1,39651.9,25.27,25695.88,101.380,0.01783,,,,
4829,04/20/2026 08:52:44,25.29,7.12,6.31,24.81,101.149,33888.3,34023.5,21.33,22027.41,101.380,0.01599,,,,
4830,04/20/2026 08:54:44,25.33,6.79,6.14,25.03,101.155,29045.4,29027.9,17.91,18879.53,101.380,0.01659,,,,
4831,04/20/2026 08:56:44,25.33,6.81,6.29,24.99,101.154,23239.4,23246.1,14.04,15105.62,101.380,0.01648,,,,
4832,04/20/2026 08:58:44,25.29,7.04,6.65,24.95,101.153,17333.4,17350.5,10.21,11266.72,101.380,0.01639,,,,
4833,04/20/2026 09:00:44,25.24,7.11,6.85,24.94,101.118,11904.5,11920.1,6.80,7737.95,101.380,0.01292,,,,
4834,04/20/2026 09:02:44,25.16,7.02,6.80,24.80,101.097,9891.0,9932.3,5.59,6429.13,101.380,0.01083,,,,
4835,04/20/2026 09:04:44,25.05,7.07,6.85,24.70,101.111,9622.1,9683.3,5.43,6254.34,101.380,0.01226,,,,
4836,04/20/2026 09:06:44,24.93,7.29,7.08,24.64,101.058,9286.3,9356.1,5.24,6036.08,101.380,0.00697,,,,
4837,04/20/2026 09:08:44,24.80,7.58,7.39,24.51,101.072,8032.2,8115.5,4.49,5220.95,101.380,0.00832,,,,
4838,04/20/2026 09:10:44,24.67,7.87,7.70,24.49,101.088,6831.0,6905.4,3.78,4440.17,101.380,0.00997,,,,
4839,04/20/2026 09:12:44,24.56,8.14,8.09,24.38,101.068,1901.3,1926.4,0.98,1235.84,101.380,0.00796,,,,
4840,04/20/2026 09:14:44,24.44,8.22,8.19,24.19,101.063,1442.3,1467.3,0.73,937.53,101.380,0.00744,,,,
4841,04/20/2026 09:16:44,24.32,8.32,8.29,24.14,101.113,1316.3,1340.5,0.67,855.60,101.380,0.01245,,,,
4842,04/20/2026 09:18:44,24.24,8.37,8.35,24.13,101.061,1204.2,1226.6,0.61,782.75,101.380,0.00729,,,,
4843,04/20/2026 09:20:44,24.18,8.42,8.39,24.13,101.113,1171.7,1193.5,0.59,761.60,101.380,0.01241,,,,
4844,04/20/2026 09:22:44,24.15,8.45,8.42,24.12,101.164,1074.8,1095.0,0.54,698.65,101.380,0.01754,,,,
4845,04/20/2026 09:24:44,24.14,8.44,8.44,23.98,101.264,34.3,35.1,0.02,22.31,101.380,0.02743,,,,
4846,04/20/2026 09:26:44,24.08,8.45,8.45,23.77,101.224,16.2,16.6,0.02,10.52,101.380,0.02344,,,,
4847,04/20/2026 09:28:44,23.99,8.48,8.48,23.63,101.254,13.7,14.1,0.02,8.91,101.380,0.02649,,,,
4848,04/20/2026 09:30:44,23.94,8.46,8.46,23.65,101.220,12.1,12.4,0.01,7.84,101.380,0.02311,,,,
4849,04/20/2026 09:32:44,23.88,8.48,8.48,23.68,101.238,10.5,10.8,0.01,6.82,101.380,0.02489,,,,
4850,04/20/2026 09:34:44,23.88,8.52,8.52,23.68,101.221,10.1,10.4,0.01,6.57,101.380,0.02319,,,,
4851,04/20/2026 09:36:44,23.88,8.47,8.47,23.65,101.186,9.8,10.1,0.01,6.39,101.380,0.01968,,,,
4852,04/20/2026 09:38:44,23.87,8.47,8.47,23.56,101.201,10.4,10.7,0.01,6.75,101.380,0.02115,,,,
4853,04/20/2026 09:40:44,23.85,8.43,8.43,23.36,101.247,10.4,10.8,0.01,6.76,101.380,0.02574,,,,
4854,04/20/2026 09:42:44,23.79,8.44,8.44,23.11,101.257,10.3,10.8,0.01,6.72,101.380,0.02679,,,,
4855,04/20/2026 09:44:44,23.76,8.45,8.45,22.92,101.252,10.3,10.8,0.01,6.70,101.380,0.02628,,,,
4856,04/20/2026 09:46:44,23.71,8.43,8.43,22.84,101.250,10.3,10.8,0.01,6.70,101.380,0.02605,,,,
4857,04/20/2026 09:48:44,23.65,8.45,8.45,22.80,101.197,10.3,10.8,0.01,6.67,101.380,0.02083,,,,
4858,04/20/2026 09:50:44,23.62,8.50,8.50,22.73,101.247,10.3,10.8,0.01,6.66,101.380,0.02577,,,,
4859,04/20/2026 09:52:44,23.56,8.53,8.53,22.76,101.230,10.3,10.8,0.01,6.67,101.380,0.02413,,,,
4860,04/20/2026 09:54:44,23.57,8.53,8.53,22.81,101.249,10.2,10.7,0.01,6.66,101.380,0.02599,,,,
4861,04/20/2026 09:56:44,23.60,8.52,8.52,22.86,101.199,10.3,10.7,0.01,6.67,101.380,0.02098,,,,
4862,04/20/2026 09:58:44,23.63,8.49,8.49,22.87,101.199,10.3,10.7,0.01,6.67,101.380,0.02101,,,,
4863,04/20/2026 10:00:44,23.68,8.53,8.53,22.92,101.218,10.3,10.7,0.01,6.67,101.380,0.02285,,,,
4864,04/20/2026 10:02:44,23.78,8.52,8.52,23.12,101.206,10.2,10.7,0.01,6.66,101.380,0.02167,,,,
4865,04/20/2026 10:04:44,23.92,8.59,8.59,23.30,101.245,10.3,10.7,0.01,6.71,101.380,0.02557,,,,
4866,04/20/2026 10:06:44,24.08,8.61,8.61,23.51,101.199,10.4,10.7,0.01,6.75,101.380,0.02103,,,,
4867,04/20/2026 10:08:44,24.22,8.69,8.69,23.65,101.203,12.3,12.7,0.01,8.02,101.380,0.02140,,,,
4868,04/20/2026 10:10:44,24.34,8.80,8.80,23.85,101.225,26.9,27.6,0.02,17.51,101.380,0.02363,,,,
4869,04/20/2026 10:12:44,24.46,8.85,8.85,24.01,101.230,144.7,147.8,0.07,94.08,101.380,0.02409,,,,
4870,04/20/2026 10:14:44,24.63,8.93,8.74,24.20,101.218,6563.7,6675.3,3.65,4266.42,101.380,0.02290,,,,
4871,04/20/2026 10:16:44,24.79,9.03,8.76,24.35,101.222,9392.3,9521.3,5.34,6104.98,101.380,0.02331,,,,
4872,04/20/2026 10:18:44,24.92,9.22,8.88,24.46,101.294,11411.3,11541.4,6.56,7417.37,101.380,0.03045,,,,
4873,04/20/2026 10:20:44,24.99,10.01,9.43,24.65,101.299,17645.1,17774.4,10.48,11469.33,101.380,0.03098,,,,
4874,04/20/2026 10:22:44,25.09,10.76,9.94,24.90,101.323,23113.8,23160.2,13.98,15023.94,101.380,0.03338,,,,
4875,04/20/2026 10:24:44,25.21,11.68,10.57,25.19,101.349,28642.7,28529.3,17.58,18617.73,101.380,0.03588,,,,
4876,04/20/2026 10:26:44,25.40,11.82,10.63,25.44,101.338,30634.2,30351.2,18.82,19912.23,101.380,0.03487,,,,
4877,04/20/2026 10:28:44,25.54,11.90,10.65,25.62,101.412,31722.8,31316.9,19.49,20619.82,101.380,0.04220,,,,
4878,04/20/2026 10:30:44,25.66,12.15,10.85,25.68,101.397,32468.1,32008.3,19.96,21104.25,101.380,0.04068,,,,
4879,04/20/2026 10:32:44,25.77,12.01,11.99,25.73,101.226,893.0,879.5,0.43,580.45,101.380,0.02367,,,,
4880,04/20/2026 10:34:44,25.27,8.36,8.35,24.74,101.199,351.9,353.8,0.17,228.76,101.380,0.02095,,,,
4881,04/20/2026 10:36:44,25.23,8.30,8.29,25.56,101.307,171.4,169.4,0.08,111.42,101.380,0.03177,,,,
4882,04/20/2026 10:38:35,,,,,,,,,,,,Logged,,,
4883,04/20/2026 10:38:44,25.23,8.30,8.29,25.56,101.307,171.4,169.4,0.08,111.42,101.380,0.03177,,Logged,,
