#,Date-Time (HST),"pH , pH","Temperature , °C","Millivolts , mv"
1,03/17/2026 16:00:00,8.15,24.48,-71.46
2,03/17/2026 16:01:00,8.15,24.48,-71.50
3,03/17/2026 16:02:00,8.15,24.51,-71.52
4,03/17/2026 16:03:00,8.15,24.51,-71.56
5,03/17/2026 16:04:00,8.15,24.51,-71.55
6,03/17/2026 16:05:00,8.15,24.53,-71.56
7,03/17/2026 16:06:00,8.15,24.53,-71.66
8,03/17/2026 16:07:00,8.15,24.53,-71.63
9,03/17/2026 16:08:00,8.15,24.53,-71.63
10,03/17/2026 16:09:00,8.15,24.56,-71.66
11,03/17/2026 16:10:00,8.15,24.56,-71.64
12,03/17/2026 16:11:00,8.15,24.56,-71.67
13,03/17/2026 16:12:00,8.15,24.56,-71.69
14,03/17/2026 16:13:00,8.15,24.58,-71.69
15,03/17/2026 16:14:00,8.15,24.58,-71.69
16,03/17/2026 16:15:00,8.15,24.58,-71.72
17,03/17/2026 16:16:00,8.15,24.60,-71.72
18,03/17/2026 16:17:00,8.15,24.60,-71.75
19,03/17/2026 16:18:00,8.15,24.63,-71.77
20,03/17/2026 16:19:00,8.16,24.63,-71.78
21,03/17/2026 16:20:00,8.16,24.63,-71.78
22,03/17/2026 16:21:00,8.16,24.63,-71.85
23,03/17/2026 16:22:00,8.16,24.65,-71.83
24,03/17/2026 16:23:00,8.16,24.65,-71.81
25,03/17/2026 16:24:00,8.16,24.65,-71.81
26,03/17/2026 16:25:00,8.16,24.65,-71.81
27,03/17/2026 16:26:00,8.16,24.65,-71.81
28,03/17/2026 16:27:00,8.16,24.65,-71.78
29,03/17/2026 16:28:00,8.16,24.65,-71.78
30,03/17/2026 16:29:00,8.16,24.65,-71.81
31,03/17/2026 16:30:00,8.16,24.65,-71.80
32,03/17/2026 16:31:00,8.16,24.65,-71.81
33,03/17/2026 16:32:00,8.16,24.65,-71.80
34,03/17/2026 16:33:00,8.16,24.65,-71.81
35,03/17/2026 16:34:00,8.16,24.65,-71.81
36,03/17/2026 16:35:00,8.16,24.65,-71.81
37,03/17/2026 16:36:00,8.16,24.65,-71.88
38,03/17/2026 16:37:00,8.16,24.65,-71.85
39,03/17/2026 16:38:00,8.16,24.68,-71.83
40,03/17/2026 16:39:00,8.16,24.68,-71.83
41,03/17/2026 16:40:00,8.16,24.68,-71.83
42,03/17/2026 16:41:00,8.16,24.68,-71.85
43,03/17/2026 16:42:00,8.16,24.68,-71.86
44,03/17/2026 16:43:00,8.16,24.68,-71.86
45,03/17/2026 16:44:00,8.16,24.68,-71.88
46,03/17/2026 16:45:00,8.16,24.68,-71.88
47,03/17/2026 16:46:00,8.16,24.68,-71.88
48,03/17/2026 16:47:00,8.16,24.68,-71.89
49,03/17/2026 16:48:00,8.16,24.68,-71.89
50,03/17/2026 16:49:00,8.16,24.70,-71.91
51,03/17/2026 16:50:00,8.16,24.70,-71.89
52,03/17/2026 16:51:00,8.16,24.70,-71.94
53,03/17/2026 16:52:00,8.16,24.70,-71.89
54,03/17/2026 16:53:00,8.16,24.70,-71.89
55,03/17/2026 16:54:00,8.16,24.70,-71.91
56,03/17/2026 16:55:00,8.16,24.70,-71.89
57,03/17/2026 16:56:00,8.16,24.70,-71.89
58,03/17/2026 16:57:00,8.16,24.70,-71.89
59,03/17/2026 16:58:00,8.16,24.70,-71.89
60,03/17/2026 16:59:00,8.16,24.70,-71.88
61,03/17/2026 17:00:00,8.16,24.70,-71.89
62,03/17/2026 17:01:00,8.16,24.70,-71.91
63,03/17/2026 17:02:00,8.16,24.70,-71.89
64,03/17/2026 17:03:00,8.16,24.70,-71.89
65,03/17/2026 17:04:00,8.16,24.68,-71.88
66,03/17/2026 17:05:00,8.16,24.68,-71.89
67,03/17/2026 17:06:00,8.16,24.68,-71.92
68,03/17/2026 17:07:00,8.16,24.68,-71.88
69,03/17/2026 17:08:00,8.16,24.68,-71.88
70,03/17/2026 17:09:00,8.16,24.68,-71.85
71,03/17/2026 17:10:00,8.16,24.68,-71.85
72,03/17/2026 17:11:00,8.16,24.68,-71.83
73,03/17/2026 17:12:00,8.16,24.68,-71.85
74,03/17/2026 17:13:00,8.16,24.68,-71.85
75,03/17/2026 17:14:00,8.16,24.65,-71.85
76,03/17/2026 17:15:00,8.16,24.65,-71.86
77,03/17/2026 17:16:00,8.16,24.65,-71.85
78,03/17/2026 17:17:00,8.16,24.65,-71.85
79,03/17/2026 17:18:00,8.16,24.65,-71.83
80,03/17/2026 17:19:00,8.16,24.65,-71.85
81,03/17/2026 17:20:00,8.16,24.65,-71.83
82,03/17/2026 17:21:00,8.16,24.65,-71.88
83,03/17/2026 17:22:00,8.16,24.65,-71.81
84,03/17/2026 17:23:00,8.16,24.63,-71.80
85,03/17/2026 17:24:00,8.15,24.63,-71.77
86,03/17/2026 17:25:00,8.15,24.63,-71.77
87,03/17/2026 17:26:00,8.15,24.63,-71.75
88,03/17/2026 17:27:00,8.15,24.63,-71.74
89,03/17/2026 17:28:00,8.15,24.63,-71.74
90,03/17/2026 17:29:00,8.15,24.60,-71.72
91,03/17/2026 17:30:00,8.15,24.60,-71.72
92,03/17/2026 17:31:00,8.15,24.60,-71.71
93,03/17/2026 17:32:00,8.15,24.60,-71.71
94,03/17/2026 17:33:00,8.15,24.60,-71.67
95,03/17/2026 17:34:00,8.15,24.60,-71.69
96,03/17/2026 17:35:00,8.15,24.58,-71.69
97,03/17/2026 17:36:00,8.15,24.58,-71.72
98,03/17/2026 17:37:00,8.15,24.58,-71.69
99,03/17/2026 17:38:00,8.15,24.58,-71.67
100,03/17/2026 17:39:00,8.15,24.58,-71.67
101,03/17/2026 17:40:00,8.15,24.58,-71.67
102,03/17/2026 17:41:00,8.15,24.58,-71.66
103,03/17/2026 17:42:00,8.15,24.56,-71.66
104,03/17/2026 17:43:00,8.15,24.56,-71.64
105,03/17/2026 17:44:00,8.15,24.56,-71.63
106,03/17/2026 17:45:00,8.15,24.56,-71.63
107,03/17/2026 17:46:00,8.15,24.56,-71.63
108,03/17/2026 17:47:00,8.15,24.56,-71.63
109,03/17/2026 17:48:00,8.15,24.56,-71.61
110,03/17/2026 17:49:00,8.15,24.56,-71.61
111,03/17/2026 17:50:00,8.15,24.56,-71.61
112,03/17/2026 17:51:00,8.15,24.53,-71.66
113,03/17/2026 17:52:00,8.15,24.53,-71.63
114,03/17/2026 17:53:00,8.15,24.53,-71.60
115,03/17/2026 17:54:00,8.15,24.53,-71.60
116,03/17/2026 17:55:00,8.15,24.53,-71.60
117,03/17/2026 17:56:00,8.15,24.51,-71.56
118,03/17/2026 17:57:00,8.15,24.51,-71.55
119,03/17/2026 17:58:00,8.15,24.51,-71.53
120,03/17/2026 17:59:00,8.15,24.51,-71.53
121,03/17/2026 18:00:00,8.15,24.51,-71.52
122,03/17/2026 18:01:00,8.15,24.48,-71.52
123,03/17/2026 18:02:00,8.15,24.48,-71.50
124,03/17/2026 18:03:00,8.15,24.48,-71.49
125,03/17/2026 18:04:00,8.15,24.48,-71.47
126,03/17/2026 18:05:00,8.15,24.46,-71.46
127,03/17/2026 18:06:00,8.15,24.46,-71.49
128,03/17/2026 18:07:00,8.15,24.46,-71.44
129,03/17/2026 18:08:00,8.15,24.46,-71.42
130,03/17/2026 18:09:00,8.15,24.46,-71.39
131,03/17/2026 18:10:00,8.15,24.44,-71.39
132,03/17/2026 18:11:00,8.15,24.44,-71.36
133,03/17/2026 18:12:00,8.15,24.44,-71.36
134,03/17/2026 18:13:00,8.15,24.44,-71.35
135,03/17/2026 18:14:00,8.15,24.41,-71.33
136,03/17/2026 18:15:00,8.15,24.41,-71.31
137,03/17/2026 18:16:00,8.15,24.41,-71.30
138,03/17/2026 18:17:00,8.15,24.41,-71.28
139,03/17/2026 18:18:00,8.15,24.41,-71.28
140,03/17/2026 18:19:00,8.15,24.39,-71.25
141,03/17/2026 18:20:00,8.15,24.39,-71.25
142,03/17/2026 18:21:00,8.15,24.39,-71.28
143,03/17/2026 18:22:00,8.15,24.39,-71.22
144,03/17/2026 18:23:00,8.15,24.39,-71.21
145,03/17/2026 18:24:00,8.15,24.36,-71.17
146,03/17/2026 18:25:00,8.15,24.36,-71.17
147,03/17/2026 18:26:00,8.15,24.36,-71.16
148,03/17/2026 18:27:00,8.14,24.36,-71.14
149,03/17/2026 18:28:00,8.14,24.34,-71.13
150,03/17/2026 18:29:00,8.14,24.34,-71.13
151,03/17/2026 18:30:00,8.14,24.34,-71.11
152,03/17/2026 18:31:00,8.14,24.34,-71.10
153,03/17/2026 18:32:00,8.14,24.32,-71.10
154,03/17/2026 18:33:00,8.14,24.32,-71.08
155,03/17/2026 18:34:00,8.14,24.32,-71.08
156,03/17/2026 18:35:00,8.14,24.32,-71.05
157,03/17/2026 18:36:00,8.14,24.29,-71.10
158,03/17/2026 18:37:00,8.14,24.29,-71.03
159,03/17/2026 18:38:00,8.14,24.29,-71.02
160,03/17/2026 18:39:00,8.14,24.29,-71.00
161,03/17/2026 18:40:00,8.14,24.27,-70.97
162,03/17/2026 18:41:00,8.14,24.27,-70.96
163,03/17/2026 18:42:00,8.14,24.27,-70.94
164,03/17/2026 18:43:00,8.14,24.27,-70.92
165,03/17/2026 18:44:00,8.14,24.24,-70.89
166,03/17/2026 18:45:00,8.14,24.24,-70.88
167,03/17/2026 18:46:00,8.14,24.24,-70.86
168,03/17/2026 18:47:00,8.14,24.24,-70.85
169,03/17/2026 18:48:00,8.14,24.22,-70.81
170,03/17/2026 18:49:00,8.14,24.22,-70.80
171,03/17/2026 18:50:00,8.14,24.22,-70.78
172,03/17/2026 18:51:00,8.14,24.22,-70.81
173,03/17/2026 18:52:00,8.14,24.19,-70.75
174,03/17/2026 18:53:00,8.14,24.19,-70.74
175,03/17/2026 18:54:00,8.14,24.19,-70.71
176,03/17/2026 18:55:00,8.14,24.19,-70.69
177,03/17/2026 18:56:00,8.14,24.17,-70.66
178,03/17/2026 18:57:00,8.14,24.17,-70.64
179,03/17/2026 18:58:00,8.14,24.17,-70.63
180,03/17/2026 18:59:00,8.14,24.17,-70.61
181,03/17/2026 19:00:00,8.14,24.15,-70.60
182,03/17/2026 19:01:00,8.14,24.15,-70.58
183,03/17/2026 19:02:00,8.14,24.15,-70.56
184,03/17/2026 19:03:00,8.14,24.15,-70.55
185,03/17/2026 19:04:00,8.14,24.15,-70.53
186,03/17/2026 19:05:00,8.13,24.12,-70.50
187,03/17/2026 19:06:00,8.14,24.12,-70.55
188,03/17/2026 19:07:00,8.13,24.12,-70.49
189,03/17/2026 19:08:00,8.13,24.12,-70.47
190,03/17/2026 19:09:00,8.13,24.12,-70.46
191,03/17/2026 19:10:00,8.13,24.10,-70.44
192,03/17/2026 19:11:00,8.13,24.10,-70.42
193,03/17/2026 19:12:00,8.13,24.10,-70.41
194,03/17/2026 19:13:00,8.13,24.10,-70.39
195,03/17/2026 19:14:00,8.13,24.10,-70.38
196,03/17/2026 19:15:00,8.13,24.07,-70.36
197,03/17/2026 19:16:00,8.13,24.07,-70.35
198,03/17/2026 19:17:00,8.13,24.07,-70.33
199,03/17/2026 19:18:00,8.13,24.07,-70.33
200,03/17/2026 19:19:00,8.13,24.07,-70.30
201,03/17/2026 19:20:00,8.13,24.07,-70.28
202,03/17/2026 19:21:00,8.13,24.05,-70.33
203,03/17/2026 19:22:00,8.13,24.05,-70.30
204,03/17/2026 19:23:00,8.13,24.05,-70.25
205,03/17/2026 19:24:00,8.13,24.05,-70.25
206,03/17/2026 19:25:00,8.13,24.05,-70.24
207,03/17/2026 19:26:00,8.13,24.05,-70.22
208,03/17/2026 19:27:00,8.13,24.03,-70.21
209,03/17/2026 19:28:00,8.13,24.03,-70.19
210,03/17/2026 19:29:00,8.13,24.03,-70.17
211,03/17/2026 19:30:00,8.13,24.03,-70.16
212,03/17/2026 19:31:00,8.13,24.03,-70.14
213,03/17/2026 19:32:00,8.13,24.03,-70.11
214,03/17/2026 19:33:00,8.13,24.00,-70.11
215,03/17/2026 19:34:00,8.13,24.00,-70.10
216,03/17/2026 19:35:00,8.13,24.00,-70.08
217,03/17/2026 19:36:00,8.13,24.00,-70.11
218,03/17/2026 19:37:00,8.13,24.00,-70.06
219,03/17/2026 19:38:00,8.13,23.98,-70.03
220,03/17/2026 19:39:00,8.13,23.98,-70.02
221,03/17/2026 19:40:00,8.13,23.98,-70.00
222,03/17/2026 19:41:00,8.13,23.98,-69.99
223,03/17/2026 19:42:00,8.13,23.98,-69.97
224,03/17/2026 19:43:00,8.13,23.98,-69.96
225,03/17/2026 19:44:00,8.13,23.95,-69.94
226,03/17/2026 19:45:00,8.13,23.95,-69.94
227,03/17/2026 19:46:00,8.12,23.95,-69.91
228,03/17/2026 19:47:00,8.12,23.95,-69.89
229,03/17/2026 19:48:00,8.12,23.95,-69.89
230,03/17/2026 19:49:00,8.12,23.95,-69.86
231,03/17/2026 19:50:00,8.12,23.95,-69.85
232,03/17/2026 19:51:00,8.12,23.93,-69.89
233,03/17/2026 19:52:00,8.12,23.93,-69.85
234,03/17/2026 19:53:00,8.12,23.93,-69.83
235,03/17/2026 19:54:00,8.12,23.93,-69.80
236,03/17/2026 19:55:00,8.12,23.93,-69.80
237,03/17/2026 19:56:00,8.12,23.93,-69.78
238,03/17/2026 19:57:00,8.12,23.91,-69.77
239,03/17/2026 19:58:00,8.12,23.91,-69.77
240,03/17/2026 19:59:00,8.12,23.91,-69.75
241,03/17/2026 20:00:00,8.12,23.91,-69.74
242,03/17/2026 20:01:00,8.12,23.91,-69.74
243,03/17/2026 20:02:00,8.12,23.91,-69.72
244,03/17/2026 20:03:00,8.12,23.91,-69.71
245,03/17/2026 20:04:00,8.12,23.91,-69.69
246,03/17/2026 20:05:00,8.12,23.91,-69.67
247,03/17/2026 20:06:00,8.12,23.91,-69.72
248,03/17/2026 20:07:00,8.12,23.88,-69.67
249,03/17/2026 20:08:00,8.12,23.88,-69.66
250,03/17/2026 20:09:00,8.12,23.88,-69.66
251,03/17/2026 20:10:00,8.12,23.88,-69.64
252,03/17/2026 20:11:00,8.12,23.88,-69.63
253,03/17/2026 20:12:00,8.12,23.88,-69.63
254,03/17/2026 20:13:00,8.12,23.88,-69.61
255,03/17/2026 20:14:00,8.12,23.88,-69.61
256,03/17/2026 20:15:00,8.12,23.88,-69.60
257,03/17/2026 20:16:00,8.12,23.86,-69.58
258,03/17/2026 20:17:00,8.12,23.86,-69.58
259,03/17/2026 20:18:00,8.12,23.86,-69.58
260,03/17/2026 20:19:00,8.12,23.86,-69.56
261,03/17/2026 20:20:00,8.12,23.86,-69.55
262,03/17/2026 20:21:00,8.12,23.86,-69.60
263,03/17/2026 20:22:00,8.12,23.86,-69.56
264,03/17/2026 20:23:00,8.12,23.86,-69.55
265,03/17/2026 20:24:00,8.12,23.86,-69.53
266,03/17/2026 20:25:00,8.12,23.86,-69.53
267,03/17/2026 20:26:00,8.12,23.86,-69.52
268,03/17/2026 20:27:00,8.12,23.86,-69.50
269,03/17/2026 20:28:00,8.12,23.86,-69.50
270,03/17/2026 20:29:00,8.12,23.83,-69.49
271,03/17/2026 20:30:00,8.12,23.83,-69.49
272,03/17/2026 20:31:00,8.12,23.83,-69.47
273,03/17/2026 20:32:00,8.12,23.83,-69.47
274,03/17/2026 20:33:00,8.12,23.83,-69.46
275,03/17/2026 20:34:00,8.12,23.83,-69.46
276,03/17/2026 20:35:00,8.12,23.83,-69.44
277,03/17/2026 20:36:00,8.12,23.83,-69.47
278,03/17/2026 20:37:00,8.12,23.83,-69.44
279,03/17/2026 20:38:00,8.12,23.83,-69.42
280,03/17/2026 20:39:00,8.12,23.83,-69.42
281,03/17/2026 20:40:00,8.12,23.83,-69.41
282,03/17/2026 20:41:00,8.12,23.83,-69.39
283,03/17/2026 20:42:00,8.12,23.83,-69.39
284,03/17/2026 20:43:00,8.12,23.83,-69.39
285,03/17/2026 20:44:00,8.12,23.83,-69.38
286,03/17/2026 20:45:00,8.12,23.83,-69.38
287,03/17/2026 20:46:00,8.12,23.83,-69.36
288,03/17/2026 20:47:00,8.12,23.81,-69.36
289,03/17/2026 20:48:00,8.12,23.81,-69.36
290,03/17/2026 20:49:00,8.12,23.81,-69.35
291,03/17/2026 20:50:00,8.12,23.81,-69.35
292,03/17/2026 20:51:00,8.12,23.81,-69.38
293,03/17/2026 20:52:00,8.12,23.81,-69.35
294,03/17/2026 20:53:00,8.12,23.81,-69.33
295,03/17/2026 20:54:00,8.11,23.81,-69.31
296,03/17/2026 20:55:00,8.11,23.81,-69.30
297,03/17/2026 20:56:00,8.11,23.81,-69.30
298,03/17/2026 20:57:00,8.11,23.81,-69.28
299,03/17/2026 20:58:00,8.11,23.81,-69.28
300,03/17/2026 20:59:00,8.11,23.81,-69.27
301,03/17/2026 21:00:00,8.11,23.81,-69.28
302,03/17/2026 21:01:00,8.11,23.81,-69.27
303,03/17/2026 21:02:00,8.11,23.81,-69.27
304,03/17/2026 21:03:00,8.11,23.81,-69.25
305,03/17/2026 21:04:00,8.11,23.81,-69.25
306,03/17/2026 21:05:00,8.11,23.81,-69.25
307,03/17/2026 21:06:00,8.11,23.79,-69.30
308,03/17/2026 21:07:00,8.11,23.79,-69.25
309,03/17/2026 21:08:00,8.11,23.79,-69.24
310,03/17/2026 21:09:00,8.11,23.79,-69.24
311,03/17/2026 21:10:00,8.11,23.79,-69.24
312,03/17/2026 21:11:00,8.11,23.79,-69.22
313,03/17/2026 21:12:00,8.11,23.79,-69.22
314,03/17/2026 21:13:00,8.11,23.79,-69.22
315,03/17/2026 21:14:00,8.11,23.79,-69.21
316,03/17/2026 21:15:00,8.11,23.79,-69.21
317,03/17/2026 21:16:00,8.11,23.79,-69.19
318,03/17/2026 21:17:00,8.11,23.79,-69.19
319,03/17/2026 21:18:00,8.11,23.79,-69.19
320,03/17/2026 21:19:00,8.11,23.79,-69.19
321,03/17/2026 21:20:00,8.11,23.79,-69.17
322,03/17/2026 21:21:00,8.11,23.79,-69.22
323,03/17/2026 21:22:00,8.11,23.79,-69.19
324,03/17/2026 21:23:00,8.11,23.79,-69.17
325,03/17/2026 21:24:00,8.11,23.79,-69.16
326,03/17/2026 21:25:00,8.11,23.76,-69.16
327,03/17/2026 21:26:00,8.11,23.76,-69.14
328,03/17/2026 21:27:00,8.11,23.76,-69.14
329,03/17/2026 21:28:00,8.11,23.76,-69.14
330,03/17/2026 21:29:00,8.11,23.76,-69.13
331,03/17/2026 21:30:00,8.11,23.76,-69.13
332,03/17/2026 21:31:00,8.11,23.76,-69.13
333,03/17/2026 21:32:00,8.11,23.76,-69.11
334,03/17/2026 21:33:00,8.11,23.76,-69.11
335,03/17/2026 21:34:00,8.11,23.76,-69.10
336,03/17/2026 21:35:00,8.11,23.76,-69.10
337,03/17/2026 21:36:00,8.11,23.76,-69.13
338,03/17/2026 21:37:00,8.11,23.76,-69.10
339,03/17/2026 21:38:00,8.11,23.76,-69.08
340,03/17/2026 21:39:00,8.11,23.74,-69.06
341,03/17/2026 21:40:00,8.11,23.74,-69.06
342,03/17/2026 21:41:00,8.11,23.74,-69.05
343,03/17/2026 21:42:00,8.11,23.74,-69.05
344,03/17/2026 21:43:00,8.11,23.74,-69.03
345,03/17/2026 21:44:00,8.11,23.74,-69.03
346,03/17/2026 21:45:00,8.11,23.74,-69.03
347,03/17/2026 21:46:00,8.11,23.74,-69.02
348,03/17/2026 21:47:00,8.11,23.74,-69.00
349,03/17/2026 21:48:00,8.11,23.71,-68.99
350,03/17/2026 21:49:00,8.11,23.71,-68.99
351,03/17/2026 21:50:00,8.11,23.71,-68.97
352,03/17/2026 21:51:00,8.11,23.71,-69.02
353,03/17/2026 21:52:00,8.11,23.71,-68.99
354,03/17/2026 21:53:00,8.11,23.71,-68.96
355,03/17/2026 21:54:00,8.11,23.71,-68.94
356,03/17/2026 21:55:00,8.11,23.71,-68.92
357,03/17/2026 21:56:00,8.11,23.71,-68.91
358,03/17/2026 21:57:00,8.11,23.71,-68.89
359,03/17/2026 21:58:00,8.11,23.69,-68.89
360,03/17/2026 21:59:00,8.11,23.69,-68.88
361,03/17/2026 22:00:00,8.11,23.69,-68.88
362,03/17/2026 22:01:00,8.11,23.69,-68.85
363,03/17/2026 22:02:00,8.11,23.69,-68.85
364,03/17/2026 22:03:00,8.11,23.69,-68.83
365,03/17/2026 22:04:00,8.11,23.69,-68.81
366,03/17/2026 22:05:00,8.11,23.69,-68.80
367,03/17/2026 22:06:00,8.11,23.69,-68.85
368,03/17/2026 22:07:00,8.11,23.69,-68.80
369,03/17/2026 22:08:00,8.11,23.69,-68.78
370,03/17/2026 22:09:00,8.11,23.69,-68.77
371,03/17/2026 22:10:00,8.11,23.69,-68.75
372,03/17/2026 22:11:00,8.11,23.69,-68.74
373,03/17/2026 22:12:00,8.11,23.69,-68.74
374,03/17/2026 22:13:00,8.10,23.66,-68.72
375,03/17/2026 22:14:00,8.10,23.66,-68.71
376,03/17/2026 22:15:00,8.10,23.66,-68.69
377,03/17/2026 22:16:00,8.10,23.66,-68.69
378,03/17/2026 22:17:00,8.10,23.66,-68.67
379,03/17/2026 22:18:00,8.10,23.66,-68.67
380,03/17/2026 22:19:00,8.10,23.66,-68.67
381,03/17/2026 22:20:00,8.10,23.66,-68.66
382,03/17/2026 22:21:00,8.10,23.66,-68.69
383,03/17/2026 22:22:00,8.10,23.66,-68.66
384,03/17/2026 22:23:00,8.10,23.66,-68.64
385,03/17/2026 22:24:00,8.10,23.66,-68.61
386,03/17/2026 22:25:00,8.10,23.66,-68.61
387,03/17/2026 22:26:00,8.10,23.66,-68.60
388,03/17/2026 22:27:00,8.10,23.66,-68.60
389,03/17/2026 22:28:00,8.10,23.66,-68.58
390,03/17/2026 22:29:00,8.10,23.66,-68.56
391,03/17/2026 22:30:00,8.10,23.66,-68.56
392,03/17/2026 22:31:00,8.10,23.66,-68.55
393,03/17/2026 22:32:00,8.10,23.66,-68.53
394,03/17/2026 22:33:00,8.10,23.66,-68.53
395,03/17/2026 22:34:00,8.10,23.66,-68.53
396,03/17/2026 22:35:00,8.10,23.66,-68.52
397,03/17/2026 22:36:00,8.10,23.66,-68.56
398,03/17/2026 22:37:00,8.10,23.66,-68.52
399,03/17/2026 22:38:00,8.10,23.66,-68.50
400,03/17/2026 22:39:00,8.10,23.66,-68.50
401,03/17/2026 22:40:00,8.10,23.66,-68.49
402,03/17/2026 22:41:00,8.10,23.66,-68.47
403,03/17/2026 22:42:00,8.10,23.66,-68.47
404,03/17/2026 22:43:00,8.10,23.66,-68.46
405,03/17/2026 22:44:00,8.10,23.66,-68.44
406,03/17/2026 22:45:00,8.10,23.66,-68.44
407,03/17/2026 22:46:00,8.10,23.66,-68.44
408,03/17/2026 22:47:00,8.10,23.66,-68.44
409,03/17/2026 22:48:00,8.10,23.66,-68.42
410,03/17/2026 22:49:00,8.10,23.66,-68.41
411,03/17/2026 22:50:00,8.10,23.66,-68.41
412,03/17/2026 22:51:00,8.10,23.66,-68.44
413,03/17/2026 22:52:00,8.10,23.66,-68.41
414,03/17/2026 22:53:00,8.10,23.66,-68.39
415,03/17/2026 22:54:00,8.10,23.66,-68.39
416,03/17/2026 22:55:00,8.10,23.66,-68.38
417,03/17/2026 22:56:00,8.10,23.66,-68.38
418,03/17/2026 22:57:00,8.10,23.66,-68.36
419,03/17/2026 22:58:00,8.10,23.66,-68.36
420,03/17/2026 22:59:00,8.10,23.66,-68.35
421,03/17/2026 23:00:00,8.10,23.66,-68.33
422,03/17/2026 23:01:00,8.10,23.66,-68.33
423,03/17/2026 23:02:00,8.10,23.66,-68.31
424,03/17/2026 23:03:00,8.10,23.66,-68.31
425,03/17/2026 23:04:00,8.10,23.66,-68.31
426,03/17/2026 23:05:00,8.10,23.66,-68.31
427,03/17/2026 23:06:00,8.10,23.66,-68.35
428,03/17/2026 23:07:00,8.10,23.66,-68.31
429,03/17/2026 23:08:00,8.10,23.66,-68.30
430,03/17/2026 23:09:00,8.10,23.66,-68.28
431,03/17/2026 23:10:00,8.10,23.66,-68.27
432,03/17/2026 23:11:00,8.10,23.66,-68.27
433,03/17/2026 23:12:00,8.10,23.66,-68.27
434,03/17/2026 23:13:00,8.10,23.66,-68.25
435,03/17/2026 23:14:00,8.10,23.66,-68.25
436,03/17/2026 23:15:00,8.10,23.66,-68.25
437,03/17/2026 23:16:00,8.10,23.66,-68.24
438,03/17/2026 23:17:00,8.10,23.66,-68.24
439,03/17/2026 23:18:00,8.10,23.66,-68.22
440,03/17/2026 23:19:00,8.10,23.66,-68.22
441,03/17/2026 23:20:00,8.10,23.66,-68.21
442,03/17/2026 23:21:00,8.10,23.66,-68.25
443,03/17/2026 23:22:00,8.10,23.66,-68.21
444,03/17/2026 23:23:00,8.10,23.66,-68.19
445,03/17/2026 23:24:00,8.10,23.66,-68.17
446,03/17/2026 23:25:00,8.10,23.66,-68.16
447,03/17/2026 23:26:00,8.10,23.66,-68.16
448,03/17/2026 23:27:00,8.10,23.66,-68.16
449,03/17/2026 23:28:00,8.10,23.66,-68.16
450,03/17/2026 23:29:00,8.09,23.66,-68.14
451,03/17/2026 23:30:00,8.09,23.66,-68.14
452,03/17/2026 23:31:00,8.09,23.66,-68.14
453,03/17/2026 23:32:00,8.09,23.66,-68.14
454,03/17/2026 23:33:00,8.09,23.66,-68.13
455,03/17/2026 23:34:00,8.09,23.66,-68.11
456,03/17/2026 23:35:00,8.09,23.64,-68.11
457,03/17/2026 23:36:00,8.10,23.64,-68.16
458,03/17/2026 23:37:00,8.09,23.64,-68.11
459,03/17/2026 23:38:00,8.09,23.64,-68.11
460,03/17/2026 23:39:00,8.09,23.64,-68.10
461,03/17/2026 23:40:00,8.09,23.64,-68.08
462,03/17/2026 23:41:00,8.09,23.64,-68.08
463,03/17/2026 23:42:00,8.09,23.64,-68.08
464,03/17/2026 23:43:00,8.09,23.64,-68.06
465,03/17/2026 23:44:00,8.09,23.64,-68.06
466,03/17/2026 23:45:00,8.09,23.64,-68.06
467,03/17/2026 23:46:00,8.09,23.64,-68.05
468,03/17/2026 23:47:00,8.09,23.64,-68.05
469,03/17/2026 23:48:00,8.09,23.64,-68.03
470,03/17/2026 23:49:00,8.09,23.64,-68.03
471,03/17/2026 23:50:00,8.09,23.64,-68.03
472,03/17/2026 23:51:00,8.09,23.64,-68.08
473,03/17/2026 23:52:00,8.09,23.64,-68.03
474,03/17/2026 23:53:00,8.09,23.64,-68.03
475,03/17/2026 23:54:00,8.09,23.64,-68.02
476,03/17/2026 23:55:00,8.09,23.64,-68.02
477,03/17/2026 23:56:00,8.09,23.64,-68.00
478,03/17/2026 23:57:00,8.09,23.64,-68.00
479,03/17/2026 23:58:00,8.09,23.64,-67.99
480,03/17/2026 23:59:00,8.09,23.64,-67.99
481,03/18/2026 00:00:00,8.09,23.64,-67.99
482,03/18/2026 00:01:00,8.09,23.64,-67.99
483,03/18/2026 00:02:00,8.09,23.64,-67.97
484,03/18/2026 00:03:00,8.09,23.64,-67.97
485,03/18/2026 00:04:00,8.09,23.64,-67.97
486,03/18/2026 00:05:00,8.09,23.64,-67.97
487,03/18/2026 00:06:00,8.09,23.64,-68.00
488,03/18/2026 00:07:00,8.09,23.64,-67.97
489,03/18/2026 00:08:00,8.09,23.64,-67.97
490,03/18/2026 00:09:00,8.09,23.64,-67.96
491,03/18/2026 00:10:00,8.09,23.64,-67.96
492,03/18/2026 00:11:00,8.09,23.64,-67.96
493,03/18/2026 00:12:00,8.09,23.64,-67.94
494,03/18/2026 00:13:00,8.09,23.64,-67.94
495,03/18/2026 00:14:00,8.09,23.64,-67.92
496,03/18/2026 00:15:00,8.09,23.64,-67.92
497,03/18/2026 00:16:00,8.09,23.64,-67.92
498,03/18/2026 00:17:00,8.09,23.64,-67.92
499,03/18/2026 00:18:00,8.09,23.64,-67.91
500,03/18/2026 00:19:00,8.09,23.64,-67.91
501,03/18/2026 00:20:00,8.09,23.64,-67.91
502,03/18/2026 00:21:00,8.09,23.64,-67.96
503,03/18/2026 00:22:00,8.09,23.64,-67.92
504,03/18/2026 00:23:00,8.09,23.64,-67.91
505,03/18/2026 00:24:00,8.09,23.64,-67.91
506,03/18/2026 00:25:00,8.09,23.64,-67.89
507,03/18/2026 00:26:00,8.09,23.64,-67.89
508,03/18/2026 00:27:00,8.09,23.64,-67.88
509,03/18/2026 00:28:00,8.09,23.64,-67.88
510,03/18/2026 00:29:00,8.09,23.64,-67.88
511,03/18/2026 00:30:00,8.09,23.64,-67.88
512,03/18/2026 00:31:00,8.09,23.64,-67.86
513,03/18/2026 00:32:00,8.09,23.64,-67.86
514,03/18/2026 00:33:00,8.09,23.64,-67.86
515,03/18/2026 00:34:00,8.09,23.64,-67.86
516,03/18/2026 00:35:00,8.09,23.64,-67.86
517,03/18/2026 00:36:00,8.09,23.64,-67.89
518,03/18/2026 00:37:00,8.09,23.64,-67.86
519,03/18/2026 00:38:00,8.09,23.64,-67.86
520,03/18/2026 00:39:00,8.09,23.64,-67.86
521,03/18/2026 00:40:00,8.09,23.64,-67.85
522,03/18/2026 00:41:00,8.09,23.64,-67.85
523,03/18/2026 00:42:00,8.09,23.64,-67.83
524,03/18/2026 00:43:00,8.09,23.64,-67.83
525,03/18/2026 00:44:00,8.09,23.64,-67.83
526,03/18/2026 00:45:00,8.09,23.64,-67.83
527,03/18/2026 00:46:00,8.09,23.64,-67.83
528,03/18/2026 00:47:00,8.09,23.64,-67.81
529,03/18/2026 00:48:00,8.09,23.62,-67.81
530,03/18/2026 00:49:00,8.09,23.62,-67.81
531,03/18/2026 00:50:00,8.09,23.62,-67.81
532,03/18/2026 00:51:00,8.09,23.62,-67.86
533,03/18/2026 00:52:00,8.09,23.62,-67.83
534,03/18/2026 00:53:00,8.09,23.62,-67.81
535,03/18/2026 00:54:00,8.09,23.62,-67.81
536,03/18/2026 00:55:00,8.09,23.62,-67.80
537,03/18/2026 00:56:00,8.09,23.62,-67.80
538,03/18/2026 00:57:00,8.09,23.62,-67.81
539,03/18/2026 00:58:00,8.09,23.62,-67.80
540,03/18/2026 00:59:00,8.09,23.62,-67.80
541,03/18/2026 01:00:00,8.09,23.62,-67.80
542,03/18/2026 01:01:00,8.09,23.62,-67.80
543,03/18/2026 01:02:00,8.09,23.59,-67.80
544,03/18/2026 01:03:00,8.09,23.59,-67.78
545,03/18/2026 01:04:00,8.09,23.59,-67.78
546,03/18/2026 01:05:00,8.09,23.59,-67.78
547,03/18/2026 01:06:00,8.09,23.59,-67.83
548,03/18/2026 01:07:00,8.09,23.59,-67.81
549,03/18/2026 01:08:00,8.09,23.59,-67.80
550,03/18/2026 01:09:00,8.09,23.59,-67.80
551,03/18/2026 01:10:00,8.09,23.59,-67.80
552,03/18/2026 01:11:00,8.09,23.59,-67.78
553,03/18/2026 01:12:00,8.09,23.59,-67.78
554,03/18/2026 01:13:00,8.09,23.57,-67.78
555,03/18/2026 01:14:00,8.09,23.57,-67.78
556,03/18/2026 01:15:00,8.09,23.57,-67.77
557,03/18/2026 01:16:00,8.09,23.57,-67.77
558,03/18/2026 01:17:00,8.09,23.57,-67.77
559,03/18/2026 01:18:00,8.09,23.57,-67.78
560,03/18/2026 01:19:00,8.09,23.57,-67.77
561,03/18/2026 01:20:00,8.09,23.57,-67.77
562,03/18/2026 01:21:00,8.09,23.57,-67.80
563,03/18/2026 01:22:00,8.09,23.57,-67.77
564,03/18/2026 01:23:00,8.09,23.57,-67.77
565,03/18/2026 01:24:00,8.09,23.57,-67.75
566,03/18/2026 01:25:00,8.09,23.57,-67.74
567,03/18/2026 01:26:00,8.09,23.54,-67.74
568,03/18/2026 01:27:00,8.09,23.54,-67.74
569,03/18/2026 01:28:00,8.09,23.54,-67.74
570,03/18/2026 01:29:00,8.09,23.54,-67.74
571,03/18/2026 01:30:00,8.09,23.54,-67.74
572,03/18/2026 01:31:00,8.09,23.54,-67.72
573,03/18/2026 01:32:00,8.09,23.54,-67.72
574,03/18/2026 01:33:00,8.09,23.54,-67.72
575,03/18/2026 01:34:00,8.09,23.54,-67.72
576,03/18/2026 01:35:00,8.09,23.54,-67.71
577,03/18/2026 01:36:00,8.09,23.54,-67.77
578,03/18/2026 01:37:00,8.09,23.52,-67.74
579,03/18/2026 01:38:00,8.09,23.52,-67.72
580,03/18/2026 01:39:00,8.09,23.52,-67.72
581,03/18/2026 01:40:00,8.09,23.52,-67.71
582,03/18/2026 01:41:00,8.09,23.52,-67.71
583,03/18/2026 01:42:00,8.09,23.52,-67.71
584,03/18/2026 01:43:00,8.09,23.52,-67.71
585,03/18/2026 01:44:00,8.09,23.52,-67.71
586,03/18/2026 01:45:00,8.09,23.52,-67.69
587,03/18/2026 01:46:00,8.09,23.52,-67.71
588,03/18/2026 01:47:00,8.09,23.52,-67.69
589,03/18/2026 01:48:00,8.09,23.52,-67.69
590,03/18/2026 01:49:00,8.09,23.52,-67.69
591,03/18/2026 01:50:00,8.09,23.52,-67.67
592,03/18/2026 01:51:00,8.09,23.52,-67.72
593,03/18/2026 01:52:00,8.09,23.50,-67.69
594,03/18/2026 01:53:00,8.09,23.50,-67.67
595,03/18/2026 01:54:00,8.09,23.50,-67.67
596,03/18/2026 01:55:00,8.09,23.50,-67.66
597,03/18/2026 01:56:00,8.09,23.50,-67.67
598,03/18/2026 01:57:00,8.09,23.50,-67.67
599,03/18/2026 01:58:00,8.09,23.50,-67.66
600,03/18/2026 01:59:00,8.09,23.50,-67.66
601,03/18/2026 02:00:00,8.09,23.50,-67.67
602,03/18/2026 02:01:00,8.09,23.50,-67.66
603,03/18/2026 02:02:00,8.09,23.50,-67.66
604,03/18/2026 02:03:00,8.09,23.50,-67.66
605,03/18/2026 02:04:00,8.09,23.50,-67.66
606,03/18/2026 02:05:00,8.09,23.50,-67.66
607,03/18/2026 02:06:00,8.09,23.50,-67.71
608,03/18/2026 02:07:00,8.09,23.50,-67.67
609,03/18/2026 02:08:00,8.09,23.50,-67.67
610,03/18/2026 02:09:00,8.09,23.50,-67.66
611,03/18/2026 02:10:00,8.09,23.50,-67.66
612,03/18/2026 02:11:00,8.09,23.47,-67.66
613,03/18/2026 02:12:00,8.09,23.47,-67.66
614,03/18/2026 02:13:00,8.09,23.47,-67.66
615,03/18/2026 02:14:00,8.09,23.47,-67.66
616,03/18/2026 02:15:00,8.09,23.47,-67.66
617,03/18/2026 02:16:00,8.09,23.47,-67.66
618,03/18/2026 02:17:00,8.09,23.47,-67.66
619,03/18/2026 02:18:00,8.09,23.47,-67.66
620,03/18/2026 02:19:00,8.09,23.47,-67.66
621,03/18/2026 02:20:00,8.09,23.47,-67.66
622,03/18/2026 02:21:00,8.09,23.47,-67.71
623,03/18/2026 02:22:00,8.09,23.47,-67.67
624,03/18/2026 02:23:00,8.09,23.47,-67.66
625,03/18/2026 02:24:00,8.09,23.47,-67.66
626,03/18/2026 02:25:00,8.09,23.47,-67.64
627,03/18/2026 02:26:00,8.09,23.47,-67.66
628,03/18/2026 02:27:00,8.09,23.47,-67.64
629,03/18/2026 02:28:00,8.09,23.47,-67.64
630,03/18/2026 02:29:00,8.09,23.47,-67.64
631,03/18/2026 02:30:00,8.09,23.47,-67.64
632,03/18/2026 02:31:00,8.09,23.47,-67.64
633,03/18/2026 02:32:00,8.09,23.47,-67.64
634,03/18/2026 02:33:00,8.09,23.47,-67.66
635,03/18/2026 02:34:00,8.09,23.45,-67.64
636,03/18/2026 02:35:00,8.09,23.45,-67.64
637,03/18/2026 02:36:00,8.09,23.45,-67.69
638,03/18/2026 02:37:00,8.09,23.45,-67.66
639,03/18/2026 02:38:00,8.09,23.45,-67.66
640,03/18/2026 02:39:00,8.09,23.45,-67.66
641,03/18/2026 02:40:00,8.09,23.45,-67.64
642,03/18/2026 02:41:00,8.09,23.45,-67.64
643,03/18/2026 02:42:00,8.09,23.45,-67.64
644,03/18/2026 02:43:00,8.09,23.45,-67.64
645,03/18/2026 02:44:00,8.09,23.45,-67.64
646,03/18/2026 02:45:00,8.09,23.45,-67.64
647,03/18/2026 02:46:00,8.09,23.45,-67.64
648,03/18/2026 02:47:00,8.09,23.45,-67.64
649,03/18/2026 02:48:00,8.09,23.45,-67.64
650,03/18/2026 02:49:00,8.09,23.42,-67.64
651,03/18/2026 02:50:00,8.09,23.42,-67.64
652,03/18/2026 02:51:00,8.09,23.42,-67.69
653,03/18/2026 02:52:00,8.09,23.42,-67.66
654,03/18/2026 02:53:00,8.09,23.42,-67.66
655,03/18/2026 02:54:00,8.09,23.42,-67.66
656,03/18/2026 02:55:00,8.09,23.42,-67.64
657,03/18/2026 02:56:00,8.09,23.42,-67.64
658,03/18/2026 02:57:00,8.09,23.42,-67.64
659,03/18/2026 02:58:00,8.09,23.42,-67.64
660,03/18/2026 02:59:00,8.09,23.42,-67.64
661,03/18/2026 03:00:00,8.09,23.42,-67.64
662,03/18/2026 03:01:00,8.09,23.40,-67.66
663,03/18/2026 03:02:00,8.09,23.40,-67.66
664,03/18/2026 03:03:00,8.09,23.40,-67.66
665,03/18/2026 03:04:00,8.09,23.40,-67.64
666,03/18/2026 03:05:00,8.09,23.40,-67.66
667,03/18/2026 03:06:00,8.09,23.40,-67.69
668,03/18/2026 03:07:00,8.09,23.40,-67.67
669,03/18/2026 03:08:00,8.09,23.40,-67.66
670,03/18/2026 03:09:00,8.09,23.40,-67.67
671,03/18/2026 03:10:00,8.09,23.40,-67.67
672,03/18/2026 03:11:00,8.09,23.40,-67.66
673,03/18/2026 03:12:00,8.09,23.40,-67.66
674,03/18/2026 03:13:00,8.09,23.40,-67.67
675,03/18/2026 03:14:00,8.09,23.40,-67.67
676,03/18/2026 03:15:00,8.09,23.38,-67.67
677,03/18/2026 03:16:00,8.09,23.38,-67.67
678,03/18/2026 03:17:00,8.09,23.38,-67.67
679,03/18/2026 03:18:00,8.09,23.38,-67.69
680,03/18/2026 03:19:00,8.09,23.38,-67.67
681,03/18/2026 03:20:00,8.09,23.38,-67.67
682,03/18/2026 03:21:00,8.09,23.38,-67.72
683,03/18/2026 03:22:00,8.09,23.38,-67.69
684,03/18/2026 03:23:00,8.09,23.38,-67.67
685,03/18/2026 03:24:00,8.09,23.38,-67.67
686,03/18/2026 03:25:00,8.09,23.38,-67.67
687,03/18/2026 03:26:00,8.09,23.38,-67.67
688,03/18/2026 03:27:00,8.09,23.38,-67.67
689,03/18/2026 03:28:00,8.09,23.38,-67.67
690,03/18/2026 03:29:00,8.09,23.38,-67.67
691,03/18/2026 03:30:00,8.09,23.35,-67.67
692,03/18/2026 03:31:00,8.09,23.35,-67.67
693,03/18/2026 03:32:00,8.09,23.35,-67.67
694,03/18/2026 03:33:00,8.09,23.35,-67.67
695,03/18/2026 03:34:00,8.09,23.35,-67.67
696,03/18/2026 03:35:00,8.09,23.35,-67.67
697,03/18/2026 03:36:00,8.09,23.35,-67.72
698,03/18/2026 03:37:00,8.09,23.35,-67.69
699,03/18/2026 03:38:00,8.09,23.35,-67.69
700,03/18/2026 03:39:00,8.09,23.35,-67.67
701,03/18/2026 03:40:00,8.09,23.35,-67.67
702,03/18/2026 03:41:00,8.09,23.35,-67.67
703,03/18/2026 03:42:00,8.09,23.33,-67.67
704,03/18/2026 03:43:00,8.09,23.33,-67.67
705,03/18/2026 03:44:00,8.09,23.33,-67.67
706,03/18/2026 03:45:00,8.09,23.33,-67.67
707,03/18/2026 03:46:00,8.09,23.33,-67.66
708,03/18/2026 03:47:00,8.09,23.33,-67.67
709,03/18/2026 03:48:00,8.09,23.33,-67.67
710,03/18/2026 03:49:00,8.09,23.33,-67.67
711,03/18/2026 03:50:00,8.09,23.33,-67.67
712,03/18/2026 03:51:00,8.09,23.33,-67.71
713,03/18/2026 03:52:00,8.09,23.33,-67.67
714,03/18/2026 03:53:00,8.09,23.30,-67.67
715,03/18/2026 03:54:00,8.09,23.30,-67.66
716,03/18/2026 03:55:00,8.09,23.30,-67.67
717,03/18/2026 03:56:00,8.09,23.30,-67.66
718,03/18/2026 03:57:00,8.09,23.30,-67.66
719,03/18/2026 03:58:00,8.09,23.30,-67.66
720,03/18/2026 03:59:00,8.09,23.30,-67.66
721,03/18/2026 04:00:00,8.09,23.30,-67.64
722,03/18/2026 04:01:00,8.09,23.30,-67.66
723,03/18/2026 04:02:00,8.09,23.30,-67.64
724,03/18/2026 04:03:00,8.09,23.30,-67.64
725,03/18/2026 04:04:00,8.09,23.30,-67.64
726,03/18/2026 04:05:00,8.09,23.30,-67.63
727,03/18/2026 04:06:00,8.09,23.28,-67.67
728,03/18/2026 04:07:00,8.09,23.28,-67.64
729,03/18/2026 04:08:00,8.09,23.28,-67.63
730,03/18/2026 04:09:00,8.09,23.28,-67.63
731,03/18/2026 04:10:00,8.09,23.28,-67.63
732,03/18/2026 04:11:00,8.09,23.28,-67.61
733,03/18/2026 04:12:00,8.09,23.28,-67.61
734,03/18/2026 04:13:00,8.09,23.28,-67.61
735,03/18/2026 04:14:00,8.09,23.28,-67.61
736,03/18/2026 04:15:00,8.09,23.28,-67.61
737,03/18/2026 04:16:00,8.09,23.28,-67.61
738,03/18/2026 04:17:00,8.09,23.28,-67.61
739,03/18/2026 04:18:00,8.09,23.28,-67.61
740,03/18/2026 04:19:00,8.09,23.28,-67.60
741,03/18/2026 04:20:00,8.09,23.26,-67.60
742,03/18/2026 04:21:00,8.09,23.26,-67.64
743,03/18/2026 04:22:00,8.09,23.26,-67.61
744,03/18/2026 04:23:00,8.09,23.26,-67.60
745,03/18/2026 04:24:00,8.09,23.26,-67.60
746,03/18/2026 04:25:00,8.09,23.26,-67.58
747,03/18/2026 04:26:00,8.09,23.26,-67.60
748,03/18/2026 04:27:00,8.09,23.26,-67.58
749,03/18/2026 04:28:00,8.09,23.26,-67.58
750,03/18/2026 04:29:00,8.09,23.26,-67.58
751,03/18/2026 04:30:00,8.09,23.26,-67.56
752,03/18/2026 04:31:00,8.09,23.26,-67.56
753,03/18/2026 04:32:00,8.09,23.26,-67.56
754,03/18/2026 04:33:00,8.09,23.26,-67.56
755,03/18/2026 04:34:00,8.09,23.26,-67.56
756,03/18/2026 04:35:00,8.09,23.26,-67.56
757,03/18/2026 04:36:00,8.09,23.28,-67.60
758,03/18/2026 04:37:00,8.09,23.28,-67.56
759,03/18/2026 04:38:00,8.09,23.28,-67.55
760,03/18/2026 04:39:00,8.09,23.28,-67.55
761,03/18/2026 04:40:00,8.09,23.28,-67.53
762,03/18/2026 04:41:00,8.09,23.28,-67.53
763,03/18/2026 04:42:00,8.09,23.28,-67.52
764,03/18/2026 04:43:00,8.09,23.28,-67.52
765,03/18/2026 04:44:00,8.08,23.28,-67.50
766,03/18/2026 04:45:00,8.08,23.28,-67.50
767,03/18/2026 04:46:00,8.08,23.28,-67.50
768,03/18/2026 04:47:00,8.08,23.28,-67.49
769,03/18/2026 04:48:00,8.08,23.28,-67.49
770,03/18/2026 04:49:00,8.08,23.28,-67.49
771,03/18/2026 04:50:00,8.08,23.28,-67.47
772,03/18/2026 04:51:00,8.09,23.28,-67.52
773,03/18/2026 04:52:00,8.08,23.28,-67.47
774,03/18/2026 04:53:00,8.08,23.28,-67.46
775,03/18/2026 04:54:00,8.08,23.28,-67.46
776,03/18/2026 04:55:00,8.08,23.28,-67.44
777,03/18/2026 04:56:00,8.08,23.30,-67.44
778,03/18/2026 04:57:00,8.08,23.30,-67.44
779,03/18/2026 04:58:00,8.08,23.30,-67.42
780,03/18/2026 04:59:00,8.08,23.30,-67.42
781,03/18/2026 05:00:00,8.08,23.30,-67.41
782,03/18/2026 05:01:00,8.08,23.30,-67.41
783,03/18/2026 05:02:00,8.08,23.30,-67.41
784,03/18/2026 05:03:00,8.08,23.30,-67.39
785,03/18/2026 05:04:00,8.08,23.30,-67.39
786,03/18/2026 05:05:00,8.08,23.30,-67.39
787,03/18/2026 05:06:00,8.08,23.30,-67.42
788,03/18/2026 05:07:00,8.08,23.30,-67.39
789,03/18/2026 05:08:00,8.08,23.30,-67.38
790,03/18/2026 05:09:00,8.08,23.30,-67.38
791,03/18/2026 05:10:00,8.08,23.30,-67.36
792,03/18/2026 05:11:00,8.08,23.30,-67.35
793,03/18/2026 05:12:00,8.08,23.30,-67.35
794,03/18/2026 05:13:00,8.08,23.33,-67.35
795,03/18/2026 05:14:00,8.08,23.33,-67.33
796,03/18/2026 05:15:00,8.08,23.33,-67.33
797,03/18/2026 05:16:00,8.08,23.33,-67.31
798,03/18/2026 05:17:00,8.08,23.33,-67.31
799,03/18/2026 05:18:00,8.08,23.33,-67.31
800,03/18/2026 05:19:00,8.08,23.33,-67.30
801,03/18/2026 05:20:00,8.08,23.33,-67.30
802,03/18/2026 05:21:00,8.08,23.33,-67.33
803,03/18/2026 05:22:00,8.08,23.33,-67.30
804,03/18/2026 05:23:00,8.08,23.33,-67.28
805,03/18/2026 05:24:00,8.08,23.33,-67.27
806,03/18/2026 05:25:00,8.08,23.33,-67.27
807,03/18/2026 05:26:00,8.08,23.33,-67.27
808,03/18/2026 05:27:00,8.08,23.33,-67.25
809,03/18/2026 05:28:00,8.08,23.33,-67.24
810,03/18/2026 05:29:00,8.08,23.33,-67.24
811,03/18/2026 05:30:00,8.08,23.33,-67.22
812,03/18/2026 05:31:00,8.08,23.33,-67.22
813,03/18/2026 05:32:00,8.08,23.33,-67.22
814,03/18/2026 05:33:00,8.08,23.33,-67.21
815,03/18/2026 05:34:00,8.08,23.33,-67.21
816,03/18/2026 05:35:00,8.08,23.33,-67.21
817,03/18/2026 05:36:00,8.08,23.33,-67.24
818,03/18/2026 05:37:00,8.08,23.33,-67.21
819,03/18/2026 05:38:00,8.08,23.35,-67.19
820,03/18/2026 05:39:00,8.08,23.35,-67.19
821,03/18/2026 05:40:00,8.08,23.35,-67.17
822,03/18/2026 05:41:00,8.08,23.35,-67.16
823,03/18/2026 05:42:00,8.08,23.35,-67.16
824,03/18/2026 05:43:00,8.08,23.35,-67.16
825,03/18/2026 05:44:00,8.08,23.35,-67.14
826,03/18/2026 05:45:00,8.08,23.35,-67.13
827,03/18/2026 05:46:00,8.08,23.35,-67.13
828,03/18/2026 05:47:00,8.08,23.35,-67.11
829,03/18/2026 05:48:00,8.08,23.35,-67.11
830,03/18/2026 05:49:00,8.08,23.35,-67.10
831,03/18/2026 05:50:00,8.08,23.35,-67.10
832,03/18/2026 05:51:00,8.08,23.35,-67.13
833,03/18/2026 05:52:00,8.08,23.35,-67.10
834,03/18/2026 05:53:00,8.08,23.35,-67.08
835,03/18/2026 05:54:00,8.08,23.35,-67.06
836,03/18/2026 05:55:00,8.08,23.35,-67.06
837,03/18/2026 05:56:00,8.08,23.35,-67.06
838,03/18/2026 05:57:00,8.08,23.35,-67.05
839,03/18/2026 05:58:00,8.08,23.35,-67.05
840,03/18/2026 05:59:00,8.08,23.35,-67.03
841,03/18/2026 06:00:00,8.08,23.35,-67.03
842,03/18/2026 06:01:00,8.08,23.35,-67.03
843,03/18/2026 06:02:00,8.08,23.35,-67.03
844,03/18/2026 06:03:00,8.08,23.35,-67.02
845,03/18/2026 06:04:00,8.08,23.35,-67.02
846,03/18/2026 06:05:00,8.08,23.35,-67.02
847,03/18/2026 06:06:00,8.08,23.38,-67.05
848,03/18/2026 06:07:00,8.08,23.38,-67.02
849,03/18/2026 06:08:00,8.08,23.38,-67.00
850,03/18/2026 06:09:00,8.08,23.38,-67.00
851,03/18/2026 06:10:00,8.08,23.38,-66.99
852,03/18/2026 06:11:00,8.08,23.38,-66.99
853,03/18/2026 06:12:00,8.08,23.38,-66.99
854,03/18/2026 06:13:00,8.08,23.38,-66.97
855,03/18/2026 06:14:00,8.08,23.38,-66.97
856,03/18/2026 06:15:00,8.08,23.38,-66.97
857,03/18/2026 06:16:00,8.07,23.38,-66.96
858,03/18/2026 06:17:00,8.07,23.38,-66.96
859,03/18/2026 06:18:00,8.07,23.38,-66.96
860,03/18/2026 06:19:00,8.07,23.38,-66.96
861,03/18/2026 06:20:00,8.07,23.38,-66.96
862,03/18/2026 06:21:00,8.08,23.38,-66.99
863,03/18/2026 06:22:00,8.08,23.38,-66.97
864,03/18/2026 06:23:00,8.07,23.38,-66.96
865,03/18/2026 06:24:00,8.07,23.38,-66.96
866,03/18/2026 06:25:00,8.07,23.38,-66.94
867,03/18/2026 06:26:00,8.07,23.38,-66.96
868,03/18/2026 06:27:00,8.07,23.38,-66.94
869,03/18/2026 06:28:00,8.07,23.38,-66.94
870,03/18/2026 06:29:00,8.07,23.38,-66.94
871,03/18/2026 06:30:00,8.07,23.38,-66.92
872,03/18/2026 06:31:00,8.07,23.38,-66.92
873,03/18/2026 06:32:00,8.07,23.38,-66.92
874,03/18/2026 06:33:00,8.07,23.38,-66.92
875,03/18/2026 06:34:00,8.07,23.38,-66.92
876,03/18/2026 06:35:00,8.07,23.38,-66.92
877,03/18/2026 06:36:00,8.07,23.38,-66.96
878,03/18/2026 06:37:00,8.07,23.38,-66.92
879,03/18/2026 06:38:00,8.07,23.38,-66.91
880,03/18/2026 06:39:00,8.07,23.38,-66.91
881,03/18/2026 06:40:00,8.07,23.38,-66.91
882,03/18/2026 06:41:00,8.07,23.38,-66.91
883,03/18/2026 06:42:00,8.07,23.38,-66.91
884,03/18/2026 06:43:00,8.07,23.38,-66.89
885,03/18/2026 06:44:00,8.07,23.38,-66.91
886,03/18/2026 06:45:00,8.07,23.38,-66.89
887,03/18/2026 06:46:00,8.07,23.38,-66.91
888,03/18/2026 06:47:00,8.07,23.38,-66.91
889,03/18/2026 06:48:00,8.07,23.38,-66.91
890,03/18/2026 06:49:00,8.07,23.38,-66.89
891,03/18/2026 06:50:00,8.07,23.40,-66.89
892,03/18/2026 06:51:00,8.07,23.40,-66.96
893,03/18/2026 06:52:00,8.07,23.40,-66.92
894,03/18/2026 06:53:00,8.07,23.40,-66.92
895,03/18/2026 06:54:00,8.07,23.40,-66.92
896,03/18/2026 06:55:00,8.07,23.40,-66.92
897,03/18/2026 06:56:00,8.07,23.40,-66.92
898,03/18/2026 06:57:00,8.07,23.40,-66.94
899,03/18/2026 06:58:00,8.07,23.40,-66.94
900,03/18/2026 06:59:00,8.07,23.40,-66.94
901,03/18/2026 07:00:00,8.07,23.40,-66.96
902,03/18/2026 07:01:00,8.07,23.40,-66.96
903,03/18/2026 07:02:00,8.08,23.40,-66.97
904,03/18/2026 07:03:00,8.07,23.40,-66.96
905,03/18/2026 07:04:00,8.08,23.40,-66.97
906,03/18/2026 07:05:00,8.08,23.40,-66.97
907,03/18/2026 07:06:00,8.08,23.40,-67.02
908,03/18/2026 07:07:00,8.08,23.40,-67.00
909,03/18/2026 07:08:00,8.08,23.42,-67.00
910,03/18/2026 07:09:00,8.08,23.42,-67.00
911,03/18/2026 07:10:00,8.08,23.42,-67.00
912,03/18/2026 07:11:00,8.08,23.42,-67.02
913,03/18/2026 07:12:00,8.08,23.42,-67.00
914,03/18/2026 07:13:00,8.08,23.42,-67.02
915,03/18/2026 07:14:00,8.08,23.42,-67.02
916,03/18/2026 07:15:00,8.08,23.42,-67.03
917,03/18/2026 07:16:00,8.08,23.42,-67.03
918,03/18/2026 07:17:00,8.08,23.45,-67.03
919,03/18/2026 07:18:00,8.08,23.45,-67.05
920,03/18/2026 07:19:00,8.08,23.45,-67.05
921,03/18/2026 07:20:00,8.08,23.45,-67.05
922,03/18/2026 07:21:00,8.08,23.45,-67.11
923,03/18/2026 07:22:00,8.08,23.45,-67.08
924,03/18/2026 07:23:00,8.08,23.45,-67.08
925,03/18/2026 07:24:00,8.08,23.47,-67.10
926,03/18/2026 07:25:00,8.08,23.47,-67.10
927,03/18/2026 07:26:00,8.08,23.47,-67.11
928,03/18/2026 07:27:00,8.08,23.47,-67.11
929,03/18/2026 07:28:00,8.08,23.47,-67.13
930,03/18/2026 07:29:00,8.08,23.47,-67.13
931,03/18/2026 07:30:00,8.08,23.47,-67.14
932,03/18/2026 07:31:00,8.08,23.47,-67.14
933,03/18/2026 07:32:00,8.08,23.50,-67.14
934,03/18/2026 07:33:00,8.08,23.50,-67.16
935,03/18/2026 07:34:00,8.08,23.50,-67.16
936,03/18/2026 07:35:00,8.08,23.50,-67.16
937,03/18/2026 07:36:00,8.08,23.50,-67.21
938,03/18/2026 07:37:00,8.08,23.50,-67.19
939,03/18/2026 07:38:00,8.08,23.50,-67.17
940,03/18/2026 07:39:00,8.08,23.52,-67.19
941,03/18/2026 07:40:00,8.08,23.52,-67.19
942,03/18/2026 07:41:00,8.08,23.52,-67.19
943,03/18/2026 07:42:00,8.08,23.52,-67.21
944,03/18/2026 07:43:00,8.08,23.52,-67.19
945,03/18/2026 07:44:00,8.08,23.52,-67.21
946,03/18/2026 07:45:00,8.08,23.52,-67.21
947,03/18/2026 07:46:00,8.08,23.52,-67.21
948,03/18/2026 07:47:00,8.08,23.52,-67.22
949,03/18/2026 07:48:00,8.08,23.54,-67.22
950,03/18/2026 07:49:00,8.08,23.54,-67.22
951,03/18/2026 07:50:00,8.08,23.54,-67.24
952,03/18/2026 07:51:00,8.08,23.54,-67.28
953,03/18/2026 07:52:00,8.08,23.54,-67.27
954,03/18/2026 07:53:00,8.08,23.54,-67.27
955,03/18/2026 07:54:00,8.08,23.54,-67.27
956,03/18/2026 07:55:00,8.08,23.57,-67.27
957,03/18/2026 07:56:00,8.08,23.57,-67.27
958,03/18/2026 07:57:00,8.08,23.57,-67.28
959,03/18/2026 07:58:00,8.08,23.57,-67.28
960,03/18/2026 07:59:00,8.08,23.57,-67.31
961,03/18/2026 08:00:00,8.08,23.59,-67.31
962,03/18/2026 08:01:00,8.08,23.59,-67.33
963,03/18/2026 08:02:00,8.08,23.59,-67.35
964,03/18/2026 08:03:00,8.08,23.59,-67.35
965,03/18/2026 08:04:00,8.08,23.62,-67.36
966,03/18/2026 08:05:00,8.08,23.62,-67.38
967,03/18/2026 08:06:00,8.08,23.62,-67.44
968,03/18/2026 08:07:00,8.08,23.62,-67.42
969,03/18/2026 08:08:00,8.08,23.64,-67.42
970,03/18/2026 08:09:00,8.08,23.64,-67.44
971,03/18/2026 08:10:00,8.08,23.64,-67.46
972,03/18/2026 08:11:00,8.08,23.64,-67.47
973,03/18/2026 08:12:00,8.08,23.66,-67.49
974,03/18/2026 08:13:00,8.08,23.66,-67.50
975,03/18/2026 08:14:00,8.08,23.66,-67.53
976,03/18/2026 08:15:00,8.08,23.69,-67.53
977,03/18/2026 08:16:00,8.08,23.69,-67.55
978,03/18/2026 08:17:00,8.08,23.69,-67.56
979,03/18/2026 08:18:00,8.08,23.69,-67.58
980,03/18/2026 08:19:00,8.09,23.71,-67.61
981,03/18/2026 08:20:00,8.09,23.71,-67.61
982,03/18/2026 08:21:00,8.09,23.71,-67.66
983,03/18/2026 08:22:00,8.09,23.71,-67.64
984,03/18/2026 08:23:00,8.09,23.71,-67.64
985,03/18/2026 08:24:00,8.09,23.74,-67.64
986,03/18/2026 08:25:00,8.09,23.74,-67.66
987,03/18/2026 08:26:00,8.09,23.74,-67.66
988,03/18/2026 08:27:00,8.09,23.74,-67.66
989,03/18/2026 08:28:00,8.09,23.74,-67.66
990,03/18/2026 08:29:00,8.09,23.76,-67.67
991,03/18/2026 08:30:00,8.09,23.76,-67.67
992,03/18/2026 08:31:00,8.09,23.76,-67.67
993,03/18/2026 08:32:00,8.09,23.76,-67.69
994,03/18/2026 08:33:00,8.09,23.76,-67.69
995,03/18/2026 08:34:00,8.09,23.76,-67.71
996,03/18/2026 08:35:00,8.09,23.79,-67.71
997,03/18/2026 08:36:00,8.09,23.79,-67.77
998,03/18/2026 08:37:00,8.09,23.79,-67.74
999,03/18/2026 08:38:00,8.09,23.79,-67.74
1000,03/18/2026 08:39:00,8.09,23.79,-67.75
1001,03/18/2026 08:40:00,8.09,23.81,-67.75
1002,03/18/2026 08:41:00,8.09,23.81,-67.75
1003,03/18/2026 08:42:00,8.09,23.81,-67.75
1004,03/18/2026 08:43:00,8.09,23.81,-67.77
1005,03/18/2026 08:44:00,8.09,23.81,-67.77
1006,03/18/2026 08:45:00,8.09,23.83,-67.78
1007,03/18/2026 08:46:00,8.09,23.83,-67.80
1008,03/18/2026 08:47:00,8.09,23.83,-67.81
1009,03/18/2026 08:48:00,8.09,23.86,-67.85
1010,03/18/2026 08:49:00,8.09,23.86,-67.86
1011,03/18/2026 08:50:00,8.09,23.88,-67.88
1012,03/18/2026 08:51:00,8.09,23.91,-67.94
1013,03/18/2026 08:52:00,8.09,23.91,-67.92
1014,03/18/2026 08:53:00,8.09,23.93,-67.94
1015,03/18/2026 08:54:00,8.09,23.95,-67.94
1016,03/18/2026 08:55:00,8.09,23.98,-67.96
1017,03/18/2026 08:56:00,8.09,23.98,-67.99
1018,03/18/2026 08:57:00,8.09,24.00,-68.00
1019,03/18/2026 08:58:00,8.09,24.03,-68.02
1020,03/18/2026 08:59:00,8.09,24.05,-68.03
1021,03/18/2026 09:00:00,8.09,24.05,-68.06
1022,03/18/2026 09:01:00,8.09,24.10,-68.08
1023,03/18/2026 09:02:00,8.09,24.10,-68.13
1024,03/18/2026 09:03:00,8.09,24.12,-68.16
1025,03/18/2026 09:04:00,8.09,24.15,-68.19
1026,03/18/2026 09:05:00,8.09,24.17,-68.22
1027,03/18/2026 09:06:00,8.10,24.22,-68.30
1028,03/18/2026 09:07:00,8.10,24.22,-68.30
1029,03/18/2026 09:08:00,8.10,24.24,-68.33
1030,03/18/2026 09:09:00,8.10,24.27,-68.36
1031,03/18/2026 09:10:00,8.10,24.29,-68.38
1032,03/18/2026 09:11:00,8.10,24.29,-68.39
1033,03/18/2026 09:12:00,8.10,24.32,-68.41
1034,03/18/2026 09:13:00,8.10,24.34,-68.42
1035,03/18/2026 09:14:00,8.10,24.34,-68.46
1036,03/18/2026 09:15:00,8.10,24.34,-68.47
1037,03/18/2026 09:16:00,8.10,24.36,-68.50
1038,03/18/2026 09:17:00,8.10,24.36,-68.52
1039,03/18/2026 09:18:00,8.10,24.39,-68.56
1040,03/18/2026 09:19:00,8.10,24.41,-68.58
1041,03/18/2026 09:20:00,8.10,24.41,-68.61
1042,03/18/2026 09:21:00,8.10,24.44,-68.69
1043,03/18/2026 09:22:00,8.10,24.44,-68.67
1044,03/18/2026 09:23:00,8.10,24.46,-68.69
1045,03/18/2026 09:24:00,8.10,24.46,-68.72
1046,03/18/2026 09:25:00,8.10,24.48,-68.75
1047,03/18/2026 09:26:00,8.10,24.48,-68.78
1048,03/18/2026 09:27:00,8.10,24.51,-68.81
1049,03/18/2026 09:28:00,8.10,24.53,-68.86
1050,03/18/2026 09:29:00,8.10,24.53,-68.86
1051,03/18/2026 09:30:00,8.10,24.56,-68.91
1052,03/18/2026 09:31:00,8.11,24.58,-68.92
1053,03/18/2026 09:32:00,8.11,24.60,-68.99
1054,03/18/2026 09:33:00,8.11,24.63,-69.02
1055,03/18/2026 09:34:00,8.11,24.65,-69.05
1056,03/18/2026 09:35:00,8.11,24.68,-69.08
1057,03/18/2026 09:36:00,8.11,24.70,-69.16
1058,03/18/2026 09:37:00,8.11,24.70,-69.16
1059,03/18/2026 09:38:00,8.11,24.73,-69.19
1060,03/18/2026 09:39:00,8.11,24.75,-69.21
1061,03/18/2026 09:40:00,8.11,24.77,-69.24
1062,03/18/2026 09:41:00,8.11,24.80,-69.27
1063,03/18/2026 09:42:00,8.11,24.80,-69.28
1064,03/18/2026 09:43:00,8.11,24.82,-69.31
1065,03/18/2026 09:44:00,8.11,24.85,-69.35
1066,03/18/2026 09:45:00,8.11,24.85,-69.38
1067,03/18/2026 09:46:00,8.11,24.87,-69.39
1068,03/18/2026 09:47:00,8.11,24.87,-69.42
1069,03/18/2026 09:48:00,8.11,24.90,-69.44
1070,03/18/2026 09:49:00,8.11,24.90,-69.46
1071,03/18/2026 09:50:00,8.11,24.90,-69.47
1072,03/18/2026 09:51:00,8.11,24.92,-69.52
1073,03/18/2026 09:52:00,8.11,24.92,-69.50
1074,03/18/2026 09:53:00,8.11,24.94,-69.53
1075,03/18/2026 09:54:00,8.11,24.94,-69.55
1076,03/18/2026 09:55:00,8.12,24.94,-69.56
1077,03/18/2026 09:56:00,8.12,24.97,-69.58
1078,03/18/2026 09:57:00,8.12,24.97,-69.60
1079,03/18/2026 09:58:00,8.12,24.97,-69.60
1080,03/18/2026 09:59:00,8.12,24.97,-69.60
1081,03/18/2026 10:00:00,8.12,24.99,-69.61
1082,03/18/2026 10:01:00,8.12,24.99,-69.63
1083,03/18/2026 10:02:00,8.12,24.99,-69.64
1084,03/18/2026 10:03:00,8.12,24.99,-69.64
1085,03/18/2026 10:04:00,8.12,24.99,-69.64
1086,03/18/2026 10:05:00,8.12,24.99,-69.64
1087,03/18/2026 10:06:00,8.12,25.02,-69.69
1088,03/18/2026 10:07:00,8.12,25.02,-69.67
1089,03/18/2026 10:08:00,8.12,25.02,-69.67
1090,03/18/2026 10:09:00,8.12,25.02,-69.69
1091,03/18/2026 10:10:00,8.12,25.02,-69.69
1092,03/18/2026 10:11:00,8.12,25.02,-69.72
1093,03/18/2026 10:12:00,8.12,25.02,-69.72
1094,03/18/2026 10:13:00,8.12,25.04,-69.74
1095,03/18/2026 10:14:00,8.12,25.04,-69.75
1096,03/18/2026 10:15:00,8.12,25.04,-69.75
1097,03/18/2026 10:16:00,8.12,25.04,-69.77
1098,03/18/2026 10:17:00,8.12,25.04,-69.78
1099,03/18/2026 10:18:00,8.12,25.04,-69.80
1100,03/18/2026 10:19:00,8.12,25.04,-69.80
1101,03/18/2026 10:20:00,8.12,25.04,-69.80
1102,03/18/2026 10:21:00,8.12,25.06,-69.85
1103,03/18/2026 10:22:00,8.12,25.06,-69.83
1104,03/18/2026 10:23:00,8.12,25.06,-69.81
1105,03/18/2026 10:24:00,8.12,25.06,-69.83
1106,03/18/2026 10:25:00,8.12,25.06,-69.83
1107,03/18/2026 10:26:00,8.12,25.06,-69.85
1108,03/18/2026 10:27:00,8.12,25.06,-69.85
1109,03/18/2026 10:28:00,8.12,25.06,-69.85
1110,03/18/2026 10:29:00,8.12,25.06,-69.86
1111,03/18/2026 10:30:00,8.12,25.06,-69.86
1112,03/18/2026 10:31:00,8.12,25.06,-69.86
1113,03/18/2026 10:32:00,8.12,25.06,-69.86
1114,03/18/2026 10:33:00,8.12,25.06,-69.88
1115,03/18/2026 10:34:00,8.12,25.09,-69.88
1116,03/18/2026 10:35:00,8.12,25.09,-69.89
1117,03/18/2026 10:36:00,8.12,25.09,-69.94
1118,03/18/2026 10:37:00,8.12,25.09,-69.92
1119,03/18/2026 10:38:00,8.12,25.09,-69.91
1120,03/18/2026 10:39:00,8.12,25.09,-69.92
1121,03/18/2026 10:40:00,8.12,25.09,-69.94
1122,03/18/2026 10:41:00,8.12,25.09,-69.96
1123,03/18/2026 10:42:00,8.12,25.09,-69.97
1124,03/18/2026 10:43:00,8.12,25.09,-69.99
1125,03/18/2026 10:44:00,8.12,25.11,-70.03
1126,03/18/2026 10:45:00,8.12,25.14,-70.03
1127,03/18/2026 10:46:00,8.12,25.16,-70.08
1128,03/18/2026 10:47:00,8.12,25.19,-70.10
1129,03/18/2026 10:48:00,8.12,25.21,-70.14
1130,03/18/2026 10:49:00,8.12,25.23,-70.17
1131,03/18/2026 10:50:00,8.12,25.26,-70.17
1132,03/18/2026 10:51:00,8.13,25.31,-70.24
1133,03/18/2026 10:52:00,8.13,25.33,-70.24
1134,03/18/2026 10:53:00,8.13,25.36,-70.27
1135,03/18/2026 10:54:00,8.13,25.40,-70.30
1136,03/18/2026 10:55:00,8.13,25.43,-70.31
1137,03/18/2026 10:56:00,8.13,25.45,-70.33
1138,03/18/2026 10:57:00,8.13,25.50,-70.36
1139,03/18/2026 10:58:00,8.13,25.53,-70.38
1140,03/18/2026 10:59:00,8.13,25.55,-70.41
1141,03/18/2026 11:00:00,8.13,25.60,-70.44
1142,03/18/2026 11:01:00,8.13,25.62,-70.47
1143,03/18/2026 11:02:00,8.13,25.65,-70.49
1144,03/18/2026 11:03:00,8.13,25.67,-70.50
1145,03/18/2026 11:04:00,8.13,25.70,-70.52
1146,03/18/2026 11:05:00,8.13,25.70,-70.55
1147,03/18/2026 11:06:00,8.13,25.72,-70.60
1148,03/18/2026 11:07:00,8.13,25.72,-70.58
1149,03/18/2026 11:08:00,8.13,25.74,-70.60
1150,03/18/2026 11:09:00,8.13,25.77,-70.64
1151,03/18/2026 11:10:00,8.13,25.79,-70.66
1152,03/18/2026 11:11:00,8.13,25.82,-70.67
1153,03/18/2026 11:12:00,8.13,25.82,-70.72
1154,03/18/2026 11:13:00,8.13,25.84,-70.75
1155,03/18/2026 11:14:00,8.13,25.87,-70.74
1156,03/18/2026 11:15:00,8.13,25.89,-70.78
1157,03/18/2026 11:16:00,8.13,25.91,-70.80
1158,03/18/2026 11:17:00,8.13,25.94,-70.83
1159,03/18/2026 11:18:00,8.13,25.94,-70.85
1160,03/18/2026 11:19:00,8.13,25.96,-70.86
1161,03/18/2026 11:20:00,8.13,25.96,-70.88
1162,03/18/2026 11:21:00,8.13,25.99,-70.92
1163,03/18/2026 11:22:00,8.13,26.01,-70.92
1164,03/18/2026 11:23:00,8.14,26.01,-70.96
1165,03/18/2026 11:24:00,8.14,26.04,-70.99
1166,03/18/2026 11:25:00,8.14,26.06,-70.99
1167,03/18/2026 11:26:00,8.14,26.11,-71.02
1168,03/18/2026 11:27:00,8.14,26.13,-71.06
1169,03/18/2026 11:28:00,8.14,26.16,-71.10
1170,03/18/2026 11:29:00,8.14,26.21,-71.13
1171,03/18/2026 11:30:00,8.14,26.23,-71.13
1172,03/18/2026 11:31:00,8.14,26.26,-71.17
1173,03/18/2026 11:32:00,8.14,26.30,-71.19
1174,03/18/2026 11:33:00,8.14,26.33,-71.22
1175,03/18/2026 11:34:00,8.14,26.35,-71.25
1176,03/18/2026 11:35:00,8.14,26.38,-71.27
1177,03/18/2026 11:36:00,8.14,26.38,-71.33
1178,03/18/2026 11:37:00,8.14,26.40,-71.33
1179,03/18/2026 11:38:00,8.14,26.43,-71.35
1180,03/18/2026 11:39:00,8.14,26.43,-71.36
1181,03/18/2026 11:40:00,8.14,26.43,-71.38
1182,03/18/2026 11:41:00,8.14,26.45,-71.39
1183,03/18/2026 11:42:00,8.14,26.45,-71.41
1184,03/18/2026 11:43:00,8.14,26.45,-71.44
1185,03/18/2026 11:44:00,8.14,26.48,-71.46
1186,03/18/2026 11:45:00,8.14,26.48,-71.50
1187,03/18/2026 11:46:00,8.14,26.50,-71.53
1188,03/18/2026 11:47:00,8.14,26.52,-71.55
1189,03/18/2026 11:48:00,8.14,26.52,-71.56
1190,03/18/2026 11:49:00,8.14,26.55,-71.60
1191,03/18/2026 11:50:00,8.15,26.55,-71.63
1192,03/18/2026 11:51:00,8.15,26.57,-71.67
1193,03/18/2026 11:52:00,8.15,26.57,-71.71
1194,03/18/2026 11:53:00,8.15,26.60,-71.74
1195,03/18/2026 11:54:00,8.15,26.60,-71.75
1196,03/18/2026 11:55:00,8.15,26.62,-71.77
1197,03/18/2026 11:56:00,8.15,26.65,-71.80
1198,03/18/2026 11:57:00,8.15,26.67,-71.83
1199,03/18/2026 11:58:00,8.15,26.70,-71.86
1200,03/18/2026 11:59:00,8.15,26.72,-71.89
1201,03/18/2026 12:00:00,8.15,26.74,-71.89
1202,03/18/2026 12:01:00,8.15,26.77,-71.94
1203,03/18/2026 12:02:00,8.15,26.79,-71.96
1204,03/18/2026 12:03:00,8.15,26.79,-71.99
1205,03/18/2026 12:04:00,8.15,26.82,-72.02
1206,03/18/2026 12:05:00,8.15,26.84,-72.03
1207,03/18/2026 12:06:00,8.15,26.87,-72.10
1208,03/18/2026 12:07:00,8.15,26.87,-72.10
1209,03/18/2026 12:08:00,8.15,26.89,-72.13
1210,03/18/2026 12:09:00,8.15,26.92,-72.14
1211,03/18/2026 12:10:00,8.15,26.94,-72.19
1212,03/18/2026 12:11:00,8.15,26.96,-72.21
1213,03/18/2026 12:12:00,8.15,26.99,-72.24
1214,03/18/2026 12:13:00,8.15,27.01,-72.25
1215,03/18/2026 12:14:00,8.15,27.04,-72.28
1216,03/18/2026 12:15:00,8.15,27.04,-72.30
1217,03/18/2026 12:16:00,8.15,27.04,-72.30
1218,03/18/2026 12:17:00,8.16,27.04,-72.31
1219,03/18/2026 12:18:00,8.16,27.06,-72.31
1220,03/18/2026 12:19:00,8.16,27.06,-72.35
1221,03/18/2026 12:20:00,8.16,27.09,-72.39
1222,03/18/2026 12:21:00,8.16,27.11,-72.44
1223,03/18/2026 12:22:00,8.16,27.11,-72.44
1224,03/18/2026 12:23:00,8.16,27.14,-72.47
1225,03/18/2026 12:24:00,8.16,27.16,-72.49
1226,03/18/2026 12:25:00,8.16,27.16,-72.52
1227,03/18/2026 12:26:00,8.16,27.19,-72.53
1228,03/18/2026 12:27:00,8.16,27.19,-72.55
1229,03/18/2026 12:28:00,8.16,27.19,-72.56
1230,03/18/2026 12:29:00,8.16,27.21,-72.63
1231,03/18/2026 12:30:00,8.16,27.21,-72.64
1232,03/18/2026 12:31:00,8.16,27.23,-72.64
1233,03/18/2026 12:32:00,8.16,27.23,-72.67
1234,03/18/2026 12:33:00,8.16,27.26,-72.71
1235,03/18/2026 12:34:00,8.16,27.26,-72.74
1236,03/18/2026 12:35:00,8.16,27.26,-72.75
1237,03/18/2026 12:36:00,8.16,27.26,-72.81
1238,03/18/2026 12:37:00,8.16,27.28,-72.78
1239,03/18/2026 12:38:00,8.16,27.28,-72.81
1240,03/18/2026 12:39:00,8.16,27.28,-72.83
1241,03/18/2026 12:40:00,8.16,27.28,-72.85
1242,03/18/2026 12:41:00,8.16,27.28,-72.88
1243,03/18/2026 12:42:00,8.16,27.28,-72.91
1244,03/18/2026 12:43:00,8.16,27.28,-72.91
1245,03/18/2026 12:44:00,8.16,27.28,-72.92
1246,03/18/2026 12:45:00,8.17,27.28,-72.96
1247,03/18/2026 12:46:00,8.17,27.28,-72.97
1248,03/18/2026 12:47:00,8.17,27.28,-73.00
1249,03/18/2026 12:48:00,8.17,27.31,-73.00
1250,03/18/2026 12:49:00,8.17,27.31,-73.03
1251,03/18/2026 12:50:00,8.17,27.33,-73.06
1252,03/18/2026 12:51:00,8.17,27.36,-73.11
1253,03/18/2026 12:52:00,8.17,27.38,-73.11
1254,03/18/2026 12:53:00,8.17,27.38,-73.11
1255,03/18/2026 12:54:00,8.17,27.41,-73.14
1256,03/18/2026 12:55:00,8.17,27.41,-73.16
1257,03/18/2026 12:56:00,8.17,27.43,-73.17
1258,03/18/2026 12:57:00,8.17,27.43,-73.19
1259,03/18/2026 12:58:00,8.17,27.46,-73.21
1260,03/18/2026 12:59:00,8.17,27.46,-73.22
1261,03/18/2026 13:00:00,8.17,27.46,-73.22
1262,03/18/2026 13:01:00,8.17,27.46,-73.24
1263,03/18/2026 13:02:00,8.17,27.46,-73.24
1264,03/18/2026 13:03:00,8.17,27.43,-73.24
1265,03/18/2026 13:04:00,8.17,27.43,-73.24
1266,03/18/2026 13:05:00,8.17,27.43,-73.24
1267,03/18/2026 13:06:00,8.17,27.43,-73.27
1268,03/18/2026 13:07:00,8.17,27.41,-73.25
1269,03/18/2026 13:08:00,8.17,27.41,-73.25
1270,03/18/2026 13:09:00,8.17,27.41,-73.25
1271,03/18/2026 13:10:00,8.17,27.38,-73.25
1272,03/18/2026 13:11:00,8.17,27.38,-73.25
1273,03/18/2026 13:12:00,8.17,27.36,-73.25
1274,03/18/2026 13:13:00,8.17,27.36,-73.25
1275,03/18/2026 13:14:00,8.17,27.33,-73.25
1276,03/18/2026 13:15:00,8.17,27.33,-73.25
1277,03/18/2026 13:16:00,8.17,27.31,-73.27
1278,03/18/2026 13:17:00,8.17,27.31,-73.25
1279,03/18/2026 13:18:00,8.17,27.31,-73.27
1280,03/18/2026 13:19:00,8.17,27.31,-73.28
1281,03/18/2026 13:20:00,8.17,27.28,-73.30
1282,03/18/2026 13:21:00,8.17,27.28,-73.31
1283,03/18/2026 13:22:00,8.17,27.28,-73.30
1284,03/18/2026 13:23:00,8.17,27.26,-73.30
1285,03/18/2026 13:24:00,8.17,27.26,-73.28
1286,03/18/2026 13:25:00,8.17,27.23,-73.28
1287,03/18/2026 13:26:00,8.17,27.23,-73.28
1288,03/18/2026 13:27:00,8.17,27.21,-73.28
1289,03/18/2026 13:28:00,8.17,27.21,-73.28
1290,03/18/2026 13:29:00,8.17,27.19,-73.28
1291,03/18/2026 13:30:00,8.17,27.19,-73.28
1292,03/18/2026 13:31:00,8.17,27.19,-73.31
1293,03/18/2026 13:32:00,8.17,27.16,-73.30
1294,03/18/2026 13:33:00,8.17,27.16,-73.33
1295,03/18/2026 13:34:00,8.17,27.16,-73.33
1296,03/18/2026 13:35:00,8.17,27.16,-73.35
1297,03/18/2026 13:36:00,8.17,27.16,-73.36
1298,03/18/2026 13:37:00,8.17,27.16,-73.38
1299,03/18/2026 13:38:00,8.17,27.16,-73.38
1300,03/18/2026 13:39:00,8.17,27.14,-73.38
1301,03/18/2026 13:40:00,8.17,27.14,-73.38
1302,03/18/2026 13:41:00,8.17,27.14,-73.38
1303,03/18/2026 13:42:00,8.17,27.14,-73.41
1304,03/18/2026 13:43:00,8.17,27.14,-73.42
1305,03/18/2026 13:44:00,8.17,27.14,-73.42
1306,03/18/2026 13:45:00,8.17,27.14,-73.44
1307,03/18/2026 13:46:00,8.17,27.16,-73.47
1308,03/18/2026 13:47:00,8.17,27.16,-73.47
1309,03/18/2026 13:48:00,8.18,27.16,-73.50
1310,03/18/2026 13:49:00,8.18,27.19,-73.52
1311,03/18/2026 13:50:00,8.18,27.21,-73.53
1312,03/18/2026 13:51:00,8.18,27.21,-73.55
1313,03/18/2026 13:52:00,8.18,27.21,-73.55
1314,03/18/2026 13:53:00,8.18,27.21,-73.56
1315,03/18/2026 13:54:00,8.18,27.21,-73.56
1316,03/18/2026 13:55:00,8.18,27.21,-73.58
1317,03/18/2026 13:56:00,8.18,27.21,-73.58
1318,03/18/2026 13:57:00,8.18,27.21,-73.58
1319,03/18/2026 13:58:00,8.18,27.21,-73.58
1320,03/18/2026 13:59:00,8.18,27.21,-73.58
1321,03/18/2026 14:00:00,8.18,27.21,-73.58
1322,03/18/2026 14:01:00,8.18,27.21,-73.60
1323,03/18/2026 14:02:00,8.18,27.21,-73.60
1324,03/18/2026 14:03:00,8.18,27.19,-73.60
1325,03/18/2026 14:04:00,8.18,27.19,-73.58
1326,03/18/2026 14:05:00,8.18,27.19,-73.56
1327,03/18/2026 14:06:00,8.18,27.16,-73.60
1328,03/18/2026 14:07:00,8.18,27.16,-73.58
1329,03/18/2026 14:08:00,8.18,27.14,-73.56
1330,03/18/2026 14:09:00,8.18,27.14,-73.56
1331,03/18/2026 14:10:00,8.18,27.11,-73.55
1332,03/18/2026 14:11:00,8.18,27.11,-73.53
1333,03/18/2026 14:12:00,8.18,27.11,-73.55
1334,03/18/2026 14:13:00,8.18,27.09,-73.55
1335,03/18/2026 14:14:00,8.18,27.09,-73.53
1336,03/18/2026 14:15:00,8.18,27.09,-73.55
1337,03/18/2026 14:16:00,8.18,27.06,-73.56
1338,03/18/2026 14:17:00,8.18,27.06,-73.56
1339,03/18/2026 14:18:00,8.18,27.06,-73.58
1340,03/18/2026 14:19:00,8.18,27.06,-73.60
1341,03/18/2026 14:20:00,8.18,27.06,-73.60
1342,03/18/2026 14:21:00,8.18,27.06,-73.66
1343,03/18/2026 14:22:00,8.18,27.06,-73.64
1344,03/18/2026 14:23:00,8.18,27.06,-73.64
1345,03/18/2026 14:24:00,8.18,27.06,-73.66
1346,03/18/2026 14:25:00,8.18,27.06,-73.66
1347,03/18/2026 14:26:00,8.18,27.06,-73.66
1348,03/18/2026 14:27:00,8.18,27.06,-73.66
1349,03/18/2026 14:28:00,8.18,27.04,-73.66
1350,03/18/2026 14:29:00,8.18,27.04,-73.67
1351,03/18/2026 14:30:00,8.18,27.04,-73.66
1352,03/18/2026 14:31:00,8.18,27.01,-73.66
1353,03/18/2026 14:32:00,8.18,27.01,-73.66
1354,03/18/2026 14:33:00,8.18,27.01,-73.66
1355,03/18/2026 14:34:00,8.18,26.99,-73.66
1356,03/18/2026 14:35:00,8.18,26.99,-73.64
1357,03/18/2026 14:36:00,8.18,26.99,-73.67
1358,03/18/2026 14:37:00,8.18,26.96,-73.66
1359,03/18/2026 14:38:00,8.18,26.96,-73.64
1360,03/18/2026 14:39:00,8.18,26.94,-73.64
1361,03/18/2026 14:40:00,8.18,26.94,-73.63
1362,03/18/2026 14:41:00,8.18,26.92,-73.63
1363,03/18/2026 14:42:00,8.18,26.92,-73.64
1364,03/18/2026 14:43:00,8.18,26.92,-73.63
1365,03/18/2026 14:44:00,8.18,26.89,-73.64
1366,03/18/2026 14:45:00,8.18,26.89,-73.64
1367,03/18/2026 14:46:00,8.18,26.89,-73.64
1368,03/18/2026 14:47:00,8.18,26.87,-73.64
1369,03/18/2026 14:48:00,8.18,26.87,-73.63
1370,03/18/2026 14:49:00,8.18,26.84,-73.63
1371,03/18/2026 14:50:00,8.18,26.84,-73.63
1372,03/18/2026 14:51:00,8.18,26.82,-73.64
1373,03/18/2026 14:52:00,8.18,26.82,-73.61
1374,03/18/2026 14:53:00,8.18,26.82,-73.61
1375,03/18/2026 14:54:00,8.18,26.79,-73.61
1376,03/18/2026 14:55:00,8.18,26.79,-73.61
1377,03/18/2026 14:56:00,8.18,26.77,-73.60
1378,03/18/2026 14:57:00,8.18,26.77,-73.61
1379,03/18/2026 14:58:00,8.18,26.77,-73.58
1380,03/18/2026 14:59:00,8.18,26.74,-73.58
1381,03/18/2026 15:00:00,8.18,26.74,-73.56
1382,03/18/2026 15:01:00,8.18,26.72,-73.56
1383,03/18/2026 15:02:00,8.18,26.72,-73.55
1384,03/18/2026 15:03:00,8.18,26.70,-73.56
1385,03/18/2026 15:04:00,8.18,26.70,-73.55
1386,03/18/2026 15:05:00,8.18,26.67,-73.53
1387,03/18/2026 15:06:00,8.18,26.67,-73.55
1388,03/18/2026 15:07:00,8.18,26.67,-73.53
1389,03/18/2026 15:08:00,8.18,26.65,-73.52
1390,03/18/2026 15:09:00,8.18,26.65,-73.50
1391,03/18/2026 15:10:00,8.18,26.62,-73.49
1392,03/18/2026 15:11:00,8.18,26.62,-73.50
1393,03/18/2026 15:12:00,8.18,26.60,-73.47
1394,03/18/2026 15:13:00,8.18,26.60,-73.49
1395,03/18/2026 15:14:00,8.18,26.60,-73.47
1396,03/18/2026 15:15:00,8.18,26.57,-73.46
1397,03/18/2026 15:16:00,8.18,26.57,-73.42
1398,03/18/2026 15:17:00,8.18,26.55,-73.41
1399,03/18/2026 15:18:00,8.18,26.55,-73.38
1400,03/18/2026 15:19:00,8.18,26.52,-73.35
1401,03/18/2026 15:20:00,8.17,26.50,-73.31
1402,03/18/2026 15:21:00,8.17,26.50,-73.33
1403,03/18/2026 15:22:00,8.17,26.48,-73.28
1404,03/18/2026 15:23:00,8.17,26.48,-73.25
1405,03/18/2026 15:24:00,8.17,26.45,-73.24
1406,03/18/2026 15:25:00,8.17,26.45,-73.22
1407,03/18/2026 15:26:00,8.17,26.43,-73.19
1408,03/18/2026 15:27:00,8.17,26.40,-73.17
1409,03/18/2026 15:28:00,8.17,26.40,-73.16
1410,03/18/2026 15:29:00,8.17,26.38,-73.14
1411,03/18/2026 15:30:00,8.17,26.38,-73.13
1412,03/18/2026 15:31:00,8.17,26.35,-73.11
1413,03/18/2026 15:32:00,8.17,26.35,-73.10
1414,03/18/2026 15:33:00,8.17,26.33,-73.08
1415,03/18/2026 15:34:00,8.17,26.33,-73.06
1416,03/18/2026 15:35:00,8.17,26.30,-73.05
1417,03/18/2026 15:36:00,8.17,26.30,-73.06
1418,03/18/2026 15:37:00,8.17,26.30,-73.03
1419,03/18/2026 15:38:00,8.17,26.28,-73.03
1420,03/18/2026 15:39:00,8.17,26.28,-73.02
1421,03/18/2026 15:40:00,8.17,26.28,-73.00
1422,03/18/2026 15:41:00,8.17,26.26,-72.99
1423,03/18/2026 15:42:00,8.17,26.26,-72.97
1424,03/18/2026 15:43:00,8.17,26.23,-72.96
1425,03/18/2026 15:44:00,8.17,26.23,-72.92
1426,03/18/2026 15:45:00,8.17,26.21,-72.92
1427,03/18/2026 15:46:00,8.17,26.21,-72.89
1428,03/18/2026 15:47:00,8.17,26.18,-72.88
1429,03/18/2026 15:48:00,8.17,26.18,-72.85
1430,03/18/2026 15:49:00,8.17,26.16,-72.83
1431,03/18/2026 15:50:00,8.17,26.16,-72.81
1432,03/18/2026 15:51:00,8.17,26.13,-72.81
1433,03/18/2026 15:52:00,8.17,26.13,-72.77
1434,03/18/2026 15:53:00,8.17,26.13,-72.75
1435,03/18/2026 15:54:00,8.17,26.11,-72.72
1436,03/18/2026 15:55:00,8.17,26.11,-72.71
1437,03/18/2026 15:56:00,8.17,26.08,-72.69
1438,03/18/2026 15:57:00,8.17,26.08,-72.69
1439,03/18/2026 15:58:00,8.17,26.06,-72.67
1440,03/18/2026 15:59:00,8.17,26.06,-72.69
1441,03/18/2026 16:00:00,8.17,26.06,-72.69
1442,03/18/2026 16:01:00,8.17,26.06,-72.71
1443,03/18/2026 16:02:00,8.17,26.06,-72.69
1444,03/18/2026 16:03:00,8.17,26.04,-72.69
1445,03/18/2026 16:04:00,8.17,26.04,-72.69
1446,03/18/2026 16:05:00,8.17,26.04,-72.71
1447,03/18/2026 16:06:00,8.17,26.04,-72.74
1448,03/18/2026 16:07:00,8.17,26.04,-72.72
1449,03/18/2026 16:08:00,8.17,26.04,-72.72
1450,03/18/2026 16:09:00,8.17,26.01,-72.72
1451,03/18/2026 16:10:00,8.17,26.01,-72.72
1452,03/18/2026 16:11:00,8.17,26.01,-72.71
1453,03/18/2026 16:12:00,8.17,26.01,-72.71
1454,03/18/2026 16:13:00,8.17,25.99,-72.69
1455,03/18/2026 16:14:00,8.17,25.99,-72.69
1456,03/18/2026 16:15:00,8.17,25.99,-72.67
1457,03/18/2026 16:16:00,8.17,25.96,-72.66
1458,03/18/2026 16:17:00,8.17,25.96,-72.64
1459,03/18/2026 16:18:00,8.16,25.96,-72.61
1460,03/18/2026 16:19:00,8.16,25.94,-72.61
1461,03/18/2026 16:20:00,8.16,25.94,-72.60
1462,03/18/2026 16:21:00,8.16,25.91,-72.61
1463,03/18/2026 16:22:00,8.16,25.91,-72.58
1464,03/18/2026 16:23:00,8.16,25.91,-72.56
1465,03/18/2026 16:24:00,8.16,25.89,-72.55
1466,03/18/2026 16:25:00,8.16,25.89,-72.53
1467,03/18/2026 16:26:00,8.16,25.87,-72.52
1468,03/18/2026 16:27:00,8.16,25.87,-72.50
1469,03/18/2026 16:28:00,8.16,25.87,-72.49
1470,03/18/2026 16:29:00,8.16,25.84,-72.46
1471,03/18/2026 16:30:00,8.16,25.84,-72.44
1472,03/18/2026 16:31:00,8.16,25.82,-72.42
1473,03/18/2026 16:32:00,8.16,25.82,-72.39
1474,03/18/2026 16:33:00,8.16,25.79,-72.38
1475,03/18/2026 16:34:00,8.16,25.79,-72.35
1476,03/18/2026 16:35:00,8.16,25.77,-72.33
1477,03/18/2026 16:36:00,8.16,25.77,-72.35
1478,03/18/2026 16:37:00,8.16,25.74,-72.33
1479,03/18/2026 16:38:00,8.16,25.74,-72.30
1480,03/18/2026 16:39:00,8.16,25.72,-72.30
1481,03/18/2026 16:40:00,8.16,25.72,-72.30
1482,03/18/2026 16:41:00,8.16,25.70,-72.27
1483,03/18/2026 16:42:00,8.16,25.70,-72.27
1484,03/18/2026 16:43:00,8.16,25.70,-72.25
1485,03/18/2026 16:44:00,8.16,25.67,-72.22
1486,03/18/2026 16:45:00,8.16,25.67,-72.22
1487,03/18/2026 16:46:00,8.16,25.65,-72.22
1488,03/18/2026 16:47:00,8.16,25.65,-72.21
1489,03/18/2026 16:48:00,8.16,25.62,-72.19
1490,03/18/2026 16:49:00,8.16,25.62,-72.19
1491,03/18/2026 16:50:00,8.16,25.62,-72.17
1492,03/18/2026 16:51:00,8.16,25.60,-72.21
1493,03/18/2026 16:52:00,8.16,25.60,-72.17
1494,03/18/2026 16:53:00,8.16,25.57,-72.16
1495,03/18/2026 16:54:00,8.16,25.57,-72.13
1496,03/18/2026 16:55:00,8.16,25.57,-72.11
1497,03/18/2026 16:56:00,8.16,25.55,-72.10
1498,03/18/2026 16:57:00,8.16,25.55,-72.06
1499,03/18/2026 16:58:00,8.16,25.53,-72.05
1500,03/18/2026 16:59:00,8.16,25.53,-72.03
1501,03/18/2026 17:00:00,8.16,25.50,-72.00
1502,03/18/2026 17:01:00,8.16,25.50,-71.97
1503,03/18/2026 17:02:00,8.15,25.48,-71.96
1504,03/18/2026 17:03:00,8.15,25.48,-71.94
1505,03/18/2026 17:04:00,8.15,25.45,-71.91
1506,03/18/2026 17:05:00,8.15,25.45,-71.89
1507,03/18/2026 17:06:00,8.15,25.45,-71.91
1508,03/18/2026 17:07:00,8.15,25.43,-71.86
1509,03/18/2026 17:08:00,8.15,25.43,-71.83
1510,03/18/2026 17:09:00,8.15,25.43,-71.81
1511,03/18/2026 17:10:00,8.15,25.40,-71.80
1512,03/18/2026 17:11:00,8.15,25.40,-71.78
1513,03/18/2026 17:12:00,8.15,25.40,-71.77
1514,03/18/2026 17:13:00,8.15,25.40,-71.75
1515,03/18/2026 17:14:00,8.15,25.38,-71.74
1516,03/18/2026 17:15:00,8.15,25.38,-71.74
1517,03/18/2026 17:16:00,8.15,25.38,-71.72
1518,03/18/2026 17:17:00,8.15,25.38,-71.72
1519,03/18/2026 17:18:00,8.15,25.36,-71.71
1520,03/18/2026 17:19:00,8.15,25.36,-71.71
1521,03/18/2026 17:20:00,8.15,25.36,-71.69
1522,03/18/2026 17:21:00,8.15,25.36,-71.71
1523,03/18/2026 17:22:00,8.15,25.36,-71.69
1524,03/18/2026 17:23:00,8.15,25.36,-71.67
1525,03/18/2026 17:24:00,8.15,25.36,-71.67
1526,03/18/2026 17:25:00,8.15,25.33,-71.64
1527,03/18/2026 17:26:00,8.15,25.33,-71.64
1528,03/18/2026 17:27:00,8.15,25.33,-71.63
1529,03/18/2026 17:28:00,8.15,25.33,-71.63
1530,03/18/2026 17:29:00,8.15,25.33,-71.61
1531,03/18/2026 17:30:00,8.15,25.33,-71.61
1532,03/18/2026 17:31:00,8.15,25.33,-71.60
1533,03/18/2026 17:32:00,8.15,25.31,-71.58
1534,03/18/2026 17:33:00,8.15,25.31,-71.56
1535,03/18/2026 17:34:00,8.15,25.31,-71.56
1536,03/18/2026 17:35:00,8.15,25.31,-71.55
1537,03/18/2026 17:36:00,8.15,25.31,-71.56
1538,03/18/2026 17:37:00,8.15,25.31,-71.53
1539,03/18/2026 17:38:00,8.15,25.31,-71.53
1540,03/18/2026 17:39:00,8.15,25.31,-71.50
1541,03/18/2026 17:40:00,8.15,25.31,-71.50
1542,03/18/2026 17:41:00,8.15,25.31,-71.50
1543,03/18/2026 17:42:00,8.15,25.31,-71.49
1544,03/18/2026 17:43:00,8.15,25.31,-71.49
1545,03/18/2026 17:44:00,8.15,25.31,-71.47
1546,03/18/2026 17:45:00,8.15,25.31,-71.46
1547,03/18/2026 17:46:00,8.15,25.31,-71.46
1548,03/18/2026 17:47:00,8.15,25.31,-71.44
1549,03/18/2026 17:48:00,8.15,25.31,-71.42
1550,03/18/2026 17:49:00,8.15,25.31,-71.42
1551,03/18/2026 17:50:00,8.15,25.31,-71.41
1552,03/18/2026 17:51:00,8.15,25.31,-71.42
1553,03/18/2026 17:52:00,8.15,25.31,-71.39
1554,03/18/2026 17:53:00,8.15,25.31,-71.36
1555,03/18/2026 17:54:00,8.15,25.28,-71.36
1556,03/18/2026 17:55:00,8.14,25.28,-71.33
1557,03/18/2026 17:56:00,8.14,25.28,-71.31
1558,03/18/2026 17:57:00,8.14,25.28,-71.30
1559,03/18/2026 17:58:00,8.14,25.28,-71.28
1560,03/18/2026 17:59:00,8.14,25.28,-71.27
1561,03/18/2026 18:00:00,8.14,25.28,-71.25
1562,03/18/2026 18:01:00,8.14,25.26,-71.22
1563,03/18/2026 18:02:00,8.14,25.26,-71.21
1564,03/18/2026 18:03:00,8.14,25.26,-71.17
1565,03/18/2026 18:04:00,8.14,25.26,-71.17
1566,03/18/2026 18:05:00,8.14,25.26,-71.14
1567,03/18/2026 18:06:00,8.14,25.26,-71.14
1568,03/18/2026 18:07:00,8.14,25.23,-71.10
1569,03/18/2026 18:08:00,8.14,25.23,-71.06
1570,03/18/2026 18:09:00,8.14,25.23,-71.05
1571,03/18/2026 18:10:00,8.14,25.23,-71.02
1572,03/18/2026 18:11:00,8.14,25.23,-71.00
1573,03/18/2026 18:12:00,8.14,25.23,-70.97
1574,03/18/2026 18:13:00,8.14,25.21,-70.96
1575,03/18/2026 18:14:00,8.14,25.21,-70.92
1576,03/18/2026 18:15:00,8.14,25.21,-70.91
1577,03/18/2026 18:16:00,8.14,25.21,-70.88
1578,03/18/2026 18:17:00,8.14,25.21,-70.85
1579,03/18/2026 18:18:00,8.14,25.19,-70.83
1580,03/18/2026 18:19:00,8.14,25.19,-70.80
1581,03/18/2026 18:20:00,8.14,25.19,-70.78
1582,03/18/2026 18:21:00,8.14,25.19,-70.78
1583,03/18/2026 18:22:00,8.13,25.19,-70.74
1584,03/18/2026 18:23:00,8.13,25.16,-70.71
1585,03/18/2026 18:24:00,8.13,25.16,-70.69
1586,03/18/2026 18:25:00,8.13,25.16,-70.66
1587,03/18/2026 18:26:00,8.13,25.16,-70.63
1588,03/18/2026 18:27:00,8.13,25.16,-70.60
1589,03/18/2026 18:28:00,8.13,25.14,-70.58
1590,03/18/2026 18:29:00,8.13,25.14,-70.55
1591,03/18/2026 18:30:00,8.13,25.14,-70.53
1592,03/18/2026 18:31:00,8.13,25.14,-70.50
1593,03/18/2026 18:32:00,8.13,25.11,-70.49
1594,03/18/2026 18:33:00,8.13,25.11,-70.46
1595,03/18/2026 18:34:00,8.13,25.11,-70.42
1596,03/18/2026 18:35:00,8.13,25.11,-70.41
1597,03/18/2026 18:36:00,8.13,25.09,-70.42
1598,03/18/2026 18:37:00,8.13,25.09,-70.36
1599,03/18/2026 18:38:00,8.13,25.09,-70.35
1600,03/18/2026 18:39:00,8.13,25.09,-70.31
1601,03/18/2026 18:40:00,8.13,25.09,-70.30
1602,03/18/2026 18:41:00,8.13,25.06,-70.27
1603,03/18/2026 18:42:00,8.13,25.06,-70.24
1604,03/18/2026 18:43:00,8.13,25.06,-70.22
1605,03/18/2026 18:44:00,8.13,25.06,-70.19
1606,03/18/2026 18:45:00,8.13,25.04,-70.17
1607,03/18/2026 18:46:00,8.12,25.04,-70.14
1608,03/18/2026 18:47:00,8.12,25.04,-70.13
1609,03/18/2026 18:48:00,8.12,25.04,-70.10
1610,03/18/2026 18:49:00,8.12,25.02,-70.08
1611,03/18/2026 18:50:00,8.12,25.02,-70.05
1612,03/18/2026 18:51:00,8.12,25.02,-70.06
1613,03/18/2026 18:52:00,8.12,25.02,-70.00
1614,03/18/2026 18:53:00,8.12,25.02,-69.99
1615,03/18/2026 18:54:00,8.12,24.99,-69.96
1616,03/18/2026 18:55:00,8.12,24.99,-69.92
1617,03/18/2026 18:56:00,8.12,24.99,-69.91
1618,03/18/2026 18:57:00,8.12,24.99,-69.89
1619,03/18/2026 18:58:00,8.12,24.97,-69.86
1620,03/18/2026 18:59:00,8.12,24.97,-69.85
1621,03/18/2026 19:00:00,8.12,24.97,-69.81
1622,03/18/2026 19:01:00,8.12,24.97,-69.80
1623,03/18/2026 19:02:00,8.12,24.94,-69.78
1624,03/18/2026 19:03:00,8.12,24.94,-69.75
1625,03/18/2026 19:04:00,8.12,24.94,-69.74
1626,03/18/2026 19:05:00,8.12,24.94,-69.71
1627,03/18/2026 19:06:00,8.12,24.92,-69.72
1628,03/18/2026 19:07:00,8.12,24.92,-69.67
1629,03/18/2026 19:08:00,8.12,24.92,-69.64
1630,03/18/2026 19:09:00,8.12,24.92,-69.63
1631,03/18/2026 19:10:00,8.12,24.90,-69.60
1632,03/18/2026 19:11:00,8.12,24.90,-69.58
1633,03/18/2026 19:12:00,8.12,24.90,-69.56
1634,03/18/2026 19:13:00,8.11,24.90,-69.55
1635,03/18/2026 19:14:00,8.11,24.87,-69.52
1636,03/18/2026 19:15:00,8.11,24.87,-69.50
1637,03/18/2026 19:16:00,8.11,24.87,-69.49
1638,03/18/2026 19:17:00,8.11,24.87,-69.46
1639,03/18/2026 19:18:00,8.11,24.85,-69.44
1640,03/18/2026 19:19:00,8.11,24.85,-69.42
1641,03/18/2026 19:20:00,8.11,24.85,-69.39
1642,03/18/2026 19:21:00,8.11,24.85,-69.41
1643,03/18/2026 19:22:00,8.11,24.85,-69.36
1644,03/18/2026 19:23:00,8.11,24.82,-69.35
1645,03/18/2026 19:24:00,8.11,24.82,-69.31
1646,03/18/2026 19:25:00,8.11,24.82,-69.30
1647,03/18/2026 19:26:00,8.11,24.82,-69.28
1648,03/18/2026 19:27:00,8.11,24.82,-69.25
1649,03/18/2026 19:28:00,8.11,24.82,-69.24
1650,03/18/2026 19:29:00,8.11,24.80,-69.22
1651,03/18/2026 19:30:00,8.11,24.80,-69.19
1652,03/18/2026 19:31:00,8.11,24.80,-69.17
1653,03/18/2026 19:32:00,8.11,24.80,-69.17
1654,03/18/2026 19:33:00,8.11,24.80,-69.14
1655,03/18/2026 19:34:00,8.11,24.77,-69.13
1656,03/18/2026 19:35:00,8.11,24.77,-69.10
1657,03/18/2026 19:36:00,8.11,24.77,-69.11
1658,03/18/2026 19:37:00,8.11,24.77,-69.08
1659,03/18/2026 19:38:00,8.11,24.77,-69.05
1660,03/18/2026 19:39:00,8.11,24.75,-69.03
1661,03/18/2026 19:40:00,8.11,24.75,-69.02
1662,03/18/2026 19:41:00,8.11,24.75,-69.00
1663,03/18/2026 19:42:00,8.11,24.75,-68.97
1664,03/18/2026 19:43:00,8.11,24.75,-68.96
1665,03/18/2026 19:44:00,8.11,24.73,-68.96
1666,03/18/2026 19:45:00,8.10,24.73,-68.92
1667,03/18/2026 19:46:00,8.10,24.73,-68.91
1668,03/18/2026 19:47:00,8.10,24.73,-68.89
1669,03/18/2026 19:48:00,8.10,24.73,-68.88
1670,03/18/2026 19:49:00,8.10,24.73,-68.85
1671,03/18/2026 19:50:00,8.10,24.70,-68.85
1672,03/18/2026 19:51:00,8.10,24.70,-68.86
1673,03/18/2026 19:52:00,8.10,24.70,-68.81
1674,03/18/2026 19:53:00,8.10,24.70,-68.80
1675,03/18/2026 19:54:00,8.10,24.70,-68.77
1676,03/18/2026 19:55:00,8.10,24.68,-68.75
1677,03/18/2026 19:56:00,8.10,24.68,-68.74
1678,03/18/2026 19:57:00,8.10,24.68,-68.72
1679,03/18/2026 19:58:00,8.10,24.68,-68.71
1680,03/18/2026 19:59:00,8.10,24.68,-68.69
1681,03/18/2026 20:00:00,8.10,24.65,-68.67
1682,03/18/2026 20:01:00,8.10,24.65,-68.66
1683,03/18/2026 20:02:00,8.10,24.65,-68.64
1684,03/18/2026 20:03:00,8.10,24.65,-68.64
1685,03/18/2026 20:04:00,8.10,24.65,-68.61
1686,03/18/2026 20:05:00,8.10,24.63,-68.60
1687,03/18/2026 20:06:00,8.10,24.63,-68.63
1688,03/18/2026 20:07:00,8.10,24.63,-68.58
1689,03/18/2026 20:08:00,8.10,24.63,-68.56
1690,03/18/2026 20:09:00,8.10,24.63,-68.53
1691,03/18/2026 20:10:00,8.10,24.60,-68.52
1692,03/18/2026 20:11:00,8.10,24.60,-68.50
1693,03/18/2026 20:12:00,8.10,24.60,-68.50
1694,03/18/2026 20:13:00,8.10,24.60,-68.49
1695,03/18/2026 20:14:00,8.10,24.60,-68.47
1696,03/18/2026 20:15:00,8.10,24.58,-68.46
1697,03/18/2026 20:16:00,8.10,24.58,-68.42
1698,03/18/2026 20:17:00,8.10,24.58,-68.42
1699,03/18/2026 20:18:00,8.10,24.58,-68.41
1700,03/18/2026 20:19:00,8.10,24.56,-68.39
1701,03/18/2026 20:20:00,8.10,24.56,-68.38
1702,03/18/2026 20:21:00,8.10,24.56,-68.39
1703,03/18/2026 20:22:00,8.10,24.56,-68.36
1704,03/18/2026 20:23:00,8.09,24.56,-68.33
1705,03/18/2026 20:24:00,8.09,24.56,-68.33
1706,03/18/2026 20:25:00,8.09,24.53,-68.31
1707,03/18/2026 20:26:00,8.09,24.53,-68.28
1708,03/18/2026 20:27:00,8.09,24.53,-68.28
1709,03/18/2026 20:28:00,8.09,24.53,-68.27
1710,03/18/2026 20:29:00,8.09,24.53,-68.25
1711,03/18/2026 20:30:00,8.09,24.53,-68.24
1712,03/18/2026 20:31:00,8.09,24.51,-68.22
1713,03/18/2026 20:32:00,8.09,24.51,-68.21
1714,03/18/2026 20:33:00,8.09,24.51,-68.19
1715,03/18/2026 20:34:00,8.09,24.51,-68.19
1716,03/18/2026 20:35:00,8.09,24.51,-68.17
1717,03/18/2026 20:36:00,8.09,24.51,-68.19
1718,03/18/2026 20:37:00,8.09,24.48,-68.16
1719,03/18/2026 20:38:00,8.09,24.48,-68.14
1720,03/18/2026 20:39:00,8.09,24.48,-68.13
1721,03/18/2026 20:40:00,8.09,24.48,-68.11
1722,03/18/2026 20:41:00,8.09,24.48,-68.10
1723,03/18/2026 20:42:00,8.09,24.48,-68.10
1724,03/18/2026 20:43:00,8.09,24.48,-68.08
1725,03/18/2026 20:44:00,8.09,24.48,-68.06
1726,03/18/2026 20:45:00,8.09,24.46,-68.05
1727,03/18/2026 20:46:00,8.09,24.46,-68.05
1728,03/18/2026 20:47:00,8.09,24.46,-68.05
1729,03/18/2026 20:48:00,8.09,24.46,-68.03
1730,03/18/2026 20:49:00,8.09,24.46,-68.02
1731,03/18/2026 20:50:00,8.09,24.46,-68.00
1732,03/18/2026 20:51:00,8.09,24.46,-68.02
1733,03/18/2026 20:52:00,8.09,24.46,-67.99
1734,03/18/2026 20:53:00,8.09,24.46,-67.97
1735,03/18/2026 20:54:00,8.09,24.44,-67.96
1736,03/18/2026 20:55:00,8.09,24.44,-67.94
1737,03/18/2026 20:56:00,8.09,24.44,-67.92
1738,03/18/2026 20:57:00,8.09,24.44,-67.91
1739,03/18/2026 20:58:00,8.09,24.44,-67.91
1740,03/18/2026 20:59:00,8.09,24.44,-67.89
1741,03/18/2026 21:00:00,8.09,24.44,-67.88
1742,03/18/2026 21:01:00,8.09,24.44,-67.86
1743,03/18/2026 21:02:00,8.09,24.44,-67.86
1744,03/18/2026 21:03:00,8.09,24.44,-67.85
1745,03/18/2026 21:04:00,8.09,24.41,-67.85
1746,03/18/2026 21:05:00,8.09,24.41,-67.81
1747,03/18/2026 21:06:00,8.09,24.41,-67.85
1748,03/18/2026 21:07:00,8.09,24.41,-67.80
1749,03/18/2026 21:08:00,8.09,24.41,-67.80
1750,03/18/2026 21:09:00,8.09,24.41,-67.77
1751,03/18/2026 21:10:00,8.09,24.41,-67.75
1752,03/18/2026 21:11:00,8.09,24.41,-67.75
1753,03/18/2026 21:12:00,8.08,24.41,-67.74
1754,03/18/2026 21:13:00,8.08,24.41,-67.72
1755,03/18/2026 21:14:00,8.08,24.41,-67.71
1756,03/18/2026 21:15:00,8.08,24.39,-67.71
1757,03/18/2026 21:16:00,8.08,24.39,-67.67
1758,03/18/2026 21:17:00,8.08,24.39,-67.67
1759,03/18/2026 21:18:00,8.08,24.39,-67.64
1760,03/18/2026 21:19:00,8.08,24.39,-67.64
1761,03/18/2026 21:20:00,8.08,24.39,-67.63
1762,03/18/2026 21:21:00,8.08,24.39,-67.64
1763,03/18/2026 21:22:00,8.08,24.39,-67.61
1764,03/18/2026 21:23:00,8.08,24.39,-67.60
1765,03/18/2026 21:24:00,8.08,24.39,-67.58
1766,03/18/2026 21:25:00,8.08,24.36,-67.56
1767,03/18/2026 21:26:00,8.08,24.36,-67.55
1768,03/18/2026 21:27:00,8.08,24.36,-67.53
1769,03/18/2026 21:28:00,8.08,24.36,-67.52
1770,03/18/2026 21:29:00,8.08,24.36,-67.50
1771,03/18/2026 21:30:00,8.08,24.36,-67.49
1772,03/18/2026 21:31:00,8.08,24.36,-67.47
1773,03/18/2026 21:32:00,8.08,24.36,-67.46
1774,03/18/2026 21:33:00,8.08,24.36,-67.46
1775,03/18/2026 21:34:00,8.08,24.36,-67.44
1776,03/18/2026 21:35:00,8.08,24.36,-67.42
1777,03/18/2026 21:36:00,8.08,24.36,-67.46
1778,03/18/2026 21:37:00,8.08,24.34,-67.41
1779,03/18/2026 21:38:00,8.08,24.34,-67.38
1780,03/18/2026 21:39:00,8.08,24.34,-67.38
1781,03/18/2026 21:40:00,8.08,24.34,-67.36
1782,03/18/2026 21:41:00,8.08,24.34,-67.36
1783,03/18/2026 21:42:00,8.08,24.34,-67.35
1784,03/18/2026 21:43:00,8.08,24.34,-67.33
1785,03/18/2026 21:44:00,8.08,24.34,-67.33
1786,03/18/2026 21:45:00,8.08,24.34,-67.31
1787,03/18/2026 21:46:00,8.08,24.34,-67.31
1788,03/18/2026 21:47:00,8.08,24.34,-67.30
1789,03/18/2026 21:48:00,8.08,24.34,-67.30
1790,03/18/2026 21:49:00,8.08,24.34,-67.27
1791,03/18/2026 21:50:00,8.08,24.34,-67.27
1792,03/18/2026 21:51:00,8.08,24.32,-67.30
1793,03/18/2026 21:52:00,8.08,24.32,-67.27
1794,03/18/2026 21:53:00,8.08,24.32,-67.25
1795,03/18/2026 21:54:00,8.08,24.32,-67.24
1796,03/18/2026 21:55:00,8.08,24.32,-67.22
1797,03/18/2026 21:56:00,8.08,24.32,-67.22
1798,03/18/2026 21:57:00,8.08,24.32,-67.21
1799,03/18/2026 21:58:00,8.08,24.32,-67.21
1800,03/18/2026 21:59:00,8.08,24.32,-67.19
1801,03/18/2026 22:00:00,8.08,24.32,-67.17
1802,03/18/2026 22:01:00,8.08,24.32,-67.16
1803,03/18/2026 22:02:00,8.08,24.32,-67.16
1804,03/18/2026 22:03:00,8.07,24.32,-67.14
1805,03/18/2026 22:04:00,8.07,24.32,-67.14
1806,03/18/2026 22:05:00,8.07,24.32,-67.13
1807,03/18/2026 22:06:00,8.07,24.32,-67.14
1808,03/18/2026 22:07:00,8.07,24.32,-67.11
1809,03/18/2026 22:08:00,8.07,24.32,-67.10
1810,03/18/2026 22:09:00,8.07,24.29,-67.10
1811,03/18/2026 22:10:00,8.07,24.29,-67.08
1812,03/18/2026 22:11:00,8.07,24.29,-67.06
1813,03/18/2026 22:12:00,8.07,24.29,-67.06
1814,03/18/2026 22:13:00,8.07,24.29,-67.05
1815,03/18/2026 22:14:00,8.07,24.29,-67.05
1816,03/18/2026 22:15:00,8.07,24.29,-67.03
1817,03/18/2026 22:16:00,8.07,24.29,-67.03
1818,03/18/2026 22:17:00,8.07,24.29,-67.02
1819,03/18/2026 22:18:00,8.07,24.29,-67.00
1820,03/18/2026 22:19:00,8.07,24.27,-66.99
1821,03/18/2026 22:20:00,8.07,24.27,-66.99
1822,03/18/2026 22:21:00,8.07,24.27,-67.02
1823,03/18/2026 22:22:00,8.07,24.27,-66.97
1824,03/18/2026 22:23:00,8.07,24.27,-66.96
1825,03/18/2026 22:24:00,8.07,24.27,-66.94
1826,03/18/2026 22:25:00,8.07,24.27,-66.94
1827,03/18/2026 22:26:00,8.07,24.27,-66.92
1828,03/18/2026 22:27:00,8.07,24.27,-66.92
1829,03/18/2026 22:28:00,8.07,24.27,-66.91
1830,03/18/2026 22:29:00,8.07,24.27,-66.89
1831,03/18/2026 22:30:00,8.07,24.27,-66.89
1832,03/18/2026 22:31:00,8.07,24.27,-66.88
1833,03/18/2026 22:32:00,8.07,24.27,-66.88
1834,03/18/2026 22:33:00,8.07,24.27,-66.86
1835,03/18/2026 22:34:00,8.07,24.27,-66.85
1836,03/18/2026 22:35:00,8.07,24.24,-66.85
1837,03/18/2026 22:36:00,8.07,24.24,-66.86
1838,03/18/2026 22:37:00,8.07,24.24,-66.83
1839,03/18/2026 22:38:00,8.07,24.24,-66.81
1840,03/18/2026 22:39:00,8.07,24.24,-66.80
1841,03/18/2026 22:40:00,8.07,24.24,-66.80
1842,03/18/2026 22:41:00,8.07,24.24,-66.78
1843,03/18/2026 22:42:00,8.07,24.24,-66.78
1844,03/18/2026 22:43:00,8.07,24.24,-66.77
1845,03/18/2026 22:44:00,8.07,24.24,-66.75
1846,03/18/2026 22:45:00,8.07,24.22,-66.75
1847,03/18/2026 22:46:00,8.07,24.22,-66.74
1848,03/18/2026 22:47:00,8.07,24.22,-66.74
1849,03/18/2026 22:48:00,8.07,24.22,-66.72
1850,03/18/2026 22:49:00,8.07,24.22,-66.71
1851,03/18/2026 22:50:00,8.07,24.22,-66.71
1852,03/18/2026 22:51:00,8.07,24.22,-66.72
1853,03/18/2026 22:52:00,8.07,24.22,-66.69
1854,03/18/2026 22:53:00,8.07,24.19,-66.67
1855,03/18/2026 22:54:00,8.07,24.19,-66.67
1856,03/18/2026 22:55:00,8.07,24.19,-66.66
1857,03/18/2026 22:56:00,8.07,24.19,-66.66
1858,03/18/2026 22:57:00,8.07,24.19,-66.64
1859,03/18/2026 22:58:00,8.07,24.19,-66.64
1860,03/18/2026 22:59:00,8.07,24.17,-66.63
1861,03/18/2026 23:00:00,8.07,24.17,-66.63
1862,03/18/2026 23:01:00,8.07,24.17,-66.61
1863,03/18/2026 23:02:00,8.07,24.17,-66.61
1864,03/18/2026 23:03:00,8.07,24.17,-66.61
1865,03/18/2026 23:04:00,8.07,24.17,-66.60
1866,03/18/2026 23:05:00,8.07,24.17,-66.60
1867,03/18/2026 23:06:00,8.07,24.15,-66.63
1868,03/18/2026 23:07:00,8.07,24.15,-66.60
1869,03/18/2026 23:08:00,8.07,24.15,-66.58
1870,03/18/2026 23:09:00,8.07,24.15,-66.58
1871,03/18/2026 23:10:00,8.07,24.15,-66.56
1872,03/18/2026 23:11:00,8.06,24.15,-66.55
1873,03/18/2026 23:12:00,8.06,24.12,-66.53
1874,03/18/2026 23:13:00,8.07,24.12,-66.55
1875,03/18/2026 23:14:00,8.06,24.12,-66.53
1876,03/18/2026 23:15:00,8.06,24.12,-66.52
1877,03/18/2026 23:16:00,8.06,24.12,-66.50
1878,03/18/2026 23:17:00,8.06,24.12,-66.50
1879,03/18/2026 23:18:00,8.06,24.10,-66.50
1880,03/18/2026 23:19:00,8.06,24.10,-66.49
1881,03/18/2026 23:20:00,8.06,24.10,-66.47
1882,03/18/2026 23:21:00,8.06,24.10,-66.50
1883,03/18/2026 23:22:00,8.06,24.10,-66.47
1884,03/18/2026 23:23:00,8.06,24.10,-66.44
1885,03/18/2026 23:24:00,8.06,24.10,-66.44
1886,03/18/2026 23:25:00,8.06,24.07,-66.42
1887,03/18/2026 23:26:00,8.06,24.07,-66.42
1888,03/18/2026 23:27:00,8.06,24.07,-66.41
1889,03/18/2026 23:28:00,8.06,24.07,-66.39
1890,03/18/2026 23:29:00,8.06,24.07,-66.39
1891,03/18/2026 23:30:00,8.06,24.07,-66.38
1892,03/18/2026 23:31:00,8.06,24.07,-66.36
1893,03/18/2026 23:32:00,8.06,24.07,-66.36
1894,03/18/2026 23:33:00,8.06,24.07,-66.36
1895,03/18/2026 23:34:00,8.06,24.05,-66.35
1896,03/18/2026 23:35:00,8.06,24.05,-66.33
1897,03/18/2026 23:36:00,8.06,24.05,-66.36
1898,03/18/2026 23:37:00,8.06,24.05,-66.33
1899,03/18/2026 23:38:00,8.06,24.05,-66.30
1900,03/18/2026 23:39:00,8.06,24.05,-66.30
1901,03/18/2026 23:40:00,8.06,24.05,-66.30
1902,03/18/2026 23:41:00,8.06,24.05,-66.28
1903,03/18/2026 23:42:00,8.06,24.03,-66.27
1904,03/18/2026 23:43:00,8.06,24.03,-66.27
1905,03/18/2026 23:44:00,8.06,24.03,-66.27
1906,03/18/2026 23:45:00,8.06,24.03,-66.25
1907,03/18/2026 23:46:00,8.06,24.03,-66.25
1908,03/18/2026 23:47:00,8.06,24.03,-66.24
1909,03/18/2026 23:48:00,8.06,24.03,-66.24
1910,03/18/2026 23:49:00,8.06,24.03,-66.24
1911,03/18/2026 23:50:00,8.06,24.03,-66.22
1912,03/18/2026 23:51:00,8.06,24.03,-66.25
1913,03/18/2026 23:52:00,8.06,24.00,-66.21
1914,03/18/2026 23:53:00,8.06,24.00,-66.21
1915,03/18/2026 23:54:00,8.06,24.00,-66.21
1916,03/18/2026 23:55:00,8.06,24.00,-66.19
1917,03/18/2026 23:56:00,8.06,24.00,-66.19
1918,03/18/2026 23:57:00,8.06,24.00,-66.17
1919,03/18/2026 23:58:00,8.06,24.00,-66.17
1920,03/18/2026 23:59:00,8.06,24.00,-66.17
1921,03/19/2026 00:00:00,8.06,23.98,-66.17
1922,03/19/2026 00:01:00,8.06,23.98,-66.16
1923,03/19/2026 00:02:00,8.06,23.98,-66.16
1924,03/19/2026 00:03:00,8.06,23.98,-66.14
1925,03/19/2026 00:04:00,8.06,23.98,-66.14
1926,03/19/2026 00:05:00,8.06,23.98,-66.13
1927,03/19/2026 00:06:00,8.06,23.98,-66.17
1928,03/19/2026 00:07:00,8.06,23.98,-66.14
1929,03/19/2026 00:08:00,8.06,23.98,-66.13
1930,03/19/2026 00:09:00,8.06,23.98,-66.11
1931,03/19/2026 00:10:00,8.06,23.95,-66.11
1932,03/19/2026 00:11:00,8.06,23.95,-66.10
1933,03/19/2026 00:12:00,8.06,23.95,-66.10
1934,03/19/2026 00:13:00,8.06,23.95,-66.10
1935,03/19/2026 00:14:00,8.06,23.95,-66.08
1936,03/19/2026 00:15:00,8.06,23.95,-66.08
1937,03/19/2026 00:16:00,8.06,23.95,-66.06
1938,03/19/2026 00:17:00,8.06,23.95,-66.06
1939,03/19/2026 00:18:00,8.06,23.95,-66.05
1940,03/19/2026 00:19:00,8.06,23.95,-66.05
1941,03/19/2026 00:20:00,8.06,23.95,-66.03
1942,03/19/2026 00:21:00,8.06,23.93,-66.08
1943,03/19/2026 00:22:00,8.06,23.93,-66.05
1944,03/19/2026 00:23:00,8.06,23.93,-66.03
1945,03/19/2026 00:24:00,8.06,23.93,-66.02
1946,03/19/2026 00:25:00,8.06,23.93,-66.02
1947,03/19/2026 00:26:00,8.06,23.93,-66.00
1948,03/19/2026 00:27:00,8.06,23.93,-66.00
1949,03/19/2026 00:28:00,8.06,23.93,-65.99
1950,03/19/2026 00:29:00,8.06,23.93,-65.99
1951,03/19/2026 00:30:00,8.06,23.93,-65.97
1952,03/19/2026 00:31:00,8.06,23.93,-65.97
1953,03/19/2026 00:32:00,8.06,23.93,-65.96
1954,03/19/2026 00:33:00,8.06,23.91,-65.96
1955,03/19/2026 00:34:00,8.06,23.91,-65.96
1956,03/19/2026 00:35:00,8.06,23.91,-65.96
1957,03/19/2026 00:36:00,8.06,23.91,-65.99
1958,03/19/2026 00:37:00,8.06,23.91,-65.94
1959,03/19/2026 00:38:00,8.06,23.91,-65.94
1960,03/19/2026 00:39:00,8.05,23.91,-65.92
1961,03/19/2026 00:40:00,8.05,23.91,-65.92
1962,03/19/2026 00:41:00,8.05,23.91,-65.91
1963,03/19/2026 00:42:00,8.05,23.91,-65.91
1964,03/19/2026 00:43:00,8.05,23.91,-65.91
1965,03/19/2026 00:44:00,8.05,23.88,-65.89
1966,03/19/2026 00:45:00,8.05,23.88,-65.89
1967,03/19/2026 00:46:00,8.05,23.88,-65.89
1968,03/19/2026 00:47:00,8.05,23.88,-65.88
1969,03/19/2026 00:48:00,8.05,23.88,-65.88
1970,03/19/2026 00:49:00,8.05,23.88,-65.88
1971,03/19/2026 00:50:00,8.05,23.88,-65.86
1972,03/19/2026 00:51:00,8.05,23.88,-65.89
1973,03/19/2026 00:52:00,8.05,23.88,-65.86
1974,03/19/2026 00:53:00,8.05,23.88,-65.86
1975,03/19/2026 00:54:00,8.05,23.88,-65.86
1976,03/19/2026 00:55:00,8.05,23.88,-65.85
1977,03/19/2026 00:56:00,8.05,23.88,-65.86
1978,03/19/2026 00:57:00,8.05,23.88,-65.86
1979,03/19/2026 00:58:00,8.05,23.86,-65.85
1980,03/19/2026 00:59:00,8.05,23.86,-65.85
1981,03/19/2026 01:00:00,8.05,23.86,-65.85
1982,03/19/2026 01:01:00,8.05,23.86,-65.85
1983,03/19/2026 01:02:00,8.05,23.86,-65.83
1984,03/19/2026 01:03:00,8.05,23.86,-65.83
1985,03/19/2026 01:04:00,8.05,23.86,-65.83
1986,03/19/2026 01:05:00,8.05,23.86,-65.83
1987,03/19/2026 01:06:00,8.05,23.86,-65.88
1988,03/19/2026 01:07:00,8.05,23.86,-65.83
1989,03/19/2026 01:08:00,8.05,23.86,-65.81
1990,03/19/2026 01:09:00,8.05,23.86,-65.81
1991,03/19/2026 01:10:00,8.05,23.86,-65.81
1992,03/19/2026 01:11:00,8.05,23.86,-65.81
1993,03/19/2026 01:12:00,8.05,23.86,-65.80
1994,03/19/2026 01:13:00,8.05,23.86,-65.81
1995,03/19/2026 01:14:00,8.05,23.86,-65.80
1996,03/19/2026 01:15:00,8.05,23.83,-65.80
1997,03/19/2026 01:16:00,8.05,23.83,-65.80
1998,03/19/2026 01:17:00,8.05,23.83,-65.80
1999,03/19/2026 01:18:00,8.05,23.83,-65.80
2000,03/19/2026 01:19:00,8.05,23.83,-65.80
2001,03/19/2026 01:20:00,8.05,23.83,-65.80
2002,03/19/2026 01:21:00,8.05,23.83,-65.83
2003,03/19/2026 01:22:00,8.05,23.83,-65.81
2004,03/19/2026 01:23:00,8.05,23.83,-65.80
2005,03/19/2026 01:24:00,8.05,23.83,-65.80
2006,03/19/2026 01:25:00,8.05,23.83,-65.80
2007,03/19/2026 01:26:00,8.05,23.83,-65.80
2008,03/19/2026 01:27:00,8.05,23.83,-65.80
2009,03/19/2026 01:28:00,8.05,23.83,-65.80
2010,03/19/2026 01:29:00,8.05,23.83,-65.80
2011,03/19/2026 01:30:00,8.05,23.83,-65.80
2012,03/19/2026 01:31:00,8.05,23.81,-65.80
2013,03/19/2026 01:32:00,8.05,23.81,-65.80
2014,03/19/2026 01:33:00,8.05,23.81,-65.80
2015,03/19/2026 01:34:00,8.05,23.81,-65.80
2016,03/19/2026 01:35:00,8.05,23.81,-65.78
2017,03/19/2026 01:36:00,8.05,23.81,-65.83
2018,03/19/2026 01:37:00,8.05,23.81,-65.80
2019,03/19/2026 01:38:00,8.05,23.81,-65.78
2020,03/19/2026 01:39:00,8.05,23.81,-65.78
2021,03/19/2026 01:40:00,8.05,23.81,-65.78
2022,03/19/2026 01:41:00,8.05,23.81,-65.77
2023,03/19/2026 01:42:00,8.05,23.81,-65.78
2024,03/19/2026 01:43:00,8.05,23.81,-65.77
2025,03/19/2026 01:44:00,8.05,23.81,-65.77
2026,03/19/2026 01:45:00,8.05,23.81,-65.77
2027,03/19/2026 01:46:00,8.05,23.81,-65.77
2028,03/19/2026 01:47:00,8.05,23.81,-65.77
2029,03/19/2026 01:48:00,8.05,23.81,-65.77
2030,03/19/2026 01:49:00,8.05,23.79,-65.77
2031,03/19/2026 01:50:00,8.05,23.79,-65.77
2032,03/19/2026 01:51:00,8.05,23.79,-65.80
2033,03/19/2026 01:52:00,8.05,23.79,-65.77
2034,03/19/2026 01:53:00,8.05,23.79,-65.77
2035,03/19/2026 01:54:00,8.05,23.79,-65.75
2036,03/19/2026 01:55:00,8.05,23.79,-65.75
2037,03/19/2026 01:56:00,8.05,23.79,-65.75
2038,03/19/2026 01:57:00,8.05,23.79,-65.75
2039,03/19/2026 01:58:00,8.05,23.79,-65.75
2040,03/19/2026 01:59:00,8.05,23.79,-65.75
2041,03/19/2026 02:00:00,8.05,23.79,-65.74
2042,03/19/2026 02:01:00,8.05,23.79,-65.74
2043,03/19/2026 02:02:00,8.05,23.79,-65.74
2044,03/19/2026 02:03:00,8.05,23.79,-65.72
2045,03/19/2026 02:04:00,8.05,23.79,-65.74
2046,03/19/2026 02:05:00,8.05,23.79,-65.72
2047,03/19/2026 02:06:00,8.05,23.79,-65.77
2048,03/19/2026 02:07:00,8.05,23.79,-65.74
2049,03/19/2026 02:08:00,8.05,23.79,-65.74
2050,03/19/2026 02:09:00,8.05,23.79,-65.72
2051,03/19/2026 02:10:00,8.05,23.79,-65.72
2052,03/19/2026 02:11:00,8.05,23.79,-65.72
2053,03/19/2026 02:12:00,8.05,23.79,-65.72
2054,03/19/2026 02:13:00,8.05,23.79,-65.72
2055,03/19/2026 02:14:00,8.05,23.79,-65.71
2056,03/19/2026 02:15:00,8.05,23.79,-65.71
2057,03/19/2026 02:16:00,8.05,23.79,-65.71
2058,03/19/2026 02:17:00,8.05,23.79,-65.69
2059,03/19/2026 02:18:00,8.05,23.79,-65.69
2060,03/19/2026 02:19:00,8.05,23.79,-65.71
2061,03/19/2026 02:20:00,8.05,23.79,-65.69
2062,03/19/2026 02:21:00,8.05,23.79,-65.74
2063,03/19/2026 02:22:00,8.05,23.79,-65.71
2064,03/19/2026 02:23:00,8.05,23.79,-65.71
2065,03/19/2026 02:24:00,8.05,23.79,-65.69
2066,03/19/2026 02:25:00,8.05,23.79,-65.69
2067,03/19/2026 02:26:00,8.05,23.79,-65.69
2068,03/19/2026 02:27:00,8.05,23.79,-65.67
2069,03/19/2026 02:28:00,8.05,23.79,-65.67
2070,03/19/2026 02:29:00,8.05,23.79,-65.67
2071,03/19/2026 02:30:00,8.05,23.79,-65.69
2072,03/19/2026 02:31:00,8.05,23.79,-65.69
2073,03/19/2026 02:32:00,8.05,23.79,-65.67
2074,03/19/2026 02:33:00,8.05,23.79,-65.67
2075,03/19/2026 02:34:00,8.05,23.79,-65.69
2076,03/19/2026 02:35:00,8.05,23.79,-65.69
2077,03/19/2026 02:36:00,8.05,23.79,-65.72
2078,03/19/2026 02:37:00,8.05,23.79,-65.69
2079,03/19/2026 02:38:00,8.05,23.79,-65.69
2080,03/19/2026 02:39:00,8.05,23.79,-65.69
2081,03/19/2026 02:40:00,8.05,23.79,-65.67
2082,03/19/2026 02:41:00,8.05,23.79,-65.67
2083,03/19/2026 02:42:00,8.05,23.79,-65.67
2084,03/19/2026 02:43:00,8.05,23.79,-65.67
2085,03/19/2026 02:44:00,8.05,23.79,-65.69
2086,03/19/2026 02:45:00,8.05,23.79,-65.69
2087,03/19/2026 02:46:00,8.05,23.79,-65.67
2088,03/19/2026 02:47:00,8.05,23.79,-65.67
2089,03/19/2026 02:48:00,8.05,23.76,-65.69
2090,03/19/2026 02:49:00,8.05,23.76,-65.67
2091,03/19/2026 02:50:00,8.05,23.76,-65.69
2092,03/19/2026 02:51:00,8.05,23.76,-65.72
2093,03/19/2026 02:52:00,8.05,23.76,-65.69
2094,03/19/2026 02:53:00,8.05,23.76,-65.69
2095,03/19/2026 02:54:00,8.05,23.76,-65.69
2096,03/19/2026 02:55:00,8.05,23.76,-65.69
2097,03/19/2026 02:56:00,8.05,23.76,-65.67
2098,03/19/2026 02:57:00,8.05,23.76,-65.67
2099,03/19/2026 02:58:00,8.05,23.76,-65.67
2100,03/19/2026 02:59:00,8.05,23.76,-65.67
2101,03/19/2026 03:00:00,8.05,23.76,-65.66
2102,03/19/2026 03:01:00,8.05,23.76,-65.67
2103,03/19/2026 03:02:00,8.05,23.76,-65.67
2104,03/19/2026 03:03:00,8.05,23.76,-65.67
2105,03/19/2026 03:04:00,8.05,23.76,-65.66
2106,03/19/2026 03:05:00,8.05,23.76,-65.66
2107,03/19/2026 03:06:00,8.05,23.76,-65.71
2108,03/19/2026 03:07:00,8.05,23.76,-65.66
2109,03/19/2026 03:08:00,8.05,23.76,-65.64
2110,03/19/2026 03:09:00,8.05,23.76,-65.64
2111,03/19/2026 03:10:00,8.05,23.76,-65.64
2112,03/19/2026 03:11:00,8.05,23.76,-65.66
2113,03/19/2026 03:12:00,8.05,23.76,-65.66
2114,03/19/2026 03:13:00,8.05,23.76,-65.63
2115,03/19/2026 03:14:00,8.05,23.76,-65.64
2116,03/19/2026 03:15:00,8.05,23.76,-65.63
2117,03/19/2026 03:16:00,8.05,23.76,-65.63
2118,03/19/2026 03:17:00,8.05,23.76,-65.63
2119,03/19/2026 03:18:00,8.05,23.76,-65.63
2120,03/19/2026 03:19:00,8.05,23.76,-65.61
2121,03/19/2026 03:20:00,8.05,23.76,-65.61
2122,03/19/2026 03:21:00,8.05,23.76,-65.66
2123,03/19/2026 03:22:00,8.05,23.76,-65.63
2124,03/19/2026 03:23:00,8.05,23.76,-65.61
2125,03/19/2026 03:24:00,8.05,23.76,-65.61
2126,03/19/2026 03:25:00,8.05,23.76,-65.60
2127,03/19/2026 03:26:00,8.05,23.76,-65.60
2128,03/19/2026 03:27:00,8.05,23.76,-65.60
2129,03/19/2026 03:28:00,8.05,23.76,-65.60
2130,03/19/2026 03:29:00,8.05,23.76,-65.58
2131,03/19/2026 03:30:00,8.05,23.76,-65.60
2132,03/19/2026 03:31:00,8.05,23.76,-65.58
2133,03/19/2026 03:32:00,8.05,23.76,-65.58
2134,03/19/2026 03:33:00,8.05,23.76,-65.60
2135,03/19/2026 03:34:00,8.05,23.76,-65.60
2136,03/19/2026 03:35:00,8.05,23.76,-65.58
2137,03/19/2026 03:36:00,8.05,23.76,-65.63
2138,03/19/2026 03:37:00,8.05,23.76,-65.60
2139,03/19/2026 03:38:00,8.05,23.76,-65.60
2140,03/19/2026 03:39:00,8.05,23.76,-65.58
2141,03/19/2026 03:40:00,8.05,23.76,-65.58
2142,03/19/2026 03:41:00,8.05,23.76,-65.60
2143,03/19/2026 03:42:00,8.05,23.76,-65.58
2144,03/19/2026 03:43:00,8.05,23.76,-65.58
2145,03/19/2026 03:44:00,8.05,23.76,-65.60
2146,03/19/2026 03:45:00,8.05,23.76,-65.58
2147,03/19/2026 03:46:00,8.05,23.74,-65.60
2148,03/19/2026 03:47:00,8.05,23.74,-65.58
2149,03/19/2026 03:48:00,8.05,23.74,-65.58
2150,03/19/2026 03:49:00,8.05,23.74,-65.58
2151,03/19/2026 03:50:00,8.05,23.74,-65.58
2152,03/19/2026 03:51:00,8.05,23.74,-65.61
2153,03/19/2026 03:52:00,8.05,23.74,-65.60
2154,03/19/2026 03:53:00,8.05,23.74,-65.58
2155,03/19/2026 03:54:00,8.05,23.74,-65.58
2156,03/19/2026 03:55:00,8.05,23.74,-65.58
2157,03/19/2026 03:56:00,8.05,23.74,-65.58
2158,03/19/2026 03:57:00,8.05,23.74,-65.58
2159,03/19/2026 03:58:00,8.05,23.74,-65.58
2160,03/19/2026 03:59:00,8.05,23.74,-65.58
2161,03/19/2026 04:00:00,8.05,23.74,-65.58
2162,03/19/2026 04:01:00,8.05,23.74,-65.58
2163,03/19/2026 04:02:00,8.05,23.74,-65.56
2164,03/19/2026 04:03:00,8.05,23.74,-65.56
2165,03/19/2026 04:04:00,8.05,23.74,-65.58
2166,03/19/2026 04:05:00,8.05,23.74,-65.56
2167,03/19/2026 04:06:00,8.05,23.74,-65.61
2168,03/19/2026 04:07:00,8.05,23.74,-65.60
2169,03/19/2026 04:08:00,8.05,23.74,-65.58
2170,03/19/2026 04:09:00,8.05,23.74,-65.58
2171,03/19/2026 04:10:00,8.05,23.74,-65.58
2172,03/19/2026 04:11:00,8.05,23.74,-65.58
2173,03/19/2026 04:12:00,8.05,23.74,-65.58
2174,03/19/2026 04:13:00,8.05,23.74,-65.58
2175,03/19/2026 04:14:00,8.05,23.74,-65.58
2176,03/19/2026 04:15:00,8.05,23.74,-65.58
2177,03/19/2026 04:16:00,8.05,23.74,-65.58
2178,03/19/2026 04:17:00,8.05,23.74,-65.58
2179,03/19/2026 04:18:00,8.05,23.74,-65.58
2180,03/19/2026 04:19:00,8.05,23.74,-65.58
2181,03/19/2026 04:20:00,8.05,23.74,-65.58
2182,03/19/2026 04:21:00,8.05,23.74,-65.61
2183,03/19/2026 04:22:00,8.05,23.74,-65.60
2184,03/19/2026 04:23:00,8.05,23.74,-65.58
2185,03/19/2026 04:24:00,8.05,23.74,-65.56
2186,03/19/2026 04:25:00,8.05,23.74,-65.58
2187,03/19/2026 04:26:00,8.05,23.74,-65.58
2188,03/19/2026 04:27:00,8.05,23.74,-65.56
2189,03/19/2026 04:28:00,8.05,23.74,-65.56
2190,03/19/2026 04:29:00,8.05,23.74,-65.56
2191,03/19/2026 04:30:00,8.05,23.74,-65.56
2192,03/19/2026 04:31:00,8.05,23.74,-65.56
2193,03/19/2026 04:32:00,8.05,23.74,-65.56
2194,03/19/2026 04:33:00,8.05,23.74,-65.56
2195,03/19/2026 04:34:00,8.05,23.74,-65.55
2196,03/19/2026 04:35:00,8.05,23.74,-65.55
2197,03/19/2026 04:36:00,8.05,23.74,-65.60
2198,03/19/2026 04:37:00,8.05,23.74,-65.56
2199,03/19/2026 04:38:00,8.05,23.76,-65.55
2200,03/19/2026 04:39:00,8.05,23.76,-65.55
2201,03/19/2026 04:40:00,8.05,23.76,-65.55
2202,03/19/2026 04:41:00,8.05,23.76,-65.53
2203,03/19/2026 04:42:00,8.05,23.76,-65.55
2204,03/19/2026 04:43:00,8.05,23.76,-65.55
2205,03/19/2026 04:44:00,8.05,23.76,-65.53
2206,03/19/2026 04:45:00,8.05,23.76,-65.53
2207,03/19/2026 04:46:00,8.05,23.76,-65.53
2208,03/19/2026 04:47:00,8.05,23.76,-65.53
2209,03/19/2026 04:48:00,8.05,23.76,-65.53
2210,03/19/2026 04:49:00,8.05,23.76,-65.53
2211,03/19/2026 04:50:00,8.05,23.76,-65.52
2212,03/19/2026 04:51:00,8.05,23.76,-65.58
2213,03/19/2026 04:52:00,8.05,23.76,-65.55
2214,03/19/2026 04:53:00,8.05,23.76,-65.53
2215,03/19/2026 04:54:00,8.05,23.76,-65.53
2216,03/19/2026 04:55:00,8.05,23.76,-65.53
2217,03/19/2026 04:56:00,8.05,23.79,-65.53
2218,03/19/2026 04:57:00,8.05,23.79,-65.53
2219,03/19/2026 04:58:00,8.05,23.79,-65.52
2220,03/19/2026 04:59:00,8.05,23.79,-65.52
2221,03/19/2026 05:00:00,8.05,23.79,-65.52
2222,03/19/2026 05:01:00,8.05,23.79,-65.52
2223,03/19/2026 05:02:00,8.05,23.79,-65.52
2224,03/19/2026 05:03:00,8.05,23.79,-65.52
2225,03/19/2026 05:04:00,8.05,23.79,-65.52
2226,03/19/2026 05:05:00,8.05,23.79,-65.52
2227,03/19/2026 05:06:00,8.05,23.79,-65.56
2228,03/19/2026 05:07:00,8.05,23.79,-65.53
2229,03/19/2026 05:08:00,8.05,23.79,-65.52
2230,03/19/2026 05:09:00,8.05,23.79,-65.52
2231,03/19/2026 05:10:00,8.05,23.79,-65.52
2232,03/19/2026 05:11:00,8.05,23.79,-65.50
2233,03/19/2026 05:12:00,8.05,23.79,-65.50
2234,03/19/2026 05:13:00,8.05,23.79,-65.50
2235,03/19/2026 05:14:00,8.05,23.79,-65.50
2236,03/19/2026 05:15:00,8.05,23.79,-65.49
2237,03/19/2026 05:16:00,8.05,23.79,-65.49
2238,03/19/2026 05:17:00,8.05,23.79,-65.49
2239,03/19/2026 05:18:00,8.05,23.79,-65.49
2240,03/19/2026 05:19:00,8.05,23.79,-65.47
2241,03/19/2026 05:20:00,8.05,23.79,-65.47
2242,03/19/2026 05:21:00,8.05,23.79,-65.52
2243,03/19/2026 05:22:00,8.05,23.79,-65.49
2244,03/19/2026 05:23:00,8.05,23.79,-65.47
2245,03/19/2026 05:24:00,8.05,23.79,-65.47
2246,03/19/2026 05:25:00,8.05,23.79,-65.47
2247,03/19/2026 05:26:00,8.05,23.79,-65.47
2248,03/19/2026 05:27:00,8.05,23.79,-65.46
2249,03/19/2026 05:28:00,8.05,23.79,-65.46
2250,03/19/2026 05:29:00,8.05,23.79,-65.46
2251,03/19/2026 05:30:00,8.05,23.79,-65.46
2252,03/19/2026 05:31:00,8.05,23.79,-65.46
2253,03/19/2026 05:32:00,8.05,23.79,-65.46
2254,03/19/2026 05:33:00,8.05,23.79,-65.44
2255,03/19/2026 05:34:00,8.05,23.79,-65.44
2256,03/19/2026 05:35:00,8.05,23.79,-65.44
2257,03/19/2026 05:36:00,8.05,23.79,-65.49
2258,03/19/2026 05:37:00,8.05,23.79,-65.46
2259,03/19/2026 05:38:00,8.05,23.79,-65.44
2260,03/19/2026 05:39:00,8.05,23.79,-65.44
2261,03/19/2026 05:40:00,8.05,23.79,-65.44
2262,03/19/2026 05:41:00,8.05,23.79,-65.44
2263,03/19/2026 05:42:00,8.05,23.79,-65.42
2264,03/19/2026 05:43:00,8.05,23.79,-65.42
2265,03/19/2026 05:44:00,8.05,23.79,-65.42
2266,03/19/2026 05:45:00,8.05,23.81,-65.42
2267,03/19/2026 05:46:00,8.05,23.81,-65.42
2268,03/19/2026 05:47:00,8.05,23.81,-65.44
2269,03/19/2026 05:48:00,8.05,23.81,-65.42
2270,03/19/2026 05:49:00,8.05,23.81,-65.42
2271,03/19/2026 05:50:00,8.05,23.81,-65.42
2272,03/19/2026 05:51:00,8.05,23.81,-65.47
2273,03/19/2026 05:52:00,8.05,23.81,-65.44
2274,03/19/2026 05:53:00,8.05,23.81,-65.42
2275,03/19/2026 05:54:00,8.05,23.81,-65.42
2276,03/19/2026 05:55:00,8.05,23.81,-65.42
2277,03/19/2026 05:56:00,8.05,23.81,-65.42
2278,03/19/2026 05:57:00,8.05,23.81,-65.41
2279,03/19/2026 05:58:00,8.05,23.81,-65.41
2280,03/19/2026 05:59:00,8.05,23.81,-65.41
2281,03/19/2026 06:00:00,8.05,23.81,-65.41
2282,03/19/2026 06:01:00,8.05,23.81,-65.41
2283,03/19/2026 06:02:00,8.05,23.81,-65.41
2284,03/19/2026 06:03:00,8.05,23.81,-65.41
2285,03/19/2026 06:04:00,8.05,23.81,-65.41
2286,03/19/2026 06:05:00,8.05,23.81,-65.42
2287,03/19/2026 06:06:00,8.05,23.81,-65.44
2288,03/19/2026 06:07:00,8.05,23.81,-65.42
2289,03/19/2026 06:08:00,8.05,23.81,-65.42
2290,03/19/2026 06:09:00,8.05,23.81,-65.42
2291,03/19/2026 06:10:00,8.05,23.81,-65.41
2292,03/19/2026 06:11:00,8.05,23.81,-65.41
2293,03/19/2026 06:12:00,8.05,23.81,-65.42
2294,03/19/2026 06:13:00,8.05,23.83,-65.41
2295,03/19/2026 06:14:00,8.05,23.83,-65.41
2296,03/19/2026 06:15:00,8.05,23.83,-65.41
2297,03/19/2026 06:16:00,8.05,23.83,-65.41
2298,03/19/2026 06:17:00,8.05,23.83,-65.41
2299,03/19/2026 06:18:00,8.05,23.83,-65.41
2300,03/19/2026 06:19:00,8.05,23.83,-65.41
2301,03/19/2026 06:20:00,8.05,23.83,-65.39
2302,03/19/2026 06:21:00,8.05,23.83,-65.44
2303,03/19/2026 06:22:00,8.05,23.83,-65.41
2304,03/19/2026 06:23:00,8.05,23.83,-65.39
2305,03/19/2026 06:24:00,8.05,23.83,-65.41
2306,03/19/2026 06:25:00,8.05,23.83,-65.39
2307,03/19/2026 06:26:00,8.05,23.83,-65.38
2308,03/19/2026 06:27:00,8.05,23.83,-65.38
2309,03/19/2026 06:28:00,8.05,23.83,-65.38
2310,03/19/2026 06:29:00,8.05,23.83,-65.38
2311,03/19/2026 06:30:00,8.05,23.83,-65.38
2312,03/19/2026 06:31:00,8.05,23.83,-65.36
2313,03/19/2026 06:32:00,8.05,23.83,-65.36
2314,03/19/2026 06:33:00,8.05,23.83,-65.36
2315,03/19/2026 06:34:00,8.05,23.83,-65.36
2316,03/19/2026 06:35:00,8.05,23.86,-65.36
2317,03/19/2026 06:36:00,8.05,23.86,-65.41
2318,03/19/2026 06:37:00,8.05,23.86,-65.36
2319,03/19/2026 06:38:00,8.05,23.86,-65.36
2320,03/19/2026 06:39:00,8.04,23.86,-65.35
2321,03/19/2026 06:40:00,8.04,23.86,-65.35
2322,03/19/2026 06:41:00,8.04,23.86,-65.35
2323,03/19/2026 06:42:00,8.04,23.86,-65.35
2324,03/19/2026 06:43:00,8.04,23.86,-65.33
2325,03/19/2026 06:44:00,8.04,23.86,-65.35
2326,03/19/2026 06:45:00,8.04,23.86,-65.33
2327,03/19/2026 06:46:00,8.04,23.86,-65.35
2328,03/19/2026 06:47:00,8.04,23.86,-65.33
2329,03/19/2026 06:48:00,8.04,23.86,-65.33
2330,03/19/2026 06:49:00,8.04,23.86,-65.33
2331,03/19/2026 06:50:00,8.04,23.86,-65.35
2332,03/19/2026 06:51:00,8.05,23.86,-65.38
2333,03/19/2026 06:52:00,8.05,23.86,-65.36
2334,03/19/2026 06:53:00,8.04,23.86,-65.35
2335,03/19/2026 06:54:00,8.04,23.86,-65.35
2336,03/19/2026 06:55:00,8.04,23.86,-65.35
2337,03/19/2026 06:56:00,8.04,23.86,-65.35
2338,03/19/2026 06:57:00,8.04,23.86,-65.35
2339,03/19/2026 06:58:00,8.04,23.88,-65.35
2340,03/19/2026 06:59:00,8.04,23.88,-65.35
2341,03/19/2026 07:00:00,8.04,23.88,-65.35
2342,03/19/2026 07:01:00,8.04,23.88,-65.35
2343,03/19/2026 07:02:00,8.04,23.88,-65.35
2344,03/19/2026 07:03:00,8.04,23.88,-65.35
2345,03/19/2026 07:04:00,8.04,23.88,-65.35
2346,03/19/2026 07:05:00,8.04,23.88,-65.35
2347,03/19/2026 07:06:00,8.05,23.88,-65.39
2348,03/19/2026 07:07:00,8.04,23.88,-65.36
2349,03/19/2026 07:08:00,8.04,23.88,-65.36
2350,03/19/2026 07:09:00,8.04,23.88,-65.36
2351,03/19/2026 07:10:00,8.04,23.88,-65.36
2352,03/19/2026 07:11:00,8.05,23.88,-65.38
2353,03/19/2026 07:12:00,8.05,23.88,-65.38
2354,03/19/2026 07:13:00,8.05,23.88,-65.38
2355,03/19/2026 07:14:00,8.05,23.88,-65.39
2356,03/19/2026 07:15:00,8.05,23.88,-65.39
2357,03/19/2026 07:16:00,8.05,23.88,-65.41
2358,03/19/2026 07:17:00,8.05,23.91,-65.41
2359,03/19/2026 07:18:00,8.05,23.91,-65.42
2360,03/19/2026 07:19:00,8.05,23.91,-65.42
2361,03/19/2026 07:20:00,8.05,23.91,-65.42
2362,03/19/2026 07:21:00,8.05,23.91,-65.49
2363,03/19/2026 07:22:00,8.05,23.91,-65.46
2364,03/19/2026 07:23:00,8.05,23.91,-65.46
2365,03/19/2026 07:24:00,8.05,23.91,-65.47
2366,03/19/2026 07:25:00,8.05,23.91,-65.47
2367,03/19/2026 07:26:00,8.05,23.91,-65.47
2368,03/19/2026 07:27:00,8.05,23.91,-65.47
2369,03/19/2026 07:28:00,8.05,23.91,-65.49
2370,03/19/2026 07:29:00,8.05,23.91,-65.49
2371,03/19/2026 07:30:00,8.05,23.91,-65.49
2372,03/19/2026 07:31:00,8.05,23.93,-65.50
2373,03/19/2026 07:32:00,8.05,23.93,-65.52
2374,03/19/2026 07:33:00,8.05,23.93,-65.52
2375,03/19/2026 07:34:00,8.05,23.93,-65.52
2376,03/19/2026 07:35:00,8.05,23.93,-65.53
2377,03/19/2026 07:36:00,8.05,23.93,-65.58
2378,03/19/2026 07:37:00,8.05,23.93,-65.55
2379,03/19/2026 07:38:00,8.05,23.93,-65.56
2380,03/19/2026 07:39:00,8.05,23.93,-65.56
2381,03/19/2026 07:40:00,8.05,23.93,-65.58
2382,03/19/2026 07:41:00,8.05,23.95,-65.58
2383,03/19/2026 07:42:00,8.05,23.95,-65.60
2384,03/19/2026 07:43:00,8.05,23.95,-65.60
2385,03/19/2026 07:44:00,8.05,23.95,-65.61
2386,03/19/2026 07:45:00,8.05,23.95,-65.61
2387,03/19/2026 07:46:00,8.05,23.95,-65.63
2388,03/19/2026 07:47:00,8.05,23.95,-65.64
2389,03/19/2026 07:48:00,8.05,23.95,-65.64
2390,03/19/2026 07:49:00,8.05,23.95,-65.66
2391,03/19/2026 07:50:00,8.05,23.95,-65.67
2392,03/19/2026 07:51:00,8.05,23.95,-65.74
2393,03/19/2026 07:52:00,8.05,23.95,-65.72
2394,03/19/2026 07:53:00,8.05,23.95,-65.71
2395,03/19/2026 07:54:00,8.05,23.95,-65.72
2396,03/19/2026 07:55:00,8.05,23.95,-65.74
2397,03/19/2026 07:56:00,8.05,23.95,-65.75
2398,03/19/2026 07:57:00,8.05,23.95,-65.75
2399,03/19/2026 07:58:00,8.05,23.95,-65.77
2400,03/19/2026 07:59:00,8.05,23.95,-65.77
2401,03/19/2026 08:00:00,8.05,23.95,-65.78
2402,03/19/2026 08:01:00,8.05,23.95,-65.78
2403,03/19/2026 08:02:00,8.05,23.95,-65.80
2404,03/19/2026 08:03:00,8.05,23.95,-65.81
2405,03/19/2026 08:04:00,8.05,23.95,-65.81
2406,03/19/2026 08:05:00,8.05,23.95,-65.83
2407,03/19/2026 08:06:00,8.05,23.95,-65.89
2408,03/19/2026 08:07:00,8.05,23.95,-65.88
2409,03/19/2026 08:08:00,8.05,23.95,-65.89
2410,03/19/2026 08:09:00,8.05,23.95,-65.91
2411,03/19/2026 08:10:00,8.05,23.95,-65.91
2412,03/19/2026 08:11:00,8.05,23.98,-65.92
2413,03/19/2026 08:12:00,8.06,23.98,-65.96
2414,03/19/2026 08:13:00,8.06,23.98,-65.97
2415,03/19/2026 08:14:00,8.06,23.98,-65.97
2416,03/19/2026 08:15:00,8.06,23.98,-66.00
2417,03/19/2026 08:16:00,8.06,23.98,-66.02
2418,03/19/2026 08:17:00,8.06,23.98,-66.03
2419,03/19/2026 08:18:00,8.06,23.98,-66.06
2420,03/19/2026 08:19:00,8.06,24.00,-66.08
2421,03/19/2026 08:20:00,8.06,24.00,-66.10
2422,03/19/2026 08:21:00,8.06,24.00,-66.16
2423,03/19/2026 08:22:00,8.06,24.00,-66.16
2424,03/19/2026 08:23:00,8.06,24.00,-66.16
2425,03/19/2026 08:24:00,8.06,24.00,-66.17
2426,03/19/2026 08:25:00,8.06,24.00,-66.19
2427,03/19/2026 08:26:00,8.06,24.03,-66.21
2428,03/19/2026 08:27:00,8.06,24.03,-66.22
2429,03/19/2026 08:28:00,8.06,24.03,-66.24
2430,03/19/2026 08:29:00,8.06,24.03,-66.24
2431,03/19/2026 08:30:00,8.06,24.03,-66.25
2432,03/19/2026 08:31:00,8.06,24.03,-66.27
2433,03/19/2026 08:32:00,8.06,24.03,-66.30
2434,03/19/2026 08:33:00,8.06,24.03,-66.33
2435,03/19/2026 08:34:00,8.06,24.03,-66.35
2436,03/19/2026 08:35:00,8.06,24.03,-66.36
2437,03/19/2026 08:36:00,8.06,24.03,-66.42
2438,03/19/2026 08:37:00,8.06,24.05,-66.41
2439,03/19/2026 08:38:00,8.06,24.05,-66.41
2440,03/19/2026 08:39:00,8.06,24.05,-66.42
2441,03/19/2026 08:40:00,8.06,24.05,-66.42
2442,03/19/2026 08:41:00,8.06,24.05,-66.42
2443,03/19/2026 08:42:00,8.06,24.05,-66.44
2444,03/19/2026 08:43:00,8.06,24.05,-66.47
2445,03/19/2026 08:44:00,8.06,24.07,-66.49
2446,03/19/2026 08:45:00,8.06,24.07,-66.50
2447,03/19/2026 08:46:00,8.06,24.07,-66.52
2448,03/19/2026 08:47:00,8.06,24.07,-66.53
2449,03/19/2026 08:48:00,8.07,24.07,-66.55
2450,03/19/2026 08:49:00,8.07,24.10,-66.58
2451,03/19/2026 08:50:00,8.07,24.10,-66.60
2452,03/19/2026 08:51:00,8.07,24.10,-66.66
2453,03/19/2026 08:52:00,8.07,24.12,-66.63
2454,03/19/2026 08:53:00,8.07,24.12,-66.64
2455,03/19/2026 08:54:00,8.07,24.12,-66.64
2456,03/19/2026 08:55:00,8.07,24.12,-66.66
2457,03/19/2026 08:56:00,8.07,24.12,-66.67
2458,03/19/2026 08:57:00,8.07,24.12,-66.72
2459,03/19/2026 08:58:00,8.07,24.15,-66.74
2460,03/19/2026 08:59:00,8.07,24.15,-66.75
2461,03/19/2026 09:00:00,8.07,24.15,-66.75
2462,03/19/2026 09:01:00,8.07,24.15,-66.78
2463,03/19/2026 09:02:00,8.07,24.15,-66.81
2464,03/19/2026 09:03:00,8.07,24.15,-66.92
2465,03/19/2026 09:04:00,8.07,24.15,-66.97
2466,03/19/2026 09:05:00,8.07,24.15,-67.10
2467,03/19/2026 09:06:00,8.08,24.15,-67.19
2468,03/19/2026 09:07:00,8.08,24.15,-67.16
2469,03/19/2026 09:08:00,8.08,24.15,-67.16
2470,03/19/2026 09:09:00,8.08,24.15,-67.16
2471,03/19/2026 09:10:00,8.08,24.15,-67.17
2472,03/19/2026 09:11:00,8.08,24.15,-67.17
2473,03/19/2026 09:12:00,8.08,24.15,-67.19
2474,03/19/2026 09:13:00,8.08,24.15,-67.21
2475,03/19/2026 09:14:00,8.08,24.17,-67.22
2476,03/19/2026 09:15:00,8.08,24.17,-67.25
2477,03/19/2026 09:16:00,8.08,24.17,-67.28
2478,03/19/2026 09:17:00,8.08,24.19,-67.33
2479,03/19/2026 09:18:00,8.08,24.19,-67.33
2480,03/19/2026 09:19:00,8.08,24.19,-67.38
2481,03/19/2026 09:20:00,8.08,24.22,-67.39
2482,03/19/2026 09:21:00,8.08,24.22,-67.50
2483,03/19/2026 09:22:00,8.08,24.24,-67.50
2484,03/19/2026 09:23:00,8.08,24.24,-67.52
2485,03/19/2026 09:24:00,8.08,24.24,-67.55
2486,03/19/2026 09:25:00,8.08,24.27,-67.58
2487,03/19/2026 09:26:00,8.08,24.27,-67.60
2488,03/19/2026 09:27:00,8.08,24.27,-67.61
2489,03/19/2026 09:28:00,8.08,24.29,-67.63
2490,03/19/2026 09:29:00,8.08,24.29,-67.66