Instrument,Tank,Time,DateTime,  BV (Volts),Temperature,DO,  Q ()
MiniDot1,Tank24,1773704760,3/16/26 13:46,2.69,20.759,8.12,0.947
MiniDot1,Tank24,1773704880,3/16/26 13:48,2.69,20.617,8.14,0.947
MiniDot1,Tank24,1773705000,3/16/26 13:50,2.69,20.5,8.158,0.947
MiniDot1,Tank24,1773705120,3/16/26 13:52,2.69,20.391,8.174,0.948
MiniDot1,Tank24,1773705240,3/16/26 13:54,2.69,20.299,8.178,0.947
MiniDot1,Tank24,1773705360,3/16/26 13:56,2.69,19.722,7.482,0.939
MiniDot1,Tank24,1773705480,3/16/26 13:58,2.7,16.927,7.735,0.94
MiniDot1,Tank24,1773705600,3/16/26 14:00,2.7,15.684,8.075,0.94
MiniDot1,Tank24,1773705720,3/16/26 14:02,2.7,15.136,8.239,0.941
MiniDot1,Tank24,1773705840,3/16/26 14:04,2.7,14.8,8.643,0.941
MiniDot1,Tank24,1773705960,3/16/26 14:06,2.7,14.619,8.863,0.942
MiniDot1,Tank24,1773706080,3/16/26 14:08,2.7,14.498,8.988,0.943
MiniDot1,Tank24,1773706200,3/16/26 14:10,2.7,14.455,9.046,0.942
MiniDot1,Tank24,1773706320,3/16/26 14:12,2.7,14.403,9.109,0.943
MiniDot1,Tank24,1773706440,3/16/26 14:14,2.7,14.377,9.14,0.943
MiniDot1,Tank24,1773706560,3/16/26 14:16,2.7,14.368,9.154,0.943
MiniDot1,Tank24,1773706680,3/16/26 14:18,2.7,14.351,9.179,0.943
MiniDot1,Tank24,1773706800,3/16/26 14:20,2.7,14.368,9.186,0.944
MiniDot1,Tank24,1773706920,3/16/26 14:22,2.7,14.351,9.208,0.944
MiniDot1,Tank24,1773707040,3/16/26 14:24,2.7,14.386,9.199,0.944
MiniDot1,Tank24,1773707160,3/16/26 14:26,2.7,14.386,9.21,0.944
MiniDot1,Tank24,1773707280,3/16/26 14:28,2.7,14.42,9.188,0.944
MiniDot1,Tank24,1773707400,3/16/26 14:30,2.7,14.429,9.196,0.944
MiniDot1,Tank24,1773707520,3/16/26 14:32,2.7,14.455,9.189,0.944
MiniDot1,Tank24,1773707640,3/16/26 14:34,2.7,14.463,9.207,0.945
MiniDot1,Tank24,1773707760,3/16/26 14:36,2.7,14.498,9.197,0.945
MiniDot1,Tank24,1773707880,3/16/26 14:38,2.7,14.524,9.192,0.944
MiniDot1,Tank24,1773708000,3/16/26 14:40,2.7,14.533,9.21,0.945
MiniDot1,Tank24,1773708120,3/16/26 14:42,2.7,14.576,9.178,0.944
MiniDot1,Tank24,1773708240,3/16/26 14:44,2.7,14.593,9.193,0.945
MiniDot1,Tank24,1773708360,3/16/26 14:46,2.7,14.619,9.172,0.944
MiniDot1,Tank24,1773708480,3/16/26 14:48,2.7,14.636,9.18,0.945
MiniDot1,Tank24,1773708600,3/16/26 14:50,2.7,14.679,9.161,0.944
MiniDot1,Tank24,1773708720,3/16/26 14:52,2.7,14.705,9.164,0.945
MiniDot1,Tank24,1773708840,3/16/26 14:54,2.7,14.74,9.156,0.945
MiniDot1,Tank24,1773708960,3/16/26 14:56,2.7,14.774,9.126,0.944
MiniDot1,Tank24,1773709080,3/16/26 14:58,2.7,14.791,9.147,0.945
MiniDot1,Tank24,1773709200,3/16/26 15:00,2.7,14.826,9.132,0.944
MiniDot1,Tank24,1773709320,3/16/26 15:02,2.7,14.852,9.152,0.946
MiniDot1,Tank24,1773709440,3/16/26 15:04,2.7,14.86,9.145,0.946
MiniDot1,Tank24,1773709560,3/16/26 15:06,2.7,14.903,9.122,0.944
MiniDot1,Tank24,1773709680,3/16/26 15:08,2.7,14.929,9.135,0.945
MiniDot1,Tank24,1773709800,3/16/26 15:10,2.7,14.964,9.113,0.944
MiniDot1,Tank24,1773709920,3/16/26 15:12,2.7,14.981,9.108,0.944
MiniDot1,Tank24,1773710040,3/16/26 15:14,2.7,14.998,9.104,0.945
MiniDot1,Tank24,1773710160,3/16/26 15:16,2.7,15.032,9.106,0.945
MiniDot1,Tank24,1773710280,3/16/26 15:18,2.7,15.058,9.098,0.945
MiniDot1,Tank24,1773710400,3/16/26 15:20,2.7,15.075,9.09,0.944
MiniDot1,Tank24,1773710520,3/16/26 15:22,2.7,15.11,9.109,0.946
MiniDot1,Tank24,1773710640,3/16/26 15:24,2.7,15.127,9.096,0.946
MiniDot1,Tank24,1773710760,3/16/26 15:26,2.7,15.161,9.085,0.945
MiniDot1,Tank24,1773710880,3/16/26 15:28,2.7,15.196,9.066,0.944
MiniDot1,Tank24,1773711000,3/16/26 15:30,2.7,15.213,9.051,0.944
MiniDot1,Tank24,1773711120,3/16/26 15:32,2.7,15.23,9.076,0.946
MiniDot1,Tank24,1773711240,3/16/26 15:34,2.7,15.281,9.045,0.945
MiniDot1,Tank24,1773711360,3/16/26 15:36,2.7,15.29,9.05,0.945
MiniDot1,Tank24,1773711480,3/16/26 15:38,2.7,15.324,9.047,0.945
MiniDot1,Tank24,1773711600,3/16/26 15:40,2.7,15.35,9.051,0.945
MiniDot1,Tank24,1773711720,3/16/26 15:42,2.7,15.367,9.044,0.945
MiniDot1,Tank24,1773711840,3/16/26 15:44,2.7,15.402,9.02,0.944
MiniDot1,Tank24,1773711960,3/16/26 15:46,2.7,15.436,9.019,0.945
MiniDot1,Tank24,1773712080,3/16/26 15:48,2.69,15.453,9.007,0.944
MiniDot1,Tank24,1773712200,3/16/26 15:50,2.69,15.47,9.01,0.945
MiniDot1,Tank24,1773712320,3/16/26 15:52,2.69,15.504,9.004,0.945
MiniDot1,Tank24,1773712440,3/16/26 15:54,2.69,15.513,8.998,0.944
MiniDot1,Tank24,1773712560,3/16/26 15:56,2.69,15.53,9.017,0.945
MiniDot1,Tank24,1773712680,3/16/26 15:58,2.69,15.547,9.013,0.946
MiniDot1,Tank24,1773712800,3/16/26 16:00,2.69,15.581,8.999,0.945
MiniDot1,Tank24,1773712920,3/16/26 16:02,2.69,15.607,8.99,0.945
MiniDot1,Tank24,1773713040,3/16/26 16:04,2.69,15.624,8.981,0.945
MiniDot1,Tank24,1773713160,3/16/26 16:06,2.7,15.65,8.988,0.945
MiniDot1,Tank24,1773713280,3/16/26 16:08,2.7,15.693,8.984,0.945
MiniDot1,Tank24,1773713400,3/16/26 16:10,2.7,15.71,8.974,0.945
MiniDot1,Tank24,1773713520,3/16/26 16:12,2.7,15.735,8.98,0.946
MiniDot1,Tank24,1773713640,3/16/26 16:14,2.7,15.752,8.976,0.945
MiniDot1,Tank24,1773713760,3/16/26 16:16,2.7,15.778,8.953,0.944
MiniDot1,Tank24,1773713880,3/16/26 16:18,2.7,15.804,8.954,0.945
MiniDot1,Tank24,1773714000,3/16/26 16:20,2.7,15.829,8.935,0.944
MiniDot1,Tank24,1773714120,3/16/26 16:22,2.7,15.855,8.95,0.945
MiniDot1,Tank24,1773714240,3/16/26 16:24,2.7,15.872,8.946,0.945
MiniDot1,Tank24,1773714360,3/16/26 16:26,2.7,15.898,8.931,0.945
MiniDot1,Tank24,1773714480,3/16/26 16:28,2.7,15.915,8.938,0.945
MiniDot1,Tank24,1773714600,3/16/26 16:30,2.7,15.932,8.927,0.945
MiniDot1,Tank24,1773714720,3/16/26 16:32,2.7,15.957,8.933,0.946
MiniDot1,Tank24,1773714840,3/16/26 16:34,2.7,15.966,8.919,0.945
MiniDot1,Tank24,1773714960,3/16/26 16:36,2.7,15.991,8.917,0.945
MiniDot1,Tank24,1773715080,3/16/26 16:38,2.7,16.009,8.913,0.945
MiniDot1,Tank24,1773715200,3/16/26 16:40,2.7,16.034,8.916,0.945
MiniDot1,Tank24,1773715320,3/16/26 16:42,2.7,16.068,8.904,0.945
MiniDot1,Tank24,1773715440,3/16/26 16:44,2.7,16.102,8.89,0.945
MiniDot1,Tank24,1773715560,3/16/26 16:46,2.7,16.111,8.907,0.946
MiniDot1,Tank24,1773715680,3/16/26 16:48,2.7,16.128,8.899,0.945
MiniDot1,Tank24,1773715800,3/16/26 16:50,2.7,16.145,8.884,0.945
MiniDot1,Tank24,1773715920,3/16/26 16:52,2.7,16.17,8.884,0.945
MiniDot1,Tank24,1773716040,3/16/26 16:54,2.7,16.196,8.882,0.945
MiniDot1,Tank24,1773716160,3/16/26 16:56,2.7,16.222,8.872,0.945
MiniDot1,Tank24,1773716280,3/16/26 16:58,2.7,16.239,8.861,0.944
MiniDot1,Tank24,1773716400,3/16/26 17:00,2.7,16.256,8.871,0.945
MiniDot1,Tank24,1773716520,3/16/26 17:02,2.7,16.264,8.873,0.945
MiniDot1,Tank24,1773716640,3/16/26 17:04,2.7,16.281,8.868,0.945
MiniDot1,Tank24,1773716760,3/16/26 17:06,2.7,16.307,8.875,0.946
MiniDot1,Tank24,1773716880,3/16/26 17:08,2.7,16.332,8.854,0.945
MiniDot1,Tank24,1773717000,3/16/26 17:10,2.7,16.349,8.852,0.945
MiniDot1,Tank24,1773717120,3/16/26 17:12,2.7,16.349,8.863,0.946
MiniDot1,Tank24,1773717240,3/16/26 17:14,2.69,16.392,8.849,0.945
MiniDot1,Tank24,1773717360,3/16/26 17:16,2.69,16.4,8.842,0.945
MiniDot1,Tank24,1773717480,3/16/26 17:18,2.69,16.409,8.844,0.945
MiniDot1,Tank24,1773717600,3/16/26 17:20,2.69,16.417,8.861,0.946
MiniDot1,Tank24,1773717720,3/16/26 17:22,2.69,16.46,8.82,0.945
MiniDot1,Tank24,1773717840,3/16/26 17:24,2.69,16.494,8.828,0.945
MiniDot1,Tank24,1773717960,3/16/26 17:26,2.69,16.494,8.843,0.946
MiniDot1,Tank24,1773718080,3/16/26 17:28,2.69,16.494,8.829,0.945
MiniDot1,Tank24,1773718200,3/16/26 17:30,2.69,16.519,8.837,0.945
MiniDot1,Tank24,1773718320,3/16/26 17:32,2.69,16.545,8.815,0.945
MiniDot1,Tank24,1773718440,3/16/26 17:34,2.69,16.562,8.814,0.945
MiniDot1,Tank24,1773718560,3/16/26 17:36,2.69,16.596,8.815,0.945
MiniDot1,Tank24,1773718680,3/16/26 17:38,2.69,16.604,8.803,0.944
MiniDot1,Tank24,1773718800,3/16/26 17:40,2.69,16.613,8.805,0.945
MiniDot1,Tank24,1773718920,3/16/26 17:42,2.69,16.647,8.811,0.946
MiniDot1,Tank24,1773719040,3/16/26 17:44,2.69,16.664,8.801,0.945
MiniDot1,Tank24,1773719160,3/16/26 17:46,2.69,16.672,8.786,0.945
MiniDot1,Tank24,1773719280,3/16/26 17:48,2.69,16.689,8.805,0.946
MiniDot1,Tank24,1773719400,3/16/26 17:50,2.69,16.715,8.788,0.945
MiniDot1,Tank24,1773719520,3/16/26 17:52,2.69,16.723,8.792,0.946
MiniDot1,Tank24,1773719640,3/16/26 17:54,2.69,16.74,8.783,0.945
MiniDot1,Tank24,1773719760,3/16/26 17:56,2.69,16.766,8.779,0.945
MiniDot1,Tank24,1773719880,3/16/26 17:58,2.7,16.783,8.789,0.946
MiniDot1,Tank24,1773720000,3/16/26 18:00,2.7,16.817,8.757,0.944
MiniDot1,Tank24,1773720120,3/16/26 18:02,2.7,16.825,8.773,0.945
MiniDot1,Tank24,1773720240,3/16/26 18:04,2.7,16.825,8.774,0.945
MiniDot1,Tank24,1773720360,3/16/26 18:06,2.7,16.833,8.771,0.945
MiniDot1,Tank24,1773720480,3/16/26 18:08,2.7,16.859,8.758,0.945
MiniDot1,Tank24,1773720600,3/16/26 18:10,2.7,16.867,8.761,0.945
MiniDot1,Tank24,1773720720,3/16/26 18:12,2.7,16.901,8.76,0.945
MiniDot1,Tank24,1773720840,3/16/26 18:14,2.7,16.91,8.761,0.945
MiniDot1,Tank24,1773720960,3/16/26 18:16,2.7,16.935,8.749,0.945
MiniDot1,Tank24,1773721080,3/16/26 18:18,2.7,16.944,8.752,0.945
MiniDot1,Tank24,1773721200,3/16/26 18:20,2.7,16.952,8.75,0.945
MiniDot1,Tank24,1773721320,3/16/26 18:22,2.7,16.969,8.759,0.946
MiniDot1,Tank24,1773721440,3/16/26 18:24,2.7,16.986,8.748,0.945
MiniDot1,Tank24,1773721560,3/16/26 18:26,2.7,16.995,8.741,0.945
MiniDot1,Tank24,1773721680,3/16/26 18:28,2.7,17.011,8.747,0.946
MiniDot1,Tank24,1773721800,3/16/26 18:30,2.7,17.028,8.739,0.945
MiniDot1,Tank24,1773721920,3/16/26 18:32,2.7,17.054,8.732,0.945
MiniDot1,Tank24,1773722040,3/16/26 18:34,2.7,17.062,8.73,0.945
MiniDot1,Tank24,1773722160,3/16/26 18:36,2.7,17.071,8.73,0.945
MiniDot1,Tank24,1773722280,3/16/26 18:38,2.7,17.096,8.73,0.945
MiniDot1,Tank24,1773722400,3/16/26 18:40,2.7,17.113,8.738,0.946
MiniDot1,Tank24,1773722520,3/16/26 18:42,2.7,17.122,8.718,0.945
MiniDot1,Tank24,1773722640,3/16/26 18:44,2.7,17.139,8.713,0.945
MiniDot1,Tank24,1773722760,3/16/26 18:46,2.7,17.164,8.713,0.945
MiniDot1,Tank24,1773722880,3/16/26 18:48,2.7,17.181,8.717,0.946
MiniDot1,Tank24,1773723000,3/16/26 18:50,2.7,17.189,8.708,0.945
MiniDot1,Tank24,1773723120,3/16/26 18:52,2.7,17.206,8.703,0.945
MiniDot1,Tank24,1773723240,3/16/26 18:54,2.7,17.215,8.703,0.945
MiniDot1,Tank24,1773723360,3/16/26 18:56,2.7,17.223,8.705,0.946
MiniDot1,Tank24,1773723480,3/16/26 18:58,2.7,17.24,8.707,0.946
MiniDot1,Tank24,1773723600,3/16/26 19:00,2.69,17.257,8.704,0.946
MiniDot1,Tank24,1773723720,3/16/26 19:02,2.69,17.274,8.698,0.946
MiniDot1,Tank24,1773723840,3/16/26 19:04,2.69,17.291,8.681,0.945
MiniDot1,Tank24,1773723960,3/16/26 19:06,2.69,17.291,8.7,0.946
MiniDot1,Tank24,1773724080,3/16/26 19:08,2.69,17.325,8.689,0.946
MiniDot1,Tank24,1773724200,3/16/26 19:10,2.69,17.342,8.685,0.946
MiniDot1,Tank24,1773724320,3/16/26 19:12,2.69,17.35,8.7,0.946
MiniDot1,Tank24,1773724440,3/16/26 19:14,2.69,17.358,8.686,0.946
MiniDot1,Tank24,1773724560,3/16/26 19:16,2.69,17.367,8.683,0.945
MiniDot1,Tank24,1773724680,3/16/26 19:18,2.69,17.375,8.69,0.946
MiniDot1,Tank24,1773724800,3/16/26 19:20,2.69,17.392,8.675,0.945
MiniDot1,Tank24,1773724920,3/16/26 19:22,2.69,17.418,8.677,0.946
MiniDot1,Tank24,1773725040,3/16/26 19:24,2.69,17.435,8.664,0.946
MiniDot1,Tank24,1773725160,3/16/26 19:26,2.69,17.443,8.665,0.945
MiniDot1,Tank24,1773725280,3/16/26 19:28,2.69,17.443,8.669,0.945
MiniDot1,Tank24,1773725400,3/16/26 19:30,2.69,17.46,8.66,0.945
MiniDot1,Tank24,1773725520,3/16/26 19:32,2.69,17.477,8.655,0.945
MiniDot1,Tank24,1773725640,3/16/26 19:34,2.69,17.485,8.67,0.946
MiniDot1,Tank24,1773725760,3/16/26 19:36,2.69,17.511,8.667,0.946
MiniDot1,Tank24,1773725880,3/16/26 19:38,2.69,17.528,8.654,0.946
MiniDot1,Tank24,1773726000,3/16/26 19:40,2.69,17.536,8.66,0.946
MiniDot1,Tank24,1773726120,3/16/26 19:42,2.69,17.528,8.649,0.945
MiniDot1,Tank24,1773726240,3/16/26 19:44,2.69,17.553,8.662,0.946
MiniDot1,Tank24,1773726360,3/16/26 19:46,2.69,17.57,8.654,0.946
MiniDot1,Tank24,1773726480,3/16/26 19:48,2.69,17.578,8.644,0.945
MiniDot1,Tank24,1773726600,3/16/26 19:50,2.69,17.587,8.654,0.946
MiniDot1,Tank24,1773726720,3/16/26 19:52,2.69,17.604,8.643,0.945
MiniDot1,Tank24,1773726840,3/16/26 19:54,2.69,17.629,8.631,0.945
MiniDot1,Tank24,1773726960,3/16/26 19:56,2.69,17.62,8.644,0.946
MiniDot1,Tank24,1773727080,3/16/26 19:58,2.69,17.646,8.642,0.946
MiniDot1,Tank24,1773727200,3/16/26 20:00,2.69,17.637,8.636,0.945
MiniDot1,Tank24,1773727320,3/16/26 20:02,2.69,17.663,8.646,0.946
MiniDot1,Tank24,1773727440,3/16/26 20:04,2.69,17.671,8.646,0.946
MiniDot1,Tank24,1773727560,3/16/26 20:06,2.69,17.696,8.627,0.945
MiniDot1,Tank24,1773727680,3/16/26 20:08,2.69,17.696,8.629,0.945
MiniDot1,Tank24,1773727800,3/16/26 20:10,2.69,17.713,8.625,0.945
MiniDot1,Tank24,1773727920,3/16/26 20:12,2.69,17.722,8.623,0.945
MiniDot1,Tank24,1773728040,3/16/26 20:14,2.69,17.739,8.629,0.946
MiniDot1,Tank24,1773728160,3/16/26 20:16,2.69,17.722,8.639,0.946
MiniDot1,Tank24,1773728280,3/16/26 20:18,2.69,17.764,8.605,0.945
MiniDot1,Tank24,1773728400,3/16/26 20:20,2.69,17.772,8.61,0.946
MiniDot1,Tank24,1773728520,3/16/26 20:22,2.69,17.781,8.606,0.945
MiniDot1,Tank24,1773728640,3/16/26 20:24,2.69,17.806,8.612,0.946
MiniDot1,Tank24,1773728760,3/16/26 20:26,2.69,17.814,8.603,0.946
MiniDot1,Tank24,1773728880,3/16/26 20:28,2.69,17.806,8.623,0.946
MiniDot1,Tank24,1773729000,3/16/26 20:30,2.69,17.831,8.603,0.946
MiniDot1,Tank24,1773729120,3/16/26 20:32,2.69,17.865,8.592,0.945
MiniDot1,Tank24,1773729240,3/16/26 20:34,2.69,17.857,8.606,0.946
MiniDot1,Tank24,1773729360,3/16/26 20:36,2.69,17.882,8.595,0.946
MiniDot1,Tank24,1773729480,3/16/26 20:38,2.69,17.874,8.597,0.946
MiniDot1,Tank24,1773729600,3/16/26 20:40,2.69,17.89,8.591,0.946
MiniDot1,Tank24,1773729720,3/16/26 20:42,2.7,17.899,8.59,0.946
MiniDot1,Tank24,1773729840,3/16/26 20:44,2.69,17.899,8.579,0.945
MiniDot1,Tank24,1773729960,3/16/26 20:46,2.7,17.916,8.58,0.945
MiniDot1,Tank24,1773730080,3/16/26 20:48,2.7,17.916,8.59,0.946
MiniDot1,Tank24,1773730200,3/16/26 20:50,2.7,17.941,8.589,0.946
MiniDot1,Tank24,1773730320,3/16/26 20:52,2.7,17.958,8.6,0.946
MiniDot1,Tank24,1773730440,3/16/26 20:54,2.7,17.949,8.574,0.945
MiniDot1,Tank24,1773730560,3/16/26 20:56,2.7,17.992,8.578,0.946
MiniDot1,Tank24,1773730680,3/16/26 20:58,2.7,17.983,8.575,0.945
MiniDot1,Tank24,1773730800,3/16/26 21:00,2.7,18.008,8.569,0.945
MiniDot1,Tank24,1773730920,3/16/26 21:02,2.7,18.017,8.577,0.946
MiniDot1,Tank24,1773731040,3/16/26 21:04,2.7,18.025,8.574,0.946
MiniDot1,Tank24,1773731160,3/16/26 21:06,2.69,18.017,8.565,0.945
MiniDot1,Tank24,1773731280,3/16/26 21:08,2.69,18.051,8.573,0.946
MiniDot1,Tank24,1773731400,3/16/26 21:10,2.69,18.051,8.579,0.946
MiniDot1,Tank24,1773731520,3/16/26 21:12,2.69,18.051,8.571,0.946
MiniDot1,Tank24,1773731640,3/16/26 21:14,2.7,18.059,8.557,0.945
MiniDot1,Tank24,1773731760,3/16/26 21:16,2.69,18.076,8.569,0.946
MiniDot1,Tank24,1773731880,3/16/26 21:18,2.69,18.084,8.571,0.946
MiniDot1,Tank24,1773732000,3/16/26 21:20,2.69,18.101,8.551,0.945
MiniDot1,Tank24,1773732120,3/16/26 21:22,2.69,18.109,8.561,0.946
MiniDot1,Tank24,1773732240,3/16/26 21:24,2.69,18.109,8.555,0.945
MiniDot1,Tank24,1773732360,3/16/26 21:26,2.69,18.135,8.558,0.946
MiniDot1,Tank24,1773732480,3/16/26 21:28,2.69,18.135,8.551,0.946
MiniDot1,Tank24,1773732600,3/16/26 21:30,2.69,18.143,8.544,0.945
MiniDot1,Tank24,1773732720,3/16/26 21:32,2.69,18.16,8.542,0.946
MiniDot1,Tank24,1773732840,3/16/26 21:34,2.69,18.16,8.549,0.946
MiniDot1,Tank24,1773732960,3/16/26 21:36,2.69,18.177,8.555,0.946
MiniDot1,Tank24,1773733080,3/16/26 21:38,2.69,18.177,8.543,0.945
MiniDot1,Tank24,1773733200,3/16/26 21:40,2.69,18.185,8.547,0.946
MiniDot1,Tank24,1773733320,3/16/26 21:42,2.69,18.211,8.541,0.946
MiniDot1,Tank24,1773733440,3/16/26 21:44,2.69,18.202,8.546,0.946
MiniDot1,Tank24,1773733560,3/16/26 21:46,2.69,18.211,8.529,0.945
MiniDot1,Tank24,1773733680,3/16/26 21:48,2.69,18.244,8.517,0.945
MiniDot1,Tank24,1773733800,3/16/26 21:50,2.69,18.244,8.541,0.946
MiniDot1,Tank24,1773733920,3/16/26 21:52,2.69,18.244,8.533,0.946
MiniDot1,Tank24,1773734040,3/16/26 21:54,2.69,18.261,8.529,0.946
MiniDot1,Tank24,1773734160,3/16/26 21:56,2.69,18.295,8.531,0.946
MiniDot1,Tank24,1773734280,3/16/26 21:58,2.69,18.295,8.517,0.945
MiniDot1,Tank24,1773734400,3/16/26 22:00,2.69,18.295,8.523,0.945
MiniDot1,Tank24,1773734520,3/16/26 22:02,2.69,18.295,8.521,0.946
MiniDot1,Tank24,1773734640,3/16/26 22:04,2.69,18.32,8.522,0.946
MiniDot1,Tank24,1773734760,3/16/26 22:06,2.69,18.32,8.523,0.946
MiniDot1,Tank24,1773734880,3/16/26 22:08,2.69,18.32,8.528,0.946
MiniDot1,Tank24,1773735000,3/16/26 22:10,2.69,18.328,8.521,0.946
MiniDot1,Tank24,1773735120,3/16/26 22:12,2.69,18.354,8.514,0.945
MiniDot1,Tank24,1773735240,3/16/26 22:14,2.69,18.354,8.513,0.945
MiniDot1,Tank24,1773735360,3/16/26 22:16,2.69,18.345,8.516,0.946
MiniDot1,Tank24,1773735480,3/16/26 22:18,2.69,18.37,8.513,0.946
MiniDot1,Tank24,1773735600,3/16/26 22:20,2.69,18.37,8.511,0.946
MiniDot1,Tank24,1773735720,3/16/26 22:22,2.69,18.37,8.509,0.945
MiniDot1,Tank24,1773735840,3/16/26 22:24,2.69,18.379,8.517,0.946
MiniDot1,Tank24,1773735960,3/16/26 22:26,2.69,18.404,8.515,0.947
MiniDot1,Tank24,1773736080,3/16/26 22:28,2.69,18.413,8.513,0.947
MiniDot1,Tank24,1773736200,3/16/26 22:30,2.69,18.413,8.496,0.945
MiniDot1,Tank24,1773736320,3/16/26 22:32,2.69,18.429,8.501,0.946
MiniDot1,Tank24,1773736440,3/16/26 22:34,2.69,18.446,8.497,0.946
MiniDot1,Tank24,1773736560,3/16/26 22:36,2.69,18.429,8.499,0.946
MiniDot1,Tank24,1773736680,3/16/26 22:38,2.69,18.463,8.508,0.947
MiniDot1,Tank24,1773736800,3/16/26 22:40,2.69,18.455,8.509,0.946
MiniDot1,Tank24,1773736920,3/16/26 22:42,2.69,18.463,8.499,0.945
MiniDot1,Tank24,1773737040,3/16/26 22:44,2.69,18.48,8.49,0.946
MiniDot1,Tank24,1773737160,3/16/26 22:46,2.69,18.463,8.511,0.947
MiniDot1,Tank24,1773737280,3/16/26 22:48,2.69,18.488,8.49,0.946
MiniDot1,Tank24,1773737400,3/16/26 22:50,2.69,18.488,8.5,0.946
MiniDot1,Tank24,1773737520,3/16/26 22:52,2.69,18.513,8.494,0.946
MiniDot1,Tank24,1773737640,3/16/26 22:54,2.69,18.513,8.494,0.946
MiniDot1,Tank24,1773737760,3/16/26 22:56,2.69,18.53,8.475,0.946
MiniDot1,Tank24,1773737880,3/16/26 22:58,2.69,18.505,8.497,0.946
MiniDot1,Tank24,1773738000,3/16/26 23:00,2.69,18.547,8.48,0.946
MiniDot1,Tank24,1773738120,3/16/26 23:02,2.69,18.547,8.497,0.947
MiniDot1,Tank24,1773738240,3/16/26 23:04,2.69,18.564,8.477,0.945
MiniDot1,Tank24,1773738360,3/16/26 23:06,2.69,18.555,8.483,0.946
MiniDot1,Tank24,1773738480,3/16/26 23:08,2.69,18.572,8.479,0.946
MiniDot1,Tank24,1773738600,3/16/26 23:10,2.69,18.572,8.481,0.946
MiniDot1,Tank24,1773738720,3/16/26 23:12,2.69,18.572,8.479,0.946
MiniDot1,Tank24,1773738840,3/16/26 23:14,2.69,18.589,8.484,0.947
MiniDot1,Tank24,1773738960,3/16/26 23:16,2.69,18.589,8.473,0.945
MiniDot1,Tank24,1773739080,3/16/26 23:18,2.69,18.606,8.479,0.946
MiniDot1,Tank24,1773739200,3/16/26 23:20,2.69,18.614,8.475,0.946
MiniDot1,Tank24,1773739320,3/16/26 23:22,2.69,18.614,8.467,0.945
MiniDot1,Tank24,1773739440,3/16/26 23:24,2.69,18.64,8.465,0.946
MiniDot1,Tank24,1773739560,3/16/26 23:26,2.69,18.648,8.464,0.946
MiniDot1,Tank24,1773739680,3/16/26 23:28,2.69,18.631,8.476,0.946
MiniDot1,Tank24,1773739800,3/16/26 23:30,2.69,18.648,8.464,0.946
MiniDot1,Tank24,1773739920,3/16/26 23:32,2.69,18.648,8.465,0.946
MiniDot1,Tank24,1773740040,3/16/26 23:34,2.69,18.673,8.461,0.946
MiniDot1,Tank24,1773740160,3/16/26 23:36,2.69,18.673,8.456,0.946
MiniDot1,Tank24,1773740280,3/16/26 23:38,2.69,18.682,8.459,0.946
MiniDot1,Tank24,1773740400,3/16/26 23:40,2.69,18.682,8.464,0.947
MiniDot1,Tank24,1773740520,3/16/26 23:42,2.69,18.698,8.45,0.946
MiniDot1,Tank24,1773740640,3/16/26 23:44,2.69,18.698,8.451,0.946
MiniDot1,Tank24,1773740760,3/16/26 23:46,2.69,18.698,8.475,0.947
MiniDot1,Tank24,1773740880,3/16/26 23:48,2.69,18.715,8.459,0.946
MiniDot1,Tank24,1773741000,3/16/26 23:50,2.69,18.715,8.454,0.946
MiniDot1,Tank24,1773741120,3/16/26 23:52,2.69,18.715,8.452,0.946
MiniDot1,Tank24,1773741240,3/16/26 23:54,2.69,18.724,8.458,0.947
MiniDot1,Tank24,1773741360,3/16/26 23:56,2.69,18.74,8.44,0.946
MiniDot1,Tank24,1773741480,3/16/26 23:58,2.69,18.749,8.43,0.945
MiniDot1,Tank24,1773741600,3/17/26 0:00,2.69,18.74,8.451,0.946
MiniDot1,Tank24,1773741720,3/17/26 0:02,2.69,18.766,8.453,0.947
MiniDot1,Tank24,1773741840,3/17/26 0:04,2.69,18.774,8.433,0.946
MiniDot1,Tank24,1773741960,3/17/26 0:06,2.69,18.757,8.443,0.946
MiniDot1,Tank24,1773742080,3/17/26 0:08,2.69,18.782,8.435,0.946
MiniDot1,Tank24,1773742200,3/17/26 0:10,2.69,18.774,8.443,0.946
MiniDot1,Tank24,1773742320,3/17/26 0:12,2.69,18.791,8.442,0.946
MiniDot1,Tank24,1773742440,3/17/26 0:14,2.69,18.791,8.437,0.945
MiniDot1,Tank24,1773742560,3/17/26 0:16,2.69,18.808,8.444,0.947
MiniDot1,Tank24,1773742680,3/17/26 0:18,2.69,18.808,8.432,0.946
MiniDot1,Tank24,1773742800,3/17/26 0:20,2.69,18.808,8.441,0.946
MiniDot1,Tank24,1773742920,3/17/26 0:22,2.69,18.833,8.448,0.947
MiniDot1,Tank24,1773743040,3/17/26 0:24,2.69,18.824,8.42,0.945
MiniDot1,Tank24,1773743160,3/17/26 0:26,2.69,18.841,8.423,0.945
MiniDot1,Tank24,1773743280,3/17/26 0:28,2.69,18.841,8.426,0.946
MiniDot1,Tank24,1773743400,3/17/26 0:30,2.69,18.85,8.43,0.946
MiniDot1,Tank24,1773743520,3/17/26 0:32,2.69,18.841,8.428,0.946
MiniDot1,Tank24,1773743640,3/17/26 0:34,2.69,18.858,8.432,0.946
MiniDot1,Tank24,1773743760,3/17/26 0:36,2.69,18.858,8.423,0.946
MiniDot1,Tank24,1773743880,3/17/26 0:38,2.69,18.858,8.425,0.945
MiniDot1,Tank24,1773744000,3/17/26 0:40,2.69,18.875,8.426,0.946
MiniDot1,Tank24,1773744120,3/17/26 0:42,2.69,18.892,8.419,0.946
MiniDot1,Tank24,1773744240,3/17/26 0:44,2.69,18.892,8.411,0.945
MiniDot1,Tank24,1773744360,3/17/26 0:46,2.69,18.9,8.425,0.946
MiniDot1,Tank24,1773744480,3/17/26 0:48,2.69,18.908,8.414,0.946
MiniDot1,Tank24,1773744600,3/17/26 0:50,2.69,18.908,8.407,0.945
MiniDot1,Tank24,1773744720,3/17/26 0:52,2.69,18.9,8.398,0.945
MiniDot1,Tank24,1773744840,3/17/26 0:54,2.69,18.9,8.41,0.945
MiniDot1,Tank24,1773744960,3/17/26 0:56,2.69,18.917,8.415,0.946
MiniDot1,Tank24,1773745080,3/17/26 0:58,2.69,18.934,8.42,0.946
MiniDot1,Tank24,1773745200,3/17/26 1:00,2.69,18.934,8.407,0.945
MiniDot1,Tank24,1773745320,3/17/26 1:02,2.69,18.934,8.422,0.946
MiniDot1,Tank24,1773745440,3/17/26 1:04,2.69,18.942,8.408,0.945
MiniDot1,Tank24,1773745560,3/17/26 1:06,2.69,18.942,8.417,0.946
MiniDot1,Tank24,1773745680,3/17/26 1:08,2.69,18.959,8.397,0.945
MiniDot1,Tank24,1773745800,3/17/26 1:10,2.69,18.975,8.402,0.946
MiniDot1,Tank24,1773745920,3/17/26 1:12,2.69,18.967,8.396,0.945
MiniDot1,Tank24,1773746040,3/17/26 1:14,2.69,18.975,8.406,0.946
MiniDot1,Tank24,1773746160,3/17/26 1:16,2.69,18.975,8.42,0.946
MiniDot1,Tank24,1773746280,3/17/26 1:18,2.69,18.984,8.402,0.946
MiniDot1,Tank24,1773746400,3/17/26 1:20,2.69,18.992,8.419,0.946
MiniDot1,Tank24,1773746520,3/17/26 1:22,2.69,19.001,8.395,0.945
MiniDot1,Tank24,1773746640,3/17/26 1:24,2.69,19.001,8.4,0.946
MiniDot1,Tank24,1773746760,3/17/26 1:26,2.69,19.017,8.401,0.946
MiniDot1,Tank24,1773746880,3/17/26 1:28,2.69,19.017,8.388,0.945
MiniDot1,Tank24,1773747000,3/17/26 1:30,2.69,19.026,8.393,0.945
MiniDot1,Tank24,1773747120,3/17/26 1:32,2.69,19.017,8.42,0.947
MiniDot1,Tank24,1773747240,3/17/26 1:34,2.69,19.017,8.393,0.946
MiniDot1,Tank24,1773747360,3/17/26 1:36,2.69,19.026,8.405,0.946
MiniDot1,Tank24,1773747480,3/17/26 1:38,2.69,19.026,8.405,0.946
MiniDot1,Tank24,1773747600,3/17/26 1:40,2.69,19.034,8.395,0.946
MiniDot1,Tank24,1773747720,3/17/26 1:42,2.69,19.043,8.384,0.945
MiniDot1,Tank24,1773747840,3/17/26 1:44,2.69,19.059,8.389,0.946
MiniDot1,Tank24,1773747960,3/17/26 1:46,2.69,19.076,8.389,0.946
MiniDot1,Tank24,1773748080,3/17/26 1:48,2.69,19.068,8.388,0.946
MiniDot1,Tank24,1773748200,3/17/26 1:50,2.69,19.085,8.366,0.945
MiniDot1,Tank24,1773748320,3/17/26 1:52,2.69,19.085,8.376,0.945
MiniDot1,Tank24,1773748440,3/17/26 1:54,2.69,19.085,8.374,0.945
MiniDot1,Tank24,1773748560,3/17/26 1:56,2.69,19.085,8.385,0.946
MiniDot1,Tank24,1773748680,3/17/26 1:58,2.69,19.085,8.379,0.946
MiniDot1,Tank24,1773748800,3/17/26 2:00,2.69,19.093,8.372,0.945
MiniDot1,Tank24,1773748920,3/17/26 2:02,2.69,19.093,8.378,0.946
MiniDot1,Tank24,1773749040,3/17/26 2:04,2.69,19.101,8.382,0.946
MiniDot1,Tank24,1773749160,3/17/26 2:06,2.69,19.085,8.386,0.946
MiniDot1,Tank24,1773749280,3/17/26 2:08,2.69,19.118,8.367,0.945
MiniDot1,Tank24,1773749400,3/17/26 2:10,2.69,19.11,8.364,0.945
MiniDot1,Tank24,1773749520,3/17/26 2:12,2.69,19.118,8.363,0.945
MiniDot1,Tank24,1773749640,3/17/26 2:14,2.69,19.118,8.367,0.946
MiniDot1,Tank24,1773749760,3/17/26 2:16,2.69,19.135,8.375,0.946
MiniDot1,Tank24,1773749880,3/17/26 2:18,2.69,19.152,8.37,0.946
MiniDot1,Tank24,1773750000,3/17/26 2:20,2.69,19.127,8.354,0.945
MiniDot1,Tank24,1773750120,3/17/26 2:22,2.69,19.152,8.36,0.946
MiniDot1,Tank24,1773750240,3/17/26 2:24,2.69,19.168,8.351,0.946
MiniDot1,Tank24,1773750360,3/17/26 2:26,2.69,19.16,8.364,0.947
MiniDot1,Tank24,1773750480,3/17/26 2:28,2.69,19.143,8.354,0.945
MiniDot1,Tank24,1773750600,3/17/26 2:30,2.69,19.16,8.364,0.947
MiniDot1,Tank24,1773750720,3/17/26 2:32,2.69,19.16,8.369,0.947
MiniDot1,Tank24,1773750840,3/17/26 2:34,2.69,19.168,8.359,0.946
MiniDot1,Tank24,1773750960,3/17/26 2:36,2.69,19.185,8.353,0.946
MiniDot1,Tank24,1773751080,3/17/26 2:38,2.69,19.168,8.353,0.945
MiniDot1,Tank24,1773751200,3/17/26 2:40,2.69,19.194,8.353,0.946
MiniDot1,Tank24,1773751320,3/17/26 2:42,2.69,19.185,8.343,0.946
MiniDot1,Tank24,1773751440,3/17/26 2:44,2.69,19.202,8.345,0.946
MiniDot1,Tank24,1773751560,3/17/26 2:46,2.69,19.202,8.343,0.946
MiniDot1,Tank24,1773751680,3/17/26 2:48,2.69,19.194,8.347,0.946
MiniDot1,Tank24,1773751800,3/17/26 2:50,2.69,19.202,8.346,0.946
MiniDot1,Tank24,1773751920,3/17/26 2:52,2.69,19.219,8.355,0.946
MiniDot1,Tank24,1773752040,3/17/26 2:54,2.69,19.227,8.35,0.946
MiniDot1,Tank24,1773752160,3/17/26 2:56,2.69,19.227,8.352,0.946
MiniDot1,Tank24,1773752280,3/17/26 2:58,2.69,19.227,8.354,0.946
MiniDot1,Tank24,1773752400,3/17/26 3:00,2.69,19.227,8.347,0.946
MiniDot1,Tank24,1773752520,3/17/26 3:02,2.69,19.244,8.344,0.946
MiniDot1,Tank24,1773752640,3/17/26 3:04,2.69,19.244,8.336,0.945
MiniDot1,Tank24,1773752760,3/17/26 3:06,2.69,19.236,8.351,0.946
MiniDot1,Tank24,1773752880,3/17/26 3:08,2.69,19.261,8.343,0.946
MiniDot1,Tank24,1773753000,3/17/26 3:10,2.69,19.244,8.338,0.945
MiniDot1,Tank24,1773753120,3/17/26 3:12,2.69,19.252,8.349,0.946
MiniDot1,Tank24,1773753240,3/17/26 3:14,2.69,19.269,8.337,0.946
MiniDot1,Tank24,1773753360,3/17/26 3:16,2.69,19.261,8.343,0.946
MiniDot1,Tank24,1773753480,3/17/26 3:18,2.69,19.252,8.347,0.946
MiniDot1,Tank24,1773753600,3/17/26 3:20,2.69,19.269,8.339,0.946
MiniDot1,Tank24,1773753720,3/17/26 3:22,2.69,19.286,8.342,0.946
MiniDot1,Tank24,1773753840,3/17/26 3:24,2.69,19.269,8.354,0.946
MiniDot1,Tank24,1773753960,3/17/26 3:26,2.69,19.278,8.354,0.946
MiniDot1,Tank24,1773754080,3/17/26 3:28,2.69,19.294,8.338,0.946
MiniDot1,Tank24,1773754200,3/17/26 3:30,2.69,19.286,8.353,0.946
MiniDot1,Tank24,1773754320,3/17/26 3:32,2.69,19.286,8.344,0.946
MiniDot1,Tank24,1773754440,3/17/26 3:34,2.69,19.303,8.349,0.946
MiniDot1,Tank24,1773754560,3/17/26 3:36,2.69,19.294,8.344,0.946
MiniDot1,Tank24,1773754680,3/17/26 3:38,2.69,19.328,8.34,0.947
MiniDot1,Tank24,1773754800,3/17/26 3:40,2.69,19.311,8.338,0.946
MiniDot1,Tank24,1773754920,3/17/26 3:42,2.69,19.311,8.341,0.946
MiniDot1,Tank24,1773755040,3/17/26 3:44,2.69,19.311,8.334,0.946
MiniDot1,Tank24,1773755160,3/17/26 3:46,2.69,19.311,8.338,0.946
MiniDot1,Tank24,1773755280,3/17/26 3:48,2.69,19.336,8.331,0.945
MiniDot1,Tank24,1773755400,3/17/26 3:50,2.69,19.345,8.329,0.946
MiniDot1,Tank24,1773755520,3/17/26 3:52,2.69,19.319,8.34,0.946
MiniDot1,Tank24,1773755640,3/17/26 3:54,2.69,19.328,8.336,0.946
MiniDot1,Tank24,1773755760,3/17/26 3:56,2.69,19.345,8.332,0.946
MiniDot1,Tank24,1773755880,3/17/26 3:58,2.69,19.328,8.344,0.947
MiniDot1,Tank24,1773756000,3/17/26 4:00,2.69,19.345,8.335,0.946
MiniDot1,Tank24,1773756120,3/17/26 4:02,2.69,19.345,8.333,0.946
MiniDot1,Tank24,1773756240,3/17/26 4:04,2.69,19.345,8.334,0.946
MiniDot1,Tank24,1773756360,3/17/26 4:06,2.69,19.345,8.329,0.946
MiniDot1,Tank24,1773756480,3/17/26 4:08,2.69,19.361,8.336,0.946
MiniDot1,Tank24,1773756600,3/17/26 4:10,2.69,19.361,8.328,0.945
MiniDot1,Tank24,1773756720,3/17/26 4:12,2.69,19.37,8.329,0.946
MiniDot1,Tank24,1773756840,3/17/26 4:14,2.69,19.37,8.338,0.947
MiniDot1,Tank24,1773756960,3/17/26 4:16,2.69,19.37,8.332,0.946
MiniDot1,Tank24,1773757080,3/17/26 4:18,2.69,19.378,8.314,0.945
MiniDot1,Tank24,1773757200,3/17/26 4:20,2.69,19.37,8.33,0.946
MiniDot1,Tank24,1773757320,3/17/26 4:22,2.69,19.387,8.331,0.946
MiniDot1,Tank24,1773757440,3/17/26 4:24,2.69,19.378,8.329,0.946
MiniDot1,Tank24,1773757560,3/17/26 4:26,2.69,19.387,8.332,0.946
MiniDot1,Tank24,1773757680,3/17/26 4:28,2.69,19.395,8.326,0.946
MiniDot1,Tank24,1773757800,3/17/26 4:30,2.69,19.387,8.328,0.946
MiniDot1,Tank24,1773757920,3/17/26 4:32,2.69,19.403,8.333,0.947
MiniDot1,Tank24,1773758040,3/17/26 4:34,2.69,19.395,8.328,0.946
MiniDot1,Tank24,1773758160,3/17/26 4:36,2.69,19.395,8.322,0.946
MiniDot1,Tank24,1773758280,3/17/26 4:38,2.69,19.412,8.323,0.946
MiniDot1,Tank24,1773758400,3/17/26 4:40,2.69,19.403,8.316,0.946
MiniDot1,Tank24,1773758520,3/17/26 4:42,2.69,19.395,8.332,0.946
MiniDot1,Tank24,1773758640,3/17/26 4:44,2.69,19.42,8.327,0.946
MiniDot1,Tank24,1773758760,3/17/26 4:46,2.69,19.42,8.345,0.947
MiniDot1,Tank24,1773758880,3/17/26 4:48,2.69,19.428,8.325,0.946
MiniDot1,Tank24,1773759000,3/17/26 4:50,2.69,19.42,8.325,0.946
MiniDot1,Tank24,1773759120,3/17/26 4:52,2.69,19.437,8.321,0.946
MiniDot1,Tank24,1773759240,3/17/26 4:54,2.69,19.437,8.32,0.946
MiniDot1,Tank24,1773759360,3/17/26 4:56,2.69,19.437,8.308,0.945
MiniDot1,Tank24,1773759480,3/17/26 4:58,2.69,19.428,8.325,0.946
MiniDot1,Tank24,1773759600,3/17/26 5:00,2.69,19.42,8.322,0.946
MiniDot1,Tank24,1773759720,3/17/26 5:02,2.69,19.437,8.326,0.947
MiniDot1,Tank24,1773759840,3/17/26 5:04,2.69,19.445,8.32,0.946
MiniDot1,Tank24,1773759960,3/17/26 5:06,2.69,19.454,8.308,0.945
MiniDot1,Tank24,1773760080,3/17/26 5:08,2.69,19.437,8.319,0.946
MiniDot1,Tank24,1773760200,3/17/26 5:10,2.69,19.454,8.321,0.946
MiniDot1,Tank24,1773760320,3/17/26 5:12,2.69,19.445,8.33,0.947
MiniDot1,Tank24,1773760440,3/17/26 5:14,2.69,19.454,8.318,0.946
MiniDot1,Tank24,1773760560,3/17/26 5:16,2.69,19.47,8.326,0.947
MiniDot1,Tank24,1773760680,3/17/26 5:18,2.69,19.454,8.33,0.947
MiniDot1,Tank24,1773760800,3/17/26 5:20,2.69,19.487,8.317,0.946
MiniDot1,Tank24,1773760920,3/17/26 5:22,2.69,19.47,8.325,0.947
MiniDot1,Tank24,1773761040,3/17/26 5:24,2.69,19.479,8.316,0.946
MiniDot1,Tank24,1773761160,3/17/26 5:26,2.69,19.496,8.317,0.946
MiniDot1,Tank24,1773761280,3/17/26 5:28,2.69,19.487,8.311,0.946
MiniDot1,Tank24,1773761400,3/17/26 5:30,2.69,19.479,8.314,0.946
MiniDot1,Tank24,1773761520,3/17/26 5:32,2.69,19.496,8.302,0.945
MiniDot1,Tank24,1773761640,3/17/26 5:34,2.69,19.512,8.308,0.946
MiniDot1,Tank24,1773761760,3/17/26 5:36,2.69,19.504,8.316,0.946
MiniDot1,Tank24,1773761880,3/17/26 5:38,2.69,19.496,8.321,0.947
MiniDot1,Tank24,1773762000,3/17/26 5:40,2.69,19.496,8.325,0.947
MiniDot1,Tank24,1773762120,3/17/26 5:42,2.69,19.496,8.334,0.947
MiniDot1,Tank24,1773762240,3/17/26 5:44,2.69,19.496,8.334,0.947
MiniDot1,Tank24,1773762360,3/17/26 5:46,2.69,19.504,8.32,0.947
MiniDot1,Tank24,1773762480,3/17/26 5:48,2.69,19.512,8.317,0.946
MiniDot1,Tank24,1773762600,3/17/26 5:50,2.69,19.512,8.32,0.946
MiniDot1,Tank24,1773762720,3/17/26 5:52,2.69,19.512,8.322,0.947
MiniDot1,Tank24,1773762840,3/17/26 5:54,2.69,19.529,8.317,0.946
MiniDot1,Tank24,1773762960,3/17/26 5:56,2.69,19.521,8.319,0.946
MiniDot1,Tank24,1773763080,3/17/26 5:58,2.69,19.504,8.316,0.946
MiniDot1,Tank24,1773763200,3/17/26 6:00,2.69,19.521,8.316,0.946
MiniDot1,Tank24,1773763320,3/17/26 6:02,2.69,19.521,8.334,0.947
MiniDot1,Tank24,1773763440,3/17/26 6:04,2.69,19.546,8.309,0.946
MiniDot1,Tank24,1773763560,3/17/26 6:06,2.69,19.537,8.306,0.946
MiniDot1,Tank24,1773763680,3/17/26 6:08,2.69,19.521,8.335,0.947
MiniDot1,Tank24,1773763800,3/17/26 6:10,2.69,19.537,8.303,0.946
MiniDot1,Tank24,1773763920,3/17/26 6:12,2.69,19.554,8.307,0.946
MiniDot1,Tank24,1773764040,3/17/26 6:14,2.69,19.537,8.311,0.946
MiniDot1,Tank24,1773764160,3/17/26 6:16,2.69,19.554,8.306,0.946
MiniDot1,Tank24,1773764280,3/17/26 6:18,2.69,19.546,8.311,0.946
MiniDot1,Tank24,1773764400,3/17/26 6:20,2.69,19.554,8.326,0.947
MiniDot1,Tank24,1773764520,3/17/26 6:22,2.69,19.546,8.297,0.945
MiniDot1,Tank24,1773764640,3/17/26 6:24,2.69,19.563,8.301,0.946
MiniDot1,Tank24,1773764760,3/17/26 6:26,2.69,19.554,8.312,0.946
MiniDot1,Tank24,1773764880,3/17/26 6:28,2.69,19.554,8.308,0.946
MiniDot1,Tank24,1773765000,3/17/26 6:30,2.69,19.563,8.318,0.946
MiniDot1,Tank24,1773765120,3/17/26 6:32,2.69,19.554,8.307,0.946
MiniDot1,Tank24,1773765240,3/17/26 6:34,2.69,19.571,8.303,0.946
MiniDot1,Tank24,1773765360,3/17/26 6:36,2.69,19.554,8.291,0.945
MiniDot1,Tank24,1773765480,3/17/26 6:38,2.69,19.554,8.316,0.947
MiniDot1,Tank24,1773765600,3/17/26 6:40,2.69,19.571,8.299,0.946
MiniDot1,Tank24,1773765720,3/17/26 6:42,2.69,19.554,8.31,0.946
MiniDot1,Tank24,1773765840,3/17/26 6:44,2.69,19.571,8.29,0.945
MiniDot1,Tank24,1773765960,3/17/26 6:46,2.69,19.579,8.3,0.946
MiniDot1,Tank24,1773766080,3/17/26 6:48,2.69,19.588,8.317,0.947
MiniDot1,Tank24,1773766200,3/17/26 6:50,2.69,19.596,8.318,0.947
MiniDot1,Tank24,1773766320,3/17/26 6:52,2.69,19.579,8.312,0.946
MiniDot1,Tank24,1773766440,3/17/26 6:54,2.69,19.579,8.314,0.947
MiniDot1,Tank24,1773766560,3/17/26 6:56,2.69,19.571,8.298,0.946
MiniDot1,Tank24,1773766680,3/17/26 6:58,2.69,19.588,8.3,0.946
MiniDot1,Tank24,1773766800,3/17/26 7:00,2.69,19.604,8.302,0.946
MiniDot1,Tank24,1773766920,3/17/26 7:02,2.69,19.604,8.302,0.947
MiniDot1,Tank24,1773767040,3/17/26 7:04,2.69,19.588,8.305,0.946
MiniDot1,Tank24,1773767160,3/17/26 7:06,2.69,19.613,8.304,0.946
MiniDot1,Tank24,1773767280,3/17/26 7:08,2.69,19.596,8.31,0.946
MiniDot1,Tank24,1773767400,3/17/26 7:10,2.69,19.613,8.296,0.946
MiniDot1,Tank24,1773767520,3/17/26 7:12,2.69,19.621,8.3,0.946
MiniDot1,Tank24,1773767640,3/17/26 7:14,2.69,19.596,8.308,0.946
MiniDot1,Tank24,1773767760,3/17/26 7:16,2.69,19.604,8.31,0.946
MiniDot1,Tank24,1773767880,3/17/26 7:18,2.69,19.604,8.328,0.947
MiniDot1,Tank24,1773768000,3/17/26 7:20,2.69,19.613,8.3,0.946
MiniDot1,Tank24,1773768120,3/17/26 7:22,2.69,19.621,8.301,0.947
MiniDot1,Tank24,1773768240,3/17/26 7:24,2.69,19.621,8.311,0.947
MiniDot1,Tank24,1773768360,3/17/26 7:26,2.69,19.638,8.302,0.946
MiniDot1,Tank24,1773768480,3/17/26 7:28,2.69,19.63,8.304,0.947
MiniDot1,Tank24,1773768600,3/17/26 7:30,2.69,19.655,8.286,0.946
MiniDot1,Tank24,1773768720,3/17/26 7:32,2.69,19.663,8.299,0.947
MiniDot1,Tank24,1773768840,3/17/26 7:34,2.69,19.671,8.292,0.946
MiniDot1,Tank24,1773768960,3/17/26 7:36,2.69,19.646,8.307,0.947
MiniDot1,Tank24,1773769080,3/17/26 7:38,2.69,19.68,8.296,0.947
MiniDot1,Tank24,1773769200,3/17/26 7:40,2.69,19.68,8.292,0.946
MiniDot1,Tank24,1773769320,3/17/26 7:42,2.69,19.68,8.292,0.946
MiniDot1,Tank24,1773769440,3/17/26 7:44,2.69,19.68,8.288,0.946
MiniDot1,Tank24,1773769560,3/17/26 7:46,2.69,19.705,8.283,0.946
MiniDot1,Tank24,1773769680,3/17/26 7:48,2.69,19.705,8.294,0.947
MiniDot1,Tank24,1773769800,3/17/26 7:50,2.69,19.697,8.299,0.947
MiniDot1,Tank24,1773769920,3/17/26 7:52,2.69,19.705,8.284,0.946
MiniDot1,Tank24,1773770040,3/17/26 7:54,2.69,19.722,8.288,0.946
MiniDot1,Tank24,1773770160,3/17/26 7:56,2.69,19.722,8.289,0.947
MiniDot1,Tank24,1773770280,3/17/26 7:58,2.69,19.713,8.294,0.947
MiniDot1,Tank24,1773770400,3/17/26 8:00,2.69,19.722,8.282,0.947
MiniDot1,Tank24,1773770520,3/17/26 8:02,2.69,19.747,8.287,0.947
MiniDot1,Tank24,1773770640,3/17/26 8:04,2.69,19.755,8.28,0.946
MiniDot1,Tank24,1773770760,3/17/26 8:06,2.69,19.764,8.27,0.946
MiniDot1,Tank24,1773770880,3/17/26 8:08,2.69,19.73,8.287,0.946
MiniDot1,Tank24,1773771000,3/17/26 8:10,2.69,19.764,8.279,0.946
MiniDot1,Tank24,1773771120,3/17/26 8:12,2.69,19.772,8.175,0.948
MiniDot1,Tank24,1773771240,3/17/26 8:14,2.69,19.537,5.739,0.937
MiniDot1,Tank24,1773771360,3/17/26 8:16,2.69,19.663,1.679,0.797
MiniDot1,Tank24,1773771480,3/17/26 8:18,2.69,19.713,1.944,0.808
MiniDot1,Tank24,1773771600,3/17/26 8:20,2.69,19.755,1.827,0.814
MiniDot1,Tank24,1773771720,3/17/26 8:22,2.69,19.772,1.768,0.826
MiniDot1,Tank24,1773771840,3/17/26 8:24,2.69,19.805,1.702,0.837
MiniDot1,Tank24,1773771960,3/17/26 8:26,2.69,19.805,1.668,0.847
MiniDot1,Tank24,1773772080,3/17/26 8:28,2.69,19.831,1.595,0.856
MiniDot1,Tank24,1773772200,3/17/26 8:30,2.68,19.864,1.522,0.865
MiniDot1,Tank24,1773772320,3/17/26 8:32,2.68,19.847,1.466,0.874
MiniDot1,Tank24,1773772440,3/17/26 8:34,2.69,19.881,1.397,0.881
MiniDot1,Tank24,1773772560,3/17/26 8:36,2.69,19.864,8.098,0.945
MiniDot1,Tank24,1773772680,3/17/26 8:38,2.68,19.814,8.121,0.945
MiniDot1,Tank24,1773772800,3/17/26 8:40,2.68,19.814,8.13,0.946
MiniDot1,Tank24,1773791340,3/17/26 13:49,2.68,22.59,7.839,0.947
MiniDot1,Tank24,1773791460,3/17/26 13:51,2.68,22.924,7.796,0.948
MiniDot1,Tank24,1773791580,3/17/26 13:53,2.68,23.376,7.695,0.947
MiniDot1,Tank24,1773791700,3/17/26 13:55,2.68,23.577,7.66,0.947
MiniDot1,Tank24,1773791820,3/17/26 13:57,2.68,23.887,7.727,0.945
MiniDot1,Tank24,1773791940,3/17/26 13:59,2.68,24.155,7.78,0.945
MiniDot1,Tank24,1773792060,3/17/26 14:01,2.68,24.29,7.755,0.945
MiniDot1,Tank24,1773792180,3/17/26 14:03,2.68,24.374,7.728,0.944
MiniDot1,Tank24,1773792300,3/17/26 14:05,2.68,24.407,7.713,0.943
MiniDot1,Tank24,1773792420,3/17/26 14:07,2.68,24.416,7.746,0.945
MiniDot1,Tank24,1773792540,3/17/26 14:09,2.68,24.432,7.74,0.945
MiniDot1,Tank24,1773792660,3/17/26 14:11,2.68,24.424,7.748,0.945
MiniDot1,Tank24,1773792780,3/17/26 14:13,2.68,24.458,7.739,0.944
MiniDot1,Tank24,1773792900,3/17/26 14:15,2.68,24.449,7.75,0.945
MiniDot1,Tank24,1773793020,3/17/26 14:17,2.68,24.458,7.763,0.945
MiniDot1,Tank24,1773793140,3/17/26 14:19,2.68,24.474,7.749,0.945
MiniDot1,Tank24,1773793260,3/17/26 14:21,2.68,24.483,7.755,0.945
MiniDot1,Tank24,1773793380,3/17/26 14:23,2.68,24.474,7.757,0.945
MiniDot1,Tank24,1773793500,3/17/26 14:25,2.68,24.491,7.747,0.945
MiniDot1,Tank24,1773793620,3/17/26 14:27,2.68,24.466,7.769,0.945
MiniDot1,Tank24,1773793740,3/17/26 14:29,2.68,24.508,7.754,0.944
MiniDot1,Tank24,1773793860,3/17/26 14:31,2.68,24.508,7.782,0.946
MiniDot1,Tank24,1773793980,3/17/26 14:33,2.68,24.533,7.77,0.944
MiniDot1,Tank24,1773794100,3/17/26 14:35,2.68,24.558,7.778,0.945
MiniDot1,Tank24,1773794220,3/17/26 14:37,2.68,24.55,7.8,0.946
MiniDot1,Tank24,1773794340,3/17/26 14:39,2.68,24.575,7.792,0.945
MiniDot1,Tank24,1773794460,3/17/26 14:41,2.68,24.6,7.775,0.944
MiniDot1,Tank24,1773794580,3/17/26 14:43,2.68,24.592,7.797,0.945
MiniDot1,Tank24,1773794700,3/17/26 14:45,2.68,24.617,7.798,0.945
MiniDot1,Tank24,1773794820,3/17/26 14:47,2.68,24.617,7.802,0.945
MiniDot1,Tank24,1773794940,3/17/26 14:49,2.68,24.642,7.811,0.945
MiniDot1,Tank24,1773795060,3/17/26 14:51,2.68,24.642,7.819,0.945
MiniDot1,Tank24,1773795180,3/17/26 14:53,2.68,24.676,7.818,0.945
MiniDot1,Tank24,1773795300,3/17/26 14:55,2.68,24.684,7.808,0.944
MiniDot1,Tank24,1773795420,3/17/26 14:57,2.68,24.693,7.836,0.947
MiniDot1,Tank24,1773795540,3/17/26 14:59,2.68,24.693,7.824,0.946
MiniDot1,Tank24,1773795660,3/17/26 15:01,2.68,24.684,7.806,0.945
MiniDot1,Tank24,1773795780,3/17/26 15:03,2.68,24.684,7.806,0.946
MiniDot1,Tank24,1773795900,3/17/26 15:05,2.68,24.693,7.8,0.946
MiniDot1,Tank24,1773796020,3/17/26 15:07,2.68,24.684,7.789,0.945
MiniDot1,Tank24,1773796140,3/17/26 15:09,2.68,24.709,7.782,0.945
MiniDot1,Tank24,1773796260,3/17/26 15:11,2.68,24.709,7.787,0.945
MiniDot1,Tank24,1773796380,3/17/26 15:13,2.68,24.709,7.778,0.945
MiniDot1,Tank24,1773796500,3/17/26 15:15,2.68,24.718,7.792,0.946
MiniDot1,Tank24,1773796620,3/17/26 15:17,2.68,24.709,7.776,0.945
MiniDot1,Tank24,1773796740,3/17/26 15:19,2.68,24.709,7.793,0.946
MiniDot1,Tank24,1773796860,3/17/26 15:21,2.68,24.726,7.79,0.946
MiniDot1,Tank24,1773796980,3/17/26 15:23,2.68,24.718,7.784,0.945
MiniDot1,Tank24,1773797100,3/17/26 15:25,2.68,24.726,7.781,0.945
MiniDot1,Tank24,1773797220,3/17/26 15:27,2.68,24.726,7.785,0.945
MiniDot1,Tank24,1773797340,3/17/26 15:29,2.68,24.735,7.767,0.945
MiniDot1,Tank24,1773797460,3/17/26 15:31,2.68,24.751,7.771,0.945
MiniDot1,Tank24,1773797580,3/17/26 15:33,2.68,24.743,7.758,0.945
MiniDot1,Tank24,1773797700,3/17/26 15:35,2.68,24.743,7.755,0.945
MiniDot1,Tank24,1773797820,3/17/26 15:37,2.68,24.735,7.764,0.946
MiniDot1,Tank24,1773797940,3/17/26 15:39,2.68,24.735,7.768,0.946
MiniDot1,Tank24,1773798060,3/17/26 15:41,2.68,24.701,7.756,0.945
MiniDot1,Tank24,1773798180,3/17/26 15:43,2.68,24.718,7.74,0.945
MiniDot1,Tank24,1773798300,3/17/26 15:45,2.68,24.726,7.728,0.945
MiniDot1,Tank24,1773798420,3/17/26 15:47,2.68,24.726,7.74,0.946
MiniDot1,Tank24,1773798540,3/17/26 15:49,2.68,24.709,7.718,0.944
MiniDot1,Tank24,1773798660,3/17/26 15:51,2.68,24.709,7.712,0.945
MiniDot1,Tank24,1773798780,3/17/26 15:53,2.68,24.693,7.715,0.945
MiniDot1,Tank24,1773798900,3/17/26 15:55,2.68,24.693,7.708,0.945
MiniDot1,Tank24,1773799020,3/17/26 15:57,2.68,24.684,7.703,0.945
MiniDot1,Tank24,1773799140,3/17/26 15:59,2.68,24.684,7.698,0.946
MiniDot1,Tank24,1773799260,3/17/26 16:01,2.68,24.651,7.703,0.946
MiniDot1,Tank24,1773799380,3/17/26 16:03,2.68,24.667,7.677,0.945
MiniDot1,Tank24,1773799500,3/17/26 16:05,2.68,24.642,7.668,0.945
MiniDot1,Tank24,1773799620,3/17/26 16:07,2.68,24.625,7.676,0.945
MiniDot1,Tank24,1773799740,3/17/26 16:09,2.68,24.634,7.653,0.945
MiniDot1,Tank24,1773799860,3/17/26 16:11,2.68,24.609,7.679,0.946
MiniDot1,Tank24,1773799980,3/17/26 16:13,2.68,24.609,7.664,0.945
MiniDot1,Tank24,1773800100,3/17/26 16:15,2.68,24.609,7.661,0.946
MiniDot1,Tank24,1773800220,3/17/26 16:17,2.68,24.6,7.671,0.947
MiniDot1,Tank24,1773800340,3/17/26 16:19,2.68,24.583,7.647,0.944
MiniDot1,Tank24,1773800460,3/17/26 16:21,2.68,24.6,7.661,0.945
MiniDot1,Tank24,1773800580,3/17/26 16:23,2.68,24.583,7.666,0.946
MiniDot1,Tank24,1773800700,3/17/26 16:25,2.68,24.583,7.655,0.946
MiniDot1,Tank24,1773800820,3/17/26 16:27,2.68,24.583,7.647,0.945
MiniDot1,Tank24,1773800940,3/17/26 16:29,2.68,24.575,7.641,0.945
MiniDot1,Tank24,1773801060,3/17/26 16:31,2.68,24.558,7.644,0.945
MiniDot1,Tank24,1773801180,3/17/26 16:33,2.68,24.533,7.637,0.945
MiniDot1,Tank24,1773801300,3/17/26 16:35,2.68,24.516,7.639,0.946
MiniDot1,Tank24,1773801420,3/17/26 16:37,2.68,24.508,7.612,0.944
MiniDot1,Tank24,1773801540,3/17/26 16:39,2.68,24.491,7.635,0.946
MiniDot1,Tank24,1773801660,3/17/26 16:41,2.68,24.483,7.613,0.945
MiniDot1,Tank24,1773801780,3/17/26 16:43,2.68,24.466,7.607,0.945
MiniDot1,Tank24,1773801900,3/17/26 16:45,2.68,24.474,7.59,0.944
MiniDot1,Tank24,1773802020,3/17/26 16:47,2.68,24.441,7.607,0.946
MiniDot1,Tank24,1773802140,3/17/26 16:49,2.68,24.449,7.592,0.945
MiniDot1,Tank24,1773802260,3/17/26 16:51,2.68,24.424,7.594,0.945
MiniDot1,Tank24,1773802380,3/17/26 16:53,2.68,24.416,7.582,0.945
MiniDot1,Tank24,1773802500,3/17/26 16:55,2.68,24.424,7.574,0.945
MiniDot1,Tank24,1773802620,3/17/26 16:57,2.68,24.39,7.577,0.945
MiniDot1,Tank24,1773802740,3/17/26 16:59,2.68,24.39,7.571,0.945
MiniDot1,Tank24,1773802860,3/17/26 17:01,2.68,24.365,7.562,0.945
MiniDot1,Tank24,1773802980,3/17/26 17:03,2.68,24.357,7.566,0.945
MiniDot1,Tank24,1773803100,3/17/26 17:05,2.68,24.357,7.545,0.945
MiniDot1,Tank24,1773803220,3/17/26 17:07,2.68,24.34,7.551,0.945
MiniDot1,Tank24,1773803340,3/17/26 17:09,2.68,24.34,7.541,0.945
MiniDot1,Tank24,1773803460,3/17/26 17:11,2.68,24.323,7.548,0.945
MiniDot1,Tank24,1773803580,3/17/26 17:13,2.68,24.298,7.53,0.945
MiniDot1,Tank24,1773803700,3/17/26 17:15,2.68,24.298,7.532,0.945
MiniDot1,Tank24,1773803820,3/17/26 17:17,2.68,24.273,7.526,0.945
MiniDot1,Tank24,1773803940,3/17/26 17:19,2.68,24.273,7.528,0.946
MiniDot1,Tank24,1773804060,3/17/26 17:21,2.68,24.256,7.516,0.944
MiniDot1,Tank24,1773804180,3/17/26 17:23,2.68,24.231,7.527,0.945
MiniDot1,Tank24,1773804300,3/17/26 17:25,2.68,24.223,7.513,0.944
MiniDot1,Tank24,1773804420,3/17/26 17:27,2.68,24.231,7.503,0.945
MiniDot1,Tank24,1773804540,3/17/26 17:29,2.68,24.197,7.514,0.945
MiniDot1,Tank24,1773804660,3/17/26 17:31,2.68,24.189,7.508,0.945
MiniDot1,Tank24,1773804780,3/17/26 17:33,2.68,24.181,7.496,0.944
MiniDot1,Tank24,1773804900,3/17/26 17:35,2.68,24.172,7.494,0.944
MiniDot1,Tank24,1773805020,3/17/26 17:37,2.68,24.147,7.527,0.946
MiniDot1,Tank24,1773805140,3/17/26 17:39,2.68,24.147,7.508,0.945
MiniDot1,Tank24,1773805260,3/17/26 17:41,2.68,24.139,7.499,0.944
MiniDot1,Tank24,1773805380,3/17/26 17:43,2.68,24.13,7.49,0.944
MiniDot1,Tank24,1773805500,3/17/26 17:45,2.68,24.122,7.495,0.945
MiniDot1,Tank24,1773805620,3/17/26 17:47,2.68,24.114,7.502,0.945
MiniDot1,Tank24,1773805740,3/17/26 17:49,2.68,24.114,7.5,0.945
MiniDot1,Tank24,1773805860,3/17/26 17:51,2.68,24.097,7.496,0.945
MiniDot1,Tank24,1773805980,3/17/26 17:53,2.68,24.08,7.503,0.945
MiniDot1,Tank24,1773806100,3/17/26 17:55,2.68,24.088,7.497,0.945
MiniDot1,Tank24,1773806220,3/17/26 17:57,2.68,24.072,7.498,0.945
MiniDot1,Tank24,1773806340,3/17/26 17:59,2.68,24.055,7.498,0.945
MiniDot1,Tank24,1773806460,3/17/26 18:01,2.68,24.046,7.508,0.946
MiniDot1,Tank24,1773806580,3/17/26 18:03,2.68,24.038,7.504,0.946
MiniDot1,Tank24,1773806700,3/17/26 18:05,2.68,24.03,7.48,0.944
MiniDot1,Tank24,1773806820,3/17/26 18:07,2.68,24.03,7.503,0.946
MiniDot1,Tank24,1773806940,3/17/26 18:09,2.68,23.988,7.496,0.945
MiniDot1,Tank24,1773807060,3/17/26 18:11,2.68,24.005,7.491,0.945
MiniDot1,Tank24,1773807180,3/17/26 18:13,2.68,23.996,7.489,0.945
MiniDot1,Tank24,1773807300,3/17/26 18:15,2.68,24.005,7.494,0.946
MiniDot1,Tank24,1773807420,3/17/26 18:17,2.68,23.979,7.489,0.945
MiniDot1,Tank24,1773807540,3/17/26 18:19,2.68,23.979,7.481,0.944
MiniDot1,Tank24,1773807660,3/17/26 18:21,2.68,23.971,7.491,0.946
MiniDot1,Tank24,1773807780,3/17/26 18:23,2.68,23.971,7.483,0.945
MiniDot1,Tank24,1773807900,3/17/26 18:25,2.68,23.954,7.484,0.945
MiniDot1,Tank24,1773808020,3/17/26 18:27,2.68,23.946,7.484,0.945
MiniDot1,Tank24,1773808140,3/17/26 18:29,2.68,23.929,7.492,0.945
MiniDot1,Tank24,1773808260,3/17/26 18:31,2.68,23.938,7.485,0.944
MiniDot1,Tank24,1773808380,3/17/26 18:33,2.68,23.921,7.486,0.945
MiniDot1,Tank24,1773808500,3/17/26 18:35,2.68,23.929,7.499,0.945
MiniDot1,Tank24,1773808620,3/17/26 18:37,2.68,23.904,7.498,0.945
MiniDot1,Tank24,1773808740,3/17/26 18:39,2.68,23.921,7.498,0.945
MiniDot1,Tank24,1773808860,3/17/26 18:41,2.68,23.896,7.517,0.946
MiniDot1,Tank24,1773808980,3/17/26 18:43,2.68,23.887,7.507,0.945
MiniDot1,Tank24,1773809100,3/17/26 18:45,2.68,23.887,7.494,0.944
MiniDot1,Tank24,1773809220,3/17/26 18:47,2.68,23.896,7.5,0.945
MiniDot1,Tank24,1773809340,3/17/26 18:49,2.68,23.879,7.514,0.945
MiniDot1,Tank24,1773809460,3/17/26 18:51,2.68,23.879,7.512,0.945
MiniDot1,Tank24,1773809580,3/17/26 18:53,2.68,23.879,7.506,0.945
MiniDot1,Tank24,1773809700,3/17/26 18:55,2.68,23.862,7.528,0.946
MiniDot1,Tank24,1773809820,3/17/26 18:57,2.68,23.862,7.508,0.944
MiniDot1,Tank24,1773809940,3/17/26 18:59,2.68,23.845,7.524,0.945
MiniDot1,Tank24,1773810060,3/17/26 19:01,2.68,23.854,7.51,0.944
MiniDot1,Tank24,1773810180,3/17/26 19:03,2.68,23.854,7.535,0.946
MiniDot1,Tank24,1773810300,3/17/26 19:05,2.68,23.854,7.518,0.945
MiniDot1,Tank24,1773810420,3/17/26 19:07,2.68,23.854,7.526,0.945
MiniDot1,Tank24,1773810540,3/17/26 19:09,2.68,23.854,7.52,0.945
MiniDot1,Tank24,1773810660,3/17/26 19:11,2.68,23.837,7.521,0.945
MiniDot1,Tank24,1773810780,3/17/26 19:13,2.68,23.845,7.517,0.944
MiniDot1,Tank24,1773810900,3/17/26 19:15,2.68,23.854,7.523,0.945
MiniDot1,Tank24,1773811020,3/17/26 19:17,2.68,23.837,7.529,0.945
MiniDot1,Tank24,1773811140,3/17/26 19:19,2.68,23.845,7.528,0.945
MiniDot1,Tank24,1773811260,3/17/26 19:21,2.68,23.82,7.536,0.945
MiniDot1,Tank24,1773811380,3/17/26 19:23,2.68,23.82,7.53,0.945
MiniDot1,Tank24,1773811500,3/17/26 19:25,2.68,23.82,7.539,0.945
MiniDot1,Tank24,1773811620,3/17/26 19:27,2.68,23.829,7.532,0.945
MiniDot1,Tank24,1773811740,3/17/26 19:29,2.68,23.829,7.546,0.946
MiniDot1,Tank24,1773811860,3/17/26 19:31,2.68,23.82,7.532,0.945
MiniDot1,Tank24,1773811980,3/17/26 19:33,2.68,23.837,7.528,0.945
MiniDot1,Tank24,1773812100,3/17/26 19:35,2.68,23.812,7.536,0.945
MiniDot1,Tank24,1773812220,3/17/26 19:37,2.68,23.812,7.54,0.945
MiniDot1,Tank24,1773812340,3/17/26 19:39,2.68,23.795,7.543,0.945
MiniDot1,Tank24,1773812460,3/17/26 19:41,2.68,23.812,7.542,0.945
MiniDot1,Tank24,1773812580,3/17/26 19:43,2.68,23.803,7.544,0.945
MiniDot1,Tank24,1773812700,3/17/26 19:45,2.68,23.812,7.541,0.945
MiniDot1,Tank24,1773812820,3/17/26 19:47,2.68,23.812,7.533,0.945
MiniDot1,Tank24,1773812940,3/17/26 19:49,2.68,23.778,7.548,0.945
MiniDot1,Tank24,1773813060,3/17/26 19:51,2.68,23.803,7.55,0.945
MiniDot1,Tank24,1773813180,3/17/26 19:53,2.68,23.795,7.541,0.945
MiniDot1,Tank24,1773813300,3/17/26 19:55,2.68,23.795,7.55,0.945
MiniDot1,Tank24,1773813420,3/17/26 19:57,2.68,23.803,7.556,0.946
MiniDot1,Tank24,1773813540,3/17/26 19:59,2.68,23.795,7.541,0.945
MiniDot1,Tank24,1773813660,3/17/26 20:01,2.68,23.787,7.548,0.945
MiniDot1,Tank24,1773813780,3/17/26 20:03,2.68,23.778,7.552,0.945
MiniDot1,Tank24,1773813900,3/17/26 20:05,2.68,23.787,7.536,0.944
MiniDot1,Tank24,1773814020,3/17/26 20:07,2.68,23.77,7.551,0.945
MiniDot1,Tank24,1773814140,3/17/26 20:09,2.68,23.77,7.562,0.946
MiniDot1,Tank24,1773814260,3/17/26 20:11,2.68,23.762,7.542,0.945
MiniDot1,Tank24,1773814380,3/17/26 20:13,2.68,23.753,7.567,0.946
MiniDot1,Tank24,1773814500,3/17/26 20:15,2.68,23.753,7.548,0.945
MiniDot1,Tank24,1773814620,3/17/26 20:17,2.68,23.745,7.552,0.945
MiniDot1,Tank24,1773814740,3/17/26 20:19,2.68,23.745,7.552,0.945
MiniDot1,Tank24,1773814860,3/17/26 20:21,2.68,23.762,7.548,0.945
MiniDot1,Tank24,1773814980,3/17/26 20:23,2.68,23.745,7.551,0.945
MiniDot1,Tank24,1773815100,3/17/26 20:25,2.68,23.736,7.562,0.946
MiniDot1,Tank24,1773815220,3/17/26 20:27,2.68,23.736,7.551,0.945
MiniDot1,Tank24,1773815340,3/17/26 20:29,2.68,23.72,7.551,0.945
MiniDot1,Tank24,1773815460,3/17/26 20:31,2.68,23.703,7.545,0.945
MiniDot1,Tank24,1773815580,3/17/26 20:33,2.68,23.703,7.531,0.944
MiniDot1,Tank24,1773815700,3/17/26 20:35,2.68,23.711,7.545,0.945
MiniDot1,Tank24,1773815820,3/17/26 20:37,2.68,23.703,7.544,0.945
MiniDot1,Tank24,1773815940,3/17/26 20:39,2.68,23.703,7.541,0.945
MiniDot1,Tank24,1773816060,3/17/26 20:41,2.68,23.695,7.539,0.945
MiniDot1,Tank24,1773816180,3/17/26 20:43,2.68,23.703,7.535,0.945
MiniDot1,Tank24,1773816300,3/17/26 20:45,2.68,23.695,7.523,0.945
MiniDot1,Tank24,1773816420,3/17/26 20:47,2.68,23.703,7.527,0.945
MiniDot1,Tank24,1773816540,3/17/26 20:49,2.68,23.686,7.532,0.945
MiniDot1,Tank24,1773816660,3/17/26 20:51,2.68,23.686,7.537,0.945
MiniDot1,Tank24,1773816780,3/17/26 20:53,2.68,23.686,7.523,0.944
MiniDot1,Tank24,1773816900,3/17/26 20:55,2.68,23.686,7.519,0.944
MiniDot1,Tank24,1773817020,3/17/26 20:57,2.68,23.695,7.545,0.946
MiniDot1,Tank24,1773817140,3/17/26 20:59,2.68,23.678,7.538,0.946
MiniDot1,Tank24,1773817260,3/17/26 21:01,2.68,23.678,7.525,0.945
MiniDot1,Tank24,1773817380,3/17/26 21:03,2.68,23.695,7.528,0.945
MiniDot1,Tank24,1773817500,3/17/26 21:05,2.68,23.678,7.526,0.945
MiniDot1,Tank24,1773817620,3/17/26 21:07,2.68,23.678,7.515,0.944
MiniDot1,Tank24,1773817740,3/17/26 21:09,2.68,23.678,7.529,0.945
MiniDot1,Tank24,1773817860,3/17/26 21:11,2.68,23.678,7.529,0.945
MiniDot1,Tank24,1773817980,3/17/26 21:13,2.68,23.695,7.517,0.945
MiniDot1,Tank24,1773818100,3/17/26 21:15,2.68,23.661,7.531,0.945
MiniDot1,Tank24,1773818220,3/17/26 21:17,2.68,23.678,7.52,0.945
MiniDot1,Tank24,1773818340,3/17/26 21:19,2.68,23.686,7.516,0.945
MiniDot1,Tank24,1773818460,3/17/26 21:21,2.68,23.686,7.52,0.945
MiniDot1,Tank24,1773818580,3/17/26 21:23,2.68,23.678,7.518,0.945
MiniDot1,Tank24,1773818700,3/17/26 21:25,2.68,23.678,7.528,0.945
MiniDot1,Tank24,1773818820,3/17/26 21:27,2.68,23.678,7.518,0.945
MiniDot1,Tank24,1773818940,3/17/26 21:29,2.68,23.669,7.518,0.945
MiniDot1,Tank24,1773819060,3/17/26 21:31,2.68,23.678,7.515,0.945
MiniDot1,Tank24,1773819180,3/17/26 21:33,2.68,23.678,7.523,0.945
MiniDot1,Tank24,1773819300,3/17/26 21:35,2.68,23.686,7.511,0.945
MiniDot1,Tank24,1773819420,3/17/26 21:37,2.68,23.695,7.514,0.945
MiniDot1,Tank24,1773819540,3/17/26 21:39,2.68,23.678,7.517,0.945
MiniDot1,Tank24,1773819660,3/17/26 21:41,2.68,23.686,7.513,0.945
MiniDot1,Tank24,1773819780,3/17/26 21:43,2.68,23.669,7.512,0.945
MiniDot1,Tank24,1773819900,3/17/26 21:45,2.68,23.661,7.502,0.944
MiniDot1,Tank24,1773820020,3/17/26 21:47,2.68,23.669,7.512,0.945
MiniDot1,Tank24,1773820140,3/17/26 21:49,2.68,23.686,7.511,0.945
MiniDot1,Tank24,1773820260,3/17/26 21:51,2.68,23.661,7.521,0.946
MiniDot1,Tank24,1773820380,3/17/26 21:53,2.68,23.653,7.513,0.945
MiniDot1,Tank24,1773820500,3/17/26 21:55,2.68,23.678,7.508,0.945
MiniDot1,Tank24,1773820620,3/17/26 21:57,2.68,23.669,7.51,0.945
MiniDot1,Tank24,1773820740,3/17/26 21:59,2.68,23.678,7.508,0.945
MiniDot1,Tank24,1773820860,3/17/26 22:01,2.68,23.678,7.505,0.945
MiniDot1,Tank24,1773820980,3/17/26 22:03,2.68,23.678,7.488,0.944
MiniDot1,Tank24,1773821100,3/17/26 22:05,2.68,23.661,7.505,0.945
MiniDot1,Tank24,1773821220,3/17/26 22:07,2.68,23.678,7.511,0.946
MiniDot1,Tank24,1773821340,3/17/26 22:09,2.68,23.653,7.506,0.945
MiniDot1,Tank24,1773821460,3/17/26 22:11,2.68,23.669,7.504,0.945
MiniDot1,Tank24,1773821580,3/17/26 22:13,2.68,23.669,7.508,0.945
MiniDot1,Tank24,1773821700,3/17/26 22:15,2.68,23.644,7.492,0.944
MiniDot1,Tank24,1773821820,3/17/26 22:17,2.68,23.661,7.507,0.945
MiniDot1,Tank24,1773821940,3/17/26 22:19,2.68,23.644,7.502,0.945
MiniDot1,Tank24,1773822060,3/17/26 22:21,2.68,23.653,7.499,0.945
MiniDot1,Tank24,1773822180,3/17/26 22:23,2.68,23.644,7.495,0.945
MiniDot1,Tank24,1773822300,3/17/26 22:25,2.68,23.644,7.498,0.944
MiniDot1,Tank24,1773822420,3/17/26 22:27,2.68,23.661,7.498,0.945
MiniDot1,Tank24,1773822540,3/17/26 22:29,2.68,23.661,7.508,0.946
MiniDot1,Tank24,1773822660,3/17/26 22:31,2.68,23.653,7.495,0.945
MiniDot1,Tank24,1773822780,3/17/26 22:33,2.68,23.661,7.486,0.944
MiniDot1,Tank24,1773822900,3/17/26 22:35,2.68,23.653,7.505,0.945
MiniDot1,Tank24,1773823020,3/17/26 22:37,2.68,23.653,7.514,0.946
MiniDot1,Tank24,1773823140,3/17/26 22:39,2.68,23.661,7.497,0.945
MiniDot1,Tank24,1773823260,3/17/26 22:41,2.68,23.653,7.508,0.946
MiniDot1,Tank24,1773823380,3/17/26 22:43,2.68,23.653,7.494,0.945
MiniDot1,Tank24,1773823500,3/17/26 22:45,2.68,23.653,7.498,0.945
MiniDot1,Tank24,1773823620,3/17/26 22:47,2.68,23.661,7.489,0.945
MiniDot1,Tank24,1773823740,3/17/26 22:49,2.68,23.661,7.489,0.945
MiniDot1,Tank24,1773823860,3/17/26 22:51,2.68,23.644,7.481,0.944
MiniDot1,Tank24,1773823980,3/17/26 22:53,2.68,23.669,7.487,0.945
MiniDot1,Tank24,1773824100,3/17/26 22:55,2.68,23.661,7.502,0.945
MiniDot1,Tank24,1773824220,3/17/26 22:57,2.68,23.644,7.488,0.945
MiniDot1,Tank24,1773824340,3/17/26 22:59,2.68,23.661,7.482,0.945
MiniDot1,Tank24,1773824460,3/17/26 23:01,2.68,23.653,7.504,0.945
MiniDot1,Tank24,1773824580,3/17/26 23:03,2.68,23.653,7.483,0.945
MiniDot1,Tank24,1773824700,3/17/26 23:05,2.68,23.653,7.477,0.944
MiniDot1,Tank24,1773824820,3/17/26 23:07,2.68,23.653,7.482,0.945
MiniDot1,Tank24,1773824940,3/17/26 23:09,2.68,23.644,7.494,0.945
MiniDot1,Tank24,1773825060,3/17/26 23:11,2.68,23.628,7.493,0.945
MiniDot1,Tank24,1773825180,3/17/26 23:13,2.68,23.653,7.479,0.945
MiniDot1,Tank24,1773825300,3/17/26 23:15,2.68,23.653,7.485,0.945
MiniDot1,Tank24,1773825420,3/17/26 23:17,2.68,23.644,7.49,0.945
MiniDot1,Tank24,1773825540,3/17/26 23:19,2.68,23.653,7.479,0.945
MiniDot1,Tank24,1773825660,3/17/26 23:21,2.68,23.636,7.476,0.945
MiniDot1,Tank24,1773825780,3/17/26 23:23,2.68,23.628,7.487,0.945
MiniDot1,Tank24,1773825900,3/17/26 23:25,2.68,23.636,7.482,0.945
MiniDot1,Tank24,1773826020,3/17/26 23:27,2.68,23.653,7.475,0.944
MiniDot1,Tank24,1773826140,3/17/26 23:29,2.68,23.636,7.494,0.946
MiniDot1,Tank24,1773826260,3/17/26 23:31,2.68,23.636,7.472,0.945
MiniDot1,Tank24,1773826380,3/17/26 23:33,2.68,23.619,7.492,0.945
MiniDot1,Tank24,1773826500,3/17/26 23:35,2.68,23.628,7.488,0.946
MiniDot1,Tank24,1773826620,3/17/26 23:37,2.68,23.619,7.479,0.945
MiniDot1,Tank24,1773826740,3/17/26 23:39,2.68,23.619,7.471,0.944
MiniDot1,Tank24,1773826860,3/17/26 23:41,2.68,23.586,7.488,0.945
MiniDot1,Tank24,1773826980,3/17/26 23:43,2.68,23.602,7.493,0.945
MiniDot1,Tank24,1773827100,3/17/26 23:45,2.68,23.619,7.489,0.945
MiniDot1,Tank24,1773827220,3/17/26 23:47,2.68,23.594,7.476,0.945
MiniDot1,Tank24,1773827340,3/17/26 23:49,2.68,23.594,7.484,0.945
MiniDot1,Tank24,1773827460,3/17/26 23:51,2.68,23.594,7.467,0.945
MiniDot1,Tank24,1773827580,3/17/26 23:53,2.68,23.577,7.476,0.945
MiniDot1,Tank24,1773827700,3/17/26 23:55,2.68,23.577,7.477,0.945
MiniDot1,Tank24,1773827820,3/17/26 23:57,2.68,23.569,7.47,0.945
MiniDot1,Tank24,1773827940,3/17/26 23:59,2.68,23.577,7.471,0.945
MiniDot1,Tank24,1773828060,3/18/26 0:01,2.68,23.569,7.477,0.945
MiniDot1,Tank24,1773828180,3/18/26 0:03,2.68,23.561,7.463,0.945
MiniDot1,Tank24,1773828300,3/18/26 0:05,2.68,23.561,7.47,0.945
MiniDot1,Tank24,1773828420,3/18/26 0:07,2.68,23.552,7.483,0.946
MiniDot1,Tank24,1773828540,3/18/26 0:09,2.68,23.552,7.47,0.945
MiniDot1,Tank24,1773828660,3/18/26 0:11,2.68,23.544,7.474,0.944
MiniDot1,Tank24,1773828780,3/18/26 0:13,2.68,23.535,7.455,0.945
MiniDot1,Tank24,1773828900,3/18/26 0:15,2.68,23.544,7.467,0.945
MiniDot1,Tank24,1773829020,3/18/26 0:17,2.68,23.535,7.46,0.945
MiniDot1,Tank24,1773829140,3/18/26 0:19,2.68,23.535,7.445,0.944
MiniDot1,Tank24,1773829260,3/18/26 0:21,2.68,23.535,7.461,0.945
MiniDot1,Tank24,1773829380,3/18/26 0:23,2.68,23.544,7.458,0.945
MiniDot1,Tank24,1773829500,3/18/26 0:25,2.68,23.535,7.475,0.945
MiniDot1,Tank24,1773829620,3/18/26 0:27,2.68,23.519,7.489,0.946
MiniDot1,Tank24,1773829740,3/18/26 0:29,2.68,23.527,7.46,0.944
MiniDot1,Tank24,1773829860,3/18/26 0:31,2.68,23.519,7.459,0.945
MiniDot1,Tank24,1773829980,3/18/26 0:33,2.68,23.51,7.464,0.945
MiniDot1,Tank24,1773830100,3/18/26 0:35,2.68,23.502,7.462,0.944
MiniDot1,Tank24,1773830220,3/18/26 0:37,2.68,23.502,7.452,0.945
MiniDot1,Tank24,1773830340,3/18/26 0:39,2.68,23.51,7.474,0.945
MiniDot1,Tank24,1773830460,3/18/26 0:41,2.68,23.494,7.46,0.944
MiniDot1,Tank24,1773830580,3/18/26 0:43,2.68,23.51,7.45,0.944
MiniDot1,Tank24,1773830700,3/18/26 0:45,2.68,23.502,7.468,0.945
MiniDot1,Tank24,1773830820,3/18/26 0:47,2.68,23.494,7.454,0.945
MiniDot1,Tank24,1773830940,3/18/26 0:49,2.68,23.51,7.447,0.944
MiniDot1,Tank24,1773831060,3/18/26 0:51,2.68,23.502,7.451,0.945
MiniDot1,Tank24,1773831180,3/18/26 0:53,2.68,23.494,7.465,0.945
MiniDot1,Tank24,1773831300,3/18/26 0:55,2.68,23.485,7.459,0.946
MiniDot1,Tank24,1773831420,3/18/26 0:57,2.68,23.494,7.466,0.945
MiniDot1,Tank24,1773831540,3/18/26 0:59,2.68,23.494,7.467,0.945
MiniDot1,Tank24,1773831660,3/18/26 1:01,2.68,23.468,7.466,0.946
MiniDot1,Tank24,1773831780,3/18/26 1:03,2.68,23.468,7.452,0.946
MiniDot1,Tank24,1773831900,3/18/26 1:05,2.68,23.477,7.461,0.945
MiniDot1,Tank24,1773832020,3/18/26 1:07,2.68,23.477,7.456,0.945
MiniDot1,Tank24,1773832140,3/18/26 1:09,2.68,23.46,7.469,0.945
MiniDot1,Tank24,1773832260,3/18/26 1:11,2.68,23.46,7.463,0.945
MiniDot1,Tank24,1773832380,3/18/26 1:13,2.68,23.477,7.443,0.945
MiniDot1,Tank24,1773832500,3/18/26 1:15,2.68,23.468,7.452,0.945
MiniDot1,Tank24,1773832620,3/18/26 1:17,2.68,23.443,7.45,0.945
MiniDot1,Tank24,1773832740,3/18/26 1:19,2.68,23.452,7.472,0.946
MiniDot1,Tank24,1773832860,3/18/26 1:21,2.68,23.452,7.466,0.945
MiniDot1,Tank24,1773832980,3/18/26 1:23,2.68,23.452,7.455,0.945
MiniDot1,Tank24,1773833100,3/18/26 1:25,2.68,23.452,7.447,0.944
MiniDot1,Tank24,1773833220,3/18/26 1:27,2.68,23.427,7.465,0.945
MiniDot1,Tank24,1773833340,3/18/26 1:29,2.68,23.443,7.433,0.944
MiniDot1,Tank24,1773833460,3/18/26 1:31,2.68,23.435,7.466,0.945
MiniDot1,Tank24,1773833580,3/18/26 1:33,2.68,23.427,7.459,0.944
MiniDot1,Tank24,1773833700,3/18/26 1:35,2.68,23.443,7.443,0.945
MiniDot1,Tank24,1773833820,3/18/26 1:37,2.68,23.435,7.465,0.945
MiniDot1,Tank24,1773833940,3/18/26 1:39,2.68,23.443,7.46,0.945
MiniDot1,Tank24,1773834060,3/18/26 1:41,2.68,23.418,7.443,0.945
MiniDot1,Tank24,1773834180,3/18/26 1:43,2.68,23.427,7.475,0.945
MiniDot1,Tank24,1773834300,3/18/26 1:45,2.68,23.41,7.461,0.946
MiniDot1,Tank24,1773834420,3/18/26 1:47,2.68,23.418,7.462,0.945
MiniDot1,Tank24,1773834540,3/18/26 1:49,2.68,23.393,7.459,0.945
MiniDot1,Tank24,1773834660,3/18/26 1:51,2.68,23.385,7.45,0.945
MiniDot1,Tank24,1773834780,3/18/26 1:53,2.68,23.401,7.454,0.945
MiniDot1,Tank24,1773834900,3/18/26 1:55,2.68,23.385,7.456,0.945
MiniDot1,Tank24,1773835020,3/18/26 1:57,2.68,23.385,7.442,0.944
MiniDot1,Tank24,1773835140,3/18/26 1:59,2.68,23.385,7.438,0.944
MiniDot1,Tank24,1773835260,3/18/26 2:01,2.68,23.376,7.442,0.945
MiniDot1,Tank24,1773835380,3/18/26 2:03,2.68,23.376,7.455,0.945
MiniDot1,Tank24,1773835500,3/18/26 2:05,2.68,23.36,7.457,0.944
MiniDot1,Tank24,1773835620,3/18/26 2:07,2.68,23.36,7.457,0.945
MiniDot1,Tank24,1773835740,3/18/26 2:09,2.68,23.368,7.44,0.944
MiniDot1,Tank24,1773835860,3/18/26 2:11,2.68,23.368,7.451,0.945
MiniDot1,Tank24,1773835980,3/18/26 2:13,2.68,23.351,7.437,0.945
MiniDot1,Tank24,1773836100,3/18/26 2:15,2.68,23.368,7.454,0.945
MiniDot1,Tank24,1773836220,3/18/26 2:17,2.68,23.36,7.443,0.945
MiniDot1,Tank24,1773836340,3/18/26 2:19,2.68,23.343,7.452,0.945
MiniDot1,Tank24,1773836460,3/18/26 2:21,2.68,23.351,7.428,0.944
MiniDot1,Tank24,1773836580,3/18/26 2:23,2.68,23.343,7.461,0.945
MiniDot1,Tank24,1773836700,3/18/26 2:25,2.68,23.334,7.445,0.945
MiniDot1,Tank24,1773836820,3/18/26 2:27,2.68,23.318,7.479,0.945
MiniDot1,Tank24,1773836940,3/18/26 2:29,2.68,23.334,7.454,0.945
MiniDot1,Tank24,1773837060,3/18/26 2:31,2.68,23.326,7.446,0.944
MiniDot1,Tank24,1773837180,3/18/26 2:33,2.68,23.301,7.467,0.945
MiniDot1,Tank24,1773837300,3/18/26 2:35,2.68,23.284,7.463,0.945
MiniDot1,Tank24,1773837420,3/18/26 2:37,2.68,23.309,7.434,0.944
MiniDot1,Tank24,1773837540,3/18/26 2:39,2.68,23.318,7.446,0.944
MiniDot1,Tank24,1773837660,3/18/26 2:41,2.68,23.309,7.426,0.944
MiniDot1,Tank24,1773837780,3/18/26 2:43,2.68,23.301,7.437,0.945
MiniDot1,Tank24,1773837900,3/18/26 2:45,2.68,23.301,7.426,0.945
MiniDot1,Tank24,1773838020,3/18/26 2:47,2.68,23.301,7.474,0.946
MiniDot1,Tank24,1773838140,3/18/26 2:49,2.68,23.276,7.45,0.945
MiniDot1,Tank24,1773838260,3/18/26 2:51,2.68,23.284,7.449,0.945
MiniDot1,Tank24,1773838380,3/18/26 2:53,2.68,23.293,7.43,0.944
MiniDot1,Tank24,1773838500,3/18/26 2:55,2.68,23.284,7.418,0.944
MiniDot1,Tank24,1773838620,3/18/26 2:57,2.68,23.276,7.436,0.945
MiniDot1,Tank24,1773838740,3/18/26 2:59,2.68,23.284,7.45,0.945
MiniDot1,Tank24,1773838860,3/18/26 3:01,2.68,23.267,7.438,0.944
MiniDot1,Tank24,1773838980,3/18/26 3:03,2.68,23.276,7.425,0.945
MiniDot1,Tank24,1773839100,3/18/26 3:05,2.68,23.267,7.439,0.945
MiniDot1,Tank24,1773839220,3/18/26 3:07,2.68,23.284,7.445,0.945
MiniDot1,Tank24,1773839340,3/18/26 3:09,2.68,23.284,7.456,0.945
MiniDot1,Tank24,1773839460,3/18/26 3:11,2.68,23.276,7.445,0.945
MiniDot1,Tank24,1773839580,3/18/26 3:13,2.68,23.301,7.427,0.945
MiniDot1,Tank24,1773839700,3/18/26 3:15,2.68,23.301,7.412,0.945
MiniDot1,Tank24,1773839820,3/18/26 3:17,2.68,23.293,7.422,0.944
MiniDot1,Tank24,1773839940,3/18/26 3:19,2.68,23.301,7.433,0.944
MiniDot1,Tank24,1773840060,3/18/26 3:21,2.68,23.284,7.423,0.945
MiniDot1,Tank24,1773840180,3/18/26 3:23,2.68,23.284,7.436,0.945
MiniDot1,Tank24,1773840300,3/18/26 3:25,2.68,23.293,7.426,0.945
MiniDot1,Tank24,1773840420,3/18/26 3:27,2.68,23.301,7.449,0.946
MiniDot1,Tank24,1773840540,3/18/26 3:29,2.68,23.293,7.42,0.945
MiniDot1,Tank24,1773840660,3/18/26 3:31,2.68,23.309,7.437,0.945
MiniDot1,Tank24,1773840780,3/18/26 3:33,2.68,23.318,7.41,0.944
MiniDot1,Tank24,1773840900,3/18/26 3:35,2.68,23.326,7.426,0.944
MiniDot1,Tank24,1773841020,3/18/26 3:37,2.68,23.309,7.422,0.945
MiniDot1,Tank24,1773841140,3/18/26 3:39,2.68,23.326,7.414,0.944
MiniDot1,Tank24,1773841260,3/18/26 3:41,2.68,23.326,7.413,0.944
MiniDot1,Tank24,1773841380,3/18/26 3:43,2.68,23.318,7.414,0.945
MiniDot1,Tank24,1773841500,3/18/26 3:45,2.68,23.326,7.415,0.945
MiniDot1,Tank24,1773841620,3/18/26 3:47,2.68,23.334,7.404,0.945
MiniDot1,Tank24,1773841740,3/18/26 3:49,2.68,23.334,7.401,0.945
MiniDot1,Tank24,1773841860,3/18/26 3:51,2.68,23.318,7.434,0.945
MiniDot1,Tank24,1773841980,3/18/26 3:53,2.68,23.351,7.417,0.945
MiniDot1,Tank24,1773842100,3/18/26 3:55,2.68,23.334,7.411,0.946
MiniDot1,Tank24,1773842220,3/18/26 3:57,2.68,23.343,7.415,0.945
MiniDot1,Tank24,1773842340,3/18/26 3:59,2.68,23.343,7.41,0.945
MiniDot1,Tank24,1773842460,3/18/26 4:01,2.68,23.351,7.41,0.945
MiniDot1,Tank24,1773842580,3/18/26 4:03,2.68,23.343,7.412,0.945
MiniDot1,Tank24,1773842700,3/18/26 4:05,2.68,23.343,7.414,0.944
MiniDot1,Tank24,1773842820,3/18/26 4:07,2.68,23.36,7.4,0.945
MiniDot1,Tank24,1773842940,3/18/26 4:09,2.68,23.343,7.408,0.945
MiniDot1,Tank24,1773843060,3/18/26 4:11,2.68,23.351,7.386,0.944
MiniDot1,Tank24,1773843180,3/18/26 4:13,2.68,23.343,7.395,0.945
MiniDot1,Tank24,1773843300,3/18/26 4:15,2.68,23.368,7.403,0.945
MiniDot1,Tank24,1773843420,3/18/26 4:17,2.68,23.376,7.378,0.944
MiniDot1,Tank24,1773843540,3/18/26 4:19,2.68,23.36,7.392,0.945
MiniDot1,Tank24,1773843660,3/18/26 4:21,2.68,23.385,7.383,0.945
MiniDot1,Tank24,1773843780,3/18/26 4:23,2.68,23.368,7.389,0.945
MiniDot1,Tank24,1773843900,3/18/26 4:25,2.68,23.368,7.409,0.945
MiniDot1,Tank24,1773844020,3/18/26 4:27,2.68,23.368,7.408,0.945
MiniDot1,Tank24,1773844140,3/18/26 4:29,2.68,23.368,7.374,0.944
MiniDot1,Tank24,1773844260,3/18/26 4:31,2.68,23.376,7.397,0.944
MiniDot1,Tank24,1773844380,3/18/26 4:33,2.68,23.376,7.406,0.945
MiniDot1,Tank24,1773844500,3/18/26 4:35,2.68,23.385,7.397,0.945
MiniDot1,Tank24,1773844620,3/18/26 4:37,2.68,23.393,7.403,0.945
MiniDot1,Tank24,1773844740,3/18/26 4:39,2.68,23.385,7.401,0.945
MiniDot1,Tank24,1773844860,3/18/26 4:41,2.68,23.376,7.394,0.945
MiniDot1,Tank24,1773844980,3/18/26 4:43,2.68,23.376,7.406,0.946
MiniDot1,Tank24,1773845100,3/18/26 4:45,2.68,23.393,7.405,0.945
MiniDot1,Tank24,1773845220,3/18/26 4:47,2.68,23.393,7.401,0.945
MiniDot1,Tank24,1773845340,3/18/26 4:49,2.68,23.376,7.385,0.944
MiniDot1,Tank24,1773845460,3/18/26 4:51,2.68,23.376,7.388,0.944
MiniDot1,Tank24,1773845580,3/18/26 4:53,2.68,23.393,7.404,0.945
MiniDot1,Tank24,1773845700,3/18/26 4:55,2.68,23.393,7.414,0.945
MiniDot1,Tank24,1773845820,3/18/26 4:57,2.68,23.376,7.417,0.945
MiniDot1,Tank24,1773845940,3/18/26 4:59,2.68,23.393,7.398,0.944
MiniDot1,Tank24,1773846060,3/18/26 5:01,2.68,23.393,7.4,0.945
MiniDot1,Tank24,1773846180,3/18/26 5:03,2.68,23.41,7.398,0.945
MiniDot1,Tank24,1773846300,3/18/26 5:05,2.68,23.385,7.393,0.944
MiniDot1,Tank24,1773846420,3/18/26 5:07,2.68,23.393,7.418,0.945
MiniDot1,Tank24,1773846540,3/18/26 5:09,2.68,23.41,7.41,0.945
MiniDot1,Tank24,1773846660,3/18/26 5:11,2.68,23.41,7.408,0.945
MiniDot1,Tank24,1773846780,3/18/26 5:13,2.68,23.401,7.429,0.945
MiniDot1,Tank24,1773846900,3/18/26 5:15,2.68,23.401,7.418,0.946
MiniDot1,Tank24,1773847020,3/18/26 5:17,2.68,23.401,7.428,0.945
MiniDot1,Tank24,1773847140,3/18/26 5:19,2.68,23.418,7.435,0.945
MiniDot1,Tank24,1773847260,3/18/26 5:21,2.68,23.401,7.421,0.945
MiniDot1,Tank24,1773847380,3/18/26 5:23,2.68,23.41,7.415,0.944
MiniDot1,Tank24,1773847500,3/18/26 5:25,2.68,23.393,7.445,0.945
MiniDot1,Tank24,1773847620,3/18/26 5:27,2.68,23.401,7.422,0.945
MiniDot1,Tank24,1773847740,3/18/26 5:29,2.68,23.41,7.444,0.946
MiniDot1,Tank24,1773847860,3/18/26 5:31,2.68,23.393,7.448,0.944
MiniDot1,Tank24,1773847980,3/18/26 5:33,2.68,23.435,7.464,0.945
MiniDot1,Tank24,1773848100,3/18/26 5:35,2.68,23.418,7.465,0.945
MiniDot1,Tank24,1773848220,3/18/26 5:37,2.68,23.427,7.47,0.945
MiniDot1,Tank24,1773848340,3/18/26 5:39,2.68,23.418,7.464,0.945
MiniDot1,Tank24,1773848460,3/18/26 5:41,2.68,23.401,7.463,0.945
MiniDot1,Tank24,1773848580,3/18/26 5:43,2.68,23.443,7.458,0.945
MiniDot1,Tank24,1773848700,3/18/26 5:45,2.68,23.435,7.45,0.945
MiniDot1,Tank24,1773848820,3/18/26 5:47,2.68,23.443,7.489,0.945
MiniDot1,Tank24,1773848940,3/18/26 5:49,2.68,23.452,7.485,0.945
MiniDot1,Tank24,1773849060,3/18/26 5:51,2.68,23.443,7.477,0.945
MiniDot1,Tank24,1773849180,3/18/26 5:53,2.68,23.452,7.467,0.944
MiniDot1,Tank24,1773849300,3/18/26 5:55,2.68,23.46,7.495,0.945
MiniDot1,Tank24,1773849420,3/18/26 5:57,2.68,23.485,7.486,0.945
MiniDot1,Tank24,1773849540,3/18/26 5:59,2.68,23.494,7.493,0.945
MiniDot1,Tank24,1773849660,3/18/26 6:01,2.68,23.485,7.475,0.945
MiniDot1,Tank24,1773849780,3/18/26 6:03,2.68,23.494,7.496,0.945
MiniDot1,Tank24,1773849900,3/18/26 6:05,2.68,23.502,7.532,0.945
MiniDot1,Tank24,1773850020,3/18/26 6:07,2.68,23.527,7.492,0.945
MiniDot1,Tank24,1773850140,3/18/26 6:09,2.68,23.51,7.516,0.945
MiniDot1,Tank24,1773850260,3/18/26 6:11,2.68,23.527,7.509,0.945
MiniDot1,Tank24,1773850380,3/18/26 6:13,2.68,23.519,7.525,0.945
MiniDot1,Tank24,1773850500,3/18/26 6:15,2.68,23.535,7.531,0.945
MiniDot1,Tank24,1773850620,3/18/26 6:17,2.68,23.552,7.518,0.945
MiniDot1,Tank24,1773850740,3/18/26 6:19,2.68,23.552,7.522,0.946
MiniDot1,Tank24,1773850860,3/18/26 6:21,2.68,23.544,7.51,0.944
MiniDot1,Tank24,1773850980,3/18/26 6:23,2.68,23.552,7.52,0.945
MiniDot1,Tank24,1773851100,3/18/26 6:25,2.68,23.569,7.534,0.945
MiniDot1,Tank24,1773851220,3/18/26 6:27,2.68,23.577,7.539,0.946
MiniDot1,Tank24,1773851340,3/18/26 6:29,2.68,23.586,7.538,0.945
MiniDot1,Tank24,1773851460,3/18/26 6:31,2.68,23.577,7.559,0.946
MiniDot1,Tank24,1773851580,3/18/26 6:33,2.68,23.611,7.538,0.945
MiniDot1,Tank24,1773851700,3/18/26 6:35,2.68,23.619,7.559,0.945
MiniDot1,Tank24,1773851820,3/18/26 6:37,2.68,23.636,7.548,0.944
MiniDot1,Tank24,1773851940,3/18/26 6:39,2.68,23.628,7.566,0.945
MiniDot1,Tank24,1773852060,3/18/26 6:41,2.68,23.636,7.556,0.945
MiniDot1,Tank24,1773852180,3/18/26 6:43,2.68,23.661,7.596,0.946
MiniDot1,Tank24,1773852300,3/18/26 6:45,2.68,23.678,7.586,0.945
MiniDot1,Tank24,1773852420,3/18/26 6:47,2.68,23.695,7.602,0.946
MiniDot1,Tank24,1773852540,3/18/26 6:49,2.68,23.703,7.573,0.945
MiniDot1,Tank24,1773852660,3/18/26 6:51,2.68,23.72,7.601,0.945
MiniDot1,Tank24,1773852780,3/18/26 6:53,2.68,23.728,7.612,0.946
MiniDot1,Tank24,1773852900,3/18/26 6:55,2.68,23.745,7.598,0.945
MiniDot1,Tank24,1773853020,3/18/26 6:57,2.68,23.753,7.603,0.946
MiniDot1,Tank24,1773853140,3/18/26 6:59,2.68,23.778,7.592,0.945
MiniDot1,Tank24,1773853260,3/18/26 7:01,2.68,23.77,7.606,0.945
MiniDot1,Tank24,1773853380,3/18/26 7:03,2.68,23.778,7.607,0.945
MiniDot1,Tank24,1773853500,3/18/26 7:05,2.68,23.787,7.601,0.946
MiniDot1,Tank24,1773853620,3/18/26 7:07,2.68,23.795,7.597,0.945
MiniDot1,Tank24,1773853740,3/18/26 7:09,2.68,23.795,7.611,0.945
MiniDot1,Tank24,1773853860,3/18/26 7:11,2.68,23.82,7.6,0.944
MiniDot1,Tank24,1773853980,3/18/26 7:13,2.68,23.82,7.617,0.946
MiniDot1,Tank24,1773854100,3/18/26 7:15,2.68,23.837,7.613,0.945
MiniDot1,Tank24,1773854220,3/18/26 7:17,2.68,23.845,7.607,0.946
MiniDot1,Tank24,1773854340,3/18/26 7:19,2.68,23.854,7.604,0.945
MiniDot1,Tank24,1773854460,3/18/26 7:21,2.68,23.87,7.621,0.946
MiniDot1,Tank24,1773854580,3/18/26 7:23,2.68,23.912,7.622,0.945
MiniDot1,Tank24,1773854700,3/18/26 7:25,2.68,23.954,7.62,0.945
MiniDot1,Tank24,1773854820,3/18/26 7:27,2.68,24.005,7.624,0.945
MiniDot1,Tank24,1773854940,3/18/26 7:29,2.68,24.046,7.648,0.946
MiniDot1,Tank24,1773855060,3/18/26 7:31,2.68,24.08,7.664,0.946
MiniDot1,Tank24,1773855180,3/18/26 7:33,2.68,24.122,7.667,0.945
MiniDot1,Tank24,1773855300,3/18/26 7:35,2.68,24.172,7.678,0.945
MiniDot1,Tank24,1773855420,3/18/26 7:37,2.68,24.231,7.659,0.945
MiniDot1,Tank24,1773855540,3/18/26 7:39,2.68,24.281,7.691,0.945
MiniDot1,Tank24,1773855660,3/18/26 7:41,2.68,24.323,7.685,0.944
MiniDot1,Tank24,1773855780,3/18/26 7:43,2.68,24.39,7.698,0.945
MiniDot1,Tank24,1773855900,3/18/26 7:45,2.68,24.399,7.689,0.944
MiniDot1,Tank24,1773856020,3/18/26 7:47,2.68,24.432,7.722,0.946
MiniDot1,Tank24,1773856140,3/18/26 7:49,2.68,24.432,7.701,0.945
MiniDot1,Tank24,1773856260,3/18/26 7:51,2.68,24.458,7.716,0.945
MiniDot1,Tank24,1773856380,3/18/26 7:53,2.68,24.449,7.743,0.946
MiniDot1,Tank24,1773856500,3/18/26 7:55,2.68,24.466,7.728,0.945
MiniDot1,Tank24,1773856620,3/18/26 7:57,2.68,24.508,7.745,0.946
MiniDot1,Tank24,1773856740,3/18/26 7:59,2.68,24.541,7.754,0.946
MiniDot1,Tank24,1773856860,3/18/26 8:01,2.68,24.567,7.748,0.945
MiniDot1,Tank24,1773856980,3/18/26 8:03,2.68,24.625,7.771,0.946
MiniDot1,Tank24,1773857100,3/18/26 8:05,2.68,24.667,7.772,0.946
MiniDot1,Tank24,1773857220,3/18/26 8:07,2.68,24.709,7.78,0.946
MiniDot1,Tank24,1773857340,3/18/26 8:09,2.68,24.777,7.783,0.945
MiniDot1,Tank24,1773857460,3/18/26 8:11,2.68,24.827,7.791,0.945
MiniDot1,Tank24,1773857580,3/18/26 8:13,2.68,24.877,7.786,0.945
MiniDot1,Tank24,1773857700,3/18/26 8:15,2.68,24.894,7.808,0.946
MiniDot1,Tank24,1773857820,3/18/26 8:17,2.68,24.928,7.806,0.946
MiniDot1,Tank24,1773857940,3/18/26 8:19,2.68,24.961,7.804,0.945
MiniDot1,Tank24,1773858060,3/18/26 8:21,2.68,24.97,7.816,0.946
MiniDot1,Tank24,1773858180,3/18/26 8:23,2.68,24.987,7.799,0.946
MiniDot1,Tank24,1773858300,3/18/26 8:25,2.68,25.004,7.799,0.946
MiniDot1,Tank24,1773858420,3/18/26 8:27,2.68,25.012,7.793,0.946
MiniDot1,Tank24,1773858540,3/18/26 8:29,2.68,25.012,7.786,0.945
MiniDot1,Tank24,1773858660,3/18/26 8:31,2.68,25.054,7.8,0.946
MiniDot1,Tank24,1773858780,3/18/26 8:33,2.68,25.046,7.779,0.946
MiniDot1,Tank24,1773858900,3/18/26 8:35,2.68,25.054,7.781,0.946
MiniDot1,Tank24,1773859020,3/18/26 8:37,2.68,25.054,7.76,0.945
MiniDot1,Tank24,1773859140,3/18/26 8:39,2.68,25.054,7.763,0.946
MiniDot1,Tank24,1773859260,3/18/26 8:41,2.68,25.054,7.744,0.945
MiniDot1,Tank24,1773859380,3/18/26 8:43,2.68,25.062,7.738,0.946
MiniDot1,Tank24,1773859500,3/18/26 8:45,2.68,25.071,7.742,0.946
MiniDot1,Tank24,1773859620,3/18/26 8:47,2.68,25.062,7.746,0.946
MiniDot1,Tank24,1773859740,3/18/26 8:49,2.68,25.079,7.742,0.945
MiniDot1,Tank24,1773859860,3/18/26 8:51,2.68,25.096,7.74,0.946
MiniDot1,Tank24,1773859980,3/18/26 8:53,2.68,25.071,7.755,0.946
MiniDot1,Tank24,1773860100,3/18/26 8:55,2.68,25.113,7.726,0.946
MiniDot1,Tank24,1773860220,3/18/26 8:57,2.68,25.096,7.726,0.947
MiniDot1,Tank24,1773860340,3/18/26 8:59,2.68,25.104,7.722,0.946
MiniDot1,Tank24,1773860460,3/18/26 9:01,2.68,25.113,7.705,0.946
MiniDot1,Tank24,1773860580,3/18/26 9:03,2.68,25.104,7.715,0.946
MiniDot1,Tank24,1773860700,3/18/26 9:05,2.68,25.13,7.706,0.946
MiniDot1,Tank24,1773860820,3/18/26 9:07,2.68,25.113,7.702,0.945
MiniDot1,Tank24,1773860940,3/18/26 9:09,2.68,25.121,7.696,0.946
MiniDot1,Tank24,1773861060,3/18/26 9:11,2.68,25.13,7.693,0.946
MiniDot1,Tank24,1773861180,3/18/26 9:13,2.68,25.146,7.705,0.948
MiniDot1,Tank24,1773861300,3/18/26 9:15,2.68,25.121,7.691,0.945
MiniDot1,Tank24,1773861420,3/18/26 9:17,2.68,25.138,7.697,0.945
MiniDot1,Tank24,1773861540,3/18/26 9:19,2.68,25.189,7.725,0.946
MiniDot1,Tank24,1773861660,3/18/26 9:21,2.68,25.273,7.739,0.946
MiniDot1,Tank24,1773861780,3/18/26 9:23,2.68,25.34,7.754,0.946
MiniDot1,Tank24,1773861900,3/18/26 9:25,2.68,25.441,7.766,0.946
MiniDot1,Tank24,1773862020,3/18/26 9:27,2.68,25.534,7.761,0.946
MiniDot1,Tank24,1773862140,3/18/26 9:29,2.68,25.61,7.78,0.946
MiniDot1,Tank24,1773862260,3/18/26 9:31,2.68,25.685,7.78,0.946
MiniDot1,Tank24,1773862380,3/18/26 9:33,2.68,25.778,7.772,0.946
MiniDot1,Tank24,1773862500,3/18/26 9:35,2.68,25.837,7.78,0.945
MiniDot1,Tank24,1773862620,3/18/26 9:37,2.68,25.862,7.791,0.946
MiniDot1,Tank24,1773862740,3/18/26 9:39,2.68,25.871,7.795,0.947
MiniDot1,Tank24,1773862860,3/18/26 9:41,2.68,25.879,7.805,0.947
MiniDot1,Tank24,1773862980,3/18/26 9:43,2.68,25.905,7.798,0.946
MiniDot1,Tank24,1773863100,3/18/26 9:45,2.68,25.955,7.789,0.945
MiniDot1,Tank24,1773863220,3/18/26 9:47,2.68,25.997,7.819,0.947
MiniDot1,Tank24,1773863340,3/18/26 9:49,2.68,26.048,7.821,0.947
MiniDot1,Tank24,1773863460,3/18/26 9:51,2.67,26.09,7.823,0.947
MiniDot1,Tank24,1773863580,3/18/26 9:53,2.67,26.124,7.793,0.945
MiniDot1,Tank24,1773863700,3/18/26 9:55,2.67,26.133,7.822,0.947
MiniDot1,Tank24,1773863820,3/18/26 9:57,2.67,26.166,7.83,0.947
MiniDot1,Tank24,1773863940,3/18/26 9:59,2.67,26.242,7.841,0.947
MiniDot1,Tank24,1773864060,3/18/26 10:01,2.67,26.301,7.835,0.946
MiniDot1,Tank24,1773864180,3/18/26 10:03,2.67,26.386,7.841,0.947
MiniDot1,Tank24,1773864300,3/18/26 10:05,2.68,26.445,7.854,0.947
MiniDot1,Tank24,1773864420,3/18/26 10:07,2.68,26.538,7.853,0.947
MiniDot1,Tank24,1773864540,3/18/26 10:09,2.68,26.572,7.846,0.947
MiniDot1,Tank24,1773864660,3/18/26 10:11,2.68,26.606,7.852,0.948
MiniDot1,Tank24,1773864780,3/18/26 10:13,2.68,26.614,7.844,0.948
MiniDot1,Tank24,1773864900,3/18/26 10:15,2.68,26.623,7.845,0.949
MiniDot1,Tank24,1773865020,3/18/26 10:17,2.68,26.623,7.847,0.948
MiniDot1,Tank24,1773865140,3/18/26 10:19,2.68,26.674,7.834,0.947
MiniDot1,Tank24,1773865260,3/18/26 10:21,2.68,26.699,7.86,0.948
MiniDot1,Tank24,1773865380,3/18/26 10:23,2.68,26.733,7.844,0.947
MiniDot1,Tank24,1773865500,3/18/26 10:25,2.68,26.733,7.845,0.947
MiniDot1,Tank24,1773865620,3/18/26 10:27,2.68,26.784,7.857,0.948
MiniDot1,Tank24,1773865740,3/18/26 10:29,2.68,26.809,7.863,0.948
MiniDot1,Tank24,1773865860,3/18/26 10:31,2.68,26.885,7.863,0.948
MiniDot1,Tank24,1773865980,3/18/26 10:33,2.68,26.928,7.853,0.947
MiniDot1,Tank24,1773866100,3/18/26 10:35,2.68,26.987,7.871,0.948
MiniDot1,Tank24,1773866220,3/18/26 10:37,2.67,27.012,7.857,0.947
MiniDot1,Tank24,1773866340,3/18/26 10:39,2.67,27.055,7.862,0.947
MiniDot1,Tank24,1773866460,3/18/26 10:41,2.67,27.08,7.874,0.948
MiniDot1,Tank24,1773866580,3/18/26 10:43,2.67,27.123,7.877,0.948
MiniDot1,Tank24,1773866700,3/18/26 10:45,2.67,27.157,7.882,0.948
MiniDot1,Tank24,1773866820,3/18/26 10:47,2.67,27.216,7.88,0.948
MiniDot1,Tank24,1773866940,3/18/26 10:49,2.67,27.233,7.885,0.949
MiniDot1,Tank24,1773867060,3/18/26 10:51,2.67,27.233,7.872,0.949
MiniDot1,Tank24,1773867180,3/18/26 10:53,2.67,27.233,7.867,0.949
MiniDot1,Tank24,1773867300,3/18/26 10:55,2.67,27.259,7.871,0.948
MiniDot1,Tank24,1773867420,3/18/26 10:57,2.67,27.318,7.868,0.948
MiniDot1,Tank24,1773867540,3/18/26 10:59,2.67,27.343,7.862,0.947
MiniDot1,Tank24,1773867660,3/18/26 11:01,2.67,27.352,7.868,0.949
MiniDot1,Tank24,1773867780,3/18/26 11:03,2.67,27.369,7.862,0.947
MiniDot1,Tank24,1773867900,3/18/26 11:05,2.67,27.403,7.868,0.948
MiniDot1,Tank24,1773868020,3/18/26 11:07,2.67,27.445,7.874,0.949
MiniDot1,Tank24,1773868140,3/18/26 11:09,2.67,27.462,7.874,0.949
MiniDot1,Tank24,1773868260,3/18/26 11:11,2.67,27.454,7.872,0.949
MiniDot1,Tank24,1773868380,3/18/26 11:13,2.67,27.462,7.872,0.949
MiniDot1,Tank24,1773868500,3/18/26 11:15,2.67,27.437,7.87,0.949
MiniDot1,Tank24,1773868620,3/18/26 11:17,2.67,27.462,7.867,0.948
MiniDot1,Tank24,1773868740,3/18/26 11:19,2.67,27.437,7.883,0.949
MiniDot1,Tank24,1773868860,3/18/26 11:21,2.67,27.428,7.887,0.949
MiniDot1,Tank24,1773868980,3/18/26 11:23,2.67,27.454,7.875,0.948
MiniDot1,Tank24,1773869100,3/18/26 11:25,2.67,27.488,7.876,0.949
MiniDot1,Tank24,1773869220,3/18/26 11:27,2.67,27.53,7.899,0.949
MiniDot1,Tank24,1773869340,3/18/26 11:29,2.67,27.53,7.898,0.95
MiniDot1,Tank24,1773869460,3/18/26 11:31,2.68,27.556,7.891,0.949
MiniDot1,Tank24,1773869580,3/18/26 11:33,2.68,27.581,7.88,0.948
MiniDot1,Tank24,1773869700,3/18/26 11:35,2.68,27.581,7.88,0.949
MiniDot1,Tank24,1773869820,3/18/26 11:37,2.68,27.564,7.869,0.949
MiniDot1,Tank24,1773869940,3/18/26 11:39,2.68,27.564,7.849,0.949
MiniDot1,Tank24,1773870060,3/18/26 11:41,2.68,27.539,7.829,0.948
MiniDot1,Tank24,1773870180,3/18/26 11:43,2.67,27.513,7.835,0.95
MiniDot1,Tank24,1773870300,3/18/26 11:45,2.67,27.488,7.824,0.95
MiniDot1,Tank24,1773870420,3/18/26 11:47,2.67,27.462,7.804,0.948
MiniDot1,Tank24,1773870540,3/18/26 11:49,2.67,27.445,7.789,0.949
MiniDot1,Tank24,1773870660,3/18/26 11:51,2.67,27.411,7.775,0.948
MiniDot1,Tank24,1773870780,3/18/26 11:53,2.67,27.394,7.801,0.949
MiniDot1,Tank24,1773870900,3/18/26 11:55,2.67,27.386,7.791,0.949
MiniDot1,Tank24,1773871020,3/18/26 11:57,2.67,27.352,7.794,0.95
MiniDot1,Tank24,1773871140,3/18/26 11:59,2.67,27.352,7.77,0.949
MiniDot1,Tank24,1773871260,3/18/26 12:01,2.67,27.301,7.772,0.949
MiniDot1,Tank24,1773871380,3/18/26 12:03,2.67,27.292,7.77,0.949
MiniDot1,Tank24,1773871500,3/18/26 12:05,2.67,27.267,7.778,0.95
MiniDot1,Tank24,1773871620,3/18/26 12:07,2.67,27.259,7.765,0.949
MiniDot1,Tank24,1773871740,3/18/26 12:09,2.67,27.25,7.76,0.948
MiniDot1,Tank24,1773871860,3/18/26 12:11,2.67,27.242,7.766,0.948
MiniDot1,Tank24,1773871980,3/18/26 12:13,2.67,27.233,7.768,0.948
MiniDot1,Tank24,1773872100,3/18/26 12:15,2.67,27.216,7.79,0.949
MiniDot1,Tank24,1773872220,3/18/26 12:17,2.67,27.208,7.781,0.949
MiniDot1,Tank24,1773872340,3/18/26 12:19,2.67,27.216,7.801,0.949
MiniDot1,Tank24,1773872460,3/18/26 12:21,2.67,27.242,7.789,0.948
MiniDot1,Tank24,1773872580,3/18/26 12:23,2.67,27.259,7.812,0.948
MiniDot1,Tank24,1773872700,3/18/26 12:25,2.67,27.276,7.833,0.949
MiniDot1,Tank24,1773872820,3/18/26 12:27,2.67,27.292,7.819,0.948
MiniDot1,Tank24,1773872940,3/18/26 12:29,2.67,27.309,7.835,0.95
MiniDot1,Tank24,1773873060,3/18/26 12:31,2.67,27.292,7.839,0.95
MiniDot1,Tank24,1773873180,3/18/26 12:33,2.67,27.284,7.827,0.949
MiniDot1,Tank24,1773873300,3/18/26 12:35,2.67,27.284,7.818,0.949
MiniDot1,Tank24,1773873420,3/18/26 12:37,2.67,27.276,7.808,0.949
MiniDot1,Tank24,1773873540,3/18/26 12:39,2.67,27.259,7.796,0.949
MiniDot1,Tank24,1773873660,3/18/26 12:41,2.67,27.225,7.775,0.948
MiniDot1,Tank24,1773873780,3/18/26 12:43,2.67,27.216,7.771,0.949
MiniDot1,Tank24,1773873900,3/18/26 12:45,2.67,27.182,7.765,0.949
MiniDot1,Tank24,1773874020,3/18/26 12:47,2.67,27.174,7.753,0.949
MiniDot1,Tank24,1773874140,3/18/26 12:49,2.67,27.148,7.751,0.948
MiniDot1,Tank24,1773874260,3/18/26 12:51,2.67,27.131,7.756,0.949
MiniDot1,Tank24,1773874380,3/18/26 12:53,2.67,27.131,7.773,0.949
MiniDot1,Tank24,1773874500,3/18/26 12:55,2.67,27.114,7.773,0.948
MiniDot1,Tank24,1773874620,3/18/26 12:57,2.67,27.131,7.794,0.949
MiniDot1,Tank24,1773874740,3/18/26 12:59,2.67,27.131,7.789,0.949
MiniDot1,Tank24,1773874860,3/18/26 13:01,2.67,27.14,7.788,0.949
MiniDot1,Tank24,1773874980,3/18/26 13:03,2.67,27.123,7.771,0.948
MiniDot1,Tank24,1773875100,3/18/26 13:05,2.67,27.106,7.78,0.949
MiniDot1,Tank24,1773875220,3/18/26 13:07,2.68,27.08,7.78,0.949
MiniDot1,Tank24,1773875340,3/18/26 13:09,2.67,27.08,7.758,0.948
MiniDot1,Tank24,1773875460,3/18/26 13:11,2.68,27.046,7.764,0.949
MiniDot1,Tank24,1773875580,3/18/26 13:13,2.68,27.021,7.759,0.949
MiniDot1,Tank24,1773875700,3/18/26 13:15,2.68,27.012,7.749,0.948
MiniDot1,Tank24,1773875820,3/18/26 13:17,2.68,26.97,7.746,0.948
MiniDot1,Tank24,1773875940,3/18/26 13:19,2.68,26.97,7.729,0.947
MiniDot1,Tank24,1773876060,3/18/26 13:21,2.68,26.936,7.739,0.948
MiniDot1,Tank24,1773876180,3/18/26 13:23,2.68,26.911,7.734,0.948
MiniDot1,Tank24,1773876300,3/18/26 13:25,2.68,26.877,7.733,0.948
MiniDot1,Tank24,1773876420,3/18/26 13:27,2.68,26.877,7.739,0.949
MiniDot1,Tank24,1773876540,3/18/26 13:29,2.68,26.868,7.731,0.948
MiniDot1,Tank24,1773876660,3/18/26 13:31,2.68,26.835,7.73,0.948
MiniDot1,Tank24,1773876780,3/18/26 13:33,2.68,26.835,7.716,0.948
MiniDot1,Tank24,1773876900,3/18/26 13:35,2.68,26.792,7.712,0.947
MiniDot1,Tank24,1773877020,3/18/26 13:37,2.68,26.775,7.722,0.949
MiniDot1,Tank24,1773877140,3/18/26 13:39,2.68,26.758,7.703,0.948
MiniDot1,Tank24,1773877260,3/18/26 13:41,2.68,26.707,7.701,0.948
MiniDot1,Tank24,1773877380,3/18/26 13:43,2.68,26.716,7.692,0.948
MiniDot1,Tank24,1773877500,3/18/26 13:45,2.68,26.699,7.689,0.948
MiniDot1,Tank24,1773877620,3/18/26 13:47,2.68,26.674,7.715,0.949
MiniDot1,Tank24,1773877740,3/18/26 13:49,2.68,26.657,7.709,0.949
MiniDot1,Tank24,1773877860,3/18/26 13:51,2.68,26.64,7.68,0.948
MiniDot1,Tank24,1773877980,3/18/26 13:53,2.68,26.597,7.654,0.947
MiniDot1,Tank24,1773878100,3/18/26 13:55,2.68,26.572,7.653,0.949
MiniDot1,Tank24,1773878220,3/18/26 13:57,2.68,26.53,7.639,0.948
MiniDot1,Tank24,1773878340,3/18/26 13:59,2.68,26.513,7.633,0.948
MiniDot1,Tank24,1773878460,3/18/26 14:01,2.68,26.454,7.624,0.947
MiniDot1,Tank24,1773878580,3/18/26 14:03,2.68,26.437,7.61,0.947
MiniDot1,Tank24,1773878700,3/18/26 14:05,2.68,26.411,7.611,0.948
MiniDot1,Tank24,1773878820,3/18/26 14:07,2.67,26.386,7.611,0.948
MiniDot1,Tank24,1773878940,3/18/26 14:09,2.67,26.369,7.605,0.947
MiniDot1,Tank24,1773879060,3/18/26 14:11,2.67,26.361,7.613,0.948
MiniDot1,Tank24,1773879180,3/18/26 14:13,2.67,26.318,7.621,0.948
MiniDot1,Tank24,1773879300,3/18/26 14:15,2.67,26.327,7.616,0.948
MiniDot1,Tank24,1773879420,3/18/26 14:17,2.67,26.301,7.604,0.947
MiniDot1,Tank24,1773879540,3/18/26 14:19,2.67,26.285,7.605,0.948
MiniDot1,Tank24,1773879660,3/18/26 14:21,2.67,26.251,7.59,0.947
MiniDot1,Tank24,1773879780,3/18/26 14:23,2.68,26.225,7.597,0.948
MiniDot1,Tank24,1773879900,3/18/26 14:25,2.68,26.2,7.582,0.947
MiniDot1,Tank24,1773880020,3/18/26 14:27,2.68,26.175,7.574,0.948
MiniDot1,Tank24,1773880140,3/18/26 14:29,2.68,26.158,7.558,0.947
MiniDot1,Tank24,1773880260,3/18/26 14:31,2.68,26.116,7.578,0.948
MiniDot1,Tank24,1773880380,3/18/26 14:33,2.68,26.116,7.576,0.948
MiniDot1,Tank24,1773880500,3/18/26 14:35,2.68,26.099,7.592,0.948
MiniDot1,Tank24,1773880620,3/18/26 14:37,2.68,26.099,7.609,0.948
MiniDot1,Tank24,1773880740,3/18/26 14:39,2.68,26.09,7.612,0.948
MiniDot1,Tank24,1773880860,3/18/26 14:41,2.68,26.082,7.615,0.947
MiniDot1,Tank24,1773880980,3/18/26 14:43,2.68,26.082,7.636,0.948
MiniDot1,Tank24,1773881100,3/18/26 14:45,2.68,26.073,7.64,0.948
MiniDot1,Tank24,1773881220,3/18/26 14:47,2.68,26.057,7.644,0.948
MiniDot1,Tank24,1773881340,3/18/26 14:49,2.68,26.048,7.629,0.948
MiniDot1,Tank24,1773881460,3/18/26 14:51,2.68,26.023,7.622,0.948
MiniDot1,Tank24,1773881580,3/18/26 14:53,2.68,26.006,7.616,0.948
MiniDot1,Tank24,1773881700,3/18/26 14:55,2.68,25.972,7.61,0.948
MiniDot1,Tank24,1773881820,3/18/26 14:57,2.68,25.972,7.597,0.947
MiniDot1,Tank24,1773881940,3/18/26 14:59,2.68,25.938,7.599,0.947
MiniDot1,Tank24,1773882060,3/18/26 15:01,2.68,25.921,7.582,0.946
MiniDot1,Tank24,1773882180,3/18/26 15:03,2.68,25.888,7.587,0.947
MiniDot1,Tank24,1773882300,3/18/26 15:05,2.68,25.871,7.577,0.947
MiniDot1,Tank24,1773882420,3/18/26 15:07,2.68,25.846,7.572,0.947
MiniDot1,Tank24,1773882540,3/18/26 15:09,2.68,25.812,7.569,0.947
MiniDot1,Tank24,1773882660,3/18/26 15:11,2.68,25.803,7.566,0.948
MiniDot1,Tank24,1773882780,3/18/26 15:13,2.68,25.795,7.562,0.947
MiniDot1,Tank24,1773882900,3/18/26 15:15,2.68,25.744,7.561,0.946
MiniDot1,Tank24,1773883020,3/18/26 15:17,2.68,25.744,7.568,0.947
MiniDot1,Tank24,1773883140,3/18/26 15:19,2.68,25.719,7.565,0.946
MiniDot1,Tank24,1773883260,3/18/26 15:21,2.68,25.685,7.6,0.948
MiniDot1,Tank24,1773883380,3/18/26 15:23,2.68,25.669,7.578,0.947
MiniDot1,Tank24,1773883500,3/18/26 15:25,2.68,25.66,7.572,0.947
MiniDot1,Tank24,1773883620,3/18/26 15:27,2.68,25.643,7.579,0.948
MiniDot1,Tank24,1773883740,3/18/26 15:29,2.68,25.618,7.568,0.947
MiniDot1,Tank24,1773883860,3/18/26 15:31,2.68,25.593,7.57,0.948
MiniDot1,Tank24,1773883980,3/18/26 15:33,2.68,25.559,7.558,0.947
MiniDot1,Tank24,1773884100,3/18/26 15:35,2.68,25.559,7.54,0.947
MiniDot1,Tank24,1773884220,3/18/26 15:37,2.68,25.508,7.545,0.947
MiniDot1,Tank24,1773884340,3/18/26 15:39,2.68,25.508,7.523,0.946
MiniDot1,Tank24,1773884460,3/18/26 15:41,2.68,25.458,7.526,0.947
MiniDot1,Tank24,1773884580,3/18/26 15:43,2.68,25.441,7.512,0.946
MiniDot1,Tank24,1773884700,3/18/26 15:45,2.68,25.449,7.513,0.946
MiniDot1,Tank24,1773884820,3/18/26 15:47,2.68,25.416,7.519,0.947
MiniDot1,Tank24,1773884940,3/18/26 15:49,2.68,25.416,7.523,0.947
MiniDot1,Tank24,1773885060,3/18/26 15:51,2.68,25.407,7.508,0.946
MiniDot1,Tank24,1773885180,3/18/26 15:53,2.68,25.382,7.515,0.946
MiniDot1,Tank24,1773885300,3/18/26 15:55,2.68,25.382,7.52,0.947
MiniDot1,Tank24,1773885420,3/18/26 15:57,2.68,25.365,7.496,0.946
MiniDot1,Tank24,1773885540,3/18/26 15:59,2.68,25.382,7.522,0.947
MiniDot1,Tank24,1773885660,3/18/26 16:01,2.68,25.374,7.536,0.947
MiniDot1,Tank24,1773885780,3/18/26 16:03,2.68,25.382,7.525,0.947
MiniDot1,Tank24,1773885900,3/18/26 16:05,2.68,25.348,7.539,0.947
MiniDot1,Tank24,1773886020,3/18/26 16:07,2.68,25.348,7.534,0.947
MiniDot1,Tank24,1773886140,3/18/26 16:09,2.68,25.348,7.55,0.947
MiniDot1,Tank24,1773886260,3/18/26 16:11,2.68,25.34,7.53,0.946
MiniDot1,Tank24,1773886380,3/18/26 16:13,2.68,25.365,7.534,0.947
MiniDot1,Tank24,1773886500,3/18/26 16:15,2.68,25.348,7.523,0.946
MiniDot1,Tank24,1773886620,3/18/26 16:17,2.68,25.34,7.537,0.947
MiniDot1,Tank24,1773886740,3/18/26 16:19,2.68,25.34,7.53,0.946
MiniDot1,Tank24,1773886860,3/18/26 16:21,2.68,25.34,7.538,0.947
MiniDot1,Tank24,1773886980,3/18/26 16:23,2.68,25.332,7.527,0.946
MiniDot1,Tank24,1773887100,3/18/26 16:25,2.68,25.332,7.536,0.947
MiniDot1,Tank24,1773887220,3/18/26 16:27,2.68,25.323,7.54,0.947
MiniDot1,Tank24,1773887340,3/18/26 16:29,2.68,25.34,7.543,0.948
MiniDot1,Tank24,1773887460,3/18/26 16:31,2.68,25.323,7.528,0.947
MiniDot1,Tank24,1773887580,3/18/26 16:33,2.68,25.323,7.516,0.946
MiniDot1,Tank24,1773887700,3/18/26 16:35,2.68,25.298,7.513,0.946
MiniDot1,Tank24,1773887820,3/18/26 16:37,2.68,25.273,7.521,0.948
MiniDot1,Tank24,1773887940,3/18/26 16:39,2.68,25.273,7.512,0.947
MiniDot1,Tank24,1773888060,3/18/26 16:41,2.68,25.273,7.494,0.947
MiniDot1,Tank24,1773888180,3/18/26 16:43,2.68,25.264,7.482,0.946
MiniDot1,Tank24,1773888300,3/18/26 16:45,2.68,25.264,7.482,0.947
MiniDot1,Tank24,1773888420,3/18/26 16:47,2.68,25.247,7.461,0.946
MiniDot1,Tank24,1773888540,3/18/26 16:49,2.68,25.222,7.473,0.947
MiniDot1,Tank24,1773888660,3/18/26 16:51,2.68,25.231,7.454,0.946
MiniDot1,Tank24,1773888780,3/18/26 16:53,2.68,25.222,7.458,0.947
MiniDot1,Tank24,1773888900,3/18/26 16:55,2.68,25.214,7.447,0.947
MiniDot1,Tank24,1773889020,3/18/26 16:57,2.68,25.197,7.445,0.947
MiniDot1,Tank24,1773889140,3/18/26 16:59,2.68,25.189,7.447,0.947
MiniDot1,Tank24,1773889260,3/18/26 17:01,2.68,25.163,7.426,0.946
MiniDot1,Tank24,1773889380,3/18/26 17:03,2.68,25.163,7.426,0.947
MiniDot1,Tank24,1773889500,3/18/26 17:05,2.68,25.146,7.414,0.946
MiniDot1,Tank24,1773889620,3/18/26 17:07,2.68,25.138,7.421,0.947
MiniDot1,Tank24,1773889740,3/18/26 17:09,2.68,25.13,7.406,0.947
MiniDot1,Tank24,1773889860,3/18/26 17:11,2.68,25.104,7.415,0.947
MiniDot1,Tank24,1773889980,3/18/26 17:13,2.68,25.096,7.407,0.947
MiniDot1,Tank24,1773890100,3/18/26 17:15,2.68,25.088,7.382,0.945
MiniDot1,Tank24,1773890220,3/18/26 17:17,2.68,25.079,7.393,0.946
MiniDot1,Tank24,1773890340,3/18/26 17:19,2.68,25.054,7.405,0.947
MiniDot1,Tank24,1773890460,3/18/26 17:21,2.68,25.071,7.388,0.947
MiniDot1,Tank24,1773890580,3/18/26 17:23,2.68,25.054,7.387,0.947
MiniDot1,Tank24,1773890700,3/18/26 17:25,2.68,25.046,7.38,0.947
MiniDot1,Tank24,1773890820,3/18/26 17:27,2.68,25.02,7.373,0.946
MiniDot1,Tank24,1773890940,3/18/26 17:29,2.68,25.02,7.377,0.947
MiniDot1,Tank24,1773891060,3/18/26 17:31,2.68,24.995,7.376,0.947
MiniDot1,Tank24,1773891180,3/18/26 17:33,2.68,25.004,7.366,0.946
MiniDot1,Tank24,1773891300,3/18/26 17:35,2.68,24.995,7.371,0.947
MiniDot1,Tank24,1773891420,3/18/26 17:37,2.68,24.953,7.377,0.947
MiniDot1,Tank24,1773891540,3/18/26 17:39,2.68,24.953,7.366,0.946
MiniDot1,Tank24,1773891660,3/18/26 17:41,2.68,24.936,7.36,0.946
MiniDot1,Tank24,1773891780,3/18/26 17:43,2.68,24.919,7.368,0.947
MiniDot1,Tank24,1773891900,3/18/26 17:45,2.68,24.919,7.356,0.946
MiniDot1,Tank24,1773892020,3/18/26 17:47,2.68,24.903,7.364,0.947
MiniDot1,Tank24,1773892140,3/18/26 17:49,2.68,24.894,7.361,0.947
MiniDot1,Tank24,1773892260,3/18/26 17:51,2.68,24.894,7.364,0.947
MiniDot1,Tank24,1773892380,3/18/26 17:53,2.68,24.877,7.357,0.946
MiniDot1,Tank24,1773892500,3/18/26 17:55,2.68,24.852,7.358,0.946
MiniDot1,Tank24,1773892620,3/18/26 17:57,2.68,24.844,7.352,0.946
MiniDot1,Tank24,1773892740,3/18/26 17:59,2.68,24.844,7.363,0.947
MiniDot1,Tank24,1773892860,3/18/26 18:01,2.68,24.827,7.364,0.946
MiniDot1,Tank24,1773892980,3/18/26 18:03,2.68,24.819,7.359,0.947
MiniDot1,Tank24,1773893100,3/18/26 18:05,2.68,24.827,7.361,0.947
MiniDot1,Tank24,1773893220,3/18/26 18:07,2.68,24.819,7.352,0.946
MiniDot1,Tank24,1773893340,3/18/26 18:09,2.68,24.802,7.363,0.947
MiniDot1,Tank24,1773893460,3/18/26 18:11,2.68,24.777,7.35,0.946
MiniDot1,Tank24,1773893580,3/18/26 18:13,2.68,24.777,7.373,0.947
MiniDot1,Tank24,1773893700,3/18/26 18:15,2.68,24.768,7.365,0.947
MiniDot1,Tank24,1773893820,3/18/26 18:17,2.68,24.76,7.365,0.947
MiniDot1,Tank24,1773893940,3/18/26 18:19,2.68,24.768,7.361,0.946
MiniDot1,Tank24,1773894060,3/18/26 18:21,2.68,24.743,7.369,0.947
MiniDot1,Tank24,1773894180,3/18/26 18:23,2.68,24.726,7.356,0.946
MiniDot1,Tank24,1773894300,3/18/26 18:25,2.68,24.726,7.366,0.947
MiniDot1,Tank24,1773894420,3/18/26 18:27,2.68,24.726,7.38,0.947
MiniDot1,Tank24,1773894540,3/18/26 18:29,2.68,24.718,7.356,0.946
MiniDot1,Tank24,1773894660,3/18/26 18:31,2.68,24.701,7.355,0.946
MiniDot1,Tank24,1773894780,3/18/26 18:33,2.68,24.667,7.374,0.947
MiniDot1,Tank24,1773894900,3/18/26 18:35,2.68,24.676,7.367,0.946
MiniDot1,Tank24,1773895020,3/18/26 18:37,2.68,24.667,7.381,0.947
MiniDot1,Tank24,1773895140,3/18/26 18:39,2.68,24.659,7.367,0.946
MiniDot1,Tank24,1773895260,3/18/26 18:41,2.68,24.642,7.379,0.947
MiniDot1,Tank24,1773895380,3/18/26 18:43,2.68,24.642,7.365,0.946
MiniDot1,Tank24,1773895500,3/18/26 18:45,2.68,24.617,7.373,0.946
MiniDot1,Tank24,1773895620,3/18/26 18:47,2.68,24.625,7.363,0.946
MiniDot1,Tank24,1773895740,3/18/26 18:49,2.68,24.617,7.375,0.946
MiniDot1,Tank24,1773895860,3/18/26 18:51,2.68,24.6,7.376,0.946
MiniDot1,Tank24,1773895980,3/18/26 18:53,2.68,24.6,7.384,0.947
MiniDot1,Tank24,1773896100,3/18/26 18:55,2.68,24.575,7.364,0.945
MiniDot1,Tank24,1773896220,3/18/26 18:57,2.68,24.567,7.373,0.946
MiniDot1,Tank24,1773896340,3/18/26 18:59,2.68,24.567,7.378,0.946
MiniDot1,Tank24,1773896460,3/18/26 19:01,2.68,24.533,7.391,0.947
MiniDot1,Tank24,1773896580,3/18/26 19:03,2.68,24.541,7.399,0.947
MiniDot1,Tank24,1773896700,3/18/26 19:05,2.68,24.533,7.371,0.946
MiniDot1,Tank24,1773896820,3/18/26 19:07,2.68,24.533,7.393,0.947
MiniDot1,Tank24,1773896940,3/18/26 19:09,2.68,24.516,7.372,0.946
MiniDot1,Tank24,1773897060,3/18/26 19:11,2.68,24.516,7.383,0.947
MiniDot1,Tank24,1773897180,3/18/26 19:13,2.68,24.516,7.38,0.947
MiniDot1,Tank24,1773897300,3/18/26 19:15,2.68,24.516,7.373,0.947
MiniDot1,Tank24,1773897420,3/18/26 19:17,2.68,24.499,7.392,0.947
MiniDot1,Tank24,1773897540,3/18/26 19:19,2.68,24.491,7.384,0.946
MiniDot1,Tank24,1773897660,3/18/26 19:21,2.68,24.483,7.379,0.946
MiniDot1,Tank24,1773897780,3/18/26 19:23,2.68,24.483,7.391,0.947
MiniDot1,Tank24,1773897900,3/18/26 19:25,2.68,24.474,7.379,0.946
MiniDot1,Tank24,1773898020,3/18/26 19:27,2.68,24.474,7.385,0.946
MiniDot1,Tank24,1773898140,3/18/26 19:29,2.68,24.466,7.393,0.947
MiniDot1,Tank24,1773898260,3/18/26 19:31,2.68,24.458,7.379,0.946
MiniDot1,Tank24,1773898380,3/18/26 19:33,2.68,24.449,7.391,0.946
MiniDot1,Tank24,1773898500,3/18/26 19:35,2.68,24.449,7.401,0.947
MiniDot1,Tank24,1773898620,3/18/26 19:37,2.68,24.432,7.39,0.946
MiniDot1,Tank24,1773898740,3/18/26 19:39,2.68,24.441,7.398,0.947
MiniDot1,Tank24,1773898860,3/18/26 19:41,2.68,24.441,7.391,0.946
MiniDot1,Tank24,1773898980,3/18/26 19:43,2.68,24.424,7.396,0.947
MiniDot1,Tank24,1773899100,3/18/26 19:45,2.68,24.407,7.396,0.946
MiniDot1,Tank24,1773899220,3/18/26 19:47,2.68,24.399,7.387,0.946
MiniDot1,Tank24,1773899340,3/18/26 19:49,2.68,24.416,7.393,0.946
MiniDot1,Tank24,1773899460,3/18/26 19:51,2.68,24.407,7.389,0.946
MiniDot1,Tank24,1773899580,3/18/26 19:53,2.68,24.407,7.387,0.947
MiniDot1,Tank24,1773899700,3/18/26 19:55,2.68,24.407,7.384,0.946
MiniDot1,Tank24,1773899820,3/18/26 19:57,2.68,24.399,7.385,0.946
MiniDot1,Tank24,1773899940,3/18/26 19:59,2.68,24.407,7.392,0.947
MiniDot1,Tank24,1773900060,3/18/26 20:01,2.68,24.399,7.395,0.947
MiniDot1,Tank24,1773900180,3/18/26 20:03,2.68,24.382,7.392,0.946
MiniDot1,Tank24,1773900300,3/18/26 20:05,2.68,24.382,7.388,0.946
MiniDot1,Tank24,1773900420,3/18/26 20:07,2.68,24.374,7.394,0.947
MiniDot1,Tank24,1773900540,3/18/26 20:09,2.68,24.374,7.39,0.946
MiniDot1,Tank24,1773900660,3/18/26 20:11,2.68,24.357,7.398,0.947
MiniDot1,Tank24,1773900780,3/18/26 20:13,2.68,24.365,7.39,0.946
MiniDot1,Tank24,1773900900,3/18/26 20:15,2.68,24.357,7.388,0.946
MiniDot1,Tank24,1773901020,3/18/26 20:17,2.68,24.365,7.386,0.946
MiniDot1,Tank24,1773901140,3/18/26 20:19,2.68,24.357,7.383,0.946
MiniDot1,Tank24,1773901260,3/18/26 20:21,2.68,24.357,7.391,0.947
MiniDot1,Tank24,1773901380,3/18/26 20:23,2.68,24.348,7.385,0.946
MiniDot1,Tank24,1773901500,3/18/26 20:25,2.68,24.348,7.391,0.947
MiniDot1,Tank24,1773901620,3/18/26 20:27,2.68,24.348,7.393,0.947
MiniDot1,Tank24,1773901740,3/18/26 20:29,2.68,24.34,7.389,0.946
MiniDot1,Tank24,1773901860,3/18/26 20:31,2.68,24.315,7.396,0.946
MiniDot1,Tank24,1773901980,3/18/26 20:33,2.68,24.332,7.387,0.946
MiniDot1,Tank24,1773902100,3/18/26 20:35,2.68,24.332,7.398,0.947
MiniDot1,Tank24,1773902220,3/18/26 20:37,2.68,24.323,7.392,0.947
MiniDot1,Tank24,1773902340,3/18/26 20:39,2.68,24.323,7.392,0.947
MiniDot1,Tank24,1773902460,3/18/26 20:41,2.68,24.34,7.399,0.947
MiniDot1,Tank24,1773902580,3/18/26 20:43,2.68,24.315,7.391,0.946
MiniDot1,Tank24,1773902700,3/18/26 20:45,2.68,24.315,7.387,0.946
MiniDot1,Tank24,1773902820,3/18/26 20:47,2.68,24.298,7.391,0.946
MiniDot1,Tank24,1773902940,3/18/26 20:49,2.68,24.306,7.398,0.947
MiniDot1,Tank24,1773903060,3/18/26 20:51,2.68,24.306,7.382,0.946
MiniDot1,Tank24,1773903180,3/18/26 20:53,2.68,24.29,7.391,0.946
MiniDot1,Tank24,1773903300,3/18/26 20:55,2.68,24.29,7.376,0.946
MiniDot1,Tank24,1773903420,3/18/26 20:57,2.68,24.29,7.399,0.947
MiniDot1,Tank24,1773903540,3/18/26 20:59,2.68,24.298,7.388,0.947
MiniDot1,Tank24,1773903660,3/18/26 21:01,2.68,24.281,7.39,0.946
MiniDot1,Tank24,1773903780,3/18/26 21:03,2.68,24.273,7.386,0.946
MiniDot1,Tank24,1773903900,3/18/26 21:05,2.68,24.281,7.369,0.945
MiniDot1,Tank24,1773904020,3/18/26 21:07,2.68,24.273,7.382,0.946
MiniDot1,Tank24,1773904140,3/18/26 21:09,2.68,24.273,7.393,0.946
MiniDot1,Tank24,1773904260,3/18/26 21:11,2.68,24.265,7.403,0.947
MiniDot1,Tank24,1773904380,3/18/26 21:13,2.68,24.265,7.386,0.946
MiniDot1,Tank24,1773904500,3/18/26 21:15,2.68,24.256,7.391,0.946
MiniDot1,Tank24,1773904620,3/18/26 21:17,2.68,24.248,7.401,0.947
MiniDot1,Tank24,1773904740,3/18/26 21:19,2.68,24.231,7.386,0.946
MiniDot1,Tank24,1773904860,3/18/26 21:21,2.68,24.231,7.4,0.946
MiniDot1,Tank24,1773904980,3/18/26 21:23,2.68,24.239,7.384,0.945
MiniDot1,Tank24,1773905100,3/18/26 21:25,2.68,24.231,7.384,0.946
MiniDot1,Tank24,1773905220,3/18/26 21:27,2.68,24.214,7.398,0.947
MiniDot1,Tank24,1773905340,3/18/26 21:29,2.68,24.206,7.396,0.946
MiniDot1,Tank24,1773905460,3/18/26 21:31,2.68,24.181,7.407,0.947
MiniDot1,Tank24,1773905580,3/18/26 21:33,2.68,24.189,7.389,0.946
MiniDot1,Tank24,1773905700,3/18/26 21:35,2.68,24.189,7.4,0.946
MiniDot1,Tank24,1773905820,3/18/26 21:37,2.68,24.189,7.399,0.946
MiniDot1,Tank24,1773905940,3/18/26 21:39,2.68,24.189,7.396,0.946
MiniDot1,Tank24,1773906060,3/18/26 21:41,2.68,24.172,7.411,0.947
MiniDot1,Tank24,1773906180,3/18/26 21:43,2.68,24.164,7.401,0.946
MiniDot1,Tank24,1773906300,3/18/26 21:45,2.68,24.155,7.403,0.946
MiniDot1,Tank24,1773906420,3/18/26 21:47,2.68,24.147,7.416,0.947
MiniDot1,Tank24,1773906540,3/18/26 21:49,2.68,24.147,7.402,0.946
MiniDot1,Tank24,1773906660,3/18/26 21:51,2.68,24.139,7.4,0.946
MiniDot1,Tank24,1773906780,3/18/26 21:53,2.68,24.114,7.412,0.947
MiniDot1,Tank24,1773906900,3/18/26 21:55,2.68,24.114,7.409,0.947
MiniDot1,Tank24,1773907020,3/18/26 21:57,2.68,24.105,7.403,0.946
MiniDot1,Tank24,1773907140,3/18/26 21:59,2.68,24.105,7.409,0.947
MiniDot1,Tank24,1773907260,3/18/26 22:01,2.68,24.097,7.397,0.946
MiniDot1,Tank24,1773907380,3/18/26 22:03,2.68,24.088,7.401,0.946
MiniDot1,Tank24,1773907500,3/18/26 22:05,2.68,24.088,7.404,0.946
MiniDot1,Tank24,1773907620,3/18/26 22:07,2.68,24.08,7.403,0.946
MiniDot1,Tank24,1773907740,3/18/26 22:09,2.68,24.072,7.414,0.947
MiniDot1,Tank24,1773907860,3/18/26 22:11,2.68,24.063,7.395,0.945
MiniDot1,Tank24,1773907980,3/18/26 22:13,2.68,24.063,7.414,0.947
MiniDot1,Tank24,1773908100,3/18/26 22:15,2.68,24.038,7.396,0.945
MiniDot1,Tank24,1773908220,3/18/26 22:17,2.68,24.063,7.407,0.946
MiniDot1,Tank24,1773908340,3/18/26 22:19,2.68,24.055,7.407,0.946
MiniDot1,Tank24,1773908460,3/18/26 22:21,2.68,24.038,7.405,0.946
MiniDot1,Tank24,1773908580,3/18/26 22:23,2.68,24.046,7.406,0.946
MiniDot1,Tank24,1773908700,3/18/26 22:25,2.68,24.03,7.417,0.947
MiniDot1,Tank24,1773908820,3/18/26 22:27,2.68,24.021,7.414,0.946
MiniDot1,Tank24,1773908940,3/18/26 22:29,2.68,24.021,7.413,0.946
MiniDot1,Tank24,1773909060,3/18/26 22:31,2.68,24.005,7.417,0.946
MiniDot1,Tank24,1773909180,3/18/26 22:33,2.68,24.013,7.418,0.947
MiniDot1,Tank24,1773909300,3/18/26 22:35,2.68,24.013,7.417,0.947
MiniDot1,Tank24,1773909420,3/18/26 22:37,2.68,23.996,7.403,0.945
MiniDot1,Tank24,1773909540,3/18/26 22:39,2.68,23.988,7.421,0.947
MiniDot1,Tank24,1773909660,3/18/26 22:41,2.68,23.979,7.425,0.946
MiniDot1,Tank24,1773909780,3/18/26 22:43,2.68,23.963,7.411,0.946
MiniDot1,Tank24,1773909900,3/18/26 22:45,2.68,23.979,7.42,0.946
MiniDot1,Tank24,1773910020,3/18/26 22:47,2.68,23.996,7.417,0.946
MiniDot1,Tank24,1773910140,3/18/26 22:49,2.68,23.971,7.421,0.946
MiniDot1,Tank24,1773910260,3/18/26 22:51,2.68,23.979,7.419,0.946
MiniDot1,Tank24,1773910380,3/18/26 22:53,2.68,23.954,7.413,0.946
MiniDot1,Tank24,1773910500,3/18/26 22:55,2.68,23.946,7.427,0.946
MiniDot1,Tank24,1773910620,3/18/26 22:57,2.68,23.971,7.423,0.947
MiniDot1,Tank24,1773910740,3/18/26 22:59,2.68,23.946,7.431,0.946
MiniDot1,Tank24,1773910860,3/18/26 23:01,2.68,23.954,7.438,0.947
MiniDot1,Tank24,1773910980,3/18/26 23:03,2.68,23.929,7.42,0.946
MiniDot1,Tank24,1773911100,3/18/26 23:05,2.68,23.946,7.421,0.946
MiniDot1,Tank24,1773911220,3/18/26 23:07,2.68,23.929,7.425,0.946
MiniDot1,Tank24,1773911340,3/18/26 23:09,2.68,23.921,7.428,0.947
MiniDot1,Tank24,1773911460,3/18/26 23:11,2.68,23.921,7.428,0.946
MiniDot1,Tank24,1773911580,3/18/26 23:13,2.68,23.904,7.436,0.947
MiniDot1,Tank24,1773911700,3/18/26 23:15,2.68,23.921,7.435,0.947
MiniDot1,Tank24,1773911820,3/18/26 23:17,2.68,23.929,7.428,0.947
MiniDot1,Tank24,1773911940,3/18/26 23:19,2.68,23.904,7.422,0.946
MiniDot1,Tank24,1773912060,3/18/26 23:21,2.68,23.896,7.433,0.946
MiniDot1,Tank24,1773912180,3/18/26 23:23,2.68,23.904,7.433,0.947
MiniDot1,Tank24,1773912300,3/18/26 23:25,2.68,23.887,7.431,0.946
MiniDot1,Tank24,1773912420,3/18/26 23:27,2.68,23.904,7.429,0.946
MiniDot1,Tank24,1773912540,3/18/26 23:29,2.68,23.887,7.421,0.946
MiniDot1,Tank24,1773912660,3/18/26 23:31,2.68,23.887,7.434,0.947
MiniDot1,Tank24,1773912780,3/18/26 23:33,2.68,23.879,7.424,0.946
MiniDot1,Tank24,1773912900,3/18/26 23:35,2.68,23.887,7.445,0.947
MiniDot1,Tank24,1773913020,3/18/26 23:37,2.68,23.862,7.43,0.946
MiniDot1,Tank24,1773913140,3/18/26 23:39,2.68,23.879,7.428,0.946
MiniDot1,Tank24,1773913260,3/18/26 23:41,2.68,23.887,7.426,0.946
MiniDot1,Tank24,1773913380,3/18/26 23:43,2.68,23.862,7.423,0.945
MiniDot1,Tank24,1773913500,3/18/26 23:45,2.68,23.87,7.443,0.946
MiniDot1,Tank24,1773913620,3/18/26 23:47,2.68,23.862,7.431,0.946
MiniDot1,Tank24,1773913740,3/18/26 23:49,2.68,23.845,7.45,0.946
MiniDot1,Tank24,1773913860,3/18/26 23:51,2.68,23.862,7.454,0.947
MiniDot1,Tank24,1773913980,3/18/26 23:53,2.68,23.837,7.434,0.945
MiniDot1,Tank24,1773914100,3/18/26 23:55,2.68,23.845,7.447,0.946
MiniDot1,Tank24,1773914220,3/18/26 23:57,2.68,23.845,7.444,0.946
MiniDot1,Tank24,1773914340,3/18/26 23:59,2.68,23.837,7.456,0.947
MiniDot1,Tank24,1773914460,3/19/26 0:01,2.68,23.837,7.447,0.946
MiniDot1,Tank24,1773914580,3/19/26 0:03,2.68,23.837,7.449,0.946
MiniDot1,Tank24,1773914700,3/19/26 0:05,2.68,23.854,7.442,0.946
MiniDot1,Tank24,1773914820,3/19/26 0:07,2.68,23.82,7.442,0.945
MiniDot1,Tank24,1773914940,3/19/26 0:09,2.68,23.82,7.456,0.947
MiniDot1,Tank24,1773915060,3/19/26 0:11,2.68,23.829,7.451,0.946
MiniDot1,Tank24,1773915180,3/19/26 0:13,2.68,23.812,7.461,0.947
MiniDot1,Tank24,1773915300,3/19/26 0:15,2.68,23.82,7.453,0.946
MiniDot1,Tank24,1773915420,3/19/26 0:17,2.68,23.82,7.455,0.946
MiniDot1,Tank24,1773915540,3/19/26 0:19,2.68,23.812,7.448,0.946
MiniDot1,Tank24,1773915660,3/19/26 0:21,2.68,23.812,7.45,0.946
MiniDot1,Tank24,1773915780,3/19/26 0:23,2.68,23.82,7.44,0.945
MiniDot1,Tank24,1773915900,3/19/26 0:25,2.68,23.812,7.457,0.946
MiniDot1,Tank24,1773916020,3/19/26 0:27,2.68,23.803,7.45,0.946
MiniDot1,Tank24,1773916140,3/19/26 0:29,2.68,23.803,7.466,0.947
MiniDot1,Tank24,1773916260,3/19/26 0:31,2.68,23.812,7.461,0.947
MiniDot1,Tank24,1773916380,3/19/26 0:33,2.68,23.803,7.453,0.946
MiniDot1,Tank24,1773916500,3/19/26 0:35,2.68,23.787,7.458,0.946
MiniDot1,Tank24,1773916620,3/19/26 0:37,2.68,23.787,7.454,0.946
MiniDot1,Tank24,1773916740,3/19/26 0:39,2.68,23.795,7.453,0.946
MiniDot1,Tank24,1773916860,3/19/26 0:41,2.68,23.795,7.45,0.946
MiniDot1,Tank24,1773916980,3/19/26 0:43,2.68,23.787,7.456,0.946
MiniDot1,Tank24,1773917100,3/19/26 0:45,2.68,23.803,7.454,0.946
MiniDot1,Tank24,1773917220,3/19/26 0:47,2.68,23.803,7.457,0.947
MiniDot1,Tank24,1773917340,3/19/26 0:49,2.68,23.795,7.452,0.946
MiniDot1,Tank24,1773917460,3/19/26 0:51,2.68,23.795,7.458,0.946
MiniDot1,Tank24,1773917580,3/19/26 0:53,2.68,23.803,7.446,0.946
MiniDot1,Tank24,1773917700,3/19/26 0:55,2.68,23.795,7.443,0.945
MiniDot1,Tank24,1773917820,3/19/26 0:57,2.68,23.795,7.456,0.946
MiniDot1,Tank24,1773917940,3/19/26 0:59,2.68,23.778,7.463,0.946
MiniDot1,Tank24,1773918060,3/19/26 1:01,2.68,23.795,7.445,0.945
MiniDot1,Tank24,1773918180,3/19/26 1:03,2.68,23.803,7.455,0.946
MiniDot1,Tank24,1773918300,3/19/26 1:05,2.68,23.803,7.459,0.947
MiniDot1,Tank24,1773918420,3/19/26 1:07,2.68,23.803,7.456,0.946
MiniDot1,Tank24,1773918540,3/19/26 1:09,2.68,23.787,7.445,0.945
MiniDot1,Tank24,1773918660,3/19/26 1:11,2.68,23.795,7.459,0.947
MiniDot1,Tank24,1773918780,3/19/26 1:13,2.68,23.803,7.443,0.946
MiniDot1,Tank24,1773918900,3/19/26 1:15,2.68,23.787,7.457,0.946
MiniDot1,Tank24,1773919020,3/19/26 1:17,2.68,23.795,7.458,0.947
MiniDot1,Tank24,1773919140,3/19/26 1:19,2.68,23.787,7.445,0.946
MiniDot1,Tank24,1773919260,3/19/26 1:21,2.68,23.778,7.459,0.947
MiniDot1,Tank24,1773919380,3/19/26 1:23,2.68,23.803,7.465,0.947
MiniDot1,Tank24,1773919500,3/19/26 1:25,2.68,23.787,7.46,0.947
MiniDot1,Tank24,1773919620,3/19/26 1:27,2.68,23.787,7.46,0.946
MiniDot1,Tank24,1773919740,3/19/26 1:29,2.68,23.787,7.46,0.946
MiniDot1,Tank24,1773919860,3/19/26 1:31,2.68,23.787,7.458,0.946
MiniDot1,Tank24,1773919980,3/19/26 1:33,2.68,23.795,7.447,0.946
MiniDot1,Tank24,1773920100,3/19/26 1:35,2.68,23.762,7.469,0.947
MiniDot1,Tank24,1773920220,3/19/26 1:37,2.68,23.778,7.449,0.946
MiniDot1,Tank24,1773920340,3/19/26 1:39,2.68,23.787,7.45,0.946
MiniDot1,Tank24,1773920460,3/19/26 1:41,2.68,23.778,7.454,0.946
MiniDot1,Tank24,1773920580,3/19/26 1:43,2.68,23.778,7.446,0.945
MiniDot1,Tank24,1773920700,3/19/26 1:45,2.68,23.778,7.459,0.947
MiniDot1,Tank24,1773920820,3/19/26 1:47,2.68,23.77,7.441,0.945
MiniDot1,Tank24,1773920940,3/19/26 1:49,2.68,23.77,7.444,0.946
MiniDot1,Tank24,1773921060,3/19/26 1:51,2.68,23.787,7.44,0.946
MiniDot1,Tank24,1773921180,3/19/26 1:53,2.68,23.778,7.444,0.946
MiniDot1,Tank24,1773921300,3/19/26 1:55,2.68,23.787,7.432,0.945
MiniDot1,Tank24,1773921420,3/19/26 1:57,2.68,23.762,7.449,0.946
MiniDot1,Tank24,1773921540,3/19/26 1:59,2.68,23.77,7.434,0.946
MiniDot1,Tank24,1773921660,3/19/26 2:01,2.68,23.778,7.434,0.946
MiniDot1,Tank24,1773921780,3/19/26 2:03,2.68,23.778,7.433,0.946
MiniDot1,Tank24,1773921900,3/19/26 2:05,2.68,23.753,7.453,0.947
MiniDot1,Tank24,1773922020,3/19/26 2:07,2.68,23.77,7.458,0.947
MiniDot1,Tank24,1773922140,3/19/26 2:09,2.68,23.753,7.452,0.947
MiniDot1,Tank24,1773922260,3/19/26 2:11,2.68,23.77,7.434,0.946
MiniDot1,Tank24,1773922380,3/19/26 2:13,2.68,23.762,7.445,0.947
MiniDot1,Tank24,1773922500,3/19/26 2:15,2.68,23.778,7.438,0.946
MiniDot1,Tank24,1773922620,3/19/26 2:17,2.68,23.762,7.455,0.947
MiniDot1,Tank24,1773922740,3/19/26 2:19,2.68,23.77,7.439,0.946
MiniDot1,Tank24,1773922860,3/19/26 2:21,2.68,23.77,7.435,0.946
MiniDot1,Tank24,1773922980,3/19/26 2:23,2.68,23.77,7.453,0.947
MiniDot1,Tank24,1773923100,3/19/26 2:25,2.68,23.762,7.444,0.946
MiniDot1,Tank24,1773923220,3/19/26 2:27,2.68,23.77,7.446,0.946
MiniDot1,Tank24,1773923340,3/19/26 2:29,2.68,23.762,7.447,0.946
MiniDot1,Tank24,1773923460,3/19/26 2:31,2.68,23.77,7.443,0.947
MiniDot1,Tank24,1773923580,3/19/26 2:33,2.68,23.753,7.455,0.947
MiniDot1,Tank24,1773923700,3/19/26 2:35,2.68,23.745,7.435,0.946
MiniDot1,Tank24,1773923820,3/19/26 2:37,2.68,23.753,7.45,0.946
MiniDot1,Tank24,1773923940,3/19/26 2:39,2.68,23.753,7.446,0.946
MiniDot1,Tank24,1773924060,3/19/26 2:41,2.68,23.753,7.448,0.946
MiniDot1,Tank24,1773924180,3/19/26 2:43,2.68,23.753,7.448,0.946
MiniDot1,Tank24,1773924300,3/19/26 2:45,2.68,23.745,7.437,0.946
MiniDot1,Tank24,1773924420,3/19/26 2:47,2.68,23.745,7.45,0.946
MiniDot1,Tank24,1773924540,3/19/26 2:49,2.68,23.762,7.442,0.946
MiniDot1,Tank24,1773924660,3/19/26 2:51,2.68,23.745,7.451,0.946
MiniDot1,Tank24,1773924780,3/19/26 2:53,2.68,23.736,7.457,0.947
MiniDot1,Tank24,1773924900,3/19/26 2:55,2.68,23.753,7.457,0.947
MiniDot1,Tank24,1773925020,3/19/26 2:57,2.68,23.745,7.467,0.947
MiniDot1,Tank24,1773925140,3/19/26 2:59,2.68,23.745,7.454,0.946
MiniDot1,Tank24,1773925260,3/19/26 3:01,2.68,23.77,7.446,0.946
MiniDot1,Tank24,1773925380,3/19/26 3:03,2.68,23.762,7.447,0.946
MiniDot1,Tank24,1773925500,3/19/26 3:05,2.68,23.762,7.459,0.947
MiniDot1,Tank24,1773925620,3/19/26 3:07,2.68,23.762,7.455,0.946
MiniDot1,Tank24,1773925740,3/19/26 3:09,2.68,23.753,7.454,0.946
MiniDot1,Tank24,1773925860,3/19/26 3:11,2.68,23.762,7.451,0.946
MiniDot1,Tank24,1773925980,3/19/26 3:13,2.68,23.787,7.434,0.945
MiniDot1,Tank24,1773926100,3/19/26 3:15,2.68,23.77,7.454,0.946
MiniDot1,Tank24,1773926220,3/19/26 3:17,2.68,23.778,7.447,0.946
MiniDot1,Tank24,1773926340,3/19/26 3:19,2.68,23.77,7.458,0.947
MiniDot1,Tank24,1773926460,3/19/26 3:21,2.68,23.778,7.449,0.946
MiniDot1,Tank24,1773926580,3/19/26 3:23,2.68,23.778,7.453,0.946
MiniDot1,Tank24,1773926700,3/19/26 3:25,2.68,23.787,7.458,0.947
MiniDot1,Tank24,1773926820,3/19/26 3:27,2.68,23.778,7.455,0.946
MiniDot1,Tank24,1773926940,3/19/26 3:29,2.68,23.795,7.444,0.946
MiniDot1,Tank24,1773927060,3/19/26 3:31,2.68,23.778,7.451,0.946
MiniDot1,Tank24,1773927180,3/19/26 3:33,2.68,23.787,7.455,0.946
MiniDot1,Tank24,1773927300,3/19/26 3:35,2.68,23.787,7.461,0.947
MiniDot1,Tank24,1773927420,3/19/26 3:37,2.68,23.803,7.458,0.947
MiniDot1,Tank24,1773927540,3/19/26 3:39,2.68,23.803,7.453,0.946
MiniDot1,Tank24,1773927660,3/19/26 3:41,2.68,23.795,7.462,0.947
MiniDot1,Tank24,1773927780,3/19/26 3:43,2.68,23.803,7.46,0.947
MiniDot1,Tank24,1773927900,3/19/26 3:45,2.68,23.795,7.446,0.946
MiniDot1,Tank24,1773928020,3/19/26 3:47,2.68,23.787,7.443,0.946
MiniDot1,Tank24,1773928140,3/19/26 3:49,2.68,23.795,7.447,0.947
MiniDot1,Tank24,1773928260,3/19/26 3:51,2.68,23.795,7.458,0.947
MiniDot1,Tank24,1773928380,3/19/26 3:53,2.68,23.803,7.446,0.946
MiniDot1,Tank24,1773928500,3/19/26 3:55,2.68,23.812,7.435,0.946
MiniDot1,Tank24,1773928620,3/19/26 3:57,2.68,23.812,7.435,0.946
MiniDot1,Tank24,1773928740,3/19/26 3:59,2.68,23.812,7.438,0.946
MiniDot1,Tank24,1773928860,3/19/26 4:01,2.68,23.795,7.45,0.947
MiniDot1,Tank24,1773928980,3/19/26 4:03,2.68,23.812,7.436,0.946
MiniDot1,Tank24,1773929100,3/19/26 4:05,2.68,23.803,7.439,0.946
MiniDot1,Tank24,1773929220,3/19/26 4:07,2.68,23.803,7.459,0.948
MiniDot1,Tank24,1773929340,3/19/26 4:09,2.68,23.82,7.432,0.946
MiniDot1,Tank24,1773929460,3/19/26 4:11,2.68,23.795,7.428,0.945
MiniDot1,Tank24,1773929580,3/19/26 4:13,2.68,23.803,7.445,0.947
MiniDot1,Tank24,1773929700,3/19/26 4:15,2.68,23.82,7.433,0.946
MiniDot1,Tank24,1773929820,3/19/26 4:17,2.68,23.803,7.446,0.946
MiniDot1,Tank24,1773929940,3/19/26 4:19,2.68,23.82,7.442,0.946
MiniDot1,Tank24,1773930060,3/19/26 4:21,2.68,23.803,7.432,0.946
MiniDot1,Tank24,1773930180,3/19/26 4:23,2.68,23.829,7.438,0.946
MiniDot1,Tank24,1773930300,3/19/26 4:25,2.68,23.829,7.447,0.947
MiniDot1,Tank24,1773930420,3/19/26 4:27,2.68,23.812,7.439,0.946
MiniDot1,Tank24,1773930540,3/19/26 4:29,2.68,23.812,7.45,0.947
MiniDot1,Tank24,1773930660,3/19/26 4:31,2.68,23.829,7.44,0.946
MiniDot1,Tank24,1773930780,3/19/26 4:33,2.68,23.845,7.45,0.947
MiniDot1,Tank24,1773930900,3/19/26 4:35,2.68,23.829,7.442,0.947
MiniDot1,Tank24,1773931020,3/19/26 4:37,2.68,23.829,7.432,0.946
MiniDot1,Tank24,1773931140,3/19/26 4:39,2.68,23.829,7.442,0.946
MiniDot1,Tank24,1773931260,3/19/26 4:41,2.68,23.845,7.435,0.946
MiniDot1,Tank24,1773931380,3/19/26 4:43,2.68,23.829,7.448,0.947
MiniDot1,Tank24,1773931500,3/19/26 4:45,2.68,23.837,7.43,0.945
MiniDot1,Tank24,1773931620,3/19/26 4:47,2.68,23.845,7.431,0.946
MiniDot1,Tank24,1773931740,3/19/26 4:49,2.68,23.837,7.44,0.946
MiniDot1,Tank24,1773931860,3/19/26 4:51,2.68,23.845,7.441,0.947
MiniDot1,Tank24,1773931980,3/19/26 4:53,2.68,23.837,7.439,0.946
MiniDot1,Tank24,1773932100,3/19/26 4:55,2.68,23.845,7.445,0.947
MiniDot1,Tank24,1773932220,3/19/26 4:57,2.68,23.854,7.436,0.946
MiniDot1,Tank24,1773932340,3/19/26 4:59,2.68,23.845,7.432,0.946
MiniDot1,Tank24,1773932460,3/19/26 5:01,2.68,23.845,7.447,0.947
MiniDot1,Tank24,1773932580,3/19/26 5:03,2.68,23.845,7.423,0.945
MiniDot1,Tank24,1773932700,3/19/26 5:05,2.68,23.854,7.429,0.946
MiniDot1,Tank24,1773932820,3/19/26 5:07,2.68,23.862,7.426,0.946
MiniDot1,Tank24,1773932940,3/19/26 5:09,2.68,23.854,7.441,0.947
MiniDot1,Tank24,1773933060,3/19/26 5:11,2.68,23.862,7.433,0.946
MiniDot1,Tank24,1773933180,3/19/26 5:13,2.68,23.87,7.426,0.946
MiniDot1,Tank24,1773933300,3/19/26 5:15,2.68,23.862,7.436,0.947
MiniDot1,Tank24,1773933420,3/19/26 5:17,2.68,23.87,7.427,0.947
MiniDot1,Tank24,1773933540,3/19/26 5:19,2.68,23.87,7.427,0.946
MiniDot1,Tank24,1773933660,3/19/26 5:21,2.68,23.879,7.425,0.946
MiniDot1,Tank24,1773933780,3/19/26 5:23,2.68,23.887,7.424,0.946
MiniDot1,Tank24,1773933900,3/19/26 5:25,2.68,23.879,7.435,0.947
MiniDot1,Tank24,1773934020,3/19/26 5:27,2.68,23.887,7.431,0.946
MiniDot1,Tank24,1773934140,3/19/26 5:29,2.68,23.879,7.416,0.946
MiniDot1,Tank24,1773934260,3/19/26 5:31,2.68,23.879,7.423,0.946
MiniDot1,Tank24,1773934380,3/19/26 5:33,2.68,23.896,7.424,0.946
MiniDot1,Tank24,1773934500,3/19/26 5:35,2.68,23.904,7.425,0.946
MiniDot1,Tank24,1773934620,3/19/26 5:37,2.68,23.887,7.42,0.946
MiniDot1,Tank24,1773934740,3/19/26 5:39,2.68,23.896,7.431,0.946
MiniDot1,Tank24,1773934860,3/19/26 5:41,2.68,23.879,7.434,0.946
MiniDot1,Tank24,1773934980,3/19/26 5:43,2.68,23.887,7.431,0.946
MiniDot1,Tank24,1773935100,3/19/26 5:45,2.68,23.887,7.441,0.947
MiniDot1,Tank24,1773935220,3/19/26 5:47,2.68,23.896,7.438,0.946
MiniDot1,Tank24,1773935340,3/19/26 5:49,2.68,23.904,7.44,0.946
MiniDot1,Tank24,1773935460,3/19/26 5:51,2.68,23.921,7.443,0.947
MiniDot1,Tank24,1773935580,3/19/26 5:53,2.68,23.904,7.441,0.946
MiniDot1,Tank24,1773935700,3/19/26 5:55,2.68,23.904,7.46,0.947
MiniDot1,Tank24,1773935820,3/19/26 5:57,2.68,23.912,7.446,0.946
MiniDot1,Tank24,1773935940,3/19/26 5:59,2.68,23.904,7.468,0.947
MiniDot1,Tank24,1773936060,3/19/26 6:01,2.68,23.921,7.457,0.946
MiniDot1,Tank24,1773936180,3/19/26 6:03,2.68,23.938,7.466,0.947
MiniDot1,Tank24,1773936300,3/19/26 6:05,2.68,23.954,7.456,0.946
MiniDot1,Tank24,1773936420,3/19/26 6:07,2.68,23.938,7.478,0.947
MiniDot1,Tank24,1773936540,3/19/26 6:09,2.68,23.929,7.471,0.946
MiniDot1,Tank24,1773936660,3/19/26 6:11,2.68,23.938,7.475,0.946
MiniDot1,Tank24,1773936780,3/19/26 6:13,2.68,23.946,7.474,0.946
MiniDot1,Tank24,1773936900,3/19/26 6:15,2.68,23.963,7.481,0.946
MiniDot1,Tank24,1773937020,3/19/26 6:17,2.68,23.963,7.484,0.946
MiniDot1,Tank24,1773937140,3/19/26 6:19,2.68,23.971,7.497,0.947
MiniDot1,Tank24,1773937260,3/19/26 6:21,2.68,23.971,7.485,0.946
MiniDot1,Tank24,1773937380,3/19/26 6:23,2.68,23.963,7.492,0.946
MiniDot1,Tank24,1773937500,3/19/26 6:25,2.68,23.954,7.492,0.946
MiniDot1,Tank24,1773937620,3/19/26 6:27,2.68,23.988,7.481,0.945
MiniDot1,Tank24,1773937740,3/19/26 6:29,2.68,23.963,7.504,0.946
MiniDot1,Tank24,1773937860,3/19/26 6:31,2.68,23.954,7.501,0.946
MiniDot1,Tank24,1773937980,3/19/26 6:33,2.68,23.963,7.5,0.946
MiniDot1,Tank24,1773938100,3/19/26 6:35,2.68,23.963,7.504,0.946
MiniDot1,Tank24,1773938220,3/19/26 6:37,2.68,23.971,7.502,0.946
MiniDot1,Tank24,1773938340,3/19/26 6:39,2.68,23.963,7.511,0.946
MiniDot1,Tank24,1773938460,3/19/26 6:41,2.68,23.988,7.507,0.946
MiniDot1,Tank24,1773938580,3/19/26 6:43,2.68,23.979,7.529,0.946
MiniDot1,Tank24,1773938700,3/19/26 6:45,2.68,24.005,7.534,0.947
MiniDot1,Tank24,1773938820,3/19/26 6:47,2.68,23.996,7.553,0.947
MiniDot1,Tank24,1773938940,3/19/26 6:49,2.68,24.005,7.549,0.946
MiniDot1,Tank24,1773939060,3/19/26 6:51,2.68,24.021,7.549,0.946
MiniDot1,Tank24,1773939180,3/19/26 6:53,2.68,24.021,7.553,0.945
MiniDot1,Tank24,1773939300,3/19/26 6:55,2.68,24.03,7.567,0.946
MiniDot1,Tank24,1773939420,3/19/26 6:57,2.68,24.038,7.58,0.946
MiniDot1,Tank24,1773939540,3/19/26 6:59,2.68,24.046,7.585,0.947
MiniDot1,Tank24,1773939660,3/19/26 7:01,2.68,24.038,7.584,0.946
MiniDot1,Tank24,1773939780,3/19/26 7:03,2.68,24.063,7.583,0.946
MiniDot1,Tank24,1773939900,3/19/26 7:05,2.68,24.03,7.589,0.946
MiniDot1,Tank24,1773940020,3/19/26 7:07,2.68,24.055,7.573,0.946
MiniDot1,Tank24,1773940140,3/19/26 7:09,2.68,24.055,7.597,0.947
MiniDot1,Tank24,1773940260,3/19/26 7:11,2.68,24.063,7.589,0.947
MiniDot1,Tank24,1773940380,3/19/26 7:13,2.68,24.072,7.588,0.947
MiniDot1,Tank24,1773940500,3/19/26 7:15,2.68,24.08,7.572,0.945
MiniDot1,Tank24,1773940620,3/19/26 7:17,2.68,24.088,7.591,0.946
MiniDot1,Tank24,1773940740,3/19/26 7:19,2.68,24.114,7.593,0.946
MiniDot1,Tank24,1773940860,3/19/26 7:21,2.68,24.105,7.598,0.946
MiniDot1,Tank24,1773940980,3/19/26 7:23,2.68,24.139,7.604,0.946
MiniDot1,Tank24,1773941100,3/19/26 7:25,2.68,24.13,7.628,0.947
MiniDot1,Tank24,1773941220,3/19/26 7:27,2.68,24.147,7.622,0.946
MiniDot1,Tank24,1773941340,3/19/26 7:29,2.68,24.155,7.617,0.946
MiniDot1,Tank24,1773941460,3/19/26 7:31,2.68,24.147,7.616,0.946
MiniDot1,Tank24,1773941580,3/19/26 7:33,2.68,24.172,7.617,0.947
MiniDot1,Tank24,1773941700,3/19/26 7:35,2.68,24.172,7.613,0.946
MiniDot1,Tank24,1773941820,3/19/26 7:37,2.68,24.181,7.611,0.946
MiniDot1,Tank24,1773941940,3/19/26 7:39,2.68,24.181,7.611,0.946
MiniDot1,Tank24,1773942060,3/19/26 7:41,2.68,24.172,7.623,0.946
MiniDot1,Tank24,1773942180,3/19/26 7:43,2.68,24.181,7.607,0.945
MiniDot1,Tank24,1773942300,3/19/26 7:45,2.68,24.181,7.625,0.946
MiniDot1,Tank24,1773942420,3/19/26 7:47,2.68,24.197,7.627,0.947
MiniDot1,Tank24,1773942540,3/19/26 7:49,2.68,24.197,7.634,0.946
MiniDot1,Tank24,1773942660,3/19/26 7:51,2.68,24.223,7.658,0.947
MiniDot1,Tank24,1773942780,3/19/26 7:53,2.68,24.231,7.67,0.946
MiniDot1,Tank24,1773942900,3/19/26 7:55,2.68,24.273,7.68,0.947
MiniDot1,Tank24,1773943020,3/19/26 7:57,2.68,24.281,7.698,0.947
MiniDot1,Tank24,1773943140,3/19/26 7:59,2.68,24.298,7.702,0.945
MiniDot1,Tank24,1773943260,3/19/26 8:01,2.68,24.323,7.733,0.947
MiniDot1,Tank24,1773943380,3/19/26 8:03,2.68,24.348,7.726,0.946
MiniDot1,Tank24,1773943500,3/19/26 8:05,2.68,24.34,7.743,0.947
MiniDot1,Tank24,1773943620,3/19/26 8:07,2.68,24.348,7.74,0.946
MiniDot1,Tank24,1773943740,3/19/26 8:09,2.68,24.374,7.754,0.946
MiniDot1,Tank24,1773943860,3/19/26 8:11,2.68,24.399,7.759,0.946
MiniDot1,Tank24,1773943980,3/19/26 8:13,2.68,24.39,7.585,0.948
MiniDot1,Tank24,1773944100,3/19/26 8:15,2.68,24.399,7.575,0.947
MiniDot1,Tank24,1773944220,3/19/26 8:17,2.68,24.348,6.747,0.945
MiniDot1,Tank24,1773944340,3/19/26 8:19,2.68,24.575,7.002,0.946
MiniDot1,Tank24,1773944460,3/19/26 8:21,2.68,24.634,3.536,0.945
MiniDot1,Tank24,1773944580,3/19/26 8:23,2.68,24.642,3.574,0.945
MiniDot1,Tank24,1773944700,3/19/26 8:25,2.68,24.642,3.58,0.945
MiniDot1,Tank24,1773944820,3/19/26 8:27,2.68,24.625,3.588,0.945
MiniDot1,Tank24,1773944940,3/19/26 8:29,2.68,24.609,3.609,0.945
MiniDot1,Tank24,1773945060,3/19/26 8:31,2.68,24.558,3.625,0.945
MiniDot1,Tank24,1773945180,3/19/26 8:33,2.68,24.541,3.629,0.946
MiniDot1,Tank24,1773945300,3/19/26 8:35,2.68,24.516,3.624,0.945
MiniDot1,Tank24,1773945420,3/19/26 8:37,2.68,24.474,3.62,0.946
MiniDot1,Tank24,1773945540,3/19/26 8:39,2.68,24.441,3.618,0.946
MiniDot1,Tank24,1773945660,3/19/26 8:41,2.68,24.399,3.62,0.946
MiniDot1,Tank24,1773945780,3/19/26 8:43,2.68,24.365,3.618,0.946
MiniDot1,Tank24,1773945900,3/19/26 8:45,2.68,24.332,3.626,0.946
MiniDot1,Tank24,1773946020,3/19/26 8:47,2.68,24.323,3.638,0.946
MiniDot1,Tank24,1773946140,3/19/26 8:49,2.68,24.298,3.664,0.946
MiniDot1,Tank24,1773946260,3/19/26 8:51,2.68,24.281,3.673,0.946
MiniDot1,Tank24,1773946380,3/19/26 8:53,2.68,24.265,3.679,0.946
MiniDot1,Tank24,1773946500,3/19/26 8:55,2.68,24.248,3.685,0.947
MiniDot1,Tank24,1773946620,3/19/26 8:57,2.68,24.239,3.686,0.946
MiniDot1,Tank24,1773946740,3/19/26 8:59,2.68,24.197,3.687,0.946
MiniDot1,Tank24,1773946860,3/19/26 9:01,2.68,24.164,3.693,0.946
MiniDot1,Tank24,1773946980,3/19/26 9:03,2.68,24.114,3.698,0.947
MiniDot1,Tank24,1773947100,3/19/26 9:05,2.68,24.105,3.721,0.946
MiniDot1,Tank24,1773947220,3/19/26 9:07,2.68,24.088,3.724,0.946
MiniDot1,Tank24,1773947340,3/19/26 9:09,2.68,24.072,3.732,0.947
MiniDot1,Tank24,1773947460,3/19/26 9:11,2.68,24.046,3.731,0.947
MiniDot1,Tank24,1773947580,3/19/26 9:13,2.68,24.03,3.732,0.947
MiniDot1,Tank24,1773947700,3/19/26 9:15,2.68,24.005,3.739,0.947
MiniDot1,Tank24,1773947820,3/19/26 9:17,2.68,23.971,3.741,0.947
MiniDot1,Tank24,1773947940,3/19/26 9:19,2.68,23.963,3.74,0.946
MiniDot1,Tank24,1773948060,3/19/26 9:21,2.68,23.929,3.747,0.946
MiniDot1,Tank24,1773948180,3/19/26 9:23,2.68,23.904,3.758,0.947
MiniDot1,Tank24,1773948300,3/19/26 9:25,2.68,23.879,3.764,0.946
MiniDot1,Tank24,1773948420,3/19/26 9:27,2.68,23.854,5.811,0.941
MiniDot1,Tank24,1773948540,3/19/26 9:29,2.68,23.803,4.368,0.946
MiniDot1,Tank24,1773948660,3/19/26 9:31,2.68,23.644,7.634,0.95