Instrument,Date_Time,pH,Temperature,mv
pH1,3/30/26 19:58,8.13,24.29,-72.94
pH1,3/30/26 19:59,8.13,24.29,-72.89
pH1,3/30/26 20:00,8.13,24.29,-72.88
pH1,3/30/26 20:01,8.13,24.27,-72.86
pH1,3/30/26 20:02,8.13,24.27,-72.86
pH1,3/30/26 20:03,8.13,24.27,-72.86
pH1,3/30/26 20:04,8.13,24.27,-72.85
pH1,3/30/26 20:05,8.13,24.27,-72.85
pH1,3/30/26 20:06,8.13,24.24,-72.85
pH1,3/30/26 20:07,8.13,24.27,-72.85
pH1,3/30/26 20:08,8.13,24.27,-72.85
pH1,3/30/26 20:09,8.13,24.27,-72.83
pH1,3/30/26 20:10,8.13,24.27,-72.83
pH1,3/30/26 20:11,8.13,24.27,-72.83
pH1,3/30/26 20:12,8.13,24.27,-72.83
pH1,3/30/26 20:13,8.13,24.27,-72.83
pH1,3/30/26 20:14,8.13,24.27,-72.83
pH1,3/30/26 20:15,8.13,24.24,-72.83
pH1,3/30/26 20:16,8.13,24.27,-72.81
pH1,3/30/26 20:17,8.13,24.24,-72.81
pH1,3/30/26 20:18,8.13,24.24,-72.83
pH1,3/30/26 20:19,8.13,24.24,-72.81
pH1,3/30/26 20:20,8.13,24.24,-72.8
pH1,3/30/26 20:21,8.13,24.24,-72.78
pH1,3/30/26 20:22,8.13,24.24,-72.75
pH1,3/30/26 20:23,8.13,24.24,-72.74
pH1,3/30/26 20:24,8.13,24.24,-72.71
pH1,3/30/26 20:25,8.13,24.24,-72.69
pH1,3/30/26 20:26,8.13,24.24,-72.67
pH1,3/30/26 20:27,8.13,24.22,-72.66
pH1,3/30/26 20:28,8.13,24.22,-72.64
pH1,3/30/26 20:29,8.13,24.22,-72.63
pH1,3/30/26 20:30,8.13,24.22,-72.6
pH1,3/30/26 20:31,8.13,24.22,-72.6
pH1,3/30/26 20:32,8.13,24.22,-72.56
pH1,3/30/26 20:33,8.13,24.22,-72.55
pH1,3/30/26 20:34,8.13,24.19,-72.53
pH1,3/30/26 20:35,8.13,24.19,-72.52
pH1,3/30/26 20:36,8.13,24.17,-72.52
pH1,3/30/26 20:37,8.13,24.17,-72.5
pH1,3/30/26 20:38,8.13,24.17,-72.47
pH1,3/30/26 20:39,8.13,24.17,-72.47
pH1,3/30/26 20:40,8.13,24.19,-72.46
pH1,3/30/26 20:41,8.13,24.19,-72.46
pH1,3/30/26 20:42,8.13,24.19,-72.44
pH1,3/30/26 20:43,8.13,24.19,-72.44
pH1,3/30/26 20:44,8.13,24.19,-72.44
pH1,3/30/26 20:45,8.13,24.19,-72.44
pH1,3/30/26 20:46,8.13,24.19,-72.46
pH1,3/30/26 20:47,8.13,24.19,-72.46
pH1,3/30/26 20:48,8.13,24.19,-72.47
pH1,3/30/26 20:49,8.13,24.22,-72.47
pH1,3/30/26 20:50,8.13,24.19,-72.49
pH1,3/30/26 20:51,8.13,24.22,-72.49
pH1,3/30/26 20:52,8.13,24.22,-72.5
pH1,3/30/26 20:53,8.13,24.22,-72.5
pH1,3/30/26 20:54,8.13,24.22,-72.49
pH1,3/30/26 20:55,8.13,24.22,-72.49
pH1,3/30/26 20:56,8.13,24.22,-72.49
pH1,3/30/26 20:57,8.13,24.22,-72.47
pH1,3/30/26 20:58,8.13,24.22,-72.44
pH1,3/30/26 20:59,8.13,24.22,-72.42
pH1,3/30/26 21:00,8.13,24.22,-72.41
pH1,3/30/26 21:01,8.13,24.22,-72.39
pH1,3/30/26 21:02,8.12,24.22,-72.38
pH1,3/30/26 21:03,8.13,24.22,-72.39
pH1,3/30/26 21:04,8.12,24.22,-72.38
pH1,3/30/26 21:05,8.13,24.22,-72.39
pH1,3/30/26 21:06,8.13,24.22,-72.41
pH1,3/30/26 21:07,8.13,24.22,-72.42
pH1,3/30/26 21:08,8.13,24.22,-72.44
pH1,3/30/26 21:09,8.13,24.22,-72.49
pH1,3/30/26 21:10,8.13,24.22,-72.52
pH1,3/30/26 21:11,8.13,24.22,-72.52
pH1,3/30/26 21:12,8.13,24.22,-72.56
pH1,3/30/26 21:13,8.13,24.22,-72.6
pH1,3/30/26 21:14,8.13,24.22,-72.61
pH1,3/30/26 21:15,8.13,24.22,-72.63
pH1,3/30/26 21:16,8.13,24.22,-72.64
pH1,3/30/26 21:17,8.13,24.22,-72.66
pH1,3/30/26 21:18,8.13,24.22,-72.67
pH1,3/30/26 21:19,8.13,24.24,-72.69
pH1,3/30/26 21:20,8.13,24.24,-72.69
pH1,3/30/26 21:21,8.13,24.24,-72.69
pH1,3/30/26 21:22,8.13,24.24,-72.69
pH1,3/30/26 21:23,8.13,24.24,-72.69
pH1,3/30/26 21:24,8.13,24.27,-72.71
pH1,3/30/26 21:25,8.13,24.27,-72.71
pH1,3/30/26 21:26,8.13,24.27,-72.71
pH1,3/30/26 21:27,8.13,24.27,-72.71
pH1,3/30/26 21:28,8.13,24.27,-72.71
pH1,3/30/26 21:29,8.13,24.29,-72.71
pH1,3/30/26 21:30,8.13,24.29,-72.71
pH1,3/30/26 21:31,8.13,24.29,-72.71
pH1,3/30/26 21:32,8.13,24.29,-72.71
pH1,3/30/26 21:33,8.13,24.32,-72.72
pH1,3/30/26 21:34,8.13,24.32,-72.72
pH1,3/30/26 21:35,8.13,24.32,-72.72
pH1,3/30/26 21:36,8.13,24.32,-72.72
pH1,3/30/26 21:37,8.13,24.32,-72.72
pH1,3/30/26 21:38,8.13,24.32,-72.72
pH1,3/30/26 21:39,8.13,24.34,-72.72
pH1,3/30/26 21:40,8.13,24.34,-72.72
pH1,3/30/26 21:41,8.13,24.34,-72.71
pH1,3/30/26 21:42,8.13,24.34,-72.71
pH1,3/30/26 21:43,8.13,24.34,-72.71
pH1,3/30/26 21:44,8.13,24.34,-72.71
pH1,3/30/26 21:45,8.13,24.34,-72.71
pH1,3/30/26 21:46,8.13,24.34,-72.71
pH1,3/30/26 21:47,8.13,24.34,-72.71
pH1,3/30/26 21:48,8.13,24.34,-72.71
pH1,3/30/26 21:49,8.13,24.34,-72.69
pH1,3/30/26 21:50,8.13,24.34,-72.67
pH1,3/30/26 21:51,8.13,24.34,-72.66
pH1,3/30/26 21:52,8.13,24.36,-72.66
pH1,3/30/26 21:53,8.13,24.34,-72.66
pH1,3/30/26 21:54,8.13,24.36,-72.64
pH1,3/30/26 21:55,8.13,24.36,-72.64
pH1,3/30/26 21:56,8.13,24.36,-72.64
pH1,3/30/26 21:57,8.13,24.36,-72.64
pH1,3/30/26 21:58,8.13,24.36,-72.63
pH1,3/30/26 21:59,8.13,24.34,-72.63
pH1,3/30/26 22:00,8.13,24.36,-72.63
pH1,3/30/26 22:01,8.13,24.34,-72.63
pH1,3/30/26 22:02,8.13,24.34,-72.61
pH1,3/30/26 22:03,8.13,24.34,-72.61
pH1,3/30/26 22:04,8.13,24.34,-72.6
pH1,3/30/26 22:05,8.13,24.36,-72.6
pH1,3/30/26 22:06,8.13,24.34,-72.6
pH1,3/30/26 22:07,8.13,24.34,-72.6
pH1,3/30/26 22:08,8.13,24.34,-72.6
pH1,3/30/26 22:09,8.13,24.34,-72.6
pH1,3/30/26 22:10,8.13,24.36,-72.6
pH1,3/30/26 22:11,8.13,24.34,-72.6
pH1,3/30/26 22:12,8.13,24.34,-72.61
pH1,3/30/26 22:13,8.13,24.36,-72.6
pH1,3/30/26 22:14,8.13,24.36,-72.6
pH1,3/30/26 22:15,8.13,24.36,-72.6
pH1,3/30/26 22:16,8.13,24.36,-72.6
pH1,3/30/26 22:17,8.13,24.36,-72.61
pH1,3/30/26 22:18,8.13,24.34,-72.61
pH1,3/30/26 22:19,8.13,24.34,-72.61
pH1,3/30/26 22:20,8.13,24.34,-72.61
pH1,3/30/26 22:21,8.13,24.34,-72.61
pH1,3/30/26 22:22,8.13,24.34,-72.61
pH1,3/30/26 22:23,8.13,24.34,-72.61
pH1,3/30/26 22:24,8.13,24.34,-72.6
pH1,3/30/26 22:25,8.13,24.34,-72.6
pH1,3/30/26 22:26,8.13,24.32,-72.6
pH1,3/30/26 22:27,8.13,24.32,-72.58
pH1,3/30/26 22:28,8.13,24.32,-72.56
pH1,3/30/26 22:29,8.13,24.32,-72.55
pH1,3/30/26 22:30,8.13,24.32,-72.52
pH1,3/30/26 22:31,8.13,24.32,-72.49
pH1,3/30/26 22:32,8.13,24.32,-72.49
pH1,3/30/26 22:33,8.13,24.32,-72.49
pH1,3/30/26 22:34,8.13,24.32,-72.47
pH1,3/30/26 22:35,8.13,24.32,-72.44
pH1,3/30/26 22:36,8.13,24.32,-72.41
pH1,3/30/26 22:37,8.12,24.32,-72.39
pH1,3/30/26 22:38,8.12,24.32,-72.38
pH1,3/30/26 22:39,8.12,24.32,-72.36
pH1,3/30/26 22:40,8.12,24.32,-72.36
pH1,3/30/26 22:41,8.12,24.32,-72.36
pH1,3/30/26 22:42,8.12,24.32,-72.36
pH1,3/30/26 22:43,8.12,24.32,-72.36
pH1,3/30/26 22:44,8.12,24.32,-72.36
pH1,3/30/26 22:45,8.12,24.32,-72.36
pH1,3/30/26 22:46,8.12,24.32,-72.35
pH1,3/30/26 22:47,8.12,24.32,-72.35
pH1,3/30/26 22:48,8.12,24.32,-72.35
pH1,3/30/26 22:49,8.12,24.32,-72.35
pH1,3/30/26 22:50,8.12,24.32,-72.33
pH1,3/30/26 22:51,8.12,24.32,-72.33
pH1,3/30/26 22:52,8.12,24.32,-72.31
pH1,3/30/26 22:53,8.12,24.29,-72.3
pH1,3/30/26 22:54,8.12,24.29,-72.28
pH1,3/30/26 22:55,8.12,24.29,-72.25
pH1,3/30/26 22:56,8.12,24.29,-72.22
pH1,3/30/26 22:57,8.12,24.29,-72.19
pH1,3/30/26 22:58,8.12,24.29,-72.17
pH1,3/30/26 22:59,8.12,24.29,-72.14
pH1,3/30/26 23:00,8.12,24.29,-72.14
pH1,3/30/26 23:01,8.12,24.29,-72.13
pH1,3/30/26 23:02,8.12,24.29,-72.13
pH1,3/30/26 23:03,8.12,24.29,-72.14
pH1,3/30/26 23:04,8.12,24.29,-72.13
pH1,3/30/26 23:05,8.12,24.29,-72.13
pH1,3/30/26 23:06,8.12,24.29,-72.11
pH1,3/30/26 23:07,8.12,24.29,-72.1
pH1,3/30/26 23:08,8.12,24.29,-72.08
pH1,3/30/26 23:09,8.12,24.29,-72.06
pH1,3/30/26 23:10,8.12,24.29,-72.05
pH1,3/30/26 23:11,8.12,24.29,-72.03
pH1,3/30/26 23:12,8.12,24.29,-72.02
pH1,3/30/26 23:13,8.12,24.29,-71.99
pH1,3/30/26 23:14,8.12,24.29,-71.99
pH1,3/30/26 23:15,8.12,24.29,-71.96
pH1,3/30/26 23:16,8.12,24.29,-71.94
pH1,3/30/26 23:17,8.12,24.27,-71.94
pH1,3/30/26 23:18,8.12,24.27,-71.92
pH1,3/30/26 23:19,8.12,24.27,-71.91
pH1,3/30/26 23:20,8.12,24.29,-71.86
pH1,3/30/26 23:21,8.12,24.27,-71.85
pH1,3/30/26 23:22,8.11,24.27,-71.81
pH1,3/30/26 23:23,8.11,24.27,-71.8
pH1,3/30/26 23:24,8.11,24.27,-71.77
pH1,3/30/26 23:25,8.11,24.27,-71.75
pH1,3/30/26 23:26,8.11,24.27,-71.74
pH1,3/30/26 23:27,8.11,24.27,-71.71
pH1,3/30/26 23:28,8.11,24.27,-71.69
pH1,3/30/26 23:29,8.11,24.27,-71.67
pH1,3/30/26 23:30,8.11,24.27,-71.64
pH1,3/30/26 23:31,8.11,24.27,-71.61
pH1,3/30/26 23:32,8.11,24.27,-71.58
pH1,3/30/26 23:33,8.11,24.27,-71.55
pH1,3/30/26 23:34,8.11,24.27,-71.52
pH1,3/30/26 23:35,8.11,24.27,-71.49
pH1,3/30/26 23:36,8.11,24.27,-71.46
pH1,3/30/26 23:37,8.11,24.24,-71.44
pH1,3/30/26 23:38,8.11,24.24,-71.42
pH1,3/30/26 23:39,8.11,24.24,-71.39
pH1,3/30/26 23:40,8.11,24.24,-71.39
pH1,3/30/26 23:41,8.11,24.24,-71.38
pH1,3/30/26 23:42,8.11,24.22,-71.35
pH1,3/30/26 23:43,8.11,24.22,-71.35
pH1,3/30/26 23:44,8.11,24.22,-71.33
pH1,3/30/26 23:45,8.11,24.22,-71.31
pH1,3/30/26 23:46,8.11,24.22,-71.31
pH1,3/30/26 23:47,8.11,24.22,-71.31
pH1,3/30/26 23:48,8.11,24.22,-71.31
pH1,3/30/26 23:49,8.11,24.22,-71.3
pH1,3/30/26 23:50,8.11,24.22,-71.3
pH1,3/30/26 23:51,8.11,24.22,-71.3
pH1,3/30/26 23:52,8.11,24.22,-71.3
pH1,3/30/26 23:53,8.11,24.22,-71.3
pH1,3/30/26 23:54,8.11,24.22,-71.3
pH1,3/30/26 23:55,8.11,24.22,-71.3
pH1,3/30/26 23:56,8.11,24.19,-71.28
pH1,3/30/26 23:57,8.11,24.22,-71.27
pH1,3/30/26 23:58,8.11,24.22,-71.25
pH1,3/30/26 23:59,8.11,24.22,-71.25
pH1,3/31/26 0:00,8.11,24.22,-71.24
pH1,3/31/26 0:01,8.11,24.22,-71.24
pH1,3/31/26 0:02,8.1,24.22,-71.22
pH1,3/31/26 0:03,8.1,24.22,-71.22
pH1,3/31/26 0:04,8.1,24.22,-71.21
pH1,3/31/26 0:05,8.1,24.22,-71.19
pH1,3/31/26 0:06,8.1,24.24,-71.17
pH1,3/31/26 0:07,8.1,24.24,-71.16
pH1,3/31/26 0:08,8.1,24.22,-71.16
pH1,3/31/26 0:09,8.1,24.19,-71.14
pH1,3/31/26 0:10,8.1,24.19,-71.13
pH1,3/31/26 0:11,8.1,24.17,-71.13
pH1,3/31/26 0:12,8.1,24.15,-71.1
pH1,3/31/26 0:13,8.1,24.15,-71.08
pH1,3/31/26 0:14,8.1,24.12,-71.05
pH1,3/31/26 0:15,8.1,24.12,-71.03
pH1,3/31/26 0:16,8.1,24.1,-71
pH1,3/31/26 0:17,8.1,24.1,-70.99
pH1,3/31/26 0:18,8.1,24.07,-70.97
pH1,3/31/26 0:19,8.1,24.05,-70.96
pH1,3/31/26 0:20,8.1,24.05,-70.94
pH1,3/31/26 0:21,8.1,24.03,-70.92
pH1,3/31/26 0:22,8.1,24,-70.89
pH1,3/31/26 0:23,8.1,24,-70.88
pH1,3/31/26 0:24,8.1,23.98,-70.86
pH1,3/31/26 0:25,8.1,23.98,-70.86
pH1,3/31/26 0:26,8.1,23.98,-70.86
pH1,3/31/26 0:27,8.1,23.98,-70.88
pH1,3/31/26 0:28,8.1,23.98,-70.88
pH1,3/31/26 0:29,8.1,23.98,-70.89
pH1,3/31/26 0:30,8.1,23.98,-70.91
pH1,3/31/26 0:31,8.1,23.98,-70.92
pH1,3/31/26 0:32,8.1,24,-70.94
pH1,3/31/26 0:33,8.1,24,-70.96
pH1,3/31/26 0:34,8.1,24.03,-70.97
pH1,3/31/26 0:35,8.1,24.03,-70.97
pH1,3/31/26 0:36,8.1,24.03,-70.99
pH1,3/31/26 0:37,8.1,24.03,-70.99
pH1,3/31/26 0:38,8.1,24.05,-70.99
pH1,3/31/26 0:39,8.1,24.05,-71
pH1,3/31/26 0:40,8.1,24.05,-71.02
pH1,3/31/26 0:41,8.1,24.05,-71.02
pH1,3/31/26 0:42,8.1,24.05,-71.03
pH1,3/31/26 0:43,8.1,24.05,-71.05
pH1,3/31/26 0:44,8.1,24.05,-71.06
pH1,3/31/26 0:45,8.1,24.07,-71.06
pH1,3/31/26 0:46,8.1,24.07,-71.06
pH1,3/31/26 0:47,8.1,24.1,-71.06
pH1,3/31/26 0:48,8.1,24.1,-71.06
pH1,3/31/26 0:49,8.1,24.1,-71.05
pH1,3/31/26 0:50,8.1,24.12,-71.03
pH1,3/31/26 0:51,8.1,24.12,-71.03
pH1,3/31/26 0:52,8.1,24.15,-71
pH1,3/31/26 0:53,8.1,24.15,-70.99
pH1,3/31/26 0:54,8.1,24.15,-71
pH1,3/31/26 0:55,8.1,24.15,-70.99
pH1,3/31/26 0:56,8.1,24.15,-71
pH1,3/31/26 0:57,8.1,24.17,-71.02
pH1,3/31/26 0:58,8.1,24.17,-71.02
pH1,3/31/26 0:59,8.1,24.17,-71.02
pH1,3/31/26 1:00,8.1,24.19,-71.02
pH1,3/31/26 1:01,8.1,24.19,-71.02
pH1,3/31/26 1:02,8.1,24.19,-71.02
pH1,3/31/26 1:03,8.1,24.19,-71.03
pH1,3/31/26 1:04,8.1,24.22,-71.05
pH1,3/31/26 1:05,8.1,24.22,-71.06
pH1,3/31/26 1:06,8.1,24.22,-71.06
pH1,3/31/26 1:07,8.1,24.22,-71.06
pH1,3/31/26 1:08,8.1,24.24,-71.08
pH1,3/31/26 1:09,8.1,24.24,-71.1
pH1,3/31/26 1:10,8.1,24.24,-71.13
pH1,3/31/26 1:11,8.1,24.24,-71.14
pH1,3/31/26 1:12,8.1,24.24,-71.21
pH1,3/31/26 1:13,8.11,24.27,-71.25
pH1,3/31/26 1:14,8.11,24.27,-71.3
pH1,3/31/26 1:15,8.11,24.27,-71.36
pH1,3/31/26 1:16,8.11,24.27,-71.41
pH1,3/31/26 1:17,8.11,24.27,-71.49
pH1,3/31/26 1:18,8.11,24.27,-71.55
pH1,3/31/26 1:19,8.11,24.29,-71.6
pH1,3/31/26 1:20,8.11,24.27,-71.66
pH1,3/31/26 1:21,8.11,24.27,-71.69
pH1,3/31/26 1:22,8.11,24.27,-71.75
pH1,3/31/26 1:23,8.11,24.24,-71.8
pH1,3/31/26 1:24,8.12,24.24,-71.85
pH1,3/31/26 1:25,8.12,24.22,-71.89
pH1,3/31/26 1:26,8.12,24.19,-71.92
pH1,3/31/26 1:27,8.12,24.19,-71.96
pH1,3/31/26 1:28,8.12,24.17,-71.99
pH1,3/31/26 1:29,8.12,24.15,-72
pH1,3/31/26 1:30,8.12,24.15,-72.03
pH1,3/31/26 1:31,8.12,24.15,-72.05
pH1,3/31/26 1:32,8.12,24.15,-72.08
pH1,3/31/26 1:33,8.12,24.15,-72.1
pH1,3/31/26 1:34,8.12,24.15,-72.11
pH1,3/31/26 1:35,8.12,24.15,-72.13
pH1,3/31/26 1:36,8.12,24.15,-72.13
pH1,3/31/26 1:37,8.12,24.17,-72.13
pH1,3/31/26 1:38,8.12,24.17,-72.14
pH1,3/31/26 1:39,8.12,24.17,-72.14
pH1,3/31/26 1:40,8.12,24.17,-72.14
pH1,3/31/26 1:41,8.12,24.19,-72.14
pH1,3/31/26 1:42,8.12,24.19,-72.16
pH1,3/31/26 1:43,8.12,24.19,-72.14
pH1,3/31/26 1:44,8.12,24.19,-72.16
pH1,3/31/26 1:45,8.12,24.19,-72.16
pH1,3/31/26 1:46,8.12,24.19,-72.16
pH1,3/31/26 1:47,8.12,24.19,-72.16
pH1,3/31/26 1:48,8.12,24.19,-72.16
pH1,3/31/26 1:49,8.12,24.19,-72.16
pH1,3/31/26 1:50,8.12,24.19,-72.16
pH1,3/31/26 1:51,8.12,24.19,-72.16
pH1,3/31/26 1:52,8.12,24.19,-72.16
pH1,3/31/26 1:53,8.12,24.19,-72.14
pH1,3/31/26 1:54,8.12,24.19,-72.14
pH1,3/31/26 1:55,8.12,24.19,-72.14
pH1,3/31/26 1:56,8.12,24.19,-72.13
pH1,3/31/26 1:57,8.12,24.22,-72.13
pH1,3/31/26 1:58,8.12,24.22,-72.11
pH1,3/31/26 1:59,8.12,24.22,-72.11
pH1,3/31/26 2:00,8.12,24.22,-72.1
pH1,3/31/26 2:01,8.12,24.22,-72.08
pH1,3/31/26 2:02,8.12,24.22,-72.06
pH1,3/31/26 2:03,8.12,24.22,-72.05
pH1,3/31/26 2:04,8.12,24.22,-72.02
pH1,3/31/26 2:05,8.12,24.22,-72
pH1,3/31/26 2:06,8.12,24.22,-71.99
pH1,3/31/26 2:07,8.12,24.22,-71.96
pH1,3/31/26 2:08,8.12,24.19,-71.92
pH1,3/31/26 2:09,8.12,24.19,-71.89
pH1,3/31/26 2:10,8.12,24.19,-71.85
pH1,3/31/26 2:11,8.11,24.19,-71.8
pH1,3/31/26 2:12,8.11,24.19,-71.75
pH1,3/31/26 2:13,8.11,24.17,-71.69
pH1,3/31/26 2:14,8.11,24.19,-71.66
pH1,3/31/26 2:15,8.11,24.17,-71.63
pH1,3/31/26 2:16,8.11,24.17,-71.58
pH1,3/31/26 2:17,8.11,24.17,-71.55
pH1,3/31/26 2:18,8.11,24.17,-71.53
pH1,3/31/26 2:19,8.11,24.17,-71.5
pH1,3/31/26 2:20,8.11,24.17,-71.47
pH1,3/31/26 2:21,8.11,24.17,-71.44
pH1,3/31/26 2:22,8.11,24.17,-71.41
pH1,3/31/26 2:23,8.11,24.17,-71.36
pH1,3/31/26 2:24,8.11,24.17,-71.3
pH1,3/31/26 2:25,8.11,24.17,-71.24
pH1,3/31/26 2:26,8.1,24.17,-71.17
pH1,3/31/26 2:27,8.1,24.19,-71.13
pH1,3/31/26 2:28,8.1,24.17,-71.06
pH1,3/31/26 2:29,8.1,24.19,-71
pH1,3/31/26 2:30,8.1,24.17,-70.96
pH1,3/31/26 2:31,8.1,24.19,-70.91
pH1,3/31/26 2:32,8.1,24.19,-70.88
pH1,3/31/26 2:33,8.1,24.19,-70.86
pH1,3/31/26 2:34,8.1,24.17,-70.83
pH1,3/31/26 2:35,8.1,24.19,-70.8
pH1,3/31/26 2:36,8.1,24.19,-70.75
pH1,3/31/26 2:37,8.1,24.19,-70.72
pH1,3/31/26 2:38,8.1,24.19,-70.69
pH1,3/31/26 2:39,8.09,24.19,-70.64
pH1,3/31/26 2:40,8.09,24.19,-70.6
pH1,3/31/26 2:41,8.09,24.19,-70.58
pH1,3/31/26 2:42,8.09,24.19,-70.56
pH1,3/31/26 2:43,8.09,24.19,-70.53
pH1,3/31/26 2:44,8.09,24.19,-70.52
pH1,3/31/26 2:45,8.09,24.19,-70.5
pH1,3/31/26 2:46,8.09,24.19,-70.47
pH1,3/31/26 2:47,8.09,24.17,-70.46
pH1,3/31/26 2:48,8.09,24.17,-70.42
pH1,3/31/26 2:49,8.09,24.17,-70.39
pH1,3/31/26 2:50,8.09,24.17,-70.38
pH1,3/31/26 2:51,8.09,24.17,-70.35
pH1,3/31/26 2:52,8.09,24.17,-70.31
pH1,3/31/26 2:53,8.09,24.15,-70.28
pH1,3/31/26 2:54,8.09,24.15,-70.25
pH1,3/31/26 2:55,8.09,24.15,-70.22
pH1,3/31/26 2:56,8.09,24.15,-70.21
pH1,3/31/26 2:57,8.09,24.15,-70.17
pH1,3/31/26 2:58,8.09,24.12,-70.16
pH1,3/31/26 2:59,8.09,24.12,-70.14
pH1,3/31/26 3:00,8.09,24.12,-70.13
pH1,3/31/26 3:01,8.09,24.12,-70.11
pH1,3/31/26 3:02,8.09,24.12,-70.1
pH1,3/31/26 3:03,8.09,24.1,-70.1
pH1,3/31/26 3:04,8.09,24.12,-70.1
pH1,3/31/26 3:05,8.09,24.12,-70.1
pH1,3/31/26 3:06,8.09,24.12,-70.1
pH1,3/31/26 3:07,8.09,24.12,-70.1
pH1,3/31/26 3:08,8.09,24.12,-70.1
pH1,3/31/26 3:09,8.09,24.12,-70.1
pH1,3/31/26 3:10,8.09,24.12,-70.08
pH1,3/31/26 3:11,8.09,24.12,-70.08
pH1,3/31/26 3:12,8.09,24.12,-70.08
pH1,3/31/26 3:13,8.09,24.12,-70.08
pH1,3/31/26 3:14,8.09,24.12,-70.08
pH1,3/31/26 3:15,8.09,24.12,-70.08
pH1,3/31/26 3:16,8.09,24.12,-70.06
pH1,3/31/26 3:17,8.09,24.12,-70.06
pH1,3/31/26 3:18,8.09,24.12,-70.08
pH1,3/31/26 3:19,8.09,24.12,-70.08
pH1,3/31/26 3:20,8.09,24.12,-70.06
pH1,3/31/26 3:21,8.09,24.12,-70.08
pH1,3/31/26 3:22,8.09,24.12,-70.08
pH1,3/31/26 3:23,8.09,24.12,-70.08
pH1,3/31/26 3:24,8.09,24.12,-70.08
pH1,3/31/26 3:25,8.09,24.12,-70.06
pH1,3/31/26 3:26,8.09,24.12,-70.06
pH1,3/31/26 3:27,8.08,24.12,-70.05
pH1,3/31/26 3:28,8.08,24.12,-70.03
pH1,3/31/26 3:29,8.08,24.12,-70
pH1,3/31/26 3:30,8.08,24.12,-69.97
pH1,3/31/26 3:31,8.08,24.12,-69.96
pH1,3/31/26 3:32,8.08,24.12,-69.91
pH1,3/31/26 3:33,8.08,24.1,-69.91
pH1,3/31/26 3:34,8.08,24.1,-69.88
pH1,3/31/26 3:35,8.08,24.1,-69.85
pH1,3/31/26 3:36,8.08,24.07,-69.83
pH1,3/31/26 3:37,8.08,24.07,-69.8
pH1,3/31/26 3:38,8.08,24.07,-69.78
pH1,3/31/26 3:39,8.08,24.07,-69.75
pH1,3/31/26 3:40,8.08,24.07,-69.74
pH1,3/31/26 3:41,8.08,24.05,-69.71
pH1,3/31/26 3:42,8.08,24.05,-69.67
pH1,3/31/26 3:43,8.08,24.05,-69.66
pH1,3/31/26 3:44,8.08,24.03,-69.66
pH1,3/31/26 3:45,8.08,24.03,-69.64
pH1,3/31/26 3:46,8.08,24.03,-69.64
pH1,3/31/26 3:47,8.08,24,-69.63
pH1,3/31/26 3:48,8.08,24,-69.64
pH1,3/31/26 3:49,8.08,23.98,-69.64
pH1,3/31/26 3:50,8.08,23.98,-69.64
pH1,3/31/26 3:51,8.08,23.98,-69.64
pH1,3/31/26 3:52,8.08,23.95,-69.66
pH1,3/31/26 3:53,8.08,23.95,-69.64
pH1,3/31/26 3:54,8.08,23.95,-69.66
pH1,3/31/26 3:55,8.08,23.93,-69.66
pH1,3/31/26 3:56,8.08,23.93,-69.69
pH1,3/31/26 3:57,8.08,23.93,-69.72
pH1,3/31/26 3:58,8.08,23.93,-69.74
pH1,3/31/26 3:59,8.08,23.93,-69.77
pH1,3/31/26 4:00,8.08,23.93,-69.78
pH1,3/31/26 4:01,8.08,23.93,-69.8
pH1,3/31/26 4:02,8.08,23.93,-69.83
pH1,3/31/26 4:03,8.08,23.93,-69.86
pH1,3/31/26 4:04,8.08,23.93,-69.86
pH1,3/31/26 4:05,8.08,23.95,-69.86
pH1,3/31/26 4:06,8.08,23.95,-69.86
pH1,3/31/26 4:07,8.08,23.95,-69.86
pH1,3/31/26 4:08,8.08,23.95,-69.86
pH1,3/31/26 4:09,8.08,23.95,-69.86
pH1,3/31/26 4:10,8.08,23.95,-69.86
pH1,3/31/26 4:11,8.08,23.98,-69.85
pH1,3/31/26 4:12,8.08,23.98,-69.85
pH1,3/31/26 4:13,8.08,23.98,-69.83
pH1,3/31/26 4:14,8.08,23.98,-69.83
pH1,3/31/26 4:15,8.08,24,-69.81
pH1,3/31/26 4:16,8.08,24,-69.81
pH1,3/31/26 4:17,8.08,24,-69.8
pH1,3/31/26 4:18,8.08,24,-69.81
pH1,3/31/26 4:19,8.08,24.03,-69.8
pH1,3/31/26 4:20,8.08,24.03,-69.81
pH1,3/31/26 4:21,8.08,24.03,-69.81
pH1,3/31/26 4:22,8.08,24.03,-69.85
pH1,3/31/26 4:23,8.08,24.05,-69.86
pH1,3/31/26 4:24,8.08,24.05,-69.86
pH1,3/31/26 4:25,8.08,24.05,-69.88
pH1,3/31/26 4:26,8.08,24.05,-69.89
pH1,3/31/26 4:27,8.08,24.07,-69.89
pH1,3/31/26 4:28,8.08,24.07,-69.91
pH1,3/31/26 4:29,8.08,24.07,-69.91
pH1,3/31/26 4:30,8.08,24.1,-69.91
pH1,3/31/26 4:31,8.08,24.1,-69.92
pH1,3/31/26 4:32,8.08,24.1,-69.91
pH1,3/31/26 4:33,8.08,24.12,-69.91
pH1,3/31/26 4:34,8.08,24.12,-69.89
pH1,3/31/26 4:35,8.08,24.12,-69.88
pH1,3/31/26 4:36,8.08,24.15,-69.88
pH1,3/31/26 4:37,8.08,24.15,-69.88
pH1,3/31/26 4:38,8.08,24.15,-69.88
pH1,3/31/26 4:39,8.08,24.15,-69.88
pH1,3/31/26 4:40,8.08,24.17,-69.88
pH1,3/31/26 4:41,8.08,24.17,-69.89
pH1,3/31/26 4:42,8.08,24.17,-69.91
pH1,3/31/26 4:43,8.08,24.17,-69.91
pH1,3/31/26 4:44,8.08,24.17,-69.92
pH1,3/31/26 4:45,8.08,24.17,-69.94
pH1,3/31/26 4:46,8.08,24.17,-69.94
pH1,3/31/26 4:47,8.08,24.17,-69.96
pH1,3/31/26 4:48,8.08,24.17,-69.97
pH1,3/31/26 4:49,8.08,24.17,-69.97
pH1,3/31/26 4:50,8.08,24.17,-69.97
pH1,3/31/26 4:51,8.08,24.17,-69.96
pH1,3/31/26 4:52,8.08,24.17,-69.94
pH1,3/31/26 4:53,8.08,24.17,-69.94
pH1,3/31/26 4:54,8.08,24.17,-69.94
pH1,3/31/26 4:55,8.08,24.17,-69.92
pH1,3/31/26 4:56,8.08,24.17,-69.94
pH1,3/31/26 4:57,8.08,24.17,-69.97
pH1,3/31/26 4:58,8.08,24.17,-69.97
pH1,3/31/26 4:59,8.08,24.17,-69.99
pH1,3/31/26 5:00,8.08,24.17,-69.99
pH1,3/31/26 5:01,8.08,24.17,-70
pH1,3/31/26 5:02,8.08,24.17,-70.02
pH1,3/31/26 5:03,8.08,24.17,-70.03
pH1,3/31/26 5:04,8.08,24.17,-70.03
pH1,3/31/26 5:05,8.08,24.17,-70.05
pH1,3/31/26 5:06,8.08,24.17,-70.05
pH1,3/31/26 5:07,8.08,24.17,-70.05
pH1,3/31/26 5:08,8.08,24.17,-70.06
pH1,3/31/26 5:09,8.09,24.17,-70.08
pH1,3/31/26 5:10,8.09,24.17,-70.08
pH1,3/31/26 5:11,8.09,24.17,-70.1
pH1,3/31/26 5:12,8.09,24.17,-70.11
pH1,3/31/26 5:13,8.09,24.17,-70.11
pH1,3/31/26 5:14,8.09,24.17,-70.13
pH1,3/31/26 5:15,8.09,24.17,-70.14
pH1,3/31/26 5:16,8.09,24.17,-70.16
pH1,3/31/26 5:17,8.09,24.17,-70.17
pH1,3/31/26 5:18,8.09,24.17,-70.21
pH1,3/31/26 5:19,8.09,24.17,-70.21
pH1,3/31/26 5:20,8.09,24.17,-70.22
pH1,3/31/26 5:21,8.09,24.17,-70.22
pH1,3/31/26 5:22,8.09,24.17,-70.24
pH1,3/31/26 5:23,8.09,24.17,-70.24
pH1,3/31/26 5:24,8.09,24.17,-70.24
pH1,3/31/26 5:25,8.09,24.19,-70.25
pH1,3/31/26 5:26,8.09,24.17,-70.25
pH1,3/31/26 5:27,8.09,24.17,-70.25
pH1,3/31/26 5:28,8.09,24.17,-70.27
pH1,3/31/26 5:29,8.09,24.17,-70.28
pH1,3/31/26 5:30,8.09,24.17,-70.3
pH1,3/31/26 5:31,8.09,24.19,-70.3
pH1,3/31/26 5:32,8.09,24.19,-70.31
pH1,3/31/26 5:33,8.09,24.17,-70.33
pH1,3/31/26 5:34,8.09,24.19,-70.33
pH1,3/31/26 5:35,8.09,24.19,-70.33
pH1,3/31/26 5:36,8.09,24.17,-70.31
pH1,3/31/26 5:37,8.09,24.17,-70.31
pH1,3/31/26 5:38,8.09,24.17,-70.3
pH1,3/31/26 5:39,8.09,24.17,-70.27
pH1,3/31/26 5:40,8.09,24.17,-70.25
pH1,3/31/26 5:41,8.09,24.17,-70.22
pH1,3/31/26 5:42,8.09,24.17,-70.21
pH1,3/31/26 5:43,8.09,24.17,-70.17
pH1,3/31/26 5:44,8.09,24.17,-70.14
pH1,3/31/26 5:45,8.09,24.17,-70.13
pH1,3/31/26 5:46,8.09,24.17,-70.1
pH1,3/31/26 5:47,8.08,24.17,-70.06
pH1,3/31/26 5:48,8.08,24.17,-70.05
pH1,3/31/26 5:49,8.08,24.17,-70.03
pH1,3/31/26 5:50,8.08,24.17,-70
pH1,3/31/26 5:51,8.08,24.17,-70
pH1,3/31/26 5:52,8.08,24.17,-69.97
pH1,3/31/26 5:53,8.08,24.17,-69.96
pH1,3/31/26 5:54,8.08,24.17,-69.96
pH1,3/31/26 5:55,8.08,24.17,-69.92
pH1,3/31/26 5:56,8.08,24.17,-69.91
pH1,3/31/26 5:57,8.08,24.15,-69.89
pH1,3/31/26 5:58,8.08,24.15,-69.88
pH1,3/31/26 5:59,8.08,24.15,-69.86
pH1,3/31/26 6:00,8.08,24.17,-69.85
pH1,3/31/26 6:01,8.08,24.17,-69.83
pH1,3/31/26 6:02,8.08,24.15,-69.8
pH1,3/31/26 6:03,8.08,24.15,-69.8
pH1,3/31/26 6:04,8.08,24.15,-69.77
pH1,3/31/26 6:05,8.08,24.15,-69.75
pH1,3/31/26 6:06,8.08,24.15,-69.72
pH1,3/31/26 6:07,8.08,24.15,-69.71
pH1,3/31/26 6:08,8.08,24.15,-69.69
pH1,3/31/26 6:09,8.08,24.15,-69.67
pH1,3/31/26 6:10,8.08,24.15,-69.67
pH1,3/31/26 6:11,8.08,24.15,-69.66
pH1,3/31/26 6:12,8.08,24.15,-69.66
pH1,3/31/26 6:13,8.08,24.15,-69.64
pH1,3/31/26 6:14,8.08,24.15,-69.64
pH1,3/31/26 6:15,8.08,24.15,-69.64
pH1,3/31/26 6:16,8.08,24.15,-69.63
pH1,3/31/26 6:17,8.08,24.15,-69.61
pH1,3/31/26 6:18,8.08,24.15,-69.63
pH1,3/31/26 6:19,8.08,24.15,-69.61
pH1,3/31/26 6:20,8.08,24.15,-69.6
pH1,3/31/26 6:21,8.08,24.12,-69.6
pH1,3/31/26 6:22,8.08,24.12,-69.58
pH1,3/31/26 6:23,8.08,24.12,-69.58
pH1,3/31/26 6:24,8.08,24.12,-69.58
pH1,3/31/26 6:25,8.08,24.12,-69.56
pH1,3/31/26 6:26,8.08,24.12,-69.58
pH1,3/31/26 6:27,8.08,24.12,-69.56
pH1,3/31/26 6:28,8.08,24.12,-69.58
pH1,3/31/26 6:29,8.08,24.12,-69.58
pH1,3/31/26 6:30,8.08,24.12,-69.58
pH1,3/31/26 6:31,8.08,24.12,-69.6
pH1,3/31/26 6:32,8.08,24.12,-69.6
pH1,3/31/26 6:33,8.08,24.12,-69.61
pH1,3/31/26 6:34,8.08,24.12,-69.64
pH1,3/31/26 6:35,8.08,24.12,-69.64
pH1,3/31/26 6:36,8.08,24.12,-69.66
pH1,3/31/26 6:37,8.08,24.12,-69.66
pH1,3/31/26 6:38,8.08,24.12,-69.67
pH1,3/31/26 6:39,8.08,24.12,-69.69
pH1,3/31/26 6:40,8.08,24.12,-69.72
pH1,3/31/26 6:41,8.08,24.12,-69.75
pH1,3/31/26 6:42,8.08,24.12,-69.77
pH1,3/31/26 6:43,8.08,24.12,-69.8
pH1,3/31/26 6:44,8.08,24.12,-69.85
pH1,3/31/26 6:45,8.08,24.12,-69.88
pH1,3/31/26 6:46,8.08,24.15,-69.89
pH1,3/31/26 6:47,8.08,24.12,-69.91
pH1,3/31/26 6:48,8.08,24.15,-69.94
pH1,3/31/26 6:49,8.08,24.15,-69.97
pH1,3/31/26 6:50,8.08,24.15,-70
pH1,3/31/26 6:51,8.08,24.15,-70.03
pH1,3/31/26 6:52,8.09,24.15,-70.06
pH1,3/31/26 6:53,8.09,24.15,-70.08
pH1,3/31/26 6:54,8.09,24.15,-70.11
pH1,3/31/26 6:55,8.09,24.15,-70.14
pH1,3/31/26 6:56,8.09,24.15,-70.17
pH1,3/31/26 6:57,8.09,24.15,-70.22
pH1,3/31/26 6:58,8.09,24.15,-70.24
pH1,3/31/26 6:59,8.09,24.15,-70.25
pH1,3/31/26 7:00,8.09,24.17,-70.27
pH1,3/31/26 7:01,8.09,24.17,-70.28
pH1,3/31/26 7:02,8.09,24.17,-70.3
pH1,3/31/26 7:03,8.09,24.17,-70.33
pH1,3/31/26 7:04,8.09,24.17,-70.35
pH1,3/31/26 7:05,8.09,24.17,-70.36
pH1,3/31/26 7:06,8.09,24.17,-70.38
pH1,3/31/26 7:07,8.09,24.19,-70.39
pH1,3/31/26 7:08,8.09,24.19,-70.41
pH1,3/31/26 7:09,8.09,24.19,-70.44
pH1,3/31/26 7:10,8.09,24.19,-70.46
pH1,3/31/26 7:11,8.09,24.22,-70.47
pH1,3/31/26 7:12,8.09,24.22,-70.47
pH1,3/31/26 7:13,8.09,24.22,-70.47
pH1,3/31/26 7:14,8.09,24.22,-70.47
pH1,3/31/26 7:15,8.09,24.22,-70.47
pH1,3/31/26 7:16,8.09,24.22,-70.46
pH1,3/31/26 7:17,8.09,24.22,-70.46
pH1,3/31/26 7:18,8.09,24.22,-70.46
pH1,3/31/26 7:19,8.09,24.22,-70.44
pH1,3/31/26 7:20,8.09,24.22,-70.42
pH1,3/31/26 7:21,8.09,24.22,-70.41
pH1,3/31/26 7:22,8.09,24.22,-70.38
pH1,3/31/26 7:23,8.09,24.22,-70.38
pH1,3/31/26 7:24,8.09,24.22,-70.35
pH1,3/31/26 7:25,8.09,24.22,-70.33
pH1,3/31/26 7:26,8.09,24.22,-70.35
pH1,3/31/26 7:27,8.09,24.22,-70.31
pH1,3/31/26 7:28,8.09,24.24,-70.31
pH1,3/31/26 7:29,8.09,24.24,-70.33
pH1,3/31/26 7:30,8.09,24.24,-70.31
pH1,3/31/26 7:31,8.09,24.24,-70.33
pH1,3/31/26 7:32,8.09,24.27,-70.33
pH1,3/31/26 7:33,8.09,24.27,-70.36
pH1,3/31/26 7:34,8.09,24.27,-70.35
pH1,3/31/26 7:35,8.09,24.29,-70.35
pH1,3/31/26 7:36,8.09,24.27,-70.36
pH1,3/31/26 7:37,8.09,24.29,-70.38
pH1,3/31/26 7:38,8.09,24.29,-70.38
pH1,3/31/26 7:39,8.09,24.29,-70.39
pH1,3/31/26 7:40,8.09,24.29,-70.42
pH1,3/31/26 7:41,8.09,24.29,-70.44
pH1,3/31/26 7:42,8.09,24.32,-70.47
pH1,3/31/26 7:43,8.09,24.32,-70.5
pH1,3/31/26 7:44,8.09,24.32,-70.55
pH1,3/31/26 7:45,8.09,24.34,-70.61
pH1,3/31/26 7:46,8.09,24.34,-70.61
pH1,3/31/26 7:47,8.09,24.34,-70.66
pH1,3/31/26 7:48,8.09,24.36,-70.67
pH1,3/31/26 7:49,8.1,24.36,-70.69
pH1,3/31/26 7:50,8.1,24.36,-70.72
pH1,3/31/26 7:51,8.1,24.36,-70.74
pH1,3/31/26 7:52,8.1,24.36,-70.8
pH1,3/31/26 7:53,8.1,24.39,-70.88
pH1,3/31/26 7:54,8.1,24.41,-70.91
pH1,3/31/26 7:55,8.1,24.44,-70.94
pH1,3/31/26 7:56,8.1,24.44,-70.99
pH1,3/31/26 7:57,8.1,24.46,-71.03
pH1,3/31/26 7:58,8.1,24.46,-71.03
pH1,3/31/26 7:59,8.1,24.48,-71.13
pH1,3/31/26 8:00,8.1,24.48,-71.22
pH1,3/31/26 8:01,8.1,24.51,-71.28
pH1,3/31/26 8:02,8.1,24.48,-71.14
pH1,3/31/26 8:03,8.1,24.46,-71.16
pH1,3/31/26 8:04,8.1,24.46,-71.19
pH1,3/31/26 8:05,8.11,24.46,-71.36
pH1,3/31/26 8:06,8.11,24.46,-71.42
pH1,3/31/26 8:07,8.11,24.46,-71.5
pH1,3/31/26 8:08,8.11,24.48,-71.58
pH1,3/31/26 8:09,8.11,24.48,-71.61
pH1,3/31/26 8:10,8.11,24.48,-71.64
pH1,3/31/26 8:11,8.11,24.46,-71.53
pH1,3/31/26 8:12,8.11,24.46,-71.63
pH1,3/31/26 8:13,8.11,24.46,-71.67
pH1,3/31/26 8:14,8.11,24.48,-71.85
pH1,3/31/26 8:15,8.12,24.48,-71.89
pH1,3/31/26 8:16,8.12,24.48,-71.94
pH1,3/31/26 8:17,8.12,24.51,-72.02
pH1,3/31/26 8:18,8.12,24.51,-71.94
pH1,3/31/26 8:19,8.11,24.48,-71.85
pH1,3/31/26 8:20,8.11,24.48,-71.85
pH1,3/31/26 8:21,8.12,24.46,-71.86
pH1,3/31/26 8:22,8.12,24.46,-71.88
pH1,3/31/26 8:23,8.12,24.44,-71.94
pH1,3/31/26 8:24,8.12,24.44,-71.92
pH1,3/31/26 8:25,8.12,24.41,-72.05
pH1,3/31/26 8:26,8.12,24.44,-72.14
pH1,3/31/26 8:27,8.12,24.44,-72.11
pH1,3/31/26 8:28,8.12,24.46,-72.1
pH1,3/31/26 8:29,8.12,24.48,-72.21
pH1,3/31/26 8:30,8.12,24.51,-72.22
pH1,3/31/26 8:31,8.12,24.53,-72.19
pH1,3/31/26 8:32,8.12,24.53,-72.1
pH1,3/31/26 8:33,8.12,24.53,-72.02
pH1,3/31/26 8:34,8.12,24.56,-72.13
pH1,3/31/26 8:35,8.12,24.56,-72.24
pH1,3/31/26 8:36,8.12,24.56,-72.11
pH1,3/31/26 8:37,8.12,24.53,-71.94
pH1,3/31/26 8:38,8.12,24.53,-71.94
pH1,3/31/26 8:39,8.12,24.51,-71.91
pH1,3/31/26 8:40,8.12,24.51,-71.94
pH1,3/31/26 8:41,8.12,24.48,-71.99
pH1,3/31/26 8:42,8.12,24.48,-72.05
pH1,3/31/26 8:43,8.12,24.46,-72.03
pH1,3/31/26 8:44,8.12,24.46,-71.99
pH1,3/31/26 8:45,8.12,24.48,-72.19
pH1,3/31/26 8:46,8.12,24.51,-72.25
pH1,3/31/26 8:47,8.12,24.51,-72.14
pH1,3/31/26 8:48,8.12,24.53,-72.24
pH1,3/31/26 8:49,8.12,24.51,-72.08
pH1,3/31/26 8:50,8.12,24.51,-72.08
pH1,3/31/26 8:51,8.12,24.51,-72.1
pH1,3/31/26 8:52,8.12,24.48,-72.08
pH1,3/31/26 8:53,8.12,24.51,-72.24
pH1,3/31/26 8:54,8.12,24.48,-72.17
pH1,3/31/26 8:55,8.12,24.48,-72.13
pH1,3/31/26 8:56,8.12,24.53,-72.39
pH1,3/31/26 8:57,8.12,24.53,-72.39
pH1,3/31/26 8:58,8.13,24.56,-72.49
pH1,3/31/26 8:59,8.13,24.58,-72.56
pH1,3/31/26 9:00,8.13,24.6,-72.56
pH1,3/31/26 9:01,8.13,24.63,-72.58
pH1,3/31/26 9:02,8.13,24.65,-72.64
pH1,3/31/26 9:03,8.13,24.68,-72.6
pH1,3/31/26 9:04,8.13,24.68,-72.69
pH1,3/31/26 9:05,8.13,24.7,-72.75
pH1,3/31/26 9:06,8.13,24.7,-72.72
pH1,3/31/26 9:07,8.13,24.73,-72.8
pH1,3/31/26 9:08,8.13,24.73,-72.96
pH1,3/31/26 9:09,8.13,24.75,-72.8
pH1,3/31/26 9:10,8.13,24.75,-72.81
pH1,3/31/26 9:11,8.13,24.77,-72.83
pH1,3/31/26 9:12,8.13,24.77,-72.81
pH1,3/31/26 9:13,8.13,24.77,-72.78
pH1,3/31/26 9:14,8.13,24.77,-72.72
pH1,3/31/26 9:15,8.13,24.8,-72.75
pH1,3/31/26 9:16,8.13,24.77,-72.75
pH1,3/31/26 9:17,8.13,24.8,-72.72
pH1,3/31/26 9:18,8.13,24.8,-72.72
pH1,3/31/26 9:19,8.13,24.8,-72.86
pH1,3/31/26 9:20,8.13,24.8,-72.81
pH1,3/31/26 9:21,8.13,24.77,-72.72
pH1,3/31/26 9:22,8.13,24.75,-72.58
pH1,3/31/26 9:23,8.12,24.75,-72.47
pH1,3/31/26 9:24,8.13,24.73,-72.64
pH1,3/31/26 9:25,8.13,24.73,-72.63
pH1,3/31/26 9:26,8.13,24.7,-72.64
pH1,3/31/26 9:27,8.13,24.7,-72.75
pH1,3/31/26 9:28,8.13,24.7,-72.77
pH1,3/31/26 9:29,8.13,24.73,-72.85
pH1,3/31/26 9:30,8.13,24.73,-72.63
pH1,3/31/26 9:31,8.13,24.73,-72.61
pH1,3/31/26 9:32,8.13,24.73,-72.69
pH1,3/31/26 9:33,8.13,24.75,-72.81
pH1,3/31/26 9:34,8.13,24.75,-72.83
pH1,3/31/26 9:35,8.13,24.77,-72.86
pH1,3/31/26 9:36,8.13,24.77,-72.92
pH1,3/31/26 9:37,8.13,24.77,-72.75
pH1,3/31/26 9:38,8.13,24.77,-72.77
pH1,3/31/26 9:39,8.13,24.8,-72.91
pH1,3/31/26 9:40,8.13,24.8,-72.85
pH1,3/31/26 9:41,8.13,24.8,-72.86
pH1,3/31/26 9:42,8.13,24.82,-73.03
pH1,3/31/26 9:43,8.13,24.82,-72.99
pH1,3/31/26 9:44,8.13,24.82,-72.83
pH1,3/31/26 9:45,8.13,24.85,-72.71
pH1,3/31/26 9:46,8.13,24.85,-72.91
pH1,3/31/26 9:47,8.13,24.85,-72.89
pH1,3/31/26 9:48,8.13,24.85,-72.53
pH1,3/31/26 9:49,8.13,24.87,-72.63
pH1,3/31/26 9:50,8.13,24.87,-72.74
pH1,3/31/26 9:51,8.13,24.9,-72.8
pH1,3/31/26 9:52,8.13,24.9,-72.86
pH1,3/31/26 9:53,8.12,24.87,-72.52
pH1,3/31/26 9:54,8.13,24.9,-72.69
pH1,3/31/26 9:55,8.13,24.9,-72.86
pH1,3/31/26 9:56,8.12,24.87,-72.49
pH1,3/31/26 9:57,8.12,24.85,-72.44
pH1,3/31/26 9:58,8.12,24.82,-72.36
pH1,3/31/26 9:59,8.12,24.8,-72.39
pH1,3/31/26 10:00,8.12,24.77,-72.41
pH1,3/31/26 10:01,8.12,24.75,-72.38
pH1,3/31/26 10:02,8.12,24.73,-72.35
pH1,3/31/26 10:03,8.12,24.73,-72.44
pH1,3/31/26 10:04,8.13,24.7,-72.66
pH1,3/31/26 10:05,8.13,24.75,-72.78
pH1,3/31/26 10:06,8.13,24.73,-72.64
pH1,3/31/26 10:07,8.13,24.73,-72.71
pH1,3/31/26 10:08,8.12,24.7,-72.44
pH1,3/31/26 10:09,8.13,24.75,-72.92
pH1,3/31/26 10:10,8.14,24.77,-73.14
pH1,3/31/26 10:11,8.14,24.8,-73.1
pH1,3/31/26 10:12,8.13,24.8,-72.77
pH1,3/31/26 10:13,8.13,24.82,-72.96
pH1,3/31/26 10:14,8.13,24.82,-72.99
pH1,3/31/26 10:15,8.13,24.85,-72.85
pH1,3/31/26 10:16,8.13,24.85,-72.77
pH1,3/31/26 10:17,8.13,24.87,-73
pH1,3/31/26 10:18,8.13,24.9,-73.1
pH1,3/31/26 10:19,8.13,24.87,-72.81
pH1,3/31/26 10:20,8.13,24.9,-73.11
pH1,3/31/26 10:21,8.13,24.87,-72.77
pH1,3/31/26 10:22,8.13,24.87,-73
pH1,3/31/26 10:23,8.14,24.9,-73.13
pH1,3/31/26 10:24,8.13,24.92,-73.1
pH1,3/31/26 10:25,8.13,24.92,-73.03
pH1,3/31/26 10:26,8.12,24.87,-72.5
pH1,3/31/26 10:27,8.13,24.87,-72.83
pH1,3/31/26 10:28,8.13,24.85,-72.66
pH1,3/31/26 10:29,8.13,24.82,-72.58
pH1,3/31/26 10:30,8.13,24.82,-73.02
pH1,3/31/26 10:31,8.13,24.82,-72.85
pH1,3/31/26 10:32,8.13,24.82,-72.83
pH1,3/31/26 10:33,8.13,24.82,-72.6
pH1,3/31/26 10:34,8.12,24.8,-72.42
pH1,3/31/26 10:35,8.13,24.77,-72.52
pH1,3/31/26 10:36,8.13,24.8,-72.92
pH1,3/31/26 10:37,8.14,24.8,-73.13
pH1,3/31/26 10:38,8.14,24.85,-73.13
pH1,3/31/26 10:39,8.13,24.85,-73.08
pH1,3/31/26 10:40,8.13,24.87,-73.1
pH1,3/31/26 10:41,8.14,24.9,-73.41
pH1,3/31/26 10:42,8.14,24.9,-73.31
pH1,3/31/26 10:43,8.14,24.92,-73.27
pH1,3/31/26 10:44,8.14,24.94,-73.47
pH1,3/31/26 10:45,8.14,24.97,-73.25
pH1,3/31/26 10:46,8.13,24.94,-72.81
pH1,3/31/26 10:47,8.13,24.94,-72.97
pH1,3/31/26 10:48,8.13,24.94,-73.06
pH1,3/31/26 10:49,8.14,24.99,-73.3
pH1,3/31/26 10:50,8.13,24.92,-72.67
pH1,3/31/26 10:51,8.13,24.92,-72.81
pH1,3/31/26 10:52,8.14,24.92,-73.19
pH1,3/31/26 10:53,8.14,24.92,-73.14
pH1,3/31/26 10:54,8.13,24.92,-72.88
pH1,3/31/26 10:55,8.13,24.9,-72.74
pH1,3/31/26 10:56,8.14,24.92,-73.14
pH1,3/31/26 10:57,8.14,24.94,-73.24
pH1,3/31/26 10:58,8.13,24.9,-72.86
pH1,3/31/26 10:59,8.13,24.92,-73.11
pH1,3/31/26 11:00,8.13,24.92,-73.08
pH1,3/31/26 11:01,8.13,24.9,-72.77
pH1,3/31/26 11:02,8.13,24.9,-72.8
pH1,3/31/26 11:03,8.14,24.92,-73.27
pH1,3/31/26 11:04,8.13,24.9,-72.77
pH1,3/31/26 11:05,8.13,24.9,-73.1
pH1,3/31/26 11:06,8.13,24.9,-72.85
pH1,3/31/26 11:07,8.13,24.87,-72.67
pH1,3/31/26 11:08,8.13,24.85,-72.66
pH1,3/31/26 11:09,8.13,24.82,-72.66
pH1,3/31/26 11:10,8.13,24.85,-73.06
pH1,3/31/26 11:11,8.13,24.85,-73.02
pH1,3/31/26 11:12,8.13,24.85,-72.83
pH1,3/31/26 11:13,8.13,24.82,-72.58
pH1,3/31/26 11:14,8.13,24.8,-72.63
pH1,3/31/26 11:15,8.13,24.8,-72.67
pH1,3/31/26 11:16,8.13,24.82,-72.86
pH1,3/31/26 11:17,8.13,24.82,-72.88
pH1,3/31/26 11:18,8.13,24.87,-73.1
pH1,3/31/26 11:19,8.13,24.85,-72.71
pH1,3/31/26 11:20,8.13,24.87,-73.05
pH1,3/31/26 11:21,8.13,24.85,-72.67
pH1,3/31/26 11:22,8.13,24.82,-72.61
pH1,3/31/26 11:23,8.13,24.82,-72.77
pH1,3/31/26 11:24,8.14,24.85,-73.22
pH1,3/31/26 11:25,8.13,24.82,-72.6
pH1,3/31/26 11:26,8.13,24.8,-72.52
pH1,3/31/26 11:27,8.13,24.82,-72.91
pH1,3/31/26 11:28,8.13,24.82,-73.08
pH1,3/31/26 11:29,8.14,24.85,-73.13
pH1,3/31/26 11:30,8.14,24.87,-73.21
pH1,3/31/26 11:31,8.13,24.9,-73.1
pH1,3/31/26 11:32,8.13,24.92,-73
pH1,3/31/26 11:33,8.13,24.9,-72.69
pH1,3/31/26 11:34,8.13,24.92,-73.06
pH1,3/31/26 11:35,8.13,24.9,-72.63
pH1,3/31/26 11:36,8.13,24.9,-72.61
pH1,3/31/26 11:37,8.13,24.87,-72.8
pH1,3/31/26 11:38,8.13,24.9,-72.8
pH1,3/31/26 11:39,8.13,24.87,-72.69
pH1,3/31/26 11:40,8.14,24.92,-73.17
pH1,3/31/26 11:41,8.13,24.9,-72.75
pH1,3/31/26 11:42,8.13,24.9,-72.91
pH1,3/31/26 11:43,8.13,24.87,-73.02
pH1,3/31/26 11:44,8.14,24.92,-73.35
pH1,3/31/26 11:45,8.13,24.92,-73.1
pH1,3/31/26 11:46,8.13,24.9,-72.96
pH1,3/31/26 11:47,8.13,24.87,-72.89
pH1,3/31/26 11:48,8.13,24.87,-72.85
pH1,3/31/26 11:49,8.13,24.85,-72.74
pH1,3/31/26 11:50,8.13,24.85,-72.83
pH1,3/31/26 11:51,8.13,24.85,-73
pH1,3/31/26 11:52,8.14,24.87,-73.25
pH1,3/31/26 11:53,8.14,24.9,-73.28
pH1,3/31/26 11:54,8.13,24.9,-73.11
pH1,3/31/26 11:55,8.14,24.92,-73.25
pH1,3/31/26 11:56,8.14,24.92,-73.33
pH1,3/31/26 11:57,8.14,24.94,-73.3
pH1,3/31/26 11:58,8.14,24.94,-73.14
pH1,3/31/26 11:59,8.14,24.99,-73.55
pH1,3/31/26 12:00,8.14,25.02,-73.39
pH1,3/31/26 12:01,8.14,25.02,-73.39
pH1,3/31/26 12:02,8.14,25.06,-73.52
pH1,3/31/26 12:03,8.14,25.06,-73.5
pH1,3/31/26 12:04,8.14,25.11,-73.55
pH1,3/31/26 12:05,8.14,25.11,-73.58
pH1,3/31/26 12:06,8.13,25.06,-73.11
pH1,3/31/26 12:07,8.14,25.09,-73.44
pH1,3/31/26 12:08,8.13,25.04,-72.77
pH1,3/31/26 12:09,8.13,25.04,-73.14
pH1,3/31/26 12:10,8.14,25.04,-73.44
pH1,3/31/26 12:11,8.14,25.04,-73.47
pH1,3/31/26 12:12,8.14,25.06,-73.46
pH1,3/31/26 12:13,8.14,25.06,-73.52
pH1,3/31/26 12:14,8.14,25.06,-73.42
pH1,3/31/26 12:15,8.14,25.09,-73.47
pH1,3/31/26 12:16,8.14,25.11,-73.52
pH1,3/31/26 12:17,8.14,25.11,-73.52
pH1,3/31/26 12:18,8.14,25.11,-73.42
pH1,3/31/26 12:19,8.14,25.11,-73.5
pH1,3/31/26 12:20,8.14,25.14,-73.53
pH1,3/31/26 12:21,8.14,25.14,-73.46
pH1,3/31/26 12:22,8.14,25.14,-73.6
pH1,3/31/26 12:23,8.14,25.14,-73.55
pH1,3/31/26 12:24,8.14,25.16,-73.72
pH1,3/31/26 12:25,8.14,25.16,-73.56
pH1,3/31/26 12:26,8.14,25.19,-73.47
pH1,3/31/26 12:27,8.14,25.19,-73.58
pH1,3/31/26 12:28,8.14,25.19,-73.5
pH1,3/31/26 12:29,8.14,25.21,-73.67
pH1,3/31/26 12:30,8.14,25.21,-73.63
pH1,3/31/26 12:31,8.14,25.23,-73.71
pH1,3/31/26 12:32,8.14,25.23,-73.61
pH1,3/31/26 12:33,8.14,25.26,-73.53
pH1,3/31/26 12:34,8.14,25.31,-73.55
pH1,3/31/26 12:35,8.14,25.26,-73.49
pH1,3/31/26 12:36,8.14,25.26,-73.58
pH1,3/31/26 12:37,8.14,25.26,-73.52
pH1,3/31/26 12:38,8.14,25.28,-73.53
pH1,3/31/26 12:39,8.14,25.31,-73.64
pH1,3/31/26 12:40,8.14,25.28,-73.38
pH1,3/31/26 12:41,8.14,25.28,-73.64
pH1,3/31/26 12:42,8.14,25.28,-73.53
pH1,3/31/26 12:43,8.14,25.33,-73.56
pH1,3/31/26 12:44,8.14,25.33,-73.49
pH1,3/31/26 12:45,8.14,25.28,-73.5
pH1,3/31/26 12:46,8.14,25.28,-73.55
pH1,3/31/26 12:47,8.14,25.26,-73.58
pH1,3/31/26 12:48,8.14,25.26,-73.61
pH1,3/31/26 12:49,8.14,25.28,-73.56
pH1,3/31/26 12:50,8.14,25.26,-73.47
pH1,3/31/26 12:51,8.14,25.26,-73.75
pH1,3/31/26 12:52,8.14,25.28,-73.67
pH1,3/31/26 12:53,8.14,25.26,-73.72
pH1,3/31/26 12:54,8.14,25.23,-73.52
pH1,3/31/26 12:55,8.14,25.23,-73.74
pH1,3/31/26 12:56,8.14,25.26,-73.77
pH1,3/31/26 12:57,8.14,25.26,-73.5
pH1,3/31/26 12:58,8.14,25.23,-73.71
pH1,3/31/26 12:59,8.15,25.26,-73.85
pH1,3/31/26 13:00,8.14,25.26,-73.69
pH1,3/31/26 13:01,8.14,25.28,-73.55
pH1,3/31/26 13:02,8.14,25.26,-73.66
pH1,3/31/26 13:03,8.14,25.26,-73.61
pH1,3/31/26 13:04,8.14,25.26,-73.44
pH1,3/31/26 13:05,7.4,25.02,-30.74
pH1,3/31/26 13:06,7.42,24.97,-31.55
pH1,3/31/26 13:07,7.22,24.8,-20.41
pH1,3/31/26 13:08,8.09,24.56,-70.5
pH1,3/31/26 13:09,8.12,24.99,-72.21
pH1,3/31/26 13:10,8.12,25.11,-72.35
pH1,3/31/26 13:11,8.12,25.14,-72.39
pH1,3/31/26 13:12,8.12,25.23,-72.47
pH1,3/31/26 13:13,8.12,25.23,-72.5
pH1,3/31/26 13:14,8.12,25.28,-72.58
pH1,3/31/26 13:15,8.12,25.33,-72.58
pH1,3/31/26 13:16,8.12,25.4,-72.53
pH1,3/31/26 13:17,8.12,25.36,-72.6
pH1,3/31/26 13:18,8.12,25.28,-72.53
pH1,3/31/26 13:19,8.12,25.36,-72.6
pH1,3/31/26 13:20,8.12,25.36,-72.6
pH1,3/31/26 13:21,8.13,25.4,-72.66
pH1,3/31/26 13:22,8.12,25.33,-72.52
pH1,3/31/26 13:23,8.12,25.36,-72.63
pH1,3/31/26 13:24,8.12,25.4,-72.64
pH1,3/31/26 13:25,8.13,25.28,-72.64
pH1,3/31/26 13:26,8.12,25.23,-72.6
pH1,3/31/26 13:27,8.13,25.31,-72.64
pH1,3/31/26 13:28,8.13,25.33,-72.66
pH1,3/31/26 13:29,8.13,25.33,-72.72
pH1,3/31/26 13:30,8.12,25.19,-72.58
pH1,3/31/26 13:31,8.13,25.26,-72.85
pH1,3/31/26 13:32,8.13,25.21,-72.69
pH1,3/31/26 13:33,8.13,25.28,-72.96
pH1,3/31/26 13:34,8.13,25.33,-73
pH1,3/31/26 13:35,8.13,25.36,-72.97
pH1,3/31/26 13:36,8.13,25.36,-72.8
pH1,3/31/26 13:37,8.13,25.36,-72.85
pH1,3/31/26 13:38,8.13,25.38,-72.94
pH1,3/31/26 13:39,8.13,25.4,-72.85
pH1,3/31/26 13:40,8.13,25.4,-72.75
pH1,3/31/26 13:41,8.13,25.33,-72.66
pH1,3/31/26 13:42,8.13,25.31,-72.72
pH1,3/31/26 13:43,8.13,25.28,-72.71
pH1,3/31/26 13:44,8.13,25.28,-72.81
pH1,3/31/26 13:45,8.13,25.31,-72.89
pH1,3/31/26 13:46,8.13,25.26,-72.66
pH1,3/31/26 13:47,8.13,25.28,-72.74
pH1,3/31/26 13:48,8.13,25.26,-72.88
pH1,3/31/26 13:49,8.13,25.28,-72.85
pH1,3/31/26 13:50,8.13,25.23,-72.78
pH1,3/31/26 13:51,8.13,25.21,-72.86
pH1,3/31/26 13:52,8.13,25.21,-72.94
pH1,3/31/26 13:53,8.13,25.21,-72.89
pH1,3/31/26 13:54,8.13,25.21,-72.85
pH1,3/31/26 13:55,8.13,25.21,-72.72
pH1,3/31/26 13:56,8.13,25.16,-72.61
pH1,3/31/26 13:57,8.13,25.14,-72.61
pH1,3/31/26 13:58,8.13,25.14,-72.61
pH1,3/31/26 13:59,8.13,25.14,-72.78
pH1,3/31/26 14:00,8.13,25.11,-72.69
pH1,3/31/26 14:01,8.12,25.09,-72.56
pH1,3/31/26 14:02,8.13,25.04,-72.56
pH1,3/31/26 14:03,8.12,25.02,-72.46
pH1,3/31/26 14:04,8.12,24.99,-72.46
pH1,3/31/26 14:05,8.12,24.99,-72.44
pH1,3/31/26 14:06,8.12,24.97,-72.47
pH1,3/31/26 14:07,8.12,24.97,-72.52
pH1,3/31/26 14:08,8.13,25.02,-72.6
pH1,3/31/26 14:09,8.13,25.06,-72.61
pH1,3/31/26 14:10,8.13,25.09,-72.66
pH1,3/31/26 14:11,8.13,25.14,-72.74
pH1,3/31/26 14:12,8.13,25.16,-72.63
pH1,3/31/26 14:13,8.13,25.21,-72.64
pH1,3/31/26 14:14,8.13,25.21,-72.75
pH1,3/31/26 14:15,8.13,25.23,-72.74
pH1,3/31/26 14:16,8.13,25.28,-72.78
pH1,3/31/26 14:17,8.13,25.26,-72.74
pH1,3/31/26 14:18,8.12,25.21,-72.53
pH1,3/31/26 14:19,8.13,25.16,-72.66
pH1,3/31/26 14:20,8.13,25.16,-72.74
pH1,3/31/26 14:21,8.13,25.19,-72.81
pH1,3/31/26 14:22,8.13,25.21,-72.81
pH1,3/31/26 14:23,8.13,25.26,-72.85
pH1,3/31/26 14:24,8.13,25.26,-72.83
pH1,3/31/26 14:25,8.13,25.26,-72.92
pH1,3/31/26 14:26,8.13,25.26,-72.94
pH1,3/31/26 14:27,8.13,25.26,-72.81
pH1,3/31/26 14:28,8.13,25.23,-72.92
pH1,3/31/26 14:29,8.13,25.28,-72.91
pH1,3/31/26 14:30,8.13,25.31,-72.86
pH1,3/31/26 14:31,8.13,25.33,-72.91
pH1,3/31/26 14:32,8.13,25.33,-72.96
pH1,3/31/26 14:33,8.13,25.36,-73.05
pH1,3/31/26 14:34,8.13,25.38,-72.97
pH1,3/31/26 14:35,8.13,25.4,-72.96
pH1,3/31/26 14:36,8.13,25.4,-73.06
pH1,3/31/26 14:37,8.13,25.38,-73.03
pH1,3/31/26 14:38,8.13,25.36,-73.02
pH1,3/31/26 14:39,8.13,25.33,-72.92
pH1,3/31/26 14:40,8.13,25.28,-72.83
pH1,3/31/26 14:41,8.13,25.21,-72.81
pH1,3/31/26 14:42,8.13,25.19,-72.75
pH1,3/31/26 14:43,8.13,25.16,-72.86
pH1,3/31/26 14:44,8.13,25.19,-72.97
pH1,3/31/26 14:45,8.13,25.21,-73.05
pH1,3/31/26 14:46,8.13,25.23,-73.11
pH1,3/31/26 14:47,8.13,25.23,-73
pH1,3/31/26 14:48,8.13,25.26,-72.88
pH1,3/31/26 14:49,8.13,25.26,-72.88
pH1,3/31/26 14:50,8.13,25.28,-72.94
pH1,3/31/26 14:51,8.13,25.31,-72.78
pH1,3/31/26 14:52,8.13,25.31,-72.83
pH1,3/31/26 14:53,8.13,25.26,-72.67
pH1,3/31/26 14:54,8.13,25.26,-72.72
pH1,3/31/26 14:55,8.13,25.23,-72.67
pH1,3/31/26 14:56,8.13,25.26,-72.85
pH1,3/31/26 14:57,8.13,25.28,-72.74
pH1,3/31/26 14:58,8.13,25.26,-72.66
pH1,3/31/26 14:59,8.13,25.21,-72.61
pH1,3/31/26 15:00,8.12,25.16,-72.56
pH1,3/31/26 15:01,8.13,25.11,-72.58
pH1,3/31/26 15:02,8.13,25.14,-72.78
pH1,3/31/26 15:03,8.13,25.14,-72.88
pH1,3/31/26 15:04,8.13,25.16,-72.91
pH1,3/31/26 15:05,8.13,25.21,-72.88
pH1,3/31/26 15:06,8.13,25.23,-72.88
pH1,3/31/26 15:07,8.12,25.19,-72.42
pH1,3/31/26 15:08,8.12,25.14,-72.3
pH1,3/31/26 15:09,8.12,25.09,-72.31
pH1,3/31/26 15:10,8.12,25.06,-72.28
pH1,3/31/26 15:11,8.12,25.02,-72.25
pH1,3/31/26 15:12,8.12,25.02,-72.31
pH1,3/31/26 15:13,8.12,25.02,-72.53
pH1,3/31/26 15:14,8.13,25.04,-72.63
pH1,3/31/26 15:15,8.13,25.06,-72.6
pH1,3/31/26 15:16,8.13,25.09,-72.6
pH1,3/31/26 15:17,8.13,25.11,-72.58
pH1,3/31/26 15:18,8.12,25.11,-72.44
pH1,3/31/26 15:19,8.12,25.11,-72.53
pH1,3/31/26 15:20,8.12,25.11,-72.47
pH1,3/31/26 15:21,8.12,25.14,-72.47
pH1,3/31/26 15:22,8.12,25.16,-72.58
pH1,3/31/26 15:23,8.13,25.19,-72.61
pH1,3/31/26 15:24,8.12,25.11,-72.53
pH1,3/31/26 15:25,8.12,25.09,-72.35
pH1,3/31/26 15:26,8.12,25.14,-72.53
pH1,3/31/26 15:27,8.12,25.14,-72.5
pH1,3/31/26 15:28,8.13,25.14,-72.75
pH1,3/31/26 15:29,8.12,25.14,-72.53
pH1,3/31/26 15:30,8.13,25.14,-72.61
pH1,3/31/26 15:31,8.13,25.16,-72.77
pH1,3/31/26 15:32,8.13,25.16,-72.69
pH1,3/31/26 15:33,8.13,25.16,-72.67
pH1,3/31/26 15:34,8.13,25.16,-72.66
pH1,3/31/26 15:35,8.12,25.14,-72.56
pH1,3/31/26 15:36,8.13,25.14,-72.66
pH1,3/31/26 15:37,8.13,25.16,-72.66
pH1,3/31/26 15:38,8.13,25.14,-72.64
pH1,3/31/26 15:39,8.13,25.16,-72.71
pH1,3/31/26 15:40,8.13,25.16,-72.78
pH1,3/31/26 15:41,8.13,25.14,-73.06
pH1,3/31/26 15:42,8.13,25.14,-73.14
pH1,3/31/26 15:43,8.13,25.14,-73.05
pH1,3/31/26 15:44,8.13,25.11,-72.94
pH1,3/31/26 15:45,8.13,25.14,-73.11
pH1,3/31/26 15:46,8.12,25.06,-72.49
pH1,3/31/26 15:47,8.12,25.06,-72.56
pH1,3/31/26 15:48,8.13,25.04,-72.63
pH1,3/31/26 15:49,8.13,25.09,-72.77
pH1,3/31/26 15:50,8.13,25.06,-72.67
pH1,3/31/26 15:51,8.13,25.06,-73.08
pH1,3/31/26 15:52,8.13,25.02,-72.72
pH1,3/31/26 15:53,8.12,24.99,-72.21
pH1,3/31/26 15:54,8.12,24.94,-72.02
pH1,3/31/26 15:55,8.12,24.94,-72.33
pH1,3/31/26 15:56,8.13,24.99,-72.56
pH1,3/31/26 15:57,8.13,25.02,-72.64
pH1,3/31/26 15:58,8.13,24.99,-72.58
pH1,3/31/26 15:59,8.13,25.02,-72.61
pH1,3/31/26 16:00,8.13,25.02,-72.78
pH1,3/31/26 16:01,8.14,25.02,-73.14
pH1,3/31/26 16:02,8.13,24.99,-72.64
pH1,3/31/26 16:03,8.12,24.97,-72.3
pH1,3/31/26 16:04,8.12,24.94,-72.13
pH1,3/31/26 16:05,8.11,24.9,-71.88
pH1,3/31/26 16:06,8.11,24.87,-71.8
pH1,3/31/26 16:07,8.11,24.85,-71.77
pH1,3/31/26 16:08,8.12,24.85,-72.08
pH1,3/31/26 16:09,8.12,24.85,-72.14
pH1,3/31/26 16:10,8.11,24.82,-71.8
pH1,3/31/26 16:11,8.11,24.8,-71.92
pH1,3/31/26 16:12,8.12,24.8,-72
pH1,3/31/26 16:13,8.12,24.8,-71.97
pH1,3/31/26 16:14,8.11,24.77,-71.69
pH1,3/31/26 16:15,8.12,24.8,-72.06
pH1,3/31/26 16:16,8.12,24.77,-71.97
pH1,3/31/26 16:17,8.11,24.77,-71.83
pH1,3/31/26 16:18,8.11,24.75,-71.86
pH1,3/31/26 16:19,8.11,24.75,-71.63
pH1,3/31/26 16:20,8.11,24.73,-71.53
pH1,3/31/26 16:21,8.11,24.7,-71.39
pH1,3/31/26 16:22,8.11,24.7,-71.41
pH1,3/31/26 16:23,8.11,24.7,-71.69
pH1,3/31/26 16:24,8.11,24.7,-71.71
pH1,3/31/26 16:25,8.11,24.68,-71.49
pH1,3/31/26 16:26,8.11,24.65,-71.33
pH1,3/31/26 16:27,8.1,24.65,-71.3
pH1,3/31/26 16:28,8.1,24.65,-71.28
pH1,3/31/26 16:29,8.11,24.65,-71.33
pH1,3/31/26 16:30,8.1,24.63,-71.3
pH1,3/31/26 16:31,8.11,24.63,-71.35
pH1,3/31/26 16:32,8.1,24.63,-71.27
pH1,3/31/26 16:33,8.11,24.6,-71.36
pH1,3/31/26 16:34,8.11,24.6,-71.31
pH1,3/31/26 16:35,8.11,24.65,-71.6
pH1,3/31/26 16:36,8.11,24.63,-71.5
pH1,3/31/26 16:37,8.11,24.63,-71.64
pH1,3/31/26 16:38,8.11,24.65,-71.56
pH1,3/31/26 16:39,8.1,24.63,-71.25
pH1,3/31/26 16:40,8.1,24.63,-71.22
pH1,3/31/26 16:41,8.1,24.63,-71.16
pH1,3/31/26 16:42,8.1,24.6,-71.05
pH1,3/31/26 16:43,8.1,24.6,-71
pH1,3/31/26 16:44,8.1,24.58,-70.96
pH1,3/31/26 16:45,8.1,24.56,-70.89
pH1,3/31/26 16:46,8.1,24.58,-71.22
pH1,3/31/26 16:47,8.11,24.58,-71.35
pH1,3/31/26 16:48,8.11,24.58,-71.35
pH1,3/31/26 16:49,8.11,24.6,-71.41
pH1,3/31/26 16:50,8.11,24.6,-71.47
pH1,3/31/26 16:51,8.11,24.63,-71.56
pH1,3/31/26 16:52,8.11,24.63,-71.5
pH1,3/31/26 16:53,8.11,24.63,-71.5
pH1,3/31/26 16:54,8.11,24.63,-71.39
pH1,3/31/26 16:55,8.1,24.6,-71.21
pH1,3/31/26 16:56,8.11,24.6,-71.44
pH1,3/31/26 16:57,8.11,24.63,-71.47
pH1,3/31/26 16:58,8.1,24.6,-71
pH1,3/31/26 16:59,8.1,24.6,-71.25
pH1,3/31/26 17:00,8.1,24.6,-71
pH1,3/31/26 17:01,8.1,24.6,-71.14
pH1,3/31/26 17:02,8.1,24.58,-70.75
pH1,3/31/26 17:03,8.1,24.58,-70.89
pH1,3/31/26 17:04,8.1,24.58,-70.86
pH1,3/31/26 17:05,8.1,24.58,-70.83
pH1,3/31/26 17:06,8.1,24.56,-70.89
pH1,3/31/26 17:07,8.1,24.56,-71
pH1,3/31/26 17:08,8.1,24.56,-70.99
pH1,3/31/26 17:09,8.09,24.53,-70.66
pH1,3/31/26 17:10,8.09,24.56,-70.69
pH1,3/31/26 17:11,8.1,24.56,-70.96
pH1,3/31/26 17:12,8.1,24.56,-71
pH1,3/31/26 17:13,8.09,24.53,-70.64
pH1,3/31/26 17:14,8.09,24.53,-70.64
pH1,3/31/26 17:15,8.09,24.53,-70.64
pH1,3/31/26 17:16,8.09,24.53,-70.67
pH1,3/31/26 17:17,8.1,24.53,-70.83
pH1,3/31/26 17:18,8.1,24.53,-70.85
pH1,3/31/26 17:19,8.1,24.53,-70.8
pH1,3/31/26 17:20,8.1,24.53,-70.74
pH1,3/31/26 17:21,8.09,24.53,-70.69
pH1,3/31/26 17:22,8.09,24.53,-70.66
pH1,3/31/26 17:23,8.1,24.53,-70.72
pH1,3/31/26 17:24,8.1,24.53,-70.86
pH1,3/31/26 17:25,8.1,24.56,-70.89
pH1,3/31/26 17:26,8.1,24.56,-70.88
pH1,3/31/26 17:27,8.1,24.56,-70.78
pH1,3/31/26 17:28,8.1,24.56,-70.74
pH1,3/31/26 17:29,8.09,24.53,-70.69
pH1,3/31/26 17:30,8.09,24.53,-70.64
pH1,3/31/26 17:31,8.09,24.53,-70.64
pH1,3/31/26 17:32,8.09,24.53,-70.63
pH1,3/31/26 17:33,8.09,24.53,-70.61
pH1,3/31/26 17:34,8.09,24.53,-70.63
pH1,3/31/26 17:35,8.09,24.53,-70.67
pH1,3/31/26 17:36,8.09,24.53,-70.69
pH1,3/31/26 17:37,8.09,24.53,-70.71
pH1,3/31/26 17:38,8.1,24.53,-70.72
pH1,3/31/26 17:39,8.1,24.53,-70.72
pH1,3/31/26 17:40,8.1,24.53,-70.74
pH1,3/31/26 17:41,8.1,24.53,-70.74
pH1,3/31/26 17:42,8.1,24.53,-70.72
pH1,3/31/26 17:43,8.09,24.53,-70.71
pH1,3/31/26 17:44,8.1,24.53,-70.75
pH1,3/31/26 17:45,8.1,24.53,-70.8
pH1,3/31/26 17:46,8.1,24.53,-70.86
pH1,3/31/26 17:47,8.1,24.53,-70.88
pH1,3/31/26 17:48,8.1,24.56,-70.8
pH1,3/31/26 17:49,8.1,24.56,-70.81
pH1,3/31/26 17:50,8.1,24.56,-70.83
pH1,3/31/26 17:51,8.1,24.56,-70.78
pH1,3/31/26 17:52,8.1,24.56,-70.74
pH1,3/31/26 17:53,8.09,24.53,-70.69
pH1,3/31/26 17:54,8.09,24.53,-70.69
pH1,3/31/26 17:55,8.09,24.56,-70.67
pH1,3/31/26 17:56,8.09,24.56,-70.67
pH1,3/31/26 17:57,8.09,24.56,-70.67
pH1,3/31/26 17:58,8.09,24.56,-70.66
pH1,3/31/26 17:59,8.09,24.56,-70.64
pH1,3/31/26 18:00,8.09,24.53,-70.64
pH1,3/31/26 18:01,8.09,24.53,-70.63
pH1,3/31/26 18:02,8.09,24.53,-70.61
pH1,3/31/26 18:03,8.09,24.53,-70.61
pH1,3/31/26 18:04,8.09,24.56,-70.58
pH1,3/31/26 18:05,8.09,24.56,-70.61
pH1,3/31/26 18:06,8.09,24.53,-70.63
pH1,3/31/26 18:07,8.09,24.53,-70.64
pH1,3/31/26 18:08,8.09,24.53,-70.64
pH1,3/31/26 18:09,8.09,24.53,-70.63
pH1,3/31/26 18:10,8.09,24.53,-70.56
pH1,3/31/26 18:11,8.09,24.53,-70.52
pH1,3/31/26 18:12,8.09,24.53,-70.49
pH1,3/31/26 18:13,8.09,24.53,-70.46
pH1,3/31/26 18:14,8.09,24.53,-70.42
pH1,3/31/26 18:15,8.09,24.53,-70.41
pH1,3/31/26 18:16,8.09,24.53,-70.38
pH1,3/31/26 18:17,8.09,24.51,-70.35
pH1,3/31/26 18:18,8.09,24.51,-70.35
pH1,3/31/26 18:19,8.09,24.51,-70.33
pH1,3/31/26 18:20,8.09,24.51,-70.31
pH1,3/31/26 18:21,8.09,24.51,-70.31
pH1,3/31/26 18:22,8.09,24.48,-70.31
pH1,3/31/26 18:23,8.09,24.48,-70.31
pH1,3/31/26 18:24,8.09,24.46,-70.3
pH1,3/31/26 18:25,8.09,24.46,-70.3
pH1,3/31/26 18:26,8.09,24.41,-70.3
pH1,3/31/26 18:27,8.09,24.39,-70.28
pH1,3/31/26 18:28,8.09,24.39,-70.27
pH1,3/31/26 18:29,8.09,24.36,-70.24
pH1,3/31/26 18:30,8.09,24.34,-70.22
pH1,3/31/26 18:31,8.09,24.34,-70.21
pH1,3/31/26 18:32,8.09,24.32,-70.19
pH1,3/31/26 18:33,8.09,24.32,-70.19
pH1,3/31/26 18:34,8.09,24.29,-70.16
pH1,3/31/26 18:35,8.09,24.29,-70.16
pH1,3/31/26 18:36,8.09,24.27,-70.14
pH1,3/31/26 18:37,8.09,24.27,-70.14
pH1,3/31/26 18:38,8.09,24.27,-70.13
pH1,3/31/26 18:39,8.09,24.27,-70.1
pH1,3/31/26 18:40,8.08,24.27,-70.06
pH1,3/31/26 18:41,8.08,24.27,-70.05
pH1,3/31/26 18:42,8.08,24.27,-70.06
pH1,3/31/26 18:43,8.08,24.27,-70.08
pH1,3/31/26 18:44,8.08,24.27,-70.08
pH1,3/31/26 18:45,8.08,24.27,-70.06
pH1,3/31/26 18:46,8.08,24.27,-70.05
pH1,3/31/26 18:47,8.08,24.27,-70.06
pH1,3/31/26 18:48,8.08,24.27,-70.06
pH1,3/31/26 18:49,8.08,24.27,-70.03
pH1,3/31/26 18:50,8.08,24.27,-70.02
pH1,3/31/26 18:51,8.08,24.27,-70
pH1,3/31/26 18:52,8.08,24.27,-69.99
pH1,3/31/26 18:53,8.08,24.27,-69.96
pH1,3/31/26 18:54,8.08,24.29,-69.96
pH1,3/31/26 18:55,8.08,24.29,-69.91
pH1,3/31/26 18:56,8.08,24.29,-69.92
pH1,3/31/26 18:57,8.08,24.29,-69.88
pH1,3/31/26 18:58,8.08,24.32,-69.85
pH1,3/31/26 18:59,8.08,24.32,-69.83
pH1,3/31/26 19:00,8.08,24.32,-69.77
pH1,3/31/26 19:01,8.08,24.32,-69.77
pH1,3/31/26 19:02,8.08,24.32,-69.75
pH1,3/31/26 19:03,8.08,24.34,-69.74
pH1,3/31/26 19:04,8.08,24.34,-69.69
pH1,3/31/26 19:05,8.08,24.34,-69.67
pH1,3/31/26 19:06,8.08,24.34,-69.66
pH1,3/31/26 19:07,8.08,24.34,-69.63
pH1,3/31/26 19:08,8.08,24.34,-69.63
pH1,3/31/26 19:09,8.08,24.34,-69.61
pH1,3/31/26 19:10,8.08,24.34,-69.58
pH1,3/31/26 19:11,8.08,24.34,-69.58
pH1,3/31/26 19:12,8.08,24.34,-69.58
pH1,3/31/26 19:13,8.08,24.36,-69.6
pH1,3/31/26 19:14,8.08,24.36,-69.58
pH1,3/31/26 19:15,8.08,24.36,-69.58
pH1,3/31/26 19:16,8.08,24.36,-69.56
pH1,3/31/26 19:17,8.08,24.36,-69.56
pH1,3/31/26 19:18,8.08,24.36,-69.55
pH1,3/31/26 19:19,8.08,24.36,-69.55
pH1,3/31/26 19:20,8.08,24.36,-69.53
pH1,3/31/26 19:21,8.08,24.34,-69.53
pH1,3/31/26 19:22,8.08,24.36,-69.53
pH1,3/31/26 19:23,8.08,24.36,-69.53
pH1,3/31/26 19:24,8.08,24.36,-69.53
pH1,3/31/26 19:25,8.08,24.36,-69.53
pH1,3/31/26 19:26,8.08,24.36,-69.53
pH1,3/31/26 19:27,8.07,24.36,-69.5
pH1,3/31/26 19:28,8.07,24.34,-69.5
pH1,3/31/26 19:29,8.07,24.34,-69.5
pH1,3/31/26 19:30,8.07,24.34,-69.52
pH1,3/31/26 19:31,8.07,24.34,-69.52
pH1,3/31/26 19:32,8.07,24.32,-69.5
pH1,3/31/26 19:33,8.07,24.34,-69.52
pH1,3/31/26 19:34,8.07,24.34,-69.52
pH1,3/31/26 19:35,8.07,24.34,-69.52
pH1,3/31/26 19:36,8.07,24.32,-69.5
pH1,3/31/26 19:37,8.07,24.34,-69.52
pH1,3/31/26 19:38,8.07,24.34,-69.52
pH1,3/31/26 19:39,8.07,24.34,-69.52
pH1,3/31/26 19:40,8.07,24.34,-69.5
pH1,3/31/26 19:41,8.07,24.34,-69.5
pH1,3/31/26 19:42,8.07,24.36,-69.5
pH1,3/31/26 19:43,8.07,24.36,-69.52
pH1,3/31/26 19:44,8.07,24.36,-69.5
pH1,3/31/26 19:45,8.07,24.36,-69.52
pH1,3/31/26 19:46,8.07,24.39,-69.5
pH1,3/31/26 19:47,8.07,24.39,-69.5
pH1,3/31/26 19:48,8.07,24.39,-69.52
pH1,3/31/26 19:49,8.07,24.39,-69.5
pH1,3/31/26 19:50,8.07,24.39,-69.5
pH1,3/31/26 19:51,8.07,24.39,-69.49
pH1,3/31/26 19:52,8.07,24.41,-69.49
pH1,3/31/26 19:53,8.07,24.41,-69.46
pH1,3/31/26 19:54,8.07,24.41,-69.5
pH1,3/31/26 19:55,8.07,24.41,-69.49
pH1,3/31/26 19:56,8.07,24.41,-69.47
pH1,3/31/26 19:57,8.07,24.41,-69.49
pH1,3/31/26 19:58,8.07,24.41,-69.46
pH1,3/31/26 19:59,8.07,24.41,-69.46
pH1,3/31/26 20:00,8.07,24.41,-69.44
pH1,3/31/26 20:01,8.07,24.41,-69.42
pH1,3/31/26 20:02,8.07,24.41,-69.42
pH1,3/31/26 20:03,8.07,24.41,-69.46
pH1,3/31/26 20:04,8.07,24.41,-69.42
pH1,3/31/26 20:05,8.07,24.41,-69.42
pH1,3/31/26 20:06,8.07,24.41,-69.42
pH1,3/31/26 20:07,8.07,24.41,-69.41
pH1,3/31/26 20:08,8.07,24.41,-69.39
pH1,3/31/26 20:09,8.07,24.41,-69.41
pH1,3/31/26 20:10,8.07,24.41,-69.36
pH1,3/31/26 20:11,8.07,24.41,-69.39
pH1,3/31/26 20:12,8.07,24.41,-69.38
pH1,3/31/26 20:13,8.07,24.41,-69.38
pH1,3/31/26 20:14,8.07,24.41,-69.38
pH1,3/31/26 20:15,8.07,24.41,-69.36
pH1,3/31/26 20:16,8.07,24.41,-69.33
pH1,3/31/26 20:17,8.07,24.39,-69.33
pH1,3/31/26 20:18,8.07,24.39,-69.35
pH1,3/31/26 20:19,8.07,24.39,-69.31
pH1,3/31/26 20:20,8.07,24.39,-69.3
pH1,3/31/26 20:21,8.07,24.39,-69.28
pH1,3/31/26 20:22,8.07,24.39,-69.27
pH1,3/31/26 20:23,8.07,24.36,-69.25
pH1,3/31/26 20:24,8.07,24.36,-69.24
pH1,3/31/26 20:25,8.07,24.36,-69.19
pH1,3/31/26 20:26,8.07,24.36,-69.19
pH1,3/31/26 20:27,8.07,24.36,-69.17
pH1,3/31/26 20:28,8.07,24.36,-69.14
pH1,3/31/26 20:29,8.07,24.36,-69.13
pH1,3/31/26 20:30,8.07,24.36,-69.1
pH1,3/31/26 20:31,8.07,24.36,-69.06
pH1,3/31/26 20:32,8.07,24.36,-69.05
pH1,3/31/26 20:33,8.07,24.36,-69.03
pH1,3/31/26 20:34,8.07,24.36,-69.02
pH1,3/31/26 20:35,8.07,24.36,-68.99
pH1,3/31/26 20:36,8.07,24.36,-68.99
pH1,3/31/26 20:37,8.07,24.36,-68.97
pH1,3/31/26 20:38,8.07,24.36,-68.97
pH1,3/31/26 20:39,8.07,24.36,-68.97
pH1,3/31/26 20:40,8.07,24.34,-68.97
pH1,3/31/26 20:41,8.07,24.34,-68.97
pH1,3/31/26 20:42,8.07,24.34,-68.97
pH1,3/31/26 20:43,8.07,24.34,-68.97
pH1,3/31/26 20:44,8.07,24.34,-68.97
pH1,3/31/26 20:45,8.07,24.34,-68.96
pH1,3/31/26 20:46,8.07,24.32,-68.96
pH1,3/31/26 20:47,8.07,24.32,-69
pH1,3/31/26 20:48,8.07,24.32,-68.97
pH1,3/31/26 20:49,8.07,24.32,-68.99
pH1,3/31/26 20:50,8.07,24.32,-68.96
pH1,3/31/26 20:51,8.07,24.32,-68.96
pH1,3/31/26 20:52,8.06,24.32,-68.94
pH1,3/31/26 20:53,8.07,24.29,-68.94
pH1,3/31/26 20:54,8.06,24.29,-68.92
pH1,3/31/26 20:55,8.06,24.29,-68.89
pH1,3/31/26 20:56,8.06,24.29,-68.91
pH1,3/31/26 20:57,8.06,24.29,-68.88
pH1,3/31/26 20:58,8.06,24.29,-68.86
pH1,3/31/26 20:59,8.06,24.29,-68.88
pH1,3/31/26 21:00,8.06,24.27,-68.85
pH1,3/31/26 21:01,8.06,24.27,-68.85
pH1,3/31/26 21:02,8.06,24.27,-68.83
pH1,3/31/26 21:03,8.06,24.27,-68.83
pH1,3/31/26 21:04,8.06,24.27,-68.83
pH1,3/31/26 21:05,8.06,24.27,-68.81
pH1,3/31/26 21:06,8.06,24.27,-68.81
pH1,3/31/26 21:07,8.06,24.27,-68.81
pH1,3/31/26 21:08,8.06,24.27,-68.81
pH1,3/31/26 21:09,8.06,24.27,-68.8
pH1,3/31/26 21:10,8.06,24.27,-68.81
pH1,3/31/26 21:11,8.06,24.27,-68.78
pH1,3/31/26 21:12,8.06,24.27,-68.78
pH1,3/31/26 21:13,8.06,24.27,-68.74
pH1,3/31/26 21:14,8.06,24.27,-68.71
pH1,3/31/26 21:15,8.06,24.27,-68.66
pH1,3/31/26 21:16,8.06,24.27,-68.71
pH1,3/31/26 21:17,8.06,24.27,-68.71
pH1,3/31/26 21:18,8.06,24.27,-68.71
pH1,3/31/26 21:19,8.06,24.27,-68.67
pH1,3/31/26 21:20,8.06,24.27,-68.67
pH1,3/31/26 21:21,8.06,24.27,-68.67
pH1,3/31/26 21:22,8.06,24.27,-68.71
pH1,3/31/26 21:23,8.06,24.27,-68.69
pH1,3/31/26 21:24,8.06,24.27,-68.72
pH1,3/31/26 21:25,8.06,24.27,-68.71
pH1,3/31/26 21:26,8.06,24.24,-68.74
pH1,3/31/26 21:27,8.06,24.24,-68.72
pH1,3/31/26 21:28,8.06,24.24,-68.72
pH1,3/31/26 21:29,8.06,24.24,-68.72
pH1,3/31/26 21:30,8.06,24.24,-68.72
pH1,3/31/26 21:31,8.06,24.24,-68.72
pH1,3/31/26 21:32,8.06,24.24,-68.72
pH1,3/31/26 21:33,8.06,24.24,-68.71
pH1,3/31/26 21:34,8.06,24.24,-68.71
pH1,3/31/26 21:35,8.06,24.24,-68.67
pH1,3/31/26 21:36,8.06,24.24,-68.69
pH1,3/31/26 21:37,8.06,24.24,-68.67
pH1,3/31/26 21:38,8.06,24.24,-68.66
pH1,3/31/26 21:39,8.06,24.24,-68.66
pH1,3/31/26 21:40,8.06,24.24,-68.66
pH1,3/31/26 21:41,8.06,24.24,-68.66
pH1,3/31/26 21:42,8.06,24.24,-68.67
pH1,3/31/26 21:43,8.06,24.24,-68.66
pH1,3/31/26 21:44,8.06,24.24,-68.66
pH1,3/31/26 21:45,8.06,24.24,-68.67
pH1,3/31/26 21:46,8.06,24.24,-68.66
pH1,3/31/26 21:47,8.06,24.24,-68.64
pH1,3/31/26 21:48,8.06,24.24,-68.64
pH1,3/31/26 21:49,8.06,24.24,-68.63
pH1,3/31/26 21:50,8.06,24.24,-68.61
pH1,3/31/26 21:51,8.06,24.24,-68.61
pH1,3/31/26 21:52,8.06,24.24,-68.64
pH1,3/31/26 21:53,8.06,24.24,-68.63
pH1,3/31/26 21:54,8.06,24.24,-68.63
pH1,3/31/26 21:55,8.06,24.24,-68.64
pH1,3/31/26 21:56,8.06,24.24,-68.67
pH1,3/31/26 21:57,8.06,24.24,-68.67
pH1,3/31/26 21:58,8.06,24.24,-68.67
pH1,3/31/26 21:59,8.06,24.24,-68.71
pH1,3/31/26 22:00,8.06,24.24,-68.74
pH1,3/31/26 22:01,8.06,24.24,-68.75
pH1,3/31/26 22:02,8.06,24.24,-68.77
pH1,3/31/26 22:03,8.06,24.24,-68.8
pH1,3/31/26 22:04,8.06,24.24,-68.81
pH1,3/31/26 22:05,8.06,24.24,-68.8
pH1,3/31/26 22:06,8.06,24.24,-68.81
pH1,3/31/26 22:07,8.06,24.24,-68.83
pH1,3/31/26 22:08,8.06,24.22,-68.86
pH1,3/31/26 22:09,8.06,24.22,-68.88
pH1,3/31/26 22:10,8.06,24.22,-68.89
pH1,3/31/26 22:11,8.06,24.22,-68.89
pH1,3/31/26 22:12,8.06,24.22,-68.91
pH1,3/31/26 22:13,8.07,24.22,-68.92
pH1,3/31/26 22:14,8.07,24.22,-68.92
pH1,3/31/26 22:15,8.06,24.22,-68.89
pH1,3/31/26 22:16,8.07,24.22,-68.92
pH1,3/31/26 22:17,8.06,24.22,-68.91
pH1,3/31/26 22:18,8.06,24.22,-68.91
pH1,3/31/26 22:19,8.06,24.22,-68.89
pH1,3/31/26 22:20,8.06,24.22,-68.91
pH1,3/31/26 22:21,8.07,24.22,-68.92
pH1,3/31/26 22:22,8.07,24.22,-68.92
pH1,3/31/26 22:23,8.07,24.22,-68.92
pH1,3/31/26 22:24,8.07,24.22,-68.92
pH1,3/31/26 22:25,8.06,24.22,-68.91
pH1,3/31/26 22:26,8.06,24.22,-68.89
pH1,3/31/26 22:27,8.06,24.22,-68.89
pH1,3/31/26 22:28,8.06,24.22,-68.86
pH1,3/31/26 22:29,8.07,24.22,-68.92
pH1,3/31/26 22:30,8.07,24.22,-68.92
pH1,3/31/26 22:31,8.07,24.22,-68.92
pH1,3/31/26 22:32,8.06,24.22,-68.91
pH1,3/31/26 22:33,8.07,24.19,-68.92
pH1,3/31/26 22:34,8.07,24.19,-68.96
pH1,3/31/26 22:35,8.07,24.19,-68.96
pH1,3/31/26 22:36,8.07,24.17,-68.97
pH1,3/31/26 22:37,8.07,24.17,-68.96
pH1,3/31/26 22:38,8.07,24.17,-68.96
pH1,3/31/26 22:39,8.07,24.17,-68.96
pH1,3/31/26 22:40,8.07,24.15,-68.92
pH1,3/31/26 22:41,8.07,24.15,-68.92
pH1,3/31/26 22:42,8.06,24.15,-68.88
pH1,3/31/26 22:43,8.06,24.15,-68.91
pH1,3/31/26 22:44,8.07,24.15,-68.92
pH1,3/31/26 22:45,8.07,24.12,-68.91
pH1,3/31/26 22:46,8.06,24.12,-68.89
pH1,3/31/26 22:47,8.07,24.12,-68.91
pH1,3/31/26 22:48,8.07,24.12,-68.92
pH1,3/31/26 22:49,8.07,24.12,-68.92
pH1,3/31/26 22:50,8.07,24.12,-68.92
pH1,3/31/26 22:51,8.07,24.12,-68.91
pH1,3/31/26 22:52,8.07,24.12,-68.92
pH1,3/31/26 22:53,8.07,24.1,-68.92
pH1,3/31/26 22:54,8.07,24.1,-68.91
pH1,3/31/26 22:55,8.07,24.1,-68.94
pH1,3/31/26 22:56,8.07,24.1,-68.92
pH1,3/31/26 22:57,8.07,24.1,-68.92
pH1,3/31/26 22:58,8.07,24.1,-68.92
pH1,3/31/26 22:59,8.07,24.1,-68.92
pH1,3/31/26 23:00,8.07,24.1,-68.92
pH1,3/31/26 23:01,8.07,24.1,-68.96
pH1,3/31/26 23:02,8.07,24.1,-68.96
pH1,3/31/26 23:03,8.07,24.1,-68.94
pH1,3/31/26 23:04,8.07,24.1,-68.94
pH1,3/31/26 23:05,8.07,24.1,-68.94
pH1,3/31/26 23:06,8.07,24.1,-68.92
pH1,3/31/26 23:07,8.07,24.1,-68.92
pH1,3/31/26 23:08,8.07,24.1,-68.92
pH1,3/31/26 23:09,8.07,24.1,-68.94
pH1,3/31/26 23:10,8.07,24.1,-68.92
pH1,3/31/26 23:11,8.07,24.1,-68.92
pH1,3/31/26 23:12,8.07,24.1,-68.91
pH1,3/31/26 23:13,8.06,24.1,-68.86
pH1,3/31/26 23:14,8.06,24.1,-68.85
pH1,3/31/26 23:15,8.06,24.1,-68.85
pH1,3/31/26 23:16,8.06,24.1,-68.83
pH1,3/31/26 23:17,8.06,24.1,-68.8
pH1,3/31/26 23:18,8.06,24.1,-68.81
pH1,3/31/26 23:19,8.06,24.1,-68.78
pH1,3/31/26 23:20,8.06,24.1,-68.77
pH1,3/31/26 23:21,8.06,24.1,-68.74
pH1,3/31/26 23:22,8.06,24.1,-68.77
pH1,3/31/26 23:23,8.06,24.1,-68.74
pH1,3/31/26 23:24,8.06,24.1,-68.69
pH1,3/31/26 23:25,8.06,24.1,-68.69
pH1,3/31/26 23:26,8.06,24.1,-68.64
pH1,3/31/26 23:27,8.06,24.1,-68.64
pH1,3/31/26 23:28,8.06,24.1,-68.63
pH1,3/31/26 23:29,8.06,24.1,-68.63
pH1,3/31/26 23:30,8.06,24.1,-68.63
pH1,3/31/26 23:31,8.06,24.1,-68.6
pH1,3/31/26 23:32,8.06,24.1,-68.56
pH1,3/31/26 23:33,8.06,24.1,-68.55
pH1,3/31/26 23:34,8.06,24.1,-68.55
pH1,3/31/26 23:35,8.06,24.1,-68.52
pH1,3/31/26 23:36,8.06,24.1,-68.49
pH1,3/31/26 23:37,8.06,24.07,-68.52
pH1,3/31/26 23:38,8.06,24.07,-68.53
pH1,3/31/26 23:39,8.06,24.07,-68.5
pH1,3/31/26 23:40,8.06,24.07,-68.47
pH1,3/31/26 23:41,8.06,24.07,-68.44
pH1,3/31/26 23:42,8.06,24.07,-68.44
pH1,3/31/26 23:43,8.06,24.07,-68.42
pH1,3/31/26 23:44,8.06,24.07,-68.41
pH1,3/31/26 23:45,8.06,24.07,-68.39
pH1,3/31/26 23:46,8.06,24.07,-68.38
pH1,3/31/26 23:47,8.06,24.07,-68.35
pH1,3/31/26 23:48,8.06,24.07,-68.33
pH1,3/31/26 23:49,8.05,24.07,-68.31
pH1,3/31/26 23:50,8.05,24.07,-68.31
pH1,3/31/26 23:51,8.05,24.07,-68.28
pH1,3/31/26 23:52,8.05,24.07,-68.27
pH1,3/31/26 23:53,8.05,24.07,-68.25
pH1,3/31/26 23:54,8.05,24.07,-68.22
pH1,3/31/26 23:55,8.05,24.07,-68.21
pH1,3/31/26 23:56,8.05,24.07,-68.19
pH1,3/31/26 23:57,8.05,24.07,-68.16
pH1,3/31/26 23:58,8.05,24.07,-68.13
pH1,3/31/26 23:59,8.05,24.07,-68.11
pH1,4/1/26 0:00,8.05,24.07,-68.08
pH1,4/1/26 0:01,8.05,24.07,-68.1
pH1,4/1/26 0:02,8.05,24.07,-68.06
pH1,4/1/26 0:03,8.05,24.07,-68.08
pH1,4/1/26 0:04,8.05,24.07,-68.06
pH1,4/1/26 0:05,8.05,24.07,-68.05
pH1,4/1/26 0:06,8.05,24.1,-68.05
pH1,4/1/26 0:07,8.05,24.1,-68.02
pH1,4/1/26 0:08,8.05,24.07,-68.02
pH1,4/1/26 0:09,8.05,24.07,-67.99
pH1,4/1/26 0:10,8.05,24.07,-68
pH1,4/1/26 0:11,8.05,24.07,-68.03
pH1,4/1/26 0:12,8.05,24.07,-68.03
pH1,4/1/26 0:13,8.05,24.07,-68.02
pH1,4/1/26 0:14,8.05,24.07,-68
pH1,4/1/26 0:15,8.05,24.07,-67.99
pH1,4/1/26 0:16,8.05,24.1,-67.94
pH1,4/1/26 0:17,8.05,24.07,-67.97
pH1,4/1/26 0:18,8.05,24.07,-67.94
pH1,4/1/26 0:19,8.05,24.1,-67.94
pH1,4/1/26 0:20,8.05,24.1,-67.91
pH1,4/1/26 0:21,8.05,24.1,-67.86
pH1,4/1/26 0:22,8.05,24.1,-67.85
pH1,4/1/26 0:23,8.05,24.1,-67.8
pH1,4/1/26 0:24,8.05,24.1,-67.8
pH1,4/1/26 0:25,8.05,24.1,-67.8
pH1,4/1/26 0:26,8.05,24.12,-67.75
pH1,4/1/26 0:27,8.05,24.12,-67.75
pH1,4/1/26 0:28,8.04,24.12,-67.74
pH1,4/1/26 0:29,8.04,24.12,-67.67
pH1,4/1/26 0:30,8.04,24.1,-67.64
pH1,4/1/26 0:31,8.04,24.1,-67.63
pH1,4/1/26 0:32,8.04,24.1,-67.58
pH1,4/1/26 0:33,8.04,24.1,-67.55
pH1,4/1/26 0:34,8.04,24.12,-67.52
pH1,4/1/26 0:35,8.04,24.12,-67.46
pH1,4/1/26 0:36,8.04,24.12,-67.41
pH1,4/1/26 0:37,8.04,24.12,-67.35
pH1,4/1/26 0:38,8.04,24.1,-67.33
pH1,4/1/26 0:39,8.04,24.12,-67.27
pH1,4/1/26 0:40,8.04,24.1,-67.21
pH1,4/1/26 0:41,8.04,24.1,-67.17
pH1,4/1/26 0:42,8.03,24.1,-67.14
pH1,4/1/26 0:43,8.03,24.1,-67.08
pH1,4/1/26 0:44,8.03,24.1,-67.05
pH1,4/1/26 0:45,8.03,24.1,-67.02
pH1,4/1/26 0:46,8.03,24.1,-66.99
pH1,4/1/26 0:47,8.03,24.1,-66.94
pH1,4/1/26 0:48,8.03,24.1,-66.92
pH1,4/1/26 0:49,8.03,24.1,-66.89
pH1,4/1/26 0:50,8.03,24.12,-66.88
pH1,4/1/26 0:51,8.03,24.12,-66.85
pH1,4/1/26 0:52,8.03,24.12,-66.85
pH1,4/1/26 0:53,8.03,24.12,-66.81
pH1,4/1/26 0:54,8.03,24.12,-66.78
pH1,4/1/26 0:55,8.03,24.12,-66.8
pH1,4/1/26 0:56,8.03,24.12,-66.78
pH1,4/1/26 0:57,8.03,24.12,-66.74
pH1,4/1/26 0:58,8.03,24.12,-66.74
pH1,4/1/26 0:59,8.03,24.12,-66.72
pH1,4/1/26 1:00,8.03,24.12,-66.69
pH1,4/1/26 1:01,8.03,24.12,-66.67
pH1,4/1/26 1:02,8.03,24.12,-66.69
pH1,4/1/26 1:03,8.03,24.15,-66.71
pH1,4/1/26 1:04,8.03,24.15,-66.72
pH1,4/1/26 1:05,8.03,24.15,-66.75
pH1,4/1/26 1:06,8.03,24.15,-66.78
pH1,4/1/26 1:07,8.03,24.15,-66.78
pH1,4/1/26 1:08,8.03,24.15,-66.8
pH1,4/1/26 1:09,8.03,24.15,-66.83
pH1,4/1/26 1:10,8.03,24.15,-66.88
pH1,4/1/26 1:11,8.03,24.15,-66.92
pH1,4/1/26 1:12,8.03,24.17,-66.92
pH1,4/1/26 1:13,8.03,24.17,-66.94
pH1,4/1/26 1:14,8.03,24.17,-66.99
pH1,4/1/26 1:15,8.03,24.19,-67
pH1,4/1/26 1:16,8.03,24.17,-67.03
pH1,4/1/26 1:17,8.03,24.17,-67.17
pH1,4/1/26 1:18,8.04,24.17,-67.19
pH1,4/1/26 1:19,8.04,24.17,-67.19
pH1,4/1/26 1:20,8.03,24.17,-67.16
pH1,4/1/26 1:21,8.04,24.17,-67.24
pH1,4/1/26 1:22,8.04,24.15,-67.28
pH1,4/1/26 1:23,8.04,24.17,-67.27
pH1,4/1/26 1:24,8.04,24.17,-67.31
pH1,4/1/26 1:25,8.04,24.17,-67.39
pH1,4/1/26 1:26,8.04,24.17,-67.41
pH1,4/1/26 1:27,8.04,24.17,-67.44
pH1,4/1/26 1:28,8.04,24.17,-67.44
pH1,4/1/26 1:29,8.04,24.17,-67.47
pH1,4/1/26 1:30,8.04,24.17,-67.47
pH1,4/1/26 1:31,8.04,24.17,-67.49
pH1,4/1/26 1:32,8.04,24.17,-67.49
pH1,4/1/26 1:33,8.04,24.17,-67.5
pH1,4/1/26 1:34,8.04,24.17,-67.53
pH1,4/1/26 1:35,8.04,24.17,-67.55
pH1,4/1/26 1:36,8.04,24.17,-67.58
pH1,4/1/26 1:37,8.04,24.17,-67.56
pH1,4/1/26 1:38,8.04,24.17,-67.6
pH1,4/1/26 1:39,8.04,24.17,-67.55
pH1,4/1/26 1:40,8.04,24.15,-67.56
pH1,4/1/26 1:41,8.04,24.15,-67.56
pH1,4/1/26 1:42,8.04,24.15,-67.6
pH1,4/1/26 1:43,8.04,24.15,-67.66
pH1,4/1/26 1:44,8.04,24.15,-67.66
pH1,4/1/26 1:45,8.04,24.15,-67.69
pH1,4/1/26 1:46,8.04,24.15,-67.67
pH1,4/1/26 1:47,8.04,24.15,-67.75
pH1,4/1/26 1:48,8.05,24.12,-67.78
pH1,4/1/26 1:49,8.05,24.12,-67.8
pH1,4/1/26 1:50,8.05,24.12,-67.81
pH1,4/1/26 1:51,8.05,24.12,-67.86
pH1,4/1/26 1:52,8.05,24.12,-67.88
pH1,4/1/26 1:53,8.05,24.12,-67.85
pH1,4/1/26 1:54,8.05,24.12,-67.88
pH1,4/1/26 1:55,8.05,24.12,-67.94
pH1,4/1/26 1:56,8.05,24.12,-67.94
pH1,4/1/26 1:57,8.05,24.12,-67.97
pH1,4/1/26 1:58,8.05,24.12,-67.97
pH1,4/1/26 1:59,8.05,24.12,-67.97
pH1,4/1/26 2:00,8.05,24.12,-67.97
pH1,4/1/26 2:01,8.05,24.12,-67.97
pH1,4/1/26 2:02,8.05,24.1,-67.92
pH1,4/1/26 2:03,8.05,24.1,-67.92
pH1,4/1/26 2:04,8.05,24.1,-67.89
pH1,4/1/26 2:05,8.05,24.1,-67.89
pH1,4/1/26 2:06,8.05,24.1,-67.86
pH1,4/1/26 2:07,8.05,24.12,-67.86
pH1,4/1/26 2:08,8.05,24.1,-67.83
pH1,4/1/26 2:09,8.05,24.1,-67.8
pH1,4/1/26 2:10,8.04,24.1,-67.74
pH1,4/1/26 2:11,8.04,24.1,-67.71
pH1,4/1/26 2:12,8.04,24.12,-67.67
pH1,4/1/26 2:13,8.04,24.1,-67.61
pH1,4/1/26 2:14,8.04,24.1,-67.58
pH1,4/1/26 2:15,8.04,24.1,-67.53
pH1,4/1/26 2:16,8.04,24.1,-67.5
pH1,4/1/26 2:17,8.04,24.12,-67.5
pH1,4/1/26 2:18,8.04,24.12,-67.49
pH1,4/1/26 2:19,8.04,24.12,-67.44
pH1,4/1/26 2:20,8.04,24.12,-67.41
pH1,4/1/26 2:21,8.04,24.12,-67.35
pH1,4/1/26 2:22,8.04,24.12,-67.36
pH1,4/1/26 2:23,8.04,24.12,-67.35
pH1,4/1/26 2:24,8.04,24.12,-67.31
pH1,4/1/26 2:25,8.04,24.12,-67.27
pH1,4/1/26 2:26,8.04,24.12,-67.27
pH1,4/1/26 2:27,8.04,24.12,-67.25
pH1,4/1/26 2:28,8.04,24.12,-67.24
pH1,4/1/26 2:29,8.04,24.12,-67.22
pH1,4/1/26 2:30,8.04,24.12,-67.19
pH1,4/1/26 2:31,8.04,24.12,-67.19
pH1,4/1/26 2:32,8.04,24.12,-67.17
pH1,4/1/26 2:33,8.04,24.12,-67.17
pH1,4/1/26 2:34,8.04,24.12,-67.17
pH1,4/1/26 2:35,8.04,24.12,-67.22
pH1,4/1/26 2:36,8.04,24.12,-67.25
pH1,4/1/26 2:37,8.04,24.12,-67.3
pH1,4/1/26 2:38,8.04,24.12,-67.33
pH1,4/1/26 2:39,8.04,24.12,-67.3
pH1,4/1/26 2:40,8.04,24.1,-67.31
pH1,4/1/26 2:41,8.04,24.1,-67.33
pH1,4/1/26 2:42,8.04,24.1,-67.35
pH1,4/1/26 2:43,8.04,24.1,-67.39
pH1,4/1/26 2:44,8.04,24.1,-67.42
pH1,4/1/26 2:45,8.04,24.1,-67.44
pH1,4/1/26 2:46,8.04,24.1,-67.46
pH1,4/1/26 2:47,8.04,24.1,-67.44
pH1,4/1/26 2:48,8.04,24.1,-67.46
pH1,4/1/26 2:49,8.04,24.1,-67.41
pH1,4/1/26 2:50,8.04,24.1,-67.42
pH1,4/1/26 2:51,8.04,24.07,-67.44
pH1,4/1/26 2:52,8.04,24.07,-67.41
pH1,4/1/26 2:53,8.04,24.07,-67.39
pH1,4/1/26 2:54,8.04,24.07,-67.42
pH1,4/1/26 2:55,8.04,24.07,-67.39
pH1,4/1/26 2:56,8.04,24.07,-67.44
pH1,4/1/26 2:57,8.04,24.07,-67.42
pH1,4/1/26 2:58,8.04,24.07,-67.42
pH1,4/1/26 2:59,8.04,24.07,-67.46
pH1,4/1/26 3:00,8.04,24.07,-67.47
pH1,4/1/26 3:01,8.04,24.07,-67.5
pH1,4/1/26 3:02,8.04,24.05,-67.52
pH1,4/1/26 3:03,8.04,24.07,-67.56
pH1,4/1/26 3:04,8.04,24.05,-67.5
pH1,4/1/26 3:05,8.04,24.05,-67.49
pH1,4/1/26 3:06,8.04,24.05,-67.55
pH1,4/1/26 3:07,8.04,24.05,-67.56
pH1,4/1/26 3:08,8.04,24.07,-67.61
pH1,4/1/26 3:09,8.04,24.07,-67.63
pH1,4/1/26 3:10,8.04,24.07,-67.56
pH1,4/1/26 3:11,8.04,24.07,-67.64
pH1,4/1/26 3:12,8.04,24.07,-67.66
pH1,4/1/26 3:13,8.04,24.07,-67.71
pH1,4/1/26 3:14,8.04,24.07,-67.66
pH1,4/1/26 3:15,8.04,24.07,-67.71
pH1,4/1/26 3:16,8.05,24.05,-67.78
pH1,4/1/26 3:17,8.05,24.07,-67.77
pH1,4/1/26 3:18,8.04,24.07,-67.74
pH1,4/1/26 3:19,8.04,24.07,-67.74
pH1,4/1/26 3:20,8.04,24.07,-67.69
pH1,4/1/26 3:21,8.04,24.07,-67.71
pH1,4/1/26 3:22,8.04,24.07,-67.74
pH1,4/1/26 3:23,8.05,24.07,-67.8
pH1,4/1/26 3:24,8.05,24.05,-67.85
pH1,4/1/26 3:25,8.05,24.05,-67.8
pH1,4/1/26 3:26,8.05,24.07,-67.75
pH1,4/1/26 3:27,8.04,24.07,-67.72
pH1,4/1/26 3:28,8.04,24.07,-67.72
pH1,4/1/26 3:29,8.04,24.07,-67.69
pH1,4/1/26 3:30,8.04,24.05,-67.69
pH1,4/1/26 3:31,8.04,24.05,-67.66
pH1,4/1/26 3:32,8.04,24.05,-67.61
pH1,4/1/26 3:33,8.04,24.05,-67.53
pH1,4/1/26 3:34,8.04,24.05,-67.47
pH1,4/1/26 3:35,8.04,24.07,-67.47
pH1,4/1/26 3:36,8.04,24.07,-67.46
pH1,4/1/26 3:37,8.04,24.07,-67.38
pH1,4/1/26 3:38,8.04,24.07,-67.41
pH1,4/1/26 3:39,8.04,24.07,-67.53
pH1,4/1/26 3:40,8.04,24.07,-67.5
pH1,4/1/26 3:41,8.04,24.07,-67.41
pH1,4/1/26 3:42,8.04,24.05,-67.38
pH1,4/1/26 3:43,8.04,24.05,-67.36
pH1,4/1/26 3:44,8.04,24.07,-67.28
pH1,4/1/26 3:45,8.04,24.07,-67.25
pH1,4/1/26 3:46,8.04,24.05,-67.3
pH1,4/1/26 3:47,8.04,24.05,-67.24
pH1,4/1/26 3:48,8.04,24.05,-67.25
pH1,4/1/26 3:49,8.04,24.05,-67.27
pH1,4/1/26 3:50,8.04,24.05,-67.27
pH1,4/1/26 3:51,8.04,24.07,-67.21
pH1,4/1/26 3:52,8.04,24.07,-67.22
pH1,4/1/26 3:53,8.04,24.05,-67.21
pH1,4/1/26 3:54,8.04,24.05,-67.27
pH1,4/1/26 3:55,8.04,24.05,-67.27
pH1,4/1/26 3:56,8.04,24.05,-67.21
pH1,4/1/26 3:57,8.04,24.05,-67.25
pH1,4/1/26 3:58,8.04,24.05,-67.25
pH1,4/1/26 3:59,8.04,24.05,-67.21
pH1,4/1/26 4:00,8.04,24.07,-67.22
pH1,4/1/26 4:01,8.04,24.07,-67.19
pH1,4/1/26 4:02,8.04,24.07,-67.21
pH1,4/1/26 4:03,8.04,24.05,-67.24
pH1,4/1/26 4:04,8.04,24.05,-67.19
pH1,4/1/26 4:05,8.03,24.05,-67.14
pH1,4/1/26 4:06,8.03,24.05,-67.13
pH1,4/1/26 4:07,8.03,24.07,-67.11
pH1,4/1/26 4:08,8.03,24.07,-67.06
pH1,4/1/26 4:09,8.03,24.07,-67.11
pH1,4/1/26 4:10,8.03,24.07,-67.08
pH1,4/1/26 4:11,8.03,24.07,-67.05
pH1,4/1/26 4:12,8.03,24.07,-67.05
pH1,4/1/26 4:13,8.03,24.07,-67.1
pH1,4/1/26 4:14,8.03,24.07,-67.02
pH1,4/1/26 4:15,8.03,24.07,-67
pH1,4/1/26 4:16,8.03,24.07,-67.02
pH1,4/1/26 4:17,8.03,24.07,-66.94
pH1,4/1/26 4:18,8.03,24.07,-66.92
pH1,4/1/26 4:19,8.03,24.07,-66.89
pH1,4/1/26 4:20,8.03,24.07,-66.86
pH1,4/1/26 4:21,8.03,24.07,-66.88
pH1,4/1/26 4:22,8.03,24.07,-66.86
pH1,4/1/26 4:23,8.03,24.07,-66.91
pH1,4/1/26 4:24,8.03,24.1,-66.91
pH1,4/1/26 4:25,8.03,24.1,-66.8
pH1,4/1/26 4:26,8.03,24.1,-66.88
pH1,4/1/26 4:27,8.03,24.1,-66.85
pH1,4/1/26 4:28,8.03,24.07,-66.96
pH1,4/1/26 4:29,8.03,24.07,-66.83
pH1,4/1/26 4:30,8.03,24.07,-66.85
pH1,4/1/26 4:31,8.03,24.07,-66.92
pH1,4/1/26 4:32,8.03,24.07,-66.92
pH1,4/1/26 4:33,8.03,24.07,-66.88
pH1,4/1/26 4:34,8.03,24.07,-66.83
pH1,4/1/26 4:35,8.03,24.07,-66.86
pH1,4/1/26 4:36,8.03,24.07,-66.83
pH1,4/1/26 4:37,8.03,24.07,-66.8
pH1,4/1/26 4:38,8.03,24.1,-66.78
pH1,4/1/26 4:39,8.03,24.1,-66.81
pH1,4/1/26 4:40,8.03,24.07,-66.75
pH1,4/1/26 4:41,8.03,24.07,-66.89
pH1,4/1/26 4:42,8.03,24.07,-66.92
pH1,4/1/26 4:43,8.03,24.07,-66.88
pH1,4/1/26 4:44,8.03,24.07,-66.97
pH1,4/1/26 4:45,8.03,24.07,-66.94
pH1,4/1/26 4:46,8.03,24.07,-66.97
pH1,4/1/26 4:47,8.03,24.1,-67.02
pH1,4/1/26 4:48,8.03,24.07,-67.06
pH1,4/1/26 4:49,8.03,24.1,-67.1
pH1,4/1/26 4:50,8.03,24.1,-67.11
pH1,4/1/26 4:51,8.03,24.1,-67.14
pH1,4/1/26 4:52,8.03,24.1,-67.13
pH1,4/1/26 4:53,8.03,24.1,-67.11
pH1,4/1/26 4:54,8.03,24.1,-67.06
pH1,4/1/26 4:55,8.03,24.07,-67.05
pH1,4/1/26 4:56,8.03,24.07,-67.05
pH1,4/1/26 4:57,8.03,24.07,-67.05
pH1,4/1/26 4:58,8.03,24.07,-67.05
pH1,4/1/26 4:59,8.03,24.07,-67.03
pH1,4/1/26 5:00,8.03,24.07,-67.11
pH1,4/1/26 5:01,8.03,24.07,-67.14
pH1,4/1/26 5:02,8.03,24.07,-67.13
pH1,4/1/26 5:03,8.04,24.07,-67.22
pH1,4/1/26 5:04,8.04,24.07,-67.19
pH1,4/1/26 5:05,8.04,24.07,-67.21
pH1,4/1/26 5:06,8.04,24.07,-67.21
pH1,4/1/26 5:07,8.04,24.07,-67.22
pH1,4/1/26 5:08,8.04,24.07,-67.25
pH1,4/1/26 5:09,8.04,24.07,-67.27
pH1,4/1/26 5:10,8.04,24.07,-67.22
pH1,4/1/26 5:11,8.03,24.07,-67.14
pH1,4/1/26 5:12,8.03,24.07,-67.16
pH1,4/1/26 5:13,8.03,24.07,-67.16
pH1,4/1/26 5:14,8.03,24.07,-67.1
pH1,4/1/26 5:15,8.03,24.07,-67.13
pH1,4/1/26 5:16,8.03,24.07,-67.11
pH1,4/1/26 5:17,8.03,24.07,-67.06
pH1,4/1/26 5:18,8.03,24.07,-67.08
pH1,4/1/26 5:19,8.03,24.07,-67.03
pH1,4/1/26 5:20,8.03,24.07,-66.94
pH1,4/1/26 5:21,8.03,24.07,-66.99
pH1,4/1/26 5:22,8.03,24.07,-66.94
pH1,4/1/26 5:23,8.03,24.07,-66.91
pH1,4/1/26 5:24,8.03,24.07,-66.83
pH1,4/1/26 5:25,8.03,24.07,-66.81
pH1,4/1/26 5:26,8.03,24.05,-66.83
pH1,4/1/26 5:27,8.03,24.07,-66.85
pH1,4/1/26 5:28,8.03,24.05,-66.85
pH1,4/1/26 5:29,8.03,24.07,-66.86
pH1,4/1/26 5:30,8.03,24.07,-66.94
pH1,4/1/26 5:31,8.03,24.07,-66.91
pH1,4/1/26 5:32,8.03,24.07,-66.86
pH1,4/1/26 5:33,8.03,24.05,-66.81
pH1,4/1/26 5:34,8.03,24.07,-66.83
pH1,4/1/26 5:35,8.03,24.07,-66.85
pH1,4/1/26 5:36,8.03,24.05,-66.88
pH1,4/1/26 5:37,8.03,24.05,-66.83
pH1,4/1/26 5:38,8.03,24.05,-66.78
pH1,4/1/26 5:39,8.03,24.05,-66.63
pH1,4/1/26 5:40,8.02,24.05,-66.53
pH1,4/1/26 5:41,8.03,24.05,-66.61
pH1,4/1/26 5:42,8.03,24.05,-66.63
pH1,4/1/26 5:43,8.03,24.05,-66.64
pH1,4/1/26 5:44,8.03,24.05,-66.6
pH1,4/1/26 5:45,8.03,24.05,-66.6
pH1,4/1/26 5:46,8.02,24.05,-66.55
pH1,4/1/26 5:47,8.02,24.05,-66.46
pH1,4/1/26 5:48,8.02,24.05,-66.41
pH1,4/1/26 5:49,8.02,24.05,-66.38
pH1,4/1/26 5:50,8.02,24.05,-66.35
pH1,4/1/26 5:51,8.02,24.05,-66.41
pH1,4/1/26 5:52,8.02,24.05,-66.38
pH1,4/1/26 5:53,8.02,24.05,-66.44
pH1,4/1/26 5:54,8.02,24.05,-66.44
pH1,4/1/26 5:55,8.02,24.05,-66.44
pH1,4/1/26 5:56,8.02,24.05,-66.41
pH1,4/1/26 5:57,8.02,24.05,-66.33
pH1,4/1/26 5:58,8.02,24.07,-66.3
pH1,4/1/26 5:59,8.02,24.07,-66.31
pH1,4/1/26 6:00,8.02,24.07,-66.35
pH1,4/1/26 6:01,8.02,24.07,-66.3
pH1,4/1/26 6:02,8.02,24.07,-66.41
pH1,4/1/26 6:03,8.02,24.07,-66.46
pH1,4/1/26 6:04,8.02,24.1,-66.42
pH1,4/1/26 6:05,8.02,24.1,-66.46
pH1,4/1/26 6:06,8.02,24.1,-66.39
pH1,4/1/26 6:07,8.02,24.1,-66.36
pH1,4/1/26 6:08,8.02,24.12,-66.46
pH1,4/1/26 6:09,8.02,24.12,-66.49
pH1,4/1/26 6:10,8.02,24.12,-66.49
pH1,4/1/26 6:11,8.02,24.12,-66.47
pH1,4/1/26 6:12,8.02,24.12,-66.46
pH1,4/1/26 6:13,8.02,24.12,-66.41
pH1,4/1/26 6:14,8.02,24.12,-66.41
pH1,4/1/26 6:15,8.02,24.12,-66.49
pH1,4/1/26 6:16,8.02,24.12,-66.52
pH1,4/1/26 6:17,8.02,24.12,-66.56
pH1,4/1/26 6:18,8.02,24.12,-66.56
pH1,4/1/26 6:19,8.02,24.12,-66.53
pH1,4/1/26 6:20,8.03,24.12,-66.66
pH1,4/1/26 6:21,8.03,24.12,-66.64
pH1,4/1/26 6:22,8.03,24.12,-66.67
pH1,4/1/26 6:23,8.03,24.12,-66.66
pH1,4/1/26 6:24,8.03,24.1,-66.67
pH1,4/1/26 6:25,8.03,24.1,-66.69
pH1,4/1/26 6:26,8.03,24.1,-66.69
pH1,4/1/26 6:27,8.03,24.1,-66.72
pH1,4/1/26 6:28,8.03,24.1,-66.71
pH1,4/1/26 6:29,8.03,24.1,-66.66
pH1,4/1/26 6:30,8.03,24.1,-66.67
pH1,4/1/26 6:31,8.03,24.1,-66.69
pH1,4/1/26 6:32,8.03,24.1,-66.69
pH1,4/1/26 6:33,8.03,24.12,-66.72
pH1,4/1/26 6:34,8.03,24.1,-66.72
pH1,4/1/26 6:35,8.03,24.1,-66.72
pH1,4/1/26 6:36,8.03,24.12,-66.74
pH1,4/1/26 6:37,8.03,24.12,-66.77
pH1,4/1/26 6:38,8.03,24.12,-66.75
pH1,4/1/26 6:39,8.03,24.12,-66.78
pH1,4/1/26 6:40,8.03,24.12,-66.8
pH1,4/1/26 6:41,8.03,24.12,-66.83
pH1,4/1/26 6:42,8.03,24.12,-66.85
pH1,4/1/26 6:43,8.03,24.12,-66.88
pH1,4/1/26 6:44,8.03,24.12,-66.89
pH1,4/1/26 6:45,8.03,24.12,-66.89
pH1,4/1/26 6:46,8.03,24.12,-66.91
pH1,4/1/26 6:47,8.03,24.12,-66.91
pH1,4/1/26 6:48,8.03,24.12,-66.94
pH1,4/1/26 6:49,8.03,24.1,-66.94
pH1,4/1/26 6:50,8.03,24.12,-66.99
pH1,4/1/26 6:51,8.04,24.12,-67.22
pH1,4/1/26 6:52,8.04,24.15,-67.46
pH1,4/1/26 6:53,8.04,24.15,-67.71
pH1,4/1/26 6:54,8.05,24.15,-67.85
pH1,4/1/26 6:55,8.05,24.17,-67.8
pH1,4/1/26 6:56,8.05,24.19,-67.92
pH1,4/1/26 6:57,8.05,24.19,-68.06
pH1,4/1/26 6:58,8.05,24.22,-68.1
pH1,4/1/26 6:59,8.05,24.22,-68.27
pH1,4/1/26 7:00,8.05,24.22,-68.11
pH1,4/1/26 7:01,8.05,24.22,-67.81
pH1,4/1/26 7:02,8.04,24.22,-67.74
pH1,4/1/26 7:03,8.04,24.22,-67.77
pH1,4/1/26 7:04,8.05,24.19,-67.77
pH1,4/1/26 7:05,8.05,24.19,-67.85
pH1,4/1/26 7:06,8.05,24.19,-67.94
pH1,4/1/26 7:07,8.05,24.22,-68.31
pH1,4/1/26 7:08,8.06,24.22,-68.67
pH1,4/1/26 7:09,8.06,24.22,-68.72
pH1,4/1/26 7:10,8.07,24.24,-68.99
pH1,4/1/26 7:11,8.07,24.27,-69.14
pH1,4/1/26 7:12,8.07,24.27,-69.02
pH1,4/1/26 7:13,8.07,24.32,-69.13
pH1,4/1/26 7:14,8.06,24.29,-68.78
pH1,4/1/26 7:15,8.06,24.29,-68.44
pH1,4/1/26 7:16,8.06,24.32,-68.66
pH1,4/1/26 7:17,8.06,24.29,-68.75
pH1,4/1/26 7:18,8.07,24.32,-69.25
pH1,4/1/26 7:19,8.07,24.34,-69.35
pH1,4/1/26 7:20,8.07,24.34,-69.44
pH1,4/1/26 7:21,8.08,24.34,-69.66
pH1,4/1/26 7:22,8.08,24.36,-69.63
pH1,4/1/26 7:23,8.08,24.41,-69.77
pH1,4/1/26 7:24,8.08,24.46,-69.86
pH1,4/1/26 7:25,8.08,24.48,-69.86
pH1,4/1/26 7:26,8.08,24.48,-69.94
pH1,4/1/26 7:27,8.08,24.51,-69.99
pH1,4/1/26 7:28,8.09,24.53,-70.17
pH1,4/1/26 7:29,8.08,24.53,-70.11
pH1,4/1/26 7:30,8.09,24.56,-70.36
pH1,4/1/26 7:31,8.09,24.56,-70.27
pH1,4/1/26 7:32,8.09,24.58,-70.21
pH1,4/1/26 7:33,8.08,24.58,-70.14
pH1,4/1/26 7:34,8.08,24.58,-70.14
pH1,4/1/26 7:35,8.09,24.58,-70.24
pH1,4/1/26 7:36,8.09,24.6,-70.27
pH1,4/1/26 7:37,8.09,24.6,-70.33
pH1,4/1/26 7:38,8.09,24.63,-70.24
pH1,4/1/26 7:39,8.09,24.63,-70.31
pH1,4/1/26 7:40,8.09,24.63,-70.41
pH1,4/1/26 7:41,8.09,24.63,-70.58
pH1,4/1/26 7:42,8.09,24.63,-70.69
pH1,4/1/26 7:43,8.09,24.63,-70.58
pH1,4/1/26 7:44,8.09,24.63,-70.63
pH1,4/1/26 7:45,8.1,24.63,-70.97
pH1,4/1/26 7:46,8.1,24.65,-70.91
pH1,4/1/26 7:47,8.1,24.7,-71.03
pH1,4/1/26 7:48,8.1,24.7,-71.08
pH1,4/1/26 7:49,8.1,24.7,-71.14
pH1,4/1/26 7:50,8.1,24.73,-71.1
pH1,4/1/26 7:51,8.11,24.75,-71.42
pH1,4/1/26 7:52,8.11,24.75,-71.5
pH1,4/1/26 7:53,8.11,24.75,-71.75
pH1,4/1/26 7:54,8.11,24.77,-71.8
pH1,4/1/26 7:55,8.11,24.77,-71.88
pH1,4/1/26 7:56,8.11,24.8,-71.83
pH1,4/1/26 7:57,8.11,24.8,-71.89
pH1,4/1/26 7:58,8.12,24.82,-71.97
pH1,4/1/26 7:59,8.12,24.82,-72.08
pH1,4/1/26 8:00,8.12,24.82,-72.03
pH1,4/1/26 8:01,8.12,24.85,-72.06
pH1,4/1/26 8:02,8.11,24.82,-71.91
pH1,4/1/26 8:03,8.12,24.82,-72
pH1,4/1/26 8:04,8.11,24.82,-71.91
pH1,4/1/26 8:05,8.11,24.85,-71.92
pH1,4/1/26 8:06,8.11,24.87,-71.69
pH1,4/1/26 8:07,8.11,24.85,-71.88
pH1,4/1/26 8:08,8.12,24.87,-72.02
pH1,4/1/26 8:09,8.12,24.87,-72.03
pH1,4/1/26 8:10,8.12,24.87,-72.13
pH1,4/1/26 8:11,8.12,24.9,-72.19
pH1,4/1/26 8:12,8.12,24.9,-72.19
pH1,4/1/26 8:13,8.12,24.9,-72.25
pH1,4/1/26 8:14,8.12,24.92,-72.25
pH1,4/1/26 8:15,8.12,24.9,-72.22
pH1,4/1/26 8:16,8.11,24.9,-71.91
pH1,4/1/26 8:17,8.11,24.9,-71.89
pH1,4/1/26 8:18,8.12,24.92,-72
pH1,4/1/26 8:19,8.11,24.9,-71.89
pH1,4/1/26 8:20,8.11,24.9,-71.86
pH1,4/1/26 8:21,8.11,24.9,-71.89
pH1,4/1/26 8:22,8.12,24.92,-72.02
pH1,4/1/26 8:23,8.11,24.87,-71.63
pH1,4/1/26 8:24,8.11,24.87,-71.53
pH1,4/1/26 8:25,8.11,24.85,-71.66
pH1,4/1/26 8:26,8.1,24.8,-70.97
pH1,4/1/26 8:27,8.11,24.82,-71.56
pH1,4/1/26 8:28,8.1,24.8,-70.78
pH1,4/1/26 8:29,8.09,24.77,-70.67
pH1,4/1/26 8:30,8.1,24.77,-71.08
pH1,4/1/26 8:31,8.08,24.73,-70.14
pH1,4/1/26 8:32,8.09,24.7,-70.19
pH1,4/1/26 8:33,8.1,24.73,-70.96
pH1,4/1/26 8:34,8.11,24.77,-71.47
pH1,4/1/26 8:35,8.1,24.77,-70.91
pH1,4/1/26 8:36,8.09,24.73,-70.27
pH1,4/1/26 8:37,8.1,24.73,-70.96
pH1,4/1/26 8:38,8.1,24.77,-71.27
pH1,4/1/26 8:39,8.11,24.8,-71.6
pH1,4/1/26 8:40,8.1,24.8,-71.16
pH1,4/1/26 8:41,8.09,24.75,-70.44
pH1,4/1/26 8:42,8.1,24.77,-71.17
pH1,4/1/26 8:43,8.11,24.77,-71.39
pH1,4/1/26 8:44,8.11,24.8,-71.56
pH1,4/1/26 8:45,8.11,24.8,-71.86
pH1,4/1/26 8:46,8.09,24.77,-70.64
pH1,4/1/26 8:47,8.09,24.75,-70.35
pH1,4/1/26 8:48,8.09,24.75,-70.46
pH1,4/1/26 8:49,8.08,24.73,-70.14
pH1,4/1/26 8:50,8.09,24.68,-70.33
pH1,4/1/26 8:51,8.09,24.68,-70.61
pH1,4/1/26 8:52,8.1,24.75,-71.21
pH1,4/1/26 8:53,8.1,24.77,-71.24
pH1,4/1/26 8:54,8.11,24.77,-71.75
pH1,4/1/26 8:55,8.11,24.8,-71.61
pH1,4/1/26 8:56,8.12,24.8,-72.03
pH1,4/1/26 8:57,8.12,24.85,-72.31
pH1,4/1/26 8:58,8.11,24.82,-71.6
pH1,4/1/26 8:59,8.11,24.82,-71.75
pH1,4/1/26 9:00,8.11,24.8,-71.41
pH1,4/1/26 9:01,8.12,24.85,-72.05
pH1,4/1/26 9:02,8.11,24.82,-71.44
pH1,4/1/26 9:03,8.12,24.85,-72.31
pH1,4/1/26 9:04,8.11,24.82,-71.46
pH1,4/1/26 9:05,8.1,24.8,-70.92
pH1,4/1/26 9:06,8.09,24.75,-70.28
pH1,4/1/26 9:07,8.1,24.8,-71.24
pH1,4/1/26 9:08,8.11,24.85,-71.94
pH1,4/1/26 9:09,8.09,24.8,-70.69
pH1,4/1/26 9:10,8.11,24.8,-71.44
pH1,4/1/26 9:11,8.11,24.85,-71.56
pH1,4/1/26 9:12,8.09,24.8,-70.77
pH1,4/1/26 9:13,8.1,24.77,-70.94
pH1,4/1/26 9:14,8.11,24.8,-71.53
pH1,4/1/26 9:15,8.1,24.77,-70.97
pH1,4/1/26 9:16,8.1,24.8,-71.28
pH1,4/1/26 9:17,8.11,24.77,-71.42
pH1,4/1/26 9:18,8.1,24.75,-71.19
pH1,4/1/26 9:19,8.11,24.77,-71.75
pH1,4/1/26 9:20,8.12,24.77,-72.16
pH1,4/1/26 9:21,8.13,24.85,-72.81
pH1,4/1/26 9:22,8.13,24.87,-72.74
pH1,4/1/26 9:23,8.11,24.82,-71.6
pH1,4/1/26 9:24,8.09,24.77,-70.71
pH1,4/1/26 9:25,8.11,24.82,-71.75
pH1,4/1/26 9:26,8.12,24.87,-72.25
pH1,4/1/26 9:27,8.1,24.82,-71.16
pH1,4/1/26 9:28,8.09,24.77,-70.77
pH1,4/1/26 9:29,8.09,24.75,-70.58
pH1,4/1/26 9:30,8.09,24.73,-70.61
pH1,4/1/26 9:31,8.09,24.73,-70.53
pH1,4/1/26 9:32,8.09,24.7,-70.38
pH1,4/1/26 9:33,8.1,24.73,-70.91
pH1,4/1/26 9:34,8.11,24.8,-71.6
pH1,4/1/26 9:35,8.11,24.82,-71.46
pH1,4/1/26 9:36,8.1,24.77,-70.81
pH1,4/1/26 9:37,8.09,24.73,-70.6
pH1,4/1/26 9:38,8.09,24.73,-70.44
pH1,4/1/26 9:39,8.08,24.68,-70.03
pH1,4/1/26 9:40,8.08,24.65,-70.11
pH1,4/1/26 9:41,8.1,24.7,-71.27
pH1,4/1/26 9:42,8.11,24.75,-71.47
pH1,4/1/26 9:43,8.1,24.73,-71.19
pH1,4/1/26 9:44,8.11,24.77,-71.88
pH1,4/1/26 9:45,8.1,24.75,-71.21
pH1,4/1/26 9:46,8.1,24.75,-70.78
pH1,4/1/26 9:47,8.1,24.77,-71.35
pH1,4/1/26 9:48,8.1,24.75,-71.1
pH1,4/1/26 9:49,8.1,24.73,-71.05
pH1,4/1/26 9:50,8.1,24.68,-71.05
pH1,4/1/26 9:51,8.12,24.73,-72.17
pH1,4/1/26 9:52,8.13,24.8,-72.8
pH1,4/1/26 9:53,8.11,24.8,-71.72
pH1,4/1/26 9:54,8.12,24.77,-72.44
pH1,4/1/26 9:55,8.13,24.82,-72.8
pH1,4/1/26 9:56,8.11,24.77,-71.42
pH1,4/1/26 9:57,8.13,24.82,-72.64
pH1,4/1/26 9:58,8.13,24.85,-72.56
pH1,4/1/26 9:59,8.12,24.82,-72
pH1,4/1/26 10:00,8.13,24.85,-73.03
pH1,4/1/26 10:01,8.13,24.9,-73.06
pH1,4/1/26 10:02,8.14,24.9,-73.24
pH1,4/1/26 10:03,8.14,24.9,-73.3
pH1,4/1/26 10:04,8.12,24.82,-72.25
pH1,4/1/26 10:05,8.12,24.82,-72.25
pH1,4/1/26 10:06,8.13,24.82,-72.69
pH1,4/1/26 10:07,8.12,24.82,-72.35
pH1,4/1/26 10:08,8.13,24.85,-72.55
pH1,4/1/26 10:09,8.14,24.9,-73.53
pH1,4/1/26 10:10,8.15,24.94,-73.81
pH1,4/1/26 10:11,8.12,24.9,-72.25
pH1,4/1/26 10:12,8.13,24.87,-72.8
pH1,4/1/26 10:13,8.14,24.92,-73.69
pH1,4/1/26 10:14,8.15,24.97,-73.96
pH1,4/1/26 10:15,8.14,25.02,-73.22
pH1,4/1/26 10:16,8.14,24.99,-73.28
pH1,4/1/26 10:17,8.15,25.02,-73.88
pH1,4/1/26 10:18,8.13,24.99,-72.85
pH1,4/1/26 10:19,8.11,24.94,-71.83
pH1,4/1/26 10:20,8.11,24.87,-71.66
pH1,4/1/26 10:21,8.11,24.87,-71.83
pH1,4/1/26 10:22,8.11,24.85,-71.6
pH1,4/1/26 10:23,8.11,24.82,-71.78
pH1,4/1/26 10:24,8.11,24.82,-71.81
pH1,4/1/26 10:25,8.12,24.82,-72.08
pH1,4/1/26 10:26,8.11,24.82,-71.64
pH1,4/1/26 10:27,8.1,24.8,-71.1
pH1,4/1/26 10:28,8.09,24.77,-70.72
pH1,4/1/26 10:29,8.1,24.75,-70.99
pH1,4/1/26 10:30,8.1,24.73,-71.24
pH1,4/1/26 10:31,8.1,24.73,-71.08
pH1,4/1/26 10:32,8.11,24.75,-71.77
pH1,4/1/26 10:33,8.12,24.8,-72.25
pH1,4/1/26 10:34,8.12,24.77,-72.1
pH1,4/1/26 10:35,8.12,24.77,-72.05
pH1,4/1/26 10:36,8.11,24.77,-71.66
pH1,4/1/26 10:37,8.11,24.75,-71.5
pH1,4/1/26 10:38,8.1,24.77,-71.11
pH1,4/1/26 10:39,8.11,24.75,-71.36
pH1,4/1/26 10:40,8.1,24.77,-71.14
pH1,4/1/26 10:41,8.1,24.75,-71.19
pH1,4/1/26 10:42,8.1,24.73,-71.06
pH1,4/1/26 10:43,8.1,24.73,-71.05
pH1,4/1/26 10:44,8.1,24.73,-71.03
pH1,4/1/26 10:45,8.11,24.73,-71.56
pH1,4/1/26 10:46,8.1,24.75,-71.13
pH1,4/1/26 10:47,8.1,24.73,-71.14
pH1,4/1/26 10:48,8.1,24.73,-70.85
pH1,4/1/26 10:49,8.1,24.73,-70.88
pH1,4/1/26 10:50,8.09,24.7,-70.38
pH1,4/1/26 10:51,8.09,24.7,-70.46
pH1,4/1/26 10:52,8.09,24.68,-70.39
pH1,4/1/26 10:53,8.1,24.7,-70.85
pH1,4/1/26 10:54,8.1,24.7,-70.92
pH1,4/1/26 10:55,8.12,24.73,-72.13
pH1,4/1/26 10:56,8.14,24.82,-73.25
pH1,4/1/26 10:57,8.14,24.9,-73.6
pH1,4/1/26 10:58,8.12,24.85,-72.49
pH1,4/1/26 10:59,8.14,24.9,-73.63
pH1,4/1/26 11:00,8.14,24.97,-73.58
pH1,4/1/26 11:01,8.13,24.92,-72.89
pH1,4/1/26 11:02,8.15,24.99,-74.22
pH1,4/1/26 11:03,8.14,25.02,-73.3
pH1,4/1/26 11:04,8.12,24.97,-72.53
pH1,4/1/26 11:05,8.13,24.92,-72.55
pH1,4/1/26 11:06,8.14,24.99,-73.6
pH1,4/1/26 11:07,8.13,24.97,-73.03
pH1,4/1/26 11:08,8.13,24.92,-72.71
pH1,4/1/26 11:09,8.11,24.9,-71.71
pH1,4/1/26 11:10,8.11,24.87,-71.69
pH1,4/1/26 11:11,8.11,24.87,-71.42
pH1,4/1/26 11:12,8.11,24.85,-71.72
pH1,4/1/26 11:13,8.13,24.9,-72.56
pH1,4/1/26 11:14,8.13,24.87,-72.67
pH1,4/1/26 11:15,8.12,24.87,-72.28
pH1,4/1/26 11:16,8.13,24.87,-72.58
pH1,4/1/26 11:17,8.12,24.85,-72.24
pH1,4/1/26 11:18,8.12,24.82,-72.03
pH1,4/1/26 11:19,8.12,24.82,-72.35
pH1,4/1/26 11:20,8.14,24.87,-73.38
pH1,4/1/26 11:21,8.11,24.85,-71.67
pH1,4/1/26 11:22,8.13,24.87,-72.8
pH1,4/1/26 11:23,8.12,24.87,-71.97
pH1,4/1/26 11:24,8.11,24.85,-71.67
pH1,4/1/26 11:25,8.12,24.82,-72.47
pH1,4/1/26 11:26,8.14,24.82,-73.42
pH1,4/1/26 11:27,8.12,24.87,-72.36
pH1,4/1/26 11:28,8.13,24.85,-72.6
pH1,4/1/26 11:29,8.12,24.82,-72.06
pH1,4/1/26 11:30,8.12,24.82,-71.94
pH1,4/1/26 11:31,8.12,24.8,-71.96
pH1,4/1/26 11:32,8.12,24.82,-72.35
pH1,4/1/26 11:33,8.14,24.85,-73.64
pH1,4/1/26 11:34,8.16,24.94,-74.53
pH1,4/1/26 11:35,8.14,24.94,-73.69
pH1,4/1/26 11:36,8.14,24.9,-73.25
pH1,4/1/26 11:37,8.13,24.9,-73.11
pH1,4/1/26 11:38,8.15,24.97,-74.13
pH1,4/1/26 11:39,8.15,24.97,-74.28
pH1,4/1/26 11:40,8.13,24.97,-72.91
pH1,4/1/26 11:41,8.15,24.99,-74
pH1,4/1/26 11:42,8.12,24.99,-72.35
pH1,4/1/26 11:43,8.13,24.92,-72.75
pH1,4/1/26 11:44,8.13,24.92,-73.11
pH1,4/1/26 11:45,8.16,25.02,-74.42
pH1,4/1/26 11:46,8.14,24.99,-73.35
pH1,4/1/26 11:47,8.15,25.04,-73.74
pH1,4/1/26 11:48,8.13,24.99,-72.74
pH1,4/1/26 11:49,8.14,25.02,-73.31
pH1,4/1/26 11:50,8.14,25.04,-73.64
pH1,4/1/26 11:51,8.15,25.11,-74.27
pH1,4/1/26 11:52,8.12,25.06,-72.53
pH1,4/1/26 11:53,8.15,25.06,-73.77
pH1,4/1/26 11:54,8.15,25.06,-73.78
pH1,4/1/26 11:55,8.13,25.04,-72.75
pH1,4/1/26 11:56,8.13,25.04,-73.02
pH1,4/1/26 11:57,8.15,25.09,-74
pH1,4/1/26 11:58,8.17,25.14,-75.06
pH1,4/1/26 11:59,8.13,25.09,-72.96
pH1,4/1/26 12:00,8.12,25.04,-72.14
pH1,4/1/26 12:01,8.14,25.09,-73.72
pH1,4/1/26 12:02,8.15,25.14,-74.16
pH1,4/1/26 12:03,8.14,25.11,-73.38
pH1,4/1/26 12:04,8.13,25.04,-72.71
pH1,4/1/26 12:05,8.14,25.04,-73.41
pH1,4/1/26 12:06,8.14,25.04,-73.25
pH1,4/1/26 12:07,8.16,25.14,-74.85
pH1,4/1/26 12:08,8.17,25.19,-75.19
pH1,4/1/26 12:09,8.17,25.21,-75.17
pH1,4/1/26 12:10,8.14,25.14,-73.47
pH1,4/1/26 12:11,8.13,25.11,-73.06
pH1,4/1/26 12:12,8.12,25.06,-72.22
pH1,4/1/26 12:13,8.1,25.02,-71.35
pH1,4/1/26 12:14,8.1,24.99,-71.28
pH1,4/1/26 12:15,8.11,24.99,-71.46
pH1,4/1/26 12:16,8.12,24.99,-72.05
pH1,4/1/26 12:17,8.12,24.97,-72.53
pH1,4/1/26 12:18,8.13,24.99,-72.61
pH1,4/1/26 12:19,8.12,24.94,-72.03
pH1,4/1/26 12:20,8.12,24.92,-72.33
pH1,4/1/26 12:21,8.15,25.04,-73.91
pH1,4/1/26 12:22,8.15,25.09,-73.91
pH1,4/1/26 12:23,8.12,25.02,-72.33
pH1,4/1/26 12:24,8.12,24.97,-72.31
pH1,4/1/26 12:25,8.14,25.09,-73.21
pH1,4/1/26 12:26,8.13,25.06,-72.58
pH1,4/1/26 12:27,8.12,25.04,-72.27
pH1,4/1/26 12:28,8.13,25.02,-72.64
pH1,4/1/26 12:29,8.16,25.11,-74.36
pH1,4/1/26 12:30,8.14,25.11,-73.21
pH1,4/1/26 12:31,8.13,25.04,-72.69
pH1,4/1/26 12:32,8.15,25.09,-74.24
pH1,4/1/26 12:33,8.14,25.14,-73.56
pH1,4/1/26 12:34,8.12,25.09,-72.31
pH1,4/1/26 12:35,8.12,25.04,-72.11
pH1,4/1/26 12:36,8.11,25.02,-71.83
pH1,4/1/26 12:37,8.11,24.99,-71.88
pH1,4/1/26 12:38,8.12,24.97,-72.17
pH1,4/1/26 12:39,8.11,24.97,-71.6
pH1,4/1/26 12:40,8.11,24.94,-71.64
pH1,4/1/26 12:41,8.11,24.92,-71.8
pH1,4/1/26 12:42,8.15,25.02,-73.86
pH1,4/1/26 12:43,8.11,24.94,-71.61
pH1,4/1/26 12:44,8.13,24.99,-72.91
pH1,4/1/26 12:45,8.14,25.02,-73.53
pH1,4/1/26 12:46,8.13,24.99,-72.71
pH1,4/1/26 12:47,8.1,24.94,-71.22
pH1,4/1/26 12:48,8.1,24.94,-71.3
pH1,4/1/26 12:49,8.14,25.02,-73.63
pH1,4/1/26 12:50,8.15,25.06,-73.96
pH1,4/1/26 12:51,8.17,25.11,-75.1
pH1,4/1/26 12:52,8.14,25.09,-73.44
pH1,4/1/26 12:53,8.12,25.02,-72.11
pH1,4/1/26 12:54,8.11,24.97,-71.72
pH1,4/1/26 12:55,8.11,24.97,-71.42
pH1,4/1/26 12:56,8.12,24.94,-72.05
pH1,4/1/26 12:57,8.12,24.99,-72.27
pH1,4/1/26 12:58,8.12,24.97,-72.27
pH1,4/1/26 12:59,8.14,25.02,-73.6
pH1,4/1/26 13:00,8.15,25.02,-74.28
pH1,4/1/26 13:01,8.17,25.11,-75.3
pH1,4/1/26 13:02,8.09,24.94,-70.66
pH1,4/1/26 13:03,8.13,25.04,-73.14
pH1,4/1/26 13:04,8.12,24.99,-72.28
pH1,4/1/26 13:05,8.13,24.97,-72.89
pH1,4/1/26 13:06,8.15,25.06,-74.1
pH1,4/1/26 13:07,8.14,25.04,-73.28
pH1,4/1/26 13:08,8.12,24.97,-72.17
pH1,4/1/26 13:09,8.12,24.94,-72.25
pH1,4/1/26 13:10,8.13,24.92,-72.69
pH1,4/1/26 13:11,8.13,24.9,-73
pH1,4/1/26 13:12,8.13,24.9,-72.6
pH1,4/1/26 13:13,8.16,24.94,-74.3
pH1,4/1/26 13:14,8.15,25.02,-74.19
pH1,4/1/26 13:15,8.14,24.97,-73.38
pH1,4/1/26 13:16,8.12,24.94,-72.31
pH1,4/1/26 13:17,8.11,24.94,-71.91
pH1,4/1/26 13:18,8.12,24.94,-72.36
pH1,4/1/26 13:19,8.14,24.97,-73.52
pH1,4/1/26 13:20,8.14,25.02,-73.64
pH1,4/1/26 13:21,8.14,25.06,-73.71
pH1,4/1/26 13:22,8.14,24.99,-73.46
pH1,4/1/26 13:23,8.14,24.97,-73.38
pH1,4/1/26 13:24,8.16,25.02,-74.52
pH1,4/1/26 13:25,8.13,24.97,-72.99
pH1,4/1/26 13:26,8.14,24.97,-73.3
pH1,4/1/26 13:27,8.14,24.99,-73.44
pH1,4/1/26 13:28,8.12,25.02,-72.55
pH1,4/1/26 13:29,8.15,25.02,-73.83
pH1,4/1/26 13:30,8.13,25.02,-72.63
pH1,4/1/26 13:31,8.11,24.97,-71.55
pH1,4/1/26 13:32,8.1,24.97,-71.38
pH1,4/1/26 13:33,8.12,24.97,-72.35
pH1,4/1/26 13:34,8.15,25.04,-73.99
pH1,4/1/26 13:35,8.16,25.04,-74.36
pH1,4/1/26 13:36,8.13,24.99,-72.72
pH1,4/1/26 13:37,8.12,24.97,-72.39
pH1,4/1/26 13:38,8.14,24.99,-73.5
pH1,4/1/26 13:39,8.13,24.97,-72.66
pH1,4/1/26 13:40,8.13,24.99,-72.86
pH1,4/1/26 13:41,8.13,24.94,-72.58
pH1,4/1/26 13:42,8.12,24.94,-72.24
pH1,4/1/26 13:43,8.13,24.92,-72.89
pH1,4/1/26 13:44,8.14,24.99,-73.6
pH1,4/1/26 13:45,8.16,25.04,-74.83
pH1,4/1/26 13:46,8.17,25.06,-75.05
pH1,4/1/26 13:47,8.18,25.11,-75.6
pH1,4/1/26 13:48,8.18,25.11,-76
pH1,4/1/26 13:49,8.19,25.16,-76.31
pH1,4/1/26 13:50,8.17,25.19,-75.36
pH1,4/1/26 13:51,8.16,25.23,-74.78
pH1,4/1/26 13:52,8.12,25.11,-72.33
pH1,4/1/26 13:53,8.12,25.06,-72.3
pH1,4/1/26 13:54,8.12,25.06,-72.1
pH1,4/1/26 13:55,8.14,25.14,-73.64
pH1,4/1/26 13:56,8.13,25.09,-72.77
pH1,4/1/26 13:57,8.13,25.06,-72.72
pH1,4/1/26 13:58,8.12,25.04,-72.33
pH1,4/1/26 13:59,8.13,25.06,-72.99
pH1,4/1/26 14:00,8.12,25.04,-72.08
pH1,4/1/26 14:01,8.11,25.04,-71.74
pH1,4/1/26 14:02,8.1,24.99,-71.24
pH1,4/1/26 14:03,8.11,24.97,-71.89
pH1,4/1/26 14:04,8.15,25.02,-73.99
pH1,4/1/26 14:05,8.17,25.06,-75.06
pH1,4/1/26 14:06,8.17,25.09,-75.19
pH1,4/1/26 14:07,8.16,25.14,-74.8
pH1,4/1/26 14:08,8.15,25.11,-73.83
pH1,4/1/26 14:09,8.15,25.06,-73.77
pH1,4/1/26 14:10,8.16,25.14,-74.52
pH1,4/1/26 14:11,8.17,25.14,-74.94
pH1,4/1/26 14:12,8.17,25.11,-75.02
pH1,4/1/26 14:13,8.13,25.06,-73.02
pH1,4/1/26 14:14,8.12,25.02,-72
pH1,4/1/26 14:15,8.12,25.02,-72.19
pH1,4/1/26 14:16,8.12,24.99,-72.06
pH1,4/1/26 14:17,8.14,25.02,-73.71
pH1,4/1/26 14:18,8.15,25.04,-74.17
pH1,4/1/26 14:19,8.17,25.11,-75.14
pH1,4/1/26 14:20,8.17,25.11,-75.25
pH1,4/1/26 14:21,8.18,25.16,-75.81
pH1,4/1/26 14:22,8.18,25.16,-75.52
pH1,4/1/26 14:23,8.16,25.11,-74.49
pH1,4/1/26 14:24,8.16,25.16,-74.89
pH1,4/1/26 14:25,8.15,25.14,-74.05
pH1,4/1/26 14:26,8.15,25.16,-74.05
pH1,4/1/26 14:27,8.13,25.16,-72.85
pH1,4/1/26 14:28,8.16,25.14,-74.46
pH1,4/1/26 14:29,8.13,25.06,-72.78
pH1,4/1/26 14:30,8.14,25.04,-73.38
pH1,4/1/26 14:31,8.15,25.06,-73.8
pH1,4/1/26 14:32,8.17,25.11,-75.25
pH1,4/1/26 14:33,8.15,25.11,-73.8
pH1,4/1/26 14:34,8.14,25.06,-73.67
pH1,4/1/26 14:35,8.13,25.09,-73.02
pH1,4/1/26 14:36,8.15,25.14,-74.3
pH1,4/1/26 14:37,8.16,25.14,-74.58
pH1,4/1/26 14:38,8.16,25.14,-74.35
pH1,4/1/26 14:39,8.14,25.11,-73.61
pH1,4/1/26 14:40,8.17,25.14,-75.03
pH1,4/1/26 14:41,8.16,25.16,-74.53
pH1,4/1/26 14:42,8.16,25.16,-74.8
pH1,4/1/26 14:43,8.17,25.21,-75.42
pH1,4/1/26 14:44,8.19,25.21,-76.35
pH1,4/1/26 14:45,8.17,25.21,-75.3
pH1,4/1/26 14:46,8.17,25.19,-75.08
pH1,4/1/26 14:47,8.16,25.19,-74.72
pH1,4/1/26 14:48,8.17,25.21,-75.25
pH1,4/1/26 14:49,8.18,25.23,-75.66
pH1,4/1/26 14:50,8.18,25.26,-75.77
pH1,4/1/26 14:51,8.19,25.26,-76.19
pH1,4/1/26 14:52,8.17,25.19,-75.24
pH1,4/1/26 14:53,8.18,25.23,-75.67
pH1,4/1/26 14:54,8.18,25.28,-75.86
pH1,4/1/26 14:55,8.19,25.26,-76.49
pH1,4/1/26 14:56,8.2,25.31,-76.72
pH1,4/1/26 14:57,8.2,25.33,-76.86
pH1,4/1/26 14:58,8.19,25.33,-76.53
pH1,4/1/26 14:59,8.17,25.31,-75.16
pH1,4/1/26 15:00,8.14,25.21,-73.47
pH1,4/1/26 15:01,8.13,25.19,-73.11
pH1,4/1/26 15:02,8.16,25.19,-74.53
pH1,4/1/26 15:03,8.16,25.21,-74.83
pH1,4/1/26 15:04,8.17,25.19,-75.19
pH1,4/1/26 15:05,8.16,25.16,-74.58
pH1,4/1/26 15:06,8.18,25.21,-75.8
pH1,4/1/26 15:07,8.17,25.23,-75.42
pH1,4/1/26 15:08,8.19,25.23,-76.41
pH1,4/1/26 15:09,8.19,25.23,-76.46
pH1,4/1/26 15:10,8.18,25.23,-75.58
pH1,4/1/26 15:11,8.19,25.26,-76.27
pH1,4/1/26 15:12,8.19,25.23,-76.61
pH1,4/1/26 15:13,8.18,25.23,-75.58
pH1,4/1/26 15:14,8.18,25.21,-75.52
pH1,4/1/26 15:15,8.17,25.26,-75.46
pH1,4/1/26 15:16,8.15,25.19,-74.02
pH1,4/1/26 15:17,8.11,25.11,-71.99
pH1,4/1/26 15:18,8.14,25.06,-73.63
pH1,4/1/26 15:19,8.15,25.04,-74.22
pH1,4/1/26 15:20,8.16,25.04,-74.67
pH1,4/1/26 15:21,8.16,25.04,-74.77
pH1,4/1/26 15:22,8.15,25.04,-74.11
pH1,4/1/26 15:23,8.16,25.04,-74.83
pH1,4/1/26 15:24,8.15,25.04,-74.08
pH1,4/1/26 15:25,8.17,25.09,-75.42
pH1,4/1/26 15:26,8.19,25.11,-76.35
pH1,4/1/26 15:27,8.13,25.04,-73.03
pH1,4/1/26 15:28,8.14,25.02,-73.53
pH1,4/1/26 15:29,8.17,25.04,-74.96
pH1,4/1/26 15:30,8.14,24.99,-73.5
pH1,4/1/26 15:31,8.14,24.99,-73.17
pH1,4/1/26 15:32,8.17,24.99,-75.3
pH1,4/1/26 15:33,8.2,25.02,-76.88
pH1,4/1/26 15:34,8.18,25.02,-75.97
pH1,4/1/26 15:35,8.16,24.97,-74.85
pH1,4/1/26 15:36,8.18,24.99,-75.69
pH1,4/1/26 15:37,8.2,25.04,-76.71
pH1,4/1/26 15:38,8.2,25.02,-76.67
pH1,4/1/26 15:39,8.15,24.97,-74.08
pH1,4/1/26 15:40,8.18,24.99,-75.75
pH1,4/1/26 15:41,8.19,25.02,-76.53
pH1,4/1/26 15:42,8.22,25.06,-78
pH1,4/1/26 15:43,8.2,25.06,-77.14
pH1,4/1/26 15:44,8.21,25.09,-77.64
pH1,4/1/26 15:45,8.22,25.09,-78.3
pH1,4/1/26 15:46,8.23,25.11,-78.38
pH1,4/1/26 15:47,8.21,25.11,-77.72
pH1,4/1/26 15:48,8.2,25.09,-76.77
pH1,4/1/26 15:49,8.18,25.06,-75.55
pH1,4/1/26 15:50,8.16,25.04,-74.55
pH1,4/1/26 15:51,8.16,25.04,-74.74
pH1,4/1/26 15:52,8.19,25.04,-76.33
pH1,4/1/26 15:53,8.17,24.99,-75.33
pH1,4/1/26 15:54,8.17,24.97,-75.11
pH1,4/1/26 15:55,8.18,24.97,-75.52
pH1,4/1/26 15:56,8.17,24.94,-75.13
pH1,4/1/26 15:57,8.17,24.92,-75.11
pH1,4/1/26 15:58,8.2,24.94,-76.99
pH1,4/1/26 15:59,8.21,24.97,-77.44
pH1,4/1/26 16:00,8.21,24.99,-77.74
pH1,4/1/26 16:01,8.2,25.02,-76.94
pH1,4/1/26 16:02,8.19,25.02,-76.24
pH1,4/1/26 16:03,8.17,24.94,-74.97
pH1,4/1/26 16:04,8.18,24.94,-75.77
pH1,4/1/26 16:05,8.2,24.94,-76.67
pH1,4/1/26 16:06,8.18,24.92,-75.8
pH1,4/1/26 16:07,8.15,24.9,-73.86
pH1,4/1/26 16:08,8.14,24.85,-73.28
pH1,4/1/26 16:09,8.13,24.85,-73.1
pH1,4/1/26 16:10,8.13,24.82,-73.05
pH1,4/1/26 16:11,8.14,24.8,-73.22
pH1,4/1/26 16:12,8.14,24.77,-73.24
pH1,4/1/26 16:13,8.16,24.75,-74.28
pH1,4/1/26 16:14,8.18,24.77,-75.44
pH1,4/1/26 16:15,8.19,24.8,-76.47
pH1,4/1/26 16:16,8.2,24.82,-76.91
pH1,4/1/26 16:17,8.2,24.82,-76.58
pH1,4/1/26 16:18,8.2,24.82,-76.66
pH1,4/1/26 16:19,8.2,24.85,-76.88
pH1,4/1/26 16:20,8.21,24.87,-77.24
pH1,4/1/26 16:21,8.2,24.9,-76.77
pH1,4/1/26 16:22,8.2,24.87,-76.83
pH1,4/1/26 16:23,8.21,24.9,-77.33
pH1,4/1/26 16:24,8.19,24.87,-76.1
pH1,4/1/26 16:25,8.2,24.87,-76.75
pH1,4/1/26 16:26,8.2,24.9,-76.94
pH1,4/1/26 16:27,8.19,24.92,-76.41
pH1,4/1/26 16:28,8.15,24.87,-73.78
pH1,4/1/26 16:29,8.18,24.85,-75.92
pH1,4/1/26 16:30,8.19,24.85,-76.19
pH1,4/1/26 16:31,8.19,24.87,-76.35
pH1,4/1/26 16:32,8.17,24.85,-74.92
pH1,4/1/26 16:33,8.16,24.82,-74.33
pH1,4/1/26 16:34,7.92,24.56,-60.77
pH1,4/1/26 16:35,7.81,24.29,-54.14
pH1,4/1/26 16:36,7.68,23.98,-46.89
pH1,4/1/26 16:37,8.11,23.54,-71.27
pH1,4/1/26 16:38,8.11,24.12,-71.42
pH1,4/1/26 16:39,8.12,24.32,-71.92
pH1,4/1/26 16:40,8.12,24.39,-72.13
pH1,4/1/26 16:41,8.13,24.46,-72.6
pH1,4/1/26 16:42,8.13,24.51,-72.83
pH1,4/1/26 16:43,8.14,24.56,-73.21
pH1,4/1/26 16:44,8.14,24.58,-73.13
pH1,4/1/26 16:45,8.13,24.6,-72.89
pH1,4/1/26 16:46,8.14,24.63,-73.11
pH1,4/1/26 16:47,8.14,24.63,-73.06
pH1,4/1/26 16:48,8.13,24.63,-73.03
pH1,4/1/26 16:49,8.13,24.63,-72.8
pH1,4/1/26 16:50,8.13,24.63,-72.88
pH1,4/1/26 16:51,8.13,24.65,-72.94
pH1,4/1/26 16:52,8.13,24.63,-72.64
pH1,4/1/26 16:53,8.12,24.65,-72.42
pH1,4/1/26 16:54,8.12,24.65,-72.28
pH1,4/1/26 16:55,8.12,24.63,-72.02
pH1,4/1/26 16:56,8.12,24.6,-71.92
pH1,4/1/26 16:57,8.11,24.6,-71.8
pH1,4/1/26 16:58,8.11,24.6,-71.78
pH1,4/1/26 16:59,8.11,24.58,-71.67
pH1,4/1/26 17:00,8.11,24.58,-71.69
pH1,4/1/26 17:01,8.11,24.56,-71.63
pH1,4/1/26 17:02,8.11,24.53,-71.52
pH1,4/1/26 17:03,8.11,24.53,-71.44
pH1,4/1/26 17:04,8.11,24.53,-71.3
pH1,4/1/26 17:05,8.11,24.51,-71.3
pH1,4/1/26 17:06,8.11,24.51,-71.39
pH1,4/1/26 17:07,8.11,24.48,-71.53
pH1,4/1/26 17:08,8.11,24.48,-71.56
pH1,4/1/26 17:09,8.11,24.48,-71.53
pH1,4/1/26 17:10,8.11,24.48,-71.52
pH1,4/1/26 17:11,8.11,24.48,-71.71
pH1,4/1/26 17:12,8.11,24.46,-71.5
pH1,4/1/26 17:13,8.11,24.46,-71.42
pH1,4/1/26 17:14,8.11,24.46,-71.42
pH1,4/1/26 17:15,8.11,24.46,-71.52
pH1,4/1/26 17:16,8.11,24.46,-71.56
pH1,4/1/26 17:17,8.11,24.46,-71.6
pH1,4/1/26 17:18,8.11,24.46,-71.78
pH1,4/1/26 17:19,8.12,24.46,-71.86
pH1,4/1/26 17:20,8.11,24.46,-71.81
pH1,4/1/26 17:21,8.11,24.48,-71.69
pH1,4/1/26 17:22,8.11,24.48,-71.67
pH1,4/1/26 17:23,8.11,24.48,-71.52
pH1,4/1/26 17:24,8.11,24.48,-71.49
pH1,4/1/26 17:25,8.11,24.48,-71.39
pH1,4/1/26 17:26,8.11,24.48,-71.39
pH1,4/1/26 17:27,8.11,24.46,-71.41
pH1,4/1/26 17:28,8.11,24.48,-71.38
pH1,4/1/26 17:29,8.1,24.48,-71.28
pH1,4/1/26 17:30,8.11,24.48,-71.36
pH1,4/1/26 17:31,8.11,24.48,-71.5
pH1,4/1/26 17:32,8.11,24.46,-71.55
pH1,4/1/26 17:33,8.11,24.48,-71.49
pH1,4/1/26 17:34,8.1,24.48,-71.28
pH1,4/1/26 17:35,8.1,24.46,-71.17
pH1,4/1/26 17:36,8.1,24.46,-71.27
pH1,4/1/26 17:37,8.11,24.46,-71.3
pH1,4/1/26 17:38,8.1,24.46,-71.22
pH1,4/1/26 17:39,8.11,24.46,-71.28
pH1,4/1/26 17:40,8.11,24.46,-71.3
pH1,4/1/26 17:41,8.11,24.44,-71.42
pH1,4/1/26 17:42,8.11,24.44,-71.42
pH1,4/1/26 17:43,8.11,24.44,-71.53
pH1,4/1/26 17:44,8.11,24.44,-71.71
pH1,4/1/26 17:45,8.11,24.46,-71.58
pH1,4/1/26 17:46,8.11,24.44,-71.44
pH1,4/1/26 17:47,8.11,24.46,-71.46
pH1,4/1/26 17:48,8.11,24.46,-71.49
pH1,4/1/26 17:49,8.11,24.46,-71.49
pH1,4/1/26 17:50,8.11,24.46,-71.41
pH1,4/1/26 17:51,8.1,24.46,-71.24
pH1,4/1/26 17:52,8.11,24.46,-71.3
pH1,4/1/26 17:53,8.1,24.46,-71.24
pH1,4/1/26 17:54,8.1,24.48,-71.08
pH1,4/1/26 17:55,8.1,24.46,-71.1
pH1,4/1/26 17:56,8.1,24.46,-71.08
pH1,4/1/26 17:57,8.1,24.46,-71.02
pH1,4/1/26 17:58,8.1,24.46,-71
pH1,4/1/26 17:59,8.1,24.48,-70.96
pH1,4/1/26 18:00,8.1,24.48,-71.08
pH1,4/1/26 18:01,8.1,24.48,-71.21
pH1,4/1/26 18:02,8.11,24.48,-71.35
pH1,4/1/26 18:03,8.11,24.48,-71.47
pH1,4/1/26 18:04,8.11,24.48,-71.49
pH1,4/1/26 18:05,8.11,24.48,-71.46
pH1,4/1/26 18:06,8.11,24.48,-71.3
pH1,4/1/26 18:07,8.1,24.48,-71.19
pH1,4/1/26 18:08,8.1,24.48,-71.03
pH1,4/1/26 18:09,8.1,24.48,-70.86
pH1,4/1/26 18:10,8.1,24.48,-70.75
pH1,4/1/26 18:11,8.09,24.48,-70.67
pH1,4/1/26 18:12,8.09,24.48,-70.55
pH1,4/1/26 18:13,8.09,24.48,-70.46
pH1,4/1/26 18:14,8.09,24.48,-70.38
pH1,4/1/26 18:15,8.09,24.48,-70.3
pH1,4/1/26 18:16,8.09,24.48,-70.17
pH1,4/1/26 18:17,8.08,24.46,-70.06
pH1,4/1/26 18:18,8.08,24.46,-70.02
pH1,4/1/26 18:19,8.08,24.44,-69.99
pH1,4/1/26 18:20,8.08,24.44,-69.96
pH1,4/1/26 18:21,8.08,24.41,-69.92
pH1,4/1/26 18:22,8.08,24.41,-69.89
pH1,4/1/26 18:23,8.08,24.39,-69.85
pH1,4/1/26 18:24,8.08,24.36,-69.83
pH1,4/1/26 18:25,8.08,24.36,-69.78
pH1,4/1/26 18:26,8.08,24.36,-69.74
pH1,4/1/26 18:27,8.08,24.36,-69.72
pH1,4/1/26 18:28,8.08,24.34,-69.71
pH1,4/1/26 18:29,8.08,24.36,-69.67
pH1,4/1/26 18:30,8.08,24.34,-69.66
pH1,4/1/26 18:31,8.08,24.36,-69.61
pH1,4/1/26 18:32,8.08,24.34,-69.56
pH1,4/1/26 18:33,8.07,24.34,-69.52
pH1,4/1/26 18:34,8.07,24.36,-69.46
pH1,4/1/26 18:35,8.07,24.36,-69.35
pH1,4/1/26 18:36,8.07,24.36,-69.35
pH1,4/1/26 18:37,8.07,24.36,-69.36
pH1,4/1/26 18:38,8.07,24.36,-69.31
pH1,4/1/26 18:39,8.07,24.36,-69.31
pH1,4/1/26 18:40,8.07,24.36,-69.28
pH1,4/1/26 18:41,8.07,24.36,-69.24
pH1,4/1/26 18:42,8.07,24.36,-69.17
pH1,4/1/26 18:43,8.07,24.36,-69.11
pH1,4/1/26 18:44,8.07,24.36,-69
pH1,4/1/26 18:45,8.07,24.36,-68.97
pH1,4/1/26 18:46,8.07,24.36,-68.97
pH1,4/1/26 18:47,8.07,24.36,-68.99
pH1,4/1/26 18:48,8.07,24.36,-69
pH1,4/1/26 18:49,8.07,24.36,-69.06
pH1,4/1/26 18:50,8.07,24.36,-69.02
pH1,4/1/26 18:51,8.07,24.36,-69.06
pH1,4/1/26 18:52,8.07,24.36,-69.02
pH1,4/1/26 18:53,8.07,24.36,-69.02
pH1,4/1/26 18:54,8.07,24.36,-68.99
pH1,4/1/26 18:55,8.07,24.36,-69
pH1,4/1/26 18:56,8.07,24.34,-69.02
pH1,4/1/26 18:57,8.07,24.34,-68.96
pH1,4/1/26 18:58,8.06,24.34,-68.81
pH1,4/1/26 18:59,8.06,24.34,-68.77
pH1,4/1/26 19:00,8.06,24.34,-68.72
pH1,4/1/26 19:01,8.06,24.34,-68.71
pH1,4/1/26 19:02,8.06,24.34,-68.72
pH1,4/1/26 19:03,8.06,24.34,-68.77
pH1,4/1/26 19:04,8.06,24.34,-68.74
pH1,4/1/26 19:05,8.06,24.34,-68.72
pH1,4/1/26 19:06,8.06,24.34,-68.74
pH1,4/1/26 19:07,8.06,24.34,-68.69
pH1,4/1/26 19:08,8.06,24.34,-68.52
pH1,4/1/26 19:09,8.06,24.34,-68.46
pH1,4/1/26 19:10,8.06,24.34,-68.5
pH1,4/1/26 19:11,8.05,24.34,-68.36
pH1,4/1/26 19:12,8.05,24.34,-68.36
pH1,4/1/26 19:13,8.06,24.34,-68.47
pH1,4/1/26 19:14,8.06,24.36,-68.42
pH1,4/1/26 19:15,8.06,24.36,-68.41
pH1,4/1/26 19:16,8.06,24.36,-68.41
pH1,4/1/26 19:17,8.06,24.36,-68.41
pH1,4/1/26 19:18,8.06,24.36,-68.41
pH1,4/1/26 19:19,8.06,24.36,-68.46
pH1,4/1/26 19:20,8.06,24.36,-68.46
pH1,4/1/26 19:21,8.06,24.36,-68.49
pH1,4/1/26 19:22,8.06,24.36,-68.42
pH1,4/1/26 19:23,8.05,24.36,-68.36
pH1,4/1/26 19:24,8.05,24.36,-68.35
pH1,4/1/26 19:25,8.06,24.36,-68.39
pH1,4/1/26 19:26,8.05,24.36,-68.27
pH1,4/1/26 19:27,8.05,24.39,-68.24
pH1,4/1/26 19:28,8.05,24.36,-68.21
pH1,4/1/26 19:29,8.05,24.36,-68.28
pH1,4/1/26 19:30,8.05,24.36,-68.22
pH1,4/1/26 19:31,8.05,24.41,-68
pH1,4/1/26 19:32,8.05,24.39,-68.06
pH1,4/1/26 19:33,8.05,24.41,-68.16
pH1,4/1/26 19:34,8.05,24.41,-68.21
pH1,4/1/26 19:35,8.05,24.41,-68.25
pH1,4/1/26 19:36,8.05,24.39,-68.28
pH1,4/1/26 19:37,8.06,24.39,-68.42
pH1,4/1/26 19:38,8.06,24.39,-68.39
pH1,4/1/26 19:39,8.06,24.39,-68.42
pH1,4/1/26 19:40,8.06,24.39,-68.44
pH1,4/1/26 19:41,8.06,24.39,-68.44
pH1,4/1/26 19:42,8.06,24.36,-68.44
pH1,4/1/26 19:43,8.06,24.36,-68.39
pH1,4/1/26 19:44,8.05,24.36,-68.33
pH1,4/1/26 19:45,8.05,24.36,-68.3
pH1,4/1/26 19:46,8.05,24.34,-68.27
pH1,4/1/26 19:47,8.05,24.36,-68.28
pH1,4/1/26 19:48,8.05,24.36,-68.33
pH1,4/1/26 19:49,8.05,24.34,-68.36
pH1,4/1/26 19:50,8.05,24.32,-68.28
pH1,4/1/26 19:51,8.06,24.32,-68.38
pH1,4/1/26 19:52,8.05,24.32,-68.36
pH1,4/1/26 19:53,8.05,24.32,-68.35
pH1,4/1/26 19:54,8.05,24.29,-68.21
pH1,4/1/26 19:55,8.05,24.29,-68.14
pH1,4/1/26 19:56,8.05,24.29,-68.11
pH1,4/1/26 19:57,8.05,24.29,-67.97
pH1,4/1/26 19:58,8.05,24.29,-67.86
pH1,4/1/26 19:59,8.04,24.32,-67.69
pH1,4/1/26 20:00,8.04,24.32,-67.55
pH1,4/1/26 20:01,8.04,24.32,-67.58
pH1,4/1/26 20:02,8.04,24.29,-67.56
pH1,4/1/26 20:03,8.04,24.29,-67.44
pH1,4/1/26 20:04,8.04,24.29,-67.56
pH1,4/1/26 20:05,8.04,24.32,-67.47
pH1,4/1/26 20:06,8.04,24.32,-67.53
pH1,4/1/26 20:07,8.04,24.32,-67.5
pH1,4/1/26 20:08,8.04,24.32,-67.6
pH1,4/1/26 20:09,8.04,24.32,-67.72
pH1,4/1/26 20:10,8.04,24.32,-67.66
pH1,4/1/26 20:11,8.04,24.32,-67.69
pH1,4/1/26 20:12,8.04,24.32,-67.75
pH1,4/1/26 20:13,8.04,24.32,-67.77
pH1,4/1/26 20:14,8.05,24.34,-67.85
pH1,4/1/26 20:15,8.05,24.32,-67.92
pH1,4/1/26 20:16,8.05,24.34,-67.94
pH1,4/1/26 20:17,8.05,24.32,-67.92
pH1,4/1/26 20:18,8.05,24.32,-67.99
pH1,4/1/26 20:19,8.05,24.32,-67.97
pH1,4/1/26 20:20,8.05,24.29,-67.94
pH1,4/1/26 20:21,8.05,24.29,-67.89
pH1,4/1/26 20:22,8.05,24.29,-67.89
pH1,4/1/26 20:23,8.05,24.29,-67.92
pH1,4/1/26 20:24,8.05,24.29,-67.85
pH1,4/1/26 20:25,8.05,24.27,-67.85
pH1,4/1/26 20:26,8.04,24.27,-67.67
pH1,4/1/26 20:27,8.04,24.27,-67.61
pH1,4/1/26 20:28,8.04,24.27,-67.6
pH1,4/1/26 20:29,8.04,24.27,-67.5
pH1,4/1/26 20:30,8.04,24.27,-67.46
pH1,4/1/26 20:31,8.04,24.27,-67.38
pH1,4/1/26 20:32,8.04,24.27,-67.3
pH1,4/1/26 20:33,8.04,24.27,-67.49
pH1,4/1/26 20:34,8.04,24.27,-67.6
pH1,4/1/26 20:35,8.04,24.27,-67.72
pH1,4/1/26 20:36,8.05,24.27,-67.78
pH1,4/1/26 20:37,8.04,24.24,-67.75
pH1,4/1/26 20:38,8.04,24.24,-67.71
pH1,4/1/26 20:39,8.04,24.24,-67.67
pH1,4/1/26 20:40,8.05,24.24,-67.78
pH1,4/1/26 20:41,8.04,24.24,-67.64
pH1,4/1/26 20:42,8.04,24.24,-67.58
pH1,4/1/26 20:43,8.04,24.24,-67.71
pH1,4/1/26 20:44,8.05,24.24,-67.89
pH1,4/1/26 20:45,8.05,24.24,-67.78
pH1,4/1/26 20:46,8.04,24.27,-67.67
pH1,4/1/26 20:47,8.04,24.27,-67.71
pH1,4/1/26 20:48,8.04,24.27,-67.71
pH1,4/1/26 20:49,8.04,24.27,-67.56
pH1,4/1/26 20:50,8.04,24.27,-67.46
pH1,4/1/26 20:51,8.04,24.27,-67.33
pH1,4/1/26 20:52,8.04,24.27,-67.39
pH1,4/1/26 20:53,8.04,24.27,-67.41
pH1,4/1/26 20:54,8.04,24.27,-67.52
pH1,4/1/26 20:55,8.04,24.27,-67.46
pH1,4/1/26 20:56,8.04,24.27,-67.56
pH1,4/1/26 20:57,8.04,24.27,-67.63
pH1,4/1/26 20:58,8.04,24.27,-67.72
pH1,4/1/26 20:59,8.05,24.27,-68.14
pH1,4/1/26 21:00,8.06,24.27,-68.38
pH1,4/1/26 21:01,8.05,24.27,-68.22
pH1,4/1/26 21:02,8.05,24.27,-68.13
pH1,4/1/26 21:03,8.05,24.27,-68.06
pH1,4/1/26 21:04,8.05,24.27,-67.92
pH1,4/1/26 21:05,8.05,24.27,-67.83
pH1,4/1/26 21:06,8.04,24.27,-67.77
pH1,4/1/26 21:07,8.05,24.27,-67.78
pH1,4/1/26 21:08,8.05,24.32,-67.8
pH1,4/1/26 21:09,8.04,24.32,-67.77
pH1,4/1/26 21:10,8.04,24.32,-67.78
pH1,4/1/26 21:11,8.04,24.32,-67.75
pH1,4/1/26 21:12,8.05,24.32,-67.81
pH1,4/1/26 21:13,8.05,24.32,-67.81
pH1,4/1/26 21:14,8.05,24.29,-67.85
pH1,4/1/26 21:15,8.05,24.27,-67.81
pH1,4/1/26 21:16,8.05,24.27,-67.83
pH1,4/1/26 21:17,8.04,24.27,-67.72
pH1,4/1/26 21:18,8.04,24.27,-67.71
pH1,4/1/26 21:19,8.04,24.29,-67.69
pH1,4/1/26 21:20,8.04,24.27,-67.75
pH1,4/1/26 21:21,8.05,24.27,-67.83
pH1,4/1/26 21:22,8.04,24.29,-67.72
pH1,4/1/26 21:23,8.04,24.27,-67.72
pH1,4/1/26 21:24,8.04,24.27,-67.64
pH1,4/1/26 21:25,8.04,24.27,-67.64
pH1,4/1/26 21:26,8.04,24.27,-67.53
pH1,4/1/26 21:27,8.04,24.27,-67.46
pH1,4/1/26 21:28,8.04,24.27,-67.49
pH1,4/1/26 21:29,8.04,24.27,-67.46
pH1,4/1/26 21:30,8.04,24.27,-67.5
pH1,4/1/26 21:31,8.04,24.27,-67.53
pH1,4/1/26 21:32,8.04,24.27,-67.56
pH1,4/1/26 21:33,8.04,24.24,-67.61
pH1,4/1/26 21:34,8.04,24.24,-67.52
pH1,4/1/26 21:35,8.04,24.24,-67.52
pH1,4/1/26 21:36,8.04,24.24,-67.63
pH1,4/1/26 21:37,8.04,24.24,-67.64
pH1,4/1/26 21:38,8.04,24.22,-67.6
pH1,4/1/26 21:39,8.04,24.22,-67.5
pH1,4/1/26 21:40,8.04,24.22,-67.47
pH1,4/1/26 21:41,8.04,24.22,-67.49
pH1,4/1/26 21:42,8.04,24.22,-67.39
pH1,4/1/26 21:43,8.04,24.22,-67.49
pH1,4/1/26 21:44,8.04,24.22,-67.3
pH1,4/1/26 21:45,8.03,24.24,-67.19
pH1,4/1/26 21:46,8.04,24.24,-67.33
pH1,4/1/26 21:47,8.04,24.24,-67.49
pH1,4/1/26 21:48,8.04,24.24,-67.46
pH1,4/1/26 21:49,8.04,24.24,-67.49
pH1,4/1/26 21:50,8.04,24.22,-67.53
pH1,4/1/26 21:51,8.04,24.22,-67.66
pH1,4/1/26 21:52,8.04,24.19,-67.72
pH1,4/1/26 21:53,8.04,24.19,-67.61
pH1,4/1/26 21:54,8.04,24.19,-67.6
pH1,4/1/26 21:55,8.04,24.17,-67.56
pH1,4/1/26 21:56,8.04,24.15,-67.53
pH1,4/1/26 21:57,8.04,24.15,-67.53
pH1,4/1/26 21:58,8.04,24.15,-67.55
pH1,4/1/26 21:59,8.04,24.15,-67.49
pH1,4/1/26 22:00,8.04,24.15,-67.44
pH1,4/1/26 22:01,8.04,24.15,-67.35
pH1,4/1/26 22:02,8.04,24.15,-67.27
pH1,4/1/26 22:03,8.04,24.15,-67.22
pH1,4/1/26 22:04,8.03,24.15,-67.17
pH1,4/1/26 22:05,8.03,24.15,-67.13
pH1,4/1/26 22:06,8.03,24.15,-67.08
pH1,4/1/26 22:07,8.03,24.15,-67.02
pH1,4/1/26 22:08,8.03,24.15,-67.02
pH1,4/1/26 22:09,8.03,24.15,-67
pH1,4/1/26 22:10,8.03,24.15,-67
pH1,4/1/26 22:11,8.03,24.15,-66.86
pH1,4/1/26 22:12,8.03,24.15,-66.81
pH1,4/1/26 22:13,8.03,24.15,-66.89
pH1,4/1/26 22:14,8.03,24.15,-66.99
pH1,4/1/26 22:15,8.03,24.15,-67.02
pH1,4/1/26 22:16,8.03,24.15,-66.89
pH1,4/1/26 22:17,8.03,24.15,-66.86
pH1,4/1/26 22:18,8.03,24.15,-66.75
pH1,4/1/26 22:19,8.03,24.15,-66.63
pH1,4/1/26 22:20,8.03,24.15,-66.61
pH1,4/1/26 22:21,8.03,24.15,-66.69
pH1,4/1/26 22:22,8.03,24.15,-66.78
pH1,4/1/26 22:23,8.03,24.15,-66.78
pH1,4/1/26 22:24,8.03,24.15,-66.77
pH1,4/1/26 22:25,8.03,24.17,-66.83
pH1,4/1/26 22:26,8.03,24.17,-66.8
pH1,4/1/26 22:27,8.03,24.17,-66.78
pH1,4/1/26 22:28,8.03,24.17,-66.78
pH1,4/1/26 22:29,8.03,24.17,-66.71
pH1,4/1/26 22:30,8.03,24.17,-66.66
pH1,4/1/26 22:31,8.03,24.17,-66.74
pH1,4/1/26 22:32,8.03,24.17,-66.75
pH1,4/1/26 22:33,8.03,24.17,-66.78
pH1,4/1/26 22:34,8.03,24.17,-66.74
pH1,4/1/26 22:35,8.03,24.19,-66.71
pH1,4/1/26 22:36,8.03,24.19,-66.71
pH1,4/1/26 22:37,8.03,24.19,-66.74
pH1,4/1/26 22:38,8.03,24.19,-66.71
pH1,4/1/26 22:39,8.03,24.19,-66.78
pH1,4/1/26 22:40,8.03,24.19,-66.83
pH1,4/1/26 22:41,8.03,24.19,-66.92
pH1,4/1/26 22:42,8.03,24.19,-66.92
pH1,4/1/26 22:43,8.03,24.19,-66.89
pH1,4/1/26 22:44,8.03,24.19,-66.8
pH1,4/1/26 22:45,8.02,24.17,-66.6
pH1,4/1/26 22:46,8.02,24.17,-66.47
pH1,4/1/26 22:47,8.02,24.17,-66.39
pH1,4/1/26 22:48,8.02,24.17,-66.41
pH1,4/1/26 22:49,8.02,24.17,-66.35
pH1,4/1/26 22:50,8.02,24.17,-66.3
pH1,4/1/26 22:51,8.02,24.17,-66.28
pH1,4/1/26 22:52,8.02,24.17,-66.31
pH1,4/1/26 22:53,8.02,24.17,-66.31
pH1,4/1/26 22:54,8.02,24.17,-66.39
pH1,4/1/26 22:55,8.03,24.17,-66.61
pH1,4/1/26 22:56,8.03,24.17,-66.71
pH1,4/1/26 22:57,8.02,24.17,-66.53
pH1,4/1/26 22:58,8.02,24.17,-66.46
pH1,4/1/26 22:59,8.02,24.17,-66.42
pH1,4/1/26 23:00,8.02,24.17,-66.41
pH1,4/1/26 23:01,8.02,24.17,-66.28
pH1,4/1/26 23:02,8.02,24.17,-66.33
pH1,4/1/26 23:03,8.02,24.17,-66.47
pH1,4/1/26 23:04,8.02,24.17,-66.58
pH1,4/1/26 23:05,8.02,24.15,-66.6
pH1,4/1/26 23:06,8.02,24.15,-66.53
pH1,4/1/26 23:07,8.02,24.15,-66.6
pH1,4/1/26 23:08,8.02,24.15,-66.56
pH1,4/1/26 23:09,8.02,24.15,-66.55
pH1,4/1/26 23:10,8.02,24.15,-66.5
pH1,4/1/26 23:11,8.02,24.15,-66.53
pH1,4/1/26 23:12,8.02,24.15,-66.53
pH1,4/1/26 23:13,8.02,24.15,-66.55
pH1,4/1/26 23:14,8.02,24.15,-66.52
pH1,4/1/26 23:15,8.02,24.15,-66.47
pH1,4/1/26 23:16,8.02,24.15,-66.42
pH1,4/1/26 23:17,8.02,24.15,-66.56
pH1,4/1/26 23:18,8.03,24.15,-66.66
pH1,4/1/26 23:19,8.02,24.15,-66.53
pH1,4/1/26 23:20,8.02,24.15,-66.6
pH1,4/1/26 23:21,8.03,24.12,-66.66
pH1,4/1/26 23:22,8.02,24.12,-66.47
pH1,4/1/26 23:23,8.02,24.12,-66.42
pH1,4/1/26 23:24,8.02,24.12,-66.56
pH1,4/1/26 23:25,8.02,24.12,-66.55
pH1,4/1/26 23:26,8.02,24.1,-66.47
pH1,4/1/26 23:27,8.02,24.1,-66.46
pH1,4/1/26 23:28,8.02,24.1,-66.38
pH1,4/1/26 23:29,8.02,24.1,-66.31
pH1,4/1/26 23:30,8.02,24.1,-66.3
pH1,4/1/26 23:31,8.02,24.1,-66.28
pH1,4/1/26 23:32,8.02,24.1,-66.44
pH1,4/1/26 23:33,8.02,24.1,-66.5
pH1,4/1/26 23:34,8.02,24.1,-66.47
pH1,4/1/26 23:35,8.02,24.1,-66.38
pH1,4/1/26 23:36,8.02,24.07,-66.31
pH1,4/1/26 23:37,8.02,24.07,-66.28
pH1,4/1/26 23:38,8.02,24.07,-66.25
pH1,4/1/26 23:39,8.02,24.07,-66.27
pH1,4/1/26 23:40,8.02,24.07,-66.24
pH1,4/1/26 23:41,8.02,24.07,-66.22
pH1,4/1/26 23:42,8.02,24.07,-66.24
pH1,4/1/26 23:43,8.02,24.07,-66.22
pH1,4/1/26 23:44,8.02,24.07,-66.17
pH1,4/1/26 23:45,8.02,24.07,-66.06
pH1,4/1/26 23:46,8.02,24.05,-66.02
pH1,4/1/26 23:47,8.01,24.05,-65.99
pH1,4/1/26 23:48,8.01,24.05,-66
pH1,4/1/26 23:49,8.01,24.05,-65.96
pH1,4/1/26 23:50,8.01,24.05,-65.97
pH1,4/1/26 23:51,8.01,24.05,-65.89
pH1,4/1/26 23:52,8.01,24.05,-65.92
pH1,4/1/26 23:53,8.01,24.05,-65.97
pH1,4/1/26 23:54,8.02,24.03,-66.02
pH1,4/1/26 23:55,8.02,24.03,-66.02
pH1,4/1/26 23:56,8.01,24.03,-65.94
pH1,4/1/26 23:57,8.01,24.03,-65.91
pH1,4/1/26 23:58,8.01,24.03,-65.86
pH1,4/1/26 23:59,8.01,24.03,-65.83
pH1,4/2/26 0:00,8.01,24.03,-65.85
pH1,4/2/26 0:01,8.01,24.03,-65.75
pH1,4/2/26 0:02,8.01,24.03,-65.64
pH1,4/2/26 0:03,8.01,24.03,-65.63
pH1,4/2/26 0:04,8.01,24.03,-65.71
pH1,4/2/26 0:05,8.01,24.03,-65.75
pH1,4/2/26 0:06,8.01,24.03,-65.8
pH1,4/2/26 0:07,8.01,24.03,-65.8
pH1,4/2/26 0:08,8.01,24.03,-65.89
pH1,4/2/26 0:09,8.01,24.03,-65.99
pH1,4/2/26 0:10,8.01,24.03,-65.97
pH1,4/2/26 0:11,8.01,24.03,-65.85
pH1,4/2/26 0:12,8.01,24.03,-65.83
pH1,4/2/26 0:13,8.01,24.03,-65.85
pH1,4/2/26 0:14,8.01,24.03,-65.86
pH1,4/2/26 0:15,8.01,24,-65.83
pH1,4/2/26 0:16,8.01,24,-65.83
pH1,4/2/26 0:17,8.01,24,-65.92
pH1,4/2/26 0:18,8.01,24,-65.97
pH1,4/2/26 0:19,8.02,24,-66.08
pH1,4/2/26 0:20,8.02,24,-66.22
pH1,4/2/26 0:21,8.02,24,-66.17
pH1,4/2/26 0:22,8.02,23.98,-66.11
pH1,4/2/26 0:23,8.02,23.98,-66.1
pH1,4/2/26 0:24,8.02,23.98,-66.13
pH1,4/2/26 0:25,8.02,23.98,-66.05
pH1,4/2/26 0:26,8.02,23.98,-66.1
pH1,4/2/26 0:27,8.02,23.98,-66.05
pH1,4/2/26 0:28,8.02,23.95,-66.03
pH1,4/2/26 0:29,8.02,23.95,-66.05
pH1,4/2/26 0:30,8.02,23.95,-66.06
pH1,4/2/26 0:31,8.02,23.95,-66.05
pH1,4/2/26 0:32,8.02,23.95,-66
pH1,4/2/26 0:33,8.01,23.95,-65.94
pH1,4/2/26 0:34,8.01,23.95,-65.81
pH1,4/2/26 0:35,8.01,23.95,-65.86
pH1,4/2/26 0:36,8.01,23.95,-65.91
pH1,4/2/26 0:37,8.01,23.95,-65.86
pH1,4/2/26 0:38,8.01,23.95,-65.85
pH1,4/2/26 0:39,8.01,23.95,-65.85
pH1,4/2/26 0:40,8.01,23.98,-65.8
pH1,4/2/26 0:41,8.01,23.95,-65.74
pH1,4/2/26 0:42,8.01,23.98,-65.72
pH1,4/2/26 0:43,8.01,23.98,-65.64
pH1,4/2/26 0:44,8.01,23.98,-65.63
pH1,4/2/26 0:45,8.01,23.98,-65.66
pH1,4/2/26 0:46,8.01,23.98,-65.81
pH1,4/2/26 0:47,8.01,23.98,-65.85
pH1,4/2/26 0:48,8.01,23.98,-65.77
pH1,4/2/26 0:49,8.01,23.98,-65.66
pH1,4/2/26 0:50,8.01,23.98,-65.75
pH1,4/2/26 0:51,8.01,23.98,-65.8
pH1,4/2/26 0:52,8.01,23.98,-65.8
pH1,4/2/26 0:53,8.01,23.98,-65.64
pH1,4/2/26 0:54,8.01,23.98,-65.66
pH1,4/2/26 0:55,8.01,23.98,-65.67
pH1,4/2/26 0:56,8.01,23.98,-65.69
pH1,4/2/26 0:57,8.01,23.98,-65.74
pH1,4/2/26 0:58,8.01,23.98,-65.67
pH1,4/2/26 0:59,8.01,23.98,-65.77
pH1,4/2/26 1:00,8.01,23.98,-65.88
pH1,4/2/26 1:01,8.01,23.98,-65.88
pH1,4/2/26 1:02,8.01,23.98,-65.86
pH1,4/2/26 1:03,8.01,23.98,-65.78
pH1,4/2/26 1:04,8.01,23.98,-65.8
pH1,4/2/26 1:05,8.01,23.98,-65.75
pH1,4/2/26 1:06,8.01,23.98,-65.8
pH1,4/2/26 1:07,8.01,23.98,-65.86
pH1,4/2/26 1:08,8.01,23.98,-65.8
pH1,4/2/26 1:09,8.01,23.98,-65.89
pH1,4/2/26 1:10,8.01,23.98,-65.88
pH1,4/2/26 1:11,8.01,23.95,-65.91
pH1,4/2/26 1:12,8.01,23.95,-65.83
pH1,4/2/26 1:13,8.01,23.95,-65.75
pH1,4/2/26 1:14,8.01,23.95,-65.83
pH1,4/2/26 1:15,8.01,23.95,-65.89
pH1,4/2/26 1:16,8.01,23.95,-65.75
pH1,4/2/26 1:17,8.01,23.95,-65.74
pH1,4/2/26 1:18,8.01,23.95,-65.8
pH1,4/2/26 1:19,8.01,23.95,-65.69
pH1,4/2/26 1:20,8.01,23.95,-65.78
pH1,4/2/26 1:21,8.01,23.95,-65.78
pH1,4/2/26 1:22,8.01,23.95,-65.8
pH1,4/2/26 1:23,8.01,23.93,-65.91
pH1,4/2/26 1:24,8.01,23.93,-65.92
pH1,4/2/26 1:25,8.02,23.93,-66.03
pH1,4/2/26 1:26,8.02,23.93,-66.1
pH1,4/2/26 1:27,8.02,23.93,-66.13
pH1,4/2/26 1:28,8.02,23.93,-66.13
pH1,4/2/26 1:29,8.02,23.93,-66.13
pH1,4/2/26 1:30,8.02,23.93,-66.11
pH1,4/2/26 1:31,8.02,23.91,-66.14
pH1,4/2/26 1:32,8.02,23.91,-66.21
pH1,4/2/26 1:33,8.02,23.91,-66.21
pH1,4/2/26 1:34,8.02,23.91,-66.14
pH1,4/2/26 1:35,8.02,23.91,-66.06
pH1,4/2/26 1:36,8.02,23.91,-66.08
pH1,4/2/26 1:37,8.02,23.91,-66
pH1,4/2/26 1:38,8.02,23.91,-66.05
pH1,4/2/26 1:39,8.02,23.91,-66.02
pH1,4/2/26 1:40,8.02,23.91,-66.02
pH1,4/2/26 1:41,8.01,23.91,-65.96
pH1,4/2/26 1:42,8.01,23.91,-65.94
pH1,4/2/26 1:43,8.01,23.91,-65.97
pH1,4/2/26 1:44,8.02,23.91,-66.02
pH1,4/2/26 1:45,8.02,23.91,-66.08
pH1,4/2/26 1:46,8.02,23.91,-66.17
pH1,4/2/26 1:47,8.02,23.91,-66.16
pH1,4/2/26 1:48,8.02,23.91,-66.28
pH1,4/2/26 1:49,8.02,23.91,-66.38
pH1,4/2/26 1:50,8.02,23.88,-66.42
pH1,4/2/26 1:51,8.02,23.88,-66.35
pH1,4/2/26 1:52,8.02,23.88,-66.3
pH1,4/2/26 1:53,8.02,23.88,-66.28
pH1,4/2/26 1:54,8.02,23.88,-66.33
pH1,4/2/26 1:55,8.02,23.88,-66.39
pH1,4/2/26 1:56,8.02,23.88,-66.44
pH1,4/2/26 1:57,8.02,23.88,-66.49
pH1,4/2/26 1:58,8.02,23.88,-66.36
pH1,4/2/26 1:59,8.02,23.88,-66.35
pH1,4/2/26 2:00,8.02,23.88,-66.22
pH1,4/2/26 2:01,8.02,23.88,-66.14
pH1,4/2/26 2:02,8.02,23.88,-66.08
pH1,4/2/26 2:03,8.02,23.88,-65.99
pH1,4/2/26 2:04,8.01,23.88,-65.96
pH1,4/2/26 2:05,8.02,23.88,-66.06
pH1,4/2/26 2:06,8.02,23.88,-66.02
pH1,4/2/26 2:07,8.02,23.88,-66.02
pH1,4/2/26 2:08,8.02,23.88,-66.19
pH1,4/2/26 2:09,8.02,23.88,-66.22
pH1,4/2/26 2:10,8.02,23.88,-66.14
pH1,4/2/26 2:11,8.02,23.88,-66.25
pH1,4/2/26 2:12,8.02,23.88,-66.25
pH1,4/2/26 2:13,8.02,23.88,-66.21
pH1,4/2/26 2:14,8.02,23.88,-66.27
pH1,4/2/26 2:15,8.02,23.88,-66.16
pH1,4/2/26 2:16,8.02,23.88,-66.06
pH1,4/2/26 2:17,8.02,23.88,-66.03
pH1,4/2/26 2:18,8.02,23.88,-66.1
pH1,4/2/26 2:19,8.02,23.88,-66.08
pH1,4/2/26 2:20,8.02,23.88,-66.08
pH1,4/2/26 2:21,8.02,23.88,-66.14
pH1,4/2/26 2:22,8.02,23.88,-66.06
pH1,4/2/26 2:23,8.02,23.88,-66.13
pH1,4/2/26 2:24,8.02,23.86,-66.13
pH1,4/2/26 2:25,8.02,23.86,-66.02
pH1,4/2/26 2:26,8.01,23.86,-65.96
pH1,4/2/26 2:27,8.01,23.86,-65.89
pH1,4/2/26 2:28,8.01,23.86,-65.96
pH1,4/2/26 2:29,8.01,23.86,-65.86
pH1,4/2/26 2:30,8.01,23.86,-65.88
pH1,4/2/26 2:31,8.01,23.86,-65.72
pH1,4/2/26 2:32,8.01,23.86,-65.63
pH1,4/2/26 2:33,8.01,23.86,-65.75
pH1,4/2/26 2:34,8.01,23.86,-65.8
pH1,4/2/26 2:35,8.01,23.86,-65.83
pH1,4/2/26 2:36,8.01,23.86,-65.77
pH1,4/2/26 2:37,8.01,23.86,-65.77
pH1,4/2/26 2:38,8.01,23.86,-65.83
pH1,4/2/26 2:39,8.01,23.86,-65.94
pH1,4/2/26 2:40,8.01,23.86,-65.96
pH1,4/2/26 2:41,8.02,23.86,-65.97
pH1,4/2/26 2:42,8.02,23.86,-65.97
pH1,4/2/26 2:43,8.02,23.86,-66
pH1,4/2/26 2:44,8.01,23.86,-65.8
pH1,4/2/26 2:45,8.01,23.86,-65.74
pH1,4/2/26 2:46,8.01,23.86,-65.61
pH1,4/2/26 2:47,8.01,23.86,-65.6
pH1,4/2/26 2:48,8.01,23.88,-65.58
pH1,4/2/26 2:49,8.01,23.88,-65.61
pH1,4/2/26 2:50,8.01,23.88,-65.77
pH1,4/2/26 2:51,8.02,23.88,-66.02
pH1,4/2/26 2:52,8.02,23.88,-66.17
pH1,4/2/26 2:53,8.02,23.88,-66.17
pH1,4/2/26 2:54,8.02,23.88,-66.14
pH1,4/2/26 2:55,8.02,23.88,-66.1
pH1,4/2/26 2:56,8.02,23.88,-66.41
pH1,4/2/26 2:57,8.03,23.86,-66.6
pH1,4/2/26 2:58,8.03,23.86,-66.58
pH1,4/2/26 2:59,8.03,23.86,-66.55
pH1,4/2/26 3:00,8.02,23.86,-66.53
pH1,4/2/26 3:01,8.02,23.86,-66.42
pH1,4/2/26 3:02,8.02,23.86,-66.35
pH1,4/2/26 3:03,8.02,23.86,-66.27
pH1,4/2/26 3:04,8.02,23.83,-66.25
pH1,4/2/26 3:05,8.02,23.83,-66.24
pH1,4/2/26 3:06,8.02,23.83,-66.11
pH1,4/2/26 3:07,8.02,23.83,-66.05
pH1,4/2/26 3:08,8.02,23.83,-66.06
pH1,4/2/26 3:09,8.01,23.83,-65.96
pH1,4/2/26 3:10,8.01,23.83,-65.78
pH1,4/2/26 3:11,8.01,23.83,-65.74
pH1,4/2/26 3:12,8.01,23.83,-65.83
pH1,4/2/26 3:13,8.01,23.83,-65.81
pH1,4/2/26 3:14,8.01,23.83,-65.78
pH1,4/2/26 3:15,8.01,23.83,-65.8
pH1,4/2/26 3:16,8.01,23.83,-65.91
pH1,4/2/26 3:17,8.02,23.83,-66
pH1,4/2/26 3:18,8.02,23.83,-65.97
pH1,4/2/26 3:19,8.01,23.81,-65.91
pH1,4/2/26 3:20,8.01,23.81,-65.86
pH1,4/2/26 3:21,8.01,23.81,-65.88
pH1,4/2/26 3:22,8.01,23.81,-65.88
pH1,4/2/26 3:23,8.01,23.81,-65.75
pH1,4/2/26 3:24,8.01,23.79,-65.69
pH1,4/2/26 3:25,8.01,23.79,-65.89
pH1,4/2/26 3:26,8.01,23.79,-65.77
pH1,4/2/26 3:27,8.01,23.79,-65.81
pH1,4/2/26 3:28,8.01,23.79,-65.92
pH1,4/2/26 3:29,8.01,23.79,-65.83
pH1,4/2/26 3:30,8.01,23.79,-65.8
pH1,4/2/26 3:31,8.01,23.79,-65.75
pH1,4/2/26 3:32,8.01,23.79,-65.75
pH1,4/2/26 3:33,8.01,23.79,-65.94
pH1,4/2/26 3:34,8.02,23.79,-66.08
pH1,4/2/26 3:35,8.02,23.76,-66.14
pH1,4/2/26 3:36,8.02,23.76,-66.13
pH1,4/2/26 3:37,8.02,23.76,-66.11
pH1,4/2/26 3:38,8.01,23.76,-65.94
pH1,4/2/26 3:39,8.01,23.76,-65.92
pH1,4/2/26 3:40,8.01,23.76,-65.88
pH1,4/2/26 3:41,8.01,23.76,-65.81
pH1,4/2/26 3:42,8.01,23.76,-65.85
pH1,4/2/26 3:43,8.01,23.76,-65.78
pH1,4/2/26 3:44,8.01,23.76,-65.75
pH1,4/2/26 3:45,8.01,23.76,-65.72
pH1,4/2/26 3:46,8.01,23.76,-65.74
pH1,4/2/26 3:47,8.01,23.76,-65.69
pH1,4/2/26 3:48,8.01,23.76,-65.56
pH1,4/2/26 3:49,8.01,23.76,-65.5
pH1,4/2/26 3:50,8.01,23.76,-65.56
pH1,4/2/26 3:51,8.01,23.76,-65.55
pH1,4/2/26 3:52,8.01,23.79,-65.61
pH1,4/2/26 3:53,8.01,23.79,-65.63
pH1,4/2/26 3:54,8.01,23.79,-65.69
pH1,4/2/26 3:55,8.01,23.81,-65.71
pH1,4/2/26 3:56,8.01,23.81,-65.78
pH1,4/2/26 3:57,8.01,23.81,-65.71
pH1,4/2/26 3:58,8.01,23.81,-65.61
pH1,4/2/26 3:59,8.01,23.83,-65.55
pH1,4/2/26 4:00,8.01,23.83,-65.55
pH1,4/2/26 4:01,8.01,23.83,-65.63
pH1,4/2/26 4:02,8.01,23.83,-65.58
pH1,4/2/26 4:03,8.01,23.86,-65.5
pH1,4/2/26 4:04,8.01,23.86,-65.44
pH1,4/2/26 4:05,8,23.86,-65.38
pH1,4/2/26 4:06,8,23.86,-65.33
pH1,4/2/26 4:07,8,23.86,-65.24
pH1,4/2/26 4:08,8,23.86,-65.21
pH1,4/2/26 4:09,8,23.86,-65.22
pH1,4/2/26 4:10,8,23.86,-65.14
pH1,4/2/26 4:11,8,23.88,-65.13
pH1,4/2/26 4:12,8,23.88,-65.08
pH1,4/2/26 4:13,8,23.88,-65.08
pH1,4/2/26 4:14,8,23.88,-65.08
pH1,4/2/26 4:15,8,23.88,-65.05
pH1,4/2/26 4:16,8,23.91,-65.06
pH1,4/2/26 4:17,8,23.91,-65.02
pH1,4/2/26 4:18,8,23.91,-65.02
pH1,4/2/26 4:19,8,23.91,-64.94
pH1,4/2/26 4:20,8,23.91,-64.89
pH1,4/2/26 4:21,8,23.93,-64.88
pH1,4/2/26 4:22,8,23.93,-64.88
pH1,4/2/26 4:23,8,23.93,-64.83
pH1,4/2/26 4:24,7.99,23.93,-64.77
pH1,4/2/26 4:25,7.99,23.93,-64.72
pH1,4/2/26 4:26,7.99,23.93,-64.64
pH1,4/2/26 4:27,7.99,23.93,-64.63
pH1,4/2/26 4:28,7.99,23.93,-64.66
pH1,4/2/26 4:29,7.99,23.93,-64.6
pH1,4/2/26 4:30,7.99,23.93,-64.63
pH1,4/2/26 4:31,7.99,23.95,-64.6
pH1,4/2/26 4:32,7.99,23.95,-64.53
pH1,4/2/26 4:33,7.99,23.93,-64.63
pH1,4/2/26 4:34,7.99,23.93,-64.69
pH1,4/2/26 4:35,7.99,23.93,-64.64
pH1,4/2/26 4:36,7.99,23.93,-64.66
pH1,4/2/26 4:37,7.99,23.93,-64.66
pH1,4/2/26 4:38,7.99,23.93,-64.64
pH1,4/2/26 4:39,7.99,23.93,-64.67
pH1,4/2/26 4:40,7.99,23.93,-64.61
pH1,4/2/26 4:41,7.99,23.93,-64.53
pH1,4/2/26 4:42,7.99,23.93,-64.75
pH1,4/2/26 4:43,8,23.93,-64.89
pH1,4/2/26 4:44,8,23.93,-65.11
pH1,4/2/26 4:45,8,23.93,-65.17
pH1,4/2/26 4:46,8,23.95,-65.14
pH1,4/2/26 4:47,8,23.95,-65.13
pH1,4/2/26 4:48,8,23.95,-65.14
pH1,4/2/26 4:49,8,23.93,-65.1
pH1,4/2/26 4:50,8,23.93,-65.14
pH1,4/2/26 4:51,8,23.93,-65.28
pH1,4/2/26 4:52,8,23.93,-65.36
pH1,4/2/26 4:53,8.01,23.93,-65.44
pH1,4/2/26 4:54,8.01,23.93,-65.42
pH1,4/2/26 4:55,8,23.93,-65.36
pH1,4/2/26 4:56,8.01,23.93,-65.42
pH1,4/2/26 4:57,8,23.93,-65.38
pH1,4/2/26 4:58,8,23.91,-65.36
pH1,4/2/26 4:59,8,23.91,-65.28
pH1,4/2/26 5:00,8,23.91,-65.35
pH1,4/2/26 5:01,8.01,23.91,-65.44
pH1,4/2/26 5:02,8.01,23.91,-65.44
pH1,4/2/26 5:03,8.01,23.91,-65.55
pH1,4/2/26 5:04,8.01,23.91,-65.66
pH1,4/2/26 5:05,8.01,23.91,-65.83
pH1,4/2/26 5:06,8.01,23.91,-65.96
pH1,4/2/26 5:07,8.01,23.91,-65.97
pH1,4/2/26 5:08,8.01,23.91,-65.85
pH1,4/2/26 5:09,8.01,23.91,-65.74
pH1,4/2/26 5:10,8.01,23.91,-65.56
pH1,4/2/26 5:11,8.01,23.91,-65.58
pH1,4/2/26 5:12,8.01,23.91,-65.58
pH1,4/2/26 5:13,8.01,23.88,-65.53
pH1,4/2/26 5:14,8.01,23.88,-65.61
pH1,4/2/26 5:15,8.01,23.88,-65.56
pH1,4/2/26 5:16,8.01,23.88,-65.46
pH1,4/2/26 5:17,8.01,23.88,-65.49
pH1,4/2/26 5:18,8.01,23.91,-65.5
pH1,4/2/26 5:19,8,23.91,-65.3
pH1,4/2/26 5:20,8,23.91,-65.31
pH1,4/2/26 5:21,8,23.91,-65.36
pH1,4/2/26 5:22,8,23.91,-65.25
pH1,4/2/26 5:23,8,23.91,-65.16
pH1,4/2/26 5:24,8,23.91,-65.02
pH1,4/2/26 5:25,8,23.91,-64.89
pH1,4/2/26 5:26,7.99,23.91,-64.75
pH1,4/2/26 5:27,7.99,23.91,-64.69
pH1,4/2/26 5:28,7.99,23.91,-64.77
pH1,4/2/26 5:29,8,23.91,-64.88
pH1,4/2/26 5:30,8,23.91,-65
pH1,4/2/26 5:31,8,23.91,-65.05
pH1,4/2/26 5:32,8,23.91,-65.1
pH1,4/2/26 5:33,8,23.91,-64.88
pH1,4/2/26 5:34,8,23.88,-65.16
pH1,4/2/26 5:35,8,23.88,-65.22
pH1,4/2/26 5:36,8,23.86,-65.38
pH1,4/2/26 5:37,8.01,23.83,-65.53
pH1,4/2/26 5:38,8.01,23.83,-65.6
pH1,4/2/26 5:39,8.01,23.81,-65.52
pH1,4/2/26 5:40,8.01,23.79,-65.5
pH1,4/2/26 5:41,8.01,23.79,-65.49
pH1,4/2/26 5:42,8.01,23.76,-65.6
pH1,4/2/26 5:43,8.01,23.74,-65.61
pH1,4/2/26 5:44,8.01,23.74,-65.61
pH1,4/2/26 5:45,8.01,23.71,-65.6
pH1,4/2/26 5:46,8.01,23.71,-65.46
pH1,4/2/26 5:47,8,23.69,-65.3
pH1,4/2/26 5:48,8.01,23.69,-65.42
pH1,4/2/26 5:49,8.01,23.69,-65.42
pH1,4/2/26 5:50,8.01,23.69,-65.6
pH1,4/2/26 5:51,8.01,23.69,-65.77
pH1,4/2/26 5:52,8.01,23.69,-65.89
pH1,4/2/26 5:53,8.01,23.66,-65.83
pH1,4/2/26 5:54,8.01,23.66,-65.81
pH1,4/2/26 5:55,8.01,23.66,-65.77
pH1,4/2/26 5:56,8.01,23.66,-65.66
pH1,4/2/26 5:57,8.01,23.66,-65.5
pH1,4/2/26 5:58,8.01,23.66,-65.46
pH1,4/2/26 5:59,8,23.66,-65.35
pH1,4/2/26 6:00,8.01,23.66,-65.36
pH1,4/2/26 6:01,8.01,23.66,-65.72
pH1,4/2/26 6:02,8.01,23.66,-65.63
pH1,4/2/26 6:03,8.01,23.66,-65.52
pH1,4/2/26 6:04,8.01,23.66,-65.39
pH1,4/2/26 6:05,8.01,23.69,-65.41
pH1,4/2/26 6:06,8.01,23.69,-65.55
pH1,4/2/26 6:07,8.01,23.71,-65.63
pH1,4/2/26 6:08,8.01,23.71,-65.64
pH1,4/2/26 6:09,8.01,23.71,-65.67
pH1,4/2/26 6:10,8.01,23.71,-65.74
pH1,4/2/26 6:11,8.01,23.71,-65.75
pH1,4/2/26 6:12,8.01,23.71,-65.75
pH1,4/2/26 6:13,8.01,23.71,-65.66
pH1,4/2/26 6:14,8.01,23.74,-65.69
pH1,4/2/26 6:15,8.01,23.74,-65.69
pH1,4/2/26 6:16,8.01,23.71,-65.69
pH1,4/2/26 6:17,8.01,23.71,-65.72
pH1,4/2/26 6:18,8.01,23.71,-65.72
pH1,4/2/26 6:19,8.01,23.71,-65.72
pH1,4/2/26 6:20,8.01,23.71,-65.74
pH1,4/2/26 6:21,8.01,23.71,-65.66
pH1,4/2/26 6:22,8.01,23.71,-65.6
pH1,4/2/26 6:23,8.01,23.71,-65.67
pH1,4/2/26 6:24,8.01,23.71,-65.74
pH1,4/2/26 6:25,8.01,23.71,-65.83
pH1,4/2/26 6:26,8.01,23.71,-65.78
pH1,4/2/26 6:27,8.01,23.69,-65.81
pH1,4/2/26 6:28,8.01,23.69,-65.88
pH1,4/2/26 6:29,8.02,23.69,-65.96
pH1,4/2/26 6:30,8.02,23.69,-66
pH1,4/2/26 6:31,8.02,23.69,-66.16
pH1,4/2/26 6:32,8.02,23.69,-66.17
pH1,4/2/26 6:33,8.02,23.71,-66.19
pH1,4/2/26 6:34,8.02,23.69,-66.24
pH1,4/2/26 6:35,8.02,23.71,-66.3
pH1,4/2/26 6:36,8.02,23.71,-66.35
pH1,4/2/26 6:37,8.02,23.71,-66.41
pH1,4/2/26 6:38,8.02,23.71,-66.5
pH1,4/2/26 6:39,8.03,23.74,-66.61
pH1,4/2/26 6:40,8.03,23.74,-66.71
pH1,4/2/26 6:41,8.03,23.74,-66.8
pH1,4/2/26 6:42,8.03,23.76,-66.94
pH1,4/2/26 6:43,8.03,23.79,-67.08
pH1,4/2/26 6:44,8.04,23.79,-67.19
pH1,4/2/26 6:45,8.04,23.81,-67.3
pH1,4/2/26 6:46,8.04,23.81,-67.41
pH1,4/2/26 6:47,8.04,23.83,-67.55
pH1,4/2/26 6:48,8.05,23.83,-67.71
pH1,4/2/26 6:49,8.05,23.86,-67.8
pH1,4/2/26 6:50,8.05,23.88,-67.88
pH1,4/2/26 6:51,8.05,23.91,-67.97
pH1,4/2/26 6:52,8.05,23.93,-68.05
pH1,4/2/26 6:53,8.05,23.93,-68.11
pH1,4/2/26 6:54,8.05,23.95,-68.14
pH1,4/2/26 6:55,8.05,23.98,-68.22
pH1,4/2/26 6:56,8.05,23.98,-68.24
pH1,4/2/26 6:57,8.05,24,-67.89
pH1,4/2/26 6:58,8.05,24,-67.74
pH1,4/2/26 6:59,8.04,24,-67.72
pH1,4/2/26 7:00,8.05,24,-67.85
pH1,4/2/26 7:01,8.05,24.03,-68.21
pH1,4/2/26 7:02,8.06,24.05,-68.52
pH1,4/2/26 7:03,8.06,24.07,-68.63
pH1,4/2/26 7:04,8.06,24.1,-68.67
pH1,4/2/26 7:05,8.06,24.12,-68.77
pH1,4/2/26 7:06,8.06,24.15,-68.81
pH1,4/2/26 7:07,8.06,24.17,-68.86
pH1,4/2/26 7:08,8.07,24.19,-68.96
pH1,4/2/26 7:09,8.07,24.19,-69.02
pH1,4/2/26 7:10,8.07,24.22,-69.19
pH1,4/2/26 7:11,8.07,24.22,-68.94
pH1,4/2/26 7:12,8.06,24.22,-68.52
pH1,4/2/26 7:13,8.06,24.22,-68.86
pH1,4/2/26 7:14,8.07,24.24,-69.11
pH1,4/2/26 7:15,8.07,24.27,-69.22
pH1,4/2/26 7:16,8.06,24.24,-68.83
pH1,4/2/26 7:17,8.07,24.27,-69.13
pH1,4/2/26 7:18,8.07,24.29,-69.33
pH1,4/2/26 7:19,8.07,24.32,-69.35
pH1,4/2/26 7:20,8.07,24.32,-69.41
pH1,4/2/26 7:21,8.07,24.34,-69.46
pH1,4/2/26 7:22,8.07,24.34,-69.46
pH1,4/2/26 7:23,8.07,24.34,-69.35
pH1,4/2/26 7:24,8.08,24.36,-69.6
pH1,4/2/26 7:25,8.08,24.39,-69.75
pH1,4/2/26 7:26,8.08,24.41,-69.75
pH1,4/2/26 7:27,8.08,24.44,-69.83
pH1,4/2/26 7:28,8.08,24.44,-69.91
pH1,4/2/26 7:29,8.08,24.46,-69.89
pH1,4/2/26 7:30,8.08,24.48,-69.94
pH1,4/2/26 7:31,8.07,24.46,-69.28
pH1,4/2/26 7:32,8.07,24.46,-69.46
pH1,4/2/26 7:33,8.07,24.44,-69.06
pH1,4/2/26 7:34,8.06,24.41,-68.75
pH1,4/2/26 7:35,8.07,24.41,-68.97
pH1,4/2/26 7:36,8.06,24.39,-68.86
pH1,4/2/26 7:37,8.06,24.36,-68.86
pH1,4/2/26 7:38,8.07,24.39,-69.46
pH1,4/2/26 7:39,8.08,24.39,-69.88
pH1,4/2/26 7:40,8.09,24.41,-70.27
pH1,4/2/26 7:41,8.09,24.44,-70.21
pH1,4/2/26 7:42,8.08,24.41,-69.6
pH1,4/2/26 7:43,8.08,24.41,-69.78
pH1,4/2/26 7:44,8.08,24.44,-70.02
pH1,4/2/26 7:45,8.08,24.44,-69.74
pH1,4/2/26 7:46,8.08,24.41,-69.56
pH1,4/2/26 7:47,8.08,24.41,-69.69
pH1,4/2/26 7:48,8.09,24.41,-70.16
pH1,4/2/26 7:49,8.09,24.44,-70.36
pH1,4/2/26 7:50,8.09,24.44,-70.17
pH1,4/2/26 7:51,8.08,24.41,-69.96
pH1,4/2/26 7:52,8.07,24.41,-69.24
pH1,4/2/26 7:53,8.06,24.39,-68.88
pH1,4/2/26 7:54,8.06,24.36,-68.63
pH1,4/2/26 7:55,8.05,24.34,-68.36
pH1,4/2/26 7:56,8.05,24.32,-68.28
pH1,4/2/26 7:57,8.06,24.32,-68.49
pH1,4/2/26 7:58,8.07,24.32,-69.21
pH1,4/2/26 7:59,8.08,24.29,-69.56
pH1,4/2/26 8:00,8.08,24.29,-70.02
pH1,4/2/26 8:01,8.09,24.32,-70.5
pH1,4/2/26 8:02,8.09,24.34,-70.36
pH1,4/2/26 8:03,8.09,24.36,-70.36
pH1,4/2/26 8:04,8.09,24.39,-70.63
pH1,4/2/26 8:05,8.09,24.39,-70.52
pH1,4/2/26 8:06,8.09,24.41,-70.58
pH1,4/2/26 8:07,8.1,24.41,-70.75
pH1,4/2/26 8:08,8.1,24.44,-70.72
pH1,4/2/26 8:09,8.09,24.44,-70.67
pH1,4/2/26 8:10,8.1,24.48,-70.74
pH1,4/2/26 8:11,8.1,24.51,-70.85
pH1,4/2/26 8:12,8.1,24.53,-70.94
pH1,4/2/26 8:13,8.1,24.53,-71.02
pH1,4/2/26 8:14,8.1,24.56,-71.06
pH1,4/2/26 8:15,8.1,24.58,-71.11
pH1,4/2/26 8:16,8.1,24.58,-71.24
pH1,4/2/26 8:17,8.11,24.6,-71.33
pH1,4/2/26 8:18,8.1,24.63,-71.21
pH1,4/2/26 8:19,8.1,24.63,-71.17
pH1,4/2/26 8:20,8.1,24.65,-71
pH1,4/2/26 8:21,8.1,24.68,-71.08
pH1,4/2/26 8:22,8.1,24.7,-71.16
pH1,4/2/26 8:23,8.1,24.7,-71.21
pH1,4/2/26 8:24,8.1,24.7,-70.92
pH1,4/2/26 8:25,8.1,24.7,-71
pH1,4/2/26 8:26,8.1,24.7,-71
pH1,4/2/26 8:27,8.09,24.7,-70.56
pH1,4/2/26 8:28,8.09,24.7,-70.27
pH1,4/2/26 8:29,8.1,24.7,-71
pH1,4/2/26 8:30,8.09,24.7,-70.46
pH1,4/2/26 8:31,8.08,24.68,-69.67
pH1,4/2/26 8:32,8.09,24.7,-70.52
pH1,4/2/26 8:33,8.1,24.73,-71.05
pH1,4/2/26 8:34,8.11,24.73,-71.36
pH1,4/2/26 8:35,8.11,24.75,-71.63
pH1,4/2/26 8:36,8.11,24.77,-71.67
pH1,4/2/26 8:37,8.1,24.77,-70.94
pH1,4/2/26 8:38,8.1,24.75,-71
pH1,4/2/26 8:39,8.11,24.77,-71.66
pH1,4/2/26 8:40,8.12,24.8,-71.99
pH1,4/2/26 8:41,8.12,24.82,-72.02
pH1,4/2/26 8:42,8.12,24.85,-72.02
pH1,4/2/26 8:43,8.11,24.87,-71.92
pH1,4/2/26 8:44,8.11,24.9,-71.91
pH1,4/2/26 8:45,8.11,24.92,-71.89
pH1,4/2/26 8:46,8.12,24.94,-72.02
pH1,4/2/26 8:47,8.12,24.97,-72.22
pH1,4/2/26 8:48,8.11,24.97,-71.75
pH1,4/2/26 8:49,8.09,24.94,-70.61
pH1,4/2/26 8:50,8.09,24.92,-70.67
pH1,4/2/26 8:51,8.1,24.9,-71.05
pH1,4/2/26 8:52,8.11,24.9,-71.6
pH1,4/2/26 8:53,8.13,24.97,-72.58
pH1,4/2/26 8:54,8.13,24.97,-72.75
pH1,4/2/26 8:55,8.13,24.99,-72.69
pH1,4/2/26 8:56,8.13,24.99,-72.56
pH1,4/2/26 8:57,8.1,24.94,-71.17
pH1,4/2/26 8:58,8.09,24.92,-70.44
pH1,4/2/26 8:59,8.09,24.9,-70.64
pH1,4/2/26 9:00,8.09,24.87,-70.67
pH1,4/2/26 9:01,8.1,24.85,-71.17
pH1,4/2/26 9:02,8.11,24.85,-71.52
pH1,4/2/26 9:03,8.11,24.85,-71.56
pH1,4/2/26 9:04,8.1,24.82,-71.22
pH1,4/2/26 9:05,8.1,24.82,-71.06
pH1,4/2/26 9:06,8.11,24.82,-71.46
pH1,4/2/26 9:07,8.12,24.82,-72.17
pH1,4/2/26 9:08,8.12,24.8,-72.24
pH1,4/2/26 9:09,8.11,24.77,-71.38
pH1,4/2/26 9:10,8.1,24.75,-71.06
pH1,4/2/26 9:11,8.11,24.73,-71.6
pH1,4/2/26 9:12,8.11,24.75,-71.6
pH1,4/2/26 9:13,8.11,24.75,-71.8
pH1,4/2/26 9:14,8.12,24.73,-72.38
pH1,4/2/26 9:15,8.13,24.7,-72.86
pH1,4/2/26 9:16,8.13,24.73,-72.67
pH1,4/2/26 9:17,8.13,24.7,-72.66
pH1,4/2/26 9:18,8.12,24.68,-71.99
pH1,4/2/26 9:19,8.1,24.68,-71.28
pH1,4/2/26 9:20,8.09,24.65,-70.69
pH1,4/2/26 9:21,8.08,24.63,-70.08
pH1,4/2/26 9:22,8.09,24.63,-70.71
pH1,4/2/26 9:23,8.11,24.65,-71.77
pH1,4/2/26 9:24,8.14,24.68,-73.14
pH1,4/2/26 9:25,8.14,24.68,-73.52
pH1,4/2/26 9:26,8.15,24.7,-73.81
pH1,4/2/26 9:27,8.15,24.7,-73.92
pH1,4/2/26 9:28,8.15,24.73,-74.22
pH1,4/2/26 9:29,8.16,24.8,-74.36
pH1,4/2/26 9:30,8.15,24.85,-74.21
pH1,4/2/26 9:31,8.15,24.9,-74.21
pH1,4/2/26 9:32,8.15,24.9,-73.96
pH1,4/2/26 9:33,8.14,24.9,-73.6
pH1,4/2/26 9:34,8.13,24.87,-72.63
pH1,4/2/26 9:35,8.13,24.87,-72.92
pH1,4/2/26 9:36,8.15,24.87,-73.72
pH1,4/2/26 9:37,8.14,24.9,-73.56
pH1,4/2/26 9:38,8.15,24.92,-73.96
pH1,4/2/26 9:39,8.15,24.94,-74.1
pH1,4/2/26 9:40,8.15,24.94,-74.19
pH1,4/2/26 9:41,8.16,24.94,-74.3
pH1,4/2/26 9:42,8.14,24.92,-73.27
pH1,4/2/26 9:43,8.15,24.94,-73.89
pH1,4/2/26 9:44,8.14,24.94,-73.55
pH1,4/2/26 9:45,8.15,24.97,-74.05
pH1,4/2/26 9:46,8.14,24.94,-73.64
pH1,4/2/26 9:47,8.15,24.94,-73.8
pH1,4/2/26 9:48,8.16,24.99,-74.56
pH1,4/2/26 9:49,8.16,25.02,-74.72
pH1,4/2/26 9:50,8.16,25.06,-74.78
pH1,4/2/26 9:51,8.16,25.09,-74.72
pH1,4/2/26 9:52,8.14,25.06,-73.6
pH1,4/2/26 9:53,8.14,25.04,-73.38
pH1,4/2/26 9:54,8.13,25.04,-73.14
pH1,4/2/26 9:55,8.14,24.99,-73.58
pH1,4/2/26 9:56,8.15,24.99,-74.24
pH1,4/2/26 9:57,8.14,24.97,-73.52
pH1,4/2/26 9:58,8.12,24.94,-72.17
pH1,4/2/26 9:59,8.12,24.92,-71.99
pH1,4/2/26 10:00,8.12,24.9,-72.24
pH1,4/2/26 10:01,8.11,24.9,-71.91
pH1,4/2/26 10:02,8.1,24.9,-71.17
pH1,4/2/26 10:03,8.1,24.85,-71.08
pH1,4/2/26 10:04,8.12,24.85,-72.08
pH1,4/2/26 10:05,8.12,24.85,-72.22
pH1,4/2/26 10:06,8.13,24.85,-72.72
pH1,4/2/26 10:07,8.14,24.82,-73.22
pH1,4/2/26 10:08,8.15,24.85,-74.03
pH1,4/2/26 10:09,8.16,24.82,-74.63
pH1,4/2/26 10:10,8.17,24.85,-75.14
pH1,4/2/26 10:11,8.18,24.87,-75.63
pH1,4/2/26 10:12,8.18,24.87,-75.61
pH1,4/2/26 10:13,8.18,24.9,-75.66
pH1,4/2/26 10:14,8.18,24.92,-76
pH1,4/2/26 10:15,8.19,24.99,-76.13
pH1,4/2/26 10:16,8.18,25.02,-75.47
pH1,4/2/26 10:17,8.16,24.99,-74.47
pH1,4/2/26 10:18,8.13,24.94,-73.06
pH1,4/2/26 10:19,8.13,24.94,-72.88
pH1,4/2/26 10:20,8.12,24.92,-72.16
pH1,4/2/26 10:21,8.11,24.9,-71.64
pH1,4/2/26 10:22,8.11,24.85,-71.49
pH1,4/2/26 10:23,8.12,24.85,-72.42
pH1,4/2/26 10:24,8.15,24.87,-73.72
pH1,4/2/26 10:25,8.15,24.85,-74
pH1,4/2/26 10:26,8.17,24.85,-74.92
pH1,4/2/26 10:27,8.17,24.87,-75.33
pH1,4/2/26 10:28,8.18,24.94,-75.74
pH1,4/2/26 10:29,8.18,25.02,-75.8
pH1,4/2/26 10:30,8.18,25.04,-76
pH1,4/2/26 10:31,8.19,25.06,-76.1
pH1,4/2/26 10:32,8.16,24.99,-74.42
pH1,4/2/26 10:33,8.15,24.97,-73.92
pH1,4/2/26 10:34,8.14,24.94,-73.66
pH1,4/2/26 10:35,8.15,24.9,-73.78
pH1,4/2/26 10:36,8.15,24.9,-74.06
pH1,4/2/26 10:37,8.15,24.9,-74.03
pH1,4/2/26 10:38,8.17,24.9,-74.92
pH1,4/2/26 10:39,8.19,24.9,-76.02
pH1,4/2/26 10:40,8.19,24.94,-76.53
pH1,4/2/26 10:41,8.2,24.97,-76.67
pH1,4/2/26 10:42,8.2,24.99,-76.81
pH1,4/2/26 10:43,8.2,25.04,-76.86
pH1,4/2/26 10:44,8.2,25.06,-76.89
pH1,4/2/26 10:45,8.19,25.06,-76.47
pH1,4/2/26 10:46,8.2,25.11,-77.05
pH1,4/2/26 10:47,8.2,25.16,-77.14
pH1,4/2/26 10:48,8.2,25.19,-77.16
pH1,4/2/26 10:49,8.2,25.21,-77.08
pH1,4/2/26 10:50,8.2,25.23,-77.16
pH1,4/2/26 10:51,8.21,25.28,-77.69
pH1,4/2/26 10:52,8.21,25.28,-77.81
pH1,4/2/26 10:53,8.22,25.28,-77.92
pH1,4/2/26 10:54,8.22,25.28,-78.08
pH1,4/2/26 10:55,8.22,25.33,-78.03
pH1,4/2/26 10:56,8.21,25.33,-77.75
pH1,4/2/26 10:57,8.2,25.28,-77.19
pH1,4/2/26 10:58,8.21,25.26,-77.38
pH1,4/2/26 10:59,8.22,25.23,-77.97
pH1,4/2/26 11:00,8.21,25.21,-77.42
pH1,4/2/26 11:01,8.21,25.21,-77.66
pH1,4/2/26 11:02,8.21,25.23,-77.36
pH1,4/2/26 11:03,8.22,25.28,-78.1
pH1,4/2/26 11:04,8.22,25.26,-77.96
pH1,4/2/26 11:05,8.22,25.28,-78.19
pH1,4/2/26 11:06,8.23,25.31,-78.47
pH1,4/2/26 11:07,8.22,25.28,-77.96
pH1,4/2/26 11:08,8.2,25.28,-77.19
pH1,4/2/26 11:09,8.2,25.36,-77.19
pH1,4/2/26 11:10,8.2,25.4,-76.89
pH1,4/2/26 11:11,8.18,25.38,-75.85
pH1,4/2/26 11:12,8.19,25.36,-76.63
pH1,4/2/26 11:13,8.22,25.4,-77.96
pH1,4/2/26 11:14,8.21,25.4,-77.3
pH1,4/2/26 11:15,8.19,25.38,-76.69
pH1,4/2/26 11:16,8.2,25.38,-77.14
pH1,4/2/26 11:17,8.2,25.36,-76.94
pH1,4/2/26 11:18,8.2,25.36,-77.05
pH1,4/2/26 11:19,8.2,25.38,-77.17
pH1,4/2/26 11:20,8.21,25.36,-77.36
pH1,4/2/26 11:21,8.2,25.36,-77.14
pH1,4/2/26 11:22,8.19,25.33,-76.16
pH1,4/2/26 11:23,8.19,25.31,-76.14
pH1,4/2/26 11:24,8.18,25.31,-75.8
pH1,4/2/26 11:25,8.17,25.28,-75.28
pH1,4/2/26 11:26,8.17,25.26,-75.46
pH1,4/2/26 11:27,8.17,25.23,-75.28
pH1,4/2/26 11:28,8.16,25.19,-74.72
pH1,4/2/26 11:29,8.17,25.16,-74.97
pH1,4/2/26 11:30,8.15,25.16,-74.24
pH1,4/2/26 11:31,8.14,25.14,-73.3
pH1,4/2/26 11:32,8.12,25.09,-72.44
pH1,4/2/26 11:33,8.12,25.04,-72.33
pH1,4/2/26 11:34,8.13,24.97,-72.77
pH1,4/2/26 11:35,8.14,24.94,-73.33
pH1,4/2/26 11:36,8.15,24.92,-73.77
pH1,4/2/26 11:37,8.16,24.92,-74.36
pH1,4/2/26 11:38,8.16,24.9,-74.74
pH1,4/2/26 11:39,8.16,24.87,-74.77
pH1,4/2/26 11:40,8.17,24.85,-74.91
pH1,4/2/26 11:41,8.17,24.8,-75.06
pH1,4/2/26 11:42,8.17,24.77,-75.35
pH1,4/2/26 11:43,8.18,24.75,-75.75
pH1,4/2/26 11:44,8.19,24.73,-76.39
pH1,4/2/26 11:45,8.2,24.68,-77.03
pH1,4/2/26 11:46,8.21,24.68,-77.58
pH1,4/2/26 11:47,8.22,24.65,-77.91
pH1,4/2/26 11:48,8.22,24.63,-78.13
pH1,4/2/26 11:49,8.23,24.63,-78.3
pH1,4/2/26 11:50,8.23,24.6,-78.49
pH1,4/2/26 11:51,8.23,24.6,-78.42
pH1,4/2/26 11:52,8.23,24.6,-78.77
pH1,4/2/26 11:53,8.24,24.6,-79.05
pH1,4/2/26 11:54,8.24,24.6,-79.11
pH1,4/2/26 11:55,8.24,24.6,-79.11
pH1,4/2/26 11:56,8.24,24.63,-79.1
pH1,4/2/26 11:57,8.23,24.63,-78.78
pH1,4/2/26 11:58,8.22,24.63,-78.11
pH1,4/2/26 11:59,8.21,24.6,-77.17
pH1,4/2/26 12:00,8.21,24.6,-77.46
pH1,4/2/26 12:01,8.22,24.6,-77.94
pH1,4/2/26 12:02,8.23,24.63,-78.41
pH1,4/2/26 12:03,8.24,24.63,-78.97
pH1,4/2/26 12:04,8.25,24.68,-79.46
pH1,4/2/26 12:05,8.26,24.7,-80.02
pH1,4/2/26 12:06,8.26,24.73,-80.1
pH1,4/2/26 12:07,8.26,24.75,-80.11
pH1,4/2/26 12:08,8.26,24.8,-80.13
pH1,4/2/26 12:09,8.26,24.82,-80.13
pH1,4/2/26 12:10,8.26,24.85,-80.25
pH1,4/2/26 12:11,8.26,24.87,-80.13
pH1,4/2/26 12:12,8.26,24.92,-80.39
pH1,4/2/26 12:13,8.26,24.94,-80.38
pH1,4/2/26 12:14,8.26,24.97,-80.41
pH1,4/2/26 12:15,8.26,25.02,-80.5
pH1,4/2/26 12:16,8.26,25.02,-80.19
pH1,4/2/26 12:17,8.25,25.02,-79.81
pH1,4/2/26 12:18,8.25,25.04,-79.83
pH1,4/2/26 12:19,8.24,25.04,-79.47
pH1,4/2/26 12:20,8.23,25.06,-78.86
pH1,4/2/26 12:21,8.22,25.06,-78.28
pH1,4/2/26 12:22,8.22,25.06,-77.83
pH1,4/2/26 12:23,8.21,25.09,-77.64
pH1,4/2/26 12:24,8.21,25.09,-77.38
pH1,4/2/26 12:25,8.2,25.09,-77.21
pH1,4/2/26 12:26,8.2,25.09,-77.19
pH1,4/2/26 12:27,8.2,25.09,-77.1
pH1,4/2/26 12:28,8.2,25.09,-77.02
pH1,4/2/26 12:29,8.2,25.09,-76.81
pH1,4/2/26 12:30,8.2,25.09,-76.64
pH1,4/2/26 12:31,8.19,25.09,-76.31
pH1,4/2/26 12:32,8.18,25.09,-75.81
pH1,4/2/26 12:33,8.17,25.06,-75.44
pH1,4/2/26 12:34,8.17,25.06,-75.31
pH1,4/2/26 12:35,8.18,25.06,-75.52
pH1,4/2/26 12:36,8.18,25.06,-75.69
pH1,4/2/26 12:37,8.18,25.06,-75.89
pH1,4/2/26 12:38,8.19,25.06,-76.47
pH1,4/2/26 12:39,8.2,25.06,-77.16
pH1,4/2/26 12:40,8.22,25.09,-77.91
pH1,4/2/26 12:41,8.21,25.09,-77.35
pH1,4/2/26 12:42,8.23,25.11,-78.78
pH1,4/2/26 12:43,8.25,25.14,-79.56
pH1,4/2/26 12:44,8.25,25.14,-80
pH1,4/2/26 12:45,8.26,25.16,-80.22
pH1,4/2/26 12:46,8.26,25.19,-80.58
pH1,4/2/26 12:47,8.25,25.23,-80.03
pH1,4/2/26 12:48,8.24,25.23,-79.11
pH1,4/2/26 12:49,8.23,25.26,-78.69
pH1,4/2/26 12:50,8.24,25.28,-79.56
pH1,4/2/26 12:51,8.25,25.31,-79.66
pH1,4/2/26 12:52,8.25,25.33,-79.67
pH1,4/2/26 12:53,8.26,25.36,-80.3
pH1,4/2/26 12:54,8.26,25.38,-80.33
pH1,4/2/26 12:55,8.24,25.31,-79.02
pH1,4/2/26 12:56,8.23,25.28,-78.78
pH1,4/2/26 12:57,8.23,25.28,-78.52
pH1,4/2/26 12:58,8.21,25.28,-77.81
pH1,4/2/26 12:59,8.19,25.28,-76.5
pH1,4/2/26 13:00,8.18,25.28,-76.08
pH1,4/2/26 13:01,8.2,25.28,-76.86
pH1,4/2/26 13:02,8.2,25.26,-76.99
pH1,4/2/26 13:03,8.21,25.26,-77.28
pH1,4/2/26 13:04,8.23,25.28,-78.67
pH1,4/2/26 13:05,8.23,25.31,-78.92
pH1,4/2/26 13:06,8.24,25.38,-79.47
pH1,4/2/26 13:07,8.24,25.43,-79.56
pH1,4/2/26 13:08,8.23,25.4,-78.64
pH1,4/2/26 13:09,8.23,25.38,-78.64
pH1,4/2/26 13:10,8.24,25.38,-79.47
pH1,4/2/26 13:11,8.25,25.38,-79.72
pH1,4/2/26 13:12,8.25,25.4,-79.91
pH1,4/2/26 13:13,8.25,25.36,-80.06
pH1,4/2/26 13:14,8.24,25.36,-79.22
pH1,4/2/26 13:15,8.22,25.31,-77.91
pH1,4/2/26 13:16,8.21,25.28,-77.66
pH1,4/2/26 13:17,8.21,25.26,-77.72
pH1,4/2/26 13:18,8.22,25.23,-78.24
pH1,4/2/26 13:19,8.22,25.21,-78.03
pH1,4/2/26 13:20,8.22,25.19,-78.17
pH1,4/2/26 13:21,8.13,25.04,-73.05
pH1,4/2/26 13:22,8.16,25.04,-74.8
pH1,4/2/26 13:23,8.17,25.02,-75.24
pH1,4/2/26 13:24,8.15,24.94,-73.92
pH1,4/2/26 13:25,8.15,24.92,-73.96
pH1,4/2/26 13:26,8.14,24.87,-73.35
pH1,4/2/26 13:27,8.14,24.85,-73.67
pH1,4/2/26 13:28,8.15,24.8,-74.17
pH1,4/2/26 13:29,8.17,24.77,-74.86
pH1,4/2/26 13:30,8.18,24.77,-75.44
pH1,4/2/26 13:31,8.17,24.75,-75.38
pH1,4/2/26 13:32,8.18,24.73,-75.88
pH1,4/2/26 13:33,8.19,24.73,-76.49
pH1,4/2/26 13:34,8.2,24.68,-76.75
pH1,4/2/26 13:35,8.21,24.65,-77.44
pH1,4/2/26 13:36,8.2,24.6,-77.06
pH1,4/2/26 13:37,8.19,24.56,-75.99
pH1,4/2/26 13:38,8.18,24.51,-75.6
pH1,4/2/26 13:39,8.19,24.51,-76.1
pH1,4/2/26 13:40,8.21,24.51,-77.35
pH1,4/2/26 13:41,8.2,24.48,-76.71
pH1,4/2/26 13:42,8.21,24.46,-77.06
pH1,4/2/26 13:43,8.21,24.46,-77.42
pH1,4/2/26 13:44,8.21,24.44,-77.52
pH1,4/2/26 13:45,8.2,24.44,-76.92
pH1,4/2/26 13:46,8.19,24.41,-76.24
pH1,4/2/26 13:47,8.17,24.39,-74.85
pH1,4/2/26 13:48,8.17,24.36,-74.83
pH1,4/2/26 13:49,8.09,24.22,-70.46
pH1,4/2/26 13:50,8.06,23.98,-68.86
pH1,4/2/26 13:51,8.04,23.81,-67.3
pH1,4/2/26 13:52,8.01,23.71,-65.39
pH1,4/2/26 13:53,7.98,23.66,-63.66
pH1,4/2/26 13:54,7.94,23.59,-61.64
pH1,4/2/26 13:55,7.84,23.5,-55.89
pH1,4/2/26 13:56,7.75,23.42,-50.72
pH1,4/2/26 13:57,7.63,23.38,-43.91
pH1,4/2/26 13:58,7.57,23.38,-40.45
pH1,4/2/26 13:59,7.48,23.38,-34.84
pH1,4/2/26 14:00,7.32,23.3,-25.67
pH1,4/2/26 14:01,7.57,23.4,-40.38
pH1,4/2/26 14:02,8.05,23.35,-67.71
pH1,4/2/26 14:03,8.07,23.5,-68.97
pH1,4/2/26 14:04,8.07,23.86,-69.21
pH1,4/2/26 14:05,8.07,24.05,-69.31
pH1,4/2/26 14:06,8.07,24.19,-69.42
pH1,4/2/26 14:07,8.08,24.29,-69.58
pH1,4/2/26 14:08,8.08,24.34,-69.6
pH1,4/2/26 14:09,8.08,24.36,-69.6
pH1,4/2/26 14:10,8.08,24.44,-69.72
pH1,4/2/26 14:11,8.08,24.51,-69.77
pH1,4/2/26 14:12,8.08,24.6,-69.8
pH1,4/2/26 14:13,8.08,24.65,-69.8
pH1,4/2/26 14:14,8.08,24.68,-69.88
pH1,4/2/26 14:15,8.08,24.7,-69.94
pH1,4/2/26 14:16,8.08,24.75,-70
pH1,4/2/26 14:17,8.08,24.77,-70.03
pH1,4/2/26 14:18,8.08,24.77,-70.08
pH1,4/2/26 14:19,8.08,24.8,-70.14
pH1,4/2/26 14:20,8.08,24.8,-70.13
pH1,4/2/26 14:21,8.08,24.8,-70.14
pH1,4/2/26 14:22,8.09,24.8,-70.24
pH1,4/2/26 14:23,8.08,24.8,-70.19
pH1,4/2/26 14:24,8.09,24.8,-70.21
pH1,4/2/26 14:25,8.09,24.8,-70.25
pH1,4/2/26 14:26,8.09,24.77,-70.25
pH1,4/2/26 14:27,8.09,24.75,-70.3
pH1,4/2/26 14:28,8.09,24.75,-70.39
pH1,4/2/26 14:29,8.09,24.77,-70.42
pH1,4/2/26 14:30,8.09,24.75,-70.63
pH1,4/2/26 14:31,8.09,24.75,-70.58
pH1,4/2/26 14:32,8.09,24.73,-70.72
pH1,4/2/26 14:33,8.09,24.73,-70.56
pH1,4/2/26 14:34,8.09,24.7,-70.67
pH1,4/2/26 14:35,8.09,24.7,-70.63
pH1,4/2/26 14:36,8.09,24.68,-70.69
pH1,4/2/26 14:37,8.09,24.68,-70.63
pH1,4/2/26 14:38,8.09,24.68,-70.55
pH1,4/2/26 14:39,8.09,24.65,-70.61
pH1,4/2/26 14:40,8.09,24.68,-70.71
pH1,4/2/26 14:41,8.09,24.68,-70.63
pH1,4/2/26 14:42,8.09,24.68,-70.53
pH1,4/2/26 14:43,8.09,24.68,-70.53
pH1,4/2/26 14:44,8.09,24.7,-70.53
pH1,4/2/26 14:45,8.09,24.7,-70.58
pH1,4/2/26 14:46,8.09,24.7,-70.52
pH1,4/2/26 14:47,8.09,24.68,-70.35
pH1,4/2/26 14:48,8.09,24.65,-70.47
pH1,4/2/26 14:49,8.09,24.65,-70.47
pH1,4/2/26 14:50,8.09,24.65,-70.33
pH1,4/2/26 14:51,8.09,24.63,-70.22
pH1,4/2/26 14:52,8.09,24.6,-70.16
pH1,4/2/26 14:53,8.09,24.56,-70.17
pH1,4/2/26 14:54,8.09,24.56,-70.21
pH1,4/2/26 14:55,8.09,24.56,-70.21
pH1,4/2/26 14:56,8.09,24.53,-70.25
pH1,4/2/26 14:57,8.09,24.53,-70.22
pH1,4/2/26 14:58,8.08,24.56,-70.13
pH1,4/2/26 14:59,8.09,24.53,-70.24
pH1,4/2/26 15:00,8.09,24.48,-70.16
pH1,4/2/26 15:01,8.09,24.48,-70.17
pH1,4/2/26 15:02,8.08,24.44,-70.1
pH1,4/2/26 15:03,8.08,24.44,-70.02
pH1,4/2/26 15:04,8.08,24.44,-70
pH1,4/2/26 15:05,8.08,24.39,-70.06
pH1,4/2/26 15:06,8.09,24.39,-70.16
pH1,4/2/26 15:07,8.09,24.36,-70.16
pH1,4/2/26 15:08,8.08,24.34,-70.02
pH1,4/2/26 15:09,8.08,24.32,-70.03
pH1,4/2/26 15:10,8.08,24.29,-69.94
pH1,4/2/26 15:11,8.08,24.29,-69.99
pH1,4/2/26 15:12,8.08,24.27,-69.97
pH1,4/2/26 15:13,8.08,24.27,-69.99
pH1,4/2/26 15:14,8.08,24.27,-70
pH1,4/2/26 15:15,8.08,24.27,-69.97
pH1,4/2/26 15:16,8.08,24.27,-69.94
pH1,4/2/26 15:17,8.08,24.27,-69.99
pH1,4/2/26 15:18,8.08,24.27,-70.05
pH1,4/2/26 15:19,8.08,24.27,-70
pH1,4/2/26 15:20,8.08,24.27,-70
pH1,4/2/26 15:21,8.08,24.27,-70.02
pH1,4/2/26 15:22,8.08,24.29,-70
pH1,4/2/26 15:23,8.08,24.29,-69.94
pH1,4/2/26 15:24,8.08,24.29,-69.94
pH1,4/2/26 15:25,8.08,24.32,-70
pH1,4/2/26 15:26,8.08,24.32,-70.02
pH1,4/2/26 15:27,8.08,24.32,-69.96
pH1,4/2/26 15:28,8.08,24.34,-70.02
pH1,4/2/26 15:29,8.08,24.32,-70.03
pH1,4/2/26 15:30,8.08,24.32,-69.96
pH1,4/2/26 15:31,8.08,24.34,-70.1
pH1,4/2/26 15:32,8.09,24.36,-70.14
pH1,4/2/26 15:33,8.09,24.39,-70.25
pH1,4/2/26 15:34,8.08,24.39,-70.03
pH1,4/2/26 15:35,8.08,24.39,-69.94
pH1,4/2/26 15:36,8.08,24.36,-69.78
pH1,4/2/26 15:37,8.08,24.36,-69.85
pH1,4/2/26 15:38,8.08,24.36,-69.99
pH1,4/2/26 15:39,8.08,24.39,-70.11
pH1,4/2/26 15:40,8.08,24.41,-70.03
pH1,4/2/26 15:41,8.08,24.41,-70
pH1,4/2/26 15:42,8.08,24.44,-69.97
pH1,4/2/26 15:43,8.08,24.44,-70.05
pH1,4/2/26 15:44,8.08,24.44,-70.06
pH1,4/2/26 15:45,8.08,24.46,-70.05
pH1,4/2/26 15:46,8.08,24.44,-69.97
pH1,4/2/26 15:47,8.08,24.41,-69.92
pH1,4/2/26 15:48,8.08,24.41,-69.8
pH1,4/2/26 15:49,8.08,24.41,-69.86
pH1,4/2/26 15:50,8.08,24.41,-69.96
pH1,4/2/26 15:51,8.08,24.41,-70.05
pH1,4/2/26 15:52,8.08,24.41,-70
pH1,4/2/26 15:53,8.08,24.41,-69.85
pH1,4/2/26 15:54,8.08,24.39,-69.86
pH1,4/2/26 15:55,8.08,24.39,-69.89
pH1,4/2/26 15:56,8.08,24.41,-69.92
pH1,4/2/26 15:57,8.08,24.41,-69.96
pH1,4/2/26 15:58,8.09,24.44,-70.22
pH1,4/2/26 15:59,8.09,24.44,-70.3
pH1,4/2/26 16:00,8.08,24.46,-70.11
pH1,4/2/26 16:01,8.09,24.46,-70.14
pH1,4/2/26 16:02,8.08,24.44,-70.05
pH1,4/2/26 16:03,8.09,24.44,-70.14
pH1,4/2/26 16:04,8.08,24.44,-70.08
pH1,4/2/26 16:05,8.08,24.44,-70.11
pH1,4/2/26 16:06,8.09,24.41,-70.14
pH1,4/2/26 16:07,8.09,24.44,-70.13
pH1,4/2/26 16:08,8.08,24.44,-69.94
pH1,4/2/26 16:09,8.09,24.41,-70.14
pH1,4/2/26 16:10,8.08,24.44,-69.96
pH1,4/2/26 16:11,8.08,24.41,-69.94
pH1,4/2/26 16:12,8.08,24.41,-70
pH1,4/2/26 16:13,8.08,24.41,-70
pH1,4/2/26 16:14,8.08,24.41,-69.89
pH1,4/2/26 16:15,8.08,24.41,-69.81
pH1,4/2/26 16:16,8.08,24.41,-69.78
pH1,4/2/26 16:17,8.08,24.39,-69.8
pH1,4/2/26 16:18,8.08,24.36,-69.86
pH1,4/2/26 16:19,8.08,24.36,-69.71
pH1,4/2/26 16:20,8.08,24.36,-69.77
pH1,4/2/26 16:21,8.08,24.39,-69.96
pH1,4/2/26 16:22,8.08,24.36,-69.94
pH1,4/2/26 16:23,8.08,24.36,-70.1
pH1,4/2/26 16:24,8.09,24.36,-70.11
pH1,4/2/26 16:25,8.08,24.36,-70
pH1,4/2/26 16:26,8.08,24.36,-70
pH1,4/2/26 16:27,8.08,24.36,-69.92
pH1,4/2/26 16:28,8.08,24.36,-69.96
pH1,4/2/26 16:29,8.08,24.36,-69.94
pH1,4/2/26 16:30,8.08,24.34,-69.86
pH1,4/2/26 16:31,8.08,24.36,-69.8
pH1,4/2/26 16:32,8.08,24.36,-69.72
pH1,4/2/26 16:33,8.08,24.36,-69.71
pH1,4/2/26 16:34,8.08,24.34,-69.77
pH1,4/2/26 16:35,8.08,24.34,-69.75
pH1,4/2/26 16:36,8.08,24.34,-69.81
pH1,4/2/26 16:37,8.08,24.34,-69.91
pH1,4/2/26 16:38,8.08,24.34,-70
pH1,4/2/26 16:39,8.08,24.36,-70.08
pH1,4/2/26 16:40,8.08,24.36,-70
pH1,4/2/26 16:41,8.08,24.34,-69.77
pH1,4/2/26 16:42,8.08,24.34,-69.74
pH1,4/2/26 16:43,8.08,24.34,-69.67
pH1,4/2/26 16:44,8.08,24.34,-69.6
pH1,4/2/26 16:45,8.07,24.34,-69.52
pH1,4/2/26 16:46,8.07,24.32,-69.44
pH1,4/2/26 16:47,8.07,24.32,-69.41
pH1,4/2/26 16:48,8.07,24.29,-69.44
pH1,4/2/26 16:49,8.07,24.29,-69.44
pH1,4/2/26 16:50,8.07,24.29,-69.35
pH1,4/2/26 16:51,8.07,24.29,-69.33
pH1,4/2/26 16:52,8.07,24.29,-69.42
pH1,4/2/26 16:53,8.07,24.29,-69.49
pH1,4/2/26 16:54,8.08,24.27,-69.53
pH1,4/2/26 16:55,8.08,24.27,-69.56
pH1,4/2/26 16:56,8.07,24.27,-69.49
pH1,4/2/26 16:57,8.07,24.24,-69.33
pH1,4/2/26 16:58,8.07,24.24,-69.24
pH1,4/2/26 16:59,8.07,24.24,-69.16
pH1,4/2/26 17:00,8.07,24.24,-69.14
pH1,4/2/26 17:01,8.07,24.22,-69.16
pH1,4/2/26 17:02,8.07,24.22,-69.08
pH1,4/2/26 17:03,8.07,24.22,-69.08
pH1,4/2/26 17:04,8.07,24.19,-69.16
pH1,4/2/26 17:05,8.07,24.22,-69.19
pH1,4/2/26 17:06,8.07,24.19,-69.14
pH1,4/2/26 17:07,8.07,24.19,-69.1
pH1,4/2/26 17:08,8.07,24.19,-69.05
pH1,4/2/26 17:09,8.07,24.22,-68.94
pH1,4/2/26 17:10,8.06,24.19,-68.88
pH1,4/2/26 17:11,8.06,24.19,-68.86
pH1,4/2/26 17:12,8.06,24.19,-68.88
pH1,4/2/26 17:13,8.07,24.19,-68.94
pH1,4/2/26 17:14,8.07,24.19,-69
pH1,4/2/26 17:15,8.07,24.19,-68.94
pH1,4/2/26 17:16,8.06,24.19,-68.89
pH1,4/2/26 17:17,8.06,24.17,-68.75
pH1,4/2/26 17:18,8.06,24.17,-68.75
pH1,4/2/26 17:19,8.06,24.17,-68.77
pH1,4/2/26 17:20,8.06,24.17,-68.69
pH1,4/2/26 17:21,8.06,24.17,-68.63
pH1,4/2/26 17:22,8.06,24.15,-68.56
pH1,4/2/26 17:23,8.06,24.15,-68.53
pH1,4/2/26 17:24,8.06,24.15,-68.39
pH1,4/2/26 17:25,8.06,24.15,-68.38
pH1,4/2/26 17:26,8.06,24.15,-68.39
pH1,4/2/26 17:27,8.06,24.15,-68.38
pH1,4/2/26 17:28,8.06,24.15,-68.35
pH1,4/2/26 17:29,8.06,24.15,-68.38
pH1,4/2/26 17:30,8.06,24.15,-68.41
pH1,4/2/26 17:31,8.05,24.15,-68.17
pH1,4/2/26 17:32,8.05,24.17,-68.05
pH1,4/2/26 17:33,8.05,24.17,-67.97
pH1,4/2/26 17:34,8.05,24.17,-67.91
pH1,4/2/26 17:35,8.05,24.17,-68
pH1,4/2/26 17:36,8.05,24.17,-68.03
pH1,4/2/26 17:37,8.05,24.17,-68.1
pH1,4/2/26 17:38,8.05,24.15,-67.97
pH1,4/2/26 17:39,8.05,24.15,-67.94
pH1,4/2/26 17:40,8.05,24.15,-67.88
pH1,4/2/26 17:41,8.05,24.15,-67.81
pH1,4/2/26 17:42,8.05,24.15,-67.8
pH1,4/2/26 17:43,8.05,24.15,-67.8
pH1,4/2/26 17:44,8.04,24.15,-67.74
pH1,4/2/26 17:45,8.04,24.15,-67.63
pH1,4/2/26 17:46,8.04,24.15,-67.5
pH1,4/2/26 17:47,8.04,24.15,-67.5
pH1,4/2/26 17:48,8.04,24.15,-67.49
pH1,4/2/26 17:49,8.04,24.15,-67.46
pH1,4/2/26 17:50,8.04,24.15,-67.47
pH1,4/2/26 17:51,8.04,24.15,-67.47
pH1,4/2/26 17:52,8.04,24.15,-67.46
pH1,4/2/26 17:53,8.04,24.15,-67.46
pH1,4/2/26 17:54,8.04,24.15,-67.44
pH1,4/2/26 17:55,8.04,24.15,-67.49
pH1,4/2/26 17:56,8.04,24.15,-67.42
pH1,4/2/26 17:57,8.04,24.15,-67.31
pH1,4/2/26 17:58,8.04,24.15,-67.3
pH1,4/2/26 17:59,8.04,24.15,-67.25
pH1,4/2/26 18:00,8.04,24.15,-67.21
pH1,4/2/26 18:01,8.04,24.17,-67.21
pH1,4/2/26 18:02,8.03,24.17,-67.17
pH1,4/2/26 18:03,8.03,24.17,-67.17
pH1,4/2/26 18:04,8.03,24.17,-67.14
pH1,4/2/26 18:05,8.03,24.17,-67.11
pH1,4/2/26 18:06,8.03,24.17,-67.1
pH1,4/2/26 18:07,8.03,24.19,-67.06
pH1,4/2/26 18:08,8.03,24.19,-67.05
pH1,4/2/26 18:09,8.03,24.19,-67.03
pH1,4/2/26 18:10,8.03,24.19,-67.02
pH1,4/2/26 18:11,8.03,24.19,-67.02
pH1,4/2/26 18:12,8.03,24.19,-67
pH1,4/2/26 18:13,8.03,24.19,-67.02
pH1,4/2/26 18:14,8.03,24.19,-66.99
pH1,4/2/26 18:15,8.03,24.19,-66.99
pH1,4/2/26 18:16,8.03,24.19,-66.99
pH1,4/2/26 18:17,8.03,24.19,-67.03
pH1,4/2/26 18:18,8.03,24.19,-67.06
pH1,4/2/26 18:19,8.03,24.19,-67.05
pH1,4/2/26 18:20,8.03,24.19,-67.03
pH1,4/2/26 18:21,8.03,24.19,-67.02
pH1,4/2/26 18:22,8.03,24.19,-66.96
pH1,4/2/26 18:23,8.03,24.19,-66.91
pH1,4/2/26 18:24,8.03,24.19,-66.96
pH1,4/2/26 18:25,8.03,24.17,-66.96
pH1,4/2/26 18:26,8.03,24.17,-66.94
pH1,4/2/26 18:27,8.03,24.17,-66.96
pH1,4/2/26 18:28,8.03,24.17,-66.97
pH1,4/2/26 18:29,8.03,24.17,-66.97
pH1,4/2/26 18:30,8.03,24.17,-67
pH1,4/2/26 18:31,8.03,24.17,-67
pH1,4/2/26 18:32,8.03,24.17,-66.99
pH1,4/2/26 18:33,8.03,24.15,-67.02
pH1,4/2/26 18:34,8.03,24.15,-67.03
pH1,4/2/26 18:35,8.03,24.15,-67.03
pH1,4/2/26 18:36,8.03,24.15,-67.05
pH1,4/2/26 18:37,8.03,24.15,-67.1
pH1,4/2/26 18:38,8.03,24.15,-67.08
pH1,4/2/26 18:39,8.03,24.12,-67.14
pH1,4/2/26 18:40,8.04,24.12,-67.17
pH1,4/2/26 18:41,8.04,24.12,-67.17
pH1,4/2/26 18:42,8.04,24.12,-67.17
pH1,4/2/26 18:43,8.03,24.12,-67.16
pH1,4/2/26 18:44,8.03,24.12,-67.13
pH1,4/2/26 18:45,8.03,24.1,-67.14
pH1,4/2/26 18:46,8.03,24.1,-67.14
pH1,4/2/26 18:47,8.04,24.1,-67.17
pH1,4/2/26 18:48,8.04,24.1,-67.19
pH1,4/2/26 18:49,8.03,24.1,-67.16
pH1,4/2/26 18:50,8.04,24.1,-67.21
pH1,4/2/26 18:51,8.04,24.07,-67.19
pH1,4/2/26 18:52,8.04,24.07,-67.17
pH1,4/2/26 18:53,8.04,24.07,-67.19
pH1,4/2/26 18:54,8.04,24.07,-67.22
pH1,4/2/26 18:55,8.04,24.05,-67.22
pH1,4/2/26 18:56,8.04,24.05,-67.17
pH1,4/2/26 18:57,8.04,24.05,-67.16
pH1,4/2/26 18:58,8.04,24.05,-67.17
pH1,4/2/26 18:59,8.04,24.05,-67.27
pH1,4/2/26 19:00,8.04,24.05,-67.35
pH1,4/2/26 19:01,8.04,24.05,-67.36
pH1,4/2/26 19:02,8.04,24.05,-67.3
pH1,4/2/26 19:03,8.04,24.05,-67.28
pH1,4/2/26 19:04,8.04,24.05,-67.3
pH1,4/2/26 19:05,8.04,24.05,-67.28
pH1,4/2/26 19:06,8.04,24.05,-67.24
pH1,4/2/26 19:07,8.04,24.05,-67.27
pH1,4/2/26 19:08,8.04,24.03,-67.27
pH1,4/2/26 19:09,8.04,24.03,-67.25
pH1,4/2/26 19:10,8.04,24.03,-67.28
pH1,4/2/26 19:11,8.04,24.03,-67.3
pH1,4/2/26 19:12,8.04,24.03,-67.3
pH1,4/2/26 19:13,8.04,24.03,-67.27
pH1,4/2/26 19:14,8.04,24.03,-67.25
pH1,4/2/26 19:15,8.04,24.03,-67.21
pH1,4/2/26 19:16,8.04,24.03,-67.19
pH1,4/2/26 19:17,8.04,24.03,-67.17
pH1,4/2/26 19:18,8.04,24.03,-67.16
pH1,4/2/26 19:19,8.03,24.03,-67.08
pH1,4/2/26 19:20,8.03,24.03,-67.08
pH1,4/2/26 19:21,8.03,24.03,-67.1
pH1,4/2/26 19:22,8.03,24.03,-67.03
pH1,4/2/26 19:23,8.03,24.03,-66.97
pH1,4/2/26 19:24,8.03,24.03,-66.91
pH1,4/2/26 19:25,8.03,24.03,-66.89
pH1,4/2/26 19:26,8.03,24.03,-66.94
pH1,4/2/26 19:27,8.03,24.03,-67
pH1,4/2/26 19:28,8.03,24.05,-66.94
pH1,4/2/26 19:29,8.03,24.05,-66.85
pH1,4/2/26 19:30,8.03,24.05,-66.77
pH1,4/2/26 19:31,8.03,24.05,-66.71
pH1,4/2/26 19:32,8.03,24.07,-66.75
pH1,4/2/26 19:33,8.03,24.07,-66.83
pH1,4/2/26 19:34,8.03,24.07,-66.83
pH1,4/2/26 19:35,8.03,24.07,-66.85
pH1,4/2/26 19:36,8.03,24.07,-66.88
pH1,4/2/26 19:37,8.03,24.07,-66.91
pH1,4/2/26 19:38,8.03,24.07,-66.89
pH1,4/2/26 19:39,8.03,24.07,-66.91
pH1,4/2/26 19:40,8.03,24.07,-66.85
pH1,4/2/26 19:41,8.03,24.07,-66.78
pH1,4/2/26 19:42,8.03,24.07,-66.72
pH1,4/2/26 19:43,8.03,24.07,-66.75
pH1,4/2/26 19:44,8.03,24.07,-66.81
pH1,4/2/26 19:45,8.03,24.07,-66.78
pH1,4/2/26 19:46,8.03,24.07,-66.8
pH1,4/2/26 19:47,8.03,24.07,-66.81
pH1,4/2/26 19:48,8.03,24.07,-66.81
pH1,4/2/26 19:49,8.03,24.07,-66.81
pH1,4/2/26 19:50,8.03,24.07,-66.91
pH1,4/2/26 19:51,8.03,24.07,-66.92
pH1,4/2/26 19:52,8.03,24.07,-66.89
pH1,4/2/26 19:53,8.03,24.07,-66.99
pH1,4/2/26 19:54,8.03,24.07,-67.05
pH1,4/2/26 19:55,8.03,24.07,-67.03
pH1,4/2/26 19:56,8.03,24.07,-67
pH1,4/2/26 19:57,8.03,24.07,-66.99
pH1,4/2/26 19:58,8.03,24.07,-66.94
pH1,4/2/26 19:59,8.03,24.07,-66.96
pH1,4/2/26 20:00,8.03,24.07,-66.97
pH1,4/2/26 20:01,8.03,24.05,-67.02
pH1,4/2/26 20:02,8.03,24.05,-67.03
pH1,4/2/26 20:03,8.03,24.05,-67.03
pH1,4/2/26 20:04,8.03,24.05,-66.97
pH1,4/2/26 20:05,8.03,24.05,-66.94
pH1,4/2/26 20:06,8.03,24.05,-66.99
pH1,4/2/26 20:07,8.03,24.05,-67
pH1,4/2/26 20:08,8.03,24.05,-67
pH1,4/2/26 20:09,8.03,24.05,-66.99
pH1,4/2/26 20:10,8.03,24.05,-66.96
pH1,4/2/26 20:11,8.03,24.05,-66.97
pH1,4/2/26 20:12,8.03,24.05,-66.94
pH1,4/2/26 20:13,8.03,24.05,-66.96
pH1,4/2/26 20:14,8.03,24.05,-66.94
pH1,4/2/26 20:15,8.03,24.05,-66.92
pH1,4/2/26 20:16,8.03,24.05,-66.94
pH1,4/2/26 20:17,8.03,24.05,-66.99
pH1,4/2/26 20:18,8.03,24.05,-66.96
pH1,4/2/26 20:19,8.03,24.05,-66.91
pH1,4/2/26 20:20,8.03,24.05,-66.91
pH1,4/2/26 20:21,8.03,24.03,-66.92
pH1,4/2/26 20:22,8.03,24.03,-66.91
pH1,4/2/26 20:23,8.03,24.03,-66.88
pH1,4/2/26 20:24,8.03,24.03,-66.88
pH1,4/2/26 20:25,8.03,24.03,-66.86
pH1,4/2/26 20:26,8.03,24.03,-66.83
pH1,4/2/26 20:27,8.03,24.03,-66.8
pH1,4/2/26 20:28,8.03,24.03,-66.83
pH1,4/2/26 20:29,8.03,24.03,-66.88
pH1,4/2/26 20:30,8.03,24.03,-66.86
pH1,4/2/26 20:31,8.03,24.03,-66.83
pH1,4/2/26 20:32,8.03,24.03,-66.8
pH1,4/2/26 20:33,8.03,24.03,-66.81
pH1,4/2/26 20:34,8.03,24.03,-66.8
pH1,4/2/26 20:35,8.03,24.03,-66.81
pH1,4/2/26 20:36,8.03,24.03,-66.83
pH1,4/2/26 20:37,8.03,24.03,-66.83
pH1,4/2/26 20:38,8.03,24.03,-66.81
pH1,4/2/26 20:39,8.03,24.03,-66.81
pH1,4/2/26 20:40,8.03,24.03,-66.81
pH1,4/2/26 20:41,8.03,24.03,-66.78
pH1,4/2/26 20:42,8.03,24.03,-66.78
pH1,4/2/26 20:43,8.03,24.03,-66.77
pH1,4/2/26 20:44,8.03,24.03,-66.72
pH1,4/2/26 20:45,8.03,24.03,-66.75
pH1,4/2/26 20:46,8.03,24.03,-66.85
pH1,4/2/26 20:47,8.03,24,-66.8
pH1,4/2/26 20:48,8.03,24,-66.89
pH1,4/2/26 20:49,8.03,24,-66.92
pH1,4/2/26 20:50,8.03,24,-66.92
pH1,4/2/26 20:51,8.03,24,-66.86
pH1,4/2/26 20:52,8.03,24,-66.74
pH1,4/2/26 20:53,8.03,24,-66.67
pH1,4/2/26 20:54,8.03,24,-66.67
pH1,4/2/26 20:55,8.03,24,-66.63
pH1,4/2/26 20:56,8.03,24,-66.58
pH1,4/2/26 20:57,8.02,24,-66.5
pH1,4/2/26 20:58,8.02,24,-66.5
pH1,4/2/26 20:59,8.02,24,-66.49
pH1,4/2/26 21:00,8.02,24.03,-66.39
pH1,4/2/26 21:01,8.02,24.03,-66.35
pH1,4/2/26 21:02,8.02,24.03,-66.42
pH1,4/2/26 21:03,8.02,24.03,-66.42
pH1,4/2/26 21:04,8.02,24.03,-66.42
pH1,4/2/26 21:05,8.02,24.03,-66.44
pH1,4/2/26 21:06,8.02,24.03,-66.36
pH1,4/2/26 21:07,8.02,24.03,-66.33
pH1,4/2/26 21:08,8.02,24.03,-66.33
pH1,4/2/26 21:09,8.02,24.03,-66.42
pH1,4/2/26 21:10,8.02,24.03,-66.46
pH1,4/2/26 21:11,8.02,24.03,-66.47
pH1,4/2/26 21:12,8.02,24.03,-66.42
pH1,4/2/26 21:13,8.02,24.03,-66.42
pH1,4/2/26 21:14,8.02,24.03,-66.47
pH1,4/2/26 21:15,8.02,24.03,-66.46
pH1,4/2/26 21:16,8.02,24,-66.52
pH1,4/2/26 21:17,8.03,24,-66.6
pH1,4/2/26 21:18,8.03,24,-66.58
pH1,4/2/26 21:19,8.03,24,-66.61
pH1,4/2/26 21:20,8.03,24,-66.64
pH1,4/2/26 21:21,8.03,24,-66.63
pH1,4/2/26 21:22,8.03,24,-66.67
pH1,4/2/26 21:23,8.03,24,-66.67
pH1,4/2/26 21:24,8.03,24,-66.64
pH1,4/2/26 21:25,8.03,24,-66.58
pH1,4/2/26 21:26,8.02,24,-66.53
pH1,4/2/26 21:27,8.03,24,-66.61
pH1,4/2/26 21:28,8.03,24,-66.61
pH1,4/2/26 21:29,8.02,24,-66.56
pH1,4/2/26 21:30,8.02,24,-66.56
pH1,4/2/26 21:31,8.03,24,-66.61
pH1,4/2/26 21:32,8.03,24,-66.61
pH1,4/2/26 21:33,8.03,24,-66.6
pH1,4/2/26 21:34,8.03,24,-66.61
pH1,4/2/26 21:35,8.02,24,-66.53
pH1,4/2/26 21:36,8.02,24,-66.53
pH1,4/2/26 21:37,8.03,24,-66.61
pH1,4/2/26 21:38,8.03,24,-66.71
pH1,4/2/26 21:39,8.03,24,-66.69
pH1,4/2/26 21:40,8.03,24,-66.63
pH1,4/2/26 21:41,8.02,24,-66.55
pH1,4/2/26 21:42,8.02,24,-66.46
pH1,4/2/26 21:43,8.02,24,-66.46
pH1,4/2/26 21:44,8.02,24,-66.46
pH1,4/2/26 21:45,8.02,24,-66.47
pH1,4/2/26 21:46,8.02,24,-66.47
pH1,4/2/26 21:47,8.02,24,-66.53
pH1,4/2/26 21:48,8.03,24,-66.58
pH1,4/2/26 21:49,8.03,24,-66.67
pH1,4/2/26 21:50,8.03,24,-66.67
pH1,4/2/26 21:51,8.03,24,-66.66
pH1,4/2/26 21:52,8.03,24,-66.67
pH1,4/2/26 21:53,8.03,24,-66.63
pH1,4/2/26 21:54,8.02,23.98,-66.56
pH1,4/2/26 21:55,8.03,23.98,-66.6
pH1,4/2/26 21:56,8.03,23.98,-66.58
pH1,4/2/26 21:57,8.02,23.98,-66.53
pH1,4/2/26 21:58,8.02,23.98,-66.53
pH1,4/2/26 21:59,8.02,23.98,-66.52
pH1,4/2/26 22:00,8.02,23.98,-66.44
pH1,4/2/26 22:01,8.02,23.98,-66.46
pH1,4/2/26 22:02,8.02,23.98,-66.49
pH1,4/2/26 22:03,8.02,23.98,-66.49
pH1,4/2/26 22:04,8.02,23.98,-66.49
pH1,4/2/26 22:05,8.02,23.98,-66.44
pH1,4/2/26 22:06,8.02,23.98,-66.44
pH1,4/2/26 22:07,8.02,23.98,-66.44
pH1,4/2/26 22:08,8.02,23.98,-66.49
pH1,4/2/26 22:09,8.02,23.98,-66.47
pH1,4/2/26 22:10,8.02,23.98,-66.38
pH1,4/2/26 22:11,8.02,23.98,-66.46
pH1,4/2/26 22:12,8.02,23.98,-66.46
pH1,4/2/26 22:13,8.02,23.98,-66.42
pH1,4/2/26 22:14,8.02,23.98,-66.38
pH1,4/2/26 22:15,8.02,23.98,-66.35
pH1,4/2/26 22:16,8.02,23.98,-66.31
pH1,4/2/26 22:17,8.02,23.98,-66.28
pH1,4/2/26 22:18,8.02,23.98,-66.25
pH1,4/2/26 22:19,8.02,23.98,-66.22
pH1,4/2/26 22:20,8.02,23.98,-66.28
pH1,4/2/26 22:21,8.02,23.98,-66.28
pH1,4/2/26 22:22,8.02,23.98,-66.24
pH1,4/2/26 22:23,8.02,23.98,-66.17
pH1,4/2/26 22:24,8.02,23.98,-66.17
pH1,4/2/26 22:25,8.02,23.98,-66.22
pH1,4/2/26 22:26,8.02,23.95,-66.17
pH1,4/2/26 22:27,8.02,23.95,-66.14
pH1,4/2/26 22:28,8.02,23.95,-66.06
pH1,4/2/26 22:29,8.02,23.95,-66.06
pH1,4/2/26 22:30,8.02,23.95,-66.02
pH1,4/2/26 22:31,8.01,23.95,-65.94
pH1,4/2/26 22:32,8.01,23.95,-65.85
pH1,4/2/26 22:33,8.01,23.95,-65.85
pH1,4/2/26 22:34,8.01,23.95,-65.91
pH1,4/2/26 22:35,8.01,23.95,-65.97
pH1,4/2/26 22:36,8.02,23.95,-66.02
pH1,4/2/26 22:37,8.01,23.95,-65.97
pH1,4/2/26 22:38,8.01,23.95,-65.91
pH1,4/2/26 22:39,8.01,23.95,-65.89
pH1,4/2/26 22:40,8.01,23.95,-65.85
pH1,4/2/26 22:41,8.01,23.95,-65.83
pH1,4/2/26 22:42,8.01,23.95,-65.81
pH1,4/2/26 22:43,8.01,23.95,-65.89
pH1,4/2/26 22:44,8.01,23.95,-65.89
pH1,4/2/26 22:45,8.01,23.95,-65.88
pH1,4/2/26 22:46,8.01,23.95,-65.83
pH1,4/2/26 22:47,8.01,23.95,-65.78
pH1,4/2/26 22:48,8.01,23.95,-65.8
pH1,4/2/26 22:49,8.01,23.95,-65.85
pH1,4/2/26 22:50,8.01,23.95,-65.81
pH1,4/2/26 22:51,8.01,23.95,-65.83
pH1,4/2/26 22:52,8.01,23.95,-65.72
pH1,4/2/26 22:53,8.01,23.95,-65.72
pH1,4/2/26 22:54,8.01,23.95,-65.72
pH1,4/2/26 22:55,8.01,23.95,-65.69
pH1,4/2/26 22:56,8.01,23.95,-65.61
pH1,4/2/26 22:57,8.01,23.95,-65.63
pH1,4/2/26 22:58,8.01,23.95,-65.72
pH1,4/2/26 22:59,8.01,23.95,-65.74
pH1,4/2/26 23:00,8.01,23.95,-65.69
pH1,4/2/26 23:01,8.01,23.95,-65.63
pH1,4/2/26 23:02,8.01,23.95,-65.6
pH1,4/2/26 23:03,8.01,23.95,-65.56
pH1,4/2/26 23:04,8.01,23.95,-65.53
pH1,4/2/26 23:05,8.01,23.95,-65.56
pH1,4/2/26 23:06,8.01,23.95,-65.55
pH1,4/2/26 23:07,8.01,23.95,-65.55
pH1,4/2/26 23:08,8.01,23.95,-65.55
pH1,4/2/26 23:09,8.01,23.95,-65.46
pH1,4/2/26 23:10,8,23.95,-65.36
pH1,4/2/26 23:11,8,23.95,-65.35
pH1,4/2/26 23:12,8,23.95,-65.3
pH1,4/2/26 23:13,8,23.95,-65.28
pH1,4/2/26 23:14,8,23.95,-65.3
pH1,4/2/26 23:15,8,23.95,-65.33
pH1,4/2/26 23:16,8,23.95,-65.31
pH1,4/2/26 23:17,8,23.95,-65.33
pH1,4/2/26 23:18,8,23.95,-65.35
pH1,4/2/26 23:19,8,23.95,-65.33
pH1,4/2/26 23:20,8,23.95,-65.38
pH1,4/2/26 23:21,8.01,23.95,-65.5
pH1,4/2/26 23:22,8.01,23.95,-65.63
pH1,4/2/26 23:23,8.01,23.95,-65.71
pH1,4/2/26 23:24,8.01,23.95,-65.74
pH1,4/2/26 23:25,8.01,23.95,-65.71
pH1,4/2/26 23:26,8.01,23.95,-65.71
pH1,4/2/26 23:27,8.01,23.95,-65.71
pH1,4/2/26 23:28,8.01,23.95,-65.64
pH1,4/2/26 23:29,8.01,23.95,-65.69
pH1,4/2/26 23:30,8.01,23.95,-65.66
pH1,4/2/26 23:31,8.01,23.95,-65.69
pH1,4/2/26 23:32,8.01,23.93,-65.63
pH1,4/2/26 23:33,8.01,23.93,-65.56
pH1,4/2/26 23:34,8.01,23.93,-65.5
pH1,4/2/26 23:35,8.01,23.93,-65.64
pH1,4/2/26 23:36,8.01,23.93,-65.74
pH1,4/2/26 23:37,8.01,23.93,-65.71
pH1,4/2/26 23:38,8.01,23.93,-65.67
pH1,4/2/26 23:39,8.01,23.93,-65.6
pH1,4/2/26 23:40,8.01,23.93,-65.52
pH1,4/2/26 23:41,8.01,23.93,-65.58
pH1,4/2/26 23:42,8.01,23.93,-65.66
pH1,4/2/26 23:43,8.01,23.93,-65.72
pH1,4/2/26 23:44,8.01,23.91,-65.77
pH1,4/2/26 23:45,8.01,23.91,-65.71
pH1,4/2/26 23:46,8.01,23.91,-65.67
pH1,4/2/26 23:47,8.01,23.91,-65.67
pH1,4/2/26 23:48,8.01,23.91,-65.69
pH1,4/2/26 23:49,8.01,23.91,-65.74
pH1,4/2/26 23:50,8.01,23.91,-65.78
pH1,4/2/26 23:51,8.01,23.91,-65.85
pH1,4/2/26 23:52,8.01,23.91,-65.83
pH1,4/2/26 23:53,8.01,23.91,-65.77
pH1,4/2/26 23:54,8.01,23.91,-65.69
pH1,4/2/26 23:55,8.01,23.91,-65.64
pH1,4/2/26 23:56,8.01,23.91,-65.64
pH1,4/2/26 23:57,8.01,23.93,-65.6
pH1,4/2/26 23:58,8.01,23.93,-65.58
pH1,4/2/26 23:59,8.01,23.93,-65.53
pH1,4/3/26 0:00,8.01,23.95,-65.55
pH1,4/3/26 0:01,8.01,23.95,-65.52
pH1,4/3/26 0:02,8.01,23.95,-65.5
pH1,4/3/26 0:03,8.01,23.98,-65.49
pH1,4/3/26 0:04,8.01,23.98,-65.44
pH1,4/3/26 0:05,8,23.98,-65.41
pH1,4/3/26 0:06,8,23.98,-65.36
pH1,4/3/26 0:07,8,23.98,-65.3
pH1,4/3/26 0:08,8,23.98,-65.28
pH1,4/3/26 0:09,8,24,-65.31
pH1,4/3/26 0:10,8,24,-65.3
pH1,4/3/26 0:11,8,24,-65.28
pH1,4/3/26 0:12,8,24,-65.3
pH1,4/3/26 0:13,8,24,-65.27
pH1,4/3/26 0:14,8,24,-65.17
pH1,4/3/26 0:15,8,24,-65.11
pH1,4/3/26 0:16,8,24,-65.1
pH1,4/3/26 0:17,8,24,-65.14
pH1,4/3/26 0:18,8,24,-65.19
pH1,4/3/26 0:19,8,24,-65.16
pH1,4/3/26 0:20,8,24,-65.25
pH1,4/3/26 0:21,8,24,-65.28
pH1,4/3/26 0:22,8,24,-65.27
pH1,4/3/26 0:23,8,24,-65.19
pH1,4/3/26 0:24,8,24,-65.17
pH1,4/3/26 0:25,8,24,-65.21
pH1,4/3/26 0:26,8,24,-65.35
pH1,4/3/26 0:27,8,24,-65.41
pH1,4/3/26 0:28,8.01,24,-65.47
pH1,4/3/26 0:29,8.01,24,-65.52
pH1,4/3/26 0:30,8.01,24,-65.52
pH1,4/3/26 0:31,8.01,24,-65.47
pH1,4/3/26 0:32,8,23.98,-65.41
pH1,4/3/26 0:33,8.01,23.98,-65.42
pH1,4/3/26 0:34,8.01,23.98,-65.47
pH1,4/3/26 0:35,8.01,23.98,-65.49
pH1,4/3/26 0:36,8.01,23.98,-65.49
pH1,4/3/26 0:37,8.01,23.98,-65.5
pH1,4/3/26 0:38,8.01,23.98,-65.5
pH1,4/3/26 0:39,8.01,23.98,-65.53
pH1,4/3/26 0:40,8.01,23.98,-65.56
pH1,4/3/26 0:41,8.01,23.98,-65.53
pH1,4/3/26 0:42,8.01,23.95,-65.55
pH1,4/3/26 0:43,8.01,23.95,-65.46
pH1,4/3/26 0:44,8,23.95,-65.38
pH1,4/3/26 0:45,8,23.95,-65.31
pH1,4/3/26 0:46,8,23.95,-65.24
pH1,4/3/26 0:47,8,23.95,-65.28
pH1,4/3/26 0:48,8,23.95,-65.3
pH1,4/3/26 0:49,8,23.95,-65.28
pH1,4/3/26 0:50,8,23.95,-65.33
pH1,4/3/26 0:51,8,23.95,-65.3
pH1,4/3/26 0:52,8,23.95,-65.21
pH1,4/3/26 0:53,8,23.95,-65.16
pH1,4/3/26 0:54,8,23.95,-65.16
pH1,4/3/26 0:55,8,23.95,-65.03
pH1,4/3/26 0:56,8,23.95,-65.06
pH1,4/3/26 0:57,8,23.95,-65.06
pH1,4/3/26 0:58,8,23.95,-65.11
pH1,4/3/26 0:59,8,23.95,-65.11
pH1,4/3/26 1:00,8,23.95,-65.02
pH1,4/3/26 1:01,8,23.95,-64.96
pH1,4/3/26 1:02,8,23.95,-64.85
pH1,4/3/26 1:03,7.99,23.95,-64.8
pH1,4/3/26 1:04,8,23.95,-64.85
pH1,4/3/26 1:05,7.99,23.98,-64.81
pH1,4/3/26 1:06,7.99,23.98,-64.78
pH1,4/3/26 1:07,7.99,23.98,-64.81
pH1,4/3/26 1:08,7.99,23.98,-64.81
pH1,4/3/26 1:09,7.99,23.98,-64.81
pH1,4/3/26 1:10,7.99,23.98,-64.74
pH1,4/3/26 1:11,7.99,23.98,-64.78
pH1,4/3/26 1:12,7.99,23.98,-64.77
pH1,4/3/26 1:13,8,23.98,-64.85
pH1,4/3/26 1:14,7.99,23.98,-64.81
pH1,4/3/26 1:15,7.99,23.98,-64.78
pH1,4/3/26 1:16,7.99,23.98,-64.74
pH1,4/3/26 1:17,7.99,23.98,-64.66
pH1,4/3/26 1:18,7.99,23.98,-64.58
pH1,4/3/26 1:19,7.99,23.98,-64.58
pH1,4/3/26 1:20,7.99,23.98,-64.64
pH1,4/3/26 1:21,7.99,23.98,-64.67
pH1,4/3/26 1:22,7.99,23.98,-64.69
pH1,4/3/26 1:23,7.99,23.98,-64.69
pH1,4/3/26 1:24,7.99,23.98,-64.6
pH1,4/3/26 1:25,7.99,23.98,-64.55
pH1,4/3/26 1:26,7.99,23.98,-64.55
pH1,4/3/26 1:27,7.99,23.98,-64.53
pH1,4/3/26 1:28,7.99,23.98,-64.55
pH1,4/3/26 1:29,7.99,23.98,-64.49
pH1,4/3/26 1:30,7.99,24,-64.47
pH1,4/3/26 1:31,7.99,24,-64.41
pH1,4/3/26 1:32,7.99,24,-64.38
pH1,4/3/26 1:33,7.99,24,-64.38
pH1,4/3/26 1:34,7.99,24,-64.39
pH1,4/3/26 1:35,7.99,23.98,-64.44
pH1,4/3/26 1:36,7.99,23.98,-64.47
pH1,4/3/26 1:37,7.99,23.98,-64.36
pH1,4/3/26 1:38,7.99,23.98,-64.38
pH1,4/3/26 1:39,7.99,23.98,-64.42
pH1,4/3/26 1:40,7.99,24,-64.41
pH1,4/3/26 1:41,7.99,24,-64.36
pH1,4/3/26 1:42,7.99,24,-64.38
pH1,4/3/26 1:43,7.99,24,-64.42
pH1,4/3/26 1:44,7.99,24,-64.47
pH1,4/3/26 1:45,7.99,24,-64.44
pH1,4/3/26 1:46,7.99,24,-64.38
pH1,4/3/26 1:47,7.99,23.98,-64.36
pH1,4/3/26 1:48,7.99,23.98,-64.42
pH1,4/3/26 1:49,7.99,23.98,-64.44
pH1,4/3/26 1:50,7.99,23.98,-64.49
pH1,4/3/26 1:51,7.99,23.98,-64.5
pH1,4/3/26 1:52,7.99,23.98,-64.55
pH1,4/3/26 1:53,7.99,23.98,-64.55
pH1,4/3/26 1:54,7.99,23.98,-64.6
pH1,4/3/26 1:55,7.99,23.98,-64.61
pH1,4/3/26 1:56,7.99,23.98,-64.63
pH1,4/3/26 1:57,7.99,23.98,-64.61
pH1,4/3/26 1:58,7.99,23.98,-64.61
pH1,4/3/26 1:59,7.99,23.98,-64.61
pH1,4/3/26 2:00,7.99,23.98,-64.63
pH1,4/3/26 2:01,7.99,23.98,-64.6
pH1,4/3/26 2:02,7.99,23.98,-64.64
pH1,4/3/26 2:03,7.99,23.98,-64.64
pH1,4/3/26 2:04,7.99,23.98,-64.6
pH1,4/3/26 2:05,7.99,23.98,-64.6
pH1,4/3/26 2:06,7.99,23.98,-64.53
pH1,4/3/26 2:07,7.99,23.98,-64.52
pH1,4/3/26 2:08,7.99,23.98,-64.47
pH1,4/3/26 2:09,7.99,23.98,-64.47
pH1,4/3/26 2:10,7.99,23.98,-64.46
pH1,4/3/26 2:11,7.99,23.98,-64.47
pH1,4/3/26 2:12,7.99,23.98,-64.47
pH1,4/3/26 2:13,7.99,23.98,-64.46
pH1,4/3/26 2:14,7.99,24,-64.41
pH1,4/3/26 2:15,7.99,24,-64.36
pH1,4/3/26 2:16,7.99,24,-64.55
pH1,4/3/26 2:17,7.99,24,-64.56
pH1,4/3/26 2:18,7.99,24,-64.58
pH1,4/3/26 2:19,7.99,24,-64.64
pH1,4/3/26 2:20,7.99,24,-64.6
pH1,4/3/26 2:21,7.99,24,-64.71
pH1,4/3/26 2:22,7.99,24,-64.69
pH1,4/3/26 2:23,7.99,24,-64.64
pH1,4/3/26 2:24,7.99,24,-64.64
pH1,4/3/26 2:25,7.99,24,-64.63
pH1,4/3/26 2:26,7.99,24,-64.66
pH1,4/3/26 2:27,7.99,24,-64.63
pH1,4/3/26 2:28,7.99,24,-64.61
pH1,4/3/26 2:29,7.99,24,-64.61
pH1,4/3/26 2:30,7.99,24,-64.71
pH1,4/3/26 2:31,7.99,24,-64.69
pH1,4/3/26 2:32,7.99,24,-64.67
pH1,4/3/26 2:33,7.99,24,-64.61
pH1,4/3/26 2:34,7.99,24,-64.55
pH1,4/3/26 2:35,7.99,24,-64.44
pH1,4/3/26 2:36,7.99,24,-64.46
pH1,4/3/26 2:37,7.99,24,-64.44
pH1,4/3/26 2:38,7.99,24,-64.47
pH1,4/3/26 2:39,7.99,24,-64.36
pH1,4/3/26 2:40,7.99,24,-64.41
pH1,4/3/26 2:41,7.99,24,-64.55
pH1,4/3/26 2:42,7.99,24,-64.55
pH1,4/3/26 2:43,7.99,24,-64.53
pH1,4/3/26 2:44,7.99,24,-64.64
pH1,4/3/26 2:45,7.99,24,-64.66
pH1,4/3/26 2:46,7.99,24,-64.69
pH1,4/3/26 2:47,7.99,24,-64.75
pH1,4/3/26 2:48,8,24,-64.86
pH1,4/3/26 2:49,8,24,-64.94
pH1,4/3/26 2:50,8,24,-65
pH1,4/3/26 2:51,8,24,-65.06
pH1,4/3/26 2:52,8,24,-65.06
pH1,4/3/26 2:53,8,24,-65.02
pH1,4/3/26 2:54,8,24,-65
pH1,4/3/26 2:55,8,23.98,-64.97
pH1,4/3/26 2:56,8,23.98,-64.92
pH1,4/3/26 2:57,8,23.98,-64.92
pH1,4/3/26 2:58,8,23.98,-64.89
pH1,4/3/26 2:59,8,23.98,-64.88
pH1,4/3/26 3:00,8,23.98,-64.86
pH1,4/3/26 3:01,8,23.98,-64.85
pH1,4/3/26 3:02,8,23.98,-64.89
pH1,4/3/26 3:03,8,23.98,-64.92
pH1,4/3/26 3:04,8,23.98,-64.91
pH1,4/3/26 3:05,8,23.98,-64.85
pH1,4/3/26 3:06,7.99,23.95,-64.69
pH1,4/3/26 3:07,7.99,23.95,-64.61
pH1,4/3/26 3:08,7.99,23.95,-64.53
pH1,4/3/26 3:09,7.99,23.95,-64.5
pH1,4/3/26 3:10,7.99,23.95,-64.6
pH1,4/3/26 3:11,7.99,23.95,-64.5
pH1,4/3/26 3:12,7.99,23.95,-64.46
pH1,4/3/26 3:13,7.99,23.95,-64.39
pH1,4/3/26 3:14,7.99,23.95,-64.33
pH1,4/3/26 3:15,7.98,23.95,-64.24
pH1,4/3/26 3:16,7.98,23.95,-64.16
pH1,4/3/26 3:17,7.98,23.95,-64.06
pH1,4/3/26 3:18,7.98,23.95,-63.96
pH1,4/3/26 3:19,7.98,23.95,-63.86
pH1,4/3/26 3:20,7.98,23.95,-63.78
pH1,4/3/26 3:21,7.98,23.95,-63.8
pH1,4/3/26 3:22,7.98,23.95,-63.88
pH1,4/3/26 3:23,7.98,23.95,-63.99
pH1,4/3/26 3:24,7.98,23.95,-64.1
pH1,4/3/26 3:25,7.98,23.95,-64.21
pH1,4/3/26 3:26,7.99,23.93,-64.3
pH1,4/3/26 3:27,7.99,23.93,-64.38
pH1,4/3/26 3:28,7.99,23.93,-64.44
pH1,4/3/26 3:29,7.99,23.93,-64.47
pH1,4/3/26 3:30,7.99,23.93,-64.49
pH1,4/3/26 3:31,7.99,23.93,-64.55
pH1,4/3/26 3:32,7.99,23.93,-64.55
pH1,4/3/26 3:33,7.99,23.93,-64.46
pH1,4/3/26 3:34,7.99,23.93,-64.31
pH1,4/3/26 3:35,7.99,23.93,-64.3
pH1,4/3/26 3:36,7.99,23.93,-64.31
pH1,4/3/26 3:37,7.99,23.93,-64.27
pH1,4/3/26 3:38,7.98,23.93,-64.24
pH1,4/3/26 3:39,7.99,23.95,-64.33
pH1,4/3/26 3:40,7.99,23.93,-64.36
pH1,4/3/26 3:41,7.99,23.93,-64.38
pH1,4/3/26 3:42,7.99,23.93,-64.38
pH1,4/3/26 3:43,7.99,23.93,-64.41
pH1,4/3/26 3:44,7.99,23.93,-64.39
pH1,4/3/26 3:45,7.99,23.93,-64.39
pH1,4/3/26 3:46,7.99,23.93,-64.41
pH1,4/3/26 3:47,7.99,23.93,-64.42
pH1,4/3/26 3:48,7.99,23.95,-64.53
pH1,4/3/26 3:49,7.99,23.95,-64.53
pH1,4/3/26 3:50,7.99,23.95,-64.56
pH1,4/3/26 3:51,7.99,23.95,-64.58
pH1,4/3/26 3:52,7.99,23.95,-64.5
pH1,4/3/26 3:53,7.99,23.95,-64.5
pH1,4/3/26 3:54,7.99,23.95,-64.5
pH1,4/3/26 3:55,7.99,23.95,-64.47
pH1,4/3/26 3:56,7.99,23.95,-64.49
pH1,4/3/26 3:57,7.99,23.95,-64.44
pH1,4/3/26 3:58,7.99,23.95,-64.35
pH1,4/3/26 3:59,7.99,23.95,-64.3
pH1,4/3/26 4:00,7.99,23.95,-64.3
pH1,4/3/26 4:01,7.99,23.95,-64.28
pH1,4/3/26 4:02,7.99,23.95,-64.3
pH1,4/3/26 4:03,7.98,23.95,-64.25
pH1,4/3/26 4:04,7.98,23.95,-64.21
pH1,4/3/26 4:05,7.98,23.95,-64.14
pH1,4/3/26 4:06,7.98,23.95,-64.1
pH1,4/3/26 4:07,7.98,23.95,-64.06
pH1,4/3/26 4:08,7.98,23.95,-64.11
pH1,4/3/26 4:09,7.98,23.95,-64.03
pH1,4/3/26 4:10,7.98,23.95,-64
pH1,4/3/26 4:11,7.98,23.95,-64.05
pH1,4/3/26 4:12,7.98,23.95,-64.11
pH1,4/3/26 4:13,7.98,23.95,-64.08
pH1,4/3/26 4:14,7.98,23.95,-64.1
pH1,4/3/26 4:15,7.98,23.95,-64.14
pH1,4/3/26 4:16,7.98,23.95,-64.1
pH1,4/3/26 4:17,7.98,23.95,-63.99
pH1,4/3/26 4:18,7.98,23.95,-63.91
pH1,4/3/26 4:19,7.98,23.95,-63.92
pH1,4/3/26 4:20,7.98,23.93,-63.94
pH1,4/3/26 4:21,7.98,23.93,-63.83
pH1,4/3/26 4:22,7.98,23.93,-63.72
pH1,4/3/26 4:23,7.98,23.93,-63.77
pH1,4/3/26 4:24,7.98,23.93,-63.8
pH1,4/3/26 4:25,7.98,23.93,-63.77
pH1,4/3/26 4:26,7.98,23.95,-63.83
pH1,4/3/26 4:27,7.98,23.95,-63.89
pH1,4/3/26 4:28,7.98,23.95,-64.02
pH1,4/3/26 4:29,7.98,23.95,-64.05
pH1,4/3/26 4:30,7.98,23.95,-64.08
pH1,4/3/26 4:31,7.98,23.95,-64.05
pH1,4/3/26 4:32,7.98,23.95,-64.06
pH1,4/3/26 4:33,7.98,23.93,-64.02
pH1,4/3/26 4:34,7.98,23.93,-64
pH1,4/3/26 4:35,7.98,23.93,-63.96
pH1,4/3/26 4:36,7.98,23.93,-63.91
pH1,4/3/26 4:37,7.98,23.93,-63.83
pH1,4/3/26 4:38,7.98,23.93,-63.86
pH1,4/3/26 4:39,7.98,23.93,-63.78
pH1,4/3/26 4:40,7.98,23.93,-63.72
pH1,4/3/26 4:41,7.98,23.93,-63.71
pH1,4/3/26 4:42,7.98,23.93,-63.71
pH1,4/3/26 4:43,7.98,23.93,-63.69
pH1,4/3/26 4:44,7.98,23.93,-63.71
pH1,4/3/26 4:45,7.98,23.93,-63.81
pH1,4/3/26 4:46,7.98,23.95,-63.74
pH1,4/3/26 4:47,7.98,23.95,-63.72
pH1,4/3/26 4:48,7.98,23.95,-63.72
pH1,4/3/26 4:49,7.98,23.95,-63.69
pH1,4/3/26 4:50,7.98,23.95,-63.72
pH1,4/3/26 4:51,7.98,23.95,-63.8
pH1,4/3/26 4:52,7.98,23.93,-63.83
pH1,4/3/26 4:53,7.98,23.93,-63.94
pH1,4/3/26 4:54,7.98,23.93,-63.97
pH1,4/3/26 4:55,7.98,23.93,-63.96
pH1,4/3/26 4:56,7.98,23.93,-63.92
pH1,4/3/26 4:57,7.98,23.93,-63.92
pH1,4/3/26 4:58,7.98,23.93,-63.88
pH1,4/3/26 4:59,7.98,23.93,-63.88
pH1,4/3/26 5:00,7.98,23.93,-63.96
pH1,4/3/26 5:01,7.98,23.93,-63.91
pH1,4/3/26 5:02,7.98,23.93,-63.89
pH1,4/3/26 5:03,7.98,23.93,-63.88
pH1,4/3/26 5:04,7.98,23.93,-63.85
pH1,4/3/26 5:05,7.98,23.93,-63.78
pH1,4/3/26 5:06,7.98,23.93,-63.78
pH1,4/3/26 5:07,7.98,23.93,-63.77
pH1,4/3/26 5:08,7.98,23.93,-63.77
pH1,4/3/26 5:09,7.98,23.93,-63.75
pH1,4/3/26 5:10,7.98,23.93,-63.71
pH1,4/3/26 5:11,7.98,23.93,-63.77
pH1,4/3/26 5:12,7.98,23.93,-63.74
pH1,4/3/26 5:13,7.97,23.93,-63.64
pH1,4/3/26 5:14,7.97,23.93,-63.6
pH1,4/3/26 5:15,7.97,23.93,-63.61
pH1,4/3/26 5:16,7.98,23.93,-63.75
pH1,4/3/26 5:17,7.98,23.93,-63.83
pH1,4/3/26 5:18,7.98,23.91,-63.85
pH1,4/3/26 5:19,7.98,23.91,-63.83
pH1,4/3/26 5:20,7.98,23.91,-63.77
pH1,4/3/26 5:21,7.98,23.91,-63.74
pH1,4/3/26 5:22,7.98,23.91,-63.8
pH1,4/3/26 5:23,7.98,23.91,-63.71
pH1,4/3/26 5:24,7.98,23.91,-63.72
pH1,4/3/26 5:25,7.98,23.91,-63.81
pH1,4/3/26 5:26,7.98,23.88,-63.89
pH1,4/3/26 5:27,7.98,23.88,-64.05
pH1,4/3/26 5:28,7.98,23.88,-64.11
pH1,4/3/26 5:29,7.98,23.88,-64.19
pH1,4/3/26 5:30,7.98,23.88,-64.19
pH1,4/3/26 5:31,7.98,23.88,-64
pH1,4/3/26 5:32,7.98,23.88,-64.22
pH1,4/3/26 5:33,7.99,23.88,-64.42
pH1,4/3/26 5:34,7.99,23.88,-64.49
pH1,4/3/26 5:35,7.99,23.86,-64.49
pH1,4/3/26 5:36,7.99,23.86,-64.49
pH1,4/3/26 5:37,7.99,23.86,-64.46
pH1,4/3/26 5:38,7.99,23.86,-64.55
pH1,4/3/26 5:39,7.99,23.86,-64.6
pH1,4/3/26 5:40,7.99,23.86,-64.6
pH1,4/3/26 5:41,7.99,23.86,-64.44
pH1,4/3/26 5:42,7.99,23.86,-64.46
pH1,4/3/26 5:43,7.99,23.86,-64.53
pH1,4/3/26 5:44,7.99,23.86,-64.49
pH1,4/3/26 5:45,7.99,23.86,-64.46
pH1,4/3/26 5:46,7.99,23.86,-64.47
pH1,4/3/26 5:47,7.99,23.86,-64.42
pH1,4/3/26 5:48,7.99,23.86,-64.39
pH1,4/3/26 5:49,7.99,23.86,-64.39
pH1,4/3/26 5:50,7.99,23.86,-64.39
pH1,4/3/26 5:51,7.99,23.86,-64.38
pH1,4/3/26 5:52,7.99,23.86,-64.3
pH1,4/3/26 5:53,7.99,23.86,-64.31
pH1,4/3/26 5:54,7.99,23.86,-64.28
pH1,4/3/26 5:55,7.99,23.86,-64.27
pH1,4/3/26 5:56,7.98,23.86,-64.21
pH1,4/3/26 5:57,7.98,23.86,-64.19
pH1,4/3/26 5:58,7.98,23.86,-64.13
pH1,4/3/26 5:59,7.98,23.86,-64.1
pH1,4/3/26 6:00,7.98,23.86,-64.11
pH1,4/3/26 6:01,7.98,23.86,-64.08
pH1,4/3/26 6:02,7.98,23.86,-64.05
pH1,4/3/26 6:03,7.98,23.88,-63.96
pH1,4/3/26 6:04,7.98,23.88,-64.06
pH1,4/3/26 6:05,7.98,23.88,-64.02
pH1,4/3/26 6:06,7.98,23.88,-63.97
pH1,4/3/26 6:07,7.98,23.88,-63.88
pH1,4/3/26 6:08,7.98,23.88,-63.88
pH1,4/3/26 6:09,7.98,23.88,-63.71
pH1,4/3/26 6:10,7.97,23.88,-63.44
pH1,4/3/26 6:11,7.97,23.88,-63.3
pH1,4/3/26 6:12,7.97,23.88,-63.44
pH1,4/3/26 6:13,7.98,23.86,-63.67
pH1,4/3/26 6:14,7.98,23.86,-63.77
pH1,4/3/26 6:15,7.98,23.86,-63.83
pH1,4/3/26 6:16,7.98,23.86,-63.8
pH1,4/3/26 6:17,7.98,23.86,-63.88
pH1,4/3/26 6:18,7.98,23.86,-63.92
pH1,4/3/26 6:19,7.98,23.86,-63.91
pH1,4/3/26 6:20,7.98,23.86,-63.92
pH1,4/3/26 6:21,7.98,23.86,-63.92
pH1,4/3/26 6:22,7.98,23.86,-63.96
pH1,4/3/26 6:23,7.98,23.86,-63.89
pH1,4/3/26 6:24,7.98,23.86,-63.85
pH1,4/3/26 6:25,7.98,23.86,-63.74
pH1,4/3/26 6:26,7.97,23.86,-63.66
pH1,4/3/26 6:27,7.97,23.86,-63.64
pH1,4/3/26 6:28,7.97,23.86,-63.64
pH1,4/3/26 6:29,7.98,23.86,-63.72
pH1,4/3/26 6:30,7.98,23.86,-63.94
pH1,4/3/26 6:31,7.98,23.86,-64.11
pH1,4/3/26 6:32,7.99,23.86,-64.27
pH1,4/3/26 6:33,7.99,23.83,-64.33
pH1,4/3/26 6:34,7.99,23.83,-64.3
pH1,4/3/26 6:35,7.99,23.83,-64.27
pH1,4/3/26 6:36,7.98,23.83,-64.22
pH1,4/3/26 6:37,7.98,23.86,-64.17
pH1,4/3/26 6:38,7.98,23.86,-64.21
pH1,4/3/26 6:39,7.98,23.86,-64.19
pH1,4/3/26 6:40,7.98,23.86,-64.11
pH1,4/3/26 6:41,7.98,23.86,-64.11
pH1,4/3/26 6:42,7.98,23.86,-64.24
pH1,4/3/26 6:43,7.99,23.86,-64.39
pH1,4/3/26 6:44,7.99,23.86,-64.47
pH1,4/3/26 6:45,7.99,23.86,-64.49
pH1,4/3/26 6:46,7.99,23.88,-64.44
pH1,4/3/26 6:47,7.99,23.88,-64.55
pH1,4/3/26 6:48,7.99,23.88,-64.56
pH1,4/3/26 6:49,7.99,23.88,-64.58
pH1,4/3/26 6:50,7.99,23.88,-64.61
pH1,4/3/26 6:51,7.99,23.88,-64.64
pH1,4/3/26 6:52,7.99,23.88,-64.64
pH1,4/3/26 6:53,7.99,23.88,-64.69
pH1,4/3/26 6:54,7.99,23.91,-64.67
pH1,4/3/26 6:55,7.99,23.91,-64.69
pH1,4/3/26 6:56,7.99,23.91,-64.75
pH1,4/3/26 6:57,7.99,23.91,-64.78
pH1,4/3/26 6:58,8,23.91,-64.83
pH1,4/3/26 6:59,8,23.91,-64.83
pH1,4/3/26 7:00,7.99,23.91,-64.81
pH1,4/3/26 7:01,8,23.91,-64.85
pH1,4/3/26 7:02,8,23.91,-64.89
pH1,4/3/26 7:03,8,23.93,-64.94
pH1,4/3/26 7:04,8,23.93,-65.02
pH1,4/3/26 7:05,8,23.93,-65.14
pH1,4/3/26 7:06,8,23.95,-65.3
pH1,4/3/26 7:07,8,23.95,-65.31
pH1,4/3/26 7:08,8,23.95,-65.38
pH1,4/3/26 7:09,8.01,23.98,-65.56
pH1,4/3/26 7:10,8.01,24.03,-65.85
pH1,4/3/26 7:11,8.02,24.07,-66.03
pH1,4/3/26 7:12,8.02,24.1,-66.13
pH1,4/3/26 7:13,8.02,24.12,-66.16
pH1,4/3/26 7:14,8.02,24.17,-66.24
pH1,4/3/26 7:15,8.02,24.19,-66.28
pH1,4/3/26 7:16,8.02,24.22,-66.31
pH1,4/3/26 7:17,8.02,24.24,-66.38
pH1,4/3/26 7:18,8.02,24.24,-66.46
pH1,4/3/26 7:19,8.02,24.27,-66.47
pH1,4/3/26 7:20,8.02,24.27,-66.49
pH1,4/3/26 7:21,8.02,24.27,-66.6
pH1,4/3/26 7:22,8.02,24.27,-66.53
pH1,4/3/26 7:23,8.02,24.27,-66.39
pH1,4/3/26 7:24,8.02,24.24,-66.33
pH1,4/3/26 7:25,8.02,24.27,-66.46
pH1,4/3/26 7:26,8.02,24.29,-66.56
pH1,4/3/26 7:27,8.03,24.32,-66.64
pH1,4/3/26 7:28,8.03,24.34,-66.69
pH1,4/3/26 7:29,8.03,24.34,-66.8
pH1,4/3/26 7:30,8.03,24.36,-66.86
pH1,4/3/26 7:31,8.03,24.39,-66.92
pH1,4/3/26 7:32,8.03,24.44,-67
pH1,4/3/26 7:33,8.03,24.46,-67.06
pH1,4/3/26 7:34,8.03,24.48,-67.11
pH1,4/3/26 7:35,8.03,24.48,-67.03
pH1,4/3/26 7:36,8.03,24.51,-67.11
pH1,4/3/26 7:37,8.03,24.48,-67.08
pH1,4/3/26 7:38,8.03,24.53,-67.06
pH1,4/3/26 7:39,8.03,24.56,-67.1
pH1,4/3/26 7:40,8.03,24.58,-67.11
pH1,4/3/26 7:41,8.03,24.58,-67.06
pH1,4/3/26 7:42,8.03,24.58,-67.05
pH1,4/3/26 7:43,8.03,24.58,-67
pH1,4/3/26 7:44,8.03,24.58,-67.11
pH1,4/3/26 7:45,8.03,24.6,-67.11
pH1,4/3/26 7:46,8.03,24.6,-67.06
pH1,4/3/26 7:47,8.03,24.63,-67.13
pH1,4/3/26 7:48,8.03,24.63,-67.27
pH1,4/3/26 7:49,8.03,24.63,-67.22
pH1,4/3/26 7:50,8.03,24.6,-67.08
pH1,4/3/26 7:51,8.03,24.63,-67.21
pH1,4/3/26 7:52,8.04,24.63,-67.33
pH1,4/3/26 7:53,8.03,24.6,-67.22
pH1,4/3/26 7:54,8.04,24.6,-67.33
pH1,4/3/26 7:55,8.04,24.6,-67.42
pH1,4/3/26 7:56,8.04,24.63,-67.35
pH1,4/3/26 7:57,8.04,24.65,-67.39
pH1,4/3/26 7:58,8.03,24.63,-67.24
pH1,4/3/26 7:59,8.04,24.68,-67.3
pH1,4/3/26 8:00,8.04,24.7,-67.33
pH1,4/3/26 8:01,8.04,24.73,-67.36
pH1,4/3/26 8:02,8.04,24.73,-67.49
pH1,4/3/26 8:03,8.04,24.7,-67.3
pH1,4/3/26 8:04,8.03,24.68,-67.06
pH1,4/3/26 8:05,8.04,24.68,-67.3
pH1,4/3/26 8:06,8.03,24.65,-67.17
pH1,4/3/26 8:07,8.03,24.65,-66.92
pH1,4/3/26 8:08,8.03,24.65,-67.02
pH1,4/3/26 8:09,8.03,24.65,-67.21
pH1,4/3/26 8:10,8.03,24.63,-67.06
pH1,4/3/26 8:11,8.03,24.63,-67.02
pH1,4/3/26 8:12,8.03,24.63,-67.19
pH1,4/3/26 8:13,8.04,24.63,-67.28
pH1,4/3/26 8:14,8.03,24.6,-67.24
pH1,4/3/26 8:15,8.03,24.6,-67.13
pH1,4/3/26 8:16,8.03,24.58,-67.1
pH1,4/3/26 8:17,8.04,24.56,-67.35
pH1,4/3/26 8:18,8.03,24.56,-67.16
pH1,4/3/26 8:19,8.03,24.53,-66.77
pH1,4/3/26 8:20,8.03,24.53,-66.78
pH1,4/3/26 8:21,8.02,24.51,-66.55
pH1,4/3/26 8:22,8.02,24.51,-66.58
pH1,4/3/26 8:23,8.03,24.51,-66.78
pH1,4/3/26 8:24,8.03,24.48,-66.75
pH1,4/3/26 8:25,8.03,24.48,-66.72
pH1,4/3/26 8:26,8.03,24.46,-66.72
pH1,4/3/26 8:27,8.03,24.48,-66.78
pH1,4/3/26 8:28,8.02,24.46,-66.56
pH1,4/3/26 8:29,8.02,24.46,-66.49
pH1,4/3/26 8:30,8.02,24.44,-66.24
pH1,4/3/26 8:31,8.02,24.44,-66.42
pH1,4/3/26 8:32,8.03,24.46,-66.97
pH1,4/3/26 8:33,8.04,24.53,-67.3
pH1,4/3/26 8:34,8.04,24.58,-67.38
pH1,4/3/26 8:35,8.04,24.58,-67.41
pH1,4/3/26 8:36,8.03,24.6,-67.22
pH1,4/3/26 8:37,8.04,24.63,-67.28
pH1,4/3/26 8:38,8.03,24.63,-67.24
pH1,4/3/26 8:39,8.04,24.68,-67.3
pH1,4/3/26 8:40,8.04,24.73,-67.36
pH1,4/3/26 8:41,8.04,24.75,-67.46
pH1,4/3/26 8:42,8.04,24.73,-67.49
pH1,4/3/26 8:43,8.04,24.73,-67.6
pH1,4/3/26 8:44,8.04,24.75,-67.49
pH1,4/3/26 8:45,8.04,24.77,-67.42
pH1,4/3/26 8:46,8.03,24.8,-67.25
pH1,4/3/26 8:47,8.04,24.8,-67.67
pH1,4/3/26 8:48,8.04,24.85,-67.86
pH1,4/3/26 8:49,8.04,24.87,-67.88
pH1,4/3/26 8:50,8.05,24.9,-67.96
pH1,4/3/26 8:51,8.05,24.87,-67.96
pH1,4/3/26 8:52,8.05,24.9,-68.02
pH1,4/3/26 8:53,8.05,24.9,-68
pH1,4/3/26 8:54,8.05,24.9,-68.1
pH1,4/3/26 8:55,8.05,24.9,-68.16
pH1,4/3/26 8:56,8.05,24.97,-68.24
pH1,4/3/26 8:57,8.05,24.94,-68.19
pH1,4/3/26 8:58,8.05,25.02,-68.22
pH1,4/3/26 8:59,8.05,24.99,-68.27
pH1,4/3/26 9:00,8.05,25.02,-68.41
pH1,4/3/26 9:01,8.05,24.94,-68.49
pH1,4/3/26 9:02,8.05,24.97,-68.41
pH1,4/3/26 9:03,8.05,24.97,-68.49
pH1,4/3/26 9:04,8.06,24.99,-68.53
pH1,4/3/26 9:05,8.05,25.06,-68.49
pH1,4/3/26 9:06,8.05,25.04,-68.5
pH1,4/3/26 9:07,8.06,25.04,-68.53
pH1,4/3/26 9:08,8.05,25.06,-68.49
pH1,4/3/26 9:09,8.05,25.06,-68.39
pH1,4/3/26 9:10,8.06,25.04,-68.55
pH1,4/3/26 9:11,8.06,25.04,-68.66
pH1,4/3/26 9:12,8.06,25.04,-68.72
pH1,4/3/26 9:13,8.06,25.06,-68.74
pH1,4/3/26 9:14,8.06,25.09,-68.69
pH1,4/3/26 9:15,8.06,25.09,-68.8
pH1,4/3/26 9:16,8.06,25.09,-68.92
pH1,4/3/26 9:17,8.06,25.06,-68.89
pH1,4/3/26 9:18,8.06,25.06,-68.78
pH1,4/3/26 9:19,8.06,25.09,-68.81
pH1,4/3/26 9:20,8.06,25.06,-68.8
pH1,4/3/26 9:21,8.06,25.06,-68.8
pH1,4/3/26 9:22,8.06,25.06,-68.86
pH1,4/3/26 9:23,8.06,25.09,-68.85
pH1,4/3/26 9:24,8.06,25.09,-69.02
pH1,4/3/26 9:25,8.06,25.11,-68.96
pH1,4/3/26 9:26,8.06,25.11,-68.94
pH1,4/3/26 9:27,8.06,25.14,-69
pH1,4/3/26 9:28,8.06,25.11,-68.97
pH1,4/3/26 9:29,8.06,25.11,-68.91
pH1,4/3/26 9:30,8.06,25.11,-68.81
pH1,4/3/26 9:31,8.06,25.11,-68.85
pH1,4/3/26 9:32,8.06,25.11,-68.92
pH1,4/3/26 9:33,8.06,25.11,-68.91
pH1,4/3/26 9:34,8.06,25.16,-69.11
pH1,4/3/26 9:35,8.06,25.19,-69.05
pH1,4/3/26 9:36,8.06,25.19,-68.97
pH1,4/3/26 9:37,8.06,25.21,-68.91
pH1,4/3/26 9:38,8.06,25.21,-69.11
pH1,4/3/26 9:39,8.07,25.21,-69.24
pH1,4/3/26 9:40,8.07,25.21,-69.22
pH1,4/3/26 9:41,8.07,25.21,-69.16
pH1,4/3/26 9:42,8.07,25.19,-69.33
pH1,4/3/26 9:43,8.07,25.21,-69.25
pH1,4/3/26 9:44,8.07,25.21,-69.19
pH1,4/3/26 9:45,8.07,25.21,-69.17
pH1,4/3/26 9:46,8.07,25.23,-69.16
pH1,4/3/26 9:47,8.07,25.19,-69.24
pH1,4/3/26 9:48,8.07,25.19,-69.47
pH1,4/3/26 9:49,8.07,25.21,-69.27
pH1,4/3/26 9:50,8.07,25.21,-69.16
pH1,4/3/26 9:51,8.06,25.21,-69.03
pH1,4/3/26 9:52,8.06,25.23,-68.94
pH1,4/3/26 9:53,8.07,25.23,-69.16
pH1,4/3/26 9:54,8.07,25.21,-69.14
pH1,4/3/26 9:55,8.06,25.23,-68.96
pH1,4/3/26 9:56,8.06,25.26,-68.81
pH1,4/3/26 9:57,8.06,25.26,-68.83
pH1,4/3/26 9:58,8.06,25.26,-68.8
pH1,4/3/26 9:59,8.06,25.28,-68.78
pH1,4/3/26 10:00,8.06,25.28,-68.69
pH1,4/3/26 10:01,8.05,25.28,-68.53
pH1,4/3/26 10:02,8.05,25.31,-68.56
pH1,4/3/26 10:03,8.06,25.33,-68.8
pH1,4/3/26 10:04,8.06,25.33,-68.69
pH1,4/3/26 10:05,8.06,25.33,-69.02
pH1,4/3/26 10:06,8.06,25.33,-69.11
pH1,4/3/26 10:07,8.06,25.33,-68.88
pH1,4/3/26 10:08,8.06,25.33,-68.89
pH1,4/3/26 10:09,8.06,25.33,-68.74
pH1,4/3/26 10:10,8.06,25.36,-68.74
pH1,4/3/26 10:11,8.06,25.36,-68.66
pH1,4/3/26 10:12,8.06,25.36,-68.58
pH1,4/3/26 10:13,8.05,25.36,-68.56
pH1,4/3/26 10:14,8.06,25.38,-68.72
pH1,4/3/26 10:15,8.06,25.38,-68.91
pH1,4/3/26 10:16,8.06,25.38,-68.96
pH1,4/3/26 10:17,8.06,25.38,-68.89
pH1,4/3/26 10:18,8.06,25.38,-69.03
pH1,4/3/26 10:19,8.06,25.4,-69.16
pH1,4/3/26 10:20,8.06,25.4,-69.11
pH1,4/3/26 10:21,8.07,25.4,-69.17
pH1,4/3/26 10:22,8.07,25.4,-69.31
pH1,4/3/26 10:23,8.07,25.4,-69.52
pH1,4/3/26 10:24,8.07,25.43,-69.53
pH1,4/3/26 10:25,8.05,25.36,-68.31
pH1,4/3/26 10:26,8.06,25.33,-68.91
pH1,4/3/26 10:27,8.07,25.38,-69.36
pH1,4/3/26 10:28,8.07,25.4,-69.6
pH1,4/3/26 10:29,8.06,25.4,-68.89
pH1,4/3/26 10:30,8.07,25.4,-69.22
pH1,4/3/26 10:31,8.07,25.4,-69.71
pH1,4/3/26 10:32,8.08,25.38,-70
pH1,4/3/26 10:33,8.08,25.43,-70.22
pH1,4/3/26 10:34,8.08,25.38,-70.31
pH1,4/3/26 10:35,8.09,25.38,-70.6
pH1,4/3/26 10:36,8.09,25.4,-70.83
pH1,4/3/26 10:37,8.09,25.4,-70.85
pH1,4/3/26 10:38,8.09,25.43,-70.71
pH1,4/3/26 10:39,8.1,25.43,-71
pH1,4/3/26 10:40,8.11,25.45,-71.5
pH1,4/3/26 10:41,8.11,25.45,-71.5
pH1,4/3/26 10:42,8.1,25.45,-71.41
pH1,4/3/26 10:43,8.1,25.45,-71.47
pH1,4/3/26 10:44,8.1,25.43,-71.44
pH1,4/3/26 10:45,8.1,25.4,-71.44
pH1,4/3/26 10:46,8.11,25.45,-71.86
pH1,4/3/26 10:47,8.11,25.45,-71.53
pH1,4/3/26 10:48,8.11,25.45,-71.53
pH1,4/3/26 10:49,8.11,25.45,-71.67
pH1,4/3/26 10:50,8.11,25.45,-71.75
pH1,4/3/26 10:51,8.11,25.45,-71.81
pH1,4/3/26 10:52,8.11,25.45,-71.78
pH1,4/3/26 10:53,8.11,25.4,-71.92
pH1,4/3/26 10:54,8.11,25.36,-71.99
pH1,4/3/26 10:55,8.12,25.43,-72.27
pH1,4/3/26 10:56,8.12,25.45,-72.38
pH1,4/3/26 10:57,8.12,25.45,-72.33
pH1,4/3/26 10:58,8.12,25.45,-72.35
pH1,4/3/26 10:59,8.12,25.48,-72.25
pH1,4/3/26 11:00,8.11,25.43,-71.94
pH1,4/3/26 11:01,8.12,25.45,-72.16
pH1,4/3/26 11:02,8.12,25.45,-72.61
pH1,4/3/26 11:03,8.12,25.45,-72.58
pH1,4/3/26 11:04,8.12,25.45,-72.53
pH1,4/3/26 11:05,8.12,25.43,-72.64
pH1,4/3/26 11:06,8.12,25.48,-72.61
pH1,4/3/26 11:07,8.13,25.43,-72.91
pH1,4/3/26 11:08,8.13,25.48,-73.02
pH1,4/3/26 11:09,8.13,25.48,-72.74
pH1,4/3/26 11:10,8.12,25.45,-72.38
pH1,4/3/26 11:11,8.13,25.48,-72.78
pH1,4/3/26 11:12,8.12,25.48,-72.19
pH1,4/3/26 11:13,8.12,25.48,-72.17
pH1,4/3/26 11:14,8.11,25.5,-71.91
pH1,4/3/26 11:15,8.12,25.48,-72.22
pH1,4/3/26 11:16,8.12,25.45,-72.35
pH1,4/3/26 11:17,8.12,25.45,-72.22
pH1,4/3/26 11:18,8.11,25.48,-71.94
pH1,4/3/26 11:19,8.11,25.45,-71.91
pH1,4/3/26 11:20,8.11,25.45,-71.77
pH1,4/3/26 11:21,8.11,25.48,-71.77
pH1,4/3/26 11:22,8.12,25.53,-72.14
pH1,4/3/26 11:23,8.12,25.5,-72.3
pH1,4/3/26 11:24,8.12,25.5,-72.13
pH1,4/3/26 11:25,8.12,25.48,-72.25
pH1,4/3/26 11:26,8.13,25.5,-72.78
pH1,4/3/26 11:27,8.13,25.5,-72.81
pH1,4/3/26 11:28,8.13,25.5,-72.91
pH1,4/3/26 11:29,8.12,25.5,-72.66
pH1,4/3/26 11:30,8.13,25.53,-72.67
pH1,4/3/26 11:31,8.13,25.53,-72.75
pH1,4/3/26 11:32,8.13,25.53,-72.8
pH1,4/3/26 11:33,8.13,25.53,-72.99
pH1,4/3/26 11:34,8.11,25.57,-72.08
pH1,4/3/26 11:35,8.12,25.55,-72.44
pH1,4/3/26 11:36,8.13,25.55,-72.92
pH1,4/3/26 11:37,8.13,25.57,-73.21
pH1,4/3/26 11:38,8.13,25.55,-73.1
pH1,4/3/26 11:39,8.14,25.55,-73.52
pH1,4/3/26 11:40,8.13,25.57,-73.13
pH1,4/3/26 11:41,8.13,25.55,-72.94
pH1,4/3/26 11:42,8.13,25.57,-73.08
pH1,4/3/26 11:43,8.13,25.57,-73.02
pH1,4/3/26 11:44,8.13,25.57,-72.89
pH1,4/3/26 11:45,8.13,25.55,-72.77
pH1,4/3/26 11:46,8.12,25.55,-72.42
pH1,4/3/26 11:47,8.13,25.53,-72.85
pH1,4/3/26 11:48,8.13,25.6,-73.25
pH1,4/3/26 11:49,8.12,25.6,-72.52
pH1,4/3/26 11:50,8.13,25.6,-72.8
pH1,4/3/26 11:51,8.12,25.6,-72.47
pH1,4/3/26 11:52,8.12,25.57,-72.39
pH1,4/3/26 11:53,8.12,25.57,-72.53
pH1,4/3/26 11:54,8.13,25.6,-73.21
pH1,4/3/26 11:55,8.14,25.6,-73.46
pH1,4/3/26 11:56,8.13,25.6,-73.14
pH1,4/3/26 11:57,8.12,25.62,-72.64
pH1,4/3/26 11:58,8.12,25.62,-72.36
pH1,4/3/26 11:59,8.13,25.6,-72.71
pH1,4/3/26 12:00,8.13,25.57,-72.85
pH1,4/3/26 12:01,8.13,25.57,-73.06
pH1,4/3/26 12:02,8.13,25.62,-73.11
pH1,4/3/26 12:03,8.13,25.65,-72.97
pH1,4/3/26 12:04,8.13,25.67,-72.8
pH1,4/3/26 12:05,8.13,25.65,-72.8
pH1,4/3/26 12:06,8.12,25.65,-72.53
pH1,4/3/26 12:07,8.13,25.65,-72.78
pH1,4/3/26 12:08,8.13,25.65,-72.96
pH1,4/3/26 12:09,8.13,25.67,-72.97
pH1,4/3/26 12:10,8.14,25.67,-73.39
pH1,4/3/26 12:11,8.13,25.65,-73.16
pH1,4/3/26 12:12,8.13,25.65,-73
pH1,4/3/26 12:13,8.13,25.65,-73.14
pH1,4/3/26 12:14,8.12,25.65,-72.42
pH1,4/3/26 12:15,8.12,25.62,-72.66
pH1,4/3/26 12:16,8.13,25.6,-73.13
pH1,4/3/26 12:17,8.14,25.62,-73.49
pH1,4/3/26 12:18,8.14,25.57,-73.44
pH1,4/3/26 12:19,8.14,25.65,-73.42
pH1,4/3/26 12:20,8.14,25.7,-73.8
pH1,4/3/26 12:21,8.13,25.62,-72.75
pH1,4/3/26 12:22,8.13,25.67,-73.19
pH1,4/3/26 12:23,8.13,25.62,-72.86
pH1,4/3/26 12:24,8.13,25.67,-73.16
pH1,4/3/26 12:25,8.13,25.65,-72.86
pH1,4/3/26 12:26,8.13,25.67,-73.22
pH1,4/3/26 12:27,8.13,25.7,-73.06
pH1,4/3/26 12:28,8.13,25.7,-73.17
pH1,4/3/26 12:29,8.14,25.7,-73.3
pH1,4/3/26 12:30,8.14,25.72,-73.64
pH1,4/3/26 12:31,8.14,25.72,-73.75
pH1,4/3/26 12:32,8.14,25.72,-73.71
pH1,4/3/26 12:33,8.15,25.72,-73.88
pH1,4/3/26 12:34,8.13,25.72,-72.97
pH1,4/3/26 12:35,8.11,25.62,-71.96
pH1,4/3/26 12:36,8.12,25.62,-72.66
pH1,4/3/26 12:37,8.13,25.62,-73.22
pH1,4/3/26 12:38,8.11,25.55,-71.72
pH1,4/3/26 12:39,8.09,25.5,-70.78
pH1,4/3/26 12:40,8.09,25.43,-70.67
pH1,4/3/26 12:41,8.12,25.43,-72.3
pH1,4/3/26 12:42,8.14,25.45,-73.44
pH1,4/3/26 12:43,8.14,25.5,-73.8
pH1,4/3/26 12:44,8.14,25.5,-73.77
pH1,4/3/26 12:45,8.15,25.53,-74.08
pH1,4/3/26 12:46,8.15,25.53,-74.06
pH1,4/3/26 12:47,8.15,25.57,-74.1
pH1,4/3/26 12:48,8.14,25.55,-73.55
pH1,4/3/26 12:49,8.14,25.57,-73.55
pH1,4/3/26 12:50,8.15,25.57,-74.08
pH1,4/3/26 12:51,8.14,25.55,-73.33
pH1,4/3/26 12:52,8.14,25.55,-73.31
pH1,4/3/26 12:53,8.14,25.55,-73.28
pH1,4/3/26 12:54,8.14,25.57,-73.77
pH1,4/3/26 12:55,8.14,25.57,-73.56
pH1,4/3/26 12:56,8.14,25.6,-73.67
pH1,4/3/26 12:57,8.15,25.57,-73.94
pH1,4/3/26 12:58,8.15,25.6,-74.11
pH1,4/3/26 12:59,8.15,25.6,-74.02
pH1,4/3/26 13:00,8.15,25.62,-74.16
pH1,4/3/26 13:01,8.16,25.62,-74.44
pH1,4/3/26 13:02,8.15,25.62,-74.35
pH1,4/3/26 13:03,8.15,25.62,-74.24
pH1,4/3/26 13:04,8.16,25.65,-74.66
pH1,4/3/26 13:05,8.14,25.62,-73.69
pH1,4/3/26 13:06,8.14,25.6,-73.5
pH1,4/3/26 13:07,8.15,25.57,-74.05
pH1,4/3/26 13:08,8.15,25.57,-74.16
pH1,4/3/26 13:09,8.15,25.6,-73.94
pH1,4/3/26 13:10,8.15,25.6,-74.06
pH1,4/3/26 13:11,8.15,25.65,-74.25
pH1,4/3/26 13:12,8.15,25.65,-74.3
pH1,4/3/26 13:13,8.14,25.6,-73.61
pH1,4/3/26 13:14,8.14,25.6,-73.27
pH1,4/3/26 13:15,8.14,25.62,-73.81
pH1,4/3/26 13:16,8.15,25.65,-73.96
pH1,4/3/26 13:17,8.15,25.65,-74.38
pH1,4/3/26 13:18,8.15,25.65,-74.24
pH1,4/3/26 13:19,8.11,25.55,-71.94
pH1,4/3/26 13:20,8.12,25.53,-72.47
pH1,4/3/26 13:21,8.14,25.55,-73.69
pH1,4/3/26 13:22,8.15,25.57,-74.3
pH1,4/3/26 13:23,8.15,25.6,-74.38
pH1,4/3/26 13:24,8.16,25.57,-74.49
pH1,4/3/26 13:25,8.15,25.62,-74.24
pH1,4/3/26 13:26,8.16,25.65,-74.72
pH1,4/3/26 13:27,8.15,25.62,-74.35
pH1,4/3/26 13:28,8.13,25.55,-72.88
pH1,4/3/26 13:29,8.14,25.57,-73.66
pH1,4/3/26 13:30,8.15,25.55,-74.16
pH1,4/3/26 13:31,8.15,25.57,-74.16
pH1,4/3/26 13:32,8.15,25.57,-74.22
pH1,4/3/26 13:33,8.11,25.5,-72.08
pH1,4/3/26 13:34,8.11,25.43,-71.61
pH1,4/3/26 13:35,8.13,25.48,-73.22
pH1,4/3/26 13:36,8.15,25.53,-73.91
pH1,4/3/26 13:37,8.15,25.5,-74.19
pH1,4/3/26 13:38,8.15,25.55,-74.1
pH1,4/3/26 13:39,8.15,25.5,-73.94
pH1,4/3/26 13:40,8.15,25.53,-74.27
pH1,4/3/26 13:41,8.16,25.57,-74.66
pH1,4/3/26 13:42,8.15,25.55,-74.3
pH1,4/3/26 13:43,8.14,25.5,-73.42
pH1,4/3/26 13:44,8.15,25.53,-74.21
pH1,4/3/26 13:45,8.15,25.57,-74.14
pH1,4/3/26 13:46,8.16,25.6,-74.46
pH1,4/3/26 13:47,8.15,25.57,-74.38
pH1,4/3/26 13:48,8.14,25.55,-73.39
pH1,4/3/26 13:49,8.14,25.55,-73.46
pH1,4/3/26 13:50,8.15,25.55,-73.85
pH1,4/3/26 13:51,8.15,25.57,-74.36
pH1,4/3/26 13:52,8.15,25.6,-74.28
pH1,4/3/26 13:53,8.13,25.55,-72.8
pH1,4/3/26 13:54,8.11,25.48,-71.94
pH1,4/3/26 13:55,8.12,25.45,-72.31
pH1,4/3/26 13:56,8.14,25.48,-73.67
pH1,4/3/26 13:57,8.15,25.53,-74.05
pH1,4/3/26 13:58,8.14,25.5,-73.47
pH1,4/3/26 13:59,8.15,25.5,-73.92
pH1,4/3/26 14:00,8.14,25.5,-73.35
pH1,4/3/26 14:01,8.15,25.53,-74.14
pH1,4/3/26 14:02,8.15,25.53,-74.05
pH1,4/3/26 14:03,8.15,25.55,-74.17
pH1,4/3/26 14:04,8.15,25.57,-74.33
pH1,4/3/26 14:05,8.16,25.6,-74.44
pH1,4/3/26 14:06,8.14,25.55,-73.27
pH1,4/3/26 14:07,8.13,25.48,-72.94
pH1,4/3/26 14:08,8.13,25.48,-73.14
pH1,4/3/26 14:09,8.14,25.43,-73.44
pH1,4/3/26 14:10,8.14,25.5,-73.72
pH1,4/3/26 14:11,8.12,25.45,-72.6
pH1,4/3/26 14:12,8.11,25.4,-71.86
pH1,4/3/26 14:13,8.11,25.33,-71.58
pH1,4/3/26 14:14,8.1,25.31,-71.38
pH1,4/3/26 14:15,8.11,25.28,-71.94
pH1,4/3/26 14:16,8.12,25.28,-72.39
pH1,4/3/26 14:17,8.11,25.23,-71.97
pH1,4/3/26 14:18,8.1,25.19,-71.36
pH1,4/3/26 14:19,8.11,25.16,-71.47
pH1,4/3/26 14:20,8.14,25.21,-73.28
pH1,4/3/26 14:21,8.15,25.26,-73.83
pH1,4/3/26 14:22,8.15,25.31,-73.99
pH1,4/3/26 14:23,8.15,25.33,-74.14
pH1,4/3/26 14:24,8.15,25.38,-74.11
pH1,4/3/26 14:25,8.14,25.36,-73.63
pH1,4/3/26 14:26,8.13,25.31,-73.17
pH1,4/3/26 14:27,8.15,25.33,-74.05
pH1,4/3/26 14:28,8.15,25.33,-74.08
pH1,4/3/26 14:29,8.15,25.38,-74.17
pH1,4/3/26 14:30,8.15,25.36,-73.91
pH1,4/3/26 14:31,8.15,25.36,-74.28
pH1,4/3/26 14:32,8.15,25.4,-74.24
pH1,4/3/26 14:33,8.15,25.43,-74.13
pH1,4/3/26 14:34,8.15,25.45,-73.91
pH1,4/3/26 14:35,8.15,25.45,-74.13
pH1,4/3/26 14:36,8.14,25.43,-73.71
pH1,4/3/26 14:37,8.15,25.45,-73.89
pH1,4/3/26 14:38,8.15,25.48,-74.31
pH1,4/3/26 14:39,8.16,25.5,-74.47
pH1,4/3/26 14:40,8.13,25.45,-72.94
pH1,4/3/26 14:41,8.11,25.4,-72.05
pH1,4/3/26 14:42,8.14,25.43,-73.35
pH1,4/3/26 14:43,8.15,25.43,-73.94
pH1,4/3/26 14:44,8.15,25.48,-74.28
pH1,4/3/26 14:45,8.13,25.43,-73.1
pH1,4/3/26 14:46,8.11,25.36,-71.91
pH1,4/3/26 14:47,8.12,25.36,-72.38
pH1,4/3/26 14:48,8.11,25.31,-71.78
pH1,4/3/26 14:49,8.11,25.23,-71.5
pH1,4/3/26 14:50,8.1,25.19,-71.31
pH1,4/3/26 14:51,8.13,25.21,-72.81
pH1,4/3/26 14:52,8.1,25.21,-71.33
pH1,4/3/26 14:53,8.09,25.16,-70.78
pH1,4/3/26 14:54,8.09,25.14,-70.46
pH1,4/3/26 14:55,8.09,25.09,-70.31
pH1,4/3/26 14:56,8.08,25.04,-70.24
pH1,4/3/26 14:57,8.1,25.02,-71.25
pH1,4/3/26 14:58,8.12,25.09,-72.49
pH1,4/3/26 14:59,8.13,25.14,-73.03
pH1,4/3/26 15:00,8.14,25.16,-73.24
pH1,4/3/26 15:01,8.14,25.19,-73.27
pH1,4/3/26 15:02,8.12,25.16,-72.22
pH1,4/3/26 15:03,8.12,25.14,-72.21
pH1,4/3/26 15:04,8.14,25.14,-73.31
pH1,4/3/26 15:05,8.14,25.16,-73.44
pH1,4/3/26 15:06,8.14,25.19,-73.55
pH1,4/3/26 15:07,8.11,25.16,-71.83
pH1,4/3/26 15:08,8.1,25.14,-70.92
pH1,4/3/26 15:09,8.12,25.14,-72.21
pH1,4/3/26 15:10,8.1,25.11,-71.35
pH1,4/3/26 15:11,8.1,25.06,-70.89
pH1,4/3/26 15:12,8.1,25.06,-71.02
pH1,4/3/26 15:13,8.11,25.14,-71.97
pH1,4/3/26 15:14,8.12,25.16,-72.17
pH1,4/3/26 15:15,8.12,25.21,-72.52
pH1,4/3/26 15:16,8.13,25.19,-72.83
pH1,4/3/26 15:17,8.13,25.19,-72.96
pH1,4/3/26 15:18,8.12,25.16,-72.03
pH1,4/3/26 15:19,8.13,25.19,-72.77
pH1,4/3/26 15:20,8.13,25.16,-72.89
pH1,4/3/26 15:21,8.13,25.21,-73.1
pH1,4/3/26 15:22,8.11,25.19,-71.61
pH1,4/3/26 15:23,8.09,25.16,-70.64
pH1,4/3/26 15:24,8.11,25.19,-71.97
pH1,4/3/26 15:25,8.12,25.21,-72.14
pH1,4/3/26 15:26,8.12,25.21,-72.49
pH1,4/3/26 15:27,8.13,25.23,-72.64
pH1,4/3/26 15:28,8.11,25.21,-71.71
pH1,4/3/26 15:29,8.09,25.16,-70.42
pH1,4/3/26 15:30,8.07,25.14,-69.5
pH1,4/3/26 15:31,8.07,25.11,-69.38
pH1,4/3/26 15:32,8.07,25.09,-69.41
pH1,4/3/26 15:33,8.08,25.06,-70.17
pH1,4/3/26 15:34,8.11,25.11,-71.58
pH1,4/3/26 15:35,8.12,25.11,-72.21
pH1,4/3/26 15:36,8.12,25.14,-72.47
pH1,4/3/26 15:37,8.11,25.11,-71.89
pH1,4/3/26 15:38,8.09,25.06,-70.72
pH1,4/3/26 15:39,8.08,25.04,-69.97
pH1,4/3/26 15:40,8.08,25.02,-70.03
pH1,4/3/26 15:41,8.11,25.04,-71.44
pH1,4/3/26 15:42,8.12,25.09,-72.28
pH1,4/3/26 15:43,8.12,25.09,-72.31
pH1,4/3/26 15:44,8.12,25.11,-72.25
pH1,4/3/26 15:45,8.12,25.14,-72.35
pH1,4/3/26 15:46,8.11,25.11,-71.91
pH1,4/3/26 15:47,8.11,25.11,-71.88
pH1,4/3/26 15:48,8.1,25.11,-71.28
pH1,4/3/26 15:49,8.09,25.09,-70.56
pH1,4/3/26 15:50,8.08,25.04,-70.17
pH1,4/3/26 15:51,8.08,25.02,-69.83
pH1,4/3/26 15:52,8.1,25.02,-70.86
pH1,4/3/26 15:53,8.11,25.02,-71.41
pH1,4/3/26 15:54,8.08,24.97,-70.21
pH1,4/3/26 15:55,8.1,24.97,-70.86
pH1,4/3/26 15:56,8.11,24.97,-71.72
pH1,4/3/26 15:57,8.11,25.02,-71.91
pH1,4/3/26 15:58,8.11,25.04,-71.85
pH1,4/3/26 15:59,8.12,25.06,-72.05
pH1,4/3/26 16:00,8.09,25.04,-70.52
pH1,4/3/26 16:01,8.08,25.04,-70.03
pH1,4/3/26 16:02,8.09,25.02,-70.28
pH1,4/3/26 16:03,8.11,25.02,-71.55
pH1,4/3/26 16:04,8.11,24.99,-71.89
pH1,4/3/26 16:05,8.12,25.04,-72.22
pH1,4/3/26 16:06,8.12,25.04,-72.27
pH1,4/3/26 16:07,8.12,25.06,-72.02
pH1,4/3/26 16:08,8.1,25.04,-71.08
pH1,4/3/26 16:09,8.09,24.99,-70.36
pH1,4/3/26 16:10,8.08,24.99,-69.88
pH1,4/3/26 16:11,8.08,24.94,-69.69
pH1,4/3/26 16:12,8.08,24.94,-69.78
pH1,4/3/26 16:13,8.09,24.94,-70.42
pH1,4/3/26 16:14,8.08,24.92,-69.99
pH1,4/3/26 16:15,8.07,24.87,-69.58
pH1,4/3/26 16:16,8.07,24.85,-69.44
pH1,4/3/26 16:17,8.07,24.85,-69.35
pH1,4/3/26 16:18,8.07,24.8,-69.22
pH1,4/3/26 16:19,8.07,24.77,-69.13
pH1,4/3/26 16:20,8.06,24.75,-68.89
pH1,4/3/26 16:21,8.06,24.73,-68.71
pH1,4/3/26 16:22,8.05,24.7,-68.41
pH1,4/3/26 16:23,8.05,24.68,-68.21
pH1,4/3/26 16:24,8.05,24.68,-68.24
pH1,4/3/26 16:25,8.06,24.65,-68.52
pH1,4/3/26 16:26,8.06,24.65,-68.69
pH1,4/3/26 16:27,8.07,24.65,-69.39
pH1,4/3/26 16:28,8.09,24.65,-70.46
pH1,4/3/26 16:29,8.1,24.68,-71
pH1,4/3/26 16:30,8.1,24.7,-71.21
pH1,4/3/26 16:31,8.11,24.7,-71.36
pH1,4/3/26 16:32,8.11,24.73,-71.64
pH1,4/3/26 16:33,8.11,24.75,-71.85
pH1,4/3/26 16:34,8.11,24.75,-71.74
pH1,4/3/26 16:35,8.11,24.75,-71.83
pH1,4/3/26 16:36,8.12,24.77,-71.96
pH1,4/3/26 16:37,8.11,24.77,-71.8
pH1,4/3/26 16:38,8.11,24.8,-71.64
pH1,4/3/26 16:39,8.11,24.8,-71.86
pH1,4/3/26 16:40,8.11,24.8,-71.6
pH1,4/3/26 16:41,8.11,24.8,-71.72
pH1,4/3/26 16:42,8.12,24.8,-71.94
pH1,4/3/26 16:43,8.11,24.82,-71.83
pH1,4/3/26 16:44,8.11,24.82,-71.66
pH1,4/3/26 16:45,8.1,24.82,-70.83
pH1,4/3/26 16:46,8.1,24.82,-70.91
pH1,4/3/26 16:47,8.1,24.82,-71.05
pH1,4/3/26 16:48,8.1,24.85,-71.31
pH1,4/3/26 16:49,8.11,24.85,-71.55
pH1,4/3/26 16:50,8.11,24.82,-71.41
pH1,4/3/26 16:51,8.11,24.82,-71.49
pH1,4/3/26 16:52,8.11,24.8,-71.46
pH1,4/3/26 16:53,8.11,24.82,-71.66
pH1,4/3/26 16:54,8.11,24.82,-71.5
pH1,4/3/26 16:55,8.11,24.82,-71.47
pH1,4/3/26 16:56,8.11,24.8,-71.47
pH1,4/3/26 16:57,8.1,24.8,-70.81
pH1,4/3/26 16:58,8.09,24.77,-70.33
pH1,4/3/26 16:59,8.1,24.8,-70.97
pH1,4/3/26 17:00,8.1,24.8,-71.21
pH1,4/3/26 17:01,8.1,24.8,-71.27
pH1,4/3/26 17:02,8.1,24.82,-71.33
pH1,4/3/26 17:03,8.1,24.8,-71
pH1,4/3/26 17:04,8.1,24.8,-70.99
pH1,4/3/26 17:05,8.1,24.8,-70.97
pH1,4/3/26 17:06,8.09,24.77,-70.64
pH1,4/3/26 17:07,8.09,24.75,-70.25
pH1,4/3/26 17:08,8.09,24.75,-70.52
pH1,4/3/26 17:09,8.09,24.75,-70.56
pH1,4/3/26 17:10,8.08,24.7,-69.88
pH1,4/3/26 17:11,8.07,24.68,-69.53
pH1,4/3/26 17:12,8.08,24.68,-69.88
pH1,4/3/26 17:13,8.08,24.68,-69.74
pH1,4/3/26 17:14,8.07,24.65,-69.25
pH1,4/3/26 17:15,8.08,24.65,-69.71
pH1,4/3/26 17:16,8.08,24.65,-69.86
pH1,4/3/26 17:17,8.07,24.6,-69.36
pH1,4/3/26 17:18,8.07,24.58,-69.19
pH1,4/3/26 17:19,8.07,24.58,-69.38
pH1,4/3/26 17:20,8.07,24.58,-69.41
pH1,4/3/26 17:21,8.08,24.58,-69.66
pH1,4/3/26 17:22,8.08,24.58,-69.64
pH1,4/3/26 17:23,8.07,24.56,-69.41
pH1,4/3/26 17:24,8.07,24.53,-69.14
pH1,4/3/26 17:25,8.07,24.51,-69.17
pH1,4/3/26 17:26,8.07,24.51,-69.24
pH1,4/3/26 17:27,8.07,24.51,-69.47
pH1,4/3/26 17:28,8.08,24.51,-69.63
pH1,4/3/26 17:29,8.07,24.48,-69.38
pH1,4/3/26 17:30,8.07,24.48,-69.1
pH1,4/3/26 17:31,8.06,24.48,-68.88
pH1,4/3/26 17:32,8.06,24.46,-68.67
pH1,4/3/26 17:33,8.06,24.46,-68.52
pH1,4/3/26 17:34,8.06,24.46,-68.44
pH1,4/3/26 17:35,8.05,24.44,-68.36
pH1,4/3/26 17:36,8.05,24.44,-68.3
pH1,4/3/26 17:37,8.05,24.44,-68.22
pH1,4/3/26 17:38,8.05,24.41,-68.24
pH1,4/3/26 17:39,8.05,24.41,-68.21
pH1,4/3/26 17:40,8.05,24.41,-68.13
pH1,4/3/26 17:41,8.05,24.41,-68.08
pH1,4/3/26 17:42,8.05,24.41,-68.03
pH1,4/3/26 17:43,8.05,24.41,-67.99
pH1,4/3/26 17:44,8.05,24.41,-67.85
pH1,4/3/26 17:45,8.04,24.41,-67.24
pH1,4/3/26 17:46,8.03,24.41,-66.94
pH1,4/3/26 17:47,8.03,24.39,-67.06
pH1,4/3/26 17:48,8.03,24.39,-67.17
pH1,4/3/26 17:49,8.03,24.39,-67.19
pH1,4/3/26 17:50,8.03,24.41,-67.16
pH1,4/3/26 17:51,8.03,24.41,-67.13
pH1,4/3/26 17:52,8.03,24.41,-67.11
pH1,4/3/26 17:53,8.03,24.41,-67.14
pH1,4/3/26 17:54,8.03,24.41,-67.14
pH1,4/3/26 17:55,8.03,24.41,-67.14
pH1,4/3/26 17:56,8.03,24.41,-67.14
pH1,4/3/26 17:57,8.03,24.41,-67.14
pH1,4/3/26 17:58,8.03,24.41,-67.13
pH1,4/3/26 17:59,8.03,24.41,-67.03
pH1,4/3/26 18:00,8.03,24.41,-66.97
pH1,4/3/26 18:01,8.03,24.39,-66.94
pH1,4/3/26 18:02,8.03,24.39,-66.91
pH1,4/3/26 18:03,8.03,24.39,-66.85
pH1,4/3/26 18:04,8.03,24.39,-66.81
pH1,4/3/26 18:05,8.03,24.39,-66.77
pH1,4/3/26 18:06,8.03,24.39,-66.77
pH1,4/3/26 18:07,8.03,24.39,-66.75
pH1,4/3/26 18:08,8.03,24.39,-66.75
pH1,4/3/26 18:09,8.03,24.39,-66.74
pH1,4/3/26 18:10,8.03,24.39,-66.71
pH1,4/3/26 18:11,8.03,24.39,-66.67
pH1,4/3/26 18:12,8.02,24.39,-66.64
pH1,4/3/26 18:13,8.02,24.39,-66.6
pH1,4/3/26 18:14,8.02,24.39,-66.55
pH1,4/3/26 18:15,8.02,24.39,-66.52
pH1,4/3/26 18:16,8.02,24.36,-66.49
pH1,4/3/26 18:17,8.02,24.36,-66.47
pH1,4/3/26 18:18,8.02,24.36,-66.44
pH1,4/3/26 18:19,8.02,24.34,-66.41
pH1,4/3/26 18:20,8.02,24.34,-66.36
pH1,4/3/26 18:21,8.02,24.34,-66.33
pH1,4/3/26 18:22,8.02,24.34,-66.27
pH1,4/3/26 18:23,8.02,24.34,-66.28
pH1,4/3/26 18:24,8.02,24.34,-66.27
pH1,4/3/26 18:25,8.02,24.34,-66.22
pH1,4/3/26 18:26,8.02,24.32,-66.25
pH1,4/3/26 18:27,8.02,24.34,-66.25
pH1,4/3/26 18:28,8.02,24.34,-66.3
pH1,4/3/26 18:29,8.02,24.34,-66.28
pH1,4/3/26 18:30,8.02,24.34,-66.3
pH1,4/3/26 18:31,8.02,24.34,-66.28
pH1,4/3/26 18:32,8.02,24.34,-66.25
pH1,4/3/26 18:33,8.02,24.34,-66.3
pH1,4/3/26 18:34,8.02,24.34,-66.3
pH1,4/3/26 18:35,8.02,24.34,-66.31
pH1,4/3/26 18:36,8.02,24.34,-66.31
pH1,4/3/26 18:37,8.02,24.36,-66.3
pH1,4/3/26 18:38,8.02,24.36,-66.3
pH1,4/3/26 18:39,8.02,24.36,-66.3
pH1,4/3/26 18:40,8.02,24.36,-66.31
pH1,4/3/26 18:41,8.02,24.36,-66.28
pH1,4/3/26 18:42,8.02,24.36,-66.31
pH1,4/3/26 18:43,8.02,24.36,-66.36
pH1,4/3/26 18:44,8.02,24.39,-66.35
pH1,4/3/26 18:45,8.02,24.39,-66.35
pH1,4/3/26 18:46,8.02,24.39,-66.31
pH1,4/3/26 18:47,8.02,24.39,-66.3
pH1,4/3/26 18:48,8.02,24.39,-66.3
pH1,4/3/26 18:49,8.02,24.39,-66.31
pH1,4/3/26 18:50,8.02,24.39,-66.36
pH1,4/3/26 18:51,8.02,24.39,-66.27
pH1,4/3/26 18:52,8.02,24.39,-66.19
pH1,4/3/26 18:53,8.02,24.39,-66.17
pH1,4/3/26 18:54,8.02,24.39,-66.16
pH1,4/3/26 18:55,8.02,24.39,-66.13
pH1,4/3/26 18:56,8.01,24.36,-66.06
pH1,4/3/26 18:57,8.01,24.36,-66.06
pH1,4/3/26 18:58,8.02,24.36,-66.1
pH1,4/3/26 18:59,8.01,24.36,-66.05
pH1,4/3/26 19:00,8.01,24.36,-66.02
pH1,4/3/26 19:01,8.01,24.36,-65.96
pH1,4/3/26 19:02,8.01,24.34,-65.92
pH1,4/3/26 19:03,8.01,24.34,-65.86
pH1,4/3/26 19:04,8.01,24.34,-65.78
pH1,4/3/26 19:05,8.01,24.34,-65.74
pH1,4/3/26 19:06,8.01,24.34,-65.67
pH1,4/3/26 19:07,8.01,24.34,-65.69
pH1,4/3/26 19:08,8.01,24.34,-65.86
pH1,4/3/26 19:09,8.01,24.34,-65.91
pH1,4/3/26 19:10,8.01,24.34,-65.91
pH1,4/3/26 19:11,8.01,24.34,-65.91
pH1,4/3/26 19:12,8.01,24.34,-65.85
pH1,4/3/26 19:13,8.01,24.34,-65.74
pH1,4/3/26 19:14,8.01,24.34,-65.77
pH1,4/3/26 19:15,8.01,24.34,-65.72
pH1,4/3/26 19:16,8.01,24.34,-65.6
pH1,4/3/26 19:17,8.01,24.32,-65.58
pH1,4/3/26 19:18,8.01,24.32,-65.66
pH1,4/3/26 19:19,8.01,24.32,-65.67
pH1,4/3/26 19:20,8.01,24.32,-65.66
pH1,4/3/26 19:21,8.01,24.32,-65.69
pH1,4/3/26 19:22,8.01,24.32,-65.63
pH1,4/3/26 19:23,8.01,24.32,-65.64
pH1,4/3/26 19:24,8.01,24.32,-65.61
pH1,4/3/26 19:25,8.01,24.32,-65.55
pH1,4/3/26 19:26,8.01,24.32,-65.53
pH1,4/3/26 19:27,8.01,24.32,-65.53
pH1,4/3/26 19:28,8.01,24.32,-65.49
pH1,4/3/26 19:29,8,24.32,-65.46
pH1,4/3/26 19:30,8,24.32,-65.42
pH1,4/3/26 19:31,8,24.32,-65.46
pH1,4/3/26 19:32,8,24.32,-65.44
pH1,4/3/26 19:33,8,24.29,-65.36
pH1,4/3/26 19:34,8,24.29,-65.19
pH1,4/3/26 19:35,8,24.29,-65.16
pH1,4/3/26 19:36,8,24.29,-65.14
pH1,4/3/26 19:37,8,24.29,-65.22
pH1,4/3/26 19:38,8,24.29,-65.22
pH1,4/3/26 19:39,8,24.29,-65.16
pH1,4/3/26 19:40,8,24.29,-65.13
pH1,4/3/26 19:41,8,24.32,-65.24
pH1,4/3/26 19:42,8,24.32,-65.33
pH1,4/3/26 19:43,8,24.32,-65.38
pH1,4/3/26 19:44,8,24.32,-65.42
pH1,4/3/26 19:45,8,24.32,-65.28
pH1,4/3/26 19:46,8,24.32,-65.33
pH1,4/3/26 19:47,8,24.32,-65.42
pH1,4/3/26 19:48,8.01,24.32,-65.52
pH1,4/3/26 19:49,8.01,24.32,-65.58
pH1,4/3/26 19:50,8.01,24.32,-65.6
pH1,4/3/26 19:51,8.01,24.32,-65.67
pH1,4/3/26 19:52,8.01,24.32,-65.67
pH1,4/3/26 19:53,8.01,24.32,-65.64
pH1,4/3/26 19:54,8.01,24.32,-65.64
pH1,4/3/26 19:55,8.01,24.32,-65.63
pH1,4/3/26 19:56,8.01,24.32,-65.61
pH1,4/3/26 19:57,8.01,24.32,-65.61
pH1,4/3/26 19:58,8.01,24.32,-65.61
pH1,4/3/26 19:59,8.01,24.32,-65.56
pH1,4/3/26 20:00,8.01,24.32,-65.56
pH1,4/3/26 20:01,8.01,24.32,-65.66
pH1,4/3/26 20:02,8.01,24.32,-65.61
pH1,4/3/26 20:03,8.01,24.32,-65.52
pH1,4/3/26 20:04,8,24.32,-65.41
pH1,4/3/26 20:05,8,24.32,-65.33
pH1,4/3/26 20:06,8,24.29,-65.22
pH1,4/3/26 20:07,8,24.29,-65.14
pH1,4/3/26 20:08,8,24.29,-65.11
pH1,4/3/26 20:09,8,24.29,-65.1
pH1,4/3/26 20:10,8,24.29,-65.05
pH1,4/3/26 20:11,8,24.29,-65.06
pH1,4/3/26 20:12,8,24.29,-65.14
pH1,4/3/26 20:13,8,24.29,-65.11
pH1,4/3/26 20:14,8,24.29,-65.14
pH1,4/3/26 20:15,8,24.29,-65.13
pH1,4/3/26 20:16,8,24.29,-65.22
pH1,4/3/26 20:17,8,24.29,-65.25
pH1,4/3/26 20:18,8,24.29,-65.31
pH1,4/3/26 20:19,8,24.29,-65.42
pH1,4/3/26 20:20,8,24.29,-65.39
pH1,4/3/26 20:21,8,24.29,-65.33
pH1,4/3/26 20:22,8,24.29,-65.3
pH1,4/3/26 20:23,8,24.29,-65.3
pH1,4/3/26 20:24,8,24.29,-65.22
pH1,4/3/26 20:25,8,24.29,-65.17
pH1,4/3/26 20:26,8,24.29,-65.14
pH1,4/3/26 20:27,8,24.29,-65.19
pH1,4/3/26 20:28,8,24.29,-65.17
pH1,4/3/26 20:29,8,24.29,-65.16
pH1,4/3/26 20:30,8,24.29,-65.17
pH1,4/3/26 20:31,8,24.29,-65.22
pH1,4/3/26 20:32,8,24.27,-65.19
pH1,4/3/26 20:33,8,24.27,-65.16
pH1,4/3/26 20:34,8,24.27,-65.14
pH1,4/3/26 20:35,8,24.27,-65.14
pH1,4/3/26 20:36,8,24.27,-65.14
pH1,4/3/26 20:37,8,24.24,-65.14
pH1,4/3/26 20:38,8,24.24,-65.13
pH1,4/3/26 20:39,8,24.24,-65.05
pH1,4/3/26 20:40,8,24.24,-65
pH1,4/3/26 20:41,8,24.22,-64.92
pH1,4/3/26 20:42,7.99,24.22,-64.85
pH1,4/3/26 20:43,7.99,24.22,-64.83
pH1,4/3/26 20:44,7.99,24.22,-64.74
pH1,4/3/26 20:45,7.99,24.22,-64.6
pH1,4/3/26 20:46,7.99,24.22,-64.42
pH1,4/3/26 20:47,7.99,24.22,-64.36
pH1,4/3/26 20:48,7.98,24.22,-64.28
pH1,4/3/26 20:49,7.98,24.22,-64.24
pH1,4/3/26 20:50,7.98,24.22,-64.17
pH1,4/3/26 20:51,7.98,24.22,-64.14
pH1,4/3/26 20:52,7.98,24.22,-64.21
pH1,4/3/26 20:53,7.98,24.22,-64.22
pH1,4/3/26 20:54,7.98,24.22,-64.22
pH1,4/3/26 20:55,7.98,24.22,-64.21
pH1,4/3/26 20:56,7.98,24.22,-64.25
pH1,4/3/26 20:57,7.98,24.22,-64.28
pH1,4/3/26 20:58,7.98,24.22,-64.3
pH1,4/3/26 20:59,7.98,24.22,-64.3
pH1,4/3/26 21:00,7.99,24.22,-64.35
pH1,4/3/26 21:01,7.99,24.22,-64.35
pH1,4/3/26 21:02,7.99,24.22,-64.36
pH1,4/3/26 21:03,7.99,24.24,-64.39
pH1,4/3/26 21:04,7.99,24.24,-64.5
pH1,4/3/26 21:05,7.99,24.24,-64.47
pH1,4/3/26 21:06,7.99,24.24,-64.49
pH1,4/3/26 21:07,7.99,24.24,-64.56
pH1,4/3/26 21:08,7.99,24.24,-64.5
pH1,4/3/26 21:09,7.99,24.24,-64.42
pH1,4/3/26 21:10,7.99,24.24,-64.33
pH1,4/3/26 21:11,7.99,24.24,-64.31
pH1,4/3/26 21:12,7.99,24.24,-64.38
pH1,4/3/26 21:13,7.99,24.24,-64.5
pH1,4/3/26 21:14,7.99,24.24,-64.44
pH1,4/3/26 21:15,7.99,24.24,-64.38
pH1,4/3/26 21:16,7.99,24.24,-64.44
pH1,4/3/26 21:17,7.99,24.24,-64.49
pH1,4/3/26 21:18,7.99,24.24,-64.49
pH1,4/3/26 21:19,7.99,24.27,-64.49
pH1,4/3/26 21:20,7.99,24.27,-64.47
pH1,4/3/26 21:21,7.99,24.27,-64.49
pH1,4/3/26 21:22,7.99,24.27,-64.44
pH1,4/3/26 21:23,7.99,24.27,-64.47
pH1,4/3/26 21:24,7.99,24.27,-64.56
pH1,4/3/26 21:25,7.99,24.27,-64.53
pH1,4/3/26 21:26,7.99,24.27,-64.38
pH1,4/3/26 21:27,7.98,24.27,-64.22
pH1,4/3/26 21:28,7.98,24.27,-64.14
pH1,4/3/26 21:29,7.98,24.27,-64.17
pH1,4/3/26 21:30,7.98,24.27,-64.14
pH1,4/3/26 21:31,7.98,24.27,-64.06
pH1,4/3/26 21:32,7.98,24.24,-64
pH1,4/3/26 21:33,7.98,24.24,-64.05
pH1,4/3/26 21:34,7.98,24.24,-64.05
pH1,4/3/26 21:35,7.98,24.24,-64.02
pH1,4/3/26 21:36,7.98,24.24,-64.11
pH1,4/3/26 21:37,7.98,24.22,-64.16
pH1,4/3/26 21:38,7.98,24.22,-64.21
pH1,4/3/26 21:39,7.98,24.22,-64.3
pH1,4/3/26 21:40,7.98,24.22,-64.25
pH1,4/3/26 21:41,7.98,24.19,-64.22
pH1,4/3/26 21:42,7.98,24.19,-64.21
pH1,4/3/26 21:43,7.98,24.19,-64.17
pH1,4/3/26 21:44,7.98,24.19,-64.11
pH1,4/3/26 21:45,7.98,24.19,-64.03
pH1,4/3/26 21:46,7.98,24.17,-63.96
pH1,4/3/26 21:47,7.98,24.17,-63.85
pH1,4/3/26 21:48,7.98,24.17,-63.86
pH1,4/3/26 21:49,7.98,24.17,-63.89
pH1,4/3/26 21:50,7.98,24.17,-63.88
pH1,4/3/26 21:51,7.98,24.15,-63.86
pH1,4/3/26 21:52,7.98,24.15,-63.94
pH1,4/3/26 21:53,7.98,24.15,-63.94
pH1,4/3/26 21:54,7.98,24.15,-63.96
pH1,4/3/26 21:55,7.98,24.15,-63.94
pH1,4/3/26 21:56,7.98,24.15,-63.92
pH1,4/3/26 21:57,7.98,24.12,-64.08
pH1,4/3/26 21:58,7.99,24.12,-64.38
pH1,4/3/26 21:59,7.99,24.12,-64.53
pH1,4/3/26 22:00,7.99,24.12,-64.56
pH1,4/3/26 22:01,7.99,24.12,-64.52
pH1,4/3/26 22:02,7.99,24.1,-64.52
pH1,4/3/26 22:03,7.99,24.1,-64.56
pH1,4/3/26 22:04,7.99,24.1,-64.53
pH1,4/3/26 22:05,7.99,24.1,-64.5
pH1,4/3/26 22:06,7.99,24.1,-64.46
pH1,4/3/26 22:07,7.99,24.07,-64.56
pH1,4/3/26 22:08,7.99,24.07,-64.58
pH1,4/3/26 22:09,7.99,24.07,-64.5
pH1,4/3/26 22:10,7.99,24.07,-64.5
pH1,4/3/26 22:11,7.99,24.07,-64.53
pH1,4/3/26 22:12,7.99,24.05,-64.52
pH1,4/3/26 22:13,7.99,24.05,-64.42
pH1,4/3/26 22:14,7.99,24.05,-64.3
pH1,4/3/26 22:15,7.98,24.05,-64.25
pH1,4/3/26 22:16,7.99,24.05,-64.36
pH1,4/3/26 22:17,7.99,24.05,-64.35
pH1,4/3/26 22:18,7.99,24.05,-64.36
pH1,4/3/26 22:19,7.99,24.05,-64.38
pH1,4/3/26 22:20,7.99,24.05,-64.39
pH1,4/3/26 22:21,7.99,24.05,-64.36
pH1,4/3/26 22:22,7.99,24.05,-64.38
pH1,4/3/26 22:23,7.99,24.05,-64.44
pH1,4/3/26 22:24,7.99,24.05,-64.46
pH1,4/3/26 22:25,7.99,24.05,-64.47
pH1,4/3/26 22:26,7.99,24.03,-64.42
pH1,4/3/26 22:27,7.99,24.03,-64.42
pH1,4/3/26 22:28,7.99,24.03,-64.39
pH1,4/3/26 22:29,7.99,24.03,-64.41
pH1,4/3/26 22:30,7.99,24.03,-64.47
pH1,4/3/26 22:31,7.99,24.03,-64.42
pH1,4/3/26 22:32,7.99,24.03,-64.42
pH1,4/3/26 22:33,7.99,24.03,-64.36
pH1,4/3/26 22:34,7.98,24.03,-64.27
pH1,4/3/26 22:35,7.98,24.03,-64.21
pH1,4/3/26 22:36,7.98,24.03,-64.14
pH1,4/3/26 22:37,7.98,24.03,-63.97
pH1,4/3/26 22:38,7.98,24.03,-63.88
pH1,4/3/26 22:39,7.98,24.03,-63.91
pH1,4/3/26 22:40,7.98,24.03,-63.92
pH1,4/3/26 22:41,7.98,24.03,-63.81
pH1,4/3/26 22:42,7.98,24.03,-63.75
pH1,4/3/26 22:43,7.98,24.03,-63.71
pH1,4/3/26 22:44,7.97,24.03,-63.69
pH1,4/3/26 22:45,7.97,24.03,-63.69
pH1,4/3/26 22:46,7.98,24,-63.69
pH1,4/3/26 22:47,7.97,24,-63.63
pH1,4/3/26 22:48,7.97,24,-63.61
pH1,4/3/26 22:49,7.97,24,-63.67
pH1,4/3/26 22:50,7.98,24,-63.83
pH1,4/3/26 22:51,7.98,24,-63.77
pH1,4/3/26 22:52,7.98,24,-63.86
pH1,4/3/26 22:53,7.98,24,-63.94
pH1,4/3/26 22:54,7.98,23.98,-64
pH1,4/3/26 22:55,7.98,23.98,-64.08
pH1,4/3/26 22:56,7.98,23.98,-64.11
pH1,4/3/26 22:57,7.98,23.98,-64.06
pH1,4/3/26 22:58,7.98,23.98,-64.08
pH1,4/3/26 22:59,7.98,23.98,-64.06
pH1,4/3/26 23:00,7.98,23.98,-64.03
pH1,4/3/26 23:01,7.98,23.98,-63.96
pH1,4/3/26 23:02,7.98,23.98,-63.92
pH1,4/3/26 23:03,7.98,23.95,-63.89
pH1,4/3/26 23:04,7.98,23.95,-63.75
pH1,4/3/26 23:05,7.97,23.95,-63.66
pH1,4/3/26 23:06,7.97,23.95,-63.55
pH1,4/3/26 23:07,7.97,23.95,-63.58
pH1,4/3/26 23:08,7.97,23.95,-63.56
pH1,4/3/26 23:09,7.97,23.95,-63.66
pH1,4/3/26 23:10,7.97,23.95,-63.66
pH1,4/3/26 23:11,7.97,23.95,-63.6
pH1,4/3/26 23:12,7.97,23.95,-63.52
pH1,4/3/26 23:13,7.97,23.95,-63.6
pH1,4/3/26 23:14,7.98,23.95,-63.71
pH1,4/3/26 23:15,7.97,23.95,-63.67
pH1,4/3/26 23:16,7.97,23.95,-63.6
pH1,4/3/26 23:17,7.97,23.95,-63.63
pH1,4/3/26 23:18,7.97,23.95,-63.63
pH1,4/3/26 23:19,7.97,23.95,-63.6
pH1,4/3/26 23:20,7.97,23.95,-63.52
pH1,4/3/26 23:21,7.97,23.95,-63.44
pH1,4/3/26 23:22,7.97,23.95,-63.42
pH1,4/3/26 23:23,7.97,23.95,-63.44
pH1,4/3/26 23:24,7.97,23.95,-63.38
pH1,4/3/26 23:25,7.97,23.95,-63.41
pH1,4/3/26 23:26,7.97,23.95,-63.5
pH1,4/3/26 23:27,7.97,23.95,-63.6
pH1,4/3/26 23:28,7.97,23.95,-63.55
pH1,4/3/26 23:29,7.98,23.95,-63.69
pH1,4/3/26 23:30,7.98,23.95,-63.85
pH1,4/3/26 23:31,7.98,23.95,-63.96
pH1,4/3/26 23:32,7.98,23.95,-63.94
pH1,4/3/26 23:33,7.98,23.95,-63.94
pH1,4/3/26 23:34,7.98,23.95,-63.86
pH1,4/3/26 23:35,7.98,23.95,-63.75
pH1,4/3/26 23:36,7.97,23.95,-63.66
pH1,4/3/26 23:37,7.97,23.95,-63.63
pH1,4/3/26 23:38,7.97,23.95,-63.66
pH1,4/3/26 23:39,7.98,23.95,-63.72
pH1,4/3/26 23:40,7.98,23.95,-63.78
pH1,4/3/26 23:41,7.97,23.95,-63.67
pH1,4/3/26 23:42,7.97,23.95,-63.55
pH1,4/3/26 23:43,7.97,23.95,-63.39
pH1,4/3/26 23:44,7.97,23.95,-63.36
pH1,4/3/26 23:45,7.97,23.95,-63.41
pH1,4/3/26 23:46,7.97,23.95,-63.39
pH1,4/3/26 23:47,7.97,23.95,-63.31
pH1,4/3/26 23:48,7.97,23.95,-63.27
pH1,4/3/26 23:49,7.97,23.95,-63.22
pH1,4/3/26 23:50,7.97,23.95,-63.22
pH1,4/3/26 23:51,7.97,23.95,-63.24
pH1,4/3/26 23:52,7.97,23.95,-63.3
pH1,4/3/26 23:53,7.97,23.95,-63.35
pH1,4/3/26 23:54,7.97,23.93,-63.31
pH1,4/3/26 23:55,7.97,23.95,-63.28
pH1,4/3/26 23:56,7.97,23.93,-63.25
pH1,4/3/26 23:57,7.97,23.93,-63.25
pH1,4/3/26 23:58,7.97,23.93,-63.31
pH1,4/3/26 23:59,7.97,23.93,-63.52
pH1,4/4/26 0:00,7.97,23.93,-63.53
pH1,4/4/26 0:01,7.97,23.93,-63.5
pH1,4/4/26 0:02,7.97,23.93,-63.46
pH1,4/4/26 0:03,7.97,23.93,-63.46
pH1,4/4/26 0:04,7.97,23.93,-63.55
pH1,4/4/26 0:05,7.97,23.93,-63.63
pH1,4/4/26 0:06,7.98,23.93,-63.71
pH1,4/4/26 0:07,7.98,23.91,-63.75
pH1,4/4/26 0:08,7.98,23.91,-63.72
pH1,4/4/26 0:09,7.97,23.91,-63.61
pH1,4/4/26 0:10,7.97,23.91,-63.52
pH1,4/4/26 0:11,7.97,23.91,-63.5
pH1,4/4/26 0:12,7.97,23.91,-63.46
pH1,4/4/26 0:13,7.97,23.91,-63.49
pH1,4/4/26 0:14,7.97,23.91,-63.5
pH1,4/4/26 0:15,7.97,23.91,-63.55
pH1,4/4/26 0:16,7.97,23.91,-63.58
pH1,4/4/26 0:17,7.98,23.91,-63.75
pH1,4/4/26 0:18,7.98,23.91,-64.03
pH1,4/4/26 0:19,7.98,23.91,-64.06
pH1,4/4/26 0:20,7.98,23.91,-64.06
pH1,4/4/26 0:21,7.98,23.91,-64.06
pH1,4/4/26 0:22,7.98,23.91,-64.11
pH1,4/4/26 0:23,7.98,23.91,-64.14
pH1,4/4/26 0:24,7.98,23.91,-64.22
pH1,4/4/26 0:25,7.98,23.91,-64.19
pH1,4/4/26 0:26,7.98,23.91,-64.19
pH1,4/4/26 0:27,7.98,23.91,-64.19
pH1,4/4/26 0:28,7.98,23.91,-64.17
pH1,4/4/26 0:29,7.98,23.91,-64.1
pH1,4/4/26 0:30,7.98,23.91,-63.92
pH1,4/4/26 0:31,7.98,23.91,-63.81
pH1,4/4/26 0:32,7.98,23.91,-63.88
pH1,4/4/26 0:33,7.98,23.91,-63.96
pH1,4/4/26 0:34,7.98,23.93,-64.05
pH1,4/4/26 0:35,7.98,23.93,-64.16
pH1,4/4/26 0:36,7.98,23.93,-64.17
pH1,4/4/26 0:37,7.98,23.93,-64.16
pH1,4/4/26 0:38,7.98,23.93,-64.13
pH1,4/4/26 0:39,7.98,23.93,-64.11
pH1,4/4/26 0:40,7.98,23.93,-64.1
pH1,4/4/26 0:41,7.98,23.93,-64.02
pH1,4/4/26 0:42,7.98,23.93,-63.99
pH1,4/4/26 0:43,7.98,23.93,-63.92
pH1,4/4/26 0:44,7.98,23.93,-63.86
pH1,4/4/26 0:45,7.98,23.93,-63.78
pH1,4/4/26 0:46,7.98,23.93,-63.8
pH1,4/4/26 0:47,7.98,23.93,-63.78
pH1,4/4/26 0:48,7.98,23.93,-63.75
pH1,4/4/26 0:49,7.97,23.93,-63.67
pH1,4/4/26 0:50,7.98,23.93,-63.71
pH1,4/4/26 0:51,7.97,23.95,-63.64
pH1,4/4/26 0:52,7.97,23.95,-63.63
pH1,4/4/26 0:53,7.97,23.93,-63.6
pH1,4/4/26 0:54,7.97,23.93,-63.53
pH1,4/4/26 0:55,7.97,23.93,-63.44
pH1,4/4/26 0:56,7.97,23.93,-63.36
pH1,4/4/26 0:57,7.97,23.93,-63.22
pH1,4/4/26 0:58,7.97,23.93,-63.11
pH1,4/4/26 0:59,7.96,23.93,-63.1
pH1,4/4/26 1:00,7.97,23.93,-63.13
pH1,4/4/26 1:01,7.97,23.93,-63.13
pH1,4/4/26 1:02,7.96,23.93,-63.08
pH1,4/4/26 1:03,7.96,23.93,-63.06
pH1,4/4/26 1:04,7.96,23.93,-63.02
pH1,4/4/26 1:05,7.96,23.93,-63.03
pH1,4/4/26 1:06,7.96,23.93,-63.06
pH1,4/4/26 1:07,7.96,23.93,-63.06
pH1,4/4/26 1:08,7.96,23.93,-63.06
pH1,4/4/26 1:09,7.96,23.93,-63.1
pH1,4/4/26 1:10,7.96,23.93,-63.05
pH1,4/4/26 1:11,7.96,23.93,-62.97
pH1,4/4/26 1:12,7.96,23.93,-62.94
pH1,4/4/26 1:13,7.96,23.93,-62.99
pH1,4/4/26 1:14,7.96,23.93,-62.94
pH1,4/4/26 1:15,7.96,23.93,-62.91
pH1,4/4/26 1:16,7.96,23.95,-62.88
pH1,4/4/26 1:17,7.96,23.95,-62.86
pH1,4/4/26 1:18,7.96,23.95,-63.03
pH1,4/4/26 1:19,7.96,23.95,-63.08
pH1,4/4/26 1:20,7.96,23.95,-63.1
pH1,4/4/26 1:21,7.96,23.95,-63
pH1,4/4/26 1:22,7.96,23.95,-62.99
pH1,4/4/26 1:23,7.96,23.93,-62.91
pH1,4/4/26 1:24,7.96,23.93,-62.99
pH1,4/4/26 1:25,7.97,23.93,-63.11
pH1,4/4/26 1:26,7.97,23.93,-63.24
pH1,4/4/26 1:27,7.97,23.93,-63.31
pH1,4/4/26 1:28,7.97,23.91,-63.28
pH1,4/4/26 1:29,7.97,23.91,-63.19
pH1,4/4/26 1:30,7.97,23.91,-63.19
pH1,4/4/26 1:31,7.97,23.91,-63.21
pH1,4/4/26 1:32,7.97,23.91,-63.42
pH1,4/4/26 1:33,7.97,23.91,-63.56
pH1,4/4/26 1:34,7.97,23.91,-63.64
pH1,4/4/26 1:35,7.97,23.91,-63.66
pH1,4/4/26 1:36,7.98,23.91,-63.67
pH1,4/4/26 1:37,7.98,23.91,-63.72
pH1,4/4/26 1:38,7.98,23.91,-63.71
pH1,4/4/26 1:39,7.98,23.93,-63.77
pH1,4/4/26 1:40,7.98,23.91,-63.8
pH1,4/4/26 1:41,7.98,23.93,-63.86
pH1,4/4/26 1:42,7.98,23.93,-63.94
pH1,4/4/26 1:43,7.98,23.93,-63.97
pH1,4/4/26 1:44,7.98,23.93,-63.94
pH1,4/4/26 1:45,7.98,23.93,-63.97
pH1,4/4/26 1:46,7.98,23.93,-63.97
pH1,4/4/26 1:47,7.98,23.93,-64
pH1,4/4/26 1:48,7.98,23.93,-64.11
pH1,4/4/26 1:49,7.98,23.93,-64.1
pH1,4/4/26 1:50,7.98,23.93,-64.05
pH1,4/4/26 1:51,7.98,23.93,-64.05
pH1,4/4/26 1:52,7.98,23.93,-63.99
pH1,4/4/26 1:53,7.98,23.93,-63.92
pH1,4/4/26 1:54,7.98,23.93,-63.85
pH1,4/4/26 1:55,7.98,23.93,-63.78
pH1,4/4/26 1:56,7.98,23.91,-63.72
pH1,4/4/26 1:57,7.97,23.91,-63.63
pH1,4/4/26 1:58,7.97,23.91,-63.6
pH1,4/4/26 1:59,7.97,23.91,-63.61
pH1,4/4/26 2:00,7.97,23.91,-63.6
pH1,4/4/26 2:01,7.97,23.91,-63.53
pH1,4/4/26 2:02,7.97,23.91,-63.55
pH1,4/4/26 2:03,7.98,23.91,-63.67
pH1,4/4/26 2:04,7.98,23.91,-63.75
pH1,4/4/26 2:05,7.98,23.91,-63.74
pH1,4/4/26 2:06,7.98,23.88,-63.77
pH1,4/4/26 2:07,7.98,23.88,-63.83
pH1,4/4/26 2:08,7.98,23.88,-63.88
pH1,4/4/26 2:09,7.98,23.88,-63.83
pH1,4/4/26 2:10,7.98,23.88,-63.78
pH1,4/4/26 2:11,7.98,23.88,-63.74
pH1,4/4/26 2:12,7.97,23.86,-63.64
pH1,4/4/26 2:13,7.97,23.86,-63.61
pH1,4/4/26 2:14,7.97,23.86,-63.52
pH1,4/4/26 2:15,7.97,23.86,-63.47
pH1,4/4/26 2:16,7.97,23.86,-63.44
pH1,4/4/26 2:17,7.97,23.86,-63.42
pH1,4/4/26 2:18,7.97,23.86,-63.46
pH1,4/4/26 2:19,7.97,23.86,-63.5
pH1,4/4/26 2:20,7.97,23.86,-63.58
pH1,4/4/26 2:21,7.97,23.86,-63.55
pH1,4/4/26 2:22,7.97,23.83,-63.41
pH1,4/4/26 2:23,7.97,23.83,-63.35
pH1,4/4/26 2:24,7.97,23.83,-63.3
pH1,4/4/26 2:25,7.97,23.83,-63.33
pH1,4/4/26 2:26,7.97,23.83,-63.38
pH1,4/4/26 2:27,7.97,23.83,-63.35
pH1,4/4/26 2:28,7.97,23.83,-63.31
pH1,4/4/26 2:29,7.97,23.83,-63.42
pH1,4/4/26 2:30,7.97,23.83,-63.47
pH1,4/4/26 2:31,7.97,23.83,-63.53
pH1,4/4/26 2:32,7.97,23.83,-63.6
pH1,4/4/26 2:33,7.98,23.83,-63.67
pH1,4/4/26 2:34,7.98,23.83,-63.75
pH1,4/4/26 2:35,7.98,23.83,-63.83
pH1,4/4/26 2:36,7.98,23.83,-63.85
pH1,4/4/26 2:37,7.98,23.83,-63.88
pH1,4/4/26 2:38,7.98,23.86,-63.94
pH1,4/4/26 2:39,7.98,23.86,-63.94
pH1,4/4/26 2:40,7.98,23.86,-63.94
pH1,4/4/26 2:41,7.98,23.86,-63.89
pH1,4/4/26 2:42,7.98,23.86,-63.86
pH1,4/4/26 2:43,7.98,23.88,-63.8
pH1,4/4/26 2:44,7.98,23.88,-63.75
pH1,4/4/26 2:45,7.98,23.88,-63.67
pH1,4/4/26 2:46,7.97,23.88,-63.58
pH1,4/4/26 2:47,7.97,23.88,-63.47
pH1,4/4/26 2:48,7.97,23.88,-63.44
pH1,4/4/26 2:49,7.97,23.88,-63.42
pH1,4/4/26 2:50,7.97,23.88,-63.36
pH1,4/4/26 2:51,7.97,23.88,-63.33
pH1,4/4/26 2:52,7.97,23.88,-63.25
pH1,4/4/26 2:53,7.97,23.86,-63.11
pH1,4/4/26 2:54,7.96,23.86,-62.99
pH1,4/4/26 2:55,7.96,23.86,-62.94
pH1,4/4/26 2:56,7.96,23.86,-62.86
pH1,4/4/26 2:57,7.96,23.86,-62.8
pH1,4/4/26 2:58,7.96,23.86,-62.75
pH1,4/4/26 2:59,7.96,23.86,-62.81
pH1,4/4/26 3:00,7.96,23.86,-62.94
pH1,4/4/26 3:01,7.96,23.86,-63.03
pH1,4/4/26 3:02,7.96,23.86,-63
pH1,4/4/26 3:03,7.96,23.86,-62.97
pH1,4/4/26 3:04,7.96,23.86,-62.99
pH1,4/4/26 3:05,7.96,23.86,-62.97
pH1,4/4/26 3:06,7.96,23.86,-62.99
pH1,4/4/26 3:07,7.96,23.86,-62.99
pH1,4/4/26 3:08,7.96,23.86,-62.97
pH1,4/4/26 3:09,7.96,23.86,-62.92
pH1,4/4/26 3:10,7.96,23.86,-62.86
pH1,4/4/26 3:11,7.96,23.86,-62.88
pH1,4/4/26 3:12,7.96,23.86,-62.92
pH1,4/4/26 3:13,7.96,23.86,-62.88
pH1,4/4/26 3:14,7.96,23.86,-62.81
pH1,4/4/26 3:15,7.96,23.86,-62.78
pH1,4/4/26 3:16,7.96,23.86,-62.75
pH1,4/4/26 3:17,7.96,23.86,-62.78
pH1,4/4/26 3:18,7.96,23.83,-62.88
pH1,4/4/26 3:19,7.96,23.83,-62.92
pH1,4/4/26 3:20,7.96,23.83,-63
pH1,4/4/26 3:21,7.96,23.83,-63
pH1,4/4/26 3:22,7.96,23.83,-63
pH1,4/4/26 3:23,7.96,23.83,-62.94
pH1,4/4/26 3:24,7.96,23.83,-63.03
pH1,4/4/26 3:25,7.97,23.83,-63.08
pH1,4/4/26 3:26,7.97,23.83,-63.21
pH1,4/4/26 3:27,7.97,23.86,-63.28
pH1,4/4/26 3:28,7.97,23.86,-63.3
pH1,4/4/26 3:29,7.97,23.86,-63.24
pH1,4/4/26 3:30,7.97,23.86,-63.19
pH1,4/4/26 3:31,7.97,23.86,-63.21
pH1,4/4/26 3:32,7.97,23.86,-63.25
pH1,4/4/26 3:33,7.97,23.86,-63.27
pH1,4/4/26 3:34,7.97,23.86,-63.24
pH1,4/4/26 3:35,7.97,23.86,-63.19
pH1,4/4/26 3:36,7.97,23.86,-63.21
pH1,4/4/26 3:37,7.97,23.86,-63.24
pH1,4/4/26 3:38,7.97,23.86,-63.21
pH1,4/4/26 3:39,7.97,23.88,-63.24
pH1,4/4/26 3:40,7.97,23.88,-63.25
pH1,4/4/26 3:41,7.97,23.88,-63.22
pH1,4/4/26 3:42,7.97,23.88,-63.14
pH1,4/4/26 3:43,7.97,23.88,-63.11
pH1,4/4/26 3:44,7.97,23.88,-63.14
pH1,4/4/26 3:45,7.96,23.88,-63.06
pH1,4/4/26 3:46,7.96,23.88,-63
pH1,4/4/26 3:47,7.96,23.88,-62.99
pH1,4/4/26 3:48,7.96,23.88,-62.96
pH1,4/4/26 3:49,7.96,23.88,-62.97
pH1,4/4/26 3:50,7.96,23.88,-63.02
pH1,4/4/26 3:51,7.96,23.88,-62.94
pH1,4/4/26 3:52,7.96,23.86,-62.91
pH1,4/4/26 3:53,7.96,23.86,-62.91
pH1,4/4/26 3:54,7.96,23.86,-63
pH1,4/4/26 3:55,7.96,23.86,-62.96
pH1,4/4/26 3:56,7.96,23.86,-63
pH1,4/4/26 3:57,7.96,23.86,-63.05
pH1,4/4/26 3:58,7.96,23.83,-63.06
pH1,4/4/26 3:59,7.97,23.83,-63.1
pH1,4/4/26 4:00,7.97,23.83,-63.1
pH1,4/4/26 4:01,7.96,23.83,-63
pH1,4/4/26 4:02,7.96,23.83,-62.91
pH1,4/4/26 4:03,7.96,23.83,-62.78
pH1,4/4/26 4:04,7.96,23.83,-62.71
pH1,4/4/26 4:05,7.96,23.81,-62.61
pH1,4/4/26 4:06,7.96,23.81,-62.6
pH1,4/4/26 4:07,7.96,23.81,-62.64
pH1,4/4/26 4:08,7.96,23.81,-62.66
pH1,4/4/26 4:09,7.96,23.81,-62.64
pH1,4/4/26 4:10,7.96,23.81,-62.63
pH1,4/4/26 4:11,7.96,23.81,-62.55
pH1,4/4/26 4:12,7.95,23.81,-62.41
pH1,4/4/26 4:13,7.95,23.81,-62.28
pH1,4/4/26 4:14,7.95,23.81,-62.21
pH1,4/4/26 4:15,7.95,23.81,-62.1
pH1,4/4/26 4:16,7.95,23.81,-62.05
pH1,4/4/26 4:17,7.95,23.81,-62.02
pH1,4/4/26 4:18,7.95,23.81,-62.05
pH1,4/4/26 4:19,7.95,23.81,-62.08
pH1,4/4/26 4:20,7.95,23.81,-62.21
pH1,4/4/26 4:21,7.95,23.81,-62.28
pH1,4/4/26 4:22,7.95,23.81,-62.35
pH1,4/4/26 4:23,7.95,23.81,-62.36
pH1,4/4/26 4:24,7.95,23.81,-62.25
pH1,4/4/26 4:25,7.95,23.81,-62.24
pH1,4/4/26 4:26,7.95,23.81,-62.21
pH1,4/4/26 4:27,7.95,23.81,-62.33
pH1,4/4/26 4:28,7.95,23.79,-62.49
pH1,4/4/26 4:29,7.96,23.79,-62.52
pH1,4/4/26 4:30,7.95,23.79,-62.41
pH1,4/4/26 4:31,7.95,23.79,-62.36
pH1,4/4/26 4:32,7.95,23.79,-62.33
pH1,4/4/26 4:33,7.95,23.79,-62.28
pH1,4/4/26 4:34,7.95,23.79,-62.33
pH1,4/4/26 4:35,7.95,23.79,-62.39
pH1,4/4/26 4:36,7.95,23.79,-62.42
pH1,4/4/26 4:37,7.95,23.79,-62.35
pH1,4/4/26 4:38,7.95,23.79,-62.3
pH1,4/4/26 4:39,7.95,23.79,-62.31
pH1,4/4/26 4:40,7.95,23.79,-62.38
pH1,4/4/26 4:41,7.95,23.79,-62.41
pH1,4/4/26 4:42,7.95,23.79,-62.38
pH1,4/4/26 4:43,7.95,23.79,-62.49
pH1,4/4/26 4:44,7.96,23.79,-62.58
pH1,4/4/26 4:45,7.96,23.81,-62.6
pH1,4/4/26 4:46,7.96,23.81,-62.58
pH1,4/4/26 4:47,7.96,23.81,-62.63
pH1,4/4/26 4:48,7.96,23.81,-62.61
pH1,4/4/26 4:49,7.96,23.81,-62.52
pH1,4/4/26 4:50,7.95,23.81,-62.39
pH1,4/4/26 4:51,7.95,23.81,-62.33
pH1,4/4/26 4:52,7.95,23.81,-62.41
pH1,4/4/26 4:53,7.96,23.81,-62.53
pH1,4/4/26 4:54,7.96,23.81,-62.67
pH1,4/4/26 4:55,7.96,23.81,-62.83
pH1,4/4/26 4:56,7.96,23.81,-62.92
pH1,4/4/26 4:57,7.96,23.81,-63
pH1,4/4/26 4:58,7.96,23.81,-63
pH1,4/4/26 4:59,7.96,23.81,-63.05
pH1,4/4/26 5:00,7.97,23.81,-63.08
pH1,4/4/26 5:01,7.96,23.81,-63.06
pH1,4/4/26 5:02,7.96,23.81,-62.97
pH1,4/4/26 5:03,7.96,23.81,-62.91
pH1,4/4/26 5:04,7.96,23.81,-62.88
pH1,4/4/26 5:05,7.96,23.81,-62.88
pH1,4/4/26 5:06,7.96,23.81,-62.88
pH1,4/4/26 5:07,7.96,23.81,-62.78
pH1,4/4/26 5:08,7.96,23.81,-62.8
pH1,4/4/26 5:09,7.96,23.81,-62.81
pH1,4/4/26 5:10,7.96,23.81,-62.78
pH1,4/4/26 5:11,7.96,23.79,-62.72
pH1,4/4/26 5:12,7.96,23.79,-62.71
pH1,4/4/26 5:13,7.96,23.79,-62.67
pH1,4/4/26 5:14,7.96,23.79,-62.52
pH1,4/4/26 5:15,7.95,23.79,-62.42
pH1,4/4/26 5:16,7.95,23.79,-62.39
pH1,4/4/26 5:17,7.95,23.79,-62.36
pH1,4/4/26 5:18,7.95,23.79,-62.41
pH1,4/4/26 5:19,7.95,23.79,-62.33
pH1,4/4/26 5:20,7.95,23.79,-62.36
pH1,4/4/26 5:21,7.95,23.79,-62.46
pH1,4/4/26 5:22,7.95,23.79,-62.38
pH1,4/4/26 5:23,7.95,23.79,-62.33
pH1,4/4/26 5:24,7.95,23.79,-62.24
pH1,4/4/26 5:25,7.95,23.79,-62.19
pH1,4/4/26 5:26,7.95,23.79,-62.11
pH1,4/4/26 5:27,7.95,23.79,-62.03
pH1,4/4/26 5:28,7.95,23.79,-61.96
pH1,4/4/26 5:29,7.94,23.79,-61.89
pH1,4/4/26 5:30,7.94,23.79,-61.86
pH1,4/4/26 5:31,7.94,23.79,-61.8
pH1,4/4/26 5:32,7.94,23.79,-61.72
pH1,4/4/26 5:33,7.94,23.79,-61.64
pH1,4/4/26 5:34,7.94,23.79,-61.6
pH1,4/4/26 5:35,7.94,23.79,-61.53
pH1,4/4/26 5:36,7.94,23.79,-61.44
pH1,4/4/26 5:37,7.94,23.79,-61.49
pH1,4/4/26 5:38,7.94,23.79,-61.47
pH1,4/4/26 5:39,7.94,23.79,-61.42
pH1,4/4/26 5:40,7.94,23.79,-61.39
pH1,4/4/26 5:41,7.93,23.81,-61.35
pH1,4/4/26 5:42,7.94,23.79,-61.35
pH1,4/4/26 5:43,7.94,23.81,-61.42
pH1,4/4/26 5:44,7.94,23.81,-61.47
pH1,4/4/26 5:45,7.94,23.81,-61.46
pH1,4/4/26 5:46,7.94,23.81,-61.49
pH1,4/4/26 5:47,7.94,23.81,-61.56
pH1,4/4/26 5:48,7.94,23.81,-61.63
pH1,4/4/26 5:49,7.94,23.81,-61.58
pH1,4/4/26 5:50,7.94,23.81,-61.52
pH1,4/4/26 5:51,7.94,23.81,-61.53
pH1,4/4/26 5:52,7.94,23.81,-61.49
pH1,4/4/26 5:53,7.94,23.81,-61.42
pH1,4/4/26 5:54,7.94,23.81,-61.36
pH1,4/4/26 5:55,7.93,23.81,-61.33
pH1,4/4/26 5:56,7.93,23.81,-61.17
pH1,4/4/26 5:57,7.93,23.81,-61.08
pH1,4/4/26 5:58,7.93,23.81,-61.03
pH1,4/4/26 5:59,7.93,23.81,-61.02
pH1,4/4/26 6:00,7.93,23.81,-60.89
pH1,4/4/26 6:01,7.93,23.81,-60.83
pH1,4/4/26 6:02,7.93,23.81,-60.88
pH1,4/4/26 6:03,7.93,23.81,-60.89
pH1,4/4/26 6:04,7.93,23.81,-60.88
pH1,4/4/26 6:05,7.93,23.81,-60.86
pH1,4/4/26 6:06,7.93,23.81,-60.8
pH1,4/4/26 6:07,7.92,23.81,-60.66
pH1,4/4/26 6:08,7.92,23.81,-60.64
pH1,4/4/26 6:09,7.92,23.81,-60.6
pH1,4/4/26 6:10,7.92,23.81,-60.61
pH1,4/4/26 6:11,7.92,23.81,-60.72
pH1,4/4/26 6:12,7.93,23.81,-60.85
pH1,4/4/26 6:13,7.93,23.81,-60.97
pH1,4/4/26 6:14,7.93,23.81,-61.11
pH1,4/4/26 6:15,7.93,23.83,-61.19
pH1,4/4/26 6:16,7.93,23.83,-61.16
pH1,4/4/26 6:17,7.93,23.83,-61.17
pH1,4/4/26 6:18,7.93,23.83,-61.19
pH1,4/4/26 6:19,7.93,23.83,-61.16
pH1,4/4/26 6:20,7.93,23.83,-61.11
pH1,4/4/26 6:21,7.93,23.86,-61.1
pH1,4/4/26 6:22,7.93,23.86,-61.06
pH1,4/4/26 6:23,7.93,23.86,-61.1
pH1,4/4/26 6:24,7.93,23.86,-61.2
pH1,4/4/26 6:25,7.93,23.86,-61.25
pH1,4/4/26 6:26,7.93,23.88,-61.35
pH1,4/4/26 6:27,7.94,23.88,-61.41
pH1,4/4/26 6:28,7.94,23.88,-61.46
pH1,4/4/26 6:29,7.94,23.91,-61.53
pH1,4/4/26 6:30,7.94,23.91,-61.61
pH1,4/4/26 6:31,7.94,23.91,-61.77
pH1,4/4/26 6:32,7.94,23.91,-61.89
pH1,4/4/26 6:33,7.95,23.93,-62.08
pH1,4/4/26 6:34,7.95,23.93,-62.28
pH1,4/4/26 6:35,7.95,23.95,-62.41
pH1,4/4/26 6:36,7.96,23.95,-62.53
pH1,4/4/26 6:37,7.96,23.98,-62.53
pH1,4/4/26 6:38,7.96,23.98,-62.58
pH1,4/4/26 6:39,7.96,23.98,-62.67
pH1,4/4/26 6:40,7.96,24,-62.88
pH1,4/4/26 6:41,7.96,24,-62.89
pH1,4/4/26 6:42,7.96,24.03,-63.02
pH1,4/4/26 6:43,7.97,24.03,-63.13
pH1,4/4/26 6:44,7.97,24.05,-63.16
pH1,4/4/26 6:45,7.97,24.07,-63.38
pH1,4/4/26 6:46,7.97,24.07,-63.58
pH1,4/4/26 6:47,7.98,24.1,-63.77
pH1,4/4/26 6:48,7.97,24.12,-63.69
pH1,4/4/26 6:49,7.97,24.1,-63.49
pH1,4/4/26 6:50,7.97,24.1,-63.35
pH1,4/4/26 6:51,7.97,24.1,-63.31
pH1,4/4/26 6:52,7.97,24.12,-63.69
pH1,4/4/26 6:53,7.98,24.15,-64.02
pH1,4/4/26 6:54,7.98,24.17,-64.27
pH1,4/4/26 6:55,7.99,24.19,-64.36
pH1,4/4/26 6:56,7.99,24.22,-64.38
pH1,4/4/26 6:57,7.99,24.22,-64.38
pH1,4/4/26 6:58,7.99,24.24,-64.52
pH1,4/4/26 6:59,7.99,24.27,-64.55
pH1,4/4/26 7:00,7.99,24.27,-64.39
pH1,4/4/26 7:01,7.98,24.27,-64
pH1,4/4/26 7:02,7.97,24.27,-63.66
pH1,4/4/26 7:03,7.97,24.24,-63.47
pH1,4/4/26 7:04,7.97,24.24,-63.31
pH1,4/4/26 7:05,7.97,24.24,-63.21
pH1,4/4/26 7:06,7.96,24.22,-63.14
pH1,4/4/26 7:07,7.96,24.22,-63.1
pH1,4/4/26 7:08,7.96,24.22,-63.06
pH1,4/4/26 7:09,7.96,24.22,-63.02
pH1,4/4/26 7:10,7.96,24.19,-62.97
pH1,4/4/26 7:11,7.96,24.19,-62.97
pH1,4/4/26 7:12,7.96,24.19,-62.96
pH1,4/4/26 7:13,7.96,24.19,-62.91
pH1,4/4/26 7:14,7.96,24.17,-62.88
pH1,4/4/26 7:15,7.96,24.17,-62.85
pH1,4/4/26 7:16,7.96,24.17,-62.8
pH1,4/4/26 7:17,7.96,24.17,-62.78
pH1,4/4/26 7:18,7.96,24.17,-62.8
pH1,4/4/26 7:19,7.96,24.17,-62.85
pH1,4/4/26 7:20,7.96,24.17,-62.92
pH1,4/4/26 7:21,7.96,24.17,-63.05
pH1,4/4/26 7:22,7.96,24.17,-63.13
pH1,4/4/26 7:23,7.97,24.17,-63.21
pH1,4/4/26 7:24,7.97,24.19,-63.27
pH1,4/4/26 7:25,7.97,24.19,-63.36
pH1,4/4/26 7:26,7.97,24.19,-63.46
pH1,4/4/26 7:27,7.97,24.19,-63.56
pH1,4/4/26 7:28,7.97,24.22,-63.69
pH1,4/4/26 7:29,7.98,24.22,-63.85
pH1,4/4/26 7:30,7.98,24.22,-64.02
pH1,4/4/26 7:31,7.98,24.24,-64.16
pH1,4/4/26 7:32,7.98,24.24,-64.27
pH1,4/4/26 7:33,7.99,24.27,-64.42
pH1,4/4/26 7:34,7.99,24.27,-64.58
pH1,4/4/26 7:35,7.99,24.29,-64.88
pH1,4/4/26 7:36,8.01,24.32,-65.49
pH1,4/4/26 7:37,8.01,24.34,-66.03
pH1,4/4/26 7:38,8.01,24.36,-66.05
pH1,4/4/26 7:39,8.01,24.39,-65.53
pH1,4/4/26 7:40,8,24.39,-65.38
pH1,4/4/26 7:41,8,24.39,-65.3
pH1,4/4/26 7:42,8,24.39,-65.27
pH1,4/4/26 7:43,8,24.39,-65.36
pH1,4/4/26 7:44,8,24.41,-65.44
pH1,4/4/26 7:45,8,24.41,-65.44
pH1,4/4/26 7:46,8.01,24.41,-65.52
pH1,4/4/26 7:47,8.01,24.44,-65.74
pH1,4/4/26 7:48,8.01,24.44,-65.99
pH1,4/4/26 7:49,8.02,24.48,-66.52
pH1,4/4/26 7:50,8.02,24.51,-66.63
pH1,4/4/26 7:51,8.03,24.56,-66.77
pH1,4/4/26 7:52,8.03,24.58,-66.88
pH1,4/4/26 7:53,8.03,24.58,-66.77
pH1,4/4/26 7:54,8.02,24.58,-66.6
pH1,4/4/26 7:55,8.03,24.6,-66.85
pH1,4/4/26 7:56,8.03,24.63,-67.1
pH1,4/4/26 7:57,8.03,24.63,-66.99
pH1,4/4/26 7:58,8.03,24.6,-66.89
pH1,4/4/26 7:59,8.03,24.6,-66.75
pH1,4/4/26 8:00,8.02,24.6,-66.56
pH1,4/4/26 8:01,8.02,24.6,-66.42
pH1,4/4/26 8:02,8.02,24.58,-66.36
pH1,4/4/26 8:03,8.02,24.58,-66.31
pH1,4/4/26 8:04,8.02,24.58,-66.25
pH1,4/4/26 8:05,8.02,24.56,-66.33
pH1,4/4/26 8:06,8.02,24.56,-66.33
pH1,4/4/26 8:07,8.02,24.53,-66.27
pH1,4/4/26 8:08,8.02,24.53,-66.21
pH1,4/4/26 8:09,8.02,24.51,-66.19
pH1,4/4/26 8:10,8.02,24.51,-66.24
pH1,4/4/26 8:11,8.02,24.48,-66.28
pH1,4/4/26 8:12,8.02,24.48,-66.27
pH1,4/4/26 8:13,8.02,24.48,-66.35
pH1,4/4/26 8:14,8.02,24.48,-66.42
pH1,4/4/26 8:15,8.02,24.48,-66.5
pH1,4/4/26 8:16,8.02,24.46,-66.66
pH1,4/4/26 8:17,8.03,24.46,-66.86
pH1,4/4/26 8:18,8.03,24.46,-67.17
pH1,4/4/26 8:19,8.04,24.46,-67.53
pH1,4/4/26 8:20,8.04,24.48,-67.77
pH1,4/4/26 8:21,8.05,24.48,-68.16
pH1,4/4/26 8:22,8.06,24.56,-68.52
pH1,4/4/26 8:23,8.06,24.56,-68.47
pH1,4/4/26 8:24,8.06,24.58,-68.42
pH1,4/4/26 8:25,8.06,24.6,-68.63
pH1,4/4/26 8:26,8.06,24.65,-68.72
pH1,4/4/26 8:27,8.06,24.68,-68.55
pH1,4/4/26 8:28,8.06,24.7,-68.58
pH1,4/4/26 8:29,8.05,24.73,-68.39
pH1,4/4/26 8:30,8.06,24.7,-68.49
pH1,4/4/26 8:31,8.06,24.73,-68.64
pH1,4/4/26 8:32,8.05,24.7,-68.44
pH1,4/4/26 8:33,8.05,24.68,-68.06
pH1,4/4/26 8:34,8.05,24.65,-67.96
pH1,4/4/26 8:35,8.05,24.63,-68.02
pH1,4/4/26 8:36,8.05,24.6,-68.16
pH1,4/4/26 8:37,8.05,24.6,-68.14
pH1,4/4/26 8:38,8.05,24.58,-68.14
pH1,4/4/26 8:39,8.05,24.58,-68.14
pH1,4/4/26 8:40,8.05,24.56,-68.21
pH1,4/4/26 8:41,8.05,24.53,-68.36
pH1,4/4/26 8:42,8.06,24.53,-68.55
pH1,4/4/26 8:43,8.06,24.51,-68.61
pH1,4/4/26 8:44,8.06,24.48,-68.52
pH1,4/4/26 8:45,8.06,24.48,-68.61
pH1,4/4/26 8:46,8.06,24.48,-68.63
pH1,4/4/26 8:47,8.06,24.46,-68.56
pH1,4/4/26 8:48,8.06,24.46,-68.67
pH1,4/4/26 8:49,8.06,24.46,-68.88
pH1,4/4/26 8:50,8.07,24.46,-69.22
pH1,4/4/26 8:51,8.07,24.46,-69.5
pH1,4/4/26 8:52,8.08,24.44,-69.55
pH1,4/4/26 8:53,8.08,24.44,-69.55
pH1,4/4/26 8:54,8.08,24.44,-69.56
pH1,4/4/26 8:55,8.08,24.41,-69.66
pH1,4/4/26 8:56,8.08,24.41,-69.8
pH1,4/4/26 8:57,8.08,24.39,-69.86
pH1,4/4/26 8:58,8.08,24.39,-69.99
pH1,4/4/26 8:59,8.09,24.39,-70.28
pH1,4/4/26 9:00,8.09,24.41,-70.55
pH1,4/4/26 9:01,8.1,24.39,-70.86
pH1,4/4/26 9:02,8.1,24.39,-71.02
pH1,4/4/26 9:03,8.1,24.39,-71.06
pH1,4/4/26 9:04,8.1,24.41,-71.24
pH1,4/4/26 9:05,8.11,24.44,-71.53
pH1,4/4/26 9:06,8.11,24.51,-71.72
pH1,4/4/26 9:07,8.11,24.53,-71.6
pH1,4/4/26 9:08,8.11,24.6,-71.77
pH1,4/4/26 9:09,8.11,24.65,-71.6
pH1,4/4/26 9:10,8.1,24.63,-71.19
pH1,4/4/26 9:11,8.1,24.58,-70.78
pH1,4/4/26 9:12,8.09,24.53,-70.39
pH1,4/4/26 9:13,8.09,24.53,-70.5
pH1,4/4/26 9:14,8.09,24.51,-70.56
pH1,4/4/26 9:15,8.1,24.51,-70.8
pH1,4/4/26 9:16,8.1,24.51,-71.17
pH1,4/4/26 9:17,8.11,24.48,-71.67
pH1,4/4/26 9:18,8.11,24.51,-71.52
pH1,4/4/26 9:19,8.11,24.48,-71.63
pH1,4/4/26 9:20,8.11,24.51,-71.77
pH1,4/4/26 9:21,8.11,24.48,-71.31
pH1,4/4/26 9:22,8.1,24.48,-70.92
pH1,4/4/26 9:23,8.11,24.48,-71.71
pH1,4/4/26 9:24,8.12,24.53,-72.25
pH1,4/4/26 9:25,8.11,24.53,-71.63
pH1,4/4/26 9:26,8.1,24.51,-70.85
pH1,4/4/26 9:27,8.1,24.48,-71.13
pH1,4/4/26 9:28,8.11,24.51,-71.78
pH1,4/4/26 9:29,8.11,24.51,-71.52
pH1,4/4/26 9:30,8.1,24.48,-71.17
pH1,4/4/26 9:31,8.11,24.48,-71.78
pH1,4/4/26 9:32,8.13,24.53,-72.52
pH1,4/4/26 9:33,8.11,24.48,-71.66
pH1,4/4/26 9:34,8.1,24.46,-71.17
pH1,4/4/26 9:35,8.11,24.44,-71.33
pH1,4/4/26 9:36,8.12,24.51,-72.38
pH1,4/4/26 9:37,8.13,24.53,-72.6
pH1,4/4/26 9:38,8.11,24.48,-71.61
pH1,4/4/26 9:39,8.11,24.44,-71.35
pH1,4/4/26 9:40,8.12,24.44,-72.08
pH1,4/4/26 9:41,8.13,24.51,-72.83
pH1,4/4/26 9:42,8.14,24.53,-73.11
pH1,4/4/26 9:43,8.13,24.58,-72.53
pH1,4/4/26 9:44,8.12,24.58,-72.46
pH1,4/4/26 9:45,8.11,24.56,-71.75
pH1,4/4/26 9:46,8.12,24.6,-72.35
pH1,4/4/26 9:47,8.11,24.58,-71.75
pH1,4/4/26 9:48,8.12,24.63,-72.13
pH1,4/4/26 9:49,8.11,24.6,-71.74
pH1,4/4/26 9:50,8.11,24.58,-71.77
pH1,4/4/26 9:51,8.13,24.65,-72.71
pH1,4/4/26 9:52,8.12,24.63,-72.1
pH1,4/4/26 9:53,8.13,24.63,-72.66
pH1,4/4/26 9:54,8.13,24.6,-72.86
pH1,4/4/26 9:55,8.13,24.6,-72.91
pH1,4/4/26 9:56,8.14,24.6,-73.06
pH1,4/4/26 9:57,8.13,24.58,-73.03
pH1,4/4/26 9:58,8.14,24.63,-73.35
pH1,4/4/26 9:59,8.14,24.65,-73.6
pH1,4/4/26 10:00,8.15,24.68,-73.66
pH1,4/4/26 10:01,8.14,24.65,-73.5
pH1,4/4/26 10:02,8.14,24.65,-73.28
pH1,4/4/26 10:03,8.14,24.68,-73.58
pH1,4/4/26 10:04,8.14,24.68,-73.5
pH1,4/4/26 10:05,8.14,24.65,-73.21
pH1,4/4/26 10:06,8.14,24.63,-73.21
pH1,4/4/26 10:07,8.14,24.63,-73.21
pH1,4/4/26 10:08,8.13,24.63,-72.99
pH1,4/4/26 10:09,8.14,24.63,-73.46
pH1,4/4/26 10:10,8.14,24.65,-73.53
pH1,4/4/26 10:11,8.15,24.68,-73.66
pH1,4/4/26 10:12,8.14,24.68,-73.5
pH1,4/4/26 10:13,8.14,24.7,-73.56
pH1,4/4/26 10:14,8.14,24.7,-73.33
pH1,4/4/26 10:15,8.13,24.68,-72.85
pH1,4/4/26 10:16,8.13,24.6,-72.94
pH1,4/4/26 10:17,8.14,24.6,-73.19
pH1,4/4/26 10:18,8.13,24.6,-73
pH1,4/4/26 10:19,8.13,24.56,-72.69
pH1,4/4/26 10:20,8.14,24.58,-73.33
pH1,4/4/26 10:21,8.15,24.65,-74.21
pH1,4/4/26 10:22,8.14,24.65,-73.27
pH1,4/4/26 10:23,8.12,24.6,-72.1
pH1,4/4/26 10:24,8.12,24.58,-72.08
pH1,4/4/26 10:25,8.12,24.56,-72.31
pH1,4/4/26 10:26,8.14,24.58,-73.27
pH1,4/4/26 10:27,8.14,24.6,-73.5
pH1,4/4/26 10:28,8.14,24.58,-73.19
pH1,4/4/26 10:29,8.15,24.65,-73.85
pH1,4/4/26 10:30,8.15,24.7,-73.96
pH1,4/4/26 10:31,8.13,24.65,-72.8
pH1,4/4/26 10:32,8.13,24.6,-72.63
pH1,4/4/26 10:33,8.15,24.63,-73.64
pH1,4/4/26 10:34,8.13,24.65,-72.86
pH1,4/4/26 10:35,8.14,24.63,-73.28
pH1,4/4/26 10:36,8.15,24.75,-73.86
pH1,4/4/26 10:37,8.14,24.75,-73.58
pH1,4/4/26 10:38,8.13,24.73,-72.67
pH1,4/4/26 10:39,8.12,24.7,-72
pH1,4/4/26 10:40,8.12,24.65,-72.25
pH1,4/4/26 10:41,8.14,24.73,-73.1
pH1,4/4/26 10:42,8.14,24.77,-73.47
pH1,4/4/26 10:43,8.14,24.75,-73.42
pH1,4/4/26 10:44,8.13,24.75,-72.63
pH1,4/4/26 10:45,8.14,24.75,-73.16
pH1,4/4/26 10:46,8.14,24.8,-73.63
pH1,4/4/26 10:47,8.15,24.82,-73.72
pH1,4/4/26 10:48,8.15,24.87,-74.03
pH1,4/4/26 10:49,8.15,24.9,-73.86
pH1,4/4/26 10:50,8.14,24.94,-73.61
pH1,4/4/26 10:51,8.14,24.94,-73.24
pH1,4/4/26 10:52,8.14,24.92,-73.38
pH1,4/4/26 10:53,8.15,24.99,-73.78
pH1,4/4/26 10:54,8.14,24.99,-73.25
pH1,4/4/26 10:55,8.13,24.94,-72.72
pH1,4/4/26 10:56,8.11,24.92,-71.77
pH1,4/4/26 10:57,8.1,24.9,-71.06
pH1,4/4/26 10:58,8.12,24.94,-72.39
pH1,4/4/26 10:59,8.14,25.04,-73.21
pH1,4/4/26 11:00,8.14,25.06,-73.42
pH1,4/4/26 11:01,8.14,25.09,-73.5
pH1,4/4/26 11:02,8.14,25.11,-73.44
pH1,4/4/26 11:03,8.14,25.16,-73.53
pH1,4/4/26 11:04,8.14,25.21,-73.35
pH1,4/4/26 11:05,8.13,25.19,-73.06
pH1,4/4/26 11:06,8.13,25.21,-72.92
pH1,4/4/26 11:07,8.13,25.21,-73.06
pH1,4/4/26 11:08,8.14,25.21,-73.35
pH1,4/4/26 11:09,8.14,25.26,-73.41
pH1,4/4/26 11:10,8.12,25.21,-72.35
pH1,4/4/26 11:11,8.13,25.21,-73.08
pH1,4/4/26 11:12,8.14,25.23,-73.49
pH1,4/4/26 11:13,8.13,25.26,-73.14
pH1,4/4/26 11:14,8.11,25.21,-71.99
pH1,4/4/26 11:15,8.12,25.23,-72.46
pH1,4/4/26 11:16,8.14,25.28,-73.21
pH1,4/4/26 11:17,8.14,25.26,-73.64
pH1,4/4/26 11:18,8.11,25.19,-71.49
pH1,4/4/26 11:19,8.09,25.16,-70.85
pH1,4/4/26 11:20,8.13,25.26,-72.64
pH1,4/4/26 11:21,8.11,25.26,-71.71
pH1,4/4/26 11:22,8.08,25.11,-70.02
pH1,4/4/26 11:23,8.09,25.11,-70.56
pH1,4/4/26 11:24,8.12,25.19,-72.13
pH1,4/4/26 11:25,8.09,25.09,-70.81
pH1,4/4/26 11:26,8.09,25.04,-70.25
pH1,4/4/26 11:27,8.1,25.04,-70.88
pH1,4/4/26 11:28,8.1,25.04,-71.1
pH1,4/4/26 11:29,8.1,25.02,-71.35
pH1,4/4/26 11:30,8.11,24.99,-71.64
pH1,4/4/26 11:31,8.1,24.99,-71.22
pH1,4/4/26 11:32,8.1,24.97,-71.33
pH1,4/4/26 11:33,8.12,24.97,-72.25
pH1,4/4/26 11:34,8.14,25.04,-73.16
pH1,4/4/26 11:35,8.13,25.02,-72.67
pH1,4/4/26 11:36,8.13,25.04,-73.06
pH1,4/4/26 11:37,8.14,25.11,-73.55
pH1,4/4/26 11:38,8.15,25.11,-73.86
pH1,4/4/26 11:39,8.15,25.16,-74.16
pH1,4/4/26 11:40,8.15,25.19,-74.24
pH1,4/4/26 11:41,8.16,25.23,-74.35
pH1,4/4/26 11:42,8.13,25.21,-73.11
pH1,4/4/26 11:43,8.14,25.28,-73.64
pH1,4/4/26 11:44,8.15,25.31,-74.13
pH1,4/4/26 11:45,8.15,25.33,-74.22
pH1,4/4/26 11:46,8.14,25.33,-73.77
pH1,4/4/26 11:47,8.14,25.38,-73.27
pH1,4/4/26 11:48,8.15,25.38,-73.96
pH1,4/4/26 11:49,8.15,25.38,-74.3
pH1,4/4/26 11:50,8.16,25.4,-74.71
pH1,4/4/26 11:51,8.16,25.38,-74.66
pH1,4/4/26 11:52,8.16,25.38,-74.83
pH1,4/4/26 11:53,8.17,25.4,-75.06
pH1,4/4/26 11:54,8.16,25.4,-74.6
pH1,4/4/26 11:55,8.16,25.4,-74.49
pH1,4/4/26 11:56,8.16,25.45,-74.83
pH1,4/4/26 11:57,8.16,25.4,-74.42
pH1,4/4/26 11:58,8.16,25.43,-74.44
pH1,4/4/26 11:59,8.16,25.43,-74.83
pH1,4/4/26 12:00,8.17,25.45,-75.13
pH1,4/4/26 12:01,8.14,25.43,-73.49
pH1,4/4/26 12:02,8.11,25.31,-71.97
pH1,4/4/26 12:03,8.1,25.28,-71.27
pH1,4/4/26 12:04,8.1,25.26,-71.33
pH1,4/4/26 12:05,8.13,25.23,-72.64
pH1,4/4/26 12:06,8.15,25.31,-74.31
pH1,4/4/26 12:07,8.16,25.31,-74.86
pH1,4/4/26 12:08,8.17,25.31,-75.17
pH1,4/4/26 12:09,8.17,25.28,-75.39
pH1,4/4/26 12:10,8.17,25.31,-75.47
pH1,4/4/26 12:11,8.18,25.33,-75.53
pH1,4/4/26 12:12,8.18,25.31,-75.64
pH1,4/4/26 12:13,8.14,25.23,-73.25
pH1,4/4/26 12:14,8.13,25.21,-72.99
pH1,4/4/26 12:15,8.16,25.31,-74.49
pH1,4/4/26 12:16,8.17,25.33,-75.16
pH1,4/4/26 12:17,8.16,25.28,-74.6
pH1,4/4/26 12:18,8.17,25.28,-75.41
pH1,4/4/26 12:19,8.17,25.31,-75.33
pH1,4/4/26 12:20,8.18,25.36,-75.63
pH1,4/4/26 12:21,8.18,25.33,-75.74
pH1,4/4/26 12:22,8.18,25.36,-75.99
pH1,4/4/26 12:23,8.18,25.36,-75.81
pH1,4/4/26 12:24,8.18,25.38,-76
pH1,4/4/26 12:25,8.19,25.4,-76.16
pH1,4/4/26 12:26,8.19,25.38,-76.41
pH1,4/4/26 12:27,8.19,25.38,-76.5
pH1,4/4/26 12:28,8.19,25.4,-76.16
pH1,4/4/26 12:29,8.19,25.4,-76.27
pH1,4/4/26 12:30,8.19,25.4,-76.41
pH1,4/4/26 12:31,8.19,25.43,-76.66
pH1,4/4/26 12:32,8.19,25.43,-76.41
pH1,4/4/26 12:33,8.19,25.45,-76.49
pH1,4/4/26 12:34,8.19,25.48,-76.58
pH1,4/4/26 12:35,8.19,25.48,-76.53
pH1,4/4/26 12:36,8.19,25.45,-76.38
pH1,4/4/26 12:37,8.17,25.4,-75.14
pH1,4/4/26 12:38,8.18,25.43,-75.89
pH1,4/4/26 12:39,8.19,25.45,-76.5
pH1,4/4/26 12:40,8.19,25.48,-76.58
pH1,4/4/26 12:41,8.19,25.43,-76.71
pH1,4/4/26 12:42,8.21,25.45,-77.33
pH1,4/4/26 12:43,8.2,25.45,-77.19
pH1,4/4/26 12:44,8.21,25.43,-77.71
pH1,4/4/26 12:45,8.22,25.45,-78.02
pH1,4/4/26 12:46,8.21,25.48,-77.41
pH1,4/4/26 12:47,8.2,25.45,-77.19
pH1,4/4/26 12:48,8.19,25.48,-76.58
pH1,4/4/26 12:49,8.2,25.45,-76.83
pH1,4/4/26 12:50,8.2,25.45,-77.11
pH1,4/4/26 12:51,8.21,25.43,-77.81
pH1,4/4/26 12:52,8.22,25.43,-77.94
pH1,4/4/26 12:53,8.21,25.45,-77.83
pH1,4/4/26 12:54,8.2,25.45,-76.89
pH1,4/4/26 12:55,8.2,25.48,-77
pH1,4/4/26 12:56,8.21,25.48,-77.3
pH1,4/4/26 12:57,8.21,25.45,-77.61
pH1,4/4/26 12:58,8.2,25.48,-77.11
pH1,4/4/26 12:59,8.2,25.5,-76.97
pH1,4/4/26 13:00,8.21,25.5,-77.36
pH1,4/4/26 13:01,8.21,25.48,-77.8
pH1,4/4/26 13:02,8.21,25.43,-77.8
pH1,4/4/26 13:03,8.21,25.43,-77.36
pH1,4/4/26 13:04,8.2,25.48,-77.06
pH1,4/4/26 13:05,8.19,25.45,-76.63
pH1,4/4/26 13:06,8.2,25.48,-76.78
pH1,4/4/26 13:07,8.19,25.48,-76.33
pH1,4/4/26 13:08,8.18,25.45,-75.61
pH1,4/4/26 13:09,8.18,25.5,-75.75
pH1,4/4/26 13:10,8.17,25.5,-75.52
pH1,4/4/26 13:11,8.18,25.53,-75.85
pH1,4/4/26 13:12,8.18,25.5,-75.86
pH1,4/4/26 13:13,8.17,25.48,-75.21
pH1,4/4/26 13:14,8.18,25.4,-75.55
pH1,4/4/26 13:15,8.18,25.43,-75.85
pH1,4/4/26 13:16,8.19,25.48,-76.14
pH1,4/4/26 13:17,8.18,25.48,-76.03
pH1,4/4/26 13:18,8.18,25.4,-76
pH1,4/4/26 13:19,8.18,25.48,-76.03
pH1,4/4/26 13:20,8.18,25.43,-75.83
pH1,4/4/26 13:21,8.18,25.45,-75.8
pH1,4/4/26 13:22,8.18,25.45,-75.81
pH1,4/4/26 13:23,8.18,25.43,-76.02
pH1,4/4/26 13:24,8.15,25.38,-74
pH1,4/4/26 13:25,8.17,25.45,-75.46
pH1,4/4/26 13:26,8.18,25.43,-75.99
pH1,4/4/26 13:27,8.19,25.43,-76.39
pH1,4/4/26 13:28,8.2,25.45,-77.02
pH1,4/4/26 13:29,8.2,25.45,-77.25
pH1,4/4/26 13:30,8.21,25.5,-77.52
pH1,4/4/26 13:31,8.2,25.45,-76.74
pH1,4/4/26 13:32,8.18,25.45,-75.64
pH1,4/4/26 13:33,8.18,25.43,-75.99
pH1,4/4/26 13:34,8.19,25.45,-76.71
pH1,4/4/26 13:35,8.18,25.45,-76.1
pH1,4/4/26 13:36,8.17,25.4,-74.99
pH1,4/4/26 13:37,8.17,25.38,-75.28
pH1,4/4/26 13:38,8.18,25.38,-75.94
pH1,4/4/26 13:39,8.18,25.4,-75.61
pH1,4/4/26 13:40,8.18,25.43,-75.88
pH1,4/4/26 13:41,8.19,25.43,-76.27
pH1,4/4/26 13:42,8.15,25.33,-74
pH1,4/4/26 13:43,8.15,25.33,-74.1
pH1,4/4/26 13:44,8.11,25.31,-71.88
pH1,4/4/26 13:45,8.14,25.36,-73.61
pH1,4/4/26 13:46,8.16,25.38,-74.81
pH1,4/4/26 13:47,8.17,25.43,-75.28
pH1,4/4/26 13:48,8.18,25.45,-75.56
pH1,4/4/26 13:49,8.17,25.48,-75.5
pH1,4/4/26 13:50,8.18,25.48,-75.67
pH1,4/4/26 13:51,8.17,25.5,-75.52
pH1,4/4/26 13:52,8.17,25.43,-75.03
pH1,4/4/26 13:53,8.17,25.43,-74.99
pH1,4/4/26 13:54,8.17,25.4,-75.31
pH1,4/4/26 13:55,8.18,25.43,-75.88
pH1,4/4/26 13:56,8.18,25.43,-75.63
pH1,4/4/26 13:57,8.18,25.4,-76.02
pH1,4/4/26 13:58,8.16,25.38,-74.85
pH1,4/4/26 13:59,8.17,25.4,-75.47
pH1,4/4/26 14:00,8.18,25.45,-76.02
pH1,4/4/26 14:01,8.19,25.48,-76.33
pH1,4/4/26 14:02,8.18,25.43,-75.6
pH1,4/4/26 14:03,8.18,25.38,-75.56
pH1,4/4/26 14:04,8.17,25.4,-75.52
pH1,4/4/26 14:05,8.17,25.36,-75
pH1,4/4/26 14:06,8.16,25.33,-74.94
pH1,4/4/26 14:07,8.16,25.33,-74.91
pH1,4/4/26 14:08,8.18,25.33,-75.89
pH1,4/4/26 14:09,8.19,25.28,-76.28
pH1,4/4/26 14:10,8.19,25.26,-76.33
pH1,4/4/26 14:11,8.18,25.26,-75.71
pH1,4/4/26 14:12,8.18,25.23,-75.56
pH1,4/4/26 14:13,8.18,25.26,-75.94
pH1,4/4/26 14:14,8.18,25.23,-75.94
pH1,4/4/26 14:15,8.18,25.23,-75.71
pH1,4/4/26 14:16,8.17,25.23,-75.27
pH1,4/4/26 14:17,8.17,25.21,-75.44
pH1,4/4/26 14:18,8.19,25.21,-76.24
pH1,4/4/26 14:19,8.19,25.21,-76.19
pH1,4/4/26 14:20,8.19,25.21,-76.41
pH1,4/4/26 14:21,8.19,25.21,-76.56
pH1,4/4/26 14:22,8.18,25.21,-76.05
pH1,4/4/26 14:23,8.18,25.21,-75.72
pH1,4/4/26 14:24,8.18,25.21,-75.78
pH1,4/4/26 14:25,8.18,25.19,-75.77
pH1,4/4/26 14:26,8.19,25.21,-76.16
pH1,4/4/26 14:27,8.19,25.28,-76.27
pH1,4/4/26 14:28,8.17,25.19,-75.39
pH1,4/4/26 14:29,8.19,25.19,-76.24
pH1,4/4/26 14:30,8.2,25.21,-76.92
pH1,4/4/26 14:31,8.21,25.23,-77.39
pH1,4/4/26 14:32,8.22,25.28,-77.86
pH1,4/4/26 14:33,8.2,25.31,-76.8
pH1,4/4/26 14:34,8.19,25.26,-76.1
pH1,4/4/26 14:35,8.19,25.28,-76.28
pH1,4/4/26 14:36,8.2,25.31,-76.86
pH1,4/4/26 14:37,8.19,25.31,-76.47
pH1,4/4/26 14:38,8.19,25.33,-76.61
pH1,4/4/26 14:39,8.2,25.36,-76.8
pH1,4/4/26 14:40,8.2,25.36,-76.97
pH1,4/4/26 14:41,8.2,25.36,-77.27
pH1,4/4/26 14:42,8.2,25.38,-76.94
pH1,4/4/26 14:43,8.2,25.33,-76.8
pH1,4/4/26 14:44,8.19,25.36,-76.41
pH1,4/4/26 14:45,8.19,25.4,-76.25
pH1,4/4/26 14:46,8.19,25.43,-76.16
pH1,4/4/26 14:47,8.18,25.45,-76
pH1,4/4/26 14:48,8.17,25.4,-75.49
pH1,4/4/26 14:49,8.17,25.38,-75.16
pH1,4/4/26 14:50,8.18,25.36,-75.71
pH1,4/4/26 14:51,8.18,25.36,-75.81
pH1,4/4/26 14:52,8.18,25.43,-76
pH1,4/4/26 14:53,8.18,25.45,-76.05
pH1,4/4/26 14:54,8.18,25.5,-75.8
pH1,4/4/26 14:55,8.18,25.53,-75.58
pH1,4/4/26 14:56,8.17,25.53,-75.31
pH1,4/4/26 14:57,8.17,25.48,-74.99
pH1,4/4/26 14:58,8.17,25.43,-75
pH1,4/4/26 14:59,8.16,25.36,-74.81
pH1,4/4/26 15:00,8.17,25.36,-74.97
pH1,4/4/26 15:01,8.17,25.38,-75.17
pH1,4/4/26 15:02,8.18,25.38,-75.61
pH1,4/4/26 15:03,8.18,25.43,-75.67
pH1,4/4/26 15:04,8.18,25.43,-75.56
pH1,4/4/26 15:05,8.17,25.4,-75.22
pH1,4/4/26 15:06,8.17,25.43,-75.14
pH1,4/4/26 15:07,8.17,25.4,-75.47
pH1,4/4/26 15:08,8.17,25.43,-75.52
pH1,4/4/26 15:09,8.16,25.4,-74.69
pH1,4/4/26 15:10,8.17,25.4,-75.22
pH1,4/4/26 15:11,8.16,25.4,-74.88
pH1,4/4/26 15:12,8.17,25.36,-75.06
pH1,4/4/26 15:13,8.17,25.38,-75.14
pH1,4/4/26 15:14,8.17,25.4,-75.38
pH1,4/4/26 15:15,8.17,25.43,-75.46
pH1,4/4/26 15:16,8.17,25.4,-74.97
pH1,4/4/26 15:17,8.17,25.38,-75.06
pH1,4/4/26 15:18,8.17,25.36,-75.17
pH1,4/4/26 15:19,8.17,25.38,-75.44
pH1,4/4/26 15:20,8.17,25.36,-75.27
pH1,4/4/26 15:21,8.17,25.36,-75.08
pH1,4/4/26 15:22,8.16,25.36,-74.83
pH1,4/4/26 15:23,8.16,25.36,-74.74
pH1,4/4/26 15:24,8.16,25.36,-74.77
pH1,4/4/26 15:25,8.16,25.36,-74.49
pH1,4/4/26 15:26,8.16,25.36,-74.53
pH1,4/4/26 15:27,8.16,25.33,-74.64
pH1,4/4/26 15:28,8.17,25.33,-75.24
pH1,4/4/26 15:29,8.17,25.31,-75.06
pH1,4/4/26 15:30,8.16,25.33,-74.89
pH1,4/4/26 15:31,8.16,25.26,-74.42
pH1,4/4/26 15:32,8.16,25.23,-74.35
pH1,4/4/26 15:33,8.16,25.26,-74.8
pH1,4/4/26 15:34,8.16,25.26,-74.53
pH1,4/4/26 15:35,8.16,25.26,-74.85
pH1,4/4/26 15:36,8.16,25.26,-74.77
pH1,4/4/26 15:37,8.16,25.26,-74.52
pH1,4/4/26 15:38,8.15,25.23,-74.16
pH1,4/4/26 15:39,8.15,25.23,-74.17
pH1,4/4/26 15:40,8.15,25.19,-73.8
pH1,4/4/26 15:41,8.15,25.19,-74.1
pH1,4/4/26 15:42,8.16,25.21,-74.44
pH1,4/4/26 15:43,8.15,25.21,-74.24
pH1,4/4/26 15:44,8.16,25.23,-74.66
pH1,4/4/26 15:45,8.16,25.21,-74.69
pH1,4/4/26 15:46,8.15,25.23,-74.3
pH1,4/4/26 15:47,8.15,25.23,-74.02
pH1,4/4/26 15:48,8.15,25.23,-74.25
pH1,4/4/26 15:49,8.16,25.23,-74.56
pH1,4/4/26 15:50,8.16,25.21,-74.86
pH1,4/4/26 15:51,8.17,25.19,-75.17
pH1,4/4/26 15:52,8.18,25.21,-75.56
pH1,4/4/26 15:53,8.17,25.23,-75.42
pH1,4/4/26 15:54,8.17,25.23,-75.03
pH1,4/4/26 15:55,8.16,25.26,-74.63
pH1,4/4/26 15:56,8.15,25.26,-74.03
pH1,4/4/26 15:57,8.15,25.23,-73.81
pH1,4/4/26 15:58,8.13,25.21,-72.61
pH1,4/4/26 15:59,8.12,25.19,-72.35
pH1,4/4/26 16:00,8.13,25.21,-73.17
pH1,4/4/26 16:01,8.14,25.19,-73.72
pH1,4/4/26 16:02,8.15,25.19,-74
pH1,4/4/26 16:03,8.15,25.21,-74.28
pH1,4/4/26 16:04,8.15,25.19,-73.99
pH1,4/4/26 16:05,8.15,25.19,-73.89
pH1,4/4/26 16:06,8.15,25.21,-74.05
pH1,4/4/26 16:07,8.15,25.21,-74.25
pH1,4/4/26 16:08,8.16,25.21,-74.58
pH1,4/4/26 16:09,8.16,25.21,-74.47
pH1,4/4/26 16:10,8.14,25.21,-73.75
pH1,4/4/26 16:11,8.12,25.19,-72.6
pH1,4/4/26 16:12,8.12,25.14,-72.36
pH1,4/4/26 16:13,8.13,25.14,-72.99
pH1,4/4/26 16:14,8.14,25.14,-73.53
pH1,4/4/26 16:15,8.15,25.14,-73.86
pH1,4/4/26 16:16,8.14,25.14,-73.39
pH1,4/4/26 16:17,8.14,25.11,-73.36
pH1,4/4/26 16:18,8.14,25.09,-73.36
pH1,4/4/26 16:19,8.14,25.06,-73.19
pH1,4/4/26 16:20,8.14,25.06,-73.41
pH1,4/4/26 16:21,8.14,25.06,-73.64
pH1,4/4/26 16:22,8.14,25.06,-73.41
pH1,4/4/26 16:23,8.14,25.06,-73.49
pH1,4/4/26 16:24,8.14,25.06,-73.61
pH1,4/4/26 16:25,8.15,25.06,-73.89
pH1,4/4/26 16:26,8.16,25.09,-74.35
pH1,4/4/26 16:27,8.16,25.09,-74.49
pH1,4/4/26 16:28,8.15,25.09,-74.17
pH1,4/4/26 16:29,8.15,25.06,-73.86
pH1,4/4/26 16:30,8.15,25.06,-73.91
pH1,4/4/26 16:31,8.15,25.06,-74.06
pH1,4/4/26 16:32,8.15,25.04,-73.99
pH1,4/4/26 16:33,8.15,25.04,-74.06
pH1,4/4/26 16:34,8.15,25.04,-74.05
pH1,4/4/26 16:35,8.16,25.04,-74.33
pH1,4/4/26 16:36,8.15,25.04,-74.3
pH1,4/4/26 16:37,8.14,25.02,-73.66
pH1,4/4/26 16:38,8.14,24.99,-73.66
pH1,4/4/26 16:39,8.14,24.99,-73.63
pH1,4/4/26 16:40,8.14,24.99,-73.35
pH1,4/4/26 16:41,8.14,24.99,-73.41
pH1,4/4/26 16:42,8.14,24.99,-73.6
pH1,4/4/26 16:43,8.14,24.97,-73.49
pH1,4/4/26 16:44,8.14,24.97,-73.35
pH1,4/4/26 16:45,8.14,24.97,-73.36
pH1,4/4/26 16:46,8.14,24.94,-73.25
pH1,4/4/26 16:47,8.11,24.92,-71.5
pH1,4/4/26 16:48,8.1,24.87,-70.96
pH1,4/4/26 16:49,8.1,24.87,-71.08
pH1,4/4/26 16:50,8.11,24.87,-71.55
pH1,4/4/26 16:51,8.12,24.87,-72.06
pH1,4/4/26 16:52,8.11,24.85,-71.83
pH1,4/4/26 16:53,8.12,24.85,-72.21
pH1,4/4/26 16:54,8.11,24.82,-71.67
pH1,4/4/26 16:55,8.11,24.8,-71.83
pH1,4/4/26 16:56,8.11,24.82,-71.8
pH1,4/4/26 16:57,8.09,24.8,-70.55
pH1,4/4/26 16:58,8.1,24.77,-71.17
pH1,4/4/26 16:59,8.11,24.77,-71.42
pH1,4/4/26 17:00,8.11,24.8,-71.72
pH1,4/4/26 17:01,8.12,24.77,-71.96
pH1,4/4/26 17:02,8.11,24.75,-71.56
pH1,4/4/26 17:03,8.1,24.75,-70.97
pH1,4/4/26 17:04,8.08,24.73,-69.97
pH1,4/4/26 17:05,8.08,24.7,-69.69
pH1,4/4/26 17:06,8.09,24.73,-70.47
pH1,4/4/26 17:07,8.1,24.73,-71.11
pH1,4/4/26 17:08,8.1,24.73,-71.21
pH1,4/4/26 17:09,8.11,24.73,-71.46
pH1,4/4/26 17:10,8.11,24.73,-71.46
pH1,4/4/26 17:11,8.1,24.73,-71
pH1,4/4/26 17:12,8.1,24.73,-70.92
pH1,4/4/26 17:13,8.09,24.7,-70.5
pH1,4/4/26 17:14,8.07,24.68,-69.24
pH1,4/4/26 17:15,8.07,24.68,-69.41
pH1,4/4/26 17:16,8.08,24.68,-69.89
pH1,4/4/26 17:17,8.08,24.68,-70.03
pH1,4/4/26 17:18,8.08,24.65,-69.81
pH1,4/4/26 17:19,8.08,24.65,-69.99
pH1,4/4/26 17:20,8.08,24.63,-69.97
pH1,4/4/26 17:21,8.08,24.63,-69.69
pH1,4/4/26 17:22,8.07,24.65,-69.53
pH1,4/4/26 17:23,8.07,24.63,-69.53
pH1,4/4/26 17:24,8.07,24.6,-69.49
pH1,4/4/26 17:25,8.07,24.6,-69.39
pH1,4/4/26 17:26,8.07,24.6,-69.13
pH1,4/4/26 17:27,8.07,24.58,-69.14
pH1,4/4/26 17:28,8.07,24.58,-69.16
pH1,4/4/26 17:29,8.07,24.58,-69.05
pH1,4/4/26 17:30,8.07,24.56,-69.19
pH1,4/4/26 17:31,8.07,24.56,-69.39
pH1,4/4/26 17:32,8.07,24.56,-69.16
pH1,4/4/26 17:33,8.05,24.56,-68.21
pH1,4/4/26 17:34,8.05,24.53,-67.89
pH1,4/4/26 17:35,8.03,24.53,-67.22
pH1,4/4/26 17:36,8.04,24.48,-67.31
pH1,4/4/26 17:37,8.04,24.48,-67.44
pH1,4/4/26 17:38,8.04,24.48,-67.5
pH1,4/4/26 17:39,8.04,24.46,-67.41
pH1,4/4/26 17:40,8.04,24.46,-67.27
pH1,4/4/26 17:41,8.03,24.44,-67.05
pH1,4/4/26 17:42,8.03,24.44,-66.99
pH1,4/4/26 17:43,8.03,24.44,-66.92
pH1,4/4/26 17:44,8.03,24.41,-66.78
pH1,4/4/26 17:45,8.02,24.41,-66.58
pH1,4/4/26 17:46,8.02,24.41,-66.46
pH1,4/4/26 17:47,8.02,24.41,-66.41
pH1,4/4/26 17:48,8.02,24.39,-66.36
pH1,4/4/26 17:49,8.02,24.39,-66.31
pH1,4/4/26 17:50,8.02,24.36,-66.24
pH1,4/4/26 17:51,8.02,24.36,-66.19
pH1,4/4/26 17:52,8.02,24.36,-66.17
pH1,4/4/26 17:53,8.02,24.36,-66.16
pH1,4/4/26 17:54,8.02,24.36,-66.13
pH1,4/4/26 17:55,8.02,24.36,-66.1
pH1,4/4/26 17:56,8.01,24.36,-66.06
pH1,4/4/26 17:57,8.01,24.34,-66.03
pH1,4/4/26 17:58,8.01,24.34,-66.03
pH1,4/4/26 17:59,8.01,24.34,-66.03
pH1,4/4/26 18:00,8.01,24.34,-66.03
pH1,4/4/26 18:01,8.01,24.34,-66.05
pH1,4/4/26 18:02,8.01,24.34,-66.05
pH1,4/4/26 18:03,8.02,24.34,-66.08
pH1,4/4/26 18:04,8.02,24.34,-66.06
pH1,4/4/26 18:05,8.01,24.34,-66.05
pH1,4/4/26 18:06,8.01,24.34,-66.03
pH1,4/4/26 18:07,8.01,24.34,-66.03
pH1,4/4/26 18:08,8.01,24.34,-66.05
pH1,4/4/26 18:09,8.01,24.34,-66.02
pH1,4/4/26 18:10,8.01,24.34,-66
pH1,4/4/26 18:11,8.01,24.34,-66
pH1,4/4/26 18:12,8.01,24.32,-66
pH1,4/4/26 18:13,8.01,24.32,-65.97
pH1,4/4/26 18:14,8.01,24.32,-65.96
pH1,4/4/26 18:15,8.01,24.32,-65.94
pH1,4/4/26 18:16,8.01,24.32,-65.94
pH1,4/4/26 18:17,8.01,24.32,-65.92
pH1,4/4/26 18:18,8.01,24.29,-65.91
pH1,4/4/26 18:19,8.01,24.29,-65.91
pH1,4/4/26 18:20,8.01,24.29,-65.88
pH1,4/4/26 18:21,8.01,24.29,-65.85
pH1,4/4/26 18:22,8.01,24.29,-65.81
pH1,4/4/26 18:23,8.01,24.29,-65.78
pH1,4/4/26 18:24,8.01,24.29,-65.75
pH1,4/4/26 18:25,8.01,24.29,-65.72
pH1,4/4/26 18:26,8.01,24.29,-65.69
pH1,4/4/26 18:27,8.01,24.29,-65.66
pH1,4/4/26 18:28,8.01,24.29,-65.61
pH1,4/4/26 18:29,8.01,24.29,-65.58
pH1,4/4/26 18:30,8.01,24.29,-65.56
pH1,4/4/26 18:31,8.01,24.29,-65.53
pH1,4/4/26 18:32,8.01,24.29,-65.5
pH1,4/4/26 18:33,8.01,24.29,-65.49
pH1,4/4/26 18:34,8,24.29,-65.47
pH1,4/4/26 18:35,8,24.29,-65.44
pH1,4/4/26 18:36,8,24.27,-65.41
pH1,4/4/26 18:37,8,24.27,-65.36
pH1,4/4/26 18:38,8,24.27,-65.33
pH1,4/4/26 18:39,8,24.27,-65.3
pH1,4/4/26 18:40,8,24.27,-65.28
pH1,4/4/26 18:41,8,24.27,-65.28
pH1,4/4/26 18:42,8,24.27,-65.19
pH1,4/4/26 18:43,8,24.27,-65.11
pH1,4/4/26 18:44,8,24.27,-65.06
pH1,4/4/26 18:45,8,24.27,-65.1
pH1,4/4/26 18:46,8,24.27,-65.11
pH1,4/4/26 18:47,8,24.27,-65.05
pH1,4/4/26 18:48,8,24.27,-65.08
pH1,4/4/26 18:49,8,24.27,-64.96
pH1,4/4/26 18:50,7.99,24.27,-64.89
pH1,4/4/26 18:51,7.99,24.27,-64.86
pH1,4/4/26 18:52,7.99,24.27,-64.85
pH1,4/4/26 18:53,8,24.27,-64.94
pH1,4/4/26 18:54,7.99,24.27,-64.83
pH1,4/4/26 18:55,7.99,24.27,-64.74
pH1,4/4/26 18:56,7.99,24.27,-64.8
pH1,4/4/26 18:57,7.99,24.27,-64.75
pH1,4/4/26 18:58,7.99,24.27,-64.69
pH1,4/4/26 18:59,7.99,24.27,-64.66
pH1,4/4/26 19:00,7.99,24.27,-64.63
pH1,4/4/26 19:01,7.99,24.29,-64.71
pH1,4/4/26 19:02,7.99,24.29,-64.72
pH1,4/4/26 19:03,7.99,24.29,-64.67
pH1,4/4/26 19:04,7.99,24.29,-64.6
pH1,4/4/26 19:05,7.99,24.27,-64.46
pH1,4/4/26 19:06,7.99,24.27,-64.38
pH1,4/4/26 19:07,7.99,24.27,-64.33
pH1,4/4/26 19:08,7.99,24.27,-64.39
pH1,4/4/26 19:09,7.99,24.27,-64.35
pH1,4/4/26 19:10,7.98,24.27,-64.27
pH1,4/4/26 19:11,7.98,24.27,-64.17
pH1,4/4/26 19:12,7.98,24.24,-64.13
pH1,4/4/26 19:13,7.98,24.24,-64.1
pH1,4/4/26 19:14,7.98,24.24,-64.1
pH1,4/4/26 19:15,7.98,24.24,-64.11
pH1,4/4/26 19:16,7.98,24.24,-64.1
pH1,4/4/26 19:17,7.98,24.27,-64.11
pH1,4/4/26 19:18,7.98,24.27,-64.21
pH1,4/4/26 19:19,7.98,24.27,-64.21
pH1,4/4/26 19:20,7.98,24.27,-64.13
pH1,4/4/26 19:21,7.98,24.24,-64.14
pH1,4/4/26 19:22,7.98,24.27,-64.17
pH1,4/4/26 19:23,7.98,24.27,-64.16
pH1,4/4/26 19:24,7.98,24.27,-64.14
pH1,4/4/26 19:25,7.98,24.27,-64.21
pH1,4/4/26 19:26,7.98,24.27,-64.24
pH1,4/4/26 19:27,7.98,24.27,-64.16
pH1,4/4/26 19:28,7.98,24.27,-64.1
pH1,4/4/26 19:29,7.98,24.27,-63.97
pH1,4/4/26 19:30,7.98,24.27,-63.88
pH1,4/4/26 19:31,7.98,24.27,-63.99
pH1,4/4/26 19:32,7.98,24.27,-64.06
pH1,4/4/26 19:33,7.98,24.27,-64.1
pH1,4/4/26 19:34,7.98,24.27,-64.1
pH1,4/4/26 19:35,7.98,24.27,-64.08
pH1,4/4/26 19:36,7.98,24.27,-64.08
pH1,4/4/26 19:37,7.98,24.27,-63.97
pH1,4/4/26 19:38,7.98,24.27,-64
pH1,4/4/26 19:39,7.98,24.24,-64.03
pH1,4/4/26 19:40,7.98,24.24,-63.99
pH1,4/4/26 19:41,7.98,24.24,-63.99
pH1,4/4/26 19:42,7.98,24.24,-63.91
pH1,4/4/26 19:43,7.98,24.24,-63.85
pH1,4/4/26 19:44,7.98,24.24,-63.89
pH1,4/4/26 19:45,7.98,24.24,-63.96
pH1,4/4/26 19:46,7.98,24.24,-63.89
pH1,4/4/26 19:47,7.98,24.24,-63.89
pH1,4/4/26 19:48,7.98,24.24,-63.83
pH1,4/4/26 19:49,7.97,24.24,-63.71
pH1,4/4/26 19:50,7.97,24.22,-63.58
pH1,4/4/26 19:51,7.97,24.22,-63.55
pH1,4/4/26 19:52,7.97,24.22,-63.53
pH1,4/4/26 19:53,7.97,24.22,-63.46
pH1,4/4/26 19:54,7.97,24.22,-63.46
pH1,4/4/26 19:55,7.97,24.22,-63.46
pH1,4/4/26 19:56,7.97,24.22,-63.38
pH1,4/4/26 19:57,7.97,24.22,-63.6
pH1,4/4/26 19:58,7.97,24.22,-63.61
pH1,4/4/26 19:59,7.98,24.22,-63.74
pH1,4/4/26 20:00,7.97,24.22,-63.72
pH1,4/4/26 20:01,7.97,24.22,-63.69
pH1,4/4/26 20:02,7.97,24.22,-63.63
pH1,4/4/26 20:03,7.97,24.22,-63.66
pH1,4/4/26 20:04,7.97,24.22,-63.69
pH1,4/4/26 20:05,7.97,24.22,-63.6
pH1,4/4/26 20:06,7.97,24.22,-63.58
pH1,4/4/26 20:07,7.97,24.22,-63.56
pH1,4/4/26 20:08,7.97,24.22,-63.58
pH1,4/4/26 20:09,7.97,24.22,-63.6
pH1,4/4/26 20:10,7.97,24.22,-63.66
pH1,4/4/26 20:11,7.97,24.22,-63.64
pH1,4/4/26 20:12,7.97,24.22,-63.69
pH1,4/4/26 20:13,7.98,24.22,-63.81
pH1,4/4/26 20:14,7.98,24.22,-63.77
pH1,4/4/26 20:15,7.98,24.22,-63.75
pH1,4/4/26 20:16,7.98,24.22,-63.78
pH1,4/4/26 20:17,7.98,24.22,-63.81
pH1,4/4/26 20:18,7.98,24.22,-63.77
pH1,4/4/26 20:19,7.98,24.22,-63.78
pH1,4/4/26 20:20,7.97,24.22,-63.72
pH1,4/4/26 20:21,7.98,24.22,-63.74
pH1,4/4/26 20:22,7.98,24.22,-63.78
pH1,4/4/26 20:23,7.98,24.22,-63.8
pH1,4/4/26 20:24,7.98,24.22,-63.85
pH1,4/4/26 20:25,7.98,24.22,-63.89
pH1,4/4/26 20:26,7.98,24.22,-63.81
pH1,4/4/26 20:27,7.98,24.22,-63.74
pH1,4/4/26 20:28,7.98,24.22,-63.75
pH1,4/4/26 20:29,7.97,24.22,-63.69
pH1,4/4/26 20:30,7.98,24.22,-63.81
pH1,4/4/26 20:31,7.98,24.22,-63.8
pH1,4/4/26 20:32,7.98,24.22,-63.74
pH1,4/4/26 20:33,7.97,24.22,-63.71
pH1,4/4/26 20:34,7.97,24.22,-63.71
pH1,4/4/26 20:35,7.97,24.22,-63.64
pH1,4/4/26 20:36,7.97,24.22,-63.6
pH1,4/4/26 20:37,7.97,24.24,-63.47
pH1,4/4/26 20:38,7.97,24.24,-63.66
pH1,4/4/26 20:39,7.97,24.24,-63.64
pH1,4/4/26 20:40,7.97,24.24,-63.5
pH1,4/4/26 20:41,7.97,24.24,-63.56
pH1,4/4/26 20:42,7.97,24.24,-63.52
pH1,4/4/26 20:43,7.97,24.24,-63.42
pH1,4/4/26 20:44,7.97,24.24,-63.58
pH1,4/4/26 20:45,7.97,24.24,-63.61
pH1,4/4/26 20:46,7.97,24.24,-63.72
pH1,4/4/26 20:47,7.98,24.24,-63.78
pH1,4/4/26 20:48,7.98,24.24,-63.75
pH1,4/4/26 20:49,7.97,24.24,-63.69
pH1,4/4/26 20:50,7.97,24.24,-63.56
pH1,4/4/26 20:51,7.97,24.24,-63.53
pH1,4/4/26 20:52,7.97,24.24,-63.47
pH1,4/4/26 20:53,7.97,24.24,-63.33
pH1,4/4/26 20:54,7.97,24.24,-63.31
pH1,4/4/26 20:55,7.97,24.24,-63.36
pH1,4/4/26 20:56,7.97,24.24,-63.39
pH1,4/4/26 20:57,7.97,24.22,-63.38
pH1,4/4/26 20:58,7.97,24.22,-63.42
pH1,4/4/26 20:59,7.97,24.22,-63.38
pH1,4/4/26 21:00,7.97,24.22,-63.36
pH1,4/4/26 21:01,7.97,24.22,-63.38
pH1,4/4/26 21:02,7.97,24.22,-63.36
pH1,4/4/26 21:03,7.97,24.22,-63.31
pH1,4/4/26 21:04,7.97,24.22,-63.25
pH1,4/4/26 21:05,7.97,24.22,-63.16
pH1,4/4/26 21:06,7.96,24.22,-63.08
pH1,4/4/26 21:07,7.96,24.22,-63.02
pH1,4/4/26 21:08,7.96,24.19,-62.91
pH1,4/4/26 21:09,7.96,24.19,-63.08
pH1,4/4/26 21:10,7.96,24.19,-63.11
pH1,4/4/26 21:11,7.96,24.22,-63.1
pH1,4/4/26 21:12,7.96,24.22,-62.78
pH1,4/4/26 21:13,7.96,24.22,-62.64
pH1,4/4/26 21:14,7.95,24.22,-62.55
pH1,4/4/26 21:15,7.95,24.22,-62.5
pH1,4/4/26 21:16,7.95,24.22,-62.52
pH1,4/4/26 21:17,7.96,24.22,-62.64
pH1,4/4/26 21:18,7.96,24.22,-62.67
pH1,4/4/26 21:19,7.96,24.22,-62.85
pH1,4/4/26 21:20,7.96,24.22,-62.92
pH1,4/4/26 21:21,7.96,24.22,-62.75
pH1,4/4/26 21:22,7.96,24.22,-62.77
pH1,4/4/26 21:23,7.96,24.22,-62.88
pH1,4/4/26 21:24,7.96,24.24,-62.81
pH1,4/4/26 21:25,7.96,24.24,-62.74
pH1,4/4/26 21:26,7.96,24.24,-62.64
pH1,4/4/26 21:27,7.96,24.24,-62.58
pH1,4/4/26 21:28,7.96,24.24,-62.61
pH1,4/4/26 21:29,7.96,24.22,-62.71
pH1,4/4/26 21:30,7.96,24.22,-62.83
pH1,4/4/26 21:31,7.96,24.22,-62.69
pH1,4/4/26 21:32,7.95,24.22,-62.56
pH1,4/4/26 21:33,7.95,24.22,-62.49
pH1,4/4/26 21:34,7.95,24.22,-62.35
pH1,4/4/26 21:35,7.96,24.22,-62.71
pH1,4/4/26 21:36,7.96,24.22,-62.92
pH1,4/4/26 21:37,7.96,24.22,-63.1
pH1,4/4/26 21:38,7.97,24.22,-63.35
pH1,4/4/26 21:39,7.97,24.22,-63.42
pH1,4/4/26 21:40,7.97,24.19,-63.52
pH1,4/4/26 21:41,7.97,24.19,-63.44
pH1,4/4/26 21:42,7.97,24.19,-63.55
pH1,4/4/26 21:43,7.97,24.19,-63.49
pH1,4/4/26 21:44,7.97,24.19,-63.56
pH1,4/4/26 21:45,7.97,24.19,-63.61
pH1,4/4/26 21:46,7.97,24.17,-63.6
pH1,4/4/26 21:47,7.97,24.17,-63.5
pH1,4/4/26 21:48,7.97,24.17,-63.63
pH1,4/4/26 21:49,7.97,24.17,-63.71
pH1,4/4/26 21:50,7.97,24.17,-63.71
pH1,4/4/26 21:51,7.97,24.17,-63.67
pH1,4/4/26 21:52,7.97,24.17,-63.61
pH1,4/4/26 21:53,7.97,24.17,-63.56
pH1,4/4/26 21:54,7.97,24.17,-63.49
pH1,4/4/26 21:55,7.97,24.17,-63.38
pH1,4/4/26 21:56,7.97,24.17,-63.3
pH1,4/4/26 21:57,7.97,24.17,-63.46
pH1,4/4/26 21:58,7.97,24.17,-63.66
pH1,4/4/26 21:59,7.98,24.15,-63.8
pH1,4/4/26 22:00,7.98,24.15,-63.83
pH1,4/4/26 22:01,7.98,24.15,-63.81
pH1,4/4/26 22:02,7.98,24.15,-63.8
pH1,4/4/26 22:03,7.98,24.15,-63.75
pH1,4/4/26 22:04,7.98,24.15,-63.74
pH1,4/4/26 22:05,7.98,24.15,-63.75
pH1,4/4/26 22:06,7.98,24.15,-63.88
pH1,4/4/26 22:07,7.98,24.15,-64
pH1,4/4/26 22:08,7.98,24.15,-64
pH1,4/4/26 22:09,7.98,24.15,-63.96
pH1,4/4/26 22:10,7.98,24.15,-63.99
pH1,4/4/26 22:11,7.98,24.15,-63.88
pH1,4/4/26 22:12,7.98,24.15,-63.86
pH1,4/4/26 22:13,7.98,24.15,-63.75
pH1,4/4/26 22:14,7.97,24.15,-63.69
pH1,4/4/26 22:15,7.97,24.17,-63.55
pH1,4/4/26 22:16,7.97,24.17,-63.58
pH1,4/4/26 22:17,7.97,24.17,-63.52
pH1,4/4/26 22:18,7.97,24.17,-63.52
pH1,4/4/26 22:19,7.97,24.17,-63.5
pH1,4/4/26 22:20,7.97,24.17,-63.41
pH1,4/4/26 22:21,7.97,24.17,-63.41
pH1,4/4/26 22:22,7.97,24.17,-63.36
pH1,4/4/26 22:23,7.97,24.15,-63.38
pH1,4/4/26 22:24,7.97,24.15,-63.53
pH1,4/4/26 22:25,7.97,24.15,-63.55
pH1,4/4/26 22:26,7.97,24.15,-63.56
pH1,4/4/26 22:27,7.97,24.15,-63.52
pH1,4/4/26 22:28,7.97,24.15,-63.49
pH1,4/4/26 22:29,7.97,24.15,-63.55
pH1,4/4/26 22:30,7.97,24.15,-63.6
pH1,4/4/26 22:31,7.97,24.15,-63.64
pH1,4/4/26 22:32,7.97,24.15,-63.61
pH1,4/4/26 22:33,7.97,24.15,-63.66
pH1,4/4/26 22:34,7.97,24.15,-63.58
pH1,4/4/26 22:35,7.97,24.15,-63.5
pH1,4/4/26 22:36,7.97,24.15,-63.5
pH1,4/4/26 22:37,7.97,24.15,-63.5
pH1,4/4/26 22:38,7.97,24.15,-63.44
pH1,4/4/26 22:39,7.97,24.15,-63.47
pH1,4/4/26 22:40,7.97,24.15,-63.46
pH1,4/4/26 22:41,7.97,24.15,-63.42
pH1,4/4/26 22:42,7.97,24.15,-63.33
pH1,4/4/26 22:43,7.97,24.15,-63.35
pH1,4/4/26 22:44,7.97,24.15,-63.28
pH1,4/4/26 22:45,7.97,24.15,-63.25
pH1,4/4/26 22:46,7.97,24.12,-63.22
pH1,4/4/26 22:47,7.97,24.12,-63.31
pH1,4/4/26 22:48,7.97,24.12,-63.25
pH1,4/4/26 22:49,7.97,24.12,-63.19
pH1,4/4/26 22:50,7.97,24.15,-63.16
pH1,4/4/26 22:51,7.97,24.12,-63.25
pH1,4/4/26 22:52,7.97,24.12,-63.28
pH1,4/4/26 22:53,7.97,24.12,-63.25
pH1,4/4/26 22:54,7.97,24.12,-63.24
pH1,4/4/26 22:55,7.97,24.12,-63.14
pH1,4/4/26 22:56,7.97,24.12,-63.14
pH1,4/4/26 22:57,7.97,24.12,-63.24
pH1,4/4/26 22:58,7.97,24.12,-63.33
pH1,4/4/26 22:59,7.97,24.12,-63.41
pH1,4/4/26 23:00,7.97,24.12,-63.31
pH1,4/4/26 23:01,7.97,24.12,-63.21
pH1,4/4/26 23:02,7.97,24.12,-63.25
pH1,4/4/26 23:03,7.97,24.12,-63.28
pH1,4/4/26 23:04,7.97,24.12,-63.33
pH1,4/4/26 23:05,7.97,24.12,-63.31
pH1,4/4/26 23:06,7.97,24.12,-63.25
pH1,4/4/26 23:07,7.97,24.12,-63.22
pH1,4/4/26 23:08,7.97,24.12,-63.28
pH1,4/4/26 23:09,7.97,24.12,-63.24
pH1,4/4/26 23:10,7.97,24.12,-63.17
pH1,4/4/26 23:11,7.97,24.1,-63.17
pH1,4/4/26 23:12,7.97,24.1,-63.19
pH1,4/4/26 23:13,7.97,24.1,-63.19
pH1,4/4/26 23:14,7.97,24.1,-63.16
pH1,4/4/26 23:15,7.97,24.1,-63.21
pH1,4/4/26 23:16,7.97,24.1,-63.19
pH1,4/4/26 23:17,7.96,24.1,-63.13
pH1,4/4/26 23:18,7.97,24.1,-63.14
pH1,4/4/26 23:19,7.96,24.1,-63.1
pH1,4/4/26 23:20,7.96,24.1,-62.96
pH1,4/4/26 23:21,7.96,24.1,-62.99
pH1,4/4/26 23:22,7.96,24.1,-62.91
pH1,4/4/26 23:23,7.96,24.1,-62.75
pH1,4/4/26 23:24,7.96,24.1,-62.64
pH1,4/4/26 23:25,7.96,24.1,-62.56
pH1,4/4/26 23:26,7.96,24.1,-62.61
pH1,4/4/26 23:27,7.96,24.07,-62.58
pH1,4/4/26 23:28,7.95,24.07,-62.49
pH1,4/4/26 23:29,7.95,24.07,-62.36
pH1,4/4/26 23:30,7.95,24.1,-62.21
pH1,4/4/26 23:31,7.95,24.07,-62.1
pH1,4/4/26 23:32,7.95,24.07,-62.11
pH1,4/4/26 23:33,7.95,24.1,-62.33
pH1,4/4/26 23:34,7.95,24.07,-62.25
pH1,4/4/26 23:35,7.95,24.07,-62.19
pH1,4/4/26 23:36,7.95,24.07,-62.05
pH1,4/4/26 23:37,7.95,24.07,-62.06
pH1,4/4/26 23:38,7.95,24.1,-62.35
pH1,4/4/26 23:39,7.95,24.07,-62.22
pH1,4/4/26 23:40,7.95,24.07,-62.06
pH1,4/4/26 23:41,7.94,24.07,-61.89
pH1,4/4/26 23:42,7.94,24.07,-61.75
pH1,4/4/26 23:43,7.94,24.07,-61.58
pH1,4/4/26 23:44,7.94,24.07,-61.63
pH1,4/4/26 23:45,7.94,24.1,-61.78
pH1,4/4/26 23:46,7.94,24.07,-61.72
pH1,4/4/26 23:47,7.94,24.07,-61.63
pH1,4/4/26 23:48,7.94,24.1,-61.64
pH1,4/4/26 23:49,7.94,24.1,-61.74
pH1,4/4/26 23:50,7.94,24.1,-61.77
pH1,4/4/26 23:51,7.94,24.1,-61.96
pH1,4/4/26 23:52,7.94,24.1,-61.97
pH1,4/4/26 23:53,7.94,24.12,-61.94
pH1,4/4/26 23:54,7.95,24.12,-62
pH1,4/4/26 23:55,7.95,24.12,-62
pH1,4/4/26 23:56,7.95,24.12,-62.05
pH1,4/4/26 23:57,7.95,24.12,-62.03
pH1,4/4/26 23:58,7.95,24.12,-62.03
pH1,4/4/26 23:59,7.95,24.12,-62.02
pH1,4/5/26 0:00,7.95,24.12,-62.21
pH1,4/5/26 0:01,7.95,24.12,-62.22
pH1,4/5/26 0:02,7.95,24.12,-62.16
pH1,4/5/26 0:03,7.95,24.12,-62.1
pH1,4/5/26 0:04,7.95,24.12,-62.25
pH1,4/5/26 0:05,7.95,24.12,-62.3
pH1,4/5/26 0:06,7.95,24.12,-62.22
pH1,4/5/26 0:07,7.95,24.12,-62.21
pH1,4/5/26 0:08,7.95,24.12,-62.16
pH1,4/5/26 0:09,7.95,24.12,-62.16
pH1,4/5/26 0:10,7.95,24.12,-62.3
pH1,4/5/26 0:11,7.95,24.12,-62.38
pH1,4/5/26 0:12,7.95,24.12,-62.35
pH1,4/5/26 0:13,7.95,24.12,-62.31
pH1,4/5/26 0:14,7.95,24.12,-62.36
pH1,4/5/26 0:15,7.95,24.12,-62.42
pH1,4/5/26 0:16,7.95,24.12,-62.41
pH1,4/5/26 0:17,7.95,24.1,-62.42
pH1,4/5/26 0:18,7.95,24.1,-62.5
pH1,4/5/26 0:19,7.95,24.1,-62.49
pH1,4/5/26 0:20,7.95,24.1,-62.39
pH1,4/5/26 0:21,7.95,24.1,-62.38
pH1,4/5/26 0:22,7.95,24.1,-62.3
pH1,4/5/26 0:23,7.95,24.1,-62.19
pH1,4/5/26 0:24,7.95,24.1,-62.24
pH1,4/5/26 0:25,7.95,24.1,-62.25
pH1,4/5/26 0:26,7.95,24.07,-62.19
pH1,4/5/26 0:27,7.95,24.07,-62.19
pH1,4/5/26 0:28,7.95,24.07,-62.27
pH1,4/5/26 0:29,7.95,24.07,-62.35
pH1,4/5/26 0:30,7.95,24.07,-62.42
pH1,4/5/26 0:31,7.95,24.07,-62.39
pH1,4/5/26 0:32,7.95,24.07,-62.3
pH1,4/5/26 0:33,7.95,24.07,-62.31
pH1,4/5/26 0:34,7.95,24.07,-62.5
pH1,4/5/26 0:35,7.96,24.07,-62.64
pH1,4/5/26 0:36,7.96,24.07,-62.66
pH1,4/5/26 0:37,7.96,24.07,-62.81
pH1,4/5/26 0:38,7.96,24.07,-62.8
pH1,4/5/26 0:39,7.96,24.07,-62.67
pH1,4/5/26 0:40,7.96,24.07,-62.56
pH1,4/5/26 0:41,7.95,24.05,-62.44
pH1,4/5/26 0:42,7.95,24.05,-62.35
pH1,4/5/26 0:43,7.95,24.05,-62.35
pH1,4/5/26 0:44,7.96,24.07,-62.55
pH1,4/5/26 0:45,7.95,24.05,-62.49
pH1,4/5/26 0:46,7.95,24.07,-62.49
pH1,4/5/26 0:47,7.95,24.07,-62.49
pH1,4/5/26 0:48,7.95,24.05,-62.38
pH1,4/5/26 0:49,7.95,24.05,-62.28
pH1,4/5/26 0:50,7.95,24.05,-62.17
pH1,4/5/26 0:51,7.95,24.07,-62.06
pH1,4/5/26 0:52,7.95,24.07,-62.02
pH1,4/5/26 0:53,7.94,24.07,-61.85
pH1,4/5/26 0:54,7.94,24.07,-61.81
pH1,4/5/26 0:55,7.94,24.07,-61.77
pH1,4/5/26 0:56,7.94,24.07,-61.64
pH1,4/5/26 0:57,7.94,24.07,-61.58
pH1,4/5/26 0:58,7.94,24.07,-61.47
pH1,4/5/26 0:59,7.94,24.07,-61.46
pH1,4/5/26 1:00,7.93,24.1,-61.39
pH1,4/5/26 1:01,7.93,24.1,-61.36
pH1,4/5/26 1:02,7.93,24.1,-61.27
pH1,4/5/26 1:03,7.93,24.1,-61.27
pH1,4/5/26 1:04,7.93,24.1,-61.31
pH1,4/5/26 1:05,7.93,24.1,-61.22
pH1,4/5/26 1:06,7.93,24.1,-61.33
pH1,4/5/26 1:07,7.94,24.1,-61.41
pH1,4/5/26 1:08,7.94,24.1,-61.41
pH1,4/5/26 1:09,7.94,24.1,-61.42
pH1,4/5/26 1:10,7.94,24.1,-61.47
pH1,4/5/26 1:11,7.94,24.1,-61.44
pH1,4/5/26 1:12,7.93,24.1,-61.35
pH1,4/5/26 1:13,7.94,24.1,-61.42
pH1,4/5/26 1:14,7.94,24.1,-61.42
pH1,4/5/26 1:15,7.93,24.1,-61.36
pH1,4/5/26 1:16,7.93,24.1,-61.33
pH1,4/5/26 1:17,7.93,24.1,-61.35
pH1,4/5/26 1:18,7.93,24.1,-61.33
pH1,4/5/26 1:19,7.93,24.1,-61.17
pH1,4/5/26 1:20,7.93,24.1,-61.16
pH1,4/5/26 1:21,7.93,24.1,-61.16
pH1,4/5/26 1:22,7.93,24.1,-61.16
pH1,4/5/26 1:23,7.93,24.1,-61.3
pH1,4/5/26 1:24,7.94,24.1,-61.71
pH1,4/5/26 1:25,7.94,24.1,-61.83
pH1,4/5/26 1:26,7.94,24.1,-61.83
pH1,4/5/26 1:27,7.94,24.1,-61.85
pH1,4/5/26 1:28,7.94,24.1,-61.94
pH1,4/5/26 1:29,7.94,24.1,-61.94
pH1,4/5/26 1:30,7.94,24.1,-61.92
pH1,4/5/26 1:31,7.95,24.1,-62.19
pH1,4/5/26 1:32,7.95,24.1,-62.39
pH1,4/5/26 1:33,7.95,24.1,-62.46
pH1,4/5/26 1:34,7.95,24.1,-62.46
pH1,4/5/26 1:35,7.95,24.1,-62.33
pH1,4/5/26 1:36,7.95,24.1,-62.42
pH1,4/5/26 1:37,7.96,24.1,-62.61
pH1,4/5/26 1:38,7.96,24.1,-62.77
pH1,4/5/26 1:39,7.96,24.1,-62.86
pH1,4/5/26 1:40,7.96,24.1,-62.96
pH1,4/5/26 1:41,7.96,24.1,-63.03
pH1,4/5/26 1:42,7.96,24.1,-63.03
pH1,4/5/26 1:43,7.96,24.1,-63.06
pH1,4/5/26 1:44,7.96,24.1,-63.02
pH1,4/5/26 1:45,7.96,24.07,-62.88
pH1,4/5/26 1:46,7.96,24.07,-62.83
pH1,4/5/26 1:47,7.96,24.07,-62.81
pH1,4/5/26 1:48,7.96,24.07,-62.99
pH1,4/5/26 1:49,7.96,24.07,-63.05
pH1,4/5/26 1:50,7.96,24.07,-62.96
pH1,4/5/26 1:51,7.96,24.07,-62.85
pH1,4/5/26 1:52,7.96,24.07,-62.78
pH1,4/5/26 1:53,7.96,24.07,-62.72
pH1,4/5/26 1:54,7.96,24.1,-62.67
pH1,4/5/26 1:55,7.96,24.1,-62.69
pH1,4/5/26 1:56,7.96,24.1,-62.75
pH1,4/5/26 1:57,7.96,24.1,-62.77
pH1,4/5/26 1:58,7.96,24.1,-62.67
pH1,4/5/26 1:59,7.96,24.07,-62.63
pH1,4/5/26 2:00,7.96,24.1,-62.61
pH1,4/5/26 2:01,7.95,24.1,-62.55
pH1,4/5/26 2:02,7.95,24.1,-62.53
pH1,4/5/26 2:03,7.96,24.1,-62.6
pH1,4/5/26 2:04,7.96,24.1,-62.56
pH1,4/5/26 2:05,7.95,24.1,-62.53
pH1,4/5/26 2:06,7.96,24.1,-62.58
pH1,4/5/26 2:07,7.96,24.1,-62.61
pH1,4/5/26 2:08,7.96,24.1,-62.64
pH1,4/5/26 2:09,7.96,24.1,-62.61
pH1,4/5/26 2:10,7.96,24.1,-62.58
pH1,4/5/26 2:11,7.96,24.1,-62.64
pH1,4/5/26 2:12,7.96,24.1,-62.66
pH1,4/5/26 2:13,7.96,24.1,-62.69
pH1,4/5/26 2:14,7.96,24.07,-62.71
pH1,4/5/26 2:15,7.96,24.07,-62.72
pH1,4/5/26 2:16,7.96,24.07,-62.69
pH1,4/5/26 2:17,7.96,24.07,-62.66
pH1,4/5/26 2:18,7.96,24.07,-62.74
pH1,4/5/26 2:19,7.96,24.07,-62.77
pH1,4/5/26 2:20,7.96,24.07,-62.94
pH1,4/5/26 2:21,7.96,24.07,-62.97
pH1,4/5/26 2:22,7.96,24.07,-62.99
pH1,4/5/26 2:23,7.96,24.07,-62.99
pH1,4/5/26 2:24,7.96,24.07,-62.91
pH1,4/5/26 2:25,7.96,24.07,-62.85
pH1,4/5/26 2:26,7.96,24.07,-62.88
pH1,4/5/26 2:27,7.96,24.07,-62.88
pH1,4/5/26 2:28,7.96,24.07,-62.8
pH1,4/5/26 2:29,7.96,24.05,-62.66
pH1,4/5/26 2:30,7.96,24.05,-62.69
pH1,4/5/26 2:31,7.96,24.05,-62.83
pH1,4/5/26 2:32,7.96,24.05,-62.94
pH1,4/5/26 2:33,7.96,24.05,-62.99
pH1,4/5/26 2:34,7.96,24.05,-62.94
pH1,4/5/26 2:35,7.96,24.05,-62.92
pH1,4/5/26 2:36,7.96,24.05,-62.99
pH1,4/5/26 2:37,7.96,24.05,-62.94
pH1,4/5/26 2:38,7.96,24.05,-62.89
pH1,4/5/26 2:39,7.96,24.05,-62.83
pH1,4/5/26 2:40,7.96,24.05,-62.86
pH1,4/5/26 2:41,7.96,24.05,-62.88
pH1,4/5/26 2:42,7.96,24.05,-62.91
pH1,4/5/26 2:43,7.96,24.05,-62.81
pH1,4/5/26 2:44,7.96,24.05,-62.74
pH1,4/5/26 2:45,7.96,24.05,-62.8
pH1,4/5/26 2:46,7.96,24.05,-62.8
pH1,4/5/26 2:47,7.96,24.05,-62.88
pH1,4/5/26 2:48,7.96,24.05,-62.86
pH1,4/5/26 2:49,7.96,24.05,-62.85
pH1,4/5/26 2:50,7.96,24.05,-62.96
pH1,4/5/26 2:51,7.96,24.05,-62.85
pH1,4/5/26 2:52,7.96,24.05,-62.74
pH1,4/5/26 2:53,7.96,24.05,-62.63
pH1,4/5/26 2:54,7.95,24.05,-62.53
pH1,4/5/26 2:55,7.95,24.05,-62.52
pH1,4/5/26 2:56,7.95,24.05,-62.5
pH1,4/5/26 2:57,7.95,24.05,-62.53
pH1,4/5/26 2:58,7.96,24.05,-62.61
pH1,4/5/26 2:59,7.96,24.05,-62.64
pH1,4/5/26 3:00,7.96,24.05,-62.74
pH1,4/5/26 3:01,7.96,24.05,-62.72
pH1,4/5/26 3:02,7.96,24.05,-62.75
pH1,4/5/26 3:03,7.96,24.05,-62.74
pH1,4/5/26 3:04,7.96,24.05,-62.58
pH1,4/5/26 3:05,7.95,24.05,-62.41
pH1,4/5/26 3:06,7.95,24.05,-62.36
pH1,4/5/26 3:07,7.95,24.05,-62.47
pH1,4/5/26 3:08,7.95,24.05,-62.49
pH1,4/5/26 3:09,7.95,24.05,-62.53
pH1,4/5/26 3:10,7.96,24.05,-62.69
pH1,4/5/26 3:11,7.96,24.07,-62.58
pH1,4/5/26 3:12,7.95,24.07,-62.41
pH1,4/5/26 3:13,7.95,24.07,-62.24
pH1,4/5/26 3:14,7.95,24.07,-62.06
pH1,4/5/26 3:15,7.95,24.07,-62.14
pH1,4/5/26 3:16,7.95,24.07,-62.17
pH1,4/5/26 3:17,7.95,24.07,-62.31
pH1,4/5/26 3:18,7.95,24.07,-62.3
pH1,4/5/26 3:19,7.95,24.07,-62.27
pH1,4/5/26 3:20,7.95,24.07,-62.22
pH1,4/5/26 3:21,7.95,24.07,-62.21
pH1,4/5/26 3:22,7.95,24.07,-62.22
pH1,4/5/26 3:23,7.95,24.07,-62.22
pH1,4/5/26 3:24,7.95,24.07,-62.17
pH1,4/5/26 3:25,7.95,24.07,-62.19
pH1,4/5/26 3:26,7.95,24.07,-62.14
pH1,4/5/26 3:27,7.95,24.07,-62.06
pH1,4/5/26 3:28,7.95,24.07,-62.03
pH1,4/5/26 3:29,7.95,24.07,-62.02
pH1,4/5/26 3:30,7.94,24.07,-61.94
pH1,4/5/26 3:31,7.94,24.07,-61.89
pH1,4/5/26 3:32,7.94,24.07,-61.88
pH1,4/5/26 3:33,7.94,24.07,-61.75
pH1,4/5/26 3:34,7.94,24.07,-61.69
pH1,4/5/26 3:35,7.94,24.07,-61.69
pH1,4/5/26 3:36,7.94,24.07,-61.67
pH1,4/5/26 3:37,7.94,24.07,-61.64
pH1,4/5/26 3:38,7.94,24.07,-61.72
pH1,4/5/26 3:39,7.94,24.07,-61.67
pH1,4/5/26 3:40,7.94,24.07,-61.63
pH1,4/5/26 3:41,7.94,24.07,-61.6
pH1,4/5/26 3:42,7.94,24.07,-61.58
pH1,4/5/26 3:43,7.94,24.07,-61.52
pH1,4/5/26 3:44,7.94,24.07,-61.58
pH1,4/5/26 3:45,7.94,24.1,-61.63
pH1,4/5/26 3:46,7.94,24.1,-61.75
pH1,4/5/26 3:47,7.94,24.1,-61.78
pH1,4/5/26 3:48,7.94,24.1,-61.88
pH1,4/5/26 3:49,7.94,24.1,-61.91
pH1,4/5/26 3:50,7.94,24.1,-61.88
pH1,4/5/26 3:51,7.94,24.1,-61.96
pH1,4/5/26 3:52,7.94,24.1,-61.96
pH1,4/5/26 3:53,7.94,24.1,-61.83
pH1,4/5/26 3:54,7.94,24.1,-61.71
pH1,4/5/26 3:55,7.94,24.1,-61.53
pH1,4/5/26 3:56,7.93,24.12,-61.27
pH1,4/5/26 3:57,7.93,24.12,-61.1
pH1,4/5/26 3:58,7.93,24.12,-61.08
pH1,4/5/26 3:59,7.93,24.12,-61.24
pH1,4/5/26 4:00,7.93,24.12,-61.28
pH1,4/5/26 4:01,7.93,24.12,-61.22
pH1,4/5/26 4:02,7.93,24.12,-61.2
pH1,4/5/26 4:03,7.93,24.15,-61.19
pH1,4/5/26 4:04,7.93,24.15,-61.14
pH1,4/5/26 4:05,7.93,24.15,-61.05
pH1,4/5/26 4:06,7.93,24.15,-60.95
pH1,4/5/26 4:07,7.93,24.15,-60.85
pH1,4/5/26 4:08,7.92,24.15,-60.74
pH1,4/5/26 4:09,7.92,24.15,-60.63
pH1,4/5/26 4:10,7.92,24.15,-60.55
pH1,4/5/26 4:11,7.92,24.15,-60.55
pH1,4/5/26 4:12,7.92,24.15,-60.67
pH1,4/5/26 4:13,7.92,24.15,-60.78
pH1,4/5/26 4:14,7.93,24.15,-60.95
pH1,4/5/26 4:15,7.93,24.15,-61.05
pH1,4/5/26 4:16,7.93,24.15,-60.92
pH1,4/5/26 4:17,7.92,24.15,-60.78
pH1,4/5/26 4:18,7.92,24.15,-60.67
pH1,4/5/26 4:19,7.92,24.15,-60.63
pH1,4/5/26 4:20,7.92,24.15,-60.63
pH1,4/5/26 4:21,7.93,24.15,-60.92
pH1,4/5/26 4:22,7.93,24.15,-61.03
pH1,4/5/26 4:23,7.93,24.15,-61.08
pH1,4/5/26 4:24,7.93,24.15,-61.13
pH1,4/5/26 4:25,7.93,24.15,-61.14
pH1,4/5/26 4:26,7.93,24.15,-61.1
pH1,4/5/26 4:27,7.93,24.12,-61.02
pH1,4/5/26 4:28,7.93,24.12,-60.95
pH1,4/5/26 4:29,7.93,24.12,-60.95
pH1,4/5/26 4:30,7.93,24.15,-60.95
pH1,4/5/26 4:31,7.93,24.15,-60.95
pH1,4/5/26 4:32,7.93,24.15,-60.86
pH1,4/5/26 4:33,7.92,24.15,-60.75
pH1,4/5/26 4:34,7.92,24.15,-60.52
pH1,4/5/26 4:35,7.91,24.15,-60.16
pH1,4/5/26 4:36,7.91,24.15,-59.88
pH1,4/5/26 4:37,7.9,24.15,-59.64
pH1,4/5/26 4:38,7.9,24.17,-59.42
pH1,4/5/26 4:39,7.9,24.17,-59.24
pH1,4/5/26 4:40,7.9,24.17,-59.2
pH1,4/5/26 4:41,7.9,24.17,-59.13
pH1,4/5/26 4:42,7.9,24.17,-59.17
pH1,4/5/26 4:43,7.9,24.17,-59.27
pH1,4/5/26 4:44,7.9,24.17,-59.38
pH1,4/5/26 4:45,7.9,24.15,-59.56
pH1,4/5/26 4:46,7.91,24.15,-59.75
pH1,4/5/26 4:47,7.91,24.15,-59.89
pH1,4/5/26 4:48,7.91,24.15,-59.89
pH1,4/5/26 4:49,7.9,24.15,-59.67
pH1,4/5/26 4:50,7.9,24.12,-59.55
pH1,4/5/26 4:51,7.9,24.12,-59.56
pH1,4/5/26 4:52,7.9,24.12,-59.56
pH1,4/5/26 4:53,7.9,24.12,-59.63
pH1,4/5/26 4:54,7.9,24.12,-59.45
pH1,4/5/26 4:55,7.9,24.12,-59.14
pH1,4/5/26 4:56,7.89,24.12,-58.92
pH1,4/5/26 4:57,7.89,24.12,-59.02
pH1,4/5/26 4:58,7.9,24.12,-59.33
pH1,4/5/26 4:59,7.9,24.12,-59.58
pH1,4/5/26 5:00,7.9,24.12,-59.66
pH1,4/5/26 5:01,7.91,24.12,-59.8
pH1,4/5/26 5:02,7.91,24.12,-59.77
pH1,4/5/26 5:03,7.91,24.12,-59.72
pH1,4/5/26 5:04,7.91,24.12,-59.67
pH1,4/5/26 5:05,7.9,24.12,-59.56
pH1,4/5/26 5:06,7.9,24.12,-59.44
pH1,4/5/26 5:07,7.9,24.12,-59.41
pH1,4/5/26 5:08,7.9,24.12,-59.31
pH1,4/5/26 5:09,7.9,24.12,-59.14
pH1,4/5/26 5:10,7.89,24.12,-59.08
pH1,4/5/26 5:11,7.9,24.12,-59.27
pH1,4/5/26 5:12,7.9,24.12,-59.31
pH1,4/5/26 5:13,7.9,24.12,-59.42
pH1,4/5/26 5:14,7.9,24.12,-59.36
pH1,4/5/26 5:15,7.9,24.12,-59.39
pH1,4/5/26 5:16,7.9,24.12,-59.63
pH1,4/5/26 5:17,7.91,24.12,-60.17
pH1,4/5/26 5:18,7.92,24.12,-60.72
pH1,4/5/26 5:19,7.92,24.12,-60.81
pH1,4/5/26 5:20,7.93,24.1,-61.03
pH1,4/5/26 5:21,7.93,24.1,-61.08
pH1,4/5/26 5:22,7.93,24.1,-61.13
pH1,4/5/26 5:23,7.93,24.1,-61.22
pH1,4/5/26 5:24,7.94,24.1,-61.47
pH1,4/5/26 5:25,7.94,24.1,-61.61
pH1,4/5/26 5:26,7.94,24.1,-61.8
pH1,4/5/26 5:27,7.94,24.1,-61.81
pH1,4/5/26 5:28,7.94,24.1,-61.74
pH1,4/5/26 5:29,7.94,24.1,-61.74
pH1,4/5/26 5:30,7.94,24.1,-61.63
pH1,4/5/26 5:31,7.94,24.1,-61.6
pH1,4/5/26 5:32,7.94,24.1,-61.67
pH1,4/5/26 5:33,7.94,24.1,-61.69
pH1,4/5/26 5:34,7.94,24.1,-61.77
pH1,4/5/26 5:35,7.94,24.1,-61.92
pH1,4/5/26 5:36,7.95,24.1,-62.05
pH1,4/5/26 5:37,7.95,24.1,-62.14
pH1,4/5/26 5:38,7.95,24.1,-62.13
pH1,4/5/26 5:39,7.95,24.07,-62.21
pH1,4/5/26 5:40,7.95,24.07,-62.21
pH1,4/5/26 5:41,7.95,24.07,-62.13
pH1,4/5/26 5:42,7.95,24.07,-62.06
pH1,4/5/26 5:43,7.94,24.07,-61.92
pH1,4/5/26 5:44,7.94,24.07,-61.74
pH1,4/5/26 5:45,7.94,24.07,-61.58
pH1,4/5/26 5:46,7.94,24.07,-61.64
pH1,4/5/26 5:47,7.94,24.07,-61.86
pH1,4/5/26 5:48,7.94,24.07,-61.88
pH1,4/5/26 5:49,7.94,24.07,-61.96
pH1,4/5/26 5:50,7.94,24.07,-61.94
pH1,4/5/26 5:51,7.94,24.07,-61.94
pH1,4/5/26 5:52,7.95,24.07,-62
pH1,4/5/26 5:53,7.95,24.07,-62.03
pH1,4/5/26 5:54,7.95,24.07,-62.13
pH1,4/5/26 5:55,7.95,24.07,-62.41
pH1,4/5/26 5:56,7.95,24.07,-62.53
pH1,4/5/26 5:57,7.95,24.07,-62.47
pH1,4/5/26 5:58,7.95,24.07,-62.53
pH1,4/5/26 5:59,7.96,24.07,-62.56
pH1,4/5/26 6:00,7.96,24.07,-62.72
pH1,4/5/26 6:01,7.96,24.05,-62.78
pH1,4/5/26 6:02,7.96,24.05,-62.78
pH1,4/5/26 6:03,7.96,24.05,-62.78
pH1,4/5/26 6:04,7.96,24.05,-62.78
pH1,4/5/26 6:05,7.96,24.05,-62.69
pH1,4/5/26 6:06,7.96,24.05,-62.77
pH1,4/5/26 6:07,7.96,24.05,-62.78
pH1,4/5/26 6:08,7.96,24.05,-62.85
pH1,4/5/26 6:09,7.96,24.05,-62.96
pH1,4/5/26 6:10,7.96,24.05,-62.94
pH1,4/5/26 6:11,7.96,24.05,-62.91
pH1,4/5/26 6:12,7.96,24.07,-62.85
pH1,4/5/26 6:13,7.96,24.07,-62.92
pH1,4/5/26 6:14,7.96,24.07,-62.96
pH1,4/5/26 6:15,7.96,24.07,-62.94
pH1,4/5/26 6:16,7.96,24.07,-62.92
pH1,4/5/26 6:17,7.96,24.07,-62.88
pH1,4/5/26 6:18,7.96,24.07,-62.99
pH1,4/5/26 6:19,7.96,24.07,-63.05
pH1,4/5/26 6:20,7.96,24.07,-63.03
pH1,4/5/26 6:21,7.96,24.07,-63.02
pH1,4/5/26 6:22,7.96,24.07,-63.1
pH1,4/5/26 6:23,7.96,24.07,-63.1
pH1,4/5/26 6:24,7.97,24.07,-63.14
pH1,4/5/26 6:25,7.97,24.07,-63.22
pH1,4/5/26 6:26,7.97,24.07,-63.19
pH1,4/5/26 6:27,7.97,24.07,-63.17
pH1,4/5/26 6:28,7.97,24.07,-63.21
pH1,4/5/26 6:29,7.97,24.07,-63.24
pH1,4/5/26 6:30,7.97,24.07,-63.33
pH1,4/5/26 6:31,7.97,24.07,-63.27
pH1,4/5/26 6:32,7.97,24.07,-63.17
pH1,4/5/26 6:33,7.97,24.1,-63.27
pH1,4/5/26 6:34,7.97,24.1,-63.42
pH1,4/5/26 6:35,7.97,24.1,-63.41
pH1,4/5/26 6:36,7.97,24.1,-63.41
pH1,4/5/26 6:37,7.97,24.1,-63.41
pH1,4/5/26 6:38,7.97,24.1,-63.38
pH1,4/5/26 6:39,7.97,24.1,-63.38
pH1,4/5/26 6:40,7.97,24.1,-63.46
pH1,4/5/26 6:41,7.97,24.1,-63.53
pH1,4/5/26 6:42,7.97,24.1,-63.6
pH1,4/5/26 6:43,7.97,24.1,-63.71
pH1,4/5/26 6:44,7.98,24.1,-63.81
pH1,4/5/26 6:45,7.98,24.1,-63.94
pH1,4/5/26 6:46,7.98,24.12,-64.14
pH1,4/5/26 6:47,7.99,24.12,-64.49
pH1,4/5/26 6:48,8,24.15,-64.94
pH1,4/5/26 6:49,8.01,24.15,-65.64
pH1,4/5/26 6:50,8.01,24.17,-65.88
pH1,4/5/26 6:51,8.01,24.17,-66
pH1,4/5/26 6:52,8.02,24.17,-66.06
pH1,4/5/26 6:53,8.01,24.17,-65.85
pH1,4/5/26 6:54,8.01,24.17,-65.64
pH1,4/5/26 6:55,8.01,24.17,-65.64
pH1,4/5/26 6:56,8.01,24.19,-65.83
pH1,4/5/26 6:57,8.01,24.19,-65.81
pH1,4/5/26 6:58,8.01,24.19,-65.78
pH1,4/5/26 6:59,8.02,24.19,-66.08
pH1,4/5/26 7:00,8.02,24.19,-66.46
pH1,4/5/26 7:01,8.03,24.24,-67.17
pH1,4/5/26 7:02,8.04,24.27,-67.74
pH1,4/5/26 7:03,8.05,24.27,-68.14
pH1,4/5/26 7:04,8.05,24.29,-68.3
pH1,4/5/26 7:05,8.05,24.29,-68.3
pH1,4/5/26 7:06,8.06,24.32,-68.5
pH1,4/5/26 7:07,8.06,24.36,-68.88
pH1,4/5/26 7:08,8.07,24.39,-69.08
pH1,4/5/26 7:09,8.07,24.44,-69.06
pH1,4/5/26 7:10,8.07,24.46,-68.99
pH1,4/5/26 7:11,8.07,24.48,-68.99
pH1,4/5/26 7:12,8.06,24.51,-68.97
pH1,4/5/26 7:13,8.06,24.56,-68.97
pH1,4/5/26 7:14,8.06,24.56,-68.99
pH1,4/5/26 7:15,8.07,24.58,-69.05
pH1,4/5/26 7:16,8.06,24.56,-68.86
pH1,4/5/26 7:17,8.05,24.53,-68.17
pH1,4/5/26 7:18,8.06,24.58,-68.61
pH1,4/5/26 7:19,8.05,24.56,-68.17
pH1,4/5/26 7:20,8.04,24.56,-67.78
pH1,4/5/26 7:21,8.04,24.53,-67.28
pH1,4/5/26 7:22,8.03,24.53,-66.86
pH1,4/5/26 7:23,8.02,24.51,-66.5
pH1,4/5/26 7:24,8.02,24.48,-66.36
pH1,4/5/26 7:25,8.02,24.48,-66.28
pH1,4/5/26 7:26,8.02,24.46,-66.33
pH1,4/5/26 7:27,8.02,24.46,-66.46
pH1,4/5/26 7:28,8.02,24.46,-66.46
pH1,4/5/26 7:29,8.02,24.44,-66.52
pH1,4/5/26 7:30,8.02,24.41,-66.55
pH1,4/5/26 7:31,8.02,24.41,-66.47
pH1,4/5/26 7:32,8.02,24.39,-66.38
pH1,4/5/26 7:33,8.02,24.39,-66.33
pH1,4/5/26 7:34,8.02,24.39,-66.28
pH1,4/5/26 7:35,8.02,24.39,-66.24
pH1,4/5/26 7:36,8.02,24.36,-66.13
pH1,4/5/26 7:37,8.02,24.36,-66.11
pH1,4/5/26 7:38,8.02,24.34,-66.11
pH1,4/5/26 7:39,8.02,24.32,-66.22
pH1,4/5/26 7:40,8.02,24.32,-66.3
pH1,4/5/26 7:41,8.02,24.32,-66.42
pH1,4/5/26 7:42,8.02,24.32,-66.52
pH1,4/5/26 7:43,8.03,24.29,-66.72
pH1,4/5/26 7:44,8.03,24.29,-67.14
pH1,4/5/26 7:45,8.05,24.32,-67.85
pH1,4/5/26 7:46,8.07,24.36,-69
pH1,4/5/26 7:47,8.08,24.44,-69.58
pH1,4/5/26 7:48,8.09,24.51,-70.22
pH1,4/5/26 7:49,8.09,24.56,-70.66
pH1,4/5/26 7:50,8.1,24.58,-70.88
pH1,4/5/26 7:51,8.1,24.6,-71.08
pH1,4/5/26 7:52,8.1,24.63,-71.22
pH1,4/5/26 7:53,8.11,24.65,-71.36
pH1,4/5/26 7:54,8.11,24.65,-71.61
pH1,4/5/26 7:55,8.11,24.65,-71.88
pH1,4/5/26 7:56,8.12,24.68,-71.91
pH1,4/5/26 7:57,8.12,24.7,-72
pH1,4/5/26 7:58,8.12,24.7,-72.3
pH1,4/5/26 7:59,8.12,24.7,-72.3
pH1,4/5/26 8:00,8.12,24.73,-72.1
pH1,4/5/26 8:01,8.12,24.73,-72.14
pH1,4/5/26 8:02,8.13,24.77,-72.69
pH1,4/5/26 8:03,8.13,24.77,-73
pH1,4/5/26 8:04,8.13,24.8,-72.69
pH1,4/5/26 8:05,8.13,24.82,-72.56
pH1,4/5/26 8:06,8.12,24.85,-72.5
pH1,4/5/26 8:07,8.12,24.85,-72.5
pH1,4/5/26 8:08,8.13,24.85,-72.56
pH1,4/5/26 8:09,8.13,24.87,-72.67
pH1,4/5/26 8:10,8.12,24.87,-72.5
pH1,4/5/26 8:11,8.12,24.9,-72.49
pH1,4/5/26 8:12,8.12,24.87,-72.5
pH1,4/5/26 8:13,8.13,24.9,-72.64
pH1,4/5/26 8:14,8.13,24.87,-72.91
pH1,4/5/26 8:15,8.13,24.9,-72.91
pH1,4/5/26 8:16,8.14,24.87,-73.17
pH1,4/5/26 8:17,8.13,24.9,-73.05
pH1,4/5/26 8:18,8.14,24.9,-73.42
pH1,4/5/26 8:19,8.14,24.9,-73.52
pH1,4/5/26 8:20,8.14,24.92,-73.55
pH1,4/5/26 8:21,8.15,24.94,-73.85
pH1,4/5/26 8:22,8.15,24.94,-73.74
pH1,4/5/26 8:23,8.15,24.94,-73.75
pH1,4/5/26 8:24,8.15,24.94,-73.83
pH1,4/5/26 8:25,8.14,24.97,-73.71
pH1,4/5/26 8:26,8.15,24.97,-73.77
pH1,4/5/26 8:27,8.15,24.99,-73.89
pH1,4/5/26 8:28,8.15,24.97,-73.85
pH1,4/5/26 8:29,8.15,24.99,-74.03
pH1,4/5/26 8:30,8.16,24.97,-74.31
pH1,4/5/26 8:31,8.17,24.99,-74.94
pH1,4/5/26 8:32,8.18,24.99,-75.74
pH1,4/5/26 8:33,8.18,24.99,-75.89
pH1,4/5/26 8:34,8.17,24.99,-75.36
pH1,4/5/26 8:35,8.16,24.99,-74.81
pH1,4/5/26 8:36,8.16,25.02,-74.55
pH1,4/5/26 8:37,8.16,25.06,-74.52
pH1,4/5/26 8:38,8.16,25.04,-74.44
pH1,4/5/26 8:39,8.16,25.04,-74.41
pH1,4/5/26 8:40,8.16,25.06,-74.52
pH1,4/5/26 8:41,8.16,25.06,-74.75
pH1,4/5/26 8:42,8.16,25.09,-74.77
pH1,4/5/26 8:43,8.16,25.11,-74.72
pH1,4/5/26 8:44,8.17,25.11,-74.91
pH1,4/5/26 8:45,8.16,25.11,-74.89
pH1,4/5/26 8:46,8.17,25.11,-74.92
pH1,4/5/26 8:47,8.16,25.14,-74.8
pH1,4/5/26 8:48,8.17,25.16,-74.91
pH1,4/5/26 8:49,8.17,25.16,-75.13
pH1,4/5/26 8:50,8.17,25.16,-75.41
pH1,4/5/26 8:51,8.14,25.14,-73.28
pH1,4/5/26 8:52,8.14,25.14,-73.69
pH1,4/5/26 8:53,8.15,25.14,-74
pH1,4/5/26 8:54,8.15,25.14,-74.1
pH1,4/5/26 8:55,8.16,25.16,-74.47
pH1,4/5/26 8:56,8.16,25.16,-74.75
pH1,4/5/26 8:57,8.16,25.16,-74.38
pH1,4/5/26 8:58,8.14,25.09,-73.61
pH1,4/5/26 8:59,8.15,25.09,-74.24
pH1,4/5/26 9:00,8.17,25.14,-75.16
pH1,4/5/26 9:01,8.17,25.16,-75.39
pH1,4/5/26 9:02,8.17,25.16,-75.31
pH1,4/5/26 9:03,8.17,25.14,-74.92
pH1,4/5/26 9:04,8.17,25.16,-75.38
pH1,4/5/26 9:05,8.18,25.19,-75.85
pH1,4/5/26 9:06,8.14,25.14,-73.27
pH1,4/5/26 9:07,8.12,25.09,-72
pH1,4/5/26 9:08,8.11,25.06,-71.77
pH1,4/5/26 9:09,8.11,25.04,-71.8
pH1,4/5/26 9:10,8.12,25.02,-72.44
pH1,4/5/26 9:11,8.13,24.99,-72.83
pH1,4/5/26 9:12,8.13,24.97,-72.6
pH1,4/5/26 9:13,8.13,24.97,-72.63
pH1,4/5/26 9:14,8.13,24.94,-72.71
pH1,4/5/26 9:15,8.14,24.97,-73.63
pH1,4/5/26 9:16,8.13,24.97,-73.03
pH1,4/5/26 9:17,8.15,24.97,-73.96
pH1,4/5/26 9:18,8.15,24.99,-73.72
pH1,4/5/26 9:19,8.14,24.97,-73.6
pH1,4/5/26 9:20,8.15,25.02,-74.08
pH1,4/5/26 9:21,8.15,24.97,-73.8
pH1,4/5/26 9:22,8.15,24.97,-73.89
pH1,4/5/26 9:23,8.14,24.97,-73.44
pH1,4/5/26 9:24,8.13,24.94,-72.97
pH1,4/5/26 9:25,8.13,24.94,-73.02
pH1,4/5/26 9:26,8.13,24.92,-73.03
pH1,4/5/26 9:27,8.14,24.92,-73.33
pH1,4/5/26 9:28,8.15,24.92,-73.78
pH1,4/5/26 9:29,8.14,24.9,-73.3
pH1,4/5/26 9:30,8.13,24.9,-73.06
pH1,4/5/26 9:31,8.13,24.87,-72.75
pH1,4/5/26 9:32,8.13,24.87,-72.72
pH1,4/5/26 9:33,8.13,24.85,-72.83
pH1,4/5/26 9:34,8.15,24.9,-74.16
pH1,4/5/26 9:35,8.16,24.92,-74.75
pH1,4/5/26 9:36,8.16,24.9,-74.67
pH1,4/5/26 9:37,8.16,24.9,-74.74
pH1,4/5/26 9:38,8.17,24.92,-75.21
pH1,4/5/26 9:39,8.16,24.9,-74.78
pH1,4/5/26 9:40,8.16,24.9,-74.8
pH1,4/5/26 9:41,8.17,24.87,-74.92
pH1,4/5/26 9:42,8.18,24.87,-75.47
pH1,4/5/26 9:43,8.19,24.9,-76.27
pH1,4/5/26 9:44,8.18,24.9,-75.94
pH1,4/5/26 9:45,8.19,24.9,-76.3
pH1,4/5/26 9:46,8.21,24.97,-77.35
pH1,4/5/26 9:47,8.22,24.99,-77.81
pH1,4/5/26 9:48,8.22,25.04,-77.92
pH1,4/5/26 9:49,8.22,25.09,-78.1
pH1,4/5/26 9:50,8.22,25.14,-78.16
pH1,4/5/26 9:51,8.2,25.09,-76.77
pH1,4/5/26 9:52,8.21,25.16,-77.44
pH1,4/5/26 9:53,8.21,25.21,-77.72
pH1,4/5/26 9:54,8.22,25.26,-78
pH1,4/5/26 9:55,8.22,25.31,-77.86
pH1,4/5/26 9:56,8.21,25.28,-77.31
pH1,4/5/26 9:57,8.18,25.23,-75.71
pH1,4/5/26 9:58,8.16,25.19,-74.88
pH1,4/5/26 9:59,8.16,25.16,-74.69
pH1,4/5/26 10:00,8.16,25.14,-74.77
pH1,4/5/26 10:01,8.17,25.11,-75.28
pH1,4/5/26 10:02,8.19,25.11,-76.16
pH1,4/5/26 10:03,8.19,25.11,-76.08
pH1,4/5/26 10:04,8.18,25.09,-75.78
pH1,4/5/26 10:05,8.17,25.06,-75.3
pH1,4/5/26 10:06,8.17,25.06,-75.02
pH1,4/5/26 10:07,8.19,25.06,-76.13
pH1,4/5/26 10:08,8.2,25.09,-76.66
pH1,4/5/26 10:09,8.21,25.09,-77.3
pH1,4/5/26 10:10,8.21,25.09,-77.28
pH1,4/5/26 10:11,8.2,25.09,-76.92
pH1,4/5/26 10:12,8.19,25.06,-76.53
pH1,4/5/26 10:13,8.2,25.09,-77.08
pH1,4/5/26 10:14,8.2,25.06,-76.99
pH1,4/5/26 10:15,8.2,25.11,-76.96
pH1,4/5/26 10:16,8.21,25.19,-77.35
pH1,4/5/26 10:17,8.2,25.16,-76.99
pH1,4/5/26 10:18,8.19,25.14,-76.22
pH1,4/5/26 10:19,8.18,25.11,-75.64
pH1,4/5/26 10:20,8.19,25.11,-76.28
pH1,4/5/26 10:21,8.2,25.14,-76.8
pH1,4/5/26 10:22,8.22,25.14,-77.88
pH1,4/5/26 10:23,8.23,25.21,-78.71
pH1,4/5/26 10:24,8.23,25.23,-78.56
pH1,4/5/26 10:25,8.23,25.31,-78.86
pH1,4/5/26 10:26,8.23,25.36,-78.86
pH1,4/5/26 10:27,8.23,25.33,-78.42
pH1,4/5/26 10:28,8.22,25.4,-78.36
pH1,4/5/26 10:29,8.18,25.33,-75.66
pH1,4/5/26 10:30,8.15,25.28,-73.94
pH1,4/5/26 10:31,8.14,25.23,-73.33
pH1,4/5/26 10:32,8.14,25.21,-73.63
pH1,4/5/26 10:33,8.15,25.19,-73.83
pH1,4/5/26 10:34,8.18,25.23,-75.71
pH1,4/5/26 10:35,8.2,25.31,-77.05
pH1,4/5/26 10:36,8.19,25.31,-76.17
pH1,4/5/26 10:37,8.16,25.23,-74.86
pH1,4/5/26 10:38,8.15,25.19,-74.21
pH1,4/5/26 10:39,8.16,25.19,-74.38
pH1,4/5/26 10:40,8.15,25.16,-74.11
pH1,4/5/26 10:41,8.17,25.19,-75.44
pH1,4/5/26 10:42,8.18,25.16,-75.67
pH1,4/5/26 10:43,8.21,25.23,-77.6
pH1,4/5/26 10:44,8.22,25.23,-77.85
pH1,4/5/26 10:45,8.21,25.21,-77.42
pH1,4/5/26 10:46,8.21,25.21,-77.42
pH1,4/5/26 10:47,8.19,25.16,-76.24
pH1,4/5/26 10:48,8.17,25.14,-75.08
pH1,4/5/26 10:49,8.16,25.09,-74.63
pH1,4/5/26 10:50,8.17,25.09,-75.05
pH1,4/5/26 10:51,8.21,25.19,-77.31
pH1,4/5/26 10:52,8.22,25.19,-77.85
pH1,4/5/26 10:53,8.23,25.19,-78.63
pH1,4/5/26 10:54,8.25,25.26,-79.97
pH1,4/5/26 10:55,8.25,25.23,-79.83
pH1,4/5/26 10:56,8.23,25.19,-78.72
pH1,4/5/26 10:57,8.22,25.16,-78.05
pH1,4/5/26 10:58,8.22,25.19,-78.27
pH1,4/5/26 10:59,8.22,25.19,-78.27
pH1,4/5/26 11:00,8.23,25.16,-78.71
pH1,4/5/26 11:01,8.25,25.21,-79.69
pH1,4/5/26 11:02,8.23,25.21,-78.94
pH1,4/5/26 11:03,8.23,25.19,-78.6
pH1,4/5/26 11:04,8.23,25.16,-78.88
pH1,4/5/26 11:05,8.23,25.16,-78.94
pH1,4/5/26 11:06,8.26,25.26,-80.39
pH1,4/5/26 11:07,8.23,25.21,-78.91
pH1,4/5/26 11:08,8.22,25.19,-78.3
pH1,4/5/26 11:09,8.22,25.19,-78.25
pH1,4/5/26 11:10,8.23,25.19,-78.41
pH1,4/5/26 11:11,8.22,25.16,-78.36
pH1,4/5/26 11:12,8.22,25.16,-78.05
pH1,4/5/26 11:13,8.21,25.16,-77.74
pH1,4/5/26 11:14,8.21,25.14,-77.25
pH1,4/5/26 11:15,8.19,25.14,-76.5
pH1,4/5/26 11:16,8.19,25.11,-76.56
pH1,4/5/26 11:17,8.2,25.11,-77.06
pH1,4/5/26 11:18,8.21,25.09,-77.75
pH1,4/5/26 11:19,8.23,25.09,-78.67
pH1,4/5/26 11:20,8.24,25.09,-79.1
pH1,4/5/26 11:21,8.25,25.09,-79.71
pH1,4/5/26 11:22,8.26,25.09,-80.24
pH1,4/5/26 11:23,8.28,25.09,-81.44
pH1,4/5/26 11:24,8.3,25.19,-82.82
pH1,4/5/26 11:25,8.31,25.21,-83.32
pH1,4/5/26 11:26,8.32,25.31,-83.89
pH1,4/5/26 11:27,8.31,25.36,-83.21
pH1,4/5/26 11:28,8.3,25.4,-82.58
pH1,4/5/26 11:29,8.29,25.45,-82.02
pH1,4/5/26 11:30,8.27,25.43,-81.1
pH1,4/5/26 11:31,8.25,25.45,-79.99
pH1,4/5/26 11:32,8.23,25.4,-78.56
pH1,4/5/26 11:33,8.22,25.38,-77.99
pH1,4/5/26 11:34,8.22,25.36,-77.91
pH1,4/5/26 11:35,8.22,25.33,-77.96
pH1,4/5/26 11:36,8.21,25.31,-77.58
pH1,4/5/26 11:37,8.2,25.31,-77.25
pH1,4/5/26 11:38,8.2,25.26,-76.74
pH1,4/5/26 11:39,8.19,25.23,-76.3
pH1,4/5/26 11:40,8.19,25.21,-76.28
pH1,4/5/26 11:41,8.19,25.21,-76.31
pH1,4/5/26 11:42,8.18,25.21,-75.83
pH1,4/5/26 11:43,8.18,25.19,-75.58
pH1,4/5/26 11:44,8.18,25.14,-75.61
pH1,4/5/26 11:45,8.18,25.11,-75.92
pH1,4/5/26 11:46,8.18,25.09,-75.99
pH1,4/5/26 11:47,8.18,25.06,-75.85
pH1,4/5/26 11:48,8.19,25.02,-76.39
pH1,4/5/26 11:49,8.2,24.99,-76.97
pH1,4/5/26 11:50,8.22,24.99,-77.86
pH1,4/5/26 11:51,8.23,24.99,-78.69
pH1,4/5/26 11:52,8.24,24.97,-78.99
pH1,4/5/26 11:53,8.25,24.97,-79.55
pH1,4/5/26 11:54,8.24,24.97,-79.41
pH1,4/5/26 11:55,8.24,24.94,-79.19
pH1,4/5/26 11:56,8.23,24.99,-78.89
pH1,4/5/26 11:57,8.22,24.97,-78.17
pH1,4/5/26 11:58,8.22,24.97,-77.86
pH1,4/5/26 11:59,8.22,24.97,-77.83
pH1,4/5/26 12:00,8.22,24.97,-77.85
pH1,4/5/26 12:01,8.21,24.97,-77.39
pH1,4/5/26 12:02,8.2,24.92,-76.6
pH1,4/5/26 12:03,8.17,24.9,-75.35
pH1,4/5/26 12:04,8.15,24.9,-74.27
pH1,4/5/26 12:05,8.15,24.87,-73.69
pH1,4/5/26 12:06,8.15,24.87,-73.91
pH1,4/5/26 12:07,8.15,24.85,-74.02
pH1,4/5/26 12:08,8.15,24.82,-73.81
pH1,4/5/26 12:09,8.15,24.82,-74.06
pH1,4/5/26 12:10,8.17,24.82,-74.83
pH1,4/5/26 12:11,8.19,24.87,-76.36
pH1,4/5/26 12:12,8.22,24.94,-77.8
pH1,4/5/26 12:13,8.22,24.99,-78.1
pH1,4/5/26 12:14,8.19,24.92,-76.25
pH1,4/5/26 12:15,8.2,24.94,-76.99
pH1,4/5/26 12:16,8.21,24.94,-77.67
pH1,4/5/26 12:17,8.23,24.99,-78.44
pH1,4/5/26 12:18,8.24,25.02,-79.06
pH1,4/5/26 12:19,8.25,25.09,-79.53
pH1,4/5/26 12:20,8.26,25.14,-80.17
pH1,4/5/26 12:21,8.26,25.16,-80.16
pH1,4/5/26 12:22,8.24,25.21,-79.42
pH1,4/5/26 12:23,8.2,25.19,-77.19
pH1,4/5/26 12:24,8.18,25.14,-75.97
pH1,4/5/26 12:25,8.2,25.14,-76.96
pH1,4/5/26 12:26,8.23,25.21,-78.67
pH1,4/5/26 12:27,8.21,25.16,-77.46
pH1,4/5/26 12:28,8.2,25.14,-77.06
pH1,4/5/26 12:29,8.21,25.14,-77.63
pH1,4/5/26 12:30,8.21,25.11,-77.49
pH1,4/5/26 12:31,8.19,25.09,-76.55
pH1,4/5/26 12:32,8.18,25.06,-75.86
pH1,4/5/26 12:33,8.18,25.06,-75.86
pH1,4/5/26 12:34,8.18,25.04,-75.47
pH1,4/5/26 12:35,8.18,25.02,-75.63
pH1,4/5/26 12:36,8.19,25.04,-76.36
pH1,4/5/26 12:37,8.2,25.04,-77.19
pH1,4/5/26 12:38,8.22,25.02,-77.94
pH1,4/5/26 12:39,8.24,25.09,-79.42
pH1,4/5/26 12:40,8.26,25.09,-80.22
pH1,4/5/26 12:41,8.26,25.11,-80.36
pH1,4/5/26 12:42,8.26,25.09,-80.49
pH1,4/5/26 12:43,8.25,25.09,-79.88
pH1,4/5/26 12:44,8.25,25.11,-79.78
pH1,4/5/26 12:45,8.23,25.06,-78.85
pH1,4/5/26 12:46,8.22,25.04,-78.28
pH1,4/5/26 12:47,8.22,25.02,-77.81
pH1,4/5/26 12:48,8.2,25.02,-77.14
pH1,4/5/26 12:49,8.18,24.99,-75.47
pH1,4/5/26 12:50,8.19,24.97,-76.24
pH1,4/5/26 12:51,8.21,24.94,-77.25
pH1,4/5/26 12:52,8.22,24.94,-78.14
pH1,4/5/26 12:53,8.25,24.97,-79.75
pH1,4/5/26 12:54,8.27,25.02,-80.86
pH1,4/5/26 12:55,8.26,24.99,-80.41
pH1,4/5/26 12:56,8.27,24.99,-80.92
pH1,4/5/26 12:57,8.28,25.06,-81.53
pH1,4/5/26 12:58,8.26,25.06,-80.22
pH1,4/5/26 12:59,8.27,25.11,-81.13
pH1,4/5/26 13:00,8.28,25.21,-81.81
pH1,4/5/26 13:01,8.29,25.23,-82
pH1,4/5/26 13:02,8.26,25.16,-80.28
pH1,4/5/26 13:03,8.25,25.16,-79.99
pH1,4/5/26 13:04,8.26,25.16,-80.17
pH1,4/5/26 13:05,8.27,25.16,-80.72
pH1,4/5/26 13:06,8.27,25.14,-80.71
pH1,4/5/26 13:07,8.26,25.14,-80.52
pH1,4/5/26 13:08,8.26,25.11,-80.47
pH1,4/5/26 13:09,8.27,25.09,-80.71
pH1,4/5/26 13:10,8.27,25.11,-80.92
pH1,4/5/26 13:11,8.28,25.09,-81.41
pH1,4/5/26 13:12,8.29,25.06,-81.92
pH1,4/5/26 13:13,8.29,25.06,-81.96
pH1,4/5/26 13:14,8.28,25.04,-81.77
pH1,4/5/26 13:15,8.29,25.04,-81.83
pH1,4/5/26 13:16,8.27,25.02,-81.14
pH1,4/5/26 13:17,8.26,25.02,-80.63
pH1,4/5/26 13:18,8.26,24.99,-80.38
pH1,4/5/26 13:19,8.25,24.94,-79.49
pH1,4/5/26 13:20,8.22,24.94,-77.85
pH1,4/5/26 13:21,8.19,24.92,-76.08
pH1,4/5/26 13:22,8.19,24.87,-76.19
pH1,4/5/26 13:23,8.17,24.8,-75.33
pH1,4/5/26 13:24,8.17,24.8,-75.33
pH1,4/5/26 13:25,8.19,24.75,-75.99
pH1,4/5/26 13:26,8.2,24.75,-76.78
pH1,4/5/26 13:27,8.22,24.73,-77.83
pH1,4/5/26 13:28,8.24,24.73,-78.97
pH1,4/5/26 13:29,8.26,24.75,-80.33
pH1,4/5/26 13:30,8.28,24.75,-81.3
pH1,4/5/26 13:31,8.29,24.75,-82.25
pH1,4/5/26 13:32,8.3,24.73,-82.63
pH1,4/5/26 13:33,8.31,24.73,-83.28
pH1,4/5/26 13:34,8.32,24.73,-84.02
pH1,4/5/26 13:35,8.34,24.73,-84.67
pH1,4/5/26 13:36,8.35,24.75,-85.46
pH1,4/5/26 13:37,8.35,24.75,-85.57
pH1,4/5/26 13:38,8.35,24.8,-85.41
pH1,4/5/26 13:39,8.33,24.77,-84.63
pH1,4/5/26 13:40,8.33,24.82,-84.49
pH1,4/5/26 13:41,8.33,24.85,-84.38
pH1,4/5/26 13:42,8.32,24.85,-83.92
pH1,4/5/26 13:43,8.31,24.87,-83.46
pH1,4/5/26 13:44,8.31,24.92,-83.49
pH1,4/5/26 13:45,8.32,24.9,-83.57
pH1,4/5/26 13:46,8.32,24.92,-83.96
pH1,4/5/26 13:47,8.33,24.92,-84.33
pH1,4/5/26 13:48,8.34,24.94,-84.75
pH1,4/5/26 13:49,8.34,24.92,-84.78
pH1,4/5/26 13:50,8.34,24.92,-84.77
pH1,4/5/26 13:51,8.26,24.97,-80.64
pH1,4/5/26 13:52,8.29,24.99,-81.99
pH1,4/5/26 13:53,8.31,24.99,-83.22
pH1,4/5/26 13:54,8.32,24.97,-83.71
pH1,4/5/26 13:55,8.33,25.02,-84.16
pH1,4/5/26 13:56,8.33,25.04,-84.25
pH1,4/5/26 13:57,8.31,25.04,-83.39
pH1,4/5/26 13:58,8.32,25.06,-83.99
pH1,4/5/26 13:59,8.33,25.14,-84.33
pH1,4/5/26 14:00,8.31,25.14,-83.03
pH1,4/5/26 14:01,8.31,25.14,-83.19
pH1,4/5/26 14:02,8.3,25.16,-82.94
pH1,4/5/26 14:03,8.25,25.11,-79.74
pH1,4/5/26 14:04,8.21,25.09,-77.41
pH1,4/5/26 14:05,8.2,25.06,-77.16
pH1,4/5/26 14:06,8.21,25.04,-77.3
pH1,4/5/26 14:07,8.22,24.99,-77.97
pH1,4/5/26 14:08,8.21,24.99,-77.33
pH1,4/5/26 14:09,8.2,24.97,-77.08
pH1,4/5/26 14:10,8.2,24.94,-76.97
pH1,4/5/26 14:11,8.2,24.94,-76.81
pH1,4/5/26 14:12,8.2,24.94,-77.06
pH1,4/5/26 14:13,8.22,24.92,-77.86
pH1,4/5/26 14:14,8.23,24.92,-78.8
pH1,4/5/26 14:15,8.24,24.87,-79.06
pH1,4/5/26 14:16,8.24,24.85,-79.14
pH1,4/5/26 14:17,8.24,24.85,-79.19
pH1,4/5/26 14:18,8.24,24.82,-78.97
pH1,4/5/26 14:19,8.23,24.82,-78.72
pH1,4/5/26 14:20,8.24,24.8,-79.11
pH1,4/5/26 14:21,8.25,24.82,-79.58
pH1,4/5/26 14:22,8.25,24.8,-79.78
pH1,4/5/26 14:23,8.26,24.77,-80.03
pH1,4/5/26 14:24,8.25,24.77,-79.75
pH1,4/5/26 14:25,8.25,24.77,-79.6
pH1,4/5/26 14:26,8.25,24.73,-79.64
pH1,4/5/26 14:27,8.26,24.73,-80.19
pH1,4/5/26 14:28,8.27,24.73,-80.6
pH1,4/5/26 14:29,8.28,24.7,-81.22
pH1,4/5/26 14:30,8.28,24.7,-81.35
pH1,4/5/26 14:31,8.29,24.73,-81.94
pH1,4/5/26 14:32,8.3,24.7,-82.86
pH1,4/5/26 14:33,8.31,24.7,-83.22
pH1,4/5/26 14:34,8.32,24.7,-83.99
pH1,4/5/26 14:35,8.33,24.7,-84.25
pH1,4/5/26 14:36,8.32,24.73,-84.02
pH1,4/5/26 14:37,8.32,24.73,-83.69
pH1,4/5/26 14:38,8.31,24.7,-83.32
pH1,4/5/26 14:39,8.31,24.7,-83.19
pH1,4/5/26 14:40,8.31,24.7,-82.94
pH1,4/5/26 14:41,8.3,24.7,-82.47
pH1,4/5/26 14:42,8.3,24.65,-82.44
pH1,4/5/26 14:43,8.29,24.65,-82.27
pH1,4/5/26 14:44,8.3,24.65,-82.52
pH1,4/5/26 14:45,8.32,24.65,-83.49
pH1,4/5/26 14:46,8.31,24.65,-83.39
pH1,4/5/26 14:47,8.31,24.65,-83.24
pH1,4/5/26 14:48,8.32,24.63,-83.58
pH1,4/5/26 14:49,8.33,24.65,-84.42
pH1,4/5/26 14:50,8.34,24.65,-85.1
pH1,4/5/26 14:51,8.33,24.65,-84.57
pH1,4/5/26 14:52,8.33,24.63,-84.24
pH1,4/5/26 14:53,8.33,24.63,-84.32
pH1,4/5/26 14:54,8.33,24.63,-84.38
pH1,4/5/26 14:55,8.33,24.6,-84.42
pH1,4/5/26 14:56,8.33,24.63,-84.25
pH1,4/5/26 14:57,8.32,24.63,-83.61
pH1,4/5/26 14:58,8.32,24.6,-83.71
pH1,4/5/26 14:59,8.33,24.6,-84.05
pH1,4/5/26 15:00,8.34,24.6,-84.71
pH1,4/5/26 15:01,8.35,24.6,-85.32
pH1,4/5/26 15:02,8.36,24.63,-86
pH1,4/5/26 15:03,8.37,24.65,-86.52
pH1,4/5/26 15:04,8.37,24.65,-86.58
pH1,4/5/26 15:05,8.36,24.63,-85.83
pH1,4/5/26 15:06,8.35,24.63,-85.5
pH1,4/5/26 15:07,8.34,24.6,-85
pH1,4/5/26 15:08,8.34,24.63,-84.64
pH1,4/5/26 15:09,8.32,24.63,-83.89
pH1,4/5/26 15:10,8.31,24.63,-83.22
pH1,4/5/26 15:11,8.31,24.6,-83.38
pH1,4/5/26 15:12,8.31,24.63,-83.28
pH1,4/5/26 15:13,8.31,24.6,-83.11
pH1,4/5/26 15:14,8.31,24.6,-83.21
pH1,4/5/26 15:15,8.33,24.6,-84.1
pH1,4/5/26 15:16,8.34,24.63,-84.61
pH1,4/5/26 15:17,8.32,24.68,-84.02
pH1,4/5/26 15:18,8.33,24.7,-84.16
pH1,4/5/26 15:19,8.33,24.7,-84.25
pH1,4/5/26 15:20,8.33,24.73,-84.39
pH1,4/5/26 15:21,8.32,24.75,-83.88
pH1,4/5/26 15:22,8.31,24.73,-83.39
pH1,4/5/26 15:23,8.3,24.73,-82.89
pH1,4/5/26 15:24,8.28,24.73,-81.66
pH1,4/5/26 15:25,8.27,24.7,-80.6
pH1,4/5/26 15:26,8.26,24.68,-80.05
pH1,4/5/26 15:27,8.26,24.7,-80.13
pH1,4/5/26 15:28,8.27,24.7,-81.06
pH1,4/5/26 15:29,8.29,24.7,-81.91
pH1,4/5/26 15:30,8.28,24.7,-81.6
pH1,4/5/26 15:31,8.28,24.73,-81.3
pH1,4/5/26 15:32,8.28,24.73,-81.28
pH1,4/5/26 15:33,8.29,24.75,-81.81
pH1,4/5/26 15:34,8.28,24.75,-81.63
pH1,4/5/26 15:35,8.28,24.75,-81.66
pH1,4/5/26 15:36,8.28,24.75,-81.44
pH1,4/5/26 15:37,8.28,24.75,-81.74
pH1,4/5/26 15:38,8.28,24.75,-81.5
pH1,4/5/26 15:39,8.28,24.75,-81.36
pH1,4/5/26 15:40,8.28,24.77,-81.47
pH1,4/5/26 15:41,8.28,24.75,-81.52
pH1,4/5/26 15:42,8.28,24.77,-81.33
pH1,4/5/26 15:43,8.28,24.77,-81.19
pH1,4/5/26 15:44,8.27,24.77,-81.03
pH1,4/5/26 15:45,8.28,24.77,-81.41
pH1,4/5/26 15:46,8.28,24.77,-81.74
pH1,4/5/26 15:47,8.29,24.77,-82.33
pH1,4/5/26 15:48,8.3,24.77,-82.44
pH1,4/5/26 15:49,8.3,24.77,-82.78
pH1,4/5/26 15:50,8.31,24.77,-82.94
pH1,4/5/26 15:51,8.31,24.8,-83.21
pH1,4/5/26 15:52,8.31,24.82,-83.14
pH1,4/5/26 15:53,8.3,24.85,-82.85
pH1,4/5/26 15:54,8.28,24.85,-81.41
pH1,4/5/26 15:55,8.24,24.8,-79.41
pH1,4/5/26 15:56,8.22,24.77,-77.89
pH1,4/5/26 15:57,8.2,24.75,-76.85
pH1,4/5/26 15:58,8.19,24.73,-76.22
pH1,4/5/26 15:59,8.19,24.7,-76.08
pH1,4/5/26 16:00,8.19,24.68,-76.35
pH1,4/5/26 16:01,8.2,24.65,-76.71
pH1,4/5/26 16:02,8.2,24.63,-77.05
pH1,4/5/26 16:03,8.2,24.63,-76.99
pH1,4/5/26 16:04,8.2,24.58,-77
pH1,4/5/26 16:05,8.2,24.58,-77
pH1,4/5/26 16:06,8.21,24.56,-77.36
pH1,4/5/26 16:07,8.22,24.56,-77.8
pH1,4/5/26 16:08,8.23,24.56,-78.31
pH1,4/5/26 16:09,8.23,24.53,-78.69
pH1,4/5/26 16:10,8.24,24.53,-78.88
pH1,4/5/26 16:11,8.24,24.53,-79.28
pH1,4/5/26 16:12,8.26,24.56,-80.19
pH1,4/5/26 16:13,8.28,24.58,-81.14
pH1,4/5/26 16:14,8.28,24.58,-81.55
pH1,4/5/26 16:15,8.29,24.6,-81.78
pH1,4/5/26 16:16,8.29,24.6,-81.88
pH1,4/5/26 16:17,8.29,24.6,-82.19
pH1,4/5/26 16:18,8.3,24.6,-82.57
pH1,4/5/26 16:19,8.28,24.63,-81.64
pH1,4/5/26 16:20,8.28,24.63,-81.5
pH1,4/5/26 16:21,8.29,24.63,-81.78
pH1,4/5/26 16:22,8.29,24.63,-82.08
pH1,4/5/26 16:23,8.3,24.63,-82.36
pH1,4/5/26 16:24,8.3,24.63,-82.33
pH1,4/5/26 16:25,8.29,24.63,-82.19
pH1,4/5/26 16:26,8.29,24.63,-81.92
pH1,4/5/26 16:27,8.28,24.63,-81.52
pH1,4/5/26 16:28,8.28,24.63,-81.42
pH1,4/5/26 16:29,8.28,24.63,-81.21
pH1,4/5/26 16:30,8.27,24.65,-81.13
pH1,4/5/26 16:31,8.27,24.65,-80.92
pH1,4/5/26 16:32,8.27,24.65,-81.1
pH1,4/5/26 16:33,8.28,24.65,-81.21
pH1,4/5/26 16:34,8.28,24.65,-81.49
pH1,4/5/26 16:35,8.28,24.65,-81.72
pH1,4/5/26 16:36,8.28,24.68,-81.21
pH1,4/5/26 16:37,8.27,24.68,-80.67
pH1,4/5/26 16:38,8.26,24.68,-80.17
pH1,4/5/26 16:39,8.26,24.68,-80.25
pH1,4/5/26 16:40,8.27,24.68,-80.72
pH1,4/5/26 16:41,8.26,24.68,-80.53
pH1,4/5/26 16:42,8.26,24.68,-80.11
pH1,4/5/26 16:43,8.25,24.68,-79.81
pH1,4/5/26 16:44,8.24,24.65,-79.39
pH1,4/5/26 16:45,8.24,24.65,-79.33
pH1,4/5/26 16:46,8.24,24.65,-79.13
pH1,4/5/26 16:47,8.24,24.65,-79.11
pH1,4/5/26 16:48,8.24,24.65,-79.13
pH1,4/5/26 16:49,8.24,24.65,-78.86
pH1,4/5/26 16:50,8.23,24.63,-78.56
pH1,4/5/26 16:51,8.21,24.63,-77.58
pH1,4/5/26 16:52,8.2,24.63,-76.69
pH1,4/5/26 16:53,8.18,24.6,-75.75
pH1,4/5/26 16:54,8.17,24.58,-75.24
pH1,4/5/26 16:55,8.17,24.58,-74.91
pH1,4/5/26 16:56,8.16,24.56,-74.67
pH1,4/5/26 16:57,8.16,24.53,-74.27
pH1,4/5/26 16:58,8.15,24.53,-73.69
pH1,4/5/26 16:59,8.14,24.53,-73.27
pH1,4/5/26 17:00,8.13,24.53,-72.92
pH1,4/5/26 17:01,8.13,24.51,-72.78
pH1,4/5/26 17:02,8.13,24.51,-72.71
pH1,4/5/26 17:03,8.12,24.51,-72.42
pH1,4/5/26 17:04,8.12,24.48,-71.96
pH1,4/5/26 17:05,8.11,24.48,-71.67
pH1,4/5/26 17:06,8.11,24.48,-71.58
pH1,4/5/26 17:07,8.11,24.48,-71.64
pH1,4/5/26 17:08,8.11,24.48,-71.71
pH1,4/5/26 17:09,8.11,24.48,-71.66
pH1,4/5/26 17:10,8.11,24.48,-71.3
pH1,4/5/26 17:11,8.1,24.48,-71.02
pH1,4/5/26 17:12,8.1,24.48,-70.88
pH1,4/5/26 17:13,8.1,24.48,-70.86
pH1,4/5/26 17:14,8.1,24.46,-70.89
pH1,4/5/26 17:15,8.1,24.46,-70.94
pH1,4/5/26 17:16,8.1,24.46,-70.92
pH1,4/5/26 17:17,8.1,24.46,-71.11
pH1,4/5/26 17:18,8.11,24.46,-71.5
pH1,4/5/26 17:19,8.11,24.46,-71.72
pH1,4/5/26 17:20,8.11,24.46,-71.75
pH1,4/5/26 17:21,8.11,24.46,-71.64
pH1,4/5/26 17:22,8.11,24.46,-71.64
pH1,4/5/26 17:23,8.11,24.46,-71.66
pH1,4/5/26 17:24,8.11,24.46,-71.36
pH1,4/5/26 17:25,8.1,24.46,-71.22
pH1,4/5/26 17:26,8.1,24.46,-71.14
pH1,4/5/26 17:27,8.1,24.46,-71.13
pH1,4/5/26 17:28,8.1,24.46,-71.24
pH1,4/5/26 17:29,8.1,24.46,-71.19
pH1,4/5/26 17:30,8.1,24.46,-71.06
pH1,4/5/26 17:31,8.1,24.46,-70.86
pH1,4/5/26 17:32,8.09,24.46,-70.66
pH1,4/5/26 17:33,8.09,24.46,-70.42
pH1,4/5/26 17:34,8.09,24.46,-70.28
pH1,4/5/26 17:35,8.09,24.46,-70.25
pH1,4/5/26 17:36,8.09,24.46,-70.19
pH1,4/5/26 17:37,8.09,24.46,-70.25
pH1,4/5/26 17:38,8.09,24.46,-70.24
pH1,4/5/26 17:39,8.08,24.46,-70.11
pH1,4/5/26 17:40,8.08,24.46,-69.72
pH1,4/5/26 17:41,8.07,24.46,-69.22
pH1,4/5/26 17:42,8.06,24.44,-68.88
pH1,4/5/26 17:43,8.06,24.44,-68.58
pH1,4/5/26 17:44,8.05,24.44,-68.36
pH1,4/5/26 17:45,8.05,24.44,-68.19
pH1,4/5/26 17:46,8.05,24.44,-67.92
pH1,4/5/26 17:47,8.04,24.44,-67.61
pH1,4/5/26 17:48,8.04,24.44,-67.52
pH1,4/5/26 17:49,8.04,24.44,-67.46
pH1,4/5/26 17:50,8.04,24.44,-67.35
pH1,4/5/26 17:51,8.03,24.41,-67.21
pH1,4/5/26 17:52,8.03,24.41,-67.08
pH1,4/5/26 17:53,8.03,24.44,-67
pH1,4/5/26 17:54,8.03,24.44,-66.96
pH1,4/5/26 17:55,8.03,24.41,-66.89
pH1,4/5/26 17:56,8.03,24.41,-66.77
pH1,4/5/26 17:57,8.02,24.41,-66.58
pH1,4/5/26 17:58,8.02,24.41,-66.38
pH1,4/5/26 17:59,8.02,24.41,-66.27
pH1,4/5/26 18:00,8.02,24.41,-66.21
pH1,4/5/26 18:01,8.02,24.41,-66.14
pH1,4/5/26 18:02,8.01,24.41,-66.06
pH1,4/5/26 18:03,8.01,24.41,-65.97
pH1,4/5/26 18:04,8.01,24.41,-65.86
pH1,4/5/26 18:05,8.01,24.41,-65.86
pH1,4/5/26 18:06,8.01,24.41,-65.85
pH1,4/5/26 18:07,8.01,24.41,-65.77
pH1,4/5/26 18:08,8.01,24.41,-65.74
pH1,4/5/26 18:09,8.01,24.41,-65.74
pH1,4/5/26 18:10,8.01,24.41,-65.75
pH1,4/5/26 18:11,8.01,24.41,-65.71
pH1,4/5/26 18:12,8.01,24.41,-65.67
pH1,4/5/26 18:13,8.01,24.41,-65.61
pH1,4/5/26 18:14,8,24.41,-65.47
pH1,4/5/26 18:15,8,24.39,-65.3
pH1,4/5/26 18:16,8,24.39,-65.14
pH1,4/5/26 18:17,8,24.39,-64.96
pH1,4/5/26 18:18,7.99,24.39,-64.77
pH1,4/5/26 18:19,7.99,24.39,-64.58
pH1,4/5/26 18:20,7.99,24.39,-64.38
pH1,4/5/26 18:21,7.98,24.39,-64.21
pH1,4/5/26 18:22,7.98,24.39,-64.02
pH1,4/5/26 18:23,7.98,24.39,-63.81
pH1,4/5/26 18:24,7.97,24.39,-63.61
pH1,4/5/26 18:25,7.97,24.39,-63.44
pH1,4/5/26 18:26,7.97,24.39,-63.28
pH1,4/5/26 18:27,7.96,24.39,-63.14
pH1,4/5/26 18:28,7.96,24.39,-63
pH1,4/5/26 18:29,7.96,24.39,-62.88
pH1,4/5/26 18:30,7.96,24.41,-62.78
pH1,4/5/26 18:31,7.96,24.41,-62.74
pH1,4/5/26 18:32,7.96,24.41,-62.69
pH1,4/5/26 18:33,7.96,24.41,-62.69
pH1,4/5/26 18:34,7.96,24.41,-62.69
pH1,4/5/26 18:35,7.96,24.41,-62.66
pH1,4/5/26 18:36,7.96,24.41,-62.61
pH1,4/5/26 18:37,7.95,24.41,-62.5
pH1,4/5/26 18:38,7.95,24.41,-62.42
pH1,4/5/26 18:39,7.95,24.41,-62.41
pH1,4/5/26 18:40,7.95,24.41,-62.39
pH1,4/5/26 18:41,7.95,24.41,-62.33
pH1,4/5/26 18:42,7.95,24.41,-62.3
pH1,4/5/26 18:43,7.95,24.41,-62.24
pH1,4/5/26 18:44,7.95,24.41,-62.16
pH1,4/5/26 18:45,7.95,24.41,-62.1
pH1,4/5/26 18:46,7.94,24.41,-61.99
pH1,4/5/26 18:47,7.94,24.41,-61.91
pH1,4/5/26 18:48,7.94,24.39,-61.91
pH1,4/5/26 18:49,7.94,24.39,-61.94
pH1,4/5/26 18:50,7.94,24.39,-61.94
pH1,4/5/26 18:51,7.94,24.39,-61.85
pH1,4/5/26 18:52,7.94,24.39,-61.88
pH1,4/5/26 18:53,7.94,24.39,-61.94
pH1,4/5/26 18:54,7.94,24.39,-61.96
pH1,4/5/26 18:55,7.94,24.39,-62
pH1,4/5/26 18:56,7.94,24.39,-61.99
pH1,4/5/26 18:57,7.94,24.39,-61.96
pH1,4/5/26 18:58,7.94,24.39,-61.99
pH1,4/5/26 18:59,7.95,24.39,-62.08
pH1,4/5/26 19:00,7.95,24.39,-62.1
pH1,4/5/26 19:01,7.95,24.36,-62.06
pH1,4/5/26 19:02,7.94,24.36,-62.02
pH1,4/5/26 19:03,7.94,24.36,-62
pH1,4/5/26 19:04,7.95,24.36,-62.05
pH1,4/5/26 19:05,7.94,24.36,-62.02
pH1,4/5/26 19:06,7.94,24.36,-61.94
pH1,4/5/26 19:07,7.94,24.36,-61.78
pH1,4/5/26 19:08,7.94,24.34,-61.56
pH1,4/5/26 19:09,7.93,24.34,-61.41
pH1,4/5/26 19:10,7.93,24.34,-61.25
pH1,4/5/26 19:11,7.93,24.34,-61.17
pH1,4/5/26 19:12,7.93,24.34,-61.27
pH1,4/5/26 19:13,7.93,24.32,-61.39
pH1,4/5/26 19:14,7.93,24.32,-61.38
pH1,4/5/26 19:15,7.93,24.32,-61.36
pH1,4/5/26 19:16,7.93,24.32,-61.33
pH1,4/5/26 19:17,7.93,24.29,-61.28
pH1,4/5/26 19:18,7.93,24.29,-61.25
pH1,4/5/26 19:19,7.93,24.29,-61.28
pH1,4/5/26 19:20,7.93,24.29,-61.33
pH1,4/5/26 19:21,7.93,24.29,-61.31
pH1,4/5/26 19:22,7.93,24.27,-61.28
pH1,4/5/26 19:23,7.93,24.27,-61.38
pH1,4/5/26 19:24,7.94,24.27,-61.58
pH1,4/5/26 19:25,7.94,24.27,-61.67
pH1,4/5/26 19:26,7.94,24.24,-61.81
pH1,4/5/26 19:27,7.94,24.24,-61.96
pH1,4/5/26 19:28,7.95,24.24,-62.03
pH1,4/5/26 19:29,7.95,24.24,-62
pH1,4/5/26 19:30,7.95,24.24,-62.03
pH1,4/5/26 19:31,7.94,24.24,-61.97
pH1,4/5/26 19:32,7.94,24.22,-61.88
pH1,4/5/26 19:33,7.94,24.22,-61.8
pH1,4/5/26 19:34,7.94,24.22,-61.69
pH1,4/5/26 19:35,7.94,24.22,-61.61
pH1,4/5/26 19:36,7.94,24.24,-61.56
pH1,4/5/26 19:37,7.94,24.24,-61.49
pH1,4/5/26 19:38,7.93,24.22,-61.38
pH1,4/5/26 19:39,7.93,24.24,-61.27
pH1,4/5/26 19:40,7.93,24.24,-61.16
pH1,4/5/26 19:41,7.93,24.24,-61
pH1,4/5/26 19:42,7.92,24.24,-60.85
pH1,4/5/26 19:43,7.92,24.24,-60.67
pH1,4/5/26 19:44,7.92,24.24,-60.53
pH1,4/5/26 19:45,7.92,24.24,-60.44
pH1,4/5/26 19:46,7.92,24.24,-60.44
pH1,4/5/26 19:47,7.92,24.24,-60.41
pH1,4/5/26 19:48,7.92,24.24,-60.44
pH1,4/5/26 19:49,7.92,24.24,-60.38
pH1,4/5/26 19:50,7.92,24.24,-60.39
pH1,4/5/26 19:51,7.92,24.24,-60.5
pH1,4/5/26 19:52,7.92,24.24,-60.53
pH1,4/5/26 19:53,7.92,24.24,-60.64
pH1,4/5/26 19:54,7.92,24.24,-60.8
pH1,4/5/26 19:55,7.93,24.24,-60.91
pH1,4/5/26 19:56,7.93,24.24,-61.08
pH1,4/5/26 19:57,7.93,24.24,-61.19
pH1,4/5/26 19:58,7.93,24.27,-61.31
pH1,4/5/26 19:59,7.94,24.27,-61.92
pH1,4/5/26 20:00,7.95,24.27,-62.28
pH1,4/5/26 20:01,7.95,24.27,-62.38
pH1,4/5/26 20:02,7.95,24.27,-62.44
pH1,4/5/26 20:03,7.95,24.27,-62.44
pH1,4/5/26 20:04,7.95,24.24,-62.49
pH1,4/5/26 20:05,7.95,24.24,-62.47
pH1,4/5/26 20:06,7.95,24.24,-62.53
pH1,4/5/26 20:07,7.95,24.22,-62.44
pH1,4/5/26 20:08,7.95,24.22,-62.41
pH1,4/5/26 20:09,7.95,24.19,-62.36
pH1,4/5/26 20:10,7.95,24.19,-62.36
pH1,4/5/26 20:11,7.95,24.17,-62.42
pH1,4/5/26 20:12,7.95,24.17,-62.39
pH1,4/5/26 20:13,7.95,24.17,-62.27
pH1,4/5/26 20:14,7.95,24.15,-62.16
pH1,4/5/26 20:15,7.94,24.15,-61.97
pH1,4/5/26 20:16,7.94,24.12,-61.8
pH1,4/5/26 20:17,7.94,24.12,-61.75
pH1,4/5/26 20:18,7.94,24.12,-61.74
pH1,4/5/26 20:19,7.94,24.12,-61.66
pH1,4/5/26 20:20,7.94,24.12,-61.63
pH1,4/5/26 20:21,7.94,24.12,-61.46
pH1,4/5/26 20:22,7.93,24.12,-61.35
pH1,4/5/26 20:23,7.93,24.12,-61.31
pH1,4/5/26 20:24,7.93,24.12,-61.28
pH1,4/5/26 20:25,7.93,24.12,-61.27
pH1,4/5/26 20:26,7.93,24.12,-61.14
pH1,4/5/26 20:27,7.93,24.12,-61.05
pH1,4/5/26 20:28,7.93,24.12,-60.91
pH1,4/5/26 20:29,7.93,24.12,-60.85
pH1,4/5/26 20:30,7.93,24.12,-60.86
pH1,4/5/26 20:31,7.93,24.12,-60.97
pH1,4/5/26 20:32,7.93,24.15,-61.05
pH1,4/5/26 20:33,7.93,24.15,-61.03
pH1,4/5/26 20:34,7.93,24.15,-61.08
pH1,4/5/26 20:35,7.93,24.15,-61.19
pH1,4/5/26 20:36,7.93,24.15,-61.28
pH1,4/5/26 20:37,7.93,24.17,-61.16
pH1,4/5/26 20:38,7.93,24.17,-61.13
pH1,4/5/26 20:39,7.93,24.17,-61.28
pH1,4/5/26 20:40,7.94,24.17,-61.42
pH1,4/5/26 20:41,7.94,24.17,-61.47
pH1,4/5/26 20:42,7.94,24.17,-61.61
pH1,4/5/26 20:43,7.94,24.19,-61.85
pH1,4/5/26 20:44,7.94,24.19,-61.96
pH1,4/5/26 20:45,7.94,24.19,-61.97
pH1,4/5/26 20:46,7.94,24.19,-61.92
pH1,4/5/26 20:47,7.94,24.19,-61.92
pH1,4/5/26 20:48,7.94,24.19,-61.86
pH1,4/5/26 20:49,7.94,24.22,-61.81
pH1,4/5/26 20:50,7.94,24.19,-61.74
pH1,4/5/26 20:51,7.94,24.22,-61.71
pH1,4/5/26 20:52,7.94,24.22,-61.77
pH1,4/5/26 20:53,7.94,24.22,-61.83
pH1,4/5/26 20:54,7.94,24.22,-61.8
pH1,4/5/26 20:55,7.94,24.22,-61.86
pH1,4/5/26 20:56,7.95,24.22,-62.03
pH1,4/5/26 20:57,7.95,24.19,-62.1
pH1,4/5/26 20:58,7.95,24.19,-62.22
pH1,4/5/26 20:59,7.95,24.19,-62.27
pH1,4/5/26 21:00,7.95,24.19,-62.27
pH1,4/5/26 21:01,7.95,24.19,-62.27
pH1,4/5/26 21:02,7.95,24.19,-62.27
pH1,4/5/26 21:03,7.95,24.17,-62.11
pH1,4/5/26 21:04,7.95,24.17,-62.05
pH1,4/5/26 21:05,7.95,24.17,-62
pH1,4/5/26 21:06,7.95,24.17,-62.03
pH1,4/5/26 21:07,7.95,24.17,-62.11
pH1,4/5/26 21:08,7.95,24.17,-62.14
pH1,4/5/26 21:09,7.95,24.15,-62.17
pH1,4/5/26 21:10,7.95,24.15,-62.21
pH1,4/5/26 21:11,7.95,24.15,-62.31
pH1,4/5/26 21:12,7.95,24.12,-62.36
pH1,4/5/26 21:13,7.95,24.12,-62.36
pH1,4/5/26 21:14,7.95,24.12,-62.38
pH1,4/5/26 21:15,7.95,24.12,-62.41
pH1,4/5/26 21:16,7.95,24.12,-62.47
pH1,4/5/26 21:17,7.96,24.12,-62.66
pH1,4/5/26 21:18,7.96,24.12,-62.86
pH1,4/5/26 21:19,7.96,24.12,-63
pH1,4/5/26 21:20,7.96,24.1,-63.13
pH1,4/5/26 21:21,7.97,24.1,-63.22
pH1,4/5/26 21:22,7.96,24.1,-63.13
pH1,4/5/26 21:23,7.96,24.1,-63.06
pH1,4/5/26 21:24,7.96,24.1,-63.06
pH1,4/5/26 21:25,7.96,24.1,-63.13
pH1,4/5/26 21:26,7.97,24.1,-63.17
pH1,4/5/26 21:27,7.97,24.1,-63.14
pH1,4/5/26 21:28,7.96,24.1,-63.1
pH1,4/5/26 21:29,7.96,24.1,-63.13
pH1,4/5/26 21:30,7.96,24.1,-63.13
pH1,4/5/26 21:31,7.97,24.1,-63.22
pH1,4/5/26 21:32,7.97,24.1,-63.31
pH1,4/5/26 21:33,7.97,24.1,-63.31
pH1,4/5/26 21:34,7.97,24.1,-63.28
pH1,4/5/26 21:35,7.97,24.1,-63.27
pH1,4/5/26 21:36,7.97,24.1,-63.19
pH1,4/5/26 21:37,7.97,24.1,-63.27
pH1,4/5/26 21:38,7.97,24.12,-63.22
pH1,4/5/26 21:39,7.96,24.12,-63.13
pH1,4/5/26 21:40,7.96,24.12,-62.99
pH1,4/5/26 21:41,7.96,24.12,-62.83
pH1,4/5/26 21:42,7.96,24.12,-62.83
pH1,4/5/26 21:43,7.96,24.12,-62.86
pH1,4/5/26 21:44,7.96,24.12,-62.89
pH1,4/5/26 21:45,7.96,24.15,-62.91
pH1,4/5/26 21:46,7.96,24.15,-62.94
pH1,4/5/26 21:47,7.96,24.15,-62.89
pH1,4/5/26 21:48,7.96,24.15,-62.78
pH1,4/5/26 21:49,7.96,24.15,-62.74
pH1,4/5/26 21:50,7.96,24.15,-62.56
pH1,4/5/26 21:51,7.95,24.15,-62.44
pH1,4/5/26 21:52,7.95,24.15,-62.5
pH1,4/5/26 21:53,7.96,24.15,-62.66
pH1,4/5/26 21:54,7.96,24.17,-62.66
pH1,4/5/26 21:55,7.96,24.17,-62.74
pH1,4/5/26 21:56,7.96,24.17,-62.97
pH1,4/5/26 21:57,7.96,24.17,-63.06
pH1,4/5/26 21:58,7.96,24.17,-63.11
pH1,4/5/26 21:59,7.97,24.17,-63.22
pH1,4/5/26 22:00,7.97,24.17,-63.31
pH1,4/5/26 22:01,7.97,24.17,-63.38
pH1,4/5/26 22:02,7.97,24.17,-63.5
pH1,4/5/26 22:03,7.97,24.19,-63.61
pH1,4/5/26 22:04,7.97,24.19,-63.67
pH1,4/5/26 22:05,7.97,24.19,-63.71
pH1,4/5/26 22:06,7.97,24.19,-63.71
pH1,4/5/26 22:07,7.97,24.19,-63.72
pH1,4/5/26 22:08,7.97,24.19,-63.66
pH1,4/5/26 22:09,7.97,24.22,-63.64
pH1,4/5/26 22:10,7.97,24.22,-63.6
pH1,4/5/26 22:11,7.97,24.22,-63.52
pH1,4/5/26 22:12,7.97,24.22,-63.46
pH1,4/5/26 22:13,7.97,24.22,-63.39
pH1,4/5/26 22:14,7.97,24.22,-63.39
pH1,4/5/26 22:15,7.97,24.22,-63.33
pH1,4/5/26 22:16,7.97,24.22,-63.25
pH1,4/5/26 22:17,7.97,24.22,-63.16
pH1,4/5/26 22:18,7.96,24.22,-63.14
pH1,4/5/26 22:19,7.96,24.22,-63.11
pH1,4/5/26 22:20,7.96,24.22,-63.03
pH1,4/5/26 22:21,7.96,24.22,-62.91
pH1,4/5/26 22:22,7.96,24.22,-62.88
pH1,4/5/26 22:23,7.96,24.22,-62.83
pH1,4/5/26 22:24,7.96,24.22,-62.8
pH1,4/5/26 22:25,7.96,24.22,-62.8
pH1,4/5/26 22:26,7.96,24.22,-62.8
pH1,4/5/26 22:27,7.96,24.22,-62.8
pH1,4/5/26 22:28,7.96,24.22,-62.74
pH1,4/5/26 22:29,7.96,24.22,-62.67
pH1,4/5/26 22:30,7.96,24.22,-62.63
pH1,4/5/26 22:31,7.95,24.22,-62.56
pH1,4/5/26 22:32,7.95,24.22,-62.53
pH1,4/5/26 22:33,7.95,24.22,-62.53
pH1,4/5/26 22:34,7.95,24.22,-62.5
pH1,4/5/26 22:35,7.95,24.22,-62.47
pH1,4/5/26 22:36,7.95,24.22,-62.44
pH1,4/5/26 22:37,7.95,24.22,-62.38
pH1,4/5/26 22:38,7.95,24.22,-62.31
pH1,4/5/26 22:39,7.95,24.22,-62.25
pH1,4/5/26 22:40,7.95,24.22,-62.27
pH1,4/5/26 22:41,7.95,24.22,-62.25
pH1,4/5/26 22:42,7.95,24.22,-62.21
pH1,4/5/26 22:43,7.95,24.22,-62.14
pH1,4/5/26 22:44,7.95,24.22,-62.1
pH1,4/5/26 22:45,7.95,24.22,-62.13
pH1,4/5/26 22:46,7.95,24.22,-62.11
pH1,4/5/26 22:47,7.95,24.19,-62.1
pH1,4/5/26 22:48,7.95,24.19,-62.16
pH1,4/5/26 22:49,7.95,24.19,-62.14
pH1,4/5/26 22:50,7.95,24.19,-62.13
pH1,4/5/26 22:51,7.95,24.22,-62.17
pH1,4/5/26 22:52,7.95,24.22,-62.25
pH1,4/5/26 22:53,7.95,24.22,-62.19
pH1,4/5/26 22:54,7.95,24.22,-62.1
pH1,4/5/26 22:55,7.95,24.22,-62.05
pH1,4/5/26 22:56,7.95,24.22,-62.02
pH1,4/5/26 22:57,7.94,24.22,-61.97
pH1,4/5/26 22:58,7.94,24.22,-61.97
pH1,4/5/26 22:59,7.94,24.22,-61.97
pH1,4/5/26 23:00,7.95,24.22,-62
pH1,4/5/26 23:01,7.95,24.22,-62.1
pH1,4/5/26 23:02,7.95,24.22,-62.1
pH1,4/5/26 23:03,7.95,24.22,-62.11
pH1,4/5/26 23:04,7.95,24.22,-62.1
pH1,4/5/26 23:05,7.95,24.22,-62.06
pH1,4/5/26 23:06,7.95,24.22,-62.11
pH1,4/5/26 23:07,7.95,24.22,-62.25
pH1,4/5/26 23:08,7.95,24.22,-62.31
pH1,4/5/26 23:09,7.95,24.22,-62.22
pH1,4/5/26 23:10,7.95,24.22,-62.21
pH1,4/5/26 23:11,7.95,24.22,-62.22
pH1,4/5/26 23:12,7.95,24.22,-62.19
pH1,4/5/26 23:13,7.95,24.22,-62.21
pH1,4/5/26 23:14,7.95,24.22,-62.24
pH1,4/5/26 23:15,7.95,24.22,-62.21
pH1,4/5/26 23:16,7.95,24.22,-62.17
pH1,4/5/26 23:17,7.95,24.22,-62.16
pH1,4/5/26 23:18,7.95,24.19,-62.11
pH1,4/5/26 23:19,7.95,24.22,-62.13
pH1,4/5/26 23:20,7.95,24.19,-62.05
pH1,4/5/26 23:21,7.95,24.19,-62.11
pH1,4/5/26 23:22,7.95,24.19,-62.14
pH1,4/5/26 23:23,7.95,24.19,-62.1
pH1,4/5/26 23:24,7.95,24.19,-62.03
pH1,4/5/26 23:25,7.94,24.19,-61.99
pH1,4/5/26 23:26,7.94,24.19,-61.94
pH1,4/5/26 23:27,7.94,24.19,-61.89
pH1,4/5/26 23:28,7.94,24.19,-61.83
pH1,4/5/26 23:29,7.94,24.19,-61.8
pH1,4/5/26 23:30,7.94,24.19,-61.8
pH1,4/5/26 23:31,7.94,24.19,-61.77
pH1,4/5/26 23:32,7.94,24.19,-61.71
pH1,4/5/26 23:33,7.94,24.22,-61.63
pH1,4/5/26 23:34,7.94,24.22,-61.66
pH1,4/5/26 23:35,7.94,24.22,-61.64
pH1,4/5/26 23:36,7.94,24.22,-61.55
pH1,4/5/26 23:37,7.94,24.19,-61.49
pH1,4/5/26 23:38,7.94,24.22,-61.42
pH1,4/5/26 23:39,7.94,24.22,-61.42
pH1,4/5/26 23:40,7.94,24.22,-61.42
pH1,4/5/26 23:41,7.93,24.22,-61.38
pH1,4/5/26 23:42,7.93,24.22,-61.33
pH1,4/5/26 23:43,7.93,24.22,-61.36
pH1,4/5/26 23:44,7.93,24.22,-61.39
pH1,4/5/26 23:45,7.93,24.22,-61.39
pH1,4/5/26 23:46,7.93,24.22,-61.35
pH1,4/5/26 23:47,7.93,24.22,-61.35
pH1,4/5/26 23:48,7.93,24.22,-61.39
pH1,4/5/26 23:49,7.93,24.22,-61.36
pH1,4/5/26 23:50,7.93,24.24,-61.31
pH1,4/5/26 23:51,7.93,24.24,-61.28
pH1,4/5/26 23:52,7.93,24.24,-61.33
pH1,4/5/26 23:53,7.93,24.24,-61.33
pH1,4/5/26 23:54,7.93,24.24,-61.35
pH1,4/5/26 23:55,7.93,24.24,-61.38
pH1,4/5/26 23:56,7.93,24.24,-61.35
pH1,4/5/26 23:57,7.93,24.24,-61.25
pH1,4/5/26 23:58,7.93,24.24,-61.17
pH1,4/5/26 23:59,7.93,24.24,-61.1
pH1,4/6/26 0:00,7.93,24.24,-61.02
pH1,4/6/26 0:01,7.93,24.24,-60.95
pH1,4/6/26 0:02,7.93,24.24,-60.88
pH1,4/6/26 0:03,7.92,24.24,-60.78
pH1,4/6/26 0:04,7.92,24.24,-60.67
pH1,4/6/26 0:05,7.92,24.24,-60.6
pH1,4/6/26 0:06,7.92,24.24,-60.74
pH1,4/6/26 0:07,7.93,24.24,-60.86
pH1,4/6/26 0:08,7.92,24.24,-60.85
pH1,4/6/26 0:09,7.92,24.24,-60.81
pH1,4/6/26 0:10,7.92,24.24,-60.77
pH1,4/6/26 0:11,7.92,24.24,-60.75
pH1,4/6/26 0:12,7.92,24.24,-60.7
pH1,4/6/26 0:13,7.92,24.27,-60.7
pH1,4/6/26 0:14,7.92,24.27,-60.78
pH1,4/6/26 0:15,7.92,24.27,-60.83
pH1,4/6/26 0:16,7.92,24.27,-60.83
pH1,4/6/26 0:17,7.92,24.27,-60.77
pH1,4/6/26 0:18,7.92,24.27,-60.69
pH1,4/6/26 0:19,7.92,24.27,-60.69
pH1,4/6/26 0:20,7.92,24.27,-60.83
pH1,4/6/26 0:21,7.93,24.27,-60.88
pH1,4/6/26 0:22,7.93,24.27,-61
pH1,4/6/26 0:23,7.93,24.27,-61.03
pH1,4/6/26 0:24,7.93,24.27,-61.02
pH1,4/6/26 0:25,7.93,24.27,-60.95
pH1,4/6/26 0:26,7.93,24.29,-60.94
pH1,4/6/26 0:27,7.93,24.29,-60.94
pH1,4/6/26 0:28,7.93,24.29,-60.94
pH1,4/6/26 0:29,7.93,24.29,-60.91
pH1,4/6/26 0:30,7.92,24.29,-60.83
pH1,4/6/26 0:31,7.92,24.29,-60.81
pH1,4/6/26 0:32,7.93,24.29,-61
pH1,4/6/26 0:33,7.93,24.29,-61.14
pH1,4/6/26 0:34,7.93,24.29,-61.33
pH1,4/6/26 0:35,7.94,24.29,-61.46
pH1,4/6/26 0:36,7.94,24.29,-61.46
pH1,4/6/26 0:37,7.94,24.29,-61.5
pH1,4/6/26 0:38,7.94,24.29,-61.52
pH1,4/6/26 0:39,7.94,24.29,-61.58
pH1,4/6/26 0:40,7.94,24.27,-61.64
pH1,4/6/26 0:41,7.94,24.27,-61.75
pH1,4/6/26 0:42,7.94,24.29,-61.88
pH1,4/6/26 0:43,7.94,24.27,-61.92
pH1,4/6/26 0:44,7.94,24.27,-61.96
pH1,4/6/26 0:45,7.95,24.27,-62.03
pH1,4/6/26 0:46,7.95,24.29,-62.02
pH1,4/6/26 0:47,7.94,24.27,-61.94
pH1,4/6/26 0:48,7.94,24.27,-61.96
pH1,4/6/26 0:49,7.94,24.29,-61.91
pH1,4/6/26 0:50,7.94,24.29,-61.91
pH1,4/6/26 0:51,7.94,24.29,-61.89
pH1,4/6/26 0:52,7.94,24.29,-61.97
pH1,4/6/26 0:53,7.95,24.29,-62.03
pH1,4/6/26 0:54,7.95,24.29,-62.03
pH1,4/6/26 0:55,7.95,24.29,-62.13
pH1,4/6/26 0:56,7.95,24.29,-62.19
pH1,4/6/26 0:57,7.95,24.29,-62.19
pH1,4/6/26 0:58,7.95,24.29,-62.25
pH1,4/6/26 0:59,7.95,24.27,-62.16
pH1,4/6/26 1:00,7.95,24.27,-62.16
pH1,4/6/26 1:01,7.95,24.27,-62.19
pH1,4/6/26 1:02,7.95,24.27,-62.17
pH1,4/6/26 1:03,7.95,24.27,-62.14
pH1,4/6/26 1:04,7.95,24.27,-62.1
pH1,4/6/26 1:05,7.95,24.27,-62.06
pH1,4/6/26 1:06,7.95,24.27,-62.11
pH1,4/6/26 1:07,7.95,24.27,-62.22
pH1,4/6/26 1:08,7.95,24.27,-62.31
pH1,4/6/26 1:09,7.95,24.27,-62.25
pH1,4/6/26 1:10,7.95,24.27,-62.17
pH1,4/6/26 1:11,7.95,24.27,-62.14
pH1,4/6/26 1:12,7.95,24.27,-62.1
pH1,4/6/26 1:13,7.94,24.27,-61.99
pH1,4/6/26 1:14,7.94,24.27,-61.86
pH1,4/6/26 1:15,7.94,24.27,-61.78
pH1,4/6/26 1:16,7.94,24.27,-61.72
pH1,4/6/26 1:17,7.94,24.27,-61.64
pH1,4/6/26 1:18,7.94,24.27,-61.63
pH1,4/6/26 1:19,7.94,24.27,-61.78
pH1,4/6/26 1:20,7.94,24.27,-61.92
pH1,4/6/26 1:21,7.94,24.27,-61.92
pH1,4/6/26 1:22,7.94,24.27,-61.88
pH1,4/6/26 1:23,7.94,24.27,-61.92
pH1,4/6/26 1:24,7.94,24.27,-61.96
pH1,4/6/26 1:25,7.94,24.27,-61.97
pH1,4/6/26 1:26,7.94,24.27,-61.99
pH1,4/6/26 1:27,7.94,24.27,-61.94
pH1,4/6/26 1:28,7.94,24.27,-61.97
pH1,4/6/26 1:29,7.95,24.27,-62.03
pH1,4/6/26 1:30,7.95,24.27,-62.11
pH1,4/6/26 1:31,7.95,24.27,-62.17
pH1,4/6/26 1:32,7.95,24.27,-62.17
pH1,4/6/26 1:33,7.95,24.27,-62.22
pH1,4/6/26 1:34,7.95,24.27,-62.19
pH1,4/6/26 1:35,7.95,24.27,-62.16
pH1,4/6/26 1:36,7.95,24.27,-62.03
pH1,4/6/26 1:37,7.94,24.27,-61.89
pH1,4/6/26 1:38,7.94,24.27,-61.8
pH1,4/6/26 1:39,7.94,24.27,-61.89
pH1,4/6/26 1:40,7.94,24.27,-61.89
pH1,4/6/26 1:41,7.94,24.29,-61.85
pH1,4/6/26 1:42,7.94,24.29,-61.78
pH1,4/6/26 1:43,7.94,24.29,-61.81
pH1,4/6/26 1:44,7.94,24.29,-61.78
pH1,4/6/26 1:45,7.94,24.29,-61.64
pH1,4/6/26 1:46,7.94,24.29,-61.55
pH1,4/6/26 1:47,7.93,24.29,-61.41
pH1,4/6/26 1:48,7.94,24.29,-61.46
pH1,4/6/26 1:49,7.93,24.29,-61.42
pH1,4/6/26 1:50,7.93,24.29,-61.38
pH1,4/6/26 1:51,7.93,24.29,-61.41
pH1,4/6/26 1:52,7.93,24.29,-61.39
pH1,4/6/26 1:53,7.94,24.29,-61.44
pH1,4/6/26 1:54,7.94,24.29,-61.46
pH1,4/6/26 1:55,7.93,24.29,-61.42
pH1,4/6/26 1:56,7.93,24.29,-61.41
pH1,4/6/26 1:57,7.93,24.27,-61.41
pH1,4/6/26 1:58,7.94,24.27,-61.44
pH1,4/6/26 1:59,7.94,24.27,-61.44
pH1,4/6/26 2:00,7.94,24.27,-61.47
pH1,4/6/26 2:01,7.94,24.27,-61.44
pH1,4/6/26 2:02,7.93,24.27,-61.39
pH1,4/6/26 2:03,7.93,24.27,-61.38
pH1,4/6/26 2:04,7.93,24.27,-61.35
pH1,4/6/26 2:05,7.93,24.27,-61.35
pH1,4/6/26 2:06,7.93,24.27,-61.41
pH1,4/6/26 2:07,7.94,24.27,-61.49
pH1,4/6/26 2:08,7.94,24.27,-61.53
pH1,4/6/26 2:09,7.94,24.27,-61.53
pH1,4/6/26 2:10,7.94,24.27,-61.55
pH1,4/6/26 2:11,7.94,24.27,-61.56
pH1,4/6/26 2:12,7.94,24.27,-61.58
pH1,4/6/26 2:13,7.94,24.27,-61.55
pH1,4/6/26 2:14,7.94,24.27,-61.6
pH1,4/6/26 2:15,7.94,24.27,-61.63
pH1,4/6/26 2:16,7.94,24.27,-61.71
pH1,4/6/26 2:17,7.94,24.27,-61.74
pH1,4/6/26 2:18,7.94,24.27,-61.78
pH1,4/6/26 2:19,7.94,24.27,-61.77
pH1,4/6/26 2:20,7.94,24.27,-61.74
pH1,4/6/26 2:21,7.94,24.27,-61.69
pH1,4/6/26 2:22,7.94,24.27,-61.61
pH1,4/6/26 2:23,7.94,24.27,-61.61
pH1,4/6/26 2:24,7.94,24.27,-61.6
pH1,4/6/26 2:25,7.94,24.27,-61.55
pH1,4/6/26 2:26,7.94,24.27,-61.55
pH1,4/6/26 2:27,7.94,24.27,-61.53
pH1,4/6/26 2:28,7.94,24.27,-61.6
pH1,4/6/26 2:29,7.94,24.27,-61.56
pH1,4/6/26 2:30,7.94,24.27,-61.5
pH1,4/6/26 2:31,7.94,24.27,-61.49
pH1,4/6/26 2:32,7.94,24.27,-61.47
pH1,4/6/26 2:33,7.93,24.27,-61.41
pH1,4/6/26 2:34,7.93,24.27,-61.3
pH1,4/6/26 2:35,7.93,24.27,-61.25
pH1,4/6/26 2:36,7.93,24.27,-61.27
pH1,4/6/26 2:37,7.93,24.27,-61.22
pH1,4/6/26 2:38,7.93,24.27,-61.2
pH1,4/6/26 2:39,7.93,24.27,-61.13
pH1,4/6/26 2:40,7.93,24.27,-60.95
pH1,4/6/26 2:41,7.92,24.27,-60.8
pH1,4/6/26 2:42,7.92,24.27,-60.75
pH1,4/6/26 2:43,7.92,24.27,-60.8
pH1,4/6/26 2:44,7.92,24.27,-60.77
pH1,4/6/26 2:45,7.92,24.27,-60.64
pH1,4/6/26 2:46,7.92,24.27,-60.53
pH1,4/6/26 2:47,7.92,24.29,-60.33
pH1,4/6/26 2:48,7.91,24.29,-60.25
pH1,4/6/26 2:49,7.91,24.29,-60.1
pH1,4/6/26 2:50,7.91,24.29,-60.03
pH1,4/6/26 2:51,7.91,24.27,-60.05
pH1,4/6/26 2:52,7.91,24.29,-60
pH1,4/6/26 2:53,7.91,24.27,-59.85
pH1,4/6/26 2:54,7.91,24.27,-59.81
pH1,4/6/26 2:55,7.91,24.27,-59.83
pH1,4/6/26 2:56,7.91,24.29,-59.85
pH1,4/6/26 2:57,7.91,24.29,-59.92
pH1,4/6/26 2:58,7.91,24.27,-59.97
pH1,4/6/26 2:59,7.91,24.27,-60.11
pH1,4/6/26 3:00,7.91,24.27,-60.06
pH1,4/6/26 3:01,7.91,24.27,-59.99
pH1,4/6/26 3:02,7.91,24.27,-59.97
pH1,4/6/26 3:03,7.91,24.27,-59.99
pH1,4/6/26 3:04,7.91,24.27,-60
pH1,4/6/26 3:05,7.91,24.29,-60
pH1,4/6/26 3:06,7.91,24.29,-59.99
pH1,4/6/26 3:07,7.91,24.29,-60
pH1,4/6/26 3:08,7.91,24.29,-60.03
pH1,4/6/26 3:09,7.91,24.29,-59.88
pH1,4/6/26 3:10,7.91,24.29,-59.83
pH1,4/6/26 3:11,7.91,24.29,-59.74
pH1,4/6/26 3:12,7.9,24.29,-59.64
pH1,4/6/26 3:13,7.9,24.29,-59.64
pH1,4/6/26 3:14,7.9,24.29,-59.56
pH1,4/6/26 3:15,7.9,24.29,-59.61
pH1,4/6/26 3:16,7.91,24.29,-59.92
pH1,4/6/26 3:17,7.91,24.29,-60.24
pH1,4/6/26 3:18,7.92,24.29,-60.64
pH1,4/6/26 3:19,7.92,24.29,-60.78
pH1,4/6/26 3:20,7.93,24.29,-60.92
pH1,4/6/26 3:21,7.93,24.29,-61.06
pH1,4/6/26 3:22,7.93,24.29,-61.03
pH1,4/6/26 3:23,7.93,24.29,-61.02
pH1,4/6/26 3:24,7.93,24.29,-60.94
pH1,4/6/26 3:25,7.93,24.29,-60.88
pH1,4/6/26 3:26,7.92,24.29,-60.74
pH1,4/6/26 3:27,7.92,24.27,-60.66
pH1,4/6/26 3:28,7.92,24.27,-60.66
pH1,4/6/26 3:29,7.92,24.27,-60.49
pH1,4/6/26 3:30,7.92,24.27,-60.33
pH1,4/6/26 3:31,7.92,24.27,-60.3
pH1,4/6/26 3:32,7.92,24.27,-60.38
pH1,4/6/26 3:33,7.92,24.27,-60.36
pH1,4/6/26 3:34,7.91,24.27,-60.27
pH1,4/6/26 3:35,7.91,24.27,-60.11
pH1,4/6/26 3:36,7.91,24.27,-60.03
pH1,4/6/26 3:37,7.91,24.27,-60.08
pH1,4/6/26 3:38,7.91,24.27,-60.08
pH1,4/6/26 3:39,7.91,24.27,-60.03
pH1,4/6/26 3:40,7.91,24.27,-59.91
pH1,4/6/26 3:41,7.91,24.27,-59.7
pH1,4/6/26 3:42,7.9,24.27,-59.58
pH1,4/6/26 3:43,7.9,24.27,-59.49
pH1,4/6/26 3:44,7.9,24.27,-59.36
pH1,4/6/26 3:45,7.9,24.27,-59.33
pH1,4/6/26 3:46,7.9,24.27,-59.36
pH1,4/6/26 3:47,7.9,24.27,-59.44
pH1,4/6/26 3:48,7.9,24.27,-59.33
pH1,4/6/26 3:49,7.9,24.27,-59.22
pH1,4/6/26 3:50,7.9,24.27,-59.13
pH1,4/6/26 3:51,7.89,24.27,-59.06
pH1,4/6/26 3:52,7.89,24.27,-59.1
pH1,4/6/26 3:53,7.89,24.27,-59.08
pH1,4/6/26 3:54,7.89,24.27,-59
pH1,4/6/26 3:55,7.89,24.27,-58.95
pH1,4/6/26 3:56,7.89,24.27,-59.11
pH1,4/6/26 3:57,7.9,24.27,-59.13
pH1,4/6/26 3:58,7.9,24.27,-59.16
pH1,4/6/26 3:59,7.9,24.27,-59.16
pH1,4/6/26 4:00,7.9,24.27,-59.14
pH1,4/6/26 4:01,7.89,24.27,-59.06
pH1,4/6/26 4:02,7.9,24.27,-59.17
pH1,4/6/26 4:03,7.9,24.27,-59.55
pH1,4/6/26 4:04,7.9,24.27,-59.67
pH1,4/6/26 4:05,7.9,24.24,-59.67
pH1,4/6/26 4:06,7.9,24.24,-59.69
pH1,4/6/26 4:07,7.91,24.24,-59.77
pH1,4/6/26 4:08,7.91,24.24,-59.75
pH1,4/6/26 4:09,7.9,24.24,-59.63
pH1,4/6/26 4:10,7.9,24.24,-59.44
pH1,4/6/26 4:11,7.9,24.24,-59.52
pH1,4/6/26 4:12,7.9,24.24,-59.56
pH1,4/6/26 4:13,7.9,24.24,-59.66
pH1,4/6/26 4:14,7.9,24.22,-59.67
pH1,4/6/26 4:15,7.9,24.22,-59.58
pH1,4/6/26 4:16,7.91,24.22,-59.74
pH1,4/6/26 4:17,7.91,24.22,-59.81
pH1,4/6/26 4:18,7.91,24.22,-59.97
pH1,4/6/26 4:19,7.91,24.22,-60.17
pH1,4/6/26 4:20,7.92,24.22,-60.35
pH1,4/6/26 4:21,7.92,24.22,-60.45
pH1,4/6/26 4:22,7.92,24.22,-60.58
pH1,4/6/26 4:23,7.92,24.22,-60.69
pH1,4/6/26 4:24,7.92,24.22,-60.61
pH1,4/6/26 4:25,7.92,24.22,-60.55
pH1,4/6/26 4:26,7.92,24.22,-60.55
pH1,4/6/26 4:27,7.92,24.22,-60.47
pH1,4/6/26 4:28,7.92,24.22,-60.35
pH1,4/6/26 4:29,7.92,24.22,-60.28
pH1,4/6/26 4:30,7.91,24.22,-60.14
pH1,4/6/26 4:31,7.91,24.24,-60.03
pH1,4/6/26 4:32,7.91,24.24,-59.88
pH1,4/6/26 4:33,7.91,24.24,-59.72
pH1,4/6/26 4:34,7.9,24.24,-59.5
pH1,4/6/26 4:35,7.9,24.24,-59.44
pH1,4/6/26 4:36,7.9,24.24,-59.39
pH1,4/6/26 4:37,7.9,24.27,-59.35
pH1,4/6/26 4:38,7.9,24.27,-59.36
pH1,4/6/26 4:39,7.9,24.27,-59.39
pH1,4/6/26 4:40,7.9,24.27,-59.33
pH1,4/6/26 4:41,7.9,24.27,-59.2
pH1,4/6/26 4:42,7.89,24.29,-58.97
pH1,4/6/26 4:43,7.89,24.29,-58.74
pH1,4/6/26 4:44,7.89,24.32,-58.67
pH1,4/6/26 4:45,7.89,24.32,-58.75
pH1,4/6/26 4:46,7.89,24.32,-58.89
pH1,4/6/26 4:47,7.89,24.32,-58.92
pH1,4/6/26 4:48,7.89,24.34,-58.92
pH1,4/6/26 4:49,7.89,24.34,-58.94
pH1,4/6/26 4:50,7.89,24.34,-59
pH1,4/6/26 4:51,7.89,24.34,-58.97
pH1,4/6/26 4:52,7.89,24.34,-58.91
pH1,4/6/26 4:53,7.89,24.36,-58.83
pH1,4/6/26 4:54,7.89,24.36,-58.92
pH1,4/6/26 4:55,7.89,24.36,-59.03
pH1,4/6/26 4:56,7.89,24.36,-59.1
pH1,4/6/26 4:57,7.9,24.36,-59.19
pH1,4/6/26 4:58,7.9,24.39,-59.2
pH1,4/6/26 4:59,7.9,24.39,-59.16
pH1,4/6/26 5:00,7.89,24.39,-59.1
pH1,4/6/26 5:01,7.9,24.39,-59.16
pH1,4/6/26 5:02,7.9,24.39,-59.22
pH1,4/6/26 5:03,7.9,24.39,-59.36
pH1,4/6/26 5:04,7.9,24.39,-59.52
pH1,4/6/26 5:05,7.9,24.39,-59.53
pH1,4/6/26 5:06,7.9,24.39,-59.5
pH1,4/6/26 5:07,7.9,24.39,-59.55
pH1,4/6/26 5:08,7.9,24.41,-59.58
pH1,4/6/26 5:09,7.9,24.41,-59.66
pH1,4/6/26 5:10,7.91,24.41,-59.83
pH1,4/6/26 5:11,7.91,24.41,-60.02
pH1,4/6/26 5:12,7.91,24.44,-60.17
pH1,4/6/26 5:13,7.91,24.44,-60.24
pH1,4/6/26 5:14,7.91,24.44,-60.24
pH1,4/6/26 5:15,7.91,24.46,-60.2
pH1,4/6/26 5:16,7.91,24.46,-60.24
pH1,4/6/26 5:17,7.91,24.46,-60.25
pH1,4/6/26 5:18,7.91,24.46,-60.25
pH1,4/6/26 5:19,7.91,24.48,-60.22
pH1,4/6/26 5:20,7.91,24.48,-60.2
pH1,4/6/26 5:21,7.91,24.48,-60.2
pH1,4/6/26 5:22,7.91,24.48,-60.25
pH1,4/6/26 5:23,7.91,24.48,-60.3
pH1,4/6/26 5:24,7.92,24.48,-60.44
pH1,4/6/26 5:25,7.92,24.48,-60.56
pH1,4/6/26 5:26,7.92,24.51,-60.58
pH1,4/6/26 5:27,7.92,24.51,-60.52
pH1,4/6/26 5:28,7.92,24.51,-60.49
pH1,4/6/26 5:29,7.92,24.51,-60.35
pH1,4/6/26 5:30,7.91,24.51,-60.22
pH1,4/6/26 5:31,7.91,24.51,-60.17
pH1,4/6/26 5:32,7.91,24.51,-60.17
pH1,4/6/26 5:33,7.91,24.51,-60.19
pH1,4/6/26 5:34,7.91,24.51,-60.11
pH1,4/6/26 5:35,7.91,24.51,-60.08
pH1,4/6/26 5:36,7.91,24.51,-60.25
pH1,4/6/26 5:37,7.92,24.51,-60.38
pH1,4/6/26 5:38,7.92,24.51,-60.47
pH1,4/6/26 5:39,7.92,24.51,-60.61
pH1,4/6/26 5:40,7.92,24.51,-60.63
pH1,4/6/26 5:41,7.92,24.51,-60.6
pH1,4/6/26 5:42,7.92,24.51,-60.61
pH1,4/6/26 5:43,7.92,24.51,-60.61
pH1,4/6/26 5:44,7.92,24.51,-60.67
pH1,4/6/26 5:45,7.92,24.51,-60.72
pH1,4/6/26 5:46,7.92,24.51,-60.77
pH1,4/6/26 5:47,7.92,24.51,-60.74
pH1,4/6/26 5:48,7.92,24.51,-60.8
pH1,4/6/26 5:49,7.92,24.51,-60.86
pH1,4/6/26 5:50,7.92,24.51,-60.86
pH1,4/6/26 5:51,7.92,24.51,-60.88
pH1,4/6/26 5:52,7.92,24.48,-60.85
pH1,4/6/26 5:53,7.92,24.48,-60.83
pH1,4/6/26 5:54,7.92,24.48,-60.8
pH1,4/6/26 5:55,7.92,24.48,-60.77
pH1,4/6/26 5:56,7.92,24.48,-60.64
pH1,4/6/26 5:57,7.92,24.48,-60.35
pH1,4/6/26 5:58,7.91,24.46,-60.11
pH1,4/6/26 5:59,7.91,24.46,-59.97
pH1,4/6/26 6:00,7.91,24.46,-59.89
pH1,4/6/26 6:01,7.91,24.44,-60.06
pH1,4/6/26 6:02,7.92,24.41,-60.44
pH1,4/6/26 6:03,7.92,24.39,-60.63
pH1,4/6/26 6:04,7.92,24.39,-60.7
pH1,4/6/26 6:05,7.92,24.36,-60.83
pH1,4/6/26 6:06,7.93,24.36,-61
pH1,4/6/26 6:07,7.93,24.36,-61.02
pH1,4/6/26 6:08,7.93,24.34,-61.03
pH1,4/6/26 6:09,7.93,24.34,-61.05
pH1,4/6/26 6:10,7.93,24.34,-61.25
pH1,4/6/26 6:11,7.93,24.32,-61.35
pH1,4/6/26 6:12,7.93,24.32,-61.41
pH1,4/6/26 6:13,7.94,24.29,-61.46
pH1,4/6/26 6:14,7.94,24.29,-61.52
pH1,4/6/26 6:15,7.94,24.29,-61.56
pH1,4/6/26 6:16,7.94,24.27,-61.64
pH1,4/6/26 6:17,7.94,24.27,-61.69
pH1,4/6/26 6:18,7.94,24.24,-61.72
pH1,4/6/26 6:19,7.94,24.24,-61.69
pH1,4/6/26 6:20,7.94,24.24,-61.63
pH1,4/6/26 6:21,7.94,24.22,-61.53
pH1,4/6/26 6:22,7.94,24.22,-61.5
pH1,4/6/26 6:23,7.94,24.19,-61.42
pH1,4/6/26 6:24,7.93,24.19,-61.35
pH1,4/6/26 6:25,7.93,24.19,-61.31
pH1,4/6/26 6:26,7.93,24.19,-61.27
pH1,4/6/26 6:27,7.93,24.17,-61.2
pH1,4/6/26 6:28,7.93,24.17,-61.2
pH1,4/6/26 6:29,7.93,24.17,-61.19
pH1,4/6/26 6:30,7.93,24.17,-61.14
pH1,4/6/26 6:31,7.93,24.17,-61.1
pH1,4/6/26 6:32,7.93,24.15,-61.11
pH1,4/6/26 6:33,7.93,24.15,-61.14
pH1,4/6/26 6:34,7.93,24.15,-61.13
pH1,4/6/26 6:35,7.93,24.15,-61.13
pH1,4/6/26 6:36,7.93,24.15,-61.13
pH1,4/6/26 6:37,7.93,24.15,-61.2
pH1,4/6/26 6:38,7.94,24.17,-61.49
pH1,4/6/26 6:39,7.94,24.17,-61.85
pH1,4/6/26 6:40,7.95,24.17,-62.06
pH1,4/6/26 6:41,7.95,24.17,-62.22
pH1,4/6/26 6:42,7.95,24.17,-62.24
pH1,4/6/26 6:43,7.95,24.17,-62.38
pH1,4/6/26 6:44,7.96,24.17,-62.63
pH1,4/6/26 6:45,7.96,24.17,-62.97
pH1,4/6/26 6:46,7.97,24.17,-63.31
pH1,4/6/26 6:47,7.97,24.17,-63.69
pH1,4/6/26 6:48,7.98,24.17,-63.96
pH1,4/6/26 6:49,7.98,24.17,-64.16
pH1,4/6/26 6:50,7.99,24.19,-64.35
pH1,4/6/26 6:51,7.99,24.19,-64.47
pH1,4/6/26 6:52,7.99,24.19,-64.41
pH1,4/6/26 6:53,7.98,24.19,-64.3
pH1,4/6/26 6:54,7.99,24.19,-64.31
pH1,4/6/26 6:55,7.99,24.22,-64.38
pH1,4/6/26 6:56,7.99,24.22,-64.44
pH1,4/6/26 6:57,7.99,24.22,-64.52
pH1,4/6/26 6:58,7.99,24.24,-64.61
pH1,4/6/26 6:59,7.99,24.24,-64.71
pH1,4/6/26 7:00,7.99,24.27,-64.89
pH1,4/6/26 7:01,8,24.27,-65.08
pH1,4/6/26 7:02,8,24.27,-65.16
pH1,4/6/26 7:03,8,24.27,-65.16
pH1,4/6/26 7:04,7.98,24.27,-64.21
pH1,4/6/26 7:05,7.98,24.27,-64.05
pH1,4/6/26 7:06,7.98,24.27,-64.24
pH1,4/6/26 7:07,7.99,24.27,-64.39
pH1,4/6/26 7:08,7.99,24.27,-64.55
pH1,4/6/26 7:09,7.99,24.27,-64.69
pH1,4/6/26 7:10,7.99,24.29,-64.78
pH1,4/6/26 7:11,7.99,24.29,-64.86
pH1,4/6/26 7:12,8,24.29,-64.92
pH1,4/6/26 7:13,8,24.27,-65.03
pH1,4/6/26 7:14,8,24.29,-65.1
pH1,4/6/26 7:15,8,24.27,-65.11
pH1,4/6/26 7:16,8,24.27,-65.14
pH1,4/6/26 7:17,8,24.27,-65.08
pH1,4/6/26 7:18,8,24.27,-64.97
pH1,4/6/26 7:19,7.99,24.27,-64.85
pH1,4/6/26 7:20,7.99,24.27,-64.72
pH1,4/6/26 7:21,7.99,24.27,-64.63
pH1,4/6/26 7:22,7.99,24.24,-64.58
pH1,4/6/26 7:23,7.99,24.24,-64.58
pH1,4/6/26 7:24,7.99,24.24,-64.66
pH1,4/6/26 7:25,7.99,24.24,-64.78
pH1,4/6/26 7:26,8,24.27,-64.97
pH1,4/6/26 7:27,8,24.27,-65.17
pH1,4/6/26 7:28,8,24.27,-65.39
pH1,4/6/26 7:29,8.01,24.27,-65.67
pH1,4/6/26 7:30,8.01,24.27,-66
pH1,4/6/26 7:31,8.02,24.27,-66.36
pH1,4/6/26 7:32,8.03,24.27,-66.63
pH1,4/6/26 7:33,8.03,24.27,-66.91
pH1,4/6/26 7:34,8.03,24.29,-67.11
pH1,4/6/26 7:35,8.04,24.29,-67.27
pH1,4/6/26 7:36,8.04,24.29,-67.38
pH1,4/6/26 7:37,8.04,24.29,-67.46
pH1,4/6/26 7:38,8.04,24.29,-67.56
pH1,4/6/26 7:39,8.04,24.29,-67.72
pH1,4/6/26 7:40,8.05,24.32,-67.85
pH1,4/6/26 7:41,8.05,24.32,-67.99
pH1,4/6/26 7:42,8.05,24.32,-68.19
pH1,4/6/26 7:43,8.05,24.32,-68.33
pH1,4/6/26 7:44,8.06,24.32,-68.42
pH1,4/6/26 7:45,8.06,24.32,-68.49
pH1,4/6/26 7:46,8.06,24.34,-68.63
pH1,4/6/26 7:47,8.06,24.34,-68.69
pH1,4/6/26 7:48,8.06,24.34,-68.85
pH1,4/6/26 7:49,8.07,24.34,-69.08
pH1,4/6/26 7:50,8.07,24.36,-69.35
pH1,4/6/26 7:51,8.08,24.36,-69.53
pH1,4/6/26 7:52,8.08,24.36,-69.75
pH1,4/6/26 7:53,8.08,24.36,-70.02
pH1,4/6/26 7:54,8.09,24.36,-70.35
pH1,4/6/26 7:55,8.09,24.39,-70.67
pH1,4/6/26 7:56,8.1,24.39,-70.75
pH1,4/6/26 7:57,8.1,24.41,-70.96
pH1,4/6/26 7:58,8.1,24.41,-71.25
pH1,4/6/26 7:59,8.11,24.44,-71.61
pH1,4/6/26 8:00,8.12,24.46,-71.92
pH1,4/6/26 8:01,8.12,24.46,-72.22
pH1,4/6/26 8:02,8.12,24.48,-72.36
pH1,4/6/26 8:03,8.13,24.48,-72.52
pH1,4/6/26 8:04,8.13,24.51,-72.63
pH1,4/6/26 8:05,8.13,24.53,-72.83
pH1,4/6/26 8:06,8.14,24.53,-73.03
pH1,4/6/26 8:07,8.13,24.56,-73.02
pH1,4/6/26 8:08,8.13,24.56,-73.02
pH1,4/6/26 8:09,8.13,24.56,-72.89
pH1,4/6/26 8:10,8.13,24.56,-72.81
pH1,4/6/26 8:11,8.13,24.56,-72.5
pH1,4/6/26 8:12,8.12,24.56,-72.25
pH1,4/6/26 8:13,8.12,24.56,-72.05
pH1,4/6/26 8:14,8.12,24.56,-72.13
pH1,4/6/26 8:15,8.12,24.56,-72.3
pH1,4/6/26 8:16,8.12,24.56,-72.35
pH1,4/6/26 8:17,8.12,24.56,-72.42
pH1,4/6/26 8:18,8.12,24.56,-72.33
pH1,4/6/26 8:19,8.13,24.56,-72.47
pH1,4/6/26 8:20,8.13,24.56,-72.85
pH1,4/6/26 8:21,8.13,24.58,-72.92
pH1,4/6/26 8:22,8.13,24.58,-72.72
pH1,4/6/26 8:23,8.13,24.58,-72.71
pH1,4/6/26 8:24,8.13,24.58,-72.6
pH1,4/6/26 8:25,8.13,24.58,-72.49
pH1,4/6/26 8:26,8.12,24.58,-72.31
pH1,4/6/26 8:27,8.12,24.56,-72.06
pH1,4/6/26 8:28,8.12,24.56,-71.92
pH1,4/6/26 8:29,8.11,24.56,-71.55
pH1,4/6/26 8:30,8.1,24.56,-71.14
pH1,4/6/26 8:31,8.09,24.53,-70.5
pH1,4/6/26 8:32,8.08,24.53,-69.94
pH1,4/6/26 8:33,8.07,24.51,-69.5
pH1,4/6/26 8:34,8.07,24.51,-69.46
pH1,4/6/26 8:35,8.07,24.51,-69.52
pH1,4/6/26 8:36,8.07,24.51,-69.52
pH1,4/6/26 8:37,8.08,24.51,-69.71
pH1,4/6/26 8:38,8.09,24.51,-70.39
pH1,4/6/26 8:39,8.1,24.53,-70.99
pH1,4/6/26 8:40,8.11,24.53,-71.64
pH1,4/6/26 8:41,8.13,24.56,-72.8
pH1,4/6/26 8:42,8.14,24.58,-73.55
pH1,4/6/26 8:43,8.15,24.6,-74.14
pH1,4/6/26 8:44,8.16,24.6,-74.49
pH1,4/6/26 8:45,8.16,24.63,-74.49
pH1,4/6/26 8:46,8.15,24.6,-74.14
pH1,4/6/26 8:47,8.15,24.6,-74
pH1,4/6/26 8:48,8.15,24.6,-74.05
pH1,4/6/26 8:49,8.15,24.6,-74.02
pH1,4/6/26 8:50,8.16,24.6,-74.3
pH1,4/6/26 8:51,8.17,24.63,-75
pH1,4/6/26 8:52,8.17,24.65,-74.88
pH1,4/6/26 8:53,8.17,24.68,-74.89
pH1,4/6/26 8:54,8.17,24.7,-75
pH1,4/6/26 8:55,8.17,24.7,-75.14
pH1,4/6/26 8:56,8.17,24.73,-75.35
pH1,4/6/26 8:57,8.18,24.75,-75.72
pH1,4/6/26 8:58,8.18,24.77,-75.8
pH1,4/6/26 8:59,8.19,24.8,-76.02
pH1,4/6/26 9:00,8.18,24.87,-75.8
pH1,4/6/26 9:01,8.18,24.94,-75.91
pH1,4/6/26 9:02,8.18,24.97,-75.88
pH1,4/6/26 9:03,8.18,25.02,-75.81
pH1,4/6/26 9:04,8.18,25.04,-76.02
pH1,4/6/26 9:05,8.19,25.09,-76.19
pH1,4/6/26 9:06,8.19,25.11,-76.21
pH1,4/6/26 9:07,8.18,25.14,-76.05
pH1,4/6/26 9:08,8.18,25.16,-75.99
pH1,4/6/26 9:09,8.18,25.16,-76.02
pH1,4/6/26 9:10,8.19,25.16,-76.39
pH1,4/6/26 9:11,8.19,25.16,-76.52
pH1,4/6/26 9:12,8.19,25.19,-76.5
pH1,4/6/26 9:13,8.2,25.19,-76.74
pH1,4/6/26 9:14,8.2,25.21,-76.85
pH1,4/6/26 9:15,8.2,25.19,-76.86
pH1,4/6/26 9:16,8.2,25.21,-77.11
pH1,4/6/26 9:17,8.21,25.23,-77.35
pH1,4/6/26 9:18,8.2,25.23,-77.11
pH1,4/6/26 9:19,8.2,25.23,-76.91
pH1,4/6/26 9:20,8.2,25.23,-77.02
pH1,4/6/26 9:21,8.21,25.23,-77.28
pH1,4/6/26 9:22,8.21,25.26,-77.5
pH1,4/6/26 9:23,8.04,24.99,-67.64
pH1,4/6/26 9:24,8.04,24.8,-67.64
pH1,4/6/26 9:25,8.03,24.77,-66.88
pH1,4/6/26 9:26,8.04,24.63,-67.38
pH1,4/6/26 9:27,8.04,24.44,-67.35
pH1,4/6/26 9:28,8.04,24.39,-67.38
pH1,4/6/26 9:29,8.03,24.34,-66.99
pH1,4/6/26 9:30,8.04,24.32,-67.31
pH1,4/6/26 9:31,8.04,24.32,-67.22
pH1,4/6/26 9:32,8.04,24.29,-67.31
pH1,4/6/26 9:33,8.03,24.29,-67.17
pH1,4/6/26 9:34,8.03,24.29,-67.06
pH1,4/6/26 9:35,8.04,24.29,-67.44
pH1,4/6/26 9:36,8.03,24.27,-67.13
pH1,4/6/26 9:37,8.04,24.27,-67.38
pH1,4/6/26 9:38,8.04,24.29,-67.49
pH1,4/6/26 9:39,8.04,24.29,-67.63
pH1,4/6/26 9:40,8.04,24.29,-67.67
pH1,4/6/26 9:41,8.04,24.29,-67.61
pH1,4/6/26 9:42,8.04,24.29,-67.6
pH1,4/6/26 9:43,8.04,24.32,-67.6
pH1,4/6/26 9:44,8.04,24.32,-67.46
pH1,4/6/26 9:45,8.04,24.32,-67.33
pH1,4/6/26 9:46,8.04,24.32,-67.52
pH1,4/6/26 9:47,8.03,24.34,-67.14
pH1,4/6/26 9:48,8.04,24.34,-67.75
pH1,4/6/26 9:49,8.04,24.34,-67.77
pH1,4/6/26 9:50,8.05,24.34,-67.91
pH1,4/6/26 9:51,8.05,24.36,-67.94
pH1,4/6/26 9:52,8.05,24.36,-67.94
pH1,4/6/26 9:53,8.04,24.39,-67.47
pH1,4/6/26 9:54,8.04,24.39,-67.25
pH1,4/6/26 9:55,8.04,24.41,-67.77
pH1,4/6/26 9:56,8.05,24.41,-67.97
pH1,4/6/26 9:57,8.04,24.41,-67.46
pH1,4/6/26 9:58,8.04,24.44,-67.25
pH1,4/6/26 9:59,8.05,24.44,-68.03
pH1,4/6/26 10:00,8.05,24.44,-68
pH1,4/6/26 10:01,8.05,24.46,-68.16
pH1,4/6/26 10:02,8.04,24.46,-67.78
pH1,4/6/26 10:03,8.05,24.46,-67.91
pH1,4/6/26 10:04,8.04,24.48,-67.72
pH1,4/6/26 10:05,8.05,24.48,-68.1
pH1,4/6/26 10:06,8.04,24.48,-67.63
pH1,4/6/26 10:07,8.04,24.51,-67.38
pH1,4/6/26 10:08,8.04,24.51,-67.47
pH1,4/6/26 10:09,8.04,24.51,-67.69
pH1,4/6/26 10:10,8.05,24.51,-68.33
pH1,4/6/26 10:11,8.04,24.51,-67.66
pH1,4/6/26 10:12,8.05,24.53,-68.13
pH1,4/6/26 10:13,8.04,24.53,-67.8
pH1,4/6/26 10:14,8.04,24.53,-67.74
pH1,4/6/26 10:15,8.05,24.53,-68.11
pH1,4/6/26 10:16,8.06,24.56,-68.42
pH1,4/6/26 10:17,8.06,24.56,-68.53
pH1,4/6/26 10:18,8.05,24.58,-68.14
pH1,4/6/26 10:19,8.06,24.58,-68.42
pH1,4/6/26 10:20,8.06,24.6,-68.66
pH1,4/6/26 10:21,8.06,24.63,-68.61
pH1,4/6/26 10:22,8.06,24.63,-68.6
pH1,4/6/26 10:23,8.05,24.63,-68.27
pH1,4/6/26 10:24,8.05,24.65,-68.17
pH1,4/6/26 10:25,8.05,24.65,-67.86
pH1,4/6/26 10:26,8.05,24.68,-68.13
pH1,4/6/26 10:27,8.04,24.68,-67.78
pH1,4/6/26 10:28,8.05,24.68,-67.99
pH1,4/6/26 10:29,8.06,24.68,-68.71
pH1,4/6/26 10:30,8.06,24.7,-68.99
pH1,4/6/26 10:31,8.05,24.7,-67.92
pH1,4/6/26 10:32,8.04,24.7,-67.78
pH1,4/6/26 10:33,8.04,24.73,-67.8
pH1,4/6/26 10:34,8.05,24.73,-67.91
pH1,4/6/26 10:35,8.05,24.73,-67.92
pH1,4/6/26 10:36,8.05,24.73,-68.02
pH1,4/6/26 10:37,8.05,24.73,-67.92
pH1,4/6/26 10:38,8.05,24.73,-68.13
pH1,4/6/26 10:39,8.06,24.73,-68.58
pH1,4/6/26 10:40,8.06,24.73,-68.85
pH1,4/6/26 10:41,8.06,24.75,-68.94
pH1,4/6/26 10:42,8.05,24.75,-68.36
pH1,4/6/26 10:43,8.05,24.75,-68.44
pH1,4/6/26 10:44,8.05,24.75,-68.3
pH1,4/6/26 10:45,8.06,24.77,-68.55
pH1,4/6/26 10:46,8.07,24.77,-69.1
pH1,4/6/26 10:47,8.07,24.8,-69.16
pH1,4/6/26 10:48,8.07,24.8,-69.08
pH1,4/6/26 10:49,8.07,24.82,-69.14
pH1,4/6/26 10:50,8.07,24.82,-69.33
pH1,4/6/26 10:51,8.07,24.85,-69.39
pH1,4/6/26 10:52,8.05,24.85,-68.39
pH1,4/6/26 10:53,8.05,24.87,-68.27
pH1,4/6/26 10:54,8.06,24.87,-68.88
pH1,4/6/26 10:55,8.06,24.87,-68.75
pH1,4/6/26 10:56,8.06,24.87,-68.85
pH1,4/6/26 10:57,8.07,24.9,-69.14
pH1,4/6/26 10:58,8.07,24.9,-69.11
pH1,4/6/26 10:59,8.06,24.9,-69.03
pH1,4/6/26 11:00,8.07,24.92,-69.52
pH1,4/6/26 11:01,8.07,24.92,-69.13
pH1,4/6/26 11:02,8.07,24.94,-69.36
pH1,4/6/26 11:03,8.08,24.94,-69.72
pH1,4/6/26 11:04,8.07,24.97,-69.63
pH1,4/6/26 11:05,8.07,24.99,-69.49
pH1,4/6/26 11:06,8.07,24.99,-69.64
pH1,4/6/26 11:07,8.07,25.02,-69.17
pH1,4/6/26 11:08,8.07,25.04,-69.53
pH1,4/6/26 11:09,8.08,25.04,-69.78
pH1,4/6/26 11:10,8.08,25.06,-69.91
pH1,4/6/26 11:11,8.08,25.09,-69.81
pH1,4/6/26 11:12,8.08,25.11,-69.89
pH1,4/6/26 11:13,8.08,25.14,-70.21
pH1,4/6/26 11:14,8.08,25.16,-69.89
pH1,4/6/26 11:15,8.08,25.19,-69.75
pH1,4/6/26 11:16,8.08,25.21,-70.21
pH1,4/6/26 11:17,8.08,25.21,-70.11
pH1,4/6/26 11:18,8.08,25.26,-70.06
pH1,4/6/26 11:19,8.08,25.28,-70
pH1,4/6/26 11:20,8.08,25.31,-70.11
pH1,4/6/26 11:21,8.08,25.33,-70.24
pH1,4/6/26 11:22,8.08,25.36,-70.21
pH1,4/6/26 11:23,8.08,25.38,-70.19
pH1,4/6/26 11:24,8.08,25.4,-70.05
pH1,4/6/26 11:25,8.08,25.43,-70.02
pH1,4/6/26 11:26,8.08,25.45,-70.16
pH1,4/6/26 11:27,8.07,25.48,-69.55
pH1,4/6/26 11:28,8.08,25.5,-70.27
pH1,4/6/26 11:29,8.08,25.5,-69.92
pH1,4/6/26 11:30,8.08,25.53,-70.13
pH1,4/6/26 11:31,8.08,25.55,-70.24
pH1,4/6/26 11:32,8.08,25.57,-70.16
pH1,4/6/26 11:33,8.08,25.6,-70.19
pH1,4/6/26 11:34,8.07,25.62,-69.63
pH1,4/6/26 11:35,8.09,25.65,-70.39
pH1,4/6/26 11:36,8.08,25.67,-70.06
pH1,4/6/26 11:37,8.09,25.67,-70.56
pH1,4/6/26 11:38,8.09,25.7,-70.55
pH1,4/6/26 11:39,8.09,25.72,-70.5
pH1,4/6/26 11:40,8.09,25.74,-70.47
pH1,4/6/26 11:41,8.09,25.77,-70.47
pH1,4/6/26 11:42,8.09,25.79,-70.74
pH1,4/6/26 11:43,8.08,25.82,-70.31
pH1,4/6/26 11:44,8.09,25.82,-70.74
pH1,4/6/26 11:45,8.09,25.84,-70.46
pH1,4/6/26 11:46,8.09,25.87,-70.81
pH1,4/6/26 11:47,8.09,25.89,-70.85
pH1,4/6/26 11:48,8.09,25.91,-70.66
pH1,4/6/26 11:49,8.09,25.94,-70.69
pH1,4/6/26 11:50,8.09,25.96,-70.96
pH1,4/6/26 11:51,8.09,25.99,-70.72
pH1,4/6/26 11:52,8.09,26.01,-70.96
pH1,4/6/26 11:53,8.08,26.04,-70.33
pH1,4/6/26 11:54,8.09,26.06,-70.88
pH1,4/6/26 11:55,8.08,26.06,-70.42
pH1,4/6/26 11:56,8.09,26.08,-70.49
pH1,4/6/26 11:57,8.09,26.11,-70.56
pH1,4/6/26 11:58,8.09,26.11,-70.83
pH1,4/6/26 11:59,8.09,26.13,-70.78
pH1,4/6/26 12:00,8.08,26.13,-70.19
pH1,4/6/26 12:01,8.08,26.16,-70.46
pH1,4/6/26 12:02,8.09,26.16,-70.69
pH1,4/6/26 12:03,8.09,26.18,-70.56
pH1,4/6/26 12:04,8.08,26.18,-70.47
pH1,4/6/26 12:05,8.08,26.21,-70.35
pH1,4/6/26 12:06,8.09,26.21,-70.86
pH1,4/6/26 12:07,8.09,26.21,-70.85
pH1,4/6/26 12:08,8.09,26.23,-70.67
pH1,4/6/26 12:09,8.09,26.23,-71.03
pH1,4/6/26 12:10,8.1,26.26,-71.14
pH1,4/6/26 12:11,8.1,26.26,-71.24
pH1,4/6/26 12:12,8.1,26.28,-71.38
pH1,4/6/26 12:13,8.1,26.3,-71.25
pH1,4/6/26 12:14,8.08,26.3,-70.42
pH1,4/6/26 12:15,8.08,26.33,-70.47
pH1,4/6/26 12:16,8.09,26.33,-70.66
pH1,4/6/26 12:17,8.09,26.33,-71.03
pH1,4/6/26 12:18,8.11,26.35,-71.77
pH1,4/6/26 12:19,8.09,26.38,-70.61
pH1,4/6/26 12:20,8.1,26.4,-71.25
pH1,4/6/26 12:21,8.11,26.43,-72.14
pH1,4/6/26 12:22,8.11,26.48,-72.08
pH1,4/6/26 12:23,8.09,26.5,-70.71
pH1,4/6/26 12:24,8.08,26.5,-70.49
pH1,4/6/26 12:25,8.09,26.52,-70.97
pH1,4/6/26 12:26,8.09,26.52,-71.02
pH1,4/6/26 12:27,8.09,26.55,-71.02
pH1,4/6/26 12:28,8.09,26.55,-71.03
pH1,4/6/26 12:29,8.1,26.57,-71.19
pH1,4/6/26 12:30,8.09,26.57,-70.77
pH1,4/6/26 12:31,8.09,26.57,-70.85
pH1,4/6/26 12:32,8.09,26.6,-71.05
pH1,4/6/26 12:33,8.1,26.6,-71.5
pH1,4/6/26 12:34,8.08,26.6,-70.5
pH1,4/6/26 12:35,8.08,26.6,-70.35
pH1,4/6/26 12:36,8.1,26.62,-71.6
pH1,4/6/26 12:37,8.1,26.62,-71.38
pH1,4/6/26 12:38,8.1,26.65,-71.41
pH1,4/6/26 12:39,8.1,26.65,-71.41
pH1,4/6/26 12:40,8.1,26.67,-71.69
pH1,4/6/26 12:41,8.09,26.67,-71.08
pH1,4/6/26 12:42,8.1,26.7,-71.52
pH1,4/6/26 12:43,8.1,26.72,-71.67
pH1,4/6/26 12:44,8.1,26.72,-71.69
pH1,4/6/26 12:45,8.1,26.74,-71.52
pH1,4/6/26 12:46,8.1,26.77,-71.66
pH1,4/6/26 12:47,8.1,26.77,-71.61
pH1,4/6/26 12:48,8.09,26.77,-70.81
pH1,4/6/26 12:49,8.1,26.77,-71.31
pH1,4/6/26 12:50,8.1,26.77,-71.64
pH1,4/6/26 12:51,8.1,26.77,-71.33
pH1,4/6/26 12:52,8.1,26.79,-71.53
pH1,4/6/26 12:53,8.1,26.79,-71.5
pH1,4/6/26 12:54,8.1,26.79,-71.58
pH1,4/6/26 12:55,8.1,26.79,-71.47
pH1,4/6/26 12:56,8.1,26.79,-71.61
pH1,4/6/26 12:57,8.1,26.82,-71.52
pH1,4/6/26 12:58,8.1,26.82,-71.47
pH1,4/6/26 12:59,8.1,26.82,-71.71
pH1,4/6/26 13:00,8.1,26.82,-71.64
pH1,4/6/26 13:01,8.1,26.82,-71.69
pH1,4/6/26 13:02,8.1,26.84,-71.64
pH1,4/6/26 13:03,8.1,26.84,-71.69
pH1,4/6/26 13:04,8.11,26.84,-71.8
pH1,4/6/26 13:05,8.11,26.84,-72
pH1,4/6/26 13:06,8.11,26.87,-71.94
pH1,4/6/26 13:07,8.11,26.87,-72.08
pH1,4/6/26 13:08,8.1,26.87,-71.5
pH1,4/6/26 13:09,8.11,26.87,-71.85
pH1,4/6/26 13:10,8.11,26.89,-72
pH1,4/6/26 13:11,8.11,26.89,-72.13
pH1,4/6/26 13:12,8.1,26.89,-71.74
pH1,4/6/26 13:13,8.11,26.92,-71.92
pH1,4/6/26 13:14,8.11,26.92,-72.24
pH1,4/6/26 13:15,8.11,26.94,-72.03
pH1,4/6/26 13:16,8.11,26.94,-72.02
pH1,4/6/26 13:17,8.1,26.94,-71.78
pH1,4/6/26 13:18,8.1,26.94,-71.8
pH1,4/6/26 13:19,8.11,26.94,-71.92
pH1,4/6/26 13:20,8.11,26.94,-71.96
pH1,4/6/26 13:21,8.11,26.94,-72.02
pH1,4/6/26 13:22,8.11,26.94,-71.88
pH1,4/6/26 13:23,8.11,26.94,-72.03
pH1,4/6/26 13:24,8.11,26.94,-71.97
pH1,4/6/26 13:25,8.11,26.94,-72
pH1,4/6/26 13:26,8.11,26.94,-72.21
pH1,4/6/26 13:27,8.11,26.96,-72.24
pH1,4/6/26 13:28,8.11,26.96,-72.35
pH1,4/6/26 13:29,8.12,26.96,-72.49
pH1,4/6/26 13:30,8.11,26.96,-72.38
pH1,4/6/26 13:31,8.12,26.99,-72.63
pH1,4/6/26 13:32,8.12,26.99,-72.55
pH1,4/6/26 13:33,8.12,27.01,-72.67
pH1,4/6/26 13:34,8.12,27.01,-72.55
pH1,4/6/26 13:35,8.12,27.01,-72.6
pH1,4/6/26 13:36,8.12,27.04,-72.74
pH1,4/6/26 13:37,8.1,27.01,-71.64
pH1,4/6/26 13:38,8.12,27.04,-72.66
pH1,4/6/26 13:39,8.12,27.06,-72.71
pH1,4/6/26 13:40,8.11,27.06,-72.41
pH1,4/6/26 13:41,8.12,27.06,-72.6
pH1,4/6/26 13:42,8.12,27.09,-72.74
pH1,4/6/26 13:43,8.12,27.09,-72.74
pH1,4/6/26 13:44,8.12,27.11,-72.72
pH1,4/6/26 13:45,8.12,27.11,-72.58
pH1,4/6/26 13:46,8.11,27.11,-72.33
pH1,4/6/26 13:47,8.12,27.11,-72.47
pH1,4/6/26 13:48,8.11,27.11,-72.41
pH1,4/6/26 13:49,8.12,27.14,-72.69
pH1,4/6/26 13:50,8.12,27.14,-72.5
pH1,4/6/26 13:51,8.12,27.14,-72.46
pH1,4/6/26 13:52,8.11,27.11,-72.08
pH1,4/6/26 13:53,8.1,27.11,-71.85
pH1,4/6/26 13:54,8.11,27.11,-71.92
pH1,4/6/26 13:55,8.11,27.11,-72.42
pH1,4/6/26 13:56,8.12,27.11,-72.91
pH1,4/6/26 13:57,8.12,27.11,-72.55
pH1,4/6/26 13:58,8.11,27.11,-72.35
pH1,4/6/26 13:59,8.11,27.09,-72.03
pH1,4/6/26 14:00,8.11,27.09,-72.1
pH1,4/6/26 14:01,8.12,27.11,-72.88
pH1,4/6/26 14:02,8.11,27.09,-72.39
pH1,4/6/26 14:03,8.11,27.09,-72.19
pH1,4/6/26 14:04,8.12,27.09,-72.49
pH1,4/6/26 14:05,8.12,27.09,-73
pH1,4/6/26 14:06,8.12,27.09,-72.69
pH1,4/6/26 14:07,8.12,27.09,-72.6
pH1,4/6/26 14:08,8.12,27.11,-72.74
pH1,4/6/26 14:09,8.12,27.11,-72.63
pH1,4/6/26 14:10,8.12,27.11,-72.5
pH1,4/6/26 14:11,8.12,27.11,-72.72
pH1,4/6/26 14:12,8.13,27.14,-73.06
pH1,4/6/26 14:13,8.12,27.14,-72.78
pH1,4/6/26 14:14,8.12,27.14,-72.89
pH1,4/6/26 14:15,8.12,27.14,-72.91
pH1,4/6/26 14:16,8.12,27.14,-72.67
pH1,4/6/26 14:17,8.12,27.16,-72.81
pH1,4/6/26 14:18,8.12,27.16,-72.89
pH1,4/6/26 14:19,8.12,27.19,-72.88
pH1,4/6/26 14:20,8.12,27.19,-72.89
pH1,4/6/26 14:21,8.12,27.21,-72.99
pH1,4/6/26 14:22,8.12,27.21,-72.92
pH1,4/6/26 14:23,8.12,27.21,-72.75
pH1,4/6/26 14:24,8.12,27.23,-72.86
pH1,4/6/26 14:25,8.12,27.26,-72.97
pH1,4/6/26 14:26,8.12,27.26,-72.81
pH1,4/6/26 14:27,8.12,27.26,-72.71
pH1,4/6/26 14:28,8.12,27.28,-72.67
pH1,4/6/26 14:29,8.12,27.28,-72.66
pH1,4/6/26 14:30,8.12,27.28,-72.88
pH1,4/6/26 14:31,8.12,27.31,-72.78
pH1,4/6/26 14:32,8.12,27.31,-72.61
pH1,4/6/26 14:33,8.11,27.31,-72.42
pH1,4/6/26 14:34,8.12,27.33,-72.58
pH1,4/6/26 14:35,8.12,27.33,-72.5
pH1,4/6/26 14:36,8.11,27.33,-72.14
pH1,4/6/26 14:37,8.11,27.36,-72.11
pH1,4/6/26 14:38,8.11,27.33,-72.05
pH1,4/6/26 14:39,8.11,27.36,-72.13
pH1,4/6/26 14:40,8.11,27.36,-72.22
pH1,4/6/26 14:41,8.11,27.38,-72.24
pH1,4/6/26 14:42,8.11,27.38,-72.25
pH1,4/6/26 14:43,8.11,27.38,-72.08
pH1,4/6/26 14:44,8.11,27.38,-72
pH1,4/6/26 14:45,8.11,27.36,-72.05
pH1,4/6/26 14:46,8.11,27.36,-72.03
pH1,4/6/26 14:47,8.11,27.36,-72.05
pH1,4/6/26 14:48,8.11,27.36,-72.02
pH1,4/6/26 14:49,8.11,27.36,-72.03
pH1,4/6/26 14:50,8.11,27.36,-72.1
pH1,4/6/26 14:51,8.11,27.36,-72.17
pH1,4/6/26 14:52,8.11,27.36,-72.25
pH1,4/6/26 14:53,8.11,27.36,-72.28
pH1,4/6/26 14:54,8.11,27.36,-72.25
pH1,4/6/26 14:55,8.11,27.33,-72.25
pH1,4/6/26 14:56,8.11,27.33,-72.3
pH1,4/6/26 14:57,8.11,27.33,-72.25
pH1,4/6/26 14:58,8.11,27.33,-72.22
pH1,4/6/26 14:59,8.11,27.33,-72.19
pH1,4/6/26 15:00,8.11,27.33,-72.25
pH1,4/6/26 15:01,8.11,27.33,-72.27
pH1,4/6/26 15:02,8.11,27.31,-72.25
pH1,4/6/26 15:03,8.11,27.31,-72.31
pH1,4/6/26 15:04,8.11,27.31,-72.33
pH1,4/6/26 15:05,8.11,27.31,-72.22
pH1,4/6/26 15:06,8.11,27.28,-72.21
pH1,4/6/26 15:07,8.11,27.28,-72.27
pH1,4/6/26 15:08,8.11,27.28,-72.17
pH1,4/6/26 15:09,8.11,27.28,-72.16
pH1,4/6/26 15:10,8.11,27.28,-72.1
pH1,4/6/26 15:11,8.11,27.28,-72.11
pH1,4/6/26 15:12,8.11,27.28,-72.05
pH1,4/6/26 15:13,8.11,27.28,-72.05
pH1,4/6/26 15:14,8.11,27.28,-72.03
pH1,4/6/26 15:15,8.11,27.28,-72.02
pH1,4/6/26 15:16,8.11,27.28,-71.99
pH1,4/6/26 15:17,8.11,27.31,-71.99
pH1,4/6/26 15:18,8.11,27.31,-71.97
pH1,4/6/26 15:19,8.11,27.31,-71.97
pH1,4/6/26 15:20,8.11,27.31,-71.97
pH1,4/6/26 15:21,8.11,27.31,-71.96
pH1,4/6/26 15:22,8.11,27.31,-71.97
pH1,4/6/26 15:23,8.11,27.31,-71.99
pH1,4/6/26 15:24,8.11,27.31,-72.17
pH1,4/6/26 15:25,8.11,27.31,-72.1
pH1,4/6/26 15:26,8.11,27.31,-72.08
pH1,4/6/26 15:27,8.11,27.31,-72.05
pH1,4/6/26 15:28,8.11,27.31,-72.03
pH1,4/6/26 15:29,8.11,27.31,-72
pH1,4/6/26 15:30,8.11,27.31,-72.02
pH1,4/6/26 15:31,8.11,27.28,-72
pH1,4/6/26 15:32,8.11,27.28,-72
pH1,4/6/26 15:33,8.11,27.28,-72.02
pH1,4/6/26 15:34,8.11,27.28,-72.06
pH1,4/6/26 15:35,8.11,27.28,-72.1
pH1,4/6/26 15:36,8.11,27.28,-72.02
pH1,4/6/26 15:37,8.11,27.26,-72
pH1,4/6/26 15:38,8.11,27.26,-72.02
pH1,4/6/26 15:39,8.11,27.26,-72.02
pH1,4/6/26 15:40,8.11,27.26,-72.05
pH1,4/6/26 15:41,8.11,27.26,-72.02
pH1,4/6/26 15:42,8.11,27.26,-71.99
pH1,4/6/26 15:43,8.11,27.26,-71.97
pH1,4/6/26 15:44,8.11,27.26,-72
pH1,4/6/26 15:45,8.11,27.26,-71.97
pH1,4/6/26 15:46,8.11,27.23,-71.97
pH1,4/6/26 15:47,8.11,27.23,-71.99
pH1,4/6/26 15:48,8.11,27.23,-71.97
pH1,4/6/26 15:49,8.11,27.23,-71.94
pH1,4/6/26 15:50,8.11,27.23,-71.92
pH1,4/6/26 15:51,8.11,27.23,-71.94
pH1,4/6/26 15:52,8.11,27.23,-71.96
pH1,4/6/26 15:53,8.11,27.23,-71.97
pH1,4/6/26 15:54,8.11,27.23,-71.97
pH1,4/6/26 15:55,8.11,27.23,-72
pH1,4/6/26 15:56,8.11,27.23,-71.97
pH1,4/6/26 15:57,8.11,27.23,-71.94
pH1,4/6/26 15:58,8.11,27.23,-71.89
pH1,4/6/26 15:59,8.1,27.21,-71.86
pH1,4/6/26 16:00,8.1,27.21,-71.86
pH1,4/6/26 16:01,8.1,27.21,-71.85
pH1,4/6/26 16:02,8.1,27.21,-71.81
pH1,4/6/26 16:03,8.1,27.21,-71.81
pH1,4/6/26 16:04,8.1,27.19,-71.81
pH1,4/6/26 16:05,8.1,27.19,-71.81
pH1,4/6/26 16:06,8.1,27.19,-71.77
pH1,4/6/26 16:07,8.1,27.16,-71.78
pH1,4/6/26 16:08,8.1,27.16,-71.78
pH1,4/6/26 16:09,8.1,27.14,-71.81
pH1,4/6/26 16:10,8.1,27.14,-71.81
pH1,4/6/26 16:11,8.1,27.14,-71.8
pH1,4/6/26 16:12,8.1,27.14,-71.8
pH1,4/6/26 16:13,8.1,27.11,-71.78
pH1,4/6/26 16:14,8.1,27.11,-71.75
pH1,4/6/26 16:15,8.1,27.09,-71.72
pH1,4/6/26 16:16,8.1,27.09,-71.72
pH1,4/6/26 16:17,8.1,27.06,-71.69
pH1,4/6/26 16:18,8.1,27.06,-71.67
pH1,4/6/26 16:19,8.1,27.04,-71.66
pH1,4/6/26 16:20,8.1,27.04,-71.67
pH1,4/6/26 16:21,8.1,27.04,-71.64
pH1,4/6/26 16:22,8.1,27.01,-71.66
pH1,4/6/26 16:23,8.1,27.01,-71.67
pH1,4/6/26 16:24,8.1,27.01,-71.63
pH1,4/6/26 16:25,8.1,27.01,-71.64
pH1,4/6/26 16:26,8.1,26.99,-71.6
pH1,4/6/26 16:27,8.1,26.99,-71.56
pH1,4/6/26 16:28,8.1,26.99,-71.53
pH1,4/6/26 16:29,8.1,26.96,-71.52
pH1,4/6/26 16:30,8.1,26.96,-71.52
pH1,4/6/26 16:31,8.1,26.94,-71.5
pH1,4/6/26 16:32,8.1,26.92,-71.5
pH1,4/6/26 16:33,8.1,26.92,-71.49
pH1,4/6/26 16:34,8.1,26.89,-71.44
pH1,4/6/26 16:35,8.1,26.89,-71.47
pH1,4/6/26 16:36,8.1,26.87,-71.44
pH1,4/6/26 16:37,8.1,26.87,-71.42
pH1,4/6/26 16:38,8.1,26.84,-71.36
pH1,4/6/26 16:39,8.1,26.82,-71.31
pH1,4/6/26 16:40,8.1,26.79,-71.31
pH1,4/6/26 16:41,8.1,26.79,-71.3
pH1,4/6/26 16:42,8.1,26.77,-71.3
pH1,4/6/26 16:43,8.1,26.74,-71.27
pH1,4/6/26 16:44,8.1,26.72,-71.25
pH1,4/6/26 16:45,8.1,26.7,-71.24
pH1,4/6/26 16:46,8.1,26.7,-71.22
pH1,4/6/26 16:47,8.1,26.67,-71.19
pH1,4/6/26 16:48,8.09,26.65,-71.16
pH1,4/6/26 16:49,8.09,26.62,-71.11
pH1,4/6/26 16:50,8.09,26.6,-71.08
pH1,4/6/26 16:51,8.09,26.57,-71.03
pH1,4/6/26 16:52,8.09,26.55,-71
pH1,4/6/26 16:53,8.09,26.52,-71
pH1,4/6/26 16:54,8.09,26.52,-70.97
pH1,4/6/26 16:55,8.09,26.5,-70.96
pH1,4/6/26 16:56,8.09,26.48,-70.96
pH1,4/6/26 16:57,8.09,26.45,-70.94
pH1,4/6/26 16:58,8.09,26.43,-70.92
pH1,4/6/26 16:59,8.09,26.4,-70.91
pH1,4/6/26 17:00,8.09,26.38,-70.89
pH1,4/6/26 17:01,8.09,26.38,-70.89
pH1,4/6/26 17:02,8.09,26.35,-70.88
pH1,4/6/26 17:03,8.09,26.33,-70.86
pH1,4/6/26 17:04,8.09,26.3,-70.83
pH1,4/6/26 17:05,8.09,26.28,-70.78
pH1,4/6/26 17:06,8.09,26.26,-70.75
pH1,4/6/26 17:07,8.09,26.26,-70.71
pH1,4/6/26 17:08,8.09,26.23,-70.67
pH1,4/6/26 17:09,8.09,26.21,-70.64
pH1,4/6/26 17:10,8.09,26.18,-70.63
pH1,4/6/26 17:11,8.09,26.16,-70.58
pH1,4/6/26 17:12,8.09,26.13,-70.56
pH1,4/6/26 17:13,8.09,26.13,-70.55
pH1,4/6/26 17:14,8.09,26.11,-70.53
pH1,4/6/26 17:15,8.09,26.08,-70.52
pH1,4/6/26 17:16,8.09,26.06,-70.5
pH1,4/6/26 17:17,8.09,26.04,-70.47
pH1,4/6/26 17:18,8.09,26.04,-70.49
pH1,4/6/26 17:19,8.08,26.01,-70.44
pH1,4/6/26 17:20,8.08,25.99,-70.42
pH1,4/6/26 17:21,8.08,25.99,-70.41
pH1,4/6/26 17:22,8.08,25.96,-70.41
pH1,4/6/26 17:23,8.08,25.96,-70.41
pH1,4/6/26 17:24,8.08,25.94,-70.39
pH1,4/6/26 17:25,8.08,25.91,-70.36
pH1,4/6/26 17:26,8.08,25.91,-70.35
pH1,4/6/26 17:27,8.08,25.89,-70.33
pH1,4/6/26 17:28,8.08,25.89,-70.31
pH1,4/6/26 17:29,8.08,25.87,-70.31
pH1,4/6/26 17:30,8.08,25.84,-70.31
pH1,4/6/26 17:31,8.08,25.84,-70.3
pH1,4/6/26 17:32,8.08,25.82,-70.27
pH1,4/6/26 17:33,8.08,25.82,-70.25
pH1,4/6/26 17:34,8.08,25.79,-70.21
pH1,4/6/26 17:35,8.08,25.79,-70.17
pH1,4/6/26 17:36,8.08,25.77,-70.13
pH1,4/6/26 17:37,8.08,25.74,-70.1
pH1,4/6/26 17:38,8.08,25.74,-70.08
pH1,4/6/26 17:39,8.08,25.72,-70.06
pH1,4/6/26 17:40,8.08,25.72,-70.06
pH1,4/6/26 17:41,8.08,25.7,-70.03
pH1,4/6/26 17:42,8.08,25.7,-70
pH1,4/6/26 17:43,8.08,25.67,-69.97
pH1,4/6/26 17:44,8.08,25.65,-69.94
pH1,4/6/26 17:45,8.08,25.65,-69.91
pH1,4/6/26 17:46,8.08,25.62,-69.88
pH1,4/6/26 17:47,8.08,25.62,-69.86
pH1,4/6/26 17:48,8.08,25.6,-69.86
pH1,4/6/26 17:49,8.08,25.57,-69.83
pH1,4/6/26 17:50,8.08,25.57,-69.8
pH1,4/6/26 17:51,8.07,25.55,-69.77
pH1,4/6/26 17:52,8.07,25.55,-69.74
pH1,4/6/26 17:53,8.07,25.53,-69.72
pH1,4/6/26 17:54,8.07,25.5,-69.69
pH1,4/6/26 17:55,8.07,25.5,-69.67
pH1,4/6/26 17:56,8.07,25.48,-69.66
pH1,4/6/26 17:57,8.07,25.45,-69.63
pH1,4/6/26 17:58,8.07,25.45,-69.6
pH1,4/6/26 17:59,8.07,25.43,-69.58
pH1,4/6/26 18:00,8.07,25.43,-69.56
pH1,4/6/26 18:01,8.07,25.4,-69.52
pH1,4/6/26 18:02,8.07,25.38,-69.49
pH1,4/6/26 18:03,8.07,25.38,-69.49
pH1,4/6/26 18:04,8.07,25.36,-69.46
pH1,4/6/26 18:05,8.07,25.36,-69.42
pH1,4/6/26 18:06,8.07,25.33,-69.39
pH1,4/6/26 18:07,8.07,25.33,-69.39
pH1,4/6/26 18:08,8.07,25.31,-69.36
pH1,4/6/26 18:09,8.07,25.31,-69.35
pH1,4/6/26 18:10,8.07,25.28,-69.31
pH1,4/6/26 18:11,8.07,25.28,-69.28
pH1,4/6/26 18:12,8.07,25.26,-69.27
pH1,4/6/26 18:13,8.07,25.26,-69.31
pH1,4/6/26 18:14,8.07,25.23,-69.33
pH1,4/6/26 18:15,8.07,25.21,-69.25
pH1,4/6/26 18:16,8.07,25.21,-69.27
pH1,4/6/26 18:17,8.07,25.19,-69.24
pH1,4/6/26 18:18,8.07,25.16,-69.14
pH1,4/6/26 18:19,8.06,25.16,-69.1
pH1,4/6/26 18:20,8.06,25.14,-69.06
pH1,4/6/26 18:21,8.06,25.14,-69.03
pH1,4/6/26 18:22,8.06,25.11,-69
pH1,4/6/26 18:23,8.06,25.11,-68.99
pH1,4/6/26 18:24,8.06,25.09,-68.99
pH1,4/6/26 18:25,8.06,25.09,-68.96
pH1,4/6/26 18:26,8.06,25.06,-68.92
pH1,4/6/26 18:27,8.06,25.06,-68.91
pH1,4/6/26 18:28,8.06,25.04,-68.88
pH1,4/6/26 18:29,8.06,25.04,-68.83
pH1,4/6/26 18:30,8.06,25.02,-68.78
pH1,4/6/26 18:31,8.06,25.02,-68.78
pH1,4/6/26 18:32,8.06,25.02,-68.75
pH1,4/6/26 18:33,8.06,24.99,-68.72
pH1,4/6/26 18:34,8.06,24.99,-68.71
pH1,4/6/26 18:35,8.06,24.97,-68.66
pH1,4/6/26 18:36,8.06,24.97,-68.64
pH1,4/6/26 18:37,8.06,24.94,-68.61
pH1,4/6/26 18:38,8.06,24.94,-68.55
pH1,4/6/26 18:39,8.06,24.92,-68.55
pH1,4/6/26 18:40,8.06,24.92,-68.52
pH1,4/6/26 18:41,8.06,24.9,-68.5
pH1,4/6/26 18:42,8.06,24.9,-68.49
pH1,4/6/26 18:43,8.05,24.9,-68.46
pH1,4/6/26 18:44,8.05,24.87,-68.44
pH1,4/6/26 18:45,8.05,24.87,-68.41
pH1,4/6/26 18:46,8.05,24.85,-68.38
pH1,4/6/26 18:47,8.05,24.85,-68.35
pH1,4/6/26 18:48,8.05,24.82,-68.33
pH1,4/6/26 18:49,8.05,24.82,-68.3
pH1,4/6/26 18:50,8.05,24.82,-68.25
pH1,4/6/26 18:51,8.05,24.8,-68.24
pH1,4/6/26 18:52,8.05,24.8,-68.22
pH1,4/6/26 18:53,8.05,24.77,-68.19
pH1,4/6/26 18:54,8.05,24.77,-68.17
pH1,4/6/26 18:55,8.05,24.75,-68.13
pH1,4/6/26 18:56,8.05,24.75,-68.13
pH1,4/6/26 18:57,8.05,24.75,-68.08
pH1,4/6/26 18:58,8.05,24.73,-68.06
pH1,4/6/26 18:59,8.05,24.73,-68.05
pH1,4/6/26 19:00,8.05,24.7,-68
pH1,4/6/26 19:01,8.05,24.7,-67.99
pH1,4/6/26 19:02,8.05,24.7,-67.99
pH1,4/6/26 19:03,8.05,24.68,-67.94
pH1,4/6/26 19:04,8.05,24.68,-67.89
pH1,4/6/26 19:05,8.05,24.65,-67.89
pH1,4/6/26 19:06,8.05,24.65,-67.88
pH1,4/6/26 19:07,8.04,24.65,-67.83
pH1,4/6/26 19:08,8.04,24.63,-67.8
pH1,4/6/26 19:09,8.04,24.63,-67.78
pH1,4/6/26 19:10,8.04,24.63,-67.77
pH1,4/6/26 19:11,8.04,24.6,-67.77
pH1,4/6/26 19:12,8.04,24.6,-67.71
pH1,4/6/26 19:13,8.04,24.6,-67.72
pH1,4/6/26 19:14,8.04,24.58,-67.69
pH1,4/6/26 19:15,8.04,24.58,-67.67
pH1,4/6/26 19:16,8.04,24.58,-67.61
pH1,4/6/26 19:17,8.04,24.56,-67.63
pH1,4/6/26 19:18,8.04,24.56,-67.63
pH1,4/6/26 19:19,8.04,24.56,-67.58
pH1,4/6/26 19:20,8.04,24.53,-67.56
pH1,4/6/26 19:21,8.04,24.53,-67.52
pH1,4/6/26 19:22,8.04,24.53,-67.52
pH1,4/6/26 19:23,8.04,24.53,-67.5
pH1,4/6/26 19:24,8.04,24.51,-67.49
pH1,4/6/26 19:25,8.04,24.51,-67.46
pH1,4/6/26 19:26,8.04,24.51,-67.41
pH1,4/6/26 19:27,8.04,24.48,-67.41
pH1,4/6/26 19:28,8.04,24.48,-67.41
pH1,4/6/26 19:29,8.04,24.48,-67.39
pH1,4/6/26 19:30,8.04,24.48,-67.35
pH1,4/6/26 19:31,8.04,24.46,-67.35
pH1,4/6/26 19:32,8.04,24.46,-67.31
pH1,4/6/26 19:33,8.04,24.46,-67.33
pH1,4/6/26 19:34,8.04,24.44,-67.28
pH1,4/6/26 19:35,8.04,24.44,-67.27
pH1,4/6/26 19:36,8.03,24.44,-67.22
pH1,4/6/26 19:37,8.03,24.44,-67.22
pH1,4/6/26 19:38,8.03,24.41,-67.22
pH1,4/6/26 19:39,8.03,24.41,-67.19
pH1,4/6/26 19:40,8.03,24.41,-67.17
pH1,4/6/26 19:41,8.03,24.41,-67.14
pH1,4/6/26 19:42,8.03,24.39,-67.13
pH1,4/6/26 19:43,8.03,24.39,-67.13
pH1,4/6/26 19:44,8.03,24.39,-67.1
pH1,4/6/26 19:45,8.03,24.36,-67.08
pH1,4/6/26 19:46,8.03,24.36,-67.08
pH1,4/6/26 19:47,8.03,24.36,-67.05
pH1,4/6/26 19:48,8.03,24.36,-67.03
pH1,4/6/26 19:49,8.03,24.34,-67.02
pH1,4/6/26 19:50,8.03,24.34,-66.99
pH1,4/6/26 19:51,8.03,24.34,-66.99
pH1,4/6/26 19:52,8.03,24.34,-66.96
pH1,4/6/26 19:53,8.03,24.32,-66.92
pH1,4/6/26 19:54,8.03,24.32,-66.94
pH1,4/6/26 19:55,8.03,24.32,-66.91
pH1,4/6/26 19:56,8.03,24.32,-66.88
pH1,4/6/26 19:57,8.03,24.29,-66.83
pH1,4/6/26 19:58,8.03,24.29,-66.83
pH1,4/6/26 19:59,8.03,24.29,-66.83
pH1,4/6/26 20:00,8.03,24.29,-66.81
pH1,4/6/26 20:01,8.03,24.27,-66.78
pH1,4/6/26 20:02,8.03,24.27,-66.75
pH1,4/6/26 20:03,8.03,24.27,-66.74
pH1,4/6/26 20:04,8.03,24.27,-66.75
pH1,4/6/26 20:05,8.03,24.24,-66.74
pH1,4/6/26 20:06,8.03,24.24,-66.72
pH1,4/6/26 20:07,8.03,24.24,-66.67
pH1,4/6/26 20:08,8.03,24.24,-66.67
pH1,4/6/26 20:09,8.03,24.22,-66.67
pH1,4/6/26 20:10,8.03,24.22,-66.64
pH1,4/6/26 20:11,8.02,24.22,-66.6
pH1,4/6/26 20:12,8.02,24.22,-66.58
pH1,4/6/26 20:13,8.02,24.19,-66.6
pH1,4/6/26 20:14,8.02,24.19,-66.58
pH1,4/6/26 20:15,8.02,24.19,-66.58
pH1,4/6/26 20:16,8.02,24.19,-66.55
pH1,4/6/26 20:17,8.02,24.19,-66.52
pH1,4/6/26 20:18,8.02,24.17,-66.53
pH1,4/6/26 20:19,8.02,24.17,-66.5
pH1,4/6/26 20:20,8.02,24.17,-66.49
pH1,4/6/26 20:21,8.02,24.17,-66.47
pH1,4/6/26 20:22,8.02,24.17,-66.44
pH1,4/6/26 20:23,8.02,24.15,-66.44
pH1,4/6/26 20:24,8.02,24.15,-66.44
pH1,4/6/26 20:25,8.02,24.15,-66.39
pH1,4/6/26 20:26,8.02,24.15,-66.35
pH1,4/6/26 20:27,8.02,24.15,-66.38
pH1,4/6/26 20:28,8.02,24.12,-66.36
pH1,4/6/26 20:29,8.02,24.12,-66.36
pH1,4/6/26 20:30,8.02,24.12,-66.31
pH1,4/6/26 20:31,8.02,24.12,-66.33
pH1,4/6/26 20:32,8.02,24.1,-66.3
pH1,4/6/26 20:33,8.02,24.1,-66.3
pH1,4/6/26 20:34,8.02,24.1,-66.27
pH1,4/6/26 20:35,8.02,24.07,-66.25
pH1,4/6/26 20:36,8.02,24.07,-66.25
pH1,4/6/26 20:37,8.02,24.07,-66.24
pH1,4/6/26 20:38,8.02,24.05,-66.24
pH1,4/6/26 20:39,8.02,24.05,-66.24
pH1,4/6/26 20:40,8.02,24.03,-66.21
pH1,4/6/26 20:41,8.02,24.03,-66.21
pH1,4/6/26 20:42,8.02,24.03,-66.17
pH1,4/6/26 20:43,8.02,24,-66.17
pH1,4/6/26 20:44,8.02,24,-66.16
pH1,4/6/26 20:45,8.02,23.98,-66.16
pH1,4/6/26 20:46,8.02,23.98,-66.13
pH1,4/6/26 20:47,8.02,23.98,-66.14
pH1,4/6/26 20:48,8.02,23.95,-66.11
pH1,4/6/26 20:49,8.02,23.95,-66.11
pH1,4/6/26 20:50,8.02,23.95,-66.08
pH1,4/6/26 20:51,8.02,23.93,-66.06
pH1,4/6/26 20:52,8.02,23.93,-66.06
pH1,4/6/26 20:53,8.02,23.93,-66.05
pH1,4/6/26 20:54,8.02,23.91,-66.03
pH1,4/6/26 20:55,8.02,23.91,-66.02
pH1,4/6/26 20:56,8.02,23.91,-66
pH1,4/6/26 20:57,8.02,23.88,-65.97
pH1,4/6/26 20:58,8.02,23.88,-65.97
pH1,4/6/26 20:59,8.02,23.88,-65.97
pH1,4/6/26 21:00,8.01,23.86,-65.96
pH1,4/6/26 21:01,8.01,23.86,-65.94
pH1,4/6/26 21:02,8.01,23.86,-65.92
pH1,4/6/26 21:03,8.01,23.86,-65.94
pH1,4/6/26 21:04,8.01,23.83,-65.91
pH1,4/6/26 21:05,8.01,23.83,-65.91
pH1,4/6/26 21:06,8.01,23.83,-65.88
pH1,4/6/26 21:07,8.01,23.83,-65.88
pH1,4/6/26 21:08,8.01,23.81,-65.85
pH1,4/6/26 21:09,8.01,23.81,-65.85
pH1,4/6/26 21:10,8.01,23.81,-65.85
pH1,4/6/26 21:11,8.01,23.81,-65.83
pH1,4/6/26 21:12,8.01,23.79,-65.8
pH1,4/6/26 21:13,8.01,23.79,-65.78
pH1,4/6/26 21:14,8.01,23.79,-65.77
pH1,4/6/26 21:15,8.01,23.79,-65.77
pH1,4/6/26 21:16,8.01,23.76,-65.77
pH1,4/6/26 21:17,8.01,23.76,-65.74
pH1,4/6/26 21:18,8.01,23.76,-65.74
pH1,4/6/26 21:19,8.01,23.74,-65.72
pH1,4/6/26 21:20,8.01,23.74,-65.72
pH1,4/6/26 21:21,8.01,23.74,-65.71
pH1,4/6/26 21:22,8.01,23.74,-65.69
pH1,4/6/26 21:23,8.01,23.71,-65.69
pH1,4/6/26 21:24,8.01,23.71,-65.67
pH1,4/6/26 21:25,8.01,23.71,-65.66
pH1,4/6/26 21:26,8.01,23.71,-65.66
pH1,4/6/26 21:27,8.01,23.69,-65.64
pH1,4/6/26 21:28,8.01,23.69,-65.61
pH1,4/6/26 21:29,8.01,23.69,-65.61
pH1,4/6/26 21:30,8.01,23.69,-65.61
pH1,4/6/26 21:31,8.01,23.69,-65.61
pH1,4/6/26 21:32,8.01,23.66,-65.6
pH1,4/6/26 21:33,8.01,23.66,-65.6
pH1,4/6/26 21:34,8.01,23.66,-65.58
pH1,4/6/26 21:35,8.01,23.66,-65.56
pH1,4/6/26 21:36,8.01,23.64,-65.55
pH1,4/6/26 21:37,8.01,23.64,-65.53
pH1,4/6/26 21:38,8.01,23.64,-65.55
pH1,4/6/26 21:39,8.01,23.64,-65.53
pH1,4/6/26 21:40,8.01,23.64,-65.52
pH1,4/6/26 21:41,8.01,23.62,-65.52
pH1,4/6/26 21:42,8.01,23.62,-65.52
pH1,4/6/26 21:43,8.01,23.62,-65.49
pH1,4/6/26 21:44,8.01,23.62,-65.49
pH1,4/6/26 21:45,8.01,23.62,-65.46
pH1,4/6/26 21:46,8.01,23.59,-65.46
pH1,4/6/26 21:47,8.01,23.59,-65.46
pH1,4/6/26 21:48,8.01,23.59,-65.44
pH1,4/6/26 21:49,8.01,23.59,-65.42
pH1,4/6/26 21:50,8.01,23.59,-65.44
pH1,4/6/26 21:51,8.01,23.57,-65.44
pH1,4/6/26 21:52,8.01,23.57,-65.42
pH1,4/6/26 21:53,8.01,23.57,-65.39
pH1,4/6/26 21:54,8.01,23.57,-65.39
pH1,4/6/26 21:55,8.01,23.57,-65.41
pH1,4/6/26 21:56,8.01,23.57,-65.41
pH1,4/6/26 21:57,8.01,23.54,-65.38
pH1,4/6/26 21:58,8.01,23.54,-65.36
pH1,4/6/26 21:59,8.01,23.54,-65.36
pH1,4/6/26 22:00,8.01,23.54,-65.35
pH1,4/6/26 22:01,8.01,23.54,-65.35
pH1,4/6/26 22:02,8.01,23.52,-65.35
pH1,4/6/26 22:03,8.01,23.52,-65.35
pH1,4/6/26 22:04,8.01,23.52,-65.33
pH1,4/6/26 22:05,8,23.52,-65.31
pH1,4/6/26 22:06,8,23.52,-65.31
pH1,4/6/26 22:07,8,23.52,-65.3
pH1,4/6/26 22:08,8,23.5,-65.28
pH1,4/6/26 22:09,8,23.5,-65.28
pH1,4/6/26 22:10,8,23.5,-65.27
pH1,4/6/26 22:11,8,23.5,-65.27
pH1,4/6/26 22:12,8,23.5,-65.27
pH1,4/6/26 22:13,8,23.5,-65.25
pH1,4/6/26 22:14,8,23.5,-65.24
pH1,4/6/26 22:15,8,23.5,-65.25
pH1,4/6/26 22:16,8,23.47,-65.22
pH1,4/6/26 22:17,8,23.47,-65.22
pH1,4/6/26 22:18,8,23.47,-65.24
pH1,4/6/26 22:19,8,23.47,-65.21
pH1,4/6/26 22:20,8,23.47,-65.22
pH1,4/6/26 22:21,8,23.47,-65.21
pH1,4/6/26 22:22,8,23.47,-65.19
pH1,4/6/26 22:23,8,23.47,-65.19
pH1,4/6/26 22:24,8,23.47,-65.19
pH1,4/6/26 22:25,8,23.47,-65.19
pH1,4/6/26 22:26,8,23.47,-65.17
pH1,4/6/26 22:27,8,23.45,-65.16
pH1,4/6/26 22:28,8,23.45,-65.14
pH1,4/6/26 22:29,8,23.45,-65.13
pH1,4/6/26 22:30,8,23.45,-65.13
pH1,4/6/26 22:31,8,23.45,-65.14
pH1,4/6/26 22:32,8,23.45,-65.13
pH1,4/6/26 22:33,8,23.45,-65.13
pH1,4/6/26 22:34,8,23.45,-65.1
pH1,4/6/26 22:35,8,23.45,-65.11
pH1,4/6/26 22:36,8,23.45,-65.08
pH1,4/6/26 22:37,8,23.45,-65.06
pH1,4/6/26 22:38,8,23.42,-65.08
pH1,4/6/26 22:39,8,23.42,-65.06
pH1,4/6/26 22:40,8,23.42,-65.05
pH1,4/6/26 22:41,8,23.42,-65.03
pH1,4/6/26 22:42,8,23.42,-65.03
pH1,4/6/26 22:43,8,23.42,-65.02
pH1,4/6/26 22:44,8,23.42,-65.02
pH1,4/6/26 22:45,8,23.42,-65.02
pH1,4/6/26 22:46,8,23.42,-65
pH1,4/6/26 22:47,8,23.42,-64.97
pH1,4/6/26 22:48,8,23.4,-64.99
pH1,4/6/26 22:49,8,23.4,-64.99
pH1,4/6/26 22:50,8,23.4,-64.96
pH1,4/6/26 22:51,8,23.4,-64.97
pH1,4/6/26 22:52,8,23.4,-64.92
pH1,4/6/26 22:53,8,23.4,-64.97
pH1,4/6/26 22:54,8,23.4,-64.94
pH1,4/6/26 22:55,8,23.4,-64.91
pH1,4/6/26 22:56,8,23.4,-64.92
pH1,4/6/26 22:57,8,23.4,-64.92
pH1,4/6/26 22:58,8,23.4,-64.91
pH1,4/6/26 22:59,8,23.4,-64.89
pH1,4/6/26 23:00,8,23.38,-64.89
pH1,4/6/26 23:01,8,23.38,-64.89
pH1,4/6/26 23:02,8,23.38,-64.86
pH1,4/6/26 23:03,8,23.38,-64.89
pH1,4/6/26 23:04,8,23.38,-64.88
pH1,4/6/26 23:05,8,23.38,-64.86
pH1,4/6/26 23:06,8,23.38,-64.85
pH1,4/6/26 23:07,8,23.38,-64.83
pH1,4/6/26 23:08,8,23.38,-64.85
pH1,4/6/26 23:09,8,23.38,-64.81
pH1,4/6/26 23:10,8,23.38,-64.81
pH1,4/6/26 23:11,8,23.38,-64.83
pH1,4/6/26 23:12,8,23.35,-64.83
pH1,4/6/26 23:13,8,23.35,-64.8
pH1,4/6/26 23:14,8,23.35,-64.8
pH1,4/6/26 23:15,8,23.35,-64.78
pH1,4/6/26 23:16,8,23.35,-64.8
pH1,4/6/26 23:17,8,23.35,-64.78
pH1,4/6/26 23:18,8,23.35,-64.78
pH1,4/6/26 23:19,8,23.35,-64.78
pH1,4/6/26 23:20,8,23.35,-64.77
pH1,4/6/26 23:21,8,23.35,-64.77
pH1,4/6/26 23:22,8,23.35,-64.75
pH1,4/6/26 23:23,8,23.35,-64.74
pH1,4/6/26 23:24,8,23.35,-64.74
pH1,4/6/26 23:25,8,23.35,-64.72
pH1,4/6/26 23:26,7.99,23.35,-64.71
pH1,4/6/26 23:27,7.99,23.35,-64.71
pH1,4/6/26 23:28,8,23.35,-64.72
pH1,4/6/26 23:29,8,23.35,-64.72
pH1,4/6/26 23:30,7.99,23.35,-64.71
pH1,4/6/26 23:31,7.99,23.35,-64.71
pH1,4/6/26 23:32,7.99,23.35,-64.69
pH1,4/6/26 23:33,7.99,23.35,-64.71
pH1,4/6/26 23:34,7.99,23.35,-64.69
pH1,4/6/26 23:35,7.99,23.35,-64.66
pH1,4/6/26 23:36,7.99,23.35,-64.67
pH1,4/6/26 23:37,7.99,23.35,-64.66
pH1,4/6/26 23:38,7.99,23.35,-64.67
pH1,4/6/26 23:39,7.99,23.35,-64.64
pH1,4/6/26 23:40,7.99,23.35,-64.66
pH1,4/6/26 23:41,7.99,23.35,-64.63
pH1,4/6/26 23:42,7.99,23.35,-64.63
pH1,4/6/26 23:43,7.99,23.35,-64.64
pH1,4/6/26 23:44,7.99,23.35,-64.61
pH1,4/6/26 23:45,7.99,23.35,-64.6
pH1,4/6/26 23:46,7.99,23.35,-64.61
pH1,4/6/26 23:47,7.99,23.35,-64.61
pH1,4/6/26 23:48,7.99,23.35,-64.6
pH1,4/6/26 23:49,7.99,23.35,-64.6
pH1,4/6/26 23:50,7.99,23.35,-64.6
pH1,4/6/26 23:51,7.99,23.35,-64.6
pH1,4/6/26 23:52,7.99,23.35,-64.56
pH1,4/6/26 23:53,7.99,23.38,-64.56
pH1,4/6/26 23:54,7.99,23.38,-64.56
pH1,4/6/26 23:55,7.99,23.38,-64.56
pH1,4/6/26 23:56,7.99,23.38,-64.55
pH1,4/6/26 23:57,7.99,23.38,-64.56
pH1,4/6/26 23:58,7.99,23.38,-64.53
pH1,4/6/26 23:59,7.99,23.38,-64.55
pH1,4/7/26 0:00,7.99,23.38,-64.52
pH1,4/7/26 0:01,7.99,23.38,-64.53
pH1,4/7/26 0:02,7.99,23.38,-64.53
pH1,4/7/26 0:03,7.99,23.38,-64.5
pH1,4/7/26 0:04,7.99,23.38,-64.52
pH1,4/7/26 0:05,7.99,23.38,-64.5
pH1,4/7/26 0:06,7.99,23.38,-64.49
pH1,4/7/26 0:07,7.99,23.38,-64.5
pH1,4/7/26 0:08,7.99,23.38,-64.47
pH1,4/7/26 0:09,7.99,23.38,-64.46
pH1,4/7/26 0:10,7.99,23.38,-64.46
pH1,4/7/26 0:11,7.99,23.38,-64.47
pH1,4/7/26 0:12,7.99,23.38,-64.46
pH1,4/7/26 0:13,7.99,23.38,-64.46
pH1,4/7/26 0:14,7.99,23.38,-64.46
pH1,4/7/26 0:15,7.99,23.38,-64.46
pH1,4/7/26 0:16,7.99,23.38,-64.44
pH1,4/7/26 0:17,7.99,23.38,-64.44
pH1,4/7/26 0:18,7.99,23.38,-64.44
pH1,4/7/26 0:19,7.99,23.38,-64.44
pH1,4/7/26 0:20,7.99,23.38,-64.41
pH1,4/7/26 0:21,7.99,23.38,-64.39
pH1,4/7/26 0:22,7.99,23.38,-64.39
pH1,4/7/26 0:23,7.99,23.38,-64.39
pH1,4/7/26 0:24,7.99,23.38,-64.39
pH1,4/7/26 0:25,7.99,23.38,-64.36
pH1,4/7/26 0:26,7.99,23.38,-64.36
pH1,4/7/26 0:27,7.99,23.38,-64.36
pH1,4/7/26 0:28,7.99,23.38,-64.36
pH1,4/7/26 0:29,7.99,23.38,-64.36
pH1,4/7/26 0:30,7.99,23.38,-64.35
pH1,4/7/26 0:31,7.99,23.38,-64.35
pH1,4/7/26 0:32,7.99,23.38,-64.33
pH1,4/7/26 0:33,7.99,23.38,-64.33
pH1,4/7/26 0:34,7.99,23.38,-64.33
pH1,4/7/26 0:35,7.99,23.38,-64.31
pH1,4/7/26 0:36,7.99,23.38,-64.3
pH1,4/7/26 0:37,7.99,23.38,-64.3
pH1,4/7/26 0:38,7.99,23.38,-64.3
pH1,4/7/26 0:39,7.99,23.38,-64.3
pH1,4/7/26 0:40,7.99,23.38,-64.3
pH1,4/7/26 0:41,7.99,23.38,-64.3
pH1,4/7/26 0:42,7.99,23.38,-64.28
pH1,4/7/26 0:43,7.99,23.38,-64.28
pH1,4/7/26 0:44,7.99,23.38,-64.27
pH1,4/7/26 0:45,7.99,23.38,-64.25
pH1,4/7/26 0:46,7.99,23.38,-64.28
pH1,4/7/26 0:47,7.99,23.38,-64.25
pH1,4/7/26 0:48,7.99,23.38,-64.27
pH1,4/7/26 0:49,7.99,23.38,-64.24
pH1,4/7/26 0:50,7.99,23.38,-64.22
pH1,4/7/26 0:51,7.99,23.38,-64.25
pH1,4/7/26 0:52,7.99,23.38,-64.24
pH1,4/7/26 0:53,7.99,23.38,-64.21
pH1,4/7/26 0:54,7.99,23.38,-64.21
pH1,4/7/26 0:55,7.99,23.38,-64.19
pH1,4/7/26 0:56,7.99,23.38,-64.19
pH1,4/7/26 0:57,7.99,23.38,-64.19
pH1,4/7/26 0:58,7.99,23.38,-64.19
pH1,4/7/26 0:59,7.99,23.35,-64.17
pH1,4/7/26 1:00,7.99,23.35,-64.16
pH1,4/7/26 1:01,7.99,23.35,-64.17
pH1,4/7/26 1:02,7.99,23.35,-64.16
pH1,4/7/26 1:03,7.99,23.35,-64.17
pH1,4/7/26 1:04,7.99,23.35,-64.17
pH1,4/7/26 1:05,7.99,23.35,-64.14
pH1,4/7/26 1:06,7.98,23.35,-64.13
pH1,4/7/26 1:07,7.98,23.35,-64.13
pH1,4/7/26 1:08,7.98,23.35,-64.1
pH1,4/7/26 1:09,7.98,23.35,-64.13
pH1,4/7/26 1:10,7.98,23.35,-64.11
pH1,4/7/26 1:11,7.98,23.35,-64.1
pH1,4/7/26 1:12,7.98,23.35,-64.08
pH1,4/7/26 1:13,7.98,23.35,-64.11
pH1,4/7/26 1:14,7.98,23.35,-64.06
pH1,4/7/26 1:15,7.98,23.35,-64.06
pH1,4/7/26 1:16,7.98,23.35,-64.05
pH1,4/7/26 1:17,7.98,23.35,-64.05
pH1,4/7/26 1:18,7.98,23.33,-64.05
pH1,4/7/26 1:19,7.98,23.33,-64.02
pH1,4/7/26 1:20,7.98,23.33,-64.05
pH1,4/7/26 1:21,7.98,23.33,-64.02
pH1,4/7/26 1:22,7.98,23.33,-64.02
pH1,4/7/26 1:23,7.98,23.33,-64
pH1,4/7/26 1:24,7.98,23.33,-63.99
pH1,4/7/26 1:25,7.98,23.33,-63.97
pH1,4/7/26 1:26,7.98,23.33,-63.99
pH1,4/7/26 1:27,7.98,23.33,-63.97
pH1,4/7/26 1:28,7.98,23.33,-63.96
pH1,4/7/26 1:29,7.98,23.33,-63.96
pH1,4/7/26 1:30,7.98,23.33,-63.94
pH1,4/7/26 1:31,7.98,23.33,-63.94
pH1,4/7/26 1:32,7.98,23.33,-63.92
pH1,4/7/26 1:33,7.98,23.3,-63.94
pH1,4/7/26 1:34,7.98,23.3,-63.91
pH1,4/7/26 1:35,7.98,23.3,-63.89
pH1,4/7/26 1:36,7.98,23.3,-63.89
pH1,4/7/26 1:37,7.98,23.3,-63.89
pH1,4/7/26 1:38,7.98,23.3,-63.91
pH1,4/7/26 1:39,7.98,23.3,-63.88
pH1,4/7/26 1:40,7.98,23.3,-63.86
pH1,4/7/26 1:41,7.98,23.3,-63.85
pH1,4/7/26 1:42,7.98,23.3,-63.83
pH1,4/7/26 1:43,7.98,23.28,-63.85
pH1,4/7/26 1:44,7.98,23.28,-63.83
pH1,4/7/26 1:45,7.98,23.28,-63.81
pH1,4/7/26 1:46,7.98,23.28,-63.8
pH1,4/7/26 1:47,7.98,23.28,-63.8
pH1,4/7/26 1:48,7.98,23.28,-63.81
pH1,4/7/26 1:49,7.98,23.28,-63.81
pH1,4/7/26 1:50,7.98,23.28,-63.8
pH1,4/7/26 1:51,7.98,23.28,-63.77
pH1,4/7/26 1:52,7.98,23.28,-63.78
pH1,4/7/26 1:53,7.98,23.28,-63.75
pH1,4/7/26 1:54,7.98,23.26,-63.75
pH1,4/7/26 1:55,7.98,23.26,-63.75
pH1,4/7/26 1:56,7.98,23.26,-63.74
pH1,4/7/26 1:57,7.98,23.26,-63.74
pH1,4/7/26 1:58,7.98,23.26,-63.74
pH1,4/7/26 1:59,7.98,23.26,-63.72
pH1,4/7/26 2:00,7.98,23.26,-63.72
pH1,4/7/26 2:01,7.98,23.26,-63.71
pH1,4/7/26 2:02,7.98,23.26,-63.69
pH1,4/7/26 2:03,7.98,23.23,-63.71
pH1,4/7/26 2:04,7.98,23.23,-63.71
pH1,4/7/26 2:05,7.98,23.23,-63.72
pH1,4/7/26 2:06,7.98,23.23,-63.71
pH1,4/7/26 2:07,7.98,23.23,-63.67
pH1,4/7/26 2:08,7.98,23.23,-63.69
pH1,4/7/26 2:09,7.98,23.23,-63.67
pH1,4/7/26 2:10,7.98,23.21,-63.67
pH1,4/7/26 2:11,7.98,23.21,-63.67
pH1,4/7/26 2:12,7.98,23.21,-63.67
pH1,4/7/26 2:13,7.98,23.21,-63.66
pH1,4/7/26 2:14,7.98,23.21,-63.66
pH1,4/7/26 2:15,7.98,23.21,-63.66
pH1,4/7/26 2:16,7.98,23.21,-63.66
pH1,4/7/26 2:17,7.98,23.21,-63.64
pH1,4/7/26 2:18,7.98,23.18,-63.64
pH1,4/7/26 2:19,7.98,23.18,-63.63
pH1,4/7/26 2:20,7.98,23.18,-63.61
pH1,4/7/26 2:21,7.98,23.18,-63.63
pH1,4/7/26 2:22,7.98,23.18,-63.61
pH1,4/7/26 2:23,7.98,23.18,-63.61
pH1,4/7/26 2:24,7.98,23.18,-63.61
pH1,4/7/26 2:25,7.98,23.18,-63.58
pH1,4/7/26 2:26,7.98,23.16,-63.6
pH1,4/7/26 2:27,7.98,23.16,-63.6
pH1,4/7/26 2:28,7.98,23.16,-63.58
pH1,4/7/26 2:29,7.98,23.16,-63.58
pH1,4/7/26 2:30,7.98,23.16,-63.56
pH1,4/7/26 2:31,7.98,23.16,-63.58
pH1,4/7/26 2:32,7.98,23.16,-63.55
pH1,4/7/26 2:33,7.98,23.16,-63.56
pH1,4/7/26 2:34,7.98,23.14,-63.56
pH1,4/7/26 2:35,7.98,23.14,-63.55
pH1,4/7/26 2:36,7.98,23.14,-63.56
pH1,4/7/26 2:37,7.98,23.14,-63.53
pH1,4/7/26 2:38,7.97,23.14,-63.52
pH1,4/7/26 2:39,7.97,23.14,-63.52
pH1,4/7/26 2:40,7.97,23.14,-63.52
pH1,4/7/26 2:41,7.97,23.11,-63.52
pH1,4/7/26 2:42,7.97,23.11,-63.52
pH1,4/7/26 2:43,7.97,23.11,-63.5
pH1,4/7/26 2:44,7.97,23.11,-63.52
pH1,4/7/26 2:45,7.97,23.11,-63.49
pH1,4/7/26 2:46,7.97,23.11,-63.5
pH1,4/7/26 2:47,7.97,23.11,-63.5
pH1,4/7/26 2:48,7.97,23.09,-63.49
pH1,4/7/26 2:49,7.97,23.09,-63.49
pH1,4/7/26 2:50,7.97,23.09,-63.47
pH1,4/7/26 2:51,7.97,23.09,-63.46
pH1,4/7/26 2:52,7.97,23.09,-63.47
pH1,4/7/26 2:53,7.97,23.09,-63.47
pH1,4/7/26 2:54,7.97,23.09,-63.46
pH1,4/7/26 2:55,7.97,23.06,-63.47
pH1,4/7/26 2:56,7.97,23.06,-63.44
pH1,4/7/26 2:57,7.97,23.06,-63.42
pH1,4/7/26 2:58,7.97,23.06,-63.42
pH1,4/7/26 2:59,7.97,23.06,-63.44
pH1,4/7/26 3:00,7.97,23.06,-63.44
pH1,4/7/26 3:01,7.97,23.06,-63.42
pH1,4/7/26 3:02,7.97,23.04,-63.42
pH1,4/7/26 3:03,7.97,23.04,-63.42
pH1,4/7/26 3:04,7.97,23.04,-63.41
pH1,4/7/26 3:05,7.97,23.04,-63.42
pH1,4/7/26 3:06,7.97,23.04,-63.41
pH1,4/7/26 3:07,7.97,23.04,-63.39
pH1,4/7/26 3:08,7.97,23.04,-63.38
pH1,4/7/26 3:09,7.97,23.02,-63.38
pH1,4/7/26 3:10,7.97,23.02,-63.41
pH1,4/7/26 3:11,7.97,23.02,-63.39
pH1,4/7/26 3:12,7.97,23.02,-63.39
pH1,4/7/26 3:13,7.97,23.02,-63.39
pH1,4/7/26 3:14,7.97,23.02,-63.38
pH1,4/7/26 3:15,7.97,23.02,-63.36
pH1,4/7/26 3:16,7.97,22.99,-63.38
pH1,4/7/26 3:17,7.97,22.99,-63.36
pH1,4/7/26 3:18,7.97,22.99,-63.38
pH1,4/7/26 3:19,7.97,22.99,-63.38
pH1,4/7/26 3:20,7.97,22.99,-63.35
pH1,4/7/26 3:21,7.97,22.99,-63.36
pH1,4/7/26 3:22,7.97,22.99,-63.36
pH1,4/7/26 3:23,7.97,22.99,-63.35
pH1,4/7/26 3:24,7.97,22.97,-63.33
pH1,4/7/26 3:25,7.97,22.97,-63.35
pH1,4/7/26 3:26,7.97,22.97,-63.33
pH1,4/7/26 3:27,7.97,22.97,-63.33
pH1,4/7/26 3:28,7.97,22.97,-63.31
pH1,4/7/26 3:29,7.97,22.97,-63.33
pH1,4/7/26 3:30,7.97,22.97,-63.33
pH1,4/7/26 3:31,7.97,22.94,-63.33
pH1,4/7/26 3:32,7.97,22.94,-63.3
pH1,4/7/26 3:33,7.97,22.94,-63.33
pH1,4/7/26 3:34,7.97,22.94,-63.31
pH1,4/7/26 3:35,7.97,22.94,-63.31
pH1,4/7/26 3:36,7.97,22.94,-63.31
pH1,4/7/26 3:37,7.97,22.94,-63.3
pH1,4/7/26 3:38,7.97,22.94,-63.3
pH1,4/7/26 3:39,7.97,22.92,-63.3
pH1,4/7/26 3:40,7.97,22.92,-63.3
pH1,4/7/26 3:41,7.97,22.92,-63.3
pH1,4/7/26 3:42,7.97,22.92,-63.3
pH1,4/7/26 3:43,7.97,22.92,-63.28
pH1,4/7/26 3:44,7.97,22.92,-63.28
pH1,4/7/26 3:45,7.97,22.92,-63.28
pH1,4/7/26 3:46,7.97,22.92,-63.24
pH1,4/7/26 3:47,7.97,22.9,-63.28
pH1,4/7/26 3:48,7.97,22.9,-63.28
pH1,4/7/26 3:49,7.97,22.9,-63.28
pH1,4/7/26 3:50,7.97,22.9,-63.27
pH1,4/7/26 3:51,7.97,22.9,-63.25
pH1,4/7/26 3:52,7.97,22.9,-63.27
pH1,4/7/26 3:53,7.97,22.9,-63.27
pH1,4/7/26 3:54,7.97,22.9,-63.27
pH1,4/7/26 3:55,7.97,22.9,-63.28
pH1,4/7/26 3:56,7.97,22.9,-63.25
pH1,4/7/26 3:57,7.97,22.9,-63.25
pH1,4/7/26 3:58,7.97,22.9,-63.25
pH1,4/7/26 3:59,7.97,22.9,-63.25
pH1,4/7/26 4:00,7.97,22.9,-63.25
pH1,4/7/26 4:01,7.97,22.9,-63.25
pH1,4/7/26 4:02,7.97,22.9,-63.27
pH1,4/7/26 4:03,7.97,22.9,-63.25
pH1,4/7/26 4:04,7.97,22.87,-63.27
pH1,4/7/26 4:05,7.97,22.87,-63.25
pH1,4/7/26 4:06,7.97,22.87,-63.25
pH1,4/7/26 4:07,7.97,22.87,-63.25
pH1,4/7/26 4:08,7.97,22.87,-63.24
pH1,4/7/26 4:09,7.97,22.87,-63.22
pH1,4/7/26 4:10,7.97,22.87,-63.24
pH1,4/7/26 4:11,7.97,22.87,-63.22
pH1,4/7/26 4:12,7.97,22.87,-63.24
pH1,4/7/26 4:13,7.97,22.87,-63.25
pH1,4/7/26 4:14,7.97,22.87,-63.25
pH1,4/7/26 4:15,7.97,22.87,-63.24
pH1,4/7/26 4:16,7.97,22.87,-63.25
pH1,4/7/26 4:17,7.97,22.87,-63.24
pH1,4/7/26 4:18,7.97,22.85,-63.25
pH1,4/7/26 4:19,7.97,22.85,-63.25
pH1,4/7/26 4:20,7.97,22.85,-63.24
pH1,4/7/26 4:21,7.97,22.85,-63.25
pH1,4/7/26 4:22,7.97,22.85,-63.24
pH1,4/7/26 4:23,7.97,22.85,-63.24
pH1,4/7/26 4:24,7.97,22.85,-63.24
pH1,4/7/26 4:25,7.97,22.85,-63.22
pH1,4/7/26 4:26,7.97,22.85,-63.24
pH1,4/7/26 4:27,7.97,22.85,-63.24
pH1,4/7/26 4:28,7.97,22.85,-63.22
pH1,4/7/26 4:29,7.97,22.85,-63.24
pH1,4/7/26 4:30,7.97,22.85,-63.22
pH1,4/7/26 4:31,7.97,22.85,-63.25
pH1,4/7/26 4:32,7.97,22.85,-63.24
pH1,4/7/26 4:33,7.97,22.85,-63.22
pH1,4/7/26 4:34,7.97,22.85,-63.22
pH1,4/7/26 4:35,7.97,22.85,-63.24
pH1,4/7/26 4:36,7.97,22.82,-63.24
pH1,4/7/26 4:37,7.97,22.82,-63.25
pH1,4/7/26 4:38,7.97,22.82,-63.24
pH1,4/7/26 4:39,7.97,22.82,-63.24
pH1,4/7/26 4:40,7.97,22.82,-63.24
pH1,4/7/26 4:41,7.97,22.82,-63.22
pH1,4/7/26 4:42,7.97,22.82,-63.24
pH1,4/7/26 4:43,7.97,22.82,-63.22
pH1,4/7/26 4:44,7.97,22.82,-63.22
pH1,4/7/26 4:45,7.97,22.82,-63.24
pH1,4/7/26 4:46,7.97,22.82,-63.24
pH1,4/7/26 4:47,7.97,22.82,-63.24
pH1,4/7/26 4:48,7.97,22.82,-63.25
pH1,4/7/26 4:49,7.97,22.82,-63.22
pH1,4/7/26 4:50,7.97,22.82,-63.22
pH1,4/7/26 4:51,7.97,22.82,-63.24
pH1,4/7/26 4:52,7.97,22.82,-63.24
pH1,4/7/26 4:53,7.97,22.82,-63.24
pH1,4/7/26 4:54,7.97,22.82,-63.21
pH1,4/7/26 4:55,7.97,22.82,-63.21
pH1,4/7/26 4:56,7.97,22.82,-63.22
pH1,4/7/26 4:57,7.97,22.8,-63.21
pH1,4/7/26 4:58,7.97,22.8,-63.24
pH1,4/7/26 4:59,7.97,22.8,-63.19
pH1,4/7/26 5:00,7.97,22.8,-63.21
pH1,4/7/26 5:01,7.97,22.8,-63.21
pH1,4/7/26 5:02,7.97,22.8,-63.21
pH1,4/7/26 5:03,7.97,22.8,-63.22
pH1,4/7/26 5:04,7.97,22.8,-63.22
pH1,4/7/26 5:05,7.97,22.8,-63.19
pH1,4/7/26 5:06,7.97,22.8,-63.21
pH1,4/7/26 5:07,7.97,22.8,-63.19
pH1,4/7/26 5:08,7.97,22.8,-63.19
pH1,4/7/26 5:09,7.97,22.8,-63.19
pH1,4/7/26 5:10,7.97,22.8,-63.17
pH1,4/7/26 5:11,7.97,22.8,-63.21
pH1,4/7/26 5:12,7.97,22.8,-63.17
pH1,4/7/26 5:13,7.97,22.8,-63.21
pH1,4/7/26 5:14,7.97,22.8,-63.19
pH1,4/7/26 5:15,7.97,22.8,-63.21
pH1,4/7/26 5:16,7.97,22.8,-63.19
pH1,4/7/26 5:17,7.97,22.8,-63.19
pH1,4/7/26 5:18,7.97,22.8,-63.19
pH1,4/7/26 5:19,7.97,22.8,-63.21
pH1,4/7/26 5:20,7.97,22.8,-63.19
pH1,4/7/26 5:21,7.97,22.8,-63.19
pH1,4/7/26 5:22,7.97,22.8,-63.19
pH1,4/7/26 5:23,7.97,22.8,-63.16
pH1,4/7/26 5:24,7.97,22.8,-63.17
pH1,4/7/26 5:25,7.97,22.8,-63.17
pH1,4/7/26 5:26,7.97,22.8,-63.17
pH1,4/7/26 5:27,7.97,22.8,-63.14
pH1,4/7/26 5:28,7.97,22.8,-63.16
pH1,4/7/26 5:29,7.97,22.8,-63.16
pH1,4/7/26 5:30,7.97,22.8,-63.16
pH1,4/7/26 5:31,7.97,22.8,-63.16
pH1,4/7/26 5:32,7.97,22.8,-63.14
pH1,4/7/26 5:33,7.97,22.8,-63.16
pH1,4/7/26 5:34,7.97,22.8,-63.14
pH1,4/7/26 5:35,7.97,22.8,-63.14
pH1,4/7/26 5:36,7.97,22.8,-63.14
pH1,4/7/26 5:37,7.97,22.8,-63.13
pH1,4/7/26 5:38,7.97,22.8,-63.13
pH1,4/7/26 5:39,7.97,22.8,-63.11
pH1,4/7/26 5:40,7.97,22.8,-63.14
pH1,4/7/26 5:41,7.97,22.8,-63.11
pH1,4/7/26 5:42,7.97,22.8,-63.14
pH1,4/7/26 5:43,7.97,22.8,-63.13
pH1,4/7/26 5:44,7.97,22.8,-63.11
pH1,4/7/26 5:45,7.97,22.8,-63.13
pH1,4/7/26 5:46,7.97,22.8,-63.11
pH1,4/7/26 5:47,7.97,22.8,-63.13
pH1,4/7/26 5:48,7.97,22.8,-63.13
pH1,4/7/26 5:49,7.97,22.8,-63.13
pH1,4/7/26 5:50,7.97,22.8,-63.13
pH1,4/7/26 5:51,7.97,22.8,-63.11
pH1,4/7/26 5:52,7.97,22.78,-63.13
pH1,4/7/26 5:53,7.97,22.78,-63.1
pH1,4/7/26 5:54,7.97,22.78,-63.11
pH1,4/7/26 5:55,7.97,22.78,-63.11
pH1,4/7/26 5:56,7.97,22.78,-63.08
pH1,4/7/26 5:57,7.97,22.78,-63.11
pH1,4/7/26 5:58,7.97,22.78,-63.1
pH1,4/7/26 5:59,7.97,22.78,-63.1
pH1,4/7/26 6:00,7.97,22.78,-63.08
pH1,4/7/26 6:01,7.97,22.78,-63.08
pH1,4/7/26 6:02,7.97,22.78,-63.1
pH1,4/7/26 6:03,7.97,22.78,-63.1
pH1,4/7/26 6:04,7.97,22.78,-63.1
pH1,4/7/26 6:05,7.97,22.78,-63.1
pH1,4/7/26 6:06,7.97,22.78,-63.08
pH1,4/7/26 6:07,7.97,22.78,-63.08
pH1,4/7/26 6:08,7.97,22.78,-63.08
pH1,4/7/26 6:09,7.97,22.78,-63.08
pH1,4/7/26 6:10,7.97,22.78,-63.06
pH1,4/7/26 6:11,7.97,22.78,-63.1
pH1,4/7/26 6:12,7.97,22.78,-63.06
pH1,4/7/26 6:13,7.97,22.78,-63.08
pH1,4/7/26 6:14,7.97,22.78,-63.06
pH1,4/7/26 6:15,7.97,22.8,-63.08
pH1,4/7/26 6:16,7.97,22.8,-63.08
pH1,4/7/26 6:17,7.97,22.8,-63.03
pH1,4/7/26 6:18,7.97,22.8,-63.06
pH1,4/7/26 6:19,7.97,22.8,-63.06
pH1,4/7/26 6:20,7.97,22.8,-63.06
pH1,4/7/26 6:21,7.97,22.8,-63.06
pH1,4/7/26 6:22,7.97,22.8,-63.05
pH1,4/7/26 6:23,7.97,22.8,-63.03
pH1,4/7/26 6:24,7.97,22.8,-63.03
pH1,4/7/26 6:25,7.97,22.8,-62.99
pH1,4/7/26 6:26,7.97,22.82,-62.96
pH1,4/7/26 6:27,7.97,22.82,-62.99
pH1,4/7/26 6:28,7.97,22.82,-62.99
pH1,4/7/26 6:29,7.97,22.82,-62.96
pH1,4/7/26 6:30,7.97,22.82,-62.99
pH1,4/7/26 6:31,7.97,22.82,-62.97
pH1,4/7/26 6:32,7.97,22.82,-62.99
pH1,4/7/26 6:33,7.97,22.82,-62.99
pH1,4/7/26 6:34,7.97,22.85,-62.99
pH1,4/7/26 6:35,7.97,22.85,-62.97
pH1,4/7/26 6:36,7.97,22.85,-62.97
pH1,4/7/26 6:37,7.97,22.85,-62.99
pH1,4/7/26 6:38,7.97,22.85,-62.99
pH1,4/7/26 6:39,7.97,22.85,-63
pH1,4/7/26 6:40,7.97,22.85,-62.97
pH1,4/7/26 6:41,7.97,22.85,-62.99
pH1,4/7/26 6:42,7.97,22.87,-63
pH1,4/7/26 6:43,7.97,22.87,-62.99
pH1,4/7/26 6:44,7.97,22.87,-63
pH1,4/7/26 6:45,7.97,22.87,-62.97
pH1,4/7/26 6:46,7.97,22.87,-62.99
pH1,4/7/26 6:47,7.97,22.87,-63
pH1,4/7/26 6:48,7.97,22.87,-63.02
pH1,4/7/26 6:49,7.97,22.9,-63.03
pH1,4/7/26 6:50,7.97,22.9,-63.03
pH1,4/7/26 6:51,7.97,22.9,-63.03
pH1,4/7/26 6:52,7.97,22.9,-63.03
pH1,4/7/26 6:53,7.97,22.9,-63.05
pH1,4/7/26 6:54,7.97,22.9,-63.06
pH1,4/7/26 6:55,7.97,22.9,-63.06
pH1,4/7/26 6:56,7.97,22.92,-63.08
pH1,4/7/26 6:57,7.97,22.92,-63.08
pH1,4/7/26 6:58,7.97,22.92,-63.08
pH1,4/7/26 6:59,7.97,22.92,-63.1
pH1,4/7/26 7:00,7.97,22.92,-63.11
pH1,4/7/26 7:01,7.97,22.92,-63.11
pH1,4/7/26 7:02,7.97,22.94,-63.13
pH1,4/7/26 7:03,7.97,22.94,-63.14
pH1,4/7/26 7:04,7.97,22.94,-63.13
pH1,4/7/26 7:05,7.97,22.94,-63.14
pH1,4/7/26 7:06,7.97,22.94,-63.16
pH1,4/7/26 7:07,7.97,22.94,-63.16
pH1,4/7/26 7:08,7.97,22.97,-63.16
pH1,4/7/26 7:09,7.97,22.97,-63.19
pH1,4/7/26 7:10,7.97,22.97,-63.19
pH1,4/7/26 7:11,7.97,22.97,-63.19
pH1,4/7/26 7:12,7.97,22.97,-63.21
pH1,4/7/26 7:13,7.97,22.99,-63.21
pH1,4/7/26 7:14,7.97,22.99,-63.22
pH1,4/7/26 7:15,7.97,22.99,-63.24
pH1,4/7/26 7:16,7.97,22.99,-63.24
pH1,4/7/26 7:17,7.97,22.99,-63.25
pH1,4/7/26 7:18,7.97,23.02,-63.27
pH1,4/7/26 7:19,7.97,23.02,-63.28
pH1,4/7/26 7:20,7.97,23.02,-63.28
pH1,4/7/26 7:21,7.97,23.02,-63.28
pH1,4/7/26 7:22,7.97,23.02,-63.3
pH1,4/7/26 7:23,7.97,23.04,-63.31
pH1,4/7/26 7:24,7.97,23.04,-63.33
pH1,4/7/26 7:25,7.97,23.04,-63.31
pH1,4/7/26 7:26,7.97,23.04,-63.33
pH1,4/7/26 7:27,7.97,23.04,-63.33
pH1,4/7/26 7:28,7.97,23.04,-63.35
pH1,4/7/26 7:29,7.97,23.06,-63.36
pH1,4/7/26 7:30,7.97,23.06,-63.36
pH1,4/7/26 7:31,7.97,23.06,-63.41
pH1,4/7/26 7:32,7.97,23.06,-63.44
pH1,4/7/26 7:33,7.97,23.06,-63.47
pH1,4/7/26 7:34,7.97,23.09,-63.47
pH1,4/7/26 7:35,7.97,23.09,-63.46
pH1,4/7/26 7:36,7.97,23.09,-63.46
pH1,4/7/26 7:37,7.97,23.09,-63.46
pH1,4/7/26 7:38,7.97,23.11,-63.46
pH1,4/7/26 7:39,7.97,23.11,-63.49
pH1,4/7/26 7:40,7.97,23.11,-63.49
pH1,4/7/26 7:41,7.97,23.11,-63.5
pH1,4/7/26 7:42,7.98,23.14,-63.53
pH1,4/7/26 7:43,7.98,23.14,-63.56
pH1,4/7/26 7:44,7.98,23.14,-63.6
pH1,4/7/26 7:45,7.98,23.14,-63.61
pH1,4/7/26 7:46,7.98,23.16,-63.63
pH1,4/7/26 7:47,7.98,23.16,-63.67
pH1,4/7/26 7:48,7.98,23.16,-63.69
pH1,4/7/26 7:49,7.98,23.16,-63.66
pH1,4/7/26 7:50,7.98,23.18,-63.67
pH1,4/7/26 7:51,7.98,23.18,-63.67
pH1,4/7/26 7:52,7.98,23.18,-63.67
pH1,4/7/26 7:53,7.98,23.18,-63.67
pH1,4/7/26 7:54,7.98,23.21,-63.69
pH1,4/7/26 7:55,7.98,23.21,-63.71
pH1,4/7/26 7:56,7.98,23.21,-63.74
pH1,4/7/26 7:57,7.98,23.23,-63.74
pH1,4/7/26 7:58,7.98,23.23,-63.75
pH1,4/7/26 7:59,7.98,23.23,-63.8
pH1,4/7/26 8:00,7.98,23.23,-63.85
pH1,4/7/26 8:01,7.98,23.26,-63.86
pH1,4/7/26 8:02,7.98,23.26,-63.91
pH1,4/7/26 8:03,7.98,23.28,-63.96
pH1,4/7/26 8:04,7.98,23.28,-63.96
pH1,4/7/26 8:05,7.98,23.28,-64
pH1,4/7/26 8:06,7.98,23.3,-64.03
pH1,4/7/26 8:07,7.98,23.3,-64.03
pH1,4/7/26 8:08,7.98,23.33,-63.99
pH1,4/7/26 8:09,7.98,23.33,-63.97
pH1,4/7/26 8:10,7.98,23.35,-63.96
pH1,4/7/26 8:11,7.98,23.35,-63.99
pH1,4/7/26 8:12,7.98,23.38,-64
pH1,4/7/26 8:13,7.98,23.38,-63.99
pH1,4/7/26 8:14,7.98,23.4,-64.03
pH1,4/7/26 8:15,7.98,23.4,-64.05
pH1,4/7/26 8:16,7.98,23.42,-64.08
pH1,4/7/26 8:17,7.98,23.42,-64.11
pH1,4/7/26 8:18,7.98,23.45,-64.13
pH1,4/7/26 8:19,7.98,23.45,-64.14
pH1,4/7/26 8:20,7.98,23.47,-64.13
pH1,4/7/26 8:21,7.98,23.5,-64.14
pH1,4/7/26 8:22,7.98,23.5,-64.14
pH1,4/7/26 8:23,7.99,23.52,-64.17
pH1,4/7/26 8:24,7.98,23.54,-64.17
pH1,4/7/26 8:25,7.99,23.54,-64.19
pH1,4/7/26 8:26,7.99,23.57,-64.21
pH1,4/7/26 8:27,7.99,23.59,-64.22
pH1,4/7/26 8:28,7.99,23.59,-64.24
pH1,4/7/26 8:29,7.99,23.62,-64.25
pH1,4/7/26 8:30,7.99,23.64,-64.27
pH1,4/7/26 8:31,7.99,23.64,-64.3
pH1,4/7/26 8:32,7.99,23.66,-64.31
pH1,4/7/26 8:33,7.99,23.66,-64.35
pH1,4/7/26 8:34,7.99,23.69,-64.36
pH1,4/7/26 8:35,7.99,23.71,-64.39
pH1,4/7/26 8:36,7.99,23.74,-64.41
pH1,4/7/26 8:37,7.99,23.74,-64.42
pH1,4/7/26 8:38,7.99,23.76,-64.46
pH1,4/7/26 8:39,7.99,23.79,-64.49
pH1,4/7/26 8:40,7.99,23.79,-64.52
pH1,4/7/26 8:41,7.99,23.81,-64.6
pH1,4/7/26 8:42,7.99,23.83,-64.61
pH1,4/7/26 8:43,7.99,23.83,-64.64
pH1,4/7/26 8:44,7.99,23.86,-64.72
pH1,4/7/26 8:45,7.99,23.88,-64.74
pH1,4/7/26 8:46,8,23.88,-64.86
pH1,4/7/26 8:47,8,23.91,-64.96
pH1,4/7/26 8:48,8,23.93,-65.06
pH1,4/7/26 8:49,8,23.93,-65.02
pH1,4/7/26 8:50,8,23.95,-65.1
pH1,4/7/26 8:51,8,23.98,-65.11
pH1,4/7/26 8:52,8,23.98,-64.97
pH1,4/7/26 8:53,8,24,-65.22
pH1,4/7/26 8:54,8,24.03,-65
pH1,4/7/26 8:55,8,24.03,-65.35
pH1,4/7/26 8:56,8,24.05,-65.41
pH1,4/7/26 8:57,8,24.05,-64.92
pH1,4/7/26 8:58,8,24.07,-65.19
pH1,4/7/26 8:59,8,24.07,-65.31
pH1,4/7/26 9:00,8.01,24.1,-65.5
pH1,4/7/26 9:01,8.01,24.12,-65.53
pH1,4/7/26 9:02,8.01,24.12,-65.71
pH1,4/7/26 9:03,8.01,24.15,-65.88
pH1,4/7/26 9:04,8.01,24.17,-65.58
pH1,4/7/26 9:05,8.01,24.19,-65.71
pH1,4/7/26 9:06,8.01,24.22,-65.6
pH1,4/7/26 9:07,8,24.22,-65.42
pH1,4/7/26 9:08,8.01,24.24,-65.6
pH1,4/7/26 9:09,8.01,24.24,-65.77
pH1,4/7/26 9:10,8.01,24.27,-65.81
pH1,4/7/26 9:11,8.01,24.29,-65.85
pH1,4/7/26 9:12,8.01,24.29,-65.75
pH1,4/7/26 9:13,8.01,24.32,-65.53
pH1,4/7/26 9:14,8.01,24.32,-65.49
pH1,4/7/26 9:15,8.01,24.34,-65.94
pH1,4/7/26 9:16,8.01,24.34,-65.8
pH1,4/7/26 9:17,8.02,24.36,-66.17
pH1,4/7/26 9:18,8.01,24.36,-65.77
pH1,4/7/26 9:19,8.01,24.39,-65.61
pH1,4/7/26 9:20,8.01,24.39,-65.55
pH1,4/7/26 9:21,8.01,24.41,-65.56
pH1,4/7/26 9:22,8.01,24.41,-65.56
pH1,4/7/26 9:23,8.01,24.41,-65.61
pH1,4/7/26 9:24,8.01,24.44,-65.63
pH1,4/7/26 9:25,8.01,24.44,-65.71
pH1,4/7/26 9:26,8.01,24.44,-65.78
pH1,4/7/26 9:27,8.01,24.46,-65.81
pH1,4/7/26 9:28,8.01,24.46,-65.74
pH1,4/7/26 9:29,8.01,24.46,-65.64
pH1,4/7/26 9:30,8.01,24.48,-65.74
pH1,4/7/26 9:31,8.01,24.48,-65.75
pH1,4/7/26 9:32,8.01,24.48,-65.74
pH1,4/7/26 9:33,8.01,24.48,-65.72
pH1,4/7/26 9:34,8.01,24.48,-65.74
pH1,4/7/26 9:35,8.01,24.48,-65.83
pH1,4/7/26 9:36,8.01,24.51,-65.83
pH1,4/7/26 9:37,8.01,24.51,-65.88
pH1,4/7/26 9:38,8.01,24.51,-66.06
pH1,4/7/26 9:39,8.02,24.51,-66.17
pH1,4/7/26 9:40,8.02,24.51,-66.24
pH1,4/7/26 9:41,8.02,24.53,-66.36
pH1,4/7/26 9:42,7.61,26.13,-42.7
pH1,4/7/26 9:43,7.6,26.7,-42.58
pH1,4/7/26 9:44,7.64,26.77,-44.53
pH1,4/7/26 9:45,7.64,26.74,-44.92
pH1,4/7/26 9:46,7.64,26.79,-44.92
pH1,4/7/26 9:47,7.64,26.82,-44.81
pH1,4/7/26 9:48,7.64,26.79,-44.89
pH1,4/7/26 9:49,7.64,26.77,-44.89
pH1,4/7/26 9:50,7.64,26.74,-44.88
pH1,4/7/26 9:51,7.64,26.72,-44.88
pH1,4/7/26 9:52,7.64,26.7,-44.89
pH1,4/7/26 9:53,7.64,26.67,-44.92
pH1,4/7/26 9:54,7.64,26.65,-44.91
pH1,4/7/26 9:55,7.64,26.6,-44.91
pH1,4/7/26 9:56,7.64,26.57,-44.89
pH1,4/7/26 9:57,7.68,26.38,-47.22
pH1,4/7/26 9:58,7.83,25.82,-55.6